   1.5381945E+03   1.6650000E+03   0.0000000E+00   0.0000000E+00   0.0000000E+00
   1.5382021E+03   1.6830000E+03   0.0000000E+00   0.0000000E+00   0.0000000E+00
   1.5382096E+03   1.6170000E+03   0.0000000E+00   0.0000000E+00   0.0000000E+00
   1.5382171E+03   1.6650000E+03   0.0000000E+00   0.0000000E+00   0.0000000E+00
   1.5382246E+03   1.6530000E+03   0.0000000E+00   0.0000000E+00   0.0000000E+00
   1.5382322E+03   1.7460000E+03   0.0000000E+00   0.0000000E+00   0.0000000E+00
   1.5382397E+03   1.7470000E+03   0.0000000E+00   0.0000000E+00   0.0000000E+00
   1.5382472E+03   1.6760000E+03   0.0000000E+00   0.0000000E+00   0.0000000E+00
   1.5382548E+03   1.6970000E+03   0.0000000E+00   0.0000000E+00   0.0000000E+00
   1.5382623E+03   1.7190000E+03   0.0000000E+00   0.0000000E+00   0.0000000E+00
   1.5382698E+03   1.6980000E+03   0.0000000E+00   0.0000000E+00   0.0000000E+00
   1.5382773E+03   1.6980000E+03   0.0000000E+00   0.0000000E+00   0.0000000E+00
   1.5382849E+03   1.7150000E+03   0.0000000E+00   0.0000000E+00   0.0000000E+00
   1.5382924E+03   1.7550000E+03   0.0000000E+00   0.0000000E+00   0.0000000E+00
   1.5382999E+03   1.7520000E+03   0.0000000E+00   0.0000000E+00   0.0000000E+00
   1.5383075E+03   1.6010000E+03   0.0000000E+00   0.0000000E+00   0.0000000E+00
   1.5383150E+03   1.7630000E+03   0.0000000E+00   0.0000000E+00   0.0000000E+00
   1.5383225E+03   1.6650000E+03   0.0000000E+00   0.0000000E+00   0.0000000E+00
   1.5383300E+03   1.7490000E+03   0.0000000E+00   0.0000000E+00   0.0000000E+00
   1.5383376E+03   1.6350000E+03   0.0000000E+00   0.0000000E+00   0.0000000E+00
   1.5383451E+03   1.6940000E+03   0.0000000E+00   0.0000000E+00   0.0000000E+00
   1.5383526E+03   1.6920000E+03   0.0000000E+00   0.0000000E+00   0.0000000E+00
   1.5383602E+03   1.7420000E+03   0.0000000E+00   0.0000000E+00   0.0000000E+00
   1.5383677E+03   1.6150000E+03   0.0000000E+00   0.0000000E+00   0.0000000E+00
   1.5383752E+03   1.6320000E+03   0.0000000E+00   0.0000000E+00   0.0000000E+00
   1.5383827E+03   1.6980000E+03   0.0000000E+00   0.0000000E+00   0.0000000E+00
   1.5383903E+03   1.6130000E+03   0.0000000E+00   0.0000000E+00   0.0000000E+00
   1.5383978E+03   1.6790000E+03   0.0000000E+00   0.0000000E+00   0.0000000E+00
   1.5384053E+03   1.7480000E+03   0.0000000E+00   0.0000000E+00   0.0000000E+00
   1.5384128E+03   1.6600000E+03   0.0000000E+00   0.0000000E+00   0.0000000E+00
   1.5384204E+03   1.6730000E+03   0.0000000E+00   0.0000000E+00   0.0000000E+00
   1.5384279E+03   1.7400000E+03   0.0000000E+00   0.0000000E+00   0.0000000E+00
   1.5384354E+03   1.7000000E+03   0.0000000E+00   0.0000000E+00   0.0000000E+00
   1.5384430E+03   1.7360000E+03   0.0000000E+00   0.0000000E+00   0.0000000E+00
   1.5384505E+03   1.7210000E+03   0.0000000E+00   0.0000000E+00   0.0000000E+00
   1.5384580E+03   1.7330000E+03   0.0000000E+00   0.0000000E+00   0.0000000E+00
   1.5384655E+03   1.6570000E+03   0.0000000E+00   0.0000000E+00   0.0000000E+00
   1.5384731E+03   1.7680000E+03   0.0000000E+00   0.0000000E+00   0.0000000E+00
   1.5384806E+03   1.7980000E+03   0.0000000E+00   0.0000000E+00   0.0000000E+00
   1.5384881E+03   1.8150000E+03   0.0000000E+00   0.0000000E+00   0.0000000E+00
   1.5384957E+03   1.6710000E+03   0.0000000E+00   0.0000000E+00   0.0000000E+00
   1.5385032E+03   1.6960000E+03   0.0000000E+00   0.0000000E+00   0.0000000E+00
   1.5385107E+03   1.6990000E+03   0.0000000E+00   0.0000000E+00   0.0000000E+00
   1.5385182E+03   1.7840000E+03   0.0000000E+00   0.0000000E+00   0.0000000E+00
   1.5385258E+03   1.7960000E+03   0.0000000E+00   0.0000000E+00   0.0000000E+00
   1.5385333E+03   1.7050000E+03   0.0000000E+00   0.0000000E+00   0.0000000E+00
   1.5385408E+03   1.7410000E+03   0.0000000E+00   0.0000000E+00   0.0000000E+00
   1.5385484E+03   1.7000000E+03   0.0000000E+00   0.0000000E+00   0.0000000E+00
   1.5385559E+03   1.7360000E+03   0.0000000E+00   0.0000000E+00   0.0000000E+00
   1.5385634E+03   1.7250000E+03   0.0000000E+00   0.0000000E+00   0.0000000E+00
   1.5385709E+03   1.7840000E+03   0.0000000E+00   0.0000000E+00   0.0000000E+00
   1.5385785E+03   1.7230000E+03   0.0000000E+00   0.0000000E+00   0.0000000E+00
   1.5385860E+03   1.7130000E+03   0.0000000E+00   0.0000000E+00   0.0000000E+00
   1.5385935E+03   1.7550000E+03   0.0000000E+00   0.0000000E+00   0.0000000E+00
   1.5386011E+03   1.6200000E+03   0.0000000E+00   0.0000000E+00   0.0000000E+00
   1.5386086E+03   1.7670000E+03   0.0000000E+00   0.0000000E+00   0.0000000E+00
   1.5386161E+03   1.7230000E+03   0.0000000E+00   0.0000000E+00   0.0000000E+00
   1.5386236E+03   1.7560000E+03   0.0000000E+00   0.0000000E+00   0.0000000E+00
   1.5386312E+03   1.7760000E+03   0.0000000E+00   0.0000000E+00   0.0000000E+00
   1.5386387E+03   1.7110000E+03   0.0000000E+00   0.0000000E+00   0.0000000E+00
   1.5386462E+03   1.6900000E+03   0.0000000E+00   0.0000000E+00   0.0000000E+00
   1.5386538E+03   1.7810000E+03   0.0000000E+00   0.0000000E+00   0.0000000E+00
   1.5386613E+03   1.7460000E+03   0.0000000E+00   0.0000000E+00   0.0000000E+00
   1.5386688E+03   1.6870000E+03   0.0000000E+00   0.0000000E+00   0.0000000E+00
   1.5386763E+03   1.8130000E+03   0.0000000E+00   0.0000000E+00   0.0000000E+00
   1.5386839E+03   1.7310000E+03   0.0000000E+00   0.0000000E+00   0.0000000E+00
   1.5386914E+03   1.8020000E+03   0.0000000E+00   0.0000000E+00   0.0000000E+00
   1.5386989E+03   1.7100000E+03   0.0000000E+00   0.0000000E+00   0.0000000E+00
   1.5387065E+03   1.6830000E+03   0.0000000E+00   0.0000000E+00   0.0000000E+00
   1.5387140E+03   1.7720000E+03   0.0000000E+00   0.0000000E+00   0.0000000E+00
   1.5387215E+03   1.8240000E+03   0.0000000E+00   0.0000000E+00   0.0000000E+00
   1.5387290E+03   1.7480000E+03   0.0000000E+00   0.0000000E+00   0.0000000E+00
   1.5387366E+03   1.7540000E+03   0.0000000E+00   0.0000000E+00   0.0000000E+00
   1.5387441E+03   1.7660000E+03   0.0000000E+00   0.0000000E+00   0.0000000E+00
   1.5387516E+03   1.7610000E+03   0.0000000E+00   0.0000000E+00   0.0000000E+00
   1.5387592E+03   1.8160000E+03   0.0000000E+00   0.0000000E+00   0.0000000E+00
   1.5387667E+03   1.7640000E+03   0.0000000E+00   0.0000000E+00   0.0000000E+00
   1.5387742E+03   1.7790000E+03   0.0000000E+00   0.0000000E+00   0.0000000E+00
   1.5387817E+03   1.7780000E+03   0.0000000E+00   0.0000000E+00   0.0000000E+00
   1.5387893E+03   1.7550000E+03   0.0000000E+00   0.0000000E+00   0.0000000E+00
   1.5387968E+03   1.7870000E+03   0.0000000E+00   0.0000000E+00   0.0000000E+00
   1.5388043E+03   1.7710000E+03   0.0000000E+00   0.0000000E+00   0.0000000E+00
   1.5388119E+03   1.8200000E+03   0.0000000E+00   0.0000000E+00   0.0000000E+00
   1.5388194E+03   1.8360000E+03   0.0000000E+00   0.0000000E+00   0.0000000E+00
   1.5388269E+03   1.7400000E+03   0.0000000E+00   0.0000000E+00   0.0000000E+00
   1.5388344E+03   1.7410000E+03   0.0000000E+00   0.0000000E+00   0.0000000E+00
   1.5388420E+03   1.8220000E+03   0.0000000E+00   0.0000000E+00   0.0000000E+00
   1.5388495E+03   1.7760000E+03   0.0000000E+00   0.0000000E+00   0.0000000E+00
   1.5388570E+03   1.7650000E+03   0.0000000E+00   0.0000000E+00   0.0000000E+00
   1.5388646E+03   1.7950000E+03   0.0000000E+00   0.0000000E+00   0.0000000E+00
   1.5388721E+03   1.7690000E+03   0.0000000E+00   0.0000000E+00   0.0000000E+00
   1.5388796E+03   1.7660000E+03   0.0000000E+00   0.0000000E+00   0.0000000E+00
   1.5388871E+03   1.7190000E+03   0.0000000E+00   0.0000000E+00   0.0000000E+00
   1.5388947E+03   1.8310000E+03   0.0000000E+00   0.0000000E+00   0.0000000E+00
   1.5389022E+03   1.7960000E+03   0.0000000E+00   0.0000000E+00   0.0000000E+00
   1.5389097E+03   1.7920000E+03   0.0000000E+00   0.0000000E+00   0.0000000E+00
   1.5389172E+03   1.8030000E+03   0.0000000E+00   0.0000000E+00   0.0000000E+00
   1.5389248E+03   1.7080000E+03   0.0000000E+00   0.0000000E+00   0.0000000E+00
   1.5389323E+03   1.7840000E+03   0.0000000E+00   0.0000000E+00   0.0000000E+00
   1.5389398E+03   1.8270000E+03   0.0000000E+00   0.0000000E+00   0.0000000E+00
   1.5389474E+03   1.8200000E+03   0.0000000E+00   0.0000000E+00   0.0000000E+00
   1.5389549E+03   1.7630000E+03   0.0000000E+00   0.0000000E+00   0.0000000E+00
   1.5389624E+03   1.7830000E+03   0.0000000E+00   0.0000000E+00   0.0000000E+00
   1.5389699E+03   1.8300000E+03   0.0000000E+00   0.0000000E+00   0.0000000E+00
   1.5389775E+03   1.8470000E+03   0.0000000E+00   0.0000000E+00   0.0000000E+00
   1.5389850E+03   1.7980000E+03   0.0000000E+00   0.0000000E+00   0.0000000E+00
   1.5389925E+03   1.7770000E+03   0.0000000E+00   0.0000000E+00   0.0000000E+00
   1.5390001E+03   1.8000000E+03   0.0000000E+00   0.0000000E+00   0.0000000E+00
   1.5390076E+03   1.8270000E+03   0.0000000E+00   0.0000000E+00   0.0000000E+00
   1.5390151E+03   1.8570000E+03   0.0000000E+00   0.0000000E+00   0.0000000E+00
   1.5390226E+03   1.7760000E+03   0.0000000E+00   0.0000000E+00   0.0000000E+00
   1.5390302E+03   1.8490000E+03   0.0000000E+00   0.0000000E+00   0.0000000E+00
   1.5390377E+03   1.8150000E+03   0.0000000E+00   0.0000000E+00   0.0000000E+00
   1.5390452E+03   1.8750000E+03   0.0000000E+00   0.0000000E+00   0.0000000E+00
   1.5390528E+03   1.8810000E+03   0.0000000E+00   0.0000000E+00   0.0000000E+00
   1.5390603E+03   1.8790000E+03   0.0000000E+00   0.0000000E+00   0.0000000E+00
   1.5390678E+03   1.8470000E+03   0.0000000E+00   0.0000000E+00   0.0000000E+00
   1.5390753E+03   1.8280000E+03   0.0000000E+00   0.0000000E+00   0.0000000E+00
   1.5390829E+03   1.8200000E+03   0.0000000E+00   0.0000000E+00   0.0000000E+00
   1.5390904E+03   1.9210000E+03   0.0000000E+00   0.0000000E+00   0.0000000E+00
   1.5390979E+03   1.8460000E+03   0.0000000E+00   0.0000000E+00   0.0000000E+00
   1.5391055E+03   1.8420000E+03   0.0000000E+00   0.0000000E+00   0.0000000E+00
   1.5391130E+03   1.7840000E+03   0.0000000E+00   0.0000000E+00   0.0000000E+00
   1.5391205E+03   1.8590000E+03   0.0000000E+00   0.0000000E+00   0.0000000E+00
   1.5391280E+03   1.8090000E+03   0.0000000E+00   0.0000000E+00   0.0000000E+00
   1.5391356E+03   1.8320000E+03   0.0000000E+00   0.0000000E+00   0.0000000E+00
   1.5391431E+03   1.7870000E+03   0.0000000E+00   0.0000000E+00   0.0000000E+00
   1.5391506E+03   1.8310000E+03   0.0000000E+00   0.0000000E+00   0.0000000E+00
   1.5391582E+03   1.8050000E+03   0.0000000E+00   0.0000000E+00   0.0000000E+00
   1.5391657E+03   1.8670000E+03   0.0000000E+00   0.0000000E+00   0.0000000E+00
   1.5391732E+03   1.8130000E+03   0.0000000E+00   0.0000000E+00   0.0000000E+00
   1.5391807E+03   1.8020000E+03   0.0000000E+00   0.0000000E+00   0.0000000E+00
   1.5391883E+03   1.8690000E+03   0.0000000E+00   0.0000000E+00   0.0000000E+00
   1.5391958E+03   1.8840000E+03   0.0000000E+00   0.0000000E+00   0.0000000E+00
   1.5392033E+03   1.9240000E+03   0.0000000E+00   0.0000000E+00   0.0000000E+00
   1.5392109E+03   1.8430000E+03   0.0000000E+00   0.0000000E+00   0.0000000E+00
   1.5392184E+03   1.8270000E+03   0.0000000E+00   0.0000000E+00   0.0000000E+00
   1.5392259E+03   1.7880000E+03   0.0000000E+00   0.0000000E+00   0.0000000E+00
   1.5392334E+03   1.8470000E+03   0.0000000E+00   0.0000000E+00   0.0000000E+00
   1.5392410E+03   1.8450000E+03   0.0000000E+00   0.0000000E+00   0.0000000E+00
   1.5392485E+03   1.8090000E+03   0.0000000E+00   0.0000000E+00   0.0000000E+00
   1.5392560E+03   1.9210000E+03   0.0000000E+00   0.0000000E+00   0.0000000E+00
   1.5392636E+03   1.8690000E+03   0.0000000E+00   0.0000000E+00   0.0000000E+00
   1.5392711E+03   1.7780000E+03   0.0000000E+00   0.0000000E+00   0.0000000E+00
   1.5392786E+03   1.8790000E+03   0.0000000E+00   0.0000000E+00   0.0000000E+00
   1.5392861E+03   1.7980000E+03   0.0000000E+00   0.0000000E+00   0.0000000E+00
   1.5392937E+03   1.8770000E+03   0.0000000E+00   0.0000000E+00   0.0000000E+00
   1.5393012E+03   1.8430000E+03   0.0000000E+00   0.0000000E+00   0.0000000E+00
   1.5393087E+03   1.8750000E+03   0.0000000E+00   0.0000000E+00   0.0000000E+00
   1.5393162E+03   1.8540000E+03   0.0000000E+00   0.0000000E+00   0.0000000E+00
   1.5393238E+03   1.8580000E+03   0.0000000E+00   0.0000000E+00   0.0000000E+00
   1.5393313E+03   1.8740000E+03   0.0000000E+00   0.0000000E+00   0.0000000E+00
   1.5393388E+03   1.9080000E+03   0.0000000E+00   0.0000000E+00   0.0000000E+00
   1.5393464E+03   1.8580000E+03   0.0000000E+00   0.0000000E+00   0.0000000E+00
   1.5393539E+03   1.8960000E+03   0.0000000E+00   0.0000000E+00   0.0000000E+00
   1.5393614E+03   1.7850000E+03   0.0000000E+00   0.0000000E+00   0.0000000E+00
   1.5393689E+03   1.8180000E+03   0.0000000E+00   0.0000000E+00   0.0000000E+00
   1.5393765E+03   1.8680000E+03   0.0000000E+00   0.0000000E+00   0.0000000E+00
   1.5393840E+03   1.8140000E+03   0.0000000E+00   0.0000000E+00   0.0000000E+00
   1.5393915E+03   1.9210000E+03   0.0000000E+00   0.0000000E+00   0.0000000E+00
   1.5393991E+03   1.8910000E+03   0.0000000E+00   0.0000000E+00   0.0000000E+00
   1.5394066E+03   1.8260000E+03   0.0000000E+00   0.0000000E+00   0.0000000E+00
   1.5394141E+03   1.9340000E+03   0.0000000E+00   0.0000000E+00   0.0000000E+00
   1.5394216E+03   1.8340000E+03   0.0000000E+00   0.0000000E+00   0.0000000E+00
   1.5394292E+03   1.9500000E+03   0.0000000E+00   0.0000000E+00   0.0000000E+00
   1.5394367E+03   1.8220000E+03   0.0000000E+00   0.0000000E+00   0.0000000E+00
   1.5394442E+03   1.8790000E+03   0.0000000E+00   0.0000000E+00   0.0000000E+00
   1.5394518E+03   1.8480000E+03   0.0000000E+00   0.0000000E+00   0.0000000E+00
   1.5394593E+03   1.8930000E+03   0.0000000E+00   0.0000000E+00   0.0000000E+00
   1.5394668E+03   1.9040000E+03   0.0000000E+00   0.0000000E+00   0.0000000E+00
   1.5394743E+03   1.8570000E+03   0.0000000E+00   0.0000000E+00   0.0000000E+00
   1.5394819E+03   1.8930000E+03   0.0000000E+00   0.0000000E+00   0.0000000E+00
   1.5394894E+03   1.8640000E+03   0.0000000E+00   0.0000000E+00   0.0000000E+00
   1.5394969E+03   1.8890000E+03   0.0000000E+00   0.0000000E+00   0.0000000E+00
   1.5395045E+03   1.9220000E+03   0.0000000E+00   0.0000000E+00   0.0000000E+00
   1.5395120E+03   1.9000000E+03   0.0000000E+00   0.0000000E+00   0.0000000E+00
   1.5395195E+03   1.9070000E+03   0.0000000E+00   0.0000000E+00   0.0000000E+00
   1.5395270E+03   1.8670000E+03   0.0000000E+00   0.0000000E+00   0.0000000E+00
   1.5395346E+03   1.9860000E+03   0.0000000E+00   0.0000000E+00   0.0000000E+00
   1.5395421E+03   1.8810000E+03   0.0000000E+00   0.0000000E+00   0.0000000E+00
   1.5395496E+03   1.9110000E+03   0.0000000E+00   0.0000000E+00   0.0000000E+00
   1.5395572E+03   1.9790000E+03   0.0000000E+00   0.0000000E+00   0.0000000E+00
   1.5395647E+03   1.9300000E+03   0.0000000E+00   0.0000000E+00   0.0000000E+00
   1.5395722E+03   1.8370000E+03   0.0000000E+00   0.0000000E+00   0.0000000E+00
   1.5395797E+03   1.9420000E+03   0.0000000E+00   0.0000000E+00   0.0000000E+00
   1.5395873E+03   1.9090000E+03   0.0000000E+00   0.0000000E+00   0.0000000E+00
   1.5395948E+03   1.9120000E+03   0.0000000E+00   0.0000000E+00   0.0000000E+00
   1.5396023E+03   1.9420000E+03   0.0000000E+00   0.0000000E+00   0.0000000E+00
   1.5396099E+03   1.9420000E+03   0.0000000E+00   0.0000000E+00   0.0000000E+00
   1.5396174E+03   1.9470000E+03   0.0000000E+00   0.0000000E+00   0.0000000E+00
   1.5396249E+03   1.8710000E+03   0.0000000E+00   0.0000000E+00   0.0000000E+00
   1.5396324E+03   1.8670000E+03   0.0000000E+00   0.0000000E+00   0.0000000E+00
   1.5396400E+03   1.9580000E+03   0.0000000E+00   0.0000000E+00   0.0000000E+00
   1.5396475E+03   1.8870000E+03   0.0000000E+00   0.0000000E+00   0.0000000E+00
   1.5396550E+03   1.9640000E+03   0.0000000E+00   0.0000000E+00   0.0000000E+00
   1.5396626E+03   1.9980000E+03   0.0000000E+00   0.0000000E+00   0.0000000E+00
   1.5396701E+03   1.8810000E+03   0.0000000E+00   0.0000000E+00   0.0000000E+00
   1.5396776E+03   1.9080000E+03   0.0000000E+00   0.0000000E+00   0.0000000E+00
   1.5396851E+03   2.0180000E+03   0.0000000E+00   0.0000000E+00   0.0000000E+00
   1.5396927E+03   1.9290000E+03   0.0000000E+00   0.0000000E+00   0.0000000E+00
   1.5397002E+03   1.9470000E+03   0.0000000E+00   0.0000000E+00   0.0000000E+00
   1.5397077E+03   1.9150000E+03   0.0000000E+00   0.0000000E+00   0.0000000E+00
   1.5397153E+03   1.9590000E+03   0.0000000E+00   0.0000000E+00   0.0000000E+00
   1.5397228E+03   1.9710000E+03   0.0000000E+00   0.0000000E+00   0.0000000E+00
   1.5397303E+03   1.9390000E+03   0.0000000E+00   0.0000000E+00   0.0000000E+00
   1.5397378E+03   1.8850000E+03   0.0000000E+00   0.0000000E+00   0.0000000E+00
   1.5397454E+03   1.9780000E+03   0.0000000E+00   0.0000000E+00   0.0000000E+00
   1.5397529E+03   1.9040000E+03   0.0000000E+00   0.0000000E+00   0.0000000E+00
   1.5397604E+03   1.9790000E+03   0.0000000E+00   0.0000000E+00   0.0000000E+00
   1.5397679E+03   1.9710000E+03   0.0000000E+00   0.0000000E+00   0.0000000E+00
   1.5397755E+03   1.9410000E+03   0.0000000E+00   0.0000000E+00   0.0000000E+00
   1.5397830E+03   1.9530000E+03   0.0000000E+00   0.0000000E+00   0.0000000E+00
   1.5397905E+03   1.9280000E+03   0.0000000E+00   0.0000000E+00   0.0000000E+00
   1.5397981E+03   1.9560000E+03   0.0000000E+00   0.0000000E+00   0.0000000E+00
   1.5398056E+03   1.9850000E+03   0.0000000E+00   0.0000000E+00   0.0000000E+00
   1.5398131E+03   1.9450000E+03   0.0000000E+00   0.0000000E+00   0.0000000E+00
   1.5398206E+03   1.9730000E+03   0.0000000E+00   0.0000000E+00   0.0000000E+00
   1.5398282E+03   1.9920000E+03   0.0000000E+00   0.0000000E+00   0.0000000E+00
   1.5398357E+03   1.9250000E+03   0.0000000E+00   0.0000000E+00   0.0000000E+00
   1.5398432E+03   1.9650000E+03   0.0000000E+00   0.0000000E+00   0.0000000E+00
   1.5398508E+03   1.9230000E+03   0.0000000E+00   0.0000000E+00   0.0000000E+00
   1.5398583E+03   2.0110000E+03   0.0000000E+00   0.0000000E+00   0.0000000E+00
   1.5398658E+03   1.9500000E+03   0.0000000E+00   0.0000000E+00   0.0000000E+00
   1.5398733E+03   1.9510000E+03   1.0000000E+00   4.6330496E-04   9.0390797E-01
   1.5398809E+03   2.0030000E+03   0.0000000E+00   0.0000000E+00   0.0000000E+00
   1.5398884E+03   1.9200000E+03   0.0000000E+00   0.0000000E+00   0.0000000E+00
   1.5398959E+03   1.9860000E+03   0.0000000E+00   0.0000000E+00   0.0000000E+00
   1.5399035E+03   1.8740000E+03   0.0000000E+00   0.0000000E+00   0.0000000E+00
   1.5399110E+03   2.0100000E+03   0.0000000E+00   0.0000000E+00   0.0000000E+00
   1.5399185E+03   2.0450000E+03   0.0000000E+00   0.0000000E+00   0.0000000E+00
   1.5399260E+03   1.9590000E+03   0.0000000E+00   0.0000000E+00   0.0000000E+00
   1.5399336E+03   1.9890000E+03   0.0000000E+00   0.0000000E+00   0.0000000E+00
   1.5399411E+03   2.0060000E+03   0.0000000E+00   0.0000000E+00   0.0000000E+00
   1.5399486E+03   1.9360000E+03   0.0000000E+00   0.0000000E+00   0.0000000E+00
   1.5399562E+03   1.9090000E+03   0.0000000E+00   0.0000000E+00   0.0000000E+00
   1.5399637E+03   1.8510000E+03   0.0000000E+00   0.0000000E+00   0.0000000E+00
   1.5399712E+03   1.9470000E+03   0.0000000E+00   0.0000000E+00   0.0000000E+00
   1.5399787E+03   1.9710000E+03   0.0000000E+00   0.0000000E+00   0.0000000E+00
   1.5399863E+03   1.9900000E+03   0.0000000E+00   0.0000000E+00   0.0000000E+00
   1.5399938E+03   2.0220000E+03   0.0000000E+00   0.0000000E+00   0.0000000E+00
   1.5400013E+03   1.9540000E+03   0.0000000E+00   0.0000000E+00   0.0000000E+00
   1.5400089E+03   1.9230000E+03   0.0000000E+00   0.0000000E+00   0.0000000E+00
   1.5400164E+03   1.9760000E+03   0.0000000E+00   0.0000000E+00   0.0000000E+00
   1.5400239E+03   1.9330000E+03   0.0000000E+00   0.0000000E+00   0.0000000E+00
   1.5400314E+03   1.9490000E+03   0.0000000E+00   0.0000000E+00   0.0000000E+00
   1.5400390E+03   1.9370000E+03   0.0000000E+00   0.0000000E+00   0.0000000E+00
   1.5400465E+03   1.9880000E+03   0.0000000E+00   0.0000000E+00   0.0000000E+00
   1.5400540E+03   2.0280000E+03   0.0000000E+00   0.0000000E+00   0.0000000E+00
   1.5400616E+03   1.9960000E+03   0.0000000E+00   0.0000000E+00   0.0000000E+00
   1.5400691E+03   1.9290000E+03   0.0000000E+00   0.0000000E+00   0.0000000E+00
   1.5400766E+03   1.9930000E+03   0.0000000E+00   0.0000000E+00   0.0000000E+00
   1.5400841E+03   1.9990000E+03   0.0000000E+00   0.0000000E+00   0.0000000E+00
   1.5400917E+03   1.9260000E+03   0.0000000E+00   0.0000000E+00   0.0000000E+00
   1.5400992E+03   1.9690000E+03   0.0000000E+00   0.0000000E+00   0.0000000E+00
   1.5401067E+03   2.0280000E+03   0.0000000E+00   0.0000000E+00   0.0000000E+00
   1.5401143E+03   1.9650000E+03   0.0000000E+00   0.0000000E+00   0.0000000E+00
   1.5401218E+03   1.9540000E+03   0.0000000E+00   0.0000000E+00   0.0000000E+00
   1.5401293E+03   1.9940000E+03   0.0000000E+00   0.0000000E+00   0.0000000E+00
   1.5401368E+03   2.0300000E+03   1.0000000E+00   1.0181019E-04   2.0667468E-01
   1.5401444E+03   1.9610000E+03   0.0000000E+00   0.0000000E+00   0.0000000E+00
   1.5401519E+03   2.0080000E+03   0.0000000E+00   0.0000000E+00   0.0000000E+00
   1.5401594E+03   2.0020000E+03   0.0000000E+00   0.0000000E+00   0.0000000E+00
   1.5401670E+03   2.0180000E+03   0.0000000E+00   0.0000000E+00   0.0000000E+00
   1.5401745E+03   2.0290000E+03   0.0000000E+00   0.0000000E+00   0.0000000E+00
   1.5401820E+03   2.0340000E+03   0.0000000E+00   0.0000000E+00   0.0000000E+00
   1.5401895E+03   2.0000000E+03   0.0000000E+00   0.0000000E+00   0.0000000E+00
   1.5401971E+03   2.0000000E+03   0.0000000E+00   0.0000000E+00   0.0000000E+00
   1.5402046E+03   2.0420000E+03   0.0000000E+00   0.0000000E+00   0.0000000E+00
   1.5402121E+03   1.9410000E+03   0.0000000E+00   0.0000000E+00   0.0000000E+00
   1.5402197E+03   1.9600000E+03   0.0000000E+00   0.0000000E+00   0.0000000E+00
   1.5402272E+03   1.9450000E+03   0.0000000E+00   0.0000000E+00   0.0000000E+00
   1.5402347E+03   2.0070000E+03   0.0000000E+00   0.0000000E+00   0.0000000E+00
   1.5402422E+03   1.9930000E+03   0.0000000E+00   0.0000000E+00   0.0000000E+00
   1.5402498E+03   2.0590000E+03   0.0000000E+00   0.0000000E+00   0.0000000E+00
   1.5402573E+03   1.9860000E+03   0.0000000E+00   0.0000000E+00   0.0000000E+00
   1.5402648E+03   2.0010000E+03   0.0000000E+00   0.0000000E+00   0.0000000E+00
   1.5402723E+03   2.0210000E+03   0.0000000E+00   0.0000000E+00   0.0000000E+00
   1.5402799E+03   2.0140000E+03   0.0000000E+00   0.0000000E+00   0.0000000E+00
   1.5402874E+03   1.9300000E+03   0.0000000E+00   0.0000000E+00   0.0000000E+00
   1.5402949E+03   1.9760000E+03   0.0000000E+00   0.0000000E+00   0.0000000E+00
   1.5403025E+03   1.9980000E+03   0.0000000E+00   0.0000000E+00   0.0000000E+00
   1.5403100E+03   1.9990000E+03   0.0000000E+00   0.0000000E+00   0.0000000E+00
   1.5403175E+03   2.0170000E+03   0.0000000E+00   0.0000000E+00   0.0000000E+00
   1.5403250E+03   2.0440000E+03   0.0000000E+00   0.0000000E+00   0.0000000E+00
   1.5403326E+03   2.0070000E+03   0.0000000E+00   0.0000000E+00   0.0000000E+00
   1.5403401E+03   2.0390000E+03   0.0000000E+00   0.0000000E+00   0.0000000E+00
   1.5403476E+03   2.0710000E+03   0.0000000E+00   0.0000000E+00   0.0000000E+00
   1.5403552E+03   2.1440000E+03   0.0000000E+00   0.0000000E+00   0.0000000E+00
   1.5403627E+03   2.0160000E+03   0.0000000E+00   0.0000000E+00   0.0000000E+00
   1.5403702E+03   2.0230000E+03   0.0000000E+00   0.0000000E+00   0.0000000E+00
   1.5403777E+03   2.0790000E+03   0.0000000E+00   0.0000000E+00   0.0000000E+00
   1.5403853E+03   2.0480000E+03   0.0000000E+00   0.0000000E+00   0.0000000E+00
   1.5403928E+03   2.1250000E+03   0.0000000E+00   0.0000000E+00   0.0000000E+00
   1.5404003E+03   1.9860000E+03   0.0000000E+00   0.0000000E+00   0.0000000E+00
   1.5404079E+03   2.0910000E+03   0.0000000E+00   0.0000000E+00   0.0000000E+00
   1.5404154E+03   2.0530000E+03   0.0000000E+00   0.0000000E+00   0.0000000E+00
   1.5404229E+03   2.1170000E+03   0.0000000E+00   0.0000000E+00   0.0000000E+00
   1.5404304E+03   2.0480000E+03   0.0000000E+00   0.0000000E+00   0.0000000E+00
   1.5404380E+03   2.0500000E+03   0.0000000E+00   0.0000000E+00   0.0000000E+00
   1.5404455E+03   2.0540000E+03   0.0000000E+00   0.0000000E+00   0.0000000E+00
   1.5404530E+03   2.1250000E+03   0.0000000E+00   0.0000000E+00   0.0000000E+00
   1.5404606E+03   1.9940000E+03   0.0000000E+00   0.0000000E+00   0.0000000E+00
   1.5404681E+03   2.1580000E+03   0.0000000E+00   0.0000000E+00   0.0000000E+00
   1.5404756E+03   2.0800000E+03   0.0000000E+00   0.0000000E+00   0.0000000E+00
   1.5404831E+03   2.0230000E+03   0.0000000E+00   0.0000000E+00   0.0000000E+00
   1.5404907E+03   1.9700000E+03   0.0000000E+00   0.0000000E+00   0.0000000E+00
   1.5404982E+03   2.0470000E+03   0.0000000E+00   0.0000000E+00   0.0000000E+00
   1.5405057E+03   2.0490000E+03   0.0000000E+00   0.0000000E+00   0.0000000E+00
   1.5405133E+03   2.0340000E+03   0.0000000E+00   0.0000000E+00   0.0000000E+00
   1.5405208E+03   2.0700000E+03   0.0000000E+00   0.0000000E+00   0.0000000E+00
   1.5405283E+03   2.1590000E+03   0.0000000E+00   0.0000000E+00   0.0000000E+00
   1.5405358E+03   2.0290000E+03   0.0000000E+00   0.0000000E+00   0.0000000E+00
   1.5405434E+03   2.0690000E+03   0.0000000E+00   0.0000000E+00   0.0000000E+00
   1.5405509E+03   2.0960000E+03   0.0000000E+00   0.0000000E+00   0.0000000E+00
   1.5405584E+03   2.0670000E+03   0.0000000E+00   0.0000000E+00   0.0000000E+00
   1.5405660E+03   1.9840000E+03   0.0000000E+00   0.0000000E+00   0.0000000E+00
   1.5405735E+03   2.1020000E+03   0.0000000E+00   0.0000000E+00   0.0000000E+00
   1.5405810E+03   2.0590000E+03   0.0000000E+00   0.0000000E+00   0.0000000E+00
   1.5405885E+03   2.0830000E+03   0.0000000E+00   0.0000000E+00   0.0000000E+00
   1.5405961E+03   2.0700000E+03   0.0000000E+00   0.0000000E+00   0.0000000E+00
   1.5406036E+03   2.1500000E+03   0.0000000E+00   0.0000000E+00   0.0000000E+00
   1.5406111E+03   2.1340000E+03   0.0000000E+00   0.0000000E+00   0.0000000E+00
   1.5406187E+03   2.0450000E+03   0.0000000E+00   0.0000000E+00   0.0000000E+00
   1.5406262E+03   2.1640000E+03   0.0000000E+00   0.0000000E+00   0.0000000E+00
   1.5406337E+03   2.0080000E+03   0.0000000E+00   0.0000000E+00   0.0000000E+00
   1.5406412E+03   2.1700000E+03   0.0000000E+00   0.0000000E+00   0.0000000E+00
   1.5406488E+03   2.0370000E+03   0.0000000E+00   0.0000000E+00   0.0000000E+00
   1.5406563E+03   2.0580000E+03   0.0000000E+00   0.0000000E+00   0.0000000E+00
   1.5406638E+03   2.1260000E+03   0.0000000E+00   0.0000000E+00   0.0000000E+00
   1.5406713E+03   2.1110000E+03   0.0000000E+00   0.0000000E+00   0.0000000E+00
   1.5406789E+03   2.0930000E+03   0.0000000E+00   0.0000000E+00   0.0000000E+00
   1.5406864E+03   2.1290000E+03   0.0000000E+00   0.0000000E+00   0.0000000E+00
   1.5406939E+03   2.0750000E+03   0.0000000E+00   0.0000000E+00   0.0000000E+00
   1.5407015E+03   2.0850000E+03   0.0000000E+00   0.0000000E+00   0.0000000E+00
   1.5407090E+03   2.1350000E+03   0.0000000E+00   0.0000000E+00   0.0000000E+00
   1.5407165E+03   2.1190000E+03   0.0000000E+00   0.0000000E+00   0.0000000E+00
   1.5407240E+03   2.0490000E+03   0.0000000E+00   0.0000000E+00   0.0000000E+00
   1.5407316E+03   2.0890000E+03   0.0000000E+00   0.0000000E+00   0.0000000E+00
   1.5407391E+03   2.0080000E+03   0.0000000E+00   0.0000000E+00   0.0000000E+00
   1.5407466E+03   2.0320000E+03   0.0000000E+00   0.0000000E+00   0.0000000E+00
   1.5407542E+03   2.1690000E+03   0.0000000E+00   0.0000000E+00   0.0000000E+00
   1.5407617E+03   2.0740000E+03   0.0000000E+00   0.0000000E+00   0.0000000E+00
   1.5407692E+03   2.1060000E+03   0.0000000E+00   0.0000000E+00   0.0000000E+00
   1.5407767E+03   2.0930000E+03   0.0000000E+00   0.0000000E+00   0.0000000E+00
   1.5407843E+03   2.1090000E+03   0.0000000E+00   0.0000000E+00   0.0000000E+00
   1.5407918E+03   2.0250000E+03   1.0000000E+00   4.5560765E-04   9.2260548E-01
   1.5407993E+03   2.1630000E+03   0.0000000E+00   0.0000000E+00   0.0000000E+00
   1.5408069E+03   2.1300000E+03   0.0000000E+00   0.0000000E+00   0.0000000E+00
   1.5408144E+03   2.2360000E+03   0.0000000E+00   0.0000000E+00   0.0000000E+00
   1.5408219E+03   2.1140000E+03   0.0000000E+00   0.0000000E+00   0.0000000E+00
   1.5408294E+03   2.0840000E+03   0.0000000E+00   0.0000000E+00   0.0000000E+00
   1.5408370E+03   2.0860000E+03   0.0000000E+00   0.0000000E+00   0.0000000E+00
   1.5408445E+03   2.0510000E+03   0.0000000E+00   0.0000000E+00   0.0000000E+00
   1.5408520E+03   2.1010000E+03   0.0000000E+00   0.0000000E+00   0.0000000E+00
   1.5408596E+03   2.0840000E+03   0.0000000E+00   0.0000000E+00   0.0000000E+00
   1.5408671E+03   2.1190000E+03   0.0000000E+00   0.0000000E+00   0.0000000E+00
   1.5408746E+03   2.1010000E+03   0.0000000E+00   0.0000000E+00   0.0000000E+00
   1.5408821E+03   2.0860000E+03   0.0000000E+00   0.0000000E+00   0.0000000E+00
   1.5408897E+03   2.0780000E+03   0.0000000E+00   0.0000000E+00   0.0000000E+00
   1.5408972E+03   2.1070000E+03   0.0000000E+00   0.0000000E+00   0.0000000E+00
   1.5409047E+03   2.1220000E+03   0.0000000E+00   0.0000000E+00   0.0000000E+00
   1.5409123E+03   2.0770000E+03   0.0000000E+00   0.0000000E+00   0.0000000E+00
   1.5409198E+03   2.1620000E+03   0.0000000E+00   0.0000000E+00   0.0000000E+00
   1.5409273E+03   2.0760000E+03   0.0000000E+00   0.0000000E+00   0.0000000E+00
   1.5409348E+03   2.1000000E+03   0.0000000E+00   0.0000000E+00   0.0000000E+00
   1.5409424E+03   2.1390000E+03   0.0000000E+00   0.0000000E+00   0.0000000E+00
   1.5409499E+03   2.2100000E+03   0.0000000E+00   0.0000000E+00   0.0000000E+00
   1.5409574E+03   2.1690000E+03   0.0000000E+00   0.0000000E+00   0.0000000E+00
   1.5409650E+03   2.1500000E+03   0.0000000E+00   0.0000000E+00   0.0000000E+00
   1.5409725E+03   2.1250000E+03   0.0000000E+00   0.0000000E+00   0.0000000E+00
   1.5409800E+03   2.1150000E+03   0.0000000E+00   0.0000000E+00   0.0000000E+00
   1.5409875E+03   2.0320000E+03   0.0000000E+00   0.0000000E+00   0.0000000E+00
   1.5409951E+03   2.1730000E+03   0.0000000E+00   0.0000000E+00   0.0000000E+00
   1.5410026E+03   2.1910000E+03   0.0000000E+00   0.0000000E+00   0.0000000E+00
   1.5410101E+03   2.1790000E+03   0.0000000E+00   0.0000000E+00   0.0000000E+00
   1.5410177E+03   2.1180000E+03   0.0000000E+00   0.0000000E+00   0.0000000E+00
   1.5410252E+03   2.1490000E+03   0.0000000E+00   0.0000000E+00   0.0000000E+00
   1.5410327E+03   2.2020000E+03   0.0000000E+00   0.0000000E+00   0.0000000E+00
   1.5410402E+03   2.1580000E+03   0.0000000E+00   0.0000000E+00   0.0000000E+00
   1.5410478E+03   2.1840000E+03   0.0000000E+00   0.0000000E+00   0.0000000E+00
   1.5410553E+03   2.1610000E+03   0.0000000E+00   0.0000000E+00   0.0000000E+00
   1.5410628E+03   2.1500000E+03   0.0000000E+00   0.0000000E+00   0.0000000E+00
   1.5410704E+03   2.2050000E+03   0.0000000E+00   0.0000000E+00   0.0000000E+00
   1.5410779E+03   2.1470000E+03   0.0000000E+00   0.0000000E+00   0.0000000E+00
   1.5410854E+03   2.1170000E+03   0.0000000E+00   0.0000000E+00   0.0000000E+00
   1.5410929E+03   2.1080000E+03   0.0000000E+00   0.0000000E+00   0.0000000E+00
   1.5411005E+03   2.0360000E+03   0.0000000E+00   0.0000000E+00   0.0000000E+00
   1.5411080E+03   2.2330000E+03   0.0000000E+00   0.0000000E+00   0.0000000E+00
   1.5411155E+03   2.1980000E+03   0.0000000E+00   0.0000000E+00   0.0000000E+00
   1.5411230E+03   2.1220000E+03   0.0000000E+00   0.0000000E+00   0.0000000E+00
   1.5411306E+03   2.1180000E+03   0.0000000E+00   0.0000000E+00   0.0000000E+00
   1.5411381E+03   2.1030000E+03   0.0000000E+00   0.0000000E+00   0.0000000E+00
   1.5411456E+03   2.1820000E+03   0.0000000E+00   0.0000000E+00   0.0000000E+00
   1.5411532E+03   2.1510000E+03   0.0000000E+00   0.0000000E+00   0.0000000E+00
   1.5411607E+03   2.1940000E+03   0.0000000E+00   0.0000000E+00   0.0000000E+00
   1.5411682E+03   2.2070000E+03   0.0000000E+00   0.0000000E+00   0.0000000E+00
   1.5411757E+03   2.1830000E+03   0.0000000E+00   0.0000000E+00   0.0000000E+00
   1.5411833E+03   2.1710000E+03   0.0000000E+00   0.0000000E+00   0.0000000E+00
   1.5411908E+03   2.2340000E+03   0.0000000E+00   0.0000000E+00   0.0000000E+00
   1.5411983E+03   2.1890000E+03   0.0000000E+00   0.0000000E+00   0.0000000E+00
   1.5412059E+03   2.2140000E+03   0.0000000E+00   0.0000000E+00   0.0000000E+00
   1.5412134E+03   2.2020000E+03   0.0000000E+00   0.0000000E+00   0.0000000E+00
   1.5412209E+03   2.1990000E+03   0.0000000E+00   0.0000000E+00   0.0000000E+00
   1.5412284E+03   2.1340000E+03   0.0000000E+00   0.0000000E+00   0.0000000E+00
   1.5412360E+03   2.1940000E+03   0.0000000E+00   0.0000000E+00   0.0000000E+00
   1.5412435E+03   2.1890000E+03   1.0000000E+00   6.9351793E-05   1.5181107E-01
   1.5412510E+03   2.1280000E+03   0.0000000E+00   0.0000000E+00   0.0000000E+00
   1.5412586E+03   2.2250000E+03   0.0000000E+00   0.0000000E+00   0.0000000E+00
   1.5412661E+03   2.3220000E+03   0.0000000E+00   0.0000000E+00   0.0000000E+00
   1.5412736E+03   2.1340000E+03   0.0000000E+00   0.0000000E+00   0.0000000E+00
   1.5412811E+03   2.2040000E+03   0.0000000E+00   0.0000000E+00   0.0000000E+00
   1.5412887E+03   2.1790000E+03   0.0000000E+00   0.0000000E+00   0.0000000E+00
   1.5412962E+03   2.2200000E+03   0.0000000E+00   0.0000000E+00   0.0000000E+00
   1.5413037E+03   2.0360000E+03   0.0000000E+00   0.0000000E+00   0.0000000E+00
   1.5413113E+03   2.2330000E+03   0.0000000E+00   0.0000000E+00   0.0000000E+00
   1.5413188E+03   2.1730000E+03   0.0000000E+00   0.0000000E+00   0.0000000E+00
   1.5413263E+03   2.1880000E+03   0.0000000E+00   0.0000000E+00   0.0000000E+00
   1.5413338E+03   2.2360000E+03   0.0000000E+00   0.0000000E+00   0.0000000E+00
   1.5413414E+03   2.1550000E+03   0.0000000E+00   0.0000000E+00   0.0000000E+00
   1.5413489E+03   2.0870000E+03   0.0000000E+00   0.0000000E+00   0.0000000E+00
   1.5413564E+03   2.1670000E+03   0.0000000E+00   0.0000000E+00   0.0000000E+00
   1.5413640E+03   2.2270000E+03   0.0000000E+00   0.0000000E+00   0.0000000E+00
   1.5413715E+03   2.2510000E+03   0.0000000E+00   0.0000000E+00   0.0000000E+00
   1.5413790E+03   2.1770000E+03   0.0000000E+00   0.0000000E+00   0.0000000E+00
   1.5413865E+03   2.1690000E+03   0.0000000E+00   0.0000000E+00   0.0000000E+00
   1.5413941E+03   2.1750000E+03   0.0000000E+00   0.0000000E+00   0.0000000E+00
   1.5414016E+03   2.2610000E+03   0.0000000E+00   0.0000000E+00   0.0000000E+00
   1.5414091E+03   2.1900000E+03   0.0000000E+00   0.0000000E+00   0.0000000E+00
   1.5414167E+03   2.1200000E+03   0.0000000E+00   0.0000000E+00   0.0000000E+00
   1.5414242E+03   2.1750000E+03   0.0000000E+00   0.0000000E+00   0.0000000E+00
   1.5414317E+03   2.2790000E+03   0.0000000E+00   0.0000000E+00   0.0000000E+00
   1.5414392E+03   2.1820000E+03   0.0000000E+00   0.0000000E+00   0.0000000E+00
   1.5414468E+03   2.2490000E+03   0.0000000E+00   0.0000000E+00   0.0000000E+00
   1.5414543E+03   2.2250000E+03   0.0000000E+00   0.0000000E+00   0.0000000E+00
   1.5414618E+03   2.2430000E+03   0.0000000E+00   0.0000000E+00   0.0000000E+00
   1.5414694E+03   2.1880000E+03   0.0000000E+00   0.0000000E+00   0.0000000E+00
   1.5414769E+03   2.2940000E+03   0.0000000E+00   0.0000000E+00   0.0000000E+00
   1.5414844E+03   2.2110000E+03   0.0000000E+00   0.0000000E+00   0.0000000E+00
   1.5414919E+03   2.2530000E+03   0.0000000E+00   0.0000000E+00   0.0000000E+00
   1.5414995E+03   2.1710000E+03   0.0000000E+00   0.0000000E+00   0.0000000E+00
   1.5415070E+03   2.2320000E+03   0.0000000E+00   0.0000000E+00   0.0000000E+00
   1.5415145E+03   2.2250000E+03   0.0000000E+00   0.0000000E+00   0.0000000E+00
   1.5415221E+03   2.2990000E+03   0.0000000E+00   0.0000000E+00   0.0000000E+00
   1.5415296E+03   2.1590000E+03   0.0000000E+00   0.0000000E+00   0.0000000E+00
   1.5415371E+03   2.2140000E+03   0.0000000E+00   0.0000000E+00   0.0000000E+00
   1.5415446E+03   2.2240000E+03   0.0000000E+00   0.0000000E+00   0.0000000E+00
   1.5415522E+03   2.2160000E+03   0.0000000E+00   0.0000000E+00   0.0000000E+00
   1.5415597E+03   2.2780000E+03   0.0000000E+00   0.0000000E+00   0.0000000E+00
   1.5415672E+03   2.2810000E+03   0.0000000E+00   0.0000000E+00   0.0000000E+00
   1.5415747E+03   2.1720000E+03   0.0000000E+00   0.0000000E+00   0.0000000E+00
   1.5415823E+03   2.2320000E+03   0.0000000E+00   0.0000000E+00   0.0000000E+00
   1.5415898E+03   2.3120000E+03   0.0000000E+00   0.0000000E+00   0.0000000E+00
   1.5415973E+03   2.1930000E+03   0.0000000E+00   0.0000000E+00   0.0000000E+00
   1.5416049E+03   2.1500000E+03   0.0000000E+00   0.0000000E+00   0.0000000E+00
   1.5416124E+03   2.2070000E+03   0.0000000E+00   0.0000000E+00   0.0000000E+00
   1.5416199E+03   2.2090000E+03   0.0000000E+00   0.0000000E+00   0.0000000E+00
   1.5416274E+03   2.2550000E+03   0.0000000E+00   0.0000000E+00   0.0000000E+00
   1.5416350E+03   2.2750000E+03   0.0000000E+00   0.0000000E+00   0.0000000E+00
   1.5416425E+03   2.2490000E+03   0.0000000E+00   0.0000000E+00   0.0000000E+00
   1.5416500E+03   2.3520000E+03   0.0000000E+00   0.0000000E+00   0.0000000E+00
   1.5416576E+03   2.1950000E+03   0.0000000E+00   0.0000000E+00   0.0000000E+00
   1.5416651E+03   2.2050000E+03   0.0000000E+00   0.0000000E+00   0.0000000E+00
   1.5416726E+03   2.2870000E+03   0.0000000E+00   0.0000000E+00   0.0000000E+00
   1.5416801E+03   2.2180000E+03   0.0000000E+00   0.0000000E+00   0.0000000E+00
   1.5416877E+03   2.2220000E+03   0.0000000E+00   0.0000000E+00   0.0000000E+00
   1.5416952E+03   2.2980000E+03   0.0000000E+00   0.0000000E+00   0.0000000E+00
   1.5417027E+03   2.2920000E+03   0.0000000E+00   0.0000000E+00   0.0000000E+00
   1.5417103E+03   2.3830000E+03   0.0000000E+00   0.0000000E+00   0.0000000E+00
   1.5417178E+03   2.2510000E+03   0.0000000E+00   0.0000000E+00   0.0000000E+00
   1.5417253E+03   2.2130000E+03   0.0000000E+00   0.0000000E+00   0.0000000E+00
   1.5417328E+03   2.1710000E+03   0.0000000E+00   0.0000000E+00   0.0000000E+00
   1.5417404E+03   2.3280000E+03   0.0000000E+00   0.0000000E+00   0.0000000E+00
   1.5417479E+03   2.2850000E+03   0.0000000E+00   0.0000000E+00   0.0000000E+00
   1.5417554E+03   2.2880000E+03   0.0000000E+00   0.0000000E+00   0.0000000E+00
   1.5417630E+03   2.3110000E+03   0.0000000E+00   0.0000000E+00   0.0000000E+00
   1.5417705E+03   2.1850000E+03   0.0000000E+00   0.0000000E+00   0.0000000E+00
   1.5417780E+03   2.2000000E+03   0.0000000E+00   0.0000000E+00   0.0000000E+00
   1.5417855E+03   2.1840000E+03   0.0000000E+00   0.0000000E+00   0.0000000E+00
   1.5417931E+03   2.2840000E+03   0.0000000E+00   0.0000000E+00   0.0000000E+00
   1.5418006E+03   2.2280000E+03   0.0000000E+00   0.0000000E+00   0.0000000E+00
   1.5418081E+03   2.2830000E+03   0.0000000E+00   0.0000000E+00   0.0000000E+00
   1.5418157E+03   2.3210000E+03   0.0000000E+00   0.0000000E+00   0.0000000E+00
   1.5418232E+03   2.3110000E+03   0.0000000E+00   0.0000000E+00   0.0000000E+00
   1.5418307E+03   2.2710000E+03   0.0000000E+00   0.0000000E+00   0.0000000E+00
   1.5418382E+03   2.2990000E+03   0.0000000E+00   0.0000000E+00   0.0000000E+00
   1.5418458E+03   2.2330000E+03   0.0000000E+00   0.0000000E+00   0.0000000E+00
   1.5418533E+03   2.2470000E+03   0.0000000E+00   0.0000000E+00   0.0000000E+00
   1.5418608E+03   2.3270000E+03   0.0000000E+00   0.0000000E+00   0.0000000E+00
   1.5418684E+03   2.3110000E+03   0.0000000E+00   0.0000000E+00   0.0000000E+00
   1.5418759E+03   2.2740000E+03   0.0000000E+00   0.0000000E+00   0.0000000E+00
   1.5418834E+03   2.2660000E+03   0.0000000E+00   0.0000000E+00   0.0000000E+00
   1.5418909E+03   2.3220000E+03   0.0000000E+00   0.0000000E+00   0.0000000E+00
   1.5418985E+03   2.2760000E+03   0.0000000E+00   0.0000000E+00   0.0000000E+00
   1.5419060E+03   2.2750000E+03   0.0000000E+00   0.0000000E+00   0.0000000E+00
   1.5419135E+03   2.3070000E+03   1.0000000E+00   4.0920259E-04   9.4403037E-01
   1.5419211E+03   2.3240000E+03   0.0000000E+00   0.0000000E+00   0.0000000E+00
   1.5419286E+03   2.2790000E+03   0.0000000E+00   0.0000000E+00   0.0000000E+00
   1.5419361E+03   2.3460000E+03   0.0000000E+00   0.0000000E+00   0.0000000E+00
   1.5419436E+03   2.1880000E+03   0.0000000E+00   0.0000000E+00   0.0000000E+00
   1.5419512E+03   2.2120000E+03   0.0000000E+00   0.0000000E+00   0.0000000E+00
   1.5419587E+03   2.3000000E+03   0.0000000E+00   0.0000000E+00   0.0000000E+00
   1.5419662E+03   2.1780000E+03   0.0000000E+00   0.0000000E+00   0.0000000E+00
   1.5419738E+03   2.3070000E+03   0.0000000E+00   0.0000000E+00   0.0000000E+00
   1.5419813E+03   2.3720000E+03   0.0000000E+00   0.0000000E+00   0.0000000E+00
   1.5419888E+03   2.2540000E+03   0.0000000E+00   0.0000000E+00   0.0000000E+00
   1.5419963E+03   2.2510000E+03   0.0000000E+00   0.0000000E+00   0.0000000E+00
   1.5420039E+03   2.3300000E+03   0.0000000E+00   0.0000000E+00   0.0000000E+00
   1.5420114E+03   2.3750000E+03   0.0000000E+00   0.0000000E+00   0.0000000E+00
   1.5420189E+03   2.2560000E+03   0.0000000E+00   0.0000000E+00   0.0000000E+00
   1.5420264E+03   2.2600000E+03   0.0000000E+00   0.0000000E+00   0.0000000E+00
   1.5420340E+03   2.2470000E+03   0.0000000E+00   0.0000000E+00   0.0000000E+00
   1.5420415E+03   2.4110000E+03   0.0000000E+00   0.0000000E+00   0.0000000E+00
   1.5420490E+03   2.3340000E+03   0.0000000E+00   0.0000000E+00   0.0000000E+00
   1.5420566E+03   2.3350000E+03   0.0000000E+00   0.0000000E+00   0.0000000E+00
   1.5420641E+03   2.3620000E+03   0.0000000E+00   0.0000000E+00   0.0000000E+00
   1.5420716E+03   2.2820000E+03   0.0000000E+00   0.0000000E+00   0.0000000E+00
   1.5420791E+03   2.3090000E+03   0.0000000E+00   0.0000000E+00   0.0000000E+00
   1.5420867E+03   2.2780000E+03   0.0000000E+00   0.0000000E+00   0.0000000E+00
   1.5420942E+03   2.2990000E+03   0.0000000E+00   0.0000000E+00   0.0000000E+00
   1.5421017E+03   2.2440000E+03   0.0000000E+00   0.0000000E+00   0.0000000E+00
   1.5421093E+03   2.3600000E+03   0.0000000E+00   0.0000000E+00   0.0000000E+00
   1.5421168E+03   2.2760000E+03   0.0000000E+00   0.0000000E+00   0.0000000E+00
   1.5421243E+03   2.3270000E+03   0.0000000E+00   0.0000000E+00   0.0000000E+00
   1.5421318E+03   2.3380000E+03   0.0000000E+00   0.0000000E+00   0.0000000E+00
   1.5421394E+03   2.2960000E+03   0.0000000E+00   0.0000000E+00   0.0000000E+00
   1.5421469E+03   2.2820000E+03   0.0000000E+00   0.0000000E+00   0.0000000E+00
   1.5421544E+03   2.3270000E+03   0.0000000E+00   0.0000000E+00   0.0000000E+00
   1.5421620E+03   2.3450000E+03   0.0000000E+00   0.0000000E+00   0.0000000E+00
   1.5421695E+03   2.4060000E+03   0.0000000E+00   0.0000000E+00   0.0000000E+00
   1.5421770E+03   2.2640000E+03   0.0000000E+00   0.0000000E+00   0.0000000E+00
   1.5421845E+03   2.3590000E+03   0.0000000E+00   0.0000000E+00   0.0000000E+00
   1.5421921E+03   2.3200000E+03   0.0000000E+00   0.0000000E+00   0.0000000E+00
   1.5421996E+03   2.3000000E+03   0.0000000E+00   0.0000000E+00   0.0000000E+00
   1.5422071E+03   2.3170000E+03   0.0000000E+00   0.0000000E+00   0.0000000E+00
   1.5422147E+03   2.3000000E+03   0.0000000E+00   0.0000000E+00   0.0000000E+00
   1.5422222E+03   2.3200000E+03   0.0000000E+00   0.0000000E+00   0.0000000E+00
   1.5422297E+03   2.3630000E+03   0.0000000E+00   0.0000000E+00   0.0000000E+00
   1.5422372E+03   2.2620000E+03   0.0000000E+00   0.0000000E+00   0.0000000E+00
   1.5422448E+03   2.3200000E+03   0.0000000E+00   0.0000000E+00   0.0000000E+00
   1.5422523E+03   2.3370000E+03   0.0000000E+00   0.0000000E+00   0.0000000E+00
   1.5422598E+03   2.3800000E+03   0.0000000E+00   0.0000000E+00   0.0000000E+00
   1.5422674E+03   2.2860000E+03   0.0000000E+00   0.0000000E+00   0.0000000E+00
   1.5422749E+03   2.4030000E+03   0.0000000E+00   0.0000000E+00   0.0000000E+00
   1.5422824E+03   2.3650000E+03   0.0000000E+00   0.0000000E+00   0.0000000E+00
   1.5422899E+03   2.3250000E+03   0.0000000E+00   0.0000000E+00   0.0000000E+00
   1.5422975E+03   2.4060000E+03   0.0000000E+00   0.0000000E+00   0.0000000E+00
   1.5423050E+03   2.3510000E+03   0.0000000E+00   0.0000000E+00   0.0000000E+00
   1.5423125E+03   2.3460000E+03   0.0000000E+00   0.0000000E+00   0.0000000E+00
   1.5423201E+03   2.3550000E+03   0.0000000E+00   0.0000000E+00   0.0000000E+00
   1.5423276E+03   2.3470000E+03   0.0000000E+00   0.0000000E+00   0.0000000E+00
   1.5423351E+03   2.2580000E+03   0.0000000E+00   0.0000000E+00   0.0000000E+00
   1.5423426E+03   2.3470000E+03   0.0000000E+00   0.0000000E+00   0.0000000E+00
   1.5423502E+03   2.3020000E+03   0.0000000E+00   0.0000000E+00   0.0000000E+00
   1.5423577E+03   2.4090000E+03   0.0000000E+00   0.0000000E+00   0.0000000E+00
   1.5423652E+03   2.3650000E+03   0.0000000E+00   0.0000000E+00   0.0000000E+00
   1.5423728E+03   2.4040000E+03   0.0000000E+00   0.0000000E+00   0.0000000E+00
   1.5423803E+03   2.3680000E+03   0.0000000E+00   0.0000000E+00   0.0000000E+00
   1.5423878E+03   2.3270000E+03   0.0000000E+00   0.0000000E+00   0.0000000E+00
   1.5423953E+03   2.2880000E+03   0.0000000E+00   0.0000000E+00   0.0000000E+00
   1.5424029E+03   2.4260000E+03   0.0000000E+00   0.0000000E+00   0.0000000E+00
   1.5424104E+03   2.2910000E+03   0.0000000E+00   0.0000000E+00   0.0000000E+00
   1.5424179E+03   2.3300000E+03   0.0000000E+00   0.0000000E+00   0.0000000E+00
   1.5424255E+03   2.3790000E+03   0.0000000E+00   0.0000000E+00   0.0000000E+00
   1.5424330E+03   2.2970000E+03   0.0000000E+00   0.0000000E+00   0.0000000E+00
   1.5424405E+03   2.3580000E+03   0.0000000E+00   0.0000000E+00   0.0000000E+00
   1.5424480E+03   2.3880000E+03   0.0000000E+00   0.0000000E+00   0.0000000E+00
   1.5424556E+03   2.3440000E+03   0.0000000E+00   0.0000000E+00   0.0000000E+00
   1.5424631E+03   2.4230000E+03   0.0000000E+00   0.0000000E+00   0.0000000E+00
   1.5424706E+03   2.3820000E+03   0.0000000E+00   0.0000000E+00   0.0000000E+00
   1.5424781E+03   2.3780000E+03   0.0000000E+00   0.0000000E+00   0.0000000E+00
   1.5424857E+03   2.3310000E+03   0.0000000E+00   0.0000000E+00   0.0000000E+00
   1.5424932E+03   2.3440000E+03   0.0000000E+00   0.0000000E+00   0.0000000E+00
   1.5425007E+03   2.4810000E+03   0.0000000E+00   0.0000000E+00   0.0000000E+00
   1.5425083E+03   2.3300000E+03   0.0000000E+00   0.0000000E+00   0.0000000E+00
   1.5425158E+03   2.4340000E+03   0.0000000E+00   0.0000000E+00   0.0000000E+00
   1.5425233E+03   2.2150000E+03   0.0000000E+00   0.0000000E+00   0.0000000E+00
   1.5425308E+03   2.3400000E+03   0.0000000E+00   0.0000000E+00   0.0000000E+00
   1.5425384E+03   2.2630000E+03   0.0000000E+00   0.0000000E+00   0.0000000E+00
   1.5425459E+03   2.3170000E+03   0.0000000E+00   0.0000000E+00   0.0000000E+00
   1.5425534E+03   2.4190000E+03   0.0000000E+00   0.0000000E+00   0.0000000E+00
   1.5425610E+03   2.4030000E+03   0.0000000E+00   0.0000000E+00   0.0000000E+00
   1.5425685E+03   2.4350000E+03   0.0000000E+00   0.0000000E+00   0.0000000E+00
   1.5425760E+03   2.3770000E+03   0.0000000E+00   0.0000000E+00   0.0000000E+00
   1.5425835E+03   2.4470000E+03   0.0000000E+00   0.0000000E+00   0.0000000E+00
   1.5425911E+03   2.4250000E+03   0.0000000E+00   0.0000000E+00   0.0000000E+00
   1.5425986E+03   2.3470000E+03   0.0000000E+00   0.0000000E+00   0.0000000E+00
   1.5426061E+03   2.4630000E+03   0.0000000E+00   0.0000000E+00   0.0000000E+00
   1.5426137E+03   2.3380000E+03   0.0000000E+00   0.0000000E+00   0.0000000E+00
   1.5426212E+03   2.4440000E+03   0.0000000E+00   0.0000000E+00   0.0000000E+00
   1.5426287E+03   2.4380000E+03   0.0000000E+00   0.0000000E+00   0.0000000E+00
   1.5426362E+03   2.2950000E+03   0.0000000E+00   0.0000000E+00   0.0000000E+00
   1.5426438E+03   2.4500000E+03   0.0000000E+00   0.0000000E+00   0.0000000E+00
   1.5426513E+03   2.4210000E+03   0.0000000E+00   0.0000000E+00   0.0000000E+00
   1.5426588E+03   2.4110000E+03   0.0000000E+00   0.0000000E+00   0.0000000E+00
   1.5426664E+03   2.3310000E+03   0.0000000E+00   0.0000000E+00   0.0000000E+00
   1.5426739E+03   2.3590000E+03   0.0000000E+00   0.0000000E+00   0.0000000E+00
   1.5426814E+03   2.3140000E+03   0.0000000E+00   0.0000000E+00   0.0000000E+00
   1.5426889E+03   2.4120000E+03   0.0000000E+00   0.0000000E+00   0.0000000E+00
   1.5426965E+03   2.4060000E+03   0.0000000E+00   0.0000000E+00   0.0000000E+00
   1.5427040E+03   2.3650000E+03   0.0000000E+00   0.0000000E+00   0.0000000E+00
   1.5427115E+03   2.4650000E+03   0.0000000E+00   0.0000000E+00   0.0000000E+00
   1.5427191E+03   2.4320000E+03   0.0000000E+00   0.0000000E+00   0.0000000E+00
   1.5427266E+03   2.4090000E+03   0.0000000E+00   0.0000000E+00   0.0000000E+00
   1.5427341E+03   2.3650000E+03   0.0000000E+00   0.0000000E+00   0.0000000E+00
   1.5427416E+03   2.4430000E+03   0.0000000E+00   0.0000000E+00   0.0000000E+00
   1.5427492E+03   2.4540000E+03   0.0000000E+00   0.0000000E+00   0.0000000E+00
   1.5427567E+03   2.3440000E+03   0.0000000E+00   0.0000000E+00   0.0000000E+00
   1.5427642E+03   2.3990000E+03   0.0000000E+00   0.0000000E+00   0.0000000E+00
   1.5427718E+03   2.3850000E+03   0.0000000E+00   0.0000000E+00   0.0000000E+00
   1.5427793E+03   2.4120000E+03   0.0000000E+00   0.0000000E+00   0.0000000E+00
   1.5427868E+03   2.3730000E+03   0.0000000E+00   0.0000000E+00   0.0000000E+00
   1.5427943E+03   2.4340000E+03   0.0000000E+00   0.0000000E+00   0.0000000E+00
   1.5428019E+03   2.2950000E+03   0.0000000E+00   0.0000000E+00   0.0000000E+00
   1.5428094E+03   2.5020000E+03   0.0000000E+00   0.0000000E+00   0.0000000E+00
   1.5428169E+03   2.3460000E+03   0.0000000E+00   0.0000000E+00   0.0000000E+00
   1.5428245E+03   2.4150000E+03   0.0000000E+00   0.0000000E+00   0.0000000E+00
   1.5428320E+03   2.3600000E+03   0.0000000E+00   0.0000000E+00   0.0000000E+00
   1.5428395E+03   2.3690000E+03   0.0000000E+00   0.0000000E+00   0.0000000E+00
   1.5428470E+03   2.4360000E+03   0.0000000E+00   0.0000000E+00   0.0000000E+00
   1.5428546E+03   2.4740000E+03   0.0000000E+00   0.0000000E+00   0.0000000E+00
   1.5428621E+03   2.4750000E+03   0.0000000E+00   0.0000000E+00   0.0000000E+00
   1.5428696E+03   2.4130000E+03   0.0000000E+00   0.0000000E+00   0.0000000E+00
   1.5428772E+03   2.4030000E+03   0.0000000E+00   0.0000000E+00   0.0000000E+00
   1.5428847E+03   2.4190000E+03   0.0000000E+00   0.0000000E+00   0.0000000E+00
   1.5428922E+03   2.4300000E+03   0.0000000E+00   0.0000000E+00   0.0000000E+00
   1.5428997E+03   2.4230000E+03   0.0000000E+00   0.0000000E+00   0.0000000E+00
   1.5429073E+03   2.4130000E+03   0.0000000E+00   0.0000000E+00   0.0000000E+00
   1.5429148E+03   2.4620000E+03   0.0000000E+00   0.0000000E+00   0.0000000E+00
   1.5429223E+03   2.4960000E+03   0.0000000E+00   0.0000000E+00   0.0000000E+00
   1.5429298E+03   2.3700000E+03   0.0000000E+00   0.0000000E+00   0.0000000E+00
   1.5429374E+03   2.4460000E+03   0.0000000E+00   0.0000000E+00   0.0000000E+00
   1.5429449E+03   2.4600000E+03   0.0000000E+00   0.0000000E+00   0.0000000E+00
   1.5429524E+03   2.4380000E+03   0.0000000E+00   0.0000000E+00   0.0000000E+00
   1.5429600E+03   2.3620000E+03   0.0000000E+00   0.0000000E+00   0.0000000E+00
   1.5429675E+03   2.4720000E+03   0.0000000E+00   0.0000000E+00   0.0000000E+00
   1.5429750E+03   2.5310000E+03   0.0000000E+00   0.0000000E+00   0.0000000E+00
   1.5429825E+03   2.5360000E+03   0.0000000E+00   0.0000000E+00   0.0000000E+00
   1.5429901E+03   2.4640000E+03   0.0000000E+00   0.0000000E+00   0.0000000E+00
   1.5429976E+03   2.4090000E+03   0.0000000E+00   0.0000000E+00   0.0000000E+00
   1.5430051E+03   2.3670000E+03   0.0000000E+00   0.0000000E+00   0.0000000E+00
   1.5430127E+03   2.4910000E+03   0.0000000E+00   0.0000000E+00   0.0000000E+00
   1.5430202E+03   2.4940000E+03   0.0000000E+00   0.0000000E+00   0.0000000E+00
   1.5430277E+03   2.3780000E+03   0.0000000E+00   0.0000000E+00   0.0000000E+00
   1.5430352E+03   2.3630000E+03   0.0000000E+00   0.0000000E+00   0.0000000E+00
   1.5430428E+03   2.4290000E+03   0.0000000E+00   0.0000000E+00   0.0000000E+00
   1.5430503E+03   2.3910000E+03   0.0000000E+00   0.0000000E+00   0.0000000E+00
   1.5430578E+03   2.3970000E+03   0.0000000E+00   0.0000000E+00   0.0000000E+00
   1.5430654E+03   2.4350000E+03   0.0000000E+00   0.0000000E+00   0.0000000E+00
   1.5430729E+03   2.4760000E+03   0.0000000E+00   0.0000000E+00   0.0000000E+00
   1.5430804E+03   2.5090000E+03   0.0000000E+00   0.0000000E+00   0.0000000E+00
   1.5430879E+03   2.3160000E+03   0.0000000E+00   0.0000000E+00   0.0000000E+00
   1.5430955E+03   2.5270000E+03   0.0000000E+00   0.0000000E+00   0.0000000E+00
   1.5431030E+03   2.4320000E+03   0.0000000E+00   0.0000000E+00   0.0000000E+00
   1.5431105E+03   2.4560000E+03   0.0000000E+00   0.0000000E+00   0.0000000E+00
   1.5431181E+03   2.4670000E+03   0.0000000E+00   0.0000000E+00   0.0000000E+00
   1.5431256E+03   2.4540000E+03   0.0000000E+00   0.0000000E+00   0.0000000E+00
   1.5431331E+03   2.4230000E+03   0.0000000E+00   0.0000000E+00   0.0000000E+00
   1.5431406E+03   2.4680000E+03   0.0000000E+00   0.0000000E+00   0.0000000E+00
   1.5431482E+03   2.5200000E+03   0.0000000E+00   0.0000000E+00   0.0000000E+00
   1.5431557E+03   2.5270000E+03   0.0000000E+00   0.0000000E+00   0.0000000E+00
   1.5431632E+03   2.4740000E+03   0.0000000E+00   0.0000000E+00   0.0000000E+00
   1.5431708E+03   2.4320000E+03   0.0000000E+00   0.0000000E+00   0.0000000E+00
   1.5431783E+03   2.4770000E+03   0.0000000E+00   0.0000000E+00   0.0000000E+00
   1.5431858E+03   2.4530000E+03   0.0000000E+00   0.0000000E+00   0.0000000E+00
   1.5431933E+03   2.5220000E+03   0.0000000E+00   0.0000000E+00   0.0000000E+00
   1.5432009E+03   2.4530000E+03   0.0000000E+00   0.0000000E+00   0.0000000E+00
   1.5432084E+03   2.5140000E+03   0.0000000E+00   0.0000000E+00   0.0000000E+00
   1.5432159E+03   2.4370000E+03   0.0000000E+00   0.0000000E+00   0.0000000E+00
   1.5432235E+03   2.5280000E+03   0.0000000E+00   0.0000000E+00   0.0000000E+00
   1.5432310E+03   2.4570000E+03   0.0000000E+00   0.0000000E+00   0.0000000E+00
   1.5432385E+03   2.5530000E+03   0.0000000E+00   0.0000000E+00   0.0000000E+00
   1.5432460E+03   2.4600000E+03   0.0000000E+00   0.0000000E+00   0.0000000E+00
   1.5432536E+03   2.4630000E+03   0.0000000E+00   0.0000000E+00   0.0000000E+00
   1.5432611E+03   2.5040000E+03   0.0000000E+00   0.0000000E+00   0.0000000E+00
   1.5432686E+03   2.5450000E+03   0.0000000E+00   0.0000000E+00   0.0000000E+00
   1.5432762E+03   2.5220000E+03   0.0000000E+00   0.0000000E+00   0.0000000E+00
   1.5432837E+03   2.4420000E+03   0.0000000E+00   0.0000000E+00   0.0000000E+00
   1.5432912E+03   2.4670000E+03   0.0000000E+00   0.0000000E+00   0.0000000E+00
   1.5432987E+03   2.4050000E+03   0.0000000E+00   0.0000000E+00   0.0000000E+00
   1.5433063E+03   2.5370000E+03   0.0000000E+00   0.0000000E+00   0.0000000E+00
   1.5433138E+03   2.4410000E+03   0.0000000E+00   0.0000000E+00   0.0000000E+00
   1.5433213E+03   2.4270000E+03   1.0000000E+00   3.2728564E-04   7.9432226E-01
   1.5433289E+03   2.4450000E+03   0.0000000E+00   0.0000000E+00   0.0000000E+00
   1.5433364E+03   2.4980000E+03   0.0000000E+00   0.0000000E+00   0.0000000E+00
   1.5433439E+03   2.5810000E+03   0.0000000E+00   0.0000000E+00   0.0000000E+00
   1.5433514E+03   2.4840000E+03   0.0000000E+00   0.0000000E+00   0.0000000E+00
   1.5433590E+03   2.4770000E+03   0.0000000E+00   0.0000000E+00   0.0000000E+00
   1.5433665E+03   2.5470000E+03   0.0000000E+00   0.0000000E+00   0.0000000E+00
   1.5433740E+03   2.5270000E+03   0.0000000E+00   0.0000000E+00   0.0000000E+00
   1.5433815E+03   2.4290000E+03   0.0000000E+00   0.0000000E+00   0.0000000E+00
   1.5433891E+03   2.3850000E+03   0.0000000E+00   0.0000000E+00   0.0000000E+00
   1.5433966E+03   2.4340000E+03   0.0000000E+00   0.0000000E+00   0.0000000E+00
   1.5434041E+03   2.5020000E+03   0.0000000E+00   0.0000000E+00   0.0000000E+00
   1.5434117E+03   2.5260000E+03   0.0000000E+00   0.0000000E+00   0.0000000E+00
   1.5434192E+03   2.4930000E+03   0.0000000E+00   0.0000000E+00   0.0000000E+00
   1.5434267E+03   2.5270000E+03   0.0000000E+00   0.0000000E+00   0.0000000E+00
   1.5434342E+03   2.4840000E+03   1.0000000E+00   4.6044551E-05   1.1437466E-01
   1.5434418E+03   2.5920000E+03   0.0000000E+00   0.0000000E+00   0.0000000E+00
   1.5434493E+03   2.4870000E+03   0.0000000E+00   0.0000000E+00   0.0000000E+00
   1.5434568E+03   2.4970000E+03   0.0000000E+00   0.0000000E+00   0.0000000E+00
   1.5434644E+03   2.4740000E+03   0.0000000E+00   0.0000000E+00   0.0000000E+00
   1.5434719E+03   2.5090000E+03   0.0000000E+00   0.0000000E+00   0.0000000E+00
   1.5434794E+03   2.4820000E+03   0.0000000E+00   0.0000000E+00   0.0000000E+00
   1.5434869E+03   2.5370000E+03   0.0000000E+00   0.0000000E+00   0.0000000E+00
   1.5434945E+03   2.4790000E+03   0.0000000E+00   0.0000000E+00   0.0000000E+00
   1.5435020E+03   2.5560000E+03   0.0000000E+00   0.0000000E+00   0.0000000E+00
   1.5435095E+03   2.4920000E+03   0.0000000E+00   0.0000000E+00   0.0000000E+00
   1.5435171E+03   2.4150000E+03   0.0000000E+00   0.0000000E+00   0.0000000E+00
   1.5435246E+03   2.5530000E+03   0.0000000E+00   0.0000000E+00   0.0000000E+00
   1.5435321E+03   2.5980000E+03   0.0000000E+00   0.0000000E+00   0.0000000E+00
   1.5435396E+03   2.5420000E+03   0.0000000E+00   0.0000000E+00   0.0000000E+00
   1.5435472E+03   2.5340000E+03   0.0000000E+00   0.0000000E+00   0.0000000E+00
   1.5435547E+03   2.5240000E+03   0.0000000E+00   0.0000000E+00   0.0000000E+00
   1.5435622E+03   2.5020000E+03   0.0000000E+00   0.0000000E+00   0.0000000E+00
   1.5435698E+03   2.5180000E+03   0.0000000E+00   0.0000000E+00   0.0000000E+00
   1.5435773E+03   2.5050000E+03   0.0000000E+00   0.0000000E+00   0.0000000E+00
   1.5435848E+03   2.6310000E+03   0.0000000E+00   0.0000000E+00   0.0000000E+00
   1.5435923E+03   2.5110000E+03   0.0000000E+00   0.0000000E+00   0.0000000E+00
   1.5435999E+03   2.5080000E+03   0.0000000E+00   0.0000000E+00   0.0000000E+00
   1.5436074E+03   2.5480000E+03   0.0000000E+00   0.0000000E+00   0.0000000E+00
   1.5436149E+03   2.5320000E+03   0.0000000E+00   0.0000000E+00   0.0000000E+00
   1.5436225E+03   2.4060000E+03   0.0000000E+00   0.0000000E+00   0.0000000E+00
   1.5436300E+03   2.4670000E+03   0.0000000E+00   0.0000000E+00   0.0000000E+00
   1.5436375E+03   2.4820000E+03   0.0000000E+00   0.0000000E+00   0.0000000E+00
   1.5436450E+03   2.4060000E+03   0.0000000E+00   0.0000000E+00   0.0000000E+00
   1.5436526E+03   2.5720000E+03   0.0000000E+00   0.0000000E+00   0.0000000E+00
   1.5436601E+03   2.4570000E+03   0.0000000E+00   0.0000000E+00   0.0000000E+00
   1.5436676E+03   2.4990000E+03   0.0000000E+00   0.0000000E+00   0.0000000E+00
   1.5436752E+03   2.4800000E+03   0.0000000E+00   0.0000000E+00   0.0000000E+00
   1.5436827E+03   2.5610000E+03   0.0000000E+00   0.0000000E+00   0.0000000E+00
   1.5436902E+03   2.5560000E+03   0.0000000E+00   0.0000000E+00   0.0000000E+00
   1.5436977E+03   2.5210000E+03   0.0000000E+00   0.0000000E+00   0.0000000E+00
   1.5437053E+03   2.5200000E+03   0.0000000E+00   0.0000000E+00   0.0000000E+00
   1.5437128E+03   2.5800000E+03   0.0000000E+00   0.0000000E+00   0.0000000E+00
   1.5437203E+03   2.5330000E+03   0.0000000E+00   0.0000000E+00   0.0000000E+00
   1.5437279E+03   2.5560000E+03   0.0000000E+00   0.0000000E+00   0.0000000E+00
   1.5437354E+03   2.5430000E+03   0.0000000E+00   0.0000000E+00   0.0000000E+00
   1.5437429E+03   2.5670000E+03   0.0000000E+00   0.0000000E+00   0.0000000E+00
   1.5437504E+03   2.5590000E+03   0.0000000E+00   0.0000000E+00   0.0000000E+00
   1.5437580E+03   2.5320000E+03   0.0000000E+00   0.0000000E+00   0.0000000E+00
   1.5437655E+03   2.5150000E+03   0.0000000E+00   0.0000000E+00   0.0000000E+00
   1.5437730E+03   2.5040000E+03   0.0000000E+00   0.0000000E+00   0.0000000E+00
   1.5437806E+03   2.6260000E+03   0.0000000E+00   0.0000000E+00   0.0000000E+00
   1.5437881E+03   2.6050000E+03   0.0000000E+00   0.0000000E+00   0.0000000E+00
   1.5437956E+03   2.5020000E+03   0.0000000E+00   0.0000000E+00   0.0000000E+00
   1.5438031E+03   2.5280000E+03   0.0000000E+00   0.0000000E+00   0.0000000E+00
   1.5438107E+03   2.5430000E+03   0.0000000E+00   0.0000000E+00   0.0000000E+00
   1.5438182E+03   2.5790000E+03   0.0000000E+00   0.0000000E+00   0.0000000E+00
   1.5438257E+03   2.7140000E+03   0.0000000E+00   0.0000000E+00   0.0000000E+00
   1.5438332E+03   2.4560000E+03   0.0000000E+00   0.0000000E+00   0.0000000E+00
   1.5438408E+03   2.5380000E+03   0.0000000E+00   0.0000000E+00   0.0000000E+00
   1.5438483E+03   2.5740000E+03   0.0000000E+00   0.0000000E+00   0.0000000E+00
   1.5438558E+03   2.5750000E+03   0.0000000E+00   0.0000000E+00   0.0000000E+00
   1.5438634E+03   2.5580000E+03   0.0000000E+00   0.0000000E+00   0.0000000E+00
   1.5438709E+03   2.4710000E+03   0.0000000E+00   0.0000000E+00   0.0000000E+00
   1.5438784E+03   2.5970000E+03   0.0000000E+00   0.0000000E+00   0.0000000E+00
   1.5438859E+03   2.5420000E+03   0.0000000E+00   0.0000000E+00   0.0000000E+00
   1.5438935E+03   2.5680000E+03   0.0000000E+00   0.0000000E+00   0.0000000E+00
   1.5439010E+03   2.6330000E+03   0.0000000E+00   0.0000000E+00   0.0000000E+00
   1.5439085E+03   2.4350000E+03   0.0000000E+00   0.0000000E+00   0.0000000E+00
   1.5439161E+03   2.5530000E+03   0.0000000E+00   0.0000000E+00   0.0000000E+00
   1.5439236E+03   2.5190000E+03   0.0000000E+00   0.0000000E+00   0.0000000E+00
   1.5439311E+03   2.6140000E+03   0.0000000E+00   0.0000000E+00   0.0000000E+00
   1.5439386E+03   2.5430000E+03   0.0000000E+00   0.0000000E+00   0.0000000E+00
   1.5439462E+03   2.5190000E+03   0.0000000E+00   0.0000000E+00   0.0000000E+00
   1.5439537E+03   2.5060000E+03   0.0000000E+00   0.0000000E+00   0.0000000E+00
   1.5439612E+03   2.5570000E+03   0.0000000E+00   0.0000000E+00   0.0000000E+00
   1.5439688E+03   2.5890000E+03   0.0000000E+00   0.0000000E+00   0.0000000E+00
   1.5439763E+03   2.5760000E+03   0.0000000E+00   0.0000000E+00   0.0000000E+00
   1.5439838E+03   2.5200000E+03   0.0000000E+00   0.0000000E+00   0.0000000E+00
   1.5439913E+03   2.6230000E+03   0.0000000E+00   0.0000000E+00   0.0000000E+00
   1.5439989E+03   2.5160000E+03   0.0000000E+00   0.0000000E+00   0.0000000E+00
   1.5440064E+03   2.6040000E+03   0.0000000E+00   0.0000000E+00   0.0000000E+00
   1.5440139E+03   2.5850000E+03   0.0000000E+00   0.0000000E+00   0.0000000E+00
   1.5440215E+03   2.6360000E+03   0.0000000E+00   0.0000000E+00   0.0000000E+00
   1.5440290E+03   2.5540000E+03   0.0000000E+00   0.0000000E+00   0.0000000E+00
   1.5440365E+03   2.5130000E+03   0.0000000E+00   0.0000000E+00   0.0000000E+00
   1.5440440E+03   2.6250000E+03   0.0000000E+00   0.0000000E+00   0.0000000E+00
   1.5440516E+03   2.6050000E+03   0.0000000E+00   0.0000000E+00   0.0000000E+00
   1.5440591E+03   2.6130000E+03   0.0000000E+00   0.0000000E+00   0.0000000E+00
   1.5440666E+03   2.6010000E+03   0.0000000E+00   0.0000000E+00   0.0000000E+00
   1.5440742E+03   2.6780000E+03   0.0000000E+00   0.0000000E+00   0.0000000E+00
   1.5440817E+03   2.5610000E+03   0.0000000E+00   0.0000000E+00   0.0000000E+00
   1.5440892E+03   2.5580000E+03   0.0000000E+00   0.0000000E+00   0.0000000E+00
   1.5440967E+03   2.6130000E+03   0.0000000E+00   0.0000000E+00   0.0000000E+00
   1.5441043E+03   2.5220000E+03   0.0000000E+00   0.0000000E+00   0.0000000E+00
   1.5441118E+03   2.5570000E+03   0.0000000E+00   0.0000000E+00   0.0000000E+00
   1.5441193E+03   2.6160000E+03   0.0000000E+00   0.0000000E+00   0.0000000E+00
   1.5441269E+03   2.5580000E+03   0.0000000E+00   0.0000000E+00   0.0000000E+00
   1.5441344E+03   2.6090000E+03   1.0000000E+00   1.7893857E-04   4.6685072E-01
   1.5441419E+03   2.5490000E+03   0.0000000E+00   0.0000000E+00   0.0000000E+00
   1.5441494E+03   2.5450000E+03   0.0000000E+00   0.0000000E+00   0.0000000E+00
   1.5441570E+03   2.5220000E+03   0.0000000E+00   0.0000000E+00   0.0000000E+00
   1.5441645E+03   2.5840000E+03   0.0000000E+00   0.0000000E+00   0.0000000E+00
   1.5441720E+03   2.5620000E+03   0.0000000E+00   0.0000000E+00   0.0000000E+00
   1.5441796E+03   2.6270000E+03   0.0000000E+00   0.0000000E+00   0.0000000E+00
   1.5441871E+03   2.6210000E+03   0.0000000E+00   0.0000000E+00   0.0000000E+00
   1.5441946E+03   2.6300000E+03   0.0000000E+00   0.0000000E+00   0.0000000E+00
   1.5442021E+03   2.5990000E+03   0.0000000E+00   0.0000000E+00   0.0000000E+00
   1.5442097E+03   2.5490000E+03   0.0000000E+00   0.0000000E+00   0.0000000E+00
   1.5442172E+03   2.6320000E+03   0.0000000E+00   0.0000000E+00   0.0000000E+00
   1.5442247E+03   2.6240000E+03   0.0000000E+00   0.0000000E+00   0.0000000E+00
   1.5442323E+03   2.5800000E+03   0.0000000E+00   0.0000000E+00   0.0000000E+00
   1.5442398E+03   2.5830000E+03   0.0000000E+00   0.0000000E+00   0.0000000E+00
   1.5442473E+03   2.5260000E+03   0.0000000E+00   0.0000000E+00   0.0000000E+00
   1.5442548E+03   2.5670000E+03   0.0000000E+00   0.0000000E+00   0.0000000E+00
   1.5442624E+03   2.6610000E+03   0.0000000E+00   0.0000000E+00   0.0000000E+00
   1.5442699E+03   2.5670000E+03   0.0000000E+00   0.0000000E+00   0.0000000E+00
   1.5442774E+03   2.6290000E+03   0.0000000E+00   0.0000000E+00   0.0000000E+00
   1.5442849E+03   2.6270000E+03   0.0000000E+00   0.0000000E+00   0.0000000E+00
   1.5442925E+03   2.5330000E+03   0.0000000E+00   0.0000000E+00   0.0000000E+00
   1.5443000E+03   2.5970000E+03   0.0000000E+00   0.0000000E+00   0.0000000E+00
   1.5443075E+03   2.5750000E+03   0.0000000E+00   0.0000000E+00   0.0000000E+00
   1.5443151E+03   2.6290000E+03   0.0000000E+00   0.0000000E+00   0.0000000E+00
   1.5443226E+03   2.6100000E+03   0.0000000E+00   0.0000000E+00   0.0000000E+00
   1.5443301E+03   2.6380000E+03   0.0000000E+00   0.0000000E+00   0.0000000E+00
   1.5443376E+03   2.6180000E+03   0.0000000E+00   0.0000000E+00   0.0000000E+00
   1.5443452E+03   2.5990000E+03   0.0000000E+00   0.0000000E+00   0.0000000E+00
   1.5443527E+03   2.5790000E+03   0.0000000E+00   0.0000000E+00   0.0000000E+00
   1.5443602E+03   2.6350000E+03   0.0000000E+00   0.0000000E+00   0.0000000E+00
   1.5443678E+03   2.5740000E+03   1.0000000E+00   2.4087130E-04   6.2000272E-01
   1.5443753E+03   2.6320000E+03   0.0000000E+00   0.0000000E+00   0.0000000E+00
   1.5443828E+03   2.6560000E+03   0.0000000E+00   0.0000000E+00   0.0000000E+00
   1.5443903E+03   2.6630000E+03   0.0000000E+00   0.0000000E+00   0.0000000E+00
   1.5443979E+03   2.6550000E+03   0.0000000E+00   0.0000000E+00   0.0000000E+00
   1.5444054E+03   2.6640000E+03   0.0000000E+00   0.0000000E+00   0.0000000E+00
   1.5444129E+03   2.6440000E+03   0.0000000E+00   0.0000000E+00   0.0000000E+00
   1.5444205E+03   2.6040000E+03   0.0000000E+00   0.0000000E+00   0.0000000E+00
   1.5444280E+03   2.6170000E+03   0.0000000E+00   0.0000000E+00   0.0000000E+00
   1.5444355E+03   2.6500000E+03   0.0000000E+00   0.0000000E+00   0.0000000E+00
   1.5444430E+03   2.4830000E+03   0.0000000E+00   0.0000000E+00   0.0000000E+00
   1.5444506E+03   2.5980000E+03   0.0000000E+00   0.0000000E+00   0.0000000E+00
   1.5444581E+03   2.6530000E+03   0.0000000E+00   0.0000000E+00   0.0000000E+00
   1.5444656E+03   2.5850000E+03   0.0000000E+00   0.0000000E+00   0.0000000E+00
   1.5444732E+03   2.5920000E+03   0.0000000E+00   0.0000000E+00   0.0000000E+00
   1.5444807E+03   2.6450000E+03   0.0000000E+00   0.0000000E+00   0.0000000E+00
   1.5444882E+03   2.6920000E+03   0.0000000E+00   0.0000000E+00   0.0000000E+00
   1.5444957E+03   2.7120000E+03   0.0000000E+00   0.0000000E+00   0.0000000E+00
   1.5445033E+03   2.5880000E+03   0.0000000E+00   0.0000000E+00   0.0000000E+00
   1.5445108E+03   2.5680000E+03   0.0000000E+00   0.0000000E+00   0.0000000E+00
   1.5445183E+03   2.6210000E+03   0.0000000E+00   0.0000000E+00   0.0000000E+00
   1.5445259E+03   2.5460000E+03   0.0000000E+00   0.0000000E+00   0.0000000E+00
   1.5445334E+03   2.6440000E+03   0.0000000E+00   0.0000000E+00   0.0000000E+00
   1.5445409E+03   2.6900000E+03   0.0000000E+00   0.0000000E+00   0.0000000E+00
   1.5445484E+03   2.5910000E+03   0.0000000E+00   0.0000000E+00   0.0000000E+00
   1.5445560E+03   2.5860000E+03   0.0000000E+00   0.0000000E+00   0.0000000E+00
   1.5445635E+03   2.6540000E+03   0.0000000E+00   0.0000000E+00   0.0000000E+00
   1.5445710E+03   2.7210000E+03   1.0000000E+00   2.7263680E-05   7.4184472E-02
   1.5445786E+03   2.6080000E+03   0.0000000E+00   0.0000000E+00   0.0000000E+00
   1.5445861E+03   2.7420000E+03   0.0000000E+00   0.0000000E+00   0.0000000E+00
   1.5445936E+03   2.5670000E+03   0.0000000E+00   0.0000000E+00   0.0000000E+00
   1.5446011E+03   2.6250000E+03   0.0000000E+00   0.0000000E+00   0.0000000E+00
   1.5446087E+03   2.6470000E+03   0.0000000E+00   0.0000000E+00   0.0000000E+00
   1.5446162E+03   2.6680000E+03   0.0000000E+00   0.0000000E+00   0.0000000E+00
   1.5446237E+03   2.6470000E+03   0.0000000E+00   0.0000000E+00   0.0000000E+00
   1.5446313E+03   2.6660000E+03   0.0000000E+00   0.0000000E+00   0.0000000E+00
   1.5446388E+03   2.6050000E+03   0.0000000E+00   0.0000000E+00   0.0000000E+00
   1.5446463E+03   2.6610000E+03   0.0000000E+00   0.0000000E+00   0.0000000E+00
   1.5446538E+03   2.6280000E+03   0.0000000E+00   0.0000000E+00   0.0000000E+00
   1.5446614E+03   2.5860000E+03   0.0000000E+00   0.0000000E+00   0.0000000E+00
   1.5446689E+03   2.5760000E+03   0.0000000E+00   0.0000000E+00   0.0000000E+00
   1.5446764E+03   2.6240000E+03   0.0000000E+00   0.0000000E+00   0.0000000E+00
   1.5446840E+03   2.6190000E+03   0.0000000E+00   0.0000000E+00   0.0000000E+00
   1.5446915E+03   2.7180000E+03   0.0000000E+00   0.0000000E+00   0.0000000E+00
   1.5446990E+03   2.5730000E+03   0.0000000E+00   0.0000000E+00   0.0000000E+00
   1.5447065E+03   2.7340000E+03   0.0000000E+00   0.0000000E+00   0.0000000E+00
   1.5447141E+03   2.6250000E+03   0.0000000E+00   0.0000000E+00   0.0000000E+00
   1.5447216E+03   2.7280000E+03   1.0000000E+00   3.2145858E-04   8.7693901E-01
   1.5447291E+03   2.6630000E+03   0.0000000E+00   0.0000000E+00   0.0000000E+00
   1.5447366E+03   2.6920000E+03   1.0000000E+00   7.3288230E-05   1.9729192E-01
   1.5447442E+03   2.7250000E+03   0.0000000E+00   0.0000000E+00   0.0000000E+00
   1.5447517E+03   2.7160000E+03   0.0000000E+00   0.0000000E+00   0.0000000E+00
   1.5447592E+03   2.6390000E+03   0.0000000E+00   0.0000000E+00   0.0000000E+00
   1.5447668E+03   2.6660000E+03   0.0000000E+00   0.0000000E+00   0.0000000E+00
   1.5447743E+03   2.6590000E+03   0.0000000E+00   0.0000000E+00   0.0000000E+00
   1.5447818E+03   2.6160000E+03   0.0000000E+00   0.0000000E+00   0.0000000E+00
   1.5447893E+03   2.6920000E+03   0.0000000E+00   0.0000000E+00   0.0000000E+00
   1.5447969E+03   2.6350000E+03   0.0000000E+00   0.0000000E+00   0.0000000E+00
   1.5448044E+03   2.6340000E+03   0.0000000E+00   0.0000000E+00   0.0000000E+00
   1.5448119E+03   2.6260000E+03   0.0000000E+00   0.0000000E+00   0.0000000E+00
   1.5448195E+03   2.6630000E+03   0.0000000E+00   0.0000000E+00   0.0000000E+00
   1.5448270E+03   2.7720000E+03   0.0000000E+00   0.0000000E+00   0.0000000E+00
   1.5448345E+03   2.5600000E+03   0.0000000E+00   0.0000000E+00   0.0000000E+00
   1.5448420E+03   2.6670000E+03   0.0000000E+00   0.0000000E+00   0.0000000E+00
   1.5448496E+03   2.7020000E+03   0.0000000E+00   0.0000000E+00   0.0000000E+00
   1.5448571E+03   2.6450000E+03   0.0000000E+00   0.0000000E+00   0.0000000E+00
   1.5448646E+03   2.6870000E+03   0.0000000E+00   0.0000000E+00   0.0000000E+00
   1.5448722E+03   2.7080000E+03   0.0000000E+00   0.0000000E+00   0.0000000E+00
   1.5448797E+03   2.6980000E+03   0.0000000E+00   0.0000000E+00   0.0000000E+00
   1.5448872E+03   2.6580000E+03   0.0000000E+00   0.0000000E+00   0.0000000E+00
   1.5448947E+03   2.6990000E+03   0.0000000E+00   0.0000000E+00   0.0000000E+00
   1.5449023E+03   2.6330000E+03   1.0000000E+00   1.9819949E-04   5.2185925E-01
   1.5449098E+03   2.6560000E+03   0.0000000E+00   0.0000000E+00   0.0000000E+00
   1.5449173E+03   2.6900000E+03   0.0000000E+00   0.0000000E+00   0.0000000E+00
   1.5449249E+03   2.7540000E+03   0.0000000E+00   0.0000000E+00   0.0000000E+00
   1.5449324E+03   2.6870000E+03   0.0000000E+00   0.0000000E+00   0.0000000E+00
   1.5449399E+03   2.6120000E+03   1.0000000E+00   2.1849934E-04   5.7072026E-01
   1.5449474E+03   2.7180000E+03   0.0000000E+00   0.0000000E+00   0.0000000E+00
   1.5449550E+03   2.7140000E+03   0.0000000E+00   0.0000000E+00   0.0000000E+00
   1.5449625E+03   2.7460000E+03   0.0000000E+00   0.0000000E+00   0.0000000E+00
   1.5449700E+03   2.6450000E+03   0.0000000E+00   0.0000000E+00   0.0000000E+00
   1.5449776E+03   2.7070000E+03   1.0000000E+00   2.1292807E-04   5.7639627E-01
   1.5449851E+03   2.6660000E+03   1.0000000E+00   2.0139856E-04   5.3692857E-01
   1.5449926E+03   2.6300000E+03   0.0000000E+00   0.0000000E+00   0.0000000E+00
   1.5450001E+03   2.6330000E+03   0.0000000E+00   0.0000000E+00   0.0000000E+00
   1.5450077E+03   2.6860000E+03   0.0000000E+00   0.0000000E+00   0.0000000E+00
   1.5450152E+03   2.6300000E+03   0.0000000E+00   0.0000000E+00   0.0000000E+00
   1.5450227E+03   2.6670000E+03   0.0000000E+00   0.0000000E+00   0.0000000E+00
   1.5450303E+03   2.6660000E+03   0.0000000E+00   0.0000000E+00   0.0000000E+00
   1.5450378E+03   2.6280000E+03   0.0000000E+00   0.0000000E+00   0.0000000E+00
   1.5450453E+03   2.7520000E+03   1.0000000E+00   2.2667787E-04   6.2381749E-01
   1.5450528E+03   2.7190000E+03   0.0000000E+00   0.0000000E+00   0.0000000E+00
   1.5450604E+03   2.6730000E+03   0.0000000E+00   0.0000000E+00   0.0000000E+00
   1.5450679E+03   2.6500000E+03   0.0000000E+00   0.0000000E+00   0.0000000E+00
   1.5450754E+03   2.6670000E+03   0.0000000E+00   0.0000000E+00   0.0000000E+00
   1.5450830E+03   2.6280000E+03   1.0000000E+00   8.5616053E-05   2.2499899E-01
   1.5450905E+03   2.7140000E+03   0.0000000E+00   0.0000000E+00   0.0000000E+00
   1.5450980E+03   2.7360000E+03   0.0000000E+00   0.0000000E+00   0.0000000E+00
   1.5451055E+03   2.7370000E+03   0.0000000E+00   0.0000000E+00   0.0000000E+00
   1.5451131E+03   2.6510000E+03   0.0000000E+00   0.0000000E+00   0.0000000E+00
   1.5451206E+03   2.6190000E+03   0.0000000E+00   0.0000000E+00   0.0000000E+00
   1.5451281E+03   2.7420000E+03   0.0000000E+00   0.0000000E+00   0.0000000E+00
   1.5451357E+03   2.6300000E+03   0.0000000E+00   0.0000000E+00   0.0000000E+00
   1.5451432E+03   2.6930000E+03   0.0000000E+00   0.0000000E+00   0.0000000E+00
   1.5451507E+03   2.6840000E+03   0.0000000E+00   0.0000000E+00   0.0000000E+00
   1.5451582E+03   2.6310000E+03   0.0000000E+00   0.0000000E+00   0.0000000E+00
   1.5451658E+03   2.5770000E+03   0.0000000E+00   0.0000000E+00   0.0000000E+00
   1.5451733E+03   2.7530000E+03   0.0000000E+00   0.0000000E+00   0.0000000E+00
   1.5451808E+03   2.7160000E+03   0.0000000E+00   0.0000000E+00   0.0000000E+00
   1.5451883E+03   2.7190000E+03   0.0000000E+00   0.0000000E+00   0.0000000E+00
   1.5451959E+03   2.6710000E+03   0.0000000E+00   0.0000000E+00   0.0000000E+00
   1.5452034E+03   2.6270000E+03   0.0000000E+00   0.0000000E+00   0.0000000E+00
   1.5452109E+03   2.6530000E+03   0.0000000E+00   0.0000000E+00   0.0000000E+00
   1.5452185E+03   2.6700000E+03   0.0000000E+00   0.0000000E+00   0.0000000E+00
   1.5452260E+03   2.7330000E+03   0.0000000E+00   0.0000000E+00   0.0000000E+00
   1.5452335E+03   2.7590000E+03   0.0000000E+00   0.0000000E+00   0.0000000E+00
   1.5452410E+03   2.7350000E+03   0.0000000E+00   0.0000000E+00   0.0000000E+00
   1.5452486E+03   2.7920000E+03   0.0000000E+00   0.0000000E+00   0.0000000E+00
   1.5452561E+03   2.6030000E+03   0.0000000E+00   0.0000000E+00   0.0000000E+00
   1.5452636E+03   2.6790000E+03   0.0000000E+00   0.0000000E+00   0.0000000E+00
   1.5452712E+03   2.6770000E+03   0.0000000E+00   0.0000000E+00   0.0000000E+00
   1.5452787E+03   2.7380000E+03   0.0000000E+00   0.0000000E+00   0.0000000E+00
   1.5452862E+03   2.7620000E+03   0.0000000E+00   0.0000000E+00   0.0000000E+00
   1.5452937E+03   2.6730000E+03   0.0000000E+00   0.0000000E+00   0.0000000E+00
   1.5453013E+03   2.7530000E+03   0.0000000E+00   0.0000000E+00   0.0000000E+00
   1.5453088E+03   2.6800000E+03   1.0000000E+00   1.2138420E-04   3.2530965E-01
   1.5453163E+03   2.6290000E+03   0.0000000E+00   0.0000000E+00   0.0000000E+00
   1.5453239E+03   2.6360000E+03   0.0000000E+00   0.0000000E+00   0.0000000E+00
   1.5453314E+03   2.6970000E+03   1.0000000E+00   2.5786594E-04   6.9546443E-01
   1.5453389E+03   2.6900000E+03   0.0000000E+00   0.0000000E+00   0.0000000E+00
   1.5453464E+03   2.8000000E+03   0.0000000E+00   0.0000000E+00   0.0000000E+00
   1.5453540E+03   2.7150000E+03   0.0000000E+00   0.0000000E+00   0.0000000E+00
   1.5453615E+03   2.8050000E+03   0.0000000E+00   0.0000000E+00   0.0000000E+00
   1.5453690E+03   2.7780000E+03   0.0000000E+00   2.3803835E-06   0.0000000E+00
   1.5453766E+03   2.7060000E+03   1.0000000E+00   6.7695867E-06   1.8318502E-02
   1.5453841E+03   2.6430000E+03   0.0000000E+00   0.0000000E+00   0.0000000E+00
   1.5453916E+03   2.7040000E+03   0.0000000E+00   0.0000000E+00   0.0000000E+00
   1.5453991E+03   2.6580000E+03   0.0000000E+00   0.0000000E+00   0.0000000E+00
   1.5454067E+03   2.6750000E+03   0.0000000E+00   0.0000000E+00   0.0000000E+00
   1.5454142E+03   2.7850000E+03   0.0000000E+00   0.0000000E+00   0.0000000E+00
   1.5454217E+03   2.6970000E+03   0.0000000E+00   0.0000000E+00   0.0000000E+00
   1.5454293E+03   2.6990000E+03   0.0000000E+00   0.0000000E+00   0.0000000E+00
   1.5454368E+03   2.6600000E+03   0.0000000E+00   0.0000000E+00   0.0000000E+00
   1.5454443E+03   2.7210000E+03   0.0000000E+00   0.0000000E+00   0.0000000E+00
   1.5454518E+03   2.7210000E+03   0.0000000E+00   0.0000000E+00   0.0000000E+00
   1.5454594E+03   2.6840000E+03   1.0000000E+00   2.7450058E-04   7.3675955E-01
   1.5454669E+03   2.7860000E+03   0.0000000E+00   0.0000000E+00   0.0000000E+00
   1.5454744E+03   2.6860000E+03   0.0000000E+00   0.0000000E+00   0.0000000E+00
   1.5454820E+03   2.6800000E+03   0.0000000E+00   0.0000000E+00   0.0000000E+00
   1.5454895E+03   2.7250000E+03   0.0000000E+00   0.0000000E+00   0.0000000E+00
   1.5454970E+03   2.8400000E+03   0.0000000E+00   0.0000000E+00   0.0000000E+00
   1.5455045E+03   2.7820000E+03   1.0000000E+00   9.4010933E-05   2.6153842E-01
   1.5455121E+03   2.7150000E+03   0.0000000E+00   0.0000000E+00   0.0000000E+00
   1.5455196E+03   2.7410000E+03   0.0000000E+00   0.0000000E+00   0.0000000E+00
   1.5455271E+03   2.6800000E+03   0.0000000E+00   0.0000000E+00   0.0000000E+00
   1.5455347E+03   2.7140000E+03   0.0000000E+00   0.0000000E+00   0.0000000E+00
   1.5455422E+03   2.7010000E+03   0.0000000E+00   0.0000000E+00   0.0000000E+00
   1.5455497E+03   2.6940000E+03   0.0000000E+00   0.0000000E+00   0.0000000E+00
   1.5455572E+03   2.8080000E+03   0.0000000E+00   0.0000000E+00   0.0000000E+00
   1.5455648E+03   2.7100000E+03   0.0000000E+00   0.0000000E+00   0.0000000E+00
   1.5455723E+03   2.7830000E+03   0.0000000E+00   0.0000000E+00   0.0000000E+00
   1.5455798E+03   2.6850000E+03   0.0000000E+00   0.0000000E+00   0.0000000E+00
   1.5455874E+03   2.7390000E+03   0.0000000E+00   0.0000000E+00   0.0000000E+00
   1.5455949E+03   2.6800000E+03   0.0000000E+00   0.0000000E+00   0.0000000E+00
   1.5456024E+03   2.7600000E+03   0.0000000E+00   0.0000000E+00   0.0000000E+00
   1.5456099E+03   2.6890000E+03   0.0000000E+00   0.0000000E+00   0.0000000E+00
   1.5456175E+03   2.7070000E+03   0.0000000E+00   0.0000000E+00   0.0000000E+00
   1.5456250E+03   2.7370000E+03   0.0000000E+00   0.0000000E+00   0.0000000E+00
   1.5456325E+03   2.7450000E+03   0.0000000E+00   0.0000000E+00   0.0000000E+00
   1.5456400E+03   2.7670000E+03   0.0000000E+00   0.0000000E+00   0.0000000E+00
   1.5456476E+03   2.7360000E+03   0.0000000E+00   0.0000000E+00   0.0000000E+00
   1.5456551E+03   2.7530000E+03   0.0000000E+00   0.0000000E+00   0.0000000E+00
   1.5456626E+03   2.7700000E+03   0.0000000E+00   0.0000000E+00   0.0000000E+00
   1.5456702E+03   2.8170000E+03   0.0000000E+00   0.0000000E+00   0.0000000E+00
   1.5456777E+03   2.8340000E+03   0.0000000E+00   0.0000000E+00   0.0000000E+00
   1.5456852E+03   2.6980000E+03   0.0000000E+00   0.0000000E+00   0.0000000E+00
   1.5456927E+03   2.7220000E+03   0.0000000E+00   0.0000000E+00   0.0000000E+00
   1.5457003E+03   2.7260000E+03   0.0000000E+00   0.0000000E+00   0.0000000E+00
   1.5457078E+03   2.6280000E+03   0.0000000E+00   0.0000000E+00   0.0000000E+00
   1.5457153E+03   2.6680000E+03   0.0000000E+00   0.0000000E+00   0.0000000E+00
   1.5457229E+03   2.7140000E+03   0.0000000E+00   0.0000000E+00   0.0000000E+00
   1.5457304E+03   2.8290000E+03   0.0000000E+00   0.0000000E+00   0.0000000E+00
   1.5457379E+03   2.7660000E+03   0.0000000E+00   0.0000000E+00   0.0000000E+00
   1.5457454E+03   2.7900000E+03   0.0000000E+00   0.0000000E+00   0.0000000E+00
   1.5457530E+03   2.7490000E+03   0.0000000E+00   0.0000000E+00   0.0000000E+00
   1.5457605E+03   2.7310000E+03   1.0000000E+00   1.3700757E-04   3.7416766E-01
   1.5457680E+03   2.7240000E+03   0.0000000E+00   0.0000000E+00   0.0000000E+00
   1.5457756E+03   2.7900000E+03   0.0000000E+00   0.0000000E+00   0.0000000E+00
   1.5457831E+03   2.8050000E+03   0.0000000E+00   0.0000000E+00   0.0000000E+00
   1.5457906E+03   2.7890000E+03   0.0000000E+00   0.0000000E+00   0.0000000E+00
   1.5457981E+03   2.7340000E+03   0.0000000E+00   0.0000000E+00   0.0000000E+00
   1.5458057E+03   2.7740000E+03   0.0000000E+00   0.0000000E+00   0.0000000E+00
   1.5458132E+03   2.7210000E+03   0.0000000E+00   0.0000000E+00   0.0000000E+00
   1.5458207E+03   2.7130000E+03   0.0000000E+00   0.0000000E+00   0.0000000E+00
   1.5458283E+03   2.8100000E+03   0.0000000E+00   0.0000000E+00   0.0000000E+00
   1.5458358E+03   2.6460000E+03   0.0000000E+00   0.0000000E+00   0.0000000E+00
   1.5458433E+03   2.8090000E+03   0.0000000E+00   0.0000000E+00   0.0000000E+00
   1.5458508E+03   2.7590000E+03   0.0000000E+00   0.0000000E+00   0.0000000E+00
   1.5458584E+03   2.8020000E+03   0.0000000E+00   0.0000000E+00   0.0000000E+00
   1.5458659E+03   2.7060000E+03   0.0000000E+00   0.0000000E+00   0.0000000E+00
   1.5458734E+03   2.8010000E+03   0.0000000E+00   0.0000000E+00   0.0000000E+00
   1.5458810E+03   2.7450000E+03   0.0000000E+00   0.0000000E+00   0.0000000E+00
   1.5458885E+03   2.6420000E+03   0.0000000E+00   0.0000000E+00   0.0000000E+00
   1.5458960E+03   2.8200000E+03   0.0000000E+00   0.0000000E+00   0.0000000E+00
   1.5459035E+03   2.8600000E+03   0.0000000E+00   0.0000000E+00   0.0000000E+00
   1.5459111E+03   2.7090000E+03   0.0000000E+00   0.0000000E+00   0.0000000E+00
   1.5459186E+03   2.7550000E+03   0.0000000E+00   0.0000000E+00   0.0000000E+00
   1.5459261E+03   2.7010000E+03   0.0000000E+00   0.0000000E+00   0.0000000E+00
   1.5459337E+03   2.8280000E+03   0.0000000E+00   0.0000000E+00   0.0000000E+00
   1.5459412E+03   2.7660000E+03   0.0000000E+00   0.0000000E+00   0.0000000E+00
   1.5459487E+03   2.6870000E+03   0.0000000E+00   0.0000000E+00   0.0000000E+00
   1.5459562E+03   2.6940000E+03   0.0000000E+00   0.0000000E+00   0.0000000E+00
   1.5459638E+03   2.7300000E+03   1.0000000E+00   3.1614144E-05   8.6306612E-02
   1.5459713E+03   2.7790000E+03   1.0000000E+00   7.8994149E-05   2.1952474E-01
   1.5459788E+03   2.7460000E+03   0.0000000E+00   0.0000000E+00   0.0000000E+00
   1.5459864E+03   2.7390000E+03   0.0000000E+00   0.0000000E+00   0.0000000E+00
   1.5459939E+03   2.8060000E+03   0.0000000E+00   0.0000000E+00   0.0000000E+00
   1.5460014E+03   2.7290000E+03   0.0000000E+00   0.0000000E+00   0.0000000E+00
   1.5460089E+03   2.7680000E+03   1.0000000E+00   2.8450104E-04   7.8749887E-01
   1.5460165E+03   2.7660000E+03   0.0000000E+00   0.0000000E+00   0.0000000E+00
   1.5460240E+03   2.7710000E+03   0.0000000E+00   0.0000000E+00   0.0000000E+00
   1.5460315E+03   2.7130000E+03   0.0000000E+00   0.0000000E+00   0.0000000E+00
   1.5460391E+03   2.7720000E+03   0.0000000E+00   0.0000000E+00   0.0000000E+00
   1.5460466E+03   2.7510000E+03   0.0000000E+00   0.0000000E+00   0.0000000E+00
   1.5460541E+03   2.7920000E+03   0.0000000E+00   0.0000000E+00   0.0000000E+00
   1.5460616E+03   2.7390000E+03   0.0000000E+00   0.0000000E+00   0.0000000E+00
   1.5460692E+03   2.7570000E+03   0.0000000E+00   0.0000000E+00   0.0000000E+00
   1.5460767E+03   2.8040000E+03   0.0000000E+00   0.0000000E+00   0.0000000E+00
   1.5460842E+03   2.7630000E+03   0.0000000E+00   0.0000000E+00   0.0000000E+00
   1.5460917E+03   2.7730000E+03   0.0000000E+00   0.0000000E+00   0.0000000E+00
   1.5460993E+03   2.7180000E+03   0.0000000E+00   0.0000000E+00   0.0000000E+00
   1.5461068E+03   2.8060000E+03   1.0000000E+00   1.5471323E-04   4.3412532E-01
   1.5461143E+03   2.8070000E+03   0.0000000E+00   0.0000000E+00   0.0000000E+00
   1.5461219E+03   2.6810000E+03   0.0000000E+00   0.0000000E+00   0.0000000E+00
   1.5461294E+03   2.8130000E+03   1.0000000E+00   9.7117960E-05   2.7319282E-01
   1.5461369E+03   2.7560000E+03   0.0000000E+00   0.0000000E+00   0.0000000E+00
   1.5461444E+03   2.7600000E+03   0.0000000E+00   0.0000000E+00   0.0000000E+00
   1.5461520E+03   2.8010000E+03   0.0000000E+00   0.0000000E+00   0.0000000E+00
   1.5461595E+03   2.7560000E+03   0.0000000E+00   7.5389646E-07   0.0000000E+00
   1.5461670E+03   2.6910000E+03   0.0000000E+00   0.0000000E+00   0.0000000E+00
   1.5461746E+03   2.7460000E+03   2.0000000E+00   1.1562535E-04   1.5875361E-01
   1.5461821E+03   2.7680000E+03   0.0000000E+00   0.0000000E+00   0.0000000E+00
   1.5461896E+03   2.8090000E+03   0.0000000E+00   0.0000000E+00   0.0000000E+00
   1.5461971E+03   2.7840000E+03   0.0000000E+00   0.0000000E+00   0.0000000E+00
   1.5462047E+03   2.6940000E+03   0.0000000E+00   0.0000000E+00   0.0000000E+00
   1.5462122E+03   2.7420000E+03   0.0000000E+00   0.0000000E+00   0.0000000E+00
   1.5462197E+03   2.7850000E+03   0.0000000E+00   0.0000000E+00   0.0000000E+00
   1.5462273E+03   2.7040000E+03   0.0000000E+00   0.0000000E+00   0.0000000E+00
   1.5462348E+03   2.8170000E+03   0.0000000E+00   0.0000000E+00   0.0000000E+00
   1.5462423E+03   2.7280000E+03   0.0000000E+00   0.0000000E+00   0.0000000E+00
   1.5462498E+03   2.7250000E+03   0.0000000E+00   0.0000000E+00   0.0000000E+00
   1.5462574E+03   2.8820000E+03   0.0000000E+00   0.0000000E+00   0.0000000E+00
   1.5462649E+03   2.8530000E+03   0.0000000E+00   0.0000000E+00   0.0000000E+00
   1.5462724E+03   2.7920000E+03   1.0000000E+00   2.4326264E-04   6.7918930E-01
   1.5462800E+03   2.7840000E+03   0.0000000E+00   0.0000000E+00   0.0000000E+00
   1.5462875E+03   2.7680000E+03   0.0000000E+00   0.0000000E+00   0.0000000E+00
   1.5462950E+03   2.7680000E+03   0.0000000E+00   0.0000000E+00   0.0000000E+00
   1.5463025E+03   2.8100000E+03   0.0000000E+00   0.0000000E+00   0.0000000E+00
   1.5463101E+03   2.8380000E+03   0.0000000E+00   0.0000000E+00   0.0000000E+00
   1.5463176E+03   2.7220000E+03   0.0000000E+00   0.0000000E+00   0.0000000E+00
   1.5463251E+03   2.7270000E+03   0.0000000E+00   0.0000000E+00   0.0000000E+00
   1.5463327E+03   2.7740000E+03   0.0000000E+00   0.0000000E+00   0.0000000E+00
   1.5463402E+03   2.6790000E+03   1.0000000E+00   2.7139757E-04   7.2707409E-01
   1.5463477E+03   2.8470000E+03   1.0000000E+00   1.1943567E-04   3.4003335E-01
   1.5463552E+03   2.8740000E+03   0.0000000E+00   0.0000000E+00   0.0000000E+00
   1.5463628E+03   2.7590000E+03   0.0000000E+00   0.0000000E+00   0.0000000E+00
   1.5463703E+03   2.7900000E+03   0.0000000E+00   0.0000000E+00   0.0000000E+00
   1.5463778E+03   2.8630000E+03   0.0000000E+00   0.0000000E+00   0.0000000E+00
   1.5463854E+03   2.7720000E+03   0.0000000E+00   0.0000000E+00   0.0000000E+00
   1.5463929E+03   2.7290000E+03   0.0000000E+00   0.0000000E+00   0.0000000E+00
   1.5464004E+03   2.7200000E+03   0.0000000E+00   0.0000000E+00   0.0000000E+00
   1.5464079E+03   2.8130000E+03   0.0000000E+00   0.0000000E+00   0.0000000E+00
   1.5464155E+03   2.8500000E+03   0.0000000E+00   0.0000000E+00   0.0000000E+00
   1.5464230E+03   2.8000000E+03   0.0000000E+00   0.0000000E+00   0.0000000E+00
   1.5464305E+03   2.7540000E+03   0.0000000E+00   0.0000000E+00   0.0000000E+00
   1.5464381E+03   2.8080000E+03   0.0000000E+00   0.0000000E+00   0.0000000E+00
   1.5464456E+03   2.8120000E+03   1.0000000E+00   3.8248605E-05   1.0755508E-01
   1.5464531E+03   2.7290000E+03   0.0000000E+00   0.0000000E+00   0.0000000E+00
   1.5464606E+03   2.8070000E+03   0.0000000E+00   0.0000000E+00   0.0000000E+00
   1.5464682E+03   2.7570000E+03   0.0000000E+00   0.0000000E+00   0.0000000E+00
   1.5464757E+03   2.7390000E+03   0.0000000E+00   0.0000000E+00   0.0000000E+00
   1.5464832E+03   2.9010000E+03   0.0000000E+00   0.0000000E+00   0.0000000E+00
   1.5464908E+03   2.8780000E+03   0.0000000E+00   0.0000000E+00   0.0000000E+00
   1.5464983E+03   2.7680000E+03   0.0000000E+00   0.0000000E+00   0.0000000E+00
   1.5465058E+03   2.8470000E+03   0.0000000E+00   0.0000000E+00   0.0000000E+00
   1.5465133E+03   2.8970000E+03   0.0000000E+00   0.0000000E+00   0.0000000E+00
   1.5465209E+03   2.8240000E+03   1.0000000E+00   2.6936312E-04   7.6068144E-01
   1.5465284E+03   2.8290000E+03   0.0000000E+00   0.0000000E+00   0.0000000E+00
   1.5465359E+03   2.7380000E+03   0.0000000E+00   0.0000000E+00   0.0000000E+00
   1.5465434E+03   2.7920000E+03   1.0000000E+00   2.2512924E-04   6.2856084E-01
   1.5465510E+03   2.7570000E+03   0.0000000E+00   0.0000000E+00   0.0000000E+00
   1.5465585E+03   2.7580000E+03   1.0000000E+00   6.7318525E-05   1.8566449E-01
   1.5465660E+03   2.8240000E+03   0.0000000E+00   0.0000000E+00   0.0000000E+00
   1.5465736E+03   2.8870000E+03   1.0000000E+00   3.0902540E-05   8.9215632E-02
   1.5465811E+03   2.7730000E+03   0.0000000E+00   0.0000000E+00   0.0000000E+00
   1.5465886E+03   2.7920000E+03   1.0000000E+00   8.1979081E-05   2.2888559E-01
   1.5465961E+03   2.8570000E+03   0.0000000E+00   0.0000000E+00   0.0000000E+00
   1.5466037E+03   2.8530000E+03   0.0000000E+00   0.0000000E+00   0.0000000E+00
   1.5466112E+03   2.8680000E+03   0.0000000E+00   0.0000000E+00   0.0000000E+00
   1.5466187E+03   2.7130000E+03   0.0000000E+00   0.0000000E+00   0.0000000E+00
   1.5466263E+03   2.7940000E+03   0.0000000E+00   0.0000000E+00   0.0000000E+00
   1.5466338E+03   2.8280000E+03   0.0000000E+00   0.0000000E+00   0.0000000E+00
   1.5466413E+03   2.8270000E+03   1.0000000E+00   1.6817995E-05   4.7544471E-02
   1.5466488E+03   2.8470000E+03   0.0000000E+00   0.0000000E+00   0.0000000E+00
   1.5466564E+03   2.8070000E+03   0.0000000E+00   0.0000000E+00   0.0000000E+00
   1.5466639E+03   2.7430000E+03   0.0000000E+00   0.0000000E+00   0.0000000E+00
   1.5466714E+03   2.8640000E+03   0.0000000E+00   0.0000000E+00   0.0000000E+00
   1.5466790E+03   2.7100000E+03   2.0000000E+00   8.8338057E-05   1.1969807E-01
   1.5466865E+03   2.7430000E+03   0.0000000E+00   0.0000000E+00   0.0000000E+00
   1.5466940E+03   2.7950000E+03   1.0000000E+00   9.4419894E-05   2.6390360E-01
   1.5467015E+03   2.8210000E+03   0.0000000E+00   0.0000000E+00   0.0000000E+00
   1.5467091E+03   2.8740000E+03   0.0000000E+00   0.0000000E+00   0.0000000E+00
   1.5467166E+03   2.7850000E+03   1.0000000E+00   1.0409909E-04   2.8991597E-01
   1.5467241E+03   2.7030000E+03   0.0000000E+00   0.0000000E+00   0.0000000E+00
   1.5467317E+03   2.8540000E+03   0.0000000E+00   0.0000000E+00   0.0000000E+00
   1.5467392E+03   2.8220000E+03   2.0000000E+00   2.7877102E-04   3.9334591E-01
   1.5467467E+03   2.7980000E+03   0.0000000E+00   0.0000000E+00   0.0000000E+00
   1.5467542E+03   2.8720000E+03   0.0000000E+00   0.0000000E+00   0.0000000E+00
   1.5467618E+03   2.8080000E+03   2.0000000E+00   1.3783217E-04   1.9351636E-01
   1.5467693E+03   2.8470000E+03   0.0000000E+00   0.0000000E+00   0.0000000E+00
   1.5467768E+03   2.7660000E+03   0.0000000E+00   0.0000000E+00   0.0000000E+00
   1.5467844E+03   2.7880000E+03   0.0000000E+00   0.0000000E+00   0.0000000E+00
   1.5467919E+03   2.8440000E+03   0.0000000E+00   0.0000000E+00   0.0000000E+00
   1.5467994E+03   2.8350000E+03   0.0000000E+00   0.0000000E+00   0.0000000E+00
   1.5468069E+03   2.9300000E+03   1.0000000E+00   5.4297971E-05   1.5909305E-01
   1.5468145E+03   2.7660000E+03   1.0000000E+00   1.3626437E-04   3.7690725E-01
   1.5468220E+03   2.7240000E+03   0.0000000E+00   0.0000000E+00   0.0000000E+00
   1.5468295E+03   2.8480000E+03   0.0000000E+00   0.0000000E+00   0.0000000E+00
   1.5468371E+03   2.8340000E+03   0.0000000E+00   0.0000000E+00   0.0000000E+00
   1.5468446E+03   2.8670000E+03   0.0000000E+00   0.0000000E+00   0.0000000E+00
   1.5468521E+03   2.8700000E+03   1.0000000E+00   2.2979408E-04   6.5950900E-01
   1.5468596E+03   2.8270000E+03   0.0000000E+00   0.0000000E+00   0.0000000E+00
   1.5468672E+03   2.7530000E+03   0.0000000E+00   0.0000000E+00   0.0000000E+00
   1.5468747E+03   2.8260000E+03   0.0000000E+00   0.0000000E+00   0.0000000E+00
   1.5468822E+03   2.8420000E+03   2.0000000E+00   2.0529160E-04   2.9171936E-01
   1.5468898E+03   2.9310000E+03   1.0000000E+00   2.0091841E-05   5.8981269E-02
   1.5468973E+03   2.8520000E+03   0.0000000E+00   0.0000000E+00   0.0000000E+00
   1.5469048E+03   2.7970000E+03   0.0000000E+00   0.0000000E+00   0.0000000E+00
   1.5469123E+03   2.8790000E+03   1.0000000E+00   7.5212555E-06   2.1653695E-02
   1.5469199E+03   2.8240000E+03   0.0000000E+00   0.0000000E+00   0.0000000E+00
   1.5469274E+03   2.7840000E+03   2.0000000E+00   1.7248257E-05   2.4009574E-02
   1.5469349E+03   2.8190000E+03   0.0000000E+00   0.0000000E+00   0.0000000E+00
   1.5469425E+03   2.8240000E+03   1.0000000E+00   3.4805965E-06   9.8292044E-03
   1.5469500E+03   2.8520000E+03   1.0000000E+00   1.2972635E-05   3.6997955E-02
   1.5469575E+03   2.7460000E+03   0.0000000E+00   0.0000000E+00   0.0000000E+00
   1.5469650E+03   2.8670000E+03   2.0000000E+00   1.6784123E-04   2.4060040E-01
   1.5469726E+03   2.9130000E+03   0.0000000E+00   0.0000000E+00   0.0000000E+00
   1.5469801E+03   2.7630000E+03   3.0000000E+00   1.6564489E-04   1.5255895E-01
   1.5469876E+03   2.8360000E+03   2.0000000E+00   5.3996548E-05   7.6650922E-02
   1.5469951E+03   2.8150000E+03   4.0000000E+00   2.1761903E-04   1.5314939E-01
   1.5470027E+03   2.8370000E+03   2.0000000E+00   5.7717597E-05   8.1872412E-02
   1.5470102E+03   2.9190000E+03   3.0000000E+00   7.5688209E-06   7.3644628E-03
   1.5470177E+03   2.8380000E+03   3.0000000E+00   9.1158177E-05   8.6235636E-02
   1.5470253E+03   2.8580000E+03   3.0000000E+00   4.8055865E-05   4.7468481E-02
   1.5470328E+03   2.7730000E+03   5.0000000E+00   5.7838768E-05   3.2077381E-02
   1.5470403E+03   2.8410000E+03   6.0000000E+00   7.2294501E-05   3.4231446E-02
   1.5470478E+03   2.7070000E+03   4.0000000E+00   4.1550647E-05   2.8119400E-02
   1.5470554E+03   2.6260000E+03   9.0000000E+00   3.2281523E-04   9.4190311E-02
   1.5470629E+03   2.6480000E+03   4.0000000E+00   3.7818915E-05   2.4924980E-02
   1.5470704E+03   2.7150000E+03   1.0000000E+01   9.7717755E-05   2.6530371E-02
   1.5470780E+03   2.5790000E+03   1.2000000E+01   1.8660874E-04   4.0110827E-02
   1.5470855E+03   2.6010000E+03   1.5000000E+01   2.1315462E-04   3.6681498E-02
   1.5470930E+03   2.6000000E+03   1.2000000E+01   3.5606866E-05   7.7148209E-03
   1.5471005E+03   2.5220000E+03   1.7000000E+01   9.9885350E-05   1.4794722E-02
   1.5471081E+03   2.5440000E+03   1.5000000E+01   2.2255240E-04   3.7606345E-02
   1.5471156E+03   2.4460000E+03   2.3000000E+01   1.8860693E-04   2.0057937E-02
   1.5471231E+03   2.4930000E+03   2.7000000E+01   1.1532885E-04   1.0648697E-02
   1.5471307E+03   2.4030000E+03   3.5000000E+01   7.4136957E-05   5.0618492E-03
   1.5471382E+03   2.3000000E+03   4.2000000E+01   5.5424138E-04   3.0351314E-02
   1.5471457E+03   2.2970000E+03   4.1000000E+01   3.1331544E-04   1.7553307E-02
   1.5471532E+03   2.3020000E+03   4.3000000E+01   1.0767712E-04   5.5010419E-03
   1.5471608E+03   2.1000000E+03   4.0000000E+01   3.8867891E-04   2.0463975E-02
   1.5471683E+03   2.0060000E+03   4.6000000E+01   1.9302686E-04   8.4135696E-03
   1.5471758E+03   1.9740000E+03   8.9000000E+01   7.5882359E-04   1.6778655E-02
   1.5471834E+03   1.8340000E+03   8.1000000E+01   1.2978132E-03   3.1637855E-02
   1.5471909E+03   1.8050000E+03   7.7000000E+01   5.8105340E-04   1.3595779E-02
   1.5471984E+03   1.7440000E+03   1.0900000E+02   8.4675429E-04   1.3478319E-02
   1.5472059E+03   1.5760000E+03   1.1700000E+02   4.9768296E-04   7.5085572E-03
   1.5472135E+03   1.5380000E+03   1.1300000E+02   1.4307889E-03   1.9073574E-02
   1.5472210E+03   1.3790000E+03   1.2700000E+02   1.6388905E-03   1.5962447E-02
   1.5472285E+03   1.3360000E+03   1.5400000E+02   9.6902145E-04   9.6594581E-03
   1.5472361E+03   1.1240000E+03   1.4600000E+02   7.8760677E-04   9.0473020E-03
   1.5472436E+03   1.0580000E+03   1.9200000E+02   2.6870987E-03   1.4148950E-02
   1.5472511E+03   1.0100000E+03   1.8600000E+02   1.1202098E-03   4.1105180E-03
   1.5472586E+03   8.4300000E+02   1.9000000E+02   6.3904032E-03   2.8218460E-02
   1.5472662E+03   7.8200000E+02   2.0200000E+02   5.2704986E-03   2.0361497E-02
   1.5472737E+03   7.4100000E+02   2.1400000E+02   1.0502556E-03   1.6225783E-03
   1.5472812E+03   6.4900000E+02   2.2900000E+02   2.9805642E-03   8.5875855E-03
   1.5472888E+03   5.8200000E+02   2.4900000E+02   9.2400716E-03   2.2283202E-02
   1.5472963E+03   5.3800000E+02   2.6900000E+02   1.2554097E-02   2.4852150E-02
   1.5473038E+03   4.6000000E+02   2.4400000E+02   7.0418500E-03   1.4206129E-02
   1.5473113E+03   4.3200000E+02   2.6800000E+02   5.1995271E-03   9.4197411E-03
   1.5473189E+03   4.1800000E+02   2.9700000E+02   8.3742703E-03   1.3064261E-02
   1.5473264E+03   4.0700000E+02   3.0800000E+02   1.1839033E-02   1.7730260E-02
   1.5473339E+03   3.6000000E+02   3.0300000E+02   1.4862163E-03   1.8244017E-03
   1.5473415E+03   3.7500000E+02   3.2000000E+02   1.2279056E-02   1.3773483E-02
   1.5473490E+03   3.6600000E+02   3.2600000E+02   6.7270944E-03   6.2941293E-03
   1.5473565E+03   3.1600000E+02   2.9700000E+02   1.1474481E-02   1.2713453E-02
   1.5473640E+03   3.3800000E+02   3.1400000E+02   2.1202437E-02   2.4429621E-02
   1.5473716E+03   3.1500000E+02   3.0400000E+02   6.1574744E-03   6.1756095E-03
   1.5473791E+03   3.3700000E+02   3.3200000E+02   8.7391383E-03   9.8156349E-03
   1.5473866E+03   3.1700000E+02   3.1200000E+02   9.1243470E-03   1.0251717E-02
   1.5473942E+03   3.2800000E+02   3.2400000E+02   4.7492854E-03   4.8321466E-03
   1.5474017E+03   3.1400000E+02   3.1200000E+02   9.4857902E-03   8.0648450E-03
   1.5474092E+03   3.2200000E+02   3.2100000E+02   3.2320755E-02   3.1571348E-02
   1.5474167E+03   3.2000000E+02   3.1800000E+02   1.7994951E-02   1.6069754E-02
   1.5474243E+03   3.4200000E+02   3.4000000E+02   1.8106844E-02   1.7690658E-02
   1.5474318E+03   2.8600000E+02   2.8300000E+02   1.2885692E-02   1.0506112E-02
   1.5474393E+03   3.2500000E+02   3.2400000E+02   1.5220655E-02   1.5468895E-02
   1.5474468E+03   3.1200000E+02   3.0900000E+02   1.5965343E-02   1.8287124E-02
   1.5474544E+03   3.5400000E+02   3.5200000E+02   2.7878163E-02   2.7234892E-02
   1.5474619E+03   3.1000000E+02   3.0900000E+02   2.0659777E-02   2.0119740E-02
   1.5474694E+03   3.0600000E+02   3.0500000E+02   1.0597643E-02   1.2181218E-02
   1.5474770E+03   2.9800000E+02   2.9800000E+02   1.9042716E-02   1.9042716E-02
   1.5474845E+03   3.1300000E+02   3.1200000E+02   8.0091789E-03   8.2595617E-03
   1.5474920E+03   2.9100000E+02   2.8600000E+02   2.4125763E-02   2.3844624E-02
   1.5474995E+03   2.7000000E+02   2.7000000E+02   1.8568133E-02   1.8568133E-02
   1.5475071E+03   2.9400000E+02   2.9300000E+02   1.9409998E-02   1.9708098E-02
   1.5475146E+03   2.7400000E+02   2.7200000E+02   1.8377452E-02   1.8116912E-02
   1.5475221E+03   2.7900000E+02   2.7900000E+02   1.2457408E-02   1.2457408E-02
   1.5475297E+03   2.4700000E+02   2.4500000E+02   1.3356180E-02   1.4646881E-02
   1.5475372E+03   2.6100000E+02   2.6100000E+02   9.7220335E-03   9.7220335E-03
   1.5475447E+03   2.5100000E+02   2.5000000E+02   6.9627570E-03   5.6299130E-03
   1.5475522E+03   2.4200000E+02   2.4200000E+02   5.3548140E-03   5.3548140E-03
   1.5475598E+03   2.6200000E+02   2.6100000E+02   1.4413497E-02   1.5259590E-02
   1.5475673E+03   2.3100000E+02   2.2800000E+02   8.6616461E-03   8.8070449E-03
   1.5475748E+03   2.3200000E+02   2.3200000E+02   1.9577654E-02   1.9577654E-02
   1.5475824E+03   2.2000000E+02   2.1800000E+02   2.6659472E-02   2.4676829E-02
   1.5475899E+03   2.2800000E+02   2.2700000E+02   9.5580512E-03   1.0232260E-02
   1.5475974E+03   2.0500000E+02   2.0500000E+02   1.2163472E-02   1.2163472E-02
   1.5476049E+03   2.2400000E+02   2.2400000E+02   4.1849511E-02   4.1849511E-02
   1.5476125E+03   1.7700000E+02   1.7600000E+02   2.4334718E-02   2.4503530E-02
   1.5476200E+03   1.8600000E+02   1.8600000E+02   2.5477987E-02   2.5477987E-02
   1.5476275E+03   1.9400000E+02   1.9400000E+02   2.1602986E-02   2.1602986E-02
   1.5476351E+03   1.9300000E+02   1.9200000E+02   1.7084086E-02   1.8755252E-02
   1.5476426E+03   1.9600000E+02   1.9600000E+02   2.0509790E-02   2.0509790E-02
   1.5476501E+03   1.4700000E+02   1.4700000E+02   1.6843034E-02   1.6843034E-02
   1.5476576E+03   1.7000000E+02   1.6900000E+02   1.8891912E-02   2.0736842E-02
   1.5476652E+03   1.6500000E+02   1.6300000E+02   1.2238347E-02   1.0858101E-02
   1.5476727E+03   1.5700000E+02   1.5700000E+02   2.3131748E-02   2.3131748E-02
   1.5476802E+03   1.5200000E+02   1.5200000E+02   4.0736890E-02   4.0736890E-02
   1.5476878E+03   1.5100000E+02   1.5100000E+02   1.3752046E-02   1.3752046E-02
   1.5476953E+03   1.6100000E+02   1.6000000E+02   2.5400097E-02   2.4998977E-02
   1.5477028E+03   1.4000000E+02   1.3900000E+02   1.7119670E-02   1.5649874E-02
   1.5477103E+03   1.2400000E+02   1.2200000E+02   2.9477224E-02   2.7607251E-02
   1.5477179E+03   1.4300000E+02   1.4300000E+02   2.5765787E-02   2.5765787E-02
   1.5477254E+03   1.1700000E+02   1.1700000E+02   3.4493778E-02   3.4493778E-02
   1.5477329E+03   1.3600000E+02   1.3400000E+02   1.3568048E-02   1.3031108E-02
   1.5477405E+03   1.2200000E+02   1.2100000E+02   2.5195355E-02   2.3274560E-02
   1.5477480E+03   1.0300000E+02   1.0200000E+02   3.2921691E-02   3.1931856E-02
   1.5477555E+03   9.7000000E+01   9.6000000E+01   1.9192050E-02   2.2399318E-02
   1.5477630E+03   1.1400000E+02   1.1300000E+02   6.6613683E-02   6.3005678E-02
   1.5477706E+03   1.0200000E+02   1.0100000E+02   2.7336307E-02   2.8376323E-02
   1.5477781E+03   1.0000000E+02   9.8000000E+01   2.5312633E-02   2.6797759E-02
   1.5477856E+03   1.0000000E+02   1.0000000E+02   1.1777356E-02   1.1777356E-02
   1.5477932E+03   9.9000000E+01   9.9000000E+01   2.6510325E-02   2.6510325E-02
   1.5478007E+03   8.6000000E+01   8.4000000E+01   3.1684946E-02   3.3107946E-02
   1.5478082E+03   9.2000000E+01   9.2000000E+01   3.2135403E-02   3.2135403E-02
   1.5478157E+03   8.9000000E+01   8.8000000E+01   3.6190569E-02   3.8917810E-02
   1.5478233E+03   9.2000000E+01   9.1000000E+01   4.2524869E-02   4.3064484E-02
   1.5478308E+03   9.0000000E+01   9.0000000E+01   1.7186117E-02   1.7186117E-02
   1.5478383E+03   9.3000000E+01   9.3000000E+01   5.6388809E-02   5.6388809E-02
   1.5478459E+03   9.5000000E+01   9.3000000E+01   7.7391317E-03   3.8766696E-03
   1.5478534E+03   8.3000000E+01   8.3000000E+01   4.0713386E-02   4.0713386E-02
   1.5478609E+03   8.9000000E+01   8.9000000E+01   4.7293134E-02   4.7293134E-02
   1.5478684E+03   7.5000000E+01   7.4000000E+01   1.9655288E-02   2.0218586E-02
   1.5478760E+03   8.3000000E+01   8.1000000E+01   3.6982470E-02   3.8217933E-02
   1.5478835E+03   7.0000000E+01   6.8000000E+01   4.2951156E-02   4.2714267E-02
   1.5478910E+03   9.3000000E+01   9.0000000E+01   2.0132348E-02   2.2469125E-02
   1.5478985E+03   8.8000000E+01   8.7000000E+01   4.5038554E-02   4.7230160E-02
   1.5479061E+03   1.0500000E+02   1.0300000E+02   2.8394147E-02   2.8734999E-02
   1.5479136E+03   1.0700000E+02   1.0600000E+02   3.5871355E-02   3.5505012E-02
   1.5479211E+03   1.0800000E+02   1.0400000E+02   2.6938648E-02   2.6225614E-02
   1.5479287E+03   8.9000000E+01   8.8000000E+01   3.9149787E-02   4.0408907E-02
   1.5479362E+03   9.7000000E+01   9.7000000E+01   7.6401656E-03   7.6401656E-03
   1.5479437E+03   9.9000000E+01   9.7000000E+01   5.7364139E-02   6.3403915E-02
   1.5479512E+03   1.0600000E+02   1.0600000E+02   3.9529563E-02   3.9529563E-02
   1.5479588E+03   9.9000000E+01   9.7000000E+01   2.2688724E-02   2.5388725E-02
   1.5479663E+03   1.0500000E+02   1.0200000E+02   3.1044220E-02   2.7508390E-02
   1.5479738E+03   9.2000000E+01   8.8000000E+01   2.6245380E-02   2.2170053E-02
   1.5479814E+03   9.3000000E+01   8.9000000E+01   3.9253012E-02   4.1815059E-02
   1.5479889E+03   1.0400000E+02   1.0100000E+02   2.0346762E-02   2.2300735E-02
   1.5479964E+03   1.3300000E+02   1.3200000E+02   1.3876981E-02   1.3451858E-02
   1.5480039E+03   1.0800000E+02   1.0700000E+02   2.3456004E-02   2.6538282E-02
   1.5480115E+03   1.0700000E+02   1.0200000E+02   2.3020269E-02   1.1742942E-02
   1.5480190E+03   1.2200000E+02   1.2200000E+02   3.1027356E-02   3.1027356E-02
   1.5480265E+03   1.2900000E+02   1.2400000E+02   1.3035221E-02   1.1033746E-02
   1.5480341E+03   1.3700000E+02   1.3200000E+02   1.6669278E-02   1.5049755E-02
   1.5480416E+03   1.4400000E+02   1.4100000E+02   2.1548546E-02   1.8641834E-02
   1.5480491E+03   1.4500000E+02   1.3900000E+02   2.4407003E-02   1.9926391E-02
   1.5480566E+03   1.5500000E+02   1.5000000E+02   2.7252117E-02   2.4202395E-02
   1.5480642E+03   1.4700000E+02   1.4400000E+02   1.3705134E-02   1.4154179E-02
   1.5480717E+03   1.9300000E+02   1.9200000E+02   2.7742852E-02   2.9608927E-02
   1.5480792E+03   1.6000000E+02   1.5600000E+02   1.7975674E-02   1.5213953E-02
   1.5480868E+03   1.4400000E+02   1.3700000E+02   1.4427299E-02   1.6619579E-02
   1.5480943E+03   1.8600000E+02   1.8300000E+02   3.8670807E-02   3.6945621E-02
   1.5481018E+03   1.8100000E+02   1.7700000E+02   8.4327270E-03   7.7795924E-03
   1.5481093E+03   2.2400000E+02   2.1900000E+02   2.7465530E-02   2.8138274E-02
   1.5481169E+03   2.2400000E+02   2.1700000E+02   3.8918712E-02   4.0724053E-02
   1.5481244E+03   2.3000000E+02   2.2400000E+02   7.0346689E-03   8.6034235E-03
   1.5481319E+03   2.1200000E+02   2.0800000E+02   1.0562284E-02   1.0676681E-02
   1.5481395E+03   2.2000000E+02   2.0900000E+02   1.3408111E-03   5.5600127E-03
   1.5481470E+03   2.1200000E+02   2.0900000E+02   2.3750929E-02   2.5349151E-02
   1.5481545E+03   2.4200000E+02   2.3700000E+02   3.3598459E-02   3.2209274E-02
   1.5481620E+03   2.6300000E+02   2.5300000E+02   1.4152982E-02   1.2101976E-02
   1.5481696E+03   2.8800000E+02   2.7900000E+02   2.2976509E-02   2.8222707E-02
   1.5481771E+03   2.6100000E+02   2.5300000E+02   1.0753802E-02   1.3391955E-02
   1.5481846E+03   3.0100000E+02   2.9100000E+02   4.0486899E-03   6.2738930E-03
   1.5481922E+03   3.1600000E+02   3.0900000E+02   1.3194024E-02   1.4950478E-02
   1.5481997E+03   3.4700000E+02   3.4200000E+02   1.2160365E-02   1.2678515E-02
   1.5482072E+03   3.2900000E+02   3.1700000E+02   6.9269604E-03   4.7381734E-03
   1.5482147E+03   3.9000000E+02   3.8200000E+02   1.7264793E-02   1.8033905E-02
   1.5482223E+03   3.8900000E+02   3.7900000E+02   1.0976900E-02   1.1826072E-02
   1.5482298E+03   4.1400000E+02   4.0800000E+02   2.2158950E-02   2.2953646E-02
   1.5482373E+03   4.2000000E+02   4.0800000E+02   9.8694766E-03   8.3237380E-03
   1.5482449E+03   5.1800000E+02   4.9800000E+02   9.9192721E-03   8.6567618E-03
   1.5482524E+03   4.7700000E+02   4.6200000E+02   1.3723720E-02   1.2144623E-02
   1.5482599E+03   5.2100000E+02   5.0100000E+02   4.0109491E-03   4.1188890E-03
   1.5482674E+03   5.7600000E+02   5.5500000E+02   1.6712943E-03   2.6255743E-03
   1.5482750E+03   5.7500000E+02   5.5600000E+02   3.5065890E-03   2.5714494E-03
   1.5482825E+03   6.4600000E+02   6.2100000E+02   7.0748634E-03   8.9774286E-03
   1.5482900E+03   6.3500000E+02   6.1100000E+02   1.2159781E-02   1.2736409E-02
   1.5482976E+03   7.2500000E+02   6.8700000E+02   1.3135704E-02   1.1469400E-02
   1.5483051E+03   8.0300000E+02   7.7200000E+02   1.4442804E-02   1.1770314E-02
   1.5483126E+03   8.1400000E+02   7.6000000E+02   1.3404779E-02   1.5517990E-02
   1.5483201E+03   8.6500000E+02   8.1000000E+02   4.0040935E-03   3.0877130E-03
   1.5483277E+03   9.9800000E+02   9.3100000E+02   7.2175154E-03   1.0927381E-02
   1.5483352E+03   1.0570000E+03   9.7000000E+02   8.7001594E-03   7.9652732E-03
   1.5483427E+03   1.1770000E+03   1.0760000E+03   5.5145145E-03   7.4770726E-03
   1.5483502E+03   1.2970000E+03   1.1430000E+03   6.0716903E-03   5.0436256E-03
   1.5483578E+03   1.4470000E+03   1.2840000E+03   1.1633689E-02   9.9335290E-03
   1.5483653E+03   1.7310000E+03   1.4810000E+03   9.1575085E-03   1.1177461E-02
   1.5483728E+03   1.8150000E+03   1.5560000E+03   4.8751090E-03   5.7135940E-03
   1.5483804E+03   2.0200000E+03   1.7100000E+03   4.6002082E-03   5.1984351E-03
   1.5483879E+03   2.3180000E+03   1.9480000E+03   8.3055033E-03   8.7324283E-03
   1.5483954E+03   2.7260000E+03   2.2340000E+03   6.6771372E-03   8.0789780E-03
   1.5484029E+03   2.9340000E+03   2.3850000E+03   3.9768754E-03   5.9743402E-03
   1.5484105E+03   3.2910000E+03   2.6810000E+03   9.3590682E-03   1.1656518E-02
   1.5484180E+03   3.6740000E+03   2.9740000E+03   6.6611553E-03   9.1716009E-03
   1.5484255E+03   4.0280000E+03   3.1490000E+03   3.2674542E-03   2.4685950E-03
   1.5484331E+03   4.4950000E+03   3.5460000E+03   3.7803455E-03   3.1915293E-03
   1.5484406E+03   4.8790000E+03   3.7530000E+03   5.6500523E-03   5.3700957E-03
   1.5484481E+03   5.3380000E+03   4.1640000E+03   1.8299967E-03   2.8143866E-03
   1.5484556E+03   6.0430000E+03   4.6800000E+03   1.5600919E-03   2.9350134E-03
   1.5484632E+03   6.3040000E+03   4.7340000E+03   2.1640832E-03   4.4972515E-03
   1.5484707E+03   6.7410000E+03   5.1270000E+03   2.3282392E-03   4.2203390E-03
   1.5484782E+03   7.2140000E+03   5.4680000E+03   4.6357528E-03   5.1175655E-03
   1.5484858E+03   7.6090000E+03   5.7300000E+03   2.0668416E-03   3.1869192E-03
   1.5484933E+03   7.8780000E+03   5.8880000E+03   1.5894891E-03   1.2944308E-03
   1.5485008E+03   8.6130000E+03   6.4490000E+03   4.1978205E-03   4.7771859E-03
   1.5485083E+03   8.9190000E+03   6.5670000E+03   2.3997951E-03   3.8395380E-03
   1.5485159E+03   9.2800000E+03   6.8610000E+03   1.1043489E-03   2.4352719E-03
   1.5485234E+03   9.7810000E+03   7.2640000E+03   3.4243315E-03   5.6860805E-03
   1.5485309E+03   9.9870000E+03   7.4750000E+03   5.5354167E-04   7.3538355E-04
   1.5485385E+03   1.0346000E+04   7.6580000E+03   2.8044216E-03   2.9413801E-03
   1.5485460E+03   1.0709000E+04   7.8640000E+03   1.8193461E-03   1.2447401E-03
   1.5485535E+03   1.0777000E+04   7.9050000E+03   2.4707677E-03   3.2827262E-03
   1.5485610E+03   1.0934000E+04   8.1050000E+03   4.0417891E-03   5.9568214E-03
   1.5485686E+03   1.1170000E+04   8.2460000E+03   1.5969340E-03   1.7117333E-03
   1.5485761E+03   1.1432000E+04   8.3700000E+03   3.7226733E-03   5.2799416E-03
   1.5485836E+03   1.1280000E+04   8.3580000E+03   3.6250362E-03   4.7011505E-03
   1.5485912E+03   1.1340000E+04   8.3390000E+03   2.5182917E-03   3.3102124E-03
   1.5485987E+03   1.1599000E+04   8.4340000E+03   2.5116606E-03   3.7817140E-03
   1.5486062E+03   1.1584000E+04   8.3560000E+03   3.3065304E-03   5.2358209E-03
   1.5486137E+03   1.1550000E+04   8.3030000E+03   1.4570909E-03   1.3634694E-03
   1.5486213E+03   1.1523000E+04   8.3040000E+03   4.8499958E-03   6.0934030E-03
   1.5486288E+03   1.1383000E+04   8.1970000E+03   1.4896669E-03   2.0038039E-03
   1.5486363E+03   1.1221000E+04   8.0240000E+03   2.7092147E-03   3.6653753E-03
   1.5486439E+03   1.1278000E+04   8.0830000E+03   1.1533057E-03   1.5709631E-03
   1.5486514E+03   1.1090000E+04   7.8900000E+03   1.0722490E-03   1.5958969E-03
   1.5486589E+03   1.1040000E+04   7.7860000E+03   2.3813368E-03   2.2411833E-03
   1.5486664E+03   1.0990000E+04   7.6860000E+03   4.6153797E-03   5.3846658E-03
   1.5486740E+03   1.0783000E+04   7.4780000E+03   2.2250856E-03   3.5074401E-03
   1.5486815E+03   1.0699000E+04   7.3850000E+03   3.7437323E-03   4.5519572E-03
   1.5486890E+03   1.0568000E+04   7.3150000E+03   7.7142260E-04   9.3600549E-04
   1.5486966E+03   1.0210000E+04   6.9440000E+03   5.4773418E-04   7.0903572E-04
   1.5487041E+03   1.0002000E+04   6.8160000E+03   3.6169777E-03   5.2752753E-03
   1.5487116E+03   9.9070000E+03   6.7200000E+03   3.4484653E-03   5.0689213E-03
   1.5487191E+03   9.7230000E+03   6.4050000E+03   6.5172022E-04   6.8768069E-04
   1.5487267E+03   9.6310000E+03   6.4080000E+03   2.5054234E-03   3.5047818E-03
   1.5487342E+03   9.3580000E+03   6.1320000E+03   6.9746187E-04   1.0803769E-03
   1.5487417E+03   9.0660000E+03   5.9620000E+03   1.6478028E-03   2.5514128E-03
   1.5487493E+03   8.7690000E+03   5.6640000E+03   4.4514466E-03   6.8934619E-03
   1.5487568E+03   8.6520000E+03   5.5220000E+03   3.1130771E-03   6.1595316E-03
   1.5487643E+03   8.4520000E+03   5.3880000E+03   2.0041325E-03   2.4942652E-03
   1.5487718E+03   8.2510000E+03   5.1640000E+03   3.5943113E-03   5.1327052E-03
   1.5487794E+03   8.0120000E+03   4.8470000E+03   3.0300389E-03   5.0166995E-03
   1.5487869E+03   7.8880000E+03   4.7420000E+03   2.2569793E-03   3.3642201E-03
   1.5487944E+03   7.8260000E+03   4.6310000E+03   1.5827908E-03   1.8402595E-03
   1.5488019E+03   7.3650000E+03   4.2460000E+03   4.6286299E-04   8.1867489E-04
   1.5488095E+03   7.2510000E+03   4.1160000E+03   3.7124484E-03   6.5281148E-03
   1.5488170E+03   7.1380000E+03   3.9960000E+03   1.8992961E-03   3.7064506E-03
   1.5488245E+03   6.8730000E+03   3.7750000E+03   4.1849909E-03   6.8992396E-03
   1.5488321E+03   6.5890000E+03   3.5720000E+03   1.8522846E-03   1.5666334E-03
   1.5488396E+03   6.5330000E+03   3.4580000E+03   7.0865918E-04   7.6696890E-04
   1.5488471E+03   6.3630000E+03   3.3180000E+03   1.3985225E-03   1.7680946E-03
   1.5488546E+03   6.2290000E+03   3.1410000E+03   3.6239399E-03   7.8052456E-03
   1.5488622E+03   6.0670000E+03   2.9330000E+03   2.4969809E-03   5.5114307E-03
   1.5488697E+03   5.9000000E+03   2.8470000E+03   1.6511544E-03   2.2857296E-03
   1.5488772E+03   5.7300000E+03   2.7870000E+03   3.3190683E-03   7.6942460E-03
   1.5488848E+03   5.5720000E+03   2.4910000E+03   3.5778375E-03   7.7926825E-03
   1.5488923E+03   5.3760000E+03   2.3670000E+03   2.4150987E-03   7.6208308E-03
   1.5488998E+03   5.3720000E+03   2.3110000E+03   7.6901625E-04   3.1307878E-03
   1.5489073E+03   5.1860000E+03   2.1070000E+03   8.1135727E-04   2.7801586E-03
   1.5489149E+03   5.0650000E+03   2.0690000E+03   9.7637698E-04   2.1647206E-03
   1.5489224E+03   4.8660000E+03   1.9630000E+03   3.7354088E-03   9.6425459E-03
   1.5489299E+03   4.7660000E+03   1.7900000E+03   1.0389403E-03   2.6428518E-03
   1.5489375E+03   4.6360000E+03   1.6720000E+03   1.0680943E-03   3.9127287E-03
   1.5489450E+03   4.5890000E+03   1.5970000E+03   3.3457393E-03   9.6720849E-03
   1.5489525E+03   4.3280000E+03   1.4450000E+03   1.9276060E-03   7.0445148E-03
   1.5489600E+03   4.4150000E+03   1.4630000E+03   5.4315007E-03   1.6073712E-02
   1.5489676E+03   4.2920000E+03   1.2950000E+03   1.5068634E-03   5.4523128E-03
   1.5489751E+03   4.0750000E+03   1.2270000E+03   1.4873935E-03   6.3178148E-03
   1.5489826E+03   4.0950000E+03   1.1770000E+03   1.5063827E-03   2.3044731E-03
   1.5489902E+03   4.0390000E+03   1.1090000E+03   7.4821964E-04   1.1485982E-03
   1.5489977E+03   3.9440000E+03   9.9400000E+02   1.4876391E-03   7.8684524E-03
   1.5490052E+03   3.8990000E+03   9.6100000E+02   3.9391802E-04   1.4228854E-03
   1.5490127E+03   3.7310000E+03   8.7000000E+02   2.0226536E-03   6.2141239E-03
   1.5490203E+03   3.7790000E+03   8.4000000E+02   9.7648592E-04   2.4110852E-03
   1.5490278E+03   3.6640000E+03   7.6300000E+02   1.2053313E-03   6.8894453E-03
   1.5490353E+03   3.6500000E+03   6.8500000E+02   2.5196550E-03   1.4096518E-02
   1.5490429E+03   3.5080000E+03   6.1300000E+02   1.9507507E-03   1.5016330E-02
   1.5490504E+03   3.4710000E+03   5.3100000E+02   1.5296209E-03   8.3736548E-03
   1.5490579E+03   3.6030000E+03   5.7000000E+02   2.7547469E-03   1.7513146E-02
   1.5490654E+03   3.3760000E+03   5.0100000E+02   1.3124923E-03   6.9524266E-03
   1.5490730E+03   3.2770000E+03   4.3600000E+02   2.7308738E-03   2.2676941E-02
   1.5490805E+03   3.3080000E+03   4.2000000E+02   1.7696386E-03   1.1725120E-02
   1.5490880E+03   3.2370000E+03   3.3500000E+02   2.9598280E-03   2.4562789E-02
   1.5490956E+03   3.2610000E+03   3.4300000E+02   1.1887596E-03   8.4912904E-03
   1.5491031E+03   3.1110000E+03   3.2400000E+02   1.3069978E-03   1.6280217E-02
   1.5491106E+03   3.0760000E+03   2.7500000E+02   2.1325214E-03   2.4229753E-02
   1.5491181E+03   3.0950000E+03   2.4100000E+02   7.7505086E-04   7.7076646E-03
   1.5491257E+03   3.0420000E+03   2.4600000E+02   1.2209165E-03   1.2971323E-02
   1.5491332E+03   2.9770000E+03   2.1400000E+02   6.2693558E-04   9.6512513E-03
   1.5491407E+03   3.0310000E+03   2.0100000E+02   4.1148503E-04   6.2454599E-03
   1.5491483E+03   3.1100000E+03   1.8000000E+02   1.3427173E-03   1.9886508E-02
   1.5491558E+03   3.1830000E+03   1.5100000E+02   3.6814424E-04   7.5766344E-03
   1.5491633E+03   3.0690000E+03   1.5300000E+02   3.0818116E-04   3.8226395E-03
   1.5491708E+03   2.9530000E+03   1.3600000E+02   1.7613028E-03   3.0073936E-02
   1.5491784E+03   3.1210000E+03   1.3600000E+02   1.0206124E-03   2.6812325E-02
   1.5491859E+03   2.9080000E+03   8.6000000E+01   1.3303579E-03   4.2564073E-02
   1.5491934E+03   2.9360000E+03   9.7000000E+01   1.0357094E-03   2.3811626E-02
   1.5492010E+03   3.0110000E+03   8.9000000E+01   4.2636729E-04   1.5614557E-02
   1.5492085E+03   2.9770000E+03   7.6000000E+01   7.1260470E-04   2.9990315E-02
   1.5492160E+03   2.8940000E+03   6.2000000E+01   4.0560229E-04   9.6208397E-03
   1.5492235E+03   3.0040000E+03   5.4000000E+01   9.8793336E-04   5.0917358E-02
   1.5492311E+03   2.9220000E+03   6.0000000E+01   3.4908488E-04   1.5649865E-02
   1.5492386E+03   2.9390000E+03   5.2000000E+01   2.2148528E-04   1.6167315E-02
   1.5492461E+03   2.9470000E+03   4.1000000E+01   2.6961480E-04   3.4124936E-02
   1.5492536E+03   2.9280000E+03   5.3000000E+01   1.2800391E-03   7.8603651E-02
   1.5492612E+03   2.9310000E+03   3.4000000E+01   6.0998884E-05   2.5576747E-03
   1.5492687E+03   3.0460000E+03   3.1000000E+01   4.5817854E-04   5.6465283E-02
   1.5492762E+03   2.8990000E+03   3.1000000E+01   3.5526818E-04   3.2605679E-02
   1.5492838E+03   2.9080000E+03   3.1000000E+01   4.6477796E-04   4.9755286E-02
   1.5492913E+03   2.8810000E+03   2.5000000E+01   4.0429555E-04   5.2448762E-02
   1.5492988E+03   2.8610000E+03   3.2000000E+01   6.7333836E-04   5.8969464E-02
   1.5493063E+03   2.8450000E+03   2.2000000E+01   5.9884629E-04   7.5870929E-02
   1.5493139E+03   2.9140000E+03   1.4000000E+01   4.8222403E-04   1.0037149E-01
   1.5493214E+03   2.8250000E+03   8.0000000E+00   4.4736856E-04   1.5797702E-01
   1.5493289E+03   2.9690000E+03   9.0000000E+00   1.3477555E-04   4.4460956E-02
   1.5493365E+03   2.8920000E+03   1.5000000E+01   5.2404995E-04   8.8702402E-02
   1.5493440E+03   2.8620000E+03   1.2000000E+01   2.8611170E-04   5.3205931E-02
   1.5493515E+03   2.8700000E+03   7.0000000E+00   3.4982300E-04   1.4342743E-01
   1.5493590E+03   2.9170000E+03   5.0000000E+00   6.0633979E-05   3.5373863E-02
   1.5493666E+03   2.9540000E+03   2.0000000E+00   1.5138762E-04   2.2359951E-01
   1.5493741E+03   2.8530000E+03   6.0000000E+00   1.6285093E-04   4.0454005E-02
   1.5493816E+03   2.9450000E+03   5.0000000E+00   7.1889000E-05   4.2342621E-02
   1.5493892E+03   2.8290000E+03   8.0000000E+00   5.4610237E-05   1.9311545E-02
   1.5493967E+03   2.9540000E+03   1.1000000E+01   5.3524453E-05   1.4373749E-02
   1.5494042E+03   2.8730000E+03   3.0000000E+00   6.4286353E-05   6.1564898E-02
   1.5494117E+03   2.9530000E+03   4.0000000E+00   1.3714005E-04   1.0124364E-01
   1.5494193E+03   2.8630000E+03   5.0000000E+00   1.2426171E-04   7.1152255E-02
   1.5494268E+03   2.8600000E+03   7.0000000E+00   1.8898973E-04   7.7215806E-02
   1.5494343E+03   2.8930000E+03   2.0000000E+00   3.3417238E-05   4.8338035E-02
   1.5494419E+03   2.9590000E+03   5.0000000E+00   7.0460345E-05   4.1698432E-02
   1.5494494E+03   2.9170000E+03   3.0000000E+00   9.5773347E-05   9.3123617E-02
   1.5494569E+03   2.9330000E+03   1.0000000E+00   8.5995319E-05   2.5222427E-01
   1.5494644E+03   2.9190000E+03   1.0000000E+00   2.4036072E-05   7.0161295E-02
   1.5494720E+03   2.8530000E+03   0.0000000E+00   0.0000000E+00   0.0000000E+00
   1.5494795E+03   2.8960000E+03   2.0000000E+00   4.7231123E-05   6.8390666E-02
   1.5494870E+03   2.8850000E+03   3.0000000E+00   6.0048475E-05   5.7746617E-02
   1.5494946E+03   2.9110000E+03   3.0000000E+00   9.6203013E-05   9.3348990E-02
   1.5495021E+03   2.8560000E+03   1.0000000E+00   1.1910830E-06   3.4017330E-03
   1.5495096E+03   2.8600000E+03   1.0000000E+00   6.6600001E-10   1.9047600E-06
   1.5495171E+03   2.9820000E+03   5.0000000E+00   8.1267047E-05   4.8467667E-02
   1.5495247E+03   2.9020000E+03   6.0000000E+00   1.0522219E-04   5.0892468E-02
   1.5495322E+03   2.8570000E+03   0.0000000E+00   0.0000000E+00   0.0000000E+00
   1.5495397E+03   3.0340000E+03   1.0000000E+00   1.0613561E-04   3.2201544E-01
   1.5495473E+03   2.8440000E+03   0.0000000E+00   0.0000000E+00   0.0000000E+00
   1.5495548E+03   2.8770000E+03   3.0000000E+00   9.4934846E-05   9.1042517E-02
   1.5495623E+03   2.7320000E+03   0.0000000E+00   0.0000000E+00   0.0000000E+00
   1.5495698E+03   2.9210000E+03   2.0000000E+00   8.7865177E-05   1.2832713E-01
   1.5495774E+03   2.8270000E+03   0.0000000E+00   0.0000000E+00   0.0000000E+00
   1.5495849E+03   2.9110000E+03   1.0000000E+00   4.3361156E-05   1.2622433E-01
   1.5495924E+03   2.8610000E+03   2.0000000E+00   1.0358675E-04   1.4818084E-01
   1.5496000E+03   2.8630000E+03   5.0000000E+00   7.1656353E-05   4.1030428E-02
   1.5496075E+03   2.7320000E+03   2.0000000E+00   5.3624038E-05   7.3250436E-02
   1.5496150E+03   2.8060000E+03   0.0000000E+00   0.0000000E+00   0.0000000E+00
   1.5496225E+03   2.8730000E+03   3.0000000E+00   2.2219721E-09   2.1279086E-06
   1.5496301E+03   2.8180000E+03   0.0000000E+00   0.0000000E+00   0.0000000E+00
   1.5496376E+03   2.8070000E+03   5.0000000E+00   8.2591884E-05   4.6367084E-02
   1.5496451E+03   2.7990000E+03   6.0000000E+00   1.1485002E-04   5.3577547E-02
   1.5496527E+03   2.7450000E+03   7.0000000E+00   1.1454278E-04   4.4917134E-02
   1.5496602E+03   2.7780000E+03   1.0000000E+00   1.2442478E-09   3.4570204E-06
   1.5496677E+03   2.7490000E+03   6.0000000E+00   1.0059154E-04   4.6087690E-02
   1.5496752E+03   2.8380000E+03   4.0000000E+00   8.0606123E-09   5.7191820E-06
   1.5496828E+03   2.5970000E+03   6.0000000E+00   5.5443447E-09   2.4001377E-06
   1.5496903E+03   2.7230000E+03   1.1000000E+01   8.7753451E-08   2.1722968E-05
   1.5496978E+03   2.6310000E+03   5.0000000E+00   2.6645740E-09   1.3543201E-06
   1.5497053E+03   2.6790000E+03   1.5000000E+01   1.0490747E-04   1.8736475E-02
   1.5497129E+03   2.6870000E+03   1.3000000E+01   6.8989567E-09   1.4259613E-06
   1.5497204E+03   2.5910000E+03   1.7000000E+01   1.6077335E-08   2.4503751E-06
   1.5497279E+03   2.6090000E+03   2.7000000E+01   1.1694073E-04   1.1301596E-02
   1.5497355E+03   2.5930000E+03   2.9000000E+01   6.4387783E-05   5.7571555E-03
   1.5497430E+03   2.4500000E+03   1.4000000E+01   3.5460759E-08   6.1895816E-06
   1.5497505E+03   2.4530000E+03   2.5000000E+01   4.4172229E-05   4.3341759E-03
   1.5497580E+03   2.3610000E+03   3.3000000E+01   1.5456567E-08   1.1052797E-06
   1.5497656E+03   2.3330000E+03   3.8000000E+01   6.0678670E-08   3.7275106E-06
   1.5497731E+03   2.2920000E+03   3.7000000E+01   9.8227332E-05   6.0847850E-03
   1.5497806E+03   2.1920000E+03   5.9000000E+01   1.3601760E-04   5.0534000E-03
   1.5497882E+03   2.1560000E+03   5.5000000E+01   1.2634187E-04   4.9525992E-03
   1.5497957E+03   2.0620000E+03   4.9000000E+01   5.7513286E-08   2.4251961E-06
   1.5498032E+03   1.9970000E+03   6.8000000E+01   8.9532088E-08   2.6294536E-06
   1.5498107E+03   1.8640000E+03   7.3000000E+01   1.7344954E-07   4.3939538E-06
   1.5498183E+03   1.8070000E+03   8.3000000E+01   1.7976872E-07   3.9137600E-06
   1.5498258E+03   1.7270000E+03   9.3000000E+01   1.1277180E-06   2.0944513E-05
   1.5498333E+03   1.6870000E+03   9.2000000E+01   1.3947867E-06   2.5574540E-05
   1.5498409E+03   1.5130000E+03   1.1600000E+02   1.6027081E-04   2.0904294E-03
   1.5498484E+03   1.3450000E+03   1.2000000E+02   3.2234516E-08   3.6052161E-07
   1.5498559E+03   1.3910000E+03   1.2200000E+02   7.4789179E-07   8.7834332E-06
   1.5498634E+03   1.2400000E+03   1.4500000E+02   1.6958136E-04   1.4502129E-03
   1.5498710E+03   1.0840000E+03   1.3700000E+02   2.8666603E-07   1.9275779E-06
   1.5498785E+03   1.0960000E+03   1.7900000E+02   2.6115969E-04   1.5990576E-03
   1.5498860E+03   9.9500000E+02   1.9500000E+02   5.4820406E-06   2.8011430E-05
   1.5498936E+03   8.8700000E+02   1.8400000E+02   1.1974078E-06   5.7465241E-06
   1.5499011E+03   7.5200000E+02   2.0800000E+02   2.3563793E-04   8.5192809E-04
   1.5499086E+03   7.2900000E+02   2.3400000E+02   7.8792793E-05   2.4575709E-04
   1.5499161E+03   6.7100000E+02   2.3000000E+02   1.6623228E-06   4.8615380E-06
   1.5499237E+03   6.1000000E+02   2.5100000E+02   3.9898740E-05   9.6984055E-05
   1.5499312E+03   6.0000000E+02   2.7100000E+02   1.1597477E-06   2.5395604E-06
   1.5499387E+03   5.2400000E+02   2.6100000E+02   9.3669495E-04   1.8805709E-03
   1.5499463E+03   4.9400000E+02   3.0100000E+02   5.9739404E-04   9.8043854E-04
   1.5499538E+03   4.3200000E+02   2.8700000E+02   4.0672285E-06   6.0708750E-06
   1.5499613E+03   4.4900000E+02   3.3500000E+02   4.2644661E-06   5.7376597E-06
   1.5499688E+03   3.9400000E+02   3.1800000E+02   4.6139529E-04   5.7148199E-04
   1.5499764E+03   3.8200000E+02   3.0100000E+02   7.6012194E-05   9.6564326E-05
   1.5499839E+03   3.6700000E+02   3.1100000E+02   1.2553984E-05   1.4786460E-05
   1.5499914E+03   3.4900000E+02   3.1300000E+02   4.9477800E-06   5.5167569E-06
   1.5499990E+03   3.7200000E+02   3.3600000E+02   4.4229832E-05   4.8986874E-05
   1.5500065E+03   3.6800000E+02   3.4700000E+02   3.2819519E-06   3.5210068E-06
   1.5500140E+03   3.5500000E+02   3.3600000E+02   4.7409124E-06   5.0058850E-06
   1.5500215E+03   3.4400000E+02   3.3700000E+02   4.2131452E-06   4.3196378E-06
   1.5500291E+03   3.5400000E+02   3.4800000E+02   5.2694964E-04   5.3600453E-04
   1.5500366E+03   3.6200000E+02   3.5800000E+02   1.8459697E-05   1.8652381E-05
   1.5500441E+03   3.8900000E+02   3.7900000E+02   9.8995952E-07   1.0217659E-06
   1.5500517E+03   3.4000000E+02   3.3600000E+02   1.0084122E-05   1.0313939E-05
   1.5500592E+03   3.8800000E+02   3.8500000E+02   2.7627499E-06   2.7892124E-06
   1.5500667E+03   3.8500000E+02   3.7800000E+02   6.1260696E-06   6.2204760E-06
   1.5500742E+03   3.6200000E+02   3.5800000E+02   5.4229291E-06   5.4091546E-06
   1.5500818E+03   3.5000000E+02   3.4900000E+02   3.1497766E-06   3.1770372E-06
   1.5500893E+03   3.5300000E+02   3.4800000E+02   4.7183404E-06   4.9090730E-06
   1.5500968E+03   3.6300000E+02   3.6100000E+02   7.4182903E-06   7.4801649E-06
   1.5501044E+03   3.3200000E+02   3.2800000E+02   1.7139282E-05   1.7327892E-05
   1.5501119E+03   3.3600000E+02   3.3400000E+02   3.1743013E-06   3.2596159E-06
   1.5501194E+03   3.3400000E+02   3.3400000E+02   5.0408714E-04   5.0408714E-04
   1.5501269E+03   3.5600000E+02   3.5400000E+02   2.2438919E-06   2.2515079E-06
   1.5501345E+03   3.2500000E+02   3.2300000E+02   9.7439483E-07   1.0350059E-06
   1.5501420E+03   3.6800000E+02   3.6500000E+02   5.0220429E-06   5.0866231E-06
   1.5501495E+03   3.2100000E+02   3.1800000E+02   9.3592934E-04   9.4476876E-04
   1.5501571E+03   3.5900000E+02   3.5900000E+02   5.8422463E-06   5.8422463E-06
   1.5501646E+03   3.2000000E+02   3.1800000E+02   9.9366439E-06   9.9987166E-06
   1.5501721E+03   3.1100000E+02   3.0700000E+02   2.3054775E-05   2.3395838E-05
   1.5501796E+03   2.7700000E+02   2.7400000E+02   9.3140698E-05   9.4288910E-05
   1.5501872E+03   3.1700000E+02   3.1500000E+02   8.7245549E-06   9.0531800E-06
   1.5501947E+03   3.1400000E+02   3.1200000E+02   8.2451839E-04   8.2977206E-04
   1.5502022E+03   3.1400000E+02   3.1300000E+02   1.2439634E-05   1.2468923E-05
   1.5502097E+03   2.9800000E+02   2.9700000E+02   5.5340583E-06   5.5493508E-06
   1.5502173E+03   2.6700000E+02   2.6400000E+02   4.2834603E-06   4.3379727E-06
   1.5502248E+03   2.6200000E+02   2.6200000E+02   1.5403875E-06   1.5403875E-06
   1.5502323E+03   2.4400000E+02   2.4300000E+02   9.9424510E-06   9.9794542E-06
   1.5502399E+03   2.6200000E+02   2.6100000E+02   1.8258215E-05   1.8323435E-05
   1.5502474E+03   2.5500000E+02   2.5300000E+02   3.8166885E-05   3.8437833E-05
   1.5502549E+03   2.7000000E+02   2.7000000E+02   1.0205449E-05   1.0205449E-05
   1.5502624E+03   2.6800000E+02   2.6500000E+02   2.2882228E-06   2.2965442E-06
   1.5502700E+03   2.3000000E+02   2.2900000E+02   2.4079992E-06   2.4203401E-06
   1.5502775E+03   2.1700000E+02   2.1600000E+02   1.9523703E-05   1.9610396E-05
   1.5502850E+03   2.4800000E+02   2.4500000E+02   7.9050109E-06   8.0853424E-06
   1.5502926E+03   2.4100000E+02   2.3800000E+02   2.6873555E-06   2.0303609E-06
   1.5503001E+03   2.1200000E+02   2.1100000E+02   1.9578784E-05   1.9675291E-05
   1.5503076E+03   1.9600000E+02   1.9300000E+02   1.8477172E-05   1.8793383E-05
   1.5503151E+03   1.9100000E+02   1.9000000E+02   6.0147215E-06   6.0398532E-06
   1.5503227E+03   2.1300000E+02   2.0900000E+02   2.4624501E-05   2.5503928E-05
   1.5503302E+03   1.7300000E+02   1.7200000E+02   9.9112649E-06   9.9667427E-06
   1.5503377E+03   1.7700000E+02   1.7500000E+02   6.8808677E-06   6.9670609E-06
   1.5503453E+03   1.6700000E+02   1.6300000E+02   2.9003007E-06   2.9717282E-06
   1.5503528E+03   1.9000000E+02   1.8600000E+02   1.3233407E-05   1.2055487E-05
   1.5503603E+03   1.8500000E+02   1.8400000E+02   1.0429420E-04   1.0485937E-04
   1.5503678E+03   1.8900000E+02   1.8800000E+02   8.1823426E-06   8.2051392E-06
   1.5503754E+03   1.8400000E+02   1.8300000E+02   5.9508403E-06   5.9447741E-06
   1.5503829E+03   1.7500000E+02   1.7300000E+02   7.0929426E-04   7.1783641E-04
   1.5503904E+03   1.9600000E+02   1.9400000E+02   8.3840416E-07   9.4034707E-07
   1.5503980E+03   1.7700000E+02   1.7700000E+02   7.0425946E-06   7.0425946E-06
   1.5504055E+03   1.6200000E+02   1.6100000E+02   3.7062328E-06   3.7067645E-06
   1.5504130E+03   1.8100000E+02   1.8000000E+02   2.8062676E-06   2.8277964E-06
   1.5504205E+03   1.7500000E+02   1.7500000E+02   3.5249330E-06   3.5249330E-06
   1.5504281E+03   1.6800000E+02   1.6500000E+02   4.6174352E-06   4.6565858E-06
   1.5504356E+03   1.8000000E+02   1.7600000E+02   4.0641613E-06   4.0129014E-06
   1.5504431E+03   1.5700000E+02   1.5300000E+02   3.2678179E-06   3.2887214E-06
   1.5504507E+03   1.6000000E+02   1.6000000E+02   4.9955016E-06   4.9955016E-06
   1.5504582E+03   1.2800000E+02   1.2600000E+02   3.7490021E-06   3.5521016E-06
   1.5504657E+03   1.4100000E+02   1.4000000E+02   6.2139278E-07   2.1594410E-06
   1.5504732E+03   1.3900000E+02   1.3600000E+02   3.8783525E-06   3.9957582E-06
   1.5504808E+03   1.6400000E+02   1.6300000E+02   2.7897818E-05   2.8061911E-05
   1.5504883E+03   1.7000000E+02   1.6700000E+02   6.2540897E-06   6.3208463E-06
   1.5504958E+03   1.5200000E+02   1.4800000E+02   2.1247902E-06   2.1470481E-06
   1.5505034E+03   1.3400000E+02   1.3100000E+02   2.1401748E-05   2.1769345E-05
   1.5505109E+03   1.6200000E+02   1.6100000E+02   7.3908082E-06   7.4438499E-06
   1.5505184E+03   1.6900000E+02   1.6500000E+02   4.6135028E-06   4.0860574E-06
   1.5505259E+03   1.4900000E+02   1.4700000E+02   2.6001023E-06   2.6883278E-06
   1.5505335E+03   1.5400000E+02   1.5200000E+02   2.4950702E-06   2.5279290E-06
   1.5505410E+03   1.7500000E+02   1.7000000E+02   1.9412030E-05   2.0161540E-05
   1.5505485E+03   1.4100000E+02   1.3900000E+02   2.4797995E-06   2.5688896E-06
   1.5505561E+03   1.6400000E+02   1.5800000E+02   4.7504468E-04   4.9283317E-04
   1.5505636E+03   1.7400000E+02   1.7100000E+02   2.6348562E-06   2.6442778E-06
   1.5505711E+03   1.8000000E+02   1.7500000E+02   6.5553079E-06   7.6310333E-06
   1.5505786E+03   1.5800000E+02   1.5600000E+02   8.1005437E-06   8.1707250E-06
   1.5505862E+03   1.7300000E+02   1.6700000E+02   3.3156478E-05   3.4241985E-05
   1.5505937E+03   1.7600000E+02   1.7200000E+02   8.4279070E-06   8.5767790E-06
   1.5506012E+03   1.9000000E+02   1.8400000E+02   8.4461727E-06   8.5396883E-06
   1.5506087E+03   2.2500000E+02   2.1500000E+02   2.1737697E-05   2.2915014E-05
   1.5506163E+03   2.2300000E+02   2.2100000E+02   1.1583748E-05   1.1843770E-05
   1.5506238E+03   2.0100000E+02   1.9400000E+02   1.3296530E-05   1.3926771E-05
   1.5506313E+03   2.3000000E+02   2.2500000E+02   1.9098586E-04   1.9521336E-04
   1.5506389E+03   2.5000000E+02   2.4500000E+02   5.6937472E-06   5.7483038E-06
   1.5506464E+03   2.5400000E+02   2.4900000E+02   1.6529016E-05   1.6902427E-05
   1.5506539E+03   2.4600000E+02   2.3900000E+02   5.6949783E-06   4.7500179E-06
   1.5506614E+03   2.6900000E+02   2.6500000E+02   7.4603654E-06   7.5235256E-06
   1.5506690E+03   2.8100000E+02   2.7000000E+02   6.2999517E-05   6.5213983E-05
   1.5506765E+03   2.8100000E+02   2.7300000E+02   1.4328442E-05   1.4651456E-05
   1.5506840E+03   2.6100000E+02   2.5900000E+02   8.4771842E-05   8.5398242E-05
   1.5506916E+03   2.7500000E+02   2.6400000E+02   3.6424683E-06   2.1876737E-06
   1.5506991E+03   2.9500000E+02   2.9000000E+02   4.7346031E-06   4.8553466E-06
   1.5507066E+03   3.1300000E+02   3.1000000E+02   2.1740703E-05   2.2073948E-05
   1.5507141E+03   3.1400000E+02   3.0100000E+02   9.7213740E-06   1.8361038E-05
   1.5507217E+03   3.2500000E+02   3.1700000E+02   2.5568589E-06   2.6323912E-06
   1.5507292E+03   4.0900000E+02   3.9100000E+02   1.6638465E-05   1.7431005E-05
   1.5507367E+03   3.7900000E+02   3.6900000E+02   3.5039368E-06   3.6322836E-06
   1.5507443E+03   4.1300000E+02   4.0000000E+02   5.3792564E-06   5.5884187E-06
   1.5507518E+03   4.3700000E+02   4.2100000E+02   3.6041577E-06   3.7592002E-06
   1.5507593E+03   4.3300000E+02   4.1900000E+02   4.4675356E-06   6.5357878E-06
   1.5507668E+03   4.8800000E+02   4.6800000E+02   6.6955289E-06   6.9774852E-06
   1.5507744E+03   5.0300000E+02   4.8300000E+02   6.9313278E-05   7.1733670E-05
   1.5507819E+03   5.5200000E+02   5.4100000E+02   3.0699821E-04   3.1323013E-04
   1.5507894E+03   5.1300000E+02   4.9100000E+02   5.4872193E-06   7.8561797E-06
   1.5507970E+03   5.8700000E+02   5.6500000E+02   3.7320475E-06   3.6170935E-06
   1.5508045E+03   6.2500000E+02   6.0300000E+02   1.5073306E-05   1.5635807E-05
   1.5508120E+03   6.5700000E+02   6.3600000E+02   2.0235797E-06   2.0720169E-06
   1.5508195E+03   6.9900000E+02   6.6500000E+02   1.9738616E-05   2.0271592E-05
   1.5508271E+03   7.7000000E+02   7.3600000E+02   2.2905158E-06   2.5114165E-06
   1.5508346E+03   7.9900000E+02   7.5700000E+02   1.8299783E-05   1.9739605E-05
   1.5508421E+03   8.7600000E+02   8.3000000E+02   9.5467049E-07   9.3309110E-07
   1.5508497E+03   9.3400000E+02   8.7000000E+02   6.0005243E-06   7.9214921E-06
   1.5508572E+03   1.0140000E+03   9.3500000E+02   7.6954749E-05   8.3385359E-05
   1.5508647E+03   1.1000000E+03   1.0020000E+03   1.6305564E-05   1.7848172E-05
   1.5508722E+03   1.2390000E+03   1.1180000E+03   1.1984441E-05   1.3735227E-05
   1.5508798E+03   1.3530000E+03   1.2150000E+03   3.5514728E-05   3.8954258E-05
   1.5508873E+03   1.4780000E+03   1.3230000E+03   1.2269105E-05   1.4327245E-05
   1.5508948E+03   1.5850000E+03   1.3900000E+03   9.0443139E-06   1.0326734E-05
   1.5509024E+03   1.7660000E+03   1.5180000E+03   7.9918764E-06   1.0292020E-05
   1.5509099E+03   2.0700000E+03   1.7970000E+03   3.1442447E-05   3.5942612E-05
   1.5509174E+03   2.2110000E+03   1.8860000E+03   1.0097172E-04   1.1709771E-04
   1.5509249E+03   2.4410000E+03   2.0300000E+03   5.5620113E-05   6.1842954E-05
   1.5509325E+03   2.6920000E+03   2.2060000E+03   1.6218130E-07   1.3431484E-07
   1.5509400E+03   2.9260000E+03   2.3960000E+03   1.5581112E-05   1.8410909E-05
   1.5509475E+03   3.2750000E+03   2.6190000E+03   4.1597770E-06   5.5524941E-06
   1.5509551E+03   3.7180000E+03   2.9470000E+03   1.4735989E-05   1.8322124E-05
   1.5509626E+03   3.9290000E+03   3.0700000E+03   7.2363283E-05   9.2630816E-05
   1.5509701E+03   4.2030000E+03   3.3230000E+03   2.6651044E-05   3.3869545E-05
   1.5509776E+03   4.6440000E+03   3.5930000E+03   5.7108438E-05   7.3133809E-05
   1.5509852E+03   4.8570000E+03   3.7310000E+03   1.3206355E-05   1.7157123E-05
   1.5509927E+03   5.3180000E+03   3.9670000E+03   1.6955145E-05   2.1355716E-06
   1.5510002E+03   5.5990000E+03   4.2020000E+03   1.1136836E-05   1.5419377E-05
   1.5510078E+03   6.0560000E+03   4.6150000E+03   5.5577489E-06   7.2783356E-06
   1.5510153E+03   6.3120000E+03   4.7650000E+03   7.2267990E-05   9.9534774E-05
   1.5510228E+03   6.7490000E+03   5.0880000E+03   3.1578655E-05   4.2020675E-05
   1.5510303E+03   7.2140000E+03   5.4190000E+03   2.1930128E-05   2.4608708E-05
   1.5510379E+03   7.5300000E+03   5.5110000E+03   1.0593450E-05   1.6426529E-05
   1.5510454E+03   7.7510000E+03   5.7630000E+03   9.3836531E-06   1.2624337E-05
   1.5510529E+03   8.0440000E+03   5.9090000E+03   2.3545246E-06   3.3150351E-06
   1.5510604E+03   8.4330000E+03   6.1750000E+03   1.8576763E-05   2.5418059E-05
   1.5510680E+03   8.6430000E+03   6.3490000E+03   1.1354235E-06   1.5330547E-06
   1.5510755E+03   8.9640000E+03   6.4890000E+03   6.6832032E-06   1.0814003E-05
   1.5510830E+03   9.0580000E+03   6.5680000E+03   1.5523449E-05   2.1669816E-05
   1.5510906E+03   9.3120000E+03   6.7160000E+03   2.8199751E-05   3.9118706E-05
   1.5510981E+03   9.5490000E+03   6.9940000E+03   3.6437208E-05   4.9601700E-05
   1.5511056E+03   9.6270000E+03   6.9900000E+03   2.2483565E-05   3.0458304E-05
   1.5511131E+03   9.7510000E+03   7.0750000E+03   2.1604391E-05   2.9944860E-05
   1.5511207E+03   1.0021000E+04   7.2390000E+03   8.4210824E-06   1.1695581E-05
   1.5511282E+03   9.9830000E+03   7.1420000E+03   7.1528778E-06   1.0540135E-05
   1.5511357E+03   1.0148000E+04   7.3130000E+03   3.9201575E-06   5.4039052E-06
   1.5511433E+03   1.0055000E+04   7.2070000E+03   7.4805525E-06   1.0380299E-05
   1.5511508E+03   1.0107000E+04   7.2320000E+03   7.1201786E-06   9.5863183E-06
   1.5511583E+03   1.0157000E+04   7.2020000E+03   2.6136970E-05   3.6720068E-05
   1.5511658E+03   1.0277000E+04   7.3470000E+03   5.1431462E-06   4.9773403E-06
   1.5511734E+03   1.0289000E+04   7.2480000E+03   1.9417161E-05   2.7560705E-05
   1.5511809E+03   1.0258000E+04   7.1940000E+03   3.2823149E-05   4.6747145E-05
   1.5511884E+03   1.0069000E+04   7.0600000E+03   2.0096652E-05   2.7446759E-05
   1.5511960E+03   9.9390000E+03   6.9380000E+03   2.1717788E-05   3.1282074E-05
   1.5512035E+03   9.9320000E+03   6.9360000E+03   5.2576857E-06   6.2408606E-06
   1.5512110E+03   9.9150000E+03   6.7880000E+03   3.0361298E-05   4.4363463E-05
   1.5512185E+03   9.7460000E+03   6.6170000E+03   1.6038981E-05   2.3857204E-05
   1.5512261E+03   9.4900000E+03   6.4410000E+03   5.6269138E-05   8.3335119E-05
   1.5512336E+03   9.4470000E+03   6.4070000E+03   4.2069468E-06   6.3516303E-06
   1.5512411E+03   9.2930000E+03   6.2810000E+03   8.1892834E-06   1.2157549E-05
   1.5512487E+03   9.1560000E+03   6.1140000E+03   5.9542767E-05   8.9071175E-05
   1.5512562E+03   9.0080000E+03   5.8570000E+03   8.9767870E-06   1.3797161E-05
   1.5512637E+03   8.7720000E+03   5.6900000E+03   1.2369078E-06   2.1048085E-06
   1.5512712E+03   8.6290000E+03   5.5480000E+03   4.5658698E-05   2.9656396E-05
   1.5512788E+03   8.4710000E+03   5.4510000E+03   8.1954881E-05   1.2710785E-04
   1.5512863E+03   8.4940000E+03   5.4530000E+03   7.8580830E-05   1.0617107E-04
   1.5512938E+03   8.1490000E+03   5.1340000E+03   5.3272349E-06   8.7097097E-06
   1.5513014E+03   7.9840000E+03   4.9110000E+03   1.9439850E-05   3.1994587E-05
   1.5513089E+03   7.9340000E+03   4.8790000E+03   3.7878008E-05   6.1584361E-05
   1.5513164E+03   7.7390000E+03   4.7610000E+03   6.9683519E-05   1.1312266E-04
   1.5513239E+03   7.3910000E+03   4.4560000E+03   1.7172308E-06   2.7247978E-06
   1.5513315E+03   7.3890000E+03   4.3250000E+03   7.3769636E-05   1.2608874E-04
   1.5513390E+03   7.2410000E+03   4.2090000E+03   1.8552451E-05   3.1411474E-05
   1.5513465E+03   6.9960000E+03   3.9490000E+03   4.2086364E-05   7.4668737E-05
   1.5513541E+03   6.7830000E+03   3.7900000E+03   2.7969049E-05   4.3744105E-05
   1.5513616E+03   6.6440000E+03   3.7810000E+03   2.4520832E-05   4.3195829E-05
   1.5513691E+03   6.5410000E+03   3.5820000E+03   2.4264120E-05   4.4402008E-05
   1.5513766E+03   6.4600000E+03   3.4960000E+03   2.5895857E-05   4.7572684E-05
   1.5513842E+03   6.1430000E+03   3.2440000E+03   5.6676113E-05   1.0786149E-04
   1.5513917E+03   6.0240000E+03   3.0960000E+03   1.1173784E-05   2.1769336E-05
   1.5513992E+03   5.8450000E+03   2.9110000E+03   1.0775790E-05   2.1663737E-05
   1.5514068E+03   5.8690000E+03   2.8760000E+03   5.5929338E-05   1.1420635E-04
   1.5514143E+03   5.6310000E+03   2.8050000E+03   8.3045619E-05   1.6694140E-04
   1.5514218E+03   5.4410000E+03   2.5020000E+03   1.0178540E-04   2.2208228E-04
   1.5514293E+03   5.3520000E+03   2.4160000E+03   3.0373496E-05   6.7259310E-05
   1.5514369E+03   5.2590000E+03   2.2970000E+03   8.2440430E-05   1.8836391E-04
   1.5514444E+03   5.1920000E+03   2.3000000E+03   1.4972809E-04   3.3809290E-04
   1.5514519E+03   5.0640000E+03   2.1020000E+03   3.6473995E-05   8.7658343E-05
   1.5514595E+03   4.8240000E+03   1.9580000E+03   6.8391441E-05   1.5279050E-04
   1.5514670E+03   4.8120000E+03   1.8560000E+03   1.3324098E-05   3.6555928E-05
   1.5514745E+03   4.6860000E+03   1.7540000E+03   4.6210211E-05   1.2079293E-04
   1.5514820E+03   4.4430000E+03   1.6610000E+03   1.5894765E-04   4.1451859E-04
   1.5514896E+03   4.3570000E+03   1.4920000E+03   1.2312083E-04   3.5951000E-04
   1.5514971E+03   4.4940000E+03   1.5020000E+03   4.4972386E-06   1.3396240E-05
   1.5515046E+03   4.1850000E+03   1.3730000E+03   1.8048615E-04   5.4911015E-04
   1.5515122E+03   4.1630000E+03   1.2900000E+03   1.9880395E-05   6.4048366E-05
   1.5515197E+03   4.1510000E+03   1.3020000E+03   3.7057126E-05   1.1820797E-04
   1.5515272E+03   3.9830000E+03   1.0820000E+03   1.3486044E-04   4.6874046E-04
   1.5515347E+03   3.9140000E+03   1.0610000E+03   3.9159220E-05   9.5763688E-05
   1.5515423E+03   3.8740000E+03   9.7200000E+02   9.0482164E-05   3.6070691E-04
   1.5515498E+03   3.8310000E+03   9.4400000E+02   8.5235375E-05   3.4607601E-04
   1.5515573E+03   3.7090000E+03   8.5600000E+02   4.8544360E-05   2.0874598E-04
   1.5515648E+03   3.6090000E+03   7.6800000E+02   1.2215645E-04   5.7429084E-04
   1.5515724E+03   3.4970000E+03   6.8400000E+02   9.0667308E-07   4.7065258E-06
   1.5515799E+03   3.5000000E+03   7.1400000E+02   1.8654401E-04   9.1377179E-04
   1.5515874E+03   3.3650000E+03   6.4000000E+02   1.4827673E-04   7.7945067E-04
   1.5515950E+03   3.4810000E+03   6.1800000E+02   3.1912346E-06   1.8061600E-05
   1.5516025E+03   3.4050000E+03   5.4800000E+02   8.6315487E-05   5.3592999E-04
   1.5516100E+03   3.2620000E+03   4.6900000E+02   1.3805900E-04   9.5771818E-04
   1.5516175E+03   3.2420000E+03   4.7700000E+02   9.3501777E-05   6.3520567E-04
   1.5516251E+03   3.2140000E+03   3.8200000E+02   6.0920566E-07   5.1138110E-06
   1.5516326E+03   3.1170000E+03   3.9900000E+02   7.8280405E-05   6.1154641E-04
   1.5516401E+03   3.1460000E+03   3.4300000E+02   3.9224364E-05   3.5973157E-04
   1.5516477E+03   3.0740000E+03   3.2400000E+02   8.8913781E-05   8.4197096E-04
   1.5516552E+03   3.1210000E+03   2.9600000E+02   1.2373037E-04   1.3052774E-03
   1.5516627E+03   3.0640000E+03   2.8800000E+02   2.2427173E-07   4.1435229E-06
   1.5516702E+03   3.0230000E+03   2.2900000E+02   8.3404486E-05   1.1014483E-03
   1.5516778E+03   3.0400000E+03   2.2800000E+02   1.2212887E-06   1.6748769E-05
   1.5516853E+03   2.9300000E+03   1.6800000E+02   7.7364089E-05   1.3493359E-03
   1.5516928E+03   2.9790000E+03   1.5500000E+02   9.3355531E-06   8.7171422E-05
   1.5517004E+03   3.0600000E+03   1.7800000E+02   1.2604098E-04   2.1673873E-03
   1.5517079E+03   2.9500000E+03   1.3700000E+02   8.6583487E-06   1.8647033E-04
   1.5517154E+03   2.9870000E+03   1.5300000E+02   7.0210404E-05   1.3700173E-03
   1.5517229E+03   2.9290000E+03   1.2300000E+02   4.4422005E-07   6.6329637E-06
   1.5517305E+03   2.9930000E+03   9.0000000E+01   2.6513997E-07   9.1141091E-06
   1.5517380E+03   2.9730000E+03   9.5000000E+01   7.1434956E-05   2.2354067E-03
   1.5517455E+03   2.8590000E+03   8.3000000E+01   1.8825144E-04   6.4844574E-03
   1.5517531E+03   2.9150000E+03   8.8000000E+01   8.6029078E-05   2.8485209E-03
   1.5517606E+03   2.8910000E+03   7.4000000E+01   1.7067334E-07   6.6806865E-06
   1.5517681E+03   2.8710000E+03   7.2000000E+01   1.8313673E-04   7.3020937E-03
   1.5517756E+03   2.8650000E+03   5.3000000E+01   7.1150305E-05   3.8465912E-03
   1.5517832E+03   2.8070000E+03   5.5000000E+01   1.4322251E-04   7.3095652E-03
   1.5517907E+03   2.7360000E+03   3.8000000E+01   7.3616677E-08   2.2770716E-06
   1.5517982E+03   2.7880000E+03   3.1000000E+01   3.9323873E-07   3.3409955E-05
   1.5518058E+03   2.7610000E+03   3.8000000E+01   5.3513583E-08   3.8883914E-06
   1.5518133E+03   2.8070000E+03   3.3000000E+01   6.8564950E-05   5.8330113E-03
   1.5518208E+03   2.8330000E+03   3.3000000E+01   1.4398711E-07   1.2361075E-05
   1.5518283E+03   2.7700000E+03   1.9000000E+01   2.2717366E-08   3.3119529E-06
   1.5518359E+03   2.8970000E+03   1.8000000E+01   1.8652455E-08   2.9021292E-06
   1.5518434E+03   2.8130000E+03   2.1000000E+01   4.6166317E-05   6.3977551E-03
   1.5518509E+03   2.8190000E+03   1.8000000E+01   8.6817995E-08   1.3606767E-05
   1.5518585E+03   2.7670000E+03   1.4000000E+01   4.7610494E-05   9.4095372E-03
   1.5518660E+03   2.7950000E+03   1.6000000E+01   8.7074265E-09   1.5210786E-06
   1.5518735E+03   2.8730000E+03   1.8000000E+01   5.9899403E-06   9.5606103E-04
   1.5518810E+03   2.7840000E+03   8.0000000E+00   3.8672580E-05   1.3457966E-02
   1.5518886E+03   2.8800000E+03   1.1000000E+01   2.1215180E-04   5.5545198E-02
   1.5518961E+03   2.8260000E+03   1.0000000E+01   3.1718695E-09   8.9637033E-07
   1.5519036E+03   2.8190000E+03   4.0000000E+00   4.3274432E-09   3.0497656E-06
   1.5519112E+03   2.7750000E+03   1.1000000E+01   5.3832111E-05   1.3575221E-02
   1.5519187E+03   2.8360000E+03   9.0000000E+00   6.2467244E-09   1.9684123E-06
   1.5519262E+03   2.7860000E+03   6.0000000E+00   6.1145097E-05   2.8391707E-02
   1.5519337E+03   2.8340000E+03   4.0000000E+00   1.2367316E-08   8.7622437E-06
   1.5519413E+03   2.8420000E+03   4.0000000E+00   3.0604472E-09   2.1744478E-06
   1.5519488E+03   2.7400000E+03   1.0000000E+00   1.2562506E-09   3.4421268E-06
   1.5519563E+03   2.7570000E+03   2.0000000E+00   1.4888172E-04   2.0523349E-01
   1.5519638E+03   2.7780000E+03   3.0000000E+00   2.6741007E-08   2.4762172E-05
   1.5519714E+03   2.7560000E+03   0.0000000E+00   0.0000000E+00   0.0000000E+00
   1.5519789E+03   2.9160000E+03   0.0000000E+00   0.0000000E+00   0.0000000E+00
   1.5519864E+03   2.7280000E+03   1.0000000E+00   1.2697923E-04   3.4639935E-01
   1.5519940E+03   2.7420000E+03   3.0000000E+00   5.9411693E-05   5.4302287E-02
   1.5520015E+03   2.7710000E+03   1.0000000E+00   1.7549881E-04   4.8630721E-01
   1.5520090E+03   2.7730000E+03   4.0000000E+00   9.4338417E-06   6.5400108E-03
   1.5520165E+03   2.6930000E+03   0.0000000E+00   0.0000000E+00   0.0000000E+00
   1.5520241E+03   2.8090000E+03   2.0000000E+00   5.6102489E-10   7.8795945E-07
   1.5520316E+03   2.7360000E+03   0.0000000E+00   0.0000000E+00   0.0000000E+00
   1.5520391E+03   2.8530000E+03   1.0000000E+00   6.3391030E-05   1.8085461E-01
   1.5520467E+03   2.7320000E+03   3.0000000E+00   1.5440451E-04   1.4061104E-01
   1.5520542E+03   2.7290000E+03   1.0000000E+00   1.2539369E-08   3.4219939E-05
   1.5520617E+03   2.7380000E+03   1.0000000E+00   1.2518220E-10   3.4274887E-07
   1.5520692E+03   2.7710000E+03   1.0000000E+00   1.7358936E-04   4.8101610E-01
   1.5520768E+03   2.7640000E+03   0.0000000E+00   0.0000000E+00   0.0000000E+00
   1.5520843E+03   2.6860000E+03   1.0000000E+00   4.2603826E-05   1.1443388E-01
   1.5520918E+03   2.7910000E+03   1.0000000E+00   6.6585346E-05   1.8583970E-01
   1.5520994E+03   2.7270000E+03   0.0000000E+00   0.0000000E+00   0.0000000E+00
   1.5521069E+03   2.8220000E+03   0.0000000E+00   0.0000000E+00   0.0000000E+00
   1.5521144E+03   2.7700000E+03   0.0000000E+00   0.0000000E+00   0.0000000E+00
   1.5521219E+03   2.7250000E+03   1.0000000E+00   1.2422813E-04   3.3852165E-01
   1.5521295E+03   2.6460000E+03   1.0000000E+00   3.2404546E-09   8.5742429E-06
   1.5521370E+03   2.7380000E+03   0.0000000E+00   0.0000000E+00   0.0000000E+00
   1.5521445E+03   2.7440000E+03   0.0000000E+00   0.0000000E+00   0.0000000E+00
   1.5521521E+03   2.7750000E+03   1.0000000E+00   7.2263250E-10   2.0053052E-06
   1.5521596E+03   2.8110000E+03   0.0000000E+00   0.0000000E+00   0.0000000E+00
   1.5521671E+03   2.7810000E+03   0.0000000E+00   0.0000000E+00   0.0000000E+00
   1.5521746E+03   2.8320000E+03   1.0000000E+00   2.4872647E-05   7.0439337E-02
   1.5521822E+03   2.6970000E+03   0.0000000E+00   0.0000000E+00   0.0000000E+00
   1.5521897E+03   2.7030000E+03   0.0000000E+00   0.0000000E+00   0.0000000E+00
   1.5521972E+03   2.8680000E+03   0.0000000E+00   0.0000000E+00   0.0000000E+00
   1.5522048E+03   2.7020000E+03   0.0000000E+00   0.0000000E+00   0.0000000E+00
   1.5522123E+03   2.8290000E+03   0.0000000E+00   0.0000000E+00   0.0000000E+00
   1.5522198E+03   2.7270000E+03   0.0000000E+00   0.0000000E+00   0.0000000E+00
   1.5522273E+03   2.7640000E+03   0.0000000E+00   0.0000000E+00   0.0000000E+00
   1.5522349E+03   2.7180000E+03   0.0000000E+00   0.0000000E+00   0.0000000E+00
   1.5522424E+03   2.6970000E+03   0.0000000E+00   0.0000000E+00   0.0000000E+00
   1.5522499E+03   2.7230000E+03   0.0000000E+00   0.0000000E+00   0.0000000E+00
   1.5522575E+03   2.7640000E+03   0.0000000E+00   0.0000000E+00   0.0000000E+00
   1.5522650E+03   2.6740000E+03   0.0000000E+00   0.0000000E+00   0.0000000E+00
   1.5522725E+03   2.7150000E+03   0.0000000E+00   0.0000000E+00   0.0000000E+00
   1.5522800E+03   2.6740000E+03   1.0000000E+00   1.2264593E-05   3.2795521E-02
   1.5522876E+03   2.7710000E+03   0.0000000E+00   0.0000000E+00   0.0000000E+00
   1.5522951E+03   2.8060000E+03   0.0000000E+00   0.0000000E+00   0.0000000E+00
   1.5523026E+03   2.6900000E+03   1.0000000E+00   7.2088744E-05   1.9391872E-01
   1.5523102E+03   2.7600000E+03   0.0000000E+00   0.0000000E+00   0.0000000E+00
   1.5523177E+03   2.8570000E+03   0.0000000E+00   0.0000000E+00   0.0000000E+00
   1.5523252E+03   2.7010000E+03   0.0000000E+00   0.0000000E+00   0.0000000E+00
   1.5523327E+03   2.6900000E+03   0.0000000E+00   0.0000000E+00   0.0000000E+00
   1.5523403E+03   2.7250000E+03   0.0000000E+00   0.0000000E+00   0.0000000E+00
   1.5523478E+03   2.7950000E+03   1.0000000E+00   2.4450498E-04   6.8339143E-01
   1.5523553E+03   2.7650000E+03   0.0000000E+00   0.0000000E+00   0.0000000E+00
   1.5523629E+03   2.7210000E+03   0.0000000E+00   0.0000000E+00   0.0000000E+00
   1.5523704E+03   2.6770000E+03   0.0000000E+00   0.0000000E+00   0.0000000E+00
   1.5523779E+03   2.7330000E+03   0.0000000E+00   0.0000000E+00   0.0000000E+00
   1.5523854E+03   2.7280000E+03   0.0000000E+00   0.0000000E+00   0.0000000E+00
   1.5523930E+03   2.7060000E+03   0.0000000E+00   0.0000000E+00   0.0000000E+00
   1.5524005E+03   2.8170000E+03   0.0000000E+00   0.0000000E+00   0.0000000E+00
   1.5524080E+03   2.6960000E+03   0.0000000E+00   0.0000000E+00   0.0000000E+00
   1.5524155E+03   2.7410000E+03   0.0000000E+00   0.0000000E+00   0.0000000E+00
   1.5524231E+03   2.7480000E+03   0.0000000E+00   0.0000000E+00   0.0000000E+00
   1.5524306E+03   2.7300000E+03   1.0000000E+00   1.3118807E-05   3.5814343E-02
   1.5524381E+03   2.8040000E+03   0.0000000E+00   0.0000000E+00   0.0000000E+00
   1.5524457E+03   2.6420000E+03   0.0000000E+00   0.0000000E+00   0.0000000E+00
   1.5524532E+03   2.7150000E+03   1.0000000E+00   2.0293439E-04   5.5096687E-01
   1.5524607E+03   2.6620000E+03   0.0000000E+00   0.0000000E+00   0.0000000E+00
   1.5524682E+03   2.7040000E+03   0.0000000E+00   0.0000000E+00   0.0000000E+00
   1.5524758E+03   2.7640000E+03   0.0000000E+00   0.0000000E+00   0.0000000E+00
   1.5524833E+03   2.6820000E+03   0.0000000E+00   0.0000000E+00   0.0000000E+00
   1.5524908E+03   2.7110000E+03   0.0000000E+00   0.0000000E+00   0.0000000E+00
   1.5524984E+03   2.8420000E+03   0.0000000E+00   0.0000000E+00   0.0000000E+00
   1.5525059E+03   2.7640000E+03   0.0000000E+00   0.0000000E+00   0.0000000E+00
   1.5525134E+03   2.7390000E+03   0.0000000E+00   0.0000000E+00   0.0000000E+00
   1.5525209E+03   2.7070000E+03   0.0000000E+00   0.0000000E+00   0.0000000E+00
   1.5525285E+03   2.7330000E+03   0.0000000E+00   0.0000000E+00   0.0000000E+00
   1.5525360E+03   2.7260000E+03   0.0000000E+00   0.0000000E+00   0.0000000E+00
   1.5525435E+03   2.6720000E+03   1.0000000E+00   2.4227482E-04   6.4735831E-01
   1.5525511E+03   2.7040000E+03   1.0000000E+00   6.8238699E-06   1.8451744E-02
   1.5525586E+03   2.6750000E+03   0.0000000E+00   0.0000000E+00   0.0000000E+00
   1.5525661E+03   2.6900000E+03   0.0000000E+00   0.0000000E+00   0.0000000E+00
   1.5525736E+03   2.6770000E+03   0.0000000E+00   0.0000000E+00   0.0000000E+00
   1.5525812E+03   2.7880000E+03   0.0000000E+00   0.0000000E+00   0.0000000E+00
   1.5525887E+03   2.8020000E+03   0.0000000E+00   0.0000000E+00   0.0000000E+00
   1.5525962E+03   2.6780000E+03   0.0000000E+00   0.0000000E+00   0.0000000E+00
   1.5526038E+03   2.7510000E+03   0.0000000E+00   0.0000000E+00   0.0000000E+00
   1.5526113E+03   2.7380000E+03   0.0000000E+00   0.0000000E+00   0.0000000E+00
   1.5526188E+03   2.6240000E+03   0.0000000E+00   0.0000000E+00   0.0000000E+00
   1.5526263E+03   2.7120000E+03   0.0000000E+00   0.0000000E+00   0.0000000E+00
   1.5526339E+03   2.6500000E+03   0.0000000E+00   0.0000000E+00   0.0000000E+00
   1.5526414E+03   2.6620000E+03   0.0000000E+00   0.0000000E+00   0.0000000E+00
   1.5526489E+03   2.7110000E+03   0.0000000E+00   0.0000000E+00   0.0000000E+00
   1.5526565E+03   2.8420000E+03   0.0000000E+00   0.0000000E+00   0.0000000E+00
   1.5526640E+03   2.7550000E+03   0.0000000E+00   0.0000000E+00   0.0000000E+00
   1.5526715E+03   2.6570000E+03   0.0000000E+00   0.0000000E+00   0.0000000E+00
   1.5526790E+03   2.6560000E+03   0.0000000E+00   0.0000000E+00   0.0000000E+00
   1.5526866E+03   2.7820000E+03   0.0000000E+00   0.0000000E+00   0.0000000E+00
   1.5526941E+03   2.7440000E+03   0.0000000E+00   0.0000000E+00   0.0000000E+00
   1.5527016E+03   2.7140000E+03   0.0000000E+00   0.0000000E+00   0.0000000E+00
   1.5527092E+03   2.7840000E+03   0.0000000E+00   0.0000000E+00   0.0000000E+00
   1.5527167E+03   2.7400000E+03   0.0000000E+00   0.0000000E+00   0.0000000E+00
   1.5527242E+03   2.6330000E+03   0.0000000E+00   0.0000000E+00   0.0000000E+00
   1.5527317E+03   2.7790000E+03   0.0000000E+00   0.0000000E+00   0.0000000E+00
   1.5527393E+03   2.7510000E+03   0.0000000E+00   0.0000000E+00   0.0000000E+00
   1.5527468E+03   2.6930000E+03   0.0000000E+00   0.0000000E+00   0.0000000E+00
   1.5527543E+03   2.7170000E+03   0.0000000E+00   0.0000000E+00   0.0000000E+00
   1.5527619E+03   2.7050000E+03   0.0000000E+00   0.0000000E+00   0.0000000E+00
   1.5527694E+03   2.7760000E+03   0.0000000E+00   0.0000000E+00   0.0000000E+00
   1.5527769E+03   2.7810000E+03   0.0000000E+00   0.0000000E+00   0.0000000E+00
   1.5527844E+03   2.7390000E+03   0.0000000E+00   0.0000000E+00   0.0000000E+00
   1.5527920E+03   2.6690000E+03   0.0000000E+00   0.0000000E+00   0.0000000E+00
   1.5527995E+03   2.7190000E+03   0.0000000E+00   0.0000000E+00   0.0000000E+00
   1.5528070E+03   2.7160000E+03   0.0000000E+00   0.0000000E+00   0.0000000E+00
   1.5528146E+03   2.7410000E+03   0.0000000E+00   0.0000000E+00   0.0000000E+00
   1.5528221E+03   2.6670000E+03   1.0000000E+00   5.0419951E-05   1.3447001E-01
   1.5528296E+03   2.6790000E+03   0.0000000E+00   0.0000000E+00   0.0000000E+00
   1.5528371E+03   2.6250000E+03   0.0000000E+00   0.0000000E+00   0.0000000E+00
   1.5528447E+03   2.7100000E+03   0.0000000E+00   0.0000000E+00   0.0000000E+00
   1.5528522E+03   2.6880000E+03   0.0000000E+00   0.0000000E+00   0.0000000E+00
   1.5528597E+03   2.6750000E+03   0.0000000E+00   0.0000000E+00   0.0000000E+00
   1.5528673E+03   2.7010000E+03   0.0000000E+00   0.0000000E+00   0.0000000E+00
   1.5528748E+03   2.6460000E+03   0.0000000E+00   0.0000000E+00   0.0000000E+00
   1.5528823E+03   2.6540000E+03   0.0000000E+00   0.0000000E+00   0.0000000E+00
   1.5528898E+03   2.6600000E+03   0.0000000E+00   0.0000000E+00   0.0000000E+00
   1.5528974E+03   2.7620000E+03   0.0000000E+00   0.0000000E+00   0.0000000E+00
   1.5529049E+03   2.7350000E+03   0.0000000E+00   0.0000000E+00   0.0000000E+00
   1.5529124E+03   2.6480000E+03   0.0000000E+00   0.0000000E+00   0.0000000E+00
   1.5529199E+03   2.6290000E+03   0.0000000E+00   0.0000000E+00   0.0000000E+00
   1.5529275E+03   2.6170000E+03   0.0000000E+00   0.0000000E+00   0.0000000E+00
   1.5529350E+03   2.6900000E+03   0.0000000E+00   0.0000000E+00   0.0000000E+00
   1.5529425E+03   2.7870000E+03   0.0000000E+00   0.0000000E+00   0.0000000E+00
   1.5529501E+03   2.7000000E+03   0.0000000E+00   0.0000000E+00   0.0000000E+00
   1.5529576E+03   2.5750000E+03   0.0000000E+00   0.0000000E+00   0.0000000E+00
   1.5529651E+03   2.6800000E+03   0.0000000E+00   0.0000000E+00   0.0000000E+00
   1.5529726E+03   2.6420000E+03   0.0000000E+00   0.0000000E+00   0.0000000E+00
   1.5529802E+03   2.6510000E+03   0.0000000E+00   0.0000000E+00   0.0000000E+00
   1.5529877E+03   2.7360000E+03   0.0000000E+00   0.0000000E+00   0.0000000E+00
   1.5529952E+03   2.6430000E+03   1.0000000E+00   8.8057126E-05   2.3273498E-01
   1.5530028E+03   2.6730000E+03   0.0000000E+00   0.0000000E+00   0.0000000E+00
   1.5530103E+03   2.7010000E+03   0.0000000E+00   0.0000000E+00   0.0000000E+00
   1.5530178E+03   2.6570000E+03   0.0000000E+00   0.0000000E+00   0.0000000E+00
   1.5530253E+03   2.6860000E+03   1.0000000E+00   6.9794832E-05   1.8746892E-01
   1.5530329E+03   2.6580000E+03   0.0000000E+00   0.0000000E+00   0.0000000E+00
   1.5530404E+03   2.5480000E+03   0.0000000E+00   0.0000000E+00   0.0000000E+00
   1.5530479E+03   2.7850000E+03   0.0000000E+00   0.0000000E+00   0.0000000E+00
   1.5530555E+03   2.6800000E+03   0.0000000E+00   0.0000000E+00   0.0000000E+00
   1.5530630E+03   2.6550000E+03   0.0000000E+00   0.0000000E+00   0.0000000E+00
   1.5530705E+03   2.7130000E+03   0.0000000E+00   0.0000000E+00   0.0000000E+00
   1.5530780E+03   2.6450000E+03   0.0000000E+00   0.0000000E+00   0.0000000E+00
   1.5530856E+03   2.6880000E+03   1.0000000E+00   2.5795142E-05   6.9337340E-02
   1.5530931E+03   2.7550000E+03   0.0000000E+00   0.0000000E+00   0.0000000E+00
   1.5531006E+03   2.6080000E+03   0.0000000E+00   0.0000000E+00   0.0000000E+00
   1.5531082E+03   2.6570000E+03   1.0000000E+00   2.6909492E-04   7.1498521E-01
   1.5531157E+03   2.6460000E+03   0.0000000E+00   0.0000000E+00   0.0000000E+00
   1.5531232E+03   2.7490000E+03   1.0000000E+00   2.7139922E-04   7.4607646E-01
   1.5531307E+03   2.7450000E+03   0.0000000E+00   0.0000000E+00   0.0000000E+00
   1.5531383E+03   2.7010000E+03   0.0000000E+00   0.0000000E+00   0.0000000E+00
   1.5531458E+03   2.6730000E+03   0.0000000E+00   0.0000000E+00   0.0000000E+00
   1.5531533E+03   2.7500000E+03   0.0000000E+00   0.0000000E+00   0.0000000E+00
   1.5531609E+03   2.7080000E+03   0.0000000E+00   0.0000000E+00   0.0000000E+00
   1.5531684E+03   2.6730000E+03   0.0000000E+00   0.0000000E+00   0.0000000E+00
   1.5531759E+03   2.6470000E+03   0.0000000E+00   0.0000000E+00   0.0000000E+00
   1.5531834E+03   2.6360000E+03   0.0000000E+00   0.0000000E+00   0.0000000E+00
   1.5531910E+03   2.7210000E+03   0.0000000E+00   0.0000000E+00   0.0000000E+00
   1.5531985E+03   2.6250000E+03   0.0000000E+00   0.0000000E+00   0.0000000E+00
   1.5532060E+03   2.7240000E+03   0.0000000E+00   0.0000000E+00   0.0000000E+00
   1.5532136E+03   2.6350000E+03   0.0000000E+00   0.0000000E+00   0.0000000E+00
   1.5532211E+03   2.7500000E+03   0.0000000E+00   0.0000000E+00   0.0000000E+00
   1.5532286E+03   2.5500000E+03   0.0000000E+00   0.0000000E+00   0.0000000E+00
   1.5532361E+03   2.6310000E+03   0.0000000E+00   0.0000000E+00   0.0000000E+00
   1.5532437E+03   2.6630000E+03   0.0000000E+00   0.0000000E+00   0.0000000E+00
   1.5532512E+03   2.6330000E+03   0.0000000E+00   0.0000000E+00   0.0000000E+00
   1.5532587E+03   2.6320000E+03   0.0000000E+00   0.0000000E+00   0.0000000E+00
   1.5532663E+03   2.6220000E+03   0.0000000E+00   0.0000000E+00   0.0000000E+00
   1.5532738E+03   2.6410000E+03   0.0000000E+00   0.0000000E+00   0.0000000E+00
   1.5532813E+03   2.7350000E+03   0.0000000E+00   0.0000000E+00   0.0000000E+00
   1.5532888E+03   2.6560000E+03   0.0000000E+00   0.0000000E+00   0.0000000E+00
   1.5532964E+03   2.6530000E+03   0.0000000E+00   0.0000000E+00   0.0000000E+00
   1.5533039E+03   2.6620000E+03   0.0000000E+00   0.0000000E+00   0.0000000E+00
   1.5533114E+03   2.7250000E+03   1.0000000E+00   3.5559352E-05   9.6899234E-02
   1.5533189E+03   2.5940000E+03   0.0000000E+00   0.0000000E+00   0.0000000E+00
   1.5533265E+03   2.6130000E+03   0.0000000E+00   0.0000000E+00   0.0000000E+00
   1.5533340E+03   2.5910000E+03   0.0000000E+00   0.0000000E+00   0.0000000E+00
   1.5533415E+03   2.5880000E+03   0.0000000E+00   0.0000000E+00   0.0000000E+00
   1.5533491E+03   2.6200000E+03   0.0000000E+00   0.0000000E+00   0.0000000E+00
   1.5533566E+03   2.7030000E+03   0.0000000E+00   0.0000000E+00   0.0000000E+00
   1.5533641E+03   2.6120000E+03   0.0000000E+00   0.0000000E+00   0.0000000E+00
   1.5533716E+03   2.6040000E+03   0.0000000E+00   0.0000000E+00   0.0000000E+00
   1.5533792E+03   2.6830000E+03   0.0000000E+00   0.0000000E+00   0.0000000E+00
   1.5533867E+03   2.6250000E+03   0.0000000E+00   0.0000000E+00   0.0000000E+00
   1.5533942E+03   2.6630000E+03   0.0000000E+00   0.0000000E+00   0.0000000E+00
   1.5534018E+03   2.6200000E+03   0.0000000E+00   0.0000000E+00   0.0000000E+00
   1.5534093E+03   2.6250000E+03   0.0000000E+00   0.0000000E+00   0.0000000E+00
   1.5534168E+03   2.6630000E+03   0.0000000E+00   0.0000000E+00   0.0000000E+00
   1.5534243E+03   2.6440000E+03   0.0000000E+00   0.0000000E+00   0.0000000E+00
   1.5534319E+03   2.6590000E+03   0.0000000E+00   0.0000000E+00   0.0000000E+00
   1.5534394E+03   2.6190000E+03   0.0000000E+00   0.0000000E+00   0.0000000E+00
   1.5534469E+03   2.5290000E+03   0.0000000E+00   0.0000000E+00   0.0000000E+00
   1.5534545E+03   2.6640000E+03   0.0000000E+00   0.0000000E+00   0.0000000E+00
   1.5534620E+03   2.6810000E+03   0.0000000E+00   0.0000000E+00   0.0000000E+00
   1.5534695E+03   2.6400000E+03   0.0000000E+00   0.0000000E+00   0.0000000E+00
   1.5534770E+03   2.6520000E+03   0.0000000E+00   0.0000000E+00   0.0000000E+00
   1.5534846E+03   2.6290000E+03   0.0000000E+00   0.0000000E+00   0.0000000E+00
   1.5534921E+03   2.6600000E+03   0.0000000E+00   0.0000000E+00   0.0000000E+00
   1.5534996E+03   2.5990000E+03   1.0000000E+00   3.6617308E-05   9.5168385E-02
   1.5535072E+03   2.5490000E+03   0.0000000E+00   0.0000000E+00   0.0000000E+00
   1.5535147E+03   2.5870000E+03   0.0000000E+00   0.0000000E+00   0.0000000E+00
   1.5535222E+03   2.6060000E+03   0.0000000E+00   0.0000000E+00   0.0000000E+00
   1.5535297E+03   2.6580000E+03   0.0000000E+00   0.0000000E+00   0.0000000E+00
   1.5535373E+03   2.6600000E+03   1.0000000E+00   8.2785679E-05   2.2020991E-01
   1.5535448E+03   2.5350000E+03   0.0000000E+00   0.0000000E+00   0.0000000E+00
   1.5535523E+03   2.6750000E+03   0.0000000E+00   0.0000000E+00   0.0000000E+00
   1.5535599E+03   2.6420000E+03   0.0000000E+00   0.0000000E+00   0.0000000E+00
   1.5535674E+03   2.6220000E+03   0.0000000E+00   0.0000000E+00   0.0000000E+00
   1.5535749E+03   2.6720000E+03   0.0000000E+00   0.0000000E+00   0.0000000E+00
   1.5535824E+03   2.5780000E+03   0.0000000E+00   0.0000000E+00   0.0000000E+00
   1.5535900E+03   2.6620000E+03   0.0000000E+00   0.0000000E+00   0.0000000E+00
   1.5535975E+03   2.6200000E+03   1.0000000E+00   1.9646402E-04   5.1473574E-01
   1.5536050E+03   2.5900000E+03   0.0000000E+00   0.0000000E+00   0.0000000E+00
   1.5536126E+03   2.6670000E+03   0.0000000E+00   0.0000000E+00   0.0000000E+00
   1.5536201E+03   2.6580000E+03   0.0000000E+00   0.0000000E+00   0.0000000E+00
   1.5536276E+03   2.5770000E+03   0.0000000E+00   0.0000000E+00   0.0000000E+00
   1.5536351E+03   2.6450000E+03   1.0000000E+00   7.1780394E-06   1.8985914E-02
   1.5536427E+03   2.7010000E+03   0.0000000E+00   0.0000000E+00   0.0000000E+00
   1.5536502E+03   2.5740000E+03   0.0000000E+00   0.0000000E+00   0.0000000E+00
   1.5536577E+03   2.6840000E+03   1.0000000E+00   2.1557049E-05   5.7859119E-02
   1.5536653E+03   2.6210000E+03   0.0000000E+00   0.0000000E+00   0.0000000E+00
   1.5536728E+03   2.5660000E+03   0.0000000E+00   0.0000000E+00   0.0000000E+00
   1.5536803E+03   2.6800000E+03   0.0000000E+00   0.0000000E+00   0.0000000E+00
   1.5536878E+03   2.5820000E+03   0.0000000E+00   0.0000000E+00   0.0000000E+00
   1.5536954E+03   2.5120000E+03   0.0000000E+00   0.0000000E+00   0.0000000E+00
   1.5537029E+03   2.5800000E+03   1.0000000E+00   1.7922140E-04   4.6239121E-01
   1.5537104E+03   2.6880000E+03   0.0000000E+00   0.0000000E+00   0.0000000E+00
   1.5537180E+03   2.6110000E+03   0.0000000E+00   0.0000000E+00   0.0000000E+00
   1.5537255E+03   2.5850000E+03   0.0000000E+00   0.0000000E+00   0.0000000E+00
   1.5537330E+03   2.5470000E+03   0.0000000E+00   0.0000000E+00   0.0000000E+00
   1.5537405E+03   2.5720000E+03   0.0000000E+00   0.0000000E+00   0.0000000E+00
   1.5537481E+03   2.6820000E+03   0.0000000E+00   0.0000000E+00   0.0000000E+00
   1.5537556E+03   2.5720000E+03   0.0000000E+00   0.0000000E+00   0.0000000E+00
   1.5537631E+03   2.6270000E+03   0.0000000E+00   0.0000000E+00   0.0000000E+00
   1.5537706E+03   2.6370000E+03   0.0000000E+00   0.0000000E+00   0.0000000E+00
   1.5537782E+03   2.5100000E+03   0.0000000E+00   0.0000000E+00   0.0000000E+00
   1.5537857E+03   2.6640000E+03   0.0000000E+00   0.0000000E+00   0.0000000E+00
   1.5537932E+03   2.5710000E+03   0.0000000E+00   0.0000000E+00   0.0000000E+00
   1.5538008E+03   2.5590000E+03   0.0000000E+00   0.0000000E+00   0.0000000E+00
   1.5538083E+03   2.5190000E+03   0.0000000E+00   0.0000000E+00   0.0000000E+00
   1.5538158E+03   2.6730000E+03   0.0000000E+00   0.0000000E+00   0.0000000E+00
   1.5538233E+03   2.6270000E+03   0.0000000E+00   0.0000000E+00   0.0000000E+00
   1.5538309E+03   2.6260000E+03   0.0000000E+00   0.0000000E+00   0.0000000E+00
   1.5538384E+03   2.5460000E+03   0.0000000E+00   0.0000000E+00   0.0000000E+00
   1.5538459E+03   2.5850000E+03   0.0000000E+00   0.0000000E+00   0.0000000E+00
   1.5538535E+03   2.5700000E+03   0.0000000E+00   0.0000000E+00   0.0000000E+00
   1.5538610E+03   2.6580000E+03   0.0000000E+00   0.0000000E+00   0.0000000E+00
   1.5538685E+03   2.6000000E+03   0.0000000E+00   0.0000000E+00   0.0000000E+00
   1.5538760E+03   2.5390000E+03   0.0000000E+00   0.0000000E+00   0.0000000E+00
   1.5538836E+03   2.6210000E+03   0.0000000E+00   0.0000000E+00   0.0000000E+00
   1.5538911E+03   2.5900000E+03   0.0000000E+00   0.0000000E+00   0.0000000E+00
   1.5538986E+03   2.5860000E+03   1.0000000E+00   4.6063985E-05   1.1912146E-01
   1.5539062E+03   2.5560000E+03   0.0000000E+00   0.0000000E+00   0.0000000E+00
   1.5539137E+03   2.5980000E+03   0.0000000E+00   0.0000000E+00   0.0000000E+00
   1.5539212E+03   2.6860000E+03   0.0000000E+00   0.0000000E+00   0.0000000E+00
   1.5539287E+03   2.6390000E+03   0.0000000E+00   0.0000000E+00   0.0000000E+00
   1.5539363E+03   2.5470000E+03   0.0000000E+00   0.0000000E+00   0.0000000E+00
   1.5539438E+03   2.5870000E+03   0.0000000E+00   0.0000000E+00   0.0000000E+00
   1.5539513E+03   2.5390000E+03   0.0000000E+00   0.0000000E+00   0.0000000E+00
   1.5539589E+03   2.5290000E+03   1.0000000E+00   3.3288250E-04   8.4185984E-01
   1.5539664E+03   2.5130000E+03   0.0000000E+00   0.0000000E+00   0.0000000E+00
   1.5539739E+03   2.5650000E+03   0.0000000E+00   0.0000000E+00   0.0000000E+00
   1.5539814E+03   2.6070000E+03   0.0000000E+00   0.0000000E+00   0.0000000E+00
   1.5539890E+03   2.5840000E+03   0.0000000E+00   0.0000000E+00   0.0000000E+00
   1.5539965E+03   2.5750000E+03   0.0000000E+00   0.0000000E+00   0.0000000E+00
   1.5540040E+03   2.5660000E+03   0.0000000E+00   0.0000000E+00   0.0000000E+00
   1.5540116E+03   2.5510000E+03   0.0000000E+00   0.0000000E+00   0.0000000E+00
   1.5540191E+03   2.6300000E+03   0.0000000E+00   0.0000000E+00   0.0000000E+00
   1.5540266E+03   2.6080000E+03   0.0000000E+00   0.0000000E+00   0.0000000E+00
   1.5540341E+03   2.5550000E+03   0.0000000E+00   0.0000000E+00   0.0000000E+00
   1.5540417E+03   2.6130000E+03   0.0000000E+00   0.0000000E+00   0.0000000E+00
   1.5540492E+03   2.6570000E+03   0.0000000E+00   0.0000000E+00   0.0000000E+00
   1.5540567E+03   2.5230000E+03   0.0000000E+00   0.0000000E+00   0.0000000E+00
   1.5540643E+03   2.6000000E+03   0.0000000E+00   0.0000000E+00   0.0000000E+00
   1.5540718E+03   2.6100000E+03   0.0000000E+00   0.0000000E+00   0.0000000E+00
   1.5540793E+03   2.5270000E+03   0.0000000E+00   0.0000000E+00   0.0000000E+00
   1.5540868E+03   2.5510000E+03   0.0000000E+00   0.0000000E+00   0.0000000E+00
   1.5540944E+03   2.5820000E+03   0.0000000E+00   0.0000000E+00   0.0000000E+00
   1.5541019E+03   2.5960000E+03   0.0000000E+00   0.0000000E+00   0.0000000E+00
   1.5541094E+03   2.6200000E+03   0.0000000E+00   0.0000000E+00   0.0000000E+00
   1.5541170E+03   2.6130000E+03   0.0000000E+00   0.0000000E+00   0.0000000E+00
   1.5541245E+03   2.5760000E+03   0.0000000E+00   0.0000000E+00   0.0000000E+00
   1.5541320E+03   2.4700000E+03   0.0000000E+00   0.0000000E+00   0.0000000E+00
   1.5541395E+03   2.5720000E+03   0.0000000E+00   0.0000000E+00   0.0000000E+00
   1.5541471E+03   2.5410000E+03   0.0000000E+00   0.0000000E+00   0.0000000E+00
   1.5541546E+03   2.5370000E+03   0.0000000E+00   0.0000000E+00   0.0000000E+00
   1.5541621E+03   2.5500000E+03   0.0000000E+00   0.0000000E+00   0.0000000E+00
   1.5541697E+03   2.5970000E+03   0.0000000E+00   0.0000000E+00   0.0000000E+00
   1.5541772E+03   2.5230000E+03   0.0000000E+00   0.0000000E+00   0.0000000E+00
   1.5541847E+03   2.5650000E+03   0.0000000E+00   0.0000000E+00   0.0000000E+00
   1.5541922E+03   2.5660000E+03   0.0000000E+00   0.0000000E+00   0.0000000E+00
   1.5541998E+03   2.5130000E+03   0.0000000E+00   0.0000000E+00   0.0000000E+00
   1.5542073E+03   2.6150000E+03   0.0000000E+00   0.0000000E+00   0.0000000E+00
   1.5542148E+03   2.5660000E+03   0.0000000E+00   0.0000000E+00   0.0000000E+00
   1.5542224E+03   2.5640000E+03   0.0000000E+00   0.0000000E+00   0.0000000E+00
   1.5542299E+03   2.5280000E+03   0.0000000E+00   0.0000000E+00   0.0000000E+00
   1.5542374E+03   2.5360000E+03   0.0000000E+00   0.0000000E+00   0.0000000E+00
   1.5542449E+03   2.5020000E+03   0.0000000E+00   0.0000000E+00   0.0000000E+00
   1.5542525E+03   2.5510000E+03   0.0000000E+00   0.0000000E+00   0.0000000E+00
   1.5542600E+03   2.5500000E+03   0.0000000E+00   0.0000000E+00   0.0000000E+00
   1.5542675E+03   2.5630000E+03   0.0000000E+00   0.0000000E+00   0.0000000E+00
   1.5542750E+03   2.5020000E+03   0.0000000E+00   0.0000000E+00   0.0000000E+00
   1.5542826E+03   2.4670000E+03   0.0000000E+00   0.0000000E+00   0.0000000E+00
   1.5542901E+03   2.6110000E+03   0.0000000E+00   0.0000000E+00   0.0000000E+00
   1.5542976E+03   2.5430000E+03   0.0000000E+00   0.0000000E+00   0.0000000E+00
   1.5543052E+03   2.5950000E+03   0.0000000E+00   0.0000000E+00   0.0000000E+00
   1.5543127E+03   2.5660000E+03   0.0000000E+00   0.0000000E+00   0.0000000E+00
   1.5543202E+03   2.5700000E+03   0.0000000E+00   0.0000000E+00   0.0000000E+00
   1.5543277E+03   2.5310000E+03   0.0000000E+00   0.0000000E+00   0.0000000E+00
   1.5543353E+03   2.5280000E+03   0.0000000E+00   0.0000000E+00   0.0000000E+00
   1.5543428E+03   2.4770000E+03   0.0000000E+00   0.0000000E+00   0.0000000E+00
   1.5543503E+03   2.5290000E+03   0.0000000E+00   0.0000000E+00   0.0000000E+00
   1.5543579E+03   2.5170000E+03   0.0000000E+00   0.0000000E+00   0.0000000E+00
   1.5543654E+03   2.4920000E+03   0.0000000E+00   0.0000000E+00   0.0000000E+00
   1.5543729E+03   2.5130000E+03   0.0000000E+00   0.0000000E+00   0.0000000E+00
   1.5543804E+03   2.4670000E+03   0.0000000E+00   0.0000000E+00   0.0000000E+00
   1.5543880E+03   2.4670000E+03   0.0000000E+00   0.0000000E+00   0.0000000E+00
   1.5543955E+03   2.5980000E+03   0.0000000E+00   0.0000000E+00   0.0000000E+00
   1.5544030E+03   2.4690000E+03   1.0000000E+00   3.1638753E-04   7.8116082E-01
   1.5544106E+03   2.4700000E+03   0.0000000E+00   0.0000000E+00   0.0000000E+00
   1.5544181E+03   2.5380000E+03   0.0000000E+00   0.0000000E+00   0.0000000E+00
   1.5544256E+03   2.5230000E+03   0.0000000E+00   0.0000000E+00   0.0000000E+00
   1.5544331E+03   2.4720000E+03   0.0000000E+00   0.0000000E+00   0.0000000E+00
   1.5544407E+03   2.5040000E+03   0.0000000E+00   0.0000000E+00   0.0000000E+00
   1.5544482E+03   2.5110000E+03   0.0000000E+00   0.0000000E+00   0.0000000E+00
   1.5544557E+03   2.5460000E+03   0.0000000E+00   0.0000000E+00   0.0000000E+00
   1.5544633E+03   2.4950000E+03   0.0000000E+00   0.0000000E+00   0.0000000E+00
   1.5544708E+03   2.5930000E+03   0.0000000E+00   0.0000000E+00   0.0000000E+00
   1.5544783E+03   2.5100000E+03   0.0000000E+00   0.0000000E+00   0.0000000E+00
   1.5544858E+03   2.5400000E+03   1.0000000E+00   2.9190432E-05   7.4143697E-02
   1.5544934E+03   2.5330000E+03   0.0000000E+00   0.0000000E+00   0.0000000E+00
   1.5545009E+03   2.4470000E+03   0.0000000E+00   0.0000000E+00   0.0000000E+00
   1.5545084E+03   2.4790000E+03   0.0000000E+00   0.0000000E+00   0.0000000E+00
   1.5545160E+03   2.5490000E+03   0.0000000E+00   0.0000000E+00   0.0000000E+00
   1.5545235E+03   2.5810000E+03   0.0000000E+00   0.0000000E+00   0.0000000E+00
   1.5545310E+03   2.5490000E+03   0.0000000E+00   0.0000000E+00   0.0000000E+00
   1.5545385E+03   2.5190000E+03   0.0000000E+00   0.0000000E+00   0.0000000E+00
   1.5545461E+03   2.4560000E+03   0.0000000E+00   0.0000000E+00   0.0000000E+00
   1.5545536E+03   2.5780000E+03   0.0000000E+00   0.0000000E+00   0.0000000E+00
   1.5545611E+03   2.5100000E+03   0.0000000E+00   0.0000000E+00   0.0000000E+00
   1.5545687E+03   2.4340000E+03   0.0000000E+00   0.0000000E+00   0.0000000E+00
   1.5545762E+03   2.5210000E+03   0.0000000E+00   0.0000000E+00   0.0000000E+00
   1.5545837E+03   2.4840000E+03   0.0000000E+00   0.0000000E+00   0.0000000E+00
   1.5545912E+03   2.4110000E+03   0.0000000E+00   0.0000000E+00   0.0000000E+00
   1.5545988E+03   2.5230000E+03   0.0000000E+00   0.0000000E+00   0.0000000E+00
   1.5546063E+03   2.4690000E+03   0.0000000E+00   0.0000000E+00   0.0000000E+00
   1.5546138E+03   2.5220000E+03   0.0000000E+00   0.0000000E+00   0.0000000E+00
   1.5546214E+03   2.5450000E+03   0.0000000E+00   0.0000000E+00   0.0000000E+00
   1.5546289E+03   2.5210000E+03   0.0000000E+00   0.0000000E+00   0.0000000E+00
   1.5546364E+03   2.5110000E+03   1.0000000E+00   2.5170592E-04   6.3203356E-01
   1.5546439E+03   2.4820000E+03   0.0000000E+00   0.0000000E+00   0.0000000E+00
   1.5546515E+03   2.4420000E+03   0.0000000E+00   0.0000000E+00   0.0000000E+00
   1.5546590E+03   2.5220000E+03   0.0000000E+00   0.0000000E+00   0.0000000E+00
   1.5546665E+03   2.5620000E+03   0.0000000E+00   0.0000000E+00   0.0000000E+00
   1.5546740E+03   2.5360000E+03   0.0000000E+00   0.0000000E+00   0.0000000E+00
   1.5546816E+03   2.4850000E+03   0.0000000E+00   0.0000000E+00   0.0000000E+00
   1.5546891E+03   2.5190000E+03   0.0000000E+00   0.0000000E+00   0.0000000E+00
   1.5546966E+03   2.4610000E+03   0.0000000E+00   0.0000000E+00   0.0000000E+00
   1.5547042E+03   2.5640000E+03   0.0000000E+00   0.0000000E+00   0.0000000E+00
   1.5547117E+03   2.5630000E+03   0.0000000E+00   0.0000000E+00   0.0000000E+00
   1.5547192E+03   2.4790000E+03   0.0000000E+00   0.0000000E+00   0.0000000E+00
   1.5547267E+03   2.4880000E+03   0.0000000E+00   0.0000000E+00   0.0000000E+00
   1.5547343E+03   2.4600000E+03   0.0000000E+00   0.0000000E+00   0.0000000E+00
   1.5547418E+03   2.4780000E+03   0.0000000E+00   0.0000000E+00   0.0000000E+00
   1.5547493E+03   2.5170000E+03   0.0000000E+00   0.0000000E+00   0.0000000E+00
   1.5547569E+03   2.4790000E+03   0.0000000E+00   0.0000000E+00   0.0000000E+00
   1.5547644E+03   2.4930000E+03   0.0000000E+00   0.0000000E+00   0.0000000E+00
   1.5547719E+03   2.4740000E+03   0.0000000E+00   0.0000000E+00   0.0000000E+00
   1.5547794E+03   2.4970000E+03   0.0000000E+00   0.0000000E+00   0.0000000E+00
   1.5547870E+03   2.5360000E+03   0.0000000E+00   0.0000000E+00   0.0000000E+00
   1.5547945E+03   2.4390000E+03   0.0000000E+00   0.0000000E+00   0.0000000E+00
   1.5548020E+03   2.5050000E+03   0.0000000E+00   0.0000000E+00   0.0000000E+00
   1.5548096E+03   2.5250000E+03   0.0000000E+00   0.0000000E+00   0.0000000E+00
   1.5548171E+03   2.4890000E+03   0.0000000E+00   0.0000000E+00   0.0000000E+00
   1.5548246E+03   2.4530000E+03   0.0000000E+00   0.0000000E+00   0.0000000E+00
   1.5548321E+03   2.4080000E+03   0.0000000E+00   0.0000000E+00   0.0000000E+00
   1.5548397E+03   2.4840000E+03   0.0000000E+00   0.0000000E+00   0.0000000E+00
   1.5548472E+03   2.4780000E+03   0.0000000E+00   0.0000000E+00   0.0000000E+00
   1.5548547E+03   2.4540000E+03   0.0000000E+00   0.0000000E+00   0.0000000E+00
   1.5548623E+03   2.4820000E+03   0.0000000E+00   0.0000000E+00   0.0000000E+00
   1.5548698E+03   2.4250000E+03   0.0000000E+00   0.0000000E+00   0.0000000E+00
   1.5548773E+03   2.4640000E+03   0.0000000E+00   0.0000000E+00   0.0000000E+00
   1.5548848E+03   2.4820000E+03   0.0000000E+00   0.0000000E+00   0.0000000E+00
   1.5548924E+03   2.4410000E+03   0.0000000E+00   0.0000000E+00   0.0000000E+00
   1.5548999E+03   2.5160000E+03   0.0000000E+00   0.0000000E+00   0.0000000E+00
   1.5549074E+03   2.4620000E+03   0.0000000E+00   0.0000000E+00   0.0000000E+00
   1.5549150E+03   2.4070000E+03   0.0000000E+00   0.0000000E+00   0.0000000E+00
   1.5549225E+03   2.4620000E+03   0.0000000E+00   0.0000000E+00   0.0000000E+00
   1.5549300E+03   2.4740000E+03   0.0000000E+00   0.0000000E+00   0.0000000E+00
   1.5549375E+03   2.4580000E+03   0.0000000E+00   0.0000000E+00   0.0000000E+00
   1.5549451E+03   2.4320000E+03   0.0000000E+00   0.0000000E+00   0.0000000E+00
   1.5549526E+03   2.4810000E+03   0.0000000E+00   0.0000000E+00   0.0000000E+00
   1.5549601E+03   2.4320000E+03   0.0000000E+00   0.0000000E+00   0.0000000E+00
   1.5549677E+03   2.4140000E+03   0.0000000E+00   0.0000000E+00   0.0000000E+00
   1.5549752E+03   2.3790000E+03   0.0000000E+00   0.0000000E+00   0.0000000E+00
   1.5549827E+03   2.4270000E+03   0.0000000E+00   0.0000000E+00   0.0000000E+00
   1.5549902E+03   2.4730000E+03   0.0000000E+00   0.0000000E+00   0.0000000E+00
   1.5549978E+03   2.4680000E+03   0.0000000E+00   0.0000000E+00   0.0000000E+00
   1.5550053E+03   2.4660000E+03   0.0000000E+00   0.0000000E+00   0.0000000E+00
   1.5550128E+03   2.4120000E+03   0.0000000E+00   0.0000000E+00   0.0000000E+00
   1.5550204E+03   2.5020000E+03   0.0000000E+00   0.0000000E+00   0.0000000E+00
   1.5550279E+03   2.4900000E+03   1.0000000E+00   1.2813242E-04   3.1904973E-01
   1.5550354E+03   2.4830000E+03   0.0000000E+00   0.0000000E+00   0.0000000E+00
   1.5550429E+03   2.4070000E+03   0.0000000E+00   0.0000000E+00   0.0000000E+00
   1.5550505E+03   2.4500000E+03   0.0000000E+00   0.0000000E+00   0.0000000E+00
   1.5550580E+03   2.3860000E+03   0.0000000E+00   0.0000000E+00   0.0000000E+00
   1.5550655E+03   2.4260000E+03   0.0000000E+00   0.0000000E+00   0.0000000E+00
   1.5550731E+03   2.3610000E+03   0.0000000E+00   0.0000000E+00   0.0000000E+00
   1.5550806E+03   2.4220000E+03   0.0000000E+00   0.0000000E+00   0.0000000E+00
   1.5550881E+03   2.4920000E+03   0.0000000E+00   0.0000000E+00   0.0000000E+00
   1.5550956E+03   2.3740000E+03   0.0000000E+00   0.0000000E+00   0.0000000E+00
   1.5551032E+03   2.4840000E+03   0.0000000E+00   0.0000000E+00   0.0000000E+00
   1.5551107E+03   2.3530000E+03   0.0000000E+00   0.0000000E+00   0.0000000E+00
   1.5551182E+03   2.4960000E+03   0.0000000E+00   0.0000000E+00   0.0000000E+00
   1.5551257E+03   2.4330000E+03   0.0000000E+00   0.0000000E+00   0.0000000E+00
   1.5551333E+03   2.4090000E+03   0.0000000E+00   0.0000000E+00   0.0000000E+00
   1.5551408E+03   2.4360000E+03   0.0000000E+00   0.0000000E+00   0.0000000E+00
   1.5551483E+03   2.4770000E+03   0.0000000E+00   0.0000000E+00   0.0000000E+00
   1.5551559E+03   2.4230000E+03   0.0000000E+00   0.0000000E+00   0.0000000E+00
   1.5551634E+03   2.4140000E+03   0.0000000E+00   0.0000000E+00   0.0000000E+00
   1.5551709E+03   2.5010000E+03   0.0000000E+00   0.0000000E+00   0.0000000E+00
   1.5551784E+03   2.4200000E+03   0.0000000E+00   0.0000000E+00   0.0000000E+00
   1.5551860E+03   2.4630000E+03   0.0000000E+00   0.0000000E+00   0.0000000E+00
   1.5551935E+03   2.4320000E+03   0.0000000E+00   0.0000000E+00   0.0000000E+00
   1.5552010E+03   2.3360000E+03   0.0000000E+00   0.0000000E+00   0.0000000E+00
   1.5552086E+03   2.4240000E+03   0.0000000E+00   0.0000000E+00   0.0000000E+00
   1.5552161E+03   2.4410000E+03   0.0000000E+00   0.0000000E+00   0.0000000E+00
   1.5552236E+03   2.4100000E+03   0.0000000E+00   0.0000000E+00   0.0000000E+00
   1.5552311E+03   2.4350000E+03   0.0000000E+00   0.0000000E+00   0.0000000E+00
   1.5552387E+03   2.4340000E+03   0.0000000E+00   0.0000000E+00   0.0000000E+00
   1.5552462E+03   2.4750000E+03   0.0000000E+00   0.0000000E+00   0.0000000E+00
   1.5552537E+03   2.4090000E+03   0.0000000E+00   0.0000000E+00   0.0000000E+00
   1.5552613E+03   2.4310000E+03   0.0000000E+00   0.0000000E+00   0.0000000E+00
   1.5552688E+03   2.3690000E+03   0.0000000E+00   0.0000000E+00   0.0000000E+00
   1.5552763E+03   2.4820000E+03   0.0000000E+00   0.0000000E+00   0.0000000E+00
   1.5552838E+03   2.4900000E+03   0.0000000E+00   0.0000000E+00   0.0000000E+00
   1.5552914E+03   2.3760000E+03   0.0000000E+00   0.0000000E+00   0.0000000E+00
   1.5552989E+03   2.3690000E+03   0.0000000E+00   0.0000000E+00   0.0000000E+00
   1.5553064E+03   2.3750000E+03   0.0000000E+00   0.0000000E+00   0.0000000E+00
   1.5553140E+03   2.3370000E+03   0.0000000E+00   0.0000000E+00   0.0000000E+00
   1.5553215E+03   2.3550000E+03   0.0000000E+00   0.0000000E+00   0.0000000E+00
   1.5553290E+03   2.3730000E+03   0.0000000E+00   0.0000000E+00   0.0000000E+00
   1.5553365E+03   2.5030000E+03   0.0000000E+00   0.0000000E+00   0.0000000E+00
   1.5553441E+03   2.4790000E+03   0.0000000E+00   0.0000000E+00   0.0000000E+00
   1.5553516E+03   2.3800000E+03   0.0000000E+00   0.0000000E+00   0.0000000E+00
   1.5553591E+03   2.3950000E+03   0.0000000E+00   0.0000000E+00   0.0000000E+00
   1.5553667E+03   2.5130000E+03   0.0000000E+00   0.0000000E+00   0.0000000E+00
   1.5553742E+03   2.4470000E+03   0.0000000E+00   0.0000000E+00   0.0000000E+00
   1.5553817E+03   2.4050000E+03   0.0000000E+00   0.0000000E+00   0.0000000E+00
   1.5553892E+03   2.4060000E+03   0.0000000E+00   0.0000000E+00   0.0000000E+00
   1.5553968E+03   2.4050000E+03   0.0000000E+00   0.0000000E+00   0.0000000E+00
   1.5554043E+03   2.3330000E+03   0.0000000E+00   0.0000000E+00   0.0000000E+00
   1.5554118E+03   2.2690000E+03   0.0000000E+00   0.0000000E+00   0.0000000E+00
   1.5554194E+03   2.4030000E+03   0.0000000E+00   0.0000000E+00   0.0000000E+00
   1.5554269E+03   2.4010000E+03   0.0000000E+00   0.0000000E+00   0.0000000E+00
   1.5554344E+03   2.4080000E+03   0.0000000E+00   0.0000000E+00   0.0000000E+00
   1.5554419E+03   2.4080000E+03   0.0000000E+00   0.0000000E+00   0.0000000E+00
   1.5554495E+03   2.4150000E+03   0.0000000E+00   0.0000000E+00   0.0000000E+00
   1.5554570E+03   2.3580000E+03   0.0000000E+00   0.0000000E+00   0.0000000E+00
   1.5554645E+03   2.3990000E+03   0.0000000E+00   0.0000000E+00   0.0000000E+00
   1.5554721E+03   2.3560000E+03   0.0000000E+00   0.0000000E+00   0.0000000E+00
   1.5554796E+03   2.3960000E+03   0.0000000E+00   0.0000000E+00   0.0000000E+00
   1.5554871E+03   2.3660000E+03   0.0000000E+00   0.0000000E+00   0.0000000E+00
   1.5554946E+03   2.3290000E+03   0.0000000E+00   0.0000000E+00   0.0000000E+00
   1.5555022E+03   2.3590000E+03   0.0000000E+00   0.0000000E+00   0.0000000E+00
   1.5555097E+03   2.3260000E+03   0.0000000E+00   0.0000000E+00   0.0000000E+00
   1.5555172E+03   2.3690000E+03   0.0000000E+00   0.0000000E+00   0.0000000E+00
   1.5555248E+03   2.3380000E+03   0.0000000E+00   0.0000000E+00   0.0000000E+00
   1.5555323E+03   2.3800000E+03   0.0000000E+00   0.0000000E+00   0.0000000E+00
   1.5555398E+03   2.4130000E+03   0.0000000E+00   0.0000000E+00   0.0000000E+00
   1.5555473E+03   2.3180000E+03   0.0000000E+00   0.0000000E+00   0.0000000E+00
   1.5555549E+03   2.3700000E+03   0.0000000E+00   0.0000000E+00   0.0000000E+00
   1.5555624E+03   2.3600000E+03   0.0000000E+00   0.0000000E+00   0.0000000E+00
   1.5555699E+03   2.3770000E+03   0.0000000E+00   0.0000000E+00   0.0000000E+00
   1.5555774E+03   2.4320000E+03   0.0000000E+00   0.0000000E+00   0.0000000E+00
   1.5555850E+03   2.3800000E+03   0.0000000E+00   0.0000000E+00   0.0000000E+00
   1.5555925E+03   2.2850000E+03   0.0000000E+00   0.0000000E+00   0.0000000E+00
   1.5556000E+03   2.4210000E+03   0.0000000E+00   0.0000000E+00   0.0000000E+00
   1.5556076E+03   2.3910000E+03   0.0000000E+00   0.0000000E+00   0.0000000E+00
   1.5556151E+03   2.3380000E+03   0.0000000E+00   0.0000000E+00   0.0000000E+00
   1.5556226E+03   2.3940000E+03   0.0000000E+00   0.0000000E+00   0.0000000E+00
   1.5556301E+03   2.3760000E+03   0.0000000E+00   0.0000000E+00   0.0000000E+00
   1.5556377E+03   2.4850000E+03   0.0000000E+00   0.0000000E+00   0.0000000E+00
   1.5556452E+03   2.3340000E+03   0.0000000E+00   0.0000000E+00   0.0000000E+00
   1.5556527E+03   2.3220000E+03   1.0000000E+00   3.3432451E-04   7.7630152E-01
   1.5556603E+03   2.4640000E+03   0.0000000E+00   0.0000000E+00   0.0000000E+00
   1.5556678E+03   2.3300000E+03   0.0000000E+00   0.0000000E+00   0.0000000E+00
   1.5556753E+03   2.3470000E+03   0.0000000E+00   0.0000000E+00   0.0000000E+00
   1.5556828E+03   2.3820000E+03   0.0000000E+00   0.0000000E+00   0.0000000E+00
   1.5556904E+03   2.2630000E+03   0.0000000E+00   0.0000000E+00   0.0000000E+00
   1.5556979E+03   2.3330000E+03   0.0000000E+00   0.0000000E+00   0.0000000E+00
   1.5557054E+03   2.3690000E+03   0.0000000E+00   0.0000000E+00   0.0000000E+00
   1.5557130E+03   2.2450000E+03   0.0000000E+00   0.0000000E+00   0.0000000E+00
   1.5557205E+03   2.4190000E+03   0.0000000E+00   0.0000000E+00   0.0000000E+00
   1.5557280E+03   2.4440000E+03   0.0000000E+00   0.0000000E+00   0.0000000E+00
   1.5557355E+03   2.3630000E+03   0.0000000E+00   0.0000000E+00   0.0000000E+00
   1.5557431E+03   2.3450000E+03   0.0000000E+00   0.0000000E+00   0.0000000E+00
   1.5557506E+03   2.3780000E+03   0.0000000E+00   0.0000000E+00   0.0000000E+00
   1.5557581E+03   2.3730000E+03   0.0000000E+00   0.0000000E+00   0.0000000E+00
   1.5557657E+03   2.3180000E+03   0.0000000E+00   0.0000000E+00   0.0000000E+00
   1.5557732E+03   2.3760000E+03   0.0000000E+00   0.0000000E+00   0.0000000E+00
   1.5557807E+03   2.3490000E+03   0.0000000E+00   0.0000000E+00   0.0000000E+00
   1.5557882E+03   2.3600000E+03   0.0000000E+00   0.0000000E+00   0.0000000E+00
   1.5557958E+03   2.3870000E+03   0.0000000E+00   0.0000000E+00   0.0000000E+00
   1.5558033E+03   2.3590000E+03   0.0000000E+00   0.0000000E+00   0.0000000E+00
   1.5558108E+03   2.3350000E+03   0.0000000E+00   0.0000000E+00   0.0000000E+00
   1.5558184E+03   2.4200000E+03   0.0000000E+00   0.0000000E+00   0.0000000E+00
   1.5558259E+03   2.3180000E+03   0.0000000E+00   0.0000000E+00   0.0000000E+00
   1.5558334E+03   2.4220000E+03   0.0000000E+00   0.0000000E+00   0.0000000E+00
   1.5558409E+03   2.3940000E+03   0.0000000E+00   0.0000000E+00   0.0000000E+00
   1.5558485E+03   2.3000000E+03   0.0000000E+00   0.0000000E+00   0.0000000E+00
   1.5558560E+03   2.3930000E+03   0.0000000E+00   0.0000000E+00   0.0000000E+00
   1.5558635E+03   2.3110000E+03   1.0000000E+00   1.3911856E-04   3.2150300E-01
   1.5558711E+03   2.2910000E+03   0.0000000E+00   0.0000000E+00   0.0000000E+00
   1.5558786E+03   2.3350000E+03   0.0000000E+00   0.0000000E+00   0.0000000E+00
   1.5558861E+03   2.2770000E+03   0.0000000E+00   0.0000000E+00   0.0000000E+00
   1.5558936E+03   2.2890000E+03   0.0000000E+00   0.0000000E+00   0.0000000E+00
   1.5559012E+03   2.3480000E+03   0.0000000E+00   0.0000000E+00   0.0000000E+00
   1.5559087E+03   2.3410000E+03   0.0000000E+00   0.0000000E+00   0.0000000E+00
   1.5559162E+03   2.3710000E+03   0.0000000E+00   0.0000000E+00   0.0000000E+00
   1.5559238E+03   2.3370000E+03   0.0000000E+00   0.0000000E+00   0.0000000E+00
   1.5559313E+03   2.2940000E+03   0.0000000E+00   0.0000000E+00   0.0000000E+00
   1.5559388E+03   2.3330000E+03   0.0000000E+00   0.0000000E+00   0.0000000E+00
   1.5559463E+03   2.2830000E+03   0.0000000E+00   0.0000000E+00   0.0000000E+00
   1.5559539E+03   2.2720000E+03   0.0000000E+00   0.0000000E+00   0.0000000E+00
   1.5559614E+03   2.2510000E+03   0.0000000E+00   0.0000000E+00   0.0000000E+00
   1.5559689E+03   2.3130000E+03   0.0000000E+00   0.0000000E+00   0.0000000E+00
   1.5559765E+03   2.2420000E+03   0.0000000E+00   0.0000000E+00   0.0000000E+00
   1.5559840E+03   2.3380000E+03   0.0000000E+00   0.0000000E+00   0.0000000E+00
   1.5559915E+03   2.3760000E+03   0.0000000E+00   0.0000000E+00   0.0000000E+00
   1.5559990E+03   2.2360000E+03   0.0000000E+00   0.0000000E+00   0.0000000E+00
   1.5560066E+03   2.2260000E+03   0.0000000E+00   0.0000000E+00   0.0000000E+00
   1.5560141E+03   2.2500000E+03   0.0000000E+00   0.0000000E+00   0.0000000E+00
   1.5560216E+03   2.2450000E+03   0.0000000E+00   0.0000000E+00   0.0000000E+00
   1.5560291E+03   2.2550000E+03   0.0000000E+00   0.0000000E+00   0.0000000E+00
   1.5560367E+03   2.2700000E+03   0.0000000E+00   0.0000000E+00   0.0000000E+00
   1.5560442E+03   2.2910000E+03   0.0000000E+00   0.0000000E+00   0.0000000E+00
   1.5560517E+03   2.2830000E+03   0.0000000E+00   0.0000000E+00   0.0000000E+00
   1.5560593E+03   2.2230000E+03   0.0000000E+00   0.0000000E+00   0.0000000E+00
   1.5560668E+03   2.2870000E+03   0.0000000E+00   0.0000000E+00   0.0000000E+00
   1.5560743E+03   2.3940000E+03   0.0000000E+00   0.0000000E+00   0.0000000E+00
   1.5560818E+03   2.2510000E+03   0.0000000E+00   0.0000000E+00   0.0000000E+00
   1.5560894E+03   2.2840000E+03   0.0000000E+00   0.0000000E+00   0.0000000E+00
   1.5560969E+03   2.2950000E+03   0.0000000E+00   0.0000000E+00   0.0000000E+00
   1.5561044E+03   2.2840000E+03   0.0000000E+00   0.0000000E+00   0.0000000E+00
   1.5561120E+03   2.2720000E+03   0.0000000E+00   0.0000000E+00   0.0000000E+00
   1.5561195E+03   2.2840000E+03   0.0000000E+00   0.0000000E+00   0.0000000E+00
   1.5561270E+03   2.2180000E+03   0.0000000E+00   0.0000000E+00   0.0000000E+00
   1.5561345E+03   2.3020000E+03   0.0000000E+00   0.0000000E+00   0.0000000E+00
   1.5561421E+03   2.3300000E+03   0.0000000E+00   0.0000000E+00   0.0000000E+00
   1.5561496E+03   2.3110000E+03   0.0000000E+00   0.0000000E+00   0.0000000E+00
   1.5561571E+03   2.3310000E+03   0.0000000E+00   0.0000000E+00   0.0000000E+00
   1.5561647E+03   2.3090000E+03   0.0000000E+00   0.0000000E+00   0.0000000E+00
   1.5561722E+03   2.2930000E+03   0.0000000E+00   0.0000000E+00   0.0000000E+00
   1.5561797E+03   2.2690000E+03   0.0000000E+00   0.0000000E+00   0.0000000E+00
   1.5561872E+03   2.3250000E+03   0.0000000E+00   0.0000000E+00   0.0000000E+00
   1.5561948E+03   2.2260000E+03   0.0000000E+00   0.0000000E+00   0.0000000E+00
   1.5562023E+03   2.2220000E+03   0.0000000E+00   0.0000000E+00   0.0000000E+00
   1.5562098E+03   2.2730000E+03   0.0000000E+00   0.0000000E+00   0.0000000E+00
   1.5562174E+03   2.2310000E+03   0.0000000E+00   0.0000000E+00   0.0000000E+00
   1.5562249E+03   2.2330000E+03   0.0000000E+00   0.0000000E+00   0.0000000E+00
   1.5562324E+03   2.2120000E+03   0.0000000E+00   0.0000000E+00   0.0000000E+00
   1.5562399E+03   2.2380000E+03   0.0000000E+00   0.0000000E+00   0.0000000E+00
   1.5562475E+03   2.2760000E+03   0.0000000E+00   0.0000000E+00   0.0000000E+00
   1.5562550E+03   2.2840000E+03   0.0000000E+00   0.0000000E+00   0.0000000E+00
   1.5562625E+03   2.2950000E+03   0.0000000E+00   0.0000000E+00   0.0000000E+00
   1.5562701E+03   2.2580000E+03   0.0000000E+00   0.0000000E+00   0.0000000E+00
   1.5562776E+03   2.2620000E+03   0.0000000E+00   0.0000000E+00   0.0000000E+00
   1.5562851E+03   2.2150000E+03   0.0000000E+00   0.0000000E+00   0.0000000E+00
   1.5562926E+03   2.2880000E+03   0.0000000E+00   0.0000000E+00   0.0000000E+00
   1.5563002E+03   2.2560000E+03   0.0000000E+00   0.0000000E+00   0.0000000E+00
   1.5563077E+03   2.2000000E+03   0.0000000E+00   0.0000000E+00   0.0000000E+00
   1.5563152E+03   2.2880000E+03   0.0000000E+00   0.0000000E+00   0.0000000E+00
   1.5563228E+03   2.2240000E+03   0.0000000E+00   0.0000000E+00   0.0000000E+00
   1.5563303E+03   2.2880000E+03   0.0000000E+00   0.0000000E+00   0.0000000E+00
   1.5563378E+03   2.2350000E+03   0.0000000E+00   0.0000000E+00   0.0000000E+00
   1.5563453E+03   2.2690000E+03   0.0000000E+00   0.0000000E+00   0.0000000E+00
   1.5563529E+03   2.2470000E+03   0.0000000E+00   0.0000000E+00   0.0000000E+00
   1.5563604E+03   2.2280000E+03   0.0000000E+00   0.0000000E+00   0.0000000E+00
   1.5563679E+03   2.2090000E+03   0.0000000E+00   0.0000000E+00   0.0000000E+00
   1.5563755E+03   2.2870000E+03   0.0000000E+00   0.0000000E+00   0.0000000E+00
   1.5563830E+03   2.1830000E+03   0.0000000E+00   0.0000000E+00   0.0000000E+00
   1.5563905E+03   2.2570000E+03   0.0000000E+00   0.0000000E+00   0.0000000E+00
   1.5563980E+03   2.1730000E+03   0.0000000E+00   0.0000000E+00   0.0000000E+00
   1.5564056E+03   2.3210000E+03   0.0000000E+00   0.0000000E+00   0.0000000E+00
   1.5564131E+03   2.2110000E+03   0.0000000E+00   0.0000000E+00   0.0000000E+00
   1.5564206E+03   2.3430000E+03   0.0000000E+00   0.0000000E+00   0.0000000E+00
   1.5564282E+03   2.2270000E+03   0.0000000E+00   0.0000000E+00   0.0000000E+00
   1.5564357E+03   2.2740000E+03   0.0000000E+00   0.0000000E+00   0.0000000E+00
   1.5564432E+03   2.2740000E+03   0.0000000E+00   0.0000000E+00   0.0000000E+00
   1.5564507E+03   2.1650000E+03   0.0000000E+00   0.0000000E+00   0.0000000E+00
   1.5564583E+03   2.2160000E+03   0.0000000E+00   0.0000000E+00   0.0000000E+00
   1.5564658E+03   2.3010000E+03   0.0000000E+00   0.0000000E+00   0.0000000E+00
   1.5564733E+03   2.1880000E+03   0.0000000E+00   0.0000000E+00   0.0000000E+00
   1.5564808E+03   2.1790000E+03   0.0000000E+00   0.0000000E+00   0.0000000E+00
   1.5564884E+03   2.2840000E+03   0.0000000E+00   0.0000000E+00   0.0000000E+00
   1.5564959E+03   2.3060000E+03   0.0000000E+00   0.0000000E+00   0.0000000E+00
   1.5565034E+03   2.2410000E+03   0.0000000E+00   0.0000000E+00   0.0000000E+00
   1.5565110E+03   2.2070000E+03   0.0000000E+00   0.0000000E+00   0.0000000E+00
   1.5565185E+03   2.2100000E+03   0.0000000E+00   0.0000000E+00   0.0000000E+00
   1.5565260E+03   2.2080000E+03   0.0000000E+00   0.0000000E+00   0.0000000E+00
   1.5565335E+03   2.1540000E+03   0.0000000E+00   0.0000000E+00   0.0000000E+00
   1.5565411E+03   2.2290000E+03   0.0000000E+00   0.0000000E+00   0.0000000E+00
   1.5565486E+03   2.1970000E+03   0.0000000E+00   0.0000000E+00   0.0000000E+00
   1.5565561E+03   2.2220000E+03   0.0000000E+00   0.0000000E+00   0.0000000E+00
   1.5565637E+03   2.2400000E+03   0.0000000E+00   0.0000000E+00   0.0000000E+00
   1.5565712E+03   2.2560000E+03   0.0000000E+00   0.0000000E+00   0.0000000E+00
   1.5565787E+03   2.1700000E+03   0.0000000E+00   0.0000000E+00   0.0000000E+00
   1.5565862E+03   2.2820000E+03   0.0000000E+00   0.0000000E+00   0.0000000E+00
   1.5565938E+03   2.2720000E+03   0.0000000E+00   0.0000000E+00   0.0000000E+00
   1.5566013E+03   2.1800000E+03   0.0000000E+00   0.0000000E+00   0.0000000E+00
   1.5566088E+03   2.2420000E+03   0.0000000E+00   0.0000000E+00   0.0000000E+00
   1.5566164E+03   2.2360000E+03   0.0000000E+00   0.0000000E+00   0.0000000E+00
   1.5566239E+03   2.1230000E+03   0.0000000E+00   0.0000000E+00   0.0000000E+00
   1.5566314E+03   2.3200000E+03   0.0000000E+00   0.0000000E+00   0.0000000E+00
   1.5566389E+03   2.2090000E+03   0.0000000E+00   0.0000000E+00   0.0000000E+00
   1.5566465E+03   2.1820000E+03   0.0000000E+00   0.0000000E+00   0.0000000E+00
   1.5566540E+03   2.2270000E+03   0.0000000E+00   0.0000000E+00   0.0000000E+00
   1.5566615E+03   2.2130000E+03   0.0000000E+00   0.0000000E+00   0.0000000E+00
   1.5566691E+03   2.2760000E+03   0.0000000E+00   0.0000000E+00   0.0000000E+00
   1.5566766E+03   2.2100000E+03   0.0000000E+00   0.0000000E+00   0.0000000E+00
   1.5566841E+03   2.3150000E+03   0.0000000E+00   0.0000000E+00   0.0000000E+00
   1.5566916E+03   2.1870000E+03   0.0000000E+00   0.0000000E+00   0.0000000E+00
   1.5566992E+03   2.2480000E+03   0.0000000E+00   0.0000000E+00   0.0000000E+00
   1.5567067E+03   2.1600000E+03   0.0000000E+00   0.0000000E+00   0.0000000E+00
   1.5567142E+03   2.1550000E+03   0.0000000E+00   0.0000000E+00   0.0000000E+00
   1.5567218E+03   2.2280000E+03   0.0000000E+00   0.0000000E+00   0.0000000E+00
   1.5567293E+03   2.1860000E+03   0.0000000E+00   0.0000000E+00   0.0000000E+00
   1.5567368E+03   2.2370000E+03   0.0000000E+00   0.0000000E+00   0.0000000E+00
   1.5567443E+03   2.1030000E+03   0.0000000E+00   0.0000000E+00   0.0000000E+00
   1.5567519E+03   2.2240000E+03   0.0000000E+00   0.0000000E+00   0.0000000E+00
   1.5567594E+03   2.1580000E+03   0.0000000E+00   0.0000000E+00   0.0000000E+00
   1.5567669E+03   2.1690000E+03   0.0000000E+00   0.0000000E+00   0.0000000E+00
   1.5567745E+03   2.1900000E+03   0.0000000E+00   0.0000000E+00   0.0000000E+00
   1.5567820E+03   2.2280000E+03   0.0000000E+00   0.0000000E+00   0.0000000E+00
   1.5567895E+03   2.1880000E+03   0.0000000E+00   0.0000000E+00   0.0000000E+00
   1.5567970E+03   2.2070000E+03   0.0000000E+00   0.0000000E+00   0.0000000E+00
   1.5568046E+03   2.1940000E+03   0.0000000E+00   0.0000000E+00   0.0000000E+00
   1.5568121E+03   2.2560000E+03   0.0000000E+00   0.0000000E+00   0.0000000E+00
   1.5568196E+03   2.1610000E+03   0.0000000E+00   0.0000000E+00   0.0000000E+00
   1.5568272E+03   2.2160000E+03   0.0000000E+00   0.0000000E+00   0.0000000E+00
   1.5568347E+03   2.1120000E+03   0.0000000E+00   0.0000000E+00   0.0000000E+00
   1.5568422E+03   2.2180000E+03   0.0000000E+00   0.0000000E+00   0.0000000E+00
   1.5568497E+03   2.2030000E+03   0.0000000E+00   0.0000000E+00   0.0000000E+00
   1.5568573E+03   2.2530000E+03   0.0000000E+00   0.0000000E+00   0.0000000E+00
   1.5568648E+03   2.0690000E+03   0.0000000E+00   0.0000000E+00   0.0000000E+00
   1.5568723E+03   2.2170000E+03   0.0000000E+00   0.0000000E+00   0.0000000E+00
   1.5568799E+03   2.2340000E+03   0.0000000E+00   0.0000000E+00   0.0000000E+00
   1.5568874E+03   2.1720000E+03   0.0000000E+00   0.0000000E+00   0.0000000E+00
   1.5568949E+03   2.2160000E+03   0.0000000E+00   0.0000000E+00   0.0000000E+00
   1.5569024E+03   2.1340000E+03   0.0000000E+00   0.0000000E+00   0.0000000E+00
   1.5569100E+03   2.2240000E+03   0.0000000E+00   0.0000000E+00   0.0000000E+00
   1.5569175E+03   2.2230000E+03   0.0000000E+00   0.0000000E+00   0.0000000E+00
   1.5569250E+03   2.2130000E+03   0.0000000E+00   0.0000000E+00   0.0000000E+00
   1.5569325E+03   2.0910000E+03   0.0000000E+00   0.0000000E+00   0.0000000E+00
   1.5569401E+03   2.1590000E+03   0.0000000E+00   0.0000000E+00   0.0000000E+00
   1.5569476E+03   2.1060000E+03   0.0000000E+00   0.0000000E+00   0.0000000E+00
   1.5569551E+03   2.1460000E+03   0.0000000E+00   0.0000000E+00   0.0000000E+00
   1.5569627E+03   2.1090000E+03   0.0000000E+00   0.0000000E+00   0.0000000E+00
   1.5569702E+03   2.2130000E+03   0.0000000E+00   0.0000000E+00   0.0000000E+00
   1.5569777E+03   2.1530000E+03   1.0000000E+00   4.3316991E-04   9.3261481E-01
   1.5569852E+03   2.1210000E+03   0.0000000E+00   0.0000000E+00   0.0000000E+00
   1.5569928E+03   2.1890000E+03   0.0000000E+00   0.0000000E+00   0.0000000E+00
   1.5570003E+03   2.1540000E+03   0.0000000E+00   0.0000000E+00   0.0000000E+00
   1.5570078E+03   2.1260000E+03   0.0000000E+00   0.0000000E+00   0.0000000E+00
   1.5570154E+03   2.1940000E+03   0.0000000E+00   0.0000000E+00   0.0000000E+00
   1.5570229E+03   2.2190000E+03   0.0000000E+00   0.0000000E+00   0.0000000E+00
   1.5570304E+03   2.1300000E+03   0.0000000E+00   0.0000000E+00   0.0000000E+00
   1.5570379E+03   2.1150000E+03   0.0000000E+00   0.0000000E+00   0.0000000E+00
   1.5570455E+03   2.1010000E+03   0.0000000E+00   0.0000000E+00   0.0000000E+00
   1.5570530E+03   2.1820000E+03   0.0000000E+00   0.0000000E+00   0.0000000E+00
   1.5570605E+03   2.1750000E+03   0.0000000E+00   0.0000000E+00   0.0000000E+00
   1.5570681E+03   2.1660000E+03   0.0000000E+00   0.0000000E+00   0.0000000E+00
   1.5570756E+03   2.2000000E+03   0.0000000E+00   0.0000000E+00   0.0000000E+00
   1.5570831E+03   2.1230000E+03   0.0000000E+00   0.0000000E+00   0.0000000E+00
   1.5570906E+03   2.0880000E+03   0.0000000E+00   0.0000000E+00   0.0000000E+00
   1.5570982E+03   2.1140000E+03   0.0000000E+00   0.0000000E+00   0.0000000E+00
   1.5571057E+03   2.1160000E+03   0.0000000E+00   0.0000000E+00   0.0000000E+00
   1.5571132E+03   2.0540000E+03   0.0000000E+00   0.0000000E+00   0.0000000E+00
   1.5571208E+03   2.2340000E+03   0.0000000E+00   0.0000000E+00   0.0000000E+00
   1.5571283E+03   2.2020000E+03   0.0000000E+00   0.0000000E+00   0.0000000E+00
   1.5571358E+03   2.0960000E+03   0.0000000E+00   0.0000000E+00   0.0000000E+00
   1.5571433E+03   2.1100000E+03   0.0000000E+00   0.0000000E+00   0.0000000E+00
   1.5571509E+03   2.1450000E+03   0.0000000E+00   0.0000000E+00   0.0000000E+00
   1.5571584E+03   2.1070000E+03   0.0000000E+00   0.0000000E+00   0.0000000E+00
   1.5571659E+03   2.1250000E+03   0.0000000E+00   0.0000000E+00   0.0000000E+00
   1.5571735E+03   2.1000000E+03   0.0000000E+00   0.0000000E+00   0.0000000E+00
   1.5571810E+03   2.2180000E+03   0.0000000E+00   0.0000000E+00   0.0000000E+00
   1.5571885E+03   2.1190000E+03   0.0000000E+00   0.0000000E+00   0.0000000E+00
   1.5571960E+03   2.1140000E+03   0.0000000E+00   0.0000000E+00   0.0000000E+00
   1.5572036E+03   2.1360000E+03   0.0000000E+00   0.0000000E+00   0.0000000E+00
   1.5572111E+03   2.0930000E+03   0.0000000E+00   0.0000000E+00   0.0000000E+00
   1.5572186E+03   2.0960000E+03   0.0000000E+00   0.0000000E+00   0.0000000E+00
   1.5572262E+03   2.1570000E+03   0.0000000E+00   0.0000000E+00   0.0000000E+00
   1.5572337E+03   2.1030000E+03   0.0000000E+00   0.0000000E+00   0.0000000E+00
   1.5572412E+03   2.1270000E+03   0.0000000E+00   0.0000000E+00   0.0000000E+00
   1.5572487E+03   2.0600000E+03   0.0000000E+00   0.0000000E+00   0.0000000E+00
   1.5572563E+03   2.0760000E+03   0.0000000E+00   0.0000000E+00   0.0000000E+00
   1.5572638E+03   2.0970000E+03   0.0000000E+00   0.0000000E+00   0.0000000E+00
   1.5572713E+03   2.0500000E+03   0.0000000E+00   0.0000000E+00   0.0000000E+00
   1.5572789E+03   2.0880000E+03   0.0000000E+00   0.0000000E+00   0.0000000E+00
   1.5572864E+03   2.0030000E+03   0.0000000E+00   0.0000000E+00   0.0000000E+00
   1.5572939E+03   2.1560000E+03   0.0000000E+00   0.0000000E+00   0.0000000E+00
   1.5573014E+03   2.1080000E+03   0.0000000E+00   0.0000000E+00   0.0000000E+00
   1.5573090E+03   2.1110000E+03   0.0000000E+00   0.0000000E+00   0.0000000E+00
   1.5573165E+03   2.0790000E+03   0.0000000E+00   0.0000000E+00   0.0000000E+00
   1.5573240E+03   2.1190000E+03   0.0000000E+00   0.0000000E+00   0.0000000E+00
   1.5573316E+03   2.0620000E+03   0.0000000E+00   0.0000000E+00   0.0000000E+00
   1.5573391E+03   2.1840000E+03   0.0000000E+00   0.0000000E+00   0.0000000E+00
   1.5573466E+03   2.1330000E+03   0.0000000E+00   0.0000000E+00   0.0000000E+00
   1.5573541E+03   2.1330000E+03   0.0000000E+00   0.0000000E+00   0.0000000E+00
   1.5573617E+03   2.1050000E+03   0.0000000E+00   0.0000000E+00   0.0000000E+00
   1.5573692E+03   2.1350000E+03   0.0000000E+00   0.0000000E+00   0.0000000E+00
   1.5573767E+03   2.1390000E+03   0.0000000E+00   0.0000000E+00   0.0000000E+00
   1.5573842E+03   2.1040000E+03   0.0000000E+00   0.0000000E+00   0.0000000E+00
   1.5573918E+03   2.1010000E+03   0.0000000E+00   0.0000000E+00   0.0000000E+00
   1.5573993E+03   2.1060000E+03   0.0000000E+00   0.0000000E+00   0.0000000E+00
   1.5574068E+03   2.0300000E+03   0.0000000E+00   0.0000000E+00   0.0000000E+00
   1.5574144E+03   1.9980000E+03   0.0000000E+00   0.0000000E+00   0.0000000E+00
   1.5574219E+03   1.9890000E+03   0.0000000E+00   0.0000000E+00   0.0000000E+00
   1.5574294E+03   2.0530000E+03   0.0000000E+00   0.0000000E+00   0.0000000E+00
   1.5574369E+03   2.1120000E+03   0.0000000E+00   0.0000000E+00   0.0000000E+00
   1.5574445E+03   2.0920000E+03   0.0000000E+00   0.0000000E+00   0.0000000E+00
   1.5574520E+03   2.1250000E+03   0.0000000E+00   0.0000000E+00   0.0000000E+00
   1.5574595E+03   2.0750000E+03   0.0000000E+00   0.0000000E+00   0.0000000E+00
   1.5574671E+03   2.0290000E+03   0.0000000E+00   0.0000000E+00   0.0000000E+00
   1.5574746E+03   2.0210000E+03   0.0000000E+00   0.0000000E+00   0.0000000E+00
   1.5574821E+03   2.0540000E+03   0.0000000E+00   0.0000000E+00   0.0000000E+00
   1.5574896E+03   2.0930000E+03   0.0000000E+00   0.0000000E+00   0.0000000E+00
   1.5574972E+03   2.0510000E+03   0.0000000E+00   0.0000000E+00   0.0000000E+00
   1.5575047E+03   2.1280000E+03   0.0000000E+00   0.0000000E+00   0.0000000E+00
   1.5575122E+03   2.0900000E+03   0.0000000E+00   0.0000000E+00   0.0000000E+00
   1.5575198E+03   2.0220000E+03   0.0000000E+00   0.0000000E+00   0.0000000E+00
   1.5575273E+03   2.0410000E+03   0.0000000E+00   0.0000000E+00   0.0000000E+00
   1.5575348E+03   2.1310000E+03   0.0000000E+00   0.0000000E+00   0.0000000E+00
   1.5575423E+03   1.9990000E+03   0.0000000E+00   0.0000000E+00   0.0000000E+00
   1.5575499E+03   2.1030000E+03   0.0000000E+00   0.0000000E+00   0.0000000E+00
   1.5575574E+03   2.0390000E+03   0.0000000E+00   0.0000000E+00   0.0000000E+00
   1.5575649E+03   2.0800000E+03   0.0000000E+00   0.0000000E+00   0.0000000E+00
   1.5575725E+03   2.1420000E+03   0.0000000E+00   0.0000000E+00   0.0000000E+00
   1.5575800E+03   2.0470000E+03   0.0000000E+00   0.0000000E+00   0.0000000E+00
   1.5575875E+03   2.0600000E+03   0.0000000E+00   0.0000000E+00   0.0000000E+00
   1.5575950E+03   2.0910000E+03   0.0000000E+00   0.0000000E+00   0.0000000E+00
   1.5576026E+03   2.0860000E+03   0.0000000E+00   0.0000000E+00   0.0000000E+00
   1.5576101E+03   2.0100000E+03   0.0000000E+00   0.0000000E+00   0.0000000E+00
   1.5576176E+03   2.0070000E+03   1.0000000E+00   1.8648223E-04   3.7426983E-01
   1.5576252E+03   1.9900000E+03   0.0000000E+00   0.0000000E+00   0.0000000E+00
   1.5576327E+03   1.9950000E+03   0.0000000E+00   0.0000000E+00   0.0000000E+00
   1.5576402E+03   2.0650000E+03   0.0000000E+00   0.0000000E+00   0.0000000E+00
   1.5576477E+03   2.0610000E+03   0.0000000E+00   0.0000000E+00   0.0000000E+00
   1.5576553E+03   2.0610000E+03   0.0000000E+00   0.0000000E+00   0.0000000E+00
   1.5576628E+03   2.0650000E+03   0.0000000E+00   0.0000000E+00   0.0000000E+00
   1.5576703E+03   2.1880000E+03   0.0000000E+00   0.0000000E+00   0.0000000E+00
   1.5576779E+03   2.0550000E+03   0.0000000E+00   0.0000000E+00   0.0000000E+00
   1.5576854E+03   1.9900000E+03   0.0000000E+00   0.0000000E+00   0.0000000E+00
   1.5576929E+03   2.0060000E+03   0.0000000E+00   0.0000000E+00   0.0000000E+00
   1.5577004E+03   2.0840000E+03   0.0000000E+00   0.0000000E+00   0.0000000E+00
   1.5577080E+03   2.0970000E+03   0.0000000E+00   0.0000000E+00   0.0000000E+00
   1.5577155E+03   1.9990000E+03   0.0000000E+00   0.0000000E+00   0.0000000E+00
   1.5577230E+03   2.0010000E+03   0.0000000E+00   0.0000000E+00   0.0000000E+00
   1.5577306E+03   2.0890000E+03   0.0000000E+00   0.0000000E+00   0.0000000E+00
   1.5577381E+03   1.9970000E+03   0.0000000E+00   0.0000000E+00   0.0000000E+00
   1.5577456E+03   2.0360000E+03   0.0000000E+00   0.0000000E+00   0.0000000E+00
   1.5577531E+03   2.0490000E+03   0.0000000E+00   0.0000000E+00   0.0000000E+00
   1.5577607E+03   2.0410000E+03   1.0000000E+00   2.1505654E-04   4.3893039E-01
   1.5577682E+03   2.1030000E+03   0.0000000E+00   0.0000000E+00   0.0000000E+00
   1.5577757E+03   1.9720000E+03   0.0000000E+00   0.0000000E+00   0.0000000E+00
   1.5577833E+03   2.0400000E+03   0.0000000E+00   0.0000000E+00   0.0000000E+00
   1.5577908E+03   2.0320000E+03   0.0000000E+00   0.0000000E+00   0.0000000E+00
   1.5577983E+03   2.0920000E+03   0.0000000E+00   0.0000000E+00   0.0000000E+00
   1.5578058E+03   1.9600000E+03   0.0000000E+00   0.0000000E+00   0.0000000E+00
   1.5578134E+03   2.0080000E+03   0.0000000E+00   0.0000000E+00   0.0000000E+00
   1.5578209E+03   1.9570000E+03   0.0000000E+00   0.0000000E+00   0.0000000E+00
   1.5578284E+03   2.0230000E+03   0.0000000E+00   0.0000000E+00   0.0000000E+00
   1.5578359E+03   2.0530000E+03   0.0000000E+00   0.0000000E+00   0.0000000E+00
   1.5578435E+03   2.0130000E+03   0.0000000E+00   0.0000000E+00   0.0000000E+00
   1.5578510E+03   2.0120000E+03   0.0000000E+00   0.0000000E+00   0.0000000E+00
   1.5578585E+03   1.9540000E+03   0.0000000E+00   0.0000000E+00   0.0000000E+00
   1.5578661E+03   1.9860000E+03   1.0000000E+00   3.4582668E-04   6.8681178E-01
   1.5578736E+03   1.9750000E+03   0.0000000E+00   0.0000000E+00   0.0000000E+00
   1.5578811E+03   2.1110000E+03   0.0000000E+00   0.0000000E+00   0.0000000E+00
   1.5578886E+03   1.9490000E+03   0.0000000E+00   0.0000000E+00   0.0000000E+00
   1.5578962E+03   2.0860000E+03   0.0000000E+00   0.0000000E+00   0.0000000E+00
   1.5579037E+03   2.0460000E+03   0.0000000E+00   0.0000000E+00   0.0000000E+00
   1.5579112E+03   1.9760000E+03   0.0000000E+00   0.0000000E+00   0.0000000E+00
   1.5579188E+03   1.9480000E+03   0.0000000E+00   0.0000000E+00   0.0000000E+00
   1.5579263E+03   2.0630000E+03   0.0000000E+00   0.0000000E+00   0.0000000E+00
   1.5579338E+03   2.0920000E+03   0.0000000E+00   0.0000000E+00   0.0000000E+00
   1.5579413E+03   1.9980000E+03   0.0000000E+00   0.0000000E+00   0.0000000E+00
   1.5579489E+03   1.9710000E+03   0.0000000E+00   0.0000000E+00   0.0000000E+00
   1.5579564E+03   1.9030000E+03   0.0000000E+00   0.0000000E+00   0.0000000E+00
   1.5579639E+03   1.9410000E+03   0.0000000E+00   0.0000000E+00   0.0000000E+00
   1.5579715E+03   1.9940000E+03   0.0000000E+00   0.0000000E+00   0.0000000E+00
   1.5579790E+03   2.0140000E+03   0.0000000E+00   0.0000000E+00   0.0000000E+00
   1.5579865E+03   2.0130000E+03   0.0000000E+00   0.0000000E+00   0.0000000E+00
   1.5579940E+03   1.9600000E+03   0.0000000E+00   0.0000000E+00   0.0000000E+00
   1.5580016E+03   2.0480000E+03   0.0000000E+00   0.0000000E+00   0.0000000E+00
   1.5580091E+03   1.9880000E+03   0.0000000E+00   0.0000000E+00   0.0000000E+00
   1.5580166E+03   1.9750000E+03   0.0000000E+00   0.0000000E+00   0.0000000E+00
   1.5580242E+03   2.0280000E+03   0.0000000E+00   0.0000000E+00   0.0000000E+00
   1.5580317E+03   2.0650000E+03   0.0000000E+00   0.0000000E+00   0.0000000E+00
   1.5580392E+03   1.9800000E+03   0.0000000E+00   0.0000000E+00   0.0000000E+00
   1.5580467E+03   2.0020000E+03   0.0000000E+00   0.0000000E+00   0.0000000E+00
   1.5580543E+03   1.9810000E+03   0.0000000E+00   0.0000000E+00   0.0000000E+00
   1.5580618E+03   1.9650000E+03   0.0000000E+00   0.0000000E+00   0.0000000E+00
   1.5580693E+03   2.0060000E+03   0.0000000E+00   0.0000000E+00   0.0000000E+00
   1.5580769E+03   1.9800000E+03   0.0000000E+00   0.0000000E+00   0.0000000E+00
   1.5580844E+03   1.9160000E+03   0.0000000E+00   0.0000000E+00   0.0000000E+00
   1.5580919E+03   1.9750000E+03   0.0000000E+00   0.0000000E+00   0.0000000E+00
   1.5580994E+03   1.9740000E+03   0.0000000E+00   0.0000000E+00   0.0000000E+00
   1.5581070E+03   1.9270000E+03   0.0000000E+00   0.0000000E+00   0.0000000E+00
   1.5581145E+03   2.0020000E+03   0.0000000E+00   0.0000000E+00   0.0000000E+00
   1.5581220E+03   2.0410000E+03   0.0000000E+00   0.0000000E+00   0.0000000E+00
   1.5581296E+03   1.9670000E+03   0.0000000E+00   0.0000000E+00   0.0000000E+00
   1.5581371E+03   1.9880000E+03   0.0000000E+00   0.0000000E+00   0.0000000E+00
   1.5581446E+03   1.9780000E+03   0.0000000E+00   0.0000000E+00   0.0000000E+00
   1.5581521E+03   1.9410000E+03   0.0000000E+00   0.0000000E+00   0.0000000E+00
   1.5581597E+03   2.0030000E+03   0.0000000E+00   0.0000000E+00   0.0000000E+00
   1.5581672E+03   1.9320000E+03   0.0000000E+00   0.0000000E+00   0.0000000E+00
   1.5581747E+03   1.9480000E+03   0.0000000E+00   0.0000000E+00   0.0000000E+00
   1.5581823E+03   1.9720000E+03   0.0000000E+00   0.0000000E+00   0.0000000E+00
   1.5581898E+03   1.9320000E+03   0.0000000E+00   0.0000000E+00   0.0000000E+00
   1.5581973E+03   1.9530000E+03   0.0000000E+00   0.0000000E+00   0.0000000E+00
   1.5582048E+03   1.8930000E+03   0.0000000E+00   0.0000000E+00   0.0000000E+00
   1.5582124E+03   1.9040000E+03   0.0000000E+00   0.0000000E+00   0.0000000E+00
   1.5582199E+03   2.0050000E+03   0.0000000E+00   0.0000000E+00   0.0000000E+00
   1.5582274E+03   1.9190000E+03   0.0000000E+00   0.0000000E+00   0.0000000E+00
   1.5582350E+03   1.9070000E+03   0.0000000E+00   0.0000000E+00   0.0000000E+00
   1.5582425E+03   2.0110000E+03   0.0000000E+00   0.0000000E+00   0.0000000E+00
   1.5582500E+03   1.9400000E+03   0.0000000E+00   0.0000000E+00   0.0000000E+00
   1.5582575E+03   1.9860000E+03   0.0000000E+00   0.0000000E+00   0.0000000E+00
   1.5582651E+03   1.9500000E+03   0.0000000E+00   0.0000000E+00   0.0000000E+00
   1.5582726E+03   1.9820000E+03   0.0000000E+00   0.0000000E+00   0.0000000E+00
   1.5582801E+03   1.9260000E+03   0.0000000E+00   0.0000000E+00   0.0000000E+00
   1.5582876E+03   1.9720000E+03   0.0000000E+00   0.0000000E+00   0.0000000E+00
   1.5582952E+03   1.9380000E+03   0.0000000E+00   0.0000000E+00   0.0000000E+00
   1.5583027E+03   1.9320000E+03   0.0000000E+00   0.0000000E+00   0.0000000E+00
   1.5583102E+03   1.9490000E+03   0.0000000E+00   0.0000000E+00   0.0000000E+00
   1.5583178E+03   1.9690000E+03   0.0000000E+00   0.0000000E+00   0.0000000E+00
   1.5583253E+03   1.9160000E+03   0.0000000E+00   0.0000000E+00   0.0000000E+00
   1.5583328E+03   1.9610000E+03   0.0000000E+00   0.0000000E+00   0.0000000E+00
   1.5583403E+03   1.9330000E+03   0.0000000E+00   0.0000000E+00   0.0000000E+00
   1.5583479E+03   1.9300000E+03   0.0000000E+00   0.0000000E+00   0.0000000E+00
   1.5583554E+03   1.9500000E+03   0.0000000E+00   0.0000000E+00   0.0000000E+00
   1.5583629E+03   1.9560000E+03   0.0000000E+00   0.0000000E+00   0.0000000E+00
   1.5583705E+03   1.8670000E+03   0.0000000E+00   0.0000000E+00   0.0000000E+00
   1.5583780E+03   1.9600000E+03   0.0000000E+00   0.0000000E+00   0.0000000E+00
   1.5583855E+03   1.9670000E+03   0.0000000E+00   0.0000000E+00   0.0000000E+00
   1.5583930E+03   1.8890000E+03   0.0000000E+00   0.0000000E+00   0.0000000E+00
   1.5584006E+03   1.9680000E+03   0.0000000E+00   0.0000000E+00   0.0000000E+00
   1.5584081E+03   1.8860000E+03   0.0000000E+00   0.0000000E+00   0.0000000E+00
   1.5584156E+03   1.9980000E+03   0.0000000E+00   0.0000000E+00   0.0000000E+00
   1.5584232E+03   2.0070000E+03   0.0000000E+00   0.0000000E+00   0.0000000E+00
   1.5584307E+03   1.9280000E+03   0.0000000E+00   0.0000000E+00   0.0000000E+00
   1.5584382E+03   1.9110000E+03   0.0000000E+00   0.0000000E+00   0.0000000E+00
   1.5584457E+03   1.9120000E+03   0.0000000E+00   0.0000000E+00   0.0000000E+00
   1.5584533E+03   1.8790000E+03   0.0000000E+00   0.0000000E+00   0.0000000E+00
   1.5584608E+03   1.9470000E+03   0.0000000E+00   0.0000000E+00   0.0000000E+00
   1.5584683E+03   1.9350000E+03   0.0000000E+00   0.0000000E+00   0.0000000E+00
   1.5584759E+03   1.9850000E+03   0.0000000E+00   0.0000000E+00   0.0000000E+00
   1.5584834E+03   1.8940000E+03   0.0000000E+00   0.0000000E+00   0.0000000E+00
   1.5584909E+03   1.8150000E+03   0.0000000E+00   0.0000000E+00   0.0000000E+00
   1.5584984E+03   1.9040000E+03   0.0000000E+00   0.0000000E+00   0.0000000E+00
   1.5585060E+03   1.8470000E+03   0.0000000E+00   0.0000000E+00   0.0000000E+00
   1.5585135E+03   1.9070000E+03   0.0000000E+00   0.0000000E+00   0.0000000E+00
   1.5585210E+03   1.9110000E+03   0.0000000E+00   0.0000000E+00   0.0000000E+00
   1.5585286E+03   1.8780000E+03   0.0000000E+00   0.0000000E+00   0.0000000E+00
   1.5585361E+03   1.8970000E+03   0.0000000E+00   0.0000000E+00   0.0000000E+00
   1.5585436E+03   1.8750000E+03   0.0000000E+00   0.0000000E+00   0.0000000E+00
   1.5585511E+03   1.9160000E+03   0.0000000E+00   0.0000000E+00   0.0000000E+00
   1.5585587E+03   1.8270000E+03   0.0000000E+00   0.0000000E+00   0.0000000E+00
   1.5585662E+03   1.8840000E+03   0.0000000E+00   0.0000000E+00   0.0000000E+00
   1.5585737E+03   1.9530000E+03   0.0000000E+00   0.0000000E+00   0.0000000E+00
   1.5585813E+03   1.9440000E+03   0.0000000E+00   0.0000000E+00   0.0000000E+00
   1.5585888E+03   1.8870000E+03   0.0000000E+00   0.0000000E+00   0.0000000E+00
   1.5585963E+03   1.8850000E+03   0.0000000E+00   0.0000000E+00   0.0000000E+00
   1.5586038E+03   1.8500000E+03   0.0000000E+00   0.0000000E+00   0.0000000E+00
   1.5586114E+03   1.8210000E+03   0.0000000E+00   0.0000000E+00   0.0000000E+00
   1.5586189E+03   1.8810000E+03   0.0000000E+00   0.0000000E+00   0.0000000E+00
   1.5586264E+03   1.9160000E+03   0.0000000E+00   0.0000000E+00   0.0000000E+00
   1.5586340E+03   1.8390000E+03   0.0000000E+00   0.0000000E+00   0.0000000E+00
   1.5586415E+03   1.9030000E+03   0.0000000E+00   0.0000000E+00   0.0000000E+00
   1.5586490E+03   1.8490000E+03   0.0000000E+00   0.0000000E+00   0.0000000E+00
   1.5586565E+03   1.9180000E+03   0.0000000E+00   0.0000000E+00   0.0000000E+00
   1.5586641E+03   1.8560000E+03   0.0000000E+00   0.0000000E+00   0.0000000E+00
   1.5586716E+03   1.8960000E+03   0.0000000E+00   0.0000000E+00   0.0000000E+00
   1.5586791E+03   1.9490000E+03   0.0000000E+00   0.0000000E+00   0.0000000E+00
   1.5586867E+03   1.8920000E+03   0.0000000E+00   0.0000000E+00   0.0000000E+00
   1.5586942E+03   1.9050000E+03   0.0000000E+00   0.0000000E+00   0.0000000E+00
   1.5587017E+03   1.9330000E+03   0.0000000E+00   0.0000000E+00   0.0000000E+00
   1.5587092E+03   1.8840000E+03   0.0000000E+00   0.0000000E+00   0.0000000E+00
   1.5587168E+03   1.7860000E+03   0.0000000E+00   0.0000000E+00   0.0000000E+00
   1.5587243E+03   1.8390000E+03   0.0000000E+00   0.0000000E+00   0.0000000E+00
   1.5587318E+03   1.8720000E+03   0.0000000E+00   0.0000000E+00   0.0000000E+00
   1.5587393E+03   1.8710000E+03   0.0000000E+00   0.0000000E+00   0.0000000E+00
   1.5587469E+03   1.9230000E+03   0.0000000E+00   0.0000000E+00   0.0000000E+00
   1.5587544E+03   1.9030000E+03   0.0000000E+00   0.0000000E+00   0.0000000E+00
   1.5587619E+03   1.8940000E+03   0.0000000E+00   0.0000000E+00   0.0000000E+00
   1.5587695E+03   1.8650000E+03   0.0000000E+00   0.0000000E+00   0.0000000E+00
   1.5587770E+03   1.8560000E+03   0.0000000E+00   0.0000000E+00   0.0000000E+00
   1.5587845E+03   1.8290000E+03   0.0000000E+00   0.0000000E+00   0.0000000E+00
   1.5587920E+03   1.8750000E+03   0.0000000E+00   0.0000000E+00   0.0000000E+00
   1.5587996E+03   1.8240000E+03   0.0000000E+00   0.0000000E+00   0.0000000E+00
   1.5588071E+03   1.8990000E+03   0.0000000E+00   0.0000000E+00   0.0000000E+00
   1.5588146E+03   1.9000000E+03   0.0000000E+00   0.0000000E+00   0.0000000E+00
   1.5588222E+03   1.9090000E+03   0.0000000E+00   0.0000000E+00   0.0000000E+00
   1.5588297E+03   1.8340000E+03   0.0000000E+00   0.0000000E+00   0.0000000E+00
   1.5588372E+03   1.7810000E+03   0.0000000E+00   0.0000000E+00   0.0000000E+00
   1.5588447E+03   1.8420000E+03   0.0000000E+00   0.0000000E+00   0.0000000E+00
   1.5588523E+03   1.8120000E+03   0.0000000E+00   0.0000000E+00   0.0000000E+00
   1.5588598E+03   1.8440000E+03   0.0000000E+00   0.0000000E+00   0.0000000E+00
   1.5588673E+03   1.8440000E+03   0.0000000E+00   0.0000000E+00   0.0000000E+00
   1.5588749E+03   1.8720000E+03   0.0000000E+00   0.0000000E+00   0.0000000E+00
   1.5588824E+03   1.8340000E+03   0.0000000E+00   0.0000000E+00   0.0000000E+00
   1.5588899E+03   1.8700000E+03   0.0000000E+00   0.0000000E+00   0.0000000E+00
   1.5588974E+03   1.9330000E+03   0.0000000E+00   0.0000000E+00   0.0000000E+00
   1.5589050E+03   1.8860000E+03   0.0000000E+00   0.0000000E+00   0.0000000E+00
   1.5589125E+03   1.8500000E+03   0.0000000E+00   0.0000000E+00   0.0000000E+00
   1.5589200E+03   1.7800000E+03   0.0000000E+00   0.0000000E+00   0.0000000E+00
   1.5589276E+03   1.9220000E+03   0.0000000E+00   0.0000000E+00   0.0000000E+00
   1.5589351E+03   1.8640000E+03   0.0000000E+00   0.0000000E+00   0.0000000E+00
   1.5589426E+03   1.8210000E+03   0.0000000E+00   0.0000000E+00   0.0000000E+00
   1.5589501E+03   1.8200000E+03   0.0000000E+00   0.0000000E+00   0.0000000E+00
   1.5589577E+03   1.8470000E+03   0.0000000E+00   0.0000000E+00   0.0000000E+00
   1.5589652E+03   1.8490000E+03   0.0000000E+00   0.0000000E+00   0.0000000E+00
   1.5589727E+03   1.7000000E+03   0.0000000E+00   0.0000000E+00   0.0000000E+00
   1.5589803E+03   1.8080000E+03   0.0000000E+00   0.0000000E+00   0.0000000E+00
   1.5589878E+03   1.8920000E+03   0.0000000E+00   0.0000000E+00   0.0000000E+00
   1.5589953E+03   1.8200000E+03   0.0000000E+00   0.0000000E+00   0.0000000E+00
   1.5590028E+03   1.8600000E+03   0.0000000E+00   0.0000000E+00   0.0000000E+00
   1.5590104E+03   1.8280000E+03   0.0000000E+00   0.0000000E+00   0.0000000E+00
   1.5590179E+03   1.8130000E+03   0.0000000E+00   0.0000000E+00   0.0000000E+00
   1.5590254E+03   1.8490000E+03   0.0000000E+00   0.0000000E+00   0.0000000E+00
   1.5590330E+03   1.7830000E+03   0.0000000E+00   0.0000000E+00   0.0000000E+00
   1.5590405E+03   1.8400000E+03   0.0000000E+00   0.0000000E+00   0.0000000E+00
   1.5590480E+03   1.7600000E+03   0.0000000E+00   0.0000000E+00   0.0000000E+00
   1.5590555E+03   1.8250000E+03   0.0000000E+00   0.0000000E+00   0.0000000E+00
   1.5590631E+03   1.8110000E+03   1.0000000E+00   5.2611756E-04   9.5279890E-01
   1.5590706E+03   1.8770000E+03   0.0000000E+00   0.0000000E+00   0.0000000E+00
   1.5590781E+03   1.8250000E+03   0.0000000E+00   0.0000000E+00   0.0000000E+00
   1.5590857E+03   1.8310000E+03   0.0000000E+00   0.0000000E+00   0.0000000E+00
   1.5590932E+03   1.7610000E+03   0.0000000E+00   0.0000000E+00   0.0000000E+00
   1.5591007E+03   1.7240000E+03   0.0000000E+00   0.0000000E+00   0.0000000E+00
   1.5591082E+03   1.8350000E+03   0.0000000E+00   0.0000000E+00   0.0000000E+00
   1.5591158E+03   1.7680000E+03   0.0000000E+00   0.0000000E+00   0.0000000E+00
   1.5591233E+03   1.7680000E+03   0.0000000E+00   0.0000000E+00   0.0000000E+00
   1.5591308E+03   1.7280000E+03   0.0000000E+00   0.0000000E+00   0.0000000E+00
   1.5591384E+03   1.7690000E+03   0.0000000E+00   0.0000000E+00   0.0000000E+00
   1.5591459E+03   1.8290000E+03   0.0000000E+00   0.0000000E+00   0.0000000E+00
   1.5591534E+03   1.8840000E+03   0.0000000E+00   0.0000000E+00   0.0000000E+00
   1.5591609E+03   1.8980000E+03   0.0000000E+00   0.0000000E+00   0.0000000E+00
   1.5591685E+03   1.7960000E+03   0.0000000E+00   0.0000000E+00   0.0000000E+00
   1.5591760E+03   1.8110000E+03   0.0000000E+00   0.0000000E+00   0.0000000E+00
   1.5591835E+03   1.7540000E+03   0.0000000E+00   0.0000000E+00   0.0000000E+00
   1.5591910E+03   1.8190000E+03   0.0000000E+00   0.0000000E+00   0.0000000E+00
   1.5591986E+03   1.8350000E+03   0.0000000E+00   0.0000000E+00   0.0000000E+00
   1.5592061E+03   1.7170000E+03   0.0000000E+00   0.0000000E+00   0.0000000E+00
   1.5592136E+03   1.9150000E+03   0.0000000E+00   0.0000000E+00   0.0000000E+00
   1.5592212E+03   1.7120000E+03   0.0000000E+00   0.0000000E+00   0.0000000E+00
   1.5592287E+03   1.7810000E+03   0.0000000E+00   0.0000000E+00   0.0000000E+00
   1.5592362E+03   1.7770000E+03   0.0000000E+00   0.0000000E+00   0.0000000E+00
   1.5592437E+03   1.7560000E+03   0.0000000E+00   0.0000000E+00   0.0000000E+00
   1.5592513E+03   1.7200000E+03   0.0000000E+00   0.0000000E+00   0.0000000E+00
   1.5592588E+03   1.8750000E+03   0.0000000E+00   0.0000000E+00   0.0000000E+00
   1.5592663E+03   1.7850000E+03   0.0000000E+00   0.0000000E+00   0.0000000E+00
   1.5592739E+03   1.7630000E+03   0.0000000E+00   0.0000000E+00   0.0000000E+00
   1.5592814E+03   1.7460000E+03   0.0000000E+00   0.0000000E+00   0.0000000E+00
   1.5592889E+03   1.7870000E+03   0.0000000E+00   0.0000000E+00   0.0000000E+00
   1.5592964E+03   1.7140000E+03   0.0000000E+00   0.0000000E+00   0.0000000E+00
   1.5593040E+03   1.7690000E+03   0.0000000E+00   0.0000000E+00   0.0000000E+00
   1.5593115E+03   1.7190000E+03   0.0000000E+00   0.0000000E+00   0.0000000E+00
   1.5593190E+03   1.8260000E+03   0.0000000E+00   0.0000000E+00   0.0000000E+00
   1.5593266E+03   1.7620000E+03   0.0000000E+00   0.0000000E+00   0.0000000E+00
   1.5593341E+03   1.7600000E+03   0.0000000E+00   0.0000000E+00   0.0000000E+00
   1.5593416E+03   1.7440000E+03   0.0000000E+00   0.0000000E+00   0.0000000E+00
   1.5593491E+03   1.8100000E+03   0.0000000E+00   0.0000000E+00   0.0000000E+00
   1.5593567E+03   1.7700000E+03   0.0000000E+00   0.0000000E+00   0.0000000E+00
   1.5593642E+03   1.7890000E+03   0.0000000E+00   0.0000000E+00   0.0000000E+00
   1.5593717E+03   1.7980000E+03   0.0000000E+00   0.0000000E+00   0.0000000E+00
   1.5593793E+03   1.7460000E+03   0.0000000E+00   0.0000000E+00   0.0000000E+00
   1.5593868E+03   1.7870000E+03   0.0000000E+00   0.0000000E+00   0.0000000E+00
   1.5593943E+03   1.7190000E+03   0.0000000E+00   0.0000000E+00   0.0000000E+00
   1.5594018E+03   1.7000000E+03   0.0000000E+00   0.0000000E+00   0.0000000E+00
   1.5594094E+03   1.7490000E+03   0.0000000E+00   0.0000000E+00   0.0000000E+00
   1.5594169E+03   1.7650000E+03   0.0000000E+00   0.0000000E+00   0.0000000E+00
   1.5594244E+03   1.7710000E+03   0.0000000E+00   0.0000000E+00   0.0000000E+00
   1.5594320E+03   1.7430000E+03   0.0000000E+00   0.0000000E+00   0.0000000E+00
   1.5594395E+03   1.7030000E+03   0.0000000E+00   0.0000000E+00   0.0000000E+00
   1.5594470E+03   1.7240000E+03   0.0000000E+00   0.0000000E+00   0.0000000E+00
   1.5594545E+03   1.7810000E+03   0.0000000E+00   0.0000000E+00   0.0000000E+00
   1.5594621E+03   1.7430000E+03   0.0000000E+00   0.0000000E+00   0.0000000E+00
   1.5594696E+03   1.7680000E+03   0.0000000E+00   0.0000000E+00   0.0000000E+00
   1.5594771E+03   1.7990000E+03   0.0000000E+00   0.0000000E+00   0.0000000E+00
   1.5594847E+03   1.7010000E+03   0.0000000E+00   0.0000000E+00   0.0000000E+00
   1.5594922E+03   1.7190000E+03   0.0000000E+00   0.0000000E+00   0.0000000E+00
   1.5594997E+03   1.8240000E+03   0.0000000E+00   0.0000000E+00   0.0000000E+00
   1.5595072E+03   1.7470000E+03   1.0000000E+00   4.7909110E-04   8.3697216E-01
   1.5595148E+03   1.6830000E+03   0.0000000E+00   0.0000000E+00   0.0000000E+00
   1.5595223E+03   1.7730000E+03   0.0000000E+00   0.0000000E+00   0.0000000E+00
   1.5595298E+03   1.7020000E+03   0.0000000E+00   0.0000000E+00   0.0000000E+00
   1.5595374E+03   1.7530000E+03   0.0000000E+00   0.0000000E+00   0.0000000E+00
   1.5595449E+03   1.7190000E+03   0.0000000E+00   0.0000000E+00   0.0000000E+00
   1.5595524E+03   1.7300000E+03   0.0000000E+00   0.0000000E+00   0.0000000E+00
   1.5595599E+03   1.7460000E+03   0.0000000E+00   0.0000000E+00   0.0000000E+00
   1.5595675E+03   1.7690000E+03   0.0000000E+00   0.0000000E+00   0.0000000E+00
   1.5595750E+03   1.8050000E+03   0.0000000E+00   0.0000000E+00   0.0000000E+00
   1.5595825E+03   1.7550000E+03   0.0000000E+00   0.0000000E+00   0.0000000E+00
   1.5595901E+03   1.7050000E+03   0.0000000E+00   0.0000000E+00   0.0000000E+00
   1.5595976E+03   1.7630000E+03   0.0000000E+00   0.0000000E+00   0.0000000E+00
   1.5596051E+03   1.7380000E+03   0.0000000E+00   0.0000000E+00   0.0000000E+00
   1.5596126E+03   1.7100000E+03   0.0000000E+00   0.0000000E+00   0.0000000E+00
   1.5596202E+03   1.7330000E+03   0.0000000E+00   0.0000000E+00   0.0000000E+00
   1.5596277E+03   1.7580000E+03   0.0000000E+00   0.0000000E+00   0.0000000E+00
   1.5596352E+03   1.7540000E+03   0.0000000E+00   0.0000000E+00   0.0000000E+00
   1.5596427E+03   1.6800000E+03   0.0000000E+00   0.0000000E+00   0.0000000E+00
   1.5596503E+03   1.7710000E+03   0.0000000E+00   0.0000000E+00   0.0000000E+00
   1.5596578E+03   1.6210000E+03   0.0000000E+00   0.0000000E+00   0.0000000E+00
   1.5596653E+03   1.6990000E+03   0.0000000E+00   0.0000000E+00   0.0000000E+00
   1.5596729E+03   1.6770000E+03   0.0000000E+00   0.0000000E+00   0.0000000E+00
   1.5596804E+03   1.7100000E+03   0.0000000E+00   0.0000000E+00   0.0000000E+00
   1.5596879E+03   1.6930000E+03   0.0000000E+00   0.0000000E+00   0.0000000E+00
   1.5596954E+03   1.7000000E+03   0.0000000E+00   0.0000000E+00   0.0000000E+00
   1.5597030E+03   1.7010000E+03   0.0000000E+00   0.0000000E+00   0.0000000E+00
   1.5597105E+03   1.6680000E+03   0.0000000E+00   0.0000000E+00   0.0000000E+00
   1.5597180E+03   1.6710000E+03   0.0000000E+00   0.0000000E+00   0.0000000E+00
   1.5597256E+03   1.7740000E+03   0.0000000E+00   0.0000000E+00   0.0000000E+00
   1.5597331E+03   1.7420000E+03   0.0000000E+00   0.0000000E+00   0.0000000E+00
   1.5597406E+03   1.7030000E+03   0.0000000E+00   0.0000000E+00   0.0000000E+00
   1.5597481E+03   1.6580000E+03   0.0000000E+00   0.0000000E+00   0.0000000E+00
   1.5597557E+03   1.7070000E+03   0.0000000E+00   0.0000000E+00   0.0000000E+00
   1.5597632E+03   1.6870000E+03   0.0000000E+00   0.0000000E+00   0.0000000E+00
   1.5597707E+03   1.7040000E+03   0.0000000E+00   0.0000000E+00   0.0000000E+00
   1.5597783E+03   1.6770000E+03   0.0000000E+00   0.0000000E+00   0.0000000E+00
   1.5597858E+03   1.7480000E+03   0.0000000E+00   0.0000000E+00   0.0000000E+00
   1.5597933E+03   1.6130000E+03   0.0000000E+00   0.0000000E+00   0.0000000E+00
   1.5598008E+03   1.6880000E+03   0.0000000E+00   0.0000000E+00   0.0000000E+00
   1.5598084E+03   1.6550000E+03   0.0000000E+00   0.0000000E+00   0.0000000E+00
   1.5598159E+03   1.6940000E+03   0.0000000E+00   0.0000000E+00   0.0000000E+00
   1.5598234E+03   1.6930000E+03   0.0000000E+00   0.0000000E+00   0.0000000E+00
   1.5598310E+03   1.6840000E+03   0.0000000E+00   0.0000000E+00   0.0000000E+00
   1.5598385E+03   1.6720000E+03   0.0000000E+00   0.0000000E+00   0.0000000E+00
   1.5598460E+03   1.7200000E+03   0.0000000E+00   0.0000000E+00   0.0000000E+00
   1.5598535E+03   1.7180000E+03   0.0000000E+00   0.0000000E+00   0.0000000E+00
   1.5598611E+03   1.6290000E+03   0.0000000E+00   0.0000000E+00   0.0000000E+00
   1.5598686E+03   1.6880000E+03   0.0000000E+00   0.0000000E+00   0.0000000E+00
   1.5598761E+03   1.6980000E+03   0.0000000E+00   0.0000000E+00   0.0000000E+00
   1.5598837E+03   1.6810000E+03   0.0000000E+00   0.0000000E+00   0.0000000E+00
   1.5598912E+03   1.7270000E+03   0.0000000E+00   0.0000000E+00   0.0000000E+00
   1.5598987E+03   1.7160000E+03   0.0000000E+00   0.0000000E+00   0.0000000E+00
   1.5599062E+03   1.6660000E+03   0.0000000E+00   0.0000000E+00   0.0000000E+00
   1.5599138E+03   1.6990000E+03   0.0000000E+00   0.0000000E+00   0.0000000E+00
   1.5599213E+03   1.6290000E+03   0.0000000E+00   0.0000000E+00   0.0000000E+00
   1.5599288E+03   1.6110000E+03   0.0000000E+00   0.0000000E+00   0.0000000E+00
   1.5599364E+03   1.6850000E+03   0.0000000E+00   0.0000000E+00   0.0000000E+00
   1.5599439E+03   1.6690000E+03   0.0000000E+00   0.0000000E+00   0.0000000E+00
   1.5599514E+03   1.6690000E+03   0.0000000E+00   0.0000000E+00   0.0000000E+00
   1.5599589E+03   1.6670000E+03   0.0000000E+00   0.0000000E+00   0.0000000E+00
   1.5599665E+03   1.7760000E+03   0.0000000E+00   0.0000000E+00   0.0000000E+00
   1.5599740E+03   1.6970000E+03   0.0000000E+00   0.0000000E+00   0.0000000E+00
   1.5599815E+03   1.5440000E+03   0.0000000E+00   0.0000000E+00   0.0000000E+00
   1.5599891E+03   1.5470000E+03   0.0000000E+00   0.0000000E+00   0.0000000E+00
   1.5599966E+03   1.6290000E+03   0.0000000E+00   0.0000000E+00   0.0000000E+00
   1.5600041E+03   1.6330000E+03   0.0000000E+00   0.0000000E+00   0.0000000E+00
   1.5600116E+03   1.6350000E+03   0.0000000E+00   0.0000000E+00   0.0000000E+00
   1.5600192E+03   1.7040000E+03   0.0000000E+00   0.0000000E+00   0.0000000E+00
   1.5600267E+03   1.6710000E+03   0.0000000E+00   0.0000000E+00   0.0000000E+00
   1.5600342E+03   1.6120000E+03   0.0000000E+00   0.0000000E+00   0.0000000E+00
   1.5600418E+03   1.6530000E+03   0.0000000E+00   0.0000000E+00   0.0000000E+00
   1.5600493E+03   1.5960000E+03   0.0000000E+00   0.0000000E+00   0.0000000E+00
   1.5600568E+03   1.6390000E+03   0.0000000E+00   0.0000000E+00   0.0000000E+00
   1.5600643E+03   1.6050000E+03   0.0000000E+00   0.0000000E+00   0.0000000E+00
   1.5600719E+03   1.6640000E+03   0.0000000E+00   0.0000000E+00   0.0000000E+00
   1.5600794E+03   1.6630000E+03   0.0000000E+00   0.0000000E+00   0.0000000E+00
   1.5600869E+03   1.6140000E+03   0.0000000E+00   0.0000000E+00   0.0000000E+00
   1.5600944E+03   1.7200000E+03   0.0000000E+00   0.0000000E+00   0.0000000E+00
   1.5601020E+03   1.6590000E+03   0.0000000E+00   0.0000000E+00   0.0000000E+00
   1.5601095E+03   1.6950000E+03   0.0000000E+00   0.0000000E+00   0.0000000E+00
   1.5601170E+03   1.6380000E+03   0.0000000E+00   0.0000000E+00   0.0000000E+00
   1.5601246E+03   1.6310000E+03   0.0000000E+00   0.0000000E+00   0.0000000E+00
   1.5601321E+03   1.6560000E+03   0.0000000E+00   0.0000000E+00   0.0000000E+00
   1.5601396E+03   1.6170000E+03   0.0000000E+00   0.0000000E+00   0.0000000E+00
   1.5601471E+03   1.6400000E+03   0.0000000E+00   0.0000000E+00   0.0000000E+00
   1.5601547E+03   1.6820000E+03   0.0000000E+00   0.0000000E+00   0.0000000E+00
   1.5601622E+03   1.6540000E+03   0.0000000E+00   0.0000000E+00   0.0000000E+00
   1.5601697E+03   1.6350000E+03   0.0000000E+00   0.0000000E+00   0.0000000E+00
   1.5601773E+03   1.6540000E+03   0.0000000E+00   0.0000000E+00   0.0000000E+00
   1.5601848E+03   1.6270000E+03   0.0000000E+00   0.0000000E+00   0.0000000E+00
   1.5601923E+03   1.5910000E+03   0.0000000E+00   0.0000000E+00   0.0000000E+00
   1.5601998E+03   1.6340000E+03   0.0000000E+00   0.0000000E+00   0.0000000E+00
   1.5602074E+03   1.6130000E+03   0.0000000E+00   0.0000000E+00   0.0000000E+00
   1.5602149E+03   1.6410000E+03   0.0000000E+00   0.0000000E+00   0.0000000E+00
   1.5602224E+03   1.6320000E+03   0.0000000E+00   0.0000000E+00   0.0000000E+00
   1.5602300E+03   1.5450000E+03   0.0000000E+00   0.0000000E+00   0.0000000E+00
   1.5602375E+03   1.5590000E+03   0.0000000E+00   0.0000000E+00   0.0000000E+00
   1.5602450E+03   1.6160000E+03   0.0000000E+00   0.0000000E+00   0.0000000E+00
   1.5602525E+03   1.5450000E+03   0.0000000E+00   0.0000000E+00   0.0000000E+00
   1.5602601E+03   1.5730000E+03   0.0000000E+00   0.0000000E+00   0.0000000E+00
   1.5602676E+03   1.5780000E+03   0.0000000E+00   0.0000000E+00   0.0000000E+00
   1.5602751E+03   1.5680000E+03   0.0000000E+00   0.0000000E+00   0.0000000E+00
   1.5602827E+03   1.5720000E+03   0.0000000E+00   0.0000000E+00   0.0000000E+00
   1.5602902E+03   1.6430000E+03   0.0000000E+00   0.0000000E+00   0.0000000E+00
   1.5602977E+03   1.5350000E+03   0.0000000E+00   0.0000000E+00   0.0000000E+00
   1.5603052E+03   1.5940000E+03   0.0000000E+00   0.0000000E+00   0.0000000E+00
   1.5603128E+03   1.6880000E+03   0.0000000E+00   0.0000000E+00   0.0000000E+00
   1.5603203E+03   1.6550000E+03   0.0000000E+00   0.0000000E+00   0.0000000E+00
   1.5603278E+03   1.5250000E+03   0.0000000E+00   0.0000000E+00   0.0000000E+00
   1.5603354E+03   1.5460000E+03   0.0000000E+00   0.0000000E+00   0.0000000E+00
   1.5603429E+03   1.6210000E+03   0.0000000E+00   0.0000000E+00   0.0000000E+00
   1.5603504E+03   1.6060000E+03   0.0000000E+00   0.0000000E+00   0.0000000E+00
   1.5603579E+03   1.6510000E+03   0.0000000E+00   0.0000000E+00   0.0000000E+00
   1.5603655E+03   1.5350000E+03   0.0000000E+00   0.0000000E+00   0.0000000E+00
   1.5603730E+03   1.6210000E+03   0.0000000E+00   0.0000000E+00   0.0000000E+00
   1.5603805E+03   1.6160000E+03   0.0000000E+00   0.0000000E+00   0.0000000E+00
   1.5603881E+03   1.5860000E+03   0.0000000E+00   0.0000000E+00   0.0000000E+00
   1.5603956E+03   1.6140000E+03   0.0000000E+00   0.0000000E+00   0.0000000E+00
   1.5604031E+03   1.5680000E+03   0.0000000E+00   0.0000000E+00   0.0000000E+00
   1.5604106E+03   1.6100000E+03   0.0000000E+00   0.0000000E+00   0.0000000E+00
   1.5604182E+03   1.6070000E+03   0.0000000E+00   0.0000000E+00   0.0000000E+00
   1.5604257E+03   1.6290000E+03   0.0000000E+00   0.0000000E+00   0.0000000E+00
   1.5604332E+03   1.5700000E+03   0.0000000E+00   0.0000000E+00   0.0000000E+00
   1.5604408E+03   1.6290000E+03   0.0000000E+00   0.0000000E+00   0.0000000E+00
   1.5604483E+03   1.5850000E+03   0.0000000E+00   0.0000000E+00   0.0000000E+00
   1.5604558E+03   1.5490000E+03   0.0000000E+00   0.0000000E+00   0.0000000E+00
   1.5604633E+03   1.6010000E+03   0.0000000E+00   0.0000000E+00   0.0000000E+00
   1.5604709E+03   1.5720000E+03   0.0000000E+00   0.0000000E+00   0.0000000E+00
   1.5604784E+03   1.5850000E+03   0.0000000E+00   0.0000000E+00   0.0000000E+00
   1.5604859E+03   1.6660000E+03   0.0000000E+00   0.0000000E+00   0.0000000E+00
   1.5604935E+03   1.5900000E+03   0.0000000E+00   0.0000000E+00   0.0000000E+00
   1.5605010E+03   1.5200000E+03   0.0000000E+00   0.0000000E+00   0.0000000E+00
   1.5605085E+03   1.5070000E+03   0.0000000E+00   0.0000000E+00   0.0000000E+00
   1.5605160E+03   1.5170000E+03   0.0000000E+00   0.0000000E+00   0.0000000E+00
   1.5605236E+03   1.5920000E+03   0.0000000E+00   0.0000000E+00   0.0000000E+00
   1.5605311E+03   1.5990000E+03   0.0000000E+00   0.0000000E+00   0.0000000E+00
   1.5605386E+03   1.6090000E+03   0.0000000E+00   0.0000000E+00   0.0000000E+00
   1.5605461E+03   1.5250000E+03   0.0000000E+00   0.0000000E+00   0.0000000E+00
   1.5605537E+03   1.5470000E+03   0.0000000E+00   0.0000000E+00   0.0000000E+00
   1.5605612E+03   1.5430000E+03   0.0000000E+00   0.0000000E+00   0.0000000E+00
   1.5605687E+03   1.5350000E+03   0.0000000E+00   0.0000000E+00   0.0000000E+00
   1.5605763E+03   1.5260000E+03   0.0000000E+00   0.0000000E+00   0.0000000E+00
   1.5605838E+03   1.5330000E+03   0.0000000E+00   0.0000000E+00   0.0000000E+00
   1.5605913E+03   1.5310000E+03   0.0000000E+00   0.0000000E+00   0.0000000E+00
   1.5605988E+03   1.5940000E+03   0.0000000E+00   0.0000000E+00   0.0000000E+00
   1.5606064E+03   1.5260000E+03   0.0000000E+00   0.0000000E+00   0.0000000E+00
   1.5606139E+03   1.5990000E+03   0.0000000E+00   0.0000000E+00   0.0000000E+00
   1.5606214E+03   1.5380000E+03   0.0000000E+00   0.0000000E+00   0.0000000E+00
   1.5606290E+03   1.5480000E+03   0.0000000E+00   0.0000000E+00   0.0000000E+00
   1.5606365E+03   1.5580000E+03   0.0000000E+00   0.0000000E+00   0.0000000E+00
   1.5606440E+03   1.5500000E+03   0.0000000E+00   0.0000000E+00   0.0000000E+00
   1.5606515E+03   1.5840000E+03   0.0000000E+00   0.0000000E+00   0.0000000E+00
   1.5606591E+03   1.5630000E+03   0.0000000E+00   0.0000000E+00   0.0000000E+00
   1.5606666E+03   1.5170000E+03   0.0000000E+00   0.0000000E+00   0.0000000E+00
   1.5606741E+03   1.5840000E+03   0.0000000E+00   0.0000000E+00   0.0000000E+00
   1.5606817E+03   1.4750000E+03   0.0000000E+00   0.0000000E+00   0.0000000E+00
   1.5606892E+03   1.4770000E+03   0.0000000E+00   0.0000000E+00   0.0000000E+00
   1.5606967E+03   1.5680000E+03   0.0000000E+00   0.0000000E+00   0.0000000E+00
   1.5607042E+03   1.5950000E+03   0.0000000E+00   0.0000000E+00   0.0000000E+00
   1.5607118E+03   1.5400000E+03   0.0000000E+00   0.0000000E+00   0.0000000E+00
   1.5607193E+03   1.5800000E+03   0.0000000E+00   0.0000000E+00   0.0000000E+00
   1.5607268E+03   1.5120000E+03   0.0000000E+00   0.0000000E+00   0.0000000E+00
   1.5607344E+03   1.5370000E+03   0.0000000E+00   0.0000000E+00   0.0000000E+00
   1.5607419E+03   1.4940000E+03   0.0000000E+00   0.0000000E+00   0.0000000E+00
   1.5607494E+03   1.5510000E+03   0.0000000E+00   0.0000000E+00   0.0000000E+00
   1.5607569E+03   1.5500000E+03   0.0000000E+00   0.0000000E+00   0.0000000E+00
   1.5607645E+03   1.5980000E+03   0.0000000E+00   0.0000000E+00   0.0000000E+00
   1.5607720E+03   1.5420000E+03   0.0000000E+00   0.0000000E+00   0.0000000E+00
