   1.5381945E+03   1.4670000E+03   1.4620000E+03   1.1947736E-03   1.3022769E-03
   1.5382021E+03   1.4120000E+03   1.4090000E+03   7.8267720E-04   8.0596637E-04
   1.5382096E+03   1.4910000E+03   1.4860000E+03   1.6030996E-03   1.3726839E-03
   1.5382171E+03   1.5450000E+03   1.5370000E+03   1.0786315E-03   1.2138387E-03
   1.5382246E+03   1.4600000E+03   1.4550000E+03   1.4195233E-03   1.3454664E-03
   1.5382322E+03   1.4480000E+03   1.4460000E+03   1.2828688E-03   1.5460896E-03
   1.5382397E+03   1.4950000E+03   1.4910000E+03   1.9691492E-03   2.1627999E-03
   1.5382472E+03   1.5220000E+03   1.5130000E+03   8.4537286E-04   9.8696989E-04
   1.5382548E+03   1.5290000E+03   1.5170000E+03   1.5420514E-03   1.7689747E-03
   1.5382623E+03   1.4550000E+03   1.4460000E+03   7.6406984E-04   1.1849328E-03
   1.5382698E+03   1.4880000E+03   1.4830000E+03   2.3347035E-03   2.0615854E-03
   1.5382773E+03   1.4610000E+03   1.4500000E+03   1.5324287E-03   1.1307970E-03
   1.5382849E+03   1.4210000E+03   1.4150000E+03   2.8663315E-03   2.6248159E-03
   1.5382924E+03   1.5020000E+03   1.4940000E+03   1.9720328E-03   2.2362745E-03
   1.5382999E+03   1.3760000E+03   1.3690000E+03   7.7389925E-04   6.2691192E-04
   1.5383075E+03   1.4820000E+03   1.4720000E+03   1.9154701E-03   2.1048857E-03
   1.5383150E+03   1.3790000E+03   1.3690000E+03   1.3534856E-03   1.2927104E-03
   1.5383225E+03   1.4550000E+03   1.4480000E+03   5.2088894E-04   2.6157681E-04
   1.5383300E+03   1.4380000E+03   1.4300000E+03   5.8602745E-04   8.5848088E-04
   1.5383376E+03   1.4980000E+03   1.4950000E+03   1.2335515E-03   1.3308073E-03
   1.5383451E+03   1.4590000E+03   1.4540000E+03   3.4045803E-03   2.8354161E-03
   1.5383526E+03   1.4150000E+03   1.4030000E+03   2.0390506E-03   1.6869240E-03
   1.5383602E+03   1.4080000E+03   1.3980000E+03   2.2776243E-03   2.0642567E-03
   1.5383677E+03   1.4200000E+03   1.4100000E+03   2.3892451E-03   1.9445525E-03
   1.5383752E+03   1.4820000E+03   1.4690000E+03   1.4415363E-03   1.9967950E-03
   1.5383827E+03   1.4610000E+03   1.4550000E+03   3.5771122E-04   4.0619950E-04
   1.5383903E+03   1.4570000E+03   1.4470000E+03   1.4460515E-03   1.1939685E-03
   1.5383978E+03   1.4080000E+03   1.4010000E+03   1.6778752E-03   1.2570775E-03
   1.5384053E+03   1.4470000E+03   1.4390000E+03   2.2453531E-03   1.9019705E-03
   1.5384128E+03   1.3860000E+03   1.3790000E+03   3.5714561E-03   3.9953611E-03
   1.5384204E+03   1.3860000E+03   1.3730000E+03   2.2341271E-03   2.5114282E-03
   1.5384279E+03   1.3860000E+03   1.3770000E+03   2.0101356E-03   2.2539035E-03
   1.5384354E+03   1.4380000E+03   1.4290000E+03   2.0427593E-03   1.9069999E-03
   1.5384430E+03   1.4380000E+03   1.4280000E+03   1.7926802E-03   1.7238139E-03
   1.5384505E+03   1.4590000E+03   1.4520000E+03   1.8380931E-03   2.1178407E-03
   1.5384580E+03   1.4830000E+03   1.4730000E+03   2.2581031E-03   2.7648028E-03
   1.5384655E+03   1.4020000E+03   1.3890000E+03   3.4451521E-03   2.6217459E-03
   1.5384731E+03   1.3800000E+03   1.3670000E+03   1.2008777E-03   1.4086885E-03
   1.5384806E+03   1.4290000E+03   1.4150000E+03   1.3650430E-03   8.8104866E-04
   1.5384881E+03   1.3740000E+03   1.3620000E+03   3.6237372E-03   3.1679967E-03
   1.5384957E+03   1.4180000E+03   1.4080000E+03   1.1998184E-03   4.7460811E-04
   1.5385032E+03   1.3990000E+03   1.3850000E+03   5.4707320E-04   1.0249781E-03
   1.5385107E+03   1.3840000E+03   1.3780000E+03   3.5734854E-03   3.2909640E-03
   1.5385182E+03   1.4180000E+03   1.4110000E+03   2.0129535E-03   1.6576781E-03
   1.5385258E+03   1.3470000E+03   1.3390000E+03   3.1570932E-03   2.4702184E-03
   1.5385333E+03   1.3490000E+03   1.3360000E+03   9.9903207E-04   1.2259540E-03
   1.5385408E+03   1.3910000E+03   1.3800000E+03   3.6992688E-03   3.6679916E-03
   1.5385484E+03   1.4380000E+03   1.4330000E+03   2.8122776E-03   2.7632727E-03
   1.5385559E+03   1.4600000E+03   1.4540000E+03   1.2975773E-03   1.6591512E-03
   1.5385634E+03   1.4020000E+03   1.3930000E+03   2.4881711E-03   2.3108360E-03
   1.5385709E+03   1.3900000E+03   1.3770000E+03   9.2197241E-04   1.2340885E-03
   1.5385785E+03   1.4400000E+03   1.4310000E+03   1.1900268E-03   1.1185825E-03
   1.5385860E+03   1.3490000E+03   1.3360000E+03   8.5359129E-04   7.6311102E-04
   1.5385935E+03   1.3530000E+03   1.3360000E+03   5.2911142E-04   1.9865894E-03
   1.5386011E+03   1.3680000E+03   1.3580000E+03   2.1841553E-03   2.3121458E-03
   1.5386086E+03   1.3410000E+03   1.3320000E+03   2.8467594E-03   1.9836409E-03
   1.5386161E+03   1.3380000E+03   1.3320000E+03   2.8607839E-03   3.0290080E-03
   1.5386236E+03   1.3410000E+03   1.3340000E+03   1.9916454E-04   8.5226383E-04
   1.5386312E+03   1.2940000E+03   1.2900000E+03   2.2348518E-03   2.4407022E-03
   1.5386387E+03   1.4440000E+03   1.4300000E+03   2.4453596E-03   2.9401820E-03
   1.5386462E+03   1.3600000E+03   1.3430000E+03   2.3872356E-03   1.1691554E-03
   1.5386538E+03   1.3590000E+03   1.3500000E+03   3.9052699E-03   2.7069961E-03
   1.5386613E+03   1.3770000E+03   1.3650000E+03   2.3506827E-03   3.4205523E-03
   1.5386688E+03   1.3810000E+03   1.3720000E+03   2.5030360E-03   1.8778896E-03
   1.5386763E+03   1.3630000E+03   1.3490000E+03   4.1598010E-03   4.5852189E-03
   1.5386839E+03   1.3130000E+03   1.3020000E+03   2.7087599E-03   2.9435681E-03
   1.5386914E+03   1.3230000E+03   1.3100000E+03   2.0374782E-03   2.3972766E-03
   1.5386989E+03   1.3000000E+03   1.2880000E+03   3.5046790E-03   2.7780833E-03
   1.5387065E+03   1.3900000E+03   1.3790000E+03   3.1353441E-03   2.9695333E-03
   1.5387140E+03   1.2310000E+03   1.2250000E+03   3.8827718E-03   3.1470255E-03
   1.5387215E+03   1.3160000E+03   1.3000000E+03   1.8059446E-03   1.7291160E-03
   1.5387290E+03   1.3570000E+03   1.3500000E+03   2.9000566E-03   2.6444934E-03
   1.5387366E+03   1.2880000E+03   1.2750000E+03   3.3868946E-03   2.8846878E-03
   1.5387441E+03   1.3650000E+03   1.3520000E+03   1.8364310E-03   1.1111817E-03
   1.5387516E+03   1.3560000E+03   1.3470000E+03   2.4593856E-03   3.1724024E-03
   1.5387592E+03   1.2670000E+03   1.2590000E+03   2.7345705E-03   2.6682046E-03
   1.5387667E+03   1.3480000E+03   1.3420000E+03   1.4256028E-03   1.9745839E-03
   1.5387742E+03   1.2810000E+03   1.2680000E+03   3.0080142E-03   2.5918676E-03
   1.5387817E+03   1.3350000E+03   1.3210000E+03   6.7377775E-04   1.5519030E-03
   1.5387893E+03   1.3230000E+03   1.3120000E+03   5.1562024E-03   4.7601478E-03
   1.5387968E+03   1.2800000E+03   1.2720000E+03   4.1028985E-03   4.2963971E-03
   1.5388043E+03   1.2930000E+03   1.2820000E+03   1.0139631E-03   7.8090991E-04
   1.5388119E+03   1.3160000E+03   1.3040000E+03   4.1850748E-03   3.8597641E-03
   1.5388194E+03   1.2870000E+03   1.2740000E+03   1.7724536E-03   1.3879721E-03
   1.5388269E+03   1.3910000E+03   1.3780000E+03   1.9392963E-03   1.4677792E-03
   1.5388344E+03   1.3080000E+03   1.2970000E+03   4.5229268E-03   5.1518307E-03
   1.5388420E+03   1.2940000E+03   1.2860000E+03   1.7536378E-03   1.6873053E-03
   1.5388495E+03   1.3310000E+03   1.3210000E+03   8.0207163E-04   1.0621876E-03
   1.5388570E+03   1.2910000E+03   1.2830000E+03   7.8503723E-04   7.5675445E-04
   1.5388646E+03   1.3070000E+03   1.2920000E+03   2.0913910E-03   1.8269214E-03
   1.5388721E+03   1.3220000E+03   1.3120000E+03   3.7794309E-03   4.4624373E-03
   1.5388796E+03   1.3440000E+03   1.3310000E+03   2.5590233E-03   2.8900539E-03
   1.5388871E+03   1.3060000E+03   1.2890000E+03   4.2342223E-03   3.7720141E-03
   1.5388947E+03   1.3290000E+03   1.3170000E+03   4.0134786E-03   4.4055480E-03
   1.5389022E+03   1.3180000E+03   1.3060000E+03   5.2750051E-03   5.0216198E-03
   1.5389097E+03   1.3270000E+03   1.3160000E+03   2.2586220E-03   2.0804949E-03
   1.5389172E+03   1.2880000E+03   1.2750000E+03   2.0246857E-03   1.3216904E-03
   1.5389248E+03   1.2650000E+03   1.2520000E+03   1.3256092E-03   9.6139679E-04
   1.5389323E+03   1.2350000E+03   1.2270000E+03   4.7069713E-03   3.6097194E-03
   1.5389398E+03   1.3040000E+03   1.2980000E+03   1.1447992E-03   1.4694856E-03
   1.5389474E+03   1.2630000E+03   1.2540000E+03   6.4305221E-03   5.6863132E-03
   1.5389549E+03   1.2120000E+03   1.1990000E+03   1.0753567E-03   2.1283173E-03
   1.5389624E+03   1.3800000E+03   1.3700000E+03   2.4083521E-03   2.4413072E-03
   1.5389699E+03   1.2180000E+03   1.2070000E+03   3.7273246E-03   2.3027412E-03
   1.5389775E+03   1.2330000E+03   1.2190000E+03   2.5723152E-03   2.1284637E-03
   1.5389850E+03   1.2690000E+03   1.2550000E+03   5.3130540E-03   5.0917063E-03
   1.5389925E+03   1.2610000E+03   1.2510000E+03   1.4071249E-03   8.3052945E-04
   1.5390001E+03   1.2650000E+03   1.2540000E+03   1.9091382E-03   1.6831476E-03
   1.5390076E+03   1.3390000E+03   1.3310000E+03   1.4624020E-03   1.1923745E-03
   1.5390151E+03   1.2660000E+03   1.2520000E+03   2.9924655E-03   4.0309993E-03
   1.5390226E+03   1.2760000E+03   1.2600000E+03   3.2121060E-03   2.8258578E-03
   1.5390302E+03   1.2670000E+03   1.2510000E+03   5.8411417E-03   5.2733057E-03
   1.5390377E+03   1.2710000E+03   1.2560000E+03   2.5355176E-03   1.0086800E-03
   1.5390452E+03   1.2380000E+03   1.2190000E+03   1.4575564E-03   9.4610089E-04
   1.5390528E+03   1.2130000E+03   1.2000000E+03   1.3384002E-03   8.9853824E-04
   1.5390603E+03   1.2810000E+03   1.2690000E+03   4.7581981E-03   5.0861104E-03
   1.5390678E+03   1.2920000E+03   1.2810000E+03   5.4238600E-03   5.2418167E-03
   1.5390753E+03   1.2320000E+03   1.2240000E+03   4.9272752E-03   4.5296223E-03
   1.5390829E+03   1.2690000E+03   1.2590000E+03   3.6465791E-03   3.8534570E-03
   1.5390904E+03   1.3040000E+03   1.2900000E+03   5.0026497E-03   5.1159092E-03
   1.5390979E+03   1.2500000E+03   1.2430000E+03   2.0895051E-03   3.1545033E-03
   1.5391055E+03   1.2560000E+03   1.2410000E+03   2.8296608E-03   3.1916478E-03
   1.5391130E+03   1.2060000E+03   1.1920000E+03   1.0541110E-03   1.5069127E-03
   1.5391205E+03   1.2590000E+03   1.2460000E+03   3.0283999E-03   2.6433475E-03
   1.5391280E+03   1.2470000E+03   1.2310000E+03   1.0483541E-03   1.3932359E-03
   1.5391356E+03   1.2090000E+03   1.1980000E+03   3.9392659E-03   3.7494186E-03
   1.5391431E+03   1.2640000E+03   1.2480000E+03   4.0927062E-03   2.8578146E-03
   1.5391506E+03   1.2170000E+03   1.2060000E+03   3.5504328E-03   2.8004335E-03
   1.5391582E+03   1.2390000E+03   1.2300000E+03   2.9284075E-03   2.9152198E-03
   1.5391657E+03   1.2610000E+03   1.2510000E+03   8.2050129E-04   9.0509665E-04
   1.5391732E+03   1.3170000E+03   1.3060000E+03   2.8160323E-03   2.7627600E-03
   1.5391807E+03   1.2080000E+03   1.2000000E+03   2.4072931E-03   2.1076882E-03
   1.5391883E+03   1.2300000E+03   1.2200000E+03   1.6295010E-03   1.7403594E-03
   1.5391958E+03   1.2050000E+03   1.1900000E+03   3.8694629E-03   3.1582620E-03
   1.5392033E+03   1.2480000E+03   1.2380000E+03   3.3912622E-03   3.2575233E-03
   1.5392109E+03   1.2660000E+03   1.2540000E+03   8.2152088E-04   9.5153256E-04
   1.5392184E+03   1.2420000E+03   1.2270000E+03   1.9365765E-03   1.6799448E-03
   1.5392259E+03   1.1660000E+03   1.1540000E+03   2.0319224E-03   2.6604465E-03
   1.5392334E+03   1.2680000E+03   1.2500000E+03   3.7388839E-03   2.6758052E-03
   1.5392410E+03   1.1480000E+03   1.1420000E+03   5.7201627E-04   4.3737751E-04
   1.5392485E+03   1.1810000E+03   1.1690000E+03   2.9092817E-03   1.4295284E-03
   1.5392560E+03   1.1640000E+03   1.1530000E+03   2.1833387E-03   1.6699728E-03
   1.5392636E+03   1.2560000E+03   1.2450000E+03   3.2773929E-03   3.5371723E-03
   1.5392711E+03   1.1830000E+03   1.1750000E+03   3.2904253E-03   2.8986671E-03
   1.5392786E+03   1.2400000E+03   1.2310000E+03   6.0404210E-03   6.1538574E-03
   1.5392861E+03   1.1920000E+03   1.1760000E+03   2.1522878E-03   2.3662189E-03
   1.5392937E+03   1.2970000E+03   1.2820000E+03   1.6471646E-03   1.4016776E-03
   1.5393012E+03   1.2770000E+03   1.2620000E+03   3.0109166E-03   3.1437511E-03
   1.5393087E+03   1.2800000E+03   1.2680000E+03   1.0928715E-03   1.3635631E-03
   1.5393162E+03   1.1780000E+03   1.1650000E+03   4.7719136E-03   3.5257804E-03
   1.5393238E+03   1.2580000E+03   1.2450000E+03   2.5307231E-03   3.1192360E-03
   1.5393313E+03   1.1440000E+03   1.1340000E+03   5.3704167E-03   4.9524941E-03
   1.5393388E+03   1.2360000E+03   1.2190000E+03   1.7644384E-03   2.0154494E-03
   1.5393464E+03   1.2030000E+03   1.1920000E+03   8.0709139E-03   7.9460748E-03
   1.5393539E+03   1.2260000E+03   1.2140000E+03   2.9965896E-03   3.1108256E-03
   1.5393614E+03   1.2340000E+03   1.2240000E+03   7.0530390E-03   7.1948722E-03
   1.5393689E+03   1.1610000E+03   1.1520000E+03   4.0087016E-03   2.7143942E-03
   1.5393765E+03   1.2240000E+03   1.2080000E+03   1.0545309E-03   1.3283840E-03
   1.5393840E+03   1.2220000E+03   1.2080000E+03   2.2429239E-03   1.7329115E-03
   1.5393915E+03   1.1900000E+03   1.1780000E+03   5.0630345E-03   4.9037055E-03
   1.5393991E+03   1.1630000E+03   1.1500000E+03   5.5307837E-03   4.8082870E-03
   1.5394066E+03   1.1970000E+03   1.1860000E+03   5.1802954E-03   5.5727664E-03
   1.5394141E+03   1.1540000E+03   1.1430000E+03   4.2050099E-03   4.8182338E-03
   1.5394216E+03   1.1700000E+03   1.1630000E+03   1.1400368E-03   1.4775385E-03
   1.5394292E+03   1.1560000E+03   1.1480000E+03   1.1020024E-03   9.6579441E-04
   1.5394367E+03   1.2260000E+03   1.2160000E+03   1.2726512E-03   8.0369228E-04
   1.5394442E+03   1.1970000E+03   1.1780000E+03   7.0568269E-04   2.4146310E-03
   1.5394518E+03   1.1010000E+03   1.0890000E+03   6.5866417E-03   6.7344401E-03
   1.5394593E+03   1.1410000E+03   1.1300000E+03   3.3809280E-03   4.4292530E-03
   1.5394668E+03   1.1660000E+03   1.1530000E+03   9.1682183E-03   8.4668207E-03
   1.5394743E+03   1.2200000E+03   1.2020000E+03   5.2749872E-03   3.8572937E-03
   1.5394819E+03   1.1880000E+03   1.1780000E+03   2.5468396E-03   2.2243471E-03
   1.5394894E+03   1.1480000E+03   1.1330000E+03   6.6548857E-03   7.9412500E-03
   1.5394969E+03   1.1710000E+03   1.1550000E+03   5.2926198E-03   4.1880634E-03
   1.5395045E+03   1.1980000E+03   1.1870000E+03   3.9982553E-03   3.9531113E-03
   1.5395120E+03   1.1940000E+03   1.1770000E+03   5.5775423E-04   1.0548812E-03
   1.5395195E+03   1.2270000E+03   1.2120000E+03   6.2293307E-03   6.8695637E-03
   1.5395270E+03   1.1640000E+03   1.1560000E+03   2.6746008E-03   2.5570516E-03
   1.5395346E+03   1.1660000E+03   1.1520000E+03   6.2939281E-04   9.4856716E-04
   1.5395421E+03   1.1910000E+03   1.1770000E+03   5.2423987E-03   5.2489773E-03
   1.5395496E+03   1.1910000E+03   1.1750000E+03   1.0462565E-03   1.5324889E-03
   1.5395572E+03   1.1810000E+03   1.1680000E+03   6.6295409E-03   6.8280380E-03
   1.5395647E+03   1.1800000E+03   1.1680000E+03   4.8616909E-03   4.0646651E-03
   1.5395722E+03   1.1950000E+03   1.1850000E+03   5.0896630E-03   5.2803831E-03
   1.5395797E+03   1.1600000E+03   1.1460000E+03   4.5948765E-03   3.2720700E-03
   1.5395873E+03   1.1530000E+03   1.1440000E+03   8.7893258E-03   8.7108021E-03
   1.5395948E+03   1.1990000E+03   1.1910000E+03   2.8892322E-03   2.7086390E-03
   1.5396023E+03   1.1780000E+03   1.1630000E+03   4.9922415E-03   4.6417107E-03
   1.5396099E+03   1.1640000E+03   1.1470000E+03   4.9872468E-03   4.5729757E-03
   1.5396174E+03   1.2610000E+03   1.2490000E+03   6.3997774E-03   5.3232198E-03
   1.5396249E+03   1.1690000E+03   1.1570000E+03   4.0634774E-03   3.1206579E-03
   1.5396324E+03   1.1680000E+03   1.1550000E+03   3.5079849E-03   3.6788029E-03
   1.5396400E+03   1.1700000E+03   1.1560000E+03   4.1517161E-03   3.6422927E-03
   1.5396475E+03   1.1730000E+03   1.1560000E+03   1.0590244E-02   1.0013020E-02
   1.5396550E+03   1.1960000E+03   1.1840000E+03   5.0460299E-03   4.8642160E-03
   1.5396626E+03   1.1930000E+03   1.1800000E+03   3.8810490E-03   4.7408490E-03
   1.5396701E+03   1.2420000E+03   1.2290000E+03   4.3849862E-03   3.9487488E-03
   1.5396776E+03   1.1120000E+03   1.0920000E+03   6.3548162E-04   6.9974812E-04
   1.5396851E+03   1.1380000E+03   1.1230000E+03   3.7048915E-03   4.0151660E-03
   1.5396927E+03   1.2180000E+03   1.2080000E+03   1.8624661E-03   2.2516823E-03
   1.5397002E+03   1.2180000E+03   1.2040000E+03   3.8043458E-03   2.7875342E-03
   1.5397077E+03   1.1880000E+03   1.1770000E+03   2.3781648E-03   3.1771557E-03
   1.5397153E+03   1.1670000E+03   1.1550000E+03   6.0511233E-03   6.5541353E-03
   1.5397228E+03   1.1520000E+03   1.1410000E+03   7.0826853E-03   7.4269433E-03
   1.5397303E+03   1.1950000E+03   1.1810000E+03   5.6068416E-03   4.2897752E-03
   1.5397378E+03   1.1700000E+03   1.1530000E+03   2.6134716E-03   2.4238810E-03
   1.5397454E+03   1.1460000E+03   1.1310000E+03   4.3338845E-03   4.0490914E-03
   1.5397529E+03   1.1940000E+03   1.1780000E+03   4.1466052E-03   5.3740129E-03
   1.5397604E+03   1.1150000E+03   1.1040000E+03   3.1003603E-03   3.0414183E-03
   1.5397679E+03   1.1450000E+03   1.1300000E+03   3.4166441E-03   2.2934340E-03
   1.5397755E+03   1.1920000E+03   1.1780000E+03   2.1894469E-03   2.8155378E-03
   1.5397830E+03   1.1290000E+03   1.1140000E+03   1.7052841E-03   2.0687099E-03
   1.5397905E+03   1.1060000E+03   1.0890000E+03   3.5804612E-03   3.7346584E-03
   1.5397981E+03   1.1540000E+03   1.1340000E+03   2.8583324E-03   2.5804413E-03
   1.5398056E+03   1.1840000E+03   1.1730000E+03   2.8576367E-03   1.8000637E-03
   1.5398131E+03   1.1690000E+03   1.1550000E+03   4.7136777E-03   4.5884345E-03
   1.5398206E+03   1.2000000E+03   1.1830000E+03   3.2708379E-03   3.8530179E-03
   1.5398282E+03   1.2030000E+03   1.1920000E+03   1.4395006E-03   1.8664496E-03
   1.5398357E+03   1.1680000E+03   1.1540000E+03   3.2780403E-03   3.7728361E-03
   1.5398432E+03   1.1760000E+03   1.1590000E+03   2.3500826E-03   3.3935434E-03
   1.5398508E+03   1.1190000E+03   1.1000000E+03   6.5327097E-03   7.0988270E-03
   1.5398583E+03   1.1020000E+03   1.0910000E+03   2.0057746E-03   2.5412450E-03
   1.5398658E+03   1.1130000E+03   1.0990000E+03   3.5775282E-03   4.4432235E-03
   1.5398733E+03   1.2300000E+03   1.2180000E+03   5.9554497E-03   5.2222402E-03
   1.5398809E+03   1.1600000E+03   1.1370000E+03   2.8857008E-03   1.7132670E-03
   1.5398884E+03   1.0890000E+03   1.0780000E+03   4.3418640E-03   4.8206026E-03
   1.5398959E+03   1.1430000E+03   1.1250000E+03   2.9506640E-03   1.6490298E-03
   1.5399035E+03   1.1400000E+03   1.1260000E+03   4.4992411E-03   3.7471386E-03
   1.5399110E+03   1.1630000E+03   1.1480000E+03   1.6724426E-03   1.5405568E-03
   1.5399185E+03   1.1390000E+03   1.1300000E+03   5.1474777E-03   3.8649376E-03
   1.5399260E+03   1.1420000E+03   1.1280000E+03   3.6182889E-03   4.3690147E-03
   1.5399336E+03   1.1180000E+03   1.1060000E+03   3.1798124E-03   2.8703045E-03
   1.5399411E+03   1.1820000E+03   1.1580000E+03   4.9953526E-03   4.1978717E-03
   1.5399486E+03   1.0980000E+03   1.0820000E+03   3.1261621E-03   4.1133954E-03
   1.5399562E+03   1.1320000E+03   1.1230000E+03   4.2764760E-03   3.9825273E-03
   1.5399637E+03   1.1260000E+03   1.1060000E+03   4.1917900E-03   5.2084027E-03
   1.5399712E+03   1.1050000E+03   1.0910000E+03   8.0786042E-04   1.0689237E-03
   1.5399787E+03   1.0880000E+03   1.0770000E+03   4.2138561E-03   3.7869517E-03
   1.5399863E+03   1.1660000E+03   1.1470000E+03   6.8282523E-03   7.6741286E-03
   1.5399938E+03   1.1410000E+03   1.1250000E+03   6.9252396E-03   7.0598960E-03
   1.5400013E+03   1.1650000E+03   1.1510000E+03   7.7626008E-03   7.3872793E-03
   1.5400089E+03   1.1560000E+03   1.1310000E+03   4.5436730E-03   4.9232370E-03
   1.5400164E+03   1.1670000E+03   1.1490000E+03   4.4748877E-03   4.8019677E-03
   1.5400239E+03   1.1060000E+03   1.0890000E+03   2.0173147E-03   2.9471194E-03
   1.5400314E+03   1.1730000E+03   1.1550000E+03   7.2660746E-04   4.5888076E-04
   1.5400390E+03   1.1530000E+03   1.1390000E+03   8.3504220E-03   8.1873481E-03
   1.5400465E+03   1.0750000E+03   1.0580000E+03   7.2698266E-03   7.3292019E-03
   1.5400540E+03   1.1510000E+03   1.1400000E+03   3.4766743E-03   2.9590256E-03
   1.5400616E+03   1.1050000E+03   1.0930000E+03   6.0731877E-03   6.6287394E-03
   1.5400691E+03   1.1140000E+03   1.1000000E+03   2.0094759E-03   1.3669244E-03
   1.5400766E+03   1.1460000E+03   1.1270000E+03   3.6139850E-03   4.2489295E-03
   1.5400841E+03   1.0610000E+03   1.0480000E+03   3.8300862E-03   3.0121527E-03
   1.5400917E+03   1.1010000E+03   1.0830000E+03   7.5808646E-04   6.3289428E-04
   1.5400992E+03   1.1320000E+03   1.1180000E+03   4.3945482E-03   5.2177801E-03
   1.5401067E+03   1.1000000E+03   1.0830000E+03   3.6050941E-03   3.2417127E-03
   1.5401143E+03   1.1270000E+03   1.1050000E+03   4.4751480E-03   3.2709609E-03
   1.5401218E+03   1.1900000E+03   1.1740000E+03   8.8627842E-03   6.7472046E-03
   1.5401293E+03   1.1050000E+03   1.0930000E+03   3.7611104E-03   3.5912892E-03
   1.5401368E+03   1.1450000E+03   1.1280000E+03   3.3691583E-03   4.4136879E-03
   1.5401444E+03   1.1410000E+03   1.1270000E+03   2.9073922E-03   2.6301051E-03
   1.5401519E+03   1.0950000E+03   1.0910000E+03   3.6129420E-03   4.3173082E-03
   1.5401594E+03   1.1410000E+03   1.1210000E+03   2.5350616E-03   3.1619920E-03
   1.5401670E+03   1.1130000E+03   1.0970000E+03   5.9823331E-03   5.5199655E-03
   1.5401745E+03   1.1700000E+03   1.1590000E+03   3.7153099E-03   3.1881648E-03
   1.5401820E+03   1.1330000E+03   1.1160000E+03   4.6279405E-03   4.4731535E-03
   1.5401895E+03   1.1490000E+03   1.1340000E+03   5.8649781E-03   6.2663265E-03
   1.5401971E+03   1.1380000E+03   1.1220000E+03   1.2138167E-03   2.3280172E-03
   1.5402046E+03   1.1440000E+03   1.1260000E+03   1.3687350E-03   8.8200259E-04
   1.5402121E+03   1.1700000E+03   1.1550000E+03   5.2031550E-04   1.3502395E-03
   1.5402197E+03   1.0750000E+03   1.0590000E+03   2.9607060E-03   3.0938217E-03
   1.5402272E+03   1.0800000E+03   1.0700000E+03   6.8185526E-04   4.1152329E-04
   1.5402347E+03   1.1730000E+03   1.1490000E+03   5.8442287E-03   5.3871157E-03
   1.5402422E+03   1.1500000E+03   1.1270000E+03   4.5700285E-03   4.4226375E-03
   1.5402498E+03   1.1490000E+03   1.1310000E+03   6.2853009E-03   5.6329872E-03
   1.5402573E+03   1.1310000E+03   1.1140000E+03   3.7952983E-03   4.1156476E-03
   1.5402648E+03   1.1350000E+03   1.1190000E+03   4.9421389E-03   4.7556675E-03
   1.5402723E+03   1.1260000E+03   1.1100000E+03   6.6812234E-03   6.6729477E-03
   1.5402799E+03   1.0820000E+03   1.0670000E+03   6.2978175E-03   5.2289026E-03
   1.5402874E+03   1.1350000E+03   1.1200000E+03   1.2699770E-03   2.4389436E-03
   1.5402949E+03   1.1010000E+03   1.0830000E+03   4.3282265E-03   3.8341925E-03
   1.5403025E+03   1.1020000E+03   1.0910000E+03   8.0993273E-03   7.4667818E-03
   1.5403100E+03   1.1090000E+03   1.0920000E+03   9.8860192E-03   1.1103016E-02
   1.5403175E+03   1.0580000E+03   1.0420000E+03   2.3939547E-03   3.2107873E-03
   1.5403250E+03   1.1130000E+03   1.0990000E+03   4.4807655E-03   3.9998793E-03
   1.5403326E+03   1.1450000E+03   1.1300000E+03   6.9997741E-03   6.3978394E-03
   1.5403401E+03   1.1720000E+03   1.1500000E+03   1.7034228E-03   1.5964790E-03
   1.5403476E+03   1.0950000E+03   1.0830000E+03   2.9163709E-03   3.0202973E-03
   1.5403552E+03   1.1130000E+03   1.0940000E+03   2.6135892E-03   2.5435519E-03
   1.5403627E+03   1.1470000E+03   1.1310000E+03   3.3691118E-03   3.9095608E-03
   1.5403702E+03   1.0800000E+03   1.0710000E+03   1.6041819E-03   2.2183357E-03
   1.5403777E+03   1.1270000E+03   1.1150000E+03   7.3139270E-03   7.4117786E-03
   1.5403853E+03   1.2160000E+03   1.2030000E+03   6.2120056E-04   1.3806743E-03
   1.5403928E+03   1.1020000E+03   1.0920000E+03   5.4206383E-03   5.4505187E-03
   1.5404003E+03   1.1450000E+03   1.1370000E+03   4.1575534E-03   3.7590835E-03
   1.5404079E+03   1.1460000E+03   1.1340000E+03   4.0387723E-03   4.2244870E-03
   1.5404154E+03   1.1180000E+03   1.1090000E+03   9.3491444E-04   1.5382125E-03
   1.5404229E+03   1.0820000E+03   1.0730000E+03   7.2453069E-03   7.4072491E-03
   1.5404304E+03   1.1010000E+03   1.0930000E+03   4.5492602E-03   4.4542518E-03
   1.5404380E+03   1.0660000E+03   1.0530000E+03   9.3373849E-03   8.3524356E-03
   1.5404455E+03   1.1470000E+03   1.1330000E+03   8.2177650E-03   7.9667626E-03
   1.5404530E+03   1.0890000E+03   1.0710000E+03   6.1052231E-03   5.6380110E-03
   1.5404606E+03   1.1050000E+03   1.0950000E+03   9.2170356E-03   9.1638564E-03
   1.5404681E+03   1.0970000E+03   1.0890000E+03   8.3845212E-03   8.0934688E-03
   1.5404756E+03   1.1360000E+03   1.1230000E+03   6.6524705E-03   6.4835952E-03
   1.5404831E+03   1.0470000E+03   1.0390000E+03   3.2045566E-03   3.2695647E-03
   1.5404907E+03   1.0950000E+03   1.0820000E+03   7.1715592E-03   6.6133738E-03
   1.5404982E+03   1.1110000E+03   1.0960000E+03   8.2400513E-03   8.1733083E-03
   1.5405057E+03   1.1310000E+03   1.1200000E+03   3.9618209E-03   3.9238858E-03
   1.5405133E+03   1.1140000E+03   1.1110000E+03   9.8814256E-03   9.8454931E-03
   1.5405208E+03   1.1220000E+03   1.1130000E+03   1.7749371E-03   1.4676481E-03
   1.5405283E+03   1.1290000E+03   1.1180000E+03   6.2980371E-03   6.9958997E-03
   1.5405358E+03   1.0740000E+03   1.0680000E+03   9.3349570E-03   9.3205428E-03
   1.5405434E+03   1.0420000E+03   1.0310000E+03   5.8633308E-03   5.1093527E-03
   1.5405509E+03   1.0820000E+03   1.0730000E+03   8.3652455E-04   9.0253429E-04
   1.5405584E+03   1.1080000E+03   1.1050000E+03   3.3610534E-03   3.3701830E-03
   1.5405660E+03   1.0670000E+03   1.0630000E+03   9.9527781E-03   9.9675418E-03
   1.5405735E+03   1.0920000E+03   1.0840000E+03   9.5589078E-03   9.6843599E-03
   1.5405810E+03   1.1040000E+03   1.0970000E+03   5.0024963E-03   4.6135516E-03
   1.5405885E+03   1.0670000E+03   1.0580000E+03   1.1665111E-02   1.1515732E-02
   1.5405961E+03   1.0710000E+03   1.0620000E+03   4.6594703E-03   4.5963215E-03
   1.5406036E+03   1.0910000E+03   1.0810000E+03   5.6634739E-03   5.8297264E-03
   1.5406111E+03   1.1020000E+03   1.0930000E+03   7.9681037E-03   7.9171502E-03
   1.5406187E+03   1.0610000E+03   1.0560000E+03   5.7413350E-03   6.2315252E-03
   1.5406262E+03   1.1040000E+03   1.0960000E+03   7.5377441E-03   7.5925662E-03
   1.5406337E+03   1.0750000E+03   1.0620000E+03   2.5712770E-03   2.6144469E-03
   1.5406412E+03   1.0270000E+03   1.0210000E+03   9.8014282E-03   1.0044463E-02
   1.5406488E+03   1.0610000E+03   1.0520000E+03   7.8376573E-03   7.2801550E-03
   1.5406563E+03   1.0900000E+03   1.0780000E+03   7.9899264E-03   7.4623630E-03
   1.5406638E+03   1.0450000E+03   1.0380000E+03   6.6250413E-03   6.2942429E-03
   1.5406713E+03   1.1190000E+03   1.1070000E+03   9.8226029E-03   9.5283735E-03
   1.5406789E+03   1.1300000E+03   1.1250000E+03   2.6703856E-03   2.6700779E-03
   1.5406864E+03   1.0250000E+03   1.0220000E+03   6.3532383E-03   6.5031008E-03
   1.5406939E+03   1.0600000E+03   1.0540000E+03   6.0569567E-03   5.6184614E-03
   1.5407015E+03   1.0250000E+03   1.0190000E+03   1.1570492E-02   1.1595026E-02
   1.5407090E+03   1.1300000E+03   1.1200000E+03   2.6183632E-03   2.6899577E-03
   1.5407165E+03   1.0480000E+03   1.0360000E+03   2.3031745E-03   2.2235642E-03
   1.5407240E+03   1.1200000E+03   1.1110000E+03   2.8970689E-03   2.8075367E-03
   1.5407316E+03   1.0830000E+03   1.0790000E+03   6.8383159E-03   6.8636719E-03
   1.5407391E+03   1.0440000E+03   1.0400000E+03   5.9945033E-03   6.0791803E-03
   1.5407466E+03   1.0480000E+03   1.0360000E+03   3.2828456E-03   3.2906240E-03
   1.5407542E+03   1.0370000E+03   1.0260000E+03   8.4263202E-03   8.4701521E-03
   1.5407617E+03   1.0490000E+03   1.0420000E+03   3.3587575E-04   6.5574210E-04
   1.5407692E+03   1.0810000E+03   1.0690000E+03   5.2490778E-03   5.2049991E-03
   1.5407767E+03   1.0750000E+03   1.0660000E+03   1.0857287E-02   1.1308950E-02
   1.5407843E+03   1.0330000E+03   1.0230000E+03   5.0568641E-03   4.7982677E-03
   1.5407918E+03   1.0940000E+03   1.0860000E+03   4.7172243E-03   4.8962549E-03
   1.5407993E+03   1.0070000E+03   1.0010000E+03   1.5079136E-03   1.5176517E-03
   1.5408069E+03   1.0580000E+03   1.0520000E+03   4.5530455E-03   4.2738599E-03
   1.5408144E+03   1.0840000E+03   1.0790000E+03   6.7484623E-03   6.8054839E-03
   1.5408219E+03   1.0510000E+03   1.0450000E+03   9.8057409E-04   1.4436594E-03
   1.5408294E+03   1.0180000E+03   1.0080000E+03   2.0841565E-03   2.5749544E-03
   1.5408370E+03   1.0380000E+03   1.0310000E+03   4.7534555E-03   5.0697413E-03
   1.5408445E+03   1.0920000E+03   1.0840000E+03   1.1193274E-03   7.3541670E-04
   1.5408520E+03   1.0150000E+03   1.0100000E+03   5.3404272E-03   5.3668766E-03
   1.5408596E+03   1.0230000E+03   1.0120000E+03   2.4394744E-03   1.8951311E-03
   1.5408671E+03   1.1010000E+03   1.0910000E+03   2.5705975E-03   2.5503182E-03
   1.5408746E+03   1.0470000E+03   1.0390000E+03   3.2443967E-03   3.5664075E-03
   1.5408821E+03   1.0610000E+03   1.0510000E+03   4.5877667E-03   4.2809134E-03
   1.5408897E+03   1.0300000E+03   1.0240000E+03   1.0513649E-02   1.0584913E-02
   1.5408972E+03   1.0550000E+03   1.0450000E+03   1.5122548E-03   1.5267688E-03
   1.5409047E+03   1.0670000E+03   1.0570000E+03   6.3653984E-03   6.1354301E-03
   1.5409123E+03   1.0670000E+03   1.0600000E+03   1.2320271E-03   1.4323743E-03
   1.5409198E+03   1.0680000E+03   1.0590000E+03   7.0107737E-03   6.8424045E-03
   1.5409273E+03   1.0470000E+03   1.0370000E+03   8.4415083E-03   8.0521273E-03
   1.5409348E+03   1.0150000E+03   1.0030000E+03   5.2432164E-03   4.7112245E-03
   1.5409424E+03   1.0470000E+03   1.0360000E+03   3.8065246E-03   3.9080366E-03
   1.5409499E+03   1.0130000E+03   1.0060000E+03   3.7016211E-03   3.4774794E-03
   1.5409574E+03   1.0060000E+03   1.0010000E+03   1.2774335E-02   1.2838103E-02
   1.5409650E+03   9.9400000E+02   9.9000000E+02   1.0143731E-03   1.0183307E-03
   1.5409725E+03   1.0010000E+03   9.9200000E+02   8.3541503E-03   8.4662312E-03
   1.5409800E+03   1.0180000E+03   1.0110000E+03   9.8084694E-03   9.8764060E-03
   1.5409875E+03   1.0580000E+03   1.0500000E+03   8.7735958E-03   8.8403832E-03
   1.5409951E+03   1.0390000E+03   1.0310000E+03   5.7935448E-03   5.7310377E-03
   1.5410026E+03   1.1140000E+03   1.1040000E+03   5.2812119E-03   5.3290285E-03
   1.5410101E+03   1.0220000E+03   1.0200000E+03   3.2351965E-03   3.2415399E-03
   1.5410177E+03   1.0050000E+03   9.8800000E+02   4.8546989E-03   5.2686309E-03
   1.5410252E+03   9.8600000E+02   9.7400000E+02   4.0279607E-03   4.0775717E-03
   1.5410327E+03   9.8700000E+02   9.7600000E+02   2.7288707E-03   2.5033563E-03
   1.5410402E+03   1.0880000E+03   1.0760000E+03   4.4298477E-03   4.4712714E-03
   1.5410478E+03   1.0050000E+03   1.0000000E+03   3.0810112E-03   3.0963419E-03
   1.5410553E+03   1.0150000E+03   1.0070000E+03   9.5428179E-03   9.5497401E-03
   1.5410628E+03   9.8100000E+02   9.7500000E+02   5.8975973E-03   5.9343956E-03
   1.5410704E+03   1.0480000E+03   1.0390000E+03   1.7349125E-03   1.7499377E-03
   1.5410779E+03   1.0220000E+03   1.0140000E+03   1.0639945E-02   1.0723932E-02
   1.5410854E+03   9.9600000E+02   9.8800000E+02   6.6523131E-03   7.0813371E-03
   1.5410929E+03   9.6900000E+02   9.5600000E+02   3.6658295E-03   3.5176926E-03
   1.5411005E+03   1.0110000E+03   1.0040000E+03   6.7791700E-03   6.9645617E-03
   1.5411080E+03   1.0610000E+03   1.0500000E+03   3.7353776E-03   3.4556487E-03
   1.5411155E+03   1.0200000E+03   1.0020000E+03   1.7818173E-03   1.5594321E-03
   1.5411230E+03   1.0590000E+03   1.0500000E+03   1.6318200E-03   1.3587317E-03
   1.5411306E+03   1.0670000E+03   1.0560000E+03   3.2108407E-03   3.2626275E-03
   1.5411381E+03   9.5900000E+02   9.5100000E+02   5.5316634E-03   5.6131066E-03
   1.5411456E+03   9.7300000E+02   9.6100000E+02   3.4226228E-03   3.8826275E-03
   1.5411532E+03   9.9600000E+02   9.8400000E+02   1.7819185E-03   1.8096861E-03
   1.5411607E+03   1.0380000E+03   1.0220000E+03   3.7108405E-03   4.3421893E-03
   1.5411682E+03   1.0280000E+03   1.0200000E+03   9.5101218E-03   9.6518463E-03
   1.5411757E+03   9.9200000E+02   9.7900000E+02   4.9587971E-03   5.0246433E-03
   1.5411833E+03   1.0140000E+03   1.0040000E+03   6.7471776E-03   6.8143772E-03
   1.5411908E+03   1.0490000E+03   1.0420000E+03   9.4884039E-03   9.5520490E-03
   1.5411983E+03   9.8400000E+02   9.7500000E+02   7.7507757E-03   7.8940862E-03
   1.5412059E+03   9.8200000E+02   9.7000000E+02   1.3963813E-02   1.3708264E-02
   1.5412134E+03   1.0240000E+03   1.0150000E+03   1.6138533E-03   1.5428667E-03
   1.5412209E+03   9.6600000E+02   9.5200000E+02   7.8282803E-03   7.9428536E-03
   1.5412284E+03   9.2400000E+02   9.1100000E+02   4.3888878E-03   4.2061783E-03
   1.5412360E+03   1.0190000E+03   1.0060000E+03   5.6881242E-03   5.7617727E-03
   1.5412435E+03   9.7200000E+02   9.5800000E+02   4.4906759E-03   3.9668143E-03
   1.5412510E+03   1.0370000E+03   1.0190000E+03   1.6242923E-03   1.8165686E-03
   1.5412586E+03   9.6100000E+02   9.5500000E+02   6.5153174E-03   7.0383962E-03
   1.5412661E+03   9.6500000E+02   9.5700000E+02   7.4373756E-03   7.4995846E-03
   1.5412736E+03   1.0130000E+03   1.0050000E+03   2.0104722E-03   2.0265310E-03
   1.5412811E+03   9.6800000E+02   9.5900000E+02   6.9465096E-03   7.0991718E-03
   1.5412887E+03   9.6900000E+02   9.6300000E+02   9.3098874E-03   9.3678924E-03
   1.5412962E+03   9.7600000E+02   9.6800000E+02   8.6773335E-03   8.7490213E-03
   1.5413037E+03   9.9400000E+02   9.8500000E+02   7.0416285E-03   6.9431496E-03
   1.5413113E+03   1.0010000E+03   9.9400000E+02   7.9271258E-03   7.9829323E-03
   1.5413188E+03   1.0040000E+03   9.9000000E+02   3.5393128E-03   3.7021280E-03
   1.5413263E+03   9.9600000E+02   9.8100000E+02   9.6450131E-03   9.9293613E-03
   1.5413338E+03   1.0110000E+03   1.0070000E+03   8.2401978E-03   8.2729272E-03
   1.5413414E+03   9.4800000E+02   9.4100000E+02   5.0748750E-03   5.2513700E-03
   1.5413489E+03   1.0300000E+03   1.0200000E+03   2.0071636E-03   2.1632316E-03
   1.5413564E+03   1.0000000E+03   9.8200000E+02   5.5760136E-03   5.6126887E-03
   1.5413640E+03   9.5900000E+02   9.4600000E+02   3.2095822E-03   3.2525506E-03
   1.5413715E+03   9.6100000E+02   9.5000000E+02   2.0886121E-03   2.5940062E-03
   1.5413790E+03   9.8000000E+02   9.6300000E+02   9.9790654E-03   1.0517623E-02
   1.5413865E+03   1.0230000E+03   1.0150000E+03   9.6038251E-04   1.4716581E-03
   1.5413941E+03   1.0050000E+03   9.9800000E+02   2.8471655E-03   2.8671341E-03
   1.5414016E+03   1.0680000E+03   1.0590000E+03   5.2526486E-03   5.2539499E-03
   1.5414091E+03   9.7400000E+02   9.6300000E+02   1.3350788E-02   1.3474100E-02
   1.5414167E+03   9.8200000E+02   9.7200000E+02   9.3288313E-03   9.4247928E-03
   1.5414242E+03   1.0290000E+03   1.0210000E+03   8.1067296E-03   8.1702028E-03
   1.5414317E+03   9.6800000E+02   9.4900000E+02   9.0345832E-03   8.8127356E-03
   1.5414392E+03   1.0220000E+03   1.0070000E+03   7.5760564E-03   7.6889614E-03
   1.5414468E+03   9.9900000E+02   9.8300000E+02   7.1631636E-03   7.2800013E-03
   1.5414543E+03   9.6900000E+02   9.5600000E+02   2.9962269E-03   2.9489598E-03
   1.5414618E+03   9.6000000E+02   9.5200000E+02   8.4422619E-03   8.3738160E-03
   1.5414694E+03   9.9500000E+02   9.8300000E+02   8.4602701E-03   8.7840924E-03
   1.5414769E+03   9.7400000E+02   9.5900000E+02   6.8666257E-03   6.8865708E-03
   1.5414844E+03   9.7200000E+02   9.5100000E+02   3.1922031E-03   3.3573956E-03
   1.5414919E+03   9.9400000E+02   9.7900000E+02   8.0027017E-03   8.1252577E-03
   1.5414995E+03   1.0020000E+03   9.9000000E+02   4.5717784E-03   4.6273213E-03
   1.5415070E+03   1.0210000E+03   1.0070000E+03   4.3175696E-03   4.3548443E-03
   1.5415145E+03   1.0090000E+03   1.0000000E+03   4.8798814E-03   4.7047480E-03
   1.5415221E+03   1.0230000E+03   1.0050000E+03   2.0825200E-03   1.7086295E-03
   1.5415296E+03   9.9700000E+02   9.8700000E+02   8.2591002E-03   8.3427796E-03
   1.5415371E+03   9.7700000E+02   9.6500000E+02   4.6278992E-03   4.6854922E-03
   1.5415446E+03   9.7800000E+02   9.6600000E+02   9.3670309E-03   9.4742161E-03
   1.5415522E+03   9.4000000E+02   9.3200000E+02   1.8771279E-03   1.8930242E-03
   1.5415597E+03   9.9200000E+02   9.8300000E+02   1.1446750E-02   1.1462746E-02
   1.5415672E+03   1.0090000E+03   9.9800000E+02   5.9355710E-03   6.0009914E-03
   1.5415747E+03   9.6500000E+02   9.5700000E+02   5.2816154E-03   5.3256980E-03
   1.5415823E+03   9.9200000E+02   9.8100000E+02   3.2118977E-03   3.2480187E-03
   1.5415898E+03   9.9800000E+02   9.8600000E+02   5.3071767E-03   5.4686789E-03
   1.5415973E+03   1.0070000E+03   9.9700000E+02   5.9059279E-03   6.1950363E-03
   1.5416049E+03   1.0110000E+03   9.9100000E+02   1.2280063E-02   1.2127565E-02
   1.5416124E+03   9.8200000E+02   9.7100000E+02   2.7207726E-03   2.6472735E-03
   1.5416199E+03   9.7700000E+02   9.6300000E+02   1.9913785E-03   1.7508458E-03
   1.5416274E+03   9.9800000E+02   9.8100000E+02   4.0116076E-03   3.8847621E-03
   1.5416350E+03   1.0020000E+03   9.9200000E+02   6.9785519E-03   6.8567055E-03
   1.5416425E+03   9.6600000E+02   9.5400000E+02   5.9022044E-03   5.9218101E-03
   1.5416500E+03   9.7200000E+02   9.6100000E+02   6.2865540E-03   6.3585093E-03
   1.5416576E+03   9.7000000E+02   9.5200000E+02   1.7949652E-03   1.5018069E-03
   1.5416651E+03   9.6300000E+02   9.5000000E+02   4.1206167E-03   4.2639371E-03
   1.5416726E+03   9.8300000E+02   9.7100000E+02   8.0923137E-03   8.1917694E-03
   1.5416801E+03   1.0380000E+03   1.0180000E+03   7.5000946E-03   8.0890475E-03
   1.5416877E+03   1.0240000E+03   1.0090000E+03   5.9913045E-03   5.7966910E-03
   1.5416952E+03   1.0160000E+03   1.0020000E+03   5.6730758E-03   5.6625561E-03
   1.5417027E+03   9.8700000E+02   9.7300000E+02   7.6154016E-03   7.6312206E-03
   1.5417103E+03   9.6000000E+02   9.5000000E+02   1.9379730E-03   2.5042412E-03
   1.5417178E+03   9.5600000E+02   9.4400000E+02   6.4915065E-03   6.1563775E-03
   1.5417253E+03   9.6300000E+02   9.5400000E+02   1.1565026E-02   1.1720580E-02
   1.5417328E+03   9.6000000E+02   9.4100000E+02   5.1019900E-03   4.8053148E-03
   1.5417404E+03   9.8200000E+02   9.7000000E+02   5.1961448E-03   5.6491934E-03
   1.5417479E+03   1.0110000E+03   9.9400000E+02   5.1216225E-03   4.9429991E-03
   1.5417554E+03   9.8000000E+02   9.6800000E+02   6.9339208E-03   6.8707646E-03
   1.5417630E+03   1.0100000E+03   9.9700000E+02   4.4976838E-03   4.9718787E-03
   1.5417705E+03   1.0100000E+03   1.0000000E+03   6.2546488E-04   6.3175824E-04
   1.5417780E+03   9.5900000E+02   9.4600000E+02   2.3120247E-03   2.7971305E-03
   1.5417855E+03   9.8500000E+02   9.7600000E+02   7.5807916E-03   7.7668445E-03
   1.5417931E+03   9.5300000E+02   9.4100000E+02   2.3080133E-03   2.3103456E-03
   1.5418006E+03   9.5700000E+02   9.4300000E+02   9.4046587E-03   9.7486337E-03
   1.5418081E+03   1.0200000E+03   1.0100000E+03   5.7349617E-03   5.7917652E-03
   1.5418157E+03   9.5100000E+02   9.4100000E+02   3.4901608E-03   3.5272324E-03
   1.5418232E+03   1.0070000E+03   9.9200000E+02   6.3314405E-03   6.3609841E-03
   1.5418307E+03   1.0500000E+03   1.0320000E+03   1.1545881E-03   1.1747943E-03
   1.5418382E+03   1.0010000E+03   9.8500000E+02   9.8474538E-03   1.0108793E-02
   1.5418458E+03   9.5800000E+02   9.4000000E+02   3.8247582E-03   4.0386611E-03
   1.5418533E+03   9.7200000E+02   9.5500000E+02   8.0411015E-03   8.2043623E-03
   1.5418608E+03   1.0210000E+03   1.0060000E+03   6.7123331E-03   7.4212202E-03
   1.5418684E+03   9.6900000E+02   9.5600000E+02   7.8803925E-03   7.8654349E-03
   1.5418759E+03   9.5800000E+02   9.4100000E+02   2.8583842E-03   2.9096420E-03
   1.5418834E+03   9.6700000E+02   9.5100000E+02   6.6069377E-03   6.7178488E-03
   1.5418909E+03   1.0320000E+03   1.0130000E+03   2.2181745E-03   2.2598041E-03
   1.5418985E+03   9.9300000E+02   9.8000000E+02   5.2249608E-03   5.2942665E-03
   1.5419060E+03   9.9700000E+02   9.8400000E+02   8.1318173E-03   8.2392058E-03
   1.5419135E+03   9.6000000E+02   9.4500000E+02   4.0593267E-03   4.2627056E-03
   1.5419211E+03   9.4100000E+02   9.2100000E+02   8.9221197E-03   9.0821287E-03
   1.5419286E+03   9.4400000E+02   9.3200000E+02   3.4563806E-03   3.5008274E-03
   1.5419361E+03   9.7000000E+02   9.5500000E+02   2.3359468E-03   2.9225657E-03
   1.5419436E+03   1.0160000E+03   1.0010000E+03   9.2112235E-03   9.2473929E-03
   1.5419512E+03   1.0090000E+03   9.9700000E+02   5.4661439E-03   5.5634714E-03
   1.5419587E+03   1.0240000E+03   1.0060000E+03   5.8363464E-03   5.8926140E-03
   1.5419662E+03   9.7700000E+02   9.5900000E+02   8.8935243E-03   8.6879817E-03
   1.5419738E+03   9.7300000E+02   9.5300000E+02   4.7329196E-03   4.8326709E-03
   1.5419813E+03   9.7000000E+02   9.5400000E+02   6.8245516E-03   6.9389706E-03
   1.5419888E+03   1.0190000E+03   9.9800000E+02   7.3287051E-03   8.0336405E-03
   1.5419963E+03   9.8700000E+02   9.7400000E+02   6.4651840E-03   6.5514154E-03
   1.5420039E+03   1.0320000E+03   1.0160000E+03   2.5712777E-03   2.6117174E-03
   1.5420114E+03   1.0260000E+03   1.0060000E+03   2.7430245E-03   2.7975280E-03
   1.5420189E+03   1.0010000E+03   9.7700000E+02   8.7119530E-03   8.6322903E-03
   1.5420264E+03   1.0070000E+03   9.8700000E+02   5.2353918E-03   5.4851386E-03
   1.5420340E+03   1.0620000E+03   1.0480000E+03   3.3503382E-03   3.3955223E-03
   1.5420415E+03   9.8800000E+02   9.7700000E+02   5.1061386E-03   4.9103461E-03
   1.5420490E+03   9.5600000E+02   9.3600000E+02   6.6973104E-03   6.8404207E-03
   1.5420566E+03   9.7700000E+02   9.6300000E+02   3.2276377E-03   3.2745803E-03
   1.5420641E+03   9.6000000E+02   9.4900000E+02   2.7413789E-03   2.4456791E-03
   1.5420716E+03   9.5200000E+02   9.4000000E+02   7.7892677E-03   8.4626703E-03
   1.5420791E+03   1.0070000E+03   9.9000000E+02   4.8931167E-03   4.9771766E-03
   1.5420867E+03   9.9300000E+02   9.7500000E+02   1.5856106E-03   1.5469803E-03
   1.5420942E+03   1.0100000E+03   9.9500000E+02   5.3815552E-03   5.4626741E-03
   1.5421017E+03   9.9200000E+02   9.8000000E+02   5.6600407E-03   6.0397739E-03
   1.5421093E+03   9.7900000E+02   9.6200000E+02   2.8690777E-04   2.5862752E-04
   1.5421168E+03   9.4800000E+02   9.3400000E+02   2.3674760E-03   2.5853682E-03
   1.5421243E+03   1.0020000E+03   9.8700000E+02   8.1934492E-03   8.3179349E-03
   1.5421318E+03   9.7600000E+02   9.6100000E+02   4.5961449E-03   4.1992814E-03
   1.5421394E+03   1.0320000E+03   1.0180000E+03   1.6331583E-03   1.6334805E-03
   1.5421469E+03   9.8600000E+02   9.6900000E+02   8.2488995E-03   8.8914926E-03
   1.5421544E+03   1.0300000E+03   1.0120000E+03   8.6455810E-04   8.7974947E-04
   1.5421620E+03   9.6800000E+02   9.6100000E+02   8.6064097E-03   8.6690711E-03
   1.5421695E+03   9.4300000E+02   9.3000000E+02   1.4014192E-03   1.2134541E-03
   1.5421770E+03   9.5200000E+02   9.3000000E+02   7.6042322E-03   7.4973816E-03
   1.5421845E+03   1.0430000E+03   1.0220000E+03   6.3107586E-03   6.5216712E-03
   1.5421921E+03   9.9600000E+02   9.8400000E+02   7.5368260E-03   7.6287191E-03
   1.5421996E+03   1.0120000E+03   9.9400000E+02   8.0471549E-03   8.2115148E-03
   1.5422071E+03   9.9800000E+02   9.7200000E+02   5.5128173E-03   5.6599954E-03
   1.5422147E+03   9.5800000E+02   9.4400000E+02   5.2600532E-03   5.3402922E-03
   1.5422222E+03   1.0410000E+03   1.0200000E+03   5.5110964E-03   5.6982903E-03
   1.5422297E+03   9.9900000E+02   9.8300000E+02   1.9655199E-03   1.9974648E-03
   1.5422372E+03   1.0020000E+03   9.8400000E+02   5.2787095E-03   5.5480395E-03
   1.5422448E+03   9.9400000E+02   9.7900000E+02   2.2432851E-03   2.2776756E-03
   1.5422523E+03   9.9200000E+02   9.7600000E+02   3.9187463E-03   4.0869244E-03
   1.5422598E+03   1.0030000E+03   9.8300000E+02   3.1454125E-03   3.4609281E-03
   1.5422674E+03   1.0250000E+03   1.0110000E+03   6.6679302E-03   7.0265457E-03
   1.5422749E+03   9.8900000E+02   9.7300000E+02   7.8486368E-03   7.6857924E-03
   1.5422824E+03   1.0020000E+03   9.8300000E+02   6.9333358E-03   7.7405323E-03
   1.5422899E+03   1.0370000E+03   1.0220000E+03   5.2892328E-03   5.3686598E-03
   1.5422975E+03   1.0500000E+03   1.0250000E+03   1.2362518E-03   5.6288388E-04
   1.5423050E+03   9.8300000E+02   9.6600000E+02   3.9450189E-03   4.1645719E-03
   1.5423125E+03   1.0090000E+03   9.9200000E+02   2.7595497E-03   3.1771764E-03
   1.5423201E+03   1.0340000E+03   1.0190000E+03   6.3284708E-03   6.4215314E-03
   1.5423276E+03   1.0660000E+03   1.0490000E+03   7.2572949E-03   7.3704776E-03
   1.5423351E+03   1.0680000E+03   1.0510000E+03   2.0616003E-03   2.0950011E-03
   1.5423426E+03   9.8000000E+02   9.6200000E+02   3.1644346E-03   3.4244511E-03
   1.5423502E+03   1.0660000E+03   1.0480000E+03   1.0206872E-02   9.9678572E-03
   1.5423577E+03   1.0280000E+03   1.0100000E+03   7.1960804E-03   7.3242822E-03
   1.5423652E+03   1.0460000E+03   1.0270000E+03   2.7705702E-03   2.4486717E-03
   1.5423728E+03   1.0260000E+03   1.0070000E+03   7.2775019E-03   7.4234398E-03
   1.5423803E+03   1.0080000E+03   9.8500000E+02   2.0694798E-03   2.0504223E-03
   1.5423878E+03   1.0450000E+03   1.0280000E+03   6.8558082E-03   7.0177652E-03
   1.5423953E+03   1.0130000E+03   9.9600000E+02   2.5327861E-03   2.2056862E-03
   1.5424029E+03   1.0010000E+03   9.8700000E+02   2.8075026E-03   2.8473320E-03
   1.5424104E+03   9.7500000E+02   9.5000000E+02   3.5466702E-03   3.6400410E-03
   1.5424179E+03   9.6600000E+02   9.4400000E+02   6.0631146E-03   5.5763068E-03
   1.5424255E+03   1.0070000E+03   9.8200000E+02   1.6263088E-03   1.9393780E-03
   1.5424330E+03   9.8800000E+02   9.6900000E+02   9.6570931E-03   9.8390222E-03
   1.5424405E+03   1.0300000E+03   1.0120000E+03   7.0436424E-03   7.1688077E-03
   1.5424480E+03   1.0480000E+03   1.0260000E+03   8.3577517E-03   8.3214261E-03
   1.5424556E+03   9.8300000E+02   9.7500000E+02   3.1384088E-03   3.1642156E-03
   1.5424631E+03   1.0620000E+03   1.0450000E+03   7.8769349E-03   8.0050833E-03
   1.5424706E+03   9.9500000E+02   9.7400000E+02   7.3548769E-03   7.2544953E-03
   1.5424781E+03   1.0350000E+03   1.0110000E+03   9.3323918E-03   9.5539213E-03
   1.5424857E+03   1.0130000E+03   9.9200000E+02   4.3703984E-03   4.8529573E-03
   1.5424932E+03   1.0360000E+03   1.0190000E+03   3.2117932E-03   3.1210939E-03
   1.5425007E+03   9.9400000E+02   9.7500000E+02   7.1389275E-03   7.2399415E-03
   1.5425083E+03   1.0200000E+03   9.9800000E+02   6.4475916E-03   6.6070565E-03
   1.5425158E+03   1.0180000E+03   9.9600000E+02   3.4256298E-03   3.2479022E-03
   1.5425233E+03   1.0310000E+03   1.0070000E+03   2.4410941E-03   2.8143523E-03
   1.5425308E+03   1.0270000E+03   1.0100000E+03   1.2951226E-02   1.3169253E-02
   1.5425384E+03   1.0060000E+03   9.9300000E+02   1.4758087E-03   1.5798926E-03
   1.5425459E+03   1.0610000E+03   1.0400000E+03   3.8112439E-03   3.9552244E-03
   1.5425534E+03   1.0270000E+03   1.0080000E+03   5.7576276E-04   5.8658923E-04
   1.5425610E+03   1.0360000E+03   1.0140000E+03   4.5181982E-03   4.5258255E-03
   1.5425685E+03   1.0700000E+03   1.0560000E+03   4.8856472E-03   4.9606269E-03
   1.5425760E+03   9.9200000E+02   9.6900000E+02   4.2817122E-03   4.5506417E-03
   1.5425835E+03   9.9500000E+02   9.7400000E+02   5.1716516E-03   4.8858086E-03
   1.5425911E+03   1.0130000E+03   9.9300000E+02   1.4962414E-03   1.3205476E-03
   1.5425986E+03   1.0070000E+03   9.9200000E+02   4.5910682E-03   4.6609118E-03
   1.5426061E+03   1.0280000E+03   1.0110000E+03   5.7256327E-03   5.7102219E-03
   1.5426137E+03   1.0230000E+03   1.0120000E+03   4.1017049E-03   4.3222789E-03
   1.5426212E+03   1.0210000E+03   1.0080000E+03   4.6048351E-03   4.6644667E-03
   1.5426287E+03   1.0050000E+03   9.9600000E+02   1.1761640E-03   1.1866784E-03
   1.5426362E+03   1.0570000E+03   1.0420000E+03   2.4578450E-03   2.3928968E-03
   1.5426438E+03   1.0780000E+03   1.0610000E+03   4.0463126E-03   3.5025594E-03
   1.5426513E+03   1.0720000E+03   1.0430000E+03   7.9953995E-03   8.3445671E-03
   1.5426588E+03   9.9500000E+02   9.7400000E+02   2.8506916E-03   2.9122536E-03
   1.5426664E+03   1.0630000E+03   1.0490000E+03   6.7891119E-03   6.8796723E-03
   1.5426739E+03   1.0650000E+03   1.0460000E+03   3.9674124E-03   4.0391508E-03
   1.5426814E+03   1.0870000E+03   1.0690000E+03   1.9835993E-03   2.0170646E-03
   1.5426889E+03   1.0300000E+03   1.0100000E+03   2.3277946E-03   2.1273535E-03
   1.5426965E+03   1.0570000E+03   1.0370000E+03   5.1052449E-03   5.2036308E-03
   1.5427040E+03   1.0680000E+03   1.0450000E+03   4.2953068E-03   4.3896796E-03
   1.5427115E+03   1.0270000E+03   1.0050000E+03   3.6099566E-03   3.6889623E-03
   1.5427191E+03   1.1110000E+03   1.0880000E+03   3.7731633E-03   4.1393807E-03
   1.5427266E+03   1.0890000E+03   1.0700000E+03   3.5152068E-03   4.1312549E-03
   1.5427341E+03   1.0830000E+03   1.0680000E+03   2.4294658E-03   2.4636167E-03
   1.5427416E+03   1.0340000E+03   1.0200000E+03   6.9438157E-03   7.0390899E-03
   1.5427492E+03   1.1200000E+03   1.0980000E+03   2.9190978E-03   2.7447923E-03
   1.5427567E+03   1.0360000E+03   1.0130000E+03   1.6018044E-03   1.6382062E-03
   1.5427642E+03   1.0430000E+03   1.0290000E+03   6.6325175E-03   6.7227047E-03
   1.5427718E+03   1.0450000E+03   1.0230000E+03   3.6992022E-03   4.1140889E-03
   1.5427793E+03   1.0700000E+03   1.0550000E+03   7.8160922E-03   7.7797109E-03
   1.5427868E+03   1.0820000E+03   1.0640000E+03   4.7651135E-03   4.8456493E-03
   1.5427943E+03   1.0830000E+03   1.0600000E+03   2.7353045E-03   2.7195950E-03
   1.5428019E+03   1.0200000E+03   9.9800000E+02   4.4219150E-03   4.5194088E-03
   1.5428094E+03   1.1040000E+03   1.0810000E+03   2.6911363E-03   2.6963861E-03
   1.5428169E+03   1.0330000E+03   1.0140000E+03   6.2185289E-03   6.4442789E-03
   1.5428245E+03   1.0390000E+03   1.0240000E+03   6.2971015E-03   6.3917619E-03
   1.5428320E+03   1.0650000E+03   1.0350000E+03   1.4776836E-03   1.3221530E-03
   1.5428395E+03   1.0610000E+03   1.0400000E+03   4.0237257E-03   4.2853559E-03
   1.5428470E+03   1.1110000E+03   1.0850000E+03   1.9652474E-03   2.2571624E-03
   1.5428546E+03   1.0590000E+03   1.0400000E+03   1.2285523E-02   1.2993892E-02
   1.5428621E+03   1.0490000E+03   1.0220000E+03   7.8090264E-03   7.9881410E-03
   1.5428696E+03   1.0500000E+03   1.0260000E+03   3.8526939E-03   3.8685272E-03
   1.5428772E+03   1.0600000E+03   1.0380000E+03   3.6245258E-03   3.7012390E-03
   1.5428847E+03   1.0530000E+03   1.0360000E+03   7.2060187E-03   7.3242916E-03
   1.5428922E+03   1.0870000E+03   1.0580000E+03   3.9052874E-03   4.0123784E-03
   1.5428997E+03   1.1250000E+03   1.1010000E+03   2.9337494E-03   2.9975691E-03
   1.5429073E+03   1.0950000E+03   1.0790000E+03   1.2375797E-02   1.2732701E-02
   1.5429148E+03   1.0990000E+03   1.0740000E+03   3.6278895E-03   3.9651599E-03
   1.5429223E+03   1.0910000E+03   1.0620000E+03   5.7708380E-03   6.1857669E-03
   1.5429298E+03   1.0460000E+03   1.0290000E+03   2.5307619E-03   2.5761562E-03
   1.5429374E+03   1.0880000E+03   1.0740000E+03   4.2568340E-03   4.3123498E-03
   1.5429449E+03   1.1120000E+03   1.0880000E+03   4.3722960E-03   4.4687880E-03
   1.5429524E+03   1.0970000E+03   1.0800000E+03   4.8080775E-03   4.8836636E-03
   1.5429600E+03   1.0980000E+03   1.0770000E+03   7.4862611E-03   7.6323209E-03
   1.5429675E+03   1.1110000E+03   1.0900000E+03   2.0156800E-03   2.0545952E-03
   1.5429750E+03   1.0910000E+03   1.0730000E+03   1.3596621E-03   1.3824524E-03
   1.5429825E+03   1.1270000E+03   1.1000000E+03   3.8841748E-03   3.8514896E-03
   1.5429901E+03   1.0880000E+03   1.0730000E+03   2.7859969E-03   2.9759696E-03
   1.5429976E+03   1.1350000E+03   1.1120000E+03   4.2532869E-03   4.1146515E-03
   1.5430051E+03   1.0970000E+03   1.0760000E+03   2.8195596E-03   2.6335600E-03
   1.5430127E+03   1.0970000E+03   1.0680000E+03   3.7302656E-03   3.8316603E-03
   1.5430202E+03   1.0810000E+03   1.0570000E+03   4.3547625E-03   4.0984543E-03
   1.5430277E+03   1.0730000E+03   1.0510000E+03   4.0344780E-03   4.5153731E-03
   1.5430352E+03   1.1310000E+03   1.1110000E+03   5.3115122E-03   5.4068863E-03
   1.5430428E+03   1.1270000E+03   1.1040000E+03   4.5869947E-03   4.6888946E-03
   1.5430503E+03   1.1160000E+03   1.0880000E+03   5.0946284E-03   5.1246560E-03
   1.5430578E+03   1.1240000E+03   1.1080000E+03   1.2462086E-03   1.2642092E-03
   1.5430654E+03   1.1290000E+03   1.1080000E+03   3.6079416E-03   3.3704487E-03
   1.5430729E+03   1.1460000E+03   1.1220000E+03   1.1938626E-03   1.2193962E-03
   1.5430804E+03   1.0420000E+03   1.0230000E+03   2.1459570E-03   2.0340095E-03
   1.5430879E+03   1.1150000E+03   1.0930000E+03   4.9507189E-03   5.0504693E-03
   1.5430955E+03   1.0680000E+03   1.0450000E+03   6.2507898E-04   7.4926335E-04
   1.5431030E+03   1.1300000E+03   1.1050000E+03   5.9681217E-03   5.9245311E-03
   1.5431105E+03   1.0950000E+03   1.0670000E+03   2.2637159E-03   2.4938720E-03
   1.5431181E+03   1.0640000E+03   1.0460000E+03   6.1149744E-03   6.2202384E-03
   1.5431256E+03   1.1750000E+03   1.1560000E+03   1.9888056E-03   1.8623204E-03
   1.5431331E+03   1.1510000E+03   1.1360000E+03   1.1362848E-03   1.0022531E-03
   1.5431406E+03   1.1620000E+03   1.1450000E+03   7.9980244E-04   8.1167681E-04
   1.5431482E+03   1.1590000E+03   1.1320000E+03   7.4218813E-03   7.5989702E-03
   1.5431557E+03   1.1440000E+03   1.1250000E+03   3.7595488E-03   3.8230496E-03
   1.5431632E+03   1.0920000E+03   1.0640000E+03   8.4192546E-04   7.7606540E-04
   1.5431708E+03   1.0800000E+03   1.0430000E+03   2.5173965E-03   2.8246581E-03
   1.5431783E+03   1.1610000E+03   1.1410000E+03   4.4442836E-03   4.9661734E-03
   1.5431858E+03   1.0990000E+03   1.0760000E+03   1.1702520E-03   1.4225514E-03
   1.5431933E+03   1.0600000E+03   1.0400000E+03   3.0365645E-03   3.0950562E-03
   1.5432009E+03   1.1260000E+03   1.1030000E+03   4.2526498E-03   4.3413868E-03
   1.5432084E+03   1.1410000E+03   1.1110000E+03   6.7952857E-03   6.9787468E-03
   1.5432159E+03   1.1540000E+03   1.1370000E+03   5.3802464E-03   5.5275633E-03
   1.5432235E+03   1.1400000E+03   1.1200000E+03   5.9058909E-03   6.0119805E-03
   1.5432310E+03   1.1670000E+03   1.1460000E+03   1.7615374E-03   1.7936280E-03
   1.5432385E+03   1.1650000E+03   1.1430000E+03   1.0311033E-02   1.0509532E-02
   1.5432460E+03   1.1410000E+03   1.1160000E+03   1.1682816E-03   1.4522259E-03
   1.5432536E+03   1.1580000E+03   1.1430000E+03   4.3982905E-03   3.9957123E-03
   1.5432611E+03   1.1790000E+03   1.1560000E+03   3.7725004E-03   3.8476101E-03
   1.5432686E+03   1.1640000E+03   1.1400000E+03   1.3464424E-03   8.7352047E-04
   1.5432762E+03   1.1840000E+03   1.1570000E+03   4.2395111E-03   4.2424414E-03
   1.5432837E+03   1.1790000E+03   1.1630000E+03   4.2207725E-03   4.2788023E-03
   1.5432912E+03   1.1430000E+03   1.1130000E+03   3.5450728E-03   3.6407869E-03
   1.5432987E+03   1.1630000E+03   1.1340000E+03   7.9182369E-04   8.1197675E-04
   1.5433063E+03   1.1460000E+03   1.1240000E+03   4.8296431E-03   4.8522504E-03
   1.5433138E+03   1.1090000E+03   1.0920000E+03   4.8582230E-03   5.0029808E-03
   1.5433213E+03   1.1280000E+03   1.1030000E+03   1.8567660E-03   1.9662264E-03
   1.5433289E+03   1.2300000E+03   1.1970000E+03   5.1840758E-03   5.5661251E-03
   1.5433364E+03   1.1540000E+03   1.1170000E+03   4.3302386E-03   4.6132268E-03
   1.5433439E+03   1.2020000E+03   1.1850000E+03   4.0652858E-03   4.1237883E-03
   1.5433514E+03   1.1690000E+03   1.1380000E+03   2.6596336E-03   3.0079227E-03
   1.5433590E+03   1.1510000E+03   1.1260000E+03   7.8209978E-03   7.9950022E-03
   1.5433665E+03   1.1880000E+03   1.1680000E+03   1.9963203E-03   2.3478270E-03
   1.5433740E+03   1.1850000E+03   1.1630000E+03   3.8861086E-03   3.9596539E-03
   1.5433815E+03   1.1880000E+03   1.1470000E+03   6.5735170E-03   7.0283724E-03
   1.5433891E+03   1.2000000E+03   1.1800000E+03   1.2028830E-03   1.2239915E-03
   1.5433966E+03   1.2150000E+03   1.1880000E+03   6.2481628E-03   6.3901700E-03
   1.5434041E+03   1.1760000E+03   1.1560000E+03   5.5876608E-03   5.6842185E-03
   1.5434117E+03   1.1860000E+03   1.1410000E+03   2.8454441E-03   3.0959918E-03
   1.5434192E+03   1.1930000E+03   1.1710000E+03   1.6784348E-03   1.7100009E-03
   1.5434267E+03   1.1930000E+03   1.1650000E+03   4.0124392E-03   4.1497419E-03
   1.5434342E+03   1.1100000E+03   1.0770000E+03   5.1678053E-03   5.0388126E-03
   1.5434418E+03   1.1750000E+03   1.1450000E+03   4.9826537E-03   4.9402792E-03
   1.5434493E+03   1.1660000E+03   1.1370000E+03   3.9492084E-03   4.0498968E-03
   1.5434568E+03   1.1850000E+03   1.1630000E+03   6.7350957E-03   6.9435094E-03
   1.5434644E+03   1.2480000E+03   1.2260000E+03   4.4127247E-03   4.4919092E-03
   1.5434719E+03   1.2290000E+03   1.1970000E+03   8.8171872E-03   9.3122641E-03
   1.5434794E+03   1.2290000E+03   1.1970000E+03   4.1264588E-03   3.8728681E-03
   1.5434869E+03   1.1990000E+03   1.1770000E+03   4.0430370E-03   3.7740345E-03
   1.5434945E+03   1.2210000E+03   1.1920000E+03   2.6132281E-03   2.6767782E-03
   1.5435020E+03   1.2220000E+03   1.2030000E+03   5.2157779E-03   5.2982465E-03
   1.5435095E+03   1.1270000E+03   1.1040000E+03   8.7128091E-04   1.1591021E-03
   1.5435171E+03   1.1790000E+03   1.1510000E+03   4.7863794E-03   4.9027920E-03
   1.5435246E+03   1.2110000E+03   1.1840000E+03   5.3780201E-03   5.5007366E-03
   1.5435321E+03   1.1880000E+03   1.1600000E+03   8.2543510E-03   7.8266952E-03
   1.5435396E+03   1.1960000E+03   1.1680000E+03   7.9914184E-03   8.0559352E-03
   1.5435472E+03   1.2510000E+03   1.2210000E+03   4.6955297E-03   4.8109068E-03
   1.5435547E+03   1.1810000E+03   1.1610000E+03   4.5605798E-03   4.7074874E-03
   1.5435622E+03   1.2270000E+03   1.2120000E+03   4.3523189E-03   4.4061768E-03
   1.5435698E+03   1.2380000E+03   1.2180000E+03   3.5443958E-03   3.8716754E-03
   1.5435773E+03   1.1810000E+03   1.1550000E+03   4.9002855E-03   5.0107528E-03
   1.5435848E+03   1.1630000E+03   1.1380000E+03   5.1612104E-03   5.2745631E-03
   1.5435923E+03   1.2160000E+03   1.1940000E+03   3.8943858E-03   3.8783524E-03
   1.5435999E+03   1.2480000E+03   1.2150000E+03   6.2042031E-03   6.7155107E-03
   1.5436074E+03   1.2380000E+03   1.2060000E+03   1.0557798E-03   1.6683344E-03
   1.5436149E+03   1.1910000E+03   1.1640000E+03   4.8941022E-03   5.0074273E-03
   1.5436225E+03   1.2180000E+03   1.1930000E+03   5.1628788E-03   5.0799666E-03
   1.5436300E+03   1.2210000E+03   1.1960000E+03   2.1408599E-03   2.1850337E-03
   1.5436375E+03   1.2450000E+03   1.2190000E+03   1.8474353E-03   1.8111362E-03
   1.5436450E+03   1.2540000E+03   1.2340000E+03   4.0903920E-03   4.1567569E-03
   1.5436526E+03   1.2490000E+03   1.2240000E+03   1.3110873E-03   1.2501690E-03
   1.5436601E+03   1.2850000E+03   1.2620000E+03   4.0070534E-03   4.0801941E-03
   1.5436676E+03   1.3050000E+03   1.2850000E+03   1.4500191E-03   1.4726238E-03
   1.5436752E+03   1.2710000E+03   1.2520000E+03   4.4574647E-03   4.5251970E-03
   1.5436827E+03   1.2120000E+03   1.1840000E+03   2.3630211E-03   2.1830851E-03
   1.5436902E+03   1.1900000E+03   1.1610000E+03   3.5836051E-03   3.5333270E-03
   1.5436977E+03   1.2460000E+03   1.2200000E+03   1.4469484E-03   1.3371571E-03
   1.5437053E+03   1.2590000E+03   1.2280000E+03   3.9961236E-03   4.0970624E-03
   1.5437128E+03   1.2890000E+03   1.2660000E+03   5.2782465E-04   7.1103141E-04
   1.5437203E+03   1.2890000E+03   1.2560000E+03   5.5352934E-03   6.3848336E-03
   1.5437279E+03   1.3010000E+03   1.2620000E+03   7.9526168E-03   8.1980866E-03
   1.5437354E+03   1.2460000E+03   1.2180000E+03   1.2898298E-03   1.3311473E-03
   1.5437429E+03   1.2620000E+03   1.2380000E+03   2.9734348E-03   3.1413056E-03
   1.5437504E+03   1.2860000E+03   1.2600000E+03   3.1913347E-03   3.2561783E-03
   1.5437580E+03   1.2930000E+03   1.2640000E+03   3.0661401E-03   3.1377948E-03
   1.5437655E+03   1.2600000E+03   1.2330000E+03   1.5144664E-03   1.5476090E-03
   1.5437730E+03   1.2550000E+03   1.2290000E+03   3.1357915E-03   3.2019336E-03
   1.5437806E+03   1.3280000E+03   1.2990000E+03   1.7747862E-03   1.8144510E-03
   1.5437881E+03   1.2770000E+03   1.2500000E+03   2.9419320E-03   3.0181601E-03
   1.5437956E+03   1.2850000E+03   1.2620000E+03   3.3234194E-03   3.6469011E-03
   1.5438031E+03   1.3050000E+03   1.2800000E+03   2.5647065E-03   2.6147979E-03
   1.5438107E+03   1.3090000E+03   1.2820000E+03   3.9852584E-03   4.0692011E-03
   1.5438182E+03   1.2490000E+03   1.2180000E+03   9.4702689E-04   7.3087252E-04
   1.5438257E+03   1.2750000E+03   1.2490000E+03   1.7628166E-03   1.7995525E-03
   1.5438332E+03   1.2800000E+03   1.2520000E+03   1.3053827E-03   1.2793140E-03
   1.5438408E+03   1.2580000E+03   1.2310000E+03   4.8102132E-03   4.9154420E-03
   1.5438483E+03   1.3410000E+03   1.3140000E+03   3.6506689E-03   3.7257269E-03
   1.5438558E+03   1.3350000E+03   1.2960000E+03   3.9095866E-03   4.1407115E-03
   1.5438634E+03   1.3070000E+03   1.2780000E+03   2.0687979E-03   2.0007345E-03
   1.5438709E+03   1.3410000E+03   1.3080000E+03   2.6222275E-03   2.3381819E-03
   1.5438784E+03   1.3470000E+03   1.3160000E+03   1.1773572E-03   9.7774479E-04
   1.5438859E+03   1.3410000E+03   1.3130000E+03   4.1810007E-03   4.3661564E-03
   1.5438935E+03   1.3170000E+03   1.2840000E+03   3.7601651E-03   3.5033075E-03
   1.5439010E+03   1.3410000E+03   1.3210000E+03   1.6390803E-03   1.6636981E-03
   1.5439085E+03   1.3380000E+03   1.3070000E+03   4.4859195E-03   4.2923196E-03
   1.5439161E+03   1.2690000E+03   1.2490000E+03   3.1971610E-03   3.2026302E-03
   1.5439236E+03   1.2650000E+03   1.2420000E+03   5.9622746E-03   6.0894960E-03
   1.5439311E+03   1.2380000E+03   1.2110000E+03   6.7028432E-03   6.8523606E-03
   1.5439386E+03   1.2920000E+03   1.2700000E+03   2.6869601E-03   2.4203431E-03
   1.5439462E+03   1.3160000E+03   1.2830000E+03   2.7551759E-03   2.7069148E-03
   1.5439537E+03   1.2760000E+03   1.2510000E+03   1.0804971E-03   1.1020812E-03
   1.5439612E+03   1.3540000E+03   1.3230000E+03   1.2740478E-03   1.3036822E-03
   1.5439688E+03   1.3200000E+03   1.2990000E+03   3.7333038E-03   3.7936421E-03
   1.5439763E+03   1.3240000E+03   1.2920000E+03   3.4384757E-04   1.1883149E-04
   1.5439838E+03   1.3420000E+03   1.3080000E+03   4.2632408E-03   4.3740414E-03
   1.5439913E+03   1.3380000E+03   1.3020000E+03   2.5213648E-03   2.5803450E-03
   1.5439989E+03   1.3490000E+03   1.3190000E+03   8.1663950E-03   8.4712145E-03
   1.5440064E+03   1.3220000E+03   1.2860000E+03   2.4280924E-03   2.3660674E-03
   1.5440139E+03   1.3140000E+03   1.2840000E+03   3.3750113E-03   3.7325850E-03
   1.5440215E+03   1.3740000E+03   1.3420000E+03   1.3287007E-03   1.3607936E-03
   1.5440290E+03   1.3620000E+03   1.3400000E+03   2.6988330E-03   2.7430781E-03
   1.5440365E+03   1.3980000E+03   1.3590000E+03   2.3292391E-03   2.3172893E-03
   1.5440440E+03   1.3340000E+03   1.3100000E+03   1.2646558E-03   1.2878307E-03
   1.5440516E+03   1.3200000E+03   1.2910000E+03   3.7226638E-03   4.0891992E-03
   1.5440591E+03   1.3180000E+03   1.2770000E+03   1.2608977E-03   1.3014029E-03
   1.5440666E+03   1.3790000E+03   1.3480000E+03   4.5881428E-03   4.6938704E-03
   1.5440742E+03   1.3140000E+03   1.2810000E+03   7.0229683E-03   7.0266649E-03
   1.5440817E+03   1.3660000E+03   1.3340000E+03   1.2918216E-03   1.5812825E-03
   1.5440892E+03   1.3840000E+03   1.3480000E+03   1.1581544E-03   1.1255050E-03
   1.5440967E+03   1.3300000E+03   1.3070000E+03   6.3730406E-04   6.4864586E-04
   1.5441043E+03   1.3620000E+03   1.3220000E+03   1.9630275E-03   2.0226721E-03
   1.5441118E+03   1.4250000E+03   1.4000000E+03   4.3476618E-03   4.1691546E-03
   1.5441193E+03   1.4350000E+03   1.4000000E+03   6.0587586E-03   6.2100738E-03
   1.5441269E+03   1.3400000E+03   1.3140000E+03   4.4151897E-03   4.7636071E-03
   1.5441344E+03   1.3190000E+03   1.2900000E+03   5.4533571E-04   3.8101427E-04
   1.5441419E+03   1.3760000E+03   1.3460000E+03   5.3800490E-04   2.6749156E-04
   1.5441494E+03   1.3060000E+03   1.2840000E+03   4.3887284E-03   4.4639504E-03
   1.5441570E+03   1.3760000E+03   1.3460000E+03   5.4216122E-03   5.5426084E-03
   1.5441645E+03   1.4050000E+03   1.3760000E+03   1.1870596E-03   1.2121629E-03
   1.5441720E+03   1.3640000E+03   1.3250000E+03   4.7603336E-03   4.9005049E-03
   1.5441796E+03   1.3400000E+03   1.3060000E+03   1.8064462E-03   1.6573687E-03
   1.5441871E+03   1.4070000E+03   1.3810000E+03   3.4223615E-03   3.4867453E-03
   1.5441946E+03   1.3720000E+03   1.3430000E+03   1.2022747E-03   1.2198473E-03
   1.5442021E+03   1.3630000E+03   1.3360000E+03   2.1814967E-03   2.1462380E-03
   1.5442097E+03   1.3650000E+03   1.3410000E+03   4.4873833E-03   4.6760140E-03
   1.5442172E+03   1.4390000E+03   1.4070000E+03   4.1135168E-03   4.1708779E-03
   1.5442247E+03   1.4460000E+03   1.4090000E+03   1.6476980E-03   1.7776769E-03
   1.5442323E+03   1.3720000E+03   1.3360000E+03   2.4499765E-03   2.5991530E-03
   1.5442398E+03   1.3560000E+03   1.3290000E+03   5.5501389E-03   5.6627413E-03
   1.5442473E+03   1.4030000E+03   1.3700000E+03   3.1750554E-03   3.1832896E-03
   1.5442548E+03   1.3860000E+03   1.3590000E+03   8.0500914E-04   8.0927032E-04
   1.5442624E+03   1.4140000E+03   1.3850000E+03   2.9089369E-03   2.9500557E-03
   1.5442699E+03   1.4330000E+03   1.4080000E+03   2.2050924E-03   2.2443659E-03
   1.5442774E+03   1.4080000E+03   1.3600000E+03   4.4480722E-03   4.5567941E-03
   1.5442849E+03   1.4650000E+03   1.4410000E+03   2.9044124E-03   2.9527622E-03
   1.5442925E+03   1.4530000E+03   1.4180000E+03   3.1466211E-03   3.6160295E-03
   1.5443000E+03   1.4500000E+03   1.4210000E+03   5.9361382E-03   5.6551818E-03
   1.5443075E+03   1.4440000E+03   1.4170000E+03   2.7597228E-03   2.6956712E-03
   1.5443151E+03   1.5330000E+03   1.4870000E+03   5.7585534E-03   5.8438548E-03
   1.5443226E+03   1.4690000E+03   1.4330000E+03   2.6880036E-03   2.7559672E-03
   1.5443301E+03   1.3990000E+03   1.3730000E+03   4.6896927E-03   4.4508547E-03
   1.5443376E+03   1.3810000E+03   1.3530000E+03   2.0319777E-03   2.2033416E-03
   1.5443452E+03   1.4460000E+03   1.4120000E+03   1.1893462E-03   1.2180413E-03
   1.5443527E+03   1.4250000E+03   1.3830000E+03   3.5995999E-03   3.6850962E-03
   1.5443602E+03   1.4340000E+03   1.4040000E+03   1.4254017E-03   1.5826899E-03
   1.5443678E+03   1.5040000E+03   1.4610000E+03   1.5269057E-03   1.4508279E-03
   1.5443753E+03   1.4490000E+03   1.4120000E+03   2.9373362E-03   3.0144243E-03
   1.5443828E+03   1.4460000E+03   1.4110000E+03   1.9276529E-03   2.1614637E-03
   1.5443903E+03   1.4610000E+03   1.4340000E+03   1.1803506E-03   1.2026512E-03
   1.5443979E+03   1.4320000E+03   1.3970000E+03   8.1677752E-03   8.3723874E-03
   1.5444054E+03   1.3950000E+03   1.3680000E+03   5.1532609E-03   5.2541371E-03
   1.5444129E+03   1.4280000E+03   1.4000000E+03   1.1138982E-03   1.1361839E-03
   1.5444205E+03   1.4740000E+03   1.4530000E+03   2.7311767E-03   2.5885582E-03
   1.5444280E+03   1.4790000E+03   1.4530000E+03   1.1441778E-03   1.0735062E-03
   1.5444355E+03   1.4090000E+03   1.3870000E+03   1.3163764E-03   1.3373030E-03
   1.5444430E+03   1.3940000E+03   1.3560000E+03   3.6634730E-03   3.5405389E-03
   1.5444506E+03   1.4750000E+03   1.4410000E+03   3.5341252E-03   3.6175185E-03
   1.5444581E+03   1.4120000E+03   1.3860000E+03   3.2096055E-03   3.2698011E-03
   1.5444656E+03   1.4480000E+03   1.4230000E+03   2.1828428E-03   2.3068421E-03
   1.5444732E+03   1.4350000E+03   1.3990000E+03   5.7056995E-04   5.8426004E-04
   1.5444807E+03   1.4830000E+03   1.4510000E+03   1.9315245E-03   1.9740631E-03
   1.5444882E+03   1.3860000E+03   1.3550000E+03   3.7723899E-03   4.1203181E-03
   1.5444957E+03   1.4600000E+03   1.4320000E+03   4.7764630E-03   4.8293210E-03
   1.5445033E+03   1.4250000E+03   1.3920000E+03   5.0637262E-03   4.9023550E-03
   1.5445108E+03   1.5200000E+03   1.5000000E+03   1.9897011E-03   2.0978540E-03
   1.5445183E+03   1.4430000E+03   1.4080000E+03   4.7544867E-03   5.1331172E-03
   1.5445259E+03   1.5510000E+03   1.5140000E+03   7.1899901E-04   1.0275151E-03
   1.5445334E+03   1.4630000E+03   1.4310000E+03   4.8611778E-03   4.9698671E-03
   1.5445409E+03   1.5110000E+03   1.4790000E+03   1.0403811E-03   1.0628618E-03
   1.5445484E+03   1.4630000E+03   1.4270000E+03   4.2776517E-03   4.1070742E-03
   1.5445560E+03   1.4440000E+03   1.4190000E+03   4.6750072E-03   4.7573877E-03
   1.5445635E+03   1.4740000E+03   1.4250000E+03   2.1182508E-03   2.4258786E-03
   1.5445710E+03   1.5200000E+03   1.4930000E+03   2.0656546E-03   2.1031027E-03
   1.5445786E+03   1.4760000E+03   1.4400000E+03   4.2779812E-03   4.3846894E-03
   1.5445861E+03   1.5150000E+03   1.4870000E+03   1.9722687E-03   1.9976921E-03
   1.5445936E+03   1.5220000E+03   1.4800000E+03   2.9295552E-03   3.0798342E-03
   1.5446011E+03   1.4980000E+03   1.4690000E+03   2.8709313E-03   2.8333022E-03
   1.5446087E+03   1.4950000E+03   1.4640000E+03   3.7462797E-03   3.8255648E-03
   1.5446162E+03   1.5480000E+03   1.5220000E+03   4.0513451E-03   4.3821191E-03
   1.5446237E+03   1.5030000E+03   1.4740000E+03   2.1419379E-03   2.0036940E-03
   1.5446313E+03   1.5920000E+03   1.5630000E+03   4.0924079E-03   3.9017057E-03
   1.5446388E+03   1.5350000E+03   1.4970000E+03   2.1995151E-03   2.2920352E-03
   1.5446463E+03   1.4720000E+03   1.4380000E+03   1.5818762E-03   1.8582209E-03
   1.5446538E+03   1.4750000E+03   1.4470000E+03   2.5388991E-03   2.5879920E-03
   1.5446614E+03   1.5840000E+03   1.5440000E+03   1.3317045E-03   1.3412882E-03
   1.5446689E+03   1.5000000E+03   1.4750000E+03   5.3740518E-03   5.4823236E-03
   1.5446764E+03   1.5290000E+03   1.4990000E+03   2.8908974E-03   2.9483678E-03
   1.5446840E+03   1.5470000E+03   1.5200000E+03   3.4778140E-03   3.8889869E-03
   1.5446915E+03   1.5570000E+03   1.5210000E+03   3.3014242E-03   3.4778838E-03
   1.5446990E+03   1.5430000E+03   1.5110000E+03   1.3652460E-03   1.3942824E-03
   1.5447065E+03   1.5140000E+03   1.4740000E+03   4.3321261E-03   4.4495282E-03
   1.5447141E+03   1.4270000E+03   1.4030000E+03   4.8376892E-03   4.9205270E-03
   1.5447216E+03   1.5670000E+03   1.5240000E+03   3.2959757E-03   3.1706020E-03
   1.5447291E+03   1.5080000E+03   1.4770000E+03   2.6336726E-03   2.4525467E-03
   1.5447366E+03   1.5330000E+03   1.5010000E+03   5.3108698E-03   5.1493970E-03
   1.5447442E+03   1.5460000E+03   1.5210000E+03   1.5179842E-03   1.5429627E-03
   1.5447517E+03   1.5750000E+03   1.5380000E+03   2.0119556E-03   2.0603400E-03
   1.5447592E+03   1.4680000E+03   1.4290000E+03   3.1115809E-03   3.3465532E-03
   1.5447668E+03   1.5130000E+03   1.4860000E+03   3.7148292E-03   3.7728614E-03
   1.5447743E+03   1.5840000E+03   1.5430000E+03   2.5623070E-03   2.8840324E-03
   1.5447818E+03   1.5850000E+03   1.5480000E+03   3.2594431E-03   3.3372577E-03
   1.5447893E+03   1.5390000E+03   1.5150000E+03   1.8786818E-03   1.8898525E-03
   1.5447969E+03   1.6190000E+03   1.5760000E+03   4.6036726E-03   4.9370784E-03
   1.5448044E+03   1.5570000E+03   1.5190000E+03   4.2164742E-03   4.3219253E-03
   1.5448119E+03   1.5570000E+03   1.5230000E+03   2.1050567E-03   2.1521462E-03
   1.5448195E+03   1.5400000E+03   1.5110000E+03   2.6804101E-03   2.7242062E-03
   1.5448270E+03   1.5390000E+03   1.5070000E+03   9.0325681E-04   9.2265724E-04
   1.5448345E+03   1.5380000E+03   1.5160000E+03   1.8557994E-03   1.7280937E-03
   1.5448420E+03   1.5290000E+03   1.5000000E+03   1.3022394E-03   1.5221643E-03
   1.5448496E+03   1.5470000E+03   1.5170000E+03   2.0192673E-03   1.9589713E-03
   1.5448571E+03   1.6390000E+03   1.6040000E+03   3.3752201E-03   3.2376374E-03
   1.5448646E+03   1.5670000E+03   1.5320000E+03   3.2500479E-03   3.3243011E-03
   1.5448722E+03   1.5970000E+03   1.5650000E+03   1.4708372E-03   1.5009277E-03
   1.5448797E+03   1.6400000E+03   1.6070000E+03   1.1417030E-03   1.0806608E-03
   1.5448872E+03   1.6080000E+03   1.5740000E+03   2.0043284E-03   2.0474243E-03
   1.5448947E+03   1.5550000E+03   1.5260000E+03   3.2621735E-03   3.3239986E-03
   1.5449023E+03   1.5530000E+03   1.5180000E+03   1.4861274E-03   1.3712876E-03
   1.5449098E+03   1.6200000E+03   1.5910000E+03   7.2103728E-04   7.3397644E-04
   1.5449173E+03   1.5850000E+03   1.5580000E+03   5.4140621E-03   5.3824298E-03
   1.5449249E+03   1.5800000E+03   1.5500000E+03   4.3752000E-03   4.4599224E-03
   1.5449324E+03   1.5620000E+03   1.5280000E+03   2.3860890E-03   2.3188699E-03
   1.5449399E+03   1.6180000E+03   1.5770000E+03   1.1920996E-03   1.1286884E-03
   1.5449474E+03   1.5890000E+03   1.5540000E+03   1.5807672E-03   1.3193163E-03
   1.5449550E+03   1.6060000E+03   1.5820000E+03   4.1516779E-03   4.2146502E-03
   1.5449625E+03   1.5400000E+03   1.5020000E+03   2.3913215E-03   2.4517729E-03
   1.5449700E+03   1.6430000E+03   1.6030000E+03   2.5911046E-03   2.6550818E-03
   1.5449776E+03   1.5880000E+03   1.5530000E+03   1.6989171E-03   1.7373880E-03
   1.5449851E+03   1.6180000E+03   1.5900000E+03   4.9645170E-03   5.2771258E-03
   1.5449926E+03   1.6260000E+03   1.5840000E+03   2.9617490E-03   2.9000602E-03
   1.5450001E+03   1.6840000E+03   1.6520000E+03   3.2031036E-03   3.2651237E-03
   1.5450077E+03   1.6440000E+03   1.6040000E+03   1.3240491E-03   1.4673164E-03
   1.5450152E+03   1.6190000E+03   1.5760000E+03   3.6187330E-03   3.7174590E-03
   1.5450227E+03   1.6670000E+03   1.6250000E+03   3.5385408E-04   2.9962532E-04
   1.5450303E+03   1.6860000E+03   1.6540000E+03   2.9865902E-03   2.9519639E-03
   1.5450378E+03   1.6600000E+03   1.6260000E+03   8.3556482E-04   8.5302941E-04
   1.5450453E+03   1.6400000E+03   1.5980000E+03   2.6114139E-03   2.1847036E-03
   1.5450528E+03   1.5450000E+03   1.5060000E+03   9.8835638E-04   1.1284396E-03
   1.5450604E+03   1.6180000E+03   1.5870000E+03   2.8075998E-03   2.8731483E-03
   1.5450679E+03   1.6000000E+03   1.5640000E+03   1.8611395E-03   1.9456800E-03
   1.5450754E+03   1.6810000E+03   1.6460000E+03   2.5228530E-03   2.4546522E-03
   1.5450830E+03   1.6890000E+03   1.6460000E+03   4.3284082E-03   4.4415164E-03
   1.5450905E+03   1.6810000E+03   1.6400000E+03   2.5402881E-03   2.8758116E-03
   1.5450980E+03   1.6200000E+03   1.5840000E+03   3.4136773E-03   3.5728964E-03
   1.5451055E+03   1.6400000E+03   1.6040000E+03   2.5408513E-03   2.5169857E-03
   1.5451131E+03   1.6720000E+03   1.6440000E+03   3.8954678E-03   4.0192245E-03
   1.5451206E+03   1.5640000E+03   1.5240000E+03   3.0141037E-03   3.2892985E-03
   1.5451281E+03   1.5920000E+03   1.5640000E+03   4.3409322E-04   6.0954248E-04
   1.5451357E+03   1.7590000E+03   1.7260000E+03   3.0329343E-03   3.1483015E-03
   1.5451432E+03   1.6650000E+03   1.6230000E+03   2.7094067E-03   2.6414366E-03
   1.5451507E+03   1.6310000E+03   1.6000000E+03   2.6580198E-03   2.7094740E-03
   1.5451582E+03   1.6670000E+03   1.6330000E+03   3.4683134E-03   3.1894142E-03
   1.5451658E+03   1.7200000E+03   1.6870000E+03   1.3342551E-03   1.4850893E-03
   1.5451733E+03   1.7020000E+03   1.6670000E+03   4.9567049E-03   5.0669331E-03
   1.5451808E+03   1.7220000E+03   1.6900000E+03   2.6642038E-03   2.7094173E-03
   1.5451883E+03   1.6680000E+03   1.6330000E+03   3.0292018E-03   2.9764730E-03
   1.5451959E+03   1.7290000E+03   1.7030000E+03   1.8008262E-03   1.7727604E-03
   1.5452034E+03   1.6860000E+03   1.6400000E+03   2.3175966E-03   2.3825484E-03
   1.5452109E+03   1.7120000E+03   1.6730000E+03   1.8330714E-03   1.8829533E-03
   1.5452185E+03   1.6660000E+03   1.6240000E+03   1.0101270E-03   1.0361174E-03
   1.5452260E+03   1.6440000E+03   1.6080000E+03   5.4305638E-03   5.5523452E-03
   1.5452335E+03   1.6810000E+03   1.6480000E+03   2.0127535E-03   2.1727747E-03
   1.5452410E+03   1.7210000E+03   1.6850000E+03   2.0403313E-03   1.9862355E-03
   1.5452486E+03   1.7120000E+03   1.6730000E+03   2.2496271E-03   2.3323362E-03
   1.5452561E+03   1.7470000E+03   1.7120000E+03   3.6155869E-03   3.6433629E-03
   1.5452636E+03   1.6900000E+03   1.6680000E+03   4.7751351E-03   4.8381515E-03
   1.5452712E+03   1.7380000E+03   1.7050000E+03   3.1673892E-03   3.4396324E-03
   1.5452787E+03   1.6920000E+03   1.6580000E+03   7.8938123E-04   8.0518009E-04
   1.5452862E+03   1.6810000E+03   1.6480000E+03   3.4666507E-03   3.3787929E-03
   1.5452937E+03   1.6940000E+03   1.6550000E+03   3.2857356E-03   3.2406782E-03
   1.5453013E+03   1.7360000E+03   1.7030000E+03   6.2972726E-04   5.4849225E-04
   1.5453088E+03   1.7200000E+03   1.6780000E+03   3.9538069E-03   3.5005128E-03
   1.5453163E+03   1.7090000E+03   1.6590000E+03   3.6215968E-03   3.7612221E-03
   1.5453239E+03   1.7320000E+03   1.6840000E+03   5.0578961E-03   5.1949183E-03
   1.5453314E+03   1.7040000E+03   1.6710000E+03   4.7324543E-03   4.7826195E-03
   1.5453389E+03   1.7680000E+03   1.7430000E+03   2.6023919E-03   2.6395586E-03
   1.5453464E+03   1.6790000E+03   1.6450000E+03   1.7902047E-03   1.8271397E-03
   1.5453540E+03   1.7670000E+03   1.7240000E+03   4.0359673E-03   4.1681751E-03
   1.5453615E+03   1.7770000E+03   1.7380000E+03   2.0947925E-04   1.1007665E-04
   1.5453690E+03   1.8190000E+03   1.7910000E+03   3.2781598E-03   3.3293563E-03
   1.5453766E+03   1.7310000E+03   1.6900000E+03   1.5160412E-03   1.5091059E-03
   1.5453841E+03   1.7100000E+03   1.6720000E+03   1.8586501E-03   1.9009871E-03
   1.5453916E+03   1.7190000E+03   1.6690000E+03   2.2743722E-03   2.3425551E-03
   1.5453991E+03   1.8050000E+03   1.7630000E+03   6.2982094E-04   8.4017415E-04
   1.5454067E+03   1.6920000E+03   1.6560000E+03   2.6849281E-03   2.7063944E-03
   1.5454142E+03   1.7820000E+03   1.7440000E+03   1.5369430E-03   1.3378104E-03
   1.5454217E+03   1.7630000E+03   1.7320000E+03   2.4314358E-03   2.3855779E-03
   1.5454293E+03   1.7470000E+03   1.7140000E+03   2.3007192E-03   2.3449500E-03
   1.5454368E+03   1.8230000E+03   1.7800000E+03   3.2886921E-03   3.3678252E-03
   1.5454443E+03   1.7030000E+03   1.6770000E+03   5.9008031E-03   5.9922637E-03
   1.5454518E+03   1.8220000E+03   1.7900000E+03   1.1189811E-03   1.1992083E-03
   1.5454594E+03   1.7470000E+03   1.7100000E+03   4.1309016E-03   4.4819444E-03
   1.5454669E+03   1.8470000E+03   1.8120000E+03   3.1125664E-03   3.1726317E-03
   1.5454744E+03   1.8060000E+03   1.7640000E+03   2.2938846E-03   2.3484546E-03
   1.5454820E+03   1.7660000E+03   1.7310000E+03   1.8320367E-03   1.8691040E-03
   1.5454895E+03   1.8150000E+03   1.7830000E+03   3.9867474E-03   3.9137311E-03
   1.5454970E+03   1.7360000E+03   1.7000000E+03   2.9081771E-03   3.1852062E-03
   1.5455045E+03   1.8170000E+03   1.7720000E+03   7.4132310E-04   7.6015683E-04
   1.5455121E+03   1.7920000E+03   1.7490000E+03   1.3464520E-03   1.3795659E-03
   1.5455196E+03   1.8250000E+03   1.7870000E+03   1.7416301E-03   1.8412509E-03
   1.5455271E+03   1.8040000E+03   1.7710000E+03   5.4918204E-03   5.5941356E-03
   1.5455347E+03   1.7510000E+03   1.7090000E+03   5.3111050E-04   5.4414702E-04
   1.5455422E+03   1.8410000E+03   1.8100000E+03   1.4761390E-03   1.4119762E-03
   1.5455497E+03   1.8010000E+03   1.7690000E+03   1.9821268E-03   2.1873300E-03
   1.5455572E+03   1.8190000E+03   1.7880000E+03   1.0165527E-03   1.0343525E-03
   1.5455648E+03   1.8070000E+03   1.7790000E+03   1.4378232E-03   1.4605110E-03
   1.5455723E+03   1.8050000E+03   1.7750000E+03   4.4138924E-04   5.2296868E-04
   1.5455798E+03   1.8650000E+03   1.8250000E+03   1.3838636E-03   1.2775154E-03
   1.5455874E+03   1.8090000E+03   1.7710000E+03   1.7416919E-03   1.7790743E-03
   1.5455949E+03   1.8980000E+03   1.8540000E+03   1.4121469E-03   1.4456512E-03
   1.5456024E+03   1.7480000E+03   1.7130000E+03   1.7279657E-03   1.7632379E-03
   1.5456099E+03   1.7880000E+03   1.7490000E+03   9.4673031E-04   9.6781941E-04
   1.5456175E+03   1.8560000E+03   1.8070000E+03   5.1424453E-03   5.2620145E-03
   1.5456250E+03   1.8320000E+03   1.7970000E+03   3.2481378E-03   3.2033958E-03
   1.5456325E+03   1.7560000E+03   1.7180000E+03   8.4482000E-04   6.6366404E-04
   1.5456400E+03   1.8280000E+03   1.7880000E+03   2.4622873E-03   2.6453077E-03
   1.5456476E+03   1.8540000E+03   1.8240000E+03   1.5955284E-03   1.6225646E-03
   1.5456551E+03   1.8530000E+03   1.8280000E+03   2.3100067E-03   2.0512525E-03
   1.5456626E+03   1.8450000E+03   1.8090000E+03   1.7685416E-03   1.8038581E-03
   1.5456702E+03   1.8230000E+03   1.7860000E+03   3.5523386E-03   3.6257990E-03
   1.5456777E+03   1.8700000E+03   1.8340000E+03   2.8323032E-03   2.8878692E-03
   1.5456852E+03   1.9650000E+03   1.9170000E+03   8.0440217E-04   8.2260202E-04
   1.5456927E+03   1.8890000E+03   1.8510000E+03   1.1990611E-03   1.0180704E-03
   1.5457003E+03   1.8950000E+03   1.8660000E+03   1.1739672E-03   1.1922931E-03
   1.5457078E+03   1.9020000E+03   1.8600000E+03   2.2320276E-03   2.3767074E-03
   1.5457153E+03   1.8420000E+03   1.8070000E+03   3.5111045E-03   3.5791447E-03
   1.5457229E+03   1.8690000E+03   1.8270000E+03   2.4662083E-03   2.5229153E-03
   1.5457304E+03   1.8240000E+03   1.7820000E+03   2.1040778E-03   2.1534950E-03
   1.5457379E+03   1.8660000E+03   1.8210000E+03   2.2311854E-03   2.2212812E-03
   1.5457454E+03   1.8970000E+03   1.8500000E+03   4.1159026E-03   4.2204243E-03
   1.5457530E+03   1.8550000E+03   1.8170000E+03   1.7535084E-03   1.7902611E-03
   1.5457605E+03   1.8210000E+03   1.7850000E+03   2.8084900E-03   2.8650806E-03
   1.5457680E+03   1.8860000E+03   1.8620000E+03   4.3161903E-03   4.3718326E-03
   1.5457756E+03   1.8640000E+03   1.8270000E+03   9.5977583E-04   9.7910956E-04
   1.5457831E+03   1.8940000E+03   1.8690000E+03   1.0986099E-03   1.0270656E-03
   1.5457906E+03   1.9080000E+03   1.8750000E+03   1.9963029E-03   1.9823683E-03
   1.5457981E+03   1.9880000E+03   1.9340000E+03   1.3088787E-03   1.4752913E-03
   1.5458057E+03   1.9370000E+03   1.9050000E+03   1.8897316E-03   2.0096906E-03
   1.5458132E+03   1.8910000E+03   1.8540000E+03   1.4870112E-03   1.5167008E-03
   1.5458207E+03   1.8780000E+03   1.8510000E+03   4.0088867E-03   4.1799049E-03
   1.5458283E+03   1.8890000E+03   1.8480000E+03   1.1577370E-04   5.5510989E-05
   1.5458358E+03   2.0640000E+03   2.0130000E+03   9.9816141E-04   1.0230373E-03
   1.5458433E+03   1.8960000E+03   1.8460000E+03   2.7280469E-03   2.8020103E-03
   1.5458508E+03   1.8880000E+03   1.8410000E+03   1.2337378E-03   1.4132294E-03
   1.5458584E+03   1.8960000E+03   1.8610000E+03   3.3492142E-03   3.4120803E-03
   1.5458659E+03   1.8980000E+03   1.8610000E+03   1.2269969E-03   1.2513340E-03
   1.5458734E+03   1.8960000E+03   1.8530000E+03   1.5450253E-03   1.5809105E-03
   1.5458810E+03   1.9510000E+03   1.8980000E+03   1.2226656E-03   1.3322012E-03
   1.5458885E+03   1.8600000E+03   1.8190000E+03   4.6703438E-03   4.6119859E-03
   1.5458960E+03   1.8500000E+03   1.8260000E+03   2.5936619E-03   2.6269204E-03
   1.5459035E+03   1.9110000E+03   1.8760000E+03   2.4834650E-03   2.3056609E-03
   1.5459111E+03   1.8840000E+03   1.8420000E+03   1.3883060E-03   1.4225151E-03
   1.5459186E+03   1.8430000E+03   1.8070000E+03   3.1191620E-03   3.1812721E-03
   1.5459261E+03   1.9700000E+03   1.9370000E+03   3.2260084E-03   3.1619367E-03
   1.5459337E+03   1.9240000E+03   1.8840000E+03   2.7009169E-03   2.7581763E-03
   1.5459412E+03   1.9330000E+03   1.8890000E+03   3.1592957E-03   3.1325425E-03
   1.5459487E+03   1.8590000E+03   1.8280000E+03   3.9110973E-03   3.9774533E-03
   1.5459562E+03   1.9620000E+03   1.9170000E+03   4.4334411E-03   4.5373129E-03
   1.5459638E+03   2.0050000E+03   1.9710000E+03   1.0515198E-03   1.0696089E-03
   1.5459713E+03   1.9490000E+03   1.9020000E+03   2.0127697E-03   2.0626903E-03
   1.5459788E+03   1.9400000E+03   1.9040000E+03   1.5816375E-03   1.6113373E-03
   1.5459864E+03   1.9370000E+03   1.8900000E+03   2.4062070E-03   2.4661379E-03
   1.5459939E+03   1.9030000E+03   1.8650000E+03   9.8420761E-04   1.2012920E-03
   1.5460014E+03   2.0630000E+03   2.0320000E+03   8.4268084E-04   8.2361760E-04
   1.5460089E+03   1.9760000E+03   1.9510000E+03   1.2207702E-03   1.2364262E-03
   1.5460165E+03   1.9720000E+03   1.9190000E+03   1.9293830E-03   1.9164197E-03
   1.5460240E+03   1.9950000E+03   1.9560000E+03   2.1167963E-03   2.1716970E-03
   1.5460315E+03   1.9740000E+03   1.9340000E+03   8.9298975E-04   1.0959598E-03
   1.5460391E+03   1.9700000E+03   1.9350000E+03   2.7812331E-03   2.8819188E-03
   1.5460466E+03   2.0460000E+03   2.0040000E+03   7.6394118E-04   7.7994834E-04
   1.5460541E+03   2.0440000E+03   2.0020000E+03   2.0211673E-03   1.8566114E-03
   1.5460616E+03   1.9260000E+03   1.8790000E+03   1.6276109E-03   1.7124174E-03
   1.5460692E+03   1.9560000E+03   1.9120000E+03   1.4896646E-03   1.5240007E-03
   1.5460767E+03   1.9780000E+03   1.9400000E+03   3.0336895E-03   3.0338820E-03
   1.5460842E+03   2.0180000E+03   1.9770000E+03   1.1702510E-03   9.9724448E-04
   1.5460917E+03   1.9660000E+03   1.9150000E+03   1.0577009E-03   1.0859676E-03
   1.5460993E+03   2.1000000E+03   2.0570000E+03   7.3005893E-04   6.0507288E-04
   1.5461068E+03   2.0400000E+03   2.0100000E+03   2.8077665E-03   2.8496343E-03
   1.5461143E+03   1.9850000E+03   1.9400000E+03   1.5319590E-03   1.5467410E-03
   1.5461219E+03   2.0340000E+03   1.9930000E+03   5.7520894E-04   7.2900243E-04
   1.5461294E+03   2.0270000E+03   1.9880000E+03   9.0251011E-05   2.4852169E-04
   1.5461369E+03   2.0200000E+03   1.9770000E+03   1.7307101E-03   1.6195449E-03
   1.5461444E+03   2.0320000E+03   1.9860000E+03   9.0918417E-04   9.7138608E-04
   1.5461520E+03   2.0750000E+03   2.0290000E+03   2.2527775E-03   2.4820671E-03
   1.5461595E+03   1.9860000E+03   1.9370000E+03   5.2447757E-03   5.3769582E-03
   1.5461670E+03   2.0320000E+03   2.0030000E+03   8.9899359E-04   9.3560862E-04
   1.5461746E+03   2.1070000E+03   2.0570000E+03   2.1573685E-03   2.2098206E-03
   1.5461821E+03   2.0680000E+03   2.0060000E+03   1.1974392E-03   1.2343487E-03
   1.5461896E+03   2.0180000E+03   1.9790000E+03   1.8846757E-03   1.8686944E-03
   1.5461971E+03   2.0710000E+03   2.0300000E+03   1.9215235E-03   1.8720887E-03
   1.5462047E+03   2.0420000E+03   2.0000000E+03   1.6507109E-03   1.5776220E-03
   1.5462122E+03   1.9820000E+03   1.9360000E+03   2.4523016E-03   2.5555622E-03
   1.5462197E+03   2.0460000E+03   2.0040000E+03   4.3847420E-04   4.2311834E-04
   1.5462273E+03   2.0410000E+03   1.9900000E+03   1.2975943E-03   1.3736537E-03
   1.5462348E+03   2.1010000E+03   2.0530000E+03   6.6100821E-04   5.8024201E-04
   1.5462423E+03   2.0540000E+03   2.0170000E+03   1.8748732E-03   2.0019099E-03
   1.5462498E+03   2.0420000E+03   2.0060000E+03   4.3693414E-04   6.5112970E-04
   1.5462574E+03   2.0550000E+03   2.0060000E+03   3.5940579E-03   3.6723715E-03
   1.5462649E+03   2.0690000E+03   2.0300000E+03   1.3631902E-03   1.3016583E-03
   1.5462724E+03   1.9920000E+03   1.9540000E+03   2.7355865E-03   2.7207300E-03
   1.5462800E+03   2.0110000E+03   1.9720000E+03   4.2470544E-03   4.3527959E-03
   1.5462875E+03   2.0540000E+03   2.0150000E+03   2.1128490E-03   2.1537276E-03
   1.5462950E+03   2.0660000E+03   2.0200000E+03   2.1360336E-03   2.3162043E-03
   1.5463025E+03   1.9350000E+03   1.8990000E+03   1.3224805E-03   1.3475376E-03
   1.5463101E+03   2.0570000E+03   2.0250000E+03   1.8769991E-03   1.6388155E-03
   1.5463176E+03   2.0600000E+03   2.0240000E+03   3.2226708E-03   3.3995673E-03
   1.5463251E+03   2.1000000E+03   2.0550000E+03   2.1754130E-03   2.2230639E-03
   1.5463327E+03   2.0050000E+03   1.9550000E+03   1.8599218E-03   1.9434351E-03
   1.5463402E+03   2.0750000E+03   2.0290000E+03   6.3678120E-04   6.5098012E-04
   1.5463477E+03   2.1050000E+03   2.0640000E+03   1.5963271E-03   1.6279948E-03
   1.5463552E+03   2.1060000E+03   2.0660000E+03   9.3085154E-04   9.4875489E-04
   1.5463628E+03   2.1380000E+03   2.0900000E+03   4.5792468E-04   3.9372375E-04
   1.5463703E+03   2.0880000E+03   2.0440000E+03   2.6121954E-03   2.7620527E-03
   1.5463778E+03   2.0530000E+03   2.0170000E+03   2.7959636E-03   2.6648699E-03
   1.5463854E+03   2.1420000E+03   2.1110000E+03   3.3997472E-04   4.0799075E-04
   1.5463929E+03   2.0610000E+03   2.0180000E+03   2.8556851E-03   2.8617592E-03
   1.5464004E+03   2.0860000E+03   2.0450000E+03   1.0593624E-03   1.0805084E-03
   1.5464079E+03   2.0550000E+03   2.0110000E+03   4.5609297E-04   2.7732414E-04
   1.5464155E+03   2.0910000E+03   2.0590000E+03   2.5857042E-03   2.6095595E-03
   1.5464230E+03   2.0640000E+03   2.0300000E+03   1.6175525E-03   1.6449549E-03
   1.5464305E+03   2.1050000E+03   2.0650000E+03   2.0050110E-03   2.1073709E-03
   1.5464381E+03   2.1090000E+03   2.0670000E+03   1.6712378E-03   1.7052503E-03
   1.5464456E+03   2.1550000E+03   2.1200000E+03   1.6090421E-03   1.6355378E-03
   1.5464531E+03   2.0780000E+03   2.0400000E+03   2.7502306E-04   3.6312793E-04
   1.5464606E+03   2.1510000E+03   2.1050000E+03   1.7335684E-03   1.6279960E-03
   1.5464682E+03   2.0660000E+03   2.0260000E+03   2.3843964E-03   2.3244119E-03
   1.5464757E+03   2.1910000E+03   2.1490000E+03   1.2538470E-03   1.2784591E-03
   1.5464832E+03   2.0160000E+03   1.9740000E+03   2.6846662E-03   2.7420144E-03
   1.5464908E+03   2.1030000E+03   2.0670000E+03   2.3208593E-03   2.5504005E-03
   1.5464983E+03   2.1510000E+03   2.0970000E+03   1.0216191E-03   1.0103010E-03
   1.5465058E+03   2.1750000E+03   2.1400000E+03   2.7342874E-03   2.6730304E-03
   1.5465133E+03   2.0750000E+03   2.0440000E+03   2.3694239E-03   2.4053850E-03
   1.5465209E+03   2.1110000E+03   2.0720000E+03   3.1015707E-03   3.2204955E-03
   1.5465284E+03   2.2060000E+03   2.1720000E+03   1.8006043E-03   1.8441244E-03
   1.5465359E+03   2.1920000E+03   2.1480000E+03   1.5722977E-03   1.5140689E-03
   1.5465434E+03   2.2040000E+03   2.1630000E+03   3.5558188E-03   3.6232277E-03
   1.5465510E+03   2.2070000E+03   2.1610000E+03   8.2622261E-04   8.4354855E-04
   1.5465585E+03   2.1290000E+03   2.0840000E+03   1.4637249E-03   1.4296855E-03
   1.5465660E+03   2.0840000E+03   2.0430000E+03   2.2930266E-03   2.3391184E-03
   1.5465736E+03   2.1100000E+03   2.0690000E+03   2.0717376E-03   2.1128317E-03
   1.5465811E+03   2.1480000E+03   2.1060000E+03   3.8306113E-03   3.8148629E-03
   1.5465886E+03   2.1510000E+03   2.1030000E+03   4.3943249E-04   2.9665063E-04
   1.5465961E+03   2.1640000E+03   2.1200000E+03   2.0512171E-03   1.9890740E-03
   1.5466037E+03   2.2120000E+03   2.1790000E+03   2.6713767E-03   2.5821968E-03
   1.5466112E+03   2.1880000E+03   2.1490000E+03   2.3369966E-03   2.2020608E-03
   1.5466187E+03   2.2460000E+03   2.2020000E+03   2.6525846E-04   2.7057537E-04
   1.5466263E+03   2.1580000E+03   2.1170000E+03   2.6042751E-03   2.6547620E-03
   1.5466338E+03   2.1870000E+03   2.1390000E+03   1.1866827E-03   1.1960705E-03
   1.5466413E+03   2.2310000E+03   2.1770000E+03   1.1566103E-03   1.1852765E-03
   1.5466488E+03   2.1620000E+03   2.1070000E+03   4.0630108E-03   4.1690551E-03
   1.5466564E+03   2.2640000E+03   2.2230000E+03   3.5313728E-04   3.5961389E-04
   1.5466639E+03   2.1580000E+03   2.1220000E+03   1.0725286E-03   1.0906584E-03
   1.5466714E+03   2.2390000E+03   2.1950000E+03   8.6110903E-04   9.0067137E-04
   1.5466790E+03   2.1800000E+03   2.1410000E+03   1.8797160E-03   1.7633834E-03
   1.5466865E+03   2.2100000E+03   2.1790000E+03   1.0012628E-03   1.1595177E-03
   1.5466940E+03   2.2060000E+03   2.1700000E+03   1.1068647E-03   1.1442203E-03
   1.5467015E+03   2.2390000E+03   2.1880000E+03   8.5700190E-04   6.6107850E-04
   1.5467091E+03   2.2440000E+03   2.2190000E+03   2.0390913E-03   2.0620472E-03
   1.5467166E+03   2.3200000E+03   2.2820000E+03   1.0263842E-03   1.0435082E-03
   1.5467241E+03   2.1950000E+03   2.1580000E+03   1.9545928E-03   1.9881412E-03
   1.5467317E+03   2.2770000E+03   2.2320000E+03   1.7959659E-03   1.9392600E-03
   1.5467392E+03   2.1790000E+03   2.1390000E+03   2.2482772E-03   2.2903180E-03
   1.5467467E+03   2.1990000E+03   2.1550000E+03   1.5191847E-03   1.5500822E-03
   1.5467542E+03   2.1700000E+03   2.1310000E+03   7.3573035E-04   7.4771450E-04
   1.5467618E+03   2.1700000E+03   2.1270000E+03   2.5770538E-03   2.6165526E-03
   1.5467693E+03   2.2470000E+03   2.2090000E+03   9.2188151E-04   9.3778490E-04
   1.5467768E+03   2.2300000E+03   2.1890000E+03   1.0062678E-03   1.0250873E-03
   1.5467844E+03   2.3130000E+03   2.2750000E+03   1.9927599E-03   2.0428022E-03
   1.5467919E+03   2.2000000E+03   2.1430000E+03   5.0300504E-04   3.8303418E-04
   1.5467994E+03   2.2850000E+03   2.2320000E+03   1.8347272E-03   1.8538005E-03
   1.5468069E+03   2.1870000E+03   2.1490000E+03   1.2516827E-03   1.2738359E-03
   1.5468145E+03   2.2390000E+03   2.2050000E+03   2.3338300E-03   2.3698707E-03
   1.5468220E+03   2.2030000E+03   2.1590000E+03   1.7495662E-03   1.7851966E-03
   1.5468295E+03   2.2160000E+03   2.1780000E+03   2.5965034E-03   2.6226935E-03
   1.5468371E+03   2.3060000E+03   2.2620000E+03   7.2194857E-04   6.1970202E-04
   1.5468446E+03   2.3260000E+03   2.2900000E+03   1.1463105E-03   1.1643303E-03
   1.5468521E+03   2.2220000E+03   2.1760000E+03   1.7091928E-03   1.7454764E-03
   1.5468596E+03   2.2310000E+03   2.1840000E+03   1.7154657E-03   1.7524034E-03
   1.5468672E+03   2.1960000E+03   2.1520000E+03   4.6556763E-04   4.7501619E-04
   1.5468747E+03   2.2680000E+03   2.2240000E+03   3.4412492E-03   3.4806558E-03
   1.5468822E+03   2.2190000E+03   2.1800000E+03   3.2835306E-04   3.3423439E-04
   1.5468898E+03   2.2830000E+03   2.2520000E+03   5.7010990E-04   5.4678250E-04
   1.5468973E+03   2.2400000E+03   2.1930000E+03   7.0111428E-04   7.2310464E-04
   1.5469048E+03   2.2290000E+03   2.1880000E+03   1.4644804E-03   1.4919985E-03
   1.5469123E+03   2.3960000E+03   2.3560000E+03   1.0527637E-03   1.0382988E-03
   1.5469199E+03   2.2920000E+03   2.2500000E+03   2.1622857E-03   2.2026718E-03
   1.5469274E+03   2.2460000E+03   2.2040000E+03   1.2568875E-03   1.2021379E-03
   1.5469349E+03   2.2380000E+03   2.2030000E+03   2.0625104E-03   2.0951948E-03
   1.5469425E+03   2.3320000E+03   2.2790000E+03   1.3544775E-03   1.3853013E-03
   1.5469500E+03   2.2540000E+03   2.2130000E+03   2.0085271E-03   2.3647221E-03
   1.5469575E+03   2.2600000E+03   2.2290000E+03   9.8898418E-04   1.0027665E-03
   1.5469650E+03   2.2650000E+03   2.2220000E+03   1.9889656E-03   2.1000652E-03
   1.5469726E+03   2.2730000E+03   2.2350000E+03   2.2260646E-03   2.2639028E-03
   1.5469801E+03   2.2960000E+03   2.2450000E+03   2.4816319E-03   2.4806469E-03
   1.5469876E+03   2.2780000E+03   2.2430000E+03   1.7686816E-03   1.7973457E-03
   1.5469951E+03   2.3220000E+03   2.2850000E+03   5.4896807E-04   5.5787304E-04
   1.5470027E+03   2.2520000E+03   2.2090000E+03   1.0679643E-03   1.0870186E-03
   1.5470102E+03   2.3110000E+03   2.2740000E+03   2.5936872E-04   2.6355804E-04
   1.5470177E+03   2.3220000E+03   2.2830000E+03   1.7146686E-03   1.9698449E-03
   1.5470253E+03   2.2850000E+03   2.2510000E+03   6.6892377E-04   7.0639845E-04
   1.5470328E+03   2.2630000E+03   2.2320000E+03   9.1019318E-04   9.1243801E-04
   1.5470403E+03   2.3190000E+03   2.2760000E+03   1.3686232E-03   1.4254670E-03
   1.5470478E+03   2.3320000E+03   2.2940000E+03   7.7286331E-04   7.6177016E-04
   1.5470554E+03   2.2340000E+03   2.1850000E+03   9.0835700E-04   9.2877070E-04
   1.5470629E+03   2.2420000E+03   2.2000000E+03   9.8641342E-04   1.0050017E-03
   1.5470704E+03   2.2910000E+03   2.2490000E+03   6.1668606E-04   6.2817544E-04
   1.5470780E+03   2.2910000E+03   2.2520000E+03   1.9159743E-04   1.9489445E-04
   1.5470855E+03   2.2260000E+03   2.1950000E+03   1.5149515E-03   1.5363772E-03
   1.5470930E+03   2.3760000E+03   2.3330000E+03   2.9834203E-03   3.0386124E-03
   1.5471005E+03   2.3490000E+03   2.3020000E+03   1.7329151E-03   1.7683496E-03
   1.5471081E+03   2.2910000E+03   2.2540000E+03   1.8834279E-03   2.0677583E-03
   1.5471156E+03   2.2970000E+03   2.2410000E+03   4.3719373E-04   5.8905118E-04
   1.5471231E+03   2.3140000E+03   2.2690000E+03   8.5822111E-04   8.7530298E-04
   1.5471307E+03   2.3830000E+03   2.3400000E+03   6.2025924E-04   6.3172056E-04
   1.5471382E+03   2.3680000E+03   2.3310000E+03   1.5603576E-03   1.5853218E-03
   1.5471457E+03   2.3860000E+03   2.3550000E+03   2.7034526E-03   2.7390884E-03
   1.5471532E+03   2.3410000E+03   2.2940000E+03   1.4826131E-03   1.5131867E-03
   1.5471608E+03   2.3270000E+03   2.2820000E+03   2.9060551E-03   2.9633228E-03
   1.5471683E+03   2.3200000E+03   2.2670000E+03   6.9547430E-04   7.1167566E-04
   1.5471758E+03   2.3190000E+03   2.2810000E+03   2.8677748E-03   2.7620598E-03
   1.5471834E+03   2.3640000E+03   2.3220000E+03   2.5841418E-03   2.6309502E-03
   1.5471909E+03   2.3030000E+03   2.2610000E+03   2.2946354E-03   2.2200625E-03
   1.5471984E+03   2.3480000E+03   2.2990000E+03   4.1767213E-04   3.1572007E-04
   1.5472059E+03   2.3590000E+03   2.3150000E+03   2.2829597E-03   2.3265731E-03
   1.5472135E+03   2.4670000E+03   2.4230000E+03   6.1785985E-04   6.2888229E-04
   1.5472210E+03   2.3390000E+03   2.2980000E+03   2.0302760E-03   2.0665197E-03
   1.5472285E+03   2.4730000E+03   2.4270000E+03   2.8797260E-03   2.8768676E-03
   1.5472361E+03   2.2820000E+03   2.2510000E+03   2.4869908E-03   2.5704469E-03
   1.5472436E+03   2.3960000E+03   2.3500000E+03   1.3680552E-03   1.3948087E-03
   1.5472511E+03   2.3540000E+03   2.3120000E+03   1.2450735E-04   1.2673171E-04
   1.5472586E+03   2.3940000E+03   2.3360000E+03   2.1762574E-03   2.2302709E-03
   1.5472662E+03   2.4300000E+03   2.3760000E+03   1.4144980E-03   1.4466502E-03
   1.5472737E+03   2.3320000E+03   2.2840000E+03   1.0183618E-03   1.0398667E-03
   1.5472812E+03   2.3780000E+03   2.3330000E+03   3.4087002E-03   3.4742363E-03
   1.5472888E+03   2.4090000E+03   2.3640000E+03   1.3202702E-03   1.3446408E-03
   1.5472963E+03   2.3610000E+03   2.3220000E+03   1.6590625E-03   1.6869587E-03
   1.5473038E+03   2.3360000E+03   2.2970000E+03   6.3370022E-04   6.4339017E-04
   1.5473113E+03   2.4630000E+03   2.4120000E+03   1.2006811E-03   1.2261712E-03
   1.5473189E+03   2.4400000E+03   2.3960000E+03   1.8178879E-03   1.8512705E-03
   1.5473264E+03   2.3740000E+03   2.3310000E+03   1.3072244E-03   1.3312653E-03
   1.5473339E+03   2.4190000E+03   2.3730000E+03   4.6628121E-04   4.7513583E-04
   1.5473415E+03   2.4500000E+03   2.3990000E+03   2.3394126E-03   2.3891784E-03
   1.5473490E+03   2.3730000E+03   2.3200000E+03   9.9306892E-04   1.0157946E-03
   1.5473565E+03   2.4560000E+03   2.4220000E+03   8.0472038E-04   8.5221133E-04
   1.5473640E+03   2.4410000E+03   2.3910000E+03   1.5626575E-03   1.5953190E-03
   1.5473716E+03   2.3770000E+03   2.3350000E+03   6.0385489E-04   6.1451710E-04
   1.5473791E+03   2.4660000E+03   2.4290000E+03   1.4312125E-03   1.4350362E-03
   1.5473866E+03   2.3450000E+03   2.3060000E+03   2.7149398E-03   2.7609325E-03
   1.5473942E+03   2.4860000E+03   2.4430000E+03   6.5883292E-04   6.7042884E-04
   1.5474017E+03   2.4510000E+03   2.4140000E+03   2.7349654E-03   2.7768846E-03
   1.5474092E+03   2.4260000E+03   2.3910000E+03   1.0580022E-03   1.0736031E-03
   1.5474167E+03   2.3790000E+03   2.3350000E+03   8.2967714E-04   9.3023053E-04
   1.5474243E+03   2.4630000E+03   2.4120000E+03   2.3971448E-03   2.4477811E-03
   1.5474318E+03   2.4500000E+03   2.4010000E+03   2.1115897E-03   2.1547911E-03
   1.5474393E+03   2.5470000E+03   2.5100000E+03   2.5007462E-04   3.3706055E-04
   1.5474468E+03   2.4400000E+03   2.3890000E+03   2.0519790E-03   2.2162134E-03
   1.5474544E+03   2.4380000E+03   2.3960000E+03   1.2353993E-03   1.2571192E-03
   1.5474619E+03   2.4630000E+03   2.4160000E+03   1.4752035E-03   1.5039827E-03
   1.5474694E+03   2.4480000E+03   2.4080000E+03   5.0960238E-04   5.1261191E-04
   1.5474770E+03   2.4070000E+03   2.3570000E+03   3.7579353E-03   3.8376902E-03
   1.5474845E+03   2.5130000E+03   2.4790000E+03   1.2374905E-03   1.2545115E-03
   1.5474920E+03   2.4290000E+03   2.3990000E+03   2.4419969E-03   2.4725464E-03
   1.5474995E+03   2.4330000E+03   2.3930000E+03   9.5098909E-04   9.6717201E-04
   1.5475071E+03   2.4880000E+03   2.4540000E+03   7.4931331E-04   7.5966849E-04
   1.5475146E+03   2.4940000E+03   2.4510000E+03   1.8334778E-03   1.8656952E-03
   1.5475221E+03   2.4750000E+03   2.4270000E+03   8.6718787E-04   8.8439366E-04
   1.5475297E+03   2.4370000E+03   2.4090000E+03   2.8733476E-03   2.9060168E-03
   1.5475372E+03   2.4960000E+03   2.4540000E+03   4.9553058E-04   5.0399862E-04
   1.5475447E+03   2.4090000E+03   2.3660000E+03   6.9856920E-04   7.1134777E-04
   1.5475522E+03   2.5070000E+03   2.4800000E+03   1.3797515E-03   1.3947346E-03
   1.5475598E+03   2.4670000E+03   2.4270000E+03   8.1006525E-04   8.8395682E-04
   1.5475673E+03   2.4420000E+03   2.4120000E+03   5.7282446E-04   5.7995922E-04
   1.5475748E+03   2.4590000E+03   2.4150000E+03   3.8174725E-04   4.3887225E-04
   1.5475824E+03   2.4410000E+03   2.4010000E+03   1.0393034E-03   1.0566147E-03
   1.5475899E+03   2.4030000E+03   2.3580000E+03   1.7922877E-03   1.8264700E-03
   1.5475974E+03   2.5110000E+03   2.4750000E+03   6.2531790E-04   6.3452304E-04
   1.5476049E+03   2.4470000E+03   2.4010000E+03   6.5110444E-04   6.1898877E-04
   1.5476125E+03   2.4820000E+03   2.4320000E+03   1.3847551E-03   1.4132163E-03
   1.5476200E+03   2.4740000E+03   2.4330000E+03   3.0990651E-03   3.1512607E-03
   1.5476275E+03   2.5040000E+03   2.4710000E+03   2.2588979E-03   2.2686308E-03
   1.5476351E+03   2.4820000E+03   2.4250000E+03   1.9157704E-03   1.9607624E-03
   1.5476426E+03   2.4920000E+03   2.4440000E+03   3.2188806E-03   3.2821370E-03
   1.5476501E+03   2.4910000E+03   2.4360000E+03   1.9439777E-03   1.9878328E-03
   1.5476576E+03   2.5680000E+03   2.5360000E+03   7.2140556E-04   7.3051457E-04
   1.5476652E+03   2.4510000E+03   2.4080000E+03   6.4165062E-04   6.5308827E-04
   1.5476727E+03   2.4110000E+03   2.3710000E+03   3.9010933E-04   3.9669894E-04
   1.5476802E+03   2.5470000E+03   2.5130000E+03   1.8165237E-03   1.8410877E-03
   1.5476878E+03   2.5030000E+03   2.4650000E+03   1.8946595E-03   1.9240039E-03
   1.5476953E+03   2.5410000E+03   2.4980000E+03   1.6820727E-03   1.7109433E-03
   1.5477028E+03   2.5700000E+03   2.5170000E+03   8.2857741E-04   8.4506452E-04
   1.5477103E+03   2.5530000E+03   2.5090000E+03   6.2266386E-04   6.6459816E-04
   1.5477179E+03   2.5270000E+03   2.4920000E+03   5.1512598E-04   5.2228764E-04
   1.5477254E+03   2.4980000E+03   2.4560000E+03   1.2365318E-03   1.2576897E-03
   1.5477329E+03   2.6840000E+03   2.6490000E+03   1.4672674E-03   1.4866665E-03
   1.5477405E+03   2.5600000E+03   2.5190000E+03   1.4633034E-03   1.4871205E-03
   1.5477480E+03   2.5890000E+03   2.5520000E+03   1.1356379E-03   1.1520967E-03
   1.5477555E+03   2.5080000E+03   2.4700000E+03   1.2546014E-03   1.2738502E-03
   1.5477630E+03   2.6540000E+03   2.6200000E+03   1.0416953E-03   1.0552017E-03
   1.5477706E+03   2.5460000E+03   2.4920000E+03   1.5100344E-03   1.5426006E-03
   1.5477781E+03   2.5200000E+03   2.4860000E+03   1.5607144E-03   1.5820751E-03
   1.5477856E+03   2.5300000E+03   2.4920000E+03   1.2941750E-03   1.3145793E-03
   1.5477932E+03   2.5590000E+03   2.5200000E+03   1.3009806E-03   1.3211365E-03
   1.5478007E+03   2.5470000E+03   2.5070000E+03   1.2696176E-03   1.3107974E-03
   1.5478082E+03   2.5150000E+03   2.4790000E+03   8.4025881E-04   8.5248263E-04
   1.5478157E+03   2.5000000E+03   2.4650000E+03   9.4153708E-04   8.3502233E-04
   1.5478233E+03   2.5900000E+03   2.5470000E+03   1.8721832E-03   1.9037919E-03
   1.5478308E+03   2.4920000E+03   2.4560000E+03   1.5041885E-03   1.5262262E-03
   1.5478383E+03   2.5270000E+03   2.4760000E+03   2.7755394E-04   2.8326134E-04
   1.5478459E+03   2.5680000E+03   2.5230000E+03   1.6980528E-03   1.7283250E-03
   1.5478534E+03   2.5520000E+03   2.5060000E+03   1.5115603E-03   1.5391874E-03
   1.5478609E+03   2.5380000E+03   2.4900000E+03   1.3079813E-03   1.3330829E-03
   1.5478684E+03   2.4440000E+03   2.4050000E+03   6.8390391E-04   6.9499893E-04
   1.5478760E+03   2.5990000E+03   2.5710000E+03   1.8772450E-03   1.8976914E-03
   1.5478835E+03   2.6030000E+03   2.5670000E+03   8.9198472E-04   9.0448704E-04
   1.5478910E+03   2.4750000E+03   2.4370000E+03   5.6275031E-04   5.7149506E-04
   1.5478985E+03   2.5770000E+03   2.5390000E+03   1.5545003E-03   1.7248496E-03
   1.5479061E+03   2.5300000E+03   2.5000000E+03   2.4026720E-03   2.4307949E-03
   1.5479136E+03   2.5390000E+03   2.4930000E+03   7.2517994E-04   7.3857617E-04
   1.5479211E+03   2.5360000E+03   2.4950000E+03   1.8616696E-03   1.8922465E-03
   1.5479287E+03   2.6450000E+03   2.6070000E+03   9.1702012E-04   9.3037388E-04
   1.5479362E+03   2.5820000E+03   2.5530000E+03   1.3531207E-03   1.3673010E-03
   1.5479437E+03   2.6160000E+03   2.5710000E+03   1.3195709E-03   1.5082893E-03
   1.5479512E+03   2.5760000E+03   2.5290000E+03   1.2771704E-03   1.3007549E-03
   1.5479588E+03   2.5780000E+03   2.5280000E+03   5.9959132E-04   6.1054911E-04
   1.5479663E+03   2.6100000E+03   2.5810000E+03   4.3689074E-04   4.4178214E-04
   1.5479738E+03   2.4940000E+03   2.4590000E+03   9.9527004E-04   1.0093657E-03
   1.5479814E+03   2.6710000E+03   2.6240000E+03   5.9888518E-04   6.2880364E-04
   1.5479889E+03   2.5950000E+03   2.5550000E+03   1.2887772E-03   1.3088575E-03
   1.5479964E+03   2.6350000E+03   2.5940000E+03   1.6955991E-03   1.7224215E-03
   1.5480039E+03   2.6440000E+03   2.5990000E+03   2.4280327E-03   2.4699356E-03
   1.5480115E+03   2.5580000E+03   2.5150000E+03   5.6580698E-04   5.7520395E-04
   1.5480190E+03   2.5290000E+03   2.4850000E+03   1.3528011E-03   1.3766293E-03
   1.5480265E+03   2.6200000E+03   2.5690000E+03   7.3265118E-04   8.3455922E-04
   1.5480341E+03   2.6310000E+03   2.5870000E+03   5.4534648E-04   5.5467395E-04
   1.5480416E+03   2.5420000E+03   2.5130000E+03   4.8365431E-04   4.8922959E-04
   1.5480491E+03   2.6660000E+03   2.6230000E+03   1.7258480E-03   1.7541359E-03
   1.5480566E+03   2.5880000E+03   2.5530000E+03   1.5097827E-03   1.5305024E-03
   1.5480642E+03   2.6260000E+03   2.5760000E+03   2.4553211E-04   2.5029358E-04
   1.5480717E+03   2.6710000E+03   2.6360000E+03   1.6294189E-03   1.6510331E-03
   1.5480792E+03   2.6740000E+03   2.6340000E+03   1.1644893E-03   1.1821855E-03
   1.5480868E+03   2.5890000E+03   2.5470000E+03   1.3676688E-03   1.3901391E-03
   1.5480943E+03   2.5800000E+03   2.5380000E+03   8.6195732E-04   8.7621788E-04
   1.5481018E+03   2.6680000E+03   2.6250000E+03   1.1040687E-03   1.1221622E-03
   1.5481093E+03   2.7460000E+03   2.7020000E+03   1.5160001E-03   1.5407337E-03
   1.5481169E+03   2.7040000E+03   2.6650000E+03   1.2086150E-03   1.2258944E-03
   1.5481244E+03   2.6030000E+03   2.5600000E+03   8.4008763E-04   8.5420035E-04
   1.5481319E+03   2.6570000E+03   2.6110000E+03   9.1269011E-05   9.2836890E-05
   1.5481395E+03   2.6580000E+03   2.6240000E+03   1.0789967E-03   1.0929820E-03
   1.5481470E+03   2.5610000E+03   2.5220000E+03   1.5395072E-03   1.5633205E-03
   1.5481545E+03   2.6370000E+03   2.6030000E+03   3.4012607E-03   3.4456773E-03
   1.5481620E+03   2.5770000E+03   2.5430000E+03   4.0302476E-04   4.0831563E-04
   1.5481696E+03   2.6960000E+03   2.6620000E+03   7.0772956E-04   7.1678301E-04
   1.5481771E+03   2.6160000E+03   2.5670000E+03   1.5150005E-03   1.5433719E-03
   1.5481846E+03   2.5160000E+03   2.4810000E+03   5.0474913E-04   5.1188907E-04
   1.5481922E+03   2.5610000E+03   2.5270000E+03   1.4820210E-03   1.5019260E-03
   1.5481997E+03   2.7550000E+03   2.7220000E+03   4.2320047E-04   4.2855957E-04
   1.5482072E+03   2.6160000E+03   2.5810000E+03   1.0423058E-03   1.0563952E-03
   1.5482147E+03   2.7100000E+03   2.6770000E+03   1.6164568E-03   1.6363841E-03
   1.5482223E+03   2.6480000E+03   2.6000000E+03   2.1833822E-03   2.0652008E-03
   1.5482298E+03   2.5800000E+03   2.5510000E+03   1.7362699E-03   1.7559989E-03
   1.5482373E+03   2.6640000E+03   2.6310000E+03   1.1012679E-03   1.1150847E-03
   1.5482449E+03   2.6170000E+03   2.5720000E+03   4.9798049E-04   5.0005716E-04
   1.5482524E+03   2.7060000E+03   2.6650000E+03   1.6648879E-03   1.6314263E-03
   1.5482599E+03   2.6780000E+03   2.6330000E+03   1.2120910E-03   1.2327835E-03
   1.5482674E+03   2.7490000E+03   2.7160000E+03   5.6380920E-04   5.7065894E-04
   1.5482750E+03   2.6810000E+03   2.6480000E+03   1.2065233E-03   1.1590916E-03
   1.5482825E+03   2.7120000E+03   2.6800000E+03   8.5953355E-04   8.6990593E-04
   1.5482900E+03   2.7460000E+03   2.7110000E+03   8.7135505E-04   8.8259765E-04
   1.5482976E+03   2.7460000E+03   2.7080000E+03   1.6668294E-03   1.6901983E-03
   1.5483051E+03   2.7440000E+03   2.7080000E+03   1.5145101E-03   1.5346416E-03
   1.5483126E+03   2.7250000E+03   2.6700000E+03   1.2445581E-03   1.2701534E-03
   1.5483201E+03   2.7150000E+03   2.6810000E+03   1.4250511E-03   1.4430458E-03
   1.5483277E+03   2.6440000E+03   2.6020000E+03   2.4697578E-03   2.5095915E-03
   1.5483352E+03   2.6790000E+03   2.6480000E+03   9.8014546E-04   9.9162588E-04
   1.5483427E+03   2.6830000E+03   2.6440000E+03   5.9928458E-04   6.0812194E-04
   1.5483502E+03   2.5980000E+03   2.5620000E+03   1.0445616E-03   1.0592663E-03
   1.5483578E+03   2.6550000E+03   2.6210000E+03   1.5028371E-03   1.5223236E-03
   1.5483653E+03   2.7320000E+03   2.6920000E+03   5.5448831E-04   5.6271637E-04
   1.5483728E+03   2.7160000E+03   2.6810000E+03   1.5963483E-03   1.6173581E-03
   1.5483804E+03   2.7050000E+03   2.6670000E+03   9.1531803E-04   9.2832892E-04
   1.5483879E+03   2.6800000E+03   2.6450000E+03   1.8594245E-03   1.8842185E-03
   1.5483954E+03   2.7430000E+03   2.7050000E+03   7.9358896E-04   8.0544961E-04
   1.5484029E+03   2.7780000E+03   2.7480000E+03   1.2789663E-03   1.2930781E-03
   1.5484105E+03   2.7440000E+03   2.7040000E+03   1.3468257E-03   1.3667262E-03
   1.5484180E+03   2.7070000E+03   2.6690000E+03   1.3713688E-03   1.3908947E-03
   1.5484255E+03   2.6710000E+03   2.6280000E+03   1.0344088E-03   1.0513237E-03
   1.5484331E+03   2.7210000E+03   2.6760000E+03   1.1234925E-03   1.1424344E-03
   1.5484406E+03   2.7470000E+03   2.7110000E+03   2.6178871E-03   2.6526379E-03
   1.5484481E+03   2.6830000E+03   2.6500000E+03   1.6013627E-03   1.6213545E-03
   1.5484556E+03   2.7460000E+03   2.7080000E+03   2.2853046E-04   2.3176855E-04
   1.5484632E+03   2.6460000E+03   2.6000000E+03   6.0197536E-04   6.1263428E-04
   1.5484707E+03   2.6740000E+03   2.6250000E+03   5.4720726E-04   5.5740735E-04
   1.5484782E+03   2.7230000E+03   2.6780000E+03   5.6925033E-04   5.7889107E-04
   1.5484858E+03   2.7570000E+03   2.7130000E+03   3.9918795E-04   4.0565925E-04
   1.5484933E+03   2.8090000E+03   2.7730000E+03   6.5694286E-04   6.6540209E-04
   1.5485008E+03   2.7200000E+03   2.6760000E+03   6.6313949E-04   6.7436100E-04
   1.5485083E+03   2.7700000E+03   2.7350000E+03   2.9696678E-04   3.0033248E-04
   1.5485159E+03   2.7650000E+03   2.7330000E+03   9.5930191E-04   9.7052769E-04
   1.5485234E+03   2.6170000E+03   2.5820000E+03   7.1672737E-04   6.7682707E-04
   1.5485309E+03   2.8080000E+03   2.7840000E+03   4.2003871E-04   4.2365689E-04
   1.5485385E+03   2.7020000E+03   2.6690000E+03   7.5975658E-04   7.6922627E-04
   1.5485460E+03   2.7250000E+03   2.6960000E+03   1.4895976E-03   1.5056172E-03
   1.5485535E+03   2.7460000E+03   2.7140000E+03   1.3308102E-03   1.3465279E-03
   1.5485610E+03   2.7480000E+03   2.7070000E+03   1.9419713E-03   1.9713168E-03
   1.5485686E+03   2.7460000E+03   2.6970000E+03   2.0488831E-03   2.0860899E-03
   1.5485761E+03   2.7570000E+03   2.7150000E+03   1.3805662E-03   1.2565606E-03
   1.5485836E+03   2.7460000E+03   2.7090000E+03   1.5290478E-03   1.5499298E-03
   1.5485912E+03   2.7780000E+03   2.7390000E+03   4.4057967E-04   4.4687671E-04
   1.5485987E+03   2.7870000E+03   2.7500000E+03   8.2581238E-04   8.3693532E-04
   1.5486062E+03   2.7820000E+03   2.7380000E+03   1.2441015E-03   1.2640850E-03
   1.5486137E+03   2.7970000E+03   2.7570000E+03   6.7673920E-04   6.8659336E-04
   1.5486213E+03   2.7710000E+03   2.7390000E+03   2.0195257E-03   2.0431139E-03
   1.5486288E+03   2.7870000E+03   2.7470000E+03   2.3960661E-04   2.4310288E-04
   1.5486363E+03   2.7850000E+03   2.7320000E+03   1.5427333E-03   1.5726717E-03
   1.5486439E+03   2.7930000E+03   2.7670000E+03   5.3555777E-04   5.4059648E-04
   1.5486514E+03   2.7590000E+03   2.7300000E+03   1.5363410E-03   1.4393884E-03
   1.5486589E+03   2.7880000E+03   2.7540000E+03   8.6570589E-04   8.7635869E-04
   1.5486664E+03   2.8190000E+03   2.7820000E+03   1.3624473E-03   1.4291939E-03
   1.5486740E+03   2.7690000E+03   2.7280000E+03   6.6977704E-04   7.3994005E-04
   1.5486815E+03   2.7650000E+03   2.7190000E+03   7.9050845E-04   8.0385868E-04
   1.5486890E+03   2.8010000E+03   2.7720000E+03   1.3281031E-03   1.3419977E-03
   1.5486966E+03   2.7640000E+03   2.7270000E+03   1.1608973E-03   1.1766547E-03
   1.5487041E+03   2.7880000E+03   2.7550000E+03   1.5027338E-03   1.5207248E-03
   1.5487116E+03   2.8210000E+03   2.7810000E+03   1.4127934E-03   1.4330905E-03
   1.5487191E+03   2.8590000E+03   2.8190000E+03   9.5420814E-04   9.6762189E-04
   1.5487267E+03   2.7460000E+03   2.7020000E+03   9.4933472E-04   9.6483083E-04
   1.5487342E+03   2.7460000E+03   2.7040000E+03   1.6849740E-03   1.7328309E-03
   1.5487417E+03   2.8830000E+03   2.8410000E+03   8.1375959E-04   8.2576576E-04
   1.5487493E+03   2.6830000E+03   2.6500000E+03   9.0843428E-04   9.1974284E-04
   1.5487568E+03   2.7990000E+03   2.7520000E+03   8.7559327E-04   8.5051003E-04
   1.5487643E+03   2.7970000E+03   2.7630000E+03   9.4214063E-04   9.5372625E-04
   1.5487718E+03   2.7710000E+03   2.7330000E+03   4.4238742E-04   4.4847935E-04
   1.5487794E+03   2.8190000E+03   2.7850000E+03   1.0330339E-03   1.0445447E-03
   1.5487869E+03   2.8250000E+03   2.7900000E+03   1.1102679E-03   1.1240402E-03
   1.5487944E+03   2.7590000E+03   2.7140000E+03   2.1726852E-03   2.2087084E-03
   1.5488019E+03   2.7030000E+03   2.6700000E+03   1.1780521E-03   1.1926058E-03
   1.5488095E+03   2.8100000E+03   2.7710000E+03   1.8234791E-03   1.8501414E-03
   1.5488170E+03   2.9020000E+03   2.8640000E+03   1.6905738E-03   1.7130060E-03
   1.5488245E+03   2.8090000E+03   2.7770000E+03   1.7338527E-03   1.7538497E-03
   1.5488321E+03   2.8510000E+03   2.8210000E+03   2.5361095E-03   2.5630677E-03
   1.5488396E+03   2.8430000E+03   2.8140000E+03   8.1024794E-04   7.7020530E-04
   1.5488471E+03   2.8380000E+03   2.8010000E+03   9.8338172E-04   9.9637398E-04
   1.5488546E+03   2.8660000E+03   2.8210000E+03   1.3706175E-03   1.3924325E-03
   1.5488622E+03   2.7730000E+03   2.7300000E+03   5.0764941E-04   5.1569614E-04
   1.5488697E+03   2.9330000E+03   2.8990000E+03   6.3397907E-04   6.4140633E-04
   1.5488772E+03   2.8190000E+03   2.7790000E+03   3.2865130E-04   3.7911608E-04
   1.5488848E+03   2.8560000E+03   2.8230000E+03   1.1815137E-03   1.1952885E-03
   1.5488923E+03   2.7880000E+03   2.7610000E+03   1.8784871E-03   1.7705006E-03
   1.5488998E+03   2.8610000E+03   2.8220000E+03   1.7709789E-03   1.7954476E-03
   1.5489073E+03   2.8520000E+03   2.8160000E+03   1.3739044E-03   1.3914600E-03
   1.5489149E+03   2.8520000E+03   2.8110000E+03   7.0278144E-04   7.5204455E-04
   1.5489224E+03   2.7860000E+03   2.7530000E+03   8.2825972E-04   9.9235459E-04
   1.5489299E+03   2.8480000E+03   2.8240000E+03   9.3139759E-04   9.3984904E-04
   1.5489375E+03   2.7850000E+03   2.7550000E+03   5.4448135E-04   5.5041740E-04
   1.5489450E+03   2.8330000E+03   2.7990000E+03   1.7234701E-03   1.7436427E-03
   1.5489525E+03   2.8620000E+03   2.8300000E+03   9.3756438E-04   1.0740533E-03
   1.5489600E+03   2.8030000E+03   2.7630000E+03   6.7153532E-04   6.8127329E-04
   1.5489676E+03   2.8340000E+03   2.8070000E+03   2.1640853E-03   2.0390707E-03
   1.5489751E+03   2.8730000E+03   2.8320000E+03   6.9898021E-04   7.0911812E-04
   1.5489826E+03   2.8170000E+03   2.7830000E+03   9.9214365E-04   9.0209763E-04
   1.5489902E+03   2.7570000E+03   2.7250000E+03   6.0533423E-04   6.1096442E-04
   1.5489977E+03   2.8370000E+03   2.7960000E+03   1.0731929E-03   1.1985628E-03
   1.5490052E+03   2.7460000E+03   2.7060000E+03   1.5567888E-03   1.5233126E-03
   1.5490127E+03   2.8240000E+03   2.7810000E+03   1.3521930E-03   1.3730672E-03
   1.5490203E+03   2.9430000E+03   2.9000000E+03   1.5083069E-03   1.5306338E-03
   1.5490278E+03   2.8670000E+03   2.8300000E+03   8.5782075E-04   8.6903887E-04
   1.5490353E+03   2.8140000E+03   2.7690000E+03   1.0707759E-03   1.0029824E-03
   1.5490429E+03   2.8270000E+03   2.7870000E+03   6.4520423E-04   6.5445013E-04
   1.5490504E+03   2.8760000E+03   2.8420000E+03   4.7856505E-05   4.8424811E-05
   1.5490579E+03   2.8550000E+03   2.8150000E+03   3.5222431E-04   3.5722426E-04
   1.5490654E+03   2.8590000E+03   2.8260000E+03   1.5122034E-03   1.5298627E-03
   1.5490730E+03   2.8990000E+03   2.8590000E+03   1.2037460E-03   1.2272461E-03
   1.5490805E+03   2.9140000E+03   2.8760000E+03   1.4054665E-03   1.3882479E-03
   1.5490880E+03   2.9420000E+03   2.8970000E+03   5.1670517E-04   5.2471585E-04
   1.5490956E+03   2.9520000E+03   2.8990000E+03   5.1800662E-04   7.5659738E-04
   1.5491031E+03   2.8730000E+03   2.8370000E+03   1.3235826E-03   1.3119745E-03
   1.5491106E+03   2.9050000E+03   2.8700000E+03   2.9262243E-04   1.6582191E-04
   1.5491181E+03   2.8370000E+03   2.7970000E+03   1.7708296E-03   1.7961629E-03
   1.5491257E+03   2.8530000E+03   2.8200000E+03   6.3390493E-04   6.4114581E-04
   1.5491332E+03   2.8930000E+03   2.8650000E+03   1.8773883E-03   1.8334464E-03
   1.5491407E+03   2.9170000E+03   2.8720000E+03   1.2761727E-03   1.2710615E-03
   1.5491483E+03   2.8580000E+03   2.8180000E+03   8.1649722E-04   8.7995969E-04
   1.5491558E+03   2.9110000E+03   2.8770000E+03   7.0460749E-04   7.1293247E-04
   1.5491633E+03   2.9530000E+03   2.9170000E+03   9.5752630E-04   1.0281360E-03
   1.5491708E+03   2.8180000E+03   2.7900000E+03   1.2720696E-03   1.3302190E-03
   1.5491784E+03   2.8500000E+03   2.8120000E+03   1.4884432E-03   1.6025296E-03
   1.5491859E+03   2.8520000E+03   2.8170000E+03   9.0320838E-04   8.9945319E-04
   1.5491934E+03   2.8440000E+03   2.8160000E+03   1.0270647E-03   1.0412269E-03
   1.5492010E+03   2.9860000E+03   2.9460000E+03   1.6714217E-03   1.6962100E-03
   1.5492085E+03   2.9130000E+03   2.8710000E+03   2.6679027E-04   2.7068156E-04
   1.5492160E+03   2.9580000E+03   2.9220000E+03   1.3706982E-03   1.3529752E-03
   1.5492235E+03   2.8530000E+03   2.8190000E+03   1.8034791E-03   1.7655179E-03
   1.5492311E+03   2.9210000E+03   2.8790000E+03   1.3991442E-03   1.5368312E-03
   1.5492386E+03   2.8960000E+03   2.8610000E+03   2.2192017E-03   2.2281477E-03
   1.5492461E+03   2.9250000E+03   2.8920000E+03   1.7259109E-03   1.6481543E-03
   1.5492536E+03   2.8620000E+03   2.8310000E+03   8.6999903E-04   8.9660430E-04
   1.5492612E+03   2.9680000E+03   2.9140000E+03   1.0852959E-03   1.0898770E-03
   1.5492687E+03   2.7040000E+03   2.6660000E+03   1.3416036E-03   1.4616485E-03
   1.5492762E+03   2.9600000E+03   2.9210000E+03   8.0896375E-04   9.5249208E-04
   1.5492838E+03   2.9330000E+03   2.8900000E+03   1.1614705E-03   1.1787635E-03
   1.5492913E+03   2.9590000E+03   2.9240000E+03   2.8541652E-04   4.0326808E-04
   1.5492988E+03   2.7820000E+03   2.7440000E+03   2.0793922E-03   2.2473555E-03
   1.5493063E+03   2.8950000E+03   2.8610000E+03   4.6721957E-04   4.7277198E-04
   1.5493139E+03   2.9600000E+03   2.9220000E+03   1.2051310E-03   1.2775516E-03
   1.5493214E+03   2.8490000E+03   2.8000000E+03   1.6829687E-03   1.7083693E-03
   1.5493289E+03   2.9830000E+03   2.9490000E+03   1.3231497E-03   1.3377055E-03
   1.5493365E+03   2.9520000E+03   2.9190000E+03   1.8157030E-03   1.7944192E-03
   1.5493440E+03   2.9320000E+03   2.8930000E+03   2.0177224E-03   2.1022900E-03
   1.5493515E+03   2.8960000E+03   2.8550000E+03   1.0809053E-03   1.0964292E-03
   1.5493590E+03   2.9180000E+03   2.8830000E+03   1.4260205E-03   1.3551080E-03
   1.5493666E+03   2.9180000E+03   2.8810000E+03   2.1989644E-03   2.1612262E-03
   1.5493741E+03   2.9940000E+03   2.9620000E+03   1.0577319E-03   1.1296747E-03
   1.5493816E+03   2.9090000E+03   2.8670000E+03   9.0431492E-04   8.8446670E-04
   1.5493892E+03   2.9160000E+03   2.8770000E+03   6.3717877E-04   6.4116873E-04
   1.5493967E+03   2.9410000E+03   2.8990000E+03   1.0538424E-03   1.0691151E-03
   1.5494042E+03   2.8580000E+03   2.8220000E+03   4.7510553E-04   6.2688026E-04
   1.5494117E+03   2.9920000E+03   2.9460000E+03   7.6102673E-04   7.2996510E-04
   1.5494193E+03   2.9460000E+03   2.9050000E+03   1.8965331E-03   1.8902449E-03
   1.5494268E+03   2.9800000E+03   2.9410000E+03   1.1702924E-03   1.1284579E-03
   1.5494343E+03   2.9560000E+03   2.9270000E+03   1.3633172E-03   1.3660935E-03
   1.5494419E+03   2.9130000E+03   2.8760000E+03   1.7476316E-03   1.7701173E-03
   1.5494494E+03   3.0070000E+03   2.9690000E+03   1.0800207E-03   1.0938420E-03
   1.5494569E+03   2.9060000E+03   2.8760000E+03   1.7727898E-03   1.7221146E-03
   1.5494644E+03   2.9790000E+03   2.9470000E+03   9.9839034E-04   7.7649865E-04
   1.5494720E+03   2.9830000E+03   2.9470000E+03   7.9672969E-04   7.8371522E-04
   1.5494795E+03   2.9700000E+03   2.9310000E+03   1.4864584E-03   1.4743570E-03
   1.5494870E+03   2.9270000E+03   2.8870000E+03   5.3613288E-04   5.4324901E-04
   1.5494946E+03   2.9840000E+03   2.9400000E+03   1.1917145E-03   1.4644592E-03
   1.5495021E+03   2.8880000E+03   2.8530000E+03   1.6909609E-03   1.6857845E-03
   1.5495096E+03   2.9430000E+03   2.9160000E+03   7.6635324E-04   8.1839861E-04
   1.5495171E+03   2.9750000E+03   2.9400000E+03   2.0434321E-03   1.9800365E-03
   1.5495247E+03   2.9640000E+03   2.9210000E+03   2.7779001E-03   2.9390933E-03
   1.5495322E+03   2.9950000E+03   2.9510000E+03   1.2158781E-03   1.2593896E-03
   1.5495397E+03   2.9110000E+03   2.8790000E+03   2.0175986E-04   4.7510555E-04
   1.5495473E+03   3.0320000E+03   2.9980000E+03   1.6109043E-03   1.7212097E-03
   1.5495548E+03   2.9130000E+03   2.8690000E+03   1.7673833E-03   1.7133957E-03
   1.5495623E+03   2.9670000E+03   2.9350000E+03   1.3169638E-03   1.5483623E-03
   1.5495698E+03   2.9800000E+03   2.9320000E+03   1.1738671E-03   1.1857947E-03
   1.5495774E+03   3.0050000E+03   2.9640000E+03   1.3849306E-03   1.5843351E-03
   1.5495849E+03   2.9510000E+03   2.9150000E+03   1.3955664E-03   1.4066966E-03
   1.5495924E+03   2.9450000E+03   2.9140000E+03   5.8179679E-04   6.9796809E-04
   1.5496000E+03   2.9780000E+03   2.9450000E+03   1.1610280E-03   1.2848334E-03
   1.5496075E+03   3.0240000E+03   2.9830000E+03   1.0997894E-03   1.1946087E-03
   1.5496150E+03   2.9710000E+03   2.9330000E+03   1.0206107E-03   9.9829829E-04
   1.5496225E+03   2.9550000E+03   2.9190000E+03   1.8843400E-04   3.5256138E-04
   1.5496301E+03   2.9240000E+03   2.8930000E+03   1.0600513E-03   9.4103779E-04
   1.5496376E+03   2.9590000E+03   2.9140000E+03   5.2410613E-04   5.8486578E-04
   1.5496451E+03   3.0320000E+03   2.9950000E+03   1.5956791E-03   1.8155541E-03
   1.5496527E+03   3.0390000E+03   3.0040000E+03   1.4273429E-03   1.4372434E-03
   1.5496602E+03   3.0260000E+03   2.9900000E+03   2.2252316E-03   2.3352132E-03
   1.5496677E+03   3.1000000E+03   3.0660000E+03   1.7152005E-03   1.7618961E-03
   1.5496752E+03   2.9330000E+03   2.8890000E+03   1.0968286E-03   9.2772182E-04
   1.5496828E+03   3.0600000E+03   3.0270000E+03   1.4461685E-03   1.4836851E-03
   1.5496903E+03   3.0890000E+03   3.0510000E+03   9.9397383E-04   1.1804416E-03
   1.5496978E+03   2.9990000E+03   2.9630000E+03   1.9304719E-04   2.8039001E-04
   1.5497053E+03   2.9620000E+03   2.9380000E+03   1.1802943E-03   1.2319857E-03
   1.5497129E+03   3.0310000E+03   3.0020000E+03   1.2175397E-03   1.2663770E-03
   1.5497204E+03   2.9620000E+03   2.9170000E+03   1.1667484E-03   1.1592900E-03
   1.5497279E+03   3.0130000E+03   2.9890000E+03   6.5372828E-04   5.4437944E-04
   1.5497355E+03   3.0200000E+03   2.9920000E+03   6.9639510E-04   7.3888343E-04
   1.5497430E+03   2.9070000E+03   2.8630000E+03   3.2106539E-04   4.4012285E-04
   1.5497505E+03   2.9850000E+03   2.9460000E+03   1.6682418E-03   1.6854715E-03
   1.5497580E+03   2.9350000E+03   2.9040000E+03   1.0679215E-03   1.1527972E-03
   1.5497656E+03   3.0520000E+03   3.0170000E+03   1.3940567E-03   1.3856048E-03
   1.5497731E+03   2.9460000E+03   2.9050000E+03   1.4197054E-03   1.1398111E-03
   1.5497806E+03   3.0990000E+03   3.0630000E+03   6.1540179E-04   5.0266418E-04
   1.5497882E+03   2.9840000E+03   2.9430000E+03   5.1456021E-04   3.4300861E-04
   1.5497957E+03   2.9740000E+03   2.9480000E+03   9.0945083E-04   8.8084736E-04
   1.5498032E+03   2.9690000E+03   2.9320000E+03   1.7947370E-03   1.7948440E-03
   1.5498107E+03   2.9300000E+03   2.8880000E+03   1.0320068E-03   8.9223865E-04
   1.5498183E+03   2.9890000E+03   2.9520000E+03   9.4019841E-04   1.3949379E-03
   1.5498258E+03   3.0040000E+03   2.9740000E+03   6.5007675E-04   6.5309533E-04
   1.5498333E+03   2.9810000E+03   2.9450000E+03   1.4072739E-03   1.3921700E-03
   1.5498409E+03   3.0960000E+03   3.0560000E+03   1.9422244E-03   2.3960505E-03
   1.5498484E+03   3.0870000E+03   3.0550000E+03   3.6227529E-04   3.8191727E-04
   1.5498559E+03   3.0440000E+03   3.0130000E+03   7.8908335E-04   9.7056648E-04
   1.5498634E+03   2.9870000E+03   2.9570000E+03   6.9537078E-04   6.3302774E-04
   1.5498710E+03   3.0890000E+03   3.0520000E+03   7.3632619E-04   5.4311737E-04
   1.5498785E+03   3.1000000E+03   3.0730000E+03   5.5162735E-04   5.3107552E-04
   1.5498860E+03   3.0200000E+03   2.9860000E+03   8.4379249E-04   8.0629427E-04
   1.5498936E+03   3.1310000E+03   3.0990000E+03   2.1235644E-03   1.9736397E-03
   1.5499011E+03   2.9740000E+03   2.9340000E+03   6.0748567E-04   5.1018929E-04
   1.5499086E+03   2.9550000E+03   2.9160000E+03   1.2337604E-03   1.3328240E-03
   1.5499161E+03   3.0030000E+03   2.9690000E+03   8.9264812E-04   7.7776168E-04
   1.5499237E+03   2.9950000E+03   2.9510000E+03   1.2917434E-03   1.2299773E-03
   1.5499312E+03   3.0040000E+03   2.9800000E+03   1.0447243E-04   2.0425893E-04
   1.5499387E+03   2.9730000E+03   2.9360000E+03   1.0583142E-03   1.3220451E-03
   1.5499463E+03   2.9630000E+03   2.9260000E+03   1.9908778E-03   1.9794012E-03
   1.5499538E+03   3.0150000E+03   2.9820000E+03   1.8789256E-03   2.0248759E-03
   1.5499613E+03   2.9200000E+03   2.8800000E+03   6.8449755E-04   7.3368605E-04
   1.5499688E+03   3.0890000E+03   3.0500000E+03   1.2029753E-03   1.1292289E-03
   1.5499764E+03   3.0000000E+03   2.9760000E+03   1.0784902E-03   9.7269364E-04
   1.5499839E+03   3.0810000E+03   3.0510000E+03   6.6928561E-04   7.3801339E-04
   1.5499914E+03   3.0910000E+03   3.0560000E+03   1.7361085E-03   1.8143286E-03
   1.5499990E+03   3.0930000E+03   3.0480000E+03   2.3083246E-03   2.4209018E-03
   1.5500065E+03   3.1060000E+03   3.0570000E+03   1.8329746E-03   1.9087234E-03
   1.5500140E+03   3.0650000E+03   3.0350000E+03   4.1602348E-04   3.4342081E-04
   1.5500215E+03   3.0720000E+03   3.0330000E+03   1.0413591E-03   1.2340479E-03
   1.5500291E+03   2.9880000E+03   2.9650000E+03   1.4451496E-03   1.7557134E-03
   1.5500366E+03   3.1610000E+03   3.1170000E+03   9.5836093E-04   1.2729204E-03
   1.5500441E+03   3.1240000E+03   3.0880000E+03   1.1259844E-03   7.5766882E-04
   1.5500517E+03   3.0400000E+03   3.0080000E+03   3.5624361E-04   7.6141099E-04
   1.5500592E+03   3.1790000E+03   3.1400000E+03   1.5293236E-03   1.4308823E-03
   1.5500667E+03   3.0580000E+03   3.0160000E+03   1.2904509E-03   1.3515705E-03
   1.5500742E+03   3.0060000E+03   2.9620000E+03   1.3113587E-03   1.3321052E-03
   1.5500818E+03   3.1320000E+03   3.0920000E+03   2.8447776E-03   2.7372324E-03
   1.5500893E+03   3.0730000E+03   3.0300000E+03   9.7230939E-04   1.0576974E-03
   1.5500968E+03   3.0430000E+03   3.0020000E+03   1.1220785E-03   1.5675372E-03
   1.5501044E+03   3.0750000E+03   3.0410000E+03   1.5361552E-03   1.3958824E-03
   1.5501119E+03   3.0770000E+03   3.0420000E+03   7.5605223E-04   6.8808639E-04
   1.5501194E+03   3.0330000E+03   3.0010000E+03   1.4880863E-03   1.2579802E-03
   1.5501269E+03   3.1180000E+03   3.0830000E+03   3.1209761E-04   3.3850740E-04
   1.5501345E+03   3.1350000E+03   3.0910000E+03   3.5700233E-04   3.1329013E-04
   1.5501420E+03   3.1220000E+03   3.0840000E+03   1.9115766E-03   1.8548479E-03
   1.5501495E+03   3.1130000E+03   3.0650000E+03   8.7307595E-04   7.8415864E-04
   1.5501571E+03   3.0400000E+03   3.0020000E+03   1.9899650E-04   4.0535793E-04
   1.5501646E+03   3.0900000E+03   3.0500000E+03   1.7030633E-03   1.5545858E-03
   1.5501721E+03   3.0610000E+03   3.0250000E+03   9.3889341E-04   9.8392521E-04
   1.5501796E+03   3.0390000E+03   3.0020000E+03   1.1995318E-03   1.2495229E-03
   1.5501872E+03   3.1460000E+03   3.1230000E+03   8.0553420E-04   7.1629789E-04
   1.5501947E+03   3.0780000E+03   3.0480000E+03   8.6302191E-04   7.7563828E-04
   1.5502022E+03   3.1980000E+03   3.1670000E+03   3.1267422E-03   3.2811058E-03
   1.5502097E+03   3.1590000E+03   3.1070000E+03   4.1571526E-04   5.0160529E-04
   1.5502173E+03   3.0100000E+03   2.9740000E+03   1.0718126E-03   5.1199263E-04
   1.5502248E+03   3.1340000E+03   3.1010000E+03   1.5820547E-03   1.6070713E-03
   1.5502323E+03   3.0610000E+03   3.0270000E+03   1.6679114E-03   1.5703782E-03
   1.5502399E+03   3.1500000E+03   3.1030000E+03   6.5087127E-04   5.7003720E-04
   1.5502474E+03   3.1880000E+03   3.1510000E+03   2.7701279E-03   3.1181596E-03
   1.5502549E+03   3.1680000E+03   3.1320000E+03   1.2927517E-03   9.8038738E-04
   1.5502624E+03   3.0910000E+03   3.0570000E+03   3.7649379E-04   5.0013834E-04
   1.5502700E+03   3.0750000E+03   3.0400000E+03   1.7405197E-04   6.8832041E-04
   1.5502775E+03   3.1490000E+03   3.0980000E+03   9.6052069E-04   8.7979727E-04
   1.5502850E+03   3.0670000E+03   3.0300000E+03   1.1325829E-03   1.0349182E-03
   1.5502926E+03   3.1250000E+03   3.0840000E+03   2.1264200E-03   2.2164693E-03
   1.5503001E+03   3.0110000E+03   2.9900000E+03   1.5108218E-03   1.4505806E-03
   1.5503076E+03   3.0810000E+03   3.0490000E+03   1.1238832E-03   1.0235150E-03
   1.5503151E+03   3.1460000E+03   3.0970000E+03   8.5838665E-04   9.4562659E-04
   1.5503227E+03   3.1300000E+03   3.0910000E+03   2.3555854E-03   2.2639553E-03
   1.5503302E+03   3.1750000E+03   3.1360000E+03   1.9373977E-03   1.7804767E-03
   1.5503377E+03   3.1370000E+03   3.0950000E+03   9.2119632E-04   1.3141042E-03
   1.5503453E+03   2.9320000E+03   2.9020000E+03   1.4775787E-03   1.3302883E-03
   1.5503528E+03   3.0660000E+03   3.0390000E+03   1.2012497E-03   9.9237308E-04
   1.5503603E+03   3.1860000E+03   3.1400000E+03   1.2272783E-03   1.0627227E-03
   1.5503678E+03   3.2010000E+03   3.1650000E+03   2.7888083E-03   2.7564880E-03
   1.5503754E+03   3.1030000E+03   3.0720000E+03   2.3264993E-04   8.4926336E-05
   1.5503829E+03   3.1810000E+03   3.1440000E+03   6.2761893E-04   7.3852117E-04
   1.5503904E+03   3.0580000E+03   3.0260000E+03   6.2928229E-04   4.3283314E-04
   1.5503980E+03   3.2040000E+03   3.1710000E+03   1.6917748E-03   1.7730491E-03
   1.5504055E+03   3.1260000E+03   3.0790000E+03   1.6911961E-03   1.4762414E-03
   1.5504130E+03   3.0700000E+03   3.0350000E+03   1.3773535E-03   1.4975805E-03
   1.5504205E+03   3.2220000E+03   3.1910000E+03   6.5559534E-04   6.8871193E-04
   1.5504281E+03   3.1420000E+03   3.1050000E+03   1.2571427E-03   1.4209674E-03
   1.5504356E+03   3.0970000E+03   3.0640000E+03   6.4858519E-04   7.2939145E-04
   1.5504431E+03   3.1830000E+03   3.1510000E+03   2.6876281E-04   3.0973280E-04
   1.5504507E+03   3.1680000E+03   3.1320000E+03   1.3705056E-03   1.0568849E-03
   1.5504582E+03   3.2440000E+03   3.2010000E+03   7.1620799E-04   9.2522028E-04
   1.5504657E+03   3.1870000E+03   3.1470000E+03   9.2601930E-04   1.0194265E-03
   1.5504732E+03   3.1940000E+03   3.1650000E+03   1.3180073E-03   1.2173670E-03
   1.5504808E+03   3.1460000E+03   3.1160000E+03   2.0778715E-03   2.0171689E-03
   1.5504883E+03   3.1490000E+03   3.1100000E+03   2.6364785E-04   3.5457275E-04
   1.5504958E+03   3.1130000E+03   3.0780000E+03   2.1185789E-03   2.3173008E-03
   1.5505034E+03   3.1560000E+03   3.1150000E+03   1.4381145E-03   1.7535811E-03
   1.5505109E+03   3.1620000E+03   3.1250000E+03   1.8260903E-03   1.9450986E-03
   1.5505184E+03   3.2440000E+03   3.2110000E+03   1.7727095E-03   1.6133316E-03
   1.5505259E+03   3.1840000E+03   3.1480000E+03   8.3462539E-04   6.1775241E-04
   1.5505335E+03   3.1130000E+03   3.0870000E+03   1.4029129E-03   1.5322585E-03
   1.5505410E+03   3.0920000E+03   3.0630000E+03   1.7251858E-03   1.8231105E-03
   1.5505485E+03   3.0910000E+03   3.0510000E+03   1.8835295E-03   1.5298252E-03
   1.5505561E+03   3.2730000E+03   3.2380000E+03   5.8747622E-04   5.8327266E-04
   1.5505636E+03   3.1180000E+03   3.0910000E+03   8.3314579E-04   4.0421751E-04
   1.5505711E+03   3.1590000E+03   3.1280000E+03   1.2201034E-03   1.2433355E-03
   1.5505786E+03   3.1790000E+03   3.1460000E+03   1.3067026E-03   1.0088556E-03
   1.5505862E+03   3.2140000E+03   3.1740000E+03   5.9600080E-04   5.8772011E-04
   1.5505937E+03   3.1160000E+03   3.0770000E+03   1.6863322E-03   1.4213756E-03
   1.5506012E+03   3.2810000E+03   3.2380000E+03   6.1190245E-04   7.4349531E-04
   1.5506087E+03   3.1590000E+03   3.1220000E+03   1.0653589E-03   1.1181601E-03
   1.5506163E+03   3.2280000E+03   3.1840000E+03   3.4288357E-04   4.4921093E-04
   1.5506238E+03   3.1390000E+03   3.1030000E+03   7.1406169E-04   1.0373349E-03
   1.5506313E+03   3.1200000E+03   3.0680000E+03   2.5914765E-03   2.7806579E-03
   1.5506389E+03   3.1090000E+03   3.0700000E+03   6.9439611E-04   7.3805867E-04
   1.5506464E+03   3.2160000E+03   3.1740000E+03   1.4116753E-03   1.2662515E-03
   1.5506539E+03   3.1710000E+03   3.1300000E+03   2.0691090E-03   1.8750925E-03
   1.5506614E+03   3.1790000E+03   3.1430000E+03   9.9040706E-04   9.2619592E-04
   1.5506690E+03   3.1110000E+03   3.0820000E+03   1.5165244E-03   1.6286324E-03
   1.5506765E+03   3.1650000E+03   3.1360000E+03   8.8831319E-04   4.8527736E-04
   1.5506840E+03   3.2550000E+03   3.2160000E+03   7.8156689E-04   7.5764831E-04
   1.5506916E+03   3.2420000E+03   3.1990000E+03   2.1738093E-03   1.6464151E-03
   1.5506991E+03   3.1300000E+03   3.0970000E+03   1.1748356E-03   9.1360124E-04
   1.5507066E+03   3.2060000E+03   3.1730000E+03   1.0060370E-03   9.8354254E-04
   1.5507141E+03   3.1950000E+03   3.1610000E+03   1.9732691E-03   1.4226052E-03
   1.5507217E+03   3.2050000E+03   3.1720000E+03   1.4800148E-03   1.2874893E-03
   1.5507292E+03   3.2550000E+03   3.2130000E+03   5.8795958E-04   5.7930474E-04
   1.5507367E+03   3.2850000E+03   3.2610000E+03   8.4014377E-04   9.1249362E-04
   1.5507443E+03   3.0900000E+03   3.0530000E+03   1.4997801E-03   1.5593321E-03
   1.5507518E+03   3.2700000E+03   3.2320000E+03   2.3850804E-03   2.0387626E-03
   1.5507593E+03   3.2230000E+03   3.1890000E+03   2.6914847E-03   2.8249476E-03
   1.5507668E+03   3.0900000E+03   3.0520000E+03   2.2811276E-03   2.2808457E-03
   1.5507744E+03   3.2680000E+03   3.2430000E+03   1.2640563E-03   1.2036312E-03
   1.5507819E+03   3.2620000E+03   3.2280000E+03   1.0850286E-03   1.0199012E-03
   1.5507894E+03   3.2060000E+03   3.1750000E+03   6.8238641E-04   4.3985994E-04
   1.5507970E+03   3.1350000E+03   3.1100000E+03   1.0965858E-03   9.1430603E-04
   1.5508045E+03   3.2040000E+03   3.1730000E+03   2.1216290E-03   1.8211486E-03
   1.5508120E+03   3.2740000E+03   3.2420000E+03   7.3709015E-04   9.4526040E-04
   1.5508195E+03   3.1740000E+03   3.1340000E+03   1.1474035E-03   9.1446997E-04
   1.5508271E+03   3.1710000E+03   3.1310000E+03   2.3573672E-03   1.9513127E-03
   1.5508346E+03   3.2860000E+03   3.2500000E+03   1.5964316E-03   1.6112831E-03
   1.5508421E+03   3.2890000E+03   3.2490000E+03   3.9775285E-04   8.3084569E-04
   1.5508497E+03   3.2010000E+03   3.1650000E+03   6.6111888E-04   7.2874733E-04
   1.5508572E+03   3.2180000E+03   3.1750000E+03   7.0301466E-04   9.7091760E-04
   1.5508647E+03   3.2750000E+03   3.2500000E+03   1.2998533E-03   1.6587780E-03
   1.5508722E+03   3.2530000E+03   3.2130000E+03   1.1426786E-03   9.1488339E-04
   1.5508798E+03   3.2550000E+03   3.2110000E+03   1.1891919E-03   1.3221203E-03
   1.5508873E+03   3.1930000E+03   3.1500000E+03   6.7566304E-04   8.9126449E-04
   1.5508948E+03   3.2660000E+03   3.2210000E+03   4.4890400E-04   8.5930626E-04
   1.5509024E+03   3.1760000E+03   3.1330000E+03   1.7998550E-03   1.7163389E-03
   1.5509099E+03   3.3370000E+03   3.2940000E+03   1.1036456E-03   1.1785042E-03
   1.5509174E+03   3.3110000E+03   3.2770000E+03   1.0320764E-03   9.6237600E-04
   1.5509249E+03   3.3120000E+03   3.2760000E+03   8.7516663E-04   8.5824356E-04
   1.5509325E+03   3.2010000E+03   3.1670000E+03   5.3696723E-04   3.1651690E-04
   1.5509400E+03   3.2370000E+03   3.2050000E+03   5.4294395E-04   8.3855073E-04
   1.5509475E+03   3.2780000E+03   3.2320000E+03   1.5438018E-03   1.6233709E-03
   1.5509551E+03   3.3800000E+03   3.3360000E+03   4.2289158E-04   5.3399973E-04
   1.5509626E+03   3.3530000E+03   3.3110000E+03   3.4020343E-04   1.9256155E-04
   1.5509701E+03   3.2120000E+03   3.1790000E+03   1.1831087E-03   9.6465930E-04
   1.5509776E+03   3.4630000E+03   3.4120000E+03   4.3795026E-04   7.1718492E-04
   1.5509852E+03   3.2300000E+03   3.1920000E+03   1.5862686E-03   1.6539049E-03
   1.5509927E+03   3.3270000E+03   3.2840000E+03   4.9823396E-04   4.5072764E-04
   1.5510002E+03   3.2620000E+03   3.2390000E+03   7.5030089E-04   5.1973928E-04
   1.5510078E+03   3.2320000E+03   3.1960000E+03   1.0700038E-03   1.1916752E-03
   1.5510153E+03   3.2730000E+03   3.2350000E+03   6.5587055E-04   8.4580475E-04
   1.5510228E+03   3.2670000E+03   3.2330000E+03   1.4161681E-03   1.8009074E-03
   1.5510303E+03   3.2170000E+03   3.1730000E+03   8.3291651E-04   7.7572106E-04
   1.5510379E+03   3.1640000E+03   3.1410000E+03   1.0908638E-03   1.0643242E-03
   1.5510454E+03   3.2530000E+03   3.2180000E+03   4.2394949E-04   7.0566498E-04
   1.5510529E+03   3.2790000E+03   3.2430000E+03   2.8799688E-04   5.3173085E-04
   1.5510604E+03   3.2710000E+03   3.2340000E+03   6.8948388E-05   2.8820472E-04
   1.5510680E+03   3.3110000E+03   3.2790000E+03   1.9626766E-03   1.5021711E-03
   1.5510755E+03   3.3480000E+03   3.3050000E+03   4.7155814E-04   2.4333200E-04
   1.5510830E+03   3.2400000E+03   3.1980000E+03   5.8315695E-04   5.0238579E-04
   1.5510906E+03   3.2630000E+03   3.2190000E+03   2.0984207E-03   1.8548376E-03
   1.5510981E+03   3.2590000E+03   3.2140000E+03   5.2221479E-04   8.4983035E-04
   1.5511056E+03   3.2990000E+03   3.2670000E+03   6.6626996E-04   7.8521711E-04
   1.5511131E+03   3.2530000E+03   3.2210000E+03   2.1903880E-03   1.6873388E-03
   1.5511207E+03   3.3970000E+03   3.3570000E+03   5.0199397E-04   5.4783410E-04
   1.5511282E+03   3.1980000E+03   3.1600000E+03   1.0400448E-03   7.2077205E-04
   1.5511357E+03   3.1920000E+03   3.1620000E+03   1.2205617E-03   1.5006040E-03
   1.5511433E+03   3.3200000E+03   3.2850000E+03   2.1314764E-03   2.1134825E-03
   1.5511508E+03   3.2680000E+03   3.2240000E+03   1.7832566E-03   1.4789783E-03
   1.5511583E+03   3.2660000E+03   3.2250000E+03   1.6302590E-03   9.4227942E-04
   1.5511658E+03   3.3500000E+03   3.2920000E+03   4.7521091E-04   5.6387180E-04
   1.5511734E+03   3.2740000E+03   3.2340000E+03   1.4309220E-03   1.3221538E-03
   1.5511809E+03   3.2270000E+03   3.1900000E+03   1.7268292E-03   1.6363802E-03
   1.5511884E+03   3.3790000E+03   3.3380000E+03   2.1785151E-03   1.7749646E-03
   1.5511960E+03   3.2450000E+03   3.1960000E+03   8.1553630E-04   1.2099190E-03
   1.5512035E+03   3.3560000E+03   3.3200000E+03   1.4525394E-03   1.2727629E-03
   1.5512110E+03   3.3060000E+03   3.2650000E+03   2.3069855E-03   2.0295072E-03
   1.5512185E+03   3.4260000E+03   3.3860000E+03   1.3331300E-03   1.5862026E-03
   1.5512261E+03   3.1930000E+03   3.1580000E+03   1.1762949E-03   8.3020587E-04
   1.5512336E+03   3.3840000E+03   3.3430000E+03   9.4913802E-04   7.9581612E-04
   1.5512411E+03   3.2560000E+03   3.2110000E+03   1.1447757E-03   5.2787688E-04
   1.5512487E+03   3.3060000E+03   3.2730000E+03   1.1891606E-03   6.7226030E-04
   1.5512562E+03   3.2550000E+03   3.2170000E+03   2.0288675E-03   2.1901965E-03
   1.5512637E+03   3.2790000E+03   3.2420000E+03   1.0017076E-03   9.6204672E-04
   1.5512712E+03   3.2190000E+03   3.1840000E+03   8.5060000E-04   1.1929260E-03
   1.5512788E+03   3.2270000E+03   3.1890000E+03   1.3279583E-03   1.5411083E-03
   1.5512863E+03   3.2770000E+03   3.2370000E+03   1.0720750E-03   9.3221796E-04
   1.5512938E+03   3.2170000E+03   3.1820000E+03   1.5857569E-03   1.5520841E-03
   1.5513014E+03   3.2440000E+03   3.2090000E+03   1.7121290E-03   1.8747022E-03
   1.5513089E+03   3.3100000E+03   3.2670000E+03   3.8111802E-04   1.1186780E-04
   1.5513164E+03   3.3760000E+03   3.3320000E+03   1.0798306E-03   1.1389499E-03
   1.5513239E+03   3.3610000E+03   3.3280000E+03   1.5764225E-03   1.2383940E-03
   1.5513315E+03   3.2250000E+03   3.1860000E+03   1.2279687E-03   1.2375770E-03
   1.5513390E+03   3.3620000E+03   3.3260000E+03   1.1766364E-03   9.2141046E-04
   1.5513465E+03   3.3340000E+03   3.3020000E+03   8.8225226E-04   8.7725678E-04
   1.5513541E+03   3.3230000E+03   3.2910000E+03   1.5826418E-03   1.6667838E-03
   1.5513616E+03   3.3610000E+03   3.3260000E+03   1.7913710E-04   4.1983059E-04
   1.5513691E+03   3.3830000E+03   3.3400000E+03   1.2034853E-03   1.1619432E-03
   1.5513766E+03   3.3440000E+03   3.2910000E+03   1.5084471E-03   1.4323974E-03
   1.5513842E+03   3.4090000E+03   3.3700000E+03   1.4464092E-03   1.5905211E-03
   1.5513917E+03   3.2840000E+03   3.2460000E+03   1.2353168E-03   1.3245793E-03
   1.5513992E+03   3.3270000E+03   3.2900000E+03   2.0936872E-03   1.4634567E-03
   1.5514068E+03   3.2430000E+03   3.2010000E+03   7.8381512E-04   5.1330169E-04
   1.5514143E+03   3.3520000E+03   3.3170000E+03   1.9573846E-03   1.4983021E-03
   1.5514218E+03   3.3740000E+03   3.3400000E+03   8.2621353E-04   8.1343037E-04
   1.5514293E+03   3.3200000E+03   3.2750000E+03   8.2820909E-04   9.0986220E-04
   1.5514369E+03   3.2720000E+03   3.2420000E+03   9.8885850E-04   1.0618394E-03
   1.5514444E+03   3.3030000E+03   3.2530000E+03   1.0347293E-03   8.7068308E-04
   1.5514519E+03   3.2850000E+03   3.2490000E+03   4.4464090E-04   3.8956031E-04
   1.5514595E+03   3.1980000E+03   3.1560000E+03   8.2051639E-04   5.6698780E-04
   1.5514670E+03   3.3440000E+03   3.3030000E+03   6.0355944E-04   6.1281738E-04
   1.5514745E+03   3.4020000E+03   3.3570000E+03   9.5964599E-04   1.1963780E-03
   1.5514820E+03   3.3020000E+03   3.2570000E+03   8.8055671E-04   1.1962107E-03
   1.5514896E+03   3.2490000E+03   3.2230000E+03   1.2412648E-03   9.1984306E-04
   1.5514971E+03   3.3970000E+03   3.3640000E+03   1.3051333E-03   1.1541234E-03
   1.5515046E+03   3.3340000E+03   3.2880000E+03   1.2819779E-03   1.4170579E-03
   1.5515122E+03   3.3340000E+03   3.2950000E+03   1.9793287E-03   1.6685504E-03
   1.5515197E+03   3.3920000E+03   3.3610000E+03   7.2436336E-04   8.5671119E-04
   1.5515272E+03   3.2740000E+03   3.2330000E+03   8.0674131E-04   3.4850124E-04
   1.5515347E+03   3.3090000E+03   3.2680000E+03   1.2392531E-03   1.6018692E-03
   1.5515423E+03   3.2710000E+03   3.2300000E+03   1.8460919E-03   1.7282403E-03
   1.5515498E+03   3.2140000E+03   3.1750000E+03   1.0923934E-03   1.1780713E-03
   1.5515573E+03   3.2870000E+03   3.2590000E+03   1.7180253E-03   1.7706584E-03
   1.5515648E+03   3.3270000E+03   3.2940000E+03   2.7352711E-03   2.3189119E-03
   1.5515724E+03   3.3930000E+03   3.3450000E+03   2.3210418E-03   2.1557223E-03
   1.5515799E+03   3.2570000E+03   3.2150000E+03   1.0295882E-03   6.1870805E-04
   1.5515874E+03   3.3390000E+03   3.3020000E+03   2.0664280E-03   1.9103391E-03
   1.5515950E+03   3.4260000E+03   3.3910000E+03   2.8323454E-04   4.4722457E-04
   1.5516025E+03   3.3240000E+03   3.2860000E+03   2.3679712E-03   1.9261517E-03
   1.5516100E+03   3.2810000E+03   3.2470000E+03   8.8455642E-04   1.1206069E-03
   1.5516175E+03   3.2830000E+03   3.2340000E+03   1.4731202E-04   4.8127993E-05
   1.5516251E+03   3.3540000E+03   3.3110000E+03   6.9022772E-04   6.1164792E-04
   1.5516326E+03   3.3350000E+03   3.2880000E+03   4.1236707E-04   7.5120517E-04
   1.5516401E+03   3.3000000E+03   3.2660000E+03   2.2469646E-03   1.9393188E-03
   1.5516477E+03   3.3550000E+03   3.3180000E+03   9.4037200E-04   1.0757329E-03
   1.5516552E+03   3.2790000E+03   3.2500000E+03   1.0665094E-03   8.1031662E-04
   1.5516627E+03   3.3330000E+03   3.2960000E+03   9.6953354E-04   1.0762586E-03
   1.5516702E+03   3.3170000E+03   3.2840000E+03   1.1345679E-03   1.4632647E-03
   1.5516778E+03   3.4630000E+03   3.4250000E+03   4.2288446E-04   7.0887018E-04
   1.5516853E+03   3.3090000E+03   3.2800000E+03   6.9708061E-04   6.4612568E-04
   1.5516928E+03   3.3400000E+03   3.3100000E+03   4.5560314E-04   3.0659531E-04
   1.5517004E+03   3.3220000E+03   3.2850000E+03   2.0100455E-03   2.0296558E-03
   1.5517079E+03   3.3410000E+03   3.2990000E+03   1.1147513E-03   1.2768784E-03
   1.5517154E+03   3.3830000E+03   3.3350000E+03   5.8376893E-04   3.1331824E-04
   1.5517229E+03   3.3760000E+03   3.3510000E+03   6.1336258E-04   8.4854571E-04
   1.5517305E+03   3.2750000E+03   3.2250000E+03   5.4844823E-04   5.1833922E-04
   1.5517380E+03   3.4010000E+03   3.3500000E+03   6.0903753E-04   7.5654094E-04
   1.5517455E+03   3.2550000E+03   3.2300000E+03   1.3519736E-03   1.7105733E-03
   1.5517531E+03   3.3180000E+03   3.2820000E+03   2.2158808E-03   1.7200226E-03
   1.5517606E+03   3.3800000E+03   3.3400000E+03   3.7998669E-04   2.7721170E-04
   1.5517681E+03   3.4970000E+03   3.4590000E+03   4.6671525E-04   5.1390962E-04
   1.5517756E+03   3.4150000E+03   3.3760000E+03   1.0983251E-03   8.1268295E-04
   1.5517832E+03   3.3180000E+03   3.2790000E+03   9.7885842E-04   6.6911662E-04
   1.5517907E+03   3.3450000E+03   3.3130000E+03   1.0603208E-03   8.4401319E-04
   1.5517982E+03   3.3210000E+03   3.2760000E+03   5.1154025E-04   7.6116813E-04
   1.5518058E+03   3.3170000E+03   3.2750000E+03   1.6392546E-03   8.2649680E-04
   1.5518133E+03   3.4220000E+03   3.3780000E+03   1.5266104E-03   1.0279350E-03
   1.5518208E+03   3.3250000E+03   3.2760000E+03   6.0072097E-04   4.8330517E-04
   1.5518283E+03   3.3200000E+03   3.2690000E+03   1.6449712E-03   1.9206847E-03
   1.5518359E+03   3.4400000E+03   3.3990000E+03   2.0615306E-03   1.8845055E-03
   1.5518434E+03   3.3680000E+03   3.3260000E+03   1.6171222E-03   2.0465938E-03
   1.5518509E+03   3.3560000E+03   3.3190000E+03   2.3481249E-04   1.9745197E-04
   1.5518585E+03   3.3380000E+03   3.3050000E+03   1.1590562E-03   1.2772935E-03
   1.5518660E+03   3.3450000E+03   3.3090000E+03   1.1531627E-03   1.1882852E-03
   1.5518735E+03   3.3480000E+03   3.3090000E+03   1.6649756E-03   1.6925846E-03
   1.5518810E+03   3.3650000E+03   3.3290000E+03   1.4305769E-03   9.9276745E-04
   1.5518886E+03   3.3220000E+03   3.2790000E+03   1.2395647E-03   1.5447483E-03
   1.5518961E+03   3.3310000E+03   3.2840000E+03   2.7891864E-03   2.2861364E-03
   1.5519036E+03   3.4480000E+03   3.4040000E+03   2.3412033E-03   1.8379483E-03
   1.5519112E+03   3.3520000E+03   3.3080000E+03   1.1970787E-03   7.6970859E-04
   1.5519187E+03   3.4000000E+03   3.3650000E+03   1.2443913E-03   9.0328527E-04
   1.5519262E+03   3.3760000E+03   3.3310000E+03   1.0119918E-03   9.4712823E-04
   1.5519337E+03   3.2770000E+03   3.2370000E+03   8.2107781E-04   1.0181588E-03
   1.5519413E+03   3.3540000E+03   3.3120000E+03   7.6123855E-04   4.5116352E-04
   1.5519488E+03   3.3410000E+03   3.3070000E+03   1.7002833E-03   1.8201117E-03
   1.5519563E+03   3.3570000E+03   3.3160000E+03   5.8858598E-04   5.1482456E-04
   1.5519638E+03   3.3720000E+03   3.3300000E+03   1.2276119E-03   1.0667409E-03
   1.5519714E+03   3.3750000E+03   3.3390000E+03   2.7222181E-04   5.7538689E-04
   1.5519789E+03   3.4010000E+03   3.3580000E+03   1.3056027E-03   1.2391563E-03
   1.5519864E+03   3.4020000E+03   3.3570000E+03   5.0893056E-04   4.4168788E-04
   1.5519940E+03   3.4020000E+03   3.3660000E+03   1.0712558E-03   1.0191488E-03
   1.5520015E+03   3.3680000E+03   3.3310000E+03   1.2268920E-03   1.2149590E-03
   1.5520090E+03   3.3470000E+03   3.2930000E+03   1.6953148E-03   1.6951919E-03
   1.5520165E+03   3.4190000E+03   3.3760000E+03   1.0015660E-03   1.0112123E-03
   1.5520241E+03   3.4260000E+03   3.3830000E+03   1.4618001E-03   1.7004557E-03
   1.5520316E+03   3.3140000E+03   3.2760000E+03   5.8169438E-04   2.4952804E-04
   1.5520391E+03   3.2800000E+03   3.2480000E+03   1.4311190E-03   1.4740997E-03
   1.5520467E+03   3.2820000E+03   3.2430000E+03   7.0669495E-04   6.9063154E-04
   1.5520542E+03   3.4110000E+03   3.3810000E+03   1.7992329E-03   1.9338359E-03
   1.5520617E+03   3.3320000E+03   3.2920000E+03   2.9950117E-04   3.8695147E-04
   1.5520692E+03   3.4190000E+03   3.3730000E+03   3.5716179E-04   7.6906194E-05
   1.5520768E+03   3.2990000E+03   3.2640000E+03   1.1133298E-04   3.0298986E-04
   1.5520843E+03   3.2690000E+03   3.2360000E+03   1.6965762E-03   1.5010270E-03
   1.5520918E+03   3.3270000E+03   3.2950000E+03   7.7857919E-04   6.9288642E-04
   1.5520994E+03   3.4110000E+03   3.3760000E+03   2.2125824E-03   2.1282904E-03
   1.5521069E+03   3.4970000E+03   3.4580000E+03   1.6930206E-03   1.4020448E-03
   1.5521144E+03   3.2860000E+03   3.2510000E+03   1.0521626E-03   1.3393490E-03
   1.5521219E+03   3.4600000E+03   3.4200000E+03   1.7267929E-03   1.1741293E-03
   1.5521295E+03   3.3200000E+03   3.2920000E+03   8.3801792E-04   6.9749099E-04
   1.5521370E+03   3.3640000E+03   3.3310000E+03   1.0884697E-03   9.1769635E-04
   1.5521445E+03   3.3080000E+03   3.2680000E+03   2.9884914E-03   2.8735409E-03
   1.5521521E+03   3.2800000E+03   3.2470000E+03   8.5462838E-04   7.4134471E-04
   1.5521596E+03   3.4060000E+03   3.3570000E+03   1.2530509E-03   1.1822208E-03
   1.5521671E+03   3.3230000E+03   3.2820000E+03   1.0490772E-03   1.4227920E-03
   1.5521746E+03   3.3390000E+03   3.2910000E+03   1.1615979E-03   1.1837137E-03
   1.5521822E+03   3.3540000E+03   3.3050000E+03   7.2123224E-04   1.0351644E-03
   1.5521897E+03   3.5110000E+03   3.4660000E+03   1.3059733E-03   1.1305611E-03
   1.5521972E+03   3.3070000E+03   3.2690000E+03   2.1171596E-03   1.7188188E-03
   1.5522048E+03   3.3250000E+03   3.2890000E+03   1.3270735E-04   8.7311932E-04
   1.5522123E+03   3.3160000E+03   3.2830000E+03   5.1831228E-04   3.5825555E-04
   1.5522198E+03   3.4390000E+03   3.4010000E+03   1.5013562E-03   1.3626753E-03
   1.5522273E+03   3.3760000E+03   3.3480000E+03   9.4585680E-04   1.1299755E-03
   1.5522349E+03   3.4050000E+03   3.3710000E+03   5.1234348E-04   3.1341779E-04
   1.5522424E+03   3.3250000E+03   3.2940000E+03   1.5660916E-03   1.4148457E-03
   1.5522499E+03   3.4400000E+03   3.4040000E+03   4.3130316E-04   3.2772183E-04
   1.5522575E+03   3.4000000E+03   3.3530000E+03   1.2241031E-03   1.0552100E-03
   1.5522650E+03   3.4210000E+03   3.3740000E+03   1.6234428E-03   1.4878278E-03
   1.5522725E+03   3.3580000E+03   3.3170000E+03   9.1373816E-04   1.0553736E-03
   1.5522800E+03   3.4110000E+03   3.3760000E+03   8.3998014E-04   9.3721947E-04
   1.5522876E+03   3.3580000E+03   3.3160000E+03   4.9136739E-04   8.9543955E-04
   1.5522951E+03   3.4490000E+03   3.3960000E+03   3.3094665E-04   2.9072906E-04
   1.5523026E+03   3.3750000E+03   3.3370000E+03   6.2076901E-04   3.8976663E-04
   1.5523102E+03   3.3650000E+03   3.3270000E+03   1.2528778E-03   1.1616641E-03
   1.5523177E+03   3.4460000E+03   3.4020000E+03   2.0003330E-03   2.0203655E-03
   1.5523252E+03   3.2910000E+03   3.2560000E+03   1.8082505E-03   1.9812041E-03
   1.5523327E+03   3.4190000E+03   3.3820000E+03   7.4112279E-04   3.8912443E-04
   1.5523403E+03   3.4390000E+03   3.3870000E+03   5.5003069E-04   2.8000816E-04
   1.5523478E+03   3.3290000E+03   3.2800000E+03   1.2268964E-03   1.2152677E-03
   1.5523553E+03   3.4030000E+03   3.3670000E+03   5.0314339E-04   1.6691234E-04
   1.5523629E+03   3.4150000E+03   3.3790000E+03   1.4729601E-03   1.5501573E-03
   1.5523704E+03   3.3390000E+03   3.3010000E+03   1.3436073E-03   1.3323511E-03
   1.5523779E+03   3.4620000E+03   3.4190000E+03   2.5772462E-04   5.2973206E-04
   1.5523854E+03   3.3750000E+03   3.3260000E+03   1.5276546E-03   1.5775340E-03
   1.5523930E+03   3.4840000E+03   3.4360000E+03   3.3376324E-04   4.8606108E-04
   1.5524005E+03   3.3800000E+03   3.3380000E+03   5.5374413E-04   6.8520164E-04
   1.5524080E+03   3.3670000E+03   3.3270000E+03   8.0595605E-04   7.7948386E-04
   1.5524155E+03   3.3300000E+03   3.3070000E+03   1.1593672E-03   1.0420985E-03
   1.5524231E+03   3.4380000E+03   3.4010000E+03   1.0222417E-03   1.4196064E-03
   1.5524306E+03   3.3740000E+03   3.3320000E+03   8.6471497E-04   3.6999220E-04
   1.5524381E+03   3.3530000E+03   3.3150000E+03   4.8779614E-04   2.5957845E-04
   1.5524457E+03   3.4040000E+03   3.3550000E+03   7.8947168E-04   1.4000123E-03
   1.5524532E+03   3.4240000E+03   3.3670000E+03   1.3197354E-03   1.1904338E-03
   1.5524607E+03   3.4430000E+03   3.4010000E+03   2.9048597E-04   2.2972211E-04
   1.5524682E+03   3.3480000E+03   3.3110000E+03   1.7360926E-03   1.6579119E-03
   1.5524758E+03   3.4500000E+03   3.4070000E+03   6.3587627E-04   5.8207321E-04
   1.5524833E+03   3.5140000E+03   3.4660000E+03   4.4017119E-04   4.6582680E-04
   1.5524908E+03   3.5450000E+03   3.4950000E+03   1.4347791E-03   1.2023794E-03
   1.5524984E+03   3.4190000E+03   3.3690000E+03   1.3175440E-03   1.3662715E-03
   1.5525059E+03   3.3470000E+03   3.3090000E+03   1.1206887E-03   7.3508982E-04
   1.5525134E+03   3.5820000E+03   3.5430000E+03   8.9279840E-04   6.5687571E-04
   1.5525209E+03   3.3640000E+03   3.3200000E+03   1.3809876E-03   9.6126986E-04
   1.5525285E+03   3.3550000E+03   3.3170000E+03   1.3705887E-03   1.2860669E-03
   1.5525360E+03   3.2750000E+03   3.2350000E+03   4.0184401E-04   9.6986834E-04
   1.5525435E+03   3.4660000E+03   3.4280000E+03   1.1434714E-03   8.7648856E-04
   1.5525511E+03   3.4820000E+03   3.4380000E+03   5.4097200E-04   6.0387465E-04
   1.5525586E+03   3.3950000E+03   3.3540000E+03   1.1646674E-03   1.2081587E-03
   1.5525661E+03   3.3700000E+03   3.3210000E+03   1.2806208E-03   1.5496360E-03
   1.5525736E+03   3.3420000E+03   3.3010000E+03   1.0045316E-03   6.9359868E-04
   1.5525812E+03   3.4010000E+03   3.3670000E+03   1.6195723E-03   1.6448444E-03
   1.5525887E+03   3.4710000E+03   3.4160000E+03   6.5342041E-04   3.0146997E-04
   1.5525962E+03   3.3750000E+03   3.3400000E+03   7.6941936E-04   7.1088875E-04
   1.5526038E+03   3.3940000E+03   3.3540000E+03   1.4463371E-03   1.5722479E-03
   1.5526113E+03   3.3830000E+03   3.3310000E+03   1.1235464E-03   1.1175444E-03
   1.5526188E+03   3.2970000E+03   3.2680000E+03   1.1013273E-03   1.0575310E-03
   1.5526263E+03   3.4970000E+03   3.4640000E+03   5.3327695E-04   4.2960082E-04
   1.5526339E+03   3.3400000E+03   3.2960000E+03   1.1459911E-03   1.4751378E-03
   1.5526414E+03   3.4390000E+03   3.4030000E+03   2.0787382E-03   1.7384565E-03
   1.5526489E+03   3.4020000E+03   3.3650000E+03   8.5719985E-04   8.2197146E-04
   1.5526565E+03   3.4990000E+03   3.4640000E+03   9.3182211E-04   8.8257601E-04
   1.5526640E+03   3.4810000E+03   3.4510000E+03   9.7573507E-04   7.9828799E-04
   1.5526715E+03   3.4490000E+03   3.4150000E+03   8.8096325E-04   1.2469254E-03
   1.5526790E+03   3.4560000E+03   3.4110000E+03   3.5338291E-04   4.2888139E-04
   1.5526866E+03   3.4870000E+03   3.4430000E+03   4.6786235E-04   6.2820221E-04
   1.5526941E+03   3.4450000E+03   3.4050000E+03   1.3329520E-03   1.2759434E-03
   1.5527016E+03   3.4120000E+03   3.3670000E+03   3.2474396E-04   4.0271681E-04
   1.5527092E+03   3.3840000E+03   3.3400000E+03   1.3547553E-03   1.0996754E-03
   1.5527167E+03   3.4810000E+03   3.4250000E+03   1.3482526E-03   1.5190459E-03
   1.5527242E+03   3.3350000E+03   3.2980000E+03   6.9802374E-04   6.8048444E-04
   1.5527317E+03   3.4810000E+03   3.4420000E+03   8.2155434E-04   2.5760267E-04
   1.5527393E+03   3.3930000E+03   3.3530000E+03   1.7005819E-03   1.7469631E-03
   1.5527468E+03   3.3840000E+03   3.3470000E+03   6.4883215E-04   9.7965678E-04
   1.5527543E+03   3.3540000E+03   3.3210000E+03   1.5081913E-03   1.1280572E-03
   1.5527619E+03   3.5190000E+03   3.4750000E+03   1.1308944E-03   7.9990701E-04
   1.5527694E+03   3.4620000E+03   3.4210000E+03   9.4399349E-04   1.2480577E-03
   1.5527769E+03   3.4020000E+03   3.3620000E+03   5.1554616E-04   7.6086695E-04
   1.5527844E+03   3.3670000E+03   3.3240000E+03   1.1189967E-03   1.0676325E-03
   1.5527920E+03   3.5080000E+03   3.4630000E+03   6.3426424E-04   6.5887403E-04
   1.5527995E+03   3.4420000E+03   3.4000000E+03   4.0238056E-04   4.3713063E-04
   1.5528070E+03   3.4600000E+03   3.4040000E+03   2.1960185E-03   1.4599132E-03
   1.5528146E+03   3.3850000E+03   3.3430000E+03   8.4368847E-04   1.0783949E-03
   1.5528221E+03   3.3150000E+03   3.2690000E+03   2.7450747E-03   2.4998975E-03
   1.5528296E+03   3.4990000E+03   3.4520000E+03   6.5117969E-04   8.4859895E-04
   1.5528371E+03   3.4700000E+03   3.4330000E+03   5.4096827E-04   6.3099551E-04
   1.5528447E+03   3.3740000E+03   3.3200000E+03   6.0913678E-04   6.0809691E-04
   1.5528522E+03   3.4070000E+03   3.3600000E+03   1.1077422E-03   6.2632649E-04
   1.5528597E+03   3.3410000E+03   3.2940000E+03   2.7633575E-04   2.2199412E-04
   1.5528673E+03   3.3940000E+03   3.3480000E+03   8.6196256E-04   8.9493476E-04
   1.5528748E+03   3.4730000E+03   3.4250000E+03   5.2992670E-04   6.3369572E-04
   1.5528823E+03   3.4600000E+03   3.4140000E+03   4.2066750E-04   4.4216015E-04
   1.5528898E+03   3.3970000E+03   3.3580000E+03   1.1360996E-03   9.7067262E-04
   1.5528974E+03   3.4530000E+03   3.4190000E+03   1.6748731E-03   1.9292001E-03
   1.5529049E+03   3.4840000E+03   3.4320000E+03   1.2861212E-03   1.2240707E-03
   1.5529124E+03   3.4720000E+03   3.4290000E+03   1.2311243E-03   5.2932191E-04
   1.5529199E+03   3.4110000E+03   3.3690000E+03   9.9078666E-04   1.1002531E-03
   1.5529275E+03   3.5680000E+03   3.5200000E+03   1.0321909E-03   1.2749452E-03
   1.5529350E+03   3.4810000E+03   3.4370000E+03   6.4480738E-04   7.0730865E-04
   1.5529425E+03   3.3860000E+03   3.3370000E+03   1.2414461E-03   9.0437187E-04
   1.5529501E+03   3.3760000E+03   3.3220000E+03   5.7839096E-04   5.7914874E-04
   1.5529576E+03   3.4390000E+03   3.3960000E+03   8.6276605E-04   4.9285941E-04
   1.5529651E+03   3.4040000E+03   3.3630000E+03   8.0089403E-04   6.2721767E-04
   1.5529726E+03   3.5080000E+03   3.4680000E+03   1.6954850E-03   1.5557098E-03
   1.5529802E+03   3.5310000E+03   3.4860000E+03   1.0053983E-03   8.3033495E-04
   1.5529877E+03   3.3740000E+03   3.3310000E+03   6.5709495E-04   6.5410037E-04
   1.5529952E+03   3.4970000E+03   3.4400000E+03   1.2128796E-03   1.1381196E-03
   1.5530028E+03   3.4580000E+03   3.4040000E+03   6.8068774E-05   2.0483786E-04
   1.5530103E+03   3.4260000E+03   3.3880000E+03   7.2802681E-04   7.5865188E-04
   1.5530178E+03   3.4450000E+03   3.4060000E+03   9.1900870E-04   8.4247499E-04
   1.5530253E+03   3.4790000E+03   3.4420000E+03   6.0101573E-04   6.1981107E-04
   1.5530329E+03   3.4620000E+03   3.4090000E+03   1.1345887E-03   1.3263902E-03
   1.5530404E+03   3.4550000E+03   3.4190000E+03   1.0133796E-03   1.0249486E-03
   1.5530479E+03   3.4300000E+03   3.3890000E+03   6.5950173E-04   6.9981183E-04
   1.5530555E+03   3.4030000E+03   3.3600000E+03   4.7574705E-04   6.9327876E-04
   1.5530630E+03   3.5340000E+03   3.4980000E+03   4.3291613E-04   5.9865284E-04
   1.5530705E+03   3.3800000E+03   3.3450000E+03   5.5801613E-04   5.8151492E-04
   1.5530780E+03   3.4050000E+03   3.3730000E+03   2.7176296E-03   2.2161224E-03
   1.5530856E+03   3.4500000E+03   3.4080000E+03   2.5856923E-03   2.4720004E-03
   1.5530931E+03   3.3830000E+03   3.3450000E+03   2.6924789E-04   2.0125014E-04
   1.5531006E+03   3.4300000E+03   3.3910000E+03   7.7695213E-04   1.0023843E-03
   1.5531082E+03   3.4480000E+03   3.4030000E+03   1.2473759E-03   1.5012549E-03
   1.5531157E+03   3.4850000E+03   3.4440000E+03   8.6577109E-04   7.2873051E-04
   1.5531232E+03   3.4980000E+03   3.4570000E+03   1.9221688E-03   1.6007125E-03
   1.5531307E+03   3.3980000E+03   3.3600000E+03   6.1586367E-04   7.5379339E-04
   1.5531383E+03   3.5050000E+03   3.4600000E+03   5.0577360E-04   3.3409723E-04
   1.5531458E+03   3.3800000E+03   3.3370000E+03   1.5780123E-03   1.2766092E-03
   1.5531533E+03   3.4720000E+03   3.4330000E+03   1.2875399E-03   1.5552114E-03
   1.5531609E+03   3.4380000E+03   3.3950000E+03   1.1298864E-03   1.3783473E-03
   1.5531684E+03   3.3960000E+03   3.3600000E+03   5.4588182E-04   6.2024665E-04
   1.5531759E+03   3.4040000E+03   3.3610000E+03   6.4964249E-04   8.2063400E-04
   1.5531834E+03   3.3700000E+03   3.3330000E+03   1.3607790E-03   8.7320376E-04
   1.5531910E+03   3.4520000E+03   3.4070000E+03   1.2687853E-03   8.3700293E-04
   1.5531985E+03   3.4490000E+03   3.4140000E+03   3.6136060E-04   3.9518450E-05
   1.5532060E+03   3.4180000E+03   3.3770000E+03   7.8343087E-04   9.7778370E-04
   1.5532136E+03   3.2900000E+03   3.2510000E+03   1.4993039E-03   1.1021585E-03
   1.5532211E+03   3.4290000E+03   3.3740000E+03   6.9682952E-04   6.4783743E-04
   1.5532286E+03   3.3020000E+03   3.2680000E+03   2.8135407E-04   3.0170886E-04
   1.5532361E+03   3.3500000E+03   3.3110000E+03   5.0992678E-04   9.2606034E-04
   1.5532437E+03   3.4170000E+03   3.3740000E+03   8.9834901E-04   3.4788514E-04
   1.5532512E+03   3.4140000E+03   3.3690000E+03   1.2825705E-03   1.1805281E-03
   1.5532587E+03   3.4600000E+03   3.4170000E+03   1.0640714E-03   8.9325911E-04
   1.5532663E+03   3.4210000E+03   3.3800000E+03   4.7594589E-04   3.3722635E-04
   1.5532738E+03   3.4300000E+03   3.3910000E+03   1.7323614E-04   8.5410473E-05
   1.5532813E+03   3.4450000E+03   3.4020000E+03   9.2945832E-04   1.3265426E-03
   1.5532888E+03   3.4810000E+03   3.4320000E+03   4.2376487E-04   3.9527087E-04
   1.5532964E+03   3.4750000E+03   3.4260000E+03   1.0572304E-03   1.2315049E-03
   1.5533039E+03   3.4660000E+03   3.4340000E+03   2.8811294E-04   1.4126088E-04
   1.5533114E+03   3.3300000E+03   3.2940000E+03   4.9205615E-04   5.5933969E-04
   1.5533189E+03   3.4490000E+03   3.4040000E+03   1.5889087E-04   2.2719603E-04
   1.5533265E+03   3.4730000E+03   3.4450000E+03   1.1475101E-04   2.4611634E-04
   1.5533340E+03   3.4970000E+03   3.4550000E+03   1.1994337E-03   9.6330509E-04
   1.5533415E+03   3.3480000E+03   3.3090000E+03   3.1241634E-04   1.6568856E-04
   1.5533491E+03   3.4380000E+03   3.4080000E+03   7.9321449E-04   6.1994033E-04
   1.5533566E+03   3.4160000E+03   3.3780000E+03   8.5796173E-04   7.5232273E-04
   1.5533641E+03   3.3380000E+03   3.2970000E+03   1.6940465E-03   1.7980534E-03
   1.5533716E+03   3.3870000E+03   3.3390000E+03   2.5347660E-04   3.6609868E-04
   1.5533792E+03   3.3960000E+03   3.3570000E+03   4.0051139E-04   6.8422433E-04
   1.5533867E+03   3.4150000E+03   3.3800000E+03   3.6973902E-04   3.0834275E-04
   1.5533942E+03   3.4450000E+03   3.4050000E+03   8.0804144E-04   6.5866221E-04
   1.5534018E+03   3.3860000E+03   3.3420000E+03   1.2896178E-03   9.4021497E-04
   1.5534093E+03   3.4430000E+03   3.3890000E+03   7.8815697E-04   5.9216280E-04
   1.5534168E+03   3.4610000E+03   3.4210000E+03   4.0369908E-04   4.9706118E-04
   1.5534243E+03   3.4120000E+03   3.3730000E+03   1.6381674E-03   1.6267710E-03
   1.5534319E+03   3.3710000E+03   3.3360000E+03   5.8704207E-04   1.8451178E-04
   1.5534394E+03   3.4780000E+03   3.4330000E+03   5.3824344E-04   4.9811477E-04
   1.5534469E+03   3.4770000E+03   3.4400000E+03   5.5720768E-04   5.0593895E-04
   1.5534545E+03   3.4650000E+03   3.4380000E+03   9.6292288E-04   8.3080574E-04
   1.5534620E+03   3.4850000E+03   3.4440000E+03   1.0756325E-03   1.1747743E-03
   1.5534695E+03   3.4020000E+03   3.3440000E+03   1.4852571E-03   1.5141809E-03
   1.5534770E+03   3.5340000E+03   3.4850000E+03   6.0825693E-04   4.2352073E-04
   1.5534846E+03   3.4080000E+03   3.3700000E+03   3.8383638E-04   4.6844095E-04
   1.5534921E+03   3.4940000E+03   3.4490000E+03   9.2549092E-04   8.0749405E-04
   1.5534996E+03   3.4810000E+03   3.4480000E+03   1.1917148E-03   9.5590046E-04
   1.5535072E+03   3.3670000E+03   3.3290000E+03   5.2768317E-04   5.3211042E-04
   1.5535147E+03   3.4220000E+03   3.3890000E+03   3.4373054E-04   4.4670178E-04
   1.5535222E+03   3.4020000E+03   3.3550000E+03   4.8794019E-04   5.5871138E-04
   1.5535297E+03   3.5370000E+03   3.5000000E+03   2.3568973E-04   3.4289919E-04
   1.5535373E+03   3.4230000E+03   3.3700000E+03   1.5729665E-03   1.3716030E-03
   1.5535448E+03   3.3740000E+03   3.3320000E+03   1.9445103E-04   2.8125095E-04
   1.5535523E+03   3.4010000E+03   3.3580000E+03   7.3886081E-04   8.1744919E-04
   1.5535599E+03   3.4390000E+03   3.4090000E+03   1.4141221E-03   1.4242774E-03
   1.5535674E+03   3.3900000E+03   3.3440000E+03   7.8335847E-04   7.0728715E-04
   1.5535749E+03   3.4810000E+03   3.4400000E+03   1.3023804E-03   1.1565250E-03
   1.5535824E+03   3.5150000E+03   3.4820000E+03   3.9098749E-04   1.9674678E-04
   1.5535900E+03   3.4210000E+03   3.3800000E+03   8.1062856E-04   7.0422190E-04
   1.5535975E+03   3.4980000E+03   3.4560000E+03   5.8257653E-04   2.9769213E-04
   1.5536050E+03   3.5690000E+03   3.5190000E+03   5.3868124E-04   3.9713619E-04
   1.5536126E+03   3.3160000E+03   3.2820000E+03   2.2036113E-04   4.0832554E-04
   1.5536201E+03   3.3160000E+03   3.2810000E+03   1.3236952E-03   1.4271859E-03
   1.5536276E+03   3.4800000E+03   3.4330000E+03   1.4260880E-03   1.2984601E-03
   1.5536351E+03   3.4690000E+03   3.4220000E+03   3.7637136E-04   1.6192278E-04
   1.5536427E+03   3.3870000E+03   3.3520000E+03   8.7846287E-04   9.1775236E-04
   1.5536502E+03   3.4440000E+03   3.3940000E+03   1.2775913E-03   1.3295295E-03
   1.5536577E+03   3.3990000E+03   3.3450000E+03   4.7511061E-04   4.8055703E-04
   1.5536653E+03   3.2730000E+03   3.2370000E+03   9.6400171E-04   8.6139849E-04
   1.5536728E+03   3.3730000E+03   3.3360000E+03   3.3743403E-04   3.5329874E-04
   1.5536803E+03   3.4090000E+03   3.3730000E+03   1.1774338E-03   9.5841716E-04
   1.5536878E+03   3.4440000E+03   3.4050000E+03   3.7269361E-04   2.8663848E-04
   1.5536954E+03   3.4470000E+03   3.3900000E+03   2.5911436E-04   5.7802354E-04
   1.5537029E+03   3.4600000E+03   3.4110000E+03   9.4976456E-05   5.3090020E-04
   1.5537104E+03   3.4310000E+03   3.3890000E+03   4.7436958E-04   3.3085083E-04
   1.5537180E+03   3.4980000E+03   3.4590000E+03   2.9985934E-04   2.3068738E-04
   1.5537255E+03   3.3470000E+03   3.3040000E+03   7.3576385E-04   6.5951371E-04
   1.5537330E+03   3.4000000E+03   3.3630000E+03   9.7524004E-04   7.7230508E-04
   1.5537405E+03   3.5040000E+03   3.4620000E+03   3.9031719E-04   4.6500147E-04
   1.5537481E+03   3.5110000E+03   3.4650000E+03   1.0107310E-03   1.0340225E-03
   1.5537556E+03   3.3500000E+03   3.3070000E+03   7.4035529E-04   4.9089966E-04
   1.5537631E+03   3.3960000E+03   3.3480000E+03   8.1763659E-04   9.6662105E-04
   1.5537706E+03   3.4300000E+03   3.3860000E+03   1.1001282E-03   9.7601319E-04
   1.5537782E+03   3.4170000E+03   3.3810000E+03   7.1877600E-04   9.4102913E-04
   1.5537857E+03   3.3580000E+03   3.3230000E+03   4.3423743E-04   4.8243416E-04
   1.5537932E+03   3.4750000E+03   3.4220000E+03   1.2393249E-03   1.2593191E-03
   1.5538008E+03   3.3560000E+03   3.3160000E+03   2.4387687E-04   4.7384119E-04
   1.5538083E+03   3.4620000E+03   3.4220000E+03   4.0605877E-04   5.4462180E-04
   1.5538158E+03   3.4580000E+03   3.4120000E+03   9.8671460E-04   7.3618974E-04
   1.5538233E+03   3.4530000E+03   3.3980000E+03   1.0742100E-03   8.8326073E-04
   1.5538309E+03   3.2910000E+03   3.2550000E+03   4.2105713E-04   5.7890972E-04
   1.5538384E+03   3.5040000E+03   3.4640000E+03   5.5425474E-04   3.6474396E-04
   1.5538459E+03   3.5000000E+03   3.4600000E+03   1.4206746E-03   1.2251014E-03
   1.5538535E+03   3.3950000E+03   3.3520000E+03   9.3175969E-04   7.6457089E-04
   1.5538610E+03   3.5040000E+03   3.4620000E+03   9.3156144E-04   1.0542144E-03
   1.5538685E+03   3.4100000E+03   3.3580000E+03   1.2381883E-03   9.7566120E-04
   1.5538760E+03   3.4970000E+03   3.4630000E+03   3.5576461E-04   2.1601113E-04
   1.5538836E+03   3.3720000E+03   3.3370000E+03   9.8307161E-04   9.1570274E-04
   1.5538911E+03   3.3480000E+03   3.3050000E+03   8.1052372E-04   9.2194035E-04
   1.5538986E+03   3.3380000E+03   3.2920000E+03   1.1823294E-03   1.0159883E-03
   1.5539062E+03   3.3060000E+03   3.2530000E+03   6.4860278E-04   9.3704405E-04
   1.5539137E+03   3.4290000E+03   3.3820000E+03   6.9821054E-04   7.7672093E-04
   1.5539212E+03   3.3660000E+03   3.3330000E+03   1.4078315E-03   1.3259915E-03
   1.5539287E+03   3.4110000E+03   3.3740000E+03   1.1759788E-03   9.5006135E-04
   1.5539363E+03   3.4400000E+03   3.3940000E+03   7.4276152E-04   5.0503902E-04
   1.5539438E+03   3.4940000E+03   3.4640000E+03   6.3434843E-04   4.9282096E-04
   1.5539513E+03   3.3680000E+03   3.3350000E+03   7.2010929E-04   8.4456026E-04
   1.5539589E+03   3.3960000E+03   3.3600000E+03   6.7077012E-04   5.8239192E-04
   1.5539664E+03   3.3270000E+03   3.2830000E+03   5.7092199E-04   6.3505489E-04
   1.5539739E+03   3.4730000E+03   3.4270000E+03   3.6182909E-04   6.3861602E-04
   1.5539814E+03   3.4560000E+03   3.4110000E+03   9.3429873E-04   1.2141416E-03
   1.5539890E+03   3.4440000E+03   3.3930000E+03   2.0457887E-04   2.2832587E-04
   1.5539965E+03   3.3350000E+03   3.2990000E+03   9.2735619E-04   8.9878395E-04
   1.5540040E+03   3.2940000E+03   3.2480000E+03   6.1013802E-04   6.1339335E-04
   1.5540116E+03   3.4340000E+03   3.3930000E+03   1.2924370E-04   1.8840273E-04
   1.5540191E+03   3.3250000E+03   3.2860000E+03   1.1397106E-03   1.0625956E-03
   1.5540266E+03   3.4410000E+03   3.4020000E+03   1.4068167E-03   1.2656911E-03
   1.5540341E+03   3.4780000E+03   3.4460000E+03   7.0695355E-04   8.7665152E-04
   1.5540417E+03   3.4790000E+03   3.4310000E+03   5.9764575E-04   5.3771751E-04
   1.5540492E+03   3.4070000E+03   3.3490000E+03   4.2003324E-04   5.7755530E-04
   1.5540567E+03   3.5070000E+03   3.4570000E+03   4.9620664E-04   2.9493758E-04
   1.5540643E+03   3.3700000E+03   3.3250000E+03   4.1875494E-04   5.9045997E-04
   1.5540718E+03   3.3730000E+03   3.3330000E+03   9.2355070E-04   9.4088901E-04
   1.5540793E+03   3.5130000E+03   3.4730000E+03   5.4999813E-04   4.9306074E-04
   1.5540868E+03   3.4210000E+03   3.3760000E+03   3.2812664E-04   2.4728227E-04
   1.5540944E+03   3.4390000E+03   3.3990000E+03   8.4411627E-04   5.3046277E-04
   1.5541019E+03   3.4520000E+03   3.4100000E+03   5.1127743E-04   3.5873470E-04
   1.5541094E+03   3.3060000E+03   3.2660000E+03   1.6668359E-03   1.4833877E-03
   1.5541170E+03   3.4280000E+03   3.3810000E+03   5.4741161E-04   5.4709900E-04
   1.5541245E+03   3.4240000E+03   3.3930000E+03   7.7086594E-04   5.8581377E-04
   1.5541320E+03   3.4660000E+03   3.4310000E+03   1.9291141E-04   3.4188399E-04
   1.5541395E+03   3.4330000E+03   3.3880000E+03   6.3196640E-04   4.3257934E-04
   1.5541471E+03   3.4320000E+03   3.3800000E+03   9.9205690E-04   9.8133631E-04
   1.5541546E+03   3.3530000E+03   3.3190000E+03   2.7721600E-04   7.2372604E-05
   1.5541621E+03   3.4460000E+03   3.3990000E+03   5.2033453E-04   7.6728717E-04
   1.5541697E+03   3.4460000E+03   3.4030000E+03   8.1390298E-04   7.8584899E-04
   1.5541772E+03   3.3390000E+03   3.3040000E+03   1.8348058E-03   1.5588752E-03
   1.5541847E+03   3.4360000E+03   3.3970000E+03   1.2785644E-04   1.2964988E-04
   1.5541922E+03   3.4390000E+03   3.3790000E+03   3.3735741E-04   2.0584049E-04
   1.5541998E+03   3.4110000E+03   3.3530000E+03   3.0262182E-04   2.5043309E-04
   1.5542073E+03   3.3690000E+03   3.3260000E+03   6.2591337E-04   6.2605285E-04
   1.5542148E+03   3.3670000E+03   3.3200000E+03   6.2310507E-04   6.0285799E-04
   1.5542224E+03   3.3920000E+03   3.3450000E+03   2.9430517E-04   2.8146566E-04
   1.5542299E+03   3.3470000E+03   3.3120000E+03   3.8785686E-04   3.7465115E-04
   1.5542374E+03   3.3610000E+03   3.3080000E+03   7.4088757E-04   6.5269237E-04
   1.5542449E+03   3.4430000E+03   3.4010000E+03   4.8957289E-04   2.6239424E-04
   1.5542525E+03   3.4180000E+03   3.3600000E+03   1.2877939E-03   1.1235533E-03
   1.5542600E+03   3.3580000E+03   3.3190000E+03   7.3722641E-04   8.0511685E-04
   1.5542675E+03   3.4270000E+03   3.3890000E+03   3.8953899E-04   2.2513909E-04
   1.5542750E+03   3.3810000E+03   3.3420000E+03   6.1967744E-04   7.6399744E-04
   1.5542826E+03   3.3620000E+03   3.3070000E+03   2.7671858E-04   4.6037133E-04
   1.5542901E+03   3.3250000E+03   3.2790000E+03   8.7719169E-04   7.7356237E-04
   1.5542976E+03   3.4370000E+03   3.4000000E+03   3.3169979E-04   5.6544004E-04
   1.5543052E+03   3.2720000E+03   3.2300000E+03   8.4695354E-04   7.1059304E-04
   1.5543127E+03   3.2750000E+03   3.2440000E+03   5.7595581E-04   6.8082313E-04
   1.5543202E+03   3.3180000E+03   3.2790000E+03   8.1794485E-04   6.2511148E-04
   1.5543277E+03   3.3640000E+03   3.3260000E+03   3.8878527E-04   2.9785212E-04
   1.5543353E+03   3.3460000E+03   3.3090000E+03   5.1389980E-04   5.3008780E-04
   1.5543428E+03   3.3710000E+03   3.3350000E+03   3.8142810E-04   5.1388137E-04
   1.5543503E+03   3.4570000E+03   3.4040000E+03   6.7502073E-04   5.1580349E-04
   1.5543579E+03   3.2460000E+03   3.2140000E+03   1.0490873E-03   1.0118890E-03
   1.5543654E+03   3.3190000E+03   3.2650000E+03   5.2575689E-04   4.3984074E-04
   1.5543729E+03   3.3520000E+03   3.3020000E+03   5.1332698E-04   4.5039665E-04
   1.5543804E+03   3.3710000E+03   3.3270000E+03   5.4341773E-04   3.1537798E-04
   1.5543880E+03   3.4040000E+03   3.3570000E+03   3.7399262E-04   4.5298408E-04
   1.5543955E+03   3.3940000E+03   3.3480000E+03   2.7455995E-04   2.0171517E-04
   1.5544030E+03   3.4670000E+03   3.4360000E+03   7.3937501E-05   1.1132444E-04
   1.5544106E+03   3.3740000E+03   3.3280000E+03   8.5461498E-04   1.0516869E-03
   1.5544181E+03   3.3450000E+03   3.3040000E+03   6.3074090E-04   7.4043511E-04
   1.5544256E+03   3.3760000E+03   3.3430000E+03   1.8449061E-04   1.4536259E-04
   1.5544331E+03   3.3420000E+03   3.3020000E+03   1.2970688E-04   2.6442418E-04
   1.5544407E+03   3.3940000E+03   3.3440000E+03   6.0474552E-04   5.8854932E-04
   1.5544482E+03   3.4590000E+03   3.4140000E+03   4.5715129E-04   4.1171885E-04
   1.5544557E+03   3.3320000E+03   3.2940000E+03   9.5469276E-04   9.5791062E-04
   1.5544633E+03   3.2350000E+03   3.1900000E+03   5.2658712E-04   5.4060883E-04
   1.5544708E+03   3.3080000E+03   3.2620000E+03   6.6991739E-04   7.5707721E-04
   1.5544783E+03   3.3480000E+03   3.3000000E+03   1.4843619E-04   2.9809310E-04
   1.5544858E+03   3.2690000E+03   3.2310000E+03   5.1452271E-04   4.3543550E-04
   1.5544934E+03   3.2610000E+03   3.2230000E+03   3.0254197E-04   2.5432983E-04
   1.5545009E+03   3.3360000E+03   3.2930000E+03   1.3040024E-03   1.2679066E-03
   1.5545084E+03   3.2600000E+03   3.2190000E+03   9.5547237E-04   9.9694534E-04
   1.5545160E+03   3.2820000E+03   3.2390000E+03   8.7992640E-04   1.0058844E-03
   1.5545235E+03   3.2950000E+03   3.2450000E+03   6.4345045E-04   6.7497330E-04
   1.5545310E+03   3.3050000E+03   3.2600000E+03   1.0350050E-03   9.9670731E-04
   1.5545385E+03   3.3030000E+03   3.2630000E+03   7.7555679E-04   5.5620408E-04
   1.5545461E+03   3.4250000E+03   3.3800000E+03   1.4280815E-03   1.3437245E-03
   1.5545536E+03   3.4000000E+03   3.3580000E+03   2.4590342E-04   2.4967301E-04
   1.5545611E+03   3.4270000E+03   3.3810000E+03   4.4295915E-04   4.4893629E-04
   1.5545687E+03   3.3660000E+03   3.3180000E+03   1.2049888E-03   1.0831827E-03
   1.5545762E+03   3.3690000E+03   3.3200000E+03   3.0794899E-04   2.8365461E-04
   1.5545837E+03   3.3980000E+03   3.3620000E+03   9.3913700E-04   1.1271658E-03
   1.5545912E+03   3.4600000E+03   3.4130000E+03   1.1246464E-03   1.2814796E-03
   1.5545988E+03   3.2480000E+03   3.2160000E+03   8.7995634E-04   9.8074413E-04
   1.5546063E+03   3.2890000E+03   3.2410000E+03   3.8267119E-04   2.7317397E-04
   1.5546138E+03   3.3270000E+03   3.2730000E+03   5.8143414E-04   5.5491393E-04
   1.5546214E+03   3.3440000E+03   3.2930000E+03   2.8847003E-04   1.6672446E-04
   1.5546289E+03   3.3680000E+03   3.3320000E+03   4.1688145E-04   4.3671236E-04
   1.5546364E+03   3.2990000E+03   3.2660000E+03   4.4795695E-04   4.0377663E-04
   1.5546439E+03   3.3840000E+03   3.3380000E+03   6.5908915E-04   6.5487534E-04
   1.5546515E+03   3.3540000E+03   3.3190000E+03   7.7934170E-04   4.9381268E-04
   1.5546590E+03   3.3120000E+03   3.2680000E+03   6.5949006E-04   6.3877857E-04
   1.5546665E+03   3.2880000E+03   3.2490000E+03   6.2342806E-04   4.3972962E-04
   1.5546740E+03   3.2710000E+03   3.2200000E+03   1.8561887E-04   1.7829260E-04
   1.5546816E+03   3.3410000E+03   3.2890000E+03   7.0784655E-04   6.2541613E-04
   1.5546891E+03   3.4400000E+03   3.3970000E+03   5.3976869E-04   6.5619242E-04
   1.5546966E+03   3.2800000E+03   3.2420000E+03   2.1292959E-04   3.4465480E-04
   1.5547042E+03   3.2840000E+03   3.2350000E+03   3.3041701E-04   4.6535432E-04
   1.5547117E+03   3.2610000E+03   3.2190000E+03   5.6788029E-04   6.3081966E-04
   1.5547192E+03   3.2350000E+03   3.1880000E+03   5.5229211E-04   3.6729416E-04
   1.5547267E+03   3.3480000E+03   3.3140000E+03   2.2010676E-04   2.2238138E-04
   1.5547343E+03   3.2860000E+03   3.2410000E+03   1.3607704E-03   1.5170760E-03
   1.5547418E+03   3.3010000E+03   3.2540000E+03   2.7860578E-04   2.0115881E-04
   1.5547493E+03   3.4380000E+03   3.3860000E+03   2.4803068E-04   3.1981960E-04
   1.5547569E+03   3.2750000E+03   3.2260000E+03   3.1302550E-04   3.8783137E-04
   1.5547644E+03   3.4550000E+03   3.4180000E+03   7.6860065E-04   9.9666818E-04
   1.5547719E+03   3.2230000E+03   3.1810000E+03   2.8755892E-04   3.9083102E-04
   1.5547794E+03   3.3080000E+03   3.2630000E+03   7.0931557E-04   5.5452097E-04
   1.5547870E+03   3.4050000E+03   3.3560000E+03   5.2234514E-04   4.6204570E-04
   1.5547945E+03   3.4250000E+03   3.3860000E+03   2.6448370E-04   1.6345981E-04
   1.5548020E+03   3.3050000E+03   3.2630000E+03   1.3477908E-03   1.4253493E-03
   1.5548096E+03   3.3940000E+03   3.3610000E+03   4.0431091E-04   4.4604408E-04
   1.5548171E+03   3.3700000E+03   3.3330000E+03   6.2901095E-04   5.7986304E-04
   1.5548246E+03   3.4170000E+03   3.3630000E+03   8.4792836E-04   7.8418384E-04
   1.5548321E+03   3.3500000E+03   3.3050000E+03   9.3120249E-04   8.9888889E-04
   1.5548397E+03   3.4110000E+03   3.3650000E+03   5.2350375E-04   3.8419892E-04
   1.5548472E+03   3.3890000E+03   3.3380000E+03   4.8305289E-04   6.2155522E-04
   1.5548547E+03   3.3650000E+03   3.3200000E+03   6.6091643E-04   4.8193394E-04
   1.5548623E+03   3.2930000E+03   3.2480000E+03   1.5405101E-03   1.2991541E-03
   1.5548698E+03   3.3380000E+03   3.2990000E+03   4.6040147E-04   5.1377710E-04
   1.5548773E+03   3.3900000E+03   3.3440000E+03   5.3431963E-04   6.4914781E-04
   1.5548848E+03   3.3040000E+03   3.2720000E+03   3.5943489E-04   3.6654453E-04
   1.5548924E+03   3.2360000E+03   3.1950000E+03   5.2907844E-04   4.4389677E-04
   1.5548999E+03   3.3660000E+03   3.3160000E+03   1.3354810E-03   8.7372724E-04
   1.5549074E+03   3.2810000E+03   3.2290000E+03   8.4972948E-04   5.5895239E-04
   1.5549150E+03   3.3080000E+03   3.2650000E+03   4.8112012E-04   4.1597910E-04
   1.5549225E+03   3.2580000E+03   3.2100000E+03   6.0353114E-04   6.1256860E-04
   1.5549300E+03   3.3500000E+03   3.2890000E+03   7.0494522E-04   8.0935819E-04
   1.5549375E+03   3.3490000E+03   3.3040000E+03   4.3026344E-04   3.0082448E-04
   1.5549451E+03   3.3440000E+03   3.2920000E+03   3.4744512E-04   3.1544712E-04
   1.5549526E+03   3.1710000E+03   3.1340000E+03   2.5787157E-04   2.6091600E-04
   1.5549601E+03   3.2880000E+03   3.2320000E+03   3.9094233E-04   4.4195637E-04
   1.5549677E+03   3.3700000E+03   3.3360000E+03   1.8002464E-04   2.4324052E-04
   1.5549752E+03   3.2740000E+03   3.2400000E+03   5.5245523E-04   5.0410355E-04
   1.5549827E+03   3.3350000E+03   3.2800000E+03   5.7289073E-04   4.7149293E-04
   1.5549902E+03   3.3340000E+03   3.2850000E+03   4.2623382E-04   5.9925742E-04
   1.5549978E+03   3.2860000E+03   3.2340000E+03   4.4648901E-04   4.9878968E-04
   1.5550053E+03   3.2830000E+03   3.2240000E+03   6.2590269E-04   7.2944412E-04
   1.5550128E+03   3.3460000E+03   3.2930000E+03   2.5036942E-04   2.5436034E-04
   1.5550204E+03   3.3400000E+03   3.2940000E+03   2.6714460E-04   2.3280461E-04
   1.5550279E+03   3.2790000E+03   3.2380000E+03   1.7824360E-04   2.5518237E-04
   1.5550354E+03   3.2290000E+03   3.1840000E+03   7.1073388E-04   6.1886800E-04
   1.5550429E+03   3.3220000E+03   3.2730000E+03   2.5674458E-05   9.4374176E-05
   1.5550505E+03   3.3720000E+03   3.3330000E+03   4.3425464E-04   4.3932054E-04
   1.5550580E+03   3.2760000E+03   3.2380000E+03   5.3730162E-04   5.4355990E-04
   1.5550655E+03   3.3930000E+03   3.3440000E+03   6.4780984E-04   6.5727547E-04
   1.5550731E+03   3.3630000E+03   3.3050000E+03   6.4512913E-04   7.1159605E-04
   1.5550806E+03   3.3380000E+03   3.2810000E+03   1.9194545E-04   2.9486646E-04
   1.5550881E+03   3.2300000E+03   3.1770000E+03   5.6594478E-04   4.9761420E-04
   1.5550956E+03   3.2120000E+03   3.1760000E+03   7.2713565E-04   6.4003887E-04
   1.5551032E+03   3.2730000E+03   3.2380000E+03   8.8189385E-04   1.0081155E-03
   1.5551107E+03   3.2690000E+03   3.2280000E+03   2.0677504E-04   1.1219508E-04
   1.5551182E+03   3.2080000E+03   3.1710000E+03   8.9248185E-04   8.9057473E-04
   1.5551257E+03   3.2040000E+03   3.1530000E+03   6.1267250E-04   5.7446307E-04
   1.5551333E+03   3.3130000E+03   3.2580000E+03   1.8934632E-04   1.9250127E-04
   1.5551408E+03   3.2600000E+03   3.2220000E+03   6.6028516E-05   9.7332703E-05
   1.5551483E+03   3.2100000E+03   3.1590000E+03   7.2058743E-04   4.3210388E-04
   1.5551559E+03   3.2870000E+03   3.2430000E+03   5.5613974E-04   4.6648172E-04
   1.5551634E+03   3.2300000E+03   3.1890000E+03   4.8493597E-04   5.5027558E-04
   1.5551709E+03   3.2790000E+03   3.2390000E+03   1.7496122E-04   2.3058599E-04
   1.5551784E+03   3.3130000E+03   3.2760000E+03   4.5484420E-04   5.1467547E-04
   1.5551860E+03   3.2160000E+03   3.1690000E+03   1.0859675E-03   1.1994344E-03
   1.5551935E+03   3.2550000E+03   3.2110000E+03   7.9416152E-04   7.8889282E-04
   1.5552010E+03   3.2610000E+03   3.2200000E+03   2.9512059E-04   2.4215500E-04
   1.5552086E+03   3.2700000E+03   3.2250000E+03   2.5880112E-04   3.1988225E-04
   1.5552161E+03   3.3940000E+03   3.3410000E+03   4.0091517E-04   4.6812738E-04
   1.5552236E+03   3.4300000E+03   3.3860000E+03   2.4761724E-04   1.9263161E-04
   1.5552311E+03   3.3720000E+03   3.3260000E+03   4.1228398E-04   4.1799985E-04
   1.5552387E+03   3.2550000E+03   3.2050000E+03   1.1899386E-04   1.2085808E-04
   1.5552462E+03   3.2240000E+03   3.1730000E+03   5.6853190E-05   1.4429510E-04
   1.5552537E+03   3.2650000E+03   3.2260000E+03   4.3578944E-04   4.3859815E-04
   1.5552613E+03   3.3590000E+03   3.3150000E+03   2.8133402E-04   2.8501780E-04
   1.5552688E+03   3.3250000E+03   3.2600000E+03   4.5535159E-04   4.1270309E-04
   1.5552763E+03   3.2760000E+03   3.2290000E+03   4.9426891E-04   5.1023381E-04
   1.5552838E+03   3.1980000E+03   3.1640000E+03   5.6748227E-04   5.3609842E-04
   1.5552914E+03   3.1820000E+03   3.1360000E+03   7.6440733E-04   5.9177063E-04
   1.5552989E+03   3.1520000E+03   3.1130000E+03   9.5743004E-04   7.3546883E-04
   1.5553064E+03   3.2530000E+03   3.2150000E+03   6.7671657E-04   6.8470804E-04
   1.5553140E+03   3.2150000E+03   3.1750000E+03   4.2482367E-04   3.9909131E-04
   1.5553215E+03   3.2080000E+03   3.1790000E+03   7.1936322E-04   6.7171520E-04
   1.5553290E+03   3.2650000E+03   3.2150000E+03   4.3790008E-04   4.5914042E-04
   1.5553365E+03   3.1860000E+03   3.1320000E+03   7.1148169E-04   7.2375174E-04
   1.5553441E+03   3.1770000E+03   3.1270000E+03   5.3507562E-04   5.9663463E-04
   1.5553516E+03   3.2870000E+03   3.2270000E+03   5.2215506E-04   5.4949063E-04
   1.5553591E+03   3.2520000E+03   3.2130000E+03   7.5872237E-05   8.7468055E-05
   1.5553667E+03   3.2330000E+03   3.1830000E+03   2.8491084E-04   4.0132932E-04
   1.5553742E+03   3.2100000E+03   3.1680000E+03   1.1116947E-03   1.0046033E-03
   1.5553817E+03   3.2150000E+03   3.1600000E+03   4.6516774E-04   5.1974974E-04
   1.5553892E+03   3.3530000E+03   3.2960000E+03   2.8546944E-04   2.2778453E-04
   1.5553968E+03   3.2170000E+03   3.1760000E+03   3.2171424E-04   3.9777371E-04
   1.5554043E+03   3.1780000E+03   3.1330000E+03   1.6497328E-04   2.1115167E-04
   1.5554118E+03   3.3170000E+03   3.2620000E+03   1.6021291E-04   2.0469372E-04
   1.5554194E+03   3.2970000E+03   3.2500000E+03   9.7801560E-04   8.9894074E-04
   1.5554269E+03   3.1670000E+03   3.1260000E+03   6.9225134E-04   7.0143832E-04
   1.5554344E+03   3.2020000E+03   3.1620000E+03   4.6352528E-04   4.7475538E-04
   1.5554419E+03   3.2030000E+03   3.1560000E+03   1.6421169E-04   1.8976435E-04
   1.5554495E+03   3.2450000E+03   3.2000000E+03   6.3523973E-04   6.5016571E-04
   1.5554570E+03   3.2370000E+03   3.1980000E+03   4.9607615E-04   3.8746660E-04
   1.5554645E+03   3.2740000E+03   3.2360000E+03   4.9526004E-04   4.1804105E-04
   1.5554721E+03   3.2240000E+03   3.1660000E+03   5.0653334E-04   4.6583719E-04
   1.5554796E+03   3.2300000E+03   3.1830000E+03   4.1020789E-04   5.3899030E-04
   1.5554871E+03   3.2510000E+03   3.1980000E+03   6.3772807E-04   5.7250111E-04
   1.5554946E+03   3.1370000E+03   3.0940000E+03   3.9299481E-04   4.2856525E-04
   1.5555022E+03   3.2960000E+03   3.2450000E+03   2.7985374E-04   3.7581216E-04
   1.5555097E+03   3.3210000E+03   3.2770000E+03   2.5673342E-04   3.3302505E-04
   1.5555172E+03   3.2340000E+03   3.1930000E+03   3.6235875E-04   3.6700437E-04
   1.5555248E+03   3.3200000E+03   3.2790000E+03   3.7448780E-04   4.0225930E-04
   1.5555323E+03   3.0980000E+03   3.0560000E+03   1.7816005E-05   1.1406270E-04
   1.5555398E+03   3.2990000E+03   3.2460000E+03   3.9644958E-04   3.2192366E-04
   1.5555473E+03   3.2590000E+03   3.2190000E+03   2.6303054E-04   2.6624444E-04
   1.5555549E+03   3.2070000E+03   3.1670000E+03   5.5555157E-04   4.6438332E-04
   1.5555624E+03   3.1840000E+03   3.1310000E+03   9.4012947E-04   1.0752389E-03
   1.5555699E+03   3.2230000E+03   3.1670000E+03   5.1391459E-04   5.5650814E-04
   1.5555774E+03   3.2040000E+03   3.1690000E+03   7.2696406E-04   6.7079358E-04
   1.5555850E+03   3.2800000E+03   3.2290000E+03   2.6390463E-04   2.6808153E-04
   1.5555925E+03   3.2120000E+03   3.1660000E+03   5.4471026E-04   5.5264017E-04
   1.5556000E+03   3.1840000E+03   3.1320000E+03   8.5838630E-05   8.9567957E-05
   1.5556076E+03   3.2390000E+03   3.1920000E+03   3.5696784E-04   3.7427756E-04
   1.5556151E+03   3.3100000E+03   3.2450000E+03   1.2187795E-04   3.8040741E-04
   1.5556226E+03   3.2160000E+03   3.1650000E+03   6.6874127E-04   6.5218418E-04
   1.5556301E+03   3.2020000E+03   3.1570000E+03   3.2911976E-04   3.3381898E-04
   1.5556377E+03   3.0950000E+03   3.0470000E+03   8.1145512E-04   8.2460657E-04
   1.5556452E+03   3.2480000E+03   3.2010000E+03   1.1444414E-03   1.1611985E-03
   1.5556527E+03   3.1960000E+03   3.1540000E+03   4.9971931E-04   5.0633803E-04
   1.5556603E+03   3.2800000E+03   3.2290000E+03   1.8956575E-04   1.9259606E-04
   1.5556678E+03   3.1110000E+03   3.0590000E+03   3.7172139E-04   3.7804579E-04
   1.5556753E+03   3.1650000E+03   3.1160000E+03   6.5843815E-04   6.6882788E-04
   1.5556828E+03   3.2590000E+03   3.2120000E+03   4.3788610E-04   4.9838209E-04
   1.5556904E+03   3.2650000E+03   3.2180000E+03   6.8093525E-04   5.9328233E-04
   1.5556979E+03   3.2460000E+03   3.2030000E+03   5.6992973E-04   5.7755844E-04
   1.5557054E+03   3.2000000E+03   3.1540000E+03   3.3930645E-04   4.9988099E-04
   1.5557130E+03   3.2080000E+03   3.1690000E+03   3.9723891E-04   4.1569905E-04
   1.5557205E+03   3.2330000E+03   3.1770000E+03   5.2611146E-04   5.9773554E-04
   1.5557280E+03   3.2030000E+03   3.1690000E+03   3.6617722E-04   2.6095194E-04
   1.5557355E+03   3.2260000E+03   3.1820000E+03   4.5440820E-04   4.6068769E-04
   1.5557431E+03   3.2530000E+03   3.2010000E+03   2.2362782E-04   2.2719703E-04
   1.5557506E+03   3.2320000E+03   3.1820000E+03   5.6846024E-04   5.1759887E-04
   1.5557581E+03   3.1360000E+03   3.0940000E+03   4.5616393E-04   5.5808284E-04
   1.5557657E+03   3.1770000E+03   3.1350000E+03   1.9840348E-04   1.4792564E-04
   1.5557732E+03   3.1310000E+03   3.0880000E+03   2.0981741E-04   2.1274856E-04
   1.5557807E+03   3.1740000E+03   3.1270000E+03   5.3939467E-04   5.3215817E-04
   1.5557882E+03   3.2590000E+03   3.2070000E+03   8.7178097E-04   8.1887361E-04
   1.5557958E+03   3.1560000E+03   3.1040000E+03   4.6845332E-04   3.8415071E-04
   1.5558033E+03   3.1640000E+03   3.1080000E+03   5.6294955E-04   7.4127909E-04
   1.5558108E+03   3.1960000E+03   3.1520000E+03   3.6584340E-04   3.7804227E-04
   1.5558184E+03   3.2200000E+03   3.1650000E+03   6.2293011E-04   7.2654746E-04
   1.5558259E+03   3.2440000E+03   3.1980000E+03   7.7100310E-04   7.8209016E-04
   1.5558334E+03   3.1220000E+03   3.0790000E+03   3.4242757E-04   3.4729947E-04
   1.5558409E+03   3.1200000E+03   3.0700000E+03   2.1881864E-04   2.0638397E-04
   1.5558485E+03   3.2120000E+03   3.1620000E+03   2.4938254E-04   2.5332422E-04
   1.5558560E+03   3.2430000E+03   3.1960000E+03   9.2705938E-04   9.4072235E-04
   1.5558635E+03   3.1150000E+03   3.0740000E+03   6.5810665E-04   6.6420585E-04
   1.5558711E+03   3.1910000E+03   3.1390000E+03   4.2474273E-04   4.3178423E-04
   1.5558786E+03   3.0650000E+03   3.0090000E+03   3.9487168E-04   4.0221158E-04
   1.5558861E+03   3.1620000E+03   3.1220000E+03   8.8702019E-04   7.9408372E-04
   1.5558936E+03   3.1410000E+03   3.0970000E+03   6.0649003E-04   5.2378864E-04
   1.5559012E+03   3.0640000E+03   3.0200000E+03   3.0515547E-04   3.7080279E-04
   1.5559087E+03   3.1700000E+03   3.1170000E+03   6.6345893E-04   6.7527914E-04
   1.5559162E+03   3.1000000E+03   3.0530000E+03   1.0538163E-04   1.3402170E-04
   1.5559238E+03   3.1260000E+03   3.0880000E+03   8.0300591E-04   6.8113278E-04
   1.5559313E+03   3.0350000E+03   3.0020000E+03   1.0078213E-03   9.9298944E-04
   1.5559388E+03   3.2120000E+03   3.1660000E+03   3.5480459E-04   3.5995285E-04
   1.5559463E+03   3.1780000E+03   3.1370000E+03   4.9824952E-04   5.0375918E-04
   1.5559539E+03   3.1240000E+03   3.0900000E+03   4.3775261E-04   3.9787286E-04
   1.5559614E+03   3.1380000E+03   3.1050000E+03   4.1284371E-04   4.1720240E-04
   1.5559689E+03   3.0940000E+03   3.0510000E+03   4.0742039E-04   3.9327331E-04
   1.5559765E+03   3.1910000E+03   3.1370000E+03   3.1515566E-04   3.2064579E-04
   1.5559840E+03   3.1850000E+03   3.1420000E+03   2.5728803E-04   2.6079967E-04
   1.5559915E+03   3.0630000E+03   3.0200000E+03   4.2208064E-04   5.8060105E-04
   1.5559990E+03   3.2090000E+03   3.1700000E+03   5.9035791E-04   5.1534412E-04
   1.5560066E+03   3.1410000E+03   3.0880000E+03   2.9690274E-04   4.4222249E-04
   1.5560141E+03   3.1070000E+03   3.0620000E+03   3.0980667E-04   3.1426513E-04
   1.5560216E+03   3.1550000E+03   3.1110000E+03   3.8234671E-04   2.7191907E-04
   1.5560291E+03   3.0490000E+03   3.0010000E+03   5.1422166E-04   5.1806086E-04
   1.5560367E+03   3.0340000E+03   2.9910000E+03   2.0221622E-04   2.0510309E-04
   1.5560442E+03   3.0640000E+03   3.0300000E+03   6.6740552E-04   6.2954088E-04
   1.5560517E+03   3.0020000E+03   2.9690000E+03   3.6099229E-04   3.6505013E-04
   1.5560593E+03   3.1450000E+03   3.0890000E+03   5.2779348E-04   3.9949600E-04
   1.5560668E+03   3.1300000E+03   3.0720000E+03   2.2346167E-04   2.4457727E-04
   1.5560743E+03   3.0330000E+03   2.9890000E+03   5.5400188E-04   5.5157852E-04
   1.5560818E+03   3.0820000E+03   3.0380000E+03   9.1260104E-04   8.9448921E-04
   1.5560894E+03   3.1140000E+03   3.0600000E+03   8.0892909E-04   8.2319607E-04
   1.5560969E+03   3.1460000E+03   3.1030000E+03   3.1248168E-04   3.1681730E-04
   1.5561044E+03   3.1460000E+03   3.1030000E+03   3.3973151E-04   3.4444520E-04
   1.5561120E+03   3.1040000E+03   3.0530000E+03   4.1084541E-04   3.8686188E-04
   1.5561195E+03   3.0360000E+03   3.0030000E+03   2.7254639E-04   3.6372526E-04
   1.5561270E+03   3.1130000E+03   3.0660000E+03   4.4037984E-04   4.4716064E-04
   1.5561345E+03   3.1850000E+03   3.1400000E+03   6.3691100E-04   4.3401774E-04
   1.5561421E+03   3.0950000E+03   3.0480000E+03   4.7381918E-04   5.1336921E-04
   1.5561496E+03   3.0430000E+03   2.9840000E+03   5.6508369E-04   5.7613846E-04
   1.5561571E+03   3.1850000E+03   3.1340000E+03   6.0545182E-04   4.7255265E-04
   1.5561647E+03   3.0460000E+03   3.0080000E+03   3.3396479E-04   3.0620625E-04
   1.5561722E+03   3.1720000E+03   3.1320000E+03   4.1521031E-04   3.5922064E-04
   1.5561797E+03   3.0950000E+03   3.0490000E+03   3.8599996E-04   4.2527283E-04
   1.5561872E+03   3.2160000E+03   3.1640000E+03   4.6846320E-04   4.8249638E-04
   1.5561948E+03   3.0950000E+03   3.0600000E+03   7.8700857E-04   7.9603381E-04
   1.5562023E+03   3.1160000E+03   3.0670000E+03   4.8545352E-04   5.5927599E-04
   1.5562098E+03   3.1250000E+03   3.0760000E+03   2.0937463E-04   2.4629280E-04
   1.5562174E+03   3.0550000E+03   3.0060000E+03   1.3277736E-04   1.3242989E-04
   1.5562249E+03   3.0270000E+03   2.9900000E+03   1.5717097E-04   1.5816110E-04
   1.5562324E+03   3.0920000E+03   3.0580000E+03   2.5593122E-04   2.6958549E-04
   1.5562399E+03   3.0040000E+03   2.9690000E+03   5.7046673E-04   5.7717544E-04
   1.5562475E+03   3.0610000E+03   3.0080000E+03   4.3900569E-04   2.8082598E-04
   1.5562550E+03   3.0200000E+03   2.9610000E+03   5.0524050E-04   5.1534190E-04
   1.5562625E+03   3.1650000E+03   3.1210000E+03   5.6853136E-04   6.1025379E-04
   1.5562701E+03   3.0360000E+03   2.9980000E+03   6.6381094E-04   6.3832846E-04
   1.5562776E+03   3.0640000E+03   3.0110000E+03   5.3132999E-04   5.9055947E-04
   1.5562851E+03   3.0520000E+03   3.0010000E+03   5.9864772E-04   6.0870127E-04
   1.5562926E+03   3.1050000E+03   3.0510000E+03   1.5669899E-04   1.5938085E-04
   1.5563002E+03   3.0580000E+03   3.0040000E+03   3.4724639E-04   3.5344742E-04
   1.5563077E+03   2.9180000E+03   2.8810000E+03   4.5059150E-04   4.5637770E-04
   1.5563152E+03   3.0720000E+03   3.0230000E+03   3.8984230E-04   3.8674891E-04
   1.5563228E+03   3.0690000E+03   3.0180000E+03   8.4920517E-04   9.6041112E-04
   1.5563303E+03   3.0620000E+03   3.0230000E+03   2.5213527E-04   2.9411634E-04
   1.5563378E+03   2.9980000E+03   2.9630000E+03   1.0481495E-03   9.5764919E-04
   1.5563453E+03   3.0550000E+03   3.0160000E+03   4.6084399E-04   4.3470563E-04
   1.5563529E+03   2.9790000E+03   2.9250000E+03   5.8414085E-04   7.3923303E-04
   1.5563604E+03   3.1220000E+03   3.0650000E+03   5.1376935E-04   5.2333301E-04
   1.5563679E+03   3.0270000E+03   2.9870000E+03   4.6062061E-04   4.6679624E-04
   1.5563755E+03   2.9060000E+03   2.8500000E+03   2.4192439E-04   3.6457627E-04
   1.5563830E+03   3.0710000E+03   3.0230000E+03   4.5576244E-04   4.6298303E-04
   1.5563905E+03   2.9860000E+03   2.9330000E+03   1.6705666E-04   7.6284386E-05
   1.5563980E+03   3.0540000E+03   3.0050000E+03   1.9837439E-04   2.3623825E-04
   1.5564056E+03   3.0460000E+03   2.9960000E+03   5.4795044E-04   5.5487289E-04
   1.5564131E+03   3.0700000E+03   3.0080000E+03   2.1317234E-04   2.4560462E-04
   1.5564206E+03   3.0640000E+03   3.0110000E+03   5.5938190E-04   5.6918261E-04
   1.5564282E+03   2.9000000E+03   2.8590000E+03   6.5426086E-04   6.1348924E-04
   1.5564357E+03   3.1080000E+03   3.0590000E+03   1.8048231E-04   1.8332910E-04
   1.5564432E+03   2.9810000E+03   2.9420000E+03   3.3181961E-04   3.3626153E-04
   1.5564507E+03   2.9150000E+03   2.8660000E+03   3.6624241E-04   4.8582583E-04
   1.5564583E+03   3.0740000E+03   3.0200000E+03   1.3805540E-04   7.6900823E-05
   1.5564658E+03   2.9950000E+03   2.9410000E+03   8.7305006E-04   8.9750092E-04
   1.5564733E+03   3.0670000E+03   3.0150000E+03   2.8233240E-04   2.2006680E-04
   1.5564808E+03   2.9870000E+03   2.9450000E+03   6.7257798E-04   6.8210826E-04
   1.5564884E+03   3.0610000E+03   3.0160000E+03   4.2910043E-04   4.1720269E-04
   1.5564959E+03   3.0530000E+03   3.0010000E+03   3.9962214E-04   4.0648256E-04
   1.5565034E+03   2.9710000E+03   2.9210000E+03   2.3895816E-04   2.4305498E-04
   1.5565110E+03   2.9320000E+03   2.8850000E+03   2.9356745E-04   3.8948709E-04
   1.5565185E+03   2.9460000E+03   2.8970000E+03   2.8115240E-04   2.8608308E-04
   1.5565260E+03   2.9920000E+03   2.9510000E+03   1.2091468E-04   6.3719439E-05
   1.5565335E+03   2.9580000E+03   2.9100000E+03   3.7976323E-04   3.8600890E-04
   1.5565411E+03   2.9440000E+03   2.8980000E+03   4.0910949E-04   4.1567891E-04
   1.5565486E+03   3.0530000E+03   3.0040000E+03   4.0461256E-04   4.1504179E-04
   1.5565561E+03   2.9640000E+03   2.9220000E+03   3.3521121E-04   3.4004439E-04
   1.5565637E+03   3.0060000E+03   2.9560000E+03   6.3620232E-04   6.4699390E-04
   1.5565712E+03   3.0000000E+03   2.9580000E+03   3.0099196E-04   3.0541051E-04
   1.5565787E+03   2.8790000E+03   2.8280000E+03   2.7323497E-04   1.4697976E-04
   1.5565862E+03   2.9880000E+03   2.9350000E+03   2.4000463E-04   2.4420694E-04
   1.5565938E+03   2.9830000E+03   2.9460000E+03   4.1242188E-04   4.1766882E-04
   1.5566013E+03   3.0080000E+03   2.9650000E+03   1.1775005E-04   3.5101259E-05
   1.5566088E+03   2.9830000E+03   2.9330000E+03   3.3280019E-04   2.4117238E-04
   1.5566164E+03   3.0180000E+03   2.9660000E+03   3.8539072E-04   4.3948062E-04
   1.5566239E+03   2.9280000E+03   2.8840000E+03   5.8578434E-05   5.9438083E-05
   1.5566314E+03   2.8870000E+03   2.8430000E+03   2.5556410E-04   2.5952928E-04
   1.5566389E+03   3.0070000E+03   2.9510000E+03   2.9499222E-04   3.8551510E-04
   1.5566465E+03   2.9450000E+03   2.9010000E+03   9.4260423E-05   9.5748654E-05
   1.5566540E+03   2.9430000E+03   2.9020000E+03   3.7714703E-04   4.1301516E-04
   1.5566615E+03   2.8900000E+03   2.8450000E+03   1.7454939E-04   1.7720099E-04
   1.5566691E+03   3.0010000E+03   2.9470000E+03   4.6770891E-04   3.8263222E-04
   1.5566766E+03   2.8420000E+03   2.8000000E+03   3.7257605E-04   3.7817500E-04
   1.5566841E+03   2.8160000E+03   2.7630000E+03   4.8621438E-04   5.3807553E-04
   1.5566916E+03   2.9350000E+03   2.8990000E+03   1.6303938E-04   1.6508060E-04
   1.5566992E+03   2.9720000E+03   2.9200000E+03   4.2949027E-04   3.1653254E-04
   1.5567067E+03   2.9480000E+03   2.8920000E+03   1.5490750E-04   7.3855673E-05
   1.5567142E+03   2.9310000E+03   2.8890000E+03   4.7522153E-04   4.8194096E-04
   1.5567218E+03   2.8600000E+03   2.8140000E+03   1.1186219E-04   2.2330796E-04
   1.5567293E+03   2.9550000E+03   2.9100000E+03   2.9894937E-04   3.0356682E-04
   1.5567368E+03   2.8980000E+03   2.8520000E+03   4.4268825E-04   3.9430591E-04
   1.5567443E+03   2.8970000E+03   2.8530000E+03   4.6774732E-04   4.3103038E-04
   1.5567519E+03   2.9270000E+03   2.8840000E+03   9.8691720E-04   1.0016674E-03
   1.5567594E+03   2.8900000E+03   2.8320000E+03   4.0105464E-04   4.9344529E-04
   1.5567669E+03   2.9370000E+03   2.8870000E+03   1.8246806E-04   1.8561305E-04
   1.5567745E+03   2.8600000E+03   2.8170000E+03   6.9810483E-04   7.0868195E-04
   1.5567820E+03   2.8050000E+03   2.7710000E+03   8.9736591E-04   9.0837949E-04
   1.5567895E+03   3.0250000E+03   2.9750000E+03   5.7260586E-04   4.6324711E-04
   1.5567970E+03   2.8780000E+03   2.8460000E+03   5.2881393E-04   5.3482423E-04
   1.5568046E+03   2.8370000E+03   2.7960000E+03   1.7758454E-04   1.8018995E-04
   1.5568121E+03   2.9000000E+03   2.8550000E+03   5.0629989E-04   4.6680662E-04
   1.5568196E+03   2.8070000E+03   2.7570000E+03   2.3373258E-04   2.3789716E-04
   1.5568272E+03   2.9150000E+03   2.8680000E+03   1.3807466E-04   1.4034245E-04
   1.5568347E+03   2.8760000E+03   2.8310000E+03   3.8934306E-04   4.9665412E-04
   1.5568422E+03   2.8610000E+03   2.8180000E+03   3.9760849E-04   2.6839921E-04
   1.5568497E+03   2.9230000E+03   2.8750000E+03   6.2000927E-04   5.3698388E-04
   1.5568573E+03   2.9400000E+03   2.8860000E+03   6.4750008E-04   6.5959720E-04
   1.5568648E+03   2.8930000E+03   2.8430000E+03   4.1621146E-04   2.7536296E-04
   1.5568723E+03   2.8990000E+03   2.8520000E+03   9.5553258E-05   9.6920596E-05
   1.5568799E+03   2.8100000E+03   2.7540000E+03   3.2594178E-04   1.2893904E-04
   1.5568874E+03   2.9000000E+03   2.8480000E+03   1.6494352E-04   1.1904492E-04
   1.5568949E+03   2.9010000E+03   2.8490000E+03   2.7413767E-04   3.5763847E-04
   1.5569024E+03   2.8000000E+03   2.7510000E+03   4.0050383E-04   4.0763254E-04
   1.5569100E+03   2.8350000E+03   2.7840000E+03   2.9693731E-04   3.0223542E-04
   1.5569175E+03   2.8490000E+03   2.8030000E+03   7.6882862E-04   7.0925590E-04
   1.5569250E+03   2.9260000E+03   2.8810000E+03   3.4129500E-05   3.4678149E-05
   1.5569325E+03   2.8370000E+03   2.8030000E+03   2.4435582E-04   2.4741485E-04
   1.5569401E+03   2.8340000E+03   2.7810000E+03   1.4965761E-04   1.9297223E-04
   1.5569476E+03   2.9080000E+03   2.8610000E+03   3.4725247E-04   3.0032839E-04
   1.5569551E+03   2.8980000E+03   2.8540000E+03   4.5643471E-04   4.6346135E-04
   1.5569627E+03   2.8630000E+03   2.8090000E+03   5.9683150E-04   6.0834369E-04
   1.5569702E+03   2.8970000E+03   2.8540000E+03   2.4249437E-04   3.4483557E-04
   1.5569777E+03   2.8420000E+03   2.8090000E+03   3.0458121E-04   3.0809330E-04
   1.5569852E+03   2.8850000E+03   2.8340000E+03   5.9327341E-04   5.7261691E-04
   1.5569928E+03   2.9060000E+03   2.8660000E+03   4.5737030E-04   4.0713519E-04
   1.5570003E+03   2.8630000E+03   2.8220000E+03   6.0730672E-04   6.1616538E-04
   1.5570078E+03   2.8740000E+03   2.8230000E+03   1.8453435E-04   1.8798095E-04
   1.5570154E+03   2.9350000E+03   2.8990000E+03   1.5338746E-04   3.6100389E-05
   1.5570229E+03   2.7690000E+03   2.7140000E+03   4.3254385E-04   3.0254253E-04
   1.5570304E+03   2.7390000E+03   2.6920000E+03   5.7349350E-05   9.2963954E-06
   1.5570379E+03   2.7990000E+03   2.7600000E+03   1.3475776E-04   1.3664336E-04
   1.5570455E+03   2.7380000E+03   2.7050000E+03   8.0850921E-04   8.1837275E-04
   1.5570530E+03   2.8440000E+03   2.8050000E+03   7.9657619E-04   8.0765984E-04
   1.5570605E+03   2.7610000E+03   2.7110000E+03   4.7399393E-04   4.8269630E-04
   1.5570681E+03   2.9400000E+03   2.8900000E+03   2.3722428E-04   1.4310793E-04
   1.5570756E+03   2.8130000E+03   2.7600000E+03   4.1256697E-04   4.6017669E-04
   1.5570831E+03   2.8200000E+03   2.7780000E+03   3.8355443E-04   3.8930477E-04
   1.5570906E+03   2.8060000E+03   2.7580000E+03   1.2554973E-04   1.2773630E-04
   1.5570982E+03   2.8040000E+03   2.7490000E+03   2.8603189E-04   2.9179661E-04
   1.5571057E+03   2.8710000E+03   2.8070000E+03   5.3336918E-04   5.6610775E-04
   1.5571132E+03   2.8270000E+03   2.7780000E+03   6.9521083E-04   7.0747080E-04
   1.5571208E+03   2.9280000E+03   2.8630000E+03   8.8030063E-05   7.0830057E-05
   1.5571283E+03   2.8720000E+03   2.8290000E+03   4.1424207E-04   4.2067908E-04
   1.5571358E+03   2.8810000E+03   2.8410000E+03   3.3083388E-05   3.3541422E-05
   1.5571433E+03   2.8310000E+03   2.7700000E+03   1.2952974E-04   1.3239831E-04
   1.5571509E+03   2.8600000E+03   2.8140000E+03   3.1442042E-04   3.1956374E-04
   1.5571584E+03   2.8060000E+03   2.7580000E+03   2.4877306E-04   2.5313608E-04
   1.5571659E+03   2.8000000E+03   2.7510000E+03   2.2337799E-04   3.5483894E-04
   1.5571735E+03   2.8520000E+03   2.8150000E+03   1.6345043E-04   1.6570328E-04
   1.5571810E+03   2.7850000E+03   2.7460000E+03   4.0325670E-04   4.4119141E-04
   1.5571885E+03   2.8050000E+03   2.7520000E+03   6.7268208E-04   7.0858085E-04
   1.5571960E+03   2.7000000E+03   2.6540000E+03   1.5273838E-04   1.9129009E-04
   1.5572036E+03   2.8050000E+03   2.7760000E+03   3.5731243E-04   3.6074400E-04
   1.5572111E+03   2.7510000E+03   2.7080000E+03   2.7915632E-04   3.2271986E-04
   1.5572186E+03   2.7230000E+03   2.6790000E+03   5.0358097E-04   5.1185080E-04
   1.5572262E+03   2.7260000E+03   2.6730000E+03   4.8397250E-04   3.9115892E-04
   1.5572337E+03   2.7180000E+03   2.6730000E+03   3.5511741E-04   3.6106391E-04
   1.5572412E+03   2.8500000E+03   2.7960000E+03   2.6082669E-04   2.6590266E-04
   1.5572487E+03   2.8160000E+03   2.7790000E+03   3.9913298E-04   4.0449507E-04
   1.5572563E+03   2.7820000E+03   2.7470000E+03   4.6771309E-04   3.7972521E-04
   1.5572638E+03   2.7860000E+03   2.7220000E+03   4.1737138E-04   4.2719788E-04
   1.5572713E+03   2.7740000E+03   2.7460000E+03   4.6537040E-04   4.7009482E-04
   1.5572789E+03   2.7490000E+03   2.7060000E+03   1.3081330E-04   1.3304498E-04
   1.5572864E+03   2.7120000E+03   2.6630000E+03   1.5964244E-04   1.6256621E-04
   1.5572939E+03   2.8140000E+03   2.7600000E+03   2.5143244E-04   2.5640090E-04
   1.5573014E+03   2.6700000E+03   2.6230000E+03   1.6402612E-04   1.6694695E-04
   1.5573090E+03   2.8380000E+03   2.7990000E+03   2.8581772E-04   2.8975403E-04
   1.5573165E+03   2.6910000E+03   2.6490000E+03   3.4781121E-04   3.5332193E-04
   1.5573240E+03   2.7380000E+03   2.6980000E+03   2.8474068E-04   2.8914022E-04
   1.5573316E+03   2.6830000E+03   2.6330000E+03   9.2358327E-05   2.0889654E-04
   1.5573391E+03   2.7550000E+03   2.7160000E+03   3.3187032E-04   3.3661202E-04
   1.5573466E+03   2.6780000E+03   2.6300000E+03   2.3543688E-04   2.3306609E-04
   1.5573541E+03   2.7490000E+03   2.6930000E+03   2.6539743E-04   2.0554943E-04
   1.5573617E+03   2.7500000E+03   2.7040000E+03   3.9614278E-04   3.7348318E-04
   1.5573692E+03   2.7390000E+03   2.6980000E+03   2.3426951E-04   2.3787991E-04
   1.5573767E+03   2.7830000E+03   2.7400000E+03   4.9732032E-04   5.6694478E-04
   1.5573842E+03   2.6790000E+03   2.6340000E+03   9.1249034E-05   9.2834848E-05
   1.5573918E+03   2.7000000E+03   2.6660000E+03   4.3831558E-04   4.4378396E-04
   1.5573993E+03   2.8000000E+03   2.7490000E+03   3.2317574E-04   3.0370708E-04
   1.5574068E+03   2.7340000E+03   2.6850000E+03   6.9976646E-05   7.9302676E-05
   1.5574144E+03   2.6060000E+03   2.5610000E+03   2.4177291E-04   2.4595292E-04
   1.5574219E+03   2.7550000E+03   2.7060000E+03   8.9144445E-05   9.0788391E-05
   1.5574294E+03   2.7390000E+03   2.7060000E+03   1.9221587E-04   1.9454016E-04
   1.5574369E+03   2.8750000E+03   2.8370000E+03   1.3168305E-04   3.1205379E-04
   1.5574445E+03   2.7710000E+03   2.7300000E+03   3.1956869E-04   3.2432664E-04
   1.5574520E+03   2.6590000E+03   2.6250000E+03   2.1968975E-04   2.2254237E-04
   1.5574595E+03   2.7290000E+03   2.6840000E+03   5.5405569E-04   5.6336486E-04
   1.5574671E+03   2.6130000E+03   2.5670000E+03   4.1018265E-04   4.1782283E-04
   1.5574746E+03   2.7090000E+03   2.6650000E+03   3.0230026E-04   3.0733085E-04
   1.5574821E+03   2.7490000E+03   2.6970000E+03   2.1479656E-04   2.1887591E-04
   1.5574896E+03   2.6710000E+03   2.6310000E+03   6.6005747E-04   6.7019876E-04
   1.5574972E+03   2.5830000E+03   2.5500000E+03   1.3788903E-04   1.3963984E-04
   1.5575047E+03   2.6640000E+03   2.6120000E+03   4.6682868E-04   4.7608324E-04
   1.5575122E+03   2.6530000E+03   2.6120000E+03   7.1708502E-04   7.2828511E-04
   1.5575198E+03   2.7300000E+03   2.6790000E+03   1.7671341E-04   1.6483663E-04
   1.5575273E+03   2.6850000E+03   2.6360000E+03   2.2335148E-04   2.2746878E-04
   1.5575348E+03   2.6940000E+03   2.6440000E+03   4.9274245E-04   5.0204175E-04
   1.5575423E+03   2.5990000E+03   2.5410000E+03   2.2519125E-04   2.9337964E-04
   1.5575499E+03   2.7090000E+03   2.6590000E+03   2.7443487E-04   1.8141040E-04
   1.5575574E+03   2.6540000E+03   2.6120000E+03   2.5766240E-04   2.6181547E-04
   1.5575649E+03   2.6570000E+03   2.6140000E+03   4.0682079E-04   4.4045418E-04
   1.5575725E+03   2.6450000E+03   2.5970000E+03   1.3711778E-04   1.1491043E-04
   1.5575800E+03   2.6790000E+03   2.6370000E+03   2.1877299E-04   7.1991267E-05
   1.5575875E+03   2.6540000E+03   2.6190000E+03   4.8500339E-04   5.7975457E-04
   1.5575950E+03   2.7110000E+03   2.6570000E+03   1.9391925E-04   1.9784290E-04
   1.5576026E+03   2.5730000E+03   2.5360000E+03   4.2579953E-04   4.3203583E-04
   1.5576101E+03   2.6590000E+03   2.6160000E+03   6.4956163E-04   6.6012966E-04
   1.5576176E+03   2.6630000E+03   2.6130000E+03   6.1968506E-04   6.3157940E-04
   1.5576252E+03   2.6610000E+03   2.6220000E+03   2.2163781E-04   2.1636911E-04
   1.5576327E+03   2.6030000E+03   2.5590000E+03   1.8305465E-04   3.5479897E-04
   1.5576402E+03   2.5950000E+03   2.5500000E+03   1.0794924E-04   1.0975006E-04
   1.5576477E+03   2.7360000E+03   2.6930000E+03   2.6291310E-04   3.7782715E-04
   1.5576553E+03   2.6460000E+03   2.6030000E+03   2.8759657E-04   2.9302725E-04
   1.5576628E+03   2.5830000E+03   2.5470000E+03   4.3326107E-04   3.3425868E-04
   1.5576703E+03   2.6500000E+03   2.6080000E+03   4.0048729E-04   4.0700574E-04
   1.5576779E+03   2.6260000E+03   2.5830000E+03   1.0487919E-04   1.0659228E-04
   1.5576854E+03   2.6230000E+03   2.5840000E+03   9.1981614E-05   9.3396519E-05
   1.5576929E+03   2.6440000E+03   2.5910000E+03   2.5268258E-04   2.5786814E-04
   1.5577004E+03   2.6620000E+03   2.6130000E+03   1.7658769E-04   1.7990030E-04
   1.5577080E+03   2.5690000E+03   2.5240000E+03   2.4638501E-04   2.5079445E-04
   1.5577155E+03   2.6880000E+03   2.6460000E+03   3.0838195E-04   2.3058408E-04
   1.5577230E+03   2.6250000E+03   2.5840000E+03   2.8857548E-04   8.5528009E-05
   1.5577306E+03   2.6630000E+03   2.6160000E+03   5.2148277E-04   3.5433531E-04
   1.5577381E+03   2.5680000E+03   2.5290000E+03   1.9043968E-04   1.9337405E-04
   1.5577456E+03   2.5670000E+03   2.5310000E+03   3.0658699E-04   2.2084701E-04
   1.5577531E+03   2.5870000E+03   2.5420000E+03   1.4767476E-04   1.2094933E-04
   1.5577607E+03   2.7030000E+03   2.6540000E+03   5.7250106E-04   5.0889755E-04
   1.5577682E+03   2.6380000E+03   2.5820000E+03   9.1693837E-05   9.3670827E-05
   1.5577757E+03   2.6810000E+03   2.6290000E+03   2.0416240E-04   2.0820397E-04
   1.5577833E+03   2.6840000E+03   2.6420000E+03   3.1911756E-04   4.9626847E-04
   1.5577908E+03   2.6010000E+03   2.5440000E+03   5.3446272E-04   4.7910668E-04
   1.5577983E+03   2.6100000E+03   2.5750000E+03   4.3658527E-04   4.4235308E-04
   1.5578058E+03   2.6750000E+03   2.6300000E+03   7.3425226E-05   1.4625926E-04
   1.5578134E+03   2.4870000E+03   2.4380000E+03   1.4056012E-04   1.4337384E-04
   1.5578209E+03   2.5320000E+03   2.4840000E+03   7.2851679E-04   7.4253948E-04
   1.5578284E+03   2.5280000E+03   2.4900000E+03   7.9533374E-05   8.0732396E-05
   1.5578359E+03   2.5810000E+03   2.5370000E+03   5.1058453E-04   1.9810176E-04
   1.5578435E+03   2.6040000E+03   2.5640000E+03   2.2951779E-04   2.3301707E-04
   1.5578510E+03   2.5940000E+03   2.5460000E+03   1.6001202E-04   1.6316370E-04
   1.5578585E+03   2.5730000E+03   2.5340000E+03   4.7415179E-04   4.8159087E-04
   1.5578661E+03   2.5980000E+03   2.5610000E+03   3.5386612E-04   3.5907993E-04
   1.5578736E+03   2.5840000E+03   2.5390000E+03   3.0357458E-04   3.0850708E-04
   1.5578811E+03   2.5430000E+03   2.5010000E+03   1.4711537E-04   1.4955026E-04
   1.5578886E+03   2.5780000E+03   2.5390000E+03   4.3067708E-04   4.6074041E-04
   1.5578962E+03   2.5130000E+03   2.4600000E+03   5.5888112E-04   4.5483584E-04
   1.5579037E+03   2.5560000E+03   2.5140000E+03   3.2240555E-04   3.2786015E-04
   1.5579112E+03   2.5830000E+03   2.5390000E+03   1.2498561E-04   1.0932968E-04
   1.5579188E+03   2.4690000E+03   2.4320000E+03   3.2985676E-04   3.3490512E-04
   1.5579263E+03   2.5700000E+03   2.5300000E+03   1.6337247E-04   1.6587429E-04
   1.5579338E+03   2.5130000E+03   2.4810000E+03   1.1951427E-04   2.0422262E-04
   1.5579413E+03   2.6080000E+03   2.5560000E+03   2.1665094E-04   2.2108827E-04
   1.5579489E+03   2.5140000E+03   2.4710000E+03   2.0565468E-04   2.0927335E-04
   1.5579564E+03   2.5980000E+03   2.5560000E+03   2.3599436E-04   2.3970061E-04
   1.5579639E+03   2.5490000E+03   2.5050000E+03   1.7466941E-04   1.7529631E-04
   1.5579715E+03   2.5180000E+03   2.4690000E+03   1.1927820E-04   1.2170348E-04
   1.5579790E+03   2.5690000E+03   2.5160000E+03   2.6306776E-04   9.1028643E-05
   1.5579865E+03   2.5680000E+03   2.5150000E+03   3.3429843E-04   3.4124346E-04
   1.5579940E+03   2.5310000E+03   2.4810000E+03   2.0545614E-04   2.0959026E-04
   1.5580016E+03   2.5830000E+03   2.5410000E+03   9.5472954E-05   1.4502138E-04
   1.5580091E+03   2.5360000E+03   2.4910000E+03   4.0316613E-05   4.1101952E-05
   1.5580166E+03   2.5270000E+03   2.4820000E+03   6.7786397E-05   6.8893496E-05
   1.5580242E+03   2.4580000E+03   2.4150000E+03   3.5763241E-04   3.6398621E-04
   1.5580317E+03   2.4300000E+03   2.3850000E+03   1.0215776E-04   1.9329337E-04
   1.5580392E+03   2.5530000E+03   2.5050000E+03   1.8061279E-04   1.8390229E-04
   1.5580467E+03   2.5470000E+03   2.5050000E+03   2.2875656E-04   1.4767564E-04
   1.5580543E+03   2.4420000E+03   2.4120000E+03   1.2822509E-04   1.6570116E-04
   1.5580618E+03   2.5380000E+03   2.5000000E+03   3.4472348E-04   3.4994595E-04
   1.5580693E+03   2.5570000E+03   2.5150000E+03   1.5294466E-04   1.5553657E-04
   1.5580769E+03   2.5160000E+03   2.4710000E+03   5.0905114E-05   5.1949697E-05
   1.5580844E+03   2.5160000E+03   2.4700000E+03   3.3250941E-05   3.3909578E-05
   1.5580919E+03   2.5730000E+03   2.5230000E+03   2.8717693E-04   1.5765502E-04
   1.5580994E+03   2.4680000E+03   2.4340000E+03   1.4151412E-04   1.4350262E-04
   1.5581070E+03   2.5310000E+03   2.4830000E+03   1.0844046E-04   1.1093557E-04
   1.5581145E+03   2.4950000E+03   2.4410000E+03   3.4722379E-04   2.5085614E-04
   1.5581220E+03   2.4780000E+03   2.4380000E+03   1.8573532E-04   2.2372098E-05
   1.5581296E+03   2.5780000E+03   2.5350000E+03   1.7366417E-04   1.7638966E-04
   1.5581371E+03   2.5080000E+03   2.4610000E+03   2.2243403E-04   2.2619670E-04
   1.5581446E+03   2.4170000E+03   2.3790000E+03   1.9205101E-04   1.9498452E-04
   1.5581521E+03   2.5280000E+03   2.4900000E+03   2.2303626E-04   1.4377963E-04
   1.5581597E+03   2.4440000E+03   2.4090000E+03   2.9630987E-04   3.5902351E-04
   1.5581672E+03   2.4210000E+03   2.3810000E+03   4.1635132E-04   4.6026059E-04
   1.5581747E+03   2.4960000E+03   2.4540000E+03   2.8806929E-05   2.9312684E-05
   1.5581823E+03   2.5310000E+03   2.4900000E+03   2.2017081E-04   4.7733831E-05
   1.5581898E+03   2.4870000E+03   2.4460000E+03   3.0604412E-04   3.1081342E-04
   1.5581973E+03   2.4710000E+03   2.4250000E+03   1.6402541E-04   1.6710849E-04
   1.5582048E+03   2.4870000E+03   2.4540000E+03   1.4819337E-06   1.5043008E-06
   1.5582124E+03   2.3880000E+03   2.3450000E+03   1.9318320E-04   1.9672237E-04
   1.5582199E+03   2.5510000E+03   2.5030000E+03   1.0815714E-04   1.1022361E-04
   1.5582274E+03   2.5540000E+03   2.5060000E+03   2.0780497E-04   6.0995890E-05
   1.5582350E+03   2.4360000E+03   2.3880000E+03   2.5467437E-04   1.6166963E-04
   1.5582425E+03   2.4120000E+03   2.3640000E+03   7.9992908E-05   8.1758051E-05
   1.5582500E+03   2.3800000E+03   2.3410000E+03   5.2538060E-05   5.3395988E-05
   1.5582575E+03   2.4020000E+03   2.3540000E+03   4.0586218E-04   4.1407697E-04
   1.5582651E+03   2.3840000E+03   2.3480000E+03   1.3516896E-04   1.3714454E-04
   1.5582726E+03   2.4610000E+03   2.4140000E+03   1.7022326E-04   1.7441795E-04
   1.5582801E+03   2.4910000E+03   2.4550000E+03   1.9074571E-04   1.9354225E-04
   1.5582876E+03   2.3790000E+03   2.3380000E+03   3.6383110E-04   1.9633347E-04
   1.5582952E+03   2.4560000E+03   2.4010000E+03   8.6753988E-05   2.5277637E-04
   1.5583027E+03   2.3350000E+03   2.2940000E+03   1.8764852E-04   1.9013853E-04
   1.5583102E+03   2.3650000E+03   2.3260000E+03   4.3013692E-05   4.3936997E-05
   1.5583178E+03   2.5050000E+03   2.4610000E+03   6.0747108E-05   6.1137931E-05
   1.5583253E+03   2.4390000E+03   2.3830000E+03   4.6708832E-04   3.9953483E-04
   1.5583328E+03   2.4020000E+03   2.3700000E+03   4.4400269E-04   4.5018748E-04
   1.5583403E+03   2.4080000E+03   2.3660000E+03   1.0642625E-04   9.1114635E-05
   1.5583479E+03   2.4240000E+03   2.3730000E+03   1.8273036E-04   6.8642833E-05
   1.5583554E+03   2.4600000E+03   2.4160000E+03   8.3954494E-05   8.5705810E-05
   1.5583629E+03   2.4440000E+03   2.4010000E+03   8.7503826E-05   8.9063750E-05
   1.5583705E+03   2.3500000E+03   2.3110000E+03   1.3428819E-04   1.3667254E-04
   1.5583780E+03   2.3700000E+03   2.3400000E+03   1.1359133E-04   1.1497406E-04
   1.5583855E+03   2.3710000E+03   2.3270000E+03   2.5138092E-04   2.5600095E-04
   1.5583930E+03   2.3690000E+03   2.3310000E+03   1.4069714E-04   1.4300232E-04
   1.5584006E+03   2.3300000E+03   2.2930000E+03   1.7928008E-04   1.6797529E-04
   1.5584081E+03   2.3840000E+03   2.3370000E+03   2.1217873E-04   2.1644809E-04
   1.5584156E+03   2.3740000E+03   2.3360000E+03   1.5035135E-04   1.5285964E-04
   1.5584232E+03   2.4580000E+03   2.4130000E+03   2.0655543E-04   2.1046972E-04
   1.5584307E+03   2.4520000E+03   2.4050000E+03   1.6251549E-04   3.0423415E-04
   1.5584382E+03   2.4240000E+03   2.3840000E+03   1.1162992E-04   1.1355333E-04
   1.5584457E+03   2.4470000E+03   2.3950000E+03   1.4564836E-04   1.1289305E-04
   1.5584533E+03   2.3010000E+03   2.2570000E+03   1.0940777E-06   9.4692608E-07
   1.5584608E+03   2.4740000E+03   2.4280000E+03   9.0468779E-05   7.3419303E-05
   1.5584683E+03   2.3400000E+03   2.2840000E+03   1.4400303E-04   1.0891048E-04
   1.5584759E+03   2.3260000E+03   2.2930000E+03   8.8972120E-07   1.1176256E-06
   1.5584834E+03   2.4960000E+03   2.4470000E+03   1.9824836E-04   2.0220120E-04
   1.5584909E+03   2.3160000E+03   2.2660000E+03   4.9402951E-05   7.6085385E-06
   1.5584984E+03   2.3380000E+03   2.3050000E+03   1.8199529E-04   1.8445026E-04
   1.5585060E+03   2.3780000E+03   2.3410000E+03   1.2191666E-04   6.9059670E-05
   1.5585135E+03   2.3510000E+03   2.2910000E+03   1.7754704E-04   1.8215351E-04
   1.5585210E+03   2.3300000E+03   2.2850000E+03   3.7612979E-05   2.2896731E-06
   1.5585286E+03   2.2920000E+03   2.2550000E+03   1.3165443E-04   1.3386292E-04
   1.5585361E+03   2.3320000E+03   2.2890000E+03   8.6366748E-05   1.5526776E-06
   1.5585436E+03   2.3530000E+03   2.3030000E+03   1.3692577E-04   1.3990892E-04
   1.5585511E+03   2.2990000E+03   2.2520000E+03   2.5875624E-04   2.6417463E-04
   1.5585587E+03   2.3540000E+03   2.3140000E+03   6.8715805E-05   6.9958029E-05
   1.5585662E+03   2.2570000E+03   2.2160000E+03   2.0969125E-04   2.1367257E-04
   1.5585737E+03   2.2660000E+03   2.2250000E+03   1.9025062E-06   1.9675387E-06
   1.5585813E+03   2.3780000E+03   2.3340000E+03   1.9862871E-04   2.0237774E-04
   1.5585888E+03   2.3850000E+03   2.3520000E+03   6.7299711E-05   6.8242771E-05
   1.5585963E+03   2.3240000E+03   2.2860000E+03   7.2766584E-05   7.4042498E-05
   1.5586038E+03   2.2270000E+03   2.1960000E+03   1.9319391E-04   4.6328322E-06
   1.5586114E+03   2.2040000E+03   2.1550000E+03   2.7482638E-06   2.6719345E-06
   1.5586189E+03   2.2920000E+03   2.2480000E+03   6.2273482E-05   1.3704956E-04
   1.5586264E+03   2.3020000E+03   2.2540000E+03   3.1651080E-05   3.2345367E-05
   1.5586340E+03   2.3580000E+03   2.3210000E+03   1.0886486E-06   1.1010908E-06
   1.5586415E+03   2.2980000E+03   2.2410000E+03   8.0795851E-05   8.2741671E-05
   1.5586490E+03   2.3200000E+03   2.2860000E+03   1.4231330E-04   1.4441344E-04
   1.5586565E+03   2.3990000E+03   2.3550000E+03   1.7609174E-06   1.8174058E-06
   1.5586641E+03   2.3720000E+03   2.3300000E+03   3.5835336E-06   3.6633711E-06
   1.5586716E+03   2.2380000E+03   2.1930000E+03   1.2152480E-06   1.2154383E-06
   1.5586791E+03   2.2700000E+03   2.2260000E+03   2.0273800E-04   4.1875639E-06
   1.5586867E+03   2.3230000E+03   2.2870000E+03   6.1213829E-05   6.2170055E-05
   1.5586942E+03   2.2220000E+03   2.1830000E+03   1.0359469E-04   1.1476359E-04
   1.5587017E+03   2.3130000E+03   2.2720000E+03   5.1725324E-06   5.2955385E-06
   1.5587092E+03   2.1830000E+03   2.1290000E+03   3.6170530E-06   3.5710323E-06
   1.5587168E+03   2.3230000E+03   2.2750000E+03   5.1268813E-06   5.2499669E-06
   1.5587243E+03   2.2620000E+03   2.2130000E+03   1.5819528E-04   8.6609769E-07
   1.5587318E+03   2.3030000E+03   2.2600000E+03   2.8775727E-06   2.8704647E-06
   1.5587393E+03   2.2730000E+03   2.2310000E+03   1.8005648E-07   2.6893220E-07
   1.5587469E+03   2.3450000E+03   2.2970000E+03   1.6398673E-06   1.8161775E-06
   1.5587544E+03   2.2460000E+03   2.2070000E+03   6.9736904E-06   7.0430261E-06
   1.5587619E+03   2.2180000E+03   2.1800000E+03   1.8367042E-04   1.8318043E-05
   1.5587695E+03   2.2000000E+03   2.1630000E+03   1.0408044E-06   1.0979191E-06
   1.5587770E+03   2.2840000E+03   2.2330000E+03   7.3281869E-07   6.5863788E-07
   1.5587845E+03   2.3070000E+03   2.2710000E+03   1.2122243E-06   1.2579558E-06
   1.5587920E+03   2.2110000E+03   2.1740000E+03   2.6464154E-06   2.2670328E-06
   1.5587996E+03   2.2450000E+03   2.2060000E+03   3.8546745E-06   4.2613719E-06
   1.5588071E+03   2.2240000E+03   2.1840000E+03   1.8875491E-04   1.9225795E-04
   1.5588146E+03   2.1900000E+03   2.1490000E+03   4.4758922E-06   4.5668530E-06
   1.5588222E+03   2.1460000E+03   2.1140000E+03   1.6643554E-06   1.6320133E-06
   1.5588297E+03   2.2500000E+03   2.2050000E+03   2.3420181E-06   2.3103217E-06
   1.5588372E+03   2.1950000E+03   2.1470000E+03   1.3127341E-06   1.2544520E-06
   1.5588447E+03   2.1900000E+03   2.1450000E+03   1.9886002E-06   2.0814283E-06
   1.5588523E+03   2.1700000E+03   2.1280000E+03   7.1936876E-07   7.4321857E-07
   1.5588598E+03   2.1940000E+03   2.1540000E+03   1.0076729E-04   3.2112109E-06
   1.5588673E+03   2.1590000E+03   2.1120000E+03   1.3905427E-06   1.1438131E-06
   1.5588749E+03   2.2360000E+03   2.1980000E+03   3.5146258E-06   3.5635907E-06
   1.5588824E+03   2.1590000E+03   2.1230000E+03   8.8825312E-07   8.8563831E-07
   1.5588899E+03   2.1800000E+03   2.1520000E+03   4.1526660E-07   4.1991476E-07
   1.5588974E+03   2.2580000E+03   2.2210000E+03   1.5085412E-06   1.5094829E-06
   1.5589050E+03   2.2910000E+03   2.2550000E+03   1.2154877E-06   1.2916052E-06
   1.5589125E+03   2.2110000E+03   2.1630000E+03   9.3733459E-07   1.0120777E-06
   1.5589200E+03   2.2720000E+03   2.2310000E+03   3.0145609E-04   3.0699228E-04
   1.5589276E+03   2.2350000E+03   2.2010000E+03   9.2350160E-06   9.2608203E-06
   1.5589351E+03   2.1620000E+03   2.1250000E+03   1.2183168E-05   4.8547993E-06
   1.5589426E+03   2.1540000E+03   2.1160000E+03   1.2759893E-06   1.3521072E-06
   1.5589501E+03   2.2280000E+03   2.1950000E+03   2.1238720E-06   2.2094266E-06
   1.5589577E+03   2.2170000E+03   2.1720000E+03   1.0439418E-06   9.6170597E-07
   1.5589652E+03   2.1730000E+03   2.1410000E+03   5.9406312E-06   9.5176486E-07
   1.5589727E+03   2.2200000E+03   2.1710000E+03   8.9645817E-07   9.2220329E-07
   1.5589803E+03   2.1740000E+03   2.1320000E+03   1.5181562E-06   1.4130210E-06
   1.5589878E+03   2.1720000E+03   2.1410000E+03   9.8169785E-07   1.0420625E-06
   1.5589953E+03   2.1690000E+03   2.1250000E+03   5.5487530E-06   5.6142868E-06
   1.5590028E+03   2.1210000E+03   2.0770000E+03   1.5856039E-06   1.6207076E-06
   1.5590104E+03   2.2210000E+03   2.1870000E+03   3.9825390E-06   4.0247476E-06
   1.5590179E+03   2.1230000E+03   2.0760000E+03   1.2480694E-06   1.2389064E-06
   1.5590254E+03   2.2050000E+03   2.1720000E+03   5.7369548E-05   5.8257045E-05
   1.5590330E+03   2.1470000E+03   2.1050000E+03   3.7522960E-06   3.8278510E-06
   1.5590405E+03   2.2490000E+03   2.2070000E+03   3.2291196E-07   3.6945836E-07
   1.5590480E+03   2.2150000E+03   2.1900000E+03   5.0244916E-06   5.0778284E-06
   1.5590555E+03   2.1650000E+03   2.1140000E+03   4.2919623E-06   4.4265386E-06
   1.5590631E+03   2.0500000E+03   2.0070000E+03   4.8505421E-06   4.9512875E-06
   1.5590706E+03   2.1820000E+03   2.1400000E+03   2.2386068E-06   2.2547409E-06
   1.5590781E+03   2.0400000E+03   2.0110000E+03   1.1319964E-05   1.1477889E-05
   1.5590857E+03   2.0810000E+03   2.0490000E+03   2.0326958E-06   2.0639334E-06
   1.5590932E+03   2.1680000E+03   2.1350000E+03   4.3313722E-06   4.4322726E-06
   1.5591007E+03   2.1860000E+03   2.1460000E+03   8.0645779E-07   8.2346113E-07
   1.5591082E+03   2.1370000E+03   2.0910000E+03   2.1766866E-05   2.2279239E-05
   1.5591158E+03   2.1340000E+03   2.0940000E+03   2.1496855E-06   2.1667889E-06
   1.5591233E+03   2.1040000E+03   2.0680000E+03   1.2801211E-04   1.3014939E-04
   1.5591308E+03   2.0990000E+03   2.0610000E+03   8.6092278E-06   8.7623483E-06
   1.5591384E+03   2.1030000E+03   2.0760000E+03   5.5892326E-06   5.6892700E-06
   1.5591459E+03   2.1600000E+03   2.1340000E+03   7.8125705E-07   8.0355368E-07
   1.5591534E+03   2.0900000E+03   2.0490000E+03   4.7946022E-06   4.8244507E-06
   1.5591609E+03   2.0780000E+03   2.0430000E+03   4.5333436E-07   5.3022107E-07
   1.5591685E+03   2.1010000E+03   2.0700000E+03   1.5166882E-06   6.3246735E-07
   1.5591760E+03   2.1010000E+03   2.0710000E+03   8.7373318E-05   8.8656833E-05
   1.5591835E+03   2.0700000E+03   2.0280000E+03   9.9690542E-07   9.5242073E-07
   1.5591910E+03   2.0820000E+03   2.0480000E+03   9.1781642E-06   9.3617939E-06
   1.5591986E+03   2.1830000E+03   2.1400000E+03   6.0685902E-06   7.6697415E-07
   1.5592061E+03   2.2260000E+03   2.1820000E+03   7.7593940E-07   8.5191347E-07
   1.5592136E+03   2.1120000E+03   2.0800000E+03   6.3591310E-06   6.4634098E-06
   1.5592212E+03   2.1200000E+03   2.0750000E+03   1.6299163E-06   1.6394905E-06
   1.5592287E+03   2.0980000E+03   2.0640000E+03   7.6411614E-06   7.6030187E-06
   1.5592362E+03   2.0570000E+03   2.0240000E+03   1.3411264E-06   1.3778448E-06
   1.5592437E+03   2.1040000E+03   2.0690000E+03   8.8710061E-07   9.0939666E-07
   1.5592513E+03   2.0850000E+03   2.0510000E+03   1.5085773E-06   1.5468078E-06
   1.5592588E+03   2.0590000E+03   2.0190000E+03   2.4772398E-06   2.5018362E-06
   1.5592663E+03   2.0570000E+03   2.0110000E+03   4.3675781E-06   4.3883015E-06
   1.5592739E+03   2.0370000E+03   1.9870000E+03   8.4974449E-07   7.9614343E-07
   1.5592814E+03   2.1230000E+03   2.0710000E+03   1.1833201E-06   1.2680180E-06
   1.5592889E+03   2.0660000E+03   2.0260000E+03   1.0430690E-06   1.1706878E-06
   1.5592964E+03   2.1240000E+03   2.0810000E+03   3.0064397E-07   2.6908788E-07
   1.5593040E+03   2.0550000E+03   2.0140000E+03   1.2964951E-06   1.3267333E-06
   1.5593115E+03   2.1510000E+03   2.1110000E+03   3.9159661E-06   3.9945639E-06
   1.5593190E+03   2.1280000E+03   2.0920000E+03   1.8655224E-07   1.9150600E-07
   1.5593266E+03   2.0660000E+03   2.0270000E+03   1.6870651E-06   1.6802915E-06
   1.5593341E+03   2.1410000E+03   2.1000000E+03   4.2914574E-07   9.1016607E-07
   1.5593416E+03   2.0420000E+03   2.0100000E+03   2.5160049E-07   2.7077305E-07
   1.5593491E+03   2.0520000E+03   2.0150000E+03   2.0335350E-06   2.0544687E-06
   1.5593567E+03   2.0850000E+03   2.0400000E+03   1.7519943E-06   1.8868076E-06
   1.5593642E+03   2.1280000E+03   2.0780000E+03   5.2113049E-07   5.3613085E-07
   1.5593717E+03   2.0690000E+03   2.0350000E+03   5.1083964E-07   6.4803133E-07
   1.5593793E+03   1.9680000E+03   1.9310000E+03   5.7259786E-07   5.8269493E-07
   1.5593868E+03   2.0290000E+03   1.9870000E+03   2.1334967E-07   3.0540076E-07
   1.5593943E+03   2.1770000E+03   2.1400000E+03   6.4866117E-06   6.5737095E-06
   1.5594018E+03   2.0170000E+03   1.9790000E+03   9.2664908E-06   9.4514928E-06
   1.5594094E+03   2.0320000E+03   1.9990000E+03   3.5141362E-06   3.2880888E-06
   1.5594169E+03   1.9470000E+03   1.9160000E+03   2.1936933E-07   1.3274789E-07
   1.5594244E+03   1.9960000E+03   1.9630000E+03   1.0129592E-06   1.0086530E-06
   1.5594320E+03   1.9830000E+03   1.9470000E+03   6.9894321E-07   4.7353590E-07
   1.5594395E+03   2.0990000E+03   2.0550000E+03   3.8597879E-06   4.0483845E-06
   1.5594470E+03   2.0860000E+03   2.0470000E+03   1.7353224E-06   1.7844037E-06
   1.5594545E+03   1.9850000E+03   1.9470000E+03   7.4138340E-07   8.0818858E-07
   1.5594621E+03   1.9730000E+03   1.9420000E+03   6.3912081E-07   9.2328548E-07
   1.5594696E+03   1.9860000E+03   1.9460000E+03   1.3340483E-06   1.4437188E-06
   1.5594771E+03   1.9790000E+03   1.9390000E+03   2.3883597E-06   2.3969453E-06
   1.5594847E+03   2.0210000E+03   1.9850000E+03   1.7094157E-06   1.7556991E-06
   1.5594922E+03   1.9370000E+03   1.9010000E+03   2.4778701E-07   2.2697824E-07
   1.5594997E+03   2.0250000E+03   1.9930000E+03   1.8085742E-06   1.8376146E-06
   1.5595072E+03   2.0240000E+03   1.9830000E+03   2.3515313E-07   2.2218271E-07
   1.5595148E+03   1.9970000E+03   1.9590000E+03   5.5487184E-07   5.8589708E-07
   1.5595223E+03   2.0900000E+03   2.0450000E+03   2.2953810E-07   2.1690100E-07
   1.5595298E+03   2.0510000E+03   2.0080000E+03   1.1632737E-06   1.1225956E-06
   1.5595374E+03   1.9680000E+03   1.9350000E+03   5.5353369E-06   5.5732382E-06
   1.5595449E+03   1.9830000E+03   1.9450000E+03   1.9950107E-06   2.0420685E-06
   1.5595524E+03   1.9230000E+03   1.8840000E+03   3.3275570E-07   1.8074925E-07
   1.5595599E+03   1.9640000E+03   1.9290000E+03   3.9155561E-07   4.5345577E-07
   1.5595675E+03   2.0280000E+03   1.9970000E+03   6.0603973E-07   5.8828874E-07
   1.5595750E+03   1.9780000E+03   1.9370000E+03   4.3975488E-07   4.8965374E-07
   1.5595825E+03   2.0400000E+03   2.0040000E+03   1.4002850E-06   3.2582764E-07
   1.5595901E+03   2.0260000E+03   1.9970000E+03   8.2536729E-07   9.5672136E-07
   1.5595976E+03   1.8860000E+03   1.8490000E+03   8.5667523E-07   8.4786862E-07
   1.5596051E+03   1.9770000E+03   1.9450000E+03   1.5035200E-07   1.6336456E-07
   1.5596126E+03   1.9740000E+03   1.9370000E+03   7.1257196E-07   7.0316530E-07
   1.5596202E+03   1.9220000E+03   1.8910000E+03   6.1352492E-07   6.2016056E-07
   1.5596277E+03   1.9710000E+03   1.9280000E+03   2.6312482E-06   2.7103251E-06
   1.5596352E+03   2.0200000E+03   1.9860000E+03   4.7107465E-07   4.5696764E-07
   1.5596427E+03   2.0000000E+03   1.9640000E+03   8.3095737E-07   3.7413172E-07
   1.5596503E+03   1.9530000E+03   1.9130000E+03   8.0560021E-07   7.2074410E-07
   1.5596578E+03   2.0210000E+03   1.9890000E+03   3.3768111E-07   2.9439580E-07
   1.5596653E+03   1.9750000E+03   1.9420000E+03   8.4854023E-07   8.9917662E-07
   1.5596729E+03   1.9760000E+03   1.9270000E+03   1.2254512E-05   1.2518408E-05
   1.5596804E+03   2.0160000E+03   1.9870000E+03   1.1727771E-06   1.1977958E-06
   1.5596879E+03   1.8890000E+03   1.8500000E+03   1.3848351E-06   1.3451718E-06
   1.5596954E+03   1.9400000E+03   1.8980000E+03   8.0499199E-07   7.9954752E-07
   1.5597030E+03   1.8610000E+03   1.8220000E+03   9.8115783E-07   9.9204471E-07
   1.5597105E+03   1.9360000E+03   1.8920000E+03   2.6875302E-07   2.6513699E-07
   1.5597180E+03   1.9690000E+03   1.9360000E+03   1.2047850E-04   1.2252412E-04
   1.5597256E+03   2.0330000E+03   1.9890000E+03   1.7051690E-06   1.7338221E-06
   1.5597331E+03   1.8650000E+03   1.8280000E+03   6.9848198E-07   6.9058115E-07
   1.5597406E+03   1.9400000E+03   1.9090000E+03   9.8352793E-07   1.0275451E-06
   1.5597481E+03   1.8520000E+03   1.8180000E+03   3.2743124E-07   3.2532261E-07
   1.5597557E+03   1.9090000E+03   1.8630000E+03   1.5708812E-06   1.4159142E-06
   1.5597632E+03   1.8990000E+03   1.8670000E+03   8.4394858E-08   1.5623569E-07
   1.5597707E+03   1.9120000E+03   1.8740000E+03   1.0694750E-06   1.1311484E-06
   1.5597783E+03   1.9210000E+03   1.8860000E+03   9.9161842E-07   9.5174783E-07
   1.5597858E+03   1.8550000E+03   1.8300000E+03   3.4583775E-07   3.5192353E-07
   1.5597933E+03   1.8670000E+03   1.8290000E+03   5.6394980E-07   5.7296892E-07
   1.5598008E+03   1.9490000E+03   1.9100000E+03   1.2059344E-06   1.2449342E-06
   1.5598084E+03   1.9450000E+03   1.9040000E+03   1.5749301E-06   1.5276463E-06
   1.5598159E+03   1.8570000E+03   1.8140000E+03   2.1803557E-06   1.4139272E-06
   1.5598234E+03   1.8850000E+03   1.8560000E+03   1.9973902E-06   2.0290908E-06
   1.5598310E+03   1.8940000E+03   1.8490000E+03   5.1931618E-06   5.2102301E-06
   1.5598385E+03   1.8360000E+03   1.8050000E+03   1.3161728E-06   1.2880985E-06
   1.5598460E+03   1.9000000E+03   1.8690000E+03   2.5208157E-07   2.3202926E-07
   1.5598535E+03   1.8610000E+03   1.8290000E+03   2.3850838E-07   2.3052304E-07
   1.5598611E+03   1.8400000E+03   1.8010000E+03   4.0182601E-07   8.1913668E-07
   1.5598686E+03   1.9230000E+03   1.8900000E+03   2.3702186E-06   2.4004121E-06
   1.5598761E+03   1.9130000E+03   1.8780000E+03   6.7683439E-05   6.9026016E-05
   1.5598837E+03   1.8870000E+03   1.8400000E+03   9.8117946E-08   1.9085324E-07
   1.5598912E+03   1.8750000E+03   1.8430000E+03   1.9277887E-06   1.9217032E-06
   1.5598987E+03   1.8850000E+03   1.8490000E+03   1.3379889E-06   1.3495580E-06
   1.5599062E+03   1.8690000E+03   1.8390000E+03   1.2698721E-05   1.2903914E-05
   1.5599138E+03   1.8460000E+03   1.8160000E+03   8.4619915E-07   8.3633528E-07
   1.5599213E+03   1.8510000E+03   1.8230000E+03   3.5311332E-07   3.7358174E-07
   1.5599288E+03   1.9720000E+03   1.9380000E+03   9.7133773E-07   9.2627877E-07
   1.5599364E+03   1.7940000E+03   1.7620000E+03   1.0578347E-06   1.0651345E-06
   1.5599439E+03   1.8950000E+03   1.8590000E+03   5.3009519E-07   3.0885501E-07
   1.5599514E+03   1.8780000E+03   1.8430000E+03   2.7196494E-06   2.7745964E-06
   1.5599589E+03   1.8160000E+03   1.7850000E+03   5.4763878E-07   5.7784695E-07
   1.5599665E+03   1.8810000E+03   1.8410000E+03   1.8675087E-04   1.9081286E-04
   1.5599740E+03   1.8130000E+03   1.7830000E+03   2.5291462E-07   2.8582346E-07
   1.5599815E+03   1.8730000E+03   1.8380000E+03   9.9734384E-07   9.6688649E-07
   1.5599891E+03   1.7970000E+03   1.7750000E+03   7.0856760E-07   7.3203309E-07
   1.5599966E+03   1.8650000E+03   1.8320000E+03   8.2989490E-05   8.4512278E-05
   1.5600041E+03   1.8680000E+03   1.8240000E+03   1.1169593E-07   1.0536323E-07
   1.5600116E+03   1.8410000E+03   1.8120000E+03   6.3302352E-07   6.3948983E-07
   1.5600192E+03   1.8120000E+03   1.7790000E+03   3.1891985E-07   2.8871800E-07
   1.5600267E+03   1.8970000E+03   1.8630000E+03   3.3579715E-06   3.2899893E-06
   1.5600342E+03   1.9210000E+03   1.8810000E+03   1.3318854E-06   1.3203663E-06
   1.5600418E+03   1.8890000E+03   1.8510000E+03   5.9471102E-07   6.0571254E-07
   1.5600493E+03   1.8060000E+03   1.7730000E+03   4.6446801E-07   4.8603181E-07
   1.5600568E+03   1.7550000E+03   1.7400000E+03   3.0680101E-07   3.2331296E-07
   1.5600643E+03   1.8330000E+03   1.7990000E+03   1.1621912E-06   1.1100889E-06
   1.5600719E+03   1.8400000E+03   1.8000000E+03   1.1968002E-06   1.1880239E-06
   1.5600794E+03   1.7920000E+03   1.7650000E+03   1.2630178E-07   1.0497506E-07
   1.5600869E+03   1.8190000E+03   1.7860000E+03   1.0613697E-04   1.0811145E-04
   1.5600944E+03   1.7250000E+03   1.6890000E+03   1.3230665E-06   1.3354195E-06
   1.5601020E+03   1.7300000E+03   1.6950000E+03   4.7526125E-07   4.3283767E-07
   1.5601095E+03   1.7970000E+03   1.7650000E+03   3.3696516E-07   3.2057683E-07
   1.5601170E+03   1.7960000E+03   1.7620000E+03   5.7883548E-07   6.0126008E-07
   1.5601246E+03   1.8260000E+03   1.7940000E+03   9.1134409E-08   7.3318378E-08
   1.5601321E+03   1.7850000E+03   1.7480000E+03   9.0112568E-08   8.9005548E-08
   1.5601396E+03   1.8580000E+03   1.8330000E+03   2.8392690E-07   2.8719464E-07
   1.5601471E+03   1.8230000E+03   1.7840000E+03   3.6529165E-07   3.3035136E-07
   1.5601547E+03   1.7970000E+03   1.7670000E+03   5.1780889E-07   5.1666184E-07
   1.5601622E+03   1.8000000E+03   1.7640000E+03   2.3094652E-06   2.3604913E-06
   1.5601697E+03   1.7180000E+03   1.6790000E+03   4.3885607E-07   4.5950333E-07
   1.5601773E+03   1.8040000E+03   1.7700000E+03   1.6008312E-06   1.6068590E-06
   1.5601848E+03   1.7750000E+03   1.7340000E+03   9.9250967E-06   1.0107729E-05
   1.5601923E+03   1.7370000E+03   1.6990000E+03   1.5432328E-05   1.5771825E-05
   1.5601998E+03   1.8350000E+03   1.8080000E+03   2.1174676E-06   2.1318510E-06
   1.5602074E+03   1.6930000E+03   1.6660000E+03   1.2975484E-06   1.2302916E-06
   1.5602149E+03   1.7320000E+03   1.6990000E+03   5.1558816E-07   5.4015433E-07
   1.5602224E+03   1.8570000E+03   1.8300000E+03   6.5129082E-07   6.6266053E-07
   1.5602300E+03   1.7550000E+03   1.7120000E+03   7.6278774E-07   7.7530339E-07
   1.5602375E+03   1.8310000E+03   1.7990000E+03   2.8059704E-07   3.0282882E-07
   1.5602450E+03   1.8120000E+03   1.7760000E+03   1.3297560E-06   1.1123447E-06
   1.5602525E+03   1.7710000E+03   1.7350000E+03   5.1058092E-07   5.1694603E-07
   1.5602601E+03   1.7300000E+03   1.6940000E+03   2.7565041E-07   2.8760578E-07
   1.5602676E+03   1.8230000E+03   1.8030000E+03   4.5410084E-07   4.4306383E-07
   1.5602751E+03   1.7630000E+03   1.7280000E+03   9.8753745E-07   1.0262520E-06
   1.5602827E+03   1.7110000E+03   1.6740000E+03   9.7796217E-07   1.3063964E-06
   1.5602902E+03   1.7430000E+03   1.7130000E+03   1.0392902E-06   9.8669207E-07
   1.5602977E+03   1.7650000E+03   1.7330000E+03   4.7646275E-07   3.8887082E-07
   1.5603052E+03   1.7110000E+03   1.6730000E+03   1.1645778E-07   2.0683277E-07
   1.5603128E+03   1.7940000E+03   1.7670000E+03   5.0906438E-06   5.1675141E-06
   1.5603203E+03   1.7500000E+03   1.7070000E+03   7.8557469E-08   1.3665102E-07
   1.5603278E+03   1.7660000E+03   1.7420000E+03   3.3511408E-07   2.2679365E-07
   1.5603354E+03   1.7820000E+03   1.7620000E+03   1.4118800E-05   1.4276670E-05
   1.5603429E+03   1.7680000E+03   1.7460000E+03   1.1068471E-06   1.1005752E-06
   1.5603504E+03   1.6900000E+03   1.6580000E+03   1.4485535E-07   1.4178771E-07
   1.5603579E+03   1.7330000E+03   1.7010000E+03   4.8901250E-07   5.5401480E-07
   1.5603655E+03   1.7950000E+03   1.7570000E+03   2.5739505E-04   2.6294566E-04
   1.5603730E+03   1.7660000E+03   1.7380000E+03   5.7023170E-07   5.8500693E-07
   1.5603805E+03   1.6930000E+03   1.6650000E+03   2.1290470E-07   2.1742725E-07
   1.5603881E+03   1.7740000E+03   1.7400000E+03   6.1047761E-07   6.2098653E-07
   1.5603956E+03   1.6890000E+03   1.6550000E+03   5.8528185E-07   5.7247863E-07
   1.5604031E+03   1.7470000E+03   1.7200000E+03   1.8956967E-07   1.6912643E-07
   1.5604106E+03   1.7360000E+03   1.7040000E+03   7.8118132E-07   7.8969796E-07
   1.5604182E+03   1.6760000E+03   1.6410000E+03   1.5672095E-06   1.5295345E-06
   1.5604257E+03   1.7030000E+03   1.6720000E+03   1.6792004E-07   1.6956167E-07
   1.5604332E+03   1.7370000E+03   1.7020000E+03   2.0457642E-07   1.9162919E-07
   1.5604408E+03   1.6770000E+03   1.6500000E+03   1.8938235E-07   1.8593829E-07
   1.5604483E+03   1.7260000E+03   1.6850000E+03   2.1565107E-06   1.4663219E-07
   1.5604558E+03   1.7010000E+03   1.6620000E+03   2.6155606E-07   1.4109938E-07
   1.5604633E+03   1.7720000E+03   1.7450000E+03   1.2340858E-07   8.4897286E-08
   1.5604709E+03   1.6880000E+03   1.6580000E+03   7.1850646E-08   8.1995600E-08
   1.5604784E+03   1.6760000E+03   1.6430000E+03   2.2820728E-07   1.8903963E-07
   1.5604859E+03   1.7960000E+03   1.7580000E+03   2.4597799E-07   2.5091854E-07
   1.5604935E+03   1.7130000E+03   1.6820000E+03   1.5970404E-07   1.7320174E-07
   1.5605010E+03   1.6740000E+03   1.6430000E+03   1.7498391E-06   4.4402116E-07
   1.5605085E+03   1.6690000E+03   1.6400000E+03   1.0001200E-05   1.0065266E-05
   1.5605160E+03   1.7220000E+03   1.6950000E+03   1.8647271E-07   2.1382582E-07
   1.5605236E+03   1.6910000E+03   1.6470000E+03   6.3577665E-04   6.5273583E-04
   1.5605311E+03   1.7280000E+03   1.6970000E+03   5.9397948E-07   5.5769566E-07
   1.5605386E+03   1.6650000E+03   1.6230000E+03   7.9133913E-07   1.3661634E-07
   1.5605461E+03   1.6850000E+03   1.6550000E+03   2.2577393E-05   2.2803686E-05
   1.5605537E+03   1.7390000E+03   1.7160000E+03   1.8858180E-06   1.8842157E-06
   1.5605612E+03   1.7500000E+03   1.7140000E+03   3.5073311E-07   3.6185358E-07
   1.5605687E+03   1.6620000E+03   1.6390000E+03   3.9886677E-06   4.0791782E-06
   1.5605763E+03   1.6770000E+03   1.6510000E+03   3.9355855E-07   4.2437436E-07
   1.5605838E+03   1.6700000E+03   1.6320000E+03   5.7235567E-07   6.0368323E-07
   1.5605913E+03   1.5830000E+03   1.5620000E+03   5.6823453E-07   5.7503171E-07
   1.5605988E+03   1.6280000E+03   1.6020000E+03   5.1730661E-07   4.3415132E-07
   1.5606064E+03   1.7040000E+03   1.6700000E+03   3.6728439E-07   2.2358869E-07
   1.5606139E+03   1.6490000E+03   1.6180000E+03   1.9813030E-06   2.0053516E-06
   1.5606214E+03   1.7200000E+03   1.6910000E+03   1.6687188E-07   1.8780263E-07
   1.5606290E+03   1.5390000E+03   1.5140000E+03   1.1273237E-06   1.1935637E-06
   1.5606365E+03   1.6160000E+03   1.5820000E+03   1.2801057E-07   4.9584809E-08
   1.5606440E+03   1.6410000E+03   1.6100000E+03   8.9678290E-07   9.1646778E-07
   1.5606515E+03   1.6440000E+03   1.6150000E+03   2.4037826E-07   3.5195077E-07
   1.5606591E+03   1.6130000E+03   1.5840000E+03   1.4183968E-07   1.1074200E-07
   1.5606666E+03   1.6860000E+03   1.6440000E+03   1.8737347E-06   1.6847351E-06
   1.5606741E+03   1.6670000E+03   1.6340000E+03   4.6307025E-07   4.7195114E-07
   1.5606817E+03   1.6100000E+03   1.5840000E+03   3.2067571E-07   3.3442866E-07
   1.5606892E+03   1.6350000E+03   1.6140000E+03   1.1778735E-07   1.1842546E-07
   1.5606967E+03   1.6290000E+03   1.5950000E+03   1.3471041E-05   1.3800456E-05
   1.5607042E+03   1.6410000E+03   1.6110000E+03   5.8983842E-07   2.1740854E-07
   1.5607118E+03   1.6640000E+03   1.6310000E+03   1.9022496E-06   1.9110996E-06
   1.5607193E+03   1.5290000E+03   1.4860000E+03   5.0559174E-06   5.1728629E-06
   1.5607268E+03   1.6450000E+03   1.6170000E+03   6.4527556E-07   3.2158607E-07
   1.5607344E+03   1.5660000E+03   1.5350000E+03   1.5533251E-07   1.4079462E-07
   1.5607419E+03   1.6120000E+03   1.5820000E+03   2.3414425E-07   2.3709023E-07
   1.5607494E+03   1.6540000E+03   1.6170000E+03   9.1143709E-07   9.0275085E-07
   1.5607569E+03   1.6130000E+03   1.5810000E+03   2.1675538E-07   2.0899181E-07
   1.5607645E+03   1.5890000E+03   1.5610000E+03   1.4887123E-07   1.5022733E-07
   1.5607720E+03   1.6400000E+03   1.6090000E+03   2.0754950E-07   3.0982526E-08
