   1.5381945E+03   6.2500000E+02   6.1800000E+02   0.0000000E+00   0.0000000E+00
   1.5382021E+03   7.0200000E+02   6.9100000E+02   0.0000000E+00   0.0000000E+00
   1.5382096E+03   6.4300000E+02   6.3200000E+02   0.0000000E+00   0.0000000E+00
   1.5382171E+03   6.4400000E+02   6.2900000E+02   0.0000000E+00   0.0000000E+00
   1.5382246E+03   6.9700000E+02   6.8600000E+02   0.0000000E+00   0.0000000E+00
   1.5382322E+03   6.8400000E+02   6.7400000E+02   0.0000000E+00   0.0000000E+00
   1.5382397E+03   6.8400000E+02   6.7300000E+02   0.0000000E+00   0.0000000E+00
   1.5382472E+03   6.5300000E+02   6.3900000E+02   0.0000000E+00   0.0000000E+00
   1.5382548E+03   7.0900000E+02   6.9900000E+02   0.0000000E+00   0.0000000E+00
   1.5382623E+03   6.4800000E+02   6.3500000E+02   0.0000000E+00   0.0000000E+00
   1.5382698E+03   6.4000000E+02   6.2500000E+02   0.0000000E+00   0.0000000E+00
   1.5382773E+03   7.1800000E+02   7.0700000E+02   0.0000000E+00   0.0000000E+00
   1.5382849E+03   7.2400000E+02   7.0800000E+02   0.0000000E+00   0.0000000E+00
   1.5382924E+03   6.9400000E+02   6.8600000E+02   0.0000000E+00   0.0000000E+00
   1.5382999E+03   6.8400000E+02   6.7200000E+02   0.0000000E+00   0.0000000E+00
   1.5383075E+03   6.8200000E+02   6.6900000E+02   0.0000000E+00   0.0000000E+00
   1.5383150E+03   7.1500000E+02   6.9900000E+02   0.0000000E+00   0.0000000E+00
   1.5383225E+03   6.5100000E+02   6.3900000E+02   0.0000000E+00   0.0000000E+00
   1.5383300E+03   6.8300000E+02   6.7200000E+02   0.0000000E+00   0.0000000E+00
   1.5383376E+03   6.9800000E+02   6.8400000E+02   0.0000000E+00   0.0000000E+00
   1.5383451E+03   6.9100000E+02   6.8000000E+02   0.0000000E+00   0.0000000E+00
   1.5383526E+03   6.7300000E+02   6.6400000E+02   0.0000000E+00   0.0000000E+00
   1.5383602E+03   6.8900000E+02   6.7400000E+02   0.0000000E+00   0.0000000E+00
   1.5383677E+03   6.9700000E+02   6.8700000E+02   0.0000000E+00   0.0000000E+00
   1.5383752E+03   6.2900000E+02   6.1400000E+02   0.0000000E+00   0.0000000E+00
   1.5383827E+03   6.9500000E+02   6.8500000E+02   0.0000000E+00   0.0000000E+00
   1.5383903E+03   7.1100000E+02   6.9300000E+02   0.0000000E+00   0.0000000E+00
   1.5383978E+03   7.0500000E+02   6.9300000E+02   0.0000000E+00   0.0000000E+00
   1.5384053E+03   6.8600000E+02   6.7200000E+02   0.0000000E+00   0.0000000E+00
   1.5384128E+03   7.1200000E+02   7.0000000E+02   0.0000000E+00   0.0000000E+00
   1.5384204E+03   6.7600000E+02   6.6500000E+02   0.0000000E+00   0.0000000E+00
   1.5384279E+03   7.3500000E+02   7.2100000E+02   0.0000000E+00   0.0000000E+00
   1.5384354E+03   6.4800000E+02   6.3600000E+02   0.0000000E+00   0.0000000E+00
   1.5384430E+03   7.3200000E+02   7.2000000E+02   0.0000000E+00   0.0000000E+00
   1.5384505E+03   7.1100000E+02   7.0100000E+02   0.0000000E+00   0.0000000E+00
   1.5384580E+03   7.0900000E+02   6.9600000E+02   0.0000000E+00   0.0000000E+00
   1.5384655E+03   7.0200000E+02   6.8800000E+02   0.0000000E+00   0.0000000E+00
   1.5384731E+03   7.6200000E+02   7.4900000E+02   0.0000000E+00   0.0000000E+00
   1.5384806E+03   7.0200000E+02   6.8900000E+02   0.0000000E+00   0.0000000E+00
   1.5384881E+03   7.7200000E+02   7.5600000E+02   0.0000000E+00   0.0000000E+00
   1.5384957E+03   7.2100000E+02   7.1000000E+02   0.0000000E+00   0.0000000E+00
   1.5385032E+03   7.1600000E+02   7.0100000E+02   0.0000000E+00   0.0000000E+00
   1.5385107E+03   7.2100000E+02   7.1100000E+02   0.0000000E+00   0.0000000E+00
   1.5385182E+03   7.4700000E+02   7.3500000E+02   0.0000000E+00   0.0000000E+00
   1.5385258E+03   7.4500000E+02   7.3400000E+02   0.0000000E+00   0.0000000E+00
   1.5385333E+03   7.2000000E+02   7.0600000E+02   0.0000000E+00   0.0000000E+00
   1.5385408E+03   6.9500000E+02   6.8300000E+02   0.0000000E+00   0.0000000E+00
   1.5385484E+03   7.5200000E+02   7.3400000E+02   0.0000000E+00   0.0000000E+00
   1.5385559E+03   7.4700000E+02   7.3000000E+02   0.0000000E+00   0.0000000E+00
   1.5385634E+03   7.4500000E+02   7.2900000E+02   0.0000000E+00   0.0000000E+00
   1.5385709E+03   7.7400000E+02   7.6500000E+02   0.0000000E+00   0.0000000E+00
   1.5385785E+03   7.7100000E+02   7.6100000E+02   0.0000000E+00   0.0000000E+00
   1.5385860E+03   7.7800000E+02   7.6600000E+02   0.0000000E+00   0.0000000E+00
   1.5385935E+03   7.6800000E+02   7.6200000E+02   0.0000000E+00   0.0000000E+00
   1.5386011E+03   7.3900000E+02   7.2600000E+02   0.0000000E+00   0.0000000E+00
   1.5386086E+03   7.9400000E+02   7.7900000E+02   0.0000000E+00   0.0000000E+00
   1.5386161E+03   7.2100000E+02   7.1100000E+02   0.0000000E+00   0.0000000E+00
   1.5386236E+03   7.2600000E+02   7.0800000E+02   0.0000000E+00   0.0000000E+00
   1.5386312E+03   7.5300000E+02   7.3700000E+02   0.0000000E+00   0.0000000E+00
   1.5386387E+03   7.8400000E+02   7.6800000E+02   0.0000000E+00   0.0000000E+00
   1.5386462E+03   7.2500000E+02   7.1200000E+02   0.0000000E+00   0.0000000E+00
   1.5386538E+03   7.7800000E+02   7.6300000E+02   0.0000000E+00   0.0000000E+00
   1.5386613E+03   7.6700000E+02   7.5400000E+02   0.0000000E+00   0.0000000E+00
   1.5386688E+03   7.9400000E+02   7.7900000E+02   0.0000000E+00   0.0000000E+00
   1.5386763E+03   7.1400000E+02   7.0500000E+02   0.0000000E+00   0.0000000E+00
   1.5386839E+03   7.5200000E+02   7.4600000E+02   0.0000000E+00   0.0000000E+00
   1.5386914E+03   8.3400000E+02   8.1600000E+02   0.0000000E+00   0.0000000E+00
   1.5386989E+03   7.8300000E+02   7.7300000E+02   0.0000000E+00   0.0000000E+00
   1.5387065E+03   7.8500000E+02   7.7500000E+02   0.0000000E+00   0.0000000E+00
   1.5387140E+03   7.9200000E+02   7.7800000E+02   0.0000000E+00   0.0000000E+00
   1.5387215E+03   7.9700000E+02   7.8700000E+02   0.0000000E+00   0.0000000E+00
   1.5387290E+03   8.0900000E+02   8.0200000E+02   0.0000000E+00   0.0000000E+00
   1.5387366E+03   8.0800000E+02   7.9900000E+02   0.0000000E+00   0.0000000E+00
   1.5387441E+03   7.9900000E+02   7.9100000E+02   0.0000000E+00   0.0000000E+00
   1.5387516E+03   8.2400000E+02   8.1500000E+02   0.0000000E+00   0.0000000E+00
   1.5387592E+03   8.0600000E+02   7.9000000E+02   0.0000000E+00   0.0000000E+00
   1.5387667E+03   7.4800000E+02   7.3000000E+02   0.0000000E+00   0.0000000E+00
   1.5387742E+03   8.2100000E+02   8.0600000E+02   0.0000000E+00   0.0000000E+00
   1.5387817E+03   8.0900000E+02   7.9200000E+02   0.0000000E+00   0.0000000E+00
   1.5387893E+03   8.4500000E+02   8.3300000E+02   0.0000000E+00   0.0000000E+00
   1.5387968E+03   7.9000000E+02   7.7500000E+02   0.0000000E+00   0.0000000E+00
   1.5388043E+03   8.2700000E+02   8.0900000E+02   0.0000000E+00   0.0000000E+00
   1.5388119E+03   8.5700000E+02   8.4800000E+02   0.0000000E+00   0.0000000E+00
   1.5388194E+03   7.8200000E+02   7.6000000E+02   0.0000000E+00   0.0000000E+00
   1.5388269E+03   8.6100000E+02   8.4700000E+02   0.0000000E+00   0.0000000E+00
   1.5388344E+03   8.3100000E+02   8.1800000E+02   0.0000000E+00   0.0000000E+00
   1.5388420E+03   7.9100000E+02   7.7800000E+02   0.0000000E+00   0.0000000E+00
   1.5388495E+03   7.7300000E+02   7.5800000E+02   0.0000000E+00   0.0000000E+00
   1.5388570E+03   8.0600000E+02   7.8600000E+02   0.0000000E+00   0.0000000E+00
   1.5388646E+03   8.3600000E+02   8.1200000E+02   0.0000000E+00   0.0000000E+00
   1.5388721E+03   8.3900000E+02   8.2500000E+02   0.0000000E+00   0.0000000E+00
   1.5388796E+03   8.2400000E+02   8.1200000E+02   0.0000000E+00   0.0000000E+00
   1.5388871E+03   8.4600000E+02   8.3200000E+02   0.0000000E+00   0.0000000E+00
   1.5388947E+03   8.6900000E+02   8.5300000E+02   0.0000000E+00   0.0000000E+00
   1.5389022E+03   8.3700000E+02   8.2200000E+02   0.0000000E+00   0.0000000E+00
   1.5389097E+03   8.4600000E+02   8.3000000E+02   0.0000000E+00   0.0000000E+00
   1.5389172E+03   8.0800000E+02   7.9300000E+02   0.0000000E+00   0.0000000E+00
   1.5389248E+03   8.8100000E+02   8.7500000E+02   0.0000000E+00   0.0000000E+00
   1.5389323E+03   8.6600000E+02   8.5400000E+02   0.0000000E+00   0.0000000E+00
   1.5389398E+03   8.7900000E+02   8.6200000E+02   0.0000000E+00   0.0000000E+00
   1.5389474E+03   8.6600000E+02   8.5300000E+02   0.0000000E+00   0.0000000E+00
   1.5389549E+03   8.5900000E+02   8.4700000E+02   0.0000000E+00   0.0000000E+00
   1.5389624E+03   8.2800000E+02   8.1100000E+02   0.0000000E+00   0.0000000E+00
   1.5389699E+03   8.5100000E+02   8.3800000E+02   0.0000000E+00   0.0000000E+00
   1.5389775E+03   8.8700000E+02   8.7500000E+02   0.0000000E+00   0.0000000E+00
   1.5389850E+03   8.4600000E+02   8.2900000E+02   0.0000000E+00   0.0000000E+00
   1.5389925E+03   8.7800000E+02   8.6500000E+02   0.0000000E+00   0.0000000E+00
   1.5390001E+03   9.0900000E+02   8.9800000E+02   0.0000000E+00   0.0000000E+00
   1.5390076E+03   8.5900000E+02   8.4300000E+02   0.0000000E+00   0.0000000E+00
   1.5390151E+03   9.2900000E+02   9.1000000E+02   0.0000000E+00   0.0000000E+00
   1.5390226E+03   8.9000000E+02   8.7200000E+02   0.0000000E+00   0.0000000E+00
   1.5390302E+03   9.2100000E+02   9.1200000E+02   0.0000000E+00   0.0000000E+00
   1.5390377E+03   8.7800000E+02   8.5900000E+02   0.0000000E+00   0.0000000E+00
   1.5390452E+03   9.4100000E+02   9.2100000E+02   0.0000000E+00   0.0000000E+00
   1.5390528E+03   8.8500000E+02   8.7300000E+02   0.0000000E+00   0.0000000E+00
   1.5390603E+03   8.7800000E+02   8.6400000E+02   0.0000000E+00   0.0000000E+00
   1.5390678E+03   8.9800000E+02   8.8100000E+02   0.0000000E+00   0.0000000E+00
   1.5390753E+03   9.3100000E+02   9.0800000E+02   0.0000000E+00   0.0000000E+00
   1.5390829E+03   9.3500000E+02   9.2500000E+02   0.0000000E+00   0.0000000E+00
   1.5390904E+03   8.7400000E+02   8.5800000E+02   0.0000000E+00   0.0000000E+00
   1.5390979E+03   9.0300000E+02   8.8800000E+02   0.0000000E+00   0.0000000E+00
   1.5391055E+03   9.4700000E+02   9.3400000E+02   0.0000000E+00   0.0000000E+00
   1.5391130E+03   8.9500000E+02   8.8400000E+02   0.0000000E+00   0.0000000E+00
   1.5391205E+03   8.9100000E+02   8.7600000E+02   0.0000000E+00   0.0000000E+00
   1.5391280E+03   9.2300000E+02   9.0900000E+02   0.0000000E+00   0.0000000E+00
   1.5391356E+03   9.0900000E+02   9.0200000E+02   0.0000000E+00   0.0000000E+00
   1.5391431E+03   9.1100000E+02   8.9100000E+02   0.0000000E+00   0.0000000E+00
   1.5391506E+03   9.3400000E+02   9.1700000E+02   0.0000000E+00   0.0000000E+00
   1.5391582E+03   9.3000000E+02   9.1600000E+02   0.0000000E+00   0.0000000E+00
   1.5391657E+03   9.3500000E+02   9.1600000E+02   0.0000000E+00   0.0000000E+00
   1.5391732E+03   9.6800000E+02   9.5200000E+02   0.0000000E+00   0.0000000E+00
   1.5391807E+03   9.8000000E+02   9.6800000E+02   0.0000000E+00   0.0000000E+00
   1.5391883E+03   9.7100000E+02   9.5400000E+02   0.0000000E+00   0.0000000E+00
   1.5391958E+03   9.5400000E+02   9.4400000E+02   0.0000000E+00   0.0000000E+00
   1.5392033E+03   9.9000000E+02   9.7300000E+02   0.0000000E+00   0.0000000E+00
   1.5392109E+03   9.4200000E+02   9.2600000E+02   0.0000000E+00   0.0000000E+00
   1.5392184E+03   9.6000000E+02   9.4000000E+02   0.0000000E+00   0.0000000E+00
   1.5392259E+03   9.1900000E+02   9.1000000E+02   0.0000000E+00   0.0000000E+00
   1.5392334E+03   9.7700000E+02   9.6100000E+02   0.0000000E+00   0.0000000E+00
   1.5392410E+03   1.0080000E+03   9.8900000E+02   0.0000000E+00   0.0000000E+00
   1.5392485E+03   9.5700000E+02   9.3600000E+02   0.0000000E+00   0.0000000E+00
   1.5392560E+03   9.6800000E+02   9.4300000E+02   0.0000000E+00   0.0000000E+00
   1.5392636E+03   9.8100000E+02   9.7000000E+02   0.0000000E+00   0.0000000E+00
   1.5392711E+03   9.3700000E+02   9.1900000E+02   0.0000000E+00   0.0000000E+00
   1.5392786E+03   9.7000000E+02   9.5100000E+02   0.0000000E+00   0.0000000E+00
   1.5392861E+03   1.0350000E+03   1.0190000E+03   0.0000000E+00   0.0000000E+00
   1.5392937E+03   9.6600000E+02   9.4900000E+02   0.0000000E+00   0.0000000E+00
   1.5393012E+03   9.9200000E+02   9.7700000E+02   0.0000000E+00   0.0000000E+00
   1.5393087E+03   9.6100000E+02   9.4300000E+02   0.0000000E+00   0.0000000E+00
   1.5393162E+03   9.0700000E+02   8.9300000E+02   0.0000000E+00   0.0000000E+00
   1.5393238E+03   1.0510000E+03   1.0320000E+03   0.0000000E+00   0.0000000E+00
   1.5393313E+03   1.0230000E+03   1.0000000E+03   0.0000000E+00   0.0000000E+00
   1.5393388E+03   1.0030000E+03   9.8300000E+02   0.0000000E+00   0.0000000E+00
   1.5393464E+03   9.6200000E+02   9.4200000E+02   0.0000000E+00   0.0000000E+00
   1.5393539E+03   1.0110000E+03   9.9300000E+02   0.0000000E+00   0.0000000E+00
   1.5393614E+03   9.8300000E+02   9.6200000E+02   0.0000000E+00   0.0000000E+00
   1.5393689E+03   1.0210000E+03   1.0040000E+03   0.0000000E+00   0.0000000E+00
   1.5393765E+03   9.9000000E+02   9.8200000E+02   0.0000000E+00   0.0000000E+00
   1.5393840E+03   1.0490000E+03   1.0280000E+03   0.0000000E+00   0.0000000E+00
   1.5393915E+03   1.0020000E+03   9.8400000E+02   0.0000000E+00   0.0000000E+00
   1.5393991E+03   1.1010000E+03   1.0840000E+03   0.0000000E+00   0.0000000E+00
   1.5394066E+03   1.1110000E+03   1.0870000E+03   0.0000000E+00   0.0000000E+00
   1.5394141E+03   1.0120000E+03   9.9100000E+02   0.0000000E+00   0.0000000E+00
   1.5394216E+03   1.0310000E+03   1.0170000E+03   0.0000000E+00   0.0000000E+00
   1.5394292E+03   1.0590000E+03   1.0480000E+03   0.0000000E+00   0.0000000E+00
   1.5394367E+03   1.0540000E+03   1.0360000E+03   0.0000000E+00   0.0000000E+00
   1.5394442E+03   1.0360000E+03   1.0190000E+03   0.0000000E+00   0.0000000E+00
   1.5394518E+03   1.1320000E+03   1.1140000E+03   0.0000000E+00   0.0000000E+00
   1.5394593E+03   1.0170000E+03   9.9800000E+02   0.0000000E+00   0.0000000E+00
   1.5394668E+03   1.0340000E+03   1.0190000E+03   0.0000000E+00   0.0000000E+00
   1.5394743E+03   1.0140000E+03   1.0080000E+03   0.0000000E+00   0.0000000E+00
   1.5394819E+03   1.0560000E+03   1.0370000E+03   0.0000000E+00   0.0000000E+00
   1.5394894E+03   1.0850000E+03   1.0660000E+03   0.0000000E+00   0.0000000E+00
   1.5394969E+03   1.0820000E+03   1.0660000E+03   0.0000000E+00   0.0000000E+00
   1.5395045E+03   1.0970000E+03   1.0730000E+03   0.0000000E+00   0.0000000E+00
   1.5395120E+03   1.0940000E+03   1.0750000E+03   0.0000000E+00   0.0000000E+00
   1.5395195E+03   1.0990000E+03   1.0800000E+03   0.0000000E+00   0.0000000E+00
   1.5395270E+03   1.0510000E+03   1.0300000E+03   0.0000000E+00   0.0000000E+00
   1.5395346E+03   1.0220000E+03   1.0070000E+03   0.0000000E+00   0.0000000E+00
   1.5395421E+03   1.0970000E+03   1.0770000E+03   0.0000000E+00   0.0000000E+00
   1.5395496E+03   1.1180000E+03   1.1010000E+03   0.0000000E+00   0.0000000E+00
   1.5395572E+03   1.0610000E+03   1.0430000E+03   0.0000000E+00   0.0000000E+00
   1.5395647E+03   1.1350000E+03   1.1160000E+03   0.0000000E+00   0.0000000E+00
   1.5395722E+03   1.1190000E+03   1.0970000E+03   0.0000000E+00   0.0000000E+00
   1.5395797E+03   1.1440000E+03   1.1280000E+03   0.0000000E+00   0.0000000E+00
   1.5395873E+03   1.0810000E+03   1.0640000E+03   0.0000000E+00   0.0000000E+00
   1.5395948E+03   1.0580000E+03   1.0380000E+03   0.0000000E+00   0.0000000E+00
   1.5396023E+03   1.0570000E+03   1.0430000E+03   0.0000000E+00   0.0000000E+00
   1.5396099E+03   1.1260000E+03   1.1100000E+03   0.0000000E+00   0.0000000E+00
   1.5396174E+03   1.0970000E+03   1.0790000E+03   0.0000000E+00   0.0000000E+00
   1.5396249E+03   1.0720000E+03   1.0490000E+03   0.0000000E+00   0.0000000E+00
   1.5396324E+03   1.0950000E+03   1.0800000E+03   0.0000000E+00   0.0000000E+00
   1.5396400E+03   1.1440000E+03   1.1210000E+03   0.0000000E+00   0.0000000E+00
   1.5396475E+03   1.1630000E+03   1.1490000E+03   0.0000000E+00   0.0000000E+00
   1.5396550E+03   1.1390000E+03   1.1190000E+03   0.0000000E+00   0.0000000E+00
   1.5396626E+03   1.1140000E+03   1.0980000E+03   0.0000000E+00   0.0000000E+00
   1.5396701E+03   1.1350000E+03   1.1160000E+03   0.0000000E+00   0.0000000E+00
   1.5396776E+03   1.1660000E+03   1.1400000E+03   0.0000000E+00   0.0000000E+00
   1.5396851E+03   1.1430000E+03   1.1250000E+03   0.0000000E+00   0.0000000E+00
   1.5396927E+03   1.0850000E+03   1.0670000E+03   0.0000000E+00   0.0000000E+00
   1.5397002E+03   1.1870000E+03   1.1700000E+03   0.0000000E+00   0.0000000E+00
   1.5397077E+03   1.1210000E+03   1.0980000E+03   0.0000000E+00   0.0000000E+00
   1.5397153E+03   1.1750000E+03   1.1540000E+03   0.0000000E+00   0.0000000E+00
   1.5397228E+03   1.1530000E+03   1.1290000E+03   0.0000000E+00   0.0000000E+00
   1.5397303E+03   1.1780000E+03   1.1620000E+03   0.0000000E+00   0.0000000E+00
   1.5397378E+03   1.1480000E+03   1.1320000E+03   0.0000000E+00   0.0000000E+00
   1.5397454E+03   1.1820000E+03   1.1620000E+03   0.0000000E+00   0.0000000E+00
   1.5397529E+03   1.1690000E+03   1.1440000E+03   0.0000000E+00   0.0000000E+00
   1.5397604E+03   1.1310000E+03   1.1120000E+03   0.0000000E+00   0.0000000E+00
   1.5397679E+03   1.1320000E+03   1.1160000E+03   0.0000000E+00   0.0000000E+00
   1.5397755E+03   1.2140000E+03   1.1870000E+03   0.0000000E+00   0.0000000E+00
   1.5397830E+03   1.1410000E+03   1.1270000E+03   0.0000000E+00   0.0000000E+00
   1.5397905E+03   1.2300000E+03   1.2120000E+03   0.0000000E+00   0.0000000E+00
   1.5397981E+03   1.1910000E+03   1.1660000E+03   0.0000000E+00   0.0000000E+00
   1.5398056E+03   1.1780000E+03   1.1510000E+03   0.0000000E+00   0.0000000E+00
   1.5398131E+03   1.1870000E+03   1.1660000E+03   0.0000000E+00   0.0000000E+00
   1.5398206E+03   1.1990000E+03   1.1700000E+03   0.0000000E+00   0.0000000E+00
   1.5398282E+03   1.1970000E+03   1.1820000E+03   0.0000000E+00   0.0000000E+00
   1.5398357E+03   1.2400000E+03   1.2210000E+03   0.0000000E+00   0.0000000E+00
   1.5398432E+03   1.2530000E+03   1.2390000E+03   0.0000000E+00   0.0000000E+00
   1.5398508E+03   1.2240000E+03   1.2030000E+03   0.0000000E+00   0.0000000E+00
   1.5398583E+03   1.1900000E+03   1.1720000E+03   0.0000000E+00   0.0000000E+00
   1.5398658E+03   1.2070000E+03   1.1920000E+03   0.0000000E+00   0.0000000E+00
   1.5398733E+03   1.1610000E+03   1.1440000E+03   0.0000000E+00   0.0000000E+00
   1.5398809E+03   1.2200000E+03   1.1990000E+03   0.0000000E+00   0.0000000E+00
   1.5398884E+03   1.1900000E+03   1.1730000E+03   0.0000000E+00   0.0000000E+00
   1.5398959E+03   1.1920000E+03   1.1730000E+03   0.0000000E+00   0.0000000E+00
   1.5399035E+03   1.1980000E+03   1.1770000E+03   0.0000000E+00   0.0000000E+00
   1.5399110E+03   1.2410000E+03   1.2200000E+03   0.0000000E+00   0.0000000E+00
   1.5399185E+03   1.2280000E+03   1.2050000E+03   0.0000000E+00   0.0000000E+00
   1.5399260E+03   1.2530000E+03   1.2400000E+03   0.0000000E+00   0.0000000E+00
   1.5399336E+03   1.2960000E+03   1.2840000E+03   0.0000000E+00   0.0000000E+00
   1.5399411E+03   1.2400000E+03   1.2230000E+03   0.0000000E+00   0.0000000E+00
   1.5399486E+03   1.2290000E+03   1.2090000E+03   0.0000000E+00   0.0000000E+00
   1.5399562E+03   1.2430000E+03   1.2160000E+03   0.0000000E+00   0.0000000E+00
   1.5399637E+03   1.1900000E+03   1.1710000E+03   0.0000000E+00   0.0000000E+00
   1.5399712E+03   1.2240000E+03   1.2080000E+03   0.0000000E+00   0.0000000E+00
   1.5399787E+03   1.3240000E+03   1.3060000E+03   0.0000000E+00   0.0000000E+00
   1.5399863E+03   1.3320000E+03   1.3170000E+03   0.0000000E+00   0.0000000E+00
   1.5399938E+03   1.2550000E+03   1.2390000E+03   0.0000000E+00   0.0000000E+00
   1.5400013E+03   1.2530000E+03   1.2320000E+03   0.0000000E+00   0.0000000E+00
   1.5400089E+03   1.2770000E+03   1.2550000E+03   0.0000000E+00   0.0000000E+00
   1.5400164E+03   1.2960000E+03   1.2800000E+03   0.0000000E+00   0.0000000E+00
   1.5400239E+03   1.2120000E+03   1.1850000E+03   0.0000000E+00   0.0000000E+00
   1.5400314E+03   1.3040000E+03   1.2770000E+03   0.0000000E+00   0.0000000E+00
   1.5400390E+03   1.3480000E+03   1.3300000E+03   0.0000000E+00   0.0000000E+00
   1.5400465E+03   1.2860000E+03   1.2690000E+03   0.0000000E+00   0.0000000E+00
   1.5400540E+03   1.3360000E+03   1.3160000E+03   0.0000000E+00   0.0000000E+00
   1.5400616E+03   1.2770000E+03   1.2460000E+03   0.0000000E+00   0.0000000E+00
   1.5400691E+03   1.2920000E+03   1.2750000E+03   0.0000000E+00   0.0000000E+00
   1.5400766E+03   1.3240000E+03   1.2940000E+03   0.0000000E+00   0.0000000E+00
   1.5400841E+03   1.2630000E+03   1.2410000E+03   0.0000000E+00   0.0000000E+00
   1.5400917E+03   1.3240000E+03   1.2980000E+03   0.0000000E+00   0.0000000E+00
   1.5400992E+03   1.2960000E+03   1.2820000E+03   0.0000000E+00   0.0000000E+00
   1.5401067E+03   1.2640000E+03   1.2450000E+03   0.0000000E+00   0.0000000E+00
   1.5401143E+03   1.3200000E+03   1.2980000E+03   0.0000000E+00   0.0000000E+00
   1.5401218E+03   1.3440000E+03   1.3200000E+03   0.0000000E+00   0.0000000E+00
   1.5401293E+03   1.3400000E+03   1.3120000E+03   0.0000000E+00   0.0000000E+00
   1.5401368E+03   1.3390000E+03   1.3200000E+03   0.0000000E+00   0.0000000E+00
   1.5401444E+03   1.2960000E+03   1.2790000E+03   0.0000000E+00   0.0000000E+00
   1.5401519E+03   1.3240000E+03   1.3050000E+03   0.0000000E+00   0.0000000E+00
   1.5401594E+03   1.3510000E+03   1.3310000E+03   0.0000000E+00   0.0000000E+00
   1.5401670E+03   1.3320000E+03   1.3150000E+03   0.0000000E+00   0.0000000E+00
   1.5401745E+03   1.3630000E+03   1.3400000E+03   0.0000000E+00   0.0000000E+00
   1.5401820E+03   1.3430000E+03   1.3200000E+03   0.0000000E+00   0.0000000E+00
   1.5401895E+03   1.3350000E+03   1.3100000E+03   0.0000000E+00   0.0000000E+00
   1.5401971E+03   1.3880000E+03   1.3650000E+03   0.0000000E+00   0.0000000E+00
   1.5402046E+03   1.3750000E+03   1.3450000E+03   0.0000000E+00   0.0000000E+00
   1.5402121E+03   1.3680000E+03   1.3430000E+03   0.0000000E+00   0.0000000E+00
   1.5402197E+03   1.3490000E+03   1.3180000E+03   0.0000000E+00   0.0000000E+00
   1.5402272E+03   1.3650000E+03   1.3430000E+03   0.0000000E+00   0.0000000E+00
   1.5402347E+03   1.3460000E+03   1.3220000E+03   0.0000000E+00   0.0000000E+00
   1.5402422E+03   1.3370000E+03   1.3240000E+03   0.0000000E+00   0.0000000E+00
   1.5402498E+03   1.4340000E+03   1.4010000E+03   0.0000000E+00   0.0000000E+00
   1.5402573E+03   1.3390000E+03   1.3120000E+03   0.0000000E+00   0.0000000E+00
   1.5402648E+03   1.3160000E+03   1.2980000E+03   0.0000000E+00   0.0000000E+00
   1.5402723E+03   1.3410000E+03   1.3140000E+03   0.0000000E+00   0.0000000E+00
   1.5402799E+03   1.4310000E+03   1.4130000E+03   0.0000000E+00   0.0000000E+00
   1.5402874E+03   1.3820000E+03   1.3600000E+03   0.0000000E+00   0.0000000E+00
   1.5402949E+03   1.4080000E+03   1.3860000E+03   0.0000000E+00   0.0000000E+00
   1.5403025E+03   1.4420000E+03   1.4210000E+03   0.0000000E+00   0.0000000E+00
   1.5403100E+03   1.3600000E+03   1.3380000E+03   0.0000000E+00   0.0000000E+00
   1.5403175E+03   1.4030000E+03   1.3810000E+03   0.0000000E+00   0.0000000E+00
   1.5403250E+03   1.4220000E+03   1.3980000E+03   0.0000000E+00   0.0000000E+00
   1.5403326E+03   1.3770000E+03   1.3510000E+03   0.0000000E+00   0.0000000E+00
   1.5403401E+03   1.3620000E+03   1.3450000E+03   0.0000000E+00   0.0000000E+00
   1.5403476E+03   1.4170000E+03   1.3880000E+03   0.0000000E+00   0.0000000E+00
   1.5403552E+03   1.4820000E+03   1.4510000E+03   0.0000000E+00   0.0000000E+00
   1.5403627E+03   1.4250000E+03   1.4030000E+03   0.0000000E+00   0.0000000E+00
   1.5403702E+03   1.4210000E+03   1.4100000E+03   0.0000000E+00   0.0000000E+00
   1.5403777E+03   1.3630000E+03   1.3370000E+03   0.0000000E+00   0.0000000E+00
   1.5403853E+03   1.4410000E+03   1.4190000E+03   0.0000000E+00   0.0000000E+00
   1.5403928E+03   1.4150000E+03   1.3890000E+03   0.0000000E+00   0.0000000E+00
   1.5404003E+03   1.4620000E+03   1.4430000E+03   0.0000000E+00   0.0000000E+00
   1.5404079E+03   1.4100000E+03   1.3820000E+03   0.0000000E+00   0.0000000E+00
   1.5404154E+03   1.4790000E+03   1.4590000E+03   0.0000000E+00   0.0000000E+00
   1.5404229E+03   1.4700000E+03   1.4500000E+03   0.0000000E+00   0.0000000E+00
   1.5404304E+03   1.4260000E+03   1.3980000E+03   0.0000000E+00   0.0000000E+00
   1.5404380E+03   1.4300000E+03   1.4000000E+03   0.0000000E+00   0.0000000E+00
   1.5404455E+03   1.4520000E+03   1.4290000E+03   0.0000000E+00   0.0000000E+00
   1.5404530E+03   1.4340000E+03   1.4130000E+03   0.0000000E+00   0.0000000E+00
   1.5404606E+03   1.5080000E+03   1.4880000E+03   0.0000000E+00   0.0000000E+00
   1.5404681E+03   1.4460000E+03   1.4270000E+03   0.0000000E+00   0.0000000E+00
   1.5404756E+03   1.5350000E+03   1.5080000E+03   0.0000000E+00   0.0000000E+00
   1.5404831E+03   1.4720000E+03   1.4520000E+03   0.0000000E+00   0.0000000E+00
   1.5404907E+03   1.5060000E+03   1.4890000E+03   0.0000000E+00   0.0000000E+00
   1.5404982E+03   1.4940000E+03   1.4710000E+03   0.0000000E+00   0.0000000E+00
   1.5405057E+03   1.5490000E+03   1.5230000E+03   0.0000000E+00   0.0000000E+00
   1.5405133E+03   1.4900000E+03   1.4610000E+03   0.0000000E+00   0.0000000E+00
   1.5405208E+03   1.4720000E+03   1.4500000E+03   0.0000000E+00   0.0000000E+00
   1.5405283E+03   1.5030000E+03   1.4800000E+03   0.0000000E+00   0.0000000E+00
   1.5405358E+03   1.5080000E+03   1.4870000E+03   0.0000000E+00   0.0000000E+00
   1.5405434E+03   1.4690000E+03   1.4440000E+03   0.0000000E+00   0.0000000E+00
   1.5405509E+03   1.5030000E+03   1.4820000E+03   0.0000000E+00   0.0000000E+00
   1.5405584E+03   1.5430000E+03   1.5200000E+03   0.0000000E+00   0.0000000E+00
   1.5405660E+03   1.4600000E+03   1.4370000E+03   0.0000000E+00   0.0000000E+00
   1.5405735E+03   1.6010000E+03   1.5700000E+03   0.0000000E+00   0.0000000E+00
   1.5405810E+03   1.5570000E+03   1.5350000E+03   0.0000000E+00   0.0000000E+00
   1.5405885E+03   1.5520000E+03   1.5280000E+03   0.0000000E+00   0.0000000E+00
   1.5405961E+03   1.5490000E+03   1.5220000E+03   0.0000000E+00   0.0000000E+00
   1.5406036E+03   1.4860000E+03   1.4650000E+03   0.0000000E+00   0.0000000E+00
   1.5406111E+03   1.5630000E+03   1.5310000E+03   0.0000000E+00   0.0000000E+00
   1.5406187E+03   1.5540000E+03   1.5320000E+03   0.0000000E+00   0.0000000E+00
   1.5406262E+03   1.5280000E+03   1.5040000E+03   0.0000000E+00   0.0000000E+00
   1.5406337E+03   1.5300000E+03   1.5110000E+03   0.0000000E+00   0.0000000E+00
   1.5406412E+03   1.5210000E+03   1.4930000E+03   0.0000000E+00   0.0000000E+00
   1.5406488E+03   1.5560000E+03   1.5340000E+03   0.0000000E+00   0.0000000E+00
   1.5406563E+03   1.6250000E+03   1.5920000E+03   0.0000000E+00   0.0000000E+00
   1.5406638E+03   1.6360000E+03   1.6130000E+03   0.0000000E+00   0.0000000E+00
   1.5406713E+03   1.5590000E+03   1.5330000E+03   0.0000000E+00   0.0000000E+00
   1.5406789E+03   1.5810000E+03   1.5570000E+03   0.0000000E+00   0.0000000E+00
   1.5406864E+03   1.5890000E+03   1.5590000E+03   0.0000000E+00   0.0000000E+00
   1.5406939E+03   1.6670000E+03   1.6370000E+03   0.0000000E+00   0.0000000E+00
   1.5407015E+03   1.6180000E+03   1.5910000E+03   0.0000000E+00   0.0000000E+00
   1.5407090E+03   1.6380000E+03   1.6150000E+03   0.0000000E+00   0.0000000E+00
   1.5407165E+03   1.6170000E+03   1.5920000E+03   0.0000000E+00   0.0000000E+00
   1.5407240E+03   1.6040000E+03   1.5710000E+03   0.0000000E+00   0.0000000E+00
   1.5407316E+03   1.6200000E+03   1.6020000E+03   0.0000000E+00   0.0000000E+00
   1.5407391E+03   1.6730000E+03   1.6500000E+03   0.0000000E+00   0.0000000E+00
   1.5407466E+03   1.5620000E+03   1.5360000E+03   0.0000000E+00   0.0000000E+00
   1.5407542E+03   1.6300000E+03   1.6020000E+03   0.0000000E+00   0.0000000E+00
   1.5407617E+03   1.6250000E+03   1.5980000E+03   0.0000000E+00   0.0000000E+00
   1.5407692E+03   1.6030000E+03   1.5780000E+03   0.0000000E+00   0.0000000E+00
   1.5407767E+03   1.5250000E+03   1.5100000E+03   0.0000000E+00   0.0000000E+00
   1.5407843E+03   1.6520000E+03   1.6220000E+03   0.0000000E+00   0.0000000E+00
   1.5407918E+03   1.6040000E+03   1.5810000E+03   0.0000000E+00   0.0000000E+00
   1.5407993E+03   1.6220000E+03   1.5910000E+03   0.0000000E+00   0.0000000E+00
   1.5408069E+03   1.6390000E+03   1.6100000E+03   0.0000000E+00   0.0000000E+00
   1.5408144E+03   1.5930000E+03   1.5620000E+03   0.0000000E+00   0.0000000E+00
   1.5408219E+03   1.6810000E+03   1.6550000E+03   0.0000000E+00   0.0000000E+00
   1.5408294E+03   1.6370000E+03   1.6070000E+03   0.0000000E+00   0.0000000E+00
   1.5408370E+03   1.6370000E+03   1.6090000E+03   0.0000000E+00   0.0000000E+00
   1.5408445E+03   1.6000000E+03   1.5800000E+03   0.0000000E+00   0.0000000E+00
   1.5408520E+03   1.7470000E+03   1.7130000E+03   0.0000000E+00   0.0000000E+00
   1.5408596E+03   1.6110000E+03   1.5870000E+03   0.0000000E+00   0.0000000E+00
   1.5408671E+03   1.6780000E+03   1.6590000E+03   0.0000000E+00   0.0000000E+00
   1.5408746E+03   1.7060000E+03   1.6840000E+03   0.0000000E+00   0.0000000E+00
   1.5408821E+03   1.6540000E+03   1.6230000E+03   0.0000000E+00   0.0000000E+00
   1.5408897E+03   1.6820000E+03   1.6510000E+03   0.0000000E+00   0.0000000E+00
   1.5408972E+03   1.7100000E+03   1.6890000E+03   0.0000000E+00   0.0000000E+00
   1.5409047E+03   1.6590000E+03   1.6330000E+03   0.0000000E+00   0.0000000E+00
   1.5409123E+03   1.7350000E+03   1.7050000E+03   0.0000000E+00   0.0000000E+00
   1.5409198E+03   1.6930000E+03   1.6630000E+03   0.0000000E+00   0.0000000E+00
   1.5409273E+03   1.7470000E+03   1.7160000E+03   0.0000000E+00   0.0000000E+00
   1.5409348E+03   1.7320000E+03   1.7100000E+03   0.0000000E+00   0.0000000E+00
   1.5409424E+03   1.6870000E+03   1.6680000E+03   0.0000000E+00   0.0000000E+00
   1.5409499E+03   1.6980000E+03   1.6680000E+03   0.0000000E+00   0.0000000E+00
   1.5409574E+03   1.6460000E+03   1.6180000E+03   0.0000000E+00   0.0000000E+00
   1.5409650E+03   1.7170000E+03   1.6920000E+03   0.0000000E+00   0.0000000E+00
   1.5409725E+03   1.7540000E+03   1.7250000E+03   0.0000000E+00   0.0000000E+00
   1.5409800E+03   1.6920000E+03   1.6750000E+03   0.0000000E+00   0.0000000E+00
   1.5409875E+03   1.7570000E+03   1.7280000E+03   0.0000000E+00   0.0000000E+00
   1.5409951E+03   1.7500000E+03   1.7320000E+03   0.0000000E+00   0.0000000E+00
   1.5410026E+03   1.7620000E+03   1.7170000E+03   0.0000000E+00   0.0000000E+00
   1.5410101E+03   1.7270000E+03   1.6990000E+03   0.0000000E+00   0.0000000E+00
   1.5410177E+03   1.7980000E+03   1.7680000E+03   0.0000000E+00   0.0000000E+00
   1.5410252E+03   1.6690000E+03   1.6470000E+03   0.0000000E+00   0.0000000E+00
   1.5410327E+03   1.7590000E+03   1.7330000E+03   0.0000000E+00   0.0000000E+00
   1.5410402E+03   1.7850000E+03   1.7590000E+03   0.0000000E+00   0.0000000E+00
   1.5410478E+03   1.7980000E+03   1.7720000E+03   0.0000000E+00   0.0000000E+00
   1.5410553E+03   1.7510000E+03   1.7300000E+03   0.0000000E+00   0.0000000E+00
   1.5410628E+03   1.7820000E+03   1.7490000E+03   0.0000000E+00   0.0000000E+00
   1.5410704E+03   1.7460000E+03   1.7180000E+03   0.0000000E+00   0.0000000E+00
   1.5410779E+03   1.7730000E+03   1.7460000E+03   0.0000000E+00   0.0000000E+00
   1.5410854E+03   1.7700000E+03   1.7360000E+03   0.0000000E+00   0.0000000E+00
   1.5410929E+03   1.7440000E+03   1.7180000E+03   0.0000000E+00   0.0000000E+00
   1.5411005E+03   1.7480000E+03   1.7250000E+03   0.0000000E+00   0.0000000E+00
   1.5411080E+03   1.8280000E+03   1.8010000E+03   0.0000000E+00   0.0000000E+00
   1.5411155E+03   1.7970000E+03   1.7670000E+03   0.0000000E+00   0.0000000E+00
   1.5411230E+03   1.8080000E+03   1.7850000E+03   0.0000000E+00   0.0000000E+00
   1.5411306E+03   1.7700000E+03   1.7420000E+03   0.0000000E+00   0.0000000E+00
   1.5411381E+03   1.8310000E+03   1.7970000E+03   0.0000000E+00   0.0000000E+00
   1.5411456E+03   1.8080000E+03   1.7780000E+03   0.0000000E+00   0.0000000E+00
   1.5411532E+03   1.8940000E+03   1.8670000E+03   0.0000000E+00   0.0000000E+00
   1.5411607E+03   1.8830000E+03   1.8470000E+03   0.0000000E+00   0.0000000E+00
   1.5411682E+03   1.7720000E+03   1.7410000E+03   0.0000000E+00   0.0000000E+00
   1.5411757E+03   1.8010000E+03   1.7630000E+03   0.0000000E+00   0.0000000E+00
   1.5411833E+03   1.8420000E+03   1.8030000E+03   0.0000000E+00   0.0000000E+00
   1.5411908E+03   1.8100000E+03   1.7920000E+03   0.0000000E+00   0.0000000E+00
   1.5411983E+03   1.7650000E+03   1.7360000E+03   0.0000000E+00   0.0000000E+00
   1.5412059E+03   1.8500000E+03   1.8160000E+03   0.0000000E+00   0.0000000E+00
   1.5412134E+03   1.9240000E+03   1.8930000E+03   0.0000000E+00   0.0000000E+00
   1.5412209E+03   1.8210000E+03   1.8030000E+03   0.0000000E+00   0.0000000E+00
   1.5412284E+03   1.8390000E+03   1.8070000E+03   0.0000000E+00   0.0000000E+00
   1.5412360E+03   1.8240000E+03   1.8080000E+03   0.0000000E+00   0.0000000E+00
   1.5412435E+03   1.8690000E+03   1.8400000E+03   0.0000000E+00   0.0000000E+00
   1.5412510E+03   1.8890000E+03   1.8570000E+03   0.0000000E+00   0.0000000E+00
   1.5412586E+03   1.8890000E+03   1.8560000E+03   0.0000000E+00   0.0000000E+00
   1.5412661E+03   1.8590000E+03   1.8270000E+03   0.0000000E+00   0.0000000E+00
   1.5412736E+03   1.9350000E+03   1.9010000E+03   0.0000000E+00   0.0000000E+00
   1.5412811E+03   1.8840000E+03   1.8570000E+03   0.0000000E+00   0.0000000E+00
   1.5412887E+03   1.9400000E+03   1.9070000E+03   0.0000000E+00   0.0000000E+00
   1.5412962E+03   1.9490000E+03   1.9250000E+03   0.0000000E+00   0.0000000E+00
   1.5413037E+03   1.9790000E+03   1.9530000E+03   0.0000000E+00   0.0000000E+00
   1.5413113E+03   1.8000000E+03   1.7690000E+03   0.0000000E+00   0.0000000E+00
   1.5413188E+03   1.9910000E+03   1.9550000E+03   0.0000000E+00   0.0000000E+00
   1.5413263E+03   1.8260000E+03   1.7970000E+03   0.0000000E+00   0.0000000E+00
   1.5413338E+03   1.9160000E+03   1.8890000E+03   0.0000000E+00   0.0000000E+00
   1.5413414E+03   1.9240000E+03   1.8940000E+03   0.0000000E+00   0.0000000E+00
   1.5413489E+03   1.9410000E+03   1.9100000E+03   0.0000000E+00   0.0000000E+00
   1.5413564E+03   1.9860000E+03   1.9650000E+03   0.0000000E+00   0.0000000E+00
   1.5413640E+03   1.9910000E+03   1.9670000E+03   0.0000000E+00   0.0000000E+00
   1.5413715E+03   2.0190000E+03   1.9890000E+03   0.0000000E+00   0.0000000E+00
   1.5413790E+03   2.0110000E+03   1.9680000E+03   0.0000000E+00   0.0000000E+00
   1.5413865E+03   2.0350000E+03   2.0120000E+03   0.0000000E+00   0.0000000E+00
   1.5413941E+03   2.0100000E+03   1.9750000E+03   0.0000000E+00   0.0000000E+00
   1.5414016E+03   1.9250000E+03   1.8950000E+03   0.0000000E+00   0.0000000E+00
   1.5414091E+03   1.9140000E+03   1.8880000E+03   0.0000000E+00   0.0000000E+00
   1.5414167E+03   2.0040000E+03   1.9770000E+03   0.0000000E+00   0.0000000E+00
   1.5414242E+03   1.9360000E+03   1.9010000E+03   0.0000000E+00   0.0000000E+00
   1.5414317E+03   1.9480000E+03   1.9100000E+03   0.0000000E+00   0.0000000E+00
   1.5414392E+03   1.9570000E+03   1.9240000E+03   0.0000000E+00   0.0000000E+00
   1.5414468E+03   2.0100000E+03   1.9790000E+03   0.0000000E+00   0.0000000E+00
   1.5414543E+03   2.0370000E+03   2.0140000E+03   0.0000000E+00   0.0000000E+00
   1.5414618E+03   1.9130000E+03   1.8880000E+03   0.0000000E+00   0.0000000E+00
   1.5414694E+03   1.9800000E+03   1.9510000E+03   0.0000000E+00   0.0000000E+00
   1.5414769E+03   1.9950000E+03   1.9710000E+03   0.0000000E+00   0.0000000E+00
   1.5414844E+03   2.0340000E+03   2.0050000E+03   0.0000000E+00   0.0000000E+00
   1.5414919E+03   1.9630000E+03   1.9290000E+03   0.0000000E+00   0.0000000E+00
   1.5414995E+03   1.9830000E+03   1.9540000E+03   0.0000000E+00   0.0000000E+00
   1.5415070E+03   1.8770000E+03   1.8470000E+03   0.0000000E+00   0.0000000E+00
   1.5415145E+03   2.0250000E+03   1.9930000E+03   2.2389130E-04   2.2748614E-04
   1.5415221E+03   2.0440000E+03   2.0070000E+03   0.0000000E+00   0.0000000E+00
   1.5415296E+03   2.0910000E+03   2.0620000E+03   0.0000000E+00   0.0000000E+00
   1.5415371E+03   2.0020000E+03   1.9730000E+03   0.0000000E+00   0.0000000E+00
   1.5415446E+03   1.9980000E+03   1.9700000E+03   0.0000000E+00   0.0000000E+00
   1.5415522E+03   2.0880000E+03   2.0550000E+03   0.0000000E+00   0.0000000E+00
   1.5415597E+03   2.0000000E+03   1.9760000E+03   0.0000000E+00   0.0000000E+00
   1.5415672E+03   2.0880000E+03   2.0580000E+03   0.0000000E+00   0.0000000E+00
   1.5415747E+03   2.0240000E+03   2.0020000E+03   0.0000000E+00   0.0000000E+00
   1.5415823E+03   2.1560000E+03   2.1190000E+03   0.0000000E+00   0.0000000E+00
   1.5415898E+03   1.9990000E+03   1.9630000E+03   0.0000000E+00   0.0000000E+00
   1.5415973E+03   2.1560000E+03   2.1170000E+03   0.0000000E+00   0.0000000E+00
   1.5416049E+03   2.0140000E+03   1.9820000E+03   0.0000000E+00   0.0000000E+00
   1.5416124E+03   2.0810000E+03   2.0550000E+03   0.0000000E+00   0.0000000E+00
   1.5416199E+03   2.0840000E+03   2.0480000E+03   0.0000000E+00   0.0000000E+00
   1.5416274E+03   2.1600000E+03   2.1270000E+03   0.0000000E+00   0.0000000E+00
   1.5416350E+03   2.0700000E+03   2.0420000E+03   0.0000000E+00   0.0000000E+00
   1.5416425E+03   2.0960000E+03   2.0570000E+03   0.0000000E+00   0.0000000E+00
   1.5416500E+03   2.1350000E+03   2.0970000E+03   0.0000000E+00   0.0000000E+00
   1.5416576E+03   2.1620000E+03   2.1320000E+03   0.0000000E+00   0.0000000E+00
   1.5416651E+03   2.0600000E+03   2.0290000E+03   0.0000000E+00   0.0000000E+00
   1.5416726E+03   2.1530000E+03   2.1220000E+03   0.0000000E+00   0.0000000E+00
   1.5416801E+03   2.1150000E+03   2.0880000E+03   0.0000000E+00   0.0000000E+00
   1.5416877E+03   2.0490000E+03   2.0200000E+03   0.0000000E+00   0.0000000E+00
   1.5416952E+03   2.0540000E+03   2.0330000E+03   0.0000000E+00   0.0000000E+00
   1.5417027E+03   2.1860000E+03   2.1520000E+03   0.0000000E+00   0.0000000E+00
   1.5417103E+03   2.1900000E+03   2.1600000E+03   0.0000000E+00   0.0000000E+00
   1.5417178E+03   2.1320000E+03   2.0970000E+03   0.0000000E+00   0.0000000E+00
   1.5417253E+03   2.0800000E+03   2.0490000E+03   0.0000000E+00   0.0000000E+00
   1.5417328E+03   2.1630000E+03   2.1270000E+03   0.0000000E+00   0.0000000E+00
   1.5417404E+03   2.1680000E+03   2.1390000E+03   0.0000000E+00   0.0000000E+00
   1.5417479E+03   2.0830000E+03   2.0450000E+03   0.0000000E+00   0.0000000E+00
   1.5417554E+03   2.2070000E+03   2.1650000E+03   0.0000000E+00   0.0000000E+00
   1.5417630E+03   2.1620000E+03   2.1330000E+03   0.0000000E+00   0.0000000E+00
   1.5417705E+03   2.1600000E+03   2.1260000E+03   0.0000000E+00   0.0000000E+00
   1.5417780E+03   2.2180000E+03   2.1830000E+03   0.0000000E+00   0.0000000E+00
   1.5417855E+03   2.1400000E+03   2.1100000E+03   0.0000000E+00   0.0000000E+00
   1.5417931E+03   2.2220000E+03   2.1850000E+03   0.0000000E+00   0.0000000E+00
   1.5418006E+03   2.2040000E+03   2.1720000E+03   0.0000000E+00   0.0000000E+00
   1.5418081E+03   2.1900000E+03   2.1640000E+03   0.0000000E+00   0.0000000E+00
   1.5418157E+03   2.2560000E+03   2.2160000E+03   0.0000000E+00   0.0000000E+00
   1.5418232E+03   2.2160000E+03   2.1880000E+03   0.0000000E+00   0.0000000E+00
   1.5418307E+03   2.2680000E+03   2.2300000E+03   0.0000000E+00   0.0000000E+00
   1.5418382E+03   2.2450000E+03   2.2110000E+03   0.0000000E+00   0.0000000E+00
   1.5418458E+03   2.2350000E+03   2.2010000E+03   0.0000000E+00   0.0000000E+00
   1.5418533E+03   2.2960000E+03   2.2660000E+03   0.0000000E+00   0.0000000E+00
   1.5418608E+03   2.2550000E+03   2.2200000E+03   0.0000000E+00   0.0000000E+00
   1.5418684E+03   2.2590000E+03   2.2260000E+03   0.0000000E+00   0.0000000E+00
   1.5418759E+03   2.2950000E+03   2.2550000E+03   0.0000000E+00   0.0000000E+00
   1.5418834E+03   2.3030000E+03   2.2560000E+03   0.0000000E+00   0.0000000E+00
   1.5418909E+03   2.2240000E+03   2.1910000E+03   0.0000000E+00   0.0000000E+00
   1.5418985E+03   2.3090000E+03   2.2720000E+03   0.0000000E+00   0.0000000E+00
   1.5419060E+03   2.3030000E+03   2.2680000E+03   0.0000000E+00   0.0000000E+00
   1.5419135E+03   2.2820000E+03   2.2480000E+03   0.0000000E+00   0.0000000E+00
   1.5419211E+03   2.2110000E+03   2.1750000E+03   0.0000000E+00   0.0000000E+00
   1.5419286E+03   2.2270000E+03   2.2030000E+03   0.0000000E+00   0.0000000E+00
   1.5419361E+03   2.2390000E+03   2.2040000E+03   0.0000000E+00   0.0000000E+00
   1.5419436E+03   2.2560000E+03   2.2220000E+03   0.0000000E+00   0.0000000E+00
   1.5419512E+03   2.2840000E+03   2.2530000E+03   0.0000000E+00   0.0000000E+00
   1.5419587E+03   2.2880000E+03   2.2540000E+03   0.0000000E+00   0.0000000E+00
   1.5419662E+03   2.2690000E+03   2.2300000E+03   0.0000000E+00   0.0000000E+00
   1.5419738E+03   2.2560000E+03   2.2140000E+03   0.0000000E+00   0.0000000E+00
   1.5419813E+03   2.2410000E+03   2.2050000E+03   0.0000000E+00   0.0000000E+00
   1.5419888E+03   2.4290000E+03   2.3900000E+03   0.0000000E+00   0.0000000E+00
   1.5419963E+03   2.3240000E+03   2.2850000E+03   0.0000000E+00   0.0000000E+00
   1.5420039E+03   2.3450000E+03   2.3040000E+03   0.0000000E+00   0.0000000E+00
   1.5420114E+03   2.3510000E+03   2.3130000E+03   0.0000000E+00   0.0000000E+00
   1.5420189E+03   2.2890000E+03   2.2500000E+03   0.0000000E+00   0.0000000E+00
   1.5420264E+03   2.3580000E+03   2.3220000E+03   0.0000000E+00   0.0000000E+00
   1.5420340E+03   2.2830000E+03   2.2490000E+03   0.0000000E+00   0.0000000E+00
   1.5420415E+03   2.3640000E+03   2.3330000E+03   0.0000000E+00   0.0000000E+00
   1.5420490E+03   2.3600000E+03   2.3320000E+03   0.0000000E+00   0.0000000E+00
   1.5420566E+03   2.3600000E+03   2.3160000E+03   0.0000000E+00   0.0000000E+00
   1.5420641E+03   2.2990000E+03   2.2610000E+03   0.0000000E+00   0.0000000E+00
   1.5420716E+03   2.3770000E+03   2.3390000E+03   0.0000000E+00   0.0000000E+00
   1.5420791E+03   2.4140000E+03   2.3720000E+03   0.0000000E+00   0.0000000E+00
   1.5420867E+03   2.3920000E+03   2.3610000E+03   0.0000000E+00   0.0000000E+00
   1.5420942E+03   2.3850000E+03   2.3460000E+03   0.0000000E+00   0.0000000E+00
   1.5421017E+03   2.3020000E+03   2.2680000E+03   0.0000000E+00   0.0000000E+00
   1.5421093E+03   2.3990000E+03   2.3630000E+03   0.0000000E+00   0.0000000E+00
   1.5421168E+03   2.3570000E+03   2.3170000E+03   0.0000000E+00   0.0000000E+00
   1.5421243E+03   2.3340000E+03   2.3010000E+03   0.0000000E+00   0.0000000E+00
   1.5421318E+03   2.2880000E+03   2.2530000E+03   0.0000000E+00   0.0000000E+00
   1.5421394E+03   2.3550000E+03   2.3240000E+03   0.0000000E+00   0.0000000E+00
   1.5421469E+03   2.4610000E+03   2.4310000E+03   0.0000000E+00   0.0000000E+00
   1.5421544E+03   2.4100000E+03   2.3730000E+03   0.0000000E+00   0.0000000E+00
   1.5421620E+03   2.4850000E+03   2.4360000E+03   0.0000000E+00   0.0000000E+00
   1.5421695E+03   2.3370000E+03   2.3150000E+03   0.0000000E+00   0.0000000E+00
   1.5421770E+03   2.4670000E+03   2.4240000E+03   0.0000000E+00   0.0000000E+00
   1.5421845E+03   2.4130000E+03   2.3770000E+03   0.0000000E+00   0.0000000E+00
   1.5421921E+03   2.4480000E+03   2.4030000E+03   0.0000000E+00   0.0000000E+00
   1.5421996E+03   2.4560000E+03   2.4230000E+03   0.0000000E+00   0.0000000E+00
   1.5422071E+03   2.4580000E+03   2.4110000E+03   0.0000000E+00   0.0000000E+00
   1.5422147E+03   2.4310000E+03   2.3930000E+03   0.0000000E+00   0.0000000E+00
   1.5422222E+03   2.4240000E+03   2.3890000E+03   0.0000000E+00   0.0000000E+00
   1.5422297E+03   2.4170000E+03   2.3770000E+03   0.0000000E+00   0.0000000E+00
   1.5422372E+03   2.4630000E+03   2.4290000E+03   0.0000000E+00   0.0000000E+00
   1.5422448E+03   2.3820000E+03   2.3560000E+03   0.0000000E+00   0.0000000E+00
   1.5422523E+03   2.4340000E+03   2.3980000E+03   0.0000000E+00   0.0000000E+00
   1.5422598E+03   2.5760000E+03   2.5250000E+03   0.0000000E+00   0.0000000E+00
   1.5422674E+03   2.4240000E+03   2.3880000E+03   0.0000000E+00   0.0000000E+00
   1.5422749E+03   2.5690000E+03   2.5220000E+03   0.0000000E+00   0.0000000E+00
   1.5422824E+03   2.5030000E+03   2.4660000E+03   0.0000000E+00   0.0000000E+00
   1.5422899E+03   2.4880000E+03   2.4500000E+03   0.0000000E+00   0.0000000E+00
   1.5422975E+03   2.4750000E+03   2.4370000E+03   0.0000000E+00   0.0000000E+00
   1.5423050E+03   2.5190000E+03   2.4660000E+03   0.0000000E+00   0.0000000E+00
   1.5423125E+03   2.5080000E+03   2.4780000E+03   0.0000000E+00   0.0000000E+00
   1.5423201E+03   2.5350000E+03   2.5020000E+03   1.9217359E-04   1.9470825E-04
   1.5423276E+03   2.5130000E+03   2.4830000E+03   0.0000000E+00   0.0000000E+00
   1.5423351E+03   2.5000000E+03   2.4600000E+03   0.0000000E+00   0.0000000E+00
   1.5423426E+03   2.5370000E+03   2.4970000E+03   0.0000000E+00   0.0000000E+00
   1.5423502E+03   2.5580000E+03   2.5140000E+03   0.0000000E+00   0.0000000E+00
   1.5423577E+03   2.5660000E+03   2.5170000E+03   0.0000000E+00   0.0000000E+00
   1.5423652E+03   2.5140000E+03   2.4700000E+03   0.0000000E+00   0.0000000E+00
   1.5423728E+03   2.4530000E+03   2.4140000E+03   1.4624025E-05   1.4860287E-05
   1.5423803E+03   2.5050000E+03   2.4670000E+03   0.0000000E+00   0.0000000E+00
   1.5423878E+03   2.6220000E+03   2.5870000E+03   0.0000000E+00   0.0000000E+00
   1.5423953E+03   2.5010000E+03   2.4600000E+03   0.0000000E+00   0.0000000E+00
   1.5424029E+03   2.5600000E+03   2.5190000E+03   0.0000000E+00   0.0000000E+00
   1.5424104E+03   2.6040000E+03   2.5640000E+03   0.0000000E+00   0.0000000E+00
   1.5424179E+03   2.5260000E+03   2.4830000E+03   0.0000000E+00   0.0000000E+00
   1.5424255E+03   2.5360000E+03   2.5020000E+03   0.0000000E+00   0.0000000E+00
   1.5424330E+03   2.6970000E+03   2.6500000E+03   0.0000000E+00   0.0000000E+00
   1.5424405E+03   2.4820000E+03   2.4410000E+03   0.0000000E+00   0.0000000E+00
   1.5424480E+03   2.6460000E+03   2.5970000E+03   0.0000000E+00   0.0000000E+00
   1.5424556E+03   2.6410000E+03   2.6100000E+03   0.0000000E+00   0.0000000E+00
   1.5424631E+03   2.5860000E+03   2.5520000E+03   0.0000000E+00   0.0000000E+00
   1.5424706E+03   2.5570000E+03   2.5110000E+03   0.0000000E+00   0.0000000E+00
   1.5424781E+03   2.6160000E+03   2.5710000E+03   0.0000000E+00   0.0000000E+00
   1.5424857E+03   2.6270000E+03   2.5800000E+03   0.0000000E+00   0.0000000E+00
   1.5424932E+03   2.5540000E+03   2.5110000E+03   0.0000000E+00   0.0000000E+00
   1.5425007E+03   2.5940000E+03   2.5570000E+03   0.0000000E+00   0.0000000E+00
   1.5425083E+03   2.6860000E+03   2.6560000E+03   0.0000000E+00   0.0000000E+00
   1.5425158E+03   2.5830000E+03   2.5450000E+03   3.2812361E-05   3.3302290E-05
   1.5425233E+03   2.6530000E+03   2.6130000E+03   0.0000000E+00   0.0000000E+00
   1.5425308E+03   2.6300000E+03   2.5920000E+03   0.0000000E+00   0.0000000E+00
   1.5425384E+03   2.6280000E+03   2.5820000E+03   0.0000000E+00   0.0000000E+00
   1.5425459E+03   2.6850000E+03   2.6380000E+03   0.0000000E+00   0.0000000E+00
   1.5425534E+03   2.6810000E+03   2.6430000E+03   0.0000000E+00   0.0000000E+00
   1.5425610E+03   2.6110000E+03   2.5730000E+03   0.0000000E+00   0.0000000E+00
   1.5425685E+03   2.7170000E+03   2.6900000E+03   0.0000000E+00   0.0000000E+00
   1.5425760E+03   2.6850000E+03   2.6340000E+03   0.0000000E+00   0.0000000E+00
   1.5425835E+03   2.7140000E+03   2.6760000E+03   0.0000000E+00   0.0000000E+00
   1.5425911E+03   2.6600000E+03   2.6200000E+03   0.0000000E+00   0.0000000E+00
   1.5425986E+03   2.6760000E+03   2.6360000E+03   0.0000000E+00   0.0000000E+00
   1.5426061E+03   2.6800000E+03   2.6330000E+03   0.0000000E+00   0.0000000E+00
   1.5426137E+03   2.6220000E+03   2.5790000E+03   0.0000000E+00   0.0000000E+00
   1.5426212E+03   2.5990000E+03   2.5520000E+03   0.0000000E+00   0.0000000E+00
   1.5426287E+03   2.7260000E+03   2.6740000E+03   0.0000000E+00   0.0000000E+00
   1.5426362E+03   2.6600000E+03   2.6160000E+03   0.0000000E+00   0.0000000E+00
   1.5426438E+03   2.6840000E+03   2.6500000E+03   0.0000000E+00   0.0000000E+00
   1.5426513E+03   2.7310000E+03   2.6830000E+03   0.0000000E+00   0.0000000E+00
   1.5426588E+03   2.6930000E+03   2.6540000E+03   1.0187967E-04   1.0337677E-04
   1.5426664E+03   2.6630000E+03   2.6260000E+03   0.0000000E+00   0.0000000E+00
   1.5426739E+03   2.7720000E+03   2.7270000E+03   0.0000000E+00   0.0000000E+00
   1.5426814E+03   2.6970000E+03   2.6450000E+03   0.0000000E+00   0.0000000E+00
   1.5426889E+03   2.7810000E+03   2.7420000E+03   0.0000000E+00   0.0000000E+00
   1.5426965E+03   2.7800000E+03   2.7370000E+03   0.0000000E+00   0.0000000E+00
   1.5427040E+03   2.7190000E+03   2.6820000E+03   0.0000000E+00   0.0000000E+00
   1.5427115E+03   2.7540000E+03   2.7150000E+03   0.0000000E+00   0.0000000E+00
   1.5427191E+03   2.7440000E+03   2.6920000E+03   3.1361851E-04   3.1967652E-04
   1.5427266E+03   2.6770000E+03   2.6340000E+03   0.0000000E+00   0.0000000E+00
   1.5427341E+03   2.7530000E+03   2.7210000E+03   0.0000000E+00   0.0000000E+00
   1.5427416E+03   2.7670000E+03   2.7130000E+03   0.0000000E+00   0.0000000E+00
   1.5427492E+03   2.7950000E+03   2.7500000E+03   0.0000000E+00   0.0000000E+00
   1.5427567E+03   2.7840000E+03   2.7460000E+03   0.0000000E+00   0.0000000E+00
   1.5427642E+03   2.7620000E+03   2.7100000E+03   3.0452919E-04   3.1037256E-04
   1.5427718E+03   2.8210000E+03   2.7820000E+03   0.0000000E+00   0.0000000E+00
   1.5427793E+03   2.8340000E+03   2.7980000E+03   0.0000000E+00   0.0000000E+00
   1.5427868E+03   2.8220000E+03   2.7840000E+03   0.0000000E+00   0.0000000E+00
   1.5427943E+03   2.8810000E+03   2.8370000E+03   0.0000000E+00   0.0000000E+00
   1.5428019E+03   2.7880000E+03   2.7540000E+03   0.0000000E+00   0.0000000E+00
   1.5428094E+03   2.8670000E+03   2.8270000E+03   0.0000000E+00   0.0000000E+00
   1.5428169E+03   2.8220000E+03   2.7790000E+03   0.0000000E+00   0.0000000E+00
   1.5428245E+03   2.9490000E+03   2.9060000E+03   2.1058904E-04   2.1370512E-04
   1.5428320E+03   2.6910000E+03   2.6500000E+03   0.0000000E+00   0.0000000E+00
   1.5428395E+03   2.8200000E+03   2.7840000E+03   0.0000000E+00   0.0000000E+00
   1.5428470E+03   2.8010000E+03   2.7690000E+03   0.0000000E+00   0.0000000E+00
   1.5428546E+03   2.7900000E+03   2.7430000E+03   0.0000000E+00   0.0000000E+00
   1.5428621E+03   2.8790000E+03   2.8440000E+03   1.5344364E-04   1.5533201E-04
   1.5428696E+03   2.8460000E+03   2.8120000E+03   0.0000000E+00   0.0000000E+00
   1.5428772E+03   2.8050000E+03   2.7630000E+03   0.0000000E+00   0.0000000E+00
   1.5428847E+03   2.9150000E+03   2.8810000E+03   0.0000000E+00   0.0000000E+00
   1.5428922E+03   2.8380000E+03   2.7960000E+03   0.0000000E+00   0.0000000E+00
   1.5428997E+03   2.8470000E+03   2.8010000E+03   1.8018720E-04   1.8314637E-04
   1.5429073E+03   2.8500000E+03   2.7970000E+03   0.0000000E+00   0.0000000E+00
   1.5429148E+03   2.8660000E+03   2.8250000E+03   0.0000000E+00   0.0000000E+00
   1.5429223E+03   2.8340000E+03   2.7940000E+03   0.0000000E+00   0.0000000E+00
   1.5429298E+03   2.8500000E+03   2.8130000E+03   0.0000000E+00   0.0000000E+00
   1.5429374E+03   2.9440000E+03   2.9100000E+03   0.0000000E+00   0.0000000E+00
   1.5429449E+03   2.9440000E+03   2.9000000E+03   0.0000000E+00   0.0000000E+00
   1.5429524E+03   2.9390000E+03   2.9010000E+03   0.0000000E+00   0.0000000E+00
   1.5429600E+03   2.9650000E+03   2.9200000E+03   0.0000000E+00   0.0000000E+00
   1.5429675E+03   2.9360000E+03   2.8950000E+03   0.0000000E+00   0.0000000E+00
   1.5429750E+03   2.9830000E+03   2.9360000E+03   0.0000000E+00   0.0000000E+00
   1.5429825E+03   2.9830000E+03   2.9440000E+03   0.0000000E+00   0.0000000E+00
   1.5429901E+03   2.9340000E+03   2.8940000E+03   0.0000000E+00   0.0000000E+00
   1.5429976E+03   2.9410000E+03   2.9030000E+03   0.0000000E+00   0.0000000E+00
   1.5430051E+03   2.8790000E+03   2.8360000E+03   0.0000000E+00   0.0000000E+00
   1.5430127E+03   2.9800000E+03   2.9380000E+03   0.0000000E+00   0.0000000E+00
   1.5430202E+03   2.9750000E+03   2.9240000E+03   0.0000000E+00   0.0000000E+00
   1.5430277E+03   2.9800000E+03   2.9410000E+03   0.0000000E+00   0.0000000E+00
   1.5430352E+03   3.0480000E+03   2.9960000E+03   0.0000000E+00   0.0000000E+00
   1.5430428E+03   2.9690000E+03   2.9260000E+03   0.0000000E+00   0.0000000E+00
   1.5430503E+03   2.9970000E+03   2.9640000E+03   0.0000000E+00   0.0000000E+00
   1.5430578E+03   2.8850000E+03   2.8450000E+03   0.0000000E+00   0.0000000E+00
   1.5430654E+03   2.9350000E+03   2.8970000E+03   0.0000000E+00   0.0000000E+00
   1.5430729E+03   2.9410000E+03   2.8990000E+03   0.0000000E+00   0.0000000E+00
   1.5430804E+03   3.0160000E+03   2.9670000E+03   0.0000000E+00   0.0000000E+00
   1.5430879E+03   2.9760000E+03   2.9250000E+03   0.0000000E+00   0.0000000E+00
   1.5430955E+03   2.9060000E+03   2.8680000E+03   0.0000000E+00   0.0000000E+00
   1.5431030E+03   2.9360000E+03   2.9020000E+03   0.0000000E+00   0.0000000E+00
   1.5431105E+03   3.0580000E+03   3.0090000E+03   0.0000000E+00   0.0000000E+00
   1.5431181E+03   3.0680000E+03   3.0100000E+03   0.0000000E+00   0.0000000E+00
   1.5431256E+03   3.1180000E+03   3.0700000E+03   0.0000000E+00   0.0000000E+00
   1.5431331E+03   3.0550000E+03   3.0100000E+03   0.0000000E+00   0.0000000E+00
   1.5431406E+03   3.0460000E+03   3.0060000E+03   0.0000000E+00   0.0000000E+00
   1.5431482E+03   3.0420000E+03   2.9870000E+03   0.0000000E+00   0.0000000E+00
   1.5431557E+03   3.0980000E+03   3.0390000E+03   1.7879691E-04   1.8226813E-04
   1.5431632E+03   3.0930000E+03   3.0450000E+03   0.0000000E+00   0.0000000E+00
   1.5431708E+03   3.0160000E+03   2.9760000E+03   0.0000000E+00   0.0000000E+00
   1.5431783E+03   3.0530000E+03   3.0140000E+03   0.0000000E+00   0.0000000E+00
   1.5431858E+03   3.0930000E+03   3.0390000E+03   0.0000000E+00   0.0000000E+00
   1.5431933E+03   3.0370000E+03   2.9870000E+03   0.0000000E+00   0.0000000E+00
   1.5432009E+03   3.1160000E+03   3.0690000E+03   0.0000000E+00   0.0000000E+00
   1.5432084E+03   3.0640000E+03   3.0330000E+03   0.0000000E+00   0.0000000E+00
   1.5432159E+03   3.1810000E+03   3.1290000E+03   0.0000000E+00   0.0000000E+00
   1.5432235E+03   2.9710000E+03   2.9340000E+03   0.0000000E+00   0.0000000E+00
   1.5432310E+03   3.0840000E+03   3.0380000E+03   0.0000000E+00   0.0000000E+00
   1.5432385E+03   3.0910000E+03   3.0450000E+03   0.0000000E+00   0.0000000E+00
   1.5432460E+03   3.1870000E+03   3.1420000E+03   0.0000000E+00   0.0000000E+00
   1.5432536E+03   3.1020000E+03   3.0650000E+03   0.0000000E+00   0.0000000E+00
   1.5432611E+03   3.0550000E+03   3.0190000E+03   0.0000000E+00   0.0000000E+00
   1.5432686E+03   3.1040000E+03   3.0550000E+03   0.0000000E+00   0.0000000E+00
   1.5432762E+03   3.1200000E+03   3.0660000E+03   0.0000000E+00   0.0000000E+00
   1.5432837E+03   3.1120000E+03   3.0760000E+03   0.0000000E+00   0.0000000E+00
   1.5432912E+03   3.1040000E+03   3.0600000E+03   0.0000000E+00   0.0000000E+00
   1.5432987E+03   3.1310000E+03   3.0810000E+03   0.0000000E+00   0.0000000E+00
   1.5433063E+03   3.1540000E+03   3.1010000E+03   0.0000000E+00   0.0000000E+00
   1.5433138E+03   3.2500000E+03   3.1900000E+03   0.0000000E+00   0.0000000E+00
   1.5433213E+03   3.2070000E+03   3.1580000E+03   0.0000000E+00   0.0000000E+00
   1.5433289E+03   3.1420000E+03   3.0970000E+03   1.1506642E-05   1.1673835E-05
   1.5433364E+03   3.1790000E+03   3.1360000E+03   0.0000000E+00   0.0000000E+00
   1.5433439E+03   3.1550000E+03   3.1190000E+03   0.0000000E+00   0.0000000E+00
   1.5433514E+03   3.2450000E+03   3.1880000E+03   0.0000000E+00   0.0000000E+00
   1.5433590E+03   3.1620000E+03   3.1130000E+03   0.0000000E+00   0.0000000E+00
   1.5433665E+03   3.2190000E+03   3.1680000E+03   0.0000000E+00   0.0000000E+00
   1.5433740E+03   3.2050000E+03   3.1630000E+03   0.0000000E+00   0.0000000E+00
   1.5433815E+03   3.2810000E+03   3.2410000E+03   0.0000000E+00   0.0000000E+00
   1.5433891E+03   3.2090000E+03   3.1590000E+03   0.0000000E+00   0.0000000E+00
   1.5433966E+03   3.1860000E+03   3.1460000E+03   0.0000000E+00   0.0000000E+00
   1.5434041E+03   3.2250000E+03   3.1730000E+03   0.0000000E+00   0.0000000E+00
   1.5434117E+03   3.2740000E+03   3.2320000E+03   0.0000000E+00   0.0000000E+00
   1.5434192E+03   3.2970000E+03   3.2580000E+03   0.0000000E+00   0.0000000E+00
   1.5434267E+03   3.2700000E+03   3.2260000E+03   0.0000000E+00   0.0000000E+00
   1.5434342E+03   3.2440000E+03   3.2160000E+03   8.3477161E-05   0.0000000E+00
   1.5434418E+03   3.2760000E+03   3.2250000E+03   1.4142315E-05   0.0000000E+00
   1.5434493E+03   3.2460000E+03   3.1920000E+03   5.0297550E-05   2.2387936E-05
   1.5434568E+03   3.3310000E+03   3.2920000E+03   1.2386660E-04   0.0000000E+00
   1.5434644E+03   3.2330000E+03   3.1950000E+03   1.6526214E-04   0.0000000E+00
   1.5434719E+03   3.3080000E+03   3.2700000E+03   2.3762355E-05   0.0000000E+00
   1.5434794E+03   3.2780000E+03   3.2380000E+03   5.0289341E-05   0.0000000E+00
   1.5434869E+03   3.3100000E+03   3.2800000E+03   3.9874766E-05   4.8236476E-05
   1.5434945E+03   3.2150000E+03   3.1810000E+03   2.8622610E-04   1.3779430E-04
   1.5435020E+03   3.2280000E+03   3.1900000E+03   4.2337247E-04   3.3658150E-04
   1.5435095E+03   3.1520000E+03   3.1240000E+03   6.8841287E-04   1.4601351E-04
   1.5435171E+03   3.1890000E+03   3.1710000E+03   2.0184985E-04   9.5727209E-05
   1.5435246E+03   3.2050000E+03   3.1890000E+03   7.9949275E-05   2.8266937E-05
   1.5435321E+03   3.1960000E+03   3.1740000E+03   6.7389873E-05   1.9164814E-04
   1.5435396E+03   3.1250000E+03   3.1140000E+03   2.5872457E-04   3.1703299E-04
   1.5435472E+03   3.2640000E+03   3.2580000E+03   4.6091495E-04   2.6826139E-04
   1.5435547E+03   3.1620000E+03   3.1560000E+03   8.6272313E-04   8.8401630E-04
   1.5435622E+03   3.1860000E+03   3.1770000E+03   9.6714984E-04   8.1013590E-04
   1.5435698E+03   3.2030000E+03   3.1970000E+03   3.4458360E-04   2.7942737E-04
   1.5435773E+03   3.1150000E+03   3.1000000E+03   5.6522722E-04   3.9879918E-04
   1.5435848E+03   3.2410000E+03   3.2380000E+03   8.9081774E-04   8.4740965E-04
   1.5435923E+03   3.2260000E+03   3.2160000E+03   4.8929366E-04   4.0970642E-04
   1.5435999E+03   3.1680000E+03   3.1560000E+03   2.1687649E-04   2.7589870E-04
   1.5436074E+03   3.1790000E+03   3.1720000E+03   5.4925831E-04   6.7914437E-04
   1.5436149E+03   3.1590000E+03   3.1450000E+03   5.5178739E-04   7.7898476E-04
   1.5436225E+03   3.1000000E+03   3.0940000E+03   8.2489031E-04   1.0653899E-03
   1.5436300E+03   3.2140000E+03   3.2050000E+03   1.2040970E-03   8.7684505E-04
   1.5436375E+03   3.0870000E+03   3.0790000E+03   1.5404292E-04   2.4048144E-04
   1.5436450E+03   3.1450000E+03   3.1360000E+03   4.5080535E-04   7.6165190E-04
   1.5436526E+03   3.0460000E+03   3.0340000E+03   1.2256323E-03   1.5485060E-03
   1.5436601E+03   3.0580000E+03   3.0420000E+03   6.9652764E-04   3.1380942E-04
   1.5436676E+03   3.0900000E+03   3.0780000E+03   2.0928528E-04   4.3413729E-04
   1.5436752E+03   2.9800000E+03   2.9710000E+03   2.5976282E-04   2.3909921E-04
   1.5436827E+03   3.1650000E+03   3.1530000E+03   1.5648170E-03   1.3296493E-03
   1.5436902E+03   3.0520000E+03   3.0370000E+03   1.7925778E-04   2.0589239E-04
   1.5436977E+03   3.0160000E+03   3.0030000E+03   1.9780192E-04   4.0247643E-04
   1.5437053E+03   2.9820000E+03   2.9660000E+03   1.2224081E-03   1.1043931E-03
   1.5437128E+03   2.9500000E+03   2.9380000E+03   6.6079192E-04   5.4381557E-04
   1.5437203E+03   2.9040000E+03   2.8930000E+03   2.1133064E-04   1.4196051E-04
   1.5437279E+03   2.9910000E+03   2.9760000E+03   8.1277505E-04   5.3603119E-04
   1.5437354E+03   2.9930000E+03   2.9810000E+03   8.9570233E-04   1.1013317E-03
   1.5437429E+03   2.8920000E+03   2.8780000E+03   9.1429416E-04   9.7619193E-04
   1.5437504E+03   2.9660000E+03   2.9500000E+03   1.0849685E-03   9.0765236E-04
   1.5437580E+03   2.9230000E+03   2.9060000E+03   1.0473788E-03   1.4911300E-03
   1.5437655E+03   2.9150000E+03   2.9060000E+03   8.3532191E-04   5.2827065E-04
   1.5437730E+03   2.9290000E+03   2.9130000E+03   3.9712363E-04   9.3006744E-04
   1.5437806E+03   2.9310000E+03   2.9050000E+03   2.0810847E-03   1.7092089E-03
   1.5437881E+03   2.8740000E+03   2.8540000E+03   5.1237362E-04   2.1188679E-04
   1.5437956E+03   2.8780000E+03   2.8600000E+03   1.1650828E-03   1.2832624E-03
   1.5438031E+03   2.9160000E+03   2.8990000E+03   1.3025810E-03   8.1635158E-04
   1.5438107E+03   2.7370000E+03   2.7240000E+03   6.0665951E-04   1.1780304E-03
   1.5438182E+03   2.7870000E+03   2.7680000E+03   4.4417938E-04   2.7063783E-04
   1.5438257E+03   2.7870000E+03   2.7720000E+03   9.1962995E-04   1.0769583E-03
   1.5438332E+03   2.7470000E+03   2.7320000E+03   1.0732013E-03   9.3490180E-04
   1.5438408E+03   2.7450000E+03   2.7220000E+03   3.4822665E-04   8.8861009E-04
   1.5438483E+03   2.8050000E+03   2.7900000E+03   1.7862671E-03   1.6055808E-03
   1.5438558E+03   2.7780000E+03   2.7660000E+03   2.3673066E-03   1.8751656E-03
   1.5438634E+03   2.8590000E+03   2.8380000E+03   1.8125394E-03   1.8792288E-03
   1.5438709E+03   2.7350000E+03   2.7230000E+03   1.1272046E-03   8.9625573E-04
   1.5438784E+03   2.8820000E+03   2.8570000E+03   1.6203905E-03   2.0647370E-03
   1.5438859E+03   2.7930000E+03   2.7780000E+03   6.7883427E-04   2.0252088E-04
   1.5438935E+03   2.7640000E+03   2.7430000E+03   6.6454887E-04   5.0366785E-04
   1.5439010E+03   2.7680000E+03   2.7520000E+03   1.5107606E-03   1.6727185E-03
   1.5439085E+03   2.7970000E+03   2.7760000E+03   4.5693436E-04   2.5754308E-04
   1.5439161E+03   2.7850000E+03   2.7530000E+03   2.9698280E-03   2.6331745E-03
   1.5439236E+03   2.7290000E+03   2.7010000E+03   1.6342956E-03   1.1665135E-03
   1.5439311E+03   2.7390000E+03   2.7170000E+03   7.4680850E-04   3.6719349E-04
   1.5439386E+03   2.7550000E+03   2.7400000E+03   1.3387928E-04   5.4934415E-04
   1.5439462E+03   2.7140000E+03   2.6970000E+03   1.2869071E-03   1.2566007E-03
   1.5439537E+03   2.7180000E+03   2.6940000E+03   2.1220149E-03   2.2929891E-03
   1.5439612E+03   2.6870000E+03   2.6670000E+03   3.9658932E-04   7.5198689E-04
   1.5439688E+03   2.7320000E+03   2.7050000E+03   4.5216629E-04   5.6041031E-04
   1.5439763E+03   2.6160000E+03   2.5930000E+03   1.0291051E-03   1.1116961E-03
   1.5439838E+03   2.7680000E+03   2.7500000E+03   7.5504352E-04   6.8619228E-04
   1.5439913E+03   2.6260000E+03   2.6040000E+03   2.4226449E-03   1.9529067E-03
   1.5439989E+03   2.5880000E+03   2.5640000E+03   1.4007433E-03   1.0023506E-03
   1.5440064E+03   2.6950000E+03   2.6650000E+03   2.0374506E-03   1.7170824E-03
   1.5440139E+03   2.6370000E+03   2.6180000E+03   9.5639285E-04   1.6828983E-03
   1.5440215E+03   2.6910000E+03   2.6660000E+03   1.5242765E-03   1.4933606E-03
   1.5440290E+03   2.5540000E+03   2.5330000E+03   8.6606869E-04   6.6479903E-04
   1.5440365E+03   2.6630000E+03   2.6380000E+03   2.6441811E-03   1.9463215E-03
   1.5440440E+03   2.6480000E+03   2.6280000E+03   3.3979705E-03   3.4338955E-03
   1.5440516E+03   2.7140000E+03   2.6770000E+03   5.8239267E-04   2.2668418E-04
   1.5440591E+03   2.6010000E+03   2.5860000E+03   1.4514841E-03   1.5515214E-03
   1.5440666E+03   2.6350000E+03   2.6080000E+03   1.8268127E-03   1.4564236E-03
   1.5440742E+03   2.5850000E+03   2.5580000E+03   2.3796539E-03   1.6830189E-03
   1.5440817E+03   2.5960000E+03   2.5660000E+03   1.2545017E-03   1.8573827E-03
   1.5440892E+03   2.5490000E+03   2.5340000E+03   1.4910669E-03   1.3948243E-03
   1.5440967E+03   2.5880000E+03   2.5650000E+03   2.3331283E-03   2.5931210E-03
   1.5441043E+03   2.5380000E+03   2.5090000E+03   4.4797337E-04   3.5537653E-04
   1.5441118E+03   2.5670000E+03   2.5440000E+03   1.5972008E-03   1.0592769E-03
   1.5441193E+03   2.4970000E+03   2.4690000E+03   2.0426923E-04   5.1296139E-04
   1.5441269E+03   2.5250000E+03   2.5040000E+03   5.9853431E-04   3.5809750E-04
   1.5441344E+03   2.5890000E+03   2.5620000E+03   3.9064620E-03   3.4184588E-03
   1.5441419E+03   2.5930000E+03   2.5590000E+03   2.7779682E-03   3.5272715E-03
   1.5441494E+03   2.5530000E+03   2.5310000E+03   2.6614068E-03   2.2588746E-03
   1.5441570E+03   2.5390000E+03   2.5090000E+03   2.5622878E-03   2.6403430E-03
   1.5441645E+03   2.5290000E+03   2.4990000E+03   2.4836824E-03   2.0414732E-03
   1.5441720E+03   2.4360000E+03   2.4050000E+03   1.4307214E-03   1.2163585E-03
   1.5441796E+03   2.5480000E+03   2.5200000E+03   1.8125442E-03   2.2992947E-03
   1.5441871E+03   2.4740000E+03   2.4400000E+03   3.3999151E-03   3.4362390E-03
   1.5441946E+03   2.5130000E+03   2.4800000E+03   1.3665001E-03   1.0330754E-03
   1.5442021E+03   2.4810000E+03   2.4540000E+03   2.2388093E-03   2.8153665E-03
   1.5442097E+03   2.5250000E+03   2.4980000E+03   2.7384657E-03   1.9964127E-03
   1.5442172E+03   2.4840000E+03   2.4570000E+03   2.9899249E-03   3.0401971E-03
   1.5442247E+03   2.4270000E+03   2.4060000E+03   1.8606141E-03   1.5494082E-03
   1.5442323E+03   2.4510000E+03   2.4140000E+03   1.8102824E-03   2.3236846E-03
   1.5442398E+03   2.4730000E+03   2.4450000E+03   4.4308292E-03   4.7048043E-03
   1.5442473E+03   2.4000000E+03   2.3850000E+03   3.3950757E-03   3.4147312E-03
   1.5442548E+03   2.4450000E+03   2.4170000E+03   1.7617148E-03   1.9460293E-03
   1.5442624E+03   2.3700000E+03   2.3460000E+03   2.1311708E-03   2.9010714E-03
   1.5442699E+03   2.4420000E+03   2.4070000E+03   3.0882793E-03   3.3884863E-03
   1.5442774E+03   2.4840000E+03   2.4490000E+03   3.4442308E-03   3.1603454E-03
   1.5442849E+03   2.4460000E+03   2.4140000E+03   6.4046980E-03   5.4494258E-03
   1.5442925E+03   2.4290000E+03   2.3990000E+03   6.9618040E-03   6.8184444E-03
   1.5443000E+03   2.3990000E+03   2.3560000E+03   1.7669562E-03   2.3145863E-03
   1.5443075E+03   2.4010000E+03   2.3760000E+03   6.7955336E-04   8.6599609E-04
   1.5443151E+03   2.4300000E+03   2.4030000E+03   1.9923182E-03   1.9738969E-03
   1.5443226E+03   2.4650000E+03   2.4320000E+03   5.3407716E-03   5.3693767E-03
   1.5443301E+03   2.4310000E+03   2.4010000E+03   1.7535837E-03   2.1744078E-03
   1.5443376E+03   2.4620000E+03   2.4300000E+03   4.3579811E-03   4.0081547E-03
   1.5443452E+03   2.3990000E+03   2.3720000E+03   2.1256597E-03   2.1286458E-03
   1.5443527E+03   2.3870000E+03   2.3610000E+03   4.8086024E-03   4.3411391E-03
   1.5443602E+03   2.4370000E+03   2.4010000E+03   4.8372879E-03   4.9841231E-03
   1.5443678E+03   2.3860000E+03   2.3640000E+03   2.5358223E-03   2.4524066E-03
   1.5443753E+03   2.4950000E+03   2.4740000E+03   4.7493047E-03   4.6176310E-03
   1.5443828E+03   2.4330000E+03   2.4050000E+03   5.1276167E-03   5.1791470E-03
   1.5443903E+03   2.2920000E+03   2.2710000E+03   4.9848603E-03   4.6152601E-03
   1.5443979E+03   2.3260000E+03   2.2950000E+03   1.1827293E-03   9.9093551E-04
   1.5444054E+03   2.3160000E+03   2.2920000E+03   4.7220439E-03   4.8213038E-03
   1.5444129E+03   2.4480000E+03   2.4240000E+03   2.1558387E-03   1.4242212E-03
   1.5444205E+03   2.4530000E+03   2.4170000E+03   3.8804597E-03   3.2713413E-03
   1.5444280E+03   2.3470000E+03   2.3200000E+03   1.1169607E-03   1.5282251E-03
   1.5444355E+03   2.3390000E+03   2.3030000E+03   5.3930268E-04   9.1290414E-04
   1.5444430E+03   2.3140000E+03   2.2800000E+03   4.8520169E-03   3.6563600E-03
   1.5444506E+03   2.3150000E+03   2.2790000E+03   1.4020441E-03   1.6752362E-03
   1.5444581E+03   2.4340000E+03   2.3970000E+03   1.9341405E-03   1.4024397E-03
   1.5444656E+03   2.3100000E+03   2.2680000E+03   5.5878486E-03   4.4406547E-03
   1.5444732E+03   2.4510000E+03   2.4190000E+03   4.6889024E-04   8.0105534E-04
   1.5444807E+03   2.4060000E+03   2.3740000E+03   6.4136808E-03   6.9953847E-03
   1.5444882E+03   2.4070000E+03   2.3780000E+03   1.6250174E-03   1.2581874E-03
   1.5444957E+03   2.3130000E+03   2.2770000E+03   1.7815239E-03   2.3721332E-03
   1.5445033E+03   2.3720000E+03   2.3400000E+03   2.5514767E-03   2.9566625E-03
   1.5445108E+03   2.4350000E+03   2.3990000E+03   4.4067614E-03   3.4392367E-03
   1.5445183E+03   2.3480000E+03   2.3120000E+03   3.2525370E-03   3.1074340E-03
   1.5445259E+03   2.4350000E+03   2.3980000E+03   1.8814024E-03   2.1568352E-03
   1.5445334E+03   2.3140000E+03   2.2790000E+03   6.8580194E-03   5.8242282E-03
   1.5445409E+03   2.3530000E+03   2.3210000E+03   1.8983746E-03   2.5198129E-03
   1.5445484E+03   2.4330000E+03   2.3990000E+03   1.4377032E-03   1.1633239E-03
   1.5445560E+03   2.2750000E+03   2.2390000E+03   3.1923007E-03   3.0775508E-03
   1.5445635E+03   2.2830000E+03   2.2450000E+03   7.2213641E-03   6.8501945E-03
   1.5445710E+03   2.3460000E+03   2.3100000E+03   3.2796695E-03   4.0793236E-03
   1.5445786E+03   2.4190000E+03   2.3830000E+03   2.0665026E-03   1.8781812E-03
   1.5445861E+03   2.3170000E+03   2.2780000E+03   3.6064942E-03   3.7694885E-03
   1.5445936E+03   2.3390000E+03   2.2970000E+03   6.5325000E-03   6.2527554E-03
   1.5446011E+03   2.3590000E+03   2.3340000E+03   4.0502351E-03   3.8945981E-03
   1.5446087E+03   2.4270000E+03   2.4000000E+03   7.9411462E-03   7.9519659E-03
   1.5446162E+03   2.4460000E+03   2.4120000E+03   3.6583692E-03   2.9397318E-03
   1.5446237E+03   2.3900000E+03   2.3580000E+03   3.6984650E-03   3.6218980E-03
   1.5446313E+03   2.4010000E+03   2.3710000E+03   5.7579290E-03   5.3120907E-03
   1.5446388E+03   2.3820000E+03   2.3530000E+03   2.1338411E-03   2.7738923E-03
   1.5446463E+03   2.3610000E+03   2.3200000E+03   1.7147392E-03   2.5539597E-03
   1.5446538E+03   2.3410000E+03   2.2990000E+03   1.2937017E-03   2.2800060E-03
   1.5446614E+03   2.3710000E+03   2.3310000E+03   4.4088188E-03   4.5022188E-03
   1.5446689E+03   2.4210000E+03   2.3720000E+03   1.7907027E-03   1.0802432E-03
   1.5446764E+03   2.3050000E+03   2.2710000E+03   3.2725071E-03   3.5233457E-03
   1.5446840E+03   2.3510000E+03   2.3190000E+03   4.9022209E-03   4.2619949E-03
   1.5446915E+03   2.3800000E+03   2.3470000E+03   1.6511301E-03   1.8182359E-03
   1.5446990E+03   2.3390000E+03   2.3000000E+03   3.3100007E-03   3.1337982E-03
   1.5447065E+03   2.3840000E+03   2.3360000E+03   3.1475048E-03   4.1002306E-03
   1.5447141E+03   2.3300000E+03   2.2900000E+03   5.1127122E-03   5.2087089E-03
   1.5447216E+03   2.3120000E+03   2.2740000E+03   3.3657341E-03   3.0069678E-03
   1.5447291E+03   2.3130000E+03   2.2790000E+03   5.1102310E-03   4.5650448E-03
   1.5447366E+03   2.3960000E+03   2.3420000E+03   3.9660438E-03   3.5956485E-03
   1.5447442E+03   2.3170000E+03   2.2710000E+03   3.8422515E-03   3.2324200E-03
   1.5447517E+03   2.4460000E+03   2.4110000E+03   7.9830445E-04   1.0409311E-03
   1.5447592E+03   2.3840000E+03   2.3410000E+03   2.3471003E-03   2.3171333E-03
   1.5447668E+03   2.4020000E+03   2.3650000E+03   5.3089018E-03   5.6647989E-03
   1.5447743E+03   2.3340000E+03   2.2910000E+03   1.8305372E-03   2.8285855E-03
   1.5447818E+03   2.4210000E+03   2.3830000E+03   2.2430811E-03   2.2068870E-03
   1.5447893E+03   2.2600000E+03   2.2260000E+03   4.5692542E-03   4.4459053E-03
   1.5447969E+03   2.3590000E+03   2.3200000E+03   6.3388395E-03   6.6941176E-03
   1.5448044E+03   2.2840000E+03   2.2430000E+03   6.8350244E-03   6.3910998E-03
   1.5448119E+03   2.3860000E+03   2.3500000E+03   4.2321460E-03   4.5746960E-03
   1.5448195E+03   2.3390000E+03   2.3030000E+03   3.1643790E-03   3.3672238E-03
   1.5448270E+03   2.4280000E+03   2.3760000E+03   1.0508868E-03   7.4745270E-04
   1.5448345E+03   2.2860000E+03   2.2370000E+03   2.1853205E-03   1.9326559E-03
   1.5448420E+03   2.4010000E+03   2.3480000E+03   4.0441096E-03   3.7621585E-03
   1.5448496E+03   2.3810000E+03   2.3310000E+03   1.1065707E-03   1.0793292E-03
   1.5448571E+03   2.3930000E+03   2.3640000E+03   2.4765213E-03   2.7030103E-03
   1.5448646E+03   2.3960000E+03   2.3500000E+03   4.4067872E-03   3.9506625E-03
   1.5448722E+03   2.4000000E+03   2.3600000E+03   2.5810158E-03   3.0198110E-03
   1.5448797E+03   2.4050000E+03   2.3700000E+03   2.5073011E-03   2.7157980E-03
   1.5448872E+03   2.4380000E+03   2.3940000E+03   2.1394623E-03   2.0901903E-03
   1.5448947E+03   2.3650000E+03   2.3270000E+03   3.4601713E-03   4.2385473E-03
   1.5449023E+03   2.4220000E+03   2.3920000E+03   2.0624429E-03   2.5989838E-03
   1.5449098E+03   2.3920000E+03   2.3330000E+03   1.2292567E-03   1.2844595E-03
   1.5449173E+03   2.3110000E+03   2.2750000E+03   2.1810090E-03   2.4995134E-03
   1.5449249E+03   2.4300000E+03   2.3930000E+03   2.2156520E-03   3.2204534E-03
   1.5449324E+03   2.4400000E+03   2.4050000E+03   7.5091884E-03   7.6890485E-03
   1.5449399E+03   2.3970000E+03   2.3590000E+03   4.4318558E-03   4.3120148E-03
   1.5449474E+03   2.3370000E+03   2.2910000E+03   1.7072970E-03   1.5977255E-03
   1.5449550E+03   2.4390000E+03   2.3990000E+03   2.8522188E-03   2.9374155E-03
   1.5449625E+03   2.5260000E+03   2.4710000E+03   4.4608743E-03   4.5138454E-03
   1.5449700E+03   2.4910000E+03   2.4370000E+03   4.3283015E-03   4.2272689E-03
   1.5449776E+03   2.3450000E+03   2.3080000E+03   5.8783294E-03   5.4183461E-03
   1.5449851E+03   2.3980000E+03   2.3500000E+03   3.3167402E-03   3.4828065E-03
   1.5449926E+03   2.5470000E+03   2.4970000E+03   3.3030295E-03   3.4148115E-03
   1.5450001E+03   2.5560000E+03   2.5100000E+03   1.0528886E-03   7.1325099E-04
   1.5450077E+03   2.3770000E+03   2.3430000E+03   5.7965057E-03   5.1256893E-03
   1.5450152E+03   2.4150000E+03   2.3790000E+03   2.5951086E-03   2.8943559E-03
   1.5450227E+03   2.4280000E+03   2.3850000E+03   3.1266503E-03   3.1215897E-03
   1.5450303E+03   2.5030000E+03   2.4510000E+03   2.0179269E-03   1.9157463E-03
   1.5450378E+03   2.4000000E+03   2.3650000E+03   4.2157116E-03   4.3729636E-03
   1.5450453E+03   2.4590000E+03   2.4190000E+03   5.1426116E-03   6.4068005E-03
   1.5450528E+03   2.3940000E+03   2.3490000E+03   2.9526439E-03   3.2564580E-03
   1.5450604E+03   2.4820000E+03   2.4350000E+03   3.4120381E-03   4.4114587E-03
   1.5450679E+03   2.5280000E+03   2.4680000E+03   1.4747037E-03   1.1946193E-03
   1.5450754E+03   2.5510000E+03   2.4990000E+03   4.9656330E-03   5.1348375E-03
   1.5450830E+03   2.5430000E+03   2.4980000E+03   3.9611008E-03   4.4113004E-03
   1.5450905E+03   2.4420000E+03   2.4070000E+03   2.2704041E-03   2.2035352E-03
   1.5450980E+03   2.5120000E+03   2.4720000E+03   6.8148917E-03   6.8491466E-03
   1.5451055E+03   2.5510000E+03   2.5080000E+03   2.5549987E-03   1.8747911E-03
   1.5451131E+03   2.4820000E+03   2.4410000E+03   5.2281889E-03   5.7893159E-03
   1.5451206E+03   2.5270000E+03   2.4810000E+03   9.4829817E-03   9.9980027E-03
   1.5451281E+03   2.4390000E+03   2.3850000E+03   8.6734762E-03   8.4451475E-03
   1.5451357E+03   2.4890000E+03   2.4530000E+03   1.9760691E-03   2.3828408E-03
   1.5451432E+03   2.5630000E+03   2.5150000E+03   7.9400122E-03   8.3876361E-03
   1.5451507E+03   2.6030000E+03   2.5580000E+03   2.3093533E-03   2.8515819E-03
   1.5451582E+03   2.5310000E+03   2.4670000E+03   5.4462002E-03   5.1355607E-03
   1.5451658E+03   2.5230000E+03   2.4710000E+03   5.5647024E-03   5.1697516E-03
   1.5451733E+03   2.4820000E+03   2.4370000E+03   1.0026872E-02   9.5264166E-03
   1.5451808E+03   2.4880000E+03   2.4360000E+03   2.2808324E-03   2.5662286E-03
   1.5451883E+03   2.5740000E+03   2.5230000E+03   4.8922526E-03   5.3373107E-03
   1.5451959E+03   2.6080000E+03   2.5450000E+03   2.2206954E-03   1.9441470E-03
   1.5452034E+03   2.5380000E+03   2.5010000E+03   5.0225161E-03   5.5736025E-03
   1.5452109E+03   2.5400000E+03   2.4980000E+03   1.3178857E-03   1.0714431E-03
   1.5452185E+03   2.5740000E+03   2.5240000E+03   3.9813629E-03   4.6805082E-03
   1.5452260E+03   2.7030000E+03   2.6680000E+03   4.6290789E-03   5.1137856E-03
   1.5452335E+03   2.5980000E+03   2.5400000E+03   4.4996770E-03   5.6557002E-03
   1.5452410E+03   2.5830000E+03   2.5250000E+03   2.9081746E-03   2.2283789E-03
   1.5452486E+03   2.6090000E+03   2.5570000E+03   8.6639944E-04   6.5562043E-04
   1.5452561E+03   2.5770000E+03   2.5130000E+03   6.3319440E-03   5.9565265E-03
   1.5452636E+03   2.6080000E+03   2.5630000E+03   7.1161614E-03   5.7604096E-03
   1.5452712E+03   2.6330000E+03   2.5650000E+03   2.2055012E-03   1.4515586E-03
   1.5452787E+03   2.6650000E+03   2.6110000E+03   1.7393700E-03   1.2777571E-03
   1.5452862E+03   2.6870000E+03   2.6290000E+03   9.7734764E-03   9.4224937E-03
   1.5452937E+03   2.6660000E+03   2.6190000E+03   1.3196449E-03   1.7834282E-03
   1.5453013E+03   2.6520000E+03   2.6020000E+03   3.6598201E-03   4.2438201E-03
   1.5453088E+03   2.7430000E+03   2.6890000E+03   6.7560481E-03   7.1792027E-03
   1.5453163E+03   2.6850000E+03   2.6340000E+03   5.7037017E-03   5.6275864E-03
   1.5453239E+03   2.6620000E+03   2.6160000E+03   1.4445218E-03   1.3342761E-03
   1.5453314E+03   2.6520000E+03   2.5830000E+03   1.9063499E-03   1.9278717E-03
   1.5453389E+03   2.6250000E+03   2.5760000E+03   5.0398840E-03   4.4578728E-03
   1.5453464E+03   2.7040000E+03   2.6600000E+03   4.0988678E-03   3.6316985E-03
   1.5453540E+03   2.6360000E+03   2.5810000E+03   6.9715462E-03   6.2434133E-03
   1.5453615E+03   2.6590000E+03   2.6110000E+03   7.4948512E-03   7.2036917E-03
   1.5453690E+03   2.7340000E+03   2.6760000E+03   3.1165171E-03   3.0543070E-03
   1.5453766E+03   2.7210000E+03   2.6730000E+03   4.5866792E-03   5.0598811E-03
   1.5453841E+03   2.6680000E+03   2.6200000E+03   3.1226807E-03   3.3477250E-03
   1.5453916E+03   2.6060000E+03   2.5520000E+03   3.3282193E-03   3.7965252E-03
   1.5453991E+03   2.8130000E+03   2.7590000E+03   5.9352528E-03   6.6966643E-03
   1.5454067E+03   2.7950000E+03   2.7440000E+03   8.4082196E-03   8.4119636E-03
   1.5454142E+03   2.6920000E+03   2.6450000E+03   9.6365924E-03   9.9119003E-03
   1.5454217E+03   2.8340000E+03   2.7800000E+03   1.8275830E-03   2.2624710E-03
   1.5454293E+03   2.7230000E+03   2.6640000E+03   6.5202428E-03   6.5144126E-03
   1.5454368E+03   2.8040000E+03   2.7440000E+03   4.6314476E-03   5.0758988E-03
   1.5454443E+03   2.8210000E+03   2.7540000E+03   4.1162577E-03   3.7607259E-03
   1.5454518E+03   2.8530000E+03   2.7910000E+03   5.3443077E-03   5.0002373E-03
   1.5454594E+03   2.8230000E+03   2.7630000E+03   5.5441927E-03   5.2030770E-03
   1.5454669E+03   2.8910000E+03   2.8320000E+03   1.6855543E-03   1.2426195E-03
   1.5454744E+03   2.7920000E+03   2.7450000E+03   2.2116598E-03   1.2920450E-03
   1.5454820E+03   2.8640000E+03   2.8150000E+03   3.3945541E-03   2.9011041E-03
   1.5454895E+03   2.8190000E+03   2.7660000E+03   5.0558922E-03   4.3416728E-03
   1.5454970E+03   2.7860000E+03   2.7210000E+03   5.7460876E-03   5.4088787E-03
   1.5455045E+03   2.7940000E+03   2.7430000E+03   1.1549118E-03   1.5592068E-03
   1.5455121E+03   2.9440000E+03   2.8780000E+03   1.5208864E-03   1.2854456E-03
   1.5455196E+03   2.9450000E+03   2.8750000E+03   1.9410898E-03   1.4896332E-03
   1.5455271E+03   2.9020000E+03   2.8400000E+03   5.8584931E-03   5.6468517E-03
   1.5455347E+03   2.8840000E+03   2.8390000E+03   4.9853283E-03   5.5363746E-03
   1.5455422E+03   2.8830000E+03   2.8210000E+03   5.3864818E-03   5.7293421E-03
   1.5455497E+03   2.8760000E+03   2.8040000E+03   3.1926475E-03   3.5713601E-03
   1.5455572E+03   2.8380000E+03   2.7770000E+03   3.8583477E-03   4.5277418E-03
   1.5455648E+03   2.9240000E+03   2.8620000E+03   5.5923813E-03   4.8407185E-03
   1.5455723E+03   2.8600000E+03   2.7980000E+03   2.1057364E-03   3.0301531E-03
   1.5455798E+03   2.9080000E+03   2.8420000E+03   4.8528000E-03   5.2841320E-03
   1.5455874E+03   2.9390000E+03   2.8760000E+03   1.0506138E-02   1.0538233E-02
   1.5455949E+03   2.9940000E+03   2.9370000E+03   3.0337005E-03   2.4173415E-03
   1.5456024E+03   2.8070000E+03   2.7670000E+03   3.8475565E-03   3.0126356E-03
   1.5456099E+03   2.9350000E+03   2.8760000E+03   5.3471840E-03   4.7082647E-03
   1.5456175E+03   2.9960000E+03   2.9470000E+03   3.9851593E-03   3.0564059E-03
   1.5456250E+03   3.0530000E+03   2.9740000E+03   5.9498379E-03   5.6846584E-03
   1.5456325E+03   2.9350000E+03   2.8800000E+03   7.2333568E-04   4.7304815E-04
   1.5456400E+03   2.8610000E+03   2.7850000E+03   2.2516554E-03   2.3541033E-03
   1.5456476E+03   2.9930000E+03   2.9250000E+03   4.1283614E-03   3.0637882E-03
   1.5456551E+03   3.0790000E+03   3.0260000E+03   1.7379513E-03   2.0995647E-03
   1.5456626E+03   3.0110000E+03   2.9480000E+03   2.7721431E-03   2.4176028E-03
   1.5456702E+03   3.0000000E+03   2.9400000E+03   5.0341401E-03   5.0168518E-03
   1.5456777E+03   3.0530000E+03   3.0020000E+03   2.5183213E-03   2.3749193E-03
   1.5456852E+03   2.9380000E+03   2.8660000E+03   4.2115672E-03   3.9402690E-03
   1.5456927E+03   3.0930000E+03   3.0300000E+03   8.7735731E-03   8.3801328E-03
   1.5457003E+03   3.0230000E+03   2.9670000E+03   4.3523108E-03   4.4783385E-03
   1.5457078E+03   3.0230000E+03   2.9670000E+03   2.5213675E-03   3.4507476E-03
   1.5457153E+03   3.0740000E+03   3.0240000E+03   9.3474212E-04   1.1769481E-03
   1.5457229E+03   3.0890000E+03   3.0190000E+03   3.9696373E-03   4.2386284E-03
   1.5457304E+03   3.1070000E+03   3.0340000E+03   1.8116421E-03   1.8686452E-03
   1.5457379E+03   3.1520000E+03   3.0810000E+03   4.2221209E-03   2.9856610E-03
   1.5457454E+03   3.1160000E+03   3.0580000E+03   4.4020663E-03   4.5640828E-03
   1.5457530E+03   3.0930000E+03   3.0310000E+03   8.2693199E-03   7.4333812E-03
   1.5457605E+03   3.1190000E+03   3.0400000E+03   1.8883235E-03   1.0143228E-03
   1.5457680E+03   3.0750000E+03   3.0200000E+03   2.7422054E-03   2.7337641E-03
   1.5457756E+03   3.0570000E+03   2.9840000E+03   5.7851289E-03   5.8597770E-03
   1.5457831E+03   3.2470000E+03   3.2040000E+03   1.6974754E-03   1.4435723E-03
   1.5457906E+03   3.0690000E+03   3.0060000E+03   4.5028778E-03   5.2795773E-03
   1.5457981E+03   3.2580000E+03   3.1960000E+03   5.7872599E-03   5.7390986E-03
   1.5458057E+03   3.1270000E+03   3.0570000E+03   5.0101149E-03   5.1255337E-03
   1.5458132E+03   3.2170000E+03   3.1490000E+03   1.0850184E-02   1.1291320E-02
   1.5458207E+03   3.0870000E+03   3.0290000E+03   3.6097965E-03   3.6963818E-03
   1.5458283E+03   3.1670000E+03   3.1070000E+03   3.1009295E-03   3.3276684E-03
   1.5458358E+03   3.1850000E+03   3.1090000E+03   3.9400929E-03   3.7454128E-03
   1.5458433E+03   3.2530000E+03   3.1960000E+03   4.8887060E-03   4.7375319E-03
   1.5458508E+03   3.1650000E+03   3.0960000E+03   2.3152730E-03   3.2444477E-03
   1.5458584E+03   3.2510000E+03   3.1890000E+03   6.4189610E-03   6.9450846E-03
   1.5458659E+03   3.2310000E+03   3.1640000E+03   7.6937409E-03   7.5816081E-03
   1.5458734E+03   3.1770000E+03   3.1020000E+03   4.5517756E-03   4.7360789E-03
   1.5458810E+03   3.1790000E+03   3.1120000E+03   5.0530431E-03   5.1527010E-03
   1.5458885E+03   3.1980000E+03   3.1220000E+03   2.1323013E-03   1.5018751E-03
   1.5458960E+03   3.2580000E+03   3.1940000E+03   1.2487230E-04   4.2464412E-04
   1.5459035E+03   3.2330000E+03   3.1710000E+03   9.9898241E-04   9.2299054E-04
   1.5459111E+03   3.3650000E+03   3.2820000E+03   3.8299324E-03   4.4567029E-03
   1.5459186E+03   3.4090000E+03   3.3440000E+03   6.1063482E-03   5.8495361E-03
   1.5459261E+03   3.3480000E+03   3.2900000E+03   5.5018707E-03   5.5999282E-03
   1.5459337E+03   3.2570000E+03   3.1890000E+03   3.3878442E-03   3.3215316E-03
   1.5459412E+03   3.2280000E+03   3.1730000E+03   3.1775274E-03   3.6096779E-03
   1.5459487E+03   3.4080000E+03   3.3410000E+03   4.4936673E-03   4.4782573E-03
   1.5459562E+03   3.3780000E+03   3.3050000E+03   5.0649447E-03   4.9221163E-03
   1.5459638E+03   3.5000000E+03   3.4210000E+03   4.4256223E-03   3.9723059E-03
   1.5459713E+03   3.4460000E+03   3.3740000E+03   1.9558409E-03   1.3597990E-03
   1.5459788E+03   3.3890000E+03   3.3240000E+03   2.2186064E-03   1.8630753E-03
   1.5459864E+03   3.3930000E+03   3.3090000E+03   1.2686008E-03   6.4939670E-04
   1.5459939E+03   3.3270000E+03   3.2450000E+03   9.9527652E-03   1.0455327E-02
   1.5460014E+03   3.4670000E+03   3.4000000E+03   6.2669125E-03   5.9067846E-03
   1.5460089E+03   3.4460000E+03   3.3640000E+03   2.5318104E-03   2.7661906E-03
   1.5460165E+03   3.4480000E+03   3.3870000E+03   4.7393968E-03   4.1068440E-03
   1.5460240E+03   3.5900000E+03   3.5120000E+03   3.1341123E-03   3.2531300E-03
   1.5460315E+03   3.4240000E+03   3.3370000E+03   2.8372266E-03   3.0806834E-03
   1.5460391E+03   3.4980000E+03   3.4310000E+03   3.3648880E-03   2.9701918E-03
   1.5460466E+03   3.5190000E+03   3.4540000E+03   5.3113513E-03   5.4305705E-03
   1.5460541E+03   3.4660000E+03   3.4010000E+03   5.4016601E-03   5.3943727E-03
   1.5460616E+03   3.4040000E+03   3.3490000E+03   7.4487026E-03   7.4417778E-03
   1.5460692E+03   3.4390000E+03   3.3720000E+03   8.4366038E-04   6.6835982E-04
   1.5460767E+03   3.5740000E+03   3.5210000E+03   5.3777147E-03   5.4879795E-03
   1.5460842E+03   3.5000000E+03   3.4500000E+03   6.2055463E-03   6.8265048E-03
   1.5460917E+03   3.4650000E+03   3.4260000E+03   2.3869309E-03   1.8687946E-03
   1.5460993E+03   3.4630000E+03   3.4240000E+03   4.6784833E-03   4.7413155E-03
   1.5461068E+03   3.6110000E+03   3.5750000E+03   1.8056569E-03   1.8626141E-03
   1.5461143E+03   3.3910000E+03   3.3540000E+03   1.9090383E-03   2.1116202E-03
   1.5461219E+03   3.4070000E+03   3.3820000E+03   4.1343972E-03   4.1347898E-03
   1.5461294E+03   3.3620000E+03   3.3480000E+03   4.0021319E-03   3.9258321E-03
   1.5461369E+03   3.4570000E+03   3.4430000E+03   5.2886814E-03   5.3072714E-03
   1.5461444E+03   3.4620000E+03   3.4510000E+03   5.2285518E-03   5.2359126E-03
   1.5461520E+03   3.4040000E+03   3.3850000E+03   5.5824611E-03   5.7782164E-03
   1.5461595E+03   3.5140000E+03   3.4910000E+03   2.6969678E-03   2.6822328E-03
   1.5461670E+03   3.3660000E+03   3.3500000E+03   4.8183038E-03   4.8413947E-03
   1.5461746E+03   3.4330000E+03   3.4220000E+03   6.0156068E-03   6.1003437E-03
   1.5461821E+03   3.3180000E+03   3.3030000E+03   1.3058992E-03   1.3118429E-03
   1.5461896E+03   3.3720000E+03   3.3590000E+03   5.1857495E-03   5.3075702E-03
   1.5461971E+03   3.4140000E+03   3.3990000E+03   8.6391471E-03   8.6772986E-03
   1.5462047E+03   3.3670000E+03   3.3520000E+03   8.1570872E-03   8.1932018E-03
   1.5462122E+03   3.3780000E+03   3.3640000E+03   7.2707373E-03   7.3010225E-03
   1.5462197E+03   3.2980000E+03   3.2810000E+03   6.2979864E-03   6.3306079E-03
   1.5462273E+03   3.2950000E+03   3.2790000E+03   4.2467886E-03   4.2287509E-03
   1.5462348E+03   3.4800000E+03   3.4610000E+03   9.0348618E-03   9.0844707E-03
   1.5462423E+03   3.2960000E+03   3.2780000E+03   9.7157104E-03   9.7690829E-03
   1.5462498E+03   3.3480000E+03   3.3290000E+03   6.7512615E-03   6.7897532E-03
   1.5462574E+03   3.3510000E+03   3.3220000E+03   7.6474071E-03   7.7141134E-03
   1.5462649E+03   3.1230000E+03   3.1050000E+03   2.8788293E-03   2.8954900E-03
   1.5462724E+03   3.3520000E+03   3.3350000E+03   3.1928030E-03   3.1438120E-03
   1.5462800E+03   3.4080000E+03   3.3910000E+03   6.4830123E-03   6.5180456E-03
   1.5462875E+03   3.3320000E+03   3.3170000E+03   2.5842439E-03   2.5957980E-03
   1.5462950E+03   3.3250000E+03   3.3020000E+03   1.3750781E-03   1.3846918E-03
   1.5463025E+03   3.1890000E+03   3.1780000E+03   7.0443283E-03   7.0687730E-03
   1.5463101E+03   3.2960000E+03   3.2720000E+03   3.3731727E-03   3.3984564E-03
   1.5463176E+03   3.2930000E+03   3.2700000E+03   5.6117605E-03   5.6512892E-03
   1.5463251E+03   3.3000000E+03   3.2750000E+03   3.1895488E-03   3.2139786E-03
   1.5463327E+03   3.1790000E+03   3.1580000E+03   7.0627175E-03   7.1096515E-03
   1.5463402E+03   3.2130000E+03   3.1860000E+03   5.2329817E-03   5.2773318E-03
   1.5463477E+03   3.2310000E+03   3.2170000E+03   3.0293651E-03   3.0425527E-03
   1.5463552E+03   3.3180000E+03   3.2910000E+03   1.5496840E-03   1.5900058E-03
   1.5463628E+03   3.2070000E+03   3.1790000E+03   7.1627500E-03   7.2257921E-03
   1.5463703E+03   3.1040000E+03   3.0800000E+03   4.1692173E-03   4.2016983E-03
   1.5463778E+03   3.2440000E+03   3.2190000E+03   1.6465292E-03   1.6592806E-03
   1.5463854E+03   3.2220000E+03   3.1960000E+03   3.2412227E-03   3.2612892E-03
   1.5463929E+03   3.2510000E+03   3.2310000E+03   7.1096656E-03   7.1537424E-03
   1.5464004E+03   3.2930000E+03   3.2750000E+03   1.5376971E-03   1.5461631E-03
   1.5464079E+03   3.1720000E+03   3.1420000E+03   3.7917817E-03   3.8279338E-03
   1.5464155E+03   3.1920000E+03   3.1710000E+03   1.8905507E-03   1.9030884E-03
   1.5464230E+03   3.2900000E+03   3.2630000E+03   3.4354467E-03   3.4638862E-03
   1.5464305E+03   3.2820000E+03   3.2560000E+03   1.8604058E-03   1.8752654E-03
   1.5464381E+03   3.1000000E+03   3.0610000E+03   2.5762367E-03   2.6073599E-03
   1.5464456E+03   3.2360000E+03   3.2100000E+03   2.5364934E-03   2.5570289E-03
   1.5464531E+03   3.1430000E+03   3.1200000E+03   7.6666065E-03   7.6861631E-03
   1.5464606E+03   3.1770000E+03   3.1470000E+03   1.6715097E-03   1.6873859E-03
   1.5464682E+03   3.1530000E+03   3.1250000E+03   2.6377781E-03   2.6613855E-03
   1.5464757E+03   3.1860000E+03   3.1670000E+03   2.3327651E-03   2.3467485E-03
   1.5464832E+03   3.1760000E+03   3.1460000E+03   7.8661408E-03   7.9411633E-03
   1.5464908E+03   3.1260000E+03   3.1020000E+03   6.2522978E-03   6.3006422E-03
   1.5464983E+03   3.0910000E+03   3.0610000E+03   1.5452477E-03   1.5605895E-03
   1.5465058E+03   3.1390000E+03   3.1080000E+03   4.7158716E-03   4.7629200E-03
   1.5465133E+03   3.1000000E+03   3.0710000E+03   1.9466781E-03   1.9651100E-03
   1.5465209E+03   3.1090000E+03   3.0850000E+03   5.6284215E-03   5.6723468E-03
   1.5465284E+03   3.1870000E+03   3.1590000E+03   5.7943093E-03   5.8457791E-03
   1.5465359E+03   3.1320000E+03   3.0980000E+03   2.5908688E-03   2.6192882E-03
   1.5465434E+03   3.1600000E+03   3.1270000E+03   2.9918492E-03   3.0234064E-03
   1.5465510E+03   3.2110000E+03   3.1740000E+03   3.8839216E-03   3.9292870E-03
   1.5465585E+03   3.1830000E+03   3.1530000E+03   6.1017085E-03   6.1597651E-03
   1.5465660E+03   3.2280000E+03   3.1930000E+03   5.8330692E-03   5.8971297E-03
   1.5465736E+03   3.0140000E+03   2.9810000E+03   2.6903779E-03   2.7201818E-03
   1.5465811E+03   3.1440000E+03   3.1210000E+03   3.3781827E-03   3.4029308E-03
   1.5465886E+03   3.0950000E+03   3.0630000E+03   4.6848882E-03   4.7338034E-03
   1.5465961E+03   3.0850000E+03   3.0550000E+03   4.4076619E-03   4.4509596E-03
   1.5466037E+03   3.1140000E+03   3.0910000E+03   7.6669021E-03   7.7239307E-03
   1.5466112E+03   3.1140000E+03   3.0750000E+03   3.4377172E-03   3.4812779E-03
   1.5466187E+03   3.1570000E+03   3.1270000E+03   2.2712892E-03   2.2930638E-03
   1.5466263E+03   3.1550000E+03   3.1240000E+03   4.4189104E-03   4.4625771E-03
   1.5466338E+03   3.2080000E+03   3.1740000E+03   4.3783904E-03   4.4251974E-03
   1.5466413E+03   3.1460000E+03   3.1240000E+03   1.8870166E-03   1.9003023E-03
   1.5466488E+03   3.1460000E+03   3.1190000E+03   2.9406110E-03   2.9661138E-03
   1.5466564E+03   3.0530000E+03   3.0200000E+03   3.0092936E-03   3.0420964E-03
   1.5466639E+03   3.0470000E+03   3.0180000E+03   4.9162398E-03   4.9635836E-03
   1.5466714E+03   3.0880000E+03   3.0540000E+03   4.7604430E-03   4.8143338E-03
   1.5466790E+03   3.0730000E+03   3.0410000E+03   2.9510656E-03   3.0581974E-03
   1.5466865E+03   3.1590000E+03   3.1320000E+03   3.0311577E-03   3.0572769E-03
   1.5466940E+03   3.1670000E+03   3.1350000E+03   4.1413537E-03   4.1835786E-03
   1.5467015E+03   3.1010000E+03   3.0740000E+03   6.8932176E-03   6.9537558E-03
   1.5467091E+03   3.1910000E+03   3.1580000E+03   2.4380708E-03   2.4635858E-03
   1.5467166E+03   3.1050000E+03   3.0710000E+03   2.5836914E-03   2.6123618E-03
   1.5467241E+03   3.0040000E+03   2.9750000E+03   1.2259800E-03   1.2379001E-03
   1.5467317E+03   3.1050000E+03   3.0730000E+03   1.6266485E-03   1.6435598E-03
   1.5467392E+03   3.2140000E+03   3.1770000E+03   9.0369734E-04   9.1421760E-04
   1.5467467E+03   3.0550000E+03   3.0260000E+03   1.3532585E-03   1.3663071E-03
   1.5467542E+03   3.1150000E+03   3.0800000E+03   6.8284258E-03   6.9061083E-03
   1.5467618E+03   3.1670000E+03   3.1220000E+03   3.7658928E-03   3.8200613E-03
   1.5467693E+03   3.1620000E+03   3.1310000E+03   2.9501503E-03   2.9793440E-03
   1.5467768E+03   3.1020000E+03   3.0740000E+03   1.2121612E-03   1.2232716E-03
   1.5467844E+03   3.0880000E+03   3.0540000E+03   7.2384605E-03   7.3190504E-03
   1.5467919E+03   3.1310000E+03   3.1030000E+03   4.7414896E-03   4.7843330E-03
   1.5467994E+03   3.1160000E+03   3.0810000E+03   2.9562868E-03   2.9898698E-03
   1.5468069E+03   3.0910000E+03   3.0660000E+03   1.1388445E-03   1.1481437E-03
   1.5468145E+03   3.0870000E+03   3.0550000E+03   4.6033729E-03   4.6515213E-03
   1.5468220E+03   3.0510000E+03   3.0140000E+03   2.6195723E-03   2.6517401E-03
   1.5468295E+03   2.9940000E+03   2.9570000E+03   2.7326300E-03   2.7667972E-03
   1.5468371E+03   3.1070000E+03   3.0700000E+03   3.2520108E-03   3.2912913E-03
   1.5468446E+03   3.0550000E+03   3.0210000E+03   3.0711564E-03   3.1266271E-03
   1.5468521E+03   3.0420000E+03   3.0020000E+03   1.2775803E-03   1.2945740E-03
   1.5468596E+03   3.0430000E+03   3.0180000E+03   3.5930440E-03   3.6227594E-03
   1.5468672E+03   3.1110000E+03   3.0690000E+03   5.8134347E-03   5.8931943E-03
   1.5468747E+03   2.9700000E+03   2.9310000E+03   3.7579881E-03   3.8104557E-03
   1.5468822E+03   3.1350000E+03   3.0990000E+03   8.1503717E-03   8.2456527E-03
   1.5468898E+03   3.1360000E+03   3.1080000E+03   4.8912036E-03   4.9352896E-03
   1.5468973E+03   3.1740000E+03   3.1370000E+03   4.8348819E-03   4.8918897E-03
   1.5469048E+03   3.1770000E+03   3.1310000E+03   3.4895801E-03   3.5408507E-03
   1.5469123E+03   3.1350000E+03   3.0970000E+03   1.9974719E-03   2.0219633E-03
   1.5469199E+03   3.0960000E+03   3.0550000E+03   4.7433068E-03   4.8091788E-03
   1.5469274E+03   3.1420000E+03   3.0960000E+03   1.9258329E-03   1.9527086E-03
   1.5469349E+03   3.0300000E+03   2.9940000E+03   5.3811307E-03   5.4457862E-03
   1.5469425E+03   3.0160000E+03   2.9860000E+03   1.4899299E-03   1.5049106E-03
   1.5469500E+03   3.0020000E+03   2.9630000E+03   3.4611159E-03   3.5066507E-03
   1.5469575E+03   3.0820000E+03   3.0400000E+03   5.4547527E-03   5.5300991E-03
   1.5469650E+03   3.1210000E+03   3.0860000E+03   1.6166278E-03   1.6348744E-03
   1.5469726E+03   3.1870000E+03   3.1580000E+03   5.3168360E-03   5.3656181E-03
   1.5469801E+03   3.0670000E+03   3.0290000E+03   3.6253297E-03   3.6707950E-03
   1.5469876E+03   3.0170000E+03   2.9770000E+03   3.9517148E-03   4.0048013E-03
   1.5469951E+03   3.0140000E+03   2.9740000E+03   3.9659895E-03   4.0188119E-03
   1.5470027E+03   3.0460000E+03   3.0150000E+03   1.9156817E-03   1.9354069E-03
   1.5470102E+03   3.0910000E+03   3.0510000E+03   7.8720309E-04   7.9751305E-04
   1.5470177E+03   3.1110000E+03   3.0720000E+03   6.3677048E-03   6.4486286E-03
   1.5470253E+03   3.0690000E+03   3.0200000E+03   2.9358941E-03   2.9834994E-03
   1.5470328E+03   3.0960000E+03   3.0560000E+03   5.4470184E-03   5.5183503E-03
   1.5470403E+03   3.0610000E+03   3.0230000E+03   5.0958540E-03   5.1598709E-03
   1.5470478E+03   3.2060000E+03   3.1670000E+03   5.3243527E-03   5.3899196E-03
   1.5470554E+03   3.1440000E+03   3.1090000E+03   1.3580467E-03   1.3733105E-03
   1.5470629E+03   3.1350000E+03   3.0940000E+03   3.8805393E-03   3.9319433E-03
   1.5470704E+03   3.1800000E+03   3.1240000E+03   6.0090511E-03   6.1167756E-03
   1.5470780E+03   3.1340000E+03   3.0910000E+03   3.2759759E-03   3.3214422E-03
   1.5470855E+03   3.0840000E+03   3.0530000E+03   2.1468496E-03   2.1686447E-03
   1.5470930E+03   3.1070000E+03   3.0640000E+03   7.6396998E-03   7.7467089E-03
   1.5471005E+03   3.0630000E+03   3.0160000E+03   4.1588398E-03   4.2236307E-03
   1.5471081E+03   3.1730000E+03   3.1410000E+03   6.2750455E-03   6.3389303E-03
   1.5471156E+03   3.0890000E+03   3.0470000E+03   7.8920963E-03   8.0009079E-03
   1.5471231E+03   3.0960000E+03   3.0440000E+03   1.4911497E-03   1.5165811E-03
   1.5471307E+03   3.1380000E+03   3.0840000E+03   4.3638472E-03   4.4403248E-03
   1.5471382E+03   3.1380000E+03   3.0910000E+03   3.3216518E-03   3.3721340E-03
   1.5471457E+03   3.0440000E+03   3.0000000E+03   5.4618890E-03   5.5419997E-03
   1.5471532E+03   3.0840000E+03   3.0460000E+03   9.9845774E-04   1.0111459E-03
   1.5471608E+03   3.0490000E+03   3.0000000E+03   7.5778403E-03   7.7023272E-03
   1.5471683E+03   3.0040000E+03   2.9540000E+03   1.5640057E-03   1.5924421E-03
   1.5471758E+03   3.1280000E+03   3.0840000E+03   2.8106290E-03   2.8504566E-03
   1.5471834E+03   3.1130000E+03   3.0700000E+03   4.9714068E-03   5.0410330E-03
   1.5471909E+03   3.1740000E+03   3.1310000E+03   2.3878693E-03   2.4222584E-03
   1.5471984E+03   3.1870000E+03   3.1360000E+03   6.7576725E-03   6.8675485E-03
   1.5472059E+03   3.1920000E+03   3.1550000E+03   3.4759570E-03   3.5167170E-03
   1.5472135E+03   3.2080000E+03   3.1730000E+03   1.7995541E-03   1.8194270E-03
   1.5472210E+03   3.1980000E+03   3.1600000E+03   2.3327848E-03   2.3607211E-03
   1.5472285E+03   3.1910000E+03   3.1420000E+03   3.5444249E-03   3.5995897E-03
   1.5472361E+03   3.3040000E+03   3.2560000E+03   1.4176803E-03   1.4386215E-03
   1.5472436E+03   3.2270000E+03   3.1680000E+03   1.5036349E-03   1.5323845E-03
   1.5472511E+03   3.1300000E+03   3.0780000E+03   2.0272920E-03   2.0615139E-03
   1.5472586E+03   3.2180000E+03   3.1740000E+03   2.8519071E-03   2.8914338E-03
   1.5472662E+03   3.1800000E+03   3.1320000E+03   3.1342615E-03   3.2017654E-03
   1.5472737E+03   3.1610000E+03   3.1160000E+03   2.7409622E-03   2.7736295E-03
   1.5472812E+03   3.2900000E+03   3.2420000E+03   3.2443312E-03   3.2921948E-03
   1.5472888E+03   3.1600000E+03   3.1100000E+03   4.5293093E-03   4.6020245E-03
   1.5472963E+03   3.0860000E+03   3.0380000E+03   1.6413109E-03   1.6672850E-03
   1.5473038E+03   3.2250000E+03   3.1810000E+03   2.9488538E-03   2.9896765E-03
   1.5473113E+03   3.0720000E+03   3.0340000E+03   2.6437944E-03   2.6765660E-03
   1.5473189E+03   3.1920000E+03   3.1530000E+03   4.3053209E-03   4.3583771E-03
   1.5473264E+03   3.1950000E+03   3.1430000E+03   6.9717633E-03   7.0776735E-03
   1.5473339E+03   3.1250000E+03   3.0810000E+03   4.6980059E-03   4.7652597E-03
   1.5473415E+03   3.0980000E+03   3.0510000E+03   2.9420080E-03   2.9870710E-03
   1.5473490E+03   3.3260000E+03   3.2750000E+03   1.8382097E-03   1.8667711E-03
   1.5473565E+03   3.2950000E+03   3.2300000E+03   4.0842674E-04   4.1666829E-04
   1.5473640E+03   3.1580000E+03   3.1190000E+03   6.4473774E-04   6.5286646E-04
   1.5473716E+03   3.2710000E+03   3.2150000E+03   1.8273751E-03   1.8587605E-03
   1.5473791E+03   3.2400000E+03   3.1910000E+03   1.5381787E-03   1.5617073E-03
   1.5473866E+03   3.3950000E+03   3.3500000E+03   2.4452821E-03   2.4784667E-03
   1.5473942E+03   3.2470000E+03   3.1830000E+03   1.6240667E-03   1.6567956E-03
   1.5474017E+03   3.3220000E+03   3.2700000E+03   2.6901436E-03   2.7315668E-03
   1.5474092E+03   3.2560000E+03   3.2090000E+03   1.6926214E-03   1.7293840E-03
   1.5474167E+03   3.3100000E+03   3.2610000E+03   3.5472955E-03   3.6006118E-03
   1.5474243E+03   3.2430000E+03   3.1910000E+03   4.0311863E-03   4.0971650E-03
   1.5474318E+03   3.2820000E+03   3.2340000E+03   1.8534541E-03   1.8810157E-03
   1.5474393E+03   3.3550000E+03   3.2960000E+03   3.6248737E-03   3.6893487E-03
   1.5474468E+03   3.3540000E+03   3.2970000E+03   1.4375021E-03   1.4623095E-03
   1.5474544E+03   3.2520000E+03   3.1920000E+03   2.7792809E-03   2.8316162E-03
   1.5474619E+03   3.3500000E+03   3.2770000E+03   3.7046095E-03   3.7871369E-03
   1.5474694E+03   3.3170000E+03   3.2640000E+03   4.5769197E-04   4.6507997E-04
   1.5474770E+03   3.4320000E+03   3.3720000E+03   3.8708911E-03   3.9393263E-03
   1.5474845E+03   3.3140000E+03   3.2670000E+03   1.1902470E-03   1.2073181E-03
   1.5474920E+03   3.3410000E+03   3.2820000E+03   5.3922686E-03   5.4894274E-03
   1.5474995E+03   3.1920000E+03   3.1290000E+03   2.2893448E-03   2.3353326E-03
   1.5475071E+03   3.3490000E+03   3.2940000E+03   2.3486005E-03   2.3879520E-03
   1.5475146E+03   3.4570000E+03   3.4100000E+03   7.8457459E-04   7.9544566E-04
   1.5475221E+03   3.3260000E+03   3.2640000E+03   1.7152820E-03   1.7482671E-03
   1.5475297E+03   3.3630000E+03   3.3160000E+03   2.5935570E-03   2.6300338E-03
   1.5475372E+03   3.3270000E+03   3.2700000E+03   2.5240929E-03   2.5686204E-03
   1.5475447E+03   3.3720000E+03   3.3220000E+03   2.4989368E-03   2.5365869E-03
   1.5475522E+03   3.3530000E+03   3.2810000E+03   1.3340059E-03   1.3634203E-03
   1.5475598E+03   3.4780000E+03   3.4140000E+03   1.4216810E-03   1.4481964E-03
   1.5475673E+03   3.2500000E+03   3.2030000E+03   2.7734721E-03   2.8141285E-03
   1.5475748E+03   3.3580000E+03   3.2910000E+03   1.7823855E-03   1.8186494E-03
   1.5475824E+03   3.3280000E+03   3.2710000E+03   2.5623893E-03   2.6070056E-03
   1.5475899E+03   3.4210000E+03   3.3690000E+03   7.4822385E-04   7.5980955E-04
   1.5475974E+03   3.3350000E+03   3.2650000E+03   3.7868806E-03   3.8679474E-03
   1.5476049E+03   3.4840000E+03   3.4330000E+03   1.6503630E-03   1.6750051E-03
   1.5476125E+03   3.3790000E+03   3.3180000E+03   3.3878319E-03   3.4498548E-03
   1.5476200E+03   3.5280000E+03   3.4760000E+03   2.3565461E-03   2.3918066E-03
   1.5476275E+03   3.4970000E+03   3.4250000E+03   3.8482600E-03   3.9293055E-03
   1.5476351E+03   3.4250000E+03   3.3620000E+03   3.0656744E-03   3.1231143E-03
   1.5476426E+03   3.4340000E+03   3.3670000E+03   2.3447653E-03   2.3914223E-03
   1.5476501E+03   3.6240000E+03   3.5680000E+03   3.4692172E-03   3.5236241E-03
   1.5476576E+03   3.3400000E+03   3.2810000E+03   1.3515304E-03   1.3755837E-03
   1.5476652E+03   3.4800000E+03   3.4380000E+03   4.2192516E-03   4.2707535E-03
   1.5476727E+03   3.4490000E+03   3.3930000E+03   4.1649199E-03   4.2335826E-03
   1.5476802E+03   3.5790000E+03   3.5290000E+03   1.4451955E-03   1.4643631E-03
   1.5476878E+03   3.4370000E+03   3.3780000E+03   7.3800283E-04   7.5092643E-04
   1.5476953E+03   3.4700000E+03   3.4040000E+03   4.0273540E-03   4.1054478E-03
   1.5477028E+03   3.5270000E+03   3.4680000E+03   3.5571191E-03   3.6175088E-03
   1.5477103E+03   3.4630000E+03   3.4000000E+03   2.4182258E-03   2.4630698E-03
   1.5477179E+03   3.4520000E+03   3.3850000E+03   6.0767125E-04   6.1965397E-04
   1.5477254E+03   3.4890000E+03   3.4330000E+03   4.9303812E-03   5.0109610E-03
   1.5477329E+03   3.4150000E+03   3.3670000E+03   1.8774280E-03   1.9042632E-03
   1.5477405E+03   3.4170000E+03   3.3530000E+03   3.8688352E-03   3.9428571E-03
   1.5477480E+03   3.5430000E+03   3.4840000E+03   3.2037048E-03   3.2579211E-03
   1.5477555E+03   3.5060000E+03   3.4330000E+03   3.6013257E-03   3.6780242E-03
   1.5477630E+03   3.5180000E+03   3.4730000E+03   9.4069131E-04   9.5288857E-04
   1.5477706E+03   3.4690000E+03   3.3930000E+03   5.0403949E-03   5.1533330E-03
   1.5477781E+03   3.5870000E+03   3.5240000E+03   4.6611597E-03   4.7445323E-03
   1.5477856E+03   3.4520000E+03   3.3900000E+03   2.2084475E-03   2.2487516E-03
   1.5477932E+03   3.5960000E+03   3.5280000E+03   2.0217344E-03   2.0611642E-03
   1.5478007E+03   3.5960000E+03   3.5330000E+03   1.4340649E-03   1.4596972E-03
   1.5478082E+03   3.5480000E+03   3.4800000E+03   5.6680878E-03   5.7789086E-03
   1.5478157E+03   3.5810000E+03   3.4960000E+03   4.7103388E-03   4.8262116E-03
   1.5478233E+03   3.5140000E+03   3.4460000E+03   2.8241975E-03   2.8803269E-03
   1.5478308E+03   3.5540000E+03   3.5090000E+03   2.7865873E-03   2.8223210E-03
   1.5478383E+03   3.6460000E+03   3.5880000E+03   3.3194472E-03   3.3733403E-03
   1.5478459E+03   3.6100000E+03   3.5370000E+03   4.9303977E-03   5.0321530E-03
   1.5478534E+03   3.5710000E+03   3.5080000E+03   8.5496783E-04   8.7029011E-04
   1.5478609E+03   3.7270000E+03   3.6480000E+03   2.4109184E-03   2.4631029E-03
   1.5478684E+03   3.4640000E+03   3.4080000E+03   3.1579912E-03   3.2098237E-03
   1.5478760E+03   3.6350000E+03   3.5610000E+03   1.3163395E-03   1.3437796E-03
   1.5478835E+03   3.6670000E+03   3.6000000E+03   2.3953889E-03   2.4385715E-03
   1.5478910E+03   3.7020000E+03   3.6440000E+03   2.3727015E-03   2.4105148E-03
   1.5478985E+03   3.7110000E+03   3.6230000E+03   1.9361199E-03   1.9830330E-03
   1.5479061E+03   3.6690000E+03   3.5940000E+03   2.5248417E-03   2.5775234E-03
   1.5479136E+03   3.7340000E+03   3.6750000E+03   4.2770868E-03   4.3458480E-03
   1.5479211E+03   3.7850000E+03   3.7250000E+03   2.8218295E-03   2.8672369E-03
   1.5479287E+03   3.6310000E+03   3.5690000E+03   3.2641520E-03   3.3209649E-03
   1.5479362E+03   3.6070000E+03   3.5420000E+03   1.5425248E-03   1.5707952E-03
   1.5479437E+03   3.7770000E+03   3.7020000E+03   1.5218507E-03   1.5528442E-03
   1.5479512E+03   3.6570000E+03   3.5840000E+03   1.5719888E-03   1.6040353E-03
   1.5479588E+03   3.7950000E+03   3.7370000E+03   1.3958459E-03   1.4174899E-03
   1.5479663E+03   3.6540000E+03   3.5790000E+03   1.2823214E-03   1.3094122E-03
   1.5479738E+03   3.8740000E+03   3.7810000E+03   1.7647949E-03   1.8077408E-03
   1.5479814E+03   3.7730000E+03   3.7020000E+03   3.4624268E-04   3.5283551E-04
   1.5479889E+03   3.9130000E+03   3.8450000E+03   1.3671316E-03   1.3913234E-03
   1.5479964E+03   3.7560000E+03   3.6950000E+03   2.0258442E-03   2.0592463E-03
   1.5480039E+03   3.8200000E+03   3.7520000E+03   2.7356313E-03   2.7851471E-03
   1.5480115E+03   3.8670000E+03   3.7850000E+03   1.3619051E-03   1.3915326E-03
   1.5480190E+03   3.8200000E+03   3.7420000E+03   2.3623526E-03   2.4117221E-03
   1.5480265E+03   3.8830000E+03   3.7970000E+03   1.4479880E-03   1.4807175E-03
   1.5480341E+03   3.8900000E+03   3.8030000E+03   2.6484473E-03   2.7091504E-03
   1.5480416E+03   3.8930000E+03   3.8270000E+03   7.1748457E-04   7.2989545E-04
   1.5480491E+03   3.7840000E+03   3.7060000E+03   1.4884465E-03   1.5197394E-03
   1.5480566E+03   3.8890000E+03   3.8260000E+03   2.6615522E-03   2.7054714E-03
   1.5480642E+03   3.8730000E+03   3.7980000E+03   1.8805512E-03   1.9176189E-03
   1.5480717E+03   3.8140000E+03   3.7400000E+03   7.8509349E-04   8.0068963E-04
   1.5480792E+03   3.8230000E+03   3.7460000E+03   2.2152643E-03   2.2612958E-03
   1.5480868E+03   3.9100000E+03   3.8310000E+03   2.9908533E-03   3.0527160E-03
   1.5480943E+03   3.7540000E+03   3.6780000E+03   1.9797643E-03   2.0204651E-03
   1.5481018E+03   3.8590000E+03   3.8070000E+03   9.0244538E-04   9.1463765E-04
   1.5481093E+03   3.8810000E+03   3.7890000E+03   1.7602793E-03   1.8030698E-03
   1.5481169E+03   4.0250000E+03   3.9440000E+03   2.3259348E-03   2.3737383E-03
   1.5481244E+03   3.9580000E+03   3.8750000E+03   1.1046262E-03   1.1282670E-03
   1.5481319E+03   3.9250000E+03   3.8450000E+03   1.4785831E-03   1.5093472E-03
   1.5481395E+03   3.9140000E+03   3.8390000E+03   1.3698610E-03   1.3967349E-03
   1.5481470E+03   4.0470000E+03   3.9590000E+03   1.9817386E-03   2.0257826E-03
   1.5481545E+03   4.0090000E+03   3.9420000E+03   1.3990510E-03   1.4228513E-03
   1.5481620E+03   3.9400000E+03   3.8710000E+03   2.1828824E-03   2.2217678E-03
   1.5481696E+03   3.9490000E+03   3.8710000E+03   2.9071032E-03   2.9657521E-03
   1.5481771E+03   4.0810000E+03   4.0000000E+03   3.4934238E-03   3.5641347E-03
   1.5481846E+03   4.0070000E+03   3.9220000E+03   2.0693687E-03   2.1139771E-03
   1.5481922E+03   4.0510000E+03   3.9710000E+03   2.5408047E-03   2.5922352E-03
   1.5481997E+03   3.9990000E+03   3.9170000E+03   1.7283667E-03   1.7645605E-03
   1.5482072E+03   4.0130000E+03   3.9490000E+03   1.5741424E-03   1.5993312E-03
   1.5482147E+03   3.9880000E+03   3.9130000E+03   2.3150021E-03   2.3597643E-03
   1.5482223E+03   4.0810000E+03   4.0100000E+03   2.4558479E-03   2.4993387E-03
   1.5482298E+03   4.1220000E+03   4.0400000E+03   1.8784742E-03   1.9166613E-03
   1.5482373E+03   3.9650000E+03   3.8780000E+03   7.0886982E-04   7.2481000E-04
   1.5482449E+03   4.0450000E+03   3.9730000E+03   2.3555199E-03   2.3981873E-03
   1.5482524E+03   4.0930000E+03   4.0210000E+03   1.7651191E-03   1.7966478E-03
   1.5482599E+03   4.1140000E+03   4.0230000E+03   2.6043059E-03   2.6634012E-03
   1.5482674E+03   4.1350000E+03   4.0560000E+03   7.8299129E-04   7.9852815E-04
   1.5482750E+03   4.0640000E+03   3.9830000E+03   9.6021612E-04   9.7974790E-04
   1.5482825E+03   4.1690000E+03   4.0970000E+03   1.4439374E-03   1.4674995E-03
   1.5482900E+03   4.1840000E+03   4.0960000E+03   1.8199380E-03   1.8589869E-03
   1.5482976E+03   3.9380000E+03   3.8620000E+03   1.0425601E-03   1.0631426E-03
   1.5483051E+03   4.2270000E+03   4.1410000E+03   8.6445203E-04   8.8213053E-04
   1.5483126E+03   4.1900000E+03   4.1120000E+03   5.4114486E-04   5.4630032E-04
   1.5483201E+03   4.1900000E+03   4.1090000E+03   1.8821513E-03   1.9192334E-03
   1.5483277E+03   4.1030000E+03   4.0230000E+03   1.7259333E-03   1.7601770E-03
   1.5483352E+03   4.1390000E+03   4.0580000E+03   6.5465299E-04   6.6747450E-04
   1.5483427E+03   4.2140000E+03   4.1330000E+03   2.2583737E-03   2.3026665E-03
   1.5483502E+03   4.1880000E+03   4.1080000E+03   1.8333586E-03   1.8690543E-03
   1.5483578E+03   4.2370000E+03   4.1740000E+03   8.5894004E-04   8.7187150E-04
   1.5483653E+03   4.2430000E+03   4.1670000E+03   7.9333051E-04   8.0777453E-04
   1.5483728E+03   4.2690000E+03   4.1720000E+03   1.4195242E-03   1.4524451E-03
   1.5483804E+03   4.2230000E+03   4.1590000E+03   1.3605552E-03   1.3818409E-03
   1.5483879E+03   4.2960000E+03   4.2050000E+03   8.4168173E-04   8.5982462E-04
   1.5483954E+03   4.3690000E+03   4.2820000E+03   1.1960105E-03   1.2202183E-03
   1.5484029E+03   4.2740000E+03   4.2020000E+03   1.2845814E-03   1.3064870E-03
   1.5484105E+03   4.2530000E+03   4.1630000E+03   2.0557179E-03   2.1002041E-03
   1.5484180E+03   4.2660000E+03   4.1970000E+03   2.3912982E-03   2.4307568E-03
   1.5484255E+03   4.2940000E+03   4.1940000E+03   5.6645197E-04   5.7992011E-04
   1.5484331E+03   4.2780000E+03   4.1750000E+03   5.8037630E-04   5.9452161E-04
   1.5484406E+03   4.2480000E+03   4.1820000E+03   3.3025333E-03   3.3546286E-03
   1.5484481E+03   4.3760000E+03   4.2870000E+03   1.5652152E-03   1.5977344E-03
   1.5484556E+03   4.3050000E+03   4.2220000E+03   1.3721576E-03   1.3991575E-03
   1.5484632E+03   4.1630000E+03   4.0750000E+03   1.3792720E-03   1.4091788E-03
   1.5484707E+03   4.3190000E+03   4.2160000E+03   1.4222930E-03   1.4570442E-03
   1.5484782E+03   4.3960000E+03   4.3100000E+03   1.1039240E-03   1.1259866E-03
   1.5484858E+03   4.3130000E+03   4.2280000E+03   1.4828941E-03   1.5127505E-03
   1.5484933E+03   4.5120000E+03   4.4400000E+03   1.3238727E-03   1.3452831E-03
   1.5485008E+03   4.4050000E+03   4.3250000E+03   1.0227355E-03   1.0418702E-03
   1.5485083E+03   4.3280000E+03   4.2370000E+03   2.2940445E-03   2.3435046E-03
   1.5485159E+03   4.3740000E+03   4.2920000E+03   4.4056596E-04   4.4900335E-04
   1.5485234E+03   4.4380000E+03   4.3510000E+03   5.2234841E-04   5.3279302E-04
   1.5485309E+03   4.3790000E+03   4.2970000E+03   4.5252528E-04   4.6120884E-04
   1.5485385E+03   4.5520000E+03   4.4660000E+03   1.3280527E-03   1.3537876E-03
   1.5485460E+03   4.4840000E+03   4.4070000E+03   2.9702145E-04   3.0220663E-04
   1.5485535E+03   4.4650000E+03   4.3830000E+03   8.6335072E-04   8.7974849E-04
   1.5485610E+03   4.3350000E+03   4.2340000E+03   1.6939755E-03   1.7343881E-03
   1.5485686E+03   4.4630000E+03   4.3730000E+03   1.1103782E-03   1.1330565E-03
   1.5485761E+03   4.5370000E+03   4.4470000E+03   1.6094039E-03   1.6405838E-03
   1.5485836E+03   4.4440000E+03   4.3560000E+03   1.2673534E-04   1.2921176E-04
   1.5485912E+03   4.6180000E+03   4.5140000E+03   2.6707755E-03   2.7323345E-03
   1.5485987E+03   4.4980000E+03   4.4000000E+03   1.3476923E-03   1.3775687E-03
   1.5486062E+03   4.6270000E+03   4.5380000E+03   4.6365523E-04   4.7276466E-04
   1.5486137E+03   4.5370000E+03   4.4510000E+03   1.1634756E-03   1.1862061E-03
   1.5486213E+03   4.5640000E+03   4.4620000E+03   1.3328129E-03   1.3632798E-03
   1.5486288E+03   4.5310000E+03   4.4390000E+03   1.0563149E-03   1.0803784E-03
   1.5486363E+03   4.5150000E+03   4.4420000E+03   3.0055012E-03   3.0549153E-03
   1.5486439E+03   4.5990000E+03   4.5180000E+03   2.3809675E-03   2.4237300E-03
   1.5486514E+03   4.5710000E+03   4.4960000E+03   2.0899354E-03   2.1248254E-03
   1.5486589E+03   4.6160000E+03   4.5400000E+03   1.0155119E-03   1.0321045E-03
   1.5486664E+03   4.5470000E+03   4.4560000E+03   1.7568843E-03   1.7927712E-03
   1.5486740E+03   4.4170000E+03   4.3390000E+03   1.0747505E-03   1.0940571E-03
   1.5486815E+03   4.5640000E+03   4.4850000E+03   5.7500853E-04   5.8525758E-04
   1.5486890E+03   4.6080000E+03   4.5050000E+03   1.1649806E-03   1.1916626E-03
   1.5486966E+03   4.6180000E+03   4.5130000E+03   3.1946781E-04   3.2757506E-04
   1.5487041E+03   4.6480000E+03   4.5610000E+03   1.0783305E-03   1.0989135E-03
   1.5487116E+03   4.6730000E+03   4.5840000E+03   6.6586163E-04   6.7762301E-04
   1.5487191E+03   4.6210000E+03   4.5270000E+03   1.6862028E-03   1.7211793E-03
   1.5487267E+03   4.7120000E+03   4.6140000E+03   6.8792519E-04   7.0230913E-04
   1.5487342E+03   4.8180000E+03   4.7270000E+03   1.1719749E-03   1.1944756E-03
   1.5487417E+03   4.6890000E+03   4.5850000E+03   8.3732525E-04   9.1031934E-04
   1.5487493E+03   4.7500000E+03   4.6440000E+03   2.1452303E-03   2.1941468E-03
   1.5487568E+03   4.7860000E+03   4.6820000E+03   8.1922885E-04   8.3694640E-04
   1.5487643E+03   4.7610000E+03   4.6730000E+03   4.8610498E-04   4.9535497E-04
   1.5487718E+03   4.8090000E+03   4.7230000E+03   1.0409604E-03   1.0598791E-03
   1.5487794E+03   4.7370000E+03   4.6440000E+03   9.8802733E-04   1.0078886E-03
   1.5487869E+03   4.8240000E+03   4.7450000E+03   1.8282746E-03   1.8587459E-03
   1.5487944E+03   4.7020000E+03   4.6080000E+03   5.0559835E-04   5.1584396E-04
   1.5488019E+03   4.7320000E+03   4.6390000E+03   8.4125057E-04   8.5812043E-04
   1.5488095E+03   4.7560000E+03   4.6760000E+03   1.3738960E-03   1.3975232E-03
   1.5488170E+03   4.8160000E+03   4.7190000E+03   5.7512400E-04   5.8696912E-04
   1.5488245E+03   4.7630000E+03   4.6700000E+03   4.4603172E-04   4.5512807E-04
   1.5488321E+03   4.7260000E+03   4.6410000E+03   8.4994959E-04   8.6558378E-04
   1.5488396E+03   4.8540000E+03   4.7540000E+03   1.4468778E-04   1.4775015E-04
   1.5488471E+03   4.8650000E+03   4.7660000E+03   1.1220159E-03   1.1451456E-03
   1.5488546E+03   4.7990000E+03   4.7070000E+03   3.4257099E-04   3.4915935E-04
   1.5488622E+03   4.8430000E+03   4.7540000E+03   8.7366522E-04   9.1141988E-04
   1.5488697E+03   4.8860000E+03   4.7800000E+03   7.6953544E-04   7.8664599E-04
   1.5488772E+03   5.0270000E+03   4.9210000E+03   7.4467082E-04   7.6068419E-04
   1.5488848E+03   4.8750000E+03   4.7820000E+03   1.0508993E-03   1.0771823E-03
   1.5488923E+03   4.9950000E+03   4.8910000E+03   8.6632842E-04   8.8479100E-04
   1.5488998E+03   5.0480000E+03   4.9450000E+03   5.7519108E-04   5.8709102E-04
   1.5489073E+03   4.9530000E+03   4.8410000E+03   5.3262764E-04   5.4496415E-04
   1.5489149E+03   4.9870000E+03   4.8990000E+03   9.6708363E-04   9.8446152E-04
   1.5489224E+03   5.1050000E+03   5.0080000E+03   1.6632805E-04   1.6947767E-04
   1.5489299E+03   4.9540000E+03   4.8810000E+03   7.2428091E-04   7.3505385E-04
   1.5489375E+03   4.9300000E+03   4.8380000E+03   9.1493547E-04   9.3215449E-04
   1.5489450E+03   5.0820000E+03   4.9850000E+03   1.4235864E-04   1.3330679E-04
   1.5489525E+03   4.9420000E+03   4.8510000E+03   9.7742130E-04   9.9578082E-04
   1.5489600E+03   5.0340000E+03   4.9510000E+03   1.0856425E-03   1.1038349E-03
   1.5489676E+03   5.0400000E+03   4.9630000E+03   8.0042759E-04   7.2730545E-04
   1.5489751E+03   5.0100000E+03   4.9220000E+03   6.1064284E-04   6.2160483E-04
   1.5489826E+03   4.9200000E+03   4.8280000E+03   1.2645615E-03   1.2887311E-03
   1.5489902E+03   5.0320000E+03   4.9300000E+03   1.6052636E-03   1.6382990E-03
   1.5489977E+03   5.1050000E+03   5.0040000E+03   2.5765213E-04   2.6288058E-04
   1.5490052E+03   5.0330000E+03   4.9520000E+03   6.9931449E-04   6.9903905E-04
   1.5490127E+03   5.0790000E+03   4.9910000E+03   8.5897736E-04   8.7413311E-04
   1.5490203E+03   5.0650000E+03   4.9740000E+03   9.9974193E-04   1.0180947E-03
   1.5490278E+03   5.1190000E+03   5.0310000E+03   7.1439680E-04   7.2688575E-04
   1.5490353E+03   5.2070000E+03   5.1010000E+03   6.8049220E-04   6.9465631E-04
   1.5490429E+03   5.1410000E+03   5.0460000E+03   5.4992825E-04   6.5016521E-04
   1.5490504E+03   5.1180000E+03   5.0310000E+03   8.0990059E-04   8.2394731E-04
   1.5490579E+03   5.2580000E+03   5.1590000E+03   1.0105706E-03   1.0305031E-03
   1.5490654E+03   5.0880000E+03   5.0000000E+03   6.7252313E-04   6.8453155E-04
   1.5490730E+03   5.2860000E+03   5.1800000E+03   2.3224653E-04   2.0408323E-04
   1.5490805E+03   5.2920000E+03   5.1670000E+03   6.9157578E-04   6.8074157E-04
   1.5490880E+03   5.1220000E+03   5.0220000E+03   1.0617615E-03   1.1404872E-03
   1.5490956E+03   5.2060000E+03   5.1040000E+03   8.0872785E-04   8.1783086E-04
   1.5491031E+03   5.1560000E+03   5.0610000E+03   1.3966235E-03   1.3151244E-03
   1.5491106E+03   5.3070000E+03   5.2070000E+03   4.5723294E-04   4.6624275E-04
   1.5491181E+03   5.2390000E+03   5.1270000E+03   9.0766050E-04   9.2750900E-04
   1.5491257E+03   5.2180000E+03   5.1110000E+03   4.4205294E-04   5.1650252E-04
   1.5491332E+03   5.2520000E+03   5.1630000E+03   3.1726470E-04   3.3113185E-04
   1.5491407E+03   5.2410000E+03   5.1390000E+03   3.1610138E-04   3.2265568E-04
   1.5491483E+03   5.2410000E+03   5.1440000E+03   3.1973958E-04   3.6835980E-04
   1.5491558E+03   5.2620000E+03   5.1630000E+03   4.5062708E-04   5.0388749E-04
   1.5491633E+03   5.3000000E+03   5.2100000E+03   3.5211732E-04   4.2719190E-04
   1.5491708E+03   5.3190000E+03   5.2250000E+03   1.2505449E-04   1.2728464E-04
   1.5491784E+03   5.2880000E+03   5.1930000E+03   5.2613704E-04   5.2143607E-04
   1.5491859E+03   5.2680000E+03   5.1650000E+03   1.2286798E-03   1.2433581E-03
   1.5491934E+03   5.2050000E+03   5.1130000E+03   3.7777428E-04   3.9096526E-04
   1.5492010E+03   5.2820000E+03   5.1780000E+03   2.7904876E-04   2.8485922E-04
   1.5492085E+03   5.1930000E+03   5.0920000E+03   9.4929354E-04   8.9273463E-04
   1.5492160E+03   5.4100000E+03   5.2990000E+03   2.7435024E-04   5.3839054E-04
   1.5492235E+03   5.3590000E+03   5.2490000E+03   7.8612434E-04   7.8224876E-04
   1.5492311E+03   5.3220000E+03   5.2130000E+03   7.6709174E-04   7.0960219E-04
   1.5492386E+03   5.4490000E+03   5.3540000E+03   6.7623448E-04   6.1040708E-04
   1.5492461E+03   5.4030000E+03   5.3020000E+03   2.4024750E-04   2.4394707E-04
   1.5492536E+03   5.2650000E+03   5.1600000E+03   8.0331665E-04   8.1969192E-04
   1.5492612E+03   5.3840000E+03   5.2850000E+03   1.3955243E-04   1.2482934E-04
   1.5492687E+03   5.4670000E+03   5.3570000E+03   2.8858632E-04   2.9289373E-04
   1.5492762E+03   5.4010000E+03   5.3090000E+03   4.3211518E-04   4.3961748E-04
   1.5492838E+03   5.3850000E+03   5.2820000E+03   4.0206723E-04   4.0664436E-04
   1.5492913E+03   5.4170000E+03   5.3000000E+03   1.0098417E-03   1.0515830E-03
   1.5492988E+03   5.3120000E+03   5.2030000E+03   1.1032312E-04   1.4348032E-04
   1.5493063E+03   5.5120000E+03   5.4020000E+03   3.6773701E-04   4.0954439E-04
   1.5493139E+03   5.4880000E+03   5.3900000E+03   2.8275904E-04   2.4020357E-04
   1.5493214E+03   5.4700000E+03   5.3610000E+03   1.5575715E-04   1.4933404E-04
   1.5493289E+03   5.5210000E+03   5.4100000E+03   1.7963859E-04   1.6154516E-04
   1.5493365E+03   5.3820000E+03   5.2880000E+03   3.0481235E-04   3.1030512E-04
   1.5493440E+03   5.3970000E+03   5.3060000E+03   3.4028000E-04   2.5337739E-04
   1.5493515E+03   5.3870000E+03   5.2950000E+03   2.0552647E-04   1.6789190E-04
   1.5493590E+03   5.4990000E+03   5.4050000E+03   5.7970063E-05   1.6519259E-04
   1.5493666E+03   5.4400000E+03   5.3440000E+03   2.5669550E-04   2.2446818E-04
   1.5493741E+03   5.6670000E+03   5.5510000E+03   4.1490423E-04   3.4307733E-04
   1.5493816E+03   5.5730000E+03   5.4810000E+03   2.9286431E-04   2.1009868E-04
   1.5493892E+03   5.6130000E+03   5.5030000E+03   1.1784351E-04   1.7791637E-04
   1.5493967E+03   5.6640000E+03   5.5780000E+03   1.7759572E-04   2.5002596E-04
   1.5494042E+03   5.5490000E+03   5.4440000E+03   1.9711025E-04   2.3425290E-04
   1.5494117E+03   5.4860000E+03   5.3920000E+03   2.3635822E-04   1.3529401E-04
   1.5494193E+03   5.6850000E+03   5.5820000E+03   5.4814848E-05   5.6214714E-05
   1.5494268E+03   5.5610000E+03   5.4750000E+03   1.5049626E-04   1.5736211E-04
   1.5494343E+03   5.6560000E+03   5.5580000E+03   2.8993037E-04   2.2239167E-04
   1.5494419E+03   5.5160000E+03   5.4160000E+03   2.7661661E-04   2.1441258E-04
   1.5494494E+03   5.6370000E+03   5.5390000E+03   2.7275546E-04   2.5808548E-04
   1.5494569E+03   5.6440000E+03   5.5360000E+03   2.6321818E-04   1.9449716E-04
   1.5494644E+03   5.6710000E+03   5.5740000E+03   1.7439772E-04   3.5539115E-05
   1.5494720E+03   5.6790000E+03   5.5580000E+03   1.9455435E-04   1.8569454E-04
   1.5494795E+03   5.6170000E+03   5.5060000E+03   1.6502192E-04   2.2036635E-04
   1.5494870E+03   5.7210000E+03   5.6150000E+03   4.4480130E-04   3.9845399E-04
   1.5494946E+03   5.8240000E+03   5.7310000E+03   2.7363258E-04   1.2508960E-04
   1.5495021E+03   5.5150000E+03   5.4230000E+03   1.7801208E-04   1.1118481E-04
   1.5495096E+03   5.5820000E+03   5.4730000E+03   3.4631686E-04   4.9258691E-04
   1.5495171E+03   5.7050000E+03   5.6100000E+03   2.8505712E-04   1.5599993E-04
   1.5495247E+03   5.6120000E+03   5.5220000E+03   2.6018732E-04   3.4465661E-04
   1.5495322E+03   5.7390000E+03   5.6180000E+03   4.8258347E-04   4.4578612E-04
   1.5495397E+03   5.8380000E+03   5.7250000E+03   8.6727218E-05   1.3257212E-04
   1.5495473E+03   5.8050000E+03   5.7120000E+03   1.4935722E-04   1.2792687E-04
   1.5495548E+03   5.7920000E+03   5.6790000E+03   2.1629859E-04   2.1085243E-04
   1.5495623E+03   5.8370000E+03   5.7250000E+03   5.2505141E-05   2.0751205E-04
   1.5495698E+03   5.8190000E+03   5.7120000E+03   3.9784959E-04   3.4899235E-04
   1.5495774E+03   5.9220000E+03   5.8090000E+03   5.7259308E-04   4.3473983E-04
   1.5495849E+03   5.7700000E+03   5.6790000E+03   2.0227590E-04   1.8251638E-04
   1.5495924E+03   5.9850000E+03   5.8690000E+03   1.4319125E-04   5.8386828E-05
   1.5496000E+03   5.9100000E+03   5.8140000E+03   2.1580027E-04   2.4790344E-04
   1.5496075E+03   5.8150000E+03   5.7170000E+03   1.3213317E-04   9.6767831E-05
   1.5496150E+03   5.9510000E+03   5.8520000E+03   3.3306427E-04   3.2301348E-04
   1.5496225E+03   5.9190000E+03   5.8220000E+03   3.6428229E-04   1.7885716E-04
   1.5496301E+03   5.8650000E+03   5.7600000E+03   1.3792517E-04   1.4028764E-04
   1.5496376E+03   5.9460000E+03   5.8340000E+03   1.7167980E-04   2.3696312E-04
   1.5496451E+03   5.8920000E+03   5.8150000E+03   2.4418576E-04   1.6805328E-04
   1.5496527E+03   5.9740000E+03   5.8680000E+03   7.7025407E-04   4.3170325E-04
   1.5496602E+03   5.9160000E+03   5.8190000E+03   1.6709305E-04   1.1743797E-04
   1.5496677E+03   6.0270000E+03   5.9280000E+03   1.6850977E-04   1.2933117E-04
   1.5496752E+03   6.0480000E+03   5.9620000E+03   3.8094988E-05   2.1535661E-04
   1.5496828E+03   5.8850000E+03   5.7820000E+03   2.2884243E-04   1.9175171E-04
   1.5496903E+03   5.8730000E+03   5.7770000E+03   2.8929416E-04   1.1874749E-04
   1.5496978E+03   5.9730000E+03   5.8700000E+03   1.9839444E-04   1.6058791E-04
   1.5497053E+03   5.9550000E+03   5.8390000E+03   2.6153337E-04   3.3303385E-06
   1.5497129E+03   6.0630000E+03   5.9640000E+03   3.8929120E-04   2.8931024E-04
   1.5497204E+03   5.9500000E+03   5.8530000E+03   1.4113706E-04   1.7244929E-04
   1.5497279E+03   5.9090000E+03   5.8050000E+03   9.4430992E-05   2.3351492E-04
   1.5497355E+03   6.0860000E+03   5.9940000E+03   1.9314874E-04   1.2286115E-04
   1.5497430E+03   6.1480000E+03   6.0360000E+03   4.3023208E-04   1.6464675E-04
   1.5497505E+03   6.0340000E+03   5.9240000E+03   4.6992203E-04   5.2921449E-04
   1.5497580E+03   6.1150000E+03   6.0180000E+03   1.0744376E-04   1.1962523E-04
   1.5497656E+03   5.9860000E+03   5.8910000E+03   3.1609862E-04   3.6386844E-04
   1.5497731E+03   6.0530000E+03   5.9370000E+03   1.6401366E-04   2.1158849E-04
   1.5497806E+03   6.1400000E+03   6.0460000E+03   1.5738453E-04   4.6091219E-05
   1.5497882E+03   6.1260000E+03   6.0290000E+03   5.8633285E-04   6.5741209E-04
   1.5497957E+03   6.1720000E+03   6.0770000E+03   3.4420909E-04   3.5716473E-04
   1.5498032E+03   6.0920000E+03   5.9860000E+03   3.5835228E-04   1.1649064E-04
   1.5498107E+03   6.1620000E+03   6.0540000E+03   4.9890366E-04   4.1163630E-04
   1.5498183E+03   6.1520000E+03   6.0620000E+03   1.3710770E-04   2.0969303E-04
   1.5498258E+03   6.1510000E+03   6.0510000E+03   5.6449850E-04   4.5826842E-04
   1.5498333E+03   6.0140000E+03   5.9140000E+03   6.5695301E-04   5.9539521E-04
   1.5498409E+03   6.2070000E+03   6.1240000E+03   1.7504575E-04   2.8017730E-04
   1.5498484E+03   6.2420000E+03   6.1300000E+03   3.7549886E-04   2.6599832E-04
   1.5498559E+03   6.1070000E+03   6.0020000E+03   6.3521354E-04   4.1059857E-04
   1.5498634E+03   6.0570000E+03   5.9580000E+03   1.9899048E-04   2.0794979E-04
   1.5498710E+03   6.1930000E+03   6.0820000E+03   2.0756042E-04   1.1017066E-04
   1.5498785E+03   6.2180000E+03   6.1300000E+03   4.9831386E-04   5.1349712E-04
   1.5498860E+03   6.1750000E+03   6.0700000E+03   7.0168211E-05   3.9331460E-04
   1.5498936E+03   6.2060000E+03   6.1100000E+03   1.3262649E-04   2.0670797E-04
   1.5499011E+03   6.2320000E+03   6.1290000E+03   4.9449320E-05   1.1142172E-04
   1.5499086E+03   6.2660000E+03   6.1720000E+03   3.0506470E-04   1.8588731E-04
   1.5499161E+03   6.3550000E+03   6.2520000E+03   1.8987861E-04   1.9367899E-04
   1.5499237E+03   6.3160000E+03   6.2410000E+03   2.8055294E-04   2.7897646E-04
   1.5499312E+03   6.3130000E+03   6.2120000E+03   1.5437311E-04   1.5481411E-04
   1.5499387E+03   6.3330000E+03   6.2550000E+03   4.8399440E-04   4.7334945E-04
   1.5499463E+03   6.2740000E+03   6.1880000E+03   3.0662564E-04   1.5432180E-04
   1.5499538E+03   6.3960000E+03   6.3080000E+03   3.5557101E-04   2.8784025E-04
   1.5499613E+03   6.3070000E+03   6.1900000E+03   6.0522936E-04   4.2699096E-04
   1.5499688E+03   6.2570000E+03   6.1710000E+03   4.3575154E-04   3.3590163E-04
   1.5499764E+03   6.3560000E+03   6.2530000E+03   1.3525782E-03   8.6893912E-04
   1.5499839E+03   6.4230000E+03   6.3310000E+03   3.6610466E-04   2.3082591E-04
   1.5499914E+03   6.3770000E+03   6.2890000E+03   3.9789032E-04   4.4040512E-04
   1.5499990E+03   6.4230000E+03   6.3160000E+03   3.1560110E-04   2.4317947E-04
   1.5500065E+03   6.3360000E+03   6.2470000E+03   6.2583060E-05   3.2681169E-04
   1.5500140E+03   6.3780000E+03   6.2760000E+03   4.6026137E-04   8.7657424E-04
   1.5500215E+03   6.3510000E+03   6.2790000E+03   1.8013690E-04   3.5533136E-05
   1.5500291E+03   6.2930000E+03   6.2040000E+03   7.4018259E-04   7.0373752E-04
   1.5500366E+03   6.4210000E+03   6.3310000E+03   6.0821271E-04   4.7763716E-04
   1.5500441E+03   6.4690000E+03   6.3850000E+03   2.6474593E-04   3.1606317E-04
   1.5500517E+03   6.3850000E+03   6.2840000E+03   5.4577222E-04   5.4326848E-04
   1.5500592E+03   6.4480000E+03   6.3500000E+03   2.5471636E-04   3.7925972E-04
   1.5500667E+03   6.4150000E+03   6.3400000E+03   1.6852720E-04   1.0437693E-04
   1.5500742E+03   6.4250000E+03   6.3290000E+03   4.4592040E-04   4.1072117E-04
   1.5500818E+03   6.4630000E+03   6.3790000E+03   1.1843584E-04   3.0410324E-05
   1.5500893E+03   6.4790000E+03   6.3720000E+03   8.8310803E-04   7.5432638E-04
   1.5500968E+03   6.5300000E+03   6.4430000E+03   5.1686749E-04   4.1405699E-04
   1.5501044E+03   6.5310000E+03   6.4410000E+03   4.7615328E-04   3.6504070E-04
   1.5501119E+03   6.5720000E+03   6.4830000E+03   1.0869298E-04   2.4524298E-04
   1.5501194E+03   6.4820000E+03   6.3760000E+03   6.7980450E-04   4.4645340E-05
   1.5501269E+03   6.5780000E+03   6.4870000E+03   4.5083887E-04   2.9372503E-04
   1.5501345E+03   6.5780000E+03   6.4900000E+03   2.6326801E-04   2.5231307E-04
   1.5501420E+03   6.5570000E+03   6.4480000E+03   9.0440822E-04   6.4141357E-04
   1.5501495E+03   6.4780000E+03   6.3790000E+03   1.6532373E-04   9.9575720E-05
   1.5501571E+03   6.5140000E+03   6.4190000E+03   3.2029671E-04   2.8959930E-04
   1.5501646E+03   6.3890000E+03   6.2950000E+03   6.2425104E-04   5.5512903E-04
   1.5501721E+03   6.4790000E+03   6.3830000E+03   4.4779428E-04   2.0235451E-04
   1.5501796E+03   6.5940000E+03   6.5050000E+03   9.2889881E-04   8.1230702E-04
   1.5501872E+03   6.6470000E+03   6.5440000E+03   7.1264051E-04   6.9223405E-04
   1.5501947E+03   6.6320000E+03   6.5190000E+03   4.9877718E-04   3.5192828E-04
   1.5502022E+03   6.4970000E+03   6.4170000E+03   8.1356086E-04   5.8526329E-04
   1.5502097E+03   6.5520000E+03   6.4520000E+03   1.1291415E-03   6.5388233E-04
   1.5502173E+03   6.5870000E+03   6.4950000E+03   6.0954879E-04   3.1524064E-04
   1.5502248E+03   6.5810000E+03   6.4940000E+03   7.3989316E-04   8.4344217E-04
   1.5502323E+03   6.6600000E+03   6.5510000E+03   2.7876682E-04   2.5398473E-04
   1.5502399E+03   6.7700000E+03   6.6680000E+03   2.6844182E-04   2.2005310E-04
   1.5502474E+03   6.6480000E+03   6.5640000E+03   1.3142439E-04   5.1441472E-04
   1.5502549E+03   6.6860000E+03   6.5960000E+03   2.3410235E-04   3.3287763E-04
   1.5502624E+03   6.6420000E+03   6.5470000E+03   6.2622474E-04   4.5860475E-04
   1.5502700E+03   6.5630000E+03   6.4610000E+03   6.9298585E-04   5.7960965E-04
   1.5502775E+03   6.5710000E+03   6.4890000E+03   4.8321677E-04   4.4475836E-04
   1.5502850E+03   6.6640000E+03   6.5700000E+03   3.1650258E-04   2.6317524E-04
   1.5502926E+03   6.6440000E+03   6.5390000E+03   8.5947455E-05   1.6370237E-04
   1.5503001E+03   6.6270000E+03   6.5410000E+03   4.7998440E-04   3.1085388E-04
   1.5503076E+03   6.7960000E+03   6.7090000E+03   5.4024150E-04   5.0813755E-04
   1.5503151E+03   6.7210000E+03   6.6400000E+03   4.6161404E-04   4.9770932E-04
   1.5503227E+03   6.7910000E+03   6.6900000E+03   9.2735095E-04   6.5194225E-04
   1.5503302E+03   6.7710000E+03   6.6580000E+03   1.0183933E-03   1.1316663E-03
   1.5503377E+03   6.7170000E+03   6.6240000E+03   2.7286252E-04   6.4671414E-05
   1.5503453E+03   6.7780000E+03   6.6790000E+03   7.2922287E-04   5.3861787E-04
   1.5503528E+03   6.6820000E+03   6.5580000E+03   4.7285773E-04   2.0885144E-04
   1.5503603E+03   6.7730000E+03   6.6850000E+03   6.7607278E-04   5.7290079E-04
   1.5503678E+03   6.7370000E+03   6.6530000E+03   7.3809762E-04   5.0387809E-04
   1.5503754E+03   6.9120000E+03   6.8150000E+03   1.0533454E-03   9.3082127E-04
   1.5503829E+03   6.8020000E+03   6.7080000E+03   7.7000685E-04   6.1633398E-04
   1.5503904E+03   6.7950000E+03   6.7000000E+03   6.5503120E-04   4.0041962E-04
   1.5503980E+03   6.6790000E+03   6.5870000E+03   6.9804081E-04   6.6253342E-04
   1.5504055E+03   6.8040000E+03   6.6790000E+03   6.3578392E-04   6.1411417E-04
   1.5504130E+03   6.7880000E+03   6.6970000E+03   4.0096195E-04   5.0287093E-04
   1.5504205E+03   6.7330000E+03   6.6460000E+03   7.8257825E-04   6.5748129E-04
   1.5504281E+03   6.7090000E+03   6.6020000E+03   6.7389897E-04   6.6661657E-04
   1.5504356E+03   6.9020000E+03   6.8000000E+03   3.6809436E-04   4.8154936E-04
   1.5504431E+03   6.9100000E+03   6.8260000E+03   1.3733956E-03   9.8354963E-04
   1.5504507E+03   6.9230000E+03   6.8200000E+03   1.6787173E-04   7.6645711E-05
   1.5504582E+03   6.7970000E+03   6.7110000E+03   1.8121854E-04   3.7407816E-05
   1.5504657E+03   6.8590000E+03   6.7710000E+03   5.8272507E-04   5.1101919E-04
   1.5504732E+03   6.9450000E+03   6.8560000E+03   6.2933171E-04   6.0853835E-04
   1.5504808E+03   6.8960000E+03   6.8070000E+03   1.5914589E-04   4.6408112E-04
   1.5504883E+03   6.7440000E+03   6.6630000E+03   6.6310341E-05   2.0829221E-04
   1.5504958E+03   6.9400000E+03   6.8480000E+03   6.4773664E-04   6.3297447E-04
   1.5505034E+03   6.9740000E+03   6.8750000E+03   1.0558041E-03   8.6411437E-04
   1.5505109E+03   6.7820000E+03   6.6890000E+03   3.7289922E-06   2.7112139E-04
   1.5505184E+03   6.9940000E+03   6.8950000E+03   1.3908919E-03   1.3053189E-03
   1.5505259E+03   6.9420000E+03   6.8540000E+03   1.2311339E-03   1.1964160E-03
   1.5505335E+03   7.0750000E+03   6.9760000E+03   1.1714218E-04   1.4877018E-04
   1.5505410E+03   6.9320000E+03   6.8320000E+03   2.7584724E-04   3.0377283E-04
   1.5505485E+03   6.9540000E+03   6.8450000E+03   4.4299451E-04   5.7144719E-04
   1.5505561E+03   6.8420000E+03   6.7490000E+03   1.8026395E-04   2.2455891E-04
   1.5505636E+03   6.9580000E+03   6.8560000E+03   4.4459019E-04   4.0002575E-04
   1.5505711E+03   6.8840000E+03   6.7830000E+03   5.8325059E-04   4.8239655E-04
   1.5505786E+03   6.9650000E+03   6.8780000E+03   3.9225571E-04   4.4803208E-04
   1.5505862E+03   7.0300000E+03   6.9360000E+03   3.3036171E-04   3.4765354E-04
   1.5505937E+03   6.8480000E+03   6.7590000E+03   7.2954488E-04   5.2174542E-04
   1.5506012E+03   7.1510000E+03   7.0630000E+03   5.6068412E-04   2.7025525E-04
   1.5506087E+03   7.0440000E+03   6.9450000E+03   1.1388665E-04   2.1099586E-04
   1.5506163E+03   7.0080000E+03   6.9200000E+03   8.6784406E-04   9.1536946E-04
   1.5506238E+03   6.8770000E+03   6.7840000E+03   3.1460870E-04   2.2682753E-04
   1.5506313E+03   6.9650000E+03   6.8650000E+03   7.8538024E-04   7.5490478E-04
   1.5506389E+03   6.9600000E+03   6.8670000E+03   1.9640146E-04   2.1521370E-04
   1.5506464E+03   7.1070000E+03   6.9840000E+03   5.7083216E-04   7.3902648E-04
   1.5506539E+03   6.9500000E+03   6.8550000E+03   6.2130786E-04   6.8629544E-04
   1.5506614E+03   6.8970000E+03   6.8040000E+03   5.7476136E-04   7.6654378E-04
   1.5506690E+03   7.0250000E+03   6.9350000E+03   3.4725702E-04   4.6719904E-04
   1.5506765E+03   7.0570000E+03   6.9460000E+03   2.1241110E-04   4.5085191E-04
   1.5506840E+03   6.8720000E+03   6.7610000E+03   2.6914314E-04   1.9260850E-04
   1.5506916E+03   6.9710000E+03   6.8700000E+03   1.0065064E-03   7.5076821E-04
   1.5506991E+03   7.0270000E+03   6.9100000E+03   5.2436339E-04   6.4478523E-04
   1.5507066E+03   7.2090000E+03   7.1210000E+03   3.8797878E-04   4.2655783E-04
   1.5507141E+03   6.9450000E+03   6.8420000E+03   4.7814236E-04   4.7748957E-04
   1.5507217E+03   7.1010000E+03   7.0010000E+03   3.1501086E-04   5.9273813E-04
   1.5507292E+03   7.1960000E+03   7.1090000E+03   8.0745595E-04   7.1333943E-04
   1.5507367E+03   6.8750000E+03   6.7790000E+03   1.0708203E-03   9.5854051E-04
   1.5507443E+03   7.1040000E+03   7.0090000E+03   6.6209092E-04   7.6859795E-04
   1.5507518E+03   7.0590000E+03   6.9710000E+03   4.8571526E-04   2.6836039E-04
   1.5507593E+03   7.0810000E+03   6.9900000E+03   5.8348380E-04   7.1442024E-04
   1.5507668E+03   7.1390000E+03   7.0410000E+03   8.1779890E-04   8.3790214E-04
   1.5507744E+03   7.1990000E+03   7.1060000E+03   8.0030967E-04   8.1586319E-04
   1.5507819E+03   7.1530000E+03   7.0590000E+03   5.5934249E-04   2.7714245E-04
   1.5507894E+03   7.0490000E+03   6.9420000E+03   7.1123182E-04   9.1333980E-04
   1.5507970E+03   7.1170000E+03   7.0200000E+03   3.5925027E-04   1.9417227E-04
   1.5508045E+03   7.2330000E+03   7.1320000E+03   1.2721074E-03   1.2571345E-03
   1.5508120E+03   7.2550000E+03   7.1540000E+03   7.6986263E-04   7.5328798E-04
   1.5508195E+03   7.2540000E+03   7.1760000E+03   7.7625363E-04   9.2593507E-04
   1.5508271E+03   7.1780000E+03   7.0670000E+03   9.0444651E-04   1.0088182E-03
   1.5508346E+03   7.1260000E+03   7.0330000E+03   4.4595825E-05   2.8372723E-04
   1.5508421E+03   7.1000000E+03   7.0000000E+03   1.0110489E-03   7.3229541E-04
   1.5508497E+03   7.1150000E+03   7.0070000E+03   1.1868031E-03   7.2322907E-04
   1.5508572E+03   7.0930000E+03   6.9940000E+03   9.0703365E-04   5.3309273E-04
   1.5508647E+03   7.1130000E+03   7.0250000E+03   9.1113919E-04   5.7659173E-04
   1.5508722E+03   7.1850000E+03   7.0950000E+03   1.3409182E-03   1.2095496E-03
   1.5508798E+03   7.2090000E+03   7.1140000E+03   4.4241902E-04   3.7854488E-04
   1.5508873E+03   7.1840000E+03   7.0800000E+03   1.2984451E-04   2.7623243E-04
   1.5508948E+03   7.2150000E+03   7.1270000E+03   4.3539669E-04   6.3300917E-04
   1.5509024E+03   7.1750000E+03   7.0800000E+03   5.9348132E-04   4.2743812E-04
   1.5509099E+03   7.1770000E+03   7.0880000E+03   1.1614117E-04   8.8997294E-05
   1.5509174E+03   7.1760000E+03   7.0900000E+03   7.5630982E-04   4.8046344E-04
   1.5509249E+03   7.1430000E+03   7.0400000E+03   2.8074912E-04   1.5551382E-04
   1.5509325E+03   7.2210000E+03   7.1230000E+03   2.5454426E-04   3.5538491E-04
   1.5509400E+03   7.0640000E+03   6.9760000E+03   4.6914586E-04   1.3188767E-04
   1.5509475E+03   7.2820000E+03   7.1860000E+03   5.3523675E-04   4.1154504E-04
   1.5509551E+03   7.3950000E+03   7.2970000E+03   3.7747603E-04   3.8900284E-04
   1.5509626E+03   7.1700000E+03   7.0730000E+03   2.0207233E-04   1.2972760E-04
   1.5509701E+03   7.2030000E+03   7.1080000E+03   1.4603295E-03   1.3925168E-03
   1.5509776E+03   7.1680000E+03   7.0860000E+03   3.8202419E-04   4.5451434E-04
   1.5509852E+03   7.3130000E+03   7.2040000E+03   2.0364747E-04   5.8044526E-04
   1.5509927E+03   7.0980000E+03   7.0010000E+03   2.7526527E-04   3.7926078E-04
   1.5510002E+03   7.2900000E+03   7.1910000E+03   3.0483413E-04   4.5521677E-04
   1.5510078E+03   7.3590000E+03   7.2600000E+03   7.5439339E-04   3.6923792E-04
   1.5510153E+03   7.1720000E+03   7.0840000E+03   4.0438151E-04   3.4370003E-04
   1.5510228E+03   7.2190000E+03   7.1240000E+03   4.2371994E-04   5.9709900E-04
   1.5510303E+03   7.3400000E+03   7.2440000E+03   5.6598024E-04   3.4999268E-04
   1.5510379E+03   7.2220000E+03   7.1220000E+03   2.2096853E-04   4.6149001E-04
   1.5510454E+03   7.1690000E+03   7.0680000E+03   5.6896322E-04   4.5281362E-04
   1.5510529E+03   7.3050000E+03   7.1910000E+03   7.3676441E-04   5.8024420E-04
   1.5510604E+03   7.2760000E+03   7.1790000E+03   2.2196921E-04   3.7150132E-04
   1.5510680E+03   7.2870000E+03   7.1930000E+03   5.1896812E-04   3.4567159E-04
   1.5510755E+03   7.3720000E+03   7.2730000E+03   3.1932314E-04   2.8967373E-04
   1.5510830E+03   7.4520000E+03   7.3570000E+03   2.6786051E-04   2.6075062E-04
   1.5510906E+03   7.3800000E+03   7.2800000E+03   6.7790588E-04   5.0949701E-04
   1.5510981E+03   7.2630000E+03   7.1620000E+03   5.1169261E-04   5.2342879E-04
   1.5511056E+03   7.2950000E+03   7.1980000E+03   6.0661343E-04   4.8699865E-04
   1.5511131E+03   7.3940000E+03   7.3040000E+03   1.4698405E-04   2.6748556E-04
   1.5511207E+03   7.4140000E+03   7.3110000E+03   5.3393807E-04   4.4106246E-04
   1.5511282E+03   7.4070000E+03   7.3130000E+03   4.5039461E-04   5.9152913E-05
   1.5511357E+03   7.3670000E+03   7.2740000E+03   7.0916402E-04   6.3433650E-04
   1.5511433E+03   7.2800000E+03   7.1870000E+03   4.4687839E-04   2.8398690E-04
   1.5511508E+03   7.2660000E+03   7.1730000E+03   4.1017226E-04   4.4289627E-04
   1.5511583E+03   7.3940000E+03   7.2940000E+03   4.4749198E-04   2.4747767E-04
   1.5511658E+03   7.1750000E+03   7.0720000E+03   4.6406238E-04   1.3567115E-04
   1.5511734E+03   7.2250000E+03   7.1470000E+03   5.5490573E-04   5.5854130E-04
   1.5511809E+03   7.4080000E+03   7.3240000E+03   4.4044836E-04   6.4193514E-04
   1.5511884E+03   7.2560000E+03   7.1490000E+03   1.9847449E-04   2.3703006E-04
   1.5511960E+03   7.5550000E+03   7.4610000E+03   6.0402810E-04   7.2638338E-04
   1.5512035E+03   7.3000000E+03   7.2110000E+03   8.5510828E-04   6.5039616E-04
   1.5512110E+03   7.2110000E+03   7.1320000E+03   2.7546055E-04   3.6530836E-04
   1.5512185E+03   7.5030000E+03   7.3960000E+03   4.0278951E-04   2.2200672E-04
   1.5512261E+03   7.3110000E+03   7.2140000E+03   4.3646309E-04   4.6579795E-04
   1.5512336E+03   7.3470000E+03   7.2510000E+03   8.8705358E-04   6.9801599E-04
   1.5512411E+03   7.4280000E+03   7.3240000E+03   5.0279076E-04   5.9694524E-04
   1.5512487E+03   7.1540000E+03   7.0490000E+03   2.5649552E-04   2.2083091E-04
   1.5512562E+03   7.5420000E+03   7.4480000E+03   5.4469896E-04   1.4961614E-04
   1.5512637E+03   7.4030000E+03   7.3200000E+03   1.0743019E-03   8.6279856E-04
   1.5512712E+03   7.3010000E+03   7.2130000E+03   2.6612720E-04   2.2812390E-04
   1.5512788E+03   7.5470000E+03   7.4500000E+03   4.9810397E-05   2.3109962E-04
   1.5512863E+03   7.4480000E+03   7.3420000E+03   3.4585779E-04   2.4888656E-04
   1.5512938E+03   7.2450000E+03   7.1520000E+03   2.5449432E-04   2.5251590E-04
   1.5513014E+03   7.3190000E+03   7.2280000E+03   1.7174177E-04   1.8359781E-04
   1.5513089E+03   7.3800000E+03   7.2770000E+03   6.1842782E-04   3.6848081E-04
   1.5513164E+03   7.2920000E+03   7.1980000E+03   3.6532288E-05   1.6973096E-04
   1.5513239E+03   7.3970000E+03   7.3170000E+03   3.7069542E-04   1.2071666E-04
   1.5513315E+03   7.4220000E+03   7.3170000E+03   2.5558962E-04   2.3984062E-04
   1.5513390E+03   7.4230000E+03   7.3360000E+03   1.1382769E-04   2.9517646E-04
   1.5513465E+03   7.2970000E+03   7.2030000E+03   1.0931112E-04   2.1213769E-04
   1.5513541E+03   7.4070000E+03   7.2980000E+03   1.1516037E-04   1.0022359E-04
   1.5513616E+03   7.4210000E+03   7.3320000E+03   1.9109630E-04   1.6017840E-04
   1.5513691E+03   7.5170000E+03   7.4120000E+03   2.4595004E-04   2.7890654E-04
   1.5513766E+03   7.4350000E+03   7.3520000E+03   2.7541901E-04   8.8940810E-05
   1.5513842E+03   7.3030000E+03   7.2110000E+03   4.2060857E-04   4.4768579E-04
   1.5513917E+03   7.4020000E+03   7.3080000E+03   2.3548535E-04   2.1302335E-04
   1.5513992E+03   7.3520000E+03   7.2640000E+03   5.5950555E-04   3.8036715E-04
   1.5514068E+03   7.5120000E+03   7.4140000E+03   4.1020360E-04   1.8713784E-04
   1.5514143E+03   7.5330000E+03   7.4280000E+03   5.5658904E-04   3.6878534E-04
   1.5514218E+03   7.4300000E+03   7.3360000E+03   5.4693630E-04   6.1188926E-04
   1.5514293E+03   7.4200000E+03   7.3120000E+03   5.7552368E-04   6.7693301E-04
   1.5514369E+03   7.4080000E+03   7.3210000E+03   3.3070531E-04   4.4919782E-04
   1.5514444E+03   7.3630000E+03   7.2620000E+03   3.2238865E-04   2.1665499E-04
   1.5514519E+03   7.3270000E+03   7.2370000E+03   2.6556908E-04   2.1863045E-04
   1.5514595E+03   7.3660000E+03   7.2500000E+03   1.3301407E-04   1.0373891E-04
   1.5514670E+03   7.4110000E+03   7.3000000E+03   2.5582200E-04   3.7465001E-04
   1.5514745E+03   7.3770000E+03   7.2880000E+03   4.0458257E-04   2.7699819E-04
   1.5514820E+03   7.4050000E+03   7.3100000E+03   7.3510481E-04   5.0015380E-04
   1.5514896E+03   7.4890000E+03   7.3820000E+03   4.9009884E-04   3.6355202E-04
   1.5514971E+03   7.5010000E+03   7.3930000E+03   3.6504613E-04   5.0025224E-04
   1.5515046E+03   7.4400000E+03   7.3610000E+03   1.4301031E-04   1.2248762E-04
   1.5515122E+03   7.4120000E+03   7.2940000E+03   6.9354734E-04   4.9980040E-04
   1.5515197E+03   7.4170000E+03   7.3340000E+03   4.2714908E-05   1.2915086E-04
   1.5515272E+03   7.3310000E+03   7.2310000E+03   3.6712338E-04   3.1314043E-04
   1.5515347E+03   7.3810000E+03   7.2930000E+03   1.7077343E-04   8.9592784E-05
   1.5515423E+03   7.3230000E+03   7.2280000E+03   3.1696884E-04   4.0130517E-04
   1.5515498E+03   7.3390000E+03   7.2470000E+03   1.0535744E-04   1.2643690E-04
   1.5515573E+03   7.4040000E+03   7.3180000E+03   3.6941744E-04   2.8118146E-04
   1.5515648E+03   7.4020000E+03   7.3120000E+03   4.8789159E-04   4.1095514E-04
   1.5515724E+03   7.4350000E+03   7.3570000E+03   4.7615489E-04   4.6943968E-04
   1.5515799E+03   7.3120000E+03   7.2090000E+03   2.9990725E-04   2.8212648E-04
   1.5515874E+03   7.4330000E+03   7.3490000E+03   2.1336237E-04   3.2896397E-04
   1.5515950E+03   7.4140000E+03   7.3270000E+03   1.4742971E-04   9.8285302E-05
   1.5516025E+03   7.3830000E+03   7.2940000E+03   1.1116385E-04   1.6107030E-04
   1.5516100E+03   7.4570000E+03   7.3770000E+03   1.2385822E-04   2.3373958E-05
   1.5516175E+03   7.1740000E+03   7.0800000E+03   2.0658167E-04   3.3518589E-04
   1.5516251E+03   7.3450000E+03   7.2460000E+03   4.0956027E-04   2.3392525E-04
   1.5516326E+03   7.5360000E+03   7.4350000E+03   3.5140977E-04   4.8816575E-04
   1.5516401E+03   7.3980000E+03   7.3010000E+03   4.8896200E-04   3.6265255E-04
   1.5516477E+03   7.5310000E+03   7.4460000E+03   3.1973798E-04   3.7773884E-04
   1.5516552E+03   7.4460000E+03   7.3410000E+03   2.9520091E-04   1.9112202E-04
   1.5516627E+03   7.4650000E+03   7.3630000E+03   5.7570425E-04   3.9250799E-04
   1.5516702E+03   7.3140000E+03   7.2190000E+03   3.4622119E-04   2.2507224E-04
   1.5516778E+03   7.4770000E+03   7.3600000E+03   4.1082231E-04   1.4567609E-04
   1.5516853E+03   7.4710000E+03   7.3860000E+03   3.0370124E-04   2.3751143E-04
   1.5516928E+03   7.2330000E+03   7.1420000E+03   3.8279459E-04   3.9059978E-04
   1.5517004E+03   7.3710000E+03   7.2800000E+03   2.1315058E-04   2.2923168E-04
   1.5517079E+03   7.3620000E+03   7.2700000E+03   1.8556842E-04   2.1444377E-04
   1.5517154E+03   7.5540000E+03   7.4720000E+03   1.3725971E-04   4.0058852E-05
   1.5517229E+03   7.3300000E+03   7.2320000E+03   2.9091703E-04   3.5872509E-04
   1.5517305E+03   7.4580000E+03   7.3690000E+03   1.5504271E-04   4.5134038E-05
   1.5517380E+03   7.4050000E+03   7.3210000E+03   1.6708466E-04   1.0415024E-04
   1.5517455E+03   7.2480000E+03   7.1500000E+03   2.4924460E-04   2.2757398E-04
   1.5517531E+03   7.3120000E+03   7.2280000E+03   3.4604141E-04   3.5992073E-04
   1.5517606E+03   7.3440000E+03   7.2560000E+03   1.6836657E-04   1.4108238E-04
   1.5517681E+03   7.5360000E+03   7.4570000E+03   2.3051041E-04   4.2026428E-05
   1.5517756E+03   7.3140000E+03   7.2320000E+03   5.3371295E-04   3.9668587E-04
   1.5517832E+03   7.3820000E+03   7.3070000E+03   2.2196607E-04   1.5893228E-04
   1.5517907E+03   7.4580000E+03   7.3640000E+03   2.6417683E-04   1.1444354E-04
   1.5517982E+03   7.4120000E+03   7.3210000E+03   1.3084742E-04   1.4446129E-04
   1.5518058E+03   7.4210000E+03   7.3390000E+03   1.9924291E-04   2.6167312E-04
   1.5518133E+03   7.3930000E+03   7.3010000E+03   2.1751812E-04   2.1079546E-04
   1.5518208E+03   7.3580000E+03   7.2550000E+03   4.5374662E-04   3.6096334E-04
   1.5518283E+03   7.4610000E+03   7.3730000E+03   2.7011262E-04   3.2803730E-04
   1.5518359E+03   7.3330000E+03   7.2370000E+03   1.2595308E-04   4.2820383E-05
   1.5518434E+03   7.3280000E+03   7.2450000E+03   3.8129434E-04   3.5081749E-04
   1.5518509E+03   7.4270000E+03   7.3370000E+03   5.1563502E-05   2.6007013E-05
   1.5518585E+03   7.3640000E+03   7.2700000E+03   6.1284289E-05   8.6063904E-05
   1.5518660E+03   7.3300000E+03   7.2390000E+03   1.2214677E-04   9.7805045E-05
   1.5518735E+03   7.3140000E+03   7.2090000E+03   5.4392664E-05   1.2344989E-04
   1.5518810E+03   7.4090000E+03   7.3160000E+03   1.5562331E-04   2.0030471E-04
   1.5518886E+03   7.4900000E+03   7.3900000E+03   1.6791339E-04   2.1440657E-04
   1.5518961E+03   7.3280000E+03   7.2320000E+03   8.7062838E-05   5.4910236E-05
   1.5519036E+03   7.4310000E+03   7.3440000E+03   2.1429757E-04   1.2836466E-04
   1.5519112E+03   7.5440000E+03   7.4460000E+03   9.2732517E-05   2.1242767E-04
   1.5519187E+03   7.4000000E+03   7.3200000E+03   2.1910559E-04   2.0853419E-04
   1.5519262E+03   7.4340000E+03   7.3440000E+03   7.4318007E-05   7.5106372E-05
   1.5519337E+03   7.4360000E+03   7.3330000E+03   1.8088161E-04   1.5889693E-04
   1.5519413E+03   7.3040000E+03   7.2110000E+03   9.1433884E-05   8.3344839E-05
   1.5519488E+03   7.2950000E+03   7.2020000E+03   2.3380018E-04   1.0599420E-04
   1.5519563E+03   7.4240000E+03   7.3120000E+03   1.5064459E-04   2.5227023E-04
   1.5519638E+03   7.3170000E+03   7.2110000E+03   4.8805801E-05   1.3491055E-04
   1.5519714E+03   7.5310000E+03   7.4360000E+03   8.1960734E-05   1.2858917E-04
   1.5519789E+03   7.3310000E+03   7.2340000E+03   1.7355169E-04   1.7870752E-04
   1.5519864E+03   7.3920000E+03   7.2990000E+03   4.7951000E-05   5.1041336E-05
   1.5519940E+03   7.3710000E+03   7.2790000E+03   1.5470236E-04   9.7561155E-05
   1.5520015E+03   7.4700000E+03   7.3580000E+03   1.0419476E-04   9.6549524E-05
   1.5520090E+03   7.3660000E+03   7.2810000E+03   4.8142523E-04   3.8512520E-04
   1.5520165E+03   7.3490000E+03   7.2490000E+03   9.0898622E-05   7.8329211E-05
   1.5520241E+03   7.4090000E+03   7.3200000E+03   4.0676101E-05   5.2237013E-05
   1.5520316E+03   7.3970000E+03   7.2930000E+03   2.0164142E-04   7.0559320E-05
   1.5520391E+03   7.4980000E+03   7.3880000E+03   1.3276471E-04   1.1302601E-04
   1.5520467E+03   7.4300000E+03   7.3460000E+03   3.5776479E-04   1.6981836E-04
   1.5520542E+03   7.4050000E+03   7.2950000E+03   1.1189221E-04   1.6201370E-04
   1.5520617E+03   7.3900000E+03   7.2980000E+03   2.2748407E-04   1.8054299E-04
   1.5520692E+03   7.3910000E+03   7.2930000E+03   1.0158295E-04   7.9619311E-05
   1.5520768E+03   7.3540000E+03   7.2520000E+03   3.9901814E-05   3.3077811E-05
   1.5520843E+03   7.3550000E+03   7.2640000E+03   6.4653548E-05   6.6327360E-05
   1.5520918E+03   7.2560000E+03   7.1660000E+03   9.8074185E-05   1.2153278E-04
   1.5520994E+03   7.5030000E+03   7.4010000E+03   7.5370562E-05   6.2208911E-05
   1.5521069E+03   7.3460000E+03   7.2420000E+03   1.3322468E-04   7.8753673E-05
   1.5521144E+03   7.4270000E+03   7.3220000E+03   5.1948216E-05   2.8610997E-05
   1.5521219E+03   7.4480000E+03   7.3550000E+03   5.3321263E-05   7.5958706E-05
   1.5521295E+03   7.4370000E+03   7.3230000E+03   1.3840521E-04   1.2388450E-04
   1.5521370E+03   7.2610000E+03   7.1790000E+03   2.1764792E-05   2.1234198E-05
   1.5521445E+03   7.2650000E+03   7.1700000E+03   2.1997960E-04   1.5987490E-04
   1.5521521E+03   7.3870000E+03   7.2860000E+03   7.2478201E-06   8.5802325E-06
   1.5521596E+03   7.3060000E+03   7.2110000E+03   1.0086550E-04   9.5361570E-05
   1.5521671E+03   7.3510000E+03   7.2540000E+03   5.8815527E-05   1.8252275E-05
   1.5521746E+03   7.3560000E+03   7.2510000E+03   1.2047017E-04   1.3343727E-04
   1.5521822E+03   7.2250000E+03   7.1320000E+03   5.7880368E-05   4.1655886E-05
   1.5521897E+03   7.3030000E+03   7.2170000E+03   2.1391001E-04   2.1637529E-04
   1.5521972E+03   7.2970000E+03   7.2160000E+03   1.4613212E-04   1.6621995E-04
   1.5522048E+03   7.1660000E+03   7.0650000E+03   2.0007979E-04   1.1813345E-04
   1.5522123E+03   7.2950000E+03   7.2010000E+03   1.4162704E-04   8.0882998E-05
   1.5522198E+03   7.3000000E+03   7.1980000E+03   5.9183002E-05   6.0064456E-05
   1.5522273E+03   7.5070000E+03   7.3960000E+03   1.8680712E-04   1.7357053E-04
   1.5522349E+03   7.2630000E+03   7.1580000E+03   2.9893242E-05   2.9518197E-05
   1.5522424E+03   7.3550000E+03   7.2770000E+03   4.3089832E-05   4.3490351E-05
   1.5522499E+03   7.3270000E+03   7.2360000E+03   8.7401507E-05   5.0679327E-05
   1.5522575E+03   7.3680000E+03   7.2500000E+03   1.1523237E-04   6.0487916E-05
   1.5522650E+03   7.3390000E+03   7.2190000E+03   2.4130937E-05   1.2609551E-05
   1.5522725E+03   7.2440000E+03   7.1490000E+03   1.0558714E-04   1.0697006E-04
   1.5522800E+03   7.1160000E+03   7.0140000E+03   1.0623401E-04   1.0774932E-04
   1.5522876E+03   7.1620000E+03   7.0580000E+03   1.4289660E-04   7.4076295E-05
   1.5522951E+03   7.0620000E+03   6.9730000E+03   1.0533755E-04   5.5019347E-05
   1.5523026E+03   7.1470000E+03   7.0420000E+03   1.4478897E-04   1.3406413E-04
   1.5523102E+03   7.3320000E+03   7.2320000E+03   9.5014290E-05   8.7975845E-05
   1.5523177E+03   7.0920000E+03   7.0090000E+03   5.9840481E-05   6.0561203E-05
   1.5523252E+03   7.3650000E+03   7.2680000E+03   5.3973280E-05   5.4749241E-05
   1.5523327E+03   7.3330000E+03   7.2440000E+03   9.9419052E-05   1.0056984E-04
   1.5523403E+03   7.2010000E+03   7.0970000E+03   8.6789148E-05   6.2447914E-05
   1.5523478E+03   7.1560000E+03   7.0600000E+03   3.9394050E-05   3.9976153E-05
   1.5523553E+03   7.3810000E+03   7.3040000E+03   5.8049064E-05   5.8642217E-05
   1.5523629E+03   7.2120000E+03   7.1030000E+03   6.0070888E-05   6.1007445E-05
   1.5523704E+03   7.3090000E+03   7.2110000E+03   6.1297407E-05   5.2458029E-05
   1.5523779E+03   7.3350000E+03   7.2470000E+03   5.4160556E-05   5.7308588E-05
   1.5523854E+03   7.2200000E+03   7.1290000E+03   4.6446316E-05   7.3500030E-05
   1.5523930E+03   7.1670000E+03   7.0610000E+03   9.5447602E-05   8.2813178E-05
   1.5524005E+03   7.2040000E+03   7.0980000E+03   6.2669882E-05   6.3641949E-05
   1.5524080E+03   7.2420000E+03   7.1490000E+03   3.3351460E-05   3.1672428E-05
   1.5524155E+03   7.1900000E+03   7.0940000E+03   1.3247506E-04   1.3437179E-04
   1.5524231E+03   7.0550000E+03   6.9540000E+03   1.4516690E-05   1.4728061E-05
   1.5524306E+03   7.2070000E+03   7.1030000E+03   5.1480954E-05   5.2196492E-05
   1.5524381E+03   7.2400000E+03   7.1540000E+03   9.1730149E-05   4.9091115E-05
   1.5524457E+03   7.2070000E+03   7.1060000E+03   4.9861028E-05   4.7303340E-05
   1.5524532E+03   7.1330000E+03   7.0250000E+03   1.0594280E-04   1.0755188E-04
   1.5524607E+03   7.1160000E+03   7.0110000E+03   7.7612747E-05   7.4189439E-05
   1.5524682E+03   7.0180000E+03   6.9370000E+03   3.4224223E-05   1.6030859E-05
   1.5524758E+03   7.1500000E+03   7.0360000E+03   5.9591073E-05   5.3612010E-05
   1.5524833E+03   7.1170000E+03   7.0150000E+03   8.5499285E-05   3.5418551E-05
   1.5524908E+03   7.0710000E+03   6.9830000E+03   3.9961874E-05   4.0462216E-05
   1.5524984E+03   7.1620000E+03   7.0730000E+03   4.0689581E-05   4.0746314E-05
   1.5525059E+03   7.1190000E+03   7.0120000E+03   5.5200783E-05   5.6076129E-05
   1.5525134E+03   7.0530000E+03   6.9450000E+03   5.2843697E-05   5.3792424E-05
   1.5525209E+03   6.9920000E+03   6.9060000E+03   8.2146467E-06   8.3102706E-06
   1.5525285E+03   7.0920000E+03   6.9990000E+03   4.7178406E-05   4.7799700E-05
   1.5525360E+03   7.0230000E+03   6.9310000E+03   1.3488539E-05   1.3795196E-05
   1.5525435E+03   7.1480000E+03   7.0480000E+03   1.2805345E-05   1.2995287E-05
   1.5525511E+03   6.9750000E+03   6.8600000E+03   2.3907771E-05   2.4296140E-05
   1.5525586E+03   7.0700000E+03   6.9780000E+03   1.2668676E-04   1.2825951E-04
   1.5525661E+03   7.1270000E+03   7.0270000E+03   5.8544238E-05   5.9449475E-05
   1.5525736E+03   7.1080000E+03   7.0120000E+03   7.5662081E-05   7.6701714E-05
   1.5525812E+03   7.0510000E+03   6.9630000E+03   6.6073289E-05   2.6670888E-05
   1.5525887E+03   7.1780000E+03   7.0640000E+03   7.0924072E-05   7.2173897E-05
   1.5525962E+03   7.1250000E+03   7.0130000E+03   1.1253369E-05   1.1341991E-05
   1.5526038E+03   6.9080000E+03   6.8280000E+03   7.3806210E-06   7.4506370E-06
   1.5526113E+03   7.0220000E+03   6.9220000E+03   9.9309669E-06   1.0075800E-05
   1.5526188E+03   7.0730000E+03   6.9660000E+03   2.6620860E-05   2.7067672E-05
   1.5526263E+03   6.9890000E+03   6.8960000E+03   7.7726603E-06   7.9340497E-06
   1.5526339E+03   6.8760000E+03   6.7600000E+03   1.5039801E-05   1.5086987E-05
   1.5526414E+03   7.0670000E+03   6.9810000E+03   2.6965746E-06   2.7485209E-06
   1.5526489E+03   7.0250000E+03   6.9250000E+03   5.6882015E-06   5.7632427E-06
   1.5526565E+03   6.8770000E+03   6.7680000E+03   5.2008390E-05   5.2887273E-05
   1.5526640E+03   7.0110000E+03   6.9240000E+03   3.5518389E-05   3.5961709E-05
   1.5526715E+03   6.8890000E+03   6.7990000E+03   2.1027770E-05   2.1306433E-05
   1.5526790E+03   6.9850000E+03   6.8730000E+03   9.0140664E-05   9.1604829E-05
   1.5526866E+03   6.8850000E+03   6.7780000E+03   1.9369250E-05   1.9298363E-05
   1.5526941E+03   6.9800000E+03   6.8810000E+03   3.0134605E-05   3.0563151E-05
   1.5527016E+03   7.0020000E+03   6.8960000E+03   2.3219826E-05   2.3549347E-05
   1.5527092E+03   6.9950000E+03   6.8920000E+03   2.3947568E-05   2.4432662E-05
   1.5527167E+03   6.9190000E+03   6.8160000E+03   4.0193965E-05   4.0596838E-05
   1.5527242E+03   6.9440000E+03   6.8410000E+03   1.4767217E-05   1.4991113E-05
   1.5527317E+03   6.8200000E+03   6.7180000E+03   6.1744669E-05   6.7814002E-07
   1.5527393E+03   6.7790000E+03   6.6750000E+03   8.3738421E-06   3.8497939E-06
   1.5527468E+03   6.8220000E+03   6.7170000E+03   8.0691680E-06   8.1809188E-06
   1.5527543E+03   6.8390000E+03   6.7420000E+03   1.1763552E-05   1.1861349E-05
   1.5527619E+03   6.9100000E+03   6.7760000E+03   4.1764364E-06   4.2749437E-06
   1.5527694E+03   6.9430000E+03   6.8400000E+03   4.0137265E-06   4.0931554E-06
   1.5527769E+03   6.9900000E+03   6.8930000E+03   5.1947192E-05   3.0135663E-05
   1.5527844E+03   6.8360000E+03   6.7250000E+03   6.8005936E-05   6.9124522E-05
   1.5527920E+03   7.0230000E+03   6.9080000E+03   1.9507922E-06   1.9866499E-06
   1.5527995E+03   6.8840000E+03   6.7860000E+03   5.4001603E-06   5.3999501E-06
   1.5528070E+03   6.7690000E+03   6.6680000E+03   3.6386760E-05   3.6914762E-05
   1.5528146E+03   6.8040000E+03   6.7090000E+03   3.3087743E-06   3.4204485E-06
   1.5528221E+03   6.9460000E+03   6.8360000E+03   1.1189337E-04   1.1367524E-04
   1.5528296E+03   6.7540000E+03   6.6440000E+03   3.2465671E-05   3.3029340E-05
   1.5528371E+03   6.7420000E+03   6.6150000E+03   7.2422176E-07   8.3027760E-07
   1.5528447E+03   6.6760000E+03   6.5800000E+03   1.3156387E-06   1.4962797E-06
   1.5528522E+03   6.7100000E+03   6.5960000E+03   2.0171999E-05   1.9679102E-05
   1.5528597E+03   6.7590000E+03   6.6490000E+03   1.0917066E-05   1.1129339E-05
   1.5528673E+03   6.6980000E+03   6.5950000E+03   6.5482787E-06   6.6183332E-06
   1.5528748E+03   6.7560000E+03   6.6420000E+03   1.0001765E-05   1.0088953E-05
   1.5528823E+03   6.8140000E+03   6.7190000E+03   1.3476214E-05   1.3313429E-05
   1.5528898E+03   6.7340000E+03   6.6470000E+03   1.0358351E-05   1.0559435E-05
   1.5528974E+03   6.7160000E+03   6.6050000E+03   8.2096214E-05   8.3434895E-05
   1.5529049E+03   6.6690000E+03   6.5680000E+03   1.6216366E-05   1.5391509E-05
   1.5529124E+03   6.7510000E+03   6.6180000E+03   1.9765513E-05   2.0170506E-05
   1.5529199E+03   6.7600000E+03   6.6690000E+03   1.0946646E-05   1.1116947E-05
   1.5529275E+03   6.5900000E+03   6.4910000E+03   3.4444127E-06   3.5255760E-06
   1.5529350E+03   6.7210000E+03   6.6120000E+03   6.9856575E-06   6.9684936E-06
   1.5529425E+03   6.8040000E+03   6.7110000E+03   2.8293629E-05   2.8596814E-05
   1.5529501E+03   6.7880000E+03   6.6840000E+03   1.7196925E-05   1.7375910E-05
   1.5529576E+03   6.6770000E+03   6.5850000E+03   1.6673279E-05   1.6807602E-05
   1.5529651E+03   6.7010000E+03   6.5940000E+03   1.6993010E-05   1.6960658E-05
   1.5529726E+03   6.7810000E+03   6.6820000E+03   2.2951438E-05   2.3231838E-05
   1.5529802E+03   6.7550000E+03   6.6650000E+03   1.5390615E-06   1.6270231E-06
   1.5529877E+03   6.6660000E+03   6.5500000E+03   1.2967520E-06   1.1833829E-06
   1.5529952E+03   6.7480000E+03   6.6400000E+03   1.1807881E-05   1.2047334E-05
   1.5530028E+03   6.6670000E+03   6.5470000E+03   7.9609106E-06   8.2638025E-06
   1.5530103E+03   6.5640000E+03   6.4640000E+03   1.1446561E-05   1.1518150E-05
   1.5530178E+03   6.7710000E+03   6.6610000E+03   1.1731258E-05   1.1982144E-05
   1.5530253E+03   6.7820000E+03   6.6850000E+03   7.5543334E-06   7.7122482E-06
   1.5530329E+03   6.5420000E+03   6.4270000E+03   2.4341281E-06   2.5148514E-06
   1.5530404E+03   6.6350000E+03   6.5400000E+03   3.5328181E-05   3.6226977E-05
   1.5530479E+03   6.6410000E+03   6.5280000E+03   7.0382369E-06   7.1745586E-06
   1.5530555E+03   6.5100000E+03   6.3990000E+03   1.5289060E-05   1.5487421E-05
   1.5530630E+03   6.6350000E+03   6.5320000E+03   1.0118013E-05   1.0484836E-05
   1.5530705E+03   6.5080000E+03   6.4120000E+03   6.2350058E-06   6.2816513E-06
   1.5530780E+03   6.4390000E+03   6.3480000E+03   3.7257910E-05   3.7609790E-05
   1.5530856E+03   6.5150000E+03   6.4170000E+03   4.7057814E-05   4.7824923E-05
   1.5530931E+03   6.5370000E+03   6.4650000E+03   1.7294355E-05   7.9232846E-06
   1.5531006E+03   6.4380000E+03   6.3490000E+03   8.4265109E-05   8.5873006E-05
   1.5531082E+03   6.4590000E+03   6.3490000E+03   8.5991493E-07   8.3898525E-07
   1.5531157E+03   6.5430000E+03   6.4360000E+03   2.9034549E-06   2.9332453E-06
   1.5531232E+03   6.4980000E+03   6.3950000E+03   2.8867119E-06   3.1824891E-06
   1.5531307E+03   6.5140000E+03   6.4160000E+03   6.1682125E-05   6.2635675E-05
   1.5531383E+03   6.4940000E+03   6.3960000E+03   5.4353852E-05   5.5151931E-05
   1.5531458E+03   6.4640000E+03   6.3680000E+03   1.6174739E-05   1.6447174E-05
   1.5531533E+03   6.4150000E+03   6.3140000E+03   1.0978850E-05   1.0770270E-05
   1.5531609E+03   6.2840000E+03   6.1810000E+03   4.8885663E-05   4.9826486E-05
   1.5531684E+03   6.5410000E+03   6.4350000E+03   8.0523942E-06   8.1342195E-06
   1.5531759E+03   6.3400000E+03   6.2390000E+03   3.0692516E-05   3.1174574E-05
   1.5531834E+03   6.5330000E+03   6.4370000E+03   7.5351094E-06   7.6375705E-06
   1.5531910E+03   6.5030000E+03   6.3980000E+03   9.2080622E-07   9.4678257E-07
   1.5531985E+03   6.4570000E+03   6.3420000E+03   1.4765203E-06   1.5472030E-06
   1.5532060E+03   6.3250000E+03   6.2280000E+03   4.6288596E-05   4.6922823E-05
   1.5532136E+03   6.2350000E+03   6.1330000E+03   4.2248443E-05   4.2966541E-05
   1.5532211E+03   6.5230000E+03   6.4200000E+03   6.1693289E-06   6.3069233E-06
   1.5532286E+03   6.2910000E+03   6.1920000E+03   9.5233120E-06   9.4746494E-06
   1.5532361E+03   6.2690000E+03   6.1650000E+03   1.4527593E-06   1.6118666E-06
   1.5532437E+03   6.4100000E+03   6.3020000E+03   2.3692801E-06   7.8715798E-07
   1.5532512E+03   6.2540000E+03   6.1600000E+03   9.3635338E-06   9.5186724E-06
   1.5532587E+03   6.2140000E+03   6.1080000E+03   1.3841652E-06   1.4043788E-06
   1.5532663E+03   6.3240000E+03   6.2040000E+03   1.9721581E-05   1.9883541E-05
   1.5532738E+03   6.3450000E+03   6.2610000E+03   5.9986151E-05   6.0721028E-05
   1.5532813E+03   6.4320000E+03   6.3240000E+03   2.4504638E-05   2.4934454E-05
   1.5532888E+03   6.2060000E+03   6.1040000E+03   4.8016585E-06   5.2416607E-06
   1.5532964E+03   6.1140000E+03   6.0210000E+03   4.4805073E-06   4.5725249E-06
   1.5533039E+03   6.2420000E+03   6.1380000E+03   5.0158867E-06   5.0395008E-06
   1.5533114E+03   6.2120000E+03   6.1110000E+03   2.2271477E-05   2.2759185E-05
   1.5533189E+03   6.1770000E+03   6.0920000E+03   6.0008760E-05   6.0808949E-05
   1.5533265E+03   6.2000000E+03   6.1060000E+03   5.7385229E-06   5.8302101E-06
   1.5533340E+03   6.3390000E+03   6.2350000E+03   3.5174766E-06   3.6040584E-06
   1.5533415E+03   6.1310000E+03   6.0440000E+03   7.4122358E-06   7.5824209E-06
   1.5533491E+03   6.0070000E+03   5.9060000E+03   8.6426086E-06   8.5144170E-06
   1.5533566E+03   6.2420000E+03   6.1270000E+03   4.3547151E-06   4.4841473E-06
   1.5533641E+03   6.1310000E+03   6.0240000E+03   3.9492656E-06   3.9086135E-06
   1.5533716E+03   6.1940000E+03   6.1080000E+03   6.0195827E-06   6.0015276E-06
   1.5533792E+03   6.0280000E+03   5.9330000E+03   4.2947741E-06   4.2685693E-06
   1.5533867E+03   6.0390000E+03   5.9340000E+03   3.8918156E-05   3.9602128E-05
   1.5533942E+03   6.0110000E+03   5.9260000E+03   1.3371538E-05   1.3608650E-05
   1.5534018E+03   6.0030000E+03   5.9250000E+03   6.4976166E-06   6.6098392E-06
   1.5534093E+03   6.2570000E+03   6.1340000E+03   2.4518702E-06   2.5519436E-06
   1.5534168E+03   6.0330000E+03   5.9370000E+03   2.4051793E-06   2.4689892E-06
   1.5534243E+03   6.1190000E+03   6.0250000E+03   1.1359184E-04   1.1535073E-04
   1.5534319E+03   6.2200000E+03   6.1220000E+03   5.7652129E-06   5.7530207E-06
   1.5534394E+03   6.1250000E+03   6.0180000E+03   2.9023467E-05   2.9523187E-05
   1.5534469E+03   6.0390000E+03   5.9510000E+03   2.7253771E-05   2.7678644E-05
   1.5534545E+03   5.9340000E+03   5.8350000E+03   9.5133266E-07   9.5594427E-07
   1.5534620E+03   5.9520000E+03   5.8650000E+03   5.6667714E-06   5.7321531E-06
   1.5534695E+03   5.9010000E+03   5.8240000E+03   3.6902986E-05   3.7504366E-05
   1.5534770E+03   5.9210000E+03   5.8160000E+03   4.1215188E-05   4.1947135E-05
   1.5534846E+03   6.0450000E+03   5.9420000E+03   4.5014526E-06   4.5936210E-06
   1.5534921E+03   5.9020000E+03   5.7910000E+03   2.5387790E-05   2.5838829E-05
   1.5534996E+03   5.9240000E+03   5.8380000E+03   2.0885887E-05   2.1176491E-05
   1.5535072E+03   5.9090000E+03   5.8250000E+03   2.3466746E-05   2.3607462E-05
   1.5535147E+03   5.8300000E+03   5.7340000E+03   7.8214696E-06   7.9608695E-06
   1.5535222E+03   5.9690000E+03   5.8750000E+03   3.7834545E-06   3.7362944E-06
   1.5535297E+03   5.8840000E+03   5.7950000E+03   3.8015546E-06   3.7300197E-06
   1.5535373E+03   5.8960000E+03   5.7900000E+03   7.3303581E-06   7.4072503E-06
   1.5535448E+03   5.8110000E+03   5.7170000E+03   1.3078918E-04   1.3290060E-04
   1.5535523E+03   5.9390000E+03   5.8360000E+03   1.1641258E-06   1.1982249E-06
   1.5535599E+03   5.8680000E+03   5.7700000E+03   7.3266500E-06   7.4743528E-06
   1.5535674E+03   5.7860000E+03   5.6910000E+03   1.7067206E-05   1.7363263E-05
   1.5535749E+03   5.8320000E+03   5.7270000E+03   3.2364104E-05   3.3737308E-05
   1.5535824E+03   5.9250000E+03   5.8490000E+03   2.6250429E-05   2.6481790E-05
   1.5535900E+03   5.7430000E+03   5.6490000E+03   8.5107539E-05   8.6524672E-05
   1.5535975E+03   5.9070000E+03   5.8160000E+03   6.6897222E-06   6.7886704E-06
   1.5536050E+03   5.8170000E+03   5.7260000E+03   4.9819033E-06   3.6676606E-06
   1.5536126E+03   5.8230000E+03   5.7250000E+03   1.9812526E-05   2.0154335E-05
   1.5536201E+03   5.9170000E+03   5.8090000E+03   2.4455120E-06   2.5136035E-06
   1.5536276E+03   5.7960000E+03   5.6920000E+03   3.8825226E-06   3.9309082E-06
   1.5536351E+03   5.7680000E+03   5.6780000E+03   7.0902849E-05   7.2055028E-05
   1.5536427E+03   5.7640000E+03   5.6760000E+03   6.8327937E-05   6.9405398E-05
   1.5536502E+03   5.7890000E+03   5.7010000E+03   1.2611622E-05   1.2547622E-05
   1.5536577E+03   5.7270000E+03   5.6210000E+03   2.3205319E-06   2.4632333E-06
   1.5536653E+03   5.7760000E+03   5.6780000E+03   1.4071700E-04   1.4513075E-04
   1.5536728E+03   5.6450000E+03   5.5440000E+03   6.5232137E-06   6.7057937E-06
   1.5536803E+03   5.6980000E+03   5.5970000E+03   2.3654725E-06   2.7824314E-06
   1.5536878E+03   5.5730000E+03   5.4750000E+03   8.6118240E-06   8.7622222E-06
   1.5536954E+03   5.7170000E+03   5.6160000E+03   2.2999592E-05   2.3501703E-05
   1.5537029E+03   5.6990000E+03   5.6150000E+03   1.8899157E-05   1.9186789E-05
   1.5537104E+03   5.5410000E+03   5.4370000E+03   1.7186325E-05   1.7520601E-05
   1.5537180E+03   5.6790000E+03   5.5740000E+03   5.8236354E-05   5.9446021E-05
   1.5537255E+03   5.4500000E+03   5.3590000E+03   4.7191287E-05   4.7175251E-05
   1.5537330E+03   5.6180000E+03   5.5200000E+03   6.9605676E-05   7.0875003E-05
   1.5537405E+03   5.5960000E+03   5.4870000E+03   9.3507062E-06   9.5235582E-06
   1.5537481E+03   5.4700000E+03   5.3810000E+03   5.5655215E-06   5.6583980E-06
   1.5537556E+03   5.5180000E+03   5.4380000E+03   1.6985630E-05   1.6933131E-05
   1.5537631E+03   5.4970000E+03   5.3980000E+03   5.2444121E-06   5.4161350E-06
   1.5537706E+03   5.6190000E+03   5.5110000E+03   4.1428430E-07   4.9101463E-07
   1.5537782E+03   5.5550000E+03   5.4620000E+03   6.0726467E-06   6.3073085E-06
   1.5537857E+03   5.6080000E+03   5.5100000E+03   9.9678897E-07   1.0130557E-06
   1.5537932E+03   5.5450000E+03   5.4590000E+03   2.1600675E-06   2.1460553E-06
   1.5538008E+03   5.5880000E+03   5.4900000E+03   8.6265805E-05   8.8024614E-05
   1.5538083E+03   5.4970000E+03   5.4100000E+03   1.5649231E-06   1.5105691E-06
   1.5538158E+03   5.4740000E+03   5.3840000E+03   5.9503057E-06   4.1103407E-06
   1.5538233E+03   5.3620000E+03   5.2690000E+03   6.6033686E-06   6.6850113E-06
   1.5538309E+03   5.3720000E+03   5.2860000E+03   6.4818694E-06   6.5367960E-06
   1.5538384E+03   5.4510000E+03   5.3590000E+03   1.9594141E-05   1.9769669E-05
   1.5538459E+03   5.4530000E+03   5.3490000E+03   1.9192404E-05   1.9545547E-05
   1.5538535E+03   5.3680000E+03   5.2780000E+03   2.0898197E-05   2.1294643E-05
   1.5538610E+03   5.4330000E+03   5.3420000E+03   3.1490739E-06   3.1824611E-06
   1.5538685E+03   5.3610000E+03   5.2630000E+03   3.0238651E-06   3.0544473E-06
   1.5538760E+03   5.3450000E+03   5.2400000E+03   1.6714167E-06   1.6639387E-06
   1.5538836E+03   5.2590000E+03   5.1820000E+03   1.8477829E-06   2.0092938E-06
   1.5538911E+03   5.3020000E+03   5.2150000E+03   1.0492300E-04   1.0667837E-04
   1.5538986E+03   5.2140000E+03   5.1150000E+03   1.1512201E-05   1.1773981E-05
   1.5539062E+03   5.4330000E+03   5.3370000E+03   1.1118513E-05   1.1328821E-05
   1.5539137E+03   5.3880000E+03   5.2740000E+03   1.7365166E-05   1.7736449E-05
   1.5539212E+03   5.4040000E+03   5.3150000E+03   2.3552952E-06   2.3595092E-06
   1.5539287E+03   5.2640000E+03   5.1620000E+03   1.1422022E-04   1.1650011E-04
   1.5539363E+03   5.2720000E+03   5.1800000E+03   3.0339356E-06   3.1050580E-06
   1.5539438E+03   5.1700000E+03   5.0790000E+03   4.5010918E-06   4.5970377E-06
   1.5539513E+03   5.2990000E+03   5.1970000E+03   1.2262817E-05   1.2481336E-05
   1.5539589E+03   5.2470000E+03   5.1470000E+03   6.7235814E-06   7.4734054E-06
   1.5539664E+03   5.2390000E+03   5.1590000E+03   3.6992325E-07   3.8384553E-07
   1.5539739E+03   5.2200000E+03   5.1300000E+03   2.8509973E-05   2.9016482E-05
   1.5539814E+03   5.0220000E+03   4.9340000E+03   6.0502402E-06   6.1762585E-06
   1.5539890E+03   5.2670000E+03   5.1750000E+03   9.7819233E-05   9.9585320E-05
   1.5539965E+03   5.0850000E+03   4.9950000E+03   1.2486365E-05   4.5856006E-06
   1.5540040E+03   5.2200000E+03   5.1180000E+03   4.5686614E-06   4.6402718E-06
   1.5540116E+03   5.0510000E+03   4.9570000E+03   7.5688385E-06   7.7396314E-06
   1.5540191E+03   5.0830000E+03   4.9680000E+03   1.5543050E-05   1.5892987E-05
   1.5540266E+03   5.0710000E+03   4.9760000E+03   5.2913982E-06   5.1872741E-06
   1.5540341E+03   5.0170000E+03   4.9370000E+03   1.5429402E-04   1.5683726E-04
   1.5540417E+03   5.0560000E+03   4.9580000E+03   3.5402200E-06   3.6628853E-06
   1.5540492E+03   5.1390000E+03   5.0320000E+03   2.0886784E-05   2.1291018E-05
   1.5540567E+03   4.9660000E+03   4.8850000E+03   1.8268073E-06   1.8022328E-06
   1.5540643E+03   5.0460000E+03   4.9560000E+03   4.9262479E-06   4.9914805E-06
   1.5540718E+03   4.9930000E+03   4.9110000E+03   3.5338052E-06   3.5411089E-06
   1.5540793E+03   5.0260000E+03   4.9240000E+03   1.0797740E-06   1.1850547E-06
   1.5540868E+03   5.0110000E+03   4.9290000E+03   1.4680871E-04   1.4927190E-04
   1.5540944E+03   5.0610000E+03   4.9900000E+03   3.0393026E-06   3.0723221E-06
   1.5541019E+03   4.9980000E+03   4.9110000E+03   3.1801870E-05   3.2031997E-05
   1.5541094E+03   5.0020000E+03   4.9150000E+03   9.6588749E-05   9.8230185E-05
   1.5541170E+03   4.9830000E+03   4.8790000E+03   5.5916440E-06   3.2443275E-06
   1.5541245E+03   4.9890000E+03   4.9050000E+03   2.9017753E-06   2.9586739E-06
   1.5541320E+03   4.9970000E+03   4.9040000E+03   3.9280505E-06   4.0303066E-06
   1.5541395E+03   4.8810000E+03   4.7940000E+03   1.1719807E-05   1.1867257E-05
   1.5541471E+03   4.9430000E+03   4.8420000E+03   1.0077166E-05   1.0213546E-05
   1.5541546E+03   4.7600000E+03   4.6670000E+03   1.5859584E-05   1.6175276E-05
   1.5541621E+03   4.9330000E+03   4.8300000E+03   3.2992561E-05   3.3673382E-05
   1.5541697E+03   4.8820000E+03   4.7770000E+03   3.3491158E-06   3.3703260E-06
   1.5541772E+03   4.8440000E+03   4.7530000E+03   1.2969960E-06   1.4495566E-06
   1.5541847E+03   4.7090000E+03   4.6270000E+03   1.0454899E-05   2.8599316E-05
   1.5541922E+03   4.8200000E+03   4.7290000E+03   1.0082904E-05   1.0279609E-05
   1.5541998E+03   4.8670000E+03   4.7800000E+03   1.8707395E-05   1.8994716E-05
   1.5542073E+03   4.9120000E+03   4.8160000E+03   7.7782528E-06   8.0044519E-06
   1.5542148E+03   4.6670000E+03   4.5910000E+03   3.9366133E-06   3.9919564E-06
   1.5542224E+03   4.7510000E+03   4.6580000E+03   6.8124296E-06   6.9238175E-06
   1.5542299E+03   4.7390000E+03   4.6620000E+03   1.5781093E-05   1.5957807E-05
   1.5542374E+03   4.7840000E+03   4.6870000E+03   6.5199797E-07   6.2886253E-07
   1.5542449E+03   4.7400000E+03   4.6540000E+03   5.6677066E-07   5.6442377E-07
   1.5542525E+03   4.7330000E+03   4.6430000E+03   3.3174298E-05   3.3709227E-05
   1.5542600E+03   4.6440000E+03   4.5610000E+03   1.3212635E-04   1.3449750E-04
   1.5542675E+03   4.7330000E+03   4.6400000E+03   1.4324242E-04   1.4569277E-04
   1.5542750E+03   4.7110000E+03   4.6260000E+03   5.6554928E-06   5.9638452E-06
   1.5542826E+03   4.7870000E+03   4.7060000E+03   6.9010406E-06   7.0525773E-06
   1.5542901E+03   4.6570000E+03   4.5770000E+03   6.8206343E-05   6.9346991E-05
   1.5542976E+03   4.5530000E+03   4.4730000E+03   2.0709648E-05   2.1113608E-05
   1.5543052E+03   4.6350000E+03   4.5500000E+03   1.1817306E-05   1.2038344E-05
   1.5543127E+03   4.5320000E+03   4.4490000E+03   9.2394101E-06   9.4159375E-06
   1.5543202E+03   4.5380000E+03   4.4530000E+03   4.3600576E-06   4.4458441E-06
   1.5543277E+03   4.6340000E+03   4.5510000E+03   2.6959368E-06   2.7322923E-06
   1.5543353E+03   4.5860000E+03   4.5120000E+03   9.6197626E-05   9.7796217E-05
   1.5543428E+03   4.6660000E+03   4.5750000E+03   3.8408428E-06   4.0256461E-06
   1.5543503E+03   4.5410000E+03   4.4600000E+03   2.0554518E-06   1.4118357E-06
   1.5543579E+03   4.6500000E+03   4.5390000E+03   1.0160599E-05   1.0346858E-05
   1.5543654E+03   4.5450000E+03   4.4550000E+03   7.2810217E-05   7.4365287E-05
   1.5543729E+03   4.4290000E+03   4.3530000E+03   1.6516549E-06   1.6145192E-06
   1.5543804E+03   4.5280000E+03   4.4440000E+03   1.9045518E-05   1.9445563E-05
   1.5543880E+03   4.4690000E+03   4.3780000E+03   1.2445043E-06   1.2339651E-06
   1.5543955E+03   4.4690000E+03   4.3840000E+03   2.1159989E-06   2.1875717E-06
   1.5544030E+03   4.3430000E+03   4.2570000E+03   1.1470260E-05   1.1685498E-05
   1.5544106E+03   4.3570000E+03   4.2690000E+03   1.0473124E-06   1.1565969E-06
   1.5544181E+03   4.4040000E+03   4.3110000E+03   9.1185305E-06   9.2960868E-06
   1.5544256E+03   4.3700000E+03   4.2890000E+03   2.6521426E-06   2.6750891E-06
   1.5544331E+03   4.4440000E+03   4.3620000E+03   4.1768407E-06   3.6419497E-06
   1.5544407E+03   4.4320000E+03   4.3580000E+03   1.1599999E-06   1.2171415E-06
   1.5544482E+03   4.3700000E+03   4.2820000E+03   7.3631424E-07   7.8906293E-07
   1.5544557E+03   4.3350000E+03   4.2570000E+03   7.7760664E-07   8.6329662E-07
   1.5544633E+03   4.4360000E+03   4.3650000E+03   6.4455509E-05   6.5417603E-05
   1.5544708E+03   4.3450000E+03   4.2730000E+03   9.6032845E-05   9.7761870E-05
   1.5544783E+03   4.3130000E+03   4.2450000E+03   9.8718825E-07   1.0201690E-06
   1.5544858E+03   4.3640000E+03   4.2870000E+03   5.9986876E-05   5.8733112E-05
   1.5544934E+03   4.3240000E+03   4.2410000E+03   1.1386534E-05   1.1590496E-05
   1.5545009E+03   4.2280000E+03   4.1380000E+03   2.6528764E-06   2.7068000E-06
   1.5545084E+03   4.2410000E+03   4.1490000E+03   8.9042789E-06   9.1019982E-06
   1.5545160E+03   4.1240000E+03   4.0660000E+03   4.1435086E-06   4.1964038E-06
   1.5545235E+03   4.1280000E+03   4.0510000E+03   7.3494378E-06   7.5129403E-06
   1.5545310E+03   4.3230000E+03   4.2520000E+03   2.3840283E-06   2.3374068E-06
   1.5545385E+03   4.3380000E+03   4.2330000E+03   3.0940929E-06   3.1280975E-06
   1.5545461E+03   4.1800000E+03   4.1000000E+03   1.8822087E-05   1.9174086E-05
   1.5545536E+03   4.0840000E+03   3.9890000E+03   1.2129371E-05   1.2383264E-05
   1.5545611E+03   4.1980000E+03   4.1190000E+03   3.6733829E-05   3.7445842E-05
   1.5545687E+03   4.1880000E+03   4.0960000E+03   2.8283936E-06   2.9801924E-06
   1.5545762E+03   4.1300000E+03   4.0440000E+03   1.3121652E-06   1.3542671E-06
   1.5545837E+03   4.2250000E+03   4.1380000E+03   8.9727921E-05   9.1666019E-05
   1.5545912E+03   4.0930000E+03   4.0170000E+03   2.3363480E-06   2.4350169E-06
   1.5545988E+03   4.1610000E+03   4.0890000E+03   4.6026809E-07   4.6398651E-07
   1.5546063E+03   4.0740000E+03   4.0090000E+03   2.6720004E-06   2.7768942E-06
   1.5546138E+03   4.0830000E+03   4.0110000E+03   1.9434757E-05   2.0953530E-05
   1.5546214E+03   4.0580000E+03   3.9780000E+03   4.3407705E-06   4.3359046E-06
   1.5546289E+03   4.1280000E+03   4.0450000E+03   1.9065297E-06   9.7201577E-07
   1.5546364E+03   4.0840000E+03   3.9950000E+03   9.9936017E-06   1.6103215E-05
   1.5546439E+03   3.9820000E+03   3.8970000E+03   7.8165346E-06   7.9768386E-06
   1.5546515E+03   3.9390000E+03   3.8650000E+03   1.2416835E-06   1.3444592E-06
   1.5546590E+03   4.0950000E+03   4.0220000E+03   9.4607166E-06   9.8818321E-06
   1.5546665E+03   3.8960000E+03   3.8240000E+03   2.7004504E-05   2.7638779E-05
   1.5546740E+03   4.0390000E+03   3.9660000E+03   1.2599107E-06   1.5301616E-06
   1.5546816E+03   3.9840000E+03   3.8940000E+03   1.3104672E-06   1.3144497E-06
   1.5546891E+03   3.9430000E+03   3.8700000E+03   9.6400514E-06   9.7935197E-06
   1.5546966E+03   4.0070000E+03   3.9270000E+03   5.5084995E-07   6.3728562E-07
   1.5547042E+03   3.9850000E+03   3.9130000E+03   6.4311368E-06   6.4861475E-06
   1.5547117E+03   3.9020000E+03   3.8080000E+03   1.8509231E-05   1.7403765E-05
   1.5547192E+03   4.0190000E+03   3.9440000E+03   2.2325595E-06   1.6226519E-06
   1.5547267E+03   3.9590000E+03   3.8740000E+03   1.1665235E-04   1.1924514E-04
   1.5547343E+03   3.6650000E+03   3.5900000E+03   2.2243725E-05   2.2680911E-05
   1.5547418E+03   3.9600000E+03   3.8840000E+03   8.9762375E-07   9.3032509E-07
   1.5547493E+03   3.7970000E+03   3.7280000E+03   2.4872964E-06   2.5506585E-06
   1.5547569E+03   3.9210000E+03   3.8420000E+03   1.0323101E-05   9.9893743E-06
   1.5547644E+03   3.8650000E+03   3.7720000E+03   1.4034635E-04   1.4385855E-04
   1.5547719E+03   3.8460000E+03   3.7710000E+03   8.4077533E-06   8.6924250E-06
   1.5547794E+03   3.8540000E+03   3.7760000E+03   1.5569976E-04   1.5925691E-04
   1.5547870E+03   3.9070000E+03   3.8250000E+03   1.0491789E-05   1.0917151E-05
   1.5547945E+03   3.7720000E+03   3.6960000E+03   1.4460212E-04   1.4760618E-04
   1.5548020E+03   3.8330000E+03   3.7660000E+03   1.3416894E-06   1.3969014E-06
   1.5548096E+03   3.7560000E+03   3.6740000E+03   3.4087678E-07   6.0526327E-07
   1.5548171E+03   3.7870000E+03   3.7090000E+03   5.5449966E-07   5.3541964E-07
   1.5548246E+03   3.6930000E+03   3.6250000E+03   4.4816963E-05   4.5651520E-05
   1.5548321E+03   3.7880000E+03   3.7030000E+03   1.7402932E-05   1.7772786E-05
   1.5548397E+03   3.6630000E+03   3.5830000E+03   8.4332604E-05   8.6220755E-05
   1.5548472E+03   3.7000000E+03   3.6210000E+03   1.0783640E-04   1.1020385E-04
   1.5548547E+03   3.6810000E+03   3.6070000E+03   4.7890477E-06   4.8962272E-06
   1.5548623E+03   3.6180000E+03   3.5390000E+03   4.0799481E-07   3.9752707E-07
   1.5548698E+03   3.6110000E+03   3.5250000E+03   5.6249064E-07   5.6957372E-07
   1.5548773E+03   3.6410000E+03   3.5690000E+03   9.9320744E-07   8.9551302E-07
   1.5548848E+03   3.6240000E+03   3.5340000E+03   5.5722424E-06   5.6812779E-06
   1.5548924E+03   3.6950000E+03   3.6250000E+03   2.1146786E-06   2.1372357E-06
   1.5548999E+03   3.5760000E+03   3.5020000E+03   1.7862354E-06   1.7972342E-06
   1.5549074E+03   3.5910000E+03   3.5350000E+03   3.0414967E-07   2.8409474E-07
   1.5549150E+03   3.5590000E+03   3.4960000E+03   1.1784823E-04   1.1998557E-04
   1.5549225E+03   3.5120000E+03   3.4440000E+03   5.0543356E-05   5.1545788E-05
   1.5549300E+03   3.4670000E+03   3.3850000E+03   5.2854850E-06   5.4081332E-06
   1.5549375E+03   3.6480000E+03   3.5810000E+03   1.0689144E-06   8.4253475E-07
   1.5549451E+03   3.5580000E+03   3.4790000E+03   4.2606390E-06   4.4206732E-06
   1.5549526E+03   3.4440000E+03   3.3690000E+03   3.6789509E-06   3.7650314E-06
   1.5549601E+03   3.5730000E+03   3.4950000E+03   7.9161335E-07   1.0125362E-06
   1.5549677E+03   3.3440000E+03   3.2740000E+03   4.3528154E-06   4.3532867E-06
   1.5549752E+03   3.4810000E+03   3.4090000E+03   4.3733491E-06   4.5682266E-06
   1.5549827E+03   3.3660000E+03   3.3090000E+03   3.2927239E-05   3.7367586E-05
   1.5549902E+03   3.4190000E+03   3.3680000E+03   5.5126482E-06   5.1207862E-07
   1.5549978E+03   3.4820000E+03   3.4110000E+03   2.3532052E-05   2.4041736E-05
   1.5550053E+03   3.4580000E+03   3.3920000E+03   1.1649967E-06   1.1873689E-06
   1.5550128E+03   3.5320000E+03   3.4690000E+03   1.6515811E-05   1.6820359E-05
   1.5550204E+03   3.3800000E+03   3.3100000E+03   7.6306486E-07   7.3943796E-07
   1.5550279E+03   3.4230000E+03   3.3500000E+03   2.1453561E-06   2.2094234E-06
   1.5550354E+03   3.4560000E+03   3.3740000E+03   1.3105196E-04   2.2548238E-07
   1.5550429E+03   3.3960000E+03   3.3160000E+03   2.7185213E-07   1.9928362E-07
   1.5550505E+03   3.3870000E+03   3.3120000E+03   6.9189674E-07   6.8132512E-07
   1.5550580E+03   3.3410000E+03   3.2730000E+03   1.4097901E-06   1.4096022E-06
   1.5550655E+03   3.3500000E+03   3.2860000E+03   6.5268013E-07   5.7447941E-07
   1.5550731E+03   3.2810000E+03   3.2180000E+03   1.4773509E-06   1.2872027E-06
   1.5550806E+03   3.3280000E+03   3.2630000E+03   2.2116314E-06   2.2536125E-06
   1.5550881E+03   3.2810000E+03   3.1990000E+03   2.3630894E-06   2.4608496E-06
   1.5550956E+03   3.2820000E+03   3.2100000E+03   7.8015257E-06   8.0129211E-06
   1.5551032E+03   3.3230000E+03   3.2500000E+03   5.6846800E-07   5.7093456E-07
   1.5551107E+03   3.1420000E+03   3.0790000E+03   2.4386805E-07   2.0788497E-07
   1.5551182E+03   3.1750000E+03   3.1060000E+03   1.9824881E-06   2.0321431E-06
   1.5551257E+03   3.2130000E+03   3.1560000E+03   2.2821300E-06   2.0697273E-06
   1.5551333E+03   3.1870000E+03   3.1350000E+03   1.3202075E-06   6.4404084E-07
   1.5551408E+03   3.1870000E+03   3.1130000E+03   5.5251487E-07   8.4984581E-08
   1.5551483E+03   3.2050000E+03   3.1340000E+03   7.7046427E-07   8.9758345E-07
   1.5551559E+03   3.0820000E+03   3.0380000E+03   1.2280065E-06   1.0861439E-06
   1.5551634E+03   3.1250000E+03   3.0680000E+03   3.5705325E-07   3.3570256E-07
   1.5551709E+03   3.1560000E+03   3.0880000E+03   2.3668897E-05   6.6234108E-06
   1.5551784E+03   3.1130000E+03   3.0360000E+03   2.1577722E-07   3.1323321E-07
   1.5551860E+03   3.1680000E+03   3.0910000E+03   2.9927024E-07   3.0427206E-07
   1.5551935E+03   3.1460000E+03   3.0800000E+03   6.3261435E-05   6.4679339E-05
   1.5552010E+03   3.0340000E+03   2.9670000E+03   2.1969792E-06   2.2395663E-06
   1.5552086E+03   3.1730000E+03   3.1020000E+03   2.7414778E-07   2.4903268E-07
   1.5552161E+03   3.1050000E+03   3.0440000E+03   6.5529074E-07   6.4771839E-07
   1.5552236E+03   3.0170000E+03   2.9460000E+03   8.2582924E-07   5.4255986E-07
   1.5552311E+03   2.9750000E+03   2.8950000E+03   2.1396682E-07   3.2730359E-07
   1.5552387E+03   3.0410000E+03   2.9880000E+03   3.4439149E-05   3.5066882E-05
   1.5552462E+03   3.0940000E+03   3.0210000E+03   4.0402272E-05   3.9921973E-05
   1.5552537E+03   2.9580000E+03   2.8880000E+03   1.7285997E-04   1.7725303E-04
   1.5552613E+03   3.0480000E+03   2.9770000E+03   5.4315719E-05   3.3870449E-06
   1.5552688E+03   3.0320000E+03   2.9660000E+03   2.8285692E-08   8.9800574E-08
   1.5552763E+03   2.9400000E+03   2.8640000E+03   6.0151275E-07   5.9918847E-07
   1.5552838E+03   2.9760000E+03   2.9030000E+03   2.3582505E-07   2.4343474E-07
   1.5552914E+03   3.0060000E+03   2.9390000E+03   5.3648172E-07   6.0960588E-08
   1.5552989E+03   2.9350000E+03   2.8660000E+03   1.1565501E-06   1.2445363E-06
   1.5553064E+03   3.0050000E+03   2.9390000E+03   7.8435153E-08   1.2518682E-07
   1.5553140E+03   2.9530000E+03   2.8900000E+03   1.1283189E-06   1.3950329E-06
   1.5553215E+03   2.9230000E+03   2.8550000E+03   1.5369811E-08   2.6534949E-08
   1.5553290E+03   2.8990000E+03   2.8480000E+03   5.4571436E-06   5.6139118E-06
   1.5553365E+03   2.9090000E+03   2.8470000E+03   1.6452357E-07   7.0122140E-08
   1.5553441E+03   2.9080000E+03   2.8290000E+03   7.8850630E-07   9.5524002E-07
   1.5553516E+03   2.9490000E+03   2.8820000E+03   2.2531194E-04   2.3045203E-04
   1.5553591E+03   2.8630000E+03   2.8010000E+03   9.7042195E-08   7.4250218E-08
   1.5553667E+03   2.8720000E+03   2.8140000E+03   3.7078495E-07   4.0992152E-07
   1.5553742E+03   2.9020000E+03   2.8320000E+03   3.3486667E-05   3.4249419E-05
   1.5553817E+03   2.8570000E+03   2.7920000E+03   6.5696823E-07   1.7364086E-07
   1.5553892E+03   2.7000000E+03   2.6510000E+03   2.0748107E-07   1.4773151E-07
   1.5553968E+03   2.7260000E+03   2.6880000E+03   6.5607166E-08   4.4390934E-08
   1.5554043E+03   2.8030000E+03   2.7450000E+03   1.1420730E-05   1.1683293E-05
   1.5554118E+03   2.7980000E+03   2.7460000E+03   1.1343202E-07   1.2698544E-07
   1.5554194E+03   2.7160000E+03   2.6470000E+03   5.3229616E-06   5.4588102E-06
   1.5554269E+03   2.8630000E+03   2.7970000E+03   1.6859946E-06   1.0297165E-06
   1.5554344E+03   2.8290000E+03   2.7730000E+03   3.0238642E-08   3.4623552E-08
   1.5554419E+03   2.7210000E+03   2.6640000E+03   2.2890458E-08   5.6241724E-08
   1.5554495E+03   2.7230000E+03   2.6680000E+03   9.0619735E-08   6.6535403E-08
   1.5554570E+03   2.6280000E+03   2.5860000E+03   7.7569872E-07   1.1795532E-08
   1.5554645E+03   2.7010000E+03   2.6550000E+03   4.5121427E-05   4.5898675E-05
   1.5554721E+03   2.6360000E+03   2.5850000E+03   7.5926902E-08   8.2738289E-08
   1.5554796E+03   2.6960000E+03   2.6510000E+03   1.1693466E-04   1.1891230E-04
   1.5554871E+03   2.7730000E+03   2.7330000E+03   7.3218113E-10   7.5335415E-10
   1.5554946E+03   2.6600000E+03   2.6200000E+03   2.6818159E-08   7.0134337E-10
   1.5555022E+03   2.6240000E+03   2.5820000E+03   2.6512352E-09   2.6300668E-09
   1.5555097E+03   2.6590000E+03   2.6050000E+03   3.9686687E-08   4.0130914E-08
   1.5555172E+03   2.7000000E+03   2.6640000E+03   0.0000000E+00   0.0000000E+00
   1.5555248E+03   2.5020000E+03   2.4600000E+03   4.5585253E-10   0.0000000E+00
   1.5555323E+03   2.5640000E+03   2.5330000E+03   0.0000000E+00   0.0000000E+00
   1.5555398E+03   2.6110000E+03   2.5620000E+03   0.0000000E+00   0.0000000E+00
   1.5555473E+03   2.6830000E+03   2.6390000E+03   0.0000000E+00   0.0000000E+00
   1.5555549E+03   2.6120000E+03   2.5710000E+03   0.0000000E+00   0.0000000E+00
   1.5555624E+03   2.6300000E+03   2.5730000E+03   0.0000000E+00   0.0000000E+00
   1.5555699E+03   2.6210000E+03   2.5760000E+03   0.0000000E+00   0.0000000E+00
   1.5555774E+03   2.5480000E+03   2.5200000E+03   1.9723694E-04   1.9942846E-04
   1.5555850E+03   2.5990000E+03   2.5440000E+03   0.0000000E+00   0.0000000E+00
   1.5555925E+03   2.6670000E+03   2.6220000E+03   0.0000000E+00   0.0000000E+00
   1.5556000E+03   2.6130000E+03   2.5670000E+03   0.0000000E+00   0.0000000E+00
   1.5556076E+03   2.5910000E+03   2.5530000E+03   0.0000000E+00   0.0000000E+00
   1.5556151E+03   2.5330000E+03   2.4870000E+03   0.0000000E+00   0.0000000E+00
   1.5556226E+03   2.7190000E+03   2.6810000E+03   0.0000000E+00   0.0000000E+00
   1.5556301E+03   2.5820000E+03   2.5360000E+03   0.0000000E+00   0.0000000E+00
   1.5556377E+03   2.5540000E+03   2.5180000E+03   0.0000000E+00   0.0000000E+00
   1.5556452E+03   2.6170000E+03   2.5820000E+03   0.0000000E+00   0.0000000E+00
   1.5556527E+03   2.5510000E+03   2.5090000E+03   0.0000000E+00   0.0000000E+00
   1.5556603E+03   2.5790000E+03   2.5440000E+03   0.0000000E+00   0.0000000E+00
   1.5556678E+03   2.5990000E+03   2.5590000E+03   0.0000000E+00   0.0000000E+00
   1.5556753E+03   2.4490000E+03   2.4110000E+03   0.0000000E+00   0.0000000E+00
   1.5556828E+03   2.5750000E+03   2.5360000E+03   0.0000000E+00   0.0000000E+00
   1.5556904E+03   2.6240000E+03   2.5870000E+03   0.0000000E+00   0.0000000E+00
   1.5556979E+03   2.5110000E+03   2.4770000E+03   0.0000000E+00   0.0000000E+00
   1.5557054E+03   2.5240000E+03   2.4930000E+03   0.0000000E+00   0.0000000E+00
   1.5557130E+03   2.5060000E+03   2.4700000E+03   0.0000000E+00   0.0000000E+00
   1.5557205E+03   2.3670000E+03   2.3240000E+03   0.0000000E+00   0.0000000E+00
   1.5557280E+03   2.5270000E+03   2.4910000E+03   0.0000000E+00   0.0000000E+00
   1.5557355E+03   2.4980000E+03   2.4760000E+03   0.0000000E+00   0.0000000E+00
   1.5557431E+03   2.5680000E+03   2.5200000E+03   0.0000000E+00   0.0000000E+00
   1.5557506E+03   2.5820000E+03   2.5470000E+03   0.0000000E+00   0.0000000E+00
   1.5557581E+03   2.5420000E+03   2.5130000E+03   0.0000000E+00   0.0000000E+00
   1.5557657E+03   2.6200000E+03   2.5800000E+03   2.5941121E-04   2.6343309E-04
   1.5557732E+03   2.4300000E+03   2.3840000E+03   1.6871577E-04   1.7197119E-04
   1.5557807E+03   2.5060000E+03   2.4740000E+03   1.6868506E-04   1.7086692E-04
   1.5557882E+03   2.4640000E+03   2.4280000E+03   0.0000000E+00   0.0000000E+00
   1.5557958E+03   2.4830000E+03   2.4350000E+03   0.0000000E+00   0.0000000E+00
   1.5558033E+03   2.4900000E+03   2.4640000E+03   0.0000000E+00   0.0000000E+00
   1.5558108E+03   2.4840000E+03   2.4440000E+03   0.0000000E+00   0.0000000E+00
   1.5558184E+03   2.4200000E+03   2.3830000E+03   0.0000000E+00   0.0000000E+00
   1.5558259E+03   2.4500000E+03   2.4150000E+03   0.0000000E+00   0.0000000E+00
   1.5558334E+03   2.4120000E+03   2.3820000E+03   0.0000000E+00   0.0000000E+00
   1.5558409E+03   2.5690000E+03   2.5260000E+03   0.0000000E+00   0.0000000E+00
   1.5558485E+03   2.4760000E+03   2.4410000E+03   0.0000000E+00   0.0000000E+00
   1.5558560E+03   2.4510000E+03   2.4160000E+03   0.0000000E+00   0.0000000E+00
   1.5558635E+03   2.4340000E+03   2.3990000E+03   0.0000000E+00   0.0000000E+00
   1.5558711E+03   2.3750000E+03   2.3320000E+03   0.0000000E+00   0.0000000E+00
   1.5558786E+03   2.4510000E+03   2.4150000E+03   0.0000000E+00   0.0000000E+00
   1.5558861E+03   2.4680000E+03   2.4250000E+03   0.0000000E+00   0.0000000E+00
   1.5558936E+03   2.4360000E+03   2.4030000E+03   0.0000000E+00   0.0000000E+00
   1.5559012E+03   2.4150000E+03   2.3820000E+03   0.0000000E+00   0.0000000E+00
   1.5559087E+03   2.4980000E+03   2.4650000E+03   0.0000000E+00   0.0000000E+00
   1.5559162E+03   2.4680000E+03   2.4230000E+03   0.0000000E+00   0.0000000E+00
   1.5559238E+03   2.3350000E+03   2.3020000E+03   0.0000000E+00   0.0000000E+00
   1.5559313E+03   2.4140000E+03   2.3750000E+03   0.0000000E+00   0.0000000E+00
   1.5559388E+03   2.3930000E+03   2.3550000E+03   0.0000000E+00   0.0000000E+00
   1.5559463E+03   2.3950000E+03   2.3600000E+03   0.0000000E+00   0.0000000E+00
   1.5559539E+03   2.4340000E+03   2.3990000E+03   0.0000000E+00   0.0000000E+00
   1.5559614E+03   2.4000000E+03   2.3680000E+03   0.0000000E+00   0.0000000E+00
   1.5559689E+03   2.3930000E+03   2.3500000E+03   0.0000000E+00   0.0000000E+00
   1.5559765E+03   2.3710000E+03   2.3300000E+03   0.0000000E+00   0.0000000E+00
   1.5559840E+03   2.3440000E+03   2.2970000E+03   0.0000000E+00   0.0000000E+00
   1.5559915E+03   2.3910000E+03   2.3360000E+03   0.0000000E+00   0.0000000E+00
   1.5559990E+03   2.3940000E+03   2.3660000E+03   0.0000000E+00   0.0000000E+00
   1.5560066E+03   2.3720000E+03   2.3430000E+03   0.0000000E+00   0.0000000E+00
   1.5560141E+03   2.3430000E+03   2.3030000E+03   0.0000000E+00   0.0000000E+00
   1.5560216E+03   2.3660000E+03   2.3240000E+03   0.0000000E+00   0.0000000E+00
   1.5560291E+03   2.4200000E+03   2.3760000E+03   0.0000000E+00   0.0000000E+00
   1.5560367E+03   2.3990000E+03   2.3590000E+03   0.0000000E+00   0.0000000E+00
   1.5560442E+03   2.2800000E+03   2.2350000E+03   0.0000000E+00   0.0000000E+00
   1.5560517E+03   2.3220000E+03   2.2820000E+03   0.0000000E+00   0.0000000E+00
   1.5560593E+03   2.4020000E+03   2.3700000E+03   0.0000000E+00   0.0000000E+00
   1.5560668E+03   2.2970000E+03   2.2540000E+03   0.0000000E+00   0.0000000E+00
   1.5560743E+03   2.2780000E+03   2.2460000E+03   0.0000000E+00   0.0000000E+00
   1.5560818E+03   2.2720000E+03   2.2360000E+03   0.0000000E+00   0.0000000E+00
   1.5560894E+03   2.2810000E+03   2.2500000E+03   0.0000000E+00   0.0000000E+00
   1.5560969E+03   2.3080000E+03   2.2730000E+03   0.0000000E+00   0.0000000E+00
   1.5561044E+03   2.3440000E+03   2.3060000E+03   0.0000000E+00   0.0000000E+00
   1.5561120E+03   2.2770000E+03   2.2440000E+03   0.0000000E+00   0.0000000E+00
   1.5561195E+03   2.1590000E+03   2.1230000E+03   7.9789525E-05   8.1142527E-05
   1.5561270E+03   2.2980000E+03   2.2490000E+03   0.0000000E+00   0.0000000E+00
   1.5561345E+03   2.3140000E+03   2.2850000E+03   0.0000000E+00   0.0000000E+00
   1.5561421E+03   2.2210000E+03   2.1870000E+03   0.0000000E+00   0.0000000E+00
   1.5561496E+03   2.3350000E+03   2.2970000E+03   0.0000000E+00   0.0000000E+00
   1.5561571E+03   2.1830000E+03   2.1400000E+03   0.0000000E+00   0.0000000E+00
   1.5561647E+03   2.2110000E+03   2.1880000E+03   0.0000000E+00   0.0000000E+00
   1.5561722E+03   2.1970000E+03   2.1630000E+03   0.0000000E+00   0.0000000E+00
   1.5561797E+03   2.2480000E+03   2.2140000E+03   0.0000000E+00   0.0000000E+00
   1.5561872E+03   2.2670000E+03   2.2270000E+03   0.0000000E+00   0.0000000E+00
   1.5561948E+03   2.2520000E+03   2.2080000E+03   0.0000000E+00   0.0000000E+00
   1.5562023E+03   2.2250000E+03   2.1820000E+03   0.0000000E+00   0.0000000E+00
   1.5562098E+03   2.2620000E+03   2.2260000E+03   0.0000000E+00   0.0000000E+00
   1.5562174E+03   2.2420000E+03   2.2120000E+03   0.0000000E+00   0.0000000E+00
   1.5562249E+03   2.2350000E+03   2.2100000E+03   0.0000000E+00   0.0000000E+00
   1.5562324E+03   2.2200000E+03   2.1870000E+03   0.0000000E+00   0.0000000E+00
   1.5562399E+03   2.2410000E+03   2.2160000E+03   0.0000000E+00   0.0000000E+00
   1.5562475E+03   2.1750000E+03   2.1440000E+03   2.5513328E-04   2.5882224E-04
   1.5562550E+03   2.1860000E+03   2.1440000E+03   0.0000000E+00   0.0000000E+00
   1.5562625E+03   2.1690000E+03   2.1410000E+03   0.0000000E+00   0.0000000E+00
   1.5562701E+03   2.2930000E+03   2.2640000E+03   0.0000000E+00   0.0000000E+00
   1.5562776E+03   2.2090000E+03   2.1680000E+03   0.0000000E+00   0.0000000E+00
   1.5562851E+03   2.2350000E+03   2.1980000E+03   0.0000000E+00   0.0000000E+00
   1.5562926E+03   2.2200000E+03   2.1870000E+03   0.0000000E+00   0.0000000E+00
   1.5563002E+03   2.1510000E+03   2.1170000E+03   0.0000000E+00   0.0000000E+00
   1.5563077E+03   2.1960000E+03   2.1650000E+03   0.0000000E+00   0.0000000E+00
   1.5563152E+03   2.1160000E+03   2.0810000E+03   0.0000000E+00   0.0000000E+00
   1.5563228E+03   2.1450000E+03   2.1160000E+03   0.0000000E+00   0.0000000E+00
   1.5563303E+03   2.1870000E+03   2.1440000E+03   0.0000000E+00   0.0000000E+00
   1.5563378E+03   2.1440000E+03   2.1170000E+03   0.0000000E+00   0.0000000E+00
   1.5563453E+03   2.1330000E+03   2.0880000E+03   0.0000000E+00   0.0000000E+00
   1.5563529E+03   2.0640000E+03   2.0270000E+03   0.0000000E+00   0.0000000E+00
   1.5563604E+03   2.1160000E+03   2.0770000E+03   0.0000000E+00   0.0000000E+00
   1.5563679E+03   2.1070000E+03   2.0810000E+03   0.0000000E+00   0.0000000E+00
   1.5563755E+03   2.1650000E+03   2.1300000E+03   0.0000000E+00   0.0000000E+00
   1.5563830E+03   2.1640000E+03   2.1350000E+03   0.0000000E+00   0.0000000E+00
   1.5563905E+03   2.1270000E+03   2.0920000E+03   0.0000000E+00   0.0000000E+00
   1.5563980E+03   2.1460000E+03   2.1160000E+03   0.0000000E+00   0.0000000E+00
   1.5564056E+03   2.1200000E+03   2.0800000E+03   0.0000000E+00   0.0000000E+00
   1.5564131E+03   2.1430000E+03   2.1180000E+03   0.0000000E+00   0.0000000E+00
   1.5564206E+03   2.1350000E+03   2.1040000E+03   0.0000000E+00   0.0000000E+00
   1.5564282E+03   2.0820000E+03   2.0510000E+03   0.0000000E+00   0.0000000E+00
   1.5564357E+03   2.0420000E+03   2.0130000E+03   0.0000000E+00   0.0000000E+00
   1.5564432E+03   2.0900000E+03   2.0530000E+03   0.0000000E+00   0.0000000E+00
   1.5564507E+03   2.1220000E+03   2.0940000E+03   0.0000000E+00   0.0000000E+00
   1.5564583E+03   2.0500000E+03   2.0210000E+03   0.0000000E+00   0.0000000E+00
   1.5564658E+03   2.1050000E+03   2.0770000E+03   0.0000000E+00   0.0000000E+00
   1.5564733E+03   2.1380000E+03   2.1050000E+03   0.0000000E+00   0.0000000E+00
   1.5564808E+03   2.0570000E+03   2.0290000E+03   0.0000000E+00   0.0000000E+00
   1.5564884E+03   2.0550000E+03   2.0200000E+03   0.0000000E+00   0.0000000E+00
   1.5564959E+03   2.1100000E+03   2.0850000E+03   0.0000000E+00   0.0000000E+00
   1.5565034E+03   2.0300000E+03   2.0130000E+03   0.0000000E+00   0.0000000E+00
   1.5565110E+03   2.1350000E+03   2.1030000E+03   0.0000000E+00   0.0000000E+00
   1.5565185E+03   2.0780000E+03   2.0480000E+03   0.0000000E+00   0.0000000E+00
   1.5565260E+03   2.0660000E+03   2.0330000E+03   0.0000000E+00   0.0000000E+00
   1.5565335E+03   2.0870000E+03   2.0530000E+03   0.0000000E+00   0.0000000E+00
   1.5565411E+03   1.9760000E+03   1.9400000E+03   0.0000000E+00   0.0000000E+00
   1.5565486E+03   2.0310000E+03   1.9970000E+03   0.0000000E+00   0.0000000E+00
   1.5565561E+03   2.0740000E+03   2.0430000E+03   0.0000000E+00   0.0000000E+00
   1.5565637E+03   2.0940000E+03   2.0720000E+03   0.0000000E+00   0.0000000E+00
   1.5565712E+03   1.9600000E+03   1.9370000E+03   0.0000000E+00   0.0000000E+00
   1.5565787E+03   2.0680000E+03   2.0370000E+03   0.0000000E+00   0.0000000E+00
   1.5565862E+03   1.9550000E+03   1.9280000E+03   0.0000000E+00   0.0000000E+00
   1.5565938E+03   1.9690000E+03   1.9490000E+03   0.0000000E+00   0.0000000E+00
   1.5566013E+03   1.9260000E+03   1.9080000E+03   0.0000000E+00   0.0000000E+00
   1.5566088E+03   1.9570000E+03   1.9220000E+03   0.0000000E+00   0.0000000E+00
   1.5566164E+03   2.0470000E+03   2.0210000E+03   0.0000000E+00   0.0000000E+00
   1.5566239E+03   1.9530000E+03   1.9220000E+03   0.0000000E+00   0.0000000E+00
   1.5566314E+03   1.9580000E+03   1.9200000E+03   0.0000000E+00   0.0000000E+00
   1.5566389E+03   1.9690000E+03   1.9290000E+03   0.0000000E+00   0.0000000E+00
   1.5566465E+03   1.9450000E+03   1.9160000E+03   0.0000000E+00   0.0000000E+00
   1.5566540E+03   2.0040000E+03   1.9760000E+03   0.0000000E+00   0.0000000E+00
   1.5566615E+03   1.9370000E+03   1.9120000E+03   0.0000000E+00   0.0000000E+00
   1.5566691E+03   1.8480000E+03   1.8210000E+03   0.0000000E+00   0.0000000E+00
   1.5566766E+03   1.9280000E+03   1.8910000E+03   0.0000000E+00   0.0000000E+00
   1.5566841E+03   1.9100000E+03   1.8790000E+03   0.0000000E+00   0.0000000E+00
   1.5566916E+03   1.9450000E+03   1.9170000E+03   0.0000000E+00   0.0000000E+00
   1.5566992E+03   1.8910000E+03   1.8590000E+03   0.0000000E+00   0.0000000E+00
   1.5567067E+03   1.9840000E+03   1.9540000E+03   0.0000000E+00   0.0000000E+00
   1.5567142E+03   1.8790000E+03   1.8480000E+03   0.0000000E+00   0.0000000E+00
   1.5567218E+03   1.8970000E+03   1.8710000E+03   0.0000000E+00   0.0000000E+00
   1.5567293E+03   1.9600000E+03   1.9150000E+03   0.0000000E+00   0.0000000E+00
   1.5567368E+03   1.9360000E+03   1.9170000E+03   2.1056575E-04   2.1265273E-04
   1.5567443E+03   1.9150000E+03   1.8800000E+03   0.0000000E+00   0.0000000E+00
   1.5567519E+03   1.9440000E+03   1.9120000E+03   0.0000000E+00   0.0000000E+00
   1.5567594E+03   1.9120000E+03   1.8880000E+03   0.0000000E+00   0.0000000E+00
   1.5567669E+03   1.9130000E+03   1.8810000E+03   0.0000000E+00   0.0000000E+00
   1.5567745E+03   1.8890000E+03   1.8540000E+03   0.0000000E+00   0.0000000E+00
   1.5567820E+03   1.8760000E+03   1.8410000E+03   0.0000000E+00   0.0000000E+00
   1.5567895E+03   1.8820000E+03   1.8420000E+03   0.0000000E+00   0.0000000E+00
   1.5567970E+03   1.8780000E+03   1.8490000E+03   1.0050055E-05   1.0207681E-05
   1.5568046E+03   1.8830000E+03   1.8560000E+03   0.0000000E+00   0.0000000E+00
   1.5568121E+03   1.8680000E+03   1.8400000E+03   0.0000000E+00   0.0000000E+00
   1.5568196E+03   1.9510000E+03   1.9190000E+03   0.0000000E+00   0.0000000E+00
   1.5568272E+03   1.9730000E+03   1.9330000E+03   0.0000000E+00   0.0000000E+00
   1.5568347E+03   1.8960000E+03   1.8620000E+03   0.0000000E+00   0.0000000E+00
   1.5568422E+03   1.8070000E+03   1.7850000E+03   0.0000000E+00   0.0000000E+00
   1.5568497E+03   1.8670000E+03   1.8360000E+03   0.0000000E+00   0.0000000E+00
   1.5568573E+03   1.8560000E+03   1.8360000E+03   0.0000000E+00   0.0000000E+00
   1.5568648E+03   1.9180000E+03   1.8830000E+03   0.0000000E+00   0.0000000E+00
   1.5568723E+03   1.8580000E+03   1.8270000E+03   0.0000000E+00   0.0000000E+00
   1.5568799E+03   1.8090000E+03   1.7700000E+03   0.0000000E+00   0.0000000E+00
   1.5568874E+03   1.8100000E+03   1.7830000E+03   0.0000000E+00   0.0000000E+00
   1.5568949E+03   1.8290000E+03   1.8010000E+03   0.0000000E+00   0.0000000E+00
   1.5569024E+03   1.9060000E+03   1.8670000E+03   0.0000000E+00   0.0000000E+00
   1.5569100E+03   1.8460000E+03   1.8180000E+03   0.0000000E+00   0.0000000E+00
   1.5569175E+03   1.8340000E+03   1.7990000E+03   0.0000000E+00   0.0000000E+00
   1.5569250E+03   1.7440000E+03   1.7140000E+03   0.0000000E+00   0.0000000E+00
   1.5569325E+03   1.8790000E+03   1.8510000E+03   0.0000000E+00   0.0000000E+00
   1.5569401E+03   1.8320000E+03   1.8080000E+03   0.0000000E+00   0.0000000E+00
   1.5569476E+03   1.7990000E+03   1.7760000E+03   0.0000000E+00   0.0000000E+00
   1.5569551E+03   1.9080000E+03   1.8750000E+03   0.0000000E+00   0.0000000E+00
   1.5569627E+03   1.8020000E+03   1.7780000E+03   0.0000000E+00   0.0000000E+00
   1.5569702E+03   1.8760000E+03   1.8580000E+03   7.5084229E-05   7.5811632E-05
   1.5569777E+03   1.8390000E+03   1.8120000E+03   0.0000000E+00   0.0000000E+00
   1.5569852E+03   1.7320000E+03   1.7060000E+03   0.0000000E+00   0.0000000E+00
   1.5569928E+03   1.8010000E+03   1.7720000E+03   0.0000000E+00   0.0000000E+00
   1.5570003E+03   1.7930000E+03   1.7530000E+03   0.0000000E+00   0.0000000E+00
   1.5570078E+03   1.7480000E+03   1.7190000E+03   0.0000000E+00   0.0000000E+00
   1.5570154E+03   1.7940000E+03   1.7580000E+03   0.0000000E+00   0.0000000E+00
   1.5570229E+03   1.7330000E+03   1.7090000E+03   0.0000000E+00   0.0000000E+00
   1.5570304E+03   1.7910000E+03   1.7640000E+03   0.0000000E+00   0.0000000E+00
   1.5570379E+03   1.7820000E+03   1.7520000E+03   0.0000000E+00   0.0000000E+00
   1.5570455E+03   1.8000000E+03   1.7720000E+03   6.0746081E-05   6.1705951E-05
   1.5570530E+03   1.7220000E+03   1.6970000E+03   0.0000000E+00   0.0000000E+00
   1.5570605E+03   1.7790000E+03   1.7470000E+03   0.0000000E+00   0.0000000E+00
   1.5570681E+03   1.7040000E+03   1.6760000E+03   0.0000000E+00   0.0000000E+00
   1.5570756E+03   1.8070000E+03   1.7810000E+03   0.0000000E+00   0.0000000E+00
   1.5570831E+03   1.6980000E+03   1.6750000E+03   0.0000000E+00   0.0000000E+00
   1.5570906E+03   1.8010000E+03   1.7750000E+03   0.0000000E+00   0.0000000E+00
   1.5570982E+03   1.7640000E+03   1.7430000E+03   0.0000000E+00   0.0000000E+00
   1.5571057E+03   1.7230000E+03   1.6920000E+03   0.0000000E+00   0.0000000E+00
   1.5571132E+03   1.7420000E+03   1.7140000E+03   0.0000000E+00   0.0000000E+00
   1.5571208E+03   1.7420000E+03   1.7110000E+03   0.0000000E+00   0.0000000E+00
   1.5571283E+03   1.7090000E+03   1.6880000E+03   0.0000000E+00   0.0000000E+00
   1.5571358E+03   1.6830000E+03   1.6560000E+03   0.0000000E+00   0.0000000E+00
   1.5571433E+03   1.7900000E+03   1.7610000E+03   0.0000000E+00   0.0000000E+00
   1.5571509E+03   1.7550000E+03   1.7260000E+03   0.0000000E+00   0.0000000E+00
   1.5571584E+03   1.6920000E+03   1.6680000E+03   0.0000000E+00   0.0000000E+00
   1.5571659E+03   1.7240000E+03   1.6880000E+03   0.0000000E+00   0.0000000E+00
   1.5571735E+03   1.7560000E+03   1.7250000E+03   0.0000000E+00   0.0000000E+00
   1.5571810E+03   1.7080000E+03   1.6840000E+03   0.0000000E+00   0.0000000E+00
   1.5571885E+03   1.6680000E+03   1.6400000E+03   0.0000000E+00   0.0000000E+00
   1.5571960E+03   1.7660000E+03   1.7390000E+03   0.0000000E+00   0.0000000E+00
   1.5572036E+03   1.6880000E+03   1.6580000E+03   0.0000000E+00   0.0000000E+00
   1.5572111E+03   1.6260000E+03   1.5990000E+03   0.0000000E+00   0.0000000E+00
   1.5572186E+03   1.6750000E+03   1.6540000E+03   4.8471099E-04   4.9086512E-04
   1.5572262E+03   1.6880000E+03   1.6620000E+03   0.0000000E+00   0.0000000E+00
   1.5572337E+03   1.6240000E+03   1.6010000E+03   0.0000000E+00   0.0000000E+00
   1.5572412E+03   1.7420000E+03   1.7070000E+03   0.0000000E+00   0.0000000E+00
   1.5572487E+03   1.6480000E+03   1.6270000E+03   0.0000000E+00   0.0000000E+00
   1.5572563E+03   1.5820000E+03   1.5470000E+03   0.0000000E+00   0.0000000E+00
   1.5572638E+03   1.6790000E+03   1.6460000E+03   0.0000000E+00   0.0000000E+00
   1.5572713E+03   1.5890000E+03   1.5670000E+03   0.0000000E+00   0.0000000E+00
   1.5572789E+03   1.6710000E+03   1.6380000E+03   0.0000000E+00   0.0000000E+00
   1.5572864E+03   1.6270000E+03   1.6080000E+03   0.0000000E+00   0.0000000E+00
   1.5572939E+03   1.6160000E+03   1.6000000E+03   0.0000000E+00   0.0000000E+00
   1.5573014E+03   1.6150000E+03   1.5970000E+03   0.0000000E+00   0.0000000E+00
   1.5573090E+03   1.5690000E+03   1.5520000E+03   0.0000000E+00   0.0000000E+00
   1.5573165E+03   1.6050000E+03   1.5810000E+03   0.0000000E+00   0.0000000E+00
   1.5573240E+03   1.6980000E+03   1.6670000E+03   0.0000000E+00   0.0000000E+00
   1.5573316E+03   1.5980000E+03   1.5760000E+03   0.0000000E+00   0.0000000E+00
   1.5573391E+03   1.5960000E+03   1.5750000E+03   0.0000000E+00   0.0000000E+00
   1.5573466E+03   1.6800000E+03   1.6540000E+03   0.0000000E+00   0.0000000E+00
   1.5573541E+03   1.5320000E+03   1.4990000E+03   0.0000000E+00   0.0000000E+00
   1.5573617E+03   1.5880000E+03   1.5590000E+03   0.0000000E+00   0.0000000E+00
   1.5573692E+03   1.6360000E+03   1.6040000E+03   0.0000000E+00   0.0000000E+00
   1.5573767E+03   1.5840000E+03   1.5610000E+03   0.0000000E+00   0.0000000E+00
   1.5573842E+03   1.5670000E+03   1.5420000E+03   0.0000000E+00   0.0000000E+00
   1.5573918E+03   1.5770000E+03   1.5560000E+03   0.0000000E+00   0.0000000E+00
   1.5573993E+03   1.6120000E+03   1.5880000E+03   0.0000000E+00   0.0000000E+00
   1.5574068E+03   1.5630000E+03   1.5400000E+03   0.0000000E+00   0.0000000E+00
   1.5574144E+03   1.5860000E+03   1.5610000E+03   5.0945780E-04   5.1761696E-04
   1.5574219E+03   1.5510000E+03   1.5240000E+03   0.0000000E+00   0.0000000E+00
   1.5574294E+03   1.5800000E+03   1.5540000E+03   0.0000000E+00   0.0000000E+00
   1.5574369E+03   1.6150000E+03   1.5940000E+03   0.0000000E+00   0.0000000E+00
   1.5574445E+03   1.6000000E+03   1.5680000E+03   0.0000000E+00   0.0000000E+00
   1.5574520E+03   1.5100000E+03   1.4880000E+03   0.0000000E+00   0.0000000E+00
   1.5574595E+03   1.5780000E+03   1.5520000E+03   0.0000000E+00   0.0000000E+00
   1.5574671E+03   1.5070000E+03   1.4820000E+03   0.0000000E+00   0.0000000E+00
   1.5574746E+03   1.5350000E+03   1.5080000E+03   0.0000000E+00   0.0000000E+00
   1.5574821E+03   1.5290000E+03   1.4980000E+03   0.0000000E+00   0.0000000E+00
   1.5574896E+03   1.4740000E+03   1.4560000E+03   0.0000000E+00   0.0000000E+00
   1.5574972E+03   1.5370000E+03   1.5130000E+03   0.0000000E+00   0.0000000E+00
   1.5575047E+03   1.5880000E+03   1.5670000E+03   0.0000000E+00   0.0000000E+00
   1.5575122E+03   1.5120000E+03   1.4830000E+03   0.0000000E+00   0.0000000E+00
   1.5575198E+03   1.4600000E+03   1.4320000E+03   0.0000000E+00   0.0000000E+00
   1.5575273E+03   1.4840000E+03   1.4620000E+03   0.0000000E+00   0.0000000E+00
   1.5575348E+03   1.5730000E+03   1.5430000E+03   0.0000000E+00   0.0000000E+00
   1.5575423E+03   1.5240000E+03   1.5040000E+03   0.0000000E+00   0.0000000E+00
   1.5575499E+03   1.4910000E+03   1.4670000E+03   0.0000000E+00   0.0000000E+00
   1.5575574E+03   1.5500000E+03   1.5240000E+03   0.0000000E+00   0.0000000E+00
   1.5575649E+03   1.4910000E+03   1.4640000E+03   0.0000000E+00   0.0000000E+00
   1.5575725E+03   1.4900000E+03   1.4670000E+03   0.0000000E+00   0.0000000E+00
   1.5575800E+03   1.4770000E+03   1.4510000E+03   0.0000000E+00   0.0000000E+00
   1.5575875E+03   1.4340000E+03   1.4120000E+03   0.0000000E+00   0.0000000E+00
   1.5575950E+03   1.4780000E+03   1.4530000E+03   0.0000000E+00   0.0000000E+00
   1.5576026E+03   1.5200000E+03   1.4990000E+03   0.0000000E+00   0.0000000E+00
   1.5576101E+03   1.4840000E+03   1.4630000E+03   0.0000000E+00   0.0000000E+00
   1.5576176E+03   1.4410000E+03   1.4130000E+03   0.0000000E+00   0.0000000E+00
   1.5576252E+03   1.4810000E+03   1.4510000E+03   0.0000000E+00   0.0000000E+00
   1.5576327E+03   1.5180000E+03   1.4870000E+03   0.0000000E+00   0.0000000E+00
   1.5576402E+03   1.5140000E+03   1.4840000E+03   0.0000000E+00   0.0000000E+00
   1.5576477E+03   1.5180000E+03   1.4900000E+03   5.9822916E-04   6.0947105E-04
   1.5576553E+03   1.4230000E+03   1.4030000E+03   0.0000000E+00   0.0000000E+00
   1.5576628E+03   1.4900000E+03   1.4650000E+03   0.0000000E+00   0.0000000E+00
   1.5576703E+03   1.4680000E+03   1.4410000E+03   0.0000000E+00   0.0000000E+00
   1.5576779E+03   1.4770000E+03   1.4460000E+03   0.0000000E+00   0.0000000E+00
   1.5576854E+03   1.4470000E+03   1.4210000E+03   0.0000000E+00   0.0000000E+00
   1.5576929E+03   1.4580000E+03   1.4330000E+03   0.0000000E+00   0.0000000E+00
   1.5577004E+03   1.3840000E+03   1.3590000E+03   0.0000000E+00   0.0000000E+00
   1.5577080E+03   1.3860000E+03   1.3630000E+03   0.0000000E+00   0.0000000E+00
   1.5577155E+03   1.4640000E+03   1.4380000E+03   0.0000000E+00   0.0000000E+00
   1.5577230E+03   1.4220000E+03   1.4020000E+03   0.0000000E+00   0.0000000E+00
   1.5577306E+03   1.4550000E+03   1.4340000E+03   0.0000000E+00   0.0000000E+00
   1.5577381E+03   1.3750000E+03   1.3550000E+03   0.0000000E+00   0.0000000E+00
   1.5577456E+03   1.4100000E+03   1.3820000E+03   0.0000000E+00   0.0000000E+00
   1.5577531E+03   1.3990000E+03   1.3780000E+03   0.0000000E+00   0.0000000E+00
   1.5577607E+03   1.3690000E+03   1.3530000E+03   0.0000000E+00   0.0000000E+00
   1.5577682E+03   1.3320000E+03   1.3050000E+03   0.0000000E+00   0.0000000E+00
   1.5577757E+03   1.3850000E+03   1.3610000E+03   0.0000000E+00   0.0000000E+00
   1.5577833E+03   1.3960000E+03   1.3770000E+03   0.0000000E+00   0.0000000E+00
   1.5577908E+03   1.4630000E+03   1.4340000E+03   0.0000000E+00   0.0000000E+00
   1.5577983E+03   1.4140000E+03   1.3900000E+03   0.0000000E+00   0.0000000E+00
   1.5578058E+03   1.4510000E+03   1.4150000E+03   0.0000000E+00   0.0000000E+00
   1.5578134E+03   1.3980000E+03   1.3780000E+03   0.0000000E+00   0.0000000E+00
   1.5578209E+03   1.4100000E+03   1.3890000E+03   0.0000000E+00   0.0000000E+00
   1.5578284E+03   1.4060000E+03   1.3850000E+03   0.0000000E+00   0.0000000E+00
   1.5578359E+03   1.4200000E+03   1.3930000E+03   0.0000000E+00   0.0000000E+00
   1.5578435E+03   1.3470000E+03   1.3300000E+03   0.0000000E+00   0.0000000E+00
   1.5578510E+03   1.4220000E+03   1.3990000E+03   0.0000000E+00   0.0000000E+00
   1.5578585E+03   1.3340000E+03   1.3150000E+03   0.0000000E+00   0.0000000E+00
   1.5578661E+03   1.4540000E+03   1.4220000E+03   0.0000000E+00   0.0000000E+00
   1.5578736E+03   1.3300000E+03   1.3090000E+03   0.0000000E+00   0.0000000E+00
   1.5578811E+03   1.3070000E+03   1.2860000E+03   0.0000000E+00   0.0000000E+00
   1.5578886E+03   1.3560000E+03   1.3410000E+03   0.0000000E+00   0.0000000E+00
   1.5578962E+03   1.3970000E+03   1.3690000E+03   0.0000000E+00   0.0000000E+00
   1.5579037E+03   1.3670000E+03   1.3450000E+03   0.0000000E+00   0.0000000E+00
   1.5579112E+03   1.3320000E+03   1.3100000E+03   0.0000000E+00   0.0000000E+00
   1.5579188E+03   1.4060000E+03   1.3820000E+03   0.0000000E+00   0.0000000E+00
   1.5579263E+03   1.3330000E+03   1.3130000E+03   0.0000000E+00   0.0000000E+00
   1.5579338E+03   1.3220000E+03   1.3070000E+03   0.0000000E+00   0.0000000E+00
   1.5579413E+03   1.3750000E+03   1.3450000E+03   6.8333123E-04   6.9857281E-04
   1.5579489E+03   1.3600000E+03   1.3460000E+03   0.0000000E+00   0.0000000E+00
   1.5579564E+03   1.2840000E+03   1.2670000E+03   0.0000000E+00   0.0000000E+00
   1.5579639E+03   1.3130000E+03   1.2900000E+03   0.0000000E+00   0.0000000E+00
   1.5579715E+03   1.3700000E+03   1.3420000E+03   0.0000000E+00   0.0000000E+00
   1.5579790E+03   1.3250000E+03   1.3030000E+03   0.0000000E+00   0.0000000E+00
   1.5579865E+03   1.3120000E+03   1.2970000E+03   6.9218646E-04   7.0019170E-04
   1.5579940E+03   1.3120000E+03   1.2950000E+03   0.0000000E+00   0.0000000E+00
   1.5580016E+03   1.3660000E+03   1.3510000E+03   0.0000000E+00   0.0000000E+00
   1.5580091E+03   1.3650000E+03   1.3450000E+03   0.0000000E+00   0.0000000E+00
   1.5580166E+03   1.2760000E+03   1.2560000E+03   0.0000000E+00   0.0000000E+00
   1.5580242E+03   1.3100000E+03   1.2930000E+03   0.0000000E+00   0.0000000E+00
   1.5580317E+03   1.2870000E+03   1.2650000E+03   0.0000000E+00   0.0000000E+00
   1.5580392E+03   1.2750000E+03   1.2500000E+03   0.0000000E+00   0.0000000E+00
   1.5580467E+03   1.2730000E+03   1.2510000E+03   0.0000000E+00   0.0000000E+00
   1.5580543E+03   1.2560000E+03   1.2370000E+03   0.0000000E+00   0.0000000E+00
   1.5580618E+03   1.3240000E+03   1.3040000E+03   0.0000000E+00   0.0000000E+00
   1.5580693E+03   1.2540000E+03   1.2260000E+03   0.0000000E+00   0.0000000E+00
   1.5580769E+03   1.2720000E+03   1.2530000E+03   0.0000000E+00   0.0000000E+00
   1.5580844E+03   1.2950000E+03   1.2770000E+03   0.0000000E+00   0.0000000E+00
   1.5580919E+03   1.2500000E+03   1.2330000E+03   0.0000000E+00   0.0000000E+00
   1.5580994E+03   1.2030000E+03   1.1810000E+03   0.0000000E+00   0.0000000E+00
   1.5581070E+03   1.2520000E+03   1.2380000E+03   0.0000000E+00   0.0000000E+00
   1.5581145E+03   1.3060000E+03   1.2880000E+03   0.0000000E+00   0.0000000E+00
   1.5581220E+03   1.2500000E+03   1.2290000E+03   0.0000000E+00   0.0000000E+00
   1.5581296E+03   1.2440000E+03   1.2210000E+03   0.0000000E+00   0.0000000E+00
   1.5581371E+03   1.2980000E+03   1.2710000E+03   0.0000000E+00   0.0000000E+00
   1.5581446E+03   1.1720000E+03   1.1520000E+03   0.0000000E+00   0.0000000E+00
   1.5581521E+03   1.2090000E+03   1.1850000E+03   0.0000000E+00   0.0000000E+00
   1.5581597E+03   1.2240000E+03   1.2070000E+03   0.0000000E+00   0.0000000E+00
   1.5581672E+03   1.2800000E+03   1.2670000E+03   0.0000000E+00   0.0000000E+00
   1.5581747E+03   1.2840000E+03   1.2580000E+03   0.0000000E+00   0.0000000E+00
   1.5581823E+03   1.2270000E+03   1.2060000E+03   0.0000000E+00   0.0000000E+00
   1.5581898E+03   1.1810000E+03   1.1580000E+03   0.0000000E+00   0.0000000E+00
   1.5581973E+03   1.2320000E+03   1.2130000E+03   0.0000000E+00   0.0000000E+00
   1.5582048E+03   1.1770000E+03   1.1530000E+03   0.0000000E+00   0.0000000E+00
   1.5582124E+03   1.2300000E+03   1.2160000E+03   0.0000000E+00   0.0000000E+00
   1.5582199E+03   1.2070000E+03   1.1840000E+03   0.0000000E+00   0.0000000E+00
   1.5582274E+03   1.2170000E+03   1.1950000E+03   0.0000000E+00   0.0000000E+00
   1.5582350E+03   1.1980000E+03   1.1820000E+03   0.0000000E+00   0.0000000E+00
   1.5582425E+03   1.2260000E+03   1.2070000E+03   0.0000000E+00   0.0000000E+00
   1.5582500E+03   1.1370000E+03   1.1150000E+03   0.0000000E+00   0.0000000E+00
   1.5582575E+03   1.2040000E+03   1.1790000E+03   0.0000000E+00   0.0000000E+00
   1.5582651E+03   1.1290000E+03   1.1130000E+03   0.0000000E+00   0.0000000E+00
   1.5582726E+03   1.2590000E+03   1.2430000E+03   0.0000000E+00   0.0000000E+00
   1.5582801E+03   1.2620000E+03   1.2430000E+03   0.0000000E+00   0.0000000E+00
   1.5582876E+03   1.2490000E+03   1.2240000E+03   0.0000000E+00   0.0000000E+00
   1.5582952E+03   1.2410000E+03   1.2160000E+03   0.0000000E+00   0.0000000E+00
   1.5583027E+03   1.1430000E+03   1.1250000E+03   0.0000000E+00   0.0000000E+00
   1.5583102E+03   1.1590000E+03   1.1410000E+03   0.0000000E+00   0.0000000E+00
   1.5583178E+03   1.1970000E+03   1.1680000E+03   0.0000000E+00   0.0000000E+00
   1.5583253E+03   1.1630000E+03   1.1440000E+03   0.0000000E+00   0.0000000E+00
   1.5583328E+03   1.1760000E+03   1.1560000E+03   0.0000000E+00   0.0000000E+00
   1.5583403E+03   1.1690000E+03   1.1480000E+03   0.0000000E+00   0.0000000E+00
   1.5583479E+03   1.1750000E+03   1.1510000E+03   0.0000000E+00   0.0000000E+00
   1.5583554E+03   1.1440000E+03   1.1280000E+03   0.0000000E+00   0.0000000E+00
   1.5583629E+03   1.1360000E+03   1.1230000E+03   0.0000000E+00   0.0000000E+00
   1.5583705E+03   1.1190000E+03   1.1060000E+03   0.0000000E+00   0.0000000E+00
   1.5583780E+03   1.1610000E+03   1.1410000E+03   0.0000000E+00   0.0000000E+00
   1.5583855E+03   1.1200000E+03   1.0990000E+03   0.0000000E+00   0.0000000E+00
   1.5583930E+03   1.1430000E+03   1.1210000E+03   0.0000000E+00   0.0000000E+00
   1.5584006E+03   1.1270000E+03   1.1100000E+03   0.0000000E+00   0.0000000E+00
   1.5584081E+03   1.1940000E+03   1.1750000E+03   0.0000000E+00   0.0000000E+00
   1.5584156E+03   1.1080000E+03   1.0890000E+03   0.0000000E+00   0.0000000E+00
   1.5584232E+03   1.1550000E+03   1.1300000E+03   0.0000000E+00   0.0000000E+00
   1.5584307E+03   1.1650000E+03   1.1370000E+03   0.0000000E+00   0.0000000E+00
   1.5584382E+03   1.1650000E+03   1.1490000E+03   0.0000000E+00   0.0000000E+00
   1.5584457E+03   1.1250000E+03   1.1010000E+03   0.0000000E+00   0.0000000E+00
   1.5584533E+03   1.1500000E+03   1.1390000E+03   0.0000000E+00   0.0000000E+00
   1.5584608E+03   1.1650000E+03   1.1430000E+03   0.0000000E+00   0.0000000E+00
   1.5584683E+03   1.0530000E+03   1.0390000E+03   0.0000000E+00   0.0000000E+00
   1.5584759E+03   1.1080000E+03   1.0940000E+03   0.0000000E+00   0.0000000E+00
   1.5584834E+03   1.1180000E+03   1.1030000E+03   0.0000000E+00   0.0000000E+00
   1.5584909E+03   1.1020000E+03   1.0820000E+03   0.0000000E+00   0.0000000E+00
   1.5584984E+03   1.1340000E+03   1.1070000E+03   0.0000000E+00   0.0000000E+00
   1.5585060E+03   1.0470000E+03   1.0320000E+03   0.0000000E+00   0.0000000E+00
   1.5585135E+03   1.0440000E+03   1.0270000E+03   2.5263169E-04   2.5681352E-04
   1.5585210E+03   1.0640000E+03   1.0380000E+03   0.0000000E+00   0.0000000E+00
   1.5585286E+03   1.1060000E+03   1.0830000E+03   0.0000000E+00   0.0000000E+00
   1.5585361E+03   1.1080000E+03   1.0890000E+03   0.0000000E+00   0.0000000E+00
   1.5585436E+03   1.0800000E+03   1.0630000E+03   0.0000000E+00   0.0000000E+00
   1.5585511E+03   1.0500000E+03   1.0220000E+03   0.0000000E+00   0.0000000E+00
   1.5585587E+03   1.1300000E+03   1.1160000E+03   0.0000000E+00   0.0000000E+00
   1.5585662E+03   1.0930000E+03   1.0830000E+03   0.0000000E+00   0.0000000E+00
   1.5585737E+03   1.0680000E+03   1.0500000E+03   0.0000000E+00   0.0000000E+00
   1.5585813E+03   1.0370000E+03   1.0170000E+03   0.0000000E+00   0.0000000E+00
   1.5585888E+03   1.0640000E+03   1.0460000E+03   0.0000000E+00   0.0000000E+00
   1.5585963E+03   1.0420000E+03   1.0210000E+03   0.0000000E+00   0.0000000E+00
   1.5586038E+03   1.0870000E+03   1.0650000E+03   0.0000000E+00   0.0000000E+00
   1.5586114E+03   1.0340000E+03   1.0150000E+03   0.0000000E+00   0.0000000E+00
   1.5586189E+03   1.1220000E+03   1.0950000E+03   0.0000000E+00   0.0000000E+00
   1.5586264E+03   1.0540000E+03   1.0390000E+03   0.0000000E+00   0.0000000E+00
   1.5586340E+03   1.0420000E+03   1.0190000E+03   0.0000000E+00   0.0000000E+00
   1.5586415E+03   1.0020000E+03   9.8600000E+02   0.0000000E+00   0.0000000E+00
   1.5586490E+03   1.0570000E+03   1.0430000E+03   0.0000000E+00   0.0000000E+00
   1.5586565E+03   1.0770000E+03   1.0620000E+03   0.0000000E+00   0.0000000E+00
   1.5586641E+03   1.0140000E+03   9.9900000E+02   0.0000000E+00   0.0000000E+00
   1.5586716E+03   1.0970000E+03   1.0750000E+03   0.0000000E+00   0.0000000E+00
   1.5586791E+03   1.0400000E+03   1.0200000E+03   0.0000000E+00   0.0000000E+00
   1.5586867E+03   9.8400000E+02   9.7100000E+02   0.0000000E+00   0.0000000E+00
   1.5586942E+03   1.0100000E+03   9.9200000E+02   0.0000000E+00   0.0000000E+00
   1.5587017E+03   1.0310000E+03   1.0220000E+03   0.0000000E+00   0.0000000E+00
   1.5587092E+03   1.0360000E+03   1.0220000E+03   0.0000000E+00   0.0000000E+00
   1.5587168E+03   1.0550000E+03   1.0330000E+03   0.0000000E+00   0.0000000E+00
   1.5587243E+03   1.0060000E+03   9.8700000E+02   0.0000000E+00   0.0000000E+00
   1.5587318E+03   9.7900000E+02   9.6400000E+02   0.0000000E+00   0.0000000E+00
   1.5587393E+03   9.9200000E+02   9.7900000E+02   0.0000000E+00   0.0000000E+00
   1.5587469E+03   1.0050000E+03   9.9300000E+02   0.0000000E+00   0.0000000E+00
   1.5587544E+03   1.0480000E+03   1.0270000E+03   0.0000000E+00   0.0000000E+00
   1.5587619E+03   1.0090000E+03   9.8500000E+02   0.0000000E+00   0.0000000E+00
   1.5587695E+03   9.5300000E+02   9.3600000E+02   0.0000000E+00   0.0000000E+00
   1.5587770E+03   1.0520000E+03   1.0290000E+03   0.0000000E+00   0.0000000E+00
   1.5587845E+03   9.6000000E+02   9.4600000E+02   0.0000000E+00   0.0000000E+00
   1.5587920E+03   1.0000000E+03   9.8200000E+02   0.0000000E+00   0.0000000E+00
   1.5587996E+03   1.0310000E+03   1.0140000E+03   0.0000000E+00   0.0000000E+00
   1.5588071E+03   9.8900000E+02   9.6900000E+02   0.0000000E+00   0.0000000E+00
   1.5588146E+03   9.3700000E+02   9.1400000E+02   0.0000000E+00   0.0000000E+00
   1.5588222E+03   9.7800000E+02   9.6700000E+02   0.0000000E+00   0.0000000E+00
   1.5588297E+03   9.9200000E+02   9.7300000E+02   0.0000000E+00   0.0000000E+00
   1.5588372E+03   1.0030000E+03   9.9100000E+02   0.0000000E+00   0.0000000E+00
   1.5588447E+03   1.0180000E+03   9.9300000E+02   0.0000000E+00   0.0000000E+00
   1.5588523E+03   9.4700000E+02   9.2400000E+02   0.0000000E+00   0.0000000E+00
   1.5588598E+03   9.4900000E+02   9.3700000E+02   0.0000000E+00   0.0000000E+00
   1.5588673E+03   1.0320000E+03   1.0130000E+03   0.0000000E+00   0.0000000E+00
   1.5588749E+03   9.6600000E+02   9.4700000E+02   0.0000000E+00   0.0000000E+00
   1.5588824E+03   9.6400000E+02   9.5100000E+02   0.0000000E+00   0.0000000E+00
   1.5588899E+03   9.8100000E+02   9.6100000E+02   0.0000000E+00   0.0000000E+00
   1.5588974E+03   9.5200000E+02   9.3800000E+02   0.0000000E+00   0.0000000E+00
   1.5589050E+03   9.0500000E+02   8.8700000E+02   0.0000000E+00   0.0000000E+00
   1.5589125E+03   9.5800000E+02   9.3700000E+02   0.0000000E+00   0.0000000E+00
   1.5589200E+03   9.5800000E+02   9.4000000E+02   0.0000000E+00   0.0000000E+00
   1.5589276E+03   9.1900000E+02   9.0400000E+02   0.0000000E+00   0.0000000E+00
   1.5589351E+03   9.2500000E+02   9.0400000E+02   0.0000000E+00   0.0000000E+00
   1.5589426E+03   8.9700000E+02   8.7600000E+02   0.0000000E+00   0.0000000E+00
   1.5589501E+03   9.7300000E+02   9.5800000E+02   0.0000000E+00   0.0000000E+00
   1.5589577E+03   9.4700000E+02   9.2700000E+02   0.0000000E+00   0.0000000E+00
   1.5589652E+03   9.5100000E+02   9.3600000E+02   0.0000000E+00   0.0000000E+00
   1.5589727E+03   9.2800000E+02   9.1600000E+02   0.0000000E+00   0.0000000E+00
   1.5589803E+03   9.1300000E+02   8.9800000E+02   0.0000000E+00   0.0000000E+00
   1.5589878E+03   9.2300000E+02   9.1300000E+02   0.0000000E+00   0.0000000E+00
   1.5589953E+03   9.1400000E+02   8.9200000E+02   0.0000000E+00   0.0000000E+00
   1.5590028E+03   9.3500000E+02   9.2100000E+02   0.0000000E+00   0.0000000E+00
   1.5590104E+03   9.4100000E+02   9.2700000E+02   0.0000000E+00   0.0000000E+00
   1.5590179E+03   8.9500000E+02   8.7900000E+02   0.0000000E+00   0.0000000E+00
   1.5590254E+03   9.3100000E+02   9.1600000E+02   0.0000000E+00   0.0000000E+00
   1.5590330E+03   9.3300000E+02   9.2000000E+02   0.0000000E+00   0.0000000E+00
   1.5590405E+03   9.6500000E+02   9.4300000E+02   0.0000000E+00   0.0000000E+00
   1.5590480E+03   9.2800000E+02   9.1300000E+02   0.0000000E+00   0.0000000E+00
   1.5590555E+03   9.0200000E+02   8.9500000E+02   0.0000000E+00   0.0000000E+00
   1.5590631E+03   8.6000000E+02   8.4900000E+02   0.0000000E+00   0.0000000E+00
   1.5590706E+03   8.9700000E+02   8.8200000E+02   0.0000000E+00   0.0000000E+00
   1.5590781E+03   8.7000000E+02   8.5300000E+02   0.0000000E+00   0.0000000E+00
   1.5590857E+03   9.0000000E+02   8.9000000E+02   0.0000000E+00   0.0000000E+00
   1.5590932E+03   8.4300000E+02   8.3100000E+02   0.0000000E+00   0.0000000E+00
   1.5591007E+03   9.2200000E+02   9.0000000E+02   0.0000000E+00   0.0000000E+00
   1.5591082E+03   9.2200000E+02   9.1000000E+02   0.0000000E+00   0.0000000E+00
   1.5591158E+03   8.6600000E+02   8.5100000E+02   0.0000000E+00   0.0000000E+00
   1.5591233E+03   9.1300000E+02   8.9900000E+02   0.0000000E+00   0.0000000E+00
   1.5591308E+03   8.8700000E+02   8.7300000E+02   0.0000000E+00   0.0000000E+00
   1.5591384E+03   9.2200000E+02   9.1100000E+02   0.0000000E+00   0.0000000E+00
   1.5591459E+03   8.5600000E+02   8.4000000E+02   0.0000000E+00   0.0000000E+00
   1.5591534E+03   9.2200000E+02   9.0600000E+02   0.0000000E+00   0.0000000E+00
   1.5591609E+03   8.8700000E+02   8.7700000E+02   0.0000000E+00   0.0000000E+00
   1.5591685E+03   8.2100000E+02   8.0400000E+02   0.0000000E+00   0.0000000E+00
   1.5591760E+03   8.8300000E+02   8.6200000E+02   0.0000000E+00   0.0000000E+00
   1.5591835E+03   8.6400000E+02   8.4100000E+02   0.0000000E+00   0.0000000E+00
   1.5591910E+03   8.4200000E+02   8.2300000E+02   0.0000000E+00   0.0000000E+00
   1.5591986E+03   8.2300000E+02   8.1000000E+02   0.0000000E+00   0.0000000E+00
   1.5592061E+03   8.4900000E+02   8.3900000E+02   0.0000000E+00   0.0000000E+00
   1.5592136E+03   8.7500000E+02   8.6000000E+02   0.0000000E+00   0.0000000E+00
   1.5592212E+03   8.9300000E+02   8.7700000E+02   0.0000000E+00   0.0000000E+00
   1.5592287E+03   8.5200000E+02   8.3000000E+02   0.0000000E+00   0.0000000E+00
   1.5592362E+03   8.2700000E+02   8.1800000E+02   0.0000000E+00   0.0000000E+00
   1.5592437E+03   8.4400000E+02   8.2600000E+02   0.0000000E+00   0.0000000E+00
   1.5592513E+03   9.0300000E+02   8.8000000E+02   0.0000000E+00   0.0000000E+00
   1.5592588E+03   8.2300000E+02   8.0700000E+02   0.0000000E+00   0.0000000E+00
   1.5592663E+03   8.5100000E+02   8.4100000E+02   0.0000000E+00   0.0000000E+00
   1.5592739E+03   8.4300000E+02   8.2900000E+02   0.0000000E+00   0.0000000E+00
   1.5592814E+03   8.3500000E+02   8.2000000E+02   0.0000000E+00   0.0000000E+00
   1.5592889E+03   8.0800000E+02   7.9300000E+02   0.0000000E+00   0.0000000E+00
   1.5592964E+03   8.7600000E+02   8.6800000E+02   0.0000000E+00   0.0000000E+00
   1.5593040E+03   8.1600000E+02   8.0800000E+02   0.0000000E+00   0.0000000E+00
   1.5593115E+03   8.4900000E+02   8.3400000E+02   0.0000000E+00   0.0000000E+00
   1.5593190E+03   8.1000000E+02   7.9900000E+02   0.0000000E+00   0.0000000E+00
   1.5593266E+03   8.0000000E+02   7.8700000E+02   0.0000000E+00   0.0000000E+00
   1.5593341E+03   8.1600000E+02   7.9800000E+02   0.0000000E+00   0.0000000E+00
   1.5593416E+03   7.7300000E+02   7.6400000E+02   0.0000000E+00   0.0000000E+00
   1.5593491E+03   7.9300000E+02   7.8000000E+02   0.0000000E+00   0.0000000E+00
   1.5593567E+03   7.6300000E+02   7.5200000E+02   0.0000000E+00   0.0000000E+00
   1.5593642E+03   8.1000000E+02   7.9400000E+02   0.0000000E+00   0.0000000E+00
   1.5593717E+03   8.0500000E+02   7.8600000E+02   0.0000000E+00   0.0000000E+00
   1.5593793E+03   8.1500000E+02   8.0700000E+02   0.0000000E+00   0.0000000E+00
   1.5593868E+03   7.6900000E+02   7.5200000E+02   0.0000000E+00   0.0000000E+00
   1.5593943E+03   8.2800000E+02   8.1400000E+02   0.0000000E+00   0.0000000E+00
   1.5594018E+03   7.9000000E+02   7.8100000E+02   0.0000000E+00   0.0000000E+00
   1.5594094E+03   8.3900000E+02   8.2500000E+02   0.0000000E+00   0.0000000E+00
   1.5594169E+03   7.9200000E+02   7.8300000E+02   0.0000000E+00   0.0000000E+00
   1.5594244E+03   7.8300000E+02   7.6400000E+02   0.0000000E+00   0.0000000E+00
   1.5594320E+03   7.9100000E+02   7.7700000E+02   0.0000000E+00   0.0000000E+00
   1.5594395E+03   7.7600000E+02   7.6400000E+02   0.0000000E+00   0.0000000E+00
   1.5594470E+03   7.8800000E+02   7.7800000E+02   0.0000000E+00   0.0000000E+00
   1.5594545E+03   7.2900000E+02   7.1600000E+02   0.0000000E+00   0.0000000E+00
   1.5594621E+03   7.6700000E+02   7.5400000E+02   0.0000000E+00   0.0000000E+00
   1.5594696E+03   7.8400000E+02   7.6800000E+02   0.0000000E+00   0.0000000E+00
   1.5594771E+03   8.0200000E+02   7.8900000E+02   0.0000000E+00   0.0000000E+00
   1.5594847E+03   7.6400000E+02   7.5500000E+02   0.0000000E+00   0.0000000E+00
   1.5594922E+03   7.8400000E+02   7.7400000E+02   0.0000000E+00   0.0000000E+00
   1.5594997E+03   7.6600000E+02   7.5400000E+02   0.0000000E+00   0.0000000E+00
   1.5595072E+03   7.2800000E+02   7.1800000E+02   0.0000000E+00   0.0000000E+00
   1.5595148E+03   7.1700000E+02   7.0100000E+02   0.0000000E+00   0.0000000E+00
   1.5595223E+03   7.3700000E+02   7.2600000E+02   0.0000000E+00   0.0000000E+00
   1.5595298E+03   7.6800000E+02   7.5000000E+02   0.0000000E+00   0.0000000E+00
   1.5595374E+03   7.4100000E+02   7.2700000E+02   0.0000000E+00   0.0000000E+00
   1.5595449E+03   7.4800000E+02   7.3900000E+02   0.0000000E+00   0.0000000E+00
   1.5595524E+03   7.8000000E+02   7.6600000E+02   0.0000000E+00   0.0000000E+00
   1.5595599E+03   7.7400000E+02   7.5700000E+02   0.0000000E+00   0.0000000E+00
   1.5595675E+03   7.6100000E+02   7.4500000E+02   0.0000000E+00   0.0000000E+00
   1.5595750E+03   7.7000000E+02   7.5200000E+02   0.0000000E+00   0.0000000E+00
   1.5595825E+03   7.5500000E+02   7.4200000E+02   1.2365761E-03   1.2582412E-03
   1.5595901E+03   7.8300000E+02   7.7100000E+02   0.0000000E+00   0.0000000E+00
   1.5595976E+03   7.1700000E+02   7.0100000E+02   0.0000000E+00   0.0000000E+00
   1.5596051E+03   7.1000000E+02   6.9300000E+02   0.0000000E+00   0.0000000E+00
   1.5596126E+03   7.6900000E+02   7.5200000E+02   0.0000000E+00   0.0000000E+00
   1.5596202E+03   7.7900000E+02   7.7000000E+02   0.0000000E+00   0.0000000E+00
   1.5596277E+03   7.1200000E+02   6.9400000E+02   0.0000000E+00   0.0000000E+00
   1.5596352E+03   6.9700000E+02   6.8400000E+02   0.0000000E+00   0.0000000E+00
   1.5596427E+03   7.2400000E+02   7.1100000E+02   0.0000000E+00   0.0000000E+00
   1.5596503E+03   7.2400000E+02   7.1400000E+02   0.0000000E+00   0.0000000E+00
   1.5596578E+03   7.2800000E+02   7.1800000E+02   0.0000000E+00   0.0000000E+00
   1.5596653E+03   7.1600000E+02   7.0800000E+02   0.0000000E+00   0.0000000E+00
   1.5596729E+03   7.0300000E+02   6.9100000E+02   0.0000000E+00   0.0000000E+00
   1.5596804E+03   6.9200000E+02   6.8000000E+02   0.0000000E+00   0.0000000E+00
   1.5596879E+03   7.3600000E+02   7.1600000E+02   7.8278628E-04   8.0465182E-04
   1.5596954E+03   7.1700000E+02   6.9900000E+02   0.0000000E+00   0.0000000E+00
   1.5597030E+03   7.1700000E+02   7.0900000E+02   0.0000000E+00   0.0000000E+00
   1.5597105E+03   7.4200000E+02   7.3400000E+02   0.0000000E+00   0.0000000E+00
   1.5597180E+03   6.6600000E+02   6.4600000E+02   0.0000000E+00   0.0000000E+00
   1.5597256E+03   7.1200000E+02   6.9200000E+02   0.0000000E+00   0.0000000E+00
   1.5597331E+03   7.1500000E+02   7.0400000E+02   0.0000000E+00   0.0000000E+00
   1.5597406E+03   7.4500000E+02   7.3500000E+02   0.0000000E+00   0.0000000E+00
   1.5597481E+03   6.9800000E+02   6.8200000E+02   0.0000000E+00   0.0000000E+00
   1.5597557E+03   6.7600000E+02   6.6400000E+02   0.0000000E+00   0.0000000E+00
   1.5597632E+03   6.7700000E+02   6.6700000E+02   0.0000000E+00   0.0000000E+00
   1.5597707E+03   6.7500000E+02   6.6400000E+02   0.0000000E+00   0.0000000E+00
   1.5597783E+03   6.5500000E+02   6.4700000E+02   0.0000000E+00   0.0000000E+00
   1.5597858E+03   6.4500000E+02   6.3100000E+02   0.0000000E+00   0.0000000E+00
   1.5597933E+03   6.6100000E+02   6.4200000E+02   0.0000000E+00   0.0000000E+00
   1.5598008E+03   7.0800000E+02   6.9300000E+02   0.0000000E+00   0.0000000E+00
   1.5598084E+03   6.9300000E+02   6.8100000E+02   0.0000000E+00   0.0000000E+00
   1.5598159E+03   6.9100000E+02   6.7900000E+02   0.0000000E+00   0.0000000E+00
   1.5598234E+03   6.3600000E+02   6.2500000E+02   0.0000000E+00   0.0000000E+00
   1.5598310E+03   6.6000000E+02   6.5300000E+02   0.0000000E+00   0.0000000E+00
   1.5598385E+03   6.1400000E+02   6.0900000E+02   0.0000000E+00   0.0000000E+00
   1.5598460E+03   6.7500000E+02   6.6900000E+02   0.0000000E+00   0.0000000E+00
   1.5598535E+03   7.1700000E+02   7.0200000E+02   0.0000000E+00   0.0000000E+00
   1.5598611E+03   6.4500000E+02   6.3600000E+02   0.0000000E+00   0.0000000E+00
   1.5598686E+03   6.6100000E+02   6.5700000E+02   0.0000000E+00   0.0000000E+00
   1.5598761E+03   6.5800000E+02   6.4600000E+02   0.0000000E+00   0.0000000E+00
   1.5598837E+03   6.8000000E+02   6.7200000E+02   0.0000000E+00   0.0000000E+00
   1.5598912E+03   6.5400000E+02   6.4300000E+02   0.0000000E+00   0.0000000E+00
   1.5598987E+03   6.7700000E+02   6.6400000E+02   0.0000000E+00   0.0000000E+00
   1.5599062E+03   6.4600000E+02   6.3200000E+02   0.0000000E+00   0.0000000E+00
   1.5599138E+03   6.7400000E+02   6.6400000E+02   0.0000000E+00   0.0000000E+00
   1.5599213E+03   6.8500000E+02   6.7400000E+02   0.0000000E+00   0.0000000E+00
   1.5599288E+03   6.7000000E+02   6.5300000E+02   0.0000000E+00   0.0000000E+00
   1.5599364E+03   6.7300000E+02   6.5800000E+02   0.0000000E+00   0.0000000E+00
   1.5599439E+03   6.4800000E+02   6.3700000E+02   0.0000000E+00   0.0000000E+00
   1.5599514E+03   6.4400000E+02   6.3300000E+02   0.0000000E+00   0.0000000E+00
   1.5599589E+03   6.5700000E+02   6.4700000E+02   0.0000000E+00   0.0000000E+00
   1.5599665E+03   6.4400000E+02   6.3500000E+02   0.0000000E+00   0.0000000E+00
   1.5599740E+03   6.1200000E+02   6.0400000E+02   0.0000000E+00   0.0000000E+00
   1.5599815E+03   5.7200000E+02   5.5700000E+02   0.0000000E+00   0.0000000E+00
   1.5599891E+03   6.4400000E+02   6.3200000E+02   0.0000000E+00   0.0000000E+00
   1.5599966E+03   6.2000000E+02   6.0900000E+02   0.0000000E+00   0.0000000E+00
   1.5600041E+03   6.0100000E+02   5.8800000E+02   0.0000000E+00   0.0000000E+00
   1.5600116E+03   6.0600000E+02   5.9100000E+02   0.0000000E+00   0.0000000E+00
   1.5600192E+03   6.2600000E+02   6.1700000E+02   0.0000000E+00   0.0000000E+00
   1.5600267E+03   6.0700000E+02   5.9200000E+02   0.0000000E+00   0.0000000E+00
   1.5600342E+03   6.0900000E+02   6.0100000E+02   0.0000000E+00   0.0000000E+00
   1.5600418E+03   6.2400000E+02   6.1100000E+02   0.0000000E+00   0.0000000E+00
   1.5600493E+03   6.0900000E+02   5.9900000E+02   0.0000000E+00   0.0000000E+00
   1.5600568E+03   6.5600000E+02   6.3700000E+02   0.0000000E+00   0.0000000E+00
   1.5600643E+03   6.5700000E+02   6.4400000E+02   0.0000000E+00   0.0000000E+00
   1.5600719E+03   6.3900000E+02   6.2800000E+02   0.0000000E+00   0.0000000E+00
   1.5600794E+03   6.4500000E+02   6.3300000E+02   0.0000000E+00   0.0000000E+00
   1.5600869E+03   6.1900000E+02   6.1000000E+02   0.0000000E+00   0.0000000E+00
   1.5600944E+03   5.9200000E+02   5.7900000E+02   0.0000000E+00   0.0000000E+00
   1.5601020E+03   6.1200000E+02   6.0200000E+02   0.0000000E+00   0.0000000E+00
   1.5601095E+03   5.5600000E+02   5.4200000E+02   0.0000000E+00   0.0000000E+00
   1.5601170E+03   6.2600000E+02   6.1200000E+02   0.0000000E+00   0.0000000E+00
   1.5601246E+03   5.6500000E+02   5.5500000E+02   0.0000000E+00   0.0000000E+00
   1.5601321E+03   5.9300000E+02   5.8000000E+02   0.0000000E+00   0.0000000E+00
   1.5601396E+03   5.6700000E+02   5.5500000E+02   0.0000000E+00   0.0000000E+00
   1.5601471E+03   6.0400000E+02   5.9100000E+02   0.0000000E+00   0.0000000E+00
   1.5601547E+03   5.5900000E+02   5.5000000E+02   0.0000000E+00   0.0000000E+00
   1.5601622E+03   6.0800000E+02   5.9700000E+02   0.0000000E+00   0.0000000E+00
   1.5601697E+03   5.7000000E+02   5.6100000E+02   0.0000000E+00   0.0000000E+00
   1.5601773E+03   5.5200000E+02   5.3900000E+02   0.0000000E+00   0.0000000E+00
   1.5601848E+03   5.6300000E+02   5.5500000E+02   0.0000000E+00   0.0000000E+00
   1.5601923E+03   5.9700000E+02   5.8300000E+02   0.0000000E+00   0.0000000E+00
   1.5601998E+03   6.0400000E+02   5.8800000E+02   0.0000000E+00   0.0000000E+00
   1.5602074E+03   5.7400000E+02   5.5400000E+02   0.0000000E+00   0.0000000E+00
   1.5602149E+03   5.7100000E+02   5.6100000E+02   0.0000000E+00   0.0000000E+00
   1.5602224E+03   5.5700000E+02   5.4800000E+02   0.0000000E+00   0.0000000E+00
   1.5602300E+03   6.0000000E+02   5.9200000E+02   0.0000000E+00   0.0000000E+00
   1.5602375E+03   5.3100000E+02   5.2000000E+02   0.0000000E+00   0.0000000E+00
   1.5602450E+03   6.1300000E+02   6.0200000E+02   0.0000000E+00   0.0000000E+00
   1.5602525E+03   5.8700000E+02   5.7500000E+02   0.0000000E+00   0.0000000E+00
   1.5602601E+03   5.3800000E+02   5.2800000E+02   0.0000000E+00   0.0000000E+00
   1.5602676E+03   5.7900000E+02   5.6600000E+02   0.0000000E+00   0.0000000E+00
   1.5602751E+03   5.1300000E+02   5.0600000E+02   0.0000000E+00   0.0000000E+00
   1.5602827E+03   5.6300000E+02   5.5300000E+02   0.0000000E+00   0.0000000E+00
   1.5602902E+03   5.6300000E+02   5.5200000E+02   0.0000000E+00   0.0000000E+00
   1.5602977E+03   5.3200000E+02   5.2300000E+02   0.0000000E+00   0.0000000E+00
   1.5603052E+03   5.4000000E+02   5.3300000E+02   0.0000000E+00   0.0000000E+00
   1.5603128E+03   5.4100000E+02   5.3200000E+02   0.0000000E+00   0.0000000E+00
   1.5603203E+03   5.5800000E+02   5.4900000E+02   0.0000000E+00   0.0000000E+00
   1.5603278E+03   5.6300000E+02   5.5100000E+02   0.0000000E+00   0.0000000E+00
   1.5603354E+03   5.7100000E+02   5.6500000E+02   0.0000000E+00   0.0000000E+00
   1.5603429E+03   5.1500000E+02   5.0900000E+02   0.0000000E+00   0.0000000E+00
   1.5603504E+03   5.2900000E+02   5.2000000E+02   0.0000000E+00   0.0000000E+00
   1.5603579E+03   5.0400000E+02   4.9200000E+02   0.0000000E+00   0.0000000E+00
   1.5603655E+03   5.6200000E+02   5.5100000E+02   0.0000000E+00   0.0000000E+00
   1.5603730E+03   5.4100000E+02   5.3200000E+02   0.0000000E+00   0.0000000E+00
   1.5603805E+03   5.0700000E+02   5.0000000E+02   0.0000000E+00   0.0000000E+00
   1.5603881E+03   5.2000000E+02   5.0500000E+02   0.0000000E+00   0.0000000E+00
   1.5603956E+03   5.3600000E+02   5.2400000E+02   0.0000000E+00   0.0000000E+00
   1.5604031E+03   5.4900000E+02   5.4000000E+02   0.0000000E+00   0.0000000E+00
   1.5604106E+03   5.3000000E+02   5.1800000E+02   0.0000000E+00   0.0000000E+00
   1.5604182E+03   5.1400000E+02   5.0900000E+02   0.0000000E+00   0.0000000E+00
   1.5604257E+03   5.2800000E+02   5.2000000E+02   0.0000000E+00   0.0000000E+00
   1.5604332E+03   5.2400000E+02   5.1600000E+02   0.0000000E+00   0.0000000E+00
   1.5604408E+03   5.3900000E+02   5.3000000E+02   0.0000000E+00   0.0000000E+00
   1.5604483E+03   5.1400000E+02   5.0600000E+02   0.0000000E+00   0.0000000E+00
   1.5604558E+03   5.1400000E+02   5.0300000E+02   0.0000000E+00   0.0000000E+00
   1.5604633E+03   5.4600000E+02   5.3600000E+02   0.0000000E+00   0.0000000E+00
   1.5604709E+03   5.1500000E+02   5.0700000E+02   0.0000000E+00   0.0000000E+00
   1.5604784E+03   5.0600000E+02   4.9300000E+02   0.0000000E+00   0.0000000E+00
   1.5604859E+03   4.8600000E+02   4.8100000E+02   0.0000000E+00   0.0000000E+00
   1.5604935E+03   4.6600000E+02   4.5900000E+02   0.0000000E+00   0.0000000E+00
   1.5605010E+03   5.7100000E+02   5.6200000E+02   0.0000000E+00   0.0000000E+00
   1.5605085E+03   5.2200000E+02   5.0700000E+02   0.0000000E+00   0.0000000E+00
   1.5605160E+03   5.3400000E+02   5.2800000E+02   0.0000000E+00   0.0000000E+00
   1.5605236E+03   5.2500000E+02   5.1800000E+02   0.0000000E+00   0.0000000E+00
   1.5605311E+03   5.4300000E+02   5.3400000E+02   0.0000000E+00   0.0000000E+00
   1.5605386E+03   5.2700000E+02   5.2000000E+02   0.0000000E+00   0.0000000E+00
   1.5605461E+03   5.1400000E+02   5.0400000E+02   0.0000000E+00   0.0000000E+00
   1.5605537E+03   4.9800000E+02   4.9100000E+02   0.0000000E+00   0.0000000E+00
   1.5605612E+03   5.5000000E+02   5.4300000E+02   0.0000000E+00   0.0000000E+00
   1.5605687E+03   4.8300000E+02   4.7100000E+02   0.0000000E+00   0.0000000E+00
   1.5605763E+03   5.2600000E+02   5.2200000E+02   0.0000000E+00   0.0000000E+00
   1.5605838E+03   4.4100000E+02   4.3300000E+02   0.0000000E+00   0.0000000E+00
   1.5605913E+03   4.9300000E+02   4.8400000E+02   0.0000000E+00   0.0000000E+00
   1.5605988E+03   5.3800000E+02   5.2600000E+02   0.0000000E+00   0.0000000E+00
   1.5606064E+03   4.8200000E+02   4.6700000E+02   0.0000000E+00   0.0000000E+00
   1.5606139E+03   5.0300000E+02   4.9300000E+02   0.0000000E+00   0.0000000E+00
   1.5606214E+03   4.6300000E+02   4.5700000E+02   0.0000000E+00   0.0000000E+00
   1.5606290E+03   4.8600000E+02   4.8100000E+02   0.0000000E+00   0.0000000E+00
   1.5606365E+03   5.0100000E+02   4.9400000E+02   0.0000000E+00   0.0000000E+00
   1.5606440E+03   4.6600000E+02   4.5900000E+02   0.0000000E+00   0.0000000E+00
   1.5606515E+03   4.5000000E+02   4.4100000E+02   0.0000000E+00   0.0000000E+00
   1.5606591E+03   4.3900000E+02   4.3000000E+02   0.0000000E+00   0.0000000E+00
   1.5606666E+03   4.6300000E+02   4.5400000E+02   0.0000000E+00   0.0000000E+00
   1.5606741E+03   4.8300000E+02   4.7600000E+02   0.0000000E+00   0.0000000E+00
   1.5606817E+03   4.7300000E+02   4.7000000E+02   0.0000000E+00   0.0000000E+00
   1.5606892E+03   4.4500000E+02   4.3900000E+02   0.0000000E+00   0.0000000E+00
   1.5606967E+03   4.9100000E+02   4.7900000E+02   0.0000000E+00   0.0000000E+00
   1.5607042E+03   4.6400000E+02   4.5600000E+02   0.0000000E+00   0.0000000E+00
   1.5607118E+03   4.9100000E+02   4.7900000E+02   0.0000000E+00   0.0000000E+00
   1.5607193E+03   4.9800000E+02   4.8900000E+02   0.0000000E+00   0.0000000E+00
   1.5607268E+03   4.8100000E+02   4.7100000E+02   0.0000000E+00   0.0000000E+00
   1.5607344E+03   4.2700000E+02   4.1800000E+02   0.0000000E+00   0.0000000E+00
   1.5607419E+03   4.4200000E+02   4.3500000E+02   0.0000000E+00   0.0000000E+00
   1.5607494E+03   4.6800000E+02   4.5800000E+02   0.0000000E+00   0.0000000E+00
   1.5607569E+03   4.5600000E+02   4.4700000E+02   0.0000000E+00   0.0000000E+00
   1.5607645E+03   4.7500000E+02   4.6600000E+02   0.0000000E+00   0.0000000E+00
   1.5607720E+03   4.4300000E+02   4.3600000E+02   0.0000000E+00   0.0000000E+00
