   1.5381945E+03   5.0100000E+02   4.5500000E+02   0.0000000E+00   0.0000000E+00
   1.5382021E+03   5.0600000E+02   4.4900000E+02   0.0000000E+00   0.0000000E+00
   1.5382096E+03   4.8500000E+02   4.4100000E+02   0.0000000E+00   0.0000000E+00
   1.5382171E+03   4.9500000E+02   4.4300000E+02   0.0000000E+00   0.0000000E+00
   1.5382246E+03   4.8600000E+02   4.4200000E+02   0.0000000E+00   0.0000000E+00
   1.5382322E+03   5.0100000E+02   4.6300000E+02   0.0000000E+00   0.0000000E+00
   1.5382397E+03   5.0700000E+02   4.5400000E+02   0.0000000E+00   0.0000000E+00
   1.5382472E+03   4.4100000E+02   3.9100000E+02   0.0000000E+00   0.0000000E+00
   1.5382548E+03   5.5000000E+02   4.8900000E+02   0.0000000E+00   0.0000000E+00
   1.5382623E+03   4.7900000E+02   4.2400000E+02   0.0000000E+00   0.0000000E+00
   1.5382698E+03   5.1000000E+02   4.5200000E+02   0.0000000E+00   0.0000000E+00
   1.5382773E+03   5.2900000E+02   4.6500000E+02   0.0000000E+00   0.0000000E+00
   1.5382849E+03   5.1800000E+02   4.7300000E+02   0.0000000E+00   0.0000000E+00
   1.5382924E+03   5.1200000E+02   4.6400000E+02   0.0000000E+00   0.0000000E+00
   1.5382999E+03   5.2300000E+02   4.7400000E+02   0.0000000E+00   0.0000000E+00
   1.5383075E+03   4.9200000E+02   4.4300000E+02   0.0000000E+00   0.0000000E+00
   1.5383150E+03   5.2800000E+02   4.7000000E+02   0.0000000E+00   0.0000000E+00
   1.5383225E+03   5.0400000E+02   4.5400000E+02   0.0000000E+00   0.0000000E+00
   1.5383300E+03   5.0800000E+02   4.4900000E+02   0.0000000E+00   0.0000000E+00
   1.5383376E+03   5.0300000E+02   4.6500000E+02   0.0000000E+00   0.0000000E+00
   1.5383451E+03   5.5800000E+02   4.9400000E+02   0.0000000E+00   0.0000000E+00
   1.5383526E+03   5.4900000E+02   4.9800000E+02   0.0000000E+00   0.0000000E+00
   1.5383602E+03   5.2900000E+02   4.8000000E+02   0.0000000E+00   0.0000000E+00
   1.5383677E+03   5.3900000E+02   4.8500000E+02   0.0000000E+00   0.0000000E+00
   1.5383752E+03   5.4800000E+02   5.0700000E+02   0.0000000E+00   0.0000000E+00
   1.5383827E+03   4.9800000E+02   4.5100000E+02   0.0000000E+00   0.0000000E+00
   1.5383903E+03   5.8600000E+02   5.4400000E+02   0.0000000E+00   0.0000000E+00
   1.5383978E+03   5.3900000E+02   4.9200000E+02   0.0000000E+00   0.0000000E+00
   1.5384053E+03   5.5700000E+02   5.0500000E+02   0.0000000E+00   0.0000000E+00
   1.5384128E+03   5.2600000E+02   4.6700000E+02   0.0000000E+00   0.0000000E+00
   1.5384204E+03   5.8000000E+02   5.3900000E+02   0.0000000E+00   0.0000000E+00
   1.5384279E+03   5.5200000E+02   5.0000000E+02   0.0000000E+00   0.0000000E+00
   1.5384354E+03   5.2400000E+02   4.7200000E+02   0.0000000E+00   0.0000000E+00
   1.5384430E+03   5.4800000E+02   4.8900000E+02   0.0000000E+00   0.0000000E+00
   1.5384505E+03   5.5400000E+02   5.1000000E+02   0.0000000E+00   0.0000000E+00
   1.5384580E+03   5.8900000E+02   5.3900000E+02   0.0000000E+00   0.0000000E+00
   1.5384655E+03   5.7500000E+02   5.1600000E+02   0.0000000E+00   0.0000000E+00
   1.5384731E+03   5.3000000E+02   4.8300000E+02   0.0000000E+00   0.0000000E+00
   1.5384806E+03   6.0000000E+02   5.2200000E+02   0.0000000E+00   0.0000000E+00
   1.5384881E+03   5.3700000E+02   5.0000000E+02   0.0000000E+00   0.0000000E+00
   1.5384957E+03   5.7300000E+02   5.2200000E+02   0.0000000E+00   0.0000000E+00
   1.5385032E+03   5.4900000E+02   5.0100000E+02   0.0000000E+00   0.0000000E+00
   1.5385107E+03   5.7600000E+02   5.2300000E+02   0.0000000E+00   0.0000000E+00
   1.5385182E+03   5.8500000E+02   5.2400000E+02   0.0000000E+00   0.0000000E+00
   1.5385258E+03   5.7000000E+02   5.1600000E+02   0.0000000E+00   0.0000000E+00
   1.5385333E+03   5.9600000E+02   5.2700000E+02   0.0000000E+00   0.0000000E+00
   1.5385408E+03   5.7700000E+02   5.1800000E+02   0.0000000E+00   0.0000000E+00
   1.5385484E+03   5.7000000E+02   5.0700000E+02   0.0000000E+00   0.0000000E+00
   1.5385559E+03   5.9300000E+02   5.3600000E+02   0.0000000E+00   0.0000000E+00
   1.5385634E+03   5.9900000E+02   5.3700000E+02   0.0000000E+00   0.0000000E+00
   1.5385709E+03   5.5800000E+02   5.0200000E+02   0.0000000E+00   0.0000000E+00
   1.5385785E+03   5.9000000E+02   5.3800000E+02   0.0000000E+00   0.0000000E+00
   1.5385860E+03   5.7400000E+02   5.2500000E+02   0.0000000E+00   0.0000000E+00
   1.5385935E+03   5.5900000E+02   5.0600000E+02   0.0000000E+00   0.0000000E+00
   1.5386011E+03   6.0300000E+02   5.3600000E+02   0.0000000E+00   0.0000000E+00
   1.5386086E+03   6.2500000E+02   5.7000000E+02   0.0000000E+00   0.0000000E+00
   1.5386161E+03   6.3600000E+02   5.7900000E+02   0.0000000E+00   0.0000000E+00
   1.5386236E+03   6.3000000E+02   5.5400000E+02   0.0000000E+00   0.0000000E+00
   1.5386312E+03   6.3500000E+02   5.8000000E+02   0.0000000E+00   0.0000000E+00
   1.5386387E+03   5.7900000E+02   5.1900000E+02   0.0000000E+00   0.0000000E+00
   1.5386462E+03   5.8900000E+02   5.3600000E+02   0.0000000E+00   0.0000000E+00
   1.5386538E+03   6.0600000E+02   5.3500000E+02   0.0000000E+00   0.0000000E+00
   1.5386613E+03   6.2200000E+02   5.6900000E+02   0.0000000E+00   0.0000000E+00
   1.5386688E+03   5.8100000E+02   5.2900000E+02   0.0000000E+00   0.0000000E+00
   1.5386763E+03   6.5000000E+02   5.8900000E+02   0.0000000E+00   0.0000000E+00
   1.5386839E+03   6.5700000E+02   5.8400000E+02   0.0000000E+00   0.0000000E+00
   1.5386914E+03   6.2400000E+02   5.6400000E+02   0.0000000E+00   0.0000000E+00
   1.5386989E+03   6.3200000E+02   5.6900000E+02   0.0000000E+00   0.0000000E+00
   1.5387065E+03   6.9200000E+02   6.1300000E+02   1.4127782E-03   1.5948491E-03
   1.5387140E+03   6.3500000E+02   5.6900000E+02   8.0540899E-04   0.0000000E+00
   1.5387215E+03   6.5400000E+02   5.8200000E+02   0.0000000E+00   0.0000000E+00
   1.5387290E+03   6.2000000E+02   5.4500000E+02   0.0000000E+00   0.0000000E+00
   1.5387366E+03   5.8600000E+02   5.3600000E+02   0.0000000E+00   0.0000000E+00
   1.5387441E+03   6.2400000E+02   5.6700000E+02   0.0000000E+00   0.0000000E+00
   1.5387516E+03   6.3100000E+02   5.6100000E+02   0.0000000E+00   0.0000000E+00
   1.5387592E+03   6.8500000E+02   6.2300000E+02   0.0000000E+00   0.0000000E+00
   1.5387667E+03   6.4800000E+02   5.8600000E+02   0.0000000E+00   0.0000000E+00
   1.5387742E+03   6.3500000E+02   5.6800000E+02   0.0000000E+00   0.0000000E+00
   1.5387817E+03   6.3400000E+02   5.5600000E+02   0.0000000E+00   0.0000000E+00
   1.5387893E+03   6.0200000E+02   5.5300000E+02   0.0000000E+00   0.0000000E+00
   1.5387968E+03   6.4500000E+02   5.8400000E+02   0.0000000E+00   0.0000000E+00
   1.5388043E+03   6.3500000E+02   5.5600000E+02   0.0000000E+00   0.0000000E+00
   1.5388119E+03   6.4900000E+02   5.7700000E+02   0.0000000E+00   0.0000000E+00
   1.5388194E+03   6.1900000E+02   5.5900000E+02   0.0000000E+00   0.0000000E+00
   1.5388269E+03   6.3300000E+02   5.7600000E+02   1.2608038E-03   1.3855708E-03
   1.5388344E+03   6.3700000E+02   5.7300000E+02   0.0000000E+00   0.0000000E+00
   1.5388420E+03   6.6400000E+02   5.9900000E+02   0.0000000E+00   0.0000000E+00
   1.5388495E+03   6.2400000E+02   5.5200000E+02   0.0000000E+00   0.0000000E+00
   1.5388570E+03   6.7400000E+02   5.9500000E+02   0.0000000E+00   0.0000000E+00
   1.5388646E+03   6.8700000E+02   6.1100000E+02   0.0000000E+00   0.0000000E+00
   1.5388721E+03   6.3500000E+02   5.7400000E+02   0.0000000E+00   0.0000000E+00
   1.5388796E+03   6.5700000E+02   5.8300000E+02   0.0000000E+00   0.0000000E+00
   1.5388871E+03   6.8300000E+02   6.1800000E+02   0.0000000E+00   0.0000000E+00
   1.5388947E+03   6.7200000E+02   5.9400000E+02   0.0000000E+00   0.0000000E+00
   1.5389022E+03   6.9500000E+02   6.4100000E+02   0.0000000E+00   0.0000000E+00
   1.5389097E+03   6.6500000E+02   6.1000000E+02   0.0000000E+00   0.0000000E+00
   1.5389172E+03   7.0600000E+02   6.4500000E+02   0.0000000E+00   0.0000000E+00
   1.5389248E+03   6.5800000E+02   5.9000000E+02   0.0000000E+00   0.0000000E+00
   1.5389323E+03   7.0600000E+02   6.4300000E+02   0.0000000E+00   0.0000000E+00
   1.5389398E+03   7.0700000E+02   6.4800000E+02   7.4820258E-05   0.0000000E+00
   1.5389474E+03   6.8100000E+02   6.0700000E+02   1.0484913E-03   1.1763140E-03
   1.5389549E+03   6.5700000E+02   5.9200000E+02   0.0000000E+00   0.0000000E+00
   1.5389624E+03   7.2100000E+02   6.4500000E+02   0.0000000E+00   0.0000000E+00
   1.5389699E+03   7.0100000E+02   6.3100000E+02   1.3425877E-03   1.4915277E-03
   1.5389775E+03   7.1200000E+02   6.4000000E+02   0.0000000E+00   0.0000000E+00
   1.5389850E+03   6.9000000E+02   6.2500000E+02   0.0000000E+00   0.0000000E+00
   1.5389925E+03   7.4100000E+02   6.5800000E+02   0.0000000E+00   0.0000000E+00
   1.5390001E+03   7.4100000E+02   6.7100000E+02   0.0000000E+00   0.0000000E+00
   1.5390076E+03   7.3700000E+02   6.7100000E+02   0.0000000E+00   0.0000000E+00
   1.5390151E+03   7.1600000E+02   6.4600000E+02   1.1204024E-03   1.2418083E-03
   1.5390226E+03   7.6800000E+02   6.9400000E+02   0.0000000E+00   0.0000000E+00
   1.5390302E+03   7.2100000E+02   6.4800000E+02   6.2925602E-04   7.0014443E-04
   1.5390377E+03   7.4800000E+02   6.7700000E+02   0.0000000E+00   0.0000000E+00
   1.5390452E+03   7.6200000E+02   6.7400000E+02   0.0000000E+00   0.0000000E+00
   1.5390528E+03   7.4800000E+02   6.7700000E+02   0.0000000E+00   0.0000000E+00
   1.5390603E+03   7.4600000E+02   6.8000000E+02   0.0000000E+00   0.0000000E+00
   1.5390678E+03   7.4900000E+02   6.8400000E+02   0.0000000E+00   0.0000000E+00
   1.5390753E+03   7.0900000E+02   6.3500000E+02   0.0000000E+00   0.0000000E+00
   1.5390829E+03   7.1200000E+02   6.3700000E+02   0.0000000E+00   0.0000000E+00
   1.5390904E+03   7.2100000E+02   6.5300000E+02   0.0000000E+00   0.0000000E+00
   1.5390979E+03   7.3900000E+02   6.7600000E+02   0.0000000E+00   0.0000000E+00
   1.5391055E+03   7.1900000E+02   6.4800000E+02   0.0000000E+00   0.0000000E+00
   1.5391130E+03   7.3700000E+02   6.6600000E+02   0.0000000E+00   0.0000000E+00
   1.5391205E+03   7.6000000E+02   6.8100000E+02   0.0000000E+00   0.0000000E+00
   1.5391280E+03   7.1800000E+02   6.5500000E+02   0.0000000E+00   0.0000000E+00
   1.5391356E+03   6.8500000E+02   6.1200000E+02   0.0000000E+00   0.0000000E+00
   1.5391431E+03   7.6300000E+02   6.9400000E+02   0.0000000E+00   0.0000000E+00
   1.5391506E+03   7.3400000E+02   6.6000000E+02   0.0000000E+00   0.0000000E+00
   1.5391582E+03   7.6900000E+02   6.8700000E+02   0.0000000E+00   0.0000000E+00
   1.5391657E+03   7.7500000E+02   7.0400000E+02   0.0000000E+00   0.0000000E+00
   1.5391732E+03   7.5800000E+02   6.7300000E+02   0.0000000E+00   0.0000000E+00
   1.5391807E+03   7.8400000E+02   6.9600000E+02   0.0000000E+00   0.0000000E+00
   1.5391883E+03   7.7800000E+02   6.9100000E+02   0.0000000E+00   0.0000000E+00
   1.5391958E+03   7.9000000E+02   7.1700000E+02   0.0000000E+00   0.0000000E+00
   1.5392033E+03   8.0800000E+02   7.2000000E+02   0.0000000E+00   0.0000000E+00
   1.5392109E+03   7.9500000E+02   7.0900000E+02   0.0000000E+00   0.0000000E+00
   1.5392184E+03   7.7000000E+02   6.9800000E+02   0.0000000E+00   0.0000000E+00
   1.5392259E+03   8.1100000E+02   7.3100000E+02   0.0000000E+00   0.0000000E+00
   1.5392334E+03   7.9500000E+02   7.1400000E+02   0.0000000E+00   0.0000000E+00
   1.5392410E+03   7.7500000E+02   6.9200000E+02   0.0000000E+00   0.0000000E+00
   1.5392485E+03   8.0700000E+02   7.0800000E+02   0.0000000E+00   0.0000000E+00
   1.5392560E+03   8.1000000E+02   7.2600000E+02   0.0000000E+00   0.0000000E+00
   1.5392636E+03   7.7100000E+02   7.0100000E+02   0.0000000E+00   0.0000000E+00
   1.5392711E+03   7.9600000E+02   7.1200000E+02   0.0000000E+00   0.0000000E+00
   1.5392786E+03   7.9800000E+02   7.1700000E+02   0.0000000E+00   0.0000000E+00
   1.5392861E+03   7.9200000E+02   7.1300000E+02   0.0000000E+00   0.0000000E+00
   1.5392937E+03   8.1300000E+02   7.3900000E+02   0.0000000E+00   0.0000000E+00
   1.5393012E+03   7.8800000E+02   7.2000000E+02   0.0000000E+00   0.0000000E+00
   1.5393087E+03   8.1200000E+02   7.3200000E+02   0.0000000E+00   0.0000000E+00
   1.5393162E+03   8.2400000E+02   7.4400000E+02   0.0000000E+00   0.0000000E+00
   1.5393238E+03   8.2100000E+02   7.4400000E+02   0.0000000E+00   0.0000000E+00
   1.5393313E+03   8.1400000E+02   7.3500000E+02   0.0000000E+00   0.0000000E+00
   1.5393388E+03   8.0900000E+02   7.2500000E+02   0.0000000E+00   0.0000000E+00
   1.5393464E+03   8.1300000E+02   7.4000000E+02   0.0000000E+00   0.0000000E+00
   1.5393539E+03   8.1000000E+02   7.4400000E+02   0.0000000E+00   0.0000000E+00
   1.5393614E+03   8.6400000E+02   7.7300000E+02   1.0501988E-03   0.0000000E+00
   1.5393689E+03   8.3000000E+02   7.7100000E+02   0.0000000E+00   0.0000000E+00
   1.5393765E+03   8.5800000E+02   7.7100000E+02   0.0000000E+00   0.0000000E+00
   1.5393840E+03   8.4200000E+02   7.5700000E+02   0.0000000E+00   0.0000000E+00
   1.5393915E+03   8.2100000E+02   7.4100000E+02   3.0651322E-04   0.0000000E+00
   1.5393991E+03   8.5000000E+02   7.6100000E+02   0.0000000E+00   0.0000000E+00
   1.5394066E+03   7.9300000E+02   7.2100000E+02   0.0000000E+00   0.0000000E+00
   1.5394141E+03   8.6300000E+02   7.8900000E+02   0.0000000E+00   0.0000000E+00
   1.5394216E+03   7.6900000E+02   7.0400000E+02   1.2915458E-05   1.4107937E-05
   1.5394292E+03   8.6800000E+02   7.7500000E+02   0.0000000E+00   0.0000000E+00
   1.5394367E+03   9.0600000E+02   8.2500000E+02   0.0000000E+00   0.0000000E+00
   1.5394442E+03   8.8100000E+02   7.9700000E+02   0.0000000E+00   0.0000000E+00
   1.5394518E+03   8.9200000E+02   8.0400000E+02   0.0000000E+00   0.0000000E+00
   1.5394593E+03   8.5200000E+02   7.7200000E+02   0.0000000E+00   0.0000000E+00
   1.5394668E+03   8.7400000E+02   7.8600000E+02   0.0000000E+00   0.0000000E+00
   1.5394743E+03   8.6000000E+02   7.7700000E+02   0.0000000E+00   0.0000000E+00
   1.5394819E+03   9.3000000E+02   8.3300000E+02   0.0000000E+00   0.0000000E+00
   1.5394894E+03   8.7700000E+02   7.8200000E+02   0.0000000E+00   0.0000000E+00
   1.5394969E+03   8.5900000E+02   7.6600000E+02   0.0000000E+00   0.0000000E+00
   1.5395045E+03   8.4900000E+02   7.8300000E+02   0.0000000E+00   0.0000000E+00
   1.5395120E+03   8.6100000E+02   7.8900000E+02   0.0000000E+00   0.0000000E+00
   1.5395195E+03   8.7800000E+02   7.9500000E+02   0.0000000E+00   0.0000000E+00
   1.5395270E+03   8.6600000E+02   7.9000000E+02   0.0000000E+00   0.0000000E+00
   1.5395346E+03   8.6700000E+02   7.8800000E+02   0.0000000E+00   0.0000000E+00
   1.5395421E+03   8.8800000E+02   7.9500000E+02   0.0000000E+00   0.0000000E+00
   1.5395496E+03   8.7900000E+02   8.0100000E+02   0.0000000E+00   0.0000000E+00
   1.5395572E+03   9.1700000E+02   8.2300000E+02   0.0000000E+00   0.0000000E+00
   1.5395647E+03   8.9500000E+02   8.0200000E+02   0.0000000E+00   0.0000000E+00
   1.5395722E+03   9.4900000E+02   8.5100000E+02   0.0000000E+00   0.0000000E+00
   1.5395797E+03   9.3000000E+02   8.2700000E+02   3.4446159E-04   3.8736309E-04
   1.5395873E+03   9.3400000E+02   8.4900000E+02   0.0000000E+00   0.0000000E+00
   1.5395948E+03   9.6700000E+02   8.7000000E+02   0.0000000E+00   0.0000000E+00
   1.5396023E+03   9.1900000E+02   8.2700000E+02   0.0000000E+00   0.0000000E+00
   1.5396099E+03   9.4300000E+02   8.5600000E+02   6.7780433E-04   7.4669332E-04
   1.5396174E+03   9.1800000E+02   8.2900000E+02   5.3535643E-04   5.9283137E-04
   1.5396249E+03   9.7500000E+02   8.7900000E+02   0.0000000E+00   0.0000000E+00
   1.5396324E+03   9.0200000E+02   8.1300000E+02   0.0000000E+00   0.0000000E+00
   1.5396400E+03   9.5900000E+02   8.6700000E+02   0.0000000E+00   0.0000000E+00
   1.5396475E+03   9.4700000E+02   8.5200000E+02   0.0000000E+00   0.0000000E+00
   1.5396550E+03   9.1100000E+02   8.2500000E+02   0.0000000E+00   0.0000000E+00
   1.5396626E+03   9.1600000E+02   8.2900000E+02   0.0000000E+00   0.0000000E+00
   1.5396701E+03   9.1800000E+02   8.3400000E+02   7.0229610E-04   7.7303096E-04
   1.5396776E+03   9.5500000E+02   8.6500000E+02   1.0059663E-03   1.1106334E-03
   1.5396851E+03   9.5200000E+02   8.6000000E+02   0.0000000E+00   0.0000000E+00
   1.5396927E+03   1.0210000E+03   9.1100000E+02   0.0000000E+00   0.0000000E+00
   1.5397002E+03   9.7700000E+02   8.8600000E+02   0.0000000E+00   0.0000000E+00
   1.5397077E+03   9.7700000E+02   8.8400000E+02   0.0000000E+00   0.0000000E+00
   1.5397153E+03   9.9000000E+02   8.9700000E+02   0.0000000E+00   0.0000000E+00
   1.5397228E+03   9.6900000E+02   8.8500000E+02   0.0000000E+00   0.0000000E+00
   1.5397303E+03   9.1100000E+02   8.2000000E+02   0.0000000E+00   0.0000000E+00
   1.5397378E+03   1.0260000E+03   9.1600000E+02   0.0000000E+00   0.0000000E+00
   1.5397454E+03   9.7000000E+02   8.8200000E+02   0.0000000E+00   0.0000000E+00
   1.5397529E+03   9.5000000E+02   8.5900000E+02   0.0000000E+00   0.0000000E+00
   1.5397604E+03   9.8200000E+02   8.6900000E+02   0.0000000E+00   0.0000000E+00
   1.5397679E+03   9.8000000E+02   8.9400000E+02   0.0000000E+00   0.0000000E+00
   1.5397755E+03   1.0000000E+03   8.9700000E+02   0.0000000E+00   0.0000000E+00
   1.5397830E+03   1.0000000E+03   9.0400000E+02   0.0000000E+00   0.0000000E+00
   1.5397905E+03   9.9800000E+02   8.9100000E+02   0.0000000E+00   0.0000000E+00
   1.5397981E+03   9.9700000E+02   8.9200000E+02   0.0000000E+00   0.0000000E+00
   1.5398056E+03   9.5900000E+02   8.5500000E+02   0.0000000E+00   0.0000000E+00
   1.5398131E+03   1.0380000E+03   9.3000000E+02   0.0000000E+00   0.0000000E+00
   1.5398206E+03   9.8200000E+02   8.8400000E+02   0.0000000E+00   0.0000000E+00
   1.5398282E+03   9.9000000E+02   9.0800000E+02   0.0000000E+00   0.0000000E+00
   1.5398357E+03   1.0470000E+03   9.2800000E+02   0.0000000E+00   0.0000000E+00
   1.5398432E+03   9.9600000E+02   8.8000000E+02   0.0000000E+00   0.0000000E+00
   1.5398508E+03   9.9700000E+02   8.9900000E+02   0.0000000E+00   0.0000000E+00
   1.5398583E+03   1.0190000E+03   9.2400000E+02   0.0000000E+00   0.0000000E+00
   1.5398658E+03   1.0170000E+03   9.2000000E+02   9.3204247E-04   1.0303122E-03
   1.5398733E+03   1.0560000E+03   9.6000000E+02   3.4705093E-04   3.8175602E-04
   1.5398809E+03   1.0030000E+03   8.9700000E+02   0.0000000E+00   0.0000000E+00
   1.5398884E+03   9.9400000E+02   8.9700000E+02   0.0000000E+00   0.0000000E+00
   1.5398959E+03   1.0200000E+03   9.3500000E+02   0.0000000E+00   0.0000000E+00
   1.5399035E+03   1.0400000E+03   9.5600000E+02   0.0000000E+00   0.0000000E+00
   1.5399110E+03   1.0600000E+03   9.6500000E+02   0.0000000E+00   0.0000000E+00
   1.5399185E+03   1.0370000E+03   9.2900000E+02   0.0000000E+00   0.0000000E+00
   1.5399260E+03   1.0170000E+03   9.0600000E+02   0.0000000E+00   0.0000000E+00
   1.5399336E+03   1.0530000E+03   9.6200000E+02   0.0000000E+00   0.0000000E+00
   1.5399411E+03   1.0270000E+03   9.3100000E+02   0.0000000E+00   0.0000000E+00
   1.5399486E+03   1.0340000E+03   9.4700000E+02   0.0000000E+00   0.0000000E+00
   1.5399562E+03   1.0790000E+03   9.8400000E+02   0.0000000E+00   0.0000000E+00
   1.5399637E+03   1.0680000E+03   9.6100000E+02   0.0000000E+00   0.0000000E+00
   1.5399712E+03   1.0380000E+03   9.5400000E+02   0.0000000E+00   0.0000000E+00
   1.5399787E+03   1.1270000E+03   1.0230000E+03   5.8974154E-04   6.4969571E-04
   1.5399863E+03   1.0920000E+03   9.7300000E+02   0.0000000E+00   0.0000000E+00
   1.5399938E+03   1.0600000E+03   9.6800000E+02   0.0000000E+00   0.0000000E+00
   1.5400013E+03   1.0510000E+03   9.5000000E+02   0.0000000E+00   0.0000000E+00
   1.5400089E+03   1.0730000E+03   9.7400000E+02   0.0000000E+00   0.0000000E+00
   1.5400164E+03   1.0300000E+03   9.2000000E+02   0.0000000E+00   0.0000000E+00
   1.5400239E+03   1.0950000E+03   1.0000000E+03   0.0000000E+00   0.0000000E+00
   1.5400314E+03   1.0320000E+03   9.3000000E+02   0.0000000E+00   0.0000000E+00
   1.5400390E+03   1.1050000E+03   1.0060000E+03   4.4922478E-04   4.9343278E-04
   1.5400465E+03   1.1070000E+03   1.0050000E+03   0.0000000E+00   0.0000000E+00
   1.5400540E+03   1.0930000E+03   9.7800000E+02   0.0000000E+00   0.0000000E+00
   1.5400616E+03   1.0390000E+03   9.5800000E+02   0.0000000E+00   0.0000000E+00
   1.5400691E+03   1.1260000E+03   1.0190000E+03   0.0000000E+00   0.0000000E+00
   1.5400766E+03   1.0850000E+03   9.8300000E+02   0.0000000E+00   0.0000000E+00
   1.5400841E+03   1.1520000E+03   1.0390000E+03   0.0000000E+00   0.0000000E+00
   1.5400917E+03   1.1590000E+03   1.0330000E+03   0.0000000E+00   0.0000000E+00
   1.5400992E+03   1.1440000E+03   1.0420000E+03   0.0000000E+00   0.0000000E+00
   1.5401067E+03   1.1730000E+03   1.0450000E+03   0.0000000E+00   0.0000000E+00
   1.5401143E+03   1.1040000E+03   9.9900000E+02   0.0000000E+00   0.0000000E+00
   1.5401218E+03   1.1170000E+03   1.0010000E+03   0.0000000E+00   0.0000000E+00
   1.5401293E+03   1.1620000E+03   1.0480000E+03   0.0000000E+00   0.0000000E+00
   1.5401368E+03   1.1960000E+03   1.0870000E+03   0.0000000E+00   0.0000000E+00
   1.5401444E+03   1.1770000E+03   1.0580000E+03   0.0000000E+00   0.0000000E+00
   1.5401519E+03   1.1310000E+03   1.0150000E+03   0.0000000E+00   0.0000000E+00
   1.5401594E+03   1.1040000E+03   9.9200000E+02   0.0000000E+00   0.0000000E+00
   1.5401670E+03   1.1690000E+03   1.0490000E+03   0.0000000E+00   0.0000000E+00
   1.5401745E+03   1.1590000E+03   1.0320000E+03   0.0000000E+00   0.0000000E+00
   1.5401820E+03   1.1490000E+03   1.0490000E+03   0.0000000E+00   0.0000000E+00
   1.5401895E+03   1.1070000E+03   9.9400000E+02   0.0000000E+00   0.0000000E+00
   1.5401971E+03   1.1770000E+03   1.0600000E+03   0.0000000E+00   0.0000000E+00
   1.5402046E+03   1.1300000E+03   1.0300000E+03   0.0000000E+00   0.0000000E+00
   1.5402121E+03   1.1220000E+03   1.0160000E+03   0.0000000E+00   0.0000000E+00
   1.5402197E+03   1.1760000E+03   1.0710000E+03   0.0000000E+00   0.0000000E+00
   1.5402272E+03   1.2350000E+03   1.1260000E+03   0.0000000E+00   0.0000000E+00
   1.5402347E+03   1.1930000E+03   1.0800000E+03   0.0000000E+00   0.0000000E+00
   1.5402422E+03   1.1840000E+03   1.0650000E+03   0.0000000E+00   0.0000000E+00
   1.5402498E+03   1.1460000E+03   1.0330000E+03   0.0000000E+00   0.0000000E+00
   1.5402573E+03   1.1550000E+03   1.0420000E+03   0.0000000E+00   0.0000000E+00
   1.5402648E+03   1.1690000E+03   1.0440000E+03   0.0000000E+00   0.0000000E+00
   1.5402723E+03   1.1890000E+03   1.0740000E+03   0.0000000E+00   0.0000000E+00
   1.5402799E+03   1.2110000E+03   1.1040000E+03   0.0000000E+00   0.0000000E+00
   1.5402874E+03   1.2200000E+03   1.1030000E+03   0.0000000E+00   0.0000000E+00
   1.5402949E+03   1.1860000E+03   1.0640000E+03   0.0000000E+00   0.0000000E+00
   1.5403025E+03   1.2450000E+03   1.1240000E+03   0.0000000E+00   0.0000000E+00
   1.5403100E+03   1.2260000E+03   1.0980000E+03   4.5695625E-05   5.1022620E-05
   1.5403175E+03   1.1860000E+03   1.0510000E+03   0.0000000E+00   0.0000000E+00
   1.5403250E+03   1.2090000E+03   1.1030000E+03   0.0000000E+00   0.0000000E+00
   1.5403326E+03   1.2410000E+03   1.1230000E+03   0.0000000E+00   0.0000000E+00
   1.5403401E+03   1.2400000E+03   1.1190000E+03   0.0000000E+00   0.0000000E+00
   1.5403476E+03   1.2660000E+03   1.1470000E+03   0.0000000E+00   0.0000000E+00
   1.5403552E+03   1.2560000E+03   1.1380000E+03   0.0000000E+00   0.0000000E+00
   1.5403627E+03   1.2260000E+03   1.0920000E+03   7.4499269E-04   8.3641121E-04
   1.5403702E+03   1.2610000E+03   1.1140000E+03   0.0000000E+00   0.0000000E+00
   1.5403777E+03   1.2530000E+03   1.1390000E+03   7.3664567E-04   8.1037491E-04
   1.5403853E+03   1.2920000E+03   1.1610000E+03   0.0000000E+00   0.0000000E+00
   1.5403928E+03   1.2960000E+03   1.1580000E+03   0.0000000E+00   0.0000000E+00
   1.5404003E+03   1.2040000E+03   1.0800000E+03   0.0000000E+00   0.0000000E+00
   1.5404079E+03   1.3250000E+03   1.1720000E+03   0.0000000E+00   0.0000000E+00
   1.5404154E+03   1.2440000E+03   1.1290000E+03   0.0000000E+00   0.0000000E+00
   1.5404229E+03   1.3190000E+03   1.1810000E+03   0.0000000E+00   0.0000000E+00
   1.5404304E+03   1.2340000E+03   1.1180000E+03   0.0000000E+00   0.0000000E+00
   1.5404380E+03   1.2700000E+03   1.1480000E+03   0.0000000E+00   0.0000000E+00
   1.5404455E+03   1.3200000E+03   1.1880000E+03   0.0000000E+00   0.0000000E+00
   1.5404530E+03   1.3230000E+03   1.1870000E+03   6.8477157E-06   7.6322897E-06
   1.5404606E+03   1.3260000E+03   1.1970000E+03   0.0000000E+00   0.0000000E+00
   1.5404681E+03   1.3680000E+03   1.2330000E+03   0.0000000E+00   0.0000000E+00
   1.5404756E+03   1.3050000E+03   1.1760000E+03   0.0000000E+00   0.0000000E+00
   1.5404831E+03   1.2850000E+03   1.1630000E+03   0.0000000E+00   0.0000000E+00
   1.5404907E+03   1.3240000E+03   1.1990000E+03   0.0000000E+00   0.0000000E+00
   1.5404982E+03   1.3180000E+03   1.1800000E+03   0.0000000E+00   0.0000000E+00
   1.5405057E+03   1.3340000E+03   1.1740000E+03   0.0000000E+00   0.0000000E+00
   1.5405133E+03   1.3360000E+03   1.2070000E+03   0.0000000E+00   0.0000000E+00
   1.5405208E+03   1.2410000E+03   1.1280000E+03   2.0380477E-04   2.2422138E-04
   1.5405283E+03   1.3460000E+03   1.2110000E+03   4.3499435E-04   4.8348670E-04
   1.5405358E+03   1.4310000E+03   1.2980000E+03   0.0000000E+00   0.0000000E+00
   1.5405434E+03   1.2980000E+03   1.1590000E+03   0.0000000E+00   0.0000000E+00
   1.5405509E+03   1.3570000E+03   1.2380000E+03   2.7353043E-04   2.9982294E-04
   1.5405584E+03   1.3660000E+03   1.2390000E+03   0.0000000E+00   0.0000000E+00
   1.5405660E+03   1.3140000E+03   1.1660000E+03   0.0000000E+00   0.0000000E+00
   1.5405735E+03   1.3300000E+03   1.1830000E+03   0.0000000E+00   0.0000000E+00
   1.5405810E+03   1.3230000E+03   1.1820000E+03   3.8977578E-05   4.3627188E-05
   1.5405885E+03   1.2750000E+03   1.1650000E+03   0.0000000E+00   0.0000000E+00
   1.5405961E+03   1.3540000E+03   1.2220000E+03   1.1215089E-04   1.2426539E-04
   1.5406036E+03   1.4350000E+03   1.2890000E+03   0.0000000E+00   0.0000000E+00
   1.5406111E+03   1.3080000E+03   1.1920000E+03   0.0000000E+00   0.0000000E+00
   1.5406187E+03   1.3800000E+03   1.2540000E+03   0.0000000E+00   0.0000000E+00
   1.5406262E+03   1.3680000E+03   1.2300000E+03   0.0000000E+00   0.0000000E+00
   1.5406337E+03   1.4050000E+03   1.2580000E+03   0.0000000E+00   0.0000000E+00
   1.5406412E+03   1.3340000E+03   1.2110000E+03   0.0000000E+00   0.0000000E+00
   1.5406488E+03   1.3660000E+03   1.2390000E+03   1.9784273E-04   2.1812201E-04
   1.5406563E+03   1.4890000E+03   1.3440000E+03   0.0000000E+00   0.0000000E+00
   1.5406638E+03   1.3770000E+03   1.2330000E+03   0.0000000E+00   0.0000000E+00
   1.5406713E+03   1.4750000E+03   1.3210000E+03   2.1135557E-04   2.3599505E-04
   1.5406789E+03   1.3450000E+03   1.2340000E+03   0.0000000E+00   0.0000000E+00
   1.5406864E+03   1.3650000E+03   1.2260000E+03   0.0000000E+00   0.0000000E+00
   1.5406939E+03   1.4210000E+03   1.2690000E+03   0.0000000E+00   0.0000000E+00
   1.5407015E+03   1.4240000E+03   1.2640000E+03   2.4271745E-06   2.7344118E-06
   1.5407090E+03   1.4090000E+03   1.2680000E+03   0.0000000E+00   0.0000000E+00
   1.5407165E+03   1.3790000E+03   1.2350000E+03   0.0000000E+00   0.0000000E+00
   1.5407240E+03   1.4050000E+03   1.2590000E+03   5.4744125E-04   6.1092530E-04
   1.5407316E+03   1.4420000E+03   1.2950000E+03   0.0000000E+00   0.0000000E+00
   1.5407391E+03   1.4490000E+03   1.2890000E+03   0.0000000E+00   0.0000000E+00
   1.5407466E+03   1.4510000E+03   1.3180000E+03   0.0000000E+00   0.0000000E+00
   1.5407542E+03   1.4370000E+03   1.2910000E+03   0.0000000E+00   0.0000000E+00
   1.5407617E+03   1.4310000E+03   1.2910000E+03   0.0000000E+00   0.0000000E+00
   1.5407692E+03   1.4490000E+03   1.3250000E+03   0.0000000E+00   0.0000000E+00
   1.5407767E+03   1.4800000E+03   1.3340000E+03   0.0000000E+00   0.0000000E+00
   1.5407843E+03   1.4960000E+03   1.3580000E+03   0.0000000E+00   0.0000000E+00
   1.5407918E+03   1.4840000E+03   1.3290000E+03   4.6147903E-04   5.1530089E-04
   1.5407993E+03   1.4510000E+03   1.3150000E+03   0.0000000E+00   0.0000000E+00
   1.5408069E+03   1.4830000E+03   1.3130000E+03   0.0000000E+00   0.0000000E+00
   1.5408144E+03   1.4810000E+03   1.3350000E+03   4.5977213E-04   0.0000000E+00
   1.5408219E+03   1.5030000E+03   1.3610000E+03   0.0000000E+00   0.0000000E+00
   1.5408294E+03   1.5060000E+03   1.3590000E+03   0.0000000E+00   0.0000000E+00
   1.5408370E+03   1.4650000E+03   1.3490000E+03   0.0000000E+00   0.0000000E+00
   1.5408445E+03   1.4890000E+03   1.3520000E+03   0.0000000E+00   0.0000000E+00
   1.5408520E+03   1.4940000E+03   1.3560000E+03   0.0000000E+00   0.0000000E+00
   1.5408596E+03   1.4570000E+03   1.3200000E+03   5.1319482E-04   0.0000000E+00
   1.5408671E+03   1.4250000E+03   1.3050000E+03   0.0000000E+00   0.0000000E+00
   1.5408746E+03   1.4720000E+03   1.3330000E+03   0.0000000E+00   0.0000000E+00
   1.5408821E+03   1.4790000E+03   1.3360000E+03   0.0000000E+00   0.0000000E+00
   1.5408897E+03   1.4960000E+03   1.3570000E+03   1.1463020E-03   1.2637198E-03
   1.5408972E+03   1.5060000E+03   1.3510000E+03   5.6704928E-04   6.3210675E-04
   1.5409047E+03   1.4790000E+03   1.3270000E+03   6.7785585E-05   7.5550023E-05
   1.5409123E+03   1.4350000E+03   1.3020000E+03   0.0000000E+00   0.0000000E+00
   1.5409198E+03   1.5220000E+03   1.3850000E+03   0.0000000E+00   0.0000000E+00
   1.5409273E+03   1.5240000E+03   1.3690000E+03   0.0000000E+00   0.0000000E+00
   1.5409348E+03   1.4770000E+03   1.3400000E+03   6.0507167E-04   0.0000000E+00
   1.5409424E+03   1.5790000E+03   1.4140000E+03   4.1716668E-04   4.6584596E-04
   1.5409499E+03   1.4840000E+03   1.3530000E+03   8.8039334E-04   9.6563468E-04
   1.5409574E+03   1.5730000E+03   1.4310000E+03   3.2288420E-04   3.5492443E-04
   1.5409650E+03   1.6380000E+03   1.4960000E+03   0.0000000E+00   0.0000000E+00
   1.5409725E+03   1.4870000E+03   1.3180000E+03   0.0000000E+00   0.0000000E+00
   1.5409800E+03   1.5730000E+03   1.4130000E+03   0.0000000E+00   0.0000000E+00
   1.5409875E+03   1.5550000E+03   1.4210000E+03   0.0000000E+00   0.0000000E+00
   1.5409951E+03   1.5860000E+03   1.4460000E+03   0.0000000E+00   0.0000000E+00
   1.5410026E+03   1.5230000E+03   1.3750000E+03   2.4240466E-04   2.6849622E-04
   1.5410101E+03   1.5480000E+03   1.4100000E+03   0.0000000E+00   0.0000000E+00
   1.5410177E+03   1.5830000E+03   1.4090000E+03   8.9615044E-05   0.0000000E+00
   1.5410252E+03   1.5960000E+03   1.4630000E+03   0.0000000E+00   0.0000000E+00
   1.5410327E+03   1.6810000E+03   1.5070000E+03   0.0000000E+00   0.0000000E+00
   1.5410402E+03   1.5540000E+03   1.4040000E+03   0.0000000E+00   0.0000000E+00
   1.5410478E+03   1.5610000E+03   1.4090000E+03   3.1479009E-04   3.4874899E-04
   1.5410553E+03   1.5780000E+03   1.4250000E+03   0.0000000E+00   0.0000000E+00
   1.5410628E+03   1.5930000E+03   1.4210000E+03   4.1249990E-04   4.6242952E-04
   1.5410704E+03   1.5920000E+03   1.4390000E+03   0.0000000E+00   0.0000000E+00
   1.5410779E+03   1.5780000E+03   1.4160000E+03   0.0000000E+00   0.0000000E+00
   1.5410854E+03   1.6250000E+03   1.4630000E+03   0.0000000E+00   0.0000000E+00
   1.5410929E+03   1.5960000E+03   1.4430000E+03   0.0000000E+00   0.0000000E+00
   1.5411005E+03   1.6700000E+03   1.5080000E+03   0.0000000E+00   0.0000000E+00
   1.5411080E+03   1.6220000E+03   1.4530000E+03   5.4937189E-04   0.0000000E+00
   1.5411155E+03   1.6060000E+03   1.4660000E+03   0.0000000E+00   0.0000000E+00
   1.5411230E+03   1.6480000E+03   1.4650000E+03   0.0000000E+00   0.0000000E+00
   1.5411306E+03   1.6190000E+03   1.4580000E+03   0.0000000E+00   0.0000000E+00
   1.5411381E+03   1.7640000E+03   1.6170000E+03   0.0000000E+00   0.0000000E+00
   1.5411456E+03   1.6440000E+03   1.4770000E+03   0.0000000E+00   0.0000000E+00
   1.5411532E+03   1.6220000E+03   1.4720000E+03   0.0000000E+00   0.0000000E+00
   1.5411607E+03   1.6370000E+03   1.4890000E+03   3.7412526E-04   4.1131165E-04
   1.5411682E+03   1.6490000E+03   1.4780000E+03   0.0000000E+00   0.0000000E+00
   1.5411757E+03   1.7380000E+03   1.5660000E+03   0.0000000E+00   0.0000000E+00
   1.5411833E+03   1.7060000E+03   1.5440000E+03   0.0000000E+00   0.0000000E+00
   1.5411908E+03   1.7070000E+03   1.5140000E+03   0.0000000E+00   0.0000000E+00
   1.5411983E+03   1.6690000E+03   1.4880000E+03   1.4942297E-04   1.6759874E-04
   1.5412059E+03   1.7210000E+03   1.5800000E+03   0.0000000E+00   0.0000000E+00
   1.5412134E+03   1.6790000E+03   1.5240000E+03   0.0000000E+00   0.0000000E+00
   1.5412209E+03   1.7500000E+03   1.6000000E+03   2.2620089E-04   2.4740723E-04
   1.5412284E+03   1.7600000E+03   1.5920000E+03   0.0000000E+00   0.0000000E+00
   1.5412360E+03   1.6930000E+03   1.5680000E+03   0.0000000E+00   0.0000000E+00
   1.5412435E+03   1.6890000E+03   1.5160000E+03   7.8747083E-05   8.7733393E-05
   1.5412510E+03   1.6880000E+03   1.5150000E+03   0.0000000E+00   0.0000000E+00
   1.5412586E+03   1.6780000E+03   1.5300000E+03   4.6091059E-04   5.0549540E-04
   1.5412661E+03   1.6580000E+03   1.4990000E+03   0.0000000E+00   0.0000000E+00
   1.5412736E+03   1.6620000E+03   1.4960000E+03   0.0000000E+00   0.0000000E+00
   1.5412811E+03   1.6700000E+03   1.5260000E+03   0.0000000E+00   0.0000000E+00
   1.5412887E+03   1.6570000E+03   1.5030000E+03   0.0000000E+00   0.0000000E+00
   1.5412962E+03   1.7210000E+03   1.5510000E+03   0.0000000E+00   0.0000000E+00
   1.5413037E+03   1.6770000E+03   1.5140000E+03   4.3864902E-04   4.8587478E-04
   1.5413113E+03   1.7090000E+03   1.5540000E+03   3.4054596E-04   3.7451289E-04
   1.5413188E+03   1.7560000E+03   1.5800000E+03   0.0000000E+00   0.0000000E+00
   1.5413263E+03   1.7970000E+03   1.6240000E+03   0.0000000E+00   0.0000000E+00
   1.5413338E+03   1.7450000E+03   1.5920000E+03   0.0000000E+00   0.0000000E+00
   1.5413414E+03   1.7290000E+03   1.5660000E+03   0.0000000E+00   0.0000000E+00
   1.5413489E+03   1.7040000E+03   1.5040000E+03   1.4007750E-04   0.0000000E+00
   1.5413564E+03   1.7460000E+03   1.5900000E+03   0.0000000E+00   0.0000000E+00
   1.5413640E+03   1.7480000E+03   1.5940000E+03   0.0000000E+00   0.0000000E+00
   1.5413715E+03   1.7570000E+03   1.5880000E+03   3.1107100E-04   3.4417616E-04
   1.5413790E+03   1.7410000E+03   1.5470000E+03   5.4530795E-04   6.1369175E-04
   1.5413865E+03   1.8290000E+03   1.6750000E+03   0.0000000E+00   0.0000000E+00
   1.5413941E+03   1.8000000E+03   1.6280000E+03   0.0000000E+00   0.0000000E+00
   1.5414016E+03   1.7690000E+03   1.6020000E+03   2.4176865E-04   2.6697175E-04
   1.5414091E+03   1.8130000E+03   1.6310000E+03   0.0000000E+00   0.0000000E+00
   1.5414167E+03   1.8520000E+03   1.6400000E+03   3.9760215E-04   0.0000000E+00
   1.5414242E+03   1.7960000E+03   1.6250000E+03   4.6212008E-04   5.1074933E-04
   1.5414317E+03   1.7460000E+03   1.5790000E+03   1.8081387E-05   1.9993731E-05
   1.5414392E+03   1.8270000E+03   1.6420000E+03   0.0000000E+00   0.0000000E+00
   1.5414468E+03   1.7730000E+03   1.5910000E+03   5.3820019E-04   5.9976677E-04
   1.5414543E+03   1.8270000E+03   1.6630000E+03   0.0000000E+00   0.0000000E+00
   1.5414618E+03   1.7870000E+03   1.6170000E+03   4.2419872E-04   3.3833765E-04
   1.5414694E+03   1.7960000E+03   1.6200000E+03   0.0000000E+00   0.0000000E+00
   1.5414769E+03   1.8830000E+03   1.6900000E+03   0.0000000E+00   0.0000000E+00
   1.5414844E+03   1.8400000E+03   1.6690000E+03   4.1482181E-04   4.5732302E-04
   1.5414919E+03   1.9190000E+03   1.7160000E+03   0.0000000E+00   0.0000000E+00
   1.5414995E+03   1.8750000E+03   1.6770000E+03   2.3782697E-07   2.6590672E-07
   1.5415070E+03   1.8190000E+03   1.6280000E+03   0.0000000E+00   0.0000000E+00
   1.5415145E+03   1.9570000E+03   1.7800000E+03   0.0000000E+00   0.0000000E+00
   1.5415221E+03   1.8720000E+03   1.6830000E+03   0.0000000E+00   0.0000000E+00
   1.5415296E+03   1.8730000E+03   1.6870000E+03   0.0000000E+00   0.0000000E+00
   1.5415371E+03   1.8040000E+03   1.6180000E+03   0.0000000E+00   0.0000000E+00
   1.5415446E+03   1.8560000E+03   1.6670000E+03   0.0000000E+00   0.0000000E+00
   1.5415522E+03   1.8670000E+03   1.6750000E+03   0.0000000E+00   0.0000000E+00
   1.5415597E+03   1.8940000E+03   1.7130000E+03   3.2125196E-04   3.5519627E-04
   1.5415672E+03   1.8980000E+03   1.7000000E+03   3.6792934E-05   4.1078229E-05
   1.5415747E+03   1.8530000E+03   1.6610000E+03   6.8824892E-04   7.6780569E-04
   1.5415823E+03   1.9530000E+03   1.7640000E+03   2.4954191E-04   2.7627854E-04
   1.5415898E+03   1.7960000E+03   1.6300000E+03   0.0000000E+00   0.0000000E+00
   1.5415973E+03   1.8760000E+03   1.6800000E+03   1.8493683E-04   2.0651279E-04
   1.5416049E+03   1.9630000E+03   1.7700000E+03   6.9603356E-05   7.7192875E-05
   1.5416124E+03   1.9440000E+03   1.7660000E+03   0.0000000E+00   0.0000000E+00
   1.5416199E+03   1.9130000E+03   1.7430000E+03   5.9746962E-05   6.5574262E-05
   1.5416274E+03   1.9100000E+03   1.7160000E+03   0.0000000E+00   0.0000000E+00
   1.5416350E+03   1.8780000E+03   1.7120000E+03   0.0000000E+00   0.0000000E+00
   1.5416425E+03   1.8840000E+03   1.7030000E+03   2.3477266E-04   2.5972501E-04
   1.5416500E+03   1.9210000E+03   1.7370000E+03   0.0000000E+00   0.0000000E+00
   1.5416576E+03   1.9340000E+03   1.7330000E+03   1.1321286E-04   1.2634373E-04
   1.5416651E+03   1.9010000E+03   1.7120000E+03   0.0000000E+00   0.0000000E+00
   1.5416726E+03   1.9500000E+03   1.7700000E+03   0.0000000E+00   0.0000000E+00
   1.5416801E+03   2.0100000E+03   1.8220000E+03   0.0000000E+00   0.0000000E+00
   1.5416877E+03   1.9140000E+03   1.7300000E+03   0.0000000E+00   0.0000000E+00
   1.5416952E+03   1.9520000E+03   1.7620000E+03   0.0000000E+00   0.0000000E+00
   1.5417027E+03   2.0110000E+03   1.8040000E+03   0.0000000E+00   0.0000000E+00
   1.5417103E+03   2.0080000E+03   1.8440000E+03   0.0000000E+00   0.0000000E+00
   1.5417178E+03   1.9940000E+03   1.8090000E+03   0.0000000E+00   0.0000000E+00
   1.5417253E+03   1.9220000E+03   1.7360000E+03   0.0000000E+00   0.0000000E+00
   1.5417328E+03   2.0020000E+03   1.8200000E+03   0.0000000E+00   0.0000000E+00
   1.5417404E+03   1.9770000E+03   1.7840000E+03   2.9631865E-04   3.2837554E-04
   1.5417479E+03   2.0240000E+03   1.8360000E+03   0.0000000E+00   0.0000000E+00
   1.5417554E+03   1.8940000E+03   1.6750000E+03   0.0000000E+00   0.0000000E+00
   1.5417630E+03   1.9850000E+03   1.7740000E+03   0.0000000E+00   0.0000000E+00
   1.5417705E+03   1.9840000E+03   1.7950000E+03   0.0000000E+00   0.0000000E+00
   1.5417780E+03   2.0260000E+03   1.8280000E+03   0.0000000E+00   0.0000000E+00
   1.5417855E+03   1.9950000E+03   1.7860000E+03   1.2226023E-04   1.3656728E-04
   1.5417931E+03   1.9940000E+03   1.7980000E+03   0.0000000E+00   0.0000000E+00
   1.5418006E+03   1.9760000E+03   1.7520000E+03   4.3659461E-05   4.9241492E-05
   1.5418081E+03   2.0720000E+03   1.8920000E+03   3.3072571E-04   3.6219011E-04
   1.5418157E+03   2.0640000E+03   1.8620000E+03   0.0000000E+00   0.0000000E+00
   1.5418232E+03   2.0370000E+03   1.8440000E+03   0.0000000E+00   0.0000000E+00
   1.5418307E+03   2.0190000E+03   1.8180000E+03   0.0000000E+00   0.0000000E+00
   1.5418382E+03   2.0660000E+03   1.8720000E+03   4.4727534E-04   4.9362759E-04
   1.5418458E+03   2.0530000E+03   1.8380000E+03   0.0000000E+00   0.0000000E+00
   1.5418533E+03   2.0520000E+03   1.8570000E+03   0.0000000E+00   0.0000000E+00
   1.5418608E+03   2.1210000E+03   1.9070000E+03   4.4544438E-04   4.9543132E-04
   1.5418684E+03   2.0960000E+03   1.9050000E+03   0.0000000E+00   0.0000000E+00
   1.5418759E+03   2.0770000E+03   1.8590000E+03   2.7126081E-04   3.0307085E-04
   1.5418834E+03   2.1570000E+03   1.9410000E+03   0.0000000E+00   0.0000000E+00
   1.5418909E+03   2.0600000E+03   1.8590000E+03   0.0000000E+00   0.0000000E+00
   1.5418985E+03   2.1210000E+03   1.9120000E+03   0.0000000E+00   0.0000000E+00
   1.5419060E+03   2.0720000E+03   1.8550000E+03   0.0000000E+00   0.0000000E+00
   1.5419135E+03   2.1550000E+03   1.9450000E+03   0.0000000E+00   0.0000000E+00
   1.5419211E+03   2.0500000E+03   1.8670000E+03   2.3917412E-04   0.0000000E+00
   1.5419286E+03   2.0580000E+03   1.8760000E+03   0.0000000E+00   0.0000000E+00
   1.5419361E+03   2.1610000E+03   1.9670000E+03   0.0000000E+00   0.0000000E+00
   1.5419436E+03   2.0670000E+03   1.8680000E+03   3.5123599E-04   3.8865352E-04
   1.5419512E+03   2.1640000E+03   1.9760000E+03   1.4083232E-04   1.5423134E-04
   1.5419587E+03   2.2010000E+03   1.9800000E+03   2.5421255E-04   2.8258678E-04
   1.5419662E+03   2.2190000E+03   2.0230000E+03   2.1545944E-04   0.0000000E+00
   1.5419738E+03   2.1890000E+03   1.9930000E+03   3.1122977E-04   3.4183741E-04
   1.5419813E+03   2.1370000E+03   1.9340000E+03   3.9635564E-04   4.3795863E-04
   1.5419888E+03   2.1290000E+03   1.9270000E+03   1.1140256E-04   1.2308046E-04
   1.5419963E+03   2.1290000E+03   1.8900000E+03   7.7660701E-05   8.7481288E-05
   1.5420039E+03   2.1040000E+03   1.9000000E+03   0.0000000E+00   0.0000000E+00
   1.5420114E+03   2.2100000E+03   1.9970000E+03   2.3530659E-04   2.6040439E-04
   1.5420189E+03   2.1200000E+03   1.9330000E+03   4.7542381E-04   5.2141669E-04
   1.5420264E+03   2.2620000E+03   2.0700000E+03   0.0000000E+00   0.0000000E+00
   1.5420340E+03   2.2880000E+03   2.0410000E+03   5.6333952E-04   6.3151437E-04
   1.5420415E+03   2.1390000E+03   1.9490000E+03   0.0000000E+00   0.0000000E+00
   1.5420490E+03   2.2510000E+03   2.0190000E+03   4.1929399E-04   4.6747437E-04
   1.5420566E+03   2.2310000E+03   2.0350000E+03   0.0000000E+00   0.0000000E+00
   1.5420641E+03   2.2380000E+03   2.0120000E+03   0.0000000E+00   0.0000000E+00
   1.5420716E+03   2.2980000E+03   2.0770000E+03   1.5009126E-04   1.6606149E-04
   1.5420791E+03   2.1990000E+03   1.9810000E+03   0.0000000E+00   0.0000000E+00
   1.5420867E+03   2.1550000E+03   1.9800000E+03   0.0000000E+00   0.0000000E+00
   1.5420942E+03   2.2360000E+03   2.0130000E+03   3.9811829E-04   4.4222181E-04
   1.5421017E+03   2.1590000E+03   1.9380000E+03   0.0000000E+00   0.0000000E+00
   1.5421093E+03   2.2440000E+03   2.0040000E+03   0.0000000E+00   0.0000000E+00
   1.5421168E+03   2.2510000E+03   2.0360000E+03   2.9045181E-04   3.2112329E-04
   1.5421243E+03   2.1860000E+03   1.9960000E+03   0.0000000E+00   0.0000000E+00
   1.5421318E+03   2.2580000E+03   2.0230000E+03   2.6397710E-04   2.9464177E-04
   1.5421394E+03   2.3460000E+03   2.1020000E+03   1.4233286E-04   1.5885484E-04
   1.5421469E+03   2.2230000E+03   1.9930000E+03   5.0140523E-04   5.5926935E-04
   1.5421544E+03   2.2970000E+03   2.0790000E+03   0.0000000E+00   0.0000000E+00
   1.5421620E+03   2.2630000E+03   2.0530000E+03   3.7506996E-04   4.1343561E-04
   1.5421695E+03   2.2590000E+03   2.0450000E+03   2.3540655E-05   2.6004078E-05
   1.5421770E+03   2.2770000E+03   2.0640000E+03   3.3557277E-04   3.7020310E-04
   1.5421845E+03   2.2790000E+03   2.0570000E+03   0.0000000E+00   0.0000000E+00
   1.5421921E+03   2.2350000E+03   2.0100000E+03   2.3966467E-04   2.0023118E-04
   1.5421996E+03   2.1870000E+03   1.9660000E+03   2.7199147E-04   3.0256630E-04
   1.5422071E+03   2.2670000E+03   2.0290000E+03   3.7445750E-05   4.1838105E-05
   1.5422147E+03   2.3210000E+03   2.1030000E+03   2.2562278E-04   2.4901116E-04
   1.5422222E+03   2.3420000E+03   2.1230000E+03   3.9002610E-04   4.3025959E-04
   1.5422297E+03   2.2560000E+03   2.0370000E+03   2.0008614E-05   2.2159761E-05
   1.5422372E+03   2.2770000E+03   2.0560000E+03   2.5593035E-04   2.8344037E-04
   1.5422448E+03   2.3010000E+03   2.0780000E+03   0.0000000E+00   0.0000000E+00
   1.5422523E+03   2.3200000E+03   2.0770000E+03   0.0000000E+00   0.0000000E+00
   1.5422598E+03   2.3100000E+03   2.0890000E+03   0.0000000E+00   0.0000000E+00
   1.5422674E+03   2.3130000E+03   2.1000000E+03   2.4827828E-04   2.7346080E-04
   1.5422749E+03   2.3340000E+03   2.1210000E+03   0.0000000E+00   0.0000000E+00
   1.5422824E+03   2.3650000E+03   2.1160000E+03   2.3374259E-04   2.6124821E-04
   1.5422899E+03   2.3940000E+03   2.1720000E+03   0.0000000E+00   0.0000000E+00
   1.5422975E+03   2.3270000E+03   2.1160000E+03   0.0000000E+00   0.0000000E+00
   1.5423050E+03   2.3960000E+03   2.1550000E+03   6.0232815E-05   6.6968828E-05
   1.5423125E+03   2.4690000E+03   2.2400000E+03   0.0000000E+00   0.0000000E+00
   1.5423201E+03   2.4050000E+03   2.1690000E+03   2.6859632E-04   2.9782118E-04
   1.5423276E+03   2.3790000E+03   2.1370000E+03   0.0000000E+00   0.0000000E+00
   1.5423351E+03   2.3980000E+03   2.1730000E+03   3.9027069E-05   4.3068068E-05
   1.5423426E+03   2.3150000E+03   2.0800000E+03   0.0000000E+00   0.0000000E+00
   1.5423502E+03   2.3610000E+03   2.1500000E+03   0.0000000E+00   0.0000000E+00
   1.5423577E+03   2.4450000E+03   2.2030000E+03   2.6076755E-04   2.8941292E-04
   1.5423652E+03   2.3900000E+03   2.1610000E+03   3.2843113E-04   3.6323480E-04
   1.5423728E+03   2.4550000E+03   2.2290000E+03   0.0000000E+00   0.0000000E+00
   1.5423803E+03   2.3810000E+03   2.1320000E+03   3.8496973E-04   4.2993102E-04
   1.5423878E+03   2.3450000E+03   2.1170000E+03   7.1368775E-06   7.9055161E-06
   1.5423953E+03   2.4280000E+03   2.2010000E+03   3.8274753E-04   4.2222217E-04
   1.5424029E+03   2.4150000E+03   2.1810000E+03   3.6123362E-04   3.9999046E-04
   1.5424104E+03   2.5030000E+03   2.2600000E+03   0.0000000E+00   0.0000000E+00
   1.5424179E+03   2.4490000E+03   2.2060000E+03   2.7089869E-04   3.0073930E-04
   1.5424255E+03   2.4510000E+03   2.2010000E+03   0.0000000E+00   0.0000000E+00
   1.5424330E+03   2.4200000E+03   2.1960000E+03   1.7594225E-04   1.9388900E-04
   1.5424405E+03   2.4330000E+03   2.1900000E+03   4.1116894E-06   4.5679179E-06
   1.5424480E+03   2.4510000E+03   2.2050000E+03   1.3042033E-04   1.4497062E-04
   1.5424556E+03   2.3310000E+03   2.0920000E+03   4.0152102E-04   4.4739269E-04
   1.5424631E+03   2.4090000E+03   2.1900000E+03   0.0000000E+00   0.0000000E+00
   1.5424706E+03   2.5530000E+03   2.3220000E+03   0.0000000E+00   0.0000000E+00
   1.5424781E+03   2.4360000E+03   2.1890000E+03   0.0000000E+00   0.0000000E+00
   1.5424857E+03   2.4580000E+03   2.2310000E+03   2.9881622E-04   3.2922020E-04
   1.5424932E+03   2.4540000E+03   2.2330000E+03   9.7055034E-06   0.0000000E+00
   1.5425007E+03   2.4250000E+03   2.1960000E+03   0.0000000E+00   0.0000000E+00
   1.5425083E+03   2.5060000E+03   2.2740000E+03   0.0000000E+00   0.0000000E+00
   1.5425158E+03   2.5210000E+03   2.2910000E+03   0.0000000E+00   0.0000000E+00
   1.5425233E+03   2.5190000E+03   2.2610000E+03   3.0409305E-04   3.3879274E-04
   1.5425308E+03   2.4550000E+03   2.2120000E+03   4.2864817E-04   4.7573746E-04
   1.5425384E+03   2.4620000E+03   2.2400000E+03   0.0000000E+00   0.0000000E+00
   1.5425459E+03   2.4970000E+03   2.2260000E+03   0.0000000E+00   0.0000000E+00
   1.5425534E+03   2.5420000E+03   2.3150000E+03   1.8805031E-04   2.2344517E-04
   1.5425610E+03   2.5210000E+03   2.2840000E+03   3.2424165E-04   3.5788669E-04
   1.5425685E+03   2.5310000E+03   2.2970000E+03   1.9537167E-04   2.1527457E-04
   1.5425760E+03   2.5460000E+03   2.2790000E+03   0.0000000E+00   0.0000000E+00
   1.5425835E+03   2.5210000E+03   2.2670000E+03   1.3416078E-04   1.4919247E-04
   1.5425911E+03   2.5380000E+03   2.2900000E+03   0.0000000E+00   0.0000000E+00
   1.5425986E+03   2.5260000E+03   2.2820000E+03   1.6057234E-04   1.7774134E-04
   1.5426061E+03   2.5590000E+03   2.3320000E+03   2.8075723E-04   3.0808652E-04
   1.5426137E+03   2.7150000E+03   2.4560000E+03   2.5290885E-04   2.7957961E-04
   1.5426212E+03   2.6060000E+03   2.3440000E+03   4.7108538E-05   5.2374083E-05
   1.5426287E+03   2.5170000E+03   2.2530000E+03   0.0000000E+00   0.0000000E+00
   1.5426362E+03   2.6530000E+03   2.4130000E+03   1.2514390E-04   1.3759086E-04
   1.5426438E+03   2.5930000E+03   2.3410000E+03   7.5720432E-05   8.3871456E-05
   1.5426513E+03   2.6160000E+03   2.3590000E+03   7.4062321E-06   8.2131002E-06
   1.5426588E+03   2.5680000E+03   2.2800000E+03   1.0485628E-04   1.1810128E-04
   1.5426664E+03   2.6640000E+03   2.4140000E+03   5.0563416E-04   6.1567399E-04
   1.5426739E+03   2.5780000E+03   2.3560000E+03   0.0000000E+00   0.0000000E+00
   1.5426814E+03   2.6290000E+03   2.3750000E+03   4.7906212E-05   1.4792588E-05
   1.5426889E+03   2.5390000E+03   2.3110000E+03   5.1638746E-06   5.6733352E-06
   1.5426965E+03   2.6640000E+03   2.3810000E+03   0.0000000E+00   0.0000000E+00
   1.5427040E+03   2.6670000E+03   2.4070000E+03   0.0000000E+00   0.0000000E+00
   1.5427115E+03   2.7030000E+03   2.4380000E+03   3.5210785E-04   3.9038045E-04
   1.5427191E+03   2.6500000E+03   2.3990000E+03   2.6984199E-04   8.3765957E-05
   1.5427266E+03   2.6220000E+03   2.3500000E+03   0.0000000E+00   0.0000000E+00
   1.5427341E+03   2.6790000E+03   2.4480000E+03   0.0000000E+00   0.0000000E+00
   1.5427416E+03   2.6210000E+03   2.3930000E+03   0.0000000E+00   0.0000000E+00
   1.5427492E+03   2.6990000E+03   2.4310000E+03   2.4670173E-04   2.7389879E-04
   1.5427567E+03   2.7110000E+03   2.4110000E+03   0.0000000E+00   0.0000000E+00
   1.5427642E+03   2.6560000E+03   2.4060000E+03   0.0000000E+00   0.0000000E+00
   1.5427718E+03   2.7000000E+03   2.4340000E+03   0.0000000E+00   0.0000000E+00
   1.5427793E+03   2.6220000E+03   2.3490000E+03   1.4574129E-04   1.6267930E-04
   1.5427868E+03   2.6870000E+03   2.4400000E+03   4.4138456E-04   3.5907902E-04
   1.5427943E+03   2.6630000E+03   2.4130000E+03   0.0000000E+00   0.0000000E+00
   1.5428019E+03   2.7490000E+03   2.5020000E+03   0.0000000E+00   0.0000000E+00
   1.5428094E+03   2.6960000E+03   2.4250000E+03   0.0000000E+00   0.0000000E+00
   1.5428169E+03   2.7360000E+03   2.4870000E+03   1.8748044E-04   2.0625110E-04
   1.5428245E+03   2.6990000E+03   2.4470000E+03   5.0152242E-05   5.5317083E-05
   1.5428320E+03   2.6660000E+03   2.3990000E+03   1.1170286E-04   1.2413498E-04
   1.5428395E+03   2.8380000E+03   2.5710000E+03   4.5672857E-04   5.0416012E-04
   1.5428470E+03   2.6870000E+03   2.4280000E+03   3.2519022E-04   3.8017201E-04
   1.5428546E+03   2.7370000E+03   2.4480000E+03   2.2245204E-04   2.4871374E-04
   1.5428621E+03   2.7340000E+03   2.4660000E+03   1.5373128E-04   1.6871709E-04
   1.5428696E+03   2.8380000E+03   2.5570000E+03   4.1088036E-04   4.5603381E-04
   1.5428772E+03   2.7480000E+03   2.4610000E+03   9.6489302E-05   1.0774181E-04
   1.5428847E+03   2.8040000E+03   2.5210000E+03   3.1362825E-04   3.4883523E-04
   1.5428922E+03   2.8300000E+03   2.5600000E+03   3.2313707E-04   2.5559959E-04
   1.5428997E+03   2.8090000E+03   2.5520000E+03   0.0000000E+00   0.0000000E+00
   1.5429073E+03   2.7540000E+03   2.5030000E+03   0.0000000E+00   0.0000000E+00
   1.5429148E+03   2.7920000E+03   2.5030000E+03   1.2651515E-04   1.4112277E-04
   1.5429223E+03   2.7800000E+03   2.4860000E+03   2.5690673E-04   2.8728910E-04
   1.5429298E+03   2.7270000E+03   2.4890000E+03   2.9761438E-04   3.2607248E-04
   1.5429374E+03   2.7620000E+03   2.5130000E+03   4.0284302E-05   4.4275862E-05
   1.5429449E+03   2.7930000E+03   2.5280000E+03   3.5346188E-04   3.9051386E-04
   1.5429524E+03   2.8180000E+03   2.5560000E+03   1.6831860E-04   1.8557191E-04
   1.5429600E+03   2.9350000E+03   2.6540000E+03   3.4998454E-05   3.8704017E-05
   1.5429675E+03   2.8140000E+03   2.5510000E+03   5.3094886E-05   5.8568800E-05
   1.5429750E+03   2.7840000E+03   2.5090000E+03   1.5899440E-04   1.7642104E-04
   1.5429825E+03   2.8270000E+03   2.5590000E+03   0.0000000E+00   0.0000000E+00
   1.5429901E+03   2.7930000E+03   2.5150000E+03   1.6383212E-04   1.8194159E-04
   1.5429976E+03   2.8590000E+03   2.5760000E+03   0.0000000E+00   0.0000000E+00
   1.5430051E+03   2.7980000E+03   2.5060000E+03   4.3537316E-04   4.8610300E-04
   1.5430127E+03   2.8630000E+03   2.5980000E+03   1.4524887E-04   1.6006447E-04
   1.5430202E+03   2.8860000E+03   2.5860000E+03   4.8586894E-04   5.4223425E-04
   1.5430277E+03   2.7720000E+03   2.5200000E+03   2.2400716E-04   2.4640788E-04
   1.5430352E+03   2.9290000E+03   2.6490000E+03   1.5109988E-04   1.6707118E-04
   1.5430428E+03   2.9060000E+03   2.6250000E+03   1.3974028E-04   0.0000000E+00
   1.5430503E+03   2.9940000E+03   2.7140000E+03   0.0000000E+00   0.0000000E+00
   1.5430578E+03   2.8300000E+03   2.5400000E+03   9.2560909E-05   1.0312889E-04
   1.5430654E+03   2.9400000E+03   2.6470000E+03   9.7868320E-05   1.0870150E-04
   1.5430729E+03   2.9040000E+03   2.6020000E+03   3.1025022E-04   3.4625927E-04
   1.5430804E+03   2.9240000E+03   2.6500000E+03   0.0000000E+00   0.0000000E+00
   1.5430879E+03   2.9320000E+03   2.6500000E+03   7.5475623E-04   8.3507369E-04
   1.5430955E+03   2.8290000E+03   2.5360000E+03   2.1282883E-04   2.3741828E-04
   1.5431030E+03   2.8850000E+03   2.6030000E+03   7.1653948E-05   0.0000000E+00
   1.5431105E+03   3.0480000E+03   2.7460000E+03   2.5262665E-04   2.8041007E-04
   1.5431181E+03   2.9190000E+03   2.6280000E+03   1.0629189E-04   1.1806165E-04
   1.5431256E+03   2.9220000E+03   2.6470000E+03   1.2323488E-05   1.3603790E-05
   1.5431331E+03   2.9730000E+03   2.6720000E+03   2.3360827E-04   2.5992417E-04
   1.5431406E+03   2.9470000E+03   2.6560000E+03   2.9779918E-04   3.3042702E-04
   1.5431482E+03   2.9940000E+03   2.6810000E+03   8.3394804E-06   9.3130938E-06
   1.5431557E+03   3.1010000E+03   2.8070000E+03   1.1630851E-04   1.2849045E-04
   1.5431632E+03   3.0820000E+03   2.8220000E+03   4.6258356E-04   5.0520288E-04
   1.5431708E+03   2.9590000E+03   2.6600000E+03   2.0977740E-05   2.3335764E-05
   1.5431783E+03   2.9060000E+03   2.6380000E+03   0.0000000E+00   0.0000000E+00
   1.5431858E+03   3.0270000E+03   2.7230000E+03   0.0000000E+00   0.0000000E+00
   1.5431933E+03   3.0330000E+03   2.7170000E+03   3.2294855E-05   3.6050900E-05
   1.5432009E+03   3.0780000E+03   2.7820000E+03   0.0000000E+00   0.0000000E+00
   1.5432084E+03   3.1150000E+03   2.8360000E+03   0.0000000E+00   0.0000000E+00
   1.5432159E+03   3.0560000E+03   2.7550000E+03   0.0000000E+00   0.0000000E+00
   1.5432235E+03   3.0610000E+03   2.7400000E+03   0.0000000E+00   0.0000000E+00
   1.5432310E+03   3.0340000E+03   2.7360000E+03   3.4802769E-04   3.8593422E-04
   1.5432385E+03   2.9650000E+03   2.6620000E+03   2.6359835E-04   2.9360222E-04
   1.5432460E+03   3.0950000E+03   2.7770000E+03   0.0000000E+00   0.0000000E+00
   1.5432536E+03   3.0900000E+03   2.8080000E+03   0.0000000E+00   0.0000000E+00
   1.5432611E+03   3.0250000E+03   2.7080000E+03   0.0000000E+00   0.0000000E+00
   1.5432686E+03   3.2110000E+03   2.8710000E+03   5.8006757E-04   6.4876244E-04
   1.5432762E+03   2.9880000E+03   2.7110000E+03   3.2627960E-04   3.3390540E-04
   1.5432837E+03   3.0020000E+03   2.6810000E+03   0.0000000E+00   0.0000000E+00
   1.5432912E+03   3.1260000E+03   2.8270000E+03   2.6602619E-04   2.9416267E-04
   1.5432987E+03   3.0860000E+03   2.7820000E+03   1.8759109E-04   2.0808990E-04
   1.5433063E+03   3.1480000E+03   2.8500000E+03   2.1069353E-04   2.3272395E-04
   1.5433138E+03   3.0590000E+03   2.7700000E+03   3.0519237E-04   3.3703374E-04
   1.5433213E+03   3.1570000E+03   2.8490000E+03   2.6763988E-05   2.9657392E-05
   1.5433289E+03   3.1920000E+03   2.8680000E+03   1.6083069E-04   1.8275892E-04
   1.5433364E+03   3.1900000E+03   2.8770000E+03   2.2628500E-04   2.5090342E-04
   1.5433439E+03   3.1070000E+03   2.8250000E+03   1.8697169E-04   1.4605074E-04
   1.5433514E+03   3.1560000E+03   2.8650000E+03   1.7208391E-04   1.8956258E-04
   1.5433590E+03   3.0920000E+03   2.8130000E+03   0.0000000E+00   0.0000000E+00
   1.5433665E+03   3.1140000E+03   2.8420000E+03   0.0000000E+00   0.0000000E+00
   1.5433740E+03   3.1470000E+03   2.8310000E+03   1.0720128E-04   1.1916723E-04
   1.5433815E+03   3.0620000E+03   2.7760000E+03   3.2160244E-04   3.5473583E-04
   1.5433891E+03   3.0300000E+03   2.7590000E+03   2.2707335E-04   2.4937740E-04
   1.5433966E+03   3.1310000E+03   2.7970000E+03   7.4328954E-05   8.3204846E-05
   1.5434041E+03   3.1990000E+03   2.8990000E+03   0.0000000E+00   0.0000000E+00
   1.5434117E+03   3.2680000E+03   2.9440000E+03   2.7948972E-04   3.1024877E-04
   1.5434192E+03   3.2400000E+03   2.9250000E+03   0.0000000E+00   0.0000000E+00
   1.5434267E+03   3.2020000E+03   2.8540000E+03   3.0939338E-04   4.6143594E-04
   1.5434342E+03   3.1140000E+03   2.8130000E+03   1.2345349E-04   1.3666341E-04
   1.5434418E+03   3.1490000E+03   2.8440000E+03   2.6434996E-04   2.9269972E-04
   1.5434493E+03   3.1530000E+03   2.8610000E+03   8.6032149E-05   9.4812781E-05
   1.5434568E+03   3.1190000E+03   2.8000000E+03   7.4084204E-05   8.2524512E-05
   1.5434644E+03   3.2110000E+03   2.9280000E+03   2.2079946E-04   2.4214039E-04
   1.5434719E+03   3.2730000E+03   2.9600000E+03   6.6539818E-05   7.3575954E-05
   1.5434794E+03   3.2880000E+03   2.9430000E+03   2.0473684E-05   2.2873759E-05
   1.5434869E+03   3.1800000E+03   2.8730000E+03   0.0000000E+00   0.0000000E+00
   1.5434945E+03   3.2060000E+03   2.9200000E+03   0.0000000E+00   0.0000000E+00
   1.5435020E+03   3.2520000E+03   2.9310000E+03   1.5600640E-04   1.7309205E-04
   1.5435095E+03   3.3010000E+03   2.9510000E+03   7.8577251E-05   8.7896817E-05
   1.5435171E+03   3.3410000E+03   3.0140000E+03   2.4131165E-04   2.6749244E-04
   1.5435246E+03   3.3360000E+03   3.0070000E+03   5.6685112E-05   6.2887108E-05
   1.5435321E+03   3.3150000E+03   2.9930000E+03   1.5999357E-04   1.7720638E-04
   1.5435396E+03   3.2530000E+03   2.9430000E+03   2.4409608E-04   2.6980786E-04
   1.5435472E+03   3.3110000E+03   2.9640000E+03   0.0000000E+00   0.0000000E+00
   1.5435547E+03   3.3230000E+03   2.9910000E+03   1.7365860E-04   1.9293465E-04
   1.5435622E+03   3.2180000E+03   2.8750000E+03   2.1267710E-04   2.3805040E-04
   1.5435698E+03   3.2540000E+03   2.9290000E+03   2.0811479E-04   2.3120708E-04
   1.5435773E+03   3.3840000E+03   3.0800000E+03   3.5381217E-04   3.8873389E-04
   1.5435848E+03   3.3530000E+03   3.0270000E+03   2.7668577E-04   3.0648411E-04
   1.5435923E+03   3.2320000E+03   2.9160000E+03   8.6272295E-05   0.0000000E+00
   1.5435999E+03   3.3800000E+03   3.0280000E+03   3.8003986E-05   4.2421887E-05
   1.5436074E+03   3.1950000E+03   2.8500000E+03   0.0000000E+00   0.0000000E+00
   1.5436149E+03   3.2370000E+03   2.9590000E+03   2.1489909E-04   2.3508900E-04
   1.5436225E+03   3.2850000E+03   2.9760000E+03   3.1211109E-05   3.4451779E-05
   1.5436300E+03   3.1990000E+03   2.8760000E+03   5.0993038E-04   5.6720003E-04
   1.5436375E+03   3.3470000E+03   3.0410000E+03   2.9798615E-05   3.2797095E-05
   1.5436450E+03   3.3870000E+03   3.0820000E+03   6.4396591E-05   9.5526899E-05
   1.5436526E+03   3.3370000E+03   3.0000000E+03   6.7932266E-05   7.5563324E-05
   1.5436601E+03   3.2990000E+03   2.9780000E+03   1.3850645E-04   1.5343612E-04
   1.5436676E+03   3.3660000E+03   3.0490000E+03   6.3093488E-05   6.9653224E-05
   1.5436752E+03   3.3540000E+03   3.0250000E+03   2.0564936E-04   2.2801585E-04
   1.5436827E+03   3.3320000E+03   3.0260000E+03   8.3684666E-05   9.2147160E-05
   1.5436902E+03   3.3480000E+03   3.0490000E+03   2.6927626E-04   2.9568282E-04
   1.5436977E+03   3.3820000E+03   3.0840000E+03   5.3005215E-04   5.8126990E-04
   1.5437053E+03   3.3460000E+03   3.0320000E+03   1.3849062E-04   2.6547622E-05
   1.5437128E+03   3.4180000E+03   3.0950000E+03   0.0000000E+00   0.0000000E+00
   1.5437203E+03   3.3340000E+03   3.0130000E+03   3.0578684E-05   3.3836487E-05
   1.5437279E+03   3.5020000E+03   3.1370000E+03   6.6286873E-05   7.3999563E-05
   1.5437354E+03   3.3780000E+03   3.0650000E+03   2.6953156E-04   2.9705631E-04
   1.5437429E+03   3.4490000E+03   3.1050000E+03   1.4756454E-04   1.6391307E-04
   1.5437504E+03   3.3990000E+03   3.0910000E+03   2.0169553E-04   2.2832079E-04
   1.5437580E+03   3.4310000E+03   3.1080000E+03   8.7150365E-05   9.6207497E-05
   1.5437655E+03   3.4510000E+03   3.1220000E+03   2.2030841E-04   2.5364773E-04
   1.5437730E+03   3.4160000E+03   3.0670000E+03   3.8388005E-05   4.2756252E-05
   1.5437806E+03   3.4680000E+03   3.1330000E+03   1.6513184E-04   1.8278877E-04
   1.5437881E+03   3.4820000E+03   3.1600000E+03   1.4208500E-04   1.5656328E-04
   1.5437956E+03   3.4040000E+03   3.0780000E+03   1.7456099E-04   1.9304926E-04
   1.5438031E+03   3.5110000E+03   3.1770000E+03   2.2712369E-04   2.5100134E-04
   1.5438107E+03   3.5080000E+03   3.1770000E+03   2.7002700E-05   2.9816013E-05
   1.5438182E+03   3.4310000E+03   3.0910000E+03   1.7542784E-04   8.8801624E-05
   1.5438257E+03   3.5200000E+03   3.1580000E+03   7.1767317E-05   7.9993969E-05
   1.5438332E+03   3.4640000E+03   3.0820000E+03   1.3963485E-04   2.5493203E-04
   1.5438408E+03   3.4560000E+03   3.1090000E+03   2.5929789E-04   2.8823850E-04
   1.5438483E+03   3.5320000E+03   3.1870000E+03   1.8529222E-04   2.0535053E-04
   1.5438558E+03   3.5180000E+03   3.1880000E+03   0.0000000E+00   0.0000000E+00
   1.5438634E+03   3.5110000E+03   3.1640000E+03   2.5668300E-04   2.8483375E-04
   1.5438709E+03   3.4920000E+03   3.1310000E+03   2.5647494E-04   2.8604615E-04
   1.5438784E+03   3.3940000E+03   3.0720000E+03   1.0166786E-04   1.1232445E-04
   1.5438859E+03   3.5950000E+03   3.2620000E+03   1.1135449E-04   1.2272207E-04
   1.5438935E+03   3.5820000E+03   3.2490000E+03   2.1755965E-04   2.3284399E-04
   1.5439010E+03   3.5890000E+03   3.2640000E+03   5.5588867E-04   6.1123910E-04
   1.5439085E+03   3.5240000E+03   3.1530000E+03   3.0750032E-04   3.4368257E-04
   1.5439161E+03   3.6040000E+03   3.2210000E+03   1.4381313E-04   1.6091354E-04
   1.5439236E+03   3.5830000E+03   3.2600000E+03   2.8524597E-04   3.1350807E-04
   1.5439311E+03   3.5600000E+03   3.1810000E+03   8.1308209E-05   9.0995670E-05
   1.5439386E+03   3.6560000E+03   3.3250000E+03   2.3400009E-04   2.5345610E-04
   1.5439462E+03   3.5960000E+03   3.2410000E+03   2.0785973E-04   2.3062746E-04
   1.5439537E+03   3.5630000E+03   3.2440000E+03   2.8674283E-04   2.9554668E-04
   1.5439612E+03   3.5460000E+03   3.1750000E+03   2.1898034E-04   2.4456828E-04
   1.5439688E+03   3.5760000E+03   3.2310000E+03   2.2522313E-04   2.4927202E-04
   1.5439763E+03   3.4640000E+03   3.1430000E+03   1.9113105E-05   2.1065160E-05
   1.5439838E+03   3.6110000E+03   3.2570000E+03   2.6556928E-04   2.9443374E-04
   1.5439913E+03   3.6150000E+03   3.2310000E+03   1.4113332E-04   1.5790683E-04
   1.5439989E+03   3.6720000E+03   3.3060000E+03   2.4238183E-04   2.6921539E-04
   1.5440064E+03   3.6330000E+03   3.2560000E+03   7.9792889E-05   8.9031808E-05
   1.5440139E+03   3.6340000E+03   3.2650000E+03   0.0000000E+00   0.0000000E+00
   1.5440215E+03   3.6520000E+03   3.2940000E+03   4.2083710E-04   4.1161327E-04
   1.5440290E+03   3.6190000E+03   3.2920000E+03   3.4611001E-05   3.8048972E-05
   1.5440365E+03   3.7310000E+03   3.3660000E+03   1.3034798E-04   1.4448257E-04
   1.5440440E+03   3.6580000E+03   3.3220000E+03   1.0539712E-04   1.1605740E-04
   1.5440516E+03   3.5580000E+03   3.2410000E+03   2.5550143E-04   2.8049185E-04
   1.5440591E+03   3.7580000E+03   3.3630000E+03   0.0000000E+00   0.0000000E+00
   1.5440666E+03   3.6120000E+03   3.2660000E+03   3.8647492E-04   2.6837951E-04
   1.5440742E+03   3.5910000E+03   3.2650000E+03   3.7905122E-05   4.1689829E-05
   1.5440817E+03   3.6490000E+03   3.3180000E+03   2.9651545E-04   3.2609550E-04
   1.5440892E+03   3.6550000E+03   3.2760000E+03   8.8561853E-05   9.8807562E-05
   1.5440967E+03   3.6220000E+03   3.3080000E+03   2.9199641E-04   3.1971312E-04
   1.5441043E+03   3.6510000E+03   3.3090000E+03   4.1337935E-04   4.5610396E-04
   1.5441118E+03   3.6170000E+03   3.2370000E+03   1.8289555E-04   2.0436614E-04
   1.5441193E+03   3.7390000E+03   3.3790000E+03   3.7775445E-04   4.7534831E-04
   1.5441269E+03   3.7750000E+03   3.4110000E+03   0.0000000E+00   0.0000000E+00
   1.5441344E+03   3.6550000E+03   3.3360000E+03   0.0000000E+00   0.0000000E+00
   1.5441419E+03   3.7860000E+03   3.4370000E+03   0.0000000E+00   0.0000000E+00
   1.5441494E+03   3.6150000E+03   3.2480000E+03   2.5731950E-04   2.8639470E-04
   1.5441570E+03   3.7090000E+03   3.3730000E+03   4.7181094E-04   5.1881019E-04
   1.5441645E+03   3.7760000E+03   3.4010000E+03   1.7044904E-04   1.8924303E-04
   1.5441720E+03   3.7430000E+03   3.3620000E+03   1.4620627E-04   1.6277515E-04
   1.5441796E+03   3.6690000E+03   3.3220000E+03   2.9879243E-04   3.3000283E-04
   1.5441871E+03   3.7050000E+03   3.3120000E+03   3.6724656E-04   1.7740594E-04
   1.5441946E+03   3.7660000E+03   3.4160000E+03   1.2832728E-04   1.4147557E-04
   1.5442021E+03   3.6700000E+03   3.3160000E+03   2.9491729E-04   2.9283510E-04
   1.5442097E+03   3.7640000E+03   3.4180000E+03   8.3754172E-05   9.2232505E-05
   1.5442172E+03   3.8470000E+03   3.4760000E+03   2.4031673E-04   2.6596618E-04
   1.5442247E+03   3.8170000E+03   3.4390000E+03   1.2670668E-04   1.4063373E-04
   1.5442323E+03   3.7440000E+03   3.3780000E+03   3.0423502E-04   3.3719831E-04
   1.5442398E+03   3.7940000E+03   3.4060000E+03   2.8393681E-04   3.1628194E-04
   1.5442473E+03   3.8700000E+03   3.4620000E+03   3.4124334E-06   3.8145919E-06
   1.5442548E+03   3.7640000E+03   3.4020000E+03   1.0153697E-04   1.2243728E-04
   1.5442624E+03   3.8620000E+03   3.4970000E+03   1.3991752E-04   1.5452144E-04
   1.5442699E+03   3.8180000E+03   3.4610000E+03   2.3027087E-04   2.5402317E-04
   1.5442774E+03   3.9160000E+03   3.5620000E+03   2.0995038E-04   2.3081575E-04
   1.5442849E+03   3.9020000E+03   3.5450000E+03   2.9175452E-04   3.2113572E-04
   1.5442925E+03   3.8550000E+03   3.4850000E+03   3.1770431E-04   3.5143475E-04
   1.5443000E+03   3.8740000E+03   3.4970000E+03   1.5224675E-06   1.6865997E-06
   1.5443075E+03   3.8330000E+03   3.4880000E+03   5.6482143E-05   6.2068823E-05
   1.5443151E+03   3.8580000E+03   3.5060000E+03   1.9786199E-04   2.1772720E-04
   1.5443226E+03   3.8910000E+03   3.5230000E+03   0.0000000E+00   0.0000000E+00
   1.5443301E+03   3.8170000E+03   3.4220000E+03   2.5373562E-04   2.8302422E-04
   1.5443376E+03   3.8060000E+03   3.4300000E+03   5.1305433E-05   5.6929585E-05
   1.5443452E+03   3.8910000E+03   3.5130000E+03   2.5426690E-04   2.8162611E-04
   1.5443527E+03   3.8430000E+03   3.4530000E+03   6.4891806E-05   2.4462441E-04
   1.5443602E+03   3.8750000E+03   3.5100000E+03   2.6289641E-04   2.9023464E-04
   1.5443678E+03   3.9190000E+03   3.5510000E+03   2.6187369E-05   2.8901239E-05
   1.5443753E+03   3.9330000E+03   3.5410000E+03   4.5904255E-04   5.1638298E-04
   1.5443828E+03   3.9690000E+03   3.5840000E+03   0.0000000E+00   0.0000000E+00
   1.5443903E+03   3.8920000E+03   3.5140000E+03   3.5520362E-04   3.9341277E-04
   1.5443979E+03   3.8900000E+03   3.5030000E+03   9.5643978E-05   1.0621041E-04
   1.5444054E+03   3.8440000E+03   3.4830000E+03   1.3259999E-04   1.4634348E-04
   1.5444129E+03   4.0400000E+03   3.6440000E+03   5.1158095E-05   5.6717536E-05
   1.5444205E+03   4.1020000E+03   3.7250000E+03   2.5868349E-04   2.8486434E-04
   1.5444280E+03   4.0220000E+03   3.6450000E+03   1.8454900E-04   2.0363678E-04
   1.5444355E+03   3.9380000E+03   3.5570000E+03   1.5998251E-04   1.7711867E-04
   1.5444430E+03   3.9690000E+03   3.5310000E+03   0.0000000E+00   0.0000000E+00
   1.5444506E+03   3.9650000E+03   3.5980000E+03   2.2105702E-04   2.4360508E-04
   1.5444581E+03   3.9120000E+03   3.5630000E+03   1.5051856E-04   1.6526203E-04
   1.5444656E+03   4.0980000E+03   3.7170000E+03   2.5810582E-05   8.9855335E-05
   1.5444732E+03   3.9640000E+03   3.5550000E+03   2.6066293E-05   2.9065200E-05
   1.5444807E+03   4.0460000E+03   3.6600000E+03   5.6174933E-04   6.4279538E-04
   1.5444882E+03   3.9390000E+03   3.5470000E+03   2.0166472E-04   2.2395189E-04
   1.5444957E+03   3.9530000E+03   3.5820000E+03   1.4416285E-04   1.5909429E-04
   1.5445033E+03   3.9970000E+03   3.6080000E+03   1.4081983E-05   1.5600246E-05
   1.5445108E+03   4.0650000E+03   3.7040000E+03   1.0922311E-04   1.1986823E-04
   1.5445183E+03   3.9750000E+03   3.5860000E+03   2.6156608E-04   2.4772030E-04
   1.5445259E+03   4.1470000E+03   3.7390000E+03   3.0926028E-04   3.4300678E-04
   1.5445334E+03   4.0350000E+03   3.6320000E+03   4.1630888E-04   3.3691365E-04
   1.5445409E+03   4.0020000E+03   3.6380000E+03   6.3332322E-05   6.9669036E-05
   1.5445484E+03   4.1160000E+03   3.7280000E+03   0.0000000E+00   0.0000000E+00
   1.5445560E+03   4.0140000E+03   3.6050000E+03   4.3728086E-04   4.8689192E-04
   1.5445635E+03   4.2250000E+03   3.8070000E+03   1.4771794E-04   1.6393703E-04
   1.5445710E+03   4.0700000E+03   3.6940000E+03   1.6413209E-04   1.8083855E-04
   1.5445786E+03   4.0040000E+03   3.6310000E+03   1.6476870E-04   1.8169481E-04
   1.5445861E+03   4.1070000E+03   3.7310000E+03   3.2795085E-04   3.6100084E-04
   1.5445936E+03   4.1300000E+03   3.7410000E+03   1.8885366E-04   2.0849121E-04
   1.5446011E+03   4.1160000E+03   3.7000000E+03   2.4125764E-05   0.0000000E+00
   1.5446087E+03   4.0650000E+03   3.6490000E+03   6.3646226E-05   7.0902140E-05
   1.5446162E+03   4.1070000E+03   3.6990000E+03   1.1425096E-04   1.2685285E-04
   1.5446237E+03   4.0400000E+03   3.6280000E+03   0.0000000E+00   0.0000000E+00
   1.5446313E+03   4.1670000E+03   3.7700000E+03   3.2701429E-04   4.6396680E-04
   1.5446388E+03   4.0350000E+03   3.6540000E+03   3.4662362E-04   3.8276582E-04
   1.5446463E+03   4.1370000E+03   3.7230000E+03   1.9896455E-04   2.2108954E-04
   1.5446538E+03   4.1910000E+03   3.8120000E+03   1.7808611E-04   1.9579194E-04
   1.5446614E+03   4.2170000E+03   3.7990000E+03   2.6891231E-04   2.2843947E-04
   1.5446689E+03   4.1460000E+03   3.7270000E+03   0.0000000E+00   0.0000000E+00
   1.5446764E+03   4.0970000E+03   3.6710000E+03   3.1001764E-04   3.4599354E-04
   1.5446840E+03   4.1140000E+03   3.7030000E+03   2.2307695E-04   2.4783651E-04
   1.5446915E+03   4.1560000E+03   3.7330000E+03   5.0244525E-04   4.9454084E-04
   1.5446990E+03   4.1280000E+03   3.7490000E+03   1.2405289E-04   1.4384592E-04
   1.5447065E+03   4.0610000E+03   3.7110000E+03   1.9057026E-04   2.0854374E-04
   1.5447141E+03   4.1350000E+03   3.7310000E+03   1.5099080E-04   1.6734039E-04
   1.5447216E+03   4.2220000E+03   3.8080000E+03   5.0353527E-04   4.6850787E-04
   1.5447291E+03   4.1960000E+03   3.8090000E+03   2.5623262E-04   2.8226623E-04
   1.5447366E+03   4.1580000E+03   3.7720000E+03   6.7314437E-05   7.7080312E-05
   1.5447442E+03   4.1420000E+03   3.7270000E+03   4.8819391E-05   5.4255411E-05
   1.5447517E+03   4.1920000E+03   3.8280000E+03   1.1259009E-04   2.2219920E-04
   1.5447592E+03   4.3070000E+03   3.8790000E+03   2.5322155E-04   2.8116144E-04
   1.5447668E+03   4.1460000E+03   3.7370000E+03   7.9653716E-04   8.8371503E-04
   1.5447743E+03   4.1910000E+03   3.8020000E+03   3.9001538E-04   4.2991964E-04
   1.5447818E+03   4.2080000E+03   3.7920000E+03   6.4439569E-05   7.1508888E-05
   1.5447893E+03   4.1820000E+03   3.7570000E+03   4.7734694E-04   5.4801384E-04
   1.5447969E+03   4.3110000E+03   3.9110000E+03   1.1768750E-04   1.2972406E-04
   1.5448044E+03   4.3250000E+03   3.9010000E+03   1.9274515E-04   2.1369464E-04
   1.5448119E+03   4.3150000E+03   3.9110000E+03   1.0386182E-04   1.1459057E-04
   1.5448195E+03   4.2840000E+03   3.8610000E+03   3.7305521E-04   4.1392606E-04
   1.5448270E+03   4.2370000E+03   3.8430000E+03   3.0250769E-04   3.3352201E-04
   1.5448345E+03   4.1870000E+03   3.7770000E+03   4.1118296E-04   4.5581759E-04
   1.5448420E+03   4.1970000E+03   3.8040000E+03   2.0714781E-04   2.2854873E-04
   1.5448496E+03   4.3390000E+03   3.9450000E+03   1.7064872E-04   1.8769196E-04
   1.5448571E+03   4.2580000E+03   3.8300000E+03   8.5167043E-05   9.4684405E-05
   1.5448646E+03   4.2870000E+03   3.8580000E+03   1.1943707E-04   1.3271818E-04
   1.5448722E+03   4.3080000E+03   3.9080000E+03   2.0894655E-04   2.3217282E-04
   1.5448797E+03   4.2080000E+03   3.7950000E+03   4.1093286E-05   4.5565362E-05
   1.5448872E+03   4.2750000E+03   3.8600000E+03   4.0453210E-04   4.4802454E-04
   1.5448947E+03   4.2800000E+03   3.8790000E+03   2.1054257E-04   2.3230787E-04
   1.5449023E+03   4.3460000E+03   3.9310000E+03   3.7401752E-04   4.1350296E-04
   1.5449098E+03   4.3480000E+03   3.9110000E+03   2.5486741E-04   2.8334530E-04
   1.5449173E+03   4.3240000E+03   3.9420000E+03   3.1645259E-04   3.4711847E-04
   1.5449249E+03   4.2580000E+03   3.8460000E+03   2.6269683E-04   3.3642090E-04
   1.5449324E+03   4.4180000E+03   3.9800000E+03   1.5863556E-04   4.2835204E-05
   1.5449399E+03   4.2050000E+03   3.8110000E+03   2.5593169E-04   2.8239117E-04
   1.5449474E+03   4.3610000E+03   3.9330000E+03   1.5821142E-04   1.7542842E-04
   1.5449550E+03   4.4310000E+03   4.0080000E+03   4.9766850E-04   5.5081151E-04
   1.5449625E+03   4.3610000E+03   3.9520000E+03   5.7399741E-04   6.3340150E-04
   1.5449700E+03   4.3290000E+03   3.9310000E+03   2.8243331E-04   3.1102870E-04
   1.5449776E+03   4.3970000E+03   4.0010000E+03   1.8997360E-04   2.0877628E-04
   1.5449851E+03   4.3130000E+03   3.9180000E+03   2.2169527E-04   1.5978424E-04
   1.5449926E+03   4.4340000E+03   4.0230000E+03   3.1342915E-04   2.9227376E-04
   1.5450001E+03   4.3980000E+03   3.9810000E+03   2.0755304E-04   2.2929371E-04
   1.5450077E+03   4.4470000E+03   4.0260000E+03   2.2415092E-04   2.4759044E-04
   1.5450152E+03   4.4860000E+03   4.0410000E+03   2.8065592E-04   3.3138193E-04
   1.5450227E+03   4.4280000E+03   4.0080000E+03   4.6405050E-04   5.3273555E-04
   1.5450303E+03   4.3800000E+03   3.9650000E+03   1.2789649E-04   1.4128288E-04
   1.5450378E+03   4.5590000E+03   4.1530000E+03   3.2732594E-04   3.8701046E-04
   1.5450453E+03   4.4430000E+03   4.0340000E+03   1.3545317E-04   1.4918653E-04
   1.5450528E+03   4.3520000E+03   3.9430000E+03   4.3732088E-04   4.8586656E-04
   1.5450604E+03   4.5290000E+03   4.1060000E+03   1.6812961E-04   1.8545032E-04
   1.5450679E+03   4.4590000E+03   4.0320000E+03   3.4503250E-04   4.2178149E-04
   1.5450754E+03   4.4300000E+03   3.9750000E+03   4.7447702E-04   5.0185859E-04
   1.5450830E+03   4.3580000E+03   3.9380000E+03   3.1300833E-04   3.4639165E-04
   1.5450905E+03   4.4730000E+03   4.0320000E+03   7.1145835E-05   7.8927411E-05
   1.5450980E+03   4.3600000E+03   3.9400000E+03   2.6437374E-04   2.9255571E-04
   1.5451055E+03   4.4110000E+03   3.9890000E+03   3.5732032E-04   3.3233074E-04
   1.5451131E+03   4.4830000E+03   4.0420000E+03   3.7781575E-04   4.1721185E-04
   1.5451206E+03   4.4840000E+03   4.0430000E+03   2.4946407E-04   2.7667497E-04
   1.5451281E+03   4.3900000E+03   3.9750000E+03   8.7955036E-05   9.0520789E-05
   1.5451357E+03   4.4950000E+03   4.0710000E+03   5.4832492E-04   6.0543368E-04
   1.5451432E+03   4.3710000E+03   3.9550000E+03   3.2968793E-04   3.6066350E-04
   1.5451507E+03   4.5160000E+03   4.0950000E+03   9.9027635E-05   1.0920850E-04
   1.5451582E+03   4.5880000E+03   4.1690000E+03   2.5430167E-04   4.4607593E-04
   1.5451658E+03   4.4190000E+03   3.9760000E+03   7.0880497E-05   7.8777897E-05
   1.5451733E+03   4.5050000E+03   4.0460000E+03   9.0972662E-05   1.5617701E-04
   1.5451808E+03   4.5210000E+03   4.1280000E+03   3.8923779E-04   4.2629459E-04
   1.5451883E+03   4.5440000E+03   4.0910000E+03   1.9551122E-04   2.1716034E-04
   1.5451959E+03   4.4860000E+03   4.0650000E+03   1.7445739E-04   1.9252542E-04
   1.5452034E+03   4.5070000E+03   4.0600000E+03   4.8455790E-04   5.3790701E-04
   1.5452109E+03   4.5040000E+03   4.0390000E+03   2.3585594E-04   2.6300945E-04
   1.5452185E+03   4.6070000E+03   4.1500000E+03   1.7667552E-04   2.1647417E-04
   1.5452260E+03   4.5390000E+03   4.1020000E+03   3.6310836E-04   4.0179153E-04
   1.5452335E+03   4.4760000E+03   4.0080000E+03   5.2825472E-04   5.4175866E-04
   1.5452410E+03   4.5350000E+03   4.0990000E+03   1.6744917E-04   2.1417909E-04
   1.5452486E+03   4.5260000E+03   4.1070000E+03   1.3279638E-04   1.9030824E-04
   1.5452561E+03   4.5540000E+03   4.1300000E+03   1.7045277E-04   1.9021214E-04
   1.5452636E+03   4.4820000E+03   4.0620000E+03   2.3386207E-04   2.9898698E-04
   1.5452712E+03   4.5410000E+03   4.1040000E+03   3.3859767E-04   3.7465205E-04
   1.5452787E+03   4.5220000E+03   4.0390000E+03   1.1864904E-04   1.3283757E-04
   1.5452862E+03   4.5720000E+03   4.1380000E+03   1.2769223E-05   1.4108479E-05
   1.5452937E+03   4.5610000E+03   4.1170000E+03   1.9733113E-04   5.4893345E-05
   1.5453013E+03   4.5780000E+03   4.1460000E+03   4.7241431E-04   5.2163838E-04
   1.5453088E+03   4.5620000E+03   4.1300000E+03   7.2451763E-04   8.0030253E-04
   1.5453163E+03   4.6840000E+03   4.2160000E+03   9.8172460E-05   1.0907016E-04
   1.5453239E+03   4.4860000E+03   4.0750000E+03   5.7224722E-05   6.2996344E-05
   1.5453314E+03   4.5190000E+03   4.1030000E+03   1.7517177E-04   2.1157306E-04
   1.5453389E+03   4.8200000E+03   4.3750000E+03   3.5119795E-04   3.5937226E-04
   1.5453464E+03   4.5630000E+03   4.1210000E+03   4.3998852E-04   4.8717972E-04
   1.5453540E+03   4.6460000E+03   4.1690000E+03   1.7738023E-04   1.9767536E-04
   1.5453615E+03   4.5820000E+03   4.1700000E+03   2.3289857E-04   2.2550248E-04
   1.5453690E+03   4.5310000E+03   4.1190000E+03   2.4430539E-04   2.6874186E-04
   1.5453766E+03   4.5450000E+03   4.1020000E+03   3.1410441E-04   2.5197304E-04
   1.5453841E+03   4.5960000E+03   4.2010000E+03   1.5756669E-04   1.7238194E-04
   1.5453916E+03   4.5960000E+03   4.1970000E+03   8.4621210E-05   9.2507785E-05
   1.5453991E+03   4.5150000E+03   4.1040000E+03   3.1509567E-04   3.7455213E-04
   1.5454067E+03   4.6900000E+03   4.2440000E+03   2.0770742E-04   2.2953530E-04
   1.5454142E+03   4.6420000E+03   4.2000000E+03   2.8268741E-04   2.9950417E-04
   1.5454217E+03   4.7370000E+03   4.2650000E+03   2.7787663E-04   3.0718852E-04
   1.5454293E+03   4.7460000E+03   4.2840000E+03   2.5212675E-04   2.7931689E-04
   1.5454368E+03   4.5950000E+03   4.1590000E+03   3.4199753E-04   3.7785012E-04
   1.5454443E+03   4.6600000E+03   4.1950000E+03   2.5292191E-04   2.8095735E-04
   1.5454518E+03   4.6600000E+03   4.2190000E+03   2.4829405E-04   2.6546632E-04
   1.5454594E+03   4.6770000E+03   4.2190000E+03   1.7512692E-04   2.7435002E-04
   1.5454669E+03   4.6350000E+03   4.2040000E+03   2.1282883E-04   2.3464834E-04
   1.5454744E+03   4.7010000E+03   4.2630000E+03   2.0344642E-04   2.2434943E-04
   1.5454820E+03   4.6810000E+03   4.2380000E+03   3.5342354E-04   4.0813962E-04
   1.5454895E+03   4.8480000E+03   4.3540000E+03   1.1850362E-04   1.3211045E-04
   1.5454970E+03   4.7470000E+03   4.2700000E+03   4.9189114E-04   5.4684010E-04
   1.5455045E+03   4.7570000E+03   4.2980000E+03   4.7730963E-05   5.5772310E-05
   1.5455121E+03   4.6660000E+03   4.2060000E+03   2.9954340E-04   3.3188674E-04
   1.5455196E+03   4.7350000E+03   4.3050000E+03   4.1263435E-05   5.9917579E-05
   1.5455271E+03   4.8760000E+03   4.4180000E+03   3.3574476E-04   3.7248934E-04
   1.5455347E+03   4.7070000E+03   4.2110000E+03   2.6630866E-04   2.9767629E-04
   1.5455422E+03   4.6740000E+03   4.2260000E+03   7.7227545E-05   6.8130074E-05
   1.5455497E+03   4.7570000E+03   4.3050000E+03   4.2414440E-04   4.6867710E-04
   1.5455572E+03   4.7690000E+03   4.3030000E+03   2.2836336E-04   2.5334312E-04
   1.5455648E+03   4.7010000E+03   4.2600000E+03   2.7274475E-04   3.0514666E-04
   1.5455723E+03   4.7510000E+03   4.2620000E+03   4.3537388E-04   4.7083948E-04
   1.5455798E+03   4.6980000E+03   4.2480000E+03   3.8354725E-04   4.3698379E-04
   1.5455874E+03   4.8050000E+03   4.3560000E+03   4.5952760E-04   5.3875111E-04
   1.5455949E+03   4.8150000E+03   4.3210000E+03   4.6379984E-04   4.9217694E-04
   1.5456024E+03   4.7790000E+03   4.3210000E+03   2.4272814E-04   2.7222779E-04
   1.5456099E+03   4.7820000E+03   4.3060000E+03   4.2969763E-04   5.9805397E-04
   1.5456175E+03   4.8390000E+03   4.3670000E+03   2.8614844E-04   3.1707632E-04
   1.5456250E+03   4.6920000E+03   4.2280000E+03   1.1836437E-04   1.5729610E-04
   1.5456325E+03   4.7100000E+03   4.2160000E+03   1.6706047E-04   1.4673392E-04
   1.5456400E+03   4.8200000E+03   4.3700000E+03   5.8761392E-05   1.6687931E-04
   1.5456476E+03   4.8420000E+03   4.3680000E+03   2.0609074E-04   1.8019123E-04
   1.5456551E+03   4.8640000E+03   4.3800000E+03   7.8068701E-04   8.6998601E-04
   1.5456626E+03   4.7470000E+03   4.2870000E+03   4.3961203E-04   2.8180354E-04
   1.5456702E+03   4.7610000E+03   4.3250000E+03   2.5125311E-04   2.6702338E-04
   1.5456777E+03   4.8520000E+03   4.3670000E+03   1.9321932E-04   2.7841266E-04
   1.5456852E+03   4.7970000E+03   4.3410000E+03   3.2032573E-04   3.6628249E-04
   1.5456927E+03   4.8640000E+03   4.4230000E+03   1.4526739E-04   2.7362071E-04
   1.5457003E+03   4.7430000E+03   4.2920000E+03   3.0675618E-04   2.7716790E-04
   1.5457078E+03   4.7780000E+03   4.3320000E+03   6.1094404E-04   7.2646817E-04
   1.5457153E+03   4.7880000E+03   4.2860000E+03   2.7404647E-04   3.0212122E-04
   1.5457229E+03   4.8200000E+03   4.3590000E+03   2.5580738E-04   3.0295704E-04
   1.5457304E+03   4.8410000E+03   4.3870000E+03   2.9983806E-04   3.3086758E-04
   1.5457379E+03   4.7930000E+03   4.3460000E+03   1.9126910E-04   2.1094174E-04
   1.5457454E+03   4.9130000E+03   4.4380000E+03   3.3023922E-04   4.4639424E-04
   1.5457530E+03   4.7690000E+03   4.3120000E+03   1.8002083E-04   2.1321892E-04
   1.5457605E+03   4.8260000E+03   4.3780000E+03   5.8813819E-04   6.4809795E-04
   1.5457680E+03   4.9280000E+03   4.4340000E+03   2.3891347E-04   2.5942330E-04
   1.5457756E+03   4.8400000E+03   4.3230000E+03   2.4659110E-05   2.7608164E-05
   1.5457831E+03   4.9490000E+03   4.4930000E+03   2.0829082E-04   2.3384358E-04
   1.5457906E+03   4.8070000E+03   4.3400000E+03   7.0117130E-05   7.9396878E-05
   1.5457981E+03   4.7810000E+03   4.3420000E+03   6.8371551E-04   7.9248840E-04
   1.5458057E+03   4.6970000E+03   4.2410000E+03   3.4560007E-04   3.6674511E-04
   1.5458132E+03   4.8420000E+03   4.3750000E+03   4.4709709E-04   4.9069251E-04
   1.5458207E+03   4.9110000E+03   4.4610000E+03   5.0690425E-04   5.2789795E-04
   1.5458283E+03   4.9350000E+03   4.4810000E+03   4.4485540E-04   4.7961795E-04
   1.5458358E+03   4.9430000E+03   4.4770000E+03   4.1281029E-05   4.5577870E-05
   1.5458433E+03   4.8290000E+03   4.3800000E+03   3.9665375E-04   4.0884314E-04
   1.5458508E+03   4.8270000E+03   4.3650000E+03   7.4590452E-04   9.5149950E-04
   1.5458584E+03   4.9150000E+03   4.4370000E+03   4.3743642E-04   4.8456164E-04
   1.5458659E+03   4.9900000E+03   4.5120000E+03   4.2567401E-04   4.7076979E-04
   1.5458734E+03   4.8810000E+03   4.4060000E+03   3.8967502E-04   4.4453706E-04
   1.5458810E+03   4.8950000E+03   4.4200000E+03   2.9694932E-04   3.7848291E-04
   1.5458885E+03   4.9330000E+03   4.4940000E+03   4.3278740E-04   4.5667635E-04
   1.5458960E+03   4.8260000E+03   4.3410000E+03   3.5617896E-04   4.1731405E-04
   1.5459035E+03   5.1050000E+03   4.6220000E+03   4.1636502E-04   5.1401049E-04
   1.5459111E+03   4.9640000E+03   4.4930000E+03   2.3238958E-04   3.3583218E-04
   1.5459186E+03   4.9050000E+03   4.4500000E+03   6.0831415E-04   6.4377693E-04
   1.5459261E+03   4.8730000E+03   4.4160000E+03   1.5854947E-04   1.8010658E-04
   1.5459337E+03   4.7840000E+03   4.3370000E+03   1.7598936E-04   1.2546876E-04
   1.5459412E+03   4.8450000E+03   4.3760000E+03   1.1978682E-04   2.1016030E-04
   1.5459487E+03   4.9100000E+03   4.4450000E+03   2.5032847E-04   2.9329323E-04
   1.5459562E+03   5.0280000E+03   4.5380000E+03   1.9814520E-04   2.4628607E-04
   1.5459638E+03   4.9260000E+03   4.4700000E+03   3.2690174E-04   2.3232172E-04
   1.5459713E+03   5.0150000E+03   4.5630000E+03   1.9904778E-04   2.1189226E-04
   1.5459788E+03   5.0150000E+03   4.5220000E+03   3.9871250E-04   5.6633911E-04
   1.5459864E+03   4.8120000E+03   4.3440000E+03   5.1749194E-04   5.7928961E-04
   1.5459939E+03   4.9660000E+03   4.4570000E+03   1.3598161E-04   1.6780050E-04
   1.5460014E+03   4.9810000E+03   4.5400000E+03   1.2909239E-04   2.8407801E-05
   1.5460089E+03   4.9410000E+03   4.4930000E+03   2.6006453E-04   2.4904438E-04
   1.5460165E+03   4.8740000E+03   4.4300000E+03   4.5034709E-04   4.7202018E-04
   1.5460240E+03   4.9810000E+03   4.5740000E+03   3.6547418E-04   4.2682560E-04
   1.5460315E+03   4.9600000E+03   4.5430000E+03   4.1031034E-04   5.6049262E-04
   1.5460391E+03   4.9800000E+03   4.5280000E+03   3.8915998E-04   6.1712630E-04
   1.5460466E+03   4.9050000E+03   4.4700000E+03   2.6487430E-04   3.4697823E-04
   1.5460541E+03   4.7790000E+03   4.3930000E+03   6.3829120E-04   5.8089415E-04
   1.5460616E+03   4.7980000E+03   4.4070000E+03   3.2198986E-04   3.8215973E-04
   1.5460692E+03   4.7180000E+03   4.3690000E+03   3.3708031E-04   4.1846638E-04
   1.5460767E+03   4.7890000E+03   4.4270000E+03   3.1105921E-04   3.1221433E-04
   1.5460842E+03   4.7730000E+03   4.4180000E+03   4.3964293E-04   4.4843420E-04
   1.5460917E+03   4.6330000E+03   4.3200000E+03   5.6267390E-04   6.0188122E-04
   1.5460993E+03   4.6140000E+03   4.2730000E+03   6.7243242E-04   6.6220211E-04
   1.5461068E+03   4.5910000E+03   4.2860000E+03   1.3596239E-03   1.0968304E-03
   1.5461143E+03   4.5130000E+03   4.2560000E+03   7.3403999E-04   5.2583107E-04
   1.5461219E+03   4.5720000E+03   4.2930000E+03   7.0472156E-04   5.3418808E-04
   1.5461294E+03   4.4820000E+03   4.2170000E+03   5.1702869E-04   3.1216677E-04
   1.5461369E+03   4.4610000E+03   4.2470000E+03   3.7729330E-04   6.3318316E-04
   1.5461444E+03   4.2110000E+03   3.9950000E+03   3.9711842E-04   7.5194769E-04
   1.5461520E+03   4.1320000E+03   3.9400000E+03   9.0012319E-04   1.0548452E-03
   1.5461595E+03   4.1330000E+03   3.9600000E+03   7.5806501E-04   1.0179400E-03
   1.5461670E+03   3.9240000E+03   3.7800000E+03   9.9277274E-04   1.2346471E-03
   1.5461746E+03   3.8680000E+03   3.7540000E+03   1.3699200E-03   5.7869476E-04
   1.5461821E+03   3.7650000E+03   3.6660000E+03   3.2419520E-04   8.3334489E-04
   1.5461896E+03   3.6020000E+03   3.5070000E+03   9.9060838E-04   6.6033662E-04
   1.5461971E+03   3.5260000E+03   3.4450000E+03   1.0687601E-03   9.0999625E-04
   1.5462047E+03   3.4340000E+03   3.3730000E+03   1.5492444E-04   4.6864348E-04
   1.5462122E+03   3.4270000E+03   3.3660000E+03   5.9492670E-04   1.4572447E-04
   1.5462197E+03   3.1100000E+03   3.0650000E+03   1.5410734E-03   1.7003634E-03
   1.5462273E+03   3.0980000E+03   3.0510000E+03   9.4617050E-04   1.0798163E-03
   1.5462348E+03   2.9360000E+03   2.9050000E+03   6.9612965E-04   6.2339526E-04
   1.5462423E+03   2.8660000E+03   2.8390000E+03   2.1477397E-03   1.5431985E-03
   1.5462498E+03   2.7640000E+03   2.7360000E+03   7.9129811E-04   1.3585943E-03
   1.5462574E+03   2.6180000E+03   2.5940000E+03   2.5270986E-03   2.2998303E-03
   1.5462649E+03   2.5460000E+03   2.5210000E+03   1.6015587E-03   2.3708777E-03
   1.5462724E+03   2.4430000E+03   2.4230000E+03   1.4562112E-03   9.6863702E-04
   1.5462800E+03   2.3050000E+03   2.2840000E+03   1.1778788E-03   8.5704698E-04
   1.5462875E+03   2.2460000E+03   2.2340000E+03   2.3080064E-03   1.8666907E-03
   1.5462950E+03   2.1380000E+03   2.1210000E+03   1.3850404E-03   2.1491959E-03
   1.5463025E+03   2.0700000E+03   2.0540000E+03   1.8072005E-03   1.8993666E-03
   1.5463101E+03   2.0170000E+03   1.9990000E+03   6.7510928E-04   5.2082380E-04
   1.5463176E+03   1.9730000E+03   1.9580000E+03   3.9370339E-03   3.3311033E-03
   1.5463251E+03   1.8040000E+03   1.7870000E+03   1.3003637E-03   1.7717484E-03
   1.5463327E+03   1.7960000E+03   1.7860000E+03   1.0300418E-03   1.3726602E-03
   1.5463402E+03   1.7460000E+03   1.7300000E+03   2.8705628E-03   2.3989286E-03
   1.5463477E+03   1.7440000E+03   1.7350000E+03   1.7963201E-03   1.7780276E-03
   1.5463552E+03   1.5760000E+03   1.5630000E+03   4.3596720E-03   4.2600772E-03
   1.5463628E+03   1.5590000E+03   1.5520000E+03   2.8664669E-03   2.8109949E-03
   1.5463703E+03   1.4810000E+03   1.4740000E+03   8.0680351E-04   6.4232975E-04
   1.5463778E+03   1.4410000E+03   1.4290000E+03   4.1707487E-03   4.2180361E-03
   1.5463854E+03   1.3960000E+03   1.3920000E+03   3.9255865E-03   3.6347668E-03
   1.5463929E+03   1.3120000E+03   1.3010000E+03   3.5517171E-03   2.3578449E-03
   1.5464004E+03   1.3120000E+03   1.3060000E+03   1.2642463E-03   1.4157517E-03
   1.5464079E+03   1.2730000E+03   1.2680000E+03   2.7038722E-03   1.6279912E-03
   1.5464155E+03   1.2470000E+03   1.2390000E+03   8.2549103E-04   9.7653543E-04
   1.5464230E+03   1.1400000E+03   1.1340000E+03   7.7353136E-03   7.0069030E-03
   1.5464305E+03   1.1220000E+03   1.1170000E+03   5.7183076E-03   5.7105047E-03
   1.5464381E+03   1.1110000E+03   1.1040000E+03   1.5320187E-03   1.5926263E-03
   1.5464456E+03   1.0520000E+03   1.0490000E+03   2.9725821E-03   3.7449512E-03
   1.5464531E+03   1.0750000E+03   1.0660000E+03   9.5640315E-03   8.9098735E-03
   1.5464606E+03   1.0250000E+03   1.0190000E+03   8.9020747E-04   1.0556357E-03
   1.5464682E+03   9.8500000E+02   9.8000000E+02   2.1094796E-03   2.2053770E-03
   1.5464757E+03   9.1000000E+02   9.1000000E+02   6.5141427E-03   6.5141427E-03
   1.5464832E+03   9.1900000E+02   9.1600000E+02   1.9751191E-03   1.9771114E-03
   1.5464908E+03   8.7800000E+02   8.7700000E+02   4.5867484E-03   4.2058343E-03
   1.5464983E+03   8.7800000E+02   8.7500000E+02   1.5599586E-03   1.7938178E-03
   1.5465058E+03   8.7700000E+02   8.7200000E+02   4.8459445E-03   5.4192016E-03
   1.5465133E+03   8.0500000E+02   7.9800000E+02   1.1029655E-02   1.1898114E-02
   1.5465209E+03   8.0400000E+02   7.9800000E+02   2.9040189E-03   3.0318087E-03
   1.5465284E+03   8.1100000E+02   8.0700000E+02   1.1041039E-02   1.0923583E-02
   1.5465359E+03   8.0200000E+02   8.0100000E+02   5.5496012E-03   5.3515491E-03
   1.5465434E+03   7.6100000E+02   7.5800000E+02   5.4739866E-03   5.9214712E-03
   1.5465510E+03   7.4400000E+02   7.4100000E+02   2.3196785E-03   2.8850993E-03
   1.5465585E+03   7.2600000E+02   7.2400000E+02   6.5384847E-03   5.5969013E-03
   1.5465660E+03   7.1500000E+02   7.1300000E+02   6.8171468E-03   6.6304169E-03
   1.5465736E+03   6.3500000E+02   6.3300000E+02   3.5836163E-03   3.3881762E-03
   1.5465811E+03   6.1900000E+02   6.1700000E+02   3.4299802E-03   3.4158339E-03
   1.5465886E+03   6.4400000E+02   6.3900000E+02   5.8140770E-03   4.7551775E-03
   1.5465961E+03   6.0200000E+02   6.0100000E+02   7.1555682E-03   7.1847505E-03
   1.5466037E+03   6.2900000E+02   6.2600000E+02   1.1505466E-02   1.1570962E-02
   1.5466112E+03   6.0000000E+02   5.9800000E+02   1.6322945E-03   1.8266438E-03
   1.5466187E+03   5.6900000E+02   5.6800000E+02   7.3638198E-03   7.4579431E-03
   1.5466263E+03   5.6300000E+02   5.5900000E+02   4.7421989E-03   4.2522099E-03
   1.5466338E+03   5.4900000E+02   5.4800000E+02   4.6941758E-03   4.4995594E-03
   1.5466413E+03   5.5700000E+02   5.5600000E+02   5.4472456E-03   5.9470208E-03
   1.5466488E+03   5.0700000E+02   5.0400000E+02   4.2101976E-03   4.6536202E-03
   1.5466564E+03   4.8400000E+02   4.8300000E+02   7.9163062E-03   7.4362833E-03
   1.5466639E+03   5.2600000E+02   5.2300000E+02   7.3855296E-03   6.4748509E-03
   1.5466714E+03   4.8500000E+02   4.8100000E+02   6.9597517E-03   5.9887471E-03
   1.5466790E+03   4.4000000E+02   4.3800000E+02   6.0929686E-03   6.0190161E-03
   1.5466865E+03   4.7600000E+02   4.7600000E+02   1.0234554E-02   1.0234554E-02
   1.5466940E+03   4.5700000E+02   4.5500000E+02   4.1088814E-03   4.7322428E-03
   1.5467015E+03   4.3100000E+02   4.3000000E+02   5.5352235E-03   5.9037398E-03
   1.5467091E+03   4.1500000E+02   4.1200000E+02   7.7286593E-03   7.9030396E-03
   1.5467166E+03   3.9300000E+02   3.8700000E+02   9.7319974E-03   1.1196059E-02
   1.5467241E+03   3.9200000E+02   3.9200000E+02   8.8513372E-03   8.8513372E-03
   1.5467317E+03   3.8900000E+02   3.8600000E+02   1.7851220E-02   1.6869969E-02
   1.5467392E+03   3.3500000E+02   3.3100000E+02   6.9672598E-03   7.4585338E-03
   1.5467467E+03   3.8700000E+02   3.8300000E+02   3.1143045E-03   3.7711649E-03
   1.5467542E+03   3.6900000E+02   3.6800000E+02   1.0310309E-02   1.0393642E-02
   1.5467618E+03   3.7100000E+02   3.6800000E+02   1.0970621E-02   1.2309267E-02
   1.5467693E+03   3.7900000E+02   3.7700000E+02   1.3212267E-02   1.2054810E-02
   1.5467768E+03   3.5500000E+02   3.5300000E+02   5.8272778E-03   5.5771354E-03
   1.5467844E+03   3.6700000E+02   3.6200000E+02   2.3401693E-02   2.2136028E-02
   1.5467919E+03   3.5400000E+02   3.5300000E+02   9.7419214E-03   9.5987494E-03
   1.5467994E+03   3.1300000E+02   3.1100000E+02   1.6904690E-02   1.8432751E-02
   1.5468069E+03   3.0600000E+02   3.0200000E+02   1.7167889E-02   1.7274621E-02
   1.5468145E+03   3.2100000E+02   3.1900000E+02   7.7759913E-03   7.4288344E-03
   1.5468220E+03   3.1100000E+02   3.1100000E+02   2.2214200E-02   2.2214200E-02
   1.5468295E+03   3.0000000E+02   2.9400000E+02   3.6841415E-03   2.9907553E-03
   1.5468371E+03   2.8100000E+02   2.8000000E+02   1.7890756E-02   1.7803482E-02
   1.5468446E+03   3.1100000E+02   3.0500000E+02   6.7281639E-03   7.6925930E-03
   1.5468521E+03   2.7600000E+02   2.7500000E+02   4.3553217E-03   3.8077202E-03
   1.5468596E+03   2.6400000E+02   2.5900000E+02   8.4160349E-03   1.1260551E-02
   1.5468672E+03   2.7200000E+02   2.7100000E+02   6.0174349E-03   6.2615072E-03
   1.5468747E+03   2.5600000E+02   2.5200000E+02   1.5035770E-02   1.2956963E-02
   1.5468822E+03   2.5800000E+02   2.5300000E+02   7.7870429E-03   7.4142526E-03
   1.5468898E+03   2.5200000E+02   2.4800000E+02   1.5497853E-02   1.4995287E-02
   1.5468973E+03   2.5400000E+02   2.4900000E+02   1.5696171E-02   1.6779329E-02
   1.5469048E+03   2.6000000E+02   2.5700000E+02   5.8533706E-03   5.6477093E-03
   1.5469123E+03   2.4700000E+02   2.4300000E+02   1.5772681E-02   1.5154726E-02
   1.5469199E+03   2.2400000E+02   2.2000000E+02   9.2970875E-03   9.2032308E-03
   1.5469274E+03   2.2800000E+02   2.2500000E+02   1.7608769E-02   1.9016621E-02
   1.5469349E+03   2.1700000E+02   2.1400000E+02   1.1515188E-02   1.0117663E-02
   1.5469425E+03   2.4800000E+02   2.4100000E+02   3.8959435E-03   4.8587188E-03
   1.5469500E+03   2.1600000E+02   2.0900000E+02   1.9951977E-02   1.8577351E-02
   1.5469575E+03   2.2000000E+02   2.1300000E+02   2.6173714E-02   3.0181989E-02
   1.5469650E+03   2.3200000E+02   2.2500000E+02   4.2342207E-02   4.0238750E-02
   1.5469726E+03   2.2500000E+02   2.2400000E+02   3.1328073E-02   2.9916306E-02
   1.5469801E+03   2.3100000E+02   2.2400000E+02   2.0447950E-02   2.1555274E-02
   1.5469876E+03   2.1700000E+02   2.0400000E+02   4.1472405E-03   2.5136496E-03
   1.5469951E+03   2.2100000E+02   2.1600000E+02   8.2203082E-03   6.6128415E-03
   1.5470027E+03   1.8600000E+02   1.8100000E+02   1.7513702E-02   1.2651807E-02
   1.5470102E+03   2.2300000E+02   2.1000000E+02   6.6454555E-03   1.2416935E-02
   1.5470177E+03   2.1300000E+02   2.0300000E+02   2.8534229E-02   3.0815018E-02
   1.5470253E+03   2.1600000E+02   2.1000000E+02   1.6536777E-03   2.4792772E-03
   1.5470328E+03   2.0200000E+02   1.9500000E+02   3.2357699E-02   3.2791789E-02
   1.5470403E+03   2.0300000E+02   1.9400000E+02   1.6187468E-02   1.4709485E-02
   1.5470478E+03   2.1900000E+02   2.0900000E+02   1.2244529E-03   4.5998250E-03
   1.5470554E+03   1.9000000E+02   1.7500000E+02   4.8957978E-03   1.1536339E-02
   1.5470629E+03   2.0500000E+02   1.9400000E+02   1.3165297E-02   1.3345518E-02
   1.5470704E+03   1.8800000E+02   1.7300000E+02   2.6606884E-02   2.5378599E-02
   1.5470780E+03   2.0700000E+02   1.9800000E+02   2.1685749E-02   2.0320353E-02
   1.5470855E+03   2.1400000E+02   1.9400000E+02   6.2667518E-03   4.7158985E-03
   1.5470930E+03   2.0700000E+02   1.9400000E+02   3.0168747E-02   2.9288007E-02
   1.5471005E+03   1.9500000E+02   1.8200000E+02   2.6338296E-02   2.6663452E-02
   1.5471081E+03   2.1000000E+02   1.9800000E+02   1.0077919E-02   6.6364001E-03
   1.5471156E+03   2.0900000E+02   1.9600000E+02   5.8580955E-03   7.1242576E-03
   1.5471231E+03   1.9200000E+02   1.7600000E+02   1.6989847E-02   2.3381101E-02
   1.5471307E+03   2.2800000E+02   2.1100000E+02   1.8581646E-02   2.0619958E-02
   1.5471382E+03   2.0900000E+02   1.9000000E+02   2.1280225E-02   1.8025452E-02
   1.5471457E+03   1.9600000E+02   1.7800000E+02   1.8224092E-02   2.1404417E-02
   1.5471532E+03   2.1000000E+02   1.9000000E+02   5.1049953E-03   6.9647716E-03
   1.5471608E+03   2.1900000E+02   1.9100000E+02   1.9359569E-02   3.4039812E-02
   1.5471683E+03   2.3500000E+02   2.1300000E+02   1.9735920E-02   2.0234938E-02
   1.5471758E+03   2.3100000E+02   1.9700000E+02   1.7393608E-02   1.5995639E-02
   1.5471834E+03   2.3900000E+02   2.0500000E+02   1.2919306E-02   1.2658588E-02
   1.5471909E+03   2.5500000E+02   2.2300000E+02   2.9747476E-02   3.0753903E-02
   1.5471984E+03   2.4000000E+02   2.1000000E+02   1.3950883E-02   1.6073373E-02
   1.5472059E+03   2.3600000E+02   1.9900000E+02   1.6497523E-02   1.1376731E-02
   1.5472135E+03   2.5300000E+02   2.3000000E+02   2.1373491E-02   2.6563555E-02
   1.5472210E+03   2.6100000E+02   2.2400000E+02   1.3038357E-02   3.2382891E-03
   1.5472285E+03   2.6800000E+02   2.2400000E+02   1.2625440E-02   9.3099422E-03
   1.5472361E+03   2.3900000E+02   1.9900000E+02   6.7694562E-03   6.0882434E-03
   1.5472436E+03   2.9200000E+02   2.4400000E+02   3.9302060E-02   3.8379253E-02
   1.5472511E+03   3.0300000E+02   2.6200000E+02   2.0365285E-02   2.5623494E-02
   1.5472586E+03   2.9400000E+02   2.4700000E+02   2.4593421E-02   1.6604157E-02
   1.5472662E+03   3.3700000E+02   2.7800000E+02   1.1634211E-03   3.7257094E-03
   1.5472737E+03   3.1600000E+02   2.5700000E+02   3.1564807E-02   3.1408043E-02
   1.5472812E+03   3.3100000E+02   2.7900000E+02   1.9929790E-03   3.5789107E-03
   1.5472888E+03   3.8200000E+02   3.2800000E+02   8.2414306E-03   9.4403243E-03
   1.5472963E+03   3.4500000E+02   2.8900000E+02   7.2891739E-03   8.1377400E-03
   1.5473038E+03   3.7900000E+02   3.0500000E+02   1.9037190E-02   2.6544649E-02
   1.5473113E+03   3.7500000E+02   3.0700000E+02   5.4795686E-03   4.3427524E-03
   1.5473189E+03   4.0600000E+02   3.5000000E+02   7.5981027E-03   5.5922862E-03
   1.5473264E+03   3.9000000E+02   3.2500000E+02   1.6704532E-02   2.1108387E-02
   1.5473339E+03   4.3400000E+02   3.5900000E+02   2.3397793E-02   2.8417443E-02
   1.5473415E+03   4.2900000E+02   3.4100000E+02   1.2780103E-02   9.0980393E-03
   1.5473490E+03   4.1400000E+02   3.4600000E+02   1.9842346E-02   2.2257513E-02
   1.5473565E+03   5.0400000E+02   4.2300000E+02   8.5384131E-03   3.8153780E-03
   1.5473640E+03   4.7400000E+02   3.7700000E+02   6.7738531E-03   8.8461722E-03
   1.5473716E+03   4.9400000E+02   4.0600000E+02   8.4158668E-03   1.9391565E-02
   1.5473791E+03   5.2700000E+02   4.3400000E+02   2.3657629E-02   2.7197975E-02
   1.5473866E+03   5.6200000E+02   4.7300000E+02   1.0645290E-02   1.2293370E-02
   1.5473942E+03   5.8800000E+02   4.8600000E+02   6.3200809E-03   9.1421092E-03
   1.5474017E+03   5.6500000E+02   4.6800000E+02   8.3157290E-03   8.2909579E-03
   1.5474092E+03   6.6600000E+02   5.4200000E+02   2.8839617E-02   2.4927200E-02
   1.5474167E+03   6.4700000E+02   5.3400000E+02   1.0752681E-02   1.3084485E-02
   1.5474243E+03   6.6900000E+02   5.5700000E+02   8.2248999E-03   7.1178539E-03
   1.5474318E+03   6.4700000E+02   5.2500000E+02   1.1449826E-02   1.6203421E-02
   1.5474393E+03   6.7400000E+02   5.7100000E+02   4.0685182E-03   7.3387464E-03
   1.5474468E+03   7.5300000E+02   6.2200000E+02   1.3253294E-03   3.3933927E-03
   1.5474544E+03   7.3100000E+02   6.1100000E+02   6.1327176E-03   3.3235189E-03
   1.5474619E+03   7.9700000E+02   6.7500000E+02   1.0771484E-02   9.1772119E-03
   1.5474694E+03   7.1300000E+02   6.0700000E+02   1.4889762E-02   1.3267374E-02
   1.5474770E+03   7.9900000E+02   6.7000000E+02   4.3703179E-03   1.2127801E-02
   1.5474845E+03   8.4100000E+02   6.8800000E+02   7.5371560E-03   6.5146561E-03
   1.5474920E+03   8.2800000E+02   6.8900000E+02   4.5871896E-03   4.2430008E-03
   1.5474995E+03   9.5300000E+02   8.1700000E+02   1.8669970E-03   2.2780788E-03
   1.5475071E+03   9.9900000E+02   8.4000000E+02   7.2969596E-03   6.8762555E-03
   1.5475146E+03   9.0100000E+02   7.5300000E+02   2.6812953E-03   5.5726527E-03
   1.5475221E+03   9.8300000E+02   8.2500000E+02   5.9119490E-03   6.5977983E-03
   1.5475297E+03   9.8800000E+02   8.3200000E+02   1.4309078E-02   1.7231612E-02
   1.5475372E+03   1.0480000E+03   8.8400000E+02   4.2207292E-03   4.3333959E-03
   1.5475447E+03   1.1320000E+03   9.7100000E+02   1.3566678E-02   1.3833108E-02
   1.5475522E+03   1.1540000E+03   9.6900000E+02   3.7527303E-03   7.4344423E-03
   1.5475598E+03   1.1220000E+03   9.6900000E+02   5.8979141E-03   6.7194418E-03
   1.5475673E+03   1.2290000E+03   1.0290000E+03   1.1558264E-02   1.1706093E-02
   1.5475748E+03   1.2570000E+03   1.0700000E+03   1.0138472E-02   8.0075229E-03
   1.5475824E+03   1.2510000E+03   1.0800000E+03   8.8115105E-03   7.2275075E-03
   1.5475899E+03   1.3030000E+03   1.1250000E+03   4.1111920E-03   3.3237775E-03
   1.5475974E+03   1.3990000E+03   1.1980000E+03   9.5197644E-03   6.4853510E-03
   1.5476049E+03   1.3390000E+03   1.1420000E+03   8.2099632E-03   6.3609289E-03
   1.5476125E+03   1.3420000E+03   1.1480000E+03   4.2270801E-03   5.6322376E-03
   1.5476200E+03   1.5110000E+03   1.3130000E+03   1.4930280E-02   1.5076231E-02
   1.5476275E+03   1.5200000E+03   1.2860000E+03   6.8460170E-03   7.7650749E-03
   1.5476351E+03   1.4980000E+03   1.2820000E+03   8.2869637E-03   4.0709345E-03
   1.5476426E+03   1.6160000E+03   1.3870000E+03   1.2828520E-02   1.5145632E-02
   1.5476501E+03   1.5510000E+03   1.3550000E+03   1.0161406E-02   7.3929575E-03
   1.5476576E+03   1.5830000E+03   1.3580000E+03   9.9494564E-03   1.0270371E-02
   1.5476652E+03   1.6850000E+03   1.4570000E+03   6.8683941E-03   6.7556419E-03
   1.5476727E+03   1.7080000E+03   1.4870000E+03   7.9465847E-04   2.2180715E-03
   1.5476802E+03   1.7300000E+03   1.4970000E+03   8.3041122E-03   7.0084101E-03
   1.5476878E+03   1.7670000E+03   1.5220000E+03   2.0486515E-03   7.1586342E-03
   1.5476953E+03   1.8170000E+03   1.5800000E+03   2.4828514E-03   2.0442485E-03
   1.5477028E+03   1.9390000E+03   1.6760000E+03   2.4687852E-03   5.9129476E-03
   1.5477103E+03   1.8930000E+03   1.6400000E+03   5.4195924E-03   8.1315495E-03
   1.5477179E+03   1.9740000E+03   1.7050000E+03   1.0372319E-02   1.2398536E-02
   1.5477254E+03   1.9620000E+03   1.7140000E+03   2.8744395E-03   2.8015361E-03
   1.5477329E+03   2.1290000E+03   1.8390000E+03   2.7221368E-03   2.7624080E-03
   1.5477405E+03   2.1440000E+03   1.8280000E+03   5.2398319E-03   3.9391455E-03
   1.5477480E+03   2.1840000E+03   1.9000000E+03   1.4609923E-02   1.5915364E-02
   1.5477555E+03   2.2100000E+03   1.8710000E+03   1.5968642E-02   1.5780247E-02
   1.5477630E+03   2.2040000E+03   1.8900000E+03   6.1189151E-03   5.4225963E-03
   1.5477706E+03   2.2750000E+03   1.9900000E+03   1.1419612E-02   1.1192162E-02
   1.5477781E+03   2.3360000E+03   2.0090000E+03   3.4379865E-03   4.7199599E-03
   1.5477856E+03   2.4390000E+03   2.1020000E+03   4.5664748E-03   4.7217982E-03
   1.5477932E+03   2.4920000E+03   2.1700000E+03   1.2033144E-03   3.6457590E-03
   1.5478007E+03   2.5400000E+03   2.1880000E+03   1.5685272E-03   1.9132103E-03
   1.5478082E+03   2.5690000E+03   2.2080000E+03   3.8242548E-03   1.6788651E-03
   1.5478157E+03   2.6020000E+03   2.2710000E+03   7.2002093E-03   5.9779550E-03
   1.5478233E+03   2.7000000E+03   2.3770000E+03   4.4309903E-03   2.8615937E-03
   1.5478308E+03   2.8400000E+03   2.4710000E+03   1.1589411E-02   9.5132190E-03
   1.5478383E+03   2.8080000E+03   2.4570000E+03   1.2649649E-02   1.2057032E-02
   1.5478459E+03   2.9170000E+03   2.5360000E+03   7.5196375E-03   8.9330824E-03
   1.5478534E+03   2.8700000E+03   2.4740000E+03   3.4740878E-03   3.8950764E-03
   1.5478609E+03   2.9640000E+03   2.5900000E+03   1.9269477E-03   4.8146720E-03
   1.5478684E+03   3.1170000E+03   2.7110000E+03   3.6536874E-03   5.5114467E-03
   1.5478760E+03   3.1550000E+03   2.7350000E+03   3.5574332E-03   6.4790194E-03
   1.5478835E+03   3.2100000E+03   2.7860000E+03   3.3857278E-03   2.7285563E-03
   1.5478910E+03   3.2480000E+03   2.7880000E+03   6.0607725E-03   5.9251553E-03
   1.5478985E+03   3.2480000E+03   2.8090000E+03   5.2282608E-03   4.5625964E-03
   1.5479061E+03   3.4070000E+03   2.9560000E+03   7.5765929E-03   6.5202224E-03
   1.5479136E+03   3.2850000E+03   2.8460000E+03   3.4240390E-03   5.4554456E-03
   1.5479211E+03   3.5040000E+03   3.0100000E+03   4.9957447E-03   4.7729545E-03
   1.5479287E+03   3.6540000E+03   3.1670000E+03   3.4344725E-03   4.2657578E-03
   1.5479362E+03   3.6890000E+03   3.1630000E+03   7.6082160E-03   7.6942471E-03
   1.5479437E+03   3.7190000E+03   3.1750000E+03   5.1657542E-04   1.5114112E-03
   1.5479512E+03   3.8530000E+03   3.2780000E+03   2.0602588E-03   1.6658731E-03
   1.5479588E+03   4.0400000E+03   3.4730000E+03   1.5582523E-03   2.0282935E-03
   1.5479663E+03   4.0750000E+03   3.5390000E+03   1.3465445E-03   1.2417839E-03
   1.5479738E+03   4.1860000E+03   3.5500000E+03   7.0794955E-04   1.4532099E-03
   1.5479814E+03   4.1300000E+03   3.5130000E+03   5.3813095E-03   4.5124980E-03
   1.5479889E+03   4.3720000E+03   3.6790000E+03   4.4546257E-03   4.8074488E-03
   1.5479964E+03   4.3420000E+03   3.6390000E+03   7.4034319E-03   8.0864454E-03
   1.5480039E+03   4.4380000E+03   3.7390000E+03   5.6155778E-03   5.4523296E-03
   1.5480115E+03   4.4700000E+03   3.7870000E+03   6.4964683E-03   5.8073806E-03
   1.5480190E+03   4.7440000E+03   4.0010000E+03   3.9884801E-03   5.2463447E-03
   1.5480265E+03   4.7340000E+03   3.9990000E+03   8.1068474E-03   6.3887152E-03
   1.5480341E+03   4.7430000E+03   3.9870000E+03   4.1902789E-03   3.9288295E-03
   1.5480416E+03   4.9560000E+03   4.1310000E+03   5.7619597E-03   5.4205255E-03
   1.5480491E+03   5.0360000E+03   4.2630000E+03   7.1815728E-04   2.0562752E-03
   1.5480566E+03   5.2100000E+03   4.3810000E+03   6.2950764E-04   6.7888297E-04
   1.5480642E+03   5.2390000E+03   4.3290000E+03   4.4926285E-03   4.5043115E-03
   1.5480717E+03   5.5040000E+03   4.5980000E+03   2.0911951E-03   3.2231848E-03
   1.5480792E+03   5.5830000E+03   4.6220000E+03   5.3594445E-03   2.8237663E-03
   1.5480868E+03   5.6240000E+03   4.6500000E+03   2.5666863E-03   4.4983654E-03
   1.5480943E+03   5.8100000E+03   4.8110000E+03   2.1910481E-03   3.2448157E-03
   1.5481018E+03   5.9210000E+03   4.9490000E+03   2.1803172E-03   3.8601998E-03
   1.5481093E+03   6.0450000E+03   5.0510000E+03   4.8077301E-03   5.4597422E-03
   1.5481169E+03   6.0530000E+03   5.0140000E+03   2.4118711E-03   1.9914352E-03
   1.5481244E+03   6.2460000E+03   5.2160000E+03   2.6294154E-03   4.3966388E-03
   1.5481319E+03   6.3420000E+03   5.2520000E+03   4.9822751E-03   4.9354748E-03
   1.5481395E+03   6.4540000E+03   5.3780000E+03   5.2640179E-04   1.0862892E-03
   1.5481470E+03   6.6420000E+03   5.4730000E+03   5.3499458E-04   7.3775304E-04
   1.5481545E+03   6.6790000E+03   5.5600000E+03   5.4655815E-03   5.1228472E-03
   1.5481620E+03   6.8670000E+03   5.8050000E+03   3.9508993E-03   3.9037298E-03
   1.5481696E+03   6.9460000E+03   5.8410000E+03   2.5353153E-03   2.6303659E-03
   1.5481771E+03   7.1030000E+03   6.0010000E+03   4.0530861E-03   2.9285322E-03
   1.5481846E+03   7.0980000E+03   5.9800000E+03   2.4982308E-03   1.6232904E-03
   1.5481922E+03   7.3510000E+03   6.1980000E+03   3.0247598E-03   2.9711966E-03
   1.5481997E+03   7.4790000E+03   6.3390000E+03   2.0633344E-03   2.7389711E-03
   1.5482072E+03   7.4020000E+03   6.2880000E+03   6.2806312E-03   6.3754381E-03
   1.5482147E+03   7.6510000E+03   6.5370000E+03   1.0073275E-03   2.6230047E-03
   1.5482223E+03   7.6130000E+03   6.4990000E+03   1.5412983E-03   2.6180892E-03
   1.5482298E+03   7.8800000E+03   6.7610000E+03   4.2419276E-03   4.4009809E-03
   1.5482373E+03   7.8440000E+03   6.7890000E+03   5.3796251E-03   5.9810057E-03
   1.5482449E+03   8.1060000E+03   7.0000000E+03   6.5639397E-04   8.7611628E-04
   1.5482524E+03   8.0420000E+03   6.9970000E+03   1.5420671E-03   1.3890717E-03
   1.5482599E+03   8.1470000E+03   7.1150000E+03   2.7329156E-03   2.0310943E-03
   1.5482674E+03   8.3300000E+03   7.3200000E+03   2.4473755E-03   2.8986857E-03
   1.5482750E+03   8.4010000E+03   7.3640000E+03   3.9484614E-03   5.2204575E-03
   1.5482825E+03   8.5570000E+03   7.5690000E+03   1.6854385E-03   1.7020829E-03
   1.5482900E+03   8.5120000E+03   7.4760000E+03   4.2761119E-03   4.1698864E-03
   1.5482976E+03   8.7350000E+03   7.7600000E+03   2.5343094E-03   2.3962150E-03
   1.5483051E+03   8.5920000E+03   7.6470000E+03   1.6069673E-03   1.8117274E-03
   1.5483126E+03   8.7640000E+03   7.8100000E+03   6.8474479E-04   1.8729344E-03
   1.5483201E+03   9.0010000E+03   7.9880000E+03   4.2506321E-04   1.3981603E-03
   1.5483277E+03   9.2050000E+03   8.2500000E+03   2.8166685E-03   2.6595452E-03
   1.5483352E+03   9.0390000E+03   8.1000000E+03   3.8163788E-03   3.5958960E-03
   1.5483427E+03   9.1230000E+03   8.2280000E+03   1.6467290E-03   2.1538600E-03
   1.5483502E+03   9.0150000E+03   8.1120000E+03   3.0070360E-03   3.3088862E-03
   1.5483578E+03   9.2900000E+03   8.3710000E+03   3.6692823E-03   3.4158734E-03
   1.5483653E+03   9.1380000E+03   8.2840000E+03   2.5618546E-03   2.4512359E-03
   1.5483728E+03   9.5010000E+03   8.6430000E+03   1.2615668E-03   8.5221652E-04
   1.5483804E+03   9.4790000E+03   8.6370000E+03   1.7799263E-03   1.3853186E-03
   1.5483879E+03   9.4030000E+03   8.5850000E+03   3.2959192E-03   3.7803128E-03
   1.5483954E+03   9.6710000E+03   8.8270000E+03   2.0246409E-03   1.5162050E-03
   1.5484029E+03   9.4050000E+03   8.6130000E+03   3.4285631E-03   4.7905200E-03
   1.5484105E+03   9.5710000E+03   8.8030000E+03   3.3310493E-03   3.5693956E-03
   1.5484180E+03   9.5980000E+03   8.8170000E+03   2.4143463E-03   1.5161824E-03
   1.5484255E+03   9.6910000E+03   8.9200000E+03   1.6500158E-03   1.5697960E-03
   1.5484331E+03   9.9700000E+03   9.1820000E+03   4.3262020E-03   4.5974174E-03
   1.5484406E+03   9.7830000E+03   9.0090000E+03   2.1515141E-03   2.2635837E-03
   1.5484481E+03   9.8710000E+03   9.0740000E+03   3.6542699E-03   3.4244380E-03
   1.5484556E+03   9.9610000E+03   9.2330000E+03   1.3181549E-03   8.7703977E-04
   1.5484632E+03   1.0004000E+04   9.2540000E+03   5.7016931E-03   5.8217730E-03
   1.5484707E+03   1.0155000E+04   9.4390000E+03   2.7900075E-03   2.9049264E-03
   1.5484782E+03   1.0063000E+04   9.3510000E+03   2.3953636E-03   3.0387705E-03
   1.5484858E+03   1.0050000E+04   9.3190000E+03   5.4153882E-04   1.1813554E-03
   1.5484933E+03   1.0449000E+04   9.6760000E+03   2.9173363E-03   3.6291696E-03
   1.5485008E+03   1.0344000E+04   9.6330000E+03   2.3651150E-03   2.6090590E-03
   1.5485083E+03   1.0360000E+04   9.6590000E+03   1.1107474E-03   1.4377341E-03
   1.5485159E+03   1.0529000E+04   9.7920000E+03   1.1222730E-03   1.8409307E-03
   1.5485234E+03   1.0426000E+04   9.7580000E+03   2.3439517E-03   2.9433274E-03
   1.5485309E+03   1.0390000E+04   9.7510000E+03   3.1931666E-04   5.5977599E-04
   1.5485385E+03   1.0538000E+04   9.8910000E+03   2.7785772E-03   3.1508103E-03
   1.5485460E+03   1.0442000E+04   9.8440000E+03   2.5170637E-03   3.5768926E-03
   1.5485535E+03   1.0601000E+04   9.9480000E+03   2.0465245E-03   1.6779947E-03
   1.5485610E+03   1.0483000E+04   9.8530000E+03   1.5227321E-03   1.6690185E-03
   1.5485686E+03   1.0680000E+04   1.0042000E+04   1.8812794E-03   1.5914449E-03
   1.5485761E+03   1.0782000E+04   1.0155000E+04   5.3349615E-03   5.0045551E-03
   1.5485836E+03   1.0772000E+04   1.0172000E+04   2.0144888E-03   1.6801611E-03
   1.5485912E+03   1.0835000E+04   1.0186000E+04   3.0329911E-03   2.3190773E-03
   1.5485987E+03   1.0670000E+04   1.0065000E+04   3.7412306E-03   3.9674459E-03
   1.5486062E+03   1.0935000E+04   1.0308000E+04   1.3891886E-03   1.9292624E-03
   1.5486137E+03   1.0805000E+04   1.0150000E+04   2.5076076E-03   2.8843253E-03
   1.5486213E+03   1.1034000E+04   1.0414000E+04   3.1080080E-03   3.5150419E-03
   1.5486288E+03   1.0846000E+04   1.0230000E+04   1.2458416E-03   8.9784837E-04
   1.5486363E+03   1.1034000E+04   1.0419000E+04   8.3469270E-04   1.5832865E-03
   1.5486439E+03   1.0888000E+04   1.0288000E+04   1.4728627E-03   2.0862409E-03
   1.5486514E+03   1.1115000E+04   1.0504000E+04   2.7977720E-03   3.5338182E-03
   1.5486589E+03   1.1112000E+04   1.0517000E+04   4.3242344E-04   8.5887740E-04
   1.5486664E+03   1.1081000E+04   1.0499000E+04   1.9248531E-03   1.7090014E-03
   1.5486740E+03   1.0916000E+04   1.0371000E+04   2.5742372E-03   2.1079197E-03
   1.5486815E+03   1.0953000E+04   1.0397000E+04   2.8948850E-03   2.8908719E-03
   1.5486890E+03   1.0963000E+04   1.0400000E+04   2.8659833E-04   6.8743029E-04
   1.5486966E+03   1.0809000E+04   1.0283000E+04   1.1725319E-03   1.0526739E-03
   1.5487041E+03   1.0977000E+04   1.0472000E+04   1.3052507E-03   1.6562526E-03
   1.5487116E+03   1.0942000E+04   1.0434000E+04   5.2416476E-03   5.0161089E-03
   1.5487191E+03   1.1032000E+04   1.0551000E+04   4.5686718E-04   5.2764360E-04
   1.5487267E+03   1.0928000E+04   1.0498000E+04   2.7891440E-03   2.6692591E-03
   1.5487342E+03   1.0915000E+04   1.0514000E+04   2.7933841E-03   2.4850009E-03
   1.5487417E+03   1.0785000E+04   1.0369000E+04   2.7907033E-03   2.6309773E-03
   1.5487493E+03   1.0546000E+04   1.0197000E+04   2.6798417E-03   2.6412978E-03
   1.5487568E+03   1.0737000E+04   1.0392000E+04   3.7272834E-03   4.0091855E-03
   1.5487643E+03   1.0420000E+04   1.0124000E+04   4.0506818E-03   4.0661958E-03
   1.5487718E+03   1.0535000E+04   1.0256000E+04   2.4977975E-03   2.6676001E-03
   1.5487794E+03   1.0247000E+04   1.0015000E+04   3.0393032E-03   3.0356231E-03
   1.5487869E+03   9.9370000E+03   9.7080000E+03   1.7518392E-03   1.5937519E-03
   1.5487944E+03   1.0089000E+04   9.9090000E+03   6.4792167E-03   6.4392547E-03
   1.5488019E+03   9.6410000E+03   9.4780000E+03   2.9381610E-03   3.1582303E-03
   1.5488095E+03   9.6300000E+03   9.4790000E+03   2.4517867E-03   2.3795012E-03
   1.5488170E+03   9.2600000E+03   9.1260000E+03   3.1246372E-03   3.0782565E-03
   1.5488245E+03   9.2160000E+03   9.0800000E+03   1.2218748E-03   1.2377919E-03
   1.5488321E+03   8.8370000E+03   8.7360000E+03   4.6682009E-03   4.7119376E-03
   1.5488396E+03   8.8050000E+03   8.7120000E+03   7.4803458E-04   9.3041090E-04
   1.5488471E+03   8.6730000E+03   8.5760000E+03   1.9012307E-03   1.9147377E-03
   1.5488546E+03   8.2830000E+03   8.2130000E+03   1.8921141E-04   1.7452000E-04
   1.5488622E+03   8.0360000E+03   7.9830000E+03   3.7471684E-03   3.7945132E-03
   1.5488697E+03   7.8290000E+03   7.7480000E+03   2.7321465E-03   2.7717198E-03
   1.5488772E+03   7.7810000E+03   7.7030000E+03   2.2454203E-03   2.2501785E-03
   1.5488848E+03   7.4960000E+03   7.4470000E+03   3.1772123E-03   3.1980879E-03
   1.5488923E+03   7.2970000E+03   7.2380000E+03   5.3883002E-03   5.4322961E-03
   1.5488998E+03   6.8990000E+03   6.8320000E+03   2.2164012E-03   2.2381294E-03
   1.5489073E+03   6.7300000E+03   6.6850000E+03   1.2913519E-03   1.2999411E-03
   1.5489149E+03   6.5670000E+03   6.5270000E+03   7.0813523E-03   7.1247553E-03
   1.5489224E+03   6.1060000E+03   6.0670000E+03   2.0894341E-03   2.1029659E-03
   1.5489299E+03   6.1250000E+03   6.0910000E+03   1.6527547E-03   1.6619900E-03
   1.5489375E+03   5.9840000E+03   5.9520000E+03   1.2021608E-03   1.2087094E-03
   1.5489450E+03   5.7670000E+03   5.7340000E+03   3.9136020E-03   3.9361708E-03
   1.5489525E+03   5.4120000E+03   5.3840000E+03   3.8926744E-03   3.9129315E-03
   1.5489600E+03   5.2870000E+03   5.2590000E+03   3.2691016E-03   3.2865283E-03
   1.5489676E+03   5.0500000E+03   5.0260000E+03   5.5446406E-03   5.5711289E-03
   1.5489751E+03   5.0350000E+03   5.0000000E+03   3.3994985E-03   3.4233017E-03
   1.5489826E+03   4.8100000E+03   4.7960000E+03   2.9421481E-03   2.9506652E-03
   1.5489902E+03   4.7110000E+03   4.6850000E+03   1.1186596E-03   1.1249459E-03
   1.5489977E+03   4.4950000E+03   4.4560000E+03   1.0169416E-03   1.0258244E-03
   1.5490052E+03   4.2570000E+03   4.2380000E+03   3.0963844E-03   3.1102754E-03
   1.5490127E+03   4.0960000E+03   4.0780000E+03   1.5046515E-03   1.5113485E-03
   1.5490203E+03   4.1060000E+03   4.0870000E+03   5.8906481E-03   5.9180284E-03
   1.5490278E+03   4.0210000E+03   4.0020000E+03   2.8703550E-03   2.8839997E-03
   1.5490353E+03   3.9050000E+03   3.8820000E+03   1.5664093E-03   1.5756979E-03
   1.5490429E+03   3.6470000E+03   3.6310000E+03   7.1774727E-04   7.2090714E-04
   1.5490504E+03   3.5170000E+03   3.5060000E+03   1.8807092E-03   1.8866069E-03
   1.5490579E+03   3.4980000E+03   3.4740000E+03   1.7254482E-03   1.7374080E-03
   1.5490654E+03   3.3450000E+03   3.3280000E+03   4.7719327E-03   4.7963121E-03
   1.5490730E+03   3.2760000E+03   3.2610000E+03   2.3868294E-03   2.3978105E-03
   1.5490805E+03   3.1700000E+03   3.1580000E+03   1.7536253E-03   1.7602704E-03
   1.5490880E+03   3.2700000E+03   3.2570000E+03   5.0255598E-03   5.0456066E-03
   1.5490956E+03   3.0080000E+03   2.9980000E+03   3.9288362E-03   3.9419240E-03
   1.5491031E+03   2.9170000E+03   2.9080000E+03   6.7621478E-03   6.7830805E-03
   1.5491106E+03   2.8820000E+03   2.8690000E+03   3.4067582E-03   3.4220836E-03
   1.5491181E+03   2.7460000E+03   2.7320000E+03   5.4624115E-03   5.4904195E-03
   1.5491257E+03   2.6620000E+03   2.6520000E+03   5.3533989E-03   5.3772899E-03
   1.5491332E+03   2.6160000E+03   2.6020000E+03   6.0321076E-03   6.0645604E-03
   1.5491407E+03   2.5140000E+03   2.5030000E+03   2.5420953E-03   2.5532875E-03
   1.5491483E+03   2.4320000E+03   2.4190000E+03   4.7169604E-03   4.7423282E-03
   1.5491558E+03   2.4370000E+03   2.4320000E+03   7.0136021E-03   7.0280630E-03
   1.5491633E+03   2.2980000E+03   2.2890000E+03   3.7547078E-03   3.7696373E-03
   1.5491708E+03   2.2100000E+03   2.2000000E+03   5.8782834E-03   5.9050327E-03
   1.5491784E+03   2.1800000E+03   2.1630000E+03   4.6481766E-03   4.6847190E-03
   1.5491859E+03   2.0880000E+03   2.0780000E+03   4.6787499E-03   4.7013208E-03
   1.5491934E+03   2.1500000E+03   2.1370000E+03   5.1855750E-03   5.2171033E-03
   1.5492010E+03   2.0280000E+03   2.0160000E+03   2.5013630E-03   2.5163332E-03
   1.5492085E+03   1.9720000E+03   1.9650000E+03   3.2173845E-03   3.2288315E-03
   1.5492160E+03   1.8890000E+03   1.8760000E+03   1.3609222E-03   1.3703415E-03
   1.5492235E+03   1.8430000E+03   1.8350000E+03   4.8319743E-03   4.8530823E-03
   1.5492311E+03   1.7120000E+03   1.7050000E+03   2.0104587E-03   2.0187216E-03
   1.5492386E+03   1.6360000E+03   1.6290000E+03   1.9402200E-03   1.9485556E-03
   1.5492461E+03   1.6570000E+03   1.6520000E+03   1.5433759E-03   1.5480207E-03
   1.5492536E+03   1.6180000E+03   1.6100000E+03   2.8950413E-03   2.9094288E-03
   1.5492612E+03   1.5470000E+03   1.5320000E+03   2.8950251E-03   2.9234806E-03
   1.5492687E+03   1.5310000E+03   1.5280000E+03   8.1670585E-03   8.1828783E-03
   1.5492762E+03   1.4760000E+03   1.4700000E+03   2.9439961E-03   2.9559172E-03
   1.5492838E+03   1.3450000E+03   1.3430000E+03   3.9050727E-03   3.9108922E-03
   1.5492913E+03   1.3620000E+03   1.3530000E+03   1.0352933E-02   1.0421793E-02
   1.5492988E+03   1.2440000E+03   1.2370000E+03   6.8184539E-04   6.8569819E-04
   1.5493063E+03   1.2680000E+03   1.2570000E+03   1.6646699E-03   1.6792936E-03
   1.5493139E+03   1.2430000E+03   1.2350000E+03   7.0722643E-03   7.1180737E-03
   1.5493214E+03   1.1880000E+03   1.1830000E+03   6.6213429E-03   6.6493151E-03
   1.5493289E+03   1.1500000E+03   1.1410000E+03   1.2540304E-03   1.2639168E-03
   1.5493365E+03   1.0490000E+03   1.0370000E+03   6.0983043E-03   6.1696317E-03
   1.5493440E+03   1.0820000E+03   1.0710000E+03   2.5840543E-03   2.6103263E-03
   1.5493515E+03   1.0380000E+03   1.0270000E+03   2.1651219E-03   2.1884066E-03
   1.5493590E+03   1.0240000E+03   1.0150000E+03   1.8647740E-03   1.8812420E-03
   1.5493666E+03   9.7000000E+02   9.5900000E+02   3.5971176E-03   3.6383672E-03
   1.5493741E+03   9.4500000E+02   9.3700000E+02   5.6526531E-03   5.7009097E-03
   1.5493816E+03   8.6000000E+02   8.5300000E+02   6.9712807E-03   7.0288024E-03
   1.5493892E+03   8.7300000E+02   8.6000000E+02   5.9028886E-03   5.9920984E-03
   1.5493967E+03   8.5400000E+02   8.4600000E+02   8.3547103E-03   8.4337502E-03
   1.5494042E+03   8.5100000E+02   8.4100000E+02   2.7562631E-03   2.7888988E-03
   1.5494117E+03   7.8500000E+02   7.7700000E+02   3.6178345E-03   3.6552943E-03
   1.5494193E+03   7.9700000E+02   7.8600000E+02   1.3594152E-03   1.3785824E-03
   1.5494268E+03   7.1300000E+02   7.0600000E+02   4.3572655E-03   4.4000387E-03
   1.5494343E+03   6.8900000E+02   6.8500000E+02   1.8723148E-03   1.8832574E-03
   1.5494419E+03   6.7400000E+02   6.6700000E+02   9.2982021E-04   9.3956011E-04
   1.5494494E+03   6.4100000E+02   6.2300000E+02   6.3795596E-03   6.5642493E-03
   1.5494569E+03   6.8300000E+02   6.7100000E+02   4.6965158E-03   4.7804932E-03
   1.5494644E+03   6.2900000E+02   6.1900000E+02   8.7697758E-03   8.9115815E-03
   1.5494720E+03   6.3900000E+02   6.2400000E+02   3.4615119E-03   3.5437304E-03
   1.5494795E+03   5.6900000E+02   5.6100000E+02   7.3391617E-03   7.4440104E-03
   1.5494870E+03   6.2100000E+02   6.0900000E+02   1.8535086E-03   1.8899826E-03
   1.5494946E+03   5.5700000E+02   5.4200000E+02   3.6212493E-03   3.7214408E-03
   1.5495021E+03   5.5800000E+02   5.4100000E+02   4.0329330E-03   4.1580591E-03
   1.5495096E+03   5.6200000E+02   5.4500000E+02   1.1491909E-03   1.1848561E-03
   1.5495171E+03   5.6600000E+02   5.5300000E+02   2.6304927E-03   2.6926032E-03
   1.5495247E+03   5.3200000E+02   5.2300000E+02   6.4243744E-04   6.5352638E-04
   1.5495322E+03   5.6600000E+02   5.5400000E+02   3.0046788E-03   3.0696838E-03
   1.5495397E+03   5.4100000E+02   5.2400000E+02   1.2264884E-03   1.2662680E-03
   1.5495473E+03   5.5400000E+02   5.3400000E+02   2.1673264E-03   2.2485543E-03
   1.5495548E+03   4.9900000E+02   4.7600000E+02   2.4555456E-03   2.5742104E-03
   1.5495623E+03   5.0500000E+02   4.8600000E+02   2.8904972E-03   3.0030935E-03
   1.5495698E+03   5.3300000E+02   5.0600000E+02   2.6502343E-03   2.7916433E-03
   1.5495774E+03   5.4600000E+02   5.2900000E+02   2.4243960E-03   2.5023185E-03
   1.5495849E+03   5.1500000E+02   4.9000000E+02   3.3432403E-03   3.5140554E-03
   1.5495924E+03   4.8500000E+02   4.6800000E+02   2.0834104E-03   2.1592841E-03
   1.5496000E+03   5.0100000E+02   4.7900000E+02   5.7464474E-03   6.0108038E-03
   1.5496075E+03   5.0600000E+02   4.7500000E+02   1.6870892E-03   1.7969805E-03
   1.5496150E+03   4.9500000E+02   4.6800000E+02   8.4386929E-04   8.9210659E-04
   1.5496225E+03   5.1700000E+02   4.8700000E+02   1.9232198E-03   2.0421658E-03
   1.5496301E+03   4.7900000E+02   4.5800000E+02   4.3973211E-03   4.5991382E-03
   1.5496376E+03   4.9100000E+02   4.5600000E+02   4.1363046E-04   4.4535983E-04
   1.5496451E+03   5.1800000E+02   4.9600000E+02   1.1164236E-03   1.1654174E-03
   1.5496527E+03   4.9200000E+02   4.5700000E+02   2.0272061E-03   2.1822659E-03
   1.5496602E+03   4.8000000E+02   4.6100000E+02   1.7411267E-03   1.8265533E-03
   1.5496677E+03   5.4900000E+02   5.0800000E+02   9.5173205E-04   1.0283590E-03
   1.5496752E+03   5.0600000E+02   4.6300000E+02   2.7087460E-03   2.9603752E-03
   1.5496828E+03   5.2700000E+02   4.9600000E+02   1.2524694E-03   1.3310321E-03
   1.5496903E+03   5.2300000E+02   4.8400000E+02   7.9909560E-04   8.6351483E-04
   1.5496978E+03   4.9100000E+02   4.4600000E+02   1.4324119E-03   1.5756365E-03
   1.5497053E+03   5.2000000E+02   4.8200000E+02   1.1825656E-03   1.2767169E-03
   1.5497129E+03   5.3400000E+02   4.9100000E+02   1.7750334E-03   1.9292320E-03
   1.5497204E+03   5.6600000E+02   5.0700000E+02   1.5852219E-03   1.7704803E-03
   1.5497279E+03   5.5800000E+02   5.0800000E+02   6.4681341E-04   7.1055595E-04
   1.5497355E+03   5.4500000E+02   4.8800000E+02   2.4439834E-03   2.7298605E-03
   1.5497430E+03   5.8400000E+02   5.2400000E+02   2.6081414E-03   2.9065141E-03
   1.5497505E+03   5.9000000E+02   5.3400000E+02   2.5763117E-03   2.8464950E-03
   1.5497580E+03   5.8200000E+02   5.1400000E+02   1.3801243E-03   1.5639025E-03
   1.5497656E+03   6.2900000E+02   5.4500000E+02   4.4281557E-03   5.1101167E-03
   1.5497731E+03   5.6900000E+02   5.0700000E+02   2.0607446E-03   2.3128684E-03
   1.5497806E+03   6.3700000E+02   5.5300000E+02   8.7708619E-04   1.0113064E-03
   1.5497882E+03   6.1600000E+02   5.3000000E+02   1.7264916E-03   2.0010132E-03
   1.5497957E+03   6.5400000E+02   5.7900000E+02   1.4140326E-03   1.5975635E-03
   1.5498032E+03   6.7100000E+02   5.8300000E+02   1.7761924E-03   2.0443927E-03
   1.5498107E+03   6.7100000E+02   5.8100000E+02   6.6280902E-04   7.6477413E-04
   1.5498183E+03   6.9000000E+02   5.9700000E+02   1.1140145E-03   1.2875399E-03
   1.5498258E+03   7.5300000E+02   6.3900000E+02   5.1278004E-04   6.0526825E-04
   1.5498333E+03   7.3000000E+02   6.2200000E+02   1.3259875E-03   1.5559881E-03
   1.5498409E+03   7.8800000E+02   6.5700000E+02   2.4260301E-04   4.9979699E-04
   1.5498484E+03   7.6900000E+02   6.4800000E+02   8.5089201E-04   1.0084283E-03
   1.5498559E+03   7.9800000E+02   6.7300000E+02   5.9442841E-04   7.8861863E-04
   1.5498634E+03   8.3600000E+02   7.3500000E+02   3.5099260E-04   4.0096710E-04
   1.5498710E+03   8.4800000E+02   7.3300000E+02   1.5920378E-03   1.8419406E-03
   1.5498785E+03   8.4700000E+02   7.1100000E+02   4.4634566E-04   5.3004652E-04
   1.5498860E+03   8.6500000E+02   7.3400000E+02   1.0791967E-03   1.2719094E-03
   1.5498936E+03   8.7900000E+02   7.3400000E+02   1.1730543E-03   1.4044014E-03
   1.5499011E+03   9.3400000E+02   7.9300000E+02   4.7936032E-04   5.7994365E-04
   1.5499086E+03   9.3700000E+02   7.9500000E+02   9.8561184E-04   1.1623067E-03
   1.5499161E+03   9.8600000E+02   8.3400000E+02   4.4828181E-04   5.3179996E-04
   1.5499237E+03   1.0380000E+03   8.8200000E+02   1.1782094E-03   1.3863979E-03
   1.5499312E+03   1.0320000E+03   8.7900000E+02   1.0462183E-03   1.2289785E-03
   1.5499387E+03   1.0520000E+03   8.7900000E+02   1.4518367E-03   1.7364160E-03
   1.5499463E+03   1.1150000E+03   9.3200000E+02   5.4447310E-04   6.5123457E-04
   1.5499538E+03   1.1560000E+03   9.9300000E+02   6.0272521E-04   7.0501831E-04
   1.5499613E+03   1.1860000E+03   9.9400000E+02   5.4939667E-04   6.9245760E-04
   1.5499688E+03   1.2580000E+03   1.0720000E+03   8.4141114E-04   8.3939524E-04
   1.5499764E+03   1.2060000E+03   1.0440000E+03   7.7030252E-04   8.8949005E-04
   1.5499839E+03   1.3100000E+03   1.0860000E+03   7.9277449E-04   9.5867325E-04
   1.5499914E+03   1.3460000E+03   1.1590000E+03   4.7194230E-04   5.4742729E-04
   1.5499990E+03   1.3560000E+03   1.1550000E+03   9.3955265E-04   1.0951737E-03
   1.5500065E+03   1.4040000E+03   1.2120000E+03   8.4418242E-04   9.6907626E-04
   1.5500140E+03   1.4170000E+03   1.1980000E+03   3.9402596E-04   4.7015846E-04
   1.5500215E+03   1.5300000E+03   1.2970000E+03   4.0132101E-04   4.5589427E-04
   1.5500291E+03   1.4570000E+03   1.2440000E+03   1.1969194E-03   1.4032533E-03
   1.5500366E+03   1.6190000E+03   1.3870000E+03   1.8576529E-04   2.1670990E-04
   1.5500441E+03   1.6300000E+03   1.4160000E+03   3.7632649E-04   4.3320772E-04
   1.5500517E+03   1.6250000E+03   1.3860000E+03   4.3256061E-04   5.0630769E-04
   1.5500592E+03   1.6560000E+03   1.4200000E+03   3.8285909E-04   4.4870326E-04
   1.5500667E+03   1.7540000E+03   1.4800000E+03   3.2283548E-04   4.2834680E-04
   1.5500742E+03   1.7730000E+03   1.5330000E+03   1.5970723E-04   1.8660815E-04
   1.5500818E+03   1.7870000E+03   1.5460000E+03   5.9840158E-04   6.0716318E-04
   1.5500893E+03   1.8800000E+03   1.6280000E+03   3.5702534E-04   4.1155879E-04
   1.5500968E+03   1.8420000E+03   1.5570000E+03   3.3462026E-04   3.2872695E-04
   1.5501044E+03   1.9350000E+03   1.6700000E+03   6.8119147E-04   6.5923867E-04
   1.5501119E+03   2.0160000E+03   1.7520000E+03   2.8173715E-04   3.2229182E-04
   1.5501194E+03   2.0980000E+03   1.8130000E+03   2.4071460E-04   2.7788858E-04
   1.5501269E+03   2.0360000E+03   1.7650000E+03   1.7695670E-04   2.0441114E-04
   1.5501345E+03   2.2920000E+03   2.0040000E+03   2.7931463E-04   3.1917540E-04
   1.5501420E+03   2.1310000E+03   1.8330000E+03   6.4227574E-05   9.3746105E-05
   1.5501495E+03   2.2540000E+03   1.9600000E+03   1.7839345E-04   2.0830813E-04
   1.5501571E+03   2.2770000E+03   1.9840000E+03   1.0884795E-04   8.1207071E-05
   1.5501646E+03   2.3150000E+03   2.0260000E+03   2.0494356E-04   2.3414327E-04
   1.5501721E+03   2.3300000E+03   2.0570000E+03   2.4734028E-04   3.0397072E-04
   1.5501796E+03   2.3960000E+03   2.0980000E+03   1.0695339E-04   2.4843935E-04
   1.5501872E+03   2.5660000E+03   2.2190000E+03   5.5152653E-04   5.9737683E-04
   1.5501947E+03   2.5900000E+03   2.2900000E+03   2.8291190E-04   2.7764979E-04
   1.5502022E+03   2.5990000E+03   2.2820000E+03   2.5314050E-04   2.8731556E-04
   1.5502097E+03   2.6760000E+03   2.3160000E+03   1.9554817E-04   1.9160743E-04
   1.5502173E+03   2.6940000E+03   2.3640000E+03   1.8216688E-04   2.3757875E-04
   1.5502248E+03   2.8460000E+03   2.4880000E+03   1.3925226E-04   1.6000374E-04
   1.5502323E+03   2.7640000E+03   2.4310000E+03   1.7302191E-04   1.7347171E-04
   1.5502399E+03   2.8860000E+03   2.5340000E+03   9.1615610E-05   1.0396213E-04
   1.5502474E+03   3.0020000E+03   2.6560000E+03   4.0118494E-04   3.1654317E-04
   1.5502549E+03   2.9830000E+03   2.5870000E+03   1.8812219E-05   2.6318037E-05
   1.5502624E+03   3.1010000E+03   2.7060000E+03   9.1098869E-05   1.0416782E-04
   1.5502700E+03   3.2220000E+03   2.7990000E+03   2.4955737E-04   2.6068651E-04
   1.5502775E+03   3.1820000E+03   2.7990000E+03   3.0425072E-04   3.4544827E-04
   1.5502850E+03   3.3100000E+03   2.8920000E+03   2.6868957E-04   2.9978524E-04
   1.5502926E+03   3.2820000E+03   2.8830000E+03   2.8172584E-04   2.9245662E-04
   1.5503001E+03   3.4130000E+03   3.0160000E+03   1.3156077E-04   8.5798219E-05
   1.5503076E+03   3.5490000E+03   3.1540000E+03   1.6920696E-04   1.6760140E-04
   1.5503151E+03   3.5480000E+03   3.1390000E+03   1.7748547E-04   2.2227608E-04
   1.5503227E+03   3.5300000E+03   3.1200000E+03   4.3768421E-04   5.0060322E-04
   1.5503302E+03   3.6390000E+03   3.1800000E+03   8.6049088E-05   8.4034965E-05
   1.5503377E+03   3.8080000E+03   3.3290000E+03   2.1307022E-04   2.0369644E-04
   1.5503453E+03   3.9290000E+03   3.4540000E+03   1.4153165E-04   7.5084077E-05
   1.5503528E+03   3.9150000E+03   3.4280000E+03   1.7194428E-04   2.3909783E-04
   1.5503603E+03   3.9610000E+03   3.5040000E+03   9.2340722E-05   5.4965186E-05
   1.5503678E+03   4.0360000E+03   3.5440000E+03   2.4622618E-04   2.8097993E-04
   1.5503754E+03   4.0890000E+03   3.5520000E+03   6.3035322E-05   6.4695863E-05
   1.5503829E+03   4.2280000E+03   3.6990000E+03   1.1641239E-04   2.2724048E-04
   1.5503904E+03   4.2620000E+03   3.7860000E+03   1.6098230E-04   1.9807779E-04
   1.5503980E+03   4.4010000E+03   3.9030000E+03   1.8609062E-04   2.4630732E-04
   1.5504055E+03   4.4940000E+03   3.9790000E+03   2.4555511E-04   2.7408361E-04
   1.5504130E+03   4.5630000E+03   4.0220000E+03   1.6200952E-04   1.5272153E-04
   1.5504205E+03   4.5280000E+03   3.9660000E+03   2.6817503E-04   2.9865342E-04
   1.5504281E+03   4.5400000E+03   3.9600000E+03   2.4964293E-04   2.8543097E-04
   1.5504356E+03   4.6950000E+03   4.1240000E+03   1.0920361E-04   6.6818556E-05
   1.5504431E+03   4.8070000E+03   4.2090000E+03   1.3391336E-04   1.6005166E-04
   1.5504507E+03   4.9460000E+03   4.3010000E+03   2.3530249E-05   5.5113218E-05
   1.5504582E+03   5.0430000E+03   4.4560000E+03   2.7992988E-04   3.1426721E-04
   1.5504657E+03   5.1350000E+03   4.5390000E+03   9.8110515E-05   7.7567812E-05
   1.5504732E+03   5.1230000E+03   4.5040000E+03   4.6646649E-05   5.3067627E-05
   1.5504808E+03   5.3170000E+03   4.6450000E+03   6.2004558E-05   1.0886837E-04
   1.5504883E+03   5.2490000E+03   4.6020000E+03   3.2409253E-05   4.2368675E-05
   1.5504958E+03   5.4520000E+03   4.7890000E+03   8.4884773E-05   2.7640026E-05
   1.5505034E+03   5.4910000E+03   4.8410000E+03   3.3811253E-05   3.8758173E-05
   1.5505109E+03   5.8100000E+03   5.0790000E+03   6.3739284E-05   7.4093557E-05
   1.5505184E+03   5.6320000E+03   4.9570000E+03   1.6621475E-04   1.7706783E-04
   1.5505259E+03   5.7170000E+03   5.0700000E+03   1.6373530E-04   1.5464501E-04
   1.5505335E+03   5.8580000E+03   5.1520000E+03   1.1754342E-04   1.6208440E-04
   1.5505410E+03   5.9850000E+03   5.2250000E+03   4.1083380E-05   7.9619255E-05
   1.5505485E+03   6.2170000E+03   5.3840000E+03   1.1166268E-04   1.8451386E-04
   1.5505561E+03   6.1200000E+03   5.3770000E+03   2.0488885E-04   1.1386554E-04
   1.5505636E+03   6.4440000E+03   5.5810000E+03   7.1568993E-05   6.0180071E-05
   1.5505711E+03   6.5470000E+03   5.6750000E+03   1.9106336E-05   2.2222145E-05
   1.5505786E+03   6.4390000E+03   5.6040000E+03   5.3251404E-05   1.4276079E-04
   1.5505862E+03   6.6770000E+03   5.8180000E+03   1.3631538E-04   1.5602672E-04
   1.5505937E+03   6.8300000E+03   5.9070000E+03   1.6545180E-04   1.8236523E-04
   1.5506012E+03   6.8430000E+03   5.8970000E+03   9.9870801E-05   6.0763535E-05
   1.5506087E+03   6.9140000E+03   5.9280000E+03   1.2967689E-04   1.4391776E-04
   1.5506163E+03   7.1200000E+03   6.1040000E+03   4.2597896E-05   7.7497807E-05
   1.5506238E+03   7.2150000E+03   6.1860000E+03   6.1452528E-05   4.5797995E-05
   1.5506313E+03   7.4410000E+03   6.4110000E+03   6.0351847E-05   8.3949791E-05
   1.5506389E+03   7.4930000E+03   6.4160000E+03   9.0561822E-05   1.2979539E-04
   1.5506464E+03   7.6190000E+03   6.5380000E+03   1.4390173E-04   1.8666071E-04
   1.5506539E+03   7.8840000E+03   6.8120000E+03   2.3014197E-05   7.2516506E-05
   1.5506614E+03   7.9590000E+03   6.7920000E+03   1.3334225E-04   1.6024152E-04
   1.5506690E+03   7.8720000E+03   6.7320000E+03   2.1756376E-04   2.2315177E-04
   1.5506765E+03   7.9990000E+03   6.8670000E+03   4.1825591E-05   1.1139099E-04
   1.5506840E+03   8.2290000E+03   7.0390000E+03   1.3331560E-04   1.5271548E-04
   1.5506916E+03   8.5390000E+03   7.3680000E+03   1.1850869E-04   1.5312106E-04
   1.5506991E+03   8.3620000E+03   7.2160000E+03   1.0096896E-04   1.6569968E-04
   1.5507066E+03   8.7110000E+03   7.5310000E+03   4.5753813E-05   2.7193997E-05
   1.5507141E+03   8.6490000E+03   7.4720000E+03   2.1295290E-04   1.9011254E-04
   1.5507217E+03   9.0510000E+03   7.8340000E+03   1.0521536E-04   1.1253585E-04
   1.5507292E+03   8.9110000E+03   7.7810000E+03   2.9933831E-04   2.6854800E-04
   1.5507367E+03   9.2500000E+03   8.0660000E+03   1.4308234E-04   1.2341176E-04
   1.5507443E+03   9.2370000E+03   8.0750000E+03   2.3718628E-05   9.4111832E-05
   1.5507518E+03   9.5100000E+03   8.2850000E+03   1.1940690E-04   1.4367592E-04
   1.5507593E+03   9.5450000E+03   8.2620000E+03   7.8101544E-05   9.5958650E-05
   1.5507668E+03   9.8270000E+03   8.5990000E+03   2.4461802E-04   1.9505265E-04
   1.5507744E+03   9.7370000E+03   8.6090000E+03   2.1085409E-05   2.1771514E-05
   1.5507819E+03   9.7840000E+03   8.6210000E+03   1.7477231E-04   2.3449428E-04
   1.5507894E+03   9.9830000E+03   8.8310000E+03   1.1161684E-04   1.0367565E-04
   1.5507970E+03   1.0002000E+04   8.8230000E+03   2.1703172E-04   2.4320383E-04
   1.5508045E+03   9.9850000E+03   8.8800000E+03   1.7525584E-04   1.9135442E-04
   1.5508120E+03   1.0198000E+04   9.0740000E+03   1.0486587E-04   1.0798309E-04
   1.5508195E+03   1.0235000E+04   9.1530000E+03   9.0639683E-05   7.3705400E-05
   1.5508271E+03   1.0521000E+04   9.4670000E+03   1.2342679E-04   1.1540934E-04
   1.5508346E+03   1.0440000E+04   9.4130000E+03   8.5221825E-05   9.4629088E-05
   1.5508421E+03   1.0353000E+04   9.3200000E+03   1.0029092E-04   1.6166556E-04
   1.5508497E+03   1.0517000E+04   9.4900000E+03   7.2420899E-05   6.5312356E-05
   1.5508572E+03   1.0662000E+04   9.5860000E+03   1.1288855E-04   1.6877623E-04
   1.5508647E+03   1.0713000E+04   9.6920000E+03   1.1028415E-04   6.5300112E-05
   1.5508722E+03   1.0762000E+04   9.7900000E+03   8.5556835E-05   6.1185726E-05
   1.5508798E+03   1.1129000E+04   1.0155000E+04   8.9531060E-05   1.0366943E-04
   1.5508873E+03   1.0898000E+04   9.9010000E+03   1.0602349E-04   1.6421737E-04
   1.5508948E+03   1.1171000E+04   1.0201000E+04   1.3391637E-04   1.2785284E-04
   1.5509024E+03   1.1137000E+04   1.0156000E+04   7.7943583E-05   8.2195790E-05
   1.5509099E+03   1.1253000E+04   1.0269000E+04   1.5673819E-04   1.4224727E-04
   1.5509174E+03   1.1228000E+04   1.0319000E+04   2.3342020E-04   2.1108410E-04
   1.5509249E+03   1.1385000E+04   1.0472000E+04   1.1900173E-04   1.3439873E-04
   1.5509325E+03   1.1285000E+04   1.0347000E+04   2.2461622E-04   1.4566384E-04
   1.5509400E+03   1.1278000E+04   1.0402000E+04   1.6327990E-04   1.6692927E-04
   1.5509475E+03   1.1315000E+04   1.0435000E+04   2.2523920E-04   2.2721023E-04
   1.5509551E+03   1.1582000E+04   1.0726000E+04   1.3309395E-04   1.7102489E-04
   1.5509626E+03   1.1657000E+04   1.0805000E+04   9.5305515E-05   3.8209009E-05
   1.5509701E+03   1.1673000E+04   1.0869000E+04   1.3903014E-04   1.0547467E-04
   1.5509776E+03   1.1745000E+04   1.0905000E+04   1.5111279E-04   2.2217126E-04
   1.5509852E+03   1.1693000E+04   1.0909000E+04   1.0350434E-04   1.0205248E-04
   1.5509927E+03   1.2086000E+04   1.1277000E+04   1.6754912E-04   1.4376097E-04
   1.5510002E+03   1.1903000E+04   1.1126000E+04   9.3079060E-05   1.2382479E-04
   1.5510078E+03   1.1903000E+04   1.1078000E+04   9.2412116E-05   8.2943404E-05
   1.5510153E+03   1.1844000E+04   1.1049000E+04   9.1443562E-05   8.9821347E-05
   1.5510228E+03   1.1970000E+04   1.1200000E+04   1.6014552E-04   1.6502098E-04
   1.5510303E+03   1.1999000E+04   1.1239000E+04   1.1946377E-04   1.1141658E-04
   1.5510379E+03   1.2160000E+04   1.1421000E+04   1.2316671E-04   1.4696224E-04
   1.5510454E+03   1.2416000E+04   1.1697000E+04   8.4000788E-05   8.6075939E-05
   1.5510529E+03   1.2325000E+04   1.1616000E+04   2.3029898E-04   1.9242572E-04
   1.5510604E+03   1.2229000E+04   1.1472000E+04   2.2620875E-04   2.5108386E-04
   1.5510680E+03   1.2675000E+04   1.1923000E+04   6.4246666E-05   1.1922947E-04
   1.5510755E+03   1.2349000E+04   1.1600000E+04   1.4200872E-04   1.5137235E-04
   1.5510830E+03   1.2345000E+04   1.1604000E+04   8.8046653E-05   1.5116979E-04
   1.5510906E+03   1.2403000E+04   1.1667000E+04   7.3448569E-05   9.5631546E-05
   1.5510981E+03   1.2355000E+04   1.1678000E+04   7.7274348E-05   7.7199630E-05
   1.5511056E+03   1.2579000E+04   1.1893000E+04   7.4307511E-05   8.6371576E-05
   1.5511131E+03   1.2643000E+04   1.1939000E+04   1.2437768E-04   1.2379248E-04
   1.5511207E+03   1.2643000E+04   1.1904000E+04   7.3010571E-05   4.7989974E-05
   1.5511282E+03   1.2732000E+04   1.2041000E+04   7.4809992E-05   1.0952069E-04
   1.5511357E+03   1.2970000E+04   1.2283000E+04   2.5621801E-04   2.6823931E-04
   1.5511433E+03   1.2951000E+04   1.2248000E+04   1.0084722E-04   1.0578450E-04
   1.5511508E+03   1.2992000E+04   1.2254000E+04   2.1626384E-04   2.2930608E-04
   1.5511583E+03   1.2864000E+04   1.2201000E+04   1.5009871E-04   1.1312663E-04
   1.5511658E+03   1.2985000E+04   1.2291000E+04   9.3230856E-05   1.0291870E-04
   1.5511734E+03   1.3071000E+04   1.2346000E+04   1.2243769E-04   1.0136881E-04
   1.5511809E+03   1.2959000E+04   1.2288000E+04   2.0973095E-04   1.4125798E-04
   1.5511884E+03   1.3217000E+04   1.2554000E+04   2.1591890E-04   2.3710696E-04
   1.5511960E+03   1.2995000E+04   1.2321000E+04   2.3122194E-04   2.2339228E-04
   1.5512035E+03   1.3211000E+04   1.2572000E+04   5.5911501E-05   6.3517968E-05
   1.5512110E+03   1.3289000E+04   1.2569000E+04   1.3201135E-04   1.7011627E-04
   1.5512185E+03   1.3318000E+04   1.2584000E+04   1.4893408E-04   1.4561020E-04
   1.5512261E+03   1.3274000E+04   1.2574000E+04   1.7431357E-04   2.0151344E-04
   1.5512336E+03   1.3323000E+04   1.2666000E+04   4.8412776E-05   5.1187359E-05
   1.5512411E+03   1.3589000E+04   1.2898000E+04   2.0421050E-04   2.0295990E-04
   1.5512487E+03   1.3184000E+04   1.2491000E+04   1.0584214E-04   1.1074310E-04
   1.5512562E+03   1.3319000E+04   1.2635000E+04   2.1722334E-04   2.1425751E-04
   1.5512637E+03   1.3497000E+04   1.2783000E+04   1.0083516E-04   9.8127718E-05
   1.5512712E+03   1.3556000E+04   1.2846000E+04   2.7518466E-04   2.2850576E-04
   1.5512788E+03   1.3383000E+04   1.2705000E+04   1.0997479E-04   7.3548150E-05
   1.5512863E+03   1.3410000E+04   1.2693000E+04   1.5388831E-04   1.7212783E-04
   1.5512938E+03   1.3611000E+04   1.2889000E+04   2.8782573E-05   2.4234813E-05
   1.5513014E+03   1.3895000E+04   1.3216000E+04   3.8163156E-05   2.4575447E-05
   1.5513089E+03   1.3863000E+04   1.3137000E+04   7.4214839E-05   4.6158547E-05
   1.5513164E+03   1.3777000E+04   1.3079000E+04   2.1333644E-04   2.0617977E-04
   1.5513239E+03   1.3709000E+04   1.3019000E+04   2.7558845E-04   2.7918035E-04
   1.5513315E+03   1.3771000E+04   1.3069000E+04   6.2767223E-05   8.5674558E-05
   1.5513390E+03   1.4002000E+04   1.3297000E+04   1.8411523E-04   1.9500826E-04
   1.5513465E+03   1.3748000E+04   1.3019000E+04   2.9857337E-04   2.9771794E-04
   1.5513541E+03   1.3911000E+04   1.3168000E+04   2.3819159E-05   4.2844381E-05
   1.5513616E+03   1.3922000E+04   1.3217000E+04   1.1325958E-04   1.4299634E-04
   1.5513691E+03   1.3887000E+04   1.3184000E+04   1.2899768E-04   1.3597372E-04
   1.5513766E+03   1.4054000E+04   1.3280000E+04   1.5940554E-04   1.6506203E-04
   1.5513842E+03   1.3876000E+04   1.3111000E+04   1.2642920E-04   1.1605238E-04
   1.5513917E+03   1.4136000E+04   1.3338000E+04   9.1832361E-05   7.7569511E-05
   1.5513992E+03   1.3932000E+04   1.3220000E+04   2.6168601E-05   2.7748678E-05
   1.5514068E+03   1.3833000E+04   1.3079000E+04   1.9469709E-04   2.0837794E-04
   1.5514143E+03   1.4067000E+04   1.3367000E+04   5.7240731E-05   2.5326169E-05
   1.5514218E+03   1.4085000E+04   1.3316000E+04   5.0951911E-05   5.4413301E-05
   1.5514293E+03   1.4085000E+04   1.3354000E+04   2.5426123E-04   2.3211049E-04
   1.5514369E+03   1.4189000E+04   1.3444000E+04   1.4529604E-04   1.5400617E-04
   1.5514444E+03   1.4342000E+04   1.3566000E+04   1.0090386E-04   1.3831708E-04
   1.5514519E+03   1.4170000E+04   1.3407000E+04   7.3276321E-05   1.0673224E-04
   1.5514595E+03   1.4228000E+04   1.3440000E+04   6.3067769E-05   8.8277755E-05
   1.5514670E+03   1.4168000E+04   1.3350000E+04   1.5068343E-04   1.5988879E-04
   1.5514745E+03   1.4343000E+04   1.3590000E+04   6.0134256E-05   3.2338691E-05
   1.5514820E+03   1.4268000E+04   1.3429000E+04   1.1516072E-04   1.0713473E-04
   1.5514896E+03   1.4555000E+04   1.3787000E+04   8.4366095E-05   8.8671885E-05
   1.5514971E+03   1.4413000E+04   1.3628000E+04   1.1224738E-04   1.2705054E-04
   1.5515046E+03   1.4262000E+04   1.3458000E+04   2.0968455E-04   2.1766681E-04
   1.5515122E+03   1.4380000E+04   1.3556000E+04   1.0801689E-04   1.0018330E-04
   1.5515197E+03   1.4510000E+04   1.3690000E+04   9.4856258E-05   6.3443032E-05
   1.5515272E+03   1.4479000E+04   1.3603000E+04   2.6717938E-04   2.7553853E-04
   1.5515347E+03   1.4246000E+04   1.3431000E+04   1.0805144E-04   1.0168537E-04
   1.5515423E+03   1.4403000E+04   1.3644000E+04   1.0133087E-04   1.0609940E-04
   1.5515498E+03   1.4681000E+04   1.3840000E+04   2.4345162E-05   2.5629290E-05
   1.5515573E+03   1.4471000E+04   1.3611000E+04   9.9522950E-05   8.6189851E-05
   1.5515648E+03   1.4621000E+04   1.3779000E+04   1.9964454E-04   2.1237024E-04
   1.5515724E+03   1.4398000E+04   1.3558000E+04   2.3264727E-04   2.2016964E-04
   1.5515799E+03   1.4472000E+04   1.3617000E+04   7.1163592E-05   8.6500422E-05
   1.5515874E+03   1.4411000E+04   1.3513000E+04   9.4144541E-05   1.1475644E-04
   1.5515950E+03   1.4411000E+04   1.3546000E+04   2.0670067E-04   2.0007178E-04
   1.5516025E+03   1.4503000E+04   1.3628000E+04   9.3208231E-05   1.0060732E-04
   1.5516100E+03   1.4533000E+04   1.3654000E+04   1.8996975E-04   1.8512978E-04
   1.5516175E+03   1.4627000E+04   1.3663000E+04   1.2350887E-04   1.1532230E-04
   1.5516251E+03   1.4636000E+04   1.3695000E+04   1.3946023E-04   1.2267955E-04
   1.5516326E+03   1.4545000E+04   1.3606000E+04   1.5452109E-04   1.7249749E-04
   1.5516401E+03   1.4800000E+04   1.3838000E+04   1.8781558E-04   1.6675057E-04
   1.5516477E+03   1.4608000E+04   1.3657000E+04   2.3114242E-05   2.4736514E-05
   1.5516552E+03   1.4432000E+04   1.3559000E+04   9.9951637E-05   1.1256449E-04
   1.5516627E+03   1.4558000E+04   1.3607000E+04   2.0418986E-04   1.8685831E-04
   1.5516702E+03   1.4408000E+04   1.3483000E+04   1.8033189E-04   1.8804454E-04
   1.5516778E+03   1.4699000E+04   1.3735000E+04   4.9529784E-05   4.7544232E-05
   1.5516853E+03   1.4543000E+04   1.3543000E+04   3.1467519E-04   3.3786638E-04
   1.5516928E+03   1.4491000E+04   1.3491000E+04   3.7274452E-04   3.9993102E-04
   1.5517004E+03   1.4285000E+04   1.3330000E+04   6.4279756E-05   9.5405123E-05
   1.5517079E+03   1.4601000E+04   1.3544000E+04   1.6117551E-04   1.8455648E-04
   1.5517154E+03   1.4545000E+04   1.3512000E+04   1.6049322E-04   1.7791127E-04
   1.5517229E+03   1.4535000E+04   1.3468000E+04   2.5241943E-04   2.3558377E-04
   1.5517305E+03   1.4351000E+04   1.3265000E+04   1.4982652E-04   1.6221066E-04
   1.5517380E+03   1.4509000E+04   1.3430000E+04   4.7285980E-05   4.0578300E-05
   1.5517455E+03   1.4565000E+04   1.3530000E+04   1.7651532E-04   1.7664965E-04
   1.5517531E+03   1.4308000E+04   1.3227000E+04   1.2985668E-04   1.1886434E-04
   1.5517606E+03   1.4305000E+04   1.3181000E+04   7.1726463E-05   9.6627710E-05
   1.5517681E+03   1.4267000E+04   1.3144000E+04   1.2904235E-04   1.0079006E-04
   1.5517756E+03   1.4301000E+04   1.3167000E+04   1.6607809E-04   1.9451848E-04
   1.5517832E+03   1.4477000E+04   1.3340000E+04   3.1475732E-05   3.3180089E-05
   1.5517907E+03   1.4170000E+04   1.3056000E+04   2.9525722E-04   3.2442964E-04
   1.5517982E+03   1.4245000E+04   1.3033000E+04   7.6634471E-05   8.4795034E-05
   1.5518058E+03   1.4120000E+04   1.2950000E+04   3.3753204E-04   3.6398846E-04
   1.5518133E+03   1.4144000E+04   1.2895000E+04   1.4859602E-04   1.7621089E-04
   1.5518208E+03   1.4238000E+04   1.2935000E+04   1.8817117E-04   2.2466318E-04
   1.5518283E+03   1.3942000E+04   1.2699000E+04   1.6901302E-04   1.8057450E-04
   1.5518359E+03   1.3830000E+04   1.2563000E+04   2.6089202E-04   2.0875679E-04
   1.5518434E+03   1.4015000E+04   1.2679000E+04   1.6995964E-04   1.9746347E-04
   1.5518509E+03   1.3814000E+04   1.2521000E+04   2.9497992E-05   7.4199854E-05
   1.5518585E+03   1.3827000E+04   1.2479000E+04   1.2685298E-04   9.4578919E-05
   1.5518660E+03   1.3893000E+04   1.2574000E+04   2.1209541E-04   2.1989764E-04
   1.5518735E+03   1.3587000E+04   1.2210000E+04   1.8736737E-04   2.2197491E-04
   1.5518810E+03   1.3629000E+04   1.2304000E+04   6.2060041E-05   7.9227541E-05
   1.5518886E+03   1.3711000E+04   1.2363000E+04   5.5731374E-05   6.6006898E-05
   1.5518961E+03   1.3505000E+04   1.2110000E+04   1.5929484E-04   1.7834004E-04
   1.5519036E+03   1.3401000E+04   1.1975000E+04   3.3188214E-05   9.9990457E-05
   1.5519112E+03   1.3498000E+04   1.2109000E+04   3.6354677E-04   3.7236199E-04
   1.5519187E+03   1.3373000E+04   1.1917000E+04   1.6736363E-04   1.6231236E-04
   1.5519262E+03   1.3406000E+04   1.1942000E+04   1.5892823E-04   1.7301378E-04
   1.5519337E+03   1.3236000E+04   1.1781000E+04   4.2364347E-04   4.7608824E-04
   1.5519413E+03   1.3112000E+04   1.1612000E+04   8.3890992E-05   9.4715792E-05
   1.5519488E+03   1.3060000E+04   1.1528000E+04   7.3072414E-05   7.4341408E-05
   1.5519563E+03   1.2822000E+04   1.1299000E+04   2.2989940E-04   2.3300341E-04
   1.5519638E+03   1.2630000E+04   1.1124000E+04   2.6182840E-04   2.6250493E-04
   1.5519714E+03   1.2791000E+04   1.1281000E+04   6.2653722E-05   9.0363360E-05
   1.5519789E+03   1.2824000E+04   1.1342000E+04   2.0340633E-04   2.6414046E-04
   1.5519864E+03   1.2654000E+04   1.1145000E+04   1.5374377E-04   1.5240042E-04
   1.5519940E+03   1.2723000E+04   1.1181000E+04   1.5768142E-04   1.7193876E-04
   1.5520015E+03   1.2410000E+04   1.0975000E+04   1.8985686E-04   2.1456105E-04
   1.5520090E+03   1.2394000E+04   1.0927000E+04   2.0774000E-04   2.1755944E-04
   1.5520165E+03   1.2312000E+04   1.0896000E+04   2.7855228E-04   2.7162322E-04
   1.5520241E+03   1.2137000E+04   1.0700000E+04   1.5319460E-04   1.7493488E-04
   1.5520316E+03   1.1935000E+04   1.0530000E+04   2.0999561E-04   2.4096593E-04
   1.5520391E+03   1.1898000E+04   1.0482000E+04   3.3023240E-04   3.2441347E-04
   1.5520467E+03   1.1673000E+04   1.0290000E+04   1.3879793E-04   1.6523592E-04
   1.5520542E+03   1.1691000E+04   1.0337000E+04   3.5553604E-04   3.9584969E-04
   1.5520617E+03   1.1417000E+04   1.0063000E+04   2.0168116E-04   2.4293570E-04
   1.5520692E+03   1.1341000E+04   9.9950000E+03   2.7988167E-04   3.0275639E-04
   1.5520768E+03   1.1395000E+04   9.9730000E+03   1.9771797E-04   2.4135683E-04
   1.5520843E+03   1.1219000E+04   9.9180000E+03   4.8904451E-04   4.3612036E-04
   1.5520918E+03   1.1188000E+04   9.8450000E+03   1.7614883E-04   1.5241696E-04
   1.5520994E+03   1.1036000E+04   9.7040000E+03   1.4611318E-04   1.8703253E-04
   1.5521069E+03   1.0942000E+04   9.6310000E+03   1.4888957E-04   1.7688025E-04
   1.5521144E+03   1.0828000E+04   9.5630000E+03   1.0284372E-04   1.2910830E-04
   1.5521219E+03   1.0728000E+04   9.4650000E+03   1.9156272E-04   2.6639008E-04
   1.5521295E+03   1.0575000E+04   9.2880000E+03   2.6334183E-04   2.9462098E-04
   1.5521370E+03   1.0405000E+04   9.0960000E+03   1.1771758E-04   1.4181081E-04
   1.5521445E+03   1.0109000E+04   8.8790000E+03   1.3416086E-04   1.5419788E-04
   1.5521521E+03   1.0036000E+04   8.8650000E+03   7.4205750E-05   7.8054720E-05
   1.5521596E+03   1.0270000E+04   9.0780000E+03   1.8684486E-04   1.9548329E-04
   1.5521671E+03   1.0288000E+04   9.0810000E+03   1.3535035E-04   1.1988182E-04
   1.5521746E+03   1.0079000E+04   8.8990000E+03   2.3484332E-04   2.3574798E-04
   1.5521822E+03   9.7760000E+03   8.6540000E+03   1.8770498E-04   2.3624642E-04
   1.5521897E+03   9.7610000E+03   8.6520000E+03   3.0932274E-04   3.0670071E-04
   1.5521972E+03   9.6270000E+03   8.5450000E+03   2.7514434E-04   2.4878267E-04
   1.5522048E+03   9.5950000E+03   8.4480000E+03   1.1821044E-04   1.1622343E-04
   1.5522123E+03   9.4680000E+03   8.3360000E+03   4.5323255E-04   4.5090995E-04
   1.5522198E+03   9.5120000E+03   8.4010000E+03   3.4065656E-04   3.6823628E-04
   1.5522273E+03   9.2610000E+03   8.2330000E+03   1.1128546E-04   8.4121714E-05
   1.5522349E+03   9.1270000E+03   8.0530000E+03   3.4951396E-04   4.4946641E-04
   1.5522424E+03   9.2020000E+03   8.1280000E+03   1.7726613E-04   1.9958492E-04
   1.5522499E+03   8.9840000E+03   7.9200000E+03   2.8570756E-04   3.2916484E-04
   1.5522575E+03   9.0770000E+03   8.0440000E+03   3.0674078E-04   3.2174504E-04
   1.5522650E+03   8.7220000E+03   7.7110000E+03   1.2170270E-04   8.5797697E-05
   1.5522725E+03   8.7970000E+03   7.8210000E+03   1.4751669E-04   1.2388518E-04
   1.5522800E+03   8.8790000E+03   7.8660000E+03   1.6068193E-04   1.3177723E-04
   1.5522876E+03   8.7770000E+03   7.7780000E+03   1.7316696E-04   1.8999793E-04
   1.5522951E+03   8.5710000E+03   7.6040000E+03   2.6197818E-04   2.6150693E-04
   1.5523026E+03   8.4060000E+03   7.3860000E+03   1.1632971E-04   9.3822970E-05
   1.5523102E+03   8.6370000E+03   7.6920000E+03   2.2975002E-04   2.6281931E-04
   1.5523177E+03   8.3960000E+03   7.4640000E+03   3.5722043E-04   3.9214292E-04
   1.5523252E+03   8.2400000E+03   7.2850000E+03   3.5883800E-04   3.8030834E-04
   1.5523327E+03   8.2680000E+03   7.3370000E+03   2.1132131E-04   1.9222729E-04
   1.5523403E+03   8.1850000E+03   7.2080000E+03   7.0334977E-04   6.6496315E-04
   1.5523478E+03   8.1460000E+03   7.1830000E+03   3.6574077E-04   4.1466451E-04
   1.5523553E+03   8.0540000E+03   7.1710000E+03   2.3292346E-04   2.5906414E-04
   1.5523629E+03   7.8790000E+03   6.9640000E+03   1.0482329E-04   1.2253167E-04
   1.5523704E+03   8.0260000E+03   7.0760000E+03   3.7816552E-04   3.6964035E-04
   1.5523779E+03   7.7040000E+03   6.7960000E+03   6.2907394E-04   6.7426908E-04
   1.5523854E+03   7.8000000E+03   6.9380000E+03   1.6378938E-04   9.9504793E-05
   1.5523930E+03   7.6170000E+03   6.7390000E+03   6.1362726E-05   1.0249176E-04
   1.5524005E+03   7.6150000E+03   6.7370000E+03   8.5490600E-05   5.0779783E-05
   1.5524080E+03   7.5370000E+03   6.6630000E+03   3.5357583E-04   3.5728475E-04
   1.5524155E+03   7.1400000E+03   6.3060000E+03   3.2650133E-04   3.7446622E-04
   1.5524231E+03   7.2750000E+03   6.4810000E+03   1.4048032E-04   9.4767017E-05
   1.5524306E+03   7.2220000E+03   6.3940000E+03   4.1853672E-04   5.2872341E-04
   1.5524381E+03   7.2270000E+03   6.3860000E+03   4.3419780E-04   5.1676546E-04
   1.5524457E+03   7.1650000E+03   6.3780000E+03   2.5621321E-04   2.5700110E-04
   1.5524532E+03   6.9910000E+03   6.1990000E+03   6.5513785E-04   6.3894523E-04
   1.5524607E+03   7.0480000E+03   6.2190000E+03   1.8852487E-04   2.1052313E-04
   1.5524682E+03   7.1440000E+03   6.3560000E+03   3.6063293E-04   4.7082822E-04
   1.5524758E+03   6.8740000E+03   6.0840000E+03   3.5593842E-04   3.4834543E-04
   1.5524833E+03   6.7410000E+03   5.9670000E+03   7.3455069E-05   1.5768501E-04
   1.5524908E+03   6.7580000E+03   5.9750000E+03   2.1707078E-04   3.7160361E-04
   1.5524984E+03   6.7300000E+03   5.9380000E+03   3.3698525E-05   1.3664209E-05
   1.5525059E+03   6.7240000E+03   5.8570000E+03   1.3174294E-04   2.3188264E-04
   1.5525134E+03   6.5900000E+03   5.8290000E+03   1.3548101E-04   2.0644561E-04
   1.5525209E+03   6.4370000E+03   5.6760000E+03   5.8474701E-04   6.3088387E-04
   1.5525285E+03   6.4750000E+03   5.6900000E+03   7.5849623E-04   7.9243916E-04
   1.5525360E+03   6.2220000E+03   5.4850000E+03   4.5114235E-04   6.0064434E-04
   1.5525435E+03   6.2480000E+03   5.5380000E+03   4.5236017E-04   5.2431588E-04
   1.5525511E+03   6.1690000E+03   5.4500000E+03   3.1390804E-04   2.1432928E-04
   1.5525586E+03   6.2020000E+03   5.4750000E+03   4.6343743E-04   4.8381588E-04
   1.5525661E+03   6.2020000E+03   5.4480000E+03   4.6624865E-04   5.6789774E-04
   1.5525736E+03   6.1140000E+03   5.3700000E+03   3.3409000E-04   4.3253830E-04
   1.5525812E+03   6.0300000E+03   5.2680000E+03   4.9322349E-04   4.7570483E-04
   1.5525887E+03   6.0380000E+03   5.3030000E+03   1.7298691E-04   2.8781622E-04
   1.5525962E+03   5.8410000E+03   5.1400000E+03   4.6764591E-04   4.8440146E-04
   1.5526038E+03   5.8570000E+03   5.1560000E+03   6.4868914E-04   7.1599858E-04
   1.5526113E+03   5.7950000E+03   5.0870000E+03   5.2184155E-04   5.7428284E-04
   1.5526188E+03   5.7390000E+03   5.0470000E+03   3.8353910E-04   4.7109019E-04
   1.5526263E+03   5.5660000E+03   4.9010000E+03   1.2167362E-04   1.4266450E-04
   1.5526339E+03   5.4780000E+03   4.8030000E+03   7.2273029E-04   8.3453028E-04
   1.5526414E+03   5.4950000E+03   4.8220000E+03   6.8458790E-05   7.8120486E-05
   1.5526489E+03   5.4290000E+03   4.8160000E+03   1.4758677E-04   2.1975565E-04
   1.5526565E+03   5.5990000E+03   4.9120000E+03   1.8813834E-04   2.1447328E-04
   1.5526640E+03   5.3930000E+03   4.6890000E+03   1.7557221E-04   1.8029890E-04
   1.5526715E+03   5.2840000E+03   4.6250000E+03   1.7223180E-04   6.7844923E-05
   1.5526790E+03   5.3750000E+03   4.7400000E+03   2.4187551E-04   2.4708127E-04
   1.5526866E+03   5.3530000E+03   4.6620000E+03   2.3371104E-04   3.4473199E-04
   1.5526941E+03   5.1980000E+03   4.6060000E+03   9.0458986E-04   9.7692476E-04
   1.5527016E+03   5.1990000E+03   4.5710000E+03   2.7048671E-04   2.5018770E-04
   1.5527092E+03   5.0020000E+03   4.4350000E+03   4.1969078E-04   4.6153640E-04
   1.5527167E+03   5.0710000E+03   4.4850000E+03   1.5502100E-04   2.5349650E-04
   1.5527242E+03   5.0680000E+03   4.4340000E+03   9.3527418E-05   1.7008972E-04
   1.5527317E+03   5.0870000E+03   4.5180000E+03   1.3026222E-04   3.1757210E-05
   1.5527393E+03   5.0810000E+03   4.5220000E+03   2.5475388E-04   2.8629884E-04
   1.5527468E+03   4.9670000E+03   4.4130000E+03   2.4450282E-04   1.9423124E-04
   1.5527543E+03   4.8360000E+03   4.2620000E+03   2.1526898E-04   1.6579771E-04
   1.5527619E+03   4.8860000E+03   4.3190000E+03   4.6443844E-04   3.3263232E-04
   1.5527694E+03   4.8480000E+03   4.3200000E+03   1.6519149E-04   1.8840025E-04
   1.5527769E+03   4.7420000E+03   4.2030000E+03   3.8390707E-04   3.6366778E-04
   1.5527844E+03   4.6880000E+03   4.1750000E+03   1.9434693E-04   1.8451658E-04
   1.5527920E+03   4.7620000E+03   4.2170000E+03   5.9581493E-04   6.6479227E-04
   1.5527995E+03   4.7360000E+03   4.2370000E+03   4.8761018E-04   4.4837146E-04
   1.5528070E+03   4.6220000E+03   4.1240000E+03   2.9592670E-04   3.3166839E-04
   1.5528146E+03   4.6420000E+03   4.1360000E+03   5.0964393E-04   6.5098903E-04
   1.5528221E+03   4.6510000E+03   4.1930000E+03   3.4210919E-04   1.5831242E-04
   1.5528296E+03   4.6950000E+03   4.2170000E+03   4.8413860E-05   1.1526491E-04
   1.5528371E+03   4.7740000E+03   4.2760000E+03   3.9248522E-04   4.3822199E-04
   1.5528447E+03   4.7440000E+03   4.2800000E+03   8.0307877E-04   8.8427666E-04
   1.5528522E+03   4.6040000E+03   4.1320000E+03   3.8995252E-04   4.5181059E-04
   1.5528597E+03   4.7170000E+03   4.2630000E+03   1.3718996E-04   9.5151344E-05
   1.5528673E+03   4.6360000E+03   4.1810000E+03   3.7730844E-04   4.1657554E-04
   1.5528748E+03   4.6160000E+03   4.1290000E+03   6.2074370E-04   4.6856681E-04
   1.5528823E+03   4.5800000E+03   4.1360000E+03   4.7670016E-04   5.2309071E-04
   1.5528898E+03   4.5040000E+03   4.0710000E+03   5.0487324E-04   5.5859144E-04
   1.5528974E+03   4.4780000E+03   4.0390000E+03   1.5667222E-04   1.2249445E-04
   1.5529049E+03   4.5530000E+03   4.0950000E+03   3.3171082E-04   3.9006155E-04
   1.5529124E+03   4.4130000E+03   3.9830000E+03   3.4108925E-04   3.7791263E-04
   1.5529199E+03   4.6000000E+03   4.1730000E+03   2.9223619E-04   2.4925950E-04
   1.5529275E+03   4.5610000E+03   4.1400000E+03   1.0038076E-03   9.1507258E-04
   1.5529350E+03   4.4870000E+03   4.0380000E+03   5.1798616E-04   4.2149857E-04
   1.5529425E+03   4.4280000E+03   3.9810000E+03   5.3312864E-04   5.7914609E-04
   1.5529501E+03   4.4630000E+03   4.0110000E+03   4.2899357E-04   3.5082871E-04
   1.5529576E+03   4.5570000E+03   4.1400000E+03   5.4521244E-05   6.9121102E-05
   1.5529651E+03   4.4800000E+03   4.0210000E+03   2.8954080E-05   3.2256614E-05
   1.5529726E+03   4.5250000E+03   4.0820000E+03   1.1877860E-04   1.3351532E-04
   1.5529802E+03   4.3490000E+03   3.9280000E+03   9.3763965E-04   1.0383294E-03
   1.5529877E+03   4.3940000E+03   3.9300000E+03   2.7014005E-04   3.3864476E-04
   1.5529952E+03   4.3820000E+03   3.9570000E+03   1.5428662E-04   1.6058589E-04
   1.5530028E+03   4.5110000E+03   4.0330000E+03   4.7084867E-04   3.6688507E-04
   1.5530103E+03   4.4760000E+03   4.0470000E+03   1.1583065E-04   1.6183437E-04
   1.5530178E+03   4.3680000E+03   3.9500000E+03   7.7792189E-04   8.7196452E-04
   1.5530253E+03   4.5170000E+03   4.0600000E+03   8.3508218E-04   8.4261634E-04
   1.5530329E+03   4.4280000E+03   4.0020000E+03   8.5145601E-05   7.6719186E-05
   1.5530404E+03   4.3890000E+03   3.9640000E+03   3.0228526E-04   3.7003067E-04
   1.5530479E+03   4.4090000E+03   4.0080000E+03   3.4755276E-04   4.3455437E-04
   1.5530555E+03   4.5150000E+03   4.0750000E+03   3.4786853E-04   3.8542979E-04
   1.5530630E+03   4.3390000E+03   3.9080000E+03   2.9120344E-04   1.8404054E-04
   1.5530705E+03   4.4780000E+03   4.0180000E+03   3.9991360E-04   5.0872453E-04
   1.5530780E+03   4.3290000E+03   3.9460000E+03   4.3854120E-04   5.7472640E-04
   1.5530856E+03   4.3140000E+03   3.8300000E+03   2.5793334E-04   3.4189743E-04
   1.5530931E+03   4.3200000E+03   3.9430000E+03   3.2295321E-04   2.7142399E-04
   1.5531006E+03   4.4200000E+03   3.9960000E+03   5.7165234E-04   6.1058964E-04
   1.5531082E+03   4.4210000E+03   3.9950000E+03   3.6622785E-04   2.6861094E-04
   1.5531157E+03   4.3670000E+03   3.9220000E+03   3.0694512E-04   3.4177188E-04
   1.5531232E+03   4.4030000E+03   3.9550000E+03   1.5841754E-04   1.7636218E-04
   1.5531307E+03   4.3160000E+03   3.8680000E+03   2.8651688E-04   3.5654037E-04
   1.5531383E+03   4.4210000E+03   3.9700000E+03   1.4999227E-04   1.7980299E-04
   1.5531458E+03   4.3120000E+03   3.9110000E+03   1.9568941E-04   2.1575346E-04
   1.5531533E+03   4.1750000E+03   3.7790000E+03   1.8044845E-04   2.6906254E-04
   1.5531609E+03   4.4120000E+03   3.9850000E+03   1.1748405E-04   9.9788682E-05
   1.5531684E+03   4.3720000E+03   3.9210000E+03   4.3192729E-04   4.6294504E-04
   1.5531759E+03   4.3560000E+03   3.9400000E+03   3.2606601E-05   4.6526567E-05
   1.5531834E+03   4.4110000E+03   4.0010000E+03   3.8670247E-04   4.0760369E-04
   1.5531910E+03   4.4090000E+03   4.0380000E+03   3.3141471E-04   3.6186415E-04
   1.5531985E+03   4.3630000E+03   3.9530000E+03   1.6753465E-04   1.8491113E-04
   1.5532060E+03   4.2060000E+03   3.8070000E+03   2.4014389E-04   3.1916663E-04
   1.5532136E+03   4.3150000E+03   3.8960000E+03   4.1219359E-04   4.5652345E-04
   1.5532211E+03   4.2570000E+03   3.8420000E+03   2.0991547E-04   2.7234172E-04
   1.5532286E+03   4.2900000E+03   3.8620000E+03   6.7543671E-04   7.5029091E-04
   1.5532361E+03   4.2270000E+03   3.8480000E+03   3.0882578E-04   3.3924287E-04
   1.5532437E+03   4.3660000E+03   3.9410000E+03   1.1558571E-04   1.2805055E-04
   1.5532512E+03   4.2890000E+03   3.8740000E+03   1.3952091E-04   2.6696768E-04
   1.5532587E+03   4.4090000E+03   3.9620000E+03   5.9568735E-05   1.3060228E-04
   1.5532663E+03   4.1440000E+03   3.7450000E+03   3.2685625E-04   3.6168415E-04
   1.5532738E+03   4.3460000E+03   3.9460000E+03   1.3192108E-04   1.5262587E-04
   1.5532813E+03   4.2050000E+03   3.8160000E+03   4.7762713E-04   5.2631606E-04
   1.5532888E+03   4.1440000E+03   3.7600000E+03   1.8550934E-04   2.2584164E-04
   1.5532964E+03   4.2050000E+03   3.7840000E+03   5.8381751E-04   5.9011770E-04
   1.5533039E+03   4.3030000E+03   3.8970000E+03   5.4713024E-04   6.1176323E-04
   1.5533114E+03   4.2100000E+03   3.7930000E+03   9.1320885E-04   1.0136064E-03
   1.5533189E+03   4.1650000E+03   3.7530000E+03   1.7319398E-04   1.9221765E-04
   1.5533265E+03   4.2340000E+03   3.8360000E+03   5.5530979E-04   6.1293179E-04
   1.5533340E+03   4.2330000E+03   3.8140000E+03   1.1161488E-04   1.3984905E-04
   1.5533415E+03   4.1690000E+03   3.7690000E+03   1.1368181E-04   1.2574674E-04
   1.5533491E+03   4.1650000E+03   3.7880000E+03   4.2027541E-04   4.4643242E-04
   1.5533566E+03   4.0960000E+03   3.7220000E+03   2.3311667E-04   2.5654107E-04
   1.5533641E+03   4.1820000E+03   3.7550000E+03   2.5425510E-04   2.8316773E-04
   1.5533716E+03   4.1340000E+03   3.7520000E+03   3.3086118E-04   3.7965191E-04
   1.5533792E+03   4.1150000E+03   3.7360000E+03   3.4925485E-04   3.8468516E-04
   1.5533867E+03   4.2560000E+03   3.8180000E+03   4.5024158E-04   4.9472606E-04
   1.5533942E+03   4.1870000E+03   3.7890000E+03   3.2913615E-04   3.6370927E-04
   1.5534018E+03   4.2230000E+03   3.8330000E+03   5.2081861E-04   5.5026447E-04
   1.5534093E+03   4.0260000E+03   3.6570000E+03   3.1482950E-04   4.3211651E-04
   1.5534168E+03   4.1910000E+03   3.8120000E+03   3.5874766E-04   4.1974461E-04
   1.5534243E+03   4.1020000E+03   3.7060000E+03   3.7049774E-04   4.1008682E-04
   1.5534319E+03   4.2250000E+03   3.7640000E+03   4.1158939E-04   4.7484366E-04
   1.5534394E+03   4.0680000E+03   3.6520000E+03   2.3862685E-04   2.5417897E-04
   1.5534469E+03   4.0980000E+03   3.7020000E+03   5.3662076E-04   4.5959260E-04
   1.5534545E+03   4.1420000E+03   3.7460000E+03   1.6204154E-04   1.3322901E-04
   1.5534620E+03   4.0400000E+03   3.6480000E+03   2.4324940E-04   2.0570826E-04
   1.5534695E+03   4.0730000E+03   3.6790000E+03   3.8056587E-04   4.1549738E-04
   1.5534770E+03   4.0420000E+03   3.6410000E+03   3.8402909E-04   4.2632397E-04
   1.5534846E+03   4.0530000E+03   3.6550000E+03   4.9831158E-04   5.5257369E-04
   1.5534921E+03   3.9650000E+03   3.5710000E+03   1.8318773E-04   2.0339943E-04
   1.5534996E+03   4.0940000E+03   3.6810000E+03   2.7222516E-04   3.0276821E-04
   1.5535072E+03   3.9340000E+03   3.5290000E+03   6.7397454E-04   6.3173538E-04
   1.5535147E+03   4.1200000E+03   3.7370000E+03   1.4367657E-04   1.1736308E-04
   1.5535222E+03   4.0200000E+03   3.6130000E+03   2.6637580E-04   2.9638271E-04
   1.5535297E+03   4.0570000E+03   3.6440000E+03   6.2968444E-04   7.0105098E-04
   1.5535373E+03   4.0790000E+03   3.6970000E+03   1.2557163E-04   1.4378085E-04
   1.5535448E+03   4.1050000E+03   3.6830000E+03   6.4652168E-05   1.4475299E-04
   1.5535523E+03   4.0920000E+03   3.6920000E+03   3.0937799E-04   3.3224607E-04
   1.5535599E+03   3.9460000E+03   3.5540000E+03   1.3552841E-04   1.5047696E-04
   1.5535674E+03   3.9580000E+03   3.5710000E+03   2.1200671E-04   2.3498251E-04
   1.5535749E+03   3.9050000E+03   3.5440000E+03   4.0383672E-04   4.4497245E-04
   1.5535824E+03   4.1050000E+03   3.7070000E+03   3.1629901E-04   3.5025827E-04
   1.5535900E+03   4.0450000E+03   3.6530000E+03   2.6769101E-04   2.9641770E-04
   1.5535975E+03   4.0880000E+03   3.7160000E+03   1.1242469E-04   1.2367923E-04
   1.5536050E+03   4.0660000E+03   3.6890000E+03   5.2559791E-05   1.4202284E-04
   1.5536126E+03   3.9680000E+03   3.5650000E+03   1.2554613E-04   1.3973830E-04
   1.5536201E+03   3.9800000E+03   3.5600000E+03   2.7670089E-04   2.0566955E-04
   1.5536276E+03   3.9660000E+03   3.5730000E+03   1.8472896E-04   1.9425354E-04
   1.5536351E+03   3.9460000E+03   3.5690000E+03   1.4982739E-04   3.8090508E-04
   1.5536427E+03   4.0140000E+03   3.5950000E+03   2.0622873E-04   2.3542527E-04
   1.5536502E+03   3.9760000E+03   3.5810000E+03   3.7965550E-04   2.0794416E-04
   1.5536577E+03   3.9990000E+03   3.6330000E+03   2.4682224E-04   2.0525971E-04
   1.5536653E+03   3.9880000E+03   3.5710000E+03   1.0008696E-04   1.1177451E-04
   1.5536728E+03   3.8820000E+03   3.4960000E+03   1.0882989E-04   1.3536316E-04
   1.5536803E+03   3.9430000E+03   3.5690000E+03   2.9123293E-04   2.0032366E-04
   1.5536878E+03   3.9460000E+03   3.5490000E+03   1.1028673E-04   1.6664729E-04
   1.5536954E+03   3.9460000E+03   3.5450000E+03   2.7090756E-04   3.0155183E-04
   1.5537029E+03   3.9100000E+03   3.5180000E+03   1.1493018E-04   1.2773650E-04
   1.5537104E+03   3.7850000E+03   3.3740000E+03   1.5165036E-04   1.5643082E-04
   1.5537180E+03   3.8340000E+03   3.4640000E+03   3.9623991E-04   4.3856346E-04
   1.5537255E+03   3.8490000E+03   3.4860000E+03   4.5740511E-04   5.0503508E-04
   1.5537330E+03   3.8750000E+03   3.5180000E+03   2.0784246E-04   2.2893392E-04
   1.5537405E+03   3.8800000E+03   3.5110000E+03   9.1708894E-05   1.0302432E-04
   1.5537481E+03   3.8000000E+03   3.4380000E+03   4.0940352E-04   4.3223994E-04
   1.5537556E+03   3.8330000E+03   3.4280000E+03   9.7861810E-05   1.0942366E-04
   1.5537631E+03   3.8350000E+03   3.4460000E+03   3.9282922E-04   4.3717355E-04
   1.5537706E+03   3.7790000E+03   3.4010000E+03   3.1095721E-04   3.4551818E-04
   1.5537782E+03   3.8420000E+03   3.4860000E+03   3.2273044E-04   3.3051485E-04
   1.5537857E+03   3.8940000E+03   3.4950000E+03   5.4935307E-05   6.1206891E-05
   1.5537932E+03   3.7620000E+03   3.4110000E+03   1.7462883E-04   1.9259855E-04
   1.5538008E+03   3.8480000E+03   3.4960000E+03   1.3550608E-05   1.4914972E-05
   1.5538083E+03   3.7910000E+03   3.4460000E+03   4.9545101E-04   5.4505363E-04
   1.5538158E+03   3.7840000E+03   3.3830000E+03   2.5517861E-04   2.8542591E-04
   1.5538233E+03   3.7980000E+03   3.4320000E+03   2.5404335E-04   2.8288494E-04
   1.5538309E+03   3.8510000E+03   3.4800000E+03   2.6215491E-04   2.9010303E-04
   1.5538384E+03   3.6600000E+03   3.2790000E+03   2.3380408E-04   3.1430357E-04
   1.5538459E+03   3.8360000E+03   3.4920000E+03   2.3114549E-04   2.5391583E-04
   1.5538535E+03   3.7290000E+03   3.3760000E+03   1.8217007E-04   1.7962898E-04
   1.5538610E+03   3.6530000E+03   3.2800000E+03   1.1900962E-04   1.3254333E-04
   1.5538685E+03   3.8140000E+03   3.4330000E+03   3.3052891E-04   3.6721155E-04
   1.5538760E+03   3.7190000E+03   3.3280000E+03   9.6240812E-05   1.0754795E-04
   1.5538836E+03   3.8190000E+03   3.4580000E+03   4.0030081E-04   4.4209045E-04
   1.5538911E+03   3.8510000E+03   3.4550000E+03   2.5313423E-04   2.8214759E-04
   1.5538986E+03   3.7220000E+03   3.3630000E+03   2.0136697E-04   2.2286288E-04
   1.5539062E+03   3.7740000E+03   3.4280000E+03   1.8285041E-04   2.0130614E-04
   1.5539137E+03   3.6620000E+03   3.2980000E+03   2.5161934E-04   2.7939055E-04
   1.5539212E+03   3.7730000E+03   3.3780000E+03   3.9255622E-04   4.3845903E-04
   1.5539287E+03   3.8750000E+03   3.4890000E+03   4.2574903E-04   4.7285110E-04
   1.5539363E+03   3.6610000E+03   3.3290000E+03   3.3789837E-04   3.0672170E-04
   1.5539438E+03   3.8600000E+03   3.4650000E+03   1.5557245E-04   1.7330726E-04
   1.5539513E+03   3.6450000E+03   3.2680000E+03   2.7531902E-04   2.0459557E-04
   1.5539589E+03   3.6650000E+03   3.2840000E+03   4.1572151E-04   4.6395230E-04
   1.5539664E+03   3.7460000E+03   3.3700000E+03   2.2094083E-04   1.1113698E-04
   1.5539739E+03   3.6350000E+03   3.2610000E+03   1.8477727E-04   2.0596914E-04
   1.5539814E+03   3.5940000E+03   3.2590000E+03   1.9865872E-04   2.1907930E-04
   1.5539890E+03   3.6980000E+03   3.3530000E+03   2.2183595E-04   2.6061482E-04
   1.5539965E+03   3.6640000E+03   3.3430000E+03   1.2636476E-04   1.3849850E-04
   1.5540040E+03   3.6950000E+03   3.3430000E+03   1.0464280E-04   1.5191696E-04
   1.5540116E+03   3.5640000E+03   3.2230000E+03   3.4870715E-04   3.8560108E-04
   1.5540191E+03   3.6750000E+03   3.3350000E+03   4.1504359E-04   4.5735688E-04
   1.5540266E+03   3.6990000E+03   3.3370000E+03   4.4025585E-05   4.8801510E-05
   1.5540341E+03   3.6470000E+03   3.3010000E+03   4.6874828E-04   5.1187029E-04
   1.5540417E+03   3.6060000E+03   3.2480000E+03   3.9042186E-04   4.3918217E-04
   1.5540492E+03   3.5860000E+03   3.2670000E+03   1.4456627E-04   1.5868217E-04
   1.5540567E+03   3.6430000E+03   3.2940000E+03   4.4300618E-04   4.2991947E-04
   1.5540643E+03   3.6230000E+03   3.2390000E+03   1.4054430E-04   1.5720655E-04
   1.5540718E+03   3.6370000E+03   3.2890000E+03   2.4179523E-04   3.4110958E-04
   1.5540793E+03   3.5710000E+03   3.2230000E+03   1.9721115E-04   2.1850482E-04
   1.5540868E+03   3.6530000E+03   3.2970000E+03   4.3559096E-04   4.8262474E-04
   1.5540944E+03   3.6580000E+03   3.3190000E+03   2.8700547E-04   3.1631998E-04
   1.5541019E+03   3.5370000E+03   3.2080000E+03   2.4364817E-04   2.6863578E-04
   1.5541094E+03   3.6300000E+03   3.2790000E+03   2.3450194E-04   2.5960416E-04
   1.5541170E+03   3.6310000E+03   3.2960000E+03   1.5808435E-04   1.7415178E-04
   1.5541245E+03   3.5890000E+03   3.2430000E+03   1.6560222E-04   1.8327054E-04
   1.5541320E+03   3.5610000E+03   3.2350000E+03   1.6498524E-04   1.6380027E-04
   1.5541395E+03   3.6040000E+03   3.2540000E+03   9.5277168E-05   1.7962510E-04
   1.5541471E+03   3.3910000E+03   3.0740000E+03   1.4817757E-04   1.6345808E-04
   1.5541546E+03   3.5050000E+03   3.1370000E+03   6.1472376E-05   1.8500015E-04
   1.5541621E+03   3.5380000E+03   3.2100000E+03   4.1395997E-04   4.5625868E-04
   1.5541697E+03   3.5680000E+03   3.2120000E+03   3.9305953E-04   4.4226520E-04
   1.5541772E+03   3.6610000E+03   3.3120000E+03   2.8555639E-04   3.0883078E-04
   1.5541847E+03   3.5150000E+03   3.1710000E+03   3.2567012E-04   3.6099983E-04
   1.5541922E+03   3.5170000E+03   3.1760000E+03   8.4415924E-05   9.3479472E-05
   1.5541998E+03   3.4720000E+03   3.1230000E+03   2.5044943E-04   2.7843754E-04
   1.5542073E+03   3.6010000E+03   3.2390000E+03   5.8451783E-04   6.4984523E-04
   1.5542148E+03   3.5300000E+03   3.1640000E+03   7.0265171E-05   7.8393191E-05
   1.5542224E+03   3.5390000E+03   3.2010000E+03   4.5693006E-05   5.0517821E-05
   1.5542299E+03   3.4520000E+03   3.1180000E+03   2.1568430E-04   2.3878839E-04
   1.5542374E+03   3.4660000E+03   3.1540000E+03   5.1493757E-04   5.4171048E-04
   1.5542449E+03   3.5150000E+03   3.1630000E+03   3.0003319E-04   2.5582081E-04
   1.5542525E+03   3.3530000E+03   3.0230000E+03   3.6553571E-04   4.0543871E-04
   1.5542600E+03   3.5730000E+03   3.2130000E+03   3.0571735E-04   3.2083953E-04
   1.5542675E+03   3.4450000E+03   3.1250000E+03   1.2416116E-04   1.3687527E-04
   1.5542750E+03   3.4940000E+03   3.1640000E+03   2.7295232E-04   3.0142079E-04
   1.5542826E+03   3.4040000E+03   3.0780000E+03   6.7291315E-05   7.4305418E-05
   1.5542901E+03   3.3410000E+03   3.0270000E+03   8.8198467E-05   9.7347565E-05
   1.5542976E+03   3.3540000E+03   3.0260000E+03   2.5129978E-04   2.7853914E-04
   1.5543052E+03   3.4550000E+03   3.1240000E+03   2.7352418E-04   1.1657967E-04
   1.5543127E+03   3.4320000E+03   3.0990000E+03   2.2447019E-04   2.4859041E-04
   1.5543202E+03   3.3430000E+03   3.0110000E+03   1.8482834E-04   2.0520795E-04
   1.5543277E+03   3.3980000E+03   3.0520000E+03   2.2695956E-05   2.5268957E-05
   1.5543353E+03   3.5270000E+03   3.1770000E+03   3.1575090E-04   2.0046735E-04
   1.5543428E+03   3.3040000E+03   3.0040000E+03   2.6605415E-04   2.9262413E-04
   1.5543503E+03   3.3110000E+03   3.0050000E+03   2.6979467E-04   2.9726793E-04
   1.5543579E+03   3.3340000E+03   2.9950000E+03   2.8881715E-04   3.2764577E-04
   1.5543654E+03   3.4230000E+03   3.1080000E+03   1.9394648E-04   2.1360321E-04
   1.5543729E+03   3.3520000E+03   3.0160000E+03   4.7807751E-04   4.0959995E-04
   1.5543804E+03   3.3350000E+03   3.0290000E+03   1.1907556E-04   1.3110499E-04
   1.5543880E+03   3.1850000E+03   2.9020000E+03   5.5331828E-04   6.0727729E-04
   1.5543955E+03   3.3910000E+03   3.0740000E+03   4.9752394E-05   5.4883009E-05
   1.5544030E+03   3.3020000E+03   2.9920000E+03   2.9991621E-04   3.3099042E-04
   1.5544106E+03   3.2530000E+03   2.9190000E+03   2.8775126E-04   3.2067655E-04
   1.5544181E+03   3.3240000E+03   3.0040000E+03   0.0000000E+00   0.0000000E+00
   1.5544256E+03   3.3600000E+03   3.0170000E+03   2.5033602E-06   1.0876931E-05
   1.5544331E+03   3.3040000E+03   2.9670000E+03   1.6261820E-04   1.8108882E-04
   1.5544407E+03   3.4270000E+03   3.0960000E+03   1.9118147E-04   5.0409652E-05
   1.5544482E+03   3.4270000E+03   3.1080000E+03   2.4931374E-04   2.7490290E-04
   1.5544557E+03   3.3200000E+03   3.0190000E+03   2.3002639E-04   2.5296046E-04
   1.5544633E+03   3.2660000E+03   2.9730000E+03   2.0686682E-04   2.2725430E-04
   1.5544708E+03   3.3500000E+03   3.0300000E+03   1.5972551E-04   1.7659421E-04
   1.5544783E+03   3.3510000E+03   3.0500000E+03   2.2348632E-05   2.4554185E-05
   1.5544858E+03   3.2390000E+03   2.9260000E+03   2.2871461E-04   2.5318067E-04
   1.5544934E+03   3.2330000E+03   2.9210000E+03   2.2312450E-04   4.1988040E-04
   1.5545009E+03   3.2300000E+03   2.9220000E+03   5.2952086E-04   5.8533620E-04
   1.5545084E+03   3.2910000E+03   2.9480000E+03   2.7073423E-04   3.0223418E-04
   1.5545160E+03   3.2830000E+03   2.9530000E+03   7.6229269E-05   1.0388026E-04
   1.5545235E+03   3.2040000E+03   2.8890000E+03   0.0000000E+00   0.0000000E+00
   1.5545310E+03   3.2150000E+03   2.8940000E+03   1.9219532E-04   2.1351346E-04
   1.5545385E+03   3.2070000E+03   2.8810000E+03   1.8753418E-04   2.1238161E-04
   1.5545461E+03   3.2900000E+03   2.9460000E+03   5.9252834E-05   6.6171699E-05
   1.5545536E+03   3.3390000E+03   3.0150000E+03   7.9422381E-05   1.2530197E-04
   1.5545611E+03   3.1990000E+03   2.8810000E+03   1.7420755E-04   1.8429527E-04
   1.5545687E+03   3.3620000E+03   3.0180000E+03   7.5646158E-04   5.7951271E-04
   1.5545762E+03   3.2590000E+03   2.9560000E+03   3.4474920E-04   3.8008716E-04
   1.5545837E+03   3.1230000E+03   2.8230000E+03   1.8990577E-04   2.1008705E-04
   1.5545912E+03   3.2520000E+03   2.9220000E+03   1.9403133E-04   2.1594452E-04
   1.5545988E+03   3.2100000E+03   2.9030000E+03   3.2175742E-04   3.5578413E-04
   1.5546063E+03   3.2240000E+03   2.8930000E+03   2.6986559E-04   3.0074202E-04
   1.5546138E+03   3.1060000E+03   2.8080000E+03   2.3631643E-04   2.6139560E-04
   1.5546214E+03   3.2210000E+03   2.8910000E+03   1.1828373E-04   1.3178550E-04
   1.5546289E+03   3.1930000E+03   2.8900000E+03   2.7213413E-04   3.0066584E-04
   1.5546364E+03   3.2380000E+03   2.9620000E+03   1.0155803E-04   1.1102124E-04
   1.5546439E+03   3.2670000E+03   2.9470000E+03   7.3943514E-04   8.1972671E-04
   1.5546515E+03   3.2440000E+03   2.9330000E+03   3.5103641E-04   3.8825848E-04
   1.5546590E+03   3.0390000E+03   2.7490000E+03   1.5122814E-04   1.6718164E-04
   1.5546665E+03   3.1560000E+03   2.8450000E+03   2.2933705E-04   2.5440693E-04
   1.5546740E+03   3.2070000E+03   2.9150000E+03   2.2011054E-04   2.4215935E-04
   1.5546816E+03   3.2140000E+03   2.9370000E+03   1.0122722E-04   1.1077436E-04
   1.5546891E+03   3.1160000E+03   2.8290000E+03   3.5343163E-04   3.8928701E-04
   1.5546966E+03   3.1840000E+03   2.8470000E+03   7.0772984E-04   7.9150397E-04
   1.5547042E+03   3.0480000E+03   2.7420000E+03   8.4264460E-05   9.3668152E-05
   1.5547117E+03   3.1760000E+03   2.8360000E+03   2.9111715E-04   2.8415109E-04
   1.5547192E+03   3.1070000E+03   2.8060000E+03   3.1753985E-04   3.5160239E-04
   1.5547267E+03   3.1760000E+03   2.8970000E+03   1.6738669E-04   1.2485621E-04
   1.5547343E+03   3.1060000E+03   2.8270000E+03   7.1369542E-05   7.8413087E-05
   1.5547418E+03   3.1060000E+03   2.8170000E+03   1.8086573E-04   1.9942100E-04
   1.5547493E+03   3.1320000E+03   2.8380000E+03   1.2933108E-04   1.4272902E-04
   1.5547569E+03   2.9980000E+03   2.6980000E+03   2.7876465E-04   3.0976146E-04
   1.5547644E+03   3.1070000E+03   2.7740000E+03   1.6345691E-04   1.7007314E-04
   1.5547719E+03   2.9470000E+03   2.6570000E+03   2.5708350E-04   2.8514304E-04
   1.5547794E+03   3.0420000E+03   2.7560000E+03   2.0574743E-04   2.2709858E-04
   1.5547870E+03   3.0620000E+03   2.7530000E+03   0.0000000E+00   0.0000000E+00
   1.5547945E+03   3.0520000E+03   2.7560000E+03   1.8473591E-04   2.0457692E-04
   1.5548020E+03   3.0800000E+03   2.7800000E+03   5.4585979E-04   6.4647562E-04
   1.5548096E+03   3.1560000E+03   2.8570000E+03   0.0000000E+00   0.0000000E+00
   1.5548171E+03   3.1090000E+03   2.7740000E+03   9.3016060E-05   8.8380322E-05
   1.5548246E+03   3.0330000E+03   2.7350000E+03   3.9258308E-04   4.3535813E-04
   1.5548321E+03   3.0180000E+03   2.7540000E+03   8.8280725E-05   9.6743365E-05
   1.5548397E+03   3.0870000E+03   2.8090000E+03   2.1543175E-04   2.3675251E-04
   1.5548472E+03   3.0020000E+03   2.7190000E+03   4.0526733E-04   4.4744852E-04
   1.5548547E+03   3.0020000E+03   2.6820000E+03   2.6185191E-04   3.8272587E-06
   1.5548623E+03   3.0650000E+03   2.7600000E+03   3.7449866E-04   4.1588347E-04
   1.5548698E+03   3.0130000E+03   2.7120000E+03   4.7887989E-05   5.3202991E-05
   1.5548773E+03   3.0110000E+03   2.7300000E+03   2.5266421E-04   2.7867103E-04
   1.5548848E+03   2.9470000E+03   2.6370000E+03   1.4977174E-04   1.6737858E-04
   1.5548924E+03   2.9870000E+03   2.6860000E+03   0.0000000E+00   0.0000000E+00
   1.5548999E+03   2.9680000E+03   2.6850000E+03   0.0000000E+00   0.0000000E+00
   1.5549074E+03   3.0650000E+03   2.7780000E+03   0.0000000E+00   0.0000000E+00
   1.5549150E+03   2.9600000E+03   2.6680000E+03   9.6337965E-05   1.0688170E-04
   1.5549225E+03   2.9410000E+03   2.6620000E+03   4.8466782E-04   5.3546509E-04
   1.5549300E+03   2.9240000E+03   2.6180000E+03   2.5753565E-04   2.8763722E-04
   1.5549375E+03   2.7760000E+03   2.5170000E+03   1.9256450E-06   2.1237944E-06
   1.5549451E+03   3.0270000E+03   2.7530000E+03   3.6803784E-04   4.0466783E-04
   1.5549526E+03   3.0400000E+03   2.7320000E+03   9.7497640E-05   0.0000000E+00
   1.5549601E+03   2.9150000E+03   2.6300000E+03   4.0189439E-04   4.4544568E-04
   1.5549677E+03   3.0310000E+03   2.7180000E+03   3.3540815E-05   3.7403315E-05
   1.5549752E+03   2.9530000E+03   2.6640000E+03   6.7998674E-05   2.6177876E-04
   1.5549827E+03   2.9940000E+03   2.6910000E+03   8.7123880E-05   9.6933816E-05
   1.5549902E+03   2.8950000E+03   2.5950000E+03   0.0000000E+00   0.0000000E+00
   1.5549978E+03   2.9740000E+03   2.6790000E+03   2.8191192E-04   3.1295485E-04
   1.5550053E+03   2.9150000E+03   2.6470000E+03   7.7141627E-04   5.5579795E-04
   1.5550128E+03   3.0060000E+03   2.7200000E+03   0.0000000E+00   0.0000000E+00
   1.5550204E+03   2.8340000E+03   2.5760000E+03   2.4188914E-04   2.6611562E-04
   1.5550279E+03   2.9620000E+03   2.6500000E+03   1.2621740E-04   1.4107772E-04
   1.5550354E+03   2.8730000E+03   2.5810000E+03   4.9445039E-05   5.5038976E-05
   1.5550429E+03   2.8140000E+03   2.5210000E+03   7.2917791E-05   8.1392569E-05
   1.5550505E+03   2.7750000E+03   2.5260000E+03   9.7569095E-05   1.0718695E-04
   1.5550580E+03   2.9360000E+03   2.6380000E+03   8.6925697E-05   9.6745203E-05
   1.5550655E+03   2.7930000E+03   2.5130000E+03   0.0000000E+00   0.0000000E+00
   1.5550731E+03   2.8590000E+03   2.5810000E+03   2.2436968E-05   2.4853658E-05
   1.5550806E+03   2.8320000E+03   2.5440000E+03   2.0420059E-04   2.2731764E-04
   1.5550881E+03   2.6970000E+03   2.4430000E+03   1.4403974E-04   1.5901563E-04
   1.5550956E+03   2.7990000E+03   2.5020000E+03   6.2599836E-04   7.0030752E-04
   1.5551032E+03   2.8400000E+03   2.5100000E+03   0.0000000E+00   0.0000000E+00
   1.5551107E+03   2.7770000E+03   2.5120000E+03   0.0000000E+00   0.0000000E+00
   1.5551182E+03   2.7890000E+03   2.5320000E+03   0.0000000E+00   0.0000000E+00
   1.5551257E+03   2.7670000E+03   2.5230000E+03   2.5248764E-04   2.7690579E-04
   1.5551333E+03   2.8530000E+03   2.5910000E+03   0.0000000E+00   0.0000000E+00
   1.5551408E+03   2.7850000E+03   2.5450000E+03   5.2681825E-04   5.7649856E-04
   1.5551483E+03   2.8530000E+03   2.5990000E+03   5.7345902E-04   6.2950311E-04
   1.5551559E+03   2.7610000E+03   2.4900000E+03   1.1730620E-04   1.3007327E-04
   1.5551634E+03   2.6980000E+03   2.4660000E+03   2.8004821E-04   3.0639500E-04
   1.5551709E+03   2.8250000E+03   2.5640000E+03   2.8512288E-04   3.1414670E-04
   1.5551784E+03   2.7670000E+03   2.5100000E+03   2.0110632E-04   2.2169769E-04
   1.5551860E+03   2.8120000E+03   2.5050000E+03   2.4367184E-04   2.7353502E-04
   1.5551935E+03   2.8020000E+03   2.5360000E+03   6.4309437E-05   7.1054827E-05
   1.5552010E+03   2.7500000E+03   2.4920000E+03   0.0000000E+00   0.0000000E+00
   1.5552086E+03   2.8710000E+03   2.6310000E+03   3.0133414E-04   3.2882186E-04
   1.5552161E+03   2.6480000E+03   2.3990000E+03   1.4370777E-04   1.5862366E-04
   1.5552236E+03   2.7070000E+03   2.4260000E+03   3.3116485E-04   3.6952319E-04
   1.5552311E+03   2.7260000E+03   2.4490000E+03   3.7459442E-04   4.1696382E-04
   1.5552387E+03   2.7150000E+03   2.4030000E+03   0.0000000E+00   0.0000000E+00
   1.5552462E+03   2.6000000E+03   2.3390000E+03   0.0000000E+00   0.0000000E+00
   1.5552537E+03   2.8350000E+03   2.5600000E+03   1.5185553E-04   1.6816814E-04
   1.5552613E+03   2.7020000E+03   2.4300000E+03   3.3551167E-04   3.7306688E-04
   1.5552688E+03   2.6370000E+03   2.4030000E+03   3.1613126E-04   3.4691558E-04
   1.5552763E+03   2.7080000E+03   2.4510000E+03   3.4307190E-04   3.7904476E-04
   1.5552838E+03   2.6290000E+03   2.3710000E+03   0.0000000E+00   0.0000000E+00
   1.5552914E+03   2.6370000E+03   2.3740000E+03   3.1324521E-04   3.4794761E-04
   1.5552989E+03   2.6510000E+03   2.4130000E+03   0.0000000E+00   0.0000000E+00
   1.5553064E+03   2.6780000E+03   2.4010000E+03   0.0000000E+00   0.0000000E+00
   1.5553140E+03   2.6760000E+03   2.4310000E+03   3.1983684E-05   2.1003054E-05
   1.5553215E+03   2.6690000E+03   2.4290000E+03   4.1567577E-04   4.2478786E-04
   1.5553290E+03   2.7950000E+03   2.5010000E+03   0.0000000E+00   0.0000000E+00
   1.5553365E+03   2.5880000E+03   2.3240000E+03   5.1889800E-04   5.7784338E-04
   1.5553441E+03   2.6200000E+03   2.3790000E+03   5.4013066E-05   5.9484756E-05
   1.5553516E+03   2.6130000E+03   2.3630000E+03   1.4511706E-04   1.6047011E-04
   1.5553591E+03   2.6430000E+03   2.3770000E+03   3.2560258E-04   3.6203939E-04
   1.5553667E+03   2.6070000E+03   2.3580000E+03   0.0000000E+00   0.0000000E+00
   1.5553742E+03   2.6490000E+03   2.4030000E+03   5.5391163E-06   6.1061669E-06
   1.5553817E+03   2.5500000E+03   2.3090000E+03   0.0000000E+00   0.0000000E+00
   1.5553892E+03   2.6690000E+03   2.4030000E+03   3.4937049E-04   3.8804405E-04
   1.5553968E+03   2.6860000E+03   2.4390000E+03   2.5355072E-04   2.7922806E-04
   1.5554043E+03   2.6280000E+03   2.3970000E+03   2.5909521E-04   2.8406433E-04
   1.5554118E+03   2.6280000E+03   2.3650000E+03   0.0000000E+00   0.0000000E+00
   1.5554194E+03   2.5300000E+03   2.2700000E+03   3.4626442E-04   3.8592466E-04
   1.5554269E+03   2.5700000E+03   2.3180000E+03   0.0000000E+00   0.0000000E+00
   1.5554344E+03   2.5720000E+03   2.3300000E+03   0.0000000E+00   0.0000000E+00
   1.5554419E+03   2.5620000E+03   2.2900000E+03   2.0043442E-04   2.2424148E-04
   1.5554495E+03   2.5710000E+03   2.3240000E+03   4.4836317E-04   4.9601622E-04
   1.5554570E+03   2.5090000E+03   2.2820000E+03   6.2122686E-04   6.8302288E-04
   1.5554645E+03   2.5790000E+03   2.3340000E+03   2.9143533E-04   3.2202730E-04
   1.5554721E+03   2.5590000E+03   2.3180000E+03   3.1070100E-04   3.4300426E-04
   1.5554796E+03   2.6800000E+03   2.4150000E+03   0.0000000E+00   0.0000000E+00
   1.5554871E+03   2.5600000E+03   2.3290000E+03   3.3991865E-04   3.7363321E-04
   1.5554946E+03   2.5720000E+03   2.3310000E+03   0.0000000E+00   0.0000000E+00
   1.5555022E+03   2.4860000E+03   2.2490000E+03   0.0000000E+00   0.0000000E+00
   1.5555097E+03   2.4950000E+03   2.2430000E+03   2.3615751E-06   2.6268970E-06
   1.5555172E+03   2.5570000E+03   2.3260000E+03   0.0000000E+00   0.0000000E+00
   1.5555248E+03   2.4450000E+03   2.1880000E+03   0.0000000E+00   0.0000000E+00
   1.5555323E+03   2.5410000E+03   2.2820000E+03   0.0000000E+00   0.0000000E+00
   1.5555398E+03   2.5410000E+03   2.3030000E+03   3.8039037E-04   4.1970123E-04
   1.5555473E+03   2.4500000E+03   2.2160000E+03   2.9302360E-04   3.2396562E-04
   1.5555549E+03   2.4820000E+03   2.2450000E+03   0.0000000E+00   0.0000000E+00
   1.5555624E+03   2.5410000E+03   2.2700000E+03   3.5836997E-04   4.0115335E-04
   1.5555699E+03   2.5220000E+03   2.2890000E+03   1.5452312E-04   0.0000000E+00
   1.5555774E+03   2.5850000E+03   2.3210000E+03   4.2927094E-04   4.2442903E-04
   1.5555850E+03   2.5450000E+03   2.3180000E+03   2.1240955E-05   2.3321066E-05
   1.5555925E+03   2.5540000E+03   2.3120000E+03   6.0337403E-06   6.6652996E-06
   1.5556000E+03   2.4310000E+03   2.1920000E+03   8.7966572E-05   9.7557817E-05
   1.5556076E+03   2.5120000E+03   2.2710000E+03   2.2318637E-04   2.4687105E-04
   1.5556151E+03   2.5740000E+03   2.3060000E+03   2.9144811E-04   6.7884829E-06
   1.5556226E+03   2.4470000E+03   2.2080000E+03   1.7921690E-04   1.9861583E-04
   1.5556301E+03   2.4730000E+03   2.2300000E+03   2.7180669E-04   3.0142509E-04
   1.5556377E+03   2.4600000E+03   2.1990000E+03   2.6555764E-04   2.9707676E-04
   1.5556452E+03   2.5500000E+03   2.3180000E+03   3.7510787E-04   4.1265102E-04
   1.5556527E+03   2.4020000E+03   2.1340000E+03   4.5118434E-05   5.0784666E-05
   1.5556603E+03   2.4230000E+03   2.2000000E+03   0.0000000E+00   0.0000000E+00
   1.5556678E+03   2.4690000E+03   2.2370000E+03   7.6622435E-05   8.4568973E-05
   1.5556753E+03   2.4700000E+03   2.2190000E+03   2.8454550E-04   3.1673158E-04
   1.5556828E+03   2.4130000E+03   2.1480000E+03   2.6390971E-04   1.6662517E-04
   1.5556904E+03   2.4460000E+03   2.2180000E+03   3.7422677E-04   4.1269553E-04
   1.5556979E+03   2.4360000E+03   2.2010000E+03   1.1334407E-04   1.2544578E-04
   1.5557054E+03   2.3720000E+03   2.1280000E+03   9.9239910E-04   1.0781096E-03
   1.5557130E+03   2.3460000E+03   2.0970000E+03   3.7233652E-05   4.1654815E-05
   1.5557205E+03   2.4780000E+03   2.2260000E+03   0.0000000E+00   0.0000000E+00
   1.5557280E+03   2.3750000E+03   2.1500000E+03   0.0000000E+00   0.0000000E+00
   1.5557355E+03   2.3940000E+03   2.1380000E+03   2.4222162E-04   2.7122477E-04
   1.5557431E+03   2.2910000E+03   2.0560000E+03   0.0000000E+00   0.0000000E+00
   1.5557506E+03   2.3880000E+03   2.1770000E+03   7.8469699E-05   8.6075168E-05
   1.5557581E+03   2.4150000E+03   2.1760000E+03   0.0000000E+00   0.0000000E+00
   1.5557657E+03   2.4290000E+03   2.1990000E+03   3.4018131E-04   3.7576189E-04
   1.5557732E+03   2.3720000E+03   2.1440000E+03   0.0000000E+00   0.0000000E+00
   1.5557807E+03   2.3650000E+03   2.1180000E+03   1.7420120E-04   1.9451645E-04
   1.5557882E+03   2.3350000E+03   2.1070000E+03   0.0000000E+00   0.0000000E+00
   1.5557958E+03   2.3600000E+03   2.1240000E+03   5.1795032E-04   5.7550035E-04
   1.5558033E+03   2.3770000E+03   2.1500000E+03   3.7710234E-04   4.1691733E-04
   1.5558108E+03   2.4760000E+03   2.2450000E+03   7.4660459E-05   8.2342671E-05
   1.5558184E+03   2.2570000E+03   2.0330000E+03   8.6871079E-06   9.6442708E-06
   1.5558259E+03   2.2510000E+03   2.0270000E+03   0.0000000E+00   0.0000000E+00
   1.5558334E+03   2.3480000E+03   2.1010000E+03   1.5069876E-05   1.6841536E-05
   1.5558409E+03   2.3100000E+03   2.0930000E+03   4.9902969E-04   4.6182412E-04
   1.5558485E+03   2.2470000E+03   2.0290000E+03   9.3214521E-05   1.0322968E-04
   1.5558560E+03   2.2590000E+03   2.0490000E+03   0.0000000E+00   0.0000000E+00
   1.5558635E+03   2.2540000E+03   2.0360000E+03   0.0000000E+00   0.0000000E+00
   1.5558711E+03   2.1790000E+03   1.9740000E+03   1.5097532E-04   1.6665412E-04
   1.5558786E+03   2.3260000E+03   2.0870000E+03   5.3532324E-05   5.9662762E-05
   1.5558861E+03   2.3120000E+03   2.1020000E+03   0.0000000E+00   0.0000000E+00
   1.5558936E+03   2.3120000E+03   2.0740000E+03   0.0000000E+00   0.0000000E+00
   1.5559012E+03   2.3590000E+03   2.1310000E+03   6.5352101E-05   7.2344254E-05
   1.5559087E+03   2.1840000E+03   1.9720000E+03   2.8789849E-04   3.1884903E-04
   1.5559162E+03   2.2610000E+03   2.0440000E+03   2.6763989E-04   2.9605371E-04
   1.5559238E+03   2.3200000E+03   2.0880000E+03   2.6918629E-04   2.9909588E-04
   1.5559313E+03   2.1960000E+03   1.9810000E+03   1.9023135E-04   2.1087735E-04
   1.5559388E+03   2.3000000E+03   2.0620000E+03   1.9911065E-04   2.2209238E-04
   1.5559463E+03   2.2030000E+03   2.0010000E+03   2.1467861E-04   2.3635031E-04
   1.5559539E+03   2.2820000E+03   2.0690000E+03   0.0000000E+00   0.0000000E+00
   1.5559614E+03   2.2890000E+03   2.0670000E+03   1.4891277E-04   1.6490630E-04
   1.5559689E+03   2.1190000E+03   1.9080000E+03   2.8162293E-04   3.1276677E-04
   1.5559765E+03   2.2390000E+03   2.0090000E+03   0.0000000E+00   0.0000000E+00
   1.5559840E+03   2.2600000E+03   2.0370000E+03   0.0000000E+00   0.0000000E+00
   1.5559915E+03   2.2520000E+03   2.0360000E+03   1.1695120E-04   2.4238932E-05
   1.5559990E+03   2.2260000E+03   1.9920000E+03   2.2388458E-04   2.5018428E-04
   1.5560066E+03   2.1710000E+03   1.9820000E+03   0.0000000E+00   0.0000000E+00
   1.5560141E+03   2.1910000E+03   1.9840000E+03   0.0000000E+00   0.0000000E+00
   1.5560216E+03   2.1410000E+03   1.9260000E+03   5.1196944E-04   5.6912075E-04
   1.5560291E+03   2.2070000E+03   1.9760000E+03   2.5972610E-04   2.9008881E-04
   1.5560367E+03   2.1210000E+03   1.9100000E+03   1.1495687E-04   1.2765630E-04
   1.5560442E+03   2.1500000E+03   1.9140000E+03   1.2162341E-04   1.3661982E-04
   1.5560517E+03   2.2690000E+03   2.0520000E+03   0.0000000E+00   0.0000000E+00
   1.5560593E+03   2.1570000E+03   1.9310000E+03   0.0000000E+00   0.0000000E+00
   1.5560668E+03   2.1750000E+03   1.9580000E+03   2.3054242E-04   2.5609283E-04
   1.5560743E+03   2.2350000E+03   2.0220000E+03   0.0000000E+00   0.0000000E+00
   1.5560818E+03   2.1380000E+03   1.9150000E+03   0.0000000E+00   0.0000000E+00
   1.5560894E+03   2.1500000E+03   1.9450000E+03   1.9903328E-05   2.2001108E-05
   1.5560969E+03   2.1260000E+03   1.9000000E+03   0.0000000E+00   0.0000000E+00
   1.5561044E+03   2.1610000E+03   1.9240000E+03   6.2264738E-04   6.9934563E-04
   1.5561120E+03   2.1450000E+03   1.9460000E+03   6.7578233E-05   7.4488854E-05
   1.5561195E+03   2.1290000E+03   1.9110000E+03   2.3447451E-04   2.6122252E-04
   1.5561270E+03   2.0890000E+03   1.8850000E+03   2.5837867E-04   2.8634113E-04
   1.5561345E+03   2.1090000E+03   1.9220000E+03   1.7223692E-04   1.8899462E-04
   1.5561421E+03   2.1050000E+03   1.9020000E+03   0.0000000E+00   0.0000000E+00
   1.5561496E+03   2.1310000E+03   1.9030000E+03   5.2219480E-05   5.8475940E-05
   1.5561571E+03   2.1500000E+03   1.9310000E+03   3.4973507E-05   3.8939948E-05
   1.5561647E+03   2.0560000E+03   1.8590000E+03   4.5463051E-04   5.0280813E-04
   1.5561722E+03   2.0690000E+03   1.8610000E+03   2.6818375E-04   2.9815808E-04
   1.5561797E+03   2.1040000E+03   1.8880000E+03   0.0000000E+00   0.0000000E+00
   1.5561872E+03   2.0880000E+03   1.8770000E+03   4.4772748E-04   4.9805806E-04
   1.5561948E+03   2.0660000E+03   1.8560000E+03   2.1028669E-04   1.6749839E-04
   1.5562023E+03   2.1590000E+03   1.9420000E+03   0.0000000E+00   0.0000000E+00
   1.5562098E+03   2.0970000E+03   1.9020000E+03   0.0000000E+00   0.0000000E+00
   1.5562174E+03   2.0640000E+03   1.8770000E+03   6.3601196E-05   6.9937596E-05
   1.5562249E+03   2.0590000E+03   1.8540000E+03   5.6687866E-04   6.2955942E-04
   1.5562324E+03   2.0210000E+03   1.8220000E+03   2.4228693E-04   2.6874966E-04
   1.5562399E+03   2.0830000E+03   1.8930000E+03   4.5052089E-04   3.1512079E-04
   1.5562475E+03   2.0480000E+03   1.8430000E+03   0.0000000E+00   0.0000000E+00
   1.5562550E+03   2.0350000E+03   1.8570000E+03   3.8151815E-04   4.1808801E-04
   1.5562625E+03   2.0920000E+03   1.8860000E+03   5.0552726E-04   5.6074392E-04
   1.5562701E+03   2.0230000E+03   1.8390000E+03   5.0425003E-04   5.5470246E-04
   1.5562776E+03   2.0060000E+03   1.8080000E+03   9.6653929E-05   1.0723882E-04
   1.5562851E+03   1.9720000E+03   1.7950000E+03   2.5179869E-04   2.7662787E-04
   1.5562926E+03   2.0310000E+03   1.8460000E+03   0.0000000E+00   0.0000000E+00
   1.5563002E+03   1.9810000E+03   1.7920000E+03   0.0000000E+00   0.0000000E+00
   1.5563077E+03   2.0550000E+03   1.8660000E+03   0.0000000E+00   0.0000000E+00
   1.5563152E+03   1.9790000E+03   1.7840000E+03   2.9721846E-05   3.2970590E-05
   1.5563228E+03   1.9740000E+03   1.7930000E+03   0.0000000E+00   0.0000000E+00
   1.5563303E+03   1.9510000E+03   1.7510000E+03   5.8263738E-05   6.4918648E-05
   1.5563378E+03   2.0240000E+03   1.8440000E+03   4.0701522E-04   4.4674555E-04
   1.5563453E+03   1.9610000E+03   1.7840000E+03   0.0000000E+00   0.0000000E+00
   1.5563529E+03   1.9740000E+03   1.7930000E+03   3.3058574E-04   3.6395775E-04
   1.5563604E+03   2.0090000E+03   1.8290000E+03   5.4519408E-05   5.9884905E-05
   1.5563679E+03   1.9550000E+03   1.7550000E+03   4.6879398E-04   5.2221780E-04
   1.5563755E+03   2.0110000E+03   1.8180000E+03   6.0917696E-04   6.7384756E-04
   1.5563830E+03   2.0160000E+03   1.7970000E+03   4.1933437E-04   0.0000000E+00
   1.5563905E+03   2.0460000E+03   1.8370000E+03   8.7321762E-05   9.7256573E-05
   1.5563980E+03   1.9630000E+03   1.7570000E+03   2.9434695E-05   3.2885775E-05
   1.5564056E+03   1.9980000E+03   1.7850000E+03   1.3517974E-05   1.5131043E-05
   1.5564131E+03   1.9380000E+03   1.7550000E+03   0.0000000E+00   0.0000000E+00
   1.5564206E+03   1.9070000E+03   1.7120000E+03   2.4085492E-04   2.6828874E-04
   1.5564282E+03   1.9030000E+03   1.6990000E+03   0.0000000E+00   0.0000000E+00
   1.5564357E+03   1.9410000E+03   1.7700000E+03   0.0000000E+00   0.0000000E+00
   1.5564432E+03   1.9630000E+03   1.7650000E+03   0.0000000E+00   0.0000000E+00
   1.5564507E+03   1.9630000E+03   1.7660000E+03   7.7502547E-05   8.6148075E-05
   1.5564583E+03   1.8440000E+03   1.6550000E+03   4.9110534E-04   5.4718928E-04
   1.5564658E+03   1.9300000E+03   1.7410000E+03   0.0000000E+00   0.0000000E+00
   1.5564733E+03   1.9060000E+03   1.7390000E+03   1.1001540E-04   0.0000000E+00
   1.5564808E+03   1.8160000E+03   1.6600000E+03   1.3997642E-04   1.5313083E-04
   1.5564884E+03   1.9720000E+03   1.7880000E+03   1.1434726E-04   1.2611454E-04
   1.5564959E+03   1.9880000E+03   1.7980000E+03   1.2102264E-04   1.3381146E-04
   1.5565034E+03   1.9390000E+03   1.7450000E+03   9.2659755E-05   1.0296118E-04
   1.5565110E+03   1.8620000E+03   1.6920000E+03   0.0000000E+00   0.0000000E+00
   1.5565185E+03   1.8180000E+03   1.6340000E+03   4.8380992E-04   5.3829035E-04
   1.5565260E+03   1.8390000E+03   1.6490000E+03   7.8717882E-05   0.0000000E+00
   1.5565335E+03   1.8310000E+03   1.6510000E+03   0.0000000E+00   0.0000000E+00
   1.5565411E+03   1.8500000E+03   1.6610000E+03   0.0000000E+00   0.0000000E+00
   1.5565486E+03   1.8510000E+03   1.6480000E+03   0.0000000E+00   0.0000000E+00
   1.5565561E+03   1.8680000E+03   1.6770000E+03   0.0000000E+00   0.0000000E+00
   1.5565637E+03   1.8650000E+03   1.6800000E+03   3.0561244E-04   3.3926620E-04
   1.5565712E+03   1.8100000E+03   1.6250000E+03   0.0000000E+00   0.0000000E+00
   1.5565787E+03   1.8570000E+03   1.6650000E+03   2.7101131E-04   3.0226306E-04
   1.5565862E+03   1.8720000E+03   1.6880000E+03   4.7680818E-04   5.2878253E-04
   1.5565938E+03   1.8830000E+03   1.6860000E+03   2.0794359E-05   2.3224068E-05
   1.5566013E+03   1.7680000E+03   1.5910000E+03   0.0000000E+00   0.0000000E+00
   1.5566088E+03   1.7720000E+03   1.6150000E+03   5.2323830E-04   5.7410419E-04
   1.5566164E+03   1.8700000E+03   1.6960000E+03   0.0000000E+00   0.0000000E+00
   1.5566239E+03   1.8420000E+03   1.6230000E+03   1.0115863E-04   1.1480850E-04
   1.5566314E+03   1.8200000E+03   1.6460000E+03   0.0000000E+00   0.0000000E+00
   1.5566389E+03   1.7900000E+03   1.6170000E+03   2.1928028E-04   2.4274069E-04
   1.5566465E+03   1.7860000E+03   1.6220000E+03   4.6644211E-04   5.1360395E-04
   1.5566540E+03   1.8050000E+03   1.6290000E+03   2.5947051E-04   2.8750415E-04
   1.5566615E+03   1.7910000E+03   1.5950000E+03   5.3143324E-04   5.9673788E-04
   1.5566691E+03   1.8520000E+03   1.6560000E+03   3.8188632E-04   4.2708542E-04
   1.5566766E+03   1.7850000E+03   1.5860000E+03   0.0000000E+00   0.0000000E+00
   1.5566841E+03   1.8080000E+03   1.5980000E+03   5.1701164E-04   5.8495434E-04
   1.5566916E+03   1.7180000E+03   1.5390000E+03   0.0000000E+00   0.0000000E+00
   1.5566992E+03   1.7540000E+03   1.5750000E+03   0.0000000E+00   0.0000000E+00
   1.5567067E+03   1.7880000E+03   1.5880000E+03   0.0000000E+00   0.0000000E+00
   1.5567142E+03   1.8120000E+03   1.6430000E+03   5.1080297E-04   5.6334448E-04
   1.5567218E+03   1.7760000E+03   1.6150000E+03   0.0000000E+00   0.0000000E+00
   1.5567293E+03   1.7080000E+03   1.5170000E+03   4.5223563E-04   5.0917499E-04
   1.5567368E+03   1.8450000E+03   1.6590000E+03   8.2242215E-05   1.5641831E-04
   1.5567443E+03   1.7550000E+03   1.5880000E+03   0.0000000E+00   0.0000000E+00
   1.5567519E+03   1.7580000E+03   1.5870000E+03   4.2128103E-04   4.6667426E-04
   1.5567594E+03   1.6960000E+03   1.5490000E+03   7.1035619E-04   2.7275052E-04
   1.5567669E+03   1.7850000E+03   1.6210000E+03   3.7625282E-04   4.1431911E-04
   1.5567745E+03   1.7560000E+03   1.5680000E+03   0.0000000E+00   0.0000000E+00
   1.5567820E+03   1.7580000E+03   1.5720000E+03   0.0000000E+00   0.0000000E+00
   1.5567895E+03   1.6970000E+03   1.5240000E+03   0.0000000E+00   0.0000000E+00
   1.5567970E+03   1.8060000E+03   1.6180000E+03   0.0000000E+00   0.0000000E+00
   1.5568046E+03   1.6960000E+03   1.5360000E+03   0.0000000E+00   0.0000000E+00
   1.5568121E+03   1.8040000E+03   1.6420000E+03   0.0000000E+00   0.0000000E+00
   1.5568196E+03   1.7160000E+03   1.5460000E+03   0.0000000E+00   0.0000000E+00
   1.5568272E+03   1.7120000E+03   1.5400000E+03   0.0000000E+00   0.0000000E+00
   1.5568347E+03   1.7420000E+03   1.5570000E+03   0.0000000E+00   0.0000000E+00
   1.5568422E+03   1.7590000E+03   1.5900000E+03   0.0000000E+00   0.0000000E+00
   1.5568497E+03   1.6960000E+03   1.5430000E+03   5.4966291E-05   0.0000000E+00
   1.5568573E+03   1.6790000E+03   1.5060000E+03   0.0000000E+00   0.0000000E+00
   1.5568648E+03   1.7000000E+03   1.5080000E+03   3.8986774E-04   4.3950608E-04
   1.5568723E+03   1.6580000E+03   1.4880000E+03   0.0000000E+00   0.0000000E+00
   1.5568799E+03   1.7170000E+03   1.5640000E+03   0.0000000E+00   0.0000000E+00
   1.5568874E+03   1.6650000E+03   1.4980000E+03   0.0000000E+00   0.0000000E+00
   1.5568949E+03   1.6980000E+03   1.5190000E+03   5.7421022E-04   6.4187554E-04
   1.5569024E+03   1.7050000E+03   1.5470000E+03   3.2553630E-05   3.5878435E-05
   1.5569100E+03   1.6460000E+03   1.5030000E+03   5.2654566E-04   0.0000000E+00
   1.5569175E+03   1.6400000E+03   1.4810000E+03   0.0000000E+00   0.0000000E+00
   1.5569250E+03   1.6850000E+03   1.5100000E+03   0.0000000E+00   0.0000000E+00
   1.5569325E+03   1.6440000E+03   1.4750000E+03   0.0000000E+00   0.0000000E+00
   1.5569401E+03   1.6770000E+03   1.4990000E+03   0.0000000E+00   0.0000000E+00
   1.5569476E+03   1.6790000E+03   1.5070000E+03   0.0000000E+00   0.0000000E+00
   1.5569551E+03   1.6180000E+03   1.4590000E+03   3.3925863E-04   3.7623061E-04
   1.5569627E+03   1.6210000E+03   1.4650000E+03   0.0000000E+00   0.0000000E+00
   1.5569702E+03   1.5960000E+03   1.4230000E+03   0.0000000E+00   0.0000000E+00
   1.5569777E+03   1.6450000E+03   1.4810000E+03   0.0000000E+00   0.0000000E+00
   1.5569852E+03   1.6310000E+03   1.4590000E+03   0.0000000E+00   0.0000000E+00
   1.5569928E+03   1.6770000E+03   1.5300000E+03   0.0000000E+00   0.0000000E+00
   1.5570003E+03   1.5810000E+03   1.4270000E+03   0.0000000E+00   0.0000000E+00
   1.5570078E+03   1.4970000E+03   1.3500000E+03   0.0000000E+00   0.0000000E+00
   1.5570154E+03   1.5520000E+03   1.3890000E+03   0.0000000E+00   0.0000000E+00
   1.5570229E+03   1.5660000E+03   1.4100000E+03   1.7543079E-04   1.9484016E-04
   1.5570304E+03   1.6060000E+03   1.4510000E+03   0.0000000E+00   0.0000000E+00
   1.5570379E+03   1.5020000E+03   1.3620000E+03   0.0000000E+00   0.0000000E+00
   1.5570455E+03   1.5300000E+03   1.3930000E+03   5.5959216E-05   6.1462743E-05
   1.5570530E+03   1.5890000E+03   1.4180000E+03   0.0000000E+00   0.0000000E+00
   1.5570605E+03   1.6210000E+03   1.4760000E+03   3.9377773E-04   4.3246186E-04
   1.5570681E+03   1.6490000E+03   1.4750000E+03   1.8446536E-04   2.5872690E-04
   1.5570756E+03   1.5350000E+03   1.3760000E+03   0.0000000E+00   0.0000000E+00
   1.5570831E+03   1.5590000E+03   1.4050000E+03   0.0000000E+00   0.0000000E+00
   1.5570906E+03   1.5520000E+03   1.3900000E+03   0.0000000E+00   0.0000000E+00
   1.5570982E+03   1.5010000E+03   1.3600000E+03   0.0000000E+00   0.0000000E+00
   1.5571057E+03   1.4960000E+03   1.3380000E+03   0.0000000E+00   0.0000000E+00
   1.5571132E+03   1.5550000E+03   1.4030000E+03   4.5768095E-05   5.0726577E-05
   1.5571208E+03   1.4780000E+03   1.3490000E+03   1.1255782E-04   0.0000000E+00
   1.5571283E+03   1.5410000E+03   1.3990000E+03   0.0000000E+00   0.0000000E+00
   1.5571358E+03   1.5460000E+03   1.3980000E+03   2.7143747E-06   3.0017334E-06
   1.5571433E+03   1.5010000E+03   1.3490000E+03   0.0000000E+00   0.0000000E+00
   1.5571509E+03   1.5820000E+03   1.4160000E+03   2.7131730E-04   3.0312427E-04
   1.5571584E+03   1.5310000E+03   1.3720000E+03   4.7854539E-04   5.3400363E-04
   1.5571659E+03   1.5120000E+03   1.3770000E+03   0.0000000E+00   0.0000000E+00
   1.5571735E+03   1.4830000E+03   1.3340000E+03   0.0000000E+00   0.0000000E+00
   1.5571810E+03   1.4380000E+03   1.2930000E+03   0.0000000E+00   0.0000000E+00
   1.5571885E+03   1.5280000E+03   1.3700000E+03   3.8376774E-04   4.2802708E-04
   1.5571960E+03   1.5230000E+03   1.3720000E+03   4.0902069E-04   4.5403682E-04
   1.5572036E+03   1.5140000E+03   1.3600000E+03   0.0000000E+00   0.0000000E+00
   1.5572111E+03   1.5180000E+03   1.3620000E+03   0.0000000E+00   0.0000000E+00
   1.5572186E+03   1.5860000E+03   1.4410000E+03   0.0000000E+00   0.0000000E+00
   1.5572262E+03   1.4310000E+03   1.2920000E+03   0.0000000E+00   0.0000000E+00
   1.5572337E+03   1.4660000E+03   1.3240000E+03   0.0000000E+00   0.0000000E+00
   1.5572412E+03   1.4790000E+03   1.3440000E+03   0.0000000E+00   0.0000000E+00
   1.5572487E+03   1.4660000E+03   1.3200000E+03   0.0000000E+00   0.0000000E+00
   1.5572563E+03   1.4420000E+03   1.3040000E+03   2.0554928E-04   2.2730220E-04
   1.5572638E+03   1.4950000E+03   1.3670000E+03   9.7781871E-05   1.0693774E-04
   1.5572713E+03   1.4400000E+03   1.2980000E+03   0.0000000E+00   0.0000000E+00
   1.5572789E+03   1.4660000E+03   1.3190000E+03   6.2463785E-04   6.9425253E-04
   1.5572864E+03   1.4930000E+03   1.3520000E+03   0.0000000E+00   0.0000000E+00
   1.5572939E+03   1.4570000E+03   1.3280000E+03   1.9961161E-05   2.1900159E-05
   1.5573014E+03   1.4710000E+03   1.3240000E+03   6.0534975E-04   6.7256003E-04
   1.5573090E+03   1.4180000E+03   1.2780000E+03   0.0000000E+00   0.0000000E+00
   1.5573165E+03   1.4610000E+03   1.3060000E+03   0.0000000E+00   0.0000000E+00
   1.5573240E+03   1.4500000E+03   1.3040000E+03   0.0000000E+00   0.0000000E+00
   1.5573316E+03   1.4570000E+03   1.3170000E+03   5.1452627E-04   5.6922155E-04
   1.5573391E+03   1.4460000E+03   1.3020000E+03   9.0134373E-05   1.0010315E-04
   1.5573466E+03   1.4250000E+03   1.2730000E+03   6.6350310E-04   7.4272735E-04
   1.5573541E+03   1.4410000E+03   1.3110000E+03   0.0000000E+00   0.0000000E+00
   1.5573617E+03   1.4100000E+03   1.2520000E+03   0.0000000E+00   0.0000000E+00
   1.5573692E+03   1.4190000E+03   1.2870000E+03   6.7241061E-04   7.4137580E-04
   1.5573767E+03   1.3960000E+03   1.2610000E+03   1.7995946E-04   1.9922554E-04
   1.5573842E+03   1.3870000E+03   1.2450000E+03   0.0000000E+00   0.0000000E+00
   1.5573918E+03   1.4400000E+03   1.2960000E+03   0.0000000E+00   0.0000000E+00
   1.5573993E+03   1.3920000E+03   1.2570000E+03   0.0000000E+00   0.0000000E+00
   1.5574068E+03   1.4390000E+03   1.3020000E+03   0.0000000E+00   0.0000000E+00
   1.5574144E+03   1.3870000E+03   1.2590000E+03   0.0000000E+00   0.0000000E+00
   1.5574219E+03   1.3850000E+03   1.2600000E+03   0.0000000E+00   0.0000000E+00
   1.5574294E+03   1.4540000E+03   1.3300000E+03   0.0000000E+00   0.0000000E+00
   1.5574369E+03   1.3990000E+03   1.2440000E+03   0.0000000E+00   0.0000000E+00
   1.5574445E+03   1.4200000E+03   1.2970000E+03   0.0000000E+00   0.0000000E+00
   1.5574520E+03   1.3940000E+03   1.2750000E+03   0.0000000E+00   0.0000000E+00
   1.5574595E+03   1.3890000E+03   1.2510000E+03   3.9691005E-04   4.4069390E-04
   1.5574671E+03   1.3620000E+03   1.2010000E+03   0.0000000E+00   0.0000000E+00
   1.5574746E+03   1.4300000E+03   1.2860000E+03   5.7167886E-04   6.3569267E-04
   1.5574821E+03   1.4000000E+03   1.2430000E+03   4.5976045E-04   5.1783156E-04
   1.5574896E+03   1.3680000E+03   1.2240000E+03   1.0506111E-03   7.5667478E-04
   1.5574972E+03   1.2430000E+03   1.1080000E+03   0.0000000E+00   0.0000000E+00
   1.5575047E+03   1.3600000E+03   1.2350000E+03   8.1281572E-05   8.9508452E-05
   1.5575122E+03   1.3920000E+03   1.2570000E+03   0.0000000E+00   0.0000000E+00
   1.5575198E+03   1.3450000E+03   1.2100000E+03   0.0000000E+00   0.0000000E+00
   1.5575273E+03   1.4040000E+03   1.2750000E+03   5.4969701E-04   0.0000000E+00
   1.5575348E+03   1.3210000E+03   1.1750000E+03   0.0000000E+00   0.0000000E+00
   1.5575423E+03   1.2590000E+03   1.1340000E+03   7.1990416E-04   0.0000000E+00
   1.5575499E+03   1.3360000E+03   1.2090000E+03   0.0000000E+00   0.0000000E+00
   1.5575574E+03   1.3270000E+03   1.1930000E+03   0.0000000E+00   0.0000000E+00
   1.5575649E+03   1.3810000E+03   1.2360000E+03   0.0000000E+00   0.0000000E+00
   1.5575725E+03   1.3730000E+03   1.2510000E+03   0.0000000E+00   0.0000000E+00
   1.5575800E+03   1.2660000E+03   1.1330000E+03   0.0000000E+00   0.0000000E+00
   1.5575875E+03   1.2450000E+03   1.1200000E+03   0.0000000E+00   0.0000000E+00
   1.5575950E+03   1.2710000E+03   1.1600000E+03   2.7874081E-04   3.0541343E-04
   1.5576026E+03   1.2940000E+03   1.1780000E+03   0.0000000E+00   0.0000000E+00
   1.5576101E+03   1.3090000E+03   1.1970000E+03   0.0000000E+00   0.0000000E+00
   1.5576176E+03   1.3280000E+03   1.2080000E+03   0.0000000E+00   0.0000000E+00
   1.5576252E+03   1.2580000E+03   1.1370000E+03   0.0000000E+00   0.0000000E+00
   1.5576327E+03   1.2870000E+03   1.1860000E+03   0.0000000E+00   0.0000000E+00
   1.5576402E+03   1.2880000E+03   1.1690000E+03   1.4756239E-04   1.6258372E-04
   1.5576477E+03   1.3440000E+03   1.2100000E+03   0.0000000E+00   0.0000000E+00
   1.5576553E+03   1.2310000E+03   1.1100000E+03   0.0000000E+00   0.0000000E+00
   1.5576628E+03   1.2990000E+03   1.1440000E+03   0.0000000E+00   0.0000000E+00
   1.5576703E+03   1.2100000E+03   1.0870000E+03   0.0000000E+00   0.0000000E+00
   1.5576779E+03   1.2570000E+03   1.1320000E+03   0.0000000E+00   0.0000000E+00
   1.5576854E+03   1.2620000E+03   1.1350000E+03   1.3241187E-04   1.4722800E-04
   1.5576929E+03   1.2840000E+03   1.1830000E+03   0.0000000E+00   0.0000000E+00
   1.5577004E+03   1.2800000E+03   1.1480000E+03   3.4773391E-04   3.8771725E-04
   1.5577080E+03   1.2450000E+03   1.1210000E+03   0.0000000E+00   0.0000000E+00
   1.5577155E+03   1.2810000E+03   1.1440000E+03   0.0000000E+00   0.0000000E+00
   1.5577230E+03   1.2390000E+03   1.1150000E+03   0.0000000E+00   0.0000000E+00
   1.5577306E+03   1.2310000E+03   1.1100000E+03   0.0000000E+00   0.0000000E+00
   1.5577381E+03   1.2100000E+03   1.0850000E+03   0.0000000E+00   0.0000000E+00
   1.5577456E+03   1.2330000E+03   1.1110000E+03   0.0000000E+00   0.0000000E+00
   1.5577531E+03   1.2120000E+03   1.1020000E+03   0.0000000E+00   0.0000000E+00
   1.5577607E+03   1.2200000E+03   1.0950000E+03   0.0000000E+00   0.0000000E+00
   1.5577682E+03   1.2170000E+03   1.1040000E+03   0.0000000E+00   0.0000000E+00
   1.5577757E+03   1.2500000E+03   1.1290000E+03   0.0000000E+00   0.0000000E+00
   1.5577833E+03   1.2390000E+03   1.1220000E+03   0.0000000E+00   0.0000000E+00
   1.5577908E+03   1.2790000E+03   1.1480000E+03   6.7780914E-04   7.5515496E-04
   1.5577983E+03   1.1430000E+03   1.0110000E+03   3.9788894E-04   4.4983883E-04
   1.5578058E+03   1.1990000E+03   1.0840000E+03   1.3437816E-06   1.4863415E-06
   1.5578134E+03   1.1970000E+03   1.0840000E+03   7.4475780E-04   8.2239399E-04
   1.5578209E+03   1.2210000E+03   1.0970000E+03   0.0000000E+00   0.0000000E+00
   1.5578284E+03   1.1870000E+03   1.0780000E+03   0.0000000E+00   0.0000000E+00
   1.5578359E+03   1.2490000E+03   1.1070000E+03   0.0000000E+00   0.0000000E+00
   1.5578435E+03   1.1340000E+03   1.0180000E+03   0.0000000E+00   0.0000000E+00
   1.5578510E+03   1.2350000E+03   1.1100000E+03   0.0000000E+00   0.0000000E+00
   1.5578585E+03   1.1300000E+03   1.0380000E+03   0.0000000E+00   0.0000000E+00
   1.5578661E+03   1.1610000E+03   1.0650000E+03   0.0000000E+00   0.0000000E+00
   1.5578736E+03   1.1900000E+03   1.0770000E+03   0.0000000E+00   0.0000000E+00
   1.5578811E+03   1.2280000E+03   1.0990000E+03   7.3701780E-04   8.2352853E-04
   1.5578886E+03   1.1500000E+03   1.0410000E+03   2.8720883E-04   3.1728161E-04
   1.5578962E+03   1.1360000E+03   1.0140000E+03   0.0000000E+00   0.0000000E+00
   1.5579037E+03   1.1750000E+03   1.0650000E+03   6.8670460E-05   7.5763184E-05
   1.5579112E+03   1.1660000E+03   1.0450000E+03   0.0000000E+00   0.0000000E+00
   1.5579188E+03   1.2110000E+03   1.0980000E+03   0.0000000E+00   0.0000000E+00
   1.5579263E+03   1.2190000E+03   1.0830000E+03   0.0000000E+00   0.0000000E+00
   1.5579338E+03   1.1230000E+03   1.0200000E+03   0.0000000E+00   0.0000000E+00
   1.5579413E+03   1.1190000E+03   1.0010000E+03   0.0000000E+00   0.0000000E+00
   1.5579489E+03   1.1790000E+03   1.0540000E+03   0.0000000E+00   0.0000000E+00
   1.5579564E+03   1.1190000E+03   1.0040000E+03   0.0000000E+00   0.0000000E+00
   1.5579639E+03   1.1100000E+03   9.9100000E+02   0.0000000E+00   0.0000000E+00
   1.5579715E+03   1.1480000E+03   1.0290000E+03   0.0000000E+00   0.0000000E+00
   1.5579790E+03   1.1150000E+03   9.9800000E+02   0.0000000E+00   0.0000000E+00
   1.5579865E+03   1.0960000E+03   9.8200000E+02   0.0000000E+00   0.0000000E+00
   1.5579940E+03   1.1420000E+03   1.0360000E+03   0.0000000E+00   0.0000000E+00
   1.5580016E+03   1.0960000E+03   9.8100000E+02   4.9082149E-04   5.4835918E-04
   1.5580091E+03   1.0920000E+03   9.8200000E+02   0.0000000E+00   0.0000000E+00
   1.5580166E+03   1.0850000E+03   9.8000000E+02   0.0000000E+00   0.0000000E+00
   1.5580242E+03   1.0840000E+03   9.7700000E+02   0.0000000E+00   0.0000000E+00
   1.5580317E+03   1.0890000E+03   1.0020000E+03   0.0000000E+00   0.0000000E+00
   1.5580392E+03   1.1170000E+03   9.9900000E+02   0.0000000E+00   0.0000000E+00
   1.5580467E+03   1.1120000E+03   1.0080000E+03   7.8730161E-04   8.6853114E-04
   1.5580543E+03   1.1030000E+03   1.0010000E+03   0.0000000E+00   0.0000000E+00
   1.5580618E+03   1.1150000E+03   1.0010000E+03   8.0367285E-04   8.9520003E-04
   1.5580693E+03   1.0980000E+03   9.9700000E+02   5.2321626E-04   5.7622012E-04
   1.5580769E+03   1.1120000E+03   1.0090000E+03   1.0929786E-04   1.2045513E-04
   1.5580844E+03   1.1570000E+03   1.0440000E+03   0.0000000E+00   0.0000000E+00
   1.5580919E+03   1.0840000E+03   9.7200000E+02   0.0000000E+00   0.0000000E+00
   1.5580994E+03   1.0730000E+03   9.5600000E+02   0.0000000E+00   0.0000000E+00
   1.5581070E+03   1.0870000E+03   9.9100000E+02   0.0000000E+00   0.0000000E+00
   1.5581145E+03   1.0640000E+03   9.5400000E+02   9.0567044E-04   0.0000000E+00
   1.5581220E+03   1.0670000E+03   9.6300000E+02   0.0000000E+00   0.0000000E+00
   1.5581296E+03   1.1100000E+03   1.0010000E+03   2.8074700E-04   3.1131785E-04
   1.5581371E+03   1.1050000E+03   1.0000000E+03   6.9623720E-04   7.6934210E-04
   1.5581446E+03   1.0600000E+03   9.5200000E+02   7.6762736E-04   8.5471114E-04
   1.5581521E+03   1.0480000E+03   9.4100000E+02   0.0000000E+00   0.0000000E+00
   1.5581597E+03   1.0250000E+03   9.3100000E+02   1.0289915E-04   1.1328854E-04
   1.5581672E+03   1.0270000E+03   9.1700000E+02   0.0000000E+00   0.0000000E+00
   1.5581747E+03   1.0300000E+03   9.4700000E+02   0.0000000E+00   0.0000000E+00
   1.5581823E+03   1.0150000E+03   9.3100000E+02   0.0000000E+00   0.0000000E+00
   1.5581898E+03   1.0710000E+03   9.7300000E+02   0.0000000E+00   0.0000000E+00
   1.5581973E+03   1.0850000E+03   9.7400000E+02   0.0000000E+00   0.0000000E+00
   1.5582048E+03   9.6000000E+02   8.5600000E+02   0.0000000E+00   0.0000000E+00
   1.5582124E+03   1.0300000E+03   9.3400000E+02   7.8304613E-04   8.6353053E-04
   1.5582199E+03   1.0300000E+03   9.2200000E+02   0.0000000E+00   0.0000000E+00
   1.5582274E+03   1.0270000E+03   9.2400000E+02   0.0000000E+00   0.0000000E+00
   1.5582350E+03   1.0550000E+03   9.3900000E+02   0.0000000E+00   0.0000000E+00
   1.5582425E+03   1.0910000E+03   9.8100000E+02   0.0000000E+00   0.0000000E+00
   1.5582500E+03   1.0630000E+03   9.6600000E+02   0.0000000E+00   0.0000000E+00
   1.5582575E+03   1.0070000E+03   9.0300000E+02   0.0000000E+00   0.0000000E+00
   1.5582651E+03   1.0290000E+03   9.3500000E+02   0.0000000E+00   0.0000000E+00
   1.5582726E+03   9.9100000E+02   8.9800000E+02   7.3668619E-06   8.1297998E-06
   1.5582801E+03   9.8400000E+02   8.8400000E+02   3.7922641E-04   4.2212532E-04
   1.5582876E+03   1.0410000E+03   9.3500000E+02   0.0000000E+00   0.0000000E+00
   1.5582952E+03   9.6700000E+02   8.7600000E+02   0.0000000E+00   0.0000000E+00
   1.5583027E+03   9.8900000E+02   8.9600000E+02   0.0000000E+00   0.0000000E+00
   1.5583102E+03   1.0350000E+03   9.2500000E+02   5.2454309E-04   5.8692119E-04
   1.5583178E+03   9.7600000E+02   8.6900000E+02   2.4477344E-04   2.7491240E-04
   1.5583253E+03   9.6200000E+02   8.7100000E+02   0.0000000E+00   0.0000000E+00
   1.5583328E+03   9.5000000E+02   8.6200000E+02   0.0000000E+00   0.0000000E+00
   1.5583403E+03   1.0310000E+03   9.3400000E+02   0.0000000E+00   0.0000000E+00
   1.5583479E+03   1.0180000E+03   9.0200000E+02   0.0000000E+00   0.0000000E+00
   1.5583554E+03   1.0190000E+03   9.0400000E+02   0.0000000E+00   0.0000000E+00
   1.5583629E+03   9.6900000E+02   8.5100000E+02   1.0815573E-04   0.0000000E+00
   1.5583705E+03   9.6900000E+02   8.8500000E+02   0.0000000E+00   0.0000000E+00
   1.5583780E+03   9.4600000E+02   8.5200000E+02   0.0000000E+00   0.0000000E+00
   1.5583855E+03   9.7900000E+02   8.7600000E+02   7.0794562E-04   7.9118580E-04
   1.5583930E+03   9.7200000E+02   8.8600000E+02   0.0000000E+00   0.0000000E+00
   1.5584006E+03   9.8200000E+02   8.7700000E+02   9.2786258E-04   1.0389522E-03
   1.5584081E+03   9.5900000E+02   8.6300000E+02   0.0000000E+00   0.0000000E+00
   1.5584156E+03   9.4900000E+02   8.6300000E+02   0.0000000E+00   0.0000000E+00
   1.5584232E+03   1.0240000E+03   9.3000000E+02   0.0000000E+00   0.0000000E+00
   1.5584307E+03   9.3300000E+02   8.3500000E+02   0.0000000E+00   0.0000000E+00
   1.5584382E+03   9.8600000E+02   8.9800000E+02   0.0000000E+00   0.0000000E+00
   1.5584457E+03   9.2500000E+02   8.3200000E+02   0.0000000E+00   0.0000000E+00
   1.5584533E+03   9.2200000E+02   8.4300000E+02   0.0000000E+00   0.0000000E+00
   1.5584608E+03   9.7400000E+02   9.0100000E+02   1.9160782E-04   2.0713210E-04
   1.5584683E+03   9.3400000E+02   8.4100000E+02   0.0000000E+00   0.0000000E+00
   1.5584759E+03   9.3700000E+02   8.3500000E+02   1.0149354E-03   1.1389155E-03
   1.5584834E+03   9.5100000E+02   8.5600000E+02   0.0000000E+00   0.0000000E+00
   1.5584909E+03   9.5700000E+02   8.5800000E+02   0.0000000E+00   0.0000000E+00
   1.5584984E+03   9.3700000E+02   8.5500000E+02   0.0000000E+00   0.0000000E+00
   1.5585060E+03   9.4000000E+02   8.4800000E+02   0.0000000E+00   0.0000000E+00
   1.5585135E+03   9.2100000E+02   8.3300000E+02   0.0000000E+00   0.0000000E+00
   1.5585210E+03   8.9000000E+02   8.0400000E+02   0.0000000E+00   0.0000000E+00
   1.5585286E+03   9.2200000E+02   8.2300000E+02   0.0000000E+00   0.0000000E+00
   1.5585361E+03   9.2500000E+02   8.2800000E+02   0.0000000E+00   0.0000000E+00
   1.5585436E+03   8.9000000E+02   7.9900000E+02   2.4013263E-04   2.6748191E-04
   1.5585511E+03   9.1100000E+02   8.1400000E+02   0.0000000E+00   0.0000000E+00
   1.5585587E+03   8.6200000E+02   7.8000000E+02   0.0000000E+00   0.0000000E+00
   1.5585662E+03   9.0300000E+02   8.0900000E+02   0.0000000E+00   0.0000000E+00
   1.5585737E+03   9.3500000E+02   8.5300000E+02   0.0000000E+00   0.0000000E+00
   1.5585813E+03   9.5400000E+02   8.4600000E+02   1.7726271E-04   1.9989200E-04
   1.5585888E+03   8.7300000E+02   7.9700000E+02   1.0803598E-03   1.1833803E-03
   1.5585963E+03   9.2900000E+02   8.3200000E+02   0.0000000E+00   0.0000000E+00
   1.5586038E+03   9.2300000E+02   8.2800000E+02   1.3722128E-04   0.0000000E+00
   1.5586114E+03   9.0600000E+02   8.2300000E+02   0.0000000E+00   0.0000000E+00
   1.5586189E+03   8.8600000E+02   7.9200000E+02   0.0000000E+00   0.0000000E+00
   1.5586264E+03   8.9700000E+02   8.0600000E+02   0.0000000E+00   0.0000000E+00
   1.5586340E+03   8.9300000E+02   8.0400000E+02   0.0000000E+00   0.0000000E+00
   1.5586415E+03   8.8200000E+02   7.9300000E+02   3.1268106E-04   3.4777389E-04
   1.5586490E+03   8.7200000E+02   7.7600000E+02   0.0000000E+00   0.0000000E+00
   1.5586565E+03   9.0200000E+02   8.0900000E+02   0.0000000E+00   0.0000000E+00
   1.5586641E+03   8.3300000E+02   7.5600000E+02   0.0000000E+00   0.0000000E+00
   1.5586716E+03   8.6900000E+02   7.8500000E+02   0.0000000E+00   0.0000000E+00
   1.5586791E+03   9.0400000E+02   8.2800000E+02   0.0000000E+00   0.0000000E+00
   1.5586867E+03   8.4200000E+02   7.4700000E+02   0.0000000E+00   0.0000000E+00
   1.5586942E+03   8.2100000E+02   7.2900000E+02   0.0000000E+00   0.0000000E+00
   1.5587017E+03   8.8900000E+02   8.1700000E+02   0.0000000E+00   0.0000000E+00
   1.5587092E+03   8.1000000E+02   7.2300000E+02   0.0000000E+00   0.0000000E+00
   1.5587168E+03   8.6300000E+02   7.8900000E+02   9.5964237E-04   1.0496469E-03
   1.5587243E+03   8.2900000E+02   7.3700000E+02   0.0000000E+00   0.0000000E+00
   1.5587318E+03   8.1300000E+02   7.4500000E+02   0.0000000E+00   0.0000000E+00
   1.5587393E+03   8.0500000E+02   7.1700000E+02   0.0000000E+00   0.0000000E+00
   1.5587469E+03   7.9500000E+02   6.9200000E+02   1.5352398E-05   1.7637510E-05
   1.5587544E+03   7.7700000E+02   6.9100000E+02   0.0000000E+00   0.0000000E+00
   1.5587619E+03   8.3100000E+02   7.5100000E+02   0.0000000E+00   0.0000000E+00
   1.5587695E+03   8.0300000E+02   7.3100000E+02   0.0000000E+00   0.0000000E+00
   1.5587770E+03   7.7500000E+02   7.1100000E+02   0.0000000E+00   0.0000000E+00
   1.5587845E+03   8.2000000E+02   7.3200000E+02   0.0000000E+00   0.0000000E+00
   1.5587920E+03   8.6100000E+02   7.9500000E+02   0.0000000E+00   0.0000000E+00
   1.5587996E+03   8.2300000E+02   7.6000000E+02   0.0000000E+00   0.0000000E+00
   1.5588071E+03   7.9200000E+02   7.1800000E+02   0.0000000E+00   0.0000000E+00
   1.5588146E+03   8.2000000E+02   7.3700000E+02   0.0000000E+00   0.0000000E+00
   1.5588222E+03   8.3700000E+02   7.5700000E+02   0.0000000E+00   0.0000000E+00
   1.5588297E+03   7.5600000E+02   6.8600000E+02   0.0000000E+00   0.0000000E+00
   1.5588372E+03   8.1900000E+02   7.3500000E+02   0.0000000E+00   0.0000000E+00
   1.5588447E+03   8.2000000E+02   7.4400000E+02   0.0000000E+00   0.0000000E+00
   1.5588523E+03   7.5700000E+02   6.7700000E+02   0.0000000E+00   0.0000000E+00
   1.5588598E+03   7.7500000E+02   7.0300000E+02   0.0000000E+00   0.0000000E+00
   1.5588673E+03   7.8600000E+02   7.1100000E+02   0.0000000E+00   0.0000000E+00
   1.5588749E+03   7.9400000E+02   6.9800000E+02   0.0000000E+00   0.0000000E+00
   1.5588824E+03   7.4900000E+02   6.6500000E+02   9.7001161E-04   3.8570607E-04
   1.5588899E+03   7.7400000E+02   7.0100000E+02   0.0000000E+00   0.0000000E+00
   1.5588974E+03   8.4500000E+02   7.5200000E+02   0.0000000E+00   0.0000000E+00
   1.5589050E+03   8.1500000E+02   7.1700000E+02   4.8052551E-04   5.4620403E-04
   1.5589125E+03   8.0000000E+02   7.2500000E+02   0.0000000E+00   0.0000000E+00
   1.5589200E+03   7.3700000E+02   6.5800000E+02   0.0000000E+00   0.0000000E+00
   1.5589276E+03   7.6000000E+02   6.9000000E+02   1.1208554E-03   1.2345653E-03
   1.5589351E+03   7.4200000E+02   6.6300000E+02   0.0000000E+00   0.0000000E+00
   1.5589426E+03   7.7800000E+02   7.0100000E+02   2.4114439E-04   2.6763243E-04
   1.5589501E+03   7.8900000E+02   7.1100000E+02   0.0000000E+00   0.0000000E+00
   1.5589577E+03   7.6800000E+02   7.0600000E+02   0.0000000E+00   0.0000000E+00
   1.5589652E+03   7.6200000E+02   6.8700000E+02   0.0000000E+00   0.0000000E+00
   1.5589727E+03   7.4500000E+02   6.7700000E+02   0.0000000E+00   0.0000000E+00
   1.5589803E+03   8.0100000E+02   7.2000000E+02   0.0000000E+00   0.0000000E+00
   1.5589878E+03   7.7200000E+02   6.9500000E+02   0.0000000E+00   0.0000000E+00
   1.5589953E+03   7.4800000E+02   6.6300000E+02   1.2322179E-03   0.0000000E+00
   1.5590028E+03   7.1900000E+02   6.4700000E+02   0.0000000E+00   0.0000000E+00
   1.5590104E+03   8.2000000E+02   7.4000000E+02   0.0000000E+00   0.0000000E+00
   1.5590179E+03   7.8700000E+02   7.1000000E+02   0.0000000E+00   0.0000000E+00
   1.5590254E+03   7.4200000E+02   6.6600000E+02   1.2953821E-04   1.4432034E-04
   1.5590330E+03   7.1000000E+02   6.5100000E+02   3.6551892E-04   3.9864583E-04
   1.5590405E+03   7.4200000E+02   6.6400000E+02   0.0000000E+00   0.0000000E+00
   1.5590480E+03   7.1500000E+02   6.4700000E+02   0.0000000E+00   0.0000000E+00
   1.5590555E+03   7.5600000E+02   6.7000000E+02   0.0000000E+00   0.0000000E+00
   1.5590631E+03   6.7700000E+02   6.0500000E+02   0.0000000E+00   0.0000000E+00
   1.5590706E+03   7.2800000E+02   6.5400000E+02   0.0000000E+00   0.0000000E+00
   1.5590781E+03   7.3500000E+02   6.5900000E+02   0.0000000E+00   0.0000000E+00
   1.5590857E+03   7.3700000E+02   6.5800000E+02   0.0000000E+00   0.0000000E+00
   1.5590932E+03   7.3200000E+02   6.6300000E+02   0.0000000E+00   0.0000000E+00
   1.5591007E+03   7.1400000E+02   6.4300000E+02   0.0000000E+00   0.0000000E+00
   1.5591082E+03   6.7400000E+02   6.0000000E+02   0.0000000E+00   0.0000000E+00
   1.5591158E+03   7.2700000E+02   6.5700000E+02   0.0000000E+00   0.0000000E+00
   1.5591233E+03   7.3600000E+02   6.5400000E+02   0.0000000E+00   0.0000000E+00
   1.5591308E+03   7.1300000E+02   6.2900000E+02   0.0000000E+00   0.0000000E+00
   1.5591384E+03   7.1100000E+02   6.3100000E+02   0.0000000E+00   0.0000000E+00
   1.5591459E+03   7.7300000E+02   7.1100000E+02   0.0000000E+00   0.0000000E+00
   1.5591534E+03   6.8400000E+02   6.0500000E+02   0.0000000E+00   0.0000000E+00
   1.5591609E+03   6.9400000E+02   6.1500000E+02   0.0000000E+00   0.0000000E+00
   1.5591685E+03   7.1000000E+02   6.4000000E+02   0.0000000E+00   0.0000000E+00
   1.5591760E+03   6.6000000E+02   5.8700000E+02   0.0000000E+00   0.0000000E+00
   1.5591835E+03   7.1000000E+02   6.5300000E+02   0.0000000E+00   0.0000000E+00
   1.5591910E+03   7.2200000E+02   6.5300000E+02   1.2352014E-03   1.3657204E-03
   1.5591986E+03   6.2800000E+02   5.5400000E+02   0.0000000E+00   0.0000000E+00
   1.5592061E+03   7.0400000E+02   6.2900000E+02   0.0000000E+00   0.0000000E+00
   1.5592136E+03   6.9700000E+02   6.2900000E+02   0.0000000E+00   0.0000000E+00
   1.5592212E+03   6.6100000E+02   5.8300000E+02   0.0000000E+00   0.0000000E+00
   1.5592287E+03   7.0100000E+02   6.3500000E+02   0.0000000E+00   0.0000000E+00
   1.5592362E+03   6.5800000E+02   6.0100000E+02   0.0000000E+00   0.0000000E+00
   1.5592437E+03   6.8900000E+02   6.2600000E+02   0.0000000E+00   0.0000000E+00
   1.5592513E+03   6.9800000E+02   6.2400000E+02   0.0000000E+00   0.0000000E+00
   1.5592588E+03   6.4300000E+02   5.7200000E+02   0.0000000E+00   0.0000000E+00
   1.5592663E+03   7.0800000E+02   6.3500000E+02   0.0000000E+00   0.0000000E+00
   1.5592739E+03   6.5300000E+02   5.9900000E+02   0.0000000E+00   0.0000000E+00
   1.5592814E+03   6.7200000E+02   6.0200000E+02   0.0000000E+00   0.0000000E+00
   1.5592889E+03   6.9600000E+02   6.2400000E+02   0.0000000E+00   0.0000000E+00
   1.5592964E+03   6.4400000E+02   5.8600000E+02   0.0000000E+00   0.0000000E+00
   1.5593040E+03   6.7300000E+02   6.0300000E+02   0.0000000E+00   0.0000000E+00
   1.5593115E+03   6.6500000E+02   6.0300000E+02   1.4483975E-04   1.5973206E-04
   1.5593190E+03   6.3200000E+02   5.6500000E+02   0.0000000E+00   0.0000000E+00
   1.5593266E+03   6.4500000E+02   5.7400000E+02   0.0000000E+00   0.0000000E+00
   1.5593341E+03   6.1600000E+02   5.4900000E+02   0.0000000E+00   0.0000000E+00
   1.5593416E+03   6.4500000E+02   5.7400000E+02   0.0000000E+00   0.0000000E+00
   1.5593491E+03   6.3600000E+02   5.6900000E+02   0.0000000E+00   0.0000000E+00
   1.5593567E+03   6.3600000E+02   5.7400000E+02   0.0000000E+00   0.0000000E+00
   1.5593642E+03   6.5400000E+02   5.8000000E+02   0.0000000E+00   0.0000000E+00
   1.5593717E+03   6.4200000E+02   5.8900000E+02   0.0000000E+00   0.0000000E+00
   1.5593793E+03   6.0100000E+02   5.4600000E+02   0.0000000E+00   0.0000000E+00
   1.5593868E+03   6.0100000E+02   5.4100000E+02   0.0000000E+00   0.0000000E+00
   1.5593943E+03   6.2600000E+02   5.7300000E+02   0.0000000E+00   0.0000000E+00
   1.5594018E+03   6.0800000E+02   5.4700000E+02   0.0000000E+00   0.0000000E+00
   1.5594094E+03   6.7100000E+02   6.0800000E+02   0.0000000E+00   0.0000000E+00
   1.5594169E+03   5.9000000E+02   5.3900000E+02   0.0000000E+00   0.0000000E+00
   1.5594244E+03   6.7100000E+02   6.3000000E+02   0.0000000E+00   0.0000000E+00
   1.5594320E+03   6.5900000E+02   5.9600000E+02   0.0000000E+00   0.0000000E+00
   1.5594395E+03   5.9700000E+02   5.2900000E+02   0.0000000E+00   0.0000000E+00
   1.5594470E+03   6.7200000E+02   6.1200000E+02   0.0000000E+00   0.0000000E+00
   1.5594545E+03   6.6700000E+02   6.1000000E+02   0.0000000E+00   0.0000000E+00
   1.5594621E+03   6.0700000E+02   5.3800000E+02   0.0000000E+00   0.0000000E+00
   1.5594696E+03   6.1900000E+02   5.5100000E+02   0.0000000E+00   0.0000000E+00
   1.5594771E+03   5.8300000E+02   5.3500000E+02   0.0000000E+00   0.0000000E+00
   1.5594847E+03   6.0000000E+02   5.4000000E+02   0.0000000E+00   0.0000000E+00
   1.5594922E+03   5.7400000E+02   5.1600000E+02   0.0000000E+00   0.0000000E+00
   1.5594997E+03   6.3200000E+02   5.7200000E+02   0.0000000E+00   0.0000000E+00
   1.5595072E+03   6.4800000E+02   5.7700000E+02   0.0000000E+00   0.0000000E+00
   1.5595148E+03   5.8700000E+02   5.2100000E+02   0.0000000E+00   0.0000000E+00
   1.5595223E+03   5.7400000E+02   5.1300000E+02   0.0000000E+00   0.0000000E+00
   1.5595298E+03   6.1100000E+02   5.4000000E+02   0.0000000E+00   0.0000000E+00
   1.5595374E+03   6.0200000E+02   5.3600000E+02   0.0000000E+00   0.0000000E+00
   1.5595449E+03   5.8300000E+02   5.1500000E+02   0.0000000E+00   0.0000000E+00
   1.5595524E+03   6.1900000E+02   5.5300000E+02   0.0000000E+00   0.0000000E+00
   1.5595599E+03   6.1100000E+02   5.4300000E+02   1.1481996E-03   1.2919889E-03
   1.5595675E+03   6.0900000E+02   5.3400000E+02   2.2265223E-04   2.5392361E-04
   1.5595750E+03   6.0000000E+02   5.4100000E+02   0.0000000E+00   0.0000000E+00
   1.5595825E+03   5.8600000E+02   5.2700000E+02   0.0000000E+00   0.0000000E+00
   1.5595901E+03   5.6900000E+02   5.1200000E+02   0.0000000E+00   0.0000000E+00
   1.5595976E+03   5.8300000E+02   5.2600000E+02   0.0000000E+00   0.0000000E+00
   1.5596051E+03   5.6300000E+02   4.9900000E+02   0.0000000E+00   0.0000000E+00
   1.5596126E+03   5.5700000E+02   4.9900000E+02   0.0000000E+00   0.0000000E+00
   1.5596202E+03   5.4200000E+02   4.9300000E+02   0.0000000E+00   0.0000000E+00
   1.5596277E+03   5.4100000E+02   4.8200000E+02   0.0000000E+00   0.0000000E+00
   1.5596352E+03   5.5700000E+02   5.0500000E+02   0.0000000E+00   0.0000000E+00
   1.5596427E+03   5.8200000E+02   5.3000000E+02   0.0000000E+00   0.0000000E+00
   1.5596503E+03   5.5900000E+02   5.0900000E+02   0.0000000E+00   0.0000000E+00
   1.5596578E+03   5.1100000E+02   4.7300000E+02   7.1476030E-04   0.0000000E+00
   1.5596653E+03   5.8000000E+02   5.2500000E+02   0.0000000E+00   0.0000000E+00
   1.5596729E+03   5.3900000E+02   4.8300000E+02   0.0000000E+00   0.0000000E+00
   1.5596804E+03   5.7100000E+02   5.2200000E+02   7.7314652E-04   8.4572157E-04
   1.5596879E+03   5.4500000E+02   4.9200000E+02   0.0000000E+00   0.0000000E+00
   1.5596954E+03   5.7700000E+02   5.0400000E+02   0.0000000E+00   0.0000000E+00
   1.5597030E+03   5.3700000E+02   4.7900000E+02   0.0000000E+00   0.0000000E+00
   1.5597105E+03   5.6200000E+02   5.0300000E+02   0.0000000E+00   0.0000000E+00
   1.5597180E+03   5.4600000E+02   4.9400000E+02   6.7585625E-05   7.4699901E-05
   1.5597256E+03   5.1600000E+02   4.7500000E+02   0.0000000E+00   0.0000000E+00
   1.5597331E+03   5.6400000E+02   5.1600000E+02   0.0000000E+00   0.0000000E+00
   1.5597406E+03   5.5300000E+02   4.9200000E+02   0.0000000E+00   0.0000000E+00
   1.5597481E+03   5.5900000E+02   5.0900000E+02   1.6731915E-03   1.8375522E-03
   1.5597557E+03   5.6800000E+02   5.2100000E+02   0.0000000E+00   0.0000000E+00
   1.5597632E+03   5.7700000E+02   5.2700000E+02   0.0000000E+00   0.0000000E+00
   1.5597707E+03   5.2900000E+02   4.8000000E+02   0.0000000E+00   0.0000000E+00
   1.5597783E+03   5.8200000E+02   5.2300000E+02   0.0000000E+00   0.0000000E+00
   1.5597858E+03   5.3600000E+02   4.7300000E+02   0.0000000E+00   0.0000000E+00
   1.5597933E+03   5.5400000E+02   4.8300000E+02   0.0000000E+00   0.0000000E+00
   1.5598008E+03   5.0300000E+02   4.5400000E+02   0.0000000E+00   0.0000000E+00
   1.5598084E+03   4.8900000E+02   4.3400000E+02   0.0000000E+00   0.0000000E+00
   1.5598159E+03   5.0900000E+02   4.6700000E+02   0.0000000E+00   0.0000000E+00
   1.5598234E+03   5.2000000E+02   4.6100000E+02   0.0000000E+00   0.0000000E+00
   1.5598310E+03   5.2200000E+02   4.7100000E+02   0.0000000E+00   0.0000000E+00
   1.5598385E+03   5.2500000E+02   4.7000000E+02   0.0000000E+00   0.0000000E+00
   1.5598460E+03   5.2600000E+02   4.7500000E+02   0.0000000E+00   0.0000000E+00
   1.5598535E+03   5.2600000E+02   4.7400000E+02   0.0000000E+00   0.0000000E+00
   1.5598611E+03   5.1700000E+02   4.8000000E+02   0.0000000E+00   0.0000000E+00
   1.5598686E+03   4.8200000E+02   4.4000000E+02   0.0000000E+00   0.0000000E+00
   1.5598761E+03   5.0600000E+02   4.5800000E+02   0.0000000E+00   0.0000000E+00
   1.5598837E+03   5.2300000E+02   4.7900000E+02   0.0000000E+00   0.0000000E+00
   1.5598912E+03   5.1100000E+02   4.5500000E+02   0.0000000E+00   0.0000000E+00
   1.5598987E+03   5.2600000E+02   4.6900000E+02   3.3565176E-04   3.7644526E-04
   1.5599062E+03   5.0000000E+02   4.4900000E+02   0.0000000E+00   0.0000000E+00
   1.5599138E+03   4.6600000E+02   4.2500000E+02   0.0000000E+00   0.0000000E+00
   1.5599213E+03   5.1200000E+02   4.6400000E+02   0.0000000E+00   0.0000000E+00
   1.5599288E+03   4.9400000E+02   4.4700000E+02   0.0000000E+00   0.0000000E+00
   1.5599364E+03   4.9900000E+02   4.6100000E+02   0.0000000E+00   0.0000000E+00
   1.5599439E+03   4.8900000E+02   4.3000000E+02   0.0000000E+00   0.0000000E+00
   1.5599514E+03   5.0400000E+02   4.4900000E+02   0.0000000E+00   0.0000000E+00
   1.5599589E+03   5.3500000E+02   4.8900000E+02   0.0000000E+00   0.0000000E+00
   1.5599665E+03   4.9300000E+02   4.4800000E+02   0.0000000E+00   0.0000000E+00
   1.5599740E+03   4.8800000E+02   4.4300000E+02   0.0000000E+00   0.0000000E+00
   1.5599815E+03   4.8900000E+02   4.4300000E+02   0.0000000E+00   0.0000000E+00
   1.5599891E+03   4.9000000E+02   4.3900000E+02   0.0000000E+00   0.0000000E+00
   1.5599966E+03   4.6900000E+02   4.3200000E+02   1.8960700E-03   2.0584649E-03
   1.5600041E+03   5.0100000E+02   4.5300000E+02   0.0000000E+00   0.0000000E+00
   1.5600116E+03   4.9900000E+02   4.6000000E+02   0.0000000E+00   0.0000000E+00
   1.5600192E+03   4.6700000E+02   4.1900000E+02   0.0000000E+00   0.0000000E+00
   1.5600267E+03   4.3500000E+02   3.9400000E+02   0.0000000E+00   0.0000000E+00
   1.5600342E+03   5.0900000E+02   4.6300000E+02   0.0000000E+00   0.0000000E+00
   1.5600418E+03   4.7400000E+02   4.2500000E+02   0.0000000E+00   0.0000000E+00
   1.5600493E+03   4.3700000E+02   3.9300000E+02   0.0000000E+00   0.0000000E+00
   1.5600568E+03   4.6700000E+02   4.1800000E+02   0.0000000E+00   0.0000000E+00
   1.5600643E+03   4.7200000E+02   4.3100000E+02   0.0000000E+00   0.0000000E+00
   1.5600719E+03   4.7400000E+02   4.2600000E+02   0.0000000E+00   0.0000000E+00
   1.5600794E+03   4.7000000E+02   4.2600000E+02   0.0000000E+00   0.0000000E+00
   1.5600869E+03   4.6500000E+02   4.1200000E+02   0.0000000E+00   0.0000000E+00
   1.5600944E+03   4.6900000E+02   4.2400000E+02   0.0000000E+00   0.0000000E+00
   1.5601020E+03   4.6900000E+02   4.2600000E+02   0.0000000E+00   0.0000000E+00
   1.5601095E+03   4.3700000E+02   3.9000000E+02   0.0000000E+00   0.0000000E+00
   1.5601170E+03   4.6800000E+02   4.1000000E+02   0.0000000E+00   0.0000000E+00
   1.5601246E+03   4.6100000E+02   4.0800000E+02   0.0000000E+00   0.0000000E+00
   1.5601321E+03   4.8100000E+02   4.3300000E+02   0.0000000E+00   0.0000000E+00
   1.5601396E+03   4.5200000E+02   4.1400000E+02   0.0000000E+00   0.0000000E+00
   1.5601471E+03   4.5200000E+02   4.0600000E+02   0.0000000E+00   0.0000000E+00
   1.5601547E+03   4.3300000E+02   3.7800000E+02   0.0000000E+00   0.0000000E+00
   1.5601622E+03   4.4700000E+02   4.0000000E+02   0.0000000E+00   0.0000000E+00
   1.5601697E+03   4.9600000E+02   4.4500000E+02   1.4258743E-03   1.5892891E-03
   1.5601773E+03   4.0700000E+02   3.6800000E+02   0.0000000E+00   0.0000000E+00
   1.5601848E+03   4.5100000E+02   4.0200000E+02   0.0000000E+00   0.0000000E+00
   1.5601923E+03   4.8300000E+02   4.1200000E+02   0.0000000E+00   0.0000000E+00
   1.5601998E+03   4.5900000E+02   4.2400000E+02   0.0000000E+00   0.0000000E+00
   1.5602074E+03   4.4400000E+02   3.9900000E+02   0.0000000E+00   0.0000000E+00
   1.5602149E+03   4.4900000E+02   4.0200000E+02   0.0000000E+00   0.0000000E+00
   1.5602224E+03   4.5300000E+02   4.0500000E+02   0.0000000E+00   0.0000000E+00
   1.5602300E+03   4.6700000E+02   4.1600000E+02   0.0000000E+00   0.0000000E+00
   1.5602375E+03   4.4300000E+02   4.0300000E+02   0.0000000E+00   0.0000000E+00
   1.5602450E+03   4.3600000E+02   3.8900000E+02   0.0000000E+00   0.0000000E+00
   1.5602525E+03   4.2300000E+02   3.7900000E+02   0.0000000E+00   0.0000000E+00
   1.5602601E+03   4.6300000E+02   4.1700000E+02   0.0000000E+00   0.0000000E+00
   1.5602676E+03   4.1000000E+02   3.6700000E+02   0.0000000E+00   0.0000000E+00
   1.5602751E+03   4.3000000E+02   3.8800000E+02   0.0000000E+00   0.0000000E+00
   1.5602827E+03   4.3200000E+02   3.8800000E+02   0.0000000E+00   0.0000000E+00
   1.5602902E+03   4.3400000E+02   3.8900000E+02   8.6622496E-04   0.0000000E+00
   1.5602977E+03   4.2100000E+02   3.7300000E+02   0.0000000E+00   0.0000000E+00
   1.5603052E+03   3.9000000E+02   3.5000000E+02   0.0000000E+00   0.0000000E+00
   1.5603128E+03   4.2200000E+02   3.8900000E+02   0.0000000E+00   0.0000000E+00
   1.5603203E+03   4.0600000E+02   3.6800000E+02   0.0000000E+00   0.0000000E+00
   1.5603278E+03   4.1900000E+02   3.8400000E+02   0.0000000E+00   0.0000000E+00
   1.5603354E+03   3.9900000E+02   3.5400000E+02   0.0000000E+00   0.0000000E+00
   1.5603429E+03   4.2700000E+02   3.7600000E+02   0.0000000E+00   0.0000000E+00
   1.5603504E+03   3.9200000E+02   3.5100000E+02   0.0000000E+00   0.0000000E+00
   1.5603579E+03   4.4400000E+02   3.9800000E+02   0.0000000E+00   0.0000000E+00
   1.5603655E+03   3.9100000E+02   3.5600000E+02   0.0000000E+00   0.0000000E+00
   1.5603730E+03   3.8000000E+02   3.5500000E+02   0.0000000E+00   0.0000000E+00
   1.5603805E+03   4.0300000E+02   3.6800000E+02   0.0000000E+00   0.0000000E+00
   1.5603881E+03   4.0800000E+02   3.5700000E+02   0.0000000E+00   0.0000000E+00
   1.5603956E+03   4.0800000E+02   3.6900000E+02   0.0000000E+00   0.0000000E+00
   1.5604031E+03   4.1300000E+02   3.7200000E+02   0.0000000E+00   0.0000000E+00
   1.5604106E+03   4.1900000E+02   3.8100000E+02   9.9470092E-05   1.0939099E-04
   1.5604182E+03   4.0600000E+02   3.6100000E+02   0.0000000E+00   0.0000000E+00
   1.5604257E+03   4.0900000E+02   3.6800000E+02   0.0000000E+00   0.0000000E+00
   1.5604332E+03   3.9300000E+02   3.5100000E+02   2.2800263E-03   2.5528500E-03
   1.5604408E+03   3.5800000E+02   3.1500000E+02   0.0000000E+00   0.0000000E+00
   1.5604483E+03   3.9700000E+02   3.6400000E+02   0.0000000E+00   0.0000000E+00
   1.5604558E+03   3.7300000E+02   3.4300000E+02   0.0000000E+00   0.0000000E+00
   1.5604633E+03   3.7700000E+02   3.4600000E+02   0.0000000E+00   0.0000000E+00
   1.5604709E+03   4.3500000E+02   3.9600000E+02   0.0000000E+00   0.0000000E+00
   1.5604784E+03   3.5500000E+02   3.3000000E+02   0.0000000E+00   0.0000000E+00
   1.5604859E+03   3.6600000E+02   3.2400000E+02   0.0000000E+00   0.0000000E+00
   1.5604935E+03   4.0400000E+02   3.5600000E+02   0.0000000E+00   0.0000000E+00
   1.5605010E+03   3.6100000E+02   3.3200000E+02   0.0000000E+00   0.0000000E+00
   1.5605085E+03   3.9600000E+02   3.5900000E+02   0.0000000E+00   0.0000000E+00
   1.5605160E+03   4.0200000E+02   3.5700000E+02   0.0000000E+00   0.0000000E+00
   1.5605236E+03   3.6900000E+02   3.3500000E+02   0.0000000E+00   0.0000000E+00
   1.5605311E+03   3.8600000E+02   3.4300000E+02   0.0000000E+00   0.0000000E+00
   1.5605386E+03   3.6200000E+02   3.2500000E+02   0.0000000E+00   0.0000000E+00
   1.5605461E+03   3.5800000E+02   3.2600000E+02   0.0000000E+00   0.0000000E+00
   1.5605537E+03   3.7500000E+02   3.3800000E+02   0.0000000E+00   0.0000000E+00
   1.5605612E+03   3.5600000E+02   3.2000000E+02   0.0000000E+00   0.0000000E+00
   1.5605687E+03   3.8500000E+02   3.5200000E+02   0.0000000E+00   0.0000000E+00
   1.5605763E+03   3.6900000E+02   3.2600000E+02   0.0000000E+00   0.0000000E+00
   1.5605838E+03   4.2300000E+02   3.8200000E+02   0.0000000E+00   0.0000000E+00
   1.5605913E+03   3.4800000E+02   3.1500000E+02   0.0000000E+00   0.0000000E+00
   1.5605988E+03   3.4100000E+02   2.9200000E+02   0.0000000E+00   0.0000000E+00
   1.5606064E+03   3.5200000E+02   3.0900000E+02   0.0000000E+00   0.0000000E+00
   1.5606139E+03   3.5600000E+02   3.2800000E+02   0.0000000E+00   0.0000000E+00
   1.5606214E+03   3.5600000E+02   3.2200000E+02   0.0000000E+00   0.0000000E+00
   1.5606290E+03   3.0800000E+02   2.7900000E+02   0.0000000E+00   0.0000000E+00
   1.5606365E+03   3.3200000E+02   2.9700000E+02   0.0000000E+00   0.0000000E+00
   1.5606440E+03   3.5000000E+02   3.1000000E+02   0.0000000E+00   0.0000000E+00
   1.5606515E+03   3.3800000E+02   3.1400000E+02   0.0000000E+00   0.0000000E+00
   1.5606591E+03   3.4000000E+02   3.1300000E+02   0.0000000E+00   0.0000000E+00
   1.5606666E+03   3.5100000E+02   3.1200000E+02   0.0000000E+00   0.0000000E+00
   1.5606741E+03   3.7800000E+02   3.3900000E+02   0.0000000E+00   0.0000000E+00
   1.5606817E+03   3.3500000E+02   3.0900000E+02   0.0000000E+00   0.0000000E+00
   1.5606892E+03   3.1400000E+02   2.8900000E+02   0.0000000E+00   0.0000000E+00
   1.5606967E+03   3.2900000E+02   2.9000000E+02   0.0000000E+00   0.0000000E+00
   1.5607042E+03   3.6100000E+02   3.3400000E+02   0.0000000E+00   0.0000000E+00
   1.5607118E+03   3.3900000E+02   2.9900000E+02   0.0000000E+00   0.0000000E+00
   1.5607193E+03   3.6700000E+02   3.2400000E+02   0.0000000E+00   0.0000000E+00
   1.5607268E+03   3.7600000E+02   3.4000000E+02   0.0000000E+00   0.0000000E+00
   1.5607344E+03   3.6400000E+02   3.2500000E+02   0.0000000E+00   0.0000000E+00
   1.5607419E+03   3.2800000E+02   2.9500000E+02   0.0000000E+00   0.0000000E+00
   1.5607494E+03   3.6800000E+02   3.2700000E+02   0.0000000E+00   0.0000000E+00
   1.5607569E+03   3.6900000E+02   3.3000000E+02   0.0000000E+00   0.0000000E+00
   1.5607645E+03   3.1800000E+02   2.9300000E+02   0.0000000E+00   0.0000000E+00
   1.5607720E+03   3.4300000E+02   3.2000000E+02   1.0493988E-03   1.1248243E-03
