   1.5381945E+03   5.3100000E+02   4.7700000E+02   0.0000000E+00   0.0000000E+00
   1.5382021E+03   5.1100000E+02   4.5900000E+02   0.0000000E+00   0.0000000E+00
   1.5382096E+03   5.5500000E+02   5.1100000E+02   0.0000000E+00   0.0000000E+00
   1.5382171E+03   4.8100000E+02   4.3600000E+02   0.0000000E+00   0.0000000E+00
   1.5382246E+03   4.9800000E+02   4.4400000E+02   0.0000000E+00   0.0000000E+00
   1.5382322E+03   5.0600000E+02   4.5600000E+02   0.0000000E+00   0.0000000E+00
   1.5382397E+03   5.2100000E+02   4.7000000E+02   0.0000000E+00   0.0000000E+00
   1.5382472E+03   4.8900000E+02   4.3700000E+02   0.0000000E+00   0.0000000E+00
   1.5382548E+03   4.7800000E+02   4.3200000E+02   0.0000000E+00   0.0000000E+00
   1.5382623E+03   5.4200000E+02   4.8400000E+02   0.0000000E+00   0.0000000E+00
   1.5382698E+03   5.0600000E+02   4.6100000E+02   0.0000000E+00   0.0000000E+00
   1.5382773E+03   5.0000000E+02   4.5800000E+02   0.0000000E+00   0.0000000E+00
   1.5382849E+03   5.3400000E+02   4.9500000E+02   0.0000000E+00   0.0000000E+00
   1.5382924E+03   5.7400000E+02   5.2300000E+02   0.0000000E+00   0.0000000E+00
   1.5382999E+03   5.5300000E+02   4.9900000E+02   0.0000000E+00   0.0000000E+00
   1.5383075E+03   5.6500000E+02   5.0100000E+02   0.0000000E+00   0.0000000E+00
   1.5383150E+03   5.7200000E+02   5.2300000E+02   0.0000000E+00   0.0000000E+00
   1.5383225E+03   5.8400000E+02   5.2800000E+02   0.0000000E+00   0.0000000E+00
   1.5383300E+03   5.4400000E+02   4.9500000E+02   0.0000000E+00   0.0000000E+00
   1.5383376E+03   5.2400000E+02   4.6200000E+02   0.0000000E+00   0.0000000E+00
   1.5383451E+03   5.4000000E+02   4.8700000E+02   1.4999837E-03   1.6632263E-03
   1.5383526E+03   5.2800000E+02   4.8100000E+02   0.0000000E+00   0.0000000E+00
   1.5383602E+03   5.4000000E+02   4.8600000E+02   0.0000000E+00   0.0000000E+00
   1.5383677E+03   5.6100000E+02   4.9900000E+02   0.0000000E+00   0.0000000E+00
   1.5383752E+03   5.9200000E+02   5.3600000E+02   0.0000000E+00   0.0000000E+00
   1.5383827E+03   5.9200000E+02   5.3500000E+02   0.0000000E+00   0.0000000E+00
   1.5383903E+03   4.9000000E+02   4.3800000E+02   0.0000000E+00   0.0000000E+00
   1.5383978E+03   5.6500000E+02   4.9300000E+02   0.0000000E+00   0.0000000E+00
   1.5384053E+03   5.7300000E+02   5.0800000E+02   0.0000000E+00   0.0000000E+00
   1.5384128E+03   5.3600000E+02   4.8000000E+02   0.0000000E+00   0.0000000E+00
   1.5384204E+03   5.3800000E+02   4.8500000E+02   0.0000000E+00   0.0000000E+00
   1.5384279E+03   5.7500000E+02   5.1100000E+02   0.0000000E+00   0.0000000E+00
   1.5384354E+03   5.9400000E+02   5.2700000E+02   0.0000000E+00   0.0000000E+00
   1.5384430E+03   5.9700000E+02   5.4300000E+02   0.0000000E+00   0.0000000E+00
   1.5384505E+03   5.8700000E+02   5.3100000E+02   0.0000000E+00   0.0000000E+00
   1.5384580E+03   5.7900000E+02   5.2500000E+02   0.0000000E+00   0.0000000E+00
   1.5384655E+03   6.1700000E+02   5.6100000E+02   0.0000000E+00   0.0000000E+00
   1.5384731E+03   5.9100000E+02   5.1900000E+02   0.0000000E+00   0.0000000E+00
   1.5384806E+03   5.8300000E+02   5.1700000E+02   0.0000000E+00   0.0000000E+00
   1.5384881E+03   6.2800000E+02   5.6200000E+02   0.0000000E+00   0.0000000E+00
   1.5384957E+03   6.1200000E+02   5.4700000E+02   0.0000000E+00   0.0000000E+00
   1.5385032E+03   6.3700000E+02   5.6900000E+02   1.6695734E-03   1.8691006E-03
   1.5385107E+03   5.9800000E+02   5.3500000E+02   0.0000000E+00   0.0000000E+00
   1.5385182E+03   6.0700000E+02   5.5600000E+02   0.0000000E+00   0.0000000E+00
   1.5385258E+03   6.2000000E+02   5.6600000E+02   0.0000000E+00   0.0000000E+00
   1.5385333E+03   5.5800000E+02   5.1100000E+02   1.6200385E-03   1.7690440E-03
   1.5385408E+03   5.9700000E+02   5.3700000E+02   0.0000000E+00   0.0000000E+00
   1.5385484E+03   6.4700000E+02   5.6900000E+02   0.0000000E+00   0.0000000E+00
   1.5385559E+03   5.8400000E+02   5.1500000E+02   0.0000000E+00   0.0000000E+00
   1.5385634E+03   5.9500000E+02   5.3700000E+02   0.0000000E+00   0.0000000E+00
   1.5385709E+03   6.3400000E+02   5.7100000E+02   0.0000000E+00   0.0000000E+00
   1.5385785E+03   6.0300000E+02   5.5700000E+02   0.0000000E+00   0.0000000E+00
   1.5385860E+03   5.7900000E+02   5.1800000E+02   0.0000000E+00   0.0000000E+00
   1.5385935E+03   6.1000000E+02   5.5000000E+02   0.0000000E+00   0.0000000E+00
   1.5386011E+03   6.3200000E+02   5.7200000E+02   0.0000000E+00   0.0000000E+00
   1.5386086E+03   6.0100000E+02   5.3900000E+02   0.0000000E+00   0.0000000E+00
   1.5386161E+03   5.8500000E+02   5.2700000E+02   0.0000000E+00   0.0000000E+00
   1.5386236E+03   6.3900000E+02   5.8300000E+02   0.0000000E+00   0.0000000E+00
   1.5386312E+03   5.9700000E+02   5.3500000E+02   0.0000000E+00   0.0000000E+00
   1.5386387E+03   5.8600000E+02   5.2800000E+02   0.0000000E+00   0.0000000E+00
   1.5386462E+03   6.5100000E+02   5.8200000E+02   0.0000000E+00   0.0000000E+00
   1.5386538E+03   6.0400000E+02   5.3400000E+02   0.0000000E+00   0.0000000E+00
   1.5386613E+03   6.6200000E+02   5.9600000E+02   1.4638673E-03   1.6259734E-03
   1.5386688E+03   5.7800000E+02   5.1800000E+02   0.0000000E+00   0.0000000E+00
   1.5386763E+03   6.4700000E+02   5.8400000E+02   0.0000000E+00   0.0000000E+00
   1.5386839E+03   6.1300000E+02   5.4700000E+02   0.0000000E+00   0.0000000E+00
   1.5386914E+03   6.6800000E+02   6.1100000E+02   0.0000000E+00   0.0000000E+00
   1.5386989E+03   6.0700000E+02   5.5500000E+02   0.0000000E+00   0.0000000E+00
   1.5387065E+03   6.4500000E+02   5.9400000E+02   0.0000000E+00   0.0000000E+00
   1.5387140E+03   6.8100000E+02   6.0400000E+02   0.0000000E+00   0.0000000E+00
   1.5387215E+03   6.3100000E+02   5.6900000E+02   0.0000000E+00   0.0000000E+00
   1.5387290E+03   6.5500000E+02   5.8200000E+02   0.0000000E+00   0.0000000E+00
   1.5387366E+03   6.8500000E+02   6.1600000E+02   0.0000000E+00   0.0000000E+00
   1.5387441E+03   6.4300000E+02   5.7800000E+02   0.0000000E+00   0.0000000E+00
   1.5387516E+03   6.5200000E+02   5.8800000E+02   0.0000000E+00   0.0000000E+00
   1.5387592E+03   6.5300000E+02   5.7900000E+02   7.6889012E-04   8.6715933E-04
   1.5387667E+03   6.5700000E+02   5.8000000E+02   0.0000000E+00   0.0000000E+00
   1.5387742E+03   6.5900000E+02   5.8700000E+02   0.0000000E+00   0.0000000E+00
   1.5387817E+03   6.1400000E+02   5.5600000E+02   0.0000000E+00   0.0000000E+00
   1.5387893E+03   6.3800000E+02   5.6800000E+02   0.0000000E+00   0.0000000E+00
   1.5387968E+03   7.3400000E+02   6.5100000E+02   0.0000000E+00   0.0000000E+00
   1.5388043E+03   6.2200000E+02   5.5500000E+02   0.0000000E+00   0.0000000E+00
   1.5388119E+03   6.6300000E+02   5.8400000E+02   0.0000000E+00   0.0000000E+00
   1.5388194E+03   7.2100000E+02   6.5100000E+02   0.0000000E+00   0.0000000E+00
   1.5388269E+03   6.8400000E+02   6.0600000E+02   0.0000000E+00   0.0000000E+00
   1.5388344E+03   6.4900000E+02   5.8000000E+02   0.0000000E+00   0.0000000E+00
   1.5388420E+03   7.3800000E+02   6.7300000E+02   0.0000000E+00   0.0000000E+00
   1.5388495E+03   6.8400000E+02   6.1700000E+02   0.0000000E+00   0.0000000E+00
   1.5388570E+03   6.8200000E+02   6.1500000E+02   0.0000000E+00   0.0000000E+00
   1.5388646E+03   7.2100000E+02   6.5300000E+02   0.0000000E+00   0.0000000E+00
   1.5388721E+03   6.7800000E+02   6.1000000E+02   0.0000000E+00   0.0000000E+00
   1.5388796E+03   6.6800000E+02   6.0500000E+02   0.0000000E+00   0.0000000E+00
   1.5388871E+03   7.2300000E+02   6.3500000E+02   0.0000000E+00   0.0000000E+00
   1.5388947E+03   6.9100000E+02   6.2300000E+02   0.0000000E+00   0.0000000E+00
   1.5389022E+03   6.7900000E+02   6.1900000E+02   0.0000000E+00   0.0000000E+00
   1.5389097E+03   6.8800000E+02   6.2100000E+02   0.0000000E+00   0.0000000E+00
   1.5389172E+03   7.1800000E+02   6.4000000E+02   0.0000000E+00   0.0000000E+00
   1.5389248E+03   6.7000000E+02   5.9200000E+02   0.0000000E+00   0.0000000E+00
   1.5389323E+03   7.3800000E+02   6.7600000E+02   0.0000000E+00   0.0000000E+00
   1.5389398E+03   6.8100000E+02   6.0400000E+02   0.0000000E+00   0.0000000E+00
   1.5389474E+03   7.2100000E+02   6.4800000E+02   0.0000000E+00   0.0000000E+00
   1.5389549E+03   7.2500000E+02   6.5900000E+02   0.0000000E+00   0.0000000E+00
   1.5389624E+03   7.0700000E+02   6.3900000E+02   0.0000000E+00   0.0000000E+00
   1.5389699E+03   6.6900000E+02   5.8800000E+02   0.0000000E+00   0.0000000E+00
   1.5389775E+03   6.9200000E+02   6.1400000E+02   0.0000000E+00   0.0000000E+00
   1.5389850E+03   7.6800000E+02   6.9600000E+02   0.0000000E+00   0.0000000E+00
   1.5389925E+03   7.5600000E+02   6.7600000E+02   0.0000000E+00   0.0000000E+00
   1.5390001E+03   7.2600000E+02   6.4400000E+02   0.0000000E+00   0.0000000E+00
   1.5390076E+03   7.2900000E+02   6.5100000E+02   0.0000000E+00   0.0000000E+00
   1.5390151E+03   6.9500000E+02   6.3400000E+02   0.0000000E+00   0.0000000E+00
   1.5390226E+03   7.2000000E+02   6.3600000E+02   0.0000000E+00   0.0000000E+00
   1.5390302E+03   7.5000000E+02   6.7000000E+02   0.0000000E+00   0.0000000E+00
   1.5390377E+03   7.7300000E+02   6.8600000E+02   5.3887169E-04   6.0721256E-04
   1.5390452E+03   7.5700000E+02   6.8200000E+02   0.0000000E+00   0.0000000E+00
   1.5390528E+03   7.3300000E+02   6.6100000E+02   0.0000000E+00   0.0000000E+00
   1.5390603E+03   7.7300000E+02   6.9800000E+02   0.0000000E+00   0.0000000E+00
   1.5390678E+03   7.6600000E+02   6.9500000E+02   0.0000000E+00   0.0000000E+00
   1.5390753E+03   7.6600000E+02   6.8700000E+02   0.0000000E+00   0.0000000E+00
   1.5390829E+03   7.8200000E+02   7.0300000E+02   0.0000000E+00   0.0000000E+00
   1.5390904E+03   7.4400000E+02   6.6700000E+02   0.0000000E+00   0.0000000E+00
   1.5390979E+03   7.7200000E+02   6.9300000E+02   5.5140291E-04   6.1426125E-04
   1.5391055E+03   8.3900000E+02   7.3000000E+02   1.1487298E-03   1.3202524E-03
   1.5391130E+03   7.1400000E+02   6.4600000E+02   0.0000000E+00   0.0000000E+00
   1.5391205E+03   7.4400000E+02   6.6000000E+02   0.0000000E+00   0.0000000E+00
   1.5391280E+03   7.8600000E+02   7.0100000E+02   0.0000000E+00   0.0000000E+00
   1.5391356E+03   8.1100000E+02   7.2800000E+02   0.0000000E+00   0.0000000E+00
   1.5391431E+03   7.7500000E+02   6.9700000E+02   0.0000000E+00   0.0000000E+00
   1.5391506E+03   7.9300000E+02   7.1700000E+02   0.0000000E+00   0.0000000E+00
   1.5391582E+03   7.6200000E+02   6.8300000E+02   6.1165658E-04   6.8240456E-04
   1.5391657E+03   8.1100000E+02   7.4900000E+02   0.0000000E+00   0.0000000E+00
   1.5391732E+03   8.0900000E+02   7.2800000E+02   0.0000000E+00   0.0000000E+00
   1.5391807E+03   7.6000000E+02   6.8200000E+02   6.5413221E-04   7.2894499E-04
   1.5391883E+03   8.0100000E+02   7.1700000E+02   0.0000000E+00   0.0000000E+00
   1.5391958E+03   7.5900000E+02   6.8900000E+02   0.0000000E+00   0.0000000E+00
   1.5392033E+03   8.1300000E+02   7.3200000E+02   1.5127263E-04   1.6801182E-04
   1.5392109E+03   8.2300000E+02   7.5600000E+02   0.0000000E+00   0.0000000E+00
   1.5392184E+03   8.3800000E+02   7.5100000E+02   0.0000000E+00   0.0000000E+00
   1.5392259E+03   7.7400000E+02   6.9200000E+02   0.0000000E+00   0.0000000E+00
   1.5392334E+03   8.2400000E+02   7.4300000E+02   0.0000000E+00   0.0000000E+00
   1.5392410E+03   8.2700000E+02   7.3200000E+02   0.0000000E+00   0.0000000E+00
   1.5392485E+03   8.4000000E+02   7.6500000E+02   0.0000000E+00   0.0000000E+00
   1.5392560E+03   8.1500000E+02   7.5200000E+02   0.0000000E+00   0.0000000E+00
   1.5392636E+03   7.8000000E+02   7.0600000E+02   0.0000000E+00   0.0000000E+00
   1.5392711E+03   7.7000000E+02   6.8500000E+02   0.0000000E+00   0.0000000E+00
   1.5392786E+03   7.9500000E+02   7.1400000E+02   0.0000000E+00   0.0000000E+00
   1.5392861E+03   8.0300000E+02   7.3600000E+02   0.0000000E+00   0.0000000E+00
   1.5392937E+03   8.5100000E+02   7.7300000E+02   0.0000000E+00   0.0000000E+00
   1.5393012E+03   8.5000000E+02   7.5900000E+02   0.0000000E+00   0.0000000E+00
   1.5393087E+03   8.6100000E+02   7.8600000E+02   0.0000000E+00   0.0000000E+00
   1.5393162E+03   8.2000000E+02   7.4400000E+02   8.9108060E-04   9.8210496E-04
   1.5393238E+03   8.0300000E+02   7.1200000E+02   0.0000000E+00   0.0000000E+00
   1.5393313E+03   8.2500000E+02   7.5100000E+02   0.0000000E+00   0.0000000E+00
   1.5393388E+03   8.5700000E+02   7.7100000E+02   0.0000000E+00   0.0000000E+00
   1.5393464E+03   8.5200000E+02   7.6000000E+02   0.0000000E+00   0.0000000E+00
   1.5393539E+03   8.3400000E+02   7.6100000E+02   0.0000000E+00   0.0000000E+00
   1.5393614E+03   8.6700000E+02   7.6900000E+02   0.0000000E+00   0.0000000E+00
   1.5393689E+03   8.3800000E+02   7.4600000E+02   6.5980019E-04   7.4116965E-04
   1.5393765E+03   8.3600000E+02   7.3200000E+02   0.0000000E+00   0.0000000E+00
   1.5393840E+03   8.6800000E+02   7.7300000E+02   4.0137980E-04   4.5070849E-04
   1.5393915E+03   8.9300000E+02   8.0600000E+02   0.0000000E+00   0.0000000E+00
   1.5393991E+03   8.6900000E+02   7.8200000E+02   0.0000000E+00   0.0000000E+00
   1.5394066E+03   8.8600000E+02   8.1000000E+02   0.0000000E+00   0.0000000E+00
   1.5394141E+03   8.7100000E+02   7.8300000E+02   0.0000000E+00   0.0000000E+00
   1.5394216E+03   8.6500000E+02   7.8000000E+02   0.0000000E+00   0.0000000E+00
   1.5394292E+03   8.7000000E+02   7.7400000E+02   0.0000000E+00   0.0000000E+00
   1.5394367E+03   8.7600000E+02   7.9800000E+02   0.0000000E+00   0.0000000E+00
   1.5394442E+03   8.7300000E+02   7.8900000E+02   0.0000000E+00   0.0000000E+00
   1.5394518E+03   9.2000000E+02   8.2200000E+02   0.0000000E+00   0.0000000E+00
   1.5394593E+03   9.1900000E+02   8.2900000E+02   0.0000000E+00   0.0000000E+00
   1.5394668E+03   9.1700000E+02   8.2800000E+02   0.0000000E+00   0.0000000E+00
   1.5394743E+03   8.8100000E+02   7.9200000E+02   0.0000000E+00   0.0000000E+00
   1.5394819E+03   9.0100000E+02   8.1200000E+02   0.0000000E+00   0.0000000E+00
   1.5394894E+03   9.1900000E+02   8.3700000E+02   0.0000000E+00   0.0000000E+00
   1.5394969E+03   9.0400000E+02   8.1100000E+02   0.0000000E+00   0.0000000E+00
   1.5395045E+03   9.3600000E+02   8.5100000E+02   0.0000000E+00   0.0000000E+00
   1.5395120E+03   9.3300000E+02   8.3300000E+02   0.0000000E+00   0.0000000E+00
   1.5395195E+03   8.8800000E+02   8.0400000E+02   0.0000000E+00   0.0000000E+00
   1.5395270E+03   8.9000000E+02   8.0500000E+02   0.0000000E+00   0.0000000E+00
   1.5395346E+03   9.4100000E+02   8.3900000E+02   0.0000000E+00   0.0000000E+00
   1.5395421E+03   8.9600000E+02   8.1000000E+02   0.0000000E+00   0.0000000E+00
   1.5395496E+03   9.1500000E+02   8.1900000E+02   0.0000000E+00   0.0000000E+00
   1.5395572E+03   9.5200000E+02   8.6400000E+02   4.4447757E-04   4.8974843E-04
   1.5395647E+03   9.2100000E+02   8.3900000E+02   0.0000000E+00   0.0000000E+00
   1.5395722E+03   8.8800000E+02   7.8400000E+02   1.0603614E-03   1.2010216E-03
   1.5395797E+03   9.2100000E+02   8.2600000E+02   0.0000000E+00   0.0000000E+00
   1.5395873E+03   9.5700000E+02   8.7700000E+02   0.0000000E+00   0.0000000E+00
   1.5395948E+03   9.5400000E+02   8.5700000E+02   0.0000000E+00   0.0000000E+00
   1.5396023E+03   9.1900000E+02   8.3000000E+02   0.0000000E+00   0.0000000E+00
   1.5396099E+03   9.3500000E+02   8.4000000E+02   0.0000000E+00   0.0000000E+00
   1.5396174E+03   9.4000000E+02   8.4000000E+02   0.0000000E+00   0.0000000E+00
   1.5396249E+03   9.2600000E+02   8.3200000E+02   0.0000000E+00   0.0000000E+00
   1.5396324E+03   9.8000000E+02   8.9400000E+02   0.0000000E+00   0.0000000E+00
   1.5396400E+03   9.3500000E+02   8.3600000E+02   0.0000000E+00   0.0000000E+00
   1.5396475E+03   9.7600000E+02   8.9400000E+02   0.0000000E+00   0.0000000E+00
   1.5396550E+03   9.4500000E+02   8.4100000E+02   9.5928778E-04   1.0779155E-03
   1.5396626E+03   9.8100000E+02   8.8500000E+02   0.0000000E+00   0.0000000E+00
   1.5396701E+03   9.1200000E+02   8.2400000E+02   0.0000000E+00   0.0000000E+00
   1.5396776E+03   9.8400000E+02   9.0300000E+02   0.0000000E+00   0.0000000E+00
   1.5396851E+03   9.1400000E+02   8.2200000E+02   8.0460964E-05   8.9466328E-05
   1.5396927E+03   9.6700000E+02   8.7200000E+02   0.0000000E+00   0.0000000E+00
   1.5397002E+03   9.8000000E+02   8.8800000E+02   0.0000000E+00   0.0000000E+00
   1.5397077E+03   1.0130000E+03   9.0100000E+02   0.0000000E+00   0.0000000E+00
   1.5397153E+03   1.0370000E+03   9.2300000E+02   0.0000000E+00   0.0000000E+00
   1.5397228E+03   9.8400000E+02   8.9500000E+02   0.0000000E+00   0.0000000E+00
   1.5397303E+03   9.8800000E+02   8.8500000E+02   0.0000000E+00   0.0000000E+00
   1.5397378E+03   9.9500000E+02   8.9900000E+02   0.0000000E+00   0.0000000E+00
   1.5397454E+03   1.0090000E+03   9.1200000E+02   0.0000000E+00   0.0000000E+00
   1.5397529E+03   1.0100000E+03   9.0900000E+02   0.0000000E+00   0.0000000E+00
   1.5397604E+03   9.8200000E+02   8.8000000E+02   0.0000000E+00   0.0000000E+00
   1.5397679E+03   9.8500000E+02   8.6100000E+02   0.0000000E+00   0.0000000E+00
   1.5397755E+03   9.9400000E+02   8.8800000E+02   0.0000000E+00   0.0000000E+00
   1.5397830E+03   9.9700000E+02   8.9400000E+02   0.0000000E+00   0.0000000E+00
   1.5397905E+03   9.4600000E+02   8.5200000E+02   0.0000000E+00   0.0000000E+00
   1.5397981E+03   9.7600000E+02   8.7500000E+02   0.0000000E+00   0.0000000E+00
   1.5398056E+03   1.0200000E+03   9.1900000E+02   0.0000000E+00   0.0000000E+00
   1.5398131E+03   9.8300000E+02   8.7900000E+02   0.0000000E+00   0.0000000E+00
   1.5398206E+03   1.0530000E+03   9.2700000E+02   0.0000000E+00   0.0000000E+00
   1.5398282E+03   1.0810000E+03   9.5600000E+02   0.0000000E+00   0.0000000E+00
   1.5398357E+03   1.0220000E+03   9.1000000E+02   0.0000000E+00   0.0000000E+00
   1.5398432E+03   1.0320000E+03   9.3500000E+02   0.0000000E+00   0.0000000E+00
   1.5398508E+03   1.0710000E+03   9.6400000E+02   0.0000000E+00   0.0000000E+00
   1.5398583E+03   1.0450000E+03   9.5900000E+02   0.0000000E+00   0.0000000E+00
   1.5398658E+03   9.9200000E+02   8.9400000E+02   0.0000000E+00   0.0000000E+00
   1.5398733E+03   1.0630000E+03   9.4900000E+02   3.4322970E-04   3.8446066E-04
   1.5398809E+03   9.7600000E+02   8.6500000E+02   0.0000000E+00   0.0000000E+00
   1.5398884E+03   1.0600000E+03   9.4500000E+02   0.0000000E+00   0.0000000E+00
   1.5398959E+03   1.0580000E+03   9.4900000E+02   0.0000000E+00   0.0000000E+00
   1.5399035E+03   1.0780000E+03   9.7600000E+02   0.0000000E+00   0.0000000E+00
   1.5399110E+03   1.0640000E+03   9.6600000E+02   0.0000000E+00   0.0000000E+00
   1.5399185E+03   1.0880000E+03   9.8200000E+02   0.0000000E+00   0.0000000E+00
   1.5399260E+03   1.0780000E+03   9.6500000E+02   0.0000000E+00   0.0000000E+00
   1.5399336E+03   1.1030000E+03   9.8300000E+02   0.0000000E+00   0.0000000E+00
   1.5399411E+03   1.1110000E+03   9.9800000E+02   0.0000000E+00   0.0000000E+00
   1.5399486E+03   1.0650000E+03   9.6600000E+02   8.1971552E-05   9.0372363E-05
   1.5399562E+03   1.0960000E+03   9.9600000E+02   0.0000000E+00   0.0000000E+00
   1.5399637E+03   1.0880000E+03   9.9800000E+02   0.0000000E+00   0.0000000E+00
   1.5399712E+03   1.0910000E+03   9.8100000E+02   0.0000000E+00   0.0000000E+00
   1.5399787E+03   1.0730000E+03   9.7200000E+02   0.0000000E+00   0.0000000E+00
   1.5399863E+03   1.0640000E+03   9.5800000E+02   0.0000000E+00   0.0000000E+00
   1.5399938E+03   1.1360000E+03   1.0270000E+03   0.0000000E+00   0.0000000E+00
   1.5400013E+03   1.0980000E+03   9.9100000E+02   0.0000000E+00   0.0000000E+00
   1.5400089E+03   1.1130000E+03   1.0130000E+03   0.0000000E+00   0.0000000E+00
   1.5400164E+03   1.1400000E+03   1.0220000E+03   0.0000000E+00   0.0000000E+00
   1.5400239E+03   1.0970000E+03   9.9700000E+02   6.4480589E-04   7.0948050E-04
   1.5400314E+03   1.1400000E+03   1.0190000E+03   0.0000000E+00   0.0000000E+00
   1.5400390E+03   1.0840000E+03   9.8300000E+02   0.0000000E+00   0.0000000E+00
   1.5400465E+03   1.1130000E+03   9.9200000E+02   8.6267076E-04   9.6789572E-04
   1.5400540E+03   1.1420000E+03   1.0170000E+03   0.0000000E+00   0.0000000E+00
   1.5400616E+03   1.1240000E+03   1.0230000E+03   0.0000000E+00   0.0000000E+00
   1.5400691E+03   1.1520000E+03   1.0460000E+03   0.0000000E+00   0.0000000E+00
   1.5400766E+03   1.1610000E+03   1.0470000E+03   0.0000000E+00   0.0000000E+00
   1.5400841E+03   1.0850000E+03   9.7600000E+02   0.0000000E+00   0.0000000E+00
   1.5400917E+03   1.1220000E+03   9.9500000E+02   0.0000000E+00   0.0000000E+00
   1.5400992E+03   1.1660000E+03   1.0600000E+03   0.0000000E+00   0.0000000E+00
   1.5401067E+03   1.1010000E+03   9.9400000E+02   0.0000000E+00   0.0000000E+00
   1.5401143E+03   1.1330000E+03   1.0220000E+03   0.0000000E+00   0.0000000E+00
   1.5401218E+03   1.1040000E+03   1.0030000E+03   0.0000000E+00   0.0000000E+00
   1.5401293E+03   1.1530000E+03   1.0230000E+03   0.0000000E+00   0.0000000E+00
   1.5401368E+03   1.1360000E+03   1.0230000E+03   0.0000000E+00   0.0000000E+00
   1.5401444E+03   1.1840000E+03   1.0700000E+03   7.4830713E-04   8.2803331E-04
   1.5401519E+03   1.0920000E+03   9.5600000E+02   0.0000000E+00   0.0000000E+00
   1.5401594E+03   1.1310000E+03   1.0210000E+03   0.0000000E+00   0.0000000E+00
   1.5401670E+03   1.2130000E+03   1.1000000E+03   0.0000000E+00   0.0000000E+00
   1.5401745E+03   1.2000000E+03   1.0880000E+03   0.0000000E+00   0.0000000E+00
   1.5401820E+03   1.1810000E+03   1.0580000E+03   0.0000000E+00   0.0000000E+00
   1.5401895E+03   1.2150000E+03   1.0960000E+03   5.4775906E-05   6.0723290E-05
   1.5401971E+03   1.1600000E+03   1.0470000E+03   0.0000000E+00   0.0000000E+00
   1.5402046E+03   1.2110000E+03   1.0920000E+03   0.0000000E+00   0.0000000E+00
   1.5402121E+03   1.1370000E+03   1.0170000E+03   0.0000000E+00   0.0000000E+00
   1.5402197E+03   1.2130000E+03   1.0890000E+03   0.0000000E+00   0.0000000E+00
   1.5402272E+03   1.1780000E+03   1.0660000E+03   5.3228284E-05   5.8820749E-05
   1.5402347E+03   1.1830000E+03   1.0470000E+03   0.0000000E+00   0.0000000E+00
   1.5402422E+03   1.1700000E+03   1.0570000E+03   0.0000000E+00   0.0000000E+00
   1.5402498E+03   1.2100000E+03   1.0900000E+03   0.0000000E+00   0.0000000E+00
   1.5402573E+03   1.1560000E+03   1.0250000E+03   0.0000000E+00   0.0000000E+00
   1.5402648E+03   1.1920000E+03   1.0880000E+03   0.0000000E+00   0.0000000E+00
   1.5402723E+03   1.1650000E+03   1.0510000E+03   0.0000000E+00   0.0000000E+00
   1.5402799E+03   1.2240000E+03   1.1170000E+03   0.0000000E+00   0.0000000E+00
   1.5402874E+03   1.2270000E+03   1.1070000E+03   0.0000000E+00   0.0000000E+00
   1.5402949E+03   1.1970000E+03   1.0630000E+03   0.0000000E+00   0.0000000E+00
   1.5403025E+03   1.2430000E+03   1.1150000E+03   0.0000000E+00   0.0000000E+00
   1.5403100E+03   1.2810000E+03   1.1640000E+03   3.9674868E-04   4.3662806E-04
   1.5403175E+03   1.1990000E+03   1.0760000E+03   0.0000000E+00   0.0000000E+00
   1.5403250E+03   1.2180000E+03   1.1050000E+03   0.0000000E+00   0.0000000E+00
   1.5403326E+03   1.2170000E+03   1.1100000E+03   0.0000000E+00   0.0000000E+00
   1.5403401E+03   1.3000000E+03   1.1720000E+03   0.0000000E+00   0.0000000E+00
   1.5403476E+03   1.2820000E+03   1.1530000E+03   0.0000000E+00   0.0000000E+00
   1.5403552E+03   1.2520000E+03   1.1170000E+03   0.0000000E+00   0.0000000E+00
   1.5403627E+03   1.2830000E+03   1.1430000E+03   0.0000000E+00   0.0000000E+00
   1.5403702E+03   1.3320000E+03   1.2000000E+03   0.0000000E+00   0.0000000E+00
   1.5403777E+03   1.2850000E+03   1.1620000E+03   0.0000000E+00   0.0000000E+00
   1.5403853E+03   1.3280000E+03   1.1870000E+03   0.0000000E+00   0.0000000E+00
   1.5403928E+03   1.2550000E+03   1.1480000E+03   0.0000000E+00   0.0000000E+00
   1.5404003E+03   1.2870000E+03   1.1410000E+03   0.0000000E+00   0.0000000E+00
   1.5404079E+03   1.2560000E+03   1.1110000E+03   0.0000000E+00   0.0000000E+00
   1.5404154E+03   1.2760000E+03   1.1500000E+03   0.0000000E+00   0.0000000E+00
   1.5404229E+03   1.2640000E+03   1.1390000E+03   0.0000000E+00   0.0000000E+00
   1.5404304E+03   1.2990000E+03   1.1720000E+03   1.6839170E-04   1.8663892E-04
   1.5404380E+03   1.2500000E+03   1.1340000E+03   0.0000000E+00   0.0000000E+00
   1.5404455E+03   1.3920000E+03   1.2630000E+03   0.0000000E+00   0.0000000E+00
   1.5404530E+03   1.2890000E+03   1.1740000E+03   0.0000000E+00   0.0000000E+00
   1.5404606E+03   1.3270000E+03   1.1940000E+03   0.0000000E+00   0.0000000E+00
   1.5404681E+03   1.3030000E+03   1.1630000E+03   3.7799730E-04   4.2349999E-04
   1.5404756E+03   1.3110000E+03   1.1830000E+03   0.0000000E+00   0.0000000E+00
   1.5404831E+03   1.3740000E+03   1.2160000E+03   0.0000000E+00   0.0000000E+00
   1.5404907E+03   1.3920000E+03   1.2500000E+03   9.2636548E-05   1.0316006E-04
   1.5404982E+03   1.2640000E+03   1.1290000E+03   6.0522223E-04   6.7759158E-04
   1.5405057E+03   1.3050000E+03   1.1690000E+03   0.0000000E+00   0.0000000E+00
   1.5405133E+03   1.3440000E+03   1.2180000E+03   0.0000000E+00   0.0000000E+00
   1.5405208E+03   1.3610000E+03   1.2350000E+03   0.0000000E+00   0.0000000E+00
   1.5405283E+03   1.3060000E+03   1.1860000E+03   0.0000000E+00   0.0000000E+00
   1.5405358E+03   1.3250000E+03   1.1950000E+03   0.0000000E+00   0.0000000E+00
   1.5405434E+03   1.4230000E+03   1.2690000E+03   0.0000000E+00   0.0000000E+00
   1.5405509E+03   1.3690000E+03   1.2250000E+03   0.0000000E+00   0.0000000E+00
   1.5405584E+03   1.3480000E+03   1.2200000E+03   5.0273411E-04   5.5547998E-04
   1.5405660E+03   1.3820000E+03   1.2590000E+03   0.0000000E+00   0.0000000E+00
   1.5405735E+03   1.3150000E+03   1.1890000E+03   0.0000000E+00   0.0000000E+00
   1.5405810E+03   1.3440000E+03   1.2230000E+03   1.6219888E-04   1.7824635E-04
   1.5405885E+03   1.3060000E+03   1.1760000E+03   4.9115042E-04   5.4544426E-04
   1.5405961E+03   1.3900000E+03   1.2540000E+03   0.0000000E+00   0.0000000E+00
   1.5406036E+03   1.3780000E+03   1.2520000E+03   0.0000000E+00   0.0000000E+00
   1.5406111E+03   1.3610000E+03   1.2160000E+03   0.0000000E+00   0.0000000E+00
   1.5406187E+03   1.4080000E+03   1.2880000E+03   0.0000000E+00   0.0000000E+00
   1.5406262E+03   1.3700000E+03   1.2300000E+03   0.0000000E+00   0.0000000E+00
   1.5406337E+03   1.4180000E+03   1.2710000E+03   2.9470559E-04   3.2879034E-04
   1.5406412E+03   1.3750000E+03   1.2230000E+03   6.5406053E-04   7.3535015E-04
   1.5406488E+03   1.4550000E+03   1.3020000E+03   3.0303320E-04   3.3864309E-04
   1.5406563E+03   1.4080000E+03   1.2860000E+03   0.0000000E+00   0.0000000E+00
   1.5406638E+03   1.4590000E+03   1.3170000E+03   0.0000000E+00   0.0000000E+00
   1.5406713E+03   1.3380000E+03   1.2010000E+03   0.0000000E+00   0.0000000E+00
   1.5406789E+03   1.4060000E+03   1.2560000E+03   0.0000000E+00   0.0000000E+00
   1.5406864E+03   1.4080000E+03   1.2730000E+03   0.0000000E+00   0.0000000E+00
   1.5406939E+03   1.4270000E+03   1.2890000E+03   0.0000000E+00   0.0000000E+00
   1.5407015E+03   1.4380000E+03   1.2960000E+03   0.0000000E+00   0.0000000E+00
   1.5407090E+03   1.4570000E+03   1.3020000E+03   5.7168540E-05   6.3974318E-05
   1.5407165E+03   1.4470000E+03   1.3030000E+03   0.0000000E+00   0.0000000E+00
   1.5407240E+03   1.4360000E+03   1.2920000E+03   0.0000000E+00   0.0000000E+00
   1.5407316E+03   1.4970000E+03   1.3650000E+03   0.0000000E+00   0.0000000E+00
   1.5407391E+03   1.4770000E+03   1.3180000E+03   6.3855504E-04   7.1558861E-04
   1.5407466E+03   1.5120000E+03   1.3580000E+03   0.0000000E+00   0.0000000E+00
   1.5407542E+03   1.4720000E+03   1.3090000E+03   0.0000000E+00   0.0000000E+00
   1.5407617E+03   1.4730000E+03   1.3390000E+03   0.0000000E+00   0.0000000E+00
   1.5407692E+03   1.4200000E+03   1.2890000E+03   0.0000000E+00   0.0000000E+00
   1.5407767E+03   1.4000000E+03   1.2810000E+03   0.0000000E+00   0.0000000E+00
   1.5407843E+03   1.5000000E+03   1.3590000E+03   5.3985985E-04   5.9587180E-04
   1.5407918E+03   1.4800000E+03   1.3260000E+03   0.0000000E+00   0.0000000E+00
   1.5407993E+03   1.4060000E+03   1.2670000E+03   0.0000000E+00   0.0000000E+00
   1.5408069E+03   1.5080000E+03   1.3680000E+03   0.0000000E+00   0.0000000E+00
   1.5408144E+03   1.5370000E+03   1.3960000E+03   3.1855686E-05   3.5073202E-05
   1.5408219E+03   1.5160000E+03   1.3710000E+03   0.0000000E+00   0.0000000E+00
   1.5408294E+03   1.4680000E+03   1.3360000E+03   0.0000000E+00   0.0000000E+00
   1.5408370E+03   1.5200000E+03   1.3860000E+03   1.8505194E-04   2.0294296E-04
   1.5408445E+03   1.4710000E+03   1.3130000E+03   0.0000000E+00   0.0000000E+00
   1.5408520E+03   1.4900000E+03   1.3480000E+03   0.0000000E+00   0.0000000E+00
   1.5408596E+03   1.4370000E+03   1.2740000E+03   5.3450097E-04   6.0288688E-04
   1.5408671E+03   1.5360000E+03   1.3810000E+03   0.0000000E+00   0.0000000E+00
   1.5408746E+03   1.4790000E+03   1.3430000E+03   0.0000000E+00   0.0000000E+00
   1.5408821E+03   1.5250000E+03   1.3830000E+03   0.0000000E+00   0.0000000E+00
   1.5408897E+03   1.5530000E+03   1.3870000E+03   0.0000000E+00   0.0000000E+00
   1.5408972E+03   1.5220000E+03   1.3690000E+03   0.0000000E+00   0.0000000E+00
   1.5409047E+03   1.5090000E+03   1.3510000E+03   6.2358699E-04   6.9651574E-04
   1.5409123E+03   1.5490000E+03   1.4070000E+03   0.0000000E+00   0.0000000E+00
   1.5409198E+03   1.5640000E+03   1.4020000E+03   1.7467889E-04   1.9486290E-04
   1.5409273E+03   1.5730000E+03   1.4270000E+03   2.8085862E-04   3.0959398E-04
   1.5409348E+03   1.6620000E+03   1.5180000E+03   0.0000000E+00   0.0000000E+00
   1.5409424E+03   1.5720000E+03   1.4230000E+03   0.0000000E+00   0.0000000E+00
   1.5409499E+03   1.5530000E+03   1.4110000E+03   0.0000000E+00   0.0000000E+00
   1.5409574E+03   1.5790000E+03   1.4130000E+03   0.0000000E+00   0.0000000E+00
   1.5409650E+03   1.4990000E+03   1.3240000E+03   0.0000000E+00   0.0000000E+00
   1.5409725E+03   1.5340000E+03   1.3640000E+03   0.0000000E+00   0.0000000E+00
   1.5409800E+03   1.5500000E+03   1.4100000E+03   2.4340050E-04   2.6756792E-04
   1.5409875E+03   1.5810000E+03   1.4210000E+03   0.0000000E+00   0.0000000E+00
   1.5409951E+03   1.5000000E+03   1.3600000E+03   0.0000000E+00   0.0000000E+00
   1.5410026E+03   1.5260000E+03   1.3780000E+03   0.0000000E+00   0.0000000E+00
   1.5410101E+03   1.5870000E+03   1.4450000E+03   0.0000000E+00   0.0000000E+00
   1.5410177E+03   1.5600000E+03   1.4090000E+03   0.0000000E+00   0.0000000E+00
   1.5410252E+03   1.6080000E+03   1.4420000E+03   0.0000000E+00   0.0000000E+00
   1.5410327E+03   1.6570000E+03   1.4820000E+03   0.0000000E+00   0.0000000E+00
   1.5410402E+03   1.6730000E+03   1.4970000E+03   3.5813366E-04   4.0023889E-04
   1.5410478E+03   1.6300000E+03   1.4820000E+03   5.7668907E-04   6.3428015E-04
   1.5410553E+03   1.6080000E+03   1.4850000E+03   3.4333460E-04   3.7177242E-04
   1.5410628E+03   1.5180000E+03   1.3840000E+03   6.2982834E-04   6.9080883E-04
   1.5410704E+03   1.5910000E+03   1.4370000E+03   0.0000000E+00   0.0000000E+00
   1.5410779E+03   1.5710000E+03   1.4140000E+03   0.0000000E+00   0.0000000E+00
   1.5410854E+03   1.6280000E+03   1.4630000E+03   0.0000000E+00   0.0000000E+00
   1.5410929E+03   1.6560000E+03   1.4670000E+03   0.0000000E+00   0.0000000E+00
   1.5411005E+03   1.6240000E+03   1.4630000E+03   0.0000000E+00   0.0000000E+00
   1.5411080E+03   1.6260000E+03   1.4740000E+03   0.0000000E+00   0.0000000E+00
   1.5411155E+03   1.6700000E+03   1.5220000E+03   0.0000000E+00   0.0000000E+00
   1.5411230E+03   1.6500000E+03   1.4990000E+03   0.0000000E+00   0.0000000E+00
   1.5411306E+03   1.7020000E+03   1.5330000E+03   2.9757316E-04   3.3037803E-04
   1.5411381E+03   1.6260000E+03   1.4680000E+03   0.0000000E+00   0.0000000E+00
   1.5411456E+03   1.6780000E+03   1.5100000E+03   0.0000000E+00   0.0000000E+00
   1.5411532E+03   1.7300000E+03   1.5640000E+03   0.0000000E+00   0.0000000E+00
   1.5411607E+03   1.6570000E+03   1.4940000E+03   0.0000000E+00   0.0000000E+00
   1.5411682E+03   1.6550000E+03   1.4920000E+03   0.0000000E+00   0.0000000E+00
   1.5411757E+03   1.7300000E+03   1.5650000E+03   1.0885281E-04   1.2032931E-04
   1.5411833E+03   1.7170000E+03   1.5420000E+03   0.0000000E+00   0.0000000E+00
   1.5411908E+03   1.7250000E+03   1.5440000E+03   0.0000000E+00   0.0000000E+00
   1.5411983E+03   1.6770000E+03   1.5220000E+03   8.6187004E-05   9.4964261E-05
   1.5412059E+03   1.7550000E+03   1.5690000E+03   0.0000000E+00   0.0000000E+00
   1.5412134E+03   1.6060000E+03   1.4590000E+03   2.1388283E-04   2.3543237E-04
   1.5412209E+03   1.8000000E+03   1.6520000E+03   5.2868847E-04   5.7605282E-04
   1.5412284E+03   1.6920000E+03   1.5400000E+03   5.4584047E-04   5.9971564E-04
   1.5412360E+03   1.6920000E+03   1.5200000E+03   0.0000000E+00   0.0000000E+00
   1.5412435E+03   1.7080000E+03   1.5400000E+03   0.0000000E+00   0.0000000E+00
   1.5412510E+03   1.7620000E+03   1.5920000E+03   0.0000000E+00   0.0000000E+00
   1.5412586E+03   1.7270000E+03   1.5660000E+03   3.6104707E-04   3.9816621E-04
   1.5412661E+03   1.7920000E+03   1.6110000E+03   0.0000000E+00   0.0000000E+00
   1.5412736E+03   1.7780000E+03   1.6130000E+03   6.7958982E-05   7.4910768E-05
   1.5412811E+03   1.7120000E+03   1.5590000E+03   0.0000000E+00   0.0000000E+00
   1.5412887E+03   1.7420000E+03   1.5630000E+03   0.0000000E+00   0.0000000E+00
   1.5412962E+03   1.7970000E+03   1.6270000E+03   0.0000000E+00   0.0000000E+00
   1.5413037E+03   1.6580000E+03   1.4970000E+03   0.0000000E+00   0.0000000E+00
   1.5413113E+03   1.7830000E+03   1.5940000E+03   0.0000000E+00   0.0000000E+00
   1.5413188E+03   1.8490000E+03   1.6820000E+03   0.0000000E+00   0.0000000E+00
   1.5413263E+03   1.7330000E+03   1.5600000E+03   2.0491960E-05   2.2764465E-05
   1.5413338E+03   1.7230000E+03   1.5590000E+03   2.7893039E-05   3.0827265E-05
   1.5413414E+03   1.7570000E+03   1.5780000E+03   0.0000000E+00   0.0000000E+00
   1.5413489E+03   1.7650000E+03   1.5740000E+03   0.0000000E+00   0.0000000E+00
   1.5413564E+03   1.7010000E+03   1.5220000E+03   0.0000000E+00   0.0000000E+00
   1.5413640E+03   1.8240000E+03   1.6340000E+03   0.0000000E+00   0.0000000E+00
   1.5413715E+03   1.7600000E+03   1.5660000E+03   0.0000000E+00   0.0000000E+00
   1.5413790E+03   1.8040000E+03   1.5990000E+03   0.0000000E+00   0.0000000E+00
   1.5413865E+03   1.7270000E+03   1.5520000E+03   0.0000000E+00   0.0000000E+00
   1.5413941E+03   1.7920000E+03   1.6030000E+03   0.0000000E+00   0.0000000E+00
   1.5414016E+03   1.8070000E+03   1.6360000E+03   0.0000000E+00   0.0000000E+00
   1.5414091E+03   1.8230000E+03   1.6410000E+03   4.4333135E-04   4.9250034E-04
   1.5414167E+03   1.8120000E+03   1.6340000E+03   3.7686672E-04   0.0000000E+00
   1.5414242E+03   1.8110000E+03   1.6560000E+03   0.0000000E+00   0.0000000E+00
   1.5414317E+03   1.8460000E+03   1.6750000E+03   0.0000000E+00   0.0000000E+00
   1.5414392E+03   1.7710000E+03   1.6110000E+03   1.6999397E-04   1.8687729E-04
   1.5414468E+03   1.7730000E+03   1.6060000E+03   1.6656076E-04   1.8388059E-04
   1.5414543E+03   1.8160000E+03   1.6540000E+03   8.4418594E-04   9.2686920E-04
   1.5414618E+03   1.8340000E+03   1.6380000E+03   6.6857434E-04   7.4857469E-04
   1.5414694E+03   1.8730000E+03   1.7080000E+03   0.0000000E+00   0.0000000E+00
   1.5414769E+03   1.8160000E+03   1.6290000E+03   0.0000000E+00   0.0000000E+00
   1.5414844E+03   1.8860000E+03   1.6920000E+03   0.0000000E+00   0.0000000E+00
   1.5414919E+03   1.8670000E+03   1.6870000E+03   0.0000000E+00   0.0000000E+00
   1.5414995E+03   1.8040000E+03   1.6450000E+03   0.0000000E+00   0.0000000E+00
   1.5415070E+03   1.7780000E+03   1.6140000E+03   0.0000000E+00   0.0000000E+00
   1.5415145E+03   1.8820000E+03   1.6890000E+03   0.0000000E+00   0.0000000E+00
   1.5415221E+03   1.9260000E+03   1.7310000E+03   3.3144614E-06   3.6878409E-06
   1.5415296E+03   1.9240000E+03   1.7150000E+03   0.0000000E+00   0.0000000E+00
   1.5415371E+03   1.8490000E+03   1.6810000E+03   0.0000000E+00   0.0000000E+00
   1.5415446E+03   1.8150000E+03   1.6400000E+03   0.0000000E+00   0.0000000E+00
   1.5415522E+03   1.8840000E+03   1.7040000E+03   0.0000000E+00   0.0000000E+00
   1.5415597E+03   1.8880000E+03   1.6880000E+03   4.8145239E-04   5.3849651E-04
   1.5415672E+03   1.9490000E+03   1.7380000E+03   0.0000000E+00   0.0000000E+00
   1.5415747E+03   1.9210000E+03   1.7350000E+03   1.8544611E-04   2.0532678E-04
   1.5415823E+03   1.9250000E+03   1.7390000E+03   0.0000000E+00   0.0000000E+00
   1.5415898E+03   1.9450000E+03   1.7490000E+03   0.0000000E+00   0.0000000E+00
   1.5415973E+03   1.9660000E+03   1.7590000E+03   0.0000000E+00   0.0000000E+00
   1.5416049E+03   1.9190000E+03   1.7330000E+03   4.4024915E-04   0.0000000E+00
   1.5416124E+03   1.9660000E+03   1.7610000E+03   7.7346838E-05   8.6350871E-05
   1.5416199E+03   1.8980000E+03   1.7000000E+03   3.6859027E-05   4.1152020E-05
   1.5416274E+03   1.9120000E+03   1.7210000E+03   5.5494747E-04   6.1653665E-04
   1.5416350E+03   2.0060000E+03   1.7910000E+03   0.0000000E+00   0.0000000E+00
   1.5416425E+03   2.0730000E+03   1.8950000E+03   0.0000000E+00   0.0000000E+00
   1.5416500E+03   1.8920000E+03   1.7030000E+03   2.4732839E-04   2.7477705E-04
   1.5416576E+03   1.9130000E+03   1.7130000E+03   1.6549239E-04   1.8481433E-04
   1.5416651E+03   1.9330000E+03   1.7490000E+03   0.0000000E+00   0.0000000E+00
   1.5416726E+03   2.0660000E+03   1.8580000E+03   0.0000000E+00   0.0000000E+00
   1.5416801E+03   2.0440000E+03   1.8340000E+03   0.0000000E+00   0.0000000E+00
   1.5416877E+03   2.0520000E+03   1.8420000E+03   6.6005305E-05   7.3530339E-05
   1.5416952E+03   2.0010000E+03   1.8090000E+03   4.6376896E-05   5.1299154E-05
   1.5417027E+03   1.9900000E+03   1.7950000E+03   2.7565056E-04   3.0559588E-04
   1.5417103E+03   2.0210000E+03   1.8260000E+03   4.2242066E-04   4.6753130E-04
   1.5417178E+03   2.0340000E+03   1.8470000E+03   4.5907777E-04   5.0555722E-04
   1.5417253E+03   2.0930000E+03   1.8870000E+03   0.0000000E+00   0.0000000E+00
   1.5417328E+03   1.9340000E+03   1.7290000E+03   0.0000000E+00   0.0000000E+00
   1.5417404E+03   2.0060000E+03   1.7880000E+03   0.0000000E+00   0.0000000E+00
   1.5417479E+03   2.0300000E+03   1.8310000E+03   0.0000000E+00   0.0000000E+00
   1.5417554E+03   2.0610000E+03   1.8870000E+03   0.0000000E+00   0.0000000E+00
   1.5417630E+03   2.0200000E+03   1.8250000E+03   0.0000000E+00   0.0000000E+00
   1.5417705E+03   2.0830000E+03   1.8730000E+03   0.0000000E+00   0.0000000E+00
   1.5417780E+03   2.0020000E+03   1.8180000E+03   0.0000000E+00   0.0000000E+00
   1.5417855E+03   2.1070000E+03   1.8960000E+03   0.0000000E+00   0.0000000E+00
   1.5417931E+03   2.0750000E+03   1.8780000E+03   0.0000000E+00   0.0000000E+00
   1.5418006E+03   2.0110000E+03   1.8080000E+03   6.2307173E-05   6.9302945E-05
   1.5418081E+03   2.0660000E+03   1.8790000E+03   1.1672627E-04   1.2834298E-04
   1.5418157E+03   2.0450000E+03   1.8390000E+03   0.0000000E+00   0.0000000E+00
   1.5418232E+03   2.0730000E+03   1.8780000E+03   0.0000000E+00   0.0000000E+00
   1.5418307E+03   2.0850000E+03   1.8810000E+03   1.4126804E-04   1.5658898E-04
   1.5418382E+03   2.1140000E+03   1.9180000E+03   4.2706277E-04   4.7070423E-04
   1.5418458E+03   2.1050000E+03   1.9300000E+03   4.0355485E-04   4.4014661E-04
   1.5418533E+03   2.0230000E+03   1.8190000E+03   3.4611319E-04   3.8492962E-04
   1.5418608E+03   2.1400000E+03   1.9420000E+03   0.0000000E+00   0.0000000E+00
   1.5418684E+03   2.0970000E+03   1.8950000E+03   2.5590031E-04   2.8317834E-04
   1.5418759E+03   2.1420000E+03   1.9470000E+03   5.4808924E-05   6.0298261E-05
   1.5418834E+03   2.0760000E+03   1.8720000E+03   1.2301223E-04   1.3641741E-04
   1.5418909E+03   2.1190000E+03   1.9120000E+03   1.3173422E-04   0.0000000E+00
   1.5418985E+03   2.1650000E+03   1.9450000E+03   0.0000000E+00   0.0000000E+00
   1.5419060E+03   2.0900000E+03   1.8830000E+03   0.0000000E+00   0.0000000E+00
   1.5419135E+03   2.0560000E+03   1.8390000E+03   0.0000000E+00   0.0000000E+00
   1.5419211E+03   2.1030000E+03   1.8720000E+03   0.0000000E+00   0.0000000E+00
   1.5419286E+03   2.1710000E+03   1.9470000E+03   3.7653122E-04   4.1985068E-04
   1.5419361E+03   2.1230000E+03   1.9070000E+03   3.8523372E-04   4.2886795E-04
   1.5419436E+03   2.0630000E+03   1.8710000E+03   0.0000000E+00   0.0000000E+00
   1.5419512E+03   2.1670000E+03   1.9650000E+03   0.0000000E+00   0.0000000E+00
   1.5419587E+03   2.1390000E+03   1.9330000E+03   0.0000000E+00   0.0000000E+00
   1.5419662E+03   2.2000000E+03   1.9860000E+03   7.5812643E-05   8.3981779E-05
   1.5419738E+03   2.1560000E+03   1.9340000E+03   0.0000000E+00   0.0000000E+00
   1.5419813E+03   2.1520000E+03   1.9440000E+03   0.0000000E+00   0.0000000E+00
   1.5419888E+03   2.0920000E+03   1.8960000E+03   4.5479771E-04   5.0181267E-04
   1.5419963E+03   2.1100000E+03   1.9090000E+03   1.6963235E-04   1.8749307E-04
   1.5420039E+03   2.1780000E+03   1.9530000E+03   0.0000000E+00   0.0000000E+00
   1.5420114E+03   2.1970000E+03   1.9790000E+03   4.0293952E-04   4.4732598E-04
   1.5420189E+03   2.1540000E+03   1.9540000E+03   1.9345869E-04   2.2842111E-04
   1.5420264E+03   2.1390000E+03   1.9200000E+03   4.0972840E-04   4.5646304E-04
   1.5420340E+03   2.2130000E+03   1.9930000E+03   8.1218931E-04   8.7069172E-04
   1.5420415E+03   2.1960000E+03   1.9850000E+03   0.0000000E+00   0.0000000E+00
   1.5420490E+03   2.1590000E+03   1.9350000E+03   0.0000000E+00   0.0000000E+00
   1.5420566E+03   2.0840000E+03   1.8790000E+03   3.0086721E-04   3.3369200E-04
   1.5420641E+03   2.2060000E+03   1.9870000E+03   4.0769794E-04   4.5263294E-04
   1.5420716E+03   2.1110000E+03   1.8770000E+03   1.3702266E-04   4.6591839E-04
   1.5420791E+03   2.2880000E+03   2.0760000E+03   0.0000000E+00   0.0000000E+00
   1.5420867E+03   2.2560000E+03   2.0460000E+03   0.0000000E+00   0.0000000E+00
   1.5420942E+03   2.2370000E+03   1.9980000E+03   3.6393816E-04   4.0747231E-04
   1.5421017E+03   2.2180000E+03   2.0250000E+03   0.0000000E+00   0.0000000E+00
   1.5421093E+03   2.2060000E+03   1.9820000E+03   1.3939326E-04   0.0000000E+00
   1.5421168E+03   2.2340000E+03   2.0510000E+03   0.0000000E+00   0.0000000E+00
   1.5421243E+03   2.3140000E+03   2.0810000E+03   0.0000000E+00   0.0000000E+00
   1.5421318E+03   2.2410000E+03   2.0100000E+03   0.0000000E+00   0.0000000E+00
   1.5421394E+03   2.2700000E+03   2.0350000E+03   4.6696198E-05   5.2088634E-05
   1.5421469E+03   2.2800000E+03   2.0700000E+03   1.4522938E-04   0.0000000E+00
   1.5421544E+03   2.2770000E+03   2.0520000E+03   3.0283436E-05   3.3603988E-05
   1.5421620E+03   2.2660000E+03   2.0610000E+03   2.3209070E-04   2.5517590E-04
   1.5421695E+03   2.1740000E+03   1.9420000E+03   1.8555749E-04   2.0772502E-04
   1.5421770E+03   2.2520000E+03   2.0490000E+03   0.0000000E+00   0.0000000E+00
   1.5421845E+03   2.3120000E+03   2.0970000E+03   6.1826832E-05   6.8165777E-05
   1.5421921E+03   2.2230000E+03   1.9920000E+03   0.0000000E+00   0.0000000E+00
   1.5421996E+03   2.3190000E+03   2.1060000E+03   3.5363722E-04   3.8940394E-04
   1.5422071E+03   2.2590000E+03   2.0310000E+03   0.0000000E+00   0.0000000E+00
   1.5422147E+03   2.3430000E+03   2.0890000E+03   1.4111684E-04   1.5827514E-04
   1.5422222E+03   2.2470000E+03   2.0240000E+03   0.0000000E+00   0.0000000E+00
   1.5422297E+03   2.2860000E+03   2.0400000E+03   4.1457289E-04   4.6456550E-04
   1.5422372E+03   2.3530000E+03   2.1310000E+03   3.2795748E-06   3.6212292E-06
   1.5422448E+03   2.3360000E+03   2.1050000E+03   4.0330787E-04   4.4756636E-04
   1.5422523E+03   2.3380000E+03   2.0990000E+03   0.0000000E+00   0.0000000E+00
   1.5422598E+03   2.4110000E+03   2.2090000E+03   3.8245743E-04   4.1743091E-04
   1.5422674E+03   2.3930000E+03   2.1440000E+03   0.0000000E+00   0.0000000E+00
   1.5422749E+03   2.3300000E+03   2.1030000E+03   0.0000000E+00   0.0000000E+00
   1.5422824E+03   2.3490000E+03   2.0900000E+03   0.0000000E+00   0.0000000E+00
   1.5422899E+03   2.3590000E+03   2.1260000E+03   9.6696624E-05   1.0729414E-04
   1.5422975E+03   2.3210000E+03   2.1180000E+03   7.8350720E-04   8.5860256E-04
   1.5423050E+03   2.3190000E+03   2.0480000E+03   1.6616240E-06   1.8814971E-06
   1.5423125E+03   2.3120000E+03   2.1020000E+03   6.1239123E-04   3.4096999E-04
   1.5423201E+03   2.3520000E+03   2.1160000E+03   0.0000000E+00   0.0000000E+00
   1.5423276E+03   2.4440000E+03   2.1780000E+03   0.0000000E+00   0.0000000E+00
   1.5423351E+03   2.4440000E+03   2.2130000E+03   6.5219625E-05   7.2027457E-05
   1.5423426E+03   2.3600000E+03   2.1520000E+03   0.0000000E+00   0.0000000E+00
   1.5423502E+03   2.4030000E+03   2.1710000E+03   9.1757389E-05   1.0156288E-04
   1.5423577E+03   2.4600000E+03   2.2430000E+03   0.0000000E+00   0.0000000E+00
   1.5423652E+03   2.4390000E+03   2.1870000E+03   0.0000000E+00   0.0000000E+00
   1.5423728E+03   2.4070000E+03   2.1860000E+03   3.6174686E-04   3.9831871E-04
   1.5423803E+03   2.4630000E+03   2.2170000E+03   0.0000000E+00   0.0000000E+00
   1.5423878E+03   2.4330000E+03   2.2040000E+03   0.0000000E+00   0.0000000E+00
   1.5423953E+03   2.4050000E+03   2.1530000E+03   0.0000000E+00   0.0000000E+00
   1.5424029E+03   2.5370000E+03   2.2990000E+03   2.2228849E-04   2.4530053E-04
   1.5424104E+03   2.4770000E+03   2.2290000E+03   0.0000000E+00   0.0000000E+00
   1.5424179E+03   2.4340000E+03   2.2050000E+03   3.7085726E-04   0.0000000E+00
   1.5424255E+03   2.5120000E+03   2.2520000E+03   0.0000000E+00   0.0000000E+00
   1.5424330E+03   2.5220000E+03   2.2420000E+03   8.0085063E-05   1.0360474E-04
   1.5424405E+03   2.4230000E+03   2.1690000E+03   0.0000000E+00   0.0000000E+00
   1.5424480E+03   2.5210000E+03   2.2750000E+03   1.4877384E-04   1.6486103E-04
   1.5424556E+03   2.5640000E+03   2.3160000E+03   2.5791672E-04   2.8553475E-04
   1.5424631E+03   2.4950000E+03   2.2510000E+03   0.0000000E+00   0.0000000E+00
   1.5424706E+03   2.4470000E+03   2.2050000E+03   2.6343394E-05   2.9234596E-05
   1.5424781E+03   2.5330000E+03   2.2700000E+03   6.2684193E-05   0.0000000E+00
   1.5424857E+03   2.4210000E+03   2.1820000E+03   0.0000000E+00   0.0000000E+00
   1.5424932E+03   2.4690000E+03   2.2140000E+03   7.8658741E-04   8.7718352E-04
   1.5425007E+03   2.4930000E+03   2.2530000E+03   0.0000000E+00   0.0000000E+00
   1.5425083E+03   2.5310000E+03   2.2820000E+03   0.0000000E+00   0.0000000E+00
   1.5425158E+03   2.5930000E+03   2.3540000E+03   3.4575262E-04   3.8085664E-04
   1.5425233E+03   2.5500000E+03   2.3110000E+03   0.0000000E+00   0.0000000E+00
   1.5425308E+03   2.6070000E+03   2.3600000E+03   1.2239803E-04   1.3520833E-04
   1.5425384E+03   2.5180000E+03   2.2600000E+03   5.1057145E-04   5.6885793E-04
   1.5425459E+03   2.5840000E+03   2.3340000E+03   0.0000000E+00   0.0000000E+00
   1.5425534E+03   2.5320000E+03   2.2760000E+03   6.9925685E-05   7.7790788E-05
   1.5425610E+03   2.5140000E+03   2.2860000E+03   0.0000000E+00   0.0000000E+00
   1.5425685E+03   2.5750000E+03   2.3400000E+03   3.0998055E-04   3.4111107E-04
   1.5425760E+03   2.5250000E+03   2.2780000E+03   1.2850956E-05   1.4244365E-05
   1.5425835E+03   2.6100000E+03   2.3650000E+03   0.0000000E+00   0.0000000E+00
   1.5425911E+03   2.5640000E+03   2.3270000E+03   3.0891107E-05   3.4037301E-05
   1.5425986E+03   2.5560000E+03   2.3030000E+03   0.0000000E+00   0.0000000E+00
   1.5426061E+03   2.5130000E+03   2.2600000E+03   1.0069645E-04   1.1196911E-04
   1.5426137E+03   2.5600000E+03   2.3130000E+03   0.0000000E+00   0.0000000E+00
   1.5426212E+03   2.5740000E+03   2.3340000E+03   4.5549552E-05   1.6218455E-04
   1.5426287E+03   2.6210000E+03   2.3850000E+03   1.4304799E-04   1.5720284E-04
   1.5426362E+03   2.5430000E+03   2.3080000E+03   1.6401826E-05   1.8071855E-05
   1.5426438E+03   2.6090000E+03   2.3600000E+03   2.0796491E-04   2.2990697E-04
   1.5426513E+03   2.6170000E+03   2.3290000E+03   0.0000000E+00   0.0000000E+00
   1.5426588E+03   2.6360000E+03   2.3770000E+03   1.6091114E-04   1.7844416E-04
   1.5426664E+03   2.7390000E+03   2.4590000E+03   2.6418634E-05   2.9426856E-05
   1.5426739E+03   2.6290000E+03   2.3880000E+03   8.4746187E-05   9.3298880E-05
   1.5426814E+03   2.5970000E+03   2.3570000E+03   3.8354217E-04   4.2259611E-04
   1.5426889E+03   2.6250000E+03   2.3760000E+03   3.5816985E-04   3.9570532E-04
   1.5426965E+03   2.6660000E+03   2.4180000E+03   0.0000000E+00   0.0000000E+00
   1.5427040E+03   2.6640000E+03   2.4580000E+03   0.0000000E+00   0.0000000E+00
   1.5427115E+03   2.7080000E+03   2.4520000E+03   0.0000000E+00   0.0000000E+00
   1.5427191E+03   2.6090000E+03   2.3590000E+03   1.0822268E-04   1.1969180E-04
   1.5427266E+03   2.7470000E+03   2.4950000E+03   1.0678231E-04   3.2599365E-04
   1.5427341E+03   2.6470000E+03   2.3830000E+03   0.0000000E+00   0.0000000E+00
   1.5427416E+03   2.6900000E+03   2.4340000E+03   0.0000000E+00   0.0000000E+00
   1.5427492E+03   2.6720000E+03   2.4210000E+03   3.1220953E-04   3.4457822E-04
   1.5427567E+03   2.7090000E+03   2.4530000E+03   0.0000000E+00   0.0000000E+00
   1.5427642E+03   2.7070000E+03   2.4390000E+03   1.6930512E-04   1.8790855E-04
   1.5427718E+03   2.6070000E+03   2.3430000E+03   0.0000000E+00   0.0000000E+00
   1.5427793E+03   2.7090000E+03   2.4190000E+03   9.7036950E-05   0.0000000E+00
   1.5427868E+03   2.7980000E+03   2.5470000E+03   6.2883480E-05   6.9080478E-05
   1.5427943E+03   2.6380000E+03   2.3780000E+03   1.0315891E-05   1.1443785E-05
   1.5428019E+03   2.8450000E+03   2.5910000E+03   2.9871686E-04   3.2800057E-04
   1.5428094E+03   2.7490000E+03   2.4970000E+03   0.0000000E+00   0.0000000E+00
   1.5428169E+03   2.8020000E+03   2.5500000E+03   1.1837730E-04   1.3007576E-04
   1.5428245E+03   2.6490000E+03   2.3570000E+03   2.3909913E-04   2.6872024E-04
   1.5428320E+03   2.8340000E+03   2.5210000E+03   2.8354148E-05   3.1874517E-05
   1.5428395E+03   2.7210000E+03   2.4550000E+03   3.7484702E-04   4.1546181E-04
   1.5428470E+03   2.7990000E+03   2.5200000E+03   3.2795926E-04   3.6426903E-04
   1.5428546E+03   2.6980000E+03   2.4430000E+03   3.2566220E-04   3.5965478E-04
   1.5428621E+03   2.7710000E+03   2.4800000E+03   0.0000000E+00   0.0000000E+00
   1.5428696E+03   2.7480000E+03   2.4580000E+03   9.9259628E-05   1.1097049E-04
   1.5428772E+03   2.7250000E+03   2.4310000E+03   2.3214832E-04   2.6022385E-04
   1.5428847E+03   2.7930000E+03   2.5190000E+03   0.0000000E+00   0.0000000E+00
   1.5428922E+03   2.8460000E+03   2.5740000E+03   0.0000000E+00   0.0000000E+00
   1.5428997E+03   2.7470000E+03   2.4810000E+03   4.4979996E-04   4.9802519E-04
   1.5429073E+03   2.8090000E+03   2.5060000E+03   3.0972817E-04   3.6952360E-04
   1.5429148E+03   2.6610000E+03   2.3850000E+03   1.8825111E-04   2.1003614E-04
   1.5429223E+03   2.7490000E+03   2.4760000E+03   2.5330487E-04   2.8123388E-04
   1.5429298E+03   2.8740000E+03   2.6060000E+03   0.0000000E+00   0.0000000E+00
   1.5429374E+03   2.8130000E+03   2.5410000E+03   2.3026873E-04   2.5491773E-04
   1.5429449E+03   2.9100000E+03   2.6290000E+03   0.0000000E+00   0.0000000E+00
   1.5429524E+03   2.7940000E+03   2.5380000E+03   0.0000000E+00   0.0000000E+00
   1.5429600E+03   2.8270000E+03   2.5470000E+03   4.6315940E-05   5.1407602E-05
   1.5429675E+03   2.8790000E+03   2.6000000E+03   0.0000000E+00   0.0000000E+00
   1.5429750E+03   2.8270000E+03   2.5470000E+03   0.0000000E+00   0.0000000E+00
   1.5429825E+03   2.8850000E+03   2.5770000E+03   1.2848081E-04   1.4383669E-04
   1.5429901E+03   2.8350000E+03   2.5550000E+03   3.1726005E-04   3.5202828E-04
   1.5429976E+03   2.8050000E+03   2.5260000E+03   5.1691667E-05   5.7401079E-05
   1.5430051E+03   2.9330000E+03   2.6460000E+03   0.0000000E+00   0.0000000E+00
   1.5430127E+03   2.8750000E+03   2.5660000E+03   1.7588617E-05   1.9706654E-05
   1.5430202E+03   2.9090000E+03   2.6230000E+03   2.8711286E-04   3.1841834E-04
   1.5430277E+03   2.8970000E+03   2.6240000E+03   0.0000000E+00   0.0000000E+00
   1.5430352E+03   2.9280000E+03   2.6300000E+03   1.9812183E-04   2.2057062E-04
   1.5430428E+03   2.8770000E+03   2.6160000E+03   5.6921296E-05   6.2600371E-05
   1.5430503E+03   2.9280000E+03   2.6270000E+03   1.2644875E-04   1.4093717E-04
   1.5430578E+03   2.8750000E+03   2.6090000E+03   4.1398382E-04   4.5619145E-04
   1.5430654E+03   2.9650000E+03   2.6750000E+03   0.0000000E+00   0.0000000E+00
   1.5430729E+03   2.9180000E+03   2.6270000E+03   2.4106582E-04   3.1260190E-05
   1.5430804E+03   2.8820000E+03   2.6060000E+03   0.0000000E+00   0.0000000E+00
   1.5430879E+03   2.9360000E+03   2.6420000E+03   2.2242219E-07   2.4717319E-07
   1.5430955E+03   2.9500000E+03   2.6500000E+03   1.4458460E-05   0.0000000E+00
   1.5431030E+03   2.9400000E+03   2.6760000E+03   0.0000000E+00   0.0000000E+00
   1.5431105E+03   3.0500000E+03   2.7640000E+03   0.0000000E+00   0.0000000E+00
   1.5431181E+03   2.9670000E+03   2.6840000E+03   0.0000000E+00   0.0000000E+00
   1.5431256E+03   2.9510000E+03   2.6590000E+03   3.1366383E-04   3.4810905E-04
   1.5431331E+03   2.9230000E+03   2.6150000E+03   3.1200693E-04   3.4875574E-04
   1.5431406E+03   3.0280000E+03   2.7340000E+03   1.2080384E-05   1.5743351E-05
   1.5431482E+03   2.8220000E+03   2.5590000E+03   2.8440681E-04   3.1363659E-04
   1.5431557E+03   3.0030000E+03   2.7330000E+03   4.8708430E-04   5.3520459E-04
   1.5431632E+03   2.8980000E+03   2.6240000E+03   2.1725795E-04   2.3994419E-04
   1.5431708E+03   2.9790000E+03   2.6920000E+03   6.3276412E-06   7.0022449E-06
   1.5431783E+03   2.9730000E+03   2.6850000E+03   1.7140338E-04   1.8978855E-04
   1.5431858E+03   3.0170000E+03   2.7270000E+03   0.0000000E+00   0.0000000E+00
   1.5431933E+03   3.0840000E+03   2.7780000E+03   1.2970053E-04   1.5278839E-04
   1.5432009E+03   2.9860000E+03   2.6840000E+03   2.5205102E-04   2.8041145E-04
   1.5432084E+03   2.9840000E+03   2.7150000E+03   0.0000000E+00   0.0000000E+00
   1.5432159E+03   3.0460000E+03   2.7630000E+03   0.0000000E+00   0.0000000E+00
   1.5432235E+03   3.0070000E+03   2.7150000E+03   3.3282817E-05   1.1157136E-05
   1.5432310E+03   2.9690000E+03   2.6710000E+03   0.0000000E+00   0.0000000E+00
   1.5432385E+03   3.0410000E+03   2.7190000E+03   2.5495182E-04   2.8514472E-04
   1.5432460E+03   2.9300000E+03   2.6540000E+03   0.0000000E+00   0.0000000E+00
   1.5432536E+03   3.0270000E+03   2.7120000E+03   2.7502229E-04   3.0696626E-04
   1.5432611E+03   3.1320000E+03   2.8390000E+03   1.3910330E-04   1.5345950E-04
   1.5432686E+03   3.1250000E+03   2.8200000E+03   0.0000000E+00   0.0000000E+00
   1.5432762E+03   3.0160000E+03   2.7290000E+03   3.1339027E-04   3.4634850E-04
   1.5432837E+03   3.1100000E+03   2.8190000E+03   1.7211033E-04   1.8987695E-04
   1.5432912E+03   3.0890000E+03   2.7860000E+03   1.0181421E-04   1.1288733E-04
   1.5432987E+03   3.0210000E+03   2.7370000E+03   2.7688002E-05   3.0560999E-05
   1.5433063E+03   3.0080000E+03   2.7330000E+03   5.7131985E-06   6.2880721E-06
   1.5433138E+03   2.9620000E+03   2.6850000E+03   3.1695737E-04   1.3655904E-04
   1.5433213E+03   3.0370000E+03   2.7270000E+03   1.7262724E-04   1.9225117E-04
   1.5433289E+03   3.1430000E+03   2.8220000E+03   2.9993451E-04   3.3405179E-04
   1.5433364E+03   3.0380000E+03   2.7380000E+03   1.1781969E-04   1.8425979E-04
   1.5433439E+03   3.0910000E+03   2.7860000E+03   1.2370260E-04   1.3724506E-04
   1.5433514E+03   3.1870000E+03   2.8880000E+03   1.4341251E-04   1.5826027E-04
   1.5433590E+03   3.1270000E+03   2.8190000E+03   1.7277724E-07   1.9165464E-07
   1.5433665E+03   3.1380000E+03   2.8390000E+03   3.6085418E-04   3.9885890E-04
   1.5433740E+03   3.1130000E+03   2.8170000E+03   0.0000000E+00   0.0000000E+00
   1.5433815E+03   3.0690000E+03   2.7770000E+03   3.0167037E-04   3.3339084E-04
   1.5433891E+03   3.0460000E+03   2.7540000E+03   1.5677094E-04   1.7339299E-04
   1.5433966E+03   3.1840000E+03   2.8860000E+03   2.5010696E-04   2.7593228E-04
   1.5434041E+03   3.2130000E+03   2.8830000E+03   1.7237446E-04   1.9333573E-05
   1.5434117E+03   3.1120000E+03   2.7950000E+03   4.4072098E-04   4.9070615E-04
   1.5434192E+03   3.0970000E+03   2.7870000E+03   7.6531852E-05   8.5044545E-05
   1.5434267E+03   3.1090000E+03   2.8300000E+03   4.3334482E-04   3.9536706E-04
   1.5434342E+03   3.1850000E+03   2.8850000E+03   8.2043110E-05   9.0574456E-05
   1.5434418E+03   3.2080000E+03   2.9160000E+03   3.6577318E-04   4.0240068E-04
   1.5434493E+03   3.1000000E+03   2.7910000E+03   2.1541911E-04   2.3926881E-04
   1.5434568E+03   3.3050000E+03   2.9640000E+03   1.2682418E-04   1.3869030E-04
   1.5434644E+03   3.1770000E+03   2.8540000E+03   2.8193581E-04   3.1384375E-04
   1.5434719E+03   3.2210000E+03   2.8700000E+03   2.7718208E-04   3.1108135E-04
   1.5434794E+03   3.2670000E+03   2.9050000E+03   0.0000000E+00   0.0000000E+00
   1.5434869E+03   3.2060000E+03   2.9150000E+03   2.6161052E-04   1.0572864E-04
   1.5434945E+03   3.1680000E+03   2.8580000E+03   3.0340193E-04   2.4123769E-05
   1.5435020E+03   3.2340000E+03   2.9390000E+03   1.7295997E-04   1.9032070E-04
   1.5435095E+03   3.1910000E+03   2.8970000E+03   1.4199644E-04   1.5640684E-04
   1.5435171E+03   3.3920000E+03   3.0660000E+03   1.6429837E-04   1.8176780E-04
   1.5435246E+03   3.1500000E+03   2.8280000E+03   4.0545623E-04   2.9868559E-04
   1.5435321E+03   3.2590000E+03   2.9590000E+03   0.0000000E+00   0.0000000E+00
   1.5435396E+03   3.2940000E+03   2.9680000E+03   1.3398816E-04   1.4870519E-04
   1.5435472E+03   3.2470000E+03   2.9340000E+03   1.5996770E-04   1.6706340E-04
   1.5435547E+03   3.1790000E+03   2.8880000E+03   6.8816454E-04   7.5750522E-04
   1.5435622E+03   3.2770000E+03   2.9770000E+03   1.8841720E-04   2.0740449E-04
   1.5435698E+03   3.3020000E+03   2.9590000E+03   1.2069884E-04   1.3468995E-04
   1.5435773E+03   3.3340000E+03   3.0220000E+03   2.7030854E-04   2.9821597E-04
   1.5435848E+03   3.3080000E+03   2.9590000E+03   6.4954221E-05   7.2615263E-05
   1.5435923E+03   3.2580000E+03   2.9580000E+03   2.2470267E-04   2.4883997E-04
   1.5435999E+03   3.3420000E+03   3.0230000E+03   1.8799724E-05   2.0783552E-05
   1.5436074E+03   3.2490000E+03   2.9360000E+03   1.9472521E-04   1.0611757E-04
   1.5436149E+03   3.2960000E+03   2.9650000E+03   4.3520944E-04   4.8379437E-04
   1.5436225E+03   3.3210000E+03   3.0040000E+03   3.4739948E-05   3.8405914E-05
   1.5436300E+03   3.3360000E+03   3.0240000E+03   7.3713936E-05   8.1319342E-05
   1.5436375E+03   3.3050000E+03   2.9640000E+03   8.2878115E-05   9.2413013E-05
   1.5436450E+03   3.4200000E+03   3.0950000E+03   1.6243393E-04   1.7949080E-04
   1.5436526E+03   3.1930000E+03   2.9050000E+03   6.6979185E-04   7.4139841E-04
   1.5436601E+03   3.2710000E+03   2.9730000E+03   4.2631461E-04   4.6904644E-04
   1.5436676E+03   3.4000000E+03   3.0600000E+03   1.3611962E-05   1.5124402E-05
   1.5436752E+03   3.3780000E+03   3.0560000E+03   2.7585468E-04   3.0492052E-04
   1.5436827E+03   3.3680000E+03   3.0340000E+03   4.8661641E-05   5.4018592E-05
   1.5436902E+03   3.4630000E+03   3.1250000E+03   2.7314624E-04   3.0268974E-04
   1.5436977E+03   3.3740000E+03   3.0630000E+03   7.4476086E-06   8.2037974E-06
   1.5437053E+03   3.3160000E+03   2.9980000E+03   2.9738732E-04   3.2893141E-04
   1.5437128E+03   3.4030000E+03   3.1240000E+03   2.1904090E-05   2.3860313E-05
   1.5437203E+03   3.3360000E+03   3.0330000E+03   2.6561793E-04   2.9215345E-04
   1.5437279E+03   3.3210000E+03   2.9940000E+03   4.9678708E-05   5.5104539E-05
   1.5437354E+03   3.4320000E+03   3.1000000E+03   1.6131520E-04   1.7859154E-04
   1.5437429E+03   3.4590000E+03   3.1120000E+03   2.7155154E-04   3.0183059E-04
   1.5437504E+03   3.3720000E+03   3.0360000E+03   2.0852175E-04   2.1927312E-04
   1.5437580E+03   3.4700000E+03   3.1080000E+03   1.2794393E-04   1.4284603E-04
   1.5437655E+03   3.4030000E+03   3.0860000E+03   3.4473900E-04   3.8015127E-04
   1.5437730E+03   3.4650000E+03   3.1440000E+03   1.8043087E-04   1.9885273E-04
   1.5437806E+03   3.4390000E+03   3.1300000E+03   1.1095526E-04   6.6097853E-05
   1.5437881E+03   3.4460000E+03   3.1420000E+03   4.7539974E-05   5.2139641E-05
   1.5437956E+03   3.4030000E+03   3.0740000E+03   1.8605570E-04   3.1637904E-04
   1.5438031E+03   3.4360000E+03   3.0780000E+03   2.4659946E-04   2.7528127E-04
   1.5438107E+03   3.4580000E+03   3.1210000E+03   7.6603567E-05   8.4875083E-05
   1.5438182E+03   3.4830000E+03   3.1340000E+03   1.8889267E-04   3.1397962E-04
   1.5438257E+03   3.3990000E+03   3.0900000E+03   3.6898254E-05   1.4707399E-05
   1.5438332E+03   3.3970000E+03   3.0760000E+03   9.0847629E-05   1.0032815E-04
   1.5438408E+03   3.5000000E+03   3.1620000E+03   1.6596509E-04   1.7268170E-04
   1.5438483E+03   3.4400000E+03   3.0960000E+03   4.0916774E-04   4.6333793E-04
   1.5438558E+03   3.5580000E+03   3.2190000E+03   1.2664960E-04   3.2816255E-04
   1.5438634E+03   3.5030000E+03   3.1360000E+03   2.0087933E-04   2.1481347E-04
   1.5438709E+03   3.4930000E+03   3.1430000E+03   2.3429863E-04   2.6038979E-04
   1.5438784E+03   3.4890000E+03   3.1430000E+03   2.2342255E-04   2.4801822E-04
   1.5438859E+03   3.4760000E+03   3.1320000E+03   1.9396332E-04   2.1526708E-04
   1.5438935E+03   3.5190000E+03   3.1520000E+03   1.9706569E-04   2.2001084E-04
   1.5439010E+03   3.4400000E+03   3.1140000E+03   3.9598083E-05   4.3743547E-05
   1.5439085E+03   3.4550000E+03   3.0560000E+03   1.9787800E-04   2.5543595E-04
   1.5439161E+03   3.5460000E+03   3.2210000E+03   2.6795435E-04   2.9499104E-04
   1.5439236E+03   3.5520000E+03   3.2350000E+03   3.7967858E-05   4.1688356E-05
   1.5439311E+03   3.5350000E+03   3.1850000E+03   1.1246536E-04   1.2482419E-04
   1.5439386E+03   3.5110000E+03   3.1660000E+03   1.6415540E-04   1.8204347E-04
   1.5439462E+03   3.5080000E+03   3.1720000E+03   3.0812743E-05   5.7390989E-05
   1.5439537E+03   3.5740000E+03   3.2530000E+03   6.5132802E-05   7.1559986E-05
   1.5439612E+03   3.4150000E+03   3.0570000E+03   1.5292876E-04   1.7646960E-04
   1.5439688E+03   3.4840000E+03   3.1420000E+03   4.4586719E-05   4.9439888E-05
   1.5439763E+03   3.5540000E+03   3.2070000E+03   1.0673802E-04   1.1828716E-04
   1.5439838E+03   3.6270000E+03   3.3090000E+03   1.7588506E-04   1.9278789E-04
   1.5439913E+03   3.5360000E+03   3.2030000E+03   1.5626373E-04   1.7250970E-04
   1.5439989E+03   3.4560000E+03   3.1040000E+03   1.8674233E-04   1.4507375E-04
   1.5440064E+03   3.5920000E+03   3.2680000E+03   2.7378544E-04   3.0092941E-04
   1.5440139E+03   3.6180000E+03   3.2620000E+03   3.9572919E-06   4.3891729E-06
   1.5440215E+03   3.6110000E+03   3.2590000E+03   2.4532343E-04   2.7182047E-04
   1.5440290E+03   3.6100000E+03   3.2790000E+03   2.0462055E-05   2.2527605E-05
   1.5440365E+03   3.5830000E+03   3.2470000E+03   1.2170462E-04   1.3429863E-04
   1.5440440E+03   3.5520000E+03   3.2260000E+03   1.1847237E-05   1.3044447E-05
   1.5440516E+03   3.6110000E+03   3.2660000E+03   1.3866456E-04   2.5889766E-04
   1.5440591E+03   3.6170000E+03   3.2300000E+03   9.0246556E-05   1.0105938E-04
   1.5440666E+03   3.6440000E+03   3.3000000E+03   1.8334890E-04   2.0246163E-04
   1.5440742E+03   3.5090000E+03   3.1830000E+03   4.8388631E-05   5.1258951E-05
   1.5440817E+03   3.6670000E+03   3.3240000E+03   6.8270302E-05   7.5315041E-05
   1.5440892E+03   3.6120000E+03   3.2730000E+03   2.1758155E-04   2.4011750E-04
   1.5440967E+03   3.7110000E+03   3.3580000E+03   2.3256616E-04   2.5651089E-04
   1.5441043E+03   3.6590000E+03   3.3230000E+03   4.2333208E-04   3.2301931E-04
   1.5441118E+03   3.5530000E+03   3.2130000E+03   1.0095361E-04   1.0061085E-04
   1.5441193E+03   3.6260000E+03   3.2770000E+03   1.9376596E-04   2.4831496E-04
   1.5441269E+03   3.7140000E+03   3.3110000E+03   2.5557888E-04   2.1314812E-04
   1.5441344E+03   3.7120000E+03   3.3620000E+03   4.8033814E-05   5.3034360E-05
   1.5441419E+03   3.6500000E+03   3.2970000E+03   2.2724552E-04   2.4930798E-04
   1.5441494E+03   3.6770000E+03   3.3110000E+03   3.3097353E-04   3.6755955E-04
   1.5441570E+03   3.6090000E+03   3.2670000E+03   6.0124965E-05   6.6419038E-05
   1.5441645E+03   3.7620000E+03   3.3870000E+03   1.2769248E-04   1.2256399E-04
   1.5441720E+03   3.6680000E+03   3.3250000E+03   1.1978021E-04   1.8559890E-04
   1.5441796E+03   3.6690000E+03   3.3050000E+03   1.3063112E-04   6.0003188E-05
   1.5441871E+03   3.7980000E+03   3.4180000E+03   2.4910281E-04   2.7679710E-04
   1.5441946E+03   3.7910000E+03   3.4480000E+03   1.9545589E-04   2.1489945E-04
   1.5442021E+03   3.7900000E+03   3.4190000E+03   5.4741818E-05   6.0681921E-05
   1.5442097E+03   3.6870000E+03   3.3220000E+03   2.5131452E-04   2.9158678E-04
   1.5442172E+03   3.7150000E+03   3.3800000E+03   1.7483486E-04   1.9216317E-04
   1.5442247E+03   3.7920000E+03   3.4020000E+03   2.9739789E-04   2.1118375E-04
   1.5442323E+03   3.7540000E+03   3.3890000E+03   3.0770029E-04   2.5341485E-04
   1.5442398E+03   3.8470000E+03   3.4650000E+03   2.8887246E-05   3.2071930E-05
   1.5442473E+03   3.8100000E+03   3.4320000E+03   1.0904453E-04   2.2624291E-04
   1.5442548E+03   3.7830000E+03   3.4140000E+03   3.5186518E-04   1.8714203E-04
   1.5442624E+03   3.6870000E+03   3.2840000E+03   7.1971420E-05   8.0803479E-05
   1.5442699E+03   3.7730000E+03   3.4050000E+03   2.0906998E-04   2.3166550E-04
   1.5442774E+03   3.8520000E+03   3.4690000E+03   1.6507280E-04   1.8329791E-04
   1.5442849E+03   3.8900000E+03   3.5400000E+03   3.8773762E-04   4.2091578E-04
   1.5442925E+03   3.7850000E+03   3.4410000E+03   5.7652225E-04   6.3805414E-04
   1.5443000E+03   3.8870000E+03   3.5190000E+03   3.3929595E-04   3.7477788E-04
   1.5443075E+03   3.7890000E+03   3.4230000E+03   2.2161927E-04   2.4531563E-04
   1.5443151E+03   3.8280000E+03   3.4620000E+03   2.3854543E-04   2.6376427E-04
   1.5443226E+03   3.7950000E+03   3.4050000E+03   8.9052623E-05   8.7553280E-05
   1.5443301E+03   3.7960000E+03   3.4550000E+03   2.1626254E-04   2.3760712E-04
   1.5443376E+03   3.8520000E+03   3.4870000E+03   6.1531940E-05   6.7972766E-05
   1.5443452E+03   3.7860000E+03   3.4280000E+03   8.3484710E-05   9.8429254E-05
   1.5443527E+03   3.8580000E+03   3.4830000E+03   2.5412896E-04   1.8041124E-04
   1.5443602E+03   3.8730000E+03   3.5210000E+03   4.3991669E-04   4.8389586E-04
   1.5443678E+03   4.0240000E+03   3.6390000E+03   7.4588559E-04   6.7785550E-04
   1.5443753E+03   3.9430000E+03   3.5830000E+03   2.8547619E-04   3.1415926E-04
   1.5443828E+03   3.8650000E+03   3.5090000E+03   1.4359645E-04   1.3497520E-04
   1.5443903E+03   3.8000000E+03   3.4530000E+03   5.4575831E-05   1.8118944E-04
   1.5443979E+03   3.8970000E+03   3.4980000E+03   6.0494177E-05   6.7394457E-05
   1.5444054E+03   3.8910000E+03   3.5070000E+03   2.1325064E-04   5.6477930E-05
   1.5444129E+03   3.8810000E+03   3.5090000E+03   2.5023656E-04   2.7676491E-04
   1.5444205E+03   3.8960000E+03   3.5040000E+03   2.1000222E-04   2.0757255E-04
   1.5444280E+03   3.7340000E+03   3.3460000E+03   2.8935802E-04   7.0958258E-05
   1.5444355E+03   3.9820000E+03   3.5720000E+03   3.3605696E-04   3.7463012E-04
   1.5444430E+03   3.8660000E+03   3.4660000E+03   2.9648830E-04   3.1030189E-04
   1.5444506E+03   3.9490000E+03   3.5770000E+03   2.9296880E-04   3.2343691E-04
   1.5444581E+03   3.8970000E+03   3.5340000E+03   1.7574126E-04   1.9379278E-04
   1.5444656E+03   4.0430000E+03   3.6410000E+03   2.3489585E-04   2.6311955E-04
   1.5444732E+03   3.9630000E+03   3.5910000E+03   3.1233644E-04   3.4469209E-04
   1.5444807E+03   3.9100000E+03   3.5500000E+03   1.1837586E-05   1.3038017E-05
   1.5444882E+03   3.8880000E+03   3.5160000E+03   3.6752754E-04   4.1152011E-04
   1.5444957E+03   3.8700000E+03   3.5010000E+03   1.9737162E-04   2.4397901E-04
   1.5445033E+03   3.9780000E+03   3.5890000E+03   5.2585332E-05   4.2240162E-05
   1.5445108E+03   3.9510000E+03   3.5630000E+03   6.1338286E-04   6.8017841E-04
   1.5445183E+03   3.9890000E+03   3.6250000E+03   3.1668848E-04   3.4848837E-04
   1.5445259E+03   3.9100000E+03   3.5630000E+03   4.5366668E-04   3.1390941E-04
   1.5445334E+03   3.9560000E+03   3.5540000E+03   4.7078428E-04   5.2403562E-04
   1.5445409E+03   4.0120000E+03   3.6070000E+03   1.7872195E-04   1.9878915E-04
   1.5445484E+03   3.9900000E+03   3.5900000E+03   2.1760737E-04   2.0163836E-04
   1.5445560E+03   3.8940000E+03   3.5460000E+03   1.6239357E-04   1.8005279E-04
   1.5445635E+03   4.0350000E+03   3.6610000E+03   2.2937648E-04   5.5595014E-05
   1.5445710E+03   3.9740000E+03   3.5970000E+03   2.4528843E-04   2.7099701E-04
   1.5445786E+03   3.9340000E+03   3.5690000E+03   1.9429743E-04   2.2600122E-04
   1.5445861E+03   3.9060000E+03   3.5460000E+03   3.5869998E-04   3.9511622E-04
   1.5445936E+03   3.9820000E+03   3.6160000E+03   3.5471494E-04   3.9237258E-04
   1.5446011E+03   3.9510000E+03   3.5440000E+03   2.1277750E-04   3.0524727E-04
   1.5446087E+03   3.9550000E+03   3.5600000E+03   1.8568849E-04   2.3091700E-04
   1.5446162E+03   3.9860000E+03   3.6040000E+03   2.7583352E-04   3.0507003E-04
   1.5446237E+03   3.9820000E+03   3.5640000E+03   1.3938751E-04   1.6610607E-04
   1.5446313E+03   3.9700000E+03   3.6030000E+03   6.8080897E-05   7.3075770E-05
   1.5446388E+03   4.0610000E+03   3.6820000E+03   2.1287852E-04   2.3479079E-04
   1.5446463E+03   4.1170000E+03   3.7540000E+03   6.6766775E-04   7.3222913E-04
   1.5446538E+03   4.1330000E+03   3.7530000E+03   2.5313749E-04   2.7876826E-04
   1.5446614E+03   4.1750000E+03   3.8090000E+03   3.5806670E-04   4.3614322E-04
   1.5446689E+03   4.1110000E+03   3.7210000E+03   1.7410022E-04   1.8717649E-04
   1.5446764E+03   4.0640000E+03   3.6440000E+03   7.1684162E-05   7.9946332E-05
   1.5446840E+03   3.9650000E+03   3.5640000E+03   8.0222389E-04   8.9071824E-04
   1.5446915E+03   4.0130000E+03   3.6600000E+03   1.7339581E-04   1.9794960E-04
   1.5446990E+03   4.0810000E+03   3.6580000E+03   2.7420635E-04   3.0591474E-04
   1.5447065E+03   4.0530000E+03   3.6370000E+03   7.9919308E-05   8.9060477E-05
   1.5447141E+03   4.1180000E+03   3.7310000E+03   2.9823267E-04   3.2583963E-04
   1.5447216E+03   4.0120000E+03   3.6070000E+03   6.7827338E-05   9.1030763E-05
   1.5447291E+03   4.0970000E+03   3.7060000E+03   2.8665993E-04   3.4724597E-04
   1.5447366E+03   4.2440000E+03   3.8130000E+03   5.0496444E-04   5.0622270E-04
   1.5447442E+03   4.0750000E+03   3.7180000E+03   7.2261713E-05   2.3248839E-04
   1.5447517E+03   4.0900000E+03   3.7050000E+03   1.2576560E-04   1.3883436E-04
   1.5447592E+03   4.0910000E+03   3.6920000E+03   2.4170612E-04   2.4713536E-04
   1.5447668E+03   4.0920000E+03   3.7090000E+03   7.8545250E-05   9.0992149E-05
   1.5447743E+03   4.0870000E+03   3.6830000E+03   1.6625554E-04   1.8449264E-04
   1.5447818E+03   4.2650000E+03   3.8630000E+03   1.3037603E-04   1.4955631E-04
   1.5447893E+03   4.2690000E+03   3.8470000E+03   1.1099272E-04   1.2316816E-04
   1.5447969E+03   4.2280000E+03   3.8220000E+03   7.6983605E-05   8.5727627E-05
   1.5448044E+03   4.0800000E+03   3.6960000E+03   2.8084439E-04   2.8963370E-04
   1.5448119E+03   4.1550000E+03   3.7380000E+03   2.0807891E-04   2.4553319E-04
   1.5448195E+03   4.1530000E+03   3.7770000E+03   5.0197495E-04   5.5194651E-04
   1.5448270E+03   4.1650000E+03   3.7970000E+03   2.2057611E-04   2.4195404E-04
   1.5448345E+03   4.2090000E+03   3.8170000E+03   2.8570803E-04   2.4410167E-04
   1.5448420E+03   4.1870000E+03   3.7670000E+03   8.8581849E-05   9.8458243E-05
   1.5448496E+03   4.1850000E+03   3.7990000E+03   3.0670275E-04   3.4278803E-04
   1.5448571E+03   4.2760000E+03   3.8550000E+03   2.2366906E-04   2.4809570E-04
   1.5448646E+03   4.1390000E+03   3.7940000E+03   1.4145080E-04   1.1686021E-04
   1.5448722E+03   4.1950000E+03   3.7820000E+03   2.9015064E-04   1.4650454E-04
   1.5448797E+03   4.1340000E+03   3.7540000E+03   2.9218846E-04   3.3352959E-04
   1.5448872E+03   4.2390000E+03   3.8380000E+03   1.1286893E-04   1.2466164E-04
   1.5448947E+03   4.2480000E+03   3.8400000E+03   1.8074311E-04   1.9994706E-04
   1.5449023E+03   4.3870000E+03   3.9890000E+03   1.9972412E-04   2.1965147E-04
   1.5449098E+03   4.1690000E+03   3.7810000E+03   2.6633116E-05   1.7546752E-04
   1.5449173E+03   4.2150000E+03   3.8050000E+03   5.5701664E-04   5.8987255E-04
   1.5449249E+03   4.1770000E+03   3.8000000E+03   6.4717455E-04   7.0713613E-04
   1.5449324E+03   4.2190000E+03   3.8390000E+03   1.3983157E-04   1.5442514E-04
   1.5449399E+03   4.2460000E+03   3.8390000E+03   8.0161980E-04   8.8660528E-04
   1.5449474E+03   4.2770000E+03   3.8770000E+03   8.3159264E-05   9.4589565E-05
   1.5449550E+03   4.2430000E+03   3.8200000E+03   1.1939676E-04   1.3074179E-04
   1.5449625E+03   4.3650000E+03   3.9440000E+03   1.2560130E-04   7.4517078E-05
   1.5449700E+03   4.2290000E+03   3.7890000E+03   7.2327904E-05   8.0727027E-05
   1.5449776E+03   4.2790000E+03   3.8970000E+03   1.6412975E-04   2.1570537E-04
   1.5449851E+03   4.3890000E+03   4.0050000E+03   1.9180825E-04   2.1379395E-04
   1.5449926E+03   4.3040000E+03   3.8990000E+03   9.3165027E-05   2.1387787E-04
   1.5450001E+03   4.2350000E+03   3.8270000E+03   1.6327032E-04   1.8067672E-04
   1.5450077E+03   4.3540000E+03   3.9480000E+03   3.1768459E-04   3.5424374E-04
   1.5450152E+03   4.3140000E+03   3.9140000E+03   1.1396167E-04   1.2884711E-04
   1.5450227E+03   4.3260000E+03   3.9140000E+03   2.6153158E-04   2.2381823E-04
   1.5450303E+03   4.3590000E+03   3.9130000E+03   1.1276944E-04   1.1995062E-04
   1.5450378E+03   4.2490000E+03   3.8390000E+03   1.2953365E-04   1.2617796E-04
   1.5450453E+03   4.3310000E+03   3.9250000E+03   4.2747567E-05   8.9300235E-05
   1.5450528E+03   4.3230000E+03   3.8820000E+03   1.3056550E-04   7.9111234E-05
   1.5450604E+03   4.2420000E+03   3.8500000E+03   3.1063287E-04   3.4226095E-04
   1.5450679E+03   4.2440000E+03   3.8530000E+03   2.6119586E-04   2.8537782E-04
   1.5450754E+03   4.4060000E+03   3.9880000E+03   1.8707100E-04   2.5312374E-04
   1.5450830E+03   4.3410000E+03   3.9360000E+03   3.8649843E-04   3.9636226E-04
   1.5450905E+03   4.4400000E+03   4.0340000E+03   2.5722625E-04   2.8311466E-04
   1.5450980E+03   4.3830000E+03   3.9560000E+03   4.5929075E-04   3.6908772E-04
   1.5451055E+03   4.2470000E+03   3.8470000E+03   3.4287142E-04   2.8609224E-04
   1.5451131E+03   4.3360000E+03   3.9550000E+03   1.4851193E-04   1.6281864E-04
   1.5451206E+03   4.4670000E+03   4.0440000E+03   3.9537273E-04   4.3672848E-04
   1.5451281E+03   4.4200000E+03   4.0250000E+03   2.1688192E-04   2.8132172E-04
   1.5451357E+03   4.4120000E+03   4.0040000E+03   4.6374294E-04   5.0117174E-04
   1.5451432E+03   4.3640000E+03   3.9450000E+03   4.4899664E-04   5.1600346E-04
   1.5451507E+03   4.3590000E+03   3.9110000E+03   4.3285197E-05   4.8243460E-05
   1.5451582E+03   4.4010000E+03   3.9850000E+03   2.1171004E-04   3.5346425E-04
   1.5451658E+03   4.3900000E+03   3.9710000E+03   3.9074892E-04   4.3197878E-04
   1.5451733E+03   4.4100000E+03   3.9860000E+03   2.3949108E-04   2.9028257E-04
   1.5451808E+03   4.3990000E+03   4.0160000E+03   1.4231510E-04   1.2867518E-04
   1.5451883E+03   4.4210000E+03   4.0100000E+03   2.0407170E-04   1.6468235E-04
   1.5451959E+03   4.2280000E+03   3.8120000E+03   2.1560646E-04   2.4321032E-04
   1.5452034E+03   4.4640000E+03   4.0850000E+03   5.4356472E-04   4.7834176E-04
   1.5452109E+03   4.4390000E+03   3.9890000E+03   2.0793071E-04   2.6274590E-04
   1.5452185E+03   4.4450000E+03   3.9920000E+03   1.3990731E-04   2.9798711E-04
   1.5452260E+03   4.4430000E+03   4.0190000E+03   3.0663199E-04   1.7530524E-04
   1.5452335E+03   4.4080000E+03   3.9770000E+03   3.8088735E-04   5.0783617E-04
   1.5452410E+03   4.4140000E+03   3.9690000E+03   3.4992253E-04   3.4131068E-04
   1.5452486E+03   4.3520000E+03   3.9380000E+03   4.3752132E-04   4.8246338E-04
   1.5452561E+03   4.4070000E+03   4.0260000E+03   2.9880608E-04   3.7180602E-04
   1.5452636E+03   4.4190000E+03   4.0120000E+03   6.2845584E-04   7.0307660E-04
   1.5452712E+03   4.5130000E+03   4.0760000E+03   2.4977216E-04   3.2523635E-04
   1.5452787E+03   4.4810000E+03   4.0830000E+03   5.1829083E-04   5.6819395E-04
   1.5452862E+03   4.5290000E+03   4.0760000E+03   2.7721313E-04   1.0545965E-04
   1.5452937E+03   4.4340000E+03   4.0470000E+03   3.9486400E-04   3.6442305E-04
   1.5453013E+03   4.4030000E+03   4.0370000E+03   2.9312460E-04   2.8486787E-04
   1.5453088E+03   4.4080000E+03   4.0330000E+03   2.4751329E-04   1.5759448E-04
   1.5453163E+03   4.3310000E+03   3.9650000E+03   2.9136895E-04   4.1727180E-04
   1.5453239E+03   4.4480000E+03   4.1030000E+03   1.1726009E-04   2.9401772E-05
   1.5453314E+03   4.3460000E+03   3.9950000E+03   2.0968854E-04   1.7461709E-04
   1.5453389E+03   4.3220000E+03   4.0160000E+03   1.7863601E-04   9.5611372E-05
   1.5453464E+03   4.3330000E+03   4.0410000E+03   3.1457360E-04   3.3435090E-04
   1.5453540E+03   4.2460000E+03   3.9650000E+03   1.1599853E-04   2.0943595E-04
   1.5453615E+03   4.1660000E+03   3.9570000E+03   3.1654497E-04   2.9581988E-04
   1.5453690E+03   4.2370000E+03   4.0040000E+03   3.8468417E-04   4.0951304E-04
   1.5453766E+03   4.2370000E+03   4.0490000E+03   6.0587436E-04   4.9220694E-04
   1.5453841E+03   4.1160000E+03   3.9540000E+03   6.7453296E-04   4.1483393E-04
   1.5453916E+03   3.9900000E+03   3.8660000E+03   1.9684485E-04   1.5926103E-04
   1.5453991E+03   3.8740000E+03   3.7660000E+03   1.6146190E-04   6.7306557E-05
   1.5454067E+03   3.9460000E+03   3.8680000E+03   3.8221273E-04   4.2105245E-04
   1.5454142E+03   3.8270000E+03   3.7560000E+03   5.7940065E-04   1.0602001E-04
   1.5454217E+03   3.7910000E+03   3.7270000E+03   2.9445059E-04   4.5757451E-04
   1.5454293E+03   3.7460000E+03   3.7050000E+03   1.2785996E-03   8.7037858E-04
   1.5454368E+03   3.7220000E+03   3.6820000E+03   9.6376555E-04   3.9106866E-04
   1.5454443E+03   3.5620000E+03   3.5350000E+03   3.5717551E-04   3.8394014E-04
   1.5454518E+03   3.5330000E+03   3.5140000E+03   1.8640612E-04   5.2918735E-04
   1.5454594E+03   3.5070000E+03   3.4880000E+03   2.0208704E-04   1.0999115E-04
   1.5454669E+03   3.4330000E+03   3.4150000E+03   1.1406225E-03   1.1200961E-03
   1.5454744E+03   3.3470000E+03   3.3330000E+03   1.5496742E-03   1.0545060E-03
   1.5454820E+03   3.2850000E+03   3.2670000E+03   1.4005816E-03   1.2696263E-03
   1.5454895E+03   3.1370000E+03   3.1280000E+03   5.7866464E-04   7.7575206E-04
   1.5454970E+03   3.1480000E+03   3.1340000E+03   1.2712429E-03   1.0513801E-03
   1.5455045E+03   3.1420000E+03   3.1270000E+03   3.9300756E-04   5.6130151E-04
   1.5455121E+03   2.9120000E+03   2.9050000E+03   1.6133740E-03   1.8730365E-03
   1.5455196E+03   2.8720000E+03   2.8590000E+03   2.1531063E-03   1.9432266E-03
   1.5455271E+03   2.9280000E+03   2.9100000E+03   1.0636011E-04   2.7308289E-05
   1.5455347E+03   2.6320000E+03   2.6250000E+03   2.9494345E-04   1.4238953E-04
   1.5455422E+03   2.6480000E+03   2.6380000E+03   9.9757312E-04   1.0007341E-03
   1.5455497E+03   2.5480000E+03   2.5410000E+03   2.6085548E-04   5.0626136E-04
   1.5455572E+03   2.5250000E+03   2.5200000E+03   7.9270356E-04   8.0003870E-04
   1.5455648E+03   2.4010000E+03   2.3980000E+03   8.7474239E-04   1.0810144E-03
   1.5455723E+03   2.3580000E+03   2.3500000E+03   2.0742941E-04   4.6205564E-04
   1.5455798E+03   2.3080000E+03   2.3040000E+03   1.2560774E-03   1.3243520E-03
   1.5455874E+03   2.2640000E+03   2.2570000E+03   8.5454520E-04   6.5886730E-04
   1.5455949E+03   2.2030000E+03   2.1970000E+03   8.4764768E-04   6.1116664E-04
   1.5456024E+03   2.2010000E+03   2.1870000E+03   7.3440823E-04   7.8034022E-04
   1.5456099E+03   2.1060000E+03   2.1040000E+03   2.6151820E-03   2.4456354E-03
   1.5456175E+03   2.0270000E+03   2.0180000E+03   2.0036810E-03   1.4377180E-03
   1.5456250E+03   1.9730000E+03   1.9650000E+03   9.8707601E-04   5.6297965E-04
   1.5456325E+03   1.8540000E+03   1.8480000E+03   1.7553718E-03   1.7779468E-03
   1.5456400E+03   1.8500000E+03   1.8470000E+03   4.4671181E-04   3.1732322E-04
   1.5456476E+03   1.8080000E+03   1.8020000E+03   6.0389565E-04   6.1980002E-04
   1.5456551E+03   1.7220000E+03   1.7180000E+03   1.6366923E-03   1.3153266E-03
   1.5456626E+03   1.6830000E+03   1.6760000E+03   2.0469588E-03   1.8464226E-03
   1.5456702E+03   1.6740000E+03   1.6680000E+03   3.0767805E-03   2.7865065E-03
   1.5456777E+03   1.7000000E+03   1.6940000E+03   2.2463104E-03   1.9236289E-03
   1.5456852E+03   1.5820000E+03   1.5770000E+03   3.9971229E-03   3.8701950E-03
   1.5456927E+03   1.6010000E+03   1.5930000E+03   2.6011245E-03   1.9261794E-03
   1.5457003E+03   1.4930000E+03   1.4860000E+03   2.1737775E-03   1.9558484E-03
   1.5457078E+03   1.4320000E+03   1.4270000E+03   1.7773659E-03   1.5835153E-03
   1.5457153E+03   1.4000000E+03   1.3950000E+03   2.4803145E-03   2.7346959E-03
   1.5457229E+03   1.4360000E+03   1.4320000E+03   1.8053436E-03   1.7154002E-03
   1.5457304E+03   1.4490000E+03   1.4440000E+03   3.4637938E-03   3.1360145E-03
   1.5457379E+03   1.3270000E+03   1.3210000E+03   5.2171753E-03   5.2032104E-03
   1.5457454E+03   1.2920000E+03   1.2870000E+03   1.3463950E-03   1.3142297E-03
   1.5457530E+03   1.2570000E+03   1.2540000E+03   1.7019424E-03   1.4660259E-03
   1.5457605E+03   1.2670000E+03   1.2590000E+03   1.5735626E-03   2.2027120E-03
   1.5457680E+03   1.2120000E+03   1.2040000E+03   2.2787462E-03   2.0650313E-03
   1.5457756E+03   1.2440000E+03   1.2350000E+03   4.1307312E-03   3.6396180E-03
   1.5457831E+03   1.2180000E+03   1.2150000E+03   2.7192103E-03   1.9761444E-03
   1.5457906E+03   1.1830000E+03   1.1750000E+03   3.4294282E-03   2.9509246E-03
   1.5457981E+03   1.1270000E+03   1.1230000E+03   2.3252857E-03   1.9028425E-03
   1.5458057E+03   1.0490000E+03   1.0420000E+03   3.5631652E-03   1.9177902E-03
   1.5458132E+03   1.0460000E+03   1.0350000E+03   1.3027733E-03   1.4388945E-03
   1.5458207E+03   1.1090000E+03   1.0970000E+03   8.1166610E-04   1.7427192E-03
   1.5458283E+03   1.1030000E+03   1.0920000E+03   2.9118318E-03   3.9523132E-03
   1.5458358E+03   1.0290000E+03   1.0160000E+03   2.8818758E-03   3.2481644E-03
   1.5458433E+03   1.0210000E+03   1.0130000E+03   2.5278483E-03   3.3105911E-03
   1.5458508E+03   9.7100000E+02   9.6200000E+02   9.2449298E-04   1.7814181E-03
   1.5458584E+03   1.0650000E+03   1.0530000E+03   2.1485885E-03   1.3232093E-03
   1.5458659E+03   9.5300000E+02   9.3800000E+02   2.0101738E-03   2.4977955E-03
   1.5458734E+03   9.9400000E+02   9.8700000E+02   1.5376527E-03   2.0784694E-03
   1.5458810E+03   9.5600000E+02   9.4700000E+02   6.9365376E-03   5.2036680E-03
   1.5458885E+03   9.5800000E+02   9.4900000E+02   2.0987833E-03   1.7174925E-03
   1.5458960E+03   8.5600000E+02   8.4400000E+02   3.6045686E-03   3.5833781E-03
   1.5459035E+03   9.3100000E+02   9.1300000E+02   2.6416230E-03   2.7198369E-03
   1.5459111E+03   8.3700000E+02   8.2000000E+02   3.1014162E-03   2.3341692E-03
   1.5459186E+03   9.0500000E+02   8.8600000E+02   5.4556860E-03   5.1415277E-03
   1.5459261E+03   8.2400000E+02   7.9800000E+02   1.3173816E-02   1.2175364E-02
   1.5459337E+03   8.0300000E+02   7.7800000E+02   2.3945556E-03   2.0250971E-03
   1.5459412E+03   7.8300000E+02   7.5200000E+02   3.1193078E-03   2.2131298E-03
   1.5459487E+03   8.2300000E+02   8.0600000E+02   7.8558764E-03   7.7451725E-03
   1.5459562E+03   8.6400000E+02   8.3600000E+02   6.5589637E-03   5.7100898E-03
   1.5459638E+03   7.9600000E+02   7.7200000E+02   7.2484957E-03   7.7544215E-03
   1.5459713E+03   7.6300000E+02   7.4400000E+02   3.8281053E-03   4.3915372E-03
   1.5459788E+03   7.4600000E+02   7.1400000E+02   2.7873496E-03   4.2792857E-03
   1.5459864E+03   7.8600000E+02   7.5600000E+02   3.5637238E-03   3.3263425E-03
   1.5459939E+03   7.8700000E+02   7.4500000E+02   6.6045754E-03   4.4367688E-03
   1.5460014E+03   7.8300000E+02   7.4600000E+02   4.5131586E-03   3.6317203E-03
   1.5460089E+03   7.9600000E+02   7.6700000E+02   4.9005828E-03   3.5495644E-03
   1.5460165E+03   7.7500000E+02   7.3300000E+02   6.4428719E-03   7.9019961E-03
   1.5460240E+03   7.7100000E+02   7.3300000E+02   8.6826952E-03   8.4424027E-03
   1.5460315E+03   7.6900000E+02   7.2300000E+02   8.2223155E-03   9.7946973E-03
   1.5460391E+03   7.1400000E+02   6.6700000E+02   8.0203164E-03   8.1362432E-03
   1.5460466E+03   6.5600000E+02   6.1600000E+02   5.7613267E-03   4.7505319E-03
   1.5460541E+03   7.1800000E+02   6.7200000E+02   6.5711517E-03   5.7219502E-03
   1.5460616E+03   7.0900000E+02   6.4600000E+02   9.8681715E-03   1.1166281E-02
   1.5460692E+03   7.2500000E+02   6.7400000E+02   1.3748009E-02   1.2559621E-02
   1.5460767E+03   6.9200000E+02   6.5100000E+02   2.0413120E-03   4.1126006E-04
   1.5460842E+03   7.1500000E+02   6.5900000E+02   5.0655825E-03   4.5232104E-03
   1.5460917E+03   7.1900000E+02   6.6100000E+02   7.3620206E-03   8.1765012E-03
   1.5460993E+03   6.8700000E+02   6.3100000E+02   4.3300965E-03   5.5451086E-03
   1.5461068E+03   7.2500000E+02   6.6700000E+02   4.6605357E-03   2.6865019E-03
   1.5461143E+03   6.6800000E+02   6.1600000E+02   9.4938075E-03   1.0824745E-02
   1.5461219E+03   7.0800000E+02   6.4200000E+02   4.4307958E-03   4.6499542E-03
   1.5461294E+03   6.7400000E+02   6.1700000E+02   7.8678744E-03   4.0766014E-03
   1.5461369E+03   7.1800000E+02   6.5600000E+02   6.5384500E-03   8.3374261E-03
   1.5461444E+03   6.6600000E+02   5.8600000E+02   1.6350287E-02   1.3748306E-02
   1.5461520E+03   6.9600000E+02   6.4600000E+02   9.3865191E-03   1.0269497E-02
   1.5461595E+03   7.4800000E+02   6.7300000E+02   6.4553328E-03   7.3433206E-03
   1.5461670E+03   7.0900000E+02   6.3800000E+02   1.0158883E-02   4.6376130E-03
   1.5461746E+03   7.8700000E+02   6.9700000E+02   8.2151219E-03   8.2554017E-03
   1.5461821E+03   7.5100000E+02   6.8000000E+02   1.1208339E-02   1.2104122E-02
   1.5461896E+03   7.5700000E+02   6.6000000E+02   1.2254871E-02   1.4745298E-02
   1.5461971E+03   7.0000000E+02   6.2500000E+02   2.0065053E-02   1.8245620E-02
   1.5462047E+03   7.3300000E+02   6.6100000E+02   8.5552430E-03   5.4264077E-03
   1.5462122E+03   7.1900000E+02   6.2700000E+02   5.1968666E-03   2.9823164E-03
   1.5462197E+03   7.4600000E+02   6.5800000E+02   1.8837245E-03   5.6676019E-03
   1.5462273E+03   7.5700000E+02   6.7500000E+02   1.2169258E-02   1.1992299E-02
   1.5462348E+03   7.6000000E+02   6.6900000E+02   4.4416334E-03   4.8433762E-03
   1.5462423E+03   7.4400000E+02   6.7600000E+02   1.2398234E-02   9.8980755E-03
   1.5462498E+03   7.6700000E+02   6.6900000E+02   1.2162729E-02   8.4166459E-03
   1.5462574E+03   7.2100000E+02   6.3500000E+02   1.0874548E-02   4.5497754E-03
   1.5462649E+03   7.1700000E+02   6.3400000E+02   5.0807024E-03   9.3277385E-04
   1.5462724E+03   7.3200000E+02   6.3400000E+02   5.9491047E-03   1.6240462E-03
   1.5462800E+03   7.4000000E+02   6.4300000E+02   4.8232587E-03   7.6920150E-03
   1.5462875E+03   7.8800000E+02   6.7800000E+02   6.9540255E-03   8.4379538E-03
   1.5462950E+03   7.8700000E+02   6.7700000E+02   1.2852049E-02   1.8085954E-02
   1.5463025E+03   7.3800000E+02   6.5100000E+02   6.9089265E-03   6.7667742E-03
   1.5463101E+03   7.4900000E+02   6.4200000E+02   4.7393224E-03   5.9988870E-03
   1.5463176E+03   7.8400000E+02   6.9600000E+02   1.0054323E-02   9.8290905E-03
   1.5463251E+03   8.0200000E+02   6.9700000E+02   6.9204275E-03   8.1635865E-03
   1.5463327E+03   8.3200000E+02   7.2600000E+02   8.0984819E-03   1.0882845E-02
   1.5463402E+03   7.9200000E+02   6.8800000E+02   1.8665954E-02   1.7139804E-02
   1.5463477E+03   8.4200000E+02   7.4300000E+02   8.4576234E-03   1.5139373E-02
   1.5463552E+03   8.1600000E+02   7.1000000E+02   1.1056464E-02   1.0975129E-02
   1.5463628E+03   8.6000000E+02   7.5600000E+02   7.0903105E-03   6.4493964E-03
   1.5463703E+03   7.9800000E+02   7.1400000E+02   3.8938288E-03   5.4231730E-03
   1.5463778E+03   8.4900000E+02   7.5000000E+02   1.0223550E-02   1.4780014E-02
   1.5463854E+03   9.2000000E+02   8.0700000E+02   1.1565914E-02   1.1785976E-02
   1.5463929E+03   8.6500000E+02   7.4300000E+02   1.3426350E-02   1.2052889E-02
   1.5464004E+03   9.0100000E+02   7.9000000E+02   5.2837484E-03   7.5161165E-03
   1.5464079E+03   8.8800000E+02   7.5400000E+02   6.0774774E-03   6.6914020E-03
   1.5464155E+03   9.3700000E+02   8.2700000E+02   2.5398775E-03   8.0051910E-03
   1.5464230E+03   9.5100000E+02   8.1500000E+02   9.8484855E-03   3.3621145E-03
   1.5464305E+03   9.5400000E+02   8.1400000E+02   2.3698656E-03   4.9743657E-03
   1.5464381E+03   9.6800000E+02   8.4200000E+02   4.7592011E-03   4.4516748E-03
   1.5464456E+03   9.3400000E+02   7.9900000E+02   1.1829327E-02   1.1262392E-02
   1.5464531E+03   9.4900000E+02   8.4000000E+02   4.6952838E-03   2.9035606E-03
   1.5464606E+03   9.7200000E+02   8.4900000E+02   9.3310738E-03   9.9342612E-03
   1.5464682E+03   9.7200000E+02   8.4000000E+02   1.6466353E-03   1.3519800E-03
   1.5464757E+03   1.0080000E+03   8.7000000E+02   5.7438109E-03   4.4585543E-03
   1.5464832E+03   1.0130000E+03   8.6700000E+02   1.0724545E-02   1.1387752E-02
   1.5464908E+03   1.1440000E+03   9.9000000E+02   8.4989966E-03   1.0971508E-02
   1.5464983E+03   1.0650000E+03   9.3200000E+02   7.8811931E-03   1.0291231E-02
   1.5465058E+03   1.0130000E+03   8.6700000E+02   2.4019436E-03   5.4380617E-03
   1.5465133E+03   1.0110000E+03   8.5900000E+02   7.8868797E-03   4.2711324E-03
   1.5465209E+03   1.0730000E+03   9.3500000E+02   6.7636269E-03   8.6325520E-03
   1.5465284E+03   1.0850000E+03   9.4800000E+02   7.4374628E-03   9.7366294E-03
   1.5465359E+03   1.0600000E+03   9.3600000E+02   9.0714478E-04   2.2916316E-03
   1.5465434E+03   1.1210000E+03   9.6200000E+02   8.8258470E-03   1.0028270E-02
   1.5465510E+03   1.0770000E+03   9.4000000E+02   1.2759312E-02   1.3072295E-02
   1.5465585E+03   1.1500000E+03   1.0240000E+03   2.0440500E-03   4.0638871E-03
   1.5465660E+03   1.2180000E+03   1.0650000E+03   4.0048532E-03   3.4446186E-03
   1.5465736E+03   1.1880000E+03   1.0160000E+03   4.6087592E-03   5.3305166E-03
   1.5465811E+03   1.1700000E+03   1.0170000E+03   2.0535269E-03   2.7812222E-03
   1.5465886E+03   1.2250000E+03   1.0550000E+03   2.5155009E-03   3.3654113E-03
   1.5465961E+03   1.2870000E+03   1.1200000E+03   2.0841218E-03   4.6579901E-03
   1.5466037E+03   1.1630000E+03   1.0060000E+03   9.1218874E-03   6.5463762E-03
   1.5466112E+03   1.2460000E+03   1.0760000E+03   1.1041242E-02   1.0571006E-02
   1.5466187E+03   1.2380000E+03   1.0790000E+03   4.8876328E-03   6.8231510E-03
   1.5466263E+03   1.2330000E+03   1.0830000E+03   1.7457287E-02   1.6217125E-02
   1.5466338E+03   1.2970000E+03   1.1210000E+03   5.7978651E-03   5.2072662E-03
   1.5466413E+03   1.3070000E+03   1.1520000E+03   7.7532375E-03   9.2492600E-03
   1.5466488E+03   1.3190000E+03   1.1540000E+03   3.7961288E-03   5.3751948E-03
   1.5466564E+03   1.3530000E+03   1.1950000E+03   6.6847398E-03   3.2065472E-03
   1.5466639E+03   1.3110000E+03   1.1460000E+03   6.4887380E-03   1.1357993E-02
   1.5466714E+03   1.3680000E+03   1.1850000E+03   8.2079458E-03   9.9562608E-03
   1.5466790E+03   1.3350000E+03   1.1520000E+03   5.3984148E-03   4.4012570E-03
   1.5466865E+03   1.4130000E+03   1.2380000E+03   5.6226022E-03   7.9402181E-03
   1.5466940E+03   1.4130000E+03   1.2410000E+03   9.1042125E-03   7.2405024E-03
   1.5467015E+03   1.4290000E+03   1.2520000E+03   1.3349597E-03   2.1051717E-03
   1.5467091E+03   1.4410000E+03   1.2350000E+03   1.8991436E-02   1.7506335E-02
   1.5467166E+03   1.4590000E+03   1.2880000E+03   6.6753680E-03   8.2735726E-03
   1.5467241E+03   1.5510000E+03   1.3710000E+03   5.7342649E-03   6.1960179E-03
   1.5467317E+03   1.5800000E+03   1.3740000E+03   5.7968025E-03   6.6113673E-03
   1.5467392E+03   1.5710000E+03   1.3830000E+03   2.9581643E-03   2.9694400E-03
   1.5467467E+03   1.5580000E+03   1.3520000E+03   6.7338407E-03   6.8538739E-03
   1.5467542E+03   1.5890000E+03   1.3890000E+03   7.1487902E-03   4.8318382E-03
   1.5467618E+03   1.5910000E+03   1.3800000E+03   9.2971644E-03   9.2481923E-03
   1.5467693E+03   1.6320000E+03   1.4410000E+03   2.4932236E-03   3.9433151E-03
   1.5467768E+03   1.6460000E+03   1.4360000E+03   4.0418614E-03   3.9051233E-03
   1.5467844E+03   1.7140000E+03   1.4880000E+03   3.4626363E-03   4.1214550E-03
   1.5467919E+03   1.6660000E+03   1.4510000E+03   6.5080704E-04   5.1287700E-03
   1.5467994E+03   1.7180000E+03   1.5000000E+03   9.6204373E-03   8.9596479E-03
   1.5468069E+03   1.7060000E+03   1.5320000E+03   4.2819583E-03   4.2721454E-03
   1.5468145E+03   1.8210000E+03   1.6030000E+03   7.7550614E-03   9.0488890E-03
   1.5468220E+03   1.7890000E+03   1.5620000E+03   1.2355609E-02   1.2361187E-02
   1.5468295E+03   1.8240000E+03   1.5570000E+03   7.9930522E-03   8.6363506E-03
   1.5468371E+03   1.8080000E+03   1.5770000E+03   9.8064714E-03   8.0997629E-03
   1.5468446E+03   1.8890000E+03   1.6360000E+03   3.5774277E-03   3.2991958E-03
   1.5468521E+03   1.8380000E+03   1.5990000E+03   1.4939005E-03   4.1463884E-03
   1.5468596E+03   1.8340000E+03   1.6170000E+03   9.6540971E-03   9.1580062E-03
   1.5468672E+03   1.8960000E+03   1.6700000E+03   7.8039586E-03   6.6632121E-03
   1.5468747E+03   1.8320000E+03   1.6020000E+03   1.8361461E-03   1.9250898E-03
   1.5468822E+03   1.8670000E+03   1.6380000E+03   2.1636677E-03   3.5597782E-03
   1.5468898E+03   2.0060000E+03   1.7650000E+03   8.8684942E-03   9.9178868E-03
   1.5468973E+03   1.9820000E+03   1.7600000E+03   5.7120924E-03   6.5567607E-03
   1.5469048E+03   1.8960000E+03   1.6790000E+03   1.1822789E-02   1.0963987E-02
   1.5469123E+03   1.9760000E+03   1.7340000E+03   2.8022241E-03   2.1842925E-03
   1.5469199E+03   2.0650000E+03   1.7860000E+03   7.2595831E-03   6.8625638E-03
   1.5469274E+03   2.0390000E+03   1.7820000E+03   9.4173119E-03   9.0003538E-03
   1.5469349E+03   2.0900000E+03   1.8200000E+03   7.9592772E-03   6.9740176E-03
   1.5469425E+03   2.0990000E+03   1.8340000E+03   1.3888922E-03   5.6667952E-03
   1.5469500E+03   2.2810000E+03   1.9910000E+03   9.7144544E-03   1.0545733E-02
   1.5469575E+03   2.1620000E+03   1.8890000E+03   8.8486070E-03   8.7838794E-03
   1.5469650E+03   2.2320000E+03   1.9320000E+03   9.0762765E-03   1.0184625E-02
   1.5469726E+03   2.2160000E+03   1.9770000E+03   2.3057860E-03   1.8387729E-03
   1.5469801E+03   2.2590000E+03   1.9450000E+03   1.9790918E-03   2.3160079E-03
   1.5469876E+03   2.3050000E+03   2.0370000E+03   7.3102693E-04   5.1674919E-03
   1.5469951E+03   2.3160000E+03   2.0180000E+03   1.1476905E-02   1.1432349E-02
   1.5470027E+03   2.2850000E+03   1.9990000E+03   1.0302631E-02   1.2138405E-02
   1.5470102E+03   2.3430000E+03   2.0520000E+03   6.5106955E-03   7.1253092E-03
   1.5470177E+03   2.4370000E+03   2.1370000E+03   3.8322889E-03   3.7265314E-03
   1.5470253E+03   2.3750000E+03   2.0880000E+03   4.4961941E-03   2.9213844E-03
   1.5470328E+03   2.4200000E+03   2.1110000E+03   4.1531456E-03   5.6623710E-03
   1.5470403E+03   2.4490000E+03   2.1530000E+03   8.3070022E-03   8.3618537E-03
   1.5470478E+03   2.4600000E+03   2.1230000E+03   1.1195363E-02   1.1360237E-02
   1.5470554E+03   2.5540000E+03   2.2530000E+03   3.6835579E-03   3.2759540E-03
   1.5470629E+03   2.5160000E+03   2.2270000E+03   3.0249352E-03   4.8201575E-03
   1.5470704E+03   2.5360000E+03   2.2370000E+03   8.6862884E-03   7.2442813E-03
   1.5470780E+03   2.5890000E+03   2.2620000E+03   5.3464244E-03   4.3039783E-03
   1.5470855E+03   2.6510000E+03   2.3040000E+03   2.0590177E-03   2.6769418E-03
   1.5470930E+03   2.6370000E+03   2.3130000E+03   3.8839676E-03   4.1210732E-03
   1.5471005E+03   2.7420000E+03   2.4120000E+03   7.8562002E-03   9.2492546E-03
   1.5471081E+03   2.7340000E+03   2.3870000E+03   2.7346534E-03   5.0533365E-03
   1.5471156E+03   2.8220000E+03   2.4760000E+03   9.5792959E-04   1.6342411E-03
   1.5471231E+03   2.7180000E+03   2.3810000E+03   5.7380488E-03   6.2816349E-03
   1.5471307E+03   2.8350000E+03   2.4660000E+03   8.8649737E-03   1.0712801E-02
   1.5471382E+03   2.8790000E+03   2.4980000E+03   4.3944605E-03   5.9276481E-03
   1.5471457E+03   2.9060000E+03   2.5290000E+03   8.4295944E-03   5.5410906E-03
   1.5471532E+03   2.8750000E+03   2.5180000E+03   1.1234722E-03   1.8335375E-03
   1.5471608E+03   2.9930000E+03   2.6130000E+03   3.5862679E-03   4.3593003E-03
   1.5471683E+03   2.9300000E+03   2.5570000E+03   2.8542314E-03   5.8970080E-03
   1.5471758E+03   2.9790000E+03   2.5850000E+03   5.3786733E-03   4.2292598E-03
   1.5471834E+03   2.8740000E+03   2.4630000E+03   1.1089124E-02   9.0652561E-03
   1.5471909E+03   3.0690000E+03   2.6700000E+03   5.1183662E-03   2.1996561E-03
   1.5471984E+03   3.0860000E+03   2.6920000E+03   3.6055689E-03   4.1298501E-03
   1.5472059E+03   3.1710000E+03   2.7530000E+03   1.3551351E-03   2.3395839E-03
   1.5472135E+03   3.1410000E+03   2.7460000E+03   2.6303083E-03   1.5181664E-03
   1.5472210E+03   3.2620000E+03   2.8050000E+03   5.2314607E-03   5.0610760E-03
   1.5472285E+03   3.2220000E+03   2.7660000E+03   2.2143539E-03   1.1705671E-03
   1.5472361E+03   3.2850000E+03   2.8530000E+03   6.5207742E-03   6.6898210E-03
   1.5472436E+03   3.2690000E+03   2.8150000E+03   1.5064951E-03   4.3397164E-03
   1.5472511E+03   3.3820000E+03   2.9160000E+03   2.6720575E-03   4.9448340E-04
   1.5472586E+03   3.3420000E+03   2.8740000E+03   7.3525748E-03   7.9244028E-03
   1.5472662E+03   3.5170000E+03   3.0230000E+03   3.9690882E-03   3.9709332E-03
   1.5472737E+03   3.6630000E+03   3.1200000E+03   4.6246381E-03   5.4721414E-03
   1.5472812E+03   3.4580000E+03   2.9560000E+03   9.2762660E-04   2.2196499E-03
   1.5472888E+03   3.6400000E+03   3.0760000E+03   1.5683107E-03   6.1993198E-04
   1.5472963E+03   3.4450000E+03   2.9830000E+03   4.0540745E-03   5.1356221E-03
   1.5473038E+03   3.7210000E+03   3.1990000E+03   1.6437683E-03   1.9112811E-03
   1.5473113E+03   3.7380000E+03   3.1880000E+03   3.7117157E-03   3.8165084E-03
   1.5473189E+03   3.7470000E+03   3.1880000E+03   1.8859641E-03   2.6039563E-03
   1.5473264E+03   3.9650000E+03   3.3950000E+03   4.1512658E-03   3.4127636E-03
   1.5473339E+03   3.9280000E+03   3.3720000E+03   7.4684299E-03   6.6402304E-03
   1.5473415E+03   3.7640000E+03   3.1790000E+03   3.8981999E-03   2.1467985E-03
   1.5473490E+03   3.7530000E+03   3.1930000E+03   4.2089165E-03   6.0367149E-03
   1.5473565E+03   3.9290000E+03   3.2970000E+03   4.8969519E-03   6.1550306E-03
   1.5473640E+03   4.0530000E+03   3.4530000E+03   3.6903530E-03   4.5837145E-03
   1.5473716E+03   4.0430000E+03   3.4640000E+03   1.8999339E-03   2.2958497E-03
   1.5473791E+03   4.0550000E+03   3.3930000E+03   1.2239582E-03   3.5269962E-03
   1.5473866E+03   4.2590000E+03   3.6080000E+03   2.9923498E-03   2.5310632E-03
   1.5473942E+03   4.1870000E+03   3.5420000E+03   1.8641373E-03   3.6676552E-03
   1.5474017E+03   4.1930000E+03   3.5310000E+03   1.7928041E-03   1.6364610E-03
   1.5474092E+03   4.2740000E+03   3.6270000E+03   3.2494677E-03   3.7886781E-03
   1.5474167E+03   4.3520000E+03   3.6520000E+03   2.8118580E-03   3.8359360E-03
   1.5474243E+03   4.4070000E+03   3.7080000E+03   3.2533597E-03   4.4001721E-03
   1.5474318E+03   4.4120000E+03   3.7260000E+03   3.8723663E-03   6.0818665E-03
   1.5474393E+03   4.5190000E+03   3.7700000E+03   4.1117044E-03   5.7360597E-03
   1.5474468E+03   4.5730000E+03   3.8760000E+03   2.2724310E-03   3.8675666E-03
   1.5474544E+03   4.6950000E+03   3.9430000E+03   2.1367156E-03   3.4665091E-03
   1.5474619E+03   4.6360000E+03   3.9250000E+03   2.2872050E-03   4.2825303E-03
   1.5474694E+03   4.7190000E+03   3.9280000E+03   2.3468451E-03   2.4651741E-03
   1.5474770E+03   4.8730000E+03   4.0950000E+03   4.6277511E-03   3.3454654E-03
   1.5474845E+03   4.9320000E+03   4.2060000E+03   3.0861812E-03   4.6160202E-03
   1.5474920E+03   5.0190000E+03   4.2580000E+03   3.2871509E-03   4.2130219E-03
   1.5474995E+03   4.9950000E+03   4.1760000E+03   1.5793472E-03   3.4776177E-03
   1.5475071E+03   4.9870000E+03   4.2300000E+03   3.8189623E-03   4.5261572E-03
   1.5475146E+03   5.1680000E+03   4.3410000E+03   4.3381729E-03   3.9354047E-03
   1.5475221E+03   5.0110000E+03   4.2620000E+03   3.9993903E-03   4.6974439E-03
   1.5475297E+03   5.2210000E+03   4.4370000E+03   2.0467256E-03   3.1394970E-03
   1.5475372E+03   5.1380000E+03   4.3560000E+03   6.5628818E-03   6.6855960E-03
   1.5475447E+03   5.2450000E+03   4.4790000E+03   5.4003615E-03   3.4225997E-03
   1.5475522E+03   5.2430000E+03   4.4630000E+03   3.5935467E-03   4.2722749E-03
   1.5475598E+03   5.2210000E+03   4.4410000E+03   1.4629050E-03   1.0311642E-03
   1.5475673E+03   5.5110000E+03   4.7220000E+03   5.2969248E-03   7.0442720E-03
   1.5475748E+03   5.4720000E+03   4.7030000E+03   2.1477506E-03   2.3868017E-04
   1.5475824E+03   5.3540000E+03   4.5960000E+03   9.0879000E-04   1.0282128E-03
   1.5475899E+03   5.3990000E+03   4.6560000E+03   5.9826923E-03   7.3524428E-03
   1.5475974E+03   5.3820000E+03   4.6570000E+03   3.5890004E-03   3.0471469E-03
   1.5476049E+03   5.4710000E+03   4.7290000E+03   2.9287819E-03   4.5911234E-03
   1.5476125E+03   5.6210000E+03   4.8370000E+03   3.0118928E-03   4.2214578E-03
   1.5476200E+03   5.5400000E+03   4.8130000E+03   6.8371645E-03   6.6173240E-03
   1.5476275E+03   5.6630000E+03   4.9180000E+03   1.9684028E-03   1.5856483E-03
   1.5476351E+03   5.6740000E+03   4.9670000E+03   4.3252404E-03   5.0074864E-03
   1.5476426E+03   5.8620000E+03   5.0740000E+03   1.3025454E-03   2.2220378E-03
   1.5476501E+03   5.7360000E+03   4.9970000E+03   2.1396898E-03   1.4333472E-03
   1.5476576E+03   5.9420000E+03   5.1660000E+03   3.8609918E-03   6.0750599E-03
   1.5476652E+03   5.7240000E+03   5.0090000E+03   4.3948230E-03   2.5056678E-03
   1.5476727E+03   5.7620000E+03   5.0540000E+03   4.9293914E-03   5.2349977E-03
   1.5476802E+03   5.8980000E+03   5.2020000E+03   1.9218513E-03   1.1658744E-03
   1.5476878E+03   5.9120000E+03   5.1600000E+03   1.6679462E-03   2.2927564E-03
   1.5476953E+03   6.1360000E+03   5.4370000E+03   4.0346121E-03   5.4289828E-03
   1.5477028E+03   6.0260000E+03   5.3220000E+03   4.1034449E-03   5.0334140E-03
   1.5477103E+03   6.0500000E+03   5.3390000E+03   2.3567612E-03   2.2219897E-03
   1.5477179E+03   5.9600000E+03   5.2970000E+03   4.5023577E-03   4.7774131E-03
   1.5477254E+03   6.2020000E+03   5.5000000E+03   2.1009450E-03   3.6533832E-03
   1.5477329E+03   6.1940000E+03   5.5260000E+03   1.9842829E-03   3.0071941E-03
   1.5477405E+03   6.1680000E+03   5.4980000E+03   5.6816104E-03   6.2143969E-03
   1.5477480E+03   6.3530000E+03   5.6500000E+03   1.5058697E-03   2.5751137E-03
   1.5477555E+03   6.3210000E+03   5.6460000E+03   4.0536245E-03   4.8110804E-03
   1.5477630E+03   6.4080000E+03   5.7430000E+03   2.2942178E-03   3.1845537E-03
   1.5477706E+03   6.4470000E+03   5.7290000E+03   2.9497256E-03   3.0328553E-03
   1.5477781E+03   6.4030000E+03   5.7390000E+03   4.5546161E-03   3.3227641E-03
   1.5477856E+03   6.4260000E+03   5.8230000E+03   3.6903623E-03   3.9427246E-03
   1.5477932E+03   6.4800000E+03   5.7820000E+03   3.9781616E-03   4.6550411E-03
   1.5478007E+03   6.3960000E+03   5.7400000E+03   4.2199529E-03   4.6465928E-03
   1.5478082E+03   6.4870000E+03   5.7770000E+03   6.9963086E-03   7.0101146E-03
   1.5478157E+03   6.5550000E+03   5.9120000E+03   2.5180111E-03   1.8218286E-03
   1.5478233E+03   6.6880000E+03   6.0330000E+03   2.5040002E-03   2.2732340E-03
   1.5478308E+03   6.6000000E+03   5.9590000E+03   2.3333847E-03   2.6785166E-03
   1.5478383E+03   6.7310000E+03   6.0570000E+03   6.3753262E-03   5.1813596E-03
   1.5478459E+03   6.7280000E+03   6.1040000E+03   3.0648844E-03   2.4693237E-03
   1.5478534E+03   6.6670000E+03   6.0550000E+03   1.5579028E-03   1.9723244E-03
   1.5478609E+03   6.7820000E+03   6.1520000E+03   3.6057987E-03   2.7746608E-03
   1.5478684E+03   6.7810000E+03   6.1610000E+03   2.9668227E-03   3.4733249E-03
   1.5478760E+03   6.6940000E+03   6.1010000E+03   4.0200315E-03   3.9629785E-03
   1.5478835E+03   6.7550000E+03   6.1680000E+03   2.2600010E-03   3.5928579E-03
   1.5478910E+03   6.7220000E+03   6.1330000E+03   5.8844258E-03   6.2122987E-03
   1.5478985E+03   6.8330000E+03   6.2770000E+03   5.3778152E-03   6.3842881E-03
   1.5479061E+03   6.8880000E+03   6.2860000E+03   2.8850865E-03   3.0675584E-03
   1.5479136E+03   6.8060000E+03   6.2820000E+03   1.8824160E-03   1.3563068E-03
   1.5479211E+03   6.8610000E+03   6.3360000E+03   1.5965015E-03   2.0333487E-03
   1.5479287E+03   6.7660000E+03   6.2430000E+03   1.4960739E-03   1.5449518E-03
   1.5479362E+03   6.8150000E+03   6.3270000E+03   2.1741654E-03   2.0550784E-03
   1.5479437E+03   6.8920000E+03   6.4210000E+03   3.0387524E-03   3.4181081E-03
   1.5479512E+03   6.7540000E+03   6.3590000E+03   2.0281616E-03   3.2214320E-03
   1.5479588E+03   6.7620000E+03   6.3830000E+03   3.6672847E-03   3.1833468E-03
   1.5479663E+03   6.6440000E+03   6.2960000E+03   4.7030092E-03   4.6515178E-03
   1.5479738E+03   6.6820000E+03   6.3770000E+03   2.7336897E-03   2.3640799E-03
   1.5479814E+03   6.7630000E+03   6.4760000E+03   1.5157633E-03   2.2842104E-03
   1.5479889E+03   6.5470000E+03   6.3080000E+03   4.8458940E-03   5.0823670E-03
   1.5479964E+03   6.5840000E+03   6.3560000E+03   2.4809163E-03   2.4567038E-03
   1.5480039E+03   6.4590000E+03   6.2680000E+03   2.0857845E-03   2.1628942E-03
   1.5480115E+03   6.3770000E+03   6.1950000E+03   4.0105435E-03   4.2081038E-03
   1.5480190E+03   6.5180000E+03   6.3870000E+03   4.4553935E-03   4.4225790E-03
   1.5480265E+03   6.4040000E+03   6.2930000E+03   4.3842214E-03   4.2727657E-03
   1.5480341E+03   6.2510000E+03   6.1680000E+03   3.4279141E-03   3.5612733E-03
   1.5480416E+03   6.2270000E+03   6.1630000E+03   1.2669125E-03   1.3711183E-03
   1.5480491E+03   6.1600000E+03   6.1150000E+03   4.1572530E-03   4.1765294E-03
   1.5480566E+03   6.2150000E+03   6.1570000E+03   2.2060137E-03   2.3099255E-03
   1.5480642E+03   5.9580000E+03   5.9080000E+03   8.3707096E-04   8.0826517E-04
   1.5480717E+03   5.9420000E+03   5.9030000E+03   6.1689030E-03   6.2707977E-03
   1.5480792E+03   5.9120000E+03   5.8780000E+03   3.7025698E-03   3.7240458E-03
   1.5480868E+03   5.7030000E+03   5.6650000E+03   1.6125434E-03   1.6262054E-03
   1.5480943E+03   5.7180000E+03   5.6750000E+03   2.5766865E-03   2.5965719E-03
   1.5481018E+03   5.6610000E+03   5.6320000E+03   1.6284457E-03   1.6370250E-03
   1.5481093E+03   5.6380000E+03   5.6060000E+03   4.7837110E-03   4.8109571E-03
   1.5481169E+03   5.4920000E+03   5.4650000E+03   2.5516941E-03   2.5642892E-03
   1.5481244E+03   5.4600000E+03   5.4250000E+03   4.6673392E-03   4.6974304E-03
   1.5481319E+03   5.2420000E+03   5.2240000E+03   3.8259567E-03   3.8391694E-03
   1.5481395E+03   5.2390000E+03   5.2140000E+03   5.5301061E-03   5.5566333E-03
   1.5481470E+03   5.0660000E+03   5.0450000E+03   4.7032987E-03   4.7228291E-03
   1.5481545E+03   5.0360000E+03   5.0150000E+03   4.0857752E-03   4.1027717E-03
   1.5481620E+03   4.9040000E+03   4.8860000E+03   1.0992799E-03   1.1033427E-03
   1.5481696E+03   4.9640000E+03   4.9430000E+03   2.7581404E-03   2.7709823E-03
   1.5481771E+03   4.9330000E+03   4.9200000E+03   7.1012756E-03   7.1200519E-03
   1.5481846E+03   4.7500000E+03   4.7320000E+03   4.4921762E-03   4.5091871E-03
   1.5481922E+03   4.6150000E+03   4.5930000E+03   7.1724425E-03   7.2067842E-03
   1.5481997E+03   4.5890000E+03   4.5700000E+03   3.2265810E-03   3.2373059E-03
   1.5482072E+03   4.4660000E+03   4.4510000E+03   6.8503434E-03   6.8734246E-03
   1.5482147E+03   4.3320000E+03   4.3110000E+03   3.6758098E-03   3.6937181E-03
   1.5482223E+03   4.2100000E+03   4.1950000E+03   3.2322947E-03   3.2438355E-03
   1.5482298E+03   4.2090000E+03   4.1940000E+03   5.5642930E-03   5.5842241E-03
   1.5482373E+03   4.2390000E+03   4.2230000E+03   6.2860008E-03   6.3098125E-03
   1.5482449E+03   4.0970000E+03   4.0920000E+03   3.3465487E-03   3.3507571E-03
   1.5482524E+03   4.0970000E+03   4.0890000E+03   4.0313558E-03   4.0392471E-03
   1.5482599E+03   4.0450000E+03   4.0290000E+03   5.9955362E-03   6.0193453E-03
   1.5482674E+03   3.9760000E+03   3.9660000E+03   4.0298181E-03   4.0399984E-03
   1.5482750E+03   3.8210000E+03   3.8090000E+03   3.2412463E-03   3.2514829E-03
   1.5482825E+03   3.9240000E+03   3.9080000E+03   1.2320425E-03   1.2370797E-03
   1.5482900E+03   3.7180000E+03   3.7060000E+03   9.9456985E-04   9.9778166E-04
   1.5482976E+03   3.7720000E+03   3.7620000E+03   1.2157410E-03   1.2189722E-03
   1.5483051E+03   3.6280000E+03   3.6120000E+03   2.0946271E-03   2.1038831E-03
   1.5483126E+03   3.5210000E+03   3.5110000E+03   3.4050051E-03   3.4145441E-03
   1.5483201E+03   3.5790000E+03   3.5690000E+03   2.9015535E-03   2.9096965E-03
   1.5483277E+03   3.4980000E+03   3.4810000E+03   4.3942860E-03   4.4157346E-03
   1.5483352E+03   3.4440000E+03   3.4300000E+03   1.5384023E-03   1.5446821E-03
   1.5483427E+03   3.3990000E+03   3.3850000E+03   4.5036642E-03   4.5223392E-03
   1.5483502E+03   3.2850000E+03   3.2690000E+03   7.1199151E-03   7.1548467E-03
   1.5483578E+03   3.2670000E+03   3.2510000E+03   4.9445997E-03   4.9689478E-03
   1.5483653E+03   3.3220000E+03   3.3020000E+03   4.9340514E-03   4.9639185E-03
   1.5483728E+03   3.2890000E+03   3.2720000E+03   1.1777047E-02   1.1838231E-02
   1.5483804E+03   3.0090000E+03   2.9880000E+03   2.0973582E-03   2.1121194E-03
   1.5483879E+03   3.1440000E+03   3.1270000E+03   2.8946599E-03   2.9110156E-03
   1.5483954E+03   3.0240000E+03   3.0100000E+03   1.0819215E-03   1.0869886E-03
   1.5484029E+03   2.9430000E+03   2.9300000E+03   5.6682020E-03   5.6932431E-03
   1.5484105E+03   3.0130000E+03   2.9970000E+03   3.0748108E-03   3.0912560E-03
   1.5484180E+03   2.8830000E+03   2.8550000E+03   1.4127970E-03   1.4266897E-03
   1.5484255E+03   2.8750000E+03   2.8530000E+03   6.0036288E-03   6.0497813E-03
   1.5484331E+03   2.8450000E+03   2.8240000E+03   4.8279068E-03   4.8635752E-03
   1.5484406E+03   2.7960000E+03   2.7640000E+03   5.2627557E-03   5.3236172E-03
   1.5484481E+03   2.8870000E+03   2.8600000E+03   2.1388547E-03   2.1590221E-03
   1.5484556E+03   2.8110000E+03   2.7860000E+03   8.5220315E-03   8.5988012E-03
   1.5484632E+03   2.8230000E+03   2.7820000E+03   2.4360414E-03   2.4719654E-03
   1.5484707E+03   2.6030000E+03   2.5680000E+03   1.0190448E-03   1.0328700E-03
   1.5484782E+03   2.6840000E+03   2.6460000E+03   2.4395350E-03   2.4745151E-03
   1.5484858E+03   2.6730000E+03   2.6400000E+03   2.8382769E-03   2.8737675E-03
   1.5484933E+03   2.5650000E+03   2.5330000E+03   7.1288396E-04   7.2190343E-04
   1.5485008E+03   2.5920000E+03   2.5570000E+03   7.2981497E-03   7.3992199E-03
   1.5485083E+03   2.5320000E+03   2.4900000E+03   6.6829601E-03   6.7957254E-03
   1.5485159E+03   2.5790000E+03   2.5370000E+03   2.1059096E-03   2.1407609E-03
   1.5485234E+03   2.5680000E+03   2.5370000E+03   4.1718321E-03   4.2227673E-03
   1.5485309E+03   2.4630000E+03   2.4060000E+03   3.3879172E-03   3.4677970E-03
   1.5485385E+03   2.4440000E+03   2.3880000E+03   6.0831913E-05   6.2290597E-05
   1.5485460E+03   2.3610000E+03   2.3110000E+03   6.6988725E-03   6.8438556E-03
   1.5485535E+03   2.3690000E+03   2.3210000E+03   2.9563375E-03   3.0175157E-03
   1.5485610E+03   2.4340000E+03   2.3800000E+03   2.4413524E-03   2.4966850E-03
   1.5485686E+03   2.3060000E+03   2.2490000E+03   7.9129386E-03   8.1134960E-03
   1.5485761E+03   2.2580000E+03   2.1940000E+03   6.3245294E-03   6.5090436E-03
   1.5485836E+03   2.3240000E+03   2.2590000E+03   7.9092914E-03   8.1355384E-03
   1.5485912E+03   2.3080000E+03   2.2340000E+03   1.3735457E-03   1.4030088E-03
   1.5485987E+03   2.3220000E+03   2.2420000E+03   2.5657553E-03   2.6572707E-03
   1.5486062E+03   2.2180000E+03   2.1470000E+03   6.9189956E-03   7.1477831E-03
   1.5486137E+03   2.2270000E+03   2.1520000E+03   3.8599636E-03   3.9940130E-03
   1.5486213E+03   2.2010000E+03   2.1040000E+03   8.2644794E-03   8.6465820E-03
   1.5486288E+03   2.2150000E+03   2.1190000E+03   3.9602229E-03   4.1397385E-03
   1.5486363E+03   2.1690000E+03   2.0900000E+03   5.3562846E-04   5.6150968E-04
   1.5486439E+03   2.1900000E+03   2.1040000E+03   3.3874720E-03   3.5258922E-03
   1.5486514E+03   2.2180000E+03   2.1250000E+03   3.8959822E-03   4.0666791E-03
   1.5486589E+03   2.1270000E+03   2.0220000E+03   8.2065784E-03   8.6327256E-03
   1.5486664E+03   2.1590000E+03   2.0550000E+03   3.7418156E-03   3.9316436E-03
   1.5486740E+03   2.1720000E+03   2.0620000E+03   4.5912083E-03   4.8360330E-03
   1.5486815E+03   2.1710000E+03   2.0700000E+03   2.9870265E-03   3.1326459E-03
   1.5486890E+03   2.1070000E+03   1.9940000E+03   7.1958317E-03   7.6031071E-03
   1.5486966E+03   1.9980000E+03   1.8830000E+03   3.8736751E-03   4.1099668E-03
   1.5487041E+03   2.1270000E+03   2.0070000E+03   3.8216071E-03   4.0497979E-03
   1.5487116E+03   2.2250000E+03   2.1100000E+03   3.4646383E-03   3.6540682E-03
   1.5487191E+03   2.0720000E+03   1.9450000E+03   5.9350584E-03   6.3231511E-03
   1.5487267E+03   2.0820000E+03   1.9630000E+03   4.4675941E-03   4.7391706E-03
   1.5487342E+03   2.1230000E+03   1.9920000E+03   1.2070626E-03   1.2866080E-03
   1.5487417E+03   2.0330000E+03   1.9090000E+03   2.5659024E-03   2.7327846E-03
   1.5487493E+03   2.0440000E+03   1.9030000E+03   6.2857577E-03   6.7514251E-03
   1.5487568E+03   2.0100000E+03   1.8870000E+03   1.7973816E-03   1.9145019E-03
   1.5487643E+03   2.0030000E+03   1.8580000E+03   7.7303987E-04   8.3374061E-04
   1.5487718E+03   2.0420000E+03   1.9090000E+03   8.0405528E-03   8.6014540E-03
   1.5487794E+03   2.0440000E+03   1.9110000E+03   4.5107019E-03   4.8381847E-03
   1.5487869E+03   1.9650000E+03   1.8240000E+03   4.8249323E-03   5.1997963E-03
   1.5487944E+03   2.0210000E+03   1.8720000E+03   3.3104210E-03   3.5741527E-03
   1.5488019E+03   2.0000000E+03   1.8480000E+03   1.1309824E-02   1.2241047E-02
   1.5488095E+03   1.9910000E+03   1.8430000E+03   5.7544446E-03   6.2721928E-03
   1.5488170E+03   2.0540000E+03   1.9270000E+03   7.1620215E-03   7.6340102E-03
   1.5488245E+03   1.9550000E+03   1.8110000E+03   2.0375239E-04   2.2009531E-04
   1.5488321E+03   2.0010000E+03   1.8760000E+03   2.5068486E-03   2.6737244E-03
   1.5488396E+03   1.9680000E+03   1.8100000E+03   6.7038657E-03   7.2888795E-03
   1.5488471E+03   1.9920000E+03   1.8180000E+03   6.0196741E-03   6.5959524E-03
   1.5488546E+03   2.0460000E+03   1.8900000E+03   1.7380309E-03   1.8820686E-03
   1.5488622E+03   1.8950000E+03   1.7530000E+03   3.3595017E-03   3.6314990E-03
   1.5488697E+03   2.0060000E+03   1.8490000E+03   2.6172068E-03   2.8394394E-03
   1.5488772E+03   1.9240000E+03   1.7700000E+03   4.5064880E-03   4.8993533E-03
   1.5488848E+03   1.9070000E+03   1.7520000E+03   3.6565102E-03   3.9735677E-03
   1.5488923E+03   1.9220000E+03   1.7640000E+03   2.3913743E-03   2.6055235E-03
   1.5488998E+03   2.0360000E+03   1.8660000E+03   1.4991553E-03   1.6360628E-03
   1.5489073E+03   2.0290000E+03   1.8740000E+03   4.4095279E-03   4.8127918E-03
   1.5489149E+03   2.0210000E+03   1.8470000E+03   4.7191776E-03   5.1744271E-03
   1.5489224E+03   2.0300000E+03   1.8480000E+03   2.0903339E-03   2.2950487E-03
   1.5489299E+03   2.0360000E+03   1.8520000E+03   3.3468307E-03   3.6921116E-03
   1.5489375E+03   2.0370000E+03   1.8500000E+03   1.8507886E-03   2.1006200E-03
   1.5489450E+03   2.0000000E+03   1.8020000E+03   3.5895326E-03   3.8866605E-03
   1.5489525E+03   2.0130000E+03   1.8500000E+03   4.3556838E-03   4.7347189E-03
   1.5489600E+03   1.9400000E+03   1.7530000E+03   2.1034186E-03   2.3292986E-03
   1.5489676E+03   2.0220000E+03   1.8210000E+03   3.1334634E-03   3.4828808E-03
   1.5489751E+03   2.0760000E+03   1.8970000E+03   6.3907312E-04   6.7555743E-04
   1.5489826E+03   2.0780000E+03   1.8940000E+03   5.2960572E-03   5.8109951E-03
   1.5489902E+03   2.0120000E+03   1.8670000E+03   4.9130153E-03   5.2941648E-03
   1.5489977E+03   2.0180000E+03   1.8570000E+03   1.4319111E-03   1.4486839E-03
   1.5490052E+03   2.1060000E+03   1.8910000E+03   3.7276869E-03   4.1514992E-03
   1.5490127E+03   2.0800000E+03   1.8930000E+03   2.3815532E-03   2.6167864E-03
   1.5490203E+03   2.0270000E+03   1.8490000E+03   4.5410622E-03   4.9972315E-03
   1.5490278E+03   1.9900000E+03   1.7970000E+03   2.3888389E-03   2.6399679E-03
   1.5490353E+03   2.0150000E+03   1.8120000E+03   4.7917883E-03   5.3284951E-03
   1.5490429E+03   2.1050000E+03   1.8940000E+03   1.0001038E-03   1.0383058E-03
   1.5490504E+03   2.1850000E+03   1.9710000E+03   4.3286639E-03   4.7985230E-03
   1.5490579E+03   2.0540000E+03   1.8370000E+03   1.1864481E-03   1.3298935E-03
   1.5490654E+03   2.0650000E+03   1.8720000E+03   4.0992144E-03   4.5150884E-03
   1.5490730E+03   2.0600000E+03   1.8690000E+03   2.9173828E-03   3.2057800E-03
   1.5490805E+03   2.1440000E+03   1.9310000E+03   4.1186977E-04   4.5703832E-04
   1.5490880E+03   2.2390000E+03   1.9910000E+03   1.1568030E-03   1.3007670E-03
   1.5490956E+03   2.1990000E+03   1.9860000E+03   6.1127774E-04   6.7704239E-04
   1.5491031E+03   2.1630000E+03   1.9370000E+03   2.5917576E-04   2.7352591E-04
   1.5491106E+03   2.1310000E+03   1.9020000E+03   4.8377188E-03   5.4208508E-03
   1.5491181E+03   2.2500000E+03   2.0130000E+03   2.1957018E-03   2.5287649E-03
   1.5491257E+03   2.1620000E+03   1.9660000E+03   6.3203693E-04   7.4164845E-04
   1.5491332E+03   2.2300000E+03   1.9950000E+03   3.8798188E-03   4.3286315E-03
   1.5491407E+03   2.2810000E+03   2.0160000E+03   1.0320334E-03   1.3069368E-03
   1.5491483E+03   2.1430000E+03   1.9110000E+03   3.0304972E-03   3.3966765E-03
   1.5491558E+03   2.3000000E+03   2.0880000E+03   1.0614707E-04   1.1948946E-04
   1.5491633E+03   2.2590000E+03   2.0480000E+03   1.4961257E-03   1.6508091E-03
   1.5491708E+03   2.2800000E+03   2.0510000E+03   7.0142333E-04   7.7980980E-04
   1.5491784E+03   2.2630000E+03   2.0620000E+03   2.5125947E-03   2.7567207E-03
   1.5491859E+03   2.3380000E+03   2.0860000E+03   5.4376726E-04   6.0993877E-04
   1.5491934E+03   2.2760000E+03   2.0260000E+03   1.4601671E-03   1.6314285E-03
   1.5492010E+03   2.2000000E+03   1.9640000E+03   1.5112378E-03   1.6167947E-03
   1.5492085E+03   2.3330000E+03   2.0610000E+03   2.3437813E-03   2.6532823E-03
   1.5492160E+03   2.3600000E+03   2.0820000E+03   2.4406350E-03   2.7636988E-03
   1.5492235E+03   2.3870000E+03   2.1230000E+03   6.9709716E-04   7.7389224E-04
   1.5492311E+03   2.3280000E+03   2.0590000E+03   7.5293160E-04   8.5103157E-04
   1.5492386E+03   2.4180000E+03   2.1600000E+03   1.7343449E-03   1.9414767E-03
   1.5492461E+03   2.3940000E+03   2.1380000E+03   2.3894584E-03   2.7597778E-03
   1.5492536E+03   2.4560000E+03   2.1960000E+03   1.8981513E-03   2.1238431E-03
   1.5492612E+03   2.4850000E+03   2.2230000E+03   2.8504751E-03   3.0092551E-03
   1.5492687E+03   2.4180000E+03   2.1470000E+03   2.3077744E-03   2.6546986E-03
   1.5492762E+03   2.4970000E+03   2.2360000E+03   8.2035875E-04   9.9516495E-04
   1.5492838E+03   2.5040000E+03   2.2200000E+03   2.4417836E-03   2.7545437E-03
   1.5492913E+03   2.5180000E+03   2.2490000E+03   2.0917737E-03   2.5032071E-03
   1.5492988E+03   2.4820000E+03   2.2180000E+03   3.1842659E-03   3.6495090E-03
   1.5493063E+03   2.5510000E+03   2.2670000E+03   1.9622654E-03   2.2397481E-03
   1.5493139E+03   2.5400000E+03   2.2590000E+03   2.5429774E-03   2.8312332E-03
   1.5493214E+03   2.5390000E+03   2.2320000E+03   9.0614045E-04   9.6444311E-04
   1.5493289E+03   2.6260000E+03   2.3120000E+03   2.2491779E-03   2.5549487E-03
   1.5493365E+03   2.6630000E+03   2.3800000E+03   6.7001965E-04   6.7521692E-04
   1.5493440E+03   2.6750000E+03   2.3830000E+03   1.5825045E-03   1.7073389E-03
   1.5493515E+03   2.6490000E+03   2.3180000E+03   8.0191742E-05   1.2763123E-04
   1.5493590E+03   2.6550000E+03   2.3660000E+03   9.3717347E-04   1.0450313E-03
   1.5493666E+03   2.8390000E+03   2.5240000E+03   1.6484289E-03   1.8542936E-03
   1.5493741E+03   2.7790000E+03   2.5090000E+03   1.1637680E-03   1.3612661E-03
   1.5493816E+03   2.6340000E+03   2.3210000E+03   1.3528765E-03   1.6362237E-03
   1.5493892E+03   2.7860000E+03   2.4950000E+03   6.9620137E-04   7.0713134E-04
   1.5493967E+03   2.8510000E+03   2.5590000E+03   3.8525005E-04   5.0330134E-04
   1.5494042E+03   2.8330000E+03   2.5310000E+03   1.4270610E-03   1.5013716E-03
   1.5494117E+03   2.8680000E+03   2.4970000E+03   7.4876399E-04   9.3198717E-04
   1.5494193E+03   2.9120000E+03   2.6050000E+03   5.7114883E-04   3.7071582E-04
   1.5494268E+03   2.9400000E+03   2.5850000E+03   2.9029244E-04   2.1696183E-04
   1.5494343E+03   3.0160000E+03   2.6770000E+03   1.0452608E-03   1.1750150E-03
   1.5494419E+03   3.0040000E+03   2.6790000E+03   1.5326973E-03   1.7191387E-03
   1.5494494E+03   3.0160000E+03   2.6860000E+03   9.6320351E-04   1.0975199E-03
   1.5494569E+03   3.0280000E+03   2.6780000E+03   3.3927153E-04   3.3491198E-04
   1.5494644E+03   3.0030000E+03   2.6320000E+03   2.8687118E-04   1.9917123E-04
   1.5494720E+03   3.1040000E+03   2.7580000E+03   2.1945814E-04   3.2108206E-04
   1.5494795E+03   3.1500000E+03   2.7990000E+03   9.4539120E-04   1.0471339E-03
   1.5494870E+03   3.1560000E+03   2.8200000E+03   7.9864659E-04   9.3382311E-04
   1.5494946E+03   3.1830000E+03   2.8170000E+03   1.1749523E-03   1.2281112E-03
   1.5495021E+03   3.2310000E+03   2.8870000E+03   3.1644450E-04   2.8945730E-04
   1.5495096E+03   3.3040000E+03   2.9110000E+03   4.1629113E-04   4.7237921E-04
   1.5495171E+03   3.1960000E+03   2.8630000E+03   9.7315434E-04   1.0742269E-03
   1.5495247E+03   3.2180000E+03   2.8510000E+03   2.1525185E-04   2.3216008E-04
   1.5495322E+03   3.4620000E+03   3.0850000E+03   1.5901683E-04   1.8167849E-04
   1.5495397E+03   3.3040000E+03   2.9350000E+03   3.6480954E-04   4.1419086E-04
   1.5495473E+03   3.3700000E+03   3.0010000E+03   2.6328962E-04   2.9740396E-04
   1.5495548E+03   3.3990000E+03   3.0230000E+03   5.2299942E-04   5.4340598E-04
   1.5495623E+03   3.4380000E+03   3.0490000E+03   3.8899559E-04   4.3856946E-04
   1.5495698E+03   3.4920000E+03   3.1290000E+03   3.7134492E-04   3.9554225E-04
   1.5495774E+03   3.4500000E+03   3.0720000E+03   5.1586061E-04   5.8750045E-04
   1.5495849E+03   3.5700000E+03   3.1260000E+03   2.4849386E-04   1.3187433E-04
   1.5495924E+03   3.5540000E+03   3.1580000E+03   5.9010797E-04   5.4602621E-04
   1.5496000E+03   3.5890000E+03   3.1860000E+03   1.8146867E-04   1.9149026E-04
   1.5496075E+03   3.6850000E+03   3.2890000E+03   9.0117709E-05   1.5814959E-04
   1.5496150E+03   3.7570000E+03   3.3460000E+03   3.1420191E-04   3.0388104E-04
   1.5496225E+03   3.7270000E+03   3.3380000E+03   2.3212567E-04   2.5222883E-04
   1.5496301E+03   3.8670000E+03   3.4410000E+03   3.2783490E-04   3.6837360E-04
   1.5496376E+03   3.6890000E+03   3.3020000E+03   1.0371864E-03   1.1041742E-03
   1.5496451E+03   3.8550000E+03   3.4030000E+03   3.5214468E-04   3.8057239E-04
   1.5496527E+03   3.7760000E+03   3.3550000E+03   5.6086701E-04   5.7398578E-04
   1.5496602E+03   3.9960000E+03   3.5460000E+03   1.4378043E-04   1.5790834E-04
   1.5496677E+03   3.7970000E+03   3.3580000E+03   8.4727268E-04   9.4758734E-04
   1.5496752E+03   4.0590000E+03   3.6150000E+03   4.5615752E-04   4.4133673E-04
   1.5496828E+03   4.0630000E+03   3.5820000E+03   3.6341297E-04   3.9925401E-04
   1.5496903E+03   4.0220000E+03   3.5760000E+03   3.9062557E-04   4.2549839E-04
   1.5496978E+03   4.2160000E+03   3.6980000E+03   2.5232836E-04   3.3631101E-04
   1.5497053E+03   4.1070000E+03   3.6460000E+03   2.5788235E-04   2.9100028E-04
   1.5497129E+03   4.2300000E+03   3.7620000E+03   4.6377500E-04   5.0958684E-04
   1.5497204E+03   4.1660000E+03   3.6690000E+03   2.1568623E-04   2.5747508E-04
   1.5497279E+03   4.3360000E+03   3.7920000E+03   2.9275524E-04   3.1222826E-04
   1.5497355E+03   4.3100000E+03   3.8190000E+03   2.6261235E-04   2.9673205E-04
   1.5497430E+03   4.4740000E+03   3.9590000E+03   5.8127569E-04   5.8047454E-04
   1.5497505E+03   4.4510000E+03   3.9030000E+03   2.6127646E-04   2.9980393E-04
   1.5497580E+03   4.5290000E+03   3.9910000E+03   3.2728073E-04   4.0155572E-04
   1.5497656E+03   4.5050000E+03   3.9960000E+03   7.3061560E-05   6.4531529E-05
   1.5497731E+03   4.5540000E+03   3.9980000E+03   2.5473206E-04   2.1511104E-04
   1.5497806E+03   4.5280000E+03   3.9940000E+03   2.7587825E-04   3.0739325E-04
   1.5497882E+03   4.7310000E+03   4.1690000E+03   1.5914589E-04   1.8092703E-04
   1.5497957E+03   4.6270000E+03   4.1340000E+03   2.8185305E-04   3.1210210E-04
   1.5498032E+03   4.7840000E+03   4.2330000E+03   2.2245236E-04   2.3636696E-04
   1.5498107E+03   4.8810000E+03   4.2720000E+03   2.9626296E-04   2.4663062E-04
   1.5498183E+03   4.8030000E+03   4.2070000E+03   4.0650000E-05   1.1834925E-04
   1.5498258E+03   4.8700000E+03   4.3050000E+03   4.8000112E-04   5.4592043E-04
   1.5498333E+03   4.8880000E+03   4.2820000E+03   1.1709993E-04   1.1187456E-04
   1.5498409E+03   4.9770000E+03   4.3790000E+03   6.2080649E-04   7.0512194E-04
   1.5498484E+03   4.9820000E+03   4.3790000E+03   1.3277049E-04   1.4844279E-04
   1.5498559E+03   5.0410000E+03   4.3820000E+03   4.1084149E-04   4.2874933E-04
   1.5498634E+03   5.0600000E+03   4.4150000E+03   4.2230375E-04   4.9809077E-04
   1.5498710E+03   5.2610000E+03   4.5900000E+03   1.8252993E-04   2.0442358E-04
   1.5498785E+03   5.2550000E+03   4.5710000E+03   1.8996331E-04   1.9083029E-04
   1.5498860E+03   5.2950000E+03   4.6070000E+03   3.1530225E-04   2.4367745E-04
   1.5498936E+03   5.3470000E+03   4.6260000E+03   3.6328902E-04   2.8861003E-04
   1.5499011E+03   5.4150000E+03   4.7140000E+03   1.0943226E-04   1.2841222E-04
   1.5499086E+03   5.4270000E+03   4.6670000E+03   3.2364417E-04   3.2645660E-04
   1.5499161E+03   5.4750000E+03   4.7580000E+03   2.7828589E-04   2.7069644E-04
   1.5499237E+03   5.6920000E+03   4.9640000E+03   3.0439782E-04   4.6849703E-04
   1.5499312E+03   5.5750000E+03   4.8440000E+03   3.2202664E-05   5.6635694E-05
   1.5499387E+03   5.7090000E+03   4.9220000E+03   1.1225533E-04   1.8321328E-04
   1.5499463E+03   5.7190000E+03   4.9750000E+03   2.5685538E-04   2.9357689E-04
   1.5499538E+03   5.6090000E+03   4.8380000E+03   1.4501607E-04   1.5920860E-04
   1.5499613E+03   5.8810000E+03   5.0960000E+03   1.9009376E-04   2.1803765E-04
   1.5499688E+03   5.9590000E+03   5.1490000E+03   1.5004415E-04   1.8630348E-04
   1.5499764E+03   6.0450000E+03   5.2450000E+03   1.9190271E-04   1.8108093E-04
   1.5499839E+03   5.8770000E+03   5.0640000E+03   2.7128523E-04   2.2357550E-04
   1.5499914E+03   6.0200000E+03   5.1900000E+03   8.5220949E-05   2.0270120E-04
   1.5499990E+03   6.1490000E+03   5.2860000E+03   2.2173995E-04   2.6440974E-04
   1.5500065E+03   6.1430000E+03   5.3010000E+03   1.8752589E-04   1.3509969E-04
   1.5500140E+03   6.2890000E+03   5.4420000E+03   4.4787832E-04   5.1546412E-04
   1.5500215E+03   6.3100000E+03   5.4340000E+03   2.9143510E-04   3.1145438E-04
   1.5500291E+03   6.2440000E+03   5.3680000E+03   1.5837374E-04   1.7725165E-04
   1.5500366E+03   6.4360000E+03   5.5720000E+03   1.1246416E-04   1.3404420E-04
   1.5500441E+03   6.4530000E+03   5.6120000E+03   3.3633452E-04   4.1669701E-04
   1.5500517E+03   6.5710000E+03   5.6610000E+03   3.4106150E-04   3.6636889E-04
   1.5500592E+03   6.5790000E+03   5.7000000E+03   5.5212440E-04   4.5837492E-04
   1.5500667E+03   6.6360000E+03   5.7590000E+03   8.4900897E-05   1.5915717E-04
   1.5500742E+03   6.6700000E+03   5.7750000E+03   2.3000149E-04   2.7483471E-04
   1.5500818E+03   6.8530000E+03   5.9540000E+03   1.9181831E-04   3.0793558E-04
   1.5500893E+03   6.7260000E+03   5.8400000E+03   2.2476390E-04   2.4382742E-04
   1.5500968E+03   6.8600000E+03   5.9210000E+03   2.6870268E-04   2.8439808E-04
   1.5501044E+03   6.8890000E+03   5.9790000E+03   4.6029289E-05   1.5859950E-04
   1.5501119E+03   6.8490000E+03   5.9710000E+03   2.0227666E-04   3.0851122E-04
   1.5501194E+03   7.0110000E+03   6.1050000E+03   3.0079613E-05   8.1690637E-05
   1.5501269E+03   7.1200000E+03   6.1810000E+03   2.4728344E-04   2.6100087E-04
   1.5501345E+03   7.0860000E+03   6.1990000E+03   2.4874303E-04   2.3258656E-04
   1.5501420E+03   7.1300000E+03   6.2700000E+03   1.5955730E-04   1.7867299E-04
   1.5501495E+03   7.2360000E+03   6.3480000E+03   5.0069352E-04   4.4503704E-04
   1.5501571E+03   7.1730000E+03   6.2640000E+03   8.3455787E-05   1.1180841E-04
   1.5501646E+03   7.2050000E+03   6.2930000E+03   2.1385061E-04   2.1219836E-04
   1.5501721E+03   7.2100000E+03   6.3790000E+03   1.3046156E-04   1.6930796E-04
   1.5501796E+03   7.3970000E+03   6.5240000E+03   2.4648299E-04   2.7140197E-04
   1.5501872E+03   7.3620000E+03   6.5180000E+03   1.9971764E-04   2.4450399E-04
   1.5501947E+03   7.5200000E+03   6.6260000E+03   1.8360121E-04   1.3944010E-04
   1.5502022E+03   7.3880000E+03   6.4500000E+03   5.2071391E-05   7.5778176E-05
   1.5502097E+03   7.4840000E+03   6.6660000E+03   2.3075911E-04   2.4098567E-04
   1.5502173E+03   7.5150000E+03   6.6990000E+03   2.5389688E-04   2.8335618E-04
   1.5502248E+03   7.7650000E+03   6.8850000E+03   1.3466059E-04   1.6887942E-04
   1.5502323E+03   7.6580000E+03   6.8590000E+03   4.2625892E-05   1.2776762E-04
   1.5502399E+03   7.7550000E+03   6.9050000E+03   1.9297132E-04   1.9532987E-04
   1.5502474E+03   7.8400000E+03   6.9970000E+03   1.5770339E-04   1.2708984E-04
   1.5502549E+03   7.7490000E+03   6.9320000E+03   2.5490061E-04   3.1218970E-04
   1.5502624E+03   7.9720000E+03   7.1180000E+03   2.9800271E-04   2.6186379E-04
   1.5502700E+03   7.9330000E+03   7.0700000E+03   3.1049507E-04   3.7336145E-04
   1.5502775E+03   7.8810000E+03   7.0620000E+03   3.2261133E-04   3.7154869E-04
   1.5502850E+03   8.0190000E+03   7.1820000E+03   2.9663153E-05   6.4010180E-05
   1.5502926E+03   7.8960000E+03   7.0560000E+03   3.0555494E-04   3.6297250E-04
   1.5503001E+03   7.9370000E+03   7.1300000E+03   3.0066869E-05   9.8454322E-05
   1.5503076E+03   8.0770000E+03   7.2290000E+03   5.9604415E-05   9.4441367E-05
   1.5503151E+03   8.0780000E+03   7.2350000E+03   1.8753864E-04   1.2822647E-04
   1.5503227E+03   8.0640000E+03   7.2730000E+03   1.2894171E-04   1.3743434E-04
   1.5503302E+03   8.2310000E+03   7.4080000E+03   2.8679186E-04   3.4939101E-04
   1.5503377E+03   8.1970000E+03   7.3910000E+03   2.5283473E-04   2.1639807E-04
   1.5503453E+03   8.1690000E+03   7.3550000E+03   2.7389007E-04   2.9811161E-04
   1.5503528E+03   8.1320000E+03   7.3700000E+03   1.2992532E-04   1.4936358E-04
   1.5503603E+03   8.3470000E+03   7.5490000E+03   1.9224113E-04   1.8296749E-04
   1.5503678E+03   8.4770000E+03   7.6940000E+03   5.6589447E-05   8.4544068E-05
   1.5503754E+03   8.4580000E+03   7.6090000E+03   1.1123893E-04   7.4674551E-05
   1.5503829E+03   8.5570000E+03   7.7590000E+03   2.2939996E-04   2.0660876E-04
   1.5503904E+03   8.6150000E+03   7.8200000E+03   1.1321092E-04   1.2995135E-04
   1.5503980E+03   8.4670000E+03   7.6670000E+03   1.8798060E-04   2.0298434E-04
   1.5504055E+03   8.5630000E+03   7.8400000E+03   5.7022204E-05   9.6111190E-05
   1.5504130E+03   8.6740000E+03   7.8410000E+03   1.0506085E-04   6.5383711E-05
   1.5504205E+03   8.6950000E+03   7.8450000E+03   2.8078616E-04   3.0688577E-04
   1.5504281E+03   8.6300000E+03   7.8210000E+03   1.8234766E-04   1.6160538E-04
   1.5504356E+03   8.7470000E+03   7.9670000E+03   1.8916995E-04   1.9782250E-04
   1.5504431E+03   8.8240000E+03   8.0220000E+03   1.0537940E-04   7.6056073E-05
   1.5504507E+03   8.7690000E+03   7.9790000E+03   3.6326498E-04   3.4170094E-04
   1.5504582E+03   8.7870000E+03   8.0310000E+03   9.2965525E-05   5.8799230E-05
   1.5504657E+03   8.7860000E+03   8.0150000E+03   1.8319115E-04   1.5759179E-04
   1.5504732E+03   8.8000000E+03   8.0520000E+03   3.1771580E-04   3.4726082E-04
   1.5504808E+03   8.7860000E+03   8.0300000E+03   2.5978701E-04   3.1764337E-04
   1.5504883E+03   8.8120000E+03   8.0310000E+03   2.1606304E-04   1.3979371E-04
   1.5504958E+03   9.0270000E+03   8.2720000E+03   1.0202817E-04   9.0003424E-05
   1.5505034E+03   8.9400000E+03   8.1980000E+03   1.1461448E-04   1.3803200E-04
   1.5505109E+03   9.2260000E+03   8.4550000E+03   1.2397308E-05   6.2098120E-05
   1.5505184E+03   9.2440000E+03   8.4350000E+03   3.8298976E-04   3.2785614E-04
   1.5505259E+03   8.9880000E+03   8.2500000E+03   1.0852879E-04   8.9373663E-05
   1.5505335E+03   9.2410000E+03   8.4790000E+03   2.9629597E-04   3.6024902E-04
   1.5505410E+03   9.2000000E+03   8.4140000E+03   2.1454713E-04   2.1038711E-04
   1.5505485E+03   9.2570000E+03   8.5090000E+03   1.4076733E-04   1.3609778E-04
   1.5505561E+03   9.2980000E+03   8.5150000E+03   1.2708005E-04   2.0023388E-04
   1.5505636E+03   9.3100000E+03   8.6070000E+03   9.7950159E-05   7.8344956E-05
   1.5505711E+03   9.4280000E+03   8.6740000E+03   7.3995869E-05   1.0130240E-04
   1.5505786E+03   9.4590000E+03   8.7000000E+03   2.0529291E-04   1.1696376E-04
   1.5505862E+03   9.3620000E+03   8.6440000E+03   1.6641887E-04   1.6096827E-04
   1.5505937E+03   9.2730000E+03   8.5290000E+03   4.5866922E-05   8.8339593E-05
   1.5506012E+03   9.3470000E+03   8.6130000E+03   1.2898769E-04   1.7170454E-04
   1.5506087E+03   9.3560000E+03   8.6500000E+03   6.6074153E-05   1.4502516E-04
   1.5506163E+03   9.4150000E+03   8.6950000E+03   1.7671462E-04   1.4280470E-04
   1.5506238E+03   9.4490000E+03   8.7090000E+03   2.0480368E-04   2.5481823E-04
   1.5506313E+03   9.6730000E+03   8.8960000E+03   6.6442856E-05   1.2693432E-04
   1.5506389E+03   9.6760000E+03   8.9510000E+03   2.7072353E-04   2.3401384E-04
   1.5506464E+03   9.7060000E+03   8.9400000E+03   1.5331344E-04   1.1622592E-04
   1.5506539E+03   9.6010000E+03   8.8780000E+03   2.7515802E-04   2.2775257E-04
   1.5506614E+03   9.5440000E+03   8.8400000E+03   1.1453324E-04   1.1179519E-04
   1.5506690E+03   9.6480000E+03   8.9470000E+03   2.3397810E-04   2.8875696E-04
   1.5506765E+03   9.6070000E+03   8.8670000E+03   2.5255270E-05   1.6237088E-05
   1.5506840E+03   9.6050000E+03   8.8950000E+03   1.6680983E-04   2.2371786E-04
   1.5506916E+03   9.7910000E+03   9.0760000E+03   1.8005871E-04   1.6501071E-04
   1.5506991E+03   9.7250000E+03   9.0190000E+03   9.9687754E-05   1.4130622E-04
   1.5507066E+03   9.8190000E+03   9.1150000E+03   2.1158764E-04   1.8490881E-04
   1.5507141E+03   9.6790000E+03   8.9590000E+03   2.1484837E-04   2.4122119E-04
   1.5507217E+03   9.8770000E+03   9.1870000E+03   1.5823786E-04   2.1431640E-04
   1.5507292E+03   9.6800000E+03   8.9910000E+03   3.9423283E-05   3.8585738E-05
   1.5507367E+03   9.8500000E+03   9.1280000E+03   9.8486818E-05   9.4694295E-05
   1.5507443E+03   9.9450000E+03   9.2050000E+03   1.3425433E-04   1.4467962E-04
   1.5507518E+03   9.8700000E+03   9.1660000E+03   1.2631747E-04   1.4364254E-04
   1.5507593E+03   1.0000000E+04   9.2530000E+03   2.7138395E-04   2.1470044E-04
   1.5507668E+03   9.9080000E+03   9.1910000E+03   1.3882445E-04   1.5857047E-04
   1.5507744E+03   9.9370000E+03   9.2440000E+03   2.3805536E-04   1.1719070E-04
   1.5507819E+03   9.9600000E+03   9.2730000E+03   1.2855561E-04   1.3807915E-04
   1.5507894E+03   1.0089000E+04   9.3990000E+03   6.9405931E-05   9.9548226E-05
   1.5507970E+03   9.9380000E+03   9.1950000E+03   1.5842212E-04   2.0362160E-04
   1.5508045E+03   1.0038000E+04   9.3930000E+03   1.4882619E-04   1.4677192E-04
   1.5508120E+03   1.0082000E+04   9.3540000E+03   2.5756552E-04   1.6955335E-04
   1.5508195E+03   1.0093000E+04   9.3750000E+03   2.3272535E-04   2.4822045E-04
   1.5508271E+03   1.0086000E+04   9.3700000E+03   2.9162467E-04   2.8397565E-04
   1.5508346E+03   1.0314000E+04   9.6360000E+03   5.5447576E-05   1.0665736E-04
   1.5508421E+03   1.0484000E+04   9.7860000E+03   2.6108820E-04   2.7352751E-04
   1.5508497E+03   1.0242000E+04   9.5310000E+03   1.2951232E-04   1.5861964E-04
   1.5508572E+03   1.0200000E+04   9.5160000E+03   2.7127168E-04   3.3440461E-04
   1.5508647E+03   1.0088000E+04   9.4400000E+03   2.2469288E-05   1.0337593E-04
   1.5508722E+03   1.0258000E+04   9.5320000E+03   1.5483099E-04   1.6326664E-04
   1.5508798E+03   1.0417000E+04   9.7400000E+03   1.2522948E-04   1.2587756E-04
   1.5508873E+03   1.0332000E+04   9.6370000E+03   6.2306941E-05   6.6817125E-05
   1.5508948E+03   1.0432000E+04   9.7530000E+03   8.4084788E-05   1.0450561E-04
   1.5509024E+03   1.0383000E+04   9.7080000E+03   2.0938172E-04   1.9612179E-04
   1.5509099E+03   1.0251000E+04   9.5590000E+03   7.3510131E-05   7.6244644E-05
   1.5509174E+03   1.0531000E+04   9.8000000E+03   2.4846854E-04   1.7079253E-04
   1.5509249E+03   1.0300000E+04   9.5700000E+03   1.4916126E-04   6.6615836E-05
   1.5509325E+03   1.0365000E+04   9.6310000E+03   7.9943547E-05   6.5839589E-05
   1.5509400E+03   1.0463000E+04   9.7930000E+03   2.3105338E-04   2.3812092E-04
   1.5509475E+03   1.0569000E+04   9.8670000E+03   1.8297429E-04   1.2725670E-04
   1.5509551E+03   1.0427000E+04   9.7030000E+03   2.6434042E-05   1.0755015E-04
   1.5509626E+03   1.0720000E+04   1.0030000E+04   1.8259307E-04   1.9478721E-04
   1.5509701E+03   1.0538000E+04   9.8370000E+03   1.9688511E-05   2.0855908E-05
   1.5509776E+03   1.0453000E+04   9.7830000E+03   1.0401519E-04   1.3393383E-04
   1.5509852E+03   1.0573000E+04   9.8580000E+03   1.1364230E-04   1.3364848E-04
   1.5509927E+03   1.0536000E+04   9.8280000E+03   2.1693552E-04   2.4642652E-04
   1.5510002E+03   1.0664000E+04   9.9330000E+03   5.3255792E-05   4.9582699E-05
   1.5510078E+03   1.0604000E+04   9.9370000E+03   1.6704910E-04   1.7825895E-04
   1.5510153E+03   1.0686000E+04   9.9830000E+03   1.4890650E-04   1.9299646E-04
   1.5510228E+03   1.0650000E+04   9.9710000E+03   1.6999845E-04   1.7580880E-04
   1.5510303E+03   1.0595000E+04   9.9070000E+03   2.0493812E-04   2.1899674E-04
   1.5510379E+03   1.0496000E+04   9.7950000E+03   2.8316828E-04   3.1226228E-04
   1.5510454E+03   1.0655000E+04   9.9730000E+03   3.6503606E-04   3.8974147E-04
   1.5510529E+03   1.0671000E+04   1.0004000E+04   1.4337591E-04   1.7269058E-04
   1.5510604E+03   1.0778000E+04   1.0106000E+04   1.7850058E-04   1.9729132E-04
   1.5510680E+03   1.0637000E+04   9.9300000E+03   1.8643084E-04   2.5521786E-04
   1.5510755E+03   1.0690000E+04   1.0014000E+04   4.4930355E-05   4.7665024E-05
   1.5510830E+03   1.0761000E+04   1.0065000E+04   5.5119279E-05   5.1697826E-05
   1.5510906E+03   1.0871000E+04   1.0204000E+04   2.4905310E-04   2.6155657E-04
   1.5510981E+03   1.0519000E+04   9.8160000E+03   9.9541765E-05   8.2906120E-05
   1.5511056E+03   1.0891000E+04   1.0208000E+04   2.8042586E-04   3.3460497E-04
   1.5511131E+03   1.0891000E+04   1.0196000E+04   8.7836907E-05   1.0708361E-04
   1.5511207E+03   1.0824000E+04   1.0151000E+04   9.0008385E-05   1.0167997E-04
   1.5511282E+03   1.0768000E+04   1.0103000E+04   1.5555463E-04   1.6587238E-04
   1.5511357E+03   1.0859000E+04   1.0137000E+04   4.9269851E-05   7.5744203E-05
   1.5511433E+03   1.0894000E+04   1.0181000E+04   3.7369968E-05   9.4366068E-05
   1.5511508E+03   1.1100000E+04   1.0415000E+04   3.6952695E-05   3.9053280E-05
   1.5511583E+03   1.0718000E+04   9.9890000E+03   1.3348738E-04   9.5661658E-05
   1.5511658E+03   1.0940000E+04   1.0250000E+04   9.6983201E-05   9.2323651E-05
   1.5511734E+03   1.0962000E+04   1.0250000E+04   2.1566461E-04   2.2098093E-04
   1.5511809E+03   1.0813000E+04   1.0137000E+04   4.2552195E-06   4.4927535E-06
   1.5511884E+03   1.1056000E+04   1.0376000E+04   6.3502497E-05   5.5476713E-05
   1.5511960E+03   1.1067000E+04   1.0394000E+04   2.0485806E-04   2.1764395E-04
   1.5512035E+03   1.0881000E+04   1.0160000E+04   1.3003722E-04   1.3923253E-04
   1.5512110E+03   1.0992000E+04   1.0307000E+04   2.3466961E-04   2.2636427E-04
   1.5512185E+03   1.0905000E+04   1.0193000E+04   1.7213785E-04   1.8410905E-04
   1.5512261E+03   1.1127000E+04   1.0415000E+04   2.3274754E-04   2.5020725E-04
   1.5512336E+03   1.0982000E+04   1.0245000E+04   1.4812057E-04   1.5872031E-04
   1.5512411E+03   1.0940000E+04   1.0247000E+04   2.2200338E-04   2.3680480E-04
   1.5512487E+03   1.1104000E+04   1.0399000E+04   1.8132405E-04   1.9322423E-04
   1.5512562E+03   1.0980000E+04   1.0279000E+04   1.3418418E-04   1.4341142E-04
   1.5512637E+03   1.1370000E+04   1.0678000E+04   1.5263526E-04   1.2504997E-04
   1.5512712E+03   1.1080000E+04   1.0367000E+04   1.0178884E-04   1.0753712E-04
   1.5512788E+03   1.1065000E+04   1.0347000E+04   2.3292980E-04   1.7131226E-04
   1.5512863E+03   1.1227000E+04   1.0519000E+04   1.3596557E-04   8.9245718E-05
   1.5512938E+03   1.1323000E+04   1.0556000E+04   6.5138352E-05   6.9875442E-05
   1.5513014E+03   1.1236000E+04   1.0494000E+04   2.2195545E-04   2.5399125E-04
   1.5513089E+03   1.1392000E+04   1.0673000E+04   1.2438143E-04   8.6359697E-05
   1.5513164E+03   1.1117000E+04   1.0400000E+04   8.6309866E-05   1.1045419E-04
   1.5513239E+03   1.1176000E+04   1.0408000E+04   5.3467759E-05   5.7776005E-05
   1.5513315E+03   1.1244000E+04   1.0544000E+04   1.7502979E-04   1.8007006E-04
   1.5513390E+03   1.1172000E+04   1.0477000E+04   1.6365813E-05   1.7792948E-05
   1.5513465E+03   1.1004000E+04   1.0237000E+04   4.8158728E-05   5.1470081E-05
   1.5513541E+03   1.1241000E+04   1.0535000E+04   8.9496467E-05   1.0092991E-04
   1.5513616E+03   1.1282000E+04   1.0526000E+04   5.2834528E-05   2.0467878E-05
   1.5513691E+03   1.1270000E+04   1.0533000E+04   8.0811606E-05   1.1814685E-04
   1.5513766E+03   1.1302000E+04   1.0553000E+04   1.6500985E-04   2.0903049E-04
   1.5513842E+03   1.1426000E+04   1.0686000E+04   1.0969637E-04   1.1741015E-04
   1.5513917E+03   1.1269000E+04   1.0508000E+04   1.1449380E-04   1.3380736E-04
   1.5513992E+03   1.1138000E+04   1.0426000E+04   1.9274408E-04   2.2823197E-04
   1.5514068E+03   1.1249000E+04   1.0481000E+04   7.3249388E-05   7.8577849E-05
   1.5514143E+03   1.1116000E+04   1.0408000E+04   2.6818806E-04   2.4663839E-04
   1.5514218E+03   1.1339000E+04   1.0556000E+04   2.6687834E-04   2.8652704E-04
   1.5514293E+03   1.1149000E+04   1.0384000E+04   3.1262318E-04   3.6434909E-04
   1.5514369E+03   1.1155000E+04   1.0408000E+04   2.0973739E-04   2.2463641E-04
   1.5514444E+03   1.1333000E+04   1.0583000E+04   2.4310908E-04   2.6046956E-04
   1.5514519E+03   1.1205000E+04   1.0486000E+04   4.5113963E-05   2.8784818E-05
   1.5514595E+03   1.1267000E+04   1.0541000E+04   1.5714998E-04   1.3325834E-04
   1.5514670E+03   1.1171000E+04   1.0427000E+04   1.6647874E-04   2.0642123E-04
   1.5514745E+03   1.1043000E+04   1.0358000E+04   1.8268844E-04   1.9405535E-04
   1.5514820E+03   1.1163000E+04   1.0441000E+04   1.9629071E-04   2.0960513E-04
   1.5514896E+03   1.1153000E+04   1.0402000E+04   1.0298789E-04   9.4994264E-05
   1.5514971E+03   1.1242000E+04   1.0496000E+04   2.3631499E-04   2.4172441E-04
   1.5515046E+03   1.1314000E+04   1.0536000E+04   1.5917959E-04   1.2876976E-04
   1.5515122E+03   1.1196000E+04   1.0444000E+04   3.4033549E-05   5.7865244E-05
   1.5515197E+03   1.1404000E+04   1.0637000E+04   2.6068581E-04   2.7986182E-04
   1.5515272E+03   1.1182000E+04   1.0405000E+04   1.1420053E-04   1.3011405E-04
   1.5515347E+03   1.1308000E+04   1.0548000E+04   3.6046437E-04   3.8758107E-04
   1.5515423E+03   1.1148000E+04   1.0364000E+04   1.3396173E-04   1.2240905E-04
   1.5515498E+03   1.1207000E+04   1.0454000E+04   3.1860992E-04   3.5273908E-04
   1.5515573E+03   1.1253000E+04   1.0482000E+04   2.0509790E-04   2.2046724E-04
   1.5515648E+03   1.1308000E+04   1.0521000E+04   5.9642858E-05   1.9888672E-05
   1.5515724E+03   1.1615000E+04   1.0820000E+04   1.5813941E-04   2.1947100E-04
   1.5515799E+03   1.1363000E+04   1.0658000E+04   1.9325473E-04   2.0108967E-04
   1.5515874E+03   1.1259000E+04   1.0490000E+04   1.7070756E-04   1.0713979E-04
   1.5515950E+03   1.1539000E+04   1.0748000E+04   1.7846099E-04   1.3567291E-04
   1.5516025E+03   1.1496000E+04   1.0716000E+04   1.3807817E-04   1.5282016E-04
   1.5516100E+03   1.1261000E+04   1.0484000E+04   6.1135335E-05   2.5313915E-05
   1.5516175E+03   1.1217000E+04   1.0419000E+04   1.7756791E-04   1.9112018E-04
   1.5516251E+03   1.1229000E+04   1.0398000E+04   2.2224868E-04   2.3952257E-04
   1.5516326E+03   1.1654000E+04   1.0889000E+04   3.5271548E-04   3.7740622E-04
   1.5516401E+03   1.1255000E+04   1.0457000E+04   2.2495431E-04   1.9571462E-04
   1.5516477E+03   1.1229000E+04   1.0432000E+04   2.1565133E-04   2.3456498E-04
   1.5516552E+03   1.1460000E+04   1.0669000E+04   8.5773357E-05   9.3299720E-05
   1.5516627E+03   1.1383000E+04   1.0529000E+04   1.1035379E-04   1.0871442E-04
   1.5516702E+03   1.1299000E+04   1.0464000E+04   1.6839839E-04   1.9462544E-04
   1.5516778E+03   1.1207000E+04   1.0437000E+04   2.7102523E-04   2.9115156E-04
   1.5516853E+03   1.1214000E+04   1.0424000E+04   3.1884662E-04   3.2493249E-04
   1.5516928E+03   1.1428000E+04   1.0652000E+04   3.7048007E-05   3.7122008E-05
   1.5517004E+03   1.1326000E+04   1.0497000E+04   5.7647269E-05   7.1953836E-05
   1.5517079E+03   1.1439000E+04   1.0648000E+04   1.6443552E-04   1.6446010E-04
   1.5517154E+03   1.1354000E+04   1.0566000E+04   1.1344803E-04   1.2357400E-04
   1.5517229E+03   1.1383000E+04   1.0556000E+04   1.1035431E-04   1.1806128E-04
   1.5517305E+03   1.1198000E+04   1.0380000E+04   1.0530792E-04   9.0171420E-05
   1.5517380E+03   1.1359000E+04   1.0584000E+04   5.0190234E-05   5.3786338E-05
   1.5517455E+03   1.1260000E+04   1.0398000E+04   1.1678123E-04   1.3016803E-04
   1.5517531E+03   1.1532000E+04   1.0661000E+04   5.2950386E-05   5.3472149E-05
   1.5517606E+03   1.1380000E+04   1.0536000E+04   1.3205361E-04   1.0885871E-04
   1.5517681E+03   1.1404000E+04   1.0526000E+04   1.2923272E-04   1.1027211E-04
   1.5517756E+03   1.1362000E+04   1.0519000E+04   1.2227071E-04   1.8473246E-04
   1.5517832E+03   1.1225000E+04   1.0364000E+04   3.8597719E-04   4.1755384E-04
   1.5517907E+03   1.1290000E+04   1.0458000E+04   9.5125640E-05   1.1628885E-04
   1.5517982E+03   1.1084000E+04   1.0257000E+04   1.3297834E-04   1.3684952E-04
   1.5518058E+03   1.1283000E+04   1.0419000E+04   2.5812503E-04   2.6603071E-04
   1.5518133E+03   1.1455000E+04   1.0557000E+04   2.1928248E-04   2.6931897E-04
   1.5518208E+03   1.1350000E+04   1.0481000E+04   4.2744875E-05   7.1142915E-05
   1.5518283E+03   1.1413000E+04   1.0559000E+04   2.5754583E-04   2.9342064E-04
   1.5518359E+03   1.1062000E+04   1.0232000E+04   1.0113666E-04   1.2631676E-04
   1.5518434E+03   1.1049000E+04   1.0165000E+04   2.4688314E-04   2.4391426E-04
   1.5518509E+03   1.1218000E+04   1.0365000E+04   1.8458066E-04   2.2026861E-04
   1.5518585E+03   1.0953000E+04   1.0022000E+04   1.9381667E-04   2.1239521E-04
   1.5518660E+03   1.1073000E+04   1.0193000E+04   2.1273948E-04   2.1166791E-04
   1.5518735E+03   1.0978000E+04   1.0122000E+04   2.4139630E-04   2.3003598E-04
   1.5518810E+03   1.1117000E+04   1.0224000E+04   1.7769128E-04   2.0797232E-04
   1.5518886E+03   1.1236000E+04   1.0333000E+04   1.7221804E-04   1.9777907E-04
   1.5518961E+03   1.1177000E+04   1.0240000E+04   1.0766864E-04   1.1797806E-04
   1.5519036E+03   1.1002000E+04   1.0111000E+04   5.4253197E-05   7.2371146E-05
   1.5519112E+03   1.0971000E+04   1.0079000E+04   1.0757807E-04   1.1764389E-04
   1.5519187E+03   1.0866000E+04   1.0000000E+04   1.0163282E-04   1.1703881E-04
   1.5519262E+03   1.0846000E+04   9.8610000E+03   1.3008556E-04   1.4638677E-04
   1.5519337E+03   1.0998000E+04   1.0015000E+04   2.5869556E-04   2.9130012E-04
   1.5519413E+03   1.0778000E+04   9.8550000E+03   8.4952439E-05   8.8378699E-05
   1.5519488E+03   1.0930000E+04   1.0008000E+04   1.0986451E-04   1.1806060E-04
   1.5519563E+03   1.0860000E+04   9.8520000E+03   1.1960203E-04   8.2430211E-05
   1.5519638E+03   1.0960000E+04   9.9760000E+03   1.0272841E-04   1.0157317E-04
   1.5519714E+03   1.0797000E+04   9.8340000E+03   1.8128274E-04   1.8610586E-04
   1.5519789E+03   1.0920000E+04   9.9390000E+03   1.3625768E-04   1.4955137E-04
   1.5519864E+03   1.0923000E+04   9.9280000E+03   1.2343507E-04   1.5623175E-04
   1.5519940E+03   1.0727000E+04   9.7700000E+03   4.3249090E-05   3.3592949E-05
   1.5520015E+03   1.0783000E+04   9.7800000E+03   8.8199168E-05   1.4049824E-04
   1.5520090E+03   1.0793000E+04   9.8020000E+03   3.1602470E-04   3.5830452E-04
   1.5520165E+03   1.0870000E+04   9.8120000E+03   8.0624788E-05   8.9571934E-05
   1.5520241E+03   1.0680000E+04   9.6610000E+03   1.7124936E-04   1.9564080E-04
   1.5520316E+03   1.0658000E+04   9.6250000E+03   1.0154066E-04   1.1394410E-04
   1.5520391E+03   1.0671000E+04   9.6580000E+03   1.5308349E-04   1.4705269E-04
   1.5520467E+03   1.0967000E+04   9.8810000E+03   1.3761270E-04   1.5202626E-04
   1.5520542E+03   1.0490000E+04   9.4560000E+03   1.7251126E-04   1.3844466E-04
   1.5520617E+03   1.0367000E+04   9.3490000E+03   3.4111029E-05   3.3920968E-05
   1.5520692E+03   1.0500000E+04   9.4190000E+03   1.0729548E-04   1.2085489E-04
   1.5520768E+03   1.0586000E+04   9.5100000E+03   1.1063337E-04   1.6499504E-04
   1.5520843E+03   1.0450000E+04   9.4350000E+03   1.6182774E-04   1.8772643E-04
   1.5520918E+03   1.0393000E+04   9.3280000E+03   6.2027434E-05   4.3435951E-05
   1.5520994E+03   1.0403000E+04   9.3290000E+03   1.4527805E-04   1.4130182E-04
   1.5521069E+03   1.0294000E+04   9.2390000E+03   2.0004130E-04   2.1536609E-04
   1.5521144E+03   1.0333000E+04   9.2730000E+03   1.8667126E-04   2.1726967E-04
   1.5521219E+03   1.0184000E+04   9.1340000E+03   8.9082442E-05   1.0064155E-04
   1.5521295E+03   1.0156000E+04   9.0270000E+03   3.3742426E-04   3.8114859E-04
   1.5521370E+03   1.0119000E+04   9.0390000E+03   1.1699706E-04   1.4293523E-04
   1.5521445E+03   1.0490000E+04   9.4140000E+03   4.3113519E-04   4.7764489E-04
   1.5521521E+03   1.0327000E+04   9.2450000E+03   3.5507186E-04   4.1518266E-04
   1.5521596E+03   1.0083000E+04   8.9880000E+03   6.7597678E-05   9.1185472E-05
   1.5521671E+03   1.0124000E+04   9.0520000E+03   1.7572051E-04   2.0152166E-04
   1.5521746E+03   1.0052000E+04   8.9280000E+03   9.9473162E-05   9.2787235E-05
   1.5521822E+03   1.0106000E+04   8.9720000E+03   2.3934489E-04   2.7909232E-04
   1.5521897E+03   9.8930000E+03   8.7650000E+03   3.3446295E-04   2.6958835E-04
   1.5521972E+03   9.9650000E+03   8.8280000E+03   4.0540621E-04   4.2873270E-04
   1.5522048E+03   9.8420000E+03   8.7570000E+03   2.3157560E-04   2.7611546E-04
   1.5522123E+03   9.8710000E+03   8.7540000E+03   2.7633330E-04   3.4664093E-04
   1.5522198E+03   9.6890000E+03   8.6550000E+03   3.2280411E-04   3.6661402E-04
   1.5522273E+03   9.9190000E+03   8.7840000E+03   2.2422890E-04   2.5413063E-04
   1.5522349E+03   9.7970000E+03   8.7140000E+03   1.6371796E-04   1.9106895E-04
   1.5522424E+03   9.5620000E+03   8.5370000E+03   1.6341827E-04   1.5010524E-04
   1.5522499E+03   9.8060000E+03   8.7080000E+03   2.3374080E-04   2.4945614E-04
   1.5522575E+03   9.6620000E+03   8.5370000E+03   2.3987069E-04   3.0774539E-04
   1.5522650E+03   9.5910000E+03   8.5620000E+03   3.3395987E-04   3.7654446E-04
   1.5522725E+03   9.5370000E+03   8.4510000E+03   1.6344559E-04   1.8309817E-04
   1.5522800E+03   9.3230000E+03   8.3260000E+03   1.2268397E-04   1.4271101E-04
   1.5522876E+03   9.3960000E+03   8.3460000E+03   4.8144946E-05   1.1192250E-04
   1.5522951E+03   9.4740000E+03   8.4140000E+03   3.4673174E-04   3.5792784E-04
   1.5523026E+03   9.2850000E+03   8.2800000E+03   1.4165170E-04   1.6006340E-04
   1.5523102E+03   9.2240000E+03   8.2070000E+03   1.8687597E-04   1.9204393E-04
   1.5523177E+03   9.3810000E+03   8.3740000E+03   2.3704740E-04   2.8866033E-04
   1.5523252E+03   9.3090000E+03   8.3310000E+03   1.5749488E-04   1.4681787E-04
   1.5523327E+03   9.0000000E+03   8.0300000E+03   1.0133187E-04   8.7599692E-05
   1.5523403E+03   9.2830000E+03   8.3010000E+03   1.0762948E-04   8.5317578E-05
   1.5523478E+03   9.1280000E+03   8.1780000E+03   9.9162822E-05   1.5033568E-04
   1.5523553E+03   9.0970000E+03   8.0950000E+03   3.7587363E-04   4.0370221E-04
   1.5523629E+03   9.1430000E+03   8.2160000E+03   1.2230208E-04   1.4449786E-04
   1.5523704E+03   9.0390000E+03   8.0020000E+03   3.7076517E-04   3.9448438E-04
   1.5523779E+03   8.7820000E+03   7.8140000E+03   1.0329580E-04   1.4971083E-04
   1.5523854E+03   8.9850000E+03   8.0170000E+03   1.9588163E-04   2.1840101E-04
   1.5523930E+03   8.9450000E+03   8.0210000E+03   3.5360377E-05   6.3185915E-05
   1.5524005E+03   8.7770000E+03   7.8380000E+03   2.0023883E-04   2.1298668E-04
   1.5524080E+03   8.8540000E+03   7.9430000E+03   4.1779093E-04   4.2613035E-04
   1.5524155E+03   8.6560000E+03   7.7530000E+03   1.2881351E-04   1.9946623E-04
   1.5524231E+03   8.7540000E+03   7.8270000E+03   1.6359045E-04   1.5379955E-04
   1.5524306E+03   8.7430000E+03   7.7880000E+03   1.2080317E-04   1.0288609E-04
   1.5524381E+03   8.6160000E+03   7.6960000E+03   4.5765860E-04   5.4697011E-04
   1.5524457E+03   8.4370000E+03   7.5530000E+03   1.3880372E-04   1.9784510E-04
   1.5524532E+03   8.4000000E+03   7.4890000E+03   1.1171551E-04   1.5071843E-04
   1.5524607E+03   8.4560000E+03   7.6060000E+03   2.1484146E-04   3.1977499E-04
   1.5524682E+03   8.4560000E+03   7.5370000E+03   2.4971799E-04   3.1943984E-04
   1.5524758E+03   8.3750000E+03   7.4920000E+03   1.3175447E-04   1.4844870E-04
   1.5524833E+03   8.4990000E+03   7.5770000E+03   1.7277082E-04   2.7102106E-04
   1.5524908E+03   8.4620000E+03   7.5960000E+03   3.7208301E-04   3.9960639E-04
   1.5524984E+03   8.3340000E+03   7.4530000E+03   1.5586474E-04   1.7117650E-04
   1.5525059E+03   8.3050000E+03   7.4390000E+03   9.2187801E-05   2.6293348E-05
   1.5525134E+03   8.2810000E+03   7.4030000E+03   2.3303105E-04   2.0960723E-04
   1.5525209E+03   8.3600000E+03   7.5080000E+03   1.2183446E-04   1.3000189E-04
   1.5525285E+03   8.3500000E+03   7.5320000E+03   1.0308811E-04   9.6888298E-05
   1.5525360E+03   8.1870000E+03   7.3990000E+03   6.6601746E-05   8.5198480E-05
   1.5525435E+03   8.1820000E+03   7.3070000E+03   2.2318501E-04   2.6469915E-04
   1.5525511E+03   8.0490000E+03   7.2150000E+03   3.0081445E-04   3.9875152E-04
   1.5525586E+03   8.0860000E+03   7.2900000E+03   2.5514221E-04   3.4955669E-04
   1.5525661E+03   8.1590000E+03   7.2870000E+03   1.2439931E-04   8.4137810E-05
   1.5525736E+03   7.7320000E+03   6.9140000E+03   5.0699202E-04   4.8761098E-04
   1.5525812E+03   7.9480000E+03   7.0580000E+03   2.4160479E-05   6.0252938E-05
   1.5525887E+03   7.8520000E+03   7.0470000E+03   3.1789986E-04   3.6731987E-04
   1.5525962E+03   7.8210000E+03   7.0460000E+03   1.1682604E-04   1.0249843E-04
   1.5526038E+03   7.7430000E+03   6.9550000E+03   4.2164084E-04   4.5482837E-04
   1.5526113E+03   7.7380000E+03   6.9210000E+03   1.8594533E-04   2.5788922E-04
   1.5526188E+03   7.6740000E+03   6.8940000E+03   2.5237725E-04   2.5539139E-04
   1.5526263E+03   7.6700000E+03   6.8800000E+03   2.9705894E-04   3.1451021E-04
   1.5526339E+03   7.6050000E+03   6.8510000E+03   4.3002257E-04   4.7432439E-04
   1.5526414E+03   7.5940000E+03   6.8410000E+03   3.3485269E-04   3.4455426E-04
   1.5526489E+03   7.6220000E+03   6.8420000E+03   4.2006325E-04   4.9179743E-04
   1.5526565E+03   7.6050000E+03   6.7960000E+03   1.7436555E-04   1.8561215E-04
   1.5526640E+03   7.6290000E+03   6.8160000E+03   1.9718248E-05   8.8873404E-05
   1.5526715E+03   7.3350000E+03   6.5920000E+03   4.0513232E-04   3.9883137E-04
   1.5526790E+03   7.4570000E+03   6.6940000E+03   4.1909119E-04   4.6691782E-04
   1.5526866E+03   7.3470000E+03   6.5680000E+03   4.4146182E-04   4.9010042E-04
   1.5526941E+03   7.4520000E+03   6.6750000E+03   3.1978290E-04   3.7527123E-04
   1.5527016E+03   7.4090000E+03   6.6550000E+03   3.7630446E-04   3.8899274E-04
   1.5527092E+03   7.2620000E+03   6.5500000E+03   2.6552496E-04   2.1656330E-04
   1.5527167E+03   7.3220000E+03   6.5830000E+03   1.2935085E-04   1.5853778E-04
   1.5527242E+03   7.2050000E+03   6.4540000E+03   9.1757272E-05   1.0250410E-04
   1.5527317E+03   7.0430000E+03   6.2600000E+03   3.4739389E-04   3.9045555E-04
   1.5527393E+03   7.0190000E+03   6.2900000E+03   6.5399895E-05   7.2982892E-05
   1.5527468E+03   7.1010000E+03   6.3360000E+03   1.7818397E-04   1.4525205E-04
   1.5527543E+03   7.0930000E+03   6.3360000E+03   1.8607522E-04   2.3048281E-04
   1.5527619E+03   7.1370000E+03   6.3980000E+03   1.2392280E-04   1.2146513E-04
   1.5527694E+03   6.9420000E+03   6.1970000E+03   1.8366539E-04   1.8111610E-04
   1.5527769E+03   6.9330000E+03   6.2240000E+03   1.5821756E-04   9.6053352E-05
   1.5527844E+03   6.9580000E+03   6.2590000E+03   1.7048010E-04   1.4975863E-04
   1.5527920E+03   6.7230000E+03   6.0450000E+03   2.1787898E-04   2.7853337E-04
   1.5527995E+03   6.8230000E+03   6.1420000E+03   2.7525480E-04   2.6865561E-04
   1.5528070E+03   6.8450000E+03   6.1240000E+03   3.4219672E-04   3.8264257E-04
   1.5528146E+03   6.7390000E+03   6.0130000E+03   4.5549255E-04   4.8919854E-04
   1.5528221E+03   6.8180000E+03   6.1170000E+03   2.3996705E-04   2.1620609E-04
   1.5528296E+03   6.7580000E+03   5.9960000E+03   1.5948681E-04   1.7820453E-04
   1.5528371E+03   6.5920000E+03   5.8610000E+03   3.6929139E-04   4.1404492E-04
   1.5528447E+03   6.7440000E+03   6.0280000E+03   1.5095736E-05   3.5479898E-05
   1.5528522E+03   6.5780000E+03   5.8740000E+03   3.1790923E-04   3.6203151E-04
   1.5528597E+03   6.7040000E+03   6.0090000E+03   1.8451953E-04   2.1252515E-04
   1.5528673E+03   6.6070000E+03   5.8780000E+03   3.5196606E-04   3.8204326E-04
   1.5528748E+03   6.4170000E+03   5.7290000E+03   3.4955648E-04   1.6609474E-04
   1.5528823E+03   6.4990000E+03   5.8330000E+03   8.2217928E-05   2.6332175E-05
   1.5528898E+03   6.4590000E+03   5.7730000E+03   2.2510412E-04   1.9903759E-04
   1.5528974E+03   6.5100000E+03   5.8010000E+03   3.0430305E-04   2.9800134E-04
   1.5529049E+03   6.3840000E+03   5.7020000E+03   2.9832970E-04   3.2338012E-04
   1.5529124E+03   6.4390000E+03   5.7620000E+03   2.6524987E-04   2.5838331E-04
   1.5529199E+03   6.3310000E+03   5.6890000E+03   1.1676233E-04   1.1619825E-04
   1.5529275E+03   6.2180000E+03   5.5730000E+03   3.0203512E-04   3.2141552E-04
   1.5529350E+03   6.4180000E+03   5.6970000E+03   8.6899831E-05   9.6120050E-05
   1.5529425E+03   6.2760000E+03   5.6130000E+03   5.9833517E-05   1.9041085E-05
   1.5529501E+03   6.2250000E+03   5.5830000E+03   1.7138412E-04   2.3520735E-04
   1.5529576E+03   6.2730000E+03   5.6220000E+03   4.7523308E-04   5.3589435E-04
   1.5529651E+03   6.2410000E+03   5.5660000E+03   1.4977230E-04   2.3799978E-04
   1.5529726E+03   6.0870000E+03   5.4180000E+03   2.3665757E-04   1.4193168E-04
   1.5529802E+03   6.1390000E+03   5.4380000E+03   3.0438473E-04   3.6584739E-04
   1.5529877E+03   6.0150000E+03   5.3550000E+03   2.4721590E-04   2.0347367E-04
   1.5529952E+03   6.1310000E+03   5.4760000E+03   1.7759841E-04   1.7888244E-04
   1.5530028E+03   5.9970000E+03   5.3160000E+03   3.5384699E-04   4.4908294E-04
   1.5530103E+03   6.0670000E+03   5.4530000E+03   3.6904717E-04   3.7280377E-04
   1.5530178E+03   5.8670000E+03   5.2120000E+03   3.6996671E-04   3.2302658E-04
   1.5530253E+03   6.0710000E+03   5.3930000E+03   2.9486088E-04   2.5173340E-04
   1.5530329E+03   5.8970000E+03   5.2210000E+03   5.0295259E-04   5.4030970E-04
   1.5530404E+03   5.8880000E+03   5.2310000E+03   3.9313859E-04   3.7508701E-04
   1.5530479E+03   5.8940000E+03   5.2150000E+03   2.5900681E-04   3.4331189E-04
   1.5530555E+03   5.7920000E+03   5.1230000E+03   2.9845420E-04   2.8128416E-04
   1.5530630E+03   5.6980000E+03   5.0470000E+03   2.3015005E-04   2.6014712E-04
   1.5530705E+03   5.7330000E+03   5.1160000E+03   4.1272201E-04   5.1405530E-04
   1.5530780E+03   5.5950000E+03   5.0110000E+03   1.0370635E-04   1.7937970E-04
   1.5530856E+03   5.6680000E+03   5.0160000E+03   5.5176506E-04   5.8158367E-04
   1.5530931E+03   5.6720000E+03   5.0440000E+03   2.1475549E-04   2.5608299E-04
   1.5531006E+03   5.5890000E+03   4.9360000E+03   2.8477006E-04   3.1188614E-04
   1.5531082E+03   5.5310000E+03   4.9210000E+03   1.3649189E-04   1.4164207E-04
   1.5531157E+03   5.4850000E+03   4.8810000E+03   3.4888623E-04   3.9729630E-04
   1.5531232E+03   5.6410000E+03   4.9940000E+03   3.0841212E-04   3.9289043E-04
   1.5531307E+03   5.5170000E+03   4.9000000E+03   3.8591231E-04   4.4250816E-04
   1.5531383E+03   5.4420000E+03   4.8180000E+03   2.3834635E-04   2.6999758E-04
   1.5531458E+03   5.3830000E+03   4.7610000E+03   3.0708896E-04   2.3518290E-04
   1.5531533E+03   5.5120000E+03   4.8700000E+03   2.7840302E-04   3.0985304E-04
   1.5531609E+03   5.3520000E+03   4.7630000E+03   1.3060710E-04   1.0239284E-04
   1.5531684E+03   5.2390000E+03   4.6490000E+03   2.5592802E-04   2.7849328E-04
   1.5531759E+03   5.3960000E+03   4.7920000E+03   6.4959564E-04   7.3100736E-04
   1.5531834E+03   5.3340000E+03   4.7230000E+03   2.4401877E-04   2.7141948E-04
   1.5531910E+03   5.2440000E+03   4.5940000E+03   3.6325454E-04   3.7116746E-04
   1.5531985E+03   5.3680000E+03   4.7780000E+03   2.0748894E-04   2.0833207E-04
   1.5532060E+03   5.2760000E+03   4.6570000E+03   1.8738496E-04   2.0274526E-04
   1.5532136E+03   5.2880000E+03   4.6810000E+03   5.0302379E-04   5.6839766E-04
   1.5532211E+03   5.1530000E+03   4.6000000E+03   1.0452794E-04   2.3931915E-04
   1.5532286E+03   5.0210000E+03   4.4440000E+03   2.9926953E-04   4.6428280E-04
   1.5532361E+03   5.0110000E+03   4.4110000E+03   1.3745579E-04   9.5836363E-05
   1.5532437E+03   5.0970000E+03   4.4840000E+03   2.3783456E-04   1.2399780E-04
   1.5532512E+03   5.1140000E+03   4.5270000E+03   3.6442839E-04   3.5156675E-04
   1.5532587E+03   4.8790000E+03   4.3130000E+03   1.3908793E-04   1.5923999E-04
   1.5532663E+03   4.9460000E+03   4.3570000E+03   1.6362915E-04   1.4643551E-04
   1.5532738E+03   5.0070000E+03   4.4480000E+03   3.1031100E-04   3.0052556E-04
   1.5532813E+03   4.8460000E+03   4.2790000E+03   4.4480403E-04   3.7703737E-04
   1.5532888E+03   4.9040000E+03   4.3480000E+03   4.4459413E-04   4.3796544E-04
   1.5532964E+03   4.7380000E+03   4.2010000E+03   2.5325501E-04   2.9445989E-04
   1.5533039E+03   4.8580000E+03   4.3100000E+03   2.2633975E-04   3.8239937E-04
   1.5533114E+03   4.8960000E+03   4.3430000E+03   3.5996717E-04   3.1039550E-04
   1.5533189E+03   4.9250000E+03   4.3340000E+03   2.5643102E-05   4.5834791E-05
   1.5533265E+03   4.8360000E+03   4.2810000E+03   1.0512831E-04   1.3281149E-04
   1.5533340E+03   4.7890000E+03   4.2100000E+03   6.6766934E-04   6.0690011E-04
   1.5533415E+03   4.6540000E+03   4.1320000E+03   1.3579472E-04   1.6997277E-04
   1.5533491E+03   4.7610000E+03   4.1880000E+03   2.1711056E-04   1.8396354E-04
   1.5533566E+03   4.6420000E+03   4.1090000E+03   2.4637862E-04   2.9469442E-04
   1.5533641E+03   4.7330000E+03   4.1810000E+03   3.5151111E-04   3.9595481E-04
   1.5533716E+03   4.7770000E+03   4.2010000E+03   5.3335266E-04   5.6636149E-04
   1.5533792E+03   4.6130000E+03   4.0740000E+03   2.5661565E-04   2.7763027E-04
   1.5533867E+03   4.5680000E+03   4.0550000E+03   1.5754368E-04   2.1791296E-04
   1.5533942E+03   4.5910000E+03   4.0510000E+03   1.5379581E-04   2.1351021E-04
   1.5534018E+03   4.6400000E+03   4.1160000E+03   4.3509716E-04   4.5156248E-04
   1.5534093E+03   4.5050000E+03   3.9620000E+03   5.7882298E-04   5.8848656E-04
   1.5534168E+03   4.4600000E+03   3.9150000E+03   4.3382238E-04   4.3351144E-04
   1.5534243E+03   4.5550000E+03   4.0660000E+03   2.8981063E-04   3.9930190E-04
   1.5534319E+03   4.3760000E+03   3.8610000E+03   4.4137166E-04   5.6864896E-04
   1.5534394E+03   4.4510000E+03   3.9370000E+03   1.7218503E-04   2.2186283E-04
   1.5534469E+03   4.3550000E+03   3.8710000E+03   3.9136790E-04   4.5780061E-04
   1.5534545E+03   4.3680000E+03   3.8830000E+03   3.2436555E-04   3.6880745E-04
   1.5534620E+03   4.3290000E+03   3.8010000E+03   4.6438868E-04   4.6456118E-04
   1.5534695E+03   4.3530000E+03   3.8530000E+03   5.3439536E-04   5.9304350E-04
   1.5534770E+03   4.3700000E+03   3.8770000E+03   2.6982818E-04   3.1674415E-04
   1.5534846E+03   4.2820000E+03   3.7710000E+03   3.8919547E-04   4.6980720E-04
   1.5534921E+03   4.3870000E+03   3.8740000E+03   3.2471610E-04   3.8325887E-04
   1.5534996E+03   4.2730000E+03   3.7940000E+03   1.4276018E-04   1.2560136E-04
   1.5535072E+03   4.1780000E+03   3.7040000E+03   2.7400680E-04   3.0910378E-04
   1.5535147E+03   4.1890000E+03   3.7320000E+03   1.7402922E-04   2.8519969E-04
   1.5535222E+03   4.2440000E+03   3.7510000E+03   2.5467372E-04   3.4588404E-04
   1.5535297E+03   4.0740000E+03   3.6100000E+03   4.3415632E-04   6.1670656E-04
   1.5535373E+03   4.1800000E+03   3.7040000E+03   4.3775280E-04   4.9634058E-04
   1.5535448E+03   4.0950000E+03   3.5970000E+03   5.7627338E-04   6.3951735E-04
   1.5535523E+03   4.2300000E+03   3.7740000E+03   3.8627838E-04   3.7975933E-04
   1.5535599E+03   4.0780000E+03   3.6530000E+03   1.1611170E-04   4.5308978E-05
   1.5535674E+03   4.0120000E+03   3.5750000E+03   3.2801880E-04   3.8385155E-04
   1.5535749E+03   4.0910000E+03   3.6670000E+03   4.5253669E-04   3.5261802E-04
   1.5535824E+03   3.9740000E+03   3.5840000E+03   3.4444953E-04   4.2388095E-04
   1.5535900E+03   4.0890000E+03   3.6450000E+03   2.4742949E-04   2.9345969E-04
   1.5535975E+03   4.0570000E+03   3.6360000E+03   1.6069983E-04   2.7474430E-04
   1.5536050E+03   4.0150000E+03   3.6180000E+03   4.1044377E-04   4.5549566E-04
   1.5536126E+03   4.0090000E+03   3.5960000E+03   2.7090106E-05   3.0017895E-05
   1.5536201E+03   3.9170000E+03   3.5540000E+03   2.6485393E-04   2.9279592E-04
   1.5536276E+03   3.9860000E+03   3.5810000E+03   1.1025422E-04   1.2274344E-04
   1.5536351E+03   3.9820000E+03   3.5820000E+03   4.8216956E-04   5.1065433E-04
   1.5536427E+03   3.9420000E+03   3.5730000E+03   2.7431346E-04   2.6781181E-04
   1.5536502E+03   3.8640000E+03   3.5040000E+03   4.2474608E-04   4.6838205E-04
   1.5536577E+03   3.9290000E+03   3.5240000E+03   3.0185624E-04   4.0367524E-04
   1.5536653E+03   3.9610000E+03   3.5680000E+03   2.7903341E-04   3.7312332E-04
   1.5536728E+03   3.9030000E+03   3.5090000E+03   2.3939332E-04   2.2491751E-04
   1.5536803E+03   3.9190000E+03   3.5400000E+03   4.4175747E-04   4.2349782E-04
   1.5536878E+03   3.9330000E+03   3.5630000E+03   4.0419226E-04   5.6311526E-04
   1.5536954E+03   3.8610000E+03   3.5030000E+03   5.1163563E-04   6.4707381E-04
   1.5537029E+03   3.8870000E+03   3.5200000E+03   2.5686651E-04   2.6374060E-04
   1.5537104E+03   3.9170000E+03   3.5310000E+03   1.8202933E-04   2.1089716E-04
   1.5537180E+03   3.9730000E+03   3.6220000E+03   3.4370404E-04   2.3132571E-04
   1.5537255E+03   3.8580000E+03   3.4830000E+03   3.4897762E-04   3.7554774E-04
   1.5537330E+03   3.8490000E+03   3.4690000E+03   1.6192453E-04   1.5283323E-04
   1.5537405E+03   3.8600000E+03   3.4960000E+03   8.0864542E-04   7.9591732E-04
   1.5537481E+03   3.8490000E+03   3.4630000E+03   2.1526123E-04   1.1133386E-04
   1.5537556E+03   3.8880000E+03   3.5170000E+03   3.6102387E-04   2.4502755E-04
   1.5537631E+03   3.8950000E+03   3.5150000E+03   6.1457258E-04   6.1005763E-04
   1.5537706E+03   3.8450000E+03   3.4890000E+03   1.9030488E-04   1.4647584E-04
   1.5537782E+03   3.9120000E+03   3.5230000E+03   1.6837500E-04   1.8694845E-04
   1.5537857E+03   3.8660000E+03   3.4880000E+03   3.8455335E-04   3.1435596E-04
   1.5537932E+03   3.8790000E+03   3.5120000E+03   4.5061576E-04   5.2227586E-04
   1.5538008E+03   3.7710000E+03   3.3630000E+03   3.4055340E-04   3.8186942E-04
   1.5538083E+03   3.8050000E+03   3.4480000E+03   4.7249110E-05   7.4740449E-05
   1.5538158E+03   3.7380000E+03   3.3610000E+03   2.9047213E-04   2.3873001E-04
   1.5538233E+03   3.8100000E+03   3.4320000E+03   2.8205440E-04   2.8214282E-04
   1.5538309E+03   3.8380000E+03   3.4440000E+03   4.9363650E-04   5.2973673E-04
   1.5538384E+03   3.8460000E+03   3.4600000E+03   2.5752261E-04   2.8625201E-04
   1.5538459E+03   3.8260000E+03   3.4350000E+03   1.9807190E-04   1.3561665E-04
   1.5538535E+03   3.7790000E+03   3.4250000E+03   1.9909265E-04   2.6669558E-04
   1.5538610E+03   3.8980000E+03   3.5280000E+03   3.5693712E-04   4.1650371E-04
   1.5538685E+03   3.7740000E+03   3.4150000E+03   4.4173151E-04   4.2683846E-04
   1.5538760E+03   3.8340000E+03   3.4450000E+03   1.9113580E-04   2.7893034E-04
   1.5538836E+03   3.8220000E+03   3.4480000E+03   5.9929361E-04   7.5807013E-04
   1.5538911E+03   3.8670000E+03   3.4960000E+03   5.0043772E-04   4.2262896E-04
   1.5538986E+03   3.7540000E+03   3.3590000E+03   4.6548295E-04   4.8369555E-04
   1.5539062E+03   3.7190000E+03   3.3520000E+03   9.2226788E-05   6.1385469E-05
   1.5539137E+03   3.8390000E+03   3.4520000E+03   1.1310148E-03   1.0171980E-03
   1.5539212E+03   3.7590000E+03   3.3900000E+03   1.9058245E-04   2.1494759E-04
   1.5539287E+03   3.6130000E+03   3.2750000E+03   1.7189942E-04   2.7318857E-04
   1.5539363E+03   3.6860000E+03   3.3200000E+03   2.8968181E-04   3.6254848E-04
   1.5539438E+03   3.6370000E+03   3.2900000E+03   5.0520098E-05   5.5848510E-05
   1.5539513E+03   3.7270000E+03   3.3550000E+03   3.8322533E-04   4.3277170E-04
   1.5539589E+03   3.6930000E+03   3.3200000E+03   9.2785303E-05   9.9828928E-05
   1.5539664E+03   3.7280000E+03   3.3900000E+03   1.2111847E-04   1.3319459E-04
   1.5539739E+03   3.7420000E+03   3.4330000E+03   1.3577786E-04   1.4799905E-04
   1.5539814E+03   3.6700000E+03   3.3340000E+03   2.4699415E-04   2.7188702E-04
   1.5539890E+03   3.6330000E+03   3.2570000E+03   1.9927090E-04   2.2227546E-04
   1.5539965E+03   3.7550000E+03   3.3860000E+03   2.7124511E-04   3.0080490E-04
   1.5540040E+03   3.7440000E+03   3.3870000E+03   3.0834088E-04   3.0089180E-04
   1.5540116E+03   3.7070000E+03   3.3560000E+03   1.8477638E-04   2.0409028E-04
   1.5540191E+03   3.6360000E+03   3.2680000E+03   1.3105208E-04   1.4580947E-04
   1.5540266E+03   3.6030000E+03   3.2400000E+03   8.1351826E-05   9.3192447E-05
   1.5540341E+03   3.7120000E+03   3.3870000E+03   1.4876212E-04   1.6303551E-04
   1.5540417E+03   3.7350000E+03   3.3890000E+03   2.9280641E-04   3.2270047E-04
   1.5540492E+03   3.6020000E+03   3.2620000E+03   2.9025052E-04   3.0561199E-04
   1.5540567E+03   3.5550000E+03   3.1930000E+03   3.4718202E-04   3.8659088E-04
   1.5540643E+03   3.4060000E+03   3.0490000E+03   3.6451095E-04   4.0719065E-04
   1.5540718E+03   3.6020000E+03   3.2660000E+03   9.2406662E-05   1.0191329E-04
   1.5540793E+03   3.6080000E+03   3.2390000E+03   1.2001901E-04   1.7437528E-04
   1.5540868E+03   3.6310000E+03   3.2530000E+03   5.3259532E-04   4.0623316E-04
   1.5540944E+03   3.6370000E+03   3.3110000E+03   2.7847611E-04   2.2490603E-04
   1.5541019E+03   3.5810000E+03   3.2070000E+03   2.5398135E-04   2.4803456E-04
   1.5541094E+03   3.6510000E+03   3.2970000E+03   8.2222730E-04   9.1150921E-04
   1.5541170E+03   3.5980000E+03   3.2340000E+03   2.9476041E-04   1.7475035E-04
   1.5541245E+03   3.7010000E+03   3.3190000E+03   3.9413212E-04   5.2125392E-04
   1.5541320E+03   3.4890000E+03   3.1630000E+03   7.8131284E-05   1.5067343E-07
   1.5541395E+03   3.5010000E+03   3.1800000E+03   5.1921619E-04   4.1816657E-04
   1.5541471E+03   3.5800000E+03   3.2580000E+03   2.8703893E-04   3.1540803E-04
   1.5541546E+03   3.5960000E+03   3.2220000E+03   7.3882167E-05   8.2458185E-05
   1.5541621E+03   3.5140000E+03   3.1740000E+03   1.2646347E-04   6.7276232E-05
   1.5541697E+03   3.5070000E+03   3.1860000E+03   1.2796683E-04   2.2525826E-04
   1.5541772E+03   3.5910000E+03   3.2370000E+03   1.2313078E-04   1.0159206E-04
   1.5541847E+03   3.3860000E+03   3.0770000E+03   6.5813063E-04   7.2421862E-04
   1.5541922E+03   3.5550000E+03   3.2090000E+03   2.1331268E-04   2.3631242E-04
   1.5541998E+03   3.4970000E+03   3.1660000E+03   2.7078998E-04   2.9910062E-04
   1.5542073E+03   3.4530000E+03   3.1000000E+03   1.0067088E-04   1.1213437E-04
   1.5542148E+03   3.4400000E+03   3.1100000E+03   1.6164393E-04   9.3728649E-05
   1.5542224E+03   3.4630000E+03   3.1500000E+03   2.0365148E-04   2.7062513E-04
   1.5542299E+03   3.4970000E+03   3.1730000E+03   1.2836384E-04   1.4147119E-04
   1.5542374E+03   3.5570000E+03   3.2260000E+03   5.7969501E-04   6.3917395E-04
   1.5542449E+03   3.5120000E+03   3.1720000E+03   1.1398856E-04   1.2620676E-04
   1.5542525E+03   3.5400000E+03   3.1810000E+03   3.9604469E-04   4.4074135E-04
   1.5542600E+03   3.4780000E+03   3.1430000E+03   1.8852554E-04   2.3613202E-04
   1.5542675E+03   3.3820000E+03   3.0610000E+03   3.5309079E-04   4.1205634E-04
   1.5542750E+03   3.3680000E+03   3.0270000E+03   1.3689064E-04   3.0143825E-04
   1.5542826E+03   3.4860000E+03   3.1850000E+03   3.9192645E-04   4.2896566E-04
   1.5542901E+03   3.5350000E+03   3.2120000E+03   5.8143707E-04   6.3990691E-04
   1.5542976E+03   3.4310000E+03   3.1130000E+03   3.0278530E-04   1.4702690E-04
   1.5543052E+03   3.4560000E+03   3.1340000E+03   2.1173638E-04   2.3349104E-04
   1.5543127E+03   3.4070000E+03   3.0840000E+03   1.3865413E-04   1.5317595E-04
   1.5543202E+03   3.3470000E+03   3.0250000E+03   6.1696881E-04   6.7558064E-04
   1.5543277E+03   3.4350000E+03   3.1200000E+03   3.9717613E-04   3.8449608E-04
   1.5543353E+03   3.2840000E+03   2.9900000E+03   2.3106815E-04   2.5378857E-04
   1.5543428E+03   3.3210000E+03   3.0080000E+03   2.1209875E-04   1.9066899E-04
   1.5543503E+03   3.4260000E+03   3.0810000E+03   3.2407933E-04   3.9142774E-04
   1.5543579E+03   3.3240000E+03   3.0030000E+03   3.9524002E-04   4.3748845E-04
   1.5543654E+03   3.3610000E+03   3.0400000E+03   1.9977092E-04   1.5932020E-04
   1.5543729E+03   3.3560000E+03   3.0590000E+03   9.5186770E-05   1.0442851E-04
   1.5543804E+03   3.4810000E+03   3.1430000E+03   2.9090411E-04   2.6251412E-04
   1.5543880E+03   3.3500000E+03   3.0140000E+03   7.7865907E-05   1.3216905E-04
   1.5543955E+03   3.4320000E+03   3.0710000E+03   1.8963060E-04   2.1192192E-04
   1.5544030E+03   3.3740000E+03   3.0360000E+03   8.1265064E-05   1.1281913E-04
   1.5544106E+03   3.3560000E+03   3.0520000E+03   2.8630586E-04   3.4996326E-04
   1.5544181E+03   3.3730000E+03   3.0100000E+03   1.0875397E-04   1.2186949E-04
   1.5544256E+03   3.4230000E+03   3.1020000E+03   1.1149943E-04   1.2256515E-04
   1.5544331E+03   3.3450000E+03   3.0110000E+03   2.4997257E-04   3.2469798E-04
   1.5544407E+03   3.4410000E+03   3.1050000E+03   1.2665200E-04   1.4035733E-04
   1.5544482E+03   3.4170000E+03   3.0850000E+03   1.4027768E-04   1.5538939E-04
   1.5544557E+03   3.2420000E+03   2.8970000E+03   3.6658335E-04   4.1023929E-04
   1.5544633E+03   3.4170000E+03   3.0940000E+03   4.3881923E-04   4.8463003E-04
   1.5544708E+03   3.3760000E+03   3.0450000E+03   4.3095555E-04   3.9872487E-04
   1.5544783E+03   3.3290000E+03   3.0030000E+03   1.7417478E-04   1.1478719E-04
   1.5544858E+03   3.3090000E+03   2.9970000E+03   3.2530524E-04   3.2543579E-04
   1.5544934E+03   3.3810000E+03   3.0500000E+03   1.2513539E-04   8.0126669E-05
   1.5545009E+03   3.3560000E+03   3.0400000E+03   2.8767233E-04   3.2518138E-04
   1.5545084E+03   3.2010000E+03   2.8830000E+03   2.0534382E-04   1.8143263E-04
   1.5545160E+03   3.2180000E+03   2.8820000E+03   3.2704217E-04   3.6517062E-04
   1.5545235E+03   3.2390000E+03   2.9550000E+03   3.9533643E-04   4.3333240E-04
   1.5545310E+03   3.1730000E+03   2.8750000E+03   3.5166978E-04   1.1872315E-04
   1.5545385E+03   3.2680000E+03   2.9470000E+03   2.0800592E-04   2.3066283E-04
   1.5545461E+03   3.3220000E+03   3.0050000E+03   1.7570174E-04   9.8203308E-06
   1.5545536E+03   3.2210000E+03   2.9160000E+03   7.0829927E-05   7.8238407E-05
   1.5545611E+03   3.2980000E+03   2.9660000E+03   5.5842878E-05   6.2093665E-05
   1.5545687E+03   3.2480000E+03   2.9210000E+03   2.4604474E-04   2.7358894E-04
   1.5545762E+03   3.1920000E+03   2.9150000E+03   2.7067789E-04   2.9639925E-04
   1.5545837E+03   3.2820000E+03   2.9410000E+03   8.0574261E-05   8.9916601E-05
   1.5545912E+03   3.1580000E+03   2.8300000E+03   2.7497378E-04   3.1733813E-04
   1.5545988E+03   3.2340000E+03   2.9330000E+03   6.8325771E-04   5.5688511E-04
   1.5546063E+03   3.2700000E+03   2.9470000E+03   6.0833332E-04   6.0281921E-04
   1.5546138E+03   3.1690000E+03   2.8610000E+03   2.0348228E-05   2.2538810E-05
   1.5546214E+03   3.2340000E+03   2.8940000E+03   2.0334350E-04   2.2723099E-04
   1.5546289E+03   3.2570000E+03   2.9420000E+03   2.5207650E-04   2.0178866E-04
   1.5546364E+03   3.2340000E+03   2.9330000E+03   2.1704218E-04   2.3931620E-04
   1.5546439E+03   3.1370000E+03   2.8380000E+03   4.6880318E-04   5.1819436E-04
   1.5546515E+03   3.1470000E+03   2.8360000E+03   4.9126543E-04   5.4513833E-04
   1.5546590E+03   3.2030000E+03   2.9170000E+03   6.1183997E-04   6.7182463E-04
   1.5546665E+03   3.2470000E+03   2.8940000E+03   2.5236434E-04   2.8314686E-04
   1.5546740E+03   3.1740000E+03   2.8700000E+03   4.1581992E-04   4.5986496E-04
   1.5546816E+03   3.1050000E+03   2.7700000E+03   2.6164435E-04   1.6372326E-04
   1.5546891E+03   3.1130000E+03   2.8240000E+03   3.2587147E-04   4.1974260E-04
   1.5546966E+03   3.1670000E+03   2.8280000E+03   3.2786469E-04   3.6716672E-04
   1.5547042E+03   3.0850000E+03   2.7860000E+03   6.3163429E-04   6.9942430E-04
   1.5547117E+03   3.0610000E+03   2.7680000E+03   1.7504354E-04   1.9357236E-04
   1.5547192E+03   3.1700000E+03   2.8510000E+03   2.6317283E-04   2.9261939E-04
   1.5547267E+03   3.1090000E+03   2.7980000E+03   2.1904732E-04   2.4339460E-04
   1.5547343E+03   3.1810000E+03   2.8380000E+03   1.0048225E-04   1.1262651E-04
   1.5547418E+03   3.0080000E+03   2.6850000E+03   1.7478447E-04   1.9581069E-04
   1.5547493E+03   3.0690000E+03   2.7910000E+03   1.3030865E-04   1.3622371E-04
   1.5547569E+03   3.1320000E+03   2.8170000E+03   4.7679632E-04   5.3011220E-04
   1.5547644E+03   3.0490000E+03   2.7470000E+03   2.0408401E-04   2.2652062E-04
   1.5547719E+03   3.0510000E+03   2.7390000E+03   4.2455380E-04   4.7291480E-04
   1.5547794E+03   3.0860000E+03   2.7670000E+03   3.4815694E-04   3.8829502E-04
   1.5547870E+03   3.0780000E+03   2.7720000E+03   3.8489615E-04   4.2738469E-04
   1.5547945E+03   3.1140000E+03   2.7980000E+03   2.1158146E-04   2.1446798E-04
   1.5548020E+03   3.0690000E+03   2.7870000E+03   2.5269407E-04   2.7826268E-04
   1.5548096E+03   3.0930000E+03   2.7880000E+03   2.8806896E-04   3.1958296E-04
   1.5548171E+03   2.9980000E+03   2.7080000E+03   2.1789350E-04   1.4891595E-04
   1.5548246E+03   3.0050000E+03   2.7300000E+03   1.3258662E-08   1.4594241E-08
   1.5548321E+03   2.9770000E+03   2.6610000E+03   1.8027636E-04   2.0168460E-04
   1.5548397E+03   3.0400000E+03   2.7460000E+03   6.3600865E-05   6.9865796E-05
   1.5548472E+03   3.0350000E+03   2.7310000E+03   5.7056048E-05   1.0158402E-04
   1.5548547E+03   2.9900000E+03   2.7220000E+03   2.9513658E-04   1.8245818E-04
   1.5548623E+03   3.1220000E+03   2.7900000E+03   2.2905243E-04   2.5630885E-04
   1.5548698E+03   2.9670000E+03   2.6600000E+03   6.9920013E-04   7.0722277E-04
   1.5548773E+03   2.9900000E+03   2.7120000E+03   3.8018407E-05   0.0000000E+00
   1.5548848E+03   3.0680000E+03   2.7810000E+03   2.2919708E-04   2.5285029E-04
   1.5548924E+03   2.9240000E+03   2.6130000E+03   3.9613264E-04   3.6708930E-04
   1.5548999E+03   3.0270000E+03   2.7340000E+03   2.9217572E-04   3.2348789E-04
   1.5549074E+03   2.9990000E+03   2.7000000E+03   2.9378609E-04   3.2632018E-04
   1.5549150E+03   2.9370000E+03   2.6550000E+03   4.5985132E-04   5.0869428E-04
   1.5549225E+03   2.9430000E+03   2.6820000E+03   8.9992797E-05   9.8750485E-05
   1.5549300E+03   2.8770000E+03   2.5960000E+03   5.4385980E-04   6.0272907E-04
   1.5549375E+03   3.0110000E+03   2.7160000E+03   7.4550896E-05   8.2648287E-05
   1.5549451E+03   3.0310000E+03   2.7710000E+03   3.3860407E-04   1.5271154E-04
   1.5549526E+03   2.9050000E+03   2.6070000E+03   3.5647199E-04   3.9721946E-04
   1.5549601E+03   3.0920000E+03   2.7910000E+03   1.4059144E-04   1.5575375E-04
   1.5549677E+03   2.9290000E+03   2.6500000E+03   2.8674298E-04   3.1693215E-04
   1.5549752E+03   2.9460000E+03   2.6730000E+03   5.5052726E-04   4.9883748E-04
   1.5549827E+03   2.9260000E+03   2.6230000E+03   1.8607535E-04   1.3630655E-04
   1.5549902E+03   2.9580000E+03   2.6680000E+03   2.2320568E-04   2.4746716E-04
   1.5549978E+03   2.9020000E+03   2.6220000E+03   3.2413646E-04   3.5875057E-04
   1.5550053E+03   2.8570000E+03   2.5830000E+03   2.1446654E-04   2.7243932E-04
   1.5550128E+03   2.8490000E+03   2.5490000E+03   7.6704620E-09   8.6768849E-09
   1.5550204E+03   2.8850000E+03   2.6070000E+03   2.1550612E-04   2.3848682E-04
   1.5550279E+03   2.8640000E+03   2.5870000E+03   3.5362954E-04   2.7313361E-04
   1.5550354E+03   2.8360000E+03   2.5470000E+03   3.6639449E-10   4.0796811E-10
   1.5550429E+03   2.8390000E+03   2.5410000E+03   1.3971900E-04   1.0111071E-04
   1.5550505E+03   2.8970000E+03   2.6100000E+03   1.2486939E-04   1.3860024E-04
   1.5550580E+03   2.8970000E+03   2.6230000E+03   4.3937698E-04   4.8527454E-04
   1.5550655E+03   2.8070000E+03   2.5160000E+03   2.0151670E-04   2.2482408E-04
   1.5550731E+03   2.8920000E+03   2.6070000E+03   1.0663642E-04   1.1829403E-04
   1.5550806E+03   2.8740000E+03   2.5680000E+03   9.5731695E-04   1.0713898E-03
   1.5550881E+03   2.8130000E+03   2.5160000E+03   9.9914128E-05   1.1170844E-04
   1.5550956E+03   2.8940000E+03   2.6200000E+03   2.1904924E-04   3.4484418E-04
   1.5551032E+03   2.8470000E+03   2.5540000E+03   2.5621059E-04   2.8560358E-04
   1.5551107E+03   2.8600000E+03   2.5590000E+03   2.8393512E-04   3.4016331E-04
   1.5551182E+03   2.8010000E+03   2.5270000E+03   3.4354015E-04   3.8078986E-04
   1.5551257E+03   2.8420000E+03   2.5650000E+03   5.7236406E-04   3.1356073E-04
   1.5551333E+03   2.8480000E+03   2.5780000E+03   6.4173501E-04   7.0894543E-04
   1.5551408E+03   2.7240000E+03   2.4610000E+03   2.6417788E-04   2.9240982E-04
   1.5551483E+03   2.7070000E+03   2.4490000E+03   2.0735934E-04   2.2920446E-04
   1.5551559E+03   2.8290000E+03   2.5760000E+03   2.9762665E-05   3.2685784E-05
   1.5551634E+03   2.8140000E+03   2.5320000E+03   1.0425989E-04   0.0000000E+00
   1.5551709E+03   2.8250000E+03   2.5450000E+03   3.6705910E-04   4.0744290E-04
   1.5551784E+03   2.7980000E+03   2.5210000E+03   6.3502044E-04   7.0479460E-04
   1.5551860E+03   2.8410000E+03   2.5790000E+03   4.5149653E-04   4.9736395E-04
   1.5551935E+03   2.7870000E+03   2.5280000E+03   4.2402177E-04   1.3736808E-04
   1.5552010E+03   2.6920000E+03   2.4420000E+03   9.3523891E-04   1.0309841E-03
   1.5552086E+03   2.8130000E+03   2.5480000E+03   3.6907566E-04   4.0746068E-04
   1.5552161E+03   2.7070000E+03   2.4270000E+03   1.5302514E-04   1.7067947E-04
   1.5552236E+03   2.8010000E+03   2.5200000E+03   4.2564593E-04   4.7310883E-04
   1.5552311E+03   2.7500000E+03   2.4830000E+03   3.9276099E-04   3.3675808E-04
   1.5552387E+03   2.8180000E+03   2.5350000E+03   1.0966327E-04   1.2190575E-04
   1.5552462E+03   2.7830000E+03   2.5400000E+03   0.0000000E+00   0.0000000E+00
   1.5552537E+03   2.8250000E+03   2.5020000E+03   2.8247651E-04   3.1894330E-04
   1.5552613E+03   2.7100000E+03   2.4160000E+03   2.3024959E-04   2.5826837E-04
   1.5552688E+03   2.7260000E+03   2.4410000E+03   1.1240312E-04   1.4442585E-04
   1.5552763E+03   2.6810000E+03   2.4320000E+03   4.9747137E-05   4.0384338E-05
   1.5552838E+03   2.6940000E+03   2.4270000E+03   1.6000819E-04   1.7919069E-04
   1.5552914E+03   2.7170000E+03   2.4350000E+03   2.5065577E-05   2.7968449E-05
   1.5552989E+03   2.6840000E+03   2.4160000E+03   2.9606591E-04   3.2890766E-04
   1.5553064E+03   2.7370000E+03   2.4770000E+03   3.2238844E-04   3.5622817E-04
   1.5553140E+03   2.7320000E+03   2.4520000E+03   1.6525394E-04   1.8412471E-04
   1.5553215E+03   2.6750000E+03   2.4290000E+03   5.2769348E-04   5.8113629E-04
   1.5553290E+03   2.6090000E+03   2.3680000E+03   3.2610845E-04   3.5929764E-04
   1.5553365E+03   2.7160000E+03   2.4550000E+03   1.6154804E-04   1.7872281E-04
   1.5553441E+03   2.6320000E+03   2.3580000E+03   2.7699567E-04   3.0918262E-04
   1.5553516E+03   2.6280000E+03   2.3640000E+03   2.6819891E-04   2.9815006E-04
   1.5553591E+03   2.7620000E+03   2.4940000E+03   1.7110185E-04   1.8948810E-04
   1.5553667E+03   2.6530000E+03   2.3670000E+03   5.2550936E-04   5.8900563E-04
   1.5553742E+03   2.5660000E+03   2.3090000E+03   4.5578348E-04   2.9501599E-04
   1.5553817E+03   2.6880000E+03   2.4380000E+03   2.1653366E-04   1.0598152E-04
   1.5553892E+03   2.6130000E+03   2.3590000E+03   2.0774033E-04   2.3010830E-04
   1.5553968E+03   2.8010000E+03   2.5470000E+03   2.7575226E-04   3.0325170E-04
   1.5554043E+03   2.6580000E+03   2.3900000E+03   4.0747211E-04   4.5316354E-04
   1.5554118E+03   2.6730000E+03   2.4140000E+03   1.0806314E-04   0.0000000E+00
   1.5554194E+03   2.5670000E+03   2.3330000E+03   7.2304247E-04   4.7479309E-04
   1.5554269E+03   2.6570000E+03   2.4170000E+03   3.0619819E-04   3.3660265E-04
   1.5554344E+03   2.5780000E+03   2.3250000E+03   8.4822859E-05   9.4053045E-05
   1.5554419E+03   2.5240000E+03   2.2720000E+03   2.2643848E-04   2.5155402E-04
   1.5554495E+03   2.6700000E+03   2.4100000E+03   0.0000000E+00   0.0000000E+00
   1.5554570E+03   2.5780000E+03   2.3340000E+03   4.2898574E-04   4.7383258E-04
   1.5554645E+03   2.6220000E+03   2.3590000E+03   3.1467055E-04   3.4975252E-04
   1.5554721E+03   2.5430000E+03   2.3090000E+03   2.4276448E-04   2.6736686E-04
   1.5554796E+03   2.5900000E+03   2.3460000E+03   3.4134218E-04   3.7684409E-04
   1.5554871E+03   2.6300000E+03   2.3760000E+03   3.0435098E-04   3.3688682E-04
   1.5554946E+03   2.4910000E+03   2.2300000E+03   2.3706552E-04   2.6481175E-04
   1.5555022E+03   2.5580000E+03   2.3070000E+03   5.4243944E-05   7.8000838E-05
   1.5555097E+03   2.5530000E+03   2.3140000E+03   9.6854985E-05   1.0685859E-04
   1.5555172E+03   2.5960000E+03   2.3350000E+03   3.3527985E-04   3.6198543E-04
   1.5555248E+03   2.5700000E+03   2.3270000E+03   1.9524545E-04   2.1563421E-04
   1.5555323E+03   2.5170000E+03   2.2730000E+03   6.3594299E-04   7.0420963E-04
   1.5555398E+03   2.5750000E+03   2.3080000E+03   5.3661131E-04   5.9868896E-04
   1.5555473E+03   2.5670000E+03   2.3230000E+03   1.3143311E-04   1.4523840E-04
   1.5555549E+03   2.5650000E+03   2.3200000E+03   1.4227964E-04   1.5730486E-04
   1.5555624E+03   2.5130000E+03   2.2830000E+03   1.7758794E-04   2.0942152E-04
   1.5555699E+03   2.6370000E+03   2.4120000E+03   1.6524613E-04   1.8066088E-04
   1.5555774E+03   2.4290000E+03   2.1790000E+03   6.0610689E-04   6.7564645E-04
   1.5555850E+03   2.4370000E+03   2.2180000E+03   3.7046544E-04   4.5742800E-04
   1.5555925E+03   2.4660000E+03   2.2300000E+03   1.3126064E-04   1.4515190E-04
   1.5556000E+03   2.5410000E+03   2.3120000E+03   1.3010464E-04   1.4299131E-04
   1.5556076E+03   2.4650000E+03   2.2060000E+03   8.5433564E-05   9.5464068E-05
   1.5556151E+03   2.5120000E+03   2.2680000E+03   1.1280407E-04   0.0000000E+00
   1.5556226E+03   2.4500000E+03   2.2040000E+03   3.2813383E-04   3.6475857E-04
   1.5556301E+03   2.4300000E+03   2.2000000E+03   1.4391222E-06   1.5895758E-06
   1.5556377E+03   2.4860000E+03   2.2600000E+03   0.0000000E+00   0.0000000E+00
   1.5556452E+03   2.4380000E+03   2.1680000E+03   2.1177212E-04   2.3814596E-04
   1.5556527E+03   2.3870000E+03   2.1300000E+03   6.2740302E-05   7.0310376E-05
   1.5556603E+03   2.4530000E+03   2.2300000E+03   3.1437255E-04   3.4580980E-04
   1.5556678E+03   2.4120000E+03   2.1850000E+03   3.5062249E-04   3.8704872E-04
   1.5556753E+03   2.3990000E+03   2.1790000E+03   1.2009026E-10   1.3221502E-10
   1.5556828E+03   2.4160000E+03   2.1770000E+03   6.2202152E-05   7.4361301E-05
   1.5556904E+03   2.3270000E+03   2.0780000E+03   2.1627829E-04   2.4219422E-04
   1.5556979E+03   2.4660000E+03   2.2290000E+03   2.6696215E-04   3.9456105E-04
   1.5557054E+03   2.4770000E+03   2.2540000E+03   5.7251611E-04   6.2915812E-04
   1.5557130E+03   2.3960000E+03   2.1620000E+03   4.1183698E-04   4.0543376E-04
   1.5557205E+03   2.3810000E+03   2.1560000E+03   5.1931960E-04   3.7392076E-04
   1.5557280E+03   2.4080000E+03   2.1610000E+03   2.4271430E-04   2.7045628E-04
   1.5557355E+03   2.4980000E+03   2.2450000E+03   1.4558526E-04   1.6199197E-04
   1.5557431E+03   2.4290000E+03   2.1950000E+03   0.0000000E+00   0.0000000E+00
   1.5557506E+03   2.4280000E+03   2.1840000E+03   2.7794548E-04   3.0899799E-04
   1.5557581E+03   2.4910000E+03   2.2340000E+03   2.6130434E-04   2.9136487E-04
   1.5557657E+03   2.3930000E+03   2.1780000E+03   3.3756697E-04   3.7088969E-04
   1.5557732E+03   2.3790000E+03   2.1340000E+03   1.1067147E-05   1.2337742E-05
   1.5557807E+03   2.3840000E+03   2.1300000E+03   2.1470797E-04   1.0032252E-04
   1.5557882E+03   2.4920000E+03   2.2630000E+03   4.7654136E-04   5.2476406E-04
   1.5557958E+03   2.2810000E+03   2.0560000E+03   0.0000000E+00   0.0000000E+00
   1.5558033E+03   2.4140000E+03   2.1890000E+03   3.4228191E-04   3.7746392E-04
   1.5558108E+03   2.3820000E+03   2.1550000E+03   0.0000000E+00   0.0000000E+00
   1.5558184E+03   2.4150000E+03   2.1720000E+03   6.5104359E-05   7.2388134E-05
   1.5558259E+03   2.3830000E+03   2.1400000E+03   0.0000000E+00   0.0000000E+00
   1.5558334E+03   2.3900000E+03   2.1540000E+03   1.2757736E-05   1.4155520E-05
   1.5558409E+03   2.3000000E+03   2.0670000E+03   1.4729362E-04   1.6389711E-04
   1.5558485E+03   2.3100000E+03   2.0880000E+03   3.0774317E-04   3.4046299E-04
   1.5558560E+03   2.3740000E+03   2.1380000E+03   3.1890807E-04   3.5411027E-04
   1.5558635E+03   2.3300000E+03   2.1020000E+03   6.6708832E-05   7.3944614E-05
   1.5558711E+03   2.2970000E+03   2.0610000E+03   2.1452097E-04   2.3908523E-04
   1.5558786E+03   2.3220000E+03   2.0640000E+03   1.1711401E-05   1.3175326E-05
   1.5558861E+03   2.2580000E+03   2.0430000E+03   3.8923847E-04   4.3020091E-04
   1.5558936E+03   2.2320000E+03   1.9940000E+03   3.7929621E-04   4.2456828E-04
   1.5559012E+03   2.3020000E+03   2.0710000E+03   3.1001503E-04   3.4459421E-04
   1.5559087E+03   2.3220000E+03   2.0950000E+03   2.3153241E-04   2.5661969E-04
   1.5559162E+03   2.2050000E+03   1.9830000E+03   7.8466947E-05   8.7251446E-05
   1.5559238E+03   2.2460000E+03   2.0080000E+03   1.0807566E-04   1.2088542E-04
   1.5559313E+03   2.3180000E+03   2.0930000E+03   0.0000000E+00   0.0000000E+00
   1.5559388E+03   2.2930000E+03   2.0630000E+03   1.0123856E-04   1.1252546E-04
   1.5559463E+03   2.2530000E+03   2.0290000E+03   9.3198036E-04   1.0348703E-03
   1.5559539E+03   2.2580000E+03   1.9970000E+03   5.5129727E-04   6.2334965E-04
   1.5559614E+03   2.2820000E+03   2.0450000E+03   1.2060183E-04   1.3457866E-04
   1.5559689E+03   2.2880000E+03   2.0710000E+03   3.8054586E-04   4.2041957E-04
   1.5559765E+03   2.3100000E+03   2.0940000E+03   2.0923449E-04   2.2874967E-04
   1.5559840E+03   2.2990000E+03   2.0740000E+03   3.5925146E-05   3.9822522E-05
   1.5559915E+03   2.2010000E+03   1.9880000E+03   3.1865778E-04   1.6386063E-04
   1.5559990E+03   2.2800000E+03   2.0540000E+03   0.0000000E+00   0.0000000E+00
   1.5560066E+03   2.2250000E+03   2.0160000E+03   2.0813028E-04   2.2970728E-04
   1.5560141E+03   2.2320000E+03   2.0270000E+03   4.0572958E-05   0.0000000E+00
   1.5560216E+03   2.1900000E+03   1.9720000E+03   2.4811907E-04   4.4281650E-05
   1.5560291E+03   2.1850000E+03   1.9680000E+03   0.0000000E+00   0.0000000E+00
   1.5560367E+03   2.3390000E+03   2.0860000E+03   1.6822966E-04   1.8863336E-04
   1.5560442E+03   2.1710000E+03   1.9610000E+03   2.8290331E-04   0.0000000E+00
   1.5560517E+03   2.2240000E+03   2.0130000E+03   3.6936610E-04   4.0808256E-04
   1.5560593E+03   2.1480000E+03   1.9160000E+03   0.0000000E+00   0.0000000E+00
   1.5560668E+03   2.1370000E+03   1.9340000E+03   2.5547009E-04   2.8228520E-04
   1.5560743E+03   2.2240000E+03   2.0070000E+03   3.6198438E-04   4.0112270E-04
   1.5560818E+03   2.0800000E+03   1.8710000E+03   5.5258304E-04   6.1430931E-04
   1.5560894E+03   2.1530000E+03   1.9450000E+03   0.0000000E+00   0.0000000E+00
   1.5560969E+03   2.1690000E+03   1.9420000E+03   5.4930382E-04   6.1351184E-04
   1.5561044E+03   2.1360000E+03   1.9070000E+03   0.0000000E+00   0.0000000E+00
   1.5561120E+03   2.1450000E+03   1.9460000E+03   3.7855208E-04   4.1726321E-04
   1.5561195E+03   2.2330000E+03   2.0230000E+03   0.0000000E+00   0.0000000E+00
   1.5561270E+03   2.1690000E+03   1.9500000E+03   3.6528979E-04   4.0631464E-04
   1.5561345E+03   2.1590000E+03   1.9320000E+03   0.0000000E+00   0.0000000E+00
   1.5561421E+03   2.2040000E+03   2.0000000E+03   1.9451308E-04   2.1435342E-04
   1.5561496E+03   2.1350000E+03   1.9240000E+03   0.0000000E+00   0.0000000E+00
   1.5561571E+03   2.0040000E+03   1.8030000E+03   3.8700279E-04   4.3014619E-04
   1.5561647E+03   2.2220000E+03   2.0090000E+03   2.8978084E-04   3.2050424E-04
   1.5561722E+03   2.0230000E+03   1.8150000E+03   0.0000000E+00   0.0000000E+00
   1.5561797E+03   2.1610000E+03   1.9500000E+03   3.3584903E-04   0.0000000E+00
   1.5561872E+03   2.1830000E+03   1.9340000E+03   6.0991182E-05   0.0000000E+00
   1.5561948E+03   2.1160000E+03   1.9020000E+03   5.3094577E-05   5.9068414E-05
   1.5562023E+03   2.1610000E+03   1.9700000E+03   5.4976305E-04   6.0306495E-04
   1.5562098E+03   2.1270000E+03   1.8990000E+03   0.0000000E+00   0.0000000E+00
   1.5562174E+03   2.1300000E+03   1.9120000E+03   4.0718559E-04   3.9351235E-04
   1.5562249E+03   1.9900000E+03   1.7800000E+03   4.3017536E-04   4.8092638E-04
   1.5562324E+03   2.0370000E+03   1.8480000E+03   3.9973907E-04   4.4062148E-04
   1.5562399E+03   2.0790000E+03   1.8920000E+03   2.8383521E-04   3.1188869E-04
   1.5562475E+03   2.1100000E+03   1.9200000E+03   4.2756291E-04   4.6987383E-04
   1.5562550E+03   2.0920000E+03   1.8910000E+03   0.0000000E+00   0.0000000E+00
   1.5562625E+03   2.0370000E+03   1.8160000E+03   3.1423741E-04   3.5247885E-04
   1.5562701E+03   1.9780000E+03   1.7980000E+03   3.3490169E-04   3.4501537E-04
   1.5562776E+03   2.0810000E+03   1.8720000E+03   0.0000000E+00   0.0000000E+00
   1.5562851E+03   2.0440000E+03   1.8210000E+03   7.6955863E-04   8.6379892E-04
   1.5562926E+03   2.0820000E+03   1.8670000E+03   0.0000000E+00   0.0000000E+00
   1.5563002E+03   2.0900000E+03   1.8780000E+03   0.0000000E+00   0.0000000E+00
   1.5563077E+03   2.0340000E+03   1.8400000E+03   2.8225179E-04   3.1201095E-04
   1.5563152E+03   2.0300000E+03   1.8190000E+03   2.6395944E-04   2.9457816E-04
   1.5563228E+03   2.0140000E+03   1.8130000E+03   2.7253503E-04   3.0274989E-04
   1.5563303E+03   2.0410000E+03   1.8490000E+03   0.0000000E+00   0.0000000E+00
   1.5563378E+03   2.0750000E+03   1.8780000E+03   2.4613607E-04   2.7195546E-04
   1.5563453E+03   1.9560000E+03   1.7670000E+03   6.9092061E-05   7.6482214E-05
   1.5563529E+03   2.0720000E+03   1.8760000E+03   1.8860324E-04   2.0830806E-04
   1.5563604E+03   2.0660000E+03   1.8950000E+03   0.0000000E+00   0.0000000E+00
   1.5563679E+03   2.0330000E+03   1.8350000E+03   3.2265526E-04   3.5747038E-04
   1.5563755E+03   1.9630000E+03   1.7780000E+03   0.0000000E+00   0.0000000E+00
   1.5563830E+03   2.0350000E+03   1.8410000E+03   0.0000000E+00   0.0000000E+00
   1.5563905E+03   2.0380000E+03   1.8520000E+03   3.7415688E-04   4.1173419E-04
   1.5563980E+03   1.8790000E+03   1.7000000E+03   9.9083046E-04   1.0244290E-03
   1.5564056E+03   2.0000000E+03   1.8020000E+03   1.5126754E-04   1.6788850E-04
   1.5564131E+03   1.9070000E+03   1.7300000E+03   0.0000000E+00   0.0000000E+00
   1.5564206E+03   1.9380000E+03   1.7490000E+03   0.0000000E+00   0.0000000E+00
   1.5564282E+03   2.0010000E+03   1.8020000E+03   4.5039442E-04   5.0013276E-04
   1.5564357E+03   1.9080000E+03   1.7250000E+03   9.7784673E-05   1.0815835E-04
   1.5564432E+03   1.9070000E+03   1.7070000E+03   0.0000000E+00   0.0000000E+00
   1.5564507E+03   1.9270000E+03   1.7560000E+03   3.3049534E-04   3.6267911E-04
   1.5564583E+03   1.9380000E+03   1.7560000E+03   1.6723258E-04   1.8456534E-04
   1.5564658E+03   1.9160000E+03   1.7390000E+03   4.8739498E-04   5.3700332E-04
   1.5564733E+03   1.9290000E+03   1.7460000E+03   0.0000000E+00   0.0000000E+00
   1.5564808E+03   1.8460000E+03   1.6540000E+03   0.0000000E+00   0.0000000E+00
   1.5564884E+03   1.8820000E+03   1.6890000E+03   0.0000000E+00   0.0000000E+00
   1.5564959E+03   1.9210000E+03   1.7310000E+03   0.0000000E+00   0.0000000E+00
   1.5565034E+03   1.8630000E+03   1.6910000E+03   4.8651561E-04   5.3600153E-04
   1.5565110E+03   1.8610000E+03   1.6840000E+03   5.3040780E-05   5.8615731E-05
   1.5565185E+03   1.9510000E+03   1.7840000E+03   0.0000000E+00   0.0000000E+00
   1.5565260E+03   1.7980000E+03   1.6390000E+03   4.6879648E-04   5.1427460E-04
   1.5565335E+03   1.8970000E+03   1.6980000E+03   0.0000000E+00   0.0000000E+00
   1.5565411E+03   1.9130000E+03   1.7110000E+03   3.2634031E-04   3.6486792E-04
   1.5565486E+03   1.9490000E+03   1.7640000E+03   3.9152003E-04   4.3258080E-04
   1.5565561E+03   1.8790000E+03   1.6810000E+03   0.0000000E+00   0.0000000E+00
   1.5565637E+03   1.8820000E+03   1.6980000E+03   0.0000000E+00   0.0000000E+00
   1.5565712E+03   1.8300000E+03   1.6370000E+03   2.7204223E-04   2.3310732E-04
   1.5565787E+03   1.8960000E+03   1.7010000E+03   1.0704129E-04   1.1931234E-04
   1.5565862E+03   1.7730000E+03   1.5900000E+03   2.5520068E-04   2.8457283E-04
   1.5565938E+03   1.8460000E+03   1.6600000E+03   0.0000000E+00   0.0000000E+00
   1.5566013E+03   1.9200000E+03   1.7540000E+03   0.0000000E+00   0.0000000E+00
   1.5566088E+03   1.8060000E+03   1.6190000E+03   2.1221244E-04   2.3672370E-04
   1.5566164E+03   1.8720000E+03   1.6850000E+03   4.9888501E-04   5.5425089E-04
   1.5566239E+03   1.9190000E+03   1.7420000E+03   4.5704869E-04   0.0000000E+00
   1.5566314E+03   1.8810000E+03   1.6970000E+03   0.0000000E+00   0.0000000E+00
   1.5566389E+03   1.9060000E+03   1.7190000E+03   4.4212520E-04   4.9022143E-04
   1.5566465E+03   1.8190000E+03   1.6610000E+03   4.4411576E-04   4.8636158E-04
   1.5566540E+03   1.8890000E+03   1.7080000E+03   4.0356555E-04   4.4633216E-04
   1.5566615E+03   1.7190000E+03   1.5740000E+03   3.4976066E-05   0.0000000E+00
   1.5566691E+03   1.8320000E+03   1.6410000E+03   0.0000000E+00   0.0000000E+00
   1.5566766E+03   1.9400000E+03   1.7480000E+03   5.0293127E-04   5.5817315E-04
   1.5566841E+03   1.8060000E+03   1.6120000E+03   2.4799704E-04   2.7784283E-04
   1.5566916E+03   1.8080000E+03   1.6520000E+03   4.6386177E-04   5.0766469E-04
   1.5566992E+03   1.7990000E+03   1.5990000E+03   6.2628467E-05   7.0461921E-05
   1.5567067E+03   1.8860000E+03   1.7020000E+03   0.0000000E+00   0.0000000E+00
   1.5567142E+03   1.7940000E+03   1.6220000E+03   2.4935866E-04   2.7580114E-04
   1.5567218E+03   1.7820000E+03   1.6130000E+03   2.0764182E-05   2.2939723E-05
   1.5567293E+03   1.7820000E+03   1.6010000E+03   0.0000000E+00   0.0000000E+00
   1.5567368E+03   1.6880000E+03   1.5330000E+03   0.0000000E+00   0.0000000E+00
   1.5567443E+03   1.8160000E+03   1.6570000E+03   4.3986284E-04   4.8207056E-04
   1.5567519E+03   1.7460000E+03   1.5610000E+03   0.0000000E+00   0.0000000E+00
   1.5567594E+03   1.7390000E+03   1.5810000E+03   5.0504462E-04   5.5551714E-04
   1.5567669E+03   1.7520000E+03   1.5680000E+03   0.0000000E+00   0.0000000E+00
   1.5567745E+03   1.7640000E+03   1.5840000E+03   5.4511085E-05   0.0000000E+00
   1.5567820E+03   1.7040000E+03   1.5380000E+03   3.0858860E-04   3.4189531E-04
   1.5567895E+03   1.7120000E+03   1.5460000E+03   2.7848259E-04   3.0838435E-04
   1.5567970E+03   1.6520000E+03   1.4740000E+03   4.4222394E-04   4.9562684E-04
   1.5568046E+03   1.7580000E+03   1.5900000E+03   1.3810871E-04   1.5270133E-04
   1.5568121E+03   1.7430000E+03   1.5810000E+03   5.6336650E-04   6.2109286E-04
   1.5568196E+03   1.7000000E+03   1.5350000E+03   1.6748717E-04   1.8549068E-04
   1.5568272E+03   1.7090000E+03   1.5370000E+03   2.9811087E-04   3.3147136E-04
   1.5568347E+03   1.7560000E+03   1.5750000E+03   0.0000000E+00   0.0000000E+00
   1.5568422E+03   1.7530000E+03   1.5640000E+03   0.0000000E+00   0.0000000E+00
   1.5568497E+03   1.7300000E+03   1.5470000E+03   5.2762565E-04   5.9004033E-04
   1.5568573E+03   1.7640000E+03   1.5880000E+03   0.0000000E+00   0.0000000E+00
   1.5568648E+03   1.6280000E+03   1.4780000E+03   1.0192497E-04   1.1226919E-04
   1.5568723E+03   1.6930000E+03   1.5130000E+03   0.0000000E+00   0.0000000E+00
   1.5568799E+03   1.7280000E+03   1.5640000E+03   5.1310952E-04   5.6691385E-04
   1.5568874E+03   1.6780000E+03   1.5060000E+03   0.0000000E+00   0.0000000E+00
   1.5568949E+03   1.7240000E+03   1.5610000E+03   0.0000000E+00   0.0000000E+00
   1.5569024E+03   1.6890000E+03   1.5300000E+03   0.0000000E+00   0.0000000E+00
   1.5569100E+03   1.7330000E+03   1.5550000E+03   0.0000000E+00   0.0000000E+00
   1.5569175E+03   1.6210000E+03   1.4430000E+03   7.8510087E-04   8.8194630E-04
   1.5569250E+03   1.6670000E+03   1.4960000E+03   5.4745851E-04   6.1003565E-04
   1.5569325E+03   1.6310000E+03   1.4710000E+03   1.2970952E-06   1.4381797E-06
   1.5569401E+03   1.6580000E+03   1.4940000E+03   1.1599184E-04   1.2872454E-04
   1.5569476E+03   1.7060000E+03   1.5270000E+03   3.8352576E-04   4.2848392E-04
   1.5569551E+03   1.6710000E+03   1.4810000E+03   0.0000000E+00   0.0000000E+00
   1.5569627E+03   1.6310000E+03   1.4660000E+03   5.3466683E-04   5.9484420E-04
   1.5569702E+03   1.6000000E+03   1.4380000E+03   0.0000000E+00   0.0000000E+00
   1.5569777E+03   1.7020000E+03   1.5210000E+03   1.0467590E-05   1.1713240E-05
   1.5569852E+03   1.6510000E+03   1.4870000E+03   1.6963584E-05   1.8834484E-05
   1.5569928E+03   1.6480000E+03   1.4690000E+03   0.0000000E+00   0.0000000E+00
   1.5570003E+03   1.6420000E+03   1.4660000E+03   1.9633171E-05   2.1990223E-05
   1.5570078E+03   1.5850000E+03   1.4580000E+03   0.0000000E+00   0.0000000E+00
   1.5570154E+03   1.5780000E+03   1.4310000E+03   0.0000000E+00   0.0000000E+00
   1.5570229E+03   1.6320000E+03   1.4670000E+03   2.1848619E-04   2.4306030E-04
   1.5570304E+03   1.6710000E+03   1.4910000E+03   0.0000000E+00   0.0000000E+00
   1.5570379E+03   1.6390000E+03   1.4810000E+03   0.0000000E+00   0.0000000E+00
   1.5570455E+03   1.6710000E+03   1.5060000E+03   3.2716889E-04   3.6301409E-04
   1.5570530E+03   1.5140000E+03   1.3470000E+03   0.0000000E+00   0.0000000E+00
   1.5570605E+03   1.5750000E+03   1.4180000E+03   0.0000000E+00   0.0000000E+00
   1.5570681E+03   1.5570000E+03   1.3880000E+03   2.2623359E-04   2.5377933E-04
   1.5570756E+03   1.6120000E+03   1.4490000E+03   0.0000000E+00   0.0000000E+00
   1.5570831E+03   1.5610000E+03   1.4000000E+03   8.0395045E-05   8.9640476E-05
   1.5570906E+03   1.5660000E+03   1.4020000E+03   0.0000000E+00   0.0000000E+00
   1.5570982E+03   1.5990000E+03   1.4390000E+03   0.0000000E+00   0.0000000E+00
   1.5571057E+03   1.5170000E+03   1.3400000E+03   5.0499219E-04   5.7169638E-04
   1.5571132E+03   1.5550000E+03   1.4040000E+03   3.5380312E-04   3.9185459E-04
   1.5571208E+03   1.5630000E+03   1.4280000E+03   4.1230414E-04   4.5128248E-04
   1.5571283E+03   1.5360000E+03   1.3760000E+03   3.3858314E-04   3.7795327E-04
   1.5571358E+03   1.5290000E+03   1.3790000E+03   2.2839882E-06   2.5324278E-06
   1.5571433E+03   1.5540000E+03   1.4180000E+03   9.5793530E-05   0.0000000E+00
   1.5571509E+03   1.5710000E+03   1.4180000E+03   0.0000000E+00   0.0000000E+00
   1.5571584E+03   1.4990000E+03   1.3610000E+03   9.3094612E-05   0.0000000E+00
   1.5571659E+03   1.5150000E+03   1.3670000E+03   0.0000000E+00   0.0000000E+00
   1.5571735E+03   1.5360000E+03   1.3800000E+03   3.4908280E-04   3.8854433E-04
   1.5571810E+03   1.5500000E+03   1.4080000E+03   0.0000000E+00   0.0000000E+00
   1.5571885E+03   1.5190000E+03   1.3720000E+03   3.7800021E-04   0.0000000E+00
   1.5571960E+03   1.4750000E+03   1.3390000E+03   5.8331924E-04   6.0827027E-04
   1.5572036E+03   1.4690000E+03   1.3250000E+03   2.8059269E-05   3.1108729E-05
   1.5572111E+03   1.5890000E+03   1.4280000E+03   0.0000000E+00   0.0000000E+00
   1.5572186E+03   1.5120000E+03   1.3870000E+03   5.8382733E-04   6.3644335E-04
   1.5572262E+03   1.5180000E+03   1.3950000E+03   0.0000000E+00   0.0000000E+00
   1.5572337E+03   1.5100000E+03   1.3390000E+03   0.0000000E+00   0.0000000E+00
   1.5572412E+03   1.5140000E+03   1.3760000E+03   0.0000000E+00   0.0000000E+00
   1.5572487E+03   1.4800000E+03   1.3320000E+03   0.0000000E+00   0.0000000E+00
   1.5572563E+03   1.5180000E+03   1.3650000E+03   4.3309306E-04   4.8163755E-04
   1.5572638E+03   1.5280000E+03   1.3870000E+03   5.9956148E-04   6.6051186E-04
   1.5572713E+03   1.4770000E+03   1.3330000E+03   0.0000000E+00   0.0000000E+00
   1.5572789E+03   1.4660000E+03   1.3010000E+03   1.8688415E-04   0.0000000E+00
   1.5572864E+03   1.5180000E+03   1.3690000E+03   0.0000000E+00   0.0000000E+00
   1.5572939E+03   1.5340000E+03   1.3980000E+03   0.0000000E+00   0.0000000E+00
   1.5573014E+03   1.4610000E+03   1.3210000E+03   0.0000000E+00   0.0000000E+00
   1.5573090E+03   1.4200000E+03   1.2780000E+03   0.0000000E+00   0.0000000E+00
   1.5573165E+03   1.4910000E+03   1.3560000E+03   8.8211884E-05   9.6994040E-05
   1.5573240E+03   1.4310000E+03   1.2830000E+03   5.7395406E-04   6.4016232E-04
   1.5573316E+03   1.4660000E+03   1.3150000E+03   6.2930868E-04   7.0157150E-04
   1.5573391E+03   1.4940000E+03   1.3540000E+03   1.1094553E-04   1.2241700E-04
   1.5573466E+03   1.4090000E+03   1.2800000E+03   0.0000000E+00   0.0000000E+00
   1.5573541E+03   1.4630000E+03   1.3290000E+03   5.9699590E-04   6.5718961E-04
   1.5573617E+03   1.5500000E+03   1.3920000E+03   0.0000000E+00   0.0000000E+00
   1.5573692E+03   1.4250000E+03   1.2970000E+03   0.0000000E+00   0.0000000E+00
   1.5573767E+03   1.5200000E+03   1.3850000E+03   0.0000000E+00   0.0000000E+00
   1.5573842E+03   1.5290000E+03   1.3930000E+03   0.0000000E+00   0.0000000E+00
   1.5573918E+03   1.3610000E+03   1.2300000E+03   0.0000000E+00   0.0000000E+00
   1.5573993E+03   1.4500000E+03   1.3180000E+03   0.0000000E+00   0.0000000E+00
   1.5574068E+03   1.4630000E+03   1.3280000E+03   0.0000000E+00   0.0000000E+00
   1.5574144E+03   1.4640000E+03   1.3210000E+03   0.0000000E+00   0.0000000E+00
   1.5574219E+03   1.3890000E+03   1.2440000E+03   4.3431931E-05   0.0000000E+00
   1.5574294E+03   1.5530000E+03   1.3680000E+03   4.7332209E-04   5.3733129E-04
   1.5574369E+03   1.3880000E+03   1.2580000E+03   4.8627872E-04   5.3653010E-04
   1.5574445E+03   1.3230000E+03   1.1930000E+03   3.7282902E-04   4.1345582E-04
   1.5574520E+03   1.4480000E+03   1.3150000E+03   0.0000000E+00   0.0000000E+00
   1.5574595E+03   1.4160000E+03   1.2730000E+03   0.0000000E+00   0.0000000E+00
   1.5574671E+03   1.4090000E+03   1.2790000E+03   0.0000000E+00   0.0000000E+00
   1.5574746E+03   1.4300000E+03   1.2770000E+03   5.4838204E-04   6.1408482E-04
   1.5574821E+03   1.4110000E+03   1.2660000E+03   5.6215130E-04   6.2653672E-04
   1.5574896E+03   1.3850000E+03   1.2510000E+03   4.6316246E-04   5.1277378E-04
   1.5574972E+03   1.3550000E+03   1.2320000E+03   4.7508402E-05   5.2251530E-05
   1.5575047E+03   1.3730000E+03   1.2400000E+03   0.0000000E+00   0.0000000E+00
   1.5575122E+03   1.4710000E+03   1.3360000E+03   2.0898337E-04   2.3010070E-04
   1.5575198E+03   1.4070000E+03   1.2810000E+03   0.0000000E+00   0.0000000E+00
   1.5575273E+03   1.3540000E+03   1.2210000E+03   5.5225040E-04   6.1240544E-04
   1.5575348E+03   1.3480000E+03   1.2120000E+03   0.0000000E+00   0.0000000E+00
   1.5575423E+03   1.3650000E+03   1.2280000E+03   1.8141126E-04   2.0165014E-04
   1.5575499E+03   1.3820000E+03   1.2480000E+03   0.0000000E+00   0.0000000E+00
   1.5575574E+03   1.3750000E+03   1.2330000E+03   9.1715227E-05   1.0227773E-04
   1.5575649E+03   1.2610000E+03   1.1410000E+03   0.0000000E+00   0.0000000E+00
   1.5575725E+03   1.3790000E+03   1.2310000E+03   0.0000000E+00   0.0000000E+00
   1.5575800E+03   1.4120000E+03   1.2580000E+03   6.1401619E-04   6.8918192E-04
   1.5575875E+03   1.3460000E+03   1.2120000E+03   0.0000000E+00   0.0000000E+00
   1.5575950E+03   1.3150000E+03   1.1820000E+03   0.0000000E+00   0.0000000E+00
   1.5576026E+03   1.3120000E+03   1.1920000E+03   0.0000000E+00   0.0000000E+00
   1.5576101E+03   1.3010000E+03   1.1540000E+03   0.0000000E+00   0.0000000E+00
   1.5576176E+03   1.2920000E+03   1.1600000E+03   0.0000000E+00   0.0000000E+00
   1.5576252E+03   1.3270000E+03   1.1930000E+03   6.5791968E-04   7.3181845E-04
   1.5576327E+03   1.3010000E+03   1.1860000E+03   4.2587341E-04   4.6716805E-04
   1.5576402E+03   1.2960000E+03   1.1730000E+03   0.0000000E+00   0.0000000E+00
   1.5576477E+03   1.3560000E+03   1.2220000E+03   1.8883397E-04   2.0954081E-04
   1.5576553E+03   1.3070000E+03   1.1720000E+03   0.0000000E+00   0.0000000E+00
   1.5576628E+03   1.3690000E+03   1.2200000E+03   0.0000000E+00   0.0000000E+00
   1.5576703E+03   1.2950000E+03   1.1520000E+03   6.2121135E-04   6.9832352E-04
   1.5576779E+03   1.2350000E+03   1.1100000E+03   0.0000000E+00   0.0000000E+00
   1.5576854E+03   1.3190000E+03   1.1740000E+03   0.0000000E+00   0.0000000E+00
   1.5576929E+03   1.2760000E+03   1.1600000E+03   0.0000000E+00   0.0000000E+00
   1.5577004E+03   1.2630000E+03   1.1380000E+03   0.0000000E+00   0.0000000E+00
   1.5577080E+03   1.3600000E+03   1.2330000E+03   0.0000000E+00   0.0000000E+00
   1.5577155E+03   1.2450000E+03   1.1350000E+03   1.0634437E-04   1.1665087E-04
   1.5577230E+03   1.2380000E+03   1.1160000E+03   0.0000000E+00   0.0000000E+00
   1.5577306E+03   1.3230000E+03   1.1900000E+03   0.0000000E+00   0.0000000E+00
   1.5577381E+03   1.2950000E+03   1.1830000E+03   4.3292198E-04   4.7390868E-04
   1.5577456E+03   1.3200000E+03   1.1900000E+03   6.1515979E-04   6.8236212E-04
   1.5577531E+03   1.2370000E+03   1.1020000E+03   0.0000000E+00   0.0000000E+00
   1.5577607E+03   1.3340000E+03   1.2130000E+03   0.0000000E+00   0.0000000E+00
   1.5577682E+03   1.2850000E+03   1.1780000E+03   0.0000000E+00   0.0000000E+00
   1.5577757E+03   1.2310000E+03   1.1230000E+03   0.0000000E+00   0.0000000E+00
   1.5577833E+03   1.2190000E+03   1.0740000E+03   0.0000000E+00   0.0000000E+00
   1.5577908E+03   1.2560000E+03   1.1320000E+03   5.8411531E-04   0.0000000E+00
   1.5577983E+03   1.1980000E+03   1.0950000E+03   0.0000000E+00   0.0000000E+00
   1.5578058E+03   1.2110000E+03   1.0830000E+03   2.8614486E-04   3.1996438E-04
   1.5578134E+03   1.2590000E+03   1.1440000E+03   0.0000000E+00   0.0000000E+00
   1.5578209E+03   1.2050000E+03   1.0800000E+03   8.7703421E-05   9.7854280E-05
   1.5578284E+03   1.2020000E+03   1.0780000E+03   0.0000000E+00   0.0000000E+00
   1.5578359E+03   1.2140000E+03   1.0970000E+03   0.0000000E+00   0.0000000E+00
   1.5578435E+03   1.2140000E+03   1.0790000E+03   0.0000000E+00   0.0000000E+00
   1.5578510E+03   1.2200000E+03   1.0970000E+03   0.0000000E+00   0.0000000E+00
   1.5578585E+03   1.1510000E+03   1.0420000E+03   0.0000000E+00   0.0000000E+00
   1.5578661E+03   1.1800000E+03   1.0650000E+03   0.0000000E+00   0.0000000E+00
   1.5578736E+03   1.1750000E+03   1.0630000E+03   1.3467091E-04   1.4886013E-04
   1.5578811E+03   1.2440000E+03   1.1220000E+03   0.0000000E+00   0.0000000E+00
   1.5578886E+03   1.1790000E+03   1.0710000E+03   0.0000000E+00   0.0000000E+00
   1.5578962E+03   1.2770000E+03   1.1560000E+03   0.0000000E+00   0.0000000E+00
   1.5579037E+03   1.1840000E+03   1.0880000E+03   0.0000000E+00   0.0000000E+00
   1.5579112E+03   1.2220000E+03   1.0950000E+03   0.0000000E+00   0.0000000E+00
   1.5579188E+03   1.1830000E+03   1.0460000E+03   0.0000000E+00   0.0000000E+00
   1.5579263E+03   1.1860000E+03   1.0620000E+03   0.0000000E+00   0.0000000E+00
   1.5579338E+03   1.1950000E+03   1.0760000E+03   0.0000000E+00   0.0000000E+00
   1.5579413E+03   1.1730000E+03   1.0410000E+03   0.0000000E+00   0.0000000E+00
   1.5579489E+03   1.1580000E+03   1.0480000E+03   0.0000000E+00   0.0000000E+00
   1.5579564E+03   1.1820000E+03   1.0590000E+03   0.0000000E+00   0.0000000E+00
   1.5579639E+03   1.1530000E+03   1.0470000E+03   0.0000000E+00   0.0000000E+00
   1.5579715E+03   1.1000000E+03   9.9400000E+02   8.6927827E-04   9.6197796E-04
   1.5579790E+03   1.1600000E+03   1.0450000E+03   4.9348495E-04   5.4779191E-04
   1.5579865E+03   1.1930000E+03   1.0690000E+03   6.0340833E-04   6.7340144E-04
   1.5579940E+03   1.0750000E+03   9.6900000E+02   0.0000000E+00   0.0000000E+00
   1.5580016E+03   1.1730000E+03   1.0440000E+03   0.0000000E+00   0.0000000E+00
   1.5580091E+03   1.1830000E+03   1.0560000E+03   7.4968455E-04   8.3984547E-04
   1.5580166E+03   1.1420000E+03   1.0400000E+03   0.0000000E+00   0.0000000E+00
   1.5580242E+03   1.1180000E+03   1.0130000E+03   2.9310294E-05   3.2348380E-05
   1.5580317E+03   1.1130000E+03   1.0140000E+03   0.0000000E+00   0.0000000E+00
   1.5580392E+03   1.1450000E+03   1.0470000E+03   6.0333741E-04   6.5981026E-04
   1.5580467E+03   1.1290000E+03   1.0050000E+03   0.0000000E+00   0.0000000E+00
   1.5580543E+03   1.1570000E+03   1.0250000E+03   0.0000000E+00   0.0000000E+00
   1.5580618E+03   1.1120000E+03   1.0000000E+03   5.9385103E-04   6.6036235E-04
   1.5580693E+03   1.0600000E+03   9.3800000E+02   0.0000000E+00   0.0000000E+00
   1.5580769E+03   1.0560000E+03   9.5500000E+02   0.0000000E+00   0.0000000E+00
   1.5580844E+03   1.0890000E+03   9.6600000E+02   0.0000000E+00   0.0000000E+00
   1.5580919E+03   1.1000000E+03   9.9500000E+02   0.0000000E+00   0.0000000E+00
   1.5580994E+03   1.1230000E+03   1.0000000E+03   0.0000000E+00   0.0000000E+00
   1.5581070E+03   1.1020000E+03   9.8100000E+02   0.0000000E+00   0.0000000E+00
   1.5581145E+03   1.1110000E+03   1.0090000E+03   0.0000000E+00   0.0000000E+00
   1.5581220E+03   1.0870000E+03   9.8300000E+02   1.0234403E-03   1.1317189E-03
   1.5581296E+03   1.0900000E+03   9.7200000E+02   0.0000000E+00   0.0000000E+00
   1.5581371E+03   1.0300000E+03   9.2100000E+02   9.2237015E-04   1.0315323E-03
   1.5581446E+03   1.1240000E+03   1.0270000E+03   0.0000000E+00   0.0000000E+00
   1.5581521E+03   1.0770000E+03   9.7300000E+02   0.0000000E+00   0.0000000E+00
   1.5581597E+03   1.1060000E+03   1.0120000E+03   0.0000000E+00   0.0000000E+00
   1.5581672E+03   1.0390000E+03   9.2300000E+02   0.0000000E+00   0.0000000E+00
   1.5581747E+03   1.0730000E+03   9.6000000E+02   1.9270176E-04   2.1538437E-04
   1.5581823E+03   1.0110000E+03   9.1700000E+02   0.0000000E+00   0.0000000E+00
   1.5581898E+03   1.0540000E+03   9.4400000E+02   8.0006166E-04   8.9328918E-04
   1.5581973E+03   1.1270000E+03   1.0160000E+03   1.0195653E-04   1.1309548E-04
   1.5582048E+03   1.0480000E+03   9.3100000E+02   0.0000000E+00   0.0000000E+00
   1.5582124E+03   1.0490000E+03   9.3300000E+02   0.0000000E+00   0.0000000E+00
   1.5582199E+03   1.0200000E+03   9.2400000E+02   0.0000000E+00   0.0000000E+00
   1.5582274E+03   1.0340000E+03   9.2900000E+02   0.0000000E+00   0.0000000E+00
   1.5582350E+03   1.0520000E+03   9.4800000E+02   0.0000000E+00   0.0000000E+00
   1.5582425E+03   1.0370000E+03   9.3200000E+02   0.0000000E+00   0.0000000E+00
   1.5582500E+03   1.0550000E+03   9.4200000E+02   0.0000000E+00   0.0000000E+00
   1.5582575E+03   1.0210000E+03   9.2800000E+02   0.0000000E+00   0.0000000E+00
   1.5582651E+03   9.9000000E+02   8.9600000E+02   8.4136991E-04   9.2963862E-04
   1.5582726E+03   1.0580000E+03   9.5600000E+02   0.0000000E+00   0.0000000E+00
   1.5582801E+03   9.8400000E+02   8.8100000E+02   3.2371404E-04   3.6156029E-04
   1.5582876E+03   1.0360000E+03   9.3000000E+02   0.0000000E+00   0.0000000E+00
   1.5582952E+03   1.0110000E+03   9.2500000E+02   9.2963948E-04   1.0160708E-03
   1.5583027E+03   1.0390000E+03   9.4600000E+02   4.7801656E-04   5.2500973E-04
   1.5583102E+03   9.9400000E+02   9.0600000E+02   9.3511030E-04   1.0259378E-03
   1.5583178E+03   1.0570000E+03   9.4400000E+02   6.7048190E-04   7.5074085E-04
   1.5583253E+03   1.0160000E+03   9.0600000E+02   0.0000000E+00   0.0000000E+00
   1.5583328E+03   9.7900000E+02   8.9300000E+02   0.0000000E+00   0.0000000E+00
   1.5583403E+03   1.0390000E+03   9.4200000E+02   0.0000000E+00   0.0000000E+00
   1.5583479E+03   1.0670000E+03   9.5900000E+02   0.0000000E+00   0.0000000E+00
   1.5583554E+03   9.3600000E+02   8.6000000E+02   0.0000000E+00   0.0000000E+00
   1.5583629E+03   1.0240000E+03   9.2200000E+02   0.0000000E+00   0.0000000E+00
   1.5583705E+03   9.8300000E+02   8.9500000E+02   0.0000000E+00   0.0000000E+00
   1.5583780E+03   1.0030000E+03   9.1800000E+02   0.0000000E+00   0.0000000E+00
   1.5583855E+03   1.0000000E+03   8.9100000E+02   0.0000000E+00   0.0000000E+00
   1.5583930E+03   1.0280000E+03   9.1700000E+02   0.0000000E+00   0.0000000E+00
   1.5584006E+03   1.0440000E+03   9.4800000E+02   9.0259277E-04   9.9399457E-04
   1.5584081E+03   1.0390000E+03   9.2500000E+02   0.0000000E+00   0.0000000E+00
   1.5584156E+03   9.6400000E+02   8.6900000E+02   0.0000000E+00   0.0000000E+00
   1.5584232E+03   9.9000000E+02   8.8900000E+02   0.0000000E+00   0.0000000E+00
   1.5584307E+03   9.2300000E+02   8.3700000E+02   0.0000000E+00   0.0000000E+00
   1.5584382E+03   9.9600000E+02   9.1100000E+02   0.0000000E+00   0.0000000E+00
   1.5584457E+03   9.6700000E+02   8.6700000E+02   8.9777812E-04   1.0013281E-03
   1.5584533E+03   9.8600000E+02   8.7100000E+02   0.0000000E+00   0.0000000E+00
   1.5584608E+03   9.7000000E+02   8.6500000E+02   3.7938587E-05   0.0000000E+00
   1.5584683E+03   9.9000000E+02   8.8000000E+02   4.9164054E-04   5.5309561E-04
   1.5584759E+03   9.2400000E+02   8.2600000E+02   6.8909922E-04   7.7085675E-04
   1.5584834E+03   9.4900000E+02   8.5300000E+02   0.0000000E+00   0.0000000E+00
   1.5584909E+03   9.8300000E+02   8.6400000E+02   0.0000000E+00   0.0000000E+00
   1.5584984E+03   9.1400000E+02   8.2700000E+02   0.0000000E+00   0.0000000E+00
   1.5585060E+03   9.3100000E+02   8.2500000E+02   0.0000000E+00   0.0000000E+00
   1.5585135E+03   9.9600000E+02   8.9000000E+02   0.0000000E+00   0.0000000E+00
   1.5585210E+03   9.5400000E+02   8.7200000E+02   0.0000000E+00   0.0000000E+00
   1.5585286E+03   9.1800000E+02   8.2100000E+02   0.0000000E+00   0.0000000E+00
   1.5585361E+03   9.5900000E+02   8.6300000E+02   0.0000000E+00   0.0000000E+00
   1.5585436E+03   9.3100000E+02   8.4500000E+02   0.0000000E+00   0.0000000E+00
   1.5585511E+03   8.9800000E+02   8.1600000E+02   0.0000000E+00   0.0000000E+00
   1.5585587E+03   9.5500000E+02   8.5400000E+02   0.0000000E+00   0.0000000E+00
   1.5585662E+03   9.8400000E+02   8.8300000E+02   0.0000000E+00   0.0000000E+00
   1.5585737E+03   9.0900000E+02   8.2300000E+02   0.0000000E+00   0.0000000E+00
   1.5585813E+03   9.2300000E+02   8.1600000E+02   0.0000000E+00   0.0000000E+00
   1.5585888E+03   8.9500000E+02   7.9900000E+02   0.0000000E+00   0.0000000E+00
   1.5585963E+03   9.0200000E+02   8.0400000E+02   0.0000000E+00   0.0000000E+00
   1.5586038E+03   9.2800000E+02   8.2500000E+02   3.7076883E-04   4.1705875E-04
   1.5586114E+03   8.8900000E+02   7.9600000E+02   0.0000000E+00   0.0000000E+00
   1.5586189E+03   9.1000000E+02   8.2800000E+02   0.0000000E+00   0.0000000E+00
   1.5586264E+03   9.0300000E+02   8.2400000E+02   0.0000000E+00   0.0000000E+00
   1.5586340E+03   9.1600000E+02   8.2800000E+02   0.0000000E+00   0.0000000E+00
   1.5586415E+03   8.6400000E+02   7.7200000E+02   0.0000000E+00   0.0000000E+00
   1.5586490E+03   8.5800000E+02   7.5600000E+02   0.0000000E+00   0.0000000E+00
   1.5586565E+03   9.5300000E+02   8.5400000E+02   0.0000000E+00   0.0000000E+00
   1.5586641E+03   8.7700000E+02   7.8300000E+02   0.0000000E+00   0.0000000E+00
   1.5586716E+03   9.5400000E+02   8.7100000E+02   0.0000000E+00   0.0000000E+00
   1.5586791E+03   8.7300000E+02   7.7400000E+02   1.0934989E-03   1.2333650E-03
   1.5586867E+03   8.4500000E+02   7.6600000E+02   0.0000000E+00   0.0000000E+00
   1.5586942E+03   8.4800000E+02   7.4800000E+02   1.1101765E-03   1.2585958E-03
   1.5587017E+03   9.1600000E+02   8.2100000E+02   0.0000000E+00   0.0000000E+00
   1.5587092E+03   8.8900000E+02   8.0300000E+02   0.0000000E+00   0.0000000E+00
   1.5587168E+03   8.6700000E+02   7.8200000E+02   1.1188210E-04   0.0000000E+00
   1.5587243E+03   8.9000000E+02   7.9900000E+02   0.0000000E+00   0.0000000E+00
   1.5587318E+03   8.2800000E+02   7.3500000E+02   0.0000000E+00   0.0000000E+00
   1.5587393E+03   9.2700000E+02   8.3200000E+02   0.0000000E+00   0.0000000E+00
   1.5587469E+03   8.7900000E+02   7.8500000E+02   0.0000000E+00   0.0000000E+00
   1.5587544E+03   8.6400000E+02   7.8000000E+02   5.9366663E-04   6.5759996E-04
   1.5587619E+03   8.8400000E+02   7.9100000E+02   0.0000000E+00   0.0000000E+00
   1.5587695E+03   8.1000000E+02   7.2700000E+02   0.0000000E+00   0.0000000E+00
   1.5587770E+03   8.1400000E+02   7.3600000E+02   8.7931206E-05   9.7250003E-05
   1.5587845E+03   8.6600000E+02   7.7900000E+02   1.0606406E-03   1.1790946E-03
   1.5587920E+03   8.5000000E+02   7.6800000E+02   0.0000000E+00   0.0000000E+00
   1.5587996E+03   8.3500000E+02   7.6000000E+02   0.0000000E+00   0.0000000E+00
   1.5588071E+03   8.4900000E+02   7.6700000E+02   0.0000000E+00   0.0000000E+00
   1.5588146E+03   8.7100000E+02   7.7400000E+02   0.0000000E+00   0.0000000E+00
   1.5588222E+03   8.4800000E+02   7.6600000E+02   0.0000000E+00   0.0000000E+00
   1.5588297E+03   8.6700000E+02   7.9000000E+02   0.0000000E+00   0.0000000E+00
   1.5588372E+03   8.6000000E+02   7.7200000E+02   0.0000000E+00   0.0000000E+00
   1.5588447E+03   8.2000000E+02   7.4300000E+02   0.0000000E+00   0.0000000E+00
   1.5588523E+03   8.2300000E+02   7.3900000E+02   0.0000000E+00   0.0000000E+00
   1.5588598E+03   8.3300000E+02   7.5000000E+02   0.0000000E+00   0.0000000E+00
   1.5588673E+03   8.2600000E+02   7.4500000E+02   0.0000000E+00   0.0000000E+00
   1.5588749E+03   8.3200000E+02   7.5600000E+02   7.8206101E-05   8.6068090E-05
   1.5588824E+03   8.0500000E+02   7.2600000E+02   4.7960225E-04   5.3179037E-04
   1.5588899E+03   7.8400000E+02   7.0200000E+02   0.0000000E+00   0.0000000E+00
   1.5588974E+03   8.1700000E+02   7.3000000E+02   0.0000000E+00   0.0000000E+00
   1.5589050E+03   8.3100000E+02   7.5900000E+02   1.0055508E-03   1.1009391E-03
   1.5589125E+03   8.2400000E+02   7.4300000E+02   0.0000000E+00   0.0000000E+00
   1.5589200E+03   7.9300000E+02   7.2100000E+02   0.0000000E+00   0.0000000E+00
   1.5589276E+03   7.6400000E+02   6.8600000E+02   0.0000000E+00   0.0000000E+00
   1.5589351E+03   8.0600000E+02   7.3200000E+02   5.7604659E-05   0.0000000E+00
   1.5589426E+03   8.1400000E+02   7.5000000E+02   0.0000000E+00   0.0000000E+00
   1.5589501E+03   7.6900000E+02   6.9400000E+02   0.0000000E+00   0.0000000E+00
   1.5589577E+03   8.3400000E+02   7.5500000E+02   0.0000000E+00   0.0000000E+00
   1.5589652E+03   7.4500000E+02   6.7300000E+02   0.0000000E+00   0.0000000E+00
   1.5589727E+03   7.8200000E+02   7.2400000E+02   0.0000000E+00   0.0000000E+00
   1.5589803E+03   7.8600000E+02   7.1000000E+02   0.0000000E+00   0.0000000E+00
   1.5589878E+03   7.7800000E+02   6.9000000E+02   0.0000000E+00   0.0000000E+00
   1.5589953E+03   7.8600000E+02   7.1000000E+02   0.0000000E+00   0.0000000E+00
   1.5590028E+03   8.4100000E+02   7.7100000E+02   0.0000000E+00   0.0000000E+00
   1.5590104E+03   8.0700000E+02   7.2900000E+02   0.0000000E+00   0.0000000E+00
   1.5590179E+03   7.7000000E+02   6.9400000E+02   0.0000000E+00   0.0000000E+00
   1.5590254E+03   7.5800000E+02   6.8600000E+02   7.3341685E-04   8.1039355E-04
   1.5590330E+03   7.9800000E+02   7.1000000E+02   1.1820339E-03   1.3285395E-03
   1.5590405E+03   8.1300000E+02   7.3400000E+02   0.0000000E+00   0.0000000E+00
   1.5590480E+03   7.5400000E+02   6.7600000E+02   0.0000000E+00   0.0000000E+00
   1.5590555E+03   7.2900000E+02   6.5700000E+02   0.0000000E+00   0.0000000E+00
   1.5590631E+03   7.5700000E+02   6.7200000E+02   1.1000265E-03   1.2391668E-03
   1.5590706E+03   7.4800000E+02   6.6200000E+02   2.1658759E-04   2.4472435E-04
   1.5590781E+03   7.2600000E+02   6.4200000E+02   0.0000000E+00   0.0000000E+00
   1.5590857E+03   7.3800000E+02   6.7300000E+02   0.0000000E+00   0.0000000E+00
   1.5590932E+03   7.6300000E+02   6.8100000E+02   0.0000000E+00   0.0000000E+00
   1.5591007E+03   7.7300000E+02   6.7800000E+02   0.0000000E+00   0.0000000E+00
   1.5591082E+03   7.4200000E+02   6.7500000E+02   0.0000000E+00   0.0000000E+00
   1.5591158E+03   7.7200000E+02   6.9700000E+02   0.0000000E+00   0.0000000E+00
   1.5591233E+03   7.1700000E+02   6.5900000E+02   0.0000000E+00   0.0000000E+00
   1.5591308E+03   7.9200000E+02   7.0900000E+02   0.0000000E+00   0.0000000E+00
   1.5591384E+03   7.5000000E+02   6.6300000E+02   0.0000000E+00   0.0000000E+00
   1.5591459E+03   7.4100000E+02   6.6200000E+02   0.0000000E+00   0.0000000E+00
   1.5591534E+03   7.4200000E+02   6.7300000E+02   0.0000000E+00   0.0000000E+00
   1.5591609E+03   7.6000000E+02   6.9100000E+02   0.0000000E+00   0.0000000E+00
   1.5591685E+03   7.2000000E+02   6.5300000E+02   0.0000000E+00   0.0000000E+00
   1.5591760E+03   7.5100000E+02   6.7800000E+02   0.0000000E+00   0.0000000E+00
   1.5591835E+03   6.9500000E+02   6.1400000E+02   0.0000000E+00   0.0000000E+00
   1.5591910E+03   7.2600000E+02   6.4800000E+02   7.1088486E-04   7.9645434E-04
   1.5591986E+03   6.9500000E+02   6.3900000E+02   0.0000000E+00   0.0000000E+00
   1.5592061E+03   6.8900000E+02   6.2100000E+02   0.0000000E+00   0.0000000E+00
   1.5592136E+03   7.1800000E+02   6.4600000E+02   0.0000000E+00   0.0000000E+00
   1.5592212E+03   7.0500000E+02   6.3400000E+02   1.2012461E-03   1.3357705E-03
   1.5592287E+03   7.0900000E+02   6.3000000E+02   0.0000000E+00   0.0000000E+00
   1.5592362E+03   6.3200000E+02   5.6900000E+02   0.0000000E+00   0.0000000E+00
   1.5592437E+03   7.1000000E+02   6.3800000E+02   0.0000000E+00   0.0000000E+00
   1.5592513E+03   6.8700000E+02   5.9900000E+02   0.0000000E+00   0.0000000E+00
   1.5592588E+03   7.3000000E+02   6.5800000E+02   0.0000000E+00   0.0000000E+00
   1.5592663E+03   7.3800000E+02   6.6700000E+02   0.0000000E+00   0.0000000E+00
   1.5592739E+03   7.2000000E+02   6.4600000E+02   0.0000000E+00   0.0000000E+00
   1.5592814E+03   7.4800000E+02   6.6600000E+02   0.0000000E+00   0.0000000E+00
   1.5592889E+03   7.3300000E+02   6.6600000E+02   6.1958664E-04   6.8191743E-04
   1.5592964E+03   6.6400000E+02   5.9800000E+02   0.0000000E+00   0.0000000E+00
   1.5593040E+03   6.7500000E+02   6.0400000E+02   0.0000000E+00   0.0000000E+00
   1.5593115E+03   6.4100000E+02   5.8700000E+02   0.0000000E+00   0.0000000E+00
   1.5593190E+03   6.8100000E+02   6.1200000E+02   0.0000000E+00   0.0000000E+00
   1.5593266E+03   6.8900000E+02   6.2000000E+02   7.5484035E-04   8.3884678E-04
   1.5593341E+03   6.6800000E+02   5.9300000E+02   0.0000000E+00   0.0000000E+00
   1.5593416E+03   6.8200000E+02   6.1500000E+02   9.6745545E-04   1.0728530E-03
   1.5593491E+03   6.9100000E+02   6.1300000E+02   0.0000000E+00   0.0000000E+00
   1.5593567E+03   6.2500000E+02   5.5900000E+02   0.0000000E+00   0.0000000E+00
   1.5593642E+03   6.8400000E+02   6.1300000E+02   0.0000000E+00   0.0000000E+00
   1.5593717E+03   6.7300000E+02   5.9900000E+02   0.0000000E+00   0.0000000E+00
   1.5593793E+03   6.7500000E+02   6.1300000E+02   0.0000000E+00   0.0000000E+00
   1.5593868E+03   7.1100000E+02   6.4100000E+02   0.0000000E+00   0.0000000E+00
   1.5593943E+03   6.7200000E+02   5.9700000E+02   0.0000000E+00   0.0000000E+00
   1.5594018E+03   5.9400000E+02   5.4100000E+02   0.0000000E+00   0.0000000E+00
   1.5594094E+03   6.3500000E+02   5.6900000E+02   0.0000000E+00   0.0000000E+00
   1.5594169E+03   6.8400000E+02   6.1000000E+02   1.3867215E-03   1.5549467E-03
   1.5594244E+03   6.1100000E+02   5.4700000E+02   0.0000000E+00   0.0000000E+00
   1.5594320E+03   6.6300000E+02   5.9900000E+02   0.0000000E+00   0.0000000E+00
   1.5594395E+03   6.7400000E+02   6.0600000E+02   0.0000000E+00   0.0000000E+00
   1.5594470E+03   6.4500000E+02   5.7700000E+02   0.0000000E+00   0.0000000E+00
   1.5594545E+03   6.2700000E+02   5.7000000E+02   0.0000000E+00   0.0000000E+00
   1.5594621E+03   6.4800000E+02   5.8800000E+02   0.0000000E+00   0.0000000E+00
   1.5594696E+03   6.2900000E+02   5.5900000E+02   0.0000000E+00   0.0000000E+00
   1.5594771E+03   6.6100000E+02   5.9800000E+02   9.6583840E-04   1.0675906E-03
   1.5594847E+03   6.7100000E+02   5.9300000E+02   0.0000000E+00   0.0000000E+00
   1.5594922E+03   6.5600000E+02   5.9300000E+02   0.0000000E+00   0.0000000E+00
   1.5594997E+03   6.1700000E+02   5.4700000E+02   0.0000000E+00   0.0000000E+00
   1.5595072E+03   6.3600000E+02   5.7000000E+02   0.0000000E+00   0.0000000E+00
   1.5595148E+03   6.2700000E+02   5.5300000E+02   0.0000000E+00   0.0000000E+00
   1.5595223E+03   6.2000000E+02   5.6200000E+02   0.0000000E+00   0.0000000E+00
   1.5595298E+03   5.8800000E+02   5.2000000E+02   8.3509348E-04   9.4429801E-04
   1.5595374E+03   6.2100000E+02   5.5300000E+02   4.6361391E-04   5.2062250E-04
   1.5595449E+03   6.0600000E+02   5.5000000E+02   0.0000000E+00   0.0000000E+00
   1.5595524E+03   6.3400000E+02   5.6700000E+02   0.0000000E+00   0.0000000E+00
   1.5595599E+03   6.2100000E+02   5.5900000E+02   0.0000000E+00   0.0000000E+00
   1.5595675E+03   5.8200000E+02   5.3200000E+02   0.0000000E+00   0.0000000E+00
   1.5595750E+03   6.1100000E+02   5.2500000E+02   0.0000000E+00   0.0000000E+00
   1.5595825E+03   5.9400000E+02   5.4100000E+02   0.0000000E+00   0.0000000E+00
   1.5595901E+03   5.7500000E+02   5.1900000E+02   0.0000000E+00   0.0000000E+00
   1.5595976E+03   6.0700000E+02   5.4600000E+02   0.0000000E+00   0.0000000E+00
   1.5596051E+03   6.6300000E+02   5.9900000E+02   0.0000000E+00   0.0000000E+00
   1.5596126E+03   6.4700000E+02   5.7400000E+02   3.1462633E-04   0.0000000E+00
   1.5596202E+03   5.9200000E+02   5.4300000E+02   0.0000000E+00   0.0000000E+00
   1.5596277E+03   5.7800000E+02   5.2600000E+02   0.0000000E+00   0.0000000E+00
   1.5596352E+03   5.8500000E+02   5.2000000E+02   0.0000000E+00   0.0000000E+00
   1.5596427E+03   5.8700000E+02   5.3400000E+02   0.0000000E+00   0.0000000E+00
   1.5596503E+03   5.6600000E+02   5.0900000E+02   0.0000000E+00   0.0000000E+00
   1.5596578E+03   5.4500000E+02   4.9200000E+02   5.7338093E-04   6.3514758E-04
   1.5596653E+03   6.1000000E+02   5.4900000E+02   0.0000000E+00   0.0000000E+00
   1.5596729E+03   5.6900000E+02   5.1100000E+02   0.0000000E+00   0.0000000E+00
   1.5596804E+03   5.9100000E+02   5.4000000E+02   1.7735288E-03   1.9410287E-03
   1.5596879E+03   6.5500000E+02   5.8600000E+02   0.0000000E+00   0.0000000E+00
   1.5596954E+03   5.7200000E+02   5.2100000E+02   0.0000000E+00   0.0000000E+00
   1.5597030E+03   5.3400000E+02   4.8600000E+02   0.0000000E+00   0.0000000E+00
   1.5597105E+03   6.0100000E+02   5.2700000E+02   1.5368000E-03   1.7525935E-03
   1.5597180E+03   5.8200000E+02   5.2900000E+02   0.0000000E+00   0.0000000E+00
   1.5597256E+03   5.6800000E+02   5.2100000E+02   0.0000000E+00   0.0000000E+00
   1.5597331E+03   6.0700000E+02   5.4800000E+02   0.0000000E+00   0.0000000E+00
   1.5597406E+03   5.2200000E+02   4.6800000E+02   0.0000000E+00   0.0000000E+00
   1.5597481E+03   5.9100000E+02   5.2800000E+02   0.0000000E+00   0.0000000E+00
   1.5597557E+03   5.6700000E+02   5.2200000E+02   0.0000000E+00   0.0000000E+00
   1.5597632E+03   5.7300000E+02   5.0700000E+02   3.7977179E-05   4.2920953E-05
   1.5597707E+03   5.5300000E+02   4.9700000E+02   0.0000000E+00   0.0000000E+00
   1.5597783E+03   5.6700000E+02   5.1200000E+02   0.0000000E+00   0.0000000E+00
   1.5597858E+03   5.6000000E+02   5.0000000E+02   0.0000000E+00   0.0000000E+00
   1.5597933E+03   5.7000000E+02   5.1400000E+02   0.0000000E+00   0.0000000E+00
   1.5598008E+03   5.7700000E+02   5.2000000E+02   0.0000000E+00   0.0000000E+00
   1.5598084E+03   5.2200000E+02   4.7400000E+02   0.0000000E+00   0.0000000E+00
   1.5598159E+03   5.4100000E+02   4.8700000E+02   0.0000000E+00   0.0000000E+00
   1.5598234E+03   4.7800000E+02   4.4000000E+02   0.0000000E+00   0.0000000E+00
   1.5598310E+03   5.8300000E+02   5.2100000E+02   0.0000000E+00   0.0000000E+00
   1.5598385E+03   5.2100000E+02   4.6400000E+02   0.0000000E+00   0.0000000E+00
   1.5598460E+03   5.2800000E+02   4.7400000E+02   0.0000000E+00   0.0000000E+00
   1.5598535E+03   5.2700000E+02   4.6300000E+02   0.0000000E+00   0.0000000E+00
   1.5598611E+03   5.3000000E+02   4.7500000E+02   0.0000000E+00   0.0000000E+00
   1.5598686E+03   5.3200000E+02   4.7600000E+02   0.0000000E+00   0.0000000E+00
   1.5598761E+03   5.1100000E+02   4.5700000E+02   0.0000000E+00   0.0000000E+00
   1.5598837E+03   4.7900000E+02   4.2700000E+02   0.0000000E+00   0.0000000E+00
   1.5598912E+03   5.1900000E+02   4.7600000E+02   0.0000000E+00   0.0000000E+00
   1.5598987E+03   5.0600000E+02   4.4500000E+02   0.0000000E+00   0.0000000E+00
   1.5599062E+03   5.5300000E+02   5.0100000E+02   8.5394536E-04   9.4257841E-04
   1.5599138E+03   5.5300000E+02   5.0400000E+02   0.0000000E+00   0.0000000E+00
   1.5599213E+03   5.1300000E+02   4.6800000E+02   0.0000000E+00   0.0000000E+00
   1.5599288E+03   4.9800000E+02   4.4400000E+02   4.5481493E-04   0.0000000E+00
   1.5599364E+03   5.3900000E+02   4.9200000E+02   0.0000000E+00   0.0000000E+00
   1.5599439E+03   5.1500000E+02   4.5500000E+02   0.0000000E+00   0.0000000E+00
   1.5599514E+03   5.3900000E+02   4.8500000E+02   0.0000000E+00   0.0000000E+00
   1.5599589E+03   4.9400000E+02   4.3900000E+02   0.0000000E+00   0.0000000E+00
   1.5599665E+03   5.4400000E+02   4.8000000E+02   0.0000000E+00   0.0000000E+00
   1.5599740E+03   5.0800000E+02   4.6400000E+02   0.0000000E+00   0.0000000E+00
   1.5599815E+03   5.2000000E+02   4.7100000E+02   0.0000000E+00   0.0000000E+00
   1.5599891E+03   5.1700000E+02   4.5800000E+02   0.0000000E+00   0.0000000E+00
   1.5599966E+03   5.2900000E+02   4.7700000E+02   7.4169374E-04   0.0000000E+00
   1.5600041E+03   5.1300000E+02   4.6100000E+02   0.0000000E+00   0.0000000E+00
   1.5600116E+03   4.9300000E+02   4.5400000E+02   0.0000000E+00   0.0000000E+00
   1.5600192E+03   5.1000000E+02   4.6800000E+02   9.5077537E-05   1.0361014E-04
   1.5600267E+03   5.0100000E+02   4.5700000E+02   1.4463370E-03   1.5855905E-03
   1.5600342E+03   5.1900000E+02   4.6200000E+02   0.0000000E+00   0.0000000E+00
   1.5600418E+03   5.0300000E+02   4.5500000E+02   0.0000000E+00   0.0000000E+00
   1.5600493E+03   4.7500000E+02   4.3700000E+02   0.0000000E+00   0.0000000E+00
   1.5600568E+03   4.6500000E+02   4.1300000E+02   0.0000000E+00   0.0000000E+00
   1.5600643E+03   5.0900000E+02   4.5300000E+02   0.0000000E+00   0.0000000E+00
   1.5600719E+03   5.1000000E+02   4.5700000E+02   0.0000000E+00   0.0000000E+00
   1.5600794E+03   4.7600000E+02   4.2300000E+02   0.0000000E+00   0.0000000E+00
   1.5600869E+03   4.9100000E+02   4.3900000E+02   0.0000000E+00   0.0000000E+00
   1.5600944E+03   5.1100000E+02   4.4900000E+02   0.0000000E+00   0.0000000E+00
   1.5601020E+03   4.8200000E+02   4.2700000E+02   0.0000000E+00   0.0000000E+00
   1.5601095E+03   4.7800000E+02   4.1700000E+02   0.0000000E+00   0.0000000E+00
   1.5601170E+03   4.8700000E+02   4.3900000E+02   9.7186684E-04   1.0781302E-03
   1.5601246E+03   4.8700000E+02   4.3800000E+02   0.0000000E+00   0.0000000E+00
   1.5601321E+03   4.6400000E+02   4.2500000E+02   0.0000000E+00   0.0000000E+00
   1.5601396E+03   4.5100000E+02   4.1500000E+02   0.0000000E+00   0.0000000E+00
   1.5601471E+03   4.4700000E+02   3.8800000E+02   0.0000000E+00   0.0000000E+00
   1.5601547E+03   4.6000000E+02   4.0700000E+02   0.0000000E+00   0.0000000E+00
   1.5601622E+03   4.6900000E+02   4.0400000E+02   0.0000000E+00   0.0000000E+00
   1.5601697E+03   4.7600000E+02   4.1200000E+02   1.7301436E-03   1.9989038E-03
   1.5601773E+03   4.4900000E+02   3.9800000E+02   0.0000000E+00   0.0000000E+00
   1.5601848E+03   4.6500000E+02   4.1500000E+02   0.0000000E+00   0.0000000E+00
   1.5601923E+03   4.8600000E+02   4.2600000E+02   0.0000000E+00   0.0000000E+00
   1.5601998E+03   4.7300000E+02   4.1500000E+02   5.5324379E-05   6.3056461E-05
   1.5602074E+03   4.2900000E+02   3.8100000E+02   5.5687057E-04   6.2702749E-04
   1.5602149E+03   4.7800000E+02   4.2600000E+02   0.0000000E+00   0.0000000E+00
   1.5602224E+03   4.2800000E+02   3.9400000E+02   0.0000000E+00   0.0000000E+00
   1.5602300E+03   4.4400000E+02   3.9400000E+02   2.1769612E-03   2.4532253E-03
   1.5602375E+03   4.3800000E+02   3.9100000E+02   0.0000000E+00   0.0000000E+00
   1.5602450E+03   4.3200000E+02   3.8900000E+02   0.0000000E+00   0.0000000E+00
   1.5602525E+03   4.6400000E+02   4.3100000E+02   2.0310131E-03   2.1865199E-03
   1.5602601E+03   4.3200000E+02   3.8500000E+02   0.0000000E+00   0.0000000E+00
   1.5602676E+03   4.7300000E+02   4.2700000E+02   0.0000000E+00   0.0000000E+00
   1.5602751E+03   4.0700000E+02   3.6700000E+02   0.0000000E+00   0.0000000E+00
   1.5602827E+03   4.4200000E+02   3.9900000E+02   0.0000000E+00   0.0000000E+00
   1.5602902E+03   4.4000000E+02   3.8800000E+02   0.0000000E+00   0.0000000E+00
   1.5602977E+03   4.5800000E+02   4.1500000E+02   0.0000000E+00   0.0000000E+00
   1.5603052E+03   4.4500000E+02   4.0500000E+02   0.0000000E+00   0.0000000E+00
   1.5603128E+03   4.2400000E+02   3.8000000E+02   0.0000000E+00   0.0000000E+00
   1.5603203E+03   4.3500000E+02   3.7900000E+02   0.0000000E+00   0.0000000E+00
   1.5603278E+03   4.0500000E+02   3.6200000E+02   0.0000000E+00   0.0000000E+00
   1.5603354E+03   4.3700000E+02   3.9700000E+02   0.0000000E+00   0.0000000E+00
   1.5603429E+03   4.1200000E+02   3.8800000E+02   0.0000000E+00   0.0000000E+00
   1.5603504E+03   4.2200000E+02   3.8700000E+02   0.0000000E+00   0.0000000E+00
   1.5603579E+03   4.1700000E+02   3.6700000E+02   0.0000000E+00   0.0000000E+00
   1.5603655E+03   4.2800000E+02   3.8100000E+02   0.0000000E+00   0.0000000E+00
   1.5603730E+03   4.5400000E+02   4.1000000E+02   0.0000000E+00   0.0000000E+00
   1.5603805E+03   4.5400000E+02   4.0900000E+02   0.0000000E+00   0.0000000E+00
   1.5603881E+03   4.1800000E+02   3.7000000E+02   0.0000000E+00   0.0000000E+00
   1.5603956E+03   4.1300000E+02   3.7600000E+02   0.0000000E+00   0.0000000E+00
   1.5604031E+03   4.3100000E+02   3.8200000E+02   0.0000000E+00   0.0000000E+00
   1.5604106E+03   3.7000000E+02   3.3200000E+02   0.0000000E+00   0.0000000E+00
   1.5604182E+03   4.1600000E+02   3.8100000E+02   0.0000000E+00   0.0000000E+00
   1.5604257E+03   4.2100000E+02   3.9500000E+02   0.0000000E+00   0.0000000E+00
   1.5604332E+03   3.9500000E+02   3.6400000E+02   0.0000000E+00   0.0000000E+00
   1.5604408E+03   4.0100000E+02   3.5600000E+02   0.0000000E+00   0.0000000E+00
   1.5604483E+03   4.2400000E+02   3.8200000E+02   0.0000000E+00   0.0000000E+00
   1.5604558E+03   3.9600000E+02   3.3900000E+02   0.0000000E+00   0.0000000E+00
   1.5604633E+03   4.1000000E+02   3.7400000E+02   0.0000000E+00   0.0000000E+00
   1.5604709E+03   4.4400000E+02   3.9400000E+02   0.0000000E+00   0.0000000E+00
   1.5604784E+03   3.8800000E+02   3.3700000E+02   0.0000000E+00   0.0000000E+00
   1.5604859E+03   3.9200000E+02   3.5100000E+02   1.7823180E-03   1.9905089E-03
   1.5604935E+03   4.2700000E+02   3.8500000E+02   0.0000000E+00   0.0000000E+00
   1.5605010E+03   4.2100000E+02   3.7500000E+02   0.0000000E+00   0.0000000E+00
   1.5605085E+03   4.1000000E+02   3.6200000E+02   0.0000000E+00   0.0000000E+00
   1.5605160E+03   3.8000000E+02   3.3500000E+02   0.0000000E+00   0.0000000E+00
   1.5605236E+03   4.2900000E+02   3.8400000E+02   0.0000000E+00   0.0000000E+00
   1.5605311E+03   3.8800000E+02   3.3500000E+02   0.0000000E+00   0.0000000E+00
   1.5605386E+03   4.0800000E+02   3.5900000E+02   0.0000000E+00   0.0000000E+00
   1.5605461E+03   4.1700000E+02   3.7700000E+02   0.0000000E+00   0.0000000E+00
   1.5605537E+03   3.9500000E+02   3.4400000E+02   0.0000000E+00   0.0000000E+00
   1.5605612E+03   3.7300000E+02   3.4100000E+02   0.0000000E+00   0.0000000E+00
   1.5605687E+03   3.9100000E+02   3.5400000E+02   0.0000000E+00   0.0000000E+00
   1.5605763E+03   4.1900000E+02   3.7500000E+02   0.0000000E+00   0.0000000E+00
   1.5605838E+03   3.9600000E+02   3.6500000E+02   0.0000000E+00   0.0000000E+00
   1.5605913E+03   4.0700000E+02   3.7900000E+02   1.8837607E-03   2.0229304E-03
   1.5605988E+03   4.1400000E+02   3.6800000E+02   0.0000000E+00   0.0000000E+00
   1.5606064E+03   4.0600000E+02   3.6200000E+02   0.0000000E+00   0.0000000E+00
   1.5606139E+03   3.9100000E+02   3.5300000E+02   0.0000000E+00   0.0000000E+00
   1.5606214E+03   3.7400000E+02   3.4200000E+02   0.0000000E+00   0.0000000E+00
   1.5606290E+03   4.0300000E+02   3.4900000E+02   0.0000000E+00   0.0000000E+00
   1.5606365E+03   3.9300000E+02   3.5400000E+02   0.0000000E+00   0.0000000E+00
   1.5606440E+03   3.4300000E+02   3.1900000E+02   0.0000000E+00   0.0000000E+00
   1.5606515E+03   3.3800000E+02   3.0200000E+02   0.0000000E+00   0.0000000E+00
   1.5606591E+03   3.5800000E+02   3.2800000E+02   0.0000000E+00   0.0000000E+00
   1.5606666E+03   3.6500000E+02   3.2900000E+02   0.0000000E+00   0.0000000E+00
   1.5606741E+03   3.6000000E+02   3.2500000E+02   0.0000000E+00   0.0000000E+00
   1.5606817E+03   3.7000000E+02   3.3400000E+02   0.0000000E+00   0.0000000E+00
   1.5606892E+03   3.6900000E+02   3.3200000E+02   0.0000000E+00   0.0000000E+00
   1.5606967E+03   3.8100000E+02   3.5400000E+02   0.0000000E+00   0.0000000E+00
   1.5607042E+03   3.9600000E+02   3.6200000E+02   0.0000000E+00   0.0000000E+00
   1.5607118E+03   3.7100000E+02   3.3500000E+02   0.0000000E+00   0.0000000E+00
   1.5607193E+03   3.2400000E+02   2.8600000E+02   0.0000000E+00   0.0000000E+00
   1.5607268E+03   3.3500000E+02   3.0000000E+02   0.0000000E+00   0.0000000E+00
   1.5607344E+03   3.8000000E+02   3.4800000E+02   0.0000000E+00   0.0000000E+00
   1.5607419E+03   3.7700000E+02   3.4000000E+02   0.0000000E+00   0.0000000E+00
   1.5607494E+03   3.9700000E+02   3.5900000E+02   0.0000000E+00   0.0000000E+00
   1.5607569E+03   3.6200000E+02   3.1900000E+02   0.0000000E+00   0.0000000E+00
   1.5607645E+03   3.5300000E+02   3.2200000E+02   0.0000000E+00   0.0000000E+00
   1.5607720E+03   3.3900000E+02   3.0600000E+02   0.0000000E+00   0.0000000E+00
