   1.5381945E+03   1.6720000E+03   1.4580000E+03   4.8175986E-04   5.5247084E-04
   1.5382021E+03   1.7220000E+03   1.4920000E+03   0.0000000E+00   0.0000000E+00
   1.5382096E+03   1.7030000E+03   1.4730000E+03   0.0000000E+00   0.0000000E+00
   1.5382171E+03   1.6790000E+03   1.4850000E+03   0.0000000E+00   0.0000000E+00
   1.5382246E+03   1.6820000E+03   1.4600000E+03   0.0000000E+00   0.0000000E+00
   1.5382322E+03   1.6560000E+03   1.4530000E+03   0.0000000E+00   0.0000000E+00
   1.5382397E+03   1.6940000E+03   1.4760000E+03   0.0000000E+00   0.0000000E+00
   1.5382472E+03   1.7040000E+03   1.5010000E+03   0.0000000E+00   0.0000000E+00
   1.5382548E+03   1.7210000E+03   1.5010000E+03   0.0000000E+00   0.0000000E+00
   1.5382623E+03   1.6880000E+03   1.4650000E+03   0.0000000E+00   0.0000000E+00
   1.5382698E+03   1.7360000E+03   1.5100000E+03   0.0000000E+00   0.0000000E+00
   1.5382773E+03   1.6390000E+03   1.4030000E+03   1.0006525E-04   1.1689732E-04
   1.5382849E+03   1.6340000E+03   1.4020000E+03   0.0000000E+00   0.0000000E+00
   1.5382924E+03   1.7060000E+03   1.4680000E+03   0.0000000E+00   0.0000000E+00
   1.5382999E+03   1.6800000E+03   1.4860000E+03   6.7304363E-05   7.6091069E-05
   1.5383075E+03   1.7450000E+03   1.5270000E+03   0.0000000E+00   0.0000000E+00
   1.5383150E+03   1.7320000E+03   1.5090000E+03   0.0000000E+00   0.0000000E+00
   1.5383225E+03   1.7070000E+03   1.4820000E+03   0.0000000E+00   0.0000000E+00
   1.5383300E+03   1.7350000E+03   1.5070000E+03   0.0000000E+00   0.0000000E+00
   1.5383376E+03   1.6650000E+03   1.4210000E+03   0.0000000E+00   0.0000000E+00
   1.5383451E+03   1.7190000E+03   1.4910000E+03   0.0000000E+00   0.0000000E+00
   1.5383526E+03   1.6880000E+03   1.4610000E+03   0.0000000E+00   0.0000000E+00
   1.5383602E+03   1.7010000E+03   1.4920000E+03   0.0000000E+00   0.0000000E+00
   1.5383677E+03   1.6480000E+03   1.4450000E+03   0.0000000E+00   0.0000000E+00
   1.5383752E+03   1.7180000E+03   1.5160000E+03   0.0000000E+00   0.0000000E+00
   1.5383827E+03   1.6390000E+03   1.4340000E+03   0.0000000E+00   0.0000000E+00
   1.5383903E+03   1.7370000E+03   1.5260000E+03   0.0000000E+00   0.0000000E+00
   1.5383978E+03   1.6800000E+03   1.4500000E+03   1.9684917E-04   2.2807352E-04
   1.5384053E+03   1.7000000E+03   1.4760000E+03   5.1735759E-04   5.9587256E-04
   1.5384128E+03   1.6980000E+03   1.4620000E+03   0.0000000E+00   0.0000000E+00
   1.5384204E+03   1.7790000E+03   1.5550000E+03   0.0000000E+00   0.0000000E+00
   1.5384279E+03   1.7050000E+03   1.4660000E+03   0.0000000E+00   0.0000000E+00
   1.5384354E+03   1.6750000E+03   1.4660000E+03   0.0000000E+00   0.0000000E+00
   1.5384430E+03   1.6950000E+03   1.4590000E+03   4.1384391E-05   4.8078508E-05
   1.5384505E+03   1.7080000E+03   1.4760000E+03   0.0000000E+00   0.0000000E+00
   1.5384580E+03   1.6890000E+03   1.4580000E+03   0.0000000E+00   0.0000000E+00
   1.5384655E+03   1.6540000E+03   1.4160000E+03   0.0000000E+00   0.0000000E+00
   1.5384731E+03   1.7560000E+03   1.5170000E+03   0.0000000E+00   0.0000000E+00
   1.5384806E+03   1.7340000E+03   1.5320000E+03   0.0000000E+00   0.0000000E+00
   1.5384881E+03   1.7740000E+03   1.5380000E+03   0.0000000E+00   0.0000000E+00
   1.5384957E+03   1.7440000E+03   1.5390000E+03   0.0000000E+00   0.0000000E+00
   1.5385032E+03   1.7400000E+03   1.4960000E+03   4.8854260E-04   5.6822469E-04
   1.5385107E+03   1.7080000E+03   1.5020000E+03   0.0000000E+00   0.0000000E+00
   1.5385182E+03   1.6870000E+03   1.4700000E+03   0.0000000E+00   0.0000000E+00
   1.5385258E+03   1.6820000E+03   1.4710000E+03   4.0687387E-04   4.6523579E-04
   1.5385333E+03   1.7230000E+03   1.5090000E+03   3.2823897E-04   3.7478843E-04
   1.5385408E+03   1.7850000E+03   1.5310000E+03   0.0000000E+00   0.0000000E+00
   1.5385484E+03   1.8110000E+03   1.5610000E+03   5.3511044E-04   6.2081038E-04
   1.5385559E+03   1.7370000E+03   1.5120000E+03   0.0000000E+00   0.0000000E+00
   1.5385634E+03   1.7270000E+03   1.5030000E+03   0.0000000E+00   0.0000000E+00
   1.5385709E+03   1.7160000E+03   1.4690000E+03   5.2739716E-04   0.0000000E+00
   1.5385785E+03   1.7890000E+03   1.5230000E+03   0.0000000E+00   0.0000000E+00
   1.5385860E+03   1.6980000E+03   1.4780000E+03   0.0000000E+00   0.0000000E+00
   1.5385935E+03   1.7700000E+03   1.5680000E+03   0.0000000E+00   0.0000000E+00
   1.5386011E+03   1.7020000E+03   1.4960000E+03   0.0000000E+00   0.0000000E+00
   1.5386086E+03   1.7300000E+03   1.5090000E+03   1.4273601E-04   1.6364035E-04
   1.5386161E+03   1.7040000E+03   1.4790000E+03   2.2058475E-04   2.5414227E-04
   1.5386236E+03   1.7190000E+03   1.4980000E+03   0.0000000E+00   0.0000000E+00
   1.5386312E+03   1.7570000E+03   1.5110000E+03   0.0000000E+00   0.0000000E+00
   1.5386387E+03   1.8060000E+03   1.5760000E+03   0.0000000E+00   0.0000000E+00
   1.5386462E+03   1.7970000E+03   1.5510000E+03   5.4025803E-04   6.2594693E-04
   1.5386538E+03   1.6750000E+03   1.4720000E+03   0.0000000E+00   0.0000000E+00
   1.5386613E+03   1.7110000E+03   1.4980000E+03   1.4391668E-04   1.6438013E-04
   1.5386688E+03   1.7280000E+03   1.5300000E+03   0.0000000E+00   0.0000000E+00
   1.5386763E+03   1.6850000E+03   1.4740000E+03   3.9618608E-04   4.5289928E-04
   1.5386839E+03   1.7640000E+03   1.5610000E+03   0.0000000E+00   0.0000000E+00
   1.5386914E+03   1.7540000E+03   1.5150000E+03   0.0000000E+00   0.0000000E+00
   1.5386989E+03   1.7940000E+03   1.5560000E+03   0.0000000E+00   0.0000000E+00
   1.5387065E+03   1.7240000E+03   1.4990000E+03   0.0000000E+00   0.0000000E+00
   1.5387140E+03   1.7880000E+03   1.5540000E+03   0.0000000E+00   0.0000000E+00
   1.5387215E+03   1.7400000E+03   1.5090000E+03   0.0000000E+00   0.0000000E+00
   1.5387290E+03   1.7680000E+03   1.5390000E+03   0.0000000E+00   0.0000000E+00
   1.5387366E+03   1.7590000E+03   1.5180000E+03   4.1884590E-05   4.8534251E-05
   1.5387441E+03   1.7800000E+03   1.5370000E+03   0.0000000E+00   0.0000000E+00
   1.5387516E+03   1.7430000E+03   1.5190000E+03   4.5413510E-04   5.2110433E-04
   1.5387592E+03   1.7650000E+03   1.5380000E+03   1.2630542E-04   1.4494738E-04
   1.5387667E+03   1.7830000E+03   1.5510000E+03   0.0000000E+00   0.0000000E+00
   1.5387742E+03   1.7800000E+03   1.5380000E+03   4.1291214E-05   2.0533064E-05
   1.5387817E+03   1.6980000E+03   1.4760000E+03   1.4205788E-04   1.6342430E-04
   1.5387893E+03   1.7880000E+03   1.5630000E+03   0.0000000E+00   0.0000000E+00
   1.5387968E+03   1.8180000E+03   1.5650000E+03   0.0000000E+00   0.0000000E+00
   1.5388043E+03   1.7640000E+03   1.5390000E+03   1.9993861E-04   2.2916940E-04
   1.5388119E+03   1.8130000E+03   1.5720000E+03   0.0000000E+00   0.0000000E+00
   1.5388194E+03   1.8140000E+03   1.5870000E+03   2.1920373E-04   2.5055802E-04
   1.5388269E+03   1.7540000E+03   1.5380000E+03   0.0000000E+00   0.0000000E+00
   1.5388344E+03   1.8540000E+03   1.6040000E+03   0.0000000E+00   0.0000000E+00
   1.5388420E+03   1.8190000E+03   1.5890000E+03   0.0000000E+00   0.0000000E+00
   1.5388495E+03   1.7080000E+03   1.4880000E+03   0.0000000E+00   0.0000000E+00
   1.5388570E+03   1.7850000E+03   1.5680000E+03   0.0000000E+00   0.0000000E+00
   1.5388646E+03   1.7960000E+03   1.5530000E+03   0.0000000E+00   0.0000000E+00
   1.5388721E+03   1.8030000E+03   1.5730000E+03   5.5800779E-05   0.0000000E+00
   1.5388796E+03   1.8490000E+03   1.6140000E+03   0.0000000E+00   0.0000000E+00
   1.5388871E+03   1.8770000E+03   1.6380000E+03   0.0000000E+00   0.0000000E+00
   1.5388947E+03   1.8230000E+03   1.5930000E+03   3.5538997E-04   0.0000000E+00
   1.5389022E+03   1.7610000E+03   1.5330000E+03   0.0000000E+00   0.0000000E+00
   1.5389097E+03   1.8290000E+03   1.5940000E+03   0.0000000E+00   0.0000000E+00
   1.5389172E+03   1.9060000E+03   1.6570000E+03   0.0000000E+00   0.0000000E+00
   1.5389248E+03   1.8250000E+03   1.5840000E+03   0.0000000E+00   0.0000000E+00
   1.5389323E+03   1.8700000E+03   1.6460000E+03   0.0000000E+00   0.0000000E+00
   1.5389398E+03   1.8070000E+03   1.5880000E+03   0.0000000E+00   0.0000000E+00
   1.5389474E+03   1.7350000E+03   1.5000000E+03   0.0000000E+00   0.0000000E+00
   1.5389549E+03   1.7780000E+03   1.5610000E+03   0.0000000E+00   0.0000000E+00
   1.5389624E+03   1.7820000E+03   1.5300000E+03   0.0000000E+00   0.0000000E+00
   1.5389699E+03   1.8260000E+03   1.5660000E+03   0.0000000E+00   0.0000000E+00
   1.5389775E+03   1.8680000E+03   1.6270000E+03   0.0000000E+00   0.0000000E+00
   1.5389850E+03   1.7480000E+03   1.5050000E+03   0.0000000E+00   0.0000000E+00
   1.5389925E+03   1.9100000E+03   1.6770000E+03   0.0000000E+00   0.0000000E+00
   1.5390001E+03   1.7770000E+03   1.5540000E+03   0.0000000E+00   0.0000000E+00
   1.5390076E+03   1.7810000E+03   1.5440000E+03   0.0000000E+00   0.0000000E+00
   1.5390151E+03   1.8390000E+03   1.6060000E+03   0.0000000E+00   0.0000000E+00
   1.5390226E+03   1.8830000E+03   1.6430000E+03   0.0000000E+00   0.0000000E+00
   1.5390302E+03   1.8060000E+03   1.5640000E+03   0.0000000E+00   0.0000000E+00
   1.5390377E+03   1.8130000E+03   1.5690000E+03   0.0000000E+00   0.0000000E+00
   1.5390452E+03   1.7520000E+03   1.5170000E+03   0.0000000E+00   0.0000000E+00
   1.5390528E+03   1.8190000E+03   1.5720000E+03   0.0000000E+00   0.0000000E+00
   1.5390603E+03   1.7660000E+03   1.5420000E+03   0.0000000E+00   0.0000000E+00
   1.5390678E+03   1.8460000E+03   1.6010000E+03   0.0000000E+00   0.0000000E+00
   1.5390753E+03   1.8000000E+03   1.5730000E+03   0.0000000E+00   0.0000000E+00
   1.5390829E+03   1.8290000E+03   1.5950000E+03   0.0000000E+00   0.0000000E+00
   1.5390904E+03   1.8780000E+03   1.6590000E+03   0.0000000E+00   0.0000000E+00
   1.5390979E+03   1.8170000E+03   1.5940000E+03   0.0000000E+00   0.0000000E+00
   1.5391055E+03   1.8190000E+03   1.5890000E+03   0.0000000E+00   0.0000000E+00
   1.5391130E+03   1.8460000E+03   1.6200000E+03   0.0000000E+00   0.0000000E+00
   1.5391205E+03   1.9170000E+03   1.6620000E+03   0.0000000E+00   0.0000000E+00
   1.5391280E+03   1.8130000E+03   1.5620000E+03   2.2124812E-05   2.5680079E-05
   1.5391356E+03   1.8130000E+03   1.5810000E+03   0.0000000E+00   0.0000000E+00
   1.5391431E+03   1.7690000E+03   1.5290000E+03   0.0000000E+00   0.0000000E+00
   1.5391506E+03   1.8690000E+03   1.6260000E+03   0.0000000E+00   0.0000000E+00
   1.5391582E+03   1.8060000E+03   1.5920000E+03   0.0000000E+00   0.0000000E+00
   1.5391657E+03   1.8390000E+03   1.6220000E+03   0.0000000E+00   0.0000000E+00
   1.5391732E+03   1.8030000E+03   1.5700000E+03   0.0000000E+00   0.0000000E+00
   1.5391807E+03   1.8660000E+03   1.6160000E+03   0.0000000E+00   0.0000000E+00
   1.5391883E+03   1.7830000E+03   1.5400000E+03   5.4059206E-04   6.2589327E-04
   1.5391958E+03   1.8660000E+03   1.5930000E+03   0.0000000E+00   0.0000000E+00
   1.5392033E+03   1.8200000E+03   1.5840000E+03   2.0987881E-04   2.4114863E-04
   1.5392109E+03   1.8240000E+03   1.5930000E+03   0.0000000E+00   0.0000000E+00
   1.5392184E+03   1.8520000E+03   1.6220000E+03   0.0000000E+00   0.0000000E+00
   1.5392259E+03   1.8870000E+03   1.6310000E+03   3.1798617E-04   0.0000000E+00
   1.5392334E+03   1.8450000E+03   1.6160000E+03   0.0000000E+00   0.0000000E+00
   1.5392410E+03   1.8800000E+03   1.6370000E+03   5.1730757E-04   5.9409788E-04
   1.5392485E+03   1.7520000E+03   1.5330000E+03   0.0000000E+00   0.0000000E+00
   1.5392560E+03   1.8580000E+03   1.6250000E+03   0.0000000E+00   0.0000000E+00
   1.5392636E+03   1.7970000E+03   1.5500000E+03   0.0000000E+00   0.0000000E+00
   1.5392711E+03   1.8800000E+03   1.6560000E+03   0.0000000E+00   0.0000000E+00
   1.5392786E+03   1.8810000E+03   1.6380000E+03   0.0000000E+00   0.0000000E+00
   1.5392861E+03   1.7800000E+03   1.5320000E+03   0.0000000E+00   0.0000000E+00
   1.5392937E+03   1.9020000E+03   1.6740000E+03   0.0000000E+00   0.0000000E+00
   1.5393012E+03   1.8070000E+03   1.5550000E+03   0.0000000E+00   0.0000000E+00
   1.5393087E+03   1.8720000E+03   1.6090000E+03   0.0000000E+00   0.0000000E+00
   1.5393162E+03   1.9350000E+03   1.6880000E+03   0.0000000E+00   0.0000000E+00
   1.5393238E+03   1.9100000E+03   1.6320000E+03   0.0000000E+00   0.0000000E+00
   1.5393313E+03   1.8710000E+03   1.6080000E+03   0.0000000E+00   0.0000000E+00
   1.5393388E+03   1.7760000E+03   1.5350000E+03   0.0000000E+00   0.0000000E+00
   1.5393464E+03   1.8410000E+03   1.5720000E+03   5.2930342E-04   6.1987760E-04
   1.5393539E+03   1.8850000E+03   1.6350000E+03   0.0000000E+00   0.0000000E+00
   1.5393614E+03   1.9450000E+03   1.6670000E+03   0.0000000E+00   0.0000000E+00
   1.5393689E+03   1.7990000E+03   1.5770000E+03   0.0000000E+00   0.0000000E+00
   1.5393765E+03   1.8680000E+03   1.6230000E+03   0.0000000E+00   0.0000000E+00
   1.5393840E+03   1.9230000E+03   1.7060000E+03   0.0000000E+00   0.0000000E+00
   1.5393915E+03   1.9290000E+03   1.6940000E+03   0.0000000E+00   0.0000000E+00
   1.5393991E+03   1.9230000E+03   1.6870000E+03   1.1820538E-04   0.0000000E+00
   1.5394066E+03   1.9600000E+03   1.7310000E+03   4.8380615E-04   5.4781054E-04
   1.5394141E+03   1.9270000E+03   1.6700000E+03   4.9966982E-04   5.7656512E-04
   1.5394216E+03   1.8940000E+03   1.6510000E+03   0.0000000E+00   0.0000000E+00
   1.5394292E+03   1.8660000E+03   1.6200000E+03   0.0000000E+00   0.0000000E+00
   1.5394367E+03   1.9000000E+03   1.6290000E+03   2.6429623E-05   3.0826448E-05
   1.5394442E+03   1.9410000E+03   1.6680000E+03   0.0000000E+00   0.0000000E+00
   1.5394518E+03   1.8650000E+03   1.6230000E+03   0.0000000E+00   0.0000000E+00
   1.5394593E+03   1.9720000E+03   1.7010000E+03   6.9350095E-05   8.0398817E-05
   1.5394668E+03   1.9720000E+03   1.7220000E+03   0.0000000E+00   0.0000000E+00
   1.5394743E+03   1.9090000E+03   1.6810000E+03   0.0000000E+00   0.0000000E+00
   1.5394819E+03   1.8150000E+03   1.5640000E+03   0.0000000E+00   0.0000000E+00
   1.5394894E+03   1.9270000E+03   1.6690000E+03   5.0190057E-04   5.7948615E-04
   1.5394969E+03   1.7880000E+03   1.5530000E+03   0.0000000E+00   0.0000000E+00
   1.5395045E+03   1.9130000E+03   1.6620000E+03   4.1141325E-04   0.0000000E+00
   1.5395120E+03   1.8790000E+03   1.6510000E+03   0.0000000E+00   0.0000000E+00
   1.5395195E+03   1.8910000E+03   1.6490000E+03   4.9459346E-04   5.6717782E-04
   1.5395270E+03   1.9200000E+03   1.6790000E+03   0.0000000E+00   0.0000000E+00
   1.5395346E+03   1.9390000E+03   1.6730000E+03   0.0000000E+00   0.0000000E+00
   1.5395421E+03   1.9000000E+03   1.6490000E+03   0.0000000E+00   0.0000000E+00
   1.5395496E+03   1.9090000E+03   1.6730000E+03   0.0000000E+00   0.0000000E+00
   1.5395572E+03   1.9320000E+03   1.6960000E+03   0.0000000E+00   0.0000000E+00
   1.5395647E+03   1.8860000E+03   1.6370000E+03   0.0000000E+00   0.0000000E+00
   1.5395722E+03   1.9310000E+03   1.6910000E+03   0.0000000E+00   0.0000000E+00
   1.5395797E+03   1.9410000E+03   1.7180000E+03   0.0000000E+00   0.0000000E+00
   1.5395873E+03   1.9060000E+03   1.6740000E+03   3.1083895E-05   3.5391819E-05
   1.5395948E+03   1.8940000E+03   1.6270000E+03   0.0000000E+00   0.0000000E+00
   1.5396023E+03   1.9680000E+03   1.7030000E+03   1.4905517E-04   2.2322279E-04
   1.5396099E+03   1.7510000E+03   1.5340000E+03   1.9259512E-04   2.1983967E-04
   1.5396174E+03   1.9010000E+03   1.6590000E+03   4.7278487E-05   0.0000000E+00
   1.5396249E+03   1.9920000E+03   1.7230000E+03   4.8442547E-04   5.6005544E-04
   1.5396324E+03   1.9230000E+03   1.6610000E+03   0.0000000E+00   0.0000000E+00
   1.5396400E+03   1.9940000E+03   1.7400000E+03   3.7798627E-04   4.3316357E-04
   1.5396475E+03   1.9930000E+03   1.7350000E+03   1.7068891E-04   1.9607089E-04
   1.5396550E+03   1.9650000E+03   1.6820000E+03   4.1447106E-04   4.8420668E-04
   1.5396626E+03   1.9510000E+03   1.7040000E+03   1.6098638E-04   1.8432185E-04
   1.5396701E+03   1.9670000E+03   1.6930000E+03   0.0000000E+00   0.0000000E+00
   1.5396776E+03   1.9980000E+03   1.7380000E+03   2.4922162E-04   2.8650449E-04
   1.5396851E+03   1.9080000E+03   1.6620000E+03   0.0000000E+00   0.0000000E+00
   1.5396927E+03   1.9570000E+03   1.7010000E+03   0.0000000E+00   0.0000000E+00
   1.5397002E+03   1.8920000E+03   1.6430000E+03   0.0000000E+00   0.0000000E+00
   1.5397077E+03   1.9040000E+03   1.6350000E+03   0.0000000E+00   0.0000000E+00
   1.5397153E+03   1.9120000E+03   1.6650000E+03   4.5339646E-04   5.2065708E-04
   1.5397228E+03   1.9110000E+03   1.7040000E+03   0.0000000E+00   0.0000000E+00
   1.5397303E+03   1.8340000E+03   1.5910000E+03   5.2687520E-04   6.0927764E-04
   1.5397378E+03   1.9680000E+03   1.7120000E+03   0.0000000E+00   0.0000000E+00
   1.5397454E+03   1.8860000E+03   1.6550000E+03   2.4379770E-04   0.0000000E+00
   1.5397529E+03   1.9770000E+03   1.7190000E+03   0.0000000E+00   0.0000000E+00
   1.5397604E+03   1.9030000E+03   1.6340000E+03   5.0386329E-04   5.8681263E-04
   1.5397679E+03   1.8730000E+03   1.6300000E+03   0.0000000E+00   0.0000000E+00
   1.5397755E+03   1.9250000E+03   1.7010000E+03   0.0000000E+00   0.0000000E+00
   1.5397830E+03   1.9290000E+03   1.6780000E+03   0.0000000E+00   0.0000000E+00
   1.5397905E+03   1.8590000E+03   1.6040000E+03   0.0000000E+00   0.0000000E+00
   1.5397981E+03   1.9530000E+03   1.6930000E+03   4.5776492E-04   0.0000000E+00
   1.5398056E+03   1.9060000E+03   1.6740000E+03   5.0803384E-04   5.7844235E-04
   1.5398131E+03   1.9640000E+03   1.7150000E+03   4.0870618E-04   4.6804602E-04
   1.5398206E+03   2.0350000E+03   1.7710000E+03   0.0000000E+00   0.0000000E+00
   1.5398282E+03   1.9390000E+03   1.6880000E+03   0.0000000E+00   0.0000000E+00
   1.5398357E+03   1.9140000E+03   1.6830000E+03   0.0000000E+00   0.0000000E+00
   1.5398432E+03   2.0030000E+03   1.7470000E+03   5.1362057E-04   5.2607499E-04
   1.5398508E+03   1.9550000E+03   1.7090000E+03   0.0000000E+00   0.0000000E+00
   1.5398583E+03   1.9170000E+03   1.6690000E+03   0.0000000E+00   0.0000000E+00
   1.5398658E+03   1.9220000E+03   1.6660000E+03   0.0000000E+00   0.0000000E+00
   1.5398733E+03   1.9560000E+03   1.6810000E+03   0.0000000E+00   0.0000000E+00
   1.5398809E+03   2.0260000E+03   1.7450000E+03   0.0000000E+00   0.0000000E+00
   1.5398884E+03   1.9320000E+03   1.6730000E+03   0.0000000E+00   0.0000000E+00
   1.5398959E+03   1.9900000E+03   1.7570000E+03   4.2552345E-05   4.8195313E-05
   1.5399035E+03   1.9800000E+03   1.7310000E+03   3.2160854E-04   3.6787113E-04
   1.5399110E+03   1.9400000E+03   1.6700000E+03   0.0000000E+00   0.0000000E+00
   1.5399185E+03   2.0120000E+03   1.7410000E+03   0.0000000E+00   0.0000000E+00
   1.5399260E+03   2.0050000E+03   1.7320000E+03   0.0000000E+00   0.0000000E+00
   1.5399336E+03   1.9900000E+03   1.7380000E+03   0.0000000E+00   0.0000000E+00
   1.5399411E+03   1.9330000E+03   1.6900000E+03   0.0000000E+00   0.0000000E+00
   1.5399486E+03   1.9620000E+03   1.7370000E+03   4.5233995E-04   5.1093321E-04
   1.5399562E+03   2.0130000E+03   1.7350000E+03   3.4603191E-04   0.0000000E+00
   1.5399637E+03   1.9970000E+03   1.7430000E+03   1.3479362E-04   1.5443653E-04
   1.5399712E+03   1.9490000E+03   1.7170000E+03   1.8924015E-04   2.1481017E-04
   1.5399787E+03   1.9540000E+03   1.7070000E+03   0.0000000E+00   0.0000000E+00
   1.5399863E+03   1.9800000E+03   1.6970000E+03   0.0000000E+00   0.0000000E+00
   1.5399938E+03   2.0170000E+03   1.7600000E+03   0.0000000E+00   0.0000000E+00
   1.5400013E+03   2.0260000E+03   1.7600000E+03   0.0000000E+00   0.0000000E+00
   1.5400089E+03   1.9280000E+03   1.6780000E+03   0.0000000E+00   0.0000000E+00
   1.5400164E+03   2.0380000E+03   1.7810000E+03   0.0000000E+00   0.0000000E+00
   1.5400239E+03   2.0550000E+03   1.7930000E+03   0.0000000E+00   0.0000000E+00
   1.5400314E+03   1.9660000E+03   1.7140000E+03   0.0000000E+00   0.0000000E+00
   1.5400390E+03   2.0310000E+03   1.7600000E+03   0.0000000E+00   0.0000000E+00
   1.5400465E+03   2.0400000E+03   1.7650000E+03   0.0000000E+00   0.0000000E+00
   1.5400540E+03   1.9250000E+03   1.6790000E+03   0.0000000E+00   0.0000000E+00
   1.5400616E+03   1.9660000E+03   1.7020000E+03   0.0000000E+00   0.0000000E+00
   1.5400691E+03   1.9980000E+03   1.7470000E+03   0.0000000E+00   0.0000000E+00
   1.5400766E+03   2.0100000E+03   1.7580000E+03   0.0000000E+00   0.0000000E+00
   1.5400841E+03   1.9800000E+03   1.7310000E+03   0.0000000E+00   0.0000000E+00
   1.5400917E+03   1.9430000E+03   1.6920000E+03   0.0000000E+00   0.0000000E+00
   1.5400992E+03   1.9910000E+03   1.7370000E+03   0.0000000E+00   0.0000000E+00
   1.5401067E+03   1.9700000E+03   1.7190000E+03   0.0000000E+00   0.0000000E+00
   1.5401143E+03   1.9880000E+03   1.7440000E+03   0.0000000E+00   0.0000000E+00
   1.5401218E+03   1.9370000E+03   1.7150000E+03   3.8976699E-04   4.4022079E-04
   1.5401293E+03   1.9590000E+03   1.6970000E+03   4.8944259E-04   5.6500768E-04
   1.5401368E+03   1.8920000E+03   1.6360000E+03   0.0000000E+00   0.0000000E+00
   1.5401444E+03   1.9910000E+03   1.7350000E+03   2.9390650E-04   3.3727253E-04
   1.5401519E+03   2.0080000E+03   1.7510000E+03   0.0000000E+00   0.0000000E+00
   1.5401594E+03   2.0040000E+03   1.7420000E+03   0.0000000E+00   0.0000000E+00
   1.5401670E+03   2.0610000E+03   1.7680000E+03   0.0000000E+00   0.0000000E+00
   1.5401745E+03   1.9730000E+03   1.7030000E+03   1.7560230E-04   2.0344294E-04
   1.5401820E+03   2.0150000E+03   1.7680000E+03   0.0000000E+00   0.0000000E+00
   1.5401895E+03   1.9830000E+03   1.7160000E+03   0.0000000E+00   0.0000000E+00
   1.5401971E+03   2.0000000E+03   1.7230000E+03   3.5770160E-05   4.1520790E-05
   1.5402046E+03   2.0780000E+03   1.8050000E+03   0.0000000E+00   0.0000000E+00
   1.5402121E+03   2.0220000E+03   1.7880000E+03   7.5857705E-04   8.5785391E-04
   1.5402197E+03   2.0490000E+03   1.7650000E+03   0.0000000E+00   0.0000000E+00
   1.5402272E+03   2.0180000E+03   1.7550000E+03   0.0000000E+00   0.0000000E+00
   1.5402347E+03   2.0150000E+03   1.7390000E+03   0.0000000E+00   0.0000000E+00
   1.5402422E+03   1.9760000E+03   1.7320000E+03   5.9579627E-05   6.7973062E-05
   1.5402498E+03   2.0320000E+03   1.7630000E+03   4.6995515E-04   0.0000000E+00
   1.5402573E+03   2.0270000E+03   1.7680000E+03   1.1174311E-04   1.2811272E-04
   1.5402648E+03   1.9480000E+03   1.6960000E+03   0.0000000E+00   0.0000000E+00
   1.5402723E+03   2.0130000E+03   1.7770000E+03   1.2818392E-04   1.4520778E-04
   1.5402799E+03   1.9800000E+03   1.7290000E+03   2.1046957E-04   2.4102357E-04
   1.5402874E+03   2.1180000E+03   1.7980000E+03   0.0000000E+00   0.0000000E+00
   1.5402949E+03   2.0010000E+03   1.7590000E+03   0.0000000E+00   0.0000000E+00
   1.5403025E+03   2.0830000E+03   1.7940000E+03   0.0000000E+00   0.0000000E+00
   1.5403100E+03   2.0390000E+03   1.7650000E+03   0.0000000E+00   0.0000000E+00
   1.5403175E+03   2.0880000E+03   1.8210000E+03   3.9527308E-04   4.5322910E-04
   1.5403250E+03   1.9860000E+03   1.7450000E+03   3.2886608E-04   3.7428540E-04
   1.5403326E+03   2.0690000E+03   1.7800000E+03   3.5072300E-04   4.0766623E-04
   1.5403401E+03   2.0150000E+03   1.7430000E+03   7.3969641E-05   0.0000000E+00
   1.5403476E+03   2.0650000E+03   1.8030000E+03   0.0000000E+00   0.0000000E+00
   1.5403552E+03   2.1180000E+03   1.8440000E+03   1.3690458E-06   1.5724724E-06
   1.5403627E+03   2.2050000E+03   1.8910000E+03   5.7029591E-05   6.6499338E-05
   1.5403702E+03   2.0350000E+03   1.7550000E+03   0.0000000E+00   0.0000000E+00
   1.5403777E+03   1.9560000E+03   1.6820000E+03   0.0000000E+00   0.0000000E+00
   1.5403853E+03   1.9870000E+03   1.7250000E+03   2.6535249E-04   2.8892806E-04
   1.5403928E+03   1.9810000E+03   1.7150000E+03   4.4862083E-04   5.1820283E-04
   1.5404003E+03   2.0560000E+03   1.8000000E+03   0.0000000E+00   0.0000000E+00
   1.5404079E+03   2.0440000E+03   1.7890000E+03   0.0000000E+00   0.0000000E+00
   1.5404154E+03   2.0970000E+03   1.8460000E+03   4.4414868E-04   5.0453942E-04
   1.5404229E+03   2.1400000E+03   1.8500000E+03   0.0000000E+00   0.0000000E+00
   1.5404304E+03   2.0700000E+03   1.8100000E+03   0.0000000E+00   0.0000000E+00
   1.5404380E+03   2.0380000E+03   1.7850000E+03   3.6614844E-05   4.1804511E-05
   1.5404455E+03   2.1010000E+03   1.8470000E+03   0.0000000E+00   0.0000000E+00
   1.5404530E+03   1.9490000E+03   1.6960000E+03   3.2215593E-04   0.0000000E+00
   1.5404606E+03   1.9160000E+03   1.6590000E+03   0.0000000E+00   0.0000000E+00
   1.5404681E+03   2.0360000E+03   1.7800000E+03   0.0000000E+00   0.0000000E+00
   1.5404756E+03   2.0780000E+03   1.7970000E+03   0.0000000E+00   0.0000000E+00
   1.5404831E+03   2.0450000E+03   1.7800000E+03   0.0000000E+00   0.0000000E+00
   1.5404907E+03   2.0440000E+03   1.7830000E+03   1.0343518E-04   1.1857628E-04
   1.5404982E+03   2.0560000E+03   1.7760000E+03   0.0000000E+00   0.0000000E+00
   1.5405057E+03   2.0870000E+03   1.7820000E+03   1.6490355E-04   0.0000000E+00
   1.5405133E+03   2.0410000E+03   1.7980000E+03   0.0000000E+00   0.0000000E+00
   1.5405208E+03   2.0460000E+03   1.7570000E+03   0.0000000E+00   0.0000000E+00
   1.5405283E+03   2.0960000E+03   1.8310000E+03   0.0000000E+00   0.0000000E+00
   1.5405358E+03   1.9660000E+03   1.7190000E+03   3.3516349E-04   3.8332253E-04
   1.5405434E+03   1.9580000E+03   1.7340000E+03   0.0000000E+00   0.0000000E+00
   1.5405509E+03   2.0870000E+03   1.8390000E+03   0.0000000E+00   0.0000000E+00
   1.5405584E+03   2.0700000E+03   1.8000000E+03   0.0000000E+00   0.0000000E+00
   1.5405660E+03   2.0380000E+03   1.7750000E+03   0.0000000E+00   0.0000000E+00
   1.5405735E+03   2.0070000E+03   1.7430000E+03   0.0000000E+00   0.0000000E+00
   1.5405810E+03   2.0550000E+03   1.7740000E+03   0.0000000E+00   0.0000000E+00
   1.5405885E+03   2.0740000E+03   1.8060000E+03   0.0000000E+00   0.0000000E+00
   1.5405961E+03   2.0100000E+03   1.7670000E+03   1.5637070E-04   1.7787499E-04
   1.5406036E+03   2.0830000E+03   1.8060000E+03   0.0000000E+00   0.0000000E+00
   1.5406111E+03   2.0420000E+03   1.7990000E+03   7.8007160E-05   8.8543980E-05
   1.5406187E+03   2.0900000E+03   1.8380000E+03   0.0000000E+00   0.0000000E+00
   1.5406262E+03   2.1600000E+03   1.8820000E+03   4.1651487E-04   4.7804045E-04
   1.5406337E+03   2.1110000E+03   1.8460000E+03   2.0677872E-04   2.3646255E-04
   1.5406412E+03   2.0770000E+03   1.8280000E+03   2.7699925E-04   3.1473055E-04
   1.5406488E+03   2.0250000E+03   1.7660000E+03   2.5601771E-04   2.9356504E-04
   1.5406563E+03   2.0790000E+03   1.8110000E+03   1.3223976E-04   1.5180920E-04
   1.5406638E+03   2.0140000E+03   1.7330000E+03   1.5618456E-04   1.8150934E-04
   1.5406713E+03   2.1450000E+03   1.8810000E+03   1.8795639E-04   2.1433623E-04
   1.5406789E+03   2.0270000E+03   1.7790000E+03   0.0000000E+00   0.0000000E+00
   1.5406864E+03   2.0360000E+03   1.7610000E+03   1.3052295E-04   1.5090558E-04
   1.5406939E+03   2.1270000E+03   1.8490000E+03   3.8149243E-04   4.3885041E-04
   1.5407015E+03   2.1260000E+03   1.8560000E+03   0.0000000E+00   0.0000000E+00
   1.5407090E+03   2.0660000E+03   1.8040000E+03   0.0000000E+00   0.0000000E+00
   1.5407165E+03   2.1000000E+03   1.8110000E+03   1.9263147E-04   2.2337167E-04
   1.5407240E+03   2.1400000E+03   1.8820000E+03   3.8115219E-04   4.3340366E-04
   1.5407316E+03   2.1140000E+03   1.8490000E+03   2.7892958E-04   3.1890597E-04
   1.5407391E+03   2.1460000E+03   1.8780000E+03   0.0000000E+00   0.0000000E+00
   1.5407466E+03   2.1340000E+03   1.8650000E+03   2.2920090E-04   2.6225991E-04
   1.5407542E+03   2.0770000E+03   1.8150000E+03   0.0000000E+00   0.0000000E+00
   1.5407617E+03   2.1670000E+03   1.8900000E+03   0.0000000E+00   0.0000000E+00
   1.5407692E+03   2.1500000E+03   1.8740000E+03   4.9650832E-04   5.6963335E-04
   1.5407767E+03   2.0330000E+03   1.7620000E+03   4.6219964E-04   5.3328710E-04
   1.5407843E+03   2.1920000E+03   1.9320000E+03   0.0000000E+00   0.0000000E+00
   1.5407918E+03   2.1490000E+03   1.8620000E+03   0.0000000E+00   0.0000000E+00
   1.5407993E+03   2.0310000E+03   1.7900000E+03   0.0000000E+00   0.0000000E+00
   1.5408069E+03   2.2050000E+03   1.9040000E+03   0.0000000E+00   0.0000000E+00
   1.5408144E+03   2.0500000E+03   1.7930000E+03   0.0000000E+00   0.0000000E+00
   1.5408219E+03   2.0500000E+03   1.7800000E+03   0.0000000E+00   0.0000000E+00
   1.5408294E+03   2.1370000E+03   1.8510000E+03   7.8212822E-05   9.0297569E-05
   1.5408370E+03   2.0480000E+03   1.7750000E+03   0.0000000E+00   0.0000000E+00
   1.5408445E+03   2.1430000E+03   1.8610000E+03   0.0000000E+00   0.0000000E+00
   1.5408520E+03   2.1120000E+03   1.8550000E+03   2.8516694E-04   3.2467524E-04
   1.5408596E+03   2.1190000E+03   1.8600000E+03   3.3665419E-04   3.8353238E-04
   1.5408671E+03   2.1210000E+03   1.8230000E+03   6.0860260E-05   7.0808893E-05
   1.5408746E+03   2.1240000E+03   1.8770000E+03   0.0000000E+00   0.0000000E+00
   1.5408821E+03   2.0110000E+03   1.7290000E+03   0.0000000E+00   0.0000000E+00
   1.5408897E+03   2.0380000E+03   1.8110000E+03   0.0000000E+00   0.0000000E+00
   1.5408972E+03   2.1400000E+03   1.8530000E+03   0.0000000E+00   0.0000000E+00
   1.5409047E+03   2.0490000E+03   1.7970000E+03   0.0000000E+00   0.0000000E+00
   1.5409123E+03   2.0980000E+03   1.8540000E+03   0.0000000E+00   0.0000000E+00
   1.5409198E+03   2.1490000E+03   1.8800000E+03   0.0000000E+00   0.0000000E+00
   1.5409273E+03   2.1460000E+03   1.8950000E+03   2.1663548E-04   2.4532968E-04
   1.5409348E+03   2.1630000E+03   1.8920000E+03   2.9979208E-05   3.4273270E-05
   1.5409424E+03   2.1190000E+03   1.8530000E+03   0.0000000E+00   0.0000000E+00
   1.5409499E+03   2.1170000E+03   1.8570000E+03   0.0000000E+00   0.0000000E+00
   1.5409574E+03   2.1430000E+03   1.8750000E+03   3.8430315E-04   4.3923288E-04
   1.5409650E+03   2.0940000E+03   1.8220000E+03   2.7625671E-04   3.1749811E-04
   1.5409725E+03   2.0790000E+03   1.8050000E+03   2.6171075E-04   3.0143859E-04
   1.5409800E+03   2.1340000E+03   1.8410000E+03   0.0000000E+00   0.0000000E+00
   1.5409875E+03   2.0980000E+03   1.8300000E+03   0.0000000E+00   0.0000000E+00
   1.5409951E+03   2.1470000E+03   1.8680000E+03   0.0000000E+00   0.0000000E+00
   1.5410026E+03   2.2080000E+03   1.9350000E+03   0.0000000E+00   0.0000000E+00
   1.5410101E+03   2.1170000E+03   1.8370000E+03   0.0000000E+00   0.0000000E+00
   1.5410177E+03   2.1510000E+03   1.9310000E+03   4.7453671E-04   5.2860097E-04
   1.5410252E+03   2.1740000E+03   1.9000000E+03   3.8284083E-04   4.3805050E-04
   1.5410327E+03   2.1490000E+03   1.8830000E+03   0.0000000E+00   0.0000000E+00
   1.5410402E+03   2.1170000E+03   1.8280000E+03   0.0000000E+00   0.0000000E+00
   1.5410478E+03   2.1600000E+03   1.8880000E+03   0.0000000E+00   0.0000000E+00
   1.5410553E+03   2.2300000E+03   1.9550000E+03   2.5409619E-06   2.8983862E-06
   1.5410628E+03   2.2720000E+03   1.9680000E+03   0.0000000E+00   0.0000000E+00
   1.5410704E+03   2.1530000E+03   1.8620000E+03   0.0000000E+00   0.0000000E+00
   1.5410779E+03   2.1460000E+03   1.8650000E+03   0.0000000E+00   0.0000000E+00
   1.5410854E+03   2.1260000E+03   1.8500000E+03   0.0000000E+00   0.0000000E+00
   1.5410929E+03   2.1750000E+03   1.8900000E+03   0.0000000E+00   0.0000000E+00
   1.5411005E+03   2.0980000E+03   1.8150000E+03   0.0000000E+00   0.0000000E+00
   1.5411080E+03   2.1740000E+03   1.8920000E+03   0.0000000E+00   0.0000000E+00
   1.5411155E+03   2.1380000E+03   1.8720000E+03   0.0000000E+00   0.0000000E+00
   1.5411230E+03   2.0490000E+03   1.8000000E+03   0.0000000E+00   0.0000000E+00
   1.5411306E+03   2.1510000E+03   1.8840000E+03   0.0000000E+00   0.0000000E+00
   1.5411381E+03   2.2060000E+03   1.9230000E+03   1.0101761E-04   1.1588396E-04
   1.5411456E+03   2.1280000E+03   1.8490000E+03   0.0000000E+00   0.0000000E+00
   1.5411532E+03   2.0790000E+03   1.8080000E+03   0.0000000E+00   0.0000000E+00
   1.5411607E+03   2.2220000E+03   1.9250000E+03   0.0000000E+00   0.0000000E+00
   1.5411682E+03   2.1350000E+03   1.8660000E+03   4.4794434E-04   5.1251938E-04
   1.5411757E+03   2.1160000E+03   1.8140000E+03   1.1145604E-04   0.0000000E+00
   1.5411833E+03   2.1570000E+03   1.8690000E+03   2.2549277E-04   2.6023965E-04
   1.5411908E+03   2.2550000E+03   1.9690000E+03   0.0000000E+00   0.0000000E+00
   1.5411983E+03   2.1710000E+03   1.8830000E+03   0.0000000E+00   0.0000000E+00
   1.5412059E+03   2.1840000E+03   1.9150000E+03   0.0000000E+00   0.0000000E+00
   1.5412134E+03   2.2090000E+03   1.9080000E+03   2.0473796E-04   2.3703677E-04
   1.5412209E+03   2.2350000E+03   1.9350000E+03   4.7836541E-04   5.5253058E-04
   1.5412284E+03   2.1340000E+03   1.8420000E+03   0.0000000E+00   0.0000000E+00
   1.5412360E+03   2.1820000E+03   1.9120000E+03   0.0000000E+00   0.0000000E+00
   1.5412435E+03   2.1490000E+03   1.8620000E+03   3.8223243E-04   4.4114795E-04
   1.5412510E+03   2.2440000E+03   1.9520000E+03   0.0000000E+00   0.0000000E+00
   1.5412586E+03   2.1660000E+03   1.8780000E+03   0.0000000E+00   0.0000000E+00
   1.5412661E+03   2.1090000E+03   1.8540000E+03   9.6425015E-05   1.0968736E-04
   1.5412736E+03   2.1450000E+03   1.8710000E+03   0.0000000E+00   0.0000000E+00
   1.5412811E+03   2.1800000E+03   1.9230000E+03   4.3464822E-04   4.9273694E-04
   1.5412887E+03   2.1270000E+03   1.8100000E+03   0.0000000E+00   0.0000000E+00
   1.5412962E+03   2.1860000E+03   1.8740000E+03   0.0000000E+00   0.0000000E+00
   1.5413037E+03   2.2210000E+03   1.9210000E+03   0.0000000E+00   0.0000000E+00
   1.5413113E+03   2.1330000E+03   1.8530000E+03   0.0000000E+00   0.0000000E+00
   1.5413188E+03   2.1720000E+03   1.9240000E+03   3.1366550E-04   3.5409640E-04
   1.5413263E+03   2.1690000E+03   1.8450000E+03   0.0000000E+00   0.0000000E+00
   1.5413338E+03   2.1290000E+03   1.8670000E+03   8.1702992E-06   9.3168543E-06
   1.5413414E+03   2.2030000E+03   1.9130000E+03   4.1466182E-04   4.7752222E-04
   1.5413489E+03   2.2550000E+03   1.9740000E+03   0.0000000E+00   0.0000000E+00
   1.5413564E+03   2.1690000E+03   1.8970000E+03   0.0000000E+00   0.0000000E+00
   1.5413640E+03   2.1820000E+03   1.8880000E+03   0.0000000E+00   0.0000000E+00
   1.5413715E+03   2.2080000E+03   1.9290000E+03   1.4244131E-04   1.6304324E-04
   1.5413790E+03   2.1140000E+03   1.8490000E+03   1.3507688E-04   1.5443619E-04
   1.5413865E+03   2.2070000E+03   1.9530000E+03   7.7666680E-05   8.7767723E-05
   1.5413941E+03   2.2300000E+03   1.9630000E+03   0.0000000E+00   0.0000000E+00
   1.5414016E+03   2.1870000E+03   1.9390000E+03   0.0000000E+00   0.0000000E+00
   1.5414091E+03   2.2010000E+03   1.9300000E+03   1.6813868E-04   1.9174779E-04
   1.5414167E+03   2.1880000E+03   1.8940000E+03   1.2502129E-04   1.4442798E-04
   1.5414242E+03   2.2440000E+03   1.9580000E+03   0.0000000E+00   0.0000000E+00
   1.5414317E+03   2.2690000E+03   1.9700000E+03   0.0000000E+00   0.0000000E+00
   1.5414392E+03   2.1990000E+03   1.9280000E+03   3.0002430E-04   3.4219577E-04
   1.5414468E+03   2.1860000E+03   1.9060000E+03   2.4319865E-04   2.7892563E-04
   1.5414543E+03   2.1730000E+03   1.8880000E+03   4.1213954E-05   4.7435340E-05
   1.5414618E+03   2.3060000E+03   2.0080000E+03   0.0000000E+00   0.0000000E+00
   1.5414694E+03   2.2410000E+03   1.9680000E+03   7.6616328E-04   8.7244508E-04
   1.5414769E+03   2.2180000E+03   1.9490000E+03   0.0000000E+00   0.0000000E+00
   1.5414844E+03   2.2520000E+03   1.9450000E+03   0.0000000E+00   0.0000000E+00
   1.5414919E+03   2.1210000E+03   1.8430000E+03   0.0000000E+00   0.0000000E+00
   1.5414995E+03   2.2540000E+03   1.9810000E+03   4.7261789E-05   5.3774898E-05
   1.5415070E+03   2.3150000E+03   1.9720000E+03   1.8796006E-05   2.2065291E-05
   1.5415145E+03   2.2310000E+03   1.9170000E+03   4.1840404E-04   4.8693762E-04
   1.5415221E+03   2.2550000E+03   1.9590000E+03   0.0000000E+00   0.0000000E+00
   1.5415296E+03   2.2740000E+03   1.9640000E+03   3.7251515E-04   4.3131336E-04
   1.5415371E+03   2.2590000E+03   1.9420000E+03   1.9219263E-04   0.0000000E+00
   1.5415446E+03   2.2410000E+03   1.9520000E+03   0.0000000E+00   0.0000000E+00
   1.5415522E+03   2.2170000E+03   1.9350000E+03   0.0000000E+00   0.0000000E+00
   1.5415597E+03   2.2520000E+03   1.9560000E+03   5.5442096E-05   6.3832107E-05
   1.5415672E+03   2.3120000E+03   2.0220000E+03   0.0000000E+00   0.0000000E+00
   1.5415747E+03   2.2790000E+03   1.9740000E+03   0.0000000E+00   0.0000000E+00
   1.5415823E+03   2.2420000E+03   1.9570000E+03   0.0000000E+00   0.0000000E+00
   1.5415898E+03   2.2190000E+03   1.9500000E+03   2.7505523E-04   3.1299875E-04
   1.5415973E+03   2.2020000E+03   1.8890000E+03   4.1135242E-04   4.7951192E-04
   1.5416049E+03   2.2260000E+03   1.9230000E+03   4.2857970E-04   4.9610942E-04
   1.5416124E+03   2.2810000E+03   1.9920000E+03   0.0000000E+00   0.0000000E+00
   1.5416199E+03   2.2330000E+03   1.9540000E+03   0.0000000E+00   0.0000000E+00
   1.5416274E+03   2.2540000E+03   1.9220000E+03   0.0000000E+00   0.0000000E+00
   1.5416350E+03   2.2460000E+03   1.9700000E+03   1.5594905E-04   1.7779775E-04
   1.5416425E+03   2.1940000E+03   1.9040000E+03   0.0000000E+00   0.0000000E+00
   1.5416500E+03   2.2950000E+03   2.0020000E+03   0.0000000E+00   0.0000000E+00
   1.5416576E+03   2.2420000E+03   1.9760000E+03   3.0742348E-04   3.4880741E-04
   1.5416651E+03   2.3240000E+03   2.0540000E+03   0.0000000E+00   0.0000000E+00
   1.5416726E+03   2.1820000E+03   1.9300000E+03   4.0375440E-04   4.5647259E-04
   1.5416801E+03   2.2520000E+03   1.9300000E+03   0.0000000E+00   0.0000000E+00
   1.5416877E+03   2.2470000E+03   1.9470000E+03   0.0000000E+00   0.0000000E+00
   1.5416952E+03   2.2150000E+03   1.9160000E+03   0.0000000E+00   0.0000000E+00
   1.5417027E+03   2.2590000E+03   1.9600000E+03   0.0000000E+00   0.0000000E+00
   1.5417103E+03   2.2320000E+03   1.9550000E+03   0.0000000E+00   0.0000000E+00
   1.5417178E+03   2.2470000E+03   1.9420000E+03   0.0000000E+00   0.0000000E+00
   1.5417253E+03   2.1990000E+03   1.9540000E+03   5.7521187E-04   6.4733414E-04
   1.5417328E+03   2.2420000E+03   1.9580000E+03   2.3512521E-04   2.6922917E-04
   1.5417404E+03   2.2270000E+03   1.9320000E+03   0.0000000E+00   0.0000000E+00
   1.5417479E+03   2.2610000E+03   1.9930000E+03   0.0000000E+00   0.0000000E+00
   1.5417554E+03   2.3260000E+03   2.0510000E+03   0.0000000E+00   0.0000000E+00
   1.5417630E+03   2.2930000E+03   1.9880000E+03   9.6493444E-05   1.1129752E-04
   1.5417705E+03   2.2660000E+03   1.9690000E+03   0.0000000E+00   0.0000000E+00
   1.5417780E+03   2.2630000E+03   1.9740000E+03   9.9361889E-05   1.1390879E-04
   1.5417855E+03   2.2940000E+03   2.0350000E+03   2.4709421E-04   2.7854257E-04
   1.5417931E+03   2.3270000E+03   2.0170000E+03   7.5639855E-05   8.7265217E-05
   1.5418006E+03   2.2430000E+03   1.9730000E+03   0.0000000E+00   0.0000000E+00
   1.5418081E+03   2.2520000E+03   1.9430000E+03   9.1108180E-06   1.0559733E-05
   1.5418157E+03   2.2770000E+03   1.9750000E+03   2.5423505E-04   2.9311048E-04
   1.5418232E+03   2.2410000E+03   1.9330000E+03   1.9325700E-04   2.2405015E-04
   1.5418307E+03   2.2810000E+03   1.9800000E+03   3.1345931E-04   3.6111146E-04
   1.5418382E+03   2.2870000E+03   1.9910000E+03   0.0000000E+00   0.0000000E+00
   1.5418458E+03   2.2220000E+03   1.9350000E+03   0.0000000E+00   0.0000000E+00
   1.5418533E+03   2.3450000E+03   2.0330000E+03   1.4033476E-04   1.6187163E-04
   1.5418608E+03   2.2430000E+03   1.9820000E+03   0.0000000E+00   0.0000000E+00
   1.5418684E+03   2.3080000E+03   2.0140000E+03   0.0000000E+00   0.0000000E+00
   1.5418759E+03   2.3190000E+03   2.0010000E+03   1.4443131E-04   1.6738441E-04
   1.5418834E+03   2.2820000E+03   1.9930000E+03   0.0000000E+00   0.0000000E+00
   1.5418909E+03   2.3070000E+03   2.0120000E+03   5.6347244E-04   6.4608893E-04
   1.5418985E+03   2.3040000E+03   1.9780000E+03   0.0000000E+00   0.0000000E+00
   1.5419060E+03   2.3410000E+03   2.0670000E+03   4.1598018E-05   4.7112221E-05
   1.5419135E+03   2.3090000E+03   2.0520000E+03   7.5688742E-06   8.5168277E-06
   1.5419211E+03   2.2360000E+03   1.9720000E+03   4.2016116E-04   4.7640991E-04
   1.5419286E+03   2.2790000E+03   1.9610000E+03   0.0000000E+00   0.0000000E+00
   1.5419361E+03   2.2190000E+03   1.9250000E+03   0.0000000E+00   0.0000000E+00
   1.5419436E+03   2.2770000E+03   1.9670000E+03   0.0000000E+00   0.0000000E+00
   1.5419512E+03   2.3430000E+03   2.0190000E+03   1.2076747E-04   1.4014768E-04
   1.5419587E+03   2.3510000E+03   2.0390000E+03   4.0304535E-04   4.6471782E-04
   1.5419662E+03   2.2510000E+03   1.9590000E+03   2.3835342E-04   2.7388134E-04
   1.5419738E+03   2.3130000E+03   2.0030000E+03   0.0000000E+00   0.0000000E+00
   1.5419813E+03   2.2790000E+03   1.9950000E+03   0.0000000E+00   0.0000000E+00
   1.5419888E+03   2.3420000E+03   2.0210000E+03   0.0000000E+00   0.0000000E+00
   1.5419963E+03   2.2050000E+03   1.9120000E+03   0.0000000E+00   0.0000000E+00
   1.5420039E+03   2.2560000E+03   1.9730000E+03   0.0000000E+00   0.0000000E+00
   1.5420114E+03   2.3660000E+03   2.0520000E+03   3.9549195E-04   4.5601069E-04
   1.5420189E+03   2.2510000E+03   1.9240000E+03   0.0000000E+00   0.0000000E+00
   1.5420264E+03   2.2300000E+03   1.9420000E+03   8.0965053E-04   4.5741519E-04
   1.5420340E+03   2.2860000E+03   2.0080000E+03   4.1362284E-04   4.7088736E-04
   1.5420415E+03   2.3080000E+03   1.9830000E+03   0.0000000E+00   0.0000000E+00
   1.5420490E+03   2.2670000E+03   1.9920000E+03   0.0000000E+00   0.0000000E+00
   1.5420566E+03   2.3360000E+03   2.0120000E+03   0.0000000E+00   0.0000000E+00
   1.5420641E+03   2.3120000E+03   2.0020000E+03   1.2652892E-04   0.0000000E+00
   1.5420716E+03   2.3120000E+03   1.9960000E+03   1.5366068E-05   1.7798772E-05
   1.5420791E+03   2.3410000E+03   2.0130000E+03   5.6438299E-04   6.5634405E-04
   1.5420867E+03   2.3780000E+03   2.0690000E+03   0.0000000E+00   0.0000000E+00
   1.5420942E+03   2.1860000E+03   1.8750000E+03   1.5347899E-04   1.7893604E-04
   1.5421017E+03   2.3700000E+03   2.0680000E+03   4.3553877E-05   4.9914259E-05
   1.5421093E+03   2.2850000E+03   1.9730000E+03   1.5561017E-04   1.8021755E-04
   1.5421168E+03   2.2870000E+03   1.9760000E+03   0.0000000E+00   0.0000000E+00
   1.5421243E+03   2.2740000E+03   1.9770000E+03   0.0000000E+00   0.0000000E+00
   1.5421318E+03   2.3920000E+03   2.1090000E+03   7.2029122E-04   8.1694480E-04
   1.5421394E+03   2.2990000E+03   1.9730000E+03   8.7228185E-04   9.3535013E-04
   1.5421469E+03   2.2970000E+03   2.0190000E+03   0.0000000E+00   0.0000000E+00
   1.5421544E+03   2.3300000E+03   2.0510000E+03   1.2981094E-04   1.4746928E-04
   1.5421620E+03   2.3050000E+03   2.0080000E+03   0.0000000E+00   0.0000000E+00
   1.5421695E+03   2.3400000E+03   2.0220000E+03   0.0000000E+00   0.0000000E+00
   1.5421770E+03   2.2120000E+03   1.9420000E+03   1.3224344E-05   6.5218457E-05
   1.5421845E+03   2.3150000E+03   2.0150000E+03   0.0000000E+00   0.0000000E+00
   1.5421921E+03   2.3280000E+03   2.0530000E+03   2.7144534E-04   3.0780553E-04
   1.5421996E+03   2.4160000E+03   2.0900000E+03   5.4564868E-04   4.1230920E-04
   1.5422071E+03   2.3270000E+03   2.0350000E+03   0.0000000E+00   0.0000000E+00
   1.5422147E+03   2.3080000E+03   2.0090000E+03   2.1761605E-04   2.5000390E-04
   1.5422222E+03   2.3660000E+03   2.0680000E+03   0.0000000E+00   0.0000000E+00
   1.5422297E+03   2.4020000E+03   2.0820000E+03   1.6096229E-04   1.8570193E-04
   1.5422372E+03   2.3250000E+03   2.0310000E+03   0.0000000E+00   0.0000000E+00
   1.5422448E+03   2.4340000E+03   2.1280000E+03   2.6696244E-04   3.0535084E-04
   1.5422523E+03   2.2180000E+03   1.9370000E+03   4.2092774E-04   4.8199159E-04
   1.5422598E+03   2.3440000E+03   2.0160000E+03   0.0000000E+00   0.0000000E+00
   1.5422674E+03   2.3240000E+03   2.0270000E+03   0.0000000E+00   0.0000000E+00
   1.5422749E+03   2.3230000E+03   2.0160000E+03   3.5136585E-05   4.0487245E-05
   1.5422824E+03   2.3380000E+03   1.9990000E+03   0.0000000E+00   0.0000000E+00
   1.5422899E+03   2.3750000E+03   2.0750000E+03   1.5000919E-04   1.7169726E-04
   1.5422975E+03   2.2390000E+03   1.9410000E+03   0.0000000E+00   0.0000000E+00
   1.5423050E+03   2.3180000E+03   2.0390000E+03   3.9743948E-04   4.5182183E-04
   1.5423125E+03   2.3730000E+03   2.0360000E+03   1.9772493E-04   2.3045248E-04
   1.5423201E+03   2.3300000E+03   2.0310000E+03   0.0000000E+00   0.0000000E+00
   1.5423276E+03   2.3150000E+03   2.0100000E+03   3.3886714E-04   4.2248629E-04
   1.5423351E+03   2.3540000E+03   2.0670000E+03   3.9460257E-04   4.4939257E-04
   1.5423426E+03   2.3240000E+03   2.0250000E+03   3.5658610E-05   4.0923758E-05
   1.5423502E+03   2.4150000E+03   2.1090000E+03   0.0000000E+00   0.0000000E+00
   1.5423577E+03   2.2970000E+03   2.0110000E+03   0.0000000E+00   0.0000000E+00
   1.5423652E+03   2.2850000E+03   1.9780000E+03   1.6031071E-04   1.8519210E-04
   1.5423728E+03   2.3770000E+03   2.0790000E+03   0.0000000E+00   0.0000000E+00
   1.5423803E+03   2.3870000E+03   2.0890000E+03   0.0000000E+00   0.0000000E+00
   1.5423878E+03   2.3470000E+03   2.0300000E+03   0.0000000E+00   0.0000000E+00
   1.5423953E+03   2.3760000E+03   2.0920000E+03   1.2437939E-04   1.4126454E-04
   1.5424029E+03   2.3160000E+03   2.0560000E+03   0.0000000E+00   0.0000000E+00
   1.5424104E+03   2.3990000E+03   2.0900000E+03   1.3444322E-04   1.5432023E-04
   1.5424179E+03   2.3250000E+03   2.0180000E+03   7.3781125E-05   8.5005509E-05
   1.5424255E+03   2.3560000E+03   2.0280000E+03   9.4260098E-05   1.0950532E-04
   1.5424330E+03   2.3590000E+03   2.0640000E+03   2.3921112E-04   2.7340069E-04
   1.5424405E+03   2.3840000E+03   2.0790000E+03   0.0000000E+00   0.0000000E+00
   1.5424480E+03   2.3490000E+03   2.0080000E+03   1.9916059E-04   2.3298219E-04
   1.5424556E+03   2.3620000E+03   2.0530000E+03   1.8842269E-04   2.1678246E-04
   1.5424631E+03   2.3100000E+03   2.0270000E+03   0.0000000E+00   0.0000000E+00
   1.5424706E+03   2.2840000E+03   2.0030000E+03   4.8407091E-04   2.9750767E-04
   1.5424781E+03   2.3800000E+03   2.0560000E+03   0.0000000E+00   0.0000000E+00
   1.5424857E+03   2.3400000E+03   2.0410000E+03   3.3724196E-04   3.8664683E-04
   1.5424932E+03   2.3250000E+03   2.0120000E+03   0.0000000E+00   0.0000000E+00
   1.5425007E+03   2.2700000E+03   1.9770000E+03   3.0258214E-04   3.4742613E-04
   1.5425083E+03   2.3280000E+03   1.9700000E+03   0.0000000E+00   0.0000000E+00
   1.5425158E+03   2.3480000E+03   2.0370000E+03   2.9826786E-04   3.4380606E-04
   1.5425233E+03   2.4460000E+03   2.1250000E+03   5.5986090E-04   6.4443282E-04
   1.5425308E+03   2.3880000E+03   2.0740000E+03   0.0000000E+00   0.0000000E+00
   1.5425384E+03   2.3930000E+03   2.1100000E+03   3.4495800E-05   3.9122488E-05
   1.5425459E+03   2.3790000E+03   2.0780000E+03   0.0000000E+00   0.0000000E+00
   1.5425534E+03   2.3520000E+03   2.0420000E+03   2.0638222E-04   2.3771351E-04
   1.5425610E+03   2.3520000E+03   2.0600000E+03   2.8959593E-05   3.3064545E-05
   1.5425685E+03   2.3410000E+03   2.0470000E+03   1.3786142E-04   1.5766174E-04
   1.5425760E+03   2.3790000E+03   2.0740000E+03   0.0000000E+00   0.0000000E+00
   1.5425835E+03   2.3680000E+03   2.0920000E+03   5.5434639E-05   5.5525492E-05
   1.5425911E+03   2.3380000E+03   2.0290000E+03   0.0000000E+00   0.0000000E+00
   1.5425986E+03   2.2790000E+03   2.0050000E+03   5.7439987E-04   6.7148108E-04
   1.5426061E+03   2.4070000E+03   2.1130000E+03   6.5792899E-04   7.4947235E-04
   1.5426137E+03   2.3380000E+03   2.0210000E+03   8.1834507E-05   9.4670499E-05
   1.5426212E+03   2.3710000E+03   2.0790000E+03   0.0000000E+00   0.0000000E+00
   1.5426287E+03   2.4100000E+03   2.0900000E+03   2.0217917E-04   2.3313483E-04
   1.5426362E+03   2.3950000E+03   2.0930000E+03   0.0000000E+00   0.0000000E+00
   1.5426438E+03   2.4280000E+03   2.1220000E+03   2.0565293E-04   2.3530882E-04
   1.5426513E+03   2.4030000E+03   2.0790000E+03   1.9872306E-04   1.1326778E-05
   1.5426588E+03   2.3360000E+03   2.0530000E+03   2.0786836E-04   2.3652240E-04
   1.5426664E+03   2.4730000E+03   2.1560000E+03   0.0000000E+00   0.0000000E+00
   1.5426739E+03   2.3110000E+03   2.0030000E+03   1.5425129E-04   1.7797041E-04
   1.5426814E+03   2.4210000E+03   2.1360000E+03   3.9094376E-04   4.4310621E-04
   1.5426889E+03   2.4760000E+03   2.1480000E+03   0.0000000E+00   0.0000000E+00
   1.5426965E+03   2.4050000E+03   2.0970000E+03   0.0000000E+00   0.0000000E+00
   1.5427040E+03   2.4870000E+03   2.1440000E+03   3.2901402E-04   3.8165013E-04
   1.5427115E+03   2.4600000E+03   2.1300000E+03   0.0000000E+00   0.0000000E+00
   1.5427191E+03   2.4160000E+03   2.1200000E+03   2.1313751E-04   2.4289633E-04
   1.5427266E+03   2.3860000E+03   2.0810000E+03   2.4065330E-04   2.7592445E-04
   1.5427341E+03   2.4180000E+03   2.1230000E+03   0.0000000E+00   0.0000000E+00
   1.5427416E+03   2.4000000E+03   2.0890000E+03   3.5643101E-04   4.0949470E-04
   1.5427492E+03   2.4000000E+03   2.0790000E+03   4.8207335E-04   5.5650604E-04
   1.5427567E+03   2.4270000E+03   2.1100000E+03   1.9290587E-04   2.2188746E-04
   1.5427642E+03   2.4560000E+03   2.1310000E+03   0.0000000E+00   0.0000000E+00
   1.5427718E+03   2.4280000E+03   2.1290000E+03   0.0000000E+00   0.0000000E+00
   1.5427793E+03   2.4560000E+03   2.1430000E+03   3.8484291E-04   4.4105189E-04
   1.5427868E+03   2.4290000E+03   2.1230000E+03   1.2664391E-04   1.4489782E-04
   1.5427943E+03   2.4160000E+03   2.1000000E+03   1.7254389E-04   1.9850764E-04
   1.5428019E+03   2.4580000E+03   2.1520000E+03   0.0000000E+00   0.0000000E+00
   1.5428094E+03   2.3680000E+03   2.0760000E+03   0.0000000E+00   0.0000000E+00
   1.5428169E+03   2.5160000E+03   2.2100000E+03   3.1354468E-04   3.5695856E-04
   1.5428245E+03   2.4410000E+03   2.1240000E+03   0.0000000E+00   0.0000000E+00
   1.5428320E+03   2.3600000E+03   2.0620000E+03   0.0000000E+00   0.0000000E+00
   1.5428395E+03   2.4610000E+03   2.1510000E+03   5.4515712E-05   6.2372463E-05
   1.5428470E+03   2.4190000E+03   2.1140000E+03   3.4905995E-04   4.4455829E-04
   1.5428546E+03   2.4580000E+03   2.1390000E+03   3.4610642E-04   3.9772304E-04
   1.5428621E+03   2.4070000E+03   2.1000000E+03   5.5381988E-05   0.0000000E+00
   1.5428696E+03   2.3700000E+03   2.0360000E+03   3.7457293E-04   0.0000000E+00
   1.5428772E+03   2.3870000E+03   2.0610000E+03   1.6421780E-05   1.9019306E-05
   1.5428847E+03   2.3920000E+03   2.1110000E+03   1.1555420E-04   1.3093588E-04
   1.5428922E+03   2.4210000E+03   2.1250000E+03   1.0727506E-04   0.0000000E+00
   1.5428997E+03   2.4150000E+03   2.1410000E+03   0.0000000E+00   0.0000000E+00
   1.5429073E+03   2.4440000E+03   2.1380000E+03   0.0000000E+00   0.0000000E+00
   1.5429148E+03   2.3870000E+03   2.0560000E+03   2.1268765E-04   2.4692871E-04
   1.5429223E+03   2.3870000E+03   2.0980000E+03   9.6603370E-05   1.0991051E-04
   1.5429298E+03   2.4120000E+03   2.1120000E+03   1.2538296E-04   1.4319304E-04
   1.5429374E+03   2.3090000E+03   2.0030000E+03   6.2221779E-04   7.1727453E-04
   1.5429449E+03   2.3450000E+03   2.0480000E+03   1.3753211E-04   1.5747696E-04
   1.5429524E+03   2.3290000E+03   2.0430000E+03   4.2786552E-04   4.8776250E-04
   1.5429600E+03   2.5040000E+03   2.1830000E+03   2.1337520E-04   2.4475103E-04
   1.5429675E+03   2.3880000E+03   2.0900000E+03   3.1030389E-04   3.5454817E-04
   1.5429750E+03   2.4390000E+03   2.1390000E+03   0.0000000E+00   0.0000000E+00
   1.5429825E+03   2.4450000E+03   2.0970000E+03   3.7347997E-04   4.3545947E-04
   1.5429901E+03   2.4930000E+03   2.1850000E+03   3.7795228E-04   4.3122885E-04
   1.5429976E+03   2.3980000E+03   2.0780000E+03   3.9492819E-04   4.5574485E-04
   1.5430051E+03   2.4210000E+03   2.1440000E+03   1.8804999E-04   2.1234563E-04
   1.5430127E+03   2.4910000E+03   2.1790000E+03   3.7209071E-04   4.2536850E-04
   1.5430202E+03   2.4810000E+03   2.1550000E+03   9.1039653E-05   0.0000000E+00
   1.5430277E+03   2.4910000E+03   2.1710000E+03   1.5746641E-04   1.8067657E-04
   1.5430352E+03   2.5230000E+03   2.2070000E+03   6.2216741E-04   7.1124983E-04
   1.5430428E+03   2.5140000E+03   2.1720000E+03   0.0000000E+00   0.0000000E+00
   1.5430503E+03   2.4430000E+03   2.1340000E+03   3.7744288E-04   1.4124811E-04
   1.5430578E+03   2.4360000E+03   2.1300000E+03   4.4476539E-05   5.0866126E-05
   1.5430654E+03   2.5010000E+03   2.1800000E+03   0.0000000E+00   0.0000000E+00
   1.5430729E+03   2.3910000E+03   2.0790000E+03   4.2363161E-04   4.8720692E-04
   1.5430804E+03   2.4770000E+03   2.1660000E+03   1.7990568E-04   0.0000000E+00
   1.5430879E+03   2.4590000E+03   2.1170000E+03   8.5050931E-05   9.8790854E-05
   1.5430955E+03   2.4380000E+03   2.1060000E+03   3.7731205E-04   4.3679334E-04
   1.5431030E+03   2.4440000E+03   2.1300000E+03   1.8598571E-04   2.1340332E-04
   1.5431105E+03   2.4040000E+03   2.0980000E+03   2.7647485E-04   3.1679959E-04
   1.5431181E+03   2.5220000E+03   2.2280000E+03   2.1427943E-04   2.4255508E-04
   1.5431256E+03   2.4190000E+03   2.0840000E+03   1.4148280E-04   1.6422595E-04
   1.5431331E+03   2.4160000E+03   2.0960000E+03   3.6703400E-04   4.2306973E-04
   1.5431406E+03   2.4560000E+03   2.1140000E+03   2.6471711E-04   0.0000000E+00
   1.5431482E+03   2.4770000E+03   2.1660000E+03   2.7827695E-04   3.1823269E-04
   1.5431557E+03   2.4140000E+03   2.0880000E+03   0.0000000E+00   0.0000000E+00
   1.5431632E+03   2.3770000E+03   2.0970000E+03   5.5453387E-04   6.2857749E-04
   1.5431708E+03   2.5090000E+03   2.1800000E+03   1.5103798E-04   1.7383224E-04
   1.5431783E+03   2.5110000E+03   2.1660000E+03   8.2680826E-05   9.5850210E-05
   1.5431858E+03   2.4230000E+03   2.1130000E+03   7.6140408E-06   8.7311031E-06
   1.5431933E+03   2.4240000E+03   2.0800000E+03   4.4229305E-06   5.1544152E-06
   1.5432009E+03   2.5180000E+03   2.2140000E+03   0.0000000E+00   0.0000000E+00
   1.5432084E+03   2.4710000E+03   2.1480000E+03   0.0000000E+00   0.0000000E+00
   1.5432159E+03   2.4160000E+03   2.1460000E+03   3.8597467E-04   4.3453625E-04
   1.5432235E+03   2.4020000E+03   2.0970000E+03   2.1989499E-04   2.5187781E-04
   1.5432310E+03   2.4650000E+03   2.1670000E+03   2.5551420E-04   2.9065182E-04
   1.5432385E+03   2.3320000E+03   2.0220000E+03   2.6305315E-05   3.0338277E-05
   1.5432460E+03   2.4670000E+03   2.1620000E+03   9.0430573E-05   0.0000000E+00
   1.5432536E+03   2.4100000E+03   2.0930000E+03   0.0000000E+00   0.0000000E+00
   1.5432611E+03   2.4510000E+03   2.1000000E+03   1.5094039E-04   1.7616900E-04
   1.5432686E+03   2.5570000E+03   2.2230000E+03   1.7225575E-04   1.9813673E-04
   1.5432762E+03   2.4700000E+03   2.1490000E+03   1.3055809E-04   1.5005978E-04
   1.5432837E+03   2.5100000E+03   2.1860000E+03   4.6066487E-04   5.2894274E-04
   1.5432912E+03   2.4690000E+03   2.1600000E+03   0.0000000E+00   0.0000000E+00
   1.5432987E+03   2.4580000E+03   2.1330000E+03   3.1692536E-04   3.6521451E-04
   1.5433063E+03   2.5220000E+03   2.2010000E+03   4.3652751E-04   1.3833674E-04
   1.5433138E+03   2.4650000E+03   2.1610000E+03   0.0000000E+00   0.0000000E+00
   1.5433213E+03   2.4410000E+03   2.1440000E+03   7.6704567E-05   0.0000000E+00
   1.5433289E+03   2.5430000E+03   2.2230000E+03   0.0000000E+00   0.0000000E+00
   1.5433364E+03   2.5260000E+03   2.2260000E+03   2.3022277E-04   2.6125009E-04
   1.5433439E+03   2.4750000E+03   2.1690000E+03   6.6584871E-04   7.5978587E-04
   1.5433514E+03   2.4260000E+03   2.0880000E+03   2.0784894E-04   2.4149499E-04
   1.5433590E+03   2.3930000E+03   2.0690000E+03   3.4063834E-04   3.8968572E-04
   1.5433665E+03   2.6150000E+03   2.3130000E+03   2.7251949E-04   3.0810137E-04
   1.5433740E+03   2.5090000E+03   2.1620000E+03   5.2759296E-04   6.1227139E-04
   1.5433815E+03   2.5210000E+03   2.1860000E+03   0.0000000E+00   0.0000000E+00
   1.5433891E+03   2.5560000E+03   2.2380000E+03   2.3576803E-04   2.5975906E-04
   1.5433966E+03   2.4790000E+03   2.1430000E+03   2.1216849E-04   2.4543429E-04
   1.5434041E+03   2.5110000E+03   2.1780000E+03   3.7379105E-04   4.3094092E-04
   1.5434117E+03   2.5180000E+03   2.2030000E+03   1.0859199E-04   1.2411921E-04
   1.5434192E+03   2.5150000E+03   2.2100000E+03   3.4817271E-04   3.9622369E-04
   1.5434267E+03   2.5670000E+03   2.2420000E+03   2.2661700E-04   2.5946737E-04
   1.5434342E+03   2.4820000E+03   2.1700000E+03   7.7732709E-05   8.8909025E-05
   1.5434418E+03   2.5150000E+03   2.2000000E+03   4.8364925E-04   5.5289903E-04
   1.5434493E+03   2.6030000E+03   2.2950000E+03   2.1050570E-04   2.3875657E-04
   1.5434568E+03   2.4780000E+03   2.1320000E+03   0.0000000E+00   0.0000000E+00
   1.5434644E+03   2.5520000E+03   2.2220000E+03   1.9786186E-04   2.2724729E-04
   1.5434719E+03   2.4850000E+03   2.1290000E+03   3.2580360E-04   3.8028274E-04
   1.5434794E+03   2.5700000E+03   2.2090000E+03   0.0000000E+00   0.0000000E+00
   1.5434869E+03   2.4710000E+03   2.1600000E+03   0.0000000E+00   0.0000000E+00
   1.5434945E+03   2.5270000E+03   2.1900000E+03   0.0000000E+00   0.0000000E+00
   1.5435020E+03   2.5330000E+03   2.2050000E+03   0.0000000E+00   0.0000000E+00
   1.5435095E+03   2.5490000E+03   2.2060000E+03   1.9566162E-04   2.2608407E-04
   1.5435171E+03   2.4980000E+03   2.1910000E+03   0.0000000E+00   0.0000000E+00
   1.5435246E+03   2.4830000E+03   2.1290000E+03   6.8379533E-05   7.9749357E-05
   1.5435321E+03   2.5060000E+03   2.1740000E+03   3.3319092E-04   3.8407380E-04
   1.5435396E+03   2.5390000E+03   2.2240000E+03   1.7073818E-04   1.9492097E-04
   1.5435472E+03   2.5330000E+03   2.1990000E+03   1.5305788E-04   1.7630542E-04
   1.5435547E+03   2.5000000E+03   2.1820000E+03   4.3996228E-05   5.0408144E-05
   1.5435622E+03   2.4180000E+03   2.1000000E+03   5.6185698E-04   6.4693818E-04
   1.5435698E+03   2.5370000E+03   2.2050000E+03   0.0000000E+00   0.0000000E+00
   1.5435773E+03   2.5330000E+03   2.2380000E+03   3.3301268E-04   3.7690845E-04
   1.5435848E+03   2.5630000E+03   2.2420000E+03   0.0000000E+00   0.0000000E+00
   1.5435923E+03   2.4890000E+03   2.1790000E+03   5.3752581E-04   6.1399804E-04
   1.5435999E+03   2.5480000E+03   2.2090000E+03   6.0450239E-05   2.6586105E-04
   1.5436074E+03   2.4560000E+03   2.1200000E+03   0.0000000E+00   0.0000000E+00
   1.5436149E+03   2.5410000E+03   2.2220000E+03   1.9188147E-04   2.1942881E-04
   1.5436225E+03   2.4840000E+03   2.1900000E+03   3.1786560E-04   3.6053797E-04
   1.5436300E+03   2.5990000E+03   2.2680000E+03   2.4773110E-04   2.6074036E-04
   1.5436375E+03   2.5920000E+03   2.2610000E+03   2.0315199E-04   2.3289251E-04
   1.5436450E+03   2.4560000E+03   2.1400000E+03   3.7725117E-04   4.3295741E-04
   1.5436526E+03   2.4350000E+03   2.1450000E+03   3.7722107E-04   4.2822065E-04
   1.5436601E+03   2.5680000E+03   2.2280000E+03   1.3446743E-04   1.5498760E-04
   1.5436676E+03   2.4700000E+03   2.1490000E+03   2.0375020E-04   2.3418474E-04
   1.5436752E+03   2.4850000E+03   2.1490000E+03   9.7838968E-05   1.1313627E-04
   1.5436827E+03   2.5340000E+03   2.2150000E+03   2.8047895E-04   3.2087299E-04
   1.5436902E+03   2.4720000E+03   2.1500000E+03   1.6517774E-04   1.8991599E-04
   1.5436977E+03   2.4890000E+03   2.1640000E+03   0.0000000E+00   0.0000000E+00
   1.5437053E+03   2.5600000E+03   2.2260000E+03   5.9999987E-05   1.8075746E-05
   1.5437128E+03   2.5060000E+03   2.1730000E+03   0.0000000E+00   0.0000000E+00
   1.5437203E+03   2.5080000E+03   2.1800000E+03   2.6642559E-05   3.0651164E-05
   1.5437279E+03   2.5060000E+03   2.1800000E+03   1.0648607E-04   1.2241014E-04
   1.5437354E+03   2.4930000E+03   2.1750000E+03   3.4008327E-04   3.8980579E-04
   1.5437429E+03   2.5460000E+03   2.2050000E+03   1.7248132E-04   1.9915531E-04
   1.5437504E+03   2.5320000E+03   2.2180000E+03   3.1359910E-04   3.5799500E-04
   1.5437580E+03   2.5980000E+03   2.2660000E+03   3.2682028E-04   1.7968634E-04
   1.5437655E+03   2.5420000E+03   2.1980000E+03   3.0555350E-04   3.5337443E-04
   1.5437730E+03   2.5340000E+03   2.2080000E+03   5.2827363E-04   7.6666148E-04
   1.5437806E+03   2.5480000E+03   2.2060000E+03   2.0238773E-04   2.3376425E-04
   1.5437881E+03   2.5700000E+03   2.2570000E+03   3.6513395E-04   4.1577060E-04
   1.5437956E+03   2.6200000E+03   2.2380000E+03   4.1182208E-04   4.8211522E-04
   1.5438031E+03   2.5680000E+03   2.2480000E+03   4.2029855E-04   4.8012752E-04
   1.5438107E+03   2.5790000E+03   2.2210000E+03   0.0000000E+00   0.0000000E+00
   1.5438182E+03   2.6080000E+03   2.2550000E+03   1.4530055E-04   1.6804605E-04
   1.5438257E+03   2.5170000E+03   2.1730000E+03   2.8851978E-04   3.4271140E-04
   1.5438332E+03   2.5440000E+03   2.1930000E+03   9.1036658E-05   1.0560750E-04
   1.5438408E+03   2.5740000E+03   2.2430000E+03   1.7792925E-04   2.0418630E-04
   1.5438483E+03   2.5640000E+03   2.2370000E+03   4.6886466E-04   5.2961005E-04
   1.5438558E+03   2.4270000E+03   2.1280000E+03   7.6923157E-04   8.9008567E-04
   1.5438634E+03   2.5050000E+03   2.1970000E+03   3.5837431E-04   4.0861522E-04
   1.5438709E+03   2.5690000E+03   2.2420000E+03   0.0000000E+00   0.0000000E+00
   1.5438784E+03   2.5560000E+03   2.1740000E+03   3.7665377E-04   4.4283673E-04
   1.5438859E+03   2.5490000E+03   2.2100000E+03   3.2443498E-04   3.7420125E-04
   1.5438935E+03   2.5510000E+03   2.2200000E+03   1.9629080E-04   2.2555758E-04
   1.5439010E+03   2.5470000E+03   2.2060000E+03   8.3497912E-07   9.6404888E-07
   1.5439085E+03   2.5150000E+03   2.1740000E+03   0.0000000E+00   0.0000000E+00
   1.5439161E+03   2.5740000E+03   2.2540000E+03   5.0227579E-04   5.7358380E-04
   1.5439236E+03   2.5370000E+03   2.2250000E+03   0.0000000E+00   0.0000000E+00
   1.5439311E+03   2.5370000E+03   2.1850000E+03   5.9082810E-04   6.8600957E-04
   1.5439386E+03   2.5280000E+03   2.2010000E+03   1.9586029E-04   2.2495903E-04
   1.5439462E+03   2.5700000E+03   2.2410000E+03   9.8689506E-05   0.0000000E+00
   1.5439537E+03   2.5040000E+03   2.1420000E+03   2.0249072E-04   2.3671184E-04
   1.5439612E+03   2.4900000E+03   2.1550000E+03   2.7941213E-04   3.2284742E-04
   1.5439688E+03   2.5560000E+03   2.2110000E+03   3.0505443E-04   3.5265452E-04
   1.5439763E+03   2.5300000E+03   2.2280000E+03   7.4363264E-05   8.4443024E-05
   1.5439838E+03   2.5910000E+03   2.2780000E+03   5.0188227E-05   5.7084151E-05
   1.5439913E+03   2.5500000E+03   2.1980000E+03   8.1203668E-05   9.4208077E-05
   1.5439989E+03   2.6220000E+03   2.2730000E+03   2.6483634E-04   3.0549972E-04
   1.5440064E+03   2.6680000E+03   2.3320000E+03   0.0000000E+00   0.0000000E+00
   1.5440139E+03   2.4830000E+03   2.1550000E+03   1.0633266E-04   1.2251693E-04
   1.5440215E+03   2.6220000E+03   2.2900000E+03   9.1721200E-05   1.0501877E-04
   1.5440290E+03   2.5810000E+03   2.2500000E+03   0.0000000E+00   0.0000000E+00
   1.5440365E+03   2.6040000E+03   2.2400000E+03   1.0127954E-04   1.1773746E-04
   1.5440440E+03   2.5810000E+03   2.2480000E+03   0.0000000E+00   0.0000000E+00
   1.5440516E+03   2.6910000E+03   2.3170000E+03   3.6125366E-04   4.1956565E-04
   1.5440591E+03   2.4790000E+03   2.1390000E+03   0.0000000E+00   0.0000000E+00
   1.5440666E+03   2.6650000E+03   2.3140000E+03   4.3527259E-04   5.1468032E-04
   1.5440742E+03   2.5750000E+03   2.2390000E+03   2.8353400E-04   3.2608309E-04
   1.5440817E+03   2.6040000E+03   2.2280000E+03   3.8475440E-04   4.4968602E-04
   1.5440892E+03   2.5570000E+03   2.2400000E+03   2.2826304E-04   2.6056633E-04
   1.5440967E+03   2.5090000E+03   2.1650000E+03   4.4023427E-04   5.1018374E-04
   1.5441043E+03   2.5980000E+03   2.2550000E+03   6.8731818E-05   7.0969063E-05
   1.5441118E+03   2.5690000E+03   2.2650000E+03   3.5309661E-04   4.0048794E-04
   1.5441193E+03   2.4680000E+03   2.1370000E+03   3.7832471E-04   4.3692343E-04
   1.5441269E+03   2.5070000E+03   2.2030000E+03   3.7208305E-04   4.2342815E-04
   1.5441344E+03   2.5850000E+03   2.2620000E+03   5.8834779E-04   3.6032616E-04
   1.5441419E+03   2.6050000E+03   2.2200000E+03   2.5992524E-04   3.0500237E-04
   1.5441494E+03   2.5270000E+03   2.2260000E+03   2.5691365E-04   6.1454973E-06
   1.5441570E+03   2.5380000E+03   2.2280000E+03   1.7812932E-04   2.0291393E-04
   1.5441645E+03   2.5240000E+03   2.2130000E+03   9.4849598E-04   7.5770599E-04
   1.5441720E+03   2.6080000E+03   2.2580000E+03   1.8920264E-04   2.1852989E-04
   1.5441796E+03   2.4790000E+03   2.1520000E+03   3.3336584E-04   3.8402134E-04
   1.5441871E+03   2.5800000E+03   2.2480000E+03   0.0000000E+00   0.0000000E+00
   1.5441946E+03   2.6370000E+03   2.2790000E+03   2.7576284E-04   3.1908145E-04
   1.5442021E+03   2.7100000E+03   2.3500000E+03   1.1376254E-04   1.3119000E-04
   1.5442097E+03   2.6220000E+03   2.2670000E+03   1.1232011E-04   1.2990884E-04
   1.5442172E+03   2.5640000E+03   2.2370000E+03   3.2984364E-04   3.7805950E-04
   1.5442247E+03   2.6020000E+03   2.2540000E+03   3.2463710E-04   3.7475853E-04
   1.5442323E+03   2.5810000E+03   2.2590000E+03   0.0000000E+00   0.0000000E+00
   1.5442398E+03   2.5860000E+03   2.2590000E+03   4.7637969E-04   3.9643111E-04
   1.5442473E+03   2.6560000E+03   2.3130000E+03   3.1999990E-04   3.8721326E-04
   1.5442548E+03   2.5530000E+03   2.2260000E+03   2.6164050E-04   2.4631675E-04
   1.5442624E+03   2.5590000E+03   2.2380000E+03   1.4243257E-06   1.6286191E-06
   1.5442699E+03   2.6100000E+03   2.2740000E+03   0.0000000E+00   0.0000000E+00
   1.5442774E+03   2.6230000E+03   2.2630000E+03   5.0472998E-04   5.8502287E-04
   1.5442849E+03   2.6420000E+03   2.2920000E+03   0.0000000E+00   0.0000000E+00
   1.5442925E+03   2.6250000E+03   2.2880000E+03   3.3634993E-04   3.8589099E-04
   1.5443000E+03   2.6700000E+03   2.3180000E+03   2.1695649E-04   2.4990242E-04
   1.5443075E+03   2.5720000E+03   2.2470000E+03   2.3095294E-04   2.6435735E-04
   1.5443151E+03   2.6640000E+03   2.3210000E+03   5.5368225E-04   6.3550604E-04
   1.5443226E+03   2.5360000E+03   2.2130000E+03   2.1162289E-04   2.4251046E-04
   1.5443301E+03   2.6650000E+03   2.3460000E+03   1.6429006E-04   1.8662959E-04
   1.5443376E+03   2.6230000E+03   2.2950000E+03   7.7254963E-04   8.8296195E-04
   1.5443452E+03   2.7270000E+03   2.3990000E+03   6.4594303E-05   7.3425871E-05
   1.5443527E+03   2.5610000E+03   2.2560000E+03   3.4553405E-04   1.8517799E-04
   1.5443602E+03   2.6300000E+03   2.3240000E+03   2.4352116E-04   2.6995353E-05
   1.5443678E+03   2.5180000E+03   2.1800000E+03   5.3645114E-04   6.1962567E-04
   1.5443753E+03   2.6030000E+03   2.2700000E+03   2.2930645E-04   2.6294480E-04
   1.5443828E+03   2.5810000E+03   2.2300000E+03   3.1782662E-04   3.5240307E-04
   1.5443903E+03   2.6240000E+03   2.3220000E+03   2.9161099E-04   3.2953800E-04
   1.5443979E+03   2.6250000E+03   2.2680000E+03   4.9067543E-05   3.4551123E-04
   1.5444054E+03   2.6140000E+03   2.2550000E+03   9.1074247E-04   9.4920216E-04
   1.5444129E+03   2.5720000E+03   2.2410000E+03   2.0699725E-04   2.3757114E-04
   1.5444205E+03   2.5560000E+03   2.1900000E+03   1.8901872E-04   2.2060815E-04
   1.5444280E+03   2.6570000E+03   2.3060000E+03   0.0000000E+00   0.0000000E+00
   1.5444355E+03   2.6500000E+03   2.3020000E+03   6.7543902E-04   7.7754710E-04
   1.5444430E+03   2.5850000E+03   2.2530000E+03   4.2809419E-04   1.7776274E-04
   1.5444506E+03   2.5960000E+03   2.2600000E+03   1.6785096E-04   1.9280579E-04
   1.5444581E+03   2.5840000E+03   2.2610000E+03   1.6073414E-04   1.8369616E-04
   1.5444656E+03   2.6300000E+03   2.2800000E+03   2.7988811E-04   3.2285339E-04
   1.5444732E+03   2.7080000E+03   2.3470000E+03   4.3974481E-04   5.0738344E-04
   1.5444807E+03   2.6830000E+03   2.3300000E+03   0.0000000E+00   0.0000000E+00
   1.5444882E+03   2.5270000E+03   2.2390000E+03   1.3217541E-04   1.4917698E-04
   1.5444957E+03   2.7470000E+03   2.3870000E+03   3.7978710E-04   4.3706542E-04
   1.5445033E+03   2.5760000E+03   2.2340000E+03   5.1089308E-06   5.8910501E-06
   1.5445108E+03   2.6150000E+03   2.2730000E+03   4.5044727E-04   3.1135669E-04
   1.5445183E+03   2.6660000E+03   2.3050000E+03   3.3727602E-04   3.9009886E-04
   1.5445259E+03   2.5620000E+03   2.1980000E+03   4.6161812E-04   5.3806443E-04
   1.5445334E+03   2.5930000E+03   2.2620000E+03   5.3803368E-04   6.1676451E-04
   1.5445409E+03   2.6280000E+03   2.2790000E+03   3.2619542E-04   1.3396622E-04
   1.5445484E+03   2.6790000E+03   2.3020000E+03   2.8407493E-04   3.3059806E-04
   1.5445560E+03   2.7230000E+03   2.3660000E+03   4.2977805E-05   4.9462622E-05
   1.5445635E+03   2.5940000E+03   2.2440000E+03   4.5236751E-04   5.2292394E-04
   1.5445710E+03   2.5730000E+03   2.2380000E+03   2.7529065E-04   3.1649814E-04
   1.5445786E+03   2.6370000E+03   2.2580000E+03   2.6857654E-04   3.1365648E-04
   1.5445861E+03   2.6390000E+03   2.2780000E+03   4.2033660E-04   4.8694832E-04
   1.5445936E+03   2.6070000E+03   2.2810000E+03   7.4056508E-05   8.4640647E-05
   1.5446011E+03   2.6120000E+03   2.2800000E+03   2.8005974E-05   3.2084037E-05
   1.5446087E+03   2.5970000E+03   2.2550000E+03   7.3411036E-04   8.3066707E-04
   1.5446162E+03   2.6310000E+03   2.3060000E+03   3.7227733E-05   4.2474486E-05
   1.5446237E+03   2.5190000E+03   2.2240000E+03   3.3746433E-04   3.8222691E-04
   1.5446313E+03   2.6640000E+03   2.2990000E+03   3.0717703E-04   3.5594590E-04
   1.5446388E+03   2.7000000E+03   2.3720000E+03   1.5412835E-04   1.7544121E-04
   1.5446463E+03   2.7280000E+03   2.3730000E+03   2.2529353E-04   2.5899736E-04
   1.5446538E+03   2.5260000E+03   2.2160000E+03   1.4132811E-04   1.6109874E-04
   1.5446614E+03   2.4960000E+03   2.1560000E+03   1.4309412E-04   1.6565998E-04
   1.5446689E+03   2.6600000E+03   2.2960000E+03   6.8585104E-05   7.9458352E-05
   1.5446764E+03   2.6290000E+03   2.2910000E+03   2.1587343E-04   2.4772207E-04
   1.5446840E+03   2.6020000E+03   2.2900000E+03   0.0000000E+00   0.0000000E+00
   1.5446915E+03   2.6210000E+03   2.2910000E+03   3.2626501E-04   3.7326084E-04
   1.5446990E+03   2.6490000E+03   2.3270000E+03   5.3728682E-04   3.7814103E-04
   1.5447065E+03   2.6100000E+03   2.2740000E+03   9.6058342E-05   1.1025166E-04
   1.5447141E+03   2.7070000E+03   2.3770000E+03   7.6373071E-05   8.6975979E-05
   1.5447216E+03   2.6060000E+03   2.2460000E+03   2.1852143E-04   2.5131093E-04
   1.5447291E+03   2.6170000E+03   2.2400000E+03   4.3995365E-04   5.1399942E-04
   1.5447366E+03   2.5990000E+03   2.2550000E+03   1.4445343E-04   1.6648978E-04
   1.5447442E+03   2.6560000E+03   2.3170000E+03   1.7596582E-04   2.0171136E-04
   1.5447517E+03   2.6510000E+03   2.3270000E+03   3.4646208E-04   3.6373048E-04
   1.5447592E+03   2.6770000E+03   2.3350000E+03   0.0000000E+00   0.0000000E+00
   1.5447668E+03   2.6050000E+03   2.3150000E+03   2.5088829E-04   2.8231707E-04
   1.5447743E+03   2.6990000E+03   2.3640000E+03   5.4000356E-04   5.9763405E-04
   1.5447818E+03   2.6560000E+03   2.3170000E+03   9.0844910E-05   1.0413642E-04
   1.5447893E+03   2.6730000E+03   2.3260000E+03   3.2551174E-04   7.7671573E-05
   1.5447969E+03   2.6500000E+03   2.2950000E+03   5.9969108E-05   6.9245376E-05
   1.5448044E+03   2.6360000E+03   2.2840000E+03   2.2078704E-04   1.4028264E-04
   1.5448119E+03   2.6310000E+03   2.3020000E+03   2.0867404E-04   2.3849757E-04
   1.5448195E+03   2.6200000E+03   2.2830000E+03   2.7826552E-04   3.1934107E-04
   1.5448270E+03   2.6430000E+03   2.3060000E+03   1.7300329E-05   1.9828607E-05
   1.5448345E+03   2.6410000E+03   2.3040000E+03   3.0132019E-04   3.4539350E-04
   1.5448420E+03   2.6680000E+03   2.2910000E+03   4.0000687E-04   4.6583079E-04
   1.5448496E+03   2.6530000E+03   2.3160000E+03   5.5355163E-04   5.4121677E-04
   1.5448571E+03   2.5780000E+03   2.2400000E+03   3.0480380E-04   3.5079652E-04
   1.5448646E+03   2.6600000E+03   2.3360000E+03   1.5591282E-04   1.7753771E-04
   1.5448722E+03   2.6770000E+03   2.3120000E+03   4.7078335E-04   5.4510685E-04
   1.5448797E+03   2.6180000E+03   2.2820000E+03   4.7706364E-04   6.9204671E-04
   1.5448872E+03   2.6610000E+03   2.3360000E+03   4.0219956E-04   1.6648087E-04
   1.5448947E+03   2.5350000E+03   2.2130000E+03   3.0075270E-04   3.4451338E-04
   1.5449023E+03   2.5580000E+03   2.2070000E+03   5.9107647E-04   6.8508093E-04
   1.5449098E+03   2.7110000E+03   2.3810000E+03   2.4182082E-04   2.7533652E-04
   1.5449173E+03   2.6260000E+03   2.3200000E+03   2.3465149E-04   2.6560121E-04
   1.5449249E+03   2.7580000E+03   2.4090000E+03   1.9613006E-04   2.2454408E-04
   1.5449324E+03   2.6170000E+03   2.2930000E+03   3.4008207E-04   3.8813553E-04
   1.5449399E+03   2.7310000E+03   2.3860000E+03   4.4532099E-04   5.0971150E-04
   1.5449474E+03   2.7520000E+03   2.3740000E+03   5.2391722E-06   6.0733790E-06
   1.5449550E+03   2.6480000E+03   2.2950000E+03   4.1608946E-04   4.8008928E-04
   1.5449625E+03   2.6460000E+03   2.2970000E+03   3.7945708E-04   6.4940846E-04
   1.5449700E+03   2.6960000E+03   2.3590000E+03   3.7309647E-04   5.0085573E-04
   1.5449776E+03   2.6690000E+03   2.2820000E+03   3.2892174E-04   3.4091627E-04
   1.5449851E+03   2.6270000E+03   2.2800000E+03   5.2554691E-04   6.0671123E-04
   1.5449926E+03   2.6370000E+03   2.2800000E+03   2.7261606E-05   3.1530200E-05
   1.5450001E+03   2.6610000E+03   2.3110000E+03   2.1027069E-04   1.4774479E-04
   1.5450077E+03   2.6370000E+03   2.3030000E+03   3.3655080E-04   3.8536017E-04
   1.5450152E+03   2.7690000E+03   2.4330000E+03   2.1893336E-04   2.4916830E-04
   1.5450227E+03   2.6350000E+03   2.2930000E+03   3.5743495E-04   1.8934839E-04
   1.5450303E+03   2.6550000E+03   2.3220000E+03   3.7744801E-04   4.3157815E-04
   1.5450378E+03   2.6290000E+03   2.2560000E+03   2.7962911E-04   3.2801769E-04
   1.5450453E+03   2.7460000E+03   2.3990000E+03   5.5398746E-05   6.3411821E-05
   1.5450528E+03   2.6650000E+03   2.3030000E+03   6.1007259E-04   3.7471360E-04
   1.5450604E+03   2.6940000E+03   2.3750000E+03   3.0731702E-04   3.6523597E-04
   1.5450679E+03   2.6540000E+03   2.2800000E+03   6.1521919E-05   7.1613673E-05
   1.5450754E+03   2.6730000E+03   2.3220000E+03   1.2831055E-04   3.3767508E-04
   1.5450830E+03   2.7550000E+03   2.3940000E+03   2.8119632E-04   1.8893229E-04
   1.5450905E+03   2.6060000E+03   2.2700000E+03   3.2302441E-04   3.7083772E-04
   1.5450980E+03   2.5900000E+03   2.2400000E+03   4.2719874E-04   4.9394854E-04
   1.5451055E+03   2.6700000E+03   2.3240000E+03   1.7979871E-04   1.1431867E-04
   1.5451131E+03   2.7600000E+03   2.4390000E+03   2.9660908E-04   3.3564619E-04
   1.5451206E+03   2.5650000E+03   2.2500000E+03   1.0617444E-04   1.2103886E-04
   1.5451281E+03   2.7200000E+03   2.3680000E+03   2.3646917E-04   2.7161999E-04
   1.5451357E+03   2.6510000E+03   2.3160000E+03   1.9884873E-04   2.2761139E-04
   1.5451432E+03   2.7070000E+03   2.3700000E+03   2.9445846E-04   3.3632871E-04
   1.5451507E+03   2.7350000E+03   2.3980000E+03   7.1217998E-04   8.1226532E-04
   1.5451582E+03   2.7540000E+03   2.3800000E+03   1.5123674E-04   6.7575615E-05
   1.5451658E+03   2.7070000E+03   2.3710000E+03   2.1921995E-04   2.5028612E-04
   1.5451733E+03   2.6190000E+03   2.2790000E+03   8.1625393E-04   9.3802941E-04
   1.5451808E+03   2.6690000E+03   2.3220000E+03   1.8016227E-04   2.0708575E-04
   1.5451883E+03   2.6870000E+03   2.3320000E+03   7.2829629E-04   9.0896523E-04
   1.5451959E+03   2.7070000E+03   2.3630000E+03   1.8099327E-04   2.0734185E-04
   1.5452034E+03   2.6020000E+03   2.2580000E+03   3.0361423E-04   2.9891200E-04
   1.5452109E+03   2.7210000E+03   2.4180000E+03   5.1090216E-04   4.5017439E-04
   1.5452185E+03   2.6680000E+03   2.3250000E+03   2.1570442E-04   2.4295982E-04
   1.5452260E+03   2.6350000E+03   2.2980000E+03   4.4894106E-04   5.1477793E-04
   1.5452335E+03   2.6530000E+03   2.2930000E+03   4.9702349E-04   5.7505596E-04
   1.5452410E+03   2.6230000E+03   2.2680000E+03   5.0034885E-04   5.7866624E-04
   1.5452486E+03   2.7300000E+03   2.3690000E+03   5.4123532E-04   5.9647873E-04
   1.5452561E+03   2.6640000E+03   2.3180000E+03   3.5268433E-04   5.6957381E-04
   1.5452636E+03   2.6590000E+03   2.3070000E+03   1.7694246E-04   2.0394018E-04
   1.5452712E+03   2.7670000E+03   2.3790000E+03   1.3010932E-04   2.7413315E-05
   1.5452787E+03   2.6900000E+03   2.3330000E+03   1.8042171E-04   2.0803018E-04
   1.5452862E+03   2.6500000E+03   2.3070000E+03   7.0454673E-04   6.0762612E-04
   1.5452937E+03   2.6150000E+03   2.2750000E+03   2.6641197E-04   3.9347755E-04
   1.5453013E+03   2.6930000E+03   2.3560000E+03   2.3396577E-04   1.4380526E-04
   1.5453088E+03   2.6540000E+03   2.3220000E+03   2.8324859E-05   3.2374753E-05
   1.5453163E+03   2.6230000E+03   2.2910000E+03   2.9879977E-04   3.4210030E-04
   1.5453239E+03   2.7570000E+03   2.4170000E+03   1.7969999E-04   1.9903798E-04
   1.5453314E+03   2.7210000E+03   2.3740000E+03   3.0169721E-04   3.2504797E-04
   1.5453389E+03   2.7110000E+03   2.3890000E+03   1.7968835E-04   2.0390755E-04
   1.5453464E+03   2.6650000E+03   2.3010000E+03   8.2606416E-04   9.5674098E-04
   1.5453540E+03   2.7110000E+03   2.3520000E+03   3.8563120E-04   4.4449242E-04
   1.5453615E+03   2.6380000E+03   2.3220000E+03   3.9118224E-04   4.4441807E-04
   1.5453690E+03   2.7050000E+03   2.3400000E+03   5.1212876E-04   1.8721118E-04
   1.5453766E+03   2.6830000E+03   2.3500000E+03   1.4701484E-04   1.6784716E-04
   1.5453841E+03   2.6490000E+03   2.3070000E+03   4.4397745E-04   4.6299519E-04
   1.5453916E+03   2.6450000E+03   2.3040000E+03   1.6853750E-04   1.9348163E-04
   1.5453991E+03   2.7090000E+03   2.3580000E+03   1.2515365E-04   1.4378339E-04
   1.5454067E+03   2.6690000E+03   2.3370000E+03   6.4077687E-04   7.3180721E-04
   1.5454142E+03   2.7040000E+03   2.3970000E+03   9.1400003E-04   1.0310622E-03
   1.5454217E+03   2.6770000E+03   2.3280000E+03   5.8996073E-04   6.1909599E-04
   1.5454293E+03   2.7620000E+03   2.4130000E+03   2.8668123E-04   3.2814486E-04
   1.5454368E+03   2.7470000E+03   2.3830000E+03   6.4536682E-04   5.8517521E-04
   1.5454443E+03   2.6820000E+03   2.3470000E+03   2.5581045E-04   2.9232366E-04
   1.5454518E+03   2.6480000E+03   2.3080000E+03   3.2966840E-05   3.7823307E-05
   1.5454594E+03   2.7310000E+03   2.3810000E+03   1.4834743E-04   1.4616491E-04
   1.5454669E+03   2.6950000E+03   2.3800000E+03   3.7411458E-04   1.5780124E-04
   1.5454744E+03   2.6530000E+03   2.2910000E+03   5.0497869E-04   5.8477017E-04
   1.5454820E+03   2.5680000E+03   2.2220000E+03   3.3519843E-04   3.8739405E-04
   1.5454895E+03   2.7230000E+03   2.3420000E+03   1.5142855E-04   1.7606317E-04
   1.5454970E+03   2.6190000E+03   2.2890000E+03   3.5459496E-04   3.6080224E-04
   1.5455045E+03   2.7740000E+03   2.4280000E+03   4.2326970E-04   4.8358738E-04
   1.5455121E+03   2.6970000E+03   2.3490000E+03   3.3014069E-04   3.7905042E-04
   1.5455196E+03   2.7820000E+03   2.4360000E+03   3.0951074E-04   3.5347245E-04
   1.5455271E+03   2.5860000E+03   2.2510000E+03   3.4381054E-04   3.9497737E-04
   1.5455347E+03   2.7370000E+03   2.4050000E+03   5.7017662E-04   3.5057201E-04
   1.5455422E+03   2.6630000E+03   2.3060000E+03   3.5584322E-04   7.9094553E-05
   1.5455497E+03   2.7440000E+03   2.3670000E+03   2.8619606E-04   3.3177947E-04
   1.5455572E+03   2.6460000E+03   2.3080000E+03   2.2802739E-04   2.6142134E-04
   1.5455648E+03   2.6200000E+03   2.2890000E+03   6.8701743E-05   7.8636334E-05
   1.5455723E+03   2.6960000E+03   2.3570000E+03   2.3640926E-04   2.4656069E-04
   1.5455798E+03   2.7400000E+03   2.3800000E+03   4.0012848E-04   4.6651451E-04
   1.5455874E+03   2.6880000E+03   2.3240000E+03   4.0702584E-04   4.7077688E-04
   1.5455949E+03   2.6690000E+03   2.3070000E+03   3.4212119E-04   3.9580471E-04
   1.5456024E+03   2.8090000E+03   2.4150000E+03   1.1539337E-04   1.3347979E-04
   1.5456099E+03   2.6900000E+03   2.3430000E+03   6.2515304E-04   7.1773866E-04
   1.5456175E+03   2.7520000E+03   2.4360000E+03   2.3933988E-04   2.7038725E-04
   1.5456250E+03   2.6390000E+03   2.2950000E+03   6.5603631E-04   7.1193855E-04
   1.5456325E+03   2.8110000E+03   2.4580000E+03   3.5208447E-04   3.7715546E-04
   1.5456400E+03   2.7110000E+03   2.3770000E+03   5.5240222E-04   3.8312845E-04
   1.5456476E+03   2.6450000E+03   2.3110000E+03   1.8900005E-04   2.1631551E-04
   1.5456551E+03   2.7780000E+03   2.4390000E+03   2.0775816E-04   1.3881774E-04
   1.5456626E+03   2.7270000E+03   2.3850000E+03   1.1104749E-04   2.1166859E-04
   1.5456702E+03   2.6750000E+03   2.3430000E+03   5.7679592E-04   6.5852714E-04
   1.5456777E+03   2.6810000E+03   2.3210000E+03   5.3579645E-04   6.1568938E-04
   1.5456852E+03   2.6320000E+03   2.2850000E+03   9.2143770E-04   1.0397681E-03
   1.5456927E+03   2.6570000E+03   2.3240000E+03   2.7144200E-04   3.9883781E-04
   1.5457003E+03   2.6340000E+03   2.3180000E+03   2.4523562E-04   2.7774637E-04
   1.5457078E+03   2.7530000E+03   2.4230000E+03   3.5411909E-04   2.0492404E-04
   1.5457153E+03   2.6990000E+03   2.3310000E+03   4.2768397E-04   5.2688597E-04
   1.5457229E+03   2.6390000E+03   2.2730000E+03   6.6665425E-04   7.7399937E-04
   1.5457304E+03   2.7460000E+03   2.3960000E+03   2.8959417E-04   3.4417894E-04
   1.5457379E+03   2.6900000E+03   2.3550000E+03   5.6562928E-04   6.4609035E-04
   1.5457454E+03   2.6740000E+03   2.3500000E+03   1.9092024E-04   2.1242536E-04
   1.5457530E+03   2.7170000E+03   2.3900000E+03   4.0130920E-04   4.5621636E-04
   1.5457605E+03   2.6060000E+03   2.2730000E+03   6.8189082E-04   8.0027223E-04
   1.5457680E+03   2.6410000E+03   2.3210000E+03   1.4055026E-04   1.4994494E-04
   1.5457756E+03   2.7060000E+03   2.3550000E+03   5.3265767E-04   6.1204741E-04
   1.5457831E+03   2.6290000E+03   2.2990000E+03   9.4578491E-05   3.9251738E-04
   1.5457906E+03   2.7450000E+03   2.3720000E+03   9.8039373E-04   1.1345619E-03
   1.5457981E+03   2.6970000E+03   2.3480000E+03   9.0526983E-04   1.0537483E-03
   1.5458057E+03   2.6670000E+03   2.3460000E+03   1.0146153E-04   1.1534438E-04
   1.5458132E+03   2.7410000E+03   2.3930000E+03   1.3816604E-04   2.0216482E-04
   1.5458207E+03   2.7790000E+03   2.3900000E+03   9.9028815E-05   9.7625912E-05
   1.5458283E+03   2.6930000E+03   2.3210000E+03   4.7871428E-04   3.2889795E-04
   1.5458358E+03   2.6400000E+03   2.2980000E+03   2.9720898E-04   3.3669567E-04
   1.5458433E+03   2.6870000E+03   2.3590000E+03   2.8076645E-04   3.1980477E-04
   1.5458508E+03   2.6830000E+03   2.3280000E+03   1.1123799E-03   1.2820083E-03
   1.5458584E+03   2.7220000E+03   2.3920000E+03   2.1479880E-04   2.4443242E-04
   1.5458659E+03   2.7250000E+03   2.3980000E+03   6.8724181E-04   6.2318414E-04
   1.5458734E+03   2.7920000E+03   2.4370000E+03   1.0531982E-03   1.2066186E-03
   1.5458810E+03   2.7670000E+03   2.4030000E+03   1.7027557E-04   3.7452967E-04
   1.5458885E+03   2.6980000E+03   2.3500000E+03   2.3232867E-04   2.1469918E-04
   1.5458960E+03   2.7060000E+03   2.3530000E+03   3.1342576E-04   4.0309525E-04
   1.5459035E+03   2.8550000E+03   2.4680000E+03   3.6765569E-04   4.4341186E-04
   1.5459111E+03   2.6630000E+03   2.3310000E+03   4.1544559E-04   4.7071646E-04
   1.5459186E+03   2.7020000E+03   2.3610000E+03   4.9548089E-04   5.6704336E-04
   1.5459261E+03   2.7520000E+03   2.3990000E+03   1.5768203E-04   1.8088410E-04
   1.5459337E+03   2.7260000E+03   2.3730000E+03   3.9069553E-04   4.9386340E-04
   1.5459412E+03   2.7560000E+03   2.4120000E+03   2.4955425E-04   2.8263935E-04
   1.5459487E+03   2.8000000E+03   2.4370000E+03   6.7598714E-04   7.7667787E-04
   1.5459562E+03   2.7200000E+03   2.3730000E+03   6.2431500E-04   6.5688941E-04
   1.5459638E+03   2.7310000E+03   2.3930000E+03   4.3625613E-04   4.8457877E-04
   1.5459713E+03   2.5980000E+03   2.2410000E+03   7.1684555E-04   8.1839226E-04
   1.5459788E+03   2.6810000E+03   2.3410000E+03   2.5631960E-04   2.9354671E-04
   1.5459864E+03   2.6980000E+03   2.3250000E+03   2.3664146E-04   3.3430932E-04
   1.5459939E+03   2.6970000E+03   2.3490000E+03   4.6195690E-04   4.8201695E-04
   1.5460014E+03   2.6140000E+03   2.2770000E+03   4.5599785E-04   5.0953264E-04
   1.5460089E+03   2.6890000E+03   2.3540000E+03   3.5759825E-04   4.0848840E-04
   1.5460165E+03   2.6620000E+03   2.3260000E+03   4.7085254E-04   5.3886908E-04
   1.5460240E+03   2.7500000E+03   2.4310000E+03   9.9451096E-04   1.0198705E-03
   1.5460315E+03   2.7470000E+03   2.3610000E+03   1.7298782E-04   2.6115147E-04
   1.5460391E+03   2.7620000E+03   2.3990000E+03   5.6156526E-04   4.1297948E-04
   1.5460466E+03   2.6940000E+03   2.3580000E+03   3.1878367E-04   2.9143684E-04
   1.5460541E+03   2.7060000E+03   2.3860000E+03   5.1553131E-04   6.1528551E-04
   1.5460616E+03   2.7620000E+03   2.4080000E+03   3.0231789E-04   5.3885718E-04
   1.5460692E+03   2.6360000E+03   2.2900000E+03   1.7156299E-04   2.9325677E-04
   1.5460767E+03   2.7390000E+03   2.3890000E+03   7.4840900E-04   8.5833785E-04
   1.5460842E+03   2.6560000E+03   2.3190000E+03   4.2430157E-05   4.8596161E-05
   1.5460917E+03   2.7480000E+03   2.3850000E+03   6.6708017E-05   1.5313912E-04
   1.5460993E+03   2.7270000E+03   2.3890000E+03   4.2683304E-04   1.9739495E-04
   1.5461068E+03   2.6710000E+03   2.3020000E+03   4.3451205E-04   4.5189492E-04
   1.5461143E+03   2.7270000E+03   2.3570000E+03   4.6407249E-04   5.0891944E-04
   1.5461219E+03   2.7490000E+03   2.3750000E+03   8.2073907E-04   1.0699268E-03
   1.5461294E+03   2.6430000E+03   2.3110000E+03   6.2244192E-04   7.2983591E-04
   1.5461369E+03   2.7930000E+03   2.4110000E+03   3.0739546E-04   3.9408982E-04
   1.5461444E+03   2.6410000E+03   2.3000000E+03   6.0479928E-04   6.8581052E-04
   1.5461520E+03   2.7390000E+03   2.4270000E+03   3.4934473E-04   4.0015304E-04
   1.5461595E+03   2.7140000E+03   2.3560000E+03   2.1994695E-04   1.6894422E-04
   1.5461670E+03   2.6410000E+03   2.3210000E+03   1.2541568E-03   1.6415028E-03
   1.5461746E+03   2.6350000E+03   2.3250000E+03   1.3506238E-03   1.4344784E-03
   1.5461821E+03   2.7360000E+03   2.3880000E+03   7.3064285E-04   7.1534531E-04
   1.5461896E+03   2.6520000E+03   2.3000000E+03   1.2967320E-04   5.0138686E-04
   1.5461971E+03   2.7740000E+03   2.4600000E+03   3.3026215E-04   3.8563172E-04
   1.5462047E+03   2.6680000E+03   2.3390000E+03   3.9389468E-04   4.0643592E-04
   1.5462122E+03   2.6630000E+03   2.3470000E+03   9.4086343E-04   9.9609093E-04
   1.5462197E+03   2.6030000E+03   2.3090000E+03   4.4210383E-04   8.6890042E-04
   1.5462273E+03   2.6770000E+03   2.3840000E+03   9.5141177E-04   1.0097669E-03
   1.5462348E+03   2.6050000E+03   2.3110000E+03   2.1652775E-04   2.3084091E-04
   1.5462423E+03   2.5800000E+03   2.3060000E+03   1.1156266E-03   1.2014280E-03
   1.5462498E+03   2.5820000E+03   2.2990000E+03   1.1897531E-04   1.3927335E-04
   1.5462574E+03   2.6440000E+03   2.3780000E+03   4.0545068E-04   2.6982718E-04
   1.5462649E+03   2.4970000E+03   2.2350000E+03   1.7388000E-04   3.9242338E-04
   1.5462724E+03   2.4860000E+03   2.2490000E+03   7.4916620E-04   1.2734889E-03
   1.5462800E+03   2.3360000E+03   2.0940000E+03   3.2683146E-04   9.3769540E-04
   1.5462875E+03   2.3790000E+03   2.1370000E+03   1.1858008E-03   1.2499379E-03
   1.5462950E+03   2.3770000E+03   2.1600000E+03   5.4083987E-04   3.5981211E-04
   1.5463025E+03   2.3420000E+03   2.1550000E+03   7.2334201E-04   8.5655849E-04
   1.5463101E+03   2.3780000E+03   2.2060000E+03   3.2294009E-04   8.6427753E-04
   1.5463176E+03   2.2040000E+03   2.0780000E+03   1.2977594E-03   1.5112525E-03
   1.5463251E+03   2.2190000E+03   2.0700000E+03   6.6618168E-04   3.7047486E-04
   1.5463327E+03   2.1050000E+03   1.9780000E+03   3.5232365E-04   6.1693058E-04
   1.5463402E+03   2.0990000E+03   1.9920000E+03   9.9661885E-04   2.8803111E-04
   1.5463477E+03   2.0450000E+03   1.9740000E+03   1.3933349E-03   1.1352321E-03
   1.5463552E+03   1.9150000E+03   1.8240000E+03   3.9763042E-04   9.9886373E-04
   1.5463628E+03   1.8560000E+03   1.7700000E+03   1.2219833E-03   5.4960633E-04
   1.5463703E+03   1.8470000E+03   1.7710000E+03   1.6543048E-03   1.0517001E-03
   1.5463778E+03   1.8090000E+03   1.7560000E+03   1.1741180E-03   1.2817956E-03
   1.5463854E+03   1.6560000E+03   1.6230000E+03   6.1047856E-03   5.5338250E-03
   1.5463929E+03   1.5910000E+03   1.5560000E+03   1.6037706E-03   1.4524236E-03
   1.5464004E+03   1.6120000E+03   1.5790000E+03   6.5989341E-04   1.1371774E-03
   1.5464079E+03   1.4410000E+03   1.4160000E+03   3.0189468E-03   3.2044639E-03
   1.5464155E+03   1.4340000E+03   1.4120000E+03   3.2507194E-03   3.3594389E-03
   1.5464230E+03   1.3480000E+03   1.3250000E+03   2.3468748E-03   2.4400845E-03
   1.5464305E+03   1.2910000E+03   1.2690000E+03   1.6296831E-03   1.6831889E-03
   1.5464381E+03   1.2530000E+03   1.2380000E+03   4.0931925E-04   1.1895408E-03
   1.5464456E+03   1.1770000E+03   1.1560000E+03   5.2687750E-04   9.7640116E-04
   1.5464531E+03   1.0780000E+03   1.0600000E+03   1.9435642E-03   1.7266443E-03
   1.5464606E+03   1.0520000E+03   1.0400000E+03   1.3036695E-03   1.9419728E-03
   1.5464682E+03   1.0030000E+03   9.8900000E+02   1.7547304E-03   1.8878716E-03
   1.5464757E+03   9.8600000E+02   9.6500000E+02   3.1032176E-03   3.9783371E-03
   1.5464832E+03   9.4400000E+02   9.3800000E+02   5.1790125E-03   4.2636846E-03
   1.5464908E+03   9.2200000E+02   9.1400000E+02   6.5047260E-03   6.0391481E-03
   1.5464983E+03   9.1100000E+02   9.0200000E+02   3.6593799E-03   3.8700242E-03
   1.5465058E+03   8.0900000E+02   7.9900000E+02   2.0823801E-03   2.6107348E-03
   1.5465133E+03   8.3000000E+02   8.2100000E+02   1.1715034E-03   2.0681939E-03
   1.5465209E+03   7.8200000E+02   7.6500000E+02   1.8441069E-03   1.5013956E-03
   1.5465284E+03   7.6300000E+02   7.5400000E+02   4.0619635E-03   5.2253294E-03
   1.5465359E+03   7.8800000E+02   7.8000000E+02   2.5283222E-03   3.1944120E-03
   1.5465434E+03   7.5700000E+02   7.5500000E+02   3.9199577E-03   4.5512377E-03
   1.5465510E+03   6.4800000E+02   6.4100000E+02   3.6578150E-03   3.9609574E-03
   1.5465585E+03   6.4800000E+02   6.4300000E+02   3.1738256E-03   4.2447694E-03
   1.5465660E+03   6.5500000E+02   6.4600000E+02   1.9731980E-03   5.7060572E-04
   1.5465736E+03   6.3700000E+02   6.2800000E+02   8.0734852E-03   7.8968543E-03
   1.5465811E+03   6.0200000E+02   5.9700000E+02   3.8177127E-03   4.5097798E-03
   1.5465886E+03   5.7500000E+02   5.7200000E+02   1.0081313E-02   1.0236592E-02
   1.5465961E+03   5.7000000E+02   5.6400000E+02   2.7614510E-03   4.7493160E-03
   1.5466037E+03   5.8800000E+02   5.8300000E+02   3.9609109E-03   3.3430829E-03
   1.5466112E+03   5.4100000E+02   5.3700000E+02   4.7828067E-03   6.0744434E-03
   1.5466187E+03   5.4300000E+02   5.4100000E+02   1.2501346E-03   1.1976510E-03
   1.5466263E+03   5.7700000E+02   5.7400000E+02   2.7740458E-03   2.6992966E-03
   1.5466338E+03   5.2000000E+02   5.1700000E+02   1.0331535E-02   1.0191217E-02
   1.5466413E+03   4.9200000E+02   4.8800000E+02   1.2224782E-03   2.0263151E-03
   1.5466488E+03   4.5700000E+02   4.5100000E+02   9.5860892E-03   6.5288916E-03
   1.5466564E+03   4.5000000E+02   4.4600000E+02   2.1807788E-03   2.1989230E-03
   1.5466639E+03   4.4000000E+02   4.3500000E+02   2.7729057E-03   2.8872236E-03
   1.5466714E+03   4.5400000E+02   4.5200000E+02   3.6445235E-03   2.7852124E-03
   1.5466790E+03   4.4500000E+02   4.4000000E+02   6.2233233E-03   6.7989486E-03
   1.5466865E+03   3.9900000E+02   3.9700000E+02   5.5543640E-03   6.3521016E-03
   1.5466940E+03   4.0500000E+02   4.0500000E+02   7.1210935E-03   7.1210935E-03
   1.5467015E+03   4.0600000E+02   4.0300000E+02   7.1933728E-03   6.9401345E-03
   1.5467091E+03   4.0100000E+02   4.0000000E+02   1.0998391E-02   1.1271029E-02
   1.5467166E+03   3.8200000E+02   3.8200000E+02   1.6532974E-03   1.6532974E-03
   1.5467241E+03   3.9500000E+02   3.9300000E+02   5.0348236E-03   5.5300660E-03
   1.5467317E+03   3.5600000E+02   3.5200000E+02   2.3330486E-03   1.4902210E-03
   1.5467392E+03   3.3600000E+02   3.3400000E+02   1.0551377E-02   1.1016067E-02
   1.5467467E+03   3.6900000E+02   3.6700000E+02   3.0326310E-03   3.3138607E-03
   1.5467542E+03   3.6200000E+02   3.5900000E+02   7.8065826E-03   8.7686707E-03
   1.5467618E+03   3.3900000E+02   3.3900000E+02   1.0797380E-02   1.0797380E-02
   1.5467693E+03   3.1400000E+02   3.1100000E+02   1.0306458E-02   1.2221246E-02
   1.5467768E+03   2.8200000E+02   2.8200000E+02   1.1032223E-02   1.1032223E-02
   1.5467844E+03   3.4900000E+02   3.4300000E+02   6.5271006E-03   4.6431557E-03
   1.5467919E+03   2.9200000E+02   2.8900000E+02   6.6495259E-03   7.1915389E-03
   1.5467994E+03   3.2200000E+02   3.2100000E+02   2.2264124E-02   2.2235810E-02
   1.5468069E+03   2.9200000E+02   2.9100000E+02   2.0948187E-02   2.1467819E-02
   1.5468145E+03   3.2100000E+02   3.1800000E+02   4.7871489E-03   5.3735135E-03
   1.5468220E+03   2.7800000E+02   2.7800000E+02   1.3521237E-02   1.3521237E-02
   1.5468295E+03   2.8400000E+02   2.8300000E+02   1.2634189E-02   1.3032518E-02
   1.5468371E+03   2.6000000E+02   2.6000000E+02   9.6555735E-03   9.6555735E-03
   1.5468446E+03   2.5400000E+02   2.5300000E+02   7.5881483E-03   8.7545376E-03
   1.5468521E+03   2.4900000E+02   2.4900000E+02   1.1251065E-02   1.1251065E-02
   1.5468596E+03   2.3100000E+02   2.2900000E+02   2.0294700E-03   3.0790139E-03
   1.5468672E+03   2.4800000E+02   2.4800000E+02   1.6407004E-02   1.6407004E-02
   1.5468747E+03   2.3200000E+02   2.3200000E+02   2.2026478E-02   2.2026478E-02
   1.5468822E+03   2.1800000E+02   2.1700000E+02   2.5801555E-02   2.7104092E-02
   1.5468898E+03   2.2000000E+02   2.1900000E+02   9.4520542E-03   7.4896618E-03
   1.5468973E+03   2.1100000E+02   2.1100000E+02   1.0577761E-02   1.0577761E-02
   1.5469048E+03   2.2300000E+02   2.2100000E+02   2.8742447E-02   2.8157783E-02
   1.5469123E+03   1.9100000E+02   1.9100000E+02   1.0115322E-02   1.0115322E-02
   1.5469199E+03   2.0900000E+02   2.0800000E+02   9.9096450E-03   1.1109915E-02
   1.5469274E+03   1.9800000E+02   1.9800000E+02   3.3424560E-03   3.3424560E-03
   1.5469349E+03   1.8700000E+02   1.8600000E+02   1.6496803E-02   1.5864883E-02
   1.5469425E+03   1.9200000E+02   1.9100000E+02   1.8664510E-02   1.7641999E-02
   1.5469500E+03   1.8000000E+02   1.7800000E+02   1.4003027E-02   1.3447735E-02
   1.5469575E+03   1.7900000E+02   1.7800000E+02   1.9367036E-02   1.9042907E-02
   1.5469650E+03   1.5600000E+02   1.5500000E+02   1.2559922E-03   2.8840450E-03
   1.5469726E+03   1.6200000E+02   1.6100000E+02   1.7587261E-02   1.8283357E-02
   1.5469801E+03   1.8500000E+02   1.8200000E+02   8.2152399E-03   9.4085472E-03
   1.5469876E+03   1.5000000E+02   1.4900000E+02   2.5345939E-02   2.4699189E-02
   1.5469951E+03   1.2300000E+02   1.2100000E+02   2.3371061E-02   2.3101330E-02
   1.5470027E+03   1.6000000E+02   1.5800000E+02   5.5262903E-02   5.5608942E-02
   1.5470102E+03   1.5000000E+02   1.4900000E+02   2.1816871E-02   2.2899867E-02
   1.5470177E+03   1.3800000E+02   1.3600000E+02   1.2033532E-02   1.2142427E-02
   1.5470253E+03   1.3900000E+02   1.3400000E+02   1.4804438E-02   1.7833814E-02
   1.5470328E+03   1.3300000E+02   1.2900000E+02   5.2447085E-02   4.7415491E-02
   1.5470403E+03   1.3800000E+02   1.3300000E+02   3.5015817E-02   3.4409173E-02
   1.5470478E+03   1.3700000E+02   1.3500000E+02   4.9013058E-02   5.0572446E-02
   1.5470554E+03   1.3700000E+02   1.3400000E+02   9.0009602E-03   1.2149245E-02
   1.5470629E+03   1.3600000E+02   1.3600000E+02   1.9750161E-02   1.9750161E-02
   1.5470704E+03   1.4300000E+02   1.3500000E+02   2.3471163E-02   2.1632817E-02
   1.5470780E+03   1.2300000E+02   1.2000000E+02   1.7281393E-02   1.6107595E-02
   1.5470855E+03   1.3400000E+02   1.3200000E+02   1.2862710E-02   8.7266174E-03
   1.5470930E+03   1.1500000E+02   1.1400000E+02   2.9676628E-02   2.7883260E-02
   1.5471005E+03   1.0600000E+02   1.0300000E+02   7.4907754E-03   7.2987281E-03
   1.5471081E+03   1.0600000E+02   1.0500000E+02   2.1611440E-02   1.9817545E-02
   1.5471156E+03   1.1200000E+02   1.0900000E+02   1.2901955E-02   1.8334027E-02
   1.5471231E+03   1.0800000E+02   1.0100000E+02   6.1478777E-03   7.0537409E-03
   1.5471307E+03   1.2000000E+02   1.1800000E+02   2.2704166E-02   1.9106093E-02
   1.5471382E+03   1.0500000E+02   9.9000000E+01   3.9396441E-02   3.4049355E-02
   1.5471457E+03   9.1000000E+01   8.7000000E+01   1.9091494E-02   3.0337332E-02
   1.5471532E+03   1.1800000E+02   1.0900000E+02   3.4430634E-02   3.5377533E-02
   1.5471608E+03   1.1200000E+02   1.0700000E+02   4.6730513E-03   9.9173589E-03
   1.5471683E+03   9.5000000E+01   9.3000000E+01   4.2381367E-02   4.3007402E-02
   1.5471758E+03   1.1300000E+02   1.0600000E+02   3.2114536E-02   3.1465649E-02
   1.5471834E+03   8.8000000E+01   8.6000000E+01   2.0100054E-02   1.8973454E-02
   1.5471909E+03   1.0100000E+02   9.5000000E+01   4.7542139E-02   5.3000503E-02
   1.5471984E+03   1.0300000E+02   9.9000000E+01   1.5336054E-02   8.8470178E-03
   1.5472059E+03   1.0300000E+02   9.8000000E+01   3.3557210E-02   3.2721356E-02
   1.5472135E+03   9.5000000E+01   9.1000000E+01   2.5569415E-02   2.7778348E-02
   1.5472210E+03   9.9000000E+01   9.2000000E+01   3.0868724E-02   2.4984565E-02
   1.5472285E+03   1.0700000E+02   1.0000000E+02   3.7444460E-03   1.2116415E-02
   1.5472361E+03   1.0000000E+02   9.2000000E+01   2.4060581E-02   1.2520373E-02
   1.5472436E+03   9.9000000E+01   8.6000000E+01   2.3870236E-02   3.0168811E-02
   1.5472511E+03   1.0800000E+02   9.9000000E+01   1.7747657E-02   1.2651571E-02
   1.5472586E+03   1.1600000E+02   1.0400000E+02   1.2115973E-02   9.3100110E-03
   1.5472662E+03   9.1000000E+01   8.3000000E+01   3.2639397E-02   2.8010802E-02
   1.5472737E+03   9.1000000E+01   8.2000000E+01   2.0668219E-02   1.1814184E-02
   1.5472812E+03   9.6000000E+01   8.6000000E+01   1.5306212E-02   2.1954740E-02
   1.5472888E+03   9.3000000E+01   8.5000000E+01   2.9022427E-02   2.4211291E-02
   1.5472963E+03   9.9000000E+01   8.6000000E+01   5.4543666E-02   5.3130709E-02
   1.5473038E+03   1.2800000E+02   1.1200000E+02   2.2199781E-02   1.7239809E-02
   1.5473113E+03   1.0100000E+02   9.1000000E+01   3.8676363E-02   5.4024830E-02
   1.5473189E+03   1.0200000E+02   8.9000000E+01   1.4433454E-02   1.5840495E-02
   1.5473264E+03   9.4000000E+01   7.7000000E+01   5.5855123E-02   6.7256424E-02
   1.5473339E+03   1.1300000E+02   9.2000000E+01   1.0759810E-02   2.4930645E-02
   1.5473415E+03   1.1900000E+02   9.8000000E+01   1.9554829E-02   1.1994821E-02
   1.5473490E+03   1.1700000E+02   1.0000000E+02   3.2788199E-02   4.2925973E-02
   1.5473565E+03   1.3400000E+02   1.0800000E+02   1.2709957E-02   8.1259915E-03
   1.5473640E+03   1.4600000E+02   1.2400000E+02   1.0969880E-02   8.9619794E-03
   1.5473716E+03   1.3100000E+02   1.1400000E+02   3.5352856E-02   5.0023977E-02
   1.5473791E+03   1.5100000E+02   1.2900000E+02   1.3240744E-02   2.7488426E-02
   1.5473866E+03   1.2400000E+02   9.7000000E+01   3.2235770E-02   4.9384139E-02
   1.5473942E+03   1.2400000E+02   9.6000000E+01   3.1678117E-02   4.2824406E-02
   1.5474017E+03   1.3800000E+02   1.1000000E+02   1.6436332E-02   3.0076971E-02
   1.5474092E+03   1.4700000E+02   1.2100000E+02   2.9220244E-02   3.9240058E-02
   1.5474167E+03   1.3600000E+02   1.0900000E+02   2.0531269E-02   2.1796163E-02
   1.5474243E+03   1.5800000E+02   1.2800000E+02   9.3020021E-03   1.9900706E-02
   1.5474318E+03   1.7700000E+02   1.3400000E+02   1.6200943E-02   2.7595239E-02
   1.5474393E+03   1.9100000E+02   1.5300000E+02   1.7454423E-02   1.5323236E-02
   1.5474468E+03   1.5200000E+02   1.2200000E+02   3.0419886E-02   3.6045086E-02
   1.5474544E+03   1.7600000E+02   1.4200000E+02   6.8527225E-03   1.3008807E-02
   1.5474619E+03   2.1500000E+02   1.7700000E+02   3.5606577E-02   3.6575252E-02
   1.5474694E+03   1.8900000E+02   1.3800000E+02   4.0580604E-02   4.8435884E-02
   1.5474770E+03   2.1400000E+02   1.6000000E+02   1.6995100E-02   1.5005790E-02
   1.5474845E+03   1.9500000E+02   1.5400000E+02   2.6593702E-02   3.3155613E-02
   1.5474920E+03   2.0900000E+02   1.5100000E+02   4.0407208E-02   4.6905658E-02
   1.5474995E+03   2.3600000E+02   1.7700000E+02   1.8166992E-02   2.5986508E-02
   1.5475071E+03   2.4800000E+02   2.0400000E+02   2.6954236E-02   2.8839078E-02
   1.5475146E+03   2.2900000E+02   1.7500000E+02   1.1382925E-02   1.5551073E-02
   1.5475221E+03   2.5200000E+02   2.0600000E+02   2.3292036E-02   2.0100337E-02
   1.5475297E+03   2.9100000E+02   2.2400000E+02   4.6030760E-03   1.1703181E-02
   1.5475372E+03   2.9300000E+02   2.1600000E+02   1.1756402E-02   2.3879953E-02
   1.5475447E+03   2.8700000E+02   2.2800000E+02   2.6976404E-02   2.5092921E-02
   1.5475522E+03   2.9400000E+02   2.3500000E+02   2.0714728E-02   2.7792643E-02
   1.5475598E+03   3.0900000E+02   2.4700000E+02   5.5696470E-03   3.8236838E-03
   1.5475673E+03   3.3900000E+02   2.6500000E+02   3.8663554E-02   4.4019264E-02
   1.5475748E+03   3.3600000E+02   2.7000000E+02   1.0538914E-02   1.6970600E-02
   1.5475824E+03   3.6000000E+02   2.7800000E+02   1.5946738E-02   2.0432440E-02
   1.5475899E+03   3.5700000E+02   2.7800000E+02   1.4822687E-02   1.1724445E-02
   1.5475974E+03   3.5500000E+02   2.8300000E+02   1.8131649E-02   2.1469039E-02
   1.5476049E+03   3.9300000E+02   3.1900000E+02   1.0483750E-02   2.1032442E-02
   1.5476125E+03   3.9400000E+02   3.1100000E+02   2.3729572E-03   1.1010536E-02
   1.5476200E+03   4.2100000E+02   3.4500000E+02   1.0630964E-02   1.1098654E-02
   1.5476275E+03   4.1600000E+02   3.3400000E+02   8.5756024E-03   6.8826293E-03
   1.5476351E+03   4.2400000E+02   3.2700000E+02   7.9532039E-03   1.2682771E-02
   1.5476426E+03   4.8300000E+02   3.7200000E+02   2.4415921E-02   2.6251819E-02
   1.5476501E+03   4.9400000E+02   3.9100000E+02   1.5506698E-02   2.0710243E-02
   1.5476576E+03   4.9400000E+02   4.1500000E+02   1.6171404E-02   1.2826409E-02
   1.5476652E+03   5.0400000E+02   3.9600000E+02   7.5549029E-03   7.1790152E-03
   1.5476727E+03   5.3000000E+02   4.1300000E+02   1.0141097E-02   3.5794517E-03
   1.5476802E+03   5.5000000E+02   4.3600000E+02   1.4918269E-02   9.8124694E-03
   1.5476878E+03   6.1500000E+02   5.0600000E+02   3.7592283E-03   6.4871117E-03
   1.5476953E+03   5.8600000E+02   4.7500000E+02   6.8209142E-03   1.5126695E-03
   1.5477028E+03   6.2500000E+02   5.1700000E+02   8.1962145E-03   6.7524852E-03
   1.5477103E+03   6.9000000E+02   5.5200000E+02   9.0696229E-03   6.9533802E-03
   1.5477179E+03   5.8600000E+02   4.8600000E+02   2.0273271E-02   2.7222574E-02
   1.5477254E+03   6.8200000E+02   5.3800000E+02   7.7863930E-03   1.5042756E-02
   1.5477329E+03   6.5800000E+02   5.4300000E+02   1.9613259E-02   1.0161243E-02
   1.5477405E+03   7.1000000E+02   5.7200000E+02   2.1207360E-02   2.2447089E-02
   1.5477480E+03   6.6100000E+02   5.4100000E+02   2.5056571E-02   2.5025366E-02
   1.5477555E+03   7.5300000E+02   6.2400000E+02   9.2179959E-03   9.3230579E-03
   1.5477630E+03   7.4000000E+02   6.1500000E+02   1.2514799E-02   1.3120848E-02
   1.5477706E+03   7.4900000E+02   6.3800000E+02   1.0363014E-02   1.4900711E-02
   1.5477781E+03   8.2400000E+02   6.8000000E+02   7.7878077E-03   5.9269653E-03
   1.5477856E+03   7.7300000E+02   6.3400000E+02   5.4275911E-03   9.6340124E-04
   1.5477932E+03   8.4900000E+02   7.1000000E+02   8.9815251E-03   5.9978475E-03
   1.5478007E+03   8.2600000E+02   6.8500000E+02   8.8897752E-03   5.7602089E-03
   1.5478082E+03   8.6100000E+02   7.4000000E+02   8.7320338E-03   3.6202827E-03
   1.5478157E+03   9.1000000E+02   7.5200000E+02   4.3625846E-03   1.0493782E-02
   1.5478233E+03   9.8200000E+02   8.3300000E+02   1.0141613E-02   1.0903809E-02
   1.5478308E+03   9.8900000E+02   8.3400000E+02   9.7000371E-03   5.4108351E-03
   1.5478383E+03   1.0360000E+03   8.9200000E+02   9.7280141E-03   1.1102221E-02
   1.5478459E+03   9.9500000E+02   8.2700000E+02   1.3184210E-02   1.8730268E-02
   1.5478534E+03   9.9100000E+02   8.4500000E+02   8.5154945E-03   8.4146448E-03
   1.5478609E+03   1.0420000E+03   9.0600000E+02   6.9463018E-03   8.9346718E-03
   1.5478684E+03   1.0000000E+03   8.5900000E+02   4.7271518E-03   8.3922015E-03
   1.5478760E+03   1.0950000E+03   9.2800000E+02   3.1186605E-03   6.9276067E-03
   1.5478835E+03   1.1700000E+03   1.0130000E+03   7.3290770E-03   7.3239503E-03
   1.5478910E+03   1.1570000E+03   9.9500000E+02   5.3860441E-03   4.5851019E-03
   1.5478985E+03   1.1910000E+03   1.0030000E+03   6.3937918E-03   3.8094719E-03
   1.5479061E+03   1.2040000E+03   9.9400000E+02   4.5445925E-03   4.4459180E-03
   1.5479136E+03   1.2470000E+03   1.0380000E+03   1.0849012E-02   1.4959586E-02
   1.5479211E+03   1.2670000E+03   1.0750000E+03   7.3930249E-03   5.4778772E-03
   1.5479287E+03   1.2750000E+03   1.0960000E+03   7.4767085E-03   6.2367523E-03
   1.5479362E+03   1.2340000E+03   1.0460000E+03   6.7027824E-03   7.0223723E-03
   1.5479437E+03   1.3350000E+03   1.1210000E+03   6.4850517E-03   5.1334322E-03
   1.5479512E+03   1.3070000E+03   1.1460000E+03   3.2732943E-03   2.5232697E-03
   1.5479588E+03   1.5000000E+03   1.2590000E+03   1.1123243E-02   1.2053705E-02
   1.5479663E+03   1.4050000E+03   1.1910000E+03   6.0702419E-03   1.0360228E-02
   1.5479738E+03   1.4210000E+03   1.1870000E+03   2.6309354E-03   3.0553038E-03
   1.5479814E+03   1.4960000E+03   1.2910000E+03   4.6720410E-03   5.1942590E-03
   1.5479889E+03   1.4800000E+03   1.2470000E+03   1.5449194E-03   3.9762311E-03
   1.5479964E+03   1.5850000E+03   1.3500000E+03   8.9048831E-03   1.0289908E-02
   1.5480039E+03   1.6110000E+03   1.3600000E+03   2.6217261E-03   3.2198041E-03
   1.5480115E+03   1.6820000E+03   1.4390000E+03   1.5602715E-03   2.6832030E-03
   1.5480190E+03   1.6740000E+03   1.4160000E+03   3.2167114E-03   3.4195346E-03
   1.5480265E+03   1.7780000E+03   1.4890000E+03   3.2010473E-03   4.4779158E-03
   1.5480341E+03   1.7020000E+03   1.4290000E+03   7.6721021E-03   8.1527186E-03
   1.5480416E+03   1.7780000E+03   1.4730000E+03   7.0544495E-03   1.1271328E-02
   1.5480491E+03   1.8420000E+03   1.5330000E+03   4.3235810E-03   7.0478721E-03
   1.5480566E+03   1.8380000E+03   1.5480000E+03   1.5882826E-02   1.3214133E-02
   1.5480642E+03   1.9480000E+03   1.5880000E+03   6.3998071E-03   6.5862203E-03
   1.5480717E+03   1.8640000E+03   1.5450000E+03   5.0162418E-03   4.3516350E-03
   1.5480792E+03   1.9930000E+03   1.6680000E+03   4.0057284E-03   1.1300958E-03
   1.5480868E+03   2.0190000E+03   1.6730000E+03   5.0822041E-03   6.6629945E-03
   1.5480943E+03   2.0290000E+03   1.6770000E+03   2.3731186E-03   1.0867094E-03
   1.5481018E+03   2.1040000E+03   1.7260000E+03   7.3336241E-03   8.5322434E-03
   1.5481093E+03   2.2040000E+03   1.7880000E+03   5.7698776E-03   5.5988357E-03
   1.5481169E+03   2.2010000E+03   1.8080000E+03   6.0445367E-03   3.2853866E-03
   1.5481244E+03   2.3560000E+03   1.8860000E+03   2.0293343E-03   2.8459996E-03
   1.5481319E+03   2.3200000E+03   1.8620000E+03   6.8291172E-03   7.0114077E-03
   1.5481395E+03   2.4410000E+03   1.9560000E+03   5.2544209E-03   7.1558124E-03
   1.5481470E+03   2.5680000E+03   2.0210000E+03   7.7873002E-03   7.5707428E-03
   1.5481545E+03   2.6120000E+03   2.0370000E+03   5.9973391E-03   8.1642968E-03
   1.5481620E+03   2.7030000E+03   2.0670000E+03   9.6302331E-04   5.6226717E-03
   1.5481696E+03   2.6970000E+03   2.1230000E+03   6.8077173E-03   7.5372727E-03
   1.5481771E+03   2.7600000E+03   2.1380000E+03   3.2346493E-03   3.4079840E-03
   1.5481846E+03   2.9860000E+03   2.3040000E+03   4.0532196E-03   8.0946843E-03
   1.5481922E+03   2.7810000E+03   2.1200000E+03   7.0322669E-03   9.1218972E-03
   1.5481997E+03   2.9020000E+03   2.1970000E+03   8.6510762E-03   1.3515333E-02
   1.5482072E+03   3.1580000E+03   2.4360000E+03   7.1098328E-03   2.4441463E-03
   1.5482147E+03   3.1280000E+03   2.4330000E+03   2.8592246E-03   4.0755116E-03
   1.5482223E+03   3.1330000E+03   2.4430000E+03   3.5968052E-03   3.4603568E-03
   1.5482298E+03   3.2820000E+03   2.5400000E+03   5.3495424E-03   3.7238748E-03
   1.5482373E+03   3.4650000E+03   2.6810000E+03   5.1474908E-03   2.5576371E-03
   1.5482449E+03   3.4630000E+03   2.7050000E+03   6.6541982E-03   7.9316835E-03
   1.5482524E+03   3.4790000E+03   2.7010000E+03   2.7160626E-03   2.7461541E-03
   1.5482599E+03   3.5170000E+03   2.7660000E+03   1.5324062E-03   5.9775877E-03
   1.5482674E+03   3.6200000E+03   2.8420000E+03   9.8049144E-03   6.8194309E-03
   1.5482750E+03   3.7060000E+03   2.9210000E+03   2.1906219E-03   5.3129754E-03
   1.5482825E+03   3.7980000E+03   3.0180000E+03   1.6209595E-03   3.3887299E-03
   1.5482900E+03   3.8450000E+03   3.0920000E+03   1.5779607E-03   5.1892525E-03
   1.5482976E+03   3.8680000E+03   3.1850000E+03   3.6515287E-03   2.6476772E-03
   1.5483051E+03   3.9430000E+03   3.2020000E+03   1.2646776E-03   3.0578123E-03
   1.5483126E+03   3.9830000E+03   3.2340000E+03   9.6062239E-03   1.2061951E-02
   1.5483201E+03   4.0670000E+03   3.3470000E+03   3.0782064E-03   2.8178887E-03
   1.5483277E+03   4.0360000E+03   3.3240000E+03   2.2622069E-03   2.3972282E-03
   1.5483352E+03   4.2710000E+03   3.5360000E+03   1.9166726E-03   4.4063203E-04
   1.5483427E+03   4.1110000E+03   3.4250000E+03   7.3527875E-03   5.1169633E-03
   1.5483502E+03   4.1830000E+03   3.5480000E+03   2.1227094E-03   3.1508499E-03
   1.5483578E+03   4.2030000E+03   3.5810000E+03   7.9471636E-03   4.6230439E-03
   1.5483653E+03   4.4250000E+03   3.7820000E+03   6.9895041E-03   6.7628433E-03
   1.5483728E+03   4.3080000E+03   3.6440000E+03   3.5507740E-03   1.4901369E-03
   1.5483804E+03   4.4890000E+03   3.8290000E+03   3.0455577E-03   2.6003849E-03
   1.5483879E+03   4.3820000E+03   3.7680000E+03   2.9039946E-03   4.2037710E-03
   1.5483954E+03   4.4420000E+03   3.8390000E+03   4.3992170E-03   3.5423961E-03
   1.5484029E+03   4.5070000E+03   3.8970000E+03   2.2728842E-03   3.2017564E-03
   1.5484105E+03   4.4970000E+03   3.9160000E+03   1.5301446E-03   1.1010834E-03
   1.5484180E+03   4.6820000E+03   4.0900000E+03   2.1668548E-03   4.3136610E-03
   1.5484255E+03   4.6590000E+03   4.0330000E+03   3.6481802E-03   4.5772045E-03
   1.5484331E+03   4.6730000E+03   4.0720000E+03   3.4014078E-03   4.6668225E-03
   1.5484406E+03   4.6700000E+03   4.1190000E+03   3.1079694E-03   1.7176123E-03
   1.5484481E+03   4.8870000E+03   4.3130000E+03   1.9895092E-03   1.9553545E-03
   1.5484556E+03   4.8430000E+03   4.3290000E+03   4.4334310E-03   4.0588971E-03
   1.5484632E+03   4.9030000E+03   4.3570000E+03   7.9300756E-04   1.2655719E-03
   1.5484707E+03   4.9630000E+03   4.4570000E+03   4.2395569E-03   3.8262645E-03
   1.5484782E+03   4.9570000E+03   4.4210000E+03   2.2286383E-03   1.7659176E-03
   1.5484858E+03   5.0390000E+03   4.5320000E+03   5.5046804E-03   5.1690623E-03
   1.5484933E+03   4.9960000E+03   4.5000000E+03   2.0594138E-03   2.3683718E-03
   1.5485008E+03   4.9420000E+03   4.3990000E+03   2.9284788E-03   3.0832060E-03
   1.5485083E+03   5.1500000E+03   4.6320000E+03   1.7137700E-03   1.9186570E-03
   1.5485159E+03   5.0670000E+03   4.5770000E+03   3.7603988E-03   3.7966422E-03
   1.5485234E+03   5.0780000E+03   4.6390000E+03   4.7628563E-03   4.0658075E-03
   1.5485309E+03   5.0350000E+03   4.5530000E+03   3.2364055E-03   3.4148816E-03
   1.5485385E+03   5.1620000E+03   4.6840000E+03   2.5148547E-03   1.7631131E-03
   1.5485460E+03   5.3380000E+03   4.8560000E+03   8.5355227E-04   1.8587842E-03
   1.5485535E+03   5.1640000E+03   4.6880000E+03   4.3097760E-03   3.8882608E-03
   1.5485610E+03   5.1430000E+03   4.6970000E+03   1.7654687E-03   2.0949958E-03
   1.5485686E+03   5.3920000E+03   4.9210000E+03   1.8142372E-03   2.3032658E-03
   1.5485761E+03   5.2640000E+03   4.8160000E+03   4.3742679E-03   3.4206857E-03
   1.5485836E+03   5.3210000E+03   4.8640000E+03   2.2980229E-03   3.0367100E-03
   1.5485912E+03   5.4070000E+03   4.9620000E+03   2.0101240E-03   2.1619571E-03
   1.5485987E+03   5.4640000E+03   4.9620000E+03   5.2617157E-03   4.7909838E-03
   1.5486062E+03   5.5790000E+03   5.1280000E+03   2.0310302E-03   3.7819563E-03
   1.5486137E+03   5.5650000E+03   5.1280000E+03   3.5700508E-03   3.1223271E-03
   1.5486213E+03   5.5130000E+03   5.0900000E+03   2.7084788E-03   2.6425991E-03
   1.5486288E+03   5.4760000E+03   5.0290000E+03   2.8774713E-03   3.9129702E-03
   1.5486363E+03   5.6870000E+03   5.2000000E+03   1.9535948E-03   2.6209009E-03
   1.5486439E+03   5.5060000E+03   5.0260000E+03   5.2962394E-03   5.3069151E-03
   1.5486514E+03   5.6540000E+03   5.2210000E+03   6.2291354E-03   7.4052463E-03
   1.5486589E+03   5.4210000E+03   4.9770000E+03   1.4869520E-03   2.0066253E-03
   1.5486664E+03   5.6370000E+03   5.1980000E+03   2.3518837E-03   2.7250605E-03
   1.5486740E+03   5.5940000E+03   5.1340000E+03   6.2149171E-03   4.9126211E-03
   1.5486815E+03   5.6950000E+03   5.2830000E+03   3.5667874E-03   4.0624121E-03
   1.5486890E+03   5.7700000E+03   5.3240000E+03   8.2626734E-04   8.8670112E-04
   1.5486966E+03   5.8530000E+03   5.3770000E+03   2.5471766E-03   3.1015314E-03
   1.5487041E+03   5.7370000E+03   5.3070000E+03   3.1452621E-03   3.9116822E-03
   1.5487116E+03   5.8840000E+03   5.4440000E+03   3.4130526E-03   3.4833317E-03
   1.5487191E+03   5.7730000E+03   5.3170000E+03   2.7095851E-03   2.8855737E-03
   1.5487267E+03   5.9360000E+03   5.5230000E+03   1.4347529E-03   1.1711560E-03
   1.5487342E+03   5.8710000E+03   5.4010000E+03   5.3386105E-03   5.4855523E-03
   1.5487417E+03   5.9200000E+03   5.4440000E+03   4.8275600E-03   5.5234784E-03
   1.5487493E+03   6.0210000E+03   5.5440000E+03   4.5018374E-03   4.9179903E-03
   1.5487568E+03   5.7640000E+03   5.3110000E+03   7.6965203E-03   7.5228479E-03
   1.5487643E+03   5.8850000E+03   5.4440000E+03   2.0277609E-03   2.5006162E-03
   1.5487718E+03   5.8910000E+03   5.4930000E+03   2.5242869E-03   2.4636505E-03
   1.5487794E+03   5.9200000E+03   5.5080000E+03   3.5545046E-03   3.3380113E-03
   1.5487869E+03   5.9360000E+03   5.4680000E+03   3.4163504E-03   2.0844734E-03
   1.5487944E+03   5.8910000E+03   5.4920000E+03   2.0245879E-03   2.8761557E-03
   1.5488019E+03   6.0690000E+03   5.6300000E+03   5.7721014E-04   1.1025174E-03
   1.5488095E+03   5.9890000E+03   5.5510000E+03   2.3593065E-03   3.1255399E-03
   1.5488170E+03   6.0070000E+03   5.6000000E+03   3.2415516E-03   3.0811461E-03
   1.5488245E+03   5.8770000E+03   5.4920000E+03   1.3492441E-03   1.0339283E-03
   1.5488321E+03   6.0980000E+03   5.6880000E+03   3.3782858E-03   3.7864100E-03
   1.5488396E+03   6.0200000E+03   5.6170000E+03   5.2405863E-03   4.9737514E-03
   1.5488471E+03   5.9800000E+03   5.5760000E+03   8.4306722E-04   4.2332837E-04
   1.5488546E+03   5.9410000E+03   5.5730000E+03   8.0508899E-04   1.1106908E-03
   1.5488622E+03   6.0560000E+03   5.6360000E+03   2.5264879E-03   2.8619744E-03
   1.5488697E+03   6.0700000E+03   5.6770000E+03   2.2434452E-03   2.6066159E-03
   1.5488772E+03   5.9680000E+03   5.5600000E+03   8.3773682E-03   7.9018431E-03
   1.5488848E+03   6.0300000E+03   5.6000000E+03   8.6815469E-04   1.3420418E-03
   1.5488923E+03   5.9270000E+03   5.5820000E+03   3.5505001E-03   3.4384969E-03
   1.5488998E+03   5.7780000E+03   5.4740000E+03   1.1534701E-03   1.0813990E-03
   1.5489073E+03   5.8100000E+03   5.4950000E+03   4.9113172E-03   5.5012204E-03
   1.5489149E+03   5.7080000E+03   5.4060000E+03   3.6493336E-03   4.2212829E-03
   1.5489224E+03   5.6950000E+03   5.4080000E+03   3.0904903E-03   2.2515088E-03
   1.5489299E+03   5.5070000E+03   5.2620000E+03   3.7674226E-03   3.1244548E-03
   1.5489375E+03   5.4610000E+03   5.2300000E+03   4.9186297E-03   5.5616778E-03
   1.5489450E+03   5.4400000E+03   5.2180000E+03   1.1109990E-03   1.2154889E-03
   1.5489525E+03   5.3140000E+03   5.1080000E+03   3.2150763E-03   3.6312440E-03
   1.5489600E+03   5.3020000E+03   5.1110000E+03   3.6925860E-03   3.5317604E-03
   1.5489676E+03   5.2070000E+03   5.0360000E+03   3.9985418E-03   3.2372704E-03
   1.5489751E+03   4.9910000E+03   4.8370000E+03   6.5464628E-03   6.1652761E-03
   1.5489826E+03   4.9480000E+03   4.8150000E+03   2.5596767E-03   2.8794697E-03
   1.5489902E+03   4.7590000E+03   4.6360000E+03   1.8566529E-03   1.9556873E-03
   1.5489977E+03   4.6300000E+03   4.5420000E+03   3.2157789E-03   3.6296660E-03
   1.5490052E+03   4.4230000E+03   4.3200000E+03   1.3872289E-03   1.4269902E-03
   1.5490127E+03   4.3210000E+03   4.2610000E+03   3.2169071E-03   3.2938559E-03
   1.5490203E+03   4.0420000E+03   3.9830000E+03   2.5461238E-03   2.4492074E-03
   1.5490278E+03   3.9660000E+03   3.9030000E+03   1.8603863E-03   1.9765197E-03
   1.5490353E+03   3.8510000E+03   3.8110000E+03   4.6238112E-03   4.5925501E-03
   1.5490429E+03   3.7880000E+03   3.7370000E+03   6.4587198E-03   6.5284489E-03
   1.5490504E+03   3.5380000E+03   3.4910000E+03   4.0087110E-03   3.9960327E-03
   1.5490579E+03   3.3970000E+03   3.3590000E+03   1.8631099E-03   1.8841564E-03
   1.5490654E+03   3.3170000E+03   3.2710000E+03   2.9487650E-03   3.0144424E-03
   1.5490730E+03   3.0410000E+03   3.0070000E+03   2.9227876E-03   2.9557279E-03
   1.5490805E+03   3.0060000E+03   2.9720000E+03   2.6604197E-03   2.6908319E-03
   1.5490880E+03   2.8510000E+03   2.8120000E+03   2.7382991E-03   2.7764928E-03
   1.5490956E+03   2.6730000E+03   2.6490000E+03   1.8759257E-03   1.8930310E-03
   1.5491031E+03   2.6150000E+03   2.5890000E+03   6.5439836E-03   6.6097227E-03
   1.5491106E+03   2.3880000E+03   2.3670000E+03   7.9074369E-03   7.9775818E-03
   1.5491181E+03   2.2940000E+03   2.2710000E+03   3.1151544E-03   3.1463626E-03
   1.5491257E+03   2.2060000E+03   2.1870000E+03   5.6730482E-03   5.7223424E-03
   1.5491332E+03   2.1620000E+03   2.1500000E+03   2.5846647E-03   2.5991559E-03
   1.5491407E+03   2.0790000E+03   2.0590000E+03   4.9201745E-03   4.9679688E-03
   1.5491483E+03   2.0020000E+03   1.9760000E+03   3.6427218E-03   3.6907969E-03
   1.5491558E+03   1.9790000E+03   1.9550000E+03   4.4965676E-03   4.5518291E-03
   1.5491633E+03   1.7680000E+03   1.7470000E+03   3.0569237E-03   3.0935089E-03
   1.5491708E+03   1.8250000E+03   1.8090000E+03   6.8725594E-03   6.9333603E-03
   1.5491784E+03   1.6950000E+03   1.6790000E+03   4.7210585E-03   4.7659382E-03
   1.5491859E+03   1.7210000E+03   1.7110000E+03   7.4192719E-03   7.4626248E-03
   1.5491934E+03   1.5760000E+03   1.5620000E+03   9.3383019E-03   9.4219972E-03
   1.5492010E+03   1.5570000E+03   1.5510000E+03   4.3570783E-03   4.3739944E-03
   1.5492085E+03   1.5180000E+03   1.5080000E+03   5.3763597E-03   5.4119951E-03
   1.5492160E+03   1.4570000E+03   1.4480000E+03   5.2070865E-03   5.2394472E-03
   1.5492235E+03   1.4530000E+03   1.4430000E+03   5.1895382E-03   5.2255123E-03
   1.5492311E+03   1.3670000E+03   1.3610000E+03   6.8289625E-03   6.8590683E-03
   1.5492386E+03   1.3760000E+03   1.3660000E+03   9.3443961E-03   9.4129352E-03
   1.5492461E+03   1.2630000E+03   1.2610000E+03   6.2347743E-03   6.2446628E-03
   1.5492536E+03   1.2280000E+03   1.2200000E+03   5.6007161E-03   5.6390918E-03
   1.5492612E+03   1.2520000E+03   1.2440000E+03   2.1012469E-03   2.1147811E-03
   1.5492687E+03   1.1690000E+03   1.1630000E+03   6.4394241E-04   6.4666039E-04
   1.5492762E+03   1.1630000E+03   1.1500000E+03   2.9667793E-03   3.0002462E-03
   1.5492838E+03   1.0980000E+03   1.0930000E+03   4.9298456E-03   4.9524066E-03
   1.5492913E+03   1.1170000E+03   1.1100000E+03   1.3658446E-03   1.3744243E-03
   1.5492988E+03   1.0840000E+03   1.0720000E+03   8.4063740E-03   8.5005241E-03
   1.5493063E+03   1.0060000E+03   9.9700000E+02   6.0355690E-03   6.0900383E-03
   1.5493139E+03   1.0120000E+03   1.0090000E+03   7.5276127E-03   7.5499588E-03
   1.5493214E+03   9.8600000E+02   9.8400000E+02   8.1560910E-03   8.1726374E-03
   1.5493289E+03   8.8800000E+02   8.8500000E+02   3.9782761E-03   3.9918160E-03
   1.5493365E+03   8.4000000E+02   8.3500000E+02   1.2397910E-02   1.2472135E-02
   1.5493440E+03   8.0000000E+02   7.9400000E+02   3.7932169E-03   3.8180619E-03
   1.5493515E+03   8.1000000E+02   8.0400000E+02   4.0277531E-03   4.0577540E-03
   1.5493590E+03   7.5600000E+02   7.5300000E+02   3.5183559E-03   3.5323747E-03
   1.5493666E+03   7.0300000E+02   7.0000000E+02   9.3065957E-03   9.3465673E-03
   1.5493741E+03   7.4900000E+02   7.4600000E+02   9.6969008E-03   9.7358972E-03
   1.5493816E+03   6.7100000E+02   6.6400000E+02   1.5313758E-03   1.5475159E-03
   1.5493892E+03   6.7900000E+02   6.7000000E+02   4.4363152E-03   4.4958671E-03
   1.5493967E+03   6.7300000E+02   6.6600000E+02   3.8209416E-04   3.8586148E-04
   1.5494042E+03   5.6700000E+02   5.6300000E+02   2.6019020E-03   2.6203859E-03
   1.5494117E+03   5.7100000E+02   5.6300000E+02   2.2496715E-03   2.2816317E-03
   1.5494193E+03   5.6300000E+02   5.5600000E+02   9.9171219E-03   1.0042020E-02
   1.5494268E+03   5.5700000E+02   5.5400000E+02   5.7186315E-03   5.7495966E-03
   1.5494343E+03   5.0600000E+02   5.0100000E+02   6.6190851E-03   6.6850278E-03
   1.5494419E+03   5.2500000E+02   5.1900000E+02   3.1674494E-03   3.2041269E-03
   1.5494494E+03   4.7900000E+02   4.7100000E+02   6.1132208E-03   6.2164376E-03
   1.5494569E+03   4.9500000E+02   4.9000000E+02   1.1352442E-03   1.1468221E-03
   1.5494644E+03   4.3600000E+02   4.3300000E+02   5.5197471E-03   5.5579880E-03
   1.5494720E+03   4.5600000E+02   4.5200000E+02   1.9656809E-03   1.9827683E-03
   1.5494795E+03   4.0900000E+02   4.0400000E+02   5.4846399E-03   5.5525305E-03
   1.5494870E+03   4.3500000E+02   4.3200000E+02   2.7486695E-03   2.7677553E-03
   1.5494946E+03   3.7400000E+02   3.7300000E+02   2.4799508E-03   2.4865748E-03
   1.5495021E+03   3.9200000E+02   3.8600000E+02   5.1666541E-03   5.2470038E-03
   1.5495096E+03   3.7400000E+02   3.6700000E+02   7.7968066E-03   7.9454861E-03
   1.5495171E+03   3.5600000E+02   3.4900000E+02   2.1936383E-03   2.2375184E-03
   1.5495247E+03   3.6700000E+02   3.6700000E+02   3.1956099E-03   3.1956099E-03
   1.5495322E+03   3.6100000E+02   3.5400000E+02   3.8340071E-03   3.9097196E-03
   1.5495397E+03   3.6600000E+02   3.6400000E+02   2.9574365E-03   2.9737103E-03
   1.5495473E+03   3.6100000E+02   3.5400000E+02   4.6530043E-03   4.7450930E-03
   1.5495548E+03   3.6100000E+02   3.5400000E+02   4.5065429E-03   4.5957403E-03
   1.5495623E+03   2.9100000E+02   2.8400000E+02   3.2682438E-03   3.3489472E-03
   1.5495698E+03   3.1700000E+02   3.1100000E+02   3.3690503E-03   3.4340952E-03
   1.5495774E+03   2.9000000E+02   2.7900000E+02   2.3762302E-03   2.4696521E-03
   1.5495849E+03   3.0600000E+02   3.0100000E+02   3.3140612E-03   3.3691396E-03
   1.5495924E+03   3.1900000E+02   3.1100000E+02   5.4048178E-03   5.5432711E-03
   1.5496000E+03   2.7100000E+02   2.6700000E+02   3.0122772E-04   3.0573227E-04
   1.5496075E+03   2.9900000E+02   2.9400000E+02   3.4104766E-03   3.4684896E-03
   1.5496150E+03   2.7700000E+02   2.6600000E+02   2.1318912E-03   2.2201031E-03
   1.5496225E+03   2.9100000E+02   2.8800000E+02   1.1335823E-03   1.1454324E-03
   1.5496301E+03   2.9900000E+02   2.9100000E+02   3.7977281E-03   3.9021099E-03
   1.5496376E+03   2.7100000E+02   2.6400000E+02   2.0899245E-03   2.1450935E-03
   1.5496451E+03   2.8700000E+02   2.7900000E+02   2.8754510E-03   2.9580852E-03
   1.5496527E+03   3.1400000E+02   3.1100000E+02   4.5537124E-03   4.5976133E-03
   1.5496602E+03   2.5200000E+02   2.4400000E+02   2.5322893E-03   2.6154847E-03
   1.5496677E+03   2.5900000E+02   2.5200000E+02   1.0267641E-03   1.0550597E-03
   1.5496752E+03   2.7800000E+02   2.6900000E+02   2.8995423E-03   2.9964833E-03
   1.5496828E+03   2.5300000E+02   2.4800000E+02   3.9097802E-03   3.9886400E-03
   1.5496903E+03   2.6200000E+02   2.5800000E+02   2.6158752E-03   2.6562428E-03
   1.5496978E+03   2.5900000E+02   2.5100000E+02   3.9931806E-03   4.1203825E-03
   1.5497053E+03   2.5900000E+02   2.5000000E+02   3.2231934E-03   3.3394880E-03
   1.5497129E+03   2.7500000E+02   2.6900000E+02   1.4074117E-03   1.4388648E-03
   1.5497204E+03   2.7200000E+02   2.6500000E+02   1.2298155E-03   1.2622806E-03
   1.5497279E+03   2.3300000E+02   2.2600000E+02   3.9716479E-03   4.0945376E-03
   1.5497355E+03   2.3000000E+02   2.2400000E+02   3.8617785E-03   3.9646813E-03
   1.5497430E+03   2.3800000E+02   2.2400000E+02   7.4232804E-04   7.8934477E-04
   1.5497505E+03   2.3100000E+02   2.2600000E+02   2.4772284E-03   2.5321081E-03
   1.5497580E+03   2.4100000E+02   2.3000000E+02   3.0348277E-03   3.1758035E-03
   1.5497656E+03   2.4300000E+02   2.3200000E+02   2.6607404E-03   2.7867178E-03
   1.5497731E+03   2.2900000E+02   2.1400000E+02   5.6108476E-03   6.0026414E-03
   1.5497806E+03   2.4400000E+02   2.2600000E+02   1.3927917E-03   1.5042035E-03
   1.5497882E+03   2.4000000E+02   2.2400000E+02   2.6317969E-03   2.8199904E-03
   1.5497957E+03   2.2600000E+02   2.1400000E+02   2.1440281E-03   2.2643337E-03
   1.5498032E+03   2.2300000E+02   2.1200000E+02   8.6714959E-04   9.1206360E-04
   1.5498107E+03   2.4900000E+02   2.2900000E+02   2.4442992E-03   2.6571392E-03
   1.5498183E+03   2.3400000E+02   2.1900000E+02   3.7238805E-03   3.9785199E-03
   1.5498258E+03   2.3000000E+02   2.1200000E+02   5.5532531E-04   6.0232135E-04
   1.5498333E+03   2.2800000E+02   2.0700000E+02   5.5904847E-04   6.1541869E-04
   1.5498409E+03   2.4000000E+02   2.2100000E+02   2.3046743E-03   2.5025735E-03
   1.5498484E+03   2.4800000E+02   2.3200000E+02   1.0223229E-03   1.0929087E-03
   1.5498559E+03   2.5300000E+02   2.3700000E+02   2.9551998E-03   3.1543267E-03
   1.5498634E+03   2.4000000E+02   2.1200000E+02   1.7072050E-03   1.9350514E-03
   1.5498710E+03   2.5800000E+02   2.2500000E+02   3.1999685E-03   3.6695707E-03
   1.5498785E+03   2.4300000E+02   2.2800000E+02   1.0343653E-03   1.1029806E-03
   1.5498860E+03   2.6600000E+02   2.2700000E+02   3.2396207E-03   3.7950281E-03
   1.5498936E+03   2.4500000E+02   2.1500000E+02   2.4134326E-03   2.7499170E-03
   1.5499011E+03   2.6900000E+02   2.3000000E+02   1.4111896E-03   1.6499498E-03
   1.5499086E+03   2.6200000E+02   2.3300000E+02   2.2259671E-03   2.5029053E-03
   1.5499161E+03   2.6000000E+02   2.2800000E+02   1.2168338E-03   1.3886714E-03
   1.5499237E+03   2.3100000E+02   1.9300000E+02   1.7975363E-03   2.1509854E-03
   1.5499312E+03   2.7400000E+02   2.3500000E+02   1.5325467E-03   1.7849989E-03
   1.5499387E+03   2.6700000E+02   2.2100000E+02   3.1097482E-03   3.7563890E-03
   1.5499463E+03   2.8500000E+02   2.3400000E+02   1.7647056E-03   2.1502306E-03
   1.5499538E+03   3.2300000E+02   2.7800000E+02   8.6274947E-04   1.0022333E-03
   1.5499613E+03   3.0700000E+02   2.5900000E+02   1.7834423E-03   2.1135031E-03
   1.5499688E+03   3.1500000E+02   2.6100000E+02   3.1751271E-03   3.8341239E-03
   1.5499764E+03   3.0200000E+02   2.4200000E+02   4.9920027E-04   6.2106643E-04
   1.5499839E+03   3.0900000E+02   2.4700000E+02   1.2401272E-03   1.5518645E-03
   1.5499914E+03   3.2900000E+02   2.7000000E+02   7.8157703E-04   9.5361079E-04
   1.5499990E+03   3.3000000E+02   2.6300000E+02   5.0410880E-05   6.3886285E-05
   1.5500065E+03   3.3300000E+02   2.7200000E+02   1.7280982E-03   2.1174375E-03
   1.5500140E+03   3.3200000E+02   2.7400000E+02   5.8730225E-04   7.0854477E-04
   1.5500215E+03   3.5900000E+02   3.0700000E+02   8.7806127E-04   1.0269477E-03
   1.5500291E+03   3.7400000E+02   3.0700000E+02   8.7383436E-04   1.0646022E-03
   1.5500366E+03   3.8600000E+02   3.0900000E+02   1.0242283E-03   1.2805690E-03
   1.5500441E+03   3.8200000E+02   2.9800000E+02   2.1963407E-03   2.8147906E-03
   1.5500517E+03   4.3700000E+02   3.6900000E+02   1.0147176E-03   1.2016117E-03
   1.5500592E+03   4.5700000E+02   3.5600000E+02   1.2754280E-03   1.6388184E-03
   1.5500667E+03   4.2500000E+02   3.5300000E+02   4.6428549E-04   5.5863644E-04
   1.5500742E+03   4.7100000E+02   3.9200000E+02   5.0113832E-04   6.0279496E-04
   1.5500818E+03   4.5800000E+02   3.5800000E+02   4.0108962E-04   5.1297915E-04
   1.5500893E+03   4.5800000E+02   3.5800000E+02   6.6361001E-04   8.4862015E-04
   1.5500968E+03   5.1100000E+02   4.2100000E+02   8.0964092E-04   1.0508939E-03
   1.5501044E+03   5.1700000E+02   4.2000000E+02   7.6785878E-04   9.4435442E-04
   1.5501119E+03   5.5000000E+02   4.3300000E+02   2.6920124E-04   3.4308243E-04
   1.5501194E+03   5.6400000E+02   4.6900000E+02   1.1344483E-03   1.3650277E-03
   1.5501269E+03   5.9000000E+02   4.7900000E+02   1.4312168E-03   1.7632861E-03
   1.5501345E+03   5.7800000E+02   4.7300000E+02   1.5238705E-03   1.8624567E-03
   1.5501420E+03   6.2500000E+02   4.9300000E+02   7.1458203E-04   9.1673455E-04
   1.5501495E+03   6.4200000E+02   5.2100000E+02   1.0899142E-03   1.1481324E-03
   1.5501571E+03   6.6400000E+02   5.3300000E+02   2.2174294E-04   2.7719998E-04
   1.5501646E+03   6.6500000E+02   5.3900000E+02   5.5702408E-04   6.8747238E-04
   1.5501721E+03   7.3500000E+02   5.9500000E+02   6.7956726E-04   4.3646618E-04
   1.5501796E+03   7.2500000E+02   5.8300000E+02   4.2802332E-04   5.3267072E-04
   1.5501872E+03   7.7800000E+02   6.4400000E+02   5.6112001E-04   6.2807018E-04
   1.5501947E+03   7.6800000E+02   6.2700000E+02   4.2397622E-04   5.1829689E-04
   1.5502022E+03   7.6600000E+02   6.1900000E+02   4.7798083E-04   5.9440107E-04
   1.5502097E+03   7.8000000E+02   6.4200000E+02   1.1556233E-04   1.3998781E-04
   1.5502173E+03   8.1800000E+02   6.7000000E+02   5.4646676E-04   7.2518652E-04
   1.5502248E+03   8.5400000E+02   6.9800000E+02   1.7060817E-04   2.0904176E-04
   1.5502323E+03   8.4300000E+02   6.8600000E+02   2.0492308E-04   2.4528739E-04
   1.5502399E+03   9.0000000E+02   7.2200000E+02   6.1831699E-04   7.7245924E-04
   1.5502474E+03   9.5400000E+02   8.0500000E+02   8.4032292E-05   4.3297804E-04
   1.5502549E+03   9.4300000E+02   7.6000000E+02   2.5105252E-04   1.0289488E-04
   1.5502624E+03   9.9900000E+02   8.5100000E+02   7.7869143E-04   6.6276885E-04
   1.5502700E+03   1.0890000E+03   9.0400000E+02   3.1415947E-05   1.0443051E-04
   1.5502775E+03   1.0240000E+03   8.6700000E+02   3.3673100E-05   2.3704693E-04
   1.5502850E+03   1.0540000E+03   8.7700000E+02   6.9140945E-04   8.3146622E-04
   1.5502926E+03   1.0710000E+03   8.9000000E+02   4.0872465E-04   4.2855843E-04
   1.5503001E+03   1.0850000E+03   9.0800000E+02   1.4828751E-04   9.8154600E-05
   1.5503076E+03   1.2020000E+03   1.0130000E+03   2.2518746E-04   2.8868226E-04
   1.5503151E+03   1.1550000E+03   9.8500000E+02   2.5524281E-04   3.0589895E-04
   1.5503227E+03   1.2660000E+03   1.0540000E+03   1.9698794E-04   2.3832737E-04
   1.5503302E+03   1.2180000E+03   1.0540000E+03   1.5921896E-04   8.9349985E-05
   1.5503377E+03   1.2640000E+03   1.0740000E+03   4.0376651E-04   4.7339782E-04
   1.5503453E+03   1.3250000E+03   1.1160000E+03   1.9627975E-04   4.3168304E-04
   1.5503528E+03   1.3250000E+03   1.1370000E+03   5.2956443E-04   6.8104874E-04
   1.5503603E+03   1.3830000E+03   1.1740000E+03   4.8193234E-04   2.5231873E-04
   1.5503678E+03   1.3740000E+03   1.1660000E+03   2.4998273E-04   2.9423920E-04
   1.5503754E+03   1.3690000E+03   1.1630000E+03   5.5599152E-04   5.7802382E-04
   1.5503829E+03   1.4460000E+03   1.2170000E+03   1.0779802E-04   1.3563534E-04
   1.5503904E+03   1.4760000E+03   1.2380000E+03   1.2634580E-04   1.5512708E-04
   1.5503980E+03   1.4050000E+03   1.2130000E+03   2.6025958E-04   3.0156571E-04
   1.5504055E+03   1.5250000E+03   1.2980000E+03   4.2650171E-04   2.7237016E-04
   1.5504130E+03   1.6350000E+03   1.3860000E+03   6.1868762E-05   7.3803218E-05
   1.5504205E+03   1.6990000E+03   1.4510000E+03   2.0823287E-04   2.4410405E-04
   1.5504281E+03   1.6450000E+03   1.3840000E+03   3.0882563E-04   3.6738474E-04
   1.5504356E+03   1.7150000E+03   1.4850000E+03   1.6066096E-04   1.1295807E-04
   1.5504431E+03   1.6600000E+03   1.4120000E+03   6.4318568E-05   7.6954230E-05
   1.5504507E+03   1.6860000E+03   1.4570000E+03   5.1864533E-05   9.4664003E-05
   1.5504582E+03   1.8010000E+03   1.5650000E+03   2.9766070E-04   1.5689355E-04
   1.5504657E+03   1.8010000E+03   1.5610000E+03   2.5785594E-04   2.0224364E-04
   1.5504732E+03   1.7950000E+03   1.5430000E+03   2.5862638E-04   3.0094705E-04
   1.5504808E+03   1.8480000E+03   1.6000000E+03   3.1242346E-04   3.3865656E-04
   1.5504883E+03   1.9860000E+03   1.6910000E+03   1.0250748E-04   1.2046786E-04
   1.5504958E+03   1.9160000E+03   1.6650000E+03   3.3175481E-04   1.3442858E-04
   1.5505034E+03   1.9580000E+03   1.6730000E+03   4.3742706E-04   5.1103404E-04
   1.5505109E+03   1.9520000E+03   1.6820000E+03   1.0772816E-04   1.2592840E-04
   1.5505184E+03   2.0700000E+03   1.7640000E+03   4.2954027E-05   5.1072578E-05
   1.5505259E+03   2.0980000E+03   1.8160000E+03   9.8052842E-05   1.1612270E-04
   1.5505335E+03   2.1000000E+03   1.8110000E+03   8.3197620E-05   7.8710126E-05
   1.5505410E+03   2.1930000E+03   1.8790000E+03   2.8455197E-04   3.3170232E-04
   1.5505485E+03   2.1990000E+03   1.8940000E+03   5.7426025E-05   6.7028200E-05
   1.5505561E+03   2.2880000E+03   1.9950000E+03   1.2248163E-04   9.3476114E-05
   1.5505636E+03   2.2980000E+03   2.0060000E+03   4.7240973E-04   4.6450828E-04
   1.5505711E+03   2.3270000E+03   1.9940000E+03   1.4768995E-04   1.0855503E-04
   1.5505786E+03   2.3780000E+03   2.0210000E+03   2.7581987E-04   3.2427924E-04
   1.5505862E+03   2.4880000E+03   2.1300000E+03   5.2034554E-04   3.1411090E-04
   1.5505937E+03   2.5340000E+03   2.1580000E+03   2.4317252E-04   1.9548669E-04
   1.5506012E+03   2.3990000E+03   2.0410000E+03   5.8399904E-04   5.0028799E-04
   1.5506087E+03   2.6280000E+03   2.2290000E+03   1.0455134E-04   9.1161407E-05
   1.5506163E+03   2.5530000E+03   2.1770000E+03   3.3834384E-04   3.9596638E-04
   1.5506238E+03   2.6350000E+03   2.2530000E+03   2.9592060E-04   2.1385491E-04
   1.5506313E+03   2.7680000E+03   2.3550000E+03   1.9002587E-04   2.1801739E-04
   1.5506389E+03   2.7740000E+03   2.3650000E+03   3.9007027E-04   4.3195817E-04
   1.5506464E+03   2.7440000E+03   2.3000000E+03   1.4589812E-04   8.9608145E-05
   1.5506539E+03   2.9710000E+03   2.5050000E+03   1.7218439E-04   2.0451775E-04
   1.5506614E+03   2.9200000E+03   2.4150000E+03   1.0117178E-04   1.2029166E-04
   1.5506690E+03   2.9460000E+03   2.4720000E+03   4.4767028E-04   5.4468277E-04
   1.5506765E+03   2.9950000E+03   2.4990000E+03   1.0951743E-04   1.3200789E-04
   1.5506840E+03   3.0390000E+03   2.5110000E+03   1.2446383E-04   1.0031544E-04
   1.5506916E+03   3.1600000E+03   2.6700000E+03   1.3253798E-04   1.4777721E-04
   1.5506991E+03   3.1790000E+03   2.5730000E+03   3.9581041E-04   3.6544741E-04
   1.5507066E+03   3.2840000E+03   2.6760000E+03   4.0727531E-05   7.5508665E-05
   1.5507141E+03   3.3900000E+03   2.7610000E+03   1.5692765E-05   4.3854968E-05
   1.5507217E+03   3.3620000E+03   2.6750000E+03   2.7051959E-04   1.8737614E-04
   1.5507292E+03   3.4520000E+03   2.7910000E+03   2.1113552E-04   2.6246370E-04
   1.5507367E+03   3.5240000E+03   2.8260000E+03   9.3257134E-05   7.6221158E-05
   1.5507443E+03   3.7260000E+03   3.0050000E+03   3.9197173E-05   5.3252770E-05
   1.5507518E+03   3.8070000E+03   3.0730000E+03   1.6773400E-04   2.0934846E-04
   1.5507593E+03   3.8330000E+03   3.0510000E+03   1.3786469E-04   1.7453295E-04
   1.5507668E+03   3.9120000E+03   3.1320000E+03   1.9915083E-04   3.3207240E-04
   1.5507744E+03   3.9520000E+03   3.1690000E+03   5.1464692E-05   5.3527479E-05
   1.5507819E+03   4.0540000E+03   3.2870000E+03   1.9952561E-04   1.9665519E-04
   1.5507894E+03   4.0590000E+03   3.2470000E+03   8.4609769E-05   1.0279698E-04
   1.5507970E+03   4.1630000E+03   3.3630000E+03   1.6369236E-04   1.6551793E-04
   1.5508045E+03   4.2550000E+03   3.4710000E+03   2.9233053E-05   7.2665968E-05
   1.5508120E+03   4.3120000E+03   3.5050000E+03   6.0228466E-05   1.9320069E-04
   1.5508195E+03   4.3610000E+03   3.5310000E+03   4.2785760E-04   4.2078849E-04
   1.5508271E+03   4.4060000E+03   3.6410000E+03   1.9937518E-04   2.8255974E-04
   1.5508346E+03   4.6010000E+03   3.8460000E+03   7.4637862E-05   8.6912107E-05
   1.5508421E+03   4.5200000E+03   3.7590000E+03   6.7183892E-05   7.4419707E-05
   1.5508497E+03   4.7060000E+03   3.9370000E+03   2.1017400E-04   2.5368396E-04
   1.5508572E+03   4.6610000E+03   3.9430000E+03   2.8640519E-04   2.6439409E-04
   1.5508647E+03   4.7090000E+03   3.9520000E+03   2.3510838E-04   2.6376723E-04
   1.5508722E+03   4.7660000E+03   4.0220000E+03   1.1036027E-04   7.7057868E-05
   1.5508798E+03   4.8910000E+03   4.1410000E+03   9.1750236E-05   5.8212495E-05
   1.5508873E+03   4.9030000E+03   4.2320000E+03   1.2793435E-04   1.2602913E-04
   1.5508948E+03   4.9910000E+03   4.2970000E+03   1.8965486E-04   1.2666419E-04
   1.5509024E+03   4.9480000E+03   4.2510000E+03   9.3568357E-05   1.5046305E-04
   1.5509099E+03   5.1540000E+03   4.4360000E+03   1.9114894E-04   2.2341546E-04
   1.5509174E+03   5.1030000E+03   4.4470000E+03   5.6239512E-05   9.6335386E-05
   1.5509249E+03   5.1930000E+03   4.5480000E+03   7.4393028E-05   5.6248715E-05
   1.5509325E+03   5.0470000E+03   4.4340000E+03   6.7767435E-05   1.4187921E-05
   1.5509400E+03   5.2720000E+03   4.6460000E+03   1.3786212E-04   1.3771179E-04
   1.5509475E+03   5.2260000E+03   4.5970000E+03   6.4540910E-05   2.0755320E-05
   1.5509551E+03   5.2500000E+03   4.6450000E+03   2.0519279E-04   2.2947165E-04
   1.5509626E+03   5.3420000E+03   4.6990000E+03   7.2759759E-05   8.1174487E-05
   1.5509701E+03   5.5570000E+03   4.9460000E+03   1.3070570E-04   2.2829710E-04
   1.5509776E+03   5.4970000E+03   4.8580000E+03   3.0734709E-04   3.2910930E-04
   1.5509852E+03   5.5190000E+03   4.9030000E+03   5.8356442E-05   1.4736029E-04
   1.5509927E+03   5.6190000E+03   5.0240000E+03   3.4552065E-04   3.7826845E-04
   1.5510002E+03   5.7160000E+03   5.1470000E+03   1.4109380E-04   1.6559779E-04
   1.5510078E+03   5.5540000E+03   4.9970000E+03   1.1077432E-04   6.4665451E-05
   1.5510153E+03   5.5890000E+03   5.0400000E+03   1.1636681E-04   2.1203974E-04
   1.5510228E+03   5.6030000E+03   5.0640000E+03   1.8157221E-04   2.2338473E-04
   1.5510303E+03   5.6460000E+03   5.0850000E+03   7.5718157E-05   8.1861252E-05
   1.5510379E+03   5.8060000E+03   5.2860000E+03   1.8477139E-04   2.2533981E-04
   1.5510454E+03   5.7100000E+03   5.1940000E+03   2.9830497E-05   3.3365092E-05
   1.5510529E+03   5.7760000E+03   5.2560000E+03   6.3057914E-05   1.3327861E-04
   1.5510604E+03   5.8160000E+03   5.2820000E+03   1.4185362E-04   2.3970000E-04
   1.5510680E+03   5.9710000E+03   5.4370000E+03   2.7589700E-04   3.0614216E-04
   1.5510755E+03   5.9170000E+03   5.4060000E+03   2.4219989E-04   1.8527819E-04
   1.5510830E+03   5.8600000E+03   5.3590000E+03   1.6468686E-04   1.6632103E-04
   1.5510906E+03   6.0050000E+03   5.5340000E+03   1.5310437E-04   1.6597964E-04
   1.5510981E+03   5.9760000E+03   5.4510000E+03   1.5321229E-04   1.9736894E-04
   1.5511056E+03   6.0140000E+03   5.5430000E+03   2.0275772E-04   3.2863515E-04
   1.5511131E+03   5.9330000E+03   5.4670000E+03   2.0641339E-04   1.4859022E-04
   1.5511207E+03   6.0230000E+03   5.5220000E+03   3.0437992E-04   2.9920157E-04
   1.5511282E+03   6.1630000E+03   5.6820000E+03   1.5016401E-04   2.0048473E-04
   1.5511357E+03   6.1170000E+03   5.6450000E+03   8.7781442E-05   4.9503763E-05
   1.5511433E+03   6.2080000E+03   5.7070000E+03   2.1431549E-04   1.7333284E-04
   1.5511508E+03   6.3240000E+03   5.8570000E+03   3.0417613E-04   1.8230666E-04
   1.5511583E+03   6.3190000E+03   5.8450000E+03   1.9588389E-04   3.7327924E-04
   1.5511658E+03   6.3550000E+03   5.8800000E+03   3.3553742E-04   3.6306538E-04
   1.5511734E+03   6.2320000E+03   5.8080000E+03   1.8267070E-04   2.7092266E-04
   1.5511809E+03   6.2300000E+03   5.7520000E+03   2.5630109E-04   2.6542848E-04
   1.5511884E+03   6.3440000E+03   5.8690000E+03   3.1912364E-04   2.6240996E-04
   1.5511960E+03   6.2900000E+03   5.8450000E+03   1.1206202E-04   1.6875646E-04
   1.5512035E+03   6.3210000E+03   5.8520000E+03   1.5203937E-04   1.6468711E-04
   1.5512110E+03   6.3450000E+03   5.8830000E+03   1.8118405E-04   1.9572676E-04
   1.5512185E+03   6.5460000E+03   6.0560000E+03   7.2730322E-05   1.3060949E-04
   1.5512261E+03   6.4920000E+03   6.0280000E+03   2.4581760E-04   2.8497360E-04
   1.5512336E+03   6.5860000E+03   6.1100000E+03   1.4775771E-04   1.4097747E-04
   1.5512411E+03   6.4900000E+03   6.0440000E+03   8.1159816E-05   8.6751529E-05
   1.5512487E+03   6.5570000E+03   6.1000000E+03   1.1166889E-04   1.4579315E-04
   1.5512562E+03   6.6080000E+03   6.1330000E+03   5.0610313E-04   4.2057318E-04
   1.5512637E+03   6.4640000E+03   6.0140000E+03   1.6770612E-04   1.9137963E-04
   1.5512712E+03   6.6100000E+03   6.1490000E+03   2.2684804E-04   1.8517201E-04
   1.5512788E+03   6.6530000E+03   6.2130000E+03   1.9717203E-04   2.2246433E-04
   1.5512863E+03   6.6410000E+03   6.2080000E+03   3.3740395E-04   3.3613454E-04
   1.5512938E+03   6.7910000E+03   6.2980000E+03   9.0953243E-05   9.7644733E-05
   1.5513014E+03   6.9400000E+03   6.4440000E+03   2.0794181E-04   1.1434759E-04
   1.5513089E+03   6.6070000E+03   6.1420000E+03   1.5689764E-04   2.1939134E-04
   1.5513164E+03   6.8810000E+03   6.3580000E+03   1.8906678E-04   1.2521398E-04
   1.5513239E+03   6.8060000E+03   6.3470000E+03   1.5110908E-04   1.0310873E-04
   1.5513315E+03   6.8560000E+03   6.3550000E+03   1.5278080E-04   1.8785202E-04
   1.5513390E+03   6.8310000E+03   6.3380000E+03   1.8742943E-04   2.4366440E-04
   1.5513465E+03   6.8600000E+03   6.3480000E+03   2.4168742E-04   2.6116138E-04
   1.5513541E+03   6.7500000E+03   6.2770000E+03   5.2258211E-05   5.6153723E-05
   1.5513616E+03   6.9250000E+03   6.4240000E+03   6.6062557E-05   7.0857454E-05
   1.5513691E+03   6.9400000E+03   6.3980000E+03   1.0010503E-04   7.9629400E-05
   1.5513766E+03   6.8950000E+03   6.3960000E+03   1.4998362E-04   2.2947290E-04
   1.5513842E+03   6.7400000E+03   6.2710000E+03   2.1226992E-04   1.5779382E-04
   1.5513917E+03   6.9460000E+03   6.4720000E+03   1.4263710E-04   1.7441257E-04
   1.5513992E+03   6.8540000E+03   6.3710000E+03   4.7355040E-04   4.0769653E-04
   1.5514068E+03   6.9850000E+03   6.4950000E+03   2.0557962E-04   1.5027220E-04
   1.5514143E+03   6.9960000E+03   6.4850000E+03   1.1921926E-04   1.1648402E-04
   1.5514218E+03   7.1110000E+03   6.5540000E+03   2.0850632E-04   1.8252053E-04
   1.5514293E+03   6.9470000E+03   6.4950000E+03   1.3063817E-04   1.3951854E-04
   1.5514369E+03   6.9500000E+03   6.4270000E+03   2.9373955E-04   2.6808593E-04
   1.5514444E+03   7.0970000E+03   6.5570000E+03   1.2852624E-04   1.7948305E-04
   1.5514519E+03   6.9430000E+03   6.4150000E+03   1.3275855E-04   1.0817297E-04
   1.5514595E+03   6.9560000E+03   6.4480000E+03   2.9325085E-04   2.4927771E-04
   1.5514670E+03   7.1780000E+03   6.6280000E+03   1.0713998E-04   1.0929182E-04
   1.5514745E+03   7.1480000E+03   6.5880000E+03   2.4405604E-04   2.9951087E-04
   1.5514820E+03   7.1030000E+03   6.5670000E+03   3.8160288E-04   4.5689340E-04
   1.5514896E+03   7.1620000E+03   6.6240000E+03   1.1549973E-04   1.2874105E-04
   1.5514971E+03   7.2010000E+03   6.6550000E+03   1.6700639E-04   1.7907093E-04
   1.5515046E+03   7.3130000E+03   6.7270000E+03   1.2314241E-04   1.7150765E-04
   1.5515122E+03   7.2420000E+03   6.6600000E+03   1.5484296E-04   1.6521244E-04
   1.5515197E+03   7.0930000E+03   6.5530000E+03   2.7768952E-04   3.4914989E-04
   1.5515272E+03   7.1700000E+03   6.6160000E+03   2.6932159E-04   2.2626882E-04
   1.5515347E+03   7.1830000E+03   6.6270000E+03   8.7015459E-05   7.5819154E-05
   1.5515423E+03   7.2440000E+03   6.6770000E+03   1.7164954E-04   1.8078471E-04
   1.5515498E+03   7.1900000E+03   6.5910000E+03   1.3340525E-04   1.3590878E-04
   1.5515573E+03   7.3290000E+03   6.7120000E+03   3.1124648E-05   3.4202340E-05
   1.5515648E+03   7.1340000E+03   6.5540000E+03   1.5829252E-04   6.7647373E-05
   1.5515724E+03   7.2920000E+03   6.7030000E+03   1.8484018E-04   1.8129811E-04
   1.5515799E+03   7.2850000E+03   6.7190000E+03   2.4722528E-04   1.9359659E-04
   1.5515874E+03   7.3600000E+03   6.7450000E+03   3.9397597E-04   4.7529869E-04
   1.5515950E+03   7.3340000E+03   6.7140000E+03   1.0047928E-05   1.0523783E-05
   1.5516025E+03   7.2810000E+03   6.6790000E+03   5.1755603E-05   3.8346411E-05
   1.5516100E+03   7.3310000E+03   6.6890000E+03   2.1944183E-04   1.7706843E-04
   1.5516175E+03   7.3190000E+03   6.7320000E+03   2.5946483E-04   2.8106844E-04
   1.5516251E+03   7.2510000E+03   6.6110000E+03   4.0111661E-04   4.3244360E-04
   1.5516326E+03   7.3980000E+03   6.7270000E+03   3.0795531E-04   3.7271801E-04
   1.5516401E+03   7.3420000E+03   6.6960000E+03   1.2044388E-04   1.3214831E-04
   1.5516477E+03   7.3520000E+03   6.6840000E+03   3.9970671E-04   3.8936164E-04
   1.5516552E+03   7.2290000E+03   6.5570000E+03   1.1632660E-04   1.2471477E-04
   1.5516627E+03   7.2180000E+03   6.5040000E+03   1.3041394E-04   2.0992870E-04
   1.5516702E+03   7.3540000E+03   6.6380000E+03   2.1944517E-04   2.9102774E-04
   1.5516778E+03   7.3930000E+03   6.6820000E+03   1.1505374E-04   1.7051922E-04
   1.5516853E+03   7.1430000E+03   6.4560000E+03   1.3820165E-04   2.3077047E-04
   1.5516928E+03   7.3790000E+03   6.6550000E+03   4.2450896E-05   1.1856373E-05
   1.5517004E+03   7.3550000E+03   6.6200000E+03   1.3788316E-04   1.3932122E-04
   1.5517079E+03   7.2840000E+03   6.5360000E+03   9.5663492E-05   1.0768902E-04
   1.5517154E+03   7.1620000E+03   6.3940000E+03   1.6614903E-04   1.8587205E-04
   1.5517229E+03   7.3460000E+03   6.5850000E+03   3.8500093E-04   4.2131352E-04
   1.5517305E+03   7.3240000E+03   6.5300000E+03   3.1473403E-04   4.0912845E-04
   1.5517380E+03   7.2590000E+03   6.4840000E+03   1.7541978E-04   1.9288464E-04
   1.5517455E+03   7.2780000E+03   6.4570000E+03   1.8244471E-04   2.0116689E-04
   1.5517531E+03   7.3810000E+03   6.5020000E+03   2.9317487E-04   3.6806635E-04
   1.5517606E+03   7.3400000E+03   6.4930000E+03   1.1631439E-04   1.3198731E-04
   1.5517681E+03   7.0130000E+03   6.2000000E+03   1.9221776E-04   1.6114187E-04
   1.5517756E+03   7.1400000E+03   6.2900000E+03   1.0376992E-04   5.9543157E-05
   1.5517832E+03   7.2690000E+03   6.3330000E+03   1.3801175E-04   1.5450851E-04
   1.5517907E+03   7.0000000E+03   6.1210000E+03   1.0987054E-04   1.0773750E-04
   1.5517982E+03   7.1840000E+03   6.2250000E+03   6.1375563E-05   1.5372984E-04
   1.5518058E+03   7.0570000E+03   6.0590000E+03   2.3159328E-04   2.5328029E-04
   1.5518133E+03   7.0870000E+03   6.1580000E+03   1.2198979E-04   1.8214223E-04
   1.5518208E+03   7.1750000E+03   6.2090000E+03   2.7719723E-04   3.1947306E-04
   1.5518283E+03   6.7520000E+03   5.7570000E+03   3.5022447E-04   4.4588472E-04
   1.5518359E+03   7.0410000E+03   6.0620000E+03   1.0563521E-04   1.5990390E-04
   1.5518434E+03   6.9080000E+03   5.9180000E+03   1.9053662E-04   2.3747401E-04
   1.5518509E+03   6.9190000E+03   5.9050000E+03   3.4732537E-04   4.0339308E-04
   1.5518585E+03   6.6940000E+03   5.7230000E+03   3.5945997E-04   3.7619777E-04
   1.5518660E+03   6.6880000E+03   5.7320000E+03   7.5192290E-05   1.1737713E-04
   1.5518735E+03   6.6530000E+03   5.6290000E+03   1.9979627E-04   3.1939589E-04
   1.5518810E+03   6.5790000E+03   5.5090000E+03   1.2530680E-04   1.4212262E-04
   1.5518886E+03   6.7320000E+03   5.6510000E+03   2.9380813E-04   3.2378380E-04
   1.5518961E+03   6.5370000E+03   5.4980000E+03   1.0555790E-04   1.5100039E-04
   1.5519036E+03   6.4100000E+03   5.3930000E+03   1.0340474E-04   7.2317486E-05
   1.5519112E+03   6.5140000E+03   5.4610000E+03   7.6696105E-05   9.2034710E-05
   1.5519187E+03   6.4900000E+03   5.4040000E+03   4.2233071E-04   5.0496745E-04
   1.5519262E+03   6.2850000E+03   5.3180000E+03   1.9910127E-04   2.1795448E-04
   1.5519337E+03   6.3530000E+03   5.3330000E+03   9.4451534E-05   1.2056615E-05
   1.5519413E+03   6.1930000E+03   5.2000000E+03   2.9407394E-04   4.1017882E-04
   1.5519488E+03   6.1370000E+03   5.1300000E+03   2.2798390E-04   2.1350089E-04
   1.5519563E+03   6.1420000E+03   5.1460000E+03   7.2696043E-05   6.2297188E-05
   1.5519638E+03   6.1780000E+03   5.1680000E+03   3.9236519E-04   4.6964445E-04
   1.5519714E+03   5.9420000E+03   4.9300000E+03   2.3537816E-04   3.1818480E-04
   1.5519789E+03   5.9360000E+03   4.9480000E+03   2.6933706E-04   3.7916119E-04
   1.5519864E+03   5.9020000E+03   4.9400000E+03   3.8127671E-04   4.2825407E-04
   1.5519940E+03   5.7300000E+03   4.7890000E+03   1.0408408E-04   1.5972979E-04
   1.5520015E+03   5.6040000E+03   4.7090000E+03   3.1665780E-04   3.5942850E-04
   1.5520090E+03   5.7600000E+03   4.8130000E+03   2.7196944E-04   2.9580345E-04
   1.5520165E+03   5.6620000E+03   4.6830000E+03   3.2015623E-04   2.7027925E-04
   1.5520241E+03   5.7170000E+03   4.8140000E+03   2.2855866E-04   2.5736653E-04
   1.5520316E+03   5.5600000E+03   4.7270000E+03   3.1529423E-04   2.9770507E-04
   1.5520391E+03   5.4930000E+03   4.5870000E+03   5.3117730E-04   6.3593430E-04
   1.5520467E+03   5.3930000E+03   4.5190000E+03   5.8064354E-04   6.9287954E-04
   1.5520542E+03   5.3060000E+03   4.5020000E+03   1.7932861E-04   2.6941134E-04
   1.5520617E+03   5.3590000E+03   4.5770000E+03   2.9773484E-04   3.8908186E-04
   1.5520692E+03   5.1270000E+03   4.2950000E+03   3.3500754E-04   4.9475785E-04
   1.5520768E+03   5.1520000E+03   4.3890000E+03   5.5278560E-04   5.9568455E-04
   1.5520843E+03   4.9820000E+03   4.2210000E+03   3.3480744E-04   3.3988520E-04
   1.5520918E+03   5.0890000E+03   4.3100000E+03   2.5081650E-04   3.9868210E-04
   1.5520994E+03   5.0800000E+03   4.2980000E+03   1.8662212E-05   4.8590903E-05
   1.5521069E+03   4.9430000E+03   4.1630000E+03   5.6869696E-04   5.3726949E-04
   1.5521144E+03   4.9450000E+03   4.1940000E+03   6.2682674E-04   6.7895343E-04
   1.5521219E+03   4.9380000E+03   4.1900000E+03   2.3204443E-04   2.6729322E-04
   1.5521295E+03   4.8530000E+03   4.1440000E+03   2.9350433E-04   3.6091746E-04
   1.5521370E+03   4.8860000E+03   4.1530000E+03   4.9411564E-04   5.5462203E-04
   1.5521445E+03   4.8090000E+03   4.0860000E+03   1.4272022E-04   1.3673100E-04
   1.5521521E+03   4.7220000E+03   4.0490000E+03   3.7585178E-04   3.9331858E-04
   1.5521596E+03   4.6470000E+03   3.9360000E+03   1.6860889E-04   2.0894485E-04
   1.5521671E+03   4.6010000E+03   3.9580000E+03   3.6866461E-04   4.7830251E-04
   1.5521746E+03   4.5490000E+03   3.8550000E+03   3.9477237E-04   4.2756718E-04
   1.5521822E+03   4.6010000E+03   3.9240000E+03   5.3539120E-04   6.2862964E-04
   1.5521897E+03   4.6180000E+03   3.9500000E+03   5.4392360E-04   7.4562595E-04
   1.5521972E+03   4.4060000E+03   3.7550000E+03   8.9278093E-05   1.4760014E-04
   1.5522048E+03   4.4650000E+03   3.8260000E+03   5.2824034E-04   5.7682066E-04
   1.5522123E+03   4.4260000E+03   3.7970000E+03   4.3828437E-04   3.4144241E-04
   1.5522198E+03   4.2820000E+03   3.6200000E+03   4.0159826E-04   5.3166652E-04
   1.5522273E+03   4.2300000E+03   3.6130000E+03   2.8812513E-04   1.5110732E-04
   1.5522349E+03   4.2500000E+03   3.6370000E+03   1.6307111E-04   1.2853773E-04
   1.5522424E+03   4.2790000E+03   3.6790000E+03   3.3785878E-04   5.5590945E-04
   1.5522499E+03   4.2540000E+03   3.6780000E+03   7.4904258E-05   1.7544842E-04
   1.5522575E+03   4.2120000E+03   3.6160000E+03   2.3098999E-04   1.9333483E-04
   1.5522650E+03   4.0660000E+03   3.4750000E+03   1.4650154E-04   1.2502898E-04
   1.5522725E+03   4.0870000E+03   3.5040000E+03   6.5343459E-04   7.3509556E-04
   1.5522800E+03   4.0070000E+03   3.3970000E+03   1.0989394E-04   2.2448892E-04
   1.5522876E+03   4.0380000E+03   3.4850000E+03   4.4179097E-04   5.2142798E-04
   1.5522951E+03   4.0330000E+03   3.4380000E+03   4.9463361E-04   4.7098148E-04
   1.5523026E+03   3.9680000E+03   3.4040000E+03   2.7780414E-04   3.9135262E-04
   1.5523102E+03   3.7690000E+03   3.1930000E+03   5.5067639E-04   6.7631919E-04
   1.5523177E+03   3.8560000E+03   3.2610000E+03   2.1963264E-04   2.1798539E-04
   1.5523252E+03   3.9310000E+03   3.3400000E+03   7.4514139E-04   8.2021699E-04
   1.5523327E+03   3.8770000E+03   3.2730000E+03   7.4788893E-04   8.0933359E-04
   1.5523403E+03   3.6460000E+03   3.1010000E+03   3.3553685E-04   4.3355556E-04
   1.5523478E+03   3.7320000E+03   3.1670000E+03   1.1884652E-04   1.0773860E-04
   1.5523553E+03   3.7260000E+03   3.1280000E+03   4.6780381E-04   5.9412677E-04
   1.5523629E+03   3.6560000E+03   3.1030000E+03   6.0670355E-04   6.4889097E-04
   1.5523704E+03   3.6850000E+03   3.1630000E+03   7.7007460E-04   8.5322451E-04
   1.5523779E+03   3.6810000E+03   3.1090000E+03   1.9431700E-04   3.3645124E-04
   1.5523854E+03   3.5620000E+03   3.0010000E+03   4.9186255E-04   3.7325250E-04
   1.5523930E+03   3.4490000E+03   2.9360000E+03   4.0701555E-04   4.6921021E-04
   1.5524005E+03   3.6150000E+03   3.0520000E+03   5.2437912E-04   5.7205568E-04
   1.5524080E+03   3.4040000E+03   2.9090000E+03   2.0613073E-04   1.6485016E-04
   1.5524155E+03   3.4140000E+03   2.9130000E+03   3.3362894E-04   5.0048420E-04
   1.5524231E+03   3.3770000E+03   2.8680000E+03   3.2810874E-04   3.8650861E-04
   1.5524306E+03   3.3350000E+03   2.8120000E+03   5.6471488E-04   2.8496126E-04
   1.5524381E+03   3.4170000E+03   2.8610000E+03   7.9487451E-05   2.0844800E-04
   1.5524457E+03   3.2540000E+03   2.7360000E+03   2.9653325E-04   3.3715267E-04
   1.5524532E+03   3.2890000E+03   2.7830000E+03   1.0035042E-03   1.1223239E-03
   1.5524607E+03   3.2680000E+03   2.7510000E+03   4.5422543E-04   5.5101110E-04
   1.5524682E+03   3.2160000E+03   2.7120000E+03   1.0852178E-03   1.2783882E-03
   1.5524758E+03   3.2420000E+03   2.7410000E+03   2.0793992E-04   2.0253744E-04
   1.5524833E+03   3.2000000E+03   2.6960000E+03   4.5804231E-04   5.4085648E-04
   1.5524908E+03   3.1930000E+03   2.7040000E+03   5.0358733E-04   5.9446454E-04
   1.5524984E+03   3.1350000E+03   2.6400000E+03   2.7130031E-04   3.2229770E-04
   1.5525059E+03   3.1010000E+03   2.6230000E+03   6.2038280E-04   7.7611854E-04
   1.5525134E+03   3.0660000E+03   2.5830000E+03   4.0350087E-04   4.4339985E-04
   1.5525209E+03   3.1120000E+03   2.6250000E+03   9.3733610E-04   8.3474415E-04
   1.5525285E+03   2.9960000E+03   2.5620000E+03   4.9687083E-04   8.4269701E-04
   1.5525360E+03   2.9950000E+03   2.5320000E+03   3.4223385E-04   4.2588706E-04
   1.5525435E+03   2.9940000E+03   2.5130000E+03   1.8122956E-04   1.9836686E-04
   1.5525511E+03   2.9090000E+03   2.5060000E+03   5.2936557E-04   2.9622879E-04
   1.5525586E+03   2.9620000E+03   2.5790000E+03   7.3789439E-04   7.2219353E-04
   1.5525661E+03   2.9850000E+03   2.5550000E+03   5.9917929E-04   6.9075242E-04
   1.5525736E+03   3.0170000E+03   2.5760000E+03   6.0436040E-04   7.2831152E-04
   1.5525812E+03   2.9810000E+03   2.4970000E+03   4.3312602E-04   6.4914943E-04
   1.5525887E+03   2.9420000E+03   2.5390000E+03   8.6044197E-04   1.0851242E-03
   1.5525962E+03   2.9030000E+03   2.4880000E+03   4.2109623E-04   3.3555012E-04
   1.5526038E+03   2.7520000E+03   2.3680000E+03   1.0542796E-03   1.2252900E-03
   1.5526113E+03   2.7870000E+03   2.3840000E+03   4.3891278E-04   4.7867481E-04
   1.5526188E+03   2.8170000E+03   2.4570000E+03   6.9266282E-05   1.3105128E-04
   1.5526263E+03   2.6840000E+03   2.3080000E+03   1.0551612E-04   1.2253770E-04
   1.5526339E+03   2.8290000E+03   2.4290000E+03   2.6460937E-04   4.2006672E-04
   1.5526414E+03   2.8420000E+03   2.4290000E+03   1.0749276E-03   1.1165255E-03
   1.5526489E+03   2.8330000E+03   2.4270000E+03   3.0366621E-04   3.5442396E-04
   1.5526565E+03   2.9040000E+03   2.4840000E+03   5.4902437E-04   6.4164815E-04
   1.5526640E+03   2.8270000E+03   2.4670000E+03   3.9677579E-04   5.0361792E-04
   1.5526715E+03   2.7660000E+03   2.4050000E+03   3.9371917E-04   4.7018011E-04
   1.5526790E+03   2.8080000E+03   2.4460000E+03   6.2162703E-04   6.5366602E-04
   1.5526866E+03   2.7750000E+03   2.3700000E+03   3.5451734E-04   5.4165254E-04
   1.5526941E+03   2.7260000E+03   2.3550000E+03   2.6295686E-04   2.4975057E-04
   1.5527016E+03   2.7690000E+03   2.3970000E+03   1.3976225E-04   3.0653770E-04
   1.5527092E+03   2.8040000E+03   2.4550000E+03   4.0775989E-04   4.6574651E-04
   1.5527167E+03   2.7560000E+03   2.3730000E+03   5.4879004E-04   5.5691099E-04
   1.5527242E+03   2.6940000E+03   2.3440000E+03   6.6057231E-04   7.2431164E-04
   1.5527317E+03   2.6990000E+03   2.3210000E+03   8.3670503E-04   6.6892252E-04
   1.5527393E+03   2.7170000E+03   2.3780000E+03   5.8002496E-04   5.7461624E-04
   1.5527468E+03   2.7380000E+03   2.3570000E+03   8.6352758E-04   1.0119941E-03
   1.5527543E+03   2.8410000E+03   2.4710000E+03   1.0433772E-03   9.2758532E-04
   1.5527619E+03   2.7330000E+03   2.3490000E+03   5.6872514E-04   6.3169695E-04
   1.5527694E+03   2.7090000E+03   2.3280000E+03   2.4291641E-04   4.8159840E-04
   1.5527769E+03   2.6640000E+03   2.3470000E+03   2.3710639E-04   2.7736018E-04
   1.5527844E+03   2.7570000E+03   2.3820000E+03   4.0850396E-04   4.7281489E-04
   1.5527920E+03   2.6890000E+03   2.3470000E+03   2.9469269E-04   3.3171022E-04
   1.5527995E+03   2.7370000E+03   2.3870000E+03   7.0863892E-04   8.3196221E-04
   1.5528070E+03   2.6210000E+03   2.2800000E+03   1.4759654E-03   1.5503905E-03
   1.5528146E+03   2.7470000E+03   2.3920000E+03   3.8752199E-04   3.7224741E-04
   1.5528221E+03   2.6910000E+03   2.3600000E+03   6.0976304E-04   7.9697681E-04
   1.5528296E+03   2.7420000E+03   2.3890000E+03   3.5079436E-04   2.4407768E-04
   1.5528371E+03   2.7690000E+03   2.4170000E+03   8.6219168E-05   7.7609146E-05
   1.5528447E+03   2.7520000E+03   2.4040000E+03   3.5308006E-04   2.0737646E-04
   1.5528522E+03   2.7210000E+03   2.3570000E+03   2.0470302E-04   2.3631582E-04
   1.5528597E+03   2.8320000E+03   2.4660000E+03   3.7459403E-04   1.8171528E-04
   1.5528673E+03   2.7740000E+03   2.4370000E+03   6.9686653E-04   8.4857343E-04
   1.5528748E+03   2.6500000E+03   2.2830000E+03   5.0249711E-04   6.3506842E-04
   1.5528823E+03   2.6650000E+03   2.3330000E+03   6.8688902E-04   7.8463770E-04
   1.5528898E+03   2.7350000E+03   2.3550000E+03   9.1785990E-04   1.0241832E-03
   1.5528974E+03   2.7570000E+03   2.4120000E+03   4.3677993E-04   4.9925479E-04
   1.5529049E+03   2.7330000E+03   2.3720000E+03   2.4650682E-04   4.1059026E-04
   1.5529124E+03   2.7030000E+03   2.3520000E+03   3.0190520E-04   2.8477857E-04
   1.5529199E+03   2.7230000E+03   2.3980000E+03   3.4033568E-04   3.8645799E-04
   1.5529275E+03   2.6480000E+03   2.3000000E+03   4.3834819E-04   5.0467218E-04
   1.5529350E+03   2.7990000E+03   2.4330000E+03   5.3700112E-04   6.1778304E-04
   1.5529425E+03   2.6860000E+03   2.3540000E+03   6.4350652E-04   5.1374770E-04
   1.5529501E+03   2.6260000E+03   2.2930000E+03   2.6756937E-04   2.4527113E-04
   1.5529576E+03   2.6630000E+03   2.3010000E+03   4.7221590E-04   4.9172836E-04
   1.5529651E+03   2.7350000E+03   2.3980000E+03   2.6554855E-04   4.8675728E-04
   1.5529726E+03   2.6660000E+03   2.3150000E+03   4.9058426E-04   4.3043552E-04
   1.5529802E+03   2.7510000E+03   2.4360000E+03   6.4397643E-05   3.3293062E-05
   1.5529877E+03   2.7530000E+03   2.3840000E+03   4.8014212E-04   5.5445942E-04
   1.5529952E+03   2.6630000E+03   2.3030000E+03   2.0393681E-04   1.2952713E-05
   1.5530028E+03   2.6680000E+03   2.3290000E+03   5.1511464E-04   5.9009160E-04
   1.5530103E+03   2.6770000E+03   2.3350000E+03   3.3438354E-04   2.6273641E-04
   1.5530178E+03   2.5960000E+03   2.2700000E+03   5.1519031E-04   6.3325349E-04
   1.5530253E+03   2.6470000E+03   2.3340000E+03   1.0877780E-04   1.2336540E-04
   1.5530329E+03   2.6640000E+03   2.3150000E+03   1.7235751E-04   1.9834142E-04
   1.5530404E+03   2.6880000E+03   2.3440000E+03   2.9907686E-04   2.7778007E-04
   1.5530479E+03   2.7490000E+03   2.3930000E+03   1.2599256E-03   1.3093043E-03
   1.5530555E+03   2.6510000E+03   2.3330000E+03   6.3341613E-04   8.3424734E-04
   1.5530630E+03   2.6950000E+03   2.3520000E+03   8.1223141E-04   9.1511777E-04
   1.5530705E+03   2.7640000E+03   2.4000000E+03   3.0706285E-04   3.5117144E-04
   1.5530780E+03   2.5800000E+03   2.2410000E+03   2.2126323E-04   2.5473411E-04
   1.5530856E+03   2.7130000E+03   2.3880000E+03   5.5797185E-04   5.0621658E-04
   1.5530931E+03   2.6260000E+03   2.3040000E+03   2.9996744E-04   3.4188997E-04
   1.5531006E+03   2.7080000E+03   2.3380000E+03   2.9157119E-04   3.3771677E-04
   1.5531082E+03   2.6660000E+03   2.3000000E+03   3.4572859E-04   4.0074581E-04
   1.5531157E+03   2.7100000E+03   2.3640000E+03   4.0210282E-04   4.6095647E-04
   1.5531232E+03   2.6780000E+03   2.3290000E+03   2.7706212E-04   2.9727744E-04
   1.5531307E+03   2.6870000E+03   2.3780000E+03   2.6437651E-04   2.9872989E-04
   1.5531383E+03   2.6460000E+03   2.3190000E+03   1.9253103E-04   2.1967965E-04
   1.5531458E+03   2.6540000E+03   2.3170000E+03   4.9107097E-04   5.1820764E-04
   1.5531533E+03   2.6290000E+03   2.3000000E+03   2.6453352E-04   3.0237332E-04
   1.5531609E+03   2.6820000E+03   2.3590000E+03   3.4422919E-04   2.2728363E-04
   1.5531684E+03   2.7540000E+03   2.3870000E+03   6.5208454E-04   6.1924720E-04
   1.5531759E+03   2.7250000E+03   2.3610000E+03   5.8554870E-05   5.9831405E-06
   1.5531834E+03   2.5930000E+03   2.2540000E+03   3.7616578E-04   4.1293774E-04
   1.5531910E+03   2.6270000E+03   2.2970000E+03   5.0325843E-04   5.5378316E-04
   1.5531985E+03   2.7770000E+03   2.4140000E+03   4.0728278E-04   6.8328014E-04
   1.5532060E+03   2.6170000E+03   2.2670000E+03   1.3933159E-04   1.3292109E-04
   1.5532136E+03   2.7210000E+03   2.3490000E+03   2.3635879E-04   2.6191478E-04
   1.5532211E+03   2.6760000E+03   2.3250000E+03   5.0183104E-04   5.7798917E-04
   1.5532286E+03   2.7270000E+03   2.3610000E+03   1.5164822E-04   1.7515491E-04
   1.5532361E+03   2.7560000E+03   2.4020000E+03   6.3879465E-04   7.3293841E-04
   1.5532437E+03   2.6110000E+03   2.2810000E+03   3.9500773E-04   4.5215484E-04
   1.5532512E+03   2.6410000E+03   2.3140000E+03   6.9957800E-05   7.9843799E-05
   1.5532587E+03   2.6560000E+03   2.3190000E+03   3.5935507E-04   4.0804012E-04
   1.5532663E+03   2.6490000E+03   2.3270000E+03   3.1146263E-04   3.5456145E-04
   1.5532738E+03   2.6220000E+03   2.2810000E+03   2.2699751E-04   2.6093269E-04
   1.5532813E+03   2.6600000E+03   2.3270000E+03   4.4775517E-04   5.1183015E-04
   1.5532888E+03   2.5860000E+03   2.2640000E+03   5.8308769E-04   7.2153303E-04
   1.5532964E+03   2.6430000E+03   2.2800000E+03   4.3059762E-04   4.9915329E-04
   1.5533039E+03   2.7300000E+03   2.3480000E+03   4.7118327E-05   5.4784085E-05
   1.5533114E+03   2.6510000E+03   2.3240000E+03   2.7179765E-04   2.3302823E-04
   1.5533189E+03   2.5960000E+03   2.2500000E+03   1.8645253E-04   2.1512479E-04
   1.5533265E+03   2.6130000E+03   2.2640000E+03   4.7019163E-04   5.7762984E-04
   1.5533340E+03   2.5590000E+03   2.2140000E+03   3.9248769E-04   4.7531549E-04
   1.5533415E+03   2.5620000E+03   2.2100000E+03   1.5830966E-04   2.2043633E-04
   1.5533491E+03   2.6640000E+03   2.3020000E+03   6.1950445E-04   7.1692435E-04
   1.5533566E+03   2.6590000E+03   2.3380000E+03   2.2191410E-04   2.7048075E-04
   1.5533641E+03   2.6290000E+03   2.2970000E+03   5.1479926E-04   4.4677377E-04
   1.5533716E+03   2.7040000E+03   2.3710000E+03   5.5640980E-05   6.3455593E-05
   1.5533792E+03   2.7130000E+03   2.3830000E+03   5.6575178E-04   6.4409760E-04
   1.5533867E+03   2.5840000E+03   2.2290000E+03   2.2806168E-04   1.9657634E-04
   1.5533942E+03   2.6060000E+03   2.2370000E+03   1.5328200E-04   1.7856634E-04
   1.5534018E+03   2.6670000E+03   2.3260000E+03   2.0781556E-04   2.3828207E-04
   1.5534093E+03   2.6140000E+03   2.2680000E+03   1.9211057E-04   2.2141868E-04
   1.5534168E+03   2.6970000E+03   2.3340000E+03   1.8864709E-04   2.1798681E-04
   1.5534243E+03   2.6300000E+03   2.2880000E+03   3.2517015E-04   3.7377513E-04
   1.5534319E+03   2.6470000E+03   2.2600000E+03   2.0083320E-04   2.9797846E-04
   1.5534394E+03   2.7110000E+03   2.3480000E+03   6.5095250E-04   7.7250958E-04
   1.5534469E+03   2.6920000E+03   2.3260000E+03   3.4662020E-04   4.3026034E-04
   1.5534545E+03   2.6960000E+03   2.3570000E+03   3.8092405E-04   3.9958401E-04
   1.5534620E+03   2.5990000E+03   2.2710000E+03   1.3684863E-04   1.5661365E-04
   1.5534695E+03   2.6450000E+03   2.3140000E+03   6.6128416E-04   7.5587580E-04
   1.5534770E+03   2.6300000E+03   2.2570000E+03   1.0611328E-04   1.2364995E-04
   1.5534846E+03   2.6040000E+03   2.2960000E+03   3.1276117E-04   3.5471694E-04
   1.5534921E+03   2.6160000E+03   2.2870000E+03   1.4754043E-04   1.6876509E-04
   1.5534996E+03   2.6580000E+03   2.2980000E+03   5.9792873E-04   6.9159903E-04
   1.5535072E+03   2.7430000E+03   2.4120000E+03   6.2286537E-05   7.0834150E-05
   1.5535147E+03   2.5800000E+03   2.2590000E+03   1.6387341E-04   1.8715928E-04
   1.5535222E+03   2.6910000E+03   2.3360000E+03   3.2612860E-04   3.7569010E-04
   1.5535297E+03   2.6200000E+03   2.2890000E+03   6.7307955E-04   6.7429000E-04
   1.5535373E+03   2.6460000E+03   2.3220000E+03   6.3672699E-04   6.9590779E-04
   1.5535448E+03   2.6320000E+03   2.2650000E+03   2.6230995E-04   3.0481227E-04
   1.5535523E+03   2.6180000E+03   2.2950000E+03   9.3488814E-04   1.0664650E-03
   1.5535599E+03   2.5800000E+03   2.2560000E+03   9.1076821E-04   1.0415700E-03
   1.5535674E+03   2.5950000E+03   2.3080000E+03   5.2765710E-04   4.5809703E-04
   1.5535749E+03   2.6120000E+03   2.2400000E+03   3.5788250E-04   3.5463151E-04
   1.5535824E+03   2.6390000E+03   2.2790000E+03   3.7373412E-04   4.3277066E-04
   1.5535900E+03   2.5960000E+03   2.2580000E+03   1.2312011E-04   1.4154995E-04
   1.5535975E+03   2.5800000E+03   2.2290000E+03   3.9278783E-04   5.2523276E-04
   1.5536050E+03   2.6680000E+03   2.3210000E+03   3.4240241E-05   2.4472110E-05
   1.5536126E+03   2.6680000E+03   2.3170000E+03   5.3024789E-04   6.1057462E-04
   1.5536201E+03   2.6740000E+03   2.3280000E+03   4.4201893E-04   5.0771419E-04
   1.5536276E+03   2.6770000E+03   2.3390000E+03   2.6756330E-04   3.0622786E-04
   1.5536351E+03   2.5590000E+03   2.2280000E+03   3.0418528E-04   3.4937618E-04
   1.5536427E+03   2.6570000E+03   2.3410000E+03   4.0554708E-04   4.6028988E-04
   1.5536502E+03   2.5670000E+03   2.2440000E+03   2.0116943E-04   2.3012564E-04
   1.5536577E+03   2.5800000E+03   2.2270000E+03   4.2260180E-05   4.8958501E-05
   1.5536653E+03   2.7980000E+03   2.4270000E+03   4.1371391E-04   4.7695571E-04
   1.5536728E+03   2.6500000E+03   2.2970000E+03   2.8473910E-04   3.2849744E-04
   1.5536803E+03   2.6570000E+03   2.2980000E+03   4.7170333E-04   3.8997572E-04
   1.5536878E+03   2.6400000E+03   2.2890000E+03   8.0680746E-05   1.0305007E-04
   1.5536954E+03   2.6440000E+03   2.2780000E+03   2.2551317E-04   2.6174575E-04
   1.5537029E+03   2.6060000E+03   2.2680000E+03   4.9261213E-04   5.6602611E-04
   1.5537104E+03   2.6010000E+03   2.2810000E+03   1.3993591E-04   1.5956743E-04
   1.5537180E+03   2.5920000E+03   2.2420000E+03   8.2054117E-04   9.4863635E-04
   1.5537255E+03   2.6580000E+03   2.3320000E+03   3.9231570E-04   4.4715915E-04
   1.5537330E+03   2.6040000E+03   2.2540000E+03   6.1223070E-04   7.0729757E-04
   1.5537405E+03   2.5200000E+03   2.1940000E+03   8.2000485E-05   9.4186743E-05
   1.5537481E+03   2.6950000E+03   2.3470000E+03   3.7748034E-04   2.8202988E-04
   1.5537556E+03   2.5380000E+03   2.1920000E+03   4.0061053E-05   4.6384559E-05
   1.5537631E+03   2.6220000E+03   2.2630000E+03   2.9969008E-04   3.4723260E-04
   1.5537706E+03   2.6640000E+03   2.3060000E+03   0.0000000E+00   0.0000000E+00
   1.5537782E+03   2.6180000E+03   2.3050000E+03   1.3160948E-04   1.4948096E-04
   1.5537857E+03   2.5950000E+03   2.2490000E+03   5.1840091E-04   5.9815489E-04
   1.5537932E+03   2.6570000E+03   2.2870000E+03   5.1792791E-04   5.6084641E-04
   1.5538008E+03   2.6710000E+03   2.3270000E+03   3.9302062E-04   4.5112079E-04
   1.5538083E+03   2.6260000E+03   2.2740000E+03   3.2696486E-04   2.0309660E-04
   1.5538158E+03   2.5900000E+03   2.2590000E+03   8.5343257E-05   9.7852962E-05
   1.5538233E+03   2.5670000E+03   2.2130000E+03   1.9722983E-04   2.2877948E-04
   1.5538309E+03   2.5110000E+03   2.1830000E+03   2.1783807E-04   2.5056866E-04
   1.5538384E+03   2.5300000E+03   2.2060000E+03   5.1762092E-05   0.0000000E+00
   1.5538459E+03   2.5360000E+03   2.2250000E+03   4.5149460E-04   5.1460239E-04
   1.5538535E+03   2.5250000E+03   2.2170000E+03   1.2938301E-04   1.4735773E-04
   1.5538610E+03   2.6310000E+03   2.2940000E+03   3.1361815E-04   3.5969021E-04
   1.5538685E+03   2.5940000E+03   2.2420000E+03   3.3751057E-04   3.9050064E-04
   1.5538760E+03   2.6130000E+03   2.2570000E+03   2.0449405E-04   2.0635287E-04
   1.5538836E+03   2.5800000E+03   2.2400000E+03   2.4096425E-04   2.1504126E-04
   1.5538911E+03   2.5480000E+03   2.1930000E+03   2.5237097E-04   2.9322445E-04
   1.5538986E+03   2.6370000E+03   2.3210000E+03   3.5068912E-04   3.9843482E-04
   1.5539062E+03   2.5300000E+03   2.1880000E+03   2.3369424E-04   2.5286203E-04
   1.5539137E+03   2.5760000E+03   2.2320000E+03   6.3679284E-05   7.3493654E-05
   1.5539212E+03   2.6300000E+03   2.3010000E+03   2.1333278E-04   2.4921683E-04
   1.5539287E+03   2.5540000E+03   2.1970000E+03   5.2447876E-04   3.7045349E-04
   1.5539363E+03   2.6300000E+03   2.2940000E+03   0.0000000E+00   0.0000000E+00
   1.5539438E+03   2.5560000E+03   2.2040000E+03   1.2762888E-04   1.4801244E-04
   1.5539513E+03   2.5240000E+03   2.2030000E+03   3.5975635E-04   4.1217659E-04
   1.5539589E+03   2.6240000E+03   2.2800000E+03   1.3148601E-04   1.4349398E-04
   1.5539664E+03   2.6390000E+03   2.2880000E+03   6.7005420E-04   7.7284661E-04
   1.5539739E+03   2.6590000E+03   2.3300000E+03   4.4500134E-04   5.0783629E-04
   1.5539814E+03   2.5520000E+03   2.1850000E+03   5.5952606E-04   6.5350595E-04
   1.5539890E+03   2.6180000E+03   2.2750000E+03   3.2581029E-04   3.7493246E-04
   1.5539965E+03   2.5940000E+03   2.2470000E+03   2.2307367E-04   2.6252325E-04
   1.5540040E+03   2.5530000E+03   2.2190000E+03   1.2255793E-04   5.4187012E-05
   1.5540116E+03   2.5740000E+03   2.2460000E+03   9.5246442E-05   1.0915598E-04
   1.5540191E+03   2.5870000E+03   2.2690000E+03   0.0000000E+00   0.0000000E+00
   1.5540266E+03   2.4500000E+03   2.1300000E+03   4.9734042E-04   6.0902611E-04
   1.5540341E+03   2.5940000E+03   2.2500000E+03   3.9510115E-04   2.4912406E-04
   1.5540417E+03   2.5000000E+03   2.2080000E+03   2.0002441E-04   2.2647691E-04
   1.5540492E+03   2.6570000E+03   2.3300000E+03   3.9127672E-04   4.4622579E-04
   1.5540567E+03   2.5720000E+03   2.2650000E+03   1.3531545E-04   1.5365622E-04
   1.5540643E+03   2.5810000E+03   2.2620000E+03   3.4464076E-04   3.9324395E-04
   1.5540718E+03   2.5800000E+03   2.2410000E+03   3.2439682E-04   3.7346890E-04
   1.5540793E+03   2.5820000E+03   2.1960000E+03   1.6757470E-04   1.9702999E-04
   1.5540868E+03   2.5490000E+03   2.1700000E+03   2.1577069E-04   2.5345598E-04
   1.5540944E+03   2.5990000E+03   2.2610000E+03   9.4935161E-05   1.0912715E-04
   1.5541019E+03   2.5490000E+03   2.2240000E+03   1.9659326E-04   2.2107937E-04
   1.5541094E+03   2.5970000E+03   2.2600000E+03   1.3879379E-04   1.5949004E-04
   1.5541170E+03   2.5830000E+03   2.2720000E+03   6.2605216E-05   7.1174856E-05
   1.5541245E+03   2.5770000E+03   2.2330000E+03   4.4580635E-04   5.1448409E-04
   1.5541320E+03   2.5420000E+03   2.2010000E+03   5.4995756E-05   6.3516225E-05
   1.5541395E+03   2.5800000E+03   2.2620000E+03   2.8631325E-04   3.2656418E-04
   1.5541471E+03   2.5250000E+03   2.1770000E+03   2.5397622E-04   2.9457509E-04
   1.5541546E+03   2.6250000E+03   2.2960000E+03   3.0516904E-04   3.4889753E-04
   1.5541621E+03   2.5470000E+03   2.2000000E+03   1.6857665E-04   1.9516579E-04
   1.5541697E+03   2.5340000E+03   2.2080000E+03   2.7009672E-05   0.0000000E+00
   1.5541772E+03   2.5490000E+03   2.2190000E+03   4.4379258E-04   5.0979148E-04
   1.5541847E+03   2.5600000E+03   2.2210000E+03   3.1785133E-04   3.6636624E-04
   1.5541922E+03   2.4850000E+03   2.1450000E+03   3.0993874E-04   3.5906655E-04
   1.5541998E+03   2.5880000E+03   2.2480000E+03   5.8537287E-06   0.0000000E+00
   1.5542073E+03   2.5290000E+03   2.2120000E+03   3.6894215E-04   4.2181496E-04
   1.5542148E+03   2.5200000E+03   2.1770000E+03   5.9397964E-05   6.8757869E-05
   1.5542224E+03   2.5620000E+03   2.2060000E+03   4.4623239E-04   5.1824451E-04
   1.5542299E+03   2.5050000E+03   2.1720000E+03   0.0000000E+00   0.0000000E+00
   1.5542374E+03   2.6750000E+03   2.3190000E+03   1.5922184E-05   1.8366470E-05
   1.5542449E+03   2.4880000E+03   2.1640000E+03   7.0070342E-05   8.0561465E-05
   1.5542525E+03   2.5200000E+03   2.2010000E+03   1.8606770E-04   2.1303526E-04
   1.5542600E+03   2.4700000E+03   2.1260000E+03   1.7594958E-04   2.0441931E-04
   1.5542675E+03   2.5040000E+03   2.1780000E+03   2.2220099E-04   2.5545972E-04
   1.5542750E+03   2.5030000E+03   2.1860000E+03   1.4031466E-04   1.6066221E-04
   1.5542826E+03   2.4980000E+03   2.1970000E+03   3.1065610E-04   3.5321754E-04
   1.5542901E+03   2.6210000E+03   2.2680000E+03   0.0000000E+00   0.0000000E+00
   1.5542976E+03   2.4730000E+03   2.1570000E+03   2.6259147E-04   3.0106106E-04
   1.5543052E+03   2.6120000E+03   2.2860000E+03   9.5801159E-05   1.0946309E-04
   1.5543127E+03   2.5910000E+03   2.2500000E+03   2.2582623E-04   2.6005145E-04
   1.5543202E+03   2.5090000E+03   2.1870000E+03   2.5086610E-04   2.8570153E-04
   1.5543277E+03   2.5100000E+03   2.1780000E+03   0.0000000E+00   0.0000000E+00
   1.5543353E+03   2.5000000E+03   2.2210000E+03   1.0576611E-04   1.1905235E-04
   1.5543428E+03   2.5400000E+03   2.2040000E+03   5.8661050E-04   6.7603932E-04
   1.5543503E+03   2.6130000E+03   2.2820000E+03   2.9117800E-05   3.3341284E-05
   1.5543579E+03   2.5240000E+03   2.2020000E+03   2.3804128E-04   2.7285022E-04
   1.5543654E+03   2.5370000E+03   2.1870000E+03   3.1858670E-04   3.3680035E-04
   1.5543729E+03   2.4300000E+03   2.0940000E+03   1.6484252E-04   1.9129289E-04
   1.5543804E+03   2.5420000E+03   2.2320000E+03   2.2491143E-04   2.5614912E-04
   1.5543880E+03   2.5940000E+03   2.2340000E+03   1.9420633E-04   2.2550189E-04
   1.5543955E+03   2.5430000E+03   2.2090000E+03   2.5273506E-04   0.0000000E+00
   1.5544030E+03   2.5640000E+03   2.2320000E+03   2.4518593E-05   2.8165624E-05
   1.5544106E+03   2.5080000E+03   2.2310000E+03   8.7722003E-05   1.4089531E-04
   1.5544181E+03   2.4820000E+03   2.1650000E+03   2.4263648E-04   2.7816339E-04
   1.5544256E+03   2.5340000E+03   2.1940000E+03   0.0000000E+00   0.0000000E+00
   1.5544331E+03   2.5090000E+03   2.2040000E+03   2.9475889E-04   3.3554902E-04
   1.5544407E+03   2.4350000E+03   2.1330000E+03   2.4460818E-04   2.7924093E-04
   1.5544482E+03   2.5490000E+03   2.2280000E+03   7.7398038E-05   8.8549192E-05
   1.5544557E+03   2.5710000E+03   2.2380000E+03   2.9271266E-04   0.0000000E+00
   1.5544633E+03   2.5340000E+03   2.2090000E+03   3.2243915E-04   3.6987814E-04
   1.5544708E+03   2.5500000E+03   2.2320000E+03   1.5434351E-04   1.7633331E-04
   1.5544783E+03   2.5310000E+03   2.1560000E+03   2.8658931E-04   3.3643671E-04
   1.5544858E+03   2.5010000E+03   2.1830000E+03   4.8862087E-04   2.5789089E-04
   1.5544934E+03   2.5350000E+03   2.2090000E+03   5.4931174E-04   6.3037812E-04
   1.5545009E+03   2.4810000E+03   2.1410000E+03   1.1609024E-04   1.3452587E-04
   1.5545084E+03   2.4910000E+03   2.1850000E+03   5.7819084E-04   6.5916402E-04
   1.5545160E+03   2.5340000E+03   2.2090000E+03   2.3165507E-04   2.6573742E-04
   1.5545235E+03   2.5260000E+03   2.1930000E+03   3.0810989E-04   3.5489538E-04
   1.5545310E+03   2.5160000E+03   2.1710000E+03   4.0970131E-05   4.7480815E-05
   1.5545385E+03   2.5130000E+03   2.1600000E+03   0.0000000E+00   0.0000000E+00
   1.5545461E+03   2.4570000E+03   2.1380000E+03   2.1924604E-05   2.5195862E-05
   1.5545536E+03   2.4780000E+03   2.1680000E+03   1.6038824E-04   1.8332198E-04
   1.5545611E+03   2.5250000E+03   2.1810000E+03   0.0000000E+00   0.0000000E+00
   1.5545687E+03   2.6040000E+03   2.2850000E+03   2.8033765E-04   3.1947450E-04
   1.5545762E+03   2.5860000E+03   2.2720000E+03   1.7161320E-04   1.9533087E-04
   1.5545837E+03   2.4910000E+03   2.1760000E+03   6.5673039E-04   4.5259532E-04
   1.5545912E+03   2.5610000E+03   2.2210000E+03   0.0000000E+00   0.0000000E+00
   1.5545988E+03   2.4260000E+03   2.1160000E+03   0.0000000E+00   0.0000000E+00
   1.5546063E+03   2.4630000E+03   2.1770000E+03   1.0027511E-04   1.1344860E-04
   1.5546138E+03   2.5050000E+03   2.1860000E+03   1.6630098E-04   1.9056906E-04
   1.5546214E+03   2.5210000E+03   2.2000000E+03   5.3355458E-05   6.1140504E-05
   1.5546289E+03   2.5130000E+03   2.1900000E+03   0.0000000E+00   0.0000000E+00
   1.5546364E+03   2.4670000E+03   2.1310000E+03   3.7380054E-04   4.1524580E-04
   1.5546439E+03   2.5310000E+03   2.2000000E+03   2.5764218E-04   2.9640562E-04
   1.5546515E+03   2.4670000E+03   2.1460000E+03   1.2174116E-04   1.3763015E-04
   1.5546590E+03   2.5790000E+03   2.2320000E+03   0.0000000E+00   0.0000000E+00
   1.5546665E+03   2.4190000E+03   2.1060000E+03   0.0000000E+00   0.0000000E+00
   1.5546740E+03   2.4580000E+03   2.1720000E+03   6.3402392E-04   3.4116772E-04
   1.5546816E+03   2.5390000E+03   2.2120000E+03   5.8938571E-04   6.7651461E-04
   1.5546891E+03   2.5590000E+03   2.2420000E+03   1.0602098E-04   1.2101146E-04
   1.5546966E+03   2.5130000E+03   2.1590000E+03   0.0000000E+00   0.0000000E+00
   1.5547042E+03   2.5070000E+03   2.1800000E+03   3.5434125E-04   4.0749243E-04
   1.5547117E+03   2.4750000E+03   2.1460000E+03   1.9407325E-04   2.2382633E-04
   1.5547192E+03   2.5220000E+03   2.1980000E+03   0.0000000E+00   0.0000000E+00
   1.5547267E+03   2.5820000E+03   2.2470000E+03   0.0000000E+00   0.0000000E+00
   1.5547343E+03   2.4520000E+03   2.1230000E+03   7.5200631E-04   6.0228596E-04
   1.5547418E+03   2.4190000E+03   2.1160000E+03   0.0000000E+00   0.0000000E+00
   1.5547493E+03   2.5440000E+03   2.2280000E+03   2.2616359E-04   2.5824066E-04
   1.5547569E+03   2.5340000E+03   2.1870000E+03   3.2185203E-05   3.7291863E-05
   1.5547644E+03   2.4930000E+03   2.2060000E+03   6.9026299E-04   7.8006601E-04
   1.5547719E+03   2.3700000E+03   2.0920000E+03   3.6575124E-04   4.1435489E-04
   1.5547794E+03   2.4950000E+03   2.1950000E+03   2.0349734E-04   2.3131019E-04
   1.5547870E+03   2.5020000E+03   2.1610000E+03   0.0000000E+00   0.0000000E+00
   1.5547945E+03   2.4860000E+03   2.1670000E+03   3.1011279E-04   3.5576391E-04
   1.5548020E+03   2.5590000E+03   2.2000000E+03   2.0425727E-04   2.3758834E-04
   1.5548096E+03   2.3870000E+03   2.0870000E+03   2.3960357E-04   2.7404587E-04
   1.5548171E+03   2.4790000E+03   2.1250000E+03   4.0923757E-04   4.7741174E-04
   1.5548246E+03   2.4730000E+03   2.1490000E+03   1.0752711E-04   1.2373874E-04
   1.5548321E+03   2.4150000E+03   2.1000000E+03   6.8279270E-04   7.8521161E-04
   1.5548397E+03   2.3770000E+03   2.0860000E+03   1.9591959E-04   2.2325066E-04
   1.5548472E+03   2.4040000E+03   2.1100000E+03   5.3162227E-05   6.0569666E-05
   1.5548547E+03   2.4060000E+03   2.0970000E+03   0.0000000E+00   0.0000000E+00
   1.5548623E+03   2.5740000E+03   2.2180000E+03   7.5038598E-05   8.7082665E-05
   1.5548698E+03   2.4920000E+03   2.1550000E+03   4.9239987E-04   5.6940161E-04
   1.5548773E+03   2.3980000E+03   2.0840000E+03   3.1656498E-04   3.6426239E-04
   1.5548848E+03   2.4890000E+03   2.1200000E+03   2.5618983E-04   3.0078136E-04
   1.5548924E+03   2.4570000E+03   2.1630000E+03   2.1175631E-04   2.4053873E-04
   1.5548999E+03   2.5380000E+03   2.2270000E+03   1.6193221E-05   1.8454600E-05
   1.5549074E+03   2.4570000E+03   2.1480000E+03   4.7474883E-04   5.4304371E-04
   1.5549150E+03   2.5320000E+03   2.2070000E+03   1.5492612E-04   1.7774035E-04
   1.5549225E+03   2.5590000E+03   2.2200000E+03   1.4460830E-04   1.6669038E-04
   1.5549300E+03   2.3840000E+03   2.0850000E+03   0.0000000E+00   0.0000000E+00
   1.5549375E+03   2.4440000E+03   2.1250000E+03   1.0388474E-04   1.1947968E-04
   1.5549451E+03   2.4830000E+03   2.1630000E+03   5.2549492E-04   6.0323805E-04
   1.5549526E+03   2.5310000E+03   2.2140000E+03   1.1203712E-04   0.0000000E+00
   1.5549601E+03   2.4110000E+03   2.1110000E+03   3.5406923E-04   4.0438698E-04
   1.5549677E+03   2.5260000E+03   2.1990000E+03   3.0599171E-04   3.5149389E-04
   1.5549752E+03   2.4280000E+03   2.1230000E+03   1.1861708E-04   1.3565816E-04
   1.5549827E+03   2.3930000E+03   2.1040000E+03   0.0000000E+00   0.0000000E+00
   1.5549902E+03   2.4220000E+03   2.1430000E+03   4.5060999E-04   3.0255837E-04
   1.5549978E+03   2.4910000E+03   2.1950000E+03   2.8052019E-04   3.1834888E-04
   1.5550053E+03   2.4390000E+03   2.1320000E+03   3.2436289E-04   3.7106993E-04
   1.5550128E+03   2.3910000E+03   2.0890000E+03   0.0000000E+00   0.0000000E+00
   1.5550204E+03   2.4360000E+03   2.1240000E+03   2.1854281E-04   2.5064514E-04
   1.5550279E+03   2.3570000E+03   2.0380000E+03   4.6517174E-05   0.0000000E+00
   1.5550354E+03   2.4180000E+03   2.1210000E+03   3.5366853E-04   4.0319213E-04
   1.5550429E+03   2.4880000E+03   2.1280000E+03   2.7585300E-04   3.5832921E-04
   1.5550505E+03   2.4790000E+03   2.1510000E+03   9.7667637E-05   1.1256070E-04
   1.5550580E+03   2.4540000E+03   2.1420000E+03   0.0000000E+00   0.0000000E+00
   1.5550655E+03   2.4780000E+03   2.1960000E+03   0.0000000E+00   0.0000000E+00
   1.5550731E+03   2.4730000E+03   2.1690000E+03   5.9870680E-04   0.0000000E+00
   1.5550806E+03   2.3300000E+03   2.0370000E+03   0.0000000E+00   0.0000000E+00
   1.5550881E+03   2.3810000E+03   2.0620000E+03   6.0798766E-04   7.0204588E-04
   1.5550956E+03   2.4330000E+03   2.1360000E+03   1.8784426E-04   2.1396305E-04
   1.5551032E+03   2.3640000E+03   2.0540000E+03   0.0000000E+00   0.0000000E+00
   1.5551107E+03   2.4820000E+03   2.1740000E+03   9.0560249E-06   1.0339031E-05
   1.5551182E+03   2.4050000E+03   2.0930000E+03   6.1052160E-04   7.0153103E-04
   1.5551257E+03   2.3690000E+03   2.0730000E+03   4.4467523E-05   5.0816962E-05
   1.5551333E+03   2.4520000E+03   2.1280000E+03   2.5113602E-04   2.8937290E-04
   1.5551408E+03   2.4460000E+03   2.1220000E+03   6.8455583E-04   7.8907802E-04
   1.5551483E+03   2.4370000E+03   2.1140000E+03   0.0000000E+00   0.0000000E+00
   1.5551559E+03   2.3100000E+03   2.0250000E+03   0.0000000E+00   0.0000000E+00
   1.5551634E+03   2.3790000E+03   2.0730000E+03   3.8097890E-04   3.2743381E-04
   1.5551709E+03   2.4200000E+03   2.0850000E+03   6.3065444E-05   7.3198261E-05
   1.5551784E+03   2.4480000E+03   2.1280000E+03   3.2569321E-04   3.7466963E-04
   1.5551860E+03   2.3910000E+03   2.0860000E+03   1.8932075E-04   0.0000000E+00
   1.5551935E+03   2.4860000E+03   2.1810000E+03   3.2744577E-04   3.7323713E-04
   1.5552010E+03   2.4120000E+03   2.0840000E+03   0.0000000E+00   0.0000000E+00
   1.5552086E+03   2.5220000E+03   2.1950000E+03   0.0000000E+00   0.0000000E+00
   1.5552161E+03   2.4300000E+03   2.1240000E+03   2.9626726E-04   3.3894984E-04
   1.5552236E+03   2.5240000E+03   2.1820000E+03   4.9538379E-05   5.7302873E-05
   1.5552311E+03   2.4110000E+03   2.0700000E+03   2.2155641E-04   2.5805435E-04
   1.5552387E+03   2.4320000E+03   2.1110000E+03   5.8956701E-05   6.7921695E-05
   1.5552462E+03   2.3670000E+03   2.0610000E+03   5.7978860E-04   6.6587075E-04
   1.5552537E+03   2.4330000E+03   2.1270000E+03   3.5465804E-04   4.0568078E-04
   1.5552613E+03   2.4470000E+03   2.1300000E+03   7.3725810E-04   8.4698149E-04
   1.5552688E+03   2.3650000E+03   2.0290000E+03   2.0753347E-04   2.4190076E-04
   1.5552763E+03   2.4650000E+03   2.1380000E+03   9.1223924E-05   1.0517632E-04
   1.5552838E+03   2.4790000E+03   2.1280000E+03   9.6882565E-05   1.1286272E-04
   1.5552914E+03   2.4290000E+03   2.1240000E+03   0.0000000E+00   0.0000000E+00
   1.5552989E+03   2.5150000E+03   2.2200000E+03   2.7673378E-04   3.1350696E-04
   1.5553064E+03   2.4550000E+03   2.1340000E+03   7.1973741E-04   8.2800157E-04
   1.5553140E+03   2.4670000E+03   2.1520000E+03   3.1978469E-04   3.6659333E-04
   1.5553215E+03   2.3810000E+03   2.0760000E+03   1.4059439E-04   1.6125011E-04
   1.5553290E+03   2.3460000E+03   2.0390000E+03   0.0000000E+00   0.0000000E+00
   1.5553365E+03   2.4010000E+03   2.1040000E+03   1.9819847E-04   2.1887486E-04
   1.5553441E+03   2.3080000E+03   2.0020000E+03   2.9643820E-04   3.4174794E-04
   1.5553516E+03   2.4780000E+03   2.1450000E+03   3.0203163E-04   3.4892045E-04
   1.5553591E+03   2.4000000E+03   2.0830000E+03   2.3075039E-04   2.6586699E-04
   1.5553667E+03   2.4780000E+03   2.1620000E+03   3.6349567E-04   4.1662454E-04
   1.5553742E+03   2.4030000E+03   2.1180000E+03   0.0000000E+00   0.0000000E+00
   1.5553817E+03   2.4030000E+03   2.0800000E+03   2.3372908E-04   2.7002451E-04
   1.5553892E+03   2.4390000E+03   2.1120000E+03   5.9300689E-04   6.8482187E-04
   1.5553968E+03   2.3690000E+03   2.0740000E+03   2.7965888E-05   3.1943678E-05
   1.5554043E+03   2.3260000E+03   2.0490000E+03   7.1032807E-05   0.0000000E+00
   1.5554118E+03   2.4870000E+03   2.1520000E+03   1.1339764E-04   1.3105016E-04
   1.5554194E+03   2.3370000E+03   2.0490000E+03   2.5258649E-04   2.1390248E-04
   1.5554269E+03   2.4160000E+03   2.0850000E+03   0.0000000E+00   0.0000000E+00
   1.5554344E+03   2.4700000E+03   2.1560000E+03   3.6313989E-05   4.1602761E-05
   1.5554419E+03   2.4800000E+03   2.1470000E+03   2.0053996E-04   2.3164374E-04
   1.5554495E+03   2.4030000E+03   2.0980000E+03   1.4154201E-04   1.6211890E-04
   1.5554570E+03   2.4010000E+03   2.0930000E+03   5.5761646E-04   6.3967373E-04
   1.5554645E+03   2.3320000E+03   2.0350000E+03   0.0000000E+00   0.0000000E+00
   1.5554721E+03   2.4890000E+03   2.1750000E+03   2.2884642E-04   2.6188448E-04
   1.5554796E+03   2.3170000E+03   2.0380000E+03   3.1544258E-04   3.5862633E-04
   1.5554871E+03   2.3980000E+03   2.0750000E+03   6.2046477E-05   7.1704796E-05
   1.5554946E+03   2.3500000E+03   2.0290000E+03   1.4713786E-04   1.7041596E-04
   1.5555022E+03   2.3370000E+03   2.0280000E+03   0.0000000E+00   0.0000000E+00
   1.5555097E+03   2.3140000E+03   2.0210000E+03   0.0000000E+00   0.0000000E+00
   1.5555172E+03   2.4470000E+03   2.1320000E+03   3.6233251E-04   4.1586663E-04
   1.5555248E+03   2.4140000E+03   2.0770000E+03   0.0000000E+00   0.0000000E+00
   1.5555323E+03   2.2340000E+03   1.9300000E+03   0.0000000E+00   0.0000000E+00
   1.5555398E+03   2.3650000E+03   2.0650000E+03   3.8074864E-04   4.3606322E-04
   1.5555473E+03   2.2930000E+03   2.0080000E+03   2.2793286E-04   2.6028389E-04
   1.5555549E+03   2.4000000E+03   2.0930000E+03   0.0000000E+00   0.0000000E+00
   1.5555624E+03   2.3850000E+03   2.0730000E+03   6.2898593E-05   7.2365241E-05
   1.5555699E+03   2.4160000E+03   2.0900000E+03   1.0306318E-05   1.1913906E-05
   1.5555774E+03   2.4400000E+03   2.0930000E+03   4.6718713E-04   4.1538491E-04
   1.5555850E+03   2.3800000E+03   2.0660000E+03   2.4661484E-04   2.8409648E-04
   1.5555925E+03   2.3630000E+03   2.0670000E+03   0.0000000E+00   0.0000000E+00
   1.5556000E+03   2.2840000E+03   1.9980000E+03   7.1651403E-04   8.1907810E-04
   1.5556076E+03   2.3070000E+03   2.0030000E+03   1.3865615E-04   1.5970032E-04
   1.5556151E+03   2.4460000E+03   2.1120000E+03   4.9124343E-04   5.6893060E-04
   1.5556226E+03   2.2830000E+03   1.9910000E+03   0.0000000E+00   0.0000000E+00
   1.5556301E+03   2.3690000E+03   2.0550000E+03   0.0000000E+00   0.0000000E+00
   1.5556377E+03   2.3990000E+03   2.0700000E+03   0.0000000E+00   0.0000000E+00
   1.5556452E+03   2.3140000E+03   2.0010000E+03   0.0000000E+00   0.0000000E+00
   1.5556527E+03   2.4090000E+03   2.1150000E+03   4.8201473E-05   5.4901820E-05
   1.5556603E+03   2.3480000E+03   2.0560000E+03   6.9503346E-05   7.9374443E-05
   1.5556678E+03   2.2370000E+03   1.9480000E+03   2.4887865E-05   2.8580162E-05
   1.5556753E+03   2.2860000E+03   2.0190000E+03   3.4915535E-05   3.9532894E-05
   1.5556828E+03   2.3680000E+03   2.0660000E+03   2.1900483E-04   0.0000000E+00
   1.5556904E+03   2.3420000E+03   2.0470000E+03   0.0000000E+00   0.0000000E+00
   1.5556979E+03   2.3880000E+03   2.0700000E+03   1.4747158E-04   1.7012664E-04
   1.5557054E+03   2.2750000E+03   2.0020000E+03   2.5502658E-05   2.8980293E-05
   1.5557130E+03   2.3190000E+03   1.9930000E+03   2.3299702E-04   2.7110893E-04
   1.5557205E+03   2.3440000E+03   2.0330000E+03   3.8485959E-05   1.6386632E-04
   1.5557280E+03   2.3210000E+03   2.0430000E+03   9.1184108E-06   0.0000000E+00
   1.5557355E+03   2.3770000E+03   2.0480000E+03   3.5178912E-04   4.0830211E-04
   1.5557431E+03   2.3390000E+03   2.0090000E+03   3.3547610E-04   3.9058168E-04
   1.5557506E+03   2.3620000E+03   2.0750000E+03   0.0000000E+00   0.0000000E+00
   1.5557581E+03   2.3080000E+03   2.0280000E+03   7.2671018E-04   8.2704492E-04
   1.5557657E+03   2.3370000E+03   2.0380000E+03   6.3710706E-05   5.0656337E-05
   1.5557732E+03   2.3640000E+03   2.0730000E+03   0.0000000E+00   0.0000000E+00
   1.5557807E+03   2.3320000E+03   2.0410000E+03   0.0000000E+00   0.0000000E+00
   1.5557882E+03   2.4040000E+03   2.0810000E+03   0.0000000E+00   0.0000000E+00
   1.5557958E+03   2.2700000E+03   1.9960000E+03   1.3181806E-05   1.4991332E-05
   1.5558033E+03   2.3590000E+03   2.0290000E+03   3.2622517E-04   3.7928298E-04
   1.5558108E+03   2.3250000E+03   2.0180000E+03   0.0000000E+00   0.0000000E+00
   1.5558184E+03   2.2560000E+03   1.9950000E+03   1.5590172E-04   1.7629788E-04
   1.5558259E+03   2.2730000E+03   1.9740000E+03   0.0000000E+00   0.0000000E+00
   1.5558334E+03   2.3120000E+03   2.0400000E+03   0.0000000E+00   0.0000000E+00
   1.5558409E+03   2.3370000E+03   2.0430000E+03   0.0000000E+00   0.0000000E+00
   1.5558485E+03   2.3060000E+03   2.0020000E+03   1.9500303E-04   2.2461388E-04
   1.5558560E+03   2.3600000E+03   2.0730000E+03   4.3996107E-05   5.0087223E-05
   1.5558635E+03   2.3470000E+03   2.0280000E+03   0.0000000E+00   0.0000000E+00
   1.5558711E+03   2.2570000E+03   1.9670000E+03   0.0000000E+00   0.0000000E+00
   1.5558786E+03   2.3800000E+03   2.0820000E+03   5.0708083E-04   5.7966012E-04
   1.5558861E+03   2.3640000E+03   2.0410000E+03   0.0000000E+00   0.0000000E+00
   1.5558936E+03   2.3360000E+03   2.0250000E+03   0.0000000E+00   0.0000000E+00
   1.5559012E+03   2.2870000E+03   2.0070000E+03   3.9355367E-04   4.4845902E-04
   1.5559087E+03   2.2950000E+03   1.9600000E+03   1.5466766E-04   1.8110320E-04
   1.5559162E+03   2.2950000E+03   2.0080000E+03   0.0000000E+00   0.0000000E+00
   1.5559238E+03   2.3660000E+03   2.0500000E+03   1.4314791E-05   1.6521364E-05
   1.5559313E+03   2.3700000E+03   2.0500000E+03   0.0000000E+00   0.0000000E+00
   1.5559388E+03   2.2390000E+03   1.9320000E+03   0.0000000E+00   0.0000000E+00
   1.5559463E+03   2.2540000E+03   1.9360000E+03   0.0000000E+00   0.0000000E+00
   1.5559539E+03   2.3830000E+03   2.0610000E+03   0.0000000E+00   0.0000000E+00
   1.5559614E+03   2.2560000E+03   1.9490000E+03   0.0000000E+00   0.0000000E+00
   1.5559689E+03   2.3220000E+03   2.0280000E+03   1.5400257E-04   1.7632839E-04
   1.5559765E+03   2.2700000E+03   1.9800000E+03   2.3545762E-04   2.6994384E-04
   1.5559840E+03   2.2720000E+03   1.9960000E+03   3.6243463E-04   4.1255084E-04
   1.5559915E+03   2.2830000E+03   1.9710000E+03   0.0000000E+00   0.0000000E+00
   1.5559990E+03   2.3700000E+03   2.0420000E+03   0.0000000E+00   0.0000000E+00
   1.5560066E+03   2.3670000E+03   2.0390000E+03   0.0000000E+00   0.0000000E+00
   1.5560141E+03   2.2500000E+03   1.9580000E+03   0.0000000E+00   0.0000000E+00
   1.5560216E+03   2.2180000E+03   1.9340000E+03   1.7611544E-04   2.0197728E-04
   1.5560291E+03   2.2760000E+03   1.9960000E+03   1.5602866E-04   1.7791645E-04
   1.5560367E+03   2.2680000E+03   1.9640000E+03   0.0000000E+00   0.0000000E+00
   1.5560442E+03   2.2410000E+03   1.9500000E+03   2.8618473E-04   3.2889230E-04
   1.5560517E+03   2.3660000E+03   2.0720000E+03   1.7715296E-05   2.0228953E-05
   1.5560593E+03   2.3380000E+03   2.0380000E+03   1.4902353E-04   1.7096026E-04
   1.5560668E+03   2.3670000E+03   2.0580000E+03   0.0000000E+00   0.0000000E+00
   1.5560743E+03   2.2640000E+03   1.9630000E+03   0.0000000E+00   0.0000000E+00
   1.5560818E+03   2.2540000E+03   1.9420000E+03   2.6312570E-04   3.0539924E-04
   1.5560894E+03   2.2980000E+03   1.9910000E+03   4.0146179E-04   4.6336474E-04
   1.5560969E+03   2.1810000E+03   1.9050000E+03   0.0000000E+00   0.0000000E+00
   1.5561044E+03   2.3100000E+03   1.9930000E+03   0.0000000E+00   0.0000000E+00
   1.5561120E+03   2.3280000E+03   1.9910000E+03   3.9709570E-05   4.6430879E-05
   1.5561195E+03   2.1820000E+03   1.8940000E+03   0.0000000E+00   0.0000000E+00
   1.5561270E+03   2.3740000E+03   2.0600000E+03   0.0000000E+00   0.0000000E+00
   1.5561345E+03   2.3050000E+03   1.9990000E+03   2.2232450E-04   2.5635716E-04
   1.5561421E+03   2.2540000E+03   1.9870000E+03   4.7760372E-04   5.4178097E-04
   1.5561496E+03   2.3650000E+03   2.0620000E+03   0.0000000E+00   0.0000000E+00
   1.5561571E+03   2.3530000E+03   2.0420000E+03   0.0000000E+00   0.0000000E+00
   1.5561647E+03   2.2090000E+03   1.9320000E+03   0.0000000E+00   0.0000000E+00
   1.5561722E+03   2.2350000E+03   1.9440000E+03   1.5194550E-04   1.7469042E-04
   1.5561797E+03   2.3070000E+03   2.0190000E+03   3.9718821E-04   4.5384508E-04
   1.5561872E+03   2.2830000E+03   1.9810000E+03   0.0000000E+00   0.0000000E+00
   1.5561948E+03   2.3220000E+03   1.9760000E+03   3.8898230E-04   4.5709357E-04
   1.5562023E+03   2.3360000E+03   2.0580000E+03   0.0000000E+00   0.0000000E+00
   1.5562098E+03   2.2760000E+03   1.9770000E+03   1.1002294E-04   1.2666272E-04
   1.5562174E+03   2.2640000E+03   1.9520000E+03   0.0000000E+00   0.0000000E+00
   1.5562249E+03   2.1490000E+03   1.8870000E+03   5.0650793E-05   5.7683389E-05
   1.5562324E+03   2.1500000E+03   1.8960000E+03   1.6846579E-04   1.9103452E-04
   1.5562399E+03   2.2460000E+03   1.9620000E+03   0.0000000E+00   0.0000000E+00
   1.5562475E+03   2.3050000E+03   2.0050000E+03   1.1453148E-04   1.3166836E-04
   1.5562550E+03   2.2390000E+03   1.9480000E+03   2.6065685E-04   2.9959481E-04
   1.5562625E+03   2.2820000E+03   1.9830000E+03   1.1527126E-04   1.3265205E-04
   1.5562701E+03   2.3070000E+03   2.0150000E+03   0.0000000E+00   0.0000000E+00
   1.5562776E+03   2.2200000E+03   1.9290000E+03   7.5295199E-05   8.6653884E-05
   1.5562851E+03   2.2940000E+03   1.9880000E+03   3.2137717E-04   2.4011772E-04
   1.5562926E+03   2.2280000E+03   1.9320000E+03   0.0000000E+00   0.0000000E+00
   1.5563002E+03   2.3380000E+03   2.0100000E+03   0.0000000E+00   0.0000000E+00
   1.5563077E+03   2.1710000E+03   1.9100000E+03   0.0000000E+00   0.0000000E+00
   1.5563152E+03   2.2080000E+03   1.9230000E+03   0.0000000E+00   0.0000000E+00
   1.5563228E+03   2.3180000E+03   2.0150000E+03   0.0000000E+00   0.0000000E+00
   1.5563303E+03   2.2730000E+03   1.9470000E+03   2.1149850E-05   2.4691120E-05
   1.5563378E+03   2.2920000E+03   2.0030000E+03   2.7548570E-04   3.1523376E-04
   1.5563453E+03   2.2260000E+03   1.9370000E+03   2.3971980E-04   0.0000000E+00
   1.5563529E+03   2.1980000E+03   1.9370000E+03   2.9168812E-04   3.3099147E-04
   1.5563604E+03   2.2690000E+03   1.9540000E+03   3.1161959E-04   0.0000000E+00
   1.5563679E+03   2.2840000E+03   1.9630000E+03   0.0000000E+00   0.0000000E+00
   1.5563755E+03   2.2310000E+03   1.9500000E+03   0.0000000E+00   0.0000000E+00
   1.5563830E+03   2.2850000E+03   2.0010000E+03   2.4227080E-04   2.7665606E-04
   1.5563905E+03   2.2330000E+03   1.9500000E+03   0.0000000E+00   0.0000000E+00
   1.5563980E+03   2.2990000E+03   2.0080000E+03   0.0000000E+00   0.0000000E+00
   1.5564056E+03   2.2500000E+03   1.9910000E+03   6.0205708E-04   6.8037590E-04
   1.5564131E+03   2.2270000E+03   1.9350000E+03   0.0000000E+00   0.0000000E+00
   1.5564206E+03   2.2700000E+03   1.9870000E+03   0.0000000E+00   0.0000000E+00
   1.5564282E+03   2.2100000E+03   1.9040000E+03   3.9783400E-04   4.6177160E-04
   1.5564357E+03   2.3670000E+03   2.0770000E+03   1.5304792E-04   0.0000000E+00
   1.5564432E+03   2.2050000E+03   1.8940000E+03   4.9050204E-05   5.7104383E-05
   1.5564507E+03   2.2180000E+03   1.9460000E+03   4.1073466E-04   4.6814464E-04
   1.5564583E+03   2.2530000E+03   1.9330000E+03   0.0000000E+00   0.0000000E+00
   1.5564658E+03   2.2160000E+03   1.8970000E+03   0.0000000E+00   0.0000000E+00
   1.5564733E+03   2.1470000E+03   1.8800000E+03   9.7330806E-05   1.1115385E-04
   1.5564808E+03   2.2810000E+03   1.9840000E+03   0.0000000E+00   0.0000000E+00
   1.5564884E+03   2.1300000E+03   1.8890000E+03   0.0000000E+00   0.0000000E+00
   1.5564959E+03   2.2730000E+03   1.9940000E+03   0.0000000E+00   0.0000000E+00
   1.5565034E+03   2.2850000E+03   1.9980000E+03   0.0000000E+00   0.0000000E+00
   1.5565110E+03   2.2940000E+03   2.0040000E+03   3.9242605E-04   4.4921425E-04
   1.5565185E+03   2.1970000E+03   1.9140000E+03   2.1834007E-04   2.5062337E-04
   1.5565260E+03   2.2580000E+03   1.9570000E+03   0.0000000E+00   0.0000000E+00
   1.5565335E+03   2.1490000E+03   1.8660000E+03   0.0000000E+00   0.0000000E+00
   1.5565411E+03   2.2200000E+03   1.9290000E+03   0.0000000E+00   0.0000000E+00
   1.5565486E+03   2.2710000E+03   1.9430000E+03   0.0000000E+00   0.0000000E+00
   1.5565561E+03   2.2510000E+03   1.9640000E+03   3.7285951E-05   4.2734560E-05
   1.5565637E+03   2.2470000E+03   1.9720000E+03   0.0000000E+00   0.0000000E+00
   1.5565712E+03   2.2450000E+03   1.9610000E+03   0.0000000E+00   0.0000000E+00
   1.5565787E+03   2.2520000E+03   1.9880000E+03   0.0000000E+00   0.0000000E+00
   1.5565862E+03   2.2080000E+03   1.9200000E+03   0.0000000E+00   0.0000000E+00
   1.5565938E+03   2.1940000E+03   1.9030000E+03   1.4485347E-05   5.2085289E-05
   1.5566013E+03   2.3020000E+03   1.9890000E+03   5.0131565E-04   4.6846188E-04
   1.5566088E+03   2.1150000E+03   1.8440000E+03   1.6278062E-06   1.8670337E-06
   1.5566164E+03   2.2010000E+03   1.9210000E+03   7.3341657E-04   8.4031747E-04
   1.5566239E+03   2.2400000E+03   1.9700000E+03   0.0000000E+00   0.0000000E+00
   1.5566314E+03   2.2200000E+03   1.9170000E+03   0.0000000E+00   0.0000000E+00
   1.5566389E+03   2.1560000E+03   1.8830000E+03   0.0000000E+00   0.0000000E+00
   1.5566465E+03   2.2110000E+03   1.9310000E+03   0.0000000E+00   0.0000000E+00
   1.5566540E+03   2.2360000E+03   1.9450000E+03   5.2532207E-04   6.0391781E-04
   1.5566615E+03   2.1180000E+03   1.8530000E+03   0.0000000E+00   0.0000000E+00
   1.5566691E+03   2.1990000E+03   1.9070000E+03   1.6590781E-04   0.0000000E+00
   1.5566766E+03   2.2120000E+03   1.9270000E+03   0.0000000E+00   0.0000000E+00
   1.5566841E+03   2.2280000E+03   1.9410000E+03   1.9925595E-05   2.2871832E-05
   1.5566916E+03   2.2580000E+03   1.9660000E+03   6.6206415E-04   7.6039718E-04
   1.5566992E+03   2.2590000E+03   1.9850000E+03   4.0236167E-04   4.5790177E-04
   1.5567067E+03   2.2050000E+03   1.9310000E+03   0.0000000E+00   0.0000000E+00
   1.5567142E+03   2.1680000E+03   1.8980000E+03   7.6630915E-04   8.7532046E-04
   1.5567218E+03   2.2690000E+03   1.9880000E+03   6.7829730E-05   7.7417333E-05
   1.5567293E+03   2.1450000E+03   1.8480000E+03   0.0000000E+00   0.0000000E+00
   1.5567368E+03   2.1620000E+03   1.8930000E+03   0.0000000E+00   0.0000000E+00
   1.5567443E+03   2.1430000E+03   1.8580000E+03   5.9941014E-05   1.2348026E-05
   1.5567519E+03   2.1680000E+03   1.8870000E+03   3.2658015E-05   3.7521238E-05
   1.5567594E+03   2.1310000E+03   1.8490000E+03   0.0000000E+00   0.0000000E+00
   1.5567669E+03   2.2150000E+03   1.9250000E+03   1.5756959E-04   1.8130735E-04
   1.5567745E+03   2.1950000E+03   1.8960000E+03   1.9649652E-04   2.2748410E-04
   1.5567820E+03   2.1820000E+03   1.9010000E+03   4.7230749E-06   5.4212254E-06
   1.5567895E+03   2.1400000E+03   1.8660000E+03   0.0000000E+00   0.0000000E+00
   1.5567970E+03   2.1260000E+03   1.8390000E+03   3.9346424E-04   4.5486949E-04
   1.5568046E+03   2.2300000E+03   1.9260000E+03   0.0000000E+00   0.0000000E+00
   1.5568121E+03   2.2240000E+03   1.9010000E+03   0.0000000E+00   0.0000000E+00
   1.5568196E+03   2.1730000E+03   1.8910000E+03   1.7224181E-04   1.9792779E-04
   1.5568272E+03   2.2000000E+03   1.9030000E+03   1.4075481E-04   1.6272233E-04
   1.5568347E+03   2.1640000E+03   1.8830000E+03   0.0000000E+00   0.0000000E+00
   1.5568422E+03   2.1910000E+03   1.9110000E+03   0.0000000E+00   0.0000000E+00
   1.5568497E+03   2.0670000E+03   1.8100000E+03   0.0000000E+00   0.0000000E+00
   1.5568573E+03   2.1280000E+03   1.8600000E+03   0.0000000E+00   0.0000000E+00
   1.5568648E+03   2.1260000E+03   1.8570000E+03   0.0000000E+00   0.0000000E+00
   1.5568723E+03   2.2320000E+03   1.9060000E+03   0.0000000E+00   0.0000000E+00
   1.5568799E+03   2.1400000E+03   1.8680000E+03   4.4681558E-04   4.8749111E-04
   1.5568874E+03   2.2390000E+03   1.9640000E+03   3.4342683E-04   3.9151358E-04
   1.5568949E+03   2.1080000E+03   1.8420000E+03   4.2711784E-04   4.8879718E-04
   1.5569024E+03   2.1930000E+03   1.9050000E+03   3.9619032E-04   3.4052636E-04
   1.5569100E+03   2.1470000E+03   1.8770000E+03   0.0000000E+00   0.0000000E+00
   1.5569175E+03   2.1220000E+03   1.8350000E+03   1.5837010E-05   1.8313970E-05
   1.5569250E+03   2.1680000E+03   1.8890000E+03   1.3570383E-04   1.5574691E-04
   1.5569325E+03   2.1040000E+03   1.8180000E+03   0.0000000E+00   0.0000000E+00
   1.5569401E+03   2.1930000E+03   1.8820000E+03   3.7640341E-05   0.0000000E+00
   1.5569476E+03   2.1930000E+03   1.8800000E+03   0.0000000E+00   0.0000000E+00
   1.5569551E+03   2.1840000E+03   1.9140000E+03   9.1281804E-05   1.0415855E-04
   1.5569627E+03   2.1960000E+03   1.9190000E+03   4.2240956E-04   4.8338270E-04
   1.5569702E+03   2.1900000E+03   1.8880000E+03   1.9063623E-04   2.2112995E-04
   1.5569777E+03   2.1170000E+03   1.8410000E+03   0.0000000E+00   0.0000000E+00
   1.5569852E+03   2.1340000E+03   1.8640000E+03   0.0000000E+00   0.0000000E+00
   1.5569928E+03   2.1610000E+03   1.8570000E+03   0.0000000E+00   0.0000000E+00
   1.5570003E+03   2.1820000E+03   1.8930000E+03   0.0000000E+00   0.0000000E+00
   1.5570078E+03   2.1510000E+03   1.8380000E+03   0.0000000E+00   0.0000000E+00
   1.5570154E+03   2.1490000E+03   1.8600000E+03   1.9906028E-04   2.2998954E-04
   1.5570229E+03   2.2000000E+03   1.9200000E+03   2.1403556E-04   2.4524908E-04
   1.5570304E+03   2.1710000E+03   1.9020000E+03   3.4985278E-04   3.9933249E-04
   1.5570379E+03   2.1860000E+03   1.9080000E+03   0.0000000E+00   0.0000000E+00
   1.5570455E+03   2.1650000E+03   1.8830000E+03   5.3570618E-04   6.1593408E-04
   1.5570530E+03   2.1030000E+03   1.8170000E+03   4.3558696E-04   2.9556639E-05
   1.5570605E+03   2.0930000E+03   1.8520000E+03   0.0000000E+00   0.0000000E+00
   1.5570681E+03   2.1380000E+03   1.8470000E+03   0.0000000E+00   0.0000000E+00
   1.5570756E+03   2.1050000E+03   1.8080000E+03   0.0000000E+00   0.0000000E+00
   1.5570831E+03   2.1610000E+03   1.8820000E+03   2.9497993E-04   0.0000000E+00
   1.5570906E+03   2.2330000E+03   1.9460000E+03   1.4744987E-04   1.6919608E-04
   1.5570982E+03   2.1870000E+03   1.8980000E+03   0.0000000E+00   0.0000000E+00
   1.5571057E+03   2.1180000E+03   1.8420000E+03   0.0000000E+00   0.0000000E+00
   1.5571132E+03   2.1880000E+03   1.9070000E+03   0.0000000E+00   0.0000000E+00
   1.5571208E+03   2.1730000E+03   1.8810000E+03   0.0000000E+00   0.0000000E+00
   1.5571283E+03   2.2190000E+03   1.9340000E+03   0.0000000E+00   0.0000000E+00
   1.5571358E+03   2.1230000E+03   1.8440000E+03   2.7602822E-04   3.1779171E-04
   1.5571433E+03   2.1700000E+03   1.8650000E+03   0.0000000E+00   0.0000000E+00
   1.5571509E+03   2.1070000E+03   1.8490000E+03   0.0000000E+00   0.0000000E+00
   1.5571584E+03   2.0160000E+03   1.7440000E+03   4.3905653E-04   5.0753324E-04
   1.5571659E+03   2.0940000E+03   1.8110000E+03   0.0000000E+00   0.0000000E+00
   1.5571735E+03   2.1440000E+03   1.8780000E+03   0.0000000E+00   0.0000000E+00
   1.5571810E+03   2.1310000E+03   1.8450000E+03   1.6329037E-04   1.8860259E-04
   1.5571885E+03   2.1310000E+03   1.8720000E+03   0.0000000E+00   0.0000000E+00
   1.5571960E+03   2.1460000E+03   1.8790000E+03   1.9659064E-04   2.2452555E-04
   1.5572036E+03   2.1050000E+03   1.8220000E+03   0.0000000E+00   0.0000000E+00
   1.5572111E+03   2.1910000E+03   1.9070000E+03   0.0000000E+00   0.0000000E+00
   1.5572186E+03   2.0560000E+03   1.7780000E+03   4.2989958E-04   4.9711672E-04
   1.5572262E+03   2.1470000E+03   1.8740000E+03   3.5469365E-05   4.0636460E-05
   1.5572337E+03   2.0760000E+03   1.8300000E+03   0.0000000E+00   0.0000000E+00
   1.5572412E+03   2.1120000E+03   1.8580000E+03   3.2437971E-05   3.6872441E-05
   1.5572487E+03   2.0890000E+03   1.8320000E+03   0.0000000E+00   0.0000000E+00
   1.5572563E+03   2.0910000E+03   1.8380000E+03   0.0000000E+00   0.0000000E+00
   1.5572638E+03   2.1070000E+03   1.8470000E+03   0.0000000E+00   0.0000000E+00
   1.5572713E+03   2.1300000E+03   1.8510000E+03   0.0000000E+00   0.0000000E+00
   1.5572789E+03   2.1380000E+03   1.8560000E+03   1.1850958E-04   1.3651589E-04
   1.5572864E+03   2.1560000E+03   1.8770000E+03   0.0000000E+00   0.0000000E+00
   1.5572939E+03   2.1510000E+03   1.8620000E+03   0.0000000E+00   0.0000000E+00
   1.5573014E+03   2.1080000E+03   1.8080000E+03   0.0000000E+00   0.0000000E+00
   1.5573090E+03   2.0820000E+03   1.8390000E+03   3.6584561E-04   4.1418737E-04
   1.5573165E+03   2.1070000E+03   1.8610000E+03   0.0000000E+00   0.0000000E+00
   1.5573240E+03   2.1720000E+03   1.8630000E+03   0.0000000E+00   0.0000000E+00
   1.5573316E+03   2.1960000E+03   1.8810000E+03   5.8687063E-05   6.8515040E-05
   1.5573391E+03   2.1330000E+03   1.8520000E+03   4.1823862E-04   4.8169707E-04
   1.5573466E+03   2.0540000E+03   1.8370000E+03   0.0000000E+00   0.0000000E+00
   1.5573541E+03   2.1080000E+03   1.8400000E+03   2.8368036E-04   3.2499903E-04
   1.5573617E+03   2.0460000E+03   1.7790000E+03   4.5176081E-04   5.1956302E-04
   1.5573692E+03   2.0800000E+03   1.8010000E+03   1.5778495E-04   1.8222804E-04
   1.5573767E+03   2.0790000E+03   1.8080000E+03   0.0000000E+00   0.0000000E+00
   1.5573842E+03   2.0690000E+03   1.8200000E+03   2.2034409E-04   2.5049007E-04
   1.5573918E+03   2.0130000E+03   1.7630000E+03   3.9120568E-04   4.4668011E-04
   1.5573993E+03   2.1520000E+03   1.8660000E+03   0.0000000E+00   0.0000000E+00
   1.5574068E+03   2.1440000E+03   1.8410000E+03   0.0000000E+00   0.0000000E+00
   1.5574144E+03   2.0410000E+03   1.7730000E+03   3.6105243E-04   4.1562775E-04
   1.5574219E+03   2.0790000E+03   1.7980000E+03   0.0000000E+00   0.0000000E+00
   1.5574294E+03   2.0610000E+03   1.8120000E+03   0.0000000E+00   0.0000000E+00
   1.5574369E+03   2.0900000E+03   1.8010000E+03   0.0000000E+00   0.0000000E+00
   1.5574445E+03   2.1120000E+03   1.8600000E+03   1.8328982E-04   2.0812263E-04
   1.5574520E+03   2.1170000E+03   1.8300000E+03   0.0000000E+00   0.0000000E+00
   1.5574595E+03   2.1610000E+03   1.8810000E+03   3.5937915E-04   4.1287525E-04
   1.5574671E+03   2.0950000E+03   1.8140000E+03   0.0000000E+00   0.0000000E+00
   1.5574746E+03   2.0080000E+03   1.7460000E+03   4.7655067E-04   5.4806056E-04
   1.5574821E+03   2.1250000E+03   1.8590000E+03   0.0000000E+00   0.0000000E+00
   1.5574896E+03   2.0630000E+03   1.7960000E+03   1.9806308E-04   2.2750787E-04
   1.5574972E+03   2.0290000E+03   1.7730000E+03   0.0000000E+00   0.0000000E+00
   1.5575047E+03   2.0590000E+03   1.8050000E+03   0.0000000E+00   0.0000000E+00
   1.5575122E+03   2.1160000E+03   1.8190000E+03   5.3570911E-04   6.2317783E-04
   1.5575198E+03   2.1000000E+03   1.8360000E+03   0.0000000E+00   0.0000000E+00
   1.5575273E+03   2.1580000E+03   1.8740000E+03   8.1842555E-05   9.4245589E-05
   1.5575348E+03   2.0900000E+03   1.8060000E+03   3.1609718E-04   0.0000000E+00
   1.5575423E+03   2.0430000E+03   1.7690000E+03   2.6790675E-04   5.3691130E-04
   1.5575499E+03   2.0680000E+03   1.8050000E+03   4.4955896E-04   5.1506256E-04
   1.5575574E+03   2.0410000E+03   1.7730000E+03   0.0000000E+00   0.0000000E+00
   1.5575649E+03   2.0270000E+03   1.7580000E+03   1.6901541E-05   0.0000000E+00
   1.5575725E+03   2.0160000E+03   1.7670000E+03   0.0000000E+00   0.0000000E+00
   1.5575800E+03   2.0100000E+03   1.7390000E+03   4.7212669E-04   5.4570135E-04
   1.5575875E+03   2.0380000E+03   1.7740000E+03   0.0000000E+00   0.0000000E+00
   1.5575950E+03   2.0330000E+03   1.7890000E+03   0.0000000E+00   0.0000000E+00
   1.5576026E+03   2.0760000E+03   1.7910000E+03   0.0000000E+00   0.0000000E+00
   1.5576101E+03   2.0910000E+03   1.8300000E+03   0.0000000E+00   0.0000000E+00
   1.5576176E+03   2.0820000E+03   1.8100000E+03   0.0000000E+00   0.0000000E+00
   1.5576252E+03   2.0880000E+03   1.7870000E+03   0.0000000E+00   0.0000000E+00
   1.5576327E+03   2.0220000E+03   1.7550000E+03   8.0530936E-04   6.1447956E-04
   1.5576402E+03   1.9490000E+03   1.6830000E+03   0.0000000E+00   0.0000000E+00
   1.5576477E+03   2.0590000E+03   1.8180000E+03   4.2207770E-04   4.7802970E-04
   1.5576553E+03   2.0870000E+03   1.8230000E+03   0.0000000E+00   0.0000000E+00
   1.5576628E+03   1.9980000E+03   1.7220000E+03   3.6954795E-05   4.2877863E-05
   1.5576703E+03   2.0870000E+03   1.8220000E+03   2.5397043E-04   2.9090905E-04
   1.5576779E+03   2.0590000E+03   1.7850000E+03   0.0000000E+00   0.0000000E+00
   1.5576854E+03   2.1050000E+03   1.8280000E+03   3.4602733E-04   4.3487152E-04
   1.5576929E+03   2.1190000E+03   1.8580000E+03   9.0395393E-05   1.0309356E-04
   1.5577004E+03   2.0100000E+03   1.7650000E+03   1.8449964E-04   2.1011007E-04
   1.5577080E+03   2.0990000E+03   1.8240000E+03   0.0000000E+00   0.0000000E+00
   1.5577155E+03   2.0650000E+03   1.8030000E+03   0.0000000E+00   0.0000000E+00
   1.5577230E+03   1.9680000E+03   1.7330000E+03   0.0000000E+00   0.0000000E+00
   1.5577306E+03   2.1120000E+03   1.8670000E+03   0.0000000E+00   0.0000000E+00
   1.5577381E+03   2.0390000E+03   1.7730000E+03   0.0000000E+00   0.0000000E+00
   1.5577456E+03   2.0170000E+03   1.7430000E+03   3.8647264E-04   4.4722623E-04
   1.5577531E+03   1.9920000E+03   1.7410000E+03   5.1050309E-05   5.8410233E-05
   1.5577607E+03   2.0640000E+03   1.7850000E+03   4.5092400E-04   5.2140456E-04
   1.5577682E+03   2.0180000E+03   1.7640000E+03   4.4272196E-04   5.0646990E-04
   1.5577757E+03   2.0700000E+03   1.7980000E+03   0.0000000E+00   0.0000000E+00
   1.5577833E+03   2.0370000E+03   1.7850000E+03   3.5646685E-04   4.0679159E-04
   1.5577908E+03   2.0300000E+03   1.7410000E+03   0.0000000E+00   0.0000000E+00
   1.5577983E+03   2.0680000E+03   1.8120000E+03   2.9997437E-04   3.4235485E-04
   1.5578058E+03   2.0230000E+03   1.7690000E+03   2.1371789E-05   2.4440435E-05
   1.5578134E+03   1.9920000E+03   1.7300000E+03   0.0000000E+00   0.0000000E+00
   1.5578209E+03   2.0430000E+03   1.7960000E+03   1.6415793E-04   1.8673421E-04
   1.5578284E+03   2.1010000E+03   1.8100000E+03   0.0000000E+00   0.0000000E+00
   1.5578359E+03   1.9880000E+03   1.7400000E+03   0.0000000E+00   0.0000000E+00
   1.5578435E+03   1.9830000E+03   1.7570000E+03   5.9557970E-05   0.0000000E+00
   1.5578510E+03   2.1090000E+03   1.8540000E+03   2.5634523E-04   2.9160306E-04
   1.5578585E+03   1.9910000E+03   1.7260000E+03   0.0000000E+00   0.0000000E+00
   1.5578661E+03   2.0030000E+03   1.7350000E+03   0.0000000E+00   0.0000000E+00
   1.5578736E+03   2.0360000E+03   1.7750000E+03   1.0907287E-04   1.2511119E-04
   1.5578811E+03   1.9860000E+03   1.7510000E+03   0.0000000E+00   0.0000000E+00
   1.5578886E+03   2.0180000E+03   1.7610000E+03   0.0000000E+00   0.0000000E+00
   1.5578962E+03   2.0190000E+03   1.7600000E+03   0.0000000E+00   0.0000000E+00
   1.5579037E+03   2.0110000E+03   1.7590000E+03   0.0000000E+00   0.0000000E+00
   1.5579112E+03   2.0940000E+03   1.8590000E+03   0.0000000E+00   0.0000000E+00
   1.5579188E+03   2.0350000E+03   1.7860000E+03   0.0000000E+00   0.0000000E+00
   1.5579263E+03   1.9930000E+03   1.7230000E+03   0.0000000E+00   0.0000000E+00
   1.5579338E+03   2.0240000E+03   1.7850000E+03   1.9813079E-04   2.2465922E-04
   1.5579413E+03   1.9530000E+03   1.6930000E+03   2.0521312E-04   2.3672843E-04
   1.5579489E+03   1.9400000E+03   1.6920000E+03   1.4850171E-04   1.7026792E-04
   1.5579564E+03   1.9960000E+03   1.7160000E+03   0.0000000E+00   0.0000000E+00
   1.5579639E+03   1.9410000E+03   1.6920000E+03   0.0000000E+00   0.0000000E+00
   1.5579715E+03   2.0090000E+03   1.7400000E+03   0.0000000E+00   0.0000000E+00
   1.5579790E+03   1.9880000E+03   1.7370000E+03   0.0000000E+00   0.0000000E+00
   1.5579865E+03   2.0030000E+03   1.7360000E+03   0.0000000E+00   0.0000000E+00
   1.5579940E+03   1.9980000E+03   1.7290000E+03   0.0000000E+00   0.0000000E+00
   1.5580016E+03   2.0110000E+03   1.7200000E+03   0.0000000E+00   0.0000000E+00
   1.5580091E+03   2.0430000E+03   1.7600000E+03   0.0000000E+00   0.0000000E+00
   1.5580166E+03   2.0370000E+03   1.7760000E+03   1.6118546E-04   1.8487318E-04
   1.5580242E+03   1.9900000E+03   1.7200000E+03   0.0000000E+00   0.0000000E+00
   1.5580317E+03   1.9690000E+03   1.7070000E+03   0.0000000E+00   0.0000000E+00
   1.5580392E+03   2.0730000E+03   1.8170000E+03   0.0000000E+00   0.0000000E+00
   1.5580467E+03   2.0390000E+03   1.7980000E+03   0.0000000E+00   0.0000000E+00
   1.5580543E+03   2.0370000E+03   1.7760000E+03   0.0000000E+00   0.0000000E+00
   1.5580618E+03   1.9090000E+03   1.6960000E+03   0.0000000E+00   0.0000000E+00
   1.5580693E+03   1.9730000E+03   1.6990000E+03   4.6006218E-05   0.0000000E+00
   1.5580769E+03   2.0430000E+03   1.7710000E+03   0.0000000E+00   0.0000000E+00
   1.5580844E+03   2.0350000E+03   1.7590000E+03   0.0000000E+00   0.0000000E+00
   1.5580919E+03   1.9230000E+03   1.6820000E+03   0.0000000E+00   0.0000000E+00
   1.5580994E+03   1.9620000E+03   1.7080000E+03   0.0000000E+00   0.0000000E+00
   1.5581070E+03   2.0290000E+03   1.7670000E+03   0.0000000E+00   0.0000000E+00
   1.5581145E+03   2.0300000E+03   1.7550000E+03   0.0000000E+00   0.0000000E+00
   1.5581220E+03   2.0380000E+03   1.7870000E+03   0.0000000E+00   0.0000000E+00
   1.5581296E+03   1.9500000E+03   1.6910000E+03   1.3463169E-05   1.5525239E-05
   1.5581371E+03   1.9740000E+03   1.6910000E+03   0.0000000E+00   0.0000000E+00
   1.5581446E+03   1.9090000E+03   1.6840000E+03   4.4014257E-04   4.9895022E-04
   1.5581521E+03   1.9190000E+03   1.6840000E+03   4.1321709E-04   4.7088099E-04
   1.5581597E+03   2.0150000E+03   1.7780000E+03   4.0256665E-04   4.5622711E-04
   1.5581672E+03   1.9190000E+03   1.6750000E+03   0.0000000E+00   0.0000000E+00
   1.5581747E+03   2.0880000E+03   1.8280000E+03   6.1593027E-04   7.0353524E-04
   1.5581823E+03   1.8710000E+03   1.6480000E+03   0.0000000E+00   0.0000000E+00
   1.5581898E+03   1.9040000E+03   1.6410000E+03   2.3186400E-04   2.6902441E-04
   1.5581973E+03   1.8860000E+03   1.6280000E+03   0.0000000E+00   0.0000000E+00
   1.5582048E+03   1.9830000E+03   1.7280000E+03   0.0000000E+00   0.0000000E+00
   1.5582124E+03   1.9090000E+03   1.6570000E+03   2.9183192E-04   3.3621432E-04
   1.5582199E+03   1.9690000E+03   1.7000000E+03   0.0000000E+00   0.0000000E+00
   1.5582274E+03   1.9340000E+03   1.7110000E+03   4.3730464E-04   4.9429993E-04
   1.5582350E+03   1.9230000E+03   1.6540000E+03   4.9834175E-04   5.7939008E-04
   1.5582425E+03   1.9360000E+03   1.7000000E+03   0.0000000E+00   0.0000000E+00
   1.5582500E+03   1.9230000E+03   1.6790000E+03   0.0000000E+00   0.0000000E+00
   1.5582575E+03   1.9820000E+03   1.7340000E+03   4.0239634E-04   4.5994783E-04
   1.5582651E+03   1.9170000E+03   1.6480000E+03   0.0000000E+00   0.0000000E+00
   1.5582726E+03   1.9580000E+03   1.6870000E+03   0.0000000E+00   0.0000000E+00
   1.5582801E+03   1.9650000E+03   1.7040000E+03   0.0000000E+00   0.0000000E+00
   1.5582876E+03   1.9960000E+03   1.7400000E+03   1.4276089E-04   1.6376479E-04
   1.5582952E+03   1.9600000E+03   1.7050000E+03   0.0000000E+00   0.0000000E+00
   1.5583027E+03   1.9630000E+03   1.7300000E+03   0.0000000E+00   0.0000000E+00
   1.5583102E+03   1.9470000E+03   1.6790000E+03   4.4914278E-04   5.2083442E-04
   1.5583178E+03   1.9350000E+03   1.6690000E+03   1.2372124E-04   1.4254073E-04
   1.5583253E+03   2.0040000E+03   1.7320000E+03   4.4619878E-05   5.1627157E-05
   1.5583328E+03   2.0400000E+03   1.7820000E+03   0.0000000E+00   0.0000000E+00
   1.5583403E+03   1.9790000E+03   1.7290000E+03   3.6422503E-04   0.0000000E+00
   1.5583479E+03   1.9780000E+03   1.7000000E+03   0.0000000E+00   0.0000000E+00
   1.5583554E+03   1.9140000E+03   1.6620000E+03   2.6468535E-04   3.0481815E-04
   1.5583629E+03   1.9080000E+03   1.6690000E+03   0.0000000E+00   0.0000000E+00
   1.5583705E+03   1.9030000E+03   1.6540000E+03   2.5819162E-04   2.9706086E-04
   1.5583780E+03   1.9350000E+03   1.6840000E+03   6.5959277E-06   7.5790500E-06
   1.5583855E+03   1.9810000E+03   1.7340000E+03   0.0000000E+00   0.0000000E+00
   1.5583930E+03   1.9330000E+03   1.6760000E+03   0.0000000E+00   0.0000000E+00
   1.5584006E+03   1.8920000E+03   1.6480000E+03   0.0000000E+00   0.0000000E+00
   1.5584081E+03   1.9610000E+03   1.7190000E+03   2.8833107E-05   0.0000000E+00
   1.5584156E+03   1.9170000E+03   1.6490000E+03   0.0000000E+00   0.0000000E+00
   1.5584232E+03   1.9550000E+03   1.7080000E+03   2.9582266E-04   3.3860264E-04
   1.5584307E+03   1.9260000E+03   1.6790000E+03   2.8622242E-04   0.0000000E+00
   1.5584382E+03   1.8880000E+03   1.6310000E+03   0.0000000E+00   0.0000000E+00
   1.5584457E+03   1.9410000E+03   1.7350000E+03   0.0000000E+00   0.0000000E+00
   1.5584533E+03   1.9670000E+03   1.7200000E+03   4.7174603E-05   5.3949096E-05
   1.5584608E+03   1.9520000E+03   1.7100000E+03   1.8421551E-04   2.1028577E-04
   1.5584683E+03   1.8970000E+03   1.6440000E+03   6.3963472E-04   4.7288522E-04
   1.5584759E+03   1.8450000E+03   1.6060000E+03   0.0000000E+00   0.0000000E+00
   1.5584834E+03   1.9240000E+03   1.6820000E+03   4.8303627E-04   5.5253376E-04
   1.5584909E+03   1.9590000E+03   1.7160000E+03   2.7545109E-04   3.1445728E-04
   1.5584984E+03   1.8490000E+03   1.6050000E+03   4.1559012E-04   4.7877017E-04
   1.5585060E+03   1.9310000E+03   1.6620000E+03   9.0345310E-05   1.0496799E-04
   1.5585135E+03   1.9280000E+03   1.6770000E+03   0.0000000E+00   0.0000000E+00
   1.5585210E+03   1.9090000E+03   1.6540000E+03   3.0924103E-04   3.5691725E-04
   1.5585286E+03   1.9630000E+03   1.6920000E+03   0.0000000E+00   0.0000000E+00
   1.5585361E+03   1.9250000E+03   1.6720000E+03   0.0000000E+00   0.0000000E+00
   1.5585436E+03   1.9400000E+03   1.6980000E+03   1.3575401E-04   1.5510175E-04
   1.5585511E+03   1.9030000E+03   1.6640000E+03   0.0000000E+00   0.0000000E+00
   1.5585587E+03   1.9290000E+03   1.6660000E+03   0.0000000E+00   0.0000000E+00
   1.5585662E+03   1.8680000E+03   1.6200000E+03   0.0000000E+00   0.0000000E+00
   1.5585737E+03   1.8930000E+03   1.6320000E+03   0.0000000E+00   0.0000000E+00
   1.5585813E+03   1.8890000E+03   1.6520000E+03   0.0000000E+00   0.0000000E+00
   1.5585888E+03   1.9110000E+03   1.6570000E+03   5.0087467E-04   5.7765329E-04
   1.5585963E+03   1.8930000E+03   1.6530000E+03   0.0000000E+00   0.0000000E+00
   1.5586038E+03   1.9490000E+03   1.6850000E+03   0.0000000E+00   0.0000000E+00
   1.5586114E+03   1.9140000E+03   1.6520000E+03   0.0000000E+00   0.0000000E+00
   1.5586189E+03   1.8600000E+03   1.6120000E+03   0.0000000E+00   0.0000000E+00
   1.5586264E+03   1.9130000E+03   1.6670000E+03   0.0000000E+00   0.0000000E+00
   1.5586340E+03   1.8020000E+03   1.5840000E+03   0.0000000E+00   0.0000000E+00
   1.5586415E+03   1.9920000E+03   1.7110000E+03   6.5997532E-04   7.6836402E-04
   1.5586490E+03   1.9020000E+03   1.6660000E+03   0.0000000E+00   0.0000000E+00
   1.5586565E+03   1.8840000E+03   1.6590000E+03   1.6605466E-04   1.8857563E-04
   1.5586641E+03   1.8830000E+03   1.6620000E+03   0.0000000E+00   0.0000000E+00
   1.5586716E+03   1.8070000E+03   1.5730000E+03   0.0000000E+00   0.0000000E+00
   1.5586791E+03   1.8720000E+03   1.6380000E+03   0.0000000E+00   0.0000000E+00
   1.5586867E+03   1.8780000E+03   1.6210000E+03   0.0000000E+00   0.0000000E+00
   1.5586942E+03   1.8800000E+03   1.6350000E+03   0.0000000E+00   0.0000000E+00
   1.5587017E+03   1.8260000E+03   1.5870000E+03   0.0000000E+00   0.0000000E+00
   1.5587092E+03   1.8830000E+03   1.6510000E+03   0.0000000E+00   0.0000000E+00
   1.5587168E+03   1.8030000E+03   1.5870000E+03   0.0000000E+00   0.0000000E+00
   1.5587243E+03   1.8670000E+03   1.6270000E+03   0.0000000E+00   0.0000000E+00
   1.5587318E+03   1.9210000E+03   1.6850000E+03   1.7738863E-04   2.0223357E-04
   1.5587393E+03   1.9210000E+03   1.6710000E+03   0.0000000E+00   0.0000000E+00
   1.5587469E+03   1.8600000E+03   1.6110000E+03   0.0000000E+00   0.0000000E+00
   1.5587544E+03   1.8920000E+03   1.6290000E+03   0.0000000E+00   0.0000000E+00
   1.5587619E+03   1.8530000E+03   1.6290000E+03   0.0000000E+00   0.0000000E+00
   1.5587695E+03   1.8740000E+03   1.6150000E+03   0.0000000E+00   0.0000000E+00
   1.5587770E+03   1.8470000E+03   1.6220000E+03   0.0000000E+00   0.0000000E+00
   1.5587845E+03   1.9080000E+03   1.6550000E+03   0.0000000E+00   0.0000000E+00
   1.5587920E+03   1.8770000E+03   1.6230000E+03   0.0000000E+00   0.0000000E+00
   1.5587996E+03   1.9490000E+03   1.7190000E+03   2.0426482E-04   2.3159520E-04
   1.5588071E+03   1.8840000E+03   1.6380000E+03   0.0000000E+00   0.0000000E+00
   1.5588146E+03   1.9280000E+03   1.6840000E+03   0.0000000E+00   0.0000000E+00
   1.5588222E+03   1.8480000E+03   1.5940000E+03   2.8858789E-05   3.3457366E-05
   1.5588297E+03   1.8410000E+03   1.6100000E+03   0.0000000E+00   0.0000000E+00
   1.5588372E+03   1.8550000E+03   1.6120000E+03   0.0000000E+00   0.0000000E+00
   1.5588447E+03   1.7520000E+03   1.5220000E+03   0.0000000E+00   0.0000000E+00
   1.5588523E+03   1.7980000E+03   1.5830000E+03   0.0000000E+00   0.0000000E+00
   1.5588598E+03   1.7670000E+03   1.5440000E+03   0.0000000E+00   0.0000000E+00
   1.5588673E+03   1.8440000E+03   1.6210000E+03   0.0000000E+00   0.0000000E+00
   1.5588749E+03   1.8080000E+03   1.5750000E+03   2.6082416E-04   2.9940957E-04
   1.5588824E+03   1.8420000E+03   1.6120000E+03   0.0000000E+00   0.0000000E+00
   1.5588899E+03   1.8750000E+03   1.6370000E+03   0.0000000E+00   0.0000000E+00
   1.5588974E+03   1.8850000E+03   1.6470000E+03   2.7791681E-04   2.8283150E-04
   1.5589050E+03   1.9140000E+03   1.6620000E+03   0.0000000E+00   0.0000000E+00
   1.5589125E+03   1.7930000E+03   1.5560000E+03   4.5624462E-04   5.2573689E-04
   1.5589200E+03   1.8080000E+03   1.5540000E+03   0.0000000E+00   0.0000000E+00
   1.5589276E+03   1.8050000E+03   1.5720000E+03   0.0000000E+00   0.0000000E+00
   1.5589351E+03   1.8180000E+03   1.5890000E+03   0.0000000E+00   0.0000000E+00
   1.5589426E+03   1.8160000E+03   1.5660000E+03   0.0000000E+00   0.0000000E+00
   1.5589501E+03   1.7700000E+03   1.5420000E+03   1.4471799E-04   0.0000000E+00
   1.5589577E+03   1.8270000E+03   1.5700000E+03   0.0000000E+00   0.0000000E+00
   1.5589652E+03   1.8040000E+03   1.5540000E+03   6.3162857E-04   4.3977277E-04
   1.5589727E+03   1.8410000E+03   1.6040000E+03   0.0000000E+00   0.0000000E+00
   1.5589803E+03   1.8620000E+03   1.5950000E+03   0.0000000E+00   0.0000000E+00
   1.5589878E+03   1.8350000E+03   1.5710000E+03   0.0000000E+00   0.0000000E+00
   1.5589953E+03   1.7930000E+03   1.5850000E+03   0.0000000E+00   0.0000000E+00
   1.5590028E+03   1.7960000E+03   1.5960000E+03   1.8611866E-04   2.0944180E-04
   1.5590104E+03   1.8690000E+03   1.6130000E+03   0.0000000E+00   0.0000000E+00
   1.5590179E+03   1.7940000E+03   1.5570000E+03   0.0000000E+00   0.0000000E+00
   1.5590254E+03   1.8210000E+03   1.5960000E+03   0.0000000E+00   0.0000000E+00
   1.5590330E+03   1.7700000E+03   1.5570000E+03   0.0000000E+00   0.0000000E+00
   1.5590405E+03   1.8930000E+03   1.6650000E+03   0.0000000E+00   0.0000000E+00
   1.5590480E+03   1.8500000E+03   1.6180000E+03   0.0000000E+00   0.0000000E+00
   1.5590555E+03   1.8600000E+03   1.6210000E+03   0.0000000E+00   0.0000000E+00
   1.5590631E+03   1.7430000E+03   1.5280000E+03   0.0000000E+00   0.0000000E+00
   1.5590706E+03   1.7880000E+03   1.5770000E+03   0.0000000E+00   0.0000000E+00
   1.5590781E+03   1.8020000E+03   1.5660000E+03   0.0000000E+00   0.0000000E+00
   1.5590857E+03   1.7360000E+03   1.4850000E+03   0.0000000E+00   0.0000000E+00
   1.5590932E+03   1.7670000E+03   1.5350000E+03   0.0000000E+00   0.0000000E+00
   1.5591007E+03   1.8130000E+03   1.5540000E+03   6.6255586E-04   2.4471000E-04
   1.5591082E+03   1.7910000E+03   1.5600000E+03   0.0000000E+00   0.0000000E+00
   1.5591158E+03   1.8230000E+03   1.6010000E+03   0.0000000E+00   0.0000000E+00
   1.5591233E+03   1.7240000E+03   1.4890000E+03   0.0000000E+00   0.0000000E+00
   1.5591308E+03   1.7890000E+03   1.5620000E+03   3.8965832E-04   4.4628600E-04
   1.5591384E+03   1.8140000E+03   1.5690000E+03   5.0920702E-04   0.0000000E+00
   1.5591459E+03   1.8010000E+03   1.5560000E+03   0.0000000E+00   0.0000000E+00
   1.5591534E+03   1.7780000E+03   1.5540000E+03   5.1172133E-04   5.8548296E-04
   1.5591609E+03   1.8380000E+03   1.5970000E+03   2.5200157E-05   2.9003061E-05
   1.5591685E+03   1.8300000E+03   1.6000000E+03   5.7616944E-05   6.5899380E-05
   1.5591760E+03   1.8140000E+03   1.5690000E+03   3.6880087E-04   4.2638928E-04
   1.5591835E+03   1.8040000E+03   1.5910000E+03   2.4057027E-04   2.7277735E-04
   1.5591910E+03   1.8310000E+03   1.5940000E+03   6.4855434E-05   7.4498306E-05
   1.5591986E+03   1.8550000E+03   1.6280000E+03   0.0000000E+00   0.0000000E+00
   1.5592061E+03   1.8070000E+03   1.5540000E+03   3.5149175E-04   4.0871659E-04
   1.5592136E+03   1.7640000E+03   1.5240000E+03   0.0000000E+00   0.0000000E+00
   1.5592212E+03   1.7970000E+03   1.5680000E+03   2.9440675E-04   3.3740366E-04
   1.5592287E+03   1.8120000E+03   1.5920000E+03   3.1242419E-04   0.0000000E+00
   1.5592362E+03   1.8180000E+03   1.5700000E+03   0.0000000E+00   0.0000000E+00
   1.5592437E+03   1.8180000E+03   1.5850000E+03   0.0000000E+00   0.0000000E+00
   1.5592513E+03   1.7520000E+03   1.5030000E+03   0.0000000E+00   0.0000000E+00
   1.5592588E+03   1.7800000E+03   1.5690000E+03   0.0000000E+00   0.0000000E+00
   1.5592663E+03   1.7500000E+03   1.5230000E+03   0.0000000E+00   0.0000000E+00
   1.5592739E+03   1.8310000E+03   1.6150000E+03   4.7722879E-04   5.4105629E-04
   1.5592814E+03   1.7750000E+03   1.5390000E+03   4.7066599E-04   5.4284089E-04
   1.5592889E+03   1.7990000E+03   1.5570000E+03   0.0000000E+00   0.0000000E+00
   1.5592964E+03   1.7650000E+03   1.5330000E+03   0.0000000E+00   0.0000000E+00
   1.5593040E+03   1.8050000E+03   1.5780000E+03   0.0000000E+00   0.0000000E+00
   1.5593115E+03   1.7770000E+03   1.5740000E+03   1.7408048E-04   1.9653177E-04
   1.5593190E+03   1.7480000E+03   1.5210000E+03   1.7606134E-04   2.0233742E-04
   1.5593266E+03   1.7800000E+03   1.5470000E+03   4.5839168E-05   5.2743193E-05
   1.5593341E+03   1.7150000E+03   1.4920000E+03   0.0000000E+00   0.0000000E+00
   1.5593416E+03   1.7760000E+03   1.5530000E+03   0.0000000E+00   0.0000000E+00
   1.5593491E+03   1.7260000E+03   1.4850000E+03   1.2738210E-04   1.4805488E-04
   1.5593567E+03   1.8170000E+03   1.5790000E+03   0.0000000E+00   0.0000000E+00
   1.5593642E+03   1.8180000E+03   1.6030000E+03   5.3977376E-04   5.2235482E-04
   1.5593717E+03   1.7820000E+03   1.5630000E+03   0.0000000E+00   0.0000000E+00
   1.5593793E+03   1.7420000E+03   1.5090000E+03   0.0000000E+00   0.0000000E+00
   1.5593868E+03   1.8500000E+03   1.6060000E+03   0.0000000E+00   0.0000000E+00
   1.5593943E+03   1.7840000E+03   1.5560000E+03   5.4159969E-04   6.2096006E-04
   1.5594018E+03   1.7010000E+03   1.4840000E+03   0.0000000E+00   0.0000000E+00
   1.5594094E+03   1.7150000E+03   1.5160000E+03   3.6879960E-04   4.1721062E-04
   1.5594169E+03   1.7360000E+03   1.5100000E+03   5.4727262E-04   6.2918229E-04
   1.5594244E+03   1.7270000E+03   1.4790000E+03   0.0000000E+00   0.0000000E+00
   1.5594320E+03   1.7270000E+03   1.5110000E+03   0.0000000E+00   0.0000000E+00
   1.5594395E+03   1.8550000E+03   1.6200000E+03   0.0000000E+00   0.0000000E+00
   1.5594470E+03   1.8070000E+03   1.5660000E+03   1.5555241E-04   1.7949119E-04
   1.5594545E+03   1.7750000E+03   1.5650000E+03   0.0000000E+00   0.0000000E+00
   1.5594621E+03   1.7680000E+03   1.5180000E+03   3.0635639E-04   3.5681034E-04
   1.5594696E+03   1.7550000E+03   1.5400000E+03   0.0000000E+00   0.0000000E+00
   1.5594771E+03   1.7720000E+03   1.5400000E+03   0.0000000E+00   0.0000000E+00
   1.5594847E+03   1.6570000E+03   1.4500000E+03   0.0000000E+00   0.0000000E+00
   1.5594922E+03   1.7330000E+03   1.4950000E+03   0.0000000E+00   0.0000000E+00
   1.5594997E+03   1.7770000E+03   1.5430000E+03   0.0000000E+00   0.0000000E+00
   1.5595072E+03   1.8010000E+03   1.5710000E+03   2.4616925E-05   2.8220930E-05
   1.5595148E+03   1.7410000E+03   1.5240000E+03   0.0000000E+00   0.0000000E+00
   1.5595223E+03   1.7140000E+03   1.4650000E+03   0.0000000E+00   0.0000000E+00
   1.5595298E+03   1.7080000E+03   1.4780000E+03   0.0000000E+00   0.0000000E+00
   1.5595374E+03   1.7950000E+03   1.5660000E+03   0.0000000E+00   0.0000000E+00
   1.5595449E+03   1.6970000E+03   1.4660000E+03   5.3134748E-04   6.1507277E-04
   1.5595524E+03   1.7940000E+03   1.5630000E+03   0.0000000E+00   0.0000000E+00
   1.5595599E+03   1.6880000E+03   1.4450000E+03   4.4457900E-04   5.1934212E-04
   1.5595675E+03   1.6780000E+03   1.4740000E+03   4.7705830E-04   5.4308265E-04
   1.5595750E+03   1.6190000E+03   1.4230000E+03   0.0000000E+00   0.0000000E+00
   1.5595825E+03   1.7240000E+03   1.4700000E+03   0.0000000E+00   0.0000000E+00
   1.5595901E+03   1.7280000E+03   1.5150000E+03   0.0000000E+00   0.0000000E+00
   1.5595976E+03   1.7690000E+03   1.5510000E+03   0.0000000E+00   0.0000000E+00
   1.5596051E+03   1.7540000E+03   1.5100000E+03   0.0000000E+00   0.0000000E+00
   1.5596126E+03   1.6870000E+03   1.4600000E+03   0.0000000E+00   0.0000000E+00
   1.5596202E+03   1.6850000E+03   1.4730000E+03   0.0000000E+00   0.0000000E+00
   1.5596277E+03   1.7420000E+03   1.5120000E+03   0.0000000E+00   0.0000000E+00
   1.5596352E+03   1.6260000E+03   1.3830000E+03   0.0000000E+00   0.0000000E+00
   1.5596427E+03   1.7460000E+03   1.5180000E+03   0.0000000E+00   0.0000000E+00
   1.5596503E+03   1.7680000E+03   1.5380000E+03   0.0000000E+00   0.0000000E+00
   1.5596578E+03   1.6810000E+03   1.4870000E+03   0.0000000E+00   0.0000000E+00
   1.5596653E+03   1.7170000E+03   1.4940000E+03   0.0000000E+00   0.0000000E+00
   1.5596729E+03   1.7380000E+03   1.5020000E+03   0.0000000E+00   0.0000000E+00
   1.5596804E+03   1.7640000E+03   1.5430000E+03   3.0385868E-04   3.4737960E-04
   1.5596879E+03   1.7570000E+03   1.5480000E+03   0.0000000E+00   0.0000000E+00
   1.5596954E+03   1.7140000E+03   1.4750000E+03   0.0000000E+00   0.0000000E+00
   1.5597030E+03   1.7620000E+03   1.5430000E+03   3.1646680E-04   3.6138335E-04
   1.5597105E+03   1.7370000E+03   1.5200000E+03   2.0728707E-04   2.3688003E-04
   1.5597180E+03   1.6750000E+03   1.4250000E+03   5.7583405E-04   6.7685757E-04
   1.5597256E+03   1.7110000E+03   1.4710000E+03   0.0000000E+00   0.0000000E+00
   1.5597331E+03   1.7390000E+03   1.5390000E+03   4.8704160E-05   5.5033486E-05
   1.5597406E+03   1.5310000E+03   1.3380000E+03   0.0000000E+00   0.0000000E+00
   1.5597481E+03   1.7550000E+03   1.5030000E+03   0.0000000E+00   0.0000000E+00
   1.5597557E+03   1.7410000E+03   1.5140000E+03   3.2965211E-04   3.7907815E-04
   1.5597632E+03   1.7290000E+03   1.4940000E+03   3.8997147E-05   0.0000000E+00
   1.5597707E+03   1.7270000E+03   1.5100000E+03   0.0000000E+00   0.0000000E+00
   1.5597783E+03   1.6890000E+03   1.4590000E+03   0.0000000E+00   0.0000000E+00
   1.5597858E+03   1.7190000E+03   1.4980000E+03   0.0000000E+00   0.0000000E+00
   1.5597933E+03   1.7550000E+03   1.5330000E+03   2.6505477E-05   3.0343844E-05
   1.5598008E+03   1.7140000E+03   1.5010000E+03   0.0000000E+00   0.0000000E+00
   1.5598084E+03   1.6560000E+03   1.4300000E+03   0.0000000E+00   0.0000000E+00
   1.5598159E+03   1.6950000E+03   1.4560000E+03   0.0000000E+00   0.0000000E+00
   1.5598234E+03   1.7150000E+03   1.5040000E+03   0.0000000E+00   0.0000000E+00
   1.5598310E+03   1.7550000E+03   1.5350000E+03   0.0000000E+00   0.0000000E+00
   1.5598385E+03   1.7400000E+03   1.4920000E+03   4.2815428E-04   4.9932202E-04
   1.5598460E+03   1.7650000E+03   1.5470000E+03   5.1286183E-04   5.8513325E-04
   1.5598535E+03   1.6990000E+03   1.4630000E+03   0.0000000E+00   0.0000000E+00
   1.5598611E+03   1.5860000E+03   1.3640000E+03   0.0000000E+00   0.0000000E+00
   1.5598686E+03   1.6190000E+03   1.4150000E+03   0.0000000E+00   0.0000000E+00
   1.5598761E+03   1.6800000E+03   1.4510000E+03   0.0000000E+00   0.0000000E+00
   1.5598837E+03   1.6630000E+03   1.4410000E+03   5.7121004E-04   6.4971037E-04
   1.5598912E+03   1.6960000E+03   1.4640000E+03   0.0000000E+00   0.0000000E+00
   1.5598987E+03   1.7070000E+03   1.4820000E+03   0.0000000E+00   0.0000000E+00
   1.5599062E+03   1.6340000E+03   1.4460000E+03   4.6235412E-05   5.2246656E-05
   1.5599138E+03   1.7350000E+03   1.5050000E+03   0.0000000E+00   0.0000000E+00
   1.5599213E+03   1.6300000E+03   1.4100000E+03   2.5870367E-05   2.9906878E-05
   1.5599288E+03   1.6320000E+03   1.4180000E+03   0.0000000E+00   0.0000000E+00
   1.5599364E+03   1.6330000E+03   1.4360000E+03   0.0000000E+00   0.0000000E+00
   1.5599439E+03   1.7230000E+03   1.5130000E+03   0.0000000E+00   0.0000000E+00
   1.5599514E+03   1.6500000E+03   1.4690000E+03   0.0000000E+00   0.0000000E+00
   1.5599589E+03   1.6410000E+03   1.4330000E+03   0.0000000E+00   0.0000000E+00
   1.5599665E+03   1.5960000E+03   1.3880000E+03   0.0000000E+00   0.0000000E+00
   1.5599740E+03   1.6230000E+03   1.3980000E+03   0.0000000E+00   0.0000000E+00
   1.5599815E+03   1.6200000E+03   1.4170000E+03   5.5512934E-04   6.3465739E-04
   1.5599891E+03   1.6270000E+03   1.4120000E+03   0.0000000E+00   0.0000000E+00
   1.5599966E+03   1.6430000E+03   1.4220000E+03   0.0000000E+00   0.0000000E+00
   1.5600041E+03   1.6310000E+03   1.4480000E+03   2.7558930E-05   3.1041861E-05
   1.5600116E+03   1.5920000E+03   1.3970000E+03   0.0000000E+00   0.0000000E+00
   1.5600192E+03   1.7370000E+03   1.5050000E+03   0.0000000E+00   0.0000000E+00
   1.5600267E+03   1.6210000E+03   1.4470000E+03   0.0000000E+00   0.0000000E+00
   1.5600342E+03   1.6880000E+03   1.4780000E+03   0.0000000E+00   0.0000000E+00
   1.5600418E+03   1.6460000E+03   1.4340000E+03   0.0000000E+00   0.0000000E+00
   1.5600493E+03   1.6490000E+03   1.4440000E+03   9.0589602E-05   0.0000000E+00
   1.5600568E+03   1.6880000E+03   1.5100000E+03   0.0000000E+00   0.0000000E+00
   1.5600643E+03   1.6700000E+03   1.4890000E+03   8.9486343E-05   1.0036413E-04
   1.5600719E+03   1.6490000E+03   1.4440000E+03   0.0000000E+00   0.0000000E+00
   1.5600794E+03   1.6870000E+03   1.4710000E+03   0.0000000E+00   0.0000000E+00
   1.5600869E+03   1.6370000E+03   1.4260000E+03   0.0000000E+00   0.0000000E+00
   1.5600944E+03   1.6360000E+03   1.4350000E+03   0.0000000E+00   0.0000000E+00
   1.5601020E+03   1.5710000E+03   1.3670000E+03   6.1429798E-04   7.0597083E-04
   1.5601095E+03   1.6790000E+03   1.4930000E+03   0.0000000E+00   0.0000000E+00
   1.5601170E+03   1.6960000E+03   1.4870000E+03   3.8995925E-04   4.4476858E-04
   1.5601246E+03   1.6310000E+03   1.4090000E+03   0.0000000E+00   0.0000000E+00
   1.5601321E+03   1.6440000E+03   1.4480000E+03   3.4614960E-04   3.9300411E-04
   1.5601396E+03   1.6450000E+03   1.4580000E+03   0.0000000E+00   0.0000000E+00
   1.5601471E+03   1.5710000E+03   1.3600000E+03   0.0000000E+00   0.0000000E+00
   1.5601547E+03   1.6650000E+03   1.4530000E+03   0.0000000E+00   0.0000000E+00
   1.5601622E+03   1.6890000E+03   1.4770000E+03   1.6716297E-04   1.9115657E-04
   1.5601697E+03   1.5970000E+03   1.4020000E+03   0.0000000E+00   0.0000000E+00
   1.5601773E+03   1.6460000E+03   1.4650000E+03   0.0000000E+00   0.0000000E+00
   1.5601848E+03   1.6880000E+03   1.4840000E+03   0.0000000E+00   0.0000000E+00
   1.5601923E+03   1.6650000E+03   1.4480000E+03   3.6126255E-04   4.1540203E-04
   1.5601998E+03   1.5690000E+03   1.3680000E+03   0.0000000E+00   0.0000000E+00
   1.5602074E+03   1.6110000E+03   1.3940000E+03   1.0124473E-03   1.1700521E-03
   1.5602149E+03   1.6690000E+03   1.4750000E+03   0.0000000E+00   0.0000000E+00
   1.5602224E+03   1.6300000E+03   1.4200000E+03   1.7981036E-04   2.0640203E-04
   1.5602300E+03   1.5940000E+03   1.3820000E+03   2.3205292E-04   2.6765004E-04
   1.5602375E+03   1.6150000E+03   1.4220000E+03   1.0830072E-04   1.2299976E-04
   1.5602450E+03   1.6190000E+03   1.3830000E+03   0.0000000E+00   0.0000000E+00
   1.5602525E+03   1.6900000E+03   1.4890000E+03   0.0000000E+00   0.0000000E+00
   1.5602601E+03   1.6170000E+03   1.3720000E+03   0.0000000E+00   0.0000000E+00
   1.5602676E+03   1.6210000E+03   1.4220000E+03   0.0000000E+00   0.0000000E+00
   1.5602751E+03   1.6660000E+03   1.4790000E+03   0.0000000E+00   0.0000000E+00
   1.5602827E+03   1.6400000E+03   1.4310000E+03   0.0000000E+00   0.0000000E+00
   1.5602902E+03   1.5900000E+03   1.4020000E+03   0.0000000E+00   0.0000000E+00
   1.5602977E+03   1.5880000E+03   1.3940000E+03   0.0000000E+00   0.0000000E+00
   1.5603052E+03   1.6020000E+03   1.4150000E+03   0.0000000E+00   0.0000000E+00
   1.5603128E+03   1.6610000E+03   1.4480000E+03   0.0000000E+00   0.0000000E+00
   1.5603203E+03   1.5860000E+03   1.3900000E+03   0.0000000E+00   0.0000000E+00
   1.5603278E+03   1.5370000E+03   1.3370000E+03   0.0000000E+00   0.0000000E+00
   1.5603354E+03   1.5770000E+03   1.3620000E+03   0.0000000E+00   0.0000000E+00
   1.5603429E+03   1.5400000E+03   1.3360000E+03   0.0000000E+00   0.0000000E+00
   1.5603504E+03   1.5910000E+03   1.3570000E+03   0.0000000E+00   0.0000000E+00
   1.5603579E+03   1.6340000E+03   1.4150000E+03   2.4423367E-04   0.0000000E+00
   1.5603655E+03   1.5550000E+03   1.3490000E+03   0.0000000E+00   0.0000000E+00
   1.5603730E+03   1.6250000E+03   1.3960000E+03   4.6491282E-04   5.4117717E-04
   1.5603805E+03   1.5460000E+03   1.3650000E+03   0.0000000E+00   0.0000000E+00
   1.5603881E+03   1.6150000E+03   1.3980000E+03   0.0000000E+00   0.0000000E+00
   1.5603956E+03   1.6300000E+03   1.4350000E+03   0.0000000E+00   0.0000000E+00
   1.5604031E+03   1.5750000E+03   1.3730000E+03   0.0000000E+00   0.0000000E+00
   1.5604106E+03   1.5790000E+03   1.3580000E+03   0.0000000E+00   0.0000000E+00
   1.5604182E+03   1.6210000E+03   1.3870000E+03   0.0000000E+00   0.0000000E+00
   1.5604257E+03   1.5400000E+03   1.3210000E+03   0.0000000E+00   0.0000000E+00
   1.5604332E+03   1.6010000E+03   1.3830000E+03   0.0000000E+00   0.0000000E+00
   1.5604408E+03   1.6220000E+03   1.4160000E+03   0.0000000E+00   0.0000000E+00
   1.5604483E+03   1.6350000E+03   1.4200000E+03   4.4329282E-04   5.1041110E-04
   1.5604558E+03   1.6290000E+03   1.4120000E+03   0.0000000E+00   0.0000000E+00
   1.5604633E+03   1.5650000E+03   1.3500000E+03   0.0000000E+00   0.0000000E+00
   1.5604709E+03   1.5600000E+03   1.3530000E+03   3.6598466E-05   4.2197787E-05
   1.5604784E+03   1.5620000E+03   1.3500000E+03   0.0000000E+00   0.0000000E+00
   1.5604859E+03   1.5120000E+03   1.2910000E+03   0.0000000E+00   0.0000000E+00
   1.5604935E+03   1.5930000E+03   1.3830000E+03   0.0000000E+00   0.0000000E+00
   1.5605010E+03   1.6130000E+03   1.4280000E+03   0.0000000E+00   0.0000000E+00
   1.5605085E+03   1.6350000E+03   1.4100000E+03   0.0000000E+00   0.0000000E+00
   1.5605160E+03   1.5530000E+03   1.3520000E+03   0.0000000E+00   0.0000000E+00
   1.5605236E+03   1.5270000E+03   1.3240000E+03   1.6846313E-04   1.9429245E-04
   1.5605311E+03   1.5860000E+03   1.3960000E+03   0.0000000E+00   0.0000000E+00
   1.5605386E+03   1.5680000E+03   1.3640000E+03   4.7174565E-05   5.4229999E-05
   1.5605461E+03   1.5890000E+03   1.4050000E+03   0.0000000E+00   0.0000000E+00
   1.5605537E+03   1.5810000E+03   1.3750000E+03   1.0363802E-04   1.1916489E-04
   1.5605612E+03   1.5670000E+03   1.3720000E+03   0.0000000E+00   0.0000000E+00
   1.5605687E+03   1.5830000E+03   1.3840000E+03   0.0000000E+00   0.0000000E+00
   1.5605763E+03   1.5710000E+03   1.3810000E+03   4.1748524E-04   4.7492347E-04
   1.5605838E+03   1.6680000E+03   1.4640000E+03   0.0000000E+00   0.0000000E+00
   1.5605913E+03   1.4980000E+03   1.2890000E+03   0.0000000E+00   0.0000000E+00
   1.5605988E+03   1.5120000E+03   1.3250000E+03   0.0000000E+00   0.0000000E+00
   1.5606064E+03   1.5190000E+03   1.2990000E+03   0.0000000E+00   0.0000000E+00
   1.5606139E+03   1.5570000E+03   1.3860000E+03   4.4303774E-05   4.9769824E-05
   1.5606214E+03   1.5220000E+03   1.3200000E+03   0.0000000E+00   0.0000000E+00
   1.5606290E+03   1.5790000E+03   1.3810000E+03   4.5022231E-04   5.1477265E-04
   1.5606365E+03   1.5920000E+03   1.3750000E+03   0.0000000E+00   0.0000000E+00
   1.5606440E+03   1.5230000E+03   1.3320000E+03   0.0000000E+00   0.0000000E+00
   1.5606515E+03   1.5600000E+03   1.3570000E+03   0.0000000E+00   0.0000000E+00
   1.5606591E+03   1.5710000E+03   1.3720000E+03   0.0000000E+00   0.0000000E+00
   1.5606666E+03   1.5660000E+03   1.3600000E+03   0.0000000E+00   0.0000000E+00
   1.5606741E+03   1.5030000E+03   1.3050000E+03   0.0000000E+00   0.0000000E+00
   1.5606817E+03   1.5190000E+03   1.3120000E+03   0.0000000E+00   0.0000000E+00
   1.5606892E+03   1.5480000E+03   1.3330000E+03   0.0000000E+00   0.0000000E+00
   1.5606967E+03   1.5810000E+03   1.3820000E+03   0.0000000E+00   0.0000000E+00
   1.5607042E+03   1.4270000E+03   1.2520000E+03   0.0000000E+00   0.0000000E+00
   1.5607118E+03   1.5720000E+03   1.3570000E+03   0.0000000E+00   0.0000000E+00
   1.5607193E+03   1.4830000E+03   1.3070000E+03   0.0000000E+00   0.0000000E+00
   1.5607268E+03   1.6010000E+03   1.3880000E+03   0.0000000E+00   0.0000000E+00
   1.5607344E+03   1.5120000E+03   1.3030000E+03   0.0000000E+00   0.0000000E+00
   1.5607419E+03   1.6120000E+03   1.4120000E+03   0.0000000E+00   0.0000000E+00
   1.5607494E+03   1.5780000E+03   1.3620000E+03   1.4484185E-04   1.6781237E-04
   1.5607569E+03   1.5450000E+03   1.3420000E+03   0.0000000E+00   0.0000000E+00
   1.5607645E+03   1.5110000E+03   1.2980000E+03   0.0000000E+00   0.0000000E+00
   1.5607720E+03   1.5220000E+03   1.3290000E+03   0.0000000E+00   0.0000000E+00
