   1.5381945E+03   0.0000000E+00   0.0000000E+00   0.0000000E+00   0.0000000E+00
   1.5382021E+03   0.0000000E+00   0.0000000E+00   0.0000000E+00   0.0000000E+00
   1.5382096E+03   0.0000000E+00   0.0000000E+00   0.0000000E+00   0.0000000E+00
   1.5382171E+03   0.0000000E+00   0.0000000E+00   0.0000000E+00   0.0000000E+00
   1.5382246E+03   0.0000000E+00   0.0000000E+00   0.0000000E+00   0.0000000E+00
   1.5382322E+03   0.0000000E+00   0.0000000E+00   0.0000000E+00   0.0000000E+00
   1.5382397E+03   0.0000000E+00   0.0000000E+00   0.0000000E+00   0.0000000E+00
   1.5382472E+03   0.0000000E+00   0.0000000E+00   0.0000000E+00   0.0000000E+00
   1.5382548E+03   0.0000000E+00   0.0000000E+00   0.0000000E+00   0.0000000E+00
   1.5382623E+03   0.0000000E+00   0.0000000E+00   0.0000000E+00   0.0000000E+00
   1.5382698E+03   0.0000000E+00   0.0000000E+00   0.0000000E+00   0.0000000E+00
   1.5382773E+03   0.0000000E+00   0.0000000E+00   0.0000000E+00   0.0000000E+00
   1.5382849E+03   0.0000000E+00   0.0000000E+00   0.0000000E+00   0.0000000E+00
   1.5382924E+03   0.0000000E+00   0.0000000E+00   0.0000000E+00   0.0000000E+00
   1.5382999E+03   0.0000000E+00   0.0000000E+00   0.0000000E+00   0.0000000E+00
   1.5383075E+03   0.0000000E+00   0.0000000E+00   0.0000000E+00   0.0000000E+00
   1.5383150E+03   0.0000000E+00   0.0000000E+00   0.0000000E+00   0.0000000E+00
   1.5383225E+03   0.0000000E+00   0.0000000E+00   0.0000000E+00   0.0000000E+00
   1.5383300E+03   0.0000000E+00   0.0000000E+00   0.0000000E+00   0.0000000E+00
   1.5383376E+03   0.0000000E+00   0.0000000E+00   0.0000000E+00   0.0000000E+00
   1.5383451E+03   0.0000000E+00   0.0000000E+00   0.0000000E+00   0.0000000E+00
   1.5383526E+03   0.0000000E+00   0.0000000E+00   0.0000000E+00   0.0000000E+00
   1.5383602E+03   0.0000000E+00   0.0000000E+00   0.0000000E+00   0.0000000E+00
   1.5383677E+03   0.0000000E+00   0.0000000E+00   0.0000000E+00   0.0000000E+00
   1.5383752E+03   0.0000000E+00   0.0000000E+00   0.0000000E+00   0.0000000E+00
   1.5383827E+03   0.0000000E+00   0.0000000E+00   0.0000000E+00   0.0000000E+00
   1.5383903E+03   0.0000000E+00   0.0000000E+00   0.0000000E+00   0.0000000E+00
   1.5383978E+03   0.0000000E+00   0.0000000E+00   0.0000000E+00   0.0000000E+00
   1.5384053E+03   0.0000000E+00   0.0000000E+00   0.0000000E+00   0.0000000E+00
   1.5384128E+03   0.0000000E+00   0.0000000E+00   0.0000000E+00   0.0000000E+00
   1.5384204E+03   0.0000000E+00   0.0000000E+00   0.0000000E+00   0.0000000E+00
   1.5384279E+03   0.0000000E+00   0.0000000E+00   0.0000000E+00   0.0000000E+00
   1.5384354E+03   0.0000000E+00   0.0000000E+00   0.0000000E+00   0.0000000E+00
   1.5384430E+03   0.0000000E+00   0.0000000E+00   0.0000000E+00   0.0000000E+00
   1.5384505E+03   0.0000000E+00   0.0000000E+00   0.0000000E+00   0.0000000E+00
   1.5384580E+03   0.0000000E+00   0.0000000E+00   0.0000000E+00   0.0000000E+00
   1.5384655E+03   0.0000000E+00   0.0000000E+00   0.0000000E+00   0.0000000E+00
   1.5384731E+03   0.0000000E+00   0.0000000E+00   0.0000000E+00   0.0000000E+00
   1.5384806E+03   0.0000000E+00   0.0000000E+00   0.0000000E+00   0.0000000E+00
   1.5384881E+03   0.0000000E+00   0.0000000E+00   0.0000000E+00   0.0000000E+00
   1.5384957E+03   0.0000000E+00   0.0000000E+00   0.0000000E+00   0.0000000E+00
   1.5385032E+03   0.0000000E+00   0.0000000E+00   0.0000000E+00   0.0000000E+00
   1.5385107E+03   0.0000000E+00   0.0000000E+00   0.0000000E+00   0.0000000E+00
   1.5385182E+03   0.0000000E+00   0.0000000E+00   0.0000000E+00   0.0000000E+00
   1.5385258E+03   0.0000000E+00   0.0000000E+00   0.0000000E+00   0.0000000E+00
   1.5385333E+03   0.0000000E+00   0.0000000E+00   0.0000000E+00   0.0000000E+00
   1.5385408E+03   0.0000000E+00   0.0000000E+00   0.0000000E+00   0.0000000E+00
   1.5385484E+03   0.0000000E+00   0.0000000E+00   0.0000000E+00   0.0000000E+00
   1.5385559E+03   0.0000000E+00   0.0000000E+00   0.0000000E+00   0.0000000E+00
   1.5385634E+03   0.0000000E+00   0.0000000E+00   0.0000000E+00   0.0000000E+00
   1.5385709E+03   0.0000000E+00   0.0000000E+00   0.0000000E+00   0.0000000E+00
   1.5385785E+03   0.0000000E+00   0.0000000E+00   0.0000000E+00   0.0000000E+00
   1.5385860E+03   0.0000000E+00   0.0000000E+00   0.0000000E+00   0.0000000E+00
   1.5385935E+03   0.0000000E+00   0.0000000E+00   0.0000000E+00   0.0000000E+00
   1.5386011E+03   0.0000000E+00   0.0000000E+00   0.0000000E+00   0.0000000E+00
   1.5386086E+03   0.0000000E+00   0.0000000E+00   0.0000000E+00   0.0000000E+00
   1.5386161E+03   0.0000000E+00   0.0000000E+00   0.0000000E+00   0.0000000E+00
   1.5386236E+03   0.0000000E+00   0.0000000E+00   0.0000000E+00   0.0000000E+00
   1.5386312E+03   0.0000000E+00   0.0000000E+00   0.0000000E+00   0.0000000E+00
   1.5386387E+03   0.0000000E+00   0.0000000E+00   0.0000000E+00   0.0000000E+00
   1.5386462E+03   0.0000000E+00   0.0000000E+00   0.0000000E+00   0.0000000E+00
   1.5386538E+03   0.0000000E+00   0.0000000E+00   0.0000000E+00   0.0000000E+00
   1.5386613E+03   0.0000000E+00   0.0000000E+00   0.0000000E+00   0.0000000E+00
   1.5386688E+03   0.0000000E+00   0.0000000E+00   0.0000000E+00   0.0000000E+00
   1.5386763E+03   0.0000000E+00   0.0000000E+00   0.0000000E+00   0.0000000E+00
   1.5386839E+03   0.0000000E+00   0.0000000E+00   0.0000000E+00   0.0000000E+00
   1.5386914E+03   0.0000000E+00   0.0000000E+00   0.0000000E+00   0.0000000E+00
   1.5386989E+03   0.0000000E+00   0.0000000E+00   0.0000000E+00   0.0000000E+00
   1.5387065E+03   0.0000000E+00   0.0000000E+00   0.0000000E+00   0.0000000E+00
   1.5387140E+03   0.0000000E+00   0.0000000E+00   0.0000000E+00   0.0000000E+00
   1.5387215E+03   0.0000000E+00   0.0000000E+00   0.0000000E+00   0.0000000E+00
   1.5387290E+03   0.0000000E+00   0.0000000E+00   0.0000000E+00   0.0000000E+00
   1.5387366E+03   0.0000000E+00   0.0000000E+00   0.0000000E+00   0.0000000E+00
   1.5387441E+03   0.0000000E+00   0.0000000E+00   0.0000000E+00   0.0000000E+00
   1.5387516E+03   0.0000000E+00   0.0000000E+00   0.0000000E+00   0.0000000E+00
   1.5387592E+03   0.0000000E+00   0.0000000E+00   0.0000000E+00   0.0000000E+00
   1.5387667E+03   0.0000000E+00   0.0000000E+00   0.0000000E+00   0.0000000E+00
   1.5387742E+03   0.0000000E+00   0.0000000E+00   0.0000000E+00   0.0000000E+00
   1.5387817E+03   0.0000000E+00   0.0000000E+00   0.0000000E+00   0.0000000E+00
   1.5387893E+03   0.0000000E+00   0.0000000E+00   0.0000000E+00   0.0000000E+00
   1.5387968E+03   0.0000000E+00   0.0000000E+00   0.0000000E+00   0.0000000E+00
   1.5388043E+03   0.0000000E+00   0.0000000E+00   0.0000000E+00   0.0000000E+00
   1.5388119E+03   0.0000000E+00   0.0000000E+00   0.0000000E+00   0.0000000E+00
   1.5388194E+03   0.0000000E+00   0.0000000E+00   0.0000000E+00   0.0000000E+00
   1.5388269E+03   0.0000000E+00   0.0000000E+00   0.0000000E+00   0.0000000E+00
   1.5388344E+03   0.0000000E+00   0.0000000E+00   0.0000000E+00   0.0000000E+00
   1.5388420E+03   0.0000000E+00   0.0000000E+00   0.0000000E+00   0.0000000E+00
   1.5388495E+03   0.0000000E+00   0.0000000E+00   0.0000000E+00   0.0000000E+00
   1.5388570E+03   0.0000000E+00   0.0000000E+00   0.0000000E+00   0.0000000E+00
   1.5388646E+03   0.0000000E+00   0.0000000E+00   0.0000000E+00   0.0000000E+00
   1.5388721E+03   0.0000000E+00   0.0000000E+00   0.0000000E+00   0.0000000E+00
   1.5388796E+03   0.0000000E+00   0.0000000E+00   0.0000000E+00   0.0000000E+00
   1.5388871E+03   0.0000000E+00   0.0000000E+00   0.0000000E+00   0.0000000E+00
   1.5388947E+03   0.0000000E+00   0.0000000E+00   0.0000000E+00   0.0000000E+00
   1.5389022E+03   0.0000000E+00   0.0000000E+00   0.0000000E+00   0.0000000E+00
   1.5389097E+03   0.0000000E+00   0.0000000E+00   0.0000000E+00   0.0000000E+00
   1.5389172E+03   0.0000000E+00   0.0000000E+00   0.0000000E+00   0.0000000E+00
   1.5389248E+03   0.0000000E+00   0.0000000E+00   0.0000000E+00   0.0000000E+00
   1.5389323E+03   0.0000000E+00   0.0000000E+00   0.0000000E+00   0.0000000E+00
   1.5389398E+03   0.0000000E+00   0.0000000E+00   0.0000000E+00   0.0000000E+00
   1.5389474E+03   0.0000000E+00   0.0000000E+00   0.0000000E+00   0.0000000E+00
   1.5389549E+03   0.0000000E+00   0.0000000E+00   0.0000000E+00   0.0000000E+00
   1.5389624E+03   0.0000000E+00   0.0000000E+00   0.0000000E+00   0.0000000E+00
   1.5389699E+03   0.0000000E+00   0.0000000E+00   0.0000000E+00   0.0000000E+00
   1.5389775E+03   0.0000000E+00   0.0000000E+00   0.0000000E+00   0.0000000E+00
   1.5389850E+03   0.0000000E+00   0.0000000E+00   0.0000000E+00   0.0000000E+00
   1.5389925E+03   0.0000000E+00   0.0000000E+00   0.0000000E+00   0.0000000E+00
   1.5390001E+03   0.0000000E+00   0.0000000E+00   0.0000000E+00   0.0000000E+00
   1.5390076E+03   0.0000000E+00   0.0000000E+00   0.0000000E+00   0.0000000E+00
   1.5390151E+03   0.0000000E+00   0.0000000E+00   0.0000000E+00   0.0000000E+00
   1.5390226E+03   0.0000000E+00   0.0000000E+00   0.0000000E+00   0.0000000E+00
   1.5390302E+03   0.0000000E+00   0.0000000E+00   0.0000000E+00   0.0000000E+00
   1.5390377E+03   0.0000000E+00   0.0000000E+00   0.0000000E+00   0.0000000E+00
   1.5390452E+03   0.0000000E+00   0.0000000E+00   0.0000000E+00   0.0000000E+00
   1.5390528E+03   0.0000000E+00   0.0000000E+00   0.0000000E+00   0.0000000E+00
   1.5390603E+03   0.0000000E+00   0.0000000E+00   0.0000000E+00   0.0000000E+00
   1.5390678E+03   0.0000000E+00   0.0000000E+00   0.0000000E+00   0.0000000E+00
   1.5390753E+03   0.0000000E+00   0.0000000E+00   0.0000000E+00   0.0000000E+00
   1.5390829E+03   0.0000000E+00   0.0000000E+00   0.0000000E+00   0.0000000E+00
   1.5390904E+03   0.0000000E+00   0.0000000E+00   0.0000000E+00   0.0000000E+00
   1.5390979E+03   0.0000000E+00   0.0000000E+00   0.0000000E+00   0.0000000E+00
   1.5391055E+03   0.0000000E+00   0.0000000E+00   0.0000000E+00   0.0000000E+00
   1.5391130E+03   0.0000000E+00   0.0000000E+00   0.0000000E+00   0.0000000E+00
   1.5391205E+03   0.0000000E+00   0.0000000E+00   0.0000000E+00   0.0000000E+00
   1.5391280E+03   0.0000000E+00   0.0000000E+00   0.0000000E+00   0.0000000E+00
   1.5391356E+03   0.0000000E+00   0.0000000E+00   0.0000000E+00   0.0000000E+00
   1.5391431E+03   0.0000000E+00   0.0000000E+00   0.0000000E+00   0.0000000E+00
   1.5391506E+03   0.0000000E+00   0.0000000E+00   0.0000000E+00   0.0000000E+00
   1.5391582E+03   0.0000000E+00   0.0000000E+00   0.0000000E+00   0.0000000E+00
   1.5391657E+03   0.0000000E+00   0.0000000E+00   0.0000000E+00   0.0000000E+00
   1.5391732E+03   0.0000000E+00   0.0000000E+00   0.0000000E+00   0.0000000E+00
   1.5391807E+03   0.0000000E+00   0.0000000E+00   0.0000000E+00   0.0000000E+00
   1.5391883E+03   0.0000000E+00   0.0000000E+00   0.0000000E+00   0.0000000E+00
   1.5391958E+03   0.0000000E+00   0.0000000E+00   0.0000000E+00   0.0000000E+00
   1.5392033E+03   0.0000000E+00   0.0000000E+00   0.0000000E+00   0.0000000E+00
   1.5392109E+03   0.0000000E+00   0.0000000E+00   0.0000000E+00   0.0000000E+00
   1.5392184E+03   0.0000000E+00   0.0000000E+00   0.0000000E+00   0.0000000E+00
   1.5392259E+03   0.0000000E+00   0.0000000E+00   0.0000000E+00   0.0000000E+00
   1.5392334E+03   0.0000000E+00   0.0000000E+00   0.0000000E+00   0.0000000E+00
   1.5392410E+03   0.0000000E+00   0.0000000E+00   0.0000000E+00   0.0000000E+00
   1.5392485E+03   0.0000000E+00   0.0000000E+00   0.0000000E+00   0.0000000E+00
   1.5392560E+03   0.0000000E+00   0.0000000E+00   0.0000000E+00   0.0000000E+00
   1.5392636E+03   0.0000000E+00   0.0000000E+00   0.0000000E+00   0.0000000E+00
   1.5392711E+03   0.0000000E+00   0.0000000E+00   0.0000000E+00   0.0000000E+00
   1.5392786E+03   0.0000000E+00   0.0000000E+00   0.0000000E+00   0.0000000E+00
   1.5392861E+03   0.0000000E+00   0.0000000E+00   0.0000000E+00   0.0000000E+00
   1.5392937E+03   0.0000000E+00   0.0000000E+00   0.0000000E+00   0.0000000E+00
   1.5393012E+03   0.0000000E+00   0.0000000E+00   0.0000000E+00   0.0000000E+00
   1.5393087E+03   0.0000000E+00   0.0000000E+00   0.0000000E+00   0.0000000E+00
   1.5393162E+03   0.0000000E+00   0.0000000E+00   0.0000000E+00   0.0000000E+00
   1.5393238E+03   0.0000000E+00   0.0000000E+00   0.0000000E+00   0.0000000E+00
   1.5393313E+03   0.0000000E+00   0.0000000E+00   0.0000000E+00   0.0000000E+00
   1.5393388E+03   0.0000000E+00   0.0000000E+00   0.0000000E+00   0.0000000E+00
   1.5393464E+03   0.0000000E+00   0.0000000E+00   0.0000000E+00   0.0000000E+00
   1.5393539E+03   0.0000000E+00   0.0000000E+00   0.0000000E+00   0.0000000E+00
   1.5393614E+03   0.0000000E+00   0.0000000E+00   0.0000000E+00   0.0000000E+00
   1.5393689E+03   0.0000000E+00   0.0000000E+00   0.0000000E+00   0.0000000E+00
   1.5393765E+03   0.0000000E+00   0.0000000E+00   0.0000000E+00   0.0000000E+00
   1.5393840E+03   0.0000000E+00   0.0000000E+00   0.0000000E+00   0.0000000E+00
   1.5393915E+03   0.0000000E+00   0.0000000E+00   0.0000000E+00   0.0000000E+00
   1.5393991E+03   0.0000000E+00   0.0000000E+00   0.0000000E+00   0.0000000E+00
   1.5394066E+03   0.0000000E+00   0.0000000E+00   0.0000000E+00   0.0000000E+00
   1.5394141E+03   0.0000000E+00   0.0000000E+00   0.0000000E+00   0.0000000E+00
   1.5394216E+03   0.0000000E+00   0.0000000E+00   0.0000000E+00   0.0000000E+00
   1.5394292E+03   0.0000000E+00   0.0000000E+00   0.0000000E+00   0.0000000E+00
   1.5394367E+03   0.0000000E+00   0.0000000E+00   0.0000000E+00   0.0000000E+00
   1.5394442E+03   0.0000000E+00   0.0000000E+00   0.0000000E+00   0.0000000E+00
   1.5394518E+03   0.0000000E+00   0.0000000E+00   0.0000000E+00   0.0000000E+00
   1.5394593E+03   0.0000000E+00   0.0000000E+00   0.0000000E+00   0.0000000E+00
   1.5394668E+03   0.0000000E+00   0.0000000E+00   0.0000000E+00   0.0000000E+00
   1.5394743E+03   0.0000000E+00   0.0000000E+00   0.0000000E+00   0.0000000E+00
   1.5394819E+03   0.0000000E+00   0.0000000E+00   0.0000000E+00   0.0000000E+00
   1.5394894E+03   0.0000000E+00   0.0000000E+00   0.0000000E+00   0.0000000E+00
   1.5394969E+03   0.0000000E+00   0.0000000E+00   0.0000000E+00   0.0000000E+00
   1.5395045E+03   0.0000000E+00   0.0000000E+00   0.0000000E+00   0.0000000E+00
   1.5395120E+03   0.0000000E+00   0.0000000E+00   0.0000000E+00   0.0000000E+00
   1.5395195E+03   0.0000000E+00   0.0000000E+00   0.0000000E+00   0.0000000E+00
   1.5395270E+03   0.0000000E+00   0.0000000E+00   0.0000000E+00   0.0000000E+00
   1.5395346E+03   0.0000000E+00   0.0000000E+00   0.0000000E+00   0.0000000E+00
   1.5395421E+03   0.0000000E+00   0.0000000E+00   0.0000000E+00   0.0000000E+00
   1.5395496E+03   0.0000000E+00   0.0000000E+00   0.0000000E+00   0.0000000E+00
   1.5395572E+03   0.0000000E+00   0.0000000E+00   0.0000000E+00   0.0000000E+00
   1.5395647E+03   0.0000000E+00   0.0000000E+00   0.0000000E+00   0.0000000E+00
   1.5395722E+03   0.0000000E+00   0.0000000E+00   0.0000000E+00   0.0000000E+00
   1.5395797E+03   0.0000000E+00   0.0000000E+00   0.0000000E+00   0.0000000E+00
   1.5395873E+03   0.0000000E+00   0.0000000E+00   0.0000000E+00   0.0000000E+00
   1.5395948E+03   0.0000000E+00   0.0000000E+00   0.0000000E+00   0.0000000E+00
   1.5396023E+03   0.0000000E+00   0.0000000E+00   0.0000000E+00   0.0000000E+00
   1.5396099E+03   0.0000000E+00   0.0000000E+00   0.0000000E+00   0.0000000E+00
   1.5396174E+03   0.0000000E+00   0.0000000E+00   0.0000000E+00   0.0000000E+00
   1.5396249E+03   0.0000000E+00   0.0000000E+00   0.0000000E+00   0.0000000E+00
   1.5396324E+03   0.0000000E+00   0.0000000E+00   0.0000000E+00   0.0000000E+00
   1.5396400E+03   0.0000000E+00   0.0000000E+00   0.0000000E+00   0.0000000E+00
   1.5396475E+03   0.0000000E+00   0.0000000E+00   0.0000000E+00   0.0000000E+00
   1.5396550E+03   0.0000000E+00   0.0000000E+00   0.0000000E+00   0.0000000E+00
   1.5396626E+03   0.0000000E+00   0.0000000E+00   0.0000000E+00   0.0000000E+00
   1.5396701E+03   0.0000000E+00   0.0000000E+00   0.0000000E+00   0.0000000E+00
   1.5396776E+03   0.0000000E+00   0.0000000E+00   0.0000000E+00   0.0000000E+00
   1.5396851E+03   0.0000000E+00   0.0000000E+00   0.0000000E+00   0.0000000E+00
   1.5396927E+03   0.0000000E+00   0.0000000E+00   0.0000000E+00   0.0000000E+00
   1.5397002E+03   0.0000000E+00   0.0000000E+00   0.0000000E+00   0.0000000E+00
   1.5397077E+03   0.0000000E+00   0.0000000E+00   0.0000000E+00   0.0000000E+00
   1.5397153E+03   0.0000000E+00   0.0000000E+00   0.0000000E+00   0.0000000E+00
   1.5397228E+03   0.0000000E+00   0.0000000E+00   0.0000000E+00   0.0000000E+00
   1.5397303E+03   0.0000000E+00   0.0000000E+00   0.0000000E+00   0.0000000E+00
   1.5397378E+03   0.0000000E+00   0.0000000E+00   0.0000000E+00   0.0000000E+00
   1.5397454E+03   0.0000000E+00   0.0000000E+00   0.0000000E+00   0.0000000E+00
   1.5397529E+03   0.0000000E+00   0.0000000E+00   0.0000000E+00   0.0000000E+00
   1.5397604E+03   0.0000000E+00   0.0000000E+00   0.0000000E+00   0.0000000E+00
   1.5397679E+03   0.0000000E+00   0.0000000E+00   0.0000000E+00   0.0000000E+00
   1.5397755E+03   0.0000000E+00   0.0000000E+00   0.0000000E+00   0.0000000E+00
   1.5397830E+03   0.0000000E+00   0.0000000E+00   0.0000000E+00   0.0000000E+00
   1.5397905E+03   0.0000000E+00   0.0000000E+00   0.0000000E+00   0.0000000E+00
   1.5397981E+03   0.0000000E+00   0.0000000E+00   0.0000000E+00   0.0000000E+00
   1.5398056E+03   0.0000000E+00   0.0000000E+00   0.0000000E+00   0.0000000E+00
   1.5398131E+03   0.0000000E+00   0.0000000E+00   0.0000000E+00   0.0000000E+00
   1.5398206E+03   0.0000000E+00   0.0000000E+00   0.0000000E+00   0.0000000E+00
   1.5398282E+03   0.0000000E+00   0.0000000E+00   0.0000000E+00   0.0000000E+00
   1.5398357E+03   0.0000000E+00   0.0000000E+00   0.0000000E+00   0.0000000E+00
   1.5398432E+03   0.0000000E+00   0.0000000E+00   0.0000000E+00   0.0000000E+00
   1.5398508E+03   0.0000000E+00   0.0000000E+00   0.0000000E+00   0.0000000E+00
   1.5398583E+03   0.0000000E+00   0.0000000E+00   0.0000000E+00   0.0000000E+00
   1.5398658E+03   0.0000000E+00   0.0000000E+00   0.0000000E+00   0.0000000E+00
   1.5398733E+03   0.0000000E+00   0.0000000E+00   0.0000000E+00   0.0000000E+00
   1.5398809E+03   0.0000000E+00   0.0000000E+00   0.0000000E+00   0.0000000E+00
   1.5398884E+03   0.0000000E+00   0.0000000E+00   0.0000000E+00   0.0000000E+00
   1.5398959E+03   0.0000000E+00   0.0000000E+00   0.0000000E+00   0.0000000E+00
   1.5399035E+03   0.0000000E+00   0.0000000E+00   0.0000000E+00   0.0000000E+00
   1.5399110E+03   0.0000000E+00   0.0000000E+00   0.0000000E+00   0.0000000E+00
   1.5399185E+03   0.0000000E+00   0.0000000E+00   0.0000000E+00   0.0000000E+00
   1.5399260E+03   0.0000000E+00   0.0000000E+00   0.0000000E+00   0.0000000E+00
   1.5399336E+03   0.0000000E+00   0.0000000E+00   0.0000000E+00   0.0000000E+00
   1.5399411E+03   0.0000000E+00   0.0000000E+00   0.0000000E+00   0.0000000E+00
   1.5399486E+03   0.0000000E+00   0.0000000E+00   0.0000000E+00   0.0000000E+00
   1.5399562E+03   0.0000000E+00   0.0000000E+00   0.0000000E+00   0.0000000E+00
   1.5399637E+03   0.0000000E+00   0.0000000E+00   0.0000000E+00   0.0000000E+00
   1.5399712E+03   0.0000000E+00   0.0000000E+00   0.0000000E+00   0.0000000E+00
   1.5399787E+03   0.0000000E+00   0.0000000E+00   0.0000000E+00   0.0000000E+00
   1.5399863E+03   0.0000000E+00   0.0000000E+00   0.0000000E+00   0.0000000E+00
   1.5399938E+03   0.0000000E+00   0.0000000E+00   0.0000000E+00   0.0000000E+00
   1.5400013E+03   0.0000000E+00   0.0000000E+00   0.0000000E+00   0.0000000E+00
   1.5400089E+03   0.0000000E+00   0.0000000E+00   0.0000000E+00   0.0000000E+00
   1.5400164E+03   0.0000000E+00   0.0000000E+00   0.0000000E+00   0.0000000E+00
   1.5400239E+03   0.0000000E+00   0.0000000E+00   0.0000000E+00   0.0000000E+00
   1.5400314E+03   0.0000000E+00   0.0000000E+00   0.0000000E+00   0.0000000E+00
   1.5400390E+03   0.0000000E+00   0.0000000E+00   0.0000000E+00   0.0000000E+00
   1.5400465E+03   0.0000000E+00   0.0000000E+00   0.0000000E+00   0.0000000E+00
   1.5400540E+03   0.0000000E+00   0.0000000E+00   0.0000000E+00   0.0000000E+00
   1.5400616E+03   0.0000000E+00   0.0000000E+00   0.0000000E+00   0.0000000E+00
   1.5400691E+03   0.0000000E+00   0.0000000E+00   0.0000000E+00   0.0000000E+00
   1.5400766E+03   0.0000000E+00   0.0000000E+00   0.0000000E+00   0.0000000E+00
   1.5400841E+03   0.0000000E+00   0.0000000E+00   0.0000000E+00   0.0000000E+00
   1.5400917E+03   0.0000000E+00   0.0000000E+00   0.0000000E+00   0.0000000E+00
   1.5400992E+03   0.0000000E+00   0.0000000E+00   0.0000000E+00   0.0000000E+00
   1.5401067E+03   0.0000000E+00   0.0000000E+00   0.0000000E+00   0.0000000E+00
   1.5401143E+03   0.0000000E+00   0.0000000E+00   0.0000000E+00   0.0000000E+00
   1.5401218E+03   0.0000000E+00   0.0000000E+00   0.0000000E+00   0.0000000E+00
   1.5401293E+03   0.0000000E+00   0.0000000E+00   0.0000000E+00   0.0000000E+00
   1.5401368E+03   0.0000000E+00   0.0000000E+00   0.0000000E+00   0.0000000E+00
   1.5401444E+03   0.0000000E+00   0.0000000E+00   0.0000000E+00   0.0000000E+00
   1.5401519E+03   0.0000000E+00   0.0000000E+00   0.0000000E+00   0.0000000E+00
   1.5401594E+03   0.0000000E+00   0.0000000E+00   0.0000000E+00   0.0000000E+00
   1.5401670E+03   0.0000000E+00   0.0000000E+00   0.0000000E+00   0.0000000E+00
   1.5401745E+03   0.0000000E+00   0.0000000E+00   0.0000000E+00   0.0000000E+00
   1.5401820E+03   0.0000000E+00   0.0000000E+00   0.0000000E+00   0.0000000E+00
   1.5401895E+03   0.0000000E+00   0.0000000E+00   0.0000000E+00   0.0000000E+00
   1.5401971E+03   0.0000000E+00   0.0000000E+00   0.0000000E+00   0.0000000E+00
   1.5402046E+03   0.0000000E+00   0.0000000E+00   0.0000000E+00   0.0000000E+00
   1.5402121E+03   0.0000000E+00   0.0000000E+00   0.0000000E+00   0.0000000E+00
   1.5402197E+03   0.0000000E+00   0.0000000E+00   0.0000000E+00   0.0000000E+00
   1.5402272E+03   0.0000000E+00   0.0000000E+00   0.0000000E+00   0.0000000E+00
   1.5402347E+03   0.0000000E+00   0.0000000E+00   0.0000000E+00   0.0000000E+00
   1.5402422E+03   0.0000000E+00   0.0000000E+00   0.0000000E+00   0.0000000E+00
   1.5402498E+03   0.0000000E+00   0.0000000E+00   0.0000000E+00   0.0000000E+00
   1.5402573E+03   0.0000000E+00   0.0000000E+00   0.0000000E+00   0.0000000E+00
   1.5402648E+03   0.0000000E+00   0.0000000E+00   0.0000000E+00   0.0000000E+00
   1.5402723E+03   0.0000000E+00   0.0000000E+00   0.0000000E+00   0.0000000E+00
   1.5402799E+03   0.0000000E+00   0.0000000E+00   0.0000000E+00   0.0000000E+00
   1.5402874E+03   0.0000000E+00   0.0000000E+00   0.0000000E+00   0.0000000E+00
   1.5402949E+03   0.0000000E+00   0.0000000E+00   0.0000000E+00   0.0000000E+00
   1.5403025E+03   0.0000000E+00   0.0000000E+00   0.0000000E+00   0.0000000E+00
   1.5403100E+03   0.0000000E+00   0.0000000E+00   0.0000000E+00   0.0000000E+00
   1.5403175E+03   0.0000000E+00   0.0000000E+00   0.0000000E+00   0.0000000E+00
   1.5403250E+03   0.0000000E+00   0.0000000E+00   0.0000000E+00   0.0000000E+00
   1.5403326E+03   0.0000000E+00   0.0000000E+00   0.0000000E+00   0.0000000E+00
   1.5403401E+03   0.0000000E+00   0.0000000E+00   0.0000000E+00   0.0000000E+00
   1.5403476E+03   0.0000000E+00   0.0000000E+00   0.0000000E+00   0.0000000E+00
   1.5403552E+03   0.0000000E+00   0.0000000E+00   0.0000000E+00   0.0000000E+00
   1.5403627E+03   0.0000000E+00   0.0000000E+00   0.0000000E+00   0.0000000E+00
   1.5403702E+03   0.0000000E+00   0.0000000E+00   0.0000000E+00   0.0000000E+00
   1.5403777E+03   0.0000000E+00   0.0000000E+00   0.0000000E+00   0.0000000E+00
   1.5403853E+03   0.0000000E+00   0.0000000E+00   0.0000000E+00   0.0000000E+00
   1.5403928E+03   0.0000000E+00   0.0000000E+00   0.0000000E+00   0.0000000E+00
   1.5404003E+03   0.0000000E+00   0.0000000E+00   0.0000000E+00   0.0000000E+00
   1.5404079E+03   0.0000000E+00   0.0000000E+00   0.0000000E+00   0.0000000E+00
   1.5404154E+03   0.0000000E+00   0.0000000E+00   0.0000000E+00   0.0000000E+00
   1.5404229E+03   0.0000000E+00   0.0000000E+00   0.0000000E+00   0.0000000E+00
   1.5404304E+03   0.0000000E+00   0.0000000E+00   0.0000000E+00   0.0000000E+00
   1.5404380E+03   0.0000000E+00   0.0000000E+00   0.0000000E+00   0.0000000E+00
   1.5404455E+03   0.0000000E+00   0.0000000E+00   0.0000000E+00   0.0000000E+00
   1.5404530E+03   0.0000000E+00   0.0000000E+00   0.0000000E+00   0.0000000E+00
   1.5404606E+03   0.0000000E+00   0.0000000E+00   0.0000000E+00   0.0000000E+00
   1.5404681E+03   0.0000000E+00   0.0000000E+00   0.0000000E+00   0.0000000E+00
   1.5404756E+03   0.0000000E+00   0.0000000E+00   0.0000000E+00   0.0000000E+00
   1.5404831E+03   0.0000000E+00   0.0000000E+00   0.0000000E+00   0.0000000E+00
   1.5404907E+03   0.0000000E+00   0.0000000E+00   0.0000000E+00   0.0000000E+00
   1.5404982E+03   0.0000000E+00   0.0000000E+00   0.0000000E+00   0.0000000E+00
   1.5405057E+03   0.0000000E+00   0.0000000E+00   0.0000000E+00   0.0000000E+00
   1.5405133E+03   0.0000000E+00   0.0000000E+00   0.0000000E+00   0.0000000E+00
   1.5405208E+03   0.0000000E+00   0.0000000E+00   0.0000000E+00   0.0000000E+00
   1.5405283E+03   0.0000000E+00   0.0000000E+00   0.0000000E+00   0.0000000E+00
   1.5405358E+03   0.0000000E+00   0.0000000E+00   0.0000000E+00   0.0000000E+00
   1.5405434E+03   0.0000000E+00   0.0000000E+00   0.0000000E+00   0.0000000E+00
   1.5405509E+03   0.0000000E+00   0.0000000E+00   0.0000000E+00   0.0000000E+00
   1.5405584E+03   0.0000000E+00   0.0000000E+00   0.0000000E+00   0.0000000E+00
   1.5405660E+03   0.0000000E+00   0.0000000E+00   0.0000000E+00   0.0000000E+00
   1.5405735E+03   0.0000000E+00   0.0000000E+00   0.0000000E+00   0.0000000E+00
   1.5405810E+03   0.0000000E+00   0.0000000E+00   0.0000000E+00   0.0000000E+00
   1.5405885E+03   0.0000000E+00   0.0000000E+00   0.0000000E+00   0.0000000E+00
   1.5405961E+03   0.0000000E+00   0.0000000E+00   0.0000000E+00   0.0000000E+00
   1.5406036E+03   0.0000000E+00   0.0000000E+00   0.0000000E+00   0.0000000E+00
   1.5406111E+03   0.0000000E+00   0.0000000E+00   0.0000000E+00   0.0000000E+00
   1.5406187E+03   0.0000000E+00   0.0000000E+00   0.0000000E+00   0.0000000E+00
   1.5406262E+03   0.0000000E+00   0.0000000E+00   0.0000000E+00   0.0000000E+00
   1.5406337E+03   0.0000000E+00   0.0000000E+00   0.0000000E+00   0.0000000E+00
   1.5406412E+03   0.0000000E+00   0.0000000E+00   0.0000000E+00   0.0000000E+00
   1.5406488E+03   0.0000000E+00   0.0000000E+00   0.0000000E+00   0.0000000E+00
   1.5406563E+03   0.0000000E+00   0.0000000E+00   0.0000000E+00   0.0000000E+00
   1.5406638E+03   0.0000000E+00   0.0000000E+00   0.0000000E+00   0.0000000E+00
   1.5406713E+03   0.0000000E+00   0.0000000E+00   0.0000000E+00   0.0000000E+00
   1.5406789E+03   0.0000000E+00   0.0000000E+00   0.0000000E+00   0.0000000E+00
   1.5406864E+03   0.0000000E+00   0.0000000E+00   0.0000000E+00   0.0000000E+00
   1.5406939E+03   0.0000000E+00   0.0000000E+00   0.0000000E+00   0.0000000E+00
   1.5407015E+03   0.0000000E+00   0.0000000E+00   0.0000000E+00   0.0000000E+00
   1.5407090E+03   0.0000000E+00   0.0000000E+00   0.0000000E+00   0.0000000E+00
   1.5407165E+03   0.0000000E+00   0.0000000E+00   0.0000000E+00   0.0000000E+00
   1.5407240E+03   0.0000000E+00   0.0000000E+00   0.0000000E+00   0.0000000E+00
   1.5407316E+03   0.0000000E+00   0.0000000E+00   0.0000000E+00   0.0000000E+00
   1.5407391E+03   0.0000000E+00   0.0000000E+00   0.0000000E+00   0.0000000E+00
   1.5407466E+03   0.0000000E+00   0.0000000E+00   0.0000000E+00   0.0000000E+00
   1.5407542E+03   0.0000000E+00   0.0000000E+00   0.0000000E+00   0.0000000E+00
   1.5407617E+03   0.0000000E+00   0.0000000E+00   0.0000000E+00   0.0000000E+00
   1.5407692E+03   0.0000000E+00   0.0000000E+00   0.0000000E+00   0.0000000E+00
   1.5407767E+03   0.0000000E+00   0.0000000E+00   0.0000000E+00   0.0000000E+00
   1.5407843E+03   0.0000000E+00   0.0000000E+00   0.0000000E+00   0.0000000E+00
   1.5407918E+03   0.0000000E+00   0.0000000E+00   0.0000000E+00   0.0000000E+00
   1.5407993E+03   0.0000000E+00   0.0000000E+00   0.0000000E+00   0.0000000E+00
   1.5408069E+03   0.0000000E+00   0.0000000E+00   0.0000000E+00   0.0000000E+00
   1.5408144E+03   0.0000000E+00   0.0000000E+00   0.0000000E+00   0.0000000E+00
   1.5408219E+03   0.0000000E+00   0.0000000E+00   0.0000000E+00   0.0000000E+00
   1.5408294E+03   0.0000000E+00   0.0000000E+00   0.0000000E+00   0.0000000E+00
   1.5408370E+03   0.0000000E+00   0.0000000E+00   0.0000000E+00   0.0000000E+00
   1.5408445E+03   0.0000000E+00   0.0000000E+00   0.0000000E+00   0.0000000E+00
   1.5408520E+03   0.0000000E+00   0.0000000E+00   0.0000000E+00   0.0000000E+00
   1.5408596E+03   0.0000000E+00   0.0000000E+00   0.0000000E+00   0.0000000E+00
   1.5408671E+03   0.0000000E+00   0.0000000E+00   0.0000000E+00   0.0000000E+00
   1.5408746E+03   0.0000000E+00   0.0000000E+00   0.0000000E+00   0.0000000E+00
   1.5408821E+03   0.0000000E+00   0.0000000E+00   0.0000000E+00   0.0000000E+00
   1.5408897E+03   0.0000000E+00   0.0000000E+00   0.0000000E+00   0.0000000E+00
   1.5408972E+03   0.0000000E+00   0.0000000E+00   0.0000000E+00   0.0000000E+00
   1.5409047E+03   0.0000000E+00   0.0000000E+00   0.0000000E+00   0.0000000E+00
   1.5409123E+03   0.0000000E+00   0.0000000E+00   0.0000000E+00   0.0000000E+00
   1.5409198E+03   0.0000000E+00   0.0000000E+00   0.0000000E+00   0.0000000E+00
   1.5409273E+03   0.0000000E+00   0.0000000E+00   0.0000000E+00   0.0000000E+00
   1.5409348E+03   0.0000000E+00   0.0000000E+00   0.0000000E+00   0.0000000E+00
   1.5409424E+03   0.0000000E+00   0.0000000E+00   0.0000000E+00   0.0000000E+00
   1.5409499E+03   0.0000000E+00   0.0000000E+00   0.0000000E+00   0.0000000E+00
   1.5409574E+03   0.0000000E+00   0.0000000E+00   0.0000000E+00   0.0000000E+00
   1.5409650E+03   0.0000000E+00   0.0000000E+00   0.0000000E+00   0.0000000E+00
   1.5409725E+03   0.0000000E+00   0.0000000E+00   0.0000000E+00   0.0000000E+00
   1.5409800E+03   0.0000000E+00   0.0000000E+00   0.0000000E+00   0.0000000E+00
   1.5409875E+03   0.0000000E+00   0.0000000E+00   0.0000000E+00   0.0000000E+00
   1.5409951E+03   0.0000000E+00   0.0000000E+00   0.0000000E+00   0.0000000E+00
   1.5410026E+03   0.0000000E+00   0.0000000E+00   0.0000000E+00   0.0000000E+00
   1.5410101E+03   0.0000000E+00   0.0000000E+00   0.0000000E+00   0.0000000E+00
   1.5410177E+03   0.0000000E+00   0.0000000E+00   0.0000000E+00   0.0000000E+00
   1.5410252E+03   0.0000000E+00   0.0000000E+00   0.0000000E+00   0.0000000E+00
   1.5410327E+03   0.0000000E+00   0.0000000E+00   0.0000000E+00   0.0000000E+00
   1.5410402E+03   0.0000000E+00   0.0000000E+00   0.0000000E+00   0.0000000E+00
   1.5410478E+03   0.0000000E+00   0.0000000E+00   0.0000000E+00   0.0000000E+00
   1.5410553E+03   0.0000000E+00   0.0000000E+00   0.0000000E+00   0.0000000E+00
   1.5410628E+03   0.0000000E+00   0.0000000E+00   0.0000000E+00   0.0000000E+00
   1.5410704E+03   0.0000000E+00   0.0000000E+00   0.0000000E+00   0.0000000E+00
   1.5410779E+03   0.0000000E+00   0.0000000E+00   0.0000000E+00   0.0000000E+00
   1.5410854E+03   0.0000000E+00   0.0000000E+00   0.0000000E+00   0.0000000E+00
   1.5410929E+03   0.0000000E+00   0.0000000E+00   0.0000000E+00   0.0000000E+00
   1.5411005E+03   0.0000000E+00   0.0000000E+00   0.0000000E+00   0.0000000E+00
   1.5411080E+03   0.0000000E+00   0.0000000E+00   0.0000000E+00   0.0000000E+00
   1.5411155E+03   0.0000000E+00   0.0000000E+00   0.0000000E+00   0.0000000E+00
   1.5411230E+03   0.0000000E+00   0.0000000E+00   0.0000000E+00   0.0000000E+00
   1.5411306E+03   0.0000000E+00   0.0000000E+00   0.0000000E+00   0.0000000E+00
   1.5411381E+03   0.0000000E+00   0.0000000E+00   0.0000000E+00   0.0000000E+00
   1.5411456E+03   0.0000000E+00   0.0000000E+00   0.0000000E+00   0.0000000E+00
   1.5411532E+03   0.0000000E+00   0.0000000E+00   0.0000000E+00   0.0000000E+00
   1.5411607E+03   0.0000000E+00   0.0000000E+00   0.0000000E+00   0.0000000E+00
   1.5411682E+03   0.0000000E+00   0.0000000E+00   0.0000000E+00   0.0000000E+00
   1.5411757E+03   0.0000000E+00   0.0000000E+00   0.0000000E+00   0.0000000E+00
   1.5411833E+03   0.0000000E+00   0.0000000E+00   0.0000000E+00   0.0000000E+00
   1.5411908E+03   0.0000000E+00   0.0000000E+00   0.0000000E+00   0.0000000E+00
   1.5411983E+03   0.0000000E+00   0.0000000E+00   0.0000000E+00   0.0000000E+00
   1.5412059E+03   0.0000000E+00   0.0000000E+00   0.0000000E+00   0.0000000E+00
   1.5412134E+03   0.0000000E+00   0.0000000E+00   0.0000000E+00   0.0000000E+00
   1.5412209E+03   0.0000000E+00   0.0000000E+00   0.0000000E+00   0.0000000E+00
   1.5412284E+03   0.0000000E+00   0.0000000E+00   0.0000000E+00   0.0000000E+00
   1.5412360E+03   0.0000000E+00   0.0000000E+00   0.0000000E+00   0.0000000E+00
   1.5412435E+03   0.0000000E+00   0.0000000E+00   0.0000000E+00   0.0000000E+00
   1.5412510E+03   0.0000000E+00   0.0000000E+00   0.0000000E+00   0.0000000E+00
   1.5412586E+03   0.0000000E+00   0.0000000E+00   0.0000000E+00   0.0000000E+00
   1.5412661E+03   0.0000000E+00   0.0000000E+00   0.0000000E+00   0.0000000E+00
   1.5412736E+03   0.0000000E+00   0.0000000E+00   0.0000000E+00   0.0000000E+00
   1.5412811E+03   0.0000000E+00   0.0000000E+00   0.0000000E+00   0.0000000E+00
   1.5412887E+03   0.0000000E+00   0.0000000E+00   0.0000000E+00   0.0000000E+00
   1.5412962E+03   0.0000000E+00   0.0000000E+00   0.0000000E+00   0.0000000E+00
   1.5413037E+03   0.0000000E+00   0.0000000E+00   0.0000000E+00   0.0000000E+00
   1.5413113E+03   0.0000000E+00   0.0000000E+00   0.0000000E+00   0.0000000E+00
   1.5413188E+03   0.0000000E+00   0.0000000E+00   0.0000000E+00   0.0000000E+00
   1.5413263E+03   0.0000000E+00   0.0000000E+00   0.0000000E+00   0.0000000E+00
   1.5413338E+03   0.0000000E+00   0.0000000E+00   0.0000000E+00   0.0000000E+00
   1.5413414E+03   0.0000000E+00   0.0000000E+00   0.0000000E+00   0.0000000E+00
   1.5413489E+03   0.0000000E+00   0.0000000E+00   0.0000000E+00   0.0000000E+00
   1.5413564E+03   0.0000000E+00   0.0000000E+00   0.0000000E+00   0.0000000E+00
   1.5413640E+03   0.0000000E+00   0.0000000E+00   0.0000000E+00   0.0000000E+00
   1.5413715E+03   0.0000000E+00   0.0000000E+00   0.0000000E+00   0.0000000E+00
   1.5413790E+03   0.0000000E+00   0.0000000E+00   0.0000000E+00   0.0000000E+00
   1.5413865E+03   0.0000000E+00   0.0000000E+00   0.0000000E+00   0.0000000E+00
   1.5413941E+03   0.0000000E+00   0.0000000E+00   0.0000000E+00   0.0000000E+00
   1.5414016E+03   0.0000000E+00   0.0000000E+00   0.0000000E+00   0.0000000E+00
   1.5414091E+03   0.0000000E+00   0.0000000E+00   0.0000000E+00   0.0000000E+00
   1.5414167E+03   0.0000000E+00   0.0000000E+00   0.0000000E+00   0.0000000E+00
   1.5414242E+03   0.0000000E+00   0.0000000E+00   0.0000000E+00   0.0000000E+00
   1.5414317E+03   0.0000000E+00   0.0000000E+00   0.0000000E+00   0.0000000E+00
   1.5414392E+03   0.0000000E+00   0.0000000E+00   0.0000000E+00   0.0000000E+00
   1.5414468E+03   0.0000000E+00   0.0000000E+00   0.0000000E+00   0.0000000E+00
   1.5414543E+03   0.0000000E+00   0.0000000E+00   0.0000000E+00   0.0000000E+00
   1.5414618E+03   0.0000000E+00   0.0000000E+00   0.0000000E+00   0.0000000E+00
   1.5414694E+03   0.0000000E+00   0.0000000E+00   0.0000000E+00   0.0000000E+00
   1.5414769E+03   0.0000000E+00   0.0000000E+00   0.0000000E+00   0.0000000E+00
   1.5414844E+03   0.0000000E+00   0.0000000E+00   0.0000000E+00   0.0000000E+00
   1.5414919E+03   0.0000000E+00   0.0000000E+00   0.0000000E+00   0.0000000E+00
   1.5414995E+03   0.0000000E+00   0.0000000E+00   0.0000000E+00   0.0000000E+00
   1.5415070E+03   0.0000000E+00   0.0000000E+00   0.0000000E+00   0.0000000E+00
   1.5415145E+03   0.0000000E+00   0.0000000E+00   0.0000000E+00   0.0000000E+00
   1.5415221E+03   0.0000000E+00   0.0000000E+00   0.0000000E+00   0.0000000E+00
   1.5415296E+03   0.0000000E+00   0.0000000E+00   0.0000000E+00   0.0000000E+00
   1.5415371E+03   0.0000000E+00   0.0000000E+00   0.0000000E+00   0.0000000E+00
   1.5415446E+03   0.0000000E+00   0.0000000E+00   0.0000000E+00   0.0000000E+00
   1.5415522E+03   0.0000000E+00   0.0000000E+00   0.0000000E+00   0.0000000E+00
   1.5415597E+03   0.0000000E+00   0.0000000E+00   0.0000000E+00   0.0000000E+00
   1.5415672E+03   0.0000000E+00   0.0000000E+00   0.0000000E+00   0.0000000E+00
   1.5415747E+03   0.0000000E+00   0.0000000E+00   0.0000000E+00   0.0000000E+00
   1.5415823E+03   0.0000000E+00   0.0000000E+00   0.0000000E+00   0.0000000E+00
   1.5415898E+03   0.0000000E+00   0.0000000E+00   0.0000000E+00   0.0000000E+00
   1.5415973E+03   0.0000000E+00   0.0000000E+00   0.0000000E+00   0.0000000E+00
   1.5416049E+03   0.0000000E+00   0.0000000E+00   0.0000000E+00   0.0000000E+00
   1.5416124E+03   0.0000000E+00   0.0000000E+00   0.0000000E+00   0.0000000E+00
   1.5416199E+03   0.0000000E+00   0.0000000E+00   0.0000000E+00   0.0000000E+00
   1.5416274E+03   0.0000000E+00   0.0000000E+00   0.0000000E+00   0.0000000E+00
   1.5416350E+03   0.0000000E+00   0.0000000E+00   0.0000000E+00   0.0000000E+00
   1.5416425E+03   0.0000000E+00   0.0000000E+00   0.0000000E+00   0.0000000E+00
   1.5416500E+03   0.0000000E+00   0.0000000E+00   0.0000000E+00   0.0000000E+00
   1.5416576E+03   0.0000000E+00   0.0000000E+00   0.0000000E+00   0.0000000E+00
   1.5416651E+03   0.0000000E+00   0.0000000E+00   0.0000000E+00   0.0000000E+00
   1.5416726E+03   0.0000000E+00   0.0000000E+00   0.0000000E+00   0.0000000E+00
   1.5416801E+03   0.0000000E+00   0.0000000E+00   0.0000000E+00   0.0000000E+00
   1.5416877E+03   0.0000000E+00   0.0000000E+00   0.0000000E+00   0.0000000E+00
   1.5416952E+03   0.0000000E+00   0.0000000E+00   0.0000000E+00   0.0000000E+00
   1.5417027E+03   0.0000000E+00   0.0000000E+00   0.0000000E+00   0.0000000E+00
   1.5417103E+03   0.0000000E+00   0.0000000E+00   0.0000000E+00   0.0000000E+00
   1.5417178E+03   0.0000000E+00   0.0000000E+00   0.0000000E+00   0.0000000E+00
   1.5417253E+03   0.0000000E+00   0.0000000E+00   0.0000000E+00   0.0000000E+00
   1.5417328E+03   0.0000000E+00   0.0000000E+00   0.0000000E+00   0.0000000E+00
   1.5417404E+03   0.0000000E+00   0.0000000E+00   0.0000000E+00   0.0000000E+00
   1.5417479E+03   0.0000000E+00   0.0000000E+00   0.0000000E+00   0.0000000E+00
   1.5417554E+03   0.0000000E+00   0.0000000E+00   0.0000000E+00   0.0000000E+00
   1.5417630E+03   0.0000000E+00   0.0000000E+00   0.0000000E+00   0.0000000E+00
   1.5417705E+03   0.0000000E+00   0.0000000E+00   0.0000000E+00   0.0000000E+00
   1.5417780E+03   0.0000000E+00   0.0000000E+00   0.0000000E+00   0.0000000E+00
   1.5417855E+03   0.0000000E+00   0.0000000E+00   0.0000000E+00   0.0000000E+00
   1.5417931E+03   0.0000000E+00   0.0000000E+00   0.0000000E+00   0.0000000E+00
   1.5418006E+03   0.0000000E+00   0.0000000E+00   0.0000000E+00   0.0000000E+00
   1.5418081E+03   0.0000000E+00   0.0000000E+00   0.0000000E+00   0.0000000E+00
   1.5418157E+03   0.0000000E+00   0.0000000E+00   0.0000000E+00   0.0000000E+00
   1.5418232E+03   0.0000000E+00   0.0000000E+00   0.0000000E+00   0.0000000E+00
   1.5418307E+03   0.0000000E+00   0.0000000E+00   0.0000000E+00   0.0000000E+00
   1.5418382E+03   0.0000000E+00   0.0000000E+00   0.0000000E+00   0.0000000E+00
   1.5418458E+03   0.0000000E+00   0.0000000E+00   0.0000000E+00   0.0000000E+00
   1.5418533E+03   0.0000000E+00   0.0000000E+00   0.0000000E+00   0.0000000E+00
   1.5418608E+03   0.0000000E+00   0.0000000E+00   0.0000000E+00   0.0000000E+00
   1.5418684E+03   0.0000000E+00   0.0000000E+00   0.0000000E+00   0.0000000E+00
   1.5418759E+03   0.0000000E+00   0.0000000E+00   0.0000000E+00   0.0000000E+00
   1.5418834E+03   0.0000000E+00   0.0000000E+00   0.0000000E+00   0.0000000E+00
   1.5418909E+03   0.0000000E+00   0.0000000E+00   0.0000000E+00   0.0000000E+00
   1.5418985E+03   0.0000000E+00   0.0000000E+00   0.0000000E+00   0.0000000E+00
   1.5419060E+03   0.0000000E+00   0.0000000E+00   0.0000000E+00   0.0000000E+00
   1.5419135E+03   0.0000000E+00   0.0000000E+00   0.0000000E+00   0.0000000E+00
   1.5419211E+03   0.0000000E+00   0.0000000E+00   0.0000000E+00   0.0000000E+00
   1.5419286E+03   0.0000000E+00   0.0000000E+00   0.0000000E+00   0.0000000E+00
   1.5419361E+03   0.0000000E+00   0.0000000E+00   0.0000000E+00   0.0000000E+00
   1.5419436E+03   0.0000000E+00   0.0000000E+00   0.0000000E+00   0.0000000E+00
   1.5419512E+03   0.0000000E+00   0.0000000E+00   0.0000000E+00   0.0000000E+00
   1.5419587E+03   0.0000000E+00   0.0000000E+00   0.0000000E+00   0.0000000E+00
   1.5419662E+03   0.0000000E+00   0.0000000E+00   0.0000000E+00   0.0000000E+00
   1.5419738E+03   0.0000000E+00   0.0000000E+00   0.0000000E+00   0.0000000E+00
   1.5419813E+03   0.0000000E+00   0.0000000E+00   0.0000000E+00   0.0000000E+00
   1.5419888E+03   0.0000000E+00   0.0000000E+00   0.0000000E+00   0.0000000E+00
   1.5419963E+03   0.0000000E+00   0.0000000E+00   0.0000000E+00   0.0000000E+00
   1.5420039E+03   0.0000000E+00   0.0000000E+00   0.0000000E+00   0.0000000E+00
   1.5420114E+03   0.0000000E+00   0.0000000E+00   0.0000000E+00   0.0000000E+00
   1.5420189E+03   0.0000000E+00   0.0000000E+00   0.0000000E+00   0.0000000E+00
   1.5420264E+03   0.0000000E+00   0.0000000E+00   0.0000000E+00   0.0000000E+00
   1.5420340E+03   0.0000000E+00   0.0000000E+00   0.0000000E+00   0.0000000E+00
   1.5420415E+03   0.0000000E+00   0.0000000E+00   0.0000000E+00   0.0000000E+00
   1.5420490E+03   0.0000000E+00   0.0000000E+00   0.0000000E+00   0.0000000E+00
   1.5420566E+03   0.0000000E+00   0.0000000E+00   0.0000000E+00   0.0000000E+00
   1.5420641E+03   0.0000000E+00   0.0000000E+00   0.0000000E+00   0.0000000E+00
   1.5420716E+03   0.0000000E+00   0.0000000E+00   0.0000000E+00   0.0000000E+00
   1.5420791E+03   0.0000000E+00   0.0000000E+00   0.0000000E+00   0.0000000E+00
   1.5420867E+03   0.0000000E+00   0.0000000E+00   0.0000000E+00   0.0000000E+00
   1.5420942E+03   0.0000000E+00   0.0000000E+00   0.0000000E+00   0.0000000E+00
   1.5421017E+03   0.0000000E+00   0.0000000E+00   0.0000000E+00   0.0000000E+00
   1.5421093E+03   0.0000000E+00   0.0000000E+00   0.0000000E+00   0.0000000E+00
   1.5421168E+03   0.0000000E+00   0.0000000E+00   0.0000000E+00   0.0000000E+00
   1.5421243E+03   0.0000000E+00   0.0000000E+00   0.0000000E+00   0.0000000E+00
   1.5421318E+03   0.0000000E+00   0.0000000E+00   0.0000000E+00   0.0000000E+00
   1.5421394E+03   0.0000000E+00   0.0000000E+00   0.0000000E+00   0.0000000E+00
   1.5421469E+03   0.0000000E+00   0.0000000E+00   0.0000000E+00   0.0000000E+00
   1.5421544E+03   0.0000000E+00   0.0000000E+00   0.0000000E+00   0.0000000E+00
   1.5421620E+03   0.0000000E+00   0.0000000E+00   0.0000000E+00   0.0000000E+00
   1.5421695E+03   0.0000000E+00   0.0000000E+00   0.0000000E+00   0.0000000E+00
   1.5421770E+03   0.0000000E+00   0.0000000E+00   0.0000000E+00   0.0000000E+00
   1.5421845E+03   0.0000000E+00   0.0000000E+00   0.0000000E+00   0.0000000E+00
   1.5421921E+03   0.0000000E+00   0.0000000E+00   0.0000000E+00   0.0000000E+00
   1.5421996E+03   0.0000000E+00   0.0000000E+00   0.0000000E+00   0.0000000E+00
   1.5422071E+03   0.0000000E+00   0.0000000E+00   0.0000000E+00   0.0000000E+00
   1.5422147E+03   0.0000000E+00   0.0000000E+00   0.0000000E+00   0.0000000E+00
   1.5422222E+03   0.0000000E+00   0.0000000E+00   0.0000000E+00   0.0000000E+00
   1.5422297E+03   0.0000000E+00   0.0000000E+00   0.0000000E+00   0.0000000E+00
   1.5422372E+03   0.0000000E+00   0.0000000E+00   0.0000000E+00   0.0000000E+00
   1.5422448E+03   0.0000000E+00   0.0000000E+00   0.0000000E+00   0.0000000E+00
   1.5422523E+03   0.0000000E+00   0.0000000E+00   0.0000000E+00   0.0000000E+00
   1.5422598E+03   0.0000000E+00   0.0000000E+00   0.0000000E+00   0.0000000E+00
   1.5422674E+03   0.0000000E+00   0.0000000E+00   0.0000000E+00   0.0000000E+00
   1.5422749E+03   0.0000000E+00   0.0000000E+00   0.0000000E+00   0.0000000E+00
   1.5422824E+03   0.0000000E+00   0.0000000E+00   0.0000000E+00   0.0000000E+00
   1.5422899E+03   0.0000000E+00   0.0000000E+00   0.0000000E+00   0.0000000E+00
   1.5422975E+03   0.0000000E+00   0.0000000E+00   0.0000000E+00   0.0000000E+00
   1.5423050E+03   0.0000000E+00   0.0000000E+00   0.0000000E+00   0.0000000E+00
   1.5423125E+03   0.0000000E+00   0.0000000E+00   0.0000000E+00   0.0000000E+00
   1.5423201E+03   0.0000000E+00   0.0000000E+00   0.0000000E+00   0.0000000E+00
   1.5423276E+03   0.0000000E+00   0.0000000E+00   0.0000000E+00   0.0000000E+00
   1.5423351E+03   0.0000000E+00   0.0000000E+00   0.0000000E+00   0.0000000E+00
   1.5423426E+03   0.0000000E+00   0.0000000E+00   0.0000000E+00   0.0000000E+00
   1.5423502E+03   0.0000000E+00   0.0000000E+00   0.0000000E+00   0.0000000E+00
   1.5423577E+03   0.0000000E+00   0.0000000E+00   0.0000000E+00   0.0000000E+00
   1.5423652E+03   0.0000000E+00   0.0000000E+00   0.0000000E+00   0.0000000E+00
   1.5423728E+03   0.0000000E+00   0.0000000E+00   0.0000000E+00   0.0000000E+00
   1.5423803E+03   0.0000000E+00   0.0000000E+00   0.0000000E+00   0.0000000E+00
   1.5423878E+03   0.0000000E+00   0.0000000E+00   0.0000000E+00   0.0000000E+00
   1.5423953E+03   0.0000000E+00   0.0000000E+00   0.0000000E+00   0.0000000E+00
   1.5424029E+03   0.0000000E+00   0.0000000E+00   0.0000000E+00   0.0000000E+00
   1.5424104E+03   0.0000000E+00   0.0000000E+00   0.0000000E+00   0.0000000E+00
   1.5424179E+03   0.0000000E+00   0.0000000E+00   0.0000000E+00   0.0000000E+00
   1.5424255E+03   0.0000000E+00   0.0000000E+00   0.0000000E+00   0.0000000E+00
   1.5424330E+03   0.0000000E+00   0.0000000E+00   0.0000000E+00   0.0000000E+00
   1.5424405E+03   0.0000000E+00   0.0000000E+00   0.0000000E+00   0.0000000E+00
   1.5424480E+03   0.0000000E+00   0.0000000E+00   0.0000000E+00   0.0000000E+00
   1.5424556E+03   0.0000000E+00   0.0000000E+00   0.0000000E+00   0.0000000E+00
   1.5424631E+03   0.0000000E+00   0.0000000E+00   0.0000000E+00   0.0000000E+00
   1.5424706E+03   0.0000000E+00   0.0000000E+00   0.0000000E+00   0.0000000E+00
   1.5424781E+03   0.0000000E+00   0.0000000E+00   0.0000000E+00   0.0000000E+00
   1.5424857E+03   0.0000000E+00   0.0000000E+00   0.0000000E+00   0.0000000E+00
   1.5424932E+03   0.0000000E+00   0.0000000E+00   0.0000000E+00   0.0000000E+00
   1.5425007E+03   0.0000000E+00   0.0000000E+00   0.0000000E+00   0.0000000E+00
   1.5425083E+03   0.0000000E+00   0.0000000E+00   0.0000000E+00   0.0000000E+00
   1.5425158E+03   0.0000000E+00   0.0000000E+00   0.0000000E+00   0.0000000E+00
   1.5425233E+03   0.0000000E+00   0.0000000E+00   0.0000000E+00   0.0000000E+00
   1.5425308E+03   0.0000000E+00   0.0000000E+00   0.0000000E+00   0.0000000E+00
   1.5425384E+03   0.0000000E+00   0.0000000E+00   0.0000000E+00   0.0000000E+00
   1.5425459E+03   0.0000000E+00   0.0000000E+00   0.0000000E+00   0.0000000E+00
   1.5425534E+03   0.0000000E+00   0.0000000E+00   0.0000000E+00   0.0000000E+00
   1.5425610E+03   0.0000000E+00   0.0000000E+00   0.0000000E+00   0.0000000E+00
   1.5425685E+03   0.0000000E+00   0.0000000E+00   0.0000000E+00   0.0000000E+00
   1.5425760E+03   0.0000000E+00   0.0000000E+00   0.0000000E+00   0.0000000E+00
   1.5425835E+03   0.0000000E+00   0.0000000E+00   0.0000000E+00   0.0000000E+00
   1.5425911E+03   0.0000000E+00   0.0000000E+00   0.0000000E+00   0.0000000E+00
   1.5425986E+03   0.0000000E+00   0.0000000E+00   0.0000000E+00   0.0000000E+00
   1.5426061E+03   0.0000000E+00   0.0000000E+00   0.0000000E+00   0.0000000E+00
   1.5426137E+03   0.0000000E+00   0.0000000E+00   0.0000000E+00   0.0000000E+00
   1.5426212E+03   0.0000000E+00   0.0000000E+00   0.0000000E+00   0.0000000E+00
   1.5426287E+03   0.0000000E+00   0.0000000E+00   0.0000000E+00   0.0000000E+00
   1.5426362E+03   0.0000000E+00   0.0000000E+00   0.0000000E+00   0.0000000E+00
   1.5426438E+03   0.0000000E+00   0.0000000E+00   0.0000000E+00   0.0000000E+00
   1.5426513E+03   0.0000000E+00   0.0000000E+00   0.0000000E+00   0.0000000E+00
   1.5426588E+03   0.0000000E+00   0.0000000E+00   0.0000000E+00   0.0000000E+00
   1.5426664E+03   0.0000000E+00   0.0000000E+00   0.0000000E+00   0.0000000E+00
   1.5426739E+03   0.0000000E+00   0.0000000E+00   0.0000000E+00   0.0000000E+00
   1.5426814E+03   0.0000000E+00   0.0000000E+00   0.0000000E+00   0.0000000E+00
   1.5426889E+03   0.0000000E+00   0.0000000E+00   0.0000000E+00   0.0000000E+00
   1.5426965E+03   0.0000000E+00   0.0000000E+00   0.0000000E+00   0.0000000E+00
   1.5427040E+03   0.0000000E+00   0.0000000E+00   0.0000000E+00   0.0000000E+00
   1.5427115E+03   0.0000000E+00   0.0000000E+00   0.0000000E+00   0.0000000E+00
   1.5427191E+03   0.0000000E+00   0.0000000E+00   0.0000000E+00   0.0000000E+00
   1.5427266E+03   0.0000000E+00   0.0000000E+00   0.0000000E+00   0.0000000E+00
   1.5427341E+03   0.0000000E+00   0.0000000E+00   0.0000000E+00   0.0000000E+00
   1.5427416E+03   0.0000000E+00   0.0000000E+00   0.0000000E+00   0.0000000E+00
   1.5427492E+03   0.0000000E+00   0.0000000E+00   0.0000000E+00   0.0000000E+00
   1.5427567E+03   0.0000000E+00   0.0000000E+00   0.0000000E+00   0.0000000E+00
   1.5427642E+03   0.0000000E+00   0.0000000E+00   0.0000000E+00   0.0000000E+00
   1.5427718E+03   0.0000000E+00   0.0000000E+00   0.0000000E+00   0.0000000E+00
   1.5427793E+03   0.0000000E+00   0.0000000E+00   0.0000000E+00   0.0000000E+00
   1.5427868E+03   0.0000000E+00   0.0000000E+00   0.0000000E+00   0.0000000E+00
   1.5427943E+03   0.0000000E+00   0.0000000E+00   0.0000000E+00   0.0000000E+00
   1.5428019E+03   0.0000000E+00   0.0000000E+00   0.0000000E+00   0.0000000E+00
   1.5428094E+03   0.0000000E+00   0.0000000E+00   0.0000000E+00   0.0000000E+00
   1.5428169E+03   0.0000000E+00   0.0000000E+00   0.0000000E+00   0.0000000E+00
   1.5428245E+03   0.0000000E+00   0.0000000E+00   0.0000000E+00   0.0000000E+00
   1.5428320E+03   0.0000000E+00   0.0000000E+00   0.0000000E+00   0.0000000E+00
   1.5428395E+03   0.0000000E+00   0.0000000E+00   0.0000000E+00   0.0000000E+00
   1.5428470E+03   0.0000000E+00   0.0000000E+00   0.0000000E+00   0.0000000E+00
   1.5428546E+03   0.0000000E+00   0.0000000E+00   0.0000000E+00   0.0000000E+00
   1.5428621E+03   0.0000000E+00   0.0000000E+00   0.0000000E+00   0.0000000E+00
   1.5428696E+03   0.0000000E+00   0.0000000E+00   0.0000000E+00   0.0000000E+00
   1.5428772E+03   0.0000000E+00   0.0000000E+00   0.0000000E+00   0.0000000E+00
   1.5428847E+03   0.0000000E+00   0.0000000E+00   0.0000000E+00   0.0000000E+00
   1.5428922E+03   0.0000000E+00   0.0000000E+00   0.0000000E+00   0.0000000E+00
   1.5428997E+03   0.0000000E+00   0.0000000E+00   0.0000000E+00   0.0000000E+00
   1.5429073E+03   0.0000000E+00   0.0000000E+00   0.0000000E+00   0.0000000E+00
   1.5429148E+03   0.0000000E+00   0.0000000E+00   0.0000000E+00   0.0000000E+00
   1.5429223E+03   0.0000000E+00   0.0000000E+00   0.0000000E+00   0.0000000E+00
   1.5429298E+03   0.0000000E+00   0.0000000E+00   0.0000000E+00   0.0000000E+00
   1.5429374E+03   0.0000000E+00   0.0000000E+00   0.0000000E+00   0.0000000E+00
   1.5429449E+03   0.0000000E+00   0.0000000E+00   0.0000000E+00   0.0000000E+00
   1.5429524E+03   0.0000000E+00   0.0000000E+00   0.0000000E+00   0.0000000E+00
   1.5429600E+03   0.0000000E+00   0.0000000E+00   0.0000000E+00   0.0000000E+00
   1.5429675E+03   0.0000000E+00   0.0000000E+00   0.0000000E+00   0.0000000E+00
   1.5429750E+03   0.0000000E+00   0.0000000E+00   0.0000000E+00   0.0000000E+00
   1.5429825E+03   0.0000000E+00   0.0000000E+00   0.0000000E+00   0.0000000E+00
   1.5429901E+03   0.0000000E+00   0.0000000E+00   0.0000000E+00   0.0000000E+00
   1.5429976E+03   0.0000000E+00   0.0000000E+00   0.0000000E+00   0.0000000E+00
   1.5430051E+03   0.0000000E+00   0.0000000E+00   0.0000000E+00   0.0000000E+00
   1.5430127E+03   0.0000000E+00   0.0000000E+00   0.0000000E+00   0.0000000E+00
   1.5430202E+03   0.0000000E+00   0.0000000E+00   0.0000000E+00   0.0000000E+00
   1.5430277E+03   0.0000000E+00   0.0000000E+00   0.0000000E+00   0.0000000E+00
   1.5430352E+03   0.0000000E+00   0.0000000E+00   0.0000000E+00   0.0000000E+00
   1.5430428E+03   0.0000000E+00   0.0000000E+00   0.0000000E+00   0.0000000E+00
   1.5430503E+03   0.0000000E+00   0.0000000E+00   0.0000000E+00   0.0000000E+00
   1.5430578E+03   0.0000000E+00   0.0000000E+00   0.0000000E+00   0.0000000E+00
   1.5430654E+03   0.0000000E+00   0.0000000E+00   0.0000000E+00   0.0000000E+00
   1.5430729E+03   0.0000000E+00   0.0000000E+00   0.0000000E+00   0.0000000E+00
   1.5430804E+03   0.0000000E+00   0.0000000E+00   0.0000000E+00   0.0000000E+00
   1.5430879E+03   0.0000000E+00   0.0000000E+00   0.0000000E+00   0.0000000E+00
   1.5430955E+03   0.0000000E+00   0.0000000E+00   0.0000000E+00   0.0000000E+00
   1.5431030E+03   0.0000000E+00   0.0000000E+00   0.0000000E+00   0.0000000E+00
   1.5431105E+03   0.0000000E+00   0.0000000E+00   0.0000000E+00   0.0000000E+00
   1.5431181E+03   0.0000000E+00   0.0000000E+00   0.0000000E+00   0.0000000E+00
   1.5431256E+03   0.0000000E+00   0.0000000E+00   0.0000000E+00   0.0000000E+00
   1.5431331E+03   0.0000000E+00   0.0000000E+00   0.0000000E+00   0.0000000E+00
   1.5431406E+03   0.0000000E+00   0.0000000E+00   0.0000000E+00   0.0000000E+00
   1.5431482E+03   0.0000000E+00   0.0000000E+00   0.0000000E+00   0.0000000E+00
   1.5431557E+03   0.0000000E+00   0.0000000E+00   0.0000000E+00   0.0000000E+00
   1.5431632E+03   0.0000000E+00   0.0000000E+00   0.0000000E+00   0.0000000E+00
   1.5431708E+03   0.0000000E+00   0.0000000E+00   0.0000000E+00   0.0000000E+00
   1.5431783E+03   0.0000000E+00   0.0000000E+00   0.0000000E+00   0.0000000E+00
   1.5431858E+03   0.0000000E+00   0.0000000E+00   0.0000000E+00   0.0000000E+00
   1.5431933E+03   0.0000000E+00   0.0000000E+00   0.0000000E+00   0.0000000E+00
   1.5432009E+03   0.0000000E+00   0.0000000E+00   0.0000000E+00   0.0000000E+00
   1.5432084E+03   0.0000000E+00   0.0000000E+00   0.0000000E+00   0.0000000E+00
   1.5432159E+03   0.0000000E+00   0.0000000E+00   0.0000000E+00   0.0000000E+00
   1.5432235E+03   0.0000000E+00   0.0000000E+00   0.0000000E+00   0.0000000E+00
   1.5432310E+03   0.0000000E+00   0.0000000E+00   0.0000000E+00   0.0000000E+00
   1.5432385E+03   0.0000000E+00   0.0000000E+00   0.0000000E+00   0.0000000E+00
   1.5432460E+03   0.0000000E+00   0.0000000E+00   0.0000000E+00   0.0000000E+00
   1.5432536E+03   0.0000000E+00   0.0000000E+00   0.0000000E+00   0.0000000E+00
   1.5432611E+03   0.0000000E+00   0.0000000E+00   0.0000000E+00   0.0000000E+00
   1.5432686E+03   0.0000000E+00   0.0000000E+00   0.0000000E+00   0.0000000E+00
   1.5432762E+03   0.0000000E+00   0.0000000E+00   0.0000000E+00   0.0000000E+00
   1.5432837E+03   0.0000000E+00   0.0000000E+00   0.0000000E+00   0.0000000E+00
   1.5432912E+03   0.0000000E+00   0.0000000E+00   0.0000000E+00   0.0000000E+00
   1.5432987E+03   0.0000000E+00   0.0000000E+00   0.0000000E+00   0.0000000E+00
   1.5433063E+03   0.0000000E+00   0.0000000E+00   0.0000000E+00   0.0000000E+00
   1.5433138E+03   0.0000000E+00   0.0000000E+00   0.0000000E+00   0.0000000E+00
   1.5433213E+03   0.0000000E+00   0.0000000E+00   0.0000000E+00   0.0000000E+00
   1.5433289E+03   0.0000000E+00   0.0000000E+00   0.0000000E+00   0.0000000E+00
   1.5433364E+03   0.0000000E+00   0.0000000E+00   0.0000000E+00   0.0000000E+00
   1.5433439E+03   0.0000000E+00   0.0000000E+00   0.0000000E+00   0.0000000E+00
   1.5433514E+03   0.0000000E+00   0.0000000E+00   0.0000000E+00   0.0000000E+00
   1.5433590E+03   0.0000000E+00   0.0000000E+00   0.0000000E+00   0.0000000E+00
   1.5433665E+03   0.0000000E+00   0.0000000E+00   0.0000000E+00   0.0000000E+00
   1.5433740E+03   0.0000000E+00   0.0000000E+00   0.0000000E+00   0.0000000E+00
   1.5433815E+03   0.0000000E+00   0.0000000E+00   0.0000000E+00   0.0000000E+00
   1.5433891E+03   0.0000000E+00   0.0000000E+00   0.0000000E+00   0.0000000E+00
   1.5433966E+03   0.0000000E+00   0.0000000E+00   0.0000000E+00   0.0000000E+00
   1.5434041E+03   0.0000000E+00   0.0000000E+00   0.0000000E+00   0.0000000E+00
   1.5434117E+03   0.0000000E+00   0.0000000E+00   0.0000000E+00   0.0000000E+00
   1.5434192E+03   0.0000000E+00   0.0000000E+00   0.0000000E+00   0.0000000E+00
   1.5434267E+03   0.0000000E+00   0.0000000E+00   0.0000000E+00   0.0000000E+00
   1.5434342E+03   0.0000000E+00   0.0000000E+00   0.0000000E+00   0.0000000E+00
   1.5434418E+03   0.0000000E+00   0.0000000E+00   0.0000000E+00   0.0000000E+00
   1.5434493E+03   0.0000000E+00   0.0000000E+00   0.0000000E+00   0.0000000E+00
   1.5434568E+03   0.0000000E+00   0.0000000E+00   0.0000000E+00   0.0000000E+00
   1.5434644E+03   0.0000000E+00   0.0000000E+00   0.0000000E+00   0.0000000E+00
   1.5434719E+03   0.0000000E+00   0.0000000E+00   0.0000000E+00   0.0000000E+00
   1.5434794E+03   0.0000000E+00   0.0000000E+00   0.0000000E+00   0.0000000E+00
   1.5434869E+03   0.0000000E+00   0.0000000E+00   0.0000000E+00   0.0000000E+00
   1.5434945E+03   0.0000000E+00   0.0000000E+00   0.0000000E+00   0.0000000E+00
   1.5435020E+03   0.0000000E+00   0.0000000E+00   0.0000000E+00   0.0000000E+00
   1.5435095E+03   0.0000000E+00   0.0000000E+00   0.0000000E+00   0.0000000E+00
   1.5435171E+03   0.0000000E+00   0.0000000E+00   0.0000000E+00   0.0000000E+00
   1.5435246E+03   0.0000000E+00   0.0000000E+00   0.0000000E+00   0.0000000E+00
   1.5435321E+03   0.0000000E+00   0.0000000E+00   0.0000000E+00   0.0000000E+00
   1.5435396E+03   0.0000000E+00   0.0000000E+00   0.0000000E+00   0.0000000E+00
   1.5435472E+03   0.0000000E+00   0.0000000E+00   0.0000000E+00   0.0000000E+00
   1.5435547E+03   0.0000000E+00   0.0000000E+00   0.0000000E+00   0.0000000E+00
   1.5435622E+03   0.0000000E+00   0.0000000E+00   0.0000000E+00   0.0000000E+00
   1.5435698E+03   0.0000000E+00   0.0000000E+00   0.0000000E+00   0.0000000E+00
   1.5435773E+03   0.0000000E+00   0.0000000E+00   0.0000000E+00   0.0000000E+00
   1.5435848E+03   0.0000000E+00   0.0000000E+00   0.0000000E+00   0.0000000E+00
   1.5435923E+03   0.0000000E+00   0.0000000E+00   0.0000000E+00   0.0000000E+00
   1.5435999E+03   0.0000000E+00   0.0000000E+00   0.0000000E+00   0.0000000E+00
   1.5436074E+03   0.0000000E+00   0.0000000E+00   0.0000000E+00   0.0000000E+00
   1.5436149E+03   0.0000000E+00   0.0000000E+00   0.0000000E+00   0.0000000E+00
   1.5436225E+03   0.0000000E+00   0.0000000E+00   0.0000000E+00   0.0000000E+00
   1.5436300E+03   0.0000000E+00   0.0000000E+00   0.0000000E+00   0.0000000E+00
   1.5436375E+03   0.0000000E+00   0.0000000E+00   0.0000000E+00   0.0000000E+00
   1.5436450E+03   0.0000000E+00   0.0000000E+00   0.0000000E+00   0.0000000E+00
   1.5436526E+03   0.0000000E+00   0.0000000E+00   0.0000000E+00   0.0000000E+00
   1.5436601E+03   0.0000000E+00   0.0000000E+00   0.0000000E+00   0.0000000E+00
   1.5436676E+03   0.0000000E+00   0.0000000E+00   0.0000000E+00   0.0000000E+00
   1.5436752E+03   0.0000000E+00   0.0000000E+00   0.0000000E+00   0.0000000E+00
   1.5436827E+03   0.0000000E+00   0.0000000E+00   0.0000000E+00   0.0000000E+00
   1.5436902E+03   0.0000000E+00   0.0000000E+00   0.0000000E+00   0.0000000E+00
   1.5436977E+03   0.0000000E+00   0.0000000E+00   0.0000000E+00   0.0000000E+00
   1.5437053E+03   0.0000000E+00   0.0000000E+00   0.0000000E+00   0.0000000E+00
   1.5437128E+03   0.0000000E+00   0.0000000E+00   0.0000000E+00   0.0000000E+00
   1.5437203E+03   0.0000000E+00   0.0000000E+00   0.0000000E+00   0.0000000E+00
   1.5437279E+03   0.0000000E+00   0.0000000E+00   0.0000000E+00   0.0000000E+00
   1.5437354E+03   0.0000000E+00   0.0000000E+00   0.0000000E+00   0.0000000E+00
   1.5437429E+03   0.0000000E+00   0.0000000E+00   0.0000000E+00   0.0000000E+00
   1.5437504E+03   0.0000000E+00   0.0000000E+00   0.0000000E+00   0.0000000E+00
   1.5437580E+03   0.0000000E+00   0.0000000E+00   0.0000000E+00   0.0000000E+00
   1.5437655E+03   0.0000000E+00   0.0000000E+00   0.0000000E+00   0.0000000E+00
   1.5437730E+03   0.0000000E+00   0.0000000E+00   0.0000000E+00   0.0000000E+00
   1.5437806E+03   0.0000000E+00   0.0000000E+00   0.0000000E+00   0.0000000E+00
   1.5437881E+03   0.0000000E+00   0.0000000E+00   0.0000000E+00   0.0000000E+00
   1.5437956E+03   0.0000000E+00   0.0000000E+00   0.0000000E+00   0.0000000E+00
   1.5438031E+03   0.0000000E+00   0.0000000E+00   0.0000000E+00   0.0000000E+00
   1.5438107E+03   0.0000000E+00   0.0000000E+00   0.0000000E+00   0.0000000E+00
   1.5438182E+03   0.0000000E+00   0.0000000E+00   0.0000000E+00   0.0000000E+00
   1.5438257E+03   0.0000000E+00   0.0000000E+00   0.0000000E+00   0.0000000E+00
   1.5438332E+03   0.0000000E+00   0.0000000E+00   0.0000000E+00   0.0000000E+00
   1.5438408E+03   0.0000000E+00   0.0000000E+00   0.0000000E+00   0.0000000E+00
   1.5438483E+03   0.0000000E+00   0.0000000E+00   0.0000000E+00   0.0000000E+00
   1.5438558E+03   0.0000000E+00   0.0000000E+00   0.0000000E+00   0.0000000E+00
   1.5438634E+03   0.0000000E+00   0.0000000E+00   0.0000000E+00   0.0000000E+00
   1.5438709E+03   0.0000000E+00   0.0000000E+00   0.0000000E+00   0.0000000E+00
   1.5438784E+03   0.0000000E+00   0.0000000E+00   0.0000000E+00   0.0000000E+00
   1.5438859E+03   0.0000000E+00   0.0000000E+00   0.0000000E+00   0.0000000E+00
   1.5438935E+03   0.0000000E+00   0.0000000E+00   0.0000000E+00   0.0000000E+00
   1.5439010E+03   0.0000000E+00   0.0000000E+00   0.0000000E+00   0.0000000E+00
   1.5439085E+03   0.0000000E+00   0.0000000E+00   0.0000000E+00   0.0000000E+00
   1.5439161E+03   0.0000000E+00   0.0000000E+00   0.0000000E+00   0.0000000E+00
   1.5439236E+03   0.0000000E+00   0.0000000E+00   0.0000000E+00   0.0000000E+00
   1.5439311E+03   0.0000000E+00   0.0000000E+00   0.0000000E+00   0.0000000E+00
   1.5439386E+03   0.0000000E+00   0.0000000E+00   0.0000000E+00   0.0000000E+00
   1.5439462E+03   0.0000000E+00   0.0000000E+00   0.0000000E+00   0.0000000E+00
   1.5439537E+03   0.0000000E+00   0.0000000E+00   0.0000000E+00   0.0000000E+00
   1.5439612E+03   0.0000000E+00   0.0000000E+00   0.0000000E+00   0.0000000E+00
   1.5439688E+03   0.0000000E+00   0.0000000E+00   0.0000000E+00   0.0000000E+00
   1.5439763E+03   0.0000000E+00   0.0000000E+00   0.0000000E+00   0.0000000E+00
   1.5439838E+03   0.0000000E+00   0.0000000E+00   0.0000000E+00   0.0000000E+00
   1.5439913E+03   0.0000000E+00   0.0000000E+00   0.0000000E+00   0.0000000E+00
   1.5439989E+03   0.0000000E+00   0.0000000E+00   0.0000000E+00   0.0000000E+00
   1.5440064E+03   0.0000000E+00   0.0000000E+00   0.0000000E+00   0.0000000E+00
   1.5440139E+03   0.0000000E+00   0.0000000E+00   0.0000000E+00   0.0000000E+00
   1.5440215E+03   0.0000000E+00   0.0000000E+00   0.0000000E+00   0.0000000E+00
   1.5440290E+03   0.0000000E+00   0.0000000E+00   0.0000000E+00   0.0000000E+00
   1.5440365E+03   0.0000000E+00   0.0000000E+00   0.0000000E+00   0.0000000E+00
   1.5440440E+03   0.0000000E+00   0.0000000E+00   0.0000000E+00   0.0000000E+00
   1.5440516E+03   0.0000000E+00   0.0000000E+00   0.0000000E+00   0.0000000E+00
   1.5440591E+03   0.0000000E+00   0.0000000E+00   0.0000000E+00   0.0000000E+00
   1.5440666E+03   0.0000000E+00   0.0000000E+00   0.0000000E+00   0.0000000E+00
   1.5440742E+03   0.0000000E+00   0.0000000E+00   0.0000000E+00   0.0000000E+00
   1.5440817E+03   0.0000000E+00   0.0000000E+00   0.0000000E+00   0.0000000E+00
   1.5440892E+03   0.0000000E+00   0.0000000E+00   0.0000000E+00   0.0000000E+00
   1.5440967E+03   0.0000000E+00   0.0000000E+00   0.0000000E+00   0.0000000E+00
   1.5441043E+03   0.0000000E+00   0.0000000E+00   0.0000000E+00   0.0000000E+00
   1.5441118E+03   0.0000000E+00   0.0000000E+00   0.0000000E+00   0.0000000E+00
   1.5441193E+03   0.0000000E+00   0.0000000E+00   0.0000000E+00   0.0000000E+00
   1.5441269E+03   0.0000000E+00   0.0000000E+00   0.0000000E+00   0.0000000E+00
   1.5441344E+03   0.0000000E+00   0.0000000E+00   0.0000000E+00   0.0000000E+00
   1.5441419E+03   0.0000000E+00   0.0000000E+00   0.0000000E+00   0.0000000E+00
   1.5441494E+03   0.0000000E+00   0.0000000E+00   0.0000000E+00   0.0000000E+00
   1.5441570E+03   0.0000000E+00   0.0000000E+00   0.0000000E+00   0.0000000E+00
   1.5441645E+03   0.0000000E+00   0.0000000E+00   0.0000000E+00   0.0000000E+00
   1.5441720E+03   0.0000000E+00   0.0000000E+00   0.0000000E+00   0.0000000E+00
   1.5441796E+03   0.0000000E+00   0.0000000E+00   0.0000000E+00   0.0000000E+00
   1.5441871E+03   0.0000000E+00   0.0000000E+00   0.0000000E+00   0.0000000E+00
   1.5441946E+03   0.0000000E+00   0.0000000E+00   0.0000000E+00   0.0000000E+00
   1.5442021E+03   0.0000000E+00   0.0000000E+00   0.0000000E+00   0.0000000E+00
   1.5442097E+03   0.0000000E+00   0.0000000E+00   0.0000000E+00   0.0000000E+00
   1.5442172E+03   0.0000000E+00   0.0000000E+00   0.0000000E+00   0.0000000E+00
   1.5442247E+03   0.0000000E+00   0.0000000E+00   0.0000000E+00   0.0000000E+00
   1.5442323E+03   0.0000000E+00   0.0000000E+00   0.0000000E+00   0.0000000E+00
   1.5442398E+03   0.0000000E+00   0.0000000E+00   0.0000000E+00   0.0000000E+00
   1.5442473E+03   0.0000000E+00   0.0000000E+00   0.0000000E+00   0.0000000E+00
   1.5442548E+03   0.0000000E+00   0.0000000E+00   0.0000000E+00   0.0000000E+00
   1.5442624E+03   0.0000000E+00   0.0000000E+00   0.0000000E+00   0.0000000E+00
   1.5442699E+03   0.0000000E+00   0.0000000E+00   0.0000000E+00   0.0000000E+00
   1.5442774E+03   0.0000000E+00   0.0000000E+00   0.0000000E+00   0.0000000E+00
   1.5442849E+03   0.0000000E+00   0.0000000E+00   0.0000000E+00   0.0000000E+00
   1.5442925E+03   0.0000000E+00   0.0000000E+00   0.0000000E+00   0.0000000E+00
   1.5443000E+03   0.0000000E+00   0.0000000E+00   0.0000000E+00   0.0000000E+00
   1.5443075E+03   0.0000000E+00   0.0000000E+00   0.0000000E+00   0.0000000E+00
   1.5443151E+03   0.0000000E+00   0.0000000E+00   0.0000000E+00   0.0000000E+00
   1.5443226E+03   0.0000000E+00   0.0000000E+00   0.0000000E+00   0.0000000E+00
   1.5443301E+03   0.0000000E+00   0.0000000E+00   0.0000000E+00   0.0000000E+00
   1.5443376E+03   0.0000000E+00   0.0000000E+00   0.0000000E+00   0.0000000E+00
   1.5443452E+03   0.0000000E+00   0.0000000E+00   0.0000000E+00   0.0000000E+00
   1.5443527E+03   0.0000000E+00   0.0000000E+00   0.0000000E+00   0.0000000E+00
   1.5443602E+03   0.0000000E+00   0.0000000E+00   0.0000000E+00   0.0000000E+00
   1.5443678E+03   0.0000000E+00   0.0000000E+00   0.0000000E+00   0.0000000E+00
   1.5443753E+03   0.0000000E+00   0.0000000E+00   0.0000000E+00   0.0000000E+00
   1.5443828E+03   0.0000000E+00   0.0000000E+00   0.0000000E+00   0.0000000E+00
   1.5443903E+03   0.0000000E+00   0.0000000E+00   0.0000000E+00   0.0000000E+00
   1.5443979E+03   0.0000000E+00   0.0000000E+00   0.0000000E+00   0.0000000E+00
   1.5444054E+03   0.0000000E+00   0.0000000E+00   0.0000000E+00   0.0000000E+00
   1.5444129E+03   0.0000000E+00   0.0000000E+00   0.0000000E+00   0.0000000E+00
   1.5444205E+03   0.0000000E+00   0.0000000E+00   0.0000000E+00   0.0000000E+00
   1.5444280E+03   0.0000000E+00   0.0000000E+00   0.0000000E+00   0.0000000E+00
   1.5444355E+03   0.0000000E+00   0.0000000E+00   0.0000000E+00   0.0000000E+00
   1.5444430E+03   0.0000000E+00   0.0000000E+00   0.0000000E+00   0.0000000E+00
   1.5444506E+03   0.0000000E+00   0.0000000E+00   0.0000000E+00   0.0000000E+00
   1.5444581E+03   0.0000000E+00   0.0000000E+00   0.0000000E+00   0.0000000E+00
   1.5444656E+03   0.0000000E+00   0.0000000E+00   0.0000000E+00   0.0000000E+00
   1.5444732E+03   0.0000000E+00   0.0000000E+00   0.0000000E+00   0.0000000E+00
   1.5444807E+03   0.0000000E+00   0.0000000E+00   0.0000000E+00   0.0000000E+00
   1.5444882E+03   0.0000000E+00   0.0000000E+00   0.0000000E+00   0.0000000E+00
   1.5444957E+03   0.0000000E+00   0.0000000E+00   0.0000000E+00   0.0000000E+00
   1.5445033E+03   0.0000000E+00   0.0000000E+00   0.0000000E+00   0.0000000E+00
   1.5445108E+03   0.0000000E+00   0.0000000E+00   0.0000000E+00   0.0000000E+00
   1.5445183E+03   0.0000000E+00   0.0000000E+00   0.0000000E+00   0.0000000E+00
   1.5445259E+03   0.0000000E+00   0.0000000E+00   0.0000000E+00   0.0000000E+00
   1.5445334E+03   0.0000000E+00   0.0000000E+00   0.0000000E+00   0.0000000E+00
   1.5445409E+03   0.0000000E+00   0.0000000E+00   0.0000000E+00   0.0000000E+00
   1.5445484E+03   0.0000000E+00   0.0000000E+00   0.0000000E+00   0.0000000E+00
   1.5445560E+03   0.0000000E+00   0.0000000E+00   0.0000000E+00   0.0000000E+00
   1.5445635E+03   0.0000000E+00   0.0000000E+00   0.0000000E+00   0.0000000E+00
   1.5445710E+03   0.0000000E+00   0.0000000E+00   0.0000000E+00   0.0000000E+00
   1.5445786E+03   0.0000000E+00   0.0000000E+00   0.0000000E+00   0.0000000E+00
   1.5445861E+03   0.0000000E+00   0.0000000E+00   0.0000000E+00   0.0000000E+00
   1.5445936E+03   0.0000000E+00   0.0000000E+00   0.0000000E+00   0.0000000E+00
   1.5446011E+03   0.0000000E+00   0.0000000E+00   0.0000000E+00   0.0000000E+00
   1.5446087E+03   0.0000000E+00   0.0000000E+00   0.0000000E+00   0.0000000E+00
   1.5446162E+03   0.0000000E+00   0.0000000E+00   0.0000000E+00   0.0000000E+00
   1.5446237E+03   0.0000000E+00   0.0000000E+00   0.0000000E+00   0.0000000E+00
   1.5446313E+03   0.0000000E+00   0.0000000E+00   0.0000000E+00   0.0000000E+00
   1.5446388E+03   0.0000000E+00   0.0000000E+00   0.0000000E+00   0.0000000E+00
   1.5446463E+03   0.0000000E+00   0.0000000E+00   0.0000000E+00   0.0000000E+00
   1.5446538E+03   0.0000000E+00   0.0000000E+00   0.0000000E+00   0.0000000E+00
   1.5446614E+03   0.0000000E+00   0.0000000E+00   0.0000000E+00   0.0000000E+00
   1.5446689E+03   0.0000000E+00   0.0000000E+00   0.0000000E+00   0.0000000E+00
   1.5446764E+03   0.0000000E+00   0.0000000E+00   0.0000000E+00   0.0000000E+00
   1.5446840E+03   0.0000000E+00   0.0000000E+00   0.0000000E+00   0.0000000E+00
   1.5446915E+03   0.0000000E+00   0.0000000E+00   0.0000000E+00   0.0000000E+00
   1.5446990E+03   0.0000000E+00   0.0000000E+00   0.0000000E+00   0.0000000E+00
   1.5447065E+03   0.0000000E+00   0.0000000E+00   0.0000000E+00   0.0000000E+00
   1.5447141E+03   0.0000000E+00   0.0000000E+00   0.0000000E+00   0.0000000E+00
   1.5447216E+03   0.0000000E+00   0.0000000E+00   0.0000000E+00   0.0000000E+00
   1.5447291E+03   0.0000000E+00   0.0000000E+00   0.0000000E+00   0.0000000E+00
   1.5447366E+03   0.0000000E+00   0.0000000E+00   0.0000000E+00   0.0000000E+00
   1.5447442E+03   0.0000000E+00   0.0000000E+00   0.0000000E+00   0.0000000E+00
   1.5447517E+03   0.0000000E+00   0.0000000E+00   0.0000000E+00   0.0000000E+00
   1.5447592E+03   0.0000000E+00   0.0000000E+00   0.0000000E+00   0.0000000E+00
   1.5447668E+03   0.0000000E+00   0.0000000E+00   0.0000000E+00   0.0000000E+00
   1.5447743E+03   0.0000000E+00   0.0000000E+00   0.0000000E+00   0.0000000E+00
   1.5447818E+03   0.0000000E+00   0.0000000E+00   0.0000000E+00   0.0000000E+00
   1.5447893E+03   0.0000000E+00   0.0000000E+00   0.0000000E+00   0.0000000E+00
   1.5447969E+03   0.0000000E+00   0.0000000E+00   0.0000000E+00   0.0000000E+00
   1.5448044E+03   0.0000000E+00   0.0000000E+00   0.0000000E+00   0.0000000E+00
   1.5448119E+03   0.0000000E+00   0.0000000E+00   0.0000000E+00   0.0000000E+00
   1.5448195E+03   0.0000000E+00   0.0000000E+00   0.0000000E+00   0.0000000E+00
   1.5448270E+03   0.0000000E+00   0.0000000E+00   0.0000000E+00   0.0000000E+00
   1.5448345E+03   0.0000000E+00   0.0000000E+00   0.0000000E+00   0.0000000E+00
   1.5448420E+03   0.0000000E+00   0.0000000E+00   0.0000000E+00   0.0000000E+00
   1.5448496E+03   0.0000000E+00   0.0000000E+00   0.0000000E+00   0.0000000E+00
   1.5448571E+03   0.0000000E+00   0.0000000E+00   0.0000000E+00   0.0000000E+00
   1.5448646E+03   0.0000000E+00   0.0000000E+00   0.0000000E+00   0.0000000E+00
   1.5448722E+03   0.0000000E+00   0.0000000E+00   0.0000000E+00   0.0000000E+00
   1.5448797E+03   0.0000000E+00   0.0000000E+00   0.0000000E+00   0.0000000E+00
   1.5448872E+03   0.0000000E+00   0.0000000E+00   0.0000000E+00   0.0000000E+00
   1.5448947E+03   0.0000000E+00   0.0000000E+00   0.0000000E+00   0.0000000E+00
   1.5449023E+03   0.0000000E+00   0.0000000E+00   0.0000000E+00   0.0000000E+00
   1.5449098E+03   0.0000000E+00   0.0000000E+00   0.0000000E+00   0.0000000E+00
   1.5449173E+03   0.0000000E+00   0.0000000E+00   0.0000000E+00   0.0000000E+00
   1.5449249E+03   0.0000000E+00   0.0000000E+00   0.0000000E+00   0.0000000E+00
   1.5449324E+03   0.0000000E+00   0.0000000E+00   0.0000000E+00   0.0000000E+00
   1.5449399E+03   0.0000000E+00   0.0000000E+00   0.0000000E+00   0.0000000E+00
   1.5449474E+03   0.0000000E+00   0.0000000E+00   0.0000000E+00   0.0000000E+00
   1.5449550E+03   0.0000000E+00   0.0000000E+00   0.0000000E+00   0.0000000E+00
   1.5449625E+03   0.0000000E+00   0.0000000E+00   0.0000000E+00   0.0000000E+00
   1.5449700E+03   1.0000000E+00   1.0000000E+00   0.0000000E+00   0.0000000E+00
   1.5449776E+03   0.0000000E+00   0.0000000E+00   0.0000000E+00   0.0000000E+00
   1.5449851E+03   0.0000000E+00   0.0000000E+00   0.0000000E+00   0.0000000E+00
   1.5449926E+03   1.0000000E+00   1.0000000E+00   0.0000000E+00   0.0000000E+00
   1.5450001E+03   0.0000000E+00   0.0000000E+00   0.0000000E+00   0.0000000E+00
   1.5450077E+03   0.0000000E+00   0.0000000E+00   0.0000000E+00   0.0000000E+00
   1.5450152E+03   0.0000000E+00   0.0000000E+00   0.0000000E+00   0.0000000E+00
   1.5450227E+03   0.0000000E+00   0.0000000E+00   0.0000000E+00   0.0000000E+00
   1.5450303E+03   0.0000000E+00   0.0000000E+00   0.0000000E+00   0.0000000E+00
   1.5450378E+03   0.0000000E+00   0.0000000E+00   0.0000000E+00   0.0000000E+00
   1.5450453E+03   0.0000000E+00   0.0000000E+00   0.0000000E+00   0.0000000E+00
   1.5450528E+03   0.0000000E+00   0.0000000E+00   0.0000000E+00   0.0000000E+00
   1.5450604E+03   1.0000000E+00   0.0000000E+00   0.0000000E+00   0.0000000E+00
   1.5450679E+03   0.0000000E+00   0.0000000E+00   0.0000000E+00   0.0000000E+00
   1.5450754E+03   0.0000000E+00   0.0000000E+00   0.0000000E+00   0.0000000E+00
   1.5450830E+03   0.0000000E+00   0.0000000E+00   0.0000000E+00   0.0000000E+00
   1.5450905E+03   0.0000000E+00   0.0000000E+00   0.0000000E+00   0.0000000E+00
   1.5450980E+03   0.0000000E+00   0.0000000E+00   0.0000000E+00   0.0000000E+00
   1.5451055E+03   0.0000000E+00   0.0000000E+00   0.0000000E+00   0.0000000E+00
   1.5451131E+03   1.0000000E+00   1.0000000E+00   0.0000000E+00   0.0000000E+00
   1.5451206E+03   0.0000000E+00   0.0000000E+00   0.0000000E+00   0.0000000E+00
   1.5451281E+03   0.0000000E+00   0.0000000E+00   0.0000000E+00   0.0000000E+00
   1.5451357E+03   0.0000000E+00   0.0000000E+00   0.0000000E+00   0.0000000E+00
   1.5451432E+03   1.0000000E+00   1.0000000E+00   0.0000000E+00   0.0000000E+00
   1.5451507E+03   0.0000000E+00   0.0000000E+00   0.0000000E+00   0.0000000E+00
   1.5451582E+03   1.0000000E+00   0.0000000E+00   0.0000000E+00   0.0000000E+00
   1.5451658E+03   1.0000000E+00   0.0000000E+00   0.0000000E+00   0.0000000E+00
   1.5451733E+03   0.0000000E+00   0.0000000E+00   0.0000000E+00   0.0000000E+00
   1.5451808E+03   0.0000000E+00   0.0000000E+00   0.0000000E+00   0.0000000E+00
   1.5451883E+03   0.0000000E+00   0.0000000E+00   0.0000000E+00   0.0000000E+00
   1.5451959E+03   1.0000000E+00   1.0000000E+00   0.0000000E+00   0.0000000E+00
   1.5452034E+03   1.0000000E+00   1.0000000E+00   0.0000000E+00   0.0000000E+00
   1.5452109E+03   1.0000000E+00   1.0000000E+00   0.0000000E+00   0.0000000E+00
   1.5452185E+03   1.0000000E+00   0.0000000E+00   0.0000000E+00   0.0000000E+00
   1.5452260E+03   2.0000000E+00   2.0000000E+00   0.0000000E+00   0.0000000E+00
   1.5452335E+03   0.0000000E+00   0.0000000E+00   0.0000000E+00   0.0000000E+00
   1.5452410E+03   0.0000000E+00   0.0000000E+00   0.0000000E+00   0.0000000E+00
   1.5452486E+03   0.0000000E+00   0.0000000E+00   0.0000000E+00   0.0000000E+00
   1.5452561E+03   0.0000000E+00   0.0000000E+00   0.0000000E+00   0.0000000E+00
   1.5452636E+03   0.0000000E+00   0.0000000E+00   0.0000000E+00   0.0000000E+00
   1.5452712E+03   1.0000000E+00   1.0000000E+00   0.0000000E+00   0.0000000E+00
   1.5452787E+03   0.0000000E+00   0.0000000E+00   0.0000000E+00   0.0000000E+00
   1.5452862E+03   0.0000000E+00   0.0000000E+00   0.0000000E+00   0.0000000E+00
   1.5452937E+03   0.0000000E+00   0.0000000E+00   0.0000000E+00   0.0000000E+00
   1.5453013E+03   1.0000000E+00   1.0000000E+00   0.0000000E+00   0.0000000E+00
   1.5453088E+03   1.0000000E+00   1.0000000E+00   0.0000000E+00   0.0000000E+00
   1.5453163E+03   0.0000000E+00   0.0000000E+00   0.0000000E+00   0.0000000E+00
   1.5453239E+03   0.0000000E+00   0.0000000E+00   0.0000000E+00   0.0000000E+00
   1.5453314E+03   1.0000000E+00   1.0000000E+00   0.0000000E+00   0.0000000E+00
   1.5453389E+03   0.0000000E+00   0.0000000E+00   0.0000000E+00   0.0000000E+00
   1.5453464E+03   0.0000000E+00   0.0000000E+00   0.0000000E+00   0.0000000E+00
   1.5453540E+03   1.0000000E+00   1.0000000E+00   0.0000000E+00   0.0000000E+00
   1.5453615E+03   1.0000000E+00   1.0000000E+00   0.0000000E+00   0.0000000E+00
   1.5453690E+03   1.0000000E+00   1.0000000E+00   0.0000000E+00   0.0000000E+00
   1.5453766E+03   6.0000000E+00   4.0000000E+00   0.0000000E+00   0.0000000E+00
   1.5453841E+03   0.0000000E+00   0.0000000E+00   0.0000000E+00   0.0000000E+00
   1.5453916E+03   0.0000000E+00   0.0000000E+00   0.0000000E+00   0.0000000E+00
   1.5453991E+03   1.0000000E+00   1.0000000E+00   0.0000000E+00   0.0000000E+00
   1.5454067E+03   0.0000000E+00   0.0000000E+00   0.0000000E+00   0.0000000E+00
   1.5454142E+03   1.0000000E+00   0.0000000E+00   0.0000000E+00   0.0000000E+00
   1.5454217E+03   1.0000000E+00   1.0000000E+00   0.0000000E+00   0.0000000E+00
   1.5454293E+03   1.0000000E+00   0.0000000E+00   0.0000000E+00   0.0000000E+00
   1.5454368E+03   1.0000000E+00   1.0000000E+00   0.0000000E+00   0.0000000E+00
   1.5454443E+03   2.0000000E+00   1.0000000E+00   0.0000000E+00   0.0000000E+00
   1.5454518E+03   2.0000000E+00   2.0000000E+00   0.0000000E+00   0.0000000E+00
   1.5454594E+03   5.0000000E+00   5.0000000E+00   0.0000000E+00   0.0000000E+00
   1.5454669E+03   2.0000000E+00   1.0000000E+00   0.0000000E+00   0.0000000E+00
   1.5454744E+03   3.0000000E+00   3.0000000E+00   0.0000000E+00   0.0000000E+00
   1.5454820E+03   4.0000000E+00   2.0000000E+00   0.0000000E+00   0.0000000E+00
   1.5454895E+03   6.0000000E+00   6.0000000E+00   0.0000000E+00   0.0000000E+00
   1.5454970E+03   3.0000000E+00   3.0000000E+00   0.0000000E+00   0.0000000E+00
   1.5455045E+03   2.0000000E+00   1.0000000E+00   0.0000000E+00   0.0000000E+00
   1.5455121E+03   1.0000000E+00   1.0000000E+00   0.0000000E+00   0.0000000E+00
   1.5455196E+03   2.0000000E+00   1.0000000E+00   0.0000000E+00   0.0000000E+00
   1.5455271E+03   5.0000000E+00   3.0000000E+00   0.0000000E+00   0.0000000E+00
   1.5455347E+03   2.0000000E+00   1.0000000E+00   0.0000000E+00   0.0000000E+00
   1.5455422E+03   5.0000000E+00   3.0000000E+00   0.0000000E+00   0.0000000E+00
   1.5455497E+03   4.0000000E+00   4.0000000E+00   0.0000000E+00   0.0000000E+00
   1.5455572E+03   6.0000000E+00   5.0000000E+00   0.0000000E+00   0.0000000E+00
   1.5455648E+03   7.0000000E+00   3.0000000E+00   0.0000000E+00   0.0000000E+00
   1.5455723E+03   7.0000000E+00   5.0000000E+00   0.0000000E+00   0.0000000E+00
   1.5455798E+03   1.0000000E+01   7.0000000E+00   0.0000000E+00   0.0000000E+00
   1.5455874E+03   4.0000000E+00   2.0000000E+00   0.0000000E+00   0.0000000E+00
   1.5455949E+03   6.0000000E+00   4.0000000E+00   0.0000000E+00   0.0000000E+00
   1.5456024E+03   1.2000000E+01   8.0000000E+00   0.0000000E+00   0.0000000E+00
   1.5456099E+03   5.0000000E+00   3.0000000E+00   0.0000000E+00   0.0000000E+00
   1.5456175E+03   7.0000000E+00   4.0000000E+00   0.0000000E+00   0.0000000E+00
   1.5456250E+03   1.3000000E+01   8.0000000E+00   0.0000000E+00   0.0000000E+00
   1.5456325E+03   6.0000000E+00   6.0000000E+00   0.0000000E+00   0.0000000E+00
   1.5456400E+03   1.1000000E+01   6.0000000E+00   0.0000000E+00   0.0000000E+00
   1.5456476E+03   1.2000000E+01   7.0000000E+00   0.0000000E+00   0.0000000E+00
   1.5456551E+03   1.2000000E+01   1.0000000E+01   0.0000000E+00   0.0000000E+00
   1.5456626E+03   5.0000000E+00   3.0000000E+00   0.0000000E+00   0.0000000E+00
   1.5456702E+03   9.0000000E+00   7.0000000E+00   0.0000000E+00   0.0000000E+00
   1.5456777E+03   1.3000000E+01   1.0000000E+01   0.0000000E+00   0.0000000E+00
   1.5456852E+03   1.1000000E+01   9.0000000E+00   0.0000000E+00   0.0000000E+00
   1.5456927E+03   9.0000000E+00   7.0000000E+00   0.0000000E+00   0.0000000E+00
   1.5457003E+03   1.7000000E+01   1.5000000E+01   0.0000000E+00   0.0000000E+00
   1.5457078E+03   1.1000000E+01   9.0000000E+00   0.0000000E+00   0.0000000E+00
   1.5457153E+03   1.1000000E+01   8.0000000E+00   0.0000000E+00   0.0000000E+00
   1.5457229E+03   1.0000000E+01   6.0000000E+00   0.0000000E+00   0.0000000E+00
   1.5457304E+03   1.5000000E+01   1.3000000E+01   0.0000000E+00   0.0000000E+00
   1.5457379E+03   1.6000000E+01   1.3000000E+01   0.0000000E+00   0.0000000E+00
   1.5457454E+03   1.2000000E+01   1.1000000E+01   0.0000000E+00   0.0000000E+00
   1.5457530E+03   1.5000000E+01   9.0000000E+00   0.0000000E+00   0.0000000E+00
   1.5457605E+03   1.6000000E+01   1.1000000E+01   0.0000000E+00   0.0000000E+00
   1.5457680E+03   2.5000000E+01   2.0000000E+01   0.0000000E+00   0.0000000E+00
   1.5457756E+03   1.5000000E+01   9.0000000E+00   0.0000000E+00   0.0000000E+00
   1.5457831E+03   2.1000000E+01   1.7000000E+01   0.0000000E+00   0.0000000E+00
   1.5457906E+03   2.4000000E+01   1.9000000E+01   0.0000000E+00   0.0000000E+00
   1.5457981E+03   2.0000000E+01   1.6000000E+01   0.0000000E+00   0.0000000E+00
   1.5458057E+03   1.4000000E+01   1.2000000E+01   0.0000000E+00   0.0000000E+00
   1.5458132E+03   3.0000000E+01   2.0000000E+01   0.0000000E+00   0.0000000E+00
   1.5458207E+03   3.7000000E+01   2.7000000E+01   0.0000000E+00   0.0000000E+00
   1.5458283E+03   3.0000000E+01   2.4000000E+01   0.0000000E+00   0.0000000E+00
   1.5458358E+03   3.2000000E+01   2.3000000E+01   0.0000000E+00   0.0000000E+00
   1.5458433E+03   3.3000000E+01   2.7000000E+01   0.0000000E+00   0.0000000E+00
   1.5458508E+03   3.1000000E+01   2.6000000E+01   0.0000000E+00   0.0000000E+00
   1.5458584E+03   3.4000000E+01   2.3000000E+01   0.0000000E+00   0.0000000E+00
   1.5458659E+03   3.5000000E+01   2.4000000E+01   0.0000000E+00   0.0000000E+00
   1.5458734E+03   3.3000000E+01   2.8000000E+01   0.0000000E+00   0.0000000E+00
   1.5458810E+03   4.1000000E+01   3.4000000E+01   0.0000000E+00   0.0000000E+00
   1.5458885E+03   3.7000000E+01   3.3000000E+01   0.0000000E+00   0.0000000E+00
   1.5458960E+03   2.5000000E+01   2.2000000E+01   0.0000000E+00   0.0000000E+00
   1.5459035E+03   3.8000000E+01   3.4000000E+01   0.0000000E+00   0.0000000E+00
   1.5459111E+03   4.8000000E+01   3.6000000E+01   0.0000000E+00   0.0000000E+00
   1.5459186E+03   4.4000000E+01   3.5000000E+01   0.0000000E+00   0.0000000E+00
   1.5459261E+03   5.2000000E+01   3.7000000E+01   0.0000000E+00   0.0000000E+00
   1.5459337E+03   6.8000000E+01   4.2000000E+01   0.0000000E+00   0.0000000E+00
   1.5459412E+03   5.9000000E+01   4.9000000E+01   0.0000000E+00   0.0000000E+00
   1.5459487E+03   5.4000000E+01   3.9000000E+01   0.0000000E+00   0.0000000E+00
   1.5459562E+03   6.3000000E+01   5.0000000E+01   0.0000000E+00   0.0000000E+00
   1.5459638E+03   5.4000000E+01   4.5000000E+01   0.0000000E+00   0.0000000E+00
   1.5459713E+03   5.8000000E+01   4.4000000E+01   2.1624625E-03   2.8505188E-03
   1.5459788E+03   7.2000000E+01   6.3000000E+01   0.0000000E+00   0.0000000E+00
   1.5459864E+03   6.5000000E+01   5.1000000E+01   0.0000000E+00   0.0000000E+00
   1.5459939E+03   5.8000000E+01   4.6000000E+01   9.2187188E-03   0.0000000E+00
   1.5460014E+03   6.5000000E+01   5.2000000E+01   0.0000000E+00   0.0000000E+00
   1.5460089E+03   9.0000000E+01   6.5000000E+01   0.0000000E+00   0.0000000E+00
   1.5460165E+03   6.7000000E+01   5.1000000E+01   0.0000000E+00   0.0000000E+00
   1.5460240E+03   8.7000000E+01   6.8000000E+01   0.0000000E+00   0.0000000E+00
   1.5460315E+03   8.7000000E+01   7.1000000E+01   8.2727497E-03   1.0137031E-02
   1.5460391E+03   8.6000000E+01   6.5000000E+01   0.0000000E+00   0.0000000E+00
   1.5460466E+03   1.0700000E+02   9.1000000E+01   0.0000000E+00   0.0000000E+00
   1.5460541E+03   9.7000000E+01   7.4000000E+01   0.0000000E+00   0.0000000E+00
   1.5460616E+03   9.9000000E+01   8.1000000E+01   1.4817337E-03   0.0000000E+00
   1.5460692E+03   1.3600000E+02   9.8000000E+01   0.0000000E+00   0.0000000E+00
   1.5460767E+03   1.1500000E+02   9.3000000E+01   0.0000000E+00   0.0000000E+00
   1.5460842E+03   1.3400000E+02   1.1400000E+02   0.0000000E+00   0.0000000E+00
   1.5460917E+03   1.4200000E+02   1.1000000E+02   5.3523606E-03   6.9094109E-03
   1.5460993E+03   1.3200000E+02   1.0600000E+02   0.0000000E+00   0.0000000E+00
   1.5461068E+03   1.2400000E+02   8.9000000E+01   0.0000000E+00   0.0000000E+00
   1.5461143E+03   1.3800000E+02   9.7000000E+01   0.0000000E+00   0.0000000E+00
   1.5461219E+03   1.5700000E+02   1.2600000E+02   0.0000000E+00   0.0000000E+00
   1.5461294E+03   1.6700000E+02   1.3900000E+02   1.4426200E-04   0.0000000E+00
   1.5461369E+03   1.5700000E+02   1.1700000E+02   0.0000000E+00   0.0000000E+00
   1.5461444E+03   1.6100000E+02   1.2600000E+02   0.0000000E+00   0.0000000E+00
   1.5461520E+03   1.8000000E+02   1.3900000E+02   3.9764157E-03   0.0000000E+00
   1.5461595E+03   1.7700000E+02   1.3200000E+02   1.1840970E-04   0.0000000E+00
   1.5461670E+03   1.8100000E+02   1.4900000E+02   4.0185590E-03   4.8816052E-03
   1.5461746E+03   1.9500000E+02   1.5500000E+02   1.1114111E-04   1.3982269E-04
   1.5461821E+03   1.9900000E+02   1.4800000E+02   0.0000000E+00   0.0000000E+00
   1.5461896E+03   2.1100000E+02   1.6200000E+02   2.0813674E-03   2.7109168E-03
   1.5461971E+03   2.1400000E+02   1.6600000E+02   0.0000000E+00   0.0000000E+00
   1.5462047E+03   2.6000000E+02   2.0700000E+02   0.0000000E+00   0.0000000E+00
   1.5462122E+03   2.3000000E+02   1.9000000E+02   0.0000000E+00   0.0000000E+00
   1.5462197E+03   2.5300000E+02   1.9000000E+02   0.0000000E+00   0.0000000E+00
   1.5462273E+03   2.3800000E+02   1.8300000E+02   0.0000000E+00   0.0000000E+00
   1.5462348E+03   2.3700000E+02   1.8800000E+02   1.2067529E-03   0.0000000E+00
   1.5462423E+03   3.1600000E+02   2.5400000E+02   0.0000000E+00   0.0000000E+00
   1.5462498E+03   3.2000000E+02   2.5500000E+02   0.0000000E+00   0.0000000E+00
   1.5462574E+03   3.1900000E+02   2.5100000E+02   0.0000000E+00   0.0000000E+00
   1.5462649E+03   2.7700000E+02   2.2700000E+02   1.2790618E-04   1.5607934E-04
   1.5462724E+03   3.3400000E+02   2.5700000E+02   0.0000000E+00   0.0000000E+00
   1.5462800E+03   3.7900000E+02   2.9000000E+02   1.5624840E-03   0.0000000E+00
   1.5462875E+03   3.5100000E+02   2.8800000E+02   1.3228279E-04   1.6121965E-04
   1.5462950E+03   3.4400000E+02   2.6300000E+02   2.2045488E-03   2.3306855E-03
   1.5463025E+03   3.8100000E+02   2.9300000E+02   2.0553006E-05   0.0000000E+00
   1.5463101E+03   3.9200000E+02   3.0400000E+02   3.5060471E-04   2.4112236E-04
   1.5463176E+03   4.0600000E+02   3.0700000E+02   7.4649059E-04   9.8721557E-04
   1.5463251E+03   4.1600000E+02   3.1600000E+02   2.4014515E-04   3.7390051E-04
   1.5463327E+03   4.5100000E+02   3.5800000E+02   8.2511692E-06   0.0000000E+00
   1.5463402E+03   4.6600000E+02   3.5800000E+02   4.4753686E-04   5.8254798E-04
   1.5463477E+03   4.8200000E+02   3.8100000E+02   1.4698558E-04   1.8595026E-04
   1.5463552E+03   4.9500000E+02   4.0100000E+02   0.0000000E+00   0.0000000E+00
   1.5463628E+03   5.1100000E+02   4.1200000E+02   6.0073709E-04   7.4508896E-04
   1.5463703E+03   5.2800000E+02   4.3500000E+02   0.0000000E+00   0.0000000E+00
   1.5463778E+03   5.0600000E+02   3.7900000E+02   2.4784293E-04   3.3089320E-04
   1.5463854E+03   5.4600000E+02   4.3300000E+02   2.7371745E-04   3.4514948E-04
   1.5463929E+03   5.4400000E+02   4.2100000E+02   1.8296003E-04   2.3641391E-04
   1.5464004E+03   5.8600000E+02   4.5400000E+02   5.1467397E-04   6.6431486E-04
   1.5464079E+03   6.4000000E+02   5.2400000E+02   3.0627210E-04   3.7407279E-04
   1.5464155E+03   6.3200000E+02   4.8700000E+02   2.7975334E-04   3.6304746E-04
   1.5464230E+03   6.4300000E+02   5.0400000E+02   8.4669343E-04   1.2263571E-03
   1.5464305E+03   6.3200000E+02   4.8200000E+02   7.9448167E-04   1.6620664E-04
   1.5464381E+03   7.0400000E+02   5.4700000E+02   2.0725324E-04   2.6673908E-04
   1.5464456E+03   7.0200000E+02   5.5600000E+02   1.3768313E-03   1.3057925E-03
   1.5464531E+03   7.3400000E+02   5.8200000E+02   4.8816878E-04   6.1566304E-04
   1.5464606E+03   7.7200000E+02   6.0300000E+02   8.2128019E-04   1.0374700E-03
   1.5464682E+03   8.2400000E+02   6.6100000E+02   8.4167028E-04   1.0492229E-03
   1.5464757E+03   8.4200000E+02   6.3400000E+02   1.1895495E-03   1.5798118E-03
   1.5464832E+03   7.8500000E+02   6.3000000E+02   1.5664172E-03   1.9518056E-03
   1.5464908E+03   9.0000000E+02   7.0800000E+02   1.0312226E-03   3.5929654E-04
   1.5464983E+03   8.9500000E+02   7.1100000E+02   1.2029096E-03   1.5163878E-03
   1.5465058E+03   9.3100000E+02   7.5700000E+02   7.0838021E-05   3.6621944E-05
   1.5465133E+03   9.2000000E+02   7.0500000E+02   6.3662924E-04   4.2223018E-04
   1.5465209E+03   9.8300000E+02   7.6600000E+02   4.0165015E-04   5.4692873E-04
   1.5465284E+03   1.0020000E+03   7.8600000E+02   1.5813104E-03   1.2172820E-03
   1.5465359E+03   1.0530000E+03   8.2400000E+02   5.7296211E-04   7.3219552E-04
   1.5465434E+03   1.0900000E+03   8.7600000E+02   4.1405772E-04   4.5522173E-04
   1.5465510E+03   1.0870000E+03   8.6600000E+02   7.3418552E-04   1.0339109E-03
   1.5465585E+03   1.1200000E+03   8.9000000E+02   5.4560294E-04   6.8660146E-04
   1.5465660E+03   1.1690000E+03   9.3600000E+02   1.3073655E-03   1.2047467E-03
   1.5465736E+03   1.2560000E+03   9.9900000E+02   7.7678424E-04   9.7577259E-04
   1.5465811E+03   1.2510000E+03   9.9100000E+02   7.1910109E-04   9.0776535E-04
   1.5465886E+03   1.3440000E+03   1.0630000E+03   8.0905998E-04   8.5782375E-04
   1.5465961E+03   1.4400000E+03   1.1360000E+03   1.0141008E-03   7.5531816E-04
   1.5466037E+03   1.3390000E+03   1.0770000E+03   2.8781261E-04   1.3050614E-04
   1.5466112E+03   1.4450000E+03   1.1710000E+03   5.4709441E-04   6.6248114E-04
   1.5466187E+03   1.4650000E+03   1.1800000E+03   4.9222271E-04   4.8806900E-04
   1.5466263E+03   1.5300000E+03   1.2300000E+03   6.4843282E-04   8.0658716E-04
   1.5466338E+03   1.6170000E+03   1.2620000E+03   4.7572283E-04   2.4882911E-04
   1.5466413E+03   1.6100000E+03   1.2730000E+03   4.2680425E-04   4.4587254E-04
   1.5466488E+03   1.5740000E+03   1.2760000E+03   1.7425486E-04   3.2638611E-04
   1.5466564E+03   1.6730000E+03   1.3580000E+03   2.5181775E-04   4.1642101E-04
   1.5466639E+03   1.7410000E+03   1.3700000E+03   4.0319812E-04   9.4415114E-04
   1.5466714E+03   1.7990000E+03   1.4630000E+03   9.3083431E-04   1.3516912E-03
   1.5466790E+03   1.8160000E+03   1.4470000E+03   2.3859229E-04   2.0423500E-04
   1.5466865E+03   1.8640000E+03   1.4960000E+03   6.1251327E-04   3.9803710E-04
   1.5466940E+03   1.9400000E+03   1.5550000E+03   4.6498394E-04   5.3697810E-04
   1.5467015E+03   2.0580000E+03   1.6450000E+03   6.0030753E-04   7.5102304E-04
   1.5467091E+03   2.1060000E+03   1.7020000E+03   2.5664819E-04   3.0041056E-04
   1.5467166E+03   2.0520000E+03   1.6530000E+03   1.0411475E-03   1.1450935E-03
   1.5467241E+03   2.2020000E+03   1.7540000E+03   5.3701091E-04   3.2997213E-04
   1.5467317E+03   2.2100000E+03   1.7760000E+03   2.7439105E-04   3.2258906E-04
   1.5467392E+03   2.2900000E+03   1.8870000E+03   8.2517651E-04   6.5504514E-04
   1.5467467E+03   2.3460000E+03   1.8920000E+03   6.1712826E-04   8.8025080E-04
   1.5467542E+03   2.4770000E+03   1.9930000E+03   4.2408645E-04   4.4194714E-04
   1.5467618E+03   2.4860000E+03   2.0230000E+03   5.9670015E-04   7.5055062E-04
   1.5467693E+03   2.5870000E+03   2.0900000E+03   3.4011551E-04   3.8277837E-04
   1.5467768E+03   2.6930000E+03   2.2070000E+03   2.7532335E-04   6.3556102E-05
   1.5467844E+03   2.6260000E+03   2.1380000E+03   5.6398829E-04   3.5796236E-04
   1.5467919E+03   2.8120000E+03   2.2830000E+03   3.9765914E-04   5.0606839E-04
   1.5467994E+03   2.7670000E+03   2.2670000E+03   2.7286178E-04   3.8449919E-04
   1.5468069E+03   2.8900000E+03   2.3530000E+03   1.3736902E-04   1.8295752E-04
   1.5468145E+03   2.9980000E+03   2.4000000E+03   2.4301571E-04   9.3687072E-05
   1.5468220E+03   3.0150000E+03   2.4400000E+03   1.2727408E-03   1.3440851E-03
   1.5468295E+03   3.1380000E+03   2.5490000E+03   6.0878014E-04   3.4671469E-04
   1.5468371E+03   3.2450000E+03   2.6350000E+03   5.3209586E-04   6.7260897E-04
   1.5468446E+03   3.2510000E+03   2.6610000E+03   3.0108373E-04   1.2158720E-04
   1.5468521E+03   3.3170000E+03   2.6800000E+03   8.5500045E-04   6.2802134E-04
   1.5468596E+03   3.3270000E+03   2.7520000E+03   1.6830944E-04   3.3069446E-04
   1.5468672E+03   3.4840000E+03   2.8480000E+03   2.2706466E-04   3.4051032E-04
   1.5468747E+03   3.6030000E+03   2.9880000E+03   3.6044401E-04   4.5232848E-05
   1.5468822E+03   3.6960000E+03   3.0640000E+03   3.5992244E-04   3.7646800E-04
   1.5468898E+03   3.8700000E+03   3.1800000E+03   3.8829980E-04   3.0896423E-04
   1.5468973E+03   3.8610000E+03   3.2310000E+03   8.5961141E-06   1.2162388E-04
   1.5469048E+03   3.8710000E+03   3.2180000E+03   3.1301254E-04   3.8847811E-04
   1.5469123E+03   3.8960000E+03   3.2520000E+03   1.1615234E-03   1.1740439E-03
   1.5469199E+03   4.0110000E+03   3.3380000E+03   1.8849106E-04   2.4327031E-04
   1.5469274E+03   4.1490000E+03   3.4680000E+03   4.7739532E-04   6.0474668E-04
   1.5469349E+03   4.0890000E+03   3.4890000E+03   7.9166257E-04   3.4652558E-04
   1.5469425E+03   4.0930000E+03   3.5880000E+03   5.4022473E-04   2.2722268E-04
   1.5469500E+03   4.1220000E+03   3.7240000E+03   1.3623138E-03   1.6014398E-03
   1.5469575E+03   4.0010000E+03   3.6740000E+03   4.5384295E-04   1.6103605E-04
   1.5469650E+03   4.0050000E+03   3.7660000E+03   6.6839276E-04   4.1879810E-04
   1.5469726E+03   3.9370000E+03   3.7800000E+03   3.7915484E-04   5.7285589E-04
   1.5469801E+03   3.7250000E+03   3.6440000E+03   6.8527415E-04   4.7896142E-04
   1.5469876E+03   3.6100000E+03   3.5510000E+03   7.5386279E-04   8.1972064E-04
   1.5469951E+03   3.5550000E+03   3.5260000E+03   1.0159803E-03   1.1727662E-03
   1.5470027E+03   3.3260000E+03   3.2890000E+03   5.9737111E-04   7.8602473E-04
   1.5470102E+03   3.2780000E+03   3.2620000E+03   2.1692176E-04   5.9352367E-04
   1.5470177E+03   3.1710000E+03   3.1620000E+03   1.7367572E-03   1.5142609E-03
   1.5470253E+03   3.0640000E+03   3.0480000E+03   1.4021078E-03   1.1222041E-03
   1.5470328E+03   3.0140000E+03   3.0010000E+03   1.7997371E-03   1.5913812E-03
   1.5470403E+03   2.8040000E+03   2.7920000E+03   1.4096860E-03   9.2442914E-04
   1.5470478E+03   2.7250000E+03   2.7110000E+03   1.7277741E-03   1.7688232E-03
   1.5470554E+03   2.5320000E+03   2.5200000E+03   1.1129597E-03   1.0739164E-03
   1.5470629E+03   2.4620000E+03   2.4470000E+03   1.2286429E-03   1.1685575E-03
   1.5470704E+03   2.3670000E+03   2.3530000E+03   2.2818403E-03   1.8413693E-03
   1.5470780E+03   2.2190000E+03   2.2100000E+03   6.3898409E-04   1.0004451E-03
   1.5470855E+03   2.0620000E+03   2.0530000E+03   3.6481288E-03   2.8953044E-03
   1.5470930E+03   2.1010000E+03   2.0880000E+03   2.7587340E-03   3.2865255E-03
   1.5471005E+03   1.9870000E+03   1.9800000E+03   2.0112332E-03   2.1238158E-03
   1.5471081E+03   2.0180000E+03   2.0050000E+03   1.4200852E-03   1.1298958E-03
   1.5471156E+03   1.8680000E+03   1.8580000E+03   1.8369260E-03   1.8086880E-03
   1.5471231E+03   1.8640000E+03   1.8500000E+03   4.0914659E-04   8.5666707E-04
   1.5471307E+03   1.8610000E+03   1.8460000E+03   3.0304968E-03   3.7475965E-03
   1.5471382E+03   1.7360000E+03   1.7130000E+03   3.7475281E-03   2.9150590E-03
   1.5471457E+03   1.7890000E+03   1.7790000E+03   4.6082530E-03   4.1403726E-03
   1.5471532E+03   1.7310000E+03   1.7070000E+03   1.3256502E-03   1.9666750E-03
   1.5471608E+03   1.6310000E+03   1.6060000E+03   4.0268021E-03   3.4930523E-03
   1.5471683E+03   1.6590000E+03   1.6220000E+03   3.2486319E-03   3.6401250E-03
   1.5471758E+03   1.6300000E+03   1.6060000E+03   7.9991022E-04   1.9879841E-03
   1.5471834E+03   1.5790000E+03   1.5390000E+03   2.8662197E-03   4.0456034E-03
   1.5471909E+03   1.6120000E+03   1.5560000E+03   1.4775744E-03   2.3910249E-03
   1.5471984E+03   1.5300000E+03   1.4520000E+03   1.9331586E-03   1.7311197E-03
   1.5472059E+03   1.5410000E+03   1.4750000E+03   4.2155975E-03   3.8652651E-03
   1.5472135E+03   1.5620000E+03   1.4790000E+03   3.9846153E-03   3.4043017E-03
   1.5472210E+03   1.5140000E+03   1.4110000E+03   4.1674786E-03   4.0317833E-03
   1.5472285E+03   1.5280000E+03   1.4130000E+03   3.5432541E-03   1.7551961E-03
   1.5472361E+03   1.5070000E+03   1.3820000E+03   6.2261429E-03   3.9579843E-03
   1.5472436E+03   1.5920000E+03   1.4410000E+03   4.5864722E-03   2.6641643E-03
   1.5472511E+03   1.5760000E+03   1.3950000E+03   5.0268097E-03   5.4009083E-03
   1.5472586E+03   1.5540000E+03   1.3850000E+03   2.6341821E-03   4.8811569E-03
   1.5472662E+03   1.6020000E+03   1.4000000E+03   4.4854201E-03   3.0090475E-03
   1.5472737E+03   1.6740000E+03   1.4460000E+03   7.5435079E-03   6.3899200E-03
   1.5472812E+03   1.7090000E+03   1.4640000E+03   5.0220276E-03   6.2364150E-03
   1.5472888E+03   1.7190000E+03   1.4870000E+03   1.0912654E-03   1.5702353E-03
   1.5472963E+03   1.7280000E+03   1.4440000E+03   5.5174940E-03   5.8361895E-03
   1.5473038E+03   1.7870000E+03   1.4960000E+03   3.5006748E-03   2.4544089E-03
   1.5473113E+03   1.8230000E+03   1.5110000E+03   8.4035496E-03   7.5237300E-03
   1.5473189E+03   1.9060000E+03   1.5770000E+03   8.8458531E-04   3.1572952E-03
   1.5473264E+03   1.9530000E+03   1.6330000E+03   5.3718775E-03   4.7331248E-03
   1.5473339E+03   1.9700000E+03   1.6030000E+03   4.9510247E-03   3.5331481E-03
   1.5473415E+03   2.0840000E+03   1.6830000E+03   2.3705231E-03   1.6854613E-03
   1.5473490E+03   2.1770000E+03   1.7520000E+03   3.2311907E-03   3.6274337E-03
   1.5473565E+03   2.2080000E+03   1.7610000E+03   8.2302935E-03   9.4412099E-03
   1.5473640E+03   2.2810000E+03   1.8500000E+03   8.2316882E-03   7.1447349E-03
   1.5473716E+03   2.4290000E+03   1.9370000E+03   2.2959191E-03   4.6683773E-03
   1.5473791E+03   2.5440000E+03   2.0780000E+03   2.6784972E-03   2.5374366E-03
   1.5473866E+03   2.4890000E+03   2.0240000E+03   6.3572729E-03   8.7651407E-03
   1.5473942E+03   2.6960000E+03   2.2030000E+03   2.9968323E-03   2.5459984E-03
   1.5474017E+03   2.7970000E+03   2.2670000E+03   5.3773421E-03   3.6999525E-03
   1.5474092E+03   2.9090000E+03   2.3820000E+03   4.1434720E-03   5.4206674E-03
   1.5474167E+03   2.9410000E+03   2.3830000E+03   7.7916036E-03   7.9956845E-03
   1.5474243E+03   3.0850000E+03   2.4990000E+03   3.6058073E-03   3.8998331E-03
   1.5474318E+03   3.2250000E+03   2.5880000E+03   1.1709909E-03   2.9491577E-03
   1.5474393E+03   3.2080000E+03   2.6210000E+03   9.7975027E-03   1.0855631E-02
   1.5474468E+03   3.2360000E+03   2.6650000E+03   4.6457321E-03   5.1405258E-03
   1.5474544E+03   3.5270000E+03   2.8450000E+03   3.7929950E-03   2.5653858E-03
   1.5474619E+03   3.5830000E+03   2.9730000E+03   1.5092134E-03   7.7352222E-04
   1.5474694E+03   3.7200000E+03   3.0590000E+03   4.3805444E-03   4.7525195E-03
   1.5474770E+03   4.0040000E+03   3.2840000E+03   4.2748312E-03   2.6943862E-03
   1.5474845E+03   3.9820000E+03   3.2650000E+03   3.5342864E-03   3.6358863E-03
   1.5474920E+03   4.1050000E+03   3.3810000E+03   8.1741879E-03   7.7060287E-03
   1.5474995E+03   4.1030000E+03   3.3870000E+03   1.0142296E-03   2.0321681E-03
   1.5475071E+03   4.4500000E+03   3.6760000E+03   8.6073576E-04   1.0036258E-03
   1.5475146E+03   4.4180000E+03   3.6090000E+03   2.7445936E-03   1.8446953E-03
   1.5475221E+03   4.5950000E+03   3.8360000E+03   2.4081916E-03   2.7225390E-03
   1.5475297E+03   4.7150000E+03   3.9160000E+03   1.6206487E-03   3.5313002E-03
   1.5475372E+03   4.9000000E+03   4.0280000E+03   3.0090428E-03   2.3515078E-04
   1.5475447E+03   5.1360000E+03   4.2700000E+03   2.7233351E-03   3.7209650E-03
   1.5475522E+03   5.3250000E+03   4.4090000E+03   9.0235849E-04   3.2551954E-04
   1.5475598E+03   5.3790000E+03   4.4120000E+03   6.5659353E-03   6.2243925E-03
   1.5475673E+03   5.7700000E+03   4.7820000E+03   2.9127078E-03   3.5015985E-03
   1.5475748E+03   5.6980000E+03   4.7320000E+03   4.0318956E-03   3.8405761E-03
   1.5475824E+03   5.9870000E+03   4.9720000E+03   2.3709047E-03   2.5884441E-03
   1.5475899E+03   6.2250000E+03   5.1550000E+03   2.1206154E-03   2.7020822E-03
   1.5475974E+03   6.2720000E+03   5.2350000E+03   2.7106225E-03   4.8637163E-03
   1.5476049E+03   6.5630000E+03   5.4450000E+03   3.2046359E-03   4.7733840E-03
   1.5476125E+03   6.6690000E+03   5.5440000E+03   2.9542846E-03   2.4975928E-03
   1.5476200E+03   7.0030000E+03   5.8100000E+03   2.6152931E-03   4.5461239E-03
   1.5476275E+03   7.2090000E+03   6.0240000E+03   1.5548205E-03   1.1646347E-03
   1.5476351E+03   7.2070000E+03   5.9740000E+03   2.9182750E-03   3.3231601E-03
   1.5476426E+03   7.5870000E+03   6.3640000E+03   1.1437451E-03   5.2441089E-04
   1.5476501E+03   7.6860000E+03   6.3540000E+03   6.2394192E-04   2.6617553E-04
   1.5476576E+03   7.8710000E+03   6.5310000E+03   2.2041610E-03   4.0651760E-03
   1.5476652E+03   8.1230000E+03   6.7440000E+03   3.8814849E-03   3.3605183E-03
   1.5476727E+03   8.5930000E+03   7.0750000E+03   3.7450739E-03   3.9441509E-03
   1.5476802E+03   8.6260000E+03   7.1570000E+03   4.7809511E-03   4.2911158E-03
   1.5476878E+03   9.0460000E+03   7.4370000E+03   2.1460585E-03   3.4455075E-03
   1.5476953E+03   9.3230000E+03   7.6950000E+03   3.6635671E-03   3.1238132E-03
   1.5477028E+03   9.4420000E+03   7.7380000E+03   2.4843743E-03   3.2074114E-03
   1.5477103E+03   9.7850000E+03   8.0280000E+03   1.8703107E-03   1.8444973E-03
   1.5477179E+03   1.0088000E+04   8.2610000E+03   2.3827650E-03   2.9147988E-03
   1.5477254E+03   1.0545000E+04   8.6000000E+03   5.4934406E-03   4.9958446E-03
   1.5477329E+03   1.0649000E+04   8.6690000E+03   2.9254907E-03   1.9491015E-03
   1.5477405E+03   1.0987000E+04   8.8580000E+03   2.2439812E-03   2.7489202E-03
   1.5477480E+03   1.1510000E+04   9.2790000E+03   1.8082631E-03   3.5985201E-03
   1.5477555E+03   1.1830000E+04   9.4760000E+03   2.2969413E-03   1.4706453E-03
   1.5477630E+03   1.2319000E+04   9.8470000E+03   2.7936472E-03   3.3250563E-03
   1.5477706E+03   1.2736000E+04   9.9690000E+03   3.3715923E-03   3.3811961E-03
   1.5477781E+03   1.2972000E+04   1.0129000E+04   1.9797972E-03   1.2837369E-03
   1.5477856E+03   1.3511000E+04   1.0457000E+04   1.7185248E-03   1.0611590E-03
   1.5477932E+03   1.4157000E+04   1.0937000E+04   2.8992103E-03   3.0418205E-03
   1.5478007E+03   1.4580000E+04   1.1169000E+04   2.7923280E-03   9.7039887E-04
   1.5478082E+03   1.5020000E+04   1.1371000E+04   4.0010420E-03   4.5744853E-03
   1.5478157E+03   1.5563000E+04   1.1724000E+04   1.9379593E-03   3.6902397E-03
   1.5478233E+03   1.6632000E+04   1.2460000E+04   2.8720537E-03   2.3753538E-03
   1.5478308E+03   1.7020000E+04   1.2611000E+04   9.7519354E-04   2.1094323E-03
   1.5478383E+03   1.7646000E+04   1.3030000E+04   1.3511061E-03   1.1044037E-03
   1.5478459E+03   1.8179000E+04   1.3373000E+04   4.1695099E-03   4.0628784E-03
   1.5478534E+03   1.9048000E+04   1.4104000E+04   3.2433793E-03   3.0875486E-03
   1.5478609E+03   1.9266000E+04   1.4206000E+04   1.5700742E-03   2.1764525E-03
   1.5478684E+03   1.9996000E+04   1.4798000E+04   3.6619842E-03   3.5758741E-03
   1.5478760E+03   2.0649000E+04   1.5363000E+04   5.6584862E-04   2.3972594E-03
   1.5478835E+03   2.1256000E+04   1.5907000E+04   2.3429374E-03   1.3180121E-03
   1.5478910E+03   2.1781000E+04   1.6534000E+04   1.1092605E-03   2.9667747E-03
   1.5478985E+03   2.2222000E+04   1.7032000E+04   7.3802582E-04   1.3097058E-03
   1.5479061E+03   2.2816000E+04   1.7648000E+04   1.1632972E-03   1.6180709E-03
   1.5479136E+03   2.3000000E+04   1.7965000E+04   1.3319145E-03   1.3729810E-03
   1.5479211E+03   2.3767000E+04   1.8739000E+04   1.2929299E-03   2.7166790E-03
   1.5479287E+03   2.4275000E+04   1.9371000E+04   4.2952147E-03   4.5346968E-03
   1.5479362E+03   2.4662000E+04   1.9856000E+04   1.1183046E-03   1.4973887E-03
   1.5479437E+03   2.5130000E+04   2.0435000E+04   2.6740838E-03   2.4589798E-03
   1.5479512E+03   2.5292000E+04   2.0783000E+04   1.0113690E-03   3.4464143E-04
   1.5479588E+03   2.5964000E+04   2.1355000E+04   1.5816046E-03   1.8450668E-03
   1.5479663E+03   2.6533000E+04   2.1894000E+04   2.0978029E-03   2.3626516E-03
   1.5479738E+03   2.6660000E+04   2.2262000E+04   1.9815337E-04   7.0522363E-04
   1.5479814E+03   2.7022000E+04   2.2632000E+04   1.9088964E-03   2.8019492E-03
   1.5479889E+03   2.7147000E+04   2.2976000E+04   1.5068526E-03   1.5319900E-03
   1.5479964E+03   2.7518000E+04   2.3303000E+04   1.2664404E-03   9.3077446E-04
   1.5480039E+03   2.7951000E+04   2.3822000E+04   1.7349571E-03   1.6302438E-03
   1.5480115E+03   2.8412000E+04   2.4279000E+04   1.4378667E-03   8.3678236E-04
   1.5480190E+03   2.8514000E+04   2.4493000E+04   1.7043986E-03   1.1875279E-03
   1.5480265E+03   2.9280000E+04   2.5194000E+04   1.1389657E-03   1.3648145E-03
   1.5480341E+03   2.9288000E+04   2.5467000E+04   1.4155775E-03   1.3416684E-03
   1.5480416E+03   2.9557000E+04   2.5687000E+04   1.4496687E-03   1.6707477E-03
   1.5480491E+03   3.0236000E+04   2.6330000E+04   1.4678034E-03   1.0289962E-03
   1.5480566E+03   3.0062000E+04   2.6211000E+04   1.8603891E-03   1.4115939E-03
   1.5480642E+03   3.0482000E+04   2.6654000E+04   1.2857175E-04   4.2927484E-04
   1.5480717E+03   3.0851000E+04   2.7147000E+04   1.0839982E-03   1.0764462E-03
   1.5480792E+03   3.1158000E+04   2.7442000E+04   8.8525081E-04   8.5599341E-04
   1.5480868E+03   3.1572000E+04   2.7871000E+04   5.4020269E-04   8.6848789E-04
   1.5480943E+03   3.1696000E+04   2.7981000E+04   1.0682426E-03   1.7035463E-03
   1.5481018E+03   3.1902000E+04   2.8313000E+04   6.7912528E-04   1.3800142E-03
   1.5481093E+03   3.2403000E+04   2.8773000E+04   1.4290616E-03   1.0896697E-03
   1.5481169E+03   3.2371000E+04   2.8889000E+04   1.4912513E-03   2.1133078E-03
   1.5481244E+03   3.2548000E+04   2.9080000E+04   1.2133308E-03   1.2499851E-03
   1.5481319E+03   3.3158000E+04   2.9630000E+04   9.8394041E-04   1.3272648E-03
   1.5481395E+03   3.2969000E+04   2.9619000E+04   2.9050834E-03   2.9419561E-03
   1.5481470E+03   3.3378000E+04   2.9960000E+04   1.3937324E-03   9.6288364E-04
   1.5481545E+03   3.3684000E+04   3.0312000E+04   7.0331729E-04   1.1678793E-03
   1.5481620E+03   3.3619000E+04   3.0304000E+04   1.3933155E-03   1.4554260E-03
   1.5481696E+03   3.4273000E+04   3.0967000E+04   1.0978238E-03   8.0698033E-04
   1.5481771E+03   3.4067000E+04   3.0784000E+04   2.2358849E-03   2.3046087E-03
   1.5481846E+03   3.4466000E+04   3.1211000E+04   1.1453629E-03   1.4571735E-03
   1.5481922E+03   3.4464000E+04   3.1286000E+04   1.7673565E-04   5.1732135E-04
   1.5481997E+03   3.4773000E+04   3.1614000E+04   1.4830587E-03   1.5133780E-03
   1.5482072E+03   3.4863000E+04   3.1594000E+04   7.7436164E-04   8.2540495E-04
   1.5482147E+03   3.5387000E+04   3.2293000E+04   9.2099624E-04   8.1490925E-04
   1.5482223E+03   3.5425000E+04   3.2404000E+04   1.4420749E-03   1.4221217E-03
   1.5482298E+03   3.5502000E+04   3.2527000E+04   8.4069187E-04   7.4232275E-04
   1.5482373E+03   3.5532000E+04   3.2562000E+04   1.9530696E-03   1.9648084E-03
   1.5482449E+03   3.5845000E+04   3.2768000E+04   2.3002242E-04   6.8947193E-04
   1.5482524E+03   3.6028000E+04   3.3113000E+04   1.0564304E-03   1.2157223E-03
   1.5482599E+03   3.6280000E+04   3.3306000E+04   1.9543465E-03   1.8324803E-03
   1.5482674E+03   3.6378000E+04   3.3464000E+04   7.1576309E-04   7.6273701E-04
   1.5482750E+03   3.6643000E+04   3.3711000E+04   1.0039430E-03   1.1420483E-03
   1.5482825E+03   3.6572000E+04   3.3682000E+04   1.8063701E-03   1.7508655E-03
   1.5482900E+03   3.6575000E+04   3.3621000E+04   7.7607154E-04   9.9479933E-04
   1.5482976E+03   3.6559000E+04   3.3635000E+04   1.1494193E-03   1.2195825E-03
   1.5483051E+03   3.7137000E+04   3.4259000E+04   1.4964050E-03   1.7592737E-03
   1.5483126E+03   3.7016000E+04   3.4189000E+04   1.4846051E-03   1.0371601E-03
   1.5483201E+03   3.6871000E+04   3.4053000E+04   2.1130225E-03   2.0721552E-03
   1.5483277E+03   3.7386000E+04   3.4610000E+04   7.8912740E-04   1.1993942E-03
   1.5483352E+03   3.7365000E+04   3.4576000E+04   1.0553097E-03   9.8760022E-04
   1.5483427E+03   3.7536000E+04   3.4723000E+04   7.9459693E-04   8.7858380E-04
   1.5483502E+03   3.7803000E+04   3.4951000E+04   7.9983694E-04   1.1385175E-03
   1.5483578E+03   3.8042000E+04   3.5272000E+04   6.6433996E-04   1.3517755E-04
   1.5483653E+03   3.8279000E+04   3.5453000E+04   1.3851095E-03   1.5525946E-03
   1.5483728E+03   3.8056000E+04   3.5171000E+04   3.4762465E-04   5.1207448E-04
   1.5483804E+03   3.8321000E+04   3.5449000E+04   1.3450259E-03   1.3275068E-03
   1.5483879E+03   3.8239000E+04   3.5421000E+04   1.6149068E-03   1.5783024E-03
   1.5483954E+03   3.8167000E+04   3.5397000E+04   1.2513688E-03   1.0609059E-03
   1.5484029E+03   3.8251000E+04   3.5511000E+04   8.4279912E-04   5.7185535E-04
   1.5484105E+03   3.8681000E+04   3.5786000E+04   5.5776783E-04   5.1434544E-04
   1.5484180E+03   3.8706000E+04   3.5821000E+04   1.9148205E-03   2.0235112E-03
   1.5484255E+03   3.8973000E+04   3.6029000E+04   3.2717125E-04   1.1214149E-04
   1.5484331E+03   3.8628000E+04   3.5754000E+04   2.7551960E-03   2.5562745E-03
   1.5484406E+03   3.8770000E+04   3.5898000E+04   1.1549795E-03   1.1063444E-03
   1.5484481E+03   3.8925000E+04   3.6089000E+04   1.3004649E-03   1.5453367E-03
   1.5484556E+03   3.9151000E+04   3.6243000E+04   1.4469018E-03   1.0447599E-03
   1.5484632E+03   3.9254000E+04   3.6418000E+04   2.0470385E-03   1.9010675E-03
   1.5484707E+03   3.9027000E+04   3.6073000E+04   1.8747588E-03   1.8485352E-03
   1.5484782E+03   3.9370000E+04   3.6412000E+04   2.3532665E-04   4.0470630E-04
   1.5484858E+03   3.9196000E+04   3.6200000E+04   2.3027253E-03   2.0688812E-03
   1.5484933E+03   3.9512000E+04   3.6559000E+04   1.1184810E-03   1.3013671E-03
   1.5485008E+03   3.9410000E+04   3.6417000E+04   6.9731111E-04   6.2300379E-04
   1.5485083E+03   3.8826000E+04   3.5859000E+04   1.6058916E-03   1.8115800E-03
   1.5485159E+03   3.8891000E+04   3.5874000E+04   1.8324199E-03   1.2165346E-03
   1.5485234E+03   3.9272000E+04   3.6264000E+04   7.2044222E-04   6.3831343E-04
   1.5485309E+03   3.9043000E+04   3.5957000E+04   7.9829696E-04   1.0868398E-03
   1.5485385E+03   3.9431000E+04   3.6261000E+04   1.5210507E-03   1.6129806E-03
   1.5485460E+03   3.9103000E+04   3.6080000E+04   1.4701246E-03   1.8022946E-03
   1.5485535E+03   3.9205000E+04   3.6058000E+04   7.7967710E-04   7.6512900E-04
   1.5485610E+03   3.9085000E+04   3.5901000E+04   1.1899425E-03   1.2164111E-03
   1.5485686E+03   3.9156000E+04   3.5951000E+04   1.7919527E-03   1.6291211E-03
   1.5485761E+03   3.8748000E+04   3.5573000E+04   1.2062989E-03   1.0912090E-03
   1.5485836E+03   3.9108000E+04   3.5954000E+04   9.6472730E-04   7.0204653E-04
   1.5485912E+03   3.8563000E+04   3.5338000E+04   5.3317299E-04   3.3955086E-04
   1.5485987E+03   3.8845000E+04   3.5565000E+04   1.0635306E-03   4.1611468E-04
   1.5486062E+03   3.8756000E+04   3.5447000E+04   6.3392232E-04   1.2410452E-03
   1.5486137E+03   3.8621000E+04   3.5261000E+04   1.8147227E-04   4.9125424E-04
   1.5486213E+03   3.8457000E+04   3.4987000E+04   7.3175801E-04   7.9811038E-04
   1.5486288E+03   3.8644000E+04   3.5051000E+04   7.7161637E-04   4.8801020E-04
   1.5486363E+03   3.8412000E+04   3.4915000E+04   1.0791617E-03   1.1208059E-03
   1.5486439E+03   3.8566000E+04   3.4850000E+04   1.6579223E-03   1.6950687E-03
   1.5486514E+03   3.8287000E+04   3.4458000E+04   8.2520697E-04   5.2239942E-04
   1.5486589E+03   3.8136000E+04   3.4336000E+04   7.5107230E-04   7.8412359E-04
   1.5486664E+03   3.7830000E+04   3.3980000E+04   1.6622695E-03   1.7411464E-03
   1.5486740E+03   3.7848000E+04   3.3852000E+04   1.5525851E-03   2.0254474E-03
   1.5486815E+03   3.7350000E+04   3.3384000E+04   1.1889330E-03   8.9673964E-04
   1.5486890E+03   3.7420000E+04   3.3358000E+04   5.3119703E-04   7.6145476E-04
   1.5486966E+03   3.7418000E+04   3.3210000E+04   1.0568407E-03   7.3622336E-04
   1.5487041E+03   3.7329000E+04   3.2995000E+04   8.1117800E-04   4.4728184E-04
   1.5487116E+03   3.7229000E+04   3.2765000E+04   1.1152603E-03   9.4152874E-04
   1.5487191E+03   3.6791000E+04   3.2320000E+04   2.1029046E-03   2.8616498E-03
   1.5487267E+03   3.6415000E+04   3.1643000E+04   5.1269156E-04   3.9774525E-04
   1.5487342E+03   3.6162000E+04   3.1344000E+04   3.6474158E-04   3.7434430E-04
   1.5487417E+03   3.6079000E+04   3.1084000E+04   1.6566880E-03   1.5112177E-03
   1.5487493E+03   3.5227000E+04   3.0237000E+04   8.5112089E-04   6.8722293E-04
   1.5487568E+03   3.5369000E+04   3.0230000E+04   2.7477668E-04   4.4001112E-04
   1.5487643E+03   3.5143000E+04   2.9702000E+04   7.0294870E-04   5.9833478E-04
   1.5487718E+03   3.4791000E+04   2.9240000E+04   1.7103968E-03   2.0562081E-03
   1.5487794E+03   3.4225000E+04   2.8670000E+04   2.4501297E-03   2.2523392E-03
   1.5487869E+03   3.4107000E+04   2.8434000E+04   1.1161588E-03   1.0583777E-03
   1.5487944E+03   3.3650000E+04   2.7910000E+04   5.8252423E-04   8.0714669E-04
   1.5488019E+03   3.3273000E+04   2.7441000E+04   8.1817023E-04   8.1889952E-04
   1.5488095E+03   3.2413000E+04   2.6413000E+04   1.2782542E-03   5.6194883E-04
   1.5488170E+03   3.2206000E+04   2.6279000E+04   5.7620488E-04   6.5374189E-04
   1.5488245E+03   3.1734000E+04   2.5855000E+04   5.5663762E-04   9.8590463E-04
   1.5488321E+03   3.1117000E+04   2.5388000E+04   2.0020707E-03   1.8020186E-03
   1.5488396E+03   3.0528000E+04   2.4789000E+04   1.0202968E-03   5.4634620E-04
   1.5488471E+03   2.9838000E+04   2.4309000E+04   6.1493980E-04   9.7579898E-04
   1.5488546E+03   2.9092000E+04   2.3902000E+04   2.3478205E-03   2.4987919E-03
   1.5488622E+03   2.8626000E+04   2.3440000E+04   1.2556511E-03   7.1246442E-04
   1.5488697E+03   2.8138000E+04   2.3074000E+04   5.2480173E-04   1.3403866E-03
   1.5488772E+03   2.7552000E+04   2.2826000E+04   7.4448118E-04   1.3665249E-03
   1.5488848E+03   2.7232000E+04   2.2546000E+04   1.4966573E-03   1.6856812E-03
   1.5488923E+03   2.6449000E+04   2.1877000E+04   1.8667909E-03   1.3437262E-03
   1.5488998E+03   2.6053000E+04   2.1661000E+04   2.5094187E-04   4.3694311E-04
   1.5489073E+03   2.5453000E+04   2.1239000E+04   1.7108495E-03   1.7578592E-03
   1.5489149E+03   2.4840000E+04   2.0706000E+04   9.1595846E-04   8.5225173E-04
   1.5489224E+03   2.4200000E+04   2.0323000E+04   7.5055067E-04   1.1040077E-03
   1.5489299E+03   2.4097000E+04   2.0220000E+04   2.7629729E-04   6.5209504E-04
   1.5489375E+03   2.3766000E+04   2.0065000E+04   8.5688337E-05   7.4598992E-04
   1.5489450E+03   2.3247000E+04   1.9574000E+04   1.4445808E-03   1.1195829E-03
   1.5489525E+03   2.2591000E+04   1.8990000E+04   3.5945939E-04   9.3843177E-04
   1.5489600E+03   2.2379000E+04   1.8857000E+04   1.8191112E-04   1.9705128E-04
   1.5489676E+03   2.1989000E+04   1.8589000E+04   1.3161565E-03   1.0014163E-03
   1.5489751E+03   2.1423000E+04   1.8087000E+04   2.0139131E-03   2.2577195E-03
   1.5489826E+03   2.1260000E+04   1.7879000E+04   1.4433461E-03   1.5206671E-03
   1.5489902E+03   2.0804000E+04   1.7560000E+04   9.3186577E-04   1.4320026E-03
   1.5489977E+03   2.0172000E+04   1.7077000E+04   6.2749973E-04   1.2989291E-03
   1.5490052E+03   2.0024000E+04   1.6829000E+04   2.6158920E-03   2.3912807E-03
   1.5490127E+03   1.9847000E+04   1.6772000E+04   9.8947481E-04   1.5682124E-03
   1.5490203E+03   1.9622000E+04   1.6701000E+04   2.1736544E-03   2.1960093E-03
   1.5490278E+03   1.9058000E+04   1.6137000E+04   1.2956347E-03   1.2364876E-03
   1.5490353E+03   1.8729000E+04   1.5898000E+04   6.4543977E-04   1.5145342E-03
   1.5490429E+03   1.8348000E+04   1.5421000E+04   2.2351546E-03   2.8684928E-03
   1.5490504E+03   1.8013000E+04   1.5271000E+04   1.7412107E-03   1.3788085E-03
   1.5490579E+03   1.7821000E+04   1.5033000E+04   1.0508430E-03   1.0888042E-03
   1.5490654E+03   1.7500000E+04   1.4810000E+04   5.7682299E-04   7.2582542E-04
   1.5490730E+03   1.7097000E+04   1.4387000E+04   6.0312683E-04   9.8107890E-04
   1.5490805E+03   1.6885000E+04   1.4243000E+04   4.0214927E-04   9.2746373E-04
   1.5490880E+03   1.6669000E+04   1.3966000E+04   3.1899795E-03   3.3572637E-03
   1.5490956E+03   1.6159000E+04   1.3623000E+04   1.8822859E-03   3.1972440E-03
   1.5491031E+03   1.6053000E+04   1.3481000E+04   1.5934333E-03   1.6298334E-03
   1.5491106E+03   1.5982000E+04   1.3394000E+04   4.1502465E-04   6.4062279E-04
   1.5491181E+03   1.5459000E+04   1.2971000E+04   8.0589947E-04   1.2826396E-03
   1.5491257E+03   1.5023000E+04   1.2498000E+04   6.5200278E-04   8.0307382E-04
   1.5491332E+03   1.4722000E+04   1.2360000E+04   1.4616805E-03   2.0520230E-03
   1.5491407E+03   1.4581000E+04   1.2204000E+04   1.1620387E-03   9.6967879E-04
   1.5491483E+03   1.4356000E+04   1.1962000E+04   1.8871049E-03   2.5117384E-03
   1.5491558E+03   1.3829000E+04   1.1587000E+04   1.4913817E-03   1.0443411E-03
   1.5491633E+03   1.3606000E+04   1.1200000E+04   1.8546747E-03   2.1594825E-03
   1.5491708E+03   1.3359000E+04   1.1187000E+04   4.6480968E-04   8.9885821E-04
   1.5491784E+03   1.3284000E+04   1.1046000E+04   3.9674666E-04   2.5991259E-04
   1.5491859E+03   1.2745000E+04   1.0623000E+04   6.4235966E-04   4.9976317E-04
   1.5491934E+03   1.2416000E+04   1.0374000E+04   1.5378059E-03   1.2399372E-03
   1.5492010E+03   1.2341000E+04   1.0188000E+04   1.7338915E-03   2.3539506E-03
   1.5492085E+03   1.2141000E+04   1.0022000E+04   1.1421358E-03   1.3976657E-03
   1.5492160E+03   1.1725000E+04   9.6570000E+03   1.2304515E-03   1.8042062E-03
   1.5492235E+03   1.1813000E+04   9.7950000E+03   7.9094716E-04   1.1247925E-03
   1.5492311E+03   1.1240000E+04   9.3340000E+03   7.0907208E-04   2.0640763E-04
   1.5492386E+03   1.1277000E+04   9.3060000E+03   9.7680752E-04   1.3482884E-03
   1.5492461E+03   1.0970000E+04   9.0980000E+03   1.2430023E-03   9.4482155E-04
   1.5492536E+03   1.0793000E+04   8.8760000E+03   1.5217143E-03   1.6424623E-03
   1.5492612E+03   1.0642000E+04   8.7270000E+03   4.5119039E-04   7.3442102E-04
   1.5492687E+03   1.0335000E+04   8.4920000E+03   1.0995269E-03   1.1731990E-03
   1.5492762E+03   9.9320000E+03   8.1230000E+03   9.2720874E-04   2.3780307E-03
   1.5492838E+03   9.8200000E+03   8.0410000E+03   6.0231952E-04   1.0452977E-03
   1.5492913E+03   9.6210000E+03   7.8700000E+03   1.5889650E-03   1.4013733E-03
   1.5492988E+03   9.6260000E+03   7.8230000E+03   2.7294887E-03   1.9770632E-03
   1.5493063E+03   9.1210000E+03   7.4500000E+03   1.2753474E-03   1.8161996E-03
   1.5493139E+03   8.9040000E+03   7.2720000E+03   8.6377007E-04   1.1391615E-03
   1.5493214E+03   8.8100000E+03   7.1830000E+03   9.6181766E-04   8.7565818E-04
   1.5493289E+03   8.9480000E+03   7.3210000E+03   8.3100907E-04   1.5551169E-03
   1.5493365E+03   8.4590000E+03   6.8160000E+03   9.3664167E-04   8.5355900E-04
   1.5493440E+03   8.3630000E+03   6.7930000E+03   6.6363099E-04   1.0792170E-03
   1.5493515E+03   8.1260000E+03   6.5380000E+03   1.8396037E-04   7.8932555E-05
   1.5493590E+03   8.0450000E+03   6.4690000E+03   1.4621030E-03   1.1544038E-03
   1.5493666E+03   7.7570000E+03   6.2700000E+03   4.0423995E-04   8.2324052E-04
   1.5493741E+03   7.5750000E+03   6.1370000E+03   6.6113019E-04   4.2328856E-04
   1.5493816E+03   7.5930000E+03   6.1630000E+03   1.9796399E-04   5.9345914E-04
   1.5493892E+03   7.4310000E+03   6.0130000E+03   3.4386472E-04   2.1124507E-04
   1.5493967E+03   7.1620000E+03   5.8180000E+03   2.5465882E-05   4.8321796E-04
   1.5494042E+03   7.1640000E+03   5.8610000E+03   5.1105723E-04   4.8861444E-04
   1.5494117E+03   6.9660000E+03   5.7220000E+03   7.1645848E-04   4.9316017E-04
   1.5494193E+03   6.9350000E+03   5.7700000E+03   2.0365758E-04   6.3456807E-04
   1.5494268E+03   6.8980000E+03   5.6620000E+03   6.5291441E-04   3.4109035E-04
   1.5494343E+03   6.6140000E+03   5.4690000E+03   9.0407836E-05   1.6566123E-04
   1.5494419E+03   6.6940000E+03   5.4920000E+03   2.5919981E-04   1.0590025E-04
   1.5494494E+03   6.5010000E+03   5.3650000E+03   4.7812542E-04   2.4230443E-04
   1.5494569E+03   6.5300000E+03   5.4000000E+03   8.8331417E-04   7.7508373E-04
   1.5494644E+03   6.2100000E+03   5.0890000E+03   6.9294991E-04   6.4673349E-04
   1.5494720E+03   6.2980000E+03   5.2250000E+03   5.4647403E-04   4.4059841E-04
   1.5494795E+03   6.2790000E+03   5.2640000E+03   4.6576276E-04   5.9674876E-04
   1.5494870E+03   6.2480000E+03   5.1530000E+03   5.6815747E-04   7.1979437E-04
   1.5494946E+03   6.1520000E+03   5.0480000E+03   9.5484894E-05   7.1138736E-05
   1.5495021E+03   6.0170000E+03   5.0290000E+03   2.3481311E-04   4.7490793E-04
   1.5495096E+03   5.9320000E+03   4.9580000E+03   8.3867304E-05   2.2605432E-04
   1.5495171E+03   5.8500000E+03   4.9310000E+03   3.0146835E-04   2.9750267E-04
   1.5495247E+03   5.7640000E+03   4.9100000E+03   1.0286265E-04   1.7711519E-04
   1.5495322E+03   5.6600000E+03   4.9280000E+03   3.0105186E-04   2.9082369E-04
   1.5495397E+03   5.3020000E+03   4.6880000E+03   7.1549939E-04   7.0484994E-04
   1.5495473E+03   5.2790000E+03   4.8140000E+03   6.6680039E-04   8.0098476E-04
   1.5495548E+03   4.8920000E+03   4.5870000E+03   2.3609544E-04   2.0173190E-04
   1.5495623E+03   4.7170000E+03   4.5170000E+03   4.8492784E-04   5.2027993E-04
   1.5495698E+03   4.4450000E+03   4.3380000E+03   4.9394361E-04   5.0201077E-04
   1.5495774E+03   4.1720000E+03   4.1160000E+03   9.2690184E-04   9.5784741E-04
   1.5495849E+03   3.9660000E+03   3.9300000E+03   5.1345839E-04   5.1816772E-04
   1.5495924E+03   3.7950000E+03   3.7710000E+03   2.7037447E-04   2.7210856E-04
   1.5496000E+03   3.6520000E+03   3.6280000E+03   4.8539166E-04   4.8859986E-04
   1.5496075E+03   3.4040000E+03   3.3750000E+03   7.9589158E-04   8.0275468E-04
   1.5496150E+03   3.1080000E+03   3.0810000E+03   2.7202638E-04   2.7435918E-04
   1.5496225E+03   2.9430000E+03   2.9280000E+03   1.1478797E-03   1.1538203E-03
   1.5496301E+03   2.8820000E+03   2.8650000E+03   8.1800629E-04   8.2426991E-04
   1.5496376E+03   2.6630000E+03   2.6500000E+03   1.8369838E-04   1.8461829E-04
   1.5496451E+03   2.4220000E+03   2.4170000E+03   1.2384527E-03   1.2410223E-03
   1.5496527E+03   2.4200000E+03   2.4110000E+03   3.2159719E-04   3.2280401E-04
   1.5496602E+03   2.2000000E+03   2.1890000E+03   2.7113605E-04   2.7250858E-04
   1.5496677E+03   2.1230000E+03   2.1140000E+03   7.0238427E-04   7.0539557E-04
   1.5496752E+03   2.0120000E+03   2.0090000E+03   5.0772274E-04   5.0847914E-04
   1.5496828E+03   1.9740000E+03   1.9580000E+03   6.8603086E-04   6.9161847E-04
   1.5496903E+03   1.7630000E+03   1.7520000E+03   5.7228549E-05   5.7630286E-05
   1.5496978E+03   1.7250000E+03   1.7080000E+03   1.1569400E-03   1.1684036E-03
   1.5497053E+03   1.6410000E+03   1.6270000E+03   9.4077869E-04   9.4882757E-04
   1.5497129E+03   1.5760000E+03   1.5610000E+03   1.0673244E-03   1.0775240E-03
   1.5497204E+03   1.5280000E+03   1.5080000E+03   1.1543862E-03   1.1692678E-03
   1.5497279E+03   1.5030000E+03   1.4810000E+03   1.0812935E-03   1.0969491E-03
   1.5497355E+03   1.4530000E+03   1.4360000E+03   1.1669358E-03   1.1811192E-03
   1.5497430E+03   1.3740000E+03   1.3480000E+03   1.2545133E-03   1.2786719E-03
   1.5497505E+03   1.3810000E+03   1.3530000E+03   1.0991651E-03   1.1217485E-03
   1.5497580E+03   1.2920000E+03   1.2590000E+03   2.2595628E-03   2.3186505E-03
   1.5497656E+03   1.2720000E+03   1.2500000E+03   1.8484493E-03   1.8810113E-03
   1.5497731E+03   1.2580000E+03   1.2130000E+03   7.3379733E-04   7.6109434E-04
   1.5497806E+03   1.1950000E+03   1.1480000E+03   7.6195208E-04   7.9244640E-04
   1.5497882E+03   1.2260000E+03   1.1720000E+03   7.2401553E-04   7.5719136E-04
   1.5497957E+03   1.1900000E+03   1.1240000E+03   1.0777775E-03   1.1463038E-03
   1.5498032E+03   1.1870000E+03   1.1030000E+03   2.3473599E-03   2.5264347E-03
   1.5498107E+03   1.1270000E+03   1.0370000E+03   1.5408286E-03   1.6751489E-03
   1.5498183E+03   1.1910000E+03   1.0880000E+03   1.2849049E-03   1.3698897E-03
   1.5498258E+03   1.0890000E+03   9.9400000E+02   1.0877311E-03   1.1920404E-03
   1.5498333E+03   1.1160000E+03   9.8900000E+02   1.3096791E-03   1.4784937E-03
   1.5498409E+03   1.1170000E+03   1.0110000E+03   1.0879217E-04   1.6943931E-04
   1.5498484E+03   1.1770000E+03   1.0440000E+03   1.1670741E-03   1.3161817E-03
   1.5498559E+03   1.2270000E+03   1.0770000E+03   1.6839680E-03   1.9271540E-03
   1.5498634E+03   1.2320000E+03   1.0720000E+03   2.3622964E-03   2.7095889E-03
   1.5498710E+03   1.2300000E+03   1.0550000E+03   2.0570496E-03   2.4366677E-03
   1.5498785E+03   1.2740000E+03   1.1060000E+03   1.9406962E-03   2.1917092E-03
   1.5498860E+03   1.2370000E+03   1.0680000E+03   4.5386535E-04   5.5479359E-04
   1.5498936E+03   1.2780000E+03   1.0640000E+03   8.2356531E-04   1.0555246E-03
   1.5499011E+03   1.3740000E+03   1.1500000E+03   1.8610440E-03   2.2187957E-03
   1.5499086E+03   1.4150000E+03   1.1800000E+03   2.1009047E-03   2.5375515E-03
   1.5499161E+03   1.3880000E+03   1.1740000E+03   6.6313797E-04   8.2452369E-04
   1.5499237E+03   1.4580000E+03   1.2030000E+03   2.4417241E-04   3.4156913E-04
   1.5499312E+03   1.4920000E+03   1.2570000E+03   7.6499545E-04   9.7304300E-04
   1.5499387E+03   1.5080000E+03   1.2780000E+03   7.8954937E-04   9.1750450E-04
   1.5499463E+03   1.5290000E+03   1.3000000E+03   3.3990757E-04   3.6619885E-04
   1.5499538E+03   1.6030000E+03   1.3350000E+03   8.0560572E-04   9.1484624E-04
   1.5499613E+03   1.7100000E+03   1.4300000E+03   1.0521591E-03   1.2302068E-03
   1.5499688E+03   1.7360000E+03   1.4310000E+03   3.1539890E-04   4.0087519E-04
   1.5499764E+03   1.8000000E+03   1.5280000E+03   5.7984180E-04   6.8168146E-04
   1.5499839E+03   1.8960000E+03   1.5920000E+03   3.8487883E-04   4.9765486E-04
   1.5499914E+03   1.7890000E+03   1.4850000E+03   4.6969933E-04   6.1531818E-04
   1.5499990E+03   1.9170000E+03   1.6070000E+03   4.5075808E-04   5.1805257E-04
   1.5500065E+03   1.9210000E+03   1.6260000E+03   6.5870788E-04   7.9987017E-04
   1.5500140E+03   1.9890000E+03   1.6570000E+03   2.6092353E-04   2.9731376E-04
   1.5500215E+03   2.0740000E+03   1.7350000E+03   5.4381536E-04   6.4151527E-04
   1.5500291E+03   2.0740000E+03   1.7480000E+03   1.3184378E-04   1.3846228E-04
   1.5500366E+03   2.2060000E+03   1.8340000E+03   2.5614254E-04   3.4985705E-04
   1.5500441E+03   2.2180000E+03   1.8940000E+03   5.6617401E-04   7.3746177E-04
   1.5500517E+03   2.3490000E+03   1.9520000E+03   2.8427529E-04   3.0389379E-04
   1.5500592E+03   2.3520000E+03   1.9410000E+03   6.4938159E-04   7.2299935E-04
   1.5500667E+03   2.4610000E+03   2.0490000E+03   1.2069242E-04   1.9803870E-04
   1.5500742E+03   2.4960000E+03   2.1050000E+03   1.2945195E-04   1.1460027E-04
   1.5500818E+03   2.5800000E+03   2.1510000E+03   1.4970214E-04   1.2086161E-04
   1.5500893E+03   2.6760000E+03   2.2530000E+03   1.4852400E-04   1.1951490E-04
   1.5500968E+03   2.6880000E+03   2.2620000E+03   4.0451240E-04   3.6755829E-04
   1.5501044E+03   2.8270000E+03   2.3890000E+03   2.4049745E-04   2.7978575E-04
   1.5501119E+03   2.8270000E+03   2.3680000E+03   2.6920681E-04   1.7039454E-04
   1.5501194E+03   2.9660000E+03   2.4950000E+03   1.1312263E-04   8.6465425E-05
   1.5501269E+03   3.0830000E+03   2.6210000E+03   3.7833765E-04   2.8958786E-04
   1.5501345E+03   3.0790000E+03   2.5920000E+03   3.2558672E-04   3.8227843E-04
   1.5501420E+03   3.2470000E+03   2.7610000E+03   1.7788942E-04   2.2643876E-04
   1.5501495E+03   3.2310000E+03   2.6930000E+03   2.6901728E-04   3.6944954E-04
   1.5501571E+03   3.2710000E+03   2.7910000E+03   6.9622200E-05   1.3353168E-04
   1.5501646E+03   3.5060000E+03   2.9340000E+03   1.5710791E-04   1.3410324E-04
   1.5501721E+03   3.6230000E+03   2.9930000E+03   3.8441045E-04   5.3330368E-04
   1.5501796E+03   3.7050000E+03   3.1370000E+03   9.2784396E-05   1.4300664E-04
   1.5501872E+03   3.7310000E+03   3.2060000E+03   1.9178312E-04   2.7379037E-04
   1.5501947E+03   3.8570000E+03   3.2600000E+03   2.0203767E-04   1.0296809E-04
   1.5502022E+03   3.8780000E+03   3.2770000E+03   6.3175018E-05   1.0468298E-04
   1.5502097E+03   3.9940000E+03   3.4030000E+03   1.3104416E-04   1.0615666E-04
   1.5502173E+03   4.1270000E+03   3.4730000E+03   5.5511280E-05   1.6533015E-04
   1.5502248E+03   4.2740000E+03   3.5800000E+03   6.0702169E-05   3.6931996E-05
   1.5502323E+03   4.4750000E+03   3.7650000E+03   1.9641508E-04   1.8633333E-04
   1.5502399E+03   4.4860000E+03   3.7920000E+03   1.9951618E-04   2.8330342E-04
   1.5502474E+03   4.7550000E+03   3.9630000E+03   1.4332248E-04   1.6584093E-04
   1.5502549E+03   4.7520000E+03   3.9930000E+03   1.3351149E-04   1.7152900E-04
   1.5502624E+03   4.9990000E+03   4.1770000E+03   1.9523737E-04   2.2615341E-04
   1.5502700E+03   5.0590000E+03   4.2070000E+03   1.8452258E-04   2.2990731E-04
   1.5502775E+03   5.1530000E+03   4.2870000E+03   6.3693410E-05   1.1455569E-04
   1.5502850E+03   5.1590000E+03   4.2560000E+03   7.3431000E-05   6.7605609E-05
   1.5502926E+03   5.4140000E+03   4.4500000E+03   1.9518449E-05   4.6966716E-05
   1.5503001E+03   5.5520000E+03   4.5720000E+03   3.3348214E-04   2.8435589E-04
   1.5503076E+03   5.7370000E+03   4.7080000E+03   1.6594806E-04   9.2980391E-05
   1.5503151E+03   5.9030000E+03   4.8500000E+03   2.6639942E-04   1.5842828E-04
   1.5503227E+03   6.0690000E+03   4.9530000E+03   3.1188791E-04   3.7091314E-04
   1.5503302E+03   6.2580000E+03   5.1280000E+03   4.0962871E-05   8.7211644E-05
   1.5503377E+03   6.5510000E+03   5.3200000E+03   1.7027088E-04   1.0624418E-04
   1.5503453E+03   6.6570000E+03   5.3450000E+03   3.5250779E-05   6.5881118E-05
   1.5503528E+03   7.0220000E+03   5.6360000E+03   1.8538322E-04   2.5329938E-04
   1.5503603E+03   7.1530000E+03   5.7340000E+03   1.4501441E-04   5.0896029E-05
   1.5503678E+03   7.5190000E+03   5.9150000E+03   1.0638948E-04   1.5228832E-04
   1.5503754E+03   7.6560000E+03   5.9410000E+03   1.6917206E-04   1.7179548E-04
   1.5503829E+03   8.0160000E+03   6.2130000E+03   1.7580812E-04   1.2856998E-04
   1.5503904E+03   8.2880000E+03   6.3570000E+03   1.0450659E-04   1.6386188E-04
   1.5503980E+03   8.6720000E+03   6.5390000E+03   9.2940828E-05   3.6582971E-05
   1.5504055E+03   8.8080000E+03   6.5830000E+03   9.6901649E-05   1.3037426E-04
   1.5504130E+03   8.8890000E+03   6.7380000E+03   6.5443540E-05   4.6644453E-05
   1.5504205E+03   9.5490000E+03   7.2000000E+03   1.0518212E-04   1.5528898E-04
   1.5504281E+03   9.9060000E+03   7.4870000E+03   1.0611697E-04   5.9452740E-05
   1.5504356E+03   1.0144000E+04   7.5580000E+03   2.3625316E-04   1.8346094E-04
   1.5504431E+03   1.0283000E+04   7.7800000E+03   1.4379615E-04   1.4302689E-04
   1.5504507E+03   1.0645000E+04   8.0210000E+03   1.3440594E-04   1.3072095E-04
   1.5504582E+03   1.1004000E+04   8.4350000E+03   1.3657432E-04   1.4861907E-04
   1.5504657E+03   1.1300000E+04   8.6490000E+03   9.2970380E-05   5.1300405E-05
   1.5504732E+03   1.1523000E+04   8.8920000E+03   1.3513736E-04   1.5632344E-04
   1.5504808E+03   1.1686000E+04   9.2250000E+03   7.8193670E-05   1.5472034E-04
   1.5504883E+03   1.1919000E+04   9.3100000E+03   1.9113953E-04   3.0768026E-04
   1.5504958E+03   1.2241000E+04   9.7080000E+03   1.6929015E-04   1.7545695E-04
   1.5505034E+03   1.2354000E+04   9.9180000E+03   9.1894265E-05   8.2344789E-05
   1.5505109E+03   1.2752000E+04   1.0346000E+04   9.8766181E-05   7.6694246E-05
   1.5505184E+03   1.2883000E+04   1.0533000E+04   1.5381178E-04   1.2365681E-04
   1.5505259E+03   1.3075000E+04   1.0772000E+04   3.6506276E-05   6.8893733E-05
   1.5505335E+03   1.3426000E+04   1.1071000E+04   1.4700897E-04   1.9138684E-04
   1.5505410E+03   1.3575000E+04   1.1328000E+04   6.3273117E-05   1.7137168E-05
   1.5505485E+03   1.3525000E+04   1.1348000E+04   1.4143877E-04   1.3454090E-04
   1.5505561E+03   1.3855000E+04   1.1725000E+04   2.1048807E-05   6.9300755E-05
   1.5505636E+03   1.3866000E+04   1.1809000E+04   2.6319939E-04   1.8626343E-04
   1.5505711E+03   1.4387000E+04   1.2234000E+04   1.2029248E-04   2.1455055E-05
   1.5505786E+03   1.4454000E+04   1.2427000E+04   5.0523072E-05   8.9509879E-05
   1.5505862E+03   1.4634000E+04   1.2517000E+04   2.0377461E-04   2.0174223E-04
   1.5505937E+03   1.4689000E+04   1.2714000E+04   5.6811606E-05   3.1902801E-05
   1.5506012E+03   1.4743000E+04   1.2719000E+04   1.4971859E-04   1.3751906E-04
   1.5506087E+03   1.4979000E+04   1.2970000E+04   1.0760688E-04   7.3925896E-05
   1.5506163E+03   1.5272000E+04   1.3348000E+04   1.1044394E-04   1.0840176E-04
   1.5506238E+03   1.5279000E+04   1.3345000E+04   9.8532155E-05   5.6812114E-05
   1.5506313E+03   1.5689000E+04   1.3799000E+04   6.8978224E-05   4.5325945E-05
   1.5506389E+03   1.5809000E+04   1.3800000E+04   1.9580174E-04   2.0143071E-04
   1.5506464E+03   1.5836000E+04   1.4002000E+04   2.0387251E-04   1.8964803E-04
   1.5506539E+03   1.5867000E+04   1.4042000E+04   4.0320902E-05   7.7304485E-05
   1.5506614E+03   1.5963000E+04   1.4171000E+04   1.1143720E-04   1.0806237E-04
   1.5506690E+03   1.6027000E+04   1.4206000E+04   1.1550212E-04   1.0880651E-04
   1.5506765E+03   1.6244000E+04   1.4383000E+04   1.4174590E-04   1.4916754E-04
   1.5506840E+03   1.6418000E+04   1.4637000E+04   1.0036885E-04   1.5955698E-04
   1.5506916E+03   1.6596000E+04   1.4791000E+04   2.0391727E-04   1.6641574E-04
   1.5506991E+03   1.6579000E+04   1.4874000E+04   7.3439242E-05   8.6119583E-05
   1.5507066E+03   1.6884000E+04   1.5136000E+04   4.6801450E-05   3.8970241E-05
   1.5507141E+03   1.7335000E+04   1.5606000E+04   3.6051562E-05   2.9211338E-05
   1.5507217E+03   1.7129000E+04   1.5418000E+04   2.6294164E-04   3.3829643E-04
   1.5507292E+03   1.6970000E+04   1.5312000E+04   1.2837707E-04   1.6189589E-04
   1.5507367E+03   1.7391000E+04   1.5665000E+04   1.9668065E-04   1.3933866E-04
   1.5507443E+03   1.7711000E+04   1.6025000E+04   1.3537825E-04   1.8120436E-04
   1.5507518E+03   1.7494000E+04   1.5813000E+04   1.1517298E-04   1.6631901E-04
   1.5507593E+03   1.7649000E+04   1.6041000E+04   1.6683598E-04   2.2121433E-04
   1.5507668E+03   1.7669000E+04   1.6117000E+04   5.7610370E-05   5.7548905E-05
   1.5507744E+03   1.7850000E+04   1.6314000E+04   1.4187492E-04   1.7974555E-04
   1.5507819E+03   1.7845000E+04   1.6249000E+04   3.2414501E-04   2.8539526E-04
   1.5507894E+03   1.8179000E+04   1.6611000E+04   4.2711416E-05   8.0780944E-05
   1.5507970E+03   1.8007000E+04   1.6479000E+04   5.2752440E-05   7.4691598E-05
   1.5508045E+03   1.8228000E+04   1.6602000E+04   7.4278100E-05   7.3637638E-05
   1.5508120E+03   1.8498000E+04   1.6924000E+04   1.9465609E-04   2.1590681E-04
   1.5508195E+03   1.8699000E+04   1.7094000E+04   8.2169692E-05   1.0740807E-04
   1.5508271E+03   1.8573000E+04   1.7046000E+04   1.2986380E-04   1.4855397E-04
   1.5508346E+03   1.8694000E+04   1.7179000E+04   7.4003256E-05   9.0623694E-05
   1.5508421E+03   1.8773000E+04   1.7218000E+04   3.1857700E-04   3.2406624E-04
   1.5508497E+03   1.8548000E+04   1.7051000E+04   2.1810448E-04   2.2474701E-04
   1.5508572E+03   1.8834000E+04   1.7388000E+04   1.2250439E-04   1.3077018E-04
   1.5508647E+03   1.8833000E+04   1.7300000E+04   1.7341347E-04   2.1815479E-04
   1.5508722E+03   1.8912000E+04   1.7444000E+04   5.0988294E-05   8.7124988E-05
   1.5508798E+03   1.8897000E+04   1.7421000E+04   2.0228542E-04   2.3966030E-04
   1.5508873E+03   1.9111000E+04   1.7583000E+04   1.1846393E-04   1.3698469E-04
   1.5508948E+03   1.8948000E+04   1.7447000E+04   9.3684740E-05   1.1793944E-04
   1.5509024E+03   1.9301000E+04   1.7890000E+04   2.4701605E-04   2.3323651E-04
   1.5509099E+03   1.9244000E+04   1.7790000E+04   2.2901226E-04   2.2541909E-04
   1.5509174E+03   1.9260000E+04   1.7775000E+04   1.1217378E-04   1.3034552E-04
   1.5509249E+03   1.9383000E+04   1.7874000E+04   4.0820335E-05   5.9856297E-05
   1.5509325E+03   1.9544000E+04   1.8071000E+04   1.1411173E-04   1.4435430E-04
   1.5509400E+03   1.9523000E+04   1.8067000E+04   7.1527873E-05   7.8920388E-05
   1.5509475E+03   1.9597000E+04   1.8151000E+04   1.0878444E-04   1.0488512E-04
   1.5509551E+03   1.9345000E+04   1.7976000E+04   8.4984582E-05   1.0591876E-04
   1.5509626E+03   1.9871000E+04   1.8406000E+04   1.8710382E-05   4.9906637E-05
   1.5509701E+03   1.9731000E+04   1.8273000E+04   5.6546004E-05   6.9446685E-05
   1.5509776E+03   1.9841000E+04   1.8355000E+04   4.5637216E-05   5.2109733E-05
   1.5509852E+03   1.9854000E+04   1.8393000E+04   1.1155713E-04   1.4230160E-04
   1.5509927E+03   1.9869000E+04   1.8410000E+04   2.9363415E-04   3.0846816E-04
   1.5510002E+03   2.0016000E+04   1.8583000E+04   1.0321898E-04   1.2781620E-04
   1.5510078E+03   1.9756000E+04   1.8303000E+04   2.9237762E-05   1.4044059E-05
   1.5510153E+03   2.0007000E+04   1.8490000E+04   2.2735718E-04   2.1687305E-04
   1.5510228E+03   1.9989000E+04   1.8580000E+04   1.0602285E-04   1.2581908E-04
   1.5510303E+03   1.9742000E+04   1.8299000E+04   1.0586982E-04   1.0432177E-04
   1.5510379E+03   1.9877000E+04   1.8416000E+04   2.1188731E-04   2.1132345E-04
   1.5510454E+03   2.0025000E+04   1.8572000E+04   1.2440366E-04   1.3434920E-04
   1.5510529E+03   1.9894000E+04   1.8479000E+04   1.0906180E-04   1.0803995E-04
   1.5510604E+03   2.0154000E+04   1.8636000E+04   1.8782916E-04   2.1541335E-04
   1.5510680E+03   2.0120000E+04   1.8594000E+04   2.9695139E-05   4.3842682E-05
   1.5510755E+03   2.0029000E+04   1.8491000E+04   4.7783742E-05   4.0687674E-05
   1.5510830E+03   1.9994000E+04   1.8540000E+04   2.2711791E-04   1.9117590E-04
   1.5510906E+03   1.9828000E+04   1.8299000E+04   1.4500840E-04   1.4249925E-04
   1.5510981E+03   1.9990000E+04   1.8492000E+04   1.8588229E-04   1.6101322E-04
   1.5511056E+03   2.0192000E+04   1.8742000E+04   6.1817277E-05   5.1023916E-05
   1.5511131E+03   2.0086000E+04   1.8526000E+04   2.6031350E-04   2.6344870E-04
   1.5511207E+03   1.9986000E+04   1.8420000E+04   1.3289468E-04   1.6909242E-04
   1.5511282E+03   1.9902000E+04   1.8357000E+04   1.1268541E-04   1.6025373E-04
   1.5511357E+03   1.9971000E+04   1.8441000E+04   1.0646869E-04   6.7864673E-05
   1.5511433E+03   1.9971000E+04   1.8393000E+04   2.6089601E-04   2.6049689E-04
   1.5511508E+03   1.9927000E+04   1.8426000E+04   2.2100073E-04   1.9914939E-04
   1.5511583E+03   2.0179000E+04   1.8508000E+04   6.9908809E-05   7.5641172E-05
   1.5511658E+03   1.9978000E+04   1.8346000E+04   1.4845571E-04   1.5230747E-04
   1.5511734E+03   1.9914000E+04   1.8253000E+04   1.3349617E-04   1.4133763E-04
   1.5511809E+03   1.9880000E+04   1.8214000E+04   9.7941063E-05   1.1101261E-04
   1.5511884E+03   2.0021000E+04   1.8291000E+04   1.9643396E-04   1.6046959E-04
   1.5511960E+03   2.0295000E+04   1.8620000E+04   2.2497290E-04   2.4601893E-04
   1.5512035E+03   1.9835000E+04   1.8107000E+04   1.1351759E-04   1.0691372E-04
   1.5512110E+03   1.9745000E+04   1.7953000E+04   2.6684158E-04   2.9330276E-04
   1.5512185E+03   1.9641000E+04   1.7791000E+04   7.6574422E-05   5.4416313E-05
   1.5512261E+03   1.9440000E+04   1.7601000E+04   1.0551369E-04   1.0965770E-04
   1.5512336E+03   1.9447000E+04   1.7591000E+04   4.3437735E-05   7.0600786E-05
   1.5512411E+03   1.9721000E+04   1.7817000E+04   1.3772827E-04   1.5186958E-04
   1.5512487E+03   1.9362000E+04   1.7407000E+04   5.9433166E-05   1.5166744E-04
   1.5512562E+03   1.9285000E+04   1.7344000E+04   8.6398112E-05   1.3303329E-04
   1.5512637E+03   1.9575000E+04   1.7586000E+04   1.6550319E-04   1.7300981E-04
   1.5512712E+03   1.9337000E+04   1.7235000E+04   7.3467416E-05   8.0674995E-05
   1.5512788E+03   1.9045000E+04   1.6836000E+04   2.0290600E-04   2.3114153E-04
   1.5512863E+03   1.9105000E+04   1.6900000E+04   2.9252466E-04   2.8211504E-04
   1.5512938E+03   1.8801000E+04   1.6580000E+04   3.7608274E-05   4.5622762E-05
   1.5513014E+03   1.8647000E+04   1.6371000E+04   4.1174004E-05   8.4811705E-05
   1.5513089E+03   1.8463000E+04   1.6153000E+04   1.5368020E-04   2.2343187E-04
   1.5513164E+03   1.8305000E+04   1.5897000E+04   1.5251746E-04   2.0276304E-04
   1.5513239E+03   1.8462000E+04   1.5875000E+04   1.2467931E-04   1.2690228E-04
   1.5513315E+03   1.8190000E+04   1.5502000E+04   2.1781199E-04   2.6026572E-04
   1.5513390E+03   1.8040000E+04   1.5340000E+04   1.3529836E-04   1.2145863E-04
   1.5513465E+03   1.7779000E+04   1.5003000E+04   2.8142175E-04   3.0145105E-04
   1.5513541E+03   1.7703000E+04   1.4810000E+04   2.4616170E-05   4.9198326E-05
   1.5513616E+03   1.7378000E+04   1.4497000E+04   3.0809398E-04   3.2729887E-04
   1.5513691E+03   1.7515000E+04   1.4557000E+04   2.9741683E-04   3.2679620E-04
   1.5513766E+03   1.7027000E+04   1.4052000E+04   2.9340147E-05   2.5203580E-05
   1.5513842E+03   1.6624000E+04   1.3763000E+04   1.1218759E-04   1.4748783E-04
   1.5513917E+03   1.6608000E+04   1.3694000E+04   2.1176247E-04   2.5566939E-04
   1.5513992E+03   1.6263000E+04   1.3314000E+04   1.0849184E-04   1.1909512E-04
   1.5514068E+03   1.5884000E+04   1.2992000E+04   3.4238758E-05   7.4265837E-05
   1.5514143E+03   1.5621000E+04   1.2743000E+04   1.7358292E-04   2.8226432E-04
   1.5514218E+03   1.5494000E+04   1.2650000E+04   2.3622168E-04   2.5855402E-04
   1.5514293E+03   1.5066000E+04   1.2374000E+04   3.0590971E-04   3.3962404E-04
   1.5514369E+03   1.5089000E+04   1.2377000E+04   8.9900968E-05   7.8472885E-05
   1.5514444E+03   1.4750000E+04   1.2146000E+04   2.0421270E-04   3.2552013E-04
   1.5514519E+03   1.4564000E+04   1.2026000E+04   1.1238979E-04   1.1025059E-04
   1.5514595E+03   1.4108000E+04   1.1728000E+04   2.2127013E-04   2.7161895E-04
   1.5514670E+03   1.3660000E+04   1.1341000E+04   2.1996544E-04   3.4333707E-04
   1.5514745E+03   1.3418000E+04   1.1230000E+04   1.8672518E-04   2.0756726E-04
   1.5514820E+03   1.3303000E+04   1.1086000E+04   1.5765703E-04   1.7353178E-04
   1.5514896E+03   1.3031000E+04   1.1094000E+04   2.7808497E-04   2.8397130E-04
   1.5514971E+03   1.2844000E+04   1.0782000E+04   5.2739000E-04   5.5623547E-04
   1.5515046E+03   1.2482000E+04   1.0617000E+04   3.5138118E-04   3.9824609E-04
   1.5515122E+03   1.2233000E+04   1.0330000E+04   2.7357492E-04   2.7434573E-04
   1.5515197E+03   1.2047000E+04   1.0225000E+04   1.1036356E-04   1.3299320E-04
   1.5515272E+03   1.1726000E+04   9.9540000E+03   3.5807611E-04   3.3092809E-04
   1.5515347E+03   1.1803000E+04   9.9370000E+03   3.5514511E-04   3.9909034E-04
   1.5515423E+03   1.1329000E+04   9.5690000E+03   7.2149774E-05   1.2654732E-04
   1.5515498E+03   1.1187000E+04   9.4710000E+03   2.7203166E-04   3.3814923E-04
   1.5515573E+03   1.1010000E+04   9.3630000E+03   2.1089562E-04   3.6846406E-04
   1.5515648E+03   1.0882000E+04   9.1990000E+03   4.6250546E-05   9.0065770E-05
   1.5515724E+03   1.0617000E+04   9.0270000E+03   1.7297739E-04   2.1290399E-04
   1.5515799E+03   1.0341000E+04   8.8280000E+03   3.4984271E-04   2.3058539E-04
   1.5515874E+03   1.0198000E+04   8.6860000E+03   2.1330340E-04   2.9868638E-04
   1.5515950E+03   1.0201000E+04   8.7400000E+03   4.6063073E-04   6.7445471E-04
   1.5516025E+03   9.8540000E+03   8.4010000E+03   4.8383913E-04   4.7140199E-04
   1.5516100E+03   9.4540000E+03   8.0820000E+03   1.4190813E-04   2.1646300E-04
   1.5516175E+03   9.5780000E+03   8.1260000E+03   3.5073837E-04   2.9566827E-04
   1.5516251E+03   9.1800000E+03   7.7230000E+03   8.3095796E-05   1.9855845E-04
   1.5516326E+03   8.9580000E+03   7.6260000E+03   4.8303408E-04   5.4291727E-04
   1.5516401E+03   9.0720000E+03   7.6940000E+03   3.5922782E-04   4.4665356E-04
   1.5516477E+03   8.9280000E+03   7.5000000E+03   2.5456923E-04   4.7360359E-04
   1.5516552E+03   8.7110000E+03   7.3350000E+03   6.6296339E-04   7.2643310E-04
   1.5516627E+03   8.5650000E+03   7.2920000E+03   7.2177051E-05   1.0008722E-04
   1.5516702E+03   8.3230000E+03   7.0530000E+03   3.4091451E-04   3.6762510E-04
   1.5516778E+03   8.1820000E+03   6.9210000E+03   8.4307251E-05   6.3399239E-05
   1.5516853E+03   7.9200000E+03   6.6500000E+03   1.1092995E-04   2.4192386E-04
   1.5516928E+03   8.0440000E+03   6.7840000E+03   8.6794307E-05   2.4285365E-04
   1.5517004E+03   7.6890000E+03   6.4740000E+03   2.2801624E-04   2.0366241E-04
   1.5517079E+03   7.5430000E+03   6.3430000E+03   2.1487782E-04   3.0073361E-04
   1.5517154E+03   7.4330000E+03   6.1920000E+03   3.5395153E-04   3.5237250E-04
   1.5517229E+03   7.2280000E+03   6.0780000E+03   1.7469201E-04   3.4015785E-04
   1.5517305E+03   7.2270000E+03   6.0730000E+03   2.8587740E-04   3.6089257E-04
   1.5517380E+03   6.8500000E+03   5.7750000E+03   2.7540386E-04   2.9583719E-04
   1.5517455E+03   6.7410000E+03   5.6540000E+03   5.2070094E-04   6.5008067E-04
   1.5517531E+03   6.5230000E+03   5.4700000E+03   1.6860106E-04   2.0589395E-04
   1.5517606E+03   6.5450000E+03   5.4660000E+03   4.8804418E-04   5.9050010E-04
   1.5517681E+03   6.3730000E+03   5.2950000E+03   4.3341242E-04   3.4757815E-04
   1.5517756E+03   6.2360000E+03   5.1560000E+03   1.8271399E-04   2.1183665E-04
   1.5517832E+03   6.0020000E+03   5.0190000E+03   1.5922649E-05   7.0359403E-05
   1.5517907E+03   5.8940000E+03   4.8890000E+03   3.7713359E-04   4.0550401E-04
   1.5517982E+03   5.7730000E+03   4.7740000E+03   7.0210093E-04   8.6643264E-04
   1.5518058E+03   5.7180000E+03   4.7550000E+03   1.9642095E-04   3.6362177E-04
   1.5518133E+03   5.5180000E+03   4.5650000E+03   3.0090602E-04   2.4640930E-04
   1.5518208E+03   5.2610000E+03   4.3520000E+03   5.3800003E-04   7.7522251E-04
   1.5518283E+03   5.2510000E+03   4.3600000E+03   5.2041112E-04   6.8413249E-04
   1.5518359E+03   5.1640000E+03   4.2140000E+03   1.3706495E-04   3.6342586E-04
   1.5518434E+03   5.0250000E+03   4.1450000E+03   5.4680455E-04   6.6721216E-04
   1.5518509E+03   5.0030000E+03   4.1000000E+03   1.3958638E-04   1.6026162E-04
   1.5518585E+03   4.7440000E+03   3.9200000E+03   7.1789728E-04   5.8330791E-04
   1.5518660E+03   4.5650000E+03   3.7170000E+03   3.3419497E-04   2.0124305E-04
   1.5518735E+03   4.5120000E+03   3.6960000E+03   8.9386425E-04   1.3698648E-03
   1.5518810E+03   4.3010000E+03   3.4620000E+03   2.1748642E-04   4.1479669E-04
   1.5518886E+03   4.2380000E+03   3.4340000E+03   7.8230939E-04   8.2638601E-04
   1.5518961E+03   4.1050000E+03   3.3010000E+03   6.3890119E-04   6.0997236E-04
   1.5519036E+03   4.0020000E+03   3.2260000E+03   7.9811721E-04   1.1856636E-03
   1.5519112E+03   3.8190000E+03   3.0840000E+03   7.0782575E-04   5.2993647E-04
   1.5519187E+03   3.6720000E+03   2.9370000E+03   1.1108182E-03   1.1142768E-03
   1.5519262E+03   3.6630000E+03   2.9650000E+03   2.8479725E-04   6.3016581E-04
   1.5519337E+03   3.4320000E+03   2.7270000E+03   7.9043181E-04   1.0687911E-03
   1.5519413E+03   3.4530000E+03   2.8230000E+03   9.6958812E-04   7.3177360E-04
   1.5519488E+03   3.3280000E+03   2.6620000E+03   7.7901235E-04   8.9120821E-04
   1.5519563E+03   3.2810000E+03   2.5950000E+03   1.0400166E-03   1.3512900E-03
   1.5519638E+03   3.1580000E+03   2.5280000E+03   3.9935596E-04   6.7775862E-04
   1.5519714E+03   2.9880000E+03   2.4160000E+03   9.4878950E-04   1.2021321E-03
   1.5519789E+03   2.9700000E+03   2.4160000E+03   1.2438927E-03   1.1985652E-03
   1.5519864E+03   2.8110000E+03   2.2900000E+03   1.5352399E-03   2.0530476E-03
   1.5519940E+03   2.8130000E+03   2.3400000E+03   1.2643152E-04   6.6816095E-04
   1.5520015E+03   2.6430000E+03   2.1360000E+03   9.0183909E-05   1.8654750E-04
   1.5520090E+03   2.6480000E+03   2.1540000E+03   2.2419428E-03   2.8984006E-03
   1.5520165E+03   2.5680000E+03   2.1080000E+03   6.2783746E-04   7.8725284E-04
   1.5520241E+03   2.5350000E+03   2.1010000E+03   5.6426848E-04   3.1291511E-04
   1.5520316E+03   2.4800000E+03   2.0760000E+03   1.9979631E-03   1.9466270E-03
   1.5520391E+03   2.3600000E+03   1.9610000E+03   3.9546760E-04   7.2000001E-04
   1.5520467E+03   2.3980000E+03   1.9490000E+03   7.3407171E-04   8.7538389E-04
   1.5520542E+03   2.2760000E+03   1.8540000E+03   1.0012927E-03   7.8443187E-04
   1.5520617E+03   2.1920000E+03   1.8010000E+03   1.4815359E-03   1.3999796E-03
   1.5520692E+03   2.2080000E+03   1.8080000E+03   5.3024928E-04   5.4931631E-04
   1.5520768E+03   2.1060000E+03   1.7280000E+03   1.0671641E-03   1.8193959E-03
   1.5520843E+03   2.0750000E+03   1.6800000E+03   8.8535166E-04   1.4356250E-03
   1.5520918E+03   1.9990000E+03   1.6480000E+03   5.7326001E-04   5.5626210E-04
   1.5520994E+03   2.0050000E+03   1.6750000E+03   1.0522532E-03   1.1773414E-03
   1.5521069E+03   1.9540000E+03   1.6270000E+03   1.0160943E-03   1.1468475E-03
   1.5521144E+03   1.9180000E+03   1.5810000E+03   1.0154798E-03   5.8336990E-04
   1.5521219E+03   1.8180000E+03   1.4940000E+03   4.6760350E-04   7.4433083E-04
   1.5521295E+03   1.8300000E+03   1.5210000E+03   1.4493218E-03   1.8867911E-03
   1.5521370E+03   1.7690000E+03   1.4470000E+03   8.3291740E-04   1.2455742E-03
   1.5521445E+03   1.6420000E+03   1.3320000E+03   1.0778289E-03   1.2820164E-03
   1.5521521E+03   1.6620000E+03   1.3670000E+03   2.4705592E-03   2.2857558E-03
   1.5521596E+03   1.6250000E+03   1.3150000E+03   6.1550435E-04   9.0854615E-04
   1.5521671E+03   1.5580000E+03   1.2490000E+03   1.3392948E-03   1.7275204E-03
   1.5521746E+03   1.5850000E+03   1.2840000E+03   5.0078193E-04   8.7275522E-04
   1.5521822E+03   1.5400000E+03   1.2710000E+03   2.0899468E-03   2.4755550E-03
   1.5521897E+03   1.4640000E+03   1.2210000E+03   8.0626819E-04   1.0774158E-03
   1.5521972E+03   1.3690000E+03   1.1190000E+03   1.7041275E-03   1.5474282E-03
   1.5522048E+03   1.4760000E+03   1.2220000E+03   2.3262483E-03   3.0182448E-03
   1.5522123E+03   1.3580000E+03   1.1300000E+03   1.5907031E-03   1.9550653E-03
   1.5522198E+03   1.3450000E+03   1.1000000E+03   4.2859029E-04   6.4915704E-04
   1.5522273E+03   1.3290000E+03   1.0760000E+03   3.1112732E-03   3.8314816E-03
   1.5522349E+03   1.2290000E+03   1.0010000E+03   1.7554497E-03   1.7827419E-03
   1.5522424E+03   1.2490000E+03   1.0330000E+03   8.7218857E-04   1.6043060E-03
   1.5522499E+03   1.1970000E+03   9.9200000E+02   1.6230918E-03   2.0742810E-03
   1.5522575E+03   1.1900000E+03   9.8400000E+02   2.1597529E-03   2.7085729E-03
   1.5522650E+03   1.1330000E+03   9.1700000E+02   1.2376684E-03   1.6390912E-03
   1.5522725E+03   1.1140000E+03   8.9200000E+02   2.1011187E-03   2.5706707E-03
   1.5522800E+03   1.0000000E+03   8.3700000E+02   1.2122027E-03   8.9958625E-04
   1.5522876E+03   1.0370000E+03   8.3000000E+02   1.3498464E-03   1.3234558E-03
   1.5522951E+03   1.0270000E+03   8.3200000E+02   4.5441546E-04   7.9171536E-04
   1.5523026E+03   9.5100000E+02   7.9200000E+02   2.3539126E-03   2.1371301E-03
   1.5523102E+03   9.6400000E+02   8.0500000E+02   2.8763230E-03   3.7164022E-03
   1.5523177E+03   9.0200000E+02   7.2300000E+02   5.0602155E-04   5.9328170E-04
   1.5523252E+03   8.7500000E+02   7.0700000E+02   2.7022785E-03   3.1380616E-03
   1.5523327E+03   9.2000000E+02   7.4700000E+02   9.1729429E-04   1.4778266E-03
   1.5523403E+03   8.4100000E+02   6.9600000E+02   2.8119586E-03   3.0855922E-03
   1.5523478E+03   8.4800000E+02   6.9200000E+02   1.3699617E-03   1.3393711E-03
   1.5523553E+03   8.2700000E+02   6.8800000E+02   2.3811241E-03   2.1779005E-03
   1.5523629E+03   8.0600000E+02   6.4300000E+02   2.2841238E-03   2.8553611E-03
   1.5523704E+03   7.9900000E+02   6.4800000E+02   4.8454358E-03   5.7090200E-03
   1.5523779E+03   7.5200000E+02   5.9600000E+02   2.4263507E-03   2.7444668E-03
   1.5523854E+03   7.3300000E+02   5.9000000E+02   2.1435923E-03   2.8189436E-03
   1.5523930E+03   6.9300000E+02   5.7000000E+02   2.7265959E-03   3.5253873E-03
   1.5524005E+03   6.9000000E+02   5.7600000E+02   2.0290257E-03   2.4658225E-03
   1.5524080E+03   7.0300000E+02   5.6100000E+02   3.0238067E-03   3.4586753E-03
   1.5524155E+03   6.9200000E+02   5.5600000E+02   3.6293951E-03   4.5487082E-03
   1.5524231E+03   5.9400000E+02   4.7400000E+02   3.3526102E-03   4.1535680E-03
   1.5524306E+03   6.1300000E+02   4.9700000E+02   3.5385964E-03   5.1372144E-03
   1.5524381E+03   5.9800000E+02   4.7500000E+02   1.0786110E-03   1.8701789E-03
   1.5524457E+03   6.0300000E+02   5.0700000E+02   4.0439719E-03   5.1592447E-03
   1.5524532E+03   5.6400000E+02   4.6000000E+02   1.8195943E-03   1.2621957E-03
   1.5524607E+03   5.4200000E+02   4.3900000E+02   5.2111566E-03   5.7144861E-03
   1.5524682E+03   5.6400000E+02   4.6500000E+02   6.4861316E-03   7.9121193E-03
   1.5524758E+03   5.4100000E+02   4.3600000E+02   2.1485723E-03   2.6803046E-03
   1.5524833E+03   4.8700000E+02   3.8500000E+02   2.6546843E-03   2.5166692E-03
   1.5524908E+03   4.9000000E+02   4.2000000E+02   4.8533913E-03   5.1567186E-03
   1.5524984E+03   4.4700000E+02   3.5100000E+02   7.4401481E-04   4.6560777E-04
   1.5525059E+03   4.2000000E+02   3.4400000E+02   3.3850952E-03   6.3512233E-04
   1.5525134E+03   4.1500000E+02   3.2600000E+02   1.7981960E-03   2.3480695E-03
   1.5525209E+03   4.1400000E+02   3.3400000E+02   6.1453043E-03   8.0865083E-03
   1.5525285E+03   4.5700000E+02   3.6900000E+02   2.1963292E-03   2.6054528E-03
   1.5525360E+03   3.9900000E+02   3.1800000E+02   1.9479125E-03   2.8196754E-03
   1.5525435E+03   3.6900000E+02   2.9500000E+02   1.1985125E-03   3.1623552E-03
   1.5525511E+03   4.1700000E+02   3.3700000E+02   3.1100076E-03   4.2038842E-03
   1.5525586E+03   3.2900000E+02   2.6500000E+02   4.9076418E-03   6.1966457E-03
   1.5525661E+03   3.3900000E+02   2.7100000E+02   3.9815563E-03   4.4194285E-03
   1.5525736E+03   3.7700000E+02   3.0800000E+02   8.6409052E-03   1.0303293E-02
   1.5525812E+03   3.3700000E+02   2.8100000E+02   2.0873641E-03   2.2441238E-03
   1.5525887E+03   3.4400000E+02   2.9000000E+02   3.9493796E-03   4.7706011E-03
   1.5525962E+03   3.1100000E+02   2.5100000E+02   6.3391697E-03   6.0895892E-03
   1.5526038E+03   3.4200000E+02   2.8500000E+02   3.3498024E-03   4.6954840E-03
   1.5526113E+03   3.2000000E+02   2.5600000E+02   1.3165443E-02   1.6823275E-02
   1.5526188E+03   3.0900000E+02   2.4700000E+02   6.7829212E-03   4.5567314E-03
   1.5526263E+03   2.7700000E+02   2.2400000E+02   4.2421142E-03   5.9960131E-03
   1.5526339E+03   2.7600000E+02   2.2300000E+02   6.0239473E-03   7.3666780E-03
   1.5526414E+03   2.7200000E+02   2.2100000E+02   4.6088151E-03   4.5155634E-03
   1.5526489E+03   2.5500000E+02   2.2000000E+02   4.6529486E-03   5.3539029E-03
   1.5526565E+03   2.4700000E+02   1.9100000E+02   2.5014569E-03   3.2348683E-03
   1.5526640E+03   2.6400000E+02   2.1800000E+02   1.4840128E-03   8.2123239E-04
   1.5526715E+03   2.1100000E+02   1.7300000E+02   3.2759121E-03   3.9954511E-03
   1.5526790E+03   2.3100000E+02   1.8500000E+02   7.4635851E-03   9.0107128E-03
   1.5526866E+03   2.3500000E+02   1.7800000E+02   3.1097173E-03   3.8214561E-03
   1.5526941E+03   2.3200000E+02   1.9000000E+02   7.1400975E-03   1.0549624E-02
   1.5527016E+03   2.0500000E+02   1.6200000E+02   4.8450209E-03   7.7647473E-03
   1.5527092E+03   2.0700000E+02   1.7200000E+02   4.0183492E-03   4.7480681E-03
   1.5527167E+03   1.8000000E+02   1.4900000E+02   5.0413706E-03   6.0902464E-03
   1.5527242E+03   1.9300000E+02   1.5300000E+02   1.1625235E-03   1.1954122E-03
   1.5527317E+03   1.7600000E+02   1.4300000E+02   7.8790758E-03   9.6973285E-03
   1.5527393E+03   1.6900000E+02   1.4700000E+02   1.1426323E-02   1.3136385E-02
   1.5527468E+03   1.8200000E+02   1.4800000E+02   8.7040300E-03   1.0883403E-02
   1.5527543E+03   1.4900000E+02   1.1200000E+02   8.9653560E-03   1.4101638E-02
   1.5527619E+03   1.4500000E+02   1.2000000E+02   8.3621242E-04   1.0105107E-03
   1.5527694E+03   1.4100000E+02   1.1300000E+02   1.0773062E-02   1.4010657E-02
   1.5527769E+03   1.4700000E+02   1.2100000E+02   2.9372408E-03   3.5684095E-03
   1.5527844E+03   1.4000000E+02   1.1200000E+02   2.3843842E-03   1.2201315E-03
   1.5527920E+03   1.3000000E+02   1.0900000E+02   1.0964859E-02   1.3409009E-02
   1.5527995E+03   1.7400000E+02   1.4800000E+02   7.3026383E-03   7.7880657E-03
   1.5528070E+03   1.3000000E+02   1.0800000E+02   9.1836387E-03   1.1486657E-02
   1.5528146E+03   1.3700000E+02   1.0800000E+02   1.3198758E-02   1.2119935E-02
   1.5528221E+03   9.3000000E+01   7.4000000E+01   8.9508116E-03   6.5772790E-03
   1.5528296E+03   1.2500000E+02   9.4000000E+01   3.1215069E-03   4.1509269E-03
   1.5528371E+03   1.0300000E+02   9.2000000E+01   9.8194342E-03   1.0993497E-02
   1.5528447E+03   1.0900000E+02   9.4000000E+01   8.1703180E-03   9.4740921E-03
   1.5528522E+03   1.0300000E+02   8.4000000E+01   1.3721269E-02   1.7348029E-02
   1.5528597E+03   1.1800000E+02   1.0400000E+02   6.1498582E-03   6.9778766E-03
   1.5528673E+03   1.0100000E+02   8.4000000E+01   8.7055229E-03   1.1894048E-02
   1.5528748E+03   9.3000000E+01   7.4000000E+01   5.3503343E-03   6.7240805E-03
   1.5528823E+03   9.2000000E+01   7.3000000E+01   1.3600950E-02   1.2663952E-02
   1.5528898E+03   8.6000000E+01   7.3000000E+01   1.0248290E-02   1.1102584E-02
   1.5528974E+03   8.6000000E+01   7.4000000E+01   7.1967813E-03   8.3638279E-03
   1.5529049E+03   7.8000000E+01   6.3000000E+01   6.0421656E-03   7.4809205E-03
   1.5529124E+03   8.9000000E+01   7.1000000E+01   1.2084780E-02   1.7140180E-02
   1.5529199E+03   8.3000000E+01   7.0000000E+01   1.3788591E-02   1.4821428E-02
   1.5529275E+03   5.6000000E+01   4.4000000E+01   9.9981820E-03   1.2724866E-02
   1.5529350E+03   7.1000000E+01   5.9000000E+01   3.1156967E-03   5.2577731E-03
   1.5529425E+03   6.4000000E+01   5.2000000E+01   4.8803811E-03   6.0862817E-03
   1.5529501E+03   6.3000000E+01   5.5000000E+01   1.6879523E-02   1.6124200E-02
   1.5529576E+03   7.3000000E+01   5.6000000E+01   4.5061832E-04   1.9430445E-06
   1.5529651E+03   6.6000000E+01   5.8000000E+01   1.9187577E-02   2.1834016E-02
   1.5529726E+03   6.3000000E+01   5.2000000E+01   1.0976156E-02   1.3298035E-02
   1.5529802E+03   5.2000000E+01   4.8000000E+01   7.6641511E-03   8.3028304E-03
   1.5529877E+03   7.0000000E+01   5.5000000E+01   5.3975446E-03   1.5729510E-03
   1.5529952E+03   5.7000000E+01   4.5000000E+01   3.4152363E-03   4.3259938E-03
   1.5530028E+03   4.3000000E+01   3.5000000E+01   9.6634238E-03   1.2441522E-02
   1.5530103E+03   4.4000000E+01   3.1000000E+01   5.4491560E-03   7.7346681E-03
   1.5530178E+03   4.3000000E+01   3.7000000E+01   1.9602743E-02   2.2781564E-02
   1.5530253E+03   5.0000000E+01   4.0000000E+01   1.1185495E-02   1.4106045E-02
   1.5530329E+03   3.3000000E+01   3.2000000E+01   6.3829420E-03   6.5824090E-03
   1.5530404E+03   3.5000000E+01   2.8000000E+01   5.7805704E-03   2.1182082E-02
   1.5530479E+03   5.0000000E+01   4.7000000E+01   4.9954031E-03   5.3142515E-03
   1.5530555E+03   4.2000000E+01   3.1000000E+01   1.4437879E-02   1.9560671E-02
   1.5530630E+03   2.9000000E+01   2.6000000E+01   1.7178255E-02   1.9418776E-02
   1.5530705E+03   3.2000000E+01   2.8000000E+01   2.1418804E-02   2.4478633E-02
   1.5530780E+03   3.7000000E+01   3.1000000E+01   4.7462464E-03   5.6648866E-03
   1.5530856E+03   4.8000000E+01   3.5000000E+01   1.2922154E-02   1.5258498E-03
   1.5530931E+03   3.3000000E+01   2.7000000E+01   2.3595827E-02   2.8839571E-02
   1.5531006E+03   3.1000000E+01   2.2000000E+01   3.5269229E-02   4.9697571E-02
   1.5531082E+03   3.3000000E+01   3.0000000E+01   1.2272015E-02   1.2604968E-02
   1.5531157E+03   2.6000000E+01   1.9000000E+01   4.0205751E-02   6.8685338E-02
   1.5531232E+03   2.5000000E+01   2.2000000E+01   4.2703368E-02   4.9738214E-02
   1.5531307E+03   2.2000000E+01   1.5000000E+01   8.5250837E-04   3.8793336E-06
   1.5531383E+03   2.6000000E+01   2.3000000E+01   2.8751355E-03   3.2501879E-03
   1.5531458E+03   2.3000000E+01   2.0000000E+01   1.5432005E-02   2.8536014E-02
   1.5531533E+03   2.2000000E+01   2.0000000E+01   2.4416351E-02   2.6857987E-02
   1.5531609E+03   1.7000000E+01   1.3000000E+01   2.2697726E-02   2.9681650E-02
   1.5531684E+03   1.1000000E+01   1.0000000E+01   2.8807000E-02   3.1687700E-02
   1.5531759E+03   1.9000000E+01   1.4000000E+01   1.5215358E-02   2.2909839E-02
   1.5531834E+03   1.2000000E+01   9.0000000E+00   2.6127466E-02   4.4865859E-02
   1.5531910E+03   2.2000000E+01   1.6000000E+01   6.0835856E-02   7.7520123E-02
   1.5531985E+03   2.1000000E+01   1.5000000E+01   2.6663255E-02   3.7328721E-02
   1.5532060E+03   1.0000000E+01   7.0000000E+00   1.4435598E-02   2.3729714E-02
   1.5532136E+03   1.7000000E+01   1.6000000E+01   3.5301162E-02   3.7507484E-02
   1.5532211E+03   2.0000000E+01   1.6000000E+01   5.2407046E-02   6.5504214E-02
   1.5532286E+03   1.5000000E+01   1.1000000E+01   8.3833913E-02   9.3473161E-02
   1.5532361E+03   1.8000000E+01   1.5000000E+01   2.9771894E-02   3.5726711E-02
   1.5532437E+03   1.4000000E+01   1.3000000E+01   4.1232256E-02   4.8358877E-02
   1.5532512E+03   1.4000000E+01   1.2000000E+01   1.6670057E-02   1.0172139E-02
   1.5532587E+03   1.0000000E+01   7.0000000E+00   9.0499470E-03   1.2928870E-02
   1.5532663E+03   1.5000000E+01   1.0000000E+01   3.4951194E-02   8.5908455E-07
   1.5532738E+03   8.0000000E+00   6.0000000E+00   5.3087137E-02   7.0492453E-02
   1.5532813E+03   1.9000000E+01   1.5000000E+01   3.4013080E-02   4.3232382E-02
   1.5532888E+03   1.3000000E+01   9.0000000E+00   2.0026564E-02   2.8393524E-02
   1.5532964E+03   6.0000000E+00   5.0000000E+00   7.9710748E-02   9.5652897E-02
   1.5533039E+03   5.0000000E+00   5.0000000E+00   7.9180385E-02   7.9180385E-02
   1.5533114E+03   7.0000000E+00   5.0000000E+00   0.0000000E+00   0.0000000E+00
   1.5533189E+03   9.0000000E+00   6.0000000E+00   6.5664170E-02   9.8491960E-02
   1.5533265E+03   5.0000000E+00   4.0000000E+00   4.9033036E-02   6.1291295E-02
   1.5533340E+03   6.0000000E+00   6.0000000E+00   1.5738945E-01   1.5738945E-01
   1.5533415E+03   1.3000000E+01   8.0000000E+00   2.0617211E-03   3.3502937E-03
   1.5533491E+03   8.0000000E+00   5.0000000E+00   3.5287002E-02   2.7641194E-02
   1.5533566E+03   5.0000000E+00   2.0000000E+00   4.1962408E-06   7.1289644E-06
   1.5533641E+03   4.0000000E+00   2.0000000E+00   2.3773892E-06   0.0000000E+00
   1.5533716E+03   2.0000000E+00   2.0000000E+00   0.0000000E+00   0.0000000E+00
   1.5533792E+03   8.0000000E+00   5.0000000E+00   2.3858513E-02   3.8174387E-02
   1.5533867E+03   3.0000000E+00   1.0000000E+00   0.0000000E+00   0.0000000E+00
   1.5533942E+03   4.0000000E+00   2.0000000E+00   2.4607479E-01   5.0662025E-01
   1.5534018E+03   3.0000000E+00   3.0000000E+00   9.2374334E-02   9.2374334E-02
   1.5534093E+03   1.0000000E+00   1.0000000E+00   0.0000000E+00   0.0000000E+00
   1.5534168E+03   2.0000000E+00   2.0000000E+00   3.6916432E-02   3.6916432E-02
   1.5534243E+03   2.0000000E+00   2.0000000E+00   2.8602917E-01   2.8602917E-01
   1.5534319E+03   5.0000000E+00   3.0000000E+00   1.3693080E-01   2.2800511E-01
   1.5534394E+03   1.0000000E+00   0.0000000E+00   0.0000000E+00   0.0000000E+00
   1.5534469E+03   0.0000000E+00   0.0000000E+00   0.0000000E+00   0.0000000E+00
   1.5534545E+03   1.0000000E+00   1.0000000E+00   2.1424459E-02   2.1424459E-02
   1.5534620E+03   0.0000000E+00   0.0000000E+00   0.0000000E+00   0.0000000E+00
   1.5534695E+03   2.0000000E+00   2.0000000E+00   4.0011188E-02   4.0011188E-02
   1.5534770E+03   2.0000000E+00   1.0000000E+00   1.2129889E-01   2.4259778E-01
   1.5534846E+03   1.0000000E+00   0.0000000E+00   5.5148772E-02   0.0000000E+00
   1.5534921E+03   3.0000000E+00   2.0000000E+00   2.7006190E-02   4.0509284E-02
   1.5534996E+03   0.0000000E+00   0.0000000E+00   0.0000000E+00   0.0000000E+00
   1.5535072E+03   2.0000000E+00   2.0000000E+00   1.6888420E-01   1.6888420E-01
   1.5535147E+03   1.0000000E+00   1.0000000E+00   6.8056898E-01   6.8056898E-01
   1.5535222E+03   2.0000000E+00   1.0000000E+00   8.0316066E-03   0.0000000E+00
   1.5535297E+03   1.0000000E+00   1.0000000E+00   3.8237196E-01   3.8237196E-01
   1.5535373E+03   2.0000000E+00   1.0000000E+00   0.0000000E+00   0.0000000E+00
   1.5535448E+03   2.0000000E+00   2.0000000E+00   3.6699972E-01   3.6699972E-01
   1.5535523E+03   0.0000000E+00   0.0000000E+00   0.0000000E+00   0.0000000E+00
   1.5535599E+03   2.0000000E+00   2.0000000E+00   2.8583479E-01   2.8583479E-01
   1.5535674E+03   0.0000000E+00   0.0000000E+00   0.0000000E+00   0.0000000E+00
   1.5535749E+03   1.0000000E+00   1.0000000E+00   2.6076059E-01   2.6076059E-01
   1.5535824E+03   0.0000000E+00   0.0000000E+00   0.0000000E+00   0.0000000E+00
   1.5535900E+03   1.0000000E+00   1.0000000E+00   0.0000000E+00   0.0000000E+00
   1.5535975E+03   0.0000000E+00   0.0000000E+00   0.0000000E+00   0.0000000E+00
   1.5536050E+03   1.0000000E+00   1.0000000E+00   9.5838091E-02   9.5838091E-02
   1.5536126E+03   2.0000000E+00   1.0000000E+00   1.8619376E-02   0.0000000E+00
   1.5536201E+03   0.0000000E+00   0.0000000E+00   0.0000000E+00   0.0000000E+00
   1.5536276E+03   0.0000000E+00   0.0000000E+00   0.0000000E+00   0.0000000E+00
   1.5536351E+03   1.0000000E+00   1.0000000E+00   0.0000000E+00   0.0000000E+00
   1.5536427E+03   2.0000000E+00   2.0000000E+00   2.7390382E-01   2.7390382E-01
   1.5536502E+03   0.0000000E+00   0.0000000E+00   0.0000000E+00   0.0000000E+00
   1.5536577E+03   0.0000000E+00   0.0000000E+00   0.0000000E+00   0.0000000E+00
   1.5536653E+03   2.0000000E+00   2.0000000E+00   6.0748380E-02   6.0748380E-02
   1.5536728E+03   1.0000000E+00   1.0000000E+00   5.0632789E-01   5.0632789E-01
   1.5536803E+03   0.0000000E+00   0.0000000E+00   0.0000000E+00   0.0000000E+00
   1.5536878E+03   0.0000000E+00   0.0000000E+00   0.0000000E+00   0.0000000E+00
   1.5536954E+03   0.0000000E+00   0.0000000E+00   0.0000000E+00   0.0000000E+00
   1.5537029E+03   1.0000000E+00   1.0000000E+00   1.3484139E-01   1.3484139E-01
   1.5537104E+03   0.0000000E+00   0.0000000E+00   0.0000000E+00   0.0000000E+00
   1.5537180E+03   1.0000000E+00   0.0000000E+00   1.3499365E-01   0.0000000E+00
   1.5537255E+03   0.0000000E+00   0.0000000E+00   0.0000000E+00   0.0000000E+00
   1.5537330E+03   1.0000000E+00   0.0000000E+00   3.3592816E-02   0.0000000E+00
   1.5537405E+03   3.0000000E+00   2.0000000E+00   2.9361631E-02   1.5115178E-01
   1.5537481E+03   1.0000000E+00   0.0000000E+00   0.0000000E+00   0.0000000E+00
   1.5537556E+03   0.0000000E+00   0.0000000E+00   0.0000000E+00   0.0000000E+00
   1.5537631E+03   0.0000000E+00   0.0000000E+00   0.0000000E+00   0.0000000E+00
   1.5537706E+03   1.0000000E+00   0.0000000E+00   2.3574916E-02   0.0000000E+00
   1.5537782E+03   0.0000000E+00   0.0000000E+00   0.0000000E+00   0.0000000E+00
   1.5537857E+03   0.0000000E+00   0.0000000E+00   0.0000000E+00   0.0000000E+00
   1.5537932E+03   0.0000000E+00   0.0000000E+00   0.0000000E+00   0.0000000E+00
   1.5538008E+03   1.0000000E+00   1.0000000E+00   6.8344813E-01   6.8344813E-01
   1.5538083E+03   0.0000000E+00   0.0000000E+00   0.0000000E+00   0.0000000E+00
   1.5538158E+03   0.0000000E+00   0.0000000E+00   0.0000000E+00   0.0000000E+00
   1.5538233E+03   0.0000000E+00   0.0000000E+00   0.0000000E+00   0.0000000E+00
   1.5538309E+03   0.0000000E+00   0.0000000E+00   0.0000000E+00   0.0000000E+00
   1.5538384E+03   0.0000000E+00   0.0000000E+00   0.0000000E+00   0.0000000E+00
   1.5538459E+03   0.0000000E+00   0.0000000E+00   0.0000000E+00   0.0000000E+00
   1.5538535E+03   0.0000000E+00   0.0000000E+00   0.0000000E+00   0.0000000E+00
   1.5538610E+03   0.0000000E+00   0.0000000E+00   0.0000000E+00   0.0000000E+00
   1.5538685E+03   0.0000000E+00   0.0000000E+00   0.0000000E+00   0.0000000E+00
   1.5538760E+03   2.0000000E+00   1.0000000E+00   1.1630314E-01   1.1251479E-01
   1.5538836E+03   0.0000000E+00   0.0000000E+00   0.0000000E+00   0.0000000E+00
   1.5538911E+03   0.0000000E+00   0.0000000E+00   0.0000000E+00   0.0000000E+00
   1.5538986E+03   0.0000000E+00   0.0000000E+00   0.0000000E+00   0.0000000E+00
   1.5539062E+03   0.0000000E+00   0.0000000E+00   0.0000000E+00   0.0000000E+00
   1.5539137E+03   0.0000000E+00   0.0000000E+00   0.0000000E+00   0.0000000E+00
   1.5539212E+03   0.0000000E+00   0.0000000E+00   0.0000000E+00   0.0000000E+00
   1.5539287E+03   0.0000000E+00   0.0000000E+00   0.0000000E+00   0.0000000E+00
   1.5539363E+03   1.0000000E+00   0.0000000E+00   6.9120925E-01   0.0000000E+00
   1.5539438E+03   0.0000000E+00   0.0000000E+00   0.0000000E+00   0.0000000E+00
   1.5539513E+03   0.0000000E+00   0.0000000E+00   0.0000000E+00   0.0000000E+00
   1.5539589E+03   0.0000000E+00   0.0000000E+00   0.0000000E+00   0.0000000E+00
   1.5539664E+03   0.0000000E+00   0.0000000E+00   0.0000000E+00   0.0000000E+00
   1.5539739E+03   0.0000000E+00   0.0000000E+00   0.0000000E+00   0.0000000E+00
   1.5539814E+03   0.0000000E+00   0.0000000E+00   0.0000000E+00   0.0000000E+00
   1.5539890E+03   0.0000000E+00   0.0000000E+00   0.0000000E+00   0.0000000E+00
   1.5539965E+03   0.0000000E+00   0.0000000E+00   0.0000000E+00   0.0000000E+00
   1.5540040E+03   0.0000000E+00   0.0000000E+00   0.0000000E+00   0.0000000E+00
   1.5540116E+03   0.0000000E+00   0.0000000E+00   0.0000000E+00   0.0000000E+00
   1.5540191E+03   0.0000000E+00   0.0000000E+00   0.0000000E+00   0.0000000E+00
   1.5540266E+03   1.0000000E+00   1.0000000E+00   1.1827145E-01   1.1827145E-01
   1.5540341E+03   0.0000000E+00   0.0000000E+00   0.0000000E+00   0.0000000E+00
   1.5540417E+03   0.0000000E+00   0.0000000E+00   0.0000000E+00   0.0000000E+00
   1.5540492E+03   0.0000000E+00   0.0000000E+00   0.0000000E+00   0.0000000E+00
   1.5540567E+03   0.0000000E+00   0.0000000E+00   0.0000000E+00   0.0000000E+00
   1.5540643E+03   0.0000000E+00   0.0000000E+00   0.0000000E+00   0.0000000E+00
   1.5540718E+03   0.0000000E+00   0.0000000E+00   0.0000000E+00   0.0000000E+00
   1.5540793E+03   0.0000000E+00   0.0000000E+00   0.0000000E+00   0.0000000E+00
   1.5540868E+03   0.0000000E+00   0.0000000E+00   0.0000000E+00   0.0000000E+00
   1.5540944E+03   0.0000000E+00   0.0000000E+00   0.0000000E+00   0.0000000E+00
   1.5541019E+03   0.0000000E+00   0.0000000E+00   0.0000000E+00   0.0000000E+00
   1.5541094E+03   0.0000000E+00   0.0000000E+00   0.0000000E+00   0.0000000E+00
   1.5541170E+03   0.0000000E+00   0.0000000E+00   0.0000000E+00   0.0000000E+00
   1.5541245E+03   0.0000000E+00   0.0000000E+00   0.0000000E+00   0.0000000E+00
   1.5541320E+03   0.0000000E+00   0.0000000E+00   0.0000000E+00   0.0000000E+00
   1.5541395E+03   0.0000000E+00   0.0000000E+00   0.0000000E+00   0.0000000E+00
   1.5541471E+03   0.0000000E+00   0.0000000E+00   0.0000000E+00   0.0000000E+00
   1.5541546E+03   0.0000000E+00   0.0000000E+00   0.0000000E+00   0.0000000E+00
   1.5541621E+03   0.0000000E+00   0.0000000E+00   0.0000000E+00   0.0000000E+00
   1.5541697E+03   0.0000000E+00   0.0000000E+00   0.0000000E+00   0.0000000E+00
   1.5541772E+03   0.0000000E+00   0.0000000E+00   0.0000000E+00   0.0000000E+00
   1.5541847E+03   0.0000000E+00   0.0000000E+00   0.0000000E+00   0.0000000E+00
   1.5541922E+03   0.0000000E+00   0.0000000E+00   0.0000000E+00   0.0000000E+00
   1.5541998E+03   0.0000000E+00   0.0000000E+00   0.0000000E+00   0.0000000E+00
   1.5542073E+03   1.0000000E+00   1.0000000E+00   5.9572883E-01   5.9572883E-01
   1.5542148E+03   0.0000000E+00   0.0000000E+00   0.0000000E+00   0.0000000E+00
   1.5542224E+03   0.0000000E+00   0.0000000E+00   0.0000000E+00   0.0000000E+00
   1.5542299E+03   0.0000000E+00   0.0000000E+00   0.0000000E+00   0.0000000E+00
   1.5542374E+03   0.0000000E+00   0.0000000E+00   0.0000000E+00   0.0000000E+00
   1.5542449E+03   0.0000000E+00   0.0000000E+00   0.0000000E+00   0.0000000E+00
   1.5542525E+03   0.0000000E+00   0.0000000E+00   0.0000000E+00   0.0000000E+00
   1.5542600E+03   0.0000000E+00   0.0000000E+00   0.0000000E+00   0.0000000E+00
   1.5542675E+03   0.0000000E+00   0.0000000E+00   0.0000000E+00   0.0000000E+00
   1.5542750E+03   0.0000000E+00   0.0000000E+00   0.0000000E+00   0.0000000E+00
   1.5542826E+03   0.0000000E+00   0.0000000E+00   0.0000000E+00   0.0000000E+00
   1.5542901E+03   0.0000000E+00   0.0000000E+00   0.0000000E+00   0.0000000E+00
   1.5542976E+03   0.0000000E+00   0.0000000E+00   0.0000000E+00   0.0000000E+00
   1.5543052E+03   0.0000000E+00   0.0000000E+00   0.0000000E+00   0.0000000E+00
   1.5543127E+03   0.0000000E+00   0.0000000E+00   0.0000000E+00   0.0000000E+00
   1.5543202E+03   0.0000000E+00   0.0000000E+00   0.0000000E+00   0.0000000E+00
   1.5543277E+03   0.0000000E+00   0.0000000E+00   0.0000000E+00   0.0000000E+00
   1.5543353E+03   0.0000000E+00   0.0000000E+00   0.0000000E+00   0.0000000E+00
   1.5543428E+03   0.0000000E+00   0.0000000E+00   0.0000000E+00   0.0000000E+00
   1.5543503E+03   0.0000000E+00   0.0000000E+00   0.0000000E+00   0.0000000E+00
   1.5543579E+03   0.0000000E+00   0.0000000E+00   0.0000000E+00   0.0000000E+00
   1.5543654E+03   0.0000000E+00   0.0000000E+00   0.0000000E+00   0.0000000E+00
   1.5543729E+03   0.0000000E+00   0.0000000E+00   0.0000000E+00   0.0000000E+00
   1.5543804E+03   0.0000000E+00   0.0000000E+00   0.0000000E+00   0.0000000E+00
   1.5543880E+03   0.0000000E+00   0.0000000E+00   0.0000000E+00   0.0000000E+00
   1.5543955E+03   0.0000000E+00   0.0000000E+00   0.0000000E+00   0.0000000E+00
   1.5544030E+03   0.0000000E+00   0.0000000E+00   0.0000000E+00   0.0000000E+00
   1.5544106E+03   0.0000000E+00   0.0000000E+00   0.0000000E+00   0.0000000E+00
   1.5544181E+03   0.0000000E+00   0.0000000E+00   0.0000000E+00   0.0000000E+00
   1.5544256E+03   0.0000000E+00   0.0000000E+00   0.0000000E+00   0.0000000E+00
   1.5544331E+03   0.0000000E+00   0.0000000E+00   0.0000000E+00   0.0000000E+00
   1.5544407E+03   0.0000000E+00   0.0000000E+00   0.0000000E+00   0.0000000E+00
   1.5544482E+03   0.0000000E+00   0.0000000E+00   0.0000000E+00   0.0000000E+00
   1.5544557E+03   0.0000000E+00   0.0000000E+00   0.0000000E+00   0.0000000E+00
   1.5544633E+03   0.0000000E+00   0.0000000E+00   0.0000000E+00   0.0000000E+00
   1.5544708E+03   0.0000000E+00   0.0000000E+00   0.0000000E+00   0.0000000E+00
   1.5544783E+03   0.0000000E+00   0.0000000E+00   0.0000000E+00   0.0000000E+00
   1.5544858E+03   0.0000000E+00   0.0000000E+00   0.0000000E+00   0.0000000E+00
   1.5544934E+03   0.0000000E+00   0.0000000E+00   0.0000000E+00   0.0000000E+00
   1.5545009E+03   0.0000000E+00   0.0000000E+00   0.0000000E+00   0.0000000E+00
   1.5545084E+03   0.0000000E+00   0.0000000E+00   0.0000000E+00   0.0000000E+00
   1.5545160E+03   0.0000000E+00   0.0000000E+00   0.0000000E+00   0.0000000E+00
   1.5545235E+03   0.0000000E+00   0.0000000E+00   0.0000000E+00   0.0000000E+00
   1.5545310E+03   0.0000000E+00   0.0000000E+00   0.0000000E+00   0.0000000E+00
   1.5545385E+03   0.0000000E+00   0.0000000E+00   0.0000000E+00   0.0000000E+00
   1.5545461E+03   0.0000000E+00   0.0000000E+00   0.0000000E+00   0.0000000E+00
   1.5545536E+03   0.0000000E+00   0.0000000E+00   0.0000000E+00   0.0000000E+00
   1.5545611E+03   0.0000000E+00   0.0000000E+00   0.0000000E+00   0.0000000E+00
   1.5545687E+03   0.0000000E+00   0.0000000E+00   0.0000000E+00   0.0000000E+00
   1.5545762E+03   0.0000000E+00   0.0000000E+00   0.0000000E+00   0.0000000E+00
   1.5545837E+03   0.0000000E+00   0.0000000E+00   0.0000000E+00   0.0000000E+00
   1.5545912E+03   0.0000000E+00   0.0000000E+00   0.0000000E+00   0.0000000E+00
   1.5545988E+03   0.0000000E+00   0.0000000E+00   0.0000000E+00   0.0000000E+00
   1.5546063E+03   0.0000000E+00   0.0000000E+00   0.0000000E+00   0.0000000E+00
   1.5546138E+03   0.0000000E+00   0.0000000E+00   0.0000000E+00   0.0000000E+00
   1.5546214E+03   0.0000000E+00   0.0000000E+00   0.0000000E+00   0.0000000E+00
   1.5546289E+03   0.0000000E+00   0.0000000E+00   0.0000000E+00   0.0000000E+00
   1.5546364E+03   0.0000000E+00   0.0000000E+00   0.0000000E+00   0.0000000E+00
   1.5546439E+03   0.0000000E+00   0.0000000E+00   0.0000000E+00   0.0000000E+00
   1.5546515E+03   0.0000000E+00   0.0000000E+00   0.0000000E+00   0.0000000E+00
   1.5546590E+03   0.0000000E+00   0.0000000E+00   0.0000000E+00   0.0000000E+00
   1.5546665E+03   0.0000000E+00   0.0000000E+00   0.0000000E+00   0.0000000E+00
   1.5546740E+03   0.0000000E+00   0.0000000E+00   0.0000000E+00   0.0000000E+00
   1.5546816E+03   0.0000000E+00   0.0000000E+00   0.0000000E+00   0.0000000E+00
   1.5546891E+03   0.0000000E+00   0.0000000E+00   0.0000000E+00   0.0000000E+00
   1.5546966E+03   0.0000000E+00   0.0000000E+00   0.0000000E+00   0.0000000E+00
   1.5547042E+03   0.0000000E+00   0.0000000E+00   0.0000000E+00   0.0000000E+00
   1.5547117E+03   0.0000000E+00   0.0000000E+00   0.0000000E+00   0.0000000E+00
   1.5547192E+03   0.0000000E+00   0.0000000E+00   0.0000000E+00   0.0000000E+00
   1.5547267E+03   0.0000000E+00   0.0000000E+00   0.0000000E+00   0.0000000E+00
   1.5547343E+03   0.0000000E+00   0.0000000E+00   0.0000000E+00   0.0000000E+00
   1.5547418E+03   0.0000000E+00   0.0000000E+00   0.0000000E+00   0.0000000E+00
   1.5547493E+03   0.0000000E+00   0.0000000E+00   0.0000000E+00   0.0000000E+00
   1.5547569E+03   0.0000000E+00   0.0000000E+00   0.0000000E+00   0.0000000E+00
   1.5547644E+03   0.0000000E+00   0.0000000E+00   0.0000000E+00   0.0000000E+00
   1.5547719E+03   0.0000000E+00   0.0000000E+00   0.0000000E+00   0.0000000E+00
   1.5547794E+03   0.0000000E+00   0.0000000E+00   0.0000000E+00   0.0000000E+00
   1.5547870E+03   0.0000000E+00   0.0000000E+00   0.0000000E+00   0.0000000E+00
   1.5547945E+03   0.0000000E+00   0.0000000E+00   0.0000000E+00   0.0000000E+00
   1.5548020E+03   0.0000000E+00   0.0000000E+00   0.0000000E+00   0.0000000E+00
   1.5548096E+03   0.0000000E+00   0.0000000E+00   0.0000000E+00   0.0000000E+00
   1.5548171E+03   0.0000000E+00   0.0000000E+00   0.0000000E+00   0.0000000E+00
   1.5548246E+03   0.0000000E+00   0.0000000E+00   0.0000000E+00   0.0000000E+00
   1.5548321E+03   0.0000000E+00   0.0000000E+00   0.0000000E+00   0.0000000E+00
   1.5548397E+03   0.0000000E+00   0.0000000E+00   0.0000000E+00   0.0000000E+00
   1.5548472E+03   0.0000000E+00   0.0000000E+00   0.0000000E+00   0.0000000E+00
   1.5548547E+03   0.0000000E+00   0.0000000E+00   0.0000000E+00   0.0000000E+00
   1.5548623E+03   0.0000000E+00   0.0000000E+00   0.0000000E+00   0.0000000E+00
   1.5548698E+03   0.0000000E+00   0.0000000E+00   0.0000000E+00   0.0000000E+00
   1.5548773E+03   0.0000000E+00   0.0000000E+00   0.0000000E+00   0.0000000E+00
   1.5548848E+03   0.0000000E+00   0.0000000E+00   0.0000000E+00   0.0000000E+00
   1.5548924E+03   0.0000000E+00   0.0000000E+00   0.0000000E+00   0.0000000E+00
   1.5548999E+03   0.0000000E+00   0.0000000E+00   0.0000000E+00   0.0000000E+00
   1.5549074E+03   0.0000000E+00   0.0000000E+00   0.0000000E+00   0.0000000E+00
   1.5549150E+03   0.0000000E+00   0.0000000E+00   0.0000000E+00   0.0000000E+00
   1.5549225E+03   0.0000000E+00   0.0000000E+00   0.0000000E+00   0.0000000E+00
   1.5549300E+03   0.0000000E+00   0.0000000E+00   0.0000000E+00   0.0000000E+00
   1.5549375E+03   0.0000000E+00   0.0000000E+00   0.0000000E+00   0.0000000E+00
   1.5549451E+03   0.0000000E+00   0.0000000E+00   0.0000000E+00   0.0000000E+00
   1.5549526E+03   0.0000000E+00   0.0000000E+00   0.0000000E+00   0.0000000E+00
   1.5549601E+03   0.0000000E+00   0.0000000E+00   0.0000000E+00   0.0000000E+00
   1.5549677E+03   0.0000000E+00   0.0000000E+00   0.0000000E+00   0.0000000E+00
   1.5549752E+03   0.0000000E+00   0.0000000E+00   0.0000000E+00   0.0000000E+00
   1.5549827E+03   0.0000000E+00   0.0000000E+00   0.0000000E+00   0.0000000E+00
   1.5549902E+03   0.0000000E+00   0.0000000E+00   0.0000000E+00   0.0000000E+00
   1.5549978E+03   0.0000000E+00   0.0000000E+00   0.0000000E+00   0.0000000E+00
   1.5550053E+03   0.0000000E+00   0.0000000E+00   0.0000000E+00   0.0000000E+00
   1.5550128E+03   0.0000000E+00   0.0000000E+00   0.0000000E+00   0.0000000E+00
   1.5550204E+03   0.0000000E+00   0.0000000E+00   0.0000000E+00   0.0000000E+00
   1.5550279E+03   0.0000000E+00   0.0000000E+00   0.0000000E+00   0.0000000E+00
   1.5550354E+03   0.0000000E+00   0.0000000E+00   0.0000000E+00   0.0000000E+00
   1.5550429E+03   0.0000000E+00   0.0000000E+00   0.0000000E+00   0.0000000E+00
   1.5550505E+03   0.0000000E+00   0.0000000E+00   0.0000000E+00   0.0000000E+00
   1.5550580E+03   0.0000000E+00   0.0000000E+00   0.0000000E+00   0.0000000E+00
   1.5550655E+03   0.0000000E+00   0.0000000E+00   0.0000000E+00   0.0000000E+00
   1.5550731E+03   0.0000000E+00   0.0000000E+00   0.0000000E+00   0.0000000E+00
   1.5550806E+03   0.0000000E+00   0.0000000E+00   0.0000000E+00   0.0000000E+00
   1.5550881E+03   0.0000000E+00   0.0000000E+00   0.0000000E+00   0.0000000E+00
   1.5550956E+03   0.0000000E+00   0.0000000E+00   0.0000000E+00   0.0000000E+00
   1.5551032E+03   0.0000000E+00   0.0000000E+00   0.0000000E+00   0.0000000E+00
   1.5551107E+03   0.0000000E+00   0.0000000E+00   0.0000000E+00   0.0000000E+00
   1.5551182E+03   0.0000000E+00   0.0000000E+00   0.0000000E+00   0.0000000E+00
   1.5551257E+03   0.0000000E+00   0.0000000E+00   0.0000000E+00   0.0000000E+00
   1.5551333E+03   0.0000000E+00   0.0000000E+00   0.0000000E+00   0.0000000E+00
   1.5551408E+03   0.0000000E+00   0.0000000E+00   0.0000000E+00   0.0000000E+00
   1.5551483E+03   0.0000000E+00   0.0000000E+00   0.0000000E+00   0.0000000E+00
   1.5551559E+03   0.0000000E+00   0.0000000E+00   0.0000000E+00   0.0000000E+00
   1.5551634E+03   0.0000000E+00   0.0000000E+00   0.0000000E+00   0.0000000E+00
   1.5551709E+03   0.0000000E+00   0.0000000E+00   0.0000000E+00   0.0000000E+00
   1.5551784E+03   0.0000000E+00   0.0000000E+00   0.0000000E+00   0.0000000E+00
   1.5551860E+03   0.0000000E+00   0.0000000E+00   0.0000000E+00   0.0000000E+00
   1.5551935E+03   0.0000000E+00   0.0000000E+00   0.0000000E+00   0.0000000E+00
   1.5552010E+03   0.0000000E+00   0.0000000E+00   0.0000000E+00   0.0000000E+00
   1.5552086E+03   0.0000000E+00   0.0000000E+00   0.0000000E+00   0.0000000E+00
   1.5552161E+03   0.0000000E+00   0.0000000E+00   0.0000000E+00   0.0000000E+00
   1.5552236E+03   0.0000000E+00   0.0000000E+00   0.0000000E+00   0.0000000E+00
   1.5552311E+03   0.0000000E+00   0.0000000E+00   0.0000000E+00   0.0000000E+00
   1.5552387E+03   0.0000000E+00   0.0000000E+00   0.0000000E+00   0.0000000E+00
   1.5552462E+03   0.0000000E+00   0.0000000E+00   0.0000000E+00   0.0000000E+00
   1.5552537E+03   0.0000000E+00   0.0000000E+00   0.0000000E+00   0.0000000E+00
   1.5552613E+03   0.0000000E+00   0.0000000E+00   0.0000000E+00   0.0000000E+00
   1.5552688E+03   0.0000000E+00   0.0000000E+00   0.0000000E+00   0.0000000E+00
   1.5552763E+03   0.0000000E+00   0.0000000E+00   0.0000000E+00   0.0000000E+00
   1.5552838E+03   0.0000000E+00   0.0000000E+00   0.0000000E+00   0.0000000E+00
   1.5552914E+03   0.0000000E+00   0.0000000E+00   0.0000000E+00   0.0000000E+00
   1.5552989E+03   0.0000000E+00   0.0000000E+00   0.0000000E+00   0.0000000E+00
   1.5553064E+03   0.0000000E+00   0.0000000E+00   0.0000000E+00   0.0000000E+00
   1.5553140E+03   0.0000000E+00   0.0000000E+00   0.0000000E+00   0.0000000E+00
   1.5553215E+03   0.0000000E+00   0.0000000E+00   0.0000000E+00   0.0000000E+00
   1.5553290E+03   0.0000000E+00   0.0000000E+00   0.0000000E+00   0.0000000E+00
   1.5553365E+03   0.0000000E+00   0.0000000E+00   0.0000000E+00   0.0000000E+00
   1.5553441E+03   0.0000000E+00   0.0000000E+00   0.0000000E+00   0.0000000E+00
   1.5553516E+03   0.0000000E+00   0.0000000E+00   0.0000000E+00   0.0000000E+00
   1.5553591E+03   0.0000000E+00   0.0000000E+00   0.0000000E+00   0.0000000E+00
   1.5553667E+03   0.0000000E+00   0.0000000E+00   0.0000000E+00   0.0000000E+00
   1.5553742E+03   0.0000000E+00   0.0000000E+00   0.0000000E+00   0.0000000E+00
   1.5553817E+03   0.0000000E+00   0.0000000E+00   0.0000000E+00   0.0000000E+00
   1.5553892E+03   0.0000000E+00   0.0000000E+00   0.0000000E+00   0.0000000E+00
   1.5553968E+03   0.0000000E+00   0.0000000E+00   0.0000000E+00   0.0000000E+00
   1.5554043E+03   0.0000000E+00   0.0000000E+00   0.0000000E+00   0.0000000E+00
   1.5554118E+03   0.0000000E+00   0.0000000E+00   0.0000000E+00   0.0000000E+00
   1.5554194E+03   0.0000000E+00   0.0000000E+00   0.0000000E+00   0.0000000E+00
   1.5554269E+03   0.0000000E+00   0.0000000E+00   0.0000000E+00   0.0000000E+00
   1.5554344E+03   0.0000000E+00   0.0000000E+00   0.0000000E+00   0.0000000E+00
   1.5554419E+03   0.0000000E+00   0.0000000E+00   0.0000000E+00   0.0000000E+00
   1.5554495E+03   0.0000000E+00   0.0000000E+00   0.0000000E+00   0.0000000E+00
   1.5554570E+03   0.0000000E+00   0.0000000E+00   0.0000000E+00   0.0000000E+00
   1.5554645E+03   0.0000000E+00   0.0000000E+00   0.0000000E+00   0.0000000E+00
   1.5554721E+03   0.0000000E+00   0.0000000E+00   0.0000000E+00   0.0000000E+00
   1.5554796E+03   0.0000000E+00   0.0000000E+00   0.0000000E+00   0.0000000E+00
   1.5554871E+03   0.0000000E+00   0.0000000E+00   0.0000000E+00   0.0000000E+00
   1.5554946E+03   0.0000000E+00   0.0000000E+00   0.0000000E+00   0.0000000E+00
   1.5555022E+03   0.0000000E+00   0.0000000E+00   0.0000000E+00   0.0000000E+00
   1.5555097E+03   0.0000000E+00   0.0000000E+00   0.0000000E+00   0.0000000E+00
   1.5555172E+03   0.0000000E+00   0.0000000E+00   0.0000000E+00   0.0000000E+00
   1.5555248E+03   0.0000000E+00   0.0000000E+00   0.0000000E+00   0.0000000E+00
   1.5555323E+03   0.0000000E+00   0.0000000E+00   0.0000000E+00   0.0000000E+00
   1.5555398E+03   0.0000000E+00   0.0000000E+00   0.0000000E+00   0.0000000E+00
   1.5555473E+03   0.0000000E+00   0.0000000E+00   0.0000000E+00   0.0000000E+00
   1.5555549E+03   0.0000000E+00   0.0000000E+00   0.0000000E+00   0.0000000E+00
   1.5555624E+03   0.0000000E+00   0.0000000E+00   0.0000000E+00   0.0000000E+00
   1.5555699E+03   0.0000000E+00   0.0000000E+00   0.0000000E+00   0.0000000E+00
   1.5555774E+03   0.0000000E+00   0.0000000E+00   0.0000000E+00   0.0000000E+00
   1.5555850E+03   0.0000000E+00   0.0000000E+00   0.0000000E+00   0.0000000E+00
   1.5555925E+03   0.0000000E+00   0.0000000E+00   0.0000000E+00   0.0000000E+00
   1.5556000E+03   0.0000000E+00   0.0000000E+00   0.0000000E+00   0.0000000E+00
   1.5556076E+03   0.0000000E+00   0.0000000E+00   0.0000000E+00   0.0000000E+00
   1.5556151E+03   0.0000000E+00   0.0000000E+00   0.0000000E+00   0.0000000E+00
   1.5556226E+03   0.0000000E+00   0.0000000E+00   0.0000000E+00   0.0000000E+00
   1.5556301E+03   0.0000000E+00   0.0000000E+00   0.0000000E+00   0.0000000E+00
   1.5556377E+03   0.0000000E+00   0.0000000E+00   0.0000000E+00   0.0000000E+00
   1.5556452E+03   0.0000000E+00   0.0000000E+00   0.0000000E+00   0.0000000E+00
   1.5556527E+03   0.0000000E+00   0.0000000E+00   0.0000000E+00   0.0000000E+00
   1.5556603E+03   0.0000000E+00   0.0000000E+00   0.0000000E+00   0.0000000E+00
   1.5556678E+03   0.0000000E+00   0.0000000E+00   0.0000000E+00   0.0000000E+00
   1.5556753E+03   0.0000000E+00   0.0000000E+00   0.0000000E+00   0.0000000E+00
   1.5556828E+03   0.0000000E+00   0.0000000E+00   0.0000000E+00   0.0000000E+00
   1.5556904E+03   0.0000000E+00   0.0000000E+00   0.0000000E+00   0.0000000E+00
   1.5556979E+03   0.0000000E+00   0.0000000E+00   0.0000000E+00   0.0000000E+00
   1.5557054E+03   0.0000000E+00   0.0000000E+00   0.0000000E+00   0.0000000E+00
   1.5557130E+03   0.0000000E+00   0.0000000E+00   0.0000000E+00   0.0000000E+00
   1.5557205E+03   0.0000000E+00   0.0000000E+00   0.0000000E+00   0.0000000E+00
   1.5557280E+03   0.0000000E+00   0.0000000E+00   0.0000000E+00   0.0000000E+00
   1.5557355E+03   0.0000000E+00   0.0000000E+00   0.0000000E+00   0.0000000E+00
   1.5557431E+03   0.0000000E+00   0.0000000E+00   0.0000000E+00   0.0000000E+00
   1.5557506E+03   0.0000000E+00   0.0000000E+00   0.0000000E+00   0.0000000E+00
   1.5557581E+03   0.0000000E+00   0.0000000E+00   0.0000000E+00   0.0000000E+00
   1.5557657E+03   0.0000000E+00   0.0000000E+00   0.0000000E+00   0.0000000E+00
   1.5557732E+03   0.0000000E+00   0.0000000E+00   0.0000000E+00   0.0000000E+00
   1.5557807E+03   0.0000000E+00   0.0000000E+00   0.0000000E+00   0.0000000E+00
   1.5557882E+03   0.0000000E+00   0.0000000E+00   0.0000000E+00   0.0000000E+00
   1.5557958E+03   0.0000000E+00   0.0000000E+00   0.0000000E+00   0.0000000E+00
   1.5558033E+03   0.0000000E+00   0.0000000E+00   0.0000000E+00   0.0000000E+00
   1.5558108E+03   0.0000000E+00   0.0000000E+00   0.0000000E+00   0.0000000E+00
   1.5558184E+03   0.0000000E+00   0.0000000E+00   0.0000000E+00   0.0000000E+00
   1.5558259E+03   0.0000000E+00   0.0000000E+00   0.0000000E+00   0.0000000E+00
   1.5558334E+03   0.0000000E+00   0.0000000E+00   0.0000000E+00   0.0000000E+00
   1.5558409E+03   0.0000000E+00   0.0000000E+00   0.0000000E+00   0.0000000E+00
   1.5558485E+03   0.0000000E+00   0.0000000E+00   0.0000000E+00   0.0000000E+00
   1.5558560E+03   0.0000000E+00   0.0000000E+00   0.0000000E+00   0.0000000E+00
   1.5558635E+03   0.0000000E+00   0.0000000E+00   0.0000000E+00   0.0000000E+00
   1.5558711E+03   0.0000000E+00   0.0000000E+00   0.0000000E+00   0.0000000E+00
   1.5558786E+03   0.0000000E+00   0.0000000E+00   0.0000000E+00   0.0000000E+00
   1.5558861E+03   0.0000000E+00   0.0000000E+00   0.0000000E+00   0.0000000E+00
   1.5558936E+03   0.0000000E+00   0.0000000E+00   0.0000000E+00   0.0000000E+00
   1.5559012E+03   0.0000000E+00   0.0000000E+00   0.0000000E+00   0.0000000E+00
   1.5559087E+03   0.0000000E+00   0.0000000E+00   0.0000000E+00   0.0000000E+00
   1.5559162E+03   0.0000000E+00   0.0000000E+00   0.0000000E+00   0.0000000E+00
   1.5559238E+03   0.0000000E+00   0.0000000E+00   0.0000000E+00   0.0000000E+00
   1.5559313E+03   0.0000000E+00   0.0000000E+00   0.0000000E+00   0.0000000E+00
   1.5559388E+03   0.0000000E+00   0.0000000E+00   0.0000000E+00   0.0000000E+00
   1.5559463E+03   0.0000000E+00   0.0000000E+00   0.0000000E+00   0.0000000E+00
   1.5559539E+03   0.0000000E+00   0.0000000E+00   0.0000000E+00   0.0000000E+00
   1.5559614E+03   0.0000000E+00   0.0000000E+00   0.0000000E+00   0.0000000E+00
   1.5559689E+03   0.0000000E+00   0.0000000E+00   0.0000000E+00   0.0000000E+00
   1.5559765E+03   0.0000000E+00   0.0000000E+00   0.0000000E+00   0.0000000E+00
   1.5559840E+03   0.0000000E+00   0.0000000E+00   0.0000000E+00   0.0000000E+00
   1.5559915E+03   0.0000000E+00   0.0000000E+00   0.0000000E+00   0.0000000E+00
   1.5559990E+03   0.0000000E+00   0.0000000E+00   0.0000000E+00   0.0000000E+00
   1.5560066E+03   0.0000000E+00   0.0000000E+00   0.0000000E+00   0.0000000E+00
   1.5560141E+03   0.0000000E+00   0.0000000E+00   0.0000000E+00   0.0000000E+00
   1.5560216E+03   0.0000000E+00   0.0000000E+00   0.0000000E+00   0.0000000E+00
   1.5560291E+03   0.0000000E+00   0.0000000E+00   0.0000000E+00   0.0000000E+00
   1.5560367E+03   0.0000000E+00   0.0000000E+00   0.0000000E+00   0.0000000E+00
   1.5560442E+03   0.0000000E+00   0.0000000E+00   0.0000000E+00   0.0000000E+00
   1.5560517E+03   0.0000000E+00   0.0000000E+00   0.0000000E+00   0.0000000E+00
   1.5560593E+03   0.0000000E+00   0.0000000E+00   0.0000000E+00   0.0000000E+00
   1.5560668E+03   0.0000000E+00   0.0000000E+00   0.0000000E+00   0.0000000E+00
   1.5560743E+03   0.0000000E+00   0.0000000E+00   0.0000000E+00   0.0000000E+00
   1.5560818E+03   0.0000000E+00   0.0000000E+00   0.0000000E+00   0.0000000E+00
   1.5560894E+03   0.0000000E+00   0.0000000E+00   0.0000000E+00   0.0000000E+00
   1.5560969E+03   0.0000000E+00   0.0000000E+00   0.0000000E+00   0.0000000E+00
   1.5561044E+03   0.0000000E+00   0.0000000E+00   0.0000000E+00   0.0000000E+00
   1.5561120E+03   0.0000000E+00   0.0000000E+00   0.0000000E+00   0.0000000E+00
   1.5561195E+03   0.0000000E+00   0.0000000E+00   0.0000000E+00   0.0000000E+00
   1.5561270E+03   0.0000000E+00   0.0000000E+00   0.0000000E+00   0.0000000E+00
   1.5561345E+03   0.0000000E+00   0.0000000E+00   0.0000000E+00   0.0000000E+00
   1.5561421E+03   0.0000000E+00   0.0000000E+00   0.0000000E+00   0.0000000E+00
   1.5561496E+03   0.0000000E+00   0.0000000E+00   0.0000000E+00   0.0000000E+00
   1.5561571E+03   0.0000000E+00   0.0000000E+00   0.0000000E+00   0.0000000E+00
   1.5561647E+03   0.0000000E+00   0.0000000E+00   0.0000000E+00   0.0000000E+00
   1.5561722E+03   0.0000000E+00   0.0000000E+00   0.0000000E+00   0.0000000E+00
   1.5561797E+03   0.0000000E+00   0.0000000E+00   0.0000000E+00   0.0000000E+00
   1.5561872E+03   0.0000000E+00   0.0000000E+00   0.0000000E+00   0.0000000E+00
   1.5561948E+03   0.0000000E+00   0.0000000E+00   0.0000000E+00   0.0000000E+00
   1.5562023E+03   0.0000000E+00   0.0000000E+00   0.0000000E+00   0.0000000E+00
   1.5562098E+03   0.0000000E+00   0.0000000E+00   0.0000000E+00   0.0000000E+00
   1.5562174E+03   0.0000000E+00   0.0000000E+00   0.0000000E+00   0.0000000E+00
   1.5562249E+03   0.0000000E+00   0.0000000E+00   0.0000000E+00   0.0000000E+00
   1.5562324E+03   0.0000000E+00   0.0000000E+00   0.0000000E+00   0.0000000E+00
   1.5562399E+03   0.0000000E+00   0.0000000E+00   0.0000000E+00   0.0000000E+00
   1.5562475E+03   0.0000000E+00   0.0000000E+00   0.0000000E+00   0.0000000E+00
   1.5562550E+03   0.0000000E+00   0.0000000E+00   0.0000000E+00   0.0000000E+00
   1.5562625E+03   0.0000000E+00   0.0000000E+00   0.0000000E+00   0.0000000E+00
   1.5562701E+03   0.0000000E+00   0.0000000E+00   0.0000000E+00   0.0000000E+00
   1.5562776E+03   0.0000000E+00   0.0000000E+00   0.0000000E+00   0.0000000E+00
   1.5562851E+03   0.0000000E+00   0.0000000E+00   0.0000000E+00   0.0000000E+00
   1.5562926E+03   0.0000000E+00   0.0000000E+00   0.0000000E+00   0.0000000E+00
   1.5563002E+03   0.0000000E+00   0.0000000E+00   0.0000000E+00   0.0000000E+00
   1.5563077E+03   0.0000000E+00   0.0000000E+00   0.0000000E+00   0.0000000E+00
   1.5563152E+03   0.0000000E+00   0.0000000E+00   0.0000000E+00   0.0000000E+00
   1.5563228E+03   0.0000000E+00   0.0000000E+00   0.0000000E+00   0.0000000E+00
   1.5563303E+03   0.0000000E+00   0.0000000E+00   0.0000000E+00   0.0000000E+00
   1.5563378E+03   0.0000000E+00   0.0000000E+00   0.0000000E+00   0.0000000E+00
   1.5563453E+03   0.0000000E+00   0.0000000E+00   0.0000000E+00   0.0000000E+00
   1.5563529E+03   0.0000000E+00   0.0000000E+00   0.0000000E+00   0.0000000E+00
   1.5563604E+03   0.0000000E+00   0.0000000E+00   0.0000000E+00   0.0000000E+00
   1.5563679E+03   0.0000000E+00   0.0000000E+00   0.0000000E+00   0.0000000E+00
   1.5563755E+03   0.0000000E+00   0.0000000E+00   0.0000000E+00   0.0000000E+00
   1.5563830E+03   0.0000000E+00   0.0000000E+00   0.0000000E+00   0.0000000E+00
   1.5563905E+03   0.0000000E+00   0.0000000E+00   0.0000000E+00   0.0000000E+00
   1.5563980E+03   0.0000000E+00   0.0000000E+00   0.0000000E+00   0.0000000E+00
   1.5564056E+03   0.0000000E+00   0.0000000E+00   0.0000000E+00   0.0000000E+00
   1.5564131E+03   0.0000000E+00   0.0000000E+00   0.0000000E+00   0.0000000E+00
   1.5564206E+03   0.0000000E+00   0.0000000E+00   0.0000000E+00   0.0000000E+00
   1.5564282E+03   0.0000000E+00   0.0000000E+00   0.0000000E+00   0.0000000E+00
   1.5564357E+03   0.0000000E+00   0.0000000E+00   0.0000000E+00   0.0000000E+00
   1.5564432E+03   0.0000000E+00   0.0000000E+00   0.0000000E+00   0.0000000E+00
   1.5564507E+03   0.0000000E+00   0.0000000E+00   0.0000000E+00   0.0000000E+00
   1.5564583E+03   0.0000000E+00   0.0000000E+00   0.0000000E+00   0.0000000E+00
   1.5564658E+03   0.0000000E+00   0.0000000E+00   0.0000000E+00   0.0000000E+00
   1.5564733E+03   0.0000000E+00   0.0000000E+00   0.0000000E+00   0.0000000E+00
   1.5564808E+03   0.0000000E+00   0.0000000E+00   0.0000000E+00   0.0000000E+00
   1.5564884E+03   0.0000000E+00   0.0000000E+00   0.0000000E+00   0.0000000E+00
   1.5564959E+03   0.0000000E+00   0.0000000E+00   0.0000000E+00   0.0000000E+00
   1.5565034E+03   0.0000000E+00   0.0000000E+00   0.0000000E+00   0.0000000E+00
   1.5565110E+03   0.0000000E+00   0.0000000E+00   0.0000000E+00   0.0000000E+00
   1.5565185E+03   0.0000000E+00   0.0000000E+00   0.0000000E+00   0.0000000E+00
   1.5565260E+03   0.0000000E+00   0.0000000E+00   0.0000000E+00   0.0000000E+00
   1.5565335E+03   0.0000000E+00   0.0000000E+00   0.0000000E+00   0.0000000E+00
   1.5565411E+03   0.0000000E+00   0.0000000E+00   0.0000000E+00   0.0000000E+00
   1.5565486E+03   0.0000000E+00   0.0000000E+00   0.0000000E+00   0.0000000E+00
   1.5565561E+03   0.0000000E+00   0.0000000E+00   0.0000000E+00   0.0000000E+00
   1.5565637E+03   0.0000000E+00   0.0000000E+00   0.0000000E+00   0.0000000E+00
   1.5565712E+03   0.0000000E+00   0.0000000E+00   0.0000000E+00   0.0000000E+00
   1.5565787E+03   0.0000000E+00   0.0000000E+00   0.0000000E+00   0.0000000E+00
   1.5565862E+03   0.0000000E+00   0.0000000E+00   0.0000000E+00   0.0000000E+00
   1.5565938E+03   0.0000000E+00   0.0000000E+00   0.0000000E+00   0.0000000E+00
   1.5566013E+03   0.0000000E+00   0.0000000E+00   0.0000000E+00   0.0000000E+00
   1.5566088E+03   0.0000000E+00   0.0000000E+00   0.0000000E+00   0.0000000E+00
   1.5566164E+03   0.0000000E+00   0.0000000E+00   0.0000000E+00   0.0000000E+00
   1.5566239E+03   0.0000000E+00   0.0000000E+00   0.0000000E+00   0.0000000E+00
   1.5566314E+03   0.0000000E+00   0.0000000E+00   0.0000000E+00   0.0000000E+00
   1.5566389E+03   0.0000000E+00   0.0000000E+00   0.0000000E+00   0.0000000E+00
   1.5566465E+03   0.0000000E+00   0.0000000E+00   0.0000000E+00   0.0000000E+00
   1.5566540E+03   0.0000000E+00   0.0000000E+00   0.0000000E+00   0.0000000E+00
   1.5566615E+03   0.0000000E+00   0.0000000E+00   0.0000000E+00   0.0000000E+00
   1.5566691E+03   0.0000000E+00   0.0000000E+00   0.0000000E+00   0.0000000E+00
   1.5566766E+03   0.0000000E+00   0.0000000E+00   0.0000000E+00   0.0000000E+00
   1.5566841E+03   0.0000000E+00   0.0000000E+00   0.0000000E+00   0.0000000E+00
   1.5566916E+03   0.0000000E+00   0.0000000E+00   0.0000000E+00   0.0000000E+00
   1.5566992E+03   0.0000000E+00   0.0000000E+00   0.0000000E+00   0.0000000E+00
   1.5567067E+03   0.0000000E+00   0.0000000E+00   0.0000000E+00   0.0000000E+00
   1.5567142E+03   0.0000000E+00   0.0000000E+00   0.0000000E+00   0.0000000E+00
   1.5567218E+03   0.0000000E+00   0.0000000E+00   0.0000000E+00   0.0000000E+00
   1.5567293E+03   0.0000000E+00   0.0000000E+00   0.0000000E+00   0.0000000E+00
   1.5567368E+03   0.0000000E+00   0.0000000E+00   0.0000000E+00   0.0000000E+00
   1.5567443E+03   0.0000000E+00   0.0000000E+00   0.0000000E+00   0.0000000E+00
   1.5567519E+03   0.0000000E+00   0.0000000E+00   0.0000000E+00   0.0000000E+00
   1.5567594E+03   0.0000000E+00   0.0000000E+00   0.0000000E+00   0.0000000E+00
   1.5567669E+03   0.0000000E+00   0.0000000E+00   0.0000000E+00   0.0000000E+00
   1.5567745E+03   0.0000000E+00   0.0000000E+00   0.0000000E+00   0.0000000E+00
   1.5567820E+03   0.0000000E+00   0.0000000E+00   0.0000000E+00   0.0000000E+00
   1.5567895E+03   0.0000000E+00   0.0000000E+00   0.0000000E+00   0.0000000E+00
   1.5567970E+03   0.0000000E+00   0.0000000E+00   0.0000000E+00   0.0000000E+00
   1.5568046E+03   0.0000000E+00   0.0000000E+00   0.0000000E+00   0.0000000E+00
   1.5568121E+03   0.0000000E+00   0.0000000E+00   0.0000000E+00   0.0000000E+00
   1.5568196E+03   0.0000000E+00   0.0000000E+00   0.0000000E+00   0.0000000E+00
   1.5568272E+03   0.0000000E+00   0.0000000E+00   0.0000000E+00   0.0000000E+00
   1.5568347E+03   0.0000000E+00   0.0000000E+00   0.0000000E+00   0.0000000E+00
   1.5568422E+03   0.0000000E+00   0.0000000E+00   0.0000000E+00   0.0000000E+00
   1.5568497E+03   0.0000000E+00   0.0000000E+00   0.0000000E+00   0.0000000E+00
   1.5568573E+03   0.0000000E+00   0.0000000E+00   0.0000000E+00   0.0000000E+00
   1.5568648E+03   0.0000000E+00   0.0000000E+00   0.0000000E+00   0.0000000E+00
   1.5568723E+03   0.0000000E+00   0.0000000E+00   0.0000000E+00   0.0000000E+00
   1.5568799E+03   0.0000000E+00   0.0000000E+00   0.0000000E+00   0.0000000E+00
   1.5568874E+03   0.0000000E+00   0.0000000E+00   0.0000000E+00   0.0000000E+00
   1.5568949E+03   0.0000000E+00   0.0000000E+00   0.0000000E+00   0.0000000E+00
   1.5569024E+03   0.0000000E+00   0.0000000E+00   0.0000000E+00   0.0000000E+00
   1.5569100E+03   0.0000000E+00   0.0000000E+00   0.0000000E+00   0.0000000E+00
   1.5569175E+03   0.0000000E+00   0.0000000E+00   0.0000000E+00   0.0000000E+00
   1.5569250E+03   0.0000000E+00   0.0000000E+00   0.0000000E+00   0.0000000E+00
   1.5569325E+03   0.0000000E+00   0.0000000E+00   0.0000000E+00   0.0000000E+00
   1.5569401E+03   0.0000000E+00   0.0000000E+00   0.0000000E+00   0.0000000E+00
   1.5569476E+03   0.0000000E+00   0.0000000E+00   0.0000000E+00   0.0000000E+00
   1.5569551E+03   0.0000000E+00   0.0000000E+00   0.0000000E+00   0.0000000E+00
   1.5569627E+03   0.0000000E+00   0.0000000E+00   0.0000000E+00   0.0000000E+00
   1.5569702E+03   0.0000000E+00   0.0000000E+00   0.0000000E+00   0.0000000E+00
   1.5569777E+03   0.0000000E+00   0.0000000E+00   0.0000000E+00   0.0000000E+00
   1.5569852E+03   0.0000000E+00   0.0000000E+00   0.0000000E+00   0.0000000E+00
   1.5569928E+03   0.0000000E+00   0.0000000E+00   0.0000000E+00   0.0000000E+00
   1.5570003E+03   0.0000000E+00   0.0000000E+00   0.0000000E+00   0.0000000E+00
   1.5570078E+03   0.0000000E+00   0.0000000E+00   0.0000000E+00   0.0000000E+00
   1.5570154E+03   0.0000000E+00   0.0000000E+00   0.0000000E+00   0.0000000E+00
   1.5570229E+03   0.0000000E+00   0.0000000E+00   0.0000000E+00   0.0000000E+00
   1.5570304E+03   0.0000000E+00   0.0000000E+00   0.0000000E+00   0.0000000E+00
   1.5570379E+03   0.0000000E+00   0.0000000E+00   0.0000000E+00   0.0000000E+00
   1.5570455E+03   0.0000000E+00   0.0000000E+00   0.0000000E+00   0.0000000E+00
   1.5570530E+03   0.0000000E+00   0.0000000E+00   0.0000000E+00   0.0000000E+00
   1.5570605E+03   0.0000000E+00   0.0000000E+00   0.0000000E+00   0.0000000E+00
   1.5570681E+03   0.0000000E+00   0.0000000E+00   0.0000000E+00   0.0000000E+00
   1.5570756E+03   0.0000000E+00   0.0000000E+00   0.0000000E+00   0.0000000E+00
   1.5570831E+03   0.0000000E+00   0.0000000E+00   0.0000000E+00   0.0000000E+00
   1.5570906E+03   0.0000000E+00   0.0000000E+00   0.0000000E+00   0.0000000E+00
   1.5570982E+03   0.0000000E+00   0.0000000E+00   0.0000000E+00   0.0000000E+00
   1.5571057E+03   0.0000000E+00   0.0000000E+00   0.0000000E+00   0.0000000E+00
   1.5571132E+03   0.0000000E+00   0.0000000E+00   0.0000000E+00   0.0000000E+00
   1.5571208E+03   0.0000000E+00   0.0000000E+00   0.0000000E+00   0.0000000E+00
   1.5571283E+03   0.0000000E+00   0.0000000E+00   0.0000000E+00   0.0000000E+00
   1.5571358E+03   0.0000000E+00   0.0000000E+00   0.0000000E+00   0.0000000E+00
   1.5571433E+03   0.0000000E+00   0.0000000E+00   0.0000000E+00   0.0000000E+00
   1.5571509E+03   0.0000000E+00   0.0000000E+00   0.0000000E+00   0.0000000E+00
   1.5571584E+03   0.0000000E+00   0.0000000E+00   0.0000000E+00   0.0000000E+00
   1.5571659E+03   0.0000000E+00   0.0000000E+00   0.0000000E+00   0.0000000E+00
   1.5571735E+03   0.0000000E+00   0.0000000E+00   0.0000000E+00   0.0000000E+00
   1.5571810E+03   0.0000000E+00   0.0000000E+00   0.0000000E+00   0.0000000E+00
   1.5571885E+03   0.0000000E+00   0.0000000E+00   0.0000000E+00   0.0000000E+00
   1.5571960E+03   0.0000000E+00   0.0000000E+00   0.0000000E+00   0.0000000E+00
   1.5572036E+03   0.0000000E+00   0.0000000E+00   0.0000000E+00   0.0000000E+00
   1.5572111E+03   0.0000000E+00   0.0000000E+00   0.0000000E+00   0.0000000E+00
   1.5572186E+03   0.0000000E+00   0.0000000E+00   0.0000000E+00   0.0000000E+00
   1.5572262E+03   0.0000000E+00   0.0000000E+00   0.0000000E+00   0.0000000E+00
   1.5572337E+03   0.0000000E+00   0.0000000E+00   0.0000000E+00   0.0000000E+00
   1.5572412E+03   0.0000000E+00   0.0000000E+00   0.0000000E+00   0.0000000E+00
   1.5572487E+03   0.0000000E+00   0.0000000E+00   0.0000000E+00   0.0000000E+00
   1.5572563E+03   0.0000000E+00   0.0000000E+00   0.0000000E+00   0.0000000E+00
   1.5572638E+03   0.0000000E+00   0.0000000E+00   0.0000000E+00   0.0000000E+00
   1.5572713E+03   0.0000000E+00   0.0000000E+00   0.0000000E+00   0.0000000E+00
   1.5572789E+03   0.0000000E+00   0.0000000E+00   0.0000000E+00   0.0000000E+00
   1.5572864E+03   0.0000000E+00   0.0000000E+00   0.0000000E+00   0.0000000E+00
   1.5572939E+03   0.0000000E+00   0.0000000E+00   0.0000000E+00   0.0000000E+00
   1.5573014E+03   0.0000000E+00   0.0000000E+00   0.0000000E+00   0.0000000E+00
   1.5573090E+03   0.0000000E+00   0.0000000E+00   0.0000000E+00   0.0000000E+00
   1.5573165E+03   0.0000000E+00   0.0000000E+00   0.0000000E+00   0.0000000E+00
   1.5573240E+03   0.0000000E+00   0.0000000E+00   0.0000000E+00   0.0000000E+00
   1.5573316E+03   0.0000000E+00   0.0000000E+00   0.0000000E+00   0.0000000E+00
   1.5573391E+03   0.0000000E+00   0.0000000E+00   0.0000000E+00   0.0000000E+00
   1.5573466E+03   0.0000000E+00   0.0000000E+00   0.0000000E+00   0.0000000E+00
   1.5573541E+03   0.0000000E+00   0.0000000E+00   0.0000000E+00   0.0000000E+00
   1.5573617E+03   0.0000000E+00   0.0000000E+00   0.0000000E+00   0.0000000E+00
   1.5573692E+03   0.0000000E+00   0.0000000E+00   0.0000000E+00   0.0000000E+00
   1.5573767E+03   0.0000000E+00   0.0000000E+00   0.0000000E+00   0.0000000E+00
   1.5573842E+03   0.0000000E+00   0.0000000E+00   0.0000000E+00   0.0000000E+00
   1.5573918E+03   0.0000000E+00   0.0000000E+00   0.0000000E+00   0.0000000E+00
   1.5573993E+03   0.0000000E+00   0.0000000E+00   0.0000000E+00   0.0000000E+00
   1.5574068E+03   0.0000000E+00   0.0000000E+00   0.0000000E+00   0.0000000E+00
   1.5574144E+03   0.0000000E+00   0.0000000E+00   0.0000000E+00   0.0000000E+00
   1.5574219E+03   0.0000000E+00   0.0000000E+00   0.0000000E+00   0.0000000E+00
   1.5574294E+03   0.0000000E+00   0.0000000E+00   0.0000000E+00   0.0000000E+00
   1.5574369E+03   0.0000000E+00   0.0000000E+00   0.0000000E+00   0.0000000E+00
   1.5574445E+03   0.0000000E+00   0.0000000E+00   0.0000000E+00   0.0000000E+00
   1.5574520E+03   0.0000000E+00   0.0000000E+00   0.0000000E+00   0.0000000E+00
   1.5574595E+03   0.0000000E+00   0.0000000E+00   0.0000000E+00   0.0000000E+00
   1.5574671E+03   0.0000000E+00   0.0000000E+00   0.0000000E+00   0.0000000E+00
   1.5574746E+03   0.0000000E+00   0.0000000E+00   0.0000000E+00   0.0000000E+00
   1.5574821E+03   0.0000000E+00   0.0000000E+00   0.0000000E+00   0.0000000E+00
   1.5574896E+03   0.0000000E+00   0.0000000E+00   0.0000000E+00   0.0000000E+00
   1.5574972E+03   0.0000000E+00   0.0000000E+00   0.0000000E+00   0.0000000E+00
   1.5575047E+03   0.0000000E+00   0.0000000E+00   0.0000000E+00   0.0000000E+00
   1.5575122E+03   0.0000000E+00   0.0000000E+00   0.0000000E+00   0.0000000E+00
   1.5575198E+03   0.0000000E+00   0.0000000E+00   0.0000000E+00   0.0000000E+00
   1.5575273E+03   0.0000000E+00   0.0000000E+00   0.0000000E+00   0.0000000E+00
   1.5575348E+03   0.0000000E+00   0.0000000E+00   0.0000000E+00   0.0000000E+00
   1.5575423E+03   0.0000000E+00   0.0000000E+00   0.0000000E+00   0.0000000E+00
   1.5575499E+03   0.0000000E+00   0.0000000E+00   0.0000000E+00   0.0000000E+00
   1.5575574E+03   0.0000000E+00   0.0000000E+00   0.0000000E+00   0.0000000E+00
   1.5575649E+03   0.0000000E+00   0.0000000E+00   0.0000000E+00   0.0000000E+00
   1.5575725E+03   0.0000000E+00   0.0000000E+00   0.0000000E+00   0.0000000E+00
   1.5575800E+03   0.0000000E+00   0.0000000E+00   0.0000000E+00   0.0000000E+00
   1.5575875E+03   0.0000000E+00   0.0000000E+00   0.0000000E+00   0.0000000E+00
   1.5575950E+03   0.0000000E+00   0.0000000E+00   0.0000000E+00   0.0000000E+00
   1.5576026E+03   0.0000000E+00   0.0000000E+00   0.0000000E+00   0.0000000E+00
   1.5576101E+03   0.0000000E+00   0.0000000E+00   0.0000000E+00   0.0000000E+00
   1.5576176E+03   0.0000000E+00   0.0000000E+00   0.0000000E+00   0.0000000E+00
   1.5576252E+03   0.0000000E+00   0.0000000E+00   0.0000000E+00   0.0000000E+00
   1.5576327E+03   0.0000000E+00   0.0000000E+00   0.0000000E+00   0.0000000E+00
   1.5576402E+03   0.0000000E+00   0.0000000E+00   0.0000000E+00   0.0000000E+00
   1.5576477E+03   0.0000000E+00   0.0000000E+00   0.0000000E+00   0.0000000E+00
   1.5576553E+03   0.0000000E+00   0.0000000E+00   0.0000000E+00   0.0000000E+00
   1.5576628E+03   0.0000000E+00   0.0000000E+00   0.0000000E+00   0.0000000E+00
   1.5576703E+03   0.0000000E+00   0.0000000E+00   0.0000000E+00   0.0000000E+00
   1.5576779E+03   0.0000000E+00   0.0000000E+00   0.0000000E+00   0.0000000E+00
   1.5576854E+03   0.0000000E+00   0.0000000E+00   0.0000000E+00   0.0000000E+00
   1.5576929E+03   0.0000000E+00   0.0000000E+00   0.0000000E+00   0.0000000E+00
   1.5577004E+03   0.0000000E+00   0.0000000E+00   0.0000000E+00   0.0000000E+00
   1.5577080E+03   0.0000000E+00   0.0000000E+00   0.0000000E+00   0.0000000E+00
   1.5577155E+03   0.0000000E+00   0.0000000E+00   0.0000000E+00   0.0000000E+00
   1.5577230E+03   0.0000000E+00   0.0000000E+00   0.0000000E+00   0.0000000E+00
   1.5577306E+03   0.0000000E+00   0.0000000E+00   0.0000000E+00   0.0000000E+00
   1.5577381E+03   0.0000000E+00   0.0000000E+00   0.0000000E+00   0.0000000E+00
   1.5577456E+03   0.0000000E+00   0.0000000E+00   0.0000000E+00   0.0000000E+00
   1.5577531E+03   0.0000000E+00   0.0000000E+00   0.0000000E+00   0.0000000E+00
   1.5577607E+03   0.0000000E+00   0.0000000E+00   0.0000000E+00   0.0000000E+00
   1.5577682E+03   0.0000000E+00   0.0000000E+00   0.0000000E+00   0.0000000E+00
   1.5577757E+03   0.0000000E+00   0.0000000E+00   0.0000000E+00   0.0000000E+00
   1.5577833E+03   0.0000000E+00   0.0000000E+00   0.0000000E+00   0.0000000E+00
   1.5577908E+03   0.0000000E+00   0.0000000E+00   0.0000000E+00   0.0000000E+00
   1.5577983E+03   0.0000000E+00   0.0000000E+00   0.0000000E+00   0.0000000E+00
   1.5578058E+03   0.0000000E+00   0.0000000E+00   0.0000000E+00   0.0000000E+00
   1.5578134E+03   0.0000000E+00   0.0000000E+00   0.0000000E+00   0.0000000E+00
   1.5578209E+03   0.0000000E+00   0.0000000E+00   0.0000000E+00   0.0000000E+00
   1.5578284E+03   0.0000000E+00   0.0000000E+00   0.0000000E+00   0.0000000E+00
   1.5578359E+03   0.0000000E+00   0.0000000E+00   0.0000000E+00   0.0000000E+00
   1.5578435E+03   0.0000000E+00   0.0000000E+00   0.0000000E+00   0.0000000E+00
   1.5578510E+03   0.0000000E+00   0.0000000E+00   0.0000000E+00   0.0000000E+00
   1.5578585E+03   0.0000000E+00   0.0000000E+00   0.0000000E+00   0.0000000E+00
   1.5578661E+03   0.0000000E+00   0.0000000E+00   0.0000000E+00   0.0000000E+00
   1.5578736E+03   0.0000000E+00   0.0000000E+00   0.0000000E+00   0.0000000E+00
   1.5578811E+03   0.0000000E+00   0.0000000E+00   0.0000000E+00   0.0000000E+00
   1.5578886E+03   0.0000000E+00   0.0000000E+00   0.0000000E+00   0.0000000E+00
   1.5578962E+03   0.0000000E+00   0.0000000E+00   0.0000000E+00   0.0000000E+00
   1.5579037E+03   0.0000000E+00   0.0000000E+00   0.0000000E+00   0.0000000E+00
   1.5579112E+03   0.0000000E+00   0.0000000E+00   0.0000000E+00   0.0000000E+00
   1.5579188E+03   0.0000000E+00   0.0000000E+00   0.0000000E+00   0.0000000E+00
   1.5579263E+03   0.0000000E+00   0.0000000E+00   0.0000000E+00   0.0000000E+00
   1.5579338E+03   0.0000000E+00   0.0000000E+00   0.0000000E+00   0.0000000E+00
   1.5579413E+03   0.0000000E+00   0.0000000E+00   0.0000000E+00   0.0000000E+00
   1.5579489E+03   0.0000000E+00   0.0000000E+00   0.0000000E+00   0.0000000E+00
   1.5579564E+03   0.0000000E+00   0.0000000E+00   0.0000000E+00   0.0000000E+00
   1.5579639E+03   0.0000000E+00   0.0000000E+00   0.0000000E+00   0.0000000E+00
   1.5579715E+03   0.0000000E+00   0.0000000E+00   0.0000000E+00   0.0000000E+00
   1.5579790E+03   0.0000000E+00   0.0000000E+00   0.0000000E+00   0.0000000E+00
   1.5579865E+03   0.0000000E+00   0.0000000E+00   0.0000000E+00   0.0000000E+00
   1.5579940E+03   0.0000000E+00   0.0000000E+00   0.0000000E+00   0.0000000E+00
   1.5580016E+03   0.0000000E+00   0.0000000E+00   0.0000000E+00   0.0000000E+00
   1.5580091E+03   0.0000000E+00   0.0000000E+00   0.0000000E+00   0.0000000E+00
   1.5580166E+03   0.0000000E+00   0.0000000E+00   0.0000000E+00   0.0000000E+00
   1.5580242E+03   0.0000000E+00   0.0000000E+00   0.0000000E+00   0.0000000E+00
   1.5580317E+03   0.0000000E+00   0.0000000E+00   0.0000000E+00   0.0000000E+00
   1.5580392E+03   0.0000000E+00   0.0000000E+00   0.0000000E+00   0.0000000E+00
   1.5580467E+03   0.0000000E+00   0.0000000E+00   0.0000000E+00   0.0000000E+00
   1.5580543E+03   0.0000000E+00   0.0000000E+00   0.0000000E+00   0.0000000E+00
   1.5580618E+03   0.0000000E+00   0.0000000E+00   0.0000000E+00   0.0000000E+00
   1.5580693E+03   0.0000000E+00   0.0000000E+00   0.0000000E+00   0.0000000E+00
   1.5580769E+03   0.0000000E+00   0.0000000E+00   0.0000000E+00   0.0000000E+00
   1.5580844E+03   0.0000000E+00   0.0000000E+00   0.0000000E+00   0.0000000E+00
   1.5580919E+03   0.0000000E+00   0.0000000E+00   0.0000000E+00   0.0000000E+00
   1.5580994E+03   0.0000000E+00   0.0000000E+00   0.0000000E+00   0.0000000E+00
   1.5581070E+03   0.0000000E+00   0.0000000E+00   0.0000000E+00   0.0000000E+00
   1.5581145E+03   0.0000000E+00   0.0000000E+00   0.0000000E+00   0.0000000E+00
   1.5581220E+03   0.0000000E+00   0.0000000E+00   0.0000000E+00   0.0000000E+00
   1.5581296E+03   0.0000000E+00   0.0000000E+00   0.0000000E+00   0.0000000E+00
   1.5581371E+03   0.0000000E+00   0.0000000E+00   0.0000000E+00   0.0000000E+00
   1.5581446E+03   0.0000000E+00   0.0000000E+00   0.0000000E+00   0.0000000E+00
   1.5581521E+03   0.0000000E+00   0.0000000E+00   0.0000000E+00   0.0000000E+00
   1.5581597E+03   0.0000000E+00   0.0000000E+00   0.0000000E+00   0.0000000E+00
   1.5581672E+03   0.0000000E+00   0.0000000E+00   0.0000000E+00   0.0000000E+00
   1.5581747E+03   0.0000000E+00   0.0000000E+00   0.0000000E+00   0.0000000E+00
   1.5581823E+03   0.0000000E+00   0.0000000E+00   0.0000000E+00   0.0000000E+00
   1.5581898E+03   0.0000000E+00   0.0000000E+00   0.0000000E+00   0.0000000E+00
   1.5581973E+03   0.0000000E+00   0.0000000E+00   0.0000000E+00   0.0000000E+00
   1.5582048E+03   0.0000000E+00   0.0000000E+00   0.0000000E+00   0.0000000E+00
   1.5582124E+03   0.0000000E+00   0.0000000E+00   0.0000000E+00   0.0000000E+00
   1.5582199E+03   0.0000000E+00   0.0000000E+00   0.0000000E+00   0.0000000E+00
   1.5582274E+03   0.0000000E+00   0.0000000E+00   0.0000000E+00   0.0000000E+00
   1.5582350E+03   0.0000000E+00   0.0000000E+00   0.0000000E+00   0.0000000E+00
   1.5582425E+03   0.0000000E+00   0.0000000E+00   0.0000000E+00   0.0000000E+00
   1.5582500E+03   0.0000000E+00   0.0000000E+00   0.0000000E+00   0.0000000E+00
   1.5582575E+03   0.0000000E+00   0.0000000E+00   0.0000000E+00   0.0000000E+00
   1.5582651E+03   0.0000000E+00   0.0000000E+00   0.0000000E+00   0.0000000E+00
   1.5582726E+03   0.0000000E+00   0.0000000E+00   0.0000000E+00   0.0000000E+00
   1.5582801E+03   0.0000000E+00   0.0000000E+00   0.0000000E+00   0.0000000E+00
   1.5582876E+03   0.0000000E+00   0.0000000E+00   0.0000000E+00   0.0000000E+00
   1.5582952E+03   0.0000000E+00   0.0000000E+00   0.0000000E+00   0.0000000E+00
   1.5583027E+03   0.0000000E+00   0.0000000E+00   0.0000000E+00   0.0000000E+00
   1.5583102E+03   0.0000000E+00   0.0000000E+00   0.0000000E+00   0.0000000E+00
   1.5583178E+03   0.0000000E+00   0.0000000E+00   0.0000000E+00   0.0000000E+00
   1.5583253E+03   0.0000000E+00   0.0000000E+00   0.0000000E+00   0.0000000E+00
   1.5583328E+03   0.0000000E+00   0.0000000E+00   0.0000000E+00   0.0000000E+00
   1.5583403E+03   0.0000000E+00   0.0000000E+00   0.0000000E+00   0.0000000E+00
   1.5583479E+03   0.0000000E+00   0.0000000E+00   0.0000000E+00   0.0000000E+00
   1.5583554E+03   0.0000000E+00   0.0000000E+00   0.0000000E+00   0.0000000E+00
   1.5583629E+03   0.0000000E+00   0.0000000E+00   0.0000000E+00   0.0000000E+00
   1.5583705E+03   0.0000000E+00   0.0000000E+00   0.0000000E+00   0.0000000E+00
   1.5583780E+03   0.0000000E+00   0.0000000E+00   0.0000000E+00   0.0000000E+00
   1.5583855E+03   0.0000000E+00   0.0000000E+00   0.0000000E+00   0.0000000E+00
   1.5583930E+03   0.0000000E+00   0.0000000E+00   0.0000000E+00   0.0000000E+00
   1.5584006E+03   0.0000000E+00   0.0000000E+00   0.0000000E+00   0.0000000E+00
   1.5584081E+03   0.0000000E+00   0.0000000E+00   0.0000000E+00   0.0000000E+00
   1.5584156E+03   0.0000000E+00   0.0000000E+00   0.0000000E+00   0.0000000E+00
   1.5584232E+03   0.0000000E+00   0.0000000E+00   0.0000000E+00   0.0000000E+00
   1.5584307E+03   0.0000000E+00   0.0000000E+00   0.0000000E+00   0.0000000E+00
   1.5584382E+03   0.0000000E+00   0.0000000E+00   0.0000000E+00   0.0000000E+00
   1.5584457E+03   0.0000000E+00   0.0000000E+00   0.0000000E+00   0.0000000E+00
   1.5584533E+03   0.0000000E+00   0.0000000E+00   0.0000000E+00   0.0000000E+00
   1.5584608E+03   0.0000000E+00   0.0000000E+00   0.0000000E+00   0.0000000E+00
   1.5584683E+03   0.0000000E+00   0.0000000E+00   0.0000000E+00   0.0000000E+00
   1.5584759E+03   0.0000000E+00   0.0000000E+00   0.0000000E+00   0.0000000E+00
   1.5584834E+03   0.0000000E+00   0.0000000E+00   0.0000000E+00   0.0000000E+00
   1.5584909E+03   0.0000000E+00   0.0000000E+00   0.0000000E+00   0.0000000E+00
   1.5584984E+03   0.0000000E+00   0.0000000E+00   0.0000000E+00   0.0000000E+00
   1.5585060E+03   0.0000000E+00   0.0000000E+00   0.0000000E+00   0.0000000E+00
   1.5585135E+03   0.0000000E+00   0.0000000E+00   0.0000000E+00   0.0000000E+00
   1.5585210E+03   0.0000000E+00   0.0000000E+00   0.0000000E+00   0.0000000E+00
   1.5585286E+03   0.0000000E+00   0.0000000E+00   0.0000000E+00   0.0000000E+00
   1.5585361E+03   0.0000000E+00   0.0000000E+00   0.0000000E+00   0.0000000E+00
   1.5585436E+03   0.0000000E+00   0.0000000E+00   0.0000000E+00   0.0000000E+00
   1.5585511E+03   0.0000000E+00   0.0000000E+00   0.0000000E+00   0.0000000E+00
   1.5585587E+03   0.0000000E+00   0.0000000E+00   0.0000000E+00   0.0000000E+00
   1.5585662E+03   0.0000000E+00   0.0000000E+00   0.0000000E+00   0.0000000E+00
   1.5585737E+03   0.0000000E+00   0.0000000E+00   0.0000000E+00   0.0000000E+00
   1.5585813E+03   0.0000000E+00   0.0000000E+00   0.0000000E+00   0.0000000E+00
   1.5585888E+03   0.0000000E+00   0.0000000E+00   0.0000000E+00   0.0000000E+00
   1.5585963E+03   0.0000000E+00   0.0000000E+00   0.0000000E+00   0.0000000E+00
   1.5586038E+03   0.0000000E+00   0.0000000E+00   0.0000000E+00   0.0000000E+00
   1.5586114E+03   0.0000000E+00   0.0000000E+00   0.0000000E+00   0.0000000E+00
   1.5586189E+03   0.0000000E+00   0.0000000E+00   0.0000000E+00   0.0000000E+00
   1.5586264E+03   0.0000000E+00   0.0000000E+00   0.0000000E+00   0.0000000E+00
   1.5586340E+03   0.0000000E+00   0.0000000E+00   0.0000000E+00   0.0000000E+00
   1.5586415E+03   0.0000000E+00   0.0000000E+00   0.0000000E+00   0.0000000E+00
   1.5586490E+03   0.0000000E+00   0.0000000E+00   0.0000000E+00   0.0000000E+00
   1.5586565E+03   0.0000000E+00   0.0000000E+00   0.0000000E+00   0.0000000E+00
   1.5586641E+03   0.0000000E+00   0.0000000E+00   0.0000000E+00   0.0000000E+00
   1.5586716E+03   0.0000000E+00   0.0000000E+00   0.0000000E+00   0.0000000E+00
   1.5586791E+03   0.0000000E+00   0.0000000E+00   0.0000000E+00   0.0000000E+00
   1.5586867E+03   0.0000000E+00   0.0000000E+00   0.0000000E+00   0.0000000E+00
   1.5586942E+03   0.0000000E+00   0.0000000E+00   0.0000000E+00   0.0000000E+00
   1.5587017E+03   0.0000000E+00   0.0000000E+00   0.0000000E+00   0.0000000E+00
   1.5587092E+03   0.0000000E+00   0.0000000E+00   0.0000000E+00   0.0000000E+00
   1.5587168E+03   0.0000000E+00   0.0000000E+00   0.0000000E+00   0.0000000E+00
   1.5587243E+03   0.0000000E+00   0.0000000E+00   0.0000000E+00   0.0000000E+00
   1.5587318E+03   0.0000000E+00   0.0000000E+00   0.0000000E+00   0.0000000E+00
   1.5587393E+03   0.0000000E+00   0.0000000E+00   0.0000000E+00   0.0000000E+00
   1.5587469E+03   0.0000000E+00   0.0000000E+00   0.0000000E+00   0.0000000E+00
   1.5587544E+03   0.0000000E+00   0.0000000E+00   0.0000000E+00   0.0000000E+00
   1.5587619E+03   0.0000000E+00   0.0000000E+00   0.0000000E+00   0.0000000E+00
   1.5587695E+03   0.0000000E+00   0.0000000E+00   0.0000000E+00   0.0000000E+00
   1.5587770E+03   0.0000000E+00   0.0000000E+00   0.0000000E+00   0.0000000E+00
   1.5587845E+03   0.0000000E+00   0.0000000E+00   0.0000000E+00   0.0000000E+00
   1.5587920E+03   0.0000000E+00   0.0000000E+00   0.0000000E+00   0.0000000E+00
   1.5587996E+03   0.0000000E+00   0.0000000E+00   0.0000000E+00   0.0000000E+00
   1.5588071E+03   0.0000000E+00   0.0000000E+00   0.0000000E+00   0.0000000E+00
   1.5588146E+03   0.0000000E+00   0.0000000E+00   0.0000000E+00   0.0000000E+00
   1.5588222E+03   0.0000000E+00   0.0000000E+00   0.0000000E+00   0.0000000E+00
   1.5588297E+03   0.0000000E+00   0.0000000E+00   0.0000000E+00   0.0000000E+00
   1.5588372E+03   0.0000000E+00   0.0000000E+00   0.0000000E+00   0.0000000E+00
   1.5588447E+03   0.0000000E+00   0.0000000E+00   0.0000000E+00   0.0000000E+00
   1.5588523E+03   0.0000000E+00   0.0000000E+00   0.0000000E+00   0.0000000E+00
   1.5588598E+03   0.0000000E+00   0.0000000E+00   0.0000000E+00   0.0000000E+00
   1.5588673E+03   0.0000000E+00   0.0000000E+00   0.0000000E+00   0.0000000E+00
   1.5588749E+03   0.0000000E+00   0.0000000E+00   0.0000000E+00   0.0000000E+00
   1.5588824E+03   0.0000000E+00   0.0000000E+00   0.0000000E+00   0.0000000E+00
   1.5588899E+03   0.0000000E+00   0.0000000E+00   0.0000000E+00   0.0000000E+00
   1.5588974E+03   0.0000000E+00   0.0000000E+00   0.0000000E+00   0.0000000E+00
   1.5589050E+03   0.0000000E+00   0.0000000E+00   0.0000000E+00   0.0000000E+00
   1.5589125E+03   0.0000000E+00   0.0000000E+00   0.0000000E+00   0.0000000E+00
   1.5589200E+03   0.0000000E+00   0.0000000E+00   0.0000000E+00   0.0000000E+00
   1.5589276E+03   0.0000000E+00   0.0000000E+00   0.0000000E+00   0.0000000E+00
   1.5589351E+03   0.0000000E+00   0.0000000E+00   0.0000000E+00   0.0000000E+00
   1.5589426E+03   0.0000000E+00   0.0000000E+00   0.0000000E+00   0.0000000E+00
   1.5589501E+03   0.0000000E+00   0.0000000E+00   0.0000000E+00   0.0000000E+00
   1.5589577E+03   0.0000000E+00   0.0000000E+00   0.0000000E+00   0.0000000E+00
   1.5589652E+03   0.0000000E+00   0.0000000E+00   0.0000000E+00   0.0000000E+00
   1.5589727E+03   0.0000000E+00   0.0000000E+00   0.0000000E+00   0.0000000E+00
   1.5589803E+03   0.0000000E+00   0.0000000E+00   0.0000000E+00   0.0000000E+00
   1.5589878E+03   0.0000000E+00   0.0000000E+00   0.0000000E+00   0.0000000E+00
   1.5589953E+03   0.0000000E+00   0.0000000E+00   0.0000000E+00   0.0000000E+00
   1.5590028E+03   0.0000000E+00   0.0000000E+00   0.0000000E+00   0.0000000E+00
   1.5590104E+03   0.0000000E+00   0.0000000E+00   0.0000000E+00   0.0000000E+00
   1.5590179E+03   0.0000000E+00   0.0000000E+00   0.0000000E+00   0.0000000E+00
   1.5590254E+03   0.0000000E+00   0.0000000E+00   0.0000000E+00   0.0000000E+00
   1.5590330E+03   0.0000000E+00   0.0000000E+00   0.0000000E+00   0.0000000E+00
   1.5590405E+03   0.0000000E+00   0.0000000E+00   0.0000000E+00   0.0000000E+00
   1.5590480E+03   0.0000000E+00   0.0000000E+00   0.0000000E+00   0.0000000E+00
   1.5590555E+03   0.0000000E+00   0.0000000E+00   0.0000000E+00   0.0000000E+00
   1.5590631E+03   0.0000000E+00   0.0000000E+00   0.0000000E+00   0.0000000E+00
   1.5590706E+03   0.0000000E+00   0.0000000E+00   0.0000000E+00   0.0000000E+00
   1.5590781E+03   0.0000000E+00   0.0000000E+00   0.0000000E+00   0.0000000E+00
   1.5590857E+03   0.0000000E+00   0.0000000E+00   0.0000000E+00   0.0000000E+00
   1.5590932E+03   0.0000000E+00   0.0000000E+00   0.0000000E+00   0.0000000E+00
   1.5591007E+03   0.0000000E+00   0.0000000E+00   0.0000000E+00   0.0000000E+00
   1.5591082E+03   0.0000000E+00   0.0000000E+00   0.0000000E+00   0.0000000E+00
   1.5591158E+03   0.0000000E+00   0.0000000E+00   0.0000000E+00   0.0000000E+00
   1.5591233E+03   0.0000000E+00   0.0000000E+00   0.0000000E+00   0.0000000E+00
   1.5591308E+03   0.0000000E+00   0.0000000E+00   0.0000000E+00   0.0000000E+00
   1.5591384E+03   0.0000000E+00   0.0000000E+00   0.0000000E+00   0.0000000E+00
   1.5591459E+03   0.0000000E+00   0.0000000E+00   0.0000000E+00   0.0000000E+00
   1.5591534E+03   0.0000000E+00   0.0000000E+00   0.0000000E+00   0.0000000E+00
   1.5591609E+03   0.0000000E+00   0.0000000E+00   0.0000000E+00   0.0000000E+00
   1.5591685E+03   0.0000000E+00   0.0000000E+00   0.0000000E+00   0.0000000E+00
   1.5591760E+03   0.0000000E+00   0.0000000E+00   0.0000000E+00   0.0000000E+00
   1.5591835E+03   0.0000000E+00   0.0000000E+00   0.0000000E+00   0.0000000E+00
   1.5591910E+03   0.0000000E+00   0.0000000E+00   0.0000000E+00   0.0000000E+00
   1.5591986E+03   0.0000000E+00   0.0000000E+00   0.0000000E+00   0.0000000E+00
   1.5592061E+03   0.0000000E+00   0.0000000E+00   0.0000000E+00   0.0000000E+00
   1.5592136E+03   0.0000000E+00   0.0000000E+00   0.0000000E+00   0.0000000E+00
   1.5592212E+03   0.0000000E+00   0.0000000E+00   0.0000000E+00   0.0000000E+00
   1.5592287E+03   0.0000000E+00   0.0000000E+00   0.0000000E+00   0.0000000E+00
   1.5592362E+03   0.0000000E+00   0.0000000E+00   0.0000000E+00   0.0000000E+00
   1.5592437E+03   0.0000000E+00   0.0000000E+00   0.0000000E+00   0.0000000E+00
   1.5592513E+03   0.0000000E+00   0.0000000E+00   0.0000000E+00   0.0000000E+00
   1.5592588E+03   0.0000000E+00   0.0000000E+00   0.0000000E+00   0.0000000E+00
   1.5592663E+03   0.0000000E+00   0.0000000E+00   0.0000000E+00   0.0000000E+00
   1.5592739E+03   0.0000000E+00   0.0000000E+00   0.0000000E+00   0.0000000E+00
   1.5592814E+03   0.0000000E+00   0.0000000E+00   0.0000000E+00   0.0000000E+00
   1.5592889E+03   0.0000000E+00   0.0000000E+00   0.0000000E+00   0.0000000E+00
   1.5592964E+03   0.0000000E+00   0.0000000E+00   0.0000000E+00   0.0000000E+00
   1.5593040E+03   0.0000000E+00   0.0000000E+00   0.0000000E+00   0.0000000E+00
   1.5593115E+03   0.0000000E+00   0.0000000E+00   0.0000000E+00   0.0000000E+00
   1.5593190E+03   0.0000000E+00   0.0000000E+00   0.0000000E+00   0.0000000E+00
   1.5593266E+03   0.0000000E+00   0.0000000E+00   0.0000000E+00   0.0000000E+00
   1.5593341E+03   0.0000000E+00   0.0000000E+00   0.0000000E+00   0.0000000E+00
   1.5593416E+03   0.0000000E+00   0.0000000E+00   0.0000000E+00   0.0000000E+00
   1.5593491E+03   0.0000000E+00   0.0000000E+00   0.0000000E+00   0.0000000E+00
   1.5593567E+03   0.0000000E+00   0.0000000E+00   0.0000000E+00   0.0000000E+00
   1.5593642E+03   0.0000000E+00   0.0000000E+00   0.0000000E+00   0.0000000E+00
   1.5593717E+03   0.0000000E+00   0.0000000E+00   0.0000000E+00   0.0000000E+00
   1.5593793E+03   0.0000000E+00   0.0000000E+00   0.0000000E+00   0.0000000E+00
   1.5593868E+03   0.0000000E+00   0.0000000E+00   0.0000000E+00   0.0000000E+00
   1.5593943E+03   0.0000000E+00   0.0000000E+00   0.0000000E+00   0.0000000E+00
   1.5594018E+03   0.0000000E+00   0.0000000E+00   0.0000000E+00   0.0000000E+00
   1.5594094E+03   0.0000000E+00   0.0000000E+00   0.0000000E+00   0.0000000E+00
   1.5594169E+03   0.0000000E+00   0.0000000E+00   0.0000000E+00   0.0000000E+00
   1.5594244E+03   0.0000000E+00   0.0000000E+00   0.0000000E+00   0.0000000E+00
   1.5594320E+03   0.0000000E+00   0.0000000E+00   0.0000000E+00   0.0000000E+00
   1.5594395E+03   0.0000000E+00   0.0000000E+00   0.0000000E+00   0.0000000E+00
   1.5594470E+03   0.0000000E+00   0.0000000E+00   0.0000000E+00   0.0000000E+00
   1.5594545E+03   0.0000000E+00   0.0000000E+00   0.0000000E+00   0.0000000E+00
   1.5594621E+03   0.0000000E+00   0.0000000E+00   0.0000000E+00   0.0000000E+00
   1.5594696E+03   0.0000000E+00   0.0000000E+00   0.0000000E+00   0.0000000E+00
   1.5594771E+03   0.0000000E+00   0.0000000E+00   0.0000000E+00   0.0000000E+00
   1.5594847E+03   0.0000000E+00   0.0000000E+00   0.0000000E+00   0.0000000E+00
   1.5594922E+03   0.0000000E+00   0.0000000E+00   0.0000000E+00   0.0000000E+00
   1.5594997E+03   0.0000000E+00   0.0000000E+00   0.0000000E+00   0.0000000E+00
   1.5595072E+03   0.0000000E+00   0.0000000E+00   0.0000000E+00   0.0000000E+00
   1.5595148E+03   0.0000000E+00   0.0000000E+00   0.0000000E+00   0.0000000E+00
   1.5595223E+03   0.0000000E+00   0.0000000E+00   0.0000000E+00   0.0000000E+00
   1.5595298E+03   0.0000000E+00   0.0000000E+00   0.0000000E+00   0.0000000E+00
   1.5595374E+03   0.0000000E+00   0.0000000E+00   0.0000000E+00   0.0000000E+00
   1.5595449E+03   0.0000000E+00   0.0000000E+00   0.0000000E+00   0.0000000E+00
   1.5595524E+03   0.0000000E+00   0.0000000E+00   0.0000000E+00   0.0000000E+00
   1.5595599E+03   0.0000000E+00   0.0000000E+00   0.0000000E+00   0.0000000E+00
   1.5595675E+03   0.0000000E+00   0.0000000E+00   0.0000000E+00   0.0000000E+00
   1.5595750E+03   0.0000000E+00   0.0000000E+00   0.0000000E+00   0.0000000E+00
   1.5595825E+03   0.0000000E+00   0.0000000E+00   0.0000000E+00   0.0000000E+00
   1.5595901E+03   0.0000000E+00   0.0000000E+00   0.0000000E+00   0.0000000E+00
   1.5595976E+03   0.0000000E+00   0.0000000E+00   0.0000000E+00   0.0000000E+00
   1.5596051E+03   0.0000000E+00   0.0000000E+00   0.0000000E+00   0.0000000E+00
   1.5596126E+03   0.0000000E+00   0.0000000E+00   0.0000000E+00   0.0000000E+00
   1.5596202E+03   0.0000000E+00   0.0000000E+00   0.0000000E+00   0.0000000E+00
   1.5596277E+03   0.0000000E+00   0.0000000E+00   0.0000000E+00   0.0000000E+00
   1.5596352E+03   0.0000000E+00   0.0000000E+00   0.0000000E+00   0.0000000E+00
   1.5596427E+03   0.0000000E+00   0.0000000E+00   0.0000000E+00   0.0000000E+00
   1.5596503E+03   0.0000000E+00   0.0000000E+00   0.0000000E+00   0.0000000E+00
   1.5596578E+03   0.0000000E+00   0.0000000E+00   0.0000000E+00   0.0000000E+00
   1.5596653E+03   0.0000000E+00   0.0000000E+00   0.0000000E+00   0.0000000E+00
   1.5596729E+03   0.0000000E+00   0.0000000E+00   0.0000000E+00   0.0000000E+00
   1.5596804E+03   0.0000000E+00   0.0000000E+00   0.0000000E+00   0.0000000E+00
   1.5596879E+03   0.0000000E+00   0.0000000E+00   0.0000000E+00   0.0000000E+00
   1.5596954E+03   0.0000000E+00   0.0000000E+00   0.0000000E+00   0.0000000E+00
   1.5597030E+03   0.0000000E+00   0.0000000E+00   0.0000000E+00   0.0000000E+00
   1.5597105E+03   0.0000000E+00   0.0000000E+00   0.0000000E+00   0.0000000E+00
   1.5597180E+03   0.0000000E+00   0.0000000E+00   0.0000000E+00   0.0000000E+00
   1.5597256E+03   0.0000000E+00   0.0000000E+00   0.0000000E+00   0.0000000E+00
   1.5597331E+03   0.0000000E+00   0.0000000E+00   0.0000000E+00   0.0000000E+00
   1.5597406E+03   0.0000000E+00   0.0000000E+00   0.0000000E+00   0.0000000E+00
   1.5597481E+03   0.0000000E+00   0.0000000E+00   0.0000000E+00   0.0000000E+00
   1.5597557E+03   0.0000000E+00   0.0000000E+00   0.0000000E+00   0.0000000E+00
   1.5597632E+03   0.0000000E+00   0.0000000E+00   0.0000000E+00   0.0000000E+00
   1.5597707E+03   0.0000000E+00   0.0000000E+00   0.0000000E+00   0.0000000E+00
   1.5597783E+03   0.0000000E+00   0.0000000E+00   0.0000000E+00   0.0000000E+00
   1.5597858E+03   0.0000000E+00   0.0000000E+00   0.0000000E+00   0.0000000E+00
   1.5597933E+03   0.0000000E+00   0.0000000E+00   0.0000000E+00   0.0000000E+00
   1.5598008E+03   0.0000000E+00   0.0000000E+00   0.0000000E+00   0.0000000E+00
   1.5598084E+03   0.0000000E+00   0.0000000E+00   0.0000000E+00   0.0000000E+00
   1.5598159E+03   0.0000000E+00   0.0000000E+00   0.0000000E+00   0.0000000E+00
   1.5598234E+03   0.0000000E+00   0.0000000E+00   0.0000000E+00   0.0000000E+00
   1.5598310E+03   0.0000000E+00   0.0000000E+00   0.0000000E+00   0.0000000E+00
   1.5598385E+03   0.0000000E+00   0.0000000E+00   0.0000000E+00   0.0000000E+00
   1.5598460E+03   0.0000000E+00   0.0000000E+00   0.0000000E+00   0.0000000E+00
   1.5598535E+03   0.0000000E+00   0.0000000E+00   0.0000000E+00   0.0000000E+00
   1.5598611E+03   0.0000000E+00   0.0000000E+00   0.0000000E+00   0.0000000E+00
   1.5598686E+03   0.0000000E+00   0.0000000E+00   0.0000000E+00   0.0000000E+00
   1.5598761E+03   0.0000000E+00   0.0000000E+00   0.0000000E+00   0.0000000E+00
   1.5598837E+03   0.0000000E+00   0.0000000E+00   0.0000000E+00   0.0000000E+00
   1.5598912E+03   0.0000000E+00   0.0000000E+00   0.0000000E+00   0.0000000E+00
   1.5598987E+03   0.0000000E+00   0.0000000E+00   0.0000000E+00   0.0000000E+00
   1.5599062E+03   0.0000000E+00   0.0000000E+00   0.0000000E+00   0.0000000E+00
   1.5599138E+03   0.0000000E+00   0.0000000E+00   0.0000000E+00   0.0000000E+00
   1.5599213E+03   0.0000000E+00   0.0000000E+00   0.0000000E+00   0.0000000E+00
   1.5599288E+03   0.0000000E+00   0.0000000E+00   0.0000000E+00   0.0000000E+00
   1.5599364E+03   0.0000000E+00   0.0000000E+00   0.0000000E+00   0.0000000E+00
   1.5599439E+03   0.0000000E+00   0.0000000E+00   0.0000000E+00   0.0000000E+00
   1.5599514E+03   0.0000000E+00   0.0000000E+00   0.0000000E+00   0.0000000E+00
   1.5599589E+03   0.0000000E+00   0.0000000E+00   0.0000000E+00   0.0000000E+00
   1.5599665E+03   0.0000000E+00   0.0000000E+00   0.0000000E+00   0.0000000E+00
   1.5599740E+03   0.0000000E+00   0.0000000E+00   0.0000000E+00   0.0000000E+00
   1.5599815E+03   0.0000000E+00   0.0000000E+00   0.0000000E+00   0.0000000E+00
   1.5599891E+03   0.0000000E+00   0.0000000E+00   0.0000000E+00   0.0000000E+00
   1.5599966E+03   0.0000000E+00   0.0000000E+00   0.0000000E+00   0.0000000E+00
   1.5600041E+03   0.0000000E+00   0.0000000E+00   0.0000000E+00   0.0000000E+00
   1.5600116E+03   0.0000000E+00   0.0000000E+00   0.0000000E+00   0.0000000E+00
   1.5600192E+03   0.0000000E+00   0.0000000E+00   0.0000000E+00   0.0000000E+00
   1.5600267E+03   0.0000000E+00   0.0000000E+00   0.0000000E+00   0.0000000E+00
   1.5600342E+03   0.0000000E+00   0.0000000E+00   0.0000000E+00   0.0000000E+00
   1.5600418E+03   0.0000000E+00   0.0000000E+00   0.0000000E+00   0.0000000E+00
   1.5600493E+03   0.0000000E+00   0.0000000E+00   0.0000000E+00   0.0000000E+00
   1.5600568E+03   0.0000000E+00   0.0000000E+00   0.0000000E+00   0.0000000E+00
   1.5600643E+03   0.0000000E+00   0.0000000E+00   0.0000000E+00   0.0000000E+00
   1.5600719E+03   0.0000000E+00   0.0000000E+00   0.0000000E+00   0.0000000E+00
   1.5600794E+03   0.0000000E+00   0.0000000E+00   0.0000000E+00   0.0000000E+00
   1.5600869E+03   0.0000000E+00   0.0000000E+00   0.0000000E+00   0.0000000E+00
   1.5600944E+03   0.0000000E+00   0.0000000E+00   0.0000000E+00   0.0000000E+00
   1.5601020E+03   0.0000000E+00   0.0000000E+00   0.0000000E+00   0.0000000E+00
   1.5601095E+03   0.0000000E+00   0.0000000E+00   0.0000000E+00   0.0000000E+00
   1.5601170E+03   0.0000000E+00   0.0000000E+00   0.0000000E+00   0.0000000E+00
   1.5601246E+03   0.0000000E+00   0.0000000E+00   0.0000000E+00   0.0000000E+00
   1.5601321E+03   0.0000000E+00   0.0000000E+00   0.0000000E+00   0.0000000E+00
   1.5601396E+03   0.0000000E+00   0.0000000E+00   0.0000000E+00   0.0000000E+00
   1.5601471E+03   0.0000000E+00   0.0000000E+00   0.0000000E+00   0.0000000E+00
   1.5601547E+03   0.0000000E+00   0.0000000E+00   0.0000000E+00   0.0000000E+00
   1.5601622E+03   0.0000000E+00   0.0000000E+00   0.0000000E+00   0.0000000E+00
   1.5601697E+03   0.0000000E+00   0.0000000E+00   0.0000000E+00   0.0000000E+00
   1.5601773E+03   0.0000000E+00   0.0000000E+00   0.0000000E+00   0.0000000E+00
   1.5601848E+03   0.0000000E+00   0.0000000E+00   0.0000000E+00   0.0000000E+00
   1.5601923E+03   0.0000000E+00   0.0000000E+00   0.0000000E+00   0.0000000E+00
   1.5601998E+03   0.0000000E+00   0.0000000E+00   0.0000000E+00   0.0000000E+00
   1.5602074E+03   0.0000000E+00   0.0000000E+00   0.0000000E+00   0.0000000E+00
   1.5602149E+03   0.0000000E+00   0.0000000E+00   0.0000000E+00   0.0000000E+00
   1.5602224E+03   0.0000000E+00   0.0000000E+00   0.0000000E+00   0.0000000E+00
   1.5602300E+03   0.0000000E+00   0.0000000E+00   0.0000000E+00   0.0000000E+00
   1.5602375E+03   0.0000000E+00   0.0000000E+00   0.0000000E+00   0.0000000E+00
   1.5602450E+03   0.0000000E+00   0.0000000E+00   0.0000000E+00   0.0000000E+00
   1.5602525E+03   0.0000000E+00   0.0000000E+00   0.0000000E+00   0.0000000E+00
   1.5602601E+03   0.0000000E+00   0.0000000E+00   0.0000000E+00   0.0000000E+00
   1.5602676E+03   0.0000000E+00   0.0000000E+00   0.0000000E+00   0.0000000E+00
   1.5602751E+03   0.0000000E+00   0.0000000E+00   0.0000000E+00   0.0000000E+00
   1.5602827E+03   0.0000000E+00   0.0000000E+00   0.0000000E+00   0.0000000E+00
   1.5602902E+03   0.0000000E+00   0.0000000E+00   0.0000000E+00   0.0000000E+00
   1.5602977E+03   0.0000000E+00   0.0000000E+00   0.0000000E+00   0.0000000E+00
   1.5603052E+03   0.0000000E+00   0.0000000E+00   0.0000000E+00   0.0000000E+00
   1.5603128E+03   0.0000000E+00   0.0000000E+00   0.0000000E+00   0.0000000E+00
   1.5603203E+03   0.0000000E+00   0.0000000E+00   0.0000000E+00   0.0000000E+00
   1.5603278E+03   0.0000000E+00   0.0000000E+00   0.0000000E+00   0.0000000E+00
   1.5603354E+03   0.0000000E+00   0.0000000E+00   0.0000000E+00   0.0000000E+00
   1.5603429E+03   0.0000000E+00   0.0000000E+00   0.0000000E+00   0.0000000E+00
   1.5603504E+03   0.0000000E+00   0.0000000E+00   0.0000000E+00   0.0000000E+00
   1.5603579E+03   0.0000000E+00   0.0000000E+00   0.0000000E+00   0.0000000E+00
   1.5603655E+03   0.0000000E+00   0.0000000E+00   0.0000000E+00   0.0000000E+00
   1.5603730E+03   0.0000000E+00   0.0000000E+00   0.0000000E+00   0.0000000E+00
   1.5603805E+03   0.0000000E+00   0.0000000E+00   0.0000000E+00   0.0000000E+00
   1.5603881E+03   0.0000000E+00   0.0000000E+00   0.0000000E+00   0.0000000E+00
   1.5603956E+03   0.0000000E+00   0.0000000E+00   0.0000000E+00   0.0000000E+00
   1.5604031E+03   0.0000000E+00   0.0000000E+00   0.0000000E+00   0.0000000E+00
   1.5604106E+03   0.0000000E+00   0.0000000E+00   0.0000000E+00   0.0000000E+00
   1.5604182E+03   0.0000000E+00   0.0000000E+00   0.0000000E+00   0.0000000E+00
   1.5604257E+03   0.0000000E+00   0.0000000E+00   0.0000000E+00   0.0000000E+00
   1.5604332E+03   0.0000000E+00   0.0000000E+00   0.0000000E+00   0.0000000E+00
   1.5604408E+03   0.0000000E+00   0.0000000E+00   0.0000000E+00   0.0000000E+00
   1.5604483E+03   0.0000000E+00   0.0000000E+00   0.0000000E+00   0.0000000E+00
   1.5604558E+03   0.0000000E+00   0.0000000E+00   0.0000000E+00   0.0000000E+00
   1.5604633E+03   0.0000000E+00   0.0000000E+00   0.0000000E+00   0.0000000E+00
   1.5604709E+03   0.0000000E+00   0.0000000E+00   0.0000000E+00   0.0000000E+00
   1.5604784E+03   0.0000000E+00   0.0000000E+00   0.0000000E+00   0.0000000E+00
   1.5604859E+03   0.0000000E+00   0.0000000E+00   0.0000000E+00   0.0000000E+00
   1.5604935E+03   0.0000000E+00   0.0000000E+00   0.0000000E+00   0.0000000E+00
   1.5605010E+03   0.0000000E+00   0.0000000E+00   0.0000000E+00   0.0000000E+00
   1.5605085E+03   0.0000000E+00   0.0000000E+00   0.0000000E+00   0.0000000E+00
   1.5605160E+03   0.0000000E+00   0.0000000E+00   0.0000000E+00   0.0000000E+00
   1.5605236E+03   0.0000000E+00   0.0000000E+00   0.0000000E+00   0.0000000E+00
   1.5605311E+03   0.0000000E+00   0.0000000E+00   0.0000000E+00   0.0000000E+00
   1.5605386E+03   0.0000000E+00   0.0000000E+00   0.0000000E+00   0.0000000E+00
   1.5605461E+03   0.0000000E+00   0.0000000E+00   0.0000000E+00   0.0000000E+00
   1.5605537E+03   0.0000000E+00   0.0000000E+00   0.0000000E+00   0.0000000E+00
   1.5605612E+03   0.0000000E+00   0.0000000E+00   0.0000000E+00   0.0000000E+00
   1.5605687E+03   0.0000000E+00   0.0000000E+00   0.0000000E+00   0.0000000E+00
   1.5605763E+03   0.0000000E+00   0.0000000E+00   0.0000000E+00   0.0000000E+00
   1.5605838E+03   0.0000000E+00   0.0000000E+00   0.0000000E+00   0.0000000E+00
   1.5605913E+03   0.0000000E+00   0.0000000E+00   0.0000000E+00   0.0000000E+00
   1.5605988E+03   0.0000000E+00   0.0000000E+00   0.0000000E+00   0.0000000E+00
   1.5606064E+03   0.0000000E+00   0.0000000E+00   0.0000000E+00   0.0000000E+00
   1.5606139E+03   0.0000000E+00   0.0000000E+00   0.0000000E+00   0.0000000E+00
   1.5606214E+03   0.0000000E+00   0.0000000E+00   0.0000000E+00   0.0000000E+00
   1.5606290E+03   0.0000000E+00   0.0000000E+00   0.0000000E+00   0.0000000E+00
   1.5606365E+03   0.0000000E+00   0.0000000E+00   0.0000000E+00   0.0000000E+00
   1.5606440E+03   0.0000000E+00   0.0000000E+00   0.0000000E+00   0.0000000E+00
   1.5606515E+03   0.0000000E+00   0.0000000E+00   0.0000000E+00   0.0000000E+00
   1.5606591E+03   0.0000000E+00   0.0000000E+00   0.0000000E+00   0.0000000E+00
   1.5606666E+03   0.0000000E+00   0.0000000E+00   0.0000000E+00   0.0000000E+00
   1.5606741E+03   0.0000000E+00   0.0000000E+00   0.0000000E+00   0.0000000E+00
   1.5606817E+03   0.0000000E+00   0.0000000E+00   0.0000000E+00   0.0000000E+00
   1.5606892E+03   0.0000000E+00   0.0000000E+00   0.0000000E+00   0.0000000E+00
   1.5606967E+03   0.0000000E+00   0.0000000E+00   0.0000000E+00   0.0000000E+00
   1.5607042E+03   0.0000000E+00   0.0000000E+00   0.0000000E+00   0.0000000E+00
   1.5607118E+03   0.0000000E+00   0.0000000E+00   0.0000000E+00   0.0000000E+00
   1.5607193E+03   0.0000000E+00   0.0000000E+00   0.0000000E+00   0.0000000E+00
   1.5607268E+03   0.0000000E+00   0.0000000E+00   0.0000000E+00   0.0000000E+00
   1.5607344E+03   0.0000000E+00   0.0000000E+00   0.0000000E+00   0.0000000E+00
   1.5607419E+03   0.0000000E+00   0.0000000E+00   0.0000000E+00   0.0000000E+00
   1.5607494E+03   0.0000000E+00   0.0000000E+00   0.0000000E+00   0.0000000E+00
   1.5607569E+03   0.0000000E+00   0.0000000E+00   0.0000000E+00   0.0000000E+00
   1.5607645E+03   0.0000000E+00   0.0000000E+00   0.0000000E+00   0.0000000E+00
   1.5607720E+03   0.0000000E+00   0.0000000E+00   0.0000000E+00   0.0000000E+00
