   1.5381945E+03   5.3000000E+01   4.8000000E+01   0.0000000E+00   0.0000000E+00
   1.5382021E+03   3.5000000E+01   2.9000000E+01   0.0000000E+00   0.0000000E+00
   1.5382096E+03   3.5000000E+01   3.3000000E+01   0.0000000E+00   0.0000000E+00
   1.5382171E+03   4.0000000E+01   3.3000000E+01   0.0000000E+00   0.0000000E+00
   1.5382246E+03   4.4000000E+01   4.0000000E+01   0.0000000E+00   0.0000000E+00
   1.5382322E+03   5.5000000E+01   5.1000000E+01   0.0000000E+00   0.0000000E+00
   1.5382397E+03   4.4000000E+01   3.7000000E+01   0.0000000E+00   0.0000000E+00
   1.5382472E+03   4.6000000E+01   4.2000000E+01   0.0000000E+00   0.0000000E+00
   1.5382548E+03   4.4000000E+01   3.8000000E+01   0.0000000E+00   0.0000000E+00
   1.5382623E+03   5.6000000E+01   4.9000000E+01   0.0000000E+00   0.0000000E+00
   1.5382698E+03   4.5000000E+01   3.9000000E+01   0.0000000E+00   0.0000000E+00
   1.5382773E+03   5.3000000E+01   4.6000000E+01   0.0000000E+00   0.0000000E+00
   1.5382849E+03   5.0000000E+01   4.2000000E+01   0.0000000E+00   0.0000000E+00
   1.5382924E+03   4.4000000E+01   3.8000000E+01   0.0000000E+00   0.0000000E+00
   1.5382999E+03   4.8000000E+01   4.2000000E+01   0.0000000E+00   0.0000000E+00
   1.5383075E+03   3.8000000E+01   3.1000000E+01   0.0000000E+00   0.0000000E+00
   1.5383150E+03   4.4000000E+01   3.3000000E+01   0.0000000E+00   0.0000000E+00
   1.5383225E+03   4.4000000E+01   3.9000000E+01   0.0000000E+00   0.0000000E+00
   1.5383300E+03   4.1000000E+01   3.6000000E+01   0.0000000E+00   0.0000000E+00
   1.5383376E+03   5.4000000E+01   4.8000000E+01   0.0000000E+00   0.0000000E+00
   1.5383451E+03   4.1000000E+01   3.4000000E+01   0.0000000E+00   0.0000000E+00
   1.5383526E+03   5.8000000E+01   4.9000000E+01   0.0000000E+00   0.0000000E+00
   1.5383602E+03   6.3000000E+01   5.1000000E+01   0.0000000E+00   0.0000000E+00
   1.5383677E+03   4.7000000E+01   4.1000000E+01   0.0000000E+00   0.0000000E+00
   1.5383752E+03   4.7000000E+01   4.1000000E+01   0.0000000E+00   0.0000000E+00
   1.5383827E+03   5.7000000E+01   5.1000000E+01   0.0000000E+00   0.0000000E+00
   1.5383903E+03   4.6000000E+01   4.3000000E+01   0.0000000E+00   0.0000000E+00
   1.5383978E+03   5.2000000E+01   4.6000000E+01   0.0000000E+00   0.0000000E+00
   1.5384053E+03   4.6000000E+01   3.7000000E+01   0.0000000E+00   0.0000000E+00
   1.5384128E+03   5.7000000E+01   4.9000000E+01   0.0000000E+00   0.0000000E+00
   1.5384204E+03   4.8000000E+01   4.0000000E+01   0.0000000E+00   0.0000000E+00
   1.5384279E+03   6.0000000E+01   5.4000000E+01   0.0000000E+00   0.0000000E+00
   1.5384354E+03   4.4000000E+01   4.2000000E+01   0.0000000E+00   0.0000000E+00
   1.5384430E+03   5.5000000E+01   4.4000000E+01   0.0000000E+00   0.0000000E+00
   1.5384505E+03   4.8000000E+01   3.6000000E+01   0.0000000E+00   0.0000000E+00
   1.5384580E+03   4.3000000E+01   3.7000000E+01   0.0000000E+00   0.0000000E+00
   1.5384655E+03   6.2000000E+01   5.0000000E+01   0.0000000E+00   0.0000000E+00
   1.5384731E+03   5.2000000E+01   4.7000000E+01   0.0000000E+00   0.0000000E+00
   1.5384806E+03   5.4000000E+01   4.6000000E+01   0.0000000E+00   0.0000000E+00
   1.5384881E+03   5.0000000E+01   4.2000000E+01   0.0000000E+00   0.0000000E+00
   1.5384957E+03   5.4000000E+01   4.9000000E+01   0.0000000E+00   0.0000000E+00
   1.5385032E+03   4.4000000E+01   4.0000000E+01   0.0000000E+00   0.0000000E+00
   1.5385107E+03   5.4000000E+01   4.6000000E+01   0.0000000E+00   0.0000000E+00
   1.5385182E+03   5.6000000E+01   5.0000000E+01   0.0000000E+00   0.0000000E+00
   1.5385258E+03   6.8000000E+01   6.3000000E+01   0.0000000E+00   0.0000000E+00
   1.5385333E+03   5.4000000E+01   4.9000000E+01   0.0000000E+00   0.0000000E+00
   1.5385408E+03   6.7000000E+01   5.7000000E+01   0.0000000E+00   0.0000000E+00
   1.5385484E+03   5.0000000E+01   4.6000000E+01   0.0000000E+00   0.0000000E+00
   1.5385559E+03   5.6000000E+01   4.6000000E+01   0.0000000E+00   0.0000000E+00
   1.5385634E+03   6.0000000E+01   4.6000000E+01   0.0000000E+00   0.0000000E+00
   1.5385709E+03   6.5000000E+01   6.1000000E+01   0.0000000E+00   0.0000000E+00
   1.5385785E+03   5.3000000E+01   4.2000000E+01   0.0000000E+00   0.0000000E+00
   1.5385860E+03   5.9000000E+01   5.3000000E+01   0.0000000E+00   0.0000000E+00
   1.5385935E+03   5.5000000E+01   4.8000000E+01   0.0000000E+00   0.0000000E+00
   1.5386011E+03   7.1000000E+01   6.1000000E+01   0.0000000E+00   0.0000000E+00
   1.5386086E+03   6.5000000E+01   5.6000000E+01   0.0000000E+00   0.0000000E+00
   1.5386161E+03   4.9000000E+01   4.6000000E+01   0.0000000E+00   0.0000000E+00
   1.5386236E+03   4.8000000E+01   4.3000000E+01   0.0000000E+00   0.0000000E+00
   1.5386312E+03   5.5000000E+01   5.0000000E+01   0.0000000E+00   0.0000000E+00
   1.5386387E+03   6.1000000E+01   4.9000000E+01   0.0000000E+00   0.0000000E+00
   1.5386462E+03   5.7000000E+01   5.5000000E+01   0.0000000E+00   0.0000000E+00
   1.5386538E+03   6.2000000E+01   5.3000000E+01   0.0000000E+00   0.0000000E+00
   1.5386613E+03   5.9000000E+01   5.3000000E+01   0.0000000E+00   0.0000000E+00
   1.5386688E+03   6.9000000E+01   5.5000000E+01   0.0000000E+00   0.0000000E+00
   1.5386763E+03   6.0000000E+01   5.3000000E+01   0.0000000E+00   0.0000000E+00
   1.5386839E+03   6.9000000E+01   6.2000000E+01   0.0000000E+00   0.0000000E+00
   1.5386914E+03   7.4000000E+01   6.1000000E+01   0.0000000E+00   0.0000000E+00
   1.5386989E+03   5.6000000E+01   5.1000000E+01   0.0000000E+00   0.0000000E+00
   1.5387065E+03   7.0000000E+01   6.2000000E+01   0.0000000E+00   0.0000000E+00
   1.5387140E+03   7.6000000E+01   5.9000000E+01   0.0000000E+00   0.0000000E+00
   1.5387215E+03   8.3000000E+01   7.0000000E+01   0.0000000E+00   0.0000000E+00
   1.5387290E+03   5.8000000E+01   4.8000000E+01   0.0000000E+00   0.0000000E+00
   1.5387366E+03   6.4000000E+01   5.1000000E+01   0.0000000E+00   0.0000000E+00
   1.5387441E+03   6.8000000E+01   6.0000000E+01   0.0000000E+00   0.0000000E+00
   1.5387516E+03   6.5000000E+01   6.0000000E+01   0.0000000E+00   0.0000000E+00
   1.5387592E+03   7.8000000E+01   6.6000000E+01   0.0000000E+00   0.0000000E+00
   1.5387667E+03   6.5000000E+01   5.8000000E+01   0.0000000E+00   0.0000000E+00
   1.5387742E+03   7.7000000E+01   6.4000000E+01   0.0000000E+00   0.0000000E+00
   1.5387817E+03   6.6000000E+01   5.7000000E+01   0.0000000E+00   0.0000000E+00
   1.5387893E+03   7.1000000E+01   6.7000000E+01   0.0000000E+00   0.0000000E+00
   1.5387968E+03   6.4000000E+01   5.5000000E+01   0.0000000E+00   0.0000000E+00
   1.5388043E+03   8.5000000E+01   7.5000000E+01   0.0000000E+00   0.0000000E+00
   1.5388119E+03   7.8000000E+01   6.1000000E+01   0.0000000E+00   0.0000000E+00
   1.5388194E+03   7.9000000E+01   7.1000000E+01   0.0000000E+00   0.0000000E+00
   1.5388269E+03   7.4000000E+01   6.3000000E+01   0.0000000E+00   0.0000000E+00
   1.5388344E+03   7.3000000E+01   6.5000000E+01   0.0000000E+00   0.0000000E+00
   1.5388420E+03   7.8000000E+01   6.5000000E+01   0.0000000E+00   0.0000000E+00
   1.5388495E+03   6.8000000E+01   6.0000000E+01   0.0000000E+00   0.0000000E+00
   1.5388570E+03   7.5000000E+01   6.4000000E+01   0.0000000E+00   0.0000000E+00
   1.5388646E+03   7.4000000E+01   6.4000000E+01   0.0000000E+00   0.0000000E+00
   1.5388721E+03   8.7000000E+01   7.1000000E+01   0.0000000E+00   0.0000000E+00
   1.5388796E+03   8.6000000E+01   7.1000000E+01   0.0000000E+00   0.0000000E+00
   1.5388871E+03   7.6000000E+01   6.1000000E+01   0.0000000E+00   0.0000000E+00
   1.5388947E+03   9.1000000E+01   8.0000000E+01   0.0000000E+00   0.0000000E+00
   1.5389022E+03   6.5000000E+01   5.7000000E+01   0.0000000E+00   0.0000000E+00
   1.5389097E+03   8.4000000E+01   7.6000000E+01   0.0000000E+00   0.0000000E+00
   1.5389172E+03   8.1000000E+01   7.3000000E+01   0.0000000E+00   0.0000000E+00
   1.5389248E+03   8.0000000E+01   6.8000000E+01   0.0000000E+00   0.0000000E+00
   1.5389323E+03   7.0000000E+01   5.9000000E+01   0.0000000E+00   0.0000000E+00
   1.5389398E+03   8.9000000E+01   8.0000000E+01   0.0000000E+00   0.0000000E+00
   1.5389474E+03   9.2000000E+01   7.6000000E+01   0.0000000E+00   0.0000000E+00
   1.5389549E+03   7.5000000E+01   6.3000000E+01   0.0000000E+00   0.0000000E+00
   1.5389624E+03   6.3000000E+01   4.9000000E+01   0.0000000E+00   0.0000000E+00
   1.5389699E+03   8.4000000E+01   7.7000000E+01   0.0000000E+00   0.0000000E+00
   1.5389775E+03   9.8000000E+01   8.4000000E+01   0.0000000E+00   0.0000000E+00
   1.5389850E+03   8.4000000E+01   6.8000000E+01   0.0000000E+00   0.0000000E+00
   1.5389925E+03   9.4000000E+01   8.2000000E+01   0.0000000E+00   0.0000000E+00
   1.5390001E+03   8.8000000E+01   7.4000000E+01   0.0000000E+00   0.0000000E+00
   1.5390076E+03   1.0000000E+02   9.1000000E+01   0.0000000E+00   0.0000000E+00
   1.5390151E+03   9.4000000E+01   7.9000000E+01   0.0000000E+00   0.0000000E+00
   1.5390226E+03   8.8000000E+01   7.9000000E+01   0.0000000E+00   0.0000000E+00
   1.5390302E+03   1.0200000E+02   8.9000000E+01   0.0000000E+00   0.0000000E+00
   1.5390377E+03   9.7000000E+01   8.0000000E+01   0.0000000E+00   0.0000000E+00
   1.5390452E+03   7.9000000E+01   7.2000000E+01   0.0000000E+00   0.0000000E+00
   1.5390528E+03   8.3000000E+01   6.9000000E+01   0.0000000E+00   0.0000000E+00
   1.5390603E+03   8.2000000E+01   7.2000000E+01   0.0000000E+00   0.0000000E+00
   1.5390678E+03   9.0000000E+01   7.7000000E+01   0.0000000E+00   0.0000000E+00
   1.5390753E+03   8.8000000E+01   7.8000000E+01   0.0000000E+00   0.0000000E+00
   1.5390829E+03   1.1200000E+02   9.9000000E+01   0.0000000E+00   0.0000000E+00
   1.5390904E+03   9.4000000E+01   7.9000000E+01   0.0000000E+00   0.0000000E+00
   1.5390979E+03   9.9000000E+01   8.1000000E+01   0.0000000E+00   0.0000000E+00
   1.5391055E+03   9.6000000E+01   7.6000000E+01   0.0000000E+00   0.0000000E+00
   1.5391130E+03   1.0800000E+02   9.4000000E+01   0.0000000E+00   0.0000000E+00
   1.5391205E+03   1.0200000E+02   9.1000000E+01   0.0000000E+00   0.0000000E+00
   1.5391280E+03   1.2700000E+02   1.1300000E+02   0.0000000E+00   0.0000000E+00
   1.5391356E+03   1.1000000E+02   9.6000000E+01   0.0000000E+00   0.0000000E+00
   1.5391431E+03   1.2100000E+02   1.0500000E+02   0.0000000E+00   0.0000000E+00
   1.5391506E+03   1.0700000E+02   9.3000000E+01   0.0000000E+00   0.0000000E+00
   1.5391582E+03   1.0400000E+02   8.5000000E+01   0.0000000E+00   0.0000000E+00
   1.5391657E+03   8.9000000E+01   7.9000000E+01   0.0000000E+00   0.0000000E+00
   1.5391732E+03   1.1600000E+02   9.8000000E+01   0.0000000E+00   0.0000000E+00
   1.5391807E+03   1.0500000E+02   9.1000000E+01   0.0000000E+00   0.0000000E+00
   1.5391883E+03   8.4000000E+01   7.7000000E+01   0.0000000E+00   0.0000000E+00
   1.5391958E+03   1.0600000E+02   9.4000000E+01   0.0000000E+00   0.0000000E+00
   1.5392033E+03   1.0600000E+02   9.1000000E+01   0.0000000E+00   0.0000000E+00
   1.5392109E+03   1.1100000E+02   1.0100000E+02   0.0000000E+00   0.0000000E+00
   1.5392184E+03   1.1400000E+02   9.8000000E+01   0.0000000E+00   0.0000000E+00
   1.5392259E+03   1.1800000E+02   1.0200000E+02   0.0000000E+00   0.0000000E+00
   1.5392334E+03   1.2300000E+02   1.1600000E+02   0.0000000E+00   0.0000000E+00
   1.5392410E+03   1.0700000E+02   9.4000000E+01   0.0000000E+00   0.0000000E+00
   1.5392485E+03   1.2400000E+02   1.1700000E+02   0.0000000E+00   0.0000000E+00
   1.5392560E+03   1.1900000E+02   1.0200000E+02   0.0000000E+00   0.0000000E+00
   1.5392636E+03   1.1300000E+02   9.8000000E+01   0.0000000E+00   0.0000000E+00
   1.5392711E+03   1.0600000E+02   9.9000000E+01   0.0000000E+00   0.0000000E+00
   1.5392786E+03   1.2400000E+02   1.0900000E+02   0.0000000E+00   0.0000000E+00
   1.5392861E+03   1.1500000E+02   1.0500000E+02   2.2278326E-03   2.4400071E-03
   1.5392937E+03   1.0300000E+02   8.8000000E+01   0.0000000E+00   0.0000000E+00
   1.5393012E+03   1.1900000E+02   1.0500000E+02   0.0000000E+00   0.0000000E+00
   1.5393087E+03   1.3800000E+02   1.1600000E+02   0.0000000E+00   0.0000000E+00
   1.5393162E+03   1.1400000E+02   9.6000000E+01   0.0000000E+00   0.0000000E+00
   1.5393238E+03   1.2700000E+02   1.0700000E+02   0.0000000E+00   0.0000000E+00
   1.5393313E+03   1.1900000E+02   1.0400000E+02   0.0000000E+00   0.0000000E+00
   1.5393388E+03   9.4000000E+01   8.3000000E+01   0.0000000E+00   0.0000000E+00
   1.5393464E+03   1.0400000E+02   9.2000000E+01   0.0000000E+00   0.0000000E+00
   1.5393539E+03   1.2900000E+02   1.1200000E+02   0.0000000E+00   0.0000000E+00
   1.5393614E+03   1.2300000E+02   1.0600000E+02   0.0000000E+00   0.0000000E+00
   1.5393689E+03   1.1300000E+02   9.5000000E+01   0.0000000E+00   0.0000000E+00
   1.5393765E+03   1.5400000E+02   1.3200000E+02   0.0000000E+00   0.0000000E+00
   1.5393840E+03   1.4500000E+02   1.2700000E+02   0.0000000E+00   0.0000000E+00
   1.5393915E+03   1.2600000E+02   1.0900000E+02   0.0000000E+00   0.0000000E+00
   1.5393991E+03   1.1700000E+02   9.7000000E+01   0.0000000E+00   0.0000000E+00
   1.5394066E+03   1.2900000E+02   1.0800000E+02   0.0000000E+00   0.0000000E+00
   1.5394141E+03   1.3700000E+02   1.1900000E+02   0.0000000E+00   0.0000000E+00
   1.5394216E+03   1.3400000E+02   1.2000000E+02   0.0000000E+00   0.0000000E+00
   1.5394292E+03   1.2500000E+02   1.0400000E+02   0.0000000E+00   0.0000000E+00
   1.5394367E+03   1.3300000E+02   1.1400000E+02   0.0000000E+00   0.0000000E+00
   1.5394442E+03   1.3500000E+02   1.1700000E+02   0.0000000E+00   0.0000000E+00
   1.5394518E+03   1.2900000E+02   1.0200000E+02   0.0000000E+00   0.0000000E+00
   1.5394593E+03   1.1700000E+02   1.0200000E+02   0.0000000E+00   0.0000000E+00
   1.5394668E+03   1.2900000E+02   1.1600000E+02   0.0000000E+00   0.0000000E+00
   1.5394743E+03   1.2600000E+02   1.0700000E+02   0.0000000E+00   0.0000000E+00
   1.5394819E+03   1.3100000E+02   1.1300000E+02   0.0000000E+00   0.0000000E+00
   1.5394894E+03   1.4700000E+02   1.3300000E+02   0.0000000E+00   0.0000000E+00
   1.5394969E+03   1.3900000E+02   1.2000000E+02   0.0000000E+00   0.0000000E+00
   1.5395045E+03   1.2200000E+02   1.0000000E+02   0.0000000E+00   0.0000000E+00
   1.5395120E+03   1.6100000E+02   1.4300000E+02   0.0000000E+00   0.0000000E+00
   1.5395195E+03   1.4100000E+02   1.2000000E+02   0.0000000E+00   0.0000000E+00
   1.5395270E+03   1.4900000E+02   1.3000000E+02   0.0000000E+00   0.0000000E+00
   1.5395346E+03   1.3000000E+02   1.0900000E+02   0.0000000E+00   0.0000000E+00
   1.5395421E+03   1.4100000E+02   1.2300000E+02   0.0000000E+00   0.0000000E+00
   1.5395496E+03   1.5000000E+02   1.2500000E+02   0.0000000E+00   0.0000000E+00
   1.5395572E+03   1.3900000E+02   1.2000000E+02   0.0000000E+00   0.0000000E+00
   1.5395647E+03   1.3700000E+02   1.1500000E+02   0.0000000E+00   0.0000000E+00
   1.5395722E+03   1.4600000E+02   1.2300000E+02   0.0000000E+00   0.0000000E+00
   1.5395797E+03   1.5500000E+02   1.3100000E+02   0.0000000E+00   0.0000000E+00
   1.5395873E+03   1.4000000E+02   1.2100000E+02   0.0000000E+00   0.0000000E+00
   1.5395948E+03   1.5700000E+02   1.3600000E+02   0.0000000E+00   0.0000000E+00
   1.5396023E+03   1.2600000E+02   1.0600000E+02   0.0000000E+00   0.0000000E+00
   1.5396099E+03   1.5700000E+02   1.3300000E+02   0.0000000E+00   0.0000000E+00
   1.5396174E+03   1.6000000E+02   1.4100000E+02   0.0000000E+00   0.0000000E+00
   1.5396249E+03   1.5700000E+02   1.3000000E+02   0.0000000E+00   0.0000000E+00
   1.5396324E+03   1.5300000E+02   1.2900000E+02   0.0000000E+00   0.0000000E+00
   1.5396400E+03   1.4000000E+02   1.2000000E+02   0.0000000E+00   0.0000000E+00
   1.5396475E+03   1.6600000E+02   1.4000000E+02   0.0000000E+00   0.0000000E+00
   1.5396550E+03   1.5800000E+02   1.3300000E+02   0.0000000E+00   0.0000000E+00
   1.5396626E+03   1.9400000E+02   1.6100000E+02   0.0000000E+00   0.0000000E+00
   1.5396701E+03   1.7100000E+02   1.5200000E+02   0.0000000E+00   0.0000000E+00
   1.5396776E+03   1.6500000E+02   1.3900000E+02   0.0000000E+00   0.0000000E+00
   1.5396851E+03   1.8600000E+02   1.6200000E+02   0.0000000E+00   0.0000000E+00
   1.5396927E+03   1.5700000E+02   1.3500000E+02   0.0000000E+00   0.0000000E+00
   1.5397002E+03   1.6100000E+02   1.4200000E+02   0.0000000E+00   0.0000000E+00
   1.5397077E+03   1.7600000E+02   1.5000000E+02   0.0000000E+00   0.0000000E+00
   1.5397153E+03   1.6500000E+02   1.4200000E+02   0.0000000E+00   0.0000000E+00
   1.5397228E+03   1.7000000E+02   1.4700000E+02   0.0000000E+00   0.0000000E+00
   1.5397303E+03   1.7800000E+02   1.4500000E+02   0.0000000E+00   0.0000000E+00
   1.5397378E+03   1.6400000E+02   1.4400000E+02   0.0000000E+00   0.0000000E+00
   1.5397454E+03   1.7000000E+02   1.6000000E+02   0.0000000E+00   0.0000000E+00
   1.5397529E+03   1.6100000E+02   1.4400000E+02   0.0000000E+00   0.0000000E+00
   1.5397604E+03   1.6400000E+02   1.3700000E+02   0.0000000E+00   0.0000000E+00
   1.5397679E+03   1.6700000E+02   1.4600000E+02   0.0000000E+00   0.0000000E+00
   1.5397755E+03   2.0500000E+02   1.7900000E+02   0.0000000E+00   0.0000000E+00
   1.5397830E+03   1.7800000E+02   1.6000000E+02   0.0000000E+00   0.0000000E+00
   1.5397905E+03   1.6200000E+02   1.4000000E+02   0.0000000E+00   0.0000000E+00
   1.5397981E+03   2.0800000E+02   1.9200000E+02   0.0000000E+00   0.0000000E+00
   1.5398056E+03   1.9600000E+02   1.7200000E+02   0.0000000E+00   0.0000000E+00
   1.5398131E+03   1.8600000E+02   1.5700000E+02   0.0000000E+00   0.0000000E+00
   1.5398206E+03   1.7400000E+02   1.5100000E+02   0.0000000E+00   0.0000000E+00
   1.5398282E+03   1.7900000E+02   1.6200000E+02   0.0000000E+00   0.0000000E+00
   1.5398357E+03   1.9000000E+02   1.6500000E+02   0.0000000E+00   0.0000000E+00
   1.5398432E+03   1.7900000E+02   1.5000000E+02   0.0000000E+00   0.0000000E+00
   1.5398508E+03   1.7800000E+02   1.5100000E+02   0.0000000E+00   0.0000000E+00
   1.5398583E+03   1.9200000E+02   1.7800000E+02   0.0000000E+00   0.0000000E+00
   1.5398658E+03   2.2300000E+02   1.8700000E+02   0.0000000E+00   0.0000000E+00
   1.5398733E+03   2.0400000E+02   1.8200000E+02   0.0000000E+00   0.0000000E+00
   1.5398809E+03   2.0800000E+02   1.7700000E+02   0.0000000E+00   0.0000000E+00
   1.5398884E+03   2.0600000E+02   1.8800000E+02   0.0000000E+00   0.0000000E+00
   1.5398959E+03   1.9900000E+02   1.7200000E+02   0.0000000E+00   0.0000000E+00
   1.5399035E+03   1.9500000E+02   1.7000000E+02   0.0000000E+00   0.0000000E+00
   1.5399110E+03   1.8700000E+02   1.6700000E+02   0.0000000E+00   0.0000000E+00
   1.5399185E+03   1.9700000E+02   1.6900000E+02   0.0000000E+00   0.0000000E+00
   1.5399260E+03   1.9900000E+02   1.7300000E+02   0.0000000E+00   0.0000000E+00
   1.5399336E+03   1.9200000E+02   1.6400000E+02   0.0000000E+00   0.0000000E+00
   1.5399411E+03   2.0700000E+02   1.7800000E+02   0.0000000E+00   0.0000000E+00
   1.5399486E+03   1.9900000E+02   1.7200000E+02   0.0000000E+00   0.0000000E+00
   1.5399562E+03   2.0100000E+02   1.7400000E+02   0.0000000E+00   0.0000000E+00
   1.5399637E+03   2.0700000E+02   1.7800000E+02   0.0000000E+00   0.0000000E+00
   1.5399712E+03   2.0800000E+02   1.8100000E+02   0.0000000E+00   0.0000000E+00
   1.5399787E+03   2.4000000E+02   2.0300000E+02   0.0000000E+00   0.0000000E+00
   1.5399863E+03   2.1600000E+02   1.8700000E+02   0.0000000E+00   0.0000000E+00
   1.5399938E+03   1.9600000E+02   1.7200000E+02   0.0000000E+00   0.0000000E+00
   1.5400013E+03   2.1700000E+02   1.7800000E+02   0.0000000E+00   0.0000000E+00
   1.5400089E+03   2.4600000E+02   2.0900000E+02   0.0000000E+00   0.0000000E+00
   1.5400164E+03   2.2700000E+02   1.9700000E+02   0.0000000E+00   0.0000000E+00
   1.5400239E+03   2.1200000E+02   1.8200000E+02   0.0000000E+00   0.0000000E+00
   1.5400314E+03   2.1900000E+02   1.9300000E+02   4.4319496E-03   5.0289998E-03
   1.5400390E+03   2.4500000E+02   2.1700000E+02   0.0000000E+00   0.0000000E+00
   1.5400465E+03   2.2400000E+02   2.0200000E+02   0.0000000E+00   0.0000000E+00
   1.5400540E+03   2.2500000E+02   1.9500000E+02   0.0000000E+00   0.0000000E+00
   1.5400616E+03   2.1800000E+02   1.8800000E+02   0.0000000E+00   0.0000000E+00
   1.5400691E+03   2.1200000E+02   1.7100000E+02   0.0000000E+00   0.0000000E+00
   1.5400766E+03   2.1600000E+02   1.8100000E+02   0.0000000E+00   0.0000000E+00
   1.5400841E+03   2.3700000E+02   2.1100000E+02   0.0000000E+00   0.0000000E+00
   1.5400917E+03   2.8700000E+02   2.4200000E+02   0.0000000E+00   0.0000000E+00
   1.5400992E+03   2.5700000E+02   2.2600000E+02   0.0000000E+00   0.0000000E+00
   1.5401067E+03   2.3500000E+02   1.9700000E+02   0.0000000E+00   0.0000000E+00
   1.5401143E+03   2.4600000E+02   2.0600000E+02   0.0000000E+00   0.0000000E+00
   1.5401218E+03   2.3700000E+02   2.0400000E+02   0.0000000E+00   0.0000000E+00
   1.5401293E+03   2.3000000E+02   2.0400000E+02   0.0000000E+00   0.0000000E+00
   1.5401368E+03   2.4700000E+02   2.1600000E+02   0.0000000E+00   0.0000000E+00
   1.5401444E+03   2.2600000E+02   1.9900000E+02   0.0000000E+00   0.0000000E+00
   1.5401519E+03   2.4000000E+02   2.0800000E+02   0.0000000E+00   0.0000000E+00
   1.5401594E+03   2.6400000E+02   2.2500000E+02   0.0000000E+00   0.0000000E+00
   1.5401670E+03   2.6200000E+02   2.2400000E+02   0.0000000E+00   0.0000000E+00
   1.5401745E+03   2.5000000E+02   2.2100000E+02   0.0000000E+00   0.0000000E+00
   1.5401820E+03   2.7800000E+02   2.4700000E+02   0.0000000E+00   0.0000000E+00
   1.5401895E+03   2.6300000E+02   2.2900000E+02   0.0000000E+00   0.0000000E+00
   1.5401971E+03   2.5400000E+02   2.1400000E+02   0.0000000E+00   0.0000000E+00
   1.5402046E+03   2.5300000E+02   2.1900000E+02   0.0000000E+00   0.0000000E+00
   1.5402121E+03   2.4600000E+02   2.2800000E+02   0.0000000E+00   0.0000000E+00
   1.5402197E+03   2.5800000E+02   2.2000000E+02   0.0000000E+00   0.0000000E+00
   1.5402272E+03   2.8500000E+02   2.4500000E+02   0.0000000E+00   0.0000000E+00
   1.5402347E+03   2.6000000E+02   2.1900000E+02   0.0000000E+00   0.0000000E+00
   1.5402422E+03   2.8300000E+02   2.5400000E+02   0.0000000E+00   0.0000000E+00
   1.5402498E+03   2.7300000E+02   2.3600000E+02   0.0000000E+00   0.0000000E+00
   1.5402573E+03   2.5200000E+02   2.1800000E+02   0.0000000E+00   0.0000000E+00
   1.5402648E+03   2.7900000E+02   2.3500000E+02   0.0000000E+00   0.0000000E+00
   1.5402723E+03   2.5900000E+02   2.4100000E+02   0.0000000E+00   0.0000000E+00
   1.5402799E+03   2.6400000E+02   2.1600000E+02   0.0000000E+00   0.0000000E+00
   1.5402874E+03   2.6500000E+02   2.2700000E+02   0.0000000E+00   0.0000000E+00
   1.5402949E+03   2.9800000E+02   2.5400000E+02   0.0000000E+00   0.0000000E+00
   1.5403025E+03   2.6600000E+02   2.2300000E+02   0.0000000E+00   0.0000000E+00
   1.5403100E+03   2.7900000E+02   2.4400000E+02   0.0000000E+00   0.0000000E+00
   1.5403175E+03   2.7700000E+02   2.4000000E+02   0.0000000E+00   0.0000000E+00
   1.5403250E+03   2.8500000E+02   2.4600000E+02   0.0000000E+00   0.0000000E+00
   1.5403326E+03   3.0400000E+02   2.6000000E+02   0.0000000E+00   0.0000000E+00
   1.5403401E+03   2.8800000E+02   2.5200000E+02   0.0000000E+00   0.0000000E+00
   1.5403476E+03   2.7900000E+02   2.3900000E+02   0.0000000E+00   0.0000000E+00
   1.5403552E+03   3.0000000E+02   2.6400000E+02   0.0000000E+00   0.0000000E+00
   1.5403627E+03   3.0700000E+02   2.6700000E+02   0.0000000E+00   0.0000000E+00
   1.5403702E+03   3.2500000E+02   2.8400000E+02   0.0000000E+00   0.0000000E+00
   1.5403777E+03   3.0800000E+02   2.6300000E+02   0.0000000E+00   0.0000000E+00
   1.5403853E+03   2.9200000E+02   2.4600000E+02   0.0000000E+00   0.0000000E+00
   1.5403928E+03   3.0500000E+02   2.7100000E+02   0.0000000E+00   0.0000000E+00
   1.5404003E+03   2.8300000E+02   2.4900000E+02   0.0000000E+00   0.0000000E+00
   1.5404079E+03   2.9300000E+02   2.4800000E+02   0.0000000E+00   0.0000000E+00
   1.5404154E+03   3.0000000E+02   2.5800000E+02   0.0000000E+00   0.0000000E+00
   1.5404229E+03   3.0300000E+02   2.6500000E+02   0.0000000E+00   0.0000000E+00
   1.5404304E+03   2.9600000E+02   2.5000000E+02   0.0000000E+00   0.0000000E+00
   1.5404380E+03   3.6300000E+02   3.0800000E+02   0.0000000E+00   0.0000000E+00
   1.5404455E+03   3.0100000E+02   2.6000000E+02   0.0000000E+00   0.0000000E+00
   1.5404530E+03   3.2600000E+02   2.8100000E+02   0.0000000E+00   0.0000000E+00
   1.5404606E+03   2.9700000E+02   2.6100000E+02   0.0000000E+00   0.0000000E+00
   1.5404681E+03   3.1000000E+02   2.6900000E+02   0.0000000E+00   0.0000000E+00
   1.5404756E+03   3.1100000E+02   2.7000000E+02   0.0000000E+00   0.0000000E+00
   1.5404831E+03   3.2800000E+02   2.8500000E+02   0.0000000E+00   0.0000000E+00
   1.5404907E+03   3.0500000E+02   2.6700000E+02   0.0000000E+00   0.0000000E+00
   1.5404982E+03   3.1800000E+02   2.6700000E+02   0.0000000E+00   0.0000000E+00
   1.5405057E+03   3.3100000E+02   2.7700000E+02   0.0000000E+00   0.0000000E+00
   1.5405133E+03   3.2300000E+02   2.7600000E+02   2.4754371E-04   0.0000000E+00
   1.5405208E+03   3.1300000E+02   2.7300000E+02   0.0000000E+00   0.0000000E+00
   1.5405283E+03   3.3300000E+02   2.8400000E+02   1.0313104E-03   1.2092478E-03
   1.5405358E+03   3.7300000E+02   3.2800000E+02   0.0000000E+00   0.0000000E+00
   1.5405434E+03   3.5200000E+02   3.0600000E+02   0.0000000E+00   0.0000000E+00
   1.5405509E+03   3.1700000E+02   2.7700000E+02   0.0000000E+00   0.0000000E+00
   1.5405584E+03   3.4900000E+02   3.1000000E+02   0.0000000E+00   0.0000000E+00
   1.5405660E+03   3.5100000E+02   2.9600000E+02   0.0000000E+00   0.0000000E+00
   1.5405735E+03   3.4300000E+02   2.9900000E+02   0.0000000E+00   0.0000000E+00
   1.5405810E+03   3.3200000E+02   2.8800000E+02   0.0000000E+00   0.0000000E+00
   1.5405885E+03   3.2500000E+02   2.8000000E+02   0.0000000E+00   0.0000000E+00
   1.5405961E+03   3.7300000E+02   3.1700000E+02   0.0000000E+00   0.0000000E+00
   1.5406036E+03   3.7000000E+02   3.1500000E+02   0.0000000E+00   0.0000000E+00
   1.5406111E+03   3.3900000E+02   2.8400000E+02   0.0000000E+00   0.0000000E+00
   1.5406187E+03   3.9300000E+02   3.4000000E+02   0.0000000E+00   0.0000000E+00
   1.5406262E+03   3.6800000E+02   3.2000000E+02   0.0000000E+00   0.0000000E+00
   1.5406337E+03   3.8100000E+02   3.2900000E+02   0.0000000E+00   0.0000000E+00
   1.5406412E+03   3.1800000E+02   2.7000000E+02   0.0000000E+00   0.0000000E+00
   1.5406488E+03   3.5100000E+02   3.0700000E+02   0.0000000E+00   0.0000000E+00
   1.5406563E+03   3.4700000E+02   3.0200000E+02   0.0000000E+00   0.0000000E+00
   1.5406638E+03   3.6200000E+02   3.1600000E+02   0.0000000E+00   0.0000000E+00
   1.5406713E+03   3.9000000E+02   3.4600000E+02   0.0000000E+00   0.0000000E+00
   1.5406789E+03   3.5900000E+02   3.1100000E+02   0.0000000E+00   0.0000000E+00
   1.5406864E+03   3.8600000E+02   3.1900000E+02   0.0000000E+00   0.0000000E+00
   1.5406939E+03   4.0200000E+02   3.4900000E+02   0.0000000E+00   0.0000000E+00
   1.5407015E+03   3.4500000E+02   3.0800000E+02   8.8801585E-04   9.9469308E-04
   1.5407090E+03   3.5900000E+02   3.0800000E+02   0.0000000E+00   0.0000000E+00
   1.5407165E+03   3.8500000E+02   3.1800000E+02   0.0000000E+00   0.0000000E+00
   1.5407240E+03   3.7700000E+02   3.3300000E+02   0.0000000E+00   0.0000000E+00
   1.5407316E+03   4.0600000E+02   3.5400000E+02   0.0000000E+00   0.0000000E+00
   1.5407391E+03   3.6800000E+02   3.1000000E+02   0.0000000E+00   0.0000000E+00
   1.5407466E+03   4.1200000E+02   3.5200000E+02   0.0000000E+00   0.0000000E+00
   1.5407542E+03   4.2400000E+02   3.7000000E+02   0.0000000E+00   0.0000000E+00
   1.5407617E+03   4.2800000E+02   3.6700000E+02   0.0000000E+00   0.0000000E+00
   1.5407692E+03   3.9300000E+02   3.3800000E+02   0.0000000E+00   0.0000000E+00
   1.5407767E+03   4.1100000E+02   3.5400000E+02   0.0000000E+00   0.0000000E+00
   1.5407843E+03   4.2600000E+02   3.6600000E+02   1.9396810E-03   2.2576615E-03
   1.5407918E+03   4.5800000E+02   3.9900000E+02   0.0000000E+00   0.0000000E+00
   1.5407993E+03   4.0200000E+02   3.5800000E+02   0.0000000E+00   0.0000000E+00
   1.5408069E+03   4.3300000E+02   3.8500000E+02   0.0000000E+00   0.0000000E+00
   1.5408144E+03   4.3600000E+02   3.7700000E+02   0.0000000E+00   0.0000000E+00
   1.5408219E+03   3.9800000E+02   3.5300000E+02   0.0000000E+00   0.0000000E+00
   1.5408294E+03   4.2500000E+02   3.7100000E+02   0.0000000E+00   0.0000000E+00
   1.5408370E+03   4.3600000E+02   3.7000000E+02   0.0000000E+00   0.0000000E+00
   1.5408445E+03   4.2300000E+02   3.6300000E+02   4.9686278E-04   5.7898886E-04
   1.5408520E+03   4.6000000E+02   3.9600000E+02   0.0000000E+00   0.0000000E+00
   1.5408596E+03   4.5300000E+02   3.9400000E+02   0.0000000E+00   0.0000000E+00
   1.5408671E+03   4.4300000E+02   3.9800000E+02   0.0000000E+00   0.0000000E+00
   1.5408746E+03   4.2800000E+02   3.7100000E+02   0.0000000E+00   0.0000000E+00
   1.5408821E+03   4.4600000E+02   3.9400000E+02   0.0000000E+00   0.0000000E+00
   1.5408897E+03   4.6800000E+02   3.9700000E+02   3.0636276E-04   3.6115307E-04
   1.5408972E+03   4.3300000E+02   3.8500000E+02   1.4692678E-03   1.6524493E-03
   1.5409047E+03   4.5900000E+02   3.9900000E+02   0.0000000E+00   0.0000000E+00
   1.5409123E+03   4.2200000E+02   3.7100000E+02   0.0000000E+00   0.0000000E+00
   1.5409198E+03   4.6600000E+02   4.0600000E+02   0.0000000E+00   0.0000000E+00
   1.5409273E+03   4.6200000E+02   3.9300000E+02   0.0000000E+00   0.0000000E+00
   1.5409348E+03   4.5900000E+02   3.9500000E+02   0.0000000E+00   0.0000000E+00
   1.5409424E+03   4.6000000E+02   4.0000000E+02   5.5204549E-05   6.3485231E-05
   1.5409499E+03   4.5000000E+02   3.9000000E+02   0.0000000E+00   0.0000000E+00
   1.5409574E+03   4.5000000E+02   3.9700000E+02   0.0000000E+00   0.0000000E+00
   1.5409650E+03   4.6100000E+02   3.9700000E+02   0.0000000E+00   0.0000000E+00
   1.5409725E+03   4.7200000E+02   4.2000000E+02   0.0000000E+00   0.0000000E+00
   1.5409800E+03   4.8500000E+02   4.2700000E+02   0.0000000E+00   0.0000000E+00
   1.5409875E+03   4.7700000E+02   4.1700000E+02   0.0000000E+00   0.0000000E+00
   1.5409951E+03   4.9000000E+02   4.2400000E+02   0.0000000E+00   0.0000000E+00
   1.5410026E+03   4.9200000E+02   4.3200000E+02   0.0000000E+00   0.0000000E+00
   1.5410101E+03   4.6100000E+02   3.9900000E+02   0.0000000E+00   0.0000000E+00
   1.5410177E+03   5.1900000E+02   4.4400000E+02   0.0000000E+00   0.0000000E+00
   1.5410252E+03   5.1700000E+02   4.4500000E+02   0.0000000E+00   0.0000000E+00
   1.5410327E+03   4.7100000E+02   3.8400000E+02   0.0000000E+00   0.0000000E+00
   1.5410402E+03   4.9900000E+02   4.1800000E+02   0.0000000E+00   0.0000000E+00
   1.5410478E+03   5.2000000E+02   4.5300000E+02   1.5200166E-03   1.7448314E-03
   1.5410553E+03   5.1000000E+02   4.3400000E+02   0.0000000E+00   0.0000000E+00
   1.5410628E+03   5.0400000E+02   4.4200000E+02   0.0000000E+00   0.0000000E+00
   1.5410704E+03   4.9000000E+02   4.2600000E+02   0.0000000E+00   0.0000000E+00
   1.5410779E+03   4.8800000E+02   4.1200000E+02   0.0000000E+00   0.0000000E+00
   1.5410854E+03   5.0200000E+02   4.3800000E+02   0.0000000E+00   0.0000000E+00
   1.5410929E+03   5.4300000E+02   4.7200000E+02   1.2740749E-03   1.4657260E-03
   1.5411005E+03   5.2200000E+02   4.4100000E+02   0.0000000E+00   0.0000000E+00
   1.5411080E+03   5.2500000E+02   4.6000000E+02   0.0000000E+00   0.0000000E+00
   1.5411155E+03   5.5900000E+02   4.7600000E+02   0.0000000E+00   0.0000000E+00
   1.5411230E+03   5.7200000E+02   4.9300000E+02   0.0000000E+00   0.0000000E+00
   1.5411306E+03   5.4300000E+02   4.7400000E+02   0.0000000E+00   0.0000000E+00
   1.5411381E+03   5.3900000E+02   4.7100000E+02   0.0000000E+00   0.0000000E+00
   1.5411456E+03   5.2700000E+02   4.5400000E+02   0.0000000E+00   0.0000000E+00
   1.5411532E+03   5.1200000E+02   4.4400000E+02   0.0000000E+00   0.0000000E+00
   1.5411607E+03   5.6100000E+02   4.8800000E+02   0.0000000E+00   0.0000000E+00
   1.5411682E+03   5.2600000E+02   4.5400000E+02   0.0000000E+00   0.0000000E+00
   1.5411757E+03   5.2700000E+02   4.6200000E+02   0.0000000E+00   0.0000000E+00
   1.5411833E+03   5.3800000E+02   4.6700000E+02   0.0000000E+00   0.0000000E+00
   1.5411908E+03   5.5000000E+02   4.8000000E+02   0.0000000E+00   0.0000000E+00
   1.5411983E+03   5.9300000E+02   5.2400000E+02   0.0000000E+00   0.0000000E+00
   1.5412059E+03   5.4700000E+02   4.7600000E+02   0.0000000E+00   0.0000000E+00
   1.5412134E+03   5.5100000E+02   4.8000000E+02   0.0000000E+00   0.0000000E+00
   1.5412209E+03   6.0000000E+02   5.1300000E+02   0.0000000E+00   0.0000000E+00
   1.5412284E+03   5.5600000E+02   4.9000000E+02   0.0000000E+00   0.0000000E+00
   1.5412360E+03   5.6500000E+02   4.8000000E+02   0.0000000E+00   0.0000000E+00
   1.5412435E+03   5.9000000E+02   5.1400000E+02   0.0000000E+00   0.0000000E+00
   1.5412510E+03   5.5500000E+02   4.8200000E+02   0.0000000E+00   0.0000000E+00
   1.5412586E+03   6.2400000E+02   5.4800000E+02   0.0000000E+00   0.0000000E+00
   1.5412661E+03   6.1500000E+02   5.2700000E+02   0.0000000E+00   0.0000000E+00
   1.5412736E+03   5.5200000E+02   4.7900000E+02   0.0000000E+00   0.0000000E+00
   1.5412811E+03   5.7200000E+02   4.9600000E+02   0.0000000E+00   0.0000000E+00
   1.5412887E+03   6.1100000E+02   5.3400000E+02   0.0000000E+00   0.0000000E+00
   1.5412962E+03   5.4500000E+02   4.6500000E+02   0.0000000E+00   0.0000000E+00
   1.5413037E+03   5.9500000E+02   5.1800000E+02   0.0000000E+00   0.0000000E+00
   1.5413113E+03   6.0100000E+02   5.2500000E+02   0.0000000E+00   0.0000000E+00
   1.5413188E+03   6.1000000E+02   5.4300000E+02   5.8599914E-04   6.5830474E-04
   1.5413263E+03   6.6400000E+02   5.8400000E+02   0.0000000E+00   0.0000000E+00
   1.5413338E+03   6.0000000E+02   5.2400000E+02   0.0000000E+00   0.0000000E+00
   1.5413414E+03   6.2100000E+02   5.3200000E+02   0.0000000E+00   0.0000000E+00
   1.5413489E+03   6.2600000E+02   5.3900000E+02   3.3297301E-04   0.0000000E+00
   1.5413564E+03   6.4100000E+02   5.5500000E+02   0.0000000E+00   0.0000000E+00
   1.5413640E+03   6.1200000E+02   5.2500000E+02   0.0000000E+00   0.0000000E+00
   1.5413715E+03   6.7100000E+02   5.8900000E+02   0.0000000E+00   0.0000000E+00
   1.5413790E+03   6.4100000E+02   5.4100000E+02   0.0000000E+00   0.0000000E+00
   1.5413865E+03   6.1900000E+02   5.3600000E+02   1.4385862E-03   1.6613523E-03
   1.5413941E+03   6.2400000E+02   5.5000000E+02   0.0000000E+00   0.0000000E+00
   1.5414016E+03   6.4400000E+02   5.5600000E+02   9.5437430E-04   1.1054263E-03
   1.5414091E+03   6.5300000E+02   5.7000000E+02   0.0000000E+00   0.0000000E+00
   1.5414167E+03   6.3500000E+02   5.4900000E+02   0.0000000E+00   0.0000000E+00
   1.5414242E+03   6.8900000E+02   6.0400000E+02   0.0000000E+00   0.0000000E+00
   1.5414317E+03   6.6700000E+02   5.8200000E+02   0.0000000E+00   0.0000000E+00
   1.5414392E+03   6.7900000E+02   6.0200000E+02   0.0000000E+00   0.0000000E+00
   1.5414468E+03   6.4400000E+02   5.4100000E+02   0.0000000E+00   0.0000000E+00
   1.5414543E+03   6.7500000E+02   5.9500000E+02   1.6908741E-03   1.9182186E-03
   1.5414618E+03   7.4100000E+02   6.4100000E+02   0.0000000E+00   0.0000000E+00
   1.5414694E+03   6.4900000E+02   5.6200000E+02   0.0000000E+00   0.0000000E+00
   1.5414769E+03   6.9400000E+02   5.7900000E+02   0.0000000E+00   0.0000000E+00
   1.5414844E+03   6.9300000E+02   5.9500000E+02   0.0000000E+00   0.0000000E+00
   1.5414919E+03   7.3200000E+02   6.4400000E+02   0.0000000E+00   0.0000000E+00
   1.5414995E+03   7.4000000E+02   6.4300000E+02   0.0000000E+00   0.0000000E+00
   1.5415070E+03   6.9100000E+02   6.0600000E+02   0.0000000E+00   0.0000000E+00
   1.5415145E+03   6.8100000E+02   5.9000000E+02   0.0000000E+00   0.0000000E+00
   1.5415221E+03   6.9100000E+02   6.0100000E+02   0.0000000E+00   0.0000000E+00
   1.5415296E+03   7.3100000E+02   6.2400000E+02   0.0000000E+00   0.0000000E+00
   1.5415371E+03   6.9100000E+02   6.1100000E+02   0.0000000E+00   0.0000000E+00
   1.5415446E+03   7.0800000E+02   6.1400000E+02   0.0000000E+00   0.0000000E+00
   1.5415522E+03   6.9400000E+02   6.0900000E+02   0.0000000E+00   0.0000000E+00
   1.5415597E+03   6.9400000E+02   6.1100000E+02   0.0000000E+00   0.0000000E+00
   1.5415672E+03   7.2200000E+02   6.0600000E+02   0.0000000E+00   0.0000000E+00
   1.5415747E+03   7.2000000E+02   6.3800000E+02   0.0000000E+00   0.0000000E+00
   1.5415823E+03   7.2200000E+02   6.2000000E+02   2.6540264E-04   3.0906565E-04
   1.5415898E+03   7.0700000E+02   6.1100000E+02   3.8710533E-04   4.4792711E-04
   1.5415973E+03   7.2300000E+02   6.3000000E+02   0.0000000E+00   0.0000000E+00
   1.5416049E+03   7.4500000E+02   6.5900000E+02   1.2450348E-03   1.4075128E-03
   1.5416124E+03   8.0100000E+02   6.9300000E+02   0.0000000E+00   0.0000000E+00
   1.5416199E+03   7.3100000E+02   6.3700000E+02   5.8718521E-04   6.7383420E-04
   1.5416274E+03   7.9500000E+02   6.9900000E+02   0.0000000E+00   0.0000000E+00
   1.5416350E+03   8.0300000E+02   6.9900000E+02   0.0000000E+00   0.0000000E+00
   1.5416425E+03   7.2000000E+02   6.3600000E+02   0.0000000E+00   0.0000000E+00
   1.5416500E+03   7.2600000E+02   6.2900000E+02   3.3683040E-04   3.8877404E-04
   1.5416576E+03   7.4800000E+02   6.4500000E+02   0.0000000E+00   0.0000000E+00
   1.5416651E+03   8.0700000E+02   6.9600000E+02   0.0000000E+00   0.0000000E+00
   1.5416726E+03   7.9700000E+02   6.9200000E+02   0.0000000E+00   0.0000000E+00
   1.5416801E+03   8.0800000E+02   6.9900000E+02   0.0000000E+00   0.0000000E+00
   1.5416877E+03   8.0500000E+02   7.0900000E+02   0.0000000E+00   0.0000000E+00
   1.5416952E+03   7.7000000E+02   6.5300000E+02   0.0000000E+00   0.0000000E+00
   1.5417027E+03   7.7800000E+02   6.8000000E+02   0.0000000E+00   0.0000000E+00
   1.5417103E+03   8.0300000E+02   6.7300000E+02   0.0000000E+00   0.0000000E+00
   1.5417178E+03   7.4900000E+02   6.5000000E+02   0.0000000E+00   0.0000000E+00
   1.5417253E+03   8.2200000E+02   7.1200000E+02   0.0000000E+00   0.0000000E+00
   1.5417328E+03   8.1900000E+02   7.0800000E+02   0.0000000E+00   0.0000000E+00
   1.5417404E+03   8.2500000E+02   7.2100000E+02   1.4398697E-04   1.6475624E-04
   1.5417479E+03   8.1300000E+02   6.8500000E+02   1.7103260E-05   2.0299198E-05
   1.5417554E+03   8.3800000E+02   7.3700000E+02   0.0000000E+00   0.0000000E+00
   1.5417630E+03   8.4500000E+02   7.2600000E+02   0.0000000E+00   0.0000000E+00
   1.5417705E+03   8.7700000E+02   7.6000000E+02   0.0000000E+00   0.0000000E+00
   1.5417780E+03   8.0900000E+02   7.0900000E+02   0.0000000E+00   0.0000000E+00
   1.5417855E+03   8.7600000E+02   7.5400000E+02   0.0000000E+00   0.0000000E+00
   1.5417931E+03   8.7400000E+02   7.5200000E+02   0.0000000E+00   0.0000000E+00
   1.5418006E+03   8.1000000E+02   7.0000000E+02   0.0000000E+00   0.0000000E+00
   1.5418081E+03   8.7200000E+02   7.7600000E+02   0.0000000E+00   0.0000000E+00
   1.5418157E+03   8.7800000E+02   7.5500000E+02   0.0000000E+00   0.0000000E+00
   1.5418232E+03   8.9900000E+02   7.7200000E+02   7.5485540E-04   8.7903498E-04
   1.5418307E+03   8.5200000E+02   7.3700000E+02   0.0000000E+00   0.0000000E+00
   1.5418382E+03   9.0400000E+02   7.8000000E+02   0.0000000E+00   0.0000000E+00
   1.5418458E+03   8.9100000E+02   7.9600000E+02   0.0000000E+00   0.0000000E+00
   1.5418533E+03   9.1700000E+02   8.0300000E+02   0.0000000E+00   0.0000000E+00
   1.5418608E+03   9.0000000E+02   7.7900000E+02   0.0000000E+00   0.0000000E+00
   1.5418684E+03   9.4900000E+02   8.1700000E+02   0.0000000E+00   0.0000000E+00
   1.5418759E+03   8.5700000E+02   7.4700000E+02   0.0000000E+00   0.0000000E+00
   1.5418834E+03   9.3200000E+02   7.9900000E+02   6.9121405E-04   8.0627221E-04
   1.5418909E+03   8.2400000E+02   7.1800000E+02   6.6522574E-04   7.6343456E-04
   1.5418985E+03   9.2400000E+02   7.9400000E+02   0.0000000E+00   0.0000000E+00
   1.5419060E+03   8.8800000E+02   7.7400000E+02   0.0000000E+00   0.0000000E+00
   1.5419135E+03   9.5000000E+02   8.4000000E+02   0.0000000E+00   0.0000000E+00
   1.5419211E+03   9.7800000E+02   8.5300000E+02   0.0000000E+00   0.0000000E+00
   1.5419286E+03   8.5500000E+02   7.3900000E+02   1.1151221E-03   1.2901615E-03
   1.5419361E+03   9.1500000E+02   8.0100000E+02   0.0000000E+00   0.0000000E+00
   1.5419436E+03   9.3000000E+02   7.9600000E+02   0.0000000E+00   0.0000000E+00
   1.5419512E+03   9.5000000E+02   8.3700000E+02   0.0000000E+00   0.0000000E+00
   1.5419587E+03   9.8200000E+02   8.6000000E+02   0.0000000E+00   0.0000000E+00
   1.5419662E+03   9.7300000E+02   8.4400000E+02   2.2193198E-04   2.5585286E-04
   1.5419738E+03   1.0110000E+03   8.5800000E+02   0.0000000E+00   0.0000000E+00
   1.5419813E+03   9.6000000E+02   8.3300000E+02   0.0000000E+00   0.0000000E+00
   1.5419888E+03   9.6500000E+02   8.5800000E+02   0.0000000E+00   0.0000000E+00
   1.5419963E+03   9.7000000E+02   8.5000000E+02   0.0000000E+00   0.0000000E+00
   1.5420039E+03   9.6800000E+02   8.4100000E+02   0.0000000E+00   0.0000000E+00
   1.5420114E+03   9.6900000E+02   8.4500000E+02   0.0000000E+00   0.0000000E+00
   1.5420189E+03   1.0210000E+03   8.7600000E+02   6.9577993E-04   8.1094898E-04
   1.5420264E+03   1.0540000E+03   8.9900000E+02   4.1120969E-04   4.8210791E-04
   1.5420340E+03   1.0050000E+03   8.5900000E+02   0.0000000E+00   0.0000000E+00
   1.5420415E+03   9.8800000E+02   8.2800000E+02   0.0000000E+00   0.0000000E+00
   1.5420490E+03   1.0600000E+03   9.1600000E+02   1.0554381E-04   1.2213585E-04
   1.5420566E+03   9.9500000E+02   8.4600000E+02   0.0000000E+00   0.0000000E+00
   1.5420641E+03   1.0690000E+03   9.1600000E+02   3.7951262E-04   4.4290283E-04
   1.5420716E+03   9.8400000E+02   8.3000000E+02   0.0000000E+00   0.0000000E+00
   1.5420791E+03   1.0860000E+03   9.3400000E+02   5.3278329E-04   6.1948893E-04
   1.5420867E+03   1.0770000E+03   9.2100000E+02   0.0000000E+00   0.0000000E+00
   1.5420942E+03   9.9800000E+02   8.7900000E+02   0.0000000E+00   0.0000000E+00
   1.5421017E+03   1.0910000E+03   9.3500000E+02   3.0014459E-04   0.0000000E+00
   1.5421093E+03   1.0560000E+03   9.0600000E+02   0.0000000E+00   0.0000000E+00
   1.5421168E+03   1.1030000E+03   9.6000000E+02   4.7049660E-04   5.4058099E-04
   1.5421243E+03   1.0280000E+03   8.9900000E+02   0.0000000E+00   0.0000000E+00
   1.5421318E+03   1.0330000E+03   8.9600000E+02   0.0000000E+00   0.0000000E+00
   1.5421394E+03   1.1080000E+03   9.4400000E+02   1.5718826E-04   1.8449639E-04
   1.5421469E+03   1.1160000E+03   9.7000000E+02   0.0000000E+00   0.0000000E+00
   1.5421544E+03   1.0850000E+03   9.4300000E+02   0.0000000E+00   0.0000000E+00
   1.5421620E+03   1.0580000E+03   9.1400000E+02   0.0000000E+00   0.0000000E+00
   1.5421695E+03   1.0900000E+03   9.3900000E+02   6.8568035E-04   7.9594418E-04
   1.5421770E+03   1.0410000E+03   9.0700000E+02   0.0000000E+00   0.0000000E+00
   1.5421845E+03   1.0150000E+03   8.7400000E+02   7.5866001E-04   8.8105253E-04
   1.5421921E+03   1.1180000E+03   9.8000000E+02   0.0000000E+00   0.0000000E+00
   1.5421996E+03   1.1120000E+03   9.6900000E+02   0.0000000E+00   0.0000000E+00
   1.5422071E+03   1.0870000E+03   9.1500000E+02   0.0000000E+00   0.0000000E+00
   1.5422147E+03   1.1090000E+03   9.4900000E+02   0.0000000E+00   0.0000000E+00
   1.5422222E+03   1.1410000E+03   9.8500000E+02   0.0000000E+00   0.0000000E+00
   1.5422297E+03   1.1050000E+03   9.7500000E+02   5.7037705E-04   6.4642733E-04
   1.5422372E+03   1.1380000E+03   9.8600000E+02   0.0000000E+00   0.0000000E+00
   1.5422448E+03   1.1320000E+03   9.7000000E+02   0.0000000E+00   0.0000000E+00
   1.5422523E+03   1.1570000E+03   1.0020000E+03   0.0000000E+00   0.0000000E+00
   1.5422598E+03   1.1210000E+03   9.6500000E+02   0.0000000E+00   0.0000000E+00
   1.5422674E+03   1.1360000E+03   9.6700000E+02   0.0000000E+00   0.0000000E+00
   1.5422749E+03   1.1320000E+03   9.8200000E+02   7.6237705E-04   8.7882976E-04
   1.5422824E+03   1.1720000E+03   9.9300000E+02   7.9045908E-04   9.3294868E-04
   1.5422899E+03   1.1320000E+03   9.8900000E+02   0.0000000E+00   0.0000000E+00
   1.5422975E+03   1.1960000E+03   1.0280000E+03   3.8429266E-05   4.4709535E-05
   1.5423050E+03   1.1450000E+03   9.8500000E+02   2.1130967E-04   2.4563408E-04
   1.5423125E+03   1.1610000E+03   1.0000000E+03   0.0000000E+00   0.0000000E+00
   1.5423201E+03   1.2190000E+03   1.0710000E+03   0.0000000E+00   0.0000000E+00
   1.5423276E+03   1.2440000E+03   1.0820000E+03   0.0000000E+00   0.0000000E+00
   1.5423351E+03   1.2490000E+03   1.0940000E+03   0.0000000E+00   0.0000000E+00
   1.5423426E+03   1.2120000E+03   1.0360000E+03   9.9980549E-04   1.1696566E-03
   1.5423502E+03   1.2600000E+03   1.0670000E+03   0.0000000E+00   0.0000000E+00
   1.5423577E+03   1.1820000E+03   1.0310000E+03   0.0000000E+00   0.0000000E+00
   1.5423652E+03   1.2720000E+03   1.1100000E+03   0.0000000E+00   0.0000000E+00
   1.5423728E+03   1.2580000E+03   1.0820000E+03   0.0000000E+00   0.0000000E+00
   1.5423803E+03   1.2370000E+03   1.0890000E+03   0.0000000E+00   0.0000000E+00
   1.5423878E+03   1.2770000E+03   1.1140000E+03   0.0000000E+00   0.0000000E+00
   1.5423953E+03   1.2780000E+03   1.0990000E+03   1.0780699E-05   1.2536609E-05
   1.5424029E+03   1.2370000E+03   1.0690000E+03   0.0000000E+00   0.0000000E+00
   1.5424104E+03   1.2850000E+03   1.1140000E+03   0.0000000E+00   0.0000000E+00
   1.5424179E+03   1.2490000E+03   1.0890000E+03   0.0000000E+00   0.0000000E+00
   1.5424255E+03   1.2100000E+03   1.0610000E+03   5.8528206E-04   6.6747530E-04
   1.5424330E+03   1.2680000E+03   1.1110000E+03   0.0000000E+00   0.0000000E+00
   1.5424405E+03   1.2910000E+03   1.1260000E+03   8.1503513E-04   9.3446745E-04
   1.5424480E+03   1.2870000E+03   1.0890000E+03   0.0000000E+00   0.0000000E+00
   1.5424556E+03   1.2880000E+03   1.0930000E+03   0.0000000E+00   0.0000000E+00
   1.5424631E+03   1.3130000E+03   1.1300000E+03   0.0000000E+00   0.0000000E+00
   1.5424706E+03   1.2910000E+03   1.1160000E+03   6.9523077E-04   8.0424993E-04
   1.5424781E+03   1.3350000E+03   1.1470000E+03   0.0000000E+00   0.0000000E+00
   1.5424857E+03   1.3960000E+03   1.1880000E+03   0.0000000E+00   0.0000000E+00
   1.5424932E+03   1.3750000E+03   1.1880000E+03   0.0000000E+00   0.0000000E+00
   1.5425007E+03   1.2890000E+03   1.1160000E+03   0.0000000E+00   0.0000000E+00
   1.5425083E+03   1.3130000E+03   1.1470000E+03   0.0000000E+00   0.0000000E+00
   1.5425158E+03   1.4160000E+03   1.2410000E+03   0.0000000E+00   0.0000000E+00
   1.5425233E+03   1.4080000E+03   1.1950000E+03   0.0000000E+00   0.0000000E+00
   1.5425308E+03   1.3970000E+03   1.2120000E+03   0.0000000E+00   0.0000000E+00
   1.5425384E+03   1.3290000E+03   1.1520000E+03   0.0000000E+00   0.0000000E+00
   1.5425459E+03   1.3310000E+03   1.1390000E+03   0.0000000E+00   0.0000000E+00
   1.5425534E+03   1.4390000E+03   1.2690000E+03   0.0000000E+00   0.0000000E+00
   1.5425610E+03   1.3900000E+03   1.2000000E+03   6.8497094E-04   7.9342467E-04
   1.5425685E+03   1.3670000E+03   1.1830000E+03   0.0000000E+00   0.0000000E+00
   1.5425760E+03   1.3540000E+03   1.1810000E+03   0.0000000E+00   0.0000000E+00
   1.5425835E+03   1.4450000E+03   1.2830000E+03   0.0000000E+00   0.0000000E+00
   1.5425911E+03   1.3680000E+03   1.1740000E+03   0.0000000E+00   0.0000000E+00
   1.5425986E+03   1.3680000E+03   1.1860000E+03   0.0000000E+00   0.0000000E+00
   1.5426061E+03   1.4020000E+03   1.2150000E+03   0.0000000E+00   0.0000000E+00
   1.5426137E+03   1.3900000E+03   1.2110000E+03   1.4249198E-04   1.6355397E-04
   1.5426212E+03   1.4240000E+03   1.2200000E+03   0.0000000E+00   0.0000000E+00
   1.5426287E+03   1.4170000E+03   1.2260000E+03   0.0000000E+00   0.0000000E+00
   1.5426362E+03   1.4760000E+03   1.2970000E+03   0.0000000E+00   0.0000000E+00
   1.5426438E+03   1.4240000E+03   1.2240000E+03   0.0000000E+00   0.0000000E+00
   1.5426513E+03   1.4580000E+03   1.2590000E+03   0.0000000E+00   0.0000000E+00
   1.5426588E+03   1.4510000E+03   1.2740000E+03   0.0000000E+00   0.0000000E+00
   1.5426664E+03   1.4670000E+03   1.2760000E+03   0.0000000E+00   0.0000000E+00
   1.5426739E+03   1.4820000E+03   1.2730000E+03   0.0000000E+00   0.0000000E+00
   1.5426814E+03   1.4760000E+03   1.2750000E+03   4.7863002E-04   5.5408463E-04
   1.5426889E+03   1.5190000E+03   1.3100000E+03   2.7286237E-04   0.0000000E+00
   1.5426965E+03   1.4960000E+03   1.3190000E+03   0.0000000E+00   0.0000000E+00
   1.5427040E+03   1.5070000E+03   1.3040000E+03   1.7824933E-04   2.0599826E-04
   1.5427115E+03   1.5200000E+03   1.3220000E+03   0.0000000E+00   0.0000000E+00
   1.5427191E+03   1.4900000E+03   1.3010000E+03   0.0000000E+00   0.0000000E+00
   1.5427266E+03   1.4670000E+03   1.2930000E+03   0.0000000E+00   0.0000000E+00
   1.5427341E+03   1.5230000E+03   1.3170000E+03   6.6853772E-05   7.7310778E-05
   1.5427416E+03   1.5190000E+03   1.3070000E+03   4.1734152E-04   5.7722067E-04
   1.5427492E+03   1.5550000E+03   1.3670000E+03   5.8027230E-04   6.6007566E-04
   1.5427567E+03   1.5620000E+03   1.3540000E+03   3.5410602E-04   4.0850339E-04
   1.5427642E+03   1.5870000E+03   1.3900000E+03   1.3257256E-04   1.5136162E-04
   1.5427718E+03   1.5810000E+03   1.3450000E+03   4.0474781E-04   4.7576676E-04
   1.5427793E+03   1.5740000E+03   1.3820000E+03   0.0000000E+00   0.0000000E+00
   1.5427868E+03   1.5600000E+03   1.3560000E+03   0.0000000E+00   0.0000000E+00
   1.5427943E+03   1.5710000E+03   1.3720000E+03   0.0000000E+00   0.0000000E+00
   1.5428019E+03   1.4830000E+03   1.2930000E+03   0.0000000E+00   0.0000000E+00
   1.5428094E+03   1.6440000E+03   1.4420000E+03   0.0000000E+00   0.0000000E+00
   1.5428169E+03   1.6250000E+03   1.4040000E+03   3.4024793E-04   3.9380547E-04
   1.5428245E+03   1.6720000E+03   1.4570000E+03   9.8121103E-05   1.7038563E-04
   1.5428320E+03   1.6180000E+03   1.4120000E+03   4.7383764E-04   5.4296693E-04
   1.5428395E+03   1.6150000E+03   1.4150000E+03   4.2284681E-04   4.8261314E-04
   1.5428470E+03   1.5920000E+03   1.3750000E+03   1.9766730E-05   2.2886279E-05
   1.5428546E+03   1.6700000E+03   1.4480000E+03   2.5030192E-04   2.7943574E-04
   1.5428621E+03   1.7400000E+03   1.5110000E+03   0.0000000E+00   0.0000000E+00
   1.5428696E+03   1.6130000E+03   1.3740000E+03   0.0000000E+00   0.0000000E+00
   1.5428772E+03   1.6360000E+03   1.4230000E+03   0.0000000E+00   0.0000000E+00
   1.5428847E+03   1.6540000E+03   1.4340000E+03   0.0000000E+00   0.0000000E+00
   1.5428922E+03   1.5850000E+03   1.3750000E+03   5.5319957E-04   6.3768823E-04
   1.5428997E+03   1.6980000E+03   1.4690000E+03   0.0000000E+00   0.0000000E+00
   1.5429073E+03   1.6710000E+03   1.4220000E+03   1.4874432E-04   1.7479027E-04
   1.5429148E+03   1.6200000E+03   1.4010000E+03   2.2742677E-04   2.6297742E-04
   1.5429223E+03   1.6730000E+03   1.4540000E+03   1.9566619E-04   2.2513723E-04
   1.5429298E+03   1.7080000E+03   1.5000000E+03   0.0000000E+00   0.0000000E+00
   1.5429374E+03   1.6990000E+03   1.4870000E+03   0.0000000E+00   0.0000000E+00
   1.5429449E+03   1.7050000E+03   1.4620000E+03   0.0000000E+00   0.0000000E+00
   1.5429524E+03   1.7120000E+03   1.4780000E+03   0.0000000E+00   0.0000000E+00
   1.5429600E+03   1.6870000E+03   1.4830000E+03   0.0000000E+00   0.0000000E+00
   1.5429675E+03   1.7450000E+03   1.5360000E+03   3.0362835E-04   3.4494236E-04
   1.5429750E+03   1.7650000E+03   1.5550000E+03   0.0000000E+00   0.0000000E+00
   1.5429825E+03   1.7160000E+03   1.5010000E+03   5.4799232E-04   6.2648556E-04
   1.5429901E+03   1.7540000E+03   1.5380000E+03   1.2757980E-04   1.4549738E-04
   1.5429976E+03   1.7990000E+03   1.5640000E+03   0.0000000E+00   0.0000000E+00
   1.5430051E+03   1.8500000E+03   1.6190000E+03   0.0000000E+00   0.0000000E+00
   1.5430127E+03   1.7770000E+03   1.5280000E+03   0.0000000E+00   0.0000000E+00
   1.5430202E+03   1.8090000E+03   1.5440000E+03   0.0000000E+00   0.0000000E+00
   1.5430277E+03   1.8670000E+03   1.6210000E+03   8.7600604E-05   0.0000000E+00
   1.5430352E+03   1.8330000E+03   1.6130000E+03   0.0000000E+00   0.0000000E+00
   1.5430428E+03   1.8070000E+03   1.5780000E+03   0.0000000E+00   0.0000000E+00
   1.5430503E+03   1.8400000E+03   1.6240000E+03   1.2448782E-04   1.4104531E-04
   1.5430578E+03   1.7410000E+03   1.4990000E+03   0.0000000E+00   0.0000000E+00
   1.5430654E+03   1.9290000E+03   1.6770000E+03   4.1132967E-04   4.7313950E-04
   1.5430729E+03   1.7700000E+03   1.5410000E+03   0.0000000E+00   0.0000000E+00
   1.5430804E+03   1.8490000E+03   1.5820000E+03   2.5986682E-05   0.0000000E+00
   1.5430879E+03   1.8450000E+03   1.6110000E+03   0.0000000E+00   0.0000000E+00
   1.5430955E+03   1.8160000E+03   1.5840000E+03   0.0000000E+00   0.0000000E+00
   1.5431030E+03   1.8060000E+03   1.5750000E+03   1.8317653E-04   2.1004243E-04
   1.5431105E+03   1.9110000E+03   1.6510000E+03   2.2774812E-04   2.6361397E-04
   1.5431181E+03   1.9750000E+03   1.7260000E+03   0.0000000E+00   0.0000000E+00
   1.5431256E+03   1.9180000E+03   1.6640000E+03   4.5205521E-05   5.2105883E-05
   1.5431331E+03   1.8340000E+03   1.5830000E+03   0.0000000E+00   0.0000000E+00
   1.5431406E+03   1.8880000E+03   1.6400000E+03   0.0000000E+00   0.0000000E+00
   1.5431482E+03   1.8710000E+03   1.6130000E+03   8.8220848E-04   1.0233181E-03
   1.5431557E+03   1.8980000E+03   1.6350000E+03   0.0000000E+00   0.0000000E+00
   1.5431632E+03   1.9470000E+03   1.7170000E+03   0.0000000E+00   0.0000000E+00
   1.5431708E+03   1.9270000E+03   1.6550000E+03   3.2339845E-04   3.7654913E-04
   1.5431783E+03   1.9590000E+03   1.7120000E+03   0.0000000E+00   0.0000000E+00
   1.5431858E+03   1.9780000E+03   1.7280000E+03   6.7657344E-05   7.7445733E-05
   1.5431933E+03   2.0110000E+03   1.7440000E+03   0.0000000E+00   0.0000000E+00
   1.5432009E+03   1.9890000E+03   1.7380000E+03   4.3369020E-04   4.9632325E-04
   1.5432084E+03   1.9530000E+03   1.6930000E+03   0.0000000E+00   0.0000000E+00
   1.5432159E+03   2.0130000E+03   1.7400000E+03   6.3303344E-04   4.4740411E-04
   1.5432235E+03   2.0330000E+03   1.7820000E+03   2.9272096E-04   3.3395157E-04
   1.5432310E+03   1.9890000E+03   1.7190000E+03   0.0000000E+00   0.0000000E+00
   1.5432385E+03   1.9320000E+03   1.6770000E+03   0.0000000E+00   0.0000000E+00
   1.5432460E+03   2.0550000E+03   1.7910000E+03   0.0000000E+00   0.0000000E+00
   1.5432536E+03   2.0080000E+03   1.7470000E+03   1.6093702E-04   1.8498085E-04
   1.5432611E+03   1.9550000E+03   1.7050000E+03   0.0000000E+00   0.0000000E+00
   1.5432686E+03   1.9690000E+03   1.6760000E+03   0.0000000E+00   0.0000000E+00
   1.5432762E+03   2.0350000E+03   1.7630000E+03   0.0000000E+00   0.0000000E+00
   1.5432837E+03   2.0480000E+03   1.8120000E+03   3.9141459E-04   4.4239353E-04
   1.5432912E+03   2.0700000E+03   1.8090000E+03   0.0000000E+00   0.0000000E+00
   1.5432987E+03   1.9980000E+03   1.7490000E+03   0.0000000E+00   0.0000000E+00
   1.5433063E+03   2.0970000E+03   1.8160000E+03   5.2188132E-04   6.0263498E-04
   1.5433138E+03   2.0820000E+03   1.8080000E+03   3.5253608E-04   4.0596246E-04
   1.5433213E+03   2.0980000E+03   1.8140000E+03   2.3064283E-04   2.6675229E-04
   1.5433289E+03   2.2210000E+03   1.9340000E+03   1.8899608E-04   2.1704256E-04
   1.5433364E+03   2.1340000E+03   1.8660000E+03   2.6836966E-04   3.0691364E-04
   1.5433439E+03   2.1960000E+03   1.9210000E+03   1.5391434E-04   1.7594788E-04
   1.5433514E+03   2.1550000E+03   1.8490000E+03   0.0000000E+00   0.0000000E+00
   1.5433590E+03   2.1760000E+03   1.8620000E+03   2.7907959E-04   3.2614243E-04
   1.5433665E+03   2.1020000E+03   1.8340000E+03   0.0000000E+00   0.0000000E+00
   1.5433740E+03   2.1770000E+03   1.8960000E+03   1.4537846E-04   1.6692453E-04
   1.5433815E+03   2.0740000E+03   1.7910000E+03   7.8193030E-04   9.0548490E-04
   1.5433891E+03   2.1490000E+03   1.8790000E+03   0.0000000E+00   0.0000000E+00
   1.5433966E+03   2.1860000E+03   1.8990000E+03   0.0000000E+00   0.0000000E+00
   1.5434041E+03   2.1970000E+03   1.8710000E+03   2.6575034E-05   2.4431190E-04
   1.5434117E+03   2.2050000E+03   1.9140000E+03   0.0000000E+00   0.0000000E+00
   1.5434192E+03   2.1810000E+03   1.8920000E+03   0.0000000E+00   0.0000000E+00
   1.5434267E+03   2.2360000E+03   1.9500000E+03   2.3713010E-04   2.7190918E-04
   1.5434342E+03   2.2610000E+03   1.9770000E+03   0.0000000E+00   0.0000000E+00
   1.5434418E+03   2.2950000E+03   2.0010000E+03   0.0000000E+00   0.0000000E+00
   1.5434493E+03   2.2420000E+03   1.9450000E+03   5.5873896E-05   6.4405797E-05
   1.5434568E+03   2.2780000E+03   1.9630000E+03   0.0000000E+00   0.0000000E+00
   1.5434644E+03   2.2510000E+03   1.9730000E+03   6.3469381E-04   7.2412355E-04
   1.5434719E+03   2.3380000E+03   2.0510000E+03   3.5820871E-04   4.0833348E-04
   1.5434794E+03   2.3530000E+03   2.0410000E+03   3.7703747E-04   4.3467378E-04
   1.5434869E+03   2.2830000E+03   1.9910000E+03   3.7990256E-04   4.3561906E-04
   1.5434945E+03   2.3770000E+03   2.0630000E+03   0.0000000E+00   0.0000000E+00
   1.5435020E+03   2.2580000E+03   1.9820000E+03   1.1926391E-05   1.3587180E-05
   1.5435095E+03   2.2960000E+03   2.0160000E+03   0.0000000E+00   0.0000000E+00
   1.5435171E+03   2.3650000E+03   2.0620000E+03   0.0000000E+00   0.0000000E+00
   1.5435246E+03   2.3060000E+03   1.9980000E+03   1.6156769E-04   1.8647402E-04
   1.5435321E+03   2.3520000E+03   2.0520000E+03   0.0000000E+00   0.0000000E+00
   1.5435396E+03   2.3140000E+03   2.0080000E+03   2.6042172E-04   3.0010750E-04
   1.5435472E+03   2.3080000E+03   2.0030000E+03   0.0000000E+00   0.0000000E+00
   1.5435547E+03   2.4340000E+03   2.0830000E+03   0.0000000E+00   0.0000000E+00
   1.5435622E+03   2.3690000E+03   2.0660000E+03   1.7374717E-04   1.9922896E-04
   1.5435698E+03   2.4080000E+03   2.0830000E+03   3.7955530E-04   4.3877540E-04
   1.5435773E+03   2.3910000E+03   2.0730000E+03   3.5705342E-04   4.1182572E-04
   1.5435848E+03   2.4290000E+03   2.0950000E+03   3.6551360E-04   4.2378641E-04
   1.5435923E+03   2.3850000E+03   2.0960000E+03   3.8570425E-04   4.3888580E-04
   1.5435999E+03   2.3830000E+03   2.1050000E+03   1.9235714E-04   2.1776107E-04
   1.5436074E+03   2.3810000E+03   2.0760000E+03   0.0000000E+00   0.0000000E+00
   1.5436149E+03   2.4790000E+03   2.1310000E+03   5.3132701E-04   2.0606417E-04
   1.5436225E+03   2.4960000E+03   2.1610000E+03   0.0000000E+00   0.0000000E+00
   1.5436300E+03   2.4200000E+03   2.1010000E+03   6.1040479E-04   7.0308406E-04
   1.5436375E+03   2.4290000E+03   2.0870000E+03   1.4018866E-04   1.5856435E-04
   1.5436450E+03   2.4900000E+03   2.1550000E+03   1.3216908E-04   1.5271509E-04
   1.5436526E+03   2.4060000E+03   2.1180000E+03   0.0000000E+00   0.0000000E+00
   1.5436601E+03   2.4560000E+03   2.1190000E+03   1.6214051E-05   1.8792689E-05
   1.5436676E+03   2.4530000E+03   2.1080000E+03   2.2747834E-05   2.6470795E-05
   1.5436752E+03   2.4470000E+03   2.1400000E+03   1.2815428E-04   1.4653903E-04
   1.5436827E+03   2.5660000E+03   2.2280000E+03   2.5387745E-04   2.9239207E-04
   1.5436902E+03   2.4790000E+03   2.1550000E+03   5.2027644E-05   5.9849898E-05
   1.5436977E+03   2.5680000E+03   2.2200000E+03   2.0192025E-04   2.3357262E-04
   1.5437053E+03   2.5740000E+03   2.2620000E+03   0.0000000E+00   0.0000000E+00
   1.5437128E+03   2.5010000E+03   2.1780000E+03   2.2078140E-04   2.5352355E-04
   1.5437203E+03   2.5840000E+03   2.2220000E+03   2.4529111E-04   2.8525303E-04
   1.5437279E+03   2.5260000E+03   2.1840000E+03   4.4973610E-04   5.2016181E-04
   1.5437354E+03   2.5850000E+03   2.2930000E+03   6.1718969E-05   6.9578515E-05
   1.5437429E+03   2.5890000E+03   2.2440000E+03   0.0000000E+00   0.0000000E+00
   1.5437504E+03   2.6440000E+03   2.2690000E+03   3.7886829E-04   4.4148424E-04
   1.5437580E+03   2.6250000E+03   2.2870000E+03   3.7579897E-04   4.3133900E-04
   1.5437655E+03   2.6520000E+03   2.3080000E+03   8.8630611E-04   1.0184072E-03
   1.5437730E+03   2.7200000E+03   2.3770000E+03   1.5461523E-04   1.7692614E-04
   1.5437806E+03   2.6360000E+03   2.2630000E+03   3.3989718E-04   3.9592088E-04
   1.5437881E+03   2.7170000E+03   2.3520000E+03   0.0000000E+00   0.0000000E+00
   1.5437956E+03   2.6610000E+03   2.3320000E+03   0.0000000E+00   0.0000000E+00
   1.5438031E+03   2.6650000E+03   2.3160000E+03   1.9697168E-04   2.2665351E-04
   1.5438107E+03   2.7270000E+03   2.3430000E+03   0.0000000E+00   0.0000000E+00
   1.5438182E+03   2.7370000E+03   2.3790000E+03   1.7687897E-04   2.0349632E-04
   1.5438257E+03   2.6850000E+03   2.3280000E+03   2.7216158E-04   3.1389770E-04
   1.5438332E+03   2.7880000E+03   2.3940000E+03   2.2526110E-04   2.6233414E-04
   1.5438408E+03   2.8020000E+03   2.4460000E+03   0.0000000E+00   0.0000000E+00
   1.5438483E+03   2.6820000E+03   2.3110000E+03   2.0966921E-04   2.4332878E-04
   1.5438558E+03   2.6900000E+03   2.3620000E+03   1.4942109E-04   2.8173373E-04
   1.5438634E+03   2.7530000E+03   2.3780000E+03   1.1711366E-05   1.3558196E-05
   1.5438709E+03   2.7870000E+03   2.4280000E+03   0.0000000E+00   0.0000000E+00
   1.5438784E+03   2.7000000E+03   2.3650000E+03   3.2413315E-04   3.7004630E-04
   1.5438859E+03   2.7870000E+03   2.4320000E+03   2.9129100E-04   3.3381086E-04
   1.5438935E+03   2.7680000E+03   2.4270000E+03   5.3427883E-04   6.0934643E-04
   1.5439010E+03   2.8250000E+03   2.4690000E+03   2.5291466E-04   2.8938190E-04
   1.5439085E+03   2.8200000E+03   2.4770000E+03   1.4229744E-04   1.6200194E-04
   1.5439161E+03   2.7700000E+03   2.4080000E+03   0.0000000E+00   0.0000000E+00
   1.5439236E+03   2.7790000E+03   2.4200000E+03   2.2317796E-04   2.5628577E-04
   1.5439311E+03   2.9220000E+03   2.5350000E+03   9.4597529E-05   1.0903905E-04
   1.5439386E+03   2.8370000E+03   2.4920000E+03   1.7928364E-04   2.0410421E-04
   1.5439462E+03   2.8440000E+03   2.4480000E+03   2.4547744E-04   2.8518702E-04
   1.5439537E+03   2.8140000E+03   2.4680000E+03   2.1520497E-04   2.4537552E-04
   1.5439612E+03   2.8240000E+03   2.4590000E+03   1.9043273E-04   2.1869948E-04
   1.5439688E+03   2.9440000E+03   2.5620000E+03   8.3936267E-06   9.6451354E-06
   1.5439763E+03   2.9290000E+03   2.5590000E+03   1.1656350E-04   1.3341715E-04
   1.5439838E+03   2.8650000E+03   2.5010000E+03   3.9068158E-04   4.4754207E-04
   1.5439913E+03   2.8690000E+03   2.4830000E+03   0.0000000E+00   0.0000000E+00
   1.5439989E+03   2.8680000E+03   2.4740000E+03   1.5159268E-04   1.7573476E-04
   1.5440064E+03   2.8620000E+03   2.4990000E+03   3.1471852E-04   3.6043393E-04
   1.5440139E+03   2.9430000E+03   2.5640000E+03   1.4259743E-04   1.6367560E-04
   1.5440215E+03   2.8880000E+03   2.5250000E+03   3.1849371E-04   3.6428112E-04
   1.5440290E+03   2.9600000E+03   2.5520000E+03   1.0607409E-04   1.2303265E-04
   1.5440365E+03   2.9860000E+03   2.6130000E+03   1.5031867E-04   3.0460172E-04
   1.5440440E+03   2.9950000E+03   2.5850000E+03   8.3375822E-05   9.6599840E-05
   1.5440516E+03   3.0890000E+03   2.6760000E+03   5.3328423E-04   4.8470066E-04
   1.5440591E+03   2.9180000E+03   2.5340000E+03   1.7680228E-04   1.7858281E-04
   1.5440666E+03   3.0620000E+03   2.6550000E+03   1.0910064E-04   2.9462156E-04
   1.5440742E+03   3.0730000E+03   2.6680000E+03   3.0981999E-04   2.7738878E-04
   1.5440817E+03   3.0580000E+03   2.6820000E+03   2.6830611E-04   3.0592099E-04
   1.5440892E+03   3.0240000E+03   2.5790000E+03   8.6154000E-05   1.0101966E-04
   1.5440967E+03   2.9540000E+03   2.5610000E+03   2.5213445E-04   3.3903247E-04
   1.5441043E+03   3.0350000E+03   2.6520000E+03   0.0000000E+00   0.0000000E+00
   1.5441118E+03   3.0880000E+03   2.6710000E+03   1.2082757E-04   1.3969132E-04
   1.5441193E+03   3.1410000E+03   2.7520000E+03   9.5965528E-05   1.0953042E-04
   1.5441269E+03   3.0440000E+03   2.6160000E+03   2.3236877E-04   2.7038629E-04
   1.5441344E+03   3.1490000E+03   2.7310000E+03   1.4264263E-04   1.6447516E-04
   1.5441419E+03   3.1830000E+03   2.7440000E+03   0.0000000E+00   0.0000000E+00
   1.5441494E+03   3.1800000E+03   2.7330000E+03   2.3390705E-04   2.7216407E-04
   1.5441570E+03   3.1780000E+03   2.7730000E+03   1.0460849E-04   1.1988668E-04
   1.5441645E+03   3.0980000E+03   2.7280000E+03   2.0950769E-04   3.0202358E-04
   1.5441720E+03   3.0910000E+03   2.6770000E+03   3.8511564E-04   2.5262836E-04
   1.5441796E+03   3.1040000E+03   2.7480000E+03   1.7339339E-04   1.9585629E-04
   1.5441871E+03   3.1080000E+03   2.6970000E+03   0.0000000E+00   0.0000000E+00
   1.5441946E+03   3.1780000E+03   2.7660000E+03   1.8260179E-04   2.0980061E-04
   1.5442021E+03   3.1960000E+03   2.7690000E+03   2.7788853E-04   3.2074097E-04
   1.5442097E+03   3.1410000E+03   2.7600000E+03   4.6181848E-04   3.1391427E-04
   1.5442172E+03   3.2340000E+03   2.8090000E+03   1.5985331E-04   1.7412765E-04
   1.5442247E+03   3.1430000E+03   2.7220000E+03   2.1221988E-04   2.4504302E-04
   1.5442323E+03   3.1520000E+03   2.7230000E+03   1.1614580E-04   1.3444420E-04
   1.5442398E+03   3.2870000E+03   2.8680000E+03   2.1753304E-04   2.4931349E-04
   1.5442473E+03   3.2410000E+03   2.8160000E+03   2.9059841E-04   3.3445648E-04
   1.5442548E+03   3.2950000E+03   2.8560000E+03   0.0000000E+00   0.0000000E+00
   1.5442624E+03   3.2550000E+03   2.8490000E+03   1.2110385E-04   1.3836189E-04
   1.5442699E+03   3.2420000E+03   2.8340000E+03   4.1213146E-04   4.7146443E-04
   1.5442774E+03   3.2350000E+03   2.7930000E+03   3.1563409E-04   3.6558406E-04
   1.5442849E+03   3.3590000E+03   2.9290000E+03   0.0000000E+00   0.0000000E+00
   1.5442925E+03   3.3530000E+03   2.9000000E+03   4.6173225E-05   5.3385801E-05
   1.5443000E+03   3.3670000E+03   2.9410000E+03   4.3430487E-04   4.9721336E-04
   1.5443075E+03   3.3810000E+03   2.9240000E+03   1.1749415E-04   1.6071000E-04
   1.5443151E+03   3.3910000E+03   2.9390000E+03   2.7624255E-05   3.1872695E-05
   1.5443226E+03   3.3520000E+03   2.9260000E+03   1.1092081E-04   1.2706991E-04
   1.5443301E+03   3.3170000E+03   2.8990000E+03   2.3397366E-04   2.2164525E-05
   1.5443376E+03   3.4370000E+03   2.9900000E+03   1.8807905E-04   1.4743383E-04
   1.5443452E+03   3.3730000E+03   2.9330000E+03   2.3092448E-04   2.6556709E-04
   1.5443527E+03   3.3990000E+03   2.9370000E+03   1.3006362E-05   0.0000000E+00
   1.5443602E+03   3.4370000E+03   2.9970000E+03   4.1146636E-04   4.7187517E-04
   1.5443678E+03   3.4270000E+03   2.9800000E+03   2.2802093E-04   3.3643059E-04
   1.5443753E+03   3.3640000E+03   2.9190000E+03   0.0000000E+00   0.0000000E+00
   1.5443828E+03   3.4260000E+03   3.0050000E+03   0.0000000E+00   0.0000000E+00
   1.5443903E+03   3.4920000E+03   3.0630000E+03   0.0000000E+00   0.0000000E+00
   1.5443979E+03   3.4890000E+03   3.0500000E+03   1.7491126E-04   2.1860985E-04
   1.5444054E+03   3.5070000E+03   3.0530000E+03   1.1255006E-04   1.2928696E-04
   1.5444129E+03   3.5040000E+03   3.0570000E+03   3.5043926E-04   4.0168112E-04
   1.5444205E+03   3.6180000E+03   3.1330000E+03   1.7270913E-04   1.9944515E-04
   1.5444280E+03   3.4590000E+03   3.0060000E+03   1.5932706E-04   1.9778518E-04
   1.5444355E+03   3.4750000E+03   3.0420000E+03   1.8485773E-04   2.9184773E-04
   1.5444430E+03   3.6430000E+03   3.1930000E+03   1.5686936E-04   1.7897747E-04
   1.5444506E+03   3.5310000E+03   3.0760000E+03   7.8287692E-05   8.9867959E-05
   1.5444581E+03   3.5240000E+03   3.0550000E+03   2.1258501E-04   2.4522081E-04
   1.5444656E+03   3.6090000E+03   3.1480000E+03   1.3058762E-04   1.4971115E-04
   1.5444732E+03   3.6340000E+03   3.1540000E+03   2.2756278E-04   2.6219504E-04
   1.5444807E+03   3.5880000E+03   3.0970000E+03   4.0420091E-04   2.8020237E-04
   1.5444882E+03   3.6730000E+03   3.1630000E+03   4.4216622E-04   5.1346080E-04
   1.5444957E+03   3.6800000E+03   3.2320000E+03   4.7992489E-05   5.4644913E-05
   1.5445033E+03   3.6360000E+03   3.2070000E+03   1.6093662E-04   1.8246509E-04
   1.5445108E+03   3.6360000E+03   3.1430000E+03   1.1106835E-04   3.0207108E-04
   1.5445183E+03   3.6450000E+03   3.1720000E+03   1.2992655E-04   1.3549563E-04
   1.5445259E+03   3.6600000E+03   3.1890000E+03   2.2998604E-04   2.6395388E-04
   1.5445334E+03   3.6700000E+03   3.1920000E+03   1.4704622E-04   1.5353861E-04
   1.5445409E+03   3.6520000E+03   3.2050000E+03   3.7256321E-04   4.2452444E-04
   1.5445484E+03   3.7120000E+03   3.2390000E+03   4.6459835E-05   2.7429444E-05
   1.5445560E+03   3.6880000E+03   3.1860000E+03   2.0124516E-04   2.3295423E-04
   1.5445635E+03   3.7870000E+03   3.3100000E+03   3.4058484E-04   1.1814390E-04
   1.5445710E+03   3.6470000E+03   3.1720000E+03   1.9162889E-05   2.2032490E-05
   1.5445786E+03   3.7340000E+03   3.2610000E+03   5.0958085E-04   5.8349430E-04
   1.5445861E+03   3.7460000E+03   3.2300000E+03   3.3864417E-04   3.9274336E-04
   1.5445936E+03   3.7050000E+03   3.2230000E+03   4.8224731E-04   4.8793989E-04
   1.5446011E+03   3.8010000E+03   3.3060000E+03   2.1796557E-04   0.0000000E+00
   1.5446087E+03   3.8180000E+03   3.3110000E+03   0.0000000E+00   0.0000000E+00
   1.5446162E+03   3.7990000E+03   3.3040000E+03   2.5188012E-04   2.8961640E-04
   1.5446237E+03   3.7700000E+03   3.2670000E+03   7.3331383E-05   8.4621767E-05
   1.5446313E+03   3.7850000E+03   3.2790000E+03   2.2793430E-04   1.5223225E-04
   1.5446388E+03   3.7320000E+03   3.2340000E+03   6.0079179E-05   6.9330704E-05
   1.5446463E+03   3.8400000E+03   3.3420000E+03   1.4437758E-04   1.6589166E-04
   1.5446538E+03   3.8040000E+03   3.2890000E+03   1.7478027E-04   2.0214781E-04
   1.5446614E+03   3.9340000E+03   3.4390000E+03   2.4052594E-04   4.7181241E-04
   1.5446689E+03   3.8870000E+03   3.3950000E+03   8.8057724E-05   1.0081896E-04
   1.5446764E+03   3.9450000E+03   3.4640000E+03   1.1344569E-04   1.2919839E-04
   1.5446840E+03   3.8570000E+03   3.3600000E+03   3.8221667E-04   4.3875289E-04
   1.5446915E+03   3.8070000E+03   3.3140000E+03   2.1987783E-04   2.5258748E-04
   1.5446990E+03   3.7920000E+03   3.3260000E+03   1.6311690E-04   3.9571161E-04
   1.5447065E+03   3.9950000E+03   3.4790000E+03   4.9708300E-05   5.7080960E-05
   1.5447141E+03   3.8820000E+03   3.3940000E+03   2.7145248E-04   3.1048277E-04
   1.5447216E+03   3.9000000E+03   3.3860000E+03   2.1704446E-04   2.4999214E-04
   1.5447291E+03   3.9140000E+03   3.3910000E+03   1.8327593E-04   2.1154291E-04
   1.5447366E+03   3.8980000E+03   3.3940000E+03   3.0443320E-06   3.4964072E-06
   1.5447442E+03   4.0370000E+03   3.5280000E+03   3.4084415E-04   3.7994848E-04
   1.5447517E+03   4.0240000E+03   3.5270000E+03   1.9215245E-04   2.1922922E-04
   1.5447592E+03   4.0100000E+03   3.5050000E+03   1.5842296E-04   1.8124852E-04
   1.5447668E+03   4.0880000E+03   3.5770000E+03   1.6697440E-04   1.9082789E-04
   1.5447743E+03   4.0590000E+03   3.5830000E+03   3.4955089E-04   7.9571108E-05
   1.5447818E+03   4.0500000E+03   3.4780000E+03   6.7855417E-05   7.9015077E-05
   1.5447893E+03   4.0870000E+03   3.5780000E+03   4.7817002E-04   5.4619365E-04
   1.5447969E+03   4.1460000E+03   3.6160000E+03   2.6830854E-04   3.0763474E-04
   1.5448044E+03   4.0050000E+03   3.4620000E+03   1.6462940E-04   1.9045082E-04
   1.5448119E+03   4.0890000E+03   3.5540000E+03   6.2819841E-06   7.2276402E-06
   1.5448195E+03   4.1160000E+03   3.5960000E+03   3.3064167E-04   3.7845415E-04
   1.5448270E+03   4.1240000E+03   3.5570000E+03   2.4509165E-04   2.8416024E-04
   1.5448345E+03   4.1370000E+03   3.5980000E+03   3.8555227E-04   4.4331010E-04
   1.5448420E+03   4.1740000E+03   3.6060000E+03   2.8198529E-04   2.8543074E-04
   1.5448496E+03   4.0620000E+03   3.5140000E+03   1.3667065E-04   1.5798411E-04
   1.5448571E+03   4.2510000E+03   3.6900000E+03   1.4465459E-04   1.6664679E-04
   1.5448646E+03   4.2150000E+03   3.6910000E+03   4.6613251E-04   5.3230791E-04
   1.5448722E+03   4.1890000E+03   3.5840000E+03   1.5482211E-04   8.5478280E-05
   1.5448797E+03   4.2180000E+03   3.6660000E+03   1.6207293E-04   1.8647671E-04
   1.5448872E+03   4.2950000E+03   3.7130000E+03   5.8706511E-04   3.2962451E-04
   1.5448947E+03   4.1990000E+03   3.6650000E+03   4.3536570E-04   4.9879961E-04
   1.5449023E+03   4.2400000E+03   3.6900000E+03   2.3970842E-04   2.7543732E-04
   1.5449098E+03   4.2270000E+03   3.7040000E+03   2.4355326E-04   1.1379876E-04
   1.5449173E+03   4.2880000E+03   3.7530000E+03   1.2756376E-04   8.1866168E-05
   1.5449249E+03   4.2670000E+03   3.7550000E+03   1.5175064E-04   1.7130217E-04
   1.5449324E+03   4.1660000E+03   3.5990000E+03   1.2398369E-04   2.3144158E-04
   1.5449399E+03   4.3090000E+03   3.7550000E+03   3.7970607E-04   5.6851883E-04
   1.5449474E+03   4.3600000E+03   3.7810000E+03   6.7073468E-05   1.2781126E-04
   1.5449550E+03   4.3730000E+03   3.8430000E+03   1.9511244E-04   2.2202100E-04
   1.5449625E+03   4.3050000E+03   3.7270000E+03   4.2388954E-04   4.8962825E-04
   1.5449700E+03   4.2950000E+03   3.7470000E+03   7.6000995E-05   2.9710435E-04
   1.5449776E+03   4.3400000E+03   3.7760000E+03   3.3790700E-04   4.5660144E-04
   1.5449851E+03   4.3280000E+03   3.7190000E+03   2.8127759E-04   3.2733783E-04
   1.5449926E+03   4.4090000E+03   3.8360000E+03   2.8048144E-04   3.2237818E-04
   1.5450001E+03   4.4650000E+03   3.8900000E+03   1.4388155E-04   1.6514939E-04
   1.5450077E+03   4.3400000E+03   3.7530000E+03   6.7375540E-05   7.7913628E-05
   1.5450152E+03   4.4560000E+03   3.8810000E+03   2.1595118E-04   1.8001998E-04
   1.5450227E+03   4.5500000E+03   3.9700000E+03   5.2330073E-04   5.3325085E-04
   1.5450303E+03   4.4530000E+03   3.8500000E+03   2.8548546E-04   3.3019915E-04
   1.5450378E+03   4.4070000E+03   3.8280000E+03   4.2039124E-04   4.6628226E-04
   1.5450453E+03   4.4450000E+03   3.8990000E+03   3.7991069E-04   4.3311183E-04
   1.5450528E+03   4.4620000E+03   3.9000000E+03   1.1194632E-04   1.2807807E-04
   1.5450604E+03   4.4200000E+03   3.8040000E+03   1.6931050E-04   1.9554691E-04
   1.5450679E+03   4.5430000E+03   3.9720000E+03   4.6539124E-04   5.0471803E-04
   1.5450754E+03   4.5460000E+03   3.9510000E+03   4.2426742E-04   5.0193756E-04
   1.5450830E+03   4.6060000E+03   3.9800000E+03   3.5768846E-04   4.6565426E-04
   1.5450905E+03   4.4660000E+03   3.9060000E+03   2.8260359E-04   2.0371274E-04
   1.5450980E+03   4.4830000E+03   3.9180000E+03   2.2781575E-04   2.6066820E-04
   1.5451055E+03   4.4780000E+03   3.8970000E+03   2.7295382E-04   3.1364825E-04
   1.5451131E+03   4.5010000E+03   3.9140000E+03   2.0943432E-04   2.5084502E-04
   1.5451206E+03   4.5860000E+03   3.9580000E+03   3.1516614E-04   3.6517229E-04
   1.5451281E+03   4.5090000E+03   3.9610000E+03   2.5591305E-04   9.7185695E-05
   1.5451357E+03   4.5290000E+03   3.9090000E+03   1.9137783E-04   2.2173195E-04
   1.5451432E+03   4.6460000E+03   4.0160000E+03   1.4278794E-04   1.6518744E-04
   1.5451507E+03   4.6250000E+03   4.0360000E+03   2.9617331E-04   3.3939583E-04
   1.5451582E+03   4.6530000E+03   4.0380000E+03   1.9245983E-04   2.2177207E-04
   1.5451658E+03   4.6470000E+03   4.0370000E+03   2.0124680E-04   1.7564928E-04
   1.5451733E+03   4.6240000E+03   4.0220000E+03   2.5995041E-04   2.9885895E-04
   1.5451808E+03   4.6750000E+03   4.0430000E+03   2.2587692E-04   4.4361773E-04
   1.5451883E+03   4.6870000E+03   4.0910000E+03   1.0250322E-04   1.1743647E-04
   1.5451959E+03   4.6860000E+03   4.0590000E+03   1.6522579E-04   2.0009582E-04
   1.5452034E+03   4.3870000E+03   3.8150000E+03   1.9755692E-04   1.6151700E-04
   1.5452109E+03   4.6380000E+03   4.0250000E+03   5.4255064E-04   8.0096165E-04
   1.5452185E+03   4.7720000E+03   4.1380000E+03   1.3179398E-04   1.4617990E-04
   1.5452260E+03   4.7680000E+03   4.1470000E+03   4.1300281E-04   3.2125343E-04
   1.5452335E+03   4.7400000E+03   4.1350000E+03   3.2540484E-04   3.7301546E-04
   1.5452410E+03   4.7450000E+03   4.1190000E+03   3.8832744E-04   4.4551010E-04
   1.5452486E+03   4.7140000E+03   4.1470000E+03   3.4505821E-04   3.9223642E-04
   1.5452561E+03   4.7410000E+03   4.1000000E+03   1.8894980E-04   2.4011024E-04
   1.5452636E+03   4.8230000E+03   4.1480000E+03   3.5572766E-04   5.3580243E-04
   1.5452712E+03   4.7590000E+03   4.1390000E+03   2.2623096E-04   2.6011914E-04
   1.5452787E+03   4.8540000E+03   4.2280000E+03   2.6963247E-04   2.9242673E-04
   1.5452862E+03   4.5820000E+03   3.9820000E+03   4.9369112E-04   5.6807954E-04
   1.5452937E+03   4.8200000E+03   4.1930000E+03   1.0637800E-04   1.2228522E-04
   1.5453013E+03   4.8530000E+03   4.2370000E+03   2.6883875E-04   3.0792411E-04
   1.5453088E+03   4.8970000E+03   4.2270000E+03   1.3948099E-04   1.6158941E-04
   1.5453163E+03   4.8660000E+03   4.2450000E+03   2.3990672E-04   2.7500262E-04
   1.5453239E+03   4.9150000E+03   4.3010000E+03   2.6408936E-04   3.0179009E-04
   1.5453314E+03   4.9130000E+03   4.2340000E+03   4.4058273E-04   5.1123830E-04
   1.5453389E+03   4.8770000E+03   4.2690000E+03   3.0657049E-04   3.5023290E-04
   1.5453464E+03   4.9640000E+03   4.3240000E+03   5.7431726E-04   6.7555911E-04
   1.5453540E+03   4.9660000E+03   4.3280000E+03   4.9596508E-04   5.2104474E-04
   1.5453615E+03   4.9680000E+03   4.3050000E+03   3.3147944E-04   3.8252958E-04
   1.5453690E+03   4.9620000E+03   4.3340000E+03   1.5856077E-04   1.8153635E-04
   1.5453766E+03   4.9580000E+03   4.2940000E+03   6.1883420E-05   8.2415148E-05
   1.5453841E+03   5.0580000E+03   4.4020000E+03   3.4921470E-04   2.5922433E-04
   1.5453916E+03   4.9930000E+03   4.3540000E+03   3.9327120E-04   2.9591761E-04
   1.5453991E+03   4.9100000E+03   4.2840000E+03   3.5288058E-04   3.9659721E-04
   1.5454067E+03   5.1020000E+03   4.4760000E+03   2.6760313E-04   1.7790209E-04
   1.5454142E+03   5.0570000E+03   4.3950000E+03   3.8853473E-04   4.4378185E-04
   1.5454217E+03   5.0590000E+03   4.3810000E+03   1.9857632E-04   2.3039049E-04
   1.5454293E+03   4.9530000E+03   4.3320000E+03   3.0166785E-04   4.4653521E-04
   1.5454368E+03   5.0690000E+03   4.4080000E+03   1.4211421E-04   1.6342490E-04
   1.5454443E+03   4.9800000E+03   4.3410000E+03   2.3573913E-04   2.7044019E-04
   1.5454518E+03   5.1980000E+03   4.4930000E+03   2.9294190E-04   3.3890764E-04
   1.5454594E+03   5.2050000E+03   4.5040000E+03   4.6304465E-04   5.3511265E-04
   1.5454669E+03   5.1050000E+03   4.4560000E+03   2.5593401E-04   1.7249499E-04
   1.5454744E+03   5.1170000E+03   4.4190000E+03   7.7276938E-04   7.8648654E-04
   1.5454820E+03   5.0620000E+03   4.4090000E+03   4.8498229E-04   4.6199011E-04
   1.5454895E+03   5.1280000E+03   4.4550000E+03   4.0013288E-04   3.8395249E-04
   1.5454970E+03   5.0860000E+03   4.3950000E+03   2.2962184E-04   2.8385750E-04
   1.5455045E+03   5.1810000E+03   4.5430000E+03   3.6814467E-04   3.9440168E-04
   1.5455121E+03   5.2040000E+03   4.5540000E+03   2.2129998E-04   2.5288650E-04
   1.5455196E+03   5.1740000E+03   4.5310000E+03   2.5365274E-04   2.8964892E-04
   1.5455271E+03   5.2880000E+03   4.5810000E+03   3.4103955E-04   3.5455102E-04
   1.5455347E+03   5.1710000E+03   4.5020000E+03   8.7117109E-05   9.6970793E-05
   1.5455422E+03   5.2530000E+03   4.5800000E+03   3.9755373E-04   4.6516313E-04
   1.5455497E+03   5.1430000E+03   4.4580000E+03   3.4100582E-04   2.8361656E-04
   1.5455572E+03   5.3540000E+03   4.6320000E+03   2.9333487E-04   3.0343113E-04
   1.5455648E+03   5.2770000E+03   4.6070000E+03   1.9615971E-04   2.2468739E-04
   1.5455723E+03   5.2290000E+03   4.5580000E+03   5.3722339E-04   5.2931644E-04
   1.5455798E+03   5.1780000E+03   4.5260000E+03   1.0373303E-04   1.1255758E-04
   1.5455874E+03   5.3270000E+03   4.6200000E+03   2.7221460E-04   3.1387168E-04
   1.5455949E+03   5.3450000E+03   4.6620000E+03   1.1077370E-04   2.8562613E-04
   1.5456024E+03   5.3640000E+03   4.6940000E+03   2.7818972E-04   2.8153798E-04
   1.5456099E+03   5.3060000E+03   4.6600000E+03   3.5247063E-04   4.0086065E-04
   1.5456175E+03   5.3200000E+03   4.6260000E+03   3.2764444E-04   3.5091434E-04
   1.5456250E+03   5.3030000E+03   4.6490000E+03   1.2263037E-04   1.3988145E-04
   1.5456325E+03   5.3770000E+03   4.6250000E+03   4.3125189E-04   5.0912723E-04
   1.5456400E+03   5.3800000E+03   4.6820000E+03   2.0011937E-04   2.3942053E-04
   1.5456476E+03   5.4020000E+03   4.6650000E+03   7.8150654E-05   1.5812495E-04
   1.5456551E+03   5.3520000E+03   4.6830000E+03   4.1998765E-04   4.4879588E-04
   1.5456626E+03   5.3830000E+03   4.6370000E+03   3.8570984E-04   4.1601727E-04
   1.5456702E+03   5.3300000E+03   4.6570000E+03   2.6381948E-04   2.8369957E-04
   1.5456777E+03   5.5260000E+03   4.7990000E+03   8.9798055E-05   2.1808582E-04
   1.5456852E+03   5.4700000E+03   4.7550000E+03   3.2939578E-05   3.7892638E-05
   1.5456927E+03   5.4680000E+03   4.7960000E+03   1.3843215E-04   1.8971528E-04
   1.5457003E+03   5.4620000E+03   4.7690000E+03   2.0546283E-04   2.3531935E-04
   1.5457078E+03   5.4520000E+03   4.7260000E+03   2.9694923E-04   3.7495657E-04
   1.5457153E+03   5.4920000E+03   4.8010000E+03   1.8016622E-04   2.0609725E-04
   1.5457229E+03   5.3620000E+03   4.6820000E+03   1.0833473E-04   2.8626567E-04
   1.5457304E+03   5.6530000E+03   4.9590000E+03   4.2486249E-04   4.1850926E-04
   1.5457379E+03   5.5940000E+03   4.8710000E+03   1.0179460E-04   4.9289974E-05
   1.5457454E+03   5.6160000E+03   4.9070000E+03   1.0108850E-04   1.1628629E-04
   1.5457530E+03   5.5400000E+03   4.8410000E+03   3.8258367E-04   4.1304988E-04
   1.5457605E+03   5.6370000E+03   4.9060000E+03   6.7434915E-05   1.0822158E-04
   1.5457680E+03   5.6120000E+03   4.8800000E+03   6.0462435E-04   5.4672030E-04
   1.5457756E+03   5.5170000E+03   4.8100000E+03   4.0471596E-04   3.5094482E-04
   1.5457831E+03   5.6060000E+03   4.8630000E+03   2.4082161E-04   1.8437387E-04
   1.5457906E+03   5.5820000E+03   4.8610000E+03   1.9211779E-04   2.1186071E-04
   1.5457981E+03   5.5180000E+03   4.8260000E+03   4.4018243E-04   5.0487553E-04
   1.5458057E+03   5.5580000E+03   4.8390000E+03   8.7621663E-05   2.0413171E-04
   1.5458132E+03   5.7170000E+03   4.9400000E+03   1.4583073E-04   1.6876808E-04
   1.5458207E+03   5.5490000E+03   4.8050000E+03   1.2504662E-04   9.6267610E-05
   1.5458283E+03   5.5090000E+03   4.8300000E+03   2.2126683E-04   2.2210431E-04
   1.5458358E+03   5.6000000E+03   4.8800000E+03   4.8300832E-04   5.5264720E-04
   1.5458433E+03   5.6180000E+03   4.9230000E+03   4.3067282E-05   1.1657307E-04
   1.5458508E+03   5.8950000E+03   5.1270000E+03   2.9458142E-04   2.9906856E-04
   1.5458584E+03   5.6700000E+03   4.9590000E+03   1.8469776E-04   1.2596452E-04
   1.5458659E+03   5.8950000E+03   5.1350000E+03   3.7369614E-04   4.3003891E-04
   1.5458734E+03   5.8670000E+03   5.1250000E+03   3.3174565E-04   3.1023802E-04
   1.5458810E+03   5.8430000E+03   5.0880000E+03   1.6044898E-04   1.7964196E-04
   1.5458885E+03   5.7590000E+03   4.9910000E+03   4.5849305E-04   4.5540415E-04
   1.5458960E+03   5.8280000E+03   5.0630000E+03   6.6161060E-04   7.6157744E-04
   1.5459035E+03   5.7950000E+03   5.0670000E+03   4.3817368E-04   5.0112818E-04
   1.5459111E+03   5.7560000E+03   5.0260000E+03   1.9885475E-04   2.2773735E-04
   1.5459186E+03   5.8990000E+03   5.1360000E+03   4.2277045E-04   4.0088715E-04
   1.5459261E+03   5.7460000E+03   5.0230000E+03   1.5654379E-04   1.7907637E-04
   1.5459337E+03   5.6920000E+03   4.9500000E+03   3.8418049E-04   4.7648175E-04
   1.5459412E+03   5.8500000E+03   5.0890000E+03   2.7708009E-04   3.2952494E-04
   1.5459487E+03   5.8110000E+03   5.0560000E+03   5.2316131E-04   6.0966785E-04
   1.5459562E+03   5.9020000E+03   5.1890000E+03   3.2122843E-04   3.4792814E-04
   1.5459638E+03   5.8680000E+03   5.0850000E+03   3.1523393E-04   2.1511557E-04
   1.5459713E+03   5.9060000E+03   5.1840000E+03   3.7957280E-04   3.8585875E-04
   1.5459788E+03   6.0240000E+03   5.2630000E+03   2.2149518E-04   1.8914965E-04
   1.5459864E+03   5.7010000E+03   4.9660000E+03   1.0002892E-04   1.0889294E-04
   1.5459939E+03   5.7380000E+03   4.9870000E+03   3.6881174E-04   3.1104752E-04
   1.5460014E+03   5.7390000E+03   5.0420000E+03   4.9827234E-04   6.1737619E-04
   1.5460089E+03   5.7200000E+03   4.9770000E+03   7.5011522E-04   5.7751777E-04
   1.5460165E+03   5.7940000E+03   5.0700000E+03   4.2904945E-04   4.5722294E-04
   1.5460240E+03   5.8590000E+03   5.1080000E+03   4.9651456E-04   4.1350357E-04
   1.5460315E+03   6.0020000E+03   5.2330000E+03   3.4421187E-04   3.9219369E-04
   1.5460391E+03   6.0030000E+03   5.2150000E+03   1.9806111E-04   2.1266989E-04
   1.5460466E+03   6.0360000E+03   5.2740000E+03   3.4920184E-04   3.7899432E-04
   1.5460541E+03   5.9260000E+03   5.1950000E+03   2.4261981E-04   2.7660466E-04
   1.5460616E+03   6.0500000E+03   5.2670000E+03   5.1609138E-04   5.2676283E-04
   1.5460692E+03   6.0070000E+03   5.1920000E+03   3.0385930E-04   2.8685493E-04
   1.5460767E+03   5.9650000E+03   5.2150000E+03   6.3406038E-04   7.3749143E-04
   1.5460842E+03   5.8300000E+03   5.1260000E+03   4.6424231E-04   6.4721455E-04
   1.5460917E+03   5.9730000E+03   5.2050000E+03   2.1107899E-04   1.8007016E-04
   1.5460993E+03   5.9790000E+03   5.2240000E+03   3.8214233E-04   4.0190064E-04
   1.5461068E+03   6.2190000E+03   5.4510000E+03   5.0248278E-04   4.9096532E-04
   1.5461143E+03   5.9890000E+03   5.2340000E+03   5.8302732E-05   5.1909696E-05
   1.5461219E+03   6.0020000E+03   5.2620000E+03   4.4049807E-04   4.2692899E-04
   1.5461294E+03   6.1330000E+03   5.3420000E+03   1.7760920E-04   2.7352911E-04
   1.5461369E+03   6.1080000E+03   5.3370000E+03   2.5920169E-04   1.9855390E-04
   1.5461444E+03   6.1440000E+03   5.3990000E+03   1.6332404E-04   1.6244352E-04
   1.5461520E+03   6.1220000E+03   5.3690000E+03   4.8213845E-04   4.6564315E-04
   1.5461595E+03   6.2310000E+03   5.4420000E+03   1.9686228E-04   1.5766865E-04
   1.5461670E+03   6.1840000E+03   5.4660000E+03   2.1929936E-04   2.3600332E-04
   1.5461746E+03   6.2430000E+03   5.4690000E+03   1.1847968E-04   1.0676701E-04
   1.5461821E+03   6.0070000E+03   5.2580000E+03   2.3385076E-04   2.9069290E-04
   1.5461896E+03   6.1650000E+03   5.4060000E+03   1.8848506E-04   8.3223495E-05
   1.5461971E+03   6.0840000E+03   5.3660000E+03   3.6332622E-04   4.5135944E-04
   1.5462047E+03   6.0960000E+03   5.4210000E+03   7.2415312E-04   6.6707281E-04
   1.5462122E+03   6.0880000E+03   5.3840000E+03   6.0429485E-04   5.6949456E-04
   1.5462197E+03   6.0260000E+03   5.3280000E+03   4.1376848E-04   5.1212252E-04
   1.5462273E+03   5.9850000E+03   5.3030000E+03   6.1463504E-04   5.2621852E-04
   1.5462348E+03   5.8880000E+03   5.2520000E+03   3.6860700E-04   3.8964169E-04
   1.5462423E+03   5.9560000E+03   5.2840000E+03   5.8902122E-04   6.3602608E-04
   1.5462498E+03   5.9860000E+03   5.3300000E+03   5.8325606E-04   5.9611568E-04
   1.5462574E+03   5.7980000E+03   5.1950000E+03   7.4740926E-04   6.9101412E-04
   1.5462649E+03   5.7840000E+03   5.1860000E+03   4.6102126E-04   5.4919108E-04
   1.5462724E+03   5.7860000E+03   5.2240000E+03   8.0663730E-04   5.9178873E-04
   1.5462800E+03   5.6780000E+03   5.1310000E+03   2.8846631E-04   4.0344702E-04
   1.5462875E+03   5.6110000E+03   5.1030000E+03   6.1676565E-04   2.1275050E-04
   1.5462950E+03   5.4640000E+03   4.9710000E+03   1.0705458E-03   1.0955571E-03
   1.5463025E+03   5.5250000E+03   5.0590000E+03   3.7789753E-05   2.5862884E-04
   1.5463101E+03   5.3530000E+03   4.9370000E+03   4.6789847E-04   3.0524989E-04
   1.5463176E+03   5.2140000E+03   4.8370000E+03   6.5062754E-04   3.6053662E-04
   1.5463251E+03   5.1150000E+03   4.7770000E+03   1.4069467E-03   1.2072089E-03
   1.5463327E+03   4.9920000E+03   4.7100000E+03   1.0965027E-04   5.8414163E-04
   1.5463402E+03   4.8720000E+03   4.6070000E+03   3.0565731E-04   9.1060174E-04
   1.5463477E+03   4.7500000E+03   4.5200000E+03   1.3800925E-03   1.1897545E-03
   1.5463552E+03   4.5170000E+03   4.3210000E+03   6.0148371E-04   5.4661662E-04
   1.5463628E+03   4.4610000E+03   4.3140000E+03   2.0919599E-04   1.1551697E-04
   1.5463703E+03   4.3200000E+03   4.1810000E+03   7.8052108E-04   2.3816762E-04
   1.5463778E+03   4.2000000E+03   4.0860000E+03   1.0214590E-03   1.2047926E-03
   1.5463854E+03   3.9170000E+03   3.8120000E+03   1.3475421E-03   1.0355819E-03
   1.5463929E+03   3.8490000E+03   3.7460000E+03   6.0452511E-05   6.2038840E-04
   1.5464004E+03   3.7220000E+03   3.6350000E+03   1.0478546E-03   1.2684996E-03
   1.5464079E+03   3.4140000E+03   3.3550000E+03   1.1595471E-03   1.1816351E-03
   1.5464155E+03   3.4010000E+03   3.3440000E+03   8.1905780E-04   1.5011780E-03
   1.5464230E+03   3.2340000E+03   3.1790000E+03   1.7831922E-03   1.2037060E-03
   1.5464305E+03   3.1650000E+03   3.1230000E+03   2.2023968E-03   1.5459251E-03
   1.5464381E+03   2.9350000E+03   2.8930000E+03   1.4994087E-03   1.0614274E-03
   1.5464456E+03   2.9250000E+03   2.8860000E+03   1.5982260E-03   1.8233343E-03
   1.5464531E+03   2.7530000E+03   2.7190000E+03   1.0084736E-03   8.2003156E-04
   1.5464606E+03   2.5710000E+03   2.5390000E+03   2.8088011E-03   1.9910223E-03
   1.5464682E+03   2.6060000E+03   2.5790000E+03   2.0998707E-03   2.0136661E-03
   1.5464757E+03   2.4670000E+03   2.4190000E+03   2.5066832E-03   2.1695656E-03
   1.5464832E+03   2.2990000E+03   2.2630000E+03   1.6490002E-03   1.4062094E-03
   1.5464908E+03   2.1650000E+03   2.1460000E+03   2.7855196E-03   3.0323833E-03
   1.5464983E+03   2.1220000E+03   2.1000000E+03   3.0117241E-03   2.8971214E-03
   1.5465058E+03   2.1010000E+03   2.0780000E+03   1.2740360E-03   1.1539565E-03
   1.5465133E+03   1.9930000E+03   1.9720000E+03   2.4451001E-03   1.3356695E-03
   1.5465209E+03   1.8790000E+03   1.8620000E+03   1.4552553E-03   1.4406937E-03
   1.5465284E+03   1.8890000E+03   1.8660000E+03   3.5180655E-03   3.6279863E-03
   1.5465359E+03   1.7950000E+03   1.7770000E+03   5.9101701E-03   6.5624142E-03
   1.5465434E+03   1.7450000E+03   1.7330000E+03   3.0020766E-03   2.9634129E-03
   1.5465510E+03   1.6980000E+03   1.6790000E+03   1.5075765E-03   1.6136014E-03
   1.5465585E+03   1.5320000E+03   1.5180000E+03   2.8452623E-03   2.0974297E-03
   1.5465660E+03   1.6470000E+03   1.6370000E+03   4.8409127E-03   5.2752510E-03
   1.5465736E+03   1.6000000E+03   1.5870000E+03   9.9597137E-04   1.3606240E-03
   1.5465811E+03   1.5180000E+03   1.5030000E+03   3.8895065E-03   3.5824507E-03
   1.5465886E+03   1.4260000E+03   1.4170000E+03   4.0237234E-03   4.9066048E-03
   1.5465961E+03   1.4410000E+03   1.4300000E+03   2.1026657E-03   1.5093556E-03
   1.5466037E+03   1.4480000E+03   1.4410000E+03   2.8457160E-03   3.1811429E-03
   1.5466112E+03   1.2880000E+03   1.2740000E+03   5.2309368E-03   4.9370810E-03
   1.5466187E+03   1.3720000E+03   1.3640000E+03   2.6503448E-03   3.6135432E-03
   1.5466263E+03   1.2860000E+03   1.2750000E+03   3.5390809E-03   2.6379395E-03
   1.5466338E+03   1.2720000E+03   1.2650000E+03   6.1990475E-03   5.7585990E-03
   1.5466413E+03   1.2380000E+03   1.2250000E+03   3.7586279E-03   3.8678553E-03
   1.5466488E+03   1.2070000E+03   1.2030000E+03   8.4640017E-04   1.2934691E-03
   1.5466564E+03   1.1530000E+03   1.1440000E+03   4.0278061E-03   4.1261027E-03
   1.5466639E+03   1.2060000E+03   1.1980000E+03   3.0398459E-03   2.3956010E-03
   1.5466714E+03   1.1390000E+03   1.1350000E+03   3.5476581E-03   3.5080114E-03
   1.5466790E+03   1.0470000E+03   1.0390000E+03   3.5911225E-03   3.0773823E-03
   1.5466865E+03   1.0610000E+03   1.0530000E+03   4.2368825E-03   2.7766501E-03
   1.5466940E+03   9.9200000E+02   9.8600000E+02   1.2840989E-03   9.5215536E-04
   1.5467015E+03   1.0590000E+03   1.0510000E+03   2.6506578E-03   3.2418265E-03
   1.5467091E+03   9.5600000E+02   9.5000000E+02   2.2133718E-03   2.8831188E-03
   1.5467166E+03   9.4300000E+02   9.4000000E+02   1.6324939E-03   2.2830363E-03
   1.5467241E+03   9.5200000E+02   9.4500000E+02   5.6591366E-03   6.5302686E-03
   1.5467317E+03   9.3800000E+02   9.3400000E+02   5.0651131E-03   5.7552406E-03
   1.5467392E+03   9.0600000E+02   9.0200000E+02   6.9956236E-03   7.1071293E-03
   1.5467467E+03   8.8200000E+02   8.7800000E+02   1.0580755E-03   1.4284060E-03
   1.5467542E+03   9.0300000E+02   8.9900000E+02   6.0403648E-03   6.1342510E-03
   1.5467618E+03   8.4700000E+02   8.4500000E+02   3.1305495E-03   2.7832188E-03
   1.5467693E+03   8.2000000E+02   8.1500000E+02   9.1909212E-03   9.1927407E-03
   1.5467768E+03   8.0600000E+02   8.0000000E+02   9.4608916E-03   8.9710180E-03
   1.5467844E+03   7.8700000E+02   7.8100000E+02   5.5154318E-03   3.9778636E-03
   1.5467919E+03   7.4100000E+02   7.3700000E+02   3.8961345E-03   4.7925390E-03
   1.5467994E+03   7.6500000E+02   7.6300000E+02   8.0578396E-03   8.1933431E-03
   1.5468069E+03   7.5500000E+02   7.4700000E+02   1.2486950E-02   1.1289281E-02
   1.5468145E+03   7.0600000E+02   7.0200000E+02   4.5277663E-03   5.1074505E-03
   1.5468220E+03   6.8300000E+02   6.8100000E+02   7.9778357E-03   7.9972456E-03
   1.5468295E+03   6.6400000E+02   6.6200000E+02   4.2679856E-03   4.5442129E-03
   1.5468371E+03   6.8200000E+02   6.7500000E+02   1.1569118E-02   1.1265698E-02
   1.5468446E+03   6.2500000E+02   6.2200000E+02   8.0800792E-03   8.0712628E-03
   1.5468521E+03   6.0900000E+02   6.0400000E+02   3.3549200E-03   3.8932205E-03
   1.5468596E+03   6.3300000E+02   6.3000000E+02   9.6845511E-03   9.5800197E-03
   1.5468672E+03   5.7400000E+02   5.6900000E+02   1.5362121E-02   1.7222768E-02
   1.5468747E+03   5.8900000E+02   5.8600000E+02   7.4214192E-03   7.7789838E-03
   1.5468822E+03   5.4400000E+02   5.4100000E+02   7.9747981E-03   7.6378242E-03
   1.5468898E+03   5.5400000E+02   5.5300000E+02   3.8116476E-03   3.4058664E-03
   1.5468973E+03   5.2700000E+02   5.2400000E+02   8.3092262E-03   8.0274622E-03
   1.5469048E+03   5.1900000E+02   5.1600000E+02   2.6293944E-03   2.6859565E-03
   1.5469123E+03   5.3300000E+02   5.2700000E+02   2.4148813E-02   2.3384448E-02
   1.5469199E+03   5.0900000E+02   5.0400000E+02   4.5846599E-03   5.8093935E-03
   1.5469274E+03   4.6600000E+02   4.6400000E+02   9.1468259E-03   9.5825787E-03
   1.5469349E+03   4.6700000E+02   4.6200000E+02   1.1129911E-02   1.1036454E-02
   1.5469425E+03   5.1000000E+02   5.0600000E+02   2.8307500E-03   2.0592105E-03
   1.5469500E+03   4.7700000E+02   4.7300000E+02   1.3315134E-02   1.3334569E-02
   1.5469575E+03   4.6700000E+02   4.6200000E+02   5.9898432E-03   6.0657550E-03
   1.5469650E+03   4.1800000E+02   4.1400000E+02   6.2765476E-03   6.6132763E-03
   1.5469726E+03   4.1900000E+02   4.1300000E+02   8.0397789E-03   1.0066650E-02
   1.5469801E+03   4.0200000E+02   3.9400000E+02   2.2575391E-02   2.2043281E-02
   1.5469876E+03   3.9100000E+02   3.8800000E+02   7.6297554E-03   7.0818511E-03
   1.5469951E+03   4.2100000E+02   4.1500000E+02   1.2738515E-02   1.4106382E-02
   1.5470027E+03   3.5100000E+02   3.4800000E+02   3.2646061E-03   9.1311153E-04
   1.5470102E+03   3.9200000E+02   3.8600000E+02   5.1063632E-03   5.4431931E-03
   1.5470177E+03   3.7500000E+02   3.6900000E+02   7.2199415E-03   6.8340832E-03
   1.5470253E+03   3.3200000E+02   3.2700000E+02   1.0335516E-02   1.0101122E-02
   1.5470328E+03   3.2300000E+02   3.1400000E+02   8.4666088E-03   6.5298111E-03
   1.5470403E+03   3.3800000E+02   3.3200000E+02   2.0831954E-02   2.0949541E-02
   1.5470478E+03   3.2600000E+02   3.2000000E+02   4.5030759E-03   5.8976317E-03
   1.5470554E+03   2.9300000E+02   2.8600000E+02   1.5041825E-02   1.3234225E-02
   1.5470629E+03   3.0800000E+02   3.0100000E+02   1.0689231E-02   1.0118119E-02
   1.5470704E+03   3.0000000E+02   2.9100000E+02   1.1697532E-02   1.2919989E-02
   1.5470780E+03   3.1100000E+02   3.0300000E+02   1.2469669E-02   1.4531219E-02
   1.5470855E+03   2.8900000E+02   2.8000000E+02   2.1476204E-02   1.7584884E-02
   1.5470930E+03   2.9700000E+02   2.8600000E+02   2.1752634E-02   2.1671956E-02
   1.5471005E+03   2.9700000E+02   2.9200000E+02   2.9755081E-03   1.3863349E-03
   1.5471081E+03   2.8100000E+02   2.7100000E+02   1.1641855E-02   1.1071844E-02
   1.5471156E+03   2.4100000E+02   2.3200000E+02   3.9892913E-02   3.3823557E-02
   1.5471231E+03   3.1300000E+02   3.0100000E+02   1.3076554E-02   1.2845380E-02
   1.5471307E+03   2.5400000E+02   2.4800000E+02   3.1442019E-02   2.9678741E-02
   1.5471382E+03   2.7200000E+02   2.6700000E+02   4.2184308E-03   8.4085971E-03
   1.5471457E+03   2.7100000E+02   2.6100000E+02   1.1759359E-02   1.1653722E-02
   1.5471532E+03   2.7000000E+02   2.6200000E+02   5.2557515E-03   8.2307592E-03
   1.5471608E+03   2.8800000E+02   2.8000000E+02   1.5146971E-02   1.5250742E-02
   1.5471683E+03   2.5200000E+02   2.4100000E+02   3.6972229E-03   4.6730345E-03
   1.5471758E+03   2.6500000E+02   2.5100000E+02   1.0233547E-02   8.7329771E-03
   1.5471834E+03   2.3100000E+02   2.1800000E+02   3.2108109E-02   3.0419215E-02
   1.5471909E+03   2.5900000E+02   2.4200000E+02   1.3189595E-02   1.1183590E-02
   1.5471984E+03   2.4300000E+02   2.2300000E+02   5.4768024E-03   7.7741627E-03
   1.5472059E+03   2.5200000E+02   2.3800000E+02   2.5995603E-02   3.0228611E-02
   1.5472135E+03   2.3800000E+02   2.2400000E+02   1.8843725E-02   2.0150859E-02
   1.5472210E+03   2.4800000E+02   2.2500000E+02   4.6394935E-03   1.0011471E-02
   1.5472285E+03   2.7100000E+02   2.4800000E+02   4.0262413E-02   3.9881429E-02
   1.5472361E+03   2.5300000E+02   2.3600000E+02   9.6667570E-03   6.4472058E-03
   1.5472436E+03   2.3800000E+02   2.1700000E+02   7.8435203E-03   1.2300433E-02
   1.5472511E+03   2.3400000E+02   2.1000000E+02   4.1312209E-02   4.0520698E-02
   1.5472586E+03   2.4300000E+02   2.2500000E+02   1.9049371E-02   1.9347669E-02
   1.5472662E+03   2.3900000E+02   2.1300000E+02   2.2055039E-02   2.0707759E-02
   1.5472737E+03   2.5600000E+02   2.2800000E+02   8.9353774E-03   1.9538912E-02
   1.5472812E+03   2.5100000E+02   2.2200000E+02   1.5316965E-02   1.7778007E-02
   1.5472888E+03   2.4100000E+02   2.1200000E+02   9.9137662E-03   9.9611815E-03
   1.5472963E+03   2.7200000E+02   2.3700000E+02   4.6170909E-03   8.6130899E-03
   1.5473038E+03   2.6500000E+02   2.3100000E+02   1.6539102E-02   2.3540641E-02
   1.5473113E+03   2.7500000E+02   2.5000000E+02   3.8323598E-03   4.5012556E-03
   1.5473189E+03   2.8400000E+02   2.5700000E+02   1.0531548E-02   1.5008039E-02
   1.5473264E+03   2.9300000E+02   2.5000000E+02   9.5277763E-03   9.3738507E-03
   1.5473339E+03   2.6200000E+02   2.2100000E+02   4.6880195E-03   1.4292550E-02
   1.5473415E+03   2.9100000E+02   2.4100000E+02   9.3130191E-03   1.5388620E-02
   1.5473490E+03   2.9400000E+02   2.5500000E+02   1.8632936E-02   2.4022367E-02
   1.5473565E+03   3.0700000E+02   2.6300000E+02   2.2723595E-02   2.0174720E-02
   1.5473640E+03   3.2200000E+02   2.7100000E+02   6.0435376E-03   1.4362285E-02
   1.5473716E+03   3.0900000E+02   2.5500000E+02   1.8895487E-02   2.7201988E-02
   1.5473791E+03   3.3800000E+02   2.7700000E+02   1.6983562E-02   9.5243959E-03
   1.5473866E+03   3.3600000E+02   2.7100000E+02   9.8763572E-03   1.4721607E-02
   1.5473942E+03   3.6000000E+02   2.9400000E+02   1.0926609E-02   8.8095598E-03
   1.5474017E+03   3.6600000E+02   2.9700000E+02   1.7194290E-02   2.2773090E-02
   1.5474092E+03   3.6600000E+02   2.9400000E+02   3.6506678E-03   5.8202254E-03
   1.5474167E+03   3.7700000E+02   2.9500000E+02   2.8335081E-02   2.6038648E-02
   1.5474243E+03   4.3600000E+02   3.4400000E+02   6.7302503E-03   7.8626052E-03
   1.5474318E+03   4.3800000E+02   3.5200000E+02   1.5960262E-02   1.7389752E-02
   1.5474393E+03   4.4400000E+02   3.4800000E+02   2.2073509E-02   3.0226038E-02
   1.5474468E+03   4.3500000E+02   3.2800000E+02   6.3938728E-03   1.3255886E-02
   1.5474544E+03   4.4500000E+02   3.5200000E+02   8.8162474E-03   8.2073891E-03
   1.5474619E+03   4.7200000E+02   3.6500000E+02   9.8494423E-03   1.2524589E-02
   1.5474694E+03   4.8000000E+02   3.7200000E+02   1.0024907E-02   1.0119160E-02
   1.5474770E+03   4.9100000E+02   3.7200000E+02   7.7779274E-03   1.9503453E-02
   1.5474845E+03   5.5200000E+02   4.4400000E+02   1.3008266E-02   1.0890144E-02
   1.5474920E+03   6.1400000E+02   4.7300000E+02   8.8227028E-03   1.1140029E-02
   1.5474995E+03   6.1000000E+02   4.8100000E+02   1.7043016E-02   2.2646071E-02
   1.5475071E+03   6.0300000E+02   4.6900000E+02   1.0076373E-02   1.3813657E-02
   1.5475146E+03   6.2300000E+02   4.8100000E+02   9.6331267E-03   5.4269565E-03
   1.5475221E+03   6.5800000E+02   5.0200000E+02   1.8637225E-02   2.2509820E-02
   1.5475297E+03   7.5400000E+02   5.8200000E+02   2.2237695E-03   2.3075575E-03
   1.5475372E+03   7.0800000E+02   5.5600000E+02   1.6851544E-02   1.6707782E-02
   1.5475447E+03   7.2500000E+02   5.6300000E+02   3.2197889E-03   4.5787875E-03
   1.5475522E+03   7.8800000E+02   5.9400000E+02   1.3410440E-02   1.0390296E-02
   1.5475598E+03   8.0800000E+02   6.1300000E+02   1.1691820E-03   5.0767716E-03
   1.5475673E+03   8.4600000E+02   6.7600000E+02   4.0618582E-03   8.4556716E-03
   1.5475748E+03   9.4900000E+02   7.5400000E+02   1.3614311E-02   1.5795962E-02
   1.5475824E+03   9.2500000E+02   7.3500000E+02   9.7351087E-03   1.3213146E-02
   1.5475899E+03   9.6300000E+02   7.3400000E+02   1.0264024E-02   1.0052779E-02
   1.5475974E+03   1.0650000E+03   8.1000000E+02   9.2129033E-03   2.9562961E-03
   1.5476049E+03   1.0100000E+03   7.8200000E+02   1.0442494E-02   6.8893683E-03
   1.5476125E+03   1.1120000E+03   8.6400000E+02   1.0051677E-02   1.0957597E-02
   1.5476200E+03   1.1770000E+03   9.2600000E+02   4.9911460E-03   3.2914523E-03
   1.5476275E+03   1.1980000E+03   9.5700000E+02   5.1511912E-03   1.1369948E-02
   1.5476351E+03   1.3160000E+03   1.0500000E+03   4.3370493E-03   5.4168266E-03
   1.5476426E+03   1.2580000E+03   9.9100000E+02   5.1357348E-03   9.9658732E-03
   1.5476501E+03   1.3450000E+03   1.0420000E+03   8.7430772E-03   3.6102766E-03
   1.5476576E+03   1.3340000E+03   1.0810000E+03   4.7108381E-03   6.1230785E-03
   1.5476652E+03   1.4150000E+03   1.1350000E+03   1.2064995E-02   9.0544206E-03
   1.5476727E+03   1.4790000E+03   1.1670000E+03   1.9091812E-03   6.2687656E-03
   1.5476802E+03   1.4820000E+03   1.2050000E+03   7.1000568E-03   9.2763171E-03
   1.5476878E+03   1.5450000E+03   1.2320000E+03   8.3621856E-03   1.0183869E-02
   1.5476953E+03   1.6210000E+03   1.3120000E+03   4.3581654E-03   5.5484414E-03
   1.5477028E+03   1.6400000E+03   1.3450000E+03   2.1258714E-03   4.7462005E-03
   1.5477103E+03   1.7090000E+03   1.3800000E+03   2.8993631E-03   3.6240604E-03
   1.5477179E+03   1.7270000E+03   1.3980000E+03   7.3734021E-03   1.3700968E-02
   1.5477254E+03   1.7520000E+03   1.4220000E+03   6.6627893E-03   8.5174286E-03
   1.5477329E+03   1.8580000E+03   1.5350000E+03   5.7834361E-03   5.3604736E-03
   1.5477405E+03   1.9100000E+03   1.5840000E+03   6.8251800E-03   7.2769334E-03
   1.5477480E+03   1.9210000E+03   1.5900000E+03   3.8375177E-03   4.4021611E-03
   1.5477555E+03   2.0200000E+03   1.6650000E+03   2.5720549E-03   3.5915246E-03
   1.5477630E+03   1.9700000E+03   1.6310000E+03   6.7472785E-03   8.9603289E-03
   1.5477706E+03   2.1220000E+03   1.7450000E+03   5.5171363E-03   3.3666821E-03
   1.5477781E+03   2.2580000E+03   1.8760000E+03   5.5258630E-03   7.8359893E-03
   1.5477856E+03   2.3780000E+03   1.9990000E+03   7.6660716E-03   3.1111849E-03
   1.5477932E+03   2.3170000E+03   1.9190000E+03   9.3884919E-03   8.7849424E-03
   1.5478007E+03   2.4410000E+03   2.0290000E+03   3.6645141E-03   1.9157665E-03
   1.5478082E+03   2.4610000E+03   2.0640000E+03   2.1363148E-03   4.4092847E-03
   1.5478157E+03   2.4820000E+03   2.0600000E+03   1.6678764E-03   3.8406952E-03
   1.5478233E+03   2.5950000E+03   2.2000000E+03   4.5866929E-03   2.9389241E-03
   1.5478308E+03   2.6800000E+03   2.2370000E+03   4.8663574E-03   6.9849665E-03
   1.5478383E+03   2.6610000E+03   2.2300000E+03   2.4878854E-03   2.3922919E-03
   1.5478459E+03   2.7620000E+03   2.3290000E+03   1.2832187E-03   3.8230364E-03
   1.5478534E+03   2.8670000E+03   2.3790000E+03   6.4562721E-03   3.6324471E-03
   1.5478609E+03   2.8490000E+03   2.4410000E+03   4.7021023E-03   4.6592548E-03
   1.5478684E+03   2.9380000E+03   2.4540000E+03   5.2408306E-03   1.0550819E-02
   1.5478760E+03   2.9830000E+03   2.5130000E+03   8.3081900E-03   9.4640444E-03
   1.5478835E+03   3.0920000E+03   2.6410000E+03   2.7043693E-03   3.3364095E-03
   1.5478910E+03   3.1930000E+03   2.6730000E+03   4.0760474E-03   4.4335539E-03
   1.5478985E+03   3.2090000E+03   2.7360000E+03   8.3808158E-03   9.3460335E-03
   1.5479061E+03   3.3070000E+03   2.7960000E+03   5.2715810E-03   9.0904095E-03
   1.5479136E+03   3.3710000E+03   2.8360000E+03   2.9209087E-03   2.5627763E-03
   1.5479211E+03   3.4460000E+03   2.9350000E+03   4.0355822E-03   3.1905316E-03
   1.5479287E+03   3.5230000E+03   2.9740000E+03   1.9433245E-03   5.4345826E-03
   1.5479362E+03   3.5830000E+03   3.0310000E+03   4.6824794E-03   5.9249012E-03
   1.5479437E+03   3.6450000E+03   3.0880000E+03   2.4038085E-03   1.4604937E-03
   1.5479512E+03   3.7910000E+03   3.1950000E+03   3.8416054E-03   4.1544161E-03
   1.5479588E+03   3.8570000E+03   3.2010000E+03   2.5281465E-03   3.8038216E-03
   1.5479663E+03   3.9270000E+03   3.2890000E+03   8.8427391E-03   8.3853797E-03
   1.5479738E+03   4.1230000E+03   3.5270000E+03   1.4130895E-03   2.7882881E-03
   1.5479814E+03   4.1820000E+03   3.4980000E+03   3.5307773E-03   3.8561107E-03
   1.5479889E+03   4.3350000E+03   3.6570000E+03   5.4770772E-03   4.1802551E-03
   1.5479964E+03   4.2990000E+03   3.6270000E+03   3.7894676E-03   3.3580238E-03
   1.5480039E+03   4.2550000E+03   3.5980000E+03   2.9804586E-03   4.1563538E-03
   1.5480115E+03   4.4940000E+03   3.8210000E+03   4.1153958E-03   4.1450572E-03
   1.5480190E+03   4.6320000E+03   3.9210000E+03   7.5050092E-04   1.0279008E-03
   1.5480265E+03   4.6940000E+03   3.9620000E+03   1.1879915E-03   2.6503897E-03
   1.5480341E+03   4.8280000E+03   4.0650000E+03   2.5358927E-03   2.1489592E-03
   1.5480416E+03   4.9150000E+03   4.1080000E+03   3.5163489E-03   2.8977478E-03
   1.5480491E+03   5.0620000E+03   4.2030000E+03   2.8876596E-03   1.6455777E-03
   1.5480566E+03   4.9590000E+03   4.1000000E+03   2.4781603E-03   3.9134181E-03
   1.5480642E+03   5.3190000E+03   4.4070000E+03   4.4403688E-03   7.9491956E-03
   1.5480717E+03   5.4650000E+03   4.5210000E+03   4.8053615E-03   4.0302038E-03
   1.5480792E+03   5.4730000E+03   4.4450000E+03   9.3861424E-04   2.7572811E-03
   1.5480868E+03   5.6770000E+03   4.6810000E+03   6.4352289E-03   6.6333165E-03
   1.5480943E+03   5.7970000E+03   4.7010000E+03   2.4503567E-03   2.5694469E-03
   1.5481018E+03   5.7090000E+03   4.6070000E+03   2.4484620E-03   4.2779590E-03
   1.5481093E+03   6.1870000E+03   4.9330000E+03   3.9168370E-04   1.3695721E-03
   1.5481169E+03   6.4780000E+03   5.1910000E+03   1.1348335E-03   1.3617325E-03
   1.5481244E+03   6.5490000E+03   5.1430000E+03   4.2263772E-03   3.9855751E-03
   1.5481319E+03   6.7510000E+03   5.2990000E+03   3.8111910E-03   3.4523792E-03
   1.5481395E+03   6.9340000E+03   5.4750000E+03   3.4600142E-03   3.0726514E-03
   1.5481470E+03   7.0080000E+03   5.4380000E+03   3.1398734E-03   5.3160847E-03
   1.5481545E+03   7.1900000E+03   5.5710000E+03   3.7709382E-03   4.2987437E-03
   1.5481620E+03   7.6210000E+03   5.8790000E+03   5.9803686E-03   6.6176703E-03
   1.5481696E+03   7.6220000E+03   5.9020000E+03   2.5436374E-03   5.5068165E-03
   1.5481771E+03   7.8840000E+03   5.9670000E+03   5.9595943E-04   2.5076103E-03
   1.5481846E+03   8.0140000E+03   6.1790000E+03   7.8960468E-04   1.1896622E-03
   1.5481922E+03   8.3200000E+03   6.3540000E+03   4.4372969E-03   4.2723521E-03
   1.5481997E+03   8.5750000E+03   6.5280000E+03   3.1641864E-03   5.7137906E-03
   1.5482072E+03   8.7520000E+03   6.7050000E+03   3.4271896E-03   2.7219575E-03
   1.5482147E+03   8.9780000E+03   6.8910000E+03   2.7069560E-03   3.9513100E-03
   1.5482223E+03   9.3490000E+03   7.2010000E+03   2.6815028E-03   3.5161160E-03
   1.5482298E+03   9.3880000E+03   7.1870000E+03   9.5936412E-04   1.6805416E-03
   1.5482373E+03   9.6170000E+03   7.3130000E+03   1.8029308E-03   1.1953258E-03
   1.5482449E+03   9.9280000E+03   7.5610000E+03   3.7403258E-03   3.0495304E-03
   1.5482524E+03   1.0014000E+04   7.7400000E+03   3.1396054E-03   1.9767388E-03
   1.5482599E+03   1.0097000E+04   7.8770000E+03   4.1135814E-03   3.9746477E-03
   1.5482674E+03   1.0434000E+04   8.2220000E+03   1.0064530E-03   1.2871016E-03
   1.5482750E+03   1.0486000E+04   8.2610000E+03   1.0620098E-03   1.2910598E-03
   1.5482825E+03   1.0680000E+04   8.4570000E+03   2.3279256E-03   2.0409340E-03
   1.5482900E+03   1.0775000E+04   8.5430000E+03   2.2077164E-03   3.1127238E-03
   1.5482976E+03   1.1112000E+04   8.9270000E+03   5.6772380E-03   7.6113707E-03
   1.5483051E+03   1.1346000E+04   9.1620000E+03   3.0877029E-03   3.4243845E-03
   1.5483126E+03   1.1600000E+04   9.4200000E+03   4.2703212E-04   7.7810015E-04
   1.5483201E+03   1.1663000E+04   9.5530000E+03   2.0088602E-03   1.8568035E-03
   1.5483277E+03   1.1684000E+04   9.6360000E+03   1.9274791E-03   1.8721963E-03
   1.5483352E+03   1.1965000E+04   9.8720000E+03   1.9313977E-03   3.1333300E-03
   1.5483427E+03   1.2020000E+04   9.9460000E+03   1.6973991E-03   1.6433923E-03
   1.5483502E+03   1.2165000E+04   1.0197000E+04   3.5862624E-04   1.8024281E-03
   1.5483578E+03   1.2353000E+04   1.0404000E+04   3.7680729E-03   4.0382438E-03
   1.5483653E+03   1.2463000E+04   1.0503000E+04   3.9268584E-03   3.4236759E-03
   1.5483728E+03   1.2603000E+04   1.0737000E+04   3.4860412E-03   4.0772911E-03
   1.5483804E+03   1.2836000E+04   1.0956000E+04   1.2895972E-03   7.2056241E-04
   1.5483879E+03   1.2763000E+04   1.0954000E+04   6.7254566E-04   8.2649979E-04
   1.5483954E+03   1.2897000E+04   1.1052000E+04   3.2427541E-03   3.7636287E-03
   1.5484029E+03   1.2976000E+04   1.1281000E+04   1.6391764E-03   2.0624595E-03
   1.5484105E+03   1.3324000E+04   1.1638000E+04   3.7655325E-03   3.7829687E-03
   1.5484180E+03   1.3608000E+04   1.1834000E+04   1.2963954E-03   8.2538412E-04
   1.5484255E+03   1.3325000E+04   1.1667000E+04   3.9135862E-03   2.9761662E-03
   1.5484331E+03   1.3628000E+04   1.1964000E+04   1.9392502E-03   2.6470413E-03
   1.5484406E+03   1.3455000E+04   1.1871000E+04   1.1717248E-03   1.3126336E-03
   1.5484481E+03   1.3649000E+04   1.2053000E+04   2.7915195E-03   2.1315097E-03
   1.5484556E+03   1.4064000E+04   1.2438000E+04   2.3277988E-03   1.9948464E-03
   1.5484632E+03   1.4237000E+04   1.2684000E+04   2.6830422E-03   2.8371296E-03
   1.5484707E+03   1.4185000E+04   1.2604000E+04   1.2848413E-03   1.0708486E-03
   1.5484782E+03   1.4263000E+04   1.2731000E+04   2.6510153E-03   3.1051825E-03
   1.5484858E+03   1.4379000E+04   1.2907000E+04   4.7374431E-03   4.7387571E-03
   1.5484933E+03   1.4277000E+04   1.2826000E+04   4.9407054E-04   4.9594903E-04
   1.5485008E+03   1.4449000E+04   1.3028000E+04   1.8822130E-03   1.0229509E-03
   1.5485083E+03   1.4425000E+04   1.2955000E+04   7.3900674E-04   6.7412319E-04
   1.5485159E+03   1.4560000E+04   1.3077000E+04   2.4527355E-03   2.7751766E-03
   1.5485234E+03   1.4698000E+04   1.3294000E+04   1.6253867E-03   1.1138479E-03
   1.5485309E+03   1.4983000E+04   1.3526000E+04   2.6123061E-03   2.1680824E-03
   1.5485385E+03   1.4975000E+04   1.3545000E+04   1.5781286E-03   9.3028699E-04
   1.5485460E+03   1.4986000E+04   1.3582000E+04   4.4479931E-04   1.3840229E-03
   1.5485535E+03   1.5196000E+04   1.3810000E+04   1.7867256E-03   1.8382035E-03
   1.5485610E+03   1.5141000E+04   1.3821000E+04   2.7865054E-03   2.8090848E-03
   1.5485686E+03   1.5393000E+04   1.3971000E+04   1.7681038E-03   1.8571979E-03
   1.5485761E+03   1.5597000E+04   1.4259000E+04   3.6181602E-03   3.2910307E-03
   1.5485836E+03   1.5697000E+04   1.4342000E+04   1.4471961E-04   4.6978202E-04
   1.5485912E+03   1.5416000E+04   1.4087000E+04   1.9694158E-03   2.0320693E-03
   1.5485987E+03   1.5446000E+04   1.4190000E+04   1.1567204E-03   5.7186882E-04
   1.5486062E+03   1.5759000E+04   1.4456000E+04   2.4617286E-03   2.6335013E-03
   1.5486137E+03   1.5630000E+04   1.4285000E+04   2.5769503E-03   2.5936619E-03
   1.5486213E+03   1.5887000E+04   1.4581000E+04   2.1013486E-03   2.3145887E-03
   1.5486288E+03   1.5966000E+04   1.4615000E+04   1.5303943E-03   1.5930727E-03
   1.5486363E+03   1.6148000E+04   1.4844000E+04   1.3629622E-03   1.7012378E-03
   1.5486439E+03   1.6143000E+04   1.4867000E+04   1.8454833E-03   1.8140303E-03
   1.5486514E+03   1.6118000E+04   1.4769000E+04   2.7259420E-03   2.9938686E-03
   1.5486589E+03   1.6383000E+04   1.5073000E+04   2.2844638E-03   2.8305733E-03
   1.5486664E+03   1.6284000E+04   1.5050000E+04   2.8492858E-03   2.4107876E-03
   1.5486740E+03   1.6416000E+04   1.5082000E+04   2.2722578E-03   2.2695026E-03
   1.5486815E+03   1.6610000E+04   1.5295000E+04   1.7208830E-03   2.0647680E-03
   1.5486890E+03   1.6475000E+04   1.5127000E+04   3.1612475E-03   3.3898241E-03
   1.5486966E+03   1.6595000E+04   1.5271000E+04   2.1401063E-03   2.1446070E-03
   1.5487041E+03   1.6825000E+04   1.5495000E+04   8.1459337E-04   6.1192953E-04
   1.5487116E+03   1.6680000E+04   1.5413000E+04   3.2086717E-03   2.1973459E-03
   1.5487191E+03   1.6997000E+04   1.5679000E+04   2.4684864E-03   2.1378203E-03
   1.5487267E+03   1.6961000E+04   1.5629000E+04   3.4827878E-03   3.8808141E-03
   1.5487342E+03   1.7041000E+04   1.5756000E+04   1.1332332E-03   1.0614036E-03
   1.5487417E+03   1.7117000E+04   1.5834000E+04   8.2693785E-04   1.0899861E-03
   1.5487493E+03   1.7050000E+04   1.5754000E+04   1.9105126E-03   1.5251148E-03
   1.5487568E+03   1.7008000E+04   1.5674000E+04   2.9238209E-03   3.2182554E-03
   1.5487643E+03   1.7206000E+04   1.5891000E+04   1.9747057E-03   1.2291515E-03
   1.5487718E+03   1.7445000E+04   1.6150000E+04   1.4818105E-03   1.4694211E-03
   1.5487794E+03   1.7405000E+04   1.6063000E+04   1.6346625E-03   1.5758783E-03
   1.5487869E+03   1.7158000E+04   1.5872000E+04   3.3008209E-04   3.1110429E-04
   1.5487944E+03   1.7335000E+04   1.6065000E+04   2.0213240E-03   2.5062694E-03
   1.5488019E+03   1.7321000E+04   1.6022000E+04   9.6531566E-04   1.0876606E-03
   1.5488095E+03   1.7571000E+04   1.6267000E+04   1.0660812E-03   7.6606519E-04
   1.5488170E+03   1.7416000E+04   1.6191000E+04   2.3809113E-03   1.9638078E-03
   1.5488245E+03   1.7612000E+04   1.6368000E+04   1.9834384E-03   2.6293197E-03
   1.5488321E+03   1.7703000E+04   1.6453000E+04   7.8949537E-04   1.0799932E-03
   1.5488396E+03   1.7456000E+04   1.6225000E+04   1.9947386E-03   1.6289719E-03
   1.5488471E+03   1.7495000E+04   1.6289000E+04   2.5359723E-03   2.8816643E-03
   1.5488546E+03   1.7617000E+04   1.6451000E+04   8.0595811E-04   6.8295986E-04
   1.5488622E+03   1.7278000E+04   1.6123000E+04   2.8621910E-03   3.1289190E-03
   1.5488697E+03   1.7523000E+04   1.6412000E+04   1.1355813E-03   1.3482048E-03
   1.5488772E+03   1.7464000E+04   1.6312000E+04   1.4147136E-03   7.1520714E-04
   1.5488848E+03   1.7361000E+04   1.6220000E+04   5.0652312E-04   1.2445257E-03
   1.5488923E+03   1.6986000E+04   1.5977000E+04   1.7294645E-03   1.4004724E-03
   1.5488998E+03   1.7092000E+04   1.6140000E+04   2.7935109E-03   3.0236415E-03
   1.5489073E+03   1.6941000E+04   1.6010000E+04   1.7734048E-03   2.3059366E-03
   1.5489149E+03   1.6967000E+04   1.6024000E+04   3.5906467E-03   3.6844702E-03
   1.5489224E+03   1.6459000E+04   1.5645000E+04   1.0666176E-04   3.9509223E-04
   1.5489299E+03   1.6394000E+04   1.5600000E+04   2.0267923E-03   1.8273149E-03
   1.5489375E+03   1.6164000E+04   1.5435000E+04   7.4274262E-04   5.2541392E-04
   1.5489450E+03   1.5931000E+04   1.5252000E+04   4.0880372E-03   3.8452165E-03
   1.5489525E+03   1.5630000E+04   1.5041000E+04   9.3232334E-04   1.7038827E-03
   1.5489600E+03   1.5297000E+04   1.4730000E+04   1.1470652E-03   1.4298037E-03
   1.5489676E+03   1.4927000E+04   1.4442000E+04   9.5263887E-04   9.1059906E-04
   1.5489751E+03   1.4634000E+04   1.4194000E+04   3.4299180E-03   3.2424105E-03
   1.5489826E+03   1.4345000E+04   1.3944000E+04   8.2387911E-04   1.1479169E-03
   1.5489902E+03   1.3830000E+04   1.3466000E+04   6.4116069E-04   6.2951847E-04
   1.5489977E+03   1.3476000E+04   1.3194000E+04   2.8945343E-03   2.8925841E-03
   1.5490052E+03   1.2853000E+04   1.2575000E+04   2.4091063E-03   2.1842172E-03
   1.5490127E+03   1.2459000E+04   1.2269000E+04   3.7321941E-04   5.1751901E-04
   1.5490203E+03   1.2205000E+04   1.1989000E+04   9.5685943E-04   9.9254841E-04
   1.5490278E+03   1.1551000E+04   1.1363000E+04   1.6652920E-03   1.6980479E-03
   1.5490353E+03   1.1133000E+04   1.0977000E+04   1.6813847E-03   1.7715249E-03
   1.5490429E+03   1.0707000E+04   1.0548000E+04   1.5261915E-03   1.5709441E-03
   1.5490504E+03   1.0170000E+04   1.0050000E+04   2.5449159E-03   2.6686030E-03
   1.5490579E+03   9.7130000E+03   9.5920000E+03   1.9830643E-03   1.9961617E-03
   1.5490654E+03   9.4100000E+03   9.2810000E+03   2.4526155E-03   2.4845535E-03
   1.5490730E+03   8.7880000E+03   8.6860000E+03   2.8740760E-03   2.9078193E-03
   1.5490805E+03   8.4670000E+03   8.3650000E+03   3.3077376E-03   3.3481590E-03
   1.5490880E+03   8.0990000E+03   7.9930000E+03   3.2673268E-03   3.3103730E-03
   1.5490956E+03   7.6770000E+03   7.5950000E+03   2.2308186E-03   2.2547504E-03
   1.5491031E+03   7.4600000E+03   7.3800000E+03   2.2922843E-03   2.3171337E-03
   1.5491106E+03   6.9890000E+03   6.9230000E+03   2.5890417E-03   2.6136239E-03
   1.5491181E+03   6.8810000E+03   6.8180000E+03   6.4267066E-03   6.4859191E-03
   1.5491257E+03   6.5730000E+03   6.5060000E+03   3.7513035E-03   3.7898787E-03
   1.5491332E+03   6.1240000E+03   6.0580000E+03   7.8049097E-04   7.8891372E-04
   1.5491407E+03   5.8750000E+03   5.8220000E+03   8.9370166E-04   9.0162844E-04
   1.5491483E+03   5.8040000E+03   5.7570000E+03   3.2218366E-03   3.2481514E-03
   1.5491558E+03   5.6340000E+03   5.5840000E+03   1.0134783E-03   1.0225182E-03
   1.5491633E+03   5.3210000E+03   5.2730000E+03   2.9428321E-03   2.9694339E-03
   1.5491708E+03   5.2370000E+03   5.1760000E+03   1.2810296E-03   1.2959119E-03
   1.5491784E+03   5.1330000E+03   5.0840000E+03   2.9951604E-03   3.0240607E-03
   1.5491859E+03   4.9530000E+03   4.9200000E+03   6.4023174E-03   6.4451959E-03
   1.5491934E+03   4.7930000E+03   4.7600000E+03   3.6356778E-03   3.6608592E-03
   1.5492010E+03   4.5110000E+03   4.4790000E+03   1.2504409E-03   1.2594025E-03
   1.5492085E+03   4.3130000E+03   4.2850000E+03   1.7415588E-03   1.7529070E-03
   1.5492160E+03   4.2630000E+03   4.2330000E+03   1.5115019E-03   1.5221821E-03
   1.5492235E+03   4.0790000E+03   4.0410000E+03   3.7635523E-03   3.7991983E-03
   1.5492311E+03   3.9990000E+03   3.9650000E+03   1.9729500E-03   1.9898699E-03
   1.5492386E+03   3.8140000E+03   3.7850000E+03   3.0987692E-03   3.1225303E-03
   1.5492461E+03   3.8180000E+03   3.7870000E+03   7.1657417E-03   7.2244122E-03
   1.5492536E+03   3.6000000E+03   3.5770000E+03   1.3379692E-03   1.3465523E-03
   1.5492612E+03   3.4430000E+03   3.4140000E+03   2.4743668E-03   2.4953830E-03
   1.5492687E+03   3.3710000E+03   3.3490000E+03   3.3795541E-03   3.4017337E-03
   1.5492762E+03   3.3120000E+03   3.2900000E+03   2.4607808E-03   2.4770536E-03
   1.5492838E+03   3.1930000E+03   3.1740000E+03   4.8573435E-03   4.8862247E-03
   1.5492913E+03   3.0430000E+03   3.0210000E+03   2.4825580E-03   2.5006483E-03
   1.5492988E+03   3.0530000E+03   3.0290000E+03   4.7823685E-03   4.8202940E-03
   1.5493063E+03   2.8690000E+03   2.8480000E+03   7.9828511E-04   8.0419069E-04
   1.5493139E+03   2.7370000E+03   2.7170000E+03   5.9455132E-03   5.9892049E-03
   1.5493214E+03   2.5860000E+03   2.5670000E+03   5.2766937E-03   5.3157663E-03
   1.5493289E+03   2.6620000E+03   2.6420000E+03   5.8423752E-03   5.8866166E-03
   1.5493365E+03   2.3790000E+03   2.3530000E+03   8.0699681E-04   8.1581347E-04
   1.5493440E+03   2.4160000E+03   2.3960000E+03   1.9802982E-03   1.9967601E-03
   1.5493515E+03   2.4010000E+03   2.3940000E+03   3.5828774E-03   3.5933541E-03
   1.5493590E+03   2.2180000E+03   2.1990000E+03   1.5750204E-03   1.5886743E-03
   1.5493666E+03   2.1600000E+03   2.1450000E+03   3.9674660E-03   3.9953560E-03
   1.5493741E+03   2.1450000E+03   2.1350000E+03   2.3419553E-03   2.3529323E-03
   1.5493816E+03   1.9510000E+03   1.9270000E+03   3.4181944E-03   3.4607173E-03
   1.5493892E+03   1.9190000E+03   1.9020000E+03   6.5721014E-03   6.6308993E-03
   1.5493967E+03   1.8670000E+03   1.8600000E+03   2.0565893E-03   2.0642474E-03
   1.5494042E+03   1.7620000E+03   1.7480000E+03   2.8961350E-03   2.9193491E-03
   1.5494117E+03   1.6430000E+03   1.6330000E+03   9.1837895E-04   9.2399060E-04
   1.5494193E+03   1.6420000E+03   1.6250000E+03   3.0942430E-03   3.1264326E-03
   1.5494268E+03   1.6100000E+03   1.6030000E+03   5.2002351E-03   5.2229984E-03
   1.5494343E+03   1.5090000E+03   1.4950000E+03   8.4563413E-04   8.5352712E-04
   1.5494419E+03   1.4950000E+03   1.4850000E+03   3.7919818E-03   3.8173612E-03
   1.5494494E+03   1.4440000E+03   1.4310000E+03   3.8625430E-03   3.8975747E-03
   1.5494569E+03   1.4020000E+03   1.3860000E+03   3.4782535E-03   3.5182665E-03
   1.5494644E+03   1.3760000E+03   1.3650000E+03   5.4531520E-03   5.4970917E-03
   1.5494720E+03   1.2480000E+03   1.2430000E+03   8.3263381E-04   8.3598373E-04
   1.5494795E+03   1.2600000E+03   1.2380000E+03   3.9810749E-03   4.0517684E-03
   1.5494870E+03   1.2690000E+03   1.2510000E+03   3.2585859E-03   3.3055139E-03
   1.5494946E+03   1.1540000E+03   1.1430000E+03   3.0240498E-03   3.0530255E-03
   1.5495021E+03   1.1300000E+03   1.1170000E+03   2.2808970E-03   2.3074355E-03
   1.5495096E+03   1.1800000E+03   1.1690000E+03   1.2597694E-03   1.2716000E-03
   1.5495171E+03   1.0710000E+03   1.0580000E+03   1.7009265E-03   1.7218324E-03
   1.5495247E+03   1.1360000E+03   1.1190000E+03   1.5794081E-03   1.6034000E-03
   1.5495322E+03   1.0080000E+03   9.9800000E+02   1.7424163E-03   1.7598745E-03
   1.5495397E+03   1.0220000E+03   1.0100000E+03   8.7490518E-04   8.8530489E-04
   1.5495473E+03   9.4200000E+02   9.3100000E+02   2.1256523E-03   2.1507471E-03
   1.5495548E+03   1.0090000E+03   1.0020000E+03   1.1614063E-03   1.1695215E-03
   1.5495623E+03   9.6600000E+02   9.5200000E+02   1.6027577E-03   1.6262750E-03
   1.5495698E+03   9.8000000E+02   9.6500000E+02   8.9309390E-04   9.0697798E-04
   1.5495774E+03   8.9400000E+02   8.7800000E+02   7.4162454E-04   7.5465570E-04
   1.5495849E+03   9.1400000E+02   8.9800000E+02   1.8832159E-03   1.9167445E-03
   1.5495924E+03   8.8600000E+02   8.7200000E+02   2.2023767E-04   2.2397851E-04
   1.5496000E+03   8.8500000E+02   8.7200000E+02   3.4135232E-04   3.4647045E-04
   1.5496075E+03   8.9700000E+02   8.8400000E+02   3.1618503E-04   3.2090497E-04
   1.5496150E+03   8.5700000E+02   8.4200000E+02   2.8242360E-03   2.8744825E-03
   1.5496225E+03   8.8000000E+02   8.6500000E+02   4.5110030E-04   4.5851395E-04
   1.5496301E+03   7.8500000E+02   7.6800000E+02   1.4417954E-03   1.4757064E-03
   1.5496376E+03   8.4400000E+02   8.2300000E+02   1.6855138E-03   1.7288842E-03
   1.5496451E+03   8.2200000E+02   8.0900000E+02   8.9825758E-04   9.1261456E-04
   1.5496527E+03   7.8600000E+02   7.6400000E+02   1.0273683E-03   1.0565387E-03
   1.5496602E+03   8.0200000E+02   7.8100000E+02   1.5565485E-03   1.5982919E-03
   1.5496677E+03   7.3100000E+02   7.1200000E+02   6.9267689E-04   7.1113381E-04
   1.5496752E+03   7.5900000E+02   7.4000000E+02   2.4927788E-03   2.5564087E-03
   1.5496828E+03   7.7800000E+02   7.5700000E+02   8.9395262E-04   9.1871462E-04
   1.5496903E+03   7.7800000E+02   7.5900000E+02   1.7731224E-03   1.8173946E-03
   1.5496978E+03   7.7400000E+02   7.5200000E+02   1.1552246E-03   1.1858604E-03
   1.5497053E+03   7.7000000E+02   7.4700000E+02   1.0231810E-03   1.0544291E-03
   1.5497129E+03   7.0400000E+02   6.8500000E+02   2.2889041E-03   2.3524879E-03
   1.5497204E+03   7.4000000E+02   7.1400000E+02   2.8465180E-04   2.9443175E-04
   1.5497279E+03   6.9300000E+02   6.7000000E+02   1.4899470E-03   1.5452983E-03
   1.5497355E+03   7.1500000E+02   6.9000000E+02   2.7263810E-03   2.8202999E-03
   1.5497430E+03   7.1100000E+02   6.7100000E+02   7.3986912E-04   7.8425863E-04
   1.5497505E+03   6.9200000E+02   6.6300000E+02   2.3707208E-03   2.4744092E-03
   1.5497580E+03   6.7700000E+02   6.4200000E+02   8.1205062E-04   8.5863849E-04
   1.5497656E+03   6.6300000E+02   6.2500000E+02   5.3039521E-04   5.6181917E-04
   1.5497731E+03   7.0800000E+02   6.7700000E+02   4.8352480E-04   5.0577227E-04
   1.5497806E+03   6.8900000E+02   6.5200000E+02   9.2450826E-04   9.7631813E-04
   1.5497882E+03   6.7600000E+02   6.2200000E+02   1.2871156E-03   1.4030003E-03
   1.5497957E+03   6.5100000E+02   6.0500000E+02   1.0926440E-03   1.1758400E-03
   1.5498032E+03   7.2500000E+02   6.7300000E+02   2.7998050E-03   3.0160968E-03
   1.5498107E+03   6.7700000E+02   6.2000000E+02   5.7225197E-04   6.2440097E-04
   1.5498183E+03   6.3700000E+02   5.9300000E+02   2.7333494E-03   2.9350342E-03
   1.5498258E+03   6.8600000E+02   6.3800000E+02   9.5041545E-04   1.0219755E-03
   1.5498333E+03   7.1100000E+02   6.5900000E+02   1.3848334E-03   1.4942235E-03
   1.5498409E+03   6.7200000E+02   6.0100000E+02   1.4593902E-03   1.6315233E-03
   1.5498484E+03   6.9900000E+02   6.3500000E+02   2.3889488E-04   2.6271414E-04
   1.5498559E+03   7.0700000E+02   6.3600000E+02   1.9277234E-03   2.1424052E-03
   1.5498634E+03   7.0600000E+02   6.2900000E+02   1.6890209E-03   1.8579257E-03
   1.5498710E+03   6.9900000E+02   6.4000000E+02   7.6493813E-04   8.3480347E-04
   1.5498785E+03   7.2500000E+02   6.5200000E+02   5.5115045E-04   6.1310472E-04
   1.5498860E+03   6.7900000E+02   6.0300000E+02   2.2304866E-03   2.5119324E-03
   1.5498936E+03   6.6400000E+02   5.8300000E+02   3.4314117E-04   3.9029907E-04
   1.5499011E+03   7.6700000E+02   6.7200000E+02   8.1899424E-04   9.3459509E-04
   1.5499086E+03   7.7200000E+02   6.6800000E+02   4.7382826E-04   5.4777312E-04
   1.5499161E+03   7.8200000E+02   6.7500000E+02   1.3504015E-03   1.5648682E-03
   1.5499237E+03   7.8200000E+02   6.7500000E+02   1.2929371E-03   1.4932291E-03
   1.5499312E+03   7.6300000E+02   6.6000000E+02   1.5506839E-03   1.7929473E-03
   1.5499387E+03   8.4100000E+02   7.2700000E+02   8.8541892E-04   1.0235627E-03
   1.5499463E+03   8.5900000E+02   7.3000000E+02   1.3588054E-03   1.5974293E-03
   1.5499538E+03   8.2200000E+02   7.1500000E+02   2.6708601E-03   3.0692728E-03
   1.5499613E+03   8.4200000E+02   7.1400000E+02   1.0601800E-04   1.2301687E-04
   1.5499688E+03   8.7900000E+02   7.2300000E+02   8.6089711E-04   1.0466351E-03
   1.5499764E+03   8.5400000E+02   7.1200000E+02   1.3598170E-03   1.6313047E-03
   1.5499839E+03   9.4300000E+02   7.7700000E+02   4.2678639E-04   4.9993695E-04
   1.5499914E+03   8.9700000E+02   7.5900000E+02   5.0552641E-04   5.9752358E-04
   1.5499990E+03   1.0360000E+03   8.5900000E+02   3.4189978E-04   4.1249262E-04
   1.5500065E+03   1.0570000E+03   8.5800000E+02   3.4762114E-04   4.2748232E-04
   1.5500140E+03   1.0740000E+03   8.9600000E+02   7.7687762E-04   9.3208151E-04
   1.5500215E+03   1.0440000E+03   8.4500000E+02   7.0114767E-04   8.6684114E-04
   1.5500291E+03   1.0520000E+03   8.5100000E+02   2.8953667E-04   3.5729299E-04
   1.5500366E+03   1.1520000E+03   9.3500000E+02   7.5148567E-04   9.2604164E-04
   1.5500441E+03   1.1500000E+03   9.4900000E+02   5.0378500E-04   6.1009285E-04
   1.5500517E+03   1.2090000E+03   9.5400000E+02   2.7584604E-04   3.5109226E-04
   1.5500592E+03   1.2420000E+03   1.0110000E+03   7.4945148E-04   9.2839969E-04
   1.5500667E+03   1.2590000E+03   1.0140000E+03   7.1794374E-04   8.9087790E-04
   1.5500742E+03   1.3490000E+03   1.0640000E+03   1.5858198E-04   1.6864655E-04
   1.5500818E+03   1.4030000E+03   1.1350000E+03   1.5443512E-04   1.9058227E-04
   1.5500893E+03   1.4610000E+03   1.1880000E+03   4.1648896E-04   5.0987700E-04
   1.5500968E+03   1.3950000E+03   1.1360000E+03   9.1998604E-05   1.1334004E-04
   1.5501044E+03   1.5190000E+03   1.2160000E+03   3.5551506E-04   4.4300965E-04
   1.5501119E+03   1.5880000E+03   1.2610000E+03   1.7288100E-04   2.1798397E-04
   1.5501194E+03   1.5480000E+03   1.2580000E+03   3.4392281E-04   4.1778024E-04
   1.5501269E+03   1.6120000E+03   1.2870000E+03   6.9538159E-04   8.6677320E-04
   1.5501345E+03   1.6880000E+03   1.3800000E+03   1.0819984E-04   1.3237557E-04
   1.5501420E+03   1.7870000E+03   1.4360000E+03   9.9251613E-05   1.2272685E-04
   1.5501495E+03   1.8320000E+03   1.4760000E+03   7.0336580E-05   1.6132155E-05
   1.5501571E+03   1.8350000E+03   1.4850000E+03   1.9058166E-04   3.4127273E-04
   1.5501646E+03   1.9460000E+03   1.5700000E+03   4.4816664E-04   5.5561489E-04
   1.5501721E+03   2.0090000E+03   1.6400000E+03   2.5393518E-04   3.1138567E-04
   1.5501796E+03   2.1210000E+03   1.7130000E+03   1.7298646E-04   7.1600424E-05
   1.5501872E+03   2.0620000E+03   1.6770000E+03   3.9747270E-04   4.8893325E-04
   1.5501947E+03   2.2520000E+03   1.8010000E+03   6.0549193E-04   5.1916441E-04
   1.5502022E+03   2.3000000E+03   1.8550000E+03   1.0380467E-04   5.7430619E-05
   1.5502097E+03   2.2790000E+03   1.8560000E+03   1.2453840E-04   1.5193371E-04
   1.5502173E+03   2.4860000E+03   2.0320000E+03   7.0841771E-05   9.6108174E-05
   1.5502248E+03   2.3860000E+03   1.9330000E+03   1.8888331E-04   2.5296462E-04
   1.5502323E+03   2.5020000E+03   2.0530000E+03   2.4044170E-04   3.7158040E-04
   1.5502399E+03   2.6410000E+03   2.2100000E+03   9.1321935E-05   1.0920468E-04
   1.5502474E+03   2.7190000E+03   2.2590000E+03   9.9022337E-05   1.4290984E-04
   1.5502549E+03   2.7940000E+03   2.3410000E+03   2.1398298E-04   2.6396641E-04
   1.5502624E+03   2.8550000E+03   2.3820000E+03   1.7532020E-04   1.1685817E-04
   1.5502700E+03   3.0460000E+03   2.5160000E+03   1.0671058E-04   2.1210507E-04
   1.5502775E+03   2.9710000E+03   2.4550000E+03   1.0682970E-04   1.3859014E-04
   1.5502850E+03   3.0980000E+03   2.6000000E+03   1.9114312E-04   2.3650158E-04
   1.5502926E+03   3.1400000E+03   2.5830000E+03   5.0536416E-05   5.9465781E-05
   1.5503001E+03   3.1670000E+03   2.6580000E+03   3.8497436E-05   1.7183511E-04
   1.5503076E+03   3.3300000E+03   2.7590000E+03   2.9574330E-04   2.5061631E-04
   1.5503151E+03   3.4690000E+03   2.9090000E+03   2.0033843E-04   1.9234673E-04
   1.5503227E+03   3.4510000E+03   2.9310000E+03   1.4636569E-04   1.5334185E-04
   1.5503302E+03   3.5120000E+03   2.9530000E+03   1.5547395E-04   1.3304572E-04
   1.5503377E+03   3.6340000E+03   3.0660000E+03   2.0726426E-04   3.9494833E-05
   1.5503453E+03   3.6960000E+03   3.1370000E+03   1.0243879E-04   5.7512310E-05
   1.5503528E+03   3.7400000E+03   3.1830000E+03   1.8243490E-04   1.5438947E-04
   1.5503603E+03   3.8630000E+03   3.2700000E+03   1.7934526E-04   1.3461354E-04
   1.5503678E+03   4.0200000E+03   3.4250000E+03   5.9107738E-05   6.9661320E-05
   1.5503754E+03   4.1090000E+03   3.5080000E+03   4.0669995E-05   3.5044109E-05
   1.5503829E+03   3.9980000E+03   3.4090000E+03   1.5954537E-04   1.9367308E-04
   1.5503904E+03   4.1900000E+03   3.5690000E+03   1.5378903E-04   9.4269012E-05
   1.5503980E+03   4.2570000E+03   3.6420000E+03   3.2346525E-05   3.9639520E-05
   1.5504055E+03   4.4110000E+03   3.7870000E+03   2.6247585E-04   2.3814739E-04
   1.5504130E+03   4.4060000E+03   3.8050000E+03   3.2557471E-05   2.9981019E-05
   1.5504205E+03   4.4960000E+03   3.8430000E+03   5.0883421E-05   5.6194385E-05
   1.5504281E+03   4.6970000E+03   4.0030000E+03   1.0458885E-04   3.6126764E-05
   1.5504356E+03   4.8670000E+03   4.1530000E+03   2.4282124E-04   2.7916984E-04
   1.5504431E+03   4.8690000E+03   4.2090000E+03   1.5436961E-04   2.0475580E-04
   1.5504507E+03   5.0030000E+03   4.3040000E+03   1.3051195E-04   6.7094025E-05
   1.5504582E+03   5.0170000E+03   4.3320000E+03   5.2483668E-05   4.8459343E-05
   1.5504657E+03   5.1940000E+03   4.4430000E+03   5.3571220E-05   6.7217196E-05
   1.5504732E+03   5.1980000E+03   4.5120000E+03   1.3912739E-05   1.5232991E-05
   1.5504808E+03   5.2370000E+03   4.5070000E+03   5.0604447E-05   7.8032824E-05
   1.5504883E+03   5.4340000E+03   4.6410000E+03   1.8087530E-04   1.3346099E-04
   1.5504958E+03   5.4850000E+03   4.6920000E+03   5.9186524E-05   5.2553489E-05
   1.5505034E+03   5.6720000E+03   4.8660000E+03   2.1563100E-05   9.8624342E-05
   1.5505109E+03   5.8500000E+03   5.0510000E+03   1.1084028E-04   2.1598720E-04
   1.5505184E+03   5.8970000E+03   5.1130000E+03   1.3968242E-04   8.7258158E-05
   1.5505259E+03   5.8820000E+03   5.0440000E+03   2.8871064E-04   2.1612462E-04
   1.5505335E+03   6.0840000E+03   5.2650000E+03   1.5492548E-05   2.9202062E-05
   1.5505410E+03   6.3430000E+03   5.4870000E+03   2.4131185E-04   2.6554481E-04
   1.5505485E+03   6.1810000E+03   5.3720000E+03   7.2432982E-05   8.2967753E-05
   1.5505561E+03   6.5350000E+03   5.6280000E+03   2.2674742E-04   2.3052554E-04
   1.5505636E+03   6.5170000E+03   5.6270000E+03   1.8201960E-04   1.2836311E-04
   1.5505711E+03   6.8930000E+03   6.0000000E+03   6.5345827E-05   1.1350356E-04
   1.5505786E+03   6.7520000E+03   5.7910000E+03   1.5470949E-04   1.5926276E-04
   1.5505862E+03   6.8610000E+03   5.9110000E+03   1.2696238E-04   1.4085831E-04
   1.5505937E+03   6.9990000E+03   6.0120000E+03   1.1294172E-04   7.7617660E-05
   1.5506012E+03   7.1600000E+03   6.1170000E+03   1.8572846E-04   2.4078675E-04
   1.5506087E+03   7.3270000E+03   6.2470000E+03   7.4317314E-05   8.1693135E-05
   1.5506163E+03   7.3280000E+03   6.3010000E+03   6.8822965E-05   9.7533698E-05
   1.5506238E+03   7.5080000E+03   6.3890000E+03   1.1101174E-04   1.3551675E-04
   1.5506313E+03   7.6590000E+03   6.5510000E+03   3.8509843E-05   5.2953595E-05
   1.5506389E+03   7.8850000E+03   6.6760000E+03   1.4801827E-04   1.8388768E-04
   1.5506464E+03   8.1840000E+03   6.9070000E+03   1.1244624E-04   1.4077186E-04
   1.5506539E+03   8.0770000E+03   6.7670000E+03   1.9177307E-04   1.6636385E-04
   1.5506614E+03   8.3500000E+03   7.0040000E+03   8.9916777E-05   7.4414792E-05
   1.5506690E+03   8.4060000E+03   6.9510000E+03   2.4726641E-04   1.4726232E-04
   1.5506765E+03   8.6640000E+03   7.2200000E+03   1.7810726E-04   1.2876927E-04
   1.5506840E+03   8.8950000E+03   7.3780000E+03   9.1188150E-05   1.5125572E-04
   1.5506916E+03   9.2000000E+03   7.5990000E+03   9.9824841E-05   4.7458207E-05
   1.5506991E+03   9.2580000E+03   7.6300000E+03   1.8431569E-04   2.0740840E-04
   1.5507066E+03   9.2900000E+03   7.6590000E+03   2.3756759E-04   2.1443128E-04
   1.5507141E+03   9.5370000E+03   7.7660000E+03   3.2394046E-04   4.3828027E-04
   1.5507217E+03   9.9200000E+03   8.0500000E+03   1.1001294E-04   1.6128281E-04
   1.5507292E+03   1.0248000E+04   8.3520000E+03   6.8999205E-05   7.6221923E-05
   1.5507367E+03   1.0291000E+04   8.3720000E+03   1.3560799E-04   9.5932772E-05
   1.5507443E+03   1.0599000E+04   8.6070000E+03   1.0534905E-05   1.2197075E-04
   1.5507518E+03   1.0766000E+04   8.7190000E+03   6.5117618E-05   7.6017312E-05
   1.5507593E+03   1.0827000E+04   8.7130000E+03   1.0768227E-04   1.3645926E-04
   1.5507668E+03   1.1101000E+04   9.0240000E+03   1.8731025E-04   2.3098611E-04
   1.5507744E+03   1.1433000E+04   9.2760000E+03   2.0437891E-04   1.3168611E-04
   1.5507819E+03   1.1524000E+04   9.3990000E+03   4.5092972E-05   8.5494515E-05
   1.5507894E+03   1.1673000E+04   9.5500000E+03   2.6676075E-04   1.6391831E-04
   1.5507970E+03   1.1875000E+04   9.6700000E+03   4.9363295E-05   5.6454391E-05
   1.5508045E+03   1.1927000E+04   9.7840000E+03   1.9818855E-05   7.6333763E-05
   1.5508120E+03   1.2319000E+04   1.0185000E+04   1.6017853E-04   1.2699769E-04
   1.5508195E+03   1.2519000E+04   1.0385000E+04   8.5723668E-05   5.3051007E-05
   1.5508271E+03   1.2674000E+04   1.0518000E+04   8.2041211E-05   8.4646229E-05
   1.5508346E+03   1.2833000E+04   1.0652000E+04   1.6941754E-04   1.3086261E-04
   1.5508421E+03   1.2869000E+04   1.0797000E+04   1.1410072E-04   1.5505423E-04
   1.5508497E+03   1.3017000E+04   1.0866000E+04   2.3191387E-04   1.8790669E-04
   1.5508572E+03   1.3230000E+04   1.1170000E+04   1.4779626E-04   1.3620483E-04
   1.5508647E+03   1.3648000E+04   1.1623000E+04   1.9302452E-04   1.3022222E-04
   1.5508722E+03   1.3655000E+04   1.1548000E+04   1.4421137E-04   1.8611678E-04
   1.5508798E+03   1.3696000E+04   1.1733000E+04   6.2156541E-05   9.5866869E-05
   1.5508873E+03   1.3740000E+04   1.1794000E+04   7.0195111E-05   9.6375802E-05
   1.5508948E+03   1.3851000E+04   1.1985000E+04   1.2521363E-04   1.3369378E-04
   1.5509024E+03   1.4293000E+04   1.2362000E+04   2.2234699E-04   1.7899410E-04
   1.5509099E+03   1.4302000E+04   1.2361000E+04   1.7905752E-04   2.1387362E-04
   1.5509174E+03   1.4397000E+04   1.2508000E+04   1.0691123E-04   1.0178348E-04
   1.5509249E+03   1.4561000E+04   1.2742000E+04   6.5601506E-05   8.6024608E-05
   1.5509325E+03   1.4434000E+04   1.2640000E+04   2.5147816E-04   1.0941703E-04
   1.5509400E+03   1.4860000E+04   1.3082000E+04   1.1337135E-04   1.0811260E-04
   1.5509475E+03   1.4758000E+04   1.2978000E+04   6.7904853E-05   5.9592655E-05
   1.5509551E+03   1.5053000E+04   1.3359000E+04   1.5075017E-04   1.0400315E-04
   1.5509626E+03   1.5316000E+04   1.3620000E+04   1.4230817E-04   1.0670249E-04
   1.5509701E+03   1.5293000E+04   1.3589000E+04   2.0084816E-05   2.3428787E-05
   1.5509776E+03   1.5230000E+04   1.3588000E+04   3.1282160E-05   1.7594184E-05
   1.5509852E+03   1.5574000E+04   1.3879000E+04   1.3803229E-04   1.6612293E-04
   1.5509927E+03   1.5317000E+04   1.3785000E+04   9.4648898E-05   9.0494058E-05
   1.5510002E+03   1.5694000E+04   1.4174000E+04   6.3622739E-05   9.5661323E-05
   1.5510078E+03   1.5964000E+04   1.4375000E+04   1.9874878E-04   1.5068764E-04
   1.5510153E+03   1.5734000E+04   1.4244000E+04   2.3093942E-04   1.9854669E-04
   1.5510228E+03   1.5730000E+04   1.4287000E+04   1.3859129E-04   7.3369442E-05
   1.5510303E+03   1.5987000E+04   1.4528000E+04   3.8872488E-05   8.1330308E-05
   1.5510379E+03   1.6045000E+04   1.4633000E+04   1.9136578E-04   1.1414631E-04
   1.5510454E+03   1.6055000E+04   1.4595000E+04   4.4302845E-05   7.2948994E-05
   1.5510529E+03   1.6188000E+04   1.4769000E+04   1.2430302E-04   1.2511304E-04
   1.5510604E+03   1.6270000E+04   1.4919000E+04   1.1845646E-04   1.3009902E-04
   1.5510680E+03   1.6324000E+04   1.4951000E+04   8.4678892E-05   1.2890583E-04
   1.5510755E+03   1.6456000E+04   1.5069000E+04   2.0375162E-04   2.6132106E-04
   1.5510830E+03   1.6541000E+04   1.5205000E+04   1.1546239E-04   1.4290819E-04
   1.5510906E+03   1.6638000E+04   1.5280000E+04   1.4686069E-04   1.2865300E-04
   1.5510981E+03   1.6668000E+04   1.5326000E+04   6.6442814E-05   3.2084110E-05
   1.5511056E+03   1.6610000E+04   1.5267000E+04   3.1609788E-05   9.2246934E-05
   1.5511131E+03   1.6841000E+04   1.5523000E+04   4.7860699E-05   8.8354033E-05
   1.5511207E+03   1.7055000E+04   1.5737000E+04   3.8539961E-05   4.3854020E-05
   1.5511282E+03   1.6987000E+04   1.5647000E+04   8.6830904E-05   1.0145302E-04
   1.5511357E+03   1.7076000E+04   1.5819000E+04   1.3037768E-04   1.3056801E-04
   1.5511433E+03   1.7007000E+04   1.5708000E+04   8.2247999E-05   4.4177347E-05
   1.5511508E+03   1.7143000E+04   1.5916000E+04   2.4050451E-04   2.2810091E-04
   1.5511583E+03   1.7342000E+04   1.6044000E+04   2.3481422E-04   2.4587846E-04
   1.5511658E+03   1.7389000E+04   1.6090000E+04   6.7797490E-05   2.3702102E-05
   1.5511734E+03   1.7509000E+04   1.6236000E+04   4.0670883E-05   9.2415720E-05
   1.5511809E+03   1.7449000E+04   1.6144000E+04   1.8009146E-04   1.1666772E-04
   1.5511884E+03   1.7303000E+04   1.6055000E+04   1.0226448E-04   4.8873907E-05
   1.5511960E+03   1.7523000E+04   1.6301000E+04   8.9233991E-05   1.2098163E-04
   1.5512035E+03   1.7963000E+04   1.6710000E+04   1.7525079E-04   2.3660899E-04
   1.5512110E+03   1.7839000E+04   1.6487000E+04   1.1039253E-04   1.1644441E-04
   1.5512185E+03   1.7976000E+04   1.6713000E+04   1.2993745E-05   2.3676702E-05
   1.5512261E+03   1.7872000E+04   1.6625000E+04   4.5885840E-05   8.3339949E-05
   1.5512336E+03   1.7932000E+04   1.6682000E+04   6.6675736E-05   7.0022631E-05
   1.5512411E+03   1.8034000E+04   1.6773000E+04   7.3046488E-05   1.0672201E-04
   1.5512487E+03   1.7948000E+04   1.6737000E+04   5.1550973E-05   7.0307801E-05
   1.5512562E+03   1.7988000E+04   1.6732000E+04   1.1274036E-04   1.2664136E-04
   1.5512637E+03   1.8212000E+04   1.6921000E+04   1.6994581E-05   6.2605151E-05
   1.5512712E+03   1.8235000E+04   1.6937000E+04   1.4082712E-04   1.4756771E-04
   1.5512788E+03   1.8262000E+04   1.7009000E+04   2.6754282E-04   1.8090954E-04
   1.5512863E+03   1.8213000E+04   1.6961000E+04   7.0966308E-05   5.7045961E-05
   1.5512938E+03   1.8502000E+04   1.7247000E+04   1.4881122E-04   1.5530515E-04
   1.5513014E+03   1.8355000E+04   1.7092000E+04   1.5745643E-04   1.9237747E-04
   1.5513089E+03   1.8794000E+04   1.7508000E+04   6.6876812E-05   6.5907518E-05
   1.5513164E+03   1.8501000E+04   1.7171000E+04   1.7719607E-04   1.5599287E-04
   1.5513239E+03   1.8466000E+04   1.7242000E+04   1.6312482E-04   1.4871376E-04
   1.5513315E+03   1.8738000E+04   1.7499000E+04   1.2979413E-04   1.3159904E-04
   1.5513390E+03   1.8670000E+04   1.7405000E+04   1.3473073E-04   1.2874260E-04
   1.5513465E+03   1.8739000E+04   1.7443000E+04   1.2012827E-04   1.1779094E-04
   1.5513541E+03   1.8549000E+04   1.7237000E+04   2.0415761E-05   1.2211762E-05
   1.5513616E+03   1.8946000E+04   1.7609000E+04   2.5511788E-05   2.5882078E-05
   1.5513691E+03   1.8985000E+04   1.7661000E+04   6.3401948E-05   9.9197876E-05
   1.5513766E+03   1.9096000E+04   1.7787000E+04   1.3172950E-04   1.6903406E-04
   1.5513842E+03   1.8940000E+04   1.7637000E+04   2.6273464E-04   2.4911182E-04
   1.5513917E+03   1.8957000E+04   1.7580000E+04   8.6459173E-05   1.0181266E-04
   1.5513992E+03   1.9305000E+04   1.7972000E+04   6.5552648E-05   7.6368676E-05
   1.5514068E+03   1.8871000E+04   1.7514000E+04   6.0341855E-05   4.7479357E-05
   1.5514143E+03   1.8918000E+04   1.7575000E+04   1.2307044E-04   1.3124449E-04
   1.5514218E+03   1.9061000E+04   1.7752000E+04   7.4689333E-05   9.8669071E-05
   1.5514293E+03   1.9438000E+04   1.8026000E+04   1.2311872E-04   1.2893527E-04
   1.5514369E+03   1.9233000E+04   1.7858000E+04   1.0095119E-04   1.4850213E-04
   1.5514444E+03   1.9500000E+04   1.8082000E+04   5.5246508E-05   3.1700257E-05
   1.5514519E+03   1.9242000E+04   1.7847000E+04   1.5304157E-04   1.2198276E-04
   1.5514595E+03   1.9334000E+04   1.7891000E+04   9.6097028E-05   1.0664819E-04
   1.5514670E+03   1.9464000E+04   1.8091000E+04   2.0665952E-04   1.9270697E-04
   1.5514745E+03   1.9539000E+04   1.8131000E+04   5.0800212E-05   6.3231526E-05
   1.5514820E+03   1.9318000E+04   1.7863000E+04   1.0264967E-04   8.8173963E-05
   1.5514896E+03   1.9554000E+04   1.8123000E+04   4.4819401E-05   4.2658507E-05
   1.5514971E+03   1.9603000E+04   1.8070000E+04   9.0402405E-05   4.2693263E-05
   1.5515046E+03   1.9332000E+04   1.7878000E+04   6.4417077E-05   5.1121915E-05
   1.5515122E+03   1.9373000E+04   1.7935000E+04   1.4629219E-04   1.4588418E-04
   1.5515197E+03   1.9396000E+04   1.7934000E+04   1.6795231E-04   1.6148993E-04
   1.5515272E+03   1.9562000E+04   1.8110000E+04   7.4319724E-05   7.4460088E-05
   1.5515347E+03   1.9451000E+04   1.7936000E+04   6.8824087E-05   7.2406060E-05
   1.5515423E+03   1.9648000E+04   1.8116000E+04   2.3842995E-04   2.4285638E-04
   1.5515498E+03   1.9489000E+04   1.8012000E+04   1.0929083E-04   1.3274862E-04
   1.5515573E+03   1.9907000E+04   1.8331000E+04   2.1905838E-04   2.0401986E-04
   1.5515648E+03   1.9801000E+04   1.8215000E+04   1.2596986E-04   1.3700436E-04
   1.5515724E+03   1.9729000E+04   1.8105000E+04   6.3113987E-05   5.0747068E-05
   1.5515799E+03   1.9798000E+04   1.8197000E+04   2.5075467E-04   2.6544840E-04
   1.5515874E+03   1.9937000E+04   1.8288000E+04   2.1203632E-04   2.2832214E-04
   1.5515950E+03   1.9707000E+04   1.8056000E+04   8.3754908E-05   1.3258356E-04
   1.5516025E+03   1.9706000E+04   1.8022000E+04   8.0556905E-05   8.8683218E-05
   1.5516100E+03   1.9487000E+04   1.7851000E+04   1.5682162E-04   1.7083072E-04
   1.5516175E+03   1.9792000E+04   1.8087000E+04   2.3775842E-04   2.6162012E-04
   1.5516251E+03   1.9843000E+04   1.8168000E+04   2.5789625E-05   3.7715992E-05
   1.5516326E+03   1.9663000E+04   1.7927000E+04   1.9181316E-04   2.0962734E-04
   1.5516401E+03   1.9483000E+04   1.7706000E+04   1.5545956E-04   1.4885227E-04
   1.5516477E+03   1.9628000E+04   1.7895000E+04   1.0606544E-04   1.0583924E-04
   1.5516552E+03   1.9622000E+04   1.7848000E+04   2.1160838E-04   2.3341880E-04
   1.5516627E+03   1.9636000E+04   1.7827000E+04   6.2207536E-05   8.3572703E-05
   1.5516702E+03   1.9819000E+04   1.7957000E+04   5.0383267E-05   6.8144280E-05
   1.5516778E+03   1.9705000E+04   1.7805000E+04   4.5515455E-05   3.7132903E-05
   1.5516853E+03   1.9715000E+04   1.7788000E+04   4.5352852E-05   5.1798556E-05
   1.5516928E+03   1.9623000E+04   1.7669000E+04   3.3209489E-05   2.9746463E-05
   1.5517004E+03   1.9818000E+04   1.7822000E+04   1.0918988E-04   1.3034246E-04
   1.5517079E+03   1.9561000E+04   1.7560000E+04   1.3713608E-04   1.5557218E-04
   1.5517154E+03   1.9248000E+04   1.7265000E+04   9.5981108E-05   9.6147837E-05
   1.5517229E+03   1.9416000E+04   1.7305000E+04   1.4879526E-04   1.4565981E-04
   1.5517305E+03   1.9390000E+04   1.7280000E+04   1.2970604E-04   1.3781496E-04
   1.5517380E+03   1.9378000E+04   1.7232000E+04   2.7266387E-04   2.9515727E-04
   1.5517455E+03   1.9262000E+04   1.7135000E+04   1.4368933E-04   1.3576960E-04
   1.5517531E+03   1.9196000E+04   1.7032000E+04   1.6699719E-04   1.6090359E-04
   1.5517606E+03   1.9209000E+04   1.6978000E+04   1.0432017E-04   9.8348017E-05
   1.5517681E+03   1.8981000E+04   1.6781000E+04   1.6244398E-04   1.7582290E-04
   1.5517756E+03   1.8908000E+04   1.6572000E+04   3.9735195E-05   5.9980270E-05
   1.5517832E+03   1.8966000E+04   1.6636000E+04   1.6467102E-04   1.9327368E-04
   1.5517907E+03   1.8624000E+04   1.6323000E+04   2.7387227E-05   3.0999291E-05
   1.5517982E+03   1.8912000E+04   1.6490000E+04   4.4752426E-05   9.1271898E-05
   1.5518058E+03   1.8492000E+04   1.6103000E+04   6.7238905E-05   9.7518022E-05
   1.5518133E+03   1.8328000E+04   1.5754000E+04   1.0586351E-04   1.1143973E-04
   1.5518208E+03   1.8298000E+04   1.5726000E+04   1.6182923E-04   1.9001688E-04
   1.5518283E+03   1.8328000E+04   1.5657000E+04   2.1064815E-04   2.0037936E-04
   1.5518359E+03   1.8500000E+04   1.5828000E+04   1.9501588E-04   2.2736851E-04
   1.5518434E+03   1.8158000E+04   1.5550000E+04   1.9555833E-05   1.0690666E-05
   1.5518509E+03   1.7875000E+04   1.5148000E+04   2.4063304E-04   2.3924199E-04
   1.5518585E+03   1.7712000E+04   1.5042000E+04   1.0270866E-04   1.2004906E-04
   1.5518660E+03   1.7585000E+04   1.4914000E+04   6.5733254E-05   8.1842959E-05
   1.5518735E+03   1.7432000E+04   1.4722000E+04   2.7083915E-04   3.4032293E-04
   1.5518810E+03   1.7407000E+04   1.4812000E+04   1.8073136E-04   2.1821669E-04
   1.5518886E+03   1.7237000E+04   1.4462000E+04   9.5914455E-05   1.0611255E-04
   1.5518961E+03   1.7261000E+04   1.4516000E+04   2.5371829E-04   2.9731317E-04
   1.5519036E+03   1.7032000E+04   1.4286000E+04   1.4430775E-04   1.5552562E-04
   1.5519112E+03   1.6967000E+04   1.4216000E+04   1.4583832E-04   1.8150372E-04
   1.5519187E+03   1.6500000E+04   1.3836000E+04   2.6572059E-04   3.0844984E-04
   1.5519262E+03   1.6561000E+04   1.3868000E+04   2.1586559E-04   3.2058707E-04
   1.5519337E+03   1.6191000E+04   1.3504000E+04   6.9790795E-05   1.0811950E-04
   1.5519413E+03   1.6060000E+04   1.3416000E+04   9.0130381E-05   9.2474351E-05
   1.5519488E+03   1.5759000E+04   1.3142000E+04   1.3513597E-04   1.7122304E-04
   1.5519563E+03   1.5711000E+04   1.3115000E+04   2.0914009E-04   2.2257982E-04
   1.5519638E+03   1.5527000E+04   1.2977000E+04   1.3007994E-04   9.9572290E-05
   1.5519714E+03   1.5334000E+04   1.2803000E+04   2.4211963E-04   2.8497229E-04
   1.5519789E+03   1.5144000E+04   1.2564000E+04   3.0567548E-04   4.3538701E-04
   1.5519864E+03   1.5133000E+04   1.2663000E+04   1.4361170E-04   1.9117811E-04
   1.5519940E+03   1.4691000E+04   1.2257000E+04   2.4929905E-04   2.5315222E-04
   1.5520015E+03   1.4448000E+04   1.2111000E+04   1.1183425E-04   1.7164769E-04
   1.5520090E+03   1.4435000E+04   1.2070000E+04   3.7066224E-04   3.9786212E-04
   1.5520165E+03   1.4152000E+04   1.1885000E+04   1.0164336E-04   1.2033578E-04
   1.5520241E+03   1.4006000E+04   1.1748000E+04   9.4052249E-05   9.2565526E-05
   1.5520316E+03   1.3693000E+04   1.1472000E+04   1.5477431E-04   2.0886614E-04
   1.5520391E+03   1.3845000E+04   1.1646000E+04   2.8372613E-04   3.1269789E-04
   1.5520467E+03   1.3710000E+04   1.1520000E+04   1.2953547E-04   1.0152192E-04
   1.5520542E+03   1.3619000E+04   1.1517000E+04   2.1305620E-04   2.2761196E-04
   1.5520617E+03   1.3361000E+04   1.1303000E+04   1.8544705E-04   1.5790801E-04
   1.5520692E+03   1.2988000E+04   1.0967000E+04   1.3489028E-04   7.7884246E-05
   1.5520768E+03   1.2708000E+04   1.0775000E+04   5.0083444E-04   5.7036191E-04
   1.5520843E+03   1.2883000E+04   1.0858000E+04   3.3484660E-04   3.7656961E-04
   1.5520918E+03   1.2477000E+04   1.0605000E+04   3.6532414E-04   4.2304375E-04
   1.5520994E+03   1.2476000E+04   1.0587000E+04   2.9308628E-04   3.0308181E-04
   1.5521069E+03   1.2098000E+04   1.0246000E+04   1.2670841E-04   1.3299871E-04
   1.5521144E+03   1.2197000E+04   1.0326000E+04   2.2283359E-04   2.9352892E-04
   1.5521219E+03   1.1947000E+04   1.0165000E+04   2.8637025E-04   3.4203893E-04
   1.5521295E+03   1.1681000E+04   9.9420000E+03   2.8043729E-04   3.2313135E-04
   1.5521370E+03   1.1701000E+04   9.8980000E+03   2.2680801E-04   2.0232045E-04
   1.5521445E+03   1.1545000E+04   9.8720000E+03   7.4989743E-05   6.1688946E-05
   1.5521521E+03   1.1434000E+04   9.7340000E+03   1.1100310E-04   1.7028346E-04
   1.5521596E+03   1.1252000E+04   9.6360000E+03   2.4650173E-04   3.2919367E-04
   1.5521671E+03   1.1178000E+04   9.4830000E+03   2.3444336E-04   2.8189082E-04
   1.5521746E+03   1.1012000E+04   9.4220000E+03   1.1585944E-04   1.3583396E-04
   1.5521822E+03   1.0981000E+04   9.3380000E+03   2.4899137E-04   2.6373316E-04
   1.5521897E+03   1.0703000E+04   9.1800000E+03   7.2521371E-05   1.0928667E-04
   1.5521972E+03   1.0498000E+04   8.9660000E+03   2.1444774E-04   1.8849974E-04
   1.5522048E+03   1.0489000E+04   8.8850000E+03   1.6327492E-04   2.0376598E-04
   1.5522123E+03   1.0223000E+04   8.6600000E+03   5.1453649E-04   7.4757396E-04
   1.5522198E+03   1.0375000E+04   8.7690000E+03   4.7239704E-04   5.2329347E-04
   1.5522273E+03   1.0358000E+04   8.7920000E+03   2.5191081E-04   3.1155960E-04
   1.5522349E+03   1.0046000E+04   8.5920000E+03   3.6852694E-04   3.4310161E-04
   1.5522424E+03   9.7620000E+03   8.3290000E+03   2.3502623E-04   3.1068612E-04
   1.5522499E+03   9.9090000E+03   8.4760000E+03   1.9557208E-04   1.4908062E-04
   1.5522575E+03   9.8790000E+03   8.3890000E+03   7.1836000E-05   7.8830775E-05
   1.5522650E+03   9.5140000E+03   8.1030000E+03   4.6303961E-04   4.6819122E-04
   1.5522725E+03   9.3080000E+03   7.9460000E+03   1.4031376E-04   1.4367745E-04
   1.5522800E+03   9.2970000E+03   7.8020000E+03   4.1398489E-04   4.6252236E-04
   1.5522876E+03   9.2890000E+03   7.9000000E+03   3.4135464E-04   3.6365521E-04
   1.5522951E+03   9.0840000E+03   7.7250000E+03   3.0375733E-05   6.2131446E-05
   1.5523026E+03   8.9200000E+03   7.5820000E+03   2.7383252E-04   2.6303533E-04
   1.5523102E+03   9.0570000E+03   7.6370000E+03   2.7522527E-04   3.3867178E-04
   1.5523177E+03   9.0150000E+03   7.6650000E+03   6.9379050E-05   2.1943373E-04
   1.5523252E+03   8.6720000E+03   7.3180000E+03   4.7232983E-04   4.8316856E-04
   1.5523327E+03   8.4700000E+03   7.1240000E+03   1.1627431E-04   1.8237745E-04
   1.5523403E+03   8.4810000E+03   7.1930000E+03   1.8763490E-04   1.1479505E-04
   1.5523478E+03   8.3820000E+03   7.0730000E+03   2.7920403E-04   4.1181924E-04
   1.5523553E+03   8.2990000E+03   7.0210000E+03   5.5626159E-04   5.8143337E-04
   1.5523629E+03   8.1180000E+03   6.8260000E+03   1.7721566E-04   2.6865087E-04
   1.5523704E+03   8.0310000E+03   6.7720000E+03   3.7857878E-04   4.9056630E-04
   1.5523779E+03   7.9360000E+03   6.7090000E+03   3.0283357E-04   2.2247757E-04
   1.5523854E+03   7.9000000E+03   6.6350000E+03   4.4244876E-04   4.4617513E-04
   1.5523930E+03   7.6240000E+03   6.4590000E+03   3.2575035E-04   4.4617062E-04
   1.5524005E+03   7.5300000E+03   6.3440000E+03   2.1009734E-04   1.4810370E-04
   1.5524080E+03   7.6460000E+03   6.4260000E+03   3.2926917E-04   4.6128959E-04
   1.5524155E+03   7.5930000E+03   6.3410000E+03   4.1802697E-04   3.7896206E-04
   1.5524231E+03   7.3520000E+03   6.1630000E+03   2.6239337E-04   3.2123062E-04
   1.5524306E+03   7.1390000E+03   5.9280000E+03   3.4241162E-04   5.1958096E-04
   1.5524381E+03   7.0520000E+03   5.9280000E+03   3.6132678E-04   4.1046322E-04
   1.5524457E+03   6.9720000E+03   5.8170000E+03   6.9302038E-04   6.4960806E-04
   1.5524532E+03   6.8990000E+03   5.6950000E+03   9.8342472E-05   1.6638102E-04
   1.5524607E+03   6.8820000E+03   5.7460000E+03   1.4094259E-04   1.3636859E-04
   1.5524682E+03   6.7080000E+03   5.5750000E+03   1.2440261E-04   1.8927068E-04
   1.5524758E+03   6.7210000E+03   5.6100000E+03   2.7799521E-04   3.4541333E-04
   1.5524833E+03   6.5560000E+03   5.4590000E+03   3.3762960E-04   2.7296900E-04
   1.5524908E+03   6.5850000E+03   5.4960000E+03   4.6249521E-04   4.7048308E-04
   1.5524984E+03   6.3750000E+03   5.2960000E+03   1.7374242E-04   2.6671751E-04
   1.5525059E+03   6.3010000E+03   5.2100000E+03   9.9988523E-05   1.8612719E-04
   1.5525134E+03   6.2160000E+03   5.1530000E+03   5.4756514E-04   5.2624278E-04
   1.5525209E+03   5.9640000E+03   4.9880000E+03   1.3307040E-04   1.7971170E-04
   1.5525285E+03   6.0830000E+03   5.0990000E+03   4.8581012E-04   4.4311198E-04
   1.5525360E+03   5.8160000E+03   4.8830000E+03   3.4528990E-04   4.0943269E-04
   1.5525435E+03   5.8490000E+03   4.9230000E+03   1.3329674E-04   1.6596265E-04
   1.5525511E+03   5.9250000E+03   4.9880000E+03   1.6794131E-04   3.2049386E-04
   1.5525586E+03   5.7380000E+03   4.8330000E+03   6.4685413E-05   1.3954332E-04
   1.5525661E+03   5.5460000E+03   4.6580000E+03   2.7171106E-04   2.0301266E-04
   1.5525736E+03   5.7050000E+03   4.8080000E+03   2.4921727E-04   3.4430841E-04
   1.5525812E+03   5.5580000E+03   4.6770000E+03   4.6941605E-04   4.7616145E-04
   1.5525887E+03   5.5250000E+03   4.6410000E+03   4.8613839E-04   5.6803124E-04
   1.5525962E+03   5.4060000E+03   4.5540000E+03   4.7685943E-04   5.0309596E-04
   1.5526038E+03   5.4000000E+03   4.6100000E+03   2.9070120E-04   1.9295716E-04
   1.5526113E+03   5.3720000E+03   4.5800000E+03   6.5138608E-04   6.3845154E-04
   1.5526188E+03   5.3620000E+03   4.6230000E+03   8.0694736E-04   7.4328620E-04
   1.5526263E+03   5.2210000E+03   4.4740000E+03   5.6998190E-04   6.5957024E-04
   1.5526339E+03   5.2560000E+03   4.5240000E+03   2.2273005E-04   1.8389413E-04
   1.5526414E+03   5.2110000E+03   4.4810000E+03   2.2727903E-04   2.6431989E-04
   1.5526489E+03   5.1390000E+03   4.3800000E+03   1.7463735E-04   1.3723761E-04
   1.5526565E+03   5.1100000E+03   4.3950000E+03   1.5569105E-04   1.3779137E-04
   1.5526640E+03   5.0890000E+03   4.3850000E+03   5.6635488E-04   6.7173014E-04
   1.5526715E+03   5.0270000E+03   4.3070000E+03   4.7235425E-04   3.0628023E-04
   1.5526790E+03   5.0430000E+03   4.3930000E+03   4.3962554E-04   5.1645686E-04
   1.5526866E+03   4.9490000E+03   4.3100000E+03   1.7981968E-04   1.9407505E-04
   1.5526941E+03   4.9930000E+03   4.3180000E+03   6.5225515E-04   7.5422685E-04
   1.5527016E+03   5.0160000E+03   4.3090000E+03   2.1987826E-04   1.7558370E-04
   1.5527092E+03   5.0870000E+03   4.3560000E+03   5.1462970E-04   4.3559864E-04
   1.5527167E+03   5.0430000E+03   4.3770000E+03   8.0524472E-04   9.0511042E-04
   1.5527242E+03   4.9760000E+03   4.2910000E+03   2.7101390E-04   1.4891795E-04
   1.5527317E+03   4.9580000E+03   4.2650000E+03   4.0891901E-04   3.2540050E-04
   1.5527393E+03   4.8670000E+03   4.2210000E+03   4.6910962E-05   2.0580197E-04
   1.5527468E+03   4.9280000E+03   4.2500000E+03   7.3272252E-04   8.3110858E-04
   1.5527543E+03   4.9000000E+03   4.2370000E+03   4.9772421E-04   4.3100914E-04
   1.5527619E+03   4.7980000E+03   4.1380000E+03   8.2182314E-04   9.8963665E-04
   1.5527694E+03   4.9590000E+03   4.3200000E+03   4.4263053E-04   4.5399256E-04
   1.5527769E+03   4.7630000E+03   4.1540000E+03   2.4378991E-04   3.0205714E-04
   1.5527844E+03   4.7490000E+03   4.1060000E+03   6.0666555E-04   3.0646174E-04
   1.5527920E+03   4.7880000E+03   4.1310000E+03   2.7106836E-04   4.1401007E-04
   1.5527995E+03   4.9080000E+03   4.3050000E+03   7.8350112E-04   9.3360031E-04
   1.5528070E+03   4.7440000E+03   4.1050000E+03   9.6229615E-04   1.0788192E-03
   1.5528146E+03   4.7240000E+03   4.0870000E+03   4.7184369E-04   5.5093716E-04
   1.5528221E+03   4.7730000E+03   4.1610000E+03   2.8594671E-04   1.7714436E-04
   1.5528296E+03   4.7010000E+03   4.1250000E+03   2.3940967E-04   2.9604648E-04
   1.5528371E+03   4.7700000E+03   4.1490000E+03   2.8120682E-04   3.3298147E-04
   1.5528447E+03   4.6890000E+03   4.1170000E+03   4.3841733E-04   3.8330596E-04
   1.5528522E+03   4.7110000E+03   4.1230000E+03   2.1500519E-04   3.8069513E-04
   1.5528597E+03   4.7020000E+03   4.1080000E+03   7.8246687E-04   8.4246627E-04
   1.5528673E+03   4.7230000E+03   4.0940000E+03   2.6664510E-04   1.6599734E-04
   1.5528748E+03   4.6250000E+03   4.0020000E+03   2.5226903E-04   2.7872453E-04
   1.5528823E+03   4.7530000E+03   4.1310000E+03   5.7033472E-04   6.0378147E-04
   1.5528898E+03   4.5720000E+03   3.9540000E+03   2.6893947E-04   3.2769701E-04
   1.5528974E+03   4.6360000E+03   4.0390000E+03   2.9442462E-04   2.2791169E-04
   1.5529049E+03   4.5460000E+03   3.9540000E+03   7.0096520E-04   6.1045147E-04
   1.5529124E+03   4.6040000E+03   4.0190000E+03   2.7015941E-04   4.0936907E-04
   1.5529199E+03   4.4780000E+03   3.9230000E+03   2.1451628E-04   2.0047627E-04
   1.5529275E+03   4.7700000E+03   4.1220000E+03   1.7149037E-04   4.3733080E-04
   1.5529350E+03   4.5040000E+03   3.9280000E+03   3.4717012E-04   3.9923571E-04
   1.5529425E+03   4.5260000E+03   3.9500000E+03   7.2547010E-04   8.6163309E-04
   1.5529501E+03   4.6210000E+03   4.0020000E+03   1.3631989E-04   2.6193103E-05
   1.5529576E+03   4.4000000E+03   3.8120000E+03   4.3480479E-04   4.4247202E-04
   1.5529651E+03   4.5640000E+03   3.9590000E+03   7.2625676E-04   5.6710401E-04
   1.5529726E+03   4.5280000E+03   3.9610000E+03   1.3841502E-04   1.5113997E-04
   1.5529802E+03   4.4190000E+03   3.8610000E+03   6.2664012E-04   6.1682245E-04
   1.5529877E+03   4.4930000E+03   3.9660000E+03   5.3130263E-04   5.2675623E-04
   1.5529952E+03   4.5340000E+03   3.9500000E+03   5.1162203E-04   3.4727414E-04
   1.5530028E+03   4.4260000E+03   3.8370000E+03   2.2660243E-04   1.5895582E-04
   1.5530103E+03   4.4830000E+03   3.8540000E+03   4.7347246E-05   6.4936166E-05
   1.5530178E+03   4.5410000E+03   3.9330000E+03   4.5727171E-04   5.6678493E-04
   1.5530253E+03   4.3340000E+03   3.7950000E+03   3.4614536E-04   2.5963276E-04
   1.5530329E+03   4.5430000E+03   3.9890000E+03   3.4429273E-04   3.6222523E-04
   1.5530404E+03   4.3650000E+03   3.7820000E+03   4.3051280E-04   6.4178758E-04
   1.5530479E+03   4.4300000E+03   3.8670000E+03   5.1611308E-04   5.8027328E-04
   1.5530555E+03   4.3000000E+03   3.7130000E+03   3.9881870E-04   3.1078032E-04
   1.5530630E+03   4.4950000E+03   3.9140000E+03   2.7833378E-04   2.6459823E-04
   1.5530705E+03   4.3080000E+03   3.7390000E+03   2.6005849E-04   8.2926621E-05
   1.5530780E+03   4.3630000E+03   3.8020000E+03   4.1202758E-04   4.8147197E-04
   1.5530856E+03   4.1470000E+03   3.6130000E+03   5.1365509E-04   2.5069721E-04
   1.5530931E+03   4.2970000E+03   3.7430000E+03   2.0517290E-04   1.9205438E-04
   1.5531006E+03   4.3060000E+03   3.7120000E+03   4.5361556E-04   5.2870764E-04
   1.5531082E+03   4.2670000E+03   3.6940000E+03   3.1237074E-04   3.6082456E-04
   1.5531157E+03   4.2470000E+03   3.7180000E+03   3.6967877E-04   4.1689410E-04
   1.5531232E+03   4.2560000E+03   3.7350000E+03   6.2636639E-04   6.5465231E-04
   1.5531307E+03   4.2270000E+03   3.6950000E+03   5.1625662E-04   4.6330410E-04
   1.5531383E+03   4.2310000E+03   3.6950000E+03   6.8729898E-05   8.5717151E-05
   1.5531458E+03   4.1850000E+03   3.6580000E+03   1.5648591E-04   1.7903040E-04
   1.5531533E+03   4.2250000E+03   3.6490000E+03   4.7576875E-05   6.0632018E-05
   1.5531609E+03   4.1980000E+03   3.6550000E+03   3.5181857E-04   4.1055020E-04
   1.5531684E+03   4.2210000E+03   3.6400000E+03   2.8114465E-04   3.0048737E-04
   1.5531759E+03   4.1940000E+03   3.6760000E+03   2.8385272E-04   3.2385156E-04
   1.5531834E+03   4.1890000E+03   3.6730000E+03   3.6924665E-04   4.2801550E-04
   1.5531910E+03   4.1730000E+03   3.6220000E+03   6.3684950E-05   6.4227096E-05
   1.5531985E+03   4.0900000E+03   3.5940000E+03   1.5906046E-04   1.6213388E-04
   1.5532060E+03   4.1650000E+03   3.5980000E+03   6.7627950E-04   7.8285273E-04
   1.5532136E+03   4.1210000E+03   3.5730000E+03   6.3867647E-04   6.8645479E-04
   1.5532211E+03   4.2060000E+03   3.6390000E+03   3.2702133E-04   3.7797519E-04
   1.5532286E+03   4.1650000E+03   3.5830000E+03   6.4973638E-04   6.4578411E-04
   1.5532361E+03   4.0920000E+03   3.5680000E+03   3.4092700E-04   3.9500093E-04
   1.5532437E+03   4.1340000E+03   3.6460000E+03   5.0134498E-05   2.5768129E-04
   1.5532512E+03   4.1160000E+03   3.5750000E+03   2.0312507E-04   2.0705566E-04
   1.5532587E+03   4.0290000E+03   3.5190000E+03   5.8129372E-04   5.9229937E-04
   1.5532663E+03   4.0830000E+03   3.5320000E+03   4.0487298E-04   4.7026820E-04
   1.5532738E+03   4.0890000E+03   3.5670000E+03   1.7895700E-04   2.3837413E-04
   1.5532813E+03   4.0150000E+03   3.4870000E+03   3.3517364E-04   3.9809822E-04
   1.5532888E+03   4.0520000E+03   3.5250000E+03   3.4140180E-04   4.9462608E-04
   1.5532964E+03   4.0280000E+03   3.4960000E+03   2.4767242E-04   2.8536170E-04
   1.5533039E+03   3.9930000E+03   3.4780000E+03   2.0338150E-04   3.6288689E-04
   1.5533114E+03   3.9960000E+03   3.4520000E+03   8.0314375E-05   1.3780094E-04
   1.5533189E+03   4.0500000E+03   3.5400000E+03   8.4425408E-04   8.6128728E-04
   1.5533265E+03   3.9020000E+03   3.3830000E+03   4.3761233E-04   5.8611710E-04
   1.5533340E+03   3.9000000E+03   3.3760000E+03   4.2026219E-04   4.6342811E-04
   1.5533415E+03   4.0890000E+03   3.5770000E+03   6.2478189E-04   7.5138148E-04
   1.5533491E+03   4.0180000E+03   3.4670000E+03   3.6432074E-04   4.1947779E-04
   1.5533566E+03   3.8090000E+03   3.3000000E+03   1.1763092E-04   2.1051613E-04
   1.5533641E+03   4.0010000E+03   3.4810000E+03   2.8982143E-04   2.9428915E-04
   1.5533716E+03   3.8540000E+03   3.3240000E+03   1.7589628E-04   1.9330911E-04
   1.5533792E+03   3.8940000E+03   3.3860000E+03   3.4470405E-04   2.7239628E-04
   1.5533867E+03   3.9170000E+03   3.4070000E+03   1.6515742E-04   1.5142551E-04
   1.5533942E+03   3.9530000E+03   3.4600000E+03   1.0389442E-04   1.1869787E-04
   1.5534018E+03   3.9260000E+03   3.3990000E+03   1.8968664E-04   2.0660098E-04
   1.5534093E+03   3.9070000E+03   3.3810000E+03   1.6679367E-04   1.9274264E-04
   1.5534168E+03   3.8540000E+03   3.3620000E+03   3.5446362E-04   5.4773948E-04
   1.5534243E+03   3.8220000E+03   3.3380000E+03   2.1355549E-04   2.0189341E-04
   1.5534319E+03   3.8590000E+03   3.3660000E+03   4.7339586E-04   4.9976993E-04
   1.5534394E+03   3.7890000E+03   3.2580000E+03   4.8896958E-04   5.7891956E-04
   1.5534469E+03   3.7410000E+03   3.2530000E+03   3.3292948E-04   4.0687425E-04
   1.5534545E+03   3.7720000E+03   3.2770000E+03   1.5753419E-04   1.4443150E-04
   1.5534620E+03   3.7210000E+03   3.1990000E+03   2.9901175E-04   3.4780329E-04
   1.5534695E+03   3.7120000E+03   3.2480000E+03   3.7863640E-04   4.3350958E-04
   1.5534770E+03   3.7560000E+03   3.2750000E+03   3.6072874E-04   5.4683615E-04
   1.5534846E+03   3.6610000E+03   3.1860000E+03   1.5921909E-05   1.5006136E-04
   1.5534921E+03   3.7010000E+03   3.2040000E+03   1.2689609E-04   1.4658003E-04
   1.5534996E+03   3.7690000E+03   3.2760000E+03   1.1999642E-04   5.7165352E-05
   1.5535072E+03   3.6330000E+03   3.1330000E+03   2.8621321E-04   3.3189039E-04
   1.5535147E+03   3.7030000E+03   3.2680000E+03   4.5015657E-04   4.3931786E-04
   1.5535222E+03   3.6740000E+03   3.1780000E+03   4.1620681E-04   4.9898255E-04
   1.5535297E+03   3.7000000E+03   3.1850000E+03   3.7981645E-04   4.4123104E-04
   1.5535373E+03   3.5710000E+03   3.1000000E+03   5.5922328E-04   6.3995781E-04
   1.5535448E+03   3.6170000E+03   3.1550000E+03   2.9216157E-04   3.4626963E-04
   1.5535523E+03   3.6100000E+03   3.1480000E+03   9.3820818E-05   1.5591532E-04
   1.5535599E+03   3.6990000E+03   3.2560000E+03   4.5072524E-04   4.0210732E-04
   1.5535674E+03   3.6020000E+03   3.1070000E+03   5.0805576E-04   5.4378096E-04
   1.5535749E+03   3.7090000E+03   3.2360000E+03   3.6655823E-04   4.2013735E-04
   1.5535824E+03   3.5680000E+03   3.0480000E+03   4.6333955E-04   5.4238699E-04
   1.5535900E+03   3.5750000E+03   3.1000000E+03   5.1796212E-04   5.9732899E-04
   1.5535975E+03   3.6250000E+03   3.1260000E+03   2.8188603E-04   3.2688320E-04
   1.5536050E+03   3.5580000E+03   3.1030000E+03   3.6435877E-04   4.1778566E-04
   1.5536126E+03   3.5750000E+03   3.1320000E+03   5.2112121E-04   5.6416184E-04
   1.5536201E+03   3.5510000E+03   3.1070000E+03   1.1468671E-04   1.8964837E-04
   1.5536276E+03   3.5720000E+03   3.1310000E+03   2.4705161E-04   3.8990494E-04
   1.5536351E+03   3.5680000E+03   3.1110000E+03   3.3096428E-04   2.5763074E-04
   1.5536427E+03   3.5210000E+03   3.0610000E+03   3.0691012E-04   3.3404118E-04
   1.5536502E+03   3.4930000E+03   3.0290000E+03   4.3183710E-04   5.2759715E-04
   1.5536577E+03   3.4830000E+03   3.0340000E+03   3.8588250E-04   4.4298904E-04
   1.5536653E+03   3.4590000E+03   2.9900000E+03   2.7697494E-04   3.2042018E-04
   1.5536728E+03   3.3950000E+03   2.9510000E+03   3.4914443E-04   4.1673819E-04
   1.5536803E+03   3.4800000E+03   3.0650000E+03   4.0204025E-04   4.8691829E-04
   1.5536878E+03   3.4550000E+03   3.0210000E+03   1.8788036E-04   1.5625432E-04
   1.5536954E+03   3.3450000E+03   2.9230000E+03   1.9829052E-04   1.9692380E-04
   1.5537029E+03   3.4220000E+03   2.9650000E+03   2.3336717E-04   2.4952881E-04
   1.5537104E+03   3.4350000E+03   3.0040000E+03   3.2338327E-04   3.8253310E-04
   1.5537180E+03   3.3650000E+03   2.8990000E+03   2.9901726E-04   2.9638770E-04
   1.5537255E+03   3.3240000E+03   2.9210000E+03   2.2354885E-04   2.5439109E-04
   1.5537330E+03   3.3370000E+03   2.8900000E+03   2.1789273E-04   2.5159448E-04
   1.5537405E+03   3.2670000E+03   2.8690000E+03   3.1940315E-04   3.6560108E-04
   1.5537481E+03   3.3260000E+03   2.9090000E+03   6.4514974E-05   5.8172129E-05
   1.5537556E+03   3.2610000E+03   2.8550000E+03   4.9614957E-04   5.6670534E-04
   1.5537631E+03   3.2220000E+03   2.8150000E+03   6.4338666E-04   6.5151645E-04
   1.5537706E+03   3.3780000E+03   2.9270000E+03   1.5046358E-04   1.7364741E-04
   1.5537782E+03   3.3560000E+03   2.9330000E+03   4.0826607E-04   4.6714659E-04
   1.5537857E+03   3.2990000E+03   2.8570000E+03   2.6426322E-04   3.0514975E-04
   1.5537932E+03   3.3790000E+03   2.9360000E+03   7.7639804E-05   8.9354529E-05
   1.5538008E+03   3.2560000E+03   2.8400000E+03   4.3823093E-04   4.2686868E-04
   1.5538083E+03   3.2290000E+03   2.8290000E+03   2.1066427E-04   2.4045067E-04
   1.5538158E+03   3.3420000E+03   2.9240000E+03   4.4073594E-04   5.0374128E-04
   1.5538233E+03   3.2710000E+03   2.8880000E+03   1.6056420E-04   1.8185786E-04
   1.5538309E+03   3.2730000E+03   2.8470000E+03   1.4602461E-04   1.6787445E-04
   1.5538384E+03   3.2290000E+03   2.7880000E+03   2.6177241E-04   1.9498709E-04
   1.5538459E+03   3.2430000E+03   2.8140000E+03   2.2656742E-04   2.6110808E-04
   1.5538535E+03   3.1610000E+03   2.7630000E+03   3.7161733E-04   1.7674458E-04
   1.5538610E+03   3.2620000E+03   2.8390000E+03   8.8635904E-05   1.0184231E-04
   1.5538685E+03   3.2310000E+03   2.7990000E+03   4.6390827E-04   5.3550826E-04
   1.5538760E+03   3.0860000E+03   2.6710000E+03   5.0922981E-04   5.8835012E-04
   1.5538836E+03   3.0650000E+03   2.6600000E+03   1.7693300E-04   2.0387205E-04
   1.5538911E+03   3.0910000E+03   2.6990000E+03   4.6863587E-04   5.3670007E-04
   1.5538986E+03   3.0740000E+03   2.7210000E+03   1.3895486E-04   1.5698171E-04
   1.5539062E+03   3.2190000E+03   2.8160000E+03   2.6022131E-04   2.9746179E-04
   1.5539137E+03   3.1290000E+03   2.6880000E+03   4.2615183E-05   3.9046276E-05
   1.5539212E+03   3.1740000E+03   2.7430000E+03   1.6303952E-04   1.8865747E-04
   1.5539287E+03   3.1200000E+03   2.6930000E+03   5.7533426E-04   7.8657834E-04
   1.5539363E+03   3.0940000E+03   2.6720000E+03   4.4089092E-04   4.9571473E-04
   1.5539438E+03   3.1380000E+03   2.7260000E+03   3.0783337E-04   2.6519699E-04
   1.5539513E+03   3.0930000E+03   2.6660000E+03   1.7326967E-04   2.0102142E-04
   1.5539589E+03   3.1150000E+03   2.7370000E+03   2.9266298E-04   1.5772245E-04
   1.5539664E+03   3.1760000E+03   2.7400000E+03   3.1206620E-04   3.6172345E-04
   1.5539739E+03   3.0830000E+03   2.6840000E+03   2.0239728E-04   2.3248540E-04
   1.5539814E+03   3.0800000E+03   2.7090000E+03   2.9735940E-04   3.7961027E-04
   1.5539890E+03   3.1100000E+03   2.7000000E+03   8.4256840E-10   9.7051397E-10
   1.5539965E+03   2.9590000E+03   2.5650000E+03   4.2033475E-04   3.7335065E-04
   1.5540040E+03   3.1000000E+03   2.7030000E+03   1.7315288E-04   1.9858451E-04
   1.5540116E+03   2.9590000E+03   2.5810000E+03   8.0920800E-04   6.1981713E-04
   1.5540191E+03   2.9670000E+03   2.5560000E+03   1.0644314E-04   1.5569557E-04
   1.5540266E+03   2.9990000E+03   2.5920000E+03   2.4202153E-04   2.8002414E-04
   1.5540341E+03   2.9530000E+03   2.5500000E+03   6.6642727E-04   6.5255960E-04
   1.5540417E+03   2.9060000E+03   2.5240000E+03   2.6805401E-04   3.0862319E-04
   1.5540492E+03   2.9070000E+03   2.5210000E+03   1.3290718E-04   1.5325711E-04
   1.5540567E+03   2.9750000E+03   2.5770000E+03   2.7583734E-04   3.1843853E-04
   1.5540643E+03   2.9840000E+03   2.5620000E+03   3.2442418E-04   3.7786173E-04
   1.5540718E+03   2.9520000E+03   2.5690000E+03   7.6789333E-04   8.6597161E-04
   1.5540793E+03   2.9100000E+03   2.5430000E+03   4.4723341E-04   5.1177712E-04
   1.5540868E+03   3.0120000E+03   2.6270000E+03   4.8779927E-04   3.4253850E-04
   1.5540944E+03   2.9010000E+03   2.5170000E+03   2.0490713E-04   2.3616828E-04
   1.5541019E+03   2.8720000E+03   2.5160000E+03   2.7619705E-04   3.1527740E-04
   1.5541094E+03   2.8080000E+03   2.4220000E+03   4.4168658E-04   5.1207923E-04
   1.5541170E+03   2.8620000E+03   2.4880000E+03   4.7453319E-04   5.4586575E-04
   1.5541245E+03   2.8490000E+03   2.4840000E+03   4.8006464E-04   5.5060554E-04
   1.5541320E+03   2.8140000E+03   2.4500000E+03   3.9853148E-04   4.5774187E-04
   1.5541395E+03   2.8300000E+03   2.4480000E+03   1.1350059E-04   0.0000000E+00
   1.5541471E+03   2.7780000E+03   2.4130000E+03   3.2665203E-04   3.7606272E-04
   1.5541546E+03   2.7930000E+03   2.4100000E+03   0.0000000E+00   0.0000000E+00
   1.5541621E+03   2.9000000E+03   2.5030000E+03   5.2792115E-04   6.1165455E-04
   1.5541697E+03   2.8100000E+03   2.4640000E+03   6.3124734E-04   7.1988840E-04
   1.5541772E+03   2.8130000E+03   2.4510000E+03   4.0494774E-04   4.6475642E-04
   1.5541847E+03   2.8000000E+03   2.4320000E+03   2.0650508E-04   2.3775256E-04
   1.5541922E+03   2.7770000E+03   2.4320000E+03   1.4655192E-04   1.6734156E-04
   1.5541998E+03   2.8620000E+03   2.4990000E+03   2.3395475E-04   2.6793857E-04
   1.5542073E+03   2.8380000E+03   2.4540000E+03   7.1551606E-04   8.2747946E-04
   1.5542148E+03   2.7480000E+03   2.3590000E+03   4.4185706E-05   2.9770584E-06
   1.5542224E+03   2.7400000E+03   2.3530000E+03   2.3104919E-04   8.9590439E-05
   1.5542299E+03   2.7400000E+03   2.3990000E+03   2.9341746E-04   3.3512457E-04
   1.5542374E+03   2.7620000E+03   2.4120000E+03   6.8464142E-04   7.0289746E-04
   1.5542449E+03   2.6970000E+03   2.3630000E+03   1.6352112E-04   1.8663414E-04
   1.5542525E+03   2.6790000E+03   2.3920000E+03   2.5032655E-04   2.8036155E-04
   1.5542600E+03   2.6920000E+03   2.3380000E+03   8.9881095E-05   1.0349012E-04
   1.5542675E+03   2.7790000E+03   2.4330000E+03   2.0198355E-04   2.3070789E-04
   1.5542750E+03   2.7360000E+03   2.3850000E+03   2.8049586E-04   3.2177638E-04
   1.5542826E+03   2.6730000E+03   2.3060000E+03   2.6786395E-04   6.5856169E-05
   1.5542901E+03   2.6910000E+03   2.3150000E+03   1.7934449E-04   2.0847344E-04
   1.5542976E+03   2.7340000E+03   2.3600000E+03   4.0548578E-04   4.6974496E-04
   1.5543052E+03   2.6220000E+03   2.3090000E+03   3.5760694E-04   4.0608289E-04
   1.5543127E+03   2.6700000E+03   2.3150000E+03   2.4761458E-04   2.8558571E-04
   1.5543202E+03   2.6100000E+03   2.2770000E+03   6.1766078E-05   7.0799062E-05
   1.5543277E+03   2.6420000E+03   2.2790000E+03   0.0000000E+00   0.0000000E+00
   1.5543353E+03   2.6820000E+03   2.3570000E+03   7.8151434E-04   8.8927512E-04
   1.5543428E+03   2.6360000E+03   2.2490000E+03   2.4139882E-04   2.8293788E-04
   1.5543503E+03   2.6350000E+03   2.3040000E+03   4.9720016E-04   3.8565452E-04
   1.5543579E+03   2.5540000E+03   2.1900000E+03   7.2867598E-06   8.4978925E-06
   1.5543654E+03   2.6300000E+03   2.2800000E+03   1.6499028E-04   1.9031773E-04
   1.5543729E+03   2.6650000E+03   2.3180000E+03   1.8624692E-04   2.1412771E-04
   1.5543804E+03   2.5280000E+03   2.2120000E+03   5.2019014E-05   5.9450301E-05
   1.5543880E+03   2.5320000E+03   2.2190000E+03   6.1911390E-05   7.0644271E-05
   1.5543955E+03   2.4890000E+03   2.1560000E+03   2.4684071E-04   2.8496592E-04
   1.5544030E+03   2.5380000E+03   2.1800000E+03   2.5720097E-04   2.9943856E-04
   1.5544106E+03   2.4750000E+03   2.1730000E+03   2.8418534E-04   3.2368095E-04
   1.5544181E+03   2.4560000E+03   2.1510000E+03   4.3118696E-04   4.8573772E-04
   1.5544256E+03   2.5140000E+03   2.1990000E+03   2.5076903E-04   2.8669093E-04
   1.5544331E+03   2.4620000E+03   2.1730000E+03   1.6407308E-04   1.8589412E-04
   1.5544407E+03   2.4960000E+03   2.1640000E+03   3.0472024E-04   3.5147029E-04
   1.5544482E+03   2.4310000E+03   2.0830000E+03   1.7864150E-05   2.0848655E-05
   1.5544557E+03   2.4850000E+03   2.1630000E+03   4.8416696E-04   5.5624360E-04
   1.5544633E+03   2.4660000E+03   2.1290000E+03   3.9968554E-05   4.6295188E-05
   1.5544708E+03   2.4800000E+03   2.1830000E+03   2.5823525E-04   2.9336850E-04
   1.5544783E+03   2.4830000E+03   2.1650000E+03   4.0989524E-04   4.2447377E-04
   1.5544858E+03   2.4900000E+03   2.1370000E+03   9.6699876E-05   1.1666037E-04
   1.5544934E+03   2.3250000E+03   2.0300000E+03   3.9298579E-05   4.5009456E-05
   1.5545009E+03   2.4570000E+03   2.1430000E+03   7.2627359E-04   7.9552632E-04
   1.5545084E+03   2.4670000E+03   2.1050000E+03   2.2746057E-04   2.6657730E-04
   1.5545160E+03   2.4060000E+03   2.0830000E+03   3.0091304E-04   3.0521904E-04
   1.5545235E+03   2.3880000E+03   2.0840000E+03   8.9951390E-04   9.5950408E-04
   1.5545310E+03   2.3610000E+03   2.0570000E+03   3.5511885E-04   4.0760117E-04
   1.5545385E+03   2.3980000E+03   2.0710000E+03   8.2624625E-05   9.5670618E-05
   1.5545461E+03   2.3580000E+03   2.0760000E+03   4.0889251E-04   4.6443571E-04
   1.5545536E+03   2.3230000E+03   1.9980000E+03   3.4361185E-04   3.9950467E-04
   1.5545611E+03   2.3360000E+03   2.0340000E+03   0.0000000E+00   0.0000000E+00
   1.5545687E+03   2.4290000E+03   2.1290000E+03   3.9878245E-04   4.5497537E-04
   1.5545762E+03   2.3860000E+03   2.0880000E+03   5.9486823E-05   6.7976800E-05
   1.5545837E+03   2.2090000E+03   1.9410000E+03   6.3416406E-05   7.2172509E-05
   1.5545912E+03   2.2000000E+03   1.9370000E+03   4.5743157E-04   5.1954024E-04
   1.5545988E+03   2.2510000E+03   1.9740000E+03   3.2922868E-04   3.7542743E-04
   1.5546063E+03   2.4130000E+03   2.0900000E+03   4.8947538E-04   3.9172020E-04
   1.5546138E+03   2.3770000E+03   2.0580000E+03   2.9066292E-05   3.3571708E-05
   1.5546214E+03   2.2990000E+03   2.0130000E+03   0.0000000E+00   0.0000000E+00
   1.5546289E+03   2.2680000E+03   1.9630000E+03   2.3439639E-04   2.7081560E-04
   1.5546364E+03   2.2390000E+03   1.9130000E+03   1.8099128E-04   2.1183453E-04
   1.5546439E+03   2.2730000E+03   1.9930000E+03   1.9491707E-04   2.2230131E-04
   1.5546515E+03   2.2250000E+03   1.9210000E+03   5.2730720E-04   6.1075405E-04
   1.5546590E+03   2.2540000E+03   1.9820000E+03   1.2662937E-04   1.4400737E-04
   1.5546665E+03   2.2570000E+03   1.9660000E+03   2.4497662E-04   3.2675720E-04
   1.5546740E+03   2.1970000E+03   1.9140000E+03   0.0000000E+00   0.0000000E+00
   1.5546816E+03   2.1240000E+03   1.8350000E+03   3.5156304E-04   1.7991155E-04
   1.5546891E+03   2.1570000E+03   1.8840000E+03   1.6448125E-04   1.8831532E-04
   1.5546966E+03   2.1610000E+03   1.8810000E+03   1.4314641E-04   1.6445475E-04
   1.5547042E+03   2.1640000E+03   1.9010000E+03   4.4045636E-05   5.0139272E-05
   1.5547117E+03   2.0350000E+03   1.7410000E+03   0.0000000E+00   0.0000000E+00
   1.5547192E+03   2.2560000E+03   1.9640000E+03   4.0245228E-04   4.6228735E-04
   1.5547267E+03   2.1660000E+03   1.8690000E+03   0.0000000E+00   0.0000000E+00
   1.5547343E+03   2.1160000E+03   1.8500000E+03   5.9846828E-04   6.8451832E-04
   1.5547418E+03   2.1880000E+03   1.8930000E+03   2.3470705E-04   2.7128317E-04
   1.5547493E+03   2.1280000E+03   1.8770000E+03   1.7279203E-04   1.9589847E-04
   1.5547569E+03   2.0970000E+03   1.8110000E+03   6.2218373E-05   8.9611965E-05
   1.5547644E+03   2.1570000E+03   1.8730000E+03   5.1069745E-04   5.8813369E-04
   1.5547719E+03   2.1270000E+03   1.8410000E+03   0.0000000E+00   0.0000000E+00
   1.5547794E+03   2.0010000E+03   1.7350000E+03   0.0000000E+00   0.0000000E+00
   1.5547870E+03   2.1650000E+03   1.8800000E+03   1.0089911E-04   1.1619499E-04
   1.5547945E+03   2.0740000E+03   1.7790000E+03   3.7232221E-04   4.3406198E-04
   1.5548020E+03   2.0470000E+03   1.7820000E+03   4.2833752E-04   4.8535979E-04
   1.5548096E+03   1.9970000E+03   1.7320000E+03   0.0000000E+00   0.0000000E+00
   1.5548171E+03   2.1250000E+03   1.8780000E+03   0.0000000E+00   0.0000000E+00
   1.5548246E+03   2.1400000E+03   1.8650000E+03   4.0451408E-04   4.6416093E-04
   1.5548321E+03   2.1370000E+03   1.8860000E+03   5.2334840E-04   4.5181214E-04
   1.5548397E+03   2.0080000E+03   1.7600000E+03   5.2742490E-04   4.3722676E-04
   1.5548472E+03   2.1050000E+03   1.8000000E+03   3.9875512E-04   0.0000000E+00
   1.5548547E+03   1.9850000E+03   1.6960000E+03   4.2166243E-04   4.9351410E-04
   1.5548623E+03   1.9620000E+03   1.6970000E+03   3.9029575E-04   4.5124352E-04
   1.5548698E+03   1.9530000E+03   1.7020000E+03   2.8295274E-04   3.2468079E-04
   1.5548773E+03   2.1180000E+03   1.8580000E+03   0.0000000E+00   0.0000000E+00
   1.5548848E+03   2.0660000E+03   1.7900000E+03   4.8826788E-04   5.6355388E-04
   1.5548924E+03   2.0060000E+03   1.7440000E+03   4.9416145E-04   5.6839901E-04
   1.5548999E+03   1.9570000E+03   1.6970000E+03   7.2359386E-06   0.0000000E+00
   1.5549074E+03   1.9460000E+03   1.6830000E+03   0.0000000E+00   0.0000000E+00
   1.5549150E+03   1.9230000E+03   1.6530000E+03   1.2180573E-05   1.4170140E-05
   1.5549225E+03   1.9680000E+03   1.7280000E+03   1.0465411E-04   1.1918940E-04
   1.5549300E+03   1.8760000E+03   1.6350000E+03   4.9842666E-04   5.7189506E-04
   1.5549375E+03   2.0290000E+03   1.7750000E+03   4.2722710E-04   4.8836269E-04
   1.5549451E+03   1.9320000E+03   1.6920000E+03   3.1158261E-05   3.5577872E-05
   1.5549526E+03   1.8980000E+03   1.6310000E+03   0.0000000E+00   0.0000000E+00
   1.5549601E+03   1.8230000E+03   1.5860000E+03   7.4846842E-04   8.6031395E-04
   1.5549677E+03   1.8880000E+03   1.6220000E+03   4.6682956E-04   3.3654815E-04
   1.5549752E+03   1.9120000E+03   1.6960000E+03   0.0000000E+00   0.0000000E+00
   1.5549827E+03   1.8760000E+03   1.6260000E+03   1.2097011E-04   1.9814673E-04
   1.5549902E+03   1.9510000E+03   1.6850000E+03   3.6063073E-06   4.1756116E-06
   1.5549978E+03   1.8760000E+03   1.6320000E+03   4.0686931E-04   4.6770026E-04
   1.5550053E+03   1.8440000E+03   1.5890000E+03   4.5824144E-06   5.3177924E-06
   1.5550128E+03   1.9000000E+03   1.6280000E+03   0.0000000E+00   0.0000000E+00
   1.5550204E+03   1.8640000E+03   1.6150000E+03   1.4002346E-04   1.6161222E-04
   1.5550279E+03   1.7580000E+03   1.5310000E+03   2.7125260E-04   3.1147098E-04
   1.5550354E+03   1.8170000E+03   1.5820000E+03   3.0242796E-04   3.4735247E-04
   1.5550429E+03   1.8490000E+03   1.5990000E+03   0.0000000E+00   0.0000000E+00
   1.5550505E+03   1.8990000E+03   1.6470000E+03   0.0000000E+00   0.0000000E+00
   1.5550580E+03   1.8340000E+03   1.5960000E+03   4.7781292E-04   5.4906572E-04
   1.5550655E+03   1.8100000E+03   1.5780000E+03   1.0432860E-04   1.1966716E-04
   1.5550731E+03   1.8310000E+03   1.5910000E+03   3.1017331E-04   3.5696250E-04
   1.5550806E+03   1.7600000E+03   1.5400000E+03   3.1042706E-04   3.5477378E-04
   1.5550881E+03   1.7620000E+03   1.5410000E+03   0.0000000E+00   0.0000000E+00
   1.5550956E+03   1.7480000E+03   1.5180000E+03   4.6656274E-04   5.3725406E-04
   1.5551032E+03   1.7770000E+03   1.5160000E+03   3.9858439E-04   4.6720610E-04
   1.5551107E+03   1.8000000E+03   1.5760000E+03   0.0000000E+00   0.0000000E+00
   1.5551182E+03   1.7830000E+03   1.5720000E+03   1.3665949E-05   1.5500247E-05
   1.5551257E+03   1.6730000E+03   1.4220000E+03   5.1864601E-04   6.1019323E-04
   1.5551333E+03   1.7550000E+03   1.5450000E+03   4.0443474E-04   4.5940645E-04
   1.5551408E+03   1.7710000E+03   1.5470000E+03   0.0000000E+00   0.0000000E+00
   1.5551483E+03   1.7530000E+03   1.5460000E+03   5.1399373E-04   5.8281437E-04
   1.5551559E+03   1.7250000E+03   1.5210000E+03   0.0000000E+00   0.0000000E+00
   1.5551634E+03   1.7770000E+03   1.5500000E+03   2.3921611E-04   0.0000000E+00
   1.5551709E+03   1.7060000E+03   1.4870000E+03   0.0000000E+00   0.0000000E+00
   1.5551784E+03   1.7450000E+03   1.5110000E+03   2.3297979E-04   2.8352230E-04
   1.5551860E+03   1.6870000E+03   1.4530000E+03   3.4064201E-04   0.0000000E+00
   1.5551935E+03   1.6980000E+03   1.4790000E+03   6.8221480E-04   7.8323241E-04
   1.5552010E+03   1.7380000E+03   1.4970000E+03   4.5221340E-04   3.0785380E-04
   1.5552086E+03   1.6780000E+03   1.4400000E+03   0.0000000E+00   0.0000000E+00
   1.5552161E+03   1.6780000E+03   1.4630000E+03   0.0000000E+00   0.0000000E+00
   1.5552236E+03   1.6820000E+03   1.4740000E+03   5.8504908E-04   2.6631152E-04
   1.5552311E+03   1.6820000E+03   1.4360000E+03   3.2752604E-04   0.0000000E+00
   1.5552387E+03   1.6860000E+03   1.4470000E+03   6.9690958E-05   7.9181324E-05
   1.5552462E+03   1.6750000E+03   1.4520000E+03   5.3074238E-04   6.1225447E-04
   1.5552537E+03   1.5990000E+03   1.3900000E+03   3.1456475E-04   0.0000000E+00
   1.5552613E+03   1.6530000E+03   1.4200000E+03   4.5146178E-04   1.0049536E-04
   1.5552688E+03   1.6480000E+03   1.4240000E+03   0.0000000E+00   0.0000000E+00
   1.5552763E+03   1.6630000E+03   1.4700000E+03   0.0000000E+00   0.0000000E+00
   1.5552838E+03   1.7100000E+03   1.4980000E+03   4.1481568E-04   4.7352124E-04
   1.5552914E+03   1.5760000E+03   1.3990000E+03   4.8476720E-04   5.4609943E-04
   1.5552989E+03   1.6380000E+03   1.4390000E+03   0.0000000E+00   0.0000000E+00
   1.5553064E+03   1.6120000E+03   1.4010000E+03   0.0000000E+00   0.0000000E+00
   1.5553140E+03   1.5790000E+03   1.3710000E+03   6.2233919E-04   7.1675681E-04
   1.5553215E+03   1.5990000E+03   1.3840000E+03   1.1708456E-04   1.3527328E-04
   1.5553290E+03   1.5040000E+03   1.2950000E+03   0.0000000E+00   0.0000000E+00
   1.5553365E+03   1.5550000E+03   1.3740000E+03   2.9739963E-04   3.3657673E-04
   1.5553441E+03   1.5820000E+03   1.3850000E+03   5.5755468E-04   6.3686029E-04
   1.5553516E+03   1.6530000E+03   1.4380000E+03   2.4002721E-04   2.7591445E-04
   1.5553591E+03   1.5480000E+03   1.3630000E+03   6.6247049E-05   7.5238761E-05
   1.5553667E+03   1.5020000E+03   1.2990000E+03   7.4781241E-04   8.6467608E-04
   1.5553742E+03   1.6190000E+03   1.4010000E+03   9.1007930E-04   1.0516905E-03
   1.5553817E+03   1.5660000E+03   1.3660000E+03   0.0000000E+00   0.0000000E+00
   1.5553892E+03   1.5700000E+03   1.3750000E+03   5.6401951E-04   6.4400773E-04
   1.5553968E+03   1.6190000E+03   1.4050000E+03   2.8655875E-04   3.3020542E-04
   1.5554043E+03   1.4870000E+03   1.2960000E+03   5.9290267E-04   6.8028262E-04
   1.5554118E+03   1.5170000E+03   1.3020000E+03   1.5172965E-05   0.0000000E+00
   1.5554194E+03   1.5460000E+03   1.3250000E+03   2.3076985E-04   2.6926052E-04
   1.5554269E+03   1.4810000E+03   1.2820000E+03   0.0000000E+00   0.0000000E+00
   1.5554344E+03   1.4970000E+03   1.2860000E+03   0.0000000E+00   0.0000000E+00
   1.5554419E+03   1.5110000E+03   1.2940000E+03   7.9327011E-04   2.9086410E-04
   1.5554495E+03   1.5530000E+03   1.3700000E+03   3.7819324E-04   4.2871102E-04
   1.5554570E+03   1.4930000E+03   1.2880000E+03   4.7368703E-04   5.4907976E-04
   1.5554645E+03   1.4290000E+03   1.2500000E+03   3.3980512E-05   3.8846521E-05
   1.5554721E+03   1.4770000E+03   1.2700000E+03   6.0970758E-04   0.0000000E+00
   1.5554796E+03   1.4680000E+03   1.2510000E+03   1.0932829E-05   0.0000000E+00
   1.5554871E+03   1.4370000E+03   1.2470000E+03   0.0000000E+00   0.0000000E+00
   1.5554946E+03   1.4170000E+03   1.2270000E+03   0.0000000E+00   0.0000000E+00
   1.5555022E+03   1.5260000E+03   1.3130000E+03   4.5037173E-04   5.2343279E-04
   1.5555097E+03   1.4100000E+03   1.2360000E+03   0.0000000E+00   0.0000000E+00
   1.5555172E+03   1.4430000E+03   1.2530000E+03   5.4107463E-05   6.2312106E-05
   1.5555248E+03   1.5070000E+03   1.2940000E+03   6.8862667E-04   8.0197866E-04
   1.5555323E+03   1.3680000E+03   1.1870000E+03   6.0617324E-04   6.9860572E-04
   1.5555398E+03   1.4250000E+03   1.2190000E+03   8.6580273E-04   1.0121156E-03
   1.5555473E+03   1.3800000E+03   1.2070000E+03   5.6997759E-05   6.5167280E-05
   1.5555549E+03   1.4350000E+03   1.2580000E+03   0.0000000E+00   0.0000000E+00
   1.5555624E+03   1.4310000E+03   1.2390000E+03   2.2950639E-05   2.6507154E-05
   1.5555699E+03   1.3930000E+03   1.2290000E+03   0.0000000E+00   0.0000000E+00
   1.5555774E+03   1.4300000E+03   1.2320000E+03   0.0000000E+00   0.0000000E+00
   1.5555850E+03   1.3530000E+03   1.1560000E+03   0.0000000E+00   0.0000000E+00
   1.5555925E+03   1.4290000E+03   1.2730000E+03   6.4114479E-04   7.1971399E-04
   1.5556000E+03   1.3560000E+03   1.1770000E+03   2.6133871E-04   3.0108351E-04
   1.5556076E+03   1.3840000E+03   1.1840000E+03   0.0000000E+00   0.0000000E+00
   1.5556151E+03   1.3510000E+03   1.1820000E+03   0.0000000E+00   0.0000000E+00
   1.5556226E+03   1.3250000E+03   1.1550000E+03   0.0000000E+00   0.0000000E+00
   1.5556301E+03   1.3570000E+03   1.1680000E+03   0.0000000E+00   0.0000000E+00
   1.5556377E+03   1.3020000E+03   1.1240000E+03   6.9001590E-04   7.9928888E-04
   1.5556452E+03   1.2580000E+03   1.1020000E+03   0.0000000E+00   0.0000000E+00
   1.5556527E+03   1.3320000E+03   1.1680000E+03   0.0000000E+00   0.0000000E+00
   1.5556603E+03   1.3130000E+03   1.1220000E+03   0.0000000E+00   0.0000000E+00
   1.5556678E+03   1.2980000E+03   1.1230000E+03   7.5170862E-04   8.6884932E-04
   1.5556753E+03   1.2970000E+03   1.1120000E+03   3.9710378E-05   4.6316871E-05
   1.5556828E+03   1.2790000E+03   1.1080000E+03   3.8782708E-04   4.4768126E-04
   1.5556904E+03   1.3030000E+03   1.1320000E+03   0.0000000E+00   0.0000000E+00
   1.5556979E+03   1.2890000E+03   1.1110000E+03   0.0000000E+00   0.0000000E+00
   1.5557054E+03   1.2540000E+03   1.0870000E+03   0.0000000E+00   0.0000000E+00
   1.5557130E+03   1.2960000E+03   1.1120000E+03   0.0000000E+00   0.0000000E+00
   1.5557205E+03   1.2520000E+03   1.0990000E+03   0.0000000E+00   0.0000000E+00
   1.5557280E+03   1.3140000E+03   1.1260000E+03   0.0000000E+00   0.0000000E+00
   1.5557355E+03   1.3000000E+03   1.1350000E+03   1.9602076E-04   2.2451717E-04
   1.5557431E+03   1.2970000E+03   1.1270000E+03   0.0000000E+00   0.0000000E+00
   1.5557506E+03   1.2480000E+03   1.0880000E+03   6.7846271E-04   7.7823664E-04
   1.5557581E+03   1.3020000E+03   1.1410000E+03   4.6481645E-04   5.3040405E-04
   1.5557657E+03   1.2110000E+03   1.0540000E+03   6.0663251E-04   6.9699427E-04
   1.5557732E+03   1.2380000E+03   1.0700000E+03   5.9760516E-04   6.9143476E-04
   1.5557807E+03   1.2180000E+03   1.0560000E+03   5.8524895E-04   6.7503146E-04
   1.5557882E+03   1.2190000E+03   1.0430000E+03   0.0000000E+00   0.0000000E+00
   1.5557958E+03   1.1740000E+03   1.0340000E+03   0.0000000E+00   0.0000000E+00
   1.5558033E+03   1.2460000E+03   1.0840000E+03   3.8360645E-04   4.4093509E-04
   1.5558108E+03   1.1740000E+03   1.0230000E+03   0.0000000E+00   0.0000000E+00
   1.5558184E+03   1.2430000E+03   1.0470000E+03   0.0000000E+00   0.0000000E+00
   1.5558259E+03   1.1820000E+03   1.0350000E+03   1.1725004E-03   1.3390294E-03
   1.5558334E+03   1.1760000E+03   1.0320000E+03   9.0915271E-04   1.0360112E-03
   1.5558409E+03   1.1880000E+03   1.0290000E+03   0.0000000E+00   0.0000000E+00
   1.5558485E+03   1.1490000E+03   1.0020000E+03   7.8196677E-04   8.9668645E-04
   1.5558560E+03   1.1800000E+03   1.0300000E+03   0.0000000E+00   0.0000000E+00
   1.5558635E+03   1.1650000E+03   9.9600000E+02   7.7476018E-04   9.0622049E-04
   1.5558711E+03   1.1440000E+03   1.0100000E+03   0.0000000E+00   0.0000000E+00
   1.5558786E+03   1.1700000E+03   1.0100000E+03   1.0553266E-04   1.2225070E-04
   1.5558861E+03   1.1650000E+03   1.0160000E+03   0.0000000E+00   0.0000000E+00
   1.5558936E+03   1.1830000E+03   1.0360000E+03   7.5733959E-04   8.6479994E-04
   1.5559012E+03   1.1750000E+03   1.0130000E+03   5.8284520E-04   6.7605440E-04
   1.5559087E+03   1.1250000E+03   9.7200000E+02   0.0000000E+00   0.0000000E+00
   1.5559162E+03   1.1360000E+03   9.7800000E+02   0.0000000E+00   0.0000000E+00
   1.5559238E+03   1.1010000E+03   9.6200000E+02   0.0000000E+00   0.0000000E+00
   1.5559313E+03   1.1620000E+03   9.9400000E+02   4.4795302E-05   5.2366339E-05
   1.5559388E+03   1.1660000E+03   1.0290000E+03   0.0000000E+00   0.0000000E+00
   1.5559463E+03   1.0870000E+03   9.5700000E+02   6.5685288E-05   0.0000000E+00
   1.5559539E+03   1.1290000E+03   9.7800000E+02   0.0000000E+00   0.0000000E+00
   1.5559614E+03   1.1720000E+03   1.0210000E+03   0.0000000E+00   0.0000000E+00
   1.5559689E+03   1.0610000E+03   9.3800000E+02   3.8079096E-04   4.3072410E-04
   1.5559765E+03   1.0900000E+03   9.4400000E+02   3.0142095E-04   3.4803902E-04
   1.5559840E+03   1.0720000E+03   9.2700000E+02   0.0000000E+00   0.0000000E+00
   1.5559915E+03   1.1080000E+03   9.5800000E+02   0.0000000E+00   0.0000000E+00
   1.5559990E+03   1.0790000E+03   9.3400000E+02   8.7720754E-04   1.0133907E-03
   1.5560066E+03   1.0630000E+03   9.3000000E+02   6.8575610E-04   7.8382659E-04
   1.5560141E+03   1.0960000E+03   9.3000000E+02   0.0000000E+00   0.0000000E+00
   1.5560216E+03   1.0460000E+03   9.0600000E+02   9.0392732E-05   1.0436070E-04
   1.5560291E+03   1.0780000E+03   9.4100000E+02   0.0000000E+00   0.0000000E+00
   1.5560367E+03   1.1030000E+03   9.7300000E+02   1.5942267E-03   1.8072271E-03
   1.5560442E+03   1.0320000E+03   8.7600000E+02   0.0000000E+00   0.0000000E+00
   1.5560517E+03   1.0510000E+03   9.1600000E+02   0.0000000E+00   0.0000000E+00
   1.5560593E+03   1.0090000E+03   8.9000000E+02   0.0000000E+00   0.0000000E+00
   1.5560668E+03   1.0250000E+03   8.8800000E+02   0.0000000E+00   0.0000000E+00
   1.5560743E+03   1.0780000E+03   9.4700000E+02   0.0000000E+00   0.0000000E+00
   1.5560818E+03   1.0980000E+03   9.7400000E+02   4.7013589E-05   5.2998892E-05
   1.5560894E+03   1.0080000E+03   8.7800000E+02   0.0000000E+00   0.0000000E+00
   1.5560969E+03   1.0420000E+03   9.1000000E+02   6.0283900E-05   6.9028377E-05
   1.5561044E+03   1.0490000E+03   9.1500000E+02   8.3557860E-04   9.5794749E-04
   1.5561120E+03   1.0510000E+03   9.0600000E+02   0.0000000E+00   0.0000000E+00
   1.5561195E+03   9.8900000E+02   8.5200000E+02   6.8077394E-04   7.9024111E-04
   1.5561270E+03   9.6300000E+02   8.4300000E+02   0.0000000E+00   0.0000000E+00
   1.5561345E+03   9.8500000E+02   8.5500000E+02   0.0000000E+00   0.0000000E+00
   1.5561421E+03   1.0240000E+03   8.8700000E+02   0.0000000E+00   0.0000000E+00
   1.5561496E+03   9.8500000E+02   8.3600000E+02   0.0000000E+00   0.0000000E+00
   1.5561571E+03   9.8400000E+02   8.5900000E+02   3.5025442E-04   4.0122276E-04
   1.5561647E+03   9.7200000E+02   8.4100000E+02   0.0000000E+00   0.0000000E+00
   1.5561722E+03   9.3500000E+02   8.1000000E+02   7.0087415E-05   8.0903374E-05
   1.5561797E+03   9.6900000E+02   8.2500000E+02   0.0000000E+00   0.0000000E+00
   1.5561872E+03   9.6400000E+02   8.2900000E+02   1.2091090E-04   1.4060085E-04
   1.5561948E+03   9.0300000E+02   7.7900000E+02   0.0000000E+00   0.0000000E+00
   1.5562023E+03   9.8000000E+02   8.5000000E+02   0.0000000E+00   0.0000000E+00
   1.5562098E+03   9.4000000E+02   8.4000000E+02   2.6191426E-04   2.9309452E-04
   1.5562174E+03   9.3700000E+02   7.9200000E+02   0.0000000E+00   0.0000000E+00
   1.5562249E+03   1.0070000E+03   8.6900000E+02   0.0000000E+00   0.0000000E+00
   1.5562324E+03   9.5000000E+02   8.4000000E+02   0.0000000E+00   0.0000000E+00
   1.5562399E+03   9.4900000E+02   8.1200000E+02   0.0000000E+00   0.0000000E+00
   1.5562475E+03   9.1300000E+02   8.0400000E+02   5.7072217E-04   6.4809620E-04
   1.5562550E+03   9.5900000E+02   8.2900000E+02   0.0000000E+00   0.0000000E+00
   1.5562625E+03   9.0600000E+02   7.8200000E+02   0.0000000E+00   0.0000000E+00
   1.5562701E+03   9.6700000E+02   8.1400000E+02   0.0000000E+00   0.0000000E+00
   1.5562776E+03   8.6600000E+02   7.5100000E+02   0.0000000E+00   0.0000000E+00
   1.5562851E+03   9.1300000E+02   7.8200000E+02   9.5273176E-04   1.1123326E-03
   1.5562926E+03   9.1800000E+02   7.9000000E+02   0.0000000E+00   0.0000000E+00
   1.5563002E+03   9.0700000E+02   7.8300000E+02   0.0000000E+00   0.0000000E+00
   1.5563077E+03   9.1700000E+02   8.0600000E+02   7.9917622E-05   7.1971727E-05
   1.5563152E+03   9.1700000E+02   7.8500000E+02   2.3702272E-04   2.7687877E-04
   1.5563228E+03   8.7100000E+02   7.7200000E+02   0.0000000E+00   0.0000000E+00
   1.5563303E+03   8.3600000E+02   7.3500000E+02   0.0000000E+00   0.0000000E+00
   1.5563378E+03   8.9600000E+02   7.5800000E+02   0.0000000E+00   0.0000000E+00
   1.5563453E+03   9.2500000E+02   8.1700000E+02   8.2650159E-04   0.0000000E+00
   1.5563529E+03   8.1800000E+02   7.0900000E+02   0.0000000E+00   0.0000000E+00
   1.5563604E+03   8.9400000E+02   7.6600000E+02   0.0000000E+00   0.0000000E+00
   1.5563679E+03   8.3700000E+02   7.1300000E+02   0.0000000E+00   0.0000000E+00
   1.5563755E+03   8.3900000E+02   7.3400000E+02   0.0000000E+00   0.0000000E+00
   1.5563830E+03   8.5800000E+02   7.3600000E+02   0.0000000E+00   0.0000000E+00
   1.5563905E+03   8.7200000E+02   7.5900000E+02   0.0000000E+00   0.0000000E+00
   1.5563980E+03   8.7100000E+02   7.4300000E+02   0.0000000E+00   0.0000000E+00
   1.5564056E+03   8.4300000E+02   7.4100000E+02   1.1020084E-04   1.2537019E-04
   1.5564131E+03   8.2300000E+02   7.0500000E+02   3.2546062E-04   3.7993488E-04
   1.5564206E+03   8.2800000E+02   7.3100000E+02   1.0477837E-04   1.1868193E-04
   1.5564282E+03   8.3600000E+02   7.1400000E+02   0.0000000E+00   0.0000000E+00
   1.5564357E+03   7.7900000E+02   6.7200000E+02   0.0000000E+00   0.0000000E+00
   1.5564432E+03   8.2300000E+02   7.0700000E+02   0.0000000E+00   0.0000000E+00
   1.5564507E+03   7.8900000E+02   6.8200000E+02   7.7051785E-05   8.9140554E-05
   1.5564583E+03   8.5000000E+02   7.3200000E+02   0.0000000E+00   0.0000000E+00
   1.5564658E+03   8.0200000E+02   6.9200000E+02   0.0000000E+00   0.0000000E+00
   1.5564733E+03   8.1500000E+02   7.0300000E+02   0.0000000E+00   0.0000000E+00
   1.5564808E+03   8.0500000E+02   7.0400000E+02   0.0000000E+00   0.0000000E+00
   1.5564884E+03   8.2900000E+02   7.2400000E+02   5.3885555E-04   6.1700449E-04
   1.5564959E+03   8.0800000E+02   7.1100000E+02   0.0000000E+00   0.0000000E+00
   1.5565034E+03   8.0900000E+02   7.0100000E+02   0.0000000E+00   0.0000000E+00
   1.5565110E+03   7.9200000E+02   6.8100000E+02   3.2980280E-04   0.0000000E+00
   1.5565185E+03   8.1000000E+02   6.9100000E+02   0.0000000E+00   0.0000000E+00
   1.5565260E+03   7.9800000E+02   6.9300000E+02   1.1258294E-03   1.2964096E-03
   1.5565335E+03   7.8100000E+02   6.7400000E+02   0.0000000E+00   0.0000000E+00
   1.5565411E+03   7.6200000E+02   6.5800000E+02   0.0000000E+00   0.0000000E+00
   1.5565486E+03   7.3300000E+02   6.3600000E+02   0.0000000E+00   0.0000000E+00
   1.5565561E+03   8.1400000E+02   6.9200000E+02   1.0266979E-03   1.2077053E-03
   1.5565637E+03   7.8100000E+02   6.7800000E+02   1.1466273E-03   1.3208199E-03
   1.5565712E+03   7.5600000E+02   6.5200000E+02   0.0000000E+00   0.0000000E+00
   1.5565787E+03   7.1800000E+02   6.2100000E+02   0.0000000E+00   0.0000000E+00
   1.5565862E+03   7.7100000E+02   6.5900000E+02   2.7803803E-04   3.2529184E-04
   1.5565938E+03   7.0300000E+02   5.9800000E+02   0.0000000E+00   0.0000000E+00
   1.5566013E+03   7.1800000E+02   6.3000000E+02   1.2851352E-03   1.4646462E-03
   1.5566088E+03   7.3000000E+02   6.4300000E+02   0.0000000E+00   0.0000000E+00
   1.5566164E+03   7.2000000E+02   6.2500000E+02   0.0000000E+00   0.0000000E+00
   1.5566239E+03   7.6300000E+02   6.4800000E+02   0.0000000E+00   0.0000000E+00
   1.5566314E+03   7.2500000E+02   6.2000000E+02   9.9247746E-04   1.1605583E-03
   1.5566389E+03   6.9100000E+02   5.8000000E+02   0.0000000E+00   0.0000000E+00
   1.5566465E+03   7.0000000E+02   6.1800000E+02   0.0000000E+00   0.0000000E+00
   1.5566540E+03   7.3900000E+02   6.4200000E+02   2.9456915E-04   3.3907571E-04
   1.5566615E+03   7.1600000E+02   6.1500000E+02   0.0000000E+00   0.0000000E+00
   1.5566691E+03   7.0100000E+02   5.9800000E+02   0.0000000E+00   0.0000000E+00
   1.5566766E+03   6.5700000E+02   5.8400000E+02   3.1262525E-04   3.5170341E-04
   1.5566841E+03   6.6100000E+02   5.6100000E+02   0.0000000E+00   0.0000000E+00
   1.5566916E+03   6.3100000E+02   5.4600000E+02   0.0000000E+00   0.0000000E+00
   1.5566992E+03   6.9700000E+02   6.1300000E+02   0.0000000E+00   0.0000000E+00
   1.5567067E+03   6.6100000E+02   5.7900000E+02   0.0000000E+00   0.0000000E+00
   1.5567142E+03   6.7700000E+02   5.8800000E+02   0.0000000E+00   0.0000000E+00
   1.5567218E+03   6.5700000E+02   5.6200000E+02   0.0000000E+00   0.0000000E+00
   1.5567293E+03   6.9000000E+02   5.9000000E+02   1.5818658E-04   1.8499786E-04
   1.5567368E+03   6.9400000E+02   6.0000000E+02   6.0262037E-04   6.9703090E-04
   1.5567443E+03   6.8300000E+02   5.8800000E+02   0.0000000E+00   0.0000000E+00
   1.5567519E+03   7.0200000E+02   6.1400000E+02   0.0000000E+00   0.0000000E+00
   1.5567594E+03   6.5000000E+02   5.6000000E+02   0.0000000E+00   0.0000000E+00
   1.5567669E+03   6.7100000E+02   5.7800000E+02   8.8925007E-04   1.0323301E-03
   1.5567745E+03   6.4900000E+02   5.7700000E+02   0.0000000E+00   0.0000000E+00
   1.5567820E+03   6.4100000E+02   5.5300000E+02   7.3306852E-04   8.4972319E-04
   1.5567895E+03   6.2700000E+02   5.2500000E+02   0.0000000E+00   0.0000000E+00
   1.5567970E+03   6.3800000E+02   5.4500000E+02   0.0000000E+00   0.0000000E+00
   1.5568046E+03   6.3800000E+02   5.4500000E+02   0.0000000E+00   0.0000000E+00
   1.5568121E+03   6.6400000E+02   5.8700000E+02   1.4082844E-03   1.5930168E-03
   1.5568196E+03   6.4900000E+02   5.7200000E+02   0.0000000E+00   0.0000000E+00
   1.5568272E+03   6.7600000E+02   5.9300000E+02   5.4126222E-04   0.0000000E+00
   1.5568347E+03   6.2600000E+02   5.3400000E+02   9.9472865E-04   1.1661051E-03
   1.5568422E+03   6.8800000E+02   6.0100000E+02   0.0000000E+00   0.0000000E+00
   1.5568497E+03   6.0000000E+02   5.4000000E+02   3.2269466E-04   2.0451957E-05
   1.5568573E+03   5.9200000E+02   5.1900000E+02   0.0000000E+00   0.0000000E+00
   1.5568648E+03   6.0600000E+02   5.3400000E+02   7.0893119E-04   8.0451742E-04
   1.5568723E+03   6.1500000E+02   5.2300000E+02   0.0000000E+00   0.0000000E+00
   1.5568799E+03   5.7500000E+02   5.0500000E+02   0.0000000E+00   0.0000000E+00
   1.5568874E+03   6.2800000E+02   5.4800000E+02   0.0000000E+00   0.0000000E+00
   1.5568949E+03   6.5600000E+02   5.6500000E+02   1.4261098E-03   1.6558019E-03
   1.5569024E+03   6.3100000E+02   5.3900000E+02   0.0000000E+00   0.0000000E+00
   1.5569100E+03   6.1800000E+02   5.3900000E+02   9.3545406E-04   1.0725614E-03
   1.5569175E+03   6.1500000E+02   5.3100000E+02   0.0000000E+00   0.0000000E+00
   1.5569250E+03   5.5700000E+02   4.7600000E+02   0.0000000E+00   0.0000000E+00
   1.5569325E+03   6.0900000E+02   5.1700000E+02   0.0000000E+00   0.0000000E+00
   1.5569401E+03   5.3700000E+02   4.6100000E+02   0.0000000E+00   0.0000000E+00
   1.5569476E+03   5.8800000E+02   5.0700000E+02   3.5215351E-04   4.0841472E-04
   1.5569551E+03   5.7600000E+02   5.1800000E+02   0.0000000E+00   0.0000000E+00
   1.5569627E+03   5.8100000E+02   5.0500000E+02   5.7679904E-04   6.6360444E-04
   1.5569702E+03   5.8500000E+02   4.9900000E+02   0.0000000E+00   0.0000000E+00
   1.5569777E+03   5.7300000E+02   5.1100000E+02   1.5146839E-03   1.6984616E-03
   1.5569852E+03   5.5900000E+02   4.8900000E+02   0.0000000E+00   0.0000000E+00
   1.5569928E+03   5.4100000E+02   4.6100000E+02   0.0000000E+00   0.0000000E+00
   1.5570003E+03   5.8300000E+02   5.0600000E+02   0.0000000E+00   0.0000000E+00
   1.5570078E+03   5.6000000E+02   4.8100000E+02   0.0000000E+00   0.0000000E+00
   1.5570154E+03   5.3700000E+02   4.5500000E+02   0.0000000E+00   0.0000000E+00
   1.5570229E+03   5.5800000E+02   4.9400000E+02   0.0000000E+00   0.0000000E+00
   1.5570304E+03   4.9700000E+02   4.3400000E+02   0.0000000E+00   0.0000000E+00
   1.5570379E+03   5.2800000E+02   4.6600000E+02   2.2286185E-04   2.5251300E-04
   1.5570455E+03   5.5400000E+02   4.7800000E+02   0.0000000E+00   0.0000000E+00
   1.5570530E+03   5.3400000E+02   4.6900000E+02   0.0000000E+00   0.0000000E+00
   1.5570605E+03   5.3800000E+02   4.7000000E+02   0.0000000E+00   0.0000000E+00
   1.5570681E+03   5.6700000E+02   4.8500000E+02   0.0000000E+00   0.0000000E+00
   1.5570756E+03   4.8600000E+02   4.2800000E+02   0.0000000E+00   0.0000000E+00
   1.5570831E+03   5.5000000E+02   4.7900000E+02   0.0000000E+00   0.0000000E+00
   1.5570906E+03   5.0500000E+02   4.3900000E+02   1.6083589E-04   1.8501623E-04
   1.5570982E+03   5.2900000E+02   4.6700000E+02   0.0000000E+00   0.0000000E+00
   1.5571057E+03   5.3800000E+02   4.5600000E+02   2.9055764E-04   3.4280704E-04
   1.5571132E+03   5.6000000E+02   4.9700000E+02   0.0000000E+00   0.0000000E+00
   1.5571208E+03   5.1300000E+02   4.3600000E+02   0.0000000E+00   0.0000000E+00
   1.5571283E+03   5.0600000E+02   4.3700000E+02   0.0000000E+00   0.0000000E+00
   1.5571358E+03   5.2200000E+02   4.6700000E+02   0.0000000E+00   0.0000000E+00
   1.5571433E+03   4.6900000E+02   4.1300000E+02   0.0000000E+00   0.0000000E+00
   1.5571509E+03   5.2500000E+02   4.5800000E+02   1.6764717E-03   1.9217198E-03
   1.5571584E+03   5.0100000E+02   4.4100000E+02   0.0000000E+00   0.0000000E+00
   1.5571659E+03   5.1400000E+02   4.5100000E+02   0.0000000E+00   0.0000000E+00
   1.5571735E+03   5.1600000E+02   4.4300000E+02   0.0000000E+00   0.0000000E+00
   1.5571810E+03   5.2900000E+02   4.4800000E+02   0.0000000E+00   0.0000000E+00
   1.5571885E+03   5.0200000E+02   4.3600000E+02   0.0000000E+00   0.0000000E+00
   1.5571960E+03   5.1000000E+02   4.2900000E+02   8.2844951E-04   9.8487004E-04
   1.5572036E+03   4.5100000E+02   3.9400000E+02   9.1637271E-04   1.0489444E-03
   1.5572111E+03   4.8900000E+02   4.0500000E+02   0.0000000E+00   0.0000000E+00
   1.5572186E+03   4.7900000E+02   4.2000000E+02   3.6692436E-04   4.1846849E-04
   1.5572262E+03   4.7800000E+02   4.0200000E+02   0.0000000E+00   0.0000000E+00
   1.5572337E+03   5.0700000E+02   4.2900000E+02   7.3698600E-04   0.0000000E+00
   1.5572412E+03   5.0100000E+02   4.3700000E+02   0.0000000E+00   0.0000000E+00
   1.5572487E+03   5.1800000E+02   4.4700000E+02   0.0000000E+00   0.0000000E+00
   1.5572563E+03   5.1000000E+02   4.4100000E+02   0.0000000E+00   0.0000000E+00
   1.5572638E+03   4.8400000E+02   4.1100000E+02   0.0000000E+00   0.0000000E+00
   1.5572713E+03   4.6500000E+02   3.9500000E+02   0.0000000E+00   0.0000000E+00
   1.5572789E+03   4.7000000E+02   4.1500000E+02   0.0000000E+00   0.0000000E+00
   1.5572864E+03   4.5900000E+02   4.1200000E+02   1.7970213E-03   2.0020213E-03
   1.5572939E+03   4.8700000E+02   4.3100000E+02   0.0000000E+00   0.0000000E+00
   1.5573014E+03   4.4900000E+02   3.9500000E+02   0.0000000E+00   0.0000000E+00
   1.5573090E+03   4.4900000E+02   3.9100000E+02   0.0000000E+00   0.0000000E+00
   1.5573165E+03   4.7400000E+02   4.1600000E+02   0.0000000E+00   0.0000000E+00
   1.5573240E+03   4.4800000E+02   3.8600000E+02   0.0000000E+00   0.0000000E+00
   1.5573316E+03   4.6700000E+02   4.0100000E+02   0.0000000E+00   0.0000000E+00
   1.5573391E+03   4.5300000E+02   3.9400000E+02   0.0000000E+00   0.0000000E+00
   1.5573466E+03   4.3600000E+02   3.7400000E+02   0.0000000E+00   0.0000000E+00
   1.5573541E+03   4.6200000E+02   3.9800000E+02   0.0000000E+00   0.0000000E+00
   1.5573617E+03   3.8900000E+02   3.5000000E+02   0.0000000E+00   0.0000000E+00
   1.5573692E+03   4.4900000E+02   3.9600000E+02   3.1276950E-04   3.5463007E-04
   1.5573767E+03   3.8500000E+02   3.4300000E+02   0.0000000E+00   0.0000000E+00
   1.5573842E+03   4.2700000E+02   3.6600000E+02   0.0000000E+00   0.0000000E+00
   1.5573918E+03   4.1200000E+02   3.6100000E+02   1.5238779E-03   1.7391626E-03
   1.5573993E+03   4.2900000E+02   3.7300000E+02   0.0000000E+00   0.0000000E+00
   1.5574068E+03   4.2600000E+02   3.5300000E+02   0.0000000E+00   0.0000000E+00
   1.5574144E+03   4.5400000E+02   3.8100000E+02   0.0000000E+00   0.0000000E+00
   1.5574219E+03   4.1700000E+02   3.6400000E+02   0.0000000E+00   0.0000000E+00
   1.5574294E+03   4.2500000E+02   3.6400000E+02   0.0000000E+00   0.0000000E+00
   1.5574369E+03   4.2100000E+02   3.6900000E+02   1.2781189E-03   1.4582333E-03
   1.5574445E+03   4.2700000E+02   3.7400000E+02   0.0000000E+00   0.0000000E+00
   1.5574520E+03   4.0000000E+02   3.4600000E+02   0.0000000E+00   0.0000000E+00
   1.5574595E+03   4.1100000E+02   3.5400000E+02   0.0000000E+00   0.0000000E+00
   1.5574671E+03   3.9500000E+02   3.4200000E+02   0.0000000E+00   0.0000000E+00
   1.5574746E+03   3.6100000E+02   3.1100000E+02   0.0000000E+00   0.0000000E+00
   1.5574821E+03   3.9800000E+02   3.5200000E+02   0.0000000E+00   0.0000000E+00
   1.5574896E+03   3.9600000E+02   3.3300000E+02   0.0000000E+00   0.0000000E+00
   1.5574972E+03   4.3100000E+02   3.7500000E+02   0.0000000E+00   0.0000000E+00
   1.5575047E+03   3.9700000E+02   3.3600000E+02   1.3520764E-03   1.5975427E-03
   1.5575122E+03   3.8100000E+02   3.1700000E+02   0.0000000E+00   0.0000000E+00
   1.5575198E+03   3.7300000E+02   3.1500000E+02   0.0000000E+00   0.0000000E+00
   1.5575273E+03   3.9900000E+02   3.4000000E+02   2.3175044E-03   2.7196595E-03
   1.5575348E+03   4.0700000E+02   3.4500000E+02   0.0000000E+00   0.0000000E+00
   1.5575423E+03   4.1600000E+02   3.5900000E+02   0.0000000E+00   0.0000000E+00
   1.5575499E+03   3.5200000E+02   3.0900000E+02   7.4737601E-04   8.5137979E-04
   1.5575574E+03   4.1000000E+02   3.5100000E+02   0.0000000E+00   0.0000000E+00
   1.5575649E+03   4.0400000E+02   3.5500000E+02   0.0000000E+00   0.0000000E+00
   1.5575725E+03   3.8900000E+02   3.3800000E+02   0.0000000E+00   0.0000000E+00
   1.5575800E+03   3.8900000E+02   3.2600000E+02   5.8452520E-04   6.9748559E-04
   1.5575875E+03   3.9300000E+02   3.4200000E+02   0.0000000E+00   0.0000000E+00
   1.5575950E+03   3.6300000E+02   3.2700000E+02   0.0000000E+00   0.0000000E+00
   1.5576026E+03   3.6300000E+02   3.1100000E+02   0.0000000E+00   0.0000000E+00
   1.5576101E+03   3.9700000E+02   3.5100000E+02   0.0000000E+00   0.0000000E+00
   1.5576176E+03   3.5800000E+02   3.1100000E+02   2.3471998E-03   2.7019213E-03
   1.5576252E+03   3.3300000E+02   2.8300000E+02   0.0000000E+00   0.0000000E+00
   1.5576327E+03   3.5800000E+02   3.1000000E+02   0.0000000E+00   0.0000000E+00
   1.5576402E+03   3.4500000E+02   3.0200000E+02   0.0000000E+00   0.0000000E+00
   1.5576477E+03   3.3200000E+02   2.9900000E+02   0.0000000E+00   0.0000000E+00
   1.5576553E+03   3.4800000E+02   3.1300000E+02   0.0000000E+00   0.0000000E+00
   1.5576628E+03   3.6000000E+02   3.0700000E+02   0.0000000E+00   0.0000000E+00
   1.5576703E+03   3.7700000E+02   3.2200000E+02   2.5014746E-03   2.9287451E-03
   1.5576779E+03   3.3400000E+02   2.8500000E+02   0.0000000E+00   0.0000000E+00
   1.5576854E+03   3.3400000E+02   2.9300000E+02   1.4343485E-03   0.0000000E+00
   1.5576929E+03   3.5500000E+02   3.0800000E+02   0.0000000E+00   0.0000000E+00
   1.5577004E+03   3.3700000E+02   2.8200000E+02   4.3520804E-04   5.2008904E-04
   1.5577080E+03   3.3800000E+02   2.9000000E+02   2.2967672E-03   2.6769218E-03
   1.5577155E+03   3.5900000E+02   3.0700000E+02   0.0000000E+00   0.0000000E+00
   1.5577230E+03   3.4700000E+02   3.0200000E+02   4.3977825E-04   5.0530812E-04
   1.5577306E+03   3.3000000E+02   2.9100000E+02   0.0000000E+00   0.0000000E+00
   1.5577381E+03   3.1600000E+02   2.7800000E+02   0.0000000E+00   0.0000000E+00
   1.5577456E+03   3.2100000E+02   2.7100000E+02   2.9801726E-03   3.5300200E-03
   1.5577531E+03   3.4600000E+02   3.0100000E+02   2.1082038E-04   2.4233838E-04
   1.5577607E+03   3.3600000E+02   2.9400000E+02   9.7197359E-04   0.0000000E+00
   1.5577682E+03   3.2200000E+02   2.8000000E+02   0.0000000E+00   0.0000000E+00
   1.5577757E+03   3.4400000E+02   3.0800000E+02   9.0062277E-04   1.0058904E-03
   1.5577833E+03   3.1700000E+02   2.8200000E+02   0.0000000E+00   0.0000000E+00
   1.5577908E+03   2.9400000E+02   2.4500000E+02   0.0000000E+00   0.0000000E+00
   1.5577983E+03   3.2900000E+02   2.9100000E+02   0.0000000E+00   0.0000000E+00
   1.5578058E+03   3.2900000E+02   2.7500000E+02   0.0000000E+00   0.0000000E+00
   1.5578134E+03   3.3000000E+02   2.9200000E+02   0.0000000E+00   0.0000000E+00
   1.5578209E+03   3.1700000E+02   2.7300000E+02   0.0000000E+00   0.0000000E+00
   1.5578284E+03   3.0600000E+02   2.6900000E+02   0.0000000E+00   0.0000000E+00
   1.5578359E+03   2.9000000E+02   2.4700000E+02   0.0000000E+00   0.0000000E+00
   1.5578435E+03   3.1800000E+02   2.7800000E+02   0.0000000E+00   0.0000000E+00
   1.5578510E+03   3.2300000E+02   2.8700000E+02   0.0000000E+00   0.0000000E+00
   1.5578585E+03   2.8700000E+02   2.5200000E+02   0.0000000E+00   0.0000000E+00
   1.5578661E+03   2.9100000E+02   2.6000000E+02   0.0000000E+00   0.0000000E+00
   1.5578736E+03   3.0100000E+02   2.6500000E+02   0.0000000E+00   0.0000000E+00
   1.5578811E+03   2.7700000E+02   2.4300000E+02   0.0000000E+00   0.0000000E+00
   1.5578886E+03   2.9600000E+02   2.5400000E+02   0.0000000E+00   0.0000000E+00
   1.5578962E+03   2.8800000E+02   2.5600000E+02   0.0000000E+00   0.0000000E+00
   1.5579037E+03   2.8900000E+02   2.5900000E+02   0.0000000E+00   0.0000000E+00
   1.5579112E+03   2.8700000E+02   2.4700000E+02   0.0000000E+00   0.0000000E+00
   1.5579188E+03   3.0200000E+02   2.5400000E+02   0.0000000E+00   0.0000000E+00
   1.5579263E+03   2.9300000E+02   2.4900000E+02   0.0000000E+00   0.0000000E+00
   1.5579338E+03   2.9700000E+02   2.6500000E+02   0.0000000E+00   0.0000000E+00
   1.5579413E+03   3.0400000E+02   2.6400000E+02   0.0000000E+00   0.0000000E+00
   1.5579489E+03   2.9200000E+02   2.5700000E+02   1.7035930E-03   1.9355999E-03
   1.5579564E+03   2.6700000E+02   2.3300000E+02   0.0000000E+00   0.0000000E+00
   1.5579639E+03   2.8500000E+02   2.4800000E+02   4.0610198E-04   4.6668977E-04
   1.5579715E+03   2.7100000E+02   2.3200000E+02   0.0000000E+00   0.0000000E+00
   1.5579790E+03   2.8400000E+02   2.4200000E+02   0.0000000E+00   0.0000000E+00
   1.5579865E+03   2.8200000E+02   2.4300000E+02   0.0000000E+00   0.0000000E+00
   1.5579940E+03   2.7800000E+02   2.3400000E+02   0.0000000E+00   0.0000000E+00
   1.5580016E+03   2.4100000E+02   2.1300000E+02   0.0000000E+00   0.0000000E+00
   1.5580091E+03   2.6700000E+02   2.2700000E+02   3.4901504E-03   0.0000000E+00
   1.5580166E+03   2.4900000E+02   2.1700000E+02   0.0000000E+00   0.0000000E+00
   1.5580242E+03   2.7800000E+02   2.4400000E+02   0.0000000E+00   0.0000000E+00
   1.5580317E+03   2.8300000E+02   2.4300000E+02   0.0000000E+00   0.0000000E+00
   1.5580392E+03   2.8900000E+02   2.4800000E+02   1.4171887E-03   1.6514819E-03
   1.5580467E+03   2.6200000E+02   2.3400000E+02   0.0000000E+00   0.0000000E+00
   1.5580543E+03   2.3500000E+02   1.9700000E+02   0.0000000E+00   0.0000000E+00
   1.5580618E+03   2.6800000E+02   2.3200000E+02   0.0000000E+00   0.0000000E+00
   1.5580693E+03   2.6700000E+02   2.2800000E+02   0.0000000E+00   0.0000000E+00
   1.5580769E+03   2.6100000E+02   2.3300000E+02   0.0000000E+00   0.0000000E+00
   1.5580844E+03   2.4800000E+02   2.1000000E+02   0.0000000E+00   0.0000000E+00
   1.5580919E+03   2.5400000E+02   2.2400000E+02   0.0000000E+00   0.0000000E+00
   1.5580994E+03   2.4900000E+02   2.1800000E+02   0.0000000E+00   0.0000000E+00
   1.5581070E+03   2.4000000E+02   2.1400000E+02   0.0000000E+00   0.0000000E+00
   1.5581145E+03   2.5400000E+02   2.1600000E+02   0.0000000E+00   0.0000000E+00
   1.5581220E+03   2.5200000E+02   2.1600000E+02   0.0000000E+00   0.0000000E+00
   1.5581296E+03   2.6800000E+02   2.4000000E+02   0.0000000E+00   0.0000000E+00
   1.5581371E+03   2.3500000E+02   2.0300000E+02   0.0000000E+00   0.0000000E+00
   1.5581446E+03   2.6000000E+02   2.2100000E+02   0.0000000E+00   0.0000000E+00
   1.5581521E+03   2.5100000E+02   2.1000000E+02   2.6083872E-03   3.1176438E-03
   1.5581597E+03   2.3800000E+02   2.0700000E+02   0.0000000E+00   0.0000000E+00
   1.5581672E+03   2.4400000E+02   2.1200000E+02   0.0000000E+00   0.0000000E+00
   1.5581747E+03   2.6600000E+02   2.3200000E+02   0.0000000E+00   0.0000000E+00
   1.5581823E+03   2.4900000E+02   2.1500000E+02   0.0000000E+00   0.0000000E+00
   1.5581898E+03   2.5300000E+02   2.2100000E+02   0.0000000E+00   0.0000000E+00
   1.5581973E+03   2.4800000E+02   2.1100000E+02   0.0000000E+00   0.0000000E+00
   1.5582048E+03   2.2100000E+02   1.9200000E+02   0.0000000E+00   0.0000000E+00
   1.5582124E+03   2.3400000E+02   2.0300000E+02   0.0000000E+00   0.0000000E+00
   1.5582199E+03   2.2100000E+02   1.7800000E+02   0.0000000E+00   0.0000000E+00
   1.5582274E+03   2.2600000E+02   1.9800000E+02   0.0000000E+00   0.0000000E+00
   1.5582350E+03   2.1400000E+02   1.9300000E+02   0.0000000E+00   0.0000000E+00
   1.5582425E+03   2.0300000E+02   1.7900000E+02   0.0000000E+00   0.0000000E+00
   1.5582500E+03   2.3000000E+02   2.0000000E+02   0.0000000E+00   0.0000000E+00
   1.5582575E+03   2.2400000E+02   1.9900000E+02   0.0000000E+00   0.0000000E+00
   1.5582651E+03   2.2300000E+02   1.9600000E+02   0.0000000E+00   0.0000000E+00
   1.5582726E+03   2.2100000E+02   1.9800000E+02   0.0000000E+00   0.0000000E+00
   1.5582801E+03   2.1700000E+02   1.9100000E+02   0.0000000E+00   0.0000000E+00
   1.5582876E+03   2.3500000E+02   2.0200000E+02   0.0000000E+00   0.0000000E+00
   1.5582952E+03   2.2300000E+02   1.9200000E+02   0.0000000E+00   0.0000000E+00
   1.5583027E+03   2.0900000E+02   1.8600000E+02   0.0000000E+00   0.0000000E+00
   1.5583102E+03   2.0300000E+02   1.8000000E+02   0.0000000E+00   0.0000000E+00
   1.5583178E+03   1.9900000E+02   1.7100000E+02   0.0000000E+00   0.0000000E+00
   1.5583253E+03   2.1800000E+02   1.8400000E+02   0.0000000E+00   0.0000000E+00
   1.5583328E+03   1.7300000E+02   1.4900000E+02   0.0000000E+00   0.0000000E+00
   1.5583403E+03   2.3100000E+02   2.0600000E+02   4.0289277E-03   4.5178752E-03
   1.5583479E+03   1.7500000E+02   1.5200000E+02   0.0000000E+00   0.0000000E+00
   1.5583554E+03   2.1600000E+02   1.7700000E+02   0.0000000E+00   0.0000000E+00
   1.5583629E+03   2.2100000E+02   1.9500000E+02   0.0000000E+00   0.0000000E+00
   1.5583705E+03   1.8900000E+02   1.6500000E+02   0.0000000E+00   0.0000000E+00
   1.5583780E+03   2.1100000E+02   1.8700000E+02   0.0000000E+00   0.0000000E+00
   1.5583855E+03   1.8400000E+02   1.5700000E+02   0.0000000E+00   0.0000000E+00
   1.5583930E+03   2.0200000E+02   1.7700000E+02   0.0000000E+00   0.0000000E+00
   1.5584006E+03   2.1600000E+02   1.8200000E+02   4.3499885E-03   5.1626237E-03
   1.5584081E+03   2.2200000E+02   1.8400000E+02   0.0000000E+00   0.0000000E+00
   1.5584156E+03   2.1300000E+02   1.8500000E+02   0.0000000E+00   0.0000000E+00
   1.5584232E+03   2.0300000E+02   1.6700000E+02   0.0000000E+00   0.0000000E+00
   1.5584307E+03   1.9500000E+02   1.7700000E+02   0.0000000E+00   0.0000000E+00
   1.5584382E+03   1.9500000E+02   1.6000000E+02   0.0000000E+00   0.0000000E+00
   1.5584457E+03   1.6400000E+02   1.4600000E+02   0.0000000E+00   0.0000000E+00
   1.5584533E+03   1.9200000E+02   1.6700000E+02   0.0000000E+00   0.0000000E+00
   1.5584608E+03   2.0900000E+02   1.7800000E+02   0.0000000E+00   0.0000000E+00
   1.5584683E+03   1.8600000E+02   1.6000000E+02   0.0000000E+00   0.0000000E+00
   1.5584759E+03   1.5900000E+02   1.4300000E+02   0.0000000E+00   0.0000000E+00
   1.5584834E+03   1.9400000E+02   1.6000000E+02   0.0000000E+00   0.0000000E+00
   1.5584909E+03   1.7800000E+02   1.5500000E+02   0.0000000E+00   0.0000000E+00
   1.5584984E+03   1.9100000E+02   1.6800000E+02   0.0000000E+00   0.0000000E+00
   1.5585060E+03   1.7400000E+02   1.5200000E+02   0.0000000E+00   0.0000000E+00
   1.5585135E+03   1.5900000E+02   1.4600000E+02   4.6250059E-03   5.0368215E-03
   1.5585210E+03   1.7700000E+02   1.5600000E+02   0.0000000E+00   0.0000000E+00
   1.5585286E+03   1.5900000E+02   1.4700000E+02   5.9521363E-03   6.4380250E-03
   1.5585361E+03   1.8300000E+02   1.5900000E+02   0.0000000E+00   0.0000000E+00
   1.5585436E+03   1.8600000E+02   1.6300000E+02   0.0000000E+00   0.0000000E+00
   1.5585511E+03   1.5600000E+02   1.3300000E+02   0.0000000E+00   0.0000000E+00
   1.5585587E+03   1.7100000E+02   1.4200000E+02   0.0000000E+00   0.0000000E+00
   1.5585662E+03   1.7700000E+02   1.5000000E+02   0.0000000E+00   0.0000000E+00
   1.5585737E+03   1.7000000E+02   1.4200000E+02   0.0000000E+00   0.0000000E+00
   1.5585813E+03   1.8200000E+02   1.5800000E+02   0.0000000E+00   0.0000000E+00
   1.5585888E+03   1.8100000E+02   1.5900000E+02   0.0000000E+00   0.0000000E+00
   1.5585963E+03   1.6500000E+02   1.4200000E+02   0.0000000E+00   0.0000000E+00
   1.5586038E+03   1.5800000E+02   1.4100000E+02   0.0000000E+00   0.0000000E+00
   1.5586114E+03   1.4400000E+02   1.2200000E+02   4.3661602E-03   5.1535006E-03
   1.5586189E+03   1.6800000E+02   1.4100000E+02   2.7180127E-03   3.2384832E-03
   1.5586264E+03   1.6800000E+02   1.4000000E+02   0.0000000E+00   0.0000000E+00
   1.5586340E+03   1.6400000E+02   1.3700000E+02   1.4960666E-03   1.7909118E-03
   1.5586415E+03   1.7900000E+02   1.5300000E+02   1.8421498E-03   2.1551949E-03
   1.5586490E+03   1.6200000E+02   1.4100000E+02   0.0000000E+00   0.0000000E+00
   1.5586565E+03   1.5600000E+02   1.4500000E+02   0.0000000E+00   0.0000000E+00
   1.5586641E+03   1.6700000E+02   1.4000000E+02   0.0000000E+00   0.0000000E+00
   1.5586716E+03   1.4400000E+02   1.2600000E+02   0.0000000E+00   0.0000000E+00
   1.5586791E+03   1.8700000E+02   1.7100000E+02   0.0000000E+00   0.0000000E+00
   1.5586867E+03   1.6800000E+02   1.3900000E+02   0.0000000E+00   0.0000000E+00
   1.5586942E+03   1.3900000E+02   1.2100000E+02   0.0000000E+00   0.0000000E+00
   1.5587017E+03   1.3300000E+02   1.1700000E+02   0.0000000E+00   0.0000000E+00
   1.5587092E+03   1.6400000E+02   1.4400000E+02   1.5448445E-03   1.7594062E-03
   1.5587168E+03   1.3600000E+02   1.1300000E+02   0.0000000E+00   0.0000000E+00
   1.5587243E+03   1.5200000E+02   1.3000000E+02   0.0000000E+00   0.0000000E+00
   1.5587318E+03   1.6600000E+02   1.4500000E+02   5.7665820E-03   6.6017421E-03
   1.5587393E+03   1.6500000E+02   1.4300000E+02   0.0000000E+00   0.0000000E+00
   1.5587469E+03   1.3500000E+02   1.2100000E+02   0.0000000E+00   0.0000000E+00
   1.5587544E+03   1.5400000E+02   1.2700000E+02   0.0000000E+00   0.0000000E+00
   1.5587619E+03   1.2200000E+02   1.0100000E+02   4.3679769E-03   5.2761701E-03
   1.5587695E+03   1.3800000E+02   1.2300000E+02   0.0000000E+00   0.0000000E+00
   1.5587770E+03   1.3700000E+02   1.1700000E+02   0.0000000E+00   0.0000000E+00
   1.5587845E+03   1.3600000E+02   1.1900000E+02   0.0000000E+00   0.0000000E+00
   1.5587920E+03   1.5100000E+02   1.4100000E+02   0.0000000E+00   0.0000000E+00
   1.5587996E+03   1.3500000E+02   1.1700000E+02   0.0000000E+00   0.0000000E+00
   1.5588071E+03   1.4900000E+02   1.2900000E+02   0.0000000E+00   0.0000000E+00
   1.5588146E+03   1.3700000E+02   1.2700000E+02   0.0000000E+00   0.0000000E+00
   1.5588222E+03   1.1500000E+02   9.8000000E+01   0.0000000E+00   0.0000000E+00
   1.5588297E+03   1.3900000E+02   1.1900000E+02   0.0000000E+00   0.0000000E+00
   1.5588372E+03   1.5100000E+02   1.2800000E+02   0.0000000E+00   0.0000000E+00
   1.5588447E+03   1.2500000E+02   1.0700000E+02   0.0000000E+00   0.0000000E+00
   1.5588523E+03   1.4000000E+02   1.1800000E+02   0.0000000E+00   0.0000000E+00
   1.5588598E+03   1.2300000E+02   1.0700000E+02   0.0000000E+00   0.0000000E+00
   1.5588673E+03   1.3500000E+02   1.1200000E+02   0.0000000E+00   0.0000000E+00
   1.5588749E+03   1.3400000E+02   1.1800000E+02   0.0000000E+00   0.0000000E+00
   1.5588824E+03   1.2600000E+02   1.1700000E+02   5.5595674E-03   5.9872264E-03
   1.5588899E+03   1.3200000E+02   1.1600000E+02   0.0000000E+00   0.0000000E+00
   1.5588974E+03   1.2400000E+02   1.0100000E+02   0.0000000E+00   0.0000000E+00
   1.5589050E+03   1.2700000E+02   1.0400000E+02   0.0000000E+00   0.0000000E+00
   1.5589125E+03   1.4200000E+02   1.2100000E+02   0.0000000E+00   0.0000000E+00
   1.5589200E+03   1.2800000E+02   1.1100000E+02   0.0000000E+00   0.0000000E+00
   1.5589276E+03   1.1400000E+02   1.0100000E+02   0.0000000E+00   0.0000000E+00
   1.5589351E+03   1.2700000E+02   1.1000000E+02   0.0000000E+00   0.0000000E+00
   1.5589426E+03   1.3300000E+02   1.2100000E+02   0.0000000E+00   0.0000000E+00
   1.5589501E+03   1.2300000E+02   1.0600000E+02   0.0000000E+00   0.0000000E+00
   1.5589577E+03   1.0700000E+02   9.1000000E+01   0.0000000E+00   0.0000000E+00
   1.5589652E+03   1.2400000E+02   1.0700000E+02   0.0000000E+00   0.0000000E+00
   1.5589727E+03   1.1800000E+02   1.0000000E+02   0.0000000E+00   0.0000000E+00
   1.5589803E+03   1.0200000E+02   8.7000000E+01   0.0000000E+00   0.0000000E+00
   1.5589878E+03   1.0100000E+02   7.9000000E+01   0.0000000E+00   0.0000000E+00
   1.5589953E+03   1.2100000E+02   9.5000000E+01   0.0000000E+00   0.0000000E+00
   1.5590028E+03   1.0100000E+02   8.7000000E+01   0.0000000E+00   0.0000000E+00
   1.5590104E+03   1.1300000E+02   1.0400000E+02   0.0000000E+00   0.0000000E+00
   1.5590179E+03   1.3800000E+02   1.1600000E+02   0.0000000E+00   0.0000000E+00
   1.5590254E+03   1.2700000E+02   1.1100000E+02   0.0000000E+00   0.0000000E+00
   1.5590330E+03   1.0000000E+02   8.6000000E+01   0.0000000E+00   0.0000000E+00
   1.5590405E+03   1.0700000E+02   9.3000000E+01   0.0000000E+00   0.0000000E+00
   1.5590480E+03   1.1300000E+02   1.0000000E+02   0.0000000E+00   0.0000000E+00
   1.5590555E+03   1.0700000E+02   9.1000000E+01   0.0000000E+00   0.0000000E+00
   1.5590631E+03   1.0300000E+02   8.8000000E+01   0.0000000E+00   0.0000000E+00
   1.5590706E+03   1.3300000E+02   1.1700000E+02   0.0000000E+00   0.0000000E+00
   1.5590781E+03   1.0300000E+02   9.3000000E+01   0.0000000E+00   0.0000000E+00
   1.5590857E+03   1.1000000E+02   9.6000000E+01   0.0000000E+00   0.0000000E+00
   1.5590932E+03   1.2200000E+02   1.0000000E+02   0.0000000E+00   0.0000000E+00
   1.5591007E+03   1.3100000E+02   1.0900000E+02   0.0000000E+00   0.0000000E+00
   1.5591082E+03   9.7000000E+01   8.8000000E+01   0.0000000E+00   0.0000000E+00
   1.5591158E+03   1.1200000E+02   9.9000000E+01   0.0000000E+00   0.0000000E+00
   1.5591233E+03   1.1100000E+02   9.6000000E+01   0.0000000E+00   0.0000000E+00
   1.5591308E+03   1.2300000E+02   1.0500000E+02   0.0000000E+00   0.0000000E+00
   1.5591384E+03   1.1100000E+02   9.1000000E+01   0.0000000E+00   0.0000000E+00
   1.5591459E+03   1.1300000E+02   9.4000000E+01   0.0000000E+00   0.0000000E+00
   1.5591534E+03   9.6000000E+01   8.4000000E+01   0.0000000E+00   0.0000000E+00
   1.5591609E+03   1.2800000E+02   1.1100000E+02   0.0000000E+00   0.0000000E+00
   1.5591685E+03   1.0500000E+02   9.2000000E+01   0.0000000E+00   0.0000000E+00
   1.5591760E+03   1.0400000E+02   9.1000000E+01   0.0000000E+00   0.0000000E+00
   1.5591835E+03   9.5000000E+01   8.2000000E+01   0.0000000E+00   0.0000000E+00
   1.5591910E+03   9.5000000E+01   8.2000000E+01   0.0000000E+00   0.0000000E+00
   1.5591986E+03   9.8000000E+01   8.3000000E+01   0.0000000E+00   0.0000000E+00
   1.5592061E+03   9.5000000E+01   8.3000000E+01   0.0000000E+00   0.0000000E+00
   1.5592136E+03   1.0700000E+02   8.6000000E+01   0.0000000E+00   0.0000000E+00
   1.5592212E+03   8.7000000E+01   7.7000000E+01   0.0000000E+00   0.0000000E+00
   1.5592287E+03   1.0000000E+02   9.1000000E+01   0.0000000E+00   0.0000000E+00
   1.5592362E+03   9.1000000E+01   7.6000000E+01   0.0000000E+00   0.0000000E+00
   1.5592437E+03   1.0200000E+02   8.8000000E+01   0.0000000E+00   0.0000000E+00
   1.5592513E+03   7.7000000E+01   6.9000000E+01   0.0000000E+00   0.0000000E+00
   1.5592588E+03   9.9000000E+01   8.4000000E+01   0.0000000E+00   0.0000000E+00
   1.5592663E+03   9.6000000E+01   8.6000000E+01   0.0000000E+00   0.0000000E+00
   1.5592739E+03   8.9000000E+01   7.3000000E+01   0.0000000E+00   0.0000000E+00
   1.5592814E+03   8.7000000E+01   7.5000000E+01   0.0000000E+00   0.0000000E+00
   1.5592889E+03   7.4000000E+01   6.5000000E+01   0.0000000E+00   0.0000000E+00
   1.5592964E+03   8.7000000E+01   7.7000000E+01   0.0000000E+00   0.0000000E+00
   1.5593040E+03   8.3000000E+01   7.2000000E+01   0.0000000E+00   0.0000000E+00
   1.5593115E+03   9.2000000E+01   7.8000000E+01   0.0000000E+00   0.0000000E+00
   1.5593190E+03   6.7000000E+01   6.1000000E+01   0.0000000E+00   0.0000000E+00
   1.5593266E+03   1.0300000E+02   9.2000000E+01   0.0000000E+00   0.0000000E+00
   1.5593341E+03   7.8000000E+01   7.1000000E+01   0.0000000E+00   0.0000000E+00
   1.5593416E+03   9.6000000E+01   8.1000000E+01   0.0000000E+00   0.0000000E+00
   1.5593491E+03   8.6000000E+01   7.9000000E+01   0.0000000E+00   0.0000000E+00
   1.5593567E+03   8.4000000E+01   6.9000000E+01   0.0000000E+00   0.0000000E+00
   1.5593642E+03   9.7000000E+01   8.3000000E+01   0.0000000E+00   0.0000000E+00
   1.5593717E+03   9.0000000E+01   8.0000000E+01   0.0000000E+00   0.0000000E+00
   1.5593793E+03   9.3000000E+01   7.9000000E+01   0.0000000E+00   0.0000000E+00
   1.5593868E+03   8.2000000E+01   7.2000000E+01   0.0000000E+00   0.0000000E+00
   1.5593943E+03   7.7000000E+01   6.8000000E+01   0.0000000E+00   0.0000000E+00
   1.5594018E+03   1.0500000E+02   9.7000000E+01   0.0000000E+00   0.0000000E+00
   1.5594094E+03   9.1000000E+01   8.3000000E+01   0.0000000E+00   0.0000000E+00
   1.5594169E+03   8.1000000E+01   7.0000000E+01   0.0000000E+00   0.0000000E+00
   1.5594244E+03   9.2000000E+01   8.0000000E+01   0.0000000E+00   0.0000000E+00
   1.5594320E+03   7.2000000E+01   6.0000000E+01   0.0000000E+00   0.0000000E+00
   1.5594395E+03   5.8000000E+01   5.2000000E+01   0.0000000E+00   0.0000000E+00
   1.5594470E+03   9.5000000E+01   8.2000000E+01   0.0000000E+00   0.0000000E+00
   1.5594545E+03   7.2000000E+01   6.1000000E+01   0.0000000E+00   0.0000000E+00
   1.5594621E+03   7.7000000E+01   6.2000000E+01   0.0000000E+00   0.0000000E+00
   1.5594696E+03   6.6000000E+01   5.5000000E+01   0.0000000E+00   0.0000000E+00
   1.5594771E+03   6.2000000E+01   4.9000000E+01   0.0000000E+00   0.0000000E+00
   1.5594847E+03   7.4000000E+01   6.2000000E+01   4.4131977E-03   5.2673650E-03
   1.5594922E+03   7.5000000E+01   6.6000000E+01   0.0000000E+00   0.0000000E+00
   1.5594997E+03   8.2000000E+01   7.5000000E+01   0.0000000E+00   0.0000000E+00
   1.5595072E+03   7.4000000E+01   6.8000000E+01   0.0000000E+00   0.0000000E+00
   1.5595148E+03   7.8000000E+01   6.4000000E+01   0.0000000E+00   0.0000000E+00
   1.5595223E+03   8.3000000E+01   7.2000000E+01   0.0000000E+00   0.0000000E+00
   1.5595298E+03   6.6000000E+01   5.7000000E+01   0.0000000E+00   0.0000000E+00
   1.5595374E+03   6.8000000E+01   5.6000000E+01   0.0000000E+00   0.0000000E+00
   1.5595449E+03   7.1000000E+01   5.4000000E+01   0.0000000E+00   0.0000000E+00
   1.5595524E+03   6.2000000E+01   5.2000000E+01   0.0000000E+00   0.0000000E+00
   1.5595599E+03   7.2000000E+01   6.1000000E+01   0.0000000E+00   0.0000000E+00
   1.5595675E+03   7.7000000E+01   7.0000000E+01   0.0000000E+00   0.0000000E+00
   1.5595750E+03   6.0000000E+01   5.6000000E+01   0.0000000E+00   0.0000000E+00
   1.5595825E+03   7.5000000E+01   6.6000000E+01   0.0000000E+00   0.0000000E+00
   1.5595901E+03   6.8000000E+01   5.7000000E+01   0.0000000E+00   0.0000000E+00
   1.5595976E+03   7.0000000E+01   6.4000000E+01   0.0000000E+00   0.0000000E+00
   1.5596051E+03   6.6000000E+01   5.5000000E+01   0.0000000E+00   0.0000000E+00
   1.5596126E+03   7.1000000E+01   6.2000000E+01   0.0000000E+00   0.0000000E+00
   1.5596202E+03   5.9000000E+01   4.8000000E+01   0.0000000E+00   0.0000000E+00
   1.5596277E+03   6.4000000E+01   5.7000000E+01   0.0000000E+00   0.0000000E+00
   1.5596352E+03   7.1000000E+01   5.6000000E+01   0.0000000E+00   0.0000000E+00
   1.5596427E+03   5.0000000E+01   4.3000000E+01   0.0000000E+00   0.0000000E+00
   1.5596503E+03   6.9000000E+01   5.9000000E+01   0.0000000E+00   0.0000000E+00
   1.5596578E+03   7.1000000E+01   6.2000000E+01   0.0000000E+00   0.0000000E+00
   1.5596653E+03   5.6000000E+01   4.8000000E+01   0.0000000E+00   0.0000000E+00
   1.5596729E+03   5.7000000E+01   5.1000000E+01   0.0000000E+00   0.0000000E+00
   1.5596804E+03   6.5000000E+01   5.6000000E+01   0.0000000E+00   0.0000000E+00
   1.5596879E+03   7.1000000E+01   6.0000000E+01   0.0000000E+00   0.0000000E+00
   1.5596954E+03   6.7000000E+01   5.4000000E+01   0.0000000E+00   0.0000000E+00
   1.5597030E+03   6.3000000E+01   5.8000000E+01   0.0000000E+00   0.0000000E+00
   1.5597105E+03   6.8000000E+01   6.1000000E+01   0.0000000E+00   0.0000000E+00
   1.5597180E+03   5.7000000E+01   5.2000000E+01   0.0000000E+00   0.0000000E+00
   1.5597256E+03   5.9000000E+01   5.0000000E+01   0.0000000E+00   0.0000000E+00
   1.5597331E+03   5.6000000E+01   5.2000000E+01   0.0000000E+00   0.0000000E+00
   1.5597406E+03   6.8000000E+01   6.4000000E+01   0.0000000E+00   0.0000000E+00
   1.5597481E+03   5.2000000E+01   4.4000000E+01   0.0000000E+00   0.0000000E+00
   1.5597557E+03   5.3000000E+01   4.4000000E+01   0.0000000E+00   0.0000000E+00
   1.5597632E+03   5.4000000E+01   4.4000000E+01   0.0000000E+00   0.0000000E+00
   1.5597707E+03   5.6000000E+01   5.1000000E+01   0.0000000E+00   0.0000000E+00
   1.5597783E+03   5.1000000E+01   4.6000000E+01   0.0000000E+00   0.0000000E+00
   1.5597858E+03   5.7000000E+01   5.0000000E+01   0.0000000E+00   0.0000000E+00
   1.5597933E+03   6.0000000E+01   5.0000000E+01   0.0000000E+00   0.0000000E+00
   1.5598008E+03   4.2000000E+01   3.6000000E+01   0.0000000E+00   0.0000000E+00
   1.5598084E+03   7.6000000E+01   6.1000000E+01   0.0000000E+00   0.0000000E+00
   1.5598159E+03   5.2000000E+01   4.2000000E+01   0.0000000E+00   0.0000000E+00
   1.5598234E+03   7.2000000E+01   6.6000000E+01   0.0000000E+00   0.0000000E+00
   1.5598310E+03   4.3000000E+01   3.4000000E+01   0.0000000E+00   0.0000000E+00
   1.5598385E+03   4.2000000E+01   3.5000000E+01   0.0000000E+00   0.0000000E+00
   1.5598460E+03   4.9000000E+01   4.2000000E+01   0.0000000E+00   0.0000000E+00
   1.5598535E+03   4.6000000E+01   3.8000000E+01   0.0000000E+00   0.0000000E+00
   1.5598611E+03   4.7000000E+01   3.8000000E+01   0.0000000E+00   0.0000000E+00
   1.5598686E+03   5.3000000E+01   4.3000000E+01   0.0000000E+00   0.0000000E+00
   1.5598761E+03   5.1000000E+01   3.9000000E+01   1.7628811E-03   2.3053061E-03
   1.5598837E+03   5.8000000E+01   4.7000000E+01   0.0000000E+00   0.0000000E+00
   1.5598912E+03   4.7000000E+01   4.1000000E+01   0.0000000E+00   0.0000000E+00
   1.5598987E+03   5.4000000E+01   4.8000000E+01   0.0000000E+00   0.0000000E+00
   1.5599062E+03   5.5000000E+01   4.5000000E+01   0.0000000E+00   0.0000000E+00
   1.5599138E+03   4.6000000E+01   3.7000000E+01   0.0000000E+00   0.0000000E+00
   1.5599213E+03   6.2000000E+01   5.3000000E+01   0.0000000E+00   0.0000000E+00
   1.5599288E+03   5.2000000E+01   4.5000000E+01   0.0000000E+00   0.0000000E+00
   1.5599364E+03   5.3000000E+01   4.9000000E+01   0.0000000E+00   0.0000000E+00
   1.5599439E+03   4.3000000E+01   3.7000000E+01   0.0000000E+00   0.0000000E+00
   1.5599514E+03   5.6000000E+01   4.7000000E+01   0.0000000E+00   0.0000000E+00
   1.5599589E+03   4.9000000E+01   4.3000000E+01   0.0000000E+00   0.0000000E+00
   1.5599665E+03   4.7000000E+01   3.8000000E+01   0.0000000E+00   0.0000000E+00
   1.5599740E+03   5.2000000E+01   4.6000000E+01   0.0000000E+00   0.0000000E+00
   1.5599815E+03   4.3000000E+01   4.0000000E+01   0.0000000E+00   0.0000000E+00
   1.5599891E+03   5.1000000E+01   4.4000000E+01   0.0000000E+00   0.0000000E+00
   1.5599966E+03   4.7000000E+01   4.5000000E+01   0.0000000E+00   0.0000000E+00
   1.5600041E+03   4.2000000E+01   3.6000000E+01   0.0000000E+00   0.0000000E+00
   1.5600116E+03   4.5000000E+01   3.4000000E+01   0.0000000E+00   0.0000000E+00
   1.5600192E+03   5.5000000E+01   5.1000000E+01   0.0000000E+00   0.0000000E+00
   1.5600267E+03   5.8000000E+01   4.6000000E+01   0.0000000E+00   0.0000000E+00
   1.5600342E+03   5.2000000E+01   4.1000000E+01   0.0000000E+00   0.0000000E+00
   1.5600418E+03   4.2000000E+01   3.9000000E+01   0.0000000E+00   0.0000000E+00
   1.5600493E+03   5.1000000E+01   4.3000000E+01   0.0000000E+00   0.0000000E+00
   1.5600568E+03   4.8000000E+01   3.9000000E+01   0.0000000E+00   0.0000000E+00
   1.5600643E+03   4.1000000E+01   3.7000000E+01   0.0000000E+00   0.0000000E+00
   1.5600719E+03   4.2000000E+01   3.8000000E+01   0.0000000E+00   0.0000000E+00
   1.5600794E+03   4.1000000E+01   3.6000000E+01   0.0000000E+00   0.0000000E+00
   1.5600869E+03   4.7000000E+01   4.1000000E+01   0.0000000E+00   0.0000000E+00
   1.5600944E+03   4.0000000E+01   3.6000000E+01   0.0000000E+00   0.0000000E+00
   1.5601020E+03   4.2000000E+01   3.8000000E+01   0.0000000E+00   0.0000000E+00
   1.5601095E+03   5.2000000E+01   4.7000000E+01   0.0000000E+00   0.0000000E+00
   1.5601170E+03   4.3000000E+01   3.6000000E+01   0.0000000E+00   0.0000000E+00
   1.5601246E+03   4.2000000E+01   3.9000000E+01   0.0000000E+00   0.0000000E+00
   1.5601321E+03   4.1000000E+01   3.5000000E+01   0.0000000E+00   0.0000000E+00
   1.5601396E+03   5.4000000E+01   4.6000000E+01   0.0000000E+00   0.0000000E+00
   1.5601471E+03   4.7000000E+01   4.4000000E+01   0.0000000E+00   0.0000000E+00
   1.5601547E+03   4.8000000E+01   4.4000000E+01   0.0000000E+00   0.0000000E+00
   1.5601622E+03   5.3000000E+01   4.5000000E+01   0.0000000E+00   0.0000000E+00
   1.5601697E+03   4.4000000E+01   3.9000000E+01   0.0000000E+00   0.0000000E+00
   1.5601773E+03   4.1000000E+01   3.6000000E+01   0.0000000E+00   0.0000000E+00
   1.5601848E+03   3.6000000E+01   3.0000000E+01   0.0000000E+00   0.0000000E+00
   1.5601923E+03   4.0000000E+01   2.9000000E+01   0.0000000E+00   0.0000000E+00
   1.5601998E+03   4.3000000E+01   3.8000000E+01   0.0000000E+00   0.0000000E+00
   1.5602074E+03   2.7000000E+01   2.4000000E+01   0.0000000E+00   0.0000000E+00
   1.5602149E+03   3.9000000E+01   3.3000000E+01   0.0000000E+00   0.0000000E+00
   1.5602224E+03   4.7000000E+01   3.6000000E+01   0.0000000E+00   0.0000000E+00
   1.5602300E+03   3.7000000E+01   3.3000000E+01   0.0000000E+00   0.0000000E+00
   1.5602375E+03   3.1000000E+01   2.7000000E+01   0.0000000E+00   0.0000000E+00
   1.5602450E+03   3.8000000E+01   3.4000000E+01   0.0000000E+00   0.0000000E+00
   1.5602525E+03   3.7000000E+01   3.1000000E+01   0.0000000E+00   0.0000000E+00
   1.5602601E+03   2.9000000E+01   2.5000000E+01   0.0000000E+00   0.0000000E+00
   1.5602676E+03   4.0000000E+01   3.5000000E+01   0.0000000E+00   0.0000000E+00
   1.5602751E+03   4.2000000E+01   3.4000000E+01   0.0000000E+00   0.0000000E+00
   1.5602827E+03   4.3000000E+01   3.8000000E+01   0.0000000E+00   0.0000000E+00
   1.5602902E+03   3.0000000E+01   2.7000000E+01   0.0000000E+00   0.0000000E+00
   1.5602977E+03   3.9000000E+01   3.7000000E+01   0.0000000E+00   0.0000000E+00
   1.5603052E+03   4.1000000E+01   3.8000000E+01   0.0000000E+00   0.0000000E+00
   1.5603128E+03   3.5000000E+01   3.3000000E+01   0.0000000E+00   0.0000000E+00
   1.5603203E+03   4.4000000E+01   3.5000000E+01   0.0000000E+00   0.0000000E+00
   1.5603278E+03   4.0000000E+01   3.0000000E+01   0.0000000E+00   0.0000000E+00
   1.5603354E+03   2.5000000E+01   2.3000000E+01   0.0000000E+00   0.0000000E+00
   1.5603429E+03   3.3000000E+01   2.9000000E+01   0.0000000E+00   0.0000000E+00
   1.5603504E+03   4.0000000E+01   3.3000000E+01   0.0000000E+00   0.0000000E+00
   1.5603579E+03   2.5000000E+01   2.2000000E+01   0.0000000E+00   0.0000000E+00
   1.5603655E+03   4.0000000E+01   3.4000000E+01   0.0000000E+00   0.0000000E+00
   1.5603730E+03   3.1000000E+01   2.7000000E+01   0.0000000E+00   0.0000000E+00
   1.5603805E+03   3.0000000E+01   2.9000000E+01   0.0000000E+00   0.0000000E+00
   1.5603881E+03   3.1000000E+01   2.3000000E+01   0.0000000E+00   0.0000000E+00
   1.5603956E+03   3.9000000E+01   3.2000000E+01   0.0000000E+00   0.0000000E+00
   1.5604031E+03   3.7000000E+01   3.2000000E+01   0.0000000E+00   0.0000000E+00
   1.5604106E+03   3.4000000E+01   2.5000000E+01   0.0000000E+00   0.0000000E+00
   1.5604182E+03   3.8000000E+01   3.6000000E+01   0.0000000E+00   0.0000000E+00
   1.5604257E+03   3.2000000E+01   2.8000000E+01   0.0000000E+00   0.0000000E+00
   1.5604332E+03   4.2000000E+01   3.3000000E+01   0.0000000E+00   0.0000000E+00
   1.5604408E+03   3.6000000E+01   2.8000000E+01   0.0000000E+00   0.0000000E+00
   1.5604483E+03   2.9000000E+01   2.7000000E+01   0.0000000E+00   0.0000000E+00
   1.5604558E+03   2.2000000E+01   1.7000000E+01   0.0000000E+00   0.0000000E+00
   1.5604633E+03   2.4000000E+01   2.0000000E+01   0.0000000E+00   0.0000000E+00
   1.5604709E+03   2.6000000E+01   2.2000000E+01   0.0000000E+00   0.0000000E+00
   1.5604784E+03   2.8000000E+01   2.0000000E+01   0.0000000E+00   0.0000000E+00
   1.5604859E+03   2.3000000E+01   2.0000000E+01   0.0000000E+00   0.0000000E+00
   1.5604935E+03   3.5000000E+01   3.1000000E+01   0.0000000E+00   0.0000000E+00
   1.5605010E+03   2.6000000E+01   2.4000000E+01   0.0000000E+00   0.0000000E+00
   1.5605085E+03   2.5000000E+01   2.3000000E+01   0.0000000E+00   0.0000000E+00
   1.5605160E+03   2.6000000E+01   2.3000000E+01   0.0000000E+00   0.0000000E+00
   1.5605236E+03   2.5000000E+01   2.4000000E+01   0.0000000E+00   0.0000000E+00
   1.5605311E+03   2.7000000E+01   2.6000000E+01   0.0000000E+00   0.0000000E+00
   1.5605386E+03   2.7000000E+01   2.3000000E+01   0.0000000E+00   0.0000000E+00
   1.5605461E+03   3.7000000E+01   3.5000000E+01   0.0000000E+00   0.0000000E+00
   1.5605537E+03   2.8000000E+01   2.4000000E+01   0.0000000E+00   0.0000000E+00
   1.5605612E+03   1.9000000E+01   1.5000000E+01   0.0000000E+00   0.0000000E+00
   1.5605687E+03   2.3000000E+01   1.9000000E+01   0.0000000E+00   0.0000000E+00
   1.5605763E+03   2.0000000E+01   1.7000000E+01   0.0000000E+00   0.0000000E+00
   1.5605838E+03   2.2000000E+01   1.8000000E+01   0.0000000E+00   0.0000000E+00
   1.5605913E+03   2.4000000E+01   2.1000000E+01   0.0000000E+00   0.0000000E+00
   1.5605988E+03   2.8000000E+01   2.6000000E+01   0.0000000E+00   0.0000000E+00
   1.5606064E+03   3.1000000E+01   2.9000000E+01   0.0000000E+00   0.0000000E+00
   1.5606139E+03   1.7000000E+01   1.5000000E+01   0.0000000E+00   0.0000000E+00
   1.5606214E+03   1.6000000E+01   1.5000000E+01   0.0000000E+00   0.0000000E+00
   1.5606290E+03   2.8000000E+01   2.3000000E+01   0.0000000E+00   0.0000000E+00
   1.5606365E+03   2.8000000E+01   2.7000000E+01   0.0000000E+00   0.0000000E+00
   1.5606440E+03   2.9000000E+01   2.8000000E+01   0.0000000E+00   0.0000000E+00
   1.5606515E+03   3.6000000E+01   3.1000000E+01   0.0000000E+00   0.0000000E+00
   1.5606591E+03   2.7000000E+01   2.5000000E+01   0.0000000E+00   0.0000000E+00
   1.5606666E+03   2.4000000E+01   2.0000000E+01   0.0000000E+00   0.0000000E+00
   1.5606741E+03   1.8000000E+01   1.7000000E+01   0.0000000E+00   0.0000000E+00
   1.5606817E+03   1.8000000E+01   1.6000000E+01   0.0000000E+00   0.0000000E+00
   1.5606892E+03   2.3000000E+01   2.1000000E+01   0.0000000E+00   0.0000000E+00
   1.5606967E+03   2.4000000E+01   2.2000000E+01   0.0000000E+00   0.0000000E+00
   1.5607042E+03   1.9000000E+01   1.7000000E+01   0.0000000E+00   0.0000000E+00
   1.5607118E+03   2.1000000E+01   1.9000000E+01   0.0000000E+00   0.0000000E+00
   1.5607193E+03   1.8000000E+01   1.6000000E+01   0.0000000E+00   0.0000000E+00
   1.5607268E+03   1.9000000E+01   1.7000000E+01   0.0000000E+00   0.0000000E+00
   1.5607344E+03   2.3000000E+01   1.6000000E+01   0.0000000E+00   0.0000000E+00
   1.5607419E+03   1.8000000E+01   1.4000000E+01   0.0000000E+00   0.0000000E+00
   1.5607494E+03   2.4000000E+01   2.1000000E+01   0.0000000E+00   0.0000000E+00
   1.5607569E+03   2.0000000E+01   1.6000000E+01   0.0000000E+00   0.0000000E+00
   1.5607645E+03   1.5000000E+01   1.4000000E+01   0.0000000E+00   0.0000000E+00
   1.5607720E+03   1.7000000E+01   1.7000000E+01   0.0000000E+00   0.0000000E+00
