   1.5381945E+03   7.5400000E+02   7.4000000E+02   0.0000000E+00   0.0000000E+00
   1.5382021E+03   7.4200000E+02   7.3300000E+02   0.0000000E+00   0.0000000E+00
   1.5382096E+03   7.4700000E+02   7.3400000E+02   0.0000000E+00   0.0000000E+00
   1.5382171E+03   7.7900000E+02   7.7100000E+02   0.0000000E+00   0.0000000E+00
   1.5382246E+03   7.7100000E+02   7.5700000E+02   0.0000000E+00   0.0000000E+00
   1.5382322E+03   7.5100000E+02   7.4200000E+02   0.0000000E+00   0.0000000E+00
   1.5382397E+03   7.7300000E+02   7.5700000E+02   0.0000000E+00   0.0000000E+00
   1.5382472E+03   7.8800000E+02   7.7300000E+02   0.0000000E+00   0.0000000E+00
   1.5382548E+03   8.5900000E+02   8.4100000E+02   0.0000000E+00   0.0000000E+00
   1.5382623E+03   8.0600000E+02   7.9600000E+02   0.0000000E+00   0.0000000E+00
   1.5382698E+03   7.8600000E+02   7.7200000E+02   0.0000000E+00   0.0000000E+00
   1.5382773E+03   8.2700000E+02   8.1200000E+02   0.0000000E+00   0.0000000E+00
   1.5382849E+03   7.2500000E+02   7.1000000E+02   0.0000000E+00   0.0000000E+00
   1.5382924E+03   7.5300000E+02   7.4100000E+02   0.0000000E+00   0.0000000E+00
   1.5382999E+03   7.4800000E+02   7.4300000E+02   0.0000000E+00   0.0000000E+00
   1.5383075E+03   7.7700000E+02   7.6600000E+02   0.0000000E+00   0.0000000E+00
   1.5383150E+03   7.7600000E+02   7.6300000E+02   0.0000000E+00   0.0000000E+00
   1.5383225E+03   7.8900000E+02   7.8100000E+02   0.0000000E+00   0.0000000E+00
   1.5383300E+03   8.0300000E+02   7.8700000E+02   0.0000000E+00   0.0000000E+00
   1.5383376E+03   8.2400000E+02   8.1800000E+02   0.0000000E+00   0.0000000E+00
   1.5383451E+03   8.5400000E+02   8.4100000E+02   0.0000000E+00   0.0000000E+00
   1.5383526E+03   8.2100000E+02   8.0700000E+02   0.0000000E+00   0.0000000E+00
   1.5383602E+03   8.1100000E+02   8.0300000E+02   0.0000000E+00   0.0000000E+00
   1.5383677E+03   8.0500000E+02   7.9400000E+02   0.0000000E+00   0.0000000E+00
   1.5383752E+03   8.3400000E+02   8.2100000E+02   0.0000000E+00   0.0000000E+00
   1.5383827E+03   8.3900000E+02   8.2000000E+02   0.0000000E+00   0.0000000E+00
   1.5383903E+03   8.2600000E+02   8.1600000E+02   0.0000000E+00   0.0000000E+00
   1.5383978E+03   8.0600000E+02   7.9900000E+02   0.0000000E+00   0.0000000E+00
   1.5384053E+03   8.3100000E+02   8.1700000E+02   0.0000000E+00   0.0000000E+00
   1.5384128E+03   8.4700000E+02   8.3200000E+02   0.0000000E+00   0.0000000E+00
   1.5384204E+03   8.4100000E+02   8.3400000E+02   0.0000000E+00   0.0000000E+00
   1.5384279E+03   7.6900000E+02   7.5800000E+02   0.0000000E+00   0.0000000E+00
   1.5384354E+03   7.7700000E+02   7.6400000E+02   0.0000000E+00   0.0000000E+00
   1.5384430E+03   8.4100000E+02   8.3400000E+02   0.0000000E+00   0.0000000E+00
   1.5384505E+03   8.5100000E+02   8.4000000E+02   0.0000000E+00   0.0000000E+00
   1.5384580E+03   8.3700000E+02   8.2500000E+02   0.0000000E+00   0.0000000E+00
   1.5384655E+03   8.3600000E+02   8.2400000E+02   0.0000000E+00   0.0000000E+00
   1.5384731E+03   8.9200000E+02   8.7700000E+02   0.0000000E+00   0.0000000E+00
   1.5384806E+03   8.1800000E+02   8.0900000E+02   0.0000000E+00   0.0000000E+00
   1.5384881E+03   8.3200000E+02   8.2100000E+02   0.0000000E+00   0.0000000E+00
   1.5384957E+03   8.9100000E+02   8.8200000E+02   0.0000000E+00   0.0000000E+00
   1.5385032E+03   8.2800000E+02   8.0800000E+02   0.0000000E+00   0.0000000E+00
   1.5385107E+03   8.7800000E+02   8.6600000E+02   0.0000000E+00   0.0000000E+00
   1.5385182E+03   8.0100000E+02   7.9300000E+02   0.0000000E+00   0.0000000E+00
   1.5385258E+03   8.9000000E+02   8.7200000E+02   0.0000000E+00   0.0000000E+00
   1.5385333E+03   8.3700000E+02   8.2300000E+02   0.0000000E+00   0.0000000E+00
   1.5385408E+03   8.9000000E+02   8.7800000E+02   0.0000000E+00   0.0000000E+00
   1.5385484E+03   8.7300000E+02   8.6200000E+02   0.0000000E+00   0.0000000E+00
   1.5385559E+03   8.5500000E+02   8.4900000E+02   0.0000000E+00   0.0000000E+00
   1.5385634E+03   8.6600000E+02   8.5200000E+02   0.0000000E+00   0.0000000E+00
   1.5385709E+03   8.9000000E+02   8.7600000E+02   0.0000000E+00   0.0000000E+00
   1.5385785E+03   8.7900000E+02   8.6600000E+02   0.0000000E+00   0.0000000E+00
   1.5385860E+03   8.7500000E+02   8.5800000E+02   0.0000000E+00   0.0000000E+00
   1.5385935E+03   8.9400000E+02   8.7900000E+02   0.0000000E+00   0.0000000E+00
   1.5386011E+03   8.6400000E+02   8.5100000E+02   0.0000000E+00   0.0000000E+00
   1.5386086E+03   8.6200000E+02   8.4700000E+02   0.0000000E+00   0.0000000E+00
   1.5386161E+03   8.6500000E+02   8.5100000E+02   0.0000000E+00   0.0000000E+00
   1.5386236E+03   8.8800000E+02   8.7300000E+02   0.0000000E+00   0.0000000E+00
   1.5386312E+03   8.9700000E+02   8.8700000E+02   0.0000000E+00   0.0000000E+00
   1.5386387E+03   9.4600000E+02   9.3200000E+02   0.0000000E+00   0.0000000E+00
   1.5386462E+03   8.6600000E+02   8.5400000E+02   0.0000000E+00   0.0000000E+00
   1.5386538E+03   8.5000000E+02   8.3700000E+02   0.0000000E+00   0.0000000E+00
   1.5386613E+03   8.5300000E+02   8.4700000E+02   0.0000000E+00   0.0000000E+00
   1.5386688E+03   9.2800000E+02   9.1500000E+02   0.0000000E+00   0.0000000E+00
   1.5386763E+03   8.7000000E+02   8.5500000E+02   0.0000000E+00   0.0000000E+00
   1.5386839E+03   9.2400000E+02   9.0800000E+02   0.0000000E+00   0.0000000E+00
   1.5386914E+03   9.2200000E+02   9.0500000E+02   0.0000000E+00   0.0000000E+00
   1.5386989E+03   9.2900000E+02   9.1200000E+02   0.0000000E+00   0.0000000E+00
   1.5387065E+03   8.9900000E+02   8.8600000E+02   0.0000000E+00   0.0000000E+00
   1.5387140E+03   9.0600000E+02   8.9000000E+02   0.0000000E+00   0.0000000E+00
   1.5387215E+03   9.6100000E+02   9.5000000E+02   0.0000000E+00   0.0000000E+00
   1.5387290E+03   9.3200000E+02   9.2200000E+02   0.0000000E+00   0.0000000E+00
   1.5387366E+03   9.1600000E+02   9.0200000E+02   0.0000000E+00   0.0000000E+00
   1.5387441E+03   9.1500000E+02   9.0200000E+02   0.0000000E+00   0.0000000E+00
   1.5387516E+03   9.6000000E+02   9.4200000E+02   0.0000000E+00   0.0000000E+00
   1.5387592E+03   9.2100000E+02   9.1000000E+02   0.0000000E+00   0.0000000E+00
   1.5387667E+03   9.1700000E+02   8.9800000E+02   0.0000000E+00   0.0000000E+00
   1.5387742E+03   9.2300000E+02   9.0900000E+02   0.0000000E+00   0.0000000E+00
   1.5387817E+03   9.7400000E+02   9.6200000E+02   0.0000000E+00   0.0000000E+00
   1.5387893E+03   9.4700000E+02   9.3700000E+02   0.0000000E+00   0.0000000E+00
   1.5387968E+03   9.0700000E+02   8.9200000E+02   0.0000000E+00   0.0000000E+00
   1.5388043E+03   9.4900000E+02   9.3600000E+02   0.0000000E+00   0.0000000E+00
   1.5388119E+03   9.6500000E+02   9.4800000E+02   0.0000000E+00   0.0000000E+00
   1.5388194E+03   8.9200000E+02   8.8000000E+02   0.0000000E+00   0.0000000E+00
   1.5388269E+03   9.9300000E+02   9.7400000E+02   0.0000000E+00   0.0000000E+00
   1.5388344E+03   9.7000000E+02   9.6500000E+02   0.0000000E+00   0.0000000E+00
   1.5388420E+03   9.4700000E+02   9.3000000E+02   0.0000000E+00   0.0000000E+00
   1.5388495E+03   9.6700000E+02   9.4600000E+02   0.0000000E+00   0.0000000E+00
   1.5388570E+03   9.7600000E+02   9.6300000E+02   0.0000000E+00   0.0000000E+00
   1.5388646E+03   9.9500000E+02   9.8300000E+02   0.0000000E+00   0.0000000E+00
   1.5388721E+03   1.0020000E+03   9.8500000E+02   0.0000000E+00   0.0000000E+00
   1.5388796E+03   9.8200000E+02   9.6900000E+02   0.0000000E+00   0.0000000E+00
   1.5388871E+03   9.7000000E+02   9.6000000E+02   0.0000000E+00   0.0000000E+00
   1.5388947E+03   9.5000000E+02   9.4100000E+02   0.0000000E+00   0.0000000E+00
   1.5389022E+03   1.0080000E+03   9.9000000E+02   0.0000000E+00   0.0000000E+00
   1.5389097E+03   9.4800000E+02   9.3600000E+02   0.0000000E+00   0.0000000E+00
   1.5389172E+03   9.5200000E+02   9.3800000E+02   0.0000000E+00   0.0000000E+00
   1.5389248E+03   9.6200000E+02   9.4500000E+02   0.0000000E+00   0.0000000E+00
   1.5389323E+03   9.5600000E+02   9.4000000E+02   0.0000000E+00   0.0000000E+00
   1.5389398E+03   1.0280000E+03   1.0100000E+03   0.0000000E+00   0.0000000E+00
   1.5389474E+03   9.9500000E+02   9.7600000E+02   0.0000000E+00   0.0000000E+00
   1.5389549E+03   1.0300000E+03   1.0030000E+03   0.0000000E+00   0.0000000E+00
   1.5389624E+03   9.8400000E+02   9.6800000E+02   0.0000000E+00   0.0000000E+00
   1.5389699E+03   9.4100000E+02   9.2800000E+02   0.0000000E+00   0.0000000E+00
   1.5389775E+03   1.0080000E+03   9.9600000E+02   0.0000000E+00   0.0000000E+00
   1.5389850E+03   1.0520000E+03   1.0370000E+03   0.0000000E+00   0.0000000E+00
   1.5389925E+03   9.9600000E+02   9.7900000E+02   0.0000000E+00   0.0000000E+00
   1.5390001E+03   1.0110000E+03   9.9100000E+02   0.0000000E+00   0.0000000E+00
   1.5390076E+03   1.0220000E+03   1.0090000E+03   0.0000000E+00   0.0000000E+00
   1.5390151E+03   9.9600000E+02   9.7900000E+02   0.0000000E+00   0.0000000E+00
   1.5390226E+03   1.0480000E+03   1.0370000E+03   0.0000000E+00   0.0000000E+00
   1.5390302E+03   1.0280000E+03   1.0190000E+03   0.0000000E+00   0.0000000E+00
   1.5390377E+03   9.6600000E+02   9.5600000E+02   0.0000000E+00   0.0000000E+00
   1.5390452E+03   1.0630000E+03   1.0480000E+03   0.0000000E+00   0.0000000E+00
   1.5390528E+03   1.0180000E+03   9.9400000E+02   0.0000000E+00   0.0000000E+00
   1.5390603E+03   1.0330000E+03   1.0150000E+03   0.0000000E+00   0.0000000E+00
   1.5390678E+03   1.0540000E+03   1.0390000E+03   0.0000000E+00   0.0000000E+00
   1.5390753E+03   1.0370000E+03   1.0250000E+03   0.0000000E+00   0.0000000E+00
   1.5390829E+03   1.1210000E+03   1.1020000E+03   0.0000000E+00   0.0000000E+00
   1.5390904E+03   1.0610000E+03   1.0490000E+03   0.0000000E+00   0.0000000E+00
   1.5390979E+03   1.0490000E+03   1.0330000E+03   0.0000000E+00   0.0000000E+00
   1.5391055E+03   1.0300000E+03   1.0160000E+03   0.0000000E+00   0.0000000E+00
   1.5391130E+03   1.0750000E+03   1.0540000E+03   0.0000000E+00   0.0000000E+00
   1.5391205E+03   1.0330000E+03   1.0140000E+03   0.0000000E+00   0.0000000E+00
   1.5391280E+03   1.0300000E+03   1.0120000E+03   0.0000000E+00   0.0000000E+00
   1.5391356E+03   1.0410000E+03   1.0180000E+03   0.0000000E+00   0.0000000E+00
   1.5391431E+03   1.0630000E+03   1.0510000E+03   0.0000000E+00   0.0000000E+00
   1.5391506E+03   1.0550000E+03   1.0410000E+03   0.0000000E+00   0.0000000E+00
   1.5391582E+03   1.0140000E+03   9.9500000E+02   0.0000000E+00   0.0000000E+00
   1.5391657E+03   1.1010000E+03   1.0870000E+03   0.0000000E+00   0.0000000E+00
   1.5391732E+03   1.0480000E+03   1.0320000E+03   0.0000000E+00   0.0000000E+00
   1.5391807E+03   1.0860000E+03   1.0630000E+03   0.0000000E+00   0.0000000E+00
   1.5391883E+03   1.0310000E+03   1.0140000E+03   0.0000000E+00   0.0000000E+00
   1.5391958E+03   1.0720000E+03   1.0540000E+03   0.0000000E+00   0.0000000E+00
   1.5392033E+03   1.0690000E+03   1.0540000E+03   0.0000000E+00   0.0000000E+00
   1.5392109E+03   1.1890000E+03   1.1730000E+03   0.0000000E+00   0.0000000E+00
   1.5392184E+03   1.0550000E+03   1.0380000E+03   0.0000000E+00   0.0000000E+00
   1.5392259E+03   1.0820000E+03   1.0590000E+03   0.0000000E+00   0.0000000E+00
   1.5392334E+03   1.0730000E+03   1.0570000E+03   0.0000000E+00   0.0000000E+00
   1.5392410E+03   1.0960000E+03   1.0750000E+03   0.0000000E+00   0.0000000E+00
   1.5392485E+03   1.0900000E+03   1.0690000E+03   0.0000000E+00   0.0000000E+00
   1.5392560E+03   1.0780000E+03   1.0630000E+03   0.0000000E+00   0.0000000E+00
   1.5392636E+03   1.1710000E+03   1.1450000E+03   0.0000000E+00   0.0000000E+00
   1.5392711E+03   1.0890000E+03   1.0690000E+03   0.0000000E+00   0.0000000E+00
   1.5392786E+03   1.1300000E+03   1.1090000E+03   0.0000000E+00   0.0000000E+00
   1.5392861E+03   1.1040000E+03   1.0890000E+03   0.0000000E+00   0.0000000E+00
   1.5392937E+03   1.1390000E+03   1.1160000E+03   0.0000000E+00   0.0000000E+00
   1.5393012E+03   1.1490000E+03   1.1300000E+03   0.0000000E+00   0.0000000E+00
   1.5393087E+03   1.0730000E+03   1.0560000E+03   0.0000000E+00   0.0000000E+00
   1.5393162E+03   1.0930000E+03   1.0780000E+03   0.0000000E+00   0.0000000E+00
   1.5393238E+03   1.0980000E+03   1.0810000E+03   0.0000000E+00   0.0000000E+00
   1.5393313E+03   1.1780000E+03   1.1660000E+03   0.0000000E+00   0.0000000E+00
   1.5393388E+03   1.0410000E+03   1.0200000E+03   0.0000000E+00   0.0000000E+00
   1.5393464E+03   1.1300000E+03   1.1070000E+03   0.0000000E+00   0.0000000E+00
   1.5393539E+03   1.1010000E+03   1.0810000E+03   0.0000000E+00   0.0000000E+00
   1.5393614E+03   1.1580000E+03   1.1370000E+03   0.0000000E+00   0.0000000E+00
   1.5393689E+03   1.1670000E+03   1.1520000E+03   0.0000000E+00   0.0000000E+00
   1.5393765E+03   1.1940000E+03   1.1850000E+03   0.0000000E+00   0.0000000E+00
   1.5393840E+03   1.1480000E+03   1.1390000E+03   0.0000000E+00   0.0000000E+00
   1.5393915E+03   1.2030000E+03   1.1900000E+03   0.0000000E+00   0.0000000E+00
   1.5393991E+03   1.1730000E+03   1.1510000E+03   0.0000000E+00   0.0000000E+00
   1.5394066E+03   1.1180000E+03   1.1070000E+03   0.0000000E+00   0.0000000E+00
   1.5394141E+03   1.1730000E+03   1.1550000E+03   0.0000000E+00   0.0000000E+00
   1.5394216E+03   1.1760000E+03   1.1580000E+03   0.0000000E+00   0.0000000E+00
   1.5394292E+03   1.2200000E+03   1.1970000E+03   0.0000000E+00   0.0000000E+00
   1.5394367E+03   1.1820000E+03   1.1610000E+03   0.0000000E+00   0.0000000E+00
   1.5394442E+03   1.1260000E+03   1.1060000E+03   0.0000000E+00   0.0000000E+00
   1.5394518E+03   1.1110000E+03   1.1010000E+03   0.0000000E+00   0.0000000E+00
   1.5394593E+03   1.1690000E+03   1.1520000E+03   0.0000000E+00   0.0000000E+00
   1.5394668E+03   1.1590000E+03   1.1400000E+03   0.0000000E+00   0.0000000E+00
   1.5394743E+03   1.1820000E+03   1.1660000E+03   0.0000000E+00   0.0000000E+00
   1.5394819E+03   1.1680000E+03   1.1550000E+03   0.0000000E+00   0.0000000E+00
   1.5394894E+03   1.1790000E+03   1.1580000E+03   0.0000000E+00   0.0000000E+00
   1.5394969E+03   1.2120000E+03   1.1900000E+03   0.0000000E+00   0.0000000E+00
   1.5395045E+03   1.2420000E+03   1.2180000E+03   0.0000000E+00   0.0000000E+00
   1.5395120E+03   1.1300000E+03   1.1140000E+03   0.0000000E+00   0.0000000E+00
   1.5395195E+03   1.2290000E+03   1.2080000E+03   0.0000000E+00   0.0000000E+00
   1.5395270E+03   1.1730000E+03   1.1540000E+03   0.0000000E+00   0.0000000E+00
   1.5395346E+03   1.2030000E+03   1.1790000E+03   0.0000000E+00   0.0000000E+00
   1.5395421E+03   1.2150000E+03   1.1970000E+03   0.0000000E+00   0.0000000E+00
   1.5395496E+03   1.2250000E+03   1.2030000E+03   0.0000000E+00   0.0000000E+00
   1.5395572E+03   1.2530000E+03   1.2280000E+03   0.0000000E+00   0.0000000E+00
   1.5395647E+03   1.2440000E+03   1.2340000E+03   0.0000000E+00   0.0000000E+00
   1.5395722E+03   1.2330000E+03   1.2190000E+03   0.0000000E+00   0.0000000E+00
   1.5395797E+03   1.2070000E+03   1.1850000E+03   0.0000000E+00   0.0000000E+00
   1.5395873E+03   1.2760000E+03   1.2470000E+03   0.0000000E+00   0.0000000E+00
   1.5395948E+03   1.2070000E+03   1.1890000E+03   0.0000000E+00   0.0000000E+00
   1.5396023E+03   1.2400000E+03   1.2190000E+03   0.0000000E+00   0.0000000E+00
   1.5396099E+03   1.2450000E+03   1.2230000E+03   0.0000000E+00   0.0000000E+00
   1.5396174E+03   1.3000000E+03   1.2790000E+03   0.0000000E+00   0.0000000E+00
   1.5396249E+03   1.2780000E+03   1.2550000E+03   0.0000000E+00   0.0000000E+00
   1.5396324E+03   1.2490000E+03   1.2360000E+03   0.0000000E+00   0.0000000E+00
   1.5396400E+03   1.2640000E+03   1.2510000E+03   0.0000000E+00   0.0000000E+00
   1.5396475E+03   1.2650000E+03   1.2460000E+03   0.0000000E+00   0.0000000E+00
   1.5396550E+03   1.3370000E+03   1.3110000E+03   0.0000000E+00   0.0000000E+00
   1.5396626E+03   1.2400000E+03   1.2290000E+03   0.0000000E+00   0.0000000E+00
   1.5396701E+03   1.1920000E+03   1.1800000E+03   0.0000000E+00   0.0000000E+00
   1.5396776E+03   1.2590000E+03   1.2370000E+03   0.0000000E+00   0.0000000E+00
   1.5396851E+03   1.3250000E+03   1.2950000E+03   0.0000000E+00   0.0000000E+00
   1.5396927E+03   1.2830000E+03   1.2700000E+03   0.0000000E+00   0.0000000E+00
   1.5397002E+03   1.2610000E+03   1.2440000E+03   0.0000000E+00   0.0000000E+00
   1.5397077E+03   1.2420000E+03   1.2210000E+03   0.0000000E+00   0.0000000E+00
   1.5397153E+03   1.3030000E+03   1.2810000E+03   0.0000000E+00   0.0000000E+00
   1.5397228E+03   1.2930000E+03   1.2690000E+03   0.0000000E+00   0.0000000E+00
   1.5397303E+03   1.2540000E+03   1.2400000E+03   0.0000000E+00   0.0000000E+00
   1.5397378E+03   1.2330000E+03   1.2120000E+03   0.0000000E+00   0.0000000E+00
   1.5397454E+03   1.3630000E+03   1.3330000E+03   0.0000000E+00   0.0000000E+00
   1.5397529E+03   1.2620000E+03   1.2450000E+03   0.0000000E+00   0.0000000E+00
   1.5397604E+03   1.3070000E+03   1.2790000E+03   0.0000000E+00   0.0000000E+00
   1.5397679E+03   1.3320000E+03   1.3030000E+03   0.0000000E+00   0.0000000E+00
   1.5397755E+03   1.3380000E+03   1.3150000E+03   0.0000000E+00   0.0000000E+00
   1.5397830E+03   1.3400000E+03   1.3200000E+03   0.0000000E+00   0.0000000E+00
   1.5397905E+03   1.2980000E+03   1.2790000E+03   0.0000000E+00   0.0000000E+00
   1.5397981E+03   1.2920000E+03   1.2700000E+03   0.0000000E+00   0.0000000E+00
   1.5398056E+03   1.3250000E+03   1.3090000E+03   0.0000000E+00   0.0000000E+00
   1.5398131E+03   1.2740000E+03   1.2530000E+03   0.0000000E+00   0.0000000E+00
   1.5398206E+03   1.3460000E+03   1.3280000E+03   0.0000000E+00   0.0000000E+00
   1.5398282E+03   1.2850000E+03   1.2720000E+03   0.0000000E+00   0.0000000E+00
   1.5398357E+03   1.3500000E+03   1.3270000E+03   0.0000000E+00   0.0000000E+00
   1.5398432E+03   1.3230000E+03   1.3060000E+03   0.0000000E+00   0.0000000E+00
   1.5398508E+03   1.3250000E+03   1.3020000E+03   0.0000000E+00   0.0000000E+00
   1.5398583E+03   1.3400000E+03   1.3220000E+03   0.0000000E+00   0.0000000E+00
   1.5398658E+03   1.3600000E+03   1.3450000E+03   0.0000000E+00   0.0000000E+00
   1.5398733E+03   1.3320000E+03   1.3140000E+03   0.0000000E+00   0.0000000E+00
   1.5398809E+03   1.2840000E+03   1.2690000E+03   0.0000000E+00   0.0000000E+00
   1.5398884E+03   1.4160000E+03   1.3920000E+03   0.0000000E+00   0.0000000E+00
   1.5398959E+03   1.3610000E+03   1.3490000E+03   0.0000000E+00   0.0000000E+00
   1.5399035E+03   1.3900000E+03   1.3690000E+03   0.0000000E+00   0.0000000E+00
   1.5399110E+03   1.3890000E+03   1.3630000E+03   0.0000000E+00   0.0000000E+00
   1.5399185E+03   1.3350000E+03   1.3140000E+03   0.0000000E+00   0.0000000E+00
   1.5399260E+03   1.4000000E+03   1.3740000E+03   0.0000000E+00   0.0000000E+00
   1.5399336E+03   1.3600000E+03   1.3360000E+03   0.0000000E+00   0.0000000E+00
   1.5399411E+03   1.4560000E+03   1.4330000E+03   0.0000000E+00   0.0000000E+00
   1.5399486E+03   1.3690000E+03   1.3390000E+03   0.0000000E+00   0.0000000E+00
   1.5399562E+03   1.3530000E+03   1.3380000E+03   0.0000000E+00   0.0000000E+00
   1.5399637E+03   1.3920000E+03   1.3650000E+03   0.0000000E+00   0.0000000E+00
   1.5399712E+03   1.4240000E+03   1.3980000E+03   0.0000000E+00   0.0000000E+00
   1.5399787E+03   1.4360000E+03   1.4190000E+03   0.0000000E+00   0.0000000E+00
   1.5399863E+03   1.4310000E+03   1.4000000E+03   0.0000000E+00   0.0000000E+00
   1.5399938E+03   1.4120000E+03   1.3930000E+03   0.0000000E+00   0.0000000E+00
   1.5400013E+03   1.3960000E+03   1.3690000E+03   0.0000000E+00   0.0000000E+00
   1.5400089E+03   1.4380000E+03   1.4130000E+03   0.0000000E+00   0.0000000E+00
   1.5400164E+03   1.4370000E+03   1.4150000E+03   0.0000000E+00   0.0000000E+00
   1.5400239E+03   1.4290000E+03   1.3950000E+03   0.0000000E+00   0.0000000E+00
   1.5400314E+03   1.4190000E+03   1.3920000E+03   0.0000000E+00   0.0000000E+00
   1.5400390E+03   1.4150000E+03   1.3960000E+03   0.0000000E+00   0.0000000E+00
   1.5400465E+03   1.4400000E+03   1.4180000E+03   0.0000000E+00   0.0000000E+00
   1.5400540E+03   1.4210000E+03   1.3990000E+03   0.0000000E+00   0.0000000E+00
   1.5400616E+03   1.4190000E+03   1.3950000E+03   0.0000000E+00   0.0000000E+00
   1.5400691E+03   1.3690000E+03   1.3500000E+03   0.0000000E+00   0.0000000E+00
   1.5400766E+03   1.4580000E+03   1.4390000E+03   0.0000000E+00   0.0000000E+00
   1.5400841E+03   1.4300000E+03   1.4160000E+03   0.0000000E+00   0.0000000E+00
   1.5400917E+03   1.4350000E+03   1.4230000E+03   0.0000000E+00   0.0000000E+00
   1.5400992E+03   1.4740000E+03   1.4540000E+03   0.0000000E+00   0.0000000E+00
   1.5401067E+03   1.4510000E+03   1.4270000E+03   0.0000000E+00   0.0000000E+00
   1.5401143E+03   1.4320000E+03   1.4170000E+03   0.0000000E+00   0.0000000E+00
   1.5401218E+03   1.4310000E+03   1.4050000E+03   0.0000000E+00   0.0000000E+00
   1.5401293E+03   1.4980000E+03   1.4750000E+03   0.0000000E+00   0.0000000E+00
   1.5401368E+03   1.4620000E+03   1.4430000E+03   0.0000000E+00   0.0000000E+00
   1.5401444E+03   1.4870000E+03   1.4690000E+03   0.0000000E+00   0.0000000E+00
   1.5401519E+03   1.4520000E+03   1.4270000E+03   0.0000000E+00   0.0000000E+00
   1.5401594E+03   1.4290000E+03   1.4100000E+03   0.0000000E+00   0.0000000E+00
   1.5401670E+03   1.4430000E+03   1.4240000E+03   0.0000000E+00   0.0000000E+00
   1.5401745E+03   1.4360000E+03   1.4150000E+03   0.0000000E+00   0.0000000E+00
   1.5401820E+03   1.4600000E+03   1.4390000E+03   0.0000000E+00   0.0000000E+00
   1.5401895E+03   1.5000000E+03   1.4740000E+03   0.0000000E+00   0.0000000E+00
   1.5401971E+03   1.4690000E+03   1.4420000E+03   0.0000000E+00   0.0000000E+00
   1.5402046E+03   1.4960000E+03   1.4800000E+03   0.0000000E+00   0.0000000E+00
   1.5402121E+03   1.4860000E+03   1.4650000E+03   0.0000000E+00   0.0000000E+00
   1.5402197E+03   1.5230000E+03   1.4960000E+03   0.0000000E+00   0.0000000E+00
   1.5402272E+03   1.4800000E+03   1.4640000E+03   0.0000000E+00   0.0000000E+00
   1.5402347E+03   1.4630000E+03   1.4410000E+03   0.0000000E+00   0.0000000E+00
   1.5402422E+03   1.5230000E+03   1.4980000E+03   0.0000000E+00   0.0000000E+00
   1.5402498E+03   1.5110000E+03   1.4960000E+03   0.0000000E+00   0.0000000E+00
   1.5402573E+03   1.4510000E+03   1.4270000E+03   0.0000000E+00   0.0000000E+00
   1.5402648E+03   1.4470000E+03   1.4230000E+03   0.0000000E+00   0.0000000E+00
   1.5402723E+03   1.5400000E+03   1.5200000E+03   0.0000000E+00   0.0000000E+00
   1.5402799E+03   1.4760000E+03   1.4430000E+03   0.0000000E+00   0.0000000E+00
   1.5402874E+03   1.4550000E+03   1.4340000E+03   0.0000000E+00   0.0000000E+00
   1.5402949E+03   1.4920000E+03   1.4730000E+03   0.0000000E+00   0.0000000E+00
   1.5403025E+03   1.4970000E+03   1.4590000E+03   0.0000000E+00   0.0000000E+00
   1.5403100E+03   1.5800000E+03   1.5610000E+03   0.0000000E+00   0.0000000E+00
   1.5403175E+03   1.5070000E+03   1.4850000E+03   0.0000000E+00   0.0000000E+00
   1.5403250E+03   1.5160000E+03   1.5010000E+03   0.0000000E+00   0.0000000E+00
   1.5403326E+03   1.4630000E+03   1.4440000E+03   0.0000000E+00   0.0000000E+00
   1.5403401E+03   1.5360000E+03   1.5040000E+03   0.0000000E+00   0.0000000E+00
   1.5403476E+03   1.5820000E+03   1.5690000E+03   0.0000000E+00   0.0000000E+00
   1.5403552E+03   1.5460000E+03   1.5150000E+03   0.0000000E+00   0.0000000E+00
   1.5403627E+03   1.5350000E+03   1.5120000E+03   0.0000000E+00   0.0000000E+00
   1.5403702E+03   1.6130000E+03   1.5880000E+03   0.0000000E+00   0.0000000E+00
   1.5403777E+03   1.5250000E+03   1.4970000E+03   0.0000000E+00   0.0000000E+00
   1.5403853E+03   1.6350000E+03   1.6100000E+03   0.0000000E+00   0.0000000E+00
   1.5403928E+03   1.6720000E+03   1.6420000E+03   0.0000000E+00   0.0000000E+00
   1.5404003E+03   1.5440000E+03   1.5240000E+03   0.0000000E+00   0.0000000E+00
   1.5404079E+03   1.5080000E+03   1.4790000E+03   0.0000000E+00   0.0000000E+00
   1.5404154E+03   1.5350000E+03   1.5120000E+03   0.0000000E+00   0.0000000E+00
   1.5404229E+03   1.5900000E+03   1.5660000E+03   0.0000000E+00   0.0000000E+00
   1.5404304E+03   1.5660000E+03   1.5390000E+03   0.0000000E+00   0.0000000E+00
   1.5404380E+03   1.5370000E+03   1.5190000E+03   0.0000000E+00   0.0000000E+00
   1.5404455E+03   1.6100000E+03   1.5830000E+03   0.0000000E+00   0.0000000E+00
   1.5404530E+03   1.6170000E+03   1.5830000E+03   0.0000000E+00   0.0000000E+00
   1.5404606E+03   1.6140000E+03   1.5890000E+03   0.0000000E+00   0.0000000E+00
   1.5404681E+03   1.5130000E+03   1.4900000E+03   0.0000000E+00   0.0000000E+00
   1.5404756E+03   1.5750000E+03   1.5530000E+03   0.0000000E+00   0.0000000E+00
   1.5404831E+03   1.6500000E+03   1.6250000E+03   0.0000000E+00   0.0000000E+00
   1.5404907E+03   1.5840000E+03   1.5670000E+03   0.0000000E+00   0.0000000E+00
   1.5404982E+03   1.5760000E+03   1.5490000E+03   0.0000000E+00   0.0000000E+00
   1.5405057E+03   1.5750000E+03   1.5520000E+03   0.0000000E+00   0.0000000E+00
   1.5405133E+03   1.5940000E+03   1.5750000E+03   0.0000000E+00   0.0000000E+00
   1.5405208E+03   1.6520000E+03   1.6240000E+03   0.0000000E+00   0.0000000E+00
   1.5405283E+03   1.6400000E+03   1.6140000E+03   0.0000000E+00   0.0000000E+00
   1.5405358E+03   1.6260000E+03   1.6000000E+03   0.0000000E+00   0.0000000E+00
   1.5405434E+03   1.7030000E+03   1.6840000E+03   0.0000000E+00   0.0000000E+00
   1.5405509E+03   1.6880000E+03   1.6580000E+03   0.0000000E+00   0.0000000E+00
   1.5405584E+03   1.6480000E+03   1.6220000E+03   0.0000000E+00   0.0000000E+00
   1.5405660E+03   1.6980000E+03   1.6780000E+03   0.0000000E+00   0.0000000E+00
   1.5405735E+03   1.7210000E+03   1.7020000E+03   0.0000000E+00   0.0000000E+00
   1.5405810E+03   1.6520000E+03   1.6340000E+03   0.0000000E+00   0.0000000E+00
   1.5405885E+03   1.6830000E+03   1.6610000E+03   0.0000000E+00   0.0000000E+00
   1.5405961E+03   1.6670000E+03   1.6420000E+03   0.0000000E+00   0.0000000E+00
   1.5406036E+03   1.6740000E+03   1.6510000E+03   0.0000000E+00   0.0000000E+00
   1.5406111E+03   1.6240000E+03   1.6070000E+03   0.0000000E+00   0.0000000E+00
   1.5406187E+03   1.6610000E+03   1.6340000E+03   0.0000000E+00   0.0000000E+00
   1.5406262E+03   1.6860000E+03   1.6520000E+03   0.0000000E+00   0.0000000E+00
   1.5406337E+03   1.7270000E+03   1.7050000E+03   0.0000000E+00   0.0000000E+00
   1.5406412E+03   1.7060000E+03   1.6830000E+03   0.0000000E+00   0.0000000E+00
   1.5406488E+03   1.6910000E+03   1.6650000E+03   0.0000000E+00   0.0000000E+00
   1.5406563E+03   1.6640000E+03   1.6390000E+03   0.0000000E+00   0.0000000E+00
   1.5406638E+03   1.7200000E+03   1.6890000E+03   0.0000000E+00   0.0000000E+00
   1.5406713E+03   1.6710000E+03   1.6470000E+03   0.0000000E+00   0.0000000E+00
   1.5406789E+03   1.6180000E+03   1.5920000E+03   0.0000000E+00   0.0000000E+00
   1.5406864E+03   1.7050000E+03   1.6740000E+03   0.0000000E+00   0.0000000E+00
   1.5406939E+03   1.7320000E+03   1.7030000E+03   0.0000000E+00   0.0000000E+00
   1.5407015E+03   1.6350000E+03   1.6070000E+03   0.0000000E+00   0.0000000E+00
   1.5407090E+03   1.7180000E+03   1.6850000E+03   0.0000000E+00   0.0000000E+00
   1.5407165E+03   1.7490000E+03   1.7240000E+03   0.0000000E+00   0.0000000E+00
   1.5407240E+03   1.6830000E+03   1.6490000E+03   0.0000000E+00   0.0000000E+00
   1.5407316E+03   1.7680000E+03   1.7460000E+03   0.0000000E+00   0.0000000E+00
   1.5407391E+03   1.7770000E+03   1.7500000E+03   0.0000000E+00   0.0000000E+00
   1.5407466E+03   1.7390000E+03   1.7090000E+03   0.0000000E+00   0.0000000E+00
   1.5407542E+03   1.7830000E+03   1.7650000E+03   0.0000000E+00   0.0000000E+00
   1.5407617E+03   1.7140000E+03   1.6810000E+03   0.0000000E+00   0.0000000E+00
   1.5407692E+03   1.7280000E+03   1.7040000E+03   0.0000000E+00   0.0000000E+00
   1.5407767E+03   1.7310000E+03   1.6980000E+03   0.0000000E+00   0.0000000E+00
   1.5407843E+03   1.7370000E+03   1.7000000E+03   0.0000000E+00   0.0000000E+00
   1.5407918E+03   1.7550000E+03   1.7280000E+03   0.0000000E+00   0.0000000E+00
   1.5407993E+03   1.6980000E+03   1.6780000E+03   0.0000000E+00   0.0000000E+00
   1.5408069E+03   1.7300000E+03   1.7050000E+03   0.0000000E+00   0.0000000E+00
   1.5408144E+03   1.8000000E+03   1.7820000E+03   0.0000000E+00   0.0000000E+00
   1.5408219E+03   1.7710000E+03   1.7420000E+03   4.2178039E-04   4.2880200E-04
   1.5408294E+03   1.8130000E+03   1.7860000E+03   0.0000000E+00   0.0000000E+00
   1.5408370E+03   1.7290000E+03   1.7000000E+03   0.0000000E+00   0.0000000E+00
   1.5408445E+03   1.7880000E+03   1.7630000E+03   0.0000000E+00   0.0000000E+00
   1.5408520E+03   1.8190000E+03   1.7900000E+03   0.0000000E+00   0.0000000E+00
   1.5408596E+03   1.7860000E+03   1.7560000E+03   0.0000000E+00   0.0000000E+00
   1.5408671E+03   1.7650000E+03   1.7380000E+03   0.0000000E+00   0.0000000E+00
   1.5408746E+03   1.7620000E+03   1.7300000E+03   0.0000000E+00   0.0000000E+00
   1.5408821E+03   1.7610000E+03   1.7350000E+03   0.0000000E+00   0.0000000E+00
   1.5408897E+03   1.7930000E+03   1.7680000E+03   0.0000000E+00   0.0000000E+00
   1.5408972E+03   1.8000000E+03   1.7820000E+03   0.0000000E+00   0.0000000E+00
   1.5409047E+03   1.8340000E+03   1.8010000E+03   0.0000000E+00   0.0000000E+00
   1.5409123E+03   1.8890000E+03   1.8600000E+03   0.0000000E+00   0.0000000E+00
   1.5409198E+03   1.9150000E+03   1.8820000E+03   0.0000000E+00   0.0000000E+00
   1.5409273E+03   1.8460000E+03   1.8270000E+03   0.0000000E+00   0.0000000E+00
   1.5409348E+03   1.7930000E+03   1.7680000E+03   0.0000000E+00   0.0000000E+00
   1.5409424E+03   1.8360000E+03   1.8160000E+03   0.0000000E+00   0.0000000E+00
   1.5409499E+03   1.8130000E+03   1.7910000E+03   0.0000000E+00   0.0000000E+00
   1.5409574E+03   1.9060000E+03   1.8820000E+03   0.0000000E+00   0.0000000E+00
   1.5409650E+03   1.8930000E+03   1.8550000E+03   0.0000000E+00   0.0000000E+00
   1.5409725E+03   1.8020000E+03   1.7750000E+03   0.0000000E+00   0.0000000E+00
   1.5409800E+03   1.8720000E+03   1.8440000E+03   0.0000000E+00   0.0000000E+00
   1.5409875E+03   1.8600000E+03   1.8220000E+03   0.0000000E+00   0.0000000E+00
   1.5409951E+03   1.9290000E+03   1.9040000E+03   0.0000000E+00   0.0000000E+00
   1.5410026E+03   1.8690000E+03   1.8480000E+03   0.0000000E+00   0.0000000E+00
   1.5410101E+03   1.8510000E+03   1.8230000E+03   0.0000000E+00   0.0000000E+00
   1.5410177E+03   1.8390000E+03   1.8050000E+03   0.0000000E+00   0.0000000E+00
   1.5410252E+03   1.8350000E+03   1.8060000E+03   0.0000000E+00   0.0000000E+00
   1.5410327E+03   1.9620000E+03   1.9330000E+03   0.0000000E+00   0.0000000E+00
   1.5410402E+03   1.8310000E+03   1.8020000E+03   0.0000000E+00   0.0000000E+00
   1.5410478E+03   1.9900000E+03   1.9520000E+03   0.0000000E+00   0.0000000E+00
   1.5410553E+03   1.9140000E+03   1.8860000E+03   0.0000000E+00   0.0000000E+00
   1.5410628E+03   1.9130000E+03   1.8810000E+03   0.0000000E+00   0.0000000E+00
   1.5410704E+03   1.9050000E+03   1.8730000E+03   0.0000000E+00   0.0000000E+00
   1.5410779E+03   1.9010000E+03   1.8660000E+03   1.0748489E-04   1.0950095E-04
   1.5410854E+03   1.9360000E+03   1.9030000E+03   0.0000000E+00   0.0000000E+00
   1.5410929E+03   1.9200000E+03   1.8940000E+03   0.0000000E+00   0.0000000E+00
   1.5411005E+03   1.8810000E+03   1.8550000E+03   0.0000000E+00   0.0000000E+00
   1.5411080E+03   1.9640000E+03   1.9370000E+03   0.0000000E+00   0.0000000E+00
   1.5411155E+03   1.9490000E+03   1.9300000E+03   0.0000000E+00   0.0000000E+00
   1.5411230E+03   1.8690000E+03   1.8320000E+03   0.0000000E+00   0.0000000E+00
   1.5411306E+03   1.9680000E+03   1.9400000E+03   0.0000000E+00   0.0000000E+00
   1.5411381E+03   1.9110000E+03   1.8790000E+03   0.0000000E+00   0.0000000E+00
   1.5411456E+03   1.9940000E+03   1.9700000E+03   0.0000000E+00   0.0000000E+00
   1.5411532E+03   1.9570000E+03   1.9320000E+03   0.0000000E+00   0.0000000E+00
   1.5411607E+03   1.9540000E+03   1.9240000E+03   0.0000000E+00   0.0000000E+00
   1.5411682E+03   1.9480000E+03   1.9190000E+03   0.0000000E+00   0.0000000E+00
   1.5411757E+03   1.9600000E+03   1.9380000E+03   0.0000000E+00   0.0000000E+00
   1.5411833E+03   1.9800000E+03   1.9630000E+03   0.0000000E+00   0.0000000E+00
   1.5411908E+03   1.9480000E+03   1.9320000E+03   0.0000000E+00   0.0000000E+00
   1.5411983E+03   2.0150000E+03   1.9840000E+03   0.0000000E+00   0.0000000E+00
   1.5412059E+03   1.9040000E+03   1.8760000E+03   0.0000000E+00   0.0000000E+00
   1.5412134E+03   1.9440000E+03   1.9230000E+03   0.0000000E+00   0.0000000E+00
   1.5412209E+03   1.9830000E+03   1.9570000E+03   0.0000000E+00   0.0000000E+00
   1.5412284E+03   2.0000000E+03   1.9720000E+03   0.0000000E+00   0.0000000E+00
   1.5412360E+03   1.9670000E+03   1.9290000E+03   0.0000000E+00   0.0000000E+00
   1.5412435E+03   2.0180000E+03   1.9910000E+03   0.0000000E+00   0.0000000E+00
   1.5412510E+03   1.9330000E+03   1.9070000E+03   0.0000000E+00   0.0000000E+00
   1.5412586E+03   1.9890000E+03   1.9520000E+03   0.0000000E+00   0.0000000E+00
   1.5412661E+03   2.0450000E+03   2.0110000E+03   0.0000000E+00   0.0000000E+00
   1.5412736E+03   1.9510000E+03   1.9190000E+03   0.0000000E+00   0.0000000E+00
   1.5412811E+03   1.9900000E+03   1.9590000E+03   0.0000000E+00   0.0000000E+00
   1.5412887E+03   2.0020000E+03   1.9720000E+03   0.0000000E+00   0.0000000E+00
   1.5412962E+03   1.9650000E+03   1.9420000E+03   0.0000000E+00   0.0000000E+00
   1.5413037E+03   2.0380000E+03   2.0040000E+03   0.0000000E+00   0.0000000E+00
   1.5413113E+03   2.0080000E+03   1.9750000E+03   0.0000000E+00   0.0000000E+00
   1.5413188E+03   2.0970000E+03   2.0750000E+03   0.0000000E+00   0.0000000E+00
   1.5413263E+03   1.9810000E+03   1.9520000E+03   0.0000000E+00   0.0000000E+00
   1.5413338E+03   2.1030000E+03   2.0820000E+03   0.0000000E+00   0.0000000E+00
   1.5413414E+03   2.0240000E+03   1.9890000E+03   0.0000000E+00   0.0000000E+00
   1.5413489E+03   2.0090000E+03   1.9820000E+03   0.0000000E+00   0.0000000E+00
   1.5413564E+03   2.0540000E+03   2.0150000E+03   0.0000000E+00   0.0000000E+00
   1.5413640E+03   2.0790000E+03   2.0440000E+03   0.0000000E+00   0.0000000E+00
   1.5413715E+03   2.0190000E+03   1.9910000E+03   0.0000000E+00   0.0000000E+00
   1.5413790E+03   2.0410000E+03   2.0100000E+03   0.0000000E+00   0.0000000E+00
   1.5413865E+03   2.0100000E+03   1.9730000E+03   0.0000000E+00   0.0000000E+00
   1.5413941E+03   2.0990000E+03   2.0590000E+03   0.0000000E+00   0.0000000E+00
   1.5414016E+03   2.0710000E+03   2.0440000E+03   0.0000000E+00   0.0000000E+00
   1.5414091E+03   2.1570000E+03   2.1230000E+03   0.0000000E+00   0.0000000E+00
   1.5414167E+03   2.0050000E+03   1.9790000E+03   0.0000000E+00   0.0000000E+00
   1.5414242E+03   2.0750000E+03   2.0470000E+03   2.8795039E-04   2.9188913E-04
   1.5414317E+03   2.1200000E+03   2.0930000E+03   0.0000000E+00   0.0000000E+00
   1.5414392E+03   2.0690000E+03   2.0420000E+03   0.0000000E+00   0.0000000E+00
   1.5414468E+03   2.1240000E+03   2.0950000E+03   0.0000000E+00   0.0000000E+00
   1.5414543E+03   2.1410000E+03   2.1120000E+03   0.0000000E+00   0.0000000E+00
   1.5414618E+03   2.1460000E+03   2.1150000E+03   0.0000000E+00   0.0000000E+00
   1.5414694E+03   2.0320000E+03   1.9970000E+03   0.0000000E+00   0.0000000E+00
   1.5414769E+03   2.1880000E+03   2.1570000E+03   0.0000000E+00   0.0000000E+00
   1.5414844E+03   2.0700000E+03   2.0430000E+03   0.0000000E+00   0.0000000E+00
   1.5414919E+03   2.1080000E+03   2.0810000E+03   0.0000000E+00   0.0000000E+00
   1.5414995E+03   2.0800000E+03   2.0390000E+03   0.0000000E+00   0.0000000E+00
   1.5415070E+03   2.1640000E+03   2.1250000E+03   0.0000000E+00   0.0000000E+00
   1.5415145E+03   2.1560000E+03   2.1220000E+03   0.0000000E+00   0.0000000E+00
   1.5415221E+03   2.1710000E+03   2.1470000E+03   0.0000000E+00   0.0000000E+00
   1.5415296E+03   2.1520000E+03   2.1130000E+03   0.0000000E+00   0.0000000E+00
   1.5415371E+03   2.0970000E+03   2.0570000E+03   0.0000000E+00   0.0000000E+00
   1.5415446E+03   2.1500000E+03   2.1190000E+03   0.0000000E+00   0.0000000E+00
   1.5415522E+03   2.2570000E+03   2.2290000E+03   0.0000000E+00   0.0000000E+00
   1.5415597E+03   2.1540000E+03   2.1300000E+03   0.0000000E+00   0.0000000E+00
   1.5415672E+03   2.1570000E+03   2.1250000E+03   0.0000000E+00   0.0000000E+00
   1.5415747E+03   2.2260000E+03   2.1910000E+03   0.0000000E+00   0.0000000E+00
   1.5415823E+03   2.0620000E+03   2.0340000E+03   0.0000000E+00   0.0000000E+00
   1.5415898E+03   2.2310000E+03   2.1980000E+03   0.0000000E+00   0.0000000E+00
   1.5415973E+03   2.1540000E+03   2.1280000E+03   0.0000000E+00   0.0000000E+00
   1.5416049E+03   2.1080000E+03   2.0730000E+03   0.0000000E+00   0.0000000E+00
   1.5416124E+03   2.1900000E+03   2.1600000E+03   0.0000000E+00   0.0000000E+00
   1.5416199E+03   2.2060000E+03   2.1780000E+03   0.0000000E+00   0.0000000E+00
   1.5416274E+03   2.1570000E+03   2.1280000E+03   0.0000000E+00   0.0000000E+00
   1.5416350E+03   2.1710000E+03   2.1390000E+03   0.0000000E+00   0.0000000E+00
   1.5416425E+03   2.1950000E+03   2.1720000E+03   0.0000000E+00   0.0000000E+00
   1.5416500E+03   2.2650000E+03   2.2280000E+03   0.0000000E+00   0.0000000E+00
   1.5416576E+03   2.1160000E+03   2.0940000E+03   0.0000000E+00   0.0000000E+00
   1.5416651E+03   2.2310000E+03   2.2010000E+03   0.0000000E+00   0.0000000E+00
   1.5416726E+03   2.2060000E+03   2.1810000E+03   0.0000000E+00   0.0000000E+00
   1.5416801E+03   2.2210000E+03   2.1940000E+03   0.0000000E+00   0.0000000E+00
   1.5416877E+03   2.2070000E+03   2.1680000E+03   0.0000000E+00   0.0000000E+00
   1.5416952E+03   2.2960000E+03   2.2580000E+03   0.0000000E+00   0.0000000E+00
   1.5417027E+03   2.2860000E+03   2.2560000E+03   0.0000000E+00   0.0000000E+00
   1.5417103E+03   2.2240000E+03   2.1950000E+03   0.0000000E+00   0.0000000E+00
   1.5417178E+03   2.2580000E+03   2.2200000E+03   0.0000000E+00   0.0000000E+00
   1.5417253E+03   2.2140000E+03   2.1850000E+03   0.0000000E+00   0.0000000E+00
   1.5417328E+03   2.3250000E+03   2.2830000E+03   0.0000000E+00   0.0000000E+00
   1.5417404E+03   2.2820000E+03   2.2430000E+03   0.0000000E+00   0.0000000E+00
   1.5417479E+03   2.2310000E+03   2.1980000E+03   0.0000000E+00   0.0000000E+00
   1.5417554E+03   2.2850000E+03   2.2550000E+03   0.0000000E+00   0.0000000E+00
   1.5417630E+03   2.2230000E+03   2.2000000E+03   0.0000000E+00   0.0000000E+00
   1.5417705E+03   2.2260000E+03   2.1950000E+03   0.0000000E+00   0.0000000E+00
   1.5417780E+03   2.2100000E+03   2.1770000E+03   0.0000000E+00   0.0000000E+00
   1.5417855E+03   2.3170000E+03   2.2850000E+03   3.2725769E-05   3.3184073E-05
   1.5417931E+03   2.2950000E+03   2.2670000E+03   0.0000000E+00   0.0000000E+00
   1.5418006E+03   2.2960000E+03   2.2690000E+03   0.0000000E+00   0.0000000E+00
   1.5418081E+03   2.2680000E+03   2.2360000E+03   0.0000000E+00   0.0000000E+00
   1.5418157E+03   2.2930000E+03   2.2580000E+03   0.0000000E+00   0.0000000E+00
   1.5418232E+03   2.3120000E+03   2.2740000E+03   0.0000000E+00   0.0000000E+00
   1.5418307E+03   2.2730000E+03   2.2460000E+03   0.0000000E+00   0.0000000E+00
   1.5418382E+03   2.2200000E+03   2.1930000E+03   0.0000000E+00   0.0000000E+00
   1.5418458E+03   2.3510000E+03   2.3160000E+03   0.0000000E+00   0.0000000E+00
   1.5418533E+03   2.2990000E+03   2.2720000E+03   0.0000000E+00   0.0000000E+00
   1.5418608E+03   2.3720000E+03   2.3370000E+03   0.0000000E+00   0.0000000E+00
   1.5418684E+03   2.3560000E+03   2.3240000E+03   0.0000000E+00   0.0000000E+00
   1.5418759E+03   2.3330000E+03   2.2960000E+03   0.0000000E+00   0.0000000E+00
   1.5418834E+03   2.3150000E+03   2.2830000E+03   0.0000000E+00   0.0000000E+00
   1.5418909E+03   2.3040000E+03   2.2770000E+03   0.0000000E+00   0.0000000E+00
   1.5418985E+03   2.3050000E+03   2.2810000E+03   0.0000000E+00   0.0000000E+00
   1.5419060E+03   2.3040000E+03   2.2790000E+03   0.0000000E+00   0.0000000E+00
   1.5419135E+03   2.2310000E+03   2.1970000E+03   0.0000000E+00   0.0000000E+00
   1.5419211E+03   2.3730000E+03   2.3350000E+03   0.0000000E+00   0.0000000E+00
   1.5419286E+03   2.3940000E+03   2.3660000E+03   0.0000000E+00   0.0000000E+00
   1.5419361E+03   2.3020000E+03   2.2620000E+03   0.0000000E+00   0.0000000E+00
   1.5419436E+03   2.3980000E+03   2.3710000E+03   0.0000000E+00   0.0000000E+00
   1.5419512E+03   2.3910000E+03   2.3580000E+03   0.0000000E+00   0.0000000E+00
   1.5419587E+03   2.4230000E+03   2.3780000E+03   0.0000000E+00   0.0000000E+00
   1.5419662E+03   2.4790000E+03   2.4410000E+03   0.0000000E+00   0.0000000E+00
   1.5419738E+03   2.4260000E+03   2.3870000E+03   0.0000000E+00   0.0000000E+00
   1.5419813E+03   2.3700000E+03   2.3210000E+03   0.0000000E+00   0.0000000E+00
   1.5419888E+03   2.4030000E+03   2.3710000E+03   0.0000000E+00   0.0000000E+00
   1.5419963E+03   2.3370000E+03   2.3120000E+03   0.0000000E+00   0.0000000E+00
   1.5420039E+03   2.4150000E+03   2.3820000E+03   0.0000000E+00   0.0000000E+00
   1.5420114E+03   2.4710000E+03   2.4330000E+03   0.0000000E+00   0.0000000E+00
   1.5420189E+03   2.4160000E+03   2.3860000E+03   0.0000000E+00   0.0000000E+00
   1.5420264E+03   2.5660000E+03   2.5320000E+03   0.0000000E+00   0.0000000E+00
   1.5420340E+03   2.4090000E+03   2.3690000E+03   0.0000000E+00   0.0000000E+00
   1.5420415E+03   2.3770000E+03   2.3420000E+03   0.0000000E+00   0.0000000E+00
   1.5420490E+03   2.4450000E+03   2.4100000E+03   0.0000000E+00   0.0000000E+00
   1.5420566E+03   2.3940000E+03   2.3660000E+03   0.0000000E+00   0.0000000E+00
   1.5420641E+03   2.4010000E+03   2.3770000E+03   0.0000000E+00   0.0000000E+00
   1.5420716E+03   2.4140000E+03   2.3840000E+03   0.0000000E+00   0.0000000E+00
   1.5420791E+03   2.4410000E+03   2.4160000E+03   0.0000000E+00   0.0000000E+00
   1.5420867E+03   2.5470000E+03   2.4980000E+03   0.0000000E+00   0.0000000E+00
   1.5420942E+03   2.4290000E+03   2.3920000E+03   0.0000000E+00   0.0000000E+00
   1.5421017E+03   2.4190000E+03   2.3760000E+03   0.0000000E+00   0.0000000E+00
   1.5421093E+03   2.4640000E+03   2.4220000E+03   0.0000000E+00   0.0000000E+00
   1.5421168E+03   2.4860000E+03   2.4530000E+03   0.0000000E+00   0.0000000E+00
   1.5421243E+03   2.5920000E+03   2.5540000E+03   0.0000000E+00   0.0000000E+00
   1.5421318E+03   2.4820000E+03   2.4510000E+03   0.0000000E+00   0.0000000E+00
   1.5421394E+03   2.4510000E+03   2.4120000E+03   0.0000000E+00   0.0000000E+00
   1.5421469E+03   2.4410000E+03   2.4180000E+03   0.0000000E+00   0.0000000E+00
   1.5421544E+03   2.4610000E+03   2.4240000E+03   0.0000000E+00   0.0000000E+00
   1.5421620E+03   2.4650000E+03   2.4340000E+03   0.0000000E+00   0.0000000E+00
   1.5421695E+03   2.5570000E+03   2.5300000E+03   0.0000000E+00   0.0000000E+00
   1.5421770E+03   2.5070000E+03   2.4700000E+03   0.0000000E+00   0.0000000E+00
   1.5421845E+03   2.5170000E+03   2.4830000E+03   0.0000000E+00   0.0000000E+00
   1.5421921E+03   2.5090000E+03   2.4730000E+03   0.0000000E+00   0.0000000E+00
   1.5421996E+03   2.6040000E+03   2.5520000E+03   0.0000000E+00   0.0000000E+00
   1.5422071E+03   2.6180000E+03   2.5770000E+03   0.0000000E+00   0.0000000E+00
   1.5422147E+03   2.4200000E+03   2.3730000E+03   0.0000000E+00   0.0000000E+00
   1.5422222E+03   2.5680000E+03   2.5320000E+03   0.0000000E+00   0.0000000E+00
   1.5422297E+03   2.5440000E+03   2.5170000E+03   0.0000000E+00   0.0000000E+00
   1.5422372E+03   2.5230000E+03   2.4910000E+03   0.0000000E+00   0.0000000E+00
   1.5422448E+03   2.5960000E+03   2.5660000E+03   0.0000000E+00   0.0000000E+00
   1.5422523E+03   2.4200000E+03   2.3950000E+03   0.0000000E+00   0.0000000E+00
   1.5422598E+03   2.6140000E+03   2.5770000E+03   0.0000000E+00   0.0000000E+00
   1.5422674E+03   2.4780000E+03   2.4500000E+03   0.0000000E+00   0.0000000E+00
   1.5422749E+03   2.5500000E+03   2.5100000E+03   0.0000000E+00   0.0000000E+00
   1.5422824E+03   2.5790000E+03   2.5440000E+03   0.0000000E+00   0.0000000E+00
   1.5422899E+03   2.5940000E+03   2.5560000E+03   0.0000000E+00   0.0000000E+00
   1.5422975E+03   2.6030000E+03   2.5680000E+03   0.0000000E+00   0.0000000E+00
   1.5423050E+03   2.5200000E+03   2.4880000E+03   0.0000000E+00   0.0000000E+00
   1.5423125E+03   2.5250000E+03   2.4850000E+03   0.0000000E+00   0.0000000E+00
   1.5423201E+03   2.5810000E+03   2.5360000E+03   0.0000000E+00   0.0000000E+00
   1.5423276E+03   2.6720000E+03   2.6240000E+03   0.0000000E+00   0.0000000E+00
   1.5423351E+03   2.5740000E+03   2.5390000E+03   0.0000000E+00   0.0000000E+00
   1.5423426E+03   2.6430000E+03   2.6100000E+03   0.0000000E+00   0.0000000E+00
   1.5423502E+03   2.5030000E+03   2.4610000E+03   0.0000000E+00   0.0000000E+00
   1.5423577E+03   2.6660000E+03   2.6260000E+03   0.0000000E+00   0.0000000E+00
   1.5423652E+03   2.7290000E+03   2.7070000E+03   0.0000000E+00   0.0000000E+00
   1.5423728E+03   2.6470000E+03   2.6080000E+03   0.0000000E+00   0.0000000E+00
   1.5423803E+03   2.5850000E+03   2.5390000E+03   0.0000000E+00   0.0000000E+00
   1.5423878E+03   2.5640000E+03   2.5220000E+03   0.0000000E+00   0.0000000E+00
   1.5423953E+03   2.6530000E+03   2.6180000E+03   0.0000000E+00   0.0000000E+00
   1.5424029E+03   2.6220000E+03   2.5760000E+03   0.0000000E+00   0.0000000E+00
   1.5424104E+03   2.6870000E+03   2.6330000E+03   3.0744972E-04   3.1375518E-04
   1.5424179E+03   2.6750000E+03   2.6360000E+03   0.0000000E+00   0.0000000E+00
   1.5424255E+03   2.6310000E+03   2.5930000E+03   0.0000000E+00   0.0000000E+00
   1.5424330E+03   2.6530000E+03   2.6180000E+03   0.0000000E+00   0.0000000E+00
   1.5424405E+03   2.7120000E+03   2.6780000E+03   0.0000000E+00   0.0000000E+00
   1.5424480E+03   2.6480000E+03   2.6020000E+03   0.0000000E+00   0.0000000E+00
   1.5424556E+03   2.6060000E+03   2.5680000E+03   0.0000000E+00   0.0000000E+00
   1.5424631E+03   2.6270000E+03   2.5840000E+03   0.0000000E+00   0.0000000E+00
   1.5424706E+03   2.6170000E+03   2.5670000E+03   0.0000000E+00   0.0000000E+00
   1.5424781E+03   2.6450000E+03   2.6050000E+03   0.0000000E+00   0.0000000E+00
   1.5424857E+03   2.8080000E+03   2.7640000E+03   0.0000000E+00   0.0000000E+00
   1.5424932E+03   2.7010000E+03   2.6550000E+03   0.0000000E+00   0.0000000E+00
   1.5425007E+03   2.7030000E+03   2.6730000E+03   0.0000000E+00   0.0000000E+00
   1.5425083E+03   2.6640000E+03   2.6180000E+03   0.0000000E+00   0.0000000E+00
   1.5425158E+03   2.7340000E+03   2.6930000E+03   0.0000000E+00   0.0000000E+00
   1.5425233E+03   2.7590000E+03   2.7260000E+03   0.0000000E+00   0.0000000E+00
   1.5425308E+03   2.7020000E+03   2.6700000E+03   0.0000000E+00   0.0000000E+00
   1.5425384E+03   2.8490000E+03   2.8060000E+03   0.0000000E+00   0.0000000E+00
   1.5425459E+03   2.7630000E+03   2.7230000E+03   0.0000000E+00   0.0000000E+00
   1.5425534E+03   2.7640000E+03   2.7210000E+03   0.0000000E+00   0.0000000E+00
   1.5425610E+03   2.7030000E+03   2.6670000E+03   0.0000000E+00   0.0000000E+00
   1.5425685E+03   2.6580000E+03   2.6120000E+03   0.0000000E+00   0.0000000E+00
   1.5425760E+03   2.6470000E+03   2.6000000E+03   0.0000000E+00   0.0000000E+00
   1.5425835E+03   2.6760000E+03   2.6380000E+03   0.0000000E+00   0.0000000E+00
   1.5425911E+03   2.7520000E+03   2.7210000E+03   0.0000000E+00   0.0000000E+00
   1.5425986E+03   2.8020000E+03   2.7620000E+03   0.0000000E+00   0.0000000E+00
   1.5426061E+03   2.7660000E+03   2.7130000E+03   0.0000000E+00   0.0000000E+00
   1.5426137E+03   2.8040000E+03   2.7650000E+03   0.0000000E+00   0.0000000E+00
   1.5426212E+03   2.7350000E+03   2.7010000E+03   0.0000000E+00   0.0000000E+00
   1.5426287E+03   2.7470000E+03   2.6990000E+03   0.0000000E+00   0.0000000E+00
   1.5426362E+03   2.7690000E+03   2.7320000E+03   0.0000000E+00   0.0000000E+00
   1.5426438E+03   2.6960000E+03   2.6520000E+03   0.0000000E+00   0.0000000E+00
   1.5426513E+03   2.7990000E+03   2.7720000E+03   0.0000000E+00   0.0000000E+00
   1.5426588E+03   2.7440000E+03   2.7020000E+03   0.0000000E+00   0.0000000E+00
   1.5426664E+03   2.8070000E+03   2.7640000E+03   0.0000000E+00   0.0000000E+00
   1.5426739E+03   2.8060000E+03   2.7590000E+03   0.0000000E+00   0.0000000E+00
   1.5426814E+03   2.7520000E+03   2.7210000E+03   0.0000000E+00   0.0000000E+00
   1.5426889E+03   2.8330000E+03   2.7950000E+03   0.0000000E+00   0.0000000E+00
   1.5426965E+03   2.8510000E+03   2.8210000E+03   0.0000000E+00   0.0000000E+00
   1.5427040E+03   2.8400000E+03   2.7950000E+03   0.0000000E+00   0.0000000E+00
   1.5427115E+03   2.8400000E+03   2.8030000E+03   0.0000000E+00   0.0000000E+00
   1.5427191E+03   2.7960000E+03   2.7600000E+03   0.0000000E+00   0.0000000E+00
   1.5427266E+03   2.8430000E+03   2.8050000E+03   0.0000000E+00   0.0000000E+00
   1.5427341E+03   2.8410000E+03   2.8070000E+03   0.0000000E+00   0.0000000E+00
   1.5427416E+03   2.8230000E+03   2.7740000E+03   0.0000000E+00   0.0000000E+00
   1.5427492E+03   2.8770000E+03   2.8350000E+03   0.0000000E+00   0.0000000E+00
   1.5427567E+03   2.7680000E+03   2.7250000E+03   0.0000000E+00   0.0000000E+00
   1.5427642E+03   2.9490000E+03   2.9060000E+03   0.0000000E+00   0.0000000E+00
   1.5427718E+03   2.8400000E+03   2.7900000E+03   0.0000000E+00   0.0000000E+00
   1.5427793E+03   2.7960000E+03   2.7560000E+03   0.0000000E+00   0.0000000E+00
   1.5427868E+03   2.8730000E+03   2.8360000E+03   0.0000000E+00   0.0000000E+00
   1.5427943E+03   2.9070000E+03   2.8720000E+03   0.0000000E+00   0.0000000E+00
   1.5428019E+03   2.9570000E+03   2.9110000E+03   0.0000000E+00   0.0000000E+00
   1.5428094E+03   2.9050000E+03   2.8630000E+03   0.0000000E+00   0.0000000E+00
   1.5428169E+03   2.8310000E+03   2.7930000E+03   0.0000000E+00   0.0000000E+00
   1.5428245E+03   2.8680000E+03   2.8290000E+03   0.0000000E+00   0.0000000E+00
   1.5428320E+03   2.8750000E+03   2.8280000E+03   0.0000000E+00   0.0000000E+00
   1.5428395E+03   2.8500000E+03   2.8110000E+03   0.0000000E+00   0.0000000E+00
   1.5428470E+03   2.8880000E+03   2.8550000E+03   0.0000000E+00   0.0000000E+00
   1.5428546E+03   2.9520000E+03   2.9060000E+03   0.0000000E+00   0.0000000E+00
   1.5428621E+03   2.8830000E+03   2.8450000E+03   0.0000000E+00   0.0000000E+00
   1.5428696E+03   2.8930000E+03   2.8550000E+03   0.0000000E+00   0.0000000E+00
   1.5428772E+03   2.8560000E+03   2.8110000E+03   0.0000000E+00   0.0000000E+00
   1.5428847E+03   2.9750000E+03   2.9260000E+03   0.0000000E+00   0.0000000E+00
   1.5428922E+03   2.9560000E+03   2.9130000E+03   0.0000000E+00   0.0000000E+00
   1.5428997E+03   2.9280000E+03   2.8820000E+03   0.0000000E+00   0.0000000E+00
   1.5429073E+03   2.9900000E+03   2.9440000E+03   0.0000000E+00   0.0000000E+00
   1.5429148E+03   2.8340000E+03   2.7790000E+03   0.0000000E+00   0.0000000E+00
   1.5429223E+03   2.9400000E+03   2.8920000E+03   0.0000000E+00   0.0000000E+00
   1.5429298E+03   2.9000000E+03   2.8530000E+03   0.0000000E+00   0.0000000E+00
   1.5429374E+03   2.9750000E+03   2.9280000E+03   0.0000000E+00   0.0000000E+00
   1.5429449E+03   3.0050000E+03   2.9750000E+03   0.0000000E+00   0.0000000E+00
   1.5429524E+03   2.9600000E+03   2.9110000E+03   0.0000000E+00   0.0000000E+00
   1.5429600E+03   2.8970000E+03   2.8550000E+03   0.0000000E+00   0.0000000E+00
   1.5429675E+03   3.0300000E+03   2.9790000E+03   0.0000000E+00   0.0000000E+00
   1.5429750E+03   2.8660000E+03   2.8280000E+03   0.0000000E+00   0.0000000E+00
   1.5429825E+03   2.9600000E+03   2.9200000E+03   0.0000000E+00   0.0000000E+00
   1.5429901E+03   2.9930000E+03   2.9530000E+03   0.0000000E+00   0.0000000E+00
   1.5429976E+03   2.9820000E+03   2.9470000E+03   0.0000000E+00   0.0000000E+00
   1.5430051E+03   2.9470000E+03   2.9000000E+03   0.0000000E+00   0.0000000E+00
   1.5430127E+03   3.0170000E+03   2.9760000E+03   0.0000000E+00   0.0000000E+00
   1.5430202E+03   2.9630000E+03   2.9240000E+03   0.0000000E+00   0.0000000E+00
   1.5430277E+03   3.1680000E+03   3.1310000E+03   0.0000000E+00   0.0000000E+00
   1.5430352E+03   3.1400000E+03   3.0820000E+03   0.0000000E+00   0.0000000E+00
   1.5430428E+03   2.9670000E+03   2.9190000E+03   0.0000000E+00   0.0000000E+00
   1.5430503E+03   3.0480000E+03   3.0060000E+03   0.0000000E+00   0.0000000E+00
   1.5430578E+03   3.0180000E+03   2.9750000E+03   0.0000000E+00   0.0000000E+00
   1.5430654E+03   3.0330000E+03   2.9940000E+03   0.0000000E+00   0.0000000E+00
   1.5430729E+03   2.9830000E+03   2.9480000E+03   0.0000000E+00   0.0000000E+00
   1.5430804E+03   3.0030000E+03   2.9590000E+03   0.0000000E+00   0.0000000E+00
   1.5430879E+03   3.0740000E+03   3.0400000E+03   5.3758193E-05   5.4359436E-05
   1.5430955E+03   3.0990000E+03   3.0580000E+03   0.0000000E+00   0.0000000E+00
   1.5431030E+03   3.1020000E+03   3.0470000E+03   0.0000000E+00   0.0000000E+00
   1.5431105E+03   3.0930000E+03   3.0470000E+03   0.0000000E+00   0.0000000E+00
   1.5431181E+03   3.0910000E+03   3.0490000E+03   0.0000000E+00   0.0000000E+00
   1.5431256E+03   2.9970000E+03   2.9610000E+03   0.0000000E+00   0.0000000E+00
   1.5431331E+03   3.0940000E+03   3.0490000E+03   0.0000000E+00   0.0000000E+00
   1.5431406E+03   3.0570000E+03   3.0090000E+03   0.0000000E+00   0.0000000E+00
   1.5431482E+03   3.2140000E+03   3.1670000E+03   0.0000000E+00   0.0000000E+00
   1.5431557E+03   3.1000000E+03   3.0490000E+03   0.0000000E+00   0.0000000E+00
   1.5431632E+03   3.1370000E+03   3.0790000E+03   0.0000000E+00   0.0000000E+00
   1.5431708E+03   3.0840000E+03   3.0390000E+03   0.0000000E+00   0.0000000E+00
   1.5431783E+03   3.0530000E+03   3.0180000E+03   0.0000000E+00   0.0000000E+00
   1.5431858E+03   3.1450000E+03   3.1140000E+03   0.0000000E+00   0.0000000E+00
   1.5431933E+03   2.9970000E+03   2.9580000E+03   0.0000000E+00   0.0000000E+00
   1.5432009E+03   3.1570000E+03   3.1090000E+03   0.0000000E+00   0.0000000E+00
   1.5432084E+03   3.1350000E+03   3.0830000E+03   0.0000000E+00   0.0000000E+00
   1.5432159E+03   3.0830000E+03   3.0500000E+03   0.0000000E+00   0.0000000E+00
   1.5432235E+03   3.2490000E+03   3.1910000E+03   0.0000000E+00   0.0000000E+00
   1.5432310E+03   3.0900000E+03   3.0490000E+03   0.0000000E+00   0.0000000E+00
   1.5432385E+03   3.1200000E+03   3.0810000E+03   0.0000000E+00   0.0000000E+00
   1.5432460E+03   3.0370000E+03   2.9860000E+03   0.0000000E+00   0.0000000E+00
   1.5432536E+03   3.0860000E+03   3.0410000E+03   0.0000000E+00   0.0000000E+00
   1.5432611E+03   3.1770000E+03   3.1290000E+03   0.0000000E+00   0.0000000E+00
   1.5432686E+03   3.1490000E+03   3.1180000E+03   0.0000000E+00   0.0000000E+00
   1.5432762E+03   3.2290000E+03   3.1800000E+03   0.0000000E+00   0.0000000E+00
   1.5432837E+03   3.1500000E+03   3.1010000E+03   0.0000000E+00   0.0000000E+00
   1.5432912E+03   3.1720000E+03   3.1250000E+03   0.0000000E+00   0.0000000E+00
   1.5432987E+03   3.2040000E+03   3.1500000E+03   0.0000000E+00   0.0000000E+00
   1.5433063E+03   3.1510000E+03   3.1030000E+03   0.0000000E+00   0.0000000E+00
   1.5433138E+03   3.1590000E+03   3.1150000E+03   0.0000000E+00   0.0000000E+00
   1.5433213E+03   3.2690000E+03   3.2420000E+03   0.0000000E+00   0.0000000E+00
   1.5433289E+03   3.1630000E+03   3.1210000E+03   0.0000000E+00   0.0000000E+00
   1.5433364E+03   3.2180000E+03   3.1750000E+03   0.0000000E+00   0.0000000E+00
   1.5433439E+03   3.2400000E+03   3.1890000E+03   0.0000000E+00   0.0000000E+00
   1.5433514E+03   3.1080000E+03   3.0560000E+03   0.0000000E+00   0.0000000E+00
   1.5433590E+03   3.0510000E+03   3.0010000E+03   0.0000000E+00   0.0000000E+00
   1.5433665E+03   3.2590000E+03   3.2110000E+03   0.0000000E+00   0.0000000E+00
   1.5433740E+03   3.2910000E+03   3.2470000E+03   0.0000000E+00   0.0000000E+00
   1.5433815E+03   3.2780000E+03   3.2250000E+03   0.0000000E+00   0.0000000E+00
   1.5433891E+03   3.2580000E+03   3.2040000E+03   0.0000000E+00   0.0000000E+00
   1.5433966E+03   3.2230000E+03   3.1730000E+03   0.0000000E+00   0.0000000E+00
   1.5434041E+03   3.3570000E+03   3.3040000E+03   0.0000000E+00   0.0000000E+00
   1.5434117E+03   3.1770000E+03   3.1220000E+03   0.0000000E+00   0.0000000E+00
   1.5434192E+03   3.1780000E+03   3.1360000E+03   0.0000000E+00   0.0000000E+00
   1.5434267E+03   3.2220000E+03   3.1640000E+03   2.5684817E-04   2.6155651E-04
   1.5434342E+03   3.1400000E+03   3.0930000E+03   0.0000000E+00   0.0000000E+00
   1.5434418E+03   3.3180000E+03   3.2720000E+03   0.0000000E+00   0.0000000E+00
   1.5434493E+03   3.3400000E+03   3.2880000E+03   0.0000000E+00   0.0000000E+00
   1.5434568E+03   3.2480000E+03   3.2010000E+03   0.0000000E+00   0.0000000E+00
   1.5434644E+03   3.2670000E+03   3.2100000E+03   0.0000000E+00   0.0000000E+00
   1.5434719E+03   3.2140000E+03   3.1520000E+03   0.0000000E+00   0.0000000E+00
   1.5434794E+03   3.3320000E+03   3.2830000E+03   0.0000000E+00   0.0000000E+00
   1.5434869E+03   3.3670000E+03   3.3160000E+03   0.0000000E+00   0.0000000E+00
   1.5434945E+03   3.3600000E+03   3.3190000E+03   0.0000000E+00   0.0000000E+00
   1.5435020E+03   3.2490000E+03   3.2010000E+03   0.0000000E+00   0.0000000E+00
   1.5435095E+03   3.3520000E+03   3.3070000E+03   0.0000000E+00   0.0000000E+00
   1.5435171E+03   3.1920000E+03   3.1570000E+03   0.0000000E+00   0.0000000E+00
   1.5435246E+03   3.3190000E+03   3.2700000E+03   0.0000000E+00   0.0000000E+00
   1.5435321E+03   3.2870000E+03   3.2410000E+03   0.0000000E+00   0.0000000E+00
   1.5435396E+03   3.3280000E+03   3.2770000E+03   0.0000000E+00   0.0000000E+00
   1.5435472E+03   3.3650000E+03   3.3160000E+03   0.0000000E+00   0.0000000E+00
   1.5435547E+03   3.2540000E+03   3.2040000E+03   0.0000000E+00   0.0000000E+00
   1.5435622E+03   3.1910000E+03   3.1600000E+03   0.0000000E+00   0.0000000E+00
   1.5435698E+03   3.2470000E+03   3.2140000E+03   0.0000000E+00   0.0000000E+00
   1.5435773E+03   3.3340000E+03   3.2820000E+03   0.0000000E+00   0.0000000E+00
   1.5435848E+03   3.3470000E+03   3.3010000E+03   0.0000000E+00   0.0000000E+00
   1.5435923E+03   3.2430000E+03   3.2070000E+03   0.0000000E+00   0.0000000E+00
   1.5435999E+03   3.3460000E+03   3.2930000E+03   0.0000000E+00   0.0000000E+00
   1.5436074E+03   3.4150000E+03   3.3710000E+03   0.0000000E+00   0.0000000E+00
   1.5436149E+03   3.4280000E+03   3.3830000E+03   0.0000000E+00   0.0000000E+00
   1.5436225E+03   3.2450000E+03   3.2030000E+03   0.0000000E+00   0.0000000E+00
   1.5436300E+03   3.3890000E+03   3.3360000E+03   0.0000000E+00   0.0000000E+00
   1.5436375E+03   3.5070000E+03   3.4510000E+03   0.0000000E+00   0.0000000E+00
   1.5436450E+03   3.4130000E+03   3.3690000E+03   0.0000000E+00   0.0000000E+00
   1.5436526E+03   3.4080000E+03   3.3650000E+03   1.6990218E-04   1.7207330E-04
   1.5436601E+03   3.3350000E+03   3.2880000E+03   0.0000000E+00   0.0000000E+00
   1.5436676E+03   3.4210000E+03   3.3650000E+03   0.0000000E+00   0.0000000E+00
   1.5436752E+03   3.4610000E+03   3.4200000E+03   0.0000000E+00   0.0000000E+00
   1.5436827E+03   3.3900000E+03   3.3390000E+03   0.0000000E+00   0.0000000E+00
   1.5436902E+03   3.3900000E+03   3.3250000E+03   0.0000000E+00   0.0000000E+00
   1.5436977E+03   3.4390000E+03   3.3820000E+03   0.0000000E+00   0.0000000E+00
   1.5437053E+03   3.3840000E+03   3.3410000E+03   0.0000000E+00   0.0000000E+00
   1.5437128E+03   3.4060000E+03   3.3540000E+03   0.0000000E+00   0.0000000E+00
   1.5437203E+03   3.6150000E+03   3.5590000E+03   0.0000000E+00   0.0000000E+00
   1.5437279E+03   3.4410000E+03   3.3820000E+03   0.0000000E+00   0.0000000E+00
   1.5437354E+03   3.3730000E+03   3.3250000E+03   0.0000000E+00   0.0000000E+00
   1.5437429E+03   3.3790000E+03   3.3300000E+03   0.0000000E+00   0.0000000E+00
   1.5437504E+03   3.5080000E+03   3.4780000E+03   0.0000000E+00   0.0000000E+00
   1.5437580E+03   3.4480000E+03   3.4080000E+03   0.0000000E+00   0.0000000E+00
   1.5437655E+03   3.4340000E+03   3.3930000E+03   0.0000000E+00   0.0000000E+00
   1.5437730E+03   3.4200000E+03   3.3760000E+03   0.0000000E+00   0.0000000E+00
   1.5437806E+03   3.4860000E+03   3.4360000E+03   0.0000000E+00   0.0000000E+00
   1.5437881E+03   3.4400000E+03   3.3890000E+03   0.0000000E+00   0.0000000E+00
   1.5437956E+03   3.5030000E+03   3.4560000E+03   0.0000000E+00   0.0000000E+00
   1.5438031E+03   3.4530000E+03   3.4070000E+03   0.0000000E+00   0.0000000E+00
   1.5438107E+03   3.4260000E+03   3.3760000E+03   0.0000000E+00   0.0000000E+00
   1.5438182E+03   3.4520000E+03   3.3950000E+03   2.3745551E-04   2.4144224E-04
   1.5438257E+03   3.5890000E+03   3.5440000E+03   0.0000000E+00   0.0000000E+00
   1.5438332E+03   3.5550000E+03   3.5070000E+03   0.0000000E+00   0.0000000E+00
   1.5438408E+03   3.5060000E+03   3.4520000E+03   0.0000000E+00   0.0000000E+00
   1.5438483E+03   3.4890000E+03   3.4390000E+03   0.0000000E+00   0.0000000E+00
   1.5438558E+03   3.5220000E+03   3.4570000E+03   0.0000000E+00   0.0000000E+00
   1.5438634E+03   3.5720000E+03   3.5200000E+03   0.0000000E+00   0.0000000E+00
   1.5438709E+03   3.5890000E+03   3.5360000E+03   0.0000000E+00   0.0000000E+00
   1.5438784E+03   3.4010000E+03   3.3490000E+03   0.0000000E+00   0.0000000E+00
   1.5438859E+03   3.5700000E+03   3.5160000E+03   0.0000000E+00   0.0000000E+00
   1.5438935E+03   3.5990000E+03   3.5570000E+03   0.0000000E+00   0.0000000E+00
   1.5439010E+03   3.5250000E+03   3.4690000E+03   0.0000000E+00   0.0000000E+00
   1.5439085E+03   3.5340000E+03   3.4800000E+03   0.0000000E+00   0.0000000E+00
   1.5439161E+03   3.5230000E+03   3.4740000E+03   0.0000000E+00   0.0000000E+00
   1.5439236E+03   3.5430000E+03   3.4960000E+03   0.0000000E+00   0.0000000E+00
   1.5439311E+03   3.6520000E+03   3.5910000E+03   0.0000000E+00   0.0000000E+00
   1.5439386E+03   3.5650000E+03   3.5240000E+03   0.0000000E+00   0.0000000E+00
   1.5439462E+03   3.4860000E+03   3.4400000E+03   0.0000000E+00   0.0000000E+00
   1.5439537E+03   3.4710000E+03   3.4340000E+03   0.0000000E+00   0.0000000E+00
   1.5439612E+03   3.7320000E+03   3.6770000E+03   0.0000000E+00   0.0000000E+00
   1.5439688E+03   3.5640000E+03   3.5160000E+03   1.5873042E-04   1.6089739E-04
   1.5439763E+03   3.4650000E+03   3.4200000E+03   0.0000000E+00   0.0000000E+00
   1.5439838E+03   3.6460000E+03   3.5970000E+03   4.4169555E-05   4.4771253E-05
   1.5439913E+03   3.5320000E+03   3.4900000E+03   0.0000000E+00   0.0000000E+00
   1.5439989E+03   3.6320000E+03   3.5830000E+03   0.0000000E+00   0.0000000E+00
   1.5440064E+03   3.6670000E+03   3.6210000E+03   0.0000000E+00   0.0000000E+00
   1.5440139E+03   3.5430000E+03   3.4930000E+03   0.0000000E+00   0.0000000E+00
   1.5440215E+03   3.5330000E+03   3.4700000E+03   0.0000000E+00   0.0000000E+00
   1.5440290E+03   3.5710000E+03   3.5140000E+03   0.0000000E+00   0.0000000E+00
   1.5440365E+03   3.6040000E+03   3.5570000E+03   0.0000000E+00   0.0000000E+00
   1.5440440E+03   3.5610000E+03   3.5200000E+03   2.2405670E-04   2.2666645E-04
   1.5440516E+03   3.5950000E+03   3.5430000E+03   0.0000000E+00   0.0000000E+00
   1.5440591E+03   3.6230000E+03   3.5740000E+03   0.0000000E+00   0.0000000E+00
   1.5440666E+03   3.7320000E+03   3.6720000E+03   0.0000000E+00   0.0000000E+00
   1.5440742E+03   3.6960000E+03   3.6520000E+03   0.0000000E+00   0.0000000E+00
   1.5440817E+03   3.7280000E+03   3.6700000E+03   0.0000000E+00   0.0000000E+00
   1.5440892E+03   3.6070000E+03   3.5480000E+03   0.0000000E+00   0.0000000E+00
   1.5440967E+03   3.6230000E+03   3.5680000E+03   0.0000000E+00   0.0000000E+00
   1.5441043E+03   3.6340000E+03   3.5890000E+03   0.0000000E+00   0.0000000E+00
   1.5441118E+03   3.6770000E+03   3.6370000E+03   2.8364312E-05   2.8676265E-05
   1.5441193E+03   3.6190000E+03   3.5660000E+03   0.0000000E+00   0.0000000E+00
   1.5441269E+03   3.6470000E+03   3.5750000E+03   2.3924375E-05   2.4406208E-05
   1.5441344E+03   3.7620000E+03   3.7110000E+03   0.0000000E+00   0.0000000E+00
   1.5441419E+03   3.7240000E+03   3.6720000E+03   0.0000000E+00   0.0000000E+00
   1.5441494E+03   3.6000000E+03   3.5640000E+03   0.0000000E+00   0.0000000E+00
   1.5441570E+03   3.7250000E+03   3.6760000E+03   0.0000000E+00   0.0000000E+00
   1.5441645E+03   3.7260000E+03   3.6630000E+03   0.0000000E+00   0.0000000E+00
   1.5441720E+03   3.8240000E+03   3.7660000E+03   0.0000000E+00   0.0000000E+00
   1.5441796E+03   3.7310000E+03   3.6680000E+03   0.0000000E+00   0.0000000E+00
   1.5441871E+03   3.7520000E+03   3.6980000E+03   0.0000000E+00   0.0000000E+00
   1.5441946E+03   3.7460000E+03   3.6990000E+03   0.0000000E+00   0.0000000E+00
   1.5442021E+03   3.6850000E+03   3.6360000E+03   0.0000000E+00   0.0000000E+00
   1.5442097E+03   3.6020000E+03   3.5430000E+03   0.0000000E+00   0.0000000E+00
   1.5442172E+03   3.6480000E+03   3.5840000E+03   0.0000000E+00   0.0000000E+00
   1.5442247E+03   3.6830000E+03   3.6370000E+03   0.0000000E+00   0.0000000E+00
   1.5442323E+03   3.7930000E+03   3.7390000E+03   1.0433964E-04   1.0584655E-04
   1.5442398E+03   3.7610000E+03   3.7020000E+03   0.0000000E+00   0.0000000E+00
   1.5442473E+03   3.7540000E+03   3.7050000E+03   0.0000000E+00   0.0000000E+00
   1.5442548E+03   3.7560000E+03   3.6950000E+03   0.0000000E+00   0.0000000E+00
   1.5442624E+03   3.7810000E+03   3.7170000E+03   0.0000000E+00   0.0000000E+00
   1.5442699E+03   3.8250000E+03   3.7770000E+03   0.0000000E+00   0.0000000E+00
   1.5442774E+03   3.7950000E+03   3.7340000E+03   0.0000000E+00   0.0000000E+00
   1.5442849E+03   3.8590000E+03   3.8010000E+03   0.0000000E+00   0.0000000E+00
   1.5442925E+03   3.7090000E+03   3.6700000E+03   0.0000000E+00   0.0000000E+00
   1.5443000E+03   3.7180000E+03   3.6770000E+03   0.0000000E+00   0.0000000E+00
   1.5443075E+03   3.8100000E+03   3.7430000E+03   0.0000000E+00   0.0000000E+00
   1.5443151E+03   3.7320000E+03   3.6610000E+03   0.0000000E+00   0.0000000E+00
   1.5443226E+03   3.8650000E+03   3.8140000E+03   0.0000000E+00   0.0000000E+00
   1.5443301E+03   3.9290000E+03   3.8630000E+03   0.0000000E+00   0.0000000E+00
   1.5443376E+03   3.7840000E+03   3.7280000E+03   0.0000000E+00   0.0000000E+00
   1.5443452E+03   3.8940000E+03   3.8350000E+03   0.0000000E+00   0.0000000E+00
   1.5443527E+03   3.8430000E+03   3.7840000E+03   0.0000000E+00   0.0000000E+00
   1.5443602E+03   3.7980000E+03   3.7460000E+03   0.0000000E+00   0.0000000E+00
   1.5443678E+03   3.8140000E+03   3.7530000E+03   0.0000000E+00   0.0000000E+00
   1.5443753E+03   3.9070000E+03   3.8510000E+03   0.0000000E+00   0.0000000E+00
   1.5443828E+03   3.9780000E+03   3.9210000E+03   0.0000000E+00   0.0000000E+00
   1.5443903E+03   3.7450000E+03   3.6970000E+03   0.0000000E+00   0.0000000E+00
   1.5443979E+03   3.8810000E+03   3.8340000E+03   0.0000000E+00   0.0000000E+00
   1.5444054E+03   3.7880000E+03   3.7270000E+03   0.0000000E+00   0.0000000E+00
   1.5444129E+03   3.8530000E+03   3.8020000E+03   0.0000000E+00   0.0000000E+00
   1.5444205E+03   3.8750000E+03   3.8150000E+03   0.0000000E+00   0.0000000E+00
   1.5444280E+03   3.9070000E+03   3.8580000E+03   0.0000000E+00   0.0000000E+00
   1.5444355E+03   3.9200000E+03   3.8750000E+03   0.0000000E+00   0.0000000E+00
   1.5444430E+03   3.7700000E+03   3.7170000E+03   0.0000000E+00   0.0000000E+00
   1.5444506E+03   3.9180000E+03   3.8660000E+03   0.0000000E+00   0.0000000E+00
   1.5444581E+03   3.8300000E+03   3.7790000E+03   0.0000000E+00   0.0000000E+00
   1.5444656E+03   3.8790000E+03   3.8190000E+03   0.0000000E+00   0.0000000E+00
   1.5444732E+03   3.8830000E+03   3.8130000E+03   0.0000000E+00   0.0000000E+00
   1.5444807E+03   3.8940000E+03   3.8450000E+03   0.0000000E+00   0.0000000E+00
   1.5444882E+03   3.8670000E+03   3.8200000E+03   0.0000000E+00   0.0000000E+00
   1.5444957E+03   3.9850000E+03   3.9110000E+03   0.0000000E+00   0.0000000E+00
   1.5445033E+03   3.9110000E+03   3.8590000E+03   0.0000000E+00   0.0000000E+00
   1.5445108E+03   3.7880000E+03   3.7320000E+03   0.0000000E+00   0.0000000E+00
   1.5445183E+03   3.9480000E+03   3.8850000E+03   0.0000000E+00   0.0000000E+00
   1.5445259E+03   3.8480000E+03   3.7980000E+03   0.0000000E+00   0.0000000E+00
   1.5445334E+03   3.8300000E+03   3.7830000E+03   1.1965110E-04   1.2113765E-04
   1.5445409E+03   4.0150000E+03   3.9600000E+03   0.0000000E+00   0.0000000E+00
   1.5445484E+03   3.9450000E+03   3.8920000E+03   0.0000000E+00   0.0000000E+00
   1.5445560E+03   3.9290000E+03   3.8640000E+03   0.0000000E+00   0.0000000E+00
   1.5445635E+03   3.8970000E+03   3.8500000E+03   7.1612046E-07   7.2486271E-07
   1.5445710E+03   4.0230000E+03   3.9680000E+03   0.0000000E+00   0.0000000E+00
   1.5445786E+03   3.8640000E+03   3.8100000E+03   0.0000000E+00   0.0000000E+00
   1.5445861E+03   3.9250000E+03   3.8680000E+03   0.0000000E+00   0.0000000E+00
   1.5445936E+03   4.0350000E+03   3.9720000E+03   0.0000000E+00   0.0000000E+00
   1.5446011E+03   3.9390000E+03   3.8810000E+03   0.0000000E+00   0.0000000E+00
   1.5446087E+03   3.9520000E+03   3.9010000E+03   0.0000000E+00   0.0000000E+00
   1.5446162E+03   4.0180000E+03   3.9620000E+03   1.4531523E-05   1.4736916E-05
   1.5446237E+03   3.9710000E+03   3.9010000E+03   0.0000000E+00   0.0000000E+00
   1.5446313E+03   4.0360000E+03   3.9760000E+03   0.0000000E+00   0.0000000E+00
   1.5446388E+03   3.8690000E+03   3.8040000E+03   0.0000000E+00   0.0000000E+00
   1.5446463E+03   4.0300000E+03   3.9750000E+03   0.0000000E+00   0.0000000E+00
   1.5446538E+03   4.0350000E+03   3.9740000E+03   0.0000000E+00   0.0000000E+00
   1.5446614E+03   3.9380000E+03   3.8940000E+03   0.0000000E+00   0.0000000E+00
   1.5446689E+03   3.9000000E+03   3.8350000E+03   0.0000000E+00   0.0000000E+00
   1.5446764E+03   3.9650000E+03   3.9130000E+03   0.0000000E+00   0.0000000E+00
   1.5446840E+03   4.0610000E+03   4.0000000E+03   0.0000000E+00   0.0000000E+00
   1.5446915E+03   4.0310000E+03   3.9710000E+03   0.0000000E+00   0.0000000E+00
   1.5446990E+03   3.9790000E+03   3.9280000E+03   6.7111315E-05   0.0000000E+00
   1.5447065E+03   3.9960000E+03   3.9320000E+03   0.0000000E+00   0.0000000E+00
   1.5447141E+03   4.0700000E+03   4.0110000E+03   0.0000000E+00   0.0000000E+00
   1.5447216E+03   4.0080000E+03   3.9530000E+03   0.0000000E+00   0.0000000E+00
   1.5447291E+03   3.9620000E+03   3.9110000E+03   6.5526704E-06   6.6381181E-06
   1.5447366E+03   3.9680000E+03   3.9120000E+03   0.0000000E+00   0.0000000E+00
   1.5447442E+03   4.0790000E+03   4.0100000E+03   0.0000000E+00   0.0000000E+00
   1.5447517E+03   4.1360000E+03   4.0770000E+03   0.0000000E+00   0.0000000E+00
   1.5447592E+03   4.0150000E+03   3.9580000E+03   0.0000000E+00   0.0000000E+00
   1.5447668E+03   4.0230000E+03   3.9840000E+03   0.0000000E+00   0.0000000E+00
   1.5447743E+03   4.0850000E+03   4.0200000E+03   0.0000000E+00   0.0000000E+00
   1.5447818E+03   4.0810000E+03   4.0310000E+03   0.0000000E+00   0.0000000E+00
   1.5447893E+03   4.1500000E+03   4.0950000E+03   0.0000000E+00   0.0000000E+00
   1.5447969E+03   4.0340000E+03   3.9730000E+03   0.0000000E+00   0.0000000E+00
   1.5448044E+03   3.9780000E+03   3.9130000E+03   0.0000000E+00   0.0000000E+00
   1.5448119E+03   4.1100000E+03   4.0520000E+03   0.0000000E+00   0.0000000E+00
   1.5448195E+03   4.0420000E+03   3.9660000E+03   0.0000000E+00   0.0000000E+00
   1.5448270E+03   4.1980000E+03   4.1440000E+03   0.0000000E+00   0.0000000E+00
   1.5448345E+03   4.1690000E+03   4.1040000E+03   0.0000000E+00   0.0000000E+00
   1.5448420E+03   4.1390000E+03   4.0810000E+03   1.5142700E-04   1.5357911E-04
   1.5448496E+03   4.1420000E+03   4.0700000E+03   0.0000000E+00   0.0000000E+00
   1.5448571E+03   4.0280000E+03   3.9800000E+03   0.0000000E+00   0.0000000E+00
   1.5448646E+03   4.0700000E+03   4.0220000E+03   1.0128801E-05   1.0249682E-05
   1.5448722E+03   4.0490000E+03   3.9910000E+03   5.4457871E-05   5.5249291E-05
   1.5448797E+03   4.1630000E+03   4.1030000E+03   0.0000000E+00   0.0000000E+00
   1.5448872E+03   4.1320000E+03   4.0670000E+03   0.0000000E+00   0.0000000E+00
   1.5448947E+03   4.1430000E+03   4.0740000E+03   0.0000000E+00   0.0000000E+00
   1.5449023E+03   4.0720000E+03   4.0170000E+03   0.0000000E+00   0.0000000E+00
   1.5449098E+03   4.1740000E+03   4.1120000E+03   0.0000000E+00   0.0000000E+00
   1.5449173E+03   4.1720000E+03   4.1010000E+03   0.0000000E+00   0.0000000E+00
   1.5449249E+03   4.2190000E+03   4.1640000E+03   0.0000000E+00   0.0000000E+00
   1.5449324E+03   4.1340000E+03   4.0680000E+03   0.0000000E+00   0.0000000E+00
   1.5449399E+03   4.1070000E+03   4.0400000E+03   5.6070204E-05   5.7000081E-05
   1.5449474E+03   4.0930000E+03   4.0190000E+03   0.0000000E+00   0.0000000E+00
   1.5449550E+03   4.1770000E+03   4.1180000E+03   1.7161006E-05   1.7406877E-05
   1.5449625E+03   4.2680000E+03   4.2180000E+03   0.0000000E+00   0.0000000E+00
   1.5449700E+03   4.1700000E+03   4.0980000E+03   3.3953793E-05   0.0000000E+00
   1.5449776E+03   4.1590000E+03   4.0910000E+03   2.6833510E-05   2.5225656E-05
   1.5449851E+03   4.1420000E+03   4.1070000E+03   0.0000000E+00   0.0000000E+00
   1.5449926E+03   4.1440000E+03   4.0960000E+03   9.0834708E-05   0.0000000E+00
   1.5450001E+03   4.1080000E+03   4.0650000E+03   1.1278268E-04   8.6590864E-05
   1.5450077E+03   4.1990000E+03   4.1470000E+03   7.9957560E-05   1.9282597E-05
   1.5450152E+03   4.1890000E+03   4.1500000E+03   9.5525800E-05   1.4193406E-04
   1.5450227E+03   4.1830000E+03   4.1330000E+03   2.3836384E-05   5.7316786E-05
   1.5450303E+03   4.2030000E+03   4.1670000E+03   3.1728947E-04   1.1103151E-04
   1.5450378E+03   4.2050000E+03   4.1720000E+03   3.0175339E-04   1.2166258E-04
   1.5450453E+03   4.1390000E+03   4.1190000E+03   1.5968358E-04   9.4279188E-05
   1.5450528E+03   4.1440000E+03   4.1240000E+03   1.4107259E-04   6.5175449E-05
   1.5450604E+03   4.0980000E+03   4.0850000E+03   4.4438756E-04   3.7346770E-04
   1.5450679E+03   4.0470000E+03   4.0370000E+03   3.2621591E-04   3.2516374E-04
   1.5450754E+03   4.1210000E+03   4.1090000E+03   3.4422150E-04   3.5805284E-04
   1.5450830E+03   3.9210000E+03   3.9080000E+03   1.8230550E-04   3.7192694E-04
   1.5450905E+03   3.9800000E+03   3.9740000E+03   4.0823681E-04   3.2424558E-04
   1.5450980E+03   3.9060000E+03   3.8930000E+03   8.7772253E-04   8.1077329E-04
   1.5451055E+03   3.9060000E+03   3.8980000E+03   8.2369868E-04   6.3539990E-04
   1.5451131E+03   3.8500000E+03   3.8450000E+03   4.4869765E-04   5.3145750E-04
   1.5451206E+03   3.8460000E+03   3.8360000E+03   9.6548343E-04   8.6979969E-04
   1.5451281E+03   3.8300000E+03   3.8250000E+03   1.2256679E-03   1.0395847E-03
   1.5451357E+03   3.6830000E+03   3.6740000E+03   5.0121906E-04   3.1983991E-04
   1.5451432E+03   3.6710000E+03   3.6660000E+03   2.2601567E-04   3.5597278E-04
   1.5451507E+03   3.7490000E+03   3.7430000E+03   9.4414130E-04   7.8988011E-04
   1.5451582E+03   3.7670000E+03   3.7600000E+03   1.4277455E-03   1.2136310E-03
   1.5451658E+03   3.7250000E+03   3.7210000E+03   1.4332131E-03   1.3735836E-03
   1.5451733E+03   3.7510000E+03   3.7410000E+03   4.3308069E-04   3.5931008E-04
   1.5451808E+03   3.5910000E+03   3.5780000E+03   1.2489170E-03   1.4113932E-03
   1.5451883E+03   3.6700000E+03   3.6590000E+03   7.4423472E-04   9.1545136E-04
   1.5451959E+03   3.6730000E+03   3.6610000E+03   1.1695909E-03   8.8759743E-04
   1.5452034E+03   3.4660000E+03   3.4520000E+03   1.5804990E-03   1.2677458E-03
   1.5452109E+03   3.6230000E+03   3.6080000E+03   1.2651352E-04   3.6972445E-04
   1.5452185E+03   3.6960000E+03   3.6790000E+03   1.3108332E-03   8.4266950E-04
   1.5452260E+03   3.6020000E+03   3.5870000E+03   5.6203762E-04   4.1954228E-04
   1.5452335E+03   3.3660000E+03   3.3500000E+03   6.7647282E-04   8.6359013E-04
   1.5452410E+03   3.4820000E+03   3.4680000E+03   3.1595257E-04   1.9260112E-04
   1.5452486E+03   3.4860000E+03   3.4750000E+03   3.5089980E-04   6.5336125E-04
   1.5452561E+03   3.4050000E+03   3.3810000E+03   9.9092784E-04   7.2754735E-04
   1.5452636E+03   3.4500000E+03   3.4250000E+03   8.5343201E-04   8.2382086E-04
   1.5452712E+03   3.4200000E+03   3.3980000E+03   1.2039169E-03   1.0478827E-03
   1.5452787E+03   3.4030000E+03   3.3860000E+03   2.2195133E-03   2.1193911E-03
   1.5452862E+03   3.3790000E+03   3.3620000E+03   7.1142220E-05   2.1820235E-04
   1.5452937E+03   3.2910000E+03   3.2760000E+03   1.6794172E-03   1.3684961E-03
   1.5453013E+03   3.2250000E+03   3.2080000E+03   2.0805257E-03   2.4222415E-03
   1.5453088E+03   3.3100000E+03   3.2980000E+03   2.3650465E-03   2.1695367E-03
   1.5453163E+03   3.2250000E+03   3.2000000E+03   1.6087322E-03   1.5999916E-03
   1.5453239E+03   3.1830000E+03   3.1620000E+03   8.2596281E-04   9.2043128E-04
   1.5453314E+03   3.2010000E+03   3.1870000E+03   4.2978220E-04   6.3513221E-04
   1.5453389E+03   3.1870000E+03   3.1620000E+03   2.0608657E-03   1.6553102E-03
   1.5453464E+03   3.1160000E+03   3.0930000E+03   7.0612663E-04   7.3608695E-04
   1.5453540E+03   3.1750000E+03   3.1600000E+03   2.8734762E-04   5.6964393E-04
   1.5453615E+03   3.0930000E+03   3.0690000E+03   3.5145058E-03   3.0449310E-03
   1.5453690E+03   3.2160000E+03   3.1980000E+03   1.9225733E-03   1.6089949E-03
   1.5453766E+03   3.1360000E+03   3.1110000E+03   1.7494281E-03   1.4589945E-03
   1.5453841E+03   3.0360000E+03   3.0100000E+03   4.2574062E-04   3.6349287E-04
   1.5453916E+03   2.9800000E+03   2.9580000E+03   3.3217186E-03   2.9196826E-03
   1.5453991E+03   3.0570000E+03   3.0270000E+03   1.1143495E-03   1.0152003E-03
   1.5454067E+03   3.0670000E+03   3.0500000E+03   1.7139515E-03   1.9584118E-03
   1.5454142E+03   2.9670000E+03   2.9400000E+03   1.2193798E-03   7.2050004E-04
   1.5454217E+03   2.9770000E+03   2.9520000E+03   1.9128306E-03   2.2279266E-03
   1.5454293E+03   2.9970000E+03   2.9760000E+03   1.1314963E-03   1.7460682E-03
   1.5454368E+03   3.0040000E+03   2.9600000E+03   2.8800562E-03   3.0634455E-03
   1.5454443E+03   2.9500000E+03   2.9160000E+03   1.5050975E-03   1.8176479E-03
   1.5454518E+03   3.0080000E+03   2.9810000E+03   4.1338283E-03   3.4668337E-03
   1.5454594E+03   3.0170000E+03   2.9880000E+03   1.2697150E-03   1.0636662E-03
   1.5454669E+03   2.7910000E+03   2.7690000E+03   4.8862508E-04   4.6668100E-04
   1.5454744E+03   2.8660000E+03   2.8410000E+03   2.3048120E-03   2.3742606E-03
   1.5454820E+03   2.9400000E+03   2.9210000E+03   2.5292042E-03   1.9545880E-03
   1.5454895E+03   2.9180000E+03   2.8860000E+03   1.0553005E-03   6.8573883E-04
   1.5454970E+03   2.9330000E+03   2.9070000E+03   4.0408833E-03   3.7535090E-03
   1.5455045E+03   2.8350000E+03   2.8070000E+03   4.8940011E-04   7.5113556E-04
   1.5455121E+03   2.8130000E+03   2.7810000E+03   2.9245707E-03   2.5546229E-03
   1.5455196E+03   2.7960000E+03   2.7710000E+03   5.4678650E-04   1.1356421E-03
   1.5455271E+03   2.7780000E+03   2.7560000E+03   1.7818487E-03   1.9356077E-03
   1.5455347E+03   2.7360000E+03   2.7000000E+03   9.7288932E-04   6.7202243E-04
   1.5455422E+03   2.7570000E+03   2.7260000E+03   2.3468834E-03   3.0848201E-03
   1.5455497E+03   2.7450000E+03   2.7140000E+03   2.5534084E-03   2.7885490E-03
   1.5455572E+03   2.6880000E+03   2.6590000E+03   1.3641177E-03   1.1799535E-03
   1.5455648E+03   2.8020000E+03   2.7790000E+03   3.8162859E-03   3.6448144E-03
   1.5455723E+03   2.5950000E+03   2.5640000E+03   3.5061894E-03   3.8550887E-03
   1.5455798E+03   2.6730000E+03   2.6470000E+03   2.7419639E-03   2.4306117E-03
   1.5455874E+03   2.6120000E+03   2.5840000E+03   2.2328237E-03   2.5393797E-03
   1.5455949E+03   2.7310000E+03   2.7080000E+03   3.3762691E-03   3.5247065E-03
   1.5456024E+03   2.6800000E+03   2.6530000E+03   3.4776832E-03   3.1188060E-03
   1.5456099E+03   2.7300000E+03   2.6990000E+03   1.4829424E-03   2.3420997E-03
   1.5456175E+03   2.6190000E+03   2.5960000E+03   4.6949693E-03   4.8326064E-03
   1.5456250E+03   2.5940000E+03   2.5650000E+03   1.3230079E-03   1.6221635E-03
   1.5456325E+03   2.6220000E+03   2.5860000E+03   2.0417626E-03   2.2735288E-03
   1.5456400E+03   2.6990000E+03   2.6640000E+03   1.6364466E-03   2.4838257E-03
   1.5456476E+03   2.5850000E+03   2.5490000E+03   3.7636277E-03   3.4232470E-03
   1.5456551E+03   2.5080000E+03   2.4790000E+03   3.4234482E-04   6.7372717E-04
   1.5456626E+03   2.5590000E+03   2.5280000E+03   5.7575813E-03   5.4874021E-03
   1.5456702E+03   2.6040000E+03   2.5770000E+03   4.0701230E-03   4.4802234E-03
   1.5456777E+03   2.6230000E+03   2.5840000E+03   5.1337344E-03   4.7929638E-03
   1.5456852E+03   2.6530000E+03   2.6150000E+03   3.5400809E-03   2.7715143E-03
   1.5456927E+03   2.5350000E+03   2.5020000E+03   1.9957415E-03   1.6409370E-03
   1.5457003E+03   2.4790000E+03   2.4580000E+03   2.7268159E-03   2.3873210E-03
   1.5457078E+03   2.6100000E+03   2.5830000E+03   5.3954418E-03   5.2059259E-03
   1.5457153E+03   2.5470000E+03   2.5100000E+03   3.7152034E-03   4.2691436E-03
   1.5457229E+03   2.4980000E+03   2.4540000E+03   7.2926190E-03   6.1392467E-03
   1.5457304E+03   2.4730000E+03   2.4420000E+03   6.8207290E-04   1.6746782E-03
   1.5457379E+03   2.5800000E+03   2.5470000E+03   5.9124705E-03   5.3269118E-03
   1.5457454E+03   2.4820000E+03   2.4420000E+03   1.1200302E-03   1.4029602E-03
   1.5457530E+03   2.5750000E+03   2.5440000E+03   4.4813509E-03   4.9072787E-03
   1.5457605E+03   2.5110000E+03   2.4760000E+03   2.9464428E-03   2.7877450E-03
   1.5457680E+03   2.5000000E+03   2.4690000E+03   5.1699700E-03   4.5626626E-03
   1.5457756E+03   2.5240000E+03   2.4870000E+03   2.3520724E-03   1.9761983E-03
   1.5457831E+03   2.5030000E+03   2.4650000E+03   4.9669177E-03   5.5319998E-03
   1.5457906E+03   2.4630000E+03   2.4280000E+03   4.4249499E-03   4.5478935E-03
   1.5457981E+03   2.5480000E+03   2.5140000E+03   6.6112622E-03   6.8700042E-03
   1.5458057E+03   2.5140000E+03   2.4810000E+03   2.0142014E-03   1.7515267E-03
   1.5458132E+03   2.4890000E+03   2.4510000E+03   2.1710607E-03   1.6040195E-03
   1.5458207E+03   2.5100000E+03   2.4710000E+03   2.6612166E-03   2.8031820E-03
   1.5458283E+03   2.4900000E+03   2.4580000E+03   2.5134505E-03   2.7544626E-03
   1.5458358E+03   2.5950000E+03   2.5390000E+03   3.9826530E-04   8.0961099E-04
   1.5458433E+03   2.5030000E+03   2.4690000E+03   4.2336625E-03   5.9419835E-03
   1.5458508E+03   2.5060000E+03   2.4700000E+03   3.3035545E-03   3.2953881E-03
   1.5458584E+03   2.5260000E+03   2.4890000E+03   3.2529035E-03   3.9205022E-03
   1.5458659E+03   2.4580000E+03   2.4240000E+03   8.2210152E-03   8.2421264E-03
   1.5458734E+03   2.5510000E+03   2.5200000E+03   1.5304412E-03   1.5291750E-03
   1.5458810E+03   2.4790000E+03   2.4420000E+03   4.9607708E-03   5.5393963E-03
   1.5458885E+03   2.4860000E+03   2.4390000E+03   1.7501319E-03   1.8745202E-03
   1.5458960E+03   2.5010000E+03   2.4590000E+03   7.7352961E-04   6.3866067E-04
   1.5459035E+03   2.4540000E+03   2.3970000E+03   2.0209807E-03   2.0195898E-03
   1.5459111E+03   2.4350000E+03   2.4010000E+03   3.2631830E-03   3.5841477E-03
   1.5459186E+03   2.5200000E+03   2.4730000E+03   3.0129522E-03   3.6899213E-03
   1.5459261E+03   2.4030000E+03   2.3650000E+03   3.4027784E-03   3.3539731E-03
   1.5459337E+03   2.5110000E+03   2.4680000E+03   2.3525931E-03   2.9857855E-03
   1.5459412E+03   2.5320000E+03   2.4960000E+03   4.0279855E-03   4.3081275E-03
   1.5459487E+03   2.4530000E+03   2.4170000E+03   9.3499778E-04   9.6401259E-04
   1.5459562E+03   2.4760000E+03   2.4330000E+03   6.6417711E-03   6.2453723E-03
   1.5459638E+03   2.5210000E+03   2.4800000E+03   1.8805329E-03   2.0488005E-03
   1.5459713E+03   2.4250000E+03   2.3940000E+03   5.8572813E-03   5.5801498E-03
   1.5459788E+03   2.5230000E+03   2.4920000E+03   2.6263608E-03   3.3712223E-03
   1.5459864E+03   2.4610000E+03   2.4180000E+03   1.6507938E-03   2.2158314E-03
   1.5459939E+03   2.3710000E+03   2.3320000E+03   4.6913823E-03   4.2665437E-03
   1.5460014E+03   2.4430000E+03   2.4080000E+03   7.1647586E-03   7.8555791E-03
   1.5460089E+03   2.5270000E+03   2.4750000E+03   4.4172528E-03   5.0968224E-03
   1.5460165E+03   2.5240000E+03   2.4640000E+03   5.4566963E-03   5.2531529E-03
   1.5460240E+03   2.5700000E+03   2.5230000E+03   4.5933181E-03   5.0102200E-03
   1.5460315E+03   2.5460000E+03   2.5010000E+03   1.4863456E-03   2.6292634E-03
   1.5460391E+03   2.4760000E+03   2.4080000E+03   3.3005636E-03   4.0379017E-03
   1.5460466E+03   2.5760000E+03   2.5390000E+03   6.4203539E-03   6.4003466E-03
   1.5460541E+03   2.4670000E+03   2.4240000E+03   4.7721711E-03   5.2803237E-03
   1.5460616E+03   2.5350000E+03   2.4780000E+03   2.0086564E-03   2.9407361E-03
   1.5460692E+03   2.5280000E+03   2.4880000E+03   2.6069355E-03   3.2178510E-03
   1.5460767E+03   2.4740000E+03   2.4290000E+03   9.1925887E-04   6.3185091E-04
   1.5460842E+03   2.5800000E+03   2.5330000E+03   7.0922881E-03   6.8752491E-03
   1.5460917E+03   2.5530000E+03   2.5040000E+03   5.8842298E-03   5.7933773E-03
   1.5460993E+03   2.5790000E+03   2.5350000E+03   6.9348607E-03   7.5798529E-03
   1.5461068E+03   2.6110000E+03   2.5660000E+03   4.5798749E-03   4.4741859E-03
   1.5461143E+03   2.5220000E+03   2.4810000E+03   6.5068904E-03   6.2052034E-03
   1.5461219E+03   2.5140000E+03   2.4710000E+03   2.4030150E-03   3.0498847E-03
   1.5461294E+03   2.5160000E+03   2.4580000E+03   4.1291947E-03   4.2188314E-03
   1.5461369E+03   2.6630000E+03   2.6060000E+03   1.6433754E-03   2.1454366E-03
   1.5461444E+03   2.5850000E+03   2.5330000E+03   3.2913610E-03   3.3428940E-03
   1.5461520E+03   2.5560000E+03   2.5010000E+03   1.1873094E-03   1.7199830E-03
   1.5461595E+03   2.5310000E+03   2.4840000E+03   6.6845080E-03   6.4088674E-03
   1.5461670E+03   2.5770000E+03   2.5300000E+03   3.0045362E-03   3.1876428E-03
   1.5461746E+03   2.6190000E+03   2.5780000E+03   3.4903588E-03   3.2749151E-03
   1.5461821E+03   2.6480000E+03   2.6050000E+03   7.4403475E-03   7.7160035E-03
   1.5461896E+03   2.6230000E+03   2.5770000E+03   5.5095687E-03   5.3871174E-03
   1.5461971E+03   2.6180000E+03   2.5780000E+03   1.7762271E-03   2.2485333E-03
   1.5462047E+03   2.6760000E+03   2.6180000E+03   2.4151925E-03   2.8055409E-03
   1.5462122E+03   2.6330000E+03   2.5730000E+03   5.8091255E-03   6.1005078E-03
   1.5462197E+03   2.5630000E+03   2.5120000E+03   5.1225862E-03   5.2064436E-03
   1.5462273E+03   2.6490000E+03   2.5880000E+03   6.1970422E-03   6.0947170E-03
   1.5462348E+03   2.5940000E+03   2.5390000E+03   8.2272922E-03   7.7103928E-03
   1.5462423E+03   2.6180000E+03   2.5770000E+03   5.6235962E-03   5.0230482E-03
   1.5462498E+03   2.5850000E+03   2.5370000E+03   1.3408472E-03   1.2771031E-03
   1.5462574E+03   2.6310000E+03   2.5780000E+03   2.9843041E-03   2.8784166E-03
   1.5462649E+03   2.6540000E+03   2.5900000E+03   3.3294662E-03   3.0963906E-03
   1.5462724E+03   2.7190000E+03   2.6640000E+03   4.2456408E-03   4.1123571E-03
   1.5462800E+03   2.7720000E+03   2.6990000E+03   2.6909040E-03   2.2108869E-03
   1.5462875E+03   2.6740000E+03   2.6230000E+03   1.6305609E-03   1.9838772E-03
   1.5462950E+03   2.6690000E+03   2.6240000E+03   6.7081824E-03   6.8402606E-03
   1.5463025E+03   2.7710000E+03   2.7150000E+03   3.0401702E-03   3.7594313E-03
   1.5463101E+03   2.6660000E+03   2.6210000E+03   7.5199149E-03   7.8860470E-03
   1.5463176E+03   2.6830000E+03   2.6330000E+03   3.3298054E-03   2.5994388E-03
   1.5463251E+03   2.7290000E+03   2.6780000E+03   5.2793643E-03   4.5389089E-03
   1.5463327E+03   2.8070000E+03   2.7520000E+03   4.8016467E-03   4.3407423E-03
   1.5463402E+03   2.7800000E+03   2.7330000E+03   6.0116929E-03   6.0567817E-03
   1.5463477E+03   2.6990000E+03   2.6440000E+03   3.5754601E-03   3.6796911E-03
   1.5463552E+03   2.7160000E+03   2.6590000E+03   8.2371732E-04   1.1424154E-03
   1.5463628E+03   2.7520000E+03   2.6810000E+03   2.1325258E-03   2.1953099E-03
   1.5463703E+03   2.8320000E+03   2.7690000E+03   3.2388722E-03   2.9773103E-03
   1.5463778E+03   2.7750000E+03   2.7220000E+03   6.3693711E-03   7.4831278E-03
   1.5463854E+03   2.7930000E+03   2.7450000E+03   4.8729605E-03   4.6194011E-03
   1.5463929E+03   2.7350000E+03   2.6690000E+03   7.6894933E-03   7.2772337E-03
   1.5464004E+03   2.8330000E+03   2.7830000E+03   4.9359999E-03   4.9529930E-03
   1.5464079E+03   2.9510000E+03   2.8820000E+03   3.4756067E-03   2.9962226E-03
   1.5464155E+03   2.7870000E+03   2.7180000E+03   4.3068063E-03   3.9660900E-03
   1.5464230E+03   2.8870000E+03   2.8390000E+03   3.7308648E-03   2.8462299E-03
   1.5464305E+03   2.8740000E+03   2.8200000E+03   1.6033253E-03   2.0171523E-03
   1.5464381E+03   2.8540000E+03   2.8000000E+03   3.7646517E-03   3.3664308E-03
   1.5464456E+03   2.9420000E+03   2.8930000E+03   2.1215998E-03   2.8730854E-03
   1.5464531E+03   2.9110000E+03   2.8520000E+03   2.3242786E-03   2.0233708E-03
   1.5464606E+03   2.8230000E+03   2.7720000E+03   1.0701855E-02   1.0943227E-02
   1.5464682E+03   2.9670000E+03   2.9110000E+03   3.1201980E-03   3.0362470E-03
   1.5464757E+03   2.9370000E+03   2.8890000E+03   2.1985121E-03   1.7543221E-03
   1.5464832E+03   2.9380000E+03   2.8870000E+03   2.7322745E-03   2.9053762E-03
   1.5464908E+03   2.9590000E+03   2.8890000E+03   4.8955420E-03   4.6817455E-03
   1.5464983E+03   2.9670000E+03   2.9000000E+03   3.7214578E-03   3.4779376E-03
   1.5465058E+03   2.9790000E+03   2.9200000E+03   3.9989673E-03   3.9106109E-03
   1.5465133E+03   2.9550000E+03   2.8820000E+03   4.8096663E-03   4.7744826E-03
   1.5465209E+03   3.0320000E+03   2.9710000E+03   2.2443857E-03   1.9750742E-03
   1.5465284E+03   3.0090000E+03   2.9550000E+03   5.2366591E-03   5.7624157E-03
   1.5465359E+03   3.1050000E+03   3.0450000E+03   3.6789059E-03   3.7930472E-03
   1.5465434E+03   3.0230000E+03   2.9670000E+03   4.7099701E-03   5.2253716E-03
   1.5465510E+03   3.0760000E+03   3.0080000E+03   4.5144157E-03   4.1805262E-03
   1.5465585E+03   3.0690000E+03   3.0050000E+03   3.0252910E-03   3.3052354E-03
   1.5465660E+03   3.1770000E+03   3.1240000E+03   2.5629945E-03   2.1972074E-03
   1.5465736E+03   3.0660000E+03   3.0000000E+03   2.6096231E-03   2.5075761E-03
   1.5465811E+03   3.0970000E+03   3.0260000E+03   3.0644096E-03   2.7729184E-03
   1.5465886E+03   3.1330000E+03   3.0620000E+03   4.7024530E-03   4.6688613E-03
   1.5465961E+03   3.2070000E+03   3.1370000E+03   2.9988338E-03   3.7043777E-03
   1.5466037E+03   3.2420000E+03   3.1740000E+03   3.8807432E-03   4.3362495E-03
   1.5466112E+03   3.1760000E+03   3.1030000E+03   4.0307248E-03   3.9395458E-03
   1.5466187E+03   3.1170000E+03   3.0470000E+03   1.7062702E-03   1.7906536E-03
   1.5466263E+03   3.2320000E+03   3.1640000E+03   5.8480231E-03   5.1809946E-03
   1.5466338E+03   3.2800000E+03   3.2250000E+03   1.0319888E-03   4.9146049E-04
   1.5466413E+03   3.1710000E+03   3.1050000E+03   4.2358283E-03   4.5737558E-03
   1.5466488E+03   3.1960000E+03   3.1220000E+03   5.2004659E-03   5.6436452E-03
   1.5466564E+03   3.2740000E+03   3.2080000E+03   2.3245556E-03   2.6704219E-03
   1.5466639E+03   3.2140000E+03   3.1340000E+03   1.6505291E-03   2.3826667E-03
   1.5466714E+03   3.3230000E+03   3.2700000E+03   3.8813347E-03   3.7067560E-03
   1.5466790E+03   3.2680000E+03   3.1980000E+03   7.0861983E-03   6.8553470E-03
   1.5466865E+03   3.3590000E+03   3.2840000E+03   5.7185657E-03   5.2880012E-03
   1.5466940E+03   3.4650000E+03   3.4040000E+03   1.5843916E-03   1.7283026E-03
   1.5467015E+03   3.3240000E+03   3.2530000E+03   8.8953504E-04   7.7224439E-04
   1.5467091E+03   3.2870000E+03   3.2240000E+03   4.1583788E-03   4.2318440E-03
   1.5467166E+03   3.3740000E+03   3.3180000E+03   9.5082549E-04   1.1162476E-03
   1.5467241E+03   3.3510000E+03   3.2780000E+03   1.7251010E-03   1.0395077E-03
   1.5467317E+03   3.2860000E+03   3.2110000E+03   8.5402284E-04   7.3719471E-04
   1.5467392E+03   3.3410000E+03   3.2710000E+03   1.1708544E-03   1.4068363E-03
   1.5467467E+03   3.5080000E+03   3.4310000E+03   1.1233814E-03   1.2410128E-03
   1.5467542E+03   3.4510000E+03   3.3830000E+03   2.4414328E-03   2.3052759E-03
   1.5467618E+03   3.4970000E+03   3.4090000E+03   2.4357456E-03   2.7643681E-03
   1.5467693E+03   3.4570000E+03   3.3970000E+03   4.5983892E-03   4.9685931E-03
   1.5467768E+03   3.4970000E+03   3.4230000E+03   3.5745810E-03   3.6426267E-03
   1.5467844E+03   3.5240000E+03   3.4490000E+03   2.6963512E-03   2.1677470E-03
   1.5467919E+03   3.4920000E+03   3.4140000E+03   8.4318580E-03   8.7305152E-03
   1.5467994E+03   3.5370000E+03   3.4550000E+03   6.4589305E-03   6.9843474E-03
   1.5468069E+03   3.5010000E+03   3.4310000E+03   3.7731959E-03   3.1665602E-03
   1.5468145E+03   3.5560000E+03   3.4760000E+03   3.7147595E-03   2.9009311E-03
   1.5468220E+03   3.6110000E+03   3.5390000E+03   2.1135644E-03   2.4323025E-03
   1.5468295E+03   3.6560000E+03   3.5910000E+03   7.9148417E-04   1.6504798E-03
   1.5468371E+03   3.5070000E+03   3.4280000E+03   4.0307557E-03   3.8245731E-03
   1.5468446E+03   3.5380000E+03   3.4650000E+03   1.1481911E-03   8.9496808E-04
   1.5468521E+03   3.6690000E+03   3.5860000E+03   2.4221680E-03   2.4178304E-03
   1.5468596E+03   3.6590000E+03   3.5890000E+03   2.0799493E-03   1.6498543E-03
   1.5468672E+03   3.5800000E+03   3.5050000E+03   5.8584209E-03   6.4779979E-03
   1.5468747E+03   3.7020000E+03   3.6300000E+03   1.4694363E-03   1.0345460E-03
   1.5468822E+03   3.7740000E+03   3.6960000E+03   2.3577777E-03   2.8445371E-03
   1.5468898E+03   3.7030000E+03   3.6390000E+03   2.9155123E-03   2.7044977E-03
   1.5468973E+03   3.6060000E+03   3.5420000E+03   4.9862427E-03   4.9304086E-03
   1.5469048E+03   3.7150000E+03   3.6370000E+03   2.4902776E-03   2.9427392E-03
   1.5469123E+03   3.8300000E+03   3.7590000E+03   4.0033010E-03   3.7729075E-03
   1.5469199E+03   3.7030000E+03   3.6250000E+03   6.1861443E-03   5.4957912E-03
   1.5469274E+03   3.7570000E+03   3.6880000E+03   3.9363516E-03   4.2777750E-03
   1.5469349E+03   3.9410000E+03   3.8580000E+03   5.6178778E-03   6.4821583E-03
   1.5469425E+03   3.8060000E+03   3.7410000E+03   3.2524719E-03   4.0261199E-03
   1.5469500E+03   3.8600000E+03   3.7940000E+03   6.9545623E-04   9.4773846E-04
   1.5469575E+03   3.8940000E+03   3.8170000E+03   6.9445209E-03   6.9593805E-03
   1.5469650E+03   3.8350000E+03   3.7730000E+03   2.4009226E-03   1.6088060E-03
   1.5469726E+03   3.8610000E+03   3.7830000E+03   4.3148899E-03   4.2407997E-03
   1.5469801E+03   3.9810000E+03   3.8980000E+03   1.1634240E-02   1.1673988E-02
   1.5469876E+03   3.9090000E+03   3.8270000E+03   3.3519324E-03   2.6429570E-03
   1.5469951E+03   3.9170000E+03   3.8430000E+03   6.7328434E-03   6.9842901E-03
   1.5470027E+03   3.9070000E+03   3.8240000E+03   2.1358151E-03   2.4958909E-03
   1.5470102E+03   3.8910000E+03   3.8290000E+03   4.2547201E-03   3.8790297E-03
   1.5470177E+03   3.9880000E+03   3.9160000E+03   3.4866170E-03   3.3764655E-03
   1.5470253E+03   3.9340000E+03   3.8540000E+03   3.9170601E-03   3.9610792E-03
   1.5470328E+03   3.9280000E+03   3.8380000E+03   3.3040505E-03   2.8626302E-03
   1.5470403E+03   3.9250000E+03   3.8620000E+03   5.2802265E-03   5.3205760E-03
   1.5470478E+03   3.9890000E+03   3.9190000E+03   3.1199990E-03   3.4090614E-03
   1.5470554E+03   4.1230000E+03   4.0430000E+03   4.5190277E-03   3.9996799E-03
   1.5470629E+03   4.0850000E+03   4.0060000E+03   5.5484918E-03   5.6312022E-03
   1.5470704E+03   4.1140000E+03   4.0430000E+03   5.1042624E-03   5.0322588E-03
   1.5470780E+03   4.0460000E+03   3.9810000E+03   6.5836745E-04   7.3615279E-04
   1.5470855E+03   3.9380000E+03   3.8700000E+03   4.4976353E-03   4.6972299E-03
   1.5470930E+03   4.1050000E+03   4.0250000E+03   2.7521384E-03   2.5750019E-03
   1.5471005E+03   4.1540000E+03   4.0650000E+03   2.6655935E-03   2.2942034E-03
   1.5471081E+03   4.1400000E+03   4.0730000E+03   2.6899270E-03   3.1232935E-03
   1.5471156E+03   4.0890000E+03   4.0090000E+03   1.4480979E-03   1.8318423E-03
   1.5471231E+03   4.0180000E+03   3.9540000E+03   6.2114633E-03   5.7638704E-03
   1.5471307E+03   4.1230000E+03   4.0510000E+03   2.9154697E-03   2.7461497E-03
   1.5471382E+03   4.2340000E+03   4.1450000E+03   4.1437113E-03   4.0398089E-03
   1.5471457E+03   4.1710000E+03   4.0950000E+03   4.0068122E-03   4.1527563E-03
   1.5471532E+03   4.2760000E+03   4.1870000E+03   3.9510119E-03   3.7990321E-03
   1.5471608E+03   4.1500000E+03   4.0750000E+03   4.3271178E-03   4.5626467E-03
   1.5471683E+03   4.1600000E+03   4.0750000E+03   2.4451037E-04   8.9999701E-04
   1.5471758E+03   4.2110000E+03   4.1340000E+03   4.2835658E-03   5.0868331E-03
   1.5471834E+03   4.3250000E+03   4.2260000E+03   1.9588841E-03   2.6223756E-03
   1.5471909E+03   4.2640000E+03   4.1940000E+03   9.8095442E-04   1.3101004E-03
   1.5471984E+03   4.3320000E+03   4.2650000E+03   2.1698358E-03   1.9021617E-03
   1.5472059E+03   4.3310000E+03   4.2570000E+03   1.6756562E-03   1.7925671E-03
   1.5472135E+03   4.4880000E+03   4.4130000E+03   3.1285869E-03   3.5748791E-03
   1.5472210E+03   4.2560000E+03   4.1750000E+03   1.5700717E-03   1.4451571E-03
   1.5472285E+03   4.3520000E+03   4.2670000E+03   8.6019743E-04   8.7833297E-04
   1.5472361E+03   4.4430000E+03   4.3570000E+03   2.0560493E-03   1.9703896E-03
   1.5472436E+03   4.4820000E+03   4.4020000E+03   6.2932170E-03   6.7450442E-03
   1.5472511E+03   4.4190000E+03   4.3420000E+03   5.8001820E-03   5.4831674E-03
   1.5472586E+03   4.4720000E+03   4.3930000E+03   2.6445681E-03   2.7302121E-03
   1.5472662E+03   4.4480000E+03   4.3590000E+03   2.2478621E-03   2.0747550E-03
   1.5472737E+03   4.5130000E+03   4.4440000E+03   1.5028412E-03   1.6221978E-03
   1.5472812E+03   4.6640000E+03   4.5760000E+03   4.4817168E-03   5.4288735E-03
   1.5472888E+03   4.6170000E+03   4.5350000E+03   3.2613006E-03   3.0459452E-03
   1.5472963E+03   4.5050000E+03   4.4210000E+03   3.7034053E-03   3.2390113E-03
   1.5473038E+03   4.4900000E+03   4.4130000E+03   4.6481529E-03   4.2387439E-03
   1.5473113E+03   4.4330000E+03   4.3380000E+03   2.4966639E-03   2.4158848E-03
   1.5473189E+03   4.6110000E+03   4.5360000E+03   5.3183893E-05   4.1067689E-04
   1.5473264E+03   4.6560000E+03   4.5700000E+03   3.6638717E-03   3.6225961E-03
   1.5473339E+03   4.6530000E+03   4.5810000E+03   1.7717621E-03   1.7489642E-03
   1.5473415E+03   4.7540000E+03   4.6610000E+03   4.2758815E-03   4.7909642E-03
   1.5473490E+03   4.6890000E+03   4.6110000E+03   4.2345183E-03   4.9368644E-03
   1.5473565E+03   4.6460000E+03   4.5720000E+03   2.1630079E-03   2.2087623E-03
   1.5473640E+03   4.6300000E+03   4.5530000E+03   3.3177547E-03   3.9273887E-03
   1.5473716E+03   4.7660000E+03   4.6850000E+03   5.4978068E-03   5.2527379E-03
   1.5473791E+03   4.6630000E+03   4.5760000E+03   5.6294425E-03   5.5085844E-03
   1.5473866E+03   4.7700000E+03   4.6900000E+03   8.0658337E-04   7.8155113E-04
   1.5473942E+03   4.7180000E+03   4.6270000E+03   2.2444641E-03   2.2563668E-03
   1.5474017E+03   4.6610000E+03   4.5840000E+03   5.1684353E-03   4.9482977E-03
   1.5474092E+03   4.7670000E+03   4.6670000E+03   1.3704675E-03   1.4587053E-03
   1.5474167E+03   4.8150000E+03   4.7200000E+03   4.4303922E-03   4.1148263E-03
   1.5474243E+03   4.7350000E+03   4.6540000E+03   1.6615632E-03   1.2922473E-03
   1.5474318E+03   4.8120000E+03   4.7280000E+03   4.6627142E-03   4.9601970E-03
   1.5474393E+03   4.9190000E+03   4.8260000E+03   3.5110381E-03   3.6885643E-03
   1.5474468E+03   5.0500000E+03   4.9670000E+03   1.1054172E-03   1.1376893E-03
   1.5474544E+03   4.8130000E+03   4.7250000E+03   3.5425903E-03   3.0115827E-03
   1.5474619E+03   4.7630000E+03   4.6860000E+03   6.8858269E-03   6.7086852E-03
   1.5474694E+03   4.9470000E+03   4.8540000E+03   6.4738345E-03   6.4807495E-03
   1.5474770E+03   4.8670000E+03   4.7980000E+03   2.0809193E-03   2.0080677E-03
   1.5474845E+03   4.9090000E+03   4.8390000E+03   4.0821206E-03   4.4627437E-03
   1.5474920E+03   5.0170000E+03   4.9490000E+03   2.7186534E-03   2.9927247E-03
   1.5474995E+03   4.9370000E+03   4.8580000E+03   2.9974412E-03   3.0525794E-03
   1.5475071E+03   5.0180000E+03   4.9180000E+03   4.6461373E-03   4.6088205E-03
   1.5475146E+03   5.0070000E+03   4.9200000E+03   2.1094190E-03   2.4051921E-03
   1.5475221E+03   4.9920000E+03   4.9160000E+03   1.4189285E-03   1.5226432E-03
   1.5475297E+03   4.9700000E+03   4.9040000E+03   3.5749998E-04   5.3797556E-04
   1.5475372E+03   5.1880000E+03   5.0980000E+03   1.8425696E-03   2.1141582E-03
   1.5475447E+03   5.0800000E+03   4.9870000E+03   3.6536650E-03   3.6407237E-03
   1.5475522E+03   5.0560000E+03   4.9810000E+03   3.0911386E-03   2.9586041E-03
   1.5475598E+03   5.0550000E+03   4.9880000E+03   3.5701495E-03   3.1278660E-03
   1.5475673E+03   5.1840000E+03   5.1110000E+03   3.4608712E-03   3.6512340E-03
   1.5475748E+03   5.0990000E+03   5.0220000E+03   5.2318880E-03   5.4903299E-03
   1.5475824E+03   5.0720000E+03   5.0040000E+03   2.2356262E-03   2.7378527E-03
   1.5475899E+03   5.0030000E+03   4.9250000E+03   2.3097127E-03   2.2641823E-03
   1.5475974E+03   5.0600000E+03   4.9990000E+03   7.9844283E-04   8.4044408E-04
   1.5476049E+03   5.0240000E+03   4.9500000E+03   8.2388068E-04   1.2360879E-03
   1.5476125E+03   5.3380000E+03   5.2800000E+03   5.8367387E-03   5.5478287E-03
   1.5476200E+03   5.1820000E+03   5.1280000E+03   2.0890370E-03   2.2090255E-03
   1.5476275E+03   4.9990000E+03   4.9440000E+03   8.0190473E-03   7.9325355E-03
   1.5476351E+03   5.1160000E+03   5.0870000E+03   3.2326531E-03   3.3027237E-03
   1.5476426E+03   5.1710000E+03   5.1210000E+03   8.3937917E-04   9.6093585E-04
   1.5476501E+03   4.9790000E+03   4.9510000E+03   4.3479903E-03   4.5471224E-03
   1.5476576E+03   5.0440000E+03   5.0180000E+03   3.0599333E-03   3.0401535E-03
   1.5476652E+03   5.1540000E+03   5.1300000E+03   9.3499602E-04   9.4949974E-04
   1.5476727E+03   4.9540000E+03   4.9370000E+03   2.9231196E-03   2.9233573E-03
   1.5476802E+03   4.9560000E+03   4.9430000E+03   1.7002205E-03   1.7317967E-03
   1.5476878E+03   4.8340000E+03   4.8190000E+03   2.5475491E-03   2.5673553E-03
   1.5476953E+03   4.9900000E+03   4.9770000E+03   5.1699171E-03   5.1834340E-03
   1.5477028E+03   5.0210000E+03   5.0020000E+03   2.3752262E-03   2.3842651E-03
   1.5477103E+03   4.9570000E+03   4.9420000E+03   3.2329305E-03   3.2427501E-03
   1.5477179E+03   4.8750000E+03   4.8600000E+03   3.9184301E-03   3.9305423E-03
   1.5477254E+03   4.6980000E+03   4.6800000E+03   8.5210586E-03   8.5538344E-03
   1.5477329E+03   4.9090000E+03   4.8950000E+03   1.1828144E-03   1.1862019E-03
   1.5477405E+03   4.8360000E+03   4.8220000E+03   5.4265765E-03   5.4423852E-03
   1.5477480E+03   4.6610000E+03   4.6510000E+03   3.8713624E-03   3.8797137E-03
   1.5477555E+03   4.8260000E+03   4.8100000E+03   2.6186172E-03   2.6272466E-03
   1.5477630E+03   4.9190000E+03   4.8970000E+03   7.0860801E-04   7.1182391E-04
   1.5477706E+03   4.8320000E+03   4.8020000E+03   1.1941727E-03   1.2016551E-03
   1.5477781E+03   4.7540000E+03   4.7400000E+03   1.2478844E-03   1.2515595E-03
   1.5477856E+03   4.8080000E+03   4.7840000E+03   3.7778901E-03   3.7968676E-03
   1.5477932E+03   4.7730000E+03   4.7460000E+03   1.5888684E-03   1.5979024E-03
   1.5478007E+03   4.7130000E+03   4.6980000E+03   2.8769455E-03   2.8861402E-03
   1.5478082E+03   4.6190000E+03   4.6020000E+03   8.4103367E-04   8.4415032E-04
   1.5478157E+03   4.6440000E+03   4.6220000E+03   4.6024663E-03   4.6243397E-03
   1.5478233E+03   4.7710000E+03   4.7440000E+03   2.0578492E-03   2.0695489E-03
   1.5478308E+03   4.6780000E+03   4.6540000E+03   1.4624044E-03   1.4699123E-03
   1.5478383E+03   4.5770000E+03   4.5460000E+03   2.6092006E-03   2.6270436E-03
   1.5478459E+03   4.5350000E+03   4.5030000E+03   1.4320314E-03   1.4421324E-03
   1.5478534E+03   4.6680000E+03   4.6400000E+03   4.1430259E-03   4.1686195E-03
   1.5478609E+03   4.5950000E+03   4.5650000E+03   3.7256130E-03   3.7500852E-03
   1.5478684E+03   4.5490000E+03   4.5250000E+03   2.5769230E-03   2.5905959E-03
   1.5478760E+03   4.5540000E+03   4.5230000E+03   3.6916506E-03   3.7169531E-03
   1.5478835E+03   4.5190000E+03   4.4950000E+03   3.2769640E-03   3.2944597E-03
   1.5478910E+03   4.5040000E+03   4.4740000E+03   2.5340888E-03   2.5505392E-03
   1.5478985E+03   4.4880000E+03   4.4740000E+03   2.7293787E-03   2.7379224E-03
   1.5479061E+03   4.5730000E+03   4.5460000E+03   1.4724575E-03   1.4812207E-03
   1.5479136E+03   4.4150000E+03   4.3860000E+03   3.5681754E-03   3.5917864E-03
   1.5479211E+03   4.5050000E+03   4.4830000E+03   1.9202773E-03   1.9299603E-03
   1.5479287E+03   4.4410000E+03   4.4050000E+03   4.9620493E-03   5.0023243E-03
   1.5479362E+03   4.4330000E+03   4.4070000E+03   4.1195429E-03   4.1433640E-03
   1.5479437E+03   4.3850000E+03   4.3610000E+03   6.9532337E-03   6.9915466E-03
   1.5479512E+03   4.4470000E+03   4.4100000E+03   1.5191769E-03   1.5320630E-03
   1.5479588E+03   4.2750000E+03   4.2420000E+03   9.7654278E-04   9.8415736E-04
   1.5479663E+03   4.3210000E+03   4.2890000E+03   1.6262541E-03   1.6383834E-03
   1.5479738E+03   4.3280000E+03   4.2940000E+03   1.4860950E-03   1.4977422E-03
   1.5479814E+03   4.4220000E+03   4.3850000E+03   3.0556854E-03   3.0815086E-03
   1.5479889E+03   4.3740000E+03   4.3400000E+03   1.1377440E-03   1.1476588E-03
   1.5479964E+03   4.3110000E+03   4.2630000E+03   2.7860006E-03   2.8178444E-03
   1.5480039E+03   4.3070000E+03   4.2730000E+03   4.2082257E-03   4.2417059E-03
   1.5480115E+03   4.1240000E+03   4.0990000E+03   2.9091967E-03   2.9269192E-03
   1.5480190E+03   4.1740000E+03   4.1370000E+03   7.4249162E-03   7.4913171E-03
   1.5480265E+03   4.1840000E+03   4.1530000E+03   2.9079234E-03   2.9295636E-03
   1.5480341E+03   4.2020000E+03   4.1730000E+03   4.0314725E-03   4.0595959E-03
   1.5480416E+03   4.3100000E+03   4.2680000E+03   2.3964451E-03   2.4201280E-03
   1.5480491E+03   4.1740000E+03   4.1440000E+03   1.9252418E-03   1.9390102E-03
   1.5480566E+03   4.1990000E+03   4.1630000E+03   1.5874618E-03   1.6012339E-03
   1.5480642E+03   4.1550000E+03   4.1310000E+03   2.3595128E-03   2.3730990E-03
   1.5480717E+03   4.1240000E+03   4.0970000E+03   7.3566437E-03   7.4051597E-03
   1.5480792E+03   4.2180000E+03   4.1870000E+03   3.8852232E-03   3.9139433E-03
   1.5480868E+03   4.1000000E+03   4.0680000E+03   4.1207312E-03   4.1532046E-03
   1.5480943E+03   4.1620000E+03   4.1320000E+03   2.8716825E-03   2.8924255E-03
   1.5481018E+03   4.0820000E+03   4.0500000E+03   1.1850632E-03   1.1944362E-03
   1.5481093E+03   4.1220000E+03   4.0810000E+03   5.8558454E-04   5.9152307E-04
   1.5481169E+03   4.0750000E+03   4.0490000E+03   9.8167002E-04   1.0221709E-03
   1.5481244E+03   4.1480000E+03   4.1130000E+03   3.4408077E-03   3.4704107E-03
   1.5481319E+03   4.0860000E+03   4.0550000E+03   1.0594963E-03   1.0675884E-03
   1.5481395E+03   4.1460000E+03   4.0990000E+03   7.7549444E-03   7.8438991E-03
   1.5481470E+03   4.0590000E+03   4.0240000E+03   2.5852090E-03   2.6077192E-03
   1.5481545E+03   3.9860000E+03   3.9530000E+03   2.9998334E-03   3.0249162E-03
   1.5481620E+03   4.0790000E+03   4.0390000E+03   2.7879819E-03   2.8156095E-03
   1.5481696E+03   3.9630000E+03   3.9340000E+03   2.0423353E-03   2.0573682E-03
   1.5481771E+03   3.9520000E+03   3.9210000E+03   1.3035910E-03   1.3144162E-03
   1.5481846E+03   4.0590000E+03   4.0360000E+03   1.2975847E-03   1.3049721E-03
   1.5481922E+03   3.9260000E+03   3.8880000E+03   7.4529312E-03   7.5258329E-03
   1.5481997E+03   4.0160000E+03   3.9710000E+03   3.9928177E-03   4.0380156E-03
   1.5482072E+03   3.9010000E+03   3.8660000E+03   6.5677613E-03   6.6271715E-03
   1.5482147E+03   3.9290000E+03   3.8910000E+03   3.8278421E-03   3.8652383E-03
   1.5482223E+03   3.9940000E+03   3.9570000E+03   7.1178365E-03   7.1843782E-03
   1.5482298E+03   3.9300000E+03   3.8940000E+03   1.8425454E-03   1.8593695E-03
   1.5482373E+03   3.8800000E+03   3.8520000E+03   5.2409705E-03   5.2790570E-03
   1.5482449E+03   4.0350000E+03   3.9950000E+03   2.1260271E-03   2.1472978E-03
   1.5482524E+03   3.9070000E+03   3.8630000E+03   2.5608809E-03   2.5900677E-03
   1.5482599E+03   3.9330000E+03   3.8990000E+03   5.8785271E-03   5.9297810E-03
   1.5482674E+03   3.9190000E+03   3.8760000E+03   6.4614559E-03   6.5330221E-03
   1.5482750E+03   3.9480000E+03   3.9170000E+03   1.2740906E-03   1.2841992E-03
   1.5482825E+03   3.9720000E+03   3.9270000E+03   2.3799931E-03   2.4071644E-03
   1.5482900E+03   3.8970000E+03   3.8630000E+03   1.2531939E-03   1.2642223E-03
   1.5482976E+03   3.7270000E+03   3.6850000E+03   2.2836092E-03   2.3095054E-03
   1.5483051E+03   3.7720000E+03   3.7370000E+03   7.7915532E-03   7.8644744E-03
   1.5483126E+03   3.8740000E+03   3.8330000E+03   1.2939590E-03   1.3029538E-03
   1.5483201E+03   3.8730000E+03   3.8420000E+03   2.6929037E-03   2.7146278E-03
   1.5483277E+03   3.8380000E+03   3.8060000E+03   2.8475207E-03   2.8720156E-03
   1.5483352E+03   3.9160000E+03   3.8740000E+03   7.7852566E-03   7.8697676E-03
   1.5483427E+03   3.7770000E+03   3.7350000E+03   5.9832033E-03   6.0505320E-03
   1.5483502E+03   3.7980000E+03   3.7540000E+03   3.0272930E-03   3.0626710E-03
   1.5483578E+03   3.8040000E+03   3.7680000E+03   4.0624679E-03   4.1012450E-03
   1.5483653E+03   3.6870000E+03   3.6420000E+03   1.8945921E-03   1.9179536E-03
   1.5483728E+03   3.8960000E+03   3.8490000E+03   4.3309338E-03   4.3837963E-03
   1.5483804E+03   3.8150000E+03   3.7640000E+03   4.0219286E-03   4.0763874E-03
   1.5483879E+03   3.8600000E+03   3.8150000E+03   1.4720791E-03   1.4894764E-03
   1.5483954E+03   3.9320000E+03   3.8830000E+03   4.5158570E-03   4.5728621E-03
   1.5484029E+03   3.8840000E+03   3.8380000E+03   4.7669510E-03   4.8239342E-03
   1.5484105E+03   3.7840000E+03   3.7320000E+03   1.2737302E-03   1.2866225E-03
   1.5484180E+03   3.7760000E+03   3.7420000E+03   2.9148624E-03   2.9413449E-03
   1.5484255E+03   3.8140000E+03   3.7730000E+03   2.2740893E-03   2.2990513E-03
   1.5484331E+03   3.8030000E+03   3.7580000E+03   5.1208783E-04   5.1746413E-04
   1.5484406E+03   3.7300000E+03   3.6870000E+03   5.1450555E-03   5.2049842E-03
   1.5484481E+03   3.8120000E+03   3.7700000E+03   7.9066208E-04   7.9947975E-04
   1.5484556E+03   3.7400000E+03   3.6910000E+03   5.6018822E-03   5.6763783E-03
   1.5484632E+03   3.7820000E+03   3.7410000E+03   2.4845123E-03   2.5117645E-03
   1.5484707E+03   3.8860000E+03   3.8340000E+03   1.4536529E-03   1.4733507E-03
   1.5484782E+03   3.7860000E+03   3.7470000E+03   4.0434358E-03   4.0855167E-03
   1.5484858E+03   3.8120000E+03   3.7610000E+03   6.1410189E-04   6.2246170E-04
   1.5484933E+03   3.8120000E+03   3.7650000E+03   2.1797151E-03   2.2068827E-03
   1.5485008E+03   3.7190000E+03   3.6720000E+03   2.3427877E-03   2.3727220E-03
   1.5485083E+03   3.8090000E+03   3.7660000E+03   2.8562732E-03   2.8887844E-03
   1.5485159E+03   3.7710000E+03   3.7230000E+03   1.6807209E-03   1.7024210E-03
   1.5485234E+03   3.9510000E+03   3.9020000E+03   3.1224670E-03   3.1615566E-03
   1.5485309E+03   3.6520000E+03   3.6050000E+03   1.9069827E-03   1.9318901E-03
   1.5485385E+03   3.7010000E+03   3.6540000E+03   2.8334517E-03   2.8699120E-03
   1.5485460E+03   3.6900000E+03   3.6390000E+03   4.5513076E-03   4.6146077E-03
   1.5485535E+03   3.7670000E+03   3.7220000E+03   1.6769054E-03   1.6972609E-03
   1.5485610E+03   3.7980000E+03   3.7490000E+03   2.3910019E-03   2.4222084E-03
   1.5485686E+03   3.8660000E+03   3.8160000E+03   3.6703457E-03   3.7184345E-03
   1.5485761E+03   3.7510000E+03   3.7040000E+03   3.1009607E-03   3.1403748E-03
   1.5485836E+03   3.6890000E+03   3.6300000E+03   3.0701181E-03   3.1200271E-03
   1.5485912E+03   3.6820000E+03   3.6250000E+03   2.2692335E-03   2.3049083E-03
   1.5485987E+03   3.7510000E+03   3.7020000E+03   2.9074089E-03   2.9459351E-03
   1.5486062E+03   3.7930000E+03   3.7420000E+03   2.2963362E-03   2.3275453E-03
   1.5486137E+03   3.7620000E+03   3.7030000E+03   2.9526439E-03   2.9996464E-03
   1.5486213E+03   3.7900000E+03   3.7340000E+03   2.0710887E-03   2.1021272E-03
   1.5486288E+03   3.7380000E+03   3.6800000E+03   3.2640139E-03   3.3153451E-03
   1.5486363E+03   3.7130000E+03   3.6610000E+03   3.7128617E-03   3.7655265E-03
   1.5486439E+03   3.7500000E+03   3.7090000E+03   3.9378711E-03   3.9816249E-03
   1.5486514E+03   3.8020000E+03   3.7390000E+03   3.5440635E-03   3.6037241E-03
   1.5486589E+03   3.8180000E+03   3.7520000E+03   1.2329781E-03   1.2546602E-03
   1.5486664E+03   3.7260000E+03   3.6650000E+03   1.2789877E-03   1.2998307E-03
   1.5486740E+03   3.7130000E+03   3.6490000E+03   1.5789666E-03   1.6061825E-03
   1.5486815E+03   3.6880000E+03   3.6330000E+03   3.8743614E-03   3.9322891E-03
   1.5486890E+03   3.7270000E+03   3.6630000E+03   1.7320373E-03   1.7620194E-03
   1.5486966E+03   3.8370000E+03   3.7830000E+03   4.1630151E-03   4.2224072E-03
   1.5487041E+03   3.7410000E+03   3.6810000E+03   4.0116986E-03   4.0770886E-03
   1.5487116E+03   3.6850000E+03   3.6220000E+03   1.7788804E-03   1.8097504E-03
   1.5487191E+03   3.6970000E+03   3.6370000E+03   3.6170893E-03   3.6769681E-03
   1.5487267E+03   3.7140000E+03   3.6610000E+03   2.2710238E-03   2.3039110E-03
   1.5487342E+03   3.7200000E+03   3.6590000E+03   2.4025981E-03   2.4430036E-03
   1.5487417E+03   3.7490000E+03   3.6900000E+03   1.9370089E-03   1.9679454E-03
   1.5487493E+03   3.7730000E+03   3.7070000E+03   9.0467139E-04   9.2097698E-04
   1.5487568E+03   3.7290000E+03   3.6560000E+03   2.8740264E-03   2.9313909E-03
   1.5487643E+03   3.8300000E+03   3.7720000E+03   1.5017235E-03   1.5247453E-03
   1.5487718E+03   3.8060000E+03   3.7530000E+03   4.2968417E-04   4.3565410E-04
   1.5487794E+03   3.7640000E+03   3.7020000E+03   1.2330128E-03   1.2535168E-03
   1.5487869E+03   3.7180000E+03   3.6630000E+03   3.7363186E-04   3.7924354E-04
   1.5487944E+03   3.7890000E+03   3.7390000E+03   3.2676956E-03   3.3113620E-03
   1.5488019E+03   3.8160000E+03   3.7560000E+03   2.5269644E-03   2.5673389E-03
   1.5488095E+03   3.8580000E+03   3.7940000E+03   5.5596228E-04   5.6540027E-04
   1.5488170E+03   3.8410000E+03   3.7780000E+03   9.5241859E-04   9.6834386E-04
   1.5488245E+03   3.8400000E+03   3.7870000E+03   3.1848989E-03   3.2294944E-03
   1.5488321E+03   3.9080000E+03   3.8460000E+03   2.6556965E-03   2.6985532E-03
   1.5488396E+03   3.8920000E+03   3.8260000E+03   7.9472701E-04   8.0864010E-04
   1.5488471E+03   3.6610000E+03   3.5960000E+03   1.9513454E-03   1.9866922E-03
   1.5488546E+03   3.7630000E+03   3.7080000E+03   2.2014524E-03   2.2340526E-03
   1.5488622E+03   3.7640000E+03   3.6890000E+03   1.0951550E-03   1.1174443E-03
   1.5488697E+03   3.8140000E+03   3.7570000E+03   2.9523148E-04   2.9965686E-04
   1.5488772E+03   3.9180000E+03   3.8530000E+03   4.4300633E-04   4.5801603E-04
   1.5488848E+03   3.8580000E+03   3.7830000E+03   2.4775898E-03   2.5270328E-03
   1.5488923E+03   3.7260000E+03   3.6610000E+03   2.4037261E-03   2.4464223E-03
   1.5488998E+03   3.9490000E+03   3.8770000E+03   2.6350693E-03   2.6846546E-03
   1.5489073E+03   3.8690000E+03   3.8130000E+03   1.7388902E-03   1.7644258E-03
   1.5489149E+03   3.8830000E+03   3.8110000E+03   2.9267949E-03   2.9821211E-03
   1.5489224E+03   3.8630000E+03   3.7910000E+03   3.9156439E-04   3.9920172E-04
   1.5489299E+03   3.9530000E+03   3.8940000E+03   1.2683649E-03   1.2874920E-03
   1.5489375E+03   3.8510000E+03   3.7920000E+03   3.5913424E-03   3.6468468E-03
   1.5489450E+03   3.8900000E+03   3.8370000E+03   3.0183840E-03   3.0600309E-03
   1.5489525E+03   3.8930000E+03   3.8200000E+03   2.0547855E-03   2.0940623E-03
   1.5489600E+03   3.7830000E+03   3.7180000E+03   8.7111603E-04   8.8491013E-04
   1.5489676E+03   3.8710000E+03   3.7850000E+03   1.6163559E-03   1.6531972E-03
   1.5489751E+03   3.8850000E+03   3.8230000E+03   2.2743432E-03   2.3112496E-03
   1.5489826E+03   3.8960000E+03   3.8220000E+03   4.2451090E-04   4.3286462E-04
   1.5489902E+03   3.8130000E+03   3.7340000E+03   1.2407616E-03   1.2670099E-03
   1.5489977E+03   3.8750000E+03   3.8020000E+03   1.1688498E-03   1.1914429E-03
   1.5490052E+03   3.8850000E+03   3.7980000E+03   2.1494958E-03   2.1986717E-03
   1.5490127E+03   3.8580000E+03   3.8140000E+03   1.6679646E-03   1.6871876E-03
   1.5490203E+03   3.8910000E+03   3.8280000E+03   7.2282747E-04   7.3468775E-04
   1.5490278E+03   3.9190000E+03   3.8330000E+03   2.1880548E-03   2.2368766E-03
   1.5490353E+03   3.9360000E+03   3.8610000E+03   1.1337131E-03   1.1558560E-03
   1.5490429E+03   4.0140000E+03   3.9410000E+03   2.5921051E-03   2.6398438E-03
   1.5490504E+03   3.9150000E+03   3.8540000E+03   2.1020891E-03   2.1353537E-03
   1.5490579E+03   3.9600000E+03   3.8620000E+03   1.3631254E-03   1.3976725E-03
   1.5490654E+03   3.9860000E+03   3.9210000E+03   3.4695579E-03   3.5271157E-03
   1.5490730E+03   3.9990000E+03   3.9330000E+03   2.1683575E-03   2.2048584E-03
   1.5490805E+03   3.9440000E+03   3.8650000E+03   5.4867783E-04   5.5988281E-04
   1.5490880E+03   3.9840000E+03   3.9190000E+03   1.8571088E-03   1.8879061E-03
   1.5490956E+03   3.8850000E+03   3.8170000E+03   1.7422349E-03   1.7732965E-03
   1.5491031E+03   4.0260000E+03   3.9620000E+03   3.6028446E-04   3.6614695E-04
   1.5491106E+03   3.9710000E+03   3.8880000E+03   6.7835129E-04   6.9271687E-04
   1.5491181E+03   4.0990000E+03   4.0270000E+03   1.1657140E-03   1.1864845E-03
   1.5491257E+03   3.9430000E+03   3.8690000E+03   1.0209156E-03   1.0405468E-03
   1.5491332E+03   3.9230000E+03   3.8530000E+03   1.8267516E-03   1.8600572E-03
   1.5491407E+03   4.0120000E+03   3.9450000E+03   5.6044039E-04   5.7128571E-04
   1.5491483E+03   3.9550000E+03   3.8730000E+03   7.3236298E-04   7.4791843E-04
   1.5491558E+03   4.0640000E+03   3.9930000E+03   1.9665306E-04   1.9999146E-04
   1.5491633E+03   4.0210000E+03   3.9460000E+03   3.4247248E-04   3.4895857E-04
   1.5491708E+03   4.1600000E+03   4.0820000E+03   2.2925762E-03   2.3425046E-03
   1.5491784E+03   3.9360000E+03   3.8680000E+03   1.3644370E-03   1.3884146E-03
   1.5491859E+03   4.1170000E+03   4.0320000E+03   1.7144308E-03   1.7508144E-03
   1.5491934E+03   4.0670000E+03   3.9850000E+03   1.9559391E-03   1.9961310E-03
   1.5492010E+03   4.0300000E+03   3.9550000E+03   1.8049021E-03   1.8391443E-03
   1.5492085E+03   4.1190000E+03   4.0330000E+03   6.3403016E-04   6.4751582E-04
   1.5492160E+03   3.9810000E+03   3.9040000E+03   8.5187902E-04   8.6863468E-04
   1.5492235E+03   4.1070000E+03   4.0340000E+03   1.8719044E-03   1.9056378E-03
   1.5492311E+03   4.1590000E+03   4.0830000E+03   1.6292430E-03   1.6594793E-03
   1.5492386E+03   4.2580000E+03   4.1830000E+03   1.6858537E-03   1.7160798E-03
   1.5492461E+03   4.1410000E+03   4.0580000E+03   1.2675145E-03   1.2936569E-03
   1.5492536E+03   4.1800000E+03   4.1010000E+03   1.0626849E-03   1.0832240E-03
   1.5492612E+03   4.1700000E+03   4.0840000E+03   3.5221763E-04   3.5963448E-04
   1.5492687E+03   4.1190000E+03   4.0410000E+03   1.8677046E-03   1.9039260E-03
   1.5492762E+03   4.2020000E+03   4.1330000E+03   3.4217348E-04   3.4782743E-04
   1.5492838E+03   4.1380000E+03   4.0500000E+03   1.1271230E-03   1.1515969E-03
   1.5492913E+03   4.2590000E+03   4.1720000E+03   5.0821856E-04   5.1873625E-04
   1.5492988E+03   4.0710000E+03   4.0000000E+03   4.6709449E-04   4.7543882E-04
   1.5493063E+03   4.2250000E+03   4.1520000E+03   8.0783938E-04   8.2201663E-04
   1.5493139E+03   4.2250000E+03   4.1440000E+03   7.8957527E-04   8.0499722E-04
   1.5493214E+03   4.1500000E+03   4.0730000E+03   7.3361086E-04   7.4777065E-04
   1.5493289E+03   4.3700000E+03   4.2810000E+03   9.2213016E-04   9.4100242E-04
   1.5493365E+03   4.2550000E+03   4.1620000E+03   3.8029467E-04   3.8876002E-04
   1.5493440E+03   4.2440000E+03   4.1490000E+03   2.3697570E-04   2.4276847E-04
   1.5493515E+03   4.1310000E+03   4.0530000E+03   1.1870420E-03   1.2099204E-03
   1.5493590E+03   4.3340000E+03   4.2470000E+03   4.1223774E-04   4.2068166E-04
   1.5493666E+03   4.3190000E+03   4.2270000E+03   6.8240640E-04   6.9720994E-04
   1.5493741E+03   4.1910000E+03   4.1040000E+03   3.1869864E-04   3.2522715E-04
   1.5493816E+03   4.2280000E+03   4.1510000E+03   9.7689555E-05   9.9515004E-05
   1.5493892E+03   4.3340000E+03   4.2410000E+03   5.1583103E-04   5.2711246E-04
   1.5493967E+03   4.3330000E+03   4.2520000E+03   4.6812562E-04   4.7710319E-04
   1.5494042E+03   4.3430000E+03   4.2530000E+03   3.3040050E-04   3.3650111E-04
   1.5494117E+03   4.3440000E+03   4.2600000E+03   4.5544489E-04   4.6405857E-04
   1.5494193E+03   4.3600000E+03   4.2830000E+03   3.4702857E-04   3.5330885E-04
   1.5494268E+03   4.4100000E+03   4.3270000E+03   4.9189136E-04   5.0135115E-04
   1.5494343E+03   4.4080000E+03   4.3330000E+03   2.4843338E-04   2.5255055E-04
   1.5494419E+03   4.3280000E+03   4.2300000E+03   2.6799695E-04   2.7400641E-04
   1.5494494E+03   4.4900000E+03   4.4070000E+03   2.9254143E-04   2.9804995E-04
   1.5494569E+03   4.3880000E+03   4.2990000E+03   7.3492100E-05   7.4968370E-05
   1.5494644E+03   4.4220000E+03   4.3420000E+03   1.6784400E-04   1.7094438E-04
   1.5494720E+03   4.5890000E+03   4.5140000E+03   8.0811801E-06   8.1862693E-06
   1.5494795E+03   4.3900000E+03   4.3010000E+03   1.2065294E-04   1.2313813E-04
   1.5494870E+03   4.3850000E+03   4.3150000E+03   1.0807462E-04   1.0977728E-04
   1.5494946E+03   4.4420000E+03   4.3450000E+03   1.8785785E-06   1.9385279E-06
   1.5495021E+03   4.5760000E+03   4.4790000E+03   2.6899119E-05   2.7452451E-05
   1.5495096E+03   4.5400000E+03   4.4400000E+03   6.5561249E-05   6.7296156E-05
   1.5495171E+03   4.3460000E+03   4.2500000E+03   6.1806193E-05   6.3127776E-05
   1.5495247E+03   4.4400000E+03   4.3710000E+03   7.2832003E-06   7.3841282E-06
   1.5495322E+03   4.6310000E+03   4.5550000E+03   2.0876558E-05   2.1237677E-05
   1.5495397E+03   4.7350000E+03   4.6440000E+03   6.2151176E-05   6.3557080E-05
   1.5495473E+03   4.6370000E+03   4.5670000E+03   1.0404658E-05   7.2990642E-06
   1.5495548E+03   4.6850000E+03   4.6020000E+03   1.0306079E-04   1.0482040E-04
   1.5495623E+03   4.5690000E+03   4.4820000E+03   1.5208452E-05   1.5407017E-05
   1.5495698E+03   4.6280000E+03   4.5390000E+03   2.9630192E-05   1.4282113E-05
   1.5495774E+03   4.6410000E+03   4.5420000E+03   9.7315866E-06   9.9722917E-06
   1.5495849E+03   4.5670000E+03   4.4680000E+03   4.3709004E-05   4.4615872E-05
   1.5495924E+03   4.7650000E+03   4.6640000E+03   1.5083320E-04   1.5402539E-04
   1.5496000E+03   4.7710000E+03   4.6760000E+03   7.4034654E-05   7.5447392E-05
   1.5496075E+03   4.7370000E+03   4.6440000E+03   4.5538060E-06   4.6295487E-06
   1.5496150E+03   4.7990000E+03   4.6950000E+03   5.2928751E-05   5.4290097E-05
   1.5496225E+03   4.8310000E+03   4.7200000E+03   5.4574566E-05   2.6440238E-05
   1.5496301E+03   4.6810000E+03   4.5840000E+03   4.1137229E-06   4.2644184E-06
   1.5496376E+03   4.8000000E+03   4.7020000E+03   1.0322268E-04   1.0539076E-04
   1.5496451E+03   4.8520000E+03   4.7600000E+03   4.3495553E-05   4.4327274E-05
   1.5496527E+03   4.7890000E+03   4.7000000E+03   6.6470947E-05   6.7673035E-05
   1.5496602E+03   4.8370000E+03   4.7480000E+03   4.2770784E-05   4.3603929E-05
   1.5496677E+03   4.8180000E+03   4.7250000E+03   2.1527196E-05   8.7092606E-06
   1.5496752E+03   4.9610000E+03   4.8720000E+03   5.7924344E-05   5.9038412E-05
   1.5496828E+03   5.0090000E+03   4.9150000E+03   7.4543812E-06   7.5128138E-06
   1.5496903E+03   4.9160000E+03   4.8230000E+03   5.2258536E-05   5.3329422E-05
   1.5496978E+03   5.0310000E+03   4.9460000E+03   1.4614425E-04   8.5674587E-05
   1.5497053E+03   4.9790000E+03   4.8880000E+03   4.9594088E-05   5.0442752E-05
   1.5497129E+03   5.0880000E+03   5.0000000E+03   3.6994046E-05   9.2704964E-06
   1.5497204E+03   4.9990000E+03   4.9140000E+03   3.0978712E-05   1.8927023E-05
   1.5497279E+03   5.0010000E+03   4.9210000E+03   3.4382271E-05   9.5409947E-06
   1.5497355E+03   5.0040000E+03   4.9020000E+03   9.0789130E-05   9.2665251E-05
   1.5497430E+03   5.0380000E+03   4.9480000E+03   8.3934300E-05   8.5564985E-05
   1.5497505E+03   5.0800000E+03   4.9950000E+03   4.1719603E-06   4.1785537E-06
   1.5497580E+03   5.1280000E+03   5.0280000E+03   5.9033362E-05   6.0285479E-05
   1.5497656E+03   5.3210000E+03   5.2190000E+03   9.2928842E-05   9.2648299E-05
   1.5497731E+03   5.0930000E+03   5.0040000E+03   1.4900127E-04   8.8486049E-05
   1.5497806E+03   5.1250000E+03   5.0370000E+03   1.8515616E-04   1.8821058E-04
   1.5497882E+03   5.1220000E+03   5.0350000E+03   8.6672140E-05   2.6445000E-05
   1.5497957E+03   5.1470000E+03   5.0730000E+03   5.2437013E-05   5.3183144E-05
   1.5498032E+03   5.2900000E+03   5.1760000E+03   1.1379558E-04   6.7283359E-05
   1.5498107E+03   5.2620000E+03   5.1770000E+03   9.3741176E-05   9.5270924E-05
   1.5498183E+03   5.2550000E+03   5.1810000E+03   7.5852895E-05   7.6891495E-05
   1.5498258E+03   5.3470000E+03   5.2520000E+03   1.6152467E-05   1.6441160E-05
   1.5498333E+03   5.1600000E+03   5.0750000E+03   6.4015456E-05   6.5118398E-05
   1.5498409E+03   5.3220000E+03   5.2190000E+03   2.6086982E-04   1.9001008E-04
   1.5498484E+03   5.3550000E+03   5.2380000E+03   2.2017850E-05   5.1797515E-05
   1.5498559E+03   5.3130000E+03   5.2240000E+03   2.3158821E-04   1.2801594E-04
   1.5498634E+03   5.3560000E+03   5.2550000E+03   1.6560272E-04   1.7332940E-04
   1.5498710E+03   5.2930000E+03   5.1800000E+03   5.6057617E-05   1.1478263E-04
   1.5498785E+03   5.3260000E+03   5.2310000E+03   2.2425424E-04   1.4202755E-04
   1.5498860E+03   5.3760000E+03   5.2780000E+03   1.2251850E-04   1.6054493E-04
   1.5498936E+03   5.3990000E+03   5.3010000E+03   1.1467949E-04   1.9883145E-04
   1.5499011E+03   5.4270000E+03   5.3280000E+03   1.5326140E-04   7.8317693E-05
   1.5499086E+03   5.4570000E+03   5.3510000E+03   1.3223085E-04   1.3485084E-04
   1.5499161E+03   5.5760000E+03   5.4820000E+03   2.3215647E-04   1.1249925E-04
   1.5499237E+03   5.4940000E+03   5.4010000E+03   1.1172703E-04   1.1374168E-04
   1.5499312E+03   5.5430000E+03   5.4500000E+03   2.3865487E-04   2.4275303E-04
   1.5499387E+03   5.4810000E+03   5.3870000E+03   1.6186489E-04   9.8164101E-05
   1.5499463E+03   5.4010000E+03   5.3020000E+03   1.0612506E-04   1.1335668E-04
   1.5499538E+03   5.5720000E+03   5.4540000E+03   1.6530540E-04   1.4682676E-04
   1.5499613E+03   5.6080000E+03   5.5130000E+03   1.0336173E-04   7.6807496E-05
   1.5499688E+03   5.5520000E+03   5.4460000E+03   1.1605813E-04   3.4112818E-05
   1.5499764E+03   5.7720000E+03   5.6720000E+03   1.1972951E-04   1.1201903E-04
   1.5499839E+03   5.6550000E+03   5.5620000E+03   1.8443891E-04   1.2381928E-04
   1.5499914E+03   5.6840000E+03   5.5790000E+03   1.3060247E-04   6.4834097E-05
   1.5499990E+03   5.5630000E+03   5.4670000E+03   1.9319444E-04   1.7255384E-04
   1.5500065E+03   5.6900000E+03   5.5860000E+03   2.4309997E-04   7.2381144E-05
   1.5500140E+03   5.6850000E+03   5.5720000E+03   4.2066205E-05   4.3118771E-05
   1.5500215E+03   5.6930000E+03   5.5930000E+03   7.6775891E-05   9.1805395E-05
   1.5500291E+03   5.5670000E+03   5.4730000E+03   2.0188901E-04   1.1227299E-04
   1.5500366E+03   5.7530000E+03   5.6620000E+03   3.9716123E-05   6.8880346E-05
   1.5500441E+03   5.8050000E+03   5.7100000E+03   1.6283591E-04   1.2432892E-04
   1.5500517E+03   5.7710000E+03   5.6630000E+03   2.2867094E-04   1.1614404E-04
   1.5500592E+03   5.9090000E+03   5.7960000E+03   5.4878707E-05   1.1069839E-04
   1.5500667E+03   5.7080000E+03   5.6150000E+03   1.4869195E-04   1.7323984E-04
   1.5500742E+03   5.7550000E+03   5.6600000E+03   4.7560998E-04   3.7222992E-04
   1.5500818E+03   5.7140000E+03   5.6130000E+03   1.7500250E-04   2.9448652E-05
   1.5500893E+03   5.8860000E+03   5.7750000E+03   7.8308406E-05   2.6831430E-04
   1.5500968E+03   5.9640000E+03   5.8640000E+03   3.1666373E-04   1.5897617E-04
   1.5501044E+03   5.9750000E+03   5.8620000E+03   2.0413838E-04   1.6279190E-04
   1.5501119E+03   5.8130000E+03   5.7000000E+03   4.8882251E-05   6.6607407E-05
   1.5501194E+03   5.8710000E+03   5.7880000E+03   2.4093436E-04   1.9146798E-04
   1.5501269E+03   5.8200000E+03   5.7150000E+03   2.0003684E-05   5.9332945E-05
   1.5501345E+03   5.9910000E+03   5.8790000E+03   2.6674911E-04   1.4931861E-04
   1.5501420E+03   5.8610000E+03   5.7610000E+03   2.7505677E-05   5.6451752E-05
   1.5501495E+03   5.9730000E+03   5.8760000E+03   5.9952534E-05   1.6422328E-04
   1.5501571E+03   6.0270000E+03   5.9350000E+03   3.9274711E-04   3.0473938E-04
   1.5501646E+03   6.0510000E+03   5.9510000E+03   2.7012782E-04   9.9809503E-05
   1.5501721E+03   6.1300000E+03   6.0290000E+03   1.6219946E-04   2.1686830E-04
   1.5501796E+03   5.9720000E+03   5.8770000E+03   9.1221482E-05   1.2914128E-04
   1.5501872E+03   5.9190000E+03   5.8320000E+03   1.2429440E-04   1.8950533E-04
   1.5501947E+03   5.9790000E+03   5.8750000E+03   3.2772269E-04   1.2229502E-04
   1.5502022E+03   6.0540000E+03   5.9580000E+03   1.7301304E-04   2.0133762E-04
   1.5502097E+03   6.1950000E+03   6.0680000E+03   2.3118037E-04   1.8678178E-04
   1.5502173E+03   6.0560000E+03   5.9590000E+03   2.8357175E-04   7.8707908E-05
   1.5502248E+03   5.9990000E+03   5.8950000E+03   2.1125472E-04   2.7249217E-04
   1.5502323E+03   6.0960000E+03   5.9940000E+03   3.9561049E-05   1.1875891E-04
   1.5502399E+03   6.0870000E+03   6.0050000E+03   3.6025145E-04   1.4589255E-04
   1.5502474E+03   6.1470000E+03   6.0480000E+03   3.0655389E-04   4.3458823E-04
   1.5502549E+03   6.2370000E+03   6.1520000E+03   2.9487666E-04   1.9611798E-04
   1.5502624E+03   6.1720000E+03   6.0800000E+03   2.0302389E-04   2.3850427E-04
   1.5502700E+03   6.1600000E+03   6.0650000E+03   4.1544780E-04   3.0582763E-04
   1.5502775E+03   6.2580000E+03   6.1510000E+03   8.7056256E-05   1.6765477E-05
   1.5502850E+03   6.3300000E+03   6.2310000E+03   1.3783478E-04   1.0686999E-04
   1.5502926E+03   6.3770000E+03   6.2820000E+03   7.7301822E-04   7.6280815E-04
   1.5503001E+03   6.1690000E+03   6.0650000E+03   4.3062329E-04   2.5914697E-04
   1.5503076E+03   6.3230000E+03   6.2230000E+03   2.9963578E-04   3.7587550E-04
   1.5503151E+03   6.1380000E+03   6.0350000E+03   2.6343299E-04   4.6648705E-05
   1.5503227E+03   6.2940000E+03   6.2100000E+03   4.1991716E-04   4.2117944E-04
   1.5503302E+03   6.2370000E+03   6.1320000E+03   1.7898816E-04   2.8366964E-04
   1.5503377E+03   6.3580000E+03   6.2470000E+03   1.3598406E-04   2.9777961E-04
   1.5503453E+03   6.4440000E+03   6.3390000E+03   3.6322068E-04   2.2970077E-04
   1.5503528E+03   6.3380000E+03   6.2320000E+03   3.7553955E-04   3.3047346E-04
   1.5503603E+03   6.2330000E+03   6.1370000E+03   6.4683835E-05   1.5177637E-04
   1.5503678E+03   6.3560000E+03   6.2590000E+03   3.6509128E-04   2.2855923E-04
   1.5503754E+03   6.4630000E+03   6.3550000E+03   1.8226333E-04   1.2342442E-04
   1.5503829E+03   6.5030000E+03   6.4070000E+03   2.3514571E-04   1.6871633E-04
   1.5503904E+03   6.5090000E+03   6.3970000E+03   9.6466949E-05   1.5594208E-04
   1.5503980E+03   6.3760000E+03   6.2820000E+03   3.1720141E-04   3.4168831E-04
   1.5504055E+03   6.4450000E+03   6.3450000E+03   4.2996593E-04   2.6204086E-04
   1.5504130E+03   6.4070000E+03   6.3170000E+03   8.3405471E-04   6.7061909E-04
   1.5504205E+03   6.4660000E+03   6.3590000E+03   4.4782056E-04   1.8244065E-04
   1.5504281E+03   6.4780000E+03   6.3780000E+03   3.0948741E-04   4.2163562E-04
   1.5504356E+03   6.4400000E+03   6.3400000E+03   7.8451078E-04   6.1582832E-04
   1.5504431E+03   6.5190000E+03   6.4290000E+03   1.3282556E-04   1.8622204E-04
   1.5504507E+03   6.4910000E+03   6.4050000E+03   3.0846261E-04   2.9520157E-04
   1.5504582E+03   6.6760000E+03   6.5790000E+03   1.7108716E-04   9.8363383E-05
   1.5504657E+03   6.5070000E+03   6.3960000E+03   4.3686554E-05   7.3992995E-05
   1.5504732E+03   6.5610000E+03   6.4550000E+03   6.2759150E-04   3.1563552E-04
   1.5504808E+03   6.5330000E+03   6.4420000E+03   3.1796197E-04   2.1899833E-04
   1.5504883E+03   6.4740000E+03   6.3770000E+03   3.3850818E-04   2.3954668E-04
   1.5504958E+03   6.5060000E+03   6.4060000E+03   4.8534022E-04   3.6040577E-04
   1.5505034E+03   6.5400000E+03   6.4460000E+03   2.4854712E-04   2.5316814E-04
   1.5505109E+03   6.7720000E+03   6.6800000E+03   2.7671973E-04   4.0131498E-04
   1.5505184E+03   6.4560000E+03   6.3490000E+03   4.8180785E-04   1.9390641E-04
   1.5505259E+03   6.5410000E+03   6.4390000E+03   1.5705496E-04   1.1101741E-04
   1.5505335E+03   6.4210000E+03   6.3270000E+03   4.5835001E-04   4.8340798E-04
   1.5505410E+03   6.6290000E+03   6.5330000E+03   1.4961538E-04   2.4585812E-04
   1.5505485E+03   6.7510000E+03   6.6410000E+03   5.0631544E-04   4.1890419E-04
   1.5505561E+03   6.6090000E+03   6.5110000E+03   5.7078589E-04   4.3951191E-04
   1.5505636E+03   6.7530000E+03   6.6690000E+03   2.5838009E-04   3.6466825E-04
   1.5505711E+03   6.7530000E+03   6.6440000E+03   2.3377888E-04   3.3459627E-04
   1.5505786E+03   6.7940000E+03   6.6970000E+03   2.3187154E-04   1.5036479E-04
   1.5505862E+03   6.6420000E+03   6.5370000E+03   3.7111562E-04   4.1746885E-04
   1.5505937E+03   6.6890000E+03   6.5950000E+03   7.5519161E-04   2.9458744E-04
   1.5506012E+03   6.7290000E+03   6.6320000E+03   2.8717255E-04   2.5154760E-04
   1.5506087E+03   6.7430000E+03   6.6350000E+03   3.0913907E-04   2.8582433E-04
   1.5506163E+03   6.7460000E+03   6.6680000E+03   3.6805738E-04   4.0860361E-04
   1.5506238E+03   6.8820000E+03   6.7740000E+03   5.3486524E-04   2.3113914E-04
   1.5506313E+03   6.8290000E+03   6.7210000E+03   2.7258184E-04   3.2725477E-04
   1.5506389E+03   6.8000000E+03   6.6970000E+03   3.8826309E-04   1.2230082E-04
   1.5506464E+03   6.6930000E+03   6.5840000E+03   7.1446307E-04   5.5378911E-04
   1.5506539E+03   6.8160000E+03   6.7260000E+03   7.7259241E-04   6.7503993E-04
   1.5506614E+03   6.8070000E+03   6.7000000E+03   6.8168283E-04   6.9039919E-04
   1.5506690E+03   6.9150000E+03   6.8200000E+03   3.0907046E-04   1.4030063E-04
   1.5506765E+03   6.8950000E+03   6.8130000E+03   1.4081821E-05   1.5665725E-04
   1.5506840E+03   6.8340000E+03   6.7310000E+03   1.8643439E-04   2.7691817E-04
   1.5506916E+03   6.8910000E+03   6.7900000E+03   3.4196956E-04   3.3375018E-04
   1.5506991E+03   6.7720000E+03   6.6680000E+03   6.7096857E-04   6.3982237E-04
   1.5507066E+03   6.8900000E+03   6.7880000E+03   3.4164104E-04   2.7394031E-04
   1.5507141E+03   6.9010000E+03   6.8130000E+03   3.4423167E-04   3.0227376E-04
   1.5507217E+03   7.0090000E+03   6.9130000E+03   3.3734280E-04   9.2833693E-05
   1.5507292E+03   6.9600000E+03   6.8520000E+03   7.5668512E-04   6.7197570E-04
   1.5507367E+03   6.9600000E+03   6.8470000E+03   2.4150200E-04   3.7551691E-04
   1.5507443E+03   6.9990000E+03   6.9050000E+03   3.7861039E-04   2.5851219E-04
   1.5507518E+03   7.0040000E+03   6.9130000E+03   1.0153839E-04   1.9286809E-04
   1.5507593E+03   7.0290000E+03   6.9160000E+03   3.0047270E-04   2.9188436E-04
   1.5507668E+03   6.8930000E+03   6.7900000E+03   3.8822373E-04   3.1611790E-04
   1.5507744E+03   6.9970000E+03   6.9030000E+03   1.9004111E-04   3.7178229E-04
   1.5507819E+03   6.9980000E+03   6.8950000E+03   5.8620167E-04   3.9055775E-04
   1.5507894E+03   6.9600000E+03   6.8760000E+03   2.7083403E-04   2.2145214E-04
   1.5507970E+03   6.8890000E+03   6.7910000E+03   5.9387240E-05   3.2048092E-04
   1.5508045E+03   7.0610000E+03   6.9540000E+03   2.4466441E-04   1.5497537E-04
   1.5508120E+03   6.9670000E+03   6.8700000E+03   5.3959680E-04   4.6963947E-04
   1.5508195E+03   6.9460000E+03   6.8560000E+03   4.4708838E-04   3.8491661E-04
   1.5508271E+03   7.0450000E+03   6.9420000E+03   4.8315955E-04   3.8601894E-04
   1.5508346E+03   7.1790000E+03   7.0900000E+03   2.9584381E-04   4.1974969E-04
   1.5508421E+03   7.1520000E+03   7.0540000E+03   5.7243133E-04   3.6485314E-04
   1.5508497E+03   6.9050000E+03   6.8090000E+03   8.9342257E-06   9.8163391E-05
   1.5508572E+03   7.1680000E+03   7.0750000E+03   3.8534085E-04   2.9328992E-04
   1.5508647E+03   6.9330000E+03   6.8350000E+03   3.4738285E-04   1.0145982E-04
   1.5508722E+03   6.9380000E+03   6.8490000E+03   1.1724210E-03   9.1354283E-04
   1.5508798E+03   7.0030000E+03   6.9180000E+03   1.8853727E-04   8.0245998E-05
   1.5508873E+03   7.1670000E+03   7.0750000E+03   6.0108477E-04   6.5777849E-04
   1.5508948E+03   6.8990000E+03   6.8100000E+03   1.2520906E-04   3.1050126E-04
   1.5509024E+03   6.9170000E+03   6.8350000E+03   5.6508890E-04   2.5659301E-04
   1.5509099E+03   7.1860000E+03   7.0900000E+03   2.7729178E-04   4.2351308E-04
   1.5509174E+03   6.9680000E+03   6.8670000E+03   2.0521260E-04   1.3149417E-04
   1.5509249E+03   7.2250000E+03   7.1350000E+03   3.7311986E-04   5.2106835E-04
   1.5509325E+03   7.1420000E+03   7.0580000E+03   3.2085076E-04   1.7162089E-04
   1.5509400E+03   7.0950000E+03   7.0060000E+03   1.5356097E-04   2.0766678E-04
   1.5509475E+03   7.1760000E+03   7.0820000E+03   5.8147955E-04   4.5161867E-04
   1.5509551E+03   7.0660000E+03   6.9900000E+03   4.0861096E-04   1.2876794E-04
   1.5509626E+03   7.1860000E+03   7.0930000E+03   2.8714397E-04   3.0979247E-04
   1.5509701E+03   7.2410000E+03   7.1360000E+03   2.3286991E-04   2.4679754E-04
   1.5509776E+03   7.2230000E+03   7.1440000E+03   6.2022258E-04   4.8083222E-04
   1.5509852E+03   7.2680000E+03   7.1660000E+03   2.8560706E-04   1.9378609E-04
   1.5509927E+03   7.3150000E+03   7.2210000E+03   1.8494601E-04   3.1195999E-05
   1.5510002E+03   7.1910000E+03   7.1060000E+03   2.2418714E-04   3.0190492E-04
   1.5510078E+03   7.1320000E+03   7.0420000E+03   2.1443978E-04   1.7048778E-04
   1.5510153E+03   7.4080000E+03   7.3040000E+03   3.0973264E-04   4.4157494E-04
   1.5510228E+03   7.2740000E+03   7.1920000E+03   4.6910484E-04   3.7360361E-04
   1.5510303E+03   7.2030000E+03   7.1180000E+03   1.7072523E-04   2.4341149E-04
   1.5510379E+03   7.3260000E+03   7.2310000E+03   5.3969759E-04   4.8546155E-04
   1.5510454E+03   7.1510000E+03   7.0620000E+03   1.4839739E-04   2.2896770E-04
   1.5510529E+03   7.1560000E+03   7.0650000E+03   2.6995034E-04   1.7845028E-04
   1.5510604E+03   6.9920000E+03   6.9080000E+03   3.5073158E-04   3.2434346E-04
   1.5510680E+03   7.2560000E+03   7.1580000E+03   2.5954639E-04   4.2485326E-04
   1.5510755E+03   7.3260000E+03   7.2220000E+03   3.0104756E-04   2.2239956E-04
   1.5510830E+03   7.3490000E+03   7.2640000E+03   2.6801942E-04   1.7671917E-04
   1.5510906E+03   7.1250000E+03   7.0330000E+03   3.3871197E-04   2.0321542E-04
   1.5510981E+03   7.1120000E+03   7.0190000E+03   2.8819081E-04   7.1069042E-05
   1.5511056E+03   7.2380000E+03   7.1470000E+03   1.3829961E-04   1.2881966E-04
   1.5511131E+03   7.2960000E+03   7.1800000E+03   3.3227258E-04   3.7347982E-04
   1.5511207E+03   7.0780000E+03   6.9920000E+03   4.9390476E-04   4.0214176E-04
   1.5511282E+03   7.3910000E+03   7.2980000E+03   2.3888082E-04   4.0363671E-04
   1.5511357E+03   7.3420000E+03   7.2430000E+03   1.1344270E-04   1.6033502E-04
   1.5511433E+03   7.2560000E+03   7.1520000E+03   8.3683032E-05   5.2764717E-05
   1.5511508E+03   7.3250000E+03   7.2240000E+03   2.3519980E-04   2.4585392E-04
   1.5511583E+03   7.3310000E+03   7.2460000E+03   9.8614789E-05   3.6822414E-04
   1.5511658E+03   7.2930000E+03   7.2030000E+03   3.7939051E-04   1.7137691E-04
   1.5511734E+03   7.3250000E+03   7.2440000E+03   1.8457764E-04   2.3320655E-04
   1.5511809E+03   7.3220000E+03   7.2400000E+03   3.5329703E-04   3.0420376E-04
   1.5511884E+03   7.2020000E+03   7.1130000E+03   2.6094904E-04   3.1115969E-04
   1.5511960E+03   7.2260000E+03   7.1460000E+03   2.4015622E-04   2.4812034E-04
   1.5512035E+03   7.3720000E+03   7.2840000E+03   1.8071369E-04   2.1123960E-04
   1.5512110E+03   7.2990000E+03   7.1930000E+03   9.7508372E-05   9.0761807E-05
   1.5512185E+03   7.4780000E+03   7.3810000E+03   1.8204570E-04   2.7328420E-04
   1.5512261E+03   7.3630000E+03   7.2710000E+03   1.4582155E-04   1.2280427E-04
   1.5512336E+03   7.3020000E+03   7.1990000E+03   1.4229574E-04   1.7256714E-04
   1.5512411E+03   7.4130000E+03   7.3250000E+03   1.7101334E-04   7.2070431E-05
   1.5512487E+03   7.3460000E+03   7.2490000E+03   5.6895591E-05   1.0082282E-04
   1.5512562E+03   7.3510000E+03   7.2560000E+03   9.2135585E-05   1.0537052E-04
   1.5512637E+03   7.3920000E+03   7.3030000E+03   1.5709511E-04   1.2410948E-04
   1.5512712E+03   7.4460000E+03   7.3430000E+03   2.5125913E-04   1.8385273E-04
   1.5512788E+03   7.2900000E+03   7.1930000E+03   2.1739196E-04   2.9254270E-04
   1.5512863E+03   7.4540000E+03   7.3780000E+03   1.0857465E-04   6.3736787E-05
   1.5512938E+03   7.3350000E+03   7.2300000E+03   2.6168813E-04   1.7048956E-04
   1.5513014E+03   7.3720000E+03   7.2850000E+03   3.0614490E-04   7.0379194E-05
   1.5513089E+03   7.4980000E+03   7.4020000E+03   8.2905413E-05   9.4498338E-05
   1.5513164E+03   7.2910000E+03   7.2000000E+03   9.2478787E-05   3.6377027E-05
   1.5513239E+03   7.3070000E+03   7.2190000E+03   1.3593640E-04   1.1291275E-04
   1.5513315E+03   7.3710000E+03   7.2780000E+03   9.6963088E-05   5.7510815E-05
   1.5513390E+03   7.3930000E+03   7.3150000E+03   9.6944911E-05   1.0358125E-05
   1.5513465E+03   7.2950000E+03   7.1990000E+03   5.6820935E-05   5.7502032E-05
   1.5513541E+03   7.3760000E+03   7.3000000E+03   2.9580237E-05   2.9921872E-05
   1.5513616E+03   7.2380000E+03   7.1470000E+03   8.2216226E-06   8.3003284E-06
   1.5513691E+03   7.3740000E+03   7.2890000E+03   9.1057074E-05   9.2228966E-05
   1.5513766E+03   7.5250000E+03   7.4170000E+03   3.4181492E-05   3.2708098E-05
   1.5513842E+03   7.4990000E+03   7.4070000E+03   5.2737576E-06   5.3433140E-06
   1.5513917E+03   7.1910000E+03   7.1180000E+03   3.5301180E-05   3.5697049E-05
   1.5513992E+03   7.4520000E+03   7.3620000E+03   4.5570384E-05   8.9873497E-06
   1.5514068E+03   7.3170000E+03   7.2080000E+03   1.2265104E-05   1.2310658E-05
   1.5514143E+03   7.4250000E+03   7.3410000E+03   2.8010894E-05   2.8305008E-05
   1.5514218E+03   7.5920000E+03   7.5060000E+03   1.3007687E-05   1.3188631E-05
   1.5514293E+03   7.4330000E+03   7.3340000E+03   5.5289197E-06   5.7434703E-06
   1.5514369E+03   7.4850000E+03   7.3850000E+03   4.7993381E-05   4.8589697E-05
   1.5514444E+03   7.3750000E+03   7.2750000E+03   9.5744364E-06   9.6634307E-06
   1.5514519E+03   7.4620000E+03   7.3830000E+03   4.2349745E-06   4.2515791E-06
   1.5514595E+03   7.4580000E+03   7.3600000E+03   9.4695059E-06   9.6052743E-06
   1.5514670E+03   7.3790000E+03   7.2700000E+03   1.9618375E-05   1.2806184E-05
   1.5514745E+03   7.4610000E+03   7.3630000E+03   7.9261505E-06   7.9976983E-06
   1.5514820E+03   7.4670000E+03   7.3730000E+03   4.8790103E-06   4.9589545E-06
   1.5514896E+03   7.5180000E+03   7.4250000E+03   4.2399742E-06   4.3058699E-06
   1.5514971E+03   7.4420000E+03   7.3340000E+03   1.7600771E-05   1.7869998E-05
   1.5515046E+03   7.3590000E+03   7.2810000E+03   3.9919375E-06   4.0671606E-06
   1.5515122E+03   7.4770000E+03   7.3850000E+03   1.3503460E-05   1.3680834E-05
   1.5515197E+03   7.3700000E+03   7.2940000E+03   1.4728932E-05   1.4715441E-05
   1.5515272E+03   7.4580000E+03   7.3690000E+03   1.1259704E-05   1.1396152E-05
   1.5515347E+03   7.4110000E+03   7.3200000E+03   1.7666233E-05   1.7898077E-05
   1.5515423E+03   7.3900000E+03   7.3040000E+03   1.2199230E-05   1.2432118E-05
   1.5515498E+03   7.5600000E+03   7.4610000E+03   6.7252913E-05   6.7953090E-05
   1.5515573E+03   7.3090000E+03   7.2180000E+03   2.5876597E-05   2.6214654E-05
   1.5515648E+03   7.3790000E+03   7.2880000E+03   3.7760139E-05   3.8206398E-05
   1.5515724E+03   7.2980000E+03   7.2100000E+03   6.5225921E-06   6.5971133E-06
   1.5515799E+03   7.4470000E+03   7.3530000E+03   7.1152641E-06   7.2053340E-06
   1.5515874E+03   7.3580000E+03   7.2750000E+03   2.8639271E-06   2.9174649E-06
   1.5515950E+03   7.4080000E+03   7.3080000E+03   2.5066415E-05   2.5428402E-05
   1.5516025E+03   7.2700000E+03   7.1890000E+03   7.0511772E-05   7.1337553E-05
   1.5516100E+03   7.4300000E+03   7.3360000E+03   2.7235533E-05   2.7628147E-05
   1.5516175E+03   7.4350000E+03   7.3500000E+03   2.0390493E-05   2.0637944E-05
   1.5516251E+03   7.3590000E+03   7.2640000E+03   3.9108169E-06   3.9521067E-06
   1.5516326E+03   7.4640000E+03   7.3640000E+03   1.1524697E-05   1.1645164E-05
   1.5516401E+03   7.4690000E+03   7.3650000E+03   2.5472198E-06   2.6203468E-06
   1.5516477E+03   7.4000000E+03   7.3080000E+03   9.7206096E-06   9.8638245E-06
   1.5516552E+03   7.3760000E+03   7.2840000E+03   9.9770484E-05   1.0103956E-04
   1.5516627E+03   7.4420000E+03   7.3390000E+03   1.2423144E-05   1.2624682E-05
   1.5516702E+03   7.2780000E+03   7.1910000E+03   4.4711836E-05   4.5320226E-05
   1.5516778E+03   7.3580000E+03   7.2600000E+03   3.9010367E-05   3.9880704E-05
   1.5516853E+03   7.3410000E+03   7.2480000E+03   6.4261396E-06   6.5510608E-06
   1.5516928E+03   7.4940000E+03   7.3970000E+03   7.4807959E-06   7.6440443E-06
   1.5517004E+03   7.5080000E+03   7.4060000E+03   1.3274834E-06   1.3736109E-06
   1.5517079E+03   7.3770000E+03   7.2830000E+03   1.3965256E-05   1.5640174E-05
   1.5517154E+03   7.3270000E+03   7.2190000E+03   2.3731033E-06   2.4002920E-06
   1.5517229E+03   7.3470000E+03   7.2520000E+03   1.2474533E-05   1.2603174E-05
   1.5517305E+03   7.4020000E+03   7.2930000E+03   1.4157991E-05   1.4301566E-05
   1.5517380E+03   7.6220000E+03   7.5180000E+03   6.7608059E-05   6.8602718E-05
   1.5517455E+03   7.4380000E+03   7.3400000E+03   6.2804953E-06   6.3602995E-06
   1.5517531E+03   7.4690000E+03   7.3650000E+03   2.8093080E-05   2.8539943E-05
   1.5517606E+03   7.3970000E+03   7.3030000E+03   3.2825027E-05   3.3248501E-05
   1.5517681E+03   7.5400000E+03   7.4420000E+03   1.4701196E-05   1.4901045E-05
   1.5517756E+03   7.4850000E+03   7.3760000E+03   1.2624194E-06   1.4434329E-06
   1.5517832E+03   7.2540000E+03   7.1650000E+03   1.0347955E-05   1.0547672E-05
   1.5517907E+03   7.2840000E+03   7.1750000E+03   6.2773067E-06   6.2183903E-06
   1.5517982E+03   7.6020000E+03   7.4910000E+03   5.1398428E-06   5.1840134E-06
   1.5518058E+03   7.2880000E+03   7.1810000E+03   1.6230369E-05   1.7158085E-05
   1.5518133E+03   7.4710000E+03   7.3430000E+03   2.0451456E-05   2.0899989E-05
   1.5518208E+03   7.4220000E+03   7.3230000E+03   3.2019251E-06   3.2215524E-06
   1.5518283E+03   7.3820000E+03   7.2680000E+03   3.0937134E-06   2.9155144E-06
   1.5518359E+03   7.4040000E+03   7.3120000E+03   1.7862789E-05   1.8128210E-05
   1.5518434E+03   7.2820000E+03   7.1870000E+03   3.8593304E-06   3.9133335E-06
   1.5518509E+03   7.4590000E+03   7.3810000E+03   7.5874402E-06   7.5201956E-06
   1.5518585E+03   7.3900000E+03   7.2860000E+03   1.5483645E-05   1.5776623E-05
   1.5518660E+03   7.3070000E+03   7.2090000E+03   7.9677188E-05   8.0760016E-05
   1.5518735E+03   7.4620000E+03   7.3660000E+03   6.2981422E-05   6.3788418E-05
   1.5518810E+03   7.4480000E+03   7.3550000E+03   5.6139801E-06   5.6714994E-06
   1.5518886E+03   7.5260000E+03   7.4240000E+03   7.9603174E-06   8.0639606E-06
   1.5518961E+03   7.3500000E+03   7.2650000E+03   5.2302048E-05   5.2695785E-05
   1.5519036E+03   7.4050000E+03   7.2880000E+03   9.0637727E-06   9.2459272E-06
   1.5519112E+03   7.2850000E+03   7.1740000E+03   1.1904394E-05   1.2053883E-05
   1.5519187E+03   7.2360000E+03   7.1410000E+03   2.3796221E-05   2.4134999E-05
   1.5519262E+03   7.2510000E+03   7.1520000E+03   3.1788942E-05   3.2249958E-05
   1.5519337E+03   7.3780000E+03   7.2730000E+03   1.7592897E-05   1.7544171E-05
   1.5519413E+03   7.3850000E+03   7.3040000E+03   2.6314973E-06   2.7117393E-06
   1.5519488E+03   7.3470000E+03   7.2380000E+03   7.1418027E-05   7.2478842E-05
   1.5519563E+03   7.2980000E+03   7.2020000E+03   1.4803500E-05   1.5013064E-05
   1.5519638E+03   7.3560000E+03   7.2580000E+03   5.3495615E-05   5.4204870E-05
   1.5519714E+03   7.2110000E+03   7.1060000E+03   2.5664897E-05   2.5937902E-05
   1.5519789E+03   7.2240000E+03   7.1140000E+03   3.1360819E-05   3.1894803E-05
   1.5519864E+03   7.2330000E+03   7.1360000E+03   6.9119604E-05   7.0070121E-05
   1.5519940E+03   7.2310000E+03   7.1460000E+03   3.6893333E-05   3.7320564E-05
   1.5520015E+03   7.1750000E+03   7.0810000E+03   2.3281688E-05   2.3546205E-05
   1.5520090E+03   7.1190000E+03   7.0260000E+03   1.0939200E-05   1.1071485E-05
   1.5520165E+03   7.2080000E+03   7.0770000E+03   3.7921949E-05   3.8583057E-05
   1.5520241E+03   7.3810000E+03   7.2750000E+03   1.8761974E-05   1.9288314E-05
   1.5520316E+03   7.3170000E+03   7.2290000E+03   1.4764025E-05   1.4156315E-05
   1.5520391E+03   7.2730000E+03   7.1710000E+03   2.3107874E-05   2.3617164E-05
   1.5520467E+03   7.1620000E+03   7.0620000E+03   3.3832433E-05   3.4410143E-05
   1.5520542E+03   7.1490000E+03   7.0430000E+03   1.6158344E-05   1.6295521E-05
   1.5520617E+03   7.2680000E+03   7.1700000E+03   5.3129007E-06   5.4657939E-06
   1.5520692E+03   7.2480000E+03   7.1450000E+03   2.1751803E-06   2.3404387E-06
   1.5520768E+03   7.2170000E+03   7.1070000E+03   7.9360522E-06   8.1711566E-06
   1.5520843E+03   7.0830000E+03   6.9870000E+03   1.8791459E-06   1.9640796E-06
   1.5520918E+03   7.1430000E+03   7.0330000E+03   1.3365858E-05   1.3506598E-05
   1.5520994E+03   7.1040000E+03   6.9910000E+03   1.1026181E-05   9.7265990E-06
   1.5521069E+03   7.1020000E+03   7.0130000E+03   3.2349879E-05   3.2762372E-05
   1.5521144E+03   7.1440000E+03   7.0540000E+03   2.1610536E-06   2.1163645E-06
   1.5521219E+03   7.0340000E+03   6.9280000E+03   5.2424235E-06   5.1462884E-06
   1.5521295E+03   7.1210000E+03   7.0120000E+03   2.1188330E-06   1.9255932E-06
   1.5521370E+03   7.3010000E+03   7.2030000E+03   2.2773265E-06   2.2516418E-06
   1.5521445E+03   7.0680000E+03   6.9640000E+03   1.9746490E-05   1.9839527E-05
   1.5521521E+03   7.2260000E+03   7.1100000E+03   1.9542396E-05   1.9858598E-05
   1.5521596E+03   7.0930000E+03   7.0080000E+03   1.0273713E-05   1.0602288E-05
   1.5521671E+03   7.2480000E+03   7.1420000E+03   4.2894685E-06   4.3475293E-06
   1.5521746E+03   7.0140000E+03   6.9160000E+03   2.3610012E-05   2.3854355E-05
   1.5521822E+03   7.2080000E+03   7.1000000E+03   6.9432353E-05   7.0470406E-05
   1.5521897E+03   7.0850000E+03   6.9740000E+03   6.1418562E-05   6.2375069E-05
   1.5521972E+03   7.0680000E+03   6.9570000E+03   6.3498339E-05   6.4501410E-05
   1.5522048E+03   7.1430000E+03   7.0370000E+03   1.4661473E-05   1.4874241E-05
   1.5522123E+03   7.2060000E+03   7.0860000E+03   4.3023679E-06   4.7468463E-06
   1.5522198E+03   7.1160000E+03   7.0090000E+03   1.7313697E-05   1.7629224E-05
   1.5522273E+03   7.0520000E+03   6.9560000E+03   5.6269498E-06   5.6193604E-06
   1.5522349E+03   7.0300000E+03   6.9210000E+03   1.5877436E-05   1.6071142E-05
   1.5522424E+03   6.9610000E+03   6.8490000E+03   5.3862046E-05   5.4677481E-05
   1.5522499E+03   6.9290000E+03   6.8290000E+03   1.1565782E-04   1.1738398E-04
   1.5522575E+03   6.9410000E+03   6.8480000E+03   4.1376401E-06   4.0604299E-06
   1.5522650E+03   6.9600000E+03   6.8560000E+03   6.0017993E-05   6.0974724E-05
   1.5522725E+03   7.0280000E+03   6.9300000E+03   7.7826998E-05   7.8887164E-05
   1.5522800E+03   6.9850000E+03   6.8850000E+03   1.2830139E-05   1.2970819E-05
   1.5522876E+03   7.0570000E+03   6.9670000E+03   1.3960467E-05   1.4172843E-05
   1.5522951E+03   6.9180000E+03   6.8280000E+03   1.4579307E-05   1.4772920E-05
   1.5523026E+03   6.9470000E+03   6.8300000E+03   4.9875662E-05   5.0635851E-05
   1.5523102E+03   6.8290000E+03   6.7220000E+03   5.4485494E-06   5.5437427E-06
   1.5523177E+03   6.7640000E+03   6.6660000E+03   1.4624856E-05   1.4774091E-05
   1.5523252E+03   6.8520000E+03   6.7490000E+03   7.3648960E-05   7.4715015E-05
   1.5523327E+03   6.8560000E+03   6.7600000E+03   1.3414930E-04   1.3603561E-04
   1.5523403E+03   6.8680000E+03   6.7660000E+03   3.6002968E-05   3.6406321E-05
   1.5523478E+03   6.8320000E+03   6.7270000E+03   1.4145937E-05   1.3973237E-05
   1.5523553E+03   6.9140000E+03   6.8010000E+03   2.6145852E-05   2.6282040E-05
   1.5523629E+03   6.8440000E+03   6.7300000E+03   3.7004576E-05   3.7651386E-05
   1.5523704E+03   6.8540000E+03   6.7670000E+03   9.1259051E-06   9.2557542E-06
   1.5523779E+03   6.8510000E+03   6.7390000E+03   3.2724371E-05   3.3546723E-05
   1.5523854E+03   6.6990000E+03   6.6040000E+03   1.9115624E-05   1.9371392E-05
   1.5523930E+03   6.7510000E+03   6.6620000E+03   7.0123760E-05   7.0683357E-05
   1.5524005E+03   6.7280000E+03   6.5990000E+03   4.3552449E-05   4.4330747E-05
   1.5524080E+03   6.8420000E+03   6.7480000E+03   2.6427954E-06   2.4747416E-06
   1.5524155E+03   6.7740000E+03   6.6770000E+03   1.1812184E-05   1.2016212E-05
   1.5524231E+03   6.8090000E+03   6.7200000E+03   8.1165149E-06   8.1789019E-06
   1.5524306E+03   6.8190000E+03   6.7190000E+03   6.3187788E-06   6.5537468E-06
   1.5524381E+03   6.7660000E+03   6.6550000E+03   3.3212671E-05   3.3768973E-05
   1.5524457E+03   6.6460000E+03   6.5610000E+03   1.0643104E-05   1.0683101E-05
   1.5524532E+03   6.6830000E+03   6.5840000E+03   6.8689326E-06   7.0138985E-06
   1.5524607E+03   6.5300000E+03   6.4280000E+03   1.4712454E-06   1.3799627E-06
   1.5524682E+03   6.5800000E+03   6.4790000E+03   2.2946609E-06   2.5082135E-06
   1.5524758E+03   6.7120000E+03   6.6250000E+03   1.9036330E-05   1.9116709E-05
   1.5524833E+03   6.7100000E+03   6.6110000E+03   1.0917098E-05   1.1046073E-05
   1.5524908E+03   6.6830000E+03   6.5950000E+03   1.5497786E-05   1.5785251E-05
   1.5524984E+03   6.6080000E+03   6.4920000E+03   7.2419299E-06   7.4680668E-06
   1.5525059E+03   6.5300000E+03   6.4320000E+03   1.9377563E-05   1.9626449E-05
   1.5525134E+03   6.5720000E+03   6.4750000E+03   9.9560998E-05   1.0106072E-04
   1.5525209E+03   6.6110000E+03   6.4990000E+03   6.5530236E-05   6.6816580E-05
   1.5525285E+03   6.5680000E+03   6.4690000E+03   1.5968893E-05   1.6166997E-05
   1.5525360E+03   6.5100000E+03   6.4170000E+03   8.6963923E-05   8.8256546E-05
   1.5525435E+03   6.6310000E+03   6.5310000E+03   2.9794971E-05   3.0332875E-05
   1.5525511E+03   6.4230000E+03   6.3080000E+03   5.2034165E-05   5.3021662E-05
   1.5525586E+03   6.5610000E+03   6.4430000E+03   2.0198060E-05   2.0573030E-05
   1.5525661E+03   6.5080000E+03   6.4140000E+03   2.9772364E-05   3.0246475E-05
   1.5525736E+03   6.6220000E+03   6.4940000E+03   1.0376886E-05   1.0625507E-05
   1.5525812E+03   6.6030000E+03   6.5000000E+03   5.5391537E-05   5.6300562E-05
   1.5525887E+03   6.4740000E+03   6.3730000E+03   1.9929851E-05   2.0287460E-05
   1.5525962E+03   6.6240000E+03   6.5370000E+03   2.4481458E-06   2.3583617E-06
   1.5526038E+03   6.2400000E+03   6.1530000E+03   1.0188673E-04   1.0333299E-04
   1.5526113E+03   6.2950000E+03   6.2050000E+03   2.3913162E-05   2.4281382E-05
   1.5526188E+03   6.3450000E+03   6.2460000E+03   3.0221524E-05   3.0414390E-05
   1.5526263E+03   6.2700000E+03   6.1710000E+03   3.9285525E-05   3.9924221E-05
   1.5526339E+03   6.3790000E+03   6.2890000E+03   8.4801486E-05   8.5935551E-05
   1.5526414E+03   6.4240000E+03   6.3210000E+03   2.5781516E-05   2.6264888E-05
   1.5526489E+03   6.3620000E+03   6.2550000E+03   1.0671305E-05   1.0892165E-05
   1.5526565E+03   6.3460000E+03   6.2320000E+03   2.3259663E-05   2.3602971E-05
   1.5526640E+03   6.4070000E+03   6.2990000E+03   7.8301592E-06   8.6856670E-06
   1.5526715E+03   6.3670000E+03   6.2660000E+03   2.0962920E-06   2.1286906E-06
   1.5526790E+03   6.1780000E+03   6.0740000E+03   8.9942910E-05   9.1395285E-05
   1.5526866E+03   6.2650000E+03   6.1640000E+03   4.4143174E-05   4.4770157E-05
   1.5526941E+03   6.2610000E+03   6.1620000E+03   1.0020984E-06   9.7930009E-07
   1.5527016E+03   6.2260000E+03   6.1270000E+03   3.8155822E-06   3.8257652E-06
   1.5527092E+03   6.2580000E+03   6.1490000E+03   1.1199384E-06   1.1561888E-06
   1.5527167E+03   6.3010000E+03   6.1790000E+03   1.1062700E-04   1.1285933E-04
   1.5527242E+03   6.1410000E+03   6.0360000E+03   5.6268841E-05   5.6276980E-05
   1.5527317E+03   6.2140000E+03   6.1290000E+03   2.9387945E-06   2.9748634E-06
   1.5527393E+03   6.2350000E+03   6.1180000E+03   3.8600458E-06   4.0308421E-06
   1.5527468E+03   6.2770000E+03   6.1800000E+03   6.4382768E-07   6.0618662E-07
   1.5527543E+03   6.1390000E+03   6.0280000E+03   1.3316424E-06   1.3794967E-06
   1.5527619E+03   6.0550000E+03   5.9720000E+03   4.7362770E-06   4.8292415E-06
   1.5527694E+03   6.0530000E+03   5.9680000E+03   9.7796046E-06   9.9217218E-06
   1.5527769E+03   6.2120000E+03   6.1190000E+03   1.9453271E-05   1.9807152E-05
   1.5527844E+03   6.1930000E+03   6.0940000E+03   1.8630567E-05   1.9352436E-05
   1.5527920E+03   5.9380000E+03   5.8370000E+03   5.9887326E-05   6.1597256E-05
   1.5527995E+03   5.9680000E+03   5.8750000E+03   4.7756547E-06   4.9334010E-06
   1.5528070E+03   6.0880000E+03   5.9810000E+03   8.7957323E-06   9.0123838E-06
   1.5528146E+03   5.9910000E+03   5.8870000E+03   2.0088480E-05   2.0427456E-05
   1.5528221E+03   5.8720000E+03   5.7840000E+03   1.3332808E-06   1.4311110E-06
   1.5528296E+03   5.9280000E+03   5.8480000E+03   5.6917758E-06   5.7229037E-06
   1.5528371E+03   6.0560000E+03   5.9450000E+03   3.2184540E-05   3.2833834E-05
   1.5528447E+03   6.1820000E+03   6.0780000E+03   4.8872613E-06   5.0265799E-06
   1.5528522E+03   5.9270000E+03   5.8240000E+03   1.0488881E-05   1.0644042E-05
   1.5528597E+03   5.9870000E+03   5.8830000E+03   2.0043138E-05   2.0213814E-05
   1.5528673E+03   5.9480000E+03   5.8530000E+03   2.5242033E-05   2.1677415E-06
   1.5528748E+03   5.9680000E+03   5.8800000E+03   1.5392738E-04   1.5620401E-04
   1.5528823E+03   6.0830000E+03   5.9840000E+03   1.7207809E-05   1.7473175E-05
   1.5528898E+03   5.8350000E+03   5.7440000E+03   1.0206360E-06   1.0058994E-06
   1.5528974E+03   5.9790000E+03   5.8740000E+03   6.1079413E-05   6.2127033E-05
   1.5529049E+03   5.8640000E+03   5.7680000E+03   3.7599163E-06   4.1639144E-06
   1.5529124E+03   5.7500000E+03   5.6470000E+03   1.4808045E-06   1.5140521E-06
   1.5529199E+03   5.8350000E+03   5.7390000E+03   9.4415340E-06   9.5234512E-06
   1.5529275E+03   5.8840000E+03   5.7920000E+03   5.6163265E-06   5.7823626E-06
   1.5529350E+03   5.7480000E+03   5.6440000E+03   3.0377320E-05   3.0897634E-05
   1.5529425E+03   5.7530000E+03   5.6370000E+03   3.8961552E-05   3.9814317E-05
   1.5529501E+03   5.8180000E+03   5.7140000E+03   3.0373589E-05   3.0776704E-05
   1.5529576E+03   5.7190000E+03   5.6060000E+03   1.7143600E-05   1.7514362E-05
   1.5529651E+03   5.8710000E+03   5.7880000E+03   3.6372821E-06   3.6943608E-06
   1.5529726E+03   5.7770000E+03   5.6820000E+03   6.3404010E-06   6.4772340E-06
   1.5529802E+03   5.7500000E+03   5.6530000E+03   1.2551025E-04   1.2779635E-04
   1.5529877E+03   5.6750000E+03   5.5760000E+03   1.0885669E-05   1.1090349E-05
   1.5529952E+03   5.5950000E+03   5.4770000E+03   8.6686227E-06   8.9327341E-06
   1.5530028E+03   5.6050000E+03   5.4930000E+03   1.4189644E-05   1.4485253E-05
   1.5530103E+03   5.6600000E+03   5.5850000E+03   1.4653672E-05   1.4817602E-05
   1.5530178E+03   5.5730000E+03   5.4870000E+03   2.8246580E-05   2.8677759E-05
   1.5530253E+03   5.5440000E+03   5.4550000E+03   2.3295703E-05   2.3682447E-05
   1.5530329E+03   5.6780000E+03   5.5850000E+03   1.0790182E-04   1.0961524E-04
   1.5530404E+03   5.6000000E+03   5.4690000E+03   1.3158134E-04   1.3476484E-04
   1.5530479E+03   5.5640000E+03   5.4850000E+03   2.9229260E-05   2.9655226E-05
   1.5530555E+03   5.5750000E+03   5.4850000E+03   7.2397716E-06   7.3663888E-06
   1.5530630E+03   5.5700000E+03   5.4660000E+03   2.2882302E-05   2.3292623E-05
   1.5530705E+03   5.3580000E+03   5.2760000E+03   2.4242987E-05   2.4782306E-05
   1.5530780E+03   5.5680000E+03   5.4820000E+03   3.0850594E-06   3.1065033E-06
   1.5530856E+03   5.4380000E+03   5.3380000E+03   1.5706707E-05   1.6003309E-05
   1.5530931E+03   5.4490000E+03   5.3580000E+03   1.2069560E-06   1.2394985E-06
   1.5531006E+03   5.3920000E+03   5.3030000E+03   4.2186404E-06   4.3085014E-06
   1.5531082E+03   5.5600000E+03   5.4630000E+03   5.2798796E-05   5.3755432E-05
   1.5531157E+03   5.5210000E+03   5.4260000E+03   1.9317919E-06   2.0690412E-06
   1.5531232E+03   5.5160000E+03   5.3980000E+03   3.5536532E-06   3.5279806E-06
   1.5531307E+03   5.4590000E+03   5.3710000E+03   2.8794122E-05   2.9244153E-05
   1.5531383E+03   5.4400000E+03   5.3410000E+03   3.2772526E-05   3.3361431E-05
   1.5531458E+03   5.4060000E+03   5.3360000E+03   1.0248290E-06   1.0308622E-06
   1.5531533E+03   5.2610000E+03   5.1660000E+03   1.3676664E-05   1.3904743E-05
   1.5531609E+03   5.2540000E+03   5.1710000E+03   1.0807755E-04   1.0980112E-04
   1.5531684E+03   5.4050000E+03   5.2980000E+03   5.3865435E-05   1.3431689E-06
   1.5531759E+03   5.4050000E+03   5.3040000E+03   2.0841757E-06   9.4440522E-07
   1.5531834E+03   5.3820000E+03   5.2850000E+03   7.1383703E-05   8.1216693E-05
   1.5531910E+03   5.2510000E+03   5.1510000E+03   2.7562375E-06   2.9895431E-06
   1.5531985E+03   5.2690000E+03   5.1760000E+03   5.4221002E-06   5.5842999E-06
   1.5532060E+03   5.3360000E+03   5.2220000E+03   6.0933546E-05   6.2204911E-05
   1.5532136E+03   5.3240000E+03   5.2270000E+03   3.8469274E-05   3.9121546E-05
   1.5532211E+03   5.1270000E+03   5.0290000E+03   5.5611791E-06   5.6983659E-06
   1.5532286E+03   5.0880000E+03   5.0050000E+03   3.9047444E-06   3.9638729E-06
   1.5532361E+03   5.1200000E+03   5.0310000E+03   4.7036700E-07   3.6360601E-07
   1.5532437E+03   5.1810000E+03   5.0960000E+03   3.3632707E-05   3.4397990E-05
   1.5532512E+03   5.1440000E+03   5.0530000E+03   1.6641033E-04   1.6951940E-04
   1.5532587E+03   5.0480000E+03   4.9560000E+03   4.8382086E-06   4.9885469E-06
   1.5532663E+03   5.0470000E+03   4.9700000E+03   1.2549757E-06   1.2994779E-06
   1.5532738E+03   5.1250000E+03   5.0350000E+03   1.0796354E-04   1.0988089E-04
   1.5532813E+03   5.0090000E+03   4.9310000E+03   2.2511092E-05   2.2958896E-05
   1.5532888E+03   5.0280000E+03   4.9370000E+03   2.5020571E-05   2.5463874E-05
   1.5532964E+03   5.1090000E+03   5.0150000E+03   2.9272429E-06   2.7570776E-06
   1.5533039E+03   5.0060000E+03   4.9340000E+03   5.2268047E-06   5.3216529E-06
   1.5533114E+03   5.0390000E+03   4.9580000E+03   8.0446783E-06   8.1834679E-06
   1.5533189E+03   5.0930000E+03   5.0170000E+03   6.8927112E-06   6.9995291E-06
   1.5533265E+03   4.9860000E+03   4.8980000E+03   2.4857510E-06   2.5303865E-06
   1.5533340E+03   4.9650000E+03   4.8640000E+03   1.0861987E-06   1.1319199E-06
   1.5533415E+03   4.9090000E+03   4.8150000E+03   1.1349217E-04   1.1567421E-04
   1.5533491E+03   5.0190000E+03   4.9260000E+03   3.8402239E-06   3.8904196E-06
   1.5533566E+03   4.9430000E+03   4.8400000E+03   1.2481638E-05   1.2747177E-05
   1.5533641E+03   4.9010000E+03   4.7980000E+03   3.9743286E-05   4.0650592E-05
   1.5533716E+03   4.8450000E+03   4.7490000E+03   1.0609399E-04   1.0768184E-04
   1.5533792E+03   4.9820000E+03   4.8960000E+03   1.1184420E-04   1.1388308E-04
   1.5533867E+03   4.8220000E+03   4.7470000E+03   5.1444078E-07   6.1706192E-07
   1.5533942E+03   4.6570000E+03   4.5790000E+03   2.5677902E-05   2.6087826E-05
   1.5534018E+03   4.8580000E+03   4.7640000E+03   6.9583813E-06   7.1015670E-06
   1.5534093E+03   4.9180000E+03   4.8190000E+03   2.0291413E-06   2.0628869E-06
   1.5534168E+03   4.8190000E+03   4.7340000E+03   1.1176274E-04   1.1370367E-04
   1.5534243E+03   4.7600000E+03   4.6860000E+03   2.2774505E-05   2.3134477E-05
   1.5534319E+03   4.7560000E+03   4.6620000E+03   2.2999899E-05   2.3418234E-05
   1.5534394E+03   4.6880000E+03   4.6020000E+03   4.6030108E-06   4.7081927E-06
   1.5534469E+03   4.6970000E+03   4.6060000E+03   4.4464634E-07   4.3261547E-07
   1.5534545E+03   4.6610000E+03   4.5660000E+03   1.2167138E-05   1.2440843E-05
   1.5534620E+03   4.6560000E+03   4.5690000E+03   1.3051769E-04   1.3299698E-04
   1.5534695E+03   4.7440000E+03   4.6490000E+03   3.6248550E-05   3.7051491E-05
   1.5534770E+03   4.6290000E+03   4.5470000E+03   6.3423454E-05   6.4642623E-05
   1.5534846E+03   4.6950000E+03   4.6010000E+03   5.5920588E-06   5.7099822E-06
   1.5534921E+03   4.6380000E+03   4.5620000E+03   1.9349416E-05   1.9678821E-05
   1.5534996E+03   4.5990000E+03   4.5190000E+03   3.9659007E-06   3.5562290E-07
   1.5535072E+03   4.6020000E+03   4.5090000E+03   1.5916750E-05   1.6295602E-05
   1.5535147E+03   4.5700000E+03   4.4810000E+03   5.2596069E-05   5.3355482E-05
   1.5535222E+03   4.5650000E+03   4.4680000E+03   1.7026999E-06   1.7134047E-06
   1.5535297E+03   4.5900000E+03   4.4960000E+03   1.2653255E-06   1.4311053E-06
   1.5535373E+03   4.5730000E+03   4.4940000E+03   8.9171508E-07   8.5682559E-07
   1.5535448E+03   4.5980000E+03   4.5060000E+03   9.0123297E-07   1.1839584E-06
   1.5535523E+03   4.4700000E+03   4.3910000E+03   6.3276540E-07   6.2728853E-07
   1.5535599E+03   4.4800000E+03   4.3950000E+03   9.2255151E-07   9.1757893E-07
   1.5535674E+03   4.4030000E+03   4.3200000E+03   4.6630801E-07   4.0712427E-07
   1.5535749E+03   4.4480000E+03   4.3800000E+03   4.7745170E-07   4.6344577E-07
   1.5535824E+03   4.4180000E+03   4.3320000E+03   8.2184192E-07   9.1413910E-07
   1.5535900E+03   4.4870000E+03   4.4110000E+03   7.1212499E-05   7.2414652E-05
   1.5535975E+03   4.2860000E+03   4.2080000E+03   1.3719841E-07   1.3751841E-07
   1.5536050E+03   4.4020000E+03   4.3040000E+03   6.7597108E-07   5.5912439E-07
   1.5536126E+03   4.3410000E+03   4.2460000E+03   9.0589240E-07   9.4243594E-07
   1.5536201E+03   4.3900000E+03   4.2970000E+03   5.7420549E-07   5.8684414E-07
   1.5536276E+03   4.2500000E+03   4.1800000E+03   1.5227619E-07   2.6217588E-07
   1.5536351E+03   4.2990000E+03   4.2330000E+03   2.7683488E-05   2.8128467E-05
   1.5536427E+03   4.2590000E+03   4.1710000E+03   1.0543981E-04   1.0784122E-04
   1.5536502E+03   4.2000000E+03   4.1240000E+03   1.5682729E-04   1.5973009E-04
   1.5536577E+03   4.2420000E+03   4.1770000E+03   6.5289754E-07   5.6695300E-07
   1.5536653E+03   4.2030000E+03   4.1240000E+03   1.0701325E-05   1.0901493E-05
   1.5536728E+03   4.3040000E+03   4.2280000E+03   4.2245274E-07   4.7387287E-07
   1.5536803E+03   4.2030000E+03   4.1150000E+03   3.2973865E-05   3.3746779E-05
   1.5536878E+03   4.2700000E+03   4.1960000E+03   1.2087402E-05   1.2279362E-05
   1.5536954E+03   4.1000000E+03   4.0230000E+03   3.4506004E-07   3.5777556E-07
   1.5537029E+03   4.1800000E+03   4.0960000E+03   4.0772854E-07   4.3793173E-07
   1.5537104E+03   4.0900000E+03   4.0130000E+03   8.8400177E-08   8.8109370E-08
   1.5537180E+03   4.1170000E+03   4.0070000E+03   2.2565590E-06   2.1365575E-06
   1.5537255E+03   4.0590000E+03   3.9680000E+03   9.9634717E-06   1.0186319E-05
   1.5537330E+03   4.1360000E+03   4.0560000E+03   2.7678976E-07   3.4165837E-07
   1.5537405E+03   4.0190000E+03   3.9160000E+03   3.9693380E-07   3.0903917E-07
   1.5537481E+03   4.0560000E+03   3.9800000E+03   7.2961306E-07   6.9677289E-07
   1.5537556E+03   4.0430000E+03   3.9590000E+03   1.6979116E-06   1.7161240E-06
   1.5537631E+03   4.0600000E+03   3.9730000E+03   3.0284610E-05   3.0924707E-05
   1.5537706E+03   3.9170000E+03   3.8510000E+03   3.1202907E-05   3.1732097E-05
   1.5537782E+03   3.9850000E+03   3.9070000E+03   9.8372462E-05   1.0035152E-04
   1.5537857E+03   3.9800000E+03   3.8810000E+03   2.3995096E-04   2.4611972E-04
   1.5537932E+03   3.9730000E+03   3.8860000E+03   9.0185445E-06   9.2710593E-06
   1.5538008E+03   4.0330000E+03   3.9460000E+03   1.3235445E-07   1.0813212E-07
   1.5538083E+03   3.8920000E+03   3.8290000E+03   1.6945692E-07   1.5659677E-07
   1.5538158E+03   3.8730000E+03   3.8040000E+03   7.0467440E-08   8.7145270E-08
   1.5538233E+03   3.8410000E+03   3.7780000E+03   2.8932197E-07   3.1268963E-07
   1.5538309E+03   3.8260000E+03   3.7600000E+03   2.9109471E-07   3.0120417E-07
   1.5538384E+03   3.8290000E+03   3.7490000E+03   1.2318476E-08   7.9707104E-08
   1.5538459E+03   3.9850000E+03   3.8950000E+03   2.8429536E-07   5.9324565E-08
   1.5538535E+03   3.8320000E+03   3.7570000E+03   2.6970729E-07   2.9743441E-07
   1.5538610E+03   3.8480000E+03   3.7780000E+03   2.4246272E-06   2.4770156E-06
   1.5538685E+03   3.7700000E+03   3.6990000E+03   4.5217681E-05   4.6061709E-05
   1.5538760E+03   3.8610000E+03   3.7890000E+03   7.8880736E-08   1.4891736E-08
   1.5538836E+03   3.6990000E+03   3.6260000E+03   8.6253709E-07   8.6766041E-07
   1.5538911E+03   3.7510000E+03   3.6770000E+03   8.7125286E-05   8.8789435E-05
   1.5538986E+03   3.8080000E+03   3.7430000E+03   6.8141992E-05   6.9319885E-05
   1.5539062E+03   3.6520000E+03   3.5920000E+03   1.4392409E-04   1.4631821E-04
   1.5539137E+03   3.6660000E+03   3.5990000E+03   5.6064282E-08   5.8773067E-08
   1.5539212E+03   3.7840000E+03   3.7170000E+03   1.0155899E-04   1.0339077E-04
   1.5539287E+03   3.7600000E+03   3.7010000E+03   1.9007320E-08   2.3821243E-09
   1.5539363E+03   3.7090000E+03   3.6570000E+03   4.3963539E-09   5.4134658E-09
   1.5539438E+03   3.6920000E+03   3.6550000E+03   5.0373613E-09   4.1767593E-09
   1.5539513E+03   3.6090000E+03   3.5490000E+03   1.7347850E-09   8.3954708E-10
   1.5539589E+03   3.6590000E+03   3.6110000E+03   9.9557679E-09   0.0000000E+00
   1.5539664E+03   3.6110000E+03   3.5540000E+03   2.5750156E-05   2.6401019E-05
   1.5539739E+03   3.7130000E+03   3.6480000E+03   2.0069024E-09   2.0426613E-09
   1.5539814E+03   3.5820000E+03   3.5330000E+03   0.0000000E+00   0.0000000E+00
   1.5539890E+03   3.6260000E+03   3.5810000E+03   0.0000000E+00   0.0000000E+00
   1.5539965E+03   3.6150000E+03   3.5760000E+03   0.0000000E+00   0.0000000E+00
   1.5540040E+03   3.6680000E+03   3.6190000E+03   0.0000000E+00   0.0000000E+00
   1.5540116E+03   3.5890000E+03   3.5430000E+03   0.0000000E+00   0.0000000E+00
   1.5540191E+03   3.6940000E+03   3.6420000E+03   0.0000000E+00   0.0000000E+00
   1.5540266E+03   3.5390000E+03   3.4970000E+03   0.0000000E+00   0.0000000E+00
   1.5540341E+03   3.5640000E+03   3.5080000E+03   0.0000000E+00   0.0000000E+00
   1.5540417E+03   3.6130000E+03   3.5660000E+03   0.0000000E+00   0.0000000E+00
   1.5540492E+03   3.5540000E+03   3.5060000E+03   0.0000000E+00   0.0000000E+00
   1.5540567E+03   3.6790000E+03   3.6240000E+03   0.0000000E+00   0.0000000E+00
   1.5540643E+03   3.7180000E+03   3.6500000E+03   0.0000000E+00   0.0000000E+00
   1.5540718E+03   3.6130000E+03   3.5640000E+03   0.0000000E+00   0.0000000E+00
   1.5540793E+03   3.5960000E+03   3.5440000E+03   0.0000000E+00   0.0000000E+00
   1.5540868E+03   3.5370000E+03   3.4950000E+03   0.0000000E+00   0.0000000E+00
   1.5540944E+03   3.6300000E+03   3.5770000E+03   0.0000000E+00   0.0000000E+00
   1.5541019E+03   3.6550000E+03   3.5930000E+03   0.0000000E+00   0.0000000E+00
   1.5541094E+03   3.5300000E+03   3.4820000E+03   0.0000000E+00   0.0000000E+00
   1.5541170E+03   3.4810000E+03   3.4270000E+03   0.0000000E+00   0.0000000E+00
   1.5541245E+03   3.5600000E+03   3.5210000E+03   0.0000000E+00   0.0000000E+00
   1.5541320E+03   3.6060000E+03   3.5580000E+03   0.0000000E+00   0.0000000E+00
   1.5541395E+03   3.5380000E+03   3.4920000E+03   1.3836770E-04   0.0000000E+00
   1.5541471E+03   3.5840000E+03   3.5360000E+03   0.0000000E+00   0.0000000E+00
   1.5541546E+03   3.4700000E+03   3.4230000E+03   0.0000000E+00   0.0000000E+00
   1.5541621E+03   3.5600000E+03   3.5190000E+03   0.0000000E+00   0.0000000E+00
   1.5541697E+03   3.5560000E+03   3.5100000E+03   0.0000000E+00   0.0000000E+00
   1.5541772E+03   3.4870000E+03   3.4280000E+03   9.9963655E-05   1.0168415E-04
   1.5541847E+03   3.6010000E+03   3.5570000E+03   0.0000000E+00   0.0000000E+00
   1.5541922E+03   3.3760000E+03   3.3330000E+03   0.0000000E+00   0.0000000E+00
   1.5541998E+03   3.5630000E+03   3.5090000E+03   0.0000000E+00   0.0000000E+00
   1.5542073E+03   3.5700000E+03   3.5300000E+03   0.0000000E+00   0.0000000E+00
   1.5542148E+03   3.5670000E+03   3.5250000E+03   0.0000000E+00   0.0000000E+00
   1.5542224E+03   3.6790000E+03   3.6310000E+03   0.0000000E+00   0.0000000E+00
   1.5542299E+03   3.5610000E+03   3.5150000E+03   0.0000000E+00   0.0000000E+00
   1.5542374E+03   3.4780000E+03   3.4220000E+03   0.0000000E+00   0.0000000E+00
   1.5542449E+03   3.5010000E+03   3.4540000E+03   0.0000000E+00   0.0000000E+00
   1.5542525E+03   3.3810000E+03   3.3400000E+03   0.0000000E+00   0.0000000E+00
   1.5542600E+03   3.4810000E+03   3.4330000E+03   0.0000000E+00   0.0000000E+00
   1.5542675E+03   3.5410000E+03   3.4940000E+03   0.0000000E+00   0.0000000E+00
   1.5542750E+03   3.4130000E+03   3.3650000E+03   0.0000000E+00   0.0000000E+00
   1.5542826E+03   3.4490000E+03   3.3890000E+03   0.0000000E+00   0.0000000E+00
   1.5542901E+03   3.4040000E+03   3.3520000E+03   0.0000000E+00   0.0000000E+00
   1.5542976E+03   3.5940000E+03   3.5390000E+03   0.0000000E+00   0.0000000E+00
   1.5543052E+03   3.5250000E+03   3.4750000E+03   0.0000000E+00   0.0000000E+00
   1.5543127E+03   3.3850000E+03   3.3250000E+03   0.0000000E+00   0.0000000E+00
   1.5543202E+03   3.4490000E+03   3.3930000E+03   0.0000000E+00   0.0000000E+00
   1.5543277E+03   3.4530000E+03   3.3990000E+03   0.0000000E+00   0.0000000E+00
   1.5543353E+03   3.4180000E+03   3.3740000E+03   0.0000000E+00   0.0000000E+00
   1.5543428E+03   3.4680000E+03   3.4220000E+03   0.0000000E+00   0.0000000E+00
   1.5543503E+03   3.4630000E+03   3.4080000E+03   0.0000000E+00   0.0000000E+00
   1.5543579E+03   3.4640000E+03   3.4220000E+03   0.0000000E+00   0.0000000E+00
   1.5543654E+03   3.4570000E+03   3.3930000E+03   0.0000000E+00   0.0000000E+00
   1.5543729E+03   3.3570000E+03   3.3090000E+03   7.0480260E-06   7.1502639E-06
   1.5543804E+03   3.4060000E+03   3.3480000E+03   0.0000000E+00   0.0000000E+00
   1.5543880E+03   3.3430000E+03   3.3010000E+03   0.0000000E+00   0.0000000E+00
   1.5543955E+03   3.3920000E+03   3.3350000E+03   0.0000000E+00   0.0000000E+00
   1.5544030E+03   3.3560000E+03   3.3080000E+03   0.0000000E+00   0.0000000E+00
   1.5544106E+03   3.3510000E+03   3.3090000E+03   0.0000000E+00   0.0000000E+00
   1.5544181E+03   3.3640000E+03   3.3160000E+03   0.0000000E+00   0.0000000E+00
   1.5544256E+03   3.2840000E+03   3.2260000E+03   0.0000000E+00   0.0000000E+00
   1.5544331E+03   3.4120000E+03   3.3560000E+03   0.0000000E+00   0.0000000E+00
   1.5544407E+03   3.4460000E+03   3.3990000E+03   0.0000000E+00   0.0000000E+00
   1.5544482E+03   3.4480000E+03   3.3880000E+03   0.0000000E+00   0.0000000E+00
   1.5544557E+03   3.4150000E+03   3.3640000E+03   0.0000000E+00   0.0000000E+00
   1.5544633E+03   3.4230000E+03   3.3830000E+03   0.0000000E+00   0.0000000E+00
   1.5544708E+03   3.4170000E+03   3.3790000E+03   0.0000000E+00   0.0000000E+00
   1.5544783E+03   3.3910000E+03   3.3420000E+03   0.0000000E+00   0.0000000E+00
   1.5544858E+03   3.2410000E+03   3.1790000E+03   0.0000000E+00   0.0000000E+00
   1.5544934E+03   3.3290000E+03   3.2870000E+03   0.0000000E+00   0.0000000E+00
   1.5545009E+03   3.3090000E+03   3.2600000E+03   0.0000000E+00   0.0000000E+00
   1.5545084E+03   3.4450000E+03   3.3860000E+03   0.0000000E+00   0.0000000E+00
   1.5545160E+03   3.1510000E+03   3.1180000E+03   1.4144179E-04   1.4293877E-04
   1.5545235E+03   3.3050000E+03   3.2530000E+03   1.2248572E-04   1.2444368E-04
   1.5545310E+03   3.2610000E+03   3.2090000E+03   0.0000000E+00   0.0000000E+00
   1.5545385E+03   3.3220000E+03   3.2820000E+03   0.0000000E+00   0.0000000E+00
   1.5545461E+03   3.3090000E+03   3.2560000E+03   0.0000000E+00   0.0000000E+00
   1.5545536E+03   3.2620000E+03   3.1990000E+03   0.0000000E+00   0.0000000E+00
   1.5545611E+03   3.2170000E+03   3.1790000E+03   0.0000000E+00   0.0000000E+00
   1.5545687E+03   3.3630000E+03   3.3080000E+03   0.0000000E+00   0.0000000E+00
   1.5545762E+03   3.2860000E+03   3.2360000E+03   0.0000000E+00   0.0000000E+00
   1.5545837E+03   3.3370000E+03   3.2920000E+03   0.0000000E+00   0.0000000E+00
   1.5545912E+03   3.2890000E+03   3.2380000E+03   1.3717333E-04   1.3933388E-04
   1.5545988E+03   3.2490000E+03   3.2040000E+03   0.0000000E+00   0.0000000E+00
   1.5546063E+03   3.2750000E+03   3.2270000E+03   0.0000000E+00   0.0000000E+00
   1.5546138E+03   3.1450000E+03   3.0890000E+03   2.6320964E-04   2.6798133E-04
   1.5546214E+03   3.3600000E+03   3.3160000E+03   0.0000000E+00   0.0000000E+00
   1.5546289E+03   3.2910000E+03   3.2380000E+03   0.0000000E+00   0.0000000E+00
   1.5546364E+03   3.2230000E+03   3.1830000E+03   0.0000000E+00   0.0000000E+00
   1.5546439E+03   3.2390000E+03   3.1990000E+03   0.0000000E+00   0.0000000E+00
   1.5546515E+03   3.3300000E+03   3.2740000E+03   0.0000000E+00   0.0000000E+00
   1.5546590E+03   3.2370000E+03   3.1930000E+03   0.0000000E+00   0.0000000E+00
   1.5546665E+03   3.2480000E+03   3.2010000E+03   0.0000000E+00   0.0000000E+00
   1.5546740E+03   3.2420000E+03   3.1940000E+03   0.0000000E+00   0.0000000E+00
   1.5546816E+03   3.3350000E+03   3.2860000E+03   0.0000000E+00   0.0000000E+00
   1.5546891E+03   3.1990000E+03   3.1470000E+03   0.0000000E+00   0.0000000E+00
   1.5546966E+03   3.2030000E+03   3.1570000E+03   0.0000000E+00   0.0000000E+00
   1.5547042E+03   3.1560000E+03   3.1160000E+03   0.0000000E+00   0.0000000E+00
   1.5547117E+03   3.2370000E+03   3.1970000E+03   0.0000000E+00   0.0000000E+00
   1.5547192E+03   3.2430000E+03   3.1950000E+03   0.0000000E+00   0.0000000E+00
   1.5547267E+03   3.2010000E+03   3.1720000E+03   0.0000000E+00   0.0000000E+00
   1.5547343E+03   3.1990000E+03   3.1500000E+03   0.0000000E+00   0.0000000E+00
   1.5547418E+03   3.1990000E+03   3.1560000E+03   0.0000000E+00   0.0000000E+00
   1.5547493E+03   3.0520000E+03   3.0150000E+03   0.0000000E+00   0.0000000E+00
   1.5547569E+03   3.0970000E+03   3.0470000E+03   0.0000000E+00   0.0000000E+00
   1.5547644E+03   3.1640000E+03   3.1080000E+03   0.0000000E+00   0.0000000E+00
   1.5547719E+03   3.3000000E+03   3.2470000E+03   0.0000000E+00   0.0000000E+00
   1.5547794E+03   3.1590000E+03   3.1190000E+03   0.0000000E+00   0.0000000E+00
   1.5547870E+03   3.1690000E+03   3.1170000E+03   0.0000000E+00   0.0000000E+00
   1.5547945E+03   3.2260000E+03   3.1830000E+03   0.0000000E+00   0.0000000E+00
   1.5548020E+03   3.1790000E+03   3.1260000E+03   0.0000000E+00   0.0000000E+00
   1.5548096E+03   3.1620000E+03   3.1210000E+03   0.0000000E+00   0.0000000E+00
   1.5548171E+03   3.0650000E+03   3.0090000E+03   0.0000000E+00   0.0000000E+00
   1.5548246E+03   3.1080000E+03   3.0630000E+03   0.0000000E+00   0.0000000E+00
   1.5548321E+03   3.1480000E+03   3.1050000E+03   0.0000000E+00   0.0000000E+00
   1.5548397E+03   3.1270000E+03   3.0810000E+03   0.0000000E+00   0.0000000E+00
   1.5548472E+03   3.2790000E+03   3.2410000E+03   0.0000000E+00   0.0000000E+00
   1.5548547E+03   3.1330000E+03   3.0960000E+03   0.0000000E+00   0.0000000E+00
   1.5548623E+03   3.1120000E+03   3.0730000E+03   0.0000000E+00   0.0000000E+00
   1.5548698E+03   3.1200000E+03   3.0820000E+03   0.0000000E+00   0.0000000E+00
   1.5548773E+03   3.0900000E+03   3.0500000E+03   0.0000000E+00   0.0000000E+00
   1.5548848E+03   3.0410000E+03   2.9960000E+03   0.0000000E+00   0.0000000E+00
   1.5548924E+03   3.1290000E+03   3.0810000E+03   0.0000000E+00   0.0000000E+00
   1.5548999E+03   3.1440000E+03   3.1030000E+03   0.0000000E+00   0.0000000E+00
   1.5549074E+03   3.0300000E+03   2.9900000E+03   0.0000000E+00   0.0000000E+00
   1.5549150E+03   3.1600000E+03   3.1140000E+03   9.4922276E-05   9.6324467E-05
   1.5549225E+03   3.0120000E+03   2.9610000E+03   0.0000000E+00   0.0000000E+00
   1.5549300E+03   3.0280000E+03   2.9840000E+03   0.0000000E+00   0.0000000E+00
   1.5549375E+03   3.0500000E+03   3.0030000E+03   0.0000000E+00   0.0000000E+00
   1.5549451E+03   2.9950000E+03   2.9500000E+03   0.0000000E+00   0.0000000E+00
   1.5549526E+03   3.0150000E+03   2.9790000E+03   0.0000000E+00   0.0000000E+00
   1.5549601E+03   3.0540000E+03   3.0080000E+03   0.0000000E+00   0.0000000E+00
   1.5549677E+03   2.9640000E+03   2.9130000E+03   0.0000000E+00   0.0000000E+00
   1.5549752E+03   3.0520000E+03   3.0110000E+03   0.0000000E+00   0.0000000E+00
   1.5549827E+03   2.9810000E+03   2.9390000E+03   0.0000000E+00   0.0000000E+00
   1.5549902E+03   3.0420000E+03   2.9950000E+03   0.0000000E+00   0.0000000E+00
   1.5549978E+03   3.1440000E+03   3.1090000E+03   0.0000000E+00   0.0000000E+00
   1.5550053E+03   3.0390000E+03   3.0000000E+03   0.0000000E+00   0.0000000E+00
   1.5550128E+03   2.9690000E+03   2.9170000E+03   0.0000000E+00   0.0000000E+00
   1.5550204E+03   3.0310000E+03   2.9960000E+03   0.0000000E+00   0.0000000E+00
   1.5550279E+03   3.0340000E+03   2.9890000E+03   0.0000000E+00   0.0000000E+00
   1.5550354E+03   3.0510000E+03   3.0060000E+03   0.0000000E+00   0.0000000E+00
   1.5550429E+03   2.9810000E+03   2.9460000E+03   0.0000000E+00   0.0000000E+00
   1.5550505E+03   3.0180000E+03   2.9650000E+03   0.0000000E+00   0.0000000E+00
   1.5550580E+03   3.0500000E+03   2.9900000E+03   0.0000000E+00   0.0000000E+00
   1.5550655E+03   3.0180000E+03   2.9830000E+03   0.0000000E+00   0.0000000E+00
   1.5550731E+03   2.9740000E+03   2.9390000E+03   0.0000000E+00   0.0000000E+00
   1.5550806E+03   3.0070000E+03   2.9700000E+03   0.0000000E+00   0.0000000E+00
   1.5550881E+03   2.9330000E+03   2.8850000E+03   0.0000000E+00   0.0000000E+00
   1.5550956E+03   2.9890000E+03   2.9430000E+03   0.0000000E+00   0.0000000E+00
   1.5551032E+03   2.9210000E+03   2.8720000E+03   0.0000000E+00   0.0000000E+00
   1.5551107E+03   3.0650000E+03   3.0180000E+03   0.0000000E+00   0.0000000E+00
   1.5551182E+03   2.9450000E+03   2.8890000E+03   0.0000000E+00   0.0000000E+00
   1.5551257E+03   2.9190000E+03   2.8800000E+03   0.0000000E+00   0.0000000E+00
   1.5551333E+03   2.9730000E+03   2.9290000E+03   0.0000000E+00   0.0000000E+00
   1.5551408E+03   2.9510000E+03   2.9100000E+03   1.4373339E-04   1.4575850E-04
   1.5551483E+03   2.9200000E+03   2.8830000E+03   0.0000000E+00   0.0000000E+00
   1.5551559E+03   2.8620000E+03   2.8090000E+03   0.0000000E+00   0.0000000E+00
   1.5551634E+03   3.0140000E+03   2.9800000E+03   0.0000000E+00   0.0000000E+00
   1.5551709E+03   2.9270000E+03   2.8820000E+03   0.0000000E+00   0.0000000E+00
   1.5551784E+03   2.8680000E+03   2.8340000E+03   0.0000000E+00   0.0000000E+00
   1.5551860E+03   3.0460000E+03   3.0060000E+03   0.0000000E+00   0.0000000E+00
   1.5551935E+03   2.9490000E+03   2.8990000E+03   0.0000000E+00   0.0000000E+00
   1.5552010E+03   2.8610000E+03   2.8120000E+03   0.0000000E+00   0.0000000E+00
   1.5552086E+03   2.8880000E+03   2.8510000E+03   0.0000000E+00   0.0000000E+00
   1.5552161E+03   2.8270000E+03   2.8000000E+03   2.4202293E-04   2.4435673E-04
   1.5552236E+03   2.9100000E+03   2.8780000E+03   1.9773905E-04   1.9993768E-04
   1.5552311E+03   2.9060000E+03   2.8610000E+03   0.0000000E+00   0.0000000E+00
   1.5552387E+03   2.7380000E+03   2.6910000E+03   0.0000000E+00   0.0000000E+00
   1.5552462E+03   2.7880000E+03   2.7510000E+03   0.0000000E+00   0.0000000E+00
   1.5552537E+03   2.8600000E+03   2.8210000E+03   0.0000000E+00   0.0000000E+00
   1.5552613E+03   2.8400000E+03   2.7940000E+03   0.0000000E+00   0.0000000E+00
   1.5552688E+03   2.9170000E+03   2.8740000E+03   0.0000000E+00   0.0000000E+00
   1.5552763E+03   2.8150000E+03   2.7680000E+03   0.0000000E+00   0.0000000E+00
   1.5552838E+03   2.9210000E+03   2.8710000E+03   0.0000000E+00   0.0000000E+00
   1.5552914E+03   2.8880000E+03   2.8470000E+03   0.0000000E+00   0.0000000E+00
   1.5552989E+03   2.8850000E+03   2.8410000E+03   0.0000000E+00   0.0000000E+00
   1.5553064E+03   2.7620000E+03   2.7320000E+03   0.0000000E+00   0.0000000E+00
   1.5553140E+03   2.8520000E+03   2.8100000E+03   0.0000000E+00   0.0000000E+00
   1.5553215E+03   2.8400000E+03   2.8010000E+03   0.0000000E+00   0.0000000E+00
   1.5553290E+03   2.8530000E+03   2.8020000E+03   0.0000000E+00   0.0000000E+00
   1.5553365E+03   2.8220000E+03   2.7860000E+03   0.0000000E+00   0.0000000E+00
   1.5553441E+03   2.7390000E+03   2.6900000E+03   0.0000000E+00   0.0000000E+00
   1.5553516E+03   2.8800000E+03   2.8330000E+03   0.0000000E+00   0.0000000E+00
   1.5553591E+03   2.8460000E+03   2.8100000E+03   0.0000000E+00   0.0000000E+00
   1.5553667E+03   2.8610000E+03   2.8160000E+03   0.0000000E+00   0.0000000E+00
   1.5553742E+03   2.8800000E+03   2.8430000E+03   0.0000000E+00   0.0000000E+00
   1.5553817E+03   2.7780000E+03   2.7320000E+03   0.0000000E+00   0.0000000E+00
   1.5553892E+03   2.8350000E+03   2.7870000E+03   0.0000000E+00   0.0000000E+00
   1.5553968E+03   2.7290000E+03   2.6910000E+03   0.0000000E+00   0.0000000E+00
   1.5554043E+03   2.8480000E+03   2.7970000E+03   0.0000000E+00   0.0000000E+00
   1.5554118E+03   2.7870000E+03   2.7550000E+03   0.0000000E+00   0.0000000E+00
   1.5554194E+03   2.7560000E+03   2.7230000E+03   0.0000000E+00   0.0000000E+00
   1.5554269E+03   2.7460000E+03   2.6970000E+03   0.0000000E+00   0.0000000E+00
   1.5554344E+03   2.7610000E+03   2.7360000E+03   0.0000000E+00   0.0000000E+00
   1.5554419E+03   2.8430000E+03   2.7890000E+03   0.0000000E+00   0.0000000E+00
   1.5554495E+03   2.8110000E+03   2.7730000E+03   0.0000000E+00   0.0000000E+00
   1.5554570E+03   2.7960000E+03   2.7590000E+03   0.0000000E+00   0.0000000E+00
   1.5554645E+03   2.7090000E+03   2.6730000E+03   0.0000000E+00   0.0000000E+00
   1.5554721E+03   2.7450000E+03   2.7050000E+03   0.0000000E+00   0.0000000E+00
   1.5554796E+03   2.7630000E+03   2.7330000E+03   0.0000000E+00   0.0000000E+00
   1.5554871E+03   2.7310000E+03   2.6970000E+03   0.0000000E+00   0.0000000E+00
   1.5554946E+03   2.7560000E+03   2.7090000E+03   0.0000000E+00   0.0000000E+00
   1.5555022E+03   2.6900000E+03   2.6540000E+03   0.0000000E+00   0.0000000E+00
   1.5555097E+03   2.6920000E+03   2.6440000E+03   0.0000000E+00   0.0000000E+00
   1.5555172E+03   2.6310000E+03   2.5900000E+03   0.0000000E+00   0.0000000E+00
   1.5555248E+03   2.7250000E+03   2.6780000E+03   0.0000000E+00   0.0000000E+00
   1.5555323E+03   2.7690000E+03   2.7250000E+03   0.0000000E+00   0.0000000E+00
   1.5555398E+03   2.7260000E+03   2.6870000E+03   0.0000000E+00   0.0000000E+00
   1.5555473E+03   2.7750000E+03   2.7400000E+03   0.0000000E+00   0.0000000E+00
   1.5555549E+03   2.7010000E+03   2.6560000E+03   0.0000000E+00   0.0000000E+00
   1.5555624E+03   2.7060000E+03   2.6600000E+03   0.0000000E+00   0.0000000E+00
   1.5555699E+03   2.7580000E+03   2.7050000E+03   0.0000000E+00   0.0000000E+00
   1.5555774E+03   2.7150000E+03   2.6860000E+03   0.0000000E+00   0.0000000E+00
   1.5555850E+03   2.6840000E+03   2.6370000E+03   0.0000000E+00   0.0000000E+00
   1.5555925E+03   2.7020000E+03   2.6540000E+03   0.0000000E+00   0.0000000E+00
   1.5556000E+03   2.6720000E+03   2.6360000E+03   3.1076029E-04   3.1500436E-04
   1.5556076E+03   2.6770000E+03   2.6380000E+03   0.0000000E+00   0.0000000E+00
   1.5556151E+03   2.6830000E+03   2.6440000E+03   0.0000000E+00   0.0000000E+00
   1.5556226E+03   2.6560000E+03   2.6160000E+03   0.0000000E+00   0.0000000E+00
   1.5556301E+03   2.6150000E+03   2.5810000E+03   0.0000000E+00   0.0000000E+00
   1.5556377E+03   2.7480000E+03   2.7160000E+03   0.0000000E+00   0.0000000E+00
   1.5556452E+03   2.6300000E+03   2.6010000E+03   0.0000000E+00   0.0000000E+00
   1.5556527E+03   2.7010000E+03   2.6640000E+03   1.4536974E-04   1.4738876E-04
   1.5556603E+03   2.6350000E+03   2.5920000E+03   0.0000000E+00   0.0000000E+00
   1.5556678E+03   2.6500000E+03   2.6040000E+03   0.0000000E+00   0.0000000E+00
   1.5556753E+03   2.6050000E+03   2.5800000E+03   0.0000000E+00   0.0000000E+00
   1.5556828E+03   2.6500000E+03   2.6110000E+03   0.0000000E+00   0.0000000E+00
   1.5556904E+03   2.7230000E+03   2.6870000E+03   0.0000000E+00   0.0000000E+00
   1.5556979E+03   2.5760000E+03   2.5450000E+03   0.0000000E+00   0.0000000E+00
   1.5557054E+03   2.5380000E+03   2.5070000E+03   0.0000000E+00   0.0000000E+00
   1.5557130E+03   2.6560000E+03   2.6120000E+03   0.0000000E+00   0.0000000E+00
   1.5557205E+03   2.6640000E+03   2.6290000E+03   0.0000000E+00   0.0000000E+00
   1.5557280E+03   2.5750000E+03   2.5420000E+03   0.0000000E+00   0.0000000E+00
   1.5557355E+03   2.6170000E+03   2.5860000E+03   0.0000000E+00   0.0000000E+00
   1.5557431E+03   2.5680000E+03   2.5280000E+03   0.0000000E+00   0.0000000E+00
   1.5557506E+03   2.6470000E+03   2.5900000E+03   0.0000000E+00   0.0000000E+00
   1.5557581E+03   2.6150000E+03   2.5760000E+03   0.0000000E+00   0.0000000E+00
   1.5557657E+03   2.6550000E+03   2.6190000E+03   0.0000000E+00   0.0000000E+00
   1.5557732E+03   2.7140000E+03   2.6770000E+03   3.1539860E-04   3.1975786E-04
   1.5557807E+03   2.5410000E+03   2.4970000E+03   0.0000000E+00   0.0000000E+00
   1.5557882E+03   2.5670000E+03   2.5370000E+03   0.0000000E+00   0.0000000E+00
   1.5557958E+03   2.5860000E+03   2.5500000E+03   0.0000000E+00   0.0000000E+00
   1.5558033E+03   2.5430000E+03   2.5050000E+03   0.0000000E+00   0.0000000E+00
   1.5558108E+03   2.4970000E+03   2.4630000E+03   3.3919350E-05   3.4387583E-05
   1.5558184E+03   2.5640000E+03   2.5240000E+03   0.0000000E+00   0.0000000E+00
   1.5558259E+03   2.5330000E+03   2.4980000E+03   0.0000000E+00   0.0000000E+00
   1.5558334E+03   2.4610000E+03   2.4260000E+03   0.0000000E+00   0.0000000E+00
   1.5558409E+03   2.4710000E+03   2.4360000E+03   0.0000000E+00   0.0000000E+00
   1.5558485E+03   2.5870000E+03   2.5430000E+03   0.0000000E+00   0.0000000E+00
   1.5558560E+03   2.5410000E+03   2.5150000E+03   0.0000000E+00   0.0000000E+00
   1.5558635E+03   2.5250000E+03   2.4930000E+03   0.0000000E+00   0.0000000E+00
   1.5558711E+03   2.5770000E+03   2.5380000E+03   0.0000000E+00   0.0000000E+00
   1.5558786E+03   2.5970000E+03   2.5660000E+03   0.0000000E+00   0.0000000E+00
   1.5558861E+03   2.4550000E+03   2.4120000E+03   0.0000000E+00   0.0000000E+00
   1.5558936E+03   2.4490000E+03   2.4160000E+03   0.0000000E+00   0.0000000E+00
   1.5559012E+03   2.5030000E+03   2.4710000E+03   0.0000000E+00   0.0000000E+00
   1.5559087E+03   2.5630000E+03   2.5210000E+03   0.0000000E+00   0.0000000E+00
   1.5559162E+03   2.5400000E+03   2.5030000E+03   0.0000000E+00   0.0000000E+00
   1.5559238E+03   2.4980000E+03   2.4730000E+03   0.0000000E+00   0.0000000E+00
   1.5559313E+03   2.4390000E+03   2.4090000E+03   0.0000000E+00   0.0000000E+00
   1.5559388E+03   2.4010000E+03   2.3580000E+03   0.0000000E+00   0.0000000E+00
   1.5559463E+03   2.3910000E+03   2.3580000E+03   0.0000000E+00   0.0000000E+00
   1.5559539E+03   2.4250000E+03   2.3900000E+03   2.7984068E-04   2.8393877E-04
   1.5559614E+03   2.4540000E+03   2.4140000E+03   0.0000000E+00   0.0000000E+00
   1.5559689E+03   2.4780000E+03   2.4250000E+03   0.0000000E+00   0.0000000E+00
   1.5559765E+03   2.4250000E+03   2.3910000E+03   3.2400600E-04   3.2861336E-04
   1.5559840E+03   2.4140000E+03   2.3710000E+03   0.0000000E+00   0.0000000E+00
   1.5559915E+03   2.4470000E+03   2.4110000E+03   0.0000000E+00   0.0000000E+00
   1.5559990E+03   2.4010000E+03   2.3660000E+03   0.0000000E+00   0.0000000E+00
   1.5560066E+03   2.4440000E+03   2.4090000E+03   0.0000000E+00   0.0000000E+00
   1.5560141E+03   2.4400000E+03   2.4050000E+03   0.0000000E+00   0.0000000E+00
   1.5560216E+03   2.4830000E+03   2.4450000E+03   0.0000000E+00   0.0000000E+00
   1.5560291E+03   2.4140000E+03   2.3650000E+03   0.0000000E+00   0.0000000E+00
   1.5560367E+03   2.4660000E+03   2.4370000E+03   0.0000000E+00   0.0000000E+00
   1.5560442E+03   2.4130000E+03   2.3690000E+03   0.0000000E+00   0.0000000E+00
   1.5560517E+03   2.3830000E+03   2.3480000E+03   0.0000000E+00   0.0000000E+00
   1.5560593E+03   2.3760000E+03   2.3410000E+03   0.0000000E+00   0.0000000E+00
   1.5560668E+03   2.4300000E+03   2.4080000E+03   0.0000000E+00   0.0000000E+00
   1.5560743E+03   2.3910000E+03   2.3580000E+03   0.0000000E+00   0.0000000E+00
   1.5560818E+03   2.5250000E+03   2.4930000E+03   0.0000000E+00   0.0000000E+00
   1.5560894E+03   2.4260000E+03   2.3880000E+03   0.0000000E+00   0.0000000E+00
   1.5560969E+03   2.3340000E+03   2.2980000E+03   0.0000000E+00   0.0000000E+00
   1.5561044E+03   2.3910000E+03   2.3430000E+03   0.0000000E+00   0.0000000E+00
   1.5561120E+03   2.3440000E+03   2.3020000E+03   0.0000000E+00   0.0000000E+00
   1.5561195E+03   2.3930000E+03   2.3490000E+03   0.0000000E+00   0.0000000E+00
   1.5561270E+03   2.3240000E+03   2.2850000E+03   0.0000000E+00   0.0000000E+00
   1.5561345E+03   2.3210000E+03   2.2860000E+03   0.0000000E+00   0.0000000E+00
   1.5561421E+03   2.3540000E+03   2.3240000E+03   0.0000000E+00   0.0000000E+00
   1.5561496E+03   2.2890000E+03   2.2470000E+03   0.0000000E+00   0.0000000E+00
   1.5561571E+03   2.3960000E+03   2.3610000E+03   0.0000000E+00   0.0000000E+00
   1.5561647E+03   2.3290000E+03   2.2940000E+03   0.0000000E+00   0.0000000E+00
   1.5561722E+03   2.2830000E+03   2.2480000E+03   0.0000000E+00   0.0000000E+00
   1.5561797E+03   2.3580000E+03   2.3270000E+03   0.0000000E+00   0.0000000E+00
   1.5561872E+03   2.3740000E+03   2.3410000E+03   0.0000000E+00   0.0000000E+00
   1.5561948E+03   2.3660000E+03   2.3340000E+03   0.0000000E+00   0.0000000E+00
   1.5562023E+03   2.3300000E+03   2.2870000E+03   0.0000000E+00   0.0000000E+00
   1.5562098E+03   2.3270000E+03   2.2970000E+03   0.0000000E+00   0.0000000E+00
   1.5562174E+03   2.3280000E+03   2.2800000E+03   0.0000000E+00   0.0000000E+00
   1.5562249E+03   2.2990000E+03   2.2770000E+03   0.0000000E+00   0.0000000E+00
   1.5562324E+03   2.2600000E+03   2.2300000E+03   0.0000000E+00   0.0000000E+00
   1.5562399E+03   2.2910000E+03   2.2730000E+03   0.0000000E+00   0.0000000E+00
   1.5562475E+03   2.2640000E+03   2.2300000E+03   0.0000000E+00   0.0000000E+00
   1.5562550E+03   2.2690000E+03   2.2360000E+03   0.0000000E+00   0.0000000E+00
   1.5562625E+03   2.2780000E+03   2.2430000E+03   0.0000000E+00   0.0000000E+00
   1.5562701E+03   2.3220000E+03   2.2780000E+03   3.7817890E-04   3.8548349E-04
   1.5562776E+03   2.2370000E+03   2.2010000E+03   0.0000000E+00   0.0000000E+00
   1.5562851E+03   2.3140000E+03   2.2860000E+03   0.0000000E+00   0.0000000E+00
   1.5562926E+03   2.2400000E+03   2.2020000E+03   0.0000000E+00   0.0000000E+00
   1.5563002E+03   2.2400000E+03   2.2120000E+03   0.0000000E+00   0.0000000E+00
   1.5563077E+03   2.2800000E+03   2.2590000E+03   0.0000000E+00   0.0000000E+00
   1.5563152E+03   2.2860000E+03   2.2600000E+03   0.0000000E+00   0.0000000E+00
   1.5563228E+03   2.2470000E+03   2.2230000E+03   0.0000000E+00   0.0000000E+00
   1.5563303E+03   2.1740000E+03   2.1390000E+03   0.0000000E+00   0.0000000E+00
   1.5563378E+03   2.2990000E+03   2.2620000E+03   0.0000000E+00   0.0000000E+00
   1.5563453E+03   2.2800000E+03   2.2450000E+03   0.0000000E+00   0.0000000E+00
   1.5563529E+03   2.2820000E+03   2.2360000E+03   0.0000000E+00   0.0000000E+00
   1.5563604E+03   2.2500000E+03   2.2120000E+03   0.0000000E+00   0.0000000E+00
   1.5563679E+03   2.2260000E+03   2.1990000E+03   0.0000000E+00   0.0000000E+00
   1.5563755E+03   2.2140000E+03   2.1780000E+03   0.0000000E+00   0.0000000E+00
   1.5563830E+03   2.2280000E+03   2.1930000E+03   0.0000000E+00   0.0000000E+00
   1.5563905E+03   2.2330000E+03   2.1950000E+03   0.0000000E+00   0.0000000E+00
   1.5563980E+03   2.1880000E+03   2.1590000E+03   0.0000000E+00   0.0000000E+00
   1.5564056E+03   2.1810000E+03   2.1510000E+03   0.0000000E+00   0.0000000E+00
   1.5564131E+03   2.2540000E+03   2.2170000E+03   0.0000000E+00   0.0000000E+00
   1.5564206E+03   2.1770000E+03   2.1470000E+03   0.0000000E+00   0.0000000E+00
   1.5564282E+03   2.1770000E+03   2.1470000E+03   0.0000000E+00   0.0000000E+00
   1.5564357E+03   2.2200000E+03   2.1900000E+03   0.0000000E+00   0.0000000E+00
   1.5564432E+03   2.1060000E+03   2.0700000E+03   0.0000000E+00   0.0000000E+00
   1.5564507E+03   2.1500000E+03   2.1150000E+03   0.0000000E+00   0.0000000E+00
   1.5564583E+03   2.2330000E+03   2.2100000E+03   0.0000000E+00   0.0000000E+00
   1.5564658E+03   2.1790000E+03   2.1480000E+03   0.0000000E+00   0.0000000E+00
   1.5564733E+03   2.1990000E+03   2.1670000E+03   0.0000000E+00   0.0000000E+00
   1.5564808E+03   2.1900000E+03   2.1650000E+03   0.0000000E+00   0.0000000E+00
   1.5564884E+03   2.1470000E+03   2.1130000E+03   0.0000000E+00   0.0000000E+00
   1.5564959E+03   2.1820000E+03   2.1510000E+03   0.0000000E+00   0.0000000E+00
   1.5565034E+03   2.2120000E+03   2.1790000E+03   0.0000000E+00   0.0000000E+00
   1.5565110E+03   2.1720000E+03   2.1400000E+03   0.0000000E+00   0.0000000E+00
   1.5565185E+03   2.2280000E+03   2.1920000E+03   0.0000000E+00   0.0000000E+00
   1.5565260E+03   2.2370000E+03   2.2000000E+03   0.0000000E+00   0.0000000E+00
   1.5565335E+03   2.1200000E+03   2.0820000E+03   0.0000000E+00   0.0000000E+00
   1.5565411E+03   2.0880000E+03   2.0570000E+03   0.0000000E+00   0.0000000E+00
   1.5565486E+03   2.1910000E+03   2.1600000E+03   0.0000000E+00   0.0000000E+00
   1.5565561E+03   2.1370000E+03   2.1080000E+03   0.0000000E+00   0.0000000E+00
   1.5565637E+03   2.0780000E+03   2.0520000E+03   0.0000000E+00   0.0000000E+00
   1.5565712E+03   2.1050000E+03   2.0740000E+03   0.0000000E+00   0.0000000E+00
   1.5565787E+03   2.0420000E+03   2.0230000E+03   0.0000000E+00   0.0000000E+00
   1.5565862E+03   2.1820000E+03   2.1520000E+03   0.0000000E+00   0.0000000E+00
   1.5565938E+03   2.1320000E+03   2.0900000E+03   0.0000000E+00   0.0000000E+00
   1.5566013E+03   2.1750000E+03   2.1450000E+03   0.0000000E+00   0.0000000E+00
   1.5566088E+03   2.0890000E+03   2.0610000E+03   0.0000000E+00   0.0000000E+00
   1.5566164E+03   2.0680000E+03   2.0380000E+03   0.0000000E+00   0.0000000E+00
   1.5566239E+03   2.0000000E+03   1.9720000E+03   0.0000000E+00   0.0000000E+00
   1.5566314E+03   2.1100000E+03   2.0870000E+03   2.3920116E-04   2.4183730E-04
   1.5566389E+03   2.1100000E+03   2.0810000E+03   0.0000000E+00   0.0000000E+00
   1.5566465E+03   2.1040000E+03   2.0610000E+03   0.0000000E+00   0.0000000E+00
   1.5566540E+03   1.9820000E+03   1.9450000E+03   0.0000000E+00   0.0000000E+00
   1.5566615E+03   2.0580000E+03   2.0310000E+03   0.0000000E+00   0.0000000E+00
   1.5566691E+03   2.0630000E+03   2.0240000E+03   0.0000000E+00   0.0000000E+00
   1.5566766E+03   1.9950000E+03   1.9700000E+03   0.0000000E+00   0.0000000E+00
   1.5566841E+03   2.0330000E+03   1.9970000E+03   0.0000000E+00   0.0000000E+00
   1.5566916E+03   2.0660000E+03   2.0210000E+03   0.0000000E+00   0.0000000E+00
   1.5566992E+03   2.0500000E+03   2.0300000E+03   0.0000000E+00   0.0000000E+00
   1.5567067E+03   2.0010000E+03   1.9740000E+03   0.0000000E+00   0.0000000E+00
   1.5567142E+03   2.0340000E+03   2.0030000E+03   0.0000000E+00   0.0000000E+00
   1.5567218E+03   2.0740000E+03   2.0490000E+03   2.9268459E-04   2.9625566E-04
   1.5567293E+03   2.0940000E+03   2.0600000E+03   0.0000000E+00   0.0000000E+00
   1.5567368E+03   2.0630000E+03   2.0450000E+03   0.0000000E+00   0.0000000E+00
   1.5567443E+03   2.0530000E+03   2.0170000E+03   0.0000000E+00   0.0000000E+00
   1.5567519E+03   1.9770000E+03   1.9510000E+03   0.0000000E+00   0.0000000E+00
   1.5567594E+03   2.0470000E+03   2.0080000E+03   0.0000000E+00   0.0000000E+00
   1.5567669E+03   1.9800000E+03   1.9490000E+03   0.0000000E+00   0.0000000E+00
   1.5567745E+03   2.0010000E+03   1.9680000E+03   0.0000000E+00   0.0000000E+00
   1.5567820E+03   1.9320000E+03   1.8960000E+03   0.0000000E+00   0.0000000E+00
   1.5567895E+03   2.0110000E+03   1.9810000E+03   0.0000000E+00   0.0000000E+00
   1.5567970E+03   2.0290000E+03   2.0050000E+03   0.0000000E+00   0.0000000E+00
   1.5568046E+03   1.9280000E+03   1.8950000E+03   0.0000000E+00   0.0000000E+00
   1.5568121E+03   1.9700000E+03   1.9410000E+03   0.0000000E+00   0.0000000E+00
   1.5568196E+03   2.0250000E+03   2.0000000E+03   0.0000000E+00   0.0000000E+00
   1.5568272E+03   2.0160000E+03   1.9910000E+03   0.0000000E+00   0.0000000E+00
   1.5568347E+03   2.0480000E+03   2.0170000E+03   0.0000000E+00   0.0000000E+00
   1.5568422E+03   2.0680000E+03   2.0410000E+03   0.0000000E+00   0.0000000E+00
   1.5568497E+03   1.8680000E+03   1.8420000E+03   0.0000000E+00   0.0000000E+00
   1.5568573E+03   1.9350000E+03   1.9060000E+03   0.0000000E+00   0.0000000E+00
   1.5568648E+03   1.9850000E+03   1.9500000E+03   0.0000000E+00   0.0000000E+00
   1.5568723E+03   2.0310000E+03   1.9900000E+03   0.0000000E+00   0.0000000E+00
   1.5568799E+03   2.0010000E+03   1.9840000E+03   0.0000000E+00   0.0000000E+00
   1.5568874E+03   1.9620000E+03   1.9300000E+03   0.0000000E+00   0.0000000E+00
   1.5568949E+03   1.8780000E+03   1.8510000E+03   0.0000000E+00   0.0000000E+00
   1.5569024E+03   1.9200000E+03   1.9010000E+03   0.0000000E+00   0.0000000E+00
   1.5569100E+03   1.9680000E+03   1.9430000E+03   0.0000000E+00   0.0000000E+00
   1.5569175E+03   1.8900000E+03   1.8610000E+03   0.0000000E+00   0.0000000E+00
   1.5569250E+03   1.9400000E+03   1.9100000E+03   0.0000000E+00   0.0000000E+00
   1.5569325E+03   1.9680000E+03   1.9400000E+03   0.0000000E+00   0.0000000E+00
   1.5569401E+03   1.8400000E+03   1.8150000E+03   0.0000000E+00   0.0000000E+00
   1.5569476E+03   1.9230000E+03   1.8900000E+03   0.0000000E+00   0.0000000E+00
   1.5569551E+03   1.8800000E+03   1.8480000E+03   0.0000000E+00   0.0000000E+00
   1.5569627E+03   1.9460000E+03   1.9170000E+03   0.0000000E+00   0.0000000E+00
   1.5569702E+03   1.9520000E+03   1.9240000E+03   0.0000000E+00   0.0000000E+00
   1.5569777E+03   1.9190000E+03   1.8920000E+03   0.0000000E+00   0.0000000E+00
   1.5569852E+03   1.9230000E+03   1.8970000E+03   0.0000000E+00   0.0000000E+00
   1.5569928E+03   1.9050000E+03   1.8780000E+03   0.0000000E+00   0.0000000E+00
   1.5570003E+03   1.9330000E+03   1.9070000E+03   0.0000000E+00   0.0000000E+00
   1.5570078E+03   1.9170000E+03   1.8790000E+03   0.0000000E+00   0.0000000E+00
   1.5570154E+03   1.8730000E+03   1.8380000E+03   4.1125999E-04   4.1909139E-04
   1.5570229E+03   1.8940000E+03   1.8650000E+03   0.0000000E+00   0.0000000E+00
   1.5570304E+03   1.8560000E+03   1.8290000E+03   0.0000000E+00   0.0000000E+00
   1.5570379E+03   1.9140000E+03   1.8900000E+03   0.0000000E+00   0.0000000E+00
   1.5570455E+03   1.9080000E+03   1.8780000E+03   0.0000000E+00   0.0000000E+00
   1.5570530E+03   1.8630000E+03   1.8330000E+03   0.0000000E+00   0.0000000E+00
   1.5570605E+03   1.8600000E+03   1.8360000E+03   0.0000000E+00   0.0000000E+00
   1.5570681E+03   1.9050000E+03   1.8830000E+03   0.0000000E+00   0.0000000E+00
   1.5570756E+03   1.8710000E+03   1.8380000E+03   0.0000000E+00   0.0000000E+00
   1.5570831E+03   1.7840000E+03   1.7600000E+03   0.0000000E+00   0.0000000E+00
   1.5570906E+03   1.7790000E+03   1.7520000E+03   0.0000000E+00   0.0000000E+00
   1.5570982E+03   1.8190000E+03   1.7840000E+03   0.0000000E+00   0.0000000E+00
   1.5571057E+03   1.9040000E+03   1.8760000E+03   0.0000000E+00   0.0000000E+00
   1.5571132E+03   1.7650000E+03   1.7390000E+03   0.0000000E+00   0.0000000E+00
   1.5571208E+03   1.8180000E+03   1.8010000E+03   0.0000000E+00   0.0000000E+00
   1.5571283E+03   1.7950000E+03   1.7690000E+03   0.0000000E+00   0.0000000E+00
   1.5571358E+03   1.8810000E+03   1.8490000E+03   0.0000000E+00   0.0000000E+00
   1.5571433E+03   1.8160000E+03   1.7890000E+03   0.0000000E+00   0.0000000E+00
   1.5571509E+03   1.7900000E+03   1.7640000E+03   0.0000000E+00   0.0000000E+00
   1.5571584E+03   1.7850000E+03   1.7490000E+03   0.0000000E+00   0.0000000E+00
   1.5571659E+03   1.8270000E+03   1.8040000E+03   0.0000000E+00   0.0000000E+00
   1.5571735E+03   1.8530000E+03   1.8300000E+03   0.0000000E+00   0.0000000E+00
   1.5571810E+03   1.7970000E+03   1.7730000E+03   0.0000000E+00   0.0000000E+00
   1.5571885E+03   1.8940000E+03   1.8760000E+03   0.0000000E+00   0.0000000E+00
   1.5571960E+03   1.7450000E+03   1.7180000E+03   0.0000000E+00   0.0000000E+00
   1.5572036E+03   1.8490000E+03   1.8260000E+03   0.0000000E+00   0.0000000E+00
   1.5572111E+03   1.7940000E+03   1.7600000E+03   0.0000000E+00   0.0000000E+00
   1.5572186E+03   1.7710000E+03   1.7490000E+03   0.0000000E+00   0.0000000E+00
   1.5572262E+03   1.8160000E+03   1.7990000E+03   0.0000000E+00   0.0000000E+00
   1.5572337E+03   1.8220000E+03   1.7870000E+03   0.0000000E+00   0.0000000E+00
   1.5572412E+03   1.7680000E+03   1.7390000E+03   0.0000000E+00   0.0000000E+00
   1.5572487E+03   1.7480000E+03   1.7230000E+03   0.0000000E+00   0.0000000E+00
   1.5572563E+03   1.6980000E+03   1.6690000E+03   0.0000000E+00   0.0000000E+00
   1.5572638E+03   1.7930000E+03   1.7580000E+03   0.0000000E+00   0.0000000E+00
   1.5572713E+03   1.7610000E+03   1.7350000E+03   0.0000000E+00   0.0000000E+00
   1.5572789E+03   1.8040000E+03   1.7800000E+03   0.0000000E+00   0.0000000E+00
   1.5572864E+03   1.7200000E+03   1.6940000E+03   0.0000000E+00   0.0000000E+00
   1.5572939E+03   1.8390000E+03   1.8070000E+03   0.0000000E+00   0.0000000E+00
   1.5573014E+03   1.6780000E+03   1.6600000E+03   0.0000000E+00   0.0000000E+00
   1.5573090E+03   1.7220000E+03   1.6840000E+03   0.0000000E+00   0.0000000E+00
   1.5573165E+03   1.7450000E+03   1.7180000E+03   0.0000000E+00   0.0000000E+00
   1.5573240E+03   1.8050000E+03   1.7780000E+03   0.0000000E+00   0.0000000E+00
   1.5573316E+03   1.7400000E+03   1.7200000E+03   0.0000000E+00   0.0000000E+00
   1.5573391E+03   1.6930000E+03   1.6750000E+03   0.0000000E+00   0.0000000E+00
   1.5573466E+03   1.6730000E+03   1.6500000E+03   0.0000000E+00   0.0000000E+00
   1.5573541E+03   1.7170000E+03   1.6930000E+03   0.0000000E+00   0.0000000E+00
   1.5573617E+03   1.6950000E+03   1.6680000E+03   0.0000000E+00   0.0000000E+00
   1.5573692E+03   1.7610000E+03   1.7260000E+03   0.0000000E+00   0.0000000E+00
   1.5573767E+03   1.7440000E+03   1.7170000E+03   0.0000000E+00   0.0000000E+00
   1.5573842E+03   1.7620000E+03   1.7380000E+03   0.0000000E+00   0.0000000E+00
   1.5573918E+03   1.7420000E+03   1.7160000E+03   0.0000000E+00   0.0000000E+00
   1.5573993E+03   1.7050000E+03   1.6810000E+03   0.0000000E+00   0.0000000E+00
   1.5574068E+03   1.6680000E+03   1.6370000E+03   0.0000000E+00   0.0000000E+00
   1.5574144E+03   1.6930000E+03   1.6530000E+03   0.0000000E+00   0.0000000E+00
   1.5574219E+03   1.7320000E+03   1.6970000E+03   0.0000000E+00   0.0000000E+00
   1.5574294E+03   1.6750000E+03   1.6390000E+03   0.0000000E+00   0.0000000E+00
   1.5574369E+03   1.7350000E+03   1.7120000E+03   0.0000000E+00   0.0000000E+00
   1.5574445E+03   1.6330000E+03   1.6130000E+03   0.0000000E+00   0.0000000E+00
   1.5574520E+03   1.7180000E+03   1.6980000E+03   0.0000000E+00   0.0000000E+00
   1.5574595E+03   1.7340000E+03   1.7100000E+03   0.0000000E+00   0.0000000E+00
   1.5574671E+03   1.6780000E+03   1.6610000E+03   5.4414211E-04   5.4971129E-04
   1.5574746E+03   1.6980000E+03   1.6800000E+03   0.0000000E+00   0.0000000E+00
   1.5574821E+03   1.6610000E+03   1.6360000E+03   0.0000000E+00   0.0000000E+00
   1.5574896E+03   1.6850000E+03   1.6720000E+03   0.0000000E+00   0.0000000E+00
   1.5574972E+03   1.6570000E+03   1.6430000E+03   0.0000000E+00   0.0000000E+00
   1.5575047E+03   1.7040000E+03   1.6820000E+03   0.0000000E+00   0.0000000E+00
   1.5575122E+03   1.6500000E+03   1.6300000E+03   0.0000000E+00   0.0000000E+00
   1.5575198E+03   1.6190000E+03   1.6010000E+03   0.0000000E+00   0.0000000E+00
   1.5575273E+03   1.6110000E+03   1.5780000E+03   0.0000000E+00   0.0000000E+00
   1.5575348E+03   1.6220000E+03   1.6020000E+03   0.0000000E+00   0.0000000E+00
   1.5575423E+03   1.6790000E+03   1.6570000E+03   0.0000000E+00   0.0000000E+00
   1.5575499E+03   1.6040000E+03   1.5760000E+03   0.0000000E+00   0.0000000E+00
   1.5575574E+03   1.6460000E+03   1.6270000E+03   0.0000000E+00   0.0000000E+00
   1.5575649E+03   1.6560000E+03   1.6340000E+03   0.0000000E+00   0.0000000E+00
   1.5575725E+03   1.5640000E+03   1.5360000E+03   0.0000000E+00   0.0000000E+00
   1.5575800E+03   1.6350000E+03   1.6120000E+03   0.0000000E+00   0.0000000E+00
   1.5575875E+03   1.6090000E+03   1.5860000E+03   0.0000000E+00   0.0000000E+00
   1.5575950E+03   1.6490000E+03   1.6280000E+03   0.0000000E+00   0.0000000E+00
   1.5576026E+03   1.6230000E+03   1.6030000E+03   0.0000000E+00   0.0000000E+00
   1.5576101E+03   1.6220000E+03   1.6010000E+03   0.0000000E+00   0.0000000E+00
   1.5576176E+03   1.6220000E+03   1.6010000E+03   0.0000000E+00   0.0000000E+00
   1.5576252E+03   1.5880000E+03   1.5680000E+03   0.0000000E+00   0.0000000E+00
   1.5576327E+03   1.5840000E+03   1.5600000E+03   0.0000000E+00   0.0000000E+00
   1.5576402E+03   1.5760000E+03   1.5600000E+03   0.0000000E+00   0.0000000E+00
   1.5576477E+03   1.6630000E+03   1.6460000E+03   0.0000000E+00   0.0000000E+00
   1.5576553E+03   1.5820000E+03   1.5540000E+03   0.0000000E+00   0.0000000E+00
   1.5576628E+03   1.6110000E+03   1.5880000E+03   0.0000000E+00   0.0000000E+00
   1.5576703E+03   1.6000000E+03   1.5780000E+03   0.0000000E+00   0.0000000E+00
   1.5576779E+03   1.5610000E+03   1.5360000E+03   0.0000000E+00   0.0000000E+00
   1.5576854E+03   1.5970000E+03   1.5770000E+03   0.0000000E+00   0.0000000E+00
   1.5576929E+03   1.6170000E+03   1.5980000E+03   0.0000000E+00   0.0000000E+00
   1.5577004E+03   1.5440000E+03   1.5150000E+03   0.0000000E+00   0.0000000E+00
   1.5577080E+03   1.5310000E+03   1.5080000E+03   0.0000000E+00   0.0000000E+00
   1.5577155E+03   1.5030000E+03   1.4770000E+03   0.0000000E+00   0.0000000E+00
   1.5577230E+03   1.4970000E+03   1.4700000E+03   0.0000000E+00   0.0000000E+00
   1.5577306E+03   1.5290000E+03   1.5020000E+03   0.0000000E+00   0.0000000E+00
   1.5577381E+03   1.4980000E+03   1.4800000E+03   0.0000000E+00   0.0000000E+00
   1.5577456E+03   1.5120000E+03   1.4850000E+03   0.0000000E+00   0.0000000E+00
   1.5577531E+03   1.4330000E+03   1.4100000E+03   0.0000000E+00   0.0000000E+00
   1.5577607E+03   1.5120000E+03   1.4870000E+03   0.0000000E+00   0.0000000E+00
   1.5577682E+03   1.5680000E+03   1.5480000E+03   0.0000000E+00   0.0000000E+00
   1.5577757E+03   1.4940000E+03   1.4790000E+03   0.0000000E+00   0.0000000E+00
   1.5577833E+03   1.4790000E+03   1.4550000E+03   0.0000000E+00   0.0000000E+00
   1.5577908E+03   1.5090000E+03   1.4840000E+03   0.0000000E+00   0.0000000E+00
   1.5577983E+03   1.5630000E+03   1.5370000E+03   0.0000000E+00   0.0000000E+00
   1.5578058E+03   1.5400000E+03   1.5240000E+03   0.0000000E+00   0.0000000E+00
   1.5578134E+03   1.5050000E+03   1.4840000E+03   0.0000000E+00   0.0000000E+00
   1.5578209E+03   1.5240000E+03   1.5040000E+03   0.0000000E+00   0.0000000E+00
   1.5578284E+03   1.5620000E+03   1.5400000E+03   0.0000000E+00   0.0000000E+00
   1.5578359E+03   1.4450000E+03   1.4260000E+03   0.0000000E+00   0.0000000E+00
   1.5578435E+03   1.4910000E+03   1.4640000E+03   0.0000000E+00   0.0000000E+00
   1.5578510E+03   1.4510000E+03   1.4320000E+03   0.0000000E+00   0.0000000E+00
   1.5578585E+03   1.5180000E+03   1.4930000E+03   0.0000000E+00   0.0000000E+00
   1.5578661E+03   1.4570000E+03   1.4330000E+03   0.0000000E+00   0.0000000E+00
   1.5578736E+03   1.5020000E+03   1.4770000E+03   0.0000000E+00   0.0000000E+00
   1.5578811E+03   1.5090000E+03   1.4870000E+03   0.0000000E+00   0.0000000E+00
   1.5578886E+03   1.5050000E+03   1.4780000E+03   0.0000000E+00   0.0000000E+00
   1.5578962E+03   1.4740000E+03   1.4510000E+03   0.0000000E+00   0.0000000E+00
   1.5579037E+03   1.4590000E+03   1.4330000E+03   0.0000000E+00   0.0000000E+00
   1.5579112E+03   1.5680000E+03   1.5320000E+03   0.0000000E+00   0.0000000E+00
   1.5579188E+03   1.4360000E+03   1.4120000E+03   0.0000000E+00   0.0000000E+00
   1.5579263E+03   1.4720000E+03   1.4540000E+03   0.0000000E+00   0.0000000E+00
   1.5579338E+03   1.4040000E+03   1.3840000E+03   0.0000000E+00   0.0000000E+00
   1.5579413E+03   1.4260000E+03   1.4030000E+03   0.0000000E+00   0.0000000E+00
   1.5579489E+03   1.4660000E+03   1.4470000E+03   0.0000000E+00   0.0000000E+00
   1.5579564E+03   1.5020000E+03   1.4770000E+03   0.0000000E+00   0.0000000E+00
   1.5579639E+03   1.4400000E+03   1.4180000E+03   0.0000000E+00   0.0000000E+00
   1.5579715E+03   1.4090000E+03   1.3820000E+03   0.0000000E+00   0.0000000E+00
   1.5579790E+03   1.4470000E+03   1.4240000E+03   0.0000000E+00   0.0000000E+00
   1.5579865E+03   1.4540000E+03   1.4350000E+03   0.0000000E+00   0.0000000E+00
   1.5579940E+03   1.4760000E+03   1.4600000E+03   0.0000000E+00   0.0000000E+00
   1.5580016E+03   1.4670000E+03   1.4500000E+03   0.0000000E+00   0.0000000E+00
   1.5580091E+03   1.4630000E+03   1.4430000E+03   0.0000000E+00   0.0000000E+00
   1.5580166E+03   1.4270000E+03   1.3940000E+03   0.0000000E+00   0.0000000E+00
   1.5580242E+03   1.4560000E+03   1.4310000E+03   0.0000000E+00   0.0000000E+00
   1.5580317E+03   1.3730000E+03   1.3520000E+03   0.0000000E+00   0.0000000E+00
   1.5580392E+03   1.3910000E+03   1.3700000E+03   0.0000000E+00   0.0000000E+00
   1.5580467E+03   1.4330000E+03   1.4060000E+03   0.0000000E+00   0.0000000E+00
   1.5580543E+03   1.4100000E+03   1.3890000E+03   0.0000000E+00   0.0000000E+00
   1.5580618E+03   1.4460000E+03   1.4220000E+03   0.0000000E+00   0.0000000E+00
   1.5580693E+03   1.4050000E+03   1.3790000E+03   0.0000000E+00   0.0000000E+00
   1.5580769E+03   1.4870000E+03   1.4680000E+03   0.0000000E+00   0.0000000E+00
   1.5580844E+03   1.3620000E+03   1.3390000E+03   0.0000000E+00   0.0000000E+00
   1.5580919E+03   1.3360000E+03   1.3160000E+03   0.0000000E+00   0.0000000E+00
   1.5580994E+03   1.4160000E+03   1.3920000E+03   0.0000000E+00   0.0000000E+00
   1.5581070E+03   1.3700000E+03   1.3500000E+03   0.0000000E+00   0.0000000E+00
   1.5581145E+03   1.3990000E+03   1.3830000E+03   0.0000000E+00   0.0000000E+00
   1.5581220E+03   1.3530000E+03   1.3310000E+03   7.1175974E-04   7.2352436E-04
   1.5581296E+03   1.3370000E+03   1.3100000E+03   0.0000000E+00   0.0000000E+00
   1.5581371E+03   1.3690000E+03   1.3400000E+03   0.0000000E+00   0.0000000E+00
   1.5581446E+03   1.3630000E+03   1.3420000E+03   0.0000000E+00   0.0000000E+00
   1.5581521E+03   1.3750000E+03   1.3560000E+03   0.0000000E+00   0.0000000E+00
   1.5581597E+03   1.3340000E+03   1.3120000E+03   0.0000000E+00   0.0000000E+00
   1.5581672E+03   1.4260000E+03   1.4060000E+03   0.0000000E+00   0.0000000E+00
   1.5581747E+03   1.3460000E+03   1.3250000E+03   0.0000000E+00   0.0000000E+00
   1.5581823E+03   1.3500000E+03   1.3320000E+03   0.0000000E+00   0.0000000E+00
   1.5581898E+03   1.3300000E+03   1.3150000E+03   0.0000000E+00   0.0000000E+00
   1.5581973E+03   1.3210000E+03   1.2960000E+03   0.0000000E+00   0.0000000E+00
   1.5582048E+03   1.2590000E+03   1.2420000E+03   0.0000000E+00   0.0000000E+00
   1.5582124E+03   1.3730000E+03   1.3500000E+03   0.0000000E+00   0.0000000E+00
   1.5582199E+03   1.3600000E+03   1.3350000E+03   0.0000000E+00   0.0000000E+00
   1.5582274E+03   1.3880000E+03   1.3730000E+03   0.0000000E+00   0.0000000E+00
   1.5582350E+03   1.2450000E+03   1.2280000E+03   0.0000000E+00   0.0000000E+00
   1.5582425E+03   1.3780000E+03   1.3450000E+03   0.0000000E+00   0.0000000E+00
   1.5582500E+03   1.3300000E+03   1.3130000E+03   0.0000000E+00   0.0000000E+00
   1.5582575E+03   1.3450000E+03   1.3160000E+03   0.0000000E+00   0.0000000E+00
   1.5582651E+03   1.3330000E+03   1.3160000E+03   0.0000000E+00   0.0000000E+00
   1.5582726E+03   1.3430000E+03   1.3100000E+03   0.0000000E+00   0.0000000E+00
   1.5582801E+03   1.3160000E+03   1.3010000E+03   0.0000000E+00   0.0000000E+00
   1.5582876E+03   1.2970000E+03   1.2770000E+03   0.0000000E+00   0.0000000E+00
   1.5582952E+03   1.3420000E+03   1.3130000E+03   0.0000000E+00   0.0000000E+00
   1.5583027E+03   1.3080000E+03   1.2910000E+03   0.0000000E+00   0.0000000E+00
   1.5583102E+03   1.2480000E+03   1.2320000E+03   0.0000000E+00   0.0000000E+00
   1.5583178E+03   1.3000000E+03   1.2760000E+03   0.0000000E+00   0.0000000E+00
   1.5583253E+03   1.3030000E+03   1.2760000E+03   0.0000000E+00   0.0000000E+00
   1.5583328E+03   1.2760000E+03   1.2560000E+03   0.0000000E+00   0.0000000E+00
   1.5583403E+03   1.3030000E+03   1.2850000E+03   0.0000000E+00   0.0000000E+00
   1.5583479E+03   1.3160000E+03   1.2990000E+03   0.0000000E+00   0.0000000E+00
   1.5583554E+03   1.2010000E+03   1.1820000E+03   0.0000000E+00   0.0000000E+00
   1.5583629E+03   1.3140000E+03   1.2850000E+03   0.0000000E+00   0.0000000E+00
   1.5583705E+03   1.3000000E+03   1.2750000E+03   0.0000000E+00   0.0000000E+00
   1.5583780E+03   1.3050000E+03   1.2920000E+03   0.0000000E+00   0.0000000E+00
   1.5583855E+03   1.2940000E+03   1.2720000E+03   0.0000000E+00   0.0000000E+00
   1.5583930E+03   1.2760000E+03   1.2590000E+03   0.0000000E+00   0.0000000E+00
   1.5584006E+03   1.2770000E+03   1.2540000E+03   0.0000000E+00   0.0000000E+00
   1.5584081E+03   1.2520000E+03   1.2320000E+03   0.0000000E+00   0.0000000E+00
   1.5584156E+03   1.3050000E+03   1.2940000E+03   0.0000000E+00   0.0000000E+00
   1.5584232E+03   1.2230000E+03   1.2130000E+03   0.0000000E+00   0.0000000E+00
   1.5584307E+03   1.3300000E+03   1.3120000E+03   0.0000000E+00   0.0000000E+00
   1.5584382E+03   1.2710000E+03   1.2570000E+03   0.0000000E+00   0.0000000E+00
   1.5584457E+03   1.1890000E+03   1.1730000E+03   0.0000000E+00   0.0000000E+00
   1.5584533E+03   1.2720000E+03   1.2520000E+03   0.0000000E+00   0.0000000E+00
   1.5584608E+03   1.2400000E+03   1.2180000E+03   0.0000000E+00   0.0000000E+00
   1.5584683E+03   1.2300000E+03   1.2100000E+03   0.0000000E+00   0.0000000E+00
   1.5584759E+03   1.2360000E+03   1.2120000E+03   0.0000000E+00   0.0000000E+00
   1.5584834E+03   1.2980000E+03   1.2780000E+03   0.0000000E+00   0.0000000E+00
   1.5584909E+03   1.2610000E+03   1.2430000E+03   0.0000000E+00   0.0000000E+00
   1.5584984E+03   1.2500000E+03   1.2320000E+03   0.0000000E+00   0.0000000E+00
   1.5585060E+03   1.2310000E+03   1.2150000E+03   0.0000000E+00   0.0000000E+00
   1.5585135E+03   1.2020000E+03   1.1790000E+03   0.0000000E+00   0.0000000E+00
   1.5585210E+03   1.2310000E+03   1.2150000E+03   0.0000000E+00   0.0000000E+00
   1.5585286E+03   1.2560000E+03   1.2360000E+03   0.0000000E+00   0.0000000E+00
   1.5585361E+03   1.2400000E+03   1.2250000E+03   0.0000000E+00   0.0000000E+00
   1.5585436E+03   1.1990000E+03   1.1880000E+03   0.0000000E+00   0.0000000E+00
   1.5585511E+03   1.1910000E+03   1.1680000E+03   0.0000000E+00   0.0000000E+00
   1.5585587E+03   1.1950000E+03   1.1740000E+03   0.0000000E+00   0.0000000E+00
   1.5585662E+03   1.2170000E+03   1.2010000E+03   0.0000000E+00   0.0000000E+00
   1.5585737E+03   1.2180000E+03   1.2040000E+03   0.0000000E+00   0.0000000E+00
   1.5585813E+03   1.2200000E+03   1.1980000E+03   0.0000000E+00   0.0000000E+00
   1.5585888E+03   1.2700000E+03   1.2600000E+03   0.0000000E+00   0.0000000E+00
   1.5585963E+03   1.2390000E+03   1.2200000E+03   0.0000000E+00   0.0000000E+00
   1.5586038E+03   1.1300000E+03   1.1080000E+03   0.0000000E+00   0.0000000E+00
   1.5586114E+03   1.2260000E+03   1.2090000E+03   0.0000000E+00   0.0000000E+00
   1.5586189E+03   1.2020000E+03   1.1860000E+03   0.0000000E+00   0.0000000E+00
   1.5586264E+03   1.1480000E+03   1.1330000E+03   0.0000000E+00   0.0000000E+00
   1.5586340E+03   1.1440000E+03   1.1240000E+03   0.0000000E+00   0.0000000E+00
   1.5586415E+03   1.1810000E+03   1.1630000E+03   0.0000000E+00   0.0000000E+00
   1.5586490E+03   1.2420000E+03   1.2240000E+03   0.0000000E+00   0.0000000E+00
   1.5586565E+03   1.2220000E+03   1.2010000E+03   0.0000000E+00   0.0000000E+00
   1.5586641E+03   1.1440000E+03   1.1280000E+03   0.0000000E+00   0.0000000E+00
   1.5586716E+03   1.1330000E+03   1.1170000E+03   0.0000000E+00   0.0000000E+00
   1.5586791E+03   1.1970000E+03   1.1830000E+03   0.0000000E+00   0.0000000E+00
   1.5586867E+03   1.1510000E+03   1.1390000E+03   0.0000000E+00   0.0000000E+00
   1.5586942E+03   1.2060000E+03   1.1940000E+03   0.0000000E+00   0.0000000E+00
   1.5587017E+03   1.1400000E+03   1.1260000E+03   0.0000000E+00   0.0000000E+00
   1.5587092E+03   1.2230000E+03   1.2050000E+03   0.0000000E+00   0.0000000E+00
   1.5587168E+03   1.1330000E+03   1.1130000E+03   0.0000000E+00   0.0000000E+00
   1.5587243E+03   1.1470000E+03   1.1320000E+03   0.0000000E+00   0.0000000E+00
   1.5587318E+03   1.1430000E+03   1.1250000E+03   0.0000000E+00   0.0000000E+00
   1.5587393E+03   1.1440000E+03   1.1280000E+03   0.0000000E+00   0.0000000E+00
   1.5587469E+03   1.0920000E+03   1.0700000E+03   0.0000000E+00   0.0000000E+00
   1.5587544E+03   1.1140000E+03   1.0930000E+03   0.0000000E+00   0.0000000E+00
   1.5587619E+03   1.1390000E+03   1.1190000E+03   0.0000000E+00   0.0000000E+00
   1.5587695E+03   1.1150000E+03   1.0980000E+03   0.0000000E+00   0.0000000E+00
   1.5587770E+03   1.1140000E+03   1.0950000E+03   0.0000000E+00   0.0000000E+00
   1.5587845E+03   1.1030000E+03   1.0910000E+03   0.0000000E+00   0.0000000E+00
   1.5587920E+03   1.1400000E+03   1.1230000E+03   0.0000000E+00   0.0000000E+00
   1.5587996E+03   1.0990000E+03   1.0860000E+03   0.0000000E+00   0.0000000E+00
   1.5588071E+03   1.1280000E+03   1.1200000E+03   0.0000000E+00   0.0000000E+00
   1.5588146E+03   1.1140000E+03   1.0960000E+03   0.0000000E+00   0.0000000E+00
   1.5588222E+03   1.1520000E+03   1.1320000E+03   0.0000000E+00   0.0000000E+00
   1.5588297E+03   1.0970000E+03   1.0820000E+03   0.0000000E+00   0.0000000E+00
   1.5588372E+03   1.1450000E+03   1.1250000E+03   0.0000000E+00   0.0000000E+00
   1.5588447E+03   1.1530000E+03   1.1340000E+03   0.0000000E+00   0.0000000E+00
   1.5588523E+03   1.0960000E+03   1.0810000E+03   0.0000000E+00   0.0000000E+00
   1.5588598E+03   1.1060000E+03   1.0880000E+03   0.0000000E+00   0.0000000E+00
   1.5588673E+03   1.0600000E+03   1.0440000E+03   0.0000000E+00   0.0000000E+00
   1.5588749E+03   1.0750000E+03   1.0650000E+03   0.0000000E+00   0.0000000E+00
   1.5588824E+03   1.1130000E+03   1.0950000E+03   0.0000000E+00   0.0000000E+00
   1.5588899E+03   1.1480000E+03   1.1320000E+03   0.0000000E+00   0.0000000E+00
   1.5588974E+03   1.1200000E+03   1.1080000E+03   0.0000000E+00   0.0000000E+00
   1.5589050E+03   1.0840000E+03   1.0740000E+03   0.0000000E+00   0.0000000E+00
   1.5589125E+03   1.0830000E+03   1.0700000E+03   0.0000000E+00   0.0000000E+00
   1.5589200E+03   1.0470000E+03   1.0310000E+03   0.0000000E+00   0.0000000E+00
   1.5589276E+03   1.0810000E+03   1.0560000E+03   0.0000000E+00   0.0000000E+00
   1.5589351E+03   1.1400000E+03   1.1130000E+03   0.0000000E+00   0.0000000E+00
   1.5589426E+03   9.8300000E+02   9.6900000E+02   0.0000000E+00   0.0000000E+00
   1.5589501E+03   1.0190000E+03   1.0010000E+03   0.0000000E+00   0.0000000E+00
   1.5589577E+03   1.0540000E+03   1.0360000E+03   0.0000000E+00   0.0000000E+00
   1.5589652E+03   1.0780000E+03   1.0690000E+03   0.0000000E+00   0.0000000E+00
   1.5589727E+03   9.6800000E+02   9.4500000E+02   0.0000000E+00   0.0000000E+00
   1.5589803E+03   1.0480000E+03   1.0350000E+03   0.0000000E+00   0.0000000E+00
   1.5589878E+03   1.0260000E+03   1.0150000E+03   0.0000000E+00   0.0000000E+00
   1.5589953E+03   1.0600000E+03   1.0410000E+03   0.0000000E+00   0.0000000E+00
   1.5590028E+03   1.0810000E+03   1.0620000E+03   0.0000000E+00   0.0000000E+00
   1.5590104E+03   1.0280000E+03   1.0130000E+03   0.0000000E+00   0.0000000E+00
   1.5590179E+03   1.0220000E+03   1.0040000E+03   0.0000000E+00   0.0000000E+00
   1.5590254E+03   1.0010000E+03   9.8000000E+02   0.0000000E+00   0.0000000E+00
   1.5590330E+03   1.0410000E+03   1.0230000E+03   0.0000000E+00   0.0000000E+00
   1.5590405E+03   1.0590000E+03   1.0500000E+03   0.0000000E+00   0.0000000E+00
   1.5590480E+03   1.0600000E+03   1.0470000E+03   0.0000000E+00   0.0000000E+00
   1.5590555E+03   9.9600000E+02   9.8000000E+02   0.0000000E+00   0.0000000E+00
   1.5590631E+03   1.0450000E+03   1.0360000E+03   0.0000000E+00   0.0000000E+00
   1.5590706E+03   1.0300000E+03   1.0170000E+03   0.0000000E+00   0.0000000E+00
   1.5590781E+03   9.9700000E+02   9.7400000E+02   0.0000000E+00   0.0000000E+00
   1.5590857E+03   9.9300000E+02   9.7800000E+02   0.0000000E+00   0.0000000E+00
   1.5590932E+03   1.0210000E+03   1.0030000E+03   0.0000000E+00   0.0000000E+00
   1.5591007E+03   9.8600000E+02   9.7800000E+02   0.0000000E+00   0.0000000E+00
   1.5591082E+03   1.0410000E+03   1.0240000E+03   0.0000000E+00   0.0000000E+00
   1.5591158E+03   9.9400000E+02   9.6800000E+02   0.0000000E+00   0.0000000E+00
   1.5591233E+03   1.0180000E+03   1.0070000E+03   0.0000000E+00   0.0000000E+00
   1.5591308E+03   1.0370000E+03   1.0170000E+03   0.0000000E+00   0.0000000E+00
   1.5591384E+03   1.0030000E+03   9.8800000E+02   0.0000000E+00   0.0000000E+00
   1.5591459E+03   1.0410000E+03   1.0280000E+03   0.0000000E+00   0.0000000E+00
   1.5591534E+03   9.8100000E+02   9.6700000E+02   0.0000000E+00   0.0000000E+00
   1.5591609E+03   9.6600000E+02   9.5400000E+02   0.0000000E+00   0.0000000E+00
   1.5591685E+03   9.2200000E+02   9.0700000E+02   0.0000000E+00   0.0000000E+00
   1.5591760E+03   1.0070000E+03   9.9300000E+02   0.0000000E+00   0.0000000E+00
   1.5591835E+03   1.0020000E+03   9.8300000E+02   0.0000000E+00   0.0000000E+00
   1.5591910E+03   9.7900000E+02   9.6200000E+02   0.0000000E+00   0.0000000E+00
   1.5591986E+03   9.7700000E+02   9.6100000E+02   0.0000000E+00   0.0000000E+00
   1.5592061E+03   1.0220000E+03   1.0090000E+03   0.0000000E+00   0.0000000E+00
   1.5592136E+03   9.4200000E+02   9.2600000E+02   0.0000000E+00   0.0000000E+00
   1.5592212E+03   1.0220000E+03   1.0030000E+03   0.0000000E+00   0.0000000E+00
   1.5592287E+03   9.9200000E+02   9.7900000E+02   0.0000000E+00   0.0000000E+00
   1.5592362E+03   9.5500000E+02   9.3900000E+02   0.0000000E+00   0.0000000E+00
   1.5592437E+03   1.0300000E+03   1.0120000E+03   0.0000000E+00   0.0000000E+00
   1.5592513E+03   9.7400000E+02   9.6100000E+02   0.0000000E+00   0.0000000E+00
   1.5592588E+03   9.3000000E+02   9.2000000E+02   0.0000000E+00   0.0000000E+00
   1.5592663E+03   9.7900000E+02   9.6300000E+02   0.0000000E+00   0.0000000E+00
   1.5592739E+03   9.7200000E+02   9.5500000E+02   0.0000000E+00   0.0000000E+00
   1.5592814E+03   9.4400000E+02   9.3500000E+02   0.0000000E+00   0.0000000E+00
   1.5592889E+03   9.6000000E+02   9.4200000E+02   0.0000000E+00   0.0000000E+00
   1.5592964E+03   9.1000000E+02   8.9300000E+02   3.8318685E-04   3.9048156E-04
   1.5593040E+03   9.7400000E+02   9.5500000E+02   0.0000000E+00   0.0000000E+00
   1.5593115E+03   9.4800000E+02   9.3000000E+02   0.0000000E+00   0.0000000E+00
   1.5593190E+03   9.5800000E+02   9.4600000E+02   0.0000000E+00   0.0000000E+00
   1.5593266E+03   9.3800000E+02   9.1700000E+02   0.0000000E+00   0.0000000E+00
   1.5593341E+03   9.6100000E+02   9.4300000E+02   0.0000000E+00   0.0000000E+00
   1.5593416E+03   9.2600000E+02   9.1700000E+02   0.0000000E+00   0.0000000E+00
   1.5593491E+03   9.7400000E+02   9.5900000E+02   0.0000000E+00   0.0000000E+00
   1.5593567E+03   9.7900000E+02   9.6200000E+02   0.0000000E+00   0.0000000E+00
   1.5593642E+03   9.5300000E+02   9.4000000E+02   0.0000000E+00   0.0000000E+00
   1.5593717E+03   9.3500000E+02   9.2200000E+02   0.0000000E+00   0.0000000E+00
   1.5593793E+03   9.7100000E+02   9.4600000E+02   0.0000000E+00   0.0000000E+00
   1.5593868E+03   8.6000000E+02   8.4600000E+02   0.0000000E+00   0.0000000E+00
   1.5593943E+03   9.3400000E+02   9.1700000E+02   0.0000000E+00   0.0000000E+00
   1.5594018E+03   9.1400000E+02   9.0700000E+02   0.0000000E+00   0.0000000E+00
   1.5594094E+03   9.3600000E+02   9.1900000E+02   0.0000000E+00   0.0000000E+00
   1.5594169E+03   9.2300000E+02   9.0500000E+02   0.0000000E+00   0.0000000E+00
   1.5594244E+03   9.1500000E+02   9.0400000E+02   0.0000000E+00   0.0000000E+00
   1.5594320E+03   9.1400000E+02   8.9900000E+02   0.0000000E+00   0.0000000E+00
   1.5594395E+03   9.1300000E+02   8.9300000E+02   0.0000000E+00   0.0000000E+00
   1.5594470E+03   9.6500000E+02   9.4700000E+02   0.0000000E+00   0.0000000E+00
   1.5594545E+03   9.1600000E+02   9.0400000E+02   0.0000000E+00   0.0000000E+00
   1.5594621E+03   9.5400000E+02   9.4400000E+02   0.0000000E+00   0.0000000E+00
   1.5594696E+03   8.4700000E+02   8.3700000E+02   0.0000000E+00   0.0000000E+00
   1.5594771E+03   8.8000000E+02   8.6200000E+02   0.0000000E+00   0.0000000E+00
   1.5594847E+03   8.3200000E+02   8.1300000E+02   0.0000000E+00   0.0000000E+00
   1.5594922E+03   9.0700000E+02   8.9100000E+02   0.0000000E+00   0.0000000E+00
   1.5594997E+03   8.8800000E+02   8.7600000E+02   0.0000000E+00   0.0000000E+00
   1.5595072E+03   9.0000000E+02   8.8200000E+02   0.0000000E+00   0.0000000E+00
   1.5595148E+03   9.1800000E+02   9.0100000E+02   0.0000000E+00   0.0000000E+00
   1.5595223E+03   8.4900000E+02   8.3900000E+02   0.0000000E+00   0.0000000E+00
   1.5595298E+03   8.4300000E+02   8.3300000E+02   0.0000000E+00   0.0000000E+00
   1.5595374E+03   8.7400000E+02   8.6100000E+02   0.0000000E+00   0.0000000E+00
   1.5595449E+03   8.4700000E+02   8.3700000E+02   0.0000000E+00   0.0000000E+00
   1.5595524E+03   8.5400000E+02   8.4000000E+02   0.0000000E+00   0.0000000E+00
   1.5595599E+03   8.4900000E+02   8.4200000E+02   0.0000000E+00   0.0000000E+00
   1.5595675E+03   8.9800000E+02   8.8000000E+02   0.0000000E+00   0.0000000E+00
   1.5595750E+03   8.6700000E+02   8.5600000E+02   0.0000000E+00   0.0000000E+00
   1.5595825E+03   9.0000000E+02   8.8400000E+02   0.0000000E+00   0.0000000E+00
   1.5595901E+03   9.2100000E+02   9.0600000E+02   0.0000000E+00   0.0000000E+00
   1.5595976E+03   8.0500000E+02   7.9200000E+02   0.0000000E+00   0.0000000E+00
   1.5596051E+03   8.9100000E+02   8.7500000E+02   0.0000000E+00   0.0000000E+00
   1.5596126E+03   8.7300000E+02   8.6400000E+02   0.0000000E+00   0.0000000E+00
   1.5596202E+03   8.2000000E+02   8.0200000E+02   0.0000000E+00   0.0000000E+00
   1.5596277E+03   8.7900000E+02   8.5700000E+02   0.0000000E+00   0.0000000E+00
   1.5596352E+03   8.6200000E+02   8.5300000E+02   0.0000000E+00   0.0000000E+00
   1.5596427E+03   8.5900000E+02   8.4800000E+02   0.0000000E+00   0.0000000E+00
   1.5596503E+03   7.9600000E+02   7.8300000E+02   0.0000000E+00   0.0000000E+00
   1.5596578E+03   8.2900000E+02   8.1500000E+02   0.0000000E+00   0.0000000E+00
   1.5596653E+03   8.1500000E+02   8.0400000E+02   0.0000000E+00   0.0000000E+00
   1.5596729E+03   8.3500000E+02   8.2500000E+02   0.0000000E+00   0.0000000E+00
   1.5596804E+03   8.1200000E+02   7.9900000E+02   0.0000000E+00   0.0000000E+00
   1.5596879E+03   8.5700000E+02   8.4300000E+02   0.0000000E+00   0.0000000E+00
   1.5596954E+03   8.1400000E+02   8.0100000E+02   0.0000000E+00   0.0000000E+00
   1.5597030E+03   7.9500000E+02   7.8900000E+02   0.0000000E+00   0.0000000E+00
   1.5597105E+03   8.3800000E+02   8.2800000E+02   0.0000000E+00   0.0000000E+00
   1.5597180E+03   8.2800000E+02   8.1800000E+02   0.0000000E+00   0.0000000E+00
   1.5597256E+03   7.8800000E+02   7.7200000E+02   0.0000000E+00   0.0000000E+00
   1.5597331E+03   8.1700000E+02   8.0800000E+02   0.0000000E+00   0.0000000E+00
   1.5597406E+03   8.0400000E+02   7.8800000E+02   0.0000000E+00   0.0000000E+00
   1.5597481E+03   8.0200000E+02   7.9100000E+02   0.0000000E+00   0.0000000E+00
   1.5597557E+03   7.6600000E+02   7.5500000E+02   0.0000000E+00   0.0000000E+00
   1.5597632E+03   8.1200000E+02   8.0700000E+02   0.0000000E+00   0.0000000E+00
   1.5597707E+03   8.2200000E+02   8.0200000E+02   0.0000000E+00   0.0000000E+00
   1.5597783E+03   8.2400000E+02   8.1200000E+02   0.0000000E+00   0.0000000E+00
   1.5597858E+03   7.5200000E+02   7.3800000E+02   0.0000000E+00   0.0000000E+00
   1.5597933E+03   8.1400000E+02   8.0000000E+02   0.0000000E+00   0.0000000E+00
   1.5598008E+03   8.2800000E+02   8.2200000E+02   0.0000000E+00   0.0000000E+00
   1.5598084E+03   7.5900000E+02   7.4100000E+02   0.0000000E+00   0.0000000E+00
   1.5598159E+03   7.5600000E+02   7.4400000E+02   0.0000000E+00   0.0000000E+00
   1.5598234E+03   7.6700000E+02   7.5800000E+02   0.0000000E+00   0.0000000E+00
   1.5598310E+03   7.9100000E+02   7.7300000E+02   0.0000000E+00   0.0000000E+00
   1.5598385E+03   8.4600000E+02   8.3000000E+02   0.0000000E+00   0.0000000E+00
   1.5598460E+03   8.0000000E+02   7.9000000E+02   0.0000000E+00   0.0000000E+00
   1.5598535E+03   7.5200000E+02   7.4400000E+02   0.0000000E+00   0.0000000E+00
   1.5598611E+03   7.3300000E+02   7.2300000E+02   0.0000000E+00   0.0000000E+00
   1.5598686E+03   8.1300000E+02   7.9500000E+02   0.0000000E+00   0.0000000E+00
   1.5598761E+03   8.2300000E+02   8.0600000E+02   0.0000000E+00   0.0000000E+00
   1.5598837E+03   8.0200000E+02   7.8800000E+02   0.0000000E+00   0.0000000E+00
   1.5598912E+03   7.3600000E+02   7.2700000E+02   0.0000000E+00   0.0000000E+00
   1.5598987E+03   7.4000000E+02   7.3000000E+02   0.0000000E+00   0.0000000E+00
   1.5599062E+03   7.6000000E+02   7.4500000E+02   0.0000000E+00   0.0000000E+00
   1.5599138E+03   7.5700000E+02   7.4700000E+02   0.0000000E+00   0.0000000E+00
   1.5599213E+03   7.5800000E+02   7.4900000E+02   0.0000000E+00   0.0000000E+00
   1.5599288E+03   7.3600000E+02   7.2400000E+02   0.0000000E+00   0.0000000E+00
   1.5599364E+03   8.1800000E+02   8.0200000E+02   0.0000000E+00   0.0000000E+00
   1.5599439E+03   8.0000000E+02   7.8600000E+02   0.0000000E+00   0.0000000E+00
   1.5599514E+03   7.4600000E+02   7.3600000E+02   0.0000000E+00   0.0000000E+00
   1.5599589E+03   7.3700000E+02   7.2200000E+02   0.0000000E+00   0.0000000E+00
   1.5599665E+03   7.7100000E+02   7.6200000E+02   0.0000000E+00   0.0000000E+00
   1.5599740E+03   7.7700000E+02   7.6900000E+02   0.0000000E+00   0.0000000E+00
   1.5599815E+03   6.4200000E+02   6.3800000E+02   0.0000000E+00   0.0000000E+00
   1.5599891E+03   7.2900000E+02   7.1900000E+02   0.0000000E+00   0.0000000E+00
   1.5599966E+03   7.3200000E+02   7.1900000E+02   0.0000000E+00   0.0000000E+00
   1.5600041E+03   6.9100000E+02   6.7900000E+02   0.0000000E+00   0.0000000E+00
   1.5600116E+03   6.9800000E+02   6.8900000E+02   0.0000000E+00   0.0000000E+00
   1.5600192E+03   6.7400000E+02   6.6300000E+02   0.0000000E+00   0.0000000E+00
   1.5600267E+03   7.2600000E+02   7.1500000E+02   0.0000000E+00   0.0000000E+00
   1.5600342E+03   7.4800000E+02   7.4000000E+02   0.0000000E+00   0.0000000E+00
   1.5600418E+03   6.5700000E+02   6.4700000E+02   0.0000000E+00   0.0000000E+00
   1.5600493E+03   7.3500000E+02   7.2500000E+02   0.0000000E+00   0.0000000E+00
   1.5600568E+03   7.3300000E+02   7.1800000E+02   0.0000000E+00   0.0000000E+00
   1.5600643E+03   6.9000000E+02   6.7800000E+02   0.0000000E+00   0.0000000E+00
   1.5600719E+03   7.5800000E+02   7.4800000E+02   0.0000000E+00   0.0000000E+00
   1.5600794E+03   7.1600000E+02   7.0800000E+02   0.0000000E+00   0.0000000E+00
   1.5600869E+03   7.1200000E+02   7.0000000E+02   0.0000000E+00   0.0000000E+00
   1.5600944E+03   7.0400000E+02   6.9100000E+02   0.0000000E+00   0.0000000E+00
   1.5601020E+03   6.7100000E+02   6.6000000E+02   0.0000000E+00   0.0000000E+00
   1.5601095E+03   7.6000000E+02   7.4400000E+02   0.0000000E+00   0.0000000E+00
   1.5601170E+03   7.1300000E+02   7.0600000E+02   0.0000000E+00   0.0000000E+00
   1.5601246E+03   7.0300000E+02   6.9300000E+02   0.0000000E+00   0.0000000E+00
   1.5601321E+03   7.0300000E+02   6.9000000E+02   0.0000000E+00   0.0000000E+00
   1.5601396E+03   7.0800000E+02   6.9900000E+02   0.0000000E+00   0.0000000E+00
   1.5601471E+03   6.7600000E+02   6.5900000E+02   0.0000000E+00   0.0000000E+00
   1.5601547E+03   6.6200000E+02   6.5300000E+02   0.0000000E+00   0.0000000E+00
   1.5601622E+03   7.5300000E+02   7.4400000E+02   0.0000000E+00   0.0000000E+00
   1.5601697E+03   7.3800000E+02   7.3000000E+02   0.0000000E+00   0.0000000E+00
   1.5601773E+03   7.2000000E+02   7.0900000E+02   0.0000000E+00   0.0000000E+00
   1.5601848E+03   6.6500000E+02   6.5500000E+02   0.0000000E+00   0.0000000E+00
   1.5601923E+03   7.0000000E+02   6.8800000E+02   0.0000000E+00   0.0000000E+00
   1.5601998E+03   6.5100000E+02   6.4000000E+02   0.0000000E+00   0.0000000E+00
   1.5602074E+03   6.4500000E+02   6.3300000E+02   0.0000000E+00   0.0000000E+00
   1.5602149E+03   7.0900000E+02   6.9400000E+02   0.0000000E+00   0.0000000E+00
   1.5602224E+03   6.9400000E+02   6.8400000E+02   0.0000000E+00   0.0000000E+00
   1.5602300E+03   6.8900000E+02   6.7800000E+02   0.0000000E+00   0.0000000E+00
   1.5602375E+03   6.4800000E+02   6.3400000E+02   0.0000000E+00   0.0000000E+00
   1.5602450E+03   6.7500000E+02   6.6000000E+02   0.0000000E+00   0.0000000E+00
   1.5602525E+03   6.7900000E+02   6.6000000E+02   0.0000000E+00   0.0000000E+00
   1.5602601E+03   6.6900000E+02   6.5800000E+02   0.0000000E+00   0.0000000E+00
   1.5602676E+03   6.6600000E+02   6.5500000E+02   0.0000000E+00   0.0000000E+00
   1.5602751E+03   6.5800000E+02   6.4700000E+02   0.0000000E+00   0.0000000E+00
   1.5602827E+03   6.7900000E+02   6.7300000E+02   0.0000000E+00   0.0000000E+00
   1.5602902E+03   6.6500000E+02   6.5400000E+02   0.0000000E+00   0.0000000E+00
   1.5602977E+03   6.9700000E+02   6.9000000E+02   0.0000000E+00   0.0000000E+00
   1.5603052E+03   7.3200000E+02   7.1100000E+02   0.0000000E+00   0.0000000E+00
   1.5603128E+03   6.4200000E+02   6.2300000E+02   0.0000000E+00   0.0000000E+00
   1.5603203E+03   6.2500000E+02   6.1000000E+02   0.0000000E+00   0.0000000E+00
   1.5603278E+03   6.2200000E+02   6.0800000E+02   0.0000000E+00   0.0000000E+00
   1.5603354E+03   6.4900000E+02   6.4300000E+02   0.0000000E+00   0.0000000E+00
   1.5603429E+03   6.6900000E+02   6.5200000E+02   0.0000000E+00   0.0000000E+00
   1.5603504E+03   6.6100000E+02   6.4900000E+02   0.0000000E+00   0.0000000E+00
   1.5603579E+03   6.4700000E+02   6.3900000E+02   0.0000000E+00   0.0000000E+00
   1.5603655E+03   6.9400000E+02   6.7700000E+02   0.0000000E+00   0.0000000E+00
   1.5603730E+03   6.2000000E+02   6.1000000E+02   0.0000000E+00   0.0000000E+00
   1.5603805E+03   6.4500000E+02   6.3700000E+02   0.0000000E+00   0.0000000E+00
   1.5603881E+03   6.0400000E+02   5.9100000E+02   0.0000000E+00   0.0000000E+00
   1.5603956E+03   6.5300000E+02   6.4200000E+02   0.0000000E+00   0.0000000E+00
   1.5604031E+03   6.0700000E+02   5.9600000E+02   0.0000000E+00   0.0000000E+00
   1.5604106E+03   5.9200000E+02   5.8200000E+02   0.0000000E+00   0.0000000E+00
   1.5604182E+03   6.1900000E+02   6.0800000E+02   0.0000000E+00   0.0000000E+00
   1.5604257E+03   6.4600000E+02   6.3200000E+02   0.0000000E+00   0.0000000E+00
   1.5604332E+03   6.4000000E+02   6.2600000E+02   0.0000000E+00   0.0000000E+00
   1.5604408E+03   6.5200000E+02   6.4100000E+02   0.0000000E+00   0.0000000E+00
   1.5604483E+03   6.3100000E+02   6.1800000E+02   0.0000000E+00   0.0000000E+00
   1.5604558E+03   6.2400000E+02   6.1300000E+02   0.0000000E+00   0.0000000E+00
   1.5604633E+03   5.9100000E+02   5.8400000E+02   0.0000000E+00   0.0000000E+00
   1.5604709E+03   6.1700000E+02   6.0600000E+02   0.0000000E+00   0.0000000E+00
   1.5604784E+03   6.3900000E+02   6.3100000E+02   0.0000000E+00   0.0000000E+00
   1.5604859E+03   6.1100000E+02   6.0500000E+02   0.0000000E+00   0.0000000E+00
   1.5604935E+03   5.9100000E+02   5.8200000E+02   0.0000000E+00   0.0000000E+00
   1.5605010E+03   5.6600000E+02   5.5700000E+02   0.0000000E+00   0.0000000E+00
   1.5605085E+03   6.1000000E+02   5.9800000E+02   0.0000000E+00   0.0000000E+00
   1.5605160E+03   5.8800000E+02   5.7900000E+02   0.0000000E+00   0.0000000E+00
   1.5605236E+03   5.8700000E+02   5.8000000E+02   0.0000000E+00   0.0000000E+00
   1.5605311E+03   6.4600000E+02   6.3400000E+02   0.0000000E+00   0.0000000E+00
   1.5605386E+03   5.6800000E+02   5.5800000E+02   0.0000000E+00   0.0000000E+00
   1.5605461E+03   5.9300000E+02   5.8100000E+02   0.0000000E+00   0.0000000E+00
   1.5605537E+03   6.0400000E+02   5.9800000E+02   0.0000000E+00   0.0000000E+00
   1.5605612E+03   5.8100000E+02   5.7000000E+02   0.0000000E+00   0.0000000E+00
   1.5605687E+03   5.9700000E+02   5.9000000E+02   0.0000000E+00   0.0000000E+00
   1.5605763E+03   5.7800000E+02   5.7300000E+02   0.0000000E+00   0.0000000E+00
   1.5605838E+03   6.1500000E+02   6.0500000E+02   0.0000000E+00   0.0000000E+00
   1.5605913E+03   5.8600000E+02   5.7700000E+02   0.0000000E+00   0.0000000E+00
   1.5605988E+03   6.0600000E+02   5.9500000E+02   0.0000000E+00   0.0000000E+00
   1.5606064E+03   5.8600000E+02   5.7500000E+02   0.0000000E+00   0.0000000E+00
   1.5606139E+03   5.8500000E+02   5.7200000E+02   0.0000000E+00   0.0000000E+00
   1.5606214E+03   5.6800000E+02   5.6300000E+02   0.0000000E+00   0.0000000E+00
   1.5606290E+03   5.6100000E+02   5.5300000E+02   0.0000000E+00   0.0000000E+00
   1.5606365E+03   5.6300000E+02   5.5400000E+02   0.0000000E+00   0.0000000E+00
   1.5606440E+03   5.7200000E+02   5.6000000E+02   0.0000000E+00   0.0000000E+00
   1.5606515E+03   5.9500000E+02   5.8600000E+02   0.0000000E+00   0.0000000E+00
   1.5606591E+03   5.9300000E+02   5.8500000E+02   0.0000000E+00   0.0000000E+00
   1.5606666E+03   6.1200000E+02   6.0100000E+02   0.0000000E+00   0.0000000E+00
   1.5606741E+03   5.8100000E+02   5.6700000E+02   0.0000000E+00   0.0000000E+00
   1.5606817E+03   5.5900000E+02   5.5000000E+02   0.0000000E+00   0.0000000E+00
   1.5606892E+03   5.0900000E+02   4.9700000E+02   0.0000000E+00   0.0000000E+00
   1.5606967E+03   5.4900000E+02   5.3700000E+02   0.0000000E+00   0.0000000E+00
   1.5607042E+03   5.8000000E+02   5.7000000E+02   0.0000000E+00   0.0000000E+00
   1.5607118E+03   5.8900000E+02   5.7700000E+02   0.0000000E+00   0.0000000E+00
   1.5607193E+03   5.4800000E+02   5.3600000E+02   0.0000000E+00   0.0000000E+00
   1.5607268E+03   5.6300000E+02   5.5400000E+02   0.0000000E+00   0.0000000E+00
   1.5607344E+03   5.7900000E+02   5.7100000E+02   0.0000000E+00   0.0000000E+00
   1.5607419E+03   5.7100000E+02   5.6600000E+02   0.0000000E+00   0.0000000E+00
   1.5607494E+03   5.9500000E+02   5.8000000E+02   0.0000000E+00   0.0000000E+00
   1.5607569E+03   5.4600000E+02   5.3900000E+02   0.0000000E+00   0.0000000E+00
   1.5607645E+03   5.4400000E+02   5.3800000E+02   0.0000000E+00   0.0000000E+00
   1.5607720E+03   5.1100000E+02   5.0300000E+02   0.0000000E+00   0.0000000E+00
