  -4.9933333E+00   2.4000000E+01   6.0000000E+00   0.0000000E+00   3.0000000E+00
  -4.9866667E+00   2.2000000E+01   6.0000000E+00   0.0000000E+00   2.0000000E+00
  -4.9800000E+00   2.4000000E+01   1.0000000E+01   0.0000000E+00   3.0000000E+00
  -4.9733333E+00   2.6000000E+01   5.0000000E+00   0.0000000E+00   3.0000000E+00
  -4.9666667E+00   2.9000000E+01   1.0000000E+01   0.0000000E+00   4.0000000E+00
  -4.9600000E+00   1.9000000E+01   1.0000000E+01   0.0000000E+00   3.0000000E+00
  -4.9533333E+00   2.8000000E+01   8.0000000E+00   0.0000000E+00   0.0000000E+00
  -4.9466667E+00   1.9000000E+01   6.0000000E+00   0.0000000E+00   3.0000000E+00
  -4.9400000E+00   3.3000000E+01   8.0000000E+00   0.0000000E+00   4.0000000E+00
  -4.9333333E+00   1.9000000E+01   6.0000000E+00   0.0000000E+00   5.0000000E+00
  -4.9266667E+00   2.8000000E+01   1.0000000E+01   0.0000000E+00   5.0000000E+00
  -4.9200000E+00   2.8000000E+01   1.0000000E+01   0.0000000E+00   5.0000000E+00
  -4.9133333E+00   3.1000000E+01   1.0000000E+01   0.0000000E+00   2.0000000E+00
  -4.9066667E+00   2.9000000E+01   1.0000000E+01   0.0000000E+00   4.0000000E+00
  -4.9000000E+00   2.4000000E+01   6.0000000E+00   0.0000000E+00   4.0000000E+00
  -4.8933333E+00   2.0000000E+01   9.0000000E+00   0.0000000E+00   5.0000000E+00
  -4.8866667E+00   3.8000000E+01   1.2000000E+01   0.0000000E+00   7.0000000E+00
  -4.8800000E+00   3.2000000E+01   1.0000000E+01   0.0000000E+00   5.0000000E+00
  -4.8733333E+00   3.1000000E+01   1.3000000E+01   0.0000000E+00   5.0000000E+00
  -4.8666667E+00   3.0000000E+01   9.0000000E+00   0.0000000E+00   3.0000000E+00
  -4.8600000E+00   2.9000000E+01   1.1000000E+01   0.0000000E+00   5.0000000E+00
  -4.8533333E+00   3.9000000E+01   2.1000000E+01   0.0000000E+00   1.1000000E+01
  -4.8466667E+00   3.4000000E+01   4.0000000E+00   0.0000000E+00   2.0000000E+00
  -4.8400000E+00   3.4000000E+01   1.6000000E+01   0.0000000E+00   8.0000000E+00
  -4.8333333E+00   3.6000000E+01   5.0000000E+00   0.0000000E+00   2.0000000E+00
  -4.8266667E+00   5.0000000E+01   5.0000000E+00   0.0000000E+00   2.0000000E+00
  -4.8200000E+00   4.0000000E+01   1.7000000E+01   0.0000000E+00   9.0000000E+00
  -4.8133333E+00   3.9000000E+01   1.1000000E+01   0.0000000E+00   6.0000000E+00
  -4.8066667E+00   4.5000000E+01   1.1000000E+01   0.0000000E+00   5.0000000E+00
  -4.8000000E+00   3.3000000E+01   2.2000000E+01   0.0000000E+00   1.3000000E+01
  -4.7933333E+00   3.8000000E+01   1.1000000E+01   0.0000000E+00   8.0000000E+00
  -4.7866667E+00   3.7000000E+01   2.0000000E+01   0.0000000E+00   9.0000000E+00
  -4.7800000E+00   5.6000000E+01   1.4000000E+01   0.0000000E+00   5.0000000E+00
  -4.7733333E+00   4.3000000E+01   1.4000000E+01   0.0000000E+00   7.0000000E+00
  -4.7666667E+00   3.8000000E+01   1.8000000E+01   0.0000000E+00   1.0000000E+01
  -4.7600000E+00   4.3000000E+01   1.5000000E+01   0.0000000E+00   6.0000000E+00
  -4.7533333E+00   5.4000000E+01   1.2000000E+01   0.0000000E+00   5.0000000E+00
  -4.7466667E+00   4.4000000E+01   1.7000000E+01   0.0000000E+00   7.0000000E+00
  -4.7400000E+00   4.2000000E+01   2.1000000E+01   0.0000000E+00   1.1000000E+01
  -4.7333333E+00   5.3000000E+01   1.3000000E+01   0.0000000E+00   6.0000000E+00
  -4.7266667E+00   3.3000000E+01   1.8000000E+01   0.0000000E+00   1.0000000E+01
  -4.7200000E+00   4.3000000E+01   1.7000000E+01   0.0000000E+00   8.0000000E+00
  -4.7133333E+00   4.3000000E+01   1.8000000E+01   0.0000000E+00   9.0000000E+00
  -4.7066667E+00   4.3000000E+01   1.7000000E+01   0.0000000E+00   9.0000000E+00
  -4.7000000E+00   4.6000000E+01   1.6000000E+01   0.0000000E+00   1.0000000E+01
  -4.6933333E+00   4.6000000E+01   1.9000000E+01   0.0000000E+00   8.0000000E+00
  -4.6866667E+00   4.9000000E+01   2.7000000E+01   0.0000000E+00   1.1000000E+01
  -4.6800000E+00   4.8000000E+01   2.6000000E+01   0.0000000E+00   9.0000000E+00
  -4.6733333E+00   7.1000000E+01   2.1000000E+01   0.0000000E+00   1.1000000E+01
  -4.6666667E+00   5.1000000E+01   3.1000000E+01   0.0000000E+00   1.2000000E+01
  -4.6600000E+00   4.8000000E+01   1.1000000E+01   0.0000000E+00   5.0000000E+00
  -4.6533333E+00   5.7000000E+01   2.1000000E+01   0.0000000E+00   6.0000000E+00
  -4.6466667E+00   6.2000000E+01   2.1000000E+01   0.0000000E+00   1.0000000E+01
  -4.6400000E+00   4.5000000E+01   2.8000000E+01   0.0000000E+00   1.5000000E+01
  -4.6333333E+00   4.6000000E+01   2.4000000E+01   0.0000000E+00   1.1000000E+01
  -4.6266667E+00   5.0000000E+01   3.1000000E+01   0.0000000E+00   1.4000000E+01
  -4.6200000E+00   5.3000000E+01   2.0000000E+01   0.0000000E+00   9.0000000E+00
  -4.6133333E+00   5.6000000E+01   3.1000000E+01   0.0000000E+00   1.6000000E+01
  -4.6066667E+00   6.9000000E+01   2.2000000E+01   0.0000000E+00   9.0000000E+00
  -4.6000000E+00   7.6000000E+01   2.2000000E+01   0.0000000E+00   9.0000000E+00
  -4.5933333E+00   4.9000000E+01   3.1000000E+01   0.0000000E+00   1.1000000E+01
  -4.5866667E+00   7.4000000E+01   2.9000000E+01   0.0000000E+00   1.0000000E+01
  -4.5800000E+00   7.0000000E+01   3.1000000E+01   0.0000000E+00   1.5000000E+01
  -4.5733333E+00   6.4000000E+01   1.8000000E+01   0.0000000E+00   7.0000000E+00
  -4.5666667E+00   7.1000000E+01   2.4000000E+01   0.0000000E+00   1.1000000E+01
  -4.5600000E+00   6.4000000E+01   3.0000000E+01   0.0000000E+00   1.5000000E+01
  -4.5533333E+00   8.5000000E+01   2.7000000E+01   0.0000000E+00   1.3000000E+01
  -4.5466667E+00   8.3000000E+01   3.0000000E+01   0.0000000E+00   1.4000000E+01
  -4.5400000E+00   7.1000000E+01   3.8000000E+01   0.0000000E+00   1.5000000E+01
  -4.5333333E+00   7.2000000E+01   2.9000000E+01   0.0000000E+00   1.3000000E+01
  -4.5266667E+00   7.1000000E+01   3.0000000E+01   0.0000000E+00   1.4000000E+01
  -4.5200000E+00   6.4000000E+01   1.6000000E+01   0.0000000E+00   1.2000000E+01
  -4.5133333E+00   7.4000000E+01   3.8000000E+01   0.0000000E+00   2.0000000E+01
  -4.5066667E+00   7.2000000E+01   4.2000000E+01   0.0000000E+00   2.4000000E+01
  -4.5000000E+00   9.8000000E+01   4.0000000E+01   0.0000000E+00   1.4000000E+01
  -4.4933333E+00   1.0500000E+02   3.4000000E+01   0.0000000E+00   1.6000000E+01
  -4.4866667E+00   7.5000000E+01   4.5000000E+01   0.0000000E+00   2.5000000E+01
  -4.4800000E+00   1.1400000E+02   3.3000000E+01   0.0000000E+00   1.4000000E+01
  -4.4733333E+00   1.0700000E+02   4.0000000E+01   0.0000000E+00   2.0000000E+01
  -4.4666667E+00   8.9000000E+01   4.0000000E+01   0.0000000E+00   1.9000000E+01
  -4.4600000E+00   8.5000000E+01   5.7000000E+01   0.0000000E+00   2.7000000E+01
  -4.4533333E+00   1.0500000E+02   3.6000000E+01   0.0000000E+00   1.7000000E+01
  -4.4466667E+00   9.6000000E+01   4.1000000E+01   0.0000000E+00   2.2000000E+01
  -4.4400000E+00   8.0000000E+01   5.2000000E+01   0.0000000E+00   2.1000000E+01
  -4.4333333E+00   9.7000000E+01   4.5000000E+01   0.0000000E+00   1.6000000E+01
  -4.4266667E+00   1.0600000E+02   3.8000000E+01   0.0000000E+00   1.2000000E+01
  -4.4200000E+00   9.3000000E+01   4.4000000E+01   0.0000000E+00   1.8000000E+01
  -4.4133333E+00   1.1600000E+02   4.3000000E+01   0.0000000E+00   1.9000000E+01
  -4.4066667E+00   1.2100000E+02   4.2000000E+01   0.0000000E+00   2.1000000E+01
  -4.4000000E+00   1.0100000E+02   4.5000000E+01   0.0000000E+00   1.8000000E+01
  -4.3933333E+00   1.1500000E+02   4.2000000E+01   0.0000000E+00   1.9000000E+01
  -4.3866667E+00   1.1600000E+02   5.1000000E+01   0.0000000E+00   1.7000000E+01
  -4.3800000E+00   1.1900000E+02   5.0000000E+01   0.0000000E+00   2.2000000E+01
  -4.3733333E+00   8.9000000E+01   6.1000000E+01   0.0000000E+00   2.1000000E+01
  -4.3666667E+00   1.1900000E+02   3.2000000E+01   0.0000000E+00   1.4000000E+01
  -4.3600000E+00   1.1700000E+02   6.0000000E+01   0.0000000E+00   2.7000000E+01
  -4.3533333E+00   1.0200000E+02   6.1000000E+01   0.0000000E+00   2.3000000E+01
  -4.3466667E+00   1.2700000E+02   6.3000000E+01   0.0000000E+00   3.0000000E+01
  -4.3400000E+00   1.3200000E+02   6.5000000E+01   0.0000000E+00   2.2000000E+01
  -4.3333333E+00   1.4700000E+02   6.0000000E+01   0.0000000E+00   2.6000000E+01
  -4.3266667E+00   1.2800000E+02   5.5000000E+01   0.0000000E+00   2.5000000E+01
  -4.3200000E+00   1.2300000E+02   4.9000000E+01   0.0000000E+00   1.6000000E+01
  -4.3133333E+00   1.2800000E+02   5.1000000E+01   0.0000000E+00   2.2000000E+01
  -4.3066667E+00   1.2900000E+02   6.1000000E+01   0.0000000E+00   2.0000000E+01
  -4.3000000E+00   1.2300000E+02   7.1000000E+01   0.0000000E+00   2.6000000E+01
  -4.2933333E+00   1.4600000E+02   5.6000000E+01   0.0000000E+00   1.9000000E+01
  -4.2866667E+00   1.2800000E+02   5.9000000E+01   0.0000000E+00   1.6000000E+01
  -4.2800000E+00   1.2200000E+02   4.8000000E+01   0.0000000E+00   1.1000000E+01
  -4.2733333E+00   1.2900000E+02   7.4000000E+01   0.0000000E+00   2.9000000E+01
  -4.2666667E+00   1.4100000E+02   5.5000000E+01   0.0000000E+00   1.3000000E+01
  -4.2600000E+00   1.2900000E+02   7.6000000E+01   0.0000000E+00   2.7000000E+01
  -4.2533333E+00   1.4800000E+02   7.9000000E+01   0.0000000E+00   2.2000000E+01
  -4.2466667E+00   1.3300000E+02   6.2000000E+01   0.0000000E+00   2.0000000E+01
  -4.2400000E+00   1.7400000E+02   7.8000000E+01   0.0000000E+00   1.7000000E+01
  -4.2333333E+00   1.7600000E+02   7.8000000E+01   0.0000000E+00   2.2000000E+01
  -4.2266667E+00   1.5900000E+02   5.7000000E+01   0.0000000E+00   1.4000000E+01
  -4.2200000E+00   1.5800000E+02   6.3000000E+01   0.0000000E+00   1.8000000E+01
  -4.2133333E+00   1.6100000E+02   7.6000000E+01   0.0000000E+00   2.5000000E+01
  -4.2066667E+00   1.8200000E+02   8.0000000E+01   0.0000000E+00   2.6000000E+01
  -4.2000000E+00   1.9200000E+02   6.2000000E+01   0.0000000E+00   1.6000000E+01
  -4.1933333E+00   1.8400000E+02   8.7000000E+01   0.0000000E+00   3.2000000E+01
  -4.1866667E+00   2.0500000E+02   8.6000000E+01   0.0000000E+00   2.7000000E+01
  -4.1800000E+00   1.7700000E+02   7.7000000E+01   0.0000000E+00   2.2000000E+01
  -4.1733333E+00   1.7900000E+02   8.3000000E+01   0.0000000E+00   2.5000000E+01
  -4.1666667E+00   2.0100000E+02   8.0000000E+01   0.0000000E+00   2.6000000E+01
  -4.1600000E+00   1.8400000E+02   9.5000000E+01   0.0000000E+00   3.3000000E+01
  -4.1533333E+00   2.0700000E+02   1.0200000E+02   0.0000000E+00   3.1000000E+01
  -4.1466667E+00   2.0000000E+02   7.9000000E+01   0.0000000E+00   2.5000000E+01
  -4.1400000E+00   2.0800000E+02   9.9000000E+01   0.0000000E+00   3.2000000E+01
  -4.1333333E+00   2.1600000E+02   9.5000000E+01   0.0000000E+00   3.3000000E+01
  -4.1266667E+00   2.0900000E+02   8.5000000E+01   0.0000000E+00   3.2000000E+01
  -4.1200000E+00   1.9600000E+02   1.1300000E+02   0.0000000E+00   3.2000000E+01
  -4.1133333E+00   2.2800000E+02   1.0700000E+02   0.0000000E+00   3.0000000E+01
  -4.1066667E+00   2.0500000E+02   1.0000000E+02   0.0000000E+00   3.2000000E+01
  -4.1000000E+00   1.7700000E+02   9.0000000E+01   0.0000000E+00   2.6000000E+01
  -4.0933333E+00   2.1200000E+02   1.2400000E+02   0.0000000E+00   3.0000000E+01
  -4.0866667E+00   2.1300000E+02   1.0100000E+02   0.0000000E+00   2.7000000E+01
  -4.0800000E+00   2.0900000E+02   1.0400000E+02   0.0000000E+00   2.0000000E+01
  -4.0733333E+00   2.1100000E+02   9.9000000E+01   0.0000000E+00   2.4000000E+01
  -4.0666667E+00   2.0800000E+02   1.0300000E+02   0.0000000E+00   3.5000000E+01
  -4.0600000E+00   2.1900000E+02   1.0500000E+02   0.0000000E+00   2.9000000E+01
  -4.0533333E+00   2.3800000E+02   1.1700000E+02   0.0000000E+00   3.2000000E+01
  -4.0466667E+00   2.3800000E+02   1.2000000E+02   0.0000000E+00   3.8000000E+01
  -4.0400000E+00   2.3200000E+02   1.2800000E+02   0.0000000E+00   3.3000000E+01
  -4.0333333E+00   2.3700000E+02   1.0200000E+02   0.0000000E+00   2.4000000E+01
  -4.0266667E+00   2.6900000E+02   1.2800000E+02   0.0000000E+00   3.3000000E+01
  -4.0200000E+00   2.5900000E+02   1.3900000E+02   0.0000000E+00   3.6000000E+01
  -4.0133333E+00   2.4500000E+02   1.1600000E+02   0.0000000E+00   2.4000000E+01
  -4.0066667E+00   2.7800000E+02   1.0800000E+02   0.0000000E+00   3.1000000E+01
  -4.0000000E+00   2.5800000E+02   1.2900000E+02   0.0000000E+00   2.6000000E+01
  -3.9933333E+00   2.6100000E+02   1.3800000E+02   0.0000000E+00   4.2000000E+01
  -3.9866667E+00   2.8200000E+02   1.2700000E+02   0.0000000E+00   3.3000000E+01
  -3.9800000E+00   2.9500000E+02   1.3800000E+02   0.0000000E+00   2.5000000E+01
  -3.9733333E+00   2.7700000E+02   1.4000000E+02   0.0000000E+00   3.5000000E+01
  -3.9666667E+00   2.8000000E+02   1.3500000E+02   0.0000000E+00   3.6000000E+01
  -3.9600000E+00   2.9900000E+02   1.3900000E+02   0.0000000E+00   2.7000000E+01
  -3.9533333E+00   2.9800000E+02   1.4700000E+02   0.0000000E+00   2.9000000E+01
  -3.9466667E+00   3.0200000E+02   1.4600000E+02   0.0000000E+00   3.0000000E+01
  -3.9400000E+00   2.8900000E+02   1.3400000E+02   0.0000000E+00   3.3000000E+01
  -3.9333333E+00   3.2300000E+02   1.4700000E+02   0.0000000E+00   4.5000000E+01
  -3.9266667E+00   3.2500000E+02   1.4000000E+02   0.0000000E+00   3.1000000E+01
  -3.9200000E+00   3.2800000E+02   1.6200000E+02   0.0000000E+00   2.8000000E+01
  -3.9133333E+00   3.0800000E+02   1.5100000E+02   0.0000000E+00   3.5000000E+01
  -3.9066667E+00   3.2600000E+02   1.6100000E+02   0.0000000E+00   3.6000000E+01
  -3.9000000E+00   3.3000000E+02   1.5100000E+02   0.0000000E+00   2.5000000E+01
  -3.8933333E+00   3.3700000E+02   1.5900000E+02   0.0000000E+00   2.9000000E+01
  -3.8866667E+00   3.0900000E+02   1.8800000E+02   0.0000000E+00   3.8000000E+01
  -3.8800000E+00   3.4200000E+02   1.6100000E+02   0.0000000E+00   3.9000000E+01
  -3.8733333E+00   3.4100000E+02   1.7000000E+02   0.0000000E+00   3.9000000E+01
  -3.8666667E+00   3.9100000E+02   1.5700000E+02   0.0000000E+00   2.7000000E+01
  -3.8600000E+00   3.6000000E+02   1.7700000E+02   0.0000000E+00   3.4000000E+01
  -3.8533333E+00   3.3900000E+02   1.9700000E+02   0.0000000E+00   3.9000000E+01
  -3.8466667E+00   3.7400000E+02   2.0000000E+02   0.0000000E+00   4.4000000E+01
  -3.8400000E+00   3.6500000E+02   1.7500000E+02   0.0000000E+00   2.9000000E+01
  -3.8333333E+00   3.8000000E+02   1.7100000E+02   0.0000000E+00   3.7000000E+01
  -3.8266667E+00   3.9900000E+02   1.7600000E+02   0.0000000E+00   2.7000000E+01
  -3.8200000E+00   3.8300000E+02   1.7500000E+02   0.0000000E+00   3.2000000E+01
  -3.8133333E+00   3.9000000E+02   1.6400000E+02   0.0000000E+00   2.1000000E+01
  -3.8066667E+00   3.9100000E+02   1.8800000E+02   0.0000000E+00   2.6000000E+01
  -3.8000000E+00   4.0400000E+02   1.7500000E+02   0.0000000E+00   3.8000000E+01
  -3.7933333E+00   4.0900000E+02   1.9900000E+02   0.0000000E+00   3.8000000E+01
  -3.7866667E+00   4.2200000E+02   1.9000000E+02   0.0000000E+00   3.3000000E+01
  -3.7800000E+00   4.0800000E+02   2.0600000E+02   0.0000000E+00   3.6000000E+01
  -3.7733333E+00   4.0400000E+02   2.5500000E+02   0.0000000E+00   4.0000000E+01
  -3.7666667E+00   4.1500000E+02   2.1800000E+02   0.0000000E+00   3.3000000E+01
  -3.7600000E+00   4.3400000E+02   2.0000000E+02   0.0000000E+00   3.3000000E+01
  -3.7533333E+00   4.3000000E+02   2.2100000E+02   0.0000000E+00   4.2000000E+01
  -3.7466667E+00   4.5500000E+02   2.1200000E+02   0.0000000E+00   3.4000000E+01
  -3.7400000E+00   4.8800000E+02   2.2000000E+02   0.0000000E+00   4.7000000E+01
  -3.7333333E+00   4.7900000E+02   2.2100000E+02   0.0000000E+00   4.2000000E+01
  -3.7266667E+00   5.1600000E+02   2.3100000E+02   0.0000000E+00   3.8000000E+01
  -3.7200000E+00   4.4200000E+02   2.4800000E+02   0.0000000E+00   3.7000000E+01
  -3.7133333E+00   4.5900000E+02   2.4600000E+02   0.0000000E+00   4.2000000E+01
  -3.7066667E+00   4.8500000E+02   2.6100000E+02   0.0000000E+00   5.1000000E+01
  -3.7000000E+00   4.7500000E+02   2.4900000E+02   0.0000000E+00   4.1000000E+01
  -3.6933333E+00   5.0500000E+02   2.7000000E+02   0.0000000E+00   4.6000000E+01
  -3.6866667E+00   5.1600000E+02   2.4400000E+02   0.0000000E+00   4.0000000E+01
  -3.6800000E+00   4.9800000E+02   2.3100000E+02   0.0000000E+00   4.2000000E+01
  -3.6733333E+00   5.2800000E+02   2.4500000E+02   0.0000000E+00   3.8000000E+01
  -3.6666667E+00   5.5200000E+02   2.8300000E+02   0.0000000E+00   4.7000000E+01
  -3.6600000E+00   5.3300000E+02   2.6400000E+02   0.0000000E+00   3.5000000E+01
  -3.6533333E+00   5.5000000E+02   2.9200000E+02   0.0000000E+00   2.7000000E+01
  -3.6466667E+00   5.8000000E+02   2.7200000E+02   0.0000000E+00   3.4000000E+01
  -3.6400000E+00   5.4700000E+02   2.6400000E+02   0.0000000E+00   4.2000000E+01
  -3.6333333E+00   5.8200000E+02   2.7600000E+02   0.0000000E+00   3.4000000E+01
  -3.6266667E+00   5.4500000E+02   2.8000000E+02   0.0000000E+00   4.7000000E+01
  -3.6200000E+00   5.7200000E+02   2.6000000E+02   0.0000000E+00   4.5000000E+01
  -3.6133333E+00   5.6100000E+02   2.9000000E+02   0.0000000E+00   4.3000000E+01
  -3.6066667E+00   5.7600000E+02   2.7400000E+02   0.0000000E+00   3.8000000E+01
  -3.6000000E+00   5.2800000E+02   3.1700000E+02   0.0000000E+00   4.5000000E+01
  -3.5933333E+00   6.4200000E+02   2.8300000E+02   0.0000000E+00   3.9000000E+01
  -3.5866667E+00   5.9300000E+02   2.9400000E+02   0.0000000E+00   3.1000000E+01
  -3.5800000E+00   5.8900000E+02   2.8100000E+02   0.0000000E+00   3.1000000E+01
  -3.5733333E+00   6.6000000E+02   3.1000000E+02   0.0000000E+00   4.1000000E+01
  -3.5666667E+00   6.4300000E+02   2.8600000E+02   0.0000000E+00   4.0000000E+01
  -3.5600000E+00   6.5600000E+02   3.2400000E+02   0.0000000E+00   3.7000000E+01
  -3.5533333E+00   6.9800000E+02   3.2000000E+02   0.0000000E+00   4.0000000E+01
  -3.5466667E+00   6.5900000E+02   3.0800000E+02   0.0000000E+00   3.8000000E+01
  -3.5400000E+00   7.1400000E+02   3.3400000E+02   0.0000000E+00   4.5000000E+01
  -3.5333333E+00   6.9600000E+02   3.4200000E+02   0.0000000E+00   4.3000000E+01
  -3.5266667E+00   7.1800000E+02   3.2000000E+02   0.0000000E+00   3.0000000E+01
  -3.5200000E+00   6.4000000E+02   3.4400000E+02   0.0000000E+00   4.4000000E+01
  -3.5133333E+00   7.0300000E+02   3.6200000E+02   0.0000000E+00   4.1000000E+01
  -3.5066667E+00   7.2000000E+02   3.6000000E+02   0.0000000E+00   5.1000000E+01
  -3.5000000E+00   7.1600000E+02   3.3600000E+02   0.0000000E+00   3.3000000E+01
  -3.4933333E+00   7.4600000E+02   3.6600000E+02   0.0000000E+00   4.4000000E+01
  -3.4866667E+00   7.2000000E+02   4.0000000E+02   0.0000000E+00   4.8000000E+01
  -3.4800000E+00   7.4300000E+02   3.6000000E+02   0.0000000E+00   4.8000000E+01
  -3.4733333E+00   7.3100000E+02   3.6800000E+02   0.0000000E+00   4.0000000E+01
  -3.4666667E+00   7.7400000E+02   3.8500000E+02   0.0000000E+00   5.8000000E+01
  -3.4600000E+00   7.5700000E+02   4.0900000E+02   0.0000000E+00   6.9000000E+01
  -3.4533333E+00   7.7400000E+02   3.5700000E+02   0.0000000E+00   5.0000000E+01
  -3.4466667E+00   8.0500000E+02   3.8900000E+02   0.0000000E+00   4.1000000E+01
  -3.4400000E+00   8.0700000E+02   4.0300000E+02   0.0000000E+00   5.5000000E+01
  -3.4333333E+00   7.7000000E+02   4.1000000E+02   0.0000000E+00   5.0000000E+01
  -3.4266667E+00   8.6000000E+02   4.1000000E+02   0.0000000E+00   4.5000000E+01
  -3.4200000E+00   8.0300000E+02   3.8400000E+02   0.0000000E+00   3.8000000E+01
  -3.4133333E+00   8.2200000E+02   4.3000000E+02   0.0000000E+00   4.5000000E+01
  -3.4066667E+00   8.9700000E+02   3.9300000E+02   0.0000000E+00   5.4000000E+01
  -3.4000000E+00   8.7000000E+02   4.4000000E+02   0.0000000E+00   5.2000000E+01
  -3.3933333E+00   9.1000000E+02   4.1100000E+02   0.0000000E+00   5.0000000E+01
  -3.3866667E+00   8.4000000E+02   4.6900000E+02   0.0000000E+00   5.2000000E+01
  -3.3800000E+00   8.5500000E+02   4.3400000E+02   0.0000000E+00   4.0000000E+01
  -3.3733333E+00   8.6300000E+02   4.6600000E+02   0.0000000E+00   6.0000000E+01
  -3.3666667E+00   8.5500000E+02   4.1500000E+02   0.0000000E+00   5.4000000E+01
  -3.3600000E+00   8.9900000E+02   4.4700000E+02   0.0000000E+00   4.4000000E+01
  -3.3533333E+00   9.5900000E+02   5.1800000E+02   0.0000000E+00   6.0000000E+01
  -3.3466667E+00   9.6700000E+02   4.4400000E+02   0.0000000E+00   5.9000000E+01
  -3.3400000E+00   9.3800000E+02   4.6600000E+02   0.0000000E+00   6.0000000E+01
  -3.3333333E+00   9.2800000E+02   4.6800000E+02   0.0000000E+00   5.0000000E+01
  -3.3266667E+00   9.6300000E+02   4.7400000E+02   0.0000000E+00   4.3000000E+01
  -3.3200000E+00   1.0160000E+03   4.7300000E+02   0.0000000E+00   4.7000000E+01
  -3.3133333E+00   1.0880000E+03   4.6200000E+02   1.0000000E+00   4.9000000E+01
  -3.3066667E+00   9.7500000E+02   5.3800000E+02   0.0000000E+00   5.6000000E+01
  -3.3000000E+00   1.0620000E+03   5.1100000E+02   0.0000000E+00   5.1000000E+01
  -3.2933333E+00   1.0320000E+03   4.7000000E+02   0.0000000E+00   3.6000000E+01
  -3.2866667E+00   1.0500000E+03   5.5600000E+02   0.0000000E+00   5.6000000E+01
  -3.2800000E+00   9.9200000E+02   5.4000000E+02   0.0000000E+00   4.8000000E+01
  -3.2733333E+00   1.0200000E+03   5.3800000E+02   0.0000000E+00   5.4000000E+01
  -3.2666667E+00   1.0610000E+03   5.2700000E+02   0.0000000E+00   4.4000000E+01
  -3.2600000E+00   1.0630000E+03   5.2300000E+02   0.0000000E+00   4.9000000E+01
  -3.2533333E+00   1.0510000E+03   5.3700000E+02   0.0000000E+00   4.8000000E+01
  -3.2466667E+00   1.0820000E+03   5.8000000E+02   0.0000000E+00   5.2000000E+01
  -3.2400000E+00   1.1730000E+03   5.6800000E+02   0.0000000E+00   4.7000000E+01
  -3.2333333E+00   1.1760000E+03   5.8900000E+02   0.0000000E+00   4.5000000E+01
  -3.2266667E+00   1.1040000E+03   5.9700000E+02   0.0000000E+00   4.4000000E+01
  -3.2200000E+00   1.1330000E+03   5.7300000E+02   0.0000000E+00   5.0000000E+01
  -3.2133333E+00   1.1860000E+03   6.1800000E+02   0.0000000E+00   5.1000000E+01
  -3.2066667E+00   1.1640000E+03   5.7700000E+02   0.0000000E+00   6.1000000E+01
  -3.2000000E+00   1.1800000E+03   6.2200000E+02   1.0000000E+00   5.2000000E+01
  -3.1933333E+00   1.1590000E+03   6.2600000E+02   0.0000000E+00   5.3000000E+01
  -3.1866667E+00   1.2120000E+03   5.6200000E+02   0.0000000E+00   4.5000000E+01
  -3.1800000E+00   1.2490000E+03   6.0400000E+02   0.0000000E+00   5.2000000E+01
  -3.1733333E+00   1.2310000E+03   6.8900000E+02   0.0000000E+00   4.6000000E+01
  -3.1666667E+00   1.2380000E+03   6.5900000E+02   0.0000000E+00   4.5000000E+01
  -3.1600000E+00   1.1700000E+03   5.6800000E+02   0.0000000E+00   5.2000000E+01
  -3.1533333E+00   1.3210000E+03   6.7800000E+02   0.0000000E+00   5.5000000E+01
  -3.1466667E+00   1.2970000E+03   6.5600000E+02   0.0000000E+00   5.7000000E+01
  -3.1400000E+00   1.2890000E+03   6.9100000E+02   0.0000000E+00   4.5000000E+01
  -3.1333333E+00   1.2780000E+03   6.5100000E+02   0.0000000E+00   5.8000000E+01
  -3.1266667E+00   1.3690000E+03   6.4100000E+02   0.0000000E+00   4.8000000E+01
  -3.1200000E+00   1.4050000E+03   6.1700000E+02   0.0000000E+00   4.6000000E+01
  -3.1133333E+00   1.3170000E+03   6.9400000E+02   0.0000000E+00   5.8000000E+01
  -3.1066667E+00   1.4410000E+03   7.1100000E+02   0.0000000E+00   6.3000000E+01
  -3.1000000E+00   1.4020000E+03   6.6800000E+02   0.0000000E+00   4.2000000E+01
  -3.0933333E+00   1.3730000E+03   7.1700000E+02   0.0000000E+00   5.5000000E+01
  -3.0866667E+00   1.4180000E+03   7.0700000E+02   0.0000000E+00   4.8000000E+01
  -3.0800000E+00   1.4960000E+03   7.5200000E+02   0.0000000E+00   5.9000000E+01
  -3.0733333E+00   1.5170000E+03   7.0700000E+02   0.0000000E+00   5.4000000E+01
  -3.0666667E+00   1.4540000E+03   7.8400000E+02   0.0000000E+00   5.8000000E+01
  -3.0600000E+00   1.4890000E+03   7.2600000E+02   0.0000000E+00   4.8000000E+01
  -3.0533333E+00   1.5080000E+03   7.4400000E+02   0.0000000E+00   4.4000000E+01
  -3.0466667E+00   1.5470000E+03   7.7400000E+02   0.0000000E+00   5.6000000E+01
  -3.0400000E+00   1.5110000E+03   7.4900000E+02   0.0000000E+00   4.9000000E+01
  -3.0333333E+00   1.5510000E+03   8.1000000E+02   0.0000000E+00   4.6000000E+01
  -3.0266667E+00   1.5950000E+03   8.0200000E+02   0.0000000E+00   5.0000000E+01
  -3.0200000E+00   1.6410000E+03   7.7400000E+02   0.0000000E+00   4.7000000E+01
  -3.0133333E+00   1.5830000E+03   8.1000000E+02   0.0000000E+00   6.1000000E+01
  -3.0066667E+00   1.5720000E+03   8.2800000E+02   1.0000000E+00   6.1000000E+01
  -3.0000000E+00   1.6240000E+03   8.0900000E+02   0.0000000E+00   6.5000000E+01
  -2.9933333E+00   1.6400000E+03   8.4500000E+02   0.0000000E+00   6.2000000E+01
  -2.9866667E+00   1.6230000E+03   8.2500000E+02   0.0000000E+00   5.4000000E+01
  -2.9800000E+00   1.6370000E+03   8.8400000E+02   0.0000000E+00   5.7000000E+01
  -2.9733333E+00   1.7430000E+03   8.9700000E+02   0.0000000E+00   5.7000000E+01
  -2.9666667E+00   1.6930000E+03   8.6600000E+02   0.0000000E+00   6.8000000E+01
  -2.9600000E+00   1.7630000E+03   8.6600000E+02   0.0000000E+00   4.3000000E+01
  -2.9533333E+00   1.6740000E+03   8.6500000E+02   0.0000000E+00   4.3000000E+01
  -2.9466667E+00   1.7380000E+03   8.4600000E+02   0.0000000E+00   5.9000000E+01
  -2.9400000E+00   1.7590000E+03   8.8500000E+02   0.0000000E+00   5.4000000E+01
  -2.9333333E+00   1.7800000E+03   8.6200000E+02   0.0000000E+00   5.0000000E+01
  -2.9266667E+00   1.8320000E+03   9.0700000E+02   0.0000000E+00   4.5000000E+01
  -2.9200000E+00   1.7800000E+03   9.0400000E+02   0.0000000E+00   6.3000000E+01
  -2.9133333E+00   1.7460000E+03   9.6000000E+02   0.0000000E+00   6.0000000E+01
  -2.9066667E+00   1.7950000E+03   9.3000000E+02   0.0000000E+00   3.9000000E+01
  -2.9000000E+00   1.8620000E+03   9.9500000E+02   0.0000000E+00   4.6000000E+01
  -2.8933333E+00   1.9350000E+03   9.3700000E+02   0.0000000E+00   5.7000000E+01
  -2.8866667E+00   1.9120000E+03   9.6900000E+02   0.0000000E+00   4.3000000E+01
  -2.8800000E+00   1.9260000E+03   9.5400000E+02   0.0000000E+00   5.3000000E+01
  -2.8733333E+00   1.9500000E+03   9.6500000E+02   0.0000000E+00   4.7000000E+01
  -2.8666667E+00   1.9420000E+03   9.7000000E+02   0.0000000E+00   5.6000000E+01
  -2.8600000E+00   1.9530000E+03   1.0530000E+03   0.0000000E+00   4.5000000E+01
  -2.8533333E+00   1.9580000E+03   9.4500000E+02   0.0000000E+00   5.1000000E+01
  -2.8466667E+00   1.9800000E+03   9.7700000E+02   0.0000000E+00   5.3000000E+01
  -2.8400000E+00   2.0510000E+03   1.0460000E+03   0.0000000E+00   4.8000000E+01
  -2.8333333E+00   2.0670000E+03   1.0080000E+03   0.0000000E+00   6.2000000E+01
  -2.8266667E+00   2.0610000E+03   1.0180000E+03   0.0000000E+00   4.4000000E+01
  -2.8200000E+00   2.0930000E+03   9.4300000E+02   0.0000000E+00   4.7000000E+01
  -2.8133333E+00   2.0260000E+03   1.0620000E+03   0.0000000E+00   4.5000000E+01
  -2.8066667E+00   2.1270000E+03   1.1160000E+03   0.0000000E+00   6.0000000E+01
  -2.8000000E+00   2.1590000E+03   9.9000000E+02   0.0000000E+00   5.3000000E+01
  -2.7933333E+00   2.2080000E+03   1.1380000E+03   0.0000000E+00   4.6000000E+01
  -2.7866667E+00   2.1950000E+03   1.1160000E+03   0.0000000E+00   5.5000000E+01
  -2.7800000E+00   2.1730000E+03   1.0780000E+03   1.0000000E+00   4.5000000E+01
  -2.7733333E+00   2.2110000E+03   1.0540000E+03   0.0000000E+00   5.0000000E+01
  -2.7666667E+00   2.1970000E+03   1.0850000E+03   0.0000000E+00   6.2000000E+01
  -2.7600000E+00   2.2620000E+03   1.1560000E+03   0.0000000E+00   5.7000000E+01
  -2.7533333E+00   2.2600000E+03   1.0790000E+03   1.0000000E+00   3.3000000E+01
  -2.7466667E+00   2.3020000E+03   1.1780000E+03   0.0000000E+00   6.5000000E+01
  -2.7400000E+00   2.3760000E+03   1.1320000E+03   0.0000000E+00   5.9000000E+01
  -2.7333333E+00   2.4050000E+03   1.1590000E+03   1.0000000E+00   5.9000000E+01
  -2.7266667E+00   2.3220000E+03   1.1880000E+03   2.0000000E+00   5.1000000E+01
  -2.7200000E+00   2.3890000E+03   1.2270000E+03   0.0000000E+00   5.9000000E+01
  -2.7133333E+00   2.3820000E+03   1.2140000E+03   1.0000000E+00   5.8000000E+01
  -2.7066667E+00   2.4240000E+03   1.1970000E+03   0.0000000E+00   4.7000000E+01
  -2.7000000E+00   2.4450000E+03   1.1620000E+03   0.0000000E+00   5.6000000E+01
  -2.6933333E+00   2.4370000E+03   1.2190000E+03   1.0000000E+00   4.5000000E+01
  -2.6866667E+00   2.4280000E+03   1.2130000E+03   4.0000000E+00   5.4000000E+01
  -2.6800000E+00   2.4640000E+03   1.2490000E+03   4.0000000E+00   5.0000000E+01
  -2.6733333E+00   2.5300000E+03   1.2440000E+03   5.0000000E+00   6.4000000E+01
  -2.6666667E+00   2.5480000E+03   1.3330000E+03   1.0000000E+01   5.6000000E+01
  -2.6600000E+00   2.5260000E+03   1.2840000E+03   2.2000000E+01   5.3000000E+01
  -2.6533333E+00   2.4090000E+03   1.2820000E+03   2.5000000E+01   5.6000000E+01
  -2.6466667E+00   2.4970000E+03   1.3020000E+03   2.4000000E+01   6.1000000E+01
  -2.6400000E+00   2.6020000E+03   1.3730000E+03   2.8000000E+01   5.9000000E+01
  -2.6333333E+00   2.5630000E+03   1.3510000E+03   4.3000000E+01   6.5000000E+01
  -2.6266667E+00   2.6120000E+03   1.3120000E+03   4.3000000E+01   6.9000000E+01
  -2.6200000E+00   2.5510000E+03   1.2310000E+03   4.7000000E+01   6.6000000E+01
  -2.6133333E+00   2.5030000E+03   1.2430000E+03   7.1000000E+01   8.5000000E+01
  -2.6066667E+00   2.5100000E+03   1.2810000E+03   6.5000000E+01   9.0000000E+01
  -2.6000000E+00   2.5260000E+03   1.2430000E+03   7.7000000E+01   8.5000000E+01
  -2.5933333E+00   2.5550000E+03   1.2500000E+03   8.5000000E+01   9.9000000E+01
  -2.5866667E+00   2.5530000E+03   1.2750000E+03   1.0600000E+02   9.5000000E+01
  -2.5800000E+00   2.5190000E+03   1.2880000E+03   8.6000000E+01   1.0000000E+02
  -2.5733333E+00   2.4960000E+03   1.2830000E+03   8.5000000E+01   1.0600000E+02
  -2.5666667E+00   2.5020000E+03   1.2770000E+03   9.9000000E+01   1.0800000E+02
  -2.5600000E+00   2.4800000E+03   1.3020000E+03   1.0700000E+02   1.2200000E+02
  -2.5533333E+00   2.5460000E+03   1.2150000E+03   1.1700000E+02   9.7000000E+01
  -2.5466667E+00   2.3810000E+03   1.3200000E+03   1.1400000E+02   9.4000000E+01
  -2.5400000E+00   2.5110000E+03   1.3070000E+03   1.3300000E+02   1.1500000E+02
  -2.5333333E+00   2.5110000E+03   1.2760000E+03   1.1800000E+02   1.2100000E+02
  -2.5266667E+00   2.5000000E+03   1.2420000E+03   1.3600000E+02   1.2200000E+02
  -2.5200000E+00   2.3720000E+03   1.2120000E+03   1.4300000E+02   1.2600000E+02
  -2.5133333E+00   2.4890000E+03   1.2410000E+03   1.3400000E+02   9.1000000E+01
  -2.5066667E+00   2.4670000E+03   1.2130000E+03   1.2000000E+02   1.3000000E+02
  -2.5000000E+00   2.4220000E+03   1.2900000E+03   1.3400000E+02   1.5300000E+02
  -2.4933333E+00   2.4570000E+03   1.2690000E+03   1.7100000E+02   1.3600000E+02
  -2.4866667E+00   2.4330000E+03   1.2270000E+03   1.4100000E+02   1.5400000E+02
  -2.4800000E+00   2.5530000E+03   1.1630000E+03   1.9500000E+02   1.5300000E+02
  -2.4733333E+00   2.4330000E+03   1.2970000E+03   2.0800000E+02   1.6900000E+02
  -2.4666667E+00   2.4130000E+03   1.2030000E+03   1.9800000E+02   1.6600000E+02
  -2.4600000E+00   2.3780000E+03   1.2860000E+03   1.8900000E+02   1.8200000E+02
  -2.4533333E+00   2.4360000E+03   1.2750000E+03   1.8600000E+02   1.7700000E+02
  -2.4466667E+00   2.3600000E+03   1.3510000E+03   2.0900000E+02   1.8500000E+02
  -2.4400000E+00   2.3900000E+03   1.1940000E+03   2.4800000E+02   1.6200000E+02
  -2.4333333E+00   2.4160000E+03   1.2200000E+03   2.2500000E+02   1.8100000E+02
  -2.4266667E+00   2.3890000E+03   1.2680000E+03   2.6600000E+02   2.0800000E+02
  -2.4200000E+00   2.3780000E+03   1.2680000E+03   2.8700000E+02   2.0700000E+02
  -2.4133333E+00   2.4570000E+03   1.2530000E+03   2.9600000E+02   1.9500000E+02
  -2.4066667E+00   2.4260000E+03   1.2800000E+03   3.2900000E+02   1.9900000E+02
  -2.4000000E+00   2.5230000E+03   1.2820000E+03   3.0800000E+02   2.3200000E+02
  -2.3933333E+00   2.4810000E+03   1.2760000E+03   3.7400000E+02   2.2600000E+02
  -2.3866667E+00   2.4560000E+03   1.2310000E+03   3.3000000E+02   2.4600000E+02
  -2.3800000E+00   2.4390000E+03   1.2900000E+03   3.6300000E+02   2.3100000E+02
  -2.3733333E+00   2.3900000E+03   1.2900000E+03   3.8500000E+02   2.4800000E+02
  -2.3666667E+00   2.4020000E+03   1.2950000E+03   3.9500000E+02   2.3500000E+02
  -2.3600000E+00   2.3910000E+03   1.2860000E+03   4.3900000E+02   2.6100000E+02
  -2.3533333E+00   2.4350000E+03   1.2750000E+03   4.2600000E+02   2.6500000E+02
  -2.3466667E+00   2.4350000E+03   1.2840000E+03   4.5700000E+02   2.7300000E+02
  -2.3400000E+00   2.4270000E+03   1.2490000E+03   4.1500000E+02   2.8700000E+02
  -2.3333333E+00   2.4710000E+03   1.2520000E+03   4.9700000E+02   2.9900000E+02
  -2.3266667E+00   2.4770000E+03   1.2310000E+03   5.1600000E+02   3.2100000E+02
  -2.3200000E+00   2.3920000E+03   1.2800000E+03   5.0000000E+02   3.1400000E+02
  -2.3133333E+00   2.5460000E+03   1.3300000E+03   5.4600000E+02   3.3600000E+02
  -2.3066667E+00   2.5420000E+03   1.2750000E+03   5.7700000E+02   3.4100000E+02
  -2.3000000E+00   2.5240000E+03   1.2800000E+03   5.6500000E+02   3.3700000E+02
  -2.2933333E+00   2.5270000E+03   1.2410000E+03   5.7300000E+02   3.4100000E+02
  -2.2866667E+00   2.5320000E+03   1.3570000E+03   5.8000000E+02   3.7900000E+02
  -2.2800000E+00   2.5510000E+03   1.3580000E+03   6.3200000E+02   3.8400000E+02
  -2.2733333E+00   2.4130000E+03   1.3230000E+03   6.2700000E+02   3.9700000E+02
  -2.2666667E+00   2.4890000E+03   1.3290000E+03   6.0100000E+02   3.9500000E+02
  -2.2600000E+00   2.5080000E+03   1.3300000E+03   6.6800000E+02   3.7900000E+02
  -2.2533333E+00   2.5680000E+03   1.3800000E+03   6.8300000E+02   4.2000000E+02
  -2.2466667E+00   2.4690000E+03   1.3440000E+03   6.8000000E+02   3.8500000E+02
  -2.2400000E+00   2.4750000E+03   1.2730000E+03   6.8500000E+02   3.7500000E+02
  -2.2333333E+00   2.5650000E+03   1.3650000E+03   7.5800000E+02   4.4500000E+02
  -2.2266667E+00   2.5230000E+03   1.3570000E+03   7.3000000E+02   4.1600000E+02
  -2.2200000E+00   2.5250000E+03   1.3250000E+03   7.7500000E+02   4.3800000E+02
  -2.2133333E+00   2.4970000E+03   1.3200000E+03   7.7100000E+02   4.0900000E+02
  -2.2066667E+00   2.7040000E+03   1.3690000E+03   8.5600000E+02   4.2800000E+02
  -2.2000000E+00   2.5760000E+03   1.3570000E+03   7.8800000E+02   4.7300000E+02
  -2.1933333E+00   2.4980000E+03   1.3790000E+03   8.2000000E+02   4.8100000E+02
  -2.1866667E+00   2.6670000E+03   1.3710000E+03   8.8500000E+02   4.6600000E+02
  -2.1800000E+00   2.6780000E+03   1.3830000E+03   8.7100000E+02   5.3300000E+02
  -2.1733333E+00   2.6270000E+03   1.4000000E+03   8.7100000E+02   4.8300000E+02
  -2.1666667E+00   2.6310000E+03   1.4250000E+03   9.0100000E+02   5.2500000E+02
  -2.1600000E+00   2.7110000E+03   1.4380000E+03   9.5300000E+02   5.2600000E+02
  -2.1533333E+00   2.7740000E+03   1.4180000E+03   9.1400000E+02   5.6000000E+02
  -2.1466667E+00   2.6410000E+03   1.4360000E+03   9.4200000E+02   5.3800000E+02
  -2.1400000E+00   2.8240000E+03   1.4050000E+03   1.0380000E+03   5.5500000E+02
  -2.1333333E+00   2.7830000E+03   1.4960000E+03   1.0430000E+03   5.5400000E+02
  -2.1266667E+00   2.7930000E+03   1.4280000E+03   1.0730000E+03   5.7500000E+02
  -2.1200000E+00   2.7850000E+03   1.4710000E+03   1.0950000E+03   5.7800000E+02
  -2.1133333E+00   2.8570000E+03   1.4780000E+03   1.1120000E+03   6.0500000E+02
  -2.1066667E+00   2.8570000E+03   1.4830000E+03   1.0750000E+03   6.5100000E+02
  -2.1000000E+00   2.7170000E+03   1.4670000E+03   1.0420000E+03   5.9600000E+02
  -2.0933333E+00   2.8580000E+03   1.5050000E+03   1.1080000E+03   6.4000000E+02
  -2.0866667E+00   2.8220000E+03   1.4480000E+03   1.1310000E+03   6.1000000E+02
  -2.0800000E+00   2.9270000E+03   1.4780000E+03   1.2450000E+03   5.9000000E+02
  -2.0733333E+00   2.8810000E+03   1.5130000E+03   1.2060000E+03   6.3700000E+02
  -2.0666667E+00   2.9200000E+03   1.4770000E+03   1.2700000E+03   6.2100000E+02
  -2.0600000E+00   2.8570000E+03   1.5360000E+03   1.2240000E+03   6.7200000E+02
  -2.0533333E+00   2.9580000E+03   1.5370000E+03   1.2400000E+03   6.7500000E+02
  -2.0466667E+00   3.0170000E+03   1.5680000E+03   1.2900000E+03   6.9300000E+02
  -2.0400000E+00   3.0690000E+03   1.5080000E+03   1.4260000E+03   6.8500000E+02
  -2.0333333E+00   3.0150000E+03   1.5660000E+03   1.3280000E+03   7.0200000E+02
  -2.0266667E+00   3.1000000E+03   1.5280000E+03   1.4270000E+03   6.8600000E+02
  -2.0200000E+00   3.0600000E+03   1.5280000E+03   1.3900000E+03   7.1400000E+02
  -2.0133333E+00   3.0560000E+03   1.5530000E+03   1.3960000E+03   7.3600000E+02
  -2.0066667E+00   3.0960000E+03   1.6100000E+03   1.4560000E+03   7.3200000E+02
  -2.0000000E+00   3.0570000E+03   1.7350000E+03   1.4510000E+03   7.9900000E+02
  -1.9933333E+00   3.0610000E+03   1.6160000E+03   1.4150000E+03   7.8900000E+02
  -1.9866667E+00   3.0640000E+03   1.6550000E+03   1.4140000E+03   8.0300000E+02
  -1.9800000E+00   3.0550000E+03   1.6420000E+03   1.4340000E+03   8.2000000E+02
  -1.9733333E+00   3.1910000E+03   1.6460000E+03   1.5600000E+03   8.3100000E+02
  -1.9666667E+00   3.1650000E+03   1.6070000E+03   1.4850000E+03   8.0800000E+02
  -1.9600000E+00   3.3110000E+03   1.6900000E+03   1.6130000E+03   8.9200000E+02
  -1.9533333E+00   3.2910000E+03   1.7540000E+03   1.6010000E+03   8.9600000E+02
  -1.9466667E+00   3.3420000E+03   1.7030000E+03   1.6460000E+03   8.2300000E+02
  -1.9400000E+00   3.2820000E+03   1.7480000E+03   1.6600000E+03   8.8200000E+02
  -1.9333333E+00   3.2080000E+03   1.7380000E+03   1.6410000E+03   8.8100000E+02
  -1.9266667E+00   3.3080000E+03   1.7620000E+03   1.6540000E+03   9.4300000E+02
  -1.9200000E+00   3.3720000E+03   1.6890000E+03   1.7250000E+03   8.7800000E+02
  -1.9133333E+00   3.3710000E+03   1.6530000E+03   1.7190000E+03   8.2100000E+02
  -1.9066667E+00   3.4380000E+03   1.6930000E+03   1.7960000E+03   9.0700000E+02
  -1.9000000E+00   3.3290000E+03   1.7660000E+03   1.7510000E+03   9.0100000E+02
  -1.8933333E+00   3.5100000E+03   1.7370000E+03   1.8620000E+03   9.3200000E+02
  -1.8866667E+00   3.4850000E+03   1.8300000E+03   1.8310000E+03   9.8500000E+02
  -1.8800000E+00   3.4900000E+03   1.8560000E+03   1.8820000E+03   1.0000000E+03
  -1.8733333E+00   3.4830000E+03   1.8130000E+03   1.8980000E+03   9.3600000E+02
  -1.8666667E+00   3.4430000E+03   1.8050000E+03   1.8670000E+03   9.8200000E+02
  -1.8600000E+00   3.5000000E+03   1.7840000E+03   1.8100000E+03   9.9100000E+02
  -1.8533333E+00   3.6570000E+03   1.8100000E+03   1.9430000E+03   9.4600000E+02
  -1.8466667E+00   3.6430000E+03   1.8890000E+03   1.9560000E+03   1.0570000E+03
  -1.8400000E+00   3.6000000E+03   1.8000000E+03   1.9520000E+03   1.0010000E+03
  -1.8333333E+00   3.6400000E+03   1.8440000E+03   2.0040000E+03   1.0310000E+03
  -1.8266667E+00   3.7520000E+03   1.8600000E+03   2.0450000E+03   1.0030000E+03
  -1.8200000E+00   3.6890000E+03   1.8550000E+03   2.0570000E+03   1.0370000E+03
  -1.8133333E+00   3.7210000E+03   1.9460000E+03   2.1090000E+03   1.0550000E+03
  -1.8066667E+00   3.8140000E+03   1.9770000E+03   2.1040000E+03   1.1090000E+03
  -1.8000000E+00   3.7880000E+03   2.0260000E+03   2.1440000E+03   1.1620000E+03
  -1.7933333E+00   3.9520000E+03   1.9480000E+03   2.2780000E+03   1.0900000E+03
  -1.7866667E+00   3.7980000E+03   1.9940000E+03   2.1400000E+03   1.1310000E+03
  -1.7800000E+00   3.9040000E+03   1.9980000E+03   2.2190000E+03   1.1560000E+03
  -1.7733333E+00   3.8670000E+03   2.0040000E+03   2.1770000E+03   1.1280000E+03
  -1.7666667E+00   3.9890000E+03   2.0170000E+03   2.3570000E+03   1.1680000E+03
  -1.7600000E+00   3.8570000E+03   1.9540000E+03   2.2100000E+03   1.0730000E+03
  -1.7533333E+00   3.9500000E+03   2.0830000E+03   2.3330000E+03   1.1740000E+03
  -1.7466667E+00   3.8910000E+03   2.0000000E+03   2.2710000E+03   1.1850000E+03
  -1.7400000E+00   4.1400000E+03   2.1150000E+03   2.3800000E+03   1.2300000E+03
  -1.7333333E+00   4.0740000E+03   2.0900000E+03   2.4350000E+03   1.2070000E+03
  -1.7266667E+00   4.0670000E+03   2.1210000E+03   2.3970000E+03   1.2350000E+03
  -1.7200000E+00   4.0020000E+03   2.0300000E+03   2.3820000E+03   1.2130000E+03
  -1.7133333E+00   4.0590000E+03   2.1560000E+03   2.3870000E+03   1.2610000E+03
  -1.7066667E+00   4.1250000E+03   2.1150000E+03   2.4340000E+03   1.2400000E+03
  -1.7000000E+00   4.2690000E+03   2.1630000E+03   2.5490000E+03   1.3210000E+03
  -1.6933333E+00   4.2360000E+03   2.2370000E+03   2.5750000E+03   1.2950000E+03
  -1.6866667E+00   4.1860000E+03   2.2160000E+03   2.5370000E+03   1.3020000E+03
  -1.6800000E+00   4.2230000E+03   2.1600000E+03   2.4840000E+03   1.2900000E+03
  -1.6733333E+00   4.2780000E+03   2.2190000E+03   2.5630000E+03   1.3130000E+03
  -1.6666667E+00   4.3220000E+03   2.1380000E+03   2.5870000E+03   1.2810000E+03
  -1.6600000E+00   4.3320000E+03   2.2160000E+03   2.6820000E+03   1.2950000E+03
  -1.6533333E+00   4.4210000E+03   2.3370000E+03   2.7050000E+03   1.3890000E+03
  -1.6466667E+00   4.4700000E+03   2.2430000E+03   2.7330000E+03   1.3680000E+03
  -1.6400000E+00   4.3920000E+03   2.3040000E+03   2.6910000E+03   1.4040000E+03
  -1.6333333E+00   4.4500000E+03   2.3380000E+03   2.7410000E+03   1.4530000E+03
  -1.6266667E+00   4.6110000E+03   2.3210000E+03   2.8530000E+03   1.4160000E+03
  -1.6200000E+00   4.5390000E+03   2.3150000E+03   2.8150000E+03   1.3990000E+03
  -1.6133333E+00   4.7630000E+03   2.4510000E+03   2.9790000E+03   1.4740000E+03
  -1.6066667E+00   4.6390000E+03   2.2590000E+03   2.7880000E+03   1.3730000E+03
  -1.6000000E+00   4.7540000E+03   2.2830000E+03   3.0210000E+03   1.3900000E+03
  -1.5933333E+00   4.7290000E+03   2.4960000E+03   2.9190000E+03   1.5310000E+03
  -1.5866667E+00   4.7800000E+03   2.4430000E+03   2.9980000E+03   1.4620000E+03
  -1.5800000E+00   4.6860000E+03   2.4140000E+03   2.9380000E+03   1.5250000E+03
  -1.5733333E+00   4.8180000E+03   2.4560000E+03   3.0090000E+03   1.5010000E+03
  -1.5666667E+00   4.7350000E+03   2.4880000E+03   2.9610000E+03   1.5650000E+03
  -1.5600000E+00   4.9390000E+03   2.4710000E+03   3.0990000E+03   1.5450000E+03
  -1.5533333E+00   4.8040000E+03   2.4490000E+03   3.0270000E+03   1.4890000E+03
  -1.5466667E+00   4.7800000E+03   2.4810000E+03   3.0030000E+03   1.5500000E+03
  -1.5400000E+00   4.9290000E+03   2.5240000E+03   3.1080000E+03   1.6130000E+03
  -1.5333333E+00   4.9860000E+03   2.5460000E+03   3.1760000E+03   1.5710000E+03
  -1.5266667E+00   5.1370000E+03   2.6390000E+03   3.2680000E+03   1.6530000E+03
  -1.5200000E+00   5.1350000E+03   2.6120000E+03   3.2550000E+03   1.6530000E+03
  -1.5133333E+00   4.9790000E+03   2.5910000E+03   3.1380000E+03   1.6170000E+03
  -1.5066667E+00   5.1040000E+03   2.6510000E+03   3.2190000E+03   1.6620000E+03
  -1.5000000E+00   5.2500000E+03   2.6700000E+03   3.3210000E+03   1.6690000E+03
  -1.4933333E+00   5.2890000E+03   2.6830000E+03   3.2810000E+03   1.6730000E+03
  -1.4866667E+00   5.2860000E+03   2.6850000E+03   3.3950000E+03   1.7010000E+03
  -1.4800000E+00   5.3740000E+03   2.6350000E+03   3.4080000E+03   1.6380000E+03
  -1.4733333E+00   5.2880000E+03   2.6460000E+03   3.3470000E+03   1.6320000E+03
  -1.4666667E+00   5.1850000E+03   2.6420000E+03   3.3130000E+03   1.6250000E+03
  -1.4600000E+00   5.4490000E+03   2.7880000E+03   3.4010000E+03   1.7420000E+03
  -1.4533333E+00   5.4180000E+03   2.7600000E+03   3.4360000E+03   1.7570000E+03
  -1.4466667E+00   5.3520000E+03   2.7720000E+03   3.3930000E+03   1.6800000E+03
  -1.4400000E+00   5.4460000E+03   2.7260000E+03   3.5060000E+03   1.7460000E+03
  -1.4333333E+00   5.5070000E+03   2.7170000E+03   3.5420000E+03   1.6800000E+03
  -1.4266667E+00   5.6810000E+03   2.8180000E+03   3.5820000E+03   1.7970000E+03
  -1.4200000E+00   5.6870000E+03   2.8580000E+03   3.6470000E+03   1.8100000E+03
  -1.4133333E+00   5.6100000E+03   2.8310000E+03   3.5100000E+03   1.7560000E+03
  -1.4066667E+00   5.6090000E+03   2.7780000E+03   3.5990000E+03   1.7190000E+03
  -1.4000000E+00   5.6140000E+03   2.8970000E+03   3.5720000E+03   1.8250000E+03
  -1.3933333E+00   5.8300000E+03   2.9070000E+03   3.7250000E+03   1.7760000E+03
  -1.3866667E+00   5.8130000E+03   3.0040000E+03   3.7500000E+03   1.9060000E+03
  -1.3800000E+00   5.7800000E+03   2.9280000E+03   3.6380000E+03   1.8630000E+03
  -1.3733333E+00   5.8840000E+03   2.8450000E+03   3.7730000E+03   1.8020000E+03
  -1.3666667E+00   5.8920000E+03   2.9890000E+03   3.8200000E+03   1.8990000E+03
  -1.3600000E+00   5.9280000E+03   2.9650000E+03   3.7720000E+03   1.8750000E+03
  -1.3533333E+00   5.9960000E+03   2.9180000E+03   3.8940000E+03   1.8870000E+03
  -1.3466667E+00   6.0090000E+03   2.9840000E+03   3.8990000E+03   1.9060000E+03
  -1.3400000E+00   5.9730000E+03   3.0090000E+03   3.8700000E+03   1.9420000E+03
  -1.3333333E+00   5.9990000E+03   3.1110000E+03   3.8840000E+03   1.9220000E+03
  -1.3266667E+00   6.0020000E+03   3.2160000E+03   3.9010000E+03   2.0380000E+03
  -1.3200000E+00   6.0590000E+03   3.0620000E+03   3.9150000E+03   1.9360000E+03
  -1.3133333E+00   6.1320000E+03   3.2970000E+03   4.0170000E+03   2.0610000E+03
  -1.3066667E+00   6.1530000E+03   3.1730000E+03   3.9960000E+03   2.0390000E+03
  -1.3000000E+00   6.2240000E+03   3.2190000E+03   4.0150000E+03   1.9990000E+03
  -1.2933333E+00   6.2780000E+03   3.1070000E+03   4.0680000E+03   1.9870000E+03
  -1.2866667E+00   6.3080000E+03   3.1640000E+03   4.0950000E+03   1.9920000E+03
  -1.2800000E+00   6.2520000E+03   3.1860000E+03   3.9660000E+03   2.0560000E+03
  -1.2733333E+00   6.3570000E+03   3.1410000E+03   4.0580000E+03   1.9910000E+03
  -1.2666667E+00   6.4260000E+03   3.2950000E+03   4.1410000E+03   2.1090000E+03
  -1.2600000E+00   6.5650000E+03   3.2410000E+03   4.2010000E+03   2.0270000E+03
  -1.2533333E+00   6.3630000E+03   3.2000000E+03   4.1310000E+03   2.0870000E+03
  -1.2466667E+00   6.4990000E+03   3.2380000E+03   4.2010000E+03   2.0250000E+03
  -1.2400000E+00   6.5850000E+03   3.3430000E+03   4.3010000E+03   2.1450000E+03
  -1.2333333E+00   6.6570000E+03   3.3880000E+03   4.1750000E+03   2.0950000E+03
  -1.2266667E+00   6.5370000E+03   3.4660000E+03   4.1320000E+03   2.2380000E+03
  -1.2200000E+00   6.7040000E+03   3.3400000E+03   4.3030000E+03   2.1430000E+03
  -1.2133333E+00   6.7400000E+03   3.2600000E+03   4.2980000E+03   2.1140000E+03
  -1.2066667E+00   6.4760000E+03   3.3780000E+03   4.1820000E+03   2.1710000E+03
  -1.2000000E+00   6.7350000E+03   3.4430000E+03   4.3860000E+03   2.2050000E+03
  -1.1933333E+00   6.8280000E+03   3.2990000E+03   4.4170000E+03   2.0860000E+03
  -1.1866667E+00   6.8650000E+03   3.3410000E+03   4.4980000E+03   2.1140000E+03
  -1.1800000E+00   6.7810000E+03   3.4980000E+03   4.3310000E+03   2.2550000E+03
  -1.1733333E+00   6.9390000E+03   3.5150000E+03   4.5460000E+03   2.2590000E+03
  -1.1666667E+00   6.7930000E+03   3.4550000E+03   4.4620000E+03   2.1810000E+03
  -1.1600000E+00   7.1280000E+03   3.5560000E+03   4.6870000E+03   2.2440000E+03
  -1.1533333E+00   7.1740000E+03   3.6170000E+03   4.6340000E+03   2.3000000E+03
  -1.1466667E+00   6.9930000E+03   3.5740000E+03   4.4670000E+03   2.2760000E+03
  -1.1400000E+00   7.1870000E+03   3.5950000E+03   4.6470000E+03   2.3180000E+03
  -1.1333333E+00   7.2900000E+03   3.5550000E+03   4.6120000E+03   2.2550000E+03
  -1.1266667E+00   7.2270000E+03   3.7040000E+03   4.6820000E+03   2.3060000E+03
  -1.1200000E+00   7.0790000E+03   3.7080000E+03   4.5240000E+03   2.3510000E+03
  -1.1133333E+00   7.2730000E+03   3.7920000E+03   4.6610000E+03   2.3940000E+03
  -1.1066667E+00   7.2840000E+03   3.5820000E+03   4.6070000E+03   2.2450000E+03
  -1.1000000E+00   7.2720000E+03   3.6850000E+03   4.6870000E+03   2.3640000E+03
  -1.0933333E+00   7.4230000E+03   3.7110000E+03   4.7110000E+03   2.3590000E+03
  -1.0866667E+00   7.4030000E+03   3.7160000E+03   4.8050000E+03   2.3460000E+03
  -1.0800000E+00   7.3760000E+03   3.8240000E+03   4.7050000E+03   2.4360000E+03
  -1.0733333E+00   7.2990000E+03   3.7530000E+03   4.7730000E+03   2.3760000E+03
  -1.0666667E+00   7.4360000E+03   3.7570000E+03   4.6880000E+03   2.3700000E+03
  -1.0600000E+00   7.5170000E+03   3.8790000E+03   4.7440000E+03   2.4270000E+03
  -1.0533333E+00   7.5560000E+03   3.8650000E+03   4.8010000E+03   2.4120000E+03
  -1.0466667E+00   7.7460000E+03   3.8160000E+03   4.9700000E+03   2.4010000E+03
  -1.0400000E+00   7.7060000E+03   3.8620000E+03   5.0200000E+03   2.3890000E+03
  -1.0333333E+00   7.7780000E+03   3.8690000E+03   4.9650000E+03   2.4300000E+03
  -1.0266667E+00   7.7510000E+03   3.9680000E+03   4.9790000E+03   2.5300000E+03
  -1.0200000E+00   7.7780000E+03   3.8350000E+03   4.9860000E+03   2.4080000E+03
  -1.0133333E+00   7.7390000E+03   4.0170000E+03   4.9120000E+03   2.4840000E+03
  -1.0066667E+00   7.7720000E+03   3.9520000E+03   4.9120000E+03   2.4720000E+03
  -1.0000000E+00   7.8820000E+03   4.0020000E+03   4.9790000E+03   2.5400000E+03
  -9.9333333E-01   7.7510000E+03   4.0420000E+03   4.8830000E+03   2.5400000E+03
  -9.8666667E-01   7.9950000E+03   4.0320000E+03   5.0590000E+03   2.5570000E+03
  -9.8000000E-01   7.8590000E+03   3.8790000E+03   5.0510000E+03   2.3840000E+03
  -9.7333333E-01   7.8780000E+03   4.0250000E+03   5.0600000E+03   2.5610000E+03
  -9.6666667E-01   7.9940000E+03   4.1040000E+03   4.9790000E+03   2.5720000E+03
  -9.6000000E-01   7.9890000E+03   4.0870000E+03   5.0230000E+03   2.5610000E+03
  -9.5333333E-01   8.2260000E+03   4.0530000E+03   5.2240000E+03   2.5770000E+03
  -9.4666667E-01   8.2110000E+03   4.1670000E+03   5.1660000E+03   2.6250000E+03
  -9.4000000E-01   8.2190000E+03   4.0410000E+03   5.2340000E+03   2.5460000E+03
  -9.3333333E-01   8.1440000E+03   4.1680000E+03   5.1340000E+03   2.6270000E+03
  -9.2666667E-01   8.2760000E+03   4.1120000E+03   5.2200000E+03   2.5590000E+03
  -9.2000000E-01   8.2430000E+03   4.1470000E+03   5.2270000E+03   2.5610000E+03
  -9.1333333E-01   8.2430000E+03   4.1460000E+03   5.2460000E+03   2.6110000E+03
  -9.0666667E-01   8.4430000E+03   4.2060000E+03   5.2590000E+03   2.6060000E+03
  -9.0000000E-01   8.2650000E+03   4.1400000E+03   5.1280000E+03   2.5830000E+03
  -8.9333333E-01   8.4130000E+03   4.2520000E+03   5.3080000E+03   2.6620000E+03
  -8.8666667E-01   8.4720000E+03   4.2640000E+03   5.4050000E+03   2.6770000E+03
  -8.8000000E-01   8.6180000E+03   4.3110000E+03   5.3700000E+03   2.6780000E+03
  -8.7333333E-01   8.6260000E+03   4.2230000E+03   5.4530000E+03   2.6820000E+03
  -8.6666667E-01   8.4690000E+03   4.3250000E+03   5.2930000E+03   2.6190000E+03
  -8.6000000E-01   8.5170000E+03   4.2580000E+03   5.2900000E+03   2.6660000E+03
  -8.5333333E-01   8.6770000E+03   4.2710000E+03   5.3820000E+03   2.5500000E+03
  -8.4666667E-01   8.6260000E+03   4.3620000E+03   5.3710000E+03   2.7150000E+03
  -8.4000000E-01   8.5620000E+03   4.4310000E+03   5.2750000E+03   2.7260000E+03
  -8.3333333E-01   8.6930000E+03   4.2950000E+03   5.3550000E+03   2.6780000E+03
  -8.2666667E-01   8.9510000E+03   4.4530000E+03   5.5280000E+03   2.7130000E+03
  -8.2000000E-01   8.8380000E+03   4.4910000E+03   5.5630000E+03   2.7990000E+03
  -8.1333333E-01   8.8850000E+03   4.4910000E+03   5.5200000E+03   2.7860000E+03
  -8.0666667E-01   9.0640000E+03   4.4650000E+03   5.6430000E+03   2.7290000E+03
  -8.0000000E-01   8.8110000E+03   4.5090000E+03   5.4370000E+03   2.7660000E+03
  -7.9333333E-01   8.9750000E+03   4.5090000E+03   5.5350000E+03   2.7700000E+03
  -7.8666667E-01   9.1190000E+03   4.6300000E+03   5.6180000E+03   2.7670000E+03
  -7.8000000E-01   8.9790000E+03   4.6600000E+03   5.5350000E+03   2.7600000E+03
  -7.7333333E-01   9.0240000E+03   4.5830000E+03   5.5800000E+03   2.8750000E+03
  -7.6666667E-01   9.1440000E+03   4.4950000E+03   5.6950000E+03   2.7260000E+03
  -7.6000000E-01   9.2130000E+03   4.6060000E+03   5.7260000E+03   2.8050000E+03
  -7.5333333E-01   9.1770000E+03   4.5800000E+03   5.7060000E+03   2.7510000E+03
  -7.4666667E-01   9.3590000E+03   4.6710000E+03   5.7050000E+03   2.9140000E+03
  -7.4000000E-01   9.1050000E+03   4.7030000E+03   5.6620000E+03   2.8460000E+03
  -7.3333333E-01   9.2220000E+03   4.6030000E+03   5.6900000E+03   2.8230000E+03
  -7.2666667E-01   9.2880000E+03   4.5880000E+03   5.7020000E+03   2.8010000E+03
  -7.2000000E-01   9.2020000E+03   4.6540000E+03   5.6810000E+03   2.8050000E+03
  -7.1333333E-01   9.2040000E+03   4.7940000E+03   5.6880000E+03   2.9070000E+03
  -7.0666667E-01   9.4540000E+03   4.6710000E+03   5.8910000E+03   2.8200000E+03
  -7.0000000E-01   9.5580000E+03   4.8420000E+03   5.8580000E+03   2.9270000E+03
  -6.9333333E-01   9.4060000E+03   4.7860000E+03   5.8190000E+03   2.8650000E+03
  -6.8666667E-01   9.4590000E+03   4.7260000E+03   5.7760000E+03   2.8720000E+03
  -6.8000000E-01   9.5010000E+03   4.7270000E+03   5.7540000E+03   2.7540000E+03
  -6.7333333E-01   9.4830000E+03   4.7840000E+03   5.6600000E+03   2.8350000E+03
  -6.6666667E-01   9.5480000E+03   4.7430000E+03   5.8350000E+03   2.8220000E+03
  -6.6000000E-01   9.4800000E+03   4.8190000E+03   5.7460000E+03   2.8650000E+03
  -6.5333333E-01   9.6410000E+03   4.8240000E+03   5.8680000E+03   2.9190000E+03
  -6.4666667E-01   9.6020000E+03   4.8510000E+03   5.8740000E+03   2.8780000E+03
  -6.4000000E-01   9.6660000E+03   4.8200000E+03   5.8360000E+03   2.8870000E+03
  -6.3333333E-01   9.7010000E+03   4.9660000E+03   5.8720000E+03   3.0030000E+03
  -6.2666667E-01   9.6700000E+03   4.8520000E+03   5.8100000E+03   2.9580000E+03
  -6.2000000E-01   9.6190000E+03   4.8820000E+03   5.8220000E+03   2.8620000E+03
  -6.1333333E-01   9.6980000E+03   4.8580000E+03   5.8730000E+03   2.8120000E+03
  -6.0666667E-01   9.7340000E+03   4.9150000E+03   5.8680000E+03   2.8990000E+03
  -6.0000000E-01   9.7960000E+03   4.8740000E+03   5.9070000E+03   2.9620000E+03
  -5.9333333E-01   9.7860000E+03   4.8220000E+03   5.7790000E+03   2.9060000E+03
  -5.8666667E-01   1.0012000E+04   4.9020000E+03   6.0290000E+03   2.9100000E+03
  -5.8000000E-01   9.8640000E+03   4.9600000E+03   5.8790000E+03   2.9340000E+03
  -5.7333333E-01   1.0066000E+04   5.0150000E+03   5.9940000E+03   2.8840000E+03
  -5.6666667E-01   9.9520000E+03   4.9500000E+03   5.8630000E+03   2.9330000E+03
  -5.6000000E-01   1.0036000E+04   4.9990000E+03   6.0310000E+03   2.8770000E+03
  -5.5333333E-01   1.0079000E+04   5.0410000E+03   5.9610000E+03   2.9640000E+03
  -5.4666667E-01   1.0093000E+04   5.0170000E+03   6.0100000E+03   2.9310000E+03
  -5.4000000E-01   9.8350000E+03   4.9590000E+03   5.8400000E+03   2.9080000E+03
  -5.3333333E-01   9.9300000E+03   5.1750000E+03   5.8300000E+03   2.9400000E+03
  -5.2666667E-01   1.0021000E+04   4.8930000E+03   5.9920000E+03   2.8540000E+03
  -5.2000000E-01   1.0064000E+04   5.1500000E+03   5.9540000E+03   3.0000000E+03
  -5.1333333E-01   9.8920000E+03   5.0630000E+03   5.8580000E+03   2.9610000E+03
  -5.0666667E-01   1.0279000E+04   5.0980000E+03   6.1260000E+03   2.9340000E+03
  -5.0000000E-01   1.0120000E+04   5.1710000E+03   5.9400000E+03   3.0000000E+03
  -4.9333333E-01   1.0412000E+04   5.1150000E+03   6.2250000E+03   2.9980000E+03
  -4.8666667E-01   1.0085000E+04   5.0970000E+03   5.7830000E+03   2.8850000E+03
  -4.8000000E-01   1.0346000E+04   5.1310000E+03   6.0720000E+03   2.9320000E+03
  -4.7333333E-01   1.0458000E+04   5.0730000E+03   6.1600000E+03   3.0050000E+03
  -4.6666667E-01   1.0402000E+04   5.2120000E+03   6.0000000E+03   2.9930000E+03
  -4.6000000E-01   1.0467000E+04   5.1880000E+03   6.1130000E+03   3.0520000E+03
  -4.5333333E-01   1.0461000E+04   5.2850000E+03   6.0970000E+03   3.0150000E+03
  -4.4666667E-01   1.0435000E+04   5.1730000E+03   6.1160000E+03   2.9650000E+03
  -4.4000000E-01   1.0357000E+04   5.1450000E+03   6.0360000E+03   2.9730000E+03
  -4.3333333E-01   1.0557000E+04   5.3380000E+03   6.1150000E+03   2.9890000E+03
  -4.2666667E-01   1.0522000E+04   5.2760000E+03   6.1390000E+03   3.1250000E+03
  -4.2000000E-01   1.0584000E+04   5.1540000E+03   6.0980000E+03   2.9540000E+03
  -4.1333333E-01   1.0393000E+04   5.2130000E+03   6.0070000E+03   2.9480000E+03
  -4.0666667E-01   1.0635000E+04   5.3880000E+03   6.1110000E+03   3.0030000E+03
  -4.0000000E-01   1.0578000E+04   5.1870000E+03   6.0400000E+03   2.8900000E+03
  -3.9333333E-01   1.0591000E+04   5.3320000E+03   6.0390000E+03   3.0180000E+03
  -3.8666667E-01   1.0673000E+04   5.2020000E+03   6.0780000E+03   2.9500000E+03
  -3.8000000E-01   1.0792000E+04   5.1080000E+03   6.2940000E+03   2.8490000E+03
  -3.7333333E-01   1.0556000E+04   5.3670000E+03   6.1380000E+03   3.0370000E+03
  -3.6666667E-01   1.0784000E+04   5.4410000E+03   6.1810000E+03   3.0980000E+03
  -3.6000000E-01   1.0742000E+04   5.5090000E+03   6.1340000E+03   3.0460000E+03
  -3.5333333E-01   1.0575000E+04   5.3630000E+03   6.1330000E+03   3.0450000E+03
  -3.4666667E-01   1.0525000E+04   5.4480000E+03   5.9950000E+03   3.0070000E+03
  -3.4000000E-01   1.0640000E+04   5.3290000E+03   6.1180000E+03   2.9910000E+03
  -3.3333333E-01   1.0625000E+04   5.4270000E+03   5.9970000E+03   3.0490000E+03
  -3.2666667E-01   1.0658000E+04   5.5070000E+03   6.0850000E+03   3.0950000E+03
  -3.2000000E-01   1.0942000E+04   5.3880000E+03   6.1960000E+03   2.9880000E+03
  -3.1333333E-01   1.0715000E+04   5.3820000E+03   6.0840000E+03   2.9330000E+03
  -3.0666667E-01   1.0727000E+04   5.3410000E+03   6.0530000E+03   2.9220000E+03
  -3.0000000E-01   1.0790000E+04   5.4010000E+03   6.1170000E+03   3.0180000E+03
  -2.9333333E-01   1.1003000E+04   5.6030000E+03   6.1590000E+03   2.9890000E+03
  -2.8666667E-01   1.0993000E+04   5.4570000E+03   6.1790000E+03   3.0020000E+03
  -2.8000000E-01   1.0881000E+04   5.4690000E+03   6.1380000E+03   3.0010000E+03
  -2.7333333E-01   1.1063000E+04   5.5530000E+03   6.2800000E+03   3.0280000E+03
  -2.6666667E-01   1.0924000E+04   5.5010000E+03   6.0850000E+03   2.9990000E+03
  -2.6000000E-01   1.0916000E+04   5.5700000E+03   6.0760000E+03   3.0480000E+03
  -2.5333333E-01   1.0952000E+04   5.4600000E+03   6.1560000E+03   2.9400000E+03
  -2.4666667E-01   1.0886000E+04   5.5080000E+03   6.1020000E+03   2.9480000E+03
  -2.4000000E-01   1.1024000E+04   5.5930000E+03   6.1760000E+03   2.9620000E+03
  -2.3333333E-01   1.1087000E+04   5.6280000E+03   6.1920000E+03   2.9720000E+03
  -2.2666667E-01   1.1112000E+04   5.5640000E+03   6.1360000E+03   2.9990000E+03
  -2.2000000E-01   1.1133000E+04   5.5860000E+03   6.1570000E+03   2.9650000E+03
  -2.1333333E-01   1.1097000E+04   5.4800000E+03   6.1340000E+03   2.9850000E+03
  -2.0666667E-01   1.1240000E+04   5.6800000E+03   6.1440000E+03   3.1000000E+03
  -2.0000000E-01   1.1033000E+04   5.5760000E+03   6.0070000E+03   3.0450000E+03
  -1.9333333E-01   1.1104000E+04   5.4640000E+03   6.1900000E+03   2.9570000E+03
  -1.8666667E-01   1.1154000E+04   5.5910000E+03   6.0620000E+03   2.9500000E+03
  -1.8000000E-01   1.1169000E+04   5.6500000E+03   6.1410000E+03   2.9760000E+03
  -1.7333333E-01   1.1098000E+04   5.4750000E+03   6.0690000E+03   2.8960000E+03
  -1.6666667E-01   1.1281000E+04   5.5140000E+03   6.1890000E+03   2.9590000E+03
  -1.6000000E-01   1.1395000E+04   5.5760000E+03   6.2100000E+03   2.9500000E+03
  -1.5333333E-01   1.1237000E+04   5.6250000E+03   5.9860000E+03   2.9930000E+03
  -1.4666667E-01   1.1302000E+04   5.5850000E+03   6.1790000E+03   2.9700000E+03
  -1.4000000E-01   1.1184000E+04   5.5540000E+03   6.0840000E+03   2.9270000E+03
  -1.3333333E-01   1.1362000E+04   5.7030000E+03   6.2690000E+03   3.1070000E+03
  -1.2666667E-01   1.1275000E+04   5.5570000E+03   6.1250000E+03   2.9430000E+03
  -1.2000000E-01   1.1377000E+04   5.7390000E+03   6.2230000E+03   2.9730000E+03
  -1.1333333E-01   1.1507000E+04   5.5540000E+03   6.2510000E+03   2.9840000E+03
  -1.0666667E-01   1.1432000E+04   5.7530000E+03   6.2960000E+03   2.9730000E+03
  -1.0000000E-01   1.1352000E+04   5.5950000E+03   6.0400000E+03   2.9030000E+03
  -9.3333333E-02   1.1286000E+04   5.7340000E+03   6.0090000E+03   2.9550000E+03
  -8.6666667E-02   1.1328000E+04   5.7180000E+03   6.0900000E+03   3.0330000E+03
  -8.0000000E-02   1.1518000E+04   5.6970000E+03   6.2830000E+03   2.9340000E+03
  -7.3333333E-02   1.1438000E+04   5.7340000E+03   6.2710000E+03   2.9670000E+03
  -6.6666667E-02   1.1393000E+04   5.7150000E+03   6.2460000E+03   2.9910000E+03
  -6.0000000E-02   1.1606000E+04   5.7320000E+03   6.2680000E+03   2.9750000E+03
  -5.3333333E-02   1.1250000E+04   5.6900000E+03   6.1570000E+03   3.0090000E+03
  -4.6666667E-02   1.1481000E+04   5.7230000E+03   6.2340000E+03   2.9980000E+03
  -4.0000000E-02   1.1402000E+04   5.7080000E+03   6.3020000E+03   3.0060000E+03
  -3.3333333E-02   1.1422000E+04   5.7230000E+03   6.1910000E+03   3.0160000E+03
  -2.6666667E-02   1.1252000E+04   5.7980000E+03   6.2040000E+03   2.9700000E+03
  -2.0000000E-02   1.1296000E+04   5.7670000E+03   6.2370000E+03   3.0260000E+03
  -1.3333333E-02   1.1339000E+04   5.6220000E+03   6.1290000E+03   2.9390000E+03
  -6.6666667E-03   1.1116000E+04   5.7700000E+03   6.1430000E+03   3.0000000E+03
   0.0000000E+00   1.1181000E+04   5.8500000E+03   6.1730000E+03   3.0490000E+03
   6.6666667E-03   1.1088000E+04   5.8650000E+03   6.1110000E+03   3.0250000E+03
   1.3333333E-02   1.0872000E+04   5.6500000E+03   6.0270000E+03   2.8730000E+03
   2.0000000E-02   1.1040000E+04   5.8310000E+03   6.1410000E+03   3.0870000E+03
   2.6666667E-02   1.1159000E+04   5.8130000E+03   6.1800000E+03   3.0050000E+03
   3.3333333E-02   1.1139000E+04   5.9240000E+03   6.0370000E+03   3.0480000E+03
   4.0000000E-02   1.0866000E+04   5.9030000E+03   6.0130000E+03   3.1430000E+03
   4.6666667E-02   1.0634000E+04   5.7350000E+03   5.9320000E+03   2.9110000E+03
   5.3333333E-02   1.0757000E+04   5.9210000E+03   5.9550000E+03   3.0880000E+03
   6.0000000E-02   1.0779000E+04   5.8300000E+03   5.9460000E+03   3.0070000E+03
   6.6666667E-02   1.0635000E+04   5.7560000E+03   5.9470000E+03   3.0260000E+03
   7.3333333E-02   1.0669000E+04   5.9200000E+03   5.9120000E+03   2.9980000E+03
   8.0000000E-02   1.0657000E+04   5.9820000E+03   5.9620000E+03   3.0570000E+03
   8.6666667E-02   1.0425000E+04   5.9230000E+03   5.8980000E+03   3.0350000E+03
   9.3333333E-02   1.0585000E+04   5.8360000E+03   5.8690000E+03   2.9870000E+03
   1.0000000E-01   1.0344000E+04   5.9080000E+03   5.7850000E+03   3.0390000E+03
   1.0666667E-01   1.0270000E+04   6.0100000E+03   5.6630000E+03   3.1030000E+03
   1.1333333E-01   1.0347000E+04   6.0070000E+03   5.7390000E+03   3.1030000E+03
   1.2000000E-01   1.0059000E+04   5.8210000E+03   5.5660000E+03   2.9350000E+03
   1.2666667E-01   1.0081000E+04   5.9190000E+03   5.5690000E+03   2.9930000E+03
   1.3333333E-01   1.0003000E+04   5.8660000E+03   5.5160000E+03   3.0580000E+03
   1.4000000E-01   1.0099000E+04   5.8820000E+03   5.6930000E+03   2.9570000E+03
   1.4666667E-01   9.7660000E+03   5.8810000E+03   5.4750000E+03   2.9450000E+03
   1.5333333E-01   9.9010000E+03   5.8150000E+03   5.4700000E+03   2.9840000E+03
   1.6000000E-01   9.8320000E+03   5.9740000E+03   5.4760000E+03   2.9920000E+03
   1.6666667E-01   9.6340000E+03   5.9240000E+03   5.3960000E+03   3.0330000E+03
   1.7333333E-01   9.8400000E+03   5.9670000E+03   5.4740000E+03   3.0470000E+03
   1.8000000E-01   9.7380000E+03   5.9080000E+03   5.5030000E+03   3.0070000E+03
   1.8666667E-01   9.5230000E+03   5.9820000E+03   5.3240000E+03   3.0310000E+03
   1.9333333E-01   9.6530000E+03   6.1680000E+03   5.4690000E+03   3.1700000E+03
   2.0000000E-01   9.2720000E+03   5.9150000E+03   5.2300000E+03   2.9690000E+03
   2.0666667E-01   9.4130000E+03   6.0540000E+03   5.2210000E+03   3.0880000E+03
   2.1333333E-01   9.2180000E+03   5.9560000E+03   5.2380000E+03   2.9260000E+03
   2.2000000E-01   9.2530000E+03   5.9540000E+03   5.2320000E+03   3.0510000E+03
   2.2666667E-01   9.3340000E+03   6.0320000E+03   5.2330000E+03   3.0120000E+03
   2.3333333E-01   9.1740000E+03   6.0270000E+03   5.2520000E+03   2.9770000E+03
   2.4000000E-01   9.3740000E+03   6.1160000E+03   5.2210000E+03   3.0670000E+03
   2.4666667E-01   9.0990000E+03   6.0090000E+03   5.2120000E+03   2.9940000E+03
   2.5333333E-01   8.9770000E+03   6.0400000E+03   5.1270000E+03   3.0250000E+03
   2.6000000E-01   8.9180000E+03   5.8760000E+03   5.1100000E+03   2.9500000E+03
   2.6666667E-01   9.0520000E+03   6.0700000E+03   5.1040000E+03   3.0400000E+03
   2.7333333E-01   8.9190000E+03   5.9290000E+03   5.1290000E+03   2.9480000E+03
   2.8000000E-01   8.8340000E+03   5.9050000E+03   5.0550000E+03   2.8810000E+03
   2.8666667E-01   8.7230000E+03   6.0490000E+03   4.9890000E+03   2.9620000E+03
   2.9333333E-01   8.7140000E+03   6.1900000E+03   5.0000000E+03   3.1840000E+03
   3.0000000E-01   8.5090000E+03   5.9840000E+03   4.8620000E+03   3.0500000E+03
   3.0666667E-01   8.7240000E+03   6.0000000E+03   5.0720000E+03   3.0670000E+03
   3.1333333E-01   8.5470000E+03   5.7690000E+03   4.9670000E+03   2.8780000E+03
   3.2000000E-01   8.3770000E+03   6.0470000E+03   4.8300000E+03   3.0240000E+03
   3.2666667E-01   8.4420000E+03   6.1140000E+03   4.9340000E+03   3.0140000E+03
   3.3333333E-01   8.4640000E+03   6.0540000E+03   4.9830000E+03   3.1120000E+03
   3.4000000E-01   8.2670000E+03   6.0230000E+03   4.7930000E+03   3.0560000E+03
   3.4666667E-01   8.4040000E+03   6.1180000E+03   4.8700000E+03   3.0760000E+03
   3.5333333E-01   8.1340000E+03   5.9920000E+03   4.7310000E+03   3.0160000E+03
   3.6000000E-01   8.1460000E+03   6.1080000E+03   4.7450000E+03   3.0220000E+03
   3.6666667E-01   8.0540000E+03   5.9000000E+03   4.7170000E+03   2.9740000E+03
   3.7333333E-01   8.0160000E+03   5.9690000E+03   4.6090000E+03   2.9920000E+03
   3.8000000E-01   8.1180000E+03   5.9840000E+03   4.7950000E+03   3.0150000E+03
   3.8666667E-01   7.9170000E+03   6.0440000E+03   4.7090000E+03   3.0260000E+03
   3.9333333E-01   7.8080000E+03   6.2600000E+03   4.5500000E+03   3.1680000E+03
   4.0000000E-01   7.7650000E+03   6.0160000E+03   4.5310000E+03   3.0270000E+03
   4.0666667E-01   7.8550000E+03   5.9880000E+03   4.6370000E+03   3.0420000E+03
   4.1333333E-01   7.7380000E+03   6.0230000E+03   4.6120000E+03   2.9360000E+03
   4.2000000E-01   7.5850000E+03   5.9150000E+03   4.5610000E+03   3.0240000E+03
   4.2666667E-01   7.6730000E+03   6.0120000E+03   4.5420000E+03   3.0030000E+03
   4.3333333E-01   7.6210000E+03   6.1030000E+03   4.5330000E+03   3.0340000E+03
   4.4000000E-01   7.3590000E+03   6.1240000E+03   4.3710000E+03   3.0310000E+03
   4.4666667E-01   7.4230000E+03   6.1610000E+03   4.3820000E+03   3.1030000E+03
   4.5333333E-01   7.5970000E+03   6.1460000E+03   4.5060000E+03   3.0870000E+03
   4.6000000E-01   7.4180000E+03   6.0490000E+03   4.4520000E+03   3.0190000E+03
   4.6666667E-01   7.3950000E+03   5.8380000E+03   4.4940000E+03   2.9110000E+03
   4.7333333E-01   7.0580000E+03   6.0100000E+03   4.2920000E+03   3.0280000E+03
   4.8000000E-01   7.1760000E+03   5.9480000E+03   4.3670000E+03   2.9770000E+03
   4.8666667E-01   7.1610000E+03   5.9240000E+03   4.3410000E+03   2.9640000E+03
   4.9333333E-01   7.2280000E+03   6.0770000E+03   4.3150000E+03   2.9650000E+03
   5.0000000E-01   7.2280000E+03   6.1210000E+03   4.3600000E+03   3.0070000E+03
   5.0666667E-01   7.0190000E+03   6.0580000E+03   4.3400000E+03   3.0480000E+03
   5.1333333E-01   7.1000000E+03   6.1330000E+03   4.3050000E+03   3.0680000E+03
   5.2000000E-01   6.9380000E+03   5.9810000E+03   4.2550000E+03   2.9700000E+03
   5.2666667E-01   7.0090000E+03   6.1040000E+03   4.3190000E+03   3.0760000E+03
   5.3333333E-01   6.9930000E+03   6.1650000E+03   4.2220000E+03   3.0200000E+03
   5.4000000E-01   6.8180000E+03   6.0850000E+03   4.1990000E+03   3.0230000E+03
   5.4666667E-01   6.9220000E+03   6.1950000E+03   4.3660000E+03   3.1120000E+03
   5.5333333E-01   6.8550000E+03   6.0750000E+03   4.1900000E+03   3.0220000E+03
   5.6000000E-01   6.7580000E+03   6.0980000E+03   4.2130000E+03   3.0310000E+03
   5.6666667E-01   6.6750000E+03   6.0990000E+03   4.1530000E+03   3.0170000E+03
   5.7333333E-01   6.7580000E+03   5.9940000E+03   4.1700000E+03   2.9430000E+03
   5.8000000E-01   6.5880000E+03   6.0190000E+03   4.0620000E+03   2.9260000E+03
   5.8666667E-01   6.5230000E+03   6.1570000E+03   4.0590000E+03   3.0420000E+03
   5.9333333E-01   6.4040000E+03   6.0380000E+03   3.9560000E+03   2.9990000E+03
   6.0000000E-01   6.5190000E+03   6.0850000E+03   4.0530000E+03   3.0120000E+03
   6.0666667E-01   6.5250000E+03   6.1840000E+03   4.0680000E+03   3.0180000E+03
   6.1333333E-01   6.3010000E+03   6.1600000E+03   3.9360000E+03   3.0430000E+03
   6.2000000E-01   6.4240000E+03   6.0310000E+03   4.0640000E+03   3.0220000E+03
   6.2666667E-01   6.3660000E+03   6.0470000E+03   4.0360000E+03   2.9340000E+03
   6.3333333E-01   6.3680000E+03   6.0220000E+03   4.1300000E+03   3.0090000E+03
   6.4000000E-01   6.1650000E+03   5.9560000E+03   3.9600000E+03   2.9540000E+03
   6.4666667E-01   6.3800000E+03   6.0040000E+03   4.0870000E+03   2.9960000E+03
   6.5333333E-01   6.2970000E+03   6.0460000E+03   4.0230000E+03   2.9400000E+03
   6.6000000E-01   6.1990000E+03   6.0450000E+03   3.9680000E+03   2.9590000E+03
   6.6666667E-01   6.1130000E+03   5.8930000E+03   3.9390000E+03   2.9010000E+03
   6.7333333E-01   6.0740000E+03   6.0540000E+03   3.8690000E+03   2.9400000E+03
   6.8000000E-01   6.0030000E+03   5.9750000E+03   3.9240000E+03   2.8760000E+03
   6.8666667E-01   6.0040000E+03   6.1110000E+03   3.8960000E+03   3.0340000E+03
   6.9333333E-01   5.9580000E+03   5.9390000E+03   3.8770000E+03   2.8870000E+03
   7.0000000E-01   5.9700000E+03   6.0330000E+03   3.9040000E+03   2.9500000E+03
   7.0666667E-01   6.1220000E+03   5.9940000E+03   4.0360000E+03   2.9330000E+03
   7.1333333E-01   5.9110000E+03   5.9390000E+03   3.8260000E+03   2.8600000E+03
   7.2000000E-01   5.9850000E+03   5.9620000E+03   3.9150000E+03   2.8980000E+03
   7.2666667E-01   5.8110000E+03   6.0300000E+03   3.8360000E+03   2.9480000E+03
   7.3333333E-01   5.9050000E+03   5.9600000E+03   3.9450000E+03   2.8710000E+03
   7.4000000E-01   5.8500000E+03   6.0110000E+03   3.9120000E+03   2.9410000E+03
   7.4666667E-01   5.8550000E+03   6.0080000E+03   3.9310000E+03   2.9460000E+03
   7.5333333E-01   5.6440000E+03   6.0660000E+03   3.8160000E+03   2.9400000E+03
   7.6000000E-01   5.7290000E+03   5.8990000E+03   3.8560000E+03   2.8590000E+03
   7.6666667E-01   5.8160000E+03   5.9370000E+03   3.9480000E+03   2.8320000E+03
   7.7333333E-01   5.6650000E+03   6.0370000E+03   3.8380000E+03   2.8340000E+03
   7.8000000E-01   5.6180000E+03   5.9360000E+03   3.7960000E+03   2.8220000E+03
   7.8666667E-01   5.5750000E+03   6.0470000E+03   3.7890000E+03   2.8780000E+03
   7.9333333E-01   5.5970000E+03   5.8630000E+03   3.7380000E+03   2.7890000E+03
   8.0000000E-01   5.6180000E+03   5.9590000E+03   3.8350000E+03   2.8810000E+03
   8.0666667E-01   5.4950000E+03   5.9250000E+03   3.7890000E+03   2.8110000E+03
   8.1333333E-01   5.4280000E+03   6.0110000E+03   3.6700000E+03   2.8300000E+03
   8.2000000E-01   5.5150000E+03   5.9530000E+03   3.7580000E+03   2.8100000E+03
   8.2666667E-01   5.4930000E+03   5.7830000E+03   3.8340000E+03   2.7430000E+03
   8.3333333E-01   5.3970000E+03   5.8930000E+03   3.7430000E+03   2.8260000E+03
   8.4000000E-01   5.4130000E+03   5.9600000E+03   3.8040000E+03   2.8270000E+03
   8.4666667E-01   5.2740000E+03   5.8310000E+03   3.7050000E+03   2.8110000E+03
   8.5333333E-01   5.4950000E+03   5.8520000E+03   3.9060000E+03   2.7970000E+03
   8.6000000E-01   5.4200000E+03   5.8770000E+03   3.8220000E+03   2.7740000E+03
   8.6666667E-01   5.1520000E+03   5.9430000E+03   3.6730000E+03   2.8510000E+03
   8.7333333E-01   5.3270000E+03   5.9470000E+03   3.7980000E+03   2.8510000E+03
   8.8000000E-01   5.2830000E+03   5.9530000E+03   3.7680000E+03   2.7870000E+03
   8.8666667E-01   5.1230000E+03   5.7530000E+03   3.6180000E+03   2.6690000E+03
   8.9333333E-01   5.2810000E+03   5.8110000E+03   3.7690000E+03   2.7610000E+03
   9.0000000E-01   5.2100000E+03   5.8580000E+03   3.6880000E+03   2.7580000E+03
   9.0666667E-01   5.1680000E+03   5.9250000E+03   3.7250000E+03   2.8220000E+03
   9.1333333E-01   5.2080000E+03   5.7930000E+03   3.7770000E+03   2.7870000E+03
   9.2000000E-01   5.1810000E+03   5.8830000E+03   3.7510000E+03   2.7310000E+03
   9.2666667E-01   5.0490000E+03   5.8180000E+03   3.6760000E+03   2.7420000E+03
   9.3333333E-01   5.1750000E+03   5.7870000E+03   3.7990000E+03   2.6880000E+03
   9.4000000E-01   5.0190000E+03   5.7900000E+03   3.7080000E+03   2.6860000E+03
   9.4666667E-01   5.0390000E+03   5.7550000E+03   3.7160000E+03   2.6740000E+03
   9.5333333E-01   5.0100000E+03   5.7470000E+03   3.6430000E+03   2.7010000E+03
   9.6000000E-01   5.0760000E+03   5.8240000E+03   3.7780000E+03   2.7600000E+03
   9.6666667E-01   4.9160000E+03   5.7740000E+03   3.6070000E+03   2.6230000E+03
   9.7333333E-01   5.0770000E+03   5.8800000E+03   3.7670000E+03   2.7760000E+03
   9.8000000E-01   4.9840000E+03   5.7550000E+03   3.7150000E+03   2.6320000E+03
   9.8666667E-01   4.9070000E+03   5.9070000E+03   3.6530000E+03   2.6890000E+03
   9.9333333E-01   4.9690000E+03   5.7500000E+03   3.7500000E+03   2.6380000E+03
   1.0000000E+00   4.9630000E+03   5.7240000E+03   3.7400000E+03   2.6370000E+03
   1.0066667E+00   4.9740000E+03   5.8420000E+03   3.8010000E+03   2.7180000E+03
   1.0133333E+00   4.8120000E+03   5.6410000E+03   3.6230000E+03   2.6430000E+03
   1.0200000E+00   4.8040000E+03   5.6900000E+03   3.6020000E+03   2.5860000E+03
   1.0266667E+00   4.8520000E+03   5.7610000E+03   3.7390000E+03   2.6380000E+03
   1.0333333E+00   4.8190000E+03   5.7070000E+03   3.6330000E+03   2.6060000E+03
   1.0400000E+00   4.7780000E+03   5.7290000E+03   3.6590000E+03   2.6700000E+03
   1.0466667E+00   4.9370000E+03   5.6630000E+03   3.8090000E+03   2.5600000E+03
   1.0533333E+00   4.6600000E+03   5.6030000E+03   3.6360000E+03   2.5640000E+03
   1.0600000E+00   4.7720000E+03   5.7630000E+03   3.6850000E+03   2.5890000E+03
   1.0666667E+00   4.7630000E+03   5.7550000E+03   3.7160000E+03   2.6260000E+03
   1.0733333E+00   4.8060000E+03   5.6450000E+03   3.7550000E+03   2.4750000E+03
   1.0800000E+00   4.7740000E+03   5.6020000E+03   3.7630000E+03   2.4950000E+03
   1.0866667E+00   4.7250000E+03   5.4770000E+03   3.6890000E+03   2.5440000E+03
   1.0933333E+00   4.7180000E+03   5.6750000E+03   3.7240000E+03   2.5760000E+03
   1.1000000E+00   4.6040000E+03   5.6750000E+03   3.6540000E+03   2.5650000E+03
   1.1066667E+00   4.6950000E+03   5.6740000E+03   3.7110000E+03   2.5660000E+03
   1.1133333E+00   4.6750000E+03   5.5630000E+03   3.7760000E+03   2.5030000E+03
   1.1200000E+00   4.7100000E+03   5.5530000E+03   3.7650000E+03   2.5030000E+03
   1.1266667E+00   4.6560000E+03   5.4960000E+03   3.7400000E+03   2.4420000E+03
   1.1333333E+00   4.5990000E+03   5.6040000E+03   3.7040000E+03   2.4980000E+03
   1.1400000E+00   4.5690000E+03   5.5370000E+03   3.6570000E+03   2.4290000E+03
   1.1466667E+00   4.6670000E+03   5.4060000E+03   3.7620000E+03   2.3730000E+03
   1.1533333E+00   4.5450000E+03   5.5610000E+03   3.7180000E+03   2.4630000E+03
   1.1600000E+00   4.5700000E+03   5.4380000E+03   3.7320000E+03   2.4020000E+03
   1.1666667E+00   4.5330000E+03   5.4700000E+03   3.7240000E+03   2.3810000E+03
   1.1733333E+00   4.6230000E+03   5.4580000E+03   3.8540000E+03   2.4160000E+03
   1.1800000E+00   4.6420000E+03   5.5840000E+03   3.8710000E+03   2.4870000E+03
   1.1866667E+00   4.4710000E+03   5.3620000E+03   3.6950000E+03   2.3310000E+03
   1.1933333E+00   4.5330000E+03   5.3500000E+03   3.7260000E+03   2.2960000E+03
   1.2000000E+00   4.5160000E+03   5.3730000E+03   3.7980000E+03   2.2760000E+03
   1.2066667E+00   4.5460000E+03   5.3550000E+03   3.7920000E+03   2.3650000E+03
   1.2133333E+00   4.5570000E+03   5.3350000E+03   3.8600000E+03   2.3050000E+03
   1.2200000E+00   4.6730000E+03   5.4050000E+03   3.9870000E+03   2.3480000E+03
   1.2266667E+00   4.6020000E+03   5.3210000E+03   3.9320000E+03   2.3060000E+03
   1.2333333E+00   4.5010000E+03   5.3210000E+03   3.8560000E+03   2.3050000E+03
   1.2400000E+00   4.3990000E+03   5.2260000E+03   3.6930000E+03   2.2250000E+03
   1.2466667E+00   4.4040000E+03   5.3430000E+03   3.7800000E+03   2.2920000E+03
   1.2533333E+00   4.4920000E+03   5.3260000E+03   3.8490000E+03   2.2900000E+03
   1.2600000E+00   4.5630000E+03   5.3340000E+03   3.9510000E+03   2.3150000E+03
   1.2666667E+00   4.4900000E+03   5.1220000E+03   3.8560000E+03   2.2240000E+03
   1.2733333E+00   4.4560000E+03   5.3720000E+03   3.8500000E+03   2.3470000E+03
   1.2800000E+00   4.5230000E+03   5.2240000E+03   3.8830000E+03   2.2760000E+03
   1.2866667E+00   4.5390000E+03   5.1770000E+03   4.0160000E+03   2.1830000E+03
   1.2933333E+00   4.4030000E+03   5.2250000E+03   3.8560000E+03   2.1880000E+03
   1.3000000E+00   4.5320000E+03   5.3230000E+03   3.9650000E+03   2.2580000E+03
   1.3066667E+00   4.5080000E+03   5.0790000E+03   3.9390000E+03   2.1500000E+03
   1.3133333E+00   4.4920000E+03   5.3310000E+03   3.9610000E+03   2.2120000E+03
   1.3200000E+00   4.4710000E+03   5.0810000E+03   3.9300000E+03   2.0660000E+03
   1.3266667E+00   4.5750000E+03   5.0840000E+03   4.0580000E+03   2.0650000E+03
   1.3333333E+00   4.5060000E+03   5.1650000E+03   3.9920000E+03   2.1660000E+03
   1.3400000E+00   4.5110000E+03   5.0070000E+03   4.0330000E+03   2.0590000E+03
   1.3466667E+00   4.5170000E+03   5.1030000E+03   4.0670000E+03   2.0620000E+03
   1.3533333E+00   4.4100000E+03   4.9580000E+03   3.9670000E+03   1.9920000E+03
   1.3600000E+00   4.5190000E+03   5.1270000E+03   4.0680000E+03   2.1050000E+03
   1.3666667E+00   4.8390000E+03   4.9550000E+03   4.3680000E+03   2.0160000E+03
   1.3733333E+00   4.5260000E+03   5.1190000E+03   4.1060000E+03   2.0870000E+03
   1.3800000E+00   4.6560000E+03   4.9880000E+03   4.2270000E+03   2.0590000E+03
   1.3866667E+00   4.5250000E+03   5.0640000E+03   4.1390000E+03   2.0620000E+03
   1.3933333E+00   4.4890000E+03   4.8320000E+03   4.0860000E+03   1.9070000E+03
   1.4000000E+00   4.6340000E+03   5.0160000E+03   4.2530000E+03   2.0240000E+03
   1.4066667E+00   4.6380000E+03   4.9510000E+03   4.2550000E+03   1.9580000E+03
   1.4133333E+00   4.7180000E+03   5.0520000E+03   4.3020000E+03   2.0670000E+03
   1.4200000E+00   4.7180000E+03   4.9160000E+03   4.3650000E+03   1.9990000E+03
   1.4266667E+00   4.6200000E+03   4.9380000E+03   4.2780000E+03   1.9430000E+03
   1.4333333E+00   4.5200000E+03   4.8840000E+03   4.1870000E+03   1.8960000E+03
   1.4400000E+00   4.7130000E+03   4.8860000E+03   4.3820000E+03   1.9530000E+03
   1.4466667E+00   4.6080000E+03   4.8990000E+03   4.2390000E+03   1.9720000E+03
   1.4533333E+00   4.5840000E+03   4.9200000E+03   4.2610000E+03   1.9050000E+03
   1.4600000E+00   4.6960000E+03   4.9590000E+03   4.3980000E+03   1.9840000E+03
   1.4666667E+00   4.6760000E+03   4.7210000E+03   4.3750000E+03   1.8770000E+03
   1.4733333E+00   4.7090000E+03   4.8320000E+03   4.4440000E+03   1.9460000E+03
   1.4800000E+00   4.7110000E+03   4.8020000E+03   4.4350000E+03   1.9200000E+03
   1.4866667E+00   4.8440000E+03   4.7640000E+03   4.5660000E+03   1.9490000E+03
   1.4933333E+00   4.7150000E+03   4.6700000E+03   4.4230000E+03   1.8420000E+03
   1.5000000E+00   4.7820000E+03   4.6930000E+03   4.5210000E+03   1.8240000E+03
   1.5066667E+00   4.7840000E+03   4.7140000E+03   4.5510000E+03   1.8590000E+03
   1.5133333E+00   4.7480000E+03   4.6340000E+03   4.4890000E+03   1.8130000E+03
   1.5200000E+00   4.8200000E+03   4.8250000E+03   4.5890000E+03   1.9180000E+03
   1.5266667E+00   4.7320000E+03   4.7300000E+03   4.4860000E+03   1.8430000E+03
   1.5333333E+00   4.7890000E+03   4.5030000E+03   4.5670000E+03   1.7430000E+03
   1.5400000E+00   4.9020000E+03   4.6130000E+03   4.6590000E+03   1.8130000E+03
   1.5466667E+00   4.7900000E+03   4.5870000E+03   4.5910000E+03   1.7830000E+03
   1.5533333E+00   4.9290000E+03   4.5960000E+03   4.7160000E+03   1.7350000E+03
   1.5600000E+00   4.8830000E+03   4.5110000E+03   4.6520000E+03   1.7320000E+03
   1.5666667E+00   4.9980000E+03   4.4940000E+03   4.7870000E+03   1.7310000E+03
   1.5733333E+00   4.9320000E+03   4.5010000E+03   4.7130000E+03   1.7330000E+03
   1.5800000E+00   5.0300000E+03   4.5340000E+03   4.8100000E+03   1.7270000E+03
   1.5866667E+00   4.8520000E+03   4.3990000E+03   4.6600000E+03   1.7110000E+03
   1.5933333E+00   4.8970000E+03   4.3770000E+03   4.7070000E+03   1.6390000E+03
   1.6000000E+00   4.9170000E+03   4.4550000E+03   4.7270000E+03   1.6460000E+03
   1.6066667E+00   4.8140000E+03   4.3620000E+03   4.6280000E+03   1.5620000E+03
   1.6133333E+00   4.9380000E+03   4.3880000E+03   4.7580000E+03   1.6050000E+03
   1.6200000E+00   4.9530000E+03   4.5320000E+03   4.7550000E+03   1.7360000E+03
   1.6266667E+00   5.0210000E+03   4.4070000E+03   4.8420000E+03   1.6210000E+03
   1.6333333E+00   4.9600000E+03   4.3740000E+03   4.7910000E+03   1.5420000E+03
   1.6400000E+00   5.0140000E+03   4.2860000E+03   4.8620000E+03   1.5690000E+03
   1.6466667E+00   4.9520000E+03   4.2260000E+03   4.7820000E+03   1.5050000E+03
   1.6533333E+00   5.0090000E+03   4.3100000E+03   4.8570000E+03   1.5360000E+03
   1.6600000E+00   5.0040000E+03   4.3180000E+03   4.8460000E+03   1.5030000E+03
   1.6666667E+00   5.0720000E+03   4.2400000E+03   4.9120000E+03   1.5670000E+03
   1.6733333E+00   4.9800000E+03   4.2150000E+03   4.8360000E+03   1.5400000E+03
   1.6800000E+00   5.0060000E+03   4.3520000E+03   4.8650000E+03   1.5600000E+03
   1.6866667E+00   5.1490000E+03   4.1350000E+03   4.9900000E+03   1.5000000E+03
   1.6933333E+00   5.1910000E+03   4.1490000E+03   5.0700000E+03   1.4780000E+03
   1.7000000E+00   5.2700000E+03   4.2230000E+03   5.1170000E+03   1.4600000E+03
   1.7066667E+00   5.2140000E+03   4.0730000E+03   5.0680000E+03   1.4530000E+03
   1.7133333E+00   5.0910000E+03   4.0820000E+03   4.9790000E+03   1.4250000E+03
   1.7200000E+00   5.1430000E+03   4.0380000E+03   5.0080000E+03   1.4490000E+03
   1.7266667E+00   5.2750000E+03   4.0080000E+03   5.1450000E+03   1.4380000E+03
   1.7333333E+00   5.2810000E+03   4.0150000E+03   5.1480000E+03   1.4460000E+03
   1.7400000E+00   5.0820000E+03   4.0290000E+03   4.9650000E+03   1.3810000E+03
   1.7466667E+00   5.2160000E+03   4.0380000E+03   5.0890000E+03   1.3920000E+03
   1.7533333E+00   5.2210000E+03   4.0250000E+03   5.0970000E+03   1.3950000E+03
   1.7600000E+00   5.1550000E+03   3.9430000E+03   5.0430000E+03   1.3530000E+03
   1.7666667E+00   5.1900000E+03   3.9120000E+03   5.0700000E+03   1.3020000E+03
   1.7733333E+00   5.1180000E+03   3.9600000E+03   5.0180000E+03   1.3490000E+03
   1.7800000E+00   5.3210000E+03   3.9370000E+03   5.2090000E+03   1.2940000E+03
   1.7866667E+00   5.2240000E+03   3.8970000E+03   5.1190000E+03   1.2960000E+03
   1.7933333E+00   5.2630000E+03   3.9520000E+03   5.1410000E+03   1.2880000E+03
   1.8000000E+00   5.2290000E+03   3.8300000E+03   5.1310000E+03   1.2460000E+03
   1.8066667E+00   5.2850000E+03   3.8730000E+03   5.1950000E+03   1.2280000E+03
   1.8133333E+00   5.3980000E+03   3.8010000E+03   5.2940000E+03   1.2470000E+03
   1.8200000E+00   5.2810000E+03   3.7850000E+03   5.1630000E+03   1.2230000E+03
   1.8266667E+00   5.3270000E+03   3.6880000E+03   5.2340000E+03   1.1750000E+03
   1.8333333E+00   5.3610000E+03   3.6750000E+03   5.2780000E+03   1.2190000E+03
   1.8400000E+00   5.4330000E+03   3.7030000E+03   5.3340000E+03   1.2000000E+03
   1.8466667E+00   5.3860000E+03   3.6460000E+03   5.2920000E+03   1.1570000E+03
   1.8533333E+00   5.4060000E+03   3.7390000E+03   5.3210000E+03   1.2130000E+03
   1.8600000E+00   5.3230000E+03   3.7030000E+03   5.2300000E+03   1.1420000E+03
   1.8666667E+00   5.3060000E+03   3.6140000E+03   5.2310000E+03   1.1280000E+03
   1.8733333E+00   5.4590000E+03   3.5910000E+03   5.3660000E+03   1.1050000E+03
   1.8800000E+00   5.4350000E+03   3.6400000E+03   5.3500000E+03   1.1430000E+03
   1.8866667E+00   5.3850000E+03   3.5660000E+03   5.2990000E+03   1.0840000E+03
   1.8933333E+00   5.4330000E+03   3.4860000E+03   5.3570000E+03   1.0820000E+03
   1.9000000E+00   5.4460000E+03   3.4600000E+03   5.3590000E+03   1.0570000E+03
   1.9066667E+00   5.5890000E+03   3.4520000E+03   5.4830000E+03   1.0100000E+03
   1.9133333E+00   5.5560000E+03   3.4510000E+03   5.4760000E+03   1.0480000E+03
   1.9200000E+00   5.5570000E+03   3.4800000E+03   5.4660000E+03   1.0470000E+03
   1.9266667E+00   5.6380000E+03   3.4810000E+03   5.5580000E+03   1.0380000E+03
   1.9333333E+00   5.3760000E+03   3.3980000E+03   5.2920000E+03   1.0500000E+03
   1.9400000E+00   5.5190000E+03   3.4200000E+03   5.4190000E+03   1.0110000E+03
   1.9466667E+00   5.6060000E+03   3.4060000E+03   5.5180000E+03   9.4200000E+02
   1.9533333E+00   5.6310000E+03   3.3850000E+03   5.5400000E+03   9.5600000E+02
   1.9600000E+00   5.6090000E+03   3.5100000E+03   5.5100000E+03   1.0420000E+03
   1.9666667E+00   5.6110000E+03   3.3650000E+03   5.5180000E+03   9.7700000E+02
   1.9733333E+00   5.4500000E+03   3.3600000E+03   5.3730000E+03   9.6800000E+02
   1.9800000E+00   5.5610000E+03   3.2860000E+03   5.4730000E+03   9.0700000E+02
   1.9866667E+00   5.6290000E+03   3.0710000E+03   5.5400000E+03   8.5200000E+02
   1.9933333E+00   5.6080000E+03   3.2570000E+03   5.5470000E+03   9.2100000E+02
   2.0000000E+00   5.4840000E+03   3.1320000E+03   5.4080000E+03   9.0100000E+02
   2.0066667E+00   5.7190000E+03   3.1960000E+03   5.6170000E+03   9.0000000E+02
   2.0133333E+00   5.6930000E+03   3.2490000E+03   5.5980000E+03   8.6300000E+02
   2.0200000E+00   5.7630000E+03   3.1470000E+03   5.6690000E+03   9.0400000E+02
   2.0266667E+00   5.7880000E+03   3.1570000E+03   5.6910000E+03   8.6900000E+02
   2.0333333E+00   5.5680000E+03   3.0340000E+03   5.4830000E+03   8.4300000E+02
   2.0400000E+00   5.8800000E+03   3.0530000E+03   5.7750000E+03   8.0900000E+02
   2.0466667E+00   5.6770000E+03   3.0110000E+03   5.5660000E+03   8.0600000E+02
   2.0533333E+00   5.7200000E+03   3.0500000E+03   5.6220000E+03   8.2000000E+02
   2.0600000E+00   5.7010000E+03   2.9420000E+03   5.6100000E+03   7.9500000E+02
   2.0666667E+00   5.8000000E+03   2.9460000E+03   5.7000000E+03   7.5100000E+02
   2.0733333E+00   5.8230000E+03   2.9280000E+03   5.7010000E+03   7.7400000E+02
   2.0800000E+00   5.8480000E+03   2.8790000E+03   5.7460000E+03   7.3200000E+02
   2.0866667E+00   5.8850000E+03   2.9340000E+03   5.7720000E+03   7.9500000E+02
   2.0933333E+00   5.7710000E+03   2.8620000E+03   5.6640000E+03   7.6900000E+02
   2.1000000E+00   5.8370000E+03   2.8350000E+03   5.6970000E+03   7.3100000E+02
   2.1066667E+00   5.7170000E+03   2.9300000E+03   5.5990000E+03   7.3100000E+02
   2.1133333E+00   5.8480000E+03   2.8610000E+03   5.7240000E+03   7.2700000E+02
   2.1200000E+00   5.7850000E+03   2.7930000E+03   5.6720000E+03   6.9100000E+02
   2.1266667E+00   5.9170000E+03   2.7590000E+03   5.7940000E+03   6.5300000E+02
   2.1333333E+00   5.8210000E+03   2.7840000E+03   5.6830000E+03   7.1800000E+02
   2.1400000E+00   5.8020000E+03   2.7780000E+03   5.6660000E+03   6.7600000E+02
   2.1466667E+00   5.8850000E+03   2.6650000E+03   5.7650000E+03   6.6100000E+02
   2.1533333E+00   6.0180000E+03   2.7050000E+03   5.8950000E+03   6.2800000E+02
   2.1600000E+00   5.9410000E+03   2.6880000E+03   5.7920000E+03   6.3500000E+02
   2.1666667E+00   5.8170000E+03   2.7010000E+03   5.6970000E+03   6.7200000E+02
   2.1733333E+00   5.8850000E+03   2.6570000E+03   5.7400000E+03   6.1100000E+02
   2.1800000E+00   5.9820000E+03   2.5870000E+03   5.8250000E+03   5.7100000E+02
   2.1866667E+00   5.9670000E+03   2.5900000E+03   5.8230000E+03   5.6200000E+02
   2.1933333E+00   5.8810000E+03   2.5440000E+03   5.7290000E+03   5.6500000E+02
   2.2000000E+00   5.8440000E+03   2.5470000E+03   5.7070000E+03   5.4600000E+02
   2.2066667E+00   5.9600000E+03   2.5750000E+03   5.8100000E+03   5.7700000E+02
   2.2133333E+00   5.9930000E+03   2.5740000E+03   5.8300000E+03   5.1900000E+02
   2.2200000E+00   5.9510000E+03   2.5580000E+03   5.7990000E+03   5.5000000E+02
   2.2266667E+00   6.0390000E+03   2.5550000E+03   5.8500000E+03   5.3000000E+02
   2.2333333E+00   5.9950000E+03   2.5410000E+03   5.7970000E+03   5.4800000E+02
   2.2400000E+00   6.0040000E+03   2.4890000E+03   5.8470000E+03   4.8300000E+02
   2.2466667E+00   5.8990000E+03   2.5160000E+03   5.7120000E+03   5.1300000E+02
   2.2533333E+00   6.0670000E+03   2.3320000E+03   5.8530000E+03   4.6700000E+02
   2.2600000E+00   6.1330000E+03   2.4420000E+03   5.9190000E+03   4.7500000E+02
   2.2666667E+00   5.9290000E+03   2.3490000E+03   5.7300000E+03   4.6900000E+02
   2.2733333E+00   6.0260000E+03   2.3160000E+03   5.8110000E+03   4.6800000E+02
   2.2800000E+00   6.0750000E+03   2.2810000E+03   5.8770000E+03   4.3300000E+02
   2.2866667E+00   5.8830000E+03   2.4060000E+03   5.6830000E+03   4.6200000E+02
   2.2933333E+00   5.9990000E+03   2.2850000E+03   5.7880000E+03   4.1900000E+02
   2.3000000E+00   6.0200000E+03   2.2360000E+03   5.8150000E+03   3.8900000E+02
   2.3066667E+00   5.9220000E+03   2.2160000E+03   5.7350000E+03   3.7500000E+02
   2.3133333E+00   6.0430000E+03   2.2840000E+03   5.8460000E+03   3.9000000E+02
   2.3200000E+00   6.0620000E+03   2.2310000E+03   5.8660000E+03   3.8300000E+02
   2.3266667E+00   5.9870000E+03   2.1570000E+03   5.7720000E+03   3.7300000E+02
   2.3333333E+00   5.9540000E+03   2.1920000E+03   5.7240000E+03   3.3300000E+02
   2.3400000E+00   6.1000000E+03   2.1340000E+03   5.8830000E+03   3.4200000E+02
   2.3466667E+00   6.0790000E+03   2.0320000E+03   5.8550000E+03   3.2000000E+02
   2.3533333E+00   6.2020000E+03   2.1480000E+03   5.9540000E+03   3.2200000E+02
   2.3600000E+00   6.0560000E+03   2.0390000E+03   5.8330000E+03   3.5000000E+02
   2.3666667E+00   6.0430000E+03   2.0670000E+03   5.8260000E+03   2.9500000E+02
   2.3733333E+00   6.0410000E+03   2.0850000E+03   5.8020000E+03   3.1500000E+02
   2.3800000E+00   6.2020000E+03   2.0300000E+03   5.9710000E+03   2.9400000E+02
   2.3866667E+00   6.1020000E+03   2.1170000E+03   5.8620000E+03   3.3100000E+02
   2.3933333E+00   6.0490000E+03   2.0110000E+03   5.8060000E+03   3.0300000E+02
   2.4000000E+00   6.0630000E+03   2.0110000E+03   5.8520000E+03   2.8600000E+02
   2.4066667E+00   6.1020000E+03   1.9680000E+03   5.8600000E+03   2.5200000E+02
   2.4133333E+00   5.9460000E+03   1.9030000E+03   5.6980000E+03   2.5700000E+02
   2.4200000E+00   5.9750000E+03   1.9980000E+03   5.7290000E+03   2.4500000E+02
   2.4266667E+00   6.2230000E+03   1.8290000E+03   5.9770000E+03   2.2700000E+02
   2.4333333E+00   6.1050000E+03   1.9160000E+03   5.8420000E+03   2.3300000E+02
   2.4400000E+00   6.1000000E+03   1.7900000E+03   5.8540000E+03   2.0400000E+02
   2.4466667E+00   6.0600000E+03   1.8560000E+03   5.7640000E+03   2.2300000E+02
   2.4533333E+00   6.1270000E+03   1.8320000E+03   5.8270000E+03   2.1100000E+02
   2.4600000E+00   6.0460000E+03   1.7730000E+03   5.7920000E+03   1.9800000E+02
   2.4666667E+00   6.0870000E+03   1.8250000E+03   5.8340000E+03   1.9400000E+02
   2.4733333E+00   6.1280000E+03   1.7280000E+03   5.8730000E+03   1.7200000E+02
   2.4800000E+00   6.0850000E+03   1.7240000E+03   5.8130000E+03   1.3400000E+02
   2.4866667E+00   6.0580000E+03   1.7670000E+03   5.7760000E+03   1.7800000E+02
   2.4933333E+00   6.1250000E+03   1.6970000E+03   5.8710000E+03   1.2900000E+02
   2.5000000E+00   6.1550000E+03   1.6500000E+03   5.8920000E+03   1.5100000E+02
   2.5066667E+00   6.1540000E+03   1.6850000E+03   5.8880000E+03   1.1800000E+02
   2.5133333E+00   6.1730000E+03   1.5990000E+03   5.8970000E+03   1.1200000E+02
   2.5200000E+00   6.1270000E+03   1.5530000E+03   5.8680000E+03   1.0100000E+02
   2.5266667E+00   5.9810000E+03   1.5810000E+03   5.7150000E+03   1.1500000E+02
   2.5333333E+00   6.0420000E+03   1.5890000E+03   5.7740000E+03   9.6000000E+01
   2.5400000E+00   6.1220000E+03   1.5300000E+03   5.8640000E+03   1.0100000E+02
   2.5466667E+00   6.0290000E+03   1.5400000E+03   5.7670000E+03   9.6000000E+01
   2.5533333E+00   6.1330000E+03   1.5460000E+03   5.8640000E+03   7.8000000E+01
   2.5600000E+00   6.1120000E+03   1.5550000E+03   5.8220000E+03   7.2000000E+01
   2.5666667E+00   6.1870000E+03   1.4610000E+03   5.9120000E+03   5.4000000E+01
   2.5733333E+00   6.3450000E+03   1.5010000E+03   6.0790000E+03   7.1000000E+01
   2.5800000E+00   6.3010000E+03   1.5000000E+03   6.0120000E+03   5.1000000E+01
   2.5866667E+00   6.2380000E+03   1.3990000E+03   5.9440000E+03   4.0000000E+01
   2.5933333E+00   6.2070000E+03   1.4280000E+03   5.9270000E+03   3.9000000E+01
   2.6000000E+00   6.1280000E+03   1.4300000E+03   5.8560000E+03   3.5000000E+01
   2.6066667E+00   6.0670000E+03   1.3570000E+03   5.8100000E+03   3.5000000E+01
   2.6133333E+00   5.9180000E+03   1.3920000E+03   5.6320000E+03   1.8000000E+01
   2.6200000E+00   6.0920000E+03   1.3120000E+03   5.8350000E+03   1.4000000E+01
   2.6266667E+00   6.1360000E+03   1.3440000E+03   5.8660000E+03   1.4000000E+01
   2.6333333E+00   6.0550000E+03   1.3690000E+03   5.8020000E+03   1.7000000E+01
   2.6400000E+00   6.1690000E+03   1.3440000E+03   5.8690000E+03   1.3000000E+01
   2.6466667E+00   6.0080000E+03   1.3740000E+03   5.7430000E+03   8.0000000E+00
   2.6533333E+00   6.0200000E+03   1.3200000E+03   5.7590000E+03   5.0000000E+00
   2.6600000E+00   6.0320000E+03   1.2870000E+03   5.7960000E+03   2.0000000E+00
   2.6666667E+00   5.9780000E+03   1.2200000E+03   5.7330000E+03   4.0000000E+00
   2.6733333E+00   6.1320000E+03   1.2230000E+03   5.8990000E+03   3.0000000E+00
   2.6800000E+00   6.1010000E+03   1.3000000E+03   5.8460000E+03   0.0000000E+00
   2.6866667E+00   6.0080000E+03   1.2250000E+03   5.7730000E+03   0.0000000E+00
   2.6933333E+00   6.0790000E+03   1.2420000E+03   5.8330000E+03   0.0000000E+00
   2.7000000E+00   5.9640000E+03   1.1970000E+03   5.7260000E+03   2.0000000E+00
   2.7066667E+00   6.2260000E+03   1.2190000E+03   5.9370000E+03   0.0000000E+00
   2.7133333E+00   5.9100000E+03   1.1450000E+03   5.6590000E+03   1.0000000E+00
   2.7200000E+00   5.9430000E+03   1.2010000E+03   5.7340000E+03   0.0000000E+00
   2.7266667E+00   6.0860000E+03   1.1870000E+03   5.8520000E+03   0.0000000E+00
   2.7333333E+00   6.1750000E+03   1.1260000E+03   5.9000000E+03   0.0000000E+00
   2.7400000E+00   5.9710000E+03   1.1930000E+03   5.7330000E+03   0.0000000E+00
   2.7466667E+00   6.0390000E+03   1.1750000E+03   5.8320000E+03   0.0000000E+00
   2.7533333E+00   6.1140000E+03   1.1070000E+03   5.8970000E+03   0.0000000E+00
   2.7600000E+00   6.0220000E+03   1.1290000E+03   5.7980000E+03   0.0000000E+00
   2.7666667E+00   5.9970000E+03   1.1400000E+03   5.7820000E+03   0.0000000E+00
   2.7733333E+00   6.1090000E+03   1.1060000E+03   5.8960000E+03   0.0000000E+00
   2.7800000E+00   6.0160000E+03   1.1250000E+03   5.8050000E+03   1.0000000E+00
   2.7866667E+00   5.9610000E+03   1.1010000E+03   5.7420000E+03   0.0000000E+00
   2.7933333E+00   6.0190000E+03   1.0550000E+03   5.7970000E+03   0.0000000E+00
   2.8000000E+00   5.9650000E+03   1.1060000E+03   5.7770000E+03   0.0000000E+00
   2.8066667E+00   5.9060000E+03   1.0370000E+03   5.6740000E+03   1.0000000E+00
   2.8133333E+00   5.9340000E+03   9.8800000E+02   5.7510000E+03   0.0000000E+00
   2.8200000E+00   6.0030000E+03   1.0530000E+03   5.8150000E+03   0.0000000E+00
   2.8266667E+00   6.1940000E+03   1.0270000E+03   6.0050000E+03   0.0000000E+00
   2.8333333E+00   6.1440000E+03   9.9600000E+02   5.9360000E+03   2.0000000E+00
   2.8400000E+00   6.0180000E+03   1.0000000E+03   5.8310000E+03   0.0000000E+00
   2.8466667E+00   5.9970000E+03   1.0450000E+03   5.8050000E+03   0.0000000E+00
   2.8533333E+00   5.9790000E+03   9.7500000E+02   5.8030000E+03   0.0000000E+00
   2.8600000E+00   6.0410000E+03   1.0130000E+03   5.8850000E+03   0.0000000E+00
   2.8666667E+00   6.0610000E+03   1.0190000E+03   5.9010000E+03   0.0000000E+00
   2.8733333E+00   6.0160000E+03   9.4900000E+02   5.8610000E+03   0.0000000E+00
   2.8800000E+00   5.9800000E+03   9.6900000E+02   5.7920000E+03   1.0000000E+00
   2.8866667E+00   5.9520000E+03   9.7300000E+02   5.7910000E+03   0.0000000E+00
   2.8933333E+00   5.9110000E+03   9.5100000E+02   5.7630000E+03   2.0000000E+00
   2.9000000E+00   6.0330000E+03   1.0020000E+03   5.8830000E+03   0.0000000E+00
   2.9066667E+00   5.8980000E+03   8.9200000E+02   5.7510000E+03   2.0000000E+00
   2.9133333E+00   6.0620000E+03   8.8000000E+02   5.9230000E+03   1.0000000E+00
   2.9200000E+00   6.0060000E+03   8.9200000E+02   5.8640000E+03   1.0000000E+00
   2.9266667E+00   5.9760000E+03   9.4300000E+02   5.8360000E+03   1.0000000E+00
   2.9333333E+00   5.9660000E+03   9.3100000E+02   5.8090000E+03   0.0000000E+00
   2.9400000E+00   5.9380000E+03   8.7600000E+02   5.7880000E+03   0.0000000E+00
   2.9466667E+00   6.0800000E+03   8.3100000E+02   5.9140000E+03   0.0000000E+00
   2.9533333E+00   5.9860000E+03   8.6000000E+02   5.8540000E+03   0.0000000E+00
   2.9600000E+00   6.0940000E+03   9.1000000E+02   5.9720000E+03   0.0000000E+00
   2.9666667E+00   6.0130000E+03   8.4600000E+02   5.8880000E+03   0.0000000E+00
   2.9733333E+00   5.8320000E+03   8.2900000E+02   5.7250000E+03   1.0000000E+00
   2.9800000E+00   5.9360000E+03   7.9800000E+02   5.8300000E+03   0.0000000E+00
   2.9866667E+00   5.9980000E+03   8.1500000E+02   5.8780000E+03   0.0000000E+00
   2.9933333E+00   5.9130000E+03   8.2400000E+02   5.8070000E+03   1.0000000E+00
   3.0000000E+00   5.9520000E+03   7.9700000E+02   5.8550000E+03   0.0000000E+00
   3.0066667E+00   5.8910000E+03   7.7000000E+02   5.7750000E+03   0.0000000E+00
   3.0133333E+00   5.9020000E+03   7.6200000E+02   5.8090000E+03   1.0000000E+00
   3.0200000E+00   5.9380000E+03   7.7600000E+02   5.8400000E+03   0.0000000E+00
   3.0266667E+00   5.9130000E+03   8.2300000E+02   5.8040000E+03   0.0000000E+00
   3.0333333E+00   5.8080000E+03   7.6200000E+02   5.7000000E+03   0.0000000E+00
   3.0400000E+00   5.9550000E+03   7.8800000E+02   5.8370000E+03   0.0000000E+00
   3.0466667E+00   5.9510000E+03   7.8700000E+02   5.8510000E+03   1.0000000E+00
   3.0533333E+00   5.8240000E+03   7.8300000E+02   5.7270000E+03   0.0000000E+00
   3.0600000E+00   5.7410000E+03   7.5100000E+02   5.6340000E+03   0.0000000E+00
   3.0666667E+00   5.8590000E+03   7.0800000E+02   5.7770000E+03   0.0000000E+00
   3.0733333E+00   5.7930000E+03   6.7100000E+02   5.7150000E+03   0.0000000E+00
   3.0800000E+00   5.9430000E+03   7.4800000E+02   5.8330000E+03   0.0000000E+00
   3.0866667E+00   5.8520000E+03   6.7500000E+02   5.7730000E+03   0.0000000E+00
   3.0933333E+00   5.9230000E+03   6.9700000E+02   5.8430000E+03   0.0000000E+00
   3.1000000E+00   5.7340000E+03   7.1000000E+02   5.6540000E+03   0.0000000E+00
   3.1066667E+00   5.8150000E+03   6.8400000E+02   5.7360000E+03   0.0000000E+00
   3.1133333E+00   5.7730000E+03   6.5600000E+02   5.6910000E+03   0.0000000E+00
   3.1200000E+00   5.8150000E+03   6.9700000E+02   5.7210000E+03   0.0000000E+00
   3.1266667E+00   5.8300000E+03   6.8100000E+02   5.7500000E+03   0.0000000E+00
   3.1333333E+00   5.9440000E+03   6.4900000E+02   5.8560000E+03   0.0000000E+00
   3.1400000E+00   5.8520000E+03   6.7900000E+02   5.7660000E+03   0.0000000E+00
   3.1466667E+00   5.8550000E+03   6.4500000E+02   5.7760000E+03   0.0000000E+00
   3.1533333E+00   5.7630000E+03   6.4900000E+02   5.6870000E+03   0.0000000E+00
   3.1600000E+00   5.8000000E+03   6.6700000E+02   5.7160000E+03   0.0000000E+00
   3.1666667E+00   5.8390000E+03   6.3300000E+02   5.7570000E+03   0.0000000E+00
   3.1733333E+00   5.9070000E+03   6.0800000E+02   5.8390000E+03   0.0000000E+00
   3.1800000E+00   5.8110000E+03   6.8500000E+02   5.7400000E+03   0.0000000E+00
   3.1866667E+00   5.8110000E+03   6.1200000E+02   5.7530000E+03   0.0000000E+00
   3.1933333E+00   5.7440000E+03   6.4900000E+02   5.6660000E+03   0.0000000E+00
   3.2000000E+00   5.7450000E+03   6.3000000E+02   5.6650000E+03   0.0000000E+00
   3.2066667E+00   5.8640000E+03   5.9600000E+02   5.7850000E+03   0.0000000E+00
   3.2133333E+00   5.6270000E+03   5.8200000E+02   5.5670000E+03   0.0000000E+00
   3.2200000E+00   5.8100000E+03   5.8900000E+02   5.7280000E+03   0.0000000E+00
   3.2266667E+00   5.6530000E+03   6.1400000E+02   5.5870000E+03   0.0000000E+00
   3.2333333E+00   5.6960000E+03   5.7100000E+02   5.6270000E+03   1.0000000E+00
   3.2400000E+00   5.6240000E+03   5.6400000E+02   5.5440000E+03   0.0000000E+00
   3.2466667E+00   5.6160000E+03   5.4000000E+02   5.5510000E+03   0.0000000E+00
   3.2533333E+00   5.6580000E+03   5.5500000E+02   5.6000000E+03   0.0000000E+00
   3.2600000E+00   5.7400000E+03   5.4700000E+02   5.6670000E+03   0.0000000E+00
   3.2666667E+00   5.6260000E+03   5.8500000E+02   5.5480000E+03   0.0000000E+00
   3.2733333E+00   5.6750000E+03   5.1600000E+02   5.6040000E+03   0.0000000E+00
   3.2800000E+00   5.5910000E+03   5.1200000E+02   5.5030000E+03   0.0000000E+00
   3.2866667E+00   5.5270000E+03   4.8400000E+02   5.4510000E+03   0.0000000E+00
   3.2933333E+00   5.5120000E+03   5.0100000E+02   5.4230000E+03   0.0000000E+00
   3.3000000E+00   5.5670000E+03   5.2300000E+02   5.4850000E+03   0.0000000E+00
   3.3066667E+00   5.4800000E+03   5.2800000E+02   5.4040000E+03   0.0000000E+00
   3.3133333E+00   5.5970000E+03   4.9300000E+02   5.5150000E+03   0.0000000E+00
   3.3200000E+00   5.6080000E+03   4.5800000E+02   5.5360000E+03   0.0000000E+00
   3.3266667E+00   5.4510000E+03   4.8600000E+02   5.3760000E+03   0.0000000E+00
   3.3333333E+00   5.4000000E+03   4.9500000E+02   5.3370000E+03   0.0000000E+00
   3.3400000E+00   5.4940000E+03   4.7000000E+02   5.4230000E+03   0.0000000E+00
   3.3466667E+00   5.5430000E+03   4.5500000E+02   5.4790000E+03   0.0000000E+00
   3.3533333E+00   5.3820000E+03   4.7100000E+02   5.3020000E+03   0.0000000E+00
   3.3600000E+00   5.4750000E+03   4.6400000E+02   5.4070000E+03   1.0000000E+00
   3.3666667E+00   5.5250000E+03   4.3300000E+02   5.4590000E+03   0.0000000E+00
   3.3733333E+00   5.4640000E+03   4.2100000E+02   5.3890000E+03   0.0000000E+00
   3.3800000E+00   5.4220000E+03   4.4300000E+02   5.3590000E+03   0.0000000E+00
   3.3866667E+00   5.3690000E+03   4.1500000E+02   5.3090000E+03   0.0000000E+00
   3.3933333E+00   5.2350000E+03   4.3800000E+02   5.1560000E+03   0.0000000E+00
   3.4000000E+00   5.2290000E+03   4.1300000E+02   5.1630000E+03   0.0000000E+00
   3.4066667E+00   5.5070000E+03   4.2900000E+02   5.4370000E+03   0.0000000E+00
   3.4133333E+00   5.3470000E+03   4.2500000E+02   5.2750000E+03   0.0000000E+00
   3.4200000E+00   5.4160000E+03   4.3600000E+02   5.3350000E+03   0.0000000E+00
   3.4266667E+00   5.2460000E+03   4.3400000E+02   5.1770000E+03   0.0000000E+00
   3.4333333E+00   5.3280000E+03   4.2400000E+02   5.2490000E+03   0.0000000E+00
   3.4400000E+00   5.3090000E+03   4.0000000E+02   5.2480000E+03   0.0000000E+00
   3.4466667E+00   5.2280000E+03   3.8100000E+02   5.1620000E+03   0.0000000E+00
   3.4533333E+00   5.3080000E+03   4.0500000E+02   5.2270000E+03   0.0000000E+00
   3.4600000E+00   5.2430000E+03   3.8300000E+02   5.1740000E+03   0.0000000E+00
   3.4666667E+00   5.1890000E+03   3.8800000E+02   5.1330000E+03   0.0000000E+00
   3.4733333E+00   5.2360000E+03   3.9300000E+02   5.1760000E+03   0.0000000E+00
   3.4800000E+00   5.1790000E+03   4.0700000E+02   5.1130000E+03   0.0000000E+00
   3.4866667E+00   5.2000000E+03   3.5200000E+02   5.1360000E+03   0.0000000E+00
   3.4933333E+00   5.0740000E+03   3.6900000E+02   5.0060000E+03   0.0000000E+00
   3.5000000E+00   5.1880000E+03   3.7000000E+02   5.1310000E+03   1.0000000E+00
   3.5066667E+00   5.2320000E+03   3.4300000E+02   5.1440000E+03   2.0000000E+00
   3.5133333E+00   5.1280000E+03   3.6200000E+02   5.0620000E+03   0.0000000E+00
   3.5200000E+00   5.1450000E+03   3.6300000E+02   5.0760000E+03   0.0000000E+00
   3.5266667E+00   5.0720000E+03   3.3100000E+02   5.0000000E+03   0.0000000E+00
   3.5333333E+00   5.0680000E+03   3.2800000E+02   4.9860000E+03   0.0000000E+00
   3.5400000E+00   5.1620000E+03   3.4900000E+02   5.0960000E+03   0.0000000E+00
   3.5466667E+00   4.9910000E+03   3.2900000E+02   4.9270000E+03   0.0000000E+00
   3.5533333E+00   5.1000000E+03   3.2000000E+02   5.0290000E+03   0.0000000E+00
   3.5600000E+00   5.1400000E+03   3.2800000E+02   5.0700000E+03   0.0000000E+00
   3.5666667E+00   5.0540000E+03   2.7900000E+02   4.9820000E+03   0.0000000E+00
   3.5733333E+00   5.1530000E+03   3.1800000E+02   5.0880000E+03   0.0000000E+00
   3.5800000E+00   4.9060000E+03   3.1800000E+02   4.8390000E+03   1.0000000E+00
   3.5866667E+00   5.0230000E+03   3.3300000E+02   4.9690000E+03   0.0000000E+00
   3.5933333E+00   4.9480000E+03   3.1700000E+02   4.8740000E+03   0.0000000E+00
   3.6000000E+00   4.9070000E+03   3.0500000E+02   4.8280000E+03   1.0000000E+00
   3.6066667E+00   4.9570000E+03   3.2000000E+02   4.8980000E+03   2.0000000E+00
   3.6133333E+00   4.9390000E+03   2.9400000E+02   4.8760000E+03   0.0000000E+00
   3.6200000E+00   4.9430000E+03   2.8000000E+02   4.8590000E+03   0.0000000E+00
   3.6266667E+00   4.8800000E+03   2.3600000E+02   4.7980000E+03   0.0000000E+00
   3.6333333E+00   4.8720000E+03   2.9000000E+02   4.8230000E+03   0.0000000E+00
   3.6400000E+00   4.8720000E+03   2.7700000E+02   4.8060000E+03   0.0000000E+00
   3.6466667E+00   4.7680000E+03   2.6200000E+02   4.7130000E+03   0.0000000E+00
   3.6533333E+00   4.7500000E+03   2.6800000E+02   4.6620000E+03   0.0000000E+00
   3.6600000E+00   4.9330000E+03   2.8400000E+02   4.8750000E+03   0.0000000E+00
   3.6666667E+00   4.8150000E+03   2.4200000E+02   4.7390000E+03   0.0000000E+00
   3.6733333E+00   4.6910000E+03   2.6600000E+02   4.6320000E+03   0.0000000E+00
   3.6800000E+00   4.8090000E+03   2.8300000E+02   4.7360000E+03   0.0000000E+00
   3.6866667E+00   4.7460000E+03   2.4000000E+02   4.6610000E+03   0.0000000E+00
   3.6933333E+00   4.6520000E+03   2.3700000E+02   4.5880000E+03   1.0000000E+00
   3.7000000E+00   4.7100000E+03   2.6600000E+02   4.6300000E+03   0.0000000E+00
   3.7066667E+00   4.6500000E+03   2.5900000E+02   4.5950000E+03   0.0000000E+00
   3.7133333E+00   4.8010000E+03   2.2500000E+02   4.7260000E+03   0.0000000E+00
   3.7200000E+00   4.5860000E+03   2.3300000E+02   4.5130000E+03   0.0000000E+00
   3.7266667E+00   4.6510000E+03   2.5200000E+02   4.5910000E+03   0.0000000E+00
   3.7333333E+00   4.6170000E+03   2.7200000E+02   4.5600000E+03   0.0000000E+00
   3.7400000E+00   4.5950000E+03   2.1600000E+02   4.5350000E+03   0.0000000E+00
   3.7466667E+00   4.5300000E+03   2.2500000E+02   4.4670000E+03   0.0000000E+00
   3.7533333E+00   4.5830000E+03   2.3800000E+02   4.5170000E+03   0.0000000E+00
   3.7600000E+00   4.5240000E+03   2.0400000E+02   4.4680000E+03   0.0000000E+00
   3.7666667E+00   4.4550000E+03   2.1700000E+02   4.3890000E+03   0.0000000E+00
   3.7733333E+00   4.3300000E+03   2.1200000E+02   4.2620000E+03   0.0000000E+00
   3.7800000E+00   4.5150000E+03   2.0300000E+02   4.4560000E+03   0.0000000E+00
   3.7866667E+00   4.3700000E+03   2.3500000E+02   4.3090000E+03   1.0000000E+00
   3.7933333E+00   4.5210000E+03   2.2100000E+02   4.4520000E+03   0.0000000E+00
   3.8000000E+00   4.4500000E+03   2.1400000E+02   4.3820000E+03   0.0000000E+00
   3.8066667E+00   4.4850000E+03   2.1500000E+02   4.4200000E+03   0.0000000E+00
   3.8133333E+00   4.4750000E+03   1.8600000E+02   4.4170000E+03   0.0000000E+00
   3.8200000E+00   4.3590000E+03   1.9600000E+02   4.2940000E+03   0.0000000E+00
   3.8266667E+00   4.3070000E+03   1.9700000E+02   4.2520000E+03   1.0000000E+00
   3.8333333E+00   4.3910000E+03   1.6700000E+02   4.3400000E+03   0.0000000E+00
   3.8400000E+00   4.2890000E+03   1.7100000E+02   4.2290000E+03   0.0000000E+00
   3.8466667E+00   4.2110000E+03   2.0000000E+02   4.1470000E+03   0.0000000E+00
   3.8533333E+00   4.1270000E+03   1.8700000E+02   4.0720000E+03   0.0000000E+00
   3.8600000E+00   4.2100000E+03   1.9800000E+02   4.1400000E+03   0.0000000E+00
   3.8666667E+00   4.3250000E+03   1.7900000E+02   4.2660000E+03   1.0000000E+00
   3.8733333E+00   4.2860000E+03   1.6700000E+02   4.2200000E+03   0.0000000E+00
   3.8800000E+00   4.3280000E+03   1.9600000E+02   4.2650000E+03   0.0000000E+00
   3.8866667E+00   4.3080000E+03   1.6500000E+02   4.2420000E+03   0.0000000E+00
   3.8933333E+00   4.1710000E+03   1.7500000E+02   4.1280000E+03   0.0000000E+00
   3.9000000E+00   4.1180000E+03   2.0000000E+02   4.0530000E+03   0.0000000E+00
   3.9066667E+00   4.1290000E+03   1.7300000E+02   4.0740000E+03   0.0000000E+00
   3.9133333E+00   4.0970000E+03   1.5000000E+02   4.0440000E+03   0.0000000E+00
   3.9200000E+00   4.0510000E+03   1.6000000E+02   3.9840000E+03   0.0000000E+00
   3.9266667E+00   4.0570000E+03   1.7500000E+02   4.0010000E+03   0.0000000E+00
   3.9333333E+00   4.0180000E+03   1.4900000E+02   3.9520000E+03   1.0000000E+00
   3.9400000E+00   4.0110000E+03   1.4700000E+02   3.9540000E+03   0.0000000E+00
   3.9466667E+00   3.9050000E+03   1.3800000E+02   3.8500000E+03   0.0000000E+00
   3.9533333E+00   3.8140000E+03   1.6800000E+02   3.7510000E+03   0.0000000E+00
   3.9600000E+00   4.0390000E+03   1.4800000E+02   3.9760000E+03   0.0000000E+00
   3.9666667E+00   3.8900000E+03   1.2900000E+02   3.8260000E+03   0.0000000E+00
   3.9733333E+00   3.9700000E+03   1.5400000E+02   3.9110000E+03   0.0000000E+00
   3.9800000E+00   3.8640000E+03   1.4800000E+02   3.8070000E+03   0.0000000E+00
   3.9866667E+00   3.8150000E+03   1.4000000E+02   3.7590000E+03   0.0000000E+00
   3.9933333E+00   4.0180000E+03   1.2300000E+02   3.9470000E+03   0.0000000E+00
   4.0000000E+00   3.5760000E+03   1.3800000E+02   3.5090000E+03   0.0000000E+00
   4.0066667E+00   3.7870000E+03   1.4300000E+02   3.7310000E+03   0.0000000E+00
   4.0133333E+00   3.7300000E+03   1.3200000E+02   3.6620000E+03   0.0000000E+00
   4.0200000E+00   3.8090000E+03   1.3900000E+02   3.7500000E+03   0.0000000E+00
   4.0266667E+00   3.8550000E+03   1.1200000E+02   3.7870000E+03   1.0000000E+00
   4.0333333E+00   3.7860000E+03   1.2600000E+02   3.7170000E+03   0.0000000E+00
   4.0400000E+00   3.7150000E+03   1.2400000E+02   3.6550000E+03   0.0000000E+00
   4.0466667E+00   3.7020000E+03   1.2000000E+02   3.6510000E+03   0.0000000E+00
   4.0533333E+00   3.6880000E+03   1.0300000E+02   3.6320000E+03   0.0000000E+00
   4.0600000E+00   3.6740000E+03   1.1800000E+02   3.6270000E+03   0.0000000E+00
   4.0666667E+00   3.6270000E+03   1.0800000E+02   3.5800000E+03   0.0000000E+00
   4.0733333E+00   3.5990000E+03   1.1000000E+02   3.5480000E+03   0.0000000E+00
   4.0800000E+00   3.5160000E+03   1.2800000E+02   3.4590000E+03   0.0000000E+00
   4.0866667E+00   3.4980000E+03   1.0200000E+02   3.4520000E+03   0.0000000E+00
   4.0933333E+00   3.5310000E+03   1.1300000E+02   3.4780000E+03   0.0000000E+00
   4.1000000E+00   3.6130000E+03   1.0100000E+02   3.5590000E+03   0.0000000E+00
   4.1066667E+00   3.5690000E+03   9.8000000E+01   3.5130000E+03   0.0000000E+00
   4.1133333E+00   3.4390000E+03   1.1100000E+02   3.3830000E+03   0.0000000E+00
   4.1200000E+00   3.5060000E+03   1.0000000E+02   3.4510000E+03   0.0000000E+00
   4.1266667E+00   3.4100000E+03   1.0200000E+02   3.3550000E+03   1.0000000E+00
   4.1333333E+00   3.4590000E+03   9.4000000E+01   3.3970000E+03   0.0000000E+00
   4.1400000E+00   3.5570000E+03   9.5000000E+01   3.4910000E+03   0.0000000E+00
   4.1466667E+00   3.5000000E+03   1.1000000E+02   3.4390000E+03   0.0000000E+00
   4.1533333E+00   3.4600000E+03   8.2000000E+01   3.4090000E+03   0.0000000E+00
   4.1600000E+00   3.3320000E+03   9.8000000E+01   3.2750000E+03   0.0000000E+00
   4.1666667E+00   3.2390000E+03   1.1500000E+02   3.1850000E+03   0.0000000E+00
   4.1733333E+00   3.3600000E+03   8.8000000E+01   3.3000000E+03   0.0000000E+00
   4.1800000E+00   3.3180000E+03   9.2000000E+01   3.2650000E+03   0.0000000E+00
   4.1866667E+00   3.3630000E+03   8.7000000E+01   3.3160000E+03   0.0000000E+00
   4.1933333E+00   3.3230000E+03   7.1000000E+01   3.2730000E+03   0.0000000E+00
   4.2000000E+00   3.2860000E+03   9.8000000E+01   3.2290000E+03   0.0000000E+00
   4.2066667E+00   3.2130000E+03   7.9000000E+01   3.1680000E+03   1.0000000E+00
   4.2133333E+00   3.1590000E+03   8.3000000E+01   3.1140000E+03   0.0000000E+00
   4.2200000E+00   3.1920000E+03   9.1000000E+01   3.1320000E+03   0.0000000E+00
   4.2266667E+00   3.1510000E+03   7.9000000E+01   3.1020000E+03   0.0000000E+00
   4.2333333E+00   3.1470000E+03   7.8000000E+01   3.1000000E+03   0.0000000E+00
   4.2400000E+00   3.1300000E+03   7.8000000E+01   3.0780000E+03   1.0000000E+00
   4.2466667E+00   3.0840000E+03   8.3000000E+01   3.0400000E+03   0.0000000E+00
   4.2533333E+00   3.0100000E+03   8.3000000E+01   2.9550000E+03   0.0000000E+00
   4.2600000E+00   3.0270000E+03   6.6000000E+01   2.9820000E+03   0.0000000E+00
   4.2666667E+00   2.9260000E+03   8.2000000E+01   2.8790000E+03   0.0000000E+00
   4.2733333E+00   3.0180000E+03   7.7000000E+01   2.9770000E+03   0.0000000E+00
   4.2800000E+00   2.9700000E+03   1.0100000E+02   2.9300000E+03   0.0000000E+00
   4.2866667E+00   2.9900000E+03   8.3000000E+01   2.9340000E+03   0.0000000E+00
   4.2933333E+00   2.9580000E+03   7.6000000E+01   2.9080000E+03   0.0000000E+00
   4.3000000E+00   3.0060000E+03   6.1000000E+01   2.9590000E+03   0.0000000E+00
   4.3066667E+00   2.8730000E+03   6.7000000E+01   2.8270000E+03   0.0000000E+00
   4.3133333E+00   2.8540000E+03   8.6000000E+01   2.8030000E+03   0.0000000E+00
   4.3200000E+00   2.8090000E+03   6.0000000E+01   2.7750000E+03   0.0000000E+00
   4.3266667E+00   2.8410000E+03   6.3000000E+01   2.7920000E+03   0.0000000E+00
   4.3333333E+00   2.7540000E+03   6.8000000E+01   2.7180000E+03   0.0000000E+00
   4.3400000E+00   2.8650000E+03   7.3000000E+01   2.8110000E+03   0.0000000E+00
   4.3466667E+00   2.7810000E+03   5.8000000E+01   2.7250000E+03   0.0000000E+00
   4.3533333E+00   2.7770000E+03   6.5000000E+01   2.7240000E+03   0.0000000E+00
   4.3600000E+00   2.6940000E+03   5.5000000E+01   2.6660000E+03   0.0000000E+00
   4.3666667E+00   2.7050000E+03   6.3000000E+01   2.6560000E+03   0.0000000E+00
   4.3733333E+00   2.7030000E+03   7.3000000E+01   2.6480000E+03   0.0000000E+00
   4.3800000E+00   2.6120000E+03   6.3000000E+01   2.5870000E+03   0.0000000E+00
   4.3866667E+00   2.6510000E+03   7.1000000E+01   2.6090000E+03   0.0000000E+00
   4.3933333E+00   2.5620000E+03   6.1000000E+01   2.5220000E+03   0.0000000E+00
   4.4000000E+00   2.6100000E+03   4.1000000E+01   2.5730000E+03   0.0000000E+00
   4.4066667E+00   2.5220000E+03   6.0000000E+01   2.4770000E+03   0.0000000E+00
   4.4133333E+00   2.6110000E+03   5.5000000E+01   2.5650000E+03   0.0000000E+00
   4.4200000E+00   2.5310000E+03   5.7000000E+01   2.4980000E+03   0.0000000E+00
   4.4266667E+00   2.4780000E+03   4.1000000E+01   2.4300000E+03   0.0000000E+00
   4.4333333E+00   2.5260000E+03   5.5000000E+01   2.4800000E+03   0.0000000E+00
   4.4400000E+00   2.5270000E+03   5.7000000E+01   2.4750000E+03   0.0000000E+00
   4.4466667E+00   2.3930000E+03   4.4000000E+01   2.3540000E+03   0.0000000E+00
   4.4533333E+00   2.2950000E+03   5.7000000E+01   2.2580000E+03   0.0000000E+00
   4.4600000E+00   2.4550000E+03   4.7000000E+01   2.4140000E+03   0.0000000E+00
   4.4666667E+00   2.3580000E+03   4.2000000E+01   2.3300000E+03   0.0000000E+00
   4.4733333E+00   2.3110000E+03   3.4000000E+01   2.2710000E+03   0.0000000E+00
   4.4800000E+00   2.3370000E+03   5.1000000E+01   2.2890000E+03   0.0000000E+00
   4.4866667E+00   2.1590000E+03   4.5000000E+01   2.1230000E+03   0.0000000E+00
   4.4933333E+00   2.3480000E+03   3.8000000E+01   2.3100000E+03   0.0000000E+00
   4.5000000E+00   2.2760000E+03   4.0000000E+01   2.2390000E+03   0.0000000E+00
   4.5066667E+00   2.3320000E+03   4.2000000E+01   2.2850000E+03   0.0000000E+00
   4.5133333E+00   2.1500000E+03   5.4000000E+01   2.1140000E+03   0.0000000E+00
   4.5200000E+00   2.1660000E+03   5.0000000E+01   2.1320000E+03   0.0000000E+00
   4.5266667E+00   2.2060000E+03   3.9000000E+01   2.1770000E+03   0.0000000E+00
   4.5333333E+00   2.2240000E+03   4.2000000E+01   2.1840000E+03   0.0000000E+00
   4.5400000E+00   2.1380000E+03   2.9000000E+01   2.1000000E+03   0.0000000E+00
   4.5466667E+00   2.1560000E+03   1.8000000E+01   2.1150000E+03   0.0000000E+00
   4.5533333E+00   2.0450000E+03   3.2000000E+01   2.0120000E+03   0.0000000E+00
   4.5600000E+00   2.0250000E+03   4.3000000E+01   1.9810000E+03   0.0000000E+00
   4.5666667E+00   2.0480000E+03   2.7000000E+01   2.0070000E+03   0.0000000E+00
   4.5733333E+00   2.0410000E+03   4.0000000E+01   2.0030000E+03   1.0000000E+00
   4.5800000E+00   1.9250000E+03   3.6000000E+01   1.8860000E+03   0.0000000E+00
   4.5866667E+00   1.9740000E+03   2.8000000E+01   1.9470000E+03   0.0000000E+00
   4.5933333E+00   2.0180000E+03   3.3000000E+01   1.9700000E+03   0.0000000E+00
   4.6000000E+00   1.9650000E+03   3.2000000E+01   1.9230000E+03   0.0000000E+00
   4.6066667E+00   1.9680000E+03   3.9000000E+01   1.9290000E+03   0.0000000E+00
   4.6133333E+00   1.9440000E+03   2.6000000E+01   1.9030000E+03   0.0000000E+00
   4.6200000E+00   1.8470000E+03   3.3000000E+01   1.8100000E+03   0.0000000E+00
   4.6266667E+00   1.8200000E+03   2.2000000E+01   1.7940000E+03   0.0000000E+00
   4.6333333E+00   1.8620000E+03   3.9000000E+01   1.8290000E+03   0.0000000E+00
   4.6400000E+00   1.7680000E+03   3.1000000E+01   1.7370000E+03   0.0000000E+00
   4.6466667E+00   1.8270000E+03   2.6000000E+01   1.7920000E+03   0.0000000E+00
   4.6533333E+00   1.8310000E+03   1.8000000E+01   1.8010000E+03   0.0000000E+00
   4.6600000E+00   1.7040000E+03   3.5000000E+01   1.6780000E+03   0.0000000E+00
   4.6666667E+00   1.7350000E+03   3.2000000E+01   1.6950000E+03   0.0000000E+00
   4.6733333E+00   1.7410000E+03   3.5000000E+01   1.7070000E+03   0.0000000E+00
   4.6800000E+00   1.6500000E+03   2.9000000E+01   1.6190000E+03   0.0000000E+00
   4.6866667E+00   1.6020000E+03   2.8000000E+01   1.5700000E+03   0.0000000E+00
   4.6933333E+00   1.6490000E+03   2.8000000E+01   1.6110000E+03   0.0000000E+00
   4.7000000E+00   1.5970000E+03   2.7000000E+01   1.5680000E+03   0.0000000E+00
   4.7066667E+00   1.6010000E+03   1.2000000E+01   1.5730000E+03   0.0000000E+00
   4.7133333E+00   1.4820000E+03   3.3000000E+01   1.4520000E+03   0.0000000E+00
   4.7200000E+00   1.5470000E+03   1.8000000E+01   1.5180000E+03   0.0000000E+00
   4.7266667E+00   1.5090000E+03   1.9000000E+01   1.4850000E+03   0.0000000E+00
   4.7333333E+00   1.5650000E+03   2.0000000E+01   1.5390000E+03   0.0000000E+00
   4.7400000E+00   1.5050000E+03   2.5000000E+01   1.4750000E+03   0.0000000E+00
   4.7466667E+00   1.4070000E+03   2.4000000E+01   1.3840000E+03   0.0000000E+00
   4.7533333E+00   1.4050000E+03   2.7000000E+01   1.3750000E+03   0.0000000E+00
   4.7600000E+00   1.4980000E+03   1.8000000E+01   1.4730000E+03   0.0000000E+00
   4.7666667E+00   1.3420000E+03   2.8000000E+01   1.3070000E+03   0.0000000E+00
   4.7733333E+00   1.3980000E+03   3.0000000E+01   1.3670000E+03   0.0000000E+00
   4.7800000E+00   1.3200000E+03   2.4000000E+01   1.2960000E+03   0.0000000E+00
   4.7866667E+00   1.3520000E+03   1.7000000E+01   1.3310000E+03   0.0000000E+00
   4.7933333E+00   1.2200000E+03   2.2000000E+01   1.2000000E+03   0.0000000E+00
   4.8000000E+00   1.3220000E+03   1.1000000E+01   1.3020000E+03   0.0000000E+00
   4.8066667E+00   1.2950000E+03   1.3000000E+01   1.2680000E+03   0.0000000E+00
   4.8133333E+00   1.2410000E+03   2.1000000E+01   1.2090000E+03   0.0000000E+00
   4.8200000E+00   1.1810000E+03   1.3000000E+01   1.1480000E+03   0.0000000E+00
   4.8266667E+00   1.2280000E+03   1.8000000E+01   1.2030000E+03   0.0000000E+00
   4.8333333E+00   1.1710000E+03   1.7000000E+01   1.1460000E+03   0.0000000E+00
   4.8400000E+00   1.1920000E+03   1.6000000E+01   1.1720000E+03   0.0000000E+00
   4.8466667E+00   1.1390000E+03   1.8000000E+01   1.1140000E+03   0.0000000E+00
   4.8533333E+00   1.1230000E+03   1.9000000E+01   1.1010000E+03   0.0000000E+00
   4.8600000E+00   1.0940000E+03   1.2000000E+01   1.0760000E+03   0.0000000E+00
   4.8666667E+00   1.0820000E+03   1.8000000E+01   1.0560000E+03   0.0000000E+00
   4.8733333E+00   1.0260000E+03   1.6000000E+01   9.8800000E+02   0.0000000E+00
   4.8800000E+00   1.0270000E+03   1.4000000E+01   9.9300000E+02   0.0000000E+00
   4.8866667E+00   9.3600000E+02   1.4000000E+01   9.0800000E+02   0.0000000E+00
   4.8933333E+00   1.0260000E+03   1.9000000E+01   1.0040000E+03   0.0000000E+00
   4.9000000E+00   1.0210000E+03   2.0000000E+01   9.9900000E+02   0.0000000E+00
   4.9066667E+00   9.7900000E+02   1.3000000E+01   9.5500000E+02   0.0000000E+00
   4.9133333E+00   9.2200000E+02   1.0000000E+01   9.0000000E+02   0.0000000E+00
   4.9200000E+00   9.0800000E+02   9.0000000E+00   8.7600000E+02   0.0000000E+00
   4.9266667E+00   8.8600000E+02   1.4000000E+01   8.6500000E+02   0.0000000E+00
   4.9333333E+00   8.8300000E+02   1.9000000E+01   8.5400000E+02   0.0000000E+00
   4.9400000E+00   8.8100000E+02   1.5000000E+01   8.6100000E+02   0.0000000E+00
   4.9466667E+00   8.1100000E+02   1.6000000E+01   7.9000000E+02   0.0000000E+00
   4.9533333E+00   8.2000000E+02   1.6000000E+01   8.0300000E+02   0.0000000E+00
   4.9600000E+00   8.2800000E+02   1.4000000E+01   7.9300000E+02   0.0000000E+00
   4.9666667E+00   7.5900000E+02   1.0000000E+01   7.3800000E+02   0.0000000E+00
   4.9733333E+00   7.1700000E+02   1.0000000E+01   7.0400000E+02   0.0000000E+00
   4.9800000E+00   6.6700000E+02   1.2000000E+01   6.5200000E+02   0.0000000E+00
   4.9866667E+00   7.2600000E+02   1.4000000E+01   7.0300000E+02   0.0000000E+00
   4.9933333E+00   6.8600000E+02   1.0000000E+01   6.6800000E+02   0.0000000E+00
   5.0000000E+00   6.5000000E+02   1.0000000E+01   6.3200000E+02   0.0000000E+00
