  -4.9933333E+00   1.0290000E+03   5.6100000E+02   0.0000000E+00   2.0000000E+00
  -4.9866667E+00   1.1030000E+03   5.3100000E+02   0.0000000E+00   2.0000000E+00
  -4.9800000E+00   1.0610000E+03   5.2500000E+02   1.0000000E+00   0.0000000E+00
  -4.9733333E+00   1.1280000E+03   5.6300000E+02   1.0000000E+00   2.0000000E+00
  -4.9666667E+00   1.0070000E+03   5.2600000E+02   0.0000000E+00   2.0000000E+00
  -4.9600000E+00   1.1100000E+03   5.3900000E+02   0.0000000E+00   1.0000000E+00
  -4.9533333E+00   1.1180000E+03   5.6100000E+02   1.0000000E+00   0.0000000E+00
  -4.9466667E+00   1.1760000E+03   5.7500000E+02   1.0000000E+00   1.0000000E+00
  -4.9400000E+00   1.1010000E+03   5.2400000E+02   1.0000000E+00   2.0000000E+00
  -4.9333333E+00   1.1220000E+03   5.8000000E+02   0.0000000E+00   2.0000000E+00
  -4.9266667E+00   1.0860000E+03   5.5200000E+02   1.0000000E+00   2.0000000E+00
  -4.9200000E+00   1.1170000E+03   5.5600000E+02   0.0000000E+00   1.0000000E+00
  -4.9133333E+00   1.1970000E+03   5.8500000E+02   0.0000000E+00   0.0000000E+00
  -4.9066667E+00   1.1730000E+03   6.3200000E+02   0.0000000E+00   1.0000000E+00
  -4.9000000E+00   1.1710000E+03   5.6000000E+02   0.0000000E+00   0.0000000E+00
  -4.8933333E+00   1.1380000E+03   5.8300000E+02   2.0000000E+00   1.0000000E+00
  -4.8866667E+00   1.0950000E+03   5.8800000E+02   0.0000000E+00   0.0000000E+00
  -4.8800000E+00   1.1190000E+03   6.1200000E+02   1.0000000E+00   2.0000000E+00
  -4.8733333E+00   1.1980000E+03   5.8200000E+02   0.0000000E+00   1.0000000E+00
  -4.8666667E+00   1.1160000E+03   5.9100000E+02   0.0000000E+00   1.0000000E+00
  -4.8600000E+00   1.1950000E+03   5.8100000E+02   0.0000000E+00   1.0000000E+00
  -4.8533333E+00   1.2150000E+03   5.4900000E+02   0.0000000E+00   1.0000000E+00
  -4.8466667E+00   1.2160000E+03   6.1100000E+02   0.0000000E+00   0.0000000E+00
  -4.8400000E+00   1.2260000E+03   6.1100000E+02   1.0000000E+00   1.0000000E+00
  -4.8333333E+00   1.2160000E+03   5.9400000E+02   0.0000000E+00   0.0000000E+00
  -4.8266667E+00   1.1840000E+03   5.8800000E+02   0.0000000E+00   2.0000000E+00
  -4.8200000E+00   1.1540000E+03   5.7000000E+02   2.0000000E+00   3.0000000E+00
  -4.8133333E+00   1.1750000E+03   6.0900000E+02   0.0000000E+00   5.0000000E+00
  -4.8066667E+00   1.2390000E+03   5.9300000E+02   2.0000000E+00   3.0000000E+00
  -4.8000000E+00   1.1810000E+03   6.1300000E+02   2.0000000E+00   0.0000000E+00
  -4.7933333E+00   1.3110000E+03   6.1400000E+02   0.0000000E+00   1.0000000E+00
  -4.7866667E+00   1.2020000E+03   6.3900000E+02   2.0000000E+00   0.0000000E+00
  -4.7800000E+00   1.3190000E+03   6.3200000E+02   1.0000000E+00   1.0000000E+00
  -4.7733333E+00   1.2280000E+03   6.4800000E+02   0.0000000E+00   4.0000000E+00
  -4.7666667E+00   1.2840000E+03   6.0200000E+02   1.0000000E+00   1.0000000E+00
  -4.7600000E+00   1.2430000E+03   6.2800000E+02   0.0000000E+00   0.0000000E+00
  -4.7533333E+00   1.2480000E+03   6.4600000E+02   0.0000000E+00   1.0000000E+00
  -4.7466667E+00   1.2450000E+03   6.6700000E+02   0.0000000E+00   3.0000000E+00
  -4.7400000E+00   1.2960000E+03   6.2300000E+02   0.0000000E+00   2.0000000E+00
  -4.7333333E+00   1.3490000E+03   6.7200000E+02   0.0000000E+00   1.0000000E+00
  -4.7266667E+00   1.2890000E+03   6.8000000E+02   1.0000000E+00   6.0000000E+00
  -4.7200000E+00   1.2800000E+03   6.6400000E+02   0.0000000E+00   0.0000000E+00
  -4.7133333E+00   1.3510000E+03   6.4000000E+02   1.0000000E+00   2.0000000E+00
  -4.7066667E+00   1.3070000E+03   6.6200000E+02   0.0000000E+00   1.0000000E+00
  -4.7000000E+00   1.3470000E+03   6.8700000E+02   0.0000000E+00   4.0000000E+00
  -4.6933333E+00   1.3240000E+03   6.4700000E+02   0.0000000E+00   4.0000000E+00
  -4.6866667E+00   1.2840000E+03   7.2100000E+02   1.0000000E+00   1.0000000E+00
  -4.6800000E+00   1.3560000E+03   6.7300000E+02   1.0000000E+00   3.0000000E+00
  -4.6733333E+00   1.3040000E+03   6.7500000E+02   1.0000000E+00   1.0000000E+00
  -4.6666667E+00   1.3340000E+03   6.5600000E+02   0.0000000E+00   2.0000000E+00
  -4.6600000E+00   1.3470000E+03   7.0900000E+02   1.0000000E+00   3.0000000E+00
  -4.6533333E+00   1.3000000E+03   6.9800000E+02   2.0000000E+00   3.0000000E+00
  -4.6466667E+00   1.3700000E+03   6.4800000E+02   0.0000000E+00   2.0000000E+00
  -4.6400000E+00   1.3560000E+03   6.7000000E+02   0.0000000E+00   0.0000000E+00
  -4.6333333E+00   1.3810000E+03   7.0000000E+02   0.0000000E+00   2.0000000E+00
  -4.6266667E+00   1.3470000E+03   7.0400000E+02   1.0000000E+00   1.0000000E+00
  -4.6200000E+00   1.3850000E+03   6.8100000E+02   2.0000000E+00   1.0000000E+00
  -4.6133333E+00   1.3990000E+03   6.4400000E+02   0.0000000E+00   1.0000000E+00
  -4.6066667E+00   1.4100000E+03   6.7000000E+02   1.0000000E+00   6.0000000E+00
  -4.6000000E+00   1.4090000E+03   7.0500000E+02   0.0000000E+00   3.0000000E+00
  -4.5933333E+00   1.3670000E+03   7.1400000E+02   0.0000000E+00   1.0000000E+00
  -4.5866667E+00   1.3650000E+03   6.9100000E+02   0.0000000E+00   2.0000000E+00
  -4.5800000E+00   1.4420000E+03   7.5500000E+02   3.0000000E+00   4.0000000E+00
  -4.5733333E+00   1.4430000E+03   7.2000000E+02   0.0000000E+00   1.0000000E+00
  -4.5666667E+00   1.4340000E+03   7.2500000E+02   1.0000000E+00   1.0000000E+00
  -4.5600000E+00   1.4250000E+03   6.7900000E+02   1.0000000E+00   3.0000000E+00
  -4.5533333E+00   1.4070000E+03   7.3800000E+02   0.0000000E+00   1.0000000E+00
  -4.5466667E+00   1.4610000E+03   7.3700000E+02   0.0000000E+00   1.0000000E+00
  -4.5400000E+00   1.4850000E+03   7.0400000E+02   3.0000000E+00   2.0000000E+00
  -4.5333333E+00   1.4550000E+03   8.1300000E+02   1.0000000E+00   2.0000000E+00
  -4.5266667E+00   1.4600000E+03   7.8500000E+02   2.0000000E+00   3.0000000E+00
  -4.5200000E+00   1.4970000E+03   7.5100000E+02   0.0000000E+00   3.0000000E+00
  -4.5133333E+00   1.4480000E+03   7.3400000E+02   1.0000000E+00   3.0000000E+00
  -4.5066667E+00   1.5080000E+03   7.6800000E+02   1.0000000E+00   2.0000000E+00
  -4.5000000E+00   1.4860000E+03   6.7300000E+02   0.0000000E+00   0.0000000E+00
  -4.4933333E+00   1.5280000E+03   7.5700000E+02   0.0000000E+00   4.0000000E+00
  -4.4866667E+00   1.4830000E+03   7.7200000E+02   4.0000000E+00   3.0000000E+00
  -4.4800000E+00   1.5340000E+03   7.8300000E+02   0.0000000E+00   1.0000000E+00
  -4.4733333E+00   1.5630000E+03   7.4100000E+02   1.0000000E+00   3.0000000E+00
  -4.4666667E+00   1.5590000E+03   7.6400000E+02   1.0000000E+00   1.0000000E+00
  -4.4600000E+00   1.5750000E+03   7.5800000E+02   0.0000000E+00   1.0000000E+00
  -4.4533333E+00   1.5530000E+03   8.5400000E+02   1.0000000E+00   7.0000000E+00
  -4.4466667E+00   1.5670000E+03   7.5200000E+02   2.0000000E+00   6.0000000E+00
  -4.4400000E+00   1.5680000E+03   8.4100000E+02   1.0000000E+00   2.0000000E+00
  -4.4333333E+00   1.4550000E+03   7.6600000E+02   1.0000000E+00   0.0000000E+00
  -4.4266667E+00   1.5710000E+03   8.0600000E+02   1.0000000E+00   5.0000000E+00
  -4.4200000E+00   1.5770000E+03   7.7200000E+02   0.0000000E+00   3.0000000E+00
  -4.4133333E+00   1.6150000E+03   7.9700000E+02   1.0000000E+00   5.0000000E+00
  -4.4066667E+00   1.5990000E+03   8.0600000E+02   1.0000000E+00   2.0000000E+00
  -4.4000000E+00   1.6070000E+03   7.9600000E+02   1.0000000E+00   4.0000000E+00
  -4.3933333E+00   1.6130000E+03   7.6300000E+02   1.0000000E+00   1.0000000E+00
  -4.3866667E+00   1.5770000E+03   8.2500000E+02   0.0000000E+00   3.0000000E+00
  -4.3800000E+00   1.5990000E+03   7.7000000E+02   0.0000000E+00   0.0000000E+00
  -4.3733333E+00   1.6680000E+03   7.6500000E+02   1.0000000E+00   1.0000000E+00
  -4.3666667E+00   1.5740000E+03   7.4800000E+02   1.0000000E+00   2.0000000E+00
  -4.3600000E+00   1.6760000E+03   8.0100000E+02   2.0000000E+00   1.0000000E+00
  -4.3533333E+00   1.7240000E+03   8.5100000E+02   1.0000000E+00   3.0000000E+00
  -4.3466667E+00   1.6470000E+03   8.6000000E+02   1.0000000E+00   4.0000000E+00
  -4.3400000E+00   1.6020000E+03   8.1800000E+02   0.0000000E+00   1.0000000E+00
  -4.3333333E+00   1.6550000E+03   8.7100000E+02   0.0000000E+00   4.0000000E+00
  -4.3266667E+00   1.6910000E+03   8.5600000E+02   0.0000000E+00   6.0000000E+00
  -4.3200000E+00   1.7110000E+03   8.4300000E+02   0.0000000E+00   4.0000000E+00
  -4.3133333E+00   1.6900000E+03   8.9500000E+02   0.0000000E+00   4.0000000E+00
  -4.3066667E+00   1.7520000E+03   8.8500000E+02   0.0000000E+00   4.0000000E+00
  -4.3000000E+00   1.6730000E+03   8.5200000E+02   2.0000000E+00   3.0000000E+00
  -4.2933333E+00   1.7330000E+03   7.9400000E+02   2.0000000E+00   2.0000000E+00
  -4.2866667E+00   1.7480000E+03   8.8700000E+02   2.0000000E+00   1.0000000E+00
  -4.2800000E+00   1.6640000E+03   8.6800000E+02   1.0000000E+00   8.0000000E+00
  -4.2733333E+00   1.7910000E+03   8.2500000E+02   1.0000000E+00   9.0000000E+00
  -4.2666667E+00   1.7170000E+03   8.5700000E+02   2.0000000E+00   4.0000000E+00
  -4.2600000E+00   1.7800000E+03   8.4200000E+02   0.0000000E+00   3.0000000E+00
  -4.2533333E+00   1.7910000E+03   8.7700000E+02   1.0000000E+00   7.0000000E+00
  -4.2466667E+00   1.8260000E+03   8.7400000E+02   0.0000000E+00   4.0000000E+00
  -4.2400000E+00   1.8840000E+03   8.8600000E+02   1.0000000E+00   6.0000000E+00
  -4.2333333E+00   1.8210000E+03   8.9600000E+02   2.0000000E+00   3.0000000E+00
  -4.2266667E+00   1.7920000E+03   8.3400000E+02   0.0000000E+00   3.0000000E+00
  -4.2200000E+00   1.8040000E+03   8.6900000E+02   1.0000000E+00   3.0000000E+00
  -4.2133333E+00   1.8100000E+03   8.5500000E+02   1.0000000E+00   4.0000000E+00
  -4.2066667E+00   1.7990000E+03   9.7700000E+02   1.0000000E+00   7.0000000E+00
  -4.2000000E+00   1.8510000E+03   9.4600000E+02   2.0000000E+00   5.0000000E+00
  -4.1933333E+00   1.7300000E+03   8.6300000E+02   1.0000000E+00   7.0000000E+00
  -4.1866667E+00   1.8120000E+03   9.3300000E+02   2.0000000E+00   5.0000000E+00
  -4.1800000E+00   1.8200000E+03   8.8100000E+02   1.0000000E+00   7.0000000E+00
  -4.1733333E+00   1.8950000E+03   9.0800000E+02   2.0000000E+00   3.0000000E+00
  -4.1666667E+00   1.9220000E+03   9.5000000E+02   3.0000000E+00   5.0000000E+00
  -4.1600000E+00   1.8610000E+03   9.4000000E+02   1.0000000E+00   6.0000000E+00
  -4.1533333E+00   1.7870000E+03   9.3500000E+02   1.0000000E+00   1.0000000E+00
  -4.1466667E+00   1.9370000E+03   9.1900000E+02   1.0000000E+00   6.0000000E+00
  -4.1400000E+00   1.9140000E+03   9.2400000E+02   0.0000000E+00   6.0000000E+00
  -4.1333333E+00   1.9060000E+03   9.2200000E+02   1.0000000E+00   3.0000000E+00
  -4.1266667E+00   1.8530000E+03   9.1500000E+02   2.0000000E+00   4.0000000E+00
  -4.1200000E+00   1.9260000E+03   9.9100000E+02   0.0000000E+00   4.0000000E+00
  -4.1133333E+00   1.9440000E+03   1.0000000E+03   2.0000000E+00   9.0000000E+00
  -4.1066667E+00   1.9230000E+03   9.3300000E+02   1.0000000E+00   7.0000000E+00
  -4.1000000E+00   1.9850000E+03   9.6000000E+02   2.0000000E+00   6.0000000E+00
  -4.0933333E+00   2.0960000E+03   9.6000000E+02   0.0000000E+00   6.0000000E+00
  -4.0866667E+00   1.8970000E+03   8.9000000E+02   3.0000000E+00   4.0000000E+00
  -4.0800000E+00   1.9930000E+03   9.6300000E+02   1.0000000E+00   6.0000000E+00
  -4.0733333E+00   1.9890000E+03   9.8000000E+02   0.0000000E+00   9.0000000E+00
  -4.0666667E+00   2.0370000E+03   9.8000000E+02   2.0000000E+00   1.2000000E+01
  -4.0600000E+00   2.0040000E+03   9.9900000E+02   0.0000000E+00   9.0000000E+00
  -4.0533333E+00   1.9460000E+03   9.1700000E+02   1.0000000E+00   1.2000000E+01
  -4.0466667E+00   2.0480000E+03   9.6300000E+02   0.0000000E+00   1.2000000E+01
  -4.0400000E+00   2.0730000E+03   9.3800000E+02   5.0000000E+00   9.0000000E+00
  -4.0333333E+00   2.0600000E+03   9.0500000E+02   2.0000000E+00   6.0000000E+00
  -4.0266667E+00   2.0230000E+03   9.8400000E+02   2.0000000E+00   1.1000000E+01
  -4.0200000E+00   2.0930000E+03   9.5400000E+02   1.0000000E+00   1.1000000E+01
  -4.0133333E+00   2.0940000E+03   9.3500000E+02   0.0000000E+00   7.0000000E+00
  -4.0066667E+00   2.1670000E+03   8.5800000E+02   2.0000000E+00   1.6000000E+01
  -4.0000000E+00   2.0900000E+03   8.9400000E+02   2.0000000E+00   1.5000000E+01
  -3.9933333E+00   2.1660000E+03   9.4500000E+02   1.0000000E+00   2.3000000E+01
  -3.9866667E+00   2.1160000E+03   7.9700000E+02   0.0000000E+00   2.6000000E+01
  -3.9800000E+00   2.0550000E+03   8.1600000E+02   0.0000000E+00   1.1000000E+01
  -3.9733333E+00   2.0610000E+03   7.6800000E+02   1.0000000E+00   2.2000000E+01
  -3.9666667E+00   2.0460000E+03   8.2900000E+02   3.0000000E+00   2.0000000E+01
  -3.9600000E+00   2.1100000E+03   7.0000000E+02   3.0000000E+00   2.3000000E+01
  -3.9533333E+00   2.1970000E+03   7.3700000E+02   4.0000000E+00   3.2000000E+01
  -3.9466667E+00   2.1840000E+03   6.5800000E+02   3.0000000E+00   2.8000000E+01
  -3.9400000E+00   2.1170000E+03   6.6000000E+02   0.0000000E+00   3.6000000E+01
  -3.9333333E+00   2.1290000E+03   5.9100000E+02   4.0000000E+00   2.6000000E+01
  -3.9266667E+00   2.1750000E+03   5.7700000E+02   2.0000000E+00   4.6000000E+01
  -3.9200000E+00   2.1780000E+03   5.2500000E+02   5.0000000E+00   6.1000000E+01
  -3.9133333E+00   2.1260000E+03   4.8000000E+02   0.0000000E+00   3.7000000E+01
  -3.9066667E+00   2.1530000E+03   4.4000000E+02   3.0000000E+00   5.1000000E+01
  -3.9000000E+00   2.1930000E+03   3.7200000E+02   0.0000000E+00   4.0000000E+01
  -3.8933333E+00   2.2130000E+03   3.3400000E+02   4.0000000E+00   6.0000000E+01
  -3.8866667E+00   2.2440000E+03   2.9900000E+02   1.0000000E+00   5.3000000E+01
  -3.8800000E+00   2.2410000E+03   2.5000000E+02   4.0000000E+00   6.1000000E+01
  -3.8733333E+00   2.3450000E+03   2.4000000E+02   3.0000000E+00   6.3000000E+01
  -3.8666667E+00   2.3450000E+03   1.8400000E+02   2.0000000E+00   4.6000000E+01
  -3.8600000E+00   2.2280000E+03   1.7400000E+02   2.0000000E+00   7.1000000E+01
  -3.8533333E+00   2.2450000E+03   1.4200000E+02   2.0000000E+00   6.4000000E+01
  -3.8466667E+00   2.2120000E+03   1.0000000E+02   3.0000000E+00   5.9000000E+01
  -3.8400000E+00   2.2620000E+03   8.8000000E+01   3.0000000E+00   5.4000000E+01
  -3.8333333E+00   2.2970000E+03   7.8000000E+01   1.0000000E+00   5.9000000E+01
  -3.8266667E+00   2.2130000E+03   7.9000000E+01   1.0000000E+00   6.2000000E+01
  -3.8200000E+00   2.4000000E+03   7.5000000E+01   6.0000000E+00   6.9000000E+01
  -3.8133333E+00   2.3280000E+03   7.6000000E+01   2.0000000E+00   7.3000000E+01
  -3.8066667E+00   2.3710000E+03   6.7000000E+01   4.0000000E+00   6.5000000E+01
  -3.8000000E+00   2.3900000E+03   5.2000000E+01   2.0000000E+00   5.1000000E+01
  -3.7933333E+00   2.3210000E+03   6.1000000E+01   1.0000000E+00   6.1000000E+01
  -3.7866667E+00   2.2990000E+03   5.7000000E+01   2.0000000E+00   5.7000000E+01
  -3.7800000E+00   2.3670000E+03   6.8000000E+01   3.0000000E+00   6.8000000E+01
  -3.7733333E+00   2.3860000E+03   6.2000000E+01   2.0000000E+00   6.2000000E+01
  -3.7666667E+00   2.3810000E+03   6.2000000E+01   4.0000000E+00   6.2000000E+01
  -3.7600000E+00   2.3930000E+03   5.6000000E+01   2.0000000E+00   5.6000000E+01
  -3.7533333E+00   2.2530000E+03   6.3000000E+01   2.0000000E+00   6.3000000E+01
  -3.7466667E+00   2.3970000E+03   5.4000000E+01   0.0000000E+00   5.4000000E+01
  -3.7400000E+00   2.4610000E+03   5.5000000E+01   1.0000000E+00   5.5000000E+01
  -3.7333333E+00   2.3640000E+03   4.7000000E+01   2.0000000E+00   4.7000000E+01
  -3.7266667E+00   2.4640000E+03   5.4000000E+01   1.0000000E+00   5.4000000E+01
  -3.7200000E+00   2.4080000E+03   5.3000000E+01   3.0000000E+00   5.3000000E+01
  -3.7133333E+00   2.4350000E+03   5.6000000E+01   4.0000000E+00   5.6000000E+01
  -3.7066667E+00   2.5420000E+03   5.5000000E+01   1.0000000E+00   5.5000000E+01
  -3.7000000E+00   2.4790000E+03   4.6000000E+01   0.0000000E+00   4.6000000E+01
  -3.6933333E+00   2.4950000E+03   4.9000000E+01   1.0000000E+00   4.9000000E+01
  -3.6866667E+00   2.4140000E+03   4.6000000E+01   3.0000000E+00   4.6000000E+01
  -3.6800000E+00   2.5030000E+03   4.6000000E+01   1.0000000E+00   4.6000000E+01
  -3.6733333E+00   2.5380000E+03   5.5000000E+01   1.0000000E+00   5.5000000E+01
  -3.6666667E+00   2.5300000E+03   4.5000000E+01   3.0000000E+00   4.5000000E+01
  -3.6600000E+00   2.4770000E+03   3.5000000E+01   5.0000000E+00   3.5000000E+01
  -3.6533333E+00   2.4640000E+03   3.9000000E+01   1.0000000E+00   3.9000000E+01
  -3.6466667E+00   2.4660000E+03   4.6000000E+01   5.0000000E+00   4.6000000E+01
  -3.6400000E+00   2.6320000E+03   3.5000000E+01   4.0000000E+00   3.5000000E+01
  -3.6333333E+00   2.5310000E+03   5.1000000E+01   2.0000000E+00   5.1000000E+01
  -3.6266667E+00   2.5180000E+03   3.9000000E+01   7.0000000E+00   3.9000000E+01
  -3.6200000E+00   2.6450000E+03   3.0000000E+01   5.0000000E+00   3.0000000E+01
  -3.6133333E+00   2.6250000E+03   3.7000000E+01   2.0000000E+00   3.7000000E+01
  -3.6066667E+00   2.5650000E+03   3.3000000E+01   3.0000000E+00   3.3000000E+01
  -3.6000000E+00   2.5630000E+03   3.4000000E+01   2.0000000E+00   3.4000000E+01
  -3.5933333E+00   2.6520000E+03   3.2000000E+01   1.0000000E+00   3.2000000E+01
  -3.5866667E+00   2.6180000E+03   4.2000000E+01   4.0000000E+00   4.2000000E+01
  -3.5800000E+00   2.5040000E+03   3.4000000E+01   3.0000000E+00   3.4000000E+01
  -3.5733333E+00   2.7120000E+03   3.3000000E+01   1.0000000E+00   3.3000000E+01
  -3.5666667E+00   2.5520000E+03   2.9000000E+01   4.0000000E+00   2.9000000E+01
  -3.5600000E+00   2.6930000E+03   3.1000000E+01   3.0000000E+00   3.1000000E+01
  -3.5533333E+00   2.6590000E+03   3.0000000E+01   3.0000000E+00   3.0000000E+01
  -3.5466667E+00   2.6770000E+03   3.9000000E+01   3.0000000E+00   3.9000000E+01
  -3.5400000E+00   2.7570000E+03   3.1000000E+01   4.0000000E+00   3.1000000E+01
  -3.5333333E+00   2.7700000E+03   2.6000000E+01   3.0000000E+00   2.6000000E+01
  -3.5266667E+00   2.7460000E+03   3.7000000E+01   5.0000000E+00   3.7000000E+01
  -3.5200000E+00   2.7300000E+03   3.6000000E+01   2.0000000E+00   3.6000000E+01
  -3.5133333E+00   2.7160000E+03   3.5000000E+01   6.0000000E+00   3.5000000E+01
  -3.5066667E+00   2.6600000E+03   2.3000000E+01   9.0000000E+00   2.3000000E+01
  -3.5000000E+00   2.6620000E+03   3.2000000E+01   3.0000000E+00   3.2000000E+01
  -3.4933333E+00   2.7550000E+03   4.0000000E+01   4.0000000E+00   4.0000000E+01
  -3.4866667E+00   2.7410000E+03   3.3000000E+01   4.0000000E+00   3.3000000E+01
  -3.4800000E+00   2.7940000E+03   2.3000000E+01   4.0000000E+00   2.3000000E+01
  -3.4733333E+00   2.7430000E+03   2.7000000E+01   2.0000000E+00   2.7000000E+01
  -3.4666667E+00   2.7160000E+03   3.4000000E+01   1.0000000E+00   3.4000000E+01
  -3.4600000E+00   2.7410000E+03   2.4000000E+01   5.0000000E+00   2.4000000E+01
  -3.4533333E+00   2.7960000E+03   2.6000000E+01   2.0000000E+00   2.6000000E+01
  -3.4466667E+00   2.8510000E+03   2.3000000E+01   1.0000000E+00   2.3000000E+01
  -3.4400000E+00   2.8700000E+03   1.8000000E+01   2.0000000E+00   1.8000000E+01
  -3.4333333E+00   2.8710000E+03   2.7000000E+01   4.0000000E+00   2.7000000E+01
  -3.4266667E+00   2.8700000E+03   2.2000000E+01   3.0000000E+00   2.2000000E+01
  -3.4200000E+00   2.8270000E+03   1.6000000E+01   0.0000000E+00   1.6000000E+01
  -3.4133333E+00   2.7770000E+03   2.3000000E+01   1.0000000E+00   2.3000000E+01
  -3.4066667E+00   2.8570000E+03   2.5000000E+01   5.0000000E+00   2.5000000E+01
  -3.4000000E+00   2.9180000E+03   1.8000000E+01   5.0000000E+00   1.8000000E+01
  -3.3933333E+00   2.9920000E+03   1.6000000E+01   5.0000000E+00   1.6000000E+01
  -3.3866667E+00   2.9060000E+03   1.5000000E+01   2.0000000E+00   1.5000000E+01
  -3.3800000E+00   2.9330000E+03   1.9000000E+01   4.0000000E+00   1.9000000E+01
  -3.3733333E+00   2.9480000E+03   1.9000000E+01   1.0000000E+00   1.9000000E+01
  -3.3666667E+00   2.9140000E+03   1.6000000E+01   5.0000000E+00   1.6000000E+01
  -3.3600000E+00   2.9260000E+03   1.7000000E+01   2.0000000E+00   1.7000000E+01
  -3.3533333E+00   2.9700000E+03   1.6000000E+01   1.0000000E+00   1.6000000E+01
  -3.3466667E+00   2.9600000E+03   1.7000000E+01   2.0000000E+00   1.7000000E+01
  -3.3400000E+00   2.8680000E+03   2.1000000E+01   0.0000000E+00   2.1000000E+01
  -3.3333333E+00   2.9710000E+03   1.8000000E+01   4.0000000E+00   1.8000000E+01
  -3.3266667E+00   2.9530000E+03   1.9000000E+01   6.0000000E+00   1.9000000E+01
  -3.3200000E+00   3.0880000E+03   1.3000000E+01   6.0000000E+00   1.3000000E+01
  -3.3133333E+00   2.9380000E+03   2.1000000E+01   3.0000000E+00   2.1000000E+01
  -3.3066667E+00   3.0730000E+03   1.4000000E+01   8.0000000E+00   1.4000000E+01
  -3.3000000E+00   2.9930000E+03   1.3000000E+01   3.0000000E+00   1.3000000E+01
  -3.2933333E+00   3.0330000E+03   1.9000000E+01   8.0000000E+00   1.9000000E+01
  -3.2866667E+00   3.0240000E+03   9.0000000E+00   4.0000000E+00   9.0000000E+00
  -3.2800000E+00   3.0990000E+03   1.8000000E+01   3.0000000E+00   1.8000000E+01
  -3.2733333E+00   3.0180000E+03   1.7000000E+01   9.0000000E+00   1.7000000E+01
  -3.2666667E+00   3.0760000E+03   1.6000000E+01   4.0000000E+00   1.6000000E+01
  -3.2600000E+00   3.1280000E+03   1.6000000E+01   6.0000000E+00   1.6000000E+01
  -3.2533333E+00   3.1480000E+03   1.3000000E+01   5.0000000E+00   1.3000000E+01
  -3.2466667E+00   3.0890000E+03   1.4000000E+01   4.0000000E+00   1.4000000E+01
  -3.2400000E+00   3.1730000E+03   1.1000000E+01   3.0000000E+00   1.1000000E+01
  -3.2333333E+00   3.1940000E+03   1.6000000E+01   3.0000000E+00   1.6000000E+01
  -3.2266667E+00   3.1370000E+03   1.5000000E+01   4.0000000E+00   1.5000000E+01
  -3.2200000E+00   3.2000000E+03   1.3000000E+01   2.0000000E+00   1.3000000E+01
  -3.2133333E+00   3.1620000E+03   1.5000000E+01   7.0000000E+00   1.5000000E+01
  -3.2066667E+00   3.2270000E+03   1.2000000E+01   5.0000000E+00   1.2000000E+01
  -3.2000000E+00   3.2000000E+03   1.4000000E+01   4.0000000E+00   1.4000000E+01
  -3.1933333E+00   3.1510000E+03   1.1000000E+01   4.0000000E+00   1.1000000E+01
  -3.1866667E+00   3.2540000E+03   1.5000000E+01   6.0000000E+00   1.5000000E+01
  -3.1800000E+00   3.3360000E+03   1.3000000E+01   3.0000000E+00   1.3000000E+01
  -3.1733333E+00   3.1420000E+03   1.1000000E+01   1.0000000E+00   1.1000000E+01
  -3.1666667E+00   3.2170000E+03   1.1000000E+01   5.0000000E+00   1.1000000E+01
  -3.1600000E+00   3.2780000E+03   2.7000000E+01   4.0000000E+00   2.7000000E+01
  -3.1533333E+00   3.2010000E+03   1.1000000E+01   5.0000000E+00   1.1000000E+01
  -3.1466667E+00   3.3460000E+03   1.3000000E+01   3.0000000E+00   1.3000000E+01
  -3.1400000E+00   3.3160000E+03   1.2000000E+01   2.0000000E+00   1.2000000E+01
  -3.1333333E+00   3.3330000E+03   1.4000000E+01   2.0000000E+00   1.4000000E+01
  -3.1266667E+00   3.3150000E+03   1.2000000E+01   3.0000000E+00   1.2000000E+01
  -3.1200000E+00   3.2880000E+03   1.1000000E+01   4.0000000E+00   1.1000000E+01
  -3.1133333E+00   3.3210000E+03   1.5000000E+01   7.0000000E+00   1.5000000E+01
  -3.1066667E+00   3.4080000E+03   1.3000000E+01   3.0000000E+00   1.3000000E+01
  -3.1000000E+00   3.3370000E+03   2.1000000E+01   9.0000000E+00   2.1000000E+01
  -3.0933333E+00   3.3260000E+03   1.2000000E+01   2.0000000E+00   1.2000000E+01
  -3.0866667E+00   3.3420000E+03   5.0000000E+00   3.0000000E+00   5.0000000E+00
  -3.0800000E+00   3.4270000E+03   1.4000000E+01   4.0000000E+00   1.4000000E+01
  -3.0733333E+00   3.4010000E+03   1.3000000E+01   3.0000000E+00   1.3000000E+01
  -3.0666667E+00   3.4470000E+03   1.2000000E+01   6.0000000E+00   1.2000000E+01
  -3.0600000E+00   3.3160000E+03   1.2000000E+01   6.0000000E+00   1.2000000E+01
  -3.0533333E+00   3.3780000E+03   1.3000000E+01   4.0000000E+00   1.3000000E+01
  -3.0466667E+00   3.3500000E+03   1.4000000E+01   7.0000000E+00   1.4000000E+01
  -3.0400000E+00   3.4140000E+03   1.2000000E+01   3.0000000E+00   1.2000000E+01
  -3.0333333E+00   3.3100000E+03   1.4000000E+01   1.0000000E+01   1.4000000E+01
  -3.0266667E+00   3.4520000E+03   1.3000000E+01   4.0000000E+00   1.3000000E+01
  -3.0200000E+00   3.5370000E+03   2.0000000E+01   4.0000000E+00   2.0000000E+01
  -3.0133333E+00   3.5540000E+03   1.1000000E+01   3.0000000E+00   1.1000000E+01
  -3.0066667E+00   3.4470000E+03   1.7000000E+01   5.0000000E+00   1.7000000E+01
  -3.0000000E+00   3.5730000E+03   1.4000000E+01   6.0000000E+00   1.4000000E+01
  -2.9933333E+00   3.5260000E+03   1.1000000E+01   7.0000000E+00   1.1000000E+01
  -2.9866667E+00   3.6430000E+03   1.2000000E+01   3.0000000E+00   1.2000000E+01
  -2.9800000E+00   3.5190000E+03   1.7000000E+01   3.0000000E+00   1.7000000E+01
  -2.9733333E+00   3.5150000E+03   1.9000000E+01   5.0000000E+00   1.9000000E+01
  -2.9666667E+00   3.4750000E+03   1.4000000E+01   8.0000000E+00   1.4000000E+01
  -2.9600000E+00   3.5340000E+03   1.6000000E+01   5.0000000E+00   1.6000000E+01
  -2.9533333E+00   3.6090000E+03   1.7000000E+01   6.0000000E+00   1.7000000E+01
  -2.9466667E+00   3.5900000E+03   2.0000000E+01   3.0000000E+00   2.0000000E+01
  -2.9400000E+00   3.5800000E+03   2.0000000E+01   5.0000000E+00   2.0000000E+01
  -2.9333333E+00   3.5660000E+03   1.7000000E+01   6.0000000E+00   1.7000000E+01
  -2.9266667E+00   3.5620000E+03   1.1000000E+01   3.0000000E+00   1.1000000E+01
  -2.9200000E+00   3.6660000E+03   1.6000000E+01   9.0000000E+00   1.6000000E+01
  -2.9133333E+00   3.6650000E+03   1.4000000E+01   6.0000000E+00   1.4000000E+01
  -2.9066667E+00   3.6740000E+03   1.8000000E+01   8.0000000E+00   1.8000000E+01
  -2.9000000E+00   3.4990000E+03   1.8000000E+01   6.0000000E+00   1.8000000E+01
  -2.8933333E+00   3.6980000E+03   1.8000000E+01   3.0000000E+00   1.8000000E+01
  -2.8866667E+00   3.7830000E+03   2.3000000E+01   1.0000000E+00   2.3000000E+01
  -2.8800000E+00   3.6110000E+03   2.2000000E+01   3.0000000E+00   2.2000000E+01
  -2.8733333E+00   3.6310000E+03   2.5000000E+01   4.0000000E+00   2.5000000E+01
  -2.8666667E+00   3.6350000E+03   1.8000000E+01   4.0000000E+00   1.8000000E+01
  -2.8600000E+00   3.7450000E+03   2.6000000E+01   6.0000000E+00   2.6000000E+01
  -2.8533333E+00   3.7330000E+03   2.2000000E+01   9.0000000E+00   2.2000000E+01
  -2.8466667E+00   3.6620000E+03   2.3000000E+01   5.0000000E+00   2.3000000E+01
  -2.8400000E+00   3.7260000E+03   2.1000000E+01   7.0000000E+00   2.1000000E+01
  -2.8333333E+00   3.7220000E+03   3.2000000E+01   3.0000000E+00   3.2000000E+01
  -2.8266667E+00   3.8010000E+03   2.5000000E+01   5.0000000E+00   2.5000000E+01
  -2.8200000E+00   3.7300000E+03   2.4000000E+01   9.0000000E+00   2.4000000E+01
  -2.8133333E+00   3.8080000E+03   1.7000000E+01   6.0000000E+00   1.7000000E+01
  -2.8066667E+00   3.8220000E+03   2.8000000E+01   9.0000000E+00   2.8000000E+01
  -2.8000000E+00   3.8650000E+03   2.9000000E+01   4.0000000E+00   2.9000000E+01
  -2.7933333E+00   3.8740000E+03   3.0000000E+01   7.0000000E+00   3.0000000E+01
  -2.7866667E+00   3.7850000E+03   2.8000000E+01   5.0000000E+00   2.8000000E+01
  -2.7800000E+00   3.8590000E+03   2.9000000E+01   6.0000000E+00   2.9000000E+01
  -2.7733333E+00   3.8100000E+03   2.9000000E+01   6.0000000E+00   2.9000000E+01
  -2.7666667E+00   3.8310000E+03   4.1000000E+01   4.0000000E+00   4.1000000E+01
  -2.7600000E+00   3.7930000E+03   3.2000000E+01   4.0000000E+00   3.2000000E+01
  -2.7533333E+00   3.9180000E+03   3.5000000E+01   4.0000000E+00   3.5000000E+01
  -2.7466667E+00   3.9130000E+03   4.1000000E+01   9.0000000E+00   4.1000000E+01
  -2.7400000E+00   3.9090000E+03   2.9000000E+01   8.0000000E+00   2.9000000E+01
  -2.7333333E+00   3.9210000E+03   3.2000000E+01   4.0000000E+00   3.2000000E+01
  -2.7266667E+00   3.9240000E+03   2.7000000E+01   6.0000000E+00   2.7000000E+01
  -2.7200000E+00   4.0000000E+03   4.4000000E+01   8.0000000E+00   4.4000000E+01
  -2.7133333E+00   4.0040000E+03   3.7000000E+01   8.0000000E+00   3.7000000E+01
  -2.7066667E+00   3.8370000E+03   5.4000000E+01   8.0000000E+00   5.4000000E+01
  -2.7000000E+00   3.9880000E+03   5.1000000E+01   7.0000000E+00   5.1000000E+01
  -2.6933333E+00   3.9900000E+03   6.5000000E+01   1.0000000E+01   6.5000000E+01
  -2.6866667E+00   3.9800000E+03   5.5000000E+01   1.0000000E+01   5.5000000E+01
  -2.6800000E+00   4.0350000E+03   5.0000000E+01   5.0000000E+00   5.0000000E+01
  -2.6733333E+00   4.0000000E+03   5.4000000E+01   6.0000000E+00   5.4000000E+01
  -2.6666667E+00   4.1110000E+03   6.6000000E+01   1.2000000E+01   6.6000000E+01
  -2.6600000E+00   3.9570000E+03   6.0000000E+01   1.0000000E+01   6.0000000E+01
  -2.6533333E+00   4.0050000E+03   6.4000000E+01   6.0000000E+00   6.4000000E+01
  -2.6466667E+00   4.0590000E+03   7.3000000E+01   1.1000000E+01   7.3000000E+01
  -2.6400000E+00   4.1220000E+03   5.8000000E+01   1.4000000E+01   5.8000000E+01
  -2.6333333E+00   4.0640000E+03   6.7000000E+01   6.0000000E+00   6.7000000E+01
  -2.6266667E+00   4.1670000E+03   7.5000000E+01   1.3000000E+01   7.5000000E+01
  -2.6200000E+00   4.0030000E+03   6.1000000E+01   8.0000000E+00   6.1000000E+01
  -2.6133333E+00   4.1610000E+03   6.8000000E+01   9.0000000E+00   6.8000000E+01
  -2.6066667E+00   4.0950000E+03   6.7000000E+01   9.0000000E+00   6.7000000E+01
  -2.6000000E+00   4.1960000E+03   6.4000000E+01   7.0000000E+00   6.4000000E+01
  -2.5933333E+00   4.1630000E+03   7.4000000E+01   6.0000000E+00   7.4000000E+01
  -2.5866667E+00   4.1280000E+03   7.3000000E+01   1.3000000E+01   7.3000000E+01
  -2.5800000E+00   4.0680000E+03   9.9000000E+01   1.1000000E+01   9.9000000E+01
  -2.5733333E+00   4.2230000E+03   9.0000000E+01   1.2000000E+01   9.0000000E+01
  -2.5666667E+00   4.3630000E+03   9.5000000E+01   1.0000000E+01   9.5000000E+01
  -2.5600000E+00   4.1920000E+03   9.6000000E+01   5.0000000E+00   9.6000000E+01
  -2.5533333E+00   4.1070000E+03   1.0200000E+02   4.0000000E+00   1.0200000E+02
  -2.5466667E+00   4.2980000E+03   1.1000000E+02   1.4000000E+01   1.1000000E+02
  -2.5400000E+00   4.1740000E+03   1.1300000E+02   7.0000000E+00   1.1300000E+02
  -2.5333333E+00   4.2640000E+03   1.2800000E+02   1.0000000E+01   1.2800000E+02
  -2.5266667E+00   4.2680000E+03   1.0700000E+02   8.0000000E+00   1.0700000E+02
  -2.5200000E+00   4.3120000E+03   1.3500000E+02   1.2000000E+01   1.3500000E+02
  -2.5133333E+00   4.3520000E+03   1.4600000E+02   1.1000000E+01   1.4600000E+02
  -2.5066667E+00   4.3440000E+03   1.2400000E+02   7.0000000E+00   1.2400000E+02
  -2.5000000E+00   4.3300000E+03   1.4500000E+02   9.0000000E+00   1.4500000E+02
  -2.4933333E+00   4.2980000E+03   1.5100000E+02   6.0000000E+00   1.5100000E+02
  -2.4866667E+00   4.2860000E+03   1.5400000E+02   5.0000000E+00   1.5400000E+02
  -2.4800000E+00   4.3550000E+03   1.5100000E+02   8.0000000E+00   1.5100000E+02
  -2.4733333E+00   4.3280000E+03   1.7300000E+02   5.0000000E+00   1.7300000E+02
  -2.4666667E+00   4.3810000E+03   1.5700000E+02   1.0000000E+01   1.5700000E+02
  -2.4600000E+00   4.2430000E+03   1.7800000E+02   1.4000000E+01   1.7800000E+02
  -2.4533333E+00   4.3960000E+03   1.8000000E+02   9.0000000E+00   1.8000000E+02
  -2.4466667E+00   4.2960000E+03   1.7200000E+02   7.0000000E+00   1.7200000E+02
  -2.4400000E+00   4.4520000E+03   1.7800000E+02   7.0000000E+00   1.7800000E+02
  -2.4333333E+00   4.4590000E+03   2.1100000E+02   1.5000000E+01   2.1100000E+02
  -2.4266667E+00   4.3660000E+03   1.9800000E+02   1.5000000E+01   1.9800000E+02
  -2.4200000E+00   4.4080000E+03   1.7800000E+02   1.5000000E+01   1.7800000E+02
  -2.4133333E+00   4.3490000E+03   2.2900000E+02   1.6000000E+01   2.2900000E+02
  -2.4066667E+00   4.4140000E+03   2.1700000E+02   8.0000000E+00   2.1700000E+02
  -2.4000000E+00   4.5430000E+03   2.1300000E+02   1.7000000E+01   2.1300000E+02
  -2.3933333E+00   4.4740000E+03   2.5900000E+02   8.0000000E+00   2.5900000E+02
  -2.3866667E+00   4.4600000E+03   2.2900000E+02   1.1000000E+01   2.2900000E+02
  -2.3800000E+00   4.4290000E+03   2.7300000E+02   7.0000000E+00   2.7300000E+02
  -2.3733333E+00   4.4790000E+03   2.7400000E+02   1.1000000E+01   2.7400000E+02
  -2.3666667E+00   4.6190000E+03   2.5400000E+02   1.3000000E+01   2.5400000E+02
  -2.3600000E+00   4.5960000E+03   2.9200000E+02   1.0000000E+01   2.9200000E+02
  -2.3533333E+00   4.5130000E+03   2.9800000E+02   1.0000000E+01   2.9800000E+02
  -2.3466667E+00   4.5660000E+03   3.0100000E+02   1.0000000E+01   3.0100000E+02
  -2.3400000E+00   4.5180000E+03   3.3000000E+02   1.7000000E+01   3.3000000E+02
  -2.3333333E+00   4.5440000E+03   3.6100000E+02   1.2000000E+01   3.6100000E+02
  -2.3266667E+00   4.5300000E+03   3.4600000E+02   1.1000000E+01   3.4500000E+02
  -2.3200000E+00   4.5990000E+03   4.0000000E+02   1.1000000E+01   4.0000000E+02
  -2.3133333E+00   4.5050000E+03   4.2700000E+02   8.0000000E+00   4.2500000E+02
  -2.3066667E+00   4.5790000E+03   4.8100000E+02   1.4000000E+01   4.7800000E+02
  -2.3000000E+00   4.5910000E+03   4.7700000E+02   1.2000000E+01   4.7100000E+02
  -2.2933333E+00   4.6310000E+03   5.5300000E+02   9.0000000E+00   5.4900000E+02
  -2.2866667E+00   4.5880000E+03   6.9700000E+02   1.1000000E+01   6.8000000E+02
  -2.2800000E+00   4.5800000E+03   7.4200000E+02   1.6000000E+01   7.2200000E+02
  -2.2733333E+00   4.6460000E+03   8.5000000E+02   1.2000000E+01   8.2400000E+02
  -2.2666667E+00   4.6240000E+03   1.0260000E+03   1.4000000E+01   9.9100000E+02
  -2.2600000E+00   4.6690000E+03   1.1510000E+03   1.1000000E+01   1.0860000E+03
  -2.2533333E+00   4.7030000E+03   1.2950000E+03   1.1000000E+01   1.2130000E+03
  -2.2466667E+00   4.6210000E+03   1.5030000E+03   2.0000000E+01   1.3930000E+03
  -2.2400000E+00   4.7000000E+03   1.6940000E+03   5.0000000E+00   1.5550000E+03
  -2.2333333E+00   4.7860000E+03   1.7660000E+03   1.1000000E+01   1.6070000E+03
  -2.2266667E+00   4.6700000E+03   2.1400000E+03   1.3000000E+01   1.9170000E+03
  -2.2200000E+00   4.7300000E+03   2.3750000E+03   1.2000000E+01   2.0900000E+03
  -2.2133333E+00   4.6960000E+03   2.6900000E+03   1.7000000E+01   2.3800000E+03
  -2.2066667E+00   4.7460000E+03   2.9580000E+03   1.3000000E+01   2.5960000E+03
  -2.2000000E+00   4.7800000E+03   3.2920000E+03   1.2000000E+01   2.8360000E+03
  -2.1933333E+00   4.7570000E+03   3.5680000E+03   1.6000000E+01   3.0380000E+03
  -2.1866667E+00   4.7630000E+03   3.9330000E+03   1.1000000E+01   3.3060000E+03
  -2.1800000E+00   4.6840000E+03   4.1190000E+03   1.6000000E+01   3.4770000E+03
  -2.1733333E+00   4.8820000E+03   4.5470000E+03   1.8000000E+01   3.8300000E+03
  -2.1666667E+00   4.7020000E+03   4.6820000E+03   2.4000000E+01   3.8910000E+03
  -2.1600000E+00   4.8250000E+03   4.9350000E+03   1.1000000E+01   4.0890000E+03
  -2.1533333E+00   4.9630000E+03   5.3130000E+03   1.7000000E+01   4.3890000E+03
  -2.1466667E+00   4.8160000E+03   5.6250000E+03   1.4000000E+01   4.6430000E+03
  -2.1400000E+00   4.7980000E+03   6.0080000E+03   1.5000000E+01   4.8510000E+03
  -2.1333333E+00   4.8540000E+03   6.2230000E+03   1.7000000E+01   5.0200000E+03
  -2.1266667E+00   4.9080000E+03   6.5500000E+03   1.1000000E+01   5.2920000E+03
  -2.1200000E+00   5.0210000E+03   6.8460000E+03   1.9000000E+01   5.4960000E+03
  -2.1133333E+00   4.9470000E+03   6.9340000E+03   1.6000000E+01   5.5690000E+03
  -2.1066667E+00   4.8110000E+03   7.4220000E+03   1.7000000E+01   5.8500000E+03
  -2.1000000E+00   4.9290000E+03   7.5060000E+03   8.0000000E+00   5.9600000E+03
  -2.0933333E+00   4.9930000E+03   7.5760000E+03   1.9000000E+01   5.8920000E+03
  -2.0866667E+00   4.9130000E+03   7.9080000E+03   1.1000000E+01   6.2400000E+03
  -2.0800000E+00   5.0840000E+03   8.0620000E+03   2.2000000E+01   6.3280000E+03
  -2.0733333E+00   4.9000000E+03   8.2060000E+03   1.5000000E+01   6.4380000E+03
  -2.0666667E+00   5.0280000E+03   8.3900000E+03   2.7000000E+01   6.4860000E+03
  -2.0600000E+00   4.8910000E+03   8.4880000E+03   2.3000000E+01   6.5860000E+03
  -2.0533333E+00   4.8750000E+03   8.6660000E+03   2.3000000E+01   6.6200000E+03
  -2.0466667E+00   5.0230000E+03   8.6640000E+03   1.8000000E+01   6.6420000E+03
  -2.0400000E+00   4.8640000E+03   8.7260000E+03   1.4000000E+01   6.6950000E+03
  -2.0333333E+00   4.7740000E+03   8.9870000E+03   1.6000000E+01   6.8310000E+03
  -2.0266667E+00   5.0500000E+03   8.9910000E+03   2.6000000E+01   6.8260000E+03
  -2.0200000E+00   4.9910000E+03   9.0990000E+03   2.1000000E+01   6.8870000E+03
  -2.0133333E+00   4.9470000E+03   9.0480000E+03   1.8000000E+01   6.8000000E+03
  -2.0066667E+00   5.0990000E+03   8.8790000E+03   1.2000000E+01   6.7200000E+03
  -2.0000000E+00   5.1310000E+03   9.2670000E+03   2.2000000E+01   6.9600000E+03
  -1.9933333E+00   5.0920000E+03   9.2970000E+03   1.7000000E+01   6.9790000E+03
  -1.9866667E+00   5.0770000E+03   8.9530000E+03   1.6000000E+01   6.6790000E+03
  -1.9800000E+00   5.1120000E+03   8.9390000E+03   1.4000000E+01   6.6250000E+03
  -1.9733333E+00   5.0760000E+03   9.0160000E+03   1.3000000E+01   6.6380000E+03
  -1.9666667E+00   5.1300000E+03   8.9890000E+03   2.4000000E+01   6.5820000E+03
  -1.9600000E+00   5.1790000E+03   9.0370000E+03   1.8000000E+01   6.5210000E+03
  -1.9533333E+00   5.0750000E+03   8.9440000E+03   1.7000000E+01   6.4370000E+03
  -1.9466667E+00   5.1950000E+03   8.7570000E+03   2.5000000E+01   6.3260000E+03
  -1.9400000E+00   5.1930000E+03   8.7280000E+03   2.0000000E+01   6.2490000E+03
  -1.9333333E+00   5.0680000E+03   8.7410000E+03   2.6000000E+01   6.2500000E+03
  -1.9266667E+00   5.1870000E+03   8.7990000E+03   1.7000000E+01   6.2860000E+03
  -1.9200000E+00   5.1610000E+03   8.4670000E+03   2.2000000E+01   5.9790000E+03
  -1.9133333E+00   5.1140000E+03   8.3360000E+03   2.4000000E+01   5.8680000E+03
  -1.9066667E+00   5.3160000E+03   8.3710000E+03   1.7000000E+01   5.8720000E+03
  -1.9000000E+00   5.1500000E+03   8.3220000E+03   2.6000000E+01   5.8000000E+03
  -1.8933333E+00   5.2830000E+03   8.2110000E+03   2.3000000E+01   5.7210000E+03
  -1.8866667E+00   5.2500000E+03   8.1420000E+03   2.0000000E+01   5.6090000E+03
  -1.8800000E+00   5.2410000E+03   8.0420000E+03   2.1000000E+01   5.4490000E+03
  -1.8733333E+00   5.1820000E+03   7.9790000E+03   2.1000000E+01   5.4400000E+03
  -1.8666667E+00   5.4050000E+03   7.7640000E+03   1.7000000E+01   5.1510000E+03
  -1.8600000E+00   5.2810000E+03   7.6570000E+03   1.1000000E+01   5.0650000E+03
  -1.8533333E+00   5.3330000E+03   7.5680000E+03   2.2000000E+01   4.9640000E+03
  -1.8466667E+00   5.3000000E+03   7.5680000E+03   2.7000000E+01   4.9300000E+03
  -1.8400000E+00   5.3270000E+03   7.2950000E+03   2.5000000E+01   4.6870000E+03
  -1.8333333E+00   5.3500000E+03   7.3250000E+03   2.6000000E+01   4.5290000E+03
  -1.8266667E+00   5.2960000E+03   7.1330000E+03   2.3000000E+01   4.4680000E+03
  -1.8200000E+00   5.4210000E+03   7.1930000E+03   2.1000000E+01   4.4660000E+03
  -1.8133333E+00   5.4010000E+03   6.9990000E+03   2.9000000E+01   4.3680000E+03
  -1.8066667E+00   5.2960000E+03   6.6680000E+03   1.6000000E+01   4.0820000E+03
  -1.8000000E+00   5.3010000E+03   6.6750000E+03   2.4000000E+01   4.0310000E+03
  -1.7933333E+00   5.3460000E+03   6.5770000E+03   2.2000000E+01   3.8650000E+03
  -1.7866667E+00   5.4080000E+03   6.4670000E+03   3.4000000E+01   3.7490000E+03
  -1.7800000E+00   5.4310000E+03   6.3480000E+03   2.0000000E+01   3.6410000E+03
  -1.7733333E+00   5.3830000E+03   6.3380000E+03   2.5000000E+01   3.5540000E+03
  -1.7666667E+00   5.4190000E+03   6.2160000E+03   3.2000000E+01   3.5260000E+03
  -1.7600000E+00   5.4210000E+03   6.0950000E+03   2.0000000E+01   3.3780000E+03
  -1.7533333E+00   5.4870000E+03   5.9930000E+03   2.6000000E+01   3.3010000E+03
  -1.7466667E+00   5.5100000E+03   5.9180000E+03   2.1000000E+01   3.1600000E+03
  -1.7400000E+00   5.4740000E+03   5.8090000E+03   3.4000000E+01   3.0440000E+03
  -1.7333333E+00   5.5220000E+03   5.8100000E+03   2.1000000E+01   3.0450000E+03
  -1.7266667E+00   5.5930000E+03   5.6340000E+03   3.0000000E+01   2.8890000E+03
  -1.7200000E+00   5.3730000E+03   5.5180000E+03   2.6000000E+01   2.7350000E+03
  -1.7133333E+00   5.3360000E+03   5.3740000E+03   3.1000000E+01   2.7030000E+03
  -1.7066667E+00   5.5400000E+03   5.2930000E+03   2.4000000E+01   2.6540000E+03
  -1.7000000E+00   5.3040000E+03   5.2520000E+03   2.8000000E+01   2.5510000E+03
  -1.6933333E+00   5.5490000E+03   5.1330000E+03   2.7000000E+01   2.4100000E+03
  -1.6866667E+00   5.5320000E+03   5.1000000E+03   2.7000000E+01   2.3510000E+03
  -1.6800000E+00   5.5110000E+03   5.0580000E+03   3.0000000E+01   2.2810000E+03
  -1.6733333E+00   5.6190000E+03   5.0590000E+03   2.9000000E+01   2.2960000E+03
  -1.6666667E+00   5.7230000E+03   4.8120000E+03   3.3000000E+01   2.0450000E+03
  -1.6600000E+00   5.5130000E+03   4.8370000E+03   3.2000000E+01   2.0580000E+03
  -1.6533333E+00   5.5860000E+03   4.6740000E+03   1.9000000E+01   1.9830000E+03
  -1.6466667E+00   5.7270000E+03   4.6380000E+03   2.8000000E+01   1.9440000E+03
  -1.6400000E+00   5.4590000E+03   4.5410000E+03   2.8000000E+01   1.7940000E+03
  -1.6333333E+00   5.5780000E+03   4.4700000E+03   3.3000000E+01   1.7270000E+03
  -1.6266667E+00   5.6450000E+03   4.4470000E+03   3.8000000E+01   1.6530000E+03
  -1.6200000E+00   5.4620000E+03   4.3980000E+03   3.9000000E+01   1.6000000E+03
  -1.6133333E+00   5.5410000E+03   4.4300000E+03   3.6000000E+01   1.6020000E+03
  -1.6066667E+00   5.6020000E+03   4.3550000E+03   2.1000000E+01   1.5140000E+03
  -1.6000000E+00   5.4780000E+03   4.1660000E+03   3.4000000E+01   1.3910000E+03
  -1.5933333E+00   5.6150000E+03   4.1570000E+03   3.9000000E+01   1.3780000E+03
  -1.5866667E+00   5.6200000E+03   4.0800000E+03   5.1000000E+01   1.3470000E+03
  -1.5800000E+00   5.6880000E+03   4.0650000E+03   3.9000000E+01   1.2550000E+03
  -1.5733333E+00   5.6430000E+03   3.9730000E+03   3.8000000E+01   1.1810000E+03
  -1.5666667E+00   5.6520000E+03   3.9310000E+03   3.8000000E+01   1.1360000E+03
  -1.5600000E+00   5.6020000E+03   3.9180000E+03   3.7000000E+01   1.1450000E+03
  -1.5533333E+00   5.6350000E+03   3.9120000E+03   3.3000000E+01   1.0800000E+03
  -1.5466667E+00   5.6220000E+03   3.8030000E+03   4.5000000E+01   1.0500000E+03
  -1.5400000E+00   5.7340000E+03   3.7540000E+03   4.9000000E+01   9.5700000E+02
  -1.5333333E+00   5.7620000E+03   3.8890000E+03   3.9000000E+01   9.9500000E+02
  -1.5266667E+00   5.6280000E+03   3.6920000E+03   4.5000000E+01   8.7100000E+02
  -1.5200000E+00   5.6810000E+03   3.7120000E+03   4.0000000E+01   8.5300000E+02
  -1.5133333E+00   5.6090000E+03   3.7360000E+03   5.3000000E+01   7.9900000E+02
  -1.5066667E+00   5.5250000E+03   3.4970000E+03   3.8000000E+01   7.0900000E+02
  -1.5000000E+00   5.5520000E+03   3.5570000E+03   4.2000000E+01   7.1800000E+02
  -1.4933333E+00   5.5780000E+03   3.5270000E+03   6.3000000E+01   7.0300000E+02
  -1.4866667E+00   5.6630000E+03   3.4470000E+03   5.1000000E+01   6.3800000E+02
  -1.4800000E+00   5.4680000E+03   3.5150000E+03   3.4000000E+01   6.3800000E+02
  -1.4733333E+00   5.5940000E+03   3.3190000E+03   4.1000000E+01   6.0600000E+02
  -1.4666667E+00   5.4610000E+03   3.3640000E+03   6.0000000E+01   5.5200000E+02
  -1.4600000E+00   5.5920000E+03   3.2060000E+03   7.7000000E+01   5.0900000E+02
  -1.4533333E+00   5.4560000E+03   3.2970000E+03   6.0000000E+01   5.2900000E+02
  -1.4466667E+00   5.3880000E+03   3.2420000E+03   7.5000000E+01   5.2200000E+02
  -1.4400000E+00   5.2510000E+03   3.2860000E+03   6.2000000E+01   4.5100000E+02
  -1.4333333E+00   5.3080000E+03   3.3620000E+03   7.2000000E+01   4.4000000E+02
  -1.4266667E+00   5.3820000E+03   3.0690000E+03   1.0500000E+02   3.9000000E+02
  -1.4200000E+00   5.1450000E+03   3.0500000E+03   9.4000000E+01   3.6200000E+02
  -1.4133333E+00   5.0260000E+03   2.9590000E+03   7.9000000E+01   3.1400000E+02
  -1.4066667E+00   4.8030000E+03   2.9840000E+03   1.0900000E+02   3.2900000E+02
  -1.4000000E+00   4.7140000E+03   3.0100000E+03   8.8000000E+01   3.3500000E+02
  -1.3933333E+00   4.6290000E+03   2.7850000E+03   1.3100000E+02   2.7900000E+02
  -1.3866667E+00   4.4970000E+03   2.8270000E+03   1.3000000E+02   2.6400000E+02
  -1.3800000E+00   4.3640000E+03   2.6680000E+03   1.4900000E+02   2.3100000E+02
  -1.3733333E+00   4.1000000E+03   2.7040000E+03   1.3500000E+02   2.4700000E+02
  -1.3666667E+00   3.9970000E+03   2.5100000E+03   1.7400000E+02   2.3100000E+02
  -1.3600000E+00   3.8180000E+03   2.4660000E+03   1.8000000E+02   2.4300000E+02
  -1.3533333E+00   3.5060000E+03   2.4780000E+03   1.9400000E+02   2.3300000E+02
  -1.3466667E+00   3.3010000E+03   2.3450000E+03   2.1900000E+02   2.1000000E+02
  -1.3400000E+00   2.9920000E+03   2.2770000E+03   2.1500000E+02   2.1700000E+02
  -1.3333333E+00   2.8490000E+03   2.1080000E+03   2.5000000E+02   1.8700000E+02
  -1.3266667E+00   2.5310000E+03   2.0750000E+03   2.4400000E+02   2.3000000E+02
  -1.3200000E+00   2.3040000E+03   1.8110000E+03   2.6100000E+02   1.9800000E+02
  -1.3133333E+00   2.0210000E+03   1.7050000E+03   2.8900000E+02   2.0100000E+02
  -1.3066667E+00   1.7890000E+03   1.6530000E+03   3.2200000E+02   1.9600000E+02
  -1.3000000E+00   1.5440000E+03   1.4540000E+03   3.1600000E+02   1.9500000E+02
  -1.2933333E+00   1.3350000E+03   1.3670000E+03   3.0300000E+02   1.9400000E+02
  -1.2866667E+00   1.1860000E+03   1.2370000E+03   3.2500000E+02   1.7300000E+02
  -1.2800000E+00   9.3000000E+02   1.0990000E+03   3.2600000E+02   1.7800000E+02
  -1.2733333E+00   8.1100000E+02   9.8800000E+02   3.3600000E+02   2.2000000E+02
  -1.2666667E+00   7.0800000E+02   8.6500000E+02   3.6000000E+02   2.0400000E+02
  -1.2600000E+00   6.0200000E+02   7.4400000E+02   3.4700000E+02   1.7800000E+02
  -1.2533333E+00   5.2000000E+02   6.2600000E+02   3.3600000E+02   1.9600000E+02
  -1.2466667E+00   4.8600000E+02   5.5400000E+02   3.6600000E+02   2.0000000E+02
  -1.2400000E+00   4.3600000E+02   4.9300000E+02   3.6100000E+02   2.1500000E+02
  -1.2333333E+00   3.8600000E+02   4.0600000E+02   3.4700000E+02   2.0900000E+02
  -1.2266667E+00   3.5100000E+02   3.2800000E+02   3.3400000E+02   1.6900000E+02
  -1.2200000E+00   3.1500000E+02   3.1200000E+02   3.0100000E+02   2.1700000E+02
  -1.2133333E+00   3.7500000E+02   2.6400000E+02   3.6800000E+02   1.7400000E+02
  -1.2066667E+00   3.1600000E+02   2.5000000E+02   3.1300000E+02   2.0400000E+02
  -1.2000000E+00   3.4100000E+02   2.3800000E+02   3.3900000E+02   2.0200000E+02
  -1.1933333E+00   3.3700000E+02   2.1000000E+02   3.3700000E+02   1.8200000E+02
  -1.1866667E+00   3.0400000E+02   2.1200000E+02   3.0400000E+02   1.9900000E+02
  -1.1800000E+00   3.1300000E+02   2.0700000E+02   3.1300000E+02   2.0200000E+02
  -1.1733333E+00   3.3400000E+02   1.8500000E+02   3.3400000E+02   1.8300000E+02
  -1.1666667E+00   2.9800000E+02   2.0300000E+02   2.9800000E+02   2.0200000E+02
  -1.1600000E+00   3.0800000E+02   1.8100000E+02   3.0800000E+02   1.8100000E+02
  -1.1533333E+00   3.0500000E+02   1.7600000E+02   3.0500000E+02   1.7600000E+02
  -1.1466667E+00   2.7800000E+02   1.8800000E+02   2.7800000E+02   1.8800000E+02
  -1.1400000E+00   3.0200000E+02   1.6000000E+02   3.0200000E+02   1.6000000E+02
  -1.1333333E+00   2.9100000E+02   1.5000000E+02   2.9100000E+02   1.5000000E+02
  -1.1266667E+00   2.3700000E+02   1.8200000E+02   2.3700000E+02   1.8200000E+02
  -1.1200000E+00   3.2500000E+02   1.7000000E+02   3.2500000E+02   1.7000000E+02
  -1.1133333E+00   2.9900000E+02   1.7000000E+02   2.9900000E+02   1.7000000E+02
  -1.1066667E+00   2.7900000E+02   1.4900000E+02   2.7900000E+02   1.4900000E+02
  -1.1000000E+00   2.5700000E+02   1.7200000E+02   2.5700000E+02   1.7200000E+02
  -1.0933333E+00   2.6800000E+02   1.5800000E+02   2.6800000E+02   1.5800000E+02
  -1.0866667E+00   2.9500000E+02   1.6400000E+02   2.9500000E+02   1.6400000E+02
  -1.0800000E+00   2.3900000E+02   1.6100000E+02   2.3900000E+02   1.6100000E+02
  -1.0733333E+00   2.2100000E+02   1.8100000E+02   2.2100000E+02   1.8100000E+02
  -1.0666667E+00   2.4200000E+02   1.7300000E+02   2.4200000E+02   1.7300000E+02
  -1.0600000E+00   2.3100000E+02   1.4900000E+02   2.3100000E+02   1.4900000E+02
  -1.0533333E+00   2.3500000E+02   1.2800000E+02   2.3500000E+02   1.2800000E+02
  -1.0466667E+00   2.1300000E+02   1.4700000E+02   2.1300000E+02   1.4700000E+02
  -1.0400000E+00   2.5700000E+02   1.4100000E+02   2.5700000E+02   1.4100000E+02
  -1.0333333E+00   2.1700000E+02   1.3700000E+02   2.1700000E+02   1.3700000E+02
  -1.0266667E+00   2.3100000E+02   1.3200000E+02   2.3100000E+02   1.3200000E+02
  -1.0200000E+00   2.3200000E+02   1.4600000E+02   2.3200000E+02   1.4600000E+02
  -1.0133333E+00   2.0100000E+02   1.4400000E+02   2.0100000E+02   1.4400000E+02
  -1.0066667E+00   1.9000000E+02   1.3000000E+02   1.9000000E+02   1.3000000E+02
  -1.0000000E+00   2.0900000E+02   1.2700000E+02   2.0900000E+02   1.2700000E+02
  -9.9333333E-01   1.9800000E+02   1.3900000E+02   1.9800000E+02   1.3900000E+02
  -9.8666667E-01   1.6900000E+02   1.4200000E+02   1.6900000E+02   1.4200000E+02
  -9.8000000E-01   1.8300000E+02   1.0400000E+02   1.8300000E+02   1.0400000E+02
  -9.7333333E-01   1.7100000E+02   1.2600000E+02   1.7100000E+02   1.2600000E+02
  -9.6666667E-01   1.5000000E+02   1.1600000E+02   1.5000000E+02   1.1600000E+02
  -9.6000000E-01   1.6200000E+02   1.2200000E+02   1.6200000E+02   1.2200000E+02
  -9.5333333E-01   1.5700000E+02   1.3100000E+02   1.5700000E+02   1.3100000E+02
  -9.4666667E-01   1.7000000E+02   9.8000000E+01   1.7000000E+02   9.8000000E+01
  -9.4000000E-01   1.4900000E+02   1.0800000E+02   1.4900000E+02   1.0800000E+02
  -9.3333333E-01   1.7300000E+02   1.1400000E+02   1.7300000E+02   1.1400000E+02
  -9.2666667E-01   1.5000000E+02   1.1100000E+02   1.5000000E+02   1.1100000E+02
  -9.2000000E-01   1.4200000E+02   1.1700000E+02   1.4200000E+02   1.1700000E+02
  -9.1333333E-01   1.5500000E+02   1.0500000E+02   1.5500000E+02   1.0500000E+02
  -9.0666667E-01   1.5900000E+02   1.0100000E+02   1.5900000E+02   1.0100000E+02
  -9.0000000E-01   1.4500000E+02   1.0600000E+02   1.4500000E+02   1.0600000E+02
  -8.9333333E-01   1.4500000E+02   8.9000000E+01   1.4500000E+02   8.9000000E+01
  -8.8666667E-01   1.4300000E+02   8.6000000E+01   1.4300000E+02   8.6000000E+01
  -8.8000000E-01   1.3100000E+02   7.8000000E+01   1.3100000E+02   7.8000000E+01
  -8.7333333E-01   1.5000000E+02   8.1000000E+01   1.5000000E+02   8.1000000E+01
  -8.6666667E-01   1.2600000E+02   8.9000000E+01   1.2600000E+02   8.9000000E+01
  -8.6000000E-01   1.4800000E+02   9.1000000E+01   1.4800000E+02   9.1000000E+01
  -8.5333333E-01   1.2600000E+02   9.8000000E+01   1.2600000E+02   9.8000000E+01
  -8.4666667E-01   1.3000000E+02   7.8000000E+01   1.3000000E+02   7.8000000E+01
  -8.4000000E-01   1.1100000E+02   8.4000000E+01   1.1100000E+02   8.4000000E+01
  -8.3333333E-01   1.1500000E+02   8.1000000E+01   1.1500000E+02   8.1000000E+01
  -8.2666667E-01   1.2700000E+02   8.5000000E+01   1.2700000E+02   8.5000000E+01
  -8.2000000E-01   1.0000000E+02   7.5000000E+01   1.0000000E+02   7.5000000E+01
  -8.1333333E-01   1.0900000E+02   8.5000000E+01   1.0900000E+02   8.5000000E+01
  -8.0666667E-01   9.2000000E+01   7.2000000E+01   9.2000000E+01   7.2000000E+01
  -8.0000000E-01   1.1000000E+02   8.7000000E+01   1.1000000E+02   8.7000000E+01
  -7.9333333E-01   9.7000000E+01   6.9000000E+01   9.7000000E+01   6.9000000E+01
  -7.8666667E-01   8.6000000E+01   8.4000000E+01   8.6000000E+01   8.4000000E+01
  -7.8000000E-01   1.0800000E+02   6.9000000E+01   1.0800000E+02   6.9000000E+01
  -7.7333333E-01   1.0700000E+02   7.3000000E+01   1.0700000E+02   7.3000000E+01
  -7.6666667E-01   8.6000000E+01   7.6000000E+01   8.6000000E+01   7.6000000E+01
  -7.6000000E-01   1.0700000E+02   5.7000000E+01   1.0700000E+02   5.7000000E+01
  -7.5333333E-01   9.5000000E+01   7.5000000E+01   9.5000000E+01   7.5000000E+01
  -7.4666667E-01   8.8000000E+01   8.4000000E+01   8.8000000E+01   8.4000000E+01
  -7.4000000E-01   9.8000000E+01   7.2000000E+01   9.8000000E+01   7.2000000E+01
  -7.3333333E-01   9.3000000E+01   6.0000000E+01   9.3000000E+01   6.0000000E+01
  -7.2666667E-01   7.5000000E+01   5.4000000E+01   7.5000000E+01   5.4000000E+01
  -7.2000000E-01   7.4000000E+01   6.0000000E+01   7.4000000E+01   6.0000000E+01
  -7.1333333E-01   9.0000000E+01   6.5000000E+01   9.0000000E+01   6.5000000E+01
  -7.0666667E-01   1.0400000E+02   6.1000000E+01   1.0400000E+02   6.1000000E+01
  -7.0000000E-01   7.3000000E+01   4.7000000E+01   7.3000000E+01   4.7000000E+01
  -6.9333333E-01   7.6000000E+01   5.3000000E+01   7.6000000E+01   5.3000000E+01
  -6.8666667E-01   7.3000000E+01   5.9000000E+01   7.3000000E+01   5.9000000E+01
  -6.8000000E-01   8.0000000E+01   5.4000000E+01   8.0000000E+01   5.4000000E+01
  -6.7333333E-01   6.9000000E+01   5.3000000E+01   6.9000000E+01   5.3000000E+01
  -6.6666667E-01   6.8000000E+01   3.9000000E+01   6.8000000E+01   3.9000000E+01
  -6.6000000E-01   8.0000000E+01   5.6000000E+01   8.0000000E+01   5.6000000E+01
  -6.5333333E-01   8.7000000E+01   4.5000000E+01   8.7000000E+01   4.5000000E+01
  -6.4666667E-01   7.3000000E+01   4.8000000E+01   7.3000000E+01   4.8000000E+01
  -6.4000000E-01   8.0000000E+01   4.9000000E+01   8.0000000E+01   4.9000000E+01
  -6.3333333E-01   7.3000000E+01   4.8000000E+01   7.3000000E+01   4.8000000E+01
  -6.2666667E-01   8.6000000E+01   4.3000000E+01   8.6000000E+01   4.3000000E+01
  -6.2000000E-01   8.8000000E+01   4.9000000E+01   8.8000000E+01   4.9000000E+01
  -6.1333333E-01   7.1000000E+01   5.8000000E+01   7.1000000E+01   5.8000000E+01
  -6.0666667E-01   8.8000000E+01   6.1000000E+01   8.8000000E+01   6.1000000E+01
  -6.0000000E-01   8.5000000E+01   4.0000000E+01   8.5000000E+01   4.0000000E+01
  -5.9333333E-01   6.4000000E+01   5.1000000E+01   6.4000000E+01   5.1000000E+01
  -5.8666667E-01   7.7000000E+01   5.9000000E+01   7.7000000E+01   5.9000000E+01
  -5.8000000E-01   6.7000000E+01   3.3000000E+01   6.7000000E+01   3.3000000E+01
  -5.7333333E-01   6.8000000E+01   5.0000000E+01   6.8000000E+01   5.0000000E+01
  -5.6666667E-01   7.1000000E+01   6.1000000E+01   7.1000000E+01   6.1000000E+01
  -5.6000000E-01   7.9000000E+01   4.7000000E+01   7.9000000E+01   4.7000000E+01
  -5.5333333E-01   7.1000000E+01   4.3000000E+01   7.1000000E+01   4.3000000E+01
  -5.4666667E-01   5.0000000E+01   4.3000000E+01   5.0000000E+01   4.3000000E+01
  -5.4000000E-01   5.2000000E+01   4.7000000E+01   5.2000000E+01   4.7000000E+01
  -5.3333333E-01   6.1000000E+01   4.8000000E+01   6.1000000E+01   4.8000000E+01
  -5.2666667E-01   7.4000000E+01   5.8000000E+01   7.4000000E+01   5.8000000E+01
  -5.2000000E-01   7.1000000E+01   5.1000000E+01   7.1000000E+01   5.1000000E+01
  -5.1333333E-01   8.2000000E+01   3.8000000E+01   8.2000000E+01   3.8000000E+01
  -5.0666667E-01   6.6000000E+01   5.2000000E+01   6.6000000E+01   5.2000000E+01
  -5.0000000E-01   7.0000000E+01   3.4000000E+01   7.0000000E+01   3.4000000E+01
  -4.9333333E-01   7.3000000E+01   4.3000000E+01   7.3000000E+01   4.3000000E+01
  -4.8666667E-01   6.3000000E+01   4.4000000E+01   6.3000000E+01   4.4000000E+01
  -4.8000000E-01   6.5000000E+01   4.5000000E+01   6.5000000E+01   4.5000000E+01
  -4.7333333E-01   6.3000000E+01   4.4000000E+01   6.3000000E+01   4.4000000E+01
  -4.6666667E-01   7.8000000E+01   5.8000000E+01   7.8000000E+01   5.8000000E+01
  -4.6000000E-01   7.0000000E+01   4.8000000E+01   7.0000000E+01   4.8000000E+01
  -4.5333333E-01   6.4000000E+01   4.8000000E+01   6.4000000E+01   4.8000000E+01
  -4.4666667E-01   6.6000000E+01   3.7000000E+01   6.6000000E+01   3.7000000E+01
  -4.4000000E-01   7.8000000E+01   4.9000000E+01   7.8000000E+01   4.9000000E+01
  -4.3333333E-01   8.7000000E+01   5.7000000E+01   8.7000000E+01   5.7000000E+01
  -4.2666667E-01   7.8000000E+01   3.9000000E+01   7.8000000E+01   3.9000000E+01
  -4.2000000E-01   7.5000000E+01   4.9000000E+01   7.5000000E+01   4.9000000E+01
  -4.1333333E-01   8.5000000E+01   4.8000000E+01   8.5000000E+01   4.8000000E+01
  -4.0666667E-01   7.2000000E+01   4.8000000E+01   7.2000000E+01   4.8000000E+01
  -4.0000000E-01   7.5000000E+01   4.8000000E+01   7.5000000E+01   4.8000000E+01
  -3.9333333E-01   8.0000000E+01   4.1000000E+01   8.0000000E+01   4.1000000E+01
  -3.8666667E-01   8.4000000E+01   4.0000000E+01   8.4000000E+01   4.0000000E+01
  -3.8000000E-01   8.3000000E+01   4.6000000E+01   8.3000000E+01   4.6000000E+01
  -3.7333333E-01   8.0000000E+01   4.4000000E+01   8.0000000E+01   4.4000000E+01
  -3.6666667E-01   8.5000000E+01   4.8000000E+01   8.5000000E+01   4.8000000E+01
  -3.6000000E-01   8.2000000E+01   6.7000000E+01   8.2000000E+01   6.7000000E+01
  -3.5333333E-01   9.7000000E+01   4.9000000E+01   9.7000000E+01   4.9000000E+01
  -3.4666667E-01   9.3000000E+01   6.2000000E+01   9.3000000E+01   6.2000000E+01
  -3.4000000E-01   8.1000000E+01   5.0000000E+01   8.1000000E+01   5.0000000E+01
  -3.3333333E-01   9.9000000E+01   5.3000000E+01   9.9000000E+01   5.3000000E+01
  -3.2666667E-01   8.0000000E+01   5.6000000E+01   8.0000000E+01   5.6000000E+01
  -3.2000000E-01   9.6000000E+01   6.3000000E+01   9.6000000E+01   6.3000000E+01
  -3.1333333E-01   1.1100000E+02   6.2000000E+01   1.1100000E+02   6.2000000E+01
  -3.0666667E-01   9.3000000E+01   6.4000000E+01   9.3000000E+01   6.4000000E+01
  -3.0000000E-01   1.0400000E+02   6.3000000E+01   1.0400000E+02   6.3000000E+01
  -2.9333333E-01   1.0300000E+02   6.4000000E+01   1.0300000E+02   6.4000000E+01
  -2.8666667E-01   1.0900000E+02   8.2000000E+01   1.0900000E+02   8.2000000E+01
  -2.8000000E-01   1.1300000E+02   6.5000000E+01   1.1300000E+02   6.5000000E+01
  -2.7333333E-01   1.1000000E+02   8.7000000E+01   1.1000000E+02   8.7000000E+01
  -2.6666667E-01   1.1700000E+02   7.3000000E+01   1.1700000E+02   7.3000000E+01
  -2.6000000E-01   1.3500000E+02   8.4000000E+01   1.3500000E+02   8.4000000E+01
  -2.5333333E-01   1.1900000E+02   5.8000000E+01   1.1900000E+02   5.8000000E+01
  -2.4666667E-01   1.3000000E+02   8.3000000E+01   1.3000000E+02   8.3000000E+01
  -2.4000000E-01   1.1300000E+02   7.6000000E+01   1.1300000E+02   7.6000000E+01
  -2.3333333E-01   1.3800000E+02   8.0000000E+01   1.3800000E+02   8.0000000E+01
  -2.2666667E-01   1.3400000E+02   8.6000000E+01   1.3400000E+02   8.6000000E+01
  -2.2000000E-01   1.3400000E+02   9.6000000E+01   1.3400000E+02   9.6000000E+01
  -2.1333333E-01   1.6300000E+02   9.8000000E+01   1.6300000E+02   9.8000000E+01
  -2.0666667E-01   1.6300000E+02   1.0100000E+02   1.6300000E+02   1.0100000E+02
  -2.0000000E-01   1.5700000E+02   1.0800000E+02   1.5700000E+02   1.0800000E+02
  -1.9333333E-01   1.6800000E+02   9.9000000E+01   1.6800000E+02   9.9000000E+01
  -1.8666667E-01   1.7800000E+02   1.0500000E+02   1.7800000E+02   1.0500000E+02
  -1.8000000E-01   1.7700000E+02   1.0400000E+02   1.7700000E+02   1.0400000E+02
  -1.7333333E-01   2.0300000E+02   1.3100000E+02   2.0300000E+02   1.3100000E+02
  -1.6666667E-01   1.9300000E+02   1.1900000E+02   1.9300000E+02   1.1900000E+02
  -1.6000000E-01   1.7300000E+02   1.0900000E+02   1.7300000E+02   1.0900000E+02
  -1.5333333E-01   1.9000000E+02   1.3500000E+02   1.9000000E+02   1.3500000E+02
  -1.4666667E-01   2.1900000E+02   1.1300000E+02   2.1900000E+02   1.1300000E+02
  -1.4000000E-01   2.1900000E+02   1.2200000E+02   2.1900000E+02   1.2200000E+02
  -1.3333333E-01   2.0700000E+02   1.4400000E+02   2.0700000E+02   1.4400000E+02
  -1.2666667E-01   2.3700000E+02   1.3100000E+02   2.3700000E+02   1.3100000E+02
  -1.2000000E-01   2.4500000E+02   1.3400000E+02   2.4500000E+02   1.3400000E+02
  -1.1333333E-01   2.6000000E+02   1.6600000E+02   2.6000000E+02   1.6600000E+02
  -1.0666667E-01   2.6400000E+02   1.5000000E+02   2.6400000E+02   1.5000000E+02
  -1.0000000E-01   2.6900000E+02   1.5100000E+02   2.6900000E+02   1.5100000E+02
  -9.3333333E-02   2.7000000E+02   1.6700000E+02   2.7000000E+02   1.6700000E+02
  -8.6666667E-02   2.9300000E+02   1.7700000E+02   2.9300000E+02   1.7700000E+02
  -8.0000000E-02   2.8700000E+02   1.9300000E+02   2.8700000E+02   1.9300000E+02
  -7.3333333E-02   3.1800000E+02   1.9500000E+02   3.1800000E+02   1.9500000E+02
  -6.6666667E-02   3.0900000E+02   1.8800000E+02   3.0900000E+02   1.8800000E+02
  -6.0000000E-02   3.2500000E+02   2.0100000E+02   3.2500000E+02   2.0100000E+02
  -5.3333333E-02   3.2200000E+02   2.0100000E+02   3.2200000E+02   2.0100000E+02
  -4.6666667E-02   3.9800000E+02   2.3900000E+02   3.9800000E+02   2.3900000E+02
  -4.0000000E-02   3.5000000E+02   2.3400000E+02   3.5000000E+02   2.3400000E+02
  -3.3333333E-02   3.7900000E+02   2.4300000E+02   3.7900000E+02   2.4300000E+02
  -2.6666667E-02   3.9100000E+02   2.4800000E+02   3.9100000E+02   2.4800000E+02
  -2.0000000E-02   3.7100000E+02   2.5100000E+02   3.7100000E+02   2.5100000E+02
  -1.3333333E-02   4.3700000E+02   2.5700000E+02   4.3700000E+02   2.5700000E+02
  -6.6666667E-03   4.1400000E+02   2.9800000E+02   4.1400000E+02   2.9800000E+02
   0.0000000E+00   4.1900000E+02   3.0400000E+02   4.1900000E+02   3.0400000E+02
   6.6666667E-03   4.6800000E+02   3.1500000E+02   4.6800000E+02   3.1500000E+02
   1.3333333E-02   4.6300000E+02   3.0700000E+02   4.6300000E+02   3.0700000E+02
   2.0000000E-02   5.2500000E+02   3.4500000E+02   5.2500000E+02   3.4500000E+02
   2.6666667E-02   5.2300000E+02   3.3700000E+02   5.2300000E+02   3.3700000E+02
   3.3333333E-02   5.4400000E+02   3.4000000E+02   5.4400000E+02   3.4000000E+02
   4.0000000E-02   5.2400000E+02   3.4200000E+02   5.2400000E+02   3.4200000E+02
   4.6666667E-02   5.8500000E+02   3.6500000E+02   5.8500000E+02   3.6500000E+02
   5.3333333E-02   6.1900000E+02   3.4700000E+02   6.1900000E+02   3.4700000E+02
   6.0000000E-02   6.7800000E+02   4.1700000E+02   6.7800000E+02   4.1700000E+02
   6.6666667E-02   6.4100000E+02   4.0600000E+02   6.4100000E+02   4.0600000E+02
   7.3333333E-02   6.5600000E+02   4.1000000E+02   6.5600000E+02   4.1000000E+02
   8.0000000E-02   7.1900000E+02   4.3700000E+02   7.1900000E+02   4.3700000E+02
   8.6666667E-02   7.0900000E+02   4.4600000E+02   7.0900000E+02   4.4600000E+02
   9.3333333E-02   7.5500000E+02   4.4100000E+02   7.5500000E+02   4.4100000E+02
   1.0000000E-01   7.7500000E+02   5.0200000E+02   7.7500000E+02   5.0200000E+02
   1.0666667E-01   7.7500000E+02   4.6000000E+02   7.7500000E+02   4.6000000E+02
   1.1333333E-01   8.0600000E+02   4.5800000E+02   8.0600000E+02   4.5800000E+02
   1.2000000E-01   8.7200000E+02   4.7000000E+02   8.7200000E+02   4.7000000E+02
   1.2666667E-01   8.5000000E+02   5.4400000E+02   8.5000000E+02   5.4400000E+02
   1.3333333E-01   9.4900000E+02   5.5500000E+02   9.4900000E+02   5.5500000E+02
   1.4000000E-01   9.4900000E+02   5.4200000E+02   9.4900000E+02   5.4200000E+02
   1.4666667E-01   9.7900000E+02   5.5600000E+02   9.7900000E+02   5.5600000E+02
   1.5333333E-01   9.8300000E+02   6.0200000E+02   9.8300000E+02   6.0200000E+02
   1.6000000E-01   9.8400000E+02   6.2400000E+02   9.8400000E+02   6.2400000E+02
   1.6666667E-01   1.0330000E+03   6.4900000E+02   1.0330000E+03   6.4900000E+02
   1.7333333E-01   1.1130000E+03   6.6400000E+02   1.1130000E+03   6.6400000E+02
   1.8000000E-01   1.1230000E+03   7.0800000E+02   1.1230000E+03   7.0800000E+02
   1.8666667E-01   1.2290000E+03   7.3500000E+02   1.2290000E+03   7.3500000E+02
   1.9333333E-01   1.2470000E+03   7.6000000E+02   1.2470000E+03   7.6000000E+02
   2.0000000E-01   1.3180000E+03   8.0800000E+02   1.3180000E+03   8.0800000E+02
   2.0666667E-01   1.3220000E+03   7.5600000E+02   1.3220000E+03   7.5600000E+02
   2.1333333E-01   1.3660000E+03   8.0600000E+02   1.3660000E+03   8.0600000E+02
   2.2000000E-01   1.4160000E+03   9.0700000E+02   1.4160000E+03   9.0600000E+02
   2.2666667E-01   1.4640000E+03   9.3100000E+02   1.4640000E+03   9.2700000E+02
   2.3333333E-01   1.4330000E+03   1.0130000E+03   1.4330000E+03   1.0090000E+03
   2.4000000E-01   1.5540000E+03   1.0880000E+03   1.5540000E+03   1.0820000E+03
   2.4666667E-01   1.7290000E+03   1.1500000E+03   1.7290000E+03   1.1410000E+03
   2.5333333E-01   1.7610000E+03   1.3260000E+03   1.7600000E+03   1.3150000E+03
   2.6000000E-01   1.8570000E+03   1.4170000E+03   1.8560000E+03   1.3930000E+03
   2.6666667E-01   1.9440000E+03   1.5890000E+03   1.9410000E+03   1.5630000E+03
   2.7333333E-01   2.1350000E+03   1.7280000E+03   2.1290000E+03   1.6790000E+03
   2.8000000E-01   2.3060000E+03   1.9190000E+03   2.2930000E+03   1.8440000E+03
   2.8666667E-01   2.4820000E+03   2.1660000E+03   2.4600000E+03   2.0700000E+03
   2.9333333E-01   2.6890000E+03   2.3660000E+03   2.6640000E+03   2.2440000E+03
   3.0000000E-01   3.0030000E+03   2.7390000E+03   2.9470000E+03   2.5730000E+03
   3.0666667E-01   3.3180000E+03   3.0220000E+03   3.2330000E+03   2.8220000E+03
   3.1333333E-01   3.8470000E+03   3.3650000E+03   3.7660000E+03   3.1210000E+03
   3.2000000E-01   4.1770000E+03   3.5600000E+03   4.0380000E+03   3.2560000E+03
   3.2666667E-01   4.7180000E+03   3.9740000E+03   4.5460000E+03   3.5960000E+03
   3.3333333E-01   5.3300000E+03   4.4530000E+03   5.0400000E+03   4.0150000E+03
   3.4000000E-01   6.1290000E+03   4.9930000E+03   5.7730000E+03   4.4400000E+03
   3.4666667E-01   6.7730000E+03   5.3390000E+03   6.3570000E+03   4.7400000E+03
   3.5333333E-01   7.5170000E+03   5.7460000E+03   6.9540000E+03   5.0690000E+03
   3.6000000E-01   8.2840000E+03   6.2610000E+03   7.6390000E+03   5.4410000E+03
   3.6666667E-01   9.2920000E+03   6.5910000E+03   8.4970000E+03   5.7390000E+03
   3.7333333E-01   1.0112000E+04   6.9280000E+03   9.1800000E+03   5.9960000E+03
   3.8000000E-01   1.1074000E+04   7.4990000E+03   9.9280000E+03   6.3970000E+03
   3.8666667E-01   1.2026000E+04   8.0900000E+03   1.0816000E+04   6.8800000E+03
   3.9333333E-01   1.2948000E+04   8.7300000E+03   1.1526000E+04   7.4400000E+03
   4.0000000E-01   1.3767000E+04   9.1110000E+03   1.2171000E+04   7.6840000E+03
   4.0666667E-01   1.4944000E+04   9.3370000E+03   1.3178000E+04   7.8330000E+03
   4.1333333E-01   1.6199000E+04   9.9320000E+03   1.4159000E+04   8.2260000E+03
   4.2000000E-01   1.7091000E+04   1.0302000E+04   1.4851000E+04   8.4620000E+03
   4.2666667E-01   1.8172000E+04   1.0689000E+04   1.5727000E+04   8.8310000E+03
   4.3333333E-01   1.8974000E+04   1.1072000E+04   1.6304000E+04   9.1520000E+03
   4.4000000E-01   1.9881000E+04   1.1584000E+04   1.6988000E+04   9.5190000E+03
   4.4666667E-01   2.1184000E+04   1.1851000E+04   1.8074000E+04   9.6820000E+03
   4.5333333E-01   2.2077000E+04   1.2187000E+04   1.8713000E+04   9.9990000E+03
   4.6000000E-01   2.2833000E+04   1.2531000E+04   1.9276000E+04   1.0256000E+04
   4.6666667E-01   2.3682000E+04   1.2868000E+04   2.0055000E+04   1.0446000E+04
   4.7333333E-01   2.4385000E+04   1.3063000E+04   2.0464000E+04   1.0690000E+04
   4.8000000E-01   2.4888000E+04   1.3606000E+04   2.0839000E+04   1.1011000E+04
   4.8666667E-01   2.5867000E+04   1.3646000E+04   2.1551000E+04   1.1063000E+04
   4.9333333E-01   2.6727000E+04   1.3831000E+04   2.2342000E+04   1.1065000E+04
   5.0000000E-01   2.7230000E+04   1.3864000E+04   2.2691000E+04   1.1117000E+04
   5.0666667E-01   2.7707000E+04   1.4236000E+04   2.3005000E+04   1.1506000E+04
   5.1333333E-01   2.8006000E+04   1.4055000E+04   2.3217000E+04   1.1278000E+04
   5.2000000E-01   2.8429000E+04   1.4452000E+04   2.3366000E+04   1.1555000E+04
   5.2666667E-01   2.9069000E+04   1.4453000E+04   2.3994000E+04   1.1593000E+04
   5.3333333E-01   2.9302000E+04   1.4480000E+04   2.4046000E+04   1.1534000E+04
   5.4000000E-01   2.9581000E+04   1.4552000E+04   2.4163000E+04   1.1588000E+04
   5.4666667E-01   3.0202000E+04   1.4436000E+04   2.4682000E+04   1.1420000E+04
   5.5333333E-01   3.0209000E+04   1.4505000E+04   2.4716000E+04   1.1475000E+04
   5.6000000E-01   3.0564000E+04   1.4554000E+04   2.4998000E+04   1.1429000E+04
   5.6666667E-01   3.0232000E+04   1.4316000E+04   2.4604000E+04   1.1331000E+04
   5.7333333E-01   3.0468000E+04   1.4342000E+04   2.4720000E+04   1.1288000E+04
   5.8000000E-01   3.0746000E+04   1.4642000E+04   2.4808000E+04   1.1564000E+04
   5.8666667E-01   3.0659000E+04   1.4363000E+04   2.4707000E+04   1.1280000E+04
   5.9333333E-01   3.0735000E+04   1.4548000E+04   2.4717000E+04   1.1381000E+04
   6.0000000E-01   3.0526000E+04   1.4347000E+04   2.4499000E+04   1.1186000E+04
   6.0666667E-01   3.0800000E+04   1.4086000E+04   2.4626000E+04   1.0920000E+04
   6.1333333E-01   3.0384000E+04   1.4118000E+04   2.4293000E+04   1.0935000E+04
   6.2000000E-01   3.0066000E+04   1.3930000E+04   2.3965000E+04   1.0802000E+04
   6.2666667E-01   3.0073000E+04   1.3834000E+04   2.3935000E+04   1.0722000E+04
   6.3333333E-01   2.9895000E+04   1.3954000E+04   2.3769000E+04   1.0630000E+04
   6.4000000E-01   2.9542000E+04   1.3734000E+04   2.3317000E+04   1.0586000E+04
   6.4666667E-01   2.9232000E+04   1.3540000E+04   2.3136000E+04   1.0364000E+04
   6.5333333E-01   2.9329000E+04   1.3408000E+04   2.2976000E+04   1.0220000E+04
   6.6000000E-01   2.8760000E+04   1.3339000E+04   2.2423000E+04   1.0073000E+04
   6.6666667E-01   2.8192000E+04   1.3021000E+04   2.1915000E+04   9.7600000E+03
   6.7333333E-01   2.8207000E+04   1.2867000E+04   2.1849000E+04   9.6850000E+03
   6.8000000E-01   2.7762000E+04   1.2916000E+04   2.1326000E+04   9.6990000E+03
   6.8666667E-01   2.7586000E+04   1.2592000E+04   2.1242000E+04   9.3550000E+03
   6.9333333E-01   2.7229000E+04   1.2299000E+04   2.0793000E+04   9.0210000E+03
   7.0000000E-01   2.6891000E+04   1.2119000E+04   2.0462000E+04   8.8950000E+03
   7.0666667E-01   2.6617000E+04   1.1973000E+04   2.0170000E+04   8.7480000E+03
   7.1333333E-01   2.5954000E+04   1.1791000E+04   1.9460000E+04   8.4950000E+03
   7.2000000E-01   2.5433000E+04   1.1764000E+04   1.9148000E+04   8.5190000E+03
   7.2666667E-01   2.5337000E+04   1.1463000E+04   1.8886000E+04   8.2090000E+03
   7.3333333E-01   2.4742000E+04   1.1284000E+04   1.8371000E+04   8.0740000E+03
   7.4000000E-01   2.4049000E+04   1.1217000E+04   1.7755000E+04   7.9270000E+03
   7.4666667E-01   2.3894000E+04   1.0766000E+04   1.7503000E+04   7.5650000E+03
   7.5333333E-01   2.3553000E+04   1.0765000E+04   1.7011000E+04   7.5560000E+03
   7.6000000E-01   2.3229000E+04   1.0638000E+04   1.6717000E+04   7.3620000E+03
   7.6666667E-01   2.2634000E+04   1.0444000E+04   1.6308000E+04   7.2270000E+03
   7.7333333E-01   2.2461000E+04   1.0311000E+04   1.5844000E+04   7.0680000E+03
   7.8000000E-01   2.2033000E+04   1.0104000E+04   1.5479000E+04   6.8530000E+03
   7.8666667E-01   2.1522000E+04   9.9770000E+03   1.5039000E+04   6.6520000E+03
   7.9333333E-01   2.0987000E+04   9.5200000E+03   1.4639000E+04   6.2970000E+03
   8.0000000E-01   2.0650000E+04   9.4830000E+03   1.4179000E+04   6.3110000E+03
   8.0666667E-01   2.0491000E+04   9.4250000E+03   1.4113000E+04   6.2190000E+03
   8.1333333E-01   1.9995000E+04   9.1130000E+03   1.3539000E+04   5.7860000E+03
   8.2000000E-01   1.9562000E+04   8.7900000E+03   1.3172000E+04   5.6120000E+03
   8.2666667E-01   1.9489000E+04   8.7380000E+03   1.2923000E+04   5.5340000E+03
   8.3333333E-01   1.8966000E+04   8.7240000E+03   1.2605000E+04   5.4340000E+03
   8.4000000E-01   1.8898000E+04   8.5570000E+03   1.2345000E+04   5.4110000E+03
   8.4666667E-01   1.8029000E+04   8.3990000E+03   1.1690000E+04   5.1810000E+03
   8.5333333E-01   1.7678000E+04   8.1230000E+03   1.1366000E+04   4.9250000E+03
   8.6000000E-01   1.7407000E+04   8.0930000E+03   1.0978000E+04   4.8370000E+03
   8.6666667E-01   1.7148000E+04   7.9400000E+03   1.0730000E+04   4.6610000E+03
   8.7333333E-01   1.6692000E+04   7.6730000E+03   1.0389000E+04   4.4180000E+03
   8.8000000E-01   1.6347000E+04   7.6330000E+03   1.0070000E+04   4.4180000E+03
   8.8666667E-01   1.6116000E+04   7.6010000E+03   9.7710000E+03   4.2970000E+03
   8.9333333E-01   1.5808000E+04   7.3320000E+03   9.5280000E+03   4.1250000E+03
   9.0000000E-01   1.5495000E+04   7.1710000E+03   9.0980000E+03   3.9730000E+03
   9.0666667E-01   1.5304000E+04   6.8860000E+03   8.9340000E+03   3.7090000E+03
   9.1333333E-01   1.4814000E+04   6.8880000E+03   8.4530000E+03   3.6600000E+03
   9.2000000E-01   1.4742000E+04   6.7860000E+03   8.2650000E+03   3.4720000E+03
   9.2666667E-01   1.4186000E+04   6.6390000E+03   7.9420000E+03   3.4340000E+03
   9.3333333E-01   1.4104000E+04   6.4080000E+03   7.7460000E+03   3.2550000E+03
   9.4000000E-01   1.3916000E+04   6.3540000E+03   7.4970000E+03   3.1840000E+03
   9.4666667E-01   1.3474000E+04   6.1810000E+03   7.1530000E+03   3.0150000E+03
   9.5333333E-01   1.3443000E+04   6.1610000E+03   7.0560000E+03   2.9190000E+03
   9.6000000E-01   1.2915000E+04   5.9410000E+03   6.6790000E+03   2.8050000E+03
   9.6666667E-01   1.2696000E+04   5.8710000E+03   6.4540000E+03   2.6820000E+03
   9.7333333E-01   1.2381000E+04   5.7740000E+03   6.1010000E+03   2.5010000E+03
   9.8000000E-01   1.2306000E+04   5.4910000E+03   6.0580000E+03   2.5100000E+03
   9.8666667E-01   1.2029000E+04   5.6330000E+03   5.7810000E+03   2.3380000E+03
   9.9333333E-01   1.1844000E+04   5.3850000E+03   5.5110000E+03   2.2450000E+03
   1.0000000E+00   1.1420000E+04   5.4130000E+03   5.3020000E+03   2.2260000E+03
   1.0066667E+00   1.1445000E+04   5.1470000E+03   5.0810000E+03   2.0420000E+03
   1.0133333E+00   1.1141000E+04   5.1520000E+03   4.9470000E+03   1.9560000E+03
   1.0200000E+00   1.0844000E+04   5.0940000E+03   4.6890000E+03   1.8750000E+03
   1.0266667E+00   1.0534000E+04   4.9980000E+03   4.5010000E+03   1.8430000E+03
   1.0333333E+00   1.0396000E+04   4.8530000E+03   4.1970000E+03   1.7740000E+03
   1.0400000E+00   1.0446000E+04   4.6810000E+03   4.1330000E+03   1.5720000E+03
   1.0466667E+00   1.0167000E+04   4.7990000E+03   3.9660000E+03   1.6290000E+03
   1.0533333E+00   9.8920000E+03   4.5830000E+03   3.7490000E+03   1.5130000E+03
   1.0600000E+00   9.6800000E+03   4.5070000E+03   3.5350000E+03   1.4000000E+03
   1.0666667E+00   9.6830000E+03   4.5110000E+03   3.5230000E+03   1.3000000E+03
   1.0733333E+00   9.4480000E+03   4.4480000E+03   3.2240000E+03   1.2530000E+03
   1.0800000E+00   9.1850000E+03   4.3360000E+03   3.1000000E+03   1.2040000E+03
   1.0866667E+00   8.9430000E+03   4.3360000E+03   2.9740000E+03   1.1290000E+03
   1.0933333E+00   8.7110000E+03   4.1250000E+03   2.7210000E+03   1.0440000E+03
   1.1000000E+00   8.6180000E+03   4.0470000E+03   2.5880000E+03   9.7900000E+02
   1.1066667E+00   8.6680000E+03   4.1050000E+03   2.5150000E+03   9.6700000E+02
   1.1133333E+00   8.3600000E+03   3.9580000E+03   2.3770000E+03   8.4100000E+02
   1.1200000E+00   8.1900000E+03   3.9550000E+03   2.2360000E+03   7.9100000E+02
   1.1266667E+00   8.1070000E+03   3.8990000E+03   2.1940000E+03   8.1000000E+02
   1.1333333E+00   8.0130000E+03   3.7750000E+03   2.0710000E+03   7.3300000E+02
   1.1400000E+00   7.7740000E+03   3.7200000E+03   1.9470000E+03   7.3100000E+02
   1.1466667E+00   7.5110000E+03   3.8490000E+03   1.7270000E+03   6.5300000E+02
   1.1533333E+00   7.4040000E+03   3.6400000E+03   1.6770000E+03   6.1900000E+02
   1.1600000E+00   7.3080000E+03   3.6900000E+03   1.6250000E+03   6.1300000E+02
   1.1666667E+00   7.2700000E+03   3.5990000E+03   1.4420000E+03   5.2000000E+02
   1.1733333E+00   6.9030000E+03   3.5840000E+03   1.4530000E+03   4.5800000E+02
   1.1800000E+00   6.9150000E+03   3.5950000E+03   1.3480000E+03   4.7600000E+02
   1.1866667E+00   6.6890000E+03   3.4540000E+03   1.1900000E+03   4.0200000E+02
   1.1933333E+00   6.4300000E+03   3.5400000E+03   1.2200000E+03   4.3300000E+02
   1.2000000E+00   6.3340000E+03   3.4640000E+03   1.0570000E+03   3.7800000E+02
   1.2066667E+00   6.1030000E+03   3.3190000E+03   1.0660000E+03   3.5800000E+02
   1.2133333E+00   5.9720000E+03   3.4000000E+03   9.8900000E+02   3.1400000E+02
   1.2200000E+00   5.7120000E+03   3.4110000E+03   9.1300000E+02   3.1800000E+02
   1.2266667E+00   5.5400000E+03   3.1990000E+03   9.1700000E+02   2.7700000E+02
   1.2333333E+00   5.2390000E+03   3.2950000E+03   7.4500000E+02   2.4800000E+02
   1.2400000E+00   4.9650000E+03   3.2060000E+03   7.7100000E+02   2.1500000E+02
   1.2466667E+00   4.8540000E+03   3.3530000E+03   7.4400000E+02   2.2400000E+02
   1.2533333E+00   4.5130000E+03   3.3050000E+03   6.6800000E+02   1.8700000E+02
   1.2600000E+00   4.2150000E+03   3.1940000E+03   6.6900000E+02   1.8700000E+02
   1.2666667E+00   4.0740000E+03   3.2100000E+03   6.1800000E+02   1.7300000E+02
   1.2733333E+00   3.7220000E+03   3.0470000E+03   5.4200000E+02   1.5700000E+02
   1.2800000E+00   3.3700000E+03   3.2660000E+03   5.8000000E+02   1.4500000E+02
   1.2866667E+00   3.1690000E+03   3.1580000E+03   5.9400000E+02   1.3800000E+02
   1.2933333E+00   2.8060000E+03   3.1100000E+03   5.2300000E+02   1.1300000E+02
   1.3000000E+00   2.4260000E+03   3.2720000E+03   5.3700000E+02   1.3700000E+02
   1.3066667E+00   2.2480000E+03   3.1080000E+03   5.1500000E+02   1.0200000E+02
   1.3133333E+00   2.0010000E+03   3.0390000E+03   5.0700000E+02   1.1000000E+02
   1.3200000E+00   1.7290000E+03   3.1110000E+03   4.9300000E+02   6.9000000E+01
   1.3266667E+00   1.4440000E+03   3.1340000E+03   4.7400000E+02   9.3000000E+01
   1.3333333E+00   1.2750000E+03   3.0170000E+03   4.6300000E+02   8.1000000E+01
   1.3400000E+00   1.1610000E+03   3.0840000E+03   5.2200000E+02   7.2000000E+01
   1.3466667E+00   9.1900000E+02   3.0780000E+03   4.7300000E+02   6.5000000E+01
   1.3533333E+00   8.3800000E+02   3.1260000E+03   4.6400000E+02   7.4000000E+01
   1.3600000E+00   7.0600000E+02   3.0850000E+03   4.4800000E+02   6.2000000E+01
   1.3666667E+00   5.9900000E+02   2.9370000E+03   4.2800000E+02   5.5000000E+01
   1.3733333E+00   5.5900000E+02   3.0360000E+03   4.3800000E+02   7.5000000E+01
   1.3800000E+00   4.8700000E+02   3.0030000E+03   4.1100000E+02   5.8000000E+01
   1.3866667E+00   4.7900000E+02   3.0760000E+03   4.2600000E+02   5.1000000E+01
   1.3933333E+00   4.6800000E+02   2.9850000E+03   4.3700000E+02   6.1000000E+01
   1.4000000E+00   4.0700000E+02   2.9030000E+03   3.8900000E+02   6.6000000E+01
   1.4066667E+00   3.9600000E+02   2.9530000E+03   3.9100000E+02   5.0000000E+01
   1.4133333E+00   4.4400000E+02   2.9980000E+03   4.3600000E+02   4.4000000E+01
   1.4200000E+00   4.1700000E+02   2.9310000E+03   4.1400000E+02   3.7000000E+01
   1.4266667E+00   3.8600000E+02   2.9400000E+03   3.8600000E+02   3.8000000E+01
   1.4333333E+00   4.1600000E+02   3.0150000E+03   4.1300000E+02   4.1000000E+01
   1.4400000E+00   3.8600000E+02   2.9880000E+03   3.8600000E+02   4.6000000E+01
   1.4466667E+00   3.7200000E+02   3.0210000E+03   3.7200000E+02   3.1000000E+01
   1.4533333E+00   3.5300000E+02   2.9410000E+03   3.5300000E+02   3.1000000E+01
   1.4600000E+00   3.7500000E+02   3.0850000E+03   3.7500000E+02   3.8000000E+01
   1.4666667E+00   3.5800000E+02   2.9490000E+03   3.5800000E+02   3.1000000E+01
   1.4733333E+00   3.6500000E+02   2.9980000E+03   3.6500000E+02   3.0000000E+01
   1.4800000E+00   3.5900000E+02   2.9830000E+03   3.5900000E+02   3.8000000E+01
   1.4866667E+00   3.5700000E+02   2.9810000E+03   3.5700000E+02   4.0000000E+01
   1.4933333E+00   3.5000000E+02   2.8970000E+03   3.5000000E+02   2.2000000E+01
   1.5000000E+00   3.4800000E+02   2.8690000E+03   3.4800000E+02   2.9000000E+01
   1.5066667E+00   3.4600000E+02   2.8430000E+03   3.4600000E+02   2.9000000E+01
   1.5133333E+00   3.7200000E+02   2.9910000E+03   3.7200000E+02   2.5000000E+01
   1.5200000E+00   3.1700000E+02   3.0020000E+03   3.1700000E+02   3.1000000E+01
   1.5266667E+00   3.2400000E+02   2.8850000E+03   3.2400000E+02   2.9000000E+01
   1.5333333E+00   3.0400000E+02   2.9200000E+03   3.0400000E+02   2.9000000E+01
   1.5400000E+00   3.2000000E+02   2.9010000E+03   3.2000000E+02   2.3000000E+01
   1.5466667E+00   2.9900000E+02   2.8880000E+03   2.9900000E+02   2.5000000E+01
   1.5533333E+00   2.9500000E+02   2.9260000E+03   2.9500000E+02   2.4000000E+01
   1.5600000E+00   2.8000000E+02   2.9640000E+03   2.8000000E+02   2.4000000E+01
   1.5666667E+00   3.1700000E+02   2.8040000E+03   3.1700000E+02   3.2000000E+01
   1.5733333E+00   2.8300000E+02   2.8990000E+03   2.8300000E+02   2.8000000E+01
   1.5800000E+00   2.8600000E+02   2.7650000E+03   2.8600000E+02   2.0000000E+01
   1.5866667E+00   2.5900000E+02   2.8600000E+03   2.5900000E+02   2.5000000E+01
   1.5933333E+00   2.7400000E+02   2.9020000E+03   2.7400000E+02   2.7000000E+01
   1.6000000E+00   2.6900000E+02   2.8180000E+03   2.6900000E+02   2.5000000E+01
   1.6066667E+00   2.5200000E+02   2.8710000E+03   2.5200000E+02   1.4000000E+01
   1.6133333E+00   2.5300000E+02   2.8380000E+03   2.5300000E+02   1.9000000E+01
   1.6200000E+00   2.6200000E+02   2.7450000E+03   2.6200000E+02   2.1000000E+01
   1.6266667E+00   2.4000000E+02   2.8800000E+03   2.4000000E+02   2.1000000E+01
   1.6333333E+00   2.5300000E+02   2.8570000E+03   2.5300000E+02   1.6000000E+01
   1.6400000E+00   2.1700000E+02   2.7850000E+03   2.1700000E+02   1.6000000E+01
   1.6466667E+00   2.3500000E+02   2.8700000E+03   2.3500000E+02   2.1000000E+01
   1.6533333E+00   1.9200000E+02   2.8220000E+03   1.9200000E+02   2.0000000E+01
   1.6600000E+00   2.4600000E+02   2.8100000E+03   2.4600000E+02   2.3000000E+01
   1.6666667E+00   2.2000000E+02   2.7740000E+03   2.2000000E+02   1.5000000E+01
   1.6733333E+00   2.0800000E+02   2.9560000E+03   2.0800000E+02   2.2000000E+01
   1.6800000E+00   2.2100000E+02   2.8280000E+03   2.2100000E+02   1.3000000E+01
   1.6866667E+00   2.0600000E+02   2.7270000E+03   2.0600000E+02   2.4000000E+01
   1.6933333E+00   1.8100000E+02   2.7010000E+03   1.8100000E+02   1.0000000E+01
   1.7000000E+00   2.0200000E+02   2.7950000E+03   2.0200000E+02   8.0000000E+00
   1.7066667E+00   1.8800000E+02   2.7700000E+03   1.8800000E+02   1.1000000E+01
   1.7133333E+00   1.9300000E+02   2.7550000E+03   1.9300000E+02   2.2000000E+01
   1.7200000E+00   1.9800000E+02   2.7140000E+03   1.9800000E+02   1.6000000E+01
   1.7266667E+00   1.8900000E+02   2.6940000E+03   1.8900000E+02   2.0000000E+01
   1.7333333E+00   1.6800000E+02   2.7100000E+03   1.6800000E+02   1.5000000E+01
   1.7400000E+00   1.7600000E+02   2.8390000E+03   1.7600000E+02   1.8000000E+01
   1.7466667E+00   1.8100000E+02   2.7340000E+03   1.8100000E+02   1.7000000E+01
   1.7533333E+00   1.4600000E+02   2.8110000E+03   1.4600000E+02   2.2000000E+01
   1.7600000E+00   1.5700000E+02   2.8030000E+03   1.5700000E+02   1.6000000E+01
   1.7666667E+00   1.4100000E+02   2.7820000E+03   1.4100000E+02   1.5000000E+01
   1.7733333E+00   1.5500000E+02   2.7310000E+03   1.5500000E+02   1.7000000E+01
   1.7800000E+00   1.5200000E+02   2.8610000E+03   1.5200000E+02   1.4000000E+01
   1.7866667E+00   1.5900000E+02   2.7110000E+03   1.5900000E+02   1.1000000E+01
   1.7933333E+00   1.5700000E+02   2.6500000E+03   1.5700000E+02   6.0000000E+00
   1.8000000E+00   1.5000000E+02   2.6480000E+03   1.5000000E+02   1.1000000E+01
   1.8066667E+00   1.4200000E+02   2.6940000E+03   1.4200000E+02   1.8000000E+01
   1.8133333E+00   1.6300000E+02   2.7500000E+03   1.6300000E+02   1.0000000E+01
   1.8200000E+00   1.5300000E+02   2.6440000E+03   1.5300000E+02   1.8000000E+01
   1.8266667E+00   1.3500000E+02   2.6200000E+03   1.3500000E+02   1.2000000E+01
   1.8333333E+00   1.4300000E+02   2.7130000E+03   1.4300000E+02   1.1000000E+01
   1.8400000E+00   1.3800000E+02   2.6510000E+03   1.3800000E+02   1.3000000E+01
   1.8466667E+00   1.2500000E+02   2.6350000E+03   1.2500000E+02   1.0000000E+01
   1.8533333E+00   1.3200000E+02   2.6450000E+03   1.3200000E+02   6.0000000E+00
   1.8600000E+00   1.1900000E+02   2.6330000E+03   1.1900000E+02   1.1000000E+01
   1.8666667E+00   1.3400000E+02   2.6810000E+03   1.3400000E+02   1.2000000E+01
   1.8733333E+00   1.3400000E+02   2.5750000E+03   1.3400000E+02   1.3000000E+01
   1.8800000E+00   1.1100000E+02   2.6090000E+03   1.1100000E+02   8.0000000E+00
   1.8866667E+00   1.3400000E+02   2.6030000E+03   1.3400000E+02   6.0000000E+00
   1.8933333E+00   1.2600000E+02   2.6890000E+03   1.2600000E+02   1.4000000E+01
   1.9000000E+00   1.2700000E+02   2.5800000E+03   1.2700000E+02   7.0000000E+00
   1.9066667E+00   9.1000000E+01   2.6330000E+03   9.1000000E+01   1.3000000E+01
   1.9133333E+00   9.1000000E+01   2.6020000E+03   9.1000000E+01   8.0000000E+00
   1.9200000E+00   1.2500000E+02   2.5720000E+03   1.2500000E+02   6.0000000E+00
   1.9266667E+00   1.1700000E+02   2.6730000E+03   1.1700000E+02   1.1000000E+01
   1.9333333E+00   1.2900000E+02   2.6090000E+03   1.2900000E+02   1.0000000E+01
   1.9400000E+00   1.0400000E+02   2.5720000E+03   1.0400000E+02   7.0000000E+00
   1.9466667E+00   1.0600000E+02   2.7120000E+03   1.0600000E+02   1.4000000E+01
   1.9533333E+00   1.1300000E+02   2.6210000E+03   1.1300000E+02   9.0000000E+00
   1.9600000E+00   9.5000000E+01   2.5490000E+03   9.5000000E+01   1.4000000E+01
   1.9666667E+00   9.7000000E+01   2.6080000E+03   9.7000000E+01   1.0000000E+01
   1.9733333E+00   1.0400000E+02   2.5620000E+03   1.0400000E+02   5.0000000E+00
   1.9800000E+00   9.4000000E+01   2.5580000E+03   9.4000000E+01   1.2000000E+01
   1.9866667E+00   8.8000000E+01   2.5310000E+03   8.8000000E+01   8.0000000E+00
   1.9933333E+00   9.2000000E+01   2.5090000E+03   9.2000000E+01   1.3000000E+01
   2.0000000E+00   1.0500000E+02   2.5790000E+03   1.0500000E+02   8.0000000E+00
   2.0066667E+00   9.3000000E+01   2.6440000E+03   9.3000000E+01   8.0000000E+00
   2.0133333E+00   9.7000000E+01   2.4880000E+03   9.7000000E+01   8.0000000E+00
   2.0200000E+00   1.0500000E+02   2.5140000E+03   1.0500000E+02   8.0000000E+00
   2.0266667E+00   1.0000000E+02   2.4740000E+03   1.0000000E+02   3.0000000E+00
   2.0333333E+00   9.7000000E+01   2.5100000E+03   9.7000000E+01   2.0000000E+00
   2.0400000E+00   9.1000000E+01   2.5660000E+03   9.1000000E+01   9.0000000E+00
   2.0466667E+00   8.6000000E+01   2.5010000E+03   8.6000000E+01   1.0000000E+01
   2.0533333E+00   8.9000000E+01   2.4090000E+03   8.9000000E+01   8.0000000E+00
   2.0600000E+00   9.4000000E+01   2.5180000E+03   9.4000000E+01   5.0000000E+00
   2.0666667E+00   1.1300000E+02   2.5100000E+03   1.1300000E+02   7.0000000E+00
   2.0733333E+00   1.0000000E+02   2.5190000E+03   1.0000000E+02   3.0000000E+00
   2.0800000E+00   1.0800000E+02   2.5670000E+03   1.0800000E+02   1.0000000E+01
   2.0866667E+00   8.6000000E+01   2.4180000E+03   8.6000000E+01   8.0000000E+00
   2.0933333E+00   8.9000000E+01   2.4830000E+03   8.9000000E+01   8.0000000E+00
   2.1000000E+00   9.4000000E+01   2.5230000E+03   9.4000000E+01   3.0000000E+00
   2.1066667E+00   9.5000000E+01   2.4040000E+03   9.5000000E+01   1.3000000E+01
   2.1133333E+00   8.7000000E+01   2.4780000E+03   8.7000000E+01   9.0000000E+00
   2.1200000E+00   1.0500000E+02   2.3970000E+03   1.0500000E+02   9.0000000E+00
   2.1266667E+00   1.1600000E+02   2.3910000E+03   1.1600000E+02   5.0000000E+00
   2.1333333E+00   1.0600000E+02   2.4290000E+03   1.0600000E+02   1.1000000E+01
   2.1400000E+00   8.4000000E+01   2.4670000E+03   8.4000000E+01   4.0000000E+00
   2.1466667E+00   9.7000000E+01   2.4020000E+03   9.7000000E+01   1.1000000E+01
   2.1533333E+00   8.7000000E+01   2.4370000E+03   8.7000000E+01   1.1000000E+01
   2.1600000E+00   9.9000000E+01   2.3850000E+03   9.9000000E+01   9.0000000E+00
   2.1666667E+00   9.4000000E+01   2.4430000E+03   9.4000000E+01   6.0000000E+00
   2.1733333E+00   1.0500000E+02   2.4510000E+03   1.0500000E+02   5.0000000E+00
   2.1800000E+00   1.1900000E+02   2.4340000E+03   1.1900000E+02   6.0000000E+00
   2.1866667E+00   9.9000000E+01   2.3780000E+03   9.9000000E+01   6.0000000E+00
   2.1933333E+00   1.2100000E+02   2.4170000E+03   1.2100000E+02   7.0000000E+00
   2.2000000E+00   1.1800000E+02   2.3640000E+03   1.1800000E+02   9.0000000E+00
   2.2066667E+00   9.6000000E+01   2.3670000E+03   9.6000000E+01   5.0000000E+00
   2.2133333E+00   1.1700000E+02   2.3770000E+03   1.1700000E+02   6.0000000E+00
   2.2200000E+00   1.1400000E+02   2.4620000E+03   1.1400000E+02   8.0000000E+00
   2.2266667E+00   1.0300000E+02   2.3610000E+03   1.0300000E+02   7.0000000E+00
   2.2333333E+00   9.4000000E+01   2.4040000E+03   9.4000000E+01   7.0000000E+00
   2.2400000E+00   1.2500000E+02   2.2920000E+03   1.2500000E+02   4.0000000E+00
   2.2466667E+00   1.5100000E+02   2.3550000E+03   1.5100000E+02   6.0000000E+00
   2.2533333E+00   1.3700000E+02   2.3410000E+03   1.3700000E+02   3.0000000E+00
   2.2600000E+00   1.2700000E+02   2.3270000E+03   1.2700000E+02   7.0000000E+00
   2.2666667E+00   1.1300000E+02   2.3040000E+03   1.1300000E+02   2.0000000E+00
   2.2733333E+00   1.4800000E+02   2.3950000E+03   1.4800000E+02   5.0000000E+00
   2.2800000E+00   1.3500000E+02   2.3220000E+03   1.3500000E+02   7.0000000E+00
   2.2866667E+00   1.4500000E+02   2.2690000E+03   1.4500000E+02   5.0000000E+00
   2.2933333E+00   1.4400000E+02   2.2400000E+03   1.4400000E+02   6.0000000E+00
   2.3000000E+00   1.4300000E+02   2.3140000E+03   1.4300000E+02   1.0000000E+00
   2.3066667E+00   1.6700000E+02   2.3310000E+03   1.6700000E+02   3.0000000E+00
   2.3133333E+00   1.5500000E+02   2.3610000E+03   1.5500000E+02   1.0000000E+01
   2.3200000E+00   1.6900000E+02   2.3410000E+03   1.6900000E+02   0.0000000E+00
   2.3266667E+00   1.5800000E+02   2.3190000E+03   1.5800000E+02   7.0000000E+00
   2.3333333E+00   1.5700000E+02   2.3080000E+03   1.5700000E+02   7.0000000E+00
   2.3400000E+00   1.9200000E+02   2.2510000E+03   1.9200000E+02   6.0000000E+00
   2.3466667E+00   1.8900000E+02   2.3310000E+03   1.8900000E+02   4.0000000E+00
   2.3533333E+00   1.6200000E+02   2.2390000E+03   1.6200000E+02   6.0000000E+00
   2.3600000E+00   1.7900000E+02   2.1840000E+03   1.7900000E+02   4.0000000E+00
   2.3666667E+00   1.9900000E+02   2.2760000E+03   1.9900000E+02   0.0000000E+00
   2.3733333E+00   2.3300000E+02   2.2660000E+03   2.3300000E+02   7.0000000E+00
   2.3800000E+00   2.0600000E+02   2.1780000E+03   2.0600000E+02   2.0000000E+00
   2.3866667E+00   2.1400000E+02   2.2340000E+03   2.1400000E+02   5.0000000E+00
   2.3933333E+00   2.0300000E+02   2.2930000E+03   2.0300000E+02   6.0000000E+00
   2.4000000E+00   2.2700000E+02   2.1770000E+03   2.2700000E+02   4.0000000E+00
   2.4066667E+00   2.1700000E+02   2.2690000E+03   2.1700000E+02   6.0000000E+00
   2.4133333E+00   2.4300000E+02   2.2840000E+03   2.4300000E+02   3.0000000E+00
   2.4200000E+00   2.3500000E+02   2.2630000E+03   2.3500000E+02   6.0000000E+00
   2.4266667E+00   2.6100000E+02   2.2730000E+03   2.6100000E+02   3.0000000E+00
   2.4333333E+00   2.6700000E+02   2.2230000E+03   2.6700000E+02   3.0000000E+00
   2.4400000E+00   2.7300000E+02   2.1660000E+03   2.7300000E+02   6.0000000E+00
   2.4466667E+00   3.0200000E+02   2.2070000E+03   3.0200000E+02   6.0000000E+00
   2.4533333E+00   2.9700000E+02   2.1470000E+03   2.9700000E+02   3.0000000E+00
   2.4600000E+00   2.9700000E+02   2.1560000E+03   2.9700000E+02   5.0000000E+00
   2.4666667E+00   3.1100000E+02   2.2000000E+03   3.1100000E+02   5.0000000E+00
   2.4733333E+00   3.2700000E+02   2.1570000E+03   3.2700000E+02   3.0000000E+00
   2.4800000E+00   3.4100000E+02   2.2330000E+03   3.4100000E+02   3.0000000E+00
   2.4866667E+00   3.6000000E+02   2.1500000E+03   3.6000000E+02   5.0000000E+00
   2.4933333E+00   3.6900000E+02   2.0870000E+03   3.6900000E+02   2.0000000E+00
   2.5000000E+00   3.5800000E+02   2.1940000E+03   3.5800000E+02   4.0000000E+00
   2.5066667E+00   3.8100000E+02   2.1240000E+03   3.8100000E+02   6.0000000E+00
   2.5133333E+00   3.9000000E+02   2.2140000E+03   3.9000000E+02   4.0000000E+00
   2.5200000E+00   4.1100000E+02   2.1730000E+03   4.1100000E+02   5.0000000E+00
   2.5266667E+00   4.2600000E+02   2.1140000E+03   4.2600000E+02   7.0000000E+00
   2.5333333E+00   4.3300000E+02   2.1380000E+03   4.3300000E+02   5.0000000E+00
   2.5400000E+00   4.4100000E+02   2.1630000E+03   4.4100000E+02   2.0000000E+00
   2.5466667E+00   4.8700000E+02   2.1520000E+03   4.8700000E+02   1.0000000E+00
   2.5533333E+00   4.7600000E+02   2.1150000E+03   4.7600000E+02   3.0000000E+00
   2.5600000E+00   4.8300000E+02   2.0630000E+03   4.8300000E+02   7.0000000E+00
   2.5666667E+00   5.1300000E+02   2.1020000E+03   5.1300000E+02   4.0000000E+00
   2.5733333E+00   4.9900000E+02   2.0920000E+03   4.9900000E+02   7.0000000E+00
   2.5800000E+00   5.4900000E+02   2.0960000E+03   5.4900000E+02   7.0000000E+00
   2.5866667E+00   5.1700000E+02   2.1050000E+03   5.1700000E+02   4.0000000E+00
   2.5933333E+00   6.2700000E+02   1.9990000E+03   6.2700000E+02   2.0000000E+00
   2.6000000E+00   5.7400000E+02   2.0040000E+03   5.7400000E+02   4.0000000E+00
   2.6066667E+00   6.0000000E+02   2.0250000E+03   6.0000000E+02   4.0000000E+00
   2.6133333E+00   6.4300000E+02   2.0980000E+03   6.4300000E+02   3.0000000E+00
   2.6200000E+00   6.7300000E+02   2.0760000E+03   6.7300000E+02   4.0000000E+00
   2.6266667E+00   7.3200000E+02   2.0120000E+03   7.3200000E+02   5.0000000E+00
   2.6333333E+00   6.9600000E+02   2.0070000E+03   6.9600000E+02   5.0000000E+00
   2.6400000E+00   7.0300000E+02   2.1000000E+03   7.0300000E+02   6.0000000E+00
   2.6466667E+00   8.0000000E+02   2.0420000E+03   8.0000000E+02   3.0000000E+00
   2.6533333E+00   7.8400000E+02   2.0390000E+03   7.8400000E+02   5.0000000E+00
   2.6600000E+00   8.3100000E+02   2.0020000E+03   8.3100000E+02   4.0000000E+00
   2.6666667E+00   8.5200000E+02   2.0060000E+03   8.5200000E+02   2.0000000E+00
   2.6733333E+00   8.4800000E+02   2.0280000E+03   8.4800000E+02   4.0000000E+00
   2.6800000E+00   9.4100000E+02   2.0960000E+03   9.4100000E+02   6.0000000E+00
   2.6866667E+00   9.2900000E+02   1.9870000E+03   9.2900000E+02   5.0000000E+00
   2.6933333E+00   9.1800000E+02   1.9790000E+03   9.1800000E+02   3.0000000E+00
   2.7000000E+00   9.7500000E+02   1.9620000E+03   9.7500000E+02   2.0000000E+00
   2.7066667E+00   9.5800000E+02   1.8910000E+03   9.5800000E+02   3.0000000E+00
   2.7133333E+00   1.0560000E+03   2.0020000E+03   1.0560000E+03   3.0000000E+00
   2.7200000E+00   1.0920000E+03   1.9810000E+03   1.0920000E+03   3.0000000E+00
   2.7266667E+00   1.1750000E+03   1.9440000E+03   1.1750000E+03   0.0000000E+00
   2.7333333E+00   1.1460000E+03   1.9670000E+03   1.1460000E+03   7.0000000E+00
   2.7400000E+00   1.2080000E+03   1.8520000E+03   1.2080000E+03   5.0000000E+00
   2.7466667E+00   1.2390000E+03   1.8950000E+03   1.2390000E+03   9.0000000E+00
   2.7533333E+00   1.2990000E+03   1.9620000E+03   1.2990000E+03   4.0000000E+00
   2.7600000E+00   1.2710000E+03   1.9710000E+03   1.2710000E+03   2.0000000E+00
   2.7666667E+00   1.3120000E+03   1.9320000E+03   1.3120000E+03   1.0000000E+00
   2.7733333E+00   1.3870000E+03   1.8880000E+03   1.3870000E+03   3.0000000E+00
   2.7800000E+00   1.4340000E+03   1.9220000E+03   1.4330000E+03   3.0000000E+00
   2.7866667E+00   1.4800000E+03   1.9540000E+03   1.4800000E+03   0.0000000E+00
   2.7933333E+00   1.5990000E+03   1.9640000E+03   1.5990000E+03   1.0000000E+00
   2.8000000E+00   1.5280000E+03   1.9100000E+03   1.5280000E+03   2.0000000E+00
   2.8066667E+00   1.8120000E+03   1.9190000E+03   1.8120000E+03   2.0000000E+00
   2.8133333E+00   1.8530000E+03   1.8570000E+03   1.8520000E+03   2.0000000E+00
   2.8200000E+00   1.9670000E+03   1.8870000E+03   1.9640000E+03   6.0000000E+00
   2.8266667E+00   1.9520000E+03   1.8960000E+03   1.9470000E+03   1.0000000E+01
   2.8333333E+00   2.1000000E+03   1.9190000E+03   2.0940000E+03   3.0000000E+00
   2.8400000E+00   2.2990000E+03   1.8760000E+03   2.2810000E+03   1.0000000E+00
   2.8466667E+00   2.4580000E+03   1.9140000E+03   2.4370000E+03   3.0000000E+00
   2.8533333E+00   2.7020000E+03   1.8600000E+03   2.6710000E+03   5.0000000E+00
   2.8600000E+00   3.0140000E+03   1.8450000E+03   2.9620000E+03   2.0000000E+00
   2.8666667E+00   3.1790000E+03   1.7840000E+03   3.0980000E+03   5.0000000E+00
   2.8733333E+00   3.5220000E+03   1.8450000E+03   3.4170000E+03   4.0000000E+00
   2.8800000E+00   3.9030000E+03   1.8950000E+03   3.7780000E+03   1.0000000E+00
   2.8866667E+00   4.2150000E+03   1.8170000E+03   4.0580000E+03   4.0000000E+00
   2.8933333E+00   4.6290000E+03   1.9040000E+03   4.3910000E+03   2.0000000E+00
   2.9000000E+00   5.0150000E+03   1.8590000E+03   4.7510000E+03   3.0000000E+00
   2.9066667E+00   5.5810000E+03   1.8600000E+03   5.2390000E+03   3.0000000E+00
   2.9133333E+00   5.9700000E+03   1.8150000E+03   5.5390000E+03   0.0000000E+00
   2.9200000E+00   6.5830000E+03   1.8570000E+03   6.1100000E+03   1.0000000E+00
   2.9266667E+00   7.1670000E+03   1.7790000E+03   6.6030000E+03   4.0000000E+00
   2.9333333E+00   7.5750000E+03   1.8500000E+03   6.8920000E+03   4.0000000E+00
   2.9400000E+00   8.2710000E+03   1.8210000E+03   7.4890000E+03   1.0000000E+00
   2.9466667E+00   8.6870000E+03   1.8460000E+03   7.8620000E+03   1.0000000E+00
   2.9533333E+00   9.2990000E+03   1.7510000E+03   8.3870000E+03   2.0000000E+00
   2.9600000E+00   9.9110000E+03   1.7140000E+03   8.8520000E+03   0.0000000E+00
   2.9666667E+00   1.0597000E+04   1.7830000E+03   9.4220000E+03   6.0000000E+00
   2.9733333E+00   1.1346000E+04   1.8010000E+03   1.0029000E+04   3.0000000E+00
   2.9800000E+00   1.1722000E+04   1.7730000E+03   1.0356000E+04   5.0000000E+00
   2.9866667E+00   1.2234000E+04   1.7500000E+03   1.0717000E+04   0.0000000E+00
   2.9933333E+00   1.2933000E+04   1.7420000E+03   1.1342000E+04   4.0000000E+00
   3.0000000E+00   1.3335000E+04   1.6330000E+03   1.1600000E+04   2.0000000E+00
   3.0066667E+00   1.3827000E+04   1.8250000E+03   1.2006000E+04   0.0000000E+00
   3.0133333E+00   1.4480000E+04   1.7560000E+03   1.2537000E+04   5.0000000E+00
   3.0200000E+00   1.5020000E+04   1.6800000E+03   1.2983000E+04   4.0000000E+00
   3.0266667E+00   1.5365000E+04   1.7430000E+03   1.3288000E+04   2.0000000E+00
   3.0333333E+00   1.5835000E+04   1.6930000E+03   1.3611000E+04   1.0000000E+00
   3.0400000E+00   1.6127000E+04   1.7220000E+03   1.3844000E+04   3.0000000E+00
   3.0466667E+00   1.6493000E+04   1.7300000E+03   1.4199000E+04   3.0000000E+00
   3.0533333E+00   1.6938000E+04   1.6330000E+03   1.4538000E+04   3.0000000E+00
   3.0600000E+00   1.7136000E+04   1.6620000E+03   1.4707000E+04   8.0000000E+00
   3.0666667E+00   1.7591000E+04   1.6650000E+03   1.5024000E+04   3.0000000E+00
   3.0733333E+00   1.7641000E+04   1.6460000E+03   1.5047000E+04   3.0000000E+00
   3.0800000E+00   1.8038000E+04   1.7430000E+03   1.5378000E+04   1.0000000E+00
   3.0866667E+00   1.8158000E+04   1.6150000E+03   1.5483000E+04   2.0000000E+00
   3.0933333E+00   1.8676000E+04   1.6970000E+03   1.5827000E+04   0.0000000E+00
   3.1000000E+00   1.8609000E+04   1.7080000E+03   1.5809000E+04   5.0000000E+00
   3.1066667E+00   1.8571000E+04   1.6250000E+03   1.5846000E+04   3.0000000E+00
   3.1133333E+00   1.8814000E+04   1.6520000E+03   1.5973000E+04   2.0000000E+00
   3.1200000E+00   1.8994000E+04   1.6700000E+03   1.6019000E+04   2.0000000E+00
   3.1266667E+00   1.9117000E+04   1.6210000E+03   1.6292000E+04   1.0000000E+00
   3.1333333E+00   1.8823000E+04   1.6630000E+03   1.5932000E+04   0.0000000E+00
   3.1400000E+00   1.8879000E+04   1.6700000E+03   1.5918000E+04   0.0000000E+00
   3.1466667E+00   1.9015000E+04   1.6670000E+03   1.6079000E+04   1.0000000E+00
   3.1533333E+00   1.9134000E+04   1.6450000E+03   1.6148000E+04   2.0000000E+00
   3.1600000E+00   1.9174000E+04   1.5350000E+03   1.6107000E+04   0.0000000E+00
   3.1666667E+00   1.8873000E+04   1.5410000E+03   1.5892000E+04   2.0000000E+00
   3.1733333E+00   1.8659000E+04   1.6220000E+03   1.5653000E+04   6.0000000E+00
   3.1800000E+00   1.8617000E+04   1.6200000E+03   1.5635000E+04   2.0000000E+00
   3.1866667E+00   1.8507000E+04   1.6400000E+03   1.5440000E+04   1.0000000E+00
   3.1933333E+00   1.8423000E+04   1.5130000E+03   1.5463000E+04   1.0000000E+00
   3.2000000E+00   1.8293000E+04   1.6940000E+03   1.5282000E+04   3.0000000E+00
   3.2066667E+00   1.8123000E+04   1.6480000E+03   1.5038000E+04   2.0000000E+00
   3.2133333E+00   1.8087000E+04   1.5860000E+03   1.5042000E+04   0.0000000E+00
   3.2200000E+00   1.7698000E+04   1.6320000E+03   1.4705000E+04   1.0000000E+00
   3.2266667E+00   1.7754000E+04   1.5400000E+03   1.4697000E+04   1.0000000E+00
   3.2333333E+00   1.7645000E+04   1.5200000E+03   1.4663000E+04   2.0000000E+00
   3.2400000E+00   1.7417000E+04   1.5300000E+03   1.4391000E+04   2.0000000E+00
   3.2466667E+00   1.7137000E+04   1.5870000E+03   1.4152000E+04   4.0000000E+00
   3.2533333E+00   1.6824000E+04   1.5910000E+03   1.3793000E+04   1.0000000E+00
   3.2600000E+00   1.6690000E+04   1.5430000E+03   1.3774000E+04   2.0000000E+00
   3.2666667E+00   1.6377000E+04   1.4740000E+03   1.3399000E+04   5.0000000E+00
   3.2733333E+00   1.6344000E+04   1.5770000E+03   1.3259000E+04   5.0000000E+00
   3.2800000E+00   1.6090000E+04   1.5150000E+03   1.3012000E+04   2.0000000E+00
   3.2866667E+00   1.5776000E+04   1.5450000E+03   1.2781000E+04   0.0000000E+00
   3.2933333E+00   1.5516000E+04   1.5410000E+03   1.2565000E+04   0.0000000E+00
   3.3000000E+00   1.5241000E+04   1.4830000E+03   1.2199000E+04   2.0000000E+00
   3.3066667E+00   1.4954000E+04   1.5000000E+03   1.1911000E+04   2.0000000E+00
   3.3133333E+00   1.4860000E+04   1.4350000E+03   1.1875000E+04   0.0000000E+00
   3.3200000E+00   1.4424000E+04   1.4930000E+03   1.1456000E+04   1.0000000E+00
   3.3266667E+00   1.4230000E+04   1.5170000E+03   1.1321000E+04   5.0000000E+00
   3.3333333E+00   1.3841000E+04   1.5640000E+03   1.0910000E+04   2.0000000E+00
   3.3400000E+00   1.3926000E+04   1.4860000E+03   1.0923000E+04   3.0000000E+00
   3.3466667E+00   1.3427000E+04   1.5120000E+03   1.0506000E+04   1.0000000E+00
   3.3533333E+00   1.3244000E+04   1.5240000E+03   1.0238000E+04   6.0000000E+00
   3.3600000E+00   1.3165000E+04   1.4190000E+03   1.0213000E+04   2.0000000E+00
   3.3666667E+00   1.2941000E+04   1.4540000E+03   9.9970000E+03   2.0000000E+00
   3.3733333E+00   1.2464000E+04   1.5480000E+03   9.5260000E+03   1.0000000E+00
   3.3800000E+00   1.2205000E+04   1.4510000E+03   9.2330000E+03   1.0000000E+00
   3.3866667E+00   1.2046000E+04   1.4750000E+03   9.1220000E+03   3.0000000E+00
   3.3933333E+00   1.1868000E+04   1.4900000E+03   9.0520000E+03   1.0000000E+00
   3.4000000E+00   1.1615000E+04   1.3920000E+03   8.7580000E+03   1.0000000E+00
   3.4066667E+00   1.1390000E+04   1.4860000E+03   8.5470000E+03   2.0000000E+00
   3.4133333E+00   1.1005000E+04   1.4350000E+03   8.1540000E+03   0.0000000E+00
   3.4200000E+00   1.0722000E+04   1.4040000E+03   7.8720000E+03   4.0000000E+00
   3.4266667E+00   1.0639000E+04   1.4060000E+03   7.8550000E+03   2.0000000E+00
   3.4333333E+00   1.0340000E+04   1.4920000E+03   7.5270000E+03   0.0000000E+00
   3.4400000E+00   1.0360000E+04   1.4390000E+03   7.4280000E+03   3.0000000E+00
   3.4466667E+00   9.9200000E+03   1.4150000E+03   7.1550000E+03   1.0000000E+00
   3.4533333E+00   9.5990000E+03   1.3250000E+03   6.8930000E+03   0.0000000E+00
   3.4600000E+00   9.6090000E+03   1.4840000E+03   6.8660000E+03   2.0000000E+00
   3.4666667E+00   9.1490000E+03   1.3850000E+03   6.4130000E+03   2.0000000E+00
   3.4733333E+00   9.1840000E+03   1.4160000E+03   6.4560000E+03   4.0000000E+00
   3.4800000E+00   8.9200000E+03   1.4440000E+03   6.2180000E+03   0.0000000E+00
   3.4866667E+00   8.6810000E+03   1.4000000E+03   5.8880000E+03   1.0000000E+00
   3.4933333E+00   8.4780000E+03   1.3420000E+03   5.7850000E+03   2.0000000E+00
   3.5000000E+00   8.2640000E+03   1.3180000E+03   5.5250000E+03   1.0000000E+00
   3.5066667E+00   8.2860000E+03   1.3790000E+03   5.5090000E+03   1.0000000E+00
   3.5133333E+00   7.9260000E+03   1.3930000E+03   5.1940000E+03   1.0000000E+00
   3.5200000E+00   7.6260000E+03   1.3550000E+03   4.9630000E+03   3.0000000E+00
   3.5266667E+00   7.5810000E+03   1.3980000E+03   4.8400000E+03   1.0000000E+00
   3.5333333E+00   7.2950000E+03   1.3660000E+03   4.6760000E+03   1.0000000E+00
   3.5400000E+00   6.9790000E+03   1.3850000E+03   4.4050000E+03   0.0000000E+00
   3.5466667E+00   7.1220000E+03   1.3620000E+03   4.4710000E+03   4.0000000E+00
   3.5533333E+00   6.8000000E+03   1.2950000E+03   4.0950000E+03   0.0000000E+00
   3.5600000E+00   6.7500000E+03   1.3000000E+03   4.1000000E+03   1.0000000E+00
   3.5666667E+00   6.4180000E+03   1.2950000E+03   3.8020000E+03   1.0000000E+00
   3.5733333E+00   6.2970000E+03   1.3420000E+03   3.6550000E+03   0.0000000E+00
   3.5800000E+00   6.1910000E+03   1.3210000E+03   3.5650000E+03   3.0000000E+00
   3.5866667E+00   5.8850000E+03   1.3330000E+03   3.3800000E+03   2.0000000E+00
   3.5933333E+00   5.8150000E+03   1.2420000E+03   3.2100000E+03   3.0000000E+00
   3.6000000E+00   5.7120000E+03   1.3190000E+03   3.1430000E+03   2.0000000E+00
   3.6066667E+00   5.6040000E+03   1.2170000E+03   3.0240000E+03   2.0000000E+00
   3.6133333E+00   5.4240000E+03   1.3100000E+03   2.8740000E+03   1.0000000E+00
   3.6200000E+00   5.2440000E+03   1.2900000E+03   2.6800000E+03   0.0000000E+00
   3.6266667E+00   5.0190000E+03   1.3110000E+03   2.4850000E+03   2.0000000E+00
   3.6333333E+00   4.9820000E+03   1.2630000E+03   2.4280000E+03   2.0000000E+00
   3.6400000E+00   4.7740000E+03   1.2340000E+03   2.2940000E+03   2.0000000E+00
   3.6466667E+00   4.7150000E+03   1.2320000E+03   2.2520000E+03   2.0000000E+00
   3.6533333E+00   4.7440000E+03   1.1890000E+03   2.1150000E+03   0.0000000E+00
   3.6600000E+00   4.4870000E+03   1.2880000E+03   2.0330000E+03   4.0000000E+00
   3.6666667E+00   4.3450000E+03   1.2510000E+03   1.8670000E+03   1.0000000E+00
   3.6733333E+00   4.3570000E+03   1.3390000E+03   1.8050000E+03   1.0000000E+00
   3.6800000E+00   4.1250000E+03   1.2180000E+03   1.7070000E+03   2.0000000E+00
   3.6866667E+00   3.9750000E+03   1.2630000E+03   1.5750000E+03   0.0000000E+00
   3.6933333E+00   3.9540000E+03   1.2590000E+03   1.5440000E+03   3.0000000E+00
   3.7000000E+00   3.9510000E+03   1.2360000E+03   1.4280000E+03   5.0000000E+00
   3.7066667E+00   3.6810000E+03   1.2060000E+03   1.3110000E+03   0.0000000E+00
   3.7133333E+00   3.7670000E+03   1.1800000E+03   1.2920000E+03   1.0000000E+00
   3.7200000E+00   3.6440000E+03   1.1790000E+03   1.2130000E+03   0.0000000E+00
   3.7266667E+00   3.4700000E+03   1.1680000E+03   1.1090000E+03   1.0000000E+00
   3.7333333E+00   3.4660000E+03   1.1970000E+03   1.0580000E+03   0.0000000E+00
   3.7400000E+00   3.4050000E+03   1.1450000E+03   9.8700000E+02   1.0000000E+00
   3.7466667E+00   3.2860000E+03   1.2250000E+03   9.5900000E+02   1.0000000E+00
   3.7533333E+00   3.1760000E+03   1.1940000E+03   8.2900000E+02   1.0000000E+00
   3.7600000E+00   3.1350000E+03   1.2380000E+03   7.3600000E+02   0.0000000E+00
   3.7666667E+00   3.0860000E+03   1.2100000E+03   7.3600000E+02   2.0000000E+00
   3.7733333E+00   3.0960000E+03   1.2070000E+03   6.8200000E+02   0.0000000E+00
   3.7800000E+00   2.8800000E+03   1.1670000E+03   6.0500000E+02   0.0000000E+00
   3.7866667E+00   2.8340000E+03   1.1340000E+03   5.8100000E+02   1.0000000E+00
   3.7933333E+00   2.8490000E+03   1.1310000E+03   5.3000000E+02   3.0000000E+00
   3.8000000E+00   2.9020000E+03   1.1800000E+03   5.2000000E+02   1.0000000E+00
   3.8066667E+00   2.8360000E+03   1.1560000E+03   4.9900000E+02   2.0000000E+00
   3.8133333E+00   2.6520000E+03   1.1990000E+03   4.4700000E+02   1.0000000E+00
   3.8200000E+00   2.7460000E+03   1.1640000E+03   4.4500000E+02   1.0000000E+00
   3.8266667E+00   2.6130000E+03   1.1300000E+03   3.5800000E+02   0.0000000E+00
   3.8333333E+00   2.6800000E+03   1.0910000E+03   3.4500000E+02   1.0000000E+00
   3.8400000E+00   2.6460000E+03   1.1780000E+03   3.3700000E+02   0.0000000E+00
   3.8466667E+00   2.4660000E+03   1.1330000E+03   3.0700000E+02   1.0000000E+00
   3.8533333E+00   2.5460000E+03   1.1220000E+03   2.5800000E+02   0.0000000E+00
   3.8600000E+00   2.5400000E+03   1.1400000E+03   2.3000000E+02   1.0000000E+00
   3.8666667E+00   2.3750000E+03   1.1170000E+03   1.9400000E+02   0.0000000E+00
   3.8733333E+00   2.4260000E+03   1.1270000E+03   2.1600000E+02   0.0000000E+00
   3.8800000E+00   2.3890000E+03   1.1050000E+03   1.5500000E+02   0.0000000E+00
   3.8866667E+00   2.3560000E+03   1.1060000E+03   1.7800000E+02   0.0000000E+00
   3.8933333E+00   2.3480000E+03   1.0500000E+03   1.6300000E+02   1.0000000E+00
   3.9000000E+00   2.3050000E+03   1.1380000E+03   1.5000000E+02   0.0000000E+00
   3.9066667E+00   2.3300000E+03   1.1340000E+03   1.2900000E+02   3.0000000E+00
   3.9133333E+00   2.2530000E+03   1.0720000E+03   1.0900000E+02   2.0000000E+00
   3.9200000E+00   2.3800000E+03   1.1230000E+03   1.3400000E+02   0.0000000E+00
   3.9266667E+00   2.2310000E+03   1.1030000E+03   1.2700000E+02   0.0000000E+00
   3.9333333E+00   2.2470000E+03   1.0850000E+03   1.1400000E+02   1.0000000E+00
   3.9400000E+00   2.1800000E+03   1.0480000E+03   8.2000000E+01   2.0000000E+00
   3.9466667E+00   2.1910000E+03   1.0480000E+03   7.7000000E+01   1.0000000E+00
   3.9533333E+00   2.2050000E+03   1.1030000E+03   9.9000000E+01   0.0000000E+00
   3.9600000E+00   2.2220000E+03   1.1090000E+03   6.6000000E+01   1.0000000E+00
   3.9666667E+00   2.1290000E+03   1.0540000E+03   7.3000000E+01   2.0000000E+00
   3.9733333E+00   2.1560000E+03   1.0130000E+03   8.8000000E+01   3.0000000E+00
   3.9800000E+00   2.1210000E+03   1.0780000E+03   6.9000000E+01   0.0000000E+00
   3.9866667E+00   2.1800000E+03   1.0120000E+03   4.5000000E+01   1.0000000E+00
   3.9933333E+00   2.1380000E+03   1.0430000E+03   5.8000000E+01   3.0000000E+00
   4.0000000E+00   2.1470000E+03   1.0550000E+03   4.8000000E+01   1.0000000E+00
   4.0066667E+00   2.0510000E+03   1.0380000E+03   5.2000000E+01   1.0000000E+00
   4.0133333E+00   2.0430000E+03   1.0160000E+03   5.4000000E+01   2.0000000E+00
   4.0200000E+00   1.9890000E+03   1.0140000E+03   4.7000000E+01   0.0000000E+00
   4.0266667E+00   2.1780000E+03   1.0650000E+03   5.0000000E+01   2.0000000E+00
   4.0333333E+00   2.0100000E+03   9.9800000E+02   6.3000000E+01   2.0000000E+00
   4.0400000E+00   2.0820000E+03   1.0200000E+03   4.2000000E+01   0.0000000E+00
   4.0466667E+00   2.0240000E+03   9.7300000E+02   5.1000000E+01   2.0000000E+00
   4.0533333E+00   2.0520000E+03   1.0250000E+03   4.4000000E+01   2.0000000E+00
   4.0600000E+00   2.0400000E+03   1.0430000E+03   4.3000000E+01   2.0000000E+00
   4.0666667E+00   2.0740000E+03   1.0070000E+03   2.9000000E+01   1.0000000E+00
   4.0733333E+00   2.0100000E+03   9.7200000E+02   4.2000000E+01   0.0000000E+00
   4.0800000E+00   2.0860000E+03   9.7400000E+02   4.2000000E+01   1.0000000E+00
   4.0866667E+00   1.9860000E+03   1.0060000E+03   2.3000000E+01   0.0000000E+00
   4.0933333E+00   1.9690000E+03   9.7300000E+02   3.8000000E+01   0.0000000E+00
   4.1000000E+00   2.0040000E+03   9.6300000E+02   3.9000000E+01   0.0000000E+00
   4.1066667E+00   1.8790000E+03   1.0060000E+03   2.8000000E+01   3.0000000E+00
   4.1133333E+00   1.8900000E+03   9.8400000E+02   2.7000000E+01   0.0000000E+00
   4.1200000E+00   1.8800000E+03   9.7300000E+02   3.3000000E+01   0.0000000E+00
   4.1266667E+00   1.9060000E+03   9.2300000E+02   3.2000000E+01   1.0000000E+00
   4.1333333E+00   1.9520000E+03   9.7600000E+02   3.1000000E+01   3.0000000E+00
   4.1400000E+00   1.8830000E+03   9.8200000E+02   2.9000000E+01   1.0000000E+00
   4.1466667E+00   1.8910000E+03   9.1300000E+02   1.9000000E+01   1.0000000E+00
   4.1533333E+00   1.9420000E+03   9.8400000E+02   2.9000000E+01   2.0000000E+00
   4.1600000E+00   1.8390000E+03   9.5600000E+02   2.1000000E+01   1.0000000E+00
   4.1666667E+00   1.9060000E+03   9.7500000E+02   3.3000000E+01   1.0000000E+00
   4.1733333E+00   1.8180000E+03   8.8400000E+02   3.1000000E+01   0.0000000E+00
   4.1800000E+00   1.9410000E+03   8.8500000E+02   3.1000000E+01   2.0000000E+00
   4.1866667E+00   1.9150000E+03   9.5200000E+02   2.6000000E+01   1.0000000E+00
   4.1933333E+00   1.8970000E+03   9.2100000E+02   3.0000000E+01   1.0000000E+00
   4.2000000E+00   1.8560000E+03   9.3800000E+02   2.1000000E+01   0.0000000E+00
   4.2066667E+00   1.8490000E+03   8.6800000E+02   2.9000000E+01   0.0000000E+00
   4.2133333E+00   1.9260000E+03   9.0300000E+02   2.2000000E+01   0.0000000E+00
   4.2200000E+00   1.9030000E+03   8.9100000E+02   1.9000000E+01   0.0000000E+00
   4.2266667E+00   1.7850000E+03   9.3700000E+02   1.4000000E+01   0.0000000E+00
   4.2333333E+00   1.7960000E+03   9.2600000E+02   3.0000000E+01   0.0000000E+00
   4.2400000E+00   1.7900000E+03   9.3100000E+02   1.9000000E+01   1.0000000E+00
   4.2466667E+00   1.8650000E+03   8.6300000E+02   2.7000000E+01   0.0000000E+00
   4.2533333E+00   1.7320000E+03   8.8400000E+02   2.0000000E+01   0.0000000E+00
   4.2600000E+00   1.7620000E+03   8.7200000E+02   1.6000000E+01   0.0000000E+00
   4.2666667E+00   1.8450000E+03   9.0300000E+02   1.6000000E+01   3.0000000E+00
   4.2733333E+00   1.8430000E+03   8.9000000E+02   2.5000000E+01   1.0000000E+00
   4.2800000E+00   1.7400000E+03   8.9800000E+02   1.2000000E+01   0.0000000E+00
   4.2866667E+00   1.7150000E+03   7.9000000E+02   1.7000000E+01   0.0000000E+00
   4.2933333E+00   1.7850000E+03   8.4100000E+02   2.0000000E+01   1.0000000E+00
   4.3000000E+00   1.7100000E+03   8.4000000E+02   1.7000000E+01   0.0000000E+00
   4.3066667E+00   1.7560000E+03   8.6100000E+02   1.7000000E+01   2.0000000E+00
   4.3133333E+00   1.6580000E+03   8.5700000E+02   1.8000000E+01   1.0000000E+00
   4.3200000E+00   1.7380000E+03   7.7600000E+02   2.3000000E+01   0.0000000E+00
   4.3266667E+00   1.6810000E+03   8.3700000E+02   1.5000000E+01   1.0000000E+00
   4.3333333E+00   1.6950000E+03   8.6900000E+02   1.3000000E+01   1.0000000E+00
   4.3400000E+00   1.6500000E+03   8.9700000E+02   1.7000000E+01   0.0000000E+00
   4.3466667E+00   1.6350000E+03   8.0200000E+02   1.3000000E+01   1.0000000E+00
   4.3533333E+00   1.6760000E+03   8.6400000E+02   1.3000000E+01   1.0000000E+00
   4.3600000E+00   1.6910000E+03   8.2200000E+02   1.3000000E+01   1.0000000E+00
   4.3666667E+00   1.5870000E+03   8.3000000E+02   1.0000000E+01   0.0000000E+00
   4.3733333E+00   1.6240000E+03   8.0500000E+02   1.5000000E+01   0.0000000E+00
   4.3800000E+00   1.6130000E+03   8.2700000E+02   1.3000000E+01   0.0000000E+00
   4.3866667E+00   1.5970000E+03   8.1200000E+02   1.1000000E+01   0.0000000E+00
   4.3933333E+00   1.5750000E+03   8.3900000E+02   8.0000000E+00   0.0000000E+00
   4.4000000E+00   1.6120000E+03   8.3100000E+02   9.0000000E+00   0.0000000E+00
   4.4066667E+00   1.6450000E+03   8.1500000E+02   1.3000000E+01   0.0000000E+00
   4.4133333E+00   1.6180000E+03   8.2000000E+02   1.3000000E+01   0.0000000E+00
   4.4200000E+00   1.6070000E+03   7.8300000E+02   1.4000000E+01   0.0000000E+00
   4.4266667E+00   1.5970000E+03   8.4700000E+02   1.2000000E+01   1.0000000E+00
   4.4333333E+00   1.5830000E+03   8.0400000E+02   1.4000000E+01   0.0000000E+00
   4.4400000E+00   1.5880000E+03   8.1800000E+02   1.0000000E+01   1.0000000E+00
   4.4466667E+00   1.6470000E+03   8.3800000E+02   7.0000000E+00   0.0000000E+00
   4.4533333E+00   1.5610000E+03   7.8900000E+02   7.0000000E+00   0.0000000E+00
   4.4600000E+00   1.5640000E+03   7.3700000E+02   8.0000000E+00   1.0000000E+00
   4.4666667E+00   1.5890000E+03   7.4400000E+02   6.0000000E+00   2.0000000E+00
   4.4733333E+00   1.5760000E+03   7.7200000E+02   4.0000000E+00   0.0000000E+00
   4.4800000E+00   1.5130000E+03   7.7100000E+02   4.0000000E+00   0.0000000E+00
   4.4866667E+00   1.6240000E+03   7.8000000E+02   7.0000000E+00   1.0000000E+00
   4.4933333E+00   1.5160000E+03   7.7200000E+02   6.0000000E+00   0.0000000E+00
   4.5000000E+00   1.4830000E+03   7.4000000E+02   8.0000000E+00   0.0000000E+00
   4.5066667E+00   1.5310000E+03   7.7500000E+02   1.0000000E+01   0.0000000E+00
   4.5133333E+00   1.4710000E+03   6.9200000E+02   8.0000000E+00   0.0000000E+00
   4.5200000E+00   1.4690000E+03   7.4200000E+02   6.0000000E+00   1.0000000E+00
   4.5266667E+00   1.5210000E+03   7.2400000E+02   1.1000000E+01   0.0000000E+00
   4.5333333E+00   1.4130000E+03   7.2400000E+02   6.0000000E+00   1.0000000E+00
   4.5400000E+00   1.4180000E+03   7.2600000E+02   1.2000000E+01   0.0000000E+00
   4.5466667E+00   1.4380000E+03   7.4700000E+02   5.0000000E+00   0.0000000E+00
   4.5533333E+00   1.4000000E+03   7.1500000E+02   8.0000000E+00   1.0000000E+00
   4.5600000E+00   1.4050000E+03   7.8300000E+02   9.0000000E+00   2.0000000E+00
   4.5666667E+00   1.3890000E+03   7.4900000E+02   1.1000000E+01   0.0000000E+00
   4.5733333E+00   1.4880000E+03   7.5800000E+02   8.0000000E+00   0.0000000E+00
   4.5800000E+00   1.4670000E+03   7.1200000E+02   1.1000000E+01   4.0000000E+00
   4.5866667E+00   1.4140000E+03   7.2800000E+02   8.0000000E+00   1.0000000E+00
   4.5933333E+00   1.4300000E+03   6.8700000E+02   1.0000000E+01   2.0000000E+00
   4.6000000E+00   1.3990000E+03   6.7200000E+02   7.0000000E+00   2.0000000E+00
   4.6066667E+00   1.3850000E+03   6.6200000E+02   7.0000000E+00   1.0000000E+00
   4.6133333E+00   1.4170000E+03   6.7100000E+02   4.0000000E+00   0.0000000E+00
   4.6200000E+00   1.3860000E+03   7.1600000E+02   2.0000000E+00   2.0000000E+00
   4.6266667E+00   1.4080000E+03   7.2500000E+02   5.0000000E+00   0.0000000E+00
   4.6333333E+00   1.3750000E+03   6.7700000E+02   8.0000000E+00   1.0000000E+00
   4.6400000E+00   1.3200000E+03   6.8300000E+02   7.0000000E+00   0.0000000E+00
   4.6466667E+00   1.2740000E+03   6.6300000E+02   5.0000000E+00   0.0000000E+00
   4.6533333E+00   1.3710000E+03   7.1200000E+02   5.0000000E+00   0.0000000E+00
   4.6600000E+00   1.3740000E+03   6.8300000E+02   8.0000000E+00   0.0000000E+00
   4.6666667E+00   1.3410000E+03   6.5700000E+02   4.0000000E+00   1.0000000E+00
   4.6733333E+00   1.3390000E+03   6.6800000E+02   1.0000000E+01   0.0000000E+00
   4.6800000E+00   1.3020000E+03   7.1700000E+02   4.0000000E+00   1.0000000E+00
   4.6866667E+00   1.3870000E+03   6.4300000E+02   4.0000000E+00   0.0000000E+00
   4.6933333E+00   1.3680000E+03   6.5400000E+02   7.0000000E+00   1.0000000E+00
   4.7000000E+00   1.3490000E+03   6.5600000E+02   4.0000000E+00   2.0000000E+00
   4.7066667E+00   1.2730000E+03   6.6700000E+02   3.0000000E+00   0.0000000E+00
   4.7133333E+00   1.3190000E+03   6.0000000E+02   1.0000000E+01   0.0000000E+00
   4.7200000E+00   1.2890000E+03   6.5700000E+02   3.0000000E+00   1.0000000E+00
   4.7266667E+00   1.2600000E+03   6.6700000E+02   8.0000000E+00   1.0000000E+00
   4.7333333E+00   1.2710000E+03   6.6900000E+02   9.0000000E+00   0.0000000E+00
   4.7400000E+00   1.2290000E+03   6.0400000E+02   3.0000000E+00   0.0000000E+00
   4.7466667E+00   1.2800000E+03   6.5400000E+02   4.0000000E+00   0.0000000E+00
   4.7533333E+00   1.2900000E+03   6.0700000E+02   5.0000000E+00   1.0000000E+00
   4.7600000E+00   1.2440000E+03   6.2100000E+02   8.0000000E+00   0.0000000E+00
   4.7666667E+00   1.2740000E+03   6.4900000E+02   3.0000000E+00   0.0000000E+00
   4.7733333E+00   1.2680000E+03   6.1900000E+02   1.0000000E+00   1.0000000E+00
   4.7800000E+00   1.2490000E+03   6.0800000E+02   5.0000000E+00   0.0000000E+00
   4.7866667E+00   1.2700000E+03   6.2900000E+02   4.0000000E+00   1.0000000E+00
   4.7933333E+00   1.1900000E+03   5.9500000E+02   4.0000000E+00   1.0000000E+00
   4.8000000E+00   1.2180000E+03   6.3100000E+02   4.0000000E+00   0.0000000E+00
   4.8066667E+00   1.1830000E+03   6.5100000E+02   6.0000000E+00   0.0000000E+00
   4.8133333E+00   1.2280000E+03   6.5500000E+02   4.0000000E+00   0.0000000E+00
   4.8200000E+00   1.2240000E+03   5.9600000E+02   4.0000000E+00   1.0000000E+00
   4.8266667E+00   1.1840000E+03   5.9900000E+02   7.0000000E+00   1.0000000E+00
   4.8333333E+00   1.2320000E+03   5.4300000E+02   3.0000000E+00   0.0000000E+00
   4.8400000E+00   1.1530000E+03   5.9300000E+02   4.0000000E+00   0.0000000E+00
   4.8466667E+00   1.2060000E+03   6.0700000E+02   3.0000000E+00   0.0000000E+00
   4.8533333E+00   1.2030000E+03   5.7000000E+02   2.0000000E+00   0.0000000E+00
   4.8600000E+00   1.1540000E+03   5.4300000E+02   2.0000000E+00   0.0000000E+00
   4.8666667E+00   1.1280000E+03   5.4900000E+02   3.0000000E+00   0.0000000E+00
   4.8733333E+00   1.1360000E+03   5.7500000E+02   5.0000000E+00   0.0000000E+00
   4.8800000E+00   1.1950000E+03   5.4500000E+02   3.0000000E+00   0.0000000E+00
   4.8866667E+00   1.1330000E+03   6.0100000E+02   0.0000000E+00   0.0000000E+00
   4.8933333E+00   1.1700000E+03   5.5900000E+02   0.0000000E+00   1.0000000E+00
   4.9000000E+00   1.1290000E+03   5.9800000E+02   6.0000000E+00   2.0000000E+00
   4.9066667E+00   1.0770000E+03   5.7100000E+02   4.0000000E+00   0.0000000E+00
   4.9133333E+00   1.1170000E+03   5.3700000E+02   2.0000000E+00   0.0000000E+00
   4.9200000E+00   1.1700000E+03   5.5700000E+02   5.0000000E+00   0.0000000E+00
   4.9266667E+00   1.1070000E+03   5.6800000E+02   5.0000000E+00   0.0000000E+00
   4.9333333E+00   1.0940000E+03   5.4700000E+02   3.0000000E+00   1.0000000E+00
   4.9400000E+00   1.1410000E+03   5.2100000E+02   6.0000000E+00   0.0000000E+00
   4.9466667E+00   1.0300000E+03   5.3700000E+02   2.0000000E+00   1.0000000E+00
   4.9533333E+00   1.1030000E+03   5.0200000E+02   2.0000000E+00   1.0000000E+00
   4.9600000E+00   1.1370000E+03   5.3400000E+02   2.0000000E+00   0.0000000E+00
   4.9666667E+00   1.0550000E+03   5.7300000E+02   3.0000000E+00   0.0000000E+00
   4.9733333E+00   1.1160000E+03   5.3600000E+02   2.0000000E+00   0.0000000E+00
   4.9800000E+00   1.0740000E+03   5.0800000E+02   2.0000000E+00   1.0000000E+00
   4.9866667E+00   1.0730000E+03   5.3400000E+02   0.0000000E+00   1.0000000E+00
   4.9933333E+00   1.0650000E+03   5.5600000E+02   3.0000000E+00   1.0000000E+00
   5.0000000E+00   1.0310000E+03   5.0400000E+02   2.0000000E+00   0.0000000E+00
