   1.5381945E+03   8.0000000E+00   7.0000000E+00   4.5577372E-02   5.9586664E-02
   1.5382021E+03   9.0000000E+00   7.0000000E+00   1.5547501E-02   3.5698889E-03
   1.5382096E+03   1.0000000E+01   8.0000000E+00   5.0192175E-02   9.5717666E-02
   1.5382171E+03   1.0000000E+01   9.0000000E+00   2.6278770E-02   3.3450815E-02
   1.5382246E+03   1.1000000E+01   1.1000000E+01   1.5725241E-01   1.5725241E-01
   1.5382322E+03   1.0000000E+01   9.0000000E+00   1.0465208E-01   1.1237724E-01
   1.5382397E+03   1.1000000E+01   8.0000000E+00   9.1076012E-02   1.8370653E-02
   1.5382472E+03   1.1000000E+01   9.0000000E+00   9.6932197E-02   1.4135512E-01
   1.5382548E+03   1.1000000E+01   1.0000000E+01   6.6618581E-02   4.1471966E-02
   1.5382623E+03   1.5000000E+01   1.5000000E+01   5.0708285E-02   5.0708285E-02
   1.5382698E+03   1.0000000E+01   8.0000000E+00   5.6906832E-02   3.2034383E-02
   1.5382773E+03   9.0000000E+00   9.0000000E+00   1.4078753E-01   1.4078753E-01
   1.5382849E+03   1.5000000E+01   1.1000000E+01   3.8629373E-02   5.2927085E-02
   1.5382924E+03   1.3000000E+01   1.2000000E+01   8.1027810E-02   8.9363198E-02
   1.5382999E+03   1.6000000E+01   1.6000000E+01   2.3997052E-02   2.3997052E-02
   1.5383075E+03   1.0000000E+01   8.0000000E+00   7.9687067E-02   5.4764211E-02
   1.5383150E+03   1.0000000E+01   9.0000000E+00   1.1705183E-01   1.2214750E-01
   1.5383225E+03   1.3000000E+01   1.2000000E+01   4.1664042E-02   7.0903813E-02
   1.5383300E+03   1.5000000E+01   1.4000000E+01   2.2110945E-02   4.3609694E-03
   1.5383376E+03   1.3000000E+01   9.0000000E+00   1.7304397E-01   1.5754372E-01
   1.5383451E+03   1.8000000E+01   1.6000000E+01   8.9239306E-02   6.5353518E-02
   1.5383526E+03   1.7000000E+01   1.4000000E+01   6.8176380E-02   7.9775421E-02
   1.5383602E+03   9.0000000E+00   9.0000000E+00   1.0364107E-01   1.0364107E-01
   1.5383677E+03   1.5000000E+01   1.3000000E+01   3.7048583E-02   3.7797837E-02
   1.5383752E+03   1.2000000E+01   9.0000000E+00   1.0772163E-01   1.2268009E-01
   1.5383827E+03   9.0000000E+00   8.0000000E+00   5.4315499E-02   5.7504920E-02
   1.5383903E+03   2.1000000E+01   1.9000000E+01   3.0839020E-02   4.4634043E-02
   1.5383978E+03   1.7000000E+01   1.1000000E+01   6.8926134E-02   1.0525312E-01
   1.5384053E+03   1.8000000E+01   1.7000000E+01   1.1256599E-01   9.2694726E-02
   1.5384128E+03   8.0000000E+00   6.0000000E+00   8.1153738E-02   6.3781923E-02
   1.5384204E+03   1.8000000E+01   1.7000000E+01   1.0761586E-01   1.0930590E-01
   1.5384279E+03   2.1000000E+01   2.0000000E+01   5.4086515E-02   6.0310753E-02
   1.5384354E+03   2.3000000E+01   2.1000000E+01   3.8298499E-02   5.4374700E-02
   1.5384430E+03   2.1000000E+01   1.8000000E+01   1.6065564E-02   3.9320564E-02
   1.5384505E+03   2.2000000E+01   1.8000000E+01   8.6843317E-02   8.9737845E-02
   1.5384580E+03   1.9000000E+01   1.8000000E+01   6.2884332E-02   4.7807618E-02
   1.5384655E+03   2.2000000E+01   2.0000000E+01   2.2383886E-02   2.1070566E-02
   1.5384731E+03   2.5000000E+01   2.3000000E+01   5.6695602E-02   6.8826133E-02
   1.5384806E+03   1.1000000E+01   9.0000000E+00   7.6022554E-02   7.9902473E-02
   1.5384881E+03   1.7000000E+01   1.5000000E+01   3.1136700E-02   4.1097441E-02
   1.5384957E+03   1.8000000E+01   1.7000000E+01   6.1869065E-02   8.5760089E-02
   1.5385032E+03   2.0000000E+01   1.8000000E+01   9.5340140E-02   1.0919680E-01
   1.5385107E+03   2.4000000E+01   1.9000000E+01   6.2146086E-02   4.7471685E-02
   1.5385182E+03   1.3000000E+01   1.1000000E+01   6.5992156E-02   7.2424843E-02
   1.5385258E+03   2.0000000E+01   1.8000000E+01   9.1457942E-02   1.0199584E-01
   1.5385333E+03   2.4000000E+01   1.9000000E+01   2.3801194E-02   1.9138331E-02
   1.5385408E+03   2.0000000E+01   1.7000000E+01   4.8418017E-02   4.9086580E-02
   1.5385484E+03   2.1000000E+01   2.1000000E+01   5.7716142E-02   5.7716142E-02
   1.5385559E+03   1.8000000E+01   1.7000000E+01   1.2161127E-01   1.0445732E-01
   1.5385634E+03   1.9000000E+01   1.8000000E+01   1.0929373E-01   1.0014305E-01
   1.5385709E+03   1.6000000E+01   1.4000000E+01   1.7926315E-02   3.2288306E-02
   1.5385785E+03   1.4000000E+01   1.3000000E+01   3.4553858E-02   3.8036073E-02
   1.5385860E+03   2.8000000E+01   2.4000000E+01   1.0549383E-01   8.6786908E-02
   1.5385935E+03   2.4000000E+01   2.3000000E+01   9.4845246E-02   9.2953862E-02
   1.5386011E+03   2.8000000E+01   2.6000000E+01   5.5931366E-02   5.8207113E-02
   1.5386086E+03   2.4000000E+01   2.1000000E+01   4.9160071E-02   5.6891303E-02
   1.5386161E+03   3.0000000E+01   2.6000000E+01   3.4966225E-02   4.1244735E-02
   1.5386236E+03   3.4000000E+01   3.2000000E+01   4.5370744E-02   3.7274463E-02
   1.5386312E+03   2.1000000E+01   2.0000000E+01   1.0553572E-01   1.2115433E-01
   1.5386387E+03   2.7000000E+01   2.4000000E+01   5.7571543E-02   6.4448460E-02
   1.5386462E+03   2.2000000E+01   2.1000000E+01   5.5606853E-02   6.1306401E-02
   1.5386538E+03   3.3000000E+01   2.9000000E+01   8.2322225E-02   5.7804907E-02
   1.5386613E+03   2.9000000E+01   2.6000000E+01   3.4939268E-02   3.9180117E-02
   1.5386688E+03   2.5000000E+01   2.3000000E+01   6.7092691E-02   7.8055623E-02
   1.5386763E+03   2.2000000E+01   1.9000000E+01   8.9973198E-02   6.9062609E-02
   1.5386839E+03   3.0000000E+01   2.6000000E+01   4.3076650E-02   5.9329897E-02
   1.5386914E+03   2.3000000E+01   2.1000000E+01   8.4434418E-02   9.4996720E-02
   1.5386989E+03   2.3000000E+01   2.1000000E+01   1.1635965E-01   1.2953185E-01
   1.5387065E+03   2.9000000E+01   2.6000000E+01   2.9988636E-02   1.1140118E-02
   1.5387140E+03   1.9000000E+01   1.7000000E+01   5.8982494E-02   8.4126400E-02
   1.5387215E+03   2.8000000E+01   2.7000000E+01   3.4746051E-02   2.5649391E-02
   1.5387290E+03   3.0000000E+01   2.8000000E+01   1.8797681E-02   1.7106195E-02
   1.5387366E+03   3.4000000E+01   2.9000000E+01   2.8495363E-02   2.6405161E-02
   1.5387441E+03   3.1000000E+01   3.0000000E+01   5.4056807E-02   4.4773676E-02
   1.5387516E+03   2.9000000E+01   2.8000000E+01   1.1720017E-01   1.0897817E-01
   1.5387592E+03   3.4000000E+01   3.4000000E+01   1.9474313E-02   1.9474313E-02
   1.5387667E+03   3.0000000E+01   2.8000000E+01   1.1574387E-02   1.5651457E-02
   1.5387742E+03   2.5000000E+01   2.1000000E+01   3.9944009E-02   3.9019133E-02
   1.5387817E+03   3.0000000E+01   2.6000000E+01   2.3468453E-02   3.3183109E-02
   1.5387893E+03   3.2000000E+01   3.1000000E+01   2.1968775E-02   3.0804043E-02
   1.5387968E+03   3.4000000E+01   3.1000000E+01   3.4784872E-02   3.7578582E-02
   1.5388043E+03   2.6000000E+01   2.3000000E+01   1.1219589E-01   1.2369482E-01
   1.5388119E+03   3.2000000E+01   3.1000000E+01   2.4145869E-02   1.7683765E-02
   1.5388194E+03   2.9000000E+01   2.6000000E+01   3.8393783E-02   5.0077454E-02
   1.5388269E+03   3.5000000E+01   3.1000000E+01   4.1771309E-02   3.7773819E-02
   1.5388344E+03   4.2000000E+01   3.8000000E+01   4.7997734E-02   4.5133129E-02
   1.5388420E+03   2.8000000E+01   2.3000000E+01   4.9520819E-02   2.4541334E-02
   1.5388495E+03   2.8000000E+01   2.6000000E+01   5.4962908E-02   4.9978692E-02
   1.5388570E+03   4.0000000E+01   3.8000000E+01   1.3073860E-02   1.9879313E-02
   1.5388646E+03   2.6000000E+01   2.5000000E+01   6.0957062E-02   5.3083533E-02
   1.5388721E+03   3.7000000E+01   3.6000000E+01   6.2499236E-02   6.8947066E-02
   1.5388796E+03   3.2000000E+01   3.1000000E+01   2.8911293E-02   2.9502488E-02
   1.5388871E+03   3.9000000E+01   3.6000000E+01   6.1719037E-02   5.6732414E-02
   1.5388947E+03   4.0000000E+01   3.7000000E+01   7.2942620E-02   7.4386323E-02
   1.5389022E+03   2.3000000E+01   2.2000000E+01   1.0381622E-01   9.4374513E-02
   1.5389097E+03   4.4000000E+01   4.0000000E+01   5.5433610E-02   5.5818555E-02
   1.5389172E+03   3.8000000E+01   3.0000000E+01   5.9725212E-02   4.8569582E-02
   1.5389248E+03   4.2000000E+01   3.7000000E+01   6.3919838E-02   5.3361852E-02
   1.5389323E+03   2.9000000E+01   2.8000000E+01   4.3446676E-02   4.6812594E-02
   1.5389398E+03   4.2000000E+01   3.8000000E+01   3.9695523E-02   4.8382754E-02
   1.5389474E+03   3.2000000E+01   3.1000000E+01   2.4941964E-02   2.2777838E-02
   1.5389549E+03   4.9000000E+01   4.1000000E+01   1.0634468E-02   1.0040738E-02
   1.5389624E+03   4.1000000E+01   3.5000000E+01   2.9570328E-02   3.1299729E-02
   1.5389699E+03   3.7000000E+01   3.7000000E+01   3.1590559E-02   3.1590559E-02
   1.5389775E+03   4.2000000E+01   3.8000000E+01   4.4774298E-02   2.9727015E-02
   1.5389850E+03   2.6000000E+01   2.4000000E+01   1.4864361E-01   1.2756581E-01
   1.5389925E+03   3.7000000E+01   3.6000000E+01   6.8167545E-02   6.2248053E-02
   1.5390001E+03   5.2000000E+01   4.6000000E+01   3.6776421E-02   3.9125444E-02
   1.5390076E+03   3.2000000E+01   3.1000000E+01   4.5557122E-02   4.4110926E-02
   1.5390151E+03   3.7000000E+01   3.6000000E+01   6.9438388E-02   7.4728590E-02
   1.5390226E+03   4.5000000E+01   4.1000000E+01   6.2188398E-02   7.5158501E-02
   1.5390302E+03   5.0000000E+01   5.0000000E+01   3.6822952E-02   3.6822952E-02
   1.5390377E+03   4.2000000E+01   4.0000000E+01   4.4073284E-02   5.8910815E-02
   1.5390452E+03   4.1000000E+01   4.1000000E+01   4.2949764E-02   4.2949764E-02
   1.5390528E+03   4.1000000E+01   3.9000000E+01   4.3319810E-02   3.9087087E-02
   1.5390603E+03   4.3000000E+01   3.9000000E+01   2.5354766E-02   1.7561708E-02
   1.5390678E+03   4.2000000E+01   4.1000000E+01   4.8952444E-02   4.9710018E-02
   1.5390753E+03   4.8000000E+01   4.4000000E+01   6.7540209E-02   7.4423271E-02
   1.5390829E+03   4.1000000E+01   3.4000000E+01   5.9730851E-02   4.4428447E-02
   1.5390904E+03   3.1000000E+01   2.5000000E+01   2.3860922E-02   2.9214949E-02
   1.5390979E+03   4.1000000E+01   3.8000000E+01   4.1276502E-02   5.0726976E-02
   1.5391055E+03   4.7000000E+01   4.0000000E+01   6.1847051E-02   9.5849153E-02
   1.5391130E+03   4.1000000E+01   3.9000000E+01   1.7392871E-02   1.7480107E-02
   1.5391205E+03   5.1000000E+01   4.9000000E+01   2.7400532E-02   2.0277625E-02
   1.5391280E+03   5.0000000E+01   4.4000000E+01   5.6187570E-02   6.1461811E-02
   1.5391356E+03   4.6000000E+01   3.9000000E+01   7.2341266E-02   7.8422666E-02
   1.5391431E+03   5.5000000E+01   5.4000000E+01   4.5093408E-02   3.9103893E-02
   1.5391506E+03   3.5000000E+01   3.3000000E+01   4.2014796E-02   4.6352363E-02
   1.5391582E+03   4.1000000E+01   3.9000000E+01   7.2314094E-02   7.7872780E-02
   1.5391657E+03   4.8000000E+01   4.8000000E+01   2.8575814E-02   2.8575814E-02
   1.5391732E+03   4.4000000E+01   4.0000000E+01   1.4649150E-02   3.5625855E-02
   1.5391807E+03   3.9000000E+01   3.6000000E+01   1.7396193E-02   1.0172662E-02
   1.5391883E+03   5.6000000E+01   5.5000000E+01   7.1189615E-03   7.3831051E-03
   1.5391958E+03   4.2000000E+01   4.2000000E+01   4.1974453E-02   4.1974453E-02
   1.5392033E+03   6.0000000E+01   5.5000000E+01   3.8434085E-02   5.0362412E-02
   1.5392109E+03   4.6000000E+01   4.2000000E+01   4.1462217E-02   6.5020710E-02
   1.5392184E+03   4.2000000E+01   4.2000000E+01   5.2925331E-02   5.2925331E-02
   1.5392259E+03   5.3000000E+01   5.0000000E+01   3.6478298E-02   3.5236776E-02
   1.5392334E+03   5.0000000E+01   4.8000000E+01   3.5926497E-02   2.5427109E-02
   1.5392410E+03   4.5000000E+01   4.3000000E+01   4.4301403E-02   3.1928971E-02
   1.5392485E+03   4.1000000E+01   3.9000000E+01   3.0313764E-02   2.7128281E-02
   1.5392560E+03   4.3000000E+01   4.2000000E+01   6.6647938E-03   1.1803721E-02
   1.5392636E+03   4.7000000E+01   4.5000000E+01   4.6491653E-02   4.7731600E-02
   1.5392711E+03   4.2000000E+01   4.0000000E+01   6.6560124E-02   5.5548276E-02
   1.5392786E+03   5.6000000E+01   5.3000000E+01   1.9817726E-02   2.2281312E-02
   1.5392861E+03   4.4000000E+01   4.1000000E+01   6.8359338E-02   5.8633286E-02
   1.5392937E+03   6.1000000E+01   5.6000000E+01   1.3786432E-02   2.7070410E-02
   1.5393012E+03   4.1000000E+01   4.0000000E+01   3.9425233E-02   4.8020473E-02
   1.5393087E+03   5.5000000E+01   5.2000000E+01   4.6615047E-02   5.0905509E-02
   1.5393162E+03   5.7000000E+01   5.6000000E+01   4.4644702E-02   4.9585719E-02
   1.5393238E+03   4.4000000E+01   4.0000000E+01   3.6744000E-02   3.1742868E-02
   1.5393313E+03   5.1000000E+01   4.8000000E+01   4.5420846E-02   4.4063457E-02
   1.5393388E+03   4.9000000E+01   4.9000000E+01   2.3303867E-02   2.3303867E-02
   1.5393464E+03   3.9000000E+01   3.9000000E+01   2.9605310E-02   2.9605310E-02
   1.5393539E+03   5.5000000E+01   5.3000000E+01   2.4105370E-02   2.5340089E-02
   1.5393614E+03   6.5000000E+01   6.3000000E+01   6.9315807E-03   1.5808739E-02
   1.5393689E+03   3.9000000E+01   3.6000000E+01   3.5488656E-02   2.0008397E-02
   1.5393765E+03   5.1000000E+01   4.9000000E+01   3.6358270E-02   3.8061369E-02
   1.5393840E+03   5.8000000E+01   5.4000000E+01   2.9486186E-02   2.7862867E-02
   1.5393915E+03   6.4000000E+01   6.3000000E+01   3.6777140E-02   3.2644454E-02
   1.5393991E+03   6.2000000E+01   5.9000000E+01   4.3274540E-02   5.3908030E-02
   1.5394066E+03   5.6000000E+01   5.3000000E+01   2.0725768E-02   2.0818708E-02
   1.5394141E+03   5.2000000E+01   5.1000000E+01   6.1926093E-02   5.5003532E-02
   1.5394216E+03   5.6000000E+01   5.3000000E+01   4.2485979E-02   3.4412458E-02
   1.5394292E+03   6.4000000E+01   6.2000000E+01   3.3684291E-02   3.7099320E-02
   1.5394367E+03   6.1000000E+01   6.1000000E+01   3.1267818E-02   3.1267818E-02
   1.5394442E+03   5.9000000E+01   5.6000000E+01   1.6143867E-02   1.7791582E-02
   1.5394518E+03   5.7000000E+01   5.6000000E+01   3.4194763E-02   3.3623986E-02
   1.5394593E+03   5.5000000E+01   5.4000000E+01   5.0954938E-02   4.9422423E-02
   1.5394668E+03   6.2000000E+01   5.7000000E+01   2.6128645E-02   2.8148947E-02
   1.5394743E+03   5.9000000E+01   5.7000000E+01   6.4322390E-02   6.8409258E-02
   1.5394819E+03   6.1000000E+01   5.8000000E+01   3.0973002E-02   2.0045962E-02
   1.5394894E+03   7.0000000E+01   6.6000000E+01   3.8594178E-02   2.6236320E-02
   1.5394969E+03   6.4000000E+01   6.2000000E+01   4.3516390E-02   4.0244656E-02
   1.5395045E+03   5.5000000E+01   4.8000000E+01   3.9867113E-02   4.2515935E-02
   1.5395120E+03   5.7000000E+01   5.4000000E+01   3.2298689E-02   2.6469470E-02
   1.5395195E+03   5.4000000E+01   5.1000000E+01   9.5846865E-02   9.6909225E-02
   1.5395270E+03   5.2000000E+01   5.0000000E+01   5.8833391E-02   5.9100724E-02
   1.5395346E+03   7.2000000E+01   7.0000000E+01   1.2275255E-02   1.5414749E-02
   1.5395421E+03   5.5000000E+01   5.3000000E+01   2.8114775E-02   2.4979679E-02
   1.5395496E+03   5.1000000E+01   4.8000000E+01   5.1829548E-02   4.3827145E-02
   1.5395572E+03   5.6000000E+01   5.5000000E+01   5.9954464E-02   5.5892297E-02
   1.5395647E+03   6.2000000E+01   6.0000000E+01   5.1519408E-02   5.2360091E-02
   1.5395722E+03   6.5000000E+01   6.3000000E+01   1.3588602E-02   1.5137618E-02
   1.5395797E+03   7.2000000E+01   6.9000000E+01   4.9870457E-02   5.6763585E-02
   1.5395873E+03   6.9000000E+01   6.6000000E+01   2.3478039E-02   1.9785797E-02
   1.5395948E+03   7.3000000E+01   6.9000000E+01   1.6352904E-02   1.9641286E-02
   1.5396023E+03   6.6000000E+01   6.4000000E+01   1.8160367E-02   1.9998154E-02
   1.5396099E+03   7.3000000E+01   6.9000000E+01   6.7654882E-02   7.9995470E-02
   1.5396174E+03   6.8000000E+01   6.8000000E+01   3.2949498E-02   3.2949498E-02
   1.5396249E+03   5.4000000E+01   5.2000000E+01   4.5302360E-02   5.0254061E-02
   1.5396324E+03   7.1000000E+01   6.7000000E+01   6.6918241E-02   6.6849679E-02
   1.5396400E+03   5.5000000E+01   5.3000000E+01   8.9428266E-02   9.1794024E-02
   1.5396475E+03   6.2000000E+01   6.1000000E+01   1.6712918E-02   1.5898740E-02
   1.5396550E+03   5.0000000E+01   4.9000000E+01   3.1464609E-02   3.1342832E-02
   1.5396626E+03   6.7000000E+01   6.4000000E+01   1.7824054E-02   2.8177512E-02
   1.5396701E+03   6.1000000E+01   5.9000000E+01   4.1791369E-02   5.0231842E-02
   1.5396776E+03   6.8000000E+01   6.3000000E+01   1.7943209E-02   1.4704065E-02
   1.5396851E+03   8.4000000E+01   8.0000000E+01   3.7184459E-02   2.6727135E-02
   1.5396927E+03   5.9000000E+01   5.7000000E+01   6.4566808E-02   6.0115465E-02
   1.5397002E+03   7.7000000E+01   7.2000000E+01   1.9527784E-02   1.6510138E-02
   1.5397077E+03   6.7000000E+01   6.2000000E+01   3.2066777E-02   1.3386947E-02
   1.5397153E+03   7.1000000E+01   7.0000000E+01   1.2490728E-02   1.0545836E-02
   1.5397228E+03   6.3000000E+01   6.0000000E+01   6.4652634E-03   9.7156510E-03
   1.5397303E+03   7.3000000E+01   7.3000000E+01   3.0149545E-02   3.0149545E-02
   1.5397378E+03   7.5000000E+01   7.3000000E+01   2.6330599E-02   3.1074676E-02
   1.5397454E+03   5.1000000E+01   5.0000000E+01   6.3365110E-02   5.8731625E-02
   1.5397529E+03   4.9000000E+01   4.5000000E+01   4.7458533E-02   5.3256933E-02
   1.5397604E+03   6.2000000E+01   5.9000000E+01   5.2740389E-02   5.5873526E-02
   1.5397679E+03   7.9000000E+01   7.6000000E+01   1.9033008E-02   2.3449471E-02
   1.5397755E+03   6.9000000E+01   6.9000000E+01   3.1854150E-02   3.1854150E-02
   1.5397830E+03   6.3000000E+01   6.0000000E+01   3.8329638E-02   4.7506299E-02
   1.5397905E+03   6.7000000E+01   6.3000000E+01   6.9282385E-02   7.3898135E-02
   1.5397981E+03   7.8000000E+01   7.5000000E+01   1.8391193E-02   1.2168718E-02
   1.5398056E+03   6.5000000E+01   6.4000000E+01   4.7320174E-02   4.5250622E-02
   1.5398131E+03   8.0000000E+01   7.5000000E+01   3.2296764E-02   3.8558849E-02
   1.5398206E+03   7.6000000E+01   7.3000000E+01   1.6934357E-02   1.1641545E-02
   1.5398282E+03   8.1000000E+01   7.5000000E+01   4.3991037E-02   3.7553281E-02
   1.5398357E+03   7.0000000E+01   7.0000000E+01   3.4027319E-02   3.4027319E-02
   1.5398432E+03   8.1000000E+01   8.1000000E+01   4.0531260E-02   4.0531260E-02
   1.5398508E+03   6.9000000E+01   6.5000000E+01   7.6876422E-03   6.3970248E-03
   1.5398583E+03   6.8000000E+01   6.4000000E+01   3.3291807E-02   2.9469367E-02
   1.5398658E+03   7.3000000E+01   7.2000000E+01   2.0008917E-02   2.4180087E-02
   1.5398733E+03   7.2000000E+01   6.6000000E+01   4.9700679E-02   4.3661908E-02
   1.5398809E+03   7.1000000E+01   7.0000000E+01   8.0475602E-03   6.3394670E-03
   1.5398884E+03   9.1000000E+01   8.5000000E+01   4.5119362E-02   3.7814122E-02
   1.5398959E+03   8.0000000E+01   7.6000000E+01   7.4769683E-03   4.5769077E-03
   1.5399035E+03   8.3000000E+01   8.1000000E+01   3.5167531E-02   3.2689715E-02
   1.5399110E+03   7.1000000E+01   6.6000000E+01   4.8591926E-02   6.1953228E-02
   1.5399185E+03   7.1000000E+01   7.1000000E+01   3.2657810E-02   3.2657810E-02
   1.5399260E+03   6.9000000E+01   6.7000000E+01   5.4562519E-02   5.8032252E-02
   1.5399336E+03   8.2000000E+01   8.0000000E+01   3.3208044E-02   3.5106384E-02
   1.5399411E+03   6.6000000E+01   6.6000000E+01   5.4376450E-02   5.4376450E-02
   1.5399486E+03   7.6000000E+01   7.0000000E+01   2.6854050E-02   3.4386025E-02
   1.5399562E+03   7.9000000E+01   7.6000000E+01   4.5811518E-02   4.3689648E-02
   1.5399637E+03   9.4000000E+01   9.1000000E+01   4.3553525E-02   4.2463997E-02
   1.5399712E+03   6.1000000E+01   5.8000000E+01   2.0219775E-02   2.0543216E-02
   1.5399787E+03   8.1000000E+01   7.9000000E+01   1.2051676E-02   1.7107395E-02
   1.5399863E+03   7.9000000E+01   7.5000000E+01   1.4099670E-02   2.6557829E-02
   1.5399938E+03   7.6000000E+01   7.2000000E+01   1.1102996E-02   2.0081451E-02
   1.5400013E+03   7.9000000E+01   7.8000000E+01   2.4248731E-02   2.1701079E-02
   1.5400089E+03   6.2000000E+01   6.0000000E+01   2.5905206E-02   3.4077747E-02
   1.5400164E+03   7.6000000E+01   7.4000000E+01   1.6342988E-02   2.0865762E-02
   1.5400239E+03   9.2000000E+01   8.8000000E+01   7.8900634E-03   1.0381127E-02
   1.5400314E+03   6.4000000E+01   6.0000000E+01   3.0604719E-02   2.5355729E-02
   1.5400390E+03   8.0000000E+01   7.7000000E+01   3.2360414E-02   3.7539564E-02
   1.5400465E+03   6.8000000E+01   6.0000000E+01   2.1467608E-02   1.6815570E-02
   1.5400540E+03   7.0000000E+01   6.7000000E+01   4.3373354E-02   3.9957074E-02
   1.5400616E+03   8.4000000E+01   7.9000000E+01   6.1097002E-03   1.9702203E-02
   1.5400691E+03   9.2000000E+01   9.0000000E+01   4.8438466E-03   3.9284655E-03
   1.5400766E+03   8.4000000E+01   8.2000000E+01   2.3275830E-02   2.7893419E-02
   1.5400841E+03   9.2000000E+01   9.0000000E+01   3.2158849E-02   3.0672797E-02
   1.5400917E+03   9.7000000E+01   9.0000000E+01   2.1833748E-02   2.6970732E-02
   1.5400992E+03   9.9000000E+01   9.6000000E+01   1.3741491E-02   1.6019001E-02
   1.5401067E+03   8.4000000E+01   8.0000000E+01   2.6419991E-02   3.2794013E-02
   1.5401143E+03   8.3000000E+01   8.0000000E+01   3.2469007E-02   3.7392736E-02
   1.5401218E+03   9.2000000E+01   9.2000000E+01   4.3397824E-02   4.3397824E-02
   1.5401293E+03   7.8000000E+01   7.7000000E+01   2.4554338E-02   2.5388002E-02
   1.5401368E+03   7.8000000E+01   7.6000000E+01   2.8915890E-02   2.5424437E-02
   1.5401444E+03   7.0000000E+01   6.8000000E+01   3.3674367E-02   3.8859773E-02
   1.5401519E+03   9.5000000E+01   8.9000000E+01   2.7047352E-02   3.2547610E-02
   1.5401594E+03   8.4000000E+01   8.0000000E+01   2.1395980E-02   3.2258834E-02
   1.5401670E+03   1.0600000E+02   1.0200000E+02   5.6199092E-03   1.2165768E-02
   1.5401745E+03   7.6000000E+01   7.1000000E+01   2.4162509E-02   1.8441795E-02
   1.5401820E+03   1.0100000E+02   9.6000000E+01   2.6862273E-02   2.3245756E-02
   1.5401895E+03   8.8000000E+01   8.6000000E+01   9.7681820E-03   8.1589630E-03
   1.5401971E+03   8.0000000E+01   7.7000000E+01   1.0897539E-02   1.8707505E-02
   1.5402046E+03   9.6000000E+01   9.2000000E+01   4.3367839E-02   5.1587830E-02
   1.5402121E+03   1.0700000E+02   1.0400000E+02   7.9303674E-03   5.6932626E-03
   1.5402197E+03   7.9000000E+01   7.4000000E+01   2.2319763E-02   3.4149336E-02
   1.5402272E+03   8.2000000E+01   7.9000000E+01   2.6995018E-02   3.2171489E-02
   1.5402347E+03   9.6000000E+01   9.5000000E+01   3.4118406E-02   3.3494914E-02
   1.5402422E+03   8.4000000E+01   8.1000000E+01   5.6359836E-02   5.5403244E-02
   1.5402498E+03   8.7000000E+01   8.4000000E+01   3.7819790E-02   3.5695661E-02
   1.5402573E+03   7.3000000E+01   7.0000000E+01   1.3277565E-02   8.2948315E-03
   1.5402648E+03   9.3000000E+01   9.0000000E+01   2.8392308E-02   3.1995848E-02
   1.5402723E+03   9.9000000E+01   9.7000000E+01   3.9413838E-02   3.6862986E-02
   1.5402799E+03   8.2000000E+01   8.0000000E+01   5.7821664E-02   6.2655276E-02
   1.5402874E+03   8.3000000E+01   7.8000000E+01   4.7452146E-02   4.2943675E-02
   1.5402949E+03   9.6000000E+01   9.2000000E+01   1.6392427E-02   1.2270426E-02
   1.5403025E+03   1.0300000E+02   1.0100000E+02   4.6835056E-04   6.1715349E-03
   1.5403100E+03   8.1000000E+01   7.7000000E+01   1.4661082E-02   1.0342077E-02
   1.5403175E+03   1.1000000E+02   1.0700000E+02   2.2995188E-02   1.8406624E-02
   1.5403250E+03   9.2000000E+01   8.8000000E+01   1.5610625E-02   1.7085800E-02
   1.5403326E+03   1.0200000E+02   1.0000000E+02   4.2962132E-02   4.9133995E-02
   1.5403401E+03   8.6000000E+01   8.3000000E+01   5.3864333E-02   4.6853714E-02
   1.5403476E+03   9.8000000E+01   9.7000000E+01   2.2437897E-02   1.9574686E-02
   1.5403552E+03   9.2000000E+01   9.1000000E+01   4.5633783E-02   4.6136123E-02
   1.5403627E+03   9.1000000E+01   8.8000000E+01   4.1318709E-02   4.7174203E-02
   1.5403702E+03   9.8000000E+01   9.6000000E+01   3.8532686E-02   4.2597016E-02
   1.5403777E+03   9.8000000E+01   9.4000000E+01   2.2464991E-02   1.7903206E-02
   1.5403853E+03   1.0500000E+02   1.0200000E+02   3.1215107E-02   3.4923711E-02
   1.5403928E+03   8.0000000E+01   7.8000000E+01   6.7678557E-02   6.8053360E-02
   1.5404003E+03   9.8000000E+01   9.5000000E+01   1.0549497E-02   1.2228777E-02
   1.5404079E+03   1.0100000E+02   1.0100000E+02   3.0062876E-02   3.0062876E-02
   1.5404154E+03   1.0500000E+02   1.0300000E+02   3.3025121E-02   3.3466699E-02
   1.5404229E+03   1.0900000E+02   1.0600000E+02   5.4635284E-02   5.3726712E-02
   1.5404304E+03   1.0800000E+02   1.0700000E+02   1.8159219E-02   1.6745209E-02
   1.5404380E+03   1.0500000E+02   1.0400000E+02   3.2893498E-02   3.3209761E-02
   1.5404455E+03   9.5000000E+01   9.4000000E+01   2.5096571E-02   2.5363576E-02
   1.5404530E+03   1.0000000E+02   9.9000000E+01   5.4970459E-02   5.5973817E-02
   1.5404606E+03   7.9000000E+01   7.8000000E+01   9.2575155E-03   8.9546756E-03
   1.5404681E+03   9.5000000E+01   9.4000000E+01   1.2218785E-02   1.2348776E-02
   1.5404756E+03   9.5000000E+01   9.4000000E+01   3.3370008E-02   3.1732145E-02
   1.5404831E+03   9.2000000E+01   9.2000000E+01   3.7089179E-02   3.7089179E-02
   1.5404907E+03   9.8000000E+01   9.6000000E+01   3.1003585E-02   3.4965010E-02
   1.5404982E+03   1.0200000E+02   1.0200000E+02   2.6896726E-02   2.6896726E-02
   1.5405057E+03   1.0300000E+02   1.0100000E+02   2.6102752E-02   2.5971497E-02
   1.5405133E+03   9.6000000E+01   9.6000000E+01   2.5490107E-02   2.5490107E-02
   1.5405208E+03   8.9000000E+01   8.9000000E+01   5.5342868E-02   5.5342868E-02
   1.5405283E+03   9.1000000E+01   8.9000000E+01   7.8484562E-03   8.8950963E-03
   1.5405358E+03   1.2500000E+02   1.2300000E+02   3.6487952E-03   3.7113563E-03
   1.5405434E+03   1.0700000E+02   1.0500000E+02   5.1784177E-02   5.2770202E-02
   1.5405509E+03   1.0100000E+02   1.0100000E+02   7.6683480E-03   7.6683480E-03
   1.5405584E+03   8.1000000E+01   7.9000000E+01   2.1533531E-02   2.2078643E-02
   1.5405660E+03   9.5000000E+01   9.4000000E+01   2.8086571E-02   2.8385433E-02
   1.5405735E+03   1.0400000E+02   1.0400000E+02   1.2469707E-02   1.2469707E-02
   1.5405810E+03   1.0100000E+02   9.9000000E+01   1.9424724E-02   1.9817414E-02
   1.5405885E+03   9.2000000E+01   9.2000000E+01   5.2542562E-02   5.2542562E-02
   1.5405961E+03   1.0700000E+02   1.0600000E+02   1.0532750E-02   1.0631824E-02
   1.5406036E+03   8.7000000E+01   8.6000000E+01   2.1183743E-02   2.1429969E-02
   1.5406111E+03   8.0000000E+01   8.0000000E+01   7.2057799E-03   7.2057799E-03
   1.5406187E+03   1.0200000E+02   1.0200000E+02   3.5214678E-02   3.5214678E-02
   1.5406262E+03   1.0000000E+02   9.9000000E+01   7.0838288E-03   7.1559899E-03
   1.5406337E+03   1.0200000E+02   1.0200000E+02   5.9626898E-03   5.9626898E-03
   1.5406412E+03   8.9000000E+01   8.8000000E+01   8.1289361E-03   8.2214598E-03
   1.5406488E+03   1.0500000E+02   1.0500000E+02   3.5559797E-02   3.5559797E-02
   1.5406563E+03   9.8000000E+01   9.6000000E+01   2.3961110E-02   2.4460306E-02
   1.5406638E+03   9.0000000E+01   8.9000000E+01   1.9061560E-02   1.9275701E-02
   1.5406713E+03   9.4000000E+01   9.4000000E+01   2.0006189E-02   2.0006189E-02
   1.5406789E+03   1.0700000E+02   1.0700000E+02   2.9265605E-02   2.9265605E-02
   1.5406864E+03   9.2000000E+01   9.1000000E+01   2.9643295E-02   2.9969045E-02
   1.5406939E+03   1.1700000E+02   1.1500000E+02   4.7235035E-02   4.8056526E-02
   1.5407015E+03   7.4000000E+01   7.4000000E+01   1.9060979E-02   1.9060979E-02
   1.5407090E+03   1.0900000E+02   1.0900000E+02   2.9177528E-02   2.9177528E-02
   1.5407165E+03   8.9000000E+01   8.7000000E+01   4.2747326E-03   4.3730169E-03
   1.5407240E+03   9.4000000E+01   9.1000000E+01   9.6637645E-03   9.9823378E-03
   1.5407316E+03   1.0000000E+02   1.0000000E+02   3.7642845E-02   3.7642845E-02
   1.5407391E+03   9.7000000E+01   9.6000000E+01   3.5119668E-02   3.5485576E-02
   1.5407466E+03   9.8000000E+01   9.7000000E+01   5.9492492E-02   6.0105964E-02
   1.5407542E+03   8.7000000E+01   8.7000000E+01   1.6180629E-02   1.6180629E-02
   1.5407617E+03   1.0500000E+02   1.0400000E+02   1.4340175E-02   1.4478061E-02
   1.5407692E+03   8.9000000E+01   8.8000000E+01   3.4403071E-02   3.4794040E-02
   1.5407767E+03   1.0400000E+02   1.0400000E+02   3.2465920E-02   3.2465920E-02
   1.5407843E+03   9.9000000E+01   9.9000000E+01   1.0029250E-02   1.0029250E-02
   1.5407918E+03   9.4000000E+01   9.4000000E+01   3.0156183E-02   3.0156183E-02
   1.5407993E+03   9.0000000E+01   9.0000000E+01   1.7772553E-02   1.7772553E-02
   1.5408069E+03   8.5000000E+01   8.4000000E+01   1.4088511E-02   1.4256231E-02
   1.5408144E+03   9.7000000E+01   9.7000000E+01   2.7336036E-02   2.7336036E-02
   1.5408219E+03   1.0200000E+02   1.0100000E+02   1.4329446E-02   1.4471327E-02
   1.5408294E+03   9.3000000E+01   9.1000000E+01   5.1181399E-02   5.2306463E-02
   1.5408370E+03   8.9000000E+01   8.9000000E+01   1.8650054E-02   1.8650054E-02
   1.5408445E+03   9.9000000E+01   9.9000000E+01   1.9404528E-02   1.9404528E-02
   1.5408520E+03   9.5000000E+01   9.4000000E+01   2.1362239E-02   2.1589545E-02
   1.5408596E+03   8.9000000E+01   8.7000000E+01   3.2966243E-02   3.3724061E-02
   1.5408671E+03   1.0100000E+02   1.0100000E+02   4.4756843E-02   4.4756843E-02
   1.5408746E+03   1.0100000E+02   1.0100000E+02   2.0320467E-02   2.0320467E-02
   1.5408821E+03   9.4000000E+01   9.4000000E+01   1.2286295E-02   1.2286295E-02
   1.5408897E+03   1.0300000E+02   1.0300000E+02   4.2408048E-02   4.2408048E-02
   1.5408972E+03   1.0100000E+02   1.0000000E+02   4.1709123E-02   4.2126206E-02
   1.5409047E+03   8.2000000E+01   8.0000000E+01   6.1225929E-02   6.2756466E-02
   1.5409123E+03   8.3000000E+01   8.0000000E+01   4.8881815E-02   5.0715095E-02
   1.5409198E+03   9.4000000E+01   9.0000000E+01   1.9639802E-02   2.0512751E-02
   1.5409273E+03   9.1000000E+01   8.7000000E+01   1.6734045E-02   1.7503440E-02
   1.5409348E+03   9.2000000E+01   9.1000000E+01   1.2130086E-02   1.2263400E-02
   1.5409424E+03   9.8000000E+01   9.7000000E+01   2.3648730E-02   2.3891465E-02
   1.5409499E+03   1.0000000E+02   9.9000000E+01   2.2075933E-02   2.2298922E-02
   1.5409574E+03   1.0000000E+02   9.9000000E+01   3.6402837E-02   3.6770657E-02
   1.5409650E+03   1.0400000E+02   1.0300000E+02   3.1293720E-02   3.1597523E-02
   1.5409725E+03   9.4000000E+01   9.4000000E+01   5.0468626E-02   5.0468626E-02
   1.5409800E+03   1.0000000E+02   1.0000000E+02   3.4414570E-02   3.4414570E-02
   1.5409875E+03   9.0000000E+01   8.8000000E+01   3.8837775E-02   3.9720532E-02
   1.5409951E+03   9.3000000E+01   9.1000000E+01   2.6674709E-02   2.7260956E-02
   1.5410026E+03   1.0600000E+02   1.0300000E+02   4.3585811E-02   4.4855108E-02
   1.5410101E+03   1.0900000E+02   1.0800000E+02   1.1385973E-02   1.1491309E-02
   1.5410177E+03   1.0500000E+02   1.0400000E+02   1.8194006E-02   1.8368426E-02
   1.5410252E+03   9.9000000E+01   9.6000000E+01   4.5166371E-02   4.6577871E-02
   1.5410327E+03   1.0300000E+02   1.0300000E+02   2.0301762E-02   2.0301762E-02
   1.5410402E+03   8.9000000E+01   8.7000000E+01   2.8674947E-02   2.9334181E-02
   1.5410478E+03   1.0400000E+02   1.0300000E+02   3.3223346E-02   3.3545955E-02
   1.5410553E+03   8.9000000E+01   8.6000000E+01   4.8522317E-02   5.0214869E-02
   1.5410628E+03   9.5000000E+01   9.3000000E+01   3.0306108E-02   3.0958505E-02
   1.5410704E+03   1.0000000E+02   9.9000000E+01   7.3745598E-03   7.4491657E-03
   1.5410779E+03   1.0000000E+02   1.0000000E+02   1.2204284E-02   1.2204284E-02
   1.5410854E+03   9.8000000E+01   9.7000000E+01   3.2906485E-02   3.3245849E-02
   1.5410929E+03   9.1000000E+01   9.1000000E+01   4.8540765E-02   4.8540765E-02
   1.5411005E+03   8.6000000E+01   8.5000000E+01   3.0421036E-03   3.0778907E-03
   1.5411080E+03   8.5000000E+01   8.3000000E+01   5.1740271E-03   5.2986798E-03
   1.5411155E+03   1.0700000E+02   1.0700000E+02   3.4662404E-02   3.4662404E-02
   1.5411230E+03   1.0600000E+02   1.0400000E+02   1.6340341E-02   1.6654566E-02
   1.5411306E+03   1.0000000E+02   9.8000000E+01   3.8208014E-02   3.8987763E-02
   1.5411381E+03   9.1000000E+01   8.8000000E+01   1.6540197E-02   1.7104048E-02
   1.5411456E+03   9.8000000E+01   9.7000000E+01   2.0467455E-02   2.0678472E-02
   1.5411532E+03   9.0000000E+01   8.8000000E+01   4.7620939E-02   4.8703590E-02
   1.5411607E+03   1.0000000E+02   9.9000000E+01   3.2446624E-02   3.2774446E-02
   1.5411682E+03   8.9000000E+01   8.8000000E+01   3.6753650E-02   3.7171300E-02
   1.5411757E+03   1.1200000E+02   1.1000000E+02   5.3415300E-02   5.4386611E-02
   1.5411833E+03   1.0400000E+02   1.0100000E+02   9.8139015E-03   1.0105532E-02
   1.5411908E+03   1.0400000E+02   1.0300000E+02   2.8062345E-02   2.8334829E-02
   1.5411983E+03   9.8000000E+01   9.8000000E+01   2.7922438E-02   2.7922438E-02
   1.5412059E+03   9.4000000E+01   9.4000000E+01   1.7685681E-02   1.7685681E-02
   1.5412134E+03   9.8000000E+01   9.7000000E+01   2.9781385E-02   3.0088538E-02
   1.5412209E+03   9.2000000E+01   8.9000000E+01   6.7475473E-02   6.9749765E-02
   1.5412284E+03   1.0200000E+02   1.0200000E+02   6.0252996E-03   6.0252996E-03
   1.5412360E+03   1.0000000E+02   9.9000000E+01   2.7691576E-02   2.7971295E-02
   1.5412435E+03   9.1000000E+01   9.0000000E+01   1.5705173E-02   1.5879656E-02
   1.5412510E+03   1.1700000E+02   1.1600000E+02   1.6073412E-02   1.6212140E-02
   1.5412586E+03   9.3000000E+01   9.3000000E+01   4.9253316E-02   4.9253316E-02
   1.5412661E+03   1.0700000E+02   1.0500000E+02   3.6597126E-03   3.7294219E-03
   1.5412736E+03   1.0300000E+02   1.0100000E+02   2.7651823E-02   2.8199403E-02
   1.5412811E+03   7.8000000E+01   7.6000000E+01   1.8242620E-02   1.8722500E-02
   1.5412887E+03   9.8000000E+01   9.5000000E+01   1.8311258E-02   1.8889241E-02
   1.5412962E+03   1.0300000E+02   1.0200000E+02   3.2387761E-02   3.2705284E-02
   1.5413037E+03   9.8000000E+01   9.7000000E+01   6.4429727E-02   6.5093836E-02
   1.5413113E+03   1.0300000E+02   1.0300000E+02   1.1124512E-02   1.1124512E-02
   1.5413188E+03   1.1100000E+02   1.0900000E+02   2.4924330E-02   2.5381758E-02
   1.5413263E+03   1.0600000E+02   1.0600000E+02   1.2654478E-02   1.2654478E-02
   1.5413338E+03   9.6000000E+01   9.5000000E+01   2.3512941E-02   2.3760830E-02
   1.5413414E+03   1.0200000E+02   1.0100000E+02   1.8469552E-02   1.8652501E-02
   1.5413489E+03   1.1200000E+02   1.1100000E+02   2.0082214E-02   2.0263279E-02
   1.5413564E+03   1.0700000E+02   1.0700000E+02   1.3684734E-02   1.3684734E-02
   1.5413640E+03   1.0700000E+02   1.0700000E+02   3.5285737E-02   3.5285737E-02
   1.5413715E+03   1.1000000E+02   1.1000000E+02   6.5245397E-03   6.5245397E-03
   1.5413790E+03   1.1400000E+02   1.1100000E+02   2.0288947E-02   2.0837250E-02
   1.5413865E+03   1.0100000E+02   9.8000000E+01   1.9008915E-02   1.9590829E-02
   1.5413941E+03   8.5000000E+01   8.4000000E+01   2.0393086E-03   2.0635904E-03
   1.5414016E+03   1.1200000E+02   1.1100000E+02   1.4492054E-02   1.4622941E-02
   1.5414091E+03   1.0700000E+02   1.0500000E+02   1.6749984E-02   1.7069811E-02
   1.5414167E+03   1.0300000E+02   1.0100000E+02   1.1598740E-02   1.1828140E-02
   1.5414242E+03   1.1100000E+02   1.0800000E+02   1.9635172E-02   2.0180117E-02
   1.5414317E+03   1.2500000E+02   1.2500000E+02   9.6275847E-03   9.6275847E-03
   1.5414392E+03   1.0700000E+02   1.0600000E+02   1.5934274E-02   1.6084441E-02
   1.5414468E+03   1.0500000E+02   1.0300000E+02   3.6796755E-02   3.7511183E-02
   1.5414543E+03   9.9000000E+01   9.7000000E+01   3.3455384E-02   3.4145190E-02
   1.5414618E+03   1.2200000E+02   1.2100000E+02   1.9161834E-02   1.9320199E-02
   1.5414694E+03   9.7000000E+01   9.6000000E+01   4.9702588E-02   5.0220337E-02
   1.5414769E+03   1.0300000E+02   1.0200000E+02   1.2716146E-02   1.2840828E-02
   1.5414844E+03   1.0000000E+02   9.9000000E+01   3.0815851E-02   3.1127535E-02
   1.5414919E+03   8.8000000E+01   8.7000000E+01   3.1359695E-02   3.1720151E-02
   1.5414995E+03   1.0800000E+02   1.0600000E+02   2.1444253E-02   2.1848862E-02
   1.5415070E+03   1.0000000E+02   1.0000000E+02   2.5919923E-02   2.5919923E-02
   1.5415145E+03   9.2000000E+01   8.7000000E+01   4.4706156E-02   4.9875424E-02
   1.5415221E+03   1.1000000E+02   1.0900000E+02   2.4357320E-02   2.4580770E-02
   1.5415296E+03   1.0900000E+02   1.0900000E+02   2.5352949E-02   2.5352949E-02
   1.5415371E+03   1.1200000E+02   1.0900000E+02   1.4061460E-02   1.4451908E-02
   1.5415446E+03   9.6000000E+01   9.6000000E+01   1.7132937E-02   1.7132937E-02
   1.5415522E+03   1.1600000E+02   1.1300000E+02   3.3991478E-02   3.4893581E-02
   1.5415597E+03   9.3000000E+01   9.2000000E+01   4.4686077E-02   4.5171800E-02
   1.5415672E+03   1.2400000E+02   1.2100000E+02   1.6151874E-02   1.6552320E-02
   1.5415747E+03   9.7000000E+01   9.7000000E+01   1.2660335E-02   1.2660335E-02
   1.5415823E+03   1.1300000E+02   1.1000000E+02   1.2256396E-02   1.2590722E-02
   1.5415898E+03   1.1600000E+02   1.1300000E+02   1.9369285E-02   1.9883381E-02
   1.5415973E+03   9.6000000E+01   9.5000000E+01   2.2064592E-02   2.2296792E-02
   1.5416049E+03   1.0000000E+02   9.7000000E+01   3.4922340E-02   3.6002408E-02
   1.5416124E+03   9.6000000E+01   9.3000000E+01   2.7104480E-02   2.7979013E-02
   1.5416199E+03   9.9000000E+01   9.7000000E+01   5.2193105E-03   5.3269021E-03
   1.5416274E+03   1.2200000E+02   1.2100000E+02   2.3852942E-02   2.4050094E-02
   1.5416350E+03   1.0400000E+02   1.0400000E+02   7.3005962E-03   7.3005962E-03
   1.5416425E+03   8.6000000E+01   8.5000000E+01   1.0605164E-02   1.0729927E-02
   1.5416500E+03   1.0200000E+02   1.0200000E+02   2.5290966E-02   2.5290966E-02
   1.5416576E+03   1.0600000E+02   1.0500000E+02   1.0258039E-02   1.0355734E-02
   1.5416651E+03   1.1700000E+02   1.1700000E+02   3.7735811E-02   3.7735811E-02
   1.5416726E+03   1.1700000E+02   1.1500000E+02   1.7557793E-02   1.7863117E-02
   1.5416801E+03   9.4000000E+01   9.4000000E+01   8.1472964E-03   8.1472964E-03
   1.5416877E+03   1.1100000E+02   1.0700000E+02   2.9678534E-02   3.0788022E-02
   1.5416952E+03   9.3000000E+01   9.3000000E+01   2.0988128E-02   2.0988128E-02
   1.5417027E+03   1.1400000E+02   1.1200000E+02   1.2037791E-02   1.2252557E-02
   1.5417103E+03   1.1100000E+02   1.1000000E+02   2.3806334E-02   2.4022781E-02
   1.5417178E+03   1.0800000E+02   1.0700000E+02   1.9732850E-02   1.9917940E-02
   1.5417253E+03   9.3000000E+01   9.0000000E+01   2.8192333E-02   2.9132093E-02
   1.5417328E+03   1.1700000E+02   1.1500000E+02   1.8444939E-02   1.8765696E-02
   1.5417404E+03   1.0900000E+02   1.0900000E+02   2.7413371E-02   2.7413371E-02
   1.5417479E+03   1.1300000E+02   1.1300000E+02   3.6469413E-03   3.6469413E-03
   1.5417554E+03   1.0800000E+02   1.0800000E+02   4.6200658E-02   4.6200658E-02
   1.5417630E+03   1.1800000E+02   1.1700000E+02   1.6159055E-02   1.6297131E-02
   1.5417705E+03   1.1700000E+02   1.1500000E+02   4.2306935E-02   4.3042691E-02
   1.5417780E+03   1.2000000E+02   1.1800000E+02   2.5815417E-02   2.6252972E-02
   1.5417855E+03   8.3000000E+01   8.0000000E+01   7.2209335E-03   7.4917935E-03
   1.5417931E+03   1.2000000E+02   1.1900000E+02   3.5409804E-02   3.5707419E-02
   1.5418006E+03   1.1100000E+02   1.0800000E+02   2.6174077E-02   2.6901119E-02
   1.5418081E+03   1.1600000E+02   1.1500000E+02   1.0685430E-02   1.0778395E-02
   1.5418157E+03   1.0600000E+02   1.0100000E+02   1.2716153E-02   1.3345790E-02
   1.5418232E+03   1.3000000E+02   1.3000000E+02   2.2554727E-02   2.2554727E-02
   1.5418307E+03   9.9000000E+01   9.5000000E+01   2.7694256E-03   2.8839672E-03
   1.5418382E+03   1.1700000E+02   1.1500000E+02   3.8777152E-02   3.9451543E-02
   1.5418458E+03   1.0300000E+02   1.0000000E+02   3.4143747E-02   3.5168052E-02
   1.5418533E+03   1.2300000E+02   1.2200000E+02   1.0285942E-02   1.0370260E-02
   1.5418608E+03   9.0000000E+01   8.9000000E+01   2.0717134E-02   2.0949845E-02
   1.5418684E+03   1.3000000E+02   1.3000000E+02   1.4415832E-02   1.4415832E-02
   1.5418759E+03   1.1800000E+02   1.1600000E+02   2.3271654E-02   2.3672887E-02
   1.5418834E+03   1.0700000E+02   1.0600000E+02   2.2169204E-02   2.2378338E-02
   1.5418909E+03   1.1600000E+02   1.1500000E+02   1.6336195E-02   1.6478245E-02
   1.5418985E+03   9.0000000E+01   8.7000000E+01   1.6971476E-02   1.7556785E-02
   1.5419060E+03   1.1200000E+02   1.1100000E+02   1.8086535E-02   1.8249428E-02
   1.5419135E+03   1.1000000E+02   1.0700000E+02   1.3664837E-02   1.4048072E-02
   1.5419211E+03   1.1900000E+02   1.1900000E+02   4.4780942E-03   4.4780942E-03
   1.5419286E+03   1.1100000E+02   1.0800000E+02   2.6370907E-02   2.7103580E-02
   1.5419361E+03   1.1500000E+02   1.1500000E+02   1.6938151E-02   1.6938151E-02
   1.5419436E+03   1.0400000E+02   1.0000000E+02   1.0195654E-02   1.0605032E-02
   1.5419512E+03   1.0600000E+02   1.0300000E+02   2.2823796E-02   2.3488644E-02
   1.5419587E+03   1.2100000E+02   1.1900000E+02   1.8382207E-02   1.8691331E-02
   1.5419662E+03   1.0100000E+02   9.9000000E+01   3.1535640E-02   3.2172756E-02
   1.5419738E+03   1.1600000E+02   1.1500000E+02   2.7214563E-02   2.7451088E-02
   1.5419813E+03   1.1200000E+02   1.1200000E+02   2.8586906E-02   2.8586906E-02
   1.5419888E+03   1.1900000E+02   1.1700000E+02   3.4093749E-02   3.4676551E-02
   1.5419963E+03   1.1900000E+02   1.1900000E+02   3.3287275E-02   3.3287275E-02
   1.5420039E+03   1.2300000E+02   1.2200000E+02   1.4549813E-02   1.4669047E-02
   1.5420114E+03   1.1200000E+02   1.1100000E+02   1.7201413E-02   1.7356069E-02
   1.5420189E+03   9.8000000E+01   9.2000000E+01   3.9299611E-02   4.1862770E-02
   1.5420264E+03   1.2500000E+02   1.2400000E+02   3.7325719E-03   3.7626560E-03
   1.5420340E+03   1.3100000E+02   1.3000000E+02   6.6214440E-03   6.6723844E-03
   1.5420415E+03   1.1500000E+02   1.1200000E+02   3.3910031E-02   3.4818328E-02
   1.5420490E+03   1.2100000E+02   1.1900000E+02   1.4601698E-02   1.4847067E-02
   1.5420566E+03   1.1400000E+02   1.1300000E+02   1.5848527E-02   1.5988733E-02
   1.5420641E+03   1.2700000E+02   1.2400000E+02   2.3597168E-02   2.4168011E-02
   1.5420716E+03   9.9000000E+01   9.5000000E+01   2.6098739E-02   2.7197718E-02
   1.5420791E+03   1.1400000E+02   1.1100000E+02   1.8515271E-02   1.9015624E-02
   1.5420867E+03   1.1800000E+02   1.1600000E+02   6.7692295E-03   6.8860969E-03
   1.5420942E+03   1.1400000E+02   1.1300000E+02   2.3657264E-02   2.3866634E-02
   1.5421017E+03   1.2400000E+02   1.2300000E+02   2.6124099E-02   2.6336484E-02
   1.5421093E+03   1.4400000E+02   1.4000000E+02   3.1290997E-02   3.2185039E-02
   1.5421168E+03   1.0200000E+02   1.0200000E+02   2.8698083E-02   2.8698083E-02
   1.5421243E+03   1.3000000E+02   1.2900000E+02   1.5727136E-02   1.5849050E-02
   1.5421318E+03   1.0800000E+02   1.0600000E+02   2.4093632E-02   2.4548202E-02
   1.5421394E+03   1.2100000E+02   1.1800000E+02   1.2913552E-02   1.3241652E-02
   1.5421469E+03   1.1300000E+02   1.1200000E+02   1.0000671E-02   1.0091059E-02
   1.5421544E+03   1.3300000E+02   1.3100000E+02   2.8459554E-02   2.8894073E-02
   1.5421620E+03   1.0900000E+02   1.0800000E+02   2.1749110E-02   2.1950611E-02
   1.5421695E+03   1.1600000E+02   1.1400000E+02   1.9794836E-02   2.0136190E-02
   1.5421770E+03   1.1600000E+02   1.1300000E+02   5.1247205E-02   5.2607718E-02
   1.5421845E+03   1.1700000E+02   1.1600000E+02   2.7487215E-03   2.7724104E-03
   1.5421921E+03   1.2300000E+02   1.2200000E+02   9.8335046E-03   9.9140905E-03
   1.5421996E+03   1.2200000E+02   1.2100000E+02   1.7681043E-02   1.7827064E-02
   1.5422071E+03   1.2900000E+02   1.2700000E+02   8.9341743E-03   9.0744964E-03
   1.5422147E+03   1.4100000E+02   1.3900000E+02   3.0406934E-02   3.0844548E-02
   1.5422222E+03   1.1900000E+02   1.1700000E+02   2.0868617E-02   2.1225272E-02
   1.5422297E+03   1.1800000E+02   1.1700000E+02   7.6501708E-03   7.7151122E-03
   1.5422372E+03   1.2100000E+02   1.1700000E+02   3.8807517E-02   4.0133749E-02
   1.5422448E+03   1.2300000E+02   1.2300000E+02   4.6557865E-02   4.6557865E-02
   1.5422523E+03   1.3100000E+02   1.2800000E+02   9.9888864E-03   1.0222982E-02
   1.5422598E+03   1.2200000E+02   1.2000000E+02   2.0305559E-02   2.0644395E-02
   1.5422674E+03   9.8000000E+01   9.3000000E+01   7.6059020E-03   8.0175223E-03
   1.5422749E+03   1.1100000E+02   1.0600000E+02   2.5606690E-02   2.6813048E-02
   1.5422824E+03   1.4000000E+02   1.3400000E+02   1.6477578E-02   1.7215410E-02
   1.5422899E+03   1.2000000E+02   1.1600000E+02   1.2566188E-02   1.2999256E-02
   1.5422975E+03   1.2000000E+02   1.1700000E+02   2.6109740E-02   2.6779647E-02
   1.5423050E+03   1.2800000E+02   1.2400000E+02   1.1043500E-02   1.1399536E-02
   1.5423125E+03   1.3400000E+02   1.3200000E+02   1.1577196E-02   1.1752551E-02
   1.5423201E+03   1.2400000E+02   1.2100000E+02   4.0435409E-02   4.1437949E-02
   1.5423276E+03   1.1000000E+02   1.1000000E+02   1.0054205E-02   1.0054205E-02
   1.5423351E+03   1.3400000E+02   1.3100000E+02   2.0605372E-02   2.1077193E-02
   1.5423426E+03   1.1400000E+02   1.1100000E+02   2.4225850E-02   2.4880547E-02
   1.5423502E+03   1.4300000E+02   1.3900000E+02   1.1561156E-02   1.1893902E-02
   1.5423577E+03   1.1200000E+02   1.0700000E+02   1.4911102E-02   1.5607719E-02
   1.5423652E+03   1.1600000E+02   1.1600000E+02   3.0107634E-02   3.0107634E-02
   1.5423728E+03   1.3000000E+02   1.2800000E+02   5.4744660E-03   5.5601391E-03
   1.5423803E+03   1.2900000E+02   1.2700000E+02   2.4383394E-02   2.4767680E-02
   1.5423878E+03   1.0600000E+02   1.0400000E+02   1.9147365E-02   1.9515613E-02
   1.5423953E+03   1.1300000E+02   1.1300000E+02   3.6917815E-02   3.6917815E-02
   1.5424029E+03   1.3200000E+02   1.2900000E+02   1.7975807E-02   1.8393896E-02
   1.5424104E+03   1.3400000E+02   1.3200000E+02   7.2691760E-03   7.3792917E-03
   1.5424179E+03   1.3000000E+02   1.2800000E+02   1.6235541E-02   1.6489197E-02
   1.5424255E+03   1.3200000E+02   1.2900000E+02   2.9077641E-02   2.9753474E-02
   1.5424330E+03   1.1800000E+02   1.1400000E+02   2.6425892E-03   2.7351475E-03
   1.5424405E+03   1.3100000E+02   1.2900000E+02   2.9699201E-02   3.0159606E-02
   1.5424480E+03   1.2100000E+02   1.1800000E+02   1.6625141E-02   1.7047699E-02
   1.5424556E+03   1.2400000E+02   1.2300000E+02   2.4285539E-02   2.4482919E-02
   1.5424631E+03   1.1000000E+02   1.0800000E+02   1.0014520E-02   1.0199883E-02
   1.5424706E+03   1.2600000E+02   1.2400000E+02   2.3487147E-02   2.3866043E-02
   1.5424781E+03   1.1900000E+02   1.1800000E+02   8.3394574E-03   8.4101468E-03
   1.5424857E+03   1.2700000E+02   1.2300000E+02   7.2017453E-03   7.4338688E-03
   1.5424932E+03   1.4200000E+02   1.3400000E+02   1.0497458E-02   1.1121521E-02
   1.5425007E+03   1.3200000E+02   1.3100000E+02   2.0174369E-02   2.0328277E-02
   1.5425083E+03   1.1500000E+02   1.1200000E+02   1.5762983E-02   1.6185124E-02
   1.5425158E+03   1.0900000E+02   1.0500000E+02   4.6712359E-02   4.8492143E-02
   1.5425233E+03   1.2300000E+02   1.2100000E+02   9.5548917E-03   9.7127185E-03
   1.5425308E+03   1.3000000E+02   1.2800000E+02   1.5027195E-02   1.5262041E-02
   1.5425384E+03   1.2800000E+02   1.2800000E+02   7.5375148E-03   7.5375148E-03
   1.5425459E+03   1.4400000E+02   1.4000000E+02   9.3399533E-03   9.6067715E-03
   1.5425534E+03   1.3500000E+02   1.3400000E+02   2.0993874E-02   2.1150489E-02
   1.5425610E+03   1.1600000E+02   1.1400000E+02   3.2546108E-03   3.3118202E-03
   1.5425685E+03   1.3300000E+02   1.3200000E+02   1.4663301E-02   1.4774390E-02
   1.5425760E+03   1.0800000E+02   1.0800000E+02   1.2112074E-02   1.2112074E-02
   1.5425835E+03   1.3800000E+02   1.3600000E+02   1.6816303E-02   1.7063660E-02
   1.5425911E+03   1.3700000E+02   1.3600000E+02   9.4526951E-03   9.5217511E-03
   1.5425986E+03   1.2700000E+02   1.2700000E+02   3.8320586E-02   3.8320586E-02
   1.5426061E+03   1.2200000E+02   1.2000000E+02   1.4300985E-02   1.4539294E-02
   1.5426137E+03   1.2500000E+02   1.2400000E+02   1.1464842E-02   1.1557285E-02
   1.5426212E+03   1.3400000E+02   1.2900000E+02   1.5527971E-02   1.6131004E-02
   1.5426287E+03   1.3700000E+02   1.3400000E+02   7.9821458E-03   8.1608447E-03
   1.5426362E+03   1.4400000E+02   1.3900000E+02   2.5869375E-02   2.6799914E-02
   1.5426438E+03   1.3700000E+02   1.3400000E+02   1.2866146E-02   1.3154255E-02
   1.5426513E+03   1.4200000E+02   1.3800000E+02   9.5301858E-03   9.8064456E-03
   1.5426588E+03   1.2900000E+02   1.2400000E+02   6.7727277E-03   7.0460999E-03
   1.5426664E+03   1.3500000E+02   1.3200000E+02   1.4826442E-02   1.5163371E-02
   1.5426739E+03   1.4200000E+02   1.3800000E+02   2.0119619E-02   2.0703405E-02
   1.5426814E+03   1.4900000E+02   1.4600000E+02   2.5935438E-02   2.6468894E-02
   1.5426889E+03   1.4100000E+02   1.3700000E+02   1.7301766E-02   1.7807185E-02
   1.5426965E+03   1.2300000E+02   1.2300000E+02   1.0616171E-02   1.0616171E-02
   1.5427040E+03   1.4700000E+02   1.4300000E+02   1.3013472E-02   1.3377524E-02
   1.5427115E+03   1.3300000E+02   1.2800000E+02   1.6929019E-02   1.7595738E-02
   1.5427191E+03   1.3200000E+02   1.2800000E+02   1.0420523E-02   1.0746308E-02
   1.5427266E+03   1.2400000E+02   1.2300000E+02   1.6652465E-02   1.6787793E-02
   1.5427341E+03   1.3900000E+02   1.3400000E+02   2.7346779E-02   2.8367403E-02
   1.5427416E+03   1.3800000E+02   1.3300000E+02   1.4539953E-02   1.5086553E-02
   1.5427492E+03   1.1600000E+02   1.1300000E+02   4.9127256E-03   5.0432375E-03
   1.5427567E+03   1.1600000E+02   1.1200000E+02   2.6733098E-02   2.7686510E-02
   1.5427642E+03   1.1600000E+02   1.1400000E+02   9.4238812E-03   9.5885047E-03
   1.5427718E+03   1.3400000E+02   1.3300000E+02   2.1398882E-02   2.1559779E-02
   1.5427793E+03   1.2100000E+02   1.1700000E+02   6.0426046E-03   6.2493707E-03
   1.5427868E+03   1.2300000E+02   1.2200000E+02   1.8218356E-02   1.8367748E-02
   1.5427943E+03   1.3300000E+02   1.3300000E+02   1.2043202E-02   1.2043202E-02
   1.5428019E+03   1.3000000E+02   1.2600000E+02   3.6092849E-02   3.7238520E-02
   1.5428094E+03   1.2400000E+02   1.2100000E+02   1.1227560E-02   1.1505996E-02
   1.5428169E+03   1.5500000E+02   1.5100000E+02   1.2175543E-02   1.2497680E-02
   1.5428245E+03   1.4500000E+02   1.4300000E+02   1.5517027E-02   1.5729143E-02
   1.5428320E+03   1.2900000E+02   1.2600000E+02   2.8429230E-02   2.9106190E-02
   1.5428395E+03   1.2200000E+02   1.1800000E+02   2.2165987E-02   2.2917206E-02
   1.5428470E+03   1.3500000E+02   1.3200000E+02   1.0766010E-02   1.1010775E-02
   1.5428546E+03   1.4900000E+02   1.4600000E+02   1.6182306E-02   1.6514782E-02
   1.5428621E+03   1.4200000E+02   1.4000000E+02   1.7267795E-02   1.7514514E-02
   1.5428696E+03   1.5400000E+02   1.5000000E+02   6.3960325E-03   6.5660432E-03
   1.5428772E+03   1.5900000E+02   1.5700000E+02   1.9046532E-02   1.9289174E-02
   1.5428847E+03   1.2500000E+02   1.2200000E+02   8.6182090E-03   8.8301569E-03
   1.5428922E+03   1.3000000E+02   1.2800000E+02   2.8893850E-02   2.9344213E-02
   1.5428997E+03   1.2700000E+02   1.2500000E+02   1.3693313E-02   1.3912492E-02
   1.5429073E+03   1.3500000E+02   1.3400000E+02   1.1416040E-02   1.1501257E-02
   1.5429148E+03   1.3300000E+02   1.3100000E+02   1.3218014E-02   1.3419719E-02
   1.5429223E+03   1.3300000E+02   1.3200000E+02   1.3824557E-02   1.3929558E-02
   1.5429298E+03   1.3800000E+02   1.3600000E+02   8.5860978E-03   8.7123336E-03
   1.5429374E+03   1.0200000E+02   1.0200000E+02   1.4904382E-02   1.4904382E-02
   1.5429449E+03   1.5500000E+02   1.5100000E+02   2.4577104E-02   2.5231011E-02
   1.5429524E+03   1.4600000E+02   1.4200000E+02   1.9066654E-02   1.9605168E-02
   1.5429600E+03   1.3200000E+02   1.2800000E+02   2.1142578E-03   2.1803776E-03
   1.5429675E+03   1.4700000E+02   1.4100000E+02   3.2683911E-02   3.4074661E-02
   1.5429750E+03   1.4000000E+02   1.3500000E+02   2.7061115E-02   2.8063401E-02
   1.5429825E+03   1.6200000E+02   1.5900000E+02   2.5258557E-02   2.5735098E-02
   1.5429901E+03   1.4800000E+02   1.4700000E+02   2.9832697E-02   3.0035660E-02
   1.5429976E+03   1.3400000E+02   1.3300000E+02   1.3227849E-02   1.3327305E-02
   1.5430051E+03   1.2400000E+02   1.2300000E+02   1.8830298E-02   1.8983379E-02
   1.5430127E+03   1.6300000E+02   1.6100000E+02   4.7013876E-03   4.7598139E-03
   1.5430202E+03   1.5600000E+02   1.4900000E+02   2.0090373E-02   2.1036142E-02
   1.5430277E+03   1.6300000E+02   1.6000000E+02   3.0188602E-02   3.0754830E-02
   1.5430352E+03   1.3100000E+02   1.2500000E+02   8.7941977E-03   9.2163285E-03
   1.5430428E+03   1.6200000E+02   1.5800000E+02   2.5796294E-02   2.6449313E-02
   1.5430503E+03   1.2400000E+02   1.2100000E+02   1.9403607E-02   1.9884656E-02
   1.5430578E+03   1.3900000E+02   1.3600000E+02   2.0360061E-03   2.0811176E-03
   1.5430654E+03   1.3300000E+02   1.2800000E+02   1.9361672E-03   2.0118879E-03
   1.5430729E+03   1.6400000E+02   1.5900000E+02   1.9316038E-02   1.9923285E-02
   1.5430804E+03   1.2100000E+02   1.2100000E+02   2.2865037E-02   2.2865037E-02
   1.5430879E+03   1.5700000E+02   1.5600000E+02   1.4249268E-02   1.4340591E-02
   1.5430955E+03   1.4300000E+02   1.3900000E+02   1.6724892E-02   1.7206242E-02
   1.5431030E+03   1.3900000E+02   1.3500000E+02   1.4160287E-02   1.4579833E-02
   1.5431105E+03   1.4600000E+02   1.4400000E+02   1.2497764E-02   1.2671407E-02
   1.5431181E+03   1.6000000E+02   1.5600000E+02   9.5629710E-03   9.8083243E-03
   1.5431256E+03   1.4200000E+02   1.3900000E+02   2.1154113E-02   2.1611069E-02
   1.5431331E+03   1.4700000E+02   1.4500000E+02   1.9864811E-02   2.0138775E-02
   1.5431406E+03   1.3600000E+02   1.3400000E+02   3.6041703E-02   3.6579623E-02
   1.5431482E+03   1.4700000E+02   1.4300000E+02   1.1657578E-02   1.1983405E-02
   1.5431557E+03   1.5000000E+02   1.4600000E+02   2.7122220E-03   2.7866557E-03
   1.5431632E+03   1.6000000E+02   1.5800000E+02   1.8143164E-02   1.8373611E-02
   1.5431708E+03   1.5800000E+02   1.5600000E+02   1.9157154E-02   1.9402760E-02
   1.5431783E+03   1.5600000E+02   1.5400000E+02   1.6237160E-02   1.6448268E-02
   1.5431858E+03   1.5100000E+02   1.4600000E+02   8.1879765E-03   8.4682445E-03
   1.5431933E+03   1.5100000E+02   1.4800000E+02   1.0461034E-02   1.0672867E-02
   1.5432009E+03   1.4400000E+02   1.3800000E+02   1.4296810E-02   1.4918509E-02
   1.5432084E+03   1.5400000E+02   1.5300000E+02   5.6456890E-03   5.6825886E-03
   1.5432159E+03   1.6400000E+02   1.6300000E+02   5.6151400E-03   5.6495590E-03
   1.5432235E+03   1.3700000E+02   1.3500000E+02   1.8759195E-02   1.9035679E-02
   1.5432310E+03   1.4800000E+02   1.3800000E+02   7.9822969E-03   8.5566070E-03
   1.5432385E+03   1.4900000E+02   1.4600000E+02   1.4724803E-02   1.5027352E-02
   1.5432460E+03   1.5500000E+02   1.5200000E+02   8.2812530E-03   8.4446943E-03
   1.5432536E+03   1.4500000E+02   1.4500000E+02   4.1048166E-02   4.1048166E-02
   1.5432611E+03   1.6000000E+02   1.5600000E+02   1.5349342E-02   1.5742661E-02
   1.5432686E+03   1.5800000E+02   1.5400000E+02   4.6937861E-03   4.8157249E-03
   1.5432762E+03   1.5300000E+02   1.4700000E+02   1.3323162E-02   1.3867082E-02
   1.5432837E+03   1.4800000E+02   1.4600000E+02   8.0744524E-03   8.1850762E-03
   1.5432912E+03   1.6500000E+02   1.6200000E+02   4.4494158E-03   4.5317887E-03
   1.5432987E+03   1.6100000E+02   1.5600000E+02   8.1650901E-03   8.4265825E-03
   1.5433063E+03   1.4200000E+02   1.3700000E+02   2.0058061E-03   2.0791376E-03
   1.5433138E+03   1.7500000E+02   1.6800000E+02   1.3907052E-03   1.4490432E-03
   1.5433213E+03   1.8200000E+02   1.7700000E+02   1.4451517E-02   1.4860393E-02
   1.5433289E+03   1.5500000E+02   1.5100000E+02   1.5507415E-02   1.5918128E-02
   1.5433364E+03   1.4000000E+02   1.3700000E+02   7.3946508E-03   7.5566129E-03
   1.5433439E+03   1.4500000E+02   1.4000000E+02   1.3568221E-02   1.4052582E-02
   1.5433514E+03   1.5600000E+02   1.5200000E+02   1.0482011E-02   1.0758336E-02
   1.5433590E+03   1.4600000E+02   1.4300000E+02   1.3667109E-02   1.3953788E-02
   1.5433665E+03   1.6800000E+02   1.6500000E+02   4.1855338E-02   4.2616391E-02
   1.5433740E+03   1.8600000E+02   1.8100000E+02   1.2342336E-02   1.2683358E-02
   1.5433815E+03   1.7300000E+02   1.6900000E+02   1.8888303E-02   1.9334863E-02
   1.5433891E+03   1.5300000E+02   1.5300000E+02   1.1793490E-02   1.1793490E-02
   1.5433966E+03   1.3800000E+02   1.3700000E+02   5.6495728E-03   5.6907496E-03
   1.5434041E+03   1.4700000E+02   1.4400000E+02   1.5223263E-02   1.5540544E-02
   1.5434117E+03   1.7900000E+02   1.6900000E+02   9.7450400E-03   1.0321017E-02
   1.5434192E+03   1.6500000E+02   1.5900000E+02   1.5795435E-02   1.6391598E-02
   1.5434267E+03   1.4500000E+02   1.3900000E+02   2.7676777E-02   2.8871768E-02
   1.5434342E+03   1.6800000E+02   1.6600000E+02   1.1682643E-02   1.1823196E-02
   1.5434418E+03   1.6100000E+02   1.5500000E+02   1.0047795E-02   1.0436530E-02
   1.5434493E+03   1.5000000E+02   1.4400000E+02   5.0162583E-03   5.2252647E-03
   1.5434568E+03   1.4800000E+02   1.4400000E+02   7.2797100E-03   7.4822419E-03
   1.5434644E+03   1.5300000E+02   1.5000000E+02   2.2807290E-02   2.3263448E-02
   1.5434719E+03   1.6700000E+02   1.6200000E+02   7.9338134E-03   8.1777673E-03
   1.5434794E+03   1.5700000E+02   1.5400000E+02   7.4530182E-03   7.5982056E-03
   1.5434869E+03   1.5200000E+02   1.4900000E+02   1.0199160E-02   1.0404541E-02
   1.5434945E+03   1.6100000E+02   1.5800000E+02   1.0985299E-02   1.1193810E-02
   1.5435020E+03   1.4300000E+02   1.4000000E+02   3.2388403E-02   3.3082433E-02
   1.5435095E+03   1.6600000E+02   1.6300000E+02   8.4502283E-03   8.6052936E-03
   1.5435171E+03   1.7400000E+02   1.6700000E+02   5.2217405E-03   5.4405945E-03
   1.5435246E+03   1.6100000E+02   1.5800000E+02   2.0318132E-02   2.0704005E-02
   1.5435321E+03   1.5300000E+02   1.5100000E+02   8.7998534E-03   8.9164163E-03
   1.5435396E+03   1.7800000E+02   1.7700000E+02   1.0071299E-02   1.0128203E-02
   1.5435472E+03   1.5900000E+02   1.5700000E+02   6.1344403E-03   6.2125946E-03
   1.5435547E+03   1.7000000E+02   1.6800000E+02   2.1925472E-02   2.2186820E-02
   1.5435622E+03   1.4600000E+02   1.4500000E+02   1.7109084E-02   1.7227051E-02
   1.5435698E+03   1.4900000E+02   1.4600000E+02   1.3137034E-02   1.3406905E-02
   1.5435773E+03   1.6000000E+02   1.5500000E+02   9.7742683E-03   1.0089275E-02
   1.5435848E+03   1.4000000E+02   1.3800000E+02   2.2981528E-02   2.3314610E-02
   1.5435923E+03   1.8000000E+02   1.7600000E+02   1.7801938E-02   1.8206532E-02
   1.5435999E+03   1.6200000E+02   1.5600000E+02   2.4480633E-02   2.5422429E-02
   1.5436074E+03   1.8100000E+02   1.7900000E+02   1.2401628E-03   1.2540277E-03
   1.5436149E+03   1.7100000E+02   1.6800000E+02   1.1665588E-02   1.1873847E-02
   1.5436225E+03   1.7600000E+02   1.7200000E+02   2.8200765E-03   2.8854133E-03
   1.5436300E+03   1.6500000E+02   1.6000000E+02   2.7827920E-03   2.8696995E-03
   1.5436375E+03   1.5100000E+02   1.4800000E+02   1.5369222E-02   1.5684434E-02
   1.5436450E+03   1.6700000E+02   1.6500000E+02   9.1649423E-03   9.2760411E-03
   1.5436526E+03   1.8900000E+02   1.8700000E+02   9.8336230E-03   9.9392909E-03
   1.5436601E+03   1.5100000E+02   1.4900000E+02   3.6834059E-03   3.7328537E-03
   1.5436676E+03   1.7100000E+02   1.7000000E+02   1.4912833E-02   1.5000702E-02
   1.5436752E+03   1.6000000E+02   1.5600000E+02   1.1328279E-02   1.1618760E-02
   1.5436827E+03   1.5800000E+02   1.5500000E+02   5.8814536E-03   5.9952960E-03
   1.5436902E+03   1.5000000E+02   1.4500000E+02   1.7355670E-02   1.7954207E-02
   1.5436977E+03   1.4900000E+02   1.4600000E+02   6.2205502E-03   6.3479293E-03
   1.5437053E+03   1.8800000E+02   1.8100000E+02   1.1934258E-02   1.2393194E-02
   1.5437128E+03   1.9100000E+02   1.8800000E+02   1.6290874E-02   1.6550536E-02
   1.5437203E+03   1.7200000E+02   1.7100000E+02   2.0514271E-03   2.0634227E-03
   1.5437279E+03   1.6100000E+02   1.5700000E+02   1.9443521E-02   1.9939428E-02
   1.5437354E+03   1.7800000E+02   1.7300000E+02   2.0111740E-02   2.0692906E-02
   1.5437429E+03   1.7900000E+02   1.7900000E+02   9.9200600E-03   9.9200600E-03
   1.5437504E+03   1.7500000E+02   1.7200000E+02   1.1130539E-02   1.1324789E-02
   1.5437580E+03   1.6500000E+02   1.5800000E+02   1.1141151E-02   1.1634818E-02
   1.5437655E+03   2.0200000E+02   1.9700000E+02   3.3981138E-03   3.4845189E-03
   1.5437730E+03   1.6000000E+02   1.5600000E+02   1.1286515E-02   1.1576012E-02
   1.5437806E+03   1.5000000E+02   1.4900000E+02   6.7605903E-03   6.8059611E-03
   1.5437881E+03   1.6400000E+02   1.6100000E+02   6.8396157E-03   6.9669758E-03
   1.5437956E+03   1.7800000E+02   1.7500000E+02   1.0045853E-02   1.0218458E-02
   1.5438031E+03   1.9600000E+02   1.9300000E+02   7.6562382E-03   7.7753115E-03
   1.5438107E+03   1.7500000E+02   1.7000000E+02   1.8793829E-02   1.9346581E-02
   1.5438182E+03   1.7500000E+02   1.7200000E+02   4.8257385E-03   4.9100025E-03
   1.5438257E+03   1.6000000E+02   1.5800000E+02   1.7672255E-02   1.7895876E-02
   1.5438332E+03   1.9200000E+02   1.8800000E+02   1.0189277E-02   1.0405936E-02
   1.5438408E+03   1.4900000E+02   1.4500000E+02   8.7329080E-03   8.9733877E-03
   1.5438483E+03   1.7400000E+02   1.7000000E+02   2.4927449E-03   2.5515059E-03
   1.5438558E+03   1.8400000E+02   1.7900000E+02   7.5890136E-03   7.8008991E-03
   1.5438634E+03   1.7100000E+02   1.6400000E+02   1.5081821E-02   1.5725656E-02
   1.5438709E+03   1.8100000E+02   1.7800000E+02   4.4206687E-03   4.4951579E-03
   1.5438784E+03   1.7500000E+02   1.7300000E+02   5.8754099E-03   5.9433019E-03
   1.5438859E+03   1.7400000E+02   1.7100000E+02   8.7058807E-03   8.8587344E-03
   1.5438935E+03   1.9600000E+02   1.9200000E+02   9.7346073E-03   9.9377148E-03
   1.5439010E+03   1.6700000E+02   1.6400000E+02   1.1080198E-02   1.1282753E-02
   1.5439085E+03   1.7800000E+02   1.7500000E+02   1.5234664E-02   1.5495920E-02
   1.5439161E+03   1.8300000E+02   1.8000000E+02   5.0563760E-03   5.1406621E-03
   1.5439236E+03   1.8400000E+02   1.8000000E+02   1.6363150E-02   1.6726788E-02
   1.5439311E+03   1.6000000E+02   1.5900000E+02   1.3437159E-02   1.3521795E-02
   1.5439386E+03   1.8100000E+02   1.7900000E+02   7.5813471E-03   7.6660917E-03
   1.5439462E+03   2.0300000E+02   1.9800000E+02   1.7787277E-02   1.8236476E-02
   1.5439537E+03   1.7600000E+02   1.7000000E+02   6.5537152E-03   6.7848118E-03
   1.5439612E+03   1.7900000E+02   1.7400000E+02   8.4623646E-03   8.7056695E-03
   1.5439688E+03   1.7100000E+02   1.7000000E+02   1.1212230E-02   1.1278079E-02
   1.5439763E+03   1.7900000E+02   1.7600000E+02   2.2714516E-02   2.3101714E-02
   1.5439838E+03   2.0300000E+02   1.9700000E+02   1.1786129E-02   1.2145088E-02
   1.5439913E+03   1.7800000E+02   1.7400000E+02   8.1365132E-03   8.3235547E-03
   1.5439989E+03   1.6000000E+02   1.5800000E+02   1.0632585E-02   1.0767229E-02
   1.5440064E+03   1.7400000E+02   1.6800000E+02   1.4297416E-02   1.4808654E-02
   1.5440139E+03   1.8500000E+02   1.7900000E+02   5.1409547E-03   5.3134938E-03
   1.5440215E+03   2.1000000E+02   2.0400000E+02   1.3157656E-02   1.3544598E-02
   1.5440290E+03   1.8700000E+02   1.8300000E+02   1.2273965E-02   1.2542342E-02
   1.5440365E+03   1.6600000E+02   1.6200000E+02   1.0891663E-02   1.1160686E-02
   1.5440440E+03   1.7500000E+02   1.7100000E+02   3.4928466E-03   3.5743768E-03
   1.5440516E+03   2.1500000E+02   2.1300000E+02   1.5516007E-02   1.5661548E-02
   1.5440591E+03   1.6800000E+02   1.6500000E+02   1.9964096E-03   2.0326873E-03
   1.5440666E+03   2.0000000E+02   1.9400000E+02   9.6820211E-03   9.9813063E-03
   1.5440742E+03   1.9900000E+02   1.9600000E+02   1.0792683E-02   1.0957873E-02
   1.5440817E+03   1.9100000E+02   1.8300000E+02   9.1061688E-03   9.5035934E-03
   1.5440892E+03   1.8800000E+02   1.8500000E+02   1.7813951E-02   1.8101914E-02
   1.5440967E+03   1.9300000E+02   1.8900000E+02   5.4553303E-03   5.5708163E-03
   1.5441043E+03   1.7900000E+02   1.7100000E+02   4.5549950E-03   4.7681307E-03
   1.5441118E+03   2.0700000E+02   2.0600000E+02   6.5324785E-03   6.5641590E-03
   1.5441193E+03   1.7800000E+02   1.7600000E+02   8.9128012E-03   9.0143162E-03
   1.5441269E+03   2.0200000E+02   1.9700000E+02   1.0293080E-02   1.0554003E-02
   1.5441344E+03   1.7700000E+02   1.7600000E+02   1.1616442E-02   1.1682102E-02
   1.5441419E+03   1.9800000E+02   1.9400000E+02   7.0191777E-03   7.1649206E-03
   1.5441494E+03   1.8000000E+02   1.7600000E+02   1.0108805E-02   1.0338323E-02
   1.5441570E+03   1.8300000E+02   1.8000000E+02   7.5294876E-03   7.6554644E-03
   1.5441645E+03   1.9200000E+02   1.8400000E+02   8.5463167E-03   8.9182523E-03
   1.5441720E+03   1.9600000E+02   1.9200000E+02   1.1214504E-02   1.1441040E-02
   1.5441796E+03   1.7200000E+02   1.6900000E+02   7.3822309E-03   7.5131641E-03
   1.5441871E+03   1.7700000E+02   1.7200000E+02   9.2712091E-03   9.5407160E-03
   1.5441946E+03   1.9000000E+02   1.8700000E+02   1.2580354E-02   1.2781994E-02
   1.5442021E+03   1.9600000E+02   1.8700000E+02   7.0711897E-03   7.4106758E-03
   1.5442097E+03   1.9700000E+02   1.9100000E+02   1.0484569E-02   1.0813663E-02
   1.5442172E+03   1.9800000E+02   1.9200000E+02   1.1847177E-02   1.2217404E-02
   1.5442247E+03   1.9400000E+02   1.9000000E+02   2.5994233E-03   2.6541270E-03
   1.5442323E+03   2.2400000E+02   2.1600000E+02   2.4107414E-03   2.4999818E-03
   1.5442398E+03   1.9600000E+02   1.9300000E+02   1.1014023E-02   1.1183075E-02
   1.5442473E+03   1.9800000E+02   1.9300000E+02   1.0757693E-02   1.1036455E-02
   1.5442548E+03   1.6300000E+02   1.5600000E+02   2.6938017E-02   2.8147167E-02
   1.5442624E+03   1.7200000E+02   1.6800000E+02   1.3264013E-02   1.3579729E-02
   1.5442699E+03   1.8600000E+02   1.8400000E+02   1.1700538E-03   1.1827840E-03
   1.5442774E+03   1.7900000E+02   1.7500000E+02   4.7930585E-03   4.9022652E-03
   1.5442849E+03   1.9400000E+02   1.8800000E+02   1.3638441E-02   1.4073044E-02
   1.5442925E+03   1.9100000E+02   1.8800000E+02   8.6551064E-03   8.7931112E-03
   1.5443000E+03   2.0700000E+02   2.0100000E+02   8.6576582E-03   8.9162026E-03
   1.5443075E+03   2.1700000E+02   2.1300000E+02   2.8623105E-03   2.9161139E-03
   1.5443151E+03   1.9200000E+02   1.8700000E+02   1.4235433E-02   1.4616078E-02
   1.5443226E+03   2.0600000E+02   2.0100000E+02   1.4556519E-02   1.4918189E-02
   1.5443301E+03   2.0500000E+02   1.9700000E+02   9.6233044E-03   1.0014539E-02
   1.5443376E+03   2.0300000E+02   1.9800000E+02   3.9791007E-03   4.0795503E-03
   1.5443452E+03   1.9600000E+02   1.9200000E+02   1.6227236E-02   1.6565265E-02
   1.5443527E+03   2.0100000E+02   1.9800000E+02   9.6021076E-03   9.7476486E-03
   1.5443602E+03   1.9400000E+02   1.8900000E+02   2.5671300E-02   2.6349963E-02
   1.5443678E+03   1.9400000E+02   1.8700000E+02   1.8636964E-02   1.9334707E-02
   1.5443753E+03   1.8600000E+02   1.8400000E+02   8.7995073E-03   8.8951269E-03
   1.5443828E+03   2.0400000E+02   1.9900000E+02   1.2437729E-02   1.2750256E-02
   1.5443903E+03   1.7600000E+02   1.7200000E+02   1.5304066E-02   1.5659968E-02
   1.5443979E+03   2.2100000E+02   2.1400000E+02   8.6731798E-03   8.9568311E-03
   1.5444054E+03   2.1300000E+02   2.1000000E+02   5.8015581E-03   5.8844672E-03
   1.5444129E+03   1.9100000E+02   1.8300000E+02   7.1170071E-03   7.4281598E-03
   1.5444205E+03   1.9300000E+02   1.9100000E+02   8.1884778E-03   8.2732761E-03
   1.5444280E+03   1.9700000E+02   1.9100000E+02   1.8159251E-02   1.8729836E-02
   1.5444355E+03   1.8300000E+02   1.7900000E+02   3.2371663E-03   3.3095352E-03
   1.5444430E+03   1.9300000E+02   1.8600000E+02   5.2136202E-03   5.4098476E-03
   1.5444506E+03   2.1500000E+02   2.0900000E+02   6.1287690E-03   6.3037535E-03
   1.5444581E+03   2.2400000E+02   2.1900000E+02   1.1655171E-02   1.1921311E-02
   1.5444656E+03   2.1500000E+02   2.1300000E+02   1.4463067E-02   1.4597418E-02
   1.5444732E+03   2.0300000E+02   1.9800000E+02   7.2061241E-03   7.3878683E-03
   1.5444807E+03   2.2600000E+02   2.1800000E+02   2.4638813E-03   2.5545301E-03
   1.5444882E+03   2.2500000E+02   2.1900000E+02   6.2255347E-03   6.3944852E-03
   1.5444957E+03   2.4800000E+02   2.4300000E+02   8.6233571E-04   8.8019363E-04
   1.5445033E+03   1.8900000E+02   1.8300000E+02   3.0292840E-03   3.1314521E-03
   1.5445108E+03   1.9800000E+02   1.9500000E+02   1.4663566E-02   1.4889122E-02
   1.5445183E+03   1.8300000E+02   1.7800000E+02   5.2619336E-03   5.4101324E-03
   1.5445259E+03   2.0500000E+02   2.0000000E+02   1.3460711E-02   1.3797384E-02
   1.5445334E+03   2.1800000E+02   2.1100000E+02   1.4708854E-03   1.5195478E-03
   1.5445409E+03   1.9100000E+02   1.8500000E+02   2.4495409E-02   2.5289231E-02
   1.5445484E+03   2.1400000E+02   2.0800000E+02   1.4837499E-02   1.5265591E-02
   1.5445560E+03   2.1900000E+02   2.1300000E+02   1.4263268E-02   1.4664803E-02
   1.5445635E+03   2.1900000E+02   2.0900000E+02   1.8771923E-03   1.9537152E-03
   1.5445710E+03   2.2800000E+02   2.2000000E+02   1.0555299E-02   1.0938143E-02
   1.5445786E+03   2.3000000E+02   2.2600000E+02   6.2336795E-03   6.3438908E-03
   1.5445861E+03   1.9800000E+02   1.9100000E+02   1.3288541E-02   1.3775630E-02
   1.5445936E+03   2.0500000E+02   2.0300000E+02   8.4824706E-03   8.5659880E-03
   1.5446011E+03   2.0900000E+02   2.0600000E+02   8.7438070E-03   8.8711037E-03
   1.5446087E+03   2.2900000E+02   2.2500000E+02   4.1586324E-03   4.2325238E-03
   1.5446162E+03   2.0100000E+02   2.0000000E+02   6.2837542E-03   6.3151672E-03
   1.5446237E+03   2.0700000E+02   2.0300000E+02   5.4458526E-03   5.5532851E-03
   1.5446313E+03   2.4700000E+02   2.4300000E+02   1.2035404E-02   1.2233498E-02
   1.5446388E+03   1.8900000E+02   1.8400000E+02   5.1061136E-03   5.2449831E-03
   1.5446463E+03   2.2300000E+02   2.2000000E+02   1.6224447E-02   1.6445705E-02
   1.5446538E+03   2.2600000E+02   2.1900000E+02   1.4465652E-02   1.4927304E-02
   1.5446614E+03   2.0500000E+02   1.9900000E+02   6.0869490E-03   6.2702169E-03
   1.5446689E+03   1.9300000E+02   1.8800000E+02   7.0216360E-03   7.2084750E-03
   1.5446764E+03   2.4800000E+02   2.4000000E+02   9.2547220E-03   9.5629164E-03
   1.5446840E+03   2.1300000E+02   2.0900000E+02   4.7582940E-03   4.8494369E-03
   1.5446915E+03   2.0700000E+02   2.0200000E+02   2.2705858E-02   2.3267864E-02
   1.5446990E+03   2.0000000E+02   1.9900000E+02   3.5265143E-03   3.5442311E-03
   1.5447065E+03   2.3500000E+02   2.3200000E+02   8.4335141E-03   8.5425018E-03
   1.5447141E+03   2.1000000E+02   2.0600000E+02   1.0048206E-02   1.0242653E-02
   1.5447216E+03   2.3000000E+02   2.2600000E+02   7.5942794E-03   7.7289484E-03
   1.5447291E+03   2.1600000E+02   2.1000000E+02   8.7090670E-03   8.9579463E-03
   1.5447366E+03   2.1100000E+02   2.1100000E+02   5.7640428E-03   5.7640428E-03
   1.5447442E+03   1.9600000E+02   1.8900000E+02   6.0479833E-03   6.2986375E-03
   1.5447517E+03   2.1500000E+02   2.1000000E+02   1.3020761E-02   1.3330868E-02
   1.5447592E+03   2.1200000E+02   2.0700000E+02   9.5904493E-03   9.8221060E-03
   1.5447668E+03   2.3300000E+02   2.2900000E+02   2.9082476E-03   2.9589396E-03
   1.5447743E+03   2.2200000E+02   2.1700000E+02   5.4818690E-03   5.6089215E-03
   1.5447818E+03   2.5900000E+02   2.5500000E+02   9.3790102E-03   9.5260965E-03
   1.5447893E+03   2.2800000E+02   2.2200000E+02   6.8252675E-03   7.0096738E-03
   1.5447969E+03   2.5000000E+02   2.4300000E+02   5.8718062E-03   6.0410200E-03
   1.5448044E+03   2.0900000E+02   2.0500000E+02   7.4865299E-03   7.6325946E-03
   1.5448119E+03   2.2300000E+02   2.1800000E+02   1.0543162E-02   1.0785031E-02
   1.5448195E+03   2.1500000E+02   2.1100000E+02   7.6732887E-03   7.8188820E-03
   1.5448270E+03   2.4100000E+02   2.3100000E+02   4.9620790E-03   5.1768565E-03
   1.5448345E+03   2.3100000E+02   2.2600000E+02   2.4693305E-03   2.5233248E-03
   1.5448420E+03   2.4900000E+02   2.4200000E+02   7.7950917E-03   8.0226886E-03
   1.5448496E+03   2.3300000E+02   2.2800000E+02   8.2903207E-03   8.4721179E-03
   1.5448571E+03   2.5500000E+02   2.4900000E+02   3.7250524E-03   3.8148548E-03
   1.5448646E+03   2.2000000E+02   2.1900000E+02   2.0584543E-03   2.0679010E-03
   1.5448722E+03   2.2100000E+02   2.1600000E+02   6.5948935E-03   6.7465375E-03
   1.5448797E+03   2.3300000E+02   2.3100000E+02   8.8856029E-03   8.9624395E-03
   1.5448872E+03   2.4900000E+02   2.4500000E+02   6.6911564E-03   6.8005004E-03
   1.5448947E+03   2.3100000E+02   2.2500000E+02   4.7793571E-03   4.9067675E-03
   1.5449023E+03   2.4400000E+02   2.3500000E+02   1.1019146E-02   1.1441035E-02
   1.5449098E+03   2.2200000E+02   2.1900000E+02   8.6966076E-03   8.8158990E-03
   1.5449173E+03   2.2600000E+02   2.1600000E+02   7.5974541E-03   7.9489663E-03
   1.5449249E+03   2.0300000E+02   2.0200000E+02   9.5295773E-03   9.5767528E-03
   1.5449324E+03   2.3100000E+02   2.2600000E+02   4.9866114E-03   5.0972686E-03
   1.5449399E+03   2.2200000E+02   2.1700000E+02   9.4768396E-03   9.6951779E-03
   1.5449474E+03   2.2500000E+02   2.1400000E+02   6.8593724E-03   7.8414080E-03
   1.5449550E+03   2.2500000E+02   2.2100000E+02   7.1623984E-03   7.2920497E-03
   1.5449625E+03   2.3200000E+02   2.2600000E+02   1.9937084E-03   2.0465457E-03
   1.5449700E+03   2.3300000E+02   2.2500000E+02   7.2886313E-03   7.5477444E-03
   1.5449776E+03   2.5000000E+02   2.4500000E+02   9.4185007E-03   9.6105808E-03
   1.5449851E+03   2.2900000E+02   2.2400000E+02   7.1565013E-03   7.3160405E-03
   1.5449926E+03   2.4400000E+02   2.3900000E+02   2.8364330E-03   2.8958543E-03
   1.5450001E+03   2.4900000E+02   2.4500000E+02   4.6285273E-03   4.7039538E-03
   1.5450077E+03   2.3800000E+02   2.3100000E+02   6.0767821E-03   6.2608186E-03
   1.5450152E+03   2.1700000E+02   2.1200000E+02   9.8281610E-03   1.0059652E-02
   1.5450227E+03   2.3700000E+02   2.3200000E+02   5.5568771E-03   5.6766109E-03
   1.5450303E+03   2.4900000E+02   2.4600000E+02   3.0710281E-03   3.1084800E-03
   1.5450378E+03   2.1500000E+02   2.1100000E+02   6.3756602E-03   6.4964789E-03
   1.5450453E+03   2.5200000E+02   2.4500000E+02   1.0051612E-02   1.0337511E-02
   1.5450528E+03   2.7600000E+02   2.6900000E+02   3.9747452E-03   4.0781318E-03
   1.5450604E+03   2.5600000E+02   2.4800000E+02   8.5072865E-03   8.7859648E-03
   1.5450679E+03   2.5700000E+02   2.5300000E+02   3.0306389E-03   3.0785588E-03
   1.5450754E+03   2.6700000E+02   2.5900000E+02   1.1760353E-02   1.2123477E-02
   1.5450830E+03   2.2800000E+02   2.2200000E+02   8.2294002E-03   8.4517932E-03
   1.5450905E+03   2.4900000E+02   2.4400000E+02   1.2538792E-02   1.2795848E-02
   1.5450980E+03   2.4100000E+02   2.3600000E+02   5.8371905E-03   5.9607592E-03
   1.5451055E+03   2.3300000E+02   2.2800000E+02   1.5449764E-02   1.5788536E-02
   1.5451131E+03   2.4100000E+02   2.3800000E+02   4.8716574E-03   4.9330455E-03
   1.5451206E+03   2.4700000E+02   2.3900000E+02   8.3091030E-03   8.5872931E-03
   1.5451281E+03   2.6500000E+02   2.6200000E+02   6.8837705E-03   6.9625668E-03
   1.5451357E+03   2.5700000E+02   2.4700000E+02   3.4552644E-03   3.5952593E-03
   1.5451432E+03   2.5200000E+02   2.4500000E+02   7.2750611E-03   7.4830559E-03
   1.5451507E+03   2.3800000E+02   2.3100000E+02   3.5075141E-03   3.6134698E-03
   1.5451582E+03   2.5500000E+02   2.4600000E+02   1.3347729E-02   1.3952664E-02
   1.5451658E+03   2.3700000E+02   2.3500000E+02   8.7495757E-03   8.8240414E-03
   1.5451733E+03   2.4700000E+02   2.4100000E+02   4.4992334E-03   4.6133747E-03
   1.5451808E+03   2.6200000E+02   2.5800000E+02   7.6433749E-03   7.7621066E-03
   1.5451883E+03   2.3800000E+02   2.3100000E+02   1.2582831E-02   1.2964214E-02
   1.5451959E+03   2.5800000E+02   2.4900000E+02   9.8297154E-03   1.0185017E-02
   1.5452034E+03   2.4900000E+02   2.4500000E+02   4.9665446E-03   5.0476353E-03
   1.5452109E+03   2.3000000E+02   2.2400000E+02   5.1434398E-03   5.2811652E-03
   1.5452185E+03   2.4800000E+02   2.4300000E+02   4.3637055E-03   4.4530855E-03
   1.5452260E+03   2.5300000E+02   2.4500000E+02   3.5524719E-03   3.6678111E-03
   1.5452335E+03   2.3300000E+02   2.2200000E+02   5.5028978E-03   5.7752591E-03
   1.5452410E+03   2.4600000E+02   2.3800000E+02   1.2634497E-02   1.3059193E-02
   1.5452486E+03   2.6700000E+02   2.5100000E+02   5.8245242E-03   6.1955881E-03
   1.5452561E+03   2.4500000E+02   2.4000000E+02   3.5437684E-03   3.6176200E-03
   1.5452636E+03   2.3300000E+02   2.2700000E+02   4.5085687E-03   4.6277851E-03
   1.5452712E+03   2.3100000E+02   2.2700000E+02   6.5554257E-03   6.6721770E-03
   1.5452787E+03   2.6000000E+02   2.5100000E+02   2.2736803E-03   2.3547197E-03
   1.5452862E+03   2.8000000E+02   2.7200000E+02   1.3179259E-02   1.3566831E-02
   1.5452937E+03   2.3300000E+02   2.2900000E+02   3.5064901E-03   3.5677977E-03
   1.5453013E+03   2.6700000E+02   2.6000000E+02   9.9634300E-03   1.0231692E-02
   1.5453088E+03   2.6500000E+02   2.6200000E+02   8.6020395E-03   8.7005439E-03
   1.5453163E+03   2.6800000E+02   2.6000000E+02   9.2899928E-03   9.5760027E-03
   1.5453239E+03   2.4900000E+02   2.4500000E+02   7.8809381E-03   8.0094491E-03
   1.5453314E+03   2.4500000E+02   2.3600000E+02   4.2644906E-03   4.4270862E-03
   1.5453389E+03   2.5900000E+02   2.5100000E+02   2.0389479E-03   2.1039411E-03
   1.5453464E+03   2.5900000E+02   2.5000000E+02   6.4202025E-03   6.6519613E-03
   1.5453540E+03   2.6500000E+02   2.6100000E+02   7.6580528E-03   7.7754973E-03
   1.5453615E+03   2.6400000E+02   2.5700000E+02   9.3397718E-03   9.5939526E-03
   1.5453690E+03   2.8400000E+02   2.7400000E+02   6.1636980E-03   6.3889493E-03
   1.5453766E+03   2.7100000E+02   2.6200000E+02   4.1453673E-03   4.2876541E-03
   1.5453841E+03   2.6600000E+02   2.5800000E+02   1.0394203E-02   1.0716453E-02
   1.5453916E+03   2.6600000E+02   2.5600000E+02   5.9374679E-03   6.1693677E-03
   1.5453991E+03   2.4200000E+02   2.3400000E+02   1.0076936E-02   1.0421519E-02
   1.5454067E+03   2.6300000E+02   2.5600000E+02   1.1601427E-02   1.1923491E-02
   1.5454142E+03   2.8200000E+02   2.7400000E+02   9.8311634E-03   1.0118407E-02
   1.5454217E+03   2.7000000E+02   2.5900000E+02   7.6183630E-03   7.9416144E-03
   1.5454293E+03   2.7300000E+02   2.6200000E+02   1.4317633E-02   1.4919769E-02
   1.5454368E+03   2.3200000E+02   2.2600000E+02   4.9880298E-03   5.1204542E-03
   1.5454443E+03   2.5100000E+02   2.4300000E+02   7.8907823E-03   8.1502564E-03
   1.5454518E+03   2.6400000E+02   2.5500000E+02   7.0509246E-03   7.3001117E-03
   1.5454594E+03   2.4500000E+02   2.3300000E+02   7.2087493E-03   7.5800471E-03
   1.5454669E+03   2.6400000E+02   2.5800000E+02   1.3679288E-03   1.3982333E-03
   1.5454744E+03   2.7900000E+02   2.7600000E+02   7.4648821E-03   7.5460420E-03
   1.5454820E+03   2.8700000E+02   2.8100000E+02   5.9727545E-03   6.1003073E-03
   1.5454895E+03   2.6300000E+02   2.5600000E+02   1.5053765E-03   1.5466742E-03
   1.5454970E+03   2.5500000E+02   2.5400000E+02   1.0468460E-02   1.0509946E-02
   1.5455045E+03   2.7000000E+02   2.6600000E+02   3.6553788E-03   3.7103443E-03
   1.5455121E+03   2.5600000E+02   2.5000000E+02   7.1853466E-04   7.3595883E-04
   1.5455196E+03   2.7600000E+02   2.6700000E+02   1.0083565E-02   1.0460469E-02
   1.5455271E+03   2.4600000E+02   2.4300000E+02   7.0152620E-03   7.1018118E-03
   1.5455347E+03   3.0000000E+02   2.9100000E+02   2.0319456E-03   2.0947738E-03
   1.5455422E+03   2.5500000E+02   2.5100000E+02   3.1830995E-03   3.2337964E-03
   1.5455497E+03   2.6100000E+02   2.5900000E+02   8.7106403E-03   8.7778886E-03
   1.5455572E+03   2.8000000E+02   2.7300000E+02   8.2045819E-03   8.4145784E-03
   1.5455648E+03   2.7000000E+02   2.6100000E+02   6.4583573E-03   6.6808986E-03
   1.5455723E+03   2.7000000E+02   2.6600000E+02   4.0087620E-03   4.0688882E-03
   1.5455798E+03   2.4600000E+02   2.3900000E+02   6.8724410E-03   7.0737967E-03
   1.5455874E+03   2.7100000E+02   2.6600000E+02   4.4261061E-03   4.5092783E-03
   1.5455949E+03   2.8300000E+02   2.6800000E+02   8.1793168E-03   8.6374937E-03
   1.5456024E+03   2.8100000E+02   2.7100000E+02   6.2780520E-03   6.5098957E-03
   1.5456099E+03   2.5300000E+02   2.4200000E+02   2.4601298E-03   2.5718729E-03
   1.5456175E+03   2.9200000E+02   2.8600000E+02   1.3113390E-03   1.3388015E-03
   1.5456250E+03   2.7200000E+02   2.6600000E+02   4.7987295E-03   4.9068577E-03
   1.5456325E+03   2.8700000E+02   2.7200000E+02   1.0177149E-02   1.0738125E-02
   1.5456400E+03   2.8600000E+02   2.8200000E+02   5.4205964E-03   5.4975110E-03
   1.5456476E+03   2.6200000E+02   2.4700000E+02   6.1553150E-03   6.5291938E-03
   1.5456551E+03   2.8400000E+02   2.7400000E+02   5.0403633E-03   5.2244340E-03
   1.5456626E+03   2.6300000E+02   2.5900000E+02   1.7805907E-03   1.8082862E-03
   1.5456702E+03   2.5000000E+02   2.4500000E+02   6.0417113E-03   6.1649487E-03
   1.5456777E+03   2.6800000E+02   2.6100000E+02   2.9055509E-03   2.9835113E-03
   1.5456852E+03   2.4000000E+02   2.3200000E+02   1.2234637E-02   1.2656513E-02
   1.5456927E+03   3.2200000E+02   3.1700000E+02   6.4881261E-03   6.5904673E-03
   1.5457003E+03   2.8200000E+02   2.7100000E+02   1.0456894E-02   1.0881391E-02
   1.5457078E+03   2.6800000E+02   2.5800000E+02   9.5221234E-03   9.8908515E-03
   1.5457153E+03   2.8100000E+02   2.7500000E+02   6.8351190E-03   6.9842341E-03
   1.5457229E+03   2.7700000E+02   2.6700000E+02   7.8995555E-04   8.1961435E-04
   1.5457304E+03   2.4300000E+02   2.3300000E+02   5.8176450E-03   6.0677598E-03
   1.5457379E+03   2.7600000E+02   2.6900000E+02   1.2907018E-03   1.3243044E-03
   1.5457454E+03   2.9200000E+02   2.9000000E+02   7.1713264E-03   7.2202244E-03
   1.5457530E+03   2.5700000E+02   2.5100000E+02   3.9372257E-03   4.0314193E-03
   1.5457605E+03   3.0400000E+02   2.9300000E+02   5.1596483E-03   5.3533346E-03
   1.5457680E+03   2.7800000E+02   2.6900000E+02   7.4593258E-03   7.7088891E-03
   1.5457756E+03   2.7900000E+02   2.7100000E+02   1.0353163E-02   1.0658696E-02
   1.5457831E+03   2.8800000E+02   2.8200000E+02   5.8331686E-03   5.9572655E-03
   1.5457906E+03   2.7000000E+02   2.6100000E+02   1.4841203E-03   1.5351877E-03
   1.5457981E+03   2.9200000E+02   2.8600000E+02   4.9807469E-03   5.0849940E-03
   1.5458057E+03   2.5800000E+02   2.5200000E+02   2.8181272E-03   2.8851292E-03
   1.5458132E+03   2.7300000E+02   2.6800000E+02   1.5047590E-03   1.5327089E-03
   1.5458207E+03   3.1500000E+02   2.9900000E+02   1.3400084E-03   1.4117539E-03
   1.5458283E+03   2.9500000E+02   2.8800000E+02   1.0722117E-02   1.0982806E-02
   1.5458358E+03   3.0100000E+02   2.9100000E+02   7.2952579E-03   7.5459195E-03
   1.5458433E+03   2.5200000E+02   2.4400000E+02   3.4177564E-03   3.5296981E-03
   1.5458508E+03   2.5200000E+02   2.4800000E+02   1.4398966E-02   1.4631012E-02
   1.5458584E+03   2.7400000E+02   2.6200000E+02   1.9700784E-03   2.0602412E-03
   1.5458659E+03   2.9400000E+02   2.7800000E+02   4.5907664E-03   4.8554940E-03
   1.5458734E+03   3.2000000E+02   3.0800000E+02   1.4964533E-03   1.5500460E-03
   1.5458810E+03   3.2100000E+02   3.1400000E+02   3.1990452E-03   3.2742055E-03
   1.5458885E+03   3.0300000E+02   2.9500000E+02   9.6506860E-03   9.9112298E-03
   1.5458960E+03   2.7500000E+02   2.6800000E+02   1.6900866E-03   1.7341868E-03
   1.5459035E+03   3.1200000E+02   3.0100000E+02   2.8067355E-03   2.9092600E-03
   1.5459111E+03   3.1200000E+02   2.9900000E+02   5.9162781E-03   6.1735835E-03
   1.5459186E+03   2.7000000E+02   2.6500000E+02   2.5614860E-03   2.6098331E-03
   1.5459261E+03   2.6600000E+02   2.6300000E+02   3.1349000E-03   3.1707149E-03
   1.5459337E+03   3.0400000E+02   2.8500000E+02   7.8791386E-03   8.4047077E-03
   1.5459412E+03   2.7600000E+02   2.6500000E+02   8.7076976E-03   9.0692790E-03
   1.5459487E+03   2.5700000E+02   2.4900000E+02   4.4718657E-03   4.6155174E-03
   1.5459562E+03   2.8200000E+02   2.6600000E+02   2.4329295E-03   2.5794907E-03
   1.5459638E+03   2.8500000E+02   2.7300000E+02   4.4905985E-03   4.6881649E-03
   1.5459713E+03   3.1100000E+02   3.0000000E+02   6.0298807E-03   6.2507746E-03
   1.5459788E+03   3.0600000E+02   2.9700000E+02   2.7880949E-03   2.8727281E-03
   1.5459864E+03   3.0100000E+02   2.9300000E+02   8.6379522E-03   8.8738421E-03
   1.5459939E+03   2.8600000E+02   2.7300000E+02   9.3748863E-03   9.8216494E-03
   1.5460014E+03   3.0800000E+02   2.9200000E+02   1.0898166E-02   1.1493840E-02
   1.5460089E+03   3.3300000E+02   3.1300000E+02   6.6854346E-03   7.1129977E-03
   1.5460165E+03   3.2900000E+02   3.2200000E+02   6.4084428E-03   6.5477443E-03
   1.5460240E+03   3.4700000E+02   3.3700000E+02   8.1753812E-03   8.4182096E-03
   1.5460315E+03   3.1200000E+02   3.0000000E+02   5.3126054E-03   5.5251369E-03
   1.5460391E+03   2.7700000E+02   2.6700000E+02   2.8734410E-03   2.9813750E-03
   1.5460466E+03   2.8700000E+02   2.7600000E+02   5.1542990E-03   5.3594198E-03
   1.5460541E+03   2.9800000E+02   2.8600000E+02   8.2193371E-03   8.5641180E-03
   1.5460616E+03   2.7800000E+02   2.7000000E+02   6.3722460E-03   6.5610451E-03
   1.5460692E+03   3.0300000E+02   2.9500000E+02   3.7002578E-03   3.8009534E-03
   1.5460767E+03   3.2700000E+02   3.1700000E+02   8.8328330E-03   9.1113880E-03
   1.5460842E+03   3.1300000E+02   3.0200000E+02   7.2920713E-03   6.4752747E-03
   1.5460917E+03   2.8900000E+02   2.8100000E+02   5.5008697E-03   5.6574227E-03
   1.5460993E+03   2.9000000E+02   2.7800000E+02   3.1446339E-03   3.2802170E-03
   1.5461068E+03   3.4800000E+02   3.3400000E+02   1.1608268E-02   1.2095183E-02
   1.5461143E+03   2.9800000E+02   2.8600000E+02   2.1275586E-03   2.2186783E-03
   1.5461219E+03   3.4200000E+02   3.3100000E+02   7.1427461E-03   7.3801633E-03
   1.5461294E+03   3.0800000E+02   2.9900000E+02   4.3480046E-03   4.4786863E-03
   1.5461369E+03   2.9500000E+02   2.8100000E+02   6.0067713E-04   6.2942662E-04
   1.5461444E+03   3.0300000E+02   2.9500000E+02   7.2585109E-03   7.4554354E-03
   1.5461520E+03   3.2200000E+02   3.1400000E+02   3.7295133E-03   4.2999065E-03
   1.5461595E+03   3.0800000E+02   2.9800000E+02   3.2959184E-03   3.4065050E-03
   1.5461670E+03   3.1300000E+02   3.0700000E+02   6.2070153E-04   6.3302169E-04
   1.5461746E+03   3.2300000E+02   3.0600000E+02   2.4991311E-03   2.6373336E-03
   1.5461821E+03   3.3000000E+02   3.2200000E+02   5.2940001E-03   5.9637613E-03
   1.5461896E+03   3.0400000E+02   2.9900000E+02   7.4940217E-04   7.6176951E-04
   1.5461971E+03   2.7800000E+02   2.7000000E+02   9.8805602E-04   8.1994968E-04
   1.5462047E+03   3.2900000E+02   3.1700000E+02   1.7696851E-03   1.8352868E-03
   1.5462122E+03   3.0000000E+02   2.9000000E+02   2.2823156E-03   2.3607157E-03
   1.5462197E+03   3.1900000E+02   3.0700000E+02   6.9886602E-04   7.2623609E-04
   1.5462273E+03   3.3000000E+02   3.1700000E+02   3.2068511E-03   3.3390273E-03
   1.5462348E+03   3.2100000E+02   3.0500000E+02   4.4678017E-04   4.6984621E-04
   1.5462423E+03   3.1700000E+02   3.1100000E+02   2.7796119E-03   2.8336286E-03
   1.5462498E+03   3.3300000E+02   3.1000000E+02   3.8566945E-03   4.1434494E-03
   1.5462574E+03   3.0900000E+02   2.9500000E+02   1.0433645E-02   1.0929074E-02
   1.5462649E+03   3.2300000E+02   3.1400000E+02   5.5841373E-03   5.7441288E-03
   1.5462724E+03   3.2800000E+02   3.1400000E+02   1.6256767E-03   1.6959844E-03
   1.5462800E+03   3.2800000E+02   3.1100000E+02   6.7039745E-04   7.0658233E-04
   1.5462875E+03   3.3600000E+02   3.2700000E+02   5.0211460E-03   5.1592417E-03
   1.5462950E+03   3.4700000E+02   3.2400000E+02   1.0521029E-03   1.1270135E-03
   1.5463025E+03   3.2200000E+02   3.0400000E+02   2.1098736E-03   2.2348941E-03
   1.5463101E+03   3.3800000E+02   3.2300000E+02   8.6695460E-03   8.5197857E-03
   1.5463176E+03   3.4100000E+02   3.2600000E+02   1.4806034E-03   1.5486202E-03
   1.5463251E+03   3.2000000E+02   3.0600000E+02   1.7481351E-03   1.8284155E-03
   1.5463327E+03   3.3400000E+02   3.1300000E+02   1.0213471E-03   1.0903813E-03
   1.5463402E+03   3.1300000E+02   2.9700000E+02   2.7678101E-03   2.9111530E-03
   1.5463477E+03   3.6600000E+02   3.5000000E+02   1.7819745E-03   1.8633799E-03
   1.5463552E+03   3.5500000E+02   3.4300000E+02   1.2256510E-03   1.2682381E-03
   1.5463628E+03   3.6700000E+02   3.4200000E+02   5.2751777E-03   5.6609785E-03
   1.5463703E+03   3.1000000E+02   3.0400000E+02   3.1236481E-03   3.1851150E-03
   1.5463778E+03   3.5500000E+02   3.3800000E+02   3.6251397E-03   4.7937274E-03
   1.5463854E+03   3.9000000E+02   3.7400000E+02   2.0990504E-03   2.2160691E-03
   1.5463929E+03   3.5900000E+02   3.3400000E+02   7.8632142E-03   8.4520595E-03
   1.5464004E+03   3.7900000E+02   3.6800000E+02   3.3659211E-03   3.4663996E-03
   1.5464079E+03   3.5400000E+02   3.3300000E+02   1.0837415E-02   1.1521110E-02
   1.5464155E+03   3.0600000E+02   2.9300000E+02   1.2340926E-03   2.5122918E-03
   1.5464230E+03   3.4000000E+02   3.2600000E+02   2.0608409E-03   2.1494541E-03
   1.5464305E+03   3.0800000E+02   2.9600000E+02   7.5556924E-03   7.8615410E-03
   1.5464381E+03   3.7700000E+02   3.6600000E+02   6.4915981E-03   6.6869440E-03
   1.5464456E+03   3.3500000E+02   3.2300000E+02   2.2444680E-03   2.2600973E-03
   1.5464531E+03   3.6100000E+02   3.4600000E+02   4.8047670E-03   5.0130722E-03
   1.5464606E+03   3.2100000E+02   3.0900000E+02   1.5273968E-03   1.5857273E-03
   1.5464682E+03   3.1400000E+02   2.9100000E+02   2.9874561E-03   3.2239550E-03
   1.5464757E+03   3.4300000E+02   3.3100000E+02   4.5603885E-03   4.7254296E-03
   1.5464832E+03   3.8900000E+02   3.7200000E+02   8.1410824E-03   8.5132546E-03
   1.5464908E+03   3.4800000E+02   3.3000000E+02   3.5225388E-03   3.7146707E-03
   1.5464983E+03   3.6700000E+02   3.5600000E+02   4.8082589E-03   4.9567956E-03
   1.5465058E+03   3.5200000E+02   3.3900000E+02   3.0242947E-03   3.1402589E-03
   1.5465133E+03   3.4500000E+02   3.3200000E+02   4.4270659E-03   4.6004736E-03
   1.5465209E+03   3.5800000E+02   3.4400000E+02   3.9354622E-03   4.0956635E-03
   1.5465284E+03   3.8800000E+02   3.6900000E+02   4.6178772E-03   4.8556191E-03
   1.5465359E+03   3.6700000E+02   3.4500000E+02   1.5255590E-03   1.6228937E-03
   1.5465434E+03   3.6000000E+02   3.3900000E+02   3.4492401E-03   3.6623901E-03
   1.5465510E+03   3.4900000E+02   3.3400000E+02   6.4288928E-03   6.7174711E-03
   1.5465585E+03   3.3500000E+02   3.1700000E+02   5.2508158E-03   5.5489395E-03
   1.5465660E+03   3.6400000E+02   3.4300000E+02   5.1094746E-03   5.4222554E-03
   1.5465736E+03   3.6900000E+02   3.4800000E+02   2.9765002E-03   3.1560679E-03
   1.5465811E+03   3.6200000E+02   3.4000000E+02   1.6460390E-03   1.7526369E-03
   1.5465886E+03   3.6100000E+02   3.4800000E+02   2.0923595E-03   2.1707715E-03
   1.5465961E+03   3.5800000E+02   3.4100000E+02   5.0214736E-03   4.2108351E-03
   1.5466037E+03   3.6000000E+02   3.4000000E+02   9.9764508E-04   1.0562961E-03
   1.5466112E+03   3.4500000E+02   3.3000000E+02   9.4689994E-04   9.8980930E-04
   1.5466187E+03   3.5400000E+02   3.3700000E+02   3.4663281E-03   3.6418714E-03
   1.5466263E+03   3.6500000E+02   3.4800000E+02   1.7342797E-03   1.8189411E-03
   1.5466338E+03   3.8600000E+02   3.6500000E+02   3.5246599E-03   3.6390366E-03
   1.5466413E+03   3.7900000E+02   3.5400000E+02   1.6005529E-03   1.6937606E-03
   1.5466488E+03   3.7700000E+02   3.6000000E+02   4.5563567E-03   4.7716172E-03
   1.5466564E+03   3.6400000E+02   3.4400000E+02   4.0604435E-03   4.2964887E-03
   1.5466639E+03   3.6800000E+02   3.4800000E+02   3.1383690E-03   3.3187818E-03
   1.5466714E+03   3.5300000E+02   3.4100000E+02   3.4275707E-03   3.5481874E-03
   1.5466790E+03   3.7000000E+02   3.4600000E+02   2.6072307E-03   2.7879918E-03
   1.5466865E+03   3.5100000E+02   3.3100000E+02   2.7024897E-03   2.8658825E-03
   1.5466940E+03   3.9900000E+02   3.7700000E+02   4.6168496E-03   4.8862364E-03
   1.5467015E+03   4.0800000E+02   3.8500000E+02   6.3110453E-03   6.6877993E-03
   1.5467091E+03   3.9100000E+02   3.7600000E+02   3.2072796E-03   3.3358043E-03
   1.5467166E+03   3.8100000E+02   3.5900000E+02   2.3996750E-03   2.5472953E-03
   1.5467241E+03   3.8900000E+02   3.6900000E+02   3.3511328E-03   3.5325429E-03
   1.5467317E+03   3.5400000E+02   3.3300000E+02   5.1096540E-03   5.4322119E-03
   1.5467392E+03   3.6900000E+02   3.4900000E+02   4.4074593E-03   4.6599758E-03
   1.5467467E+03   3.8900000E+02   3.6600000E+02   4.6620018E-03   4.9556244E-03
   1.5467542E+03   3.8600000E+02   3.6800000E+02   4.3044580E-03   4.5151424E-03
   1.5467618E+03   3.9600000E+02   3.8000000E+02   2.7205171E-03   2.8350661E-03
   1.5467693E+03   3.5200000E+02   3.3500000E+02   6.9968125E-03   6.4299205E-03
   1.5467768E+03   3.7200000E+02   3.4900000E+02   1.8542956E-03   1.9764347E-03
   1.5467844E+03   3.9100000E+02   3.6900000E+02   3.0936944E-03   3.1031874E-03
   1.5467919E+03   3.8800000E+02   3.6600000E+02   1.9382546E-03   2.0547291E-03
   1.5467994E+03   3.9500000E+02   3.5900000E+02   1.9611692E-03   2.1576621E-03
   1.5468069E+03   4.0100000E+02   3.6500000E+02   3.5619740E-03   3.9134380E-03
   1.5468145E+03   3.7600000E+02   3.5600000E+02   4.6209161E-03   4.8796908E-03
   1.5468220E+03   4.1100000E+02   3.8400000E+02   1.7482036E-03   1.8467150E-03
   1.5468295E+03   3.7500000E+02   3.5100000E+02   4.4154035E-03   4.7167919E-03
   1.5468371E+03   3.9400000E+02   3.6500000E+02   2.4332249E-03   2.6266308E-03
   1.5468446E+03   3.4600000E+02   3.1900000E+02   3.9951021E-03   4.3334411E-03
   1.5468521E+03   4.4100000E+02   4.1000000E+02   3.9849383E-03   4.2862713E-03
   1.5468596E+03   4.0300000E+02   3.8200000E+02   1.7700061E-03   1.8689436E-03
   1.5468672E+03   4.2200000E+02   3.9900000E+02   5.7433012E-03   6.0743291E-03
   1.5468747E+03   4.0900000E+02   3.7600000E+02   1.8675458E-04   2.0333212E-04
   1.5468822E+03   4.1900000E+02   4.0100000E+02   2.2718405E-03   2.3738867E-03
   1.5468898E+03   4.0900000E+02   3.8100000E+02   5.6964224E-03   6.1151709E-03
   1.5468973E+03   4.2800000E+02   4.0000000E+02   5.8475635E-03   6.2571188E-03
   1.5469048E+03   4.1900000E+02   3.8400000E+02   2.9676092E-03   2.4276175E-03
   1.5469123E+03   3.6900000E+02   3.4100000E+02   2.5729477E-03   2.7840426E-03
   1.5469199E+03   4.2400000E+02   4.0200000E+02   3.4537409E-03   3.6423069E-03
   1.5469274E+03   4.0700000E+02   3.7300000E+02   3.2558406E-03   3.5514531E-03
   1.5469349E+03   4.1700000E+02   3.8200000E+02   2.4444487E-03   2.6666438E-03
   1.5469425E+03   4.0100000E+02   3.7200000E+02   2.9088820E-03   3.1241670E-03
   1.5469500E+03   4.2700000E+02   3.9500000E+02   3.0526404E-03   3.3000077E-03
   1.5469575E+03   4.1900000E+02   3.8100000E+02   3.7010009E-03   3.8465653E-03
   1.5469650E+03   4.3700000E+02   4.1200000E+02   3.6504213E-03   3.8751240E-03
   1.5469726E+03   4.4400000E+02   4.1600000E+02   1.6641474E-03   1.7346325E-03
   1.5469801E+03   4.2900000E+02   3.9900000E+02   3.5842994E-03   3.6647464E-03
   1.5469876E+03   4.5400000E+02   4.1400000E+02   4.3949837E-03   4.8212122E-03
   1.5469951E+03   4.2800000E+02   3.9400000E+02   4.5563511E-03   4.9493079E-03
   1.5470027E+03   4.2300000E+02   3.9200000E+02   4.7110874E-03   5.0844751E-03
   1.5470102E+03   4.6700000E+02   4.3500000E+02   8.7224976E-04   9.3653457E-04
   1.5470177E+03   4.4600000E+02   4.1200000E+02   1.1633431E-03   1.2592880E-03
   1.5470253E+03   4.3300000E+02   4.0500000E+02   5.2660346E-03   5.6299384E-03
   1.5470328E+03   4.1800000E+02   3.8000000E+02   4.8588531E-03   5.3450033E-03
   1.5470403E+03   4.8700000E+02   4.4900000E+02   4.4547452E-04   4.8443904E-04
   1.5470478E+03   4.3600000E+02   3.9900000E+02   7.6940691E-04   8.4080204E-04
   1.5470554E+03   4.5300000E+02   4.0700000E+02   1.3615212E-03   1.6354475E-03
   1.5470629E+03   4.2600000E+02   3.9000000E+02   1.7477589E-03   1.9095977E-03
   1.5470704E+03   4.2800000E+02   3.9400000E+02   3.4841456E-03   3.7858319E-03
   1.5470780E+03   4.7700000E+02   4.4300000E+02   3.1179872E-03   3.3571276E-03
   1.5470855E+03   4.3300000E+02   3.9800000E+02   4.7912973E-03   5.2126717E-03
   1.5470930E+03   4.8900000E+02   4.5000000E+02   7.1169386E-04   7.7305073E-04
   1.5471005E+03   4.2600000E+02   3.7900000E+02   1.9646256E-03   2.0409306E-03
   1.5471081E+03   4.6600000E+02   4.2400000E+02   3.7240918E-03   4.0861010E-03
   1.5471156E+03   4.3100000E+02   4.0000000E+02   3.8063720E-03   4.1013449E-03
   1.5471231E+03   4.8500000E+02   4.5200000E+02   1.8787810E-03   2.0157762E-03
   1.5471307E+03   4.8500000E+02   4.4200000E+02   4.4639995E-03   4.8990713E-03
   1.5471382E+03   4.4300000E+02   4.1400000E+02   3.1524438E-03   3.3729357E-03
   1.5471457E+03   4.6500000E+02   4.2400000E+02   2.4598793E-03   2.7768410E-03
   1.5471532E+03   4.8300000E+02   4.3500000E+02   3.2995279E-03   3.8433767E-03
   1.5471608E+03   4.3600000E+02   3.9500000E+02   2.0298961E-03   2.2393122E-03
   1.5471683E+03   4.7600000E+02   4.3700000E+02   2.7849340E-03   3.0335414E-03
   1.5471758E+03   4.6600000E+02   4.2700000E+02   1.6221861E-03   1.7698160E-03
   1.5471834E+03   4.7500000E+02   4.3100000E+02   4.1685221E-03   4.5947854E-03
   1.5471909E+03   4.6100000E+02   4.2300000E+02   3.3772977E-03   3.6808131E-03
   1.5471984E+03   4.3900000E+02   3.9500000E+02   9.8124695E-04   1.0759194E-03
   1.5472059E+03   4.6400000E+02   4.2400000E+02   1.4748063E-03   1.6140932E-03
   1.5472135E+03   4.9800000E+02   4.5300000E+02   1.6106396E-03   1.7702542E-03
   1.5472210E+03   4.7300000E+02   4.3900000E+02   1.2241354E-03   1.3189332E-03
   1.5472285E+03   4.6800000E+02   4.2600000E+02   1.7527908E-03   1.9253022E-03
   1.5472361E+03   4.8800000E+02   4.3300000E+02   3.4984325E-03   3.6687320E-03
   1.5472436E+03   4.7100000E+02   4.1500000E+02   1.7986335E-03   2.0408543E-03
   1.5472511E+03   5.2100000E+02   4.7300000E+02   2.2388698E-03   2.4669483E-03
   1.5472586E+03   4.5500000E+02   4.0800000E+02   3.7051546E-03   4.1044846E-03
   1.5472662E+03   4.9400000E+02   4.5600000E+02   1.2504997E-03   1.4462793E-03
   1.5472737E+03   5.2000000E+02   4.7600000E+02   1.6974356E-03   1.8544327E-03
   1.5472812E+03   4.9200000E+02   4.3400000E+02   2.4465826E-03   2.6345870E-03
   1.5472888E+03   5.2500000E+02   4.5900000E+02   2.5298447E-03   2.4469323E-03
   1.5472963E+03   5.0700000E+02   4.7400000E+02   3.5294777E-03   3.7755006E-03
   1.5473038E+03   4.7900000E+02   4.2800000E+02   5.4838922E-04   6.1371694E-04
   1.5473113E+03   5.0500000E+02   4.5500000E+02   8.4065148E-04   7.6194742E-04
   1.5473189E+03   4.9700000E+02   4.4600000E+02   1.1516242E-03   1.2840514E-03
   1.5473264E+03   5.2800000E+02   4.7100000E+02   5.7576242E-04   6.8637759E-04
   1.5473339E+03   5.0500000E+02   4.5400000E+02   1.2452067E-03   1.3844275E-03
   1.5473415E+03   4.9900000E+02   4.4700000E+02   4.1092101E-03   4.5874581E-03
   1.5473490E+03   4.8500000E+02   4.4200000E+02   8.7053830E-04   1.3439641E-03
   1.5473565E+03   5.0000000E+02   4.3500000E+02   1.5691431E-03   1.7197064E-03
   1.5473640E+03   5.1800000E+02   4.6500000E+02   3.0299164E-03   3.4230235E-03
   1.5473716E+03   5.0400000E+02   4.4500000E+02   2.6682008E-03   3.0259104E-03
   1.5473791E+03   4.7300000E+02   4.2700000E+02   8.8650669E-04   5.8564300E-04
   1.5473866E+03   5.3500000E+02   4.7900000E+02   3.2221533E-04   3.5890848E-04
   1.5473942E+03   5.3500000E+02   4.7500000E+02   8.7250406E-04   9.8337057E-04
   1.5474017E+03   5.3400000E+02   4.8400000E+02   2.6436384E-03   3.0292883E-03
   1.5474092E+03   4.8000000E+02   4.1800000E+02   1.7432327E-03   2.0016996E-03
   1.5474167E+03   5.3000000E+02   4.7300000E+02   1.2002992E-03   9.9315245E-04
   1.5474243E+03   5.3100000E+02   4.7600000E+02   1.8176853E-03   1.6746159E-03
   1.5474318E+03   4.7200000E+02   4.1700000E+02   1.2850186E-03   1.4296951E-03
   1.5474393E+03   5.4000000E+02   4.8400000E+02   1.4381355E-03   1.6047410E-03
   1.5474468E+03   5.8000000E+02   5.1600000E+02   1.8282384E-03   2.0546610E-03
   1.5474544E+03   4.9200000E+02   4.2700000E+02   1.1574585E-03   1.3333192E-03
   1.5474619E+03   5.0500000E+02   4.5300000E+02   2.3337649E-03   3.0432556E-03
   1.5474694E+03   5.3700000E+02   4.8300000E+02   3.3312285E-03   3.7039501E-03
   1.5474770E+03   5.3700000E+02   4.8200000E+02   3.3087369E-03   3.6858795E-03
   1.5474845E+03   5.5300000E+02   4.7900000E+02   5.5200527E-04   3.0647596E-04
   1.5474920E+03   5.5000000E+02   4.8200000E+02   1.6739082E-03   1.3780497E-03
   1.5474995E+03   5.4200000E+02   4.8400000E+02   4.7379241E-03   5.1607531E-03
   1.5475071E+03   5.2400000E+02   4.6700000E+02   1.3969834E-03   1.5591127E-03
   1.5475146E+03   5.6400000E+02   4.9500000E+02   1.4341471E-03   1.5920412E-03
   1.5475221E+03   5.4300000E+02   4.8200000E+02   2.1599471E-03   2.3501216E-03
   1.5475297E+03   5.2700000E+02   4.4300000E+02   1.1249180E-03   1.9012954E-03
   1.5475372E+03   5.5200000E+02   4.8500000E+02   1.2955454E-03   1.4754520E-03
   1.5475447E+03   5.9800000E+02   5.2100000E+02   1.6536746E-03   1.8980605E-03
   1.5475522E+03   5.6000000E+02   4.9900000E+02   1.0919833E-03   1.4356852E-03
   1.5475598E+03   5.3000000E+02   4.6600000E+02   1.1892434E-03   1.3675593E-03
   1.5475673E+03   5.8900000E+02   5.0800000E+02   1.1338830E-03   1.5205235E-03
   1.5475748E+03   5.7800000E+02   4.9700000E+02   1.8509804E-03   2.1530170E-03
   1.5475824E+03   5.6600000E+02   4.8200000E+02   2.8060690E-04   3.2944279E-04
   1.5475899E+03   5.2200000E+02   4.5200000E+02   2.8282549E-03   3.2655952E-03
   1.5475974E+03   5.9100000E+02   5.1600000E+02   2.2673687E-03   2.5983114E-03
   1.5476049E+03   5.7500000E+02   4.8800000E+02   1.2438319E-03   1.4656990E-03
   1.5476125E+03   6.0300000E+02   5.1900000E+02   1.0254861E-03   1.1915681E-03
   1.5476200E+03   5.8600000E+02   5.2500000E+02   4.4952556E-03   5.0219597E-03
   1.5476275E+03   5.7000000E+02   4.9900000E+02   4.0533110E-03   4.4982801E-03
   1.5476351E+03   5.4200000E+02   4.6700000E+02   1.6058659E-03   1.8587463E-03
   1.5476426E+03   6.2100000E+02   5.3600000E+02   2.5467990E-03   2.9228652E-03
   1.5476501E+03   6.3300000E+02   5.4700000E+02   1.7426872E-03   1.7022855E-03
   1.5476576E+03   5.5500000E+02   4.8000000E+02   2.4250093E-03   2.8042517E-03
   1.5476652E+03   5.8300000E+02   5.0900000E+02   2.0348959E-04   2.3424570E-04
   1.5476727E+03   6.0300000E+02   5.2600000E+02   1.8304313E-03   2.0983199E-03
   1.5476802E+03   5.9800000E+02   5.0800000E+02   1.6477094E-03   1.9397050E-03
   1.5476878E+03   5.7100000E+02   4.8600000E+02   1.7000474E-03   1.9972016E-03
   1.5476953E+03   6.3100000E+02   5.2400000E+02   2.4746785E-03   2.9798170E-03
   1.5477028E+03   6.1000000E+02   5.2600000E+02   8.0763568E-04   9.3712062E-04
   1.5477103E+03   5.8400000E+02   4.9800000E+02   3.4994783E-03   4.7081497E-03
   1.5477179E+03   5.7900000E+02   4.7800000E+02   2.2652476E-03   2.7433671E-03
   1.5477254E+03   6.1500000E+02   5.2400000E+02   1.4183255E-03   1.6638506E-03
   1.5477329E+03   6.2400000E+02   5.2900000E+02   2.6306088E-03   3.1023387E-03
   1.5477405E+03   6.3900000E+02   5.4800000E+02   1.0965607E-03   1.2790395E-03
   1.5477480E+03   5.9900000E+02   5.0400000E+02   2.4162272E-03   2.8716081E-03
   1.5477555E+03   5.9000000E+02   5.0400000E+02   2.3525498E-03   2.7533241E-03
   1.5477630E+03   6.3300000E+02   5.3300000E+02   6.9764715E-04   8.2826942E-04
   1.5477706E+03   6.2600000E+02   5.1900000E+02   9.1462349E-04   1.1037339E-03
   1.5477781E+03   6.3700000E+02   5.3400000E+02   2.5900783E-03   2.9644473E-03
   1.5477856E+03   6.2900000E+02   5.3600000E+02   1.1249765E-03   1.3198781E-03
   1.5477932E+03   6.4400000E+02   5.3600000E+02   9.5271946E-04   1.1449944E-03
   1.5478007E+03   6.4600000E+02   5.5000000E+02   2.4911819E-03   3.1279905E-03
   1.5478082E+03   6.4000000E+02   5.5000000E+02   8.6284272E-04   1.0040856E-03
   1.5478157E+03   6.6200000E+02   5.5700000E+02   3.2651137E-03   3.8808854E-03
   1.5478233E+03   6.7800000E+02   5.7300000E+02   1.3172712E-03   1.5578991E-03
   1.5478308E+03   6.7100000E+02   5.6800000E+02   5.7558466E-04   6.7978204E-04
   1.5478383E+03   6.4900000E+02   5.6200000E+02   2.2724706E-03   2.6235765E-03
   1.5478459E+03   6.0800000E+02   5.1500000E+02   2.0313383E-03   2.8562383E-03
   1.5478534E+03   6.9700000E+02   5.7500000E+02   2.2317067E-03   2.7052724E-03
   1.5478609E+03   6.3000000E+02   5.4100000E+02   7.4119072E-04   7.9185083E-04
   1.5478684E+03   6.7400000E+02   5.4400000E+02   1.6738608E-04   2.0049228E-04
   1.5478760E+03   6.7600000E+02   5.8600000E+02   4.0491394E-04   4.6601702E-04
   1.5478835E+03   6.7000000E+02   5.5200000E+02   5.8427827E-04   1.0708472E-03
   1.5478910E+03   6.6100000E+02   5.6300000E+02   1.3142234E-03   1.5438011E-03
   1.5478985E+03   6.5000000E+02   5.3000000E+02   2.1734292E-03   2.6646540E-03
   1.5479061E+03   6.5700000E+02   5.3900000E+02   4.7743604E-04   5.8180647E-04
   1.5479136E+03   7.0000000E+02   5.7500000E+02   2.9337879E-03   3.5715632E-03
   1.5479211E+03   6.9200000E+02   5.8300000E+02   1.1749774E-03   1.3946078E-03
   1.5479287E+03   7.0200000E+02   5.6500000E+02   2.7958651E-03   3.4744787E-03
   1.5479362E+03   6.8200000E+02   5.5700000E+02   9.3915137E-04   1.1499385E-03
   1.5479437E+03   7.1700000E+02   6.1500000E+02   1.3167804E-03   1.5352208E-03
   1.5479512E+03   7.2800000E+02   5.8900000E+02   2.4967908E-03   3.0867438E-03
   1.5479588E+03   7.1600000E+02   5.7800000E+02   2.1361207E-03   2.6474560E-03
   1.5479663E+03   7.3700000E+02   6.0900000E+02   3.2401108E-03   3.6658150E-03
   1.5479738E+03   6.9400000E+02   5.7200000E+02   2.1895804E-03   2.6184149E-03
   1.5479814E+03   7.2000000E+02   6.0000000E+02   1.6791797E-03   2.0149145E-03
   1.5479889E+03   7.3200000E+02   5.8700000E+02   2.5479528E-03   3.1781422E-03
   1.5479964E+03   7.2900000E+02   5.9600000E+02   1.4491082E-03   1.7730876E-03
   1.5480039E+03   7.4600000E+02   6.0100000E+02   8.3358017E-04   1.0405713E-03
   1.5480115E+03   7.1700000E+02   5.7800000E+02   2.8401544E-03   3.4110857E-03
   1.5480190E+03   7.1300000E+02   5.8200000E+02   1.2537088E-03   1.5351226E-03
   1.5480265E+03   6.9200000E+02   5.5000000E+02   3.9421021E-04   4.9597846E-04
   1.5480341E+03   7.5300000E+02   6.0300000E+02   1.9041746E-03   2.3777763E-03
   1.5480416E+03   7.3300000E+02   5.8500000E+02   1.8021520E-03   2.2594425E-03
   1.5480491E+03   7.4100000E+02   5.9600000E+02   1.5814428E-03   1.9659695E-03
   1.5480566E+03   7.3900000E+02   5.8800000E+02   2.1051488E-04   2.6461980E-04
   1.5480642E+03   7.4600000E+02   6.0100000E+02   1.3917985E-03   1.7263995E-03
   1.5480717E+03   7.3700000E+02   5.9000000E+02   1.4562307E-03   1.4882440E-03
   1.5480792E+03   7.4100000E+02   5.6600000E+02   1.4072827E-03   1.8446248E-03
   1.5480868E+03   7.6400000E+02   6.2500000E+02   2.3960802E-04   2.9291382E-04
   1.5480943E+03   7.6400000E+02   6.1700000E+02   1.9397211E-03   2.4021372E-03
   1.5481018E+03   7.6500000E+02   5.7700000E+02   1.8820884E-03   2.4956783E-03
   1.5481093E+03   7.5900000E+02   5.8000000E+02   1.6893271E-03   2.2112083E-03
   1.5481169E+03   8.0100000E+02   6.1900000E+02   1.3259944E-03   1.7162122E-03
   1.5481244E+03   7.9400000E+02   6.4500000E+02   4.3411795E-03   5.3482102E-03
   1.5481319E+03   8.0800000E+02   6.3900000E+02   1.1632134E-03   1.4709141E-03
   1.5481395E+03   8.1300000E+02   6.5200000E+02   1.2877009E-03   1.6418989E-03
   1.5481470E+03   8.1100000E+02   6.1700000E+02   1.7317537E-03   2.2764640E-03
   1.5481545E+03   7.9400000E+02   5.9400000E+02   1.7938850E-03   2.3973881E-03
   1.5481620E+03   7.8500000E+02   6.1400000E+02   2.5580139E-03   2.6261503E-03
   1.5481696E+03   8.4700000E+02   6.6700000E+02   1.9669987E-03   2.4963553E-03
   1.5481771E+03   7.7800000E+02   6.0100000E+02   5.3827804E-04   6.9679836E-04
   1.5481846E+03   8.3000000E+02   6.3600000E+02   1.4080263E-03   1.8378755E-03
   1.5481922E+03   8.5900000E+02   6.3000000E+02   2.7792623E-03   3.7897266E-03
   1.5481997E+03   7.6900000E+02   6.0300000E+02   1.1216104E-03   3.0908843E-04
   1.5482072E+03   8.0400000E+02   6.1300000E+02   1.0060176E-03   1.8162592E-03
   1.5482147E+03   8.1700000E+02   6.2200000E+02   3.6497732E-03   4.7941521E-03
   1.5482223E+03   8.2800000E+02   6.4600000E+02   1.5644181E-03   2.0050235E-03
   1.5482298E+03   7.9000000E+02   6.0200000E+02   2.2860007E-03   2.9978065E-03
   1.5482373E+03   8.0700000E+02   6.3500000E+02   1.7777551E-03   2.0685737E-03
   1.5482449E+03   8.2500000E+02   6.2600000E+02   2.4457270E-03   3.2232944E-03
   1.5482524E+03   8.0300000E+02   6.0700000E+02   3.6779058E-03   4.8655726E-03
   1.5482599E+03   8.2400000E+02   6.1800000E+02   1.9217775E-03   1.6574333E-03
   1.5482674E+03   8.6700000E+02   6.5700000E+02   1.4750105E-03   1.9465924E-03
   1.5482750E+03   8.6600000E+02   6.5700000E+02   8.2973233E-04   1.0938290E-03
   1.5482825E+03   9.1700000E+02   6.7100000E+02   3.6410887E-04   3.5299087E-04
   1.5482900E+03   8.8500000E+02   6.5300000E+02   1.1757642E-03   1.1223515E-03
   1.5482976E+03   8.7000000E+02   6.6600000E+02   1.1112944E-03   1.4518719E-03
   1.5483051E+03   8.8800000E+02   6.5600000E+02   1.8631792E-03   2.5221102E-03
   1.5483126E+03   8.4900000E+02   6.2900000E+02   3.2826220E-03   4.4319145E-03
   1.5483201E+03   8.3400000E+02   6.2100000E+02   1.2580047E-03   1.6893878E-03
   1.5483277E+03   8.2900000E+02   6.0100000E+02   1.4520921E-03   2.0029106E-03
   1.5483352E+03   8.4900000E+02   6.2100000E+02   1.0210434E-03   1.3960070E-03
   1.5483427E+03   8.7100000E+02   6.4400000E+02   1.8146640E-03   2.4725561E-03
   1.5483502E+03   8.9400000E+02   6.7900000E+02   8.8835287E-04   1.1698503E-03
   1.5483578E+03   9.0700000E+02   6.5800000E+02   2.3297157E-03   3.2115108E-03
   1.5483653E+03   9.3500000E+02   6.9200000E+02   2.1320381E-03   2.8805270E-03
   1.5483728E+03   9.1300000E+02   6.5800000E+02   2.0644526E-03   2.8645901E-03
   1.5483804E+03   9.1700000E+02   6.6400000E+02   3.0260156E-03   4.1791501E-03
   1.5483879E+03   9.5400000E+02   6.9800000E+02   6.5502341E-04   8.9514432E-04
   1.5483954E+03   9.7200000E+02   7.1000000E+02   2.2749664E-03   3.1143868E-03
   1.5484029E+03   9.3300000E+02   6.6500000E+02   1.2494078E-03   1.7530392E-03
   1.5484105E+03   9.8600000E+02   7.1200000E+02   1.4100036E-03   1.9525986E-03
   1.5484180E+03   9.3300000E+02   6.6700000E+02   1.8473035E-03   1.9743329E-03
   1.5484255E+03   9.1200000E+02   6.6700000E+02   1.4158439E-03   1.5009986E-03
   1.5484331E+03   9.3900000E+02   6.5900000E+02   7.9976901E-04   7.7803677E-04
   1.5484406E+03   8.9300000E+02   6.3800000E+02   5.6330453E-04   7.8847564E-04
   1.5484481E+03   9.3400000E+02   6.6400000E+02   1.1640698E-03   1.6359131E-03
   1.5484556E+03   9.5900000E+02   6.8700000E+02   1.4133348E-03   1.9095869E-03
   1.5484632E+03   9.7200000E+02   6.7500000E+02   1.2254994E-03   1.9539392E-03
   1.5484707E+03   9.3000000E+02   6.3900000E+02   2.6039591E-03   3.7897585E-03
   1.5484782E+03   9.2200000E+02   6.1700000E+02   8.2948271E-04   1.3061365E-03
   1.5484858E+03   9.2500000E+02   6.3300000E+02   1.1169570E-03   1.6311030E-03
   1.5484933E+03   9.6800000E+02   6.7200000E+02   1.2687022E-03   1.9947990E-03
   1.5485008E+03   9.1300000E+02   6.3300000E+02   2.6104894E-03   3.7650708E-03
   1.5485083E+03   9.5400000E+02   6.4100000E+02   2.9400856E-03   4.3760185E-03
   1.5485159E+03   9.8000000E+02   6.8400000E+02   2.3253395E-03   3.2555224E-03
   1.5485234E+03   1.0020000E+03   6.9900000E+02   1.0596053E-03   1.9912664E-03
   1.5485309E+03   9.3400000E+02   6.5500000E+02   1.6534176E-03   1.8927856E-03
   1.5485385E+03   1.0520000E+03   7.4900000E+02   1.6930966E-03   2.3782982E-03
   1.5485460E+03   1.1090000E+03   7.7100000E+02   1.3512113E-03   1.7083060E-03
   1.5485535E+03   1.0400000E+03   7.4200000E+02   3.3649029E-03   4.1981719E-03
   1.5485610E+03   1.0150000E+03   6.6300000E+02   3.0424262E-03   4.6582762E-03
   1.5485686E+03   1.0370000E+03   7.1600000E+02   2.0132775E-03   2.9181988E-03
   1.5485761E+03   1.0120000E+03   6.8400000E+02   2.3375715E-03   2.9596775E-03
   1.5485836E+03   1.0490000E+03   7.0500000E+02   1.2100034E-03   1.3743610E-03
   1.5485912E+03   1.0230000E+03   6.5700000E+02   7.5967206E-04   1.1826784E-03
   1.5485987E+03   1.0010000E+03   6.6100000E+02   2.2491159E-03   3.0858858E-03
   1.5486062E+03   1.0640000E+03   7.2000000E+02   1.1827550E-03   1.7477005E-03
   1.5486137E+03   1.0600000E+03   7.0200000E+02   2.4216790E-03   3.6565137E-03
   1.5486213E+03   1.0550000E+03   6.7800000E+02   1.9556586E-03   2.7355912E-03
   1.5486288E+03   1.0380000E+03   6.8000000E+02   7.3059041E-04   1.1152791E-03
   1.5486363E+03   1.0880000E+03   7.2700000E+02   1.0869938E-03   1.6267758E-03
   1.5486439E+03   1.1020000E+03   7.1600000E+02   1.8415875E-03   2.4284982E-03
   1.5486514E+03   1.0650000E+03   7.1800000E+02   9.1242257E-04   1.3532045E-03
   1.5486589E+03   1.0840000E+03   6.9700000E+02   1.6899156E-03   2.3777457E-03
   1.5486664E+03   1.1030000E+03   7.0600000E+02   9.7487776E-04   8.7109127E-04
   1.5486740E+03   1.0940000E+03   6.9000000E+02   1.0290877E-03   1.5178564E-03
   1.5486815E+03   1.1580000E+03   7.8100000E+02   1.0271025E-03   1.3111584E-03
   1.5486890E+03   1.1000000E+03   7.0200000E+02   3.4773130E-04   8.8888013E-04
   1.5486966E+03   1.0840000E+03   7.1000000E+02   2.5227374E-03   3.2992389E-03
   1.5487041E+03   1.1060000E+03   7.1700000E+02   7.7956420E-04   1.0155599E-03
   1.5487116E+03   1.1170000E+03   7.1600000E+02   1.1056303E-03   1.9804671E-03
   1.5487191E+03   1.1680000E+03   7.5400000E+02   1.0570461E-03   1.2292781E-03
   1.5487267E+03   1.1470000E+03   7.5000000E+02   1.6168748E-03   2.1658058E-03
   1.5487342E+03   1.1300000E+03   7.2500000E+02   2.1898699E-03   3.4154273E-03
   1.5487417E+03   1.1760000E+03   7.6700000E+02   3.4930921E-03   5.9915163E-03
   1.5487493E+03   1.1470000E+03   7.4200000E+02   1.9340216E-03   3.3085297E-03
   1.5487568E+03   1.2130000E+03   7.6100000E+02   2.1940352E-03   2.8067301E-03
   1.5487643E+03   1.1500000E+03   7.1400000E+02   1.3827976E-03   1.9794796E-03
   1.5487718E+03   1.1450000E+03   7.1700000E+02   1.4517879E-03   2.3182321E-03
   1.5487794E+03   1.1640000E+03   7.2300000E+02   8.2629672E-04   1.2235326E-03
   1.5487869E+03   1.2030000E+03   7.4700000E+02   1.5146532E-03   1.8655454E-03
   1.5487944E+03   1.2590000E+03   8.1200000E+02   1.8823858E-03   2.7427448E-03
   1.5488019E+03   1.1620000E+03   7.5400000E+02   9.8388240E-04   2.0132262E-03
   1.5488095E+03   1.2250000E+03   7.5600000E+02   1.0558429E-03   2.2898834E-03
   1.5488170E+03   1.1920000E+03   7.4200000E+02   2.4998722E-03   4.1884355E-03
   1.5488245E+03   1.1740000E+03   7.2700000E+02   2.6609739E-03   4.1162589E-03
   1.5488321E+03   1.2000000E+03   7.5000000E+02   4.3240490E-04   5.2691466E-04
   1.5488396E+03   1.1860000E+03   7.5600000E+02   2.0608457E-03   3.2889376E-03
   1.5488471E+03   1.2430000E+03   7.6700000E+02   1.4879445E-03   1.9325878E-03
   1.5488546E+03   1.1860000E+03   6.9000000E+02   3.9531162E-04   9.6333971E-04
   1.5488622E+03   1.2490000E+03   7.7900000E+02   1.9409108E-03   3.4702779E-03
   1.5488697E+03   1.2140000E+03   7.3600000E+02   1.8876606E-03   3.2447222E-03
   1.5488772E+03   1.2440000E+03   7.6600000E+02   1.0429374E-03   2.0127477E-03
   1.5488848E+03   1.2750000E+03   7.8400000E+02   1.9894319E-03   3.4714474E-03
   1.5488923E+03   1.2670000E+03   7.5400000E+02   7.5466794E-04   2.0865270E-03
   1.5488998E+03   1.1960000E+03   7.0600000E+02   1.4086605E-03   2.5712690E-03
   1.5489073E+03   1.2020000E+03   7.6100000E+02   6.8568327E-04   1.0826903E-03
   1.5489149E+03   1.2380000E+03   7.2600000E+02   2.5966924E-03   4.6976743E-03
   1.5489224E+03   1.2770000E+03   7.5800000E+02   2.0272551E-03   3.5435845E-03
   1.5489299E+03   1.3140000E+03   7.7600000E+02   1.4064731E-03   1.7735079E-03
   1.5489375E+03   1.2890000E+03   7.9700000E+02   2.0060842E-03   3.6875788E-03
   1.5489450E+03   1.2550000E+03   7.7000000E+02   7.7054402E-04   1.2730985E-03
   1.5489525E+03   1.2800000E+03   7.6200000E+02   6.2543262E-04   1.2123576E-03
   1.5489600E+03   1.3160000E+03   7.6700000E+02   7.5834148E-04   6.8753388E-04
   1.5489676E+03   1.3250000E+03   7.8000000E+02   1.9354749E-03   2.6920802E-03
   1.5489751E+03   1.2680000E+03   7.5700000E+02   1.5604824E-03   1.9937592E-03
   1.5489826E+03   1.2700000E+03   7.5500000E+02   5.4489500E-04   1.5192729E-03
   1.5489902E+03   1.2860000E+03   7.6200000E+02   1.6531263E-03   3.1196888E-03
   1.5489977E+03   1.3460000E+03   7.8000000E+02   2.7727986E-04   6.3078656E-04
   1.5490052E+03   1.3590000E+03   7.8500000E+02   9.9803558E-04   1.6553816E-03
   1.5490127E+03   1.3640000E+03   8.1400000E+02   1.6923481E-04   3.8727200E-04
   1.5490203E+03   1.3320000E+03   7.5000000E+02   1.1539427E-03   1.0549500E-03
   1.5490278E+03   1.3290000E+03   7.8200000E+02   1.5155838E-03   2.0221499E-03
   1.5490353E+03   1.3810000E+03   8.1900000E+02   1.5018630E-03   2.4269906E-03
   1.5490429E+03   1.3820000E+03   7.9400000E+02   1.1412840E-03   2.0963603E-03
   1.5490504E+03   1.3920000E+03   8.1200000E+02   1.0673597E-03   1.6819032E-03
   1.5490579E+03   1.3820000E+03   8.1700000E+02   1.6167461E-03   2.4019874E-03
   1.5490654E+03   1.3530000E+03   7.7600000E+02   1.2078794E-04   2.6578976E-04
   1.5490730E+03   1.4200000E+03   8.0500000E+02   1.5250068E-03   2.6233464E-03
   1.5490805E+03   1.4040000E+03   8.0100000E+02   7.6322056E-04   8.3605324E-04
   1.5490880E+03   1.3920000E+03   7.9400000E+02   1.7863777E-03   2.5673493E-03
   1.5490956E+03   1.3800000E+03   7.6100000E+02   1.7963762E-03   3.1056801E-03
   1.5491031E+03   1.4170000E+03   8.2000000E+02   9.5642031E-04   8.2604319E-04
   1.5491106E+03   1.4090000E+03   8.2200000E+02   5.1112633E-04   1.0669407E-03
   1.5491181E+03   1.4500000E+03   8.0200000E+02   3.3679950E-04   2.1139560E-04
   1.5491257E+03   1.4130000E+03   7.8400000E+02   1.5064747E-04   1.3323228E-04
   1.5491332E+03   1.4740000E+03   8.0600000E+02   1.9620038E-03   3.2505851E-03
   1.5491407E+03   1.3580000E+03   7.7500000E+02   1.7981301E-03   2.5515513E-03
   1.5491483E+03   1.4030000E+03   7.9200000E+02   4.1603018E-04   2.6725256E-04
   1.5491558E+03   1.4860000E+03   8.7000000E+02   1.2847104E-03   2.0464693E-03
   1.5491633E+03   1.3970000E+03   7.8600000E+02   1.1006130E-03   1.8661192E-03
   1.5491708E+03   1.3620000E+03   7.8000000E+02   2.7257935E-03   4.7326074E-03
   1.5491784E+03   1.4850000E+03   8.2000000E+02   7.7182135E-04   1.6004596E-03
   1.5491859E+03   1.4600000E+03   8.4700000E+02   2.4241600E-03   4.5185721E-03
   1.5491934E+03   1.4170000E+03   7.7900000E+02   8.4375340E-04   1.7033325E-03
   1.5492010E+03   1.4650000E+03   8.4200000E+02   1.0691835E-03   1.9356904E-03
   1.5492085E+03   1.4570000E+03   8.3400000E+02   6.5054873E-04   1.1691020E-03
   1.5492160E+03   1.4860000E+03   8.2800000E+02   6.1516718E-04   1.2428698E-03
   1.5492235E+03   1.4740000E+03   8.2700000E+02   1.6271546E-03   2.7158841E-03
   1.5492311E+03   1.4290000E+03   8.1100000E+02   1.5410592E-03   2.6572304E-03
   1.5492386E+03   1.4620000E+03   8.3600000E+02   2.0157943E-03   3.7396126E-03
   1.5492461E+03   1.4510000E+03   7.6900000E+02   9.6266154E-04   1.8843370E-03
   1.5492536E+03   1.4670000E+03   7.9900000E+02   2.2786372E-03   4.0622798E-03
   1.5492612E+03   1.4330000E+03   8.1500000E+02   1.7812532E-03   3.4762112E-03
   1.5492687E+03   1.4650000E+03   8.1800000E+02   6.8492626E-04   1.0253824E-03
   1.5492762E+03   1.4690000E+03   7.9200000E+02   1.7988955E-03   2.7612273E-03
   1.5492838E+03   1.5080000E+03   8.2400000E+02   1.3558354E-03   2.4618923E-03
   1.5492913E+03   1.4520000E+03   7.8400000E+02   3.2420794E-04   4.3869140E-04
   1.5492988E+03   1.4630000E+03   8.0100000E+02   1.1769998E-03   2.4939960E-03
   1.5493063E+03   1.4640000E+03   7.8600000E+02   1.3334442E-03   2.8474721E-03
   1.5493139E+03   1.4730000E+03   8.2200000E+02   1.0271721E-03   2.1348262E-03
   1.5493214E+03   1.5330000E+03   8.5500000E+02   1.6867540E-03   3.2698106E-03
   1.5493289E+03   1.5570000E+03   8.6500000E+02   1.8260102E-03   2.5916757E-03
   1.5493365E+03   1.5270000E+03   8.4200000E+02   1.5580725E-03   2.4490569E-03
   1.5493440E+03   1.5670000E+03   8.6500000E+02   1.8112138E-03   2.5768435E-03
   1.5493515E+03   1.5900000E+03   8.8200000E+02   2.1161253E-03   3.5436346E-03
   1.5493590E+03   1.4890000E+03   8.1000000E+02   7.1848113E-04   2.0055358E-03
   1.5493666E+03   1.5170000E+03   8.2800000E+02   4.9144474E-04   1.0357230E-03
   1.5493741E+03   1.5720000E+03   8.4700000E+02   5.1779909E-04   7.1854491E-04
   1.5493816E+03   1.5820000E+03   8.9700000E+02   8.3364030E-04   2.6276522E-03
   1.5493892E+03   1.5860000E+03   8.3200000E+02   1.6990524E-04   1.0804916E-03
   1.5493967E+03   1.5920000E+03   8.7800000E+02   1.6291667E-03   3.2981028E-03
   1.5494042E+03   1.5990000E+03   8.3800000E+02   1.4529998E-03   3.2575172E-03
   1.5494117E+03   1.5530000E+03   8.5800000E+02   1.2750205E-03   2.2309193E-03
   1.5494193E+03   1.5670000E+03   8.2800000E+02   1.6382288E-03   4.0631054E-03
   1.5494268E+03   1.5920000E+03   8.6700000E+02   8.1187411E-04   1.6863000E-03
   1.5494343E+03   1.6010000E+03   8.7700000E+02   1.4309213E-04   7.9999801E-04
   1.5494419E+03   1.5610000E+03   8.5400000E+02   1.2841404E-03   2.6523383E-03
   1.5494494E+03   1.5870000E+03   8.1700000E+02   7.3592557E-04   1.2108007E-03
   1.5494569E+03   1.6220000E+03   8.6700000E+02   1.4330116E-03   2.5474949E-03
   1.5494644E+03   1.5720000E+03   8.4400000E+02   9.1964470E-04   2.4866195E-03
   1.5494720E+03   1.6020000E+03   8.6000000E+02   1.6110644E-03   1.6895097E-03
   1.5494795E+03   1.5960000E+03   9.0100000E+02   1.4665763E-03   1.7110472E-03
   1.5494870E+03   1.6420000E+03   8.8100000E+02   1.0403055E-03   2.0470740E-03
   1.5494946E+03   1.6200000E+03   8.7000000E+02   1.6025056E-03   2.8316421E-03
   1.5495021E+03   1.5270000E+03   8.0900000E+02   2.3322480E-03   3.7027527E-03
   1.5495096E+03   1.5830000E+03   8.2800000E+02   1.2709782E-03   1.0216539E-03
   1.5495171E+03   1.5880000E+03   8.7900000E+02   2.0080110E-03   3.8683466E-03
   1.5495247E+03   1.6000000E+03   8.4900000E+02   1.5108877E-03   3.0011083E-03
   1.5495322E+03   1.6540000E+03   9.3500000E+02   1.7987322E-03   3.5684248E-03
   1.5495397E+03   1.5380000E+03   8.4300000E+02   1.0911620E-03   2.7373220E-03
   1.5495473E+03   1.6440000E+03   8.8700000E+02   2.2113149E-03   3.5911749E-03
   1.5495548E+03   1.5570000E+03   8.4100000E+02   2.0057632E-03   2.6422097E-03
   1.5495623E+03   1.5940000E+03   8.8300000E+02   2.1335022E-03   3.1612428E-03
   1.5495698E+03   1.6730000E+03   8.4800000E+02   1.6605574E-03   1.2398550E-03
   1.5495774E+03   1.6010000E+03   8.7400000E+02   1.5108883E-03   2.7999859E-03
   1.5495849E+03   1.6350000E+03   8.8500000E+02   1.8530089E-03   2.7735137E-03
   1.5495924E+03   1.6250000E+03   8.4800000E+02   5.2431730E-04   7.1917918E-04
   1.5496000E+03   1.7690000E+03   9.1500000E+02   1.8076204E-03   3.7371685E-03
   1.5496075E+03   1.6410000E+03   8.6300000E+02   1.5360359E-03   1.6260551E-03
   1.5496150E+03   1.7170000E+03   9.1400000E+02   1.6523043E-03   3.0845882E-03
   1.5496225E+03   1.6620000E+03   8.7100000E+02   8.2074806E-04   1.2653720E-03
   1.5496301E+03   1.6410000E+03   8.8600000E+02   1.2118797E-03   2.5396564E-03
   1.5496376E+03   1.5630000E+03   8.4300000E+02   1.4187019E-03   2.8525920E-03
   1.5496451E+03   1.6860000E+03   9.2800000E+02   1.3984977E-03   2.6301461E-03
   1.5496527E+03   1.6450000E+03   8.9800000E+02   1.9225118E-03   3.3120153E-03
   1.5496602E+03   1.6230000E+03   8.6000000E+02   1.8912273E-03   3.0825861E-03
   1.5496677E+03   1.6290000E+03   8.9600000E+02   1.6050455E-03   2.6077066E-03
   1.5496752E+03   1.6320000E+03   8.9300000E+02   2.6637451E-03   5.2909124E-03
   1.5496828E+03   1.6080000E+03   8.4000000E+02   1.6578023E-03   2.9630781E-03
   1.5496903E+03   1.6350000E+03   8.8300000E+02   2.6277996E-03   4.7703601E-03
   1.5496978E+03   1.6650000E+03   9.2100000E+02   1.2004179E-03   1.9998400E-03
   1.5497053E+03   1.6560000E+03   8.7900000E+02   2.0013658E-03   3.6108381E-03
   1.5497129E+03   1.6870000E+03   9.0700000E+02   3.3689709E-04   1.0001146E-03
   1.5497204E+03   1.6690000E+03   8.9500000E+02   1.9688979E-04   1.5643510E-03
   1.5497279E+03   1.6510000E+03   8.3900000E+02   1.3401319E-03   2.3394592E-03
   1.5497355E+03   1.6490000E+03   9.4700000E+02   1.4334826E-03   2.6816525E-03
   1.5497430E+03   1.6850000E+03   8.8500000E+02   2.2094489E-03   4.5950361E-03
   1.5497505E+03   1.6210000E+03   8.9100000E+02   5.7398019E-04   2.6873625E-03
   1.5497580E+03   1.7070000E+03   9.2000000E+02   1.5676421E-03   2.0851587E-03
   1.5497656E+03   1.7430000E+03   9.3900000E+02   5.3202790E-04   1.5010645E-03
   1.5497731E+03   1.7230000E+03   9.2600000E+02   5.3812225E-04   5.1695353E-04
   1.5497806E+03   1.6660000E+03   8.7600000E+02   2.2553977E-03   4.4248410E-03
   1.5497882E+03   1.6780000E+03   8.7800000E+02   1.0334855E-03   1.6377957E-03
   1.5497957E+03   1.5900000E+03   8.4300000E+02   3.6192898E-03   5.4117799E-03
   1.5498032E+03   1.7010000E+03   8.9700000E+02   1.8057445E-03   2.6274209E-03
   1.5498107E+03   1.7280000E+03   9.3900000E+02   1.1588190E-03   2.1196385E-03
   1.5498183E+03   1.6460000E+03   8.7800000E+02   1.7769741E-03   3.1097884E-03
   1.5498258E+03   1.6630000E+03   9.2400000E+02   6.7242248E-05   7.1748116E-04
   1.5498333E+03   1.7160000E+03   9.0300000E+02   8.6415794E-04   2.9199918E-03
   1.5498409E+03   1.6520000E+03   9.3900000E+02   4.1398500E-04   9.4840649E-04
   1.5498484E+03   1.6400000E+03   8.6900000E+02   2.5777249E-03   3.6019363E-03
   1.5498559E+03   1.6590000E+03   9.2000000E+02   3.1860758E-03   4.4463866E-03
   1.5498634E+03   1.7020000E+03   8.8600000E+02   1.6307842E-03   2.4119391E-03
   1.5498710E+03   1.7170000E+03   9.0800000E+02   1.6865695E-03   2.1607293E-03
   1.5498785E+03   1.6940000E+03   9.1700000E+02   1.6807873E-03   2.0950174E-03
   1.5498860E+03   1.7330000E+03   9.6000000E+02   2.5663442E-03   2.5446538E-03
   1.5498936E+03   1.7190000E+03   9.2700000E+02   7.2077541E-04   1.6886273E-03
   1.5499011E+03   1.7260000E+03   9.5700000E+02   2.5474122E-04   1.0258399E-03
   1.5499086E+03   1.7060000E+03   9.2100000E+02   8.1704091E-04   3.0488030E-04
   1.5499161E+03   1.6940000E+03   9.3500000E+02   4.3782846E-04   1.2209298E-04
   1.5499237E+03   1.7200000E+03   9.3500000E+02   1.3311656E-03   2.3844512E-03
   1.5499312E+03   1.6820000E+03   8.8300000E+02   2.0628894E-03   1.9053416E-03
   1.5499387E+03   1.6950000E+03   8.7800000E+02   1.5431380E-03   1.5064740E-03
   1.5499463E+03   1.6280000E+03   8.8500000E+02   4.9383693E-04   9.9736451E-04
   1.5499538E+03   1.6970000E+03   8.9500000E+02   1.1657240E-03   1.7224655E-03
   1.5499613E+03   1.7740000E+03   9.3700000E+02   1.2595722E-03   3.2810484E-03
   1.5499688E+03   1.7570000E+03   9.3600000E+02   1.0011209E-03   1.9328807E-03
   1.5499764E+03   1.7020000E+03   8.8900000E+02   2.0456568E-03   4.3738613E-03
   1.5499839E+03   1.6860000E+03   8.8800000E+02   1.5089119E-03   1.9886848E-03
   1.5499914E+03   1.7430000E+03   9.3800000E+02   1.9578780E-03   2.6450545E-03
   1.5499990E+03   1.6910000E+03   8.9700000E+02   2.9773557E-03   4.7643389E-03
   1.5500065E+03   1.6760000E+03   9.1400000E+02   1.0293923E-03   1.8260024E-03
   1.5500140E+03   1.7340000E+03   8.9800000E+02   1.3132079E-03   1.3498036E-03
   1.5500215E+03   1.7640000E+03   9.7100000E+02   2.0282840E-03   2.6445892E-03
   1.5500291E+03   1.6810000E+03   8.7100000E+02   1.1157864E-03   2.9196610E-03
   1.5500366E+03   1.7880000E+03   9.5500000E+02   2.0216848E-03   4.2750364E-03
   1.5500441E+03   1.6630000E+03   8.9700000E+02   2.6798914E-03   3.7788357E-03
   1.5500517E+03   1.6980000E+03   9.5300000E+02   2.0135533E-03   2.7994708E-03
   1.5500592E+03   1.7020000E+03   9.0800000E+02   2.6165176E-03   5.7016692E-03
   1.5500667E+03   1.6840000E+03   8.8400000E+02   9.3237601E-04   2.5792538E-03
   1.5500742E+03   1.7390000E+03   9.0400000E+02   2.5151976E-03   3.8566431E-03
   1.5500818E+03   1.6340000E+03   8.7300000E+02   4.9831493E-04   1.0993279E-03
   1.5500893E+03   1.6680000E+03   8.7600000E+02   1.7266637E-03   4.3135344E-03
   1.5500968E+03   1.7660000E+03   9.8000000E+02   9.1631899E-04   1.9341179E-03
   1.5501044E+03   1.7950000E+03   9.8300000E+02   1.9277771E-03   1.4160926E-03
   1.5501119E+03   1.7410000E+03   9.4900000E+02   2.6279964E-03   4.0988039E-03
   1.5501194E+03   1.6980000E+03   9.0200000E+02   2.8685224E-03   4.5692690E-03
   1.5501269E+03   1.7380000E+03   9.0500000E+02   1.6073590E-03   4.0416417E-03
   1.5501345E+03   1.6650000E+03   8.9800000E+02   3.1065044E-04   2.8628093E-03
   1.5501420E+03   1.7900000E+03   9.6300000E+02   2.2619889E-03   1.8679756E-03
   1.5501495E+03   1.7040000E+03   8.6200000E+02   3.3476164E-03   5.1135944E-03
   1.5501571E+03   1.7080000E+03   9.3300000E+02   1.1560915E-03   2.2660681E-03
   1.5501646E+03   1.6260000E+03   8.1400000E+02   1.8028175E-03   3.6927746E-03
   1.5501721E+03   1.6980000E+03   9.1100000E+02   4.0667012E-03   5.2031161E-03
   1.5501796E+03   1.6970000E+03   9.0400000E+02   2.1395935E-03   3.8243215E-03
   1.5501872E+03   1.7130000E+03   9.2200000E+02   2.7453669E-03   4.3304754E-03
   1.5501947E+03   1.7390000E+03   9.2300000E+02   2.0254559E-03   3.6910710E-03
   1.5502022E+03   1.7090000E+03   9.5400000E+02   1.0102264E-03   1.6499468E-03
   1.5502097E+03   1.7110000E+03   9.5000000E+02   1.2690721E-03   2.3400323E-03
   1.5502173E+03   1.7010000E+03   9.0200000E+02   2.4496959E-03   2.3243981E-03
   1.5502248E+03   1.7110000E+03   9.1500000E+02   7.3442807E-04   1.4746057E-03
   1.5502323E+03   1.6260000E+03   9.3500000E+02   3.2972840E-04   1.7629005E-03
   1.5502399E+03   1.7030000E+03   9.0900000E+02   1.2431858E-03   1.5395963E-03
   1.5502474E+03   1.7410000E+03   9.4600000E+02   1.9776685E-03   2.6016149E-03
   1.5502549E+03   1.7580000E+03   9.3600000E+02   2.7127596E-03   3.9506198E-03
   1.5502624E+03   1.7150000E+03   9.2800000E+02   7.7857029E-04   8.8569611E-05
   1.5502700E+03   1.6860000E+03   9.2900000E+02   1.1312570E-03   1.3792805E-03
   1.5502775E+03   1.6880000E+03   9.1900000E+02   1.1406361E-03   2.2147205E-03
   1.5502850E+03   1.7030000E+03   9.4800000E+02   1.4663120E-03   1.0302355E-03
   1.5502926E+03   1.6970000E+03   8.9400000E+02   5.6052776E-04   2.9048715E-03
   1.5503001E+03   1.6890000E+03   9.0900000E+02   1.7954482E-03   4.4158504E-03
   1.5503076E+03   1.8040000E+03   9.6800000E+02   3.8223592E-03   5.4929139E-03
   1.5503151E+03   1.6150000E+03   8.5700000E+02   1.5067215E-03   3.3091970E-03
   1.5503227E+03   1.6950000E+03   9.2000000E+02   1.4495890E-03   1.0649790E-03
   1.5503302E+03   1.6990000E+03   8.8000000E+02   4.8776423E-04   3.8462352E-04
   1.5503377E+03   1.6560000E+03   8.6400000E+02   4.6971283E-04   2.4724258E-03
   1.5503453E+03   1.7020000E+03   8.9600000E+02   9.3909875E-04   2.2328228E-03
   1.5503528E+03   1.7490000E+03   9.6700000E+02   2.8909659E-03   2.7434958E-03
   1.5503603E+03   1.7540000E+03   9.4500000E+02   9.4266975E-04   1.1782882E-03
   1.5503678E+03   1.6780000E+03   9.1000000E+02   1.2838949E-03   2.4950968E-03
   1.5503754E+03   1.7200000E+03   9.3100000E+02   2.7080445E-03   4.1314502E-03
   1.5503829E+03   1.7040000E+03   8.8600000E+02   1.2173701E-04   1.6600085E-03
   1.5503904E+03   1.7720000E+03   9.1900000E+02   1.4703128E-03   2.2927718E-03
   1.5503980E+03   1.6890000E+03   8.9900000E+02   1.8730083E-03   1.1386946E-03
   1.5504055E+03   1.7560000E+03   9.5300000E+02   4.4475392E-04   2.3895580E-03
   1.5504130E+03   1.7470000E+03   9.4400000E+02   3.2420668E-03   5.7061404E-03
   1.5504205E+03   1.7620000E+03   9.3700000E+02   1.5977562E-03   3.0569247E-03
   1.5504281E+03   1.6660000E+03   8.6000000E+02   1.1266876E-03   1.7051732E-03
   1.5504356E+03   1.7440000E+03   9.3900000E+02   1.4291087E-03   2.2449434E-03
   1.5504431E+03   1.5990000E+03   8.4000000E+02   2.2651936E-03   2.1416830E-03
   1.5504507E+03   1.7060000E+03   8.6700000E+02   2.0951227E-03   3.2419878E-03
   1.5504582E+03   1.8120000E+03   9.6200000E+02   1.5802457E-03   4.4502310E-03
   1.5504657E+03   1.7230000E+03   8.9700000E+02   1.8531885E-03   2.7564835E-03
   1.5504732E+03   1.7270000E+03   8.9000000E+02   4.0550179E-03   6.5212409E-03
   1.5504808E+03   1.6190000E+03   8.7900000E+02   6.5918926E-04   2.3167739E-03
   1.5504883E+03   1.7500000E+03   9.1100000E+02   1.4539734E-03   3.3050974E-03
   1.5504958E+03   1.7690000E+03   9.1700000E+02   3.8083329E-03   4.3130866E-03
   1.5505034E+03   1.6280000E+03   8.4200000E+02   1.9579315E-03   4.1481266E-04
   1.5505109E+03   1.6770000E+03   9.0000000E+02   1.5432210E-03   1.6545694E-03
   1.5505184E+03   1.7700000E+03   9.4300000E+02   1.3804683E-03   3.6284494E-03
   1.5505259E+03   1.6790000E+03   8.8400000E+02   1.8168518E-03   2.3050743E-03
   1.5505335E+03   1.6920000E+03   8.9200000E+02   1.9281610E-03   2.6442598E-03
   1.5505410E+03   1.6350000E+03   8.8800000E+02   3.9598245E-04   1.5027335E-03
   1.5505485E+03   1.7060000E+03   9.1900000E+02   1.3358937E-03   4.0461984E-03
   1.5505561E+03   1.7240000E+03   9.0600000E+02   1.7855948E-03   3.6522463E-03
   1.5505636E+03   1.7000000E+03   9.1000000E+02   1.2462295E-03   2.0345523E-03
   1.5505711E+03   1.7180000E+03   9.4200000E+02   1.6777121E-03   3.4751790E-03
   1.5505786E+03   1.7690000E+03   9.5700000E+02   2.1452053E-04   1.6800967E-03
   1.5505862E+03   1.7110000E+03   8.8800000E+02   2.9743852E-04   7.3789774E-04
   1.5505937E+03   1.7270000E+03   9.4000000E+02   1.0654291E-03   3.4162851E-03
   1.5506012E+03   1.7530000E+03   9.0700000E+02   2.3278007E-03   1.3172733E-03
   1.5506087E+03   1.6680000E+03   8.8600000E+02   3.4654599E-03   3.5272078E-03
   1.5506163E+03   1.7180000E+03   9.4400000E+02   1.0041062E-03   1.2831550E-03
   1.5506238E+03   1.7280000E+03   9.3700000E+02   3.9880299E-05   1.0122161E-03
   1.5506313E+03   1.7130000E+03   9.0900000E+02   1.3474883E-03   2.6012840E-03
   1.5506389E+03   1.7280000E+03   9.5000000E+02   3.1985797E-03   5.8120823E-03
   1.5506464E+03   1.6300000E+03   8.7900000E+02   1.7603864E-03   1.5348277E-03
   1.5506539E+03   1.6660000E+03   9.1200000E+02   1.7448911E-03   2.4843991E-03
   1.5506614E+03   1.7710000E+03   9.3100000E+02   2.4974405E-03   4.8334632E-03
   1.5506690E+03   1.7030000E+03   8.6100000E+02   8.5412357E-04   1.4804046E-03
   1.5506765E+03   1.7080000E+03   9.4200000E+02   1.9109676E-03   2.3707819E-03
   1.5506840E+03   1.6910000E+03   9.0900000E+02   4.7686999E-04   1.5403039E-03
   1.5506916E+03   1.7480000E+03   9.2100000E+02   1.4780843E-03   1.8814421E-03
   1.5506991E+03   1.6970000E+03   8.9600000E+02   1.5419304E-03   3.1145942E-03
   1.5507066E+03   1.6690000E+03   8.9900000E+02   2.3783219E-04   2.0068445E-03
   1.5507141E+03   1.7030000E+03   8.9600000E+02   2.7682886E-03   2.7683402E-03
   1.5507217E+03   1.6890000E+03   9.3200000E+02   1.1796738E-03   3.9056672E-03
   1.5507292E+03   1.6890000E+03   8.8200000E+02   2.4042556E-03   3.5768669E-03
   1.5507367E+03   1.7980000E+03   9.6400000E+02   3.7501543E-03   6.4359172E-03
   1.5507443E+03   1.6400000E+03   8.3900000E+02   2.9647176E-03   4.7109119E-03
   1.5507518E+03   1.6940000E+03   8.8100000E+02   3.8360605E-03   5.2025995E-03
   1.5507593E+03   1.6560000E+03   8.8000000E+02   1.7574029E-03   2.9270526E-03
   1.5507668E+03   1.6320000E+03   8.6600000E+02   1.0388034E-03   3.5281434E-03
   1.5507744E+03   1.6540000E+03   8.6900000E+02   8.1999433E-05   1.1664627E-03
   1.5507819E+03   1.7070000E+03   9.0900000E+02   2.6422745E-03   2.7444444E-03
   1.5507894E+03   1.6880000E+03   8.8300000E+02   1.3014897E-03   5.2766166E-04
   1.5507970E+03   1.6760000E+03   8.8000000E+02   2.1794103E-03   4.9370542E-03
   1.5508045E+03   1.7580000E+03   9.2500000E+02   1.0100439E-03   2.8850118E-03
   1.5508120E+03   1.6400000E+03   8.7100000E+02   7.3509785E-04   2.2174245E-03
   1.5508195E+03   1.6790000E+03   8.7100000E+02   1.1116816E-03   3.2636194E-03
   1.5508271E+03   1.6790000E+03   8.8900000E+02   2.2284875E-03   2.6775495E-03
   1.5508346E+03   1.7030000E+03   9.7500000E+02   1.5434502E-03   2.4676605E-03
   1.5508421E+03   1.6460000E+03   8.6600000E+02   2.5093131E-03   3.6410321E-03
   1.5508497E+03   1.6930000E+03   9.5100000E+02   2.8753001E-03   3.4699110E-03
   1.5508572E+03   1.7020000E+03   9.0700000E+02   1.9933833E-03   2.4174448E-03
   1.5508647E+03   1.7030000E+03   9.1600000E+02   1.3864285E-03   1.1908825E-03
   1.5508722E+03   1.7580000E+03   9.4900000E+02   1.5247806E-03   2.6052464E-03
   1.5508798E+03   1.6820000E+03   8.7600000E+02   1.0936843E-03   2.7936290E-03
   1.5508873E+03   1.6180000E+03   8.6900000E+02   1.0237896E-03   7.0540407E-04
   1.5508948E+03   1.6240000E+03   8.4900000E+02   2.1178041E-04   1.4382442E-03
   1.5509024E+03   1.7270000E+03   9.1100000E+02   7.5931128E-04   1.8335907E-03
   1.5509099E+03   1.7570000E+03   9.3000000E+02   1.0552374E-03   1.1185707E-03
   1.5509174E+03   1.7470000E+03   9.3900000E+02   9.1533550E-04   4.3378753E-04
   1.5509249E+03   1.7640000E+03   9.3100000E+02   1.0876585E-03   1.1202740E-03
   1.5509325E+03   1.7060000E+03   8.5800000E+02   3.4362234E-03   3.7230680E-03
   1.5509400E+03   1.6430000E+03   8.6600000E+02   1.3486597E-03   2.3245340E-03
   1.5509475E+03   1.7560000E+03   9.8600000E+02   2.5098921E-03   2.3716031E-03
   1.5509551E+03   1.6290000E+03   8.9100000E+02   2.4093593E-03   5.3463338E-03
   1.5509626E+03   1.6640000E+03   8.8100000E+02   1.6009579E-03   1.5433982E-03
   1.5509701E+03   1.6380000E+03   8.7200000E+02   1.4280944E-03   2.1432479E-03
   1.5509776E+03   1.6960000E+03   9.3000000E+02   1.9039866E-03   4.1919957E-03
   1.5509852E+03   1.6300000E+03   8.7800000E+02   3.4084630E-03   2.7174255E-03
   1.5509927E+03   1.7160000E+03   9.1000000E+02   2.0446310E-03   2.8817959E-03
   1.5510002E+03   1.6690000E+03   8.9100000E+02   8.2223316E-04   1.5270975E-03
   1.5510078E+03   1.6720000E+03   8.7900000E+02   3.1153652E-03   4.5852237E-03
   1.5510153E+03   1.6550000E+03   8.8200000E+02   1.1159137E-03   2.0149132E-03
   1.5510228E+03   1.6580000E+03   8.4600000E+02   1.5246957E-03   2.7601690E-03
   1.5510303E+03   1.6280000E+03   8.9300000E+02   3.1932718E-03   4.0916201E-03
   1.5510379E+03   1.7340000E+03   9.5000000E+02   2.2465799E-03   2.6733252E-03
   1.5510454E+03   1.6720000E+03   8.8600000E+02   3.1895678E-03   4.2921522E-03
   1.5510529E+03   1.7110000E+03   9.5700000E+02   1.3025030E-03   2.4083905E-03
   1.5510604E+03   1.6720000E+03   9.0300000E+02   5.3047129E-04   1.2202379E-03
   1.5510680E+03   1.6950000E+03   9.1600000E+02   1.1544941E-03   2.9452854E-03
   1.5510755E+03   1.7470000E+03   9.6900000E+02   8.7386241E-04   1.1006520E-03
   1.5510830E+03   1.7530000E+03   9.2400000E+02   2.1715848E-03   3.3795164E-03
   1.5510906E+03   1.5940000E+03   8.5600000E+02   3.3201751E-03   4.9984380E-03
   1.5510981E+03   1.6960000E+03   9.1000000E+02   1.6950259E-03   1.6317882E-03
   1.5511056E+03   1.6220000E+03   8.6400000E+02   2.2938221E-03   3.2571835E-03
   1.5511131E+03   1.6600000E+03   8.8800000E+02   7.5467138E-04   1.4978961E-03
   1.5511207E+03   1.6530000E+03   8.8400000E+02   4.4933647E-04   1.9128198E-03
   1.5511282E+03   1.7170000E+03   9.4700000E+02   3.2887835E-03   4.3856483E-03
   1.5511357E+03   1.6320000E+03   8.6200000E+02   1.8458310E-03   4.8969013E-03
   1.5511433E+03   1.6140000E+03   8.6500000E+02   1.5681168E-03   2.5199480E-03
   1.5511508E+03   1.7280000E+03   9.2000000E+02   1.9069815E-03   3.2598802E-03
   1.5511583E+03   1.6820000E+03   8.7900000E+02   1.9655665E-03   1.0872589E-03
   1.5511658E+03   1.7170000E+03   9.3700000E+02   1.7824911E-03   2.0897642E-03
   1.5511734E+03   1.7160000E+03   8.7100000E+02   1.0506131E-03   5.9528903E-04
   1.5511809E+03   1.6740000E+03   8.7100000E+02   2.1550043E-03   2.6998958E-03
   1.5511884E+03   1.6580000E+03   8.9400000E+02   1.6439085E-03   2.3188704E-03
   1.5511960E+03   1.6550000E+03   9.0000000E+02   2.0730775E-03   3.3710067E-03
   1.5512035E+03   1.6980000E+03   8.8800000E+02   9.7636935E-04   1.8682207E-03
   1.5512110E+03   1.7570000E+03   9.5100000E+02   1.6036766E-03   1.6522134E-03
   1.5512185E+03   1.7000000E+03   8.9900000E+02   1.5857222E-03   3.2650632E-03
   1.5512261E+03   1.6000000E+03   8.2700000E+02   9.9447472E-04   1.8086799E-03
   1.5512336E+03   1.7720000E+03   9.7900000E+02   1.6606579E-03   2.4059696E-03
   1.5512411E+03   1.6450000E+03   8.7300000E+02   1.0791756E-03   1.8914210E-03
   1.5512487E+03   1.6990000E+03   8.9500000E+02   1.0987783E-03   1.1447817E-03
   1.5512562E+03   1.5930000E+03   8.2900000E+02   1.4064833E-03   1.7331837E-03
   1.5512637E+03   1.6650000E+03   8.7200000E+02   2.1197192E-03   3.2173221E-03
   1.5512712E+03   1.6940000E+03   9.0900000E+02   9.9914220E-04   1.6462976E-03
   1.5512788E+03   1.6180000E+03   8.4100000E+02   5.7928493E-04   6.5291551E-04
   1.5512863E+03   1.7210000E+03   9.0200000E+02   1.2049383E-03   4.2171117E-03
   1.5512938E+03   1.6620000E+03   8.8800000E+02   3.4185753E-03   3.6762206E-03
   1.5513014E+03   1.6680000E+03   8.8000000E+02   1.9228942E-04   1.0399467E-03
   1.5513089E+03   1.7070000E+03   9.0300000E+02   1.4961755E-03   2.1396680E-03
   1.5513164E+03   1.6850000E+03   8.9200000E+02   1.4480179E-03   1.0316566E-03
   1.5513239E+03   1.6850000E+03   8.9300000E+02   1.3348659E-03   2.9179263E-03
   1.5513315E+03   1.6360000E+03   9.2700000E+02   1.9128413E-03   4.5411541E-03
   1.5513390E+03   1.6040000E+03   8.7700000E+02   9.2838128E-04   1.8978752E-03
   1.5513465E+03   1.6120000E+03   8.4600000E+02   1.4011900E-03   2.1002022E-03
   1.5513541E+03   1.6960000E+03   8.7800000E+02   1.0553584E-03   2.2514216E-03
   1.5513616E+03   1.6310000E+03   8.7500000E+02   1.3634110E-03   2.5317004E-03
   1.5513691E+03   1.5930000E+03   8.4800000E+02   1.1046737E-03   8.3272161E-04
   1.5513766E+03   1.6560000E+03   8.9600000E+02   1.0375470E-03   2.2135504E-03
   1.5513842E+03   1.6300000E+03   8.6000000E+02   1.1214562E-03   3.5362150E-03
   1.5513917E+03   1.6650000E+03   9.1200000E+02   1.8302263E-03   2.9667516E-03
   1.5513992E+03   1.6190000E+03   8.6800000E+02   1.7349414E-03   1.8978706E-03
   1.5514068E+03   1.6480000E+03   8.7200000E+02   4.8658182E-04   6.0404326E-04
   1.5514143E+03   1.7070000E+03   8.7900000E+02   3.5480215E-04   2.2528210E-03
   1.5514218E+03   1.6720000E+03   9.0000000E+02   1.4452426E-03   1.5621474E-03
   1.5514293E+03   1.6740000E+03   8.8100000E+02   1.8234163E-03   2.2996642E-03
   1.5514369E+03   1.6870000E+03   9.4500000E+02   2.5399624E-03   3.5289289E-03
   1.5514444E+03   1.6260000E+03   8.7400000E+02   9.3125471E-04   1.7785883E-03
   1.5514519E+03   1.6600000E+03   8.7200000E+02   8.0731711E-04   2.3465930E-03
   1.5514595E+03   1.6960000E+03   8.8400000E+02   1.3036770E-03   2.1718257E-03
   1.5514670E+03   1.7000000E+03   8.8600000E+02   1.8259839E-03   9.9741422E-04
   1.5514745E+03   1.7120000E+03   9.2000000E+02   6.8647676E-04   1.1535455E-03
   1.5514820E+03   1.6020000E+03   8.8100000E+02   1.2836692E-03   1.9808857E-03
   1.5514896E+03   1.6080000E+03   8.8700000E+02   2.1035976E-04   1.4740494E-03
   1.5514971E+03   1.6310000E+03   8.7100000E+02   1.8881782E-03   1.0369687E-03
   1.5515046E+03   1.6470000E+03   8.2700000E+02   1.2176186E-03   2.4739576E-03
   1.5515122E+03   1.6030000E+03   8.7300000E+02   1.9208150E-03   5.0089874E-03
   1.5515197E+03   1.6680000E+03   8.8200000E+02   2.4442409E-03   3.5346202E-03
   1.5515272E+03   1.6810000E+03   8.8500000E+02   6.2690891E-04   1.1941723E-03
   1.5515347E+03   1.5740000E+03   8.7000000E+02   5.3172927E-04   8.7595094E-04
   1.5515423E+03   1.6200000E+03   8.2500000E+02   5.1739341E-04   1.2404628E-03
   1.5515498E+03   1.6040000E+03   8.4800000E+02   1.1253282E-03   2.4492368E-03
   1.5515573E+03   1.5960000E+03   8.4200000E+02   8.7029538E-04   1.5921446E-03
   1.5515648E+03   1.6270000E+03   8.4900000E+02   1.1847866E-03   1.6404823E-03
   1.5515724E+03   1.6040000E+03   8.7000000E+02   1.0123605E-03   1.9990376E-03
   1.5515799E+03   1.5930000E+03   8.3500000E+02   1.7866365E-03   1.3103773E-03
   1.5515874E+03   1.7010000E+03   9.0200000E+02   9.1327726E-04   4.5123808E-04
   1.5515950E+03   1.7370000E+03   9.1500000E+02   1.2316778E-03   2.3675549E-03
   1.5516025E+03   1.6260000E+03   8.5500000E+02   5.8900049E-04   6.7800106E-04
   1.5516100E+03   1.5840000E+03   8.2500000E+02   9.0285275E-04   2.4547684E-03
   1.5516175E+03   1.6520000E+03   9.0200000E+02   6.3448115E-04   1.8837207E-03
   1.5516251E+03   1.6230000E+03   8.5000000E+02   3.7535830E-04   3.4664552E-04
   1.5516326E+03   1.6460000E+03   8.6900000E+02   2.2635039E-03   2.5808550E-03
   1.5516401E+03   1.6700000E+03   8.5000000E+02   4.4646852E-03   6.5503649E-03
   1.5516477E+03   1.6660000E+03   8.7200000E+02   1.2388334E-03   3.9712688E-03
   1.5516552E+03   1.6740000E+03   8.8900000E+02   5.4423749E-04   8.4065939E-04
   1.5516627E+03   1.6350000E+03   8.9000000E+02   1.5184042E-03   9.9051043E-04
   1.5516702E+03   1.6340000E+03   8.3700000E+02   5.8126668E-04   1.4171168E-03
   1.5516778E+03   1.6830000E+03   8.9800000E+02   1.7298678E-03   4.2690628E-03
   1.5516853E+03   1.6600000E+03   8.9100000E+02   1.0507549E-03   2.7085943E-03
   1.5516928E+03   1.6440000E+03   8.5800000E+02   6.2768885E-04   3.1251468E-03
   1.5517004E+03   1.6590000E+03   8.8000000E+02   2.1188684E-03   3.4281975E-03
   1.5517079E+03   1.6100000E+03   8.5600000E+02   1.6190378E-03   2.5814196E-03
   1.5517154E+03   1.6480000E+03   8.5200000E+02   1.3427157E-03   1.3904747E-03
   1.5517229E+03   1.6040000E+03   8.2800000E+02   3.3456987E-03   2.9940564E-03
   1.5517305E+03   1.6760000E+03   8.3700000E+02   7.0282069E-04   5.3890718E-04
   1.5517380E+03   1.6720000E+03   9.0200000E+02   2.1438662E-03   1.6679804E-03
   1.5517455E+03   1.5670000E+03   8.1100000E+02   2.2371167E-03   3.8784052E-03
   1.5517531E+03   1.6720000E+03   8.6200000E+02   1.5221842E-03   1.8854041E-03
   1.5517606E+03   1.7330000E+03   9.5100000E+02   1.1132352E-03   2.0142256E-03
   1.5517681E+03   1.6610000E+03   8.8900000E+02   3.2877312E-03   4.1262710E-03
   1.5517756E+03   1.6460000E+03   8.6400000E+02   1.7215599E-03   3.4722259E-03
   1.5517832E+03   1.7320000E+03   9.2200000E+02   5.0823478E-04   4.8272431E-04
   1.5517907E+03   1.6970000E+03   8.8000000E+02   2.2769684E-04   9.5574548E-04
   1.5517982E+03   1.5880000E+03   8.3000000E+02   2.5976742E-04   1.1611477E-03
   1.5518058E+03   1.6120000E+03   8.5600000E+02   1.6747630E-03   3.2771004E-03
   1.5518133E+03   1.6470000E+03   8.6300000E+02   1.6067813E-03   2.0224583E-03
   1.5518208E+03   1.6160000E+03   8.3900000E+02   1.8663717E-03   3.2324683E-03
   1.5518283E+03   1.6290000E+03   8.9900000E+02   1.1246434E-03   2.3531433E-03
   1.5518359E+03   1.6430000E+03   8.4500000E+02   1.0389845E-03   1.6888814E-03
   1.5518434E+03   1.5750000E+03   7.9600000E+02   2.0641119E-03   2.7752635E-03
   1.5518509E+03   1.6320000E+03   8.8400000E+02   8.2244792E-04   1.4065227E-03
   1.5518585E+03   1.6840000E+03   8.6400000E+02   1.6857659E-03   2.7289450E-03
   1.5518660E+03   1.6060000E+03   8.1000000E+02   7.1656022E-04   1.2204586E-03
   1.5518735E+03   1.6550000E+03   8.4100000E+02   2.0341326E-03   1.1325894E-03
   1.5518810E+03   1.6410000E+03   9.0500000E+02   1.8552473E-03   2.2257048E-03
   1.5518886E+03   1.7370000E+03   9.4900000E+02   1.3337807E-03   2.0480342E-03
   1.5518961E+03   1.6140000E+03   9.0900000E+02   1.9127661E-03   3.0180451E-03
   1.5519036E+03   1.7080000E+03   9.0400000E+02   8.4565831E-04   2.0377613E-03
   1.5519112E+03   1.6940000E+03   9.0600000E+02   1.1074115E-03   7.8263204E-04
   1.5519187E+03   1.6670000E+03   8.8200000E+02   1.7831181E-04   3.5144891E-04
   1.5519262E+03   1.6010000E+03   8.5200000E+02   1.1270703E-03   7.7312705E-04
   1.5519337E+03   1.6240000E+03   8.5200000E+02   9.9335608E-04   1.7433952E-03
   1.5519413E+03   1.6550000E+03   8.4200000E+02   1.8021246E-03   2.0238661E-03
   1.5519488E+03   1.5820000E+03   8.1700000E+02   1.6468412E-03   1.9057402E-03
   1.5519563E+03   1.6590000E+03   8.5100000E+02   1.4436213E-03   1.6445077E-03
   1.5519638E+03   1.5620000E+03   7.8800000E+02   1.1010396E-03   1.5789753E-03
   1.5519714E+03   1.5640000E+03   8.3500000E+02   1.1021174E-03   2.3652957E-03
   1.5519789E+03   1.6040000E+03   8.0000000E+02   6.5238775E-04   2.9137261E-04
   1.5519864E+03   1.6150000E+03   8.4800000E+02   1.5957949E-03   1.0465998E-03
   1.5519940E+03   1.6920000E+03   8.3200000E+02   1.8672215E-03   2.8879602E-03
   1.5520015E+03   1.6580000E+03   8.6100000E+02   1.5454848E-03   2.1579579E-03
   1.5520090E+03   1.6490000E+03   8.8900000E+02   2.0515747E-03   3.9686396E-03
   1.5520165E+03   1.6720000E+03   8.7100000E+02   1.1713004E-03   2.9493465E-04
   1.5520241E+03   1.6770000E+03   8.7300000E+02   2.5023282E-03   3.4841794E-03
   1.5520316E+03   1.6560000E+03   8.5200000E+02   1.0852806E-03   1.2751765E-03
   1.5520391E+03   1.6400000E+03   8.5600000E+02   1.4733218E-03   1.1763780E-03
   1.5520467E+03   1.6420000E+03   8.7100000E+02   2.2003924E-03   2.3798391E-03
   1.5520542E+03   1.6270000E+03   8.4400000E+02   1.4659150E-03   1.1231123E-03
   1.5520617E+03   1.6170000E+03   8.6300000E+02   2.4368081E-03   2.2164856E-03
   1.5520692E+03   1.5570000E+03   7.9100000E+02   2.1881857E-03   4.0260858E-03
   1.5520768E+03   1.5460000E+03   7.7500000E+02   1.1583322E-03   1.5534478E-03
   1.5520843E+03   1.6060000E+03   8.4000000E+02   6.7272092E-04   1.7936881E-03
   1.5520918E+03   1.5900000E+03   8.1500000E+02   1.4175302E-03   1.4596926E-03
   1.5520994E+03   1.5900000E+03   8.3400000E+02   1.2786472E-03   2.3728864E-03
   1.5521069E+03   1.6670000E+03   8.7800000E+02   1.6151376E-03   2.0758675E-03
   1.5521144E+03   1.6900000E+03   8.2600000E+02   1.8937464E-03   2.3910067E-03
   1.5521219E+03   1.6220000E+03   8.4100000E+02   1.4181381E-04   2.0421387E-03
   1.5521295E+03   1.6390000E+03   8.8000000E+02   1.1704523E-04   2.2095974E-04
   1.5521370E+03   1.6230000E+03   8.4200000E+02   2.1659816E-03   3.0632011E-03
   1.5521445E+03   1.5920000E+03   8.5300000E+02   6.6026019E-04   9.5676059E-04
   1.5521521E+03   1.5450000E+03   8.2800000E+02   9.8990242E-04   1.9393206E-03
   1.5521596E+03   1.5630000E+03   8.3000000E+02   1.7066185E-03   2.5304057E-03
   1.5521671E+03   1.5790000E+03   8.1500000E+02   5.5401872E-04   4.7977045E-04
   1.5521746E+03   1.6010000E+03   8.1000000E+02   2.7380466E-03   2.7399094E-03
   1.5521822E+03   1.6870000E+03   8.6300000E+02   8.8862939E-05   6.1062854E-04
   1.5521897E+03   1.6000000E+03   8.0700000E+02   8.5425377E-04   1.9476439E-03
   1.5521972E+03   1.5400000E+03   7.8700000E+02   1.2348954E-03   1.8563231E-03
   1.5522048E+03   1.5860000E+03   8.2100000E+02   1.2776578E-03   4.7599226E-04
   1.5522123E+03   1.6680000E+03   7.9500000E+02   6.9551094E-04   1.6913115E-03
   1.5522198E+03   1.6370000E+03   8.5300000E+02   8.6974767E-04   1.3483933E-03
   1.5522273E+03   1.7160000E+03   8.6800000E+02   6.0539093E-04   2.2314884E-04
   1.5522349E+03   1.6930000E+03   8.6600000E+02   8.9828242E-04   1.8570455E-03
   1.5522424E+03   1.5530000E+03   8.1800000E+02   5.7558567E-04   9.1972731E-04
   1.5522499E+03   1.6430000E+03   8.5200000E+02   1.9187125E-03   2.6323244E-03
   1.5522575E+03   1.5920000E+03   7.9800000E+02   1.1860906E-03   1.4484072E-03
   1.5522650E+03   1.6540000E+03   8.4200000E+02   8.2398672E-04   1.3392298E-03
   1.5522725E+03   1.5980000E+03   8.1200000E+02   6.8137938E-04   2.2613315E-03
   1.5522800E+03   1.5680000E+03   8.1700000E+02   6.9737320E-04   6.4923717E-04
   1.5522876E+03   1.7040000E+03   8.9600000E+02   1.5372385E-03   2.2700097E-03
   1.5522951E+03   1.6010000E+03   8.3100000E+02   1.7334147E-03   3.3420429E-03
   1.5523026E+03   1.6200000E+03   8.3500000E+02   5.6920402E-04   8.2593084E-04
   1.5523102E+03   1.5980000E+03   8.0600000E+02   1.4577551E-03   2.8194559E-03
   1.5523177E+03   1.6360000E+03   8.5000000E+02   7.0631492E-04   3.0798040E-04
   1.5523252E+03   1.6360000E+03   8.6000000E+02   2.7111979E-04   1.1090603E-03
   1.5523327E+03   1.5610000E+03   7.7200000E+02   8.7174700E-04   1.7700318E-03
   1.5523403E+03   1.6660000E+03   8.3200000E+02   1.1390871E-03   1.0313128E-03
   1.5523478E+03   1.5630000E+03   8.0300000E+02   1.9104085E-03   1.7793183E-03
   1.5523553E+03   1.5520000E+03   7.6400000E+02   8.4534249E-04   2.0501465E-03
   1.5523629E+03   1.6250000E+03   8.4300000E+02   1.2985233E-03   1.9072377E-03
   1.5523704E+03   1.5680000E+03   7.9500000E+02   6.5658486E-04   5.5199341E-04
   1.5523779E+03   1.5570000E+03   8.0800000E+02   8.9062682E-05   1.2885825E-03
   1.5523854E+03   1.6140000E+03   7.8900000E+02   1.3545275E-03   1.1250686E-03
   1.5523930E+03   1.6420000E+03   8.5600000E+02   1.2272652E-03   9.6106331E-04
   1.5524005E+03   1.5940000E+03   7.8700000E+02   3.1958747E-04   6.4777508E-04
   1.5524080E+03   1.5190000E+03   7.6400000E+02   4.3715596E-04   1.5794573E-03
   1.5524155E+03   1.6420000E+03   8.1100000E+02   2.3943850E-04   8.5811319E-04
   1.5524231E+03   1.5790000E+03   7.8500000E+02   1.4506797E-03   2.6789986E-03
   1.5524306E+03   1.5970000E+03   8.0800000E+02   9.8405266E-04   1.0822662E-03
   1.5524381E+03   1.6280000E+03   8.4200000E+02   8.7842980E-04   1.2718483E-03
   1.5524457E+03   1.5970000E+03   8.3500000E+02   7.5740276E-04   7.2435689E-04
   1.5524532E+03   1.6400000E+03   8.4900000E+02   1.3080182E-03   1.4287249E-03
   1.5524607E+03   1.6460000E+03   8.4000000E+02   2.6279145E-04   1.1532727E-03
   1.5524682E+03   1.5870000E+03   8.2200000E+02   1.5056773E-03   2.7870076E-03
   1.5524758E+03   1.5150000E+03   7.4200000E+02   1.2159546E-03   1.6774479E-03
   1.5524833E+03   1.6390000E+03   8.4500000E+02   6.7061340E-04   1.0687628E-03
   1.5524908E+03   1.5810000E+03   8.1000000E+02   1.2443966E-03   1.8528703E-03
   1.5524984E+03   1.6290000E+03   8.4000000E+02   8.4213677E-04   1.1586289E-03
   1.5525059E+03   1.6120000E+03   7.9600000E+02   1.2439919E-03   2.6647449E-03
   1.5525134E+03   1.6150000E+03   8.3000000E+02   3.7198784E-04   7.8116682E-04
   1.5525209E+03   1.5520000E+03   7.5500000E+02   1.6146360E-04   1.0876322E-03
   1.5525285E+03   1.5990000E+03   8.1900000E+02   1.7767235E-03   2.6608121E-03
   1.5525360E+03   1.5710000E+03   8.2600000E+02   9.1605585E-04   2.0117377E-03
   1.5525435E+03   1.5570000E+03   7.7700000E+02   4.3855203E-04   9.1861633E-04
   1.5525511E+03   1.5460000E+03   7.6400000E+02   2.8300428E-04   9.7975349E-04
   1.5525586E+03   1.5250000E+03   7.5200000E+02   1.0417570E-03   2.0723157E-03
   1.5525661E+03   1.5820000E+03   7.8700000E+02   4.3182809E-04   8.3123138E-04
   1.5525736E+03   1.5200000E+03   7.6300000E+02   9.5537962E-04   1.3344273E-03
   1.5525812E+03   1.5890000E+03   7.9700000E+02   5.2043419E-04   1.5400431E-03
   1.5525887E+03   1.5630000E+03   7.7500000E+02   4.2487299E-04   5.9097519E-04
   1.5525962E+03   1.5690000E+03   8.2600000E+02   8.2718722E-05   1.3533926E-03
   1.5526038E+03   1.5700000E+03   8.4900000E+02   4.6555517E-04   1.0681518E-03
   1.5526113E+03   1.5240000E+03   7.9500000E+02   8.9431696E-04   7.2534660E-04
   1.5526188E+03   1.5680000E+03   7.8300000E+02   1.4900655E-03   1.9501571E-03
   1.5526263E+03   1.6090000E+03   8.0600000E+02   3.6072551E-04   8.9743323E-04
   1.5526339E+03   1.5470000E+03   7.6100000E+02   5.9577823E-04   1.7622188E-03
   1.5526414E+03   1.6130000E+03   7.9300000E+02   5.9815131E-04   1.0476756E-04
   1.5526489E+03   1.5650000E+03   7.6700000E+02   7.5762081E-04   5.6912078E-04
   1.5526565E+03   1.6050000E+03   7.9600000E+02   1.9938078E-03   1.8277103E-03
   1.5526640E+03   1.5640000E+03   7.7700000E+02   7.8906379E-04   1.2064143E-03
   1.5526715E+03   1.5640000E+03   7.8800000E+02   7.1003890E-04   9.4864253E-04
   1.5526790E+03   1.6130000E+03   7.9200000E+02   3.4896470E-04   7.9883069E-04
   1.5526866E+03   1.5240000E+03   7.6100000E+02   1.4022785E-03   9.2225735E-04
   1.5526941E+03   1.4920000E+03   7.4000000E+02   8.5375020E-04   1.0316756E-03
   1.5527016E+03   1.5340000E+03   7.5800000E+02   1.1148090E-03   6.8931278E-04
   1.5527092E+03   1.5750000E+03   7.6200000E+02   6.0039328E-04   5.2605053E-04
   1.5527167E+03   1.5230000E+03   7.6800000E+02   4.7387836E-04   7.4360833E-04
   1.5527242E+03   1.5660000E+03   8.0100000E+02   5.1314886E-04   4.0335233E-04
   1.5527317E+03   1.6050000E+03   7.9300000E+02   1.2406097E-03   2.2950965E-03
   1.5527393E+03   1.5760000E+03   7.4100000E+02   3.2369230E-04   1.4160555E-03
   1.5527468E+03   1.5510000E+03   7.4700000E+02   4.9875182E-04   5.5715579E-04
   1.5527543E+03   1.6070000E+03   7.7400000E+02   2.3412088E-04   7.7468433E-04
   1.5527619E+03   1.5940000E+03   7.8600000E+02   3.3044623E-04   8.2897261E-04
   1.5527694E+03   1.5770000E+03   7.8400000E+02   2.9113843E-04   7.3358671E-04
   1.5527769E+03   1.4770000E+03   7.3100000E+02   1.2936850E-03   1.5977136E-03
   1.5527844E+03   1.5660000E+03   7.6700000E+02   5.6895212E-04   1.3446662E-03
   1.5527920E+03   1.5860000E+03   7.8300000E+02   6.5873784E-04   7.0831904E-04
   1.5527995E+03   1.5300000E+03   7.6000000E+02   6.6320512E-04   3.0093633E-04
   1.5528070E+03   1.5870000E+03   7.6600000E+02   5.4348063E-04   6.7428157E-04
   1.5528146E+03   1.6080000E+03   7.7700000E+02   6.6823999E-04   8.9709537E-04
   1.5528221E+03   1.5400000E+03   7.4600000E+02   2.9738367E-04   6.3687271E-04
   1.5528296E+03   1.6230000E+03   8.1400000E+02   3.2949004E-04   9.6416993E-04
   1.5528371E+03   1.5370000E+03   7.7000000E+02   7.0955108E-04   7.5398531E-04
   1.5528447E+03   1.5540000E+03   7.6400000E+02   8.0511641E-04   7.8501924E-04
   1.5528522E+03   1.5360000E+03   7.5100000E+02   6.8814619E-04   1.6444514E-03
   1.5528597E+03   1.5160000E+03   7.3400000E+02   6.5710085E-04   1.1859506E-03
   1.5528673E+03   1.5250000E+03   7.1900000E+02   3.2817129E-04   7.3601260E-04
   1.5528748E+03   1.5370000E+03   7.1500000E+02   3.7853334E-04   1.2216596E-03
   1.5528823E+03   1.5580000E+03   7.7100000E+02   4.0986347E-04   1.2157217E-03
   1.5528898E+03   1.5790000E+03   8.0500000E+02   8.9839613E-04   1.0069995E-03
   1.5528974E+03   1.5500000E+03   7.2600000E+02   1.2685614E-03   2.6563821E-03
   1.5529049E+03   1.5740000E+03   7.4400000E+02   1.0210596E-03   1.2045047E-03
   1.5529124E+03   1.5390000E+03   7.8100000E+02   4.3569838E-04   5.0925191E-04
   1.5529199E+03   1.5470000E+03   7.7600000E+02   3.5876312E-04   7.2364097E-04
   1.5529275E+03   1.5420000E+03   7.4200000E+02   3.9055461E-04   1.1017863E-03
   1.5529350E+03   1.4480000E+03   7.1200000E+02   8.3735476E-04   1.3298122E-03
   1.5529425E+03   1.5580000E+03   7.9000000E+02   3.7079334E-04   8.1305557E-04
   1.5529501E+03   1.4950000E+03   7.2200000E+02   7.5677262E-04   7.0686855E-04
   1.5529576E+03   1.6050000E+03   8.0800000E+02   1.3413325E-03   2.1670293E-03
   1.5529651E+03   1.5150000E+03   7.2200000E+02   5.5406596E-04   4.6751056E-04
   1.5529726E+03   1.4540000E+03   6.6200000E+02   6.3712050E-04   1.7673195E-03
   1.5529802E+03   1.5490000E+03   7.5600000E+02   5.9253567E-04   9.2704284E-04
   1.5529877E+03   1.5570000E+03   7.2100000E+02   4.8100559E-04   4.4679380E-04
   1.5529952E+03   1.5660000E+03   7.3500000E+02   9.8666398E-04   1.6400422E-03
   1.5530028E+03   1.5660000E+03   7.1000000E+02   5.6554540E-04   6.0018945E-04
   1.5530103E+03   1.5330000E+03   7.5400000E+02   2.8489517E-04   6.8894196E-04
   1.5530178E+03   1.4850000E+03   7.0200000E+02   2.1306382E-04   1.0226085E-03
   1.5530253E+03   1.4920000E+03   6.8500000E+02   3.7337503E-04   2.3401607E-04
   1.5530329E+03   1.6280000E+03   7.6400000E+02   3.7157179E-04   3.3101681E-04
   1.5530404E+03   1.5650000E+03   7.2800000E+02   2.9267038E-04   8.3659703E-04
   1.5530479E+03   1.4770000E+03   7.0700000E+02   5.3099329E-04   6.7813956E-04
   1.5530555E+03   1.4440000E+03   7.1600000E+02   2.7278992E-04   9.5379527E-04
   1.5530630E+03   1.4830000E+03   6.7100000E+02   1.2823130E-04   4.0181328E-04
   1.5530705E+03   1.6080000E+03   7.8500000E+02   1.8822434E-04   7.9555642E-04
   1.5530780E+03   1.5420000E+03   7.0200000E+02   4.3662797E-04   3.6619704E-04
   1.5530856E+03   1.4520000E+03   7.2000000E+02   7.5130767E-04   8.3798749E-04
   1.5530931E+03   1.3850000E+03   6.5400000E+02   6.6818525E-04   1.2958210E-03
   1.5531006E+03   1.5010000E+03   7.0400000E+02   1.1590794E-03   1.6919919E-03
   1.5531082E+03   1.5270000E+03   7.0500000E+02   6.0559520E-04   7.6358052E-04
   1.5531157E+03   1.4850000E+03   6.6700000E+02   5.4364351E-04   1.1262188E-03
   1.5531232E+03   1.5180000E+03   7.3400000E+02   6.5062703E-04   8.3902783E-04
   1.5531307E+03   1.5600000E+03   7.8700000E+02   2.3566061E-04   4.4756664E-04
   1.5531383E+03   1.4530000E+03   6.5700000E+02   5.6581479E-04   1.6148585E-03
   1.5531458E+03   1.4860000E+03   7.3000000E+02   2.8742418E-04   2.1820748E-04
   1.5531533E+03   1.5360000E+03   7.3300000E+02   1.2299732E-03   1.0861573E-03
   1.5531609E+03   1.5280000E+03   7.2200000E+02   5.3909829E-04   7.8222625E-04
   1.5531684E+03   1.5320000E+03   7.1200000E+02   2.8253512E-04   6.7139301E-04
   1.5531759E+03   1.5370000E+03   7.0500000E+02   4.9114386E-04   1.0163313E-03
   1.5531834E+03   1.4400000E+03   6.6300000E+02   2.9408247E-04   6.3885588E-04
   1.5531910E+03   1.4750000E+03   6.9500000E+02   8.0536657E-04   1.2350756E-03
   1.5531985E+03   1.5100000E+03   6.8100000E+02   5.8054553E-04   1.2227948E-03
   1.5532060E+03   1.4830000E+03   6.8700000E+02   4.2708304E-04   5.5564848E-04
   1.5532136E+03   1.4510000E+03   6.4400000E+02   1.0456206E-03   1.6083888E-03
   1.5532211E+03   1.4310000E+03   6.6600000E+02   2.5782657E-04   8.0945741E-04
   1.5532286E+03   1.4620000E+03   6.6600000E+02   5.1196836E-04   2.3172129E-04
   1.5532361E+03   1.4820000E+03   7.3600000E+02   4.6987873E-04   9.4633043E-04
   1.5532437E+03   1.4710000E+03   6.3300000E+02   8.6975015E-05   1.7687411E-04
   1.5532512E+03   1.4490000E+03   6.9400000E+02   5.2177125E-04   8.5189309E-04
   1.5532587E+03   1.4380000E+03   6.7500000E+02   2.1794874E-04   4.6416131E-04
   1.5532663E+03   1.4520000E+03   6.6400000E+02   5.2884743E-05   1.1573944E-04
   1.5532738E+03   1.4730000E+03   6.6900000E+02   1.9997799E-04   1.0328331E-03
   1.5532813E+03   1.5700000E+03   7.0100000E+02   7.4065240E-04   3.4837544E-04
   1.5532888E+03   1.4810000E+03   7.1300000E+02   3.6544305E-04   7.5878314E-04
   1.5532964E+03   1.4650000E+03   6.6300000E+02   2.4265841E-04   4.7221014E-04
   1.5533039E+03   1.4880000E+03   6.8600000E+02   6.4507448E-04   6.8342803E-04
   1.5533114E+03   1.4830000E+03   6.8100000E+02   2.9630535E-04   6.4540938E-04
   1.5533189E+03   1.4610000E+03   6.7400000E+02   4.5502442E-04   6.5823530E-04
   1.5533265E+03   1.5480000E+03   7.2700000E+02   3.2814010E-04   4.3221280E-04
   1.5533340E+03   1.4510000E+03   6.6500000E+02   6.3387794E-04   7.3389198E-04
   1.5533415E+03   1.4280000E+03   6.8600000E+02   2.2341565E-04   4.6526179E-04
   1.5533491E+03   1.4570000E+03   6.6900000E+02   6.6727504E-04   1.1384238E-03
   1.5533566E+03   1.4450000E+03   6.8900000E+02   1.3633030E-04   2.7936357E-04
   1.5533641E+03   1.5110000E+03   6.8200000E+02   6.1659526E-04   1.2196365E-03
   1.5533716E+03   1.4680000E+03   6.9500000E+02   2.8166443E-04   8.6050310E-06
   1.5533792E+03   1.4010000E+03   6.3300000E+02   2.7262183E-04   5.2590112E-04
   1.5533867E+03   1.4830000E+03   7.0100000E+02   2.0662224E-04   4.3694506E-04
   1.5533942E+03   1.4320000E+03   6.6400000E+02   4.3144633E-04   4.8739559E-04
   1.5534018E+03   1.5110000E+03   6.7100000E+02   7.9136432E-04   1.6565869E-03
   1.5534093E+03   1.4050000E+03   6.4500000E+02   7.0978685E-04   1.9647809E-03
   1.5534168E+03   1.4430000E+03   6.2800000E+02   6.0831330E-04   8.9798865E-04
   1.5534243E+03   1.4990000E+03   6.5200000E+02   1.3755637E-04   3.1790266E-04
   1.5534319E+03   1.5090000E+03   6.9200000E+02   1.7417043E-04   7.4640877E-04
   1.5534394E+03   1.4520000E+03   6.3300000E+02   3.6717558E-04   4.4412840E-04
   1.5534469E+03   1.4650000E+03   6.4500000E+02   1.3482031E-04   5.8959785E-04
   1.5534545E+03   1.4880000E+03   6.8300000E+02   5.3730913E-04   9.1012516E-04
   1.5534620E+03   1.4070000E+03   6.4300000E+02   5.7826026E-04   8.2114951E-04
   1.5534695E+03   1.4190000E+03   6.2400000E+02   3.9101835E-04   8.8905316E-04
   1.5534770E+03   1.5000000E+03   7.0400000E+02   2.7063730E-04   4.5542612E-05
   1.5534846E+03   1.4620000E+03   6.6700000E+02   3.6638000E-04   1.0239282E-03
   1.5534921E+03   1.4210000E+03   6.5600000E+02   9.5773139E-04   4.7908389E-04
   1.5534996E+03   1.4520000E+03   6.4400000E+02   2.7315729E-04   6.1616116E-04
   1.5535072E+03   1.4280000E+03   6.5900000E+02   4.4854113E-04   3.7959642E-04
   1.5535147E+03   1.3410000E+03   6.0300000E+02   7.7873669E-04   1.0279752E-03
   1.5535222E+03   1.4830000E+03   6.6400000E+02   7.0522969E-04   1.0875442E-03
   1.5535297E+03   1.4240000E+03   6.2000000E+02   1.1792391E-04   2.7094513E-04
   1.5535373E+03   1.3740000E+03   5.9100000E+02   2.0916828E-04   1.4757636E-05
   1.5535448E+03   1.4280000E+03   6.1100000E+02   1.5617785E-04   3.6560438E-04
   1.5535523E+03   1.3760000E+03   6.0800000E+02   2.1858257E-04   4.9388933E-04
   1.5535599E+03   1.3870000E+03   6.0000000E+02   4.1357967E-04   1.0950223E-03
   1.5535674E+03   1.3820000E+03   6.3000000E+02   3.7211056E-04   8.1601328E-04
   1.5535749E+03   1.3710000E+03   6.2500000E+02   4.5462293E-04   5.6706288E-04
   1.5535824E+03   1.4310000E+03   6.3700000E+02   2.1394917E-06   5.0494321E-06
   1.5535900E+03   1.4010000E+03   6.3400000E+02   1.6945259E-05   3.7402651E-05
   1.5535975E+03   1.3930000E+03   6.3200000E+02   6.0466984E-04   6.3206495E-04
   1.5536050E+03   1.3920000E+03   5.9700000E+02   2.0158232E-04   4.6933727E-04
   1.5536126E+03   1.4060000E+03   6.0200000E+02   1.9765215E-04   4.6163435E-04
   1.5536201E+03   1.4380000E+03   6.0900000E+02   7.0924858E-06   1.6874992E-05
   1.5536276E+03   1.3870000E+03   6.1000000E+02   2.2269037E-04   5.0515687E-04
   1.5536351E+03   1.3780000E+03   5.8900000E+02   5.8377606E-04   5.4136610E-04
   1.5536427E+03   1.3410000E+03   5.9400000E+02   4.6203180E-04   1.0446198E-03
   1.5536502E+03   1.4020000E+03   5.9500000E+02   3.4849834E-04   8.2130330E-04
   1.5536577E+03   1.4300000E+03   6.2400000E+02   2.9073281E-05   7.2766638E-05
   1.5536653E+03   1.4000000E+03   6.4000000E+02   3.1664733E-04   6.9320082E-04
   1.5536728E+03   1.3910000E+03   5.9600000E+02   3.6800425E-05   8.4400122E-05
   1.5536803E+03   1.3640000E+03   6.1500000E+02   1.2655373E-04   2.9404548E-04
   1.5536878E+03   1.3510000E+03   5.7900000E+02   1.9886287E-04   1.8706063E-04
   1.5536954E+03   1.3810000E+03   5.6200000E+02   1.2080908E-05   2.9651461E-05
   1.5537029E+03   1.3860000E+03   5.9700000E+02   4.9860460E-04   1.1571004E-03
   1.5537104E+03   1.3470000E+03   6.1300000E+02   2.8787790E-04   6.3270324E-04
   1.5537180E+03   1.3950000E+03   6.1200000E+02   3.2336877E-04   7.3695569E-04
   1.5537255E+03   1.3720000E+03   5.6600000E+02   4.4600437E-04   1.0804730E-03
   1.5537330E+03   1.3980000E+03   5.8000000E+02   2.5627221E-04   6.1771457E-04
   1.5537405E+03   1.4360000E+03   6.1100000E+02   8.7835582E-05   3.0501044E-04
   1.5537481E+03   1.4090000E+03   6.0900000E+02   1.7725305E-04   4.5477072E-04
   1.5537556E+03   1.3700000E+03   5.5600000E+02   4.8519274E-04   7.3220864E-04
   1.5537631E+03   1.3910000E+03   5.9500000E+02   3.7710497E-04   1.5575636E-03
   1.5537706E+03   1.3230000E+03   5.5900000E+02   1.0748901E-04   7.1658413E-04
   1.5537782E+03   1.4400000E+03   5.9900000E+02   4.1151656E-04   9.8964643E-04
   1.5537857E+03   1.3770000E+03   5.6500000E+02   2.1144930E-04   5.1532053E-04
   1.5537932E+03   1.3670000E+03   5.9100000E+02   3.2204605E-06   8.1147110E-06
   1.5538008E+03   1.3260000E+03   5.5500000E+02   2.1710712E-04   1.5852609E-05
   1.5538083E+03   1.3890000E+03   5.6700000E+02   2.0924104E-04   1.7504234E-04
   1.5538158E+03   1.3870000E+03   5.6700000E+02   1.4239159E-04   3.5161074E-04
   1.5538233E+03   1.3610000E+03   5.5200000E+02   4.3951353E-04   1.0676419E-03
   1.5538309E+03   1.2770000E+03   5.3300000E+02   3.4104765E-04   8.1718796E-04
   1.5538384E+03   1.3850000E+03   5.8000000E+02   3.9752737E-05   5.3966428E-05
   1.5538459E+03   1.3580000E+03   6.0400000E+02   2.8196562E-04   6.2801805E-04
   1.5538535E+03   1.4260000E+03   5.8300000E+02   2.0524396E-05   4.9866064E-05
   1.5538610E+03   1.3650000E+03   5.5800000E+02   1.6981561E-05   4.1660022E-05
   1.5538685E+03   1.3040000E+03   5.2600000E+02   5.6135745E-05   1.3918935E-04
   1.5538760E+03   1.3680000E+03   5.7800000E+02   1.3303313E-04   3.1983420E-04
   1.5538836E+03   1.3940000E+03   5.5200000E+02   2.8118160E-04   6.4222413E-06
   1.5538911E+03   1.3100000E+03   5.3800000E+02   3.1267018E-04   4.8034268E-06
   1.5538986E+03   1.3400000E+03   5.4000000E+02   1.7974616E-04   4.5621827E-04
   1.5539062E+03   1.3410000E+03   5.5700000E+02   3.0338360E-04   6.9641403E-06
   1.5539137E+03   1.3100000E+03   5.3800000E+02   3.7332051E-06   8.3653423E-06
   1.5539212E+03   1.3370000E+03   5.7000000E+02   2.6760980E-04   6.2779495E-04
   1.5539287E+03   1.3470000E+03   5.4600000E+02   5.0626855E-06   1.2274820E-05
   1.5539363E+03   1.4010000E+03   5.8400000E+02   2.0957336E-04   2.8588814E-04
   1.5539438E+03   1.3420000E+03   5.2200000E+02   8.8653776E-06   2.1497784E-05
   1.5539513E+03   1.3210000E+03   5.3500000E+02   3.7689878E-04   9.3072061E-04
   1.5539589E+03   1.4040000E+03   5.7100000E+02   4.3213729E-06   1.0604609E-05
   1.5539664E+03   1.3020000E+03   5.4900000E+02   2.9813073E-04   7.0672115E-04
   1.5539739E+03   1.3740000E+03   5.4100000E+02   2.4090418E-04   5.9518844E-04
   1.5539814E+03   1.3210000E+03   5.3300000E+02   3.9195425E-04   9.3923552E-04
   1.5539890E+03   1.3500000E+03   5.2500000E+02   1.4835783E-04   3.8385421E-04
   1.5539965E+03   1.2650000E+03   5.1500000E+02   8.1615304E-07   2.0719938E-06
   1.5540040E+03   1.3390000E+03   5.5400000E+02   1.1100873E-04   2.6840145E-04
   1.5540116E+03   1.3220000E+03   5.2300000E+02   1.0094795E-04   2.5554418E-04
   1.5540191E+03   1.2930000E+03   5.0500000E+02   3.5834030E-04   9.1744576E-04
   1.5540266E+03   1.3640000E+03   5.5900000E+02   3.4408297E-06   8.2016755E-06
   1.5540341E+03   1.3420000E+03   5.4900000E+02   4.3365619E-07   2.0622850E-06
   1.5540417E+03   1.3300000E+03   5.3700000E+02   5.5998159E-07   8.2389028E-07
   1.5540492E+03   1.2910000E+03   4.9600000E+02   7.9213675E-04   3.5791225E-04
   1.5540567E+03   1.3070000E+03   5.0600000E+02   2.0110155E-04   5.2003056E-04
   1.5540643E+03   1.3430000E+03   5.0800000E+02   2.6978350E-04   1.8570808E-06
   1.5540718E+03   1.3560000E+03   5.2600000E+02   2.0082086E-06   5.2029986E-06
   1.5540793E+03   1.3020000E+03   5.3500000E+02   5.9154072E-05   1.4356836E-04
   1.5540868E+03   1.2990000E+03   5.1000000E+02   5.9901185E-06   1.5270636E-05
   1.5540944E+03   1.3270000E+03   5.1600000E+02   3.0949183E-06   1.0658099E-05
   1.5541019E+03   1.2720000E+03   5.2400000E+02   1.8665156E-04   4.4526075E-05
   1.5541094E+03   1.3770000E+03   5.4700000E+02   4.1191616E-06   1.1085017E-05
   1.5541170E+03   1.3070000E+03   5.4200000E+02   4.4766140E-04   5.8554682E-04
   1.5541245E+03   1.2740000E+03   4.7300000E+02   3.5724457E-06   9.6508025E-06
   1.5541320E+03   1.3180000E+03   5.3600000E+02   2.0234385E-04   4.9736390E-04
   1.5541395E+03   1.2560000E+03   4.9800000E+02   1.0282136E-04   2.5811117E-04
   1.5541471E+03   1.3540000E+03   5.3000000E+02   2.4543960E-04   6.3489996E-05
   1.5541546E+03   1.2450000E+03   4.8900000E+02   2.3151746E-06   5.7237768E-06
   1.5541621E+03   1.2970000E+03   5.2600000E+02   4.4258752E-06   1.0518881E-05
   1.5541697E+03   1.2990000E+03   5.1300000E+02   3.4684864E-04   8.7777357E-04
   1.5541772E+03   1.2350000E+03   4.9200000E+02   5.0433114E-06   1.1547502E-05
   1.5541847E+03   1.2970000E+03   5.2500000E+02   4.2210423E-06   1.0420773E-05
   1.5541922E+03   1.2450000E+03   4.6300000E+02   2.7269082E-04   2.6230101E-06
   1.5541998E+03   1.3190000E+03   4.9600000E+02   3.3026459E-04   1.4741852E-06
   1.5542073E+03   1.2340000E+03   4.9000000E+02   3.3951413E-06   9.5742735E-06
   1.5542148E+03   1.2960000E+03   4.7700000E+02   1.3620561E-04   3.6810319E-04
   1.5542224E+03   1.2680000E+03   4.9200000E+02   1.8359458E-04   1.0963512E-04
   1.5542299E+03   1.2750000E+03   4.6500000E+02   3.8999818E-04   1.0698397E-03
   1.5542374E+03   1.3090000E+03   5.0300000E+02   1.9239969E-06   5.4383718E-06
   1.5542449E+03   1.3340000E+03   4.9300000E+02   7.3292318E-07   2.2826711E-06
   1.5542525E+03   1.3560000E+03   5.3500000E+02   3.6871273E-06   9.6178528E-06
   1.5542600E+03   1.3330000E+03   5.2400000E+02   3.1479626E-04   4.3829524E-04
   1.5542675E+03   1.2920000E+03   4.7900000E+02   3.1559364E-04   8.4864818E-04
   1.5542750E+03   1.2690000E+03   4.8300000E+02   2.9803225E-04   7.8299219E-04
   1.5542826E+03   1.2170000E+03   4.4000000E+02   3.9322625E-07   1.3887627E-06
   1.5542901E+03   1.2680000E+03   4.7300000E+02   1.3751433E-04   3.6863534E-04
   1.5542976E+03   1.3090000E+03   4.9600000E+02   2.1936029E-06   5.8239140E-06
   1.5543052E+03   1.2860000E+03   4.5200000E+02   1.9753641E-04   8.4488517E-05
   1.5543127E+03   1.3370000E+03   4.9100000E+02   1.9052842E-04   7.3863126E-05
   1.5543202E+03   1.1770000E+03   4.3900000E+02   2.3776920E-04   2.0627009E-06
   1.5543277E+03   1.2820000E+03   4.8800000E+02   2.5585510E-04   6.7231547E-04
   1.5543353E+03   1.2840000E+03   4.7600000E+02   2.0332797E-04   1.3019784E-03
   1.5543428E+03   1.2190000E+03   4.7900000E+02   3.6462393E-04   9.2855211E-04
   1.5543503E+03   1.2110000E+03   4.5200000E+02   1.2575445E-04   6.8304166E-06
   1.5543579E+03   1.2070000E+03   4.3600000E+02   2.0376394E-06   4.8732511E-06
   1.5543654E+03   1.2500000E+03   4.6300000E+02   1.3946569E-04   6.6803398E-04
   1.5543729E+03   1.2720000E+03   4.7800000E+02   1.9352849E-04   4.6000034E-04
   1.5543804E+03   1.2250000E+03   4.4700000E+02   1.2077324E-06   3.2674316E-06
   1.5543880E+03   1.2150000E+03   4.4500000E+02   1.5406468E-06   3.9783701E-06
   1.5543955E+03   1.2480000E+03   4.3400000E+02   3.5472483E-04   1.0188881E-03
   1.5544030E+03   1.3140000E+03   4.7700000E+02   2.7215950E-04   7.4992129E-04
   1.5544106E+03   1.1860000E+03   4.3000000E+02   1.8869891E-04   5.1628919E-04
   1.5544181E+03   1.2390000E+03   4.6300000E+02   4.5137430E-06   1.1965234E-05
   1.5544256E+03   1.2220000E+03   4.7000000E+02   3.8036225E-06   6.1276903E-06
   1.5544331E+03   1.2570000E+03   4.2400000E+02   2.2051579E-07   1.2451492E-06
   1.5544407E+03   1.2820000E+03   4.6100000E+02   7.9156723E-06   2.1976490E-05
   1.5544482E+03   1.2270000E+03   4.2300000E+02   2.5955223E-04   7.4769631E-04
   1.5544557E+03   1.2600000E+03   4.5200000E+02   3.1597425E-04   8.8063602E-04
   1.5544633E+03   1.2490000E+03   4.3800000E+02   2.7002360E-04   7.7002009E-04
   1.5544708E+03   1.1980000E+03   4.4800000E+02   2.2620108E-04   6.0481273E-04
   1.5544783E+03   1.2760000E+03   4.5500000E+02   2.8104931E-05   8.7890447E-06
   1.5544858E+03   1.2620000E+03   4.4000000E+02   6.0519174E-06   1.6959427E-05
   1.5544934E+03   1.2310000E+03   4.4600000E+02   9.5530930E-06   2.6344613E-05
   1.5545009E+03   1.2190000E+03   4.3600000E+02   1.5640958E-06   4.7954182E-06
   1.5545084E+03   1.2060000E+03   4.3400000E+02   4.4497778E-06   1.2541843E-05
   1.5545160E+03   1.2590000E+03   4.4500000E+02   1.5325312E-06   3.3410668E-06
   1.5545235E+03   1.2320000E+03   4.4200000E+02   3.1138244E-04   8.6799017E-04
   1.5545310E+03   1.1470000E+03   3.9500000E+02   1.3611546E-04   3.9479822E-04
   1.5545385E+03   1.1790000E+03   4.3200000E+02   4.1343985E-04   1.0532568E-03
   1.5545461E+03   1.2160000E+03   4.2200000E+02   1.3718774E-06   3.5087923E-06
   1.5545536E+03   1.2250000E+03   4.1400000E+02   4.7073071E-06   1.3751091E-05
   1.5545611E+03   1.1840000E+03   4.5100000E+02   3.9795101E-06   9.0033946E-06
   1.5545687E+03   1.2330000E+03   4.4800000E+02   2.0076660E-06   5.5335766E-06
   1.5545762E+03   1.2330000E+03   4.3700000E+02   6.9168315E-07   2.1639120E-06
   1.5545837E+03   1.1940000E+03   3.9600000E+02   1.1897881E-06   3.9730879E-06
   1.5545912E+03   1.3010000E+03   4.7200000E+02   7.4589611E-06   2.0155652E-05
   1.5545988E+03   1.1810000E+03   4.1300000E+02   2.8968094E-06   8.0037553E-06
   1.5546063E+03   1.1830000E+03   4.3500000E+02   3.3620862E-06   9.0963775E-06
   1.5546138E+03   1.2400000E+03   4.3800000E+02   9.6811687E-05   2.7405625E-04
   1.5546214E+03   1.1790000E+03   4.2400000E+02   1.4694875E-04   7.1802752E-05
   1.5546289E+03   1.1210000E+03   4.0300000E+02   5.8983008E-06   1.6363801E-05
   1.5546364E+03   1.1860000E+03   4.2200000E+02   3.7060315E-06   1.0408978E-05
   1.5546439E+03   1.2050000E+03   4.1900000E+02   1.6903379E-06   1.8639825E-06
   1.5546515E+03   1.2240000E+03   4.0400000E+02   2.0574732E-05   6.2435495E-05
   1.5546590E+03   1.1850000E+03   3.9600000E+02   1.0408338E-05   3.0544006E-05
   1.5546665E+03   1.1080000E+03   4.0200000E+02   2.5281488E-06   6.4726786E-06
   1.5546740E+03   1.1880000E+03   4.0800000E+02   9.6939190E-06   2.8018909E-05
   1.5546816E+03   1.1630000E+03   4.0600000E+02   6.2995007E-05   1.8066517E-04
   1.5546891E+03   1.1900000E+03   4.2400000E+02   1.9875332E-06   5.4249725E-06
   1.5546966E+03   1.2200000E+03   4.5700000E+02   1.2848043E-06   3.0948723E-06
   1.5547042E+03   1.1670000E+03   3.6200000E+02   2.1463799E-04   6.9172050E-04
   1.5547117E+03   1.1880000E+03   4.3200000E+02   5.8940480E-06   1.6222911E-05
   1.5547192E+03   1.1740000E+03   3.8700000E+02   4.8390553E-06   1.4587334E-05
   1.5547267E+03   1.2150000E+03   4.1200000E+02   1.7351570E-06   4.8532761E-06
   1.5547343E+03   1.1730000E+03   4.2100000E+02   1.4151032E-05   3.9247792E-05
   1.5547418E+03   1.2360000E+03   4.0500000E+02   3.6560974E-06   1.1123344E-05
   1.5547493E+03   1.1250000E+03   3.6700000E+02   1.8780366E-04   5.7591907E-04
   1.5547569E+03   1.1860000E+03   4.1800000E+02   2.2871456E-06   5.7580537E-06
   1.5547644E+03   1.2420000E+03   4.3800000E+02   2.2310938E-07   7.5571568E-07
   1.5547719E+03   1.2060000E+03   4.0500000E+02   3.7280111E-07   1.3034989E-06
   1.5547794E+03   1.1440000E+03   3.7400000E+02   1.4851850E-07   8.2641911E-07
   1.5547870E+03   1.1920000E+03   3.7800000E+02   1.5333407E-05   4.9878092E-05
   1.5547945E+03   1.2110000E+03   3.7400000E+02   1.0153521E-06   3.1064722E-06
   1.5548020E+03   1.1940000E+03   3.8300000E+02   8.3264027E-07   2.4630100E-06
   1.5548096E+03   1.1050000E+03   3.7700000E+02   1.1554132E-05   3.3788221E-05
   1.5548171E+03   1.1330000E+03   3.9000000E+02   3.5460446E-06   1.0694957E-05
   1.5548246E+03   1.2130000E+03   3.9500000E+02   1.0869428E-04   3.3029182E-04
   1.5548321E+03   1.1810000E+03   3.9600000E+02   2.4015817E-06   2.5241180E-06
   1.5548397E+03   1.0700000E+03   3.4800000E+02   7.5249977E-06   2.2553025E-05
   1.5548472E+03   1.1290000E+03   3.6800000E+02   5.2319325E-06   1.5908587E-05
   1.5548547E+03   1.2020000E+03   4.0100000E+02   1.5986984E-05   4.6827836E-05
   1.5548623E+03   1.1700000E+03   4.0400000E+02   1.6162537E-06   4.6260064E-06
   1.5548698E+03   1.2100000E+03   3.8400000E+02   1.6876899E-04   5.3229755E-04
   1.5548773E+03   1.1370000E+03   3.4200000E+02   4.0077606E-06   1.3676122E-05
   1.5548848E+03   1.1710000E+03   3.8000000E+02   2.3338107E-07   2.1274889E-06
   1.5548924E+03   1.1940000E+03   3.9300000E+02   9.8785005E-05   3.0154896E-04
   1.5548999E+03   1.1670000E+03   3.7800000E+02   1.5075145E-06   4.6968417E-06
   1.5549074E+03   1.1490000E+03   3.8800000E+02   1.7396349E-06   4.8854248E-06
   1.5549150E+03   1.1170000E+03   3.5800000E+02   5.6922147E-06   1.6277881E-05
   1.5549225E+03   1.1590000E+03   4.0100000E+02   2.0144014E-06   6.0334224E-06
   1.5549300E+03   1.1110000E+03   3.7100000E+02   1.9316771E-06   5.7913376E-06
   1.5549375E+03   1.1390000E+03   3.5000000E+02   2.1142178E-04   6.8842101E-04
   1.5549451E+03   1.1550000E+03   3.6200000E+02   2.0448762E-06   5.5891627E-06
   1.5549526E+03   1.1140000E+03   3.5400000E+02   5.6781187E-06   1.8424973E-05
   1.5549601E+03   1.1740000E+03   3.5700000E+02   2.9715676E-04   9.7727751E-04
   1.5549677E+03   1.1300000E+03   3.3900000E+02   2.7478446E-07   1.0517977E-06
   1.5549752E+03   1.1810000E+03   3.8300000E+02   7.0835071E-07   1.8784243E-06
   1.5549827E+03   1.1610000E+03   3.6500000E+02   2.5145718E-06   8.0963364E-06
   1.5549902E+03   1.1810000E+03   3.7400000E+02   2.5663892E-06   1.2441604E-05
   1.5549978E+03   1.1290000E+03   3.6600000E+02   3.4329559E-06   9.6839358E-06
   1.5550053E+03   1.1630000E+03   3.9200000E+02   3.6028101E-06   1.0412969E-05
   1.5550128E+03   1.0930000E+03   3.2700000E+02   5.8335809E-05   1.9492837E-04
   1.5550204E+03   1.1110000E+03   3.6100000E+02   5.6469789E-06   1.7415797E-05
   1.5550279E+03   1.1600000E+03   3.7300000E+02   2.3844759E-06   7.9380063E-06
   1.5550354E+03   1.1060000E+03   3.3700000E+02   6.7184522E-06   2.3262361E-05
   1.5550429E+03   1.1450000E+03   3.6000000E+02   2.0835088E-06   6.2291881E-06
   1.5550505E+03   1.1110000E+03   3.6600000E+02   8.2628976E-06   2.4435839E-05
   1.5550580E+03   1.0760000E+03   3.3200000E+02   9.1979338E-07   3.2746510E-06
   1.5550655E+03   1.1420000E+03   3.4400000E+02   5.5210691E-06   1.6846661E-05
   1.5550731E+03   1.1380000E+03   3.7500000E+02   2.8322703E-06   8.8604710E-06
   1.5550806E+03   1.1330000E+03   3.4600000E+02   5.5531054E-07   1.8063762E-06
   1.5550881E+03   1.0610000E+03   3.4300000E+02   5.4917512E-06   1.6096153E-05
   1.5550956E+03   1.0810000E+03   3.3700000E+02   1.6726468E-06   5.3983960E-06
   1.5551032E+03   1.1540000E+03   3.6200000E+02   3.5849694E-06   1.1303861E-05
   1.5551107E+03   1.1130000E+03   3.6100000E+02   1.9007393E-04   5.8577251E-04
   1.5551182E+03   1.1310000E+03   3.8700000E+02   4.0521676E-06   1.1299792E-05
   1.5551257E+03   1.1340000E+03   3.8100000E+02   1.0855450E-04   3.2314912E-04
   1.5551333E+03   1.0300000E+03   3.0900000E+02   7.6571523E-04   1.1503405E-03
   1.5551408E+03   1.1350000E+03   3.3400000E+02   3.9735130E-04   1.3505260E-03
   1.5551483E+03   1.1480000E+03   3.5600000E+02   1.6578573E-06   5.1646507E-06
   1.5551559E+03   1.1780000E+03   3.8000000E+02   2.8539960E-06   9.2927861E-06
   1.5551634E+03   1.1030000E+03   3.3900000E+02   1.0508400E-06   3.2896864E-06
   1.5551709E+03   1.0750000E+03   3.2800000E+02   4.1427328E-04   1.3563556E-03
   1.5551784E+03   1.1320000E+03   3.6000000E+02   1.8819029E-06   5.9980687E-06
   1.5551860E+03   1.0910000E+03   3.3600000E+02   1.9676306E-06   6.3684832E-06
   1.5551935E+03   1.0930000E+03   3.4500000E+02   3.3509134E-06   1.0843638E-05
   1.5552010E+03   1.0400000E+03   3.0600000E+02   4.3480636E-04   1.4776066E-03
   1.5552086E+03   1.1650000E+03   3.3000000E+02   7.1601315E-06   2.4122514E-05
   1.5552161E+03   1.0660000E+03   3.2600000E+02   3.4501903E-06   1.0677033E-05
   1.5552236E+03   1.0830000E+03   3.3200000E+02   9.3635574E-07   3.7114885E-06
   1.5552311E+03   1.1220000E+03   3.1900000E+02   3.5613854E-06   1.3693140E-05
   1.5552387E+03   1.0500000E+03   3.2600000E+02   8.7851373E-06   2.2571616E-06
   1.5552462E+03   1.0610000E+03   3.1900000E+02   1.9698058E-06   6.1906812E-06
   1.5552537E+03   1.0610000E+03   3.0200000E+02   2.2102305E-05   7.6253792E-05
   1.5552613E+03   1.1430000E+03   3.3500000E+02   1.3369664E-04   4.5636383E-04
   1.5552688E+03   1.1130000E+03   3.4700000E+02   3.6967460E-06   1.1818901E-05
   1.5552763E+03   1.0720000E+03   2.9900000E+02   4.5279896E-06   1.6174636E-05
   1.5552838E+03   1.0900000E+03   3.3200000E+02   6.7216060E-07   1.4235165E-06
   1.5552914E+03   1.1430000E+03   3.1600000E+02   1.3853966E-06   4.9145862E-06
   1.5552989E+03   1.0680000E+03   2.9600000E+02   3.6698260E-06   1.3327779E-05
   1.5553064E+03   1.0890000E+03   3.1900000E+02   7.0135618E-05   2.4653761E-04
   1.5553140E+03   1.1280000E+03   3.4900000E+02   8.0964997E-07   1.7138661E-06
   1.5553215E+03   1.0670000E+03   3.1400000E+02   1.0479392E-04   3.5608207E-04
   1.5553290E+03   1.1070000E+03   3.2400000E+02   1.8232432E-06   5.8751221E-06
   1.5553365E+03   1.1250000E+03   2.8700000E+02   1.6929586E-06   7.3531432E-06
   1.5553441E+03   1.1260000E+03   3.4200000E+02   1.8017492E-06   7.1419262E-06
   1.5553516E+03   1.0560000E+03   3.2700000E+02   8.8401581E-06   2.8398506E-05
   1.5553591E+03   1.1180000E+03   3.3100000E+02   1.3145907E-05   4.4306805E-05
   1.5553667E+03   1.1280000E+03   3.2200000E+02   6.7275861E-07   1.9800580E-06
   1.5553742E+03   1.0630000E+03   3.2400000E+02   3.0695240E-04   1.0070441E-03
   1.5553817E+03   1.0530000E+03   3.1300000E+02   9.5614407E-06   3.3685988E-05
   1.5553892E+03   1.0930000E+03   3.2600000E+02   2.2053499E-06   7.3142732E-06
   1.5553968E+03   1.0670000E+03   2.9000000E+02   8.3603989E-06   3.5208325E-06
   1.5554043E+03   1.0330000E+03   2.9500000E+02   1.2502072E-06   4.7470970E-06
   1.5554118E+03   1.0710000E+03   3.0400000E+02   2.2117173E-06   5.7242208E-06
   1.5554194E+03   1.0980000E+03   3.4400000E+02   5.6516936E-06   1.7971106E-05
   1.5554269E+03   1.0540000E+03   2.8400000E+02   9.7622256E-07   4.9943222E-06
   1.5554344E+03   1.0580000E+03   3.1300000E+02   8.1514258E-06   2.7549980E-05
   1.5554419E+03   1.0780000E+03   3.0900000E+02   5.2977718E-05   1.8700389E-04
   1.5554495E+03   1.0900000E+03   3.0000000E+02   8.4091218E-07   3.0929784E-06
   1.5554570E+03   1.1240000E+03   3.2400000E+02   1.7009314E-07   5.5565768E-07
   1.5554645E+03   1.0840000E+03   2.9300000E+02   2.8810421E-07   1.2995662E-06
   1.5554721E+03   1.0780000E+03   3.0700000E+02   2.8397400E-07   8.0630260E-07
   1.5554796E+03   1.1120000E+03   3.3200000E+02   3.1712892E-06   1.0315389E-05
   1.5554871E+03   9.9700000E+02   2.8100000E+02   2.8890062E-06   1.0092520E-05
   1.5554946E+03   1.0560000E+03   2.7500000E+02   1.5171127E-06   5.9641464E-06
   1.5555022E+03   1.0810000E+03   2.9900000E+02   1.2216972E-06   1.2034582E-05
   1.5555097E+03   1.0410000E+03   3.0600000E+02   1.9130734E-04   6.5122543E-04
   1.5555172E+03   1.0620000E+03   2.9400000E+02   7.5860892E-05   2.7387387E-04
   1.5555248E+03   1.0780000E+03   2.9600000E+02   3.0593169E-06   1.2045726E-05
   1.5555323E+03   1.0420000E+03   3.0800000E+02   3.8751328E-06   1.2985089E-05
   1.5555398E+03   1.0440000E+03   2.9100000E+02   3.8458009E-06   1.3974749E-05
   1.5555473E+03   1.0370000E+03   2.8400000E+02   4.1533359E-07   1.4777972E-06
   1.5555549E+03   1.0090000E+03   3.1100000E+02   6.8231323E-07   2.5849372E-06
   1.5555624E+03   1.0890000E+03   2.9100000E+02   1.4320206E-06   5.3672808E-06
   1.5555699E+03   1.0280000E+03   2.4800000E+02   2.8666424E-05   1.1900332E-04
   1.5555774E+03   1.0280000E+03   2.8700000E+02   1.0265782E-06   3.8538710E-06
   1.5555850E+03   1.0770000E+03   3.0800000E+02   9.8323336E-07   3.2366072E-06
   1.5555925E+03   1.0400000E+03   2.9000000E+02   2.7465841E-04   9.8474106E-04
   1.5556000E+03   1.0460000E+03   2.8700000E+02   5.5968669E-07   1.0165059E-06
   1.5556076E+03   1.0860000E+03   2.9000000E+02   3.3723224E-06   1.2669098E-05
   1.5556151E+03   1.0590000E+03   2.7100000E+02   1.0377675E-06   3.3586288E-06
   1.5556226E+03   1.0640000E+03   2.9300000E+02   2.3687112E-06   8.3437757E-06
   1.5556301E+03   1.0480000E+03   2.9300000E+02   1.2714514E-06   4.6694139E-06
   1.5556377E+03   1.0440000E+03   2.6700000E+02   1.1191672E-04   4.3775340E-04
   1.5556452E+03   1.0150000E+03   2.7200000E+02   4.4769143E-06   1.7121939E-05
   1.5556527E+03   1.0630000E+03   2.8000000E+02   3.2881374E-06   1.3075783E-05
   1.5556603E+03   1.0430000E+03   2.8900000E+02   3.1744409E-06   1.1181328E-05
   1.5556678E+03   9.8800000E+02   2.7700000E+02   2.9191670E-06   1.0182003E-05
   1.5556753E+03   9.9500000E+02   2.7500000E+02   1.7922568E-06   6.7161124E-06
   1.5556828E+03   1.0740000E+03   2.8800000E+02   1.4110124E-04   5.2650954E-04
   1.5556904E+03   1.0420000E+03   2.7700000E+02   3.8115402E-06   1.4394745E-05
   1.5556979E+03   1.0080000E+03   2.8500000E+02   3.1367058E-04   5.5291568E-06
   1.5557054E+03   1.0170000E+03   2.6600000E+02   1.5590747E-04   5.9431894E-04
   1.5557130E+03   1.0440000E+03   2.8500000E+02   1.2142026E-06   4.6010365E-06
   1.5557205E+03   1.0070000E+03   2.6200000E+02   1.2174233E-06   4.6139385E-06
   1.5557280E+03   1.0420000E+03   2.6400000E+02   1.1638319E-05   4.5907029E-05
   1.5557355E+03   1.0500000E+03   2.4000000E+02   4.8850234E-07   2.0985623E-06
   1.5557431E+03   1.0000000E+03   2.5700000E+02   3.9964528E-06   1.5463746E-05
   1.5557506E+03   1.0290000E+03   2.6600000E+02   6.8887857E-06   2.6242644E-05
   1.5557581E+03   1.0400000E+03   2.6300000E+02   8.1617431E-07   3.4009316E-06
   1.5557657E+03   9.9300000E+02   2.3300000E+02   2.0279879E-06   9.0529210E-06
   1.5557732E+03   1.1000000E+03   2.7900000E+02   9.9607652E-05   3.9273169E-04
   1.5557807E+03   1.0880000E+03   2.7600000E+02   3.2335432E-04   1.2744176E-03
   1.5557882E+03   1.0380000E+03   2.7900000E+02   2.3994746E-05   8.8901168E-05
   1.5557958E+03   9.6100000E+02   2.4400000E+02   1.8411067E-07   7.4759481E-07
   1.5558033E+03   1.0350000E+03   2.6900000E+02   2.1049533E-05   8.4534929E-05
   1.5558108E+03   1.0800000E+03   2.7600000E+02   5.2369813E-07   1.8500528E-06
   1.5558184E+03   1.0050000E+03   2.6800000E+02   4.7828186E-05   1.7930893E-04
   1.5558259E+03   1.0150000E+03   2.5800000E+02   3.1011690E-06   1.2047918E-05
   1.5558334E+03   1.0430000E+03   2.4000000E+02   1.0917186E-06   4.8010356E-06
   1.5558409E+03   9.9100000E+02   2.7500000E+02   8.3410389E-07   2.7683072E-06
   1.5558485E+03   1.0170000E+03   2.6200000E+02   2.1879535E-06   8.5971363E-06
   1.5558560E+03   1.0410000E+03   2.6400000E+02   9.4576846E-08   6.9836640E-07
   1.5558635E+03   9.9800000E+02   2.6800000E+02   8.9516716E-06   3.3516452E-05
   1.5558711E+03   1.0170000E+03   2.6500000E+02   1.3784563E-06   3.3610147E-06
   1.5558786E+03   1.0250000E+03   2.5000000E+02   2.4477024E-04   1.0037712E-03
   1.5558861E+03   1.0260000E+03   2.5200000E+02   8.2200872E-07   3.3849480E-06
   1.5558936E+03   9.9700000E+02   2.6400000E+02   6.6975090E-07   2.5601931E-06
   1.5559012E+03   1.0120000E+03   2.4800000E+02   1.8900479E-06   7.3622343E-06
   1.5559087E+03   1.0110000E+03   2.5500000E+02   1.3275142E-06   2.6280308E-06
   1.5559162E+03   9.7900000E+02   2.4200000E+02   2.5732080E-04   1.0411062E-03
   1.5559238E+03   1.0170000E+03   2.5100000E+02   1.9732481E-06   8.0412006E-06
   1.5559313E+03   1.0060000E+03   2.4900000E+02   1.2227262E-06   5.3701079E-06
   1.5559388E+03   1.0590000E+03   2.4600000E+02   6.3492872E-07   2.5823519E-06
   1.5559463E+03   1.0170000E+03   2.3600000E+02   2.0805309E-06   8.9768904E-06
   1.5559539E+03   1.0800000E+03   2.4500000E+02   3.9034766E-07   1.9505374E-06
   1.5559614E+03   9.2500000E+02   2.3000000E+02   4.3769989E-06   1.8028941E-05
   1.5559689E+03   1.0220000E+03   2.5400000E+02   9.3226295E-06   3.7583468E-05
   1.5559765E+03   1.0130000E+03   2.6700000E+02   8.1508675E-07   3.1140503E-06
   1.5559840E+03   1.0190000E+03   2.4100000E+02   3.1894476E-07   1.3028264E-06
   1.5559915E+03   9.3400000E+02   2.2100000E+02   2.8257528E-06   1.2093847E-05
   1.5559990E+03   9.9700000E+02   2.4700000E+02   6.4976677E-07   2.6766708E-06
   1.5560066E+03   1.0780000E+03   2.7900000E+02   4.0350069E-06   1.5663012E-05
   1.5560141E+03   1.0240000E+03   2.5000000E+02   2.1059334E-06   9.9307167E-06
   1.5560216E+03   1.0070000E+03   2.5000000E+02   1.5490196E-06   6.1983504E-06
   1.5560291E+03   1.0210000E+03   2.5600000E+02   2.1103756E-05   8.3813500E-05
   1.5560367E+03   1.0360000E+03   2.3500000E+02   1.1300701E-06   4.9651364E-06
   1.5560442E+03   1.0040000E+03   2.5700000E+02   2.1095219E-06   7.9230124E-06
   1.5560517E+03   9.9800000E+02   2.4000000E+02   1.6234290E-06   6.7740497E-06
   1.5560593E+03   1.0550000E+03   2.5500000E+02   1.6914810E-07   1.0591868E-06
   1.5560668E+03   1.0120000E+03   2.7100000E+02   4.3594670E-06   1.6203722E-05
   1.5560743E+03   9.9000000E+02   2.4700000E+02   3.3154973E-04   1.3289826E-03
   1.5560818E+03   9.7400000E+02   2.4800000E+02   8.6022892E-07   3.4499515E-06
   1.5560894E+03   1.0430000E+03   2.3600000E+02   8.6686526E-07   3.7553140E-06
   1.5560969E+03   1.0130000E+03   2.3300000E+02   9.2255051E-06   4.0059312E-05
   1.5561044E+03   9.7400000E+02   2.4200000E+02   6.6549999E-07   2.6456265E-06
   1.5561120E+03   9.9100000E+02   2.3900000E+02   3.2366932E-06   1.3727362E-05
   1.5561195E+03   1.0000000E+03   2.3800000E+02   3.5848672E-06   1.5983891E-05
   1.5561270E+03   1.0030000E+03   2.4400000E+02   1.7591132E-04   7.2288340E-04
   1.5561345E+03   1.0030000E+03   2.4300000E+02   1.1045283E-06   4.6559910E-06
   1.5561421E+03   1.0140000E+03   2.3800000E+02   8.0732578E-06   3.4296681E-05
   1.5561496E+03   1.0090000E+03   2.3300000E+02   5.6343877E-06   2.4433369E-05
   1.5561571E+03   1.0460000E+03   2.4300000E+02   1.5080032E-06   5.5725836E-06
   1.5561647E+03   9.6200000E+02   2.3700000E+02   1.2638468E-04   5.1282069E-04
   1.5561722E+03   1.0170000E+03   2.4900000E+02   1.4779812E-06   5.7592952E-06
   1.5561797E+03   1.0070000E+03   2.5400000E+02   2.1425564E-06   8.4951464E-06
   1.5561872E+03   9.4200000E+02   2.1500000E+02   1.7783568E-06   6.7144397E-06
   1.5561948E+03   9.9200000E+02   2.2000000E+02   7.6818744E-07   3.5714058E-06
   1.5562023E+03   9.6100000E+02   2.4500000E+02   2.3629221E-07   3.2483951E-07
   1.5562098E+03   9.5600000E+02   2.3300000E+02   4.2687405E-06   1.7381728E-05
   1.5562174E+03   9.9300000E+02   2.3100000E+02   3.6323788E-06   1.5974985E-05
   1.5562249E+03   1.0280000E+03   2.4700000E+02   7.2137832E-05   2.9967502E-04
   1.5562324E+03   9.6800000E+02   2.1600000E+02   1.1737269E-06   2.4531202E-06
   1.5562399E+03   9.8400000E+02   2.4000000E+02   2.9570059E-06   1.1864424E-05
   1.5562475E+03   9.8600000E+02   2.4200000E+02   1.5048782E-06   6.1510054E-06
   1.5562550E+03   9.1900000E+02   2.0500000E+02   9.4853962E-05   4.2523467E-04
   1.5562625E+03   9.4100000E+02   2.0000000E+02   9.0184217E-07   3.2580878E-06
   1.5562701E+03   9.6600000E+02   2.2900000E+02   2.0861616E-06   8.6118025E-06
   1.5562776E+03   9.9400000E+02   2.3800000E+02   2.4318502E-06   1.0030477E-05
   1.5562851E+03   9.9700000E+02   2.2500000E+02   3.5785408E-06   1.6152276E-05
   1.5562926E+03   1.0600000E+03   2.2700000E+02   1.0898169E-06   5.0412976E-06
   1.5563002E+03   9.4300000E+02   2.1100000E+02   7.3638704E-07   3.1940260E-06
   1.5563077E+03   1.0170000E+03   2.4800000E+02   8.0967651E-07   3.3510285E-06
   1.5563152E+03   1.0000000E+03   2.2400000E+02   2.4026076E-05   1.0716878E-04
   1.5563228E+03   1.0350000E+03   2.3700000E+02   8.1677666E-06   3.5756974E-05
   1.5563303E+03   9.8600000E+02   2.1300000E+02   1.6963709E-06   7.7167947E-06
   1.5563378E+03   1.0080000E+03   2.2100000E+02   1.1094944E-06   5.0010901E-06
   1.5563453E+03   9.4600000E+02   1.9700000E+02   3.0406018E-06   1.1421274E-05
   1.5563529E+03   9.7100000E+02   2.2800000E+02   1.3513083E-05   5.7563613E-05
   1.5563604E+03   9.9800000E+02   2.4500000E+02   6.5553067E-06   2.5519025E-05
   1.5563679E+03   9.7900000E+02   2.1800000E+02   5.1777530E-07   2.4149189E-06
   1.5563755E+03   9.8900000E+02   2.2700000E+02   1.9055970E-06   8.2944671E-06
   1.5563830E+03   9.7700000E+02   2.1600000E+02   7.9766180E-07   3.6983279E-06
   1.5563905E+03   9.4600000E+02   2.1300000E+02   1.0769836E-06   4.7397380E-06
   1.5563980E+03   9.4200000E+02   2.0200000E+02   3.0440227E-06   1.4158725E-05
   1.5564056E+03   9.7300000E+02   2.4300000E+02   8.0274921E-06   3.1870038E-05
   1.5564131E+03   9.9600000E+02   2.2100000E+02   1.1607538E-06   5.2360443E-06
   1.5564206E+03   9.5200000E+02   2.0900000E+02   1.9736362E-06   9.4769701E-06
   1.5564282E+03   9.7300000E+02   2.0000000E+02   9.1824294E-07   4.5871428E-06
   1.5564357E+03   1.0270000E+03   2.2500000E+02   6.3536300E-07   3.0198602E-06
   1.5564432E+03   9.8000000E+02   2.1300000E+02   1.6373802E-05   7.4980864E-05
   1.5564507E+03   1.0370000E+03   2.1400000E+02   8.1718021E-07   3.8580316E-06
   1.5564583E+03   9.8200000E+02   2.1100000E+02   1.0347838E-06   4.8977135E-06
   1.5564658E+03   9.7000000E+02   2.1500000E+02   3.1205374E-07   1.8208590E-06
   1.5564733E+03   9.7300000E+02   2.2300000E+02   1.8059816E-06   8.2047481E-06
   1.5564808E+03   1.0100000E+03   2.3500000E+02   5.9229571E-05   2.5423552E-04
   1.5564884E+03   9.5800000E+02   2.0800000E+02   1.5562824E-06   7.0881369E-06
   1.5564959E+03   9.2900000E+02   2.1400000E+02   7.7297697E-07   6.5370820E-06
   1.5565034E+03   1.0040000E+03   2.0300000E+02   1.9732866E-06   9.0313774E-06
   1.5565110E+03   9.9100000E+02   2.2800000E+02   1.5327163E-06   6.4979355E-06
   1.5565185E+03   9.7200000E+02   2.0500000E+02   8.8947910E-07   4.3243703E-06
   1.5565260E+03   9.1000000E+02   2.0900000E+02   8.2520361E-07   3.5925565E-06
   1.5565335E+03   9.5000000E+02   2.1700000E+02   1.6671999E-06   7.3927263E-06
   1.5565411E+03   9.6700000E+02   1.9500000E+02   1.3552002E-06   6.5281886E-06
   1.5565486E+03   9.5100000E+02   1.9600000E+02   3.8075846E-05   1.8529376E-04
   1.5565561E+03   1.0280000E+03   2.4100000E+02   1.7312762E-06   7.5963460E-06
   1.5565637E+03   1.0540000E+03   2.2100000E+02   5.5297015E-07   2.5991714E-06
   1.5565712E+03   9.7100000E+02   2.1500000E+02   1.8817740E-06   8.4985026E-06
   1.5565787E+03   9.7200000E+02   2.3200000E+02   2.9229174E-06   1.1965980E-05
   1.5565862E+03   9.6300000E+02   2.1100000E+02   4.5241608E-05   2.0635319E-04
   1.5565938E+03   9.7600000E+02   2.4400000E+02   2.1104609E-06   8.4193749E-06
   1.5566013E+03   9.7400000E+02   2.1600000E+02   9.4812074E-07   4.2986741E-06
   1.5566088E+03   9.4200000E+02   1.8900000E+02   9.8058201E-07   4.8963604E-06
   1.5566164E+03   9.5800000E+02   1.9800000E+02   4.0208761E-06   1.9305951E-05
   1.5566239E+03   9.4800000E+02   2.0400000E+02   9.0722982E-07   3.5341200E-06
   1.5566314E+03   9.6600000E+02   2.1600000E+02   1.1775098E-06   5.2103381E-06
   1.5566389E+03   8.9600000E+02   1.8400000E+02   9.2478111E-06   4.5347836E-05
   1.5566465E+03   9.7900000E+02   1.9900000E+02   4.1351468E-06   2.0719948E-05
   1.5566540E+03   9.5100000E+02   2.2800000E+02   3.4641444E-06   1.4541712E-05
   1.5566615E+03   9.8900000E+02   2.1600000E+02   2.8518608E-06   1.3060692E-05
   1.5566691E+03   9.4900000E+02   1.7900000E+02   6.1836940E-07   3.3332317E-06
   1.5566766E+03   1.0180000E+03   1.9600000E+02   1.4346698E-04   7.4513679E-04
   1.5566841E+03   9.8600000E+02   2.3000000E+02   4.6103656E-06   1.9738932E-05
   1.5566916E+03   9.3900000E+02   2.1300000E+02   7.5710752E-07   3.2267210E-06
   1.5566992E+03   9.9300000E+02   1.8600000E+02   2.0674983E-07   2.9745953E-06
   1.5567067E+03   9.6600000E+02   1.9100000E+02   1.3071029E-06   6.9750665E-06
   1.5567142E+03   9.8900000E+02   1.7300000E+02   5.0163049E-07   2.1442273E-06
   1.5567218E+03   9.7800000E+02   1.8700000E+02   1.8843683E-06   9.8791100E-06
   1.5567293E+03   9.1900000E+02   1.8500000E+02   8.6374695E-08   4.9794101E-07
   1.5567368E+03   8.8000000E+02   1.7400000E+02   1.9991621E-06   1.0111833E-05
   1.5567443E+03   9.1900000E+02   1.9700000E+02   1.5242959E-07   8.8817824E-07
   1.5567519E+03   8.9600000E+02   1.8300000E+02   1.3759592E-06   6.5522894E-06
   1.5567594E+03   8.7000000E+02   1.7600000E+02   1.2044872E-04   5.9546532E-04
   1.5567669E+03   9.3300000E+02   1.9000000E+02   2.8055114E-04   1.3775638E-03
   1.5567745E+03   9.7000000E+02   2.1200000E+02   4.4344439E-05   2.0290324E-04
   1.5567820E+03   9.0500000E+02   2.0200000E+02   7.5007317E-06   3.3940826E-05
   1.5567895E+03   8.8000000E+02   1.7500000E+02   1.2764507E-06   6.4289722E-06
   1.5567970E+03   9.2300000E+02   1.9500000E+02   9.4092551E-07   4.4720022E-06
   1.5568046E+03   9.7600000E+02   2.1800000E+02   3.6885603E-07   1.5313387E-06
   1.5568121E+03   9.8800000E+02   1.9800000E+02   9.6446377E-07   4.9221579E-06
   1.5568196E+03   9.1700000E+02   1.7900000E+02   3.5989811E-07   2.0479209E-06
   1.5568272E+03   9.8500000E+02   2.1400000E+02   2.7057866E-06   1.2437552E-05
   1.5568347E+03   9.4200000E+02   1.7000000E+02   3.7681781E-05   2.0953089E-04
   1.5568422E+03   9.6400000E+02   2.0300000E+02   9.9898927E-06   4.7452691E-05
   1.5568497E+03   9.6500000E+02   1.8300000E+02   9.3738003E-07   4.3198180E-06
   1.5568573E+03   9.3800000E+02   1.5100000E+02   2.1042687E-06   1.2264028E-05
   1.5568648E+03   9.6000000E+02   1.8100000E+02   5.1304877E-07   2.5590596E-06
   1.5568723E+03   9.4600000E+02   1.9900000E+02   4.5390588E-05   2.1583187E-04
   1.5568799E+03   9.2300000E+02   1.7900000E+02   2.0729895E-04   1.0692099E-03
   1.5568874E+03   9.8700000E+02   2.2000000E+02   3.6667125E-06   1.6223741E-05
   1.5568949E+03   9.9700000E+02   1.9000000E+02   2.3452307E-04   8.9068863E-06
   1.5569024E+03   8.6900000E+02   1.5400000E+02   7.4499334E-07   5.0882968E-06
   1.5569100E+03   9.1700000E+02   1.8300000E+02   8.3899564E-07   3.8225778E-06
   1.5569175E+03   9.9200000E+02   1.9600000E+02   1.5238636E-05   7.7136424E-05
   1.5569250E+03   9.3300000E+02   1.8600000E+02   4.6276692E-06   2.3369992E-05
   1.5569325E+03   9.4600000E+02   1.8700000E+02   2.1506596E-05   1.0877685E-04
   1.5569401E+03   9.5600000E+02   1.7300000E+02   4.9148206E-07   2.8126953E-06
   1.5569476E+03   9.4600000E+02   1.9900000E+02   1.7098341E-06   8.0842672E-06
   1.5569551E+03   9.7000000E+02   1.8500000E+02   8.2856256E-07   4.3028902E-06
   1.5569627E+03   8.8800000E+02   1.8200000E+02   1.7532885E-06   8.4797728E-06
   1.5569702E+03   9.3600000E+02   1.8700000E+02   2.1542307E-06   1.0632861E-05
   1.5569777E+03   9.1100000E+02   1.8000000E+02   1.6347622E-07   8.3265056E-07
   1.5569852E+03   9.6800000E+02   1.7500000E+02   1.0659154E-06   6.7415317E-06
   1.5569928E+03   9.8100000E+02   1.9700000E+02   5.9045895E-05   2.9424725E-04
   1.5570003E+03   9.6100000E+02   1.9600000E+02   1.1338967E-07   8.7007738E-07
   1.5570078E+03   9.4300000E+02   1.5700000E+02   8.1205747E-07   2.2813405E-06
   1.5570154E+03   9.2100000E+02   1.5800000E+02   1.8789569E-06   1.0650995E-05
   1.5570229E+03   9.5500000E+02   1.7100000E+02   2.1402908E-06   1.1629498E-05
   1.5570304E+03   9.7400000E+02   1.6900000E+02   7.9100167E-05   4.5578830E-04
   1.5570379E+03   9.5400000E+02   1.7200000E+02   1.6625962E-06   8.7940120E-06
   1.5570455E+03   9.4800000E+02   1.6000000E+02   4.7772751E-07   2.6936630E-06
   1.5570530E+03   9.1600000E+02   1.7600000E+02   3.8311107E-07   5.0961469E-06
   1.5570605E+03   9.0500000E+02   1.7700000E+02   7.3388922E-07   2.7913376E-06
   1.5570681E+03   8.9800000E+02   1.7500000E+02   1.5482885E-06   6.7122566E-06
   1.5570756E+03   9.4500000E+02   1.9200000E+02   1.8424946E-05   7.8633736E-05
   1.5570831E+03   9.6900000E+02   2.0200000E+02   1.7245748E-06   8.2499990E-06
   1.5570906E+03   9.5200000E+02   1.7400000E+02   3.4631011E-05   1.8985454E-04
   1.5570982E+03   8.8700000E+02   1.3500000E+02   5.3954637E-07   3.6191696E-06
   1.5571057E+03   9.3400000E+02   1.5900000E+02   1.5305758E-06   9.8278388E-06
   1.5571132E+03   9.5000000E+02   1.7900000E+02   2.8189065E-06   1.4967937E-05
   1.5571208E+03   9.1500000E+02   1.6800000E+02   6.3409200E-06   3.4261711E-05
   1.5571283E+03   9.5900000E+02   1.8600000E+02   5.7396015E-07   2.4621778E-06
   1.5571358E+03   9.3300000E+02   1.7000000E+02   1.0999995E-05   6.0438263E-05
   1.5571433E+03   9.7300000E+02   1.8200000E+02   5.1362179E-07   2.4830883E-06
   1.5571509E+03   9.2200000E+02   1.8100000E+02   9.0641794E-07   2.3775963E-06
   1.5571584E+03   9.0900000E+02   1.6300000E+02   1.7403643E-05   9.7347692E-05
   1.5571659E+03   9.5200000E+02   1.8800000E+02   6.0441341E-07   3.1763956E-06
   1.5571735E+03   8.9100000E+02   1.6000000E+02   1.2223895E-06   7.3794601E-06
   1.5571810E+03   9.2000000E+02   1.7300000E+02   1.1028403E-04   5.8648921E-04
   1.5571885E+03   9.4400000E+02   1.7000000E+02   4.1293071E-04   2.2924548E-03
   1.5571960E+03   8.9000000E+02   1.6600000E+02   6.2843102E-06   3.5004138E-05
   1.5572036E+03   9.2600000E+02   1.7500000E+02   7.1320475E-07   3.8092082E-06
   1.5572111E+03   9.5400000E+02   1.8800000E+02   1.1539521E-04   5.8555846E-04
   1.5572186E+03   9.4900000E+02   1.6600000E+02   1.1713215E-06   7.7144987E-06
   1.5572262E+03   9.2600000E+02   1.6900000E+02   5.8315531E-07   3.2853385E-06
   1.5572337E+03   9.3700000E+02   1.6000000E+02   5.1005873E-04   2.9869555E-03
   1.5572412E+03   9.2800000E+02   1.5800000E+02   1.0352508E-06   6.2980686E-06
   1.5572487E+03   9.5400000E+02   1.8300000E+02   2.6105449E-06   1.2036179E-05
   1.5572563E+03   9.0900000E+02   1.8700000E+02   9.4912046E-07   4.4628538E-06
   1.5572638E+03   9.1900000E+02   1.8500000E+02   1.2091932E-05   5.9894838E-05
   1.5572713E+03   8.8900000E+02   1.6600000E+02   2.2368404E-05   1.1971664E-04
   1.5572789E+03   8.8700000E+02   1.6600000E+02   4.8417873E-05   2.5917041E-04
   1.5572864E+03   9.3600000E+02   1.6500000E+02   7.0949851E-06   4.0195268E-05
   1.5572939E+03   9.7100000E+02   1.7000000E+02   1.8492060E-06   1.0507050E-05
   1.5573014E+03   9.5800000E+02   1.8500000E+02   8.2950367E-05   4.2965379E-04
   1.5573090E+03   9.2400000E+02   1.7200000E+02   3.7061424E-07   1.8906129E-06
   1.5573165E+03   9.3100000E+02   1.6600000E+02   3.2580351E-07   1.7712194E-06
   1.5573240E+03   9.3700000E+02   1.5100000E+02   5.3367114E-07   3.3115885E-06
   1.5573316E+03   9.1100000E+02   1.6800000E+02   4.5567524E-07   2.3504790E-06
   1.5573391E+03   9.0300000E+02   1.6300000E+02   4.1989533E-05   2.3275650E-04
   1.5573466E+03   8.9800000E+02   1.5800000E+02   1.0318767E-06   5.7300119E-06
   1.5573541E+03   8.9500000E+02   1.5200000E+02   8.1228814E-07   4.9160695E-06
   1.5573617E+03   9.2700000E+02   1.6600000E+02   6.2092466E-07   3.0271152E-06
   1.5573692E+03   9.5800000E+02   1.5600000E+02   4.7096243E-07   2.7403600E-06
   1.5573767E+03   8.9700000E+02   1.5700000E+02   4.7192104E-06   2.7139713E-05
   1.5573842E+03   9.2300000E+02   1.6100000E+02   7.7332059E-07   4.5119971E-06
   1.5573918E+03   9.3800000E+02   1.5800000E+02   4.0232909E-07   2.5494885E-06
   1.5573993E+03   8.9500000E+02   1.6500000E+02   1.0596462E-06   5.7572476E-06
   1.5574068E+03   8.7200000E+02   1.3400000E+02   1.2765911E-04   8.3059927E-04
   1.5574144E+03   8.7000000E+02   1.4700000E+02   1.5916852E-07   1.2455122E-06
   1.5574219E+03   8.5600000E+02   1.5000000E+02   9.5317659E-07   5.2717619E-06
   1.5574294E+03   9.2500000E+02   1.5600000E+02   1.0702358E-06   6.3367405E-06
   1.5574369E+03   9.2900000E+02   1.8200000E+02   3.1429340E-07   1.5620132E-06
   1.5574445E+03   9.0100000E+02   1.5200000E+02   1.4317965E-06   8.6871303E-06
   1.5574520E+03   9.1800000E+02   1.5100000E+02   7.3751427E-07   4.1258168E-06
   1.5574595E+03   8.6700000E+02   1.3700000E+02   3.0667340E-06   1.9521923E-05
   1.5574671E+03   9.3000000E+02   1.4600000E+02   1.1294795E-06   6.8782210E-07
   1.5574746E+03   8.9000000E+02   1.4600000E+02   8.3064930E-07   5.0127192E-06
   1.5574821E+03   8.8900000E+02   1.4900000E+02   3.2984174E-05   1.9672828E-04
   1.5574896E+03   9.3100000E+02   1.5200000E+02   1.9243737E-06   1.1907556E-05
   1.5574972E+03   8.7300000E+02   1.4200000E+02   1.5553203E-05   9.5705335E-05
   1.5575047E+03   9.0800000E+02   1.4900000E+02   5.5906805E-07   3.5421812E-06
   1.5575122E+03   9.2000000E+02   1.4000000E+02   9.9394981E-07   6.5039299E-06
   1.5575198E+03   8.4900000E+02   1.4100000E+02   3.2150369E-06   1.9167019E-05
   1.5575273E+03   8.9000000E+02   1.1800000E+02   2.4747081E-06   1.8341209E-05
   1.5575348E+03   9.1300000E+02   1.6100000E+02   4.7512096E-07   2.6558369E-06
   1.5575423E+03   8.9800000E+02   1.2900000E+02   2.3016806E-06   1.6103336E-05
   1.5575499E+03   9.3500000E+02   1.5700000E+02   9.4369268E-07   5.6586895E-06
   1.5575574E+03   9.0700000E+02   1.5200000E+02   3.7299661E-06   2.2339776E-05
   1.5575649E+03   9.0600000E+02   1.2800000E+02   5.1528128E-05   3.6474772E-04
   1.5575725E+03   9.0100000E+02   1.5700000E+02   7.9897284E-07   4.4723055E-06
   1.5575800E+03   9.0100000E+02   1.4600000E+02   3.6600315E-06   2.2339169E-05
   1.5575875E+03   9.2400000E+02   1.4500000E+02   1.2172952E-06   7.7825563E-06
   1.5575950E+03   8.9900000E+02   1.1800000E+02   7.5439583E-07   5.4905942E-06
   1.5576026E+03   8.8400000E+02   1.3800000E+02   7.7966168E-07   4.9786029E-06
   1.5576101E+03   8.7500000E+02   1.4100000E+02   1.1467274E-06   7.1556692E-06
   1.5576176E+03   9.0500000E+02   1.3600000E+02   2.7917423E-07   1.8082451E-06
   1.5576252E+03   9.1600000E+02   1.6800000E+02   3.2254250E-06   1.7637354E-05
   1.5576327E+03   9.1900000E+02   1.4700000E+02   9.6123213E-07   6.0317105E-06
   1.5576402E+03   8.9300000E+02   1.3800000E+02   3.8419042E-08   6.0996748E-07
   1.5576477E+03   9.3300000E+02   1.6400000E+02   4.3790014E-07   2.5203534E-06
   1.5576553E+03   8.8900000E+02   1.4000000E+02   6.2719938E-07   3.5792640E-06
   1.5576628E+03   8.8200000E+02   1.1700000E+02   3.3769383E-07   1.2690669E-06
   1.5576703E+03   8.4000000E+02   1.2300000E+02   9.9801063E-06   6.7962814E-05
   1.5576779E+03   9.1500000E+02   1.5000000E+02   1.9858135E-06   1.1659749E-05
   1.5576854E+03   9.3100000E+02   1.4500000E+02   2.3615584E-06   1.5335627E-05
   1.5576929E+03   9.1000000E+02   1.5600000E+02   6.4582815E-07   3.8173266E-06
   1.5577004E+03   8.7600000E+02   1.1900000E+02   5.7211005E-07   3.6346393E-06
   1.5577080E+03   9.0300000E+02   1.3300000E+02   3.8658282E-07   2.6680444E-06
   1.5577155E+03   8.7500000E+02   1.3200000E+02   1.5716723E-06   9.7041328E-06
   1.5577230E+03   8.7700000E+02   1.2200000E+02   7.6707317E-06   5.4818113E-05
   1.5577306E+03   9.0300000E+02   1.2100000E+02   3.5701588E-05   2.6658815E-04
   1.5577381E+03   8.4100000E+02   1.4200000E+02   1.1383942E-06   6.9153737E-06
   1.5577456E+03   9.6500000E+02   1.3500000E+02   2.7823801E-06   1.9959225E-05
   1.5577531E+03   9.2300000E+02   1.4400000E+02   6.6622112E-06   4.2808054E-05
   1.5577607E+03   9.1300000E+02   1.5200000E+02   7.8851328E-07   5.0417467E-06
   1.5577682E+03   8.8500000E+02   1.3300000E+02   3.4739516E-05   2.3198026E-04
   1.5577757E+03   9.4500000E+02   1.5100000E+02   9.4099752E-07   4.4329191E-06
   1.5577833E+03   8.6300000E+02   1.2700000E+02   1.1677453E-06   7.5007494E-06
   1.5577908E+03   9.2200000E+02   1.3000000E+02   1.0559286E-05   1.3613160E-05
   1.5577983E+03   8.8500000E+02   1.2600000E+02   5.1864610E-06   3.6428714E-05
   1.5578058E+03   8.6000000E+02   1.4300000E+02   2.9779349E-06   1.7663875E-05
   1.5578134E+03   8.8800000E+02   1.2000000E+02   3.0863261E-07   2.0782169E-06
   1.5578209E+03   8.7100000E+02   1.1000000E+02   5.2630188E-07   4.0771317E-06
   1.5578284E+03   8.9000000E+02   1.3000000E+02   8.3400699E-06   5.6985251E-05
   1.5578359E+03   8.8400000E+02   1.2000000E+02   3.2796796E-07   2.4242809E-06
   1.5578435E+03   9.0400000E+02   1.4800000E+02   6.9259185E-07   4.3410137E-06
   1.5578510E+03   8.9100000E+02   1.3700000E+02   5.4614467E-06   3.5576852E-05
   1.5578585E+03   8.4600000E+02   1.3000000E+02   1.2849769E-06   8.9604340E-06
   1.5578661E+03   8.5100000E+02   1.2200000E+02   2.0653426E-07   1.1624822E-06
   1.5578736E+03   8.9900000E+02   1.2900000E+02   1.4631249E-06   1.1210495E-05
   1.5578811E+03   8.7900000E+02   1.2100000E+02   8.9653782E-07   6.4723412E-06
   1.5578886E+03   8.4200000E+02   1.3200000E+02   4.2055896E-07   2.6851061E-06
   1.5578962E+03   9.0500000E+02   1.4700000E+02   1.0993294E-04   6.7679879E-04
   1.5579037E+03   8.6700000E+02   1.1600000E+02   1.8989640E-06   1.4130630E-05
   1.5579112E+03   9.0400000E+02   1.1500000E+02   4.5231901E-07   3.4172675E-06
   1.5579188E+03   8.6700000E+02   1.1700000E+02   4.3368439E-07   3.0172758E-06
   1.5579263E+03   9.1200000E+02   1.6500000E+02   2.1302881E-06   8.2315022E-06
   1.5579338E+03   9.1100000E+02   1.2500000E+02   2.2998732E-07   1.6559562E-06
   1.5579413E+03   8.8500000E+02   1.2500000E+02   3.6917822E-07   2.8710813E-06
   1.5579489E+03   8.8000000E+02   1.1800000E+02   3.9429759E-06   2.9414621E-05
   1.5579564E+03   9.3300000E+02   1.2100000E+02   8.3557294E-07   6.5723112E-06
   1.5579639E+03   9.0100000E+02   1.3200000E+02   7.6158468E-06   5.2169041E-05
   1.5579715E+03   8.7500000E+02   1.1200000E+02   2.4713912E-07   1.5056619E-06
   1.5579790E+03   8.8700000E+02   1.3200000E+02   4.5377525E-07   3.0492322E-06
   1.5579865E+03   9.0900000E+02   1.4900000E+02   2.8467300E-06   1.7249975E-05
   1.5579940E+03   8.5500000E+02   1.1200000E+02   1.6611980E-05   1.2674023E-04
   1.5580016E+03   9.0400000E+02   1.2700000E+02   2.6118164E-06   1.7842111E-05
   1.5580091E+03   8.6200000E+02   1.3100000E+02   3.4744702E-07   1.8099798E-06
   1.5580166E+03   9.3100000E+02   1.1900000E+02   1.2568208E-06   9.7949273E-06
   1.5580242E+03   8.8800000E+02   9.6000000E+01   8.4013753E-06   7.7547278E-05
   1.5580317E+03   8.5100000E+02   1.1300000E+02   3.9368161E-07   2.9136635E-06
   1.5580392E+03   8.3300000E+02   1.1500000E+02   4.1610159E-06   3.0140228E-05
   1.5580467E+03   8.5700000E+02   1.0600000E+02   7.8414565E-06   6.3075802E-05
   1.5580543E+03   8.9300000E+02   1.2400000E+02   9.7999466E-07   6.8107613E-06
   1.5580618E+03   8.8000000E+02   1.1400000E+02   1.0590519E-06   8.2296087E-06
   1.5580693E+03   8.8900000E+02   1.1500000E+02   2.9058206E-06   2.2577999E-05
   1.5580769E+03   9.0400000E+02   1.1800000E+02   3.7788219E-07   2.7555563E-06
   1.5580844E+03   8.0800000E+02   1.0400000E+02   1.7131001E-06   3.5223787E-07
   1.5580919E+03   8.7600000E+02   1.1100000E+02   5.5784485E-07   4.1156435E-06
   1.5580994E+03   8.4900000E+02   1.0000000E+02   3.3516165E-06   2.8594122E-05
   1.5581070E+03   9.0600000E+02   1.3100000E+02   3.4285601E-06   2.3656844E-05
   1.5581145E+03   8.2600000E+02   1.1200000E+02   2.8655880E-06   2.1267814E-05
   1.5581220E+03   8.4100000E+02   1.2100000E+02   4.2850907E-07   2.9783151E-06
   1.5581296E+03   8.3400000E+02   1.1200000E+02   3.6325383E-07   2.7128196E-06
   1.5581371E+03   8.9000000E+02   1.2600000E+02   7.7984059E-07   5.5098312E-06
   1.5581446E+03   8.5500000E+02   1.0800000E+02   1.9072362E-05   1.5160496E-04
   1.5581521E+03   8.4600000E+02   1.0200000E+02   4.5902383E-07   3.5150263E-06
   1.5581597E+03   8.8500000E+02   1.1500000E+02   3.0084753E-06   2.3128047E-05
   1.5581672E+03   8.8200000E+02   1.1600000E+02   3.1551606E-07   3.3796355E-06
   1.5581747E+03   8.3800000E+02   1.1700000E+02   2.1570194E-06   1.5822372E-05
   1.5581823E+03   8.8500000E+02   1.2000000E+02   4.8018829E-07   3.0819882E-06
   1.5581898E+03   8.9400000E+02   1.1100000E+02   4.7122946E-06   3.7951713E-05
   1.5581973E+03   8.6400000E+02   1.2600000E+02   2.4864294E-06   1.6980473E-05
   1.5582048E+03   8.9800000E+02   1.3100000E+02   9.0300184E-07   6.2468713E-06
   1.5582124E+03   8.4400000E+02   1.0500000E+02   5.8413442E-06   4.7080692E-05
   1.5582199E+03   8.0500000E+02   1.1000000E+02   1.2734378E-06   9.2693348E-06
   1.5582274E+03   8.0800000E+02   8.4000000E+01   3.1681992E-07   3.0351767E-06
   1.5582350E+03   8.1900000E+02   9.7000000E+01   1.5104767E-07   1.0496391E-06
   1.5582425E+03   8.9400000E+02   1.1300000E+02   3.2669037E-06   2.5768063E-05
   1.5582500E+03   8.6000000E+02   1.0000000E+02   3.7255275E-07   3.1931964E-06
   1.5582575E+03   8.2300000E+02   1.1400000E+02   4.7905390E-06   3.4479494E-05
   1.5582651E+03   8.5300000E+02   1.1000000E+02   1.2063013E-06   3.9912071E-06
   1.5582726E+03   9.0800000E+02   1.0700000E+02   2.4133575E-06   4.9547143E-06
   1.5582801E+03   8.6600000E+02   1.0700000E+02   1.8668737E-06   1.7195859E-05
   1.5582876E+03   8.8200000E+02   9.0000000E+01   2.4140984E-07   2.3658165E-06
   1.5582952E+03   8.2200000E+02   1.1100000E+02   4.5288458E-06   3.3557578E-05
   1.5583027E+03   8.1300000E+02   1.0800000E+02   1.2911419E-07   7.5647169E-07
   1.5583102E+03   8.7400000E+02   1.1400000E+02   3.4577379E-05   2.6521357E-04
   1.5583178E+03   8.4300000E+02   1.1300000E+02   5.0681651E-07   3.8147639E-06
   1.5583253E+03   8.7700000E+02   9.4000000E+01   1.4606234E-05   1.3641242E-04
   1.5583328E+03   7.9600000E+02   9.4000000E+01   8.8271946E-07   7.4467955E-06
   1.5583403E+03   8.6700000E+02   1.2500000E+02   1.9152736E-07   1.0096983E-06
   1.5583479E+03   8.6700000E+02   9.2000000E+01   2.6939033E-07   2.5767739E-06
   1.5583554E+03   7.8600000E+02   1.0600000E+02   9.9396127E-07   7.5248530E-06
   1.5583629E+03   8.2600000E+02   1.1100000E+02   8.2290642E-07   6.1054527E-06
   1.5583705E+03   8.8700000E+02   8.3000000E+01   1.9609337E-06   2.0954110E-05
   1.5583780E+03   8.4600000E+02   1.2700000E+02   5.2978279E-07   3.5447682E-06
   1.5583855E+03   8.7400000E+02   1.0200000E+02   1.2846481E-06   1.1053560E-05
   1.5583930E+03   8.2900000E+02   1.0000000E+02   3.5850477E-07   2.9535053E-06
   1.5584006E+03   8.3500000E+02   8.8000000E+01   2.6344862E-07   2.6355762E-06
   1.5584081E+03   8.6700000E+02   9.9000000E+01   6.9483464E-08   1.3055311E-06
   1.5584156E+03   8.2500000E+02   9.4000000E+01   3.5207038E-07   3.0787752E-06
   1.5584232E+03   8.4800000E+02   1.0300000E+02   5.2494474E-07   4.2895818E-06
   1.5584307E+03   8.7500000E+02   9.1000000E+01   4.6156376E-07   4.3412695E-06
   1.5584382E+03   8.5700000E+02   9.5000000E+01   1.0868200E-06   9.8042605E-06
   1.5584457E+03   8.9400000E+02   1.1400000E+02   1.1943762E-06   9.3802769E-06
   1.5584533E+03   8.0900000E+02   8.6000000E+01   1.8375946E-06   1.7197940E-05
   1.5584608E+03   8.7500000E+02   1.1000000E+02   1.4925994E-06   1.1124155E-05
   1.5584683E+03   8.5700000E+02   1.0700000E+02   2.5366820E-06   2.0258735E-05
   1.5584759E+03   8.6100000E+02   8.8000000E+01   7.9070497E-06   7.7284222E-05
   1.5584834E+03   8.4400000E+02   9.9000000E+01   6.7650051E-07   6.1433600E-06
   1.5584909E+03   8.7500000E+02   1.0700000E+02   1.0879332E-07   7.7819684E-07
   1.5584984E+03   8.4100000E+02   9.6000000E+01   1.6244267E-06   1.4534704E-05
   1.5585060E+03   8.6000000E+02   8.8000000E+01   8.5386225E-07   8.3552600E-06
   1.5585135E+03   8.5600000E+02   9.6000000E+01   8.5401239E-07   6.7824315E-06
   1.5585210E+03   8.7700000E+02   1.0100000E+02   1.8657177E-06   1.6245188E-05
   1.5585286E+03   8.4800000E+02   9.6000000E+01   5.5815329E-07   4.8960746E-06
   1.5585361E+03   8.4100000E+02   9.2000000E+01   8.8394142E-07   8.8815781E-06
   1.5585436E+03   9.1900000E+02   1.0600000E+02   2.3758451E-06   2.0203129E-05
   1.5585511E+03   7.9600000E+02   7.8000000E+01   1.1249536E-06   1.1912196E-05
   1.5585587E+03   8.2500000E+02   9.0000000E+01   3.3597941E-07   3.0854669E-06
   1.5585662E+03   7.7100000E+02   8.4000000E+01   4.8590017E-07   4.4328170E-06
   1.5585737E+03   9.0700000E+02   1.0700000E+02   3.0457548E-06   2.5925369E-05
   1.5585813E+03   7.9300000E+02   8.1000000E+01   3.1892923E-07   3.5049654E-06
   1.5585888E+03   8.6100000E+02   9.5000000E+01   1.0851284E-06   9.8754103E-06
   1.5585963E+03   8.8600000E+02   9.4000000E+01   3.9861936E-07   3.8101294E-06
   1.5586038E+03   8.8200000E+02   7.9000000E+01   3.4006530E-07   3.6643093E-06
   1.5586114E+03   9.1500000E+02   8.9000000E+01   2.7889591E-07   3.4102562E-06
   1.5586189E+03   7.8700000E+02   7.6000000E+01   3.4940610E-06   3.6123753E-05
   1.5586264E+03   8.2000000E+02   8.9000000E+01   6.5026050E-07   5.9270229E-06
   1.5586340E+03   8.1300000E+02   8.7000000E+01   2.4815551E-06   2.3126050E-05
   1.5586415E+03   8.8800000E+02   9.6000000E+01   1.6653330E-06   1.5453751E-05
   1.5586490E+03   8.7100000E+02   1.0000000E+02   3.2062440E-06   2.7892931E-05
   1.5586565E+03   8.0100000E+02   9.1000000E+01   7.5907353E-08   1.9406486E-06
   1.5586641E+03   8.7400000E+02   7.7000000E+01   3.2717217E-07   3.2381995E-06
   1.5586716E+03   8.6200000E+02   8.9000000E+01   8.4677548E-07   7.4039552E-06
   1.5586791E+03   8.7500000E+02   9.8000000E+01   1.0613553E-06   9.6994188E-06
   1.5586867E+03   8.3900000E+02   8.4000000E+01   1.4137642E-06   3.5496167E-06
   1.5586942E+03   8.3900000E+02   8.5000000E+01   9.4325038E-06   9.3080877E-05
   1.5587017E+03   8.3300000E+02   8.7000000E+01   1.1725859E-07   9.6959695E-07
   1.5587092E+03   8.5800000E+02   7.0000000E+01   1.6171411E-07   1.5731996E-06
   1.5587168E+03   8.5800000E+02   9.0000000E+01   1.2494569E-06   1.1878292E-05
   1.5587243E+03   8.4400000E+02   7.6000000E+01   1.6368676E-07   1.8909776E-06
   1.5587318E+03   8.4000000E+02   1.1200000E+02   1.6252969E-05   1.2203940E-04
   1.5587393E+03   8.6800000E+02   1.0000000E+02   7.5446027E-07   6.4849988E-06
   1.5587469E+03   8.7000000E+02   9.5000000E+01   2.6824443E-06   2.4547681E-05
   1.5587544E+03   8.4000000E+02   7.4000000E+01   3.2665802E-08   8.4523904E-07
   1.5587619E+03   8.3300000E+02   9.0000000E+01   3.8196456E-07   5.4831711E-06
   1.5587695E+03   8.0100000E+02   8.4000000E+01   7.9196679E-07   7.3630830E-06
   1.5587770E+03   8.0100000E+02   8.1000000E+01   3.6554385E-06   3.6739340E-05
   1.5587845E+03   7.9200000E+02   7.8000000E+01   6.3679028E-07   6.9231460E-06
   1.5587920E+03   8.7800000E+02   7.5000000E+01   5.5773757E-06   6.5292323E-05
   1.5587996E+03   8.6200000E+02   9.1000000E+01   4.6516029E-07   4.3886802E-06
   1.5588071E+03   8.0900000E+02   7.6000000E+01   1.8271912E-08   5.6825653E-07
   1.5588146E+03   8.1100000E+02   8.0000000E+01   5.0944914E-06   5.1685380E-05
   1.5588222E+03   8.0500000E+02   8.7000000E+01   1.0288742E-07   8.7854936E-07
   1.5588297E+03   8.4600000E+02   7.5000000E+01   3.0423352E-07   3.6510179E-06
   1.5588372E+03   8.5700000E+02   7.9000000E+01   4.8449839E-06   5.2890386E-05
   1.5588447E+03   8.3000000E+02   9.0000000E+01   6.9731196E-07   6.3155059E-06
   1.5588523E+03   7.9400000E+02   7.7000000E+01   1.0158520E-06   1.0441351E-05
   1.5588598E+03   8.1400000E+02   7.1000000E+01   2.5154761E-07   2.9746356E-06
   1.5588673E+03   8.3700000E+02   8.1000000E+01   1.1365158E-06   1.1821117E-05
   1.5588749E+03   8.4900000E+02   8.6000000E+01   4.9818393E-07   3.4617322E-06
   1.5588824E+03   8.5900000E+02   6.7000000E+01   7.4321051E-06   9.5549074E-05
   1.5588899E+03   7.9600000E+02   7.9000000E+01   1.6716835E-06   5.9542983E-06
   1.5588974E+03   8.4600000E+02   7.4000000E+01   1.8591337E-07   2.0567688E-06
   1.5589050E+03   8.8000000E+02   8.3000000E+01   7.3338584E-06   7.7914655E-05
   1.5589125E+03   8.5000000E+02   8.3000000E+01   8.7465753E-07   8.9953666E-06
   1.5589200E+03   8.8400000E+02   9.7000000E+01   1.1221261E-05   1.0158406E-04
   1.5589276E+03   8.0900000E+02   6.5000000E+01   5.3333298E-07   6.8324145E-06
   1.5589351E+03   8.1900000E+02   7.4000000E+01   6.4608338E-07   7.0204587E-06
   1.5589426E+03   7.9700000E+02   6.4000000E+01   5.5316722E-07   6.9963980E-06
   1.5589501E+03   8.6700000E+02   6.9000000E+01   2.9448736E-06   3.7260003E-05
   1.5589577E+03   7.9600000E+02   7.7000000E+01   6.1309687E-07   4.7624963E-06
   1.5589652E+03   8.3300000E+02   7.0000000E+01   2.2248041E-07   2.5726846E-06
   1.5589727E+03   8.7500000E+02   6.5000000E+01   3.5606717E-08   5.0684342E-07
   1.5589803E+03   9.1700000E+02   8.5000000E+01   3.4642492E-06   3.6592245E-05
   1.5589878E+03   7.8600000E+02   8.3000000E+01   5.1878258E-07   4.3442152E-06
   1.5589953E+03   8.0700000E+02   6.4000000E+01   6.2418691E-06   7.8714343E-05
   1.5590028E+03   8.4300000E+02   5.9000000E+01   7.1085300E-07   1.0045709E-05
   1.5590104E+03   8.3900000E+02   6.1000000E+01   2.0408220E-06   2.7933602E-05
   1.5590179E+03   8.3000000E+02   8.1000000E+01   6.7107927E-07   4.7964149E-06
   1.5590254E+03   8.1700000E+02   6.9000000E+01   1.5313740E-06   1.9339151E-05
   1.5590330E+03   8.3100000E+02   7.9000000E+01   3.8007822E-07   4.0218450E-06
   1.5590405E+03   7.6900000E+02   7.3000000E+01   4.3590356E-08   4.7871460E-07
   1.5590480E+03   8.0500000E+02   6.4000000E+01   1.7209380E-06   2.1644555E-05
   1.5590555E+03   8.2100000E+02   6.5000000E+01   8.3671512E-07   1.0520552E-05
   1.5590631E+03   8.0100000E+02   6.5000000E+01   4.8166194E-07   5.8977172E-06
   1.5590706E+03   8.0300000E+02   6.1000000E+01   2.9177481E-07   3.7979359E-06
   1.5590781E+03   8.4700000E+02   7.7000000E+01   2.0900355E-07   2.6279493E-06
   1.5590857E+03   8.0800000E+02   6.9000000E+01   2.0969066E-07   2.4319797E-06
   1.5590932E+03   8.0200000E+02   5.5000000E+01   2.2431970E-07   3.2969480E-06
   1.5591007E+03   8.4900000E+02   7.6000000E+01   8.7753140E-05   9.8027112E-04
   1.5591082E+03   8.4100000E+02   5.5000000E+01   7.5502032E-07   1.3565495E-06
   1.5591158E+03   8.0900000E+02   8.4000000E+01   5.5838172E-07   5.5899366E-06
   1.5591233E+03   8.1400000E+02   5.9000000E+01   8.8008635E-07   7.8995920E-06
   1.5591308E+03   8.4400000E+02   6.3000000E+01   7.2795557E-07   9.3103121E-06
   1.5591384E+03   7.8800000E+02   6.8000000E+01   1.2631479E-04   1.4637555E-03
   1.5591459E+03   8.3900000E+02   5.9000000E+01   1.8575520E-06   2.6581515E-05
   1.5591534E+03   8.2200000E+02   6.5000000E+01   2.9947953E-07   3.8433431E-06
   1.5591609E+03   8.7200000E+02   6.1000000E+01   1.1164859E-07   2.4310178E-06
   1.5591685E+03   8.6600000E+02   6.6000000E+01   9.2335246E-07   1.1748497E-05
   1.5591760E+03   7.9300000E+02   7.4000000E+01   1.1096888E-06   1.0889236E-05
   1.5591835E+03   8.1200000E+02   5.3000000E+01   4.9448167E-07   7.1714759E-06
   1.5591910E+03   7.8300000E+02   6.3000000E+01   9.5075380E-07   1.1831094E-05
   1.5591986E+03   8.0600000E+02   6.7000000E+01   3.3928510E-07   7.3567288E-06
   1.5592061E+03   8.3700000E+02   7.7000000E+01   9.8260358E-06   1.0731822E-04
   1.5592136E+03   7.7600000E+02   4.1000000E+01   1.5200886E-06   2.8799413E-05
   1.5592212E+03   8.2100000E+02   5.5000000E+01   5.6521787E-07   8.0155508E-06
   1.5592287E+03   8.5200000E+02   5.9000000E+01   1.0755292E-06   5.7296201E-06
   1.5592362E+03   8.4800000E+02   5.9000000E+01   2.0074789E-07   3.2789531E-06
   1.5592437E+03   8.8600000E+02   6.0000000E+01   1.9038984E-05   2.8112701E-04
   1.5592513E+03   8.0600000E+02   5.8000000E+01   1.4789833E-07   2.3911423E-06
   1.5592588E+03   8.4800000E+02   7.3000000E+01   6.9010155E-08   7.7600086E-07
   1.5592663E+03   7.7800000E+02   4.9000000E+01   3.6209020E-07   5.6220654E-06
   1.5592739E+03   7.9400000E+02   5.8000000E+01   4.5625753E-08   1.0025569E-06
   1.5592814E+03   8.0800000E+02   6.4000000E+01   1.8353028E-04   2.3170698E-03
   1.5592889E+03   7.6600000E+02   5.3000000E+01   1.5261050E-07   2.0230384E-06
   1.5592964E+03   8.0700000E+02   5.2000000E+01   5.0410556E-07   8.3732366E-06
   1.5593040E+03   8.1600000E+02   5.4000000E+01   3.6934194E-06   5.6409057E-05
   1.5593115E+03   7.6500000E+02   5.1000000E+01   2.5574171E-07   3.9357969E-06
   1.5593190E+03   8.0700000E+02   5.7000000E+01   8.5391550E-07   4.1344500E-06
   1.5593266E+03   7.7200000E+02   5.9000000E+01   1.7813530E-07   2.3942499E-06
   1.5593341E+03   7.8900000E+02   5.0000000E+01   1.8779743E-07   2.8358165E-06
   1.5593416E+03   8.8700000E+02   5.5000000E+01   4.4356518E-06   7.2744203E-05
   1.5593491E+03   8.0100000E+02   5.1000000E+01   3.8511588E-07   6.0485847E-06
   1.5593567E+03   7.9400000E+02   4.8000000E+01   4.2937689E-06   7.0969306E-05
   1.5593642E+03   8.1900000E+02   5.5000000E+01   4.0052765E-07   6.5960617E-06
   1.5593717E+03   7.7100000E+02   4.7000000E+01   1.1206542E-06   1.8074164E-05
   1.5593793E+03   8.1400000E+02   4.0000000E+01   1.9225941E-06   3.9515991E-05
   1.5593868E+03   7.6200000E+02   5.0000000E+01   8.5787772E-07   1.2397567E-05
   1.5593943E+03   8.2900000E+02   4.9000000E+01   8.1962883E-07   1.2547556E-05
   1.5594018E+03   7.8100000E+02   4.3000000E+01   2.3959455E-07   4.2746358E-06
   1.5594094E+03   7.7500000E+02   6.0000000E+01   2.4578437E-05   3.1690025E-04
   1.5594169E+03   8.8900000E+02   5.3000000E+01   2.2907408E-06   3.8406109E-05
   1.5594244E+03   8.2500000E+02   6.3000000E+01   5.5963623E-07   7.3920086E-06
   1.5594320E+03   8.2300000E+02   5.5000000E+01   3.7650555E-07   5.9967671E-06
   1.5594395E+03   7.9900000E+02   5.8000000E+01   2.9849414E-07   4.1571820E-06
   1.5594470E+03   7.9400000E+02   5.4000000E+01   4.0081007E-07   5.9074767E-06
   1.5594545E+03   9.2300000E+02   5.6000000E+01   1.6949413E-06   2.7933439E-05
   1.5594621E+03   8.4500000E+02   5.6000000E+01   2.9257087E-07   4.0686378E-06
   1.5594696E+03   8.1600000E+02   4.9000000E+01   7.8961703E-07   1.1506747E-05
   1.5594771E+03   8.3000000E+02   5.9000000E+01   5.7823522E-07   8.1332335E-06
   1.5594847E+03   7.8600000E+02   4.0000000E+01   1.0346892E-07   2.0713288E-06
   1.5594922E+03   8.1300000E+02   5.7000000E+01   3.1543658E-06   4.5148310E-05
   1.5594997E+03   8.2500000E+02   4.8000000E+01   1.9776535E-06   5.1573804E-06
   1.5595072E+03   8.3200000E+02   5.0000000E+01   3.9003946E-07   6.4987458E-06
   1.5595148E+03   8.0400000E+02   4.3000000E+01   3.7525207E-07   6.9216383E-06
   1.5595223E+03   7.9800000E+02   5.1000000E+01   4.1017598E-07   6.6516986E-06
   1.5595298E+03   8.0300000E+02   4.3000000E+01   5.5066959E-07   9.5293590E-06
   1.5595374E+03   8.3300000E+02   4.0000000E+01   2.2241351E-07   4.6966828E-06
   1.5595449E+03   8.0200000E+02   5.0000000E+01   5.0306338E-07   8.1830767E-06
   1.5595524E+03   7.6600000E+02   3.8000000E+01   5.7530901E-07   1.2146160E-05
   1.5595599E+03   7.9200000E+02   5.8000000E+01   6.3572522E-07   8.8928555E-06
   1.5595675E+03   8.2800000E+02   6.0000000E+01   4.3343446E-07   6.3047654E-06
   1.5595750E+03   7.7500000E+02   4.7000000E+01   1.1859028E-07   2.9811066E-06
   1.5595825E+03   8.9000000E+02   6.7000000E+01   1.0447142E-06   1.3874451E-05
   1.5595901E+03   7.9900000E+02   5.2000000E+01   5.7120658E-07   9.1936577E-06
   1.5595976E+03   8.1600000E+02   4.7000000E+01   2.0069660E-07   3.9968008E-06
   1.5596051E+03   7.7500000E+02   5.3000000E+01   5.9333961E-07   6.2368690E-07
   1.5596126E+03   8.3100000E+02   4.5000000E+01   1.2529944E-07   5.4868764E-06
   1.5596202E+03   8.3200000E+02   2.9000000E+01   2.2390731E-07   6.4238236E-06
   1.5596277E+03   8.4400000E+02   4.4000000E+01   4.1404345E-07   7.9920174E-06
   1.5596352E+03   8.0000000E+02   3.1000000E+01   2.8451827E-07   7.3424070E-06
   1.5596427E+03   8.0400000E+02   3.6000000E+01   6.8907472E-08   1.6786120E-06
   1.5596503E+03   8.0000000E+02   4.4000000E+01   2.4529801E-07   4.4363358E-06
   1.5596578E+03   8.0900000E+02   4.7000000E+01   1.0240176E-06   1.7823147E-05
   1.5596653E+03   7.8600000E+02   4.0000000E+01   1.0684051E-07   2.0994161E-06
   1.5596729E+03   8.0400000E+02   4.4000000E+01   5.0725250E-07   9.5990490E-06
   1.5596804E+03   8.2400000E+02   3.9000000E+01   3.1326740E-07   5.7128340E-06
   1.5596879E+03   7.6900000E+02   4.7000000E+01   8.0660914E-08   3.4162920E-07
   1.5596954E+03   7.7200000E+02   4.2000000E+01   4.0257471E-07   7.3997066E-06
   1.5597030E+03   7.8500000E+02   3.7000000E+01   6.1397845E-07   1.3202372E-05
   1.5597105E+03   7.3800000E+02   3.8000000E+01   3.4148251E-07   6.3387843E-06
   1.5597180E+03   8.5200000E+02   4.6000000E+01   4.5901316E-06   8.4939327E-05
   1.5597256E+03   7.8300000E+02   5.4000000E+01   1.4628376E-07   4.1260122E-06
   1.5597331E+03   8.0000000E+02   4.9000000E+01   1.3845844E-06   2.2605459E-05
   1.5597406E+03   8.2900000E+02   3.7000000E+01   3.9284115E-08   1.6205099E-06
   1.5597481E+03   7.6800000E+02   4.4000000E+01   2.6872977E-07   3.8312433E-06
   1.5597557E+03   8.5800000E+02   4.4000000E+01   9.3450040E-07   1.8244174E-05
   1.5597632E+03   8.1000000E+02   5.2000000E+01   1.0936991E-06   1.6990527E-05
   1.5597707E+03   7.7600000E+02   3.8000000E+01   3.6608993E-08   6.6062061E-07
   1.5597783E+03   7.7800000E+02   4.4000000E+01   6.0315360E-07   1.0852827E-05
   1.5597858E+03   8.0100000E+02   4.1000000E+01   3.9625117E-07   6.4199797E-06
   1.5597933E+03   8.3200000E+02   3.9000000E+01   1.3602274E-07   3.0426933E-06
   1.5598008E+03   7.9700000E+02   4.0000000E+01   2.4764972E-07   2.9660133E-06
   1.5598084E+03   7.9800000E+02   4.2000000E+01   1.0086761E-06   1.9258744E-05
   1.5598159E+03   7.4600000E+02   5.0000000E+01   8.4791177E-08   1.2836323E-06
   1.5598234E+03   8.3900000E+02   3.9000000E+01   1.5814328E-05   3.4086965E-04
   1.5598310E+03   7.4800000E+02   3.5000000E+01   7.0788117E-08   1.5510130E-06
   1.5598385E+03   7.8500000E+02   4.9000000E+01   5.7324380E-07   8.2285483E-06
   1.5598460E+03   7.9600000E+02   3.1000000E+01   1.6114480E-07   4.1377827E-06
   1.5598535E+03   7.6900000E+02   3.7000000E+01   6.6254290E-07   1.3769247E-05
   1.5598611E+03   7.9300000E+02   4.1000000E+01   8.1045676E-07   1.4693564E-05
   1.5598686E+03   7.8600000E+02   3.2000000E+01   6.3546432E-08   2.0852555E-06
   1.5598761E+03   8.4200000E+02   4.3000000E+01   1.1766909E-06   2.2846627E-05
   1.5598837E+03   7.8600000E+02   2.9000000E+01   3.4568633E-06   5.9353551E-05
   1.5598912E+03   8.4700000E+02   2.8000000E+01   3.7773380E-07   1.1433427E-05
   1.5598987E+03   8.2300000E+02   2.6000000E+01   1.5572492E-07   5.0119356E-06
   1.5599062E+03   7.3200000E+02   4.8000000E+01   7.9521239E-07   1.2127049E-05
   1.5599138E+03   7.4400000E+02   3.0000000E+01   9.1460394E-08   1.8033025E-06
   1.5599213E+03   7.6900000E+02   3.2000000E+01   4.5383970E-07   1.2186808E-05
   1.5599288E+03   7.9200000E+02   4.2000000E+01   2.2470707E-06   4.2121885E-05
   1.5599364E+03   7.8000000E+02   3.2000000E+01   9.2127739E-07   2.2560598E-05
   1.5599439E+03   7.8200000E+02   3.3000000E+01   1.5469984E-07   3.6659175E-06
   1.5599514E+03   8.4200000E+02   3.0000000E+01   1.7119021E-06   4.8067254E-05
   1.5599589E+03   7.7900000E+02   5.1000000E+01   8.2292045E-07   1.2569706E-05
   1.5599665E+03   7.7000000E+02   3.6000000E+01   2.8806124E-07   6.4243869E-06
   1.5599740E+03   7.8700000E+02   3.9000000E+01   4.7477103E-07   9.4250479E-06
   1.5599815E+03   8.4200000E+02   2.9000000E+01   1.9527257E-07   5.6941834E-06
   1.5599891E+03   8.1000000E+02   3.2000000E+01   5.2075077E-08   2.3510472E-06
   1.5599966E+03   7.9000000E+02   2.5000000E+01   1.4186402E-04   4.4828644E-03
   1.5600041E+03   7.4300000E+02   2.7000000E+01   2.2952691E-07   6.3135444E-06
   1.5600116E+03   8.0100000E+02   3.4000000E+01   1.5086728E-07   3.5638219E-06
   1.5600192E+03   7.2300000E+02   2.7000000E+01   9.0112777E-07   2.4130199E-05
   1.5600267E+03   8.3600000E+02   1.9000000E+01   3.4757145E-08   1.4614604E-06
   1.5600342E+03   7.3400000E+02   2.7000000E+01   1.5363248E-07   1.9023673E-06
   1.5600418E+03   7.7900000E+02   3.9000000E+01   9.4697725E-07   1.8871465E-05
   1.5600493E+03   8.4900000E+02   3.3000000E+01   3.8674534E-07   1.0302168E-05
   1.5600568E+03   7.6400000E+02   3.4000000E+01   1.7105102E-07   3.8436171E-06
   1.5600643E+03   7.8500000E+02   3.4000000E+01   9.8988782E-08   2.2854763E-06
   1.5600719E+03   8.2400000E+02   2.9000000E+01   1.0737979E-08   6.7132546E-07
   1.5600794E+03   7.5500000E+02   3.0000000E+01   1.8832635E-07   4.7395464E-06
   1.5600869E+03   7.9400000E+02   2.2000000E+01   1.2482426E-07   4.5238852E-06
   1.5600944E+03   7.4600000E+02   2.4000000E+01   7.5967342E-07   1.3868261E-05
   1.5601020E+03   8.0900000E+02   2.8000000E+01   2.8633463E-08   9.1184578E-07
   1.5601095E+03   7.8500000E+02   2.9000000E+01   2.0364603E-07   5.4855749E-06
   1.5601170E+03   7.5000000E+02   3.4000000E+01   4.2504767E-07   9.3760515E-06
   1.5601246E+03   7.8800000E+02   2.7000000E+01   3.5543664E-07   5.1870693E-06
   1.5601321E+03   7.7000000E+02   2.5000000E+01   4.8217422E-07   1.4536377E-05
   1.5601396E+03   7.6900000E+02   1.7000000E+01   1.0363768E-07   4.6880811E-06
   1.5601471E+03   7.7500000E+02   3.2000000E+01   1.7581341E-07   4.2522146E-06
   1.5601547E+03   7.3200000E+02   2.8000000E+01   1.6964948E-07   4.4966713E-06
   1.5601622E+03   7.6300000E+02   2.4000000E+01   4.3798327E-08   1.3002451E-06
   1.5601697E+03   8.0600000E+02   2.4000000E+01   8.6842840E-07   2.9165127E-05
   1.5601773E+03   7.7700000E+02   2.8000000E+01   7.3734080E-07   2.0752840E-05
   1.5601848E+03   7.8200000E+02   2.4000000E+01   3.9215486E-07   1.2268710E-05
   1.5601923E+03   8.3700000E+02   2.6000000E+01   7.3985392E-07   2.3845032E-05
   1.5601998E+03   7.6300000E+02   1.7000000E+01   2.2351481E-07   1.0990168E-05
   1.5602074E+03   7.7800000E+02   2.1000000E+01   1.6905191E-07   6.2629708E-06
   1.5602149E+03   7.7800000E+02   2.1000000E+01   8.5785807E-08   2.5671288E-06
   1.5602224E+03   7.4300000E+02   2.4000000E+01   9.9494401E-08   2.8384522E-06
   1.5602300E+03   8.0400000E+02   2.3000000E+01   2.0257668E-05   6.9031389E-06
   1.5602375E+03   7.4500000E+02   1.4000000E+01   1.6276614E-06   8.6649500E-05
   1.5602450E+03   7.7500000E+02   2.8000000E+01   2.1796846E-08   6.0330557E-07
   1.5602525E+03   7.6700000E+02   2.8000000E+01   1.8602252E-06   1.3722983E-06
   1.5602601E+03   7.3600000E+02   2.1000000E+01   1.0554401E-06   3.7970841E-05
   1.5602676E+03   7.6500000E+02   3.5000000E+01   1.3234931E-07   2.9346632E-06
   1.5602751E+03   8.1400000E+02   2.5000000E+01   1.2463750E-07   4.6832197E-06
   1.5602827E+03   7.7900000E+02   2.6000000E+01   1.3129055E-07   3.8615004E-06
   1.5602902E+03   7.6400000E+02   2.3000000E+01   8.2800539E-08   3.1873075E-06
   1.5602977E+03   7.4600000E+02   2.2000000E+01   1.4195193E-06   4.7586898E-05
   1.5603052E+03   7.4500000E+02   2.8000000E+01   8.8457747E-08   2.1877948E-06
   1.5603128E+03   7.4800000E+02   1.4000000E+01   3.0315344E-07   1.6393972E-05
   1.5603203E+03   7.8400000E+02   1.9000000E+01   3.0832719E-08   1.2024000E-06
   1.5603278E+03   7.7800000E+02   2.4000000E+01   1.7986950E-06   5.8023744E-05
   1.5603354E+03   7.8900000E+02   1.1000000E+01   7.2514011E-08   4.7777613E-06
   1.5603429E+03   7.9300000E+02   1.9000000E+01   3.2203308E-08   9.2546832E-07
   1.5603504E+03   7.9400000E+02   2.8000000E+01   3.0724972E-07   7.2136858E-06
   1.5603579E+03   7.8400000E+02   1.8000000E+01   7.0739494E-08   3.0453128E-06
   1.5603655E+03   7.6000000E+02   1.5000000E+01   4.7457826E-07   2.4045299E-05
   1.5603730E+03   8.1700000E+02   2.6000000E+01   4.1784314E-07   1.3159098E-05
   1.5603805E+03   7.6300000E+02   1.3000000E+01   2.5404415E-07   1.5836585E-05
   1.5603881E+03   7.1400000E+02   2.6000000E+01   2.2696464E-06   6.2749278E-05
   1.5603956E+03   7.8600000E+02   2.0000000E+01   1.7151790E-07   6.7406536E-06
   1.5604031E+03   7.8000000E+02   2.1000000E+01   1.5127850E-07   6.1174788E-06
   1.5604106E+03   7.9400000E+02   2.2000000E+01   1.7375236E-06   6.2139826E-05
   1.5604182E+03   7.8200000E+02   1.9000000E+01   2.7148427E-07   9.8587653E-06
   1.5604257E+03   8.0200000E+02   1.8000000E+01   4.9384770E-07   2.2212167E-05
   1.5604332E+03   7.9900000E+02   1.6000000E+01   2.7045138E-07   1.2848712E-05
   1.5604408E+03   7.5400000E+02   2.1000000E+01   1.1998718E-07   4.5442640E-06
   1.5604483E+03   7.9700000E+02   1.4000000E+01   8.6583551E-08   3.4166005E-06
   1.5604558E+03   7.9200000E+02   1.8000000E+01   2.7939426E-07   1.2272187E-05
   1.5604633E+03   7.5400000E+02   2.0000000E+01   9.1813838E-08   3.4613817E-06
   1.5604709E+03   8.0300000E+02   1.1000000E+01   1.3733189E-07   9.2606104E-06
   1.5604784E+03   7.7200000E+02   1.7000000E+01   8.8388705E-08   4.2654215E-06
   1.5604859E+03   7.9400000E+02   1.7000000E+01   4.2426774E-07   1.9663012E-05
   1.5604935E+03   7.2900000E+02   1.4000000E+01   1.1970653E-06   4.4446262E-05
   1.5605010E+03   7.4600000E+02   1.9000000E+01   4.9589132E-07   1.9634364E-05
   1.5605085E+03   7.8800000E+02   1.9000000E+01   3.3630982E-07   1.3565231E-05
   1.5605160E+03   7.9900000E+02   1.9000000E+01   6.6678160E-07   2.8148860E-05
   1.5605236E+03   7.2700000E+02   1.6000000E+01   2.4254160E-07   1.1024982E-05
   1.5605311E+03   7.2100000E+02   1.6000000E+01   5.7023081E-08   2.5856491E-06
   1.5605386E+03   7.5300000E+02   2.2000000E+01   1.7118218E-07   6.1009186E-06
   1.5605461E+03   7.7300000E+02   1.7000000E+01   1.5155610E-07   6.8913450E-06
   1.5605537E+03   8.2000000E+02   1.1000000E+01   4.0829277E-07   2.8873694E-05
   1.5605612E+03   7.8900000E+02   1.2000000E+01   4.6750749E-07   3.0967730E-05
   1.5605687E+03   7.3300000E+02   1.6000000E+01   3.8225467E-07   1.7512042E-05
   1.5605763E+03   7.8600000E+02   1.2000000E+01   2.5766749E-08   1.6877221E-06
   1.5605838E+03   7.5100000E+02   9.0000000E+00   1.0671727E-06   1.8630820E-05
   1.5605913E+03   7.3400000E+02   1.1000000E+01   1.6808506E-08   1.1215858E-06
   1.5605988E+03   7.9900000E+02   2.4000000E+01   3.3763172E-05   1.1240323E-03
   1.5606064E+03   7.7800000E+02   1.9000000E+01   1.0904235E-07   4.7481075E-06
   1.5606139E+03   7.6800000E+02   1.3000000E+01   1.0012527E-07   6.1095772E-06
   1.5606214E+03   7.4000000E+02   1.5000000E+01   3.9246713E-07   7.8477922E-06
   1.5606290E+03   7.6000000E+02   1.1000000E+01   1.2838317E-07   9.0036324E-06
   1.5606365E+03   7.5700000E+02   1.6000000E+01   4.2366584E-07   1.9304855E-05
   1.5606440E+03   7.7200000E+02   1.6000000E+01   7.5025294E-08   5.0068246E-06
   1.5606515E+03   7.9000000E+02   1.3000000E+01   5.0427709E-08   2.8820031E-06
   1.5606591E+03   8.1800000E+02   1.0000000E+01   4.5676930E-08   2.9563392E-06
   1.5606666E+03   7.1400000E+02   1.6000000E+01   1.7874575E-06   7.9759554E-05
   1.5606741E+03   7.8800000E+02   1.3000000E+01   2.7598300E-07   1.7515662E-05
   1.5606817E+03   7.6000000E+02   9.0000000E+00   5.6532606E-07   4.7738645E-05
   1.5606892E+03   7.5200000E+02   1.3000000E+01   1.0083382E-07   7.6623443E-06
   1.5606967E+03   7.8800000E+02   1.5000000E+01   2.3054556E-07   1.2393552E-05
   1.5607042E+03   7.4600000E+02   1.1000000E+01   1.0119869E-07   5.9394095E-06
   1.5607118E+03   7.6700000E+02   1.1000000E+01   1.7383217E-08   9.8018233E-07
   1.5607193E+03   7.3400000E+02   1.2000000E+01   6.3819029E-08   3.9035973E-06
   1.5607268E+03   8.0000000E+02   1.0000000E+01   6.0635077E-07   4.9261535E-05
   1.5607344E+03   7.8600000E+02   7.0000000E+00   1.1164464E-07   1.2411206E-05
   1.5607419E+03   7.1200000E+02   6.0000000E+00   3.1084649E-08   7.6203991E-07
   1.5607494E+03   7.4000000E+02   1.5000000E+01   1.1800500E-07   5.9086825E-06
   1.5607569E+03   7.7300000E+02   1.3000000E+01   5.1776340E-07   3.0856344E-05
   1.5607645E+03   7.8300000E+02   1.5000000E+01   9.3552999E-08   4.8834665E-06
   1.5607720E+03   7.2900000E+02   1.0000000E+01   2.9839449E-07   2.1835503E-05
