   1.5381945E+03   7.3800000E+02   0.0000000E+00   0.0000000E+00   0.0000000E+00
   1.5382021E+03   7.4400000E+02   0.0000000E+00   0.0000000E+00   0.0000000E+00
   1.5382096E+03   7.8300000E+02   0.0000000E+00   0.0000000E+00   0.0000000E+00
   1.5382171E+03   7.7000000E+02   0.0000000E+00   0.0000000E+00   0.0000000E+00
   1.5382246E+03   7.5000000E+02   0.0000000E+00   0.0000000E+00   0.0000000E+00
   1.5382322E+03   7.5900000E+02   0.0000000E+00   0.0000000E+00   0.0000000E+00
   1.5382397E+03   7.6700000E+02   0.0000000E+00   0.0000000E+00   0.0000000E+00
   1.5382472E+03   7.7800000E+02   0.0000000E+00   0.0000000E+00   0.0000000E+00
   1.5382548E+03   7.1500000E+02   0.0000000E+00   0.0000000E+00   0.0000000E+00
   1.5382623E+03   7.8400000E+02   0.0000000E+00   0.0000000E+00   0.0000000E+00
   1.5382698E+03   7.5700000E+02   0.0000000E+00   0.0000000E+00   0.0000000E+00
   1.5382773E+03   7.5800000E+02   0.0000000E+00   0.0000000E+00   0.0000000E+00
   1.5382849E+03   7.6200000E+02   0.0000000E+00   0.0000000E+00   0.0000000E+00
   1.5382924E+03   8.1900000E+02   0.0000000E+00   0.0000000E+00   0.0000000E+00
   1.5382999E+03   8.1400000E+02   0.0000000E+00   0.0000000E+00   0.0000000E+00
   1.5383075E+03   7.1700000E+02   0.0000000E+00   0.0000000E+00   0.0000000E+00
   1.5383150E+03   7.8000000E+02   0.0000000E+00   0.0000000E+00   0.0000000E+00
   1.5383225E+03   7.3000000E+02   0.0000000E+00   0.0000000E+00   0.0000000E+00
   1.5383300E+03   7.6400000E+02   0.0000000E+00   0.0000000E+00   0.0000000E+00
   1.5383376E+03   7.6200000E+02   0.0000000E+00   0.0000000E+00   0.0000000E+00
   1.5383451E+03   7.7800000E+02   0.0000000E+00   0.0000000E+00   0.0000000E+00
   1.5383526E+03   7.9000000E+02   0.0000000E+00   0.0000000E+00   0.0000000E+00
   1.5383602E+03   7.7300000E+02   0.0000000E+00   0.0000000E+00   0.0000000E+00
   1.5383677E+03   7.6500000E+02   0.0000000E+00   0.0000000E+00   0.0000000E+00
   1.5383752E+03   7.6500000E+02   0.0000000E+00   0.0000000E+00   0.0000000E+00
   1.5383827E+03   7.0900000E+02   0.0000000E+00   0.0000000E+00   0.0000000E+00
   1.5383903E+03   7.2600000E+02   0.0000000E+00   0.0000000E+00   0.0000000E+00
   1.5383978E+03   7.2300000E+02   0.0000000E+00   0.0000000E+00   0.0000000E+00
   1.5384053E+03   7.5700000E+02   0.0000000E+00   0.0000000E+00   0.0000000E+00
   1.5384128E+03   7.1900000E+02   0.0000000E+00   0.0000000E+00   0.0000000E+00
   1.5384204E+03   7.2700000E+02   0.0000000E+00   0.0000000E+00   0.0000000E+00
   1.5384279E+03   7.5400000E+02   0.0000000E+00   0.0000000E+00   0.0000000E+00
   1.5384354E+03   7.7300000E+02   0.0000000E+00   0.0000000E+00   0.0000000E+00
   1.5384430E+03   7.5400000E+02   0.0000000E+00   0.0000000E+00   0.0000000E+00
   1.5384505E+03   7.7100000E+02   0.0000000E+00   0.0000000E+00   0.0000000E+00
   1.5384580E+03   7.6500000E+02   0.0000000E+00   0.0000000E+00   0.0000000E+00
   1.5384655E+03   7.4400000E+02   0.0000000E+00   0.0000000E+00   0.0000000E+00
   1.5384731E+03   7.5000000E+02   0.0000000E+00   0.0000000E+00   0.0000000E+00
   1.5384806E+03   7.5300000E+02   0.0000000E+00   0.0000000E+00   0.0000000E+00
   1.5384881E+03   7.6000000E+02   0.0000000E+00   0.0000000E+00   0.0000000E+00
   1.5384957E+03   7.3200000E+02   0.0000000E+00   0.0000000E+00   0.0000000E+00
   1.5385032E+03   7.4200000E+02   0.0000000E+00   0.0000000E+00   0.0000000E+00
   1.5385107E+03   7.4100000E+02   0.0000000E+00   0.0000000E+00   0.0000000E+00
   1.5385182E+03   7.1000000E+02   0.0000000E+00   0.0000000E+00   0.0000000E+00
   1.5385258E+03   7.1100000E+02   0.0000000E+00   0.0000000E+00   0.0000000E+00
   1.5385333E+03   7.3100000E+02   0.0000000E+00   0.0000000E+00   0.0000000E+00
   1.5385408E+03   7.9700000E+02   0.0000000E+00   0.0000000E+00   0.0000000E+00
   1.5385484E+03   7.1600000E+02   0.0000000E+00   0.0000000E+00   0.0000000E+00
   1.5385559E+03   7.7000000E+02   0.0000000E+00   0.0000000E+00   0.0000000E+00
   1.5385634E+03   8.2300000E+02   0.0000000E+00   0.0000000E+00   0.0000000E+00
   1.5385709E+03   8.1700000E+02   0.0000000E+00   0.0000000E+00   0.0000000E+00
   1.5385785E+03   7.4700000E+02   0.0000000E+00   0.0000000E+00   0.0000000E+00
   1.5385860E+03   7.4700000E+02   0.0000000E+00   0.0000000E+00   0.0000000E+00
   1.5385935E+03   7.2500000E+02   0.0000000E+00   0.0000000E+00   0.0000000E+00
   1.5386011E+03   7.8100000E+02   0.0000000E+00   0.0000000E+00   0.0000000E+00
   1.5386086E+03   7.5900000E+02   0.0000000E+00   0.0000000E+00   0.0000000E+00
   1.5386161E+03   7.6400000E+02   0.0000000E+00   0.0000000E+00   0.0000000E+00
   1.5386236E+03   6.9700000E+02   0.0000000E+00   0.0000000E+00   0.0000000E+00
   1.5386312E+03   7.4800000E+02   0.0000000E+00   0.0000000E+00   0.0000000E+00
   1.5386387E+03   7.5900000E+02   0.0000000E+00   0.0000000E+00   0.0000000E+00
   1.5386462E+03   7.1400000E+02   0.0000000E+00   0.0000000E+00   0.0000000E+00
   1.5386538E+03   7.4600000E+02   0.0000000E+00   0.0000000E+00   0.0000000E+00
   1.5386613E+03   7.0400000E+02   0.0000000E+00   0.0000000E+00   0.0000000E+00
   1.5386688E+03   7.4600000E+02   0.0000000E+00   0.0000000E+00   0.0000000E+00
   1.5386763E+03   7.6300000E+02   0.0000000E+00   0.0000000E+00   0.0000000E+00
   1.5386839E+03   7.3600000E+02   0.0000000E+00   0.0000000E+00   0.0000000E+00
   1.5386914E+03   7.8300000E+02   0.0000000E+00   0.0000000E+00   0.0000000E+00
   1.5386989E+03   7.3200000E+02   0.0000000E+00   0.0000000E+00   0.0000000E+00
   1.5387065E+03   7.3100000E+02   0.0000000E+00   0.0000000E+00   0.0000000E+00
   1.5387140E+03   7.8100000E+02   0.0000000E+00   0.0000000E+00   0.0000000E+00
   1.5387215E+03   7.3900000E+02   0.0000000E+00   0.0000000E+00   0.0000000E+00
   1.5387290E+03   7.2300000E+02   0.0000000E+00   0.0000000E+00   0.0000000E+00
   1.5387366E+03   7.2500000E+02   0.0000000E+00   0.0000000E+00   0.0000000E+00
   1.5387441E+03   7.6100000E+02   0.0000000E+00   0.0000000E+00   0.0000000E+00
   1.5387516E+03   7.2300000E+02   0.0000000E+00   0.0000000E+00   0.0000000E+00
   1.5387592E+03   7.4900000E+02   0.0000000E+00   0.0000000E+00   0.0000000E+00
   1.5387667E+03   7.4600000E+02   0.0000000E+00   0.0000000E+00   0.0000000E+00
   1.5387742E+03   7.8600000E+02   0.0000000E+00   0.0000000E+00   0.0000000E+00
   1.5387817E+03   7.0900000E+02   0.0000000E+00   0.0000000E+00   0.0000000E+00
   1.5387893E+03   7.8600000E+02   0.0000000E+00   0.0000000E+00   0.0000000E+00
   1.5387968E+03   8.3800000E+02   0.0000000E+00   0.0000000E+00   0.0000000E+00
   1.5388043E+03   7.7400000E+02   0.0000000E+00   0.0000000E+00   0.0000000E+00
   1.5388119E+03   8.1200000E+02   0.0000000E+00   0.0000000E+00   0.0000000E+00
   1.5388194E+03   7.8100000E+02   0.0000000E+00   0.0000000E+00   0.0000000E+00
   1.5388269E+03   7.4900000E+02   0.0000000E+00   0.0000000E+00   0.0000000E+00
   1.5388344E+03   7.4800000E+02   0.0000000E+00   0.0000000E+00   0.0000000E+00
   1.5388420E+03   8.0000000E+02   0.0000000E+00   0.0000000E+00   0.0000000E+00
   1.5388495E+03   7.2000000E+02   0.0000000E+00   0.0000000E+00   0.0000000E+00
   1.5388570E+03   7.4700000E+02   0.0000000E+00   0.0000000E+00   0.0000000E+00
   1.5388646E+03   8.1000000E+02   0.0000000E+00   0.0000000E+00   0.0000000E+00
   1.5388721E+03   7.4600000E+02   0.0000000E+00   0.0000000E+00   0.0000000E+00
   1.5388796E+03   7.7100000E+02   0.0000000E+00   0.0000000E+00   0.0000000E+00
   1.5388871E+03   7.8100000E+02   0.0000000E+00   0.0000000E+00   0.0000000E+00
   1.5388947E+03   7.7700000E+02   0.0000000E+00   0.0000000E+00   0.0000000E+00
   1.5389022E+03   7.5500000E+02   0.0000000E+00   0.0000000E+00   0.0000000E+00
   1.5389097E+03   7.2900000E+02   0.0000000E+00   0.0000000E+00   0.0000000E+00
   1.5389172E+03   8.0500000E+02   0.0000000E+00   0.0000000E+00   0.0000000E+00
   1.5389248E+03   7.3200000E+02   0.0000000E+00   0.0000000E+00   0.0000000E+00
   1.5389323E+03   7.7700000E+02   0.0000000E+00   0.0000000E+00   0.0000000E+00
   1.5389398E+03   7.2200000E+02   0.0000000E+00   0.0000000E+00   0.0000000E+00
   1.5389474E+03   7.9800000E+02   0.0000000E+00   0.0000000E+00   0.0000000E+00
   1.5389549E+03   7.2100000E+02   0.0000000E+00   0.0000000E+00   0.0000000E+00
   1.5389624E+03   7.8000000E+02   0.0000000E+00   0.0000000E+00   0.0000000E+00
   1.5389699E+03   7.5100000E+02   0.0000000E+00   0.0000000E+00   0.0000000E+00
   1.5389775E+03   7.8400000E+02   0.0000000E+00   0.0000000E+00   0.0000000E+00
   1.5389850E+03   7.4800000E+02   0.0000000E+00   0.0000000E+00   0.0000000E+00
   1.5389925E+03   7.2200000E+02   0.0000000E+00   0.0000000E+00   0.0000000E+00
   1.5390001E+03   7.3500000E+02   0.0000000E+00   0.0000000E+00   0.0000000E+00
   1.5390076E+03   7.4900000E+02   0.0000000E+00   0.0000000E+00   0.0000000E+00
   1.5390151E+03   7.8000000E+02   0.0000000E+00   0.0000000E+00   0.0000000E+00
   1.5390226E+03   7.8800000E+02   0.0000000E+00   0.0000000E+00   0.0000000E+00
   1.5390302E+03   7.8000000E+02   0.0000000E+00   0.0000000E+00   0.0000000E+00
   1.5390377E+03   7.5300000E+02   0.0000000E+00   0.0000000E+00   0.0000000E+00
   1.5390452E+03   7.6200000E+02   0.0000000E+00   0.0000000E+00   0.0000000E+00
   1.5390528E+03   7.8000000E+02   0.0000000E+00   0.0000000E+00   0.0000000E+00
   1.5390603E+03   7.4100000E+02   0.0000000E+00   0.0000000E+00   0.0000000E+00
   1.5390678E+03   7.2800000E+02   0.0000000E+00   0.0000000E+00   0.0000000E+00
   1.5390753E+03   7.6600000E+02   0.0000000E+00   0.0000000E+00   0.0000000E+00
   1.5390829E+03   7.5200000E+02   0.0000000E+00   0.0000000E+00   0.0000000E+00
   1.5390904E+03   7.7800000E+02   0.0000000E+00   0.0000000E+00   0.0000000E+00
   1.5390979E+03   7.5700000E+02   0.0000000E+00   0.0000000E+00   0.0000000E+00
   1.5391055E+03   7.2300000E+02   0.0000000E+00   0.0000000E+00   0.0000000E+00
   1.5391130E+03   7.7800000E+02   0.0000000E+00   0.0000000E+00   0.0000000E+00
   1.5391205E+03   7.3600000E+02   0.0000000E+00   0.0000000E+00   0.0000000E+00
   1.5391280E+03   7.5500000E+02   0.0000000E+00   0.0000000E+00   0.0000000E+00
   1.5391356E+03   7.6300000E+02   0.0000000E+00   0.0000000E+00   0.0000000E+00
   1.5391431E+03   7.8600000E+02   0.0000000E+00   0.0000000E+00   0.0000000E+00
   1.5391506E+03   8.1200000E+02   0.0000000E+00   0.0000000E+00   0.0000000E+00
   1.5391582E+03   7.5600000E+02   0.0000000E+00   0.0000000E+00   0.0000000E+00
   1.5391657E+03   7.6600000E+02   0.0000000E+00   0.0000000E+00   0.0000000E+00
   1.5391732E+03   7.3100000E+02   0.0000000E+00   0.0000000E+00   0.0000000E+00
   1.5391807E+03   7.2100000E+02   0.0000000E+00   0.0000000E+00   0.0000000E+00
   1.5391883E+03   7.2400000E+02   0.0000000E+00   0.0000000E+00   0.0000000E+00
   1.5391958E+03   7.4500000E+02   0.0000000E+00   0.0000000E+00   0.0000000E+00
   1.5392033E+03   7.0100000E+02   0.0000000E+00   0.0000000E+00   0.0000000E+00
   1.5392109E+03   7.3000000E+02   0.0000000E+00   0.0000000E+00   0.0000000E+00
   1.5392184E+03   7.7800000E+02   0.0000000E+00   0.0000000E+00   0.0000000E+00
   1.5392259E+03   7.5400000E+02   0.0000000E+00   0.0000000E+00   0.0000000E+00
   1.5392334E+03   7.2800000E+02   0.0000000E+00   0.0000000E+00   0.0000000E+00
   1.5392410E+03   7.3600000E+02   0.0000000E+00   0.0000000E+00   0.0000000E+00
   1.5392485E+03   7.3600000E+02   0.0000000E+00   0.0000000E+00   0.0000000E+00
   1.5392560E+03   7.4000000E+02   0.0000000E+00   0.0000000E+00   0.0000000E+00
   1.5392636E+03   7.8800000E+02   0.0000000E+00   0.0000000E+00   0.0000000E+00
   1.5392711E+03   6.8200000E+02   0.0000000E+00   0.0000000E+00   0.0000000E+00
   1.5392786E+03   7.8000000E+02   0.0000000E+00   0.0000000E+00   0.0000000E+00
   1.5392861E+03   7.6500000E+02   0.0000000E+00   0.0000000E+00   0.0000000E+00
   1.5392937E+03   7.2900000E+02   0.0000000E+00   0.0000000E+00   0.0000000E+00
   1.5393012E+03   7.3700000E+02   0.0000000E+00   0.0000000E+00   0.0000000E+00
   1.5393087E+03   7.2800000E+02   0.0000000E+00   0.0000000E+00   0.0000000E+00
   1.5393162E+03   7.4000000E+02   0.0000000E+00   0.0000000E+00   0.0000000E+00
   1.5393238E+03   7.3300000E+02   0.0000000E+00   0.0000000E+00   0.0000000E+00
   1.5393313E+03   7.4000000E+02   0.0000000E+00   0.0000000E+00   0.0000000E+00
   1.5393388E+03   7.1600000E+02   0.0000000E+00   0.0000000E+00   0.0000000E+00
   1.5393464E+03   7.4800000E+02   0.0000000E+00   0.0000000E+00   0.0000000E+00
   1.5393539E+03   7.3600000E+02   0.0000000E+00   0.0000000E+00   0.0000000E+00
   1.5393614E+03   7.2600000E+02   0.0000000E+00   0.0000000E+00   0.0000000E+00
   1.5393689E+03   7.6100000E+02   0.0000000E+00   0.0000000E+00   0.0000000E+00
   1.5393765E+03   7.2700000E+02   0.0000000E+00   0.0000000E+00   0.0000000E+00
   1.5393840E+03   7.6000000E+02   0.0000000E+00   0.0000000E+00   0.0000000E+00
   1.5393915E+03   7.5700000E+02   0.0000000E+00   0.0000000E+00   0.0000000E+00
   1.5393991E+03   7.9100000E+02   0.0000000E+00   0.0000000E+00   0.0000000E+00
   1.5394066E+03   7.3600000E+02   0.0000000E+00   0.0000000E+00   0.0000000E+00
   1.5394141E+03   7.5400000E+02   0.0000000E+00   0.0000000E+00   0.0000000E+00
   1.5394216E+03   7.9500000E+02   0.0000000E+00   0.0000000E+00   0.0000000E+00
   1.5394292E+03   7.8600000E+02   0.0000000E+00   0.0000000E+00   0.0000000E+00
   1.5394367E+03   7.3000000E+02   0.0000000E+00   0.0000000E+00   0.0000000E+00
   1.5394442E+03   7.3900000E+02   0.0000000E+00   0.0000000E+00   0.0000000E+00
   1.5394518E+03   7.9000000E+02   0.0000000E+00   0.0000000E+00   0.0000000E+00
   1.5394593E+03   7.3500000E+02   0.0000000E+00   0.0000000E+00   0.0000000E+00
   1.5394668E+03   6.8600000E+02   0.0000000E+00   0.0000000E+00   0.0000000E+00
   1.5394743E+03   7.3500000E+02   0.0000000E+00   0.0000000E+00   0.0000000E+00
   1.5394819E+03   7.8100000E+02   0.0000000E+00   0.0000000E+00   0.0000000E+00
   1.5394894E+03   7.1600000E+02   0.0000000E+00   0.0000000E+00   0.0000000E+00
   1.5394969E+03   7.7900000E+02   0.0000000E+00   0.0000000E+00   0.0000000E+00
   1.5395045E+03   7.6500000E+02   0.0000000E+00   0.0000000E+00   0.0000000E+00
   1.5395120E+03   7.4800000E+02   0.0000000E+00   0.0000000E+00   0.0000000E+00
   1.5395195E+03   7.6100000E+02   0.0000000E+00   0.0000000E+00   0.0000000E+00
   1.5395270E+03   7.6000000E+02   0.0000000E+00   0.0000000E+00   0.0000000E+00
   1.5395346E+03   8.0000000E+02   0.0000000E+00   0.0000000E+00   0.0000000E+00
   1.5395421E+03   7.6300000E+02   0.0000000E+00   0.0000000E+00   0.0000000E+00
   1.5395496E+03   7.2700000E+02   0.0000000E+00   0.0000000E+00   0.0000000E+00
   1.5395572E+03   7.9700000E+02   0.0000000E+00   0.0000000E+00   0.0000000E+00
   1.5395647E+03   7.4200000E+02   0.0000000E+00   0.0000000E+00   0.0000000E+00
   1.5395722E+03   7.5000000E+02   0.0000000E+00   0.0000000E+00   0.0000000E+00
   1.5395797E+03   7.7100000E+02   0.0000000E+00   0.0000000E+00   0.0000000E+00
   1.5395873E+03   7.6100000E+02   0.0000000E+00   0.0000000E+00   0.0000000E+00
   1.5395948E+03   7.4000000E+02   0.0000000E+00   0.0000000E+00   0.0000000E+00
   1.5396023E+03   7.7700000E+02   0.0000000E+00   0.0000000E+00   0.0000000E+00
   1.5396099E+03   7.3600000E+02   0.0000000E+00   0.0000000E+00   0.0000000E+00
   1.5396174E+03   7.5400000E+02   0.0000000E+00   0.0000000E+00   0.0000000E+00
   1.5396249E+03   7.6900000E+02   0.0000000E+00   0.0000000E+00   0.0000000E+00
   1.5396324E+03   7.5600000E+02   0.0000000E+00   0.0000000E+00   0.0000000E+00
   1.5396400E+03   7.2500000E+02   0.0000000E+00   0.0000000E+00   0.0000000E+00
   1.5396475E+03   7.7400000E+02   0.0000000E+00   0.0000000E+00   0.0000000E+00
   1.5396550E+03   7.4300000E+02   0.0000000E+00   0.0000000E+00   0.0000000E+00
   1.5396626E+03   6.9300000E+02   0.0000000E+00   0.0000000E+00   0.0000000E+00
   1.5396701E+03   7.1200000E+02   0.0000000E+00   0.0000000E+00   0.0000000E+00
   1.5396776E+03   6.8500000E+02   0.0000000E+00   0.0000000E+00   0.0000000E+00
   1.5396851E+03   7.9000000E+02   0.0000000E+00   0.0000000E+00   0.0000000E+00
   1.5396927E+03   7.6600000E+02   0.0000000E+00   0.0000000E+00   0.0000000E+00
   1.5397002E+03   7.4200000E+02   0.0000000E+00   0.0000000E+00   0.0000000E+00
   1.5397077E+03   7.4100000E+02   0.0000000E+00   0.0000000E+00   0.0000000E+00
   1.5397153E+03   7.5400000E+02   0.0000000E+00   0.0000000E+00   0.0000000E+00
   1.5397228E+03   7.7800000E+02   0.0000000E+00   0.0000000E+00   0.0000000E+00
   1.5397303E+03   7.4200000E+02   0.0000000E+00   0.0000000E+00   0.0000000E+00
   1.5397378E+03   7.4400000E+02   0.0000000E+00   0.0000000E+00   0.0000000E+00
   1.5397454E+03   7.5700000E+02   0.0000000E+00   0.0000000E+00   0.0000000E+00
   1.5397529E+03   7.8800000E+02   0.0000000E+00   0.0000000E+00   0.0000000E+00
   1.5397604E+03   7.3000000E+02   0.0000000E+00   0.0000000E+00   0.0000000E+00
   1.5397679E+03   7.2200000E+02   0.0000000E+00   0.0000000E+00   0.0000000E+00
   1.5397755E+03   7.4200000E+02   0.0000000E+00   0.0000000E+00   0.0000000E+00
   1.5397830E+03   7.7900000E+02   0.0000000E+00   0.0000000E+00   0.0000000E+00
   1.5397905E+03   7.1400000E+02   0.0000000E+00   0.0000000E+00   0.0000000E+00
   1.5397981E+03   7.6000000E+02   0.0000000E+00   0.0000000E+00   0.0000000E+00
   1.5398056E+03   7.5600000E+02   0.0000000E+00   0.0000000E+00   0.0000000E+00
   1.5398131E+03   7.4600000E+02   0.0000000E+00   0.0000000E+00   0.0000000E+00
   1.5398206E+03   7.6200000E+02   0.0000000E+00   0.0000000E+00   0.0000000E+00
   1.5398282E+03   8.1800000E+02   0.0000000E+00   0.0000000E+00   0.0000000E+00
   1.5398357E+03   7.4900000E+02   0.0000000E+00   0.0000000E+00   0.0000000E+00
   1.5398432E+03   7.7200000E+02   0.0000000E+00   0.0000000E+00   0.0000000E+00
   1.5398508E+03   7.5700000E+02   0.0000000E+00   0.0000000E+00   0.0000000E+00
   1.5398583E+03   7.6300000E+02   0.0000000E+00   0.0000000E+00   0.0000000E+00
   1.5398658E+03   7.6100000E+02   0.0000000E+00   0.0000000E+00   0.0000000E+00
   1.5398733E+03   7.6600000E+02   0.0000000E+00   0.0000000E+00   0.0000000E+00
   1.5398809E+03   7.5200000E+02   0.0000000E+00   0.0000000E+00   0.0000000E+00
   1.5398884E+03   7.4200000E+02   0.0000000E+00   0.0000000E+00   0.0000000E+00
   1.5398959E+03   7.5900000E+02   0.0000000E+00   0.0000000E+00   0.0000000E+00
   1.5399035E+03   7.4400000E+02   0.0000000E+00   0.0000000E+00   0.0000000E+00
   1.5399110E+03   8.3200000E+02   0.0000000E+00   0.0000000E+00   0.0000000E+00
   1.5399185E+03   7.5600000E+02   0.0000000E+00   0.0000000E+00   0.0000000E+00
   1.5399260E+03   7.4600000E+02   0.0000000E+00   0.0000000E+00   0.0000000E+00
   1.5399336E+03   7.1500000E+02   0.0000000E+00   0.0000000E+00   0.0000000E+00
   1.5399411E+03   7.1500000E+02   0.0000000E+00   0.0000000E+00   0.0000000E+00
   1.5399486E+03   7.5200000E+02   0.0000000E+00   0.0000000E+00   0.0000000E+00
   1.5399562E+03   7.3300000E+02   0.0000000E+00   0.0000000E+00   0.0000000E+00
   1.5399637E+03   8.0200000E+02   0.0000000E+00   0.0000000E+00   0.0000000E+00
   1.5399712E+03   7.5900000E+02   0.0000000E+00   0.0000000E+00   0.0000000E+00
   1.5399787E+03   7.4900000E+02   0.0000000E+00   0.0000000E+00   0.0000000E+00
   1.5399863E+03   7.7200000E+02   0.0000000E+00   0.0000000E+00   0.0000000E+00
   1.5399938E+03   7.9200000E+02   0.0000000E+00   0.0000000E+00   0.0000000E+00
   1.5400013E+03   7.2400000E+02   0.0000000E+00   0.0000000E+00   0.0000000E+00
   1.5400089E+03   7.5400000E+02   0.0000000E+00   0.0000000E+00   0.0000000E+00
   1.5400164E+03   7.8300000E+02   0.0000000E+00   0.0000000E+00   0.0000000E+00
   1.5400239E+03   7.8300000E+02   0.0000000E+00   0.0000000E+00   0.0000000E+00
   1.5400314E+03   7.2500000E+02   0.0000000E+00   0.0000000E+00   0.0000000E+00
   1.5400390E+03   7.6200000E+02   0.0000000E+00   0.0000000E+00   0.0000000E+00
   1.5400465E+03   7.3400000E+02   0.0000000E+00   0.0000000E+00   0.0000000E+00
   1.5400540E+03   7.7100000E+02   0.0000000E+00   0.0000000E+00   0.0000000E+00
   1.5400616E+03   7.8800000E+02   0.0000000E+00   0.0000000E+00   0.0000000E+00
   1.5400691E+03   7.8900000E+02   0.0000000E+00   0.0000000E+00   0.0000000E+00
   1.5400766E+03   7.5400000E+02   0.0000000E+00   0.0000000E+00   0.0000000E+00
   1.5400841E+03   7.2700000E+02   0.0000000E+00   0.0000000E+00   0.0000000E+00
   1.5400917E+03   7.2400000E+02   0.0000000E+00   0.0000000E+00   0.0000000E+00
   1.5400992E+03   7.9600000E+02   0.0000000E+00   0.0000000E+00   0.0000000E+00
   1.5401067E+03   7.5500000E+02   0.0000000E+00   0.0000000E+00   0.0000000E+00
   1.5401143E+03   7.5400000E+02   0.0000000E+00   0.0000000E+00   0.0000000E+00
   1.5401218E+03   7.0800000E+02   0.0000000E+00   0.0000000E+00   0.0000000E+00
   1.5401293E+03   7.6700000E+02   0.0000000E+00   0.0000000E+00   0.0000000E+00
   1.5401368E+03   7.3500000E+02   0.0000000E+00   0.0000000E+00   0.0000000E+00
   1.5401444E+03   7.9400000E+02   0.0000000E+00   0.0000000E+00   0.0000000E+00
   1.5401519E+03   7.5000000E+02   0.0000000E+00   0.0000000E+00   0.0000000E+00
   1.5401594E+03   7.1500000E+02   0.0000000E+00   0.0000000E+00   0.0000000E+00
   1.5401670E+03   7.1400000E+02   0.0000000E+00   0.0000000E+00   0.0000000E+00
   1.5401745E+03   7.6700000E+02   0.0000000E+00   0.0000000E+00   0.0000000E+00
   1.5401820E+03   7.4200000E+02   0.0000000E+00   0.0000000E+00   0.0000000E+00
   1.5401895E+03   7.7200000E+02   0.0000000E+00   0.0000000E+00   0.0000000E+00
   1.5401971E+03   7.3100000E+02   0.0000000E+00   0.0000000E+00   0.0000000E+00
   1.5402046E+03   7.5600000E+02   0.0000000E+00   0.0000000E+00   0.0000000E+00
   1.5402121E+03   7.7000000E+02   0.0000000E+00   0.0000000E+00   0.0000000E+00
   1.5402197E+03   7.8700000E+02   0.0000000E+00   0.0000000E+00   0.0000000E+00
   1.5402272E+03   7.1200000E+02   0.0000000E+00   0.0000000E+00   0.0000000E+00
   1.5402347E+03   7.0000000E+02   0.0000000E+00   0.0000000E+00   0.0000000E+00
   1.5402422E+03   7.2900000E+02   0.0000000E+00   0.0000000E+00   0.0000000E+00
   1.5402498E+03   7.5200000E+02   0.0000000E+00   0.0000000E+00   0.0000000E+00
   1.5402573E+03   7.3900000E+02   0.0000000E+00   0.0000000E+00   0.0000000E+00
   1.5402648E+03   7.1900000E+02   0.0000000E+00   0.0000000E+00   0.0000000E+00
   1.5402723E+03   7.7500000E+02   0.0000000E+00   0.0000000E+00   0.0000000E+00
   1.5402799E+03   7.4000000E+02   0.0000000E+00   0.0000000E+00   0.0000000E+00
   1.5402874E+03   7.5200000E+02   0.0000000E+00   0.0000000E+00   0.0000000E+00
   1.5402949E+03   7.2700000E+02   0.0000000E+00   0.0000000E+00   0.0000000E+00
   1.5403025E+03   7.5400000E+02   0.0000000E+00   0.0000000E+00   0.0000000E+00
   1.5403100E+03   7.8400000E+02   0.0000000E+00   0.0000000E+00   0.0000000E+00
   1.5403175E+03   7.4500000E+02   0.0000000E+00   0.0000000E+00   0.0000000E+00
   1.5403250E+03   7.9900000E+02   0.0000000E+00   0.0000000E+00   0.0000000E+00
   1.5403326E+03   7.2500000E+02   0.0000000E+00   0.0000000E+00   0.0000000E+00
   1.5403401E+03   7.2700000E+02   0.0000000E+00   0.0000000E+00   0.0000000E+00
   1.5403476E+03   6.8800000E+02   0.0000000E+00   0.0000000E+00   0.0000000E+00
   1.5403552E+03   7.1200000E+02   0.0000000E+00   0.0000000E+00   0.0000000E+00
   1.5403627E+03   7.2900000E+02   0.0000000E+00   0.0000000E+00   0.0000000E+00
   1.5403702E+03   7.4700000E+02   0.0000000E+00   0.0000000E+00   0.0000000E+00
   1.5403777E+03   7.3200000E+02   0.0000000E+00   0.0000000E+00   0.0000000E+00
   1.5403853E+03   7.9100000E+02   0.0000000E+00   0.0000000E+00   0.0000000E+00
   1.5403928E+03   7.9100000E+02   0.0000000E+00   0.0000000E+00   0.0000000E+00
   1.5404003E+03   7.4500000E+02   0.0000000E+00   0.0000000E+00   0.0000000E+00
   1.5404079E+03   7.8900000E+02   0.0000000E+00   0.0000000E+00   0.0000000E+00
   1.5404154E+03   7.4500000E+02   0.0000000E+00   0.0000000E+00   0.0000000E+00
   1.5404229E+03   7.6000000E+02   0.0000000E+00   0.0000000E+00   0.0000000E+00
   1.5404304E+03   7.1900000E+02   0.0000000E+00   0.0000000E+00   0.0000000E+00
   1.5404380E+03   7.5400000E+02   0.0000000E+00   0.0000000E+00   0.0000000E+00
   1.5404455E+03   7.4700000E+02   0.0000000E+00   0.0000000E+00   0.0000000E+00
   1.5404530E+03   7.7400000E+02   0.0000000E+00   0.0000000E+00   0.0000000E+00
   1.5404606E+03   7.5300000E+02   0.0000000E+00   0.0000000E+00   0.0000000E+00
   1.5404681E+03   7.6600000E+02   0.0000000E+00   0.0000000E+00   0.0000000E+00
   1.5404756E+03   7.3700000E+02   0.0000000E+00   0.0000000E+00   0.0000000E+00
   1.5404831E+03   7.6800000E+02   0.0000000E+00   0.0000000E+00   0.0000000E+00
   1.5404907E+03   7.8300000E+02   0.0000000E+00   0.0000000E+00   0.0000000E+00
   1.5404982E+03   7.6200000E+02   0.0000000E+00   0.0000000E+00   0.0000000E+00
   1.5405057E+03   7.2500000E+02   0.0000000E+00   0.0000000E+00   0.0000000E+00
   1.5405133E+03   7.8400000E+02   0.0000000E+00   0.0000000E+00   0.0000000E+00
   1.5405208E+03   7.9700000E+02   0.0000000E+00   0.0000000E+00   0.0000000E+00
   1.5405283E+03   7.4600000E+02   0.0000000E+00   0.0000000E+00   0.0000000E+00
   1.5405358E+03   7.4000000E+02   0.0000000E+00   0.0000000E+00   0.0000000E+00
   1.5405434E+03   7.2200000E+02   0.0000000E+00   0.0000000E+00   0.0000000E+00
   1.5405509E+03   7.7300000E+02   0.0000000E+00   0.0000000E+00   0.0000000E+00
   1.5405584E+03   7.4100000E+02   0.0000000E+00   0.0000000E+00   0.0000000E+00
   1.5405660E+03   7.5300000E+02   0.0000000E+00   0.0000000E+00   0.0000000E+00
   1.5405735E+03   7.7100000E+02   0.0000000E+00   0.0000000E+00   0.0000000E+00
   1.5405810E+03   7.9600000E+02   0.0000000E+00   0.0000000E+00   0.0000000E+00
   1.5405885E+03   7.5300000E+02   0.0000000E+00   0.0000000E+00   0.0000000E+00
   1.5405961E+03   7.5300000E+02   0.0000000E+00   0.0000000E+00   0.0000000E+00
   1.5406036E+03   6.5500000E+02   0.0000000E+00   0.0000000E+00   0.0000000E+00
   1.5406111E+03   7.7200000E+02   0.0000000E+00   0.0000000E+00   0.0000000E+00
   1.5406187E+03   7.7400000E+02   0.0000000E+00   0.0000000E+00   0.0000000E+00
   1.5406262E+03   7.6300000E+02   0.0000000E+00   0.0000000E+00   0.0000000E+00
   1.5406337E+03   7.4400000E+02   0.0000000E+00   0.0000000E+00   0.0000000E+00
   1.5406412E+03   7.7800000E+02   0.0000000E+00   0.0000000E+00   0.0000000E+00
   1.5406488E+03   7.5800000E+02   0.0000000E+00   0.0000000E+00   0.0000000E+00
   1.5406563E+03   7.3600000E+02   0.0000000E+00   0.0000000E+00   0.0000000E+00
   1.5406638E+03   7.8900000E+02   0.0000000E+00   0.0000000E+00   0.0000000E+00
   1.5406713E+03   7.7400000E+02   0.0000000E+00   0.0000000E+00   0.0000000E+00
   1.5406789E+03   8.0500000E+02   0.0000000E+00   0.0000000E+00   0.0000000E+00
   1.5406864E+03   7.3000000E+02   0.0000000E+00   0.0000000E+00   0.0000000E+00
   1.5406939E+03   7.5700000E+02   0.0000000E+00   0.0000000E+00   0.0000000E+00
   1.5407015E+03   7.7100000E+02   0.0000000E+00   0.0000000E+00   0.0000000E+00
   1.5407090E+03   7.6000000E+02   0.0000000E+00   0.0000000E+00   0.0000000E+00
   1.5407165E+03   7.5400000E+02   0.0000000E+00   0.0000000E+00   0.0000000E+00
   1.5407240E+03   7.1900000E+02   0.0000000E+00   0.0000000E+00   0.0000000E+00
   1.5407316E+03   7.5700000E+02   0.0000000E+00   0.0000000E+00   0.0000000E+00
   1.5407391E+03   7.5400000E+02   0.0000000E+00   0.0000000E+00   0.0000000E+00
   1.5407466E+03   7.8200000E+02   0.0000000E+00   0.0000000E+00   0.0000000E+00
   1.5407542E+03   8.0300000E+02   0.0000000E+00   0.0000000E+00   0.0000000E+00
   1.5407617E+03   7.6300000E+02   0.0000000E+00   0.0000000E+00   0.0000000E+00
   1.5407692E+03   7.3600000E+02   0.0000000E+00   0.0000000E+00   0.0000000E+00
   1.5407767E+03   7.5800000E+02   0.0000000E+00   0.0000000E+00   0.0000000E+00
   1.5407843E+03   7.3300000E+02   0.0000000E+00   0.0000000E+00   0.0000000E+00
   1.5407918E+03   7.8300000E+02   0.0000000E+00   0.0000000E+00   0.0000000E+00
   1.5407993E+03   7.8900000E+02   0.0000000E+00   0.0000000E+00   0.0000000E+00
   1.5408069E+03   7.5700000E+02   0.0000000E+00   0.0000000E+00   0.0000000E+00
   1.5408144E+03   7.1300000E+02   0.0000000E+00   0.0000000E+00   0.0000000E+00
   1.5408219E+03   7.5200000E+02   0.0000000E+00   0.0000000E+00   0.0000000E+00
   1.5408294E+03   7.7500000E+02   0.0000000E+00   0.0000000E+00   0.0000000E+00
   1.5408370E+03   7.8200000E+02   0.0000000E+00   0.0000000E+00   0.0000000E+00
   1.5408445E+03   8.0500000E+02   0.0000000E+00   0.0000000E+00   0.0000000E+00
   1.5408520E+03   7.3900000E+02   0.0000000E+00   0.0000000E+00   0.0000000E+00
   1.5408596E+03   7.2600000E+02   0.0000000E+00   0.0000000E+00   0.0000000E+00
   1.5408671E+03   7.4800000E+02   0.0000000E+00   0.0000000E+00   0.0000000E+00
   1.5408746E+03   7.6400000E+02   0.0000000E+00   0.0000000E+00   0.0000000E+00
   1.5408821E+03   7.0900000E+02   0.0000000E+00   0.0000000E+00   0.0000000E+00
   1.5408897E+03   7.4000000E+02   0.0000000E+00   0.0000000E+00   0.0000000E+00
   1.5408972E+03   7.6600000E+02   0.0000000E+00   0.0000000E+00   0.0000000E+00
   1.5409047E+03   7.6500000E+02   0.0000000E+00   0.0000000E+00   0.0000000E+00
   1.5409123E+03   7.2400000E+02   0.0000000E+00   0.0000000E+00   0.0000000E+00
   1.5409198E+03   7.7100000E+02   0.0000000E+00   0.0000000E+00   0.0000000E+00
   1.5409273E+03   7.4200000E+02   0.0000000E+00   0.0000000E+00   0.0000000E+00
   1.5409348E+03   7.7600000E+02   0.0000000E+00   0.0000000E+00   0.0000000E+00
   1.5409424E+03   7.1900000E+02   0.0000000E+00   0.0000000E+00   0.0000000E+00
   1.5409499E+03   7.4700000E+02   0.0000000E+00   0.0000000E+00   0.0000000E+00
   1.5409574E+03   7.9500000E+02   0.0000000E+00   3.4814264E-06   0.0000000E+00
   1.5409650E+03   7.5500000E+02   0.0000000E+00   0.0000000E+00   0.0000000E+00
   1.5409725E+03   7.7400000E+02   0.0000000E+00   0.0000000E+00   0.0000000E+00
   1.5409800E+03   7.7400000E+02   0.0000000E+00   0.0000000E+00   0.0000000E+00
   1.5409875E+03   7.5800000E+02   0.0000000E+00   0.0000000E+00   0.0000000E+00
   1.5409951E+03   7.4200000E+02   0.0000000E+00   0.0000000E+00   0.0000000E+00
   1.5410026E+03   7.5200000E+02   0.0000000E+00   0.0000000E+00   0.0000000E+00
   1.5410101E+03   7.1200000E+02   0.0000000E+00   0.0000000E+00   0.0000000E+00
   1.5410177E+03   7.2000000E+02   0.0000000E+00   0.0000000E+00   0.0000000E+00
   1.5410252E+03   7.9500000E+02   0.0000000E+00   0.0000000E+00   0.0000000E+00
   1.5410327E+03   7.9500000E+02   0.0000000E+00   0.0000000E+00   0.0000000E+00
   1.5410402E+03   7.6800000E+02   0.0000000E+00   0.0000000E+00   0.0000000E+00
   1.5410478E+03   7.4700000E+02   0.0000000E+00   0.0000000E+00   0.0000000E+00
   1.5410553E+03   7.7500000E+02   0.0000000E+00   0.0000000E+00   0.0000000E+00
   1.5410628E+03   7.5700000E+02   0.0000000E+00   0.0000000E+00   0.0000000E+00
   1.5410704E+03   7.7400000E+02   0.0000000E+00   0.0000000E+00   0.0000000E+00
   1.5410779E+03   7.5600000E+02   0.0000000E+00   0.0000000E+00   0.0000000E+00
   1.5410854E+03   7.5400000E+02   0.0000000E+00   0.0000000E+00   0.0000000E+00
   1.5410929E+03   7.5300000E+02   0.0000000E+00   0.0000000E+00   0.0000000E+00
   1.5411005E+03   7.0100000E+02   0.0000000E+00   0.0000000E+00   0.0000000E+00
   1.5411080E+03   7.3900000E+02   0.0000000E+00   0.0000000E+00   0.0000000E+00
   1.5411155E+03   7.0500000E+02   0.0000000E+00   0.0000000E+00   0.0000000E+00
   1.5411230E+03   7.7800000E+02   0.0000000E+00   0.0000000E+00   0.0000000E+00
   1.5411306E+03   7.4200000E+02   0.0000000E+00   0.0000000E+00   0.0000000E+00
   1.5411381E+03   7.3000000E+02   0.0000000E+00   0.0000000E+00   0.0000000E+00
   1.5411456E+03   7.7000000E+02   0.0000000E+00   0.0000000E+00   0.0000000E+00
   1.5411532E+03   7.3500000E+02   0.0000000E+00   0.0000000E+00   0.0000000E+00
   1.5411607E+03   7.6400000E+02   0.0000000E+00   0.0000000E+00   0.0000000E+00
   1.5411682E+03   7.6000000E+02   0.0000000E+00   0.0000000E+00   0.0000000E+00
   1.5411757E+03   7.3200000E+02   0.0000000E+00   0.0000000E+00   0.0000000E+00
   1.5411833E+03   7.3700000E+02   0.0000000E+00   0.0000000E+00   0.0000000E+00
   1.5411908E+03   7.9300000E+02   0.0000000E+00   0.0000000E+00   0.0000000E+00
   1.5411983E+03   7.1300000E+02   0.0000000E+00   0.0000000E+00   0.0000000E+00
   1.5412059E+03   7.1800000E+02   0.0000000E+00   0.0000000E+00   0.0000000E+00
   1.5412134E+03   7.6100000E+02   0.0000000E+00   0.0000000E+00   0.0000000E+00
   1.5412209E+03   7.1700000E+02   0.0000000E+00   0.0000000E+00   0.0000000E+00
   1.5412284E+03   7.3700000E+02   0.0000000E+00   0.0000000E+00   0.0000000E+00
   1.5412360E+03   7.9100000E+02   0.0000000E+00   0.0000000E+00   0.0000000E+00
   1.5412435E+03   7.4500000E+02   0.0000000E+00   0.0000000E+00   0.0000000E+00
   1.5412510E+03   7.5100000E+02   0.0000000E+00   0.0000000E+00   0.0000000E+00
   1.5412586E+03   7.6500000E+02   0.0000000E+00   0.0000000E+00   0.0000000E+00
   1.5412661E+03   7.6900000E+02   0.0000000E+00   0.0000000E+00   0.0000000E+00
   1.5412736E+03   6.6600000E+02   0.0000000E+00   0.0000000E+00   0.0000000E+00
   1.5412811E+03   7.5200000E+02   0.0000000E+00   0.0000000E+00   0.0000000E+00
   1.5412887E+03   7.4300000E+02   0.0000000E+00   0.0000000E+00   0.0000000E+00
   1.5412962E+03   7.6200000E+02   0.0000000E+00   0.0000000E+00   0.0000000E+00
   1.5413037E+03   7.3900000E+02   0.0000000E+00   0.0000000E+00   0.0000000E+00
   1.5413113E+03   7.5100000E+02   0.0000000E+00   0.0000000E+00   0.0000000E+00
   1.5413188E+03   7.6400000E+02   0.0000000E+00   0.0000000E+00   0.0000000E+00
   1.5413263E+03   7.7800000E+02   0.0000000E+00   0.0000000E+00   0.0000000E+00
   1.5413338E+03   7.5300000E+02   0.0000000E+00   0.0000000E+00   0.0000000E+00
   1.5413414E+03   7.5600000E+02   0.0000000E+00   0.0000000E+00   0.0000000E+00
   1.5413489E+03   7.5400000E+02   0.0000000E+00   0.0000000E+00   0.0000000E+00
   1.5413564E+03   7.7100000E+02   0.0000000E+00   0.0000000E+00   0.0000000E+00
   1.5413640E+03   7.4800000E+02   0.0000000E+00   0.0000000E+00   0.0000000E+00
   1.5413715E+03   7.3000000E+02   0.0000000E+00   0.0000000E+00   0.0000000E+00
   1.5413790E+03   7.4400000E+02   0.0000000E+00   0.0000000E+00   0.0000000E+00
   1.5413865E+03   7.1500000E+02   0.0000000E+00   0.0000000E+00   0.0000000E+00
   1.5413941E+03   7.8900000E+02   0.0000000E+00   0.0000000E+00   0.0000000E+00
   1.5414016E+03   7.3700000E+02   0.0000000E+00   0.0000000E+00   0.0000000E+00
   1.5414091E+03   7.1900000E+02   0.0000000E+00   0.0000000E+00   0.0000000E+00
   1.5414167E+03   7.7600000E+02   0.0000000E+00   0.0000000E+00   0.0000000E+00
   1.5414242E+03   7.6000000E+02   0.0000000E+00   0.0000000E+00   0.0000000E+00
   1.5414317E+03   7.7600000E+02   0.0000000E+00   0.0000000E+00   0.0000000E+00
   1.5414392E+03   7.8400000E+02   0.0000000E+00   0.0000000E+00   0.0000000E+00
   1.5414468E+03   7.4700000E+02   0.0000000E+00   0.0000000E+00   0.0000000E+00
   1.5414543E+03   7.6300000E+02   0.0000000E+00   0.0000000E+00   0.0000000E+00
   1.5414618E+03   7.4100000E+02   0.0000000E+00   0.0000000E+00   0.0000000E+00
   1.5414694E+03   7.8900000E+02   0.0000000E+00   0.0000000E+00   0.0000000E+00
   1.5414769E+03   7.7900000E+02   0.0000000E+00   0.0000000E+00   0.0000000E+00
   1.5414844E+03   7.6800000E+02   0.0000000E+00   0.0000000E+00   0.0000000E+00
   1.5414919E+03   7.7900000E+02   0.0000000E+00   0.0000000E+00   0.0000000E+00
   1.5414995E+03   7.6900000E+02   0.0000000E+00   0.0000000E+00   0.0000000E+00
   1.5415070E+03   7.2400000E+02   0.0000000E+00   0.0000000E+00   0.0000000E+00
   1.5415145E+03   7.0800000E+02   0.0000000E+00   0.0000000E+00   0.0000000E+00
   1.5415221E+03   7.6000000E+02   0.0000000E+00   0.0000000E+00   0.0000000E+00
   1.5415296E+03   7.2700000E+02   0.0000000E+00   0.0000000E+00   0.0000000E+00
   1.5415371E+03   7.6600000E+02   0.0000000E+00   0.0000000E+00   0.0000000E+00
   1.5415446E+03   7.5000000E+02   0.0000000E+00   0.0000000E+00   0.0000000E+00
   1.5415522E+03   7.6700000E+02   0.0000000E+00   0.0000000E+00   0.0000000E+00
   1.5415597E+03   7.4200000E+02   0.0000000E+00   0.0000000E+00   0.0000000E+00
   1.5415672E+03   7.3800000E+02   0.0000000E+00   0.0000000E+00   0.0000000E+00
   1.5415747E+03   7.4600000E+02   0.0000000E+00   0.0000000E+00   0.0000000E+00
   1.5415823E+03   7.0400000E+02   0.0000000E+00   0.0000000E+00   0.0000000E+00
   1.5415898E+03   7.2100000E+02   0.0000000E+00   0.0000000E+00   0.0000000E+00
   1.5415973E+03   7.4300000E+02   0.0000000E+00   0.0000000E+00   0.0000000E+00
   1.5416049E+03   7.2500000E+02   0.0000000E+00   0.0000000E+00   0.0000000E+00
   1.5416124E+03   7.7200000E+02   0.0000000E+00   0.0000000E+00   0.0000000E+00
   1.5416199E+03   7.6100000E+02   0.0000000E+00   0.0000000E+00   0.0000000E+00
   1.5416274E+03   7.4700000E+02   0.0000000E+00   0.0000000E+00   0.0000000E+00
   1.5416350E+03   7.7400000E+02   0.0000000E+00   0.0000000E+00   0.0000000E+00
   1.5416425E+03   7.7600000E+02   0.0000000E+00   0.0000000E+00   0.0000000E+00
   1.5416500E+03   7.2600000E+02   0.0000000E+00   0.0000000E+00   0.0000000E+00
   1.5416576E+03   7.6000000E+02   0.0000000E+00   0.0000000E+00   0.0000000E+00
   1.5416651E+03   7.8400000E+02   0.0000000E+00   0.0000000E+00   0.0000000E+00
   1.5416726E+03   7.3600000E+02   0.0000000E+00   0.0000000E+00   0.0000000E+00
   1.5416801E+03   7.6500000E+02   0.0000000E+00   0.0000000E+00   0.0000000E+00
   1.5416877E+03   7.6900000E+02   0.0000000E+00   0.0000000E+00   0.0000000E+00
   1.5416952E+03   7.6900000E+02   0.0000000E+00   0.0000000E+00   0.0000000E+00
   1.5417027E+03   7.4400000E+02   0.0000000E+00   0.0000000E+00   0.0000000E+00
   1.5417103E+03   7.7900000E+02   0.0000000E+00   0.0000000E+00   0.0000000E+00
   1.5417178E+03   8.2600000E+02   0.0000000E+00   0.0000000E+00   0.0000000E+00
   1.5417253E+03   7.6300000E+02   0.0000000E+00   0.0000000E+00   0.0000000E+00
   1.5417328E+03   7.8300000E+02   0.0000000E+00   0.0000000E+00   0.0000000E+00
   1.5417404E+03   7.4900000E+02   0.0000000E+00   0.0000000E+00   0.0000000E+00
   1.5417479E+03   7.2700000E+02   0.0000000E+00   0.0000000E+00   0.0000000E+00
   1.5417554E+03   7.8700000E+02   0.0000000E+00   0.0000000E+00   0.0000000E+00
   1.5417630E+03   7.9000000E+02   0.0000000E+00   0.0000000E+00   0.0000000E+00
   1.5417705E+03   7.8400000E+02   0.0000000E+00   0.0000000E+00   0.0000000E+00
   1.5417780E+03   7.5800000E+02   0.0000000E+00   0.0000000E+00   0.0000000E+00
   1.5417855E+03   7.6300000E+02   0.0000000E+00   0.0000000E+00   0.0000000E+00
   1.5417931E+03   6.9300000E+02   0.0000000E+00   0.0000000E+00   0.0000000E+00
   1.5418006E+03   6.8700000E+02   0.0000000E+00   0.0000000E+00   0.0000000E+00
   1.5418081E+03   7.8800000E+02   0.0000000E+00   0.0000000E+00   0.0000000E+00
   1.5418157E+03   7.0100000E+02   0.0000000E+00   0.0000000E+00   0.0000000E+00
   1.5418232E+03   7.6900000E+02   0.0000000E+00   0.0000000E+00   0.0000000E+00
   1.5418307E+03   7.4200000E+02   0.0000000E+00   0.0000000E+00   0.0000000E+00
   1.5418382E+03   7.0900000E+02   0.0000000E+00   0.0000000E+00   0.0000000E+00
   1.5418458E+03   7.3800000E+02   0.0000000E+00   0.0000000E+00   0.0000000E+00
   1.5418533E+03   7.1800000E+02   0.0000000E+00   0.0000000E+00   0.0000000E+00
   1.5418608E+03   7.2800000E+02   0.0000000E+00   0.0000000E+00   0.0000000E+00
   1.5418684E+03   7.4600000E+02   0.0000000E+00   0.0000000E+00   0.0000000E+00
   1.5418759E+03   7.7600000E+02   0.0000000E+00   0.0000000E+00   0.0000000E+00
   1.5418834E+03   7.5100000E+02   0.0000000E+00   0.0000000E+00   0.0000000E+00
   1.5418909E+03   7.1300000E+02   0.0000000E+00   0.0000000E+00   0.0000000E+00
   1.5418985E+03   8.2800000E+02   0.0000000E+00   0.0000000E+00   0.0000000E+00
   1.5419060E+03   7.3500000E+02   0.0000000E+00   0.0000000E+00   0.0000000E+00
   1.5419135E+03   7.5300000E+02   0.0000000E+00   0.0000000E+00   0.0000000E+00
   1.5419211E+03   7.4000000E+02   0.0000000E+00   0.0000000E+00   0.0000000E+00
   1.5419286E+03   7.0700000E+02   0.0000000E+00   0.0000000E+00   0.0000000E+00
   1.5419361E+03   7.8000000E+02   0.0000000E+00   0.0000000E+00   0.0000000E+00
   1.5419436E+03   7.6800000E+02   0.0000000E+00   0.0000000E+00   0.0000000E+00
   1.5419512E+03   6.9300000E+02   0.0000000E+00   0.0000000E+00   0.0000000E+00
   1.5419587E+03   7.7800000E+02   0.0000000E+00   0.0000000E+00   0.0000000E+00
   1.5419662E+03   7.5300000E+02   0.0000000E+00   0.0000000E+00   0.0000000E+00
   1.5419738E+03   7.1300000E+02   0.0000000E+00   0.0000000E+00   0.0000000E+00
   1.5419813E+03   8.1900000E+02   0.0000000E+00   0.0000000E+00   0.0000000E+00
   1.5419888E+03   7.5900000E+02   0.0000000E+00   0.0000000E+00   0.0000000E+00
   1.5419963E+03   7.4000000E+02   0.0000000E+00   0.0000000E+00   0.0000000E+00
   1.5420039E+03   8.0100000E+02   0.0000000E+00   0.0000000E+00   0.0000000E+00
   1.5420114E+03   7.4600000E+02   0.0000000E+00   0.0000000E+00   0.0000000E+00
   1.5420189E+03   7.7000000E+02   0.0000000E+00   0.0000000E+00   0.0000000E+00
   1.5420264E+03   7.5900000E+02   0.0000000E+00   0.0000000E+00   0.0000000E+00
   1.5420340E+03   7.6100000E+02   0.0000000E+00   0.0000000E+00   0.0000000E+00
   1.5420415E+03   7.6600000E+02   0.0000000E+00   0.0000000E+00   0.0000000E+00
   1.5420490E+03   7.4000000E+02   0.0000000E+00   0.0000000E+00   0.0000000E+00
   1.5420566E+03   7.7200000E+02   0.0000000E+00   0.0000000E+00   0.0000000E+00
   1.5420641E+03   8.2700000E+02   0.0000000E+00   0.0000000E+00   0.0000000E+00
   1.5420716E+03   7.3600000E+02   0.0000000E+00   0.0000000E+00   0.0000000E+00
   1.5420791E+03   8.1400000E+02   0.0000000E+00   0.0000000E+00   0.0000000E+00
   1.5420867E+03   7.2900000E+02   0.0000000E+00   0.0000000E+00   0.0000000E+00
   1.5420942E+03   7.3900000E+02   0.0000000E+00   0.0000000E+00   0.0000000E+00
   1.5421017E+03   7.4100000E+02   0.0000000E+00   0.0000000E+00   0.0000000E+00
   1.5421093E+03   7.7100000E+02   0.0000000E+00   0.0000000E+00   0.0000000E+00
   1.5421168E+03   7.4900000E+02   0.0000000E+00   0.0000000E+00   0.0000000E+00
   1.5421243E+03   7.9000000E+02   0.0000000E+00   0.0000000E+00   0.0000000E+00
   1.5421318E+03   7.5600000E+02   0.0000000E+00   0.0000000E+00   0.0000000E+00
   1.5421394E+03   7.8800000E+02   0.0000000E+00   0.0000000E+00   0.0000000E+00
   1.5421469E+03   7.1000000E+02   0.0000000E+00   0.0000000E+00   0.0000000E+00
   1.5421544E+03   7.7600000E+02   0.0000000E+00   0.0000000E+00   0.0000000E+00
   1.5421620E+03   7.4000000E+02   0.0000000E+00   0.0000000E+00   0.0000000E+00
   1.5421695E+03   7.2400000E+02   0.0000000E+00   0.0000000E+00   0.0000000E+00
   1.5421770E+03   7.5700000E+02   0.0000000E+00   0.0000000E+00   0.0000000E+00
   1.5421845E+03   7.1500000E+02   0.0000000E+00   0.0000000E+00   0.0000000E+00
   1.5421921E+03   7.7000000E+02   0.0000000E+00   0.0000000E+00   0.0000000E+00
   1.5421996E+03   7.8300000E+02   0.0000000E+00   0.0000000E+00   0.0000000E+00
   1.5422071E+03   7.1700000E+02   0.0000000E+00   0.0000000E+00   0.0000000E+00
   1.5422147E+03   7.4400000E+02   0.0000000E+00   0.0000000E+00   0.0000000E+00
   1.5422222E+03   7.9700000E+02   0.0000000E+00   0.0000000E+00   0.0000000E+00
   1.5422297E+03   7.2500000E+02   0.0000000E+00   0.0000000E+00   0.0000000E+00
   1.5422372E+03   7.4900000E+02   0.0000000E+00   0.0000000E+00   0.0000000E+00
   1.5422448E+03   7.6600000E+02   0.0000000E+00   0.0000000E+00   0.0000000E+00
   1.5422523E+03   7.0800000E+02   0.0000000E+00   0.0000000E+00   0.0000000E+00
   1.5422598E+03   7.8300000E+02   0.0000000E+00   0.0000000E+00   0.0000000E+00
   1.5422674E+03   7.4500000E+02   0.0000000E+00   0.0000000E+00   0.0000000E+00
   1.5422749E+03   7.5900000E+02   0.0000000E+00   0.0000000E+00   0.0000000E+00
   1.5422824E+03   7.6100000E+02   0.0000000E+00   0.0000000E+00   0.0000000E+00
   1.5422899E+03   7.6900000E+02   0.0000000E+00   0.0000000E+00   0.0000000E+00
   1.5422975E+03   7.4300000E+02   0.0000000E+00   0.0000000E+00   0.0000000E+00
   1.5423050E+03   7.4400000E+02   0.0000000E+00   0.0000000E+00   0.0000000E+00
   1.5423125E+03   7.2400000E+02   0.0000000E+00   0.0000000E+00   0.0000000E+00
   1.5423201E+03   7.3800000E+02   0.0000000E+00   0.0000000E+00   0.0000000E+00
   1.5423276E+03   7.4400000E+02   0.0000000E+00   0.0000000E+00   0.0000000E+00
   1.5423351E+03   7.5300000E+02   0.0000000E+00   0.0000000E+00   0.0000000E+00
   1.5423426E+03   7.2900000E+02   0.0000000E+00   0.0000000E+00   0.0000000E+00
   1.5423502E+03   7.6000000E+02   0.0000000E+00   0.0000000E+00   0.0000000E+00
   1.5423577E+03   7.4500000E+02   0.0000000E+00   0.0000000E+00   0.0000000E+00
   1.5423652E+03   7.3500000E+02   0.0000000E+00   0.0000000E+00   0.0000000E+00
   1.5423728E+03   7.3900000E+02   0.0000000E+00   0.0000000E+00   0.0000000E+00
   1.5423803E+03   7.5500000E+02   0.0000000E+00   0.0000000E+00   0.0000000E+00
   1.5423878E+03   7.5000000E+02   0.0000000E+00   0.0000000E+00   0.0000000E+00
   1.5423953E+03   7.2500000E+02   1.0000000E+00   1.1168690E-04   8.0972999E-02
   1.5424029E+03   7.5600000E+02   0.0000000E+00   0.0000000E+00   0.0000000E+00
   1.5424104E+03   7.0800000E+02   0.0000000E+00   0.0000000E+00   0.0000000E+00
   1.5424179E+03   7.7700000E+02   0.0000000E+00   0.0000000E+00   0.0000000E+00
   1.5424255E+03   7.7400000E+02   0.0000000E+00   0.0000000E+00   0.0000000E+00
   1.5424330E+03   7.5700000E+02   0.0000000E+00   0.0000000E+00   0.0000000E+00
   1.5424405E+03   7.7200000E+02   0.0000000E+00   0.0000000E+00   0.0000000E+00
   1.5424480E+03   7.7000000E+02   0.0000000E+00   0.0000000E+00   0.0000000E+00
   1.5424556E+03   7.5700000E+02   0.0000000E+00   0.0000000E+00   0.0000000E+00
   1.5424631E+03   7.8300000E+02   0.0000000E+00   0.0000000E+00   0.0000000E+00
   1.5424706E+03   7.5800000E+02   0.0000000E+00   0.0000000E+00   0.0000000E+00
   1.5424781E+03   7.7700000E+02   0.0000000E+00   0.0000000E+00   0.0000000E+00
   1.5424857E+03   7.5800000E+02   0.0000000E+00   0.0000000E+00   0.0000000E+00
   1.5424932E+03   7.6700000E+02   0.0000000E+00   0.0000000E+00   0.0000000E+00
   1.5425007E+03   7.4600000E+02   0.0000000E+00   0.0000000E+00   0.0000000E+00
   1.5425083E+03   8.2000000E+02   0.0000000E+00   0.0000000E+00   0.0000000E+00
   1.5425158E+03   7.1300000E+02   0.0000000E+00   0.0000000E+00   0.0000000E+00
   1.5425233E+03   7.6400000E+02   0.0000000E+00   0.0000000E+00   0.0000000E+00
   1.5425308E+03   7.5900000E+02   0.0000000E+00   0.0000000E+00   0.0000000E+00
   1.5425384E+03   7.8500000E+02   0.0000000E+00   0.0000000E+00   0.0000000E+00
   1.5425459E+03   7.4500000E+02   0.0000000E+00   0.0000000E+00   0.0000000E+00
   1.5425534E+03   7.7600000E+02   0.0000000E+00   0.0000000E+00   0.0000000E+00
   1.5425610E+03   8.1200000E+02   0.0000000E+00   0.0000000E+00   0.0000000E+00
   1.5425685E+03   7.6200000E+02   0.0000000E+00   0.0000000E+00   0.0000000E+00
   1.5425760E+03   7.1800000E+02   0.0000000E+00   0.0000000E+00   0.0000000E+00
   1.5425835E+03   7.7400000E+02   0.0000000E+00   0.0000000E+00   0.0000000E+00
   1.5425911E+03   8.0300000E+02   0.0000000E+00   0.0000000E+00   0.0000000E+00
   1.5425986E+03   7.5800000E+02   0.0000000E+00   0.0000000E+00   0.0000000E+00
   1.5426061E+03   7.6400000E+02   0.0000000E+00   0.0000000E+00   0.0000000E+00
   1.5426137E+03   7.1900000E+02   0.0000000E+00   0.0000000E+00   0.0000000E+00
   1.5426212E+03   7.4800000E+02   0.0000000E+00   0.0000000E+00   0.0000000E+00
   1.5426287E+03   7.5400000E+02   0.0000000E+00   0.0000000E+00   0.0000000E+00
   1.5426362E+03   8.0500000E+02   0.0000000E+00   0.0000000E+00   0.0000000E+00
   1.5426438E+03   7.4400000E+02   0.0000000E+00   0.0000000E+00   0.0000000E+00
   1.5426513E+03   7.6300000E+02   0.0000000E+00   0.0000000E+00   0.0000000E+00
   1.5426588E+03   6.9400000E+02   0.0000000E+00   0.0000000E+00   0.0000000E+00
   1.5426664E+03   7.3600000E+02   0.0000000E+00   0.0000000E+00   0.0000000E+00
   1.5426739E+03   7.6900000E+02   0.0000000E+00   0.0000000E+00   0.0000000E+00
   1.5426814E+03   7.7000000E+02   0.0000000E+00   0.0000000E+00   0.0000000E+00
   1.5426889E+03   7.4200000E+02   0.0000000E+00   0.0000000E+00   0.0000000E+00
   1.5426965E+03   7.4700000E+02   0.0000000E+00   0.0000000E+00   0.0000000E+00
   1.5427040E+03   7.7600000E+02   0.0000000E+00   0.0000000E+00   0.0000000E+00
   1.5427115E+03   7.1700000E+02   0.0000000E+00   0.0000000E+00   0.0000000E+00
   1.5427191E+03   7.5600000E+02   0.0000000E+00   0.0000000E+00   0.0000000E+00
   1.5427266E+03   7.5100000E+02   0.0000000E+00   0.0000000E+00   0.0000000E+00
   1.5427341E+03   7.9200000E+02   0.0000000E+00   0.0000000E+00   0.0000000E+00
   1.5427416E+03   7.6000000E+02   0.0000000E+00   0.0000000E+00   0.0000000E+00
   1.5427492E+03   7.2300000E+02   0.0000000E+00   0.0000000E+00   0.0000000E+00
   1.5427567E+03   7.1500000E+02   0.0000000E+00   0.0000000E+00   0.0000000E+00
   1.5427642E+03   7.6800000E+02   0.0000000E+00   0.0000000E+00   0.0000000E+00
   1.5427718E+03   7.4000000E+02   0.0000000E+00   0.0000000E+00   0.0000000E+00
   1.5427793E+03   7.7700000E+02   0.0000000E+00   0.0000000E+00   0.0000000E+00
   1.5427868E+03   7.5700000E+02   0.0000000E+00   0.0000000E+00   0.0000000E+00
   1.5427943E+03   8.1300000E+02   0.0000000E+00   0.0000000E+00   0.0000000E+00
   1.5428019E+03   7.4600000E+02   0.0000000E+00   0.0000000E+00   0.0000000E+00
   1.5428094E+03   7.5700000E+02   0.0000000E+00   0.0000000E+00   0.0000000E+00
   1.5428169E+03   7.0700000E+02   0.0000000E+00   0.0000000E+00   0.0000000E+00
   1.5428245E+03   7.7000000E+02   0.0000000E+00   0.0000000E+00   0.0000000E+00
   1.5428320E+03   7.8700000E+02   0.0000000E+00   0.0000000E+00   0.0000000E+00
   1.5428395E+03   7.6700000E+02   0.0000000E+00   0.0000000E+00   0.0000000E+00
   1.5428470E+03   7.8600000E+02   0.0000000E+00   0.0000000E+00   0.0000000E+00
   1.5428546E+03   7.8900000E+02   0.0000000E+00   0.0000000E+00   0.0000000E+00
   1.5428621E+03   7.3600000E+02   0.0000000E+00   0.0000000E+00   0.0000000E+00
   1.5428696E+03   7.8000000E+02   0.0000000E+00   0.0000000E+00   0.0000000E+00
   1.5428772E+03   7.4900000E+02   0.0000000E+00   0.0000000E+00   0.0000000E+00
   1.5428847E+03   7.4000000E+02   0.0000000E+00   0.0000000E+00   0.0000000E+00
   1.5428922E+03   7.3600000E+02   1.0000000E+00   2.6849174E-04   1.9760992E-01
   1.5428997E+03   7.2500000E+02   0.0000000E+00   0.0000000E+00   0.0000000E+00
   1.5429073E+03   7.8100000E+02   0.0000000E+00   0.0000000E+00   0.0000000E+00
   1.5429148E+03   7.5200000E+02   0.0000000E+00   0.0000000E+00   0.0000000E+00
   1.5429223E+03   7.2800000E+02   0.0000000E+00   0.0000000E+00   0.0000000E+00
   1.5429298E+03   7.4500000E+02   0.0000000E+00   0.0000000E+00   0.0000000E+00
   1.5429374E+03   7.3800000E+02   0.0000000E+00   0.0000000E+00   0.0000000E+00
   1.5429449E+03   7.9800000E+02   0.0000000E+00   0.0000000E+00   0.0000000E+00
   1.5429524E+03   7.5800000E+02   0.0000000E+00   0.0000000E+00   0.0000000E+00
   1.5429600E+03   7.7300000E+02   0.0000000E+00   0.0000000E+00   0.0000000E+00
   1.5429675E+03   7.7900000E+02   0.0000000E+00   0.0000000E+00   0.0000000E+00
   1.5429750E+03   8.0700000E+02   0.0000000E+00   0.0000000E+00   0.0000000E+00
   1.5429825E+03   7.8700000E+02   0.0000000E+00   0.0000000E+00   0.0000000E+00
   1.5429901E+03   7.6900000E+02   0.0000000E+00   0.0000000E+00   0.0000000E+00
   1.5429976E+03   7.8900000E+02   0.0000000E+00   0.0000000E+00   0.0000000E+00
   1.5430051E+03   7.6100000E+02   0.0000000E+00   0.0000000E+00   0.0000000E+00
   1.5430127E+03   7.4000000E+02   0.0000000E+00   0.0000000E+00   0.0000000E+00
   1.5430202E+03   7.6700000E+02   0.0000000E+00   0.0000000E+00   0.0000000E+00
   1.5430277E+03   7.5800000E+02   0.0000000E+00   0.0000000E+00   0.0000000E+00
   1.5430352E+03   7.4200000E+02   0.0000000E+00   0.0000000E+00   0.0000000E+00
   1.5430428E+03   7.7400000E+02   0.0000000E+00   0.0000000E+00   0.0000000E+00
   1.5430503E+03   7.5900000E+02   0.0000000E+00   0.0000000E+00   0.0000000E+00
   1.5430578E+03   7.7300000E+02   0.0000000E+00   0.0000000E+00   0.0000000E+00
   1.5430654E+03   7.5300000E+02   0.0000000E+00   0.0000000E+00   0.0000000E+00
   1.5430729E+03   7.7300000E+02   0.0000000E+00   0.0000000E+00   0.0000000E+00
   1.5430804E+03   7.4400000E+02   0.0000000E+00   0.0000000E+00   0.0000000E+00
   1.5430879E+03   7.6900000E+02   0.0000000E+00   0.0000000E+00   0.0000000E+00
   1.5430955E+03   7.5300000E+02   0.0000000E+00   0.0000000E+00   0.0000000E+00
   1.5431030E+03   7.9800000E+02   0.0000000E+00   0.0000000E+00   0.0000000E+00
   1.5431105E+03   7.4500000E+02   0.0000000E+00   0.0000000E+00   0.0000000E+00
   1.5431181E+03   7.3900000E+02   0.0000000E+00   0.0000000E+00   0.0000000E+00
   1.5431256E+03   7.5100000E+02   0.0000000E+00   0.0000000E+00   0.0000000E+00
   1.5431331E+03   7.1600000E+02   0.0000000E+00   0.0000000E+00   0.0000000E+00
   1.5431406E+03   7.2600000E+02   0.0000000E+00   0.0000000E+00   0.0000000E+00
   1.5431482E+03   6.9400000E+02   0.0000000E+00   0.0000000E+00   0.0000000E+00
   1.5431557E+03   7.8500000E+02   0.0000000E+00   0.0000000E+00   0.0000000E+00
   1.5431632E+03   7.5200000E+02   0.0000000E+00   0.0000000E+00   0.0000000E+00
   1.5431708E+03   7.7100000E+02   0.0000000E+00   0.0000000E+00   0.0000000E+00
   1.5431783E+03   8.0300000E+02   0.0000000E+00   0.0000000E+00   0.0000000E+00
   1.5431858E+03   7.5400000E+02   0.0000000E+00   0.0000000E+00   0.0000000E+00
   1.5431933E+03   7.4500000E+02   0.0000000E+00   0.0000000E+00   0.0000000E+00
   1.5432009E+03   7.6900000E+02   0.0000000E+00   0.0000000E+00   0.0000000E+00
   1.5432084E+03   8.1000000E+02   0.0000000E+00   0.0000000E+00   0.0000000E+00
   1.5432159E+03   7.7600000E+02   0.0000000E+00   0.0000000E+00   0.0000000E+00
   1.5432235E+03   7.5400000E+02   0.0000000E+00   0.0000000E+00   0.0000000E+00
   1.5432310E+03   7.3300000E+02   0.0000000E+00   0.0000000E+00   0.0000000E+00
   1.5432385E+03   7.4200000E+02   0.0000000E+00   0.0000000E+00   0.0000000E+00
   1.5432460E+03   7.3700000E+02   0.0000000E+00   0.0000000E+00   0.0000000E+00
   1.5432536E+03   7.1500000E+02   0.0000000E+00   0.0000000E+00   0.0000000E+00
   1.5432611E+03   7.6400000E+02   0.0000000E+00   0.0000000E+00   0.0000000E+00
   1.5432686E+03   7.2500000E+02   0.0000000E+00   0.0000000E+00   0.0000000E+00
   1.5432762E+03   7.3100000E+02   0.0000000E+00   0.0000000E+00   0.0000000E+00
   1.5432837E+03   7.8600000E+02   0.0000000E+00   0.0000000E+00   0.0000000E+00
   1.5432912E+03   7.0500000E+02   0.0000000E+00   0.0000000E+00   0.0000000E+00
   1.5432987E+03   7.5800000E+02   0.0000000E+00   0.0000000E+00   0.0000000E+00
   1.5433063E+03   7.7200000E+02   0.0000000E+00   0.0000000E+00   0.0000000E+00
   1.5433138E+03   7.3600000E+02   0.0000000E+00   0.0000000E+00   0.0000000E+00
   1.5433213E+03   7.5800000E+02   0.0000000E+00   0.0000000E+00   0.0000000E+00
   1.5433289E+03   7.8900000E+02   0.0000000E+00   0.0000000E+00   0.0000000E+00
   1.5433364E+03   7.6000000E+02   0.0000000E+00   0.0000000E+00   0.0000000E+00
   1.5433439E+03   7.5300000E+02   0.0000000E+00   0.0000000E+00   0.0000000E+00
   1.5433514E+03   7.2300000E+02   0.0000000E+00   0.0000000E+00   0.0000000E+00
   1.5433590E+03   7.6600000E+02   0.0000000E+00   0.0000000E+00   0.0000000E+00
   1.5433665E+03   8.1000000E+02   0.0000000E+00   0.0000000E+00   0.0000000E+00
   1.5433740E+03   7.6500000E+02   0.0000000E+00   0.0000000E+00   0.0000000E+00
   1.5433815E+03   7.5500000E+02   0.0000000E+00   0.0000000E+00   0.0000000E+00
   1.5433891E+03   7.3800000E+02   0.0000000E+00   0.0000000E+00   0.0000000E+00
   1.5433966E+03   7.6500000E+02   0.0000000E+00   0.0000000E+00   0.0000000E+00
   1.5434041E+03   7.6100000E+02   0.0000000E+00   0.0000000E+00   0.0000000E+00
   1.5434117E+03   7.8500000E+02   0.0000000E+00   0.0000000E+00   0.0000000E+00
   1.5434192E+03   7.3600000E+02   0.0000000E+00   0.0000000E+00   0.0000000E+00
   1.5434267E+03   7.3800000E+02   0.0000000E+00   0.0000000E+00   0.0000000E+00
   1.5434342E+03   8.1500000E+02   0.0000000E+00   0.0000000E+00   0.0000000E+00
   1.5434418E+03   7.2800000E+02   0.0000000E+00   0.0000000E+00   0.0000000E+00
   1.5434493E+03   7.3300000E+02   0.0000000E+00   0.0000000E+00   0.0000000E+00
   1.5434568E+03   8.2200000E+02   0.0000000E+00   0.0000000E+00   0.0000000E+00
   1.5434644E+03   7.6500000E+02   0.0000000E+00   0.0000000E+00   0.0000000E+00
   1.5434719E+03   7.7000000E+02   0.0000000E+00   0.0000000E+00   0.0000000E+00
   1.5434794E+03   7.5900000E+02   0.0000000E+00   0.0000000E+00   0.0000000E+00
   1.5434869E+03   7.3300000E+02   0.0000000E+00   0.0000000E+00   0.0000000E+00
   1.5434945E+03   7.3700000E+02   0.0000000E+00   0.0000000E+00   0.0000000E+00
   1.5435020E+03   8.0400000E+02   0.0000000E+00   0.0000000E+00   0.0000000E+00
   1.5435095E+03   7.1200000E+02   0.0000000E+00   0.0000000E+00   0.0000000E+00
   1.5435171E+03   7.6500000E+02   0.0000000E+00   0.0000000E+00   0.0000000E+00
   1.5435246E+03   6.9500000E+02   0.0000000E+00   0.0000000E+00   0.0000000E+00
   1.5435321E+03   7.2800000E+02   0.0000000E+00   0.0000000E+00   0.0000000E+00
   1.5435396E+03   7.3300000E+02   0.0000000E+00   0.0000000E+00   0.0000000E+00
   1.5435472E+03   7.2100000E+02   0.0000000E+00   0.0000000E+00   0.0000000E+00
   1.5435547E+03   7.8500000E+02   0.0000000E+00   0.0000000E+00   0.0000000E+00
   1.5435622E+03   7.1100000E+02   0.0000000E+00   0.0000000E+00   0.0000000E+00
   1.5435698E+03   7.2200000E+02   0.0000000E+00   0.0000000E+00   0.0000000E+00
   1.5435773E+03   7.3700000E+02   0.0000000E+00   0.0000000E+00   0.0000000E+00
   1.5435848E+03   7.8700000E+02   0.0000000E+00   0.0000000E+00   0.0000000E+00
   1.5435923E+03   7.6100000E+02   0.0000000E+00   0.0000000E+00   0.0000000E+00
   1.5435999E+03   7.4500000E+02   0.0000000E+00   0.0000000E+00   0.0000000E+00
   1.5436074E+03   7.2100000E+02   0.0000000E+00   0.0000000E+00   0.0000000E+00
   1.5436149E+03   7.8900000E+02   0.0000000E+00   0.0000000E+00   0.0000000E+00
   1.5436225E+03   7.2500000E+02   0.0000000E+00   0.0000000E+00   0.0000000E+00
   1.5436300E+03   7.8400000E+02   0.0000000E+00   0.0000000E+00   0.0000000E+00
   1.5436375E+03   7.4700000E+02   0.0000000E+00   0.0000000E+00   0.0000000E+00
   1.5436450E+03   7.5100000E+02   0.0000000E+00   0.0000000E+00   0.0000000E+00
   1.5436526E+03   7.6900000E+02   0.0000000E+00   0.0000000E+00   0.0000000E+00
   1.5436601E+03   7.0800000E+02   0.0000000E+00   0.0000000E+00   0.0000000E+00
   1.5436676E+03   7.9600000E+02   0.0000000E+00   0.0000000E+00   0.0000000E+00
   1.5436752E+03   7.4000000E+02   0.0000000E+00   0.0000000E+00   0.0000000E+00
   1.5436827E+03   7.7000000E+02   0.0000000E+00   0.0000000E+00   0.0000000E+00
   1.5436902E+03   7.3200000E+02   0.0000000E+00   0.0000000E+00   0.0000000E+00
   1.5436977E+03   7.3200000E+02   0.0000000E+00   0.0000000E+00   0.0000000E+00
   1.5437053E+03   7.4600000E+02   0.0000000E+00   0.0000000E+00   0.0000000E+00
   1.5437128E+03   7.3200000E+02   0.0000000E+00   0.0000000E+00   0.0000000E+00
   1.5437203E+03   7.9500000E+02   0.0000000E+00   0.0000000E+00   0.0000000E+00
   1.5437279E+03   7.6300000E+02   0.0000000E+00   0.0000000E+00   0.0000000E+00
   1.5437354E+03   7.2000000E+02   0.0000000E+00   0.0000000E+00   0.0000000E+00
   1.5437429E+03   7.7900000E+02   0.0000000E+00   0.0000000E+00   0.0000000E+00
   1.5437504E+03   7.3100000E+02   0.0000000E+00   0.0000000E+00   0.0000000E+00
   1.5437580E+03   7.5200000E+02   0.0000000E+00   0.0000000E+00   0.0000000E+00
   1.5437655E+03   7.4300000E+02   0.0000000E+00   0.0000000E+00   0.0000000E+00
   1.5437730E+03   7.8700000E+02   0.0000000E+00   0.0000000E+00   0.0000000E+00
   1.5437806E+03   7.2700000E+02   0.0000000E+00   0.0000000E+00   0.0000000E+00
   1.5437881E+03   7.3400000E+02   0.0000000E+00   0.0000000E+00   0.0000000E+00
   1.5437956E+03   7.8600000E+02   0.0000000E+00   0.0000000E+00   0.0000000E+00
   1.5438031E+03   7.3000000E+02   0.0000000E+00   0.0000000E+00   0.0000000E+00
   1.5438107E+03   7.8000000E+02   0.0000000E+00   0.0000000E+00   0.0000000E+00
   1.5438182E+03   7.4100000E+02   0.0000000E+00   0.0000000E+00   0.0000000E+00
   1.5438257E+03   7.8000000E+02   0.0000000E+00   0.0000000E+00   0.0000000E+00
   1.5438332E+03   7.6400000E+02   0.0000000E+00   0.0000000E+00   0.0000000E+00
   1.5438408E+03   7.6400000E+02   0.0000000E+00   0.0000000E+00   0.0000000E+00
   1.5438483E+03   7.5500000E+02   0.0000000E+00   0.0000000E+00   0.0000000E+00
   1.5438558E+03   7.5600000E+02   0.0000000E+00   0.0000000E+00   0.0000000E+00
   1.5438634E+03   7.2200000E+02   0.0000000E+00   0.0000000E+00   0.0000000E+00
   1.5438709E+03   7.4500000E+02   0.0000000E+00   0.0000000E+00   0.0000000E+00
   1.5438784E+03   7.5800000E+02   0.0000000E+00   0.0000000E+00   0.0000000E+00
   1.5438859E+03   7.2300000E+02   0.0000000E+00   0.0000000E+00   0.0000000E+00
   1.5438935E+03   7.0600000E+02   0.0000000E+00   0.0000000E+00   0.0000000E+00
   1.5439010E+03   7.4800000E+02   0.0000000E+00   0.0000000E+00   0.0000000E+00
   1.5439085E+03   7.6600000E+02   0.0000000E+00   0.0000000E+00   0.0000000E+00
   1.5439161E+03   7.2600000E+02   0.0000000E+00   0.0000000E+00   0.0000000E+00
   1.5439236E+03   7.2600000E+02   0.0000000E+00   0.0000000E+00   0.0000000E+00
   1.5439311E+03   7.5300000E+02   0.0000000E+00   0.0000000E+00   0.0000000E+00
   1.5439386E+03   7.1700000E+02   0.0000000E+00   0.0000000E+00   0.0000000E+00
   1.5439462E+03   7.6000000E+02   0.0000000E+00   0.0000000E+00   0.0000000E+00
   1.5439537E+03   7.9300000E+02   0.0000000E+00   0.0000000E+00   0.0000000E+00
   1.5439612E+03   7.8800000E+02   0.0000000E+00   0.0000000E+00   0.0000000E+00
   1.5439688E+03   7.5800000E+02   0.0000000E+00   0.0000000E+00   0.0000000E+00
   1.5439763E+03   7.2200000E+02   0.0000000E+00   0.0000000E+00   0.0000000E+00
   1.5439838E+03   7.5700000E+02   1.0000000E+00   2.1987038E-05   1.6644187E-02
   1.5439913E+03   7.5100000E+02   0.0000000E+00   0.0000000E+00   0.0000000E+00
   1.5439989E+03   7.5000000E+02   0.0000000E+00   0.0000000E+00   0.0000000E+00
   1.5440064E+03   7.0300000E+02   0.0000000E+00   0.0000000E+00   0.0000000E+00
   1.5440139E+03   7.7100000E+02   0.0000000E+00   0.0000000E+00   0.0000000E+00
   1.5440215E+03   8.3700000E+02   0.0000000E+00   0.0000000E+00   0.0000000E+00
   1.5440290E+03   7.7300000E+02   0.0000000E+00   0.0000000E+00   0.0000000E+00
   1.5440365E+03   7.7200000E+02   0.0000000E+00   0.0000000E+00   0.0000000E+00
   1.5440440E+03   7.6900000E+02   0.0000000E+00   0.0000000E+00   0.0000000E+00
   1.5440516E+03   7.5100000E+02   0.0000000E+00   0.0000000E+00   0.0000000E+00
   1.5440591E+03   7.8600000E+02   0.0000000E+00   0.0000000E+00   0.0000000E+00
   1.5440666E+03   7.5800000E+02   0.0000000E+00   0.0000000E+00   0.0000000E+00
   1.5440742E+03   7.5400000E+02   0.0000000E+00   0.0000000E+00   0.0000000E+00
   1.5440817E+03   7.2600000E+02   0.0000000E+00   0.0000000E+00   0.0000000E+00
   1.5440892E+03   7.7200000E+02   0.0000000E+00   6.3634323E-05   0.0000000E+00
   1.5440967E+03   7.1100000E+02   0.0000000E+00   0.0000000E+00   0.0000000E+00
   1.5441043E+03   7.1600000E+02   0.0000000E+00   0.0000000E+00   0.0000000E+00
   1.5441118E+03   7.7700000E+02   0.0000000E+00   0.0000000E+00   0.0000000E+00
   1.5441193E+03   7.4300000E+02   0.0000000E+00   0.0000000E+00   0.0000000E+00
   1.5441269E+03   7.4500000E+02   0.0000000E+00   0.0000000E+00   0.0000000E+00
   1.5441344E+03   7.1500000E+02   0.0000000E+00   0.0000000E+00   0.0000000E+00
   1.5441419E+03   7.2700000E+02   0.0000000E+00   0.0000000E+00   0.0000000E+00
   1.5441494E+03   7.5800000E+02   0.0000000E+00   0.0000000E+00   0.0000000E+00
   1.5441570E+03   7.9300000E+02   0.0000000E+00   0.0000000E+00   0.0000000E+00
   1.5441645E+03   7.2300000E+02   0.0000000E+00   0.0000000E+00   0.0000000E+00
   1.5441720E+03   7.6500000E+02   0.0000000E+00   0.0000000E+00   0.0000000E+00
   1.5441796E+03   7.5800000E+02   0.0000000E+00   0.0000000E+00   0.0000000E+00
   1.5441871E+03   7.4300000E+02   0.0000000E+00   0.0000000E+00   0.0000000E+00
   1.5441946E+03   7.6000000E+02   0.0000000E+00   0.0000000E+00   0.0000000E+00
   1.5442021E+03   7.4500000E+02   0.0000000E+00   0.0000000E+00   0.0000000E+00
   1.5442097E+03   7.4500000E+02   0.0000000E+00   0.0000000E+00   0.0000000E+00
   1.5442172E+03   7.5900000E+02   0.0000000E+00   0.0000000E+00   0.0000000E+00
   1.5442247E+03   7.3400000E+02   0.0000000E+00   0.0000000E+00   0.0000000E+00
   1.5442323E+03   7.4800000E+02   0.0000000E+00   0.0000000E+00   0.0000000E+00
   1.5442398E+03   7.4900000E+02   0.0000000E+00   0.0000000E+00   0.0000000E+00
   1.5442473E+03   7.2200000E+02   0.0000000E+00   0.0000000E+00   0.0000000E+00
   1.5442548E+03   6.9300000E+02   1.0000000E+00   1.2308680E-03   8.5299153E-01
   1.5442624E+03   7.2900000E+02   0.0000000E+00   0.0000000E+00   0.0000000E+00
   1.5442699E+03   7.1600000E+02   0.0000000E+00   0.0000000E+00   0.0000000E+00
   1.5442774E+03   7.4200000E+02   0.0000000E+00   0.0000000E+00   0.0000000E+00
   1.5442849E+03   7.3300000E+02   0.0000000E+00   0.0000000E+00   0.0000000E+00
   1.5442925E+03   7.9400000E+02   0.0000000E+00   0.0000000E+00   0.0000000E+00
   1.5443000E+03   7.4800000E+02   0.0000000E+00   0.0000000E+00   0.0000000E+00
   1.5443075E+03   7.6800000E+02   0.0000000E+00   0.0000000E+00   0.0000000E+00
   1.5443151E+03   7.9300000E+02   0.0000000E+00   0.0000000E+00   0.0000000E+00
   1.5443226E+03   7.2700000E+02   0.0000000E+00   0.0000000E+00   0.0000000E+00
   1.5443301E+03   7.1000000E+02   0.0000000E+00   0.0000000E+00   0.0000000E+00
   1.5443376E+03   7.1700000E+02   0.0000000E+00   0.0000000E+00   0.0000000E+00
   1.5443452E+03   8.0200000E+02   0.0000000E+00   0.0000000E+00   0.0000000E+00
   1.5443527E+03   7.6400000E+02   0.0000000E+00   0.0000000E+00   0.0000000E+00
   1.5443602E+03   7.2700000E+02   0.0000000E+00   0.0000000E+00   0.0000000E+00
   1.5443678E+03   7.6300000E+02   0.0000000E+00   0.0000000E+00   0.0000000E+00
   1.5443753E+03   7.1100000E+02   0.0000000E+00   0.0000000E+00   0.0000000E+00
   1.5443828E+03   7.5100000E+02   0.0000000E+00   0.0000000E+00   0.0000000E+00
   1.5443903E+03   7.6400000E+02   1.0000000E+00   4.8007935E-04   3.6678062E-01
   1.5443979E+03   7.2100000E+02   0.0000000E+00   0.0000000E+00   0.0000000E+00
   1.5444054E+03   7.1000000E+02   0.0000000E+00   0.0000000E+00   0.0000000E+00
   1.5444129E+03   7.4800000E+02   0.0000000E+00   0.0000000E+00   0.0000000E+00
   1.5444205E+03   7.9000000E+02   0.0000000E+00   0.0000000E+00   0.0000000E+00
   1.5444280E+03   7.2300000E+02   0.0000000E+00   0.0000000E+00   0.0000000E+00
   1.5444355E+03   7.1700000E+02   0.0000000E+00   0.0000000E+00   0.0000000E+00
   1.5444430E+03   8.0500000E+02   0.0000000E+00   0.0000000E+00   0.0000000E+00
   1.5444506E+03   7.5100000E+02   0.0000000E+00   0.0000000E+00   0.0000000E+00
   1.5444581E+03   7.4500000E+02   0.0000000E+00   0.0000000E+00   0.0000000E+00
   1.5444656E+03   7.5300000E+02   0.0000000E+00   0.0000000E+00   0.0000000E+00
   1.5444732E+03   7.6000000E+02   0.0000000E+00   0.0000000E+00   0.0000000E+00
   1.5444807E+03   7.4100000E+02   0.0000000E+00   0.0000000E+00   0.0000000E+00
   1.5444882E+03   7.5000000E+02   0.0000000E+00   0.0000000E+00   0.0000000E+00
   1.5444957E+03   7.4900000E+02   0.0000000E+00   0.0000000E+00   0.0000000E+00
   1.5445033E+03   7.3800000E+02   0.0000000E+00   0.0000000E+00   0.0000000E+00
   1.5445108E+03   7.3300000E+02   0.0000000E+00   0.0000000E+00   0.0000000E+00
   1.5445183E+03   7.3200000E+02   0.0000000E+00   0.0000000E+00   0.0000000E+00
   1.5445259E+03   8.1900000E+02   0.0000000E+00   0.0000000E+00   0.0000000E+00
   1.5445334E+03   7.5500000E+02   0.0000000E+00   0.0000000E+00   0.0000000E+00
   1.5445409E+03   7.3700000E+02   0.0000000E+00   0.0000000E+00   0.0000000E+00
   1.5445484E+03   7.2800000E+02   0.0000000E+00   0.0000000E+00   0.0000000E+00
   1.5445560E+03   7.6300000E+02   0.0000000E+00   0.0000000E+00   0.0000000E+00
   1.5445635E+03   8.3200000E+02   0.0000000E+00   0.0000000E+00   0.0000000E+00
   1.5445710E+03   7.6900000E+02   0.0000000E+00   0.0000000E+00   0.0000000E+00
   1.5445786E+03   7.7400000E+02   0.0000000E+00   0.0000000E+00   0.0000000E+00
   1.5445861E+03   7.8300000E+02   0.0000000E+00   0.0000000E+00   0.0000000E+00
   1.5445936E+03   7.6100000E+02   0.0000000E+00   0.0000000E+00   0.0000000E+00
   1.5446011E+03   7.7400000E+02   0.0000000E+00   0.0000000E+00   0.0000000E+00
   1.5446087E+03   7.4200000E+02   0.0000000E+00   0.0000000E+00   0.0000000E+00
   1.5446162E+03   7.3600000E+02   0.0000000E+00   0.0000000E+00   0.0000000E+00
   1.5446237E+03   7.5500000E+02   0.0000000E+00   0.0000000E+00   0.0000000E+00
   1.5446313E+03   8.0900000E+02   0.0000000E+00   0.0000000E+00   0.0000000E+00
   1.5446388E+03   7.7400000E+02   0.0000000E+00   0.0000000E+00   0.0000000E+00
   1.5446463E+03   7.4500000E+02   0.0000000E+00   0.0000000E+00   0.0000000E+00
   1.5446538E+03   7.3100000E+02   0.0000000E+00   0.0000000E+00   0.0000000E+00
   1.5446614E+03   7.3700000E+02   0.0000000E+00   0.0000000E+00   0.0000000E+00
   1.5446689E+03   7.3300000E+02   0.0000000E+00   0.0000000E+00   0.0000000E+00
   1.5446764E+03   7.5000000E+02   0.0000000E+00   0.0000000E+00   0.0000000E+00
   1.5446840E+03   7.6300000E+02   0.0000000E+00   0.0000000E+00   0.0000000E+00
   1.5446915E+03   7.8700000E+02   0.0000000E+00   0.0000000E+00   0.0000000E+00
   1.5446990E+03   7.3100000E+02   0.0000000E+00   0.0000000E+00   0.0000000E+00
   1.5447065E+03   7.5600000E+02   0.0000000E+00   0.0000000E+00   0.0000000E+00
   1.5447141E+03   7.2700000E+02   0.0000000E+00   0.0000000E+00   0.0000000E+00
   1.5447216E+03   7.4900000E+02   0.0000000E+00   0.0000000E+00   0.0000000E+00
   1.5447291E+03   7.9700000E+02   0.0000000E+00   0.0000000E+00   0.0000000E+00
   1.5447366E+03   7.3800000E+02   0.0000000E+00   0.0000000E+00   0.0000000E+00
   1.5447442E+03   7.5800000E+02   0.0000000E+00   0.0000000E+00   0.0000000E+00
   1.5447517E+03   7.1700000E+02   0.0000000E+00   0.0000000E+00   0.0000000E+00
   1.5447592E+03   7.4700000E+02   0.0000000E+00   0.0000000E+00   0.0000000E+00
   1.5447668E+03   7.6700000E+02   0.0000000E+00   0.0000000E+00   0.0000000E+00
   1.5447743E+03   7.1400000E+02   0.0000000E+00   0.0000000E+00   0.0000000E+00
   1.5447818E+03   7.7000000E+02   0.0000000E+00   0.0000000E+00   0.0000000E+00
   1.5447893E+03   7.3300000E+02   0.0000000E+00   0.0000000E+00   0.0000000E+00
   1.5447969E+03   6.7300000E+02   0.0000000E+00   0.0000000E+00   0.0000000E+00
   1.5448044E+03   6.6900000E+02   1.0000000E+00   1.0870598E-05   7.2724300E-03
   1.5448119E+03   7.2400000E+02   0.0000000E+00   0.0000000E+00   0.0000000E+00
   1.5448195E+03   6.6000000E+02   1.0000000E+00   1.1905524E-05   7.8576455E-03
   1.5448270E+03   6.3100000E+02   0.0000000E+00   9.7179120E-08   0.0000000E+00
   1.5448345E+03   6.2800000E+02   2.0000000E+00   1.1040373E-05   3.4666771E-03
   1.5448420E+03   6.4200000E+02   1.0000000E+00   2.5306646E-05   1.6246867E-02
   1.5448496E+03   5.8400000E+02   0.0000000E+00   0.0000000E+00   0.0000000E+00
   1.5448571E+03   5.9800000E+02   0.0000000E+00   0.0000000E+00   0.0000000E+00
   1.5448646E+03   5.6500000E+02   2.0000000E+00   5.2673868E-05   1.4880368E-02
   1.5448722E+03   5.0700000E+02   0.0000000E+00   4.1145152E-06   0.0000000E+00
   1.5448797E+03   4.9100000E+02   1.0000000E+00   2.4245945E-05   1.2125964E-02
   1.5448872E+03   4.6700000E+02   1.0000000E+00   4.1510223E-05   1.9385274E-02
   1.5448947E+03   4.4100000E+02   3.0000000E+00   7.9303343E-06   1.1657591E-03
   1.5449023E+03   4.0400000E+02   2.0000000E+00   1.2571623E-03   8.0585674E-03
   1.5449098E+03   3.3200000E+02   4.0000000E+00   4.9998185E-05   4.1498494E-03
   1.5449173E+03   3.1800000E+02   9.0000000E+00   1.5580279E-03   5.9217991E-03
   1.5449249E+03   2.9100000E+02   1.0000000E+00   2.5269285E-05   7.5552216E-03
   1.5449324E+03   2.4500000E+02   1.0000000E+01   2.9403306E-03   7.2038100E-02
   1.5449399E+03   2.0900000E+02   1.0000000E+00   1.7443947E-03   9.2373440E-03
   1.5449474E+03   1.8800000E+02   6.0000000E+00   1.2730731E-03   7.1096217E-02
   1.5449550E+03   1.6900000E+02   6.0000000E+00   3.4736453E-03   6.2759258E-03
   1.5449625E+03   1.3200000E+02   1.2000000E+01   3.6897341E-03   6.3027209E-03
   1.5449700E+03   1.0400000E+02   4.0000000E+00   3.9915537E-03   1.5114659E-02
   1.5449776E+03   7.6000000E+01   2.0000000E+00   8.8984413E-03   2.1331387E-01
   1.5449851E+03   5.1000000E+01   1.2000000E+01   7.1947282E-03   1.4836972E-02
   1.5449926E+03   5.5000000E+01   1.1000000E+01   8.9351579E-03   2.9466949E-02
   1.5450001E+03   3.2000000E+01   7.0000000E+00   1.0000583E-02   4.5716950E-02
   1.5450077E+03   3.0000000E+01   6.0000000E+00   1.3206184E-02   6.6030918E-02
   1.5450152E+03   3.3000000E+01   9.0000000E+00   3.1650742E-02   7.2641578E-02
   1.5450227E+03   2.9000000E+01   1.1000000E+01   1.0155702E-02   2.5753449E-02
   1.5450303E+03   1.9000000E+01   1.0000000E+01   4.9095063E-02   4.7474524E-02
   1.5450378E+03   1.7000000E+01   9.0000000E+00   1.0053447E-01   1.3779508E-01
   1.5450453E+03   1.7000000E+01   1.1000000E+01   5.0131136E-02   7.7475392E-02
   1.5450528E+03   2.4000000E+01   2.0000000E+01   5.0801870E-02   7.1765032E-02
   1.5450604E+03   1.8000000E+01   1.4000000E+01   2.4123770E-02   5.3437156E-02
   1.5450679E+03   1.6000000E+01   1.4000000E+01   4.7163989E-02   7.3590408E-02
   1.5450754E+03   2.0000000E+01   1.9000000E+01   4.2826449E-02   2.4876055E-02
   1.5450830E+03   1.4000000E+01   1.3000000E+01   1.1041656E-01   9.1340036E-02
   1.5450905E+03   1.3000000E+01   1.3000000E+01   5.9930322E-02   5.9930322E-02
   1.5450980E+03   1.2000000E+01   1.1000000E+01   1.5078665E-02   1.6449453E-02
   1.5451055E+03   1.7000000E+01   1.6000000E+01   5.2961018E-02   4.5696608E-02
   1.5451131E+03   2.1000000E+01   2.0000000E+01   3.9087834E-02   4.3625606E-02
   1.5451206E+03   1.5000000E+01   1.4000000E+01   5.6161960E-02   4.4608616E-02
   1.5451281E+03   1.7000000E+01   1.6000000E+01   1.7711249E-02   1.4633191E-02
   1.5451357E+03   2.1000000E+01   2.0000000E+01   8.3205894E-02   7.5545628E-02
   1.5451432E+03   1.7000000E+01   1.6000000E+01   2.2902448E-02   4.4076116E-02
   1.5451507E+03   2.0000000E+01   2.0000000E+01   5.8964056E-02   5.8964056E-02
   1.5451582E+03   2.4000000E+01   2.4000000E+01   2.3392139E-02   2.3392139E-02
   1.5451658E+03   1.6000000E+01   1.6000000E+01   1.9542013E-02   1.9542013E-02
   1.5451733E+03   1.9000000E+01   1.9000000E+01   6.2874865E-02   6.2874865E-02
   1.5451808E+03   2.5000000E+01   2.5000000E+01   6.2915677E-02   6.2915677E-02
   1.5451883E+03   1.0000000E+01   9.0000000E+00   1.0562426E-01   1.0674889E-01
   1.5451959E+03   2.4000000E+01   2.4000000E+01   1.3422325E-02   1.3422325E-02
   1.5452034E+03   2.0000000E+01   1.9000000E+01   5.9232066E-02   5.4959618E-02
   1.5452109E+03   1.8000000E+01   1.7000000E+01   6.7976998E-02   7.2438313E-02
   1.5452185E+03   3.0000000E+01   3.0000000E+01   8.3191981E-02   8.3191981E-02
   1.5452260E+03   2.2000000E+01   2.1000000E+01   5.3737274E-02   4.4661312E-02
   1.5452335E+03   1.6000000E+01   1.4000000E+01   1.1602010E-02   5.9074886E-03
   1.5452410E+03   2.1000000E+01   1.9000000E+01   4.9000510E-02   4.1094351E-02
   1.5452486E+03   1.8000000E+01   1.6000000E+01   3.1220378E-02   3.6246088E-02
   1.5452561E+03   2.4000000E+01   2.3000000E+01   5.9163405E-02   5.2291539E-02
   1.5452636E+03   2.7000000E+01   2.6000000E+01   3.2980910E-02   3.3416082E-02
   1.5452712E+03   2.2000000E+01   2.2000000E+01   2.5892434E-02   2.5892434E-02
   1.5452787E+03   2.7000000E+01   2.5000000E+01   3.6241149E-02   4.9188015E-02
   1.5452862E+03   3.6000000E+01   3.6000000E+01   3.7214115E-02   3.7214115E-02
   1.5452937E+03   2.2000000E+01   2.2000000E+01   9.9227964E-02   9.9227964E-02
   1.5453013E+03   2.7000000E+01   2.4000000E+01   3.2290432E-02   2.5642279E-02
   1.5453088E+03   2.9000000E+01   2.7000000E+01   3.2388095E-02   2.2733069E-02
   1.5453163E+03   3.0000000E+01   2.9000000E+01   5.2082053E-02   4.9811232E-02
   1.5453239E+03   4.1000000E+01   4.0000000E+01   4.1198153E-02   5.4665168E-02
   1.5453314E+03   2.1000000E+01   2.1000000E+01   8.1160467E-02   8.1160467E-02
   1.5453389E+03   3.2000000E+01   2.9000000E+01   4.2507104E-02   6.1041065E-02
   1.5453464E+03   3.1000000E+01   2.9000000E+01   1.9503232E-02   2.2219564E-02
   1.5453540E+03   2.3000000E+01   2.3000000E+01   3.6858403E-02   3.6858403E-02
   1.5453615E+03   3.2000000E+01   2.8000000E+01   1.0608477E-02   1.0608897E-02
   1.5453690E+03   3.1000000E+01   3.1000000E+01   6.0396534E-02   6.0396534E-02
   1.5453766E+03   3.1000000E+01   2.8000000E+01   3.1867839E-02   6.2231374E-02
   1.5453841E+03   3.1000000E+01   3.0000000E+01   1.9954397E-02   1.2602388E-02
   1.5453916E+03   2.9000000E+01   2.5000000E+01   1.4767666E-02   6.9080172E-03
   1.5453991E+03   3.9000000E+01   3.6000000E+01   6.0255422E-02   7.3252131E-02
   1.5454067E+03   4.1000000E+01   3.9000000E+01   4.1792563E-02   3.1753680E-02
   1.5454142E+03   4.1000000E+01   4.0000000E+01   5.6688728E-02   5.3206958E-02
   1.5454217E+03   4.0000000E+01   3.8000000E+01   3.9622330E-02   5.1397064E-02
   1.5454293E+03   3.7000000E+01   3.5000000E+01   5.7804562E-02   4.9590792E-02
   1.5454368E+03   3.4000000E+01   3.3000000E+01   4.4393404E-02   4.4021568E-02
   1.5454443E+03   3.9000000E+01   3.5000000E+01   1.6176009E-02   2.1674439E-02
   1.5454518E+03   4.7000000E+01   4.2000000E+01   1.0560153E-02   2.7597909E-02
   1.5454594E+03   4.0000000E+01   3.6000000E+01   3.3501458E-02   3.6203709E-02
   1.5454669E+03   4.6000000E+01   4.5000000E+01   4.0988484E-02   4.7199092E-02
   1.5454744E+03   5.1000000E+01   5.0000000E+01   3.1362453E-02   3.8097645E-02
   1.5454820E+03   4.5000000E+01   4.4000000E+01   2.7724074E-02   2.3299643E-02
   1.5454895E+03   5.2000000E+01   5.2000000E+01   3.7615298E-02   3.7615298E-02
   1.5454970E+03   4.7000000E+01   4.3000000E+01   2.8529203E-02   3.1077862E-02
   1.5455045E+03   5.2000000E+01   5.0000000E+01   2.8398646E-02   3.4846494E-02
   1.5455121E+03   4.8000000E+01   4.6000000E+01   1.0677213E-02   1.7140650E-02
   1.5455196E+03   5.8000000E+01   5.6000000E+01   3.5428936E-02   3.9846298E-02
   1.5455271E+03   4.9000000E+01   4.6000000E+01   4.0516499E-02   2.9857035E-02
   1.5455347E+03   4.8000000E+01   4.4000000E+01   1.9219334E-02   1.7914887E-02
   1.5455422E+03   3.6000000E+01   3.4000000E+01   4.5097210E-02   3.7082239E-02
   1.5455497E+03   4.3000000E+01   3.9000000E+01   2.2774600E-02   3.1406870E-02
   1.5455572E+03   6.2000000E+01   5.9000000E+01   3.1971562E-02   4.3481467E-02
   1.5455648E+03   4.5000000E+01   4.4000000E+01   8.3553973E-02   8.1701927E-02
   1.5455723E+03   5.0000000E+01   4.7000000E+01   2.0942834E-02   3.3650320E-02
   1.5455798E+03   4.5000000E+01   4.4000000E+01   6.9368782E-02   6.6536700E-02
   1.5455874E+03   5.2000000E+01   4.9000000E+01   3.3663440E-02   1.8766176E-02
   1.5455949E+03   5.1000000E+01   5.0000000E+01   2.5517410E-02   3.0268695E-02
   1.5456024E+03   6.3000000E+01   6.0000000E+01   2.5467163E-02   2.2900741E-02
   1.5456099E+03   6.0000000E+01   5.9000000E+01   1.0472920E-01   1.0345393E-01
   1.5456175E+03   6.4000000E+01   6.1000000E+01   1.6804984E-02   2.3927035E-02
   1.5456250E+03   6.6000000E+01   6.4000000E+01   2.0972526E-02   1.4618197E-02
   1.5456325E+03   5.2000000E+01   5.0000000E+01   2.4881984E-02   2.3739004E-02
   1.5456400E+03   6.8000000E+01   6.7000000E+01   1.4603933E-02   1.6276699E-02
   1.5456476E+03   6.6000000E+01   6.4000000E+01   4.6158899E-02   4.3844181E-02
   1.5456551E+03   7.2000000E+01   6.6000000E+01   1.9421831E-02   2.0061476E-02
   1.5456626E+03   6.6000000E+01   6.4000000E+01   4.5993021E-02   4.8655599E-02
   1.5456702E+03   7.6000000E+01   7.1000000E+01   2.2497914E-02   9.2539448E-03
   1.5456777E+03   6.0000000E+01   5.6000000E+01   1.2425555E-02   1.9886488E-02
   1.5456852E+03   7.7000000E+01   7.5000000E+01   3.6181422E-02   3.9410648E-02
   1.5456927E+03   7.3000000E+01   7.2000000E+01   5.5516340E-02   5.0801603E-02
   1.5457003E+03   5.8000000E+01   5.7000000E+01   3.0704463E-02   2.9289042E-02
   1.5457078E+03   7.5000000E+01   7.0000000E+01   2.6271097E-02   2.7925645E-02
   1.5457153E+03   6.9000000E+01   6.6000000E+01   2.1102432E-02   1.8378465E-02
   1.5457229E+03   8.5000000E+01   8.3000000E+01   2.4208541E-02   2.9036224E-02
   1.5457304E+03   7.4000000E+01   7.1000000E+01   1.3899038E-02   1.0563735E-02
   1.5457379E+03   7.1000000E+01   6.6000000E+01   3.9809873E-02   3.0405406E-02
   1.5457454E+03   7.5000000E+01   6.9000000E+01   1.7595912E-02   3.0863009E-02
   1.5457530E+03   8.0000000E+01   7.7000000E+01   7.0506424E-03   1.4738384E-02
   1.5457605E+03   5.9000000E+01   5.4000000E+01   1.6106671E-02   2.0325297E-02
   1.5457680E+03   7.7000000E+01   7.7000000E+01   3.2486974E-02   3.2486974E-02
   1.5457756E+03   7.0000000E+01   6.9000000E+01   2.3701186E-02   2.7399787E-02
   1.5457831E+03   7.1000000E+01   7.0000000E+01   1.2469450E-02   1.3915711E-02
   1.5457906E+03   7.5000000E+01   7.3000000E+01   3.8448558E-02   3.6524570E-02
   1.5457981E+03   8.4000000E+01   8.2000000E+01   6.3093894E-03   5.9701255E-03
   1.5458057E+03   8.2000000E+01   8.1000000E+01   3.6294729E-02   3.3610492E-02
   1.5458132E+03   9.7000000E+01   9.3000000E+01   4.6240039E-02   4.6003021E-02
   1.5458207E+03   6.9000000E+01   6.9000000E+01   2.6437708E-02   2.6437708E-02
   1.5458283E+03   7.8000000E+01   7.4000000E+01   3.5604447E-02   3.7048239E-02
   1.5458358E+03   8.3000000E+01   8.1000000E+01   4.8899299E-02   4.8453149E-02
   1.5458433E+03   9.2000000E+01   8.7000000E+01   2.8094550E-02   2.6451834E-02
   1.5458508E+03   1.0700000E+02   1.0400000E+02   2.9120201E-02   2.6553613E-02
   1.5458584E+03   8.3000000E+01   8.2000000E+01   2.1111487E-02   1.9040818E-02
   1.5458659E+03   8.7000000E+01   8.7000000E+01   3.4233231E-02   3.4233231E-02
   1.5458734E+03   1.0200000E+02   1.0000000E+02   2.6109499E-02   2.3959038E-02
   1.5458810E+03   8.4000000E+01   8.1000000E+01   1.3335637E-02   1.8380639E-02
   1.5458885E+03   7.5000000E+01   7.3000000E+01   1.3242463E-02   4.8842911E-03
   1.5458960E+03   1.0600000E+02   1.0400000E+02   4.5943937E-02   4.4064454E-02
   1.5459035E+03   1.0700000E+02   1.0600000E+02   2.8125238E-02   2.8946476E-02
   1.5459111E+03   8.8000000E+01   8.8000000E+01   4.0507504E-02   4.0507504E-02
   1.5459186E+03   1.0300000E+02   1.0100000E+02   4.1343676E-02   4.0115842E-02
   1.5459261E+03   9.2000000E+01   9.1000000E+01   3.9319582E-02   3.9440761E-02
   1.5459337E+03   1.0100000E+02   9.9000000E+01   3.0492906E-02   2.3522410E-02
   1.5459412E+03   8.7000000E+01   8.5000000E+01   3.7041543E-02   3.8492075E-02
   1.5459487E+03   1.0200000E+02   1.0100000E+02   2.4895884E-02   2.9263413E-02
   1.5459562E+03   9.6000000E+01   9.5000000E+01   2.8274481E-02   2.5843226E-02
   1.5459638E+03   1.1200000E+02   1.0800000E+02   2.9343458E-02   3.0357421E-02
   1.5459713E+03   1.1100000E+02   1.0700000E+02   2.2385415E-02   1.9739824E-02
   1.5459788E+03   1.1000000E+02   1.0600000E+02   5.0159828E-02   4.5673105E-02
   1.5459864E+03   1.1200000E+02   1.0600000E+02   7.6255529E-03   7.5807980E-03
   1.5459939E+03   1.1600000E+02   1.1200000E+02   3.4844713E-02   3.5214956E-02
   1.5460014E+03   1.1500000E+02   1.1000000E+02   1.6306053E-02   1.7159781E-02
   1.5460089E+03   1.0000000E+02   9.6000000E+01   2.2066381E-02   3.2461022E-02
   1.5460165E+03   1.1400000E+02   1.1200000E+02   1.9585863E-02   1.9855316E-02
   1.5460240E+03   1.1000000E+02   1.0600000E+02   1.9709005E-02   2.2598123E-02
   1.5460315E+03   1.2500000E+02   1.2000000E+02   3.1090340E-02   3.6953524E-02
   1.5460391E+03   1.0700000E+02   1.0100000E+02   4.2745209E-02   4.7004867E-02
   1.5460466E+03   1.1600000E+02   1.1000000E+02   4.5204057E-02   3.9298795E-02
   1.5460541E+03   1.1100000E+02   1.0400000E+02   3.4692277E-02   4.4416445E-02
   1.5460616E+03   1.2800000E+02   1.2500000E+02   8.1706423E-03   6.7198382E-03
   1.5460692E+03   1.2400000E+02   1.2200000E+02   1.7796779E-02   2.1039824E-02
   1.5460767E+03   1.5000000E+02   1.4300000E+02   1.4683061E-02   1.6848799E-02
   1.5460842E+03   1.2100000E+02   1.1700000E+02   3.5278928E-03   2.7178229E-03
   1.5460917E+03   1.2900000E+02   1.2300000E+02   3.6623424E-02   3.5643782E-02
   1.5460993E+03   1.1800000E+02   1.1500000E+02   3.4275699E-02   3.2869079E-02
   1.5461068E+03   1.1100000E+02   1.0800000E+02   7.6950807E-03   8.9611615E-03
   1.5461143E+03   1.1800000E+02   1.1600000E+02   4.0580354E-02   4.0883068E-02
   1.5461219E+03   1.2700000E+02   1.2500000E+02   1.6463330E-02   1.6525097E-02
   1.5461294E+03   1.4600000E+02   1.4100000E+02   4.7825083E-02   5.5495133E-02
   1.5461369E+03   1.4000000E+02   1.3400000E+02   1.6589624E-02   1.7887027E-02
   1.5461444E+03   1.2100000E+02   1.1800000E+02   1.8847450E-02   1.7864859E-02
   1.5461520E+03   1.3900000E+02   1.3600000E+02   1.5129731E-02   1.3519201E-02
   1.5461595E+03   1.2400000E+02   1.2100000E+02   1.9961625E-02   1.8433751E-02
   1.5461670E+03   1.4500000E+02   1.4300000E+02   1.1099850E-02   8.9958670E-03
   1.5461746E+03   1.2300000E+02   1.2000000E+02   1.6078440E-03   4.7585478E-03
   1.5461821E+03   1.2300000E+02   1.2000000E+02   2.7522866E-03   6.8905473E-03
   1.5461896E+03   1.2800000E+02   1.2700000E+02   2.6942426E-02   2.6939113E-02
   1.5461971E+03   1.5200000E+02   1.4500000E+02   1.6129221E-02   1.3585349E-02
   1.5462047E+03   1.4200000E+02   1.4000000E+02   2.2753909E-02   2.2915408E-02
   1.5462122E+03   1.3900000E+02   1.3100000E+02   3.1819371E-02   2.2108696E-02
   1.5462197E+03   1.5000000E+02   1.4500000E+02   3.3331043E-02   3.2999182E-02
   1.5462273E+03   1.4000000E+02   1.3700000E+02   6.2390618E-02   6.3162300E-02
   1.5462348E+03   1.4300000E+02   1.3500000E+02   1.5495326E-02   1.5497081E-02
   1.5462423E+03   1.1900000E+02   1.1400000E+02   2.1055443E-02   2.2793538E-02
   1.5462498E+03   1.4100000E+02   1.3900000E+02   1.5936760E-02   1.5934803E-02
   1.5462574E+03   1.5100000E+02   1.4900000E+02   3.1668901E-02   3.1189208E-02
   1.5462649E+03   1.8500000E+02   1.8400000E+02   1.6370734E-02   1.5943800E-02
   1.5462724E+03   1.4300000E+02   1.3800000E+02   3.0621904E-02   3.3645858E-02
   1.5462800E+03   1.4500000E+02   1.4200000E+02   3.0723532E-02   2.9843430E-02
   1.5462875E+03   1.7000000E+02   1.6800000E+02   1.6545385E-02   1.5310968E-02
   1.5462950E+03   1.4900000E+02   1.4400000E+02   1.7049336E-02   1.6311117E-02
   1.5463025E+03   1.6000000E+02   1.5700000E+02   3.1300950E-02   3.2013307E-02
   1.5463101E+03   1.6600000E+02   1.6300000E+02   1.7206241E-02   1.7329071E-02
   1.5463176E+03   1.3600000E+02   1.3300000E+02   4.7313055E-02   4.3867650E-02
   1.5463251E+03   1.5600000E+02   1.5000000E+02   2.9336419E-02   3.2517474E-02
   1.5463327E+03   1.6900000E+02   1.6400000E+02   2.5738167E-02   2.5991832E-02
   1.5463402E+03   1.5800000E+02   1.5500000E+02   3.2293281E-02   3.1692294E-02
   1.5463477E+03   1.7800000E+02   1.7400000E+02   1.0979920E-02   1.3985706E-02
   1.5463552E+03   1.7300000E+02   1.6600000E+02   1.7725913E-02   1.5195786E-02
   1.5463628E+03   1.5400000E+02   1.4500000E+02   2.8172001E-02   2.6167338E-02
   1.5463703E+03   1.7900000E+02   1.7500000E+02   1.5935503E-02   1.8948210E-02
   1.5463778E+03   1.5900000E+02   1.5500000E+02   1.7472780E-02   2.1457448E-02
   1.5463854E+03   1.8200000E+02   1.7800000E+02   1.3148923E-02   1.5258399E-02
   1.5463929E+03   1.7500000E+02   1.6900000E+02   1.9811572E-02   1.9438734E-02
   1.5464004E+03   1.7000000E+02   1.6500000E+02   3.6784786E-02   4.1294928E-02
   1.5464079E+03   1.7700000E+02   1.6800000E+02   3.6163292E-02   3.7238547E-02
   1.5464155E+03   1.9200000E+02   1.9000000E+02   1.6080514E-02   1.3871418E-02
   1.5464230E+03   1.7100000E+02   1.6700000E+02   2.1629227E-02   1.9410809E-02
   1.5464305E+03   1.9600000E+02   1.9100000E+02   3.3586852E-02   3.3457555E-02
   1.5464381E+03   1.8000000E+02   1.7700000E+02   2.0142380E-02   1.9947795E-02
   1.5464456E+03   1.7700000E+02   1.7200000E+02   1.3698687E-02   1.1724611E-02
   1.5464531E+03   1.6500000E+02   1.6100000E+02   1.6393214E-02   1.6614801E-02
   1.5464606E+03   1.7900000E+02   1.7400000E+02   2.5951427E-02   2.7500219E-02
   1.5464682E+03   1.9900000E+02   1.9300000E+02   1.8864119E-02   1.7904539E-02
   1.5464757E+03   1.9600000E+02   1.9300000E+02   6.1222913E-03   1.0741022E-02
   1.5464832E+03   2.0400000E+02   2.0300000E+02   8.3015378E-03   8.8983027E-03
   1.5464908E+03   1.8800000E+02   1.8300000E+02   1.5935975E-02   1.9348035E-02
   1.5464983E+03   2.0900000E+02   2.0200000E+02   2.4046130E-02   2.2716449E-02
   1.5465058E+03   1.8100000E+02   1.7400000E+02   1.7560165E-02   1.5984670E-02
   1.5465133E+03   2.1000000E+02   2.0600000E+02   3.2938827E-02   3.3188845E-02
   1.5465209E+03   1.9600000E+02   1.9300000E+02   5.5718461E-03   9.4118818E-03
   1.5465284E+03   1.9900000E+02   1.9600000E+02   2.6690815E-02   2.9015104E-02
   1.5465359E+03   2.1100000E+02   2.0200000E+02   6.0072486E-03   4.3390377E-03
   1.5465434E+03   1.7500000E+02   1.6800000E+02   2.0017976E-02   2.1536688E-02
   1.5465510E+03   1.8200000E+02   1.7800000E+02   2.4747790E-02   3.1230630E-02
   1.5465585E+03   2.1300000E+02   2.0800000E+02   2.5157694E-02   2.4886524E-02
   1.5465660E+03   2.1500000E+02   2.0700000E+02   6.1408799E-03   3.9221064E-03
   1.5465736E+03   2.0400000E+02   2.0100000E+02   2.4010256E-02   2.1597857E-02
   1.5465811E+03   1.9300000E+02   1.9000000E+02   2.3582833E-02   2.4666137E-02
   1.5465886E+03   2.2200000E+02   2.1800000E+02   1.2089854E-02   1.4423687E-02
   1.5465961E+03   1.9400000E+02   1.8800000E+02   1.8319886E-02   1.3498315E-02
   1.5466037E+03   2.1400000E+02   2.0800000E+02   2.1318854E-02   1.9506086E-02
   1.5466112E+03   1.9200000E+02   1.8400000E+02   1.6942004E-02   2.2606668E-02
   1.5466187E+03   2.3700000E+02   2.2900000E+02   1.1911832E-02   1.0953166E-02
   1.5466263E+03   2.2700000E+02   2.2100000E+02   1.8666242E-02   2.0258416E-02
   1.5466338E+03   2.1400000E+02   2.1000000E+02   1.3102521E-02   1.2963998E-02
   1.5466413E+03   1.8900000E+02   1.8400000E+02   3.7971881E-02   4.3048292E-02
   1.5466488E+03   2.3300000E+02   2.2600000E+02   1.4795904E-02   1.7237149E-02
   1.5466564E+03   2.3100000E+02   2.2700000E+02   1.0965566E-02   1.0148453E-02
   1.5466639E+03   2.1700000E+02   2.1400000E+02   2.4992255E-02   2.4874203E-02
   1.5466714E+03   2.2900000E+02   2.1900000E+02   2.9343393E-02   3.0973396E-02
   1.5466790E+03   2.2400000E+02   2.2000000E+02   2.5887065E-02   2.7857113E-02
   1.5466865E+03   2.0600000E+02   1.9900000E+02   3.5036900E-02   2.9974735E-02
   1.5466940E+03   2.1700000E+02   2.1100000E+02   1.8870306E-02   1.9641390E-02
   1.5467015E+03   2.2300000E+02   2.1500000E+02   4.0756151E-03   3.4810879E-03
   1.5467091E+03   2.7200000E+02   2.6300000E+02   1.4772855E-02   1.7107040E-02
   1.5467166E+03   2.5300000E+02   2.3900000E+02   1.3512514E-02   9.6728407E-03
   1.5467241E+03   2.4000000E+02   2.3600000E+02   2.6125465E-02   2.7231861E-02
   1.5467317E+03   2.4600000E+02   2.3400000E+02   5.5274942E-03   6.0815823E-03
   1.5467392E+03   2.2600000E+02   2.2200000E+02   3.0502136E-02   2.7155338E-02
   1.5467467E+03   2.3200000E+02   2.2900000E+02   8.5961016E-03   5.8249371E-03
   1.5467542E+03   2.4000000E+02   2.3200000E+02   1.2004543E-02   1.4992992E-02
   1.5467618E+03   2.6800000E+02   2.6100000E+02   4.1010299E-03   4.5913962E-03
   1.5467693E+03   2.4700000E+02   2.4000000E+02   1.1316646E-02   1.2716882E-02
   1.5467768E+03   2.5700000E+02   2.4700000E+02   2.2039680E-02   2.4761927E-02
   1.5467844E+03   2.5000000E+02   2.3900000E+02   1.2467772E-02   1.5050989E-02
   1.5467919E+03   2.3700000E+02   2.2900000E+02   1.6585851E-03   5.7038901E-04
   1.5467994E+03   2.4900000E+02   2.4400000E+02   3.4894469E-02   3.5211484E-02
   1.5468069E+03   2.6500000E+02   2.5600000E+02   1.2206134E-02   1.3762187E-02
   1.5468145E+03   2.5400000E+02   2.4800000E+02   3.4342716E-02   3.1549615E-02
   1.5468220E+03   2.5800000E+02   2.4700000E+02   1.5650139E-03   1.6969864E-03
   1.5468295E+03   2.6600000E+02   2.5800000E+02   5.8421527E-03   5.8090660E-03
   1.5468371E+03   2.5100000E+02   2.4300000E+02   1.2380588E-02   9.8028842E-03
   1.5468446E+03   2.6600000E+02   2.5700000E+02   2.1189285E-02   1.7535151E-02
   1.5468521E+03   2.8600000E+02   2.8000000E+02   1.8160517E-02   1.7771119E-02
   1.5468596E+03   2.6900000E+02   2.5700000E+02   1.0998053E-02   1.6195967E-02
   1.5468672E+03   2.9500000E+02   2.8700000E+02   2.6943807E-02   2.4880271E-02
   1.5468747E+03   2.7500000E+02   2.6800000E+02   1.1328258E-02   1.1960047E-02
   1.5468822E+03   2.7700000E+02   2.7000000E+02   1.8697275E-02   2.2845049E-02
   1.5468898E+03   3.0900000E+02   2.9200000E+02   2.6849848E-02   2.9356762E-02
   1.5468973E+03   2.9700000E+02   2.8800000E+02   9.7360887E-03   1.1116506E-02
   1.5469048E+03   2.7600000E+02   2.6800000E+02   3.9428623E-02   3.5308629E-02
   1.5469123E+03   3.0300000E+02   2.9000000E+02   3.8907594E-02   4.0510126E-02
   1.5469199E+03   2.8900000E+02   2.8200000E+02   6.2714375E-03   7.7556518E-03
   1.5469274E+03   3.0000000E+02   2.9000000E+02   1.9218418E-02   1.7325374E-02
   1.5469349E+03   2.8700000E+02   2.7600000E+02   7.0767299E-03   5.1921306E-03
   1.5469425E+03   2.8100000E+02   2.7000000E+02   1.6538904E-02   1.9345212E-02
   1.5469500E+03   3.0600000E+02   2.9700000E+02   1.7168624E-02   2.0321335E-02
   1.5469575E+03   2.7700000E+02   2.6400000E+02   1.6153607E-02   1.2660360E-02
   1.5469650E+03   2.8200000E+02   2.7100000E+02   3.3042470E-02   3.3385042E-02
   1.5469726E+03   2.9100000E+02   2.8800000E+02   6.6654783E-03   8.0719669E-03
   1.5469801E+03   3.0100000E+02   2.8800000E+02   2.6219438E-02   2.6736564E-02
   1.5469876E+03   3.1300000E+02   3.0500000E+02   2.5832090E-02   2.2944535E-02
   1.5469951E+03   3.2800000E+02   3.1700000E+02   3.6897954E-02   3.7281385E-02
   1.5470027E+03   3.3100000E+02   3.2200000E+02   1.4546325E-02   1.7077404E-02
   1.5470102E+03   2.9700000E+02   2.8800000E+02   1.7373103E-02   1.6590783E-02
   1.5470177E+03   3.0100000E+02   2.9200000E+02   2.5028212E-02   2.0292683E-02
   1.5470253E+03   3.1600000E+02   3.1000000E+02   1.8015565E-02   1.8288806E-02
   1.5470328E+03   2.8900000E+02   2.7500000E+02   8.0273558E-03   9.4192329E-03
   1.5470403E+03   3.5700000E+02   3.4000000E+02   2.7228380E-03   4.4530969E-03
   1.5470478E+03   3.2700000E+02   3.1400000E+02   8.0607977E-03   9.8037882E-03
   1.5470554E+03   3.2500000E+02   3.1200000E+02   3.2761644E-02   3.4927006E-02
   1.5470629E+03   3.4100000E+02   3.2700000E+02   1.4811145E-02   1.7604052E-02
   1.5470704E+03   3.4500000E+02   3.3400000E+02   2.4511761E-02   2.5776399E-02
   1.5470780E+03   3.1000000E+02   3.0000000E+02   9.0449999E-03   7.5088872E-03
   1.5470855E+03   3.3100000E+02   3.1800000E+02   6.6031577E-03   1.1536443E-02
   1.5470930E+03   3.4000000E+02   3.2900000E+02   1.1299907E-02   1.4050803E-02
   1.5471005E+03   3.4900000E+02   3.4000000E+02   2.4551584E-02   2.8114279E-02
   1.5471081E+03   3.5300000E+02   3.3600000E+02   9.0436704E-03   7.2979340E-03
   1.5471156E+03   3.5300000E+02   3.4300000E+02   1.8620340E-02   1.7698232E-02
   1.5471231E+03   3.6500000E+02   3.5700000E+02   1.7837637E-02   1.7728219E-02
   1.5471307E+03   3.7600000E+02   3.6700000E+02   5.5487393E-03   4.9878368E-03
   1.5471382E+03   3.5000000E+02   3.2800000E+02   1.8987440E-02   1.8110537E-02
   1.5471457E+03   3.1700000E+02   3.1100000E+02   7.5867672E-04   9.5803326E-04
   1.5471532E+03   3.4900000E+02   3.3800000E+02   8.7765917E-03   9.6609147E-03
   1.5471608E+03   3.4200000E+02   3.3300000E+02   1.4550318E-02   1.5175336E-02
   1.5471683E+03   3.7000000E+02   3.5600000E+02   1.1104528E-02   1.3317236E-02
   1.5471758E+03   3.7400000E+02   3.6300000E+02   1.3451693E-02   1.5678103E-02
   1.5471834E+03   3.7300000E+02   3.6000000E+02   2.2634431E-02   2.0015273E-02
   1.5471909E+03   3.6100000E+02   3.4200000E+02   2.1045659E-02   2.2260575E-02
   1.5471984E+03   3.8400000E+02   3.7000000E+02   1.4701129E-02   1.6804355E-02
   1.5472059E+03   3.8400000E+02   3.7400000E+02   1.9358909E-02   2.1141775E-02
   1.5472135E+03   3.7300000E+02   3.5500000E+02   6.2641351E-03   3.9503451E-03
   1.5472210E+03   3.7100000E+02   3.5600000E+02   2.0256091E-02   1.8269202E-02
   1.5472285E+03   3.8200000E+02   3.6700000E+02   1.3294979E-02   1.0717556E-02
   1.5472361E+03   4.2600000E+02   4.0000000E+02   6.9688462E-04   1.8739758E-03
   1.5472436E+03   4.1300000E+02   3.9400000E+02   1.6341027E-02   1.8385754E-02
   1.5472511E+03   4.1300000E+02   3.9400000E+02   1.7679331E-02   1.7487069E-02
   1.5472586E+03   4.0500000E+02   3.8600000E+02   9.0638526E-03   7.1775231E-03
   1.5472662E+03   3.8400000E+02   3.6800000E+02   3.3447383E-02   3.2193203E-02
   1.5472737E+03   3.9700000E+02   3.8500000E+02   9.6224016E-03   1.1099305E-02
   1.5472812E+03   3.9600000E+02   3.7100000E+02   1.2266459E-02   7.7659621E-03
   1.5472888E+03   4.2300000E+02   3.9700000E+02   1.2336761E-02   1.3710041E-02
   1.5472963E+03   4.1300000E+02   3.9500000E+02   9.5884317E-03   1.1062022E-02
   1.5473038E+03   4.6200000E+02   4.3600000E+02   1.5464558E-02   1.2110991E-02
   1.5473113E+03   4.1100000E+02   3.8400000E+02   2.8083641E-03   2.4061214E-03
   1.5473189E+03   4.1500000E+02   3.9800000E+02   9.0047013E-03   1.3409249E-02
   1.5473264E+03   4.0400000E+02   3.9300000E+02   1.5347907E-02   1.5145453E-02
   1.5473339E+03   4.4300000E+02   4.1500000E+02   1.8570019E-02   1.7329371E-02
   1.5473415E+03   4.4600000E+02   4.2700000E+02   1.7692431E-02   1.8010069E-02
   1.5473490E+03   4.6800000E+02   4.3800000E+02   4.7190594E-03   4.3140300E-03
   1.5473565E+03   4.7000000E+02   4.3400000E+02   8.6451817E-03   9.6886383E-03
   1.5473640E+03   4.2300000E+02   3.9900000E+02   6.2070048E-03   4.5198025E-03
   1.5473716E+03   4.1300000E+02   3.9100000E+02   1.1168024E-02   1.1666035E-02
   1.5473791E+03   4.4700000E+02   4.1900000E+02   1.8016784E-02   2.4048201E-02
   1.5473866E+03   4.3900000E+02   4.1400000E+02   8.6745753E-03   1.0411807E-02
   1.5473942E+03   4.5900000E+02   4.3200000E+02   1.2400465E-02   1.3900181E-02
   1.5474017E+03   4.2800000E+02   4.0600000E+02   1.4056904E-02   1.4091290E-02
   1.5474092E+03   4.6100000E+02   4.2900000E+02   1.2424454E-02   1.1608002E-02
   1.5474167E+03   4.7200000E+02   4.3400000E+02   1.1326283E-02   1.4965664E-02
   1.5474243E+03   4.8500000E+02   4.5900000E+02   1.3622109E-02   1.0076329E-02
   1.5474318E+03   4.3500000E+02   3.9900000E+02   8.3746356E-03   7.8521945E-03
   1.5474393E+03   4.9100000E+02   4.5600000E+02   4.6009572E-03   1.6057922E-03
   1.5474468E+03   4.7400000E+02   4.5300000E+02   1.2345907E-02   1.2047203E-02
   1.5474544E+03   4.9100000E+02   4.4700000E+02   9.5680754E-03   1.1367456E-02
   1.5474619E+03   5.0900000E+02   4.7700000E+02   1.7082685E-02   1.9689967E-02
   1.5474694E+03   5.3200000E+02   4.8400000E+02   1.4238093E-02   1.7218462E-02
   1.5474770E+03   5.1200000E+02   4.7200000E+02   1.0865216E-02   1.0237624E-02
   1.5474845E+03   5.3400000E+02   4.9000000E+02   1.3815280E-03   3.8936775E-03
   1.5474920E+03   4.9600000E+02   4.4200000E+02   8.5088073E-03   9.0516869E-03
   1.5474995E+03   5.0700000E+02   4.6500000E+02   1.5831817E-02   1.1909661E-02
   1.5475071E+03   5.1200000E+02   4.7200000E+02   2.0285219E-03   3.2722467E-03
   1.5475146E+03   5.2100000E+02   4.7400000E+02   1.3733069E-02   1.4418024E-02
   1.5475221E+03   5.0400000E+02   4.6400000E+02   1.6996037E-02   1.9970259E-02
   1.5475297E+03   4.7400000E+02   4.4500000E+02   9.7784473E-03   1.0697566E-02
   1.5475372E+03   5.1500000E+02   4.7900000E+02   4.7676766E-03   3.7767736E-03
   1.5475447E+03   4.5100000E+02   4.2600000E+02   1.4528892E-02   1.4805016E-02
   1.5475522E+03   4.6600000E+02   4.2600000E+02   1.1635252E-02   1.0795752E-02
   1.5475598E+03   4.7400000E+02   4.4200000E+02   1.4687766E-02   1.3429234E-02
   1.5475673E+03   4.6600000E+02   4.3800000E+02   1.7166072E-02   1.8987190E-02
   1.5475748E+03   4.3000000E+02   4.0300000E+02   3.4752957E-03   3.9818359E-03
   1.5475824E+03   4.6700000E+02   4.4800000E+02   1.0744773E-02   1.1672598E-02
   1.5475899E+03   4.6300000E+02   4.3700000E+02   1.3444805E-03   1.0438811E-03
   1.5475974E+03   5.0900000E+02   4.7800000E+02   1.3418704E-02   1.2837151E-02
   1.5476049E+03   4.6600000E+02   4.4200000E+02   1.5089392E-02   1.7456614E-02
   1.5476125E+03   4.3100000E+02   4.1300000E+02   1.3604995E-02   1.4076777E-02
   1.5476200E+03   4.4800000E+02   4.3600000E+02   1.3946595E-02   1.4873310E-02
   1.5476275E+03   4.5600000E+02   4.4500000E+02   9.9894924E-03   9.7746660E-03
   1.5476351E+03   4.2800000E+02   4.1400000E+02   1.1584688E-02   1.1877250E-02
   1.5476426E+03   4.1700000E+02   4.0700000E+02   1.5232967E-02   1.6190704E-02
   1.5476501E+03   4.1400000E+02   4.0900000E+02   3.7278813E-03   3.7734543E-03
   1.5476576E+03   3.9500000E+02   3.8600000E+02   1.1969147E-02   1.3023150E-02
   1.5476652E+03   4.0000000E+02   3.8800000E+02   1.8345099E-02   1.8376520E-02
   1.5476727E+03   3.8300000E+02   3.7300000E+02   8.9006806E-03   1.0525057E-02
   1.5476802E+03   4.0100000E+02   3.9300000E+02   2.0055040E-03   2.8612781E-03
   1.5476878E+03   4.0700000E+02   4.0500000E+02   2.5570184E-02   2.5696469E-02
   1.5476953E+03   4.2600000E+02   4.1800000E+02   1.5121581E-02   1.5467689E-02
   1.5477028E+03   3.7700000E+02   3.7500000E+02   2.1612426E-02   2.1727712E-02
   1.5477103E+03   3.9300000E+02   3.9000000E+02   1.7381550E-02   1.6689520E-02
   1.5477179E+03   3.7200000E+02   3.7000000E+02   1.1419973E-02   1.1481702E-02
   1.5477254E+03   3.7300000E+02   3.7200000E+02   1.5780310E-02   1.5822730E-02
   1.5477329E+03   3.4400000E+02   3.3700000E+02   1.0299714E-02   1.0513642E-02
   1.5477405E+03   3.6700000E+02   3.6400000E+02   1.6300611E-02   1.6434963E-02
   1.5477480E+03   3.2800000E+02   3.2700000E+02   9.1879634E-03   9.2158196E-03
   1.5477555E+03   3.1800000E+02   3.1500000E+02   2.1891963E-02   2.2100494E-02
   1.5477630E+03   3.6200000E+02   3.5900000E+02   8.4002957E-03   8.4704780E-03
   1.5477706E+03   3.4700000E+02   3.4100000E+02   5.3997273E-03   5.4654291E-03
   1.5477781E+03   3.1200000E+02   3.1100000E+02   1.0278515E-02   1.0311576E-02
   1.5477856E+03   3.1700000E+02   3.1400000E+02   1.3381312E-02   1.3509175E-02
   1.5477932E+03   3.1300000E+02   3.1100000E+02   3.7435882E-02   3.7676610E-02
   1.5478007E+03   3.4700000E+02   3.4700000E+02   1.8119283E-02   1.8119283E-02
   1.5478082E+03   2.9600000E+02   2.9500000E+02   1.6913699E-02   1.6971178E-02
   1.5478157E+03   3.2900000E+02   3.2600000E+02   8.4712913E-03   8.5492697E-03
   1.5478233E+03   3.2900000E+02   3.2700000E+02   1.5156880E-02   1.5249529E-02
   1.5478308E+03   3.5400000E+02   3.4800000E+02   1.1051887E-02   1.1242501E-02
   1.5478383E+03   3.2400000E+02   3.1800000E+02   2.2815689E-03   2.3250789E-03
   1.5478459E+03   2.8900000E+02   2.8800000E+02   1.6304982E-02   1.6361605E-02
   1.5478534E+03   3.2900000E+02   3.2600000E+02   2.4303944E-02   2.4527599E-02
   1.5478609E+03   2.8500000E+02   2.8500000E+02   2.1434339E-02   2.1434339E-02
   1.5478684E+03   2.9100000E+02   2.9000000E+02   1.1756089E-02   1.1796632E-02
   1.5478760E+03   2.9300000E+02   2.9200000E+02   4.7505065E-03   4.7667732E-03
   1.5478835E+03   2.5500000E+02   2.5500000E+02   8.2426020E-03   8.2426020E-03
   1.5478910E+03   2.9200000E+02   2.8700000E+02   4.3022406E-03   4.3771696E-03
   1.5478985E+03   2.9500000E+02   2.9300000E+02   5.8996506E-03   5.9399407E-03
   1.5479061E+03   2.7500000E+02   2.7200000E+02   1.8550546E-02   1.8754805E-02
   1.5479136E+03   2.8400000E+02   2.8300000E+02   1.5454068E-02   1.5508672E-02
   1.5479211E+03   2.8100000E+02   2.7800000E+02   5.0656064E-03   5.1203181E-03
   1.5479287E+03   2.9900000E+02   2.9700000E+02   9.4014621E-03   9.4647642E-03
   1.5479362E+03   2.8400000E+02   2.8300000E+02   2.0131460E-02   2.0202589E-02
   1.5479437E+03   2.8200000E+02   2.8100000E+02   9.3325930E-03   9.3658051E-03
   1.5479512E+03   2.6500000E+02   2.6200000E+02   1.2273222E-02   1.2413707E-02
   1.5479588E+03   2.8300000E+02   2.7900000E+02   3.0925789E-02   3.1368979E-02
   1.5479663E+03   2.3100000E+02   2.2900000E+02   3.5596172E-02   3.5907053E-02
   1.5479738E+03   2.9300000E+02   2.8800000E+02   1.2342561E-02   1.2557022E-02
   1.5479814E+03   2.8100000E+02   2.7700000E+02   2.2677780E-02   2.3005181E-02
   1.5479889E+03   2.8800000E+02   2.8500000E+02   6.8478886E-03   6.9198816E-03
   1.5479964E+03   2.9900000E+02   2.9800000E+02   1.8514577E-02   1.8576677E-02
   1.5480039E+03   2.7400000E+02   2.6900000E+02   1.3948762E-02   1.4208072E-02
   1.5480115E+03   2.8600000E+02   2.8400000E+02   1.2849600E-02   1.2940042E-02
   1.5480190E+03   2.7100000E+02   2.6700000E+02   1.5125299E-02   1.5351881E-02
   1.5480265E+03   2.8800000E+02   2.8700000E+02   2.7004005E-02   2.7098097E-02
   1.5480341E+03   2.6300000E+02   2.6000000E+02   2.1243860E-02   2.1489106E-02
   1.5480416E+03   2.5900000E+02   2.5700000E+02   2.0037761E-03   2.0194325E-03
   1.5480491E+03   2.5300000E+02   2.5100000E+02   9.0997076E-03   9.1721869E-03
   1.5480566E+03   2.7600000E+02   2.7300000E+02   6.4668371E-03   6.5378722E-03
   1.5480642E+03   2.6000000E+02   2.5900000E+02   1.0604390E-02   1.0645278E-02
   1.5480717E+03   2.8700000E+02   2.8500000E+02   1.6610822E-02   1.6727374E-02
   1.5480792E+03   2.5100000E+02   2.4800000E+02   1.5347815E-02   1.5533499E-02
   1.5480868E+03   2.6000000E+02   2.5800000E+02   2.6183594E-02   2.6386588E-02
   1.5480943E+03   2.6800000E+02   2.6600000E+02   1.4965961E-02   1.5078683E-02
   1.5481018E+03   2.7000000E+02   2.6400000E+02   9.8619908E-03   1.0086101E-02
   1.5481093E+03   2.6100000E+02   2.5200000E+02   2.6866581E-03   2.7827691E-03
   1.5481169E+03   2.7400000E+02   2.6800000E+02   1.0653940E-02   1.0892494E-02
   1.5481244E+03   2.4300000E+02   2.4000000E+02   9.6371955E-03   9.7577404E-03
   1.5481319E+03   2.3400000E+02   2.2800000E+02   1.5992323E-02   1.6413164E-02
   1.5481395E+03   2.6000000E+02   2.5300000E+02   1.1018986E-02   1.1323676E-02
   1.5481470E+03   2.8500000E+02   2.7800000E+02   9.5929592E-03   9.8333880E-03
   1.5481545E+03   2.4800000E+02   2.3800000E+02   6.4953773E-03   6.7684089E-03
   1.5481620E+03   2.4500000E+02   2.3800000E+02   1.3231412E-02   1.3620543E-02
   1.5481696E+03   2.4400000E+02   2.4100000E+02   1.0532216E-02   1.0663279E-02
   1.5481771E+03   2.5800000E+02   2.5600000E+02   1.8317586E-02   1.8460836E-02
   1.5481846E+03   2.4300000E+02   2.4100000E+02   2.0402533E-02   2.0571701E-02
   1.5481922E+03   2.6800000E+02   2.6300000E+02   1.3331567E-02   1.3585238E-02
   1.5481997E+03   2.7500000E+02   2.7400000E+02   1.7529504E-02   1.7593589E-02
   1.5482072E+03   2.5900000E+02   2.5400000E+02   1.2530168E-02   1.2776793E-02
   1.5482147E+03   2.5400000E+02   2.5000000E+02   1.1413772E-02   1.1596415E-02
   1.5482223E+03   2.4600000E+02   2.4000000E+02   1.8070293E-02   1.8522110E-02
   1.5482298E+03   2.6800000E+02   2.6200000E+02   7.6005221E-03   7.7746508E-03
   1.5482373E+03   2.7600000E+02   2.7100000E+02   7.3356717E-03   7.4715400E-03
   1.5482449E+03   2.6600000E+02   2.5900000E+02   1.5765564E-02   1.6149745E-02
   1.5482524E+03   2.6900000E+02   2.6000000E+02   1.8773517E-02   1.9423980E-02
   1.5482599E+03   2.3900000E+02   2.3500000E+02   1.5322059E-02   1.5583009E-02
   1.5482674E+03   2.6300000E+02   2.5800000E+02   1.5322907E-02   1.5620135E-02
   1.5482750E+03   2.6200000E+02   2.5400000E+02   1.4186713E-02   1.4633386E-02
   1.5482825E+03   2.8400000E+02   2.7800000E+02   1.1209393E-02   1.1451310E-02
   1.5482900E+03   2.8700000E+02   2.7900000E+02   1.1877667E-02   1.2218107E-02
   1.5482976E+03   2.7100000E+02   2.6600000E+02   2.7921554E-03   2.8450495E-03
   1.5483051E+03   2.7800000E+02   2.7100000E+02   3.2615595E-03   3.3461045E-03
   1.5483126E+03   2.8000000E+02   2.7300000E+02   1.7387963E-02   1.7833849E-02
   1.5483201E+03   2.9600000E+02   2.9400000E+02   1.0877418E-02   1.0951431E-02
   1.5483277E+03   2.7300000E+02   2.7100000E+02   4.4974431E-03   4.5306250E-03
   1.5483352E+03   2.6000000E+02   2.5500000E+02   7.6202252E-03   7.7695165E-03
   1.5483427E+03   2.7200000E+02   2.6500000E+02   1.4344359E-02   1.4723198E-02
   1.5483502E+03   2.8900000E+02   2.8200000E+02   2.9181545E-02   2.9905767E-02
   1.5483578E+03   2.7300000E+02   2.6900000E+02   9.4277409E-03   9.5680450E-03
   1.5483653E+03   2.8300000E+02   2.7600000E+02   1.5539802E-02   1.5933972E-02
   1.5483728E+03   2.7700000E+02   2.7000000E+02   2.0700103E-02   2.1236793E-02
   1.5483804E+03   2.7500000E+02   2.7100000E+02   1.8515109E-02   1.8788509E-02
   1.5483879E+03   2.5000000E+02   2.4300000E+02   1.3365418E-02   1.3751249E-02
   1.5483954E+03   2.8200000E+02   2.7300000E+02   4.3823471E-04   4.4809137E-04
   1.5484029E+03   2.9400000E+02   2.8900000E+02   1.2736227E-02   1.2956613E-02
   1.5484105E+03   2.8100000E+02   2.7700000E+02   3.3996537E-03   3.4486199E-03
   1.5484180E+03   2.5400000E+02   2.4800000E+02   7.9197514E-03   8.1113667E-03
   1.5484255E+03   2.5300000E+02   2.4800000E+02   7.3295554E-03   7.4774001E-03
   1.5484331E+03   2.8200000E+02   2.7500000E+02   1.0153375E-02   1.0411772E-02
   1.5484406E+03   2.7600000E+02   2.7000000E+02   9.6467220E-03   9.8612198E-03
   1.5484481E+03   2.9200000E+02   2.8400000E+02   1.2780928E-02   1.3140775E-02
   1.5484556E+03   2.6000000E+02   2.5500000E+02   7.3091643E-03   7.4524519E-03
   1.5484632E+03   2.7500000E+02   2.6900000E+02   5.6588596E-03   5.7853888E-03
   1.5484707E+03   2.7300000E+02   2.7200000E+02   7.1138417E-03   7.1400133E-03
   1.5484782E+03   2.8500000E+02   2.7600000E+02   3.5192057E-03   3.6339242E-03
   1.5484858E+03   2.7700000E+02   2.7300000E+02   1.1198037E-02   1.1362089E-02
   1.5484933E+03   2.7500000E+02   2.7200000E+02   2.0253940E-02   2.0477338E-02
   1.5485008E+03   2.9600000E+02   2.9200000E+02   9.4488979E-03   9.5782300E-03
   1.5485083E+03   2.6100000E+02   2.5700000E+02   9.6856197E-03   9.8363285E-03
   1.5485159E+03   2.9800000E+02   2.9400000E+02   1.6011958E-02   1.6229735E-02
   1.5485234E+03   2.9700000E+02   2.8900000E+02   1.2824407E-02   1.3179187E-02
   1.5485309E+03   2.7300000E+02   2.6700000E+02   1.5046968E-02   1.5385129E-02
   1.5485385E+03   2.8500000E+02   2.7700000E+02   1.0699204E-02   1.1007996E-02
   1.5485460E+03   3.0100000E+02   2.9300000E+02   5.7208620E-03   5.8781809E-03
   1.5485535E+03   3.0400000E+02   2.9800000E+02   1.1796274E-02   1.2033664E-02
   1.5485610E+03   2.6800000E+02   2.6000000E+02   4.1623100E-03   4.2903754E-03
   1.5485686E+03   3.0400000E+02   2.9900000E+02   5.6501356E-03   5.7445967E-03
   1.5485761E+03   2.9900000E+02   2.9400000E+02   6.3196611E-03   6.4271623E-03
   1.5485836E+03   2.9600000E+02   2.8800000E+02   1.1008673E-02   1.1314223E-02
   1.5485912E+03   2.9700000E+02   2.9400000E+02   3.7542365E-03   3.7925324E-03
   1.5485987E+03   2.9700000E+02   2.9500000E+02   5.7737325E-03   5.8129023E-03
   1.5486062E+03   2.7600000E+02   2.7400000E+02   5.4483212E-03   5.4880669E-03
   1.5486137E+03   2.9300000E+02   2.8700000E+02   6.2739107E-03   6.4051263E-03
   1.5486213E+03   3.0300000E+02   2.9600000E+02   6.0140405E-03   6.1523452E-03
   1.5486288E+03   3.1400000E+02   3.0800000E+02   8.0043660E-03   8.1606175E-03
   1.5486363E+03   3.0700000E+02   2.9800000E+02   1.2293513E-02   1.2664561E-02
   1.5486439E+03   3.2700000E+02   3.2400000E+02   1.5272518E-02   1.5413944E-02
   1.5486514E+03   2.8800000E+02   2.7700000E+02   1.6419190E-02   1.7071115E-02
   1.5486589E+03   2.8900000E+02   2.8200000E+02   1.9699819E-02   2.0188427E-02
   1.5486664E+03   2.7300000E+02   2.6400000E+02   1.1006327E-02   1.1381612E-02
   1.5486740E+03   3.5900000E+02   3.5000000E+02   1.9361786E-02   1.9859525E-02
   1.5486815E+03   3.3600000E+02   3.2600000E+02   4.8918438E-03   5.0419310E-03
   1.5486890E+03   3.1400000E+02   3.0800000E+02   7.2370394E-03   7.3779926E-03
   1.5486966E+03   3.0200000E+02   2.9600000E+02   5.4440960E-03   5.5544162E-03
   1.5487041E+03   3.3000000E+02   3.2200000E+02   1.1895869E-02   1.2191344E-02
   1.5487116E+03   3.6000000E+02   3.5400000E+02   6.3189630E-03   6.4259821E-03
   1.5487191E+03   3.2100000E+02   3.2000000E+02   1.4681552E-02   1.4727431E-02
   1.5487267E+03   3.1700000E+02   3.0500000E+02   3.8416380E-03   3.9927809E-03
   1.5487342E+03   3.2600000E+02   3.2300000E+02   1.1062974E-02   1.1165653E-02
   1.5487417E+03   3.2100000E+02   3.1300000E+02   8.3720541E-03   8.5861230E-03
   1.5487493E+03   3.2500000E+02   3.1900000E+02   1.1571503E-02   1.1789212E-02
   1.5487568E+03   3.6300000E+02   3.5300000E+02   5.6738400E-03   5.8347660E-03
   1.5487643E+03   3.4900000E+02   3.4300000E+02   2.3885854E-03   2.4303706E-03
   1.5487718E+03   3.3100000E+02   3.2200000E+02   8.2190285E-03   8.4487088E-03
   1.5487794E+03   3.3300000E+02   3.2700000E+02   4.7071256E-03   4.7935210E-03
   1.5487869E+03   3.6000000E+02   3.5500000E+02   7.5838544E-03   7.6906283E-03
   1.5487944E+03   3.6300000E+02   3.5300000E+02   9.5754603E-03   9.8465579E-03
   1.5488019E+03   3.5800000E+02   3.5000000E+02   4.2056192E-03   4.3017350E-03
   1.5488095E+03   3.3300000E+02   3.3000000E+02   1.1668036E-02   1.1774332E-02
   1.5488170E+03   3.6100000E+02   3.5400000E+02   1.1551468E-02   1.1779633E-02
   1.5488245E+03   3.4300000E+02   3.2800000E+02   4.5404708E-03   4.7480878E-03
   1.5488321E+03   3.6800000E+02   3.6300000E+02   5.1105572E-03   5.1808527E-03
   1.5488396E+03   3.4500000E+02   3.3800000E+02   2.4283625E-03   2.4785883E-03
   1.5488471E+03   3.7400000E+02   3.6700000E+02   5.3341081E-03   5.4359815E-03
   1.5488546E+03   3.5100000E+02   3.4600000E+02   9.3014043E-03   9.4360538E-03
   1.5488622E+03   3.9200000E+02   3.8000000E+02   6.0073963E-03   6.1971364E-03
   1.5488697E+03   3.7200000E+02   3.6500000E+02   5.4058761E-03   5.5095156E-03
   1.5488772E+03   3.4600000E+02   3.4200000E+02   8.1582657E-03   8.2536903E-03
   1.5488848E+03   3.5400000E+02   3.4600000E+02   6.5730291E-03   6.7247440E-03
   1.5488923E+03   3.6400000E+02   3.5500000E+02   2.1545425E-03   2.2091099E-03
   1.5488998E+03   3.9100000E+02   3.7400000E+02   3.5759465E-03   3.7388527E-03
   1.5489073E+03   3.6100000E+02   3.5200000E+02   1.1153513E-02   1.1438798E-02
   1.5489149E+03   3.6500000E+02   3.5400000E+02   6.4330658E-03   6.6330891E-03
   1.5489224E+03   3.6400000E+02   3.5400000E+02   9.1264099E-03   9.3841866E-03
   1.5489299E+03   3.4100000E+02   3.3200000E+02   1.2237213E-02   1.2569626E-02
   1.5489375E+03   3.9800000E+02   3.8800000E+02   4.3063047E-03   4.4172882E-03
   1.5489450E+03   4.2600000E+02   4.1300000E+02   5.0228561E-03   5.1797906E-03
   1.5489525E+03   3.5900000E+02   3.5400000E+02   7.6830445E-03   7.7915618E-03
   1.5489600E+03   4.0300000E+02   3.9700000E+02   4.9700652E-03   5.0449788E-03
   1.5489676E+03   4.0900000E+02   3.9600000E+02   6.6458459E-03   6.8648667E-03
   1.5489751E+03   3.7300000E+02   3.6300000E+02   7.2827133E-04   7.4832475E-04
   1.5489826E+03   3.9800000E+02   3.9500000E+02   2.5190623E-03   2.5382139E-03
   1.5489902E+03   4.0800000E+02   4.0000000E+02   5.9031512E-03   6.0204490E-03
   1.5489977E+03   4.0800000E+02   4.0400000E+02   3.6398096E-03   3.6758718E-03
   1.5490052E+03   3.8100000E+02   3.6700000E+02   5.8420330E-03   6.0649927E-03
   1.5490127E+03   4.1200000E+02   4.0100000E+02   1.9405872E-03   1.9937807E-03
   1.5490203E+03   3.8600000E+02   3.7700000E+02   2.8889153E-03   2.9577705E-03
   1.5490278E+03   3.9900000E+02   3.8700000E+02   6.9492154E-03   7.1645718E-03
   1.5490353E+03   3.9600000E+02   3.8900000E+02   2.2552644E-03   2.2962832E-03
   1.5490429E+03   4.0400000E+02   3.8900000E+02   2.8796090E-03   2.9907181E-03
   1.5490504E+03   4.2600000E+02   4.1800000E+02   3.0352508E-03   3.0933719E-03
   1.5490579E+03   4.1100000E+02   4.0300000E+02   1.4492168E-03   1.4783294E-03
   1.5490654E+03   4.1400000E+02   4.0800000E+02   1.6819407E-03   1.7067662E-03
   1.5490730E+03   3.9300000E+02   3.8700000E+02   7.9789728E-03   8.1026389E-03
   1.5490805E+03   4.1400000E+02   4.0400000E+02   1.3572715E-03   1.3908266E-03
   1.5490880E+03   3.9900000E+02   3.9400000E+02   2.5722074E-03   2.6047703E-03
   1.5490956E+03   3.9000000E+02   3.8300000E+02   1.1150907E-02   1.1354799E-02
   1.5491031E+03   4.4000000E+02   4.3000000E+02   3.2336410E-03   3.3087722E-03
   1.5491106E+03   4.1200000E+02   4.0100000E+02   3.1203842E-03   3.2063036E-03
   1.5491181E+03   4.0500000E+02   3.9500000E+02   1.2688341E-03   1.3003534E-03
   1.5491257E+03   4.6400000E+02   4.5300000E+02   5.1113021E-03   5.2352425E-03
   1.5491332E+03   4.4700000E+02   4.3400000E+02   2.6364998E-03   2.7156600E-03
   1.5491407E+03   4.1300000E+02   4.0600000E+02   3.1831695E-03   3.2380964E-03
   1.5491483E+03   4.2700000E+02   4.1900000E+02   1.4548411E-03   1.4826167E-03
   1.5491558E+03   4.1800000E+02   4.0300000E+02   1.7295687E-03   1.7934582E-03
   1.5491633E+03   4.5000000E+02   4.3700000E+02   2.7332210E-03   2.8147339E-03
   1.5491708E+03   4.3400000E+02   4.2200000E+02   1.6885441E-03   1.7363980E-03
   1.5491784E+03   4.4300000E+02   4.3200000E+02   2.6976435E-03   2.7665148E-03
   1.5491859E+03   4.6100000E+02   4.5400000E+02   3.7861088E-03   3.8445531E-03
   1.5491934E+03   4.2800000E+02   4.1500000E+02   2.6758635E-03   2.7593367E-03
   1.5492010E+03   4.2000000E+02   4.0500000E+02   2.8269429E-03   2.9315234E-03
   1.5492085E+03   4.8800000E+02   4.7500000E+02   4.6142940E-03   4.7411104E-03
   1.5492160E+03   4.7200000E+02   4.6100000E+02   3.6538894E-03   3.7406584E-03
   1.5492235E+03   4.7700000E+02   4.7100000E+02   2.2546506E-03   2.2833168E-03
   1.5492311E+03   4.4800000E+02   4.4000000E+02   5.3130780E-03   5.4097399E-03
   1.5492386E+03   4.7100000E+02   4.5500000E+02   1.7842213E-03   1.8470487E-03
   1.5492461E+03   4.4600000E+02   4.2800000E+02   3.9467166E-03   4.1131462E-03
   1.5492536E+03   4.5100000E+02   4.4000000E+02   4.9221963E-03   5.0452153E-03
   1.5492612E+03   4.5900000E+02   4.5100000E+02   4.7549771E-03   4.8393519E-03
   1.5492687E+03   5.1200000E+02   4.9800000E+02   6.2262080E-03   6.4013421E-03
   1.5492762E+03   4.5800000E+02   4.4600000E+02   6.0050785E-04   6.1667352E-04
   1.5492838E+03   4.4800000E+02   4.3900000E+02   3.2511207E-03   3.3178342E-03
   1.5492913E+03   4.8200000E+02   4.6700000E+02   3.8025018E-04   3.9193658E-04
   1.5492988E+03   4.4300000E+02   4.3300000E+02   1.7288267E-03   1.7693984E-03
   1.5493063E+03   4.8800000E+02   4.7600000E+02   5.2161013E-03   5.3474119E-03
   1.5493139E+03   4.8900000E+02   4.8200000E+02   1.8159542E-03   1.8424959E-03
   1.5493214E+03   4.4500000E+02   4.4100000E+02   3.3681954E-03   3.3986915E-03
   1.5493289E+03   4.5900000E+02   4.5200000E+02   1.6820613E-03   1.7081885E-03
   1.5493365E+03   4.5100000E+02   4.4000000E+02   1.4668032E-03   1.5030061E-03
   1.5493440E+03   4.7000000E+02   4.6100000E+02   1.1073469E-03   1.1289143E-03
   1.5493515E+03   4.8200000E+02   4.7000000E+02   2.1506697E-03   2.2056298E-03
   1.5493590E+03   4.7500000E+02   4.6800000E+02   2.7497702E-03   2.7907084E-03
   1.5493666E+03   5.0100000E+02   4.9000000E+02   1.7673504E-03   1.8067209E-03
   1.5493741E+03   4.7200000E+02   4.6300000E+02   1.3944185E-03   1.4214655E-03
   1.5493816E+03   4.8300000E+02   4.7800000E+02   1.0150638E-03   1.0257424E-03
   1.5493892E+03   4.8500000E+02   4.7600000E+02   1.3028409E-03   1.3275919E-03
   1.5493967E+03   4.6700000E+02   4.5800000E+02   2.9523503E-04   3.0099337E-04
   1.5494042E+03   5.1400000E+02   4.9900000E+02   6.3828932E-04   6.7241824E-04
   1.5494117E+03   4.8800000E+02   4.7400000E+02   7.3149482E-04   7.5316676E-04
   1.5494193E+03   5.1300000E+02   4.9900000E+02   5.1270581E-04   5.2709388E-04
   1.5494268E+03   5.2000000E+02   5.0600000E+02   8.7224936E-04   8.9641156E-04
   1.5494343E+03   5.1500000E+02   5.0400000E+02   1.4436080E-03   1.4751297E-03
   1.5494419E+03   5.1100000E+02   5.0700000E+02   1.1047950E-05   1.1215010E-05
   1.5494494E+03   4.7500000E+02   4.6000000E+02   3.7364039E-04   3.8546960E-04
   1.5494569E+03   5.1800000E+02   5.1000000E+02   2.4477415E-06   2.5133582E-06
   1.5494644E+03   5.1900000E+02   5.0200000E+02   3.6484380E-06   5.8751902E-06
   1.5494720E+03   5.3500000E+02   5.2400000E+02   3.4793617E-04   3.5442141E-04
   1.5494795E+03   5.5600000E+02   5.3600000E+02   4.9897865E-05   5.1471263E-05
   1.5494870E+03   5.7800000E+02   5.5700000E+02   4.6625829E-06   5.0094496E-06
   1.5494946E+03   5.6000000E+02   5.4400000E+02   3.5546558E-06   3.6379591E-06
   1.5495021E+03   5.3400000E+02   5.1900000E+02   1.0643393E-03   1.0950013E-03
   1.5495096E+03   5.4600000E+02   5.3000000E+02   2.1351144E-04   2.2036128E-04
   1.5495171E+03   5.4000000E+02   5.2700000E+02   7.8212063E-05   8.0131992E-05
   1.5495247E+03   5.3900000E+02   5.2200000E+02   2.9998978E-06   3.1242794E-06
   1.5495322E+03   5.5300000E+02   5.4000000E+02   2.8302756E-05   2.9095547E-05
   1.5495397E+03   5.5300000E+02   5.3600000E+02   5.8266976E-05   6.0181549E-05
   1.5495473E+03   6.4800000E+02   6.3600000E+02   5.7860239E-04   5.8953334E-04
   1.5495548E+03   5.7100000E+02   5.5500000E+02   7.0881699E-05   7.2941067E-05
   1.5495623E+03   5.3300000E+02   5.1100000E+02   4.9690625E-06   5.2976592E-06
   1.5495698E+03   5.6500000E+02   5.4700000E+02   2.8918213E-06   3.1387093E-06
   1.5495774E+03   5.7900000E+02   5.5900000E+02   1.0839663E-05   1.1320498E-05
   1.5495849E+03   5.6700000E+02   5.5400000E+02   5.4698852E-05   5.6056843E-05
   1.5495924E+03   6.0700000E+02   5.8800000E+02   4.2920288E-06   4.4513101E-06
   1.5496000E+03   5.8400000E+02   5.6500000E+02   1.7887532E-06   1.8916335E-06
   1.5496075E+03   6.0200000E+02   5.8700000E+02   6.0362003E-05   6.1928650E-05
   1.5496150E+03   6.1700000E+02   6.0400000E+02   1.7964218E-06   1.5258549E-06
   1.5496225E+03   5.6700000E+02   5.4800000E+02   1.8859640E-05   1.9473500E-05
   1.5496301E+03   5.9400000E+02   5.7300000E+02   1.6788882E-05   1.6550294E-05
   1.5496376E+03   5.9700000E+02   5.7300000E+02   2.1524415E-05   2.1978962E-05
   1.5496451E+03   6.3300000E+02   6.1700000E+02   1.0782525E-05   1.1328563E-05
   1.5496527E+03   6.5900000E+02   6.3900000E+02   8.2183816E-06   8.0400001E-06
   1.5496602E+03   6.3200000E+02   6.0500000E+02   1.1997056E-05   1.2972586E-05
   1.5496677E+03   6.2400000E+02   6.0300000E+02   6.1993068E-06   6.3750818E-06
   1.5496752E+03   6.4600000E+02   6.2200000E+02   4.3372695E-06   4.3132782E-06
   1.5496828E+03   6.7600000E+02   6.5700000E+02   3.0759004E-06   3.9444038E-06
   1.5496903E+03   6.3400000E+02   6.1500000E+02   4.7033237E-04   9.3722766E-06
   1.5496978E+03   6.4400000E+02   6.3200000E+02   2.5604402E-05   2.6037481E-05
   1.5497053E+03   6.6000000E+02   6.3600000E+02   6.7384500E-04   6.8849102E-04
   1.5497129E+03   6.1400000E+02   5.8800000E+02   5.6447125E-04   5.8930660E-04
   1.5497204E+03   6.7200000E+02   6.4500000E+02   7.1520979E-05   7.4924101E-05
   1.5497279E+03   6.4500000E+02   6.1500000E+02   7.6623598E-06   4.0105495E-06
   1.5497355E+03   6.4900000E+02   6.1900000E+02   8.1430260E-06   5.6232447E-06
   1.5497430E+03   6.4400000E+02   6.2000000E+02   7.8941184E-06   8.3202112E-06
   1.5497505E+03   6.9200000E+02   6.4700000E+02   3.3637275E-06   5.5371612E-06
   1.5497580E+03   6.5200000E+02   6.1800000E+02   6.8040848E-04   7.1836138E-04
   1.5497656E+03   6.5800000E+02   6.2700000E+02   2.6492464E-06   2.7084895E-06
   1.5497731E+03   7.1200000E+02   6.7700000E+02   4.6356104E-06   5.3379577E-06
   1.5497806E+03   6.6800000E+02   6.3700000E+02   7.7884250E-06   8.0368968E-06
   1.5497882E+03   6.8500000E+02   6.5000000E+02   2.8268358E-06   2.7956620E-06
   1.5497957E+03   7.2000000E+02   6.8400000E+02   2.5590543E-05   2.7066126E-05
   1.5498032E+03   6.9500000E+02   6.6300000E+02   2.7851644E-06   2.7110996E-06
   1.5498107E+03   6.6500000E+02   6.2500000E+02   1.9643212E-06   2.0826114E-06
   1.5498183E+03   6.9800000E+02   6.5200000E+02   1.3661302E-05   1.4575226E-05
   1.5498258E+03   7.3500000E+02   7.0300000E+02   1.3891408E-04   1.4528661E-04
   1.5498333E+03   7.0800000E+02   6.8500000E+02   3.6877632E-04   3.8122045E-04
   1.5498409E+03   6.9400000E+02   6.4200000E+02   7.4837970E-06   8.3188375E-06
   1.5498484E+03   7.2800000E+02   6.8500000E+02   4.3476733E-04   4.6206646E-04
   1.5498559E+03   7.3500000E+02   6.7800000E+02   5.2100598E-05   5.6388030E-05
   1.5498634E+03   7.2900000E+02   6.8200000E+02   2.3305042E-06   2.6742257E-06
   1.5498710E+03   7.2300000E+02   6.8000000E+02   4.9521536E-06   5.2312639E-06
   1.5498785E+03   7.3600000E+02   6.7400000E+02   3.6641607E-04   8.9797545E-05
   1.5498860E+03   7.6100000E+02   6.9900000E+02   4.4241756E-04   4.8155115E-04
   1.5498936E+03   7.0400000E+02   6.4900000E+02   4.4794342E-04   4.8615362E-04
   1.5499011E+03   7.7700000E+02   7.1300000E+02   4.5571990E-04   4.9653691E-04
   1.5499086E+03   7.8700000E+02   7.3100000E+02   1.0163464E-05   1.1099654E-05
   1.5499161E+03   8.0100000E+02   7.3900000E+02   3.6931367E-05   4.0614010E-05
   1.5499237E+03   7.9800000E+02   7.4400000E+02   1.7916693E-04   1.9341624E-04
   1.5499312E+03   8.1800000E+02   7.4000000E+02   9.5338350E-05   1.0524356E-04
   1.5499387E+03   7.5800000E+02   6.8400000E+02   2.4670350E-05   3.9139285E-06
   1.5499463E+03   8.2200000E+02   7.4700000E+02   5.0765537E-06   5.8794129E-06
   1.5499538E+03   8.4600000E+02   7.4000000E+02   6.1525515E-05   7.0380660E-05
   1.5499613E+03   8.4100000E+02   7.5700000E+02   1.9858792E-04   1.4042568E-05
   1.5499688E+03   8.1900000E+02   7.2100000E+02   6.6001798E-04   3.5508786E-04
   1.5499764E+03   8.5800000E+02   7.5400000E+02   3.8268842E-05   4.3863298E-05
   1.5499839E+03   8.1700000E+02   7.0500000E+02   8.5455607E-04   9.9079168E-04
   1.5499914E+03   9.0700000E+02   8.1300000E+02   2.9919469E-06   3.4061550E-06
   1.5499990E+03   9.0100000E+02   7.9200000E+02   9.6759738E-04   1.1007253E-03
   1.5500065E+03   8.8000000E+02   7.8100000E+02   4.8391720E-06   5.0533543E-06
   1.5500140E+03   8.2900000E+02   7.2500000E+02   2.9743510E-04   2.5320589E-04
   1.5500215E+03   9.4700000E+02   8.2200000E+02   8.4205183E-04   6.7540930E-04
   1.5500291E+03   9.1000000E+02   7.7500000E+02   9.0071332E-04   5.0877285E-04
   1.5500366E+03   9.2300000E+02   7.7400000E+02   2.2121703E-04   2.6367837E-04
   1.5500441E+03   9.3700000E+02   7.9700000E+02   4.5415486E-04   4.7559533E-04
   1.5500517E+03   9.2200000E+02   7.8700000E+02   9.4370683E-05   9.9199849E-05
   1.5500592E+03   9.8300000E+02   8.1600000E+02   3.1454202E-04   5.4481596E-04
   1.5500667E+03   9.4500000E+02   7.8900000E+02   7.1409134E-04   5.6693795E-04
   1.5500742E+03   9.5800000E+02   7.9500000E+02   5.6027226E-04   3.1112270E-04
   1.5500818E+03   9.6600000E+02   7.8000000E+02   2.0253776E-04   3.3513900E-04
   1.5500893E+03   9.4400000E+02   7.6700000E+02   5.6755547E-04   1.8147768E-04
   1.5500968E+03   9.9100000E+02   8.1200000E+02   2.8917066E-04   8.3339169E-05
   1.5501044E+03   1.0710000E+03   8.2600000E+02   3.6761171E-04   4.7693725E-04
   1.5501119E+03   1.0270000E+03   8.1500000E+02   9.4288578E-04   9.6956922E-04
   1.5501194E+03   1.0410000E+03   8.2200000E+02   2.7485110E-04   3.4807640E-04
   1.5501269E+03   1.0620000E+03   8.1300000E+02   1.2957928E-05   1.6955519E-05
   1.5501345E+03   1.0580000E+03   8.0300000E+02   4.6096692E-04   4.7535682E-04
   1.5501420E+03   1.1280000E+03   8.8700000E+02   2.5766076E-04   3.2762688E-04
   1.5501495E+03   1.0870000E+03   8.2500000E+02   3.4417277E-06   4.4778313E-06
   1.5501571E+03   1.0660000E+03   8.1800000E+02   2.7409971E-04   3.5618255E-04
   1.5501646E+03   1.1040000E+03   8.2700000E+02   2.8500282E-04   6.8067887E-06
   1.5501721E+03   1.1120000E+03   8.4100000E+02   2.9002904E-04   3.8358058E-04
   1.5501796E+03   1.1590000E+03   8.3700000E+02   4.9582501E-04   2.0526360E-04
   1.5501872E+03   1.2590000E+03   8.9900000E+02   3.8499172E-04   5.0952053E-04
   1.5501947E+03   1.1530000E+03   8.2500000E+02   3.0129596E-04   4.4402961E-04
   1.5502022E+03   1.1640000E+03   8.4700000E+02   2.0760282E-04   7.6095421E-06
   1.5502097E+03   1.2310000E+03   8.7600000E+02   6.8710925E-04   4.2119630E-04
   1.5502173E+03   1.3120000E+03   9.3800000E+02   7.2460318E-04   4.2386322E-04
   1.5502248E+03   1.2250000E+03   8.4800000E+02   6.8986970E-05   4.3512867E-04
   1.5502323E+03   1.2930000E+03   8.9700000E+02   3.5526672E-04   2.1034384E-04
   1.5502399E+03   1.3480000E+03   9.0400000E+02   3.9234301E-04   2.2322893E-04
   1.5502474E+03   1.3040000E+03   8.8000000E+02   8.9094750E-04   7.1994480E-04
   1.5502549E+03   1.2690000E+03   8.6000000E+02   4.7740827E-04   4.7583812E-04
   1.5502624E+03   1.3510000E+03   9.0200000E+02   4.5636081E-04   1.7699793E-04
   1.5502700E+03   1.3310000E+03   8.8600000E+02   6.6790746E-04   7.5886182E-04
   1.5502775E+03   1.3590000E+03   9.1400000E+02   3.6677875E-04   4.9609678E-04
   1.5502850E+03   1.3800000E+03   9.3200000E+02   8.3403181E-04   1.2619306E-03
   1.5502926E+03   1.3910000E+03   9.0800000E+02   4.8560885E-04   2.2263442E-04
   1.5503001E+03   1.4100000E+03   9.2800000E+02   2.7324731E-04   3.7032331E-04
   1.5503076E+03   1.4300000E+03   9.3100000E+02   7.8345679E-04   4.9132303E-04
   1.5503151E+03   1.4550000E+03   9.2400000E+02   7.7106730E-04   1.0115563E-03
   1.5503227E+03   1.4890000E+03   9.4200000E+02   1.3697503E-04   9.1135424E-05
   1.5503302E+03   1.5190000E+03   9.6000000E+02   6.5799666E-04   7.6893326E-04
   1.5503377E+03   1.5000000E+03   9.4800000E+02   3.8284039E-04   7.7246487E-04
   1.5503453E+03   1.4520000E+03   8.8800000E+02   7.6664368E-04   1.0696619E-03
   1.5503528E+03   1.6060000E+03   9.9800000E+02   3.8617900E-04   4.1700087E-04
   1.5503603E+03   1.4480000E+03   8.8800000E+02   7.2219868E-05   1.0308998E-04
   1.5503678E+03   1.5490000E+03   9.6400000E+02   6.1700736E-04   3.7204844E-04
   1.5503754E+03   1.5510000E+03   9.2500000E+02   1.2510394E-03   1.4997487E-03
   1.5503829E+03   1.5120000E+03   9.4400000E+02   1.9612456E-04   3.1059029E-04
   1.5503904E+03   1.5190000E+03   8.9400000E+02   7.0621943E-04   1.0548727E-03
   1.5503980E+03   1.5960000E+03   9.7900000E+02   1.0568761E-03   6.7858794E-04
   1.5504055E+03   1.5910000E+03   9.5600000E+02   4.8535740E-04   6.7154304E-05
   1.5504130E+03   1.5600000E+03   9.6400000E+02   8.4514628E-04   3.8131317E-04
   1.5504205E+03   1.6450000E+03   9.8900000E+02   1.1288882E-04   1.7082457E-04
   1.5504281E+03   1.6100000E+03   9.1400000E+02   1.8664478E-04   3.7610798E-04
   1.5504356E+03   1.6530000E+03   9.7900000E+02   8.8962057E-04   1.4726424E-03
   1.5504431E+03   1.7430000E+03   1.0020000E+03   6.6987514E-05   6.6990294E-04
   1.5504507E+03   1.6900000E+03   9.9600000E+02   8.4246063E-04   4.7857382E-04
   1.5504582E+03   1.6470000E+03   9.8400000E+02   1.0924471E-03   1.2417599E-03
   1.5504657E+03   1.6500000E+03   9.3500000E+02   3.6384507E-04   9.4908360E-04
   1.5504732E+03   1.6730000E+03   9.6500000E+02   1.2667763E-03   2.1976996E-03
   1.5504808E+03   1.7300000E+03   9.9500000E+02   6.1125208E-04   1.1164424E-03
   1.5504883E+03   1.7040000E+03   9.8000000E+02   9.4150889E-04   8.0817164E-04
   1.5504958E+03   1.7060000E+03   9.8700000E+02   1.2870480E-03   5.6286211E-04
   1.5505034E+03   1.7200000E+03   9.9500000E+02   1.0701151E-03   1.4619351E-03
   1.5505109E+03   1.7140000E+03   9.8700000E+02   3.3695049E-04   2.7946261E-04
   1.5505184E+03   1.6670000E+03   9.2100000E+02   6.4684624E-04   6.6932748E-04
   1.5505259E+03   1.7080000E+03   1.0360000E+03   1.4116123E-03   1.0902854E-03
   1.5505335E+03   1.7290000E+03   9.9900000E+02   5.8299770E-04   1.8150098E-04
   1.5505410E+03   1.7150000E+03   1.0040000E+03   5.2225758E-04   8.9209001E-04
   1.5505485E+03   1.7430000E+03   9.9600000E+02   7.1835629E-04   1.4961365E-03
   1.5505561E+03   1.7220000E+03   9.6700000E+02   8.8166109E-04   1.2970029E-03
   1.5505636E+03   1.6820000E+03   1.0090000E+03   8.4752343E-04   9.1269581E-04
   1.5505711E+03   1.7560000E+03   9.8200000E+02   2.9944680E-04   5.3542211E-04
   1.5505786E+03   1.8030000E+03   1.0680000E+03   8.0947190E-04   1.5383577E-03
   1.5505862E+03   1.7960000E+03   1.0150000E+03   3.5319622E-04   1.8031571E-04
   1.5505937E+03   1.7320000E+03   9.9400000E+02   9.1535402E-04   1.4468173E-03
   1.5506012E+03   1.8300000E+03   1.0770000E+03   2.1838943E-04   2.6090264E-04
   1.5506087E+03   1.7920000E+03   1.0180000E+03   2.6754653E-04   4.7090848E-04
   1.5506163E+03   1.7270000E+03   1.0050000E+03   1.8552675E-04   3.1323703E-04
   1.5506238E+03   1.7580000E+03   1.0310000E+03   3.1349327E-04   2.0743890E-04
   1.5506313E+03   1.8360000E+03   1.0670000E+03   8.5917792E-04   4.4119230E-04
   1.5506389E+03   1.7910000E+03   9.9100000E+02   4.0324533E-04   9.5594374E-04
   1.5506464E+03   1.7400000E+03   1.0010000E+03   6.5851879E-04   7.5858584E-04
   1.5506539E+03   1.7700000E+03   1.0230000E+03   5.9014139E-04   1.0744786E-03
   1.5506614E+03   1.7930000E+03   1.0180000E+03   2.4409893E-04   9.2374631E-04
   1.5506690E+03   1.8270000E+03   1.0860000E+03   1.2873609E-03   1.5615900E-03
   1.5506765E+03   1.7820000E+03   1.0150000E+03   8.0427514E-04   1.3313755E-03
   1.5506840E+03   1.7350000E+03   1.0220000E+03   6.2232969E-04   1.0682119E-03
   1.5506916E+03   1.8330000E+03   1.0460000E+03   2.9453587E-04   6.1989147E-05
   1.5506991E+03   1.7590000E+03   9.9500000E+02   7.0082453E-04   1.2688944E-03
   1.5507066E+03   1.8530000E+03   1.0450000E+03   2.5437482E-04   5.6615018E-04
   1.5507141E+03   1.7890000E+03   1.0290000E+03   6.5771061E-04   8.0693134E-04
   1.5507217E+03   1.8120000E+03   1.0520000E+03   1.1930124E-04   2.2088864E-04
   1.5507292E+03   1.8560000E+03   1.0810000E+03   6.7202525E-04   1.3794036E-03
   1.5507367E+03   1.8080000E+03   1.0490000E+03   6.9260047E-05   3.9412144E-04
   1.5507443E+03   1.7860000E+03   1.0130000E+03   3.8232636E-04   7.9936140E-04
   1.5507518E+03   1.7970000E+03   1.0340000E+03   7.4645127E-04   8.1045812E-04
   1.5507593E+03   1.8000000E+03   1.0240000E+03   7.9865258E-04   7.1498421E-04
   1.5507668E+03   1.7780000E+03   1.0220000E+03   1.7045620E-04   8.9834109E-04
   1.5507744E+03   1.7870000E+03   1.0480000E+03   3.0151649E-04   5.6245056E-04
   1.5507819E+03   1.8220000E+03   1.0410000E+03   2.0656147E-04   4.1742542E-04
   1.5507894E+03   1.7900000E+03   1.0290000E+03   1.8669262E-04   5.7455736E-04
   1.5507970E+03   1.8340000E+03   1.0690000E+03   2.1791696E-04   2.1648381E-04
   1.5508045E+03   1.8090000E+03   1.0590000E+03   3.3870700E-04   7.5686900E-04
   1.5508120E+03   1.8080000E+03   1.0410000E+03   6.1503307E-04   7.7060533E-04
   1.5508195E+03   1.8610000E+03   1.0440000E+03   6.4595399E-04   7.8552791E-04
   1.5508271E+03   1.8510000E+03   1.0860000E+03   6.1875706E-04   1.2371145E-03
   1.5508346E+03   1.8410000E+03   1.0540000E+03   4.1559739E-04   7.8411304E-04
   1.5508421E+03   1.7990000E+03   1.0470000E+03   2.0844372E-04   7.0409318E-04
   1.5508497E+03   1.7860000E+03   1.0130000E+03   2.4342708E-04   5.3297567E-04
   1.5508572E+03   1.8280000E+03   1.0460000E+03   2.1701038E-04   1.0333235E-04
   1.5508647E+03   1.8750000E+03   1.1100000E+03   3.4485153E-04   4.8648360E-04
   1.5508722E+03   1.8260000E+03   1.0300000E+03   7.3210868E-04   1.4260879E-03
   1.5508798E+03   1.8740000E+03   1.1160000E+03   3.8761528E-04   2.7311774E-04
   1.5508873E+03   1.7990000E+03   1.0360000E+03   4.2777090E-04   5.0938003E-04
   1.5508948E+03   1.7980000E+03   1.0620000E+03   7.0544373E-04   1.1238362E-03
   1.5509024E+03   1.8220000E+03   1.0730000E+03   3.2974837E-04   1.4583879E-04
   1.5509099E+03   1.8020000E+03   1.0570000E+03   1.6424826E-04   1.9916688E-04
   1.5509174E+03   1.8240000E+03   1.0480000E+03   4.2655711E-04   3.7924983E-04
   1.5509249E+03   1.8050000E+03   1.0060000E+03   5.0558403E-04   7.1301576E-04
   1.5509325E+03   1.9160000E+03   1.1530000E+03   2.8050665E-04   4.5284831E-04
   1.5509400E+03   1.7790000E+03   1.0600000E+03   2.9213213E-04   4.9506351E-04
   1.5509475E+03   1.8810000E+03   1.1040000E+03   2.7305691E-04   2.3387147E-04
   1.5509551E+03   1.8930000E+03   1.0810000E+03   4.1785812E-04   8.1131573E-04
   1.5509626E+03   1.8460000E+03   1.0430000E+03   2.0028310E-04   5.3165689E-04
   1.5509701E+03   1.8370000E+03   1.0370000E+03   6.6956406E-04   9.6706208E-04
   1.5509776E+03   1.8670000E+03   1.0730000E+03   4.3163727E-04   4.5257864E-04
   1.5509852E+03   1.7540000E+03   1.0540000E+03   1.3960094E-04   7.0518909E-04
   1.5509927E+03   1.8500000E+03   1.0860000E+03   3.5259665E-04   3.8286952E-04
   1.5510002E+03   1.8260000E+03   1.0670000E+03   5.2500859E-05   1.5460595E-04
   1.5510078E+03   1.8460000E+03   1.0540000E+03   8.6484618E-05   2.3558641E-04
   1.5510153E+03   1.8680000E+03   1.0190000E+03   9.2501313E-05   5.9178157E-04
   1.5510228E+03   1.8090000E+03   1.0650000E+03   4.1000899E-04   7.4906933E-04
   1.5510303E+03   1.8270000E+03   1.0120000E+03   2.2382761E-04   2.7133610E-04
   1.5510379E+03   1.8480000E+03   1.0500000E+03   5.6997990E-04   7.7125018E-04
   1.5510454E+03   1.7510000E+03   9.9700000E+02   2.1512715E-04   3.4805767E-04
   1.5510529E+03   1.8540000E+03   1.0860000E+03   3.0075945E-04   5.1348518E-04
   1.5510604E+03   1.8250000E+03   1.0630000E+03   1.6427261E-04   2.4798938E-04
   1.5510680E+03   1.7800000E+03   1.0190000E+03   5.1484921E-05   8.9973351E-05
   1.5510755E+03   1.8360000E+03   1.0210000E+03   2.6275520E-04   3.3026895E-04
   1.5510830E+03   1.8600000E+03   1.0950000E+03   3.1840622E-04   3.1770049E-04
   1.5510906E+03   1.8730000E+03   1.1040000E+03   1.3934803E-04   3.7156735E-04
   1.5510981E+03   1.7400000E+03   1.0290000E+03   3.0852333E-04   4.9796610E-04
   1.5511056E+03   1.8450000E+03   1.0640000E+03   3.6251298E-04   7.1640239E-04
   1.5511131E+03   1.8830000E+03   1.0860000E+03   2.1264103E-04   4.0687643E-04
   1.5511207E+03   1.8710000E+03   1.1250000E+03   1.5676500E-04   3.5094190E-04
   1.5511282E+03   1.8490000E+03   1.0630000E+03   2.6233192E-04   4.5625506E-04
   1.5511357E+03   1.8970000E+03   1.1130000E+03   5.2381807E-04   6.2776904E-04
   1.5511433E+03   1.8000000E+03   1.0540000E+03   3.4962008E-04   5.9684946E-04
   1.5511508E+03   1.8730000E+03   1.0830000E+03   2.5737796E-04   2.0505903E-04
   1.5511583E+03   1.8250000E+03   1.0500000E+03   4.0352603E-04   5.2330897E-04
   1.5511658E+03   1.7890000E+03   1.0220000E+03   1.3619153E-04   2.3842677E-04
   1.5511734E+03   1.7640000E+03   1.0180000E+03   5.8021475E-04   1.0052954E-03
   1.5511809E+03   1.9190000E+03   1.0900000E+03   4.9377152E-04   7.2544909E-04
   1.5511884E+03   1.8380000E+03   1.0850000E+03   2.5717422E-04   4.3568794E-04
   1.5511960E+03   1.7950000E+03   1.0210000E+03   6.6158439E-06   1.1619484E-05
   1.5512035E+03   1.8310000E+03   1.0430000E+03   1.7748235E-04   3.1152732E-04
   1.5512110E+03   1.8110000E+03   1.0320000E+03   7.3587353E-06   1.2911847E-05
   1.5512185E+03   1.8020000E+03   1.0250000E+03   2.6195311E-04   4.3205135E-04
   1.5512261E+03   1.7790000E+03   9.8900000E+02   3.4892939E-04   6.2763868E-04
   1.5512336E+03   1.7870000E+03   1.0180000E+03   2.3775351E-04   4.1730124E-04
   1.5512411E+03   1.8890000E+03   1.0540000E+03   3.3387854E-04   4.4756874E-04
   1.5512487E+03   1.8110000E+03   1.0310000E+03   6.6146855E-04   5.1660150E-04
   1.5512562E+03   1.8170000E+03   1.0420000E+03   1.7588011E-04   4.6406858E-06
   1.5512637E+03   1.7770000E+03   1.0210000E+03   1.8330127E-04   3.1849461E-04
   1.5512712E+03   1.8080000E+03   1.0450000E+03   1.3315518E-04   2.3036521E-04
   1.5512788E+03   1.8130000E+03   9.6300000E+02   2.7567035E-04   8.5040204E-07
   1.5512863E+03   1.7790000E+03   1.0200000E+03   9.2484665E-05   1.6128504E-04
   1.5512938E+03   1.8170000E+03   1.0220000E+03   1.3626776E-04   2.4224455E-04
   1.5513014E+03   1.7950000E+03   1.0160000E+03   4.0902392E-04   4.8066964E-04
   1.5513089E+03   1.7970000E+03   1.0060000E+03   1.0320518E-04   1.8431063E-04
   1.5513164E+03   1.8230000E+03   1.0090000E+03   2.7307344E-04   4.1855253E-04
   1.5513239E+03   1.7370000E+03   9.3900000E+02   2.6237474E-04   4.8551195E-04
   1.5513315E+03   1.7990000E+03   9.9400000E+02   2.4462394E-04   4.4268525E-04
   1.5513390E+03   1.8590000E+03   1.0270000E+03   9.0032241E-07   1.5957620E-06
   1.5513465E+03   1.6640000E+03   9.4800000E+02   2.4587864E-04   4.8723867E-05
   1.5513541E+03   1.8340000E+03   1.0030000E+03   2.3265390E-04   9.7966701E-06
   1.5513616E+03   1.7560000E+03   9.6500000E+02   1.1018250E-05   1.9963322E-05
   1.5513691E+03   1.6770000E+03   9.4900000E+02   1.7600211E-04   1.3805999E-05
   1.5513766E+03   1.8110000E+03   1.0080000E+03   2.3372481E-04   4.1997438E-04
   1.5513842E+03   1.7510000E+03   9.6600000E+02   1.7035100E-04   1.7373768E-05
   1.5513917E+03   1.7740000E+03   9.6000000E+02   1.0463781E-04   1.9330521E-04
   1.5513992E+03   1.7490000E+03   9.7300000E+02   1.5440947E-04   5.2947257E-04
   1.5514068E+03   1.7490000E+03   9.7600000E+02   1.5272397E-04   6.2470655E-06
   1.5514143E+03   1.7870000E+03   9.7300000E+02   2.5563140E-04   4.6950069E-04
   1.5514218E+03   1.7110000E+03   9.1800000E+02   1.7907124E-04   1.5095297E-05
   1.5514293E+03   1.7310000E+03   9.3900000E+02   4.7331722E-06   8.8320764E-06
   1.5514369E+03   1.7390000E+03   9.8300000E+02   7.9065405E-06   1.3767311E-05
   1.5514444E+03   1.6580000E+03   9.3200000E+02   3.7172056E-06   6.7689078E-06
   1.5514519E+03   1.8110000E+03   9.6900000E+02   8.2396107E-07   1.6235078E-06
   1.5514595E+03   1.7690000E+03   9.4500000E+02   2.3200595E-06   4.5138685E-06
   1.5514670E+03   1.7300000E+03   9.4600000E+02   2.3879964E-06   4.3938532E-06
   1.5514745E+03   1.7210000E+03   9.4400000E+02   3.8798933E-07   7.2501022E-07
   1.5514820E+03   1.7310000E+03   9.4700000E+02   1.0103960E-05   1.8166563E-05
   1.5514896E+03   1.7180000E+03   9.4400000E+02   1.7222475E-06   3.1921201E-06
   1.5514971E+03   1.7550000E+03   9.4500000E+02   3.5971990E-06   6.4593745E-06
   1.5515046E+03   1.7030000E+03   9.3400000E+02   1.1330643E-04   2.0659513E-04
   1.5515122E+03   1.6950000E+03   8.8200000E+02   1.1343451E-05   2.1745057E-05
   1.5515197E+03   1.6650000E+03   8.8700000E+02   5.1156268E-05   9.6025091E-05
   1.5515272E+03   1.7850000E+03   9.5400000E+02   6.1614776E-07   1.0404081E-06
   1.5515347E+03   1.7160000E+03   9.5600000E+02   2.3637151E-06   4.3366416E-06
   1.5515423E+03   1.6540000E+03   8.4500000E+02   2.1668884E-06   4.0762735E-06
   1.5515498E+03   1.6910000E+03   8.6700000E+02   3.8039108E-06   7.3079821E-06
   1.5515573E+03   1.6490000E+03   8.6800000E+02   1.1053755E-05   2.0985984E-05
   1.5515648E+03   1.6080000E+03   8.5400000E+02   3.5640836E-06   6.6552230E-06
   1.5515724E+03   1.6990000E+03   9.0000000E+02   2.6574106E-05   5.0114905E-05
   1.5515799E+03   1.7070000E+03   9.0100000E+02   4.7207952E-06   1.0382349E-05
   1.5515874E+03   1.7150000E+03   9.2900000E+02   7.0115481E-07   1.5824123E-06
   1.5515950E+03   1.6540000E+03   8.7100000E+02   7.0255916E-05   1.3340275E-04
   1.5516025E+03   1.6430000E+03   8.9700000E+02   1.8806448E-06   3.2201351E-06
   1.5516100E+03   1.7120000E+03   8.9700000E+02   9.4205220E-07   1.8856673E-06
   1.5516175E+03   1.6300000E+03   8.7300000E+02   1.6986884E-05   3.3651740E-05
   1.5516251E+03   1.6500000E+03   8.4600000E+02   1.1502684E-05   2.3463093E-05
   1.5516326E+03   1.6210000E+03   8.6400000E+02   1.9559921E-06   3.6362430E-06
   1.5516401E+03   1.5500000E+03   7.9200000E+02   6.3010201E-06   1.2299650E-05
   1.5516477E+03   1.6900000E+03   8.4600000E+02   3.1043560E-06   6.6641368E-06
   1.5516552E+03   1.6570000E+03   8.7400000E+02   1.2728904E-05   2.4147411E-05
   1.5516627E+03   1.5080000E+03   7.8800000E+02   6.0339986E-05   1.1544642E-04
   1.5516702E+03   1.6160000E+03   8.5300000E+02   4.0101928E-06   6.8785061E-06
   1.5516778E+03   1.6090000E+03   8.6500000E+02   3.3854775E-05   6.2841199E-05
   1.5516853E+03   1.5890000E+03   7.9800000E+02   9.6013300E-06   1.8546326E-05
   1.5516928E+03   1.5540000E+03   7.7800000E+02   6.1685521E-06   8.0150976E-06
   1.5517004E+03   1.6160000E+03   8.5300000E+02   1.6344276E-05   3.1033127E-05
   1.5517079E+03   1.6320000E+03   8.0600000E+02   9.4768951E-06   1.8295151E-05
   1.5517154E+03   1.6600000E+03   8.5400000E+02   1.5139933E-05   2.9210170E-05
   1.5517229E+03   1.6170000E+03   8.0500000E+02   1.7136489E-06   3.3433534E-06
   1.5517305E+03   1.5470000E+03   7.8300000E+02   3.0057429E-06   5.9613873E-06
   1.5517380E+03   1.5290000E+03   7.8800000E+02   1.7064361E-06   3.2178789E-06
   1.5517455E+03   1.5800000E+03   8.0500000E+02   2.2507347E-05   4.4095306E-05
   1.5517531E+03   1.6100000E+03   8.0600000E+02   4.6171235E-07   4.0110713E-07
   1.5517606E+03   1.5260000E+03   7.8000000E+02   7.0616512E-07   1.2229766E-06
   1.5517681E+03   1.5940000E+03   7.3800000E+02   4.7444810E-06   9.7924768E-06
   1.5517756E+03   1.6550000E+03   8.4100000E+02   2.2068400E-05   4.2707911E-05
   1.5517832E+03   1.5530000E+03   7.8600000E+02   2.4568239E-06   4.8099630E-06
   1.5517907E+03   1.5110000E+03   7.7300000E+02   2.6230558E-05   5.1228651E-05
   1.5517982E+03   1.6050000E+03   8.2900000E+02   8.5519305E-06   1.6592877E-05
   1.5518058E+03   1.5740000E+03   7.9500000E+02   3.8308812E-05   7.5445251E-05
   1.5518133E+03   1.5290000E+03   7.2300000E+02   1.8934005E-06   3.3829504E-06
   1.5518208E+03   1.4930000E+03   7.1400000E+02   1.3700269E-05   8.2571573E-06
   1.5518283E+03   1.5380000E+03   7.5000000E+02   1.1118596E-05   2.1365480E-05
   1.5518359E+03   1.5030000E+03   7.6800000E+02   2.0955991E-06   4.0902343E-06
   1.5518434E+03   1.5670000E+03   7.9800000E+02   1.1486491E-05   2.2580122E-05
   1.5518509E+03   1.4580000E+03   7.0400000E+02   9.0524122E-07   2.4010407E-06
   1.5518585E+03   1.5510000E+03   7.5500000E+02   2.1710248E-06   4.8202932E-06
   1.5518660E+03   1.5140000E+03   7.3600000E+02   4.0611737E-06   8.4555329E-06
   1.5518735E+03   1.5100000E+03   7.2500000E+02   3.5962274E-06   7.4759345E-06
   1.5518810E+03   1.4680000E+03   7.2700000E+02   3.7865578E-06   7.7818766E-06
   1.5518886E+03   1.4110000E+03   6.5600000E+02   1.3636892E-06   2.7935765E-06
   1.5518961E+03   1.5220000E+03   7.4600000E+02   2.2628038E-05   4.6169552E-05
   1.5519036E+03   1.5710000E+03   7.5800000E+02   7.8575609E-05   1.6377095E-04
   1.5519112E+03   1.4770000E+03   6.7700000E+02   6.4431310E-07   1.2216983E-06
   1.5519187E+03   1.5260000E+03   7.2700000E+02   1.1198639E-05   2.3683980E-05
   1.5519262E+03   1.4930000E+03   7.2200000E+02   8.0637355E-06   1.6612422E-05
   1.5519337E+03   1.4290000E+03   6.9100000E+02   1.2190929E-06   3.0837321E-06
   1.5519413E+03   1.5120000E+03   7.6300000E+02   1.1088150E-04   2.1996292E-04
   1.5519488E+03   1.5330000E+03   7.2300000E+02   9.0540787E-06   1.8873132E-05
   1.5519563E+03   1.4620000E+03   7.0700000E+02   1.5598751E-07   5.1063788E-07
   1.5519638E+03   1.4070000E+03   6.4300000E+02   2.8829358E-06   6.7290133E-06
   1.5519714E+03   1.3920000E+03   6.4200000E+02   7.8325957E-06   1.6909126E-05
   1.5519789E+03   1.4870000E+03   7.0200000E+02   1.7207068E-05   3.6605512E-05
   1.5519864E+03   1.4010000E+03   6.7000000E+02   1.7860724E-06   3.4950261E-06
   1.5519940E+03   1.4410000E+03   6.8700000E+02   1.4500746E-05   3.0070167E-05
   1.5520015E+03   1.4540000E+03   6.8200000E+02   7.0343350E-06   1.5024473E-05
   1.5520090E+03   1.5060000E+03   6.6900000E+02   3.5170603E-04   7.9168333E-04
   1.5520165E+03   1.4150000E+03   6.6700000E+02   4.9415809E-05   1.0491883E-04
   1.5520241E+03   1.4260000E+03   6.9900000E+02   6.9246840E-05   1.4133192E-04
   1.5520316E+03   1.3840000E+03   6.2400000E+02   4.0374749E-06   8.9111170E-06
   1.5520391E+03   1.4040000E+03   6.7100000E+02   2.6775916E-06   5.3852249E-06
   1.5520467E+03   1.4290000E+03   6.6000000E+02   1.1771272E-05   2.6110236E-05
   1.5520542E+03   1.4490000E+03   6.5700000E+02   4.7779836E-05   1.0542176E-04
   1.5520617E+03   1.4210000E+03   6.5700000E+02   5.2416442E-07   9.9705524E-07
   1.5520692E+03   1.4620000E+03   6.5400000E+02   2.2611388E-06   5.1331748E-06
   1.5520768E+03   1.4010000E+03   6.4300000E+02   9.5527674E-05   2.0804567E-04
   1.5520843E+03   1.4540000E+03   6.8000000E+02   2.2047576E-05   4.7094082E-05
   1.5520918E+03   1.4580000E+03   6.6700000E+02   9.6460215E-07   2.1824597E-06
   1.5520994E+03   1.3700000E+03   6.0800000E+02   3.1974450E-06   7.2353124E-06
   1.5521069E+03   1.3950000E+03   6.1300000E+02   1.7246897E-06   4.0015228E-06
   1.5521144E+03   1.4400000E+03   6.0500000E+02   1.7890577E-06   4.9017435E-06
   1.5521219E+03   1.3190000E+03   5.8600000E+02   2.0963305E-06   4.7162300E-06
   1.5521295E+03   1.3770000E+03   6.2100000E+02   1.3089614E-06   3.1131531E-06
   1.5521370E+03   1.3370000E+03   5.9800000E+02   1.9827990E-05   4.4189644E-05
   1.5521445E+03   1.3530000E+03   5.9400000E+02   1.1060543E-05   2.4980722E-05
   1.5521521E+03   1.3890000E+03   6.1700000E+02   2.9679782E-06   6.5555923E-06
   1.5521596E+03   1.3270000E+03   5.9100000E+02   2.5886193E-06   5.9578165E-06
   1.5521671E+03   1.3790000E+03   5.6700000E+02   1.1272083E-06   2.7770329E-06
   1.5521746E+03   1.3520000E+03   5.7200000E+02   2.6739342E-05   6.3375846E-05
   1.5521822E+03   1.4230000E+03   6.4800000E+02   1.3149094E-05   3.0743519E-05
   1.5521897E+03   1.2910000E+03   5.9100000E+02   2.2092238E-04   4.8239701E-04
   1.5521972E+03   1.3390000E+03   5.9800000E+02   8.3728544E-05   1.8788955E-04
   1.5522048E+03   1.3610000E+03   5.5300000E+02   1.1018199E-05   2.7359572E-05
   1.5522123E+03   1.3800000E+03   5.6600000E+02   6.7452508E-06   1.6893466E-05
   1.5522198E+03   1.2940000E+03   5.4500000E+02   8.9054509E-06   2.1198344E-05
   1.5522273E+03   1.3480000E+03   5.6700000E+02   7.7496241E-06   1.8562762E-05
   1.5522349E+03   1.3070000E+03   5.7300000E+02   9.2079911E-05   2.1004978E-04
   1.5522424E+03   1.3930000E+03   5.7800000E+02   2.6004511E-05   6.3147991E-05
   1.5522499E+03   1.3150000E+03   5.6600000E+02   1.9785656E-06   4.4157382E-06
   1.5522575E+03   1.2300000E+03   5.0200000E+02   4.3752323E-04   1.0719743E-03
   1.5522650E+03   1.3060000E+03   5.5000000E+02   1.3273697E-05   3.0697350E-05
   1.5522725E+03   1.3080000E+03   5.4700000E+02   2.3704717E-06   5.6714079E-06
   1.5522800E+03   1.3190000E+03   5.5200000E+02   5.4628681E-06   1.2978879E-05
   1.5522876E+03   1.3130000E+03   5.2900000E+02   3.0516015E-06   8.5102633E-06
   1.5522951E+03   1.2420000E+03   5.2300000E+02   9.3897970E-07   2.1477815E-06
   1.5523026E+03   1.2490000E+03   5.4400000E+02   1.3465194E-05   3.1674275E-05
   1.5523102E+03   1.2960000E+03   5.4500000E+02   8.0635516E-07   1.7699177E-06
   1.5523177E+03   1.2760000E+03   5.2900000E+02   3.4514929E-06   8.4243817E-06
   1.5523252E+03   1.2510000E+03   4.9500000E+02   1.2581947E-06   3.1357319E-06
   1.5523327E+03   1.2870000E+03   5.0800000E+02   9.3424175E-07   2.3469373E-06
   1.5523403E+03   1.2880000E+03   5.3500000E+02   2.2381742E-06   5.1402650E-06
   1.5523478E+03   1.3110000E+03   5.1100000E+02   1.4714716E-05   4.1043327E-05
   1.5523553E+03   1.2540000E+03   4.8800000E+02   3.0021765E-06   7.6726919E-06
   1.5523629E+03   1.3280000E+03   5.4400000E+02   1.5315602E-06   4.1291108E-06
   1.5523704E+03   1.3000000E+03   4.9800000E+02   9.2521753E-06   2.3787131E-05
   1.5523779E+03   1.3000000E+03   5.3300000E+02   6.1751448E-06   1.5168624E-05
   1.5523854E+03   1.2420000E+03   4.6700000E+02   1.1624624E-04   3.0914931E-04
   1.5523930E+03   1.2730000E+03   5.2000000E+02   3.1249459E-05   7.6366980E-05
   1.5524005E+03   1.2240000E+03   4.5100000E+02   6.9812468E-06   1.9038736E-05
   1.5524080E+03   1.2460000E+03   5.1300000E+02   1.0010064E-06   2.5429894E-06
   1.5524155E+03   1.2560000E+03   4.7800000E+02   3.1480900E-06   8.1935834E-06
   1.5524231E+03   1.2590000E+03   4.9200000E+02   7.9920953E-05   2.0450624E-04
   1.5524306E+03   1.2230000E+03   5.1600000E+02   4.7545391E-07   1.2425420E-06
   1.5524381E+03   1.2390000E+03   4.7500000E+02   4.6839915E-06   1.2481125E-05
   1.5524457E+03   1.2800000E+03   4.9400000E+02   2.5294487E-06   6.7226502E-06
   1.5524532E+03   1.2410000E+03   4.8000000E+02   5.0540210E-07   1.2579486E-06
   1.5524607E+03   1.2660000E+03   5.2200000E+02   9.5836802E-07   2.5314360E-06
   1.5524682E+03   1.2380000E+03   4.7800000E+02   8.1012521E-06   2.1690758E-05
   1.5524758E+03   1.2710000E+03   4.9000000E+02   3.2769264E-06   8.4766225E-06
   1.5524833E+03   1.3100000E+03   4.6900000E+02   6.4675799E-06   1.8363266E-05
   1.5524908E+03   1.2460000E+03   4.8000000E+02   2.0461570E-04   5.3105855E-04
   1.5524984E+03   1.2680000E+03   5.1300000E+02   1.5139757E-06   3.4526919E-06
   1.5525059E+03   1.2640000E+03   4.9500000E+02   8.8793568E-07   2.4857499E-06
   1.5525134E+03   1.1650000E+03   4.1500000E+02   1.8301183E-05   5.1669601E-05
   1.5525209E+03   1.2010000E+03   4.2200000E+02   1.0560236E-06   2.7740984E-06
   1.5525285E+03   1.2150000E+03   4.4900000E+02   6.4842364E-06   1.7517828E-05
   1.5525360E+03   1.2180000E+03   4.3000000E+02   9.6332549E-07   2.7089113E-06
   1.5525435E+03   1.2550000E+03   4.6500000E+02   5.6585556E-07   1.5125457E-06
   1.5525511E+03   1.2160000E+03   4.2800000E+02   4.1057159E-06   1.1089862E-05
   1.5525586E+03   1.1400000E+03   4.1900000E+02   2.2452739E-06   6.1510844E-06
   1.5525661E+03   1.3200000E+03   4.9200000E+02   1.6426253E-04   4.4051456E-04
   1.5525736E+03   1.2580000E+03   4.7000000E+02   2.6893606E-06   8.4634112E-06
   1.5525812E+03   1.2340000E+03   4.3800000E+02   2.9990420E-04   8.4453006E-04
   1.5525887E+03   1.1350000E+03   4.2300000E+02   8.7238119E-06   2.3465209E-05
   1.5525962E+03   1.1740000E+03   4.3200000E+02   5.5500791E-06   1.5308305E-05
   1.5526038E+03   1.1750000E+03   3.8500000E+02   4.8715666E-04   1.4868020E-03
   1.5526113E+03   1.1560000E+03   3.9400000E+02   2.7602565E-06   8.0914255E-06
   1.5526188E+03   1.1640000E+03   4.2900000E+02   1.5173266E-06   4.1931844E-06
   1.5526263E+03   1.1050000E+03   3.8800000E+02   1.4600213E-05   4.1519211E-05
   1.5526339E+03   1.1870000E+03   4.2400000E+02   2.0234441E-06   5.7712124E-06
   1.5526414E+03   1.1250000E+03   3.9300000E+02   2.2816454E-06   6.4802023E-06
   1.5526489E+03   1.1680000E+03   3.9300000E+02   7.7677761E-07   1.8554392E-06
   1.5526565E+03   1.1660000E+03   4.0800000E+02   2.8939264E-06   7.9170747E-06
   1.5526640E+03   1.1900000E+03   4.1600000E+02   4.7268739E-05   1.3528032E-04
   1.5526715E+03   1.1490000E+03   4.0300000E+02   7.3377751E-07   2.2032014E-06
   1.5526790E+03   1.1880000E+03   4.2100000E+02   3.5363264E-05   1.0004815E-04
   1.5526866E+03   1.1540000E+03   4.0400000E+02   2.0221765E-06   5.5748245E-06
   1.5526941E+03   1.1000000E+03   3.5900000E+02   1.2437568E-06   3.9793284E-06
   1.5527016E+03   1.1280000E+03   3.6800000E+02   3.7158902E-06   1.1672680E-05
   1.5527092E+03   1.1600000E+03   4.0000000E+02   3.6713207E-06   1.0593851E-05
   1.5527167E+03   1.1650000E+03   3.8500000E+02   1.0394201E-06   3.3368104E-06
   1.5527242E+03   1.1250000E+03   3.7800000E+02   6.0355945E-06   1.8150920E-05
   1.5527317E+03   1.1710000E+03   3.9300000E+02   3.3259430E-06   9.7166873E-06
   1.5527393E+03   1.1390000E+03   3.6600000E+02   7.7930016E-06   2.3458598E-05
   1.5527468E+03   1.0960000E+03   3.2900000E+02   1.9677051E-05   6.5734485E-05
   1.5527543E+03   1.1260000E+03   3.5600000E+02   5.6846812E-07   1.8172187E-06
   1.5527619E+03   1.0930000E+03   3.3900000E+02   6.5704177E-04   2.1183812E-03
   1.5527694E+03   1.1850000E+03   3.7900000E+02   8.2218934E-06   2.4462871E-05
   1.5527769E+03   1.0790000E+03   3.6200000E+02   1.2167338E-06   3.7849369E-06
   1.5527844E+03   1.1450000E+03   3.7500000E+02   2.2004063E-06   6.4327855E-06
   1.5527920E+03   1.1290000E+03   3.6000000E+02   3.5723489E-06   1.0914292E-05
   1.5527995E+03   1.0760000E+03   3.3000000E+02   6.7944769E-06   2.2150827E-05
   1.5528070E+03   1.1120000E+03   3.4100000E+02   2.1248969E-06   6.8477248E-06
   1.5528146E+03   1.1270000E+03   3.6700000E+02   2.4325504E-04   7.4762050E-04
   1.5528221E+03   1.1520000E+03   3.4000000E+02   3.2686257E-06   1.1223096E-05
   1.5528296E+03   1.0860000E+03   3.1000000E+02   1.1700436E-05   4.1327672E-05
   1.5528371E+03   1.0430000E+03   3.1200000E+02   9.3103827E-07   3.1435433E-06
   1.5528447E+03   1.0780000E+03   3.1300000E+02   2.0797054E-05   7.1526219E-05
   1.5528522E+03   1.0420000E+03   3.0400000E+02   6.3453915E-07   2.1218513E-06
   1.5528597E+03   1.0910000E+03   3.3700000E+02   1.9166121E-06   6.2468199E-06
   1.5528673E+03   1.1190000E+03   3.4100000E+02   1.4934480E-06   5.3026542E-06
   1.5528748E+03   1.0520000E+03   2.7700000E+02   1.4134633E-06   5.4870552E-06
   1.5528823E+03   1.1170000E+03   3.1700000E+02   1.0994016E-06   3.8035385E-06
   1.5528898E+03   1.0700000E+03   3.1100000E+02   2.7249109E-06   9.9001783E-06
   1.5528974E+03   1.0470000E+03   2.9600000E+02   9.2126607E-06   3.2610623E-05
   1.5529049E+03   1.0950000E+03   3.2300000E+02   1.0277648E-06   3.6315508E-06
   1.5529124E+03   1.0790000E+03   3.2400000E+02   2.5900627E-06   8.6272300E-06
   1.5529199E+03   1.0950000E+03   2.8800000E+02   6.2003879E-07   1.8479160E-06
   1.5529275E+03   1.1050000E+03   2.9600000E+02   6.7401313E-07   2.4941423E-06
   1.5529350E+03   1.0310000E+03   3.1700000E+02   1.4457165E-06   4.5394584E-06
   1.5529425E+03   9.9500000E+02   2.7000000E+02   5.0911953E-06   1.8729254E-05
   1.5529501E+03   1.1030000E+03   3.1200000E+02   9.3210790E-07   3.2938858E-06
   1.5529576E+03   1.0470000E+03   3.1100000E+02   5.6087444E-06   1.8869280E-05
   1.5529651E+03   1.0800000E+03   3.1200000E+02   1.2456475E-06   4.0178283E-06
   1.5529726E+03   1.0610000E+03   2.8200000E+02   7.2476197E-07   2.6938234E-06
   1.5529802E+03   1.0800000E+03   2.7000000E+02   1.3081341E-06   5.2424559E-06
   1.5529877E+03   1.0350000E+03   2.6900000E+02   8.5010040E-07   3.2475436E-06
   1.5529952E+03   1.0950000E+03   2.9200000E+02   3.6706207E-06   1.3792071E-05
   1.5530028E+03   1.0610000E+03   3.2500000E+02   2.0713524E-06   6.7162956E-06
   1.5530103E+03   1.0550000E+03   2.7600000E+02   3.4299019E-06   1.3668655E-05
   1.5530178E+03   1.0080000E+03   2.4700000E+02   6.6488806E-07   3.2757614E-06
   1.5530253E+03   1.0170000E+03   2.4100000E+02   4.4433963E-06   1.8712211E-05
   1.5530329E+03   9.8000000E+02   2.2900000E+02   1.5045472E-06   6.9800649E-06
   1.5530404E+03   9.7300000E+02   2.5000000E+02   1.7639953E-06   6.9445659E-06
   1.5530479E+03   1.0140000E+03   2.7800000E+02   8.9699063E-07   3.3985333E-06
   1.5530555E+03   1.0660000E+03   2.7600000E+02   5.1718171E-06   1.9811778E-05
   1.5530630E+03   1.0470000E+03   2.4600000E+02   9.9828037E-07   4.1566361E-06
   1.5530705E+03   1.0340000E+03   2.5000000E+02   4.7616191E-05   1.9671784E-04
   1.5530780E+03   1.0440000E+03   2.7700000E+02   4.8473877E-07   1.8482628E-06
   1.5530856E+03   1.0140000E+03   2.5700000E+02   1.0355050E-05   4.0880798E-05
   1.5530931E+03   1.0440000E+03   2.7900000E+02   2.7058629E-04   1.0126314E-03
   1.5531006E+03   9.8200000E+02   2.4200000E+02   1.2310006E-06   5.0117294E-06
   1.5531082E+03   9.6600000E+02   2.4600000E+02   7.2661007E-05   2.8532354E-04
   1.5531157E+03   1.0160000E+03   2.4000000E+02   7.4643037E-06   3.1687025E-05
   1.5531232E+03   9.8500000E+02   2.3200000E+02   3.0223862E-06   1.2809169E-05
   1.5531307E+03   9.4600000E+02   2.2000000E+02   1.5681237E-04   1.2379630E-04
   1.5531383E+03   9.8300000E+02   2.1800000E+02   1.0807803E-06   4.7983081E-06
   1.5531458E+03   9.6300000E+02   2.2800000E+02   1.8157210E-06   7.6734503E-06
   1.5531533E+03   9.3200000E+02   1.9700000E+02   1.7794833E-06   2.9830662E-06
   1.5531609E+03   9.9800000E+02   2.3200000E+02   5.4584990E-06   2.3347463E-05
   1.5531684E+03   9.7200000E+02   2.3000000E+02   9.8496815E-07   3.0991643E-06
   1.5531759E+03   9.7500000E+02   2.0000000E+02   5.7534198E-07   2.7994124E-06
   1.5531834E+03   9.7100000E+02   2.2000000E+02   5.7204040E-06   2.5183196E-05
   1.5531910E+03   1.0010000E+03   2.2200000E+02   5.5409179E-07   2.4150397E-06
   1.5531985E+03   9.9000000E+02   2.2400000E+02   6.6818056E-07   3.0116581E-06
   1.5532060E+03   9.7800000E+02   1.8900000E+02   2.5958878E-05   1.3447930E-04
   1.5532136E+03   9.8200000E+02   1.9300000E+02   1.5699763E-06   8.3718376E-06
   1.5532211E+03   9.8500000E+02   2.0200000E+02   4.4119833E-07   2.1979376E-06
   1.5532286E+03   9.7400000E+02   1.8300000E+02   3.2564536E-07   1.6459898E-06
   1.5532361E+03   9.6300000E+02   1.7700000E+02   1.6408208E-07   7.6163244E-07
   1.5532437E+03   9.8200000E+02   1.9700000E+02   7.9560271E-07   4.1350807E-06
   1.5532512E+03   8.9900000E+02   1.7400000E+02   6.8452795E-06   2.5999568E-05
   1.5532587E+03   9.1800000E+02   1.8600000E+02   2.2450184E-07   1.1953558E-06
   1.5532663E+03   9.3000000E+02   1.7200000E+02   3.0291174E-07   1.5797468E-06
   1.5532738E+03   9.0100000E+02   1.8000000E+02   1.8501103E-06   9.3634029E-06
   1.5532813E+03   9.4700000E+02   1.8000000E+02   1.0250066E-04   5.3940056E-04
   1.5532888E+03   9.2000000E+02   1.9300000E+02   7.7974603E-07   3.8946849E-06
   1.5532964E+03   8.9500000E+02   1.6000000E+02   1.1259147E-06   6.7155140E-06
   1.5533039E+03   9.2400000E+02   1.7200000E+02   3.6212089E-06   1.2289134E-05
   1.5533114E+03   8.8200000E+02   1.6400000E+02   1.7914590E-06   9.6615349E-06
   1.5533189E+03   8.9300000E+02   1.6200000E+02   7.3784899E-07   4.1197708E-06
   1.5533265E+03   9.0900000E+02   1.5600000E+02   1.6247895E-06   9.5821777E-06
   1.5533340E+03   9.5500000E+02   1.4700000E+02   3.4800281E-07   2.0324185E-06
   1.5533415E+03   8.9900000E+02   1.5700000E+02   3.0757337E-06   1.7717167E-05
   1.5533491E+03   8.9800000E+02   1.4300000E+02   5.9092052E-07   3.8181616E-06
   1.5533566E+03   9.1200000E+02   1.2000000E+02   1.5923552E-06   1.1824145E-05
   1.5533641E+03   9.2600000E+02   1.4900000E+02   5.4915809E-07   3.5521108E-06
   1.5533716E+03   8.7400000E+02   1.4700000E+02   4.9913203E-06   2.9404096E-05
   1.5533792E+03   9.1000000E+02   1.4000000E+02   2.2946717E-06   1.4929660E-05
   1.5533867E+03   8.4400000E+02   1.2800000E+02   2.9064649E-06   1.8214776E-05
   1.5533942E+03   8.7800000E+02   1.4200000E+02   7.1876475E-07   2.8972005E-06
   1.5534018E+03   8.9800000E+02   1.4800000E+02   4.3772860E-07   2.5760074E-06
   1.5534093E+03   8.8600000E+02   1.2900000E+02   4.3941149E-06   3.1082215E-05
   1.5534168E+03   9.2100000E+02   1.3000000E+02   1.9163978E-06   8.9271708E-06
   1.5534243E+03   8.6500000E+02   1.4500000E+02   1.6387740E-06   9.8772460E-06
   1.5534319E+03   8.4800000E+02   1.1300000E+02   2.3523174E-06   1.7453842E-05
   1.5534394E+03   8.7700000E+02   1.3700000E+02   1.3008298E-06   8.3647185E-06
   1.5534469E+03   9.4300000E+02   1.2600000E+02   1.1243398E-06   8.4388663E-06
   1.5534545E+03   8.6100000E+02   1.1200000E+02   9.6340635E-07   7.4960911E-06
   1.5534620E+03   8.8400000E+02   1.2300000E+02   8.7360146E-07   6.4630603E-06
   1.5534695E+03   8.7400000E+02   1.2800000E+02   4.5590523E-07   3.1604617E-06
   1.5534770E+03   8.6900000E+02   1.1500000E+02   1.2430505E-06   9.2049620E-06
   1.5534846E+03   8.4500000E+02   7.9000000E+01   2.2734581E-06   2.4313708E-05
   1.5534921E+03   8.2500000E+02   8.7000000E+01   7.3909249E-06   6.9574843E-05
   1.5534996E+03   9.2600000E+02   1.1900000E+02   7.0357190E-07   5.3573222E-06
   1.5535072E+03   8.3400000E+02   9.2000000E+01   8.7154812E-07   6.7032434E-06
   1.5535147E+03   8.3200000E+02   9.5000000E+01   2.4793576E-07   2.5374507E-06
   1.5535222E+03   7.8000000E+02   1.0000000E+02   3.3378567E-07   2.7867149E-06
   1.5535297E+03   8.6000000E+02   1.0300000E+02   6.3468409E-06   5.3124512E-05
   1.5535373E+03   8.5900000E+02   1.0100000E+02   1.4424816E-07   1.3160782E-06
   1.5535448E+03   8.4300000E+02   9.1000000E+01   1.0127172E-06   9.1200789E-06
   1.5535523E+03   8.5100000E+02   9.0000000E+01   2.3491717E-07   2.8808621E-06
   1.5535599E+03   8.4300000E+02   9.1000000E+01   3.9496098E-06   3.6276711E-05
   1.5535674E+03   8.5300000E+02   8.8000000E+01   2.1175001E-06   2.0753753E-05
   1.5535749E+03   8.6300000E+02   7.9000000E+01   5.9844173E-07   6.4564932E-06
   1.5535824E+03   7.9700000E+02   6.8000000E+01   2.5838647E-07   3.2027133E-06
   1.5535900E+03   8.4900000E+02   9.0000000E+01   1.4588636E-06   1.3602903E-05
   1.5535975E+03   8.1600000E+02   7.2000000E+01   4.6683693E-07   5.6466385E-06
   1.5536050E+03   8.3800000E+02   6.6000000E+01   4.9711718E-08   5.0696356E-07
   1.5536126E+03   8.1200000E+02   7.0000000E+01   1.1470305E-06   1.3275134E-05
   1.5536201E+03   8.3300000E+02   6.5000000E+01   5.4662880E-07   7.1065605E-06
   1.5536276E+03   8.6200000E+02   6.4000000E+01   1.2703576E-06   1.7070184E-05
   1.5536351E+03   8.3300000E+02   8.3000000E+01   1.1975040E-06   1.2099875E-05
   1.5536427E+03   8.0800000E+02   5.5000000E+01   4.6548608E-07   5.4664393E-06
   1.5536502E+03   8.3300000E+02   8.0000000E+01   6.8282349E-07   7.3323945E-06
   1.5536577E+03   8.4400000E+02   4.9000000E+01   3.2817385E-07   4.9021676E-06
   1.5536653E+03   7.9300000E+02   5.8000000E+01   3.1291683E-07   4.3173921E-06
   1.5536728E+03   7.9900000E+02   4.1000000E+01   4.9978719E-07   8.3462837E-06
   1.5536803E+03   8.7700000E+02   5.2000000E+01   2.1692661E-07   4.0750575E-06
   1.5536878E+03   7.9400000E+02   4.7000000E+01   4.7446542E-04   8.0144925E-03
   1.5536954E+03   8.3000000E+02   5.1000000E+01   3.4047939E-07   1.2274782E-06
   1.5537029E+03   8.1500000E+02   6.1000000E+01   1.7273394E-06   2.2914343E-05
   1.5537104E+03   7.5600000E+02   4.5000000E+01   1.6034583E-07   2.3971479E-06
   1.5537180E+03   8.0500000E+02   4.5000000E+01   2.2557205E-07   4.0242311E-06
   1.5537255E+03   8.0700000E+02   4.5000000E+01   1.3046161E-06   5.1826059E-06
   1.5537330E+03   8.1800000E+02   5.6000000E+01   1.4397618E-06   1.5473520E-05
   1.5537405E+03   8.0500000E+02   4.2000000E+01   2.5003026E-07   4.7922467E-06
   1.5537481E+03   8.1000000E+02   5.9000000E+01   5.6979929E-06   7.8480924E-05
   1.5537556E+03   7.9300000E+02   3.2000000E+01   5.8138817E-07   1.4497680E-05
   1.5537631E+03   7.8400000E+02   3.8000000E+01   1.0676615E-06   2.2389801E-05
   1.5537706E+03   7.6800000E+02   3.9000000E+01   2.2312934E-07   4.4613575E-06
   1.5537782E+03   7.8200000E+02   3.4000000E+01   9.1447860E-08   1.7473549E-06
   1.5537857E+03   7.9600000E+02   2.2000000E+01   3.4535594E-04   1.2495557E-02
   1.5537932E+03   7.7700000E+02   3.0000000E+01   2.5404167E-07   6.5510334E-06
   1.5538008E+03   8.2300000E+02   2.6000000E+01   1.9989221E-07   6.3201300E-06
   1.5538083E+03   7.7800000E+02   3.0000000E+01   2.1310738E-07   5.1332907E-06
   1.5538158E+03   8.0700000E+02   2.0000000E+01   3.1932828E-07   1.2782374E-05
   1.5538233E+03   7.7600000E+02   3.1000000E+01   1.3757073E-07   3.4915152E-06
   1.5538309E+03   7.5300000E+02   2.7000000E+01   2.7439051E-06   7.6514729E-05
   1.5538384E+03   8.0400000E+02   2.6000000E+01   3.2110758E-07   9.8559941E-06
   1.5538459E+03   7.8100000E+02   2.7000000E+01   1.8493251E-07   5.3006069E-06
   1.5538535E+03   7.9800000E+02   2.1000000E+01   5.2645822E-08   2.5749879E-06
   1.5538610E+03   7.8500000E+02   1.7000000E+01   1.3337509E-07   2.5929017E-06
   1.5538685E+03   7.8000000E+02   1.6000000E+01   1.1981668E-07   5.4319149E-06
   1.5538760E+03   8.0500000E+02   1.8000000E+01   7.4995553E-08   4.0158350E-06
   1.5538836E+03   7.8200000E+02   1.0000000E+01   4.7918708E-08   3.2498538E-06
   1.5538911E+03   8.1400000E+02   8.0000000E+00   9.9876075E-08   8.3955783E-06
   1.5538986E+03   7.6800000E+02   1.0000000E+01   2.0631292E-08   1.8193900E-06
   1.5539062E+03   7.6600000E+02   6.0000000E+00   1.5023198E-07   1.5513686E-05
   1.5539137E+03   7.6900000E+02   1.2000000E+01   5.6381596E-07   7.8762537E-06
   1.5539212E+03   7.9600000E+02   1.2000000E+01   3.8584753E-07   2.5479180E-05
   1.5539287E+03   7.7700000E+02   4.0000000E+00   5.8866720E-08   1.0067960E-05
   1.5539363E+03   7.3600000E+02   8.0000000E+00   8.5182083E-08   7.8367516E-06
   1.5539438E+03   7.2100000E+02   8.0000000E+00   3.9652143E-08   2.1550902E-06
   1.5539513E+03   7.4200000E+02   5.0000000E+00   7.7106602E-08   1.2117850E-05
   1.5539589E+03   7.2400000E+02   9.0000000E+00   6.0749910E-08   4.6405363E-06
   1.5539664E+03   7.6600000E+02   3.0000000E+00   4.4854661E-08   1.1393199E-05
   1.5539739E+03   7.6200000E+02   9.0000000E+00   4.3390788E-07   8.9003018E-06
   1.5539814E+03   7.0700000E+02   5.0000000E+00   3.8014961E-07   5.5032977E-05
   1.5539890E+03   7.6300000E+02   3.0000000E+00   4.9584826E-08   1.0840922E-05
   1.5539965E+03   7.5100000E+02   0.0000000E+00   3.7778009E-09   0.0000000E+00
   1.5540040E+03   7.3600000E+02   2.0000000E+00   1.5938857E-04   5.8653158E-02
   1.5540116E+03   7.5900000E+02   2.0000000E+00   3.6849869E-08   1.3984525E-05
   1.5540191E+03   8.0300000E+02   0.0000000E+00   9.8836836E-09   0.0000000E+00
   1.5540266E+03   7.4400000E+02   2.0000000E+00   1.8115302E-07   6.7112225E-05
   1.5540341E+03   7.7000000E+02   2.0000000E+00   2.8761683E-09   1.1073248E-06
   1.5540417E+03   7.3900000E+02   1.0000000E+00   3.0956569E-09   7.8932808E-07
   1.5540492E+03   7.8400000E+02   0.0000000E+00   0.0000000E+00   0.0000000E+00
   1.5540567E+03   7.6400000E+02   2.0000000E+00   3.5801895E-08   6.4702395E-06
   1.5540643E+03   7.7300000E+02   2.0000000E+00   1.6271267E-08   6.2888447E-06
   1.5540718E+03   7.6900000E+02   1.0000000E+00   1.3211781E-09   1.0159859E-06
   1.5540793E+03   7.1500000E+02   0.0000000E+00   0.0000000E+00   0.0000000E+00
   1.5540868E+03   7.1300000E+02   0.0000000E+00   0.0000000E+00   0.0000000E+00
   1.5540944E+03   7.2300000E+02   0.0000000E+00   0.0000000E+00   0.0000000E+00
   1.5541019E+03   7.4200000E+02   0.0000000E+00   0.0000000E+00   0.0000000E+00
   1.5541094E+03   7.2900000E+02   0.0000000E+00   0.0000000E+00   0.0000000E+00
   1.5541170E+03   7.5300000E+02   0.0000000E+00   0.0000000E+00   0.0000000E+00
   1.5541245E+03   7.3600000E+02   1.0000000E+00   9.3749188E-07   6.8999403E-04
   1.5541320E+03   7.6400000E+02   0.0000000E+00   0.0000000E+00   0.0000000E+00
   1.5541395E+03   7.4300000E+02   0.0000000E+00   0.0000000E+00   0.0000000E+00
   1.5541471E+03   7.5600000E+02   0.0000000E+00   0.0000000E+00   0.0000000E+00
   1.5541546E+03   7.0900000E+02   0.0000000E+00   0.0000000E+00   0.0000000E+00
   1.5541621E+03   7.5300000E+02   0.0000000E+00   0.0000000E+00   0.0000000E+00
   1.5541697E+03   7.4800000E+02   0.0000000E+00   0.0000000E+00   0.0000000E+00
   1.5541772E+03   7.5300000E+02   0.0000000E+00   0.0000000E+00   0.0000000E+00
   1.5541847E+03   7.3700000E+02   0.0000000E+00   0.0000000E+00   0.0000000E+00
   1.5541922E+03   7.5800000E+02   0.0000000E+00   0.0000000E+00   0.0000000E+00
   1.5541998E+03   7.5600000E+02   0.0000000E+00   0.0000000E+00   0.0000000E+00
   1.5542073E+03   7.6400000E+02   0.0000000E+00   0.0000000E+00   0.0000000E+00
   1.5542148E+03   7.2600000E+02   0.0000000E+00   0.0000000E+00   0.0000000E+00
   1.5542224E+03   7.8700000E+02   0.0000000E+00   0.0000000E+00   0.0000000E+00
   1.5542299E+03   8.1500000E+02   0.0000000E+00   0.0000000E+00   0.0000000E+00
   1.5542374E+03   7.2400000E+02   0.0000000E+00   0.0000000E+00   0.0000000E+00
   1.5542449E+03   7.9500000E+02   0.0000000E+00   0.0000000E+00   0.0000000E+00
   1.5542525E+03   7.6600000E+02   0.0000000E+00   0.0000000E+00   0.0000000E+00
   1.5542600E+03   7.4700000E+02   0.0000000E+00   0.0000000E+00   0.0000000E+00
   1.5542675E+03   7.8100000E+02   0.0000000E+00   0.0000000E+00   0.0000000E+00
   1.5542750E+03   7.1200000E+02   0.0000000E+00   0.0000000E+00   0.0000000E+00
   1.5542826E+03   7.2100000E+02   0.0000000E+00   0.0000000E+00   0.0000000E+00
   1.5542901E+03   7.5800000E+02   0.0000000E+00   0.0000000E+00   0.0000000E+00
   1.5542976E+03   7.3700000E+02   0.0000000E+00   0.0000000E+00   0.0000000E+00
   1.5543052E+03   7.1900000E+02   0.0000000E+00   0.0000000E+00   0.0000000E+00
   1.5543127E+03   7.8200000E+02   0.0000000E+00   0.0000000E+00   0.0000000E+00
   1.5543202E+03   7.8400000E+02   0.0000000E+00   0.0000000E+00   0.0000000E+00
   1.5543277E+03   8.0200000E+02   0.0000000E+00   0.0000000E+00   0.0000000E+00
   1.5543353E+03   7.8500000E+02   0.0000000E+00   0.0000000E+00   0.0000000E+00
   1.5543428E+03   7.0700000E+02   0.0000000E+00   0.0000000E+00   0.0000000E+00
   1.5543503E+03   7.4700000E+02   0.0000000E+00   0.0000000E+00   0.0000000E+00
   1.5543579E+03   7.6200000E+02   0.0000000E+00   0.0000000E+00   0.0000000E+00
   1.5543654E+03   7.3600000E+02   0.0000000E+00   0.0000000E+00   0.0000000E+00
   1.5543729E+03   7.4200000E+02   0.0000000E+00   0.0000000E+00   0.0000000E+00
   1.5543804E+03   7.4400000E+02   0.0000000E+00   0.0000000E+00   0.0000000E+00
   1.5543880E+03   7.1300000E+02   0.0000000E+00   0.0000000E+00   0.0000000E+00
   1.5543955E+03   7.3100000E+02   0.0000000E+00   0.0000000E+00   0.0000000E+00
   1.5544030E+03   7.4000000E+02   1.0000000E+00   7.2021153E-04   5.3295653E-01
   1.5544106E+03   7.3600000E+02   0.0000000E+00   0.0000000E+00   0.0000000E+00
   1.5544181E+03   8.0000000E+02   0.0000000E+00   0.0000000E+00   0.0000000E+00
   1.5544256E+03   7.5500000E+02   0.0000000E+00   0.0000000E+00   0.0000000E+00
   1.5544331E+03   7.3500000E+02   0.0000000E+00   0.0000000E+00   0.0000000E+00
   1.5544407E+03   7.3200000E+02   0.0000000E+00   0.0000000E+00   0.0000000E+00
   1.5544482E+03   7.2800000E+02   1.0000000E+00   9.0381005E-05   6.5797372E-02
   1.5544557E+03   7.7500000E+02   0.0000000E+00   0.0000000E+00   0.0000000E+00
   1.5544633E+03   7.5900000E+02   1.0000000E+00   3.8463266E-04   2.9193619E-01
   1.5544708E+03   7.4600000E+02   0.0000000E+00   0.0000000E+00   0.0000000E+00
   1.5544783E+03   7.4700000E+02   0.0000000E+00   0.0000000E+00   0.0000000E+00
   1.5544858E+03   6.9800000E+02   0.0000000E+00   0.0000000E+00   0.0000000E+00
   1.5544934E+03   7.9600000E+02   0.0000000E+00   0.0000000E+00   0.0000000E+00
   1.5545009E+03   7.5600000E+02   0.0000000E+00   0.0000000E+00   0.0000000E+00
   1.5545084E+03   7.9400000E+02   0.0000000E+00   0.0000000E+00   0.0000000E+00
   1.5545160E+03   7.5000000E+02   0.0000000E+00   0.0000000E+00   0.0000000E+00
   1.5545235E+03   7.7400000E+02   0.0000000E+00   0.0000000E+00   0.0000000E+00
   1.5545310E+03   7.4500000E+02   0.0000000E+00   0.0000000E+00   0.0000000E+00
   1.5545385E+03   7.6500000E+02   0.0000000E+00   0.0000000E+00   0.0000000E+00
   1.5545461E+03   7.6700000E+02   0.0000000E+00   0.0000000E+00   0.0000000E+00
   1.5545536E+03   7.7200000E+02   0.0000000E+00   0.0000000E+00   0.0000000E+00
   1.5545611E+03   7.5800000E+02   0.0000000E+00   0.0000000E+00   0.0000000E+00
   1.5545687E+03   7.4300000E+02   0.0000000E+00   0.0000000E+00   0.0000000E+00
   1.5545762E+03   7.5500000E+02   0.0000000E+00   0.0000000E+00   0.0000000E+00
   1.5545837E+03   7.2700000E+02   0.0000000E+00   0.0000000E+00   0.0000000E+00
   1.5545912E+03   7.7600000E+02   0.0000000E+00   0.0000000E+00   0.0000000E+00
   1.5545988E+03   7.7400000E+02   0.0000000E+00   0.0000000E+00   0.0000000E+00
   1.5546063E+03   7.3200000E+02   0.0000000E+00   0.0000000E+00   0.0000000E+00
   1.5546138E+03   7.0900000E+02   0.0000000E+00   0.0000000E+00   0.0000000E+00
   1.5546214E+03   6.9900000E+02   0.0000000E+00   0.0000000E+00   0.0000000E+00
   1.5546289E+03   7.2600000E+02   0.0000000E+00   0.0000000E+00   0.0000000E+00
   1.5546364E+03   7.3200000E+02   0.0000000E+00   0.0000000E+00   0.0000000E+00
   1.5546439E+03   7.6400000E+02   1.0000000E+00   1.9518618E-04   1.4912224E-01
   1.5546515E+03   7.9600000E+02   0.0000000E+00   0.0000000E+00   0.0000000E+00
   1.5546590E+03   7.6400000E+02   0.0000000E+00   0.0000000E+00   0.0000000E+00
   1.5546665E+03   7.0700000E+02   0.0000000E+00   0.0000000E+00   0.0000000E+00
   1.5546740E+03   7.3800000E+02   0.0000000E+00   0.0000000E+00   0.0000000E+00
   1.5546816E+03   7.6700000E+02   0.0000000E+00   0.0000000E+00   0.0000000E+00
   1.5546891E+03   7.7300000E+02   0.0000000E+00   0.0000000E+00   0.0000000E+00
   1.5546966E+03   7.7600000E+02   0.0000000E+00   0.0000000E+00   0.0000000E+00
   1.5547042E+03   7.4000000E+02   0.0000000E+00   0.0000000E+00   0.0000000E+00
   1.5547117E+03   7.3500000E+02   0.0000000E+00   0.0000000E+00   0.0000000E+00
   1.5547192E+03   7.4000000E+02   0.0000000E+00   0.0000000E+00   0.0000000E+00
   1.5547267E+03   7.0600000E+02   0.0000000E+00   0.0000000E+00   0.0000000E+00
   1.5547343E+03   7.5100000E+02   0.0000000E+00   0.0000000E+00   0.0000000E+00
   1.5547418E+03   7.6400000E+02   0.0000000E+00   0.0000000E+00   0.0000000E+00
   1.5547493E+03   7.4600000E+02   0.0000000E+00   0.0000000E+00   0.0000000E+00
   1.5547569E+03   7.3800000E+02   0.0000000E+00   0.0000000E+00   0.0000000E+00
   1.5547644E+03   7.1100000E+02   0.0000000E+00   0.0000000E+00   0.0000000E+00
   1.5547719E+03   7.1400000E+02   0.0000000E+00   0.0000000E+00   0.0000000E+00
   1.5547794E+03   7.6400000E+02   0.0000000E+00   0.0000000E+00   0.0000000E+00
   1.5547870E+03   7.1700000E+02   0.0000000E+00   0.0000000E+00   0.0000000E+00
   1.5547945E+03   7.5100000E+02   0.0000000E+00   0.0000000E+00   0.0000000E+00
   1.5548020E+03   7.2700000E+02   0.0000000E+00   0.0000000E+00   0.0000000E+00
   1.5548096E+03   7.7500000E+02   0.0000000E+00   0.0000000E+00   0.0000000E+00
   1.5548171E+03   7.4200000E+02   0.0000000E+00   0.0000000E+00   0.0000000E+00
   1.5548246E+03   7.3000000E+02   0.0000000E+00   0.0000000E+00   0.0000000E+00
   1.5548321E+03   7.6900000E+02   0.0000000E+00   0.0000000E+00   0.0000000E+00
   1.5548397E+03   8.0000000E+02   0.0000000E+00   0.0000000E+00   0.0000000E+00
   1.5548472E+03   7.4400000E+02   0.0000000E+00   0.0000000E+00   0.0000000E+00
   1.5548547E+03   7.3900000E+02   0.0000000E+00   0.0000000E+00   0.0000000E+00
   1.5548623E+03   7.6000000E+02   0.0000000E+00   0.0000000E+00   0.0000000E+00
   1.5548698E+03   7.7600000E+02   0.0000000E+00   0.0000000E+00   0.0000000E+00
   1.5548773E+03   7.4000000E+02   0.0000000E+00   0.0000000E+00   0.0000000E+00
   1.5548848E+03   7.2600000E+02   0.0000000E+00   0.0000000E+00   0.0000000E+00
   1.5548924E+03   7.1700000E+02   0.0000000E+00   0.0000000E+00   0.0000000E+00
   1.5548999E+03   7.5300000E+02   0.0000000E+00   0.0000000E+00   0.0000000E+00
   1.5549074E+03   7.1600000E+02   0.0000000E+00   0.0000000E+00   0.0000000E+00
   1.5549150E+03   7.4700000E+02   0.0000000E+00   0.0000000E+00   0.0000000E+00
   1.5549225E+03   7.5200000E+02   0.0000000E+00   0.0000000E+00   0.0000000E+00
   1.5549300E+03   7.5100000E+02   0.0000000E+00   0.0000000E+00   0.0000000E+00
   1.5549375E+03   7.4400000E+02   0.0000000E+00   0.0000000E+00   0.0000000E+00
   1.5549451E+03   7.6000000E+02   0.0000000E+00   0.0000000E+00   0.0000000E+00
   1.5549526E+03   7.7700000E+02   0.0000000E+00   0.0000000E+00   0.0000000E+00
   1.5549601E+03   7.5000000E+02   0.0000000E+00   0.0000000E+00   0.0000000E+00
   1.5549677E+03   7.9500000E+02   0.0000000E+00   0.0000000E+00   0.0000000E+00
   1.5549752E+03   7.5100000E+02   0.0000000E+00   0.0000000E+00   0.0000000E+00
   1.5549827E+03   7.7100000E+02   0.0000000E+00   0.0000000E+00   0.0000000E+00
   1.5549902E+03   7.5100000E+02   0.0000000E+00   0.0000000E+00   0.0000000E+00
   1.5549978E+03   7.4300000E+02   0.0000000E+00   0.0000000E+00   0.0000000E+00
   1.5550053E+03   7.5700000E+02   0.0000000E+00   0.0000000E+00   0.0000000E+00
   1.5550128E+03   7.7500000E+02   0.0000000E+00   0.0000000E+00   0.0000000E+00
   1.5550204E+03   7.7200000E+02   0.0000000E+00   0.0000000E+00   0.0000000E+00
   1.5550279E+03   6.9600000E+02   0.0000000E+00   0.0000000E+00   0.0000000E+00
   1.5550354E+03   7.3700000E+02   0.0000000E+00   0.0000000E+00   0.0000000E+00
   1.5550429E+03   8.2400000E+02   0.0000000E+00   0.0000000E+00   0.0000000E+00
   1.5550505E+03   7.7500000E+02   0.0000000E+00   0.0000000E+00   0.0000000E+00
   1.5550580E+03   7.6000000E+02   0.0000000E+00   0.0000000E+00   0.0000000E+00
   1.5550655E+03   7.3300000E+02   0.0000000E+00   0.0000000E+00   0.0000000E+00
   1.5550731E+03   7.9300000E+02   0.0000000E+00   0.0000000E+00   0.0000000E+00
   1.5550806E+03   6.9600000E+02   0.0000000E+00   0.0000000E+00   0.0000000E+00
   1.5550881E+03   7.1300000E+02   0.0000000E+00   0.0000000E+00   0.0000000E+00
   1.5550956E+03   7.2600000E+02   0.0000000E+00   0.0000000E+00   0.0000000E+00
   1.5551032E+03   7.8800000E+02   0.0000000E+00   0.0000000E+00   0.0000000E+00
   1.5551107E+03   7.4400000E+02   0.0000000E+00   0.0000000E+00   0.0000000E+00
   1.5551182E+03   7.1200000E+02   0.0000000E+00   0.0000000E+00   0.0000000E+00
   1.5551257E+03   7.6400000E+02   0.0000000E+00   0.0000000E+00   0.0000000E+00
   1.5551333E+03   8.0000000E+02   0.0000000E+00   0.0000000E+00   0.0000000E+00
   1.5551408E+03   7.5300000E+02   0.0000000E+00   0.0000000E+00   0.0000000E+00
   1.5551483E+03   7.6100000E+02   0.0000000E+00   0.0000000E+00   0.0000000E+00
   1.5551559E+03   7.7000000E+02   0.0000000E+00   0.0000000E+00   0.0000000E+00
   1.5551634E+03   7.8700000E+02   0.0000000E+00   0.0000000E+00   0.0000000E+00
   1.5551709E+03   7.5400000E+02   0.0000000E+00   0.0000000E+00   0.0000000E+00
   1.5551784E+03   7.7700000E+02   0.0000000E+00   0.0000000E+00   0.0000000E+00
   1.5551860E+03   7.7900000E+02   0.0000000E+00   0.0000000E+00   0.0000000E+00
   1.5551935E+03   7.9900000E+02   0.0000000E+00   0.0000000E+00   0.0000000E+00
   1.5552010E+03   7.7800000E+02   0.0000000E+00   0.0000000E+00   0.0000000E+00
   1.5552086E+03   7.4400000E+02   0.0000000E+00   0.0000000E+00   0.0000000E+00
   1.5552161E+03   7.5000000E+02   0.0000000E+00   0.0000000E+00   0.0000000E+00
   1.5552236E+03   7.5000000E+02   0.0000000E+00   0.0000000E+00   0.0000000E+00
   1.5552311E+03   7.6100000E+02   0.0000000E+00   0.0000000E+00   0.0000000E+00
   1.5552387E+03   7.5900000E+02   1.0000000E+00   4.0246152E-04   3.0546829E-01
   1.5552462E+03   7.6900000E+02   0.0000000E+00   0.0000000E+00   0.0000000E+00
   1.5552537E+03   7.2100000E+02   0.0000000E+00   0.0000000E+00   0.0000000E+00
   1.5552613E+03   7.3600000E+02   0.0000000E+00   0.0000000E+00   0.0000000E+00
   1.5552688E+03   8.0700000E+02   0.0000000E+00   0.0000000E+00   0.0000000E+00
   1.5552763E+03   7.5500000E+02   0.0000000E+00   0.0000000E+00   0.0000000E+00
   1.5552838E+03   7.5800000E+02   0.0000000E+00   0.0000000E+00   0.0000000E+00
   1.5552914E+03   7.3800000E+02   0.0000000E+00   0.0000000E+00   0.0000000E+00
   1.5552989E+03   7.4200000E+02   0.0000000E+00   0.0000000E+00   0.0000000E+00
   1.5553064E+03   7.9900000E+02   0.0000000E+00   0.0000000E+00   0.0000000E+00
   1.5553140E+03   7.4600000E+02   0.0000000E+00   0.0000000E+00   0.0000000E+00
   1.5553215E+03   7.1600000E+02   0.0000000E+00   0.0000000E+00   0.0000000E+00
   1.5553290E+03   7.8300000E+02   0.0000000E+00   0.0000000E+00   0.0000000E+00
   1.5553365E+03   7.2400000E+02   0.0000000E+00   0.0000000E+00   0.0000000E+00
   1.5553441E+03   7.7400000E+02   0.0000000E+00   0.0000000E+00   0.0000000E+00
   1.5553516E+03   7.7700000E+02   0.0000000E+00   0.0000000E+00   0.0000000E+00
   1.5553591E+03   7.3900000E+02   0.0000000E+00   0.0000000E+00   0.0000000E+00
   1.5553667E+03   7.6200000E+02   0.0000000E+00   0.0000000E+00   0.0000000E+00
   1.5553742E+03   7.5900000E+02   0.0000000E+00   0.0000000E+00   0.0000000E+00
   1.5553817E+03   7.7300000E+02   0.0000000E+00   0.0000000E+00   0.0000000E+00
   1.5553892E+03   7.9500000E+02   0.0000000E+00   0.0000000E+00   0.0000000E+00
   1.5553968E+03   7.7000000E+02   0.0000000E+00   0.0000000E+00   0.0000000E+00
   1.5554043E+03   6.9900000E+02   0.0000000E+00   0.0000000E+00   0.0000000E+00
   1.5554118E+03   7.3200000E+02   0.0000000E+00   0.0000000E+00   0.0000000E+00
   1.5554194E+03   7.2900000E+02   0.0000000E+00   0.0000000E+00   0.0000000E+00
   1.5554269E+03   7.4000000E+02   0.0000000E+00   0.0000000E+00   0.0000000E+00
   1.5554344E+03   7.6900000E+02   0.0000000E+00   0.0000000E+00   0.0000000E+00
   1.5554419E+03   7.3400000E+02   0.0000000E+00   0.0000000E+00   0.0000000E+00
   1.5554495E+03   7.3200000E+02   0.0000000E+00   0.0000000E+00   0.0000000E+00
   1.5554570E+03   7.6100000E+02   0.0000000E+00   0.0000000E+00   0.0000000E+00
   1.5554645E+03   7.5900000E+02   0.0000000E+00   0.0000000E+00   0.0000000E+00
   1.5554721E+03   7.4400000E+02   0.0000000E+00   0.0000000E+00   0.0000000E+00
   1.5554796E+03   7.5200000E+02   0.0000000E+00   0.0000000E+00   0.0000000E+00
   1.5554871E+03   7.6300000E+02   0.0000000E+00   0.0000000E+00   0.0000000E+00
   1.5554946E+03   7.3700000E+02   0.0000000E+00   0.0000000E+00   0.0000000E+00
   1.5555022E+03   7.1200000E+02   0.0000000E+00   0.0000000E+00   0.0000000E+00
   1.5555097E+03   6.7500000E+02   0.0000000E+00   0.0000000E+00   0.0000000E+00
   1.5555172E+03   7.6400000E+02   1.0000000E+00   9.7523781E-04   7.4508169E-01
   1.5555248E+03   7.4000000E+02   0.0000000E+00   0.0000000E+00   0.0000000E+00
   1.5555323E+03   7.9800000E+02   0.0000000E+00   0.0000000E+00   0.0000000E+00
   1.5555398E+03   7.6100000E+02   0.0000000E+00   0.0000000E+00   0.0000000E+00
   1.5555473E+03   7.6700000E+02   0.0000000E+00   0.0000000E+00   0.0000000E+00
   1.5555549E+03   7.0400000E+02   0.0000000E+00   0.0000000E+00   0.0000000E+00
   1.5555624E+03   7.3200000E+02   0.0000000E+00   0.0000000E+00   0.0000000E+00
   1.5555699E+03   7.8200000E+02   0.0000000E+00   0.0000000E+00   0.0000000E+00
   1.5555774E+03   7.4600000E+02   0.0000000E+00   0.0000000E+00   0.0000000E+00
   1.5555850E+03   7.7100000E+02   0.0000000E+00   0.0000000E+00   0.0000000E+00
   1.5555925E+03   7.4700000E+02   0.0000000E+00   0.0000000E+00   0.0000000E+00
   1.5556000E+03   7.3700000E+02   0.0000000E+00   0.0000000E+00   0.0000000E+00
   1.5556076E+03   7.6200000E+02   0.0000000E+00   0.0000000E+00   0.0000000E+00
   1.5556151E+03   7.3500000E+02   0.0000000E+00   0.0000000E+00   0.0000000E+00
   1.5556226E+03   7.5200000E+02   0.0000000E+00   0.0000000E+00   0.0000000E+00
   1.5556301E+03   7.6000000E+02   0.0000000E+00   0.0000000E+00   0.0000000E+00
   1.5556377E+03   7.4200000E+02   0.0000000E+00   0.0000000E+00   0.0000000E+00
   1.5556452E+03   7.6800000E+02   0.0000000E+00   0.0000000E+00   0.0000000E+00
   1.5556527E+03   7.1700000E+02   0.0000000E+00   0.0000000E+00   0.0000000E+00
   1.5556603E+03   7.7200000E+02   0.0000000E+00   0.0000000E+00   0.0000000E+00
   1.5556678E+03   7.7000000E+02   0.0000000E+00   0.0000000E+00   0.0000000E+00
   1.5556753E+03   7.6800000E+02   0.0000000E+00   0.0000000E+00   0.0000000E+00
   1.5556828E+03   7.2800000E+02   0.0000000E+00   0.0000000E+00   0.0000000E+00
   1.5556904E+03   7.4200000E+02   0.0000000E+00   0.0000000E+00   0.0000000E+00
   1.5556979E+03   7.4800000E+02   0.0000000E+00   0.0000000E+00   0.0000000E+00
   1.5557054E+03   7.7500000E+02   0.0000000E+00   0.0000000E+00   0.0000000E+00
   1.5557130E+03   7.4700000E+02   0.0000000E+00   0.0000000E+00   0.0000000E+00
   1.5557205E+03   7.4100000E+02   0.0000000E+00   0.0000000E+00   0.0000000E+00
   1.5557280E+03   7.4700000E+02   0.0000000E+00   0.0000000E+00   0.0000000E+00
   1.5557355E+03   7.9500000E+02   0.0000000E+00   0.0000000E+00   0.0000000E+00
   1.5557431E+03   7.6400000E+02   0.0000000E+00   0.0000000E+00   0.0000000E+00
   1.5557506E+03   7.2100000E+02   0.0000000E+00   0.0000000E+00   0.0000000E+00
   1.5557581E+03   7.5300000E+02   0.0000000E+00   0.0000000E+00   0.0000000E+00
   1.5557657E+03   7.9700000E+02   0.0000000E+00   0.0000000E+00   0.0000000E+00
   1.5557732E+03   7.2600000E+02   0.0000000E+00   0.0000000E+00   0.0000000E+00
   1.5557807E+03   7.7000000E+02   0.0000000E+00   0.0000000E+00   0.0000000E+00
   1.5557882E+03   7.6300000E+02   0.0000000E+00   0.0000000E+00   0.0000000E+00
   1.5557958E+03   7.5000000E+02   0.0000000E+00   0.0000000E+00   0.0000000E+00
   1.5558033E+03   7.6500000E+02   0.0000000E+00   0.0000000E+00   0.0000000E+00
   1.5558108E+03   7.3200000E+02   0.0000000E+00   0.0000000E+00   0.0000000E+00
   1.5558184E+03   7.8000000E+02   0.0000000E+00   0.0000000E+00   0.0000000E+00
   1.5558259E+03   7.5100000E+02   0.0000000E+00   0.0000000E+00   0.0000000E+00
   1.5558334E+03   8.0200000E+02   0.0000000E+00   0.0000000E+00   0.0000000E+00
   1.5558409E+03   7.3700000E+02   0.0000000E+00   0.0000000E+00   0.0000000E+00
   1.5558485E+03   7.4600000E+02   0.0000000E+00   0.0000000E+00   0.0000000E+00
   1.5558560E+03   7.5300000E+02   0.0000000E+00   0.0000000E+00   0.0000000E+00
   1.5558635E+03   7.6600000E+02   0.0000000E+00   0.0000000E+00   0.0000000E+00
   1.5558711E+03   7.4400000E+02   0.0000000E+00   0.0000000E+00   0.0000000E+00
   1.5558786E+03   7.4900000E+02   0.0000000E+00   0.0000000E+00   0.0000000E+00
   1.5558861E+03   7.5600000E+02   0.0000000E+00   0.0000000E+00   0.0000000E+00
   1.5558936E+03   7.5900000E+02   0.0000000E+00   0.0000000E+00   0.0000000E+00
   1.5559012E+03   7.7600000E+02   0.0000000E+00   0.0000000E+00   0.0000000E+00
   1.5559087E+03   7.2000000E+02   0.0000000E+00   0.0000000E+00   0.0000000E+00
   1.5559162E+03   7.2700000E+02   0.0000000E+00   0.0000000E+00   0.0000000E+00
   1.5559238E+03   7.5800000E+02   0.0000000E+00   0.0000000E+00   0.0000000E+00
   1.5559313E+03   7.5400000E+02   0.0000000E+00   0.0000000E+00   0.0000000E+00
   1.5559388E+03   7.9100000E+02   0.0000000E+00   0.0000000E+00   0.0000000E+00
   1.5559463E+03   7.8700000E+02   0.0000000E+00   0.0000000E+00   0.0000000E+00
   1.5559539E+03   7.7700000E+02   0.0000000E+00   0.0000000E+00   0.0000000E+00
   1.5559614E+03   7.4800000E+02   0.0000000E+00   0.0000000E+00   0.0000000E+00
   1.5559689E+03   7.7800000E+02   0.0000000E+00   0.0000000E+00   0.0000000E+00
   1.5559765E+03   7.4000000E+02   0.0000000E+00   0.0000000E+00   0.0000000E+00
   1.5559840E+03   7.5400000E+02   0.0000000E+00   0.0000000E+00   0.0000000E+00
   1.5559915E+03   6.8700000E+02   0.0000000E+00   0.0000000E+00   0.0000000E+00
   1.5559990E+03   7.6700000E+02   0.0000000E+00   0.0000000E+00   0.0000000E+00
   1.5560066E+03   7.4100000E+02   0.0000000E+00   0.0000000E+00   0.0000000E+00
   1.5560141E+03   7.5400000E+02   0.0000000E+00   0.0000000E+00   0.0000000E+00
   1.5560216E+03   7.6400000E+02   0.0000000E+00   0.0000000E+00   0.0000000E+00
   1.5560291E+03   7.5400000E+02   0.0000000E+00   0.0000000E+00   0.0000000E+00
   1.5560367E+03   7.4600000E+02   0.0000000E+00   0.0000000E+00   0.0000000E+00
   1.5560442E+03   7.2300000E+02   0.0000000E+00   0.0000000E+00   0.0000000E+00
   1.5560517E+03   7.7200000E+02   0.0000000E+00   0.0000000E+00   0.0000000E+00
   1.5560593E+03   7.3000000E+02   0.0000000E+00   0.0000000E+00   0.0000000E+00
   1.5560668E+03   7.7300000E+02   0.0000000E+00   0.0000000E+00   0.0000000E+00
   1.5560743E+03   7.2500000E+02   0.0000000E+00   0.0000000E+00   0.0000000E+00
   1.5560818E+03   7.6200000E+02   0.0000000E+00   0.0000000E+00   0.0000000E+00
   1.5560894E+03   7.5100000E+02   0.0000000E+00   0.0000000E+00   0.0000000E+00
   1.5560969E+03   7.9200000E+02   0.0000000E+00   0.0000000E+00   0.0000000E+00
   1.5561044E+03   7.1800000E+02   0.0000000E+00   0.0000000E+00   0.0000000E+00
   1.5561120E+03   7.5200000E+02   0.0000000E+00   0.0000000E+00   0.0000000E+00
   1.5561195E+03   7.4500000E+02   0.0000000E+00   0.0000000E+00   0.0000000E+00
   1.5561270E+03   7.0700000E+02   0.0000000E+00   0.0000000E+00   0.0000000E+00
   1.5561345E+03   7.0200000E+02   0.0000000E+00   0.0000000E+00   0.0000000E+00
   1.5561421E+03   7.3200000E+02   0.0000000E+00   0.0000000E+00   0.0000000E+00
   1.5561496E+03   7.5300000E+02   0.0000000E+00   0.0000000E+00   0.0000000E+00
   1.5561571E+03   7.1100000E+02   0.0000000E+00   0.0000000E+00   0.0000000E+00
   1.5561647E+03   7.4700000E+02   0.0000000E+00   0.0000000E+00   0.0000000E+00
   1.5561722E+03   7.8900000E+02   0.0000000E+00   0.0000000E+00   0.0000000E+00
   1.5561797E+03   7.6200000E+02   0.0000000E+00   0.0000000E+00   0.0000000E+00
   1.5561872E+03   7.6000000E+02   0.0000000E+00   0.0000000E+00   0.0000000E+00
   1.5561948E+03   7.4800000E+02   0.0000000E+00   0.0000000E+00   0.0000000E+00
   1.5562023E+03   7.8500000E+02   0.0000000E+00   0.0000000E+00   0.0000000E+00
   1.5562098E+03   7.6600000E+02   0.0000000E+00   0.0000000E+00   0.0000000E+00
   1.5562174E+03   7.4200000E+02   0.0000000E+00   0.0000000E+00   0.0000000E+00
   1.5562249E+03   7.1000000E+02   0.0000000E+00   0.0000000E+00   0.0000000E+00
   1.5562324E+03   7.8400000E+02   0.0000000E+00   0.0000000E+00   0.0000000E+00
   1.5562399E+03   7.5300000E+02   0.0000000E+00   0.0000000E+00   0.0000000E+00
   1.5562475E+03   7.5700000E+02   0.0000000E+00   0.0000000E+00   0.0000000E+00
   1.5562550E+03   7.4300000E+02   0.0000000E+00   0.0000000E+00   0.0000000E+00
   1.5562625E+03   7.6100000E+02   0.0000000E+00   0.0000000E+00   0.0000000E+00
   1.5562701E+03   7.7000000E+02   0.0000000E+00   0.0000000E+00   0.0000000E+00
   1.5562776E+03   7.9300000E+02   0.0000000E+00   0.0000000E+00   0.0000000E+00
   1.5562851E+03   7.5900000E+02   0.0000000E+00   0.0000000E+00   0.0000000E+00
   1.5562926E+03   7.4900000E+02   0.0000000E+00   0.0000000E+00   0.0000000E+00
   1.5563002E+03   7.5100000E+02   0.0000000E+00   0.0000000E+00   0.0000000E+00
   1.5563077E+03   7.3900000E+02   0.0000000E+00   0.0000000E+00   0.0000000E+00
   1.5563152E+03   7.4700000E+02   0.0000000E+00   0.0000000E+00   0.0000000E+00
   1.5563228E+03   7.9300000E+02   0.0000000E+00   0.0000000E+00   0.0000000E+00
   1.5563303E+03   7.7200000E+02   0.0000000E+00   0.0000000E+00   0.0000000E+00
   1.5563378E+03   7.0900000E+02   0.0000000E+00   0.0000000E+00   0.0000000E+00
   1.5563453E+03   7.2900000E+02   0.0000000E+00   0.0000000E+00   0.0000000E+00
   1.5563529E+03   7.2100000E+02   0.0000000E+00   0.0000000E+00   0.0000000E+00
   1.5563604E+03   7.7200000E+02   0.0000000E+00   0.0000000E+00   0.0000000E+00
   1.5563679E+03   7.8100000E+02   0.0000000E+00   0.0000000E+00   0.0000000E+00
   1.5563755E+03   7.6100000E+02   0.0000000E+00   0.0000000E+00   0.0000000E+00
   1.5563830E+03   7.8000000E+02   0.0000000E+00   0.0000000E+00   0.0000000E+00
   1.5563905E+03   7.4700000E+02   0.0000000E+00   0.0000000E+00   0.0000000E+00
   1.5563980E+03   7.6500000E+02   0.0000000E+00   0.0000000E+00   0.0000000E+00
   1.5564056E+03   7.4400000E+02   0.0000000E+00   0.0000000E+00   0.0000000E+00
   1.5564131E+03   7.7000000E+02   0.0000000E+00   0.0000000E+00   0.0000000E+00
   1.5564206E+03   8.0600000E+02   0.0000000E+00   0.0000000E+00   0.0000000E+00
   1.5564282E+03   6.6200000E+02   0.0000000E+00   0.0000000E+00   0.0000000E+00
   1.5564357E+03   6.9500000E+02   0.0000000E+00   0.0000000E+00   0.0000000E+00
   1.5564432E+03   7.6800000E+02   0.0000000E+00   0.0000000E+00   0.0000000E+00
   1.5564507E+03   7.9800000E+02   0.0000000E+00   0.0000000E+00   0.0000000E+00
   1.5564583E+03   7.6300000E+02   0.0000000E+00   0.0000000E+00   0.0000000E+00
   1.5564658E+03   7.8100000E+02   0.0000000E+00   0.0000000E+00   0.0000000E+00
   1.5564733E+03   7.4700000E+02   0.0000000E+00   0.0000000E+00   0.0000000E+00
   1.5564808E+03   7.8500000E+02   0.0000000E+00   0.0000000E+00   0.0000000E+00
   1.5564884E+03   7.3100000E+02   0.0000000E+00   0.0000000E+00   0.0000000E+00
   1.5564959E+03   7.8400000E+02   0.0000000E+00   0.0000000E+00   0.0000000E+00
   1.5565034E+03   7.6900000E+02   0.0000000E+00   0.0000000E+00   0.0000000E+00
   1.5565110E+03   7.2100000E+02   0.0000000E+00   0.0000000E+00   0.0000000E+00
   1.5565185E+03   7.8000000E+02   0.0000000E+00   0.0000000E+00   0.0000000E+00
   1.5565260E+03   7.4800000E+02   0.0000000E+00   0.0000000E+00   0.0000000E+00
   1.5565335E+03   7.0700000E+02   0.0000000E+00   0.0000000E+00   0.0000000E+00
   1.5565411E+03   7.3400000E+02   0.0000000E+00   0.0000000E+00   0.0000000E+00
   1.5565486E+03   7.8800000E+02   0.0000000E+00   0.0000000E+00   0.0000000E+00
   1.5565561E+03   7.1300000E+02   0.0000000E+00   0.0000000E+00   0.0000000E+00
   1.5565637E+03   7.4800000E+02   0.0000000E+00   0.0000000E+00   0.0000000E+00
   1.5565712E+03   7.2100000E+02   0.0000000E+00   0.0000000E+00   0.0000000E+00
   1.5565787E+03   8.0400000E+02   0.0000000E+00   0.0000000E+00   0.0000000E+00
   1.5565862E+03   7.7000000E+02   0.0000000E+00   0.0000000E+00   0.0000000E+00
   1.5565938E+03   7.7100000E+02   0.0000000E+00   0.0000000E+00   0.0000000E+00
   1.5566013E+03   7.8900000E+02   0.0000000E+00   0.0000000E+00   0.0000000E+00
   1.5566088E+03   7.3100000E+02   0.0000000E+00   0.0000000E+00   0.0000000E+00
   1.5566164E+03   8.1400000E+02   0.0000000E+00   0.0000000E+00   0.0000000E+00
   1.5566239E+03   7.5800000E+02   0.0000000E+00   0.0000000E+00   0.0000000E+00
   1.5566314E+03   7.4500000E+02   0.0000000E+00   0.0000000E+00   0.0000000E+00
   1.5566389E+03   7.1400000E+02   0.0000000E+00   0.0000000E+00   0.0000000E+00
   1.5566465E+03   7.7300000E+02   0.0000000E+00   0.0000000E+00   0.0000000E+00
   1.5566540E+03   7.3400000E+02   0.0000000E+00   0.0000000E+00   0.0000000E+00
   1.5566615E+03   7.6400000E+02   0.0000000E+00   0.0000000E+00   0.0000000E+00
   1.5566691E+03   7.5500000E+02   0.0000000E+00   0.0000000E+00   0.0000000E+00
   1.5566766E+03   7.5600000E+02   0.0000000E+00   0.0000000E+00   0.0000000E+00
   1.5566841E+03   7.2300000E+02   0.0000000E+00   0.0000000E+00   0.0000000E+00
   1.5566916E+03   7.0800000E+02   0.0000000E+00   0.0000000E+00   0.0000000E+00
   1.5566992E+03   7.6100000E+02   0.0000000E+00   0.0000000E+00   0.0000000E+00
   1.5567067E+03   7.5500000E+02   0.0000000E+00   0.0000000E+00   0.0000000E+00
   1.5567142E+03   7.8500000E+02   0.0000000E+00   0.0000000E+00   0.0000000E+00
   1.5567218E+03   7.6900000E+02   0.0000000E+00   0.0000000E+00   0.0000000E+00
   1.5567293E+03   7.4800000E+02   0.0000000E+00   0.0000000E+00   0.0000000E+00
   1.5567368E+03   7.2900000E+02   0.0000000E+00   0.0000000E+00   0.0000000E+00
   1.5567443E+03   7.9700000E+02   0.0000000E+00   0.0000000E+00   0.0000000E+00
   1.5567519E+03   7.5400000E+02   0.0000000E+00   0.0000000E+00   0.0000000E+00
   1.5567594E+03   7.2700000E+02   0.0000000E+00   0.0000000E+00   0.0000000E+00
   1.5567669E+03   7.5200000E+02   0.0000000E+00   0.0000000E+00   0.0000000E+00
   1.5567745E+03   7.5000000E+02   0.0000000E+00   0.0000000E+00   0.0000000E+00
   1.5567820E+03   7.4500000E+02   0.0000000E+00   0.0000000E+00   0.0000000E+00
   1.5567895E+03   7.3900000E+02   0.0000000E+00   0.0000000E+00   0.0000000E+00
   1.5567970E+03   7.2400000E+02   0.0000000E+00   0.0000000E+00   0.0000000E+00
   1.5568046E+03   7.4500000E+02   0.0000000E+00   0.0000000E+00   0.0000000E+00
   1.5568121E+03   7.3200000E+02   0.0000000E+00   0.0000000E+00   0.0000000E+00
   1.5568196E+03   7.5000000E+02   0.0000000E+00   0.0000000E+00   0.0000000E+00
   1.5568272E+03   7.5300000E+02   0.0000000E+00   0.0000000E+00   0.0000000E+00
   1.5568347E+03   7.6100000E+02   0.0000000E+00   0.0000000E+00   0.0000000E+00
   1.5568422E+03   7.3400000E+02   0.0000000E+00   0.0000000E+00   0.0000000E+00
   1.5568497E+03   7.4600000E+02   0.0000000E+00   0.0000000E+00   0.0000000E+00
   1.5568573E+03   7.1700000E+02   0.0000000E+00   0.0000000E+00   0.0000000E+00
   1.5568648E+03   7.7500000E+02   0.0000000E+00   0.0000000E+00   0.0000000E+00
   1.5568723E+03   7.1500000E+02   0.0000000E+00   0.0000000E+00   0.0000000E+00
   1.5568799E+03   7.3800000E+02   0.0000000E+00   0.0000000E+00   0.0000000E+00
   1.5568874E+03   7.4900000E+02   0.0000000E+00   0.0000000E+00   0.0000000E+00
   1.5568949E+03   7.6300000E+02   0.0000000E+00   0.0000000E+00   0.0000000E+00
   1.5569024E+03   7.0400000E+02   0.0000000E+00   0.0000000E+00   0.0000000E+00
   1.5569100E+03   7.7000000E+02   0.0000000E+00   0.0000000E+00   0.0000000E+00
   1.5569175E+03   7.4400000E+02   0.0000000E+00   0.0000000E+00   0.0000000E+00
   1.5569250E+03   7.5000000E+02   0.0000000E+00   0.0000000E+00   0.0000000E+00
   1.5569325E+03   7.7300000E+02   0.0000000E+00   0.0000000E+00   0.0000000E+00
   1.5569401E+03   7.3700000E+02   0.0000000E+00   0.0000000E+00   0.0000000E+00
   1.5569476E+03   7.5000000E+02   0.0000000E+00   0.0000000E+00   0.0000000E+00
   1.5569551E+03   7.3400000E+02   0.0000000E+00   0.0000000E+00   0.0000000E+00
   1.5569627E+03   6.9200000E+02   0.0000000E+00   0.0000000E+00   0.0000000E+00
   1.5569702E+03   6.9600000E+02   0.0000000E+00   0.0000000E+00   0.0000000E+00
   1.5569777E+03   7.7400000E+02   0.0000000E+00   0.0000000E+00   0.0000000E+00
   1.5569852E+03   7.2300000E+02   0.0000000E+00   0.0000000E+00   0.0000000E+00
   1.5569928E+03   6.9600000E+02   0.0000000E+00   0.0000000E+00   0.0000000E+00
   1.5570003E+03   7.3900000E+02   0.0000000E+00   0.0000000E+00   0.0000000E+00
   1.5570078E+03   7.4400000E+02   0.0000000E+00   0.0000000E+00   0.0000000E+00
   1.5570154E+03   7.7300000E+02   0.0000000E+00   0.0000000E+00   0.0000000E+00
   1.5570229E+03   7.7400000E+02   0.0000000E+00   0.0000000E+00   0.0000000E+00
   1.5570304E+03   7.8700000E+02   0.0000000E+00   0.0000000E+00   0.0000000E+00
   1.5570379E+03   7.7100000E+02   0.0000000E+00   0.0000000E+00   0.0000000E+00
   1.5570455E+03   7.8000000E+02   0.0000000E+00   0.0000000E+00   0.0000000E+00
   1.5570530E+03   7.3400000E+02   0.0000000E+00   0.0000000E+00   0.0000000E+00
   1.5570605E+03   7.6100000E+02   0.0000000E+00   0.0000000E+00   0.0000000E+00
   1.5570681E+03   7.6700000E+02   0.0000000E+00   0.0000000E+00   0.0000000E+00
   1.5570756E+03   7.5500000E+02   0.0000000E+00   0.0000000E+00   0.0000000E+00
   1.5570831E+03   7.2500000E+02   0.0000000E+00   0.0000000E+00   0.0000000E+00
   1.5570906E+03   7.7800000E+02   0.0000000E+00   0.0000000E+00   0.0000000E+00
   1.5570982E+03   7.6800000E+02   0.0000000E+00   0.0000000E+00   0.0000000E+00
   1.5571057E+03   7.6500000E+02   0.0000000E+00   0.0000000E+00   0.0000000E+00
   1.5571132E+03   7.1400000E+02   0.0000000E+00   0.0000000E+00   0.0000000E+00
   1.5571208E+03   7.6000000E+02   0.0000000E+00   0.0000000E+00   0.0000000E+00
   1.5571283E+03   7.1200000E+02   0.0000000E+00   0.0000000E+00   0.0000000E+00
   1.5571358E+03   7.5900000E+02   0.0000000E+00   0.0000000E+00   0.0000000E+00
   1.5571433E+03   7.6300000E+02   0.0000000E+00   0.0000000E+00   0.0000000E+00
   1.5571509E+03   7.1200000E+02   0.0000000E+00   0.0000000E+00   0.0000000E+00
   1.5571584E+03   7.5600000E+02   0.0000000E+00   0.0000000E+00   0.0000000E+00
   1.5571659E+03   7.1600000E+02   0.0000000E+00   0.0000000E+00   0.0000000E+00
   1.5571735E+03   7.4400000E+02   0.0000000E+00   0.0000000E+00   0.0000000E+00
   1.5571810E+03   7.4100000E+02   0.0000000E+00   0.0000000E+00   0.0000000E+00
   1.5571885E+03   7.6400000E+02   0.0000000E+00   0.0000000E+00   0.0000000E+00
   1.5571960E+03   7.4700000E+02   0.0000000E+00   0.0000000E+00   0.0000000E+00
   1.5572036E+03   7.5800000E+02   0.0000000E+00   0.0000000E+00   0.0000000E+00
   1.5572111E+03   7.5400000E+02   0.0000000E+00   0.0000000E+00   0.0000000E+00
   1.5572186E+03   7.9900000E+02   0.0000000E+00   0.0000000E+00   0.0000000E+00
   1.5572262E+03   7.7300000E+02   0.0000000E+00   0.0000000E+00   0.0000000E+00
   1.5572337E+03   7.7900000E+02   0.0000000E+00   0.0000000E+00   0.0000000E+00
   1.5572412E+03   7.3500000E+02   0.0000000E+00   0.0000000E+00   0.0000000E+00
   1.5572487E+03   7.4600000E+02   0.0000000E+00   0.0000000E+00   0.0000000E+00
   1.5572563E+03   7.9600000E+02   0.0000000E+00   0.0000000E+00   0.0000000E+00
   1.5572638E+03   7.4900000E+02   0.0000000E+00   0.0000000E+00   0.0000000E+00
   1.5572713E+03   8.0700000E+02   0.0000000E+00   0.0000000E+00   0.0000000E+00
   1.5572789E+03   7.4400000E+02   0.0000000E+00   0.0000000E+00   0.0000000E+00
   1.5572864E+03   7.5200000E+02   0.0000000E+00   0.0000000E+00   0.0000000E+00
   1.5572939E+03   7.4600000E+02   0.0000000E+00   0.0000000E+00   0.0000000E+00
   1.5573014E+03   7.9500000E+02   0.0000000E+00   0.0000000E+00   0.0000000E+00
   1.5573090E+03   7.3800000E+02   0.0000000E+00   0.0000000E+00   0.0000000E+00
   1.5573165E+03   7.4200000E+02   0.0000000E+00   0.0000000E+00   0.0000000E+00
   1.5573240E+03   7.3800000E+02   0.0000000E+00   0.0000000E+00   0.0000000E+00
   1.5573316E+03   7.1100000E+02   0.0000000E+00   0.0000000E+00   0.0000000E+00
   1.5573391E+03   7.8300000E+02   0.0000000E+00   0.0000000E+00   0.0000000E+00
   1.5573466E+03   7.3800000E+02   0.0000000E+00   0.0000000E+00   0.0000000E+00
   1.5573541E+03   7.4200000E+02   0.0000000E+00   0.0000000E+00   0.0000000E+00
   1.5573617E+03   7.6800000E+02   0.0000000E+00   0.0000000E+00   0.0000000E+00
   1.5573692E+03   7.7300000E+02   0.0000000E+00   0.0000000E+00   0.0000000E+00
   1.5573767E+03   7.5800000E+02   0.0000000E+00   0.0000000E+00   0.0000000E+00
   1.5573842E+03   7.6400000E+02   0.0000000E+00   0.0000000E+00   0.0000000E+00
   1.5573918E+03   7.0300000E+02   0.0000000E+00   0.0000000E+00   0.0000000E+00
   1.5573993E+03   7.4300000E+02   0.0000000E+00   0.0000000E+00   0.0000000E+00
   1.5574068E+03   7.6500000E+02   0.0000000E+00   0.0000000E+00   0.0000000E+00
   1.5574144E+03   7.8300000E+02   0.0000000E+00   0.0000000E+00   0.0000000E+00
   1.5574219E+03   7.4400000E+02   0.0000000E+00   0.0000000E+00   0.0000000E+00
   1.5574294E+03   7.7400000E+02   0.0000000E+00   0.0000000E+00   0.0000000E+00
   1.5574369E+03   7.5100000E+02   0.0000000E+00   0.0000000E+00   0.0000000E+00
   1.5574445E+03   7.6800000E+02   0.0000000E+00   0.0000000E+00   0.0000000E+00
   1.5574520E+03   7.7900000E+02   0.0000000E+00   0.0000000E+00   0.0000000E+00
   1.5574595E+03   7.3700000E+02   0.0000000E+00   0.0000000E+00   0.0000000E+00
   1.5574671E+03   7.7500000E+02   0.0000000E+00   0.0000000E+00   0.0000000E+00
   1.5574746E+03   7.4100000E+02   0.0000000E+00   0.0000000E+00   0.0000000E+00
   1.5574821E+03   7.6200000E+02   0.0000000E+00   0.0000000E+00   0.0000000E+00
   1.5574896E+03   7.1400000E+02   0.0000000E+00   0.0000000E+00   0.0000000E+00
   1.5574972E+03   7.6700000E+02   0.0000000E+00   0.0000000E+00   0.0000000E+00
   1.5575047E+03   7.3300000E+02   0.0000000E+00   0.0000000E+00   0.0000000E+00
   1.5575122E+03   7.6400000E+02   0.0000000E+00   0.0000000E+00   0.0000000E+00
   1.5575198E+03   7.7400000E+02   0.0000000E+00   0.0000000E+00   0.0000000E+00
   1.5575273E+03   7.4300000E+02   0.0000000E+00   0.0000000E+00   0.0000000E+00
   1.5575348E+03   7.7100000E+02   0.0000000E+00   0.0000000E+00   0.0000000E+00
   1.5575423E+03   7.4000000E+02   0.0000000E+00   0.0000000E+00   0.0000000E+00
   1.5575499E+03   7.3900000E+02   0.0000000E+00   0.0000000E+00   0.0000000E+00
   1.5575574E+03   7.1600000E+02   0.0000000E+00   0.0000000E+00   0.0000000E+00
   1.5575649E+03   7.6900000E+02   0.0000000E+00   0.0000000E+00   0.0000000E+00
   1.5575725E+03   8.2400000E+02   0.0000000E+00   0.0000000E+00   0.0000000E+00
   1.5575800E+03   7.8100000E+02   0.0000000E+00   0.0000000E+00   0.0000000E+00
   1.5575875E+03   7.0500000E+02   0.0000000E+00   0.0000000E+00   0.0000000E+00
   1.5575950E+03   7.5400000E+02   0.0000000E+00   0.0000000E+00   0.0000000E+00
   1.5576026E+03   7.8700000E+02   0.0000000E+00   0.0000000E+00   0.0000000E+00
   1.5576101E+03   7.2500000E+02   0.0000000E+00   0.0000000E+00   0.0000000E+00
   1.5576176E+03   7.6200000E+02   0.0000000E+00   0.0000000E+00   0.0000000E+00
   1.5576252E+03   7.3300000E+02   0.0000000E+00   0.0000000E+00   0.0000000E+00
   1.5576327E+03   7.8500000E+02   0.0000000E+00   0.0000000E+00   0.0000000E+00
   1.5576402E+03   7.9000000E+02   0.0000000E+00   0.0000000E+00   0.0000000E+00
   1.5576477E+03   7.5200000E+02   0.0000000E+00   0.0000000E+00   0.0000000E+00
   1.5576553E+03   7.3500000E+02   0.0000000E+00   0.0000000E+00   0.0000000E+00
   1.5576628E+03   7.3500000E+02   0.0000000E+00   0.0000000E+00   0.0000000E+00
   1.5576703E+03   7.7000000E+02   0.0000000E+00   0.0000000E+00   0.0000000E+00
   1.5576779E+03   7.7400000E+02   0.0000000E+00   0.0000000E+00   0.0000000E+00
   1.5576854E+03   7.1000000E+02   0.0000000E+00   0.0000000E+00   0.0000000E+00
   1.5576929E+03   8.0600000E+02   0.0000000E+00   0.0000000E+00   0.0000000E+00
   1.5577004E+03   7.5700000E+02   0.0000000E+00   0.0000000E+00   0.0000000E+00
   1.5577080E+03   7.5100000E+02   0.0000000E+00   0.0000000E+00   0.0000000E+00
   1.5577155E+03   8.1200000E+02   0.0000000E+00   0.0000000E+00   0.0000000E+00
   1.5577230E+03   7.4500000E+02   0.0000000E+00   0.0000000E+00   0.0000000E+00
   1.5577306E+03   7.5000000E+02   0.0000000E+00   0.0000000E+00   0.0000000E+00
   1.5577381E+03   7.5800000E+02   0.0000000E+00   0.0000000E+00   0.0000000E+00
   1.5577456E+03   7.2400000E+02   0.0000000E+00   0.0000000E+00   0.0000000E+00
   1.5577531E+03   7.5400000E+02   0.0000000E+00   0.0000000E+00   0.0000000E+00
   1.5577607E+03   7.6400000E+02   0.0000000E+00   0.0000000E+00   0.0000000E+00
   1.5577682E+03   7.9700000E+02   0.0000000E+00   0.0000000E+00   0.0000000E+00
   1.5577757E+03   7.2000000E+02   0.0000000E+00   0.0000000E+00   0.0000000E+00
   1.5577833E+03   7.1500000E+02   0.0000000E+00   0.0000000E+00   0.0000000E+00
   1.5577908E+03   7.7800000E+02   0.0000000E+00   0.0000000E+00   0.0000000E+00
   1.5577983E+03   7.5200000E+02   0.0000000E+00   0.0000000E+00   0.0000000E+00
   1.5578058E+03   7.3300000E+02   0.0000000E+00   0.0000000E+00   0.0000000E+00
   1.5578134E+03   7.3500000E+02   0.0000000E+00   0.0000000E+00   0.0000000E+00
   1.5578209E+03   7.4000000E+02   0.0000000E+00   0.0000000E+00   0.0000000E+00
   1.5578284E+03   7.2100000E+02   0.0000000E+00   0.0000000E+00   0.0000000E+00
   1.5578359E+03   7.5900000E+02   0.0000000E+00   0.0000000E+00   0.0000000E+00
   1.5578435E+03   7.5800000E+02   0.0000000E+00   0.0000000E+00   0.0000000E+00
   1.5578510E+03   7.3000000E+02   0.0000000E+00   0.0000000E+00   0.0000000E+00
   1.5578585E+03   7.7300000E+02   0.0000000E+00   0.0000000E+00   0.0000000E+00
   1.5578661E+03   7.4100000E+02   0.0000000E+00   0.0000000E+00   0.0000000E+00
   1.5578736E+03   7.9200000E+02   0.0000000E+00   0.0000000E+00   0.0000000E+00
   1.5578811E+03   7.6300000E+02   0.0000000E+00   0.0000000E+00   0.0000000E+00
   1.5578886E+03   7.2300000E+02   0.0000000E+00   0.0000000E+00   0.0000000E+00
   1.5578962E+03   7.7000000E+02   0.0000000E+00   0.0000000E+00   0.0000000E+00
   1.5579037E+03   7.6400000E+02   0.0000000E+00   0.0000000E+00   0.0000000E+00
   1.5579112E+03   7.3200000E+02   0.0000000E+00   0.0000000E+00   0.0000000E+00
   1.5579188E+03   7.4600000E+02   0.0000000E+00   0.0000000E+00   0.0000000E+00
   1.5579263E+03   7.1400000E+02   0.0000000E+00   0.0000000E+00   0.0000000E+00
   1.5579338E+03   7.4200000E+02   0.0000000E+00   0.0000000E+00   0.0000000E+00
   1.5579413E+03   7.7500000E+02   0.0000000E+00   0.0000000E+00   0.0000000E+00
   1.5579489E+03   7.7000000E+02   0.0000000E+00   0.0000000E+00   0.0000000E+00
   1.5579564E+03   7.7800000E+02   0.0000000E+00   0.0000000E+00   0.0000000E+00
   1.5579639E+03   7.3900000E+02   0.0000000E+00   0.0000000E+00   0.0000000E+00
   1.5579715E+03   7.5400000E+02   0.0000000E+00   0.0000000E+00   0.0000000E+00
   1.5579790E+03   7.9200000E+02   0.0000000E+00   0.0000000E+00   0.0000000E+00
   1.5579865E+03   7.6900000E+02   0.0000000E+00   0.0000000E+00   0.0000000E+00
   1.5579940E+03   7.6100000E+02   0.0000000E+00   0.0000000E+00   0.0000000E+00
   1.5580016E+03   7.4100000E+02   0.0000000E+00   0.0000000E+00   0.0000000E+00
   1.5580091E+03   7.7700000E+02   0.0000000E+00   0.0000000E+00   0.0000000E+00
   1.5580166E+03   7.5000000E+02   0.0000000E+00   0.0000000E+00   0.0000000E+00
   1.5580242E+03   7.2300000E+02   0.0000000E+00   0.0000000E+00   0.0000000E+00
   1.5580317E+03   7.0800000E+02   0.0000000E+00   0.0000000E+00   0.0000000E+00
   1.5580392E+03   7.5000000E+02   0.0000000E+00   0.0000000E+00   0.0000000E+00
   1.5580467E+03   7.5500000E+02   0.0000000E+00   0.0000000E+00   0.0000000E+00
   1.5580543E+03   7.7500000E+02   0.0000000E+00   0.0000000E+00   0.0000000E+00
   1.5580618E+03   7.0900000E+02   0.0000000E+00   0.0000000E+00   0.0000000E+00
   1.5580693E+03   7.8700000E+02   0.0000000E+00   0.0000000E+00   0.0000000E+00
   1.5580769E+03   7.5300000E+02   0.0000000E+00   0.0000000E+00   0.0000000E+00
   1.5580844E+03   7.6400000E+02   0.0000000E+00   0.0000000E+00   0.0000000E+00
   1.5580919E+03   7.8700000E+02   0.0000000E+00   0.0000000E+00   0.0000000E+00
   1.5580994E+03   7.4000000E+02   0.0000000E+00   0.0000000E+00   0.0000000E+00
   1.5581070E+03   7.8400000E+02   0.0000000E+00   0.0000000E+00   0.0000000E+00
   1.5581145E+03   7.2500000E+02   0.0000000E+00   0.0000000E+00   0.0000000E+00
   1.5581220E+03   7.7800000E+02   0.0000000E+00   0.0000000E+00   0.0000000E+00
   1.5581296E+03   7.9800000E+02   0.0000000E+00   0.0000000E+00   0.0000000E+00
   1.5581371E+03   7.6900000E+02   0.0000000E+00   0.0000000E+00   0.0000000E+00
   1.5581446E+03   7.0700000E+02   0.0000000E+00   0.0000000E+00   0.0000000E+00
   1.5581521E+03   7.6500000E+02   0.0000000E+00   0.0000000E+00   0.0000000E+00
   1.5581597E+03   7.5300000E+02   0.0000000E+00   0.0000000E+00   0.0000000E+00
   1.5581672E+03   7.4100000E+02   0.0000000E+00   0.0000000E+00   0.0000000E+00
   1.5581747E+03   7.9800000E+02   0.0000000E+00   0.0000000E+00   0.0000000E+00
   1.5581823E+03   7.3800000E+02   0.0000000E+00   0.0000000E+00   0.0000000E+00
   1.5581898E+03   7.4800000E+02   0.0000000E+00   0.0000000E+00   0.0000000E+00
   1.5581973E+03   7.6600000E+02   0.0000000E+00   0.0000000E+00   0.0000000E+00
   1.5582048E+03   7.8200000E+02   0.0000000E+00   0.0000000E+00   0.0000000E+00
   1.5582124E+03   7.2000000E+02   0.0000000E+00   0.0000000E+00   0.0000000E+00
   1.5582199E+03   7.5300000E+02   0.0000000E+00   0.0000000E+00   0.0000000E+00
   1.5582274E+03   7.6100000E+02   0.0000000E+00   0.0000000E+00   0.0000000E+00
   1.5582350E+03   7.8700000E+02   0.0000000E+00   0.0000000E+00   0.0000000E+00
   1.5582425E+03   7.5900000E+02   0.0000000E+00   0.0000000E+00   0.0000000E+00
   1.5582500E+03   7.3100000E+02   0.0000000E+00   0.0000000E+00   0.0000000E+00
   1.5582575E+03   7.5500000E+02   0.0000000E+00   0.0000000E+00   0.0000000E+00
   1.5582651E+03   7.5000000E+02   0.0000000E+00   0.0000000E+00   0.0000000E+00
   1.5582726E+03   7.5200000E+02   0.0000000E+00   0.0000000E+00   0.0000000E+00
   1.5582801E+03   7.5900000E+02   0.0000000E+00   0.0000000E+00   0.0000000E+00
   1.5582876E+03   7.7700000E+02   0.0000000E+00   0.0000000E+00   0.0000000E+00
   1.5582952E+03   7.5700000E+02   0.0000000E+00   0.0000000E+00   0.0000000E+00
   1.5583027E+03   7.7900000E+02   0.0000000E+00   0.0000000E+00   0.0000000E+00
   1.5583102E+03   7.3700000E+02   0.0000000E+00   0.0000000E+00   0.0000000E+00
   1.5583178E+03   7.7000000E+02   1.0000000E+00   4.9533014E-04   3.8140420E-01
   1.5583253E+03   6.9200000E+02   0.0000000E+00   0.0000000E+00   0.0000000E+00
   1.5583328E+03   7.5300000E+02   0.0000000E+00   0.0000000E+00   0.0000000E+00
   1.5583403E+03   7.6200000E+02   0.0000000E+00   0.0000000E+00   0.0000000E+00
   1.5583479E+03   7.4500000E+02   0.0000000E+00   0.0000000E+00   0.0000000E+00
   1.5583554E+03   7.3200000E+02   0.0000000E+00   0.0000000E+00   0.0000000E+00
   1.5583629E+03   7.3800000E+02   0.0000000E+00   0.0000000E+00   0.0000000E+00
   1.5583705E+03   7.6600000E+02   0.0000000E+00   0.0000000E+00   0.0000000E+00
   1.5583780E+03   6.8500000E+02   0.0000000E+00   0.0000000E+00   0.0000000E+00
   1.5583855E+03   7.0500000E+02   0.0000000E+00   0.0000000E+00   0.0000000E+00
   1.5583930E+03   7.8000000E+02   0.0000000E+00   0.0000000E+00   0.0000000E+00
   1.5584006E+03   7.4700000E+02   0.0000000E+00   0.0000000E+00   0.0000000E+00
   1.5584081E+03   8.2300000E+02   0.0000000E+00   0.0000000E+00   0.0000000E+00
   1.5584156E+03   7.4500000E+02   0.0000000E+00   0.0000000E+00   0.0000000E+00
   1.5584232E+03   7.8500000E+02   0.0000000E+00   0.0000000E+00   0.0000000E+00
   1.5584307E+03   7.2500000E+02   0.0000000E+00   0.0000000E+00   0.0000000E+00
   1.5584382E+03   7.2600000E+02   0.0000000E+00   0.0000000E+00   0.0000000E+00
   1.5584457E+03   7.2700000E+02   0.0000000E+00   0.0000000E+00   0.0000000E+00
   1.5584533E+03   7.9000000E+02   0.0000000E+00   0.0000000E+00   0.0000000E+00
   1.5584608E+03   7.6100000E+02   0.0000000E+00   0.0000000E+00   0.0000000E+00
   1.5584683E+03   7.6500000E+02   0.0000000E+00   0.0000000E+00   0.0000000E+00
   1.5584759E+03   7.8200000E+02   0.0000000E+00   0.0000000E+00   0.0000000E+00
   1.5584834E+03   7.3600000E+02   0.0000000E+00   0.0000000E+00   0.0000000E+00
   1.5584909E+03   7.8500000E+02   0.0000000E+00   0.0000000E+00   0.0000000E+00
   1.5584984E+03   7.6000000E+02   0.0000000E+00   0.0000000E+00   0.0000000E+00
   1.5585060E+03   7.4400000E+02   0.0000000E+00   0.0000000E+00   0.0000000E+00
   1.5585135E+03   7.1800000E+02   0.0000000E+00   0.0000000E+00   0.0000000E+00
   1.5585210E+03   7.5500000E+02   0.0000000E+00   0.0000000E+00   0.0000000E+00
   1.5585286E+03   7.1800000E+02   0.0000000E+00   0.0000000E+00   0.0000000E+00
   1.5585361E+03   7.4800000E+02   0.0000000E+00   0.0000000E+00   0.0000000E+00
   1.5585436E+03   7.4900000E+02   0.0000000E+00   0.0000000E+00   0.0000000E+00
   1.5585511E+03   8.1300000E+02   0.0000000E+00   0.0000000E+00   0.0000000E+00
   1.5585587E+03   7.5400000E+02   0.0000000E+00   0.0000000E+00   0.0000000E+00
   1.5585662E+03   7.3200000E+02   0.0000000E+00   0.0000000E+00   0.0000000E+00
   1.5585737E+03   7.3800000E+02   0.0000000E+00   0.0000000E+00   0.0000000E+00
   1.5585813E+03   7.2600000E+02   0.0000000E+00   0.0000000E+00   0.0000000E+00
   1.5585888E+03   7.2600000E+02   0.0000000E+00   0.0000000E+00   0.0000000E+00
   1.5585963E+03   7.3700000E+02   0.0000000E+00   0.0000000E+00   0.0000000E+00
   1.5586038E+03   7.3700000E+02   0.0000000E+00   0.0000000E+00   0.0000000E+00
   1.5586114E+03   7.7100000E+02   0.0000000E+00   0.0000000E+00   0.0000000E+00
   1.5586189E+03   7.5300000E+02   0.0000000E+00   0.0000000E+00   0.0000000E+00
   1.5586264E+03   7.1500000E+02   0.0000000E+00   0.0000000E+00   0.0000000E+00
   1.5586340E+03   7.5000000E+02   0.0000000E+00   0.0000000E+00   0.0000000E+00
   1.5586415E+03   7.1100000E+02   0.0000000E+00   0.0000000E+00   0.0000000E+00
   1.5586490E+03   7.6100000E+02   0.0000000E+00   0.0000000E+00   0.0000000E+00
   1.5586565E+03   7.1300000E+02   0.0000000E+00   0.0000000E+00   0.0000000E+00
   1.5586641E+03   7.6400000E+02   0.0000000E+00   0.0000000E+00   0.0000000E+00
   1.5586716E+03   7.5600000E+02   0.0000000E+00   0.0000000E+00   0.0000000E+00
   1.5586791E+03   7.3900000E+02   0.0000000E+00   0.0000000E+00   0.0000000E+00
   1.5586867E+03   6.9200000E+02   0.0000000E+00   0.0000000E+00   0.0000000E+00
   1.5586942E+03   7.5700000E+02   0.0000000E+00   0.0000000E+00   0.0000000E+00
   1.5587017E+03   7.8800000E+02   0.0000000E+00   0.0000000E+00   0.0000000E+00
   1.5587092E+03   7.7700000E+02   0.0000000E+00   0.0000000E+00   0.0000000E+00
   1.5587168E+03   7.9900000E+02   0.0000000E+00   0.0000000E+00   0.0000000E+00
   1.5587243E+03   7.4900000E+02   0.0000000E+00   0.0000000E+00   0.0000000E+00
   1.5587318E+03   8.1300000E+02   0.0000000E+00   0.0000000E+00   0.0000000E+00
   1.5587393E+03   7.5300000E+02   0.0000000E+00   0.0000000E+00   0.0000000E+00
   1.5587469E+03   7.5600000E+02   0.0000000E+00   0.0000000E+00   0.0000000E+00
   1.5587544E+03   7.6400000E+02   0.0000000E+00   0.0000000E+00   0.0000000E+00
   1.5587619E+03   8.1200000E+02   0.0000000E+00   0.0000000E+00   0.0000000E+00
   1.5587695E+03   7.7500000E+02   0.0000000E+00   0.0000000E+00   0.0000000E+00
   1.5587770E+03   7.3700000E+02   0.0000000E+00   0.0000000E+00   0.0000000E+00
   1.5587845E+03   6.6600000E+02   0.0000000E+00   0.0000000E+00   0.0000000E+00
   1.5587920E+03   7.3300000E+02   0.0000000E+00   0.0000000E+00   0.0000000E+00
   1.5587996E+03   7.2000000E+02   0.0000000E+00   0.0000000E+00   0.0000000E+00
   1.5588071E+03   7.6100000E+02   0.0000000E+00   0.0000000E+00   0.0000000E+00
   1.5588146E+03   7.2000000E+02   0.0000000E+00   0.0000000E+00   0.0000000E+00
   1.5588222E+03   7.5300000E+02   0.0000000E+00   0.0000000E+00   0.0000000E+00
   1.5588297E+03   7.5800000E+02   0.0000000E+00   0.0000000E+00   0.0000000E+00
   1.5588372E+03   7.1800000E+02   0.0000000E+00   0.0000000E+00   0.0000000E+00
   1.5588447E+03   7.5200000E+02   0.0000000E+00   0.0000000E+00   0.0000000E+00
   1.5588523E+03   7.5300000E+02   0.0000000E+00   0.0000000E+00   0.0000000E+00
   1.5588598E+03   7.5400000E+02   0.0000000E+00   0.0000000E+00   0.0000000E+00
   1.5588673E+03   7.7600000E+02   0.0000000E+00   0.0000000E+00   0.0000000E+00
   1.5588749E+03   7.6800000E+02   0.0000000E+00   0.0000000E+00   0.0000000E+00
   1.5588824E+03   7.2700000E+02   0.0000000E+00   0.0000000E+00   0.0000000E+00
   1.5588899E+03   7.0600000E+02   0.0000000E+00   0.0000000E+00   0.0000000E+00
   1.5588974E+03   7.3400000E+02   0.0000000E+00   0.0000000E+00   0.0000000E+00
   1.5589050E+03   7.5400000E+02   0.0000000E+00   0.0000000E+00   0.0000000E+00
   1.5589125E+03   7.0800000E+02   0.0000000E+00   0.0000000E+00   0.0000000E+00
   1.5589200E+03   7.6500000E+02   0.0000000E+00   0.0000000E+00   0.0000000E+00
   1.5589276E+03   7.3200000E+02   0.0000000E+00   0.0000000E+00   0.0000000E+00
   1.5589351E+03   7.5700000E+02   0.0000000E+00   0.0000000E+00   0.0000000E+00
   1.5589426E+03   8.5200000E+02   0.0000000E+00   0.0000000E+00   0.0000000E+00
   1.5589501E+03   8.0500000E+02   0.0000000E+00   0.0000000E+00   0.0000000E+00
   1.5589577E+03   7.3700000E+02   0.0000000E+00   0.0000000E+00   0.0000000E+00
   1.5589652E+03   7.2600000E+02   0.0000000E+00   0.0000000E+00   0.0000000E+00
   1.5589727E+03   7.5900000E+02   0.0000000E+00   0.0000000E+00   0.0000000E+00
   1.5589803E+03   7.8200000E+02   0.0000000E+00   0.0000000E+00   0.0000000E+00
   1.5589878E+03   7.5800000E+02   0.0000000E+00   0.0000000E+00   0.0000000E+00
   1.5589953E+03   7.7000000E+02   0.0000000E+00   0.0000000E+00   0.0000000E+00
   1.5590028E+03   7.0500000E+02   0.0000000E+00   0.0000000E+00   0.0000000E+00
   1.5590104E+03   7.3200000E+02   0.0000000E+00   0.0000000E+00   0.0000000E+00
   1.5590179E+03   7.7000000E+02   0.0000000E+00   0.0000000E+00   0.0000000E+00
   1.5590254E+03   7.4800000E+02   0.0000000E+00   0.0000000E+00   0.0000000E+00
   1.5590330E+03   7.0700000E+02   0.0000000E+00   0.0000000E+00   0.0000000E+00
   1.5590405E+03   7.0800000E+02   0.0000000E+00   0.0000000E+00   0.0000000E+00
   1.5590480E+03   7.4200000E+02   0.0000000E+00   0.0000000E+00   0.0000000E+00
   1.5590555E+03   7.2200000E+02   0.0000000E+00   0.0000000E+00   0.0000000E+00
   1.5590631E+03   7.9600000E+02   0.0000000E+00   0.0000000E+00   0.0000000E+00
   1.5590706E+03   8.0800000E+02   0.0000000E+00   0.0000000E+00   0.0000000E+00
   1.5590781E+03   7.4300000E+02   0.0000000E+00   0.0000000E+00   0.0000000E+00
   1.5590857E+03   7.3700000E+02   0.0000000E+00   0.0000000E+00   0.0000000E+00
   1.5590932E+03   7.6500000E+02   0.0000000E+00   0.0000000E+00   0.0000000E+00
   1.5591007E+03   7.7200000E+02   0.0000000E+00   0.0000000E+00   0.0000000E+00
   1.5591082E+03   7.6300000E+02   0.0000000E+00   0.0000000E+00   0.0000000E+00
   1.5591158E+03   7.4500000E+02   0.0000000E+00   0.0000000E+00   0.0000000E+00
   1.5591233E+03   7.3300000E+02   0.0000000E+00   0.0000000E+00   0.0000000E+00
   1.5591308E+03   7.8000000E+02   0.0000000E+00   0.0000000E+00   0.0000000E+00
   1.5591384E+03   7.1700000E+02   0.0000000E+00   0.0000000E+00   0.0000000E+00
   1.5591459E+03   8.1800000E+02   0.0000000E+00   0.0000000E+00   0.0000000E+00
   1.5591534E+03   7.1500000E+02   0.0000000E+00   0.0000000E+00   0.0000000E+00
   1.5591609E+03   7.7100000E+02   0.0000000E+00   0.0000000E+00   0.0000000E+00
   1.5591685E+03   7.9700000E+02   0.0000000E+00   0.0000000E+00   0.0000000E+00
   1.5591760E+03   7.5700000E+02   0.0000000E+00   0.0000000E+00   0.0000000E+00
   1.5591835E+03   7.8500000E+02   0.0000000E+00   0.0000000E+00   0.0000000E+00
   1.5591910E+03   7.4900000E+02   0.0000000E+00   0.0000000E+00   0.0000000E+00
   1.5591986E+03   7.2000000E+02   0.0000000E+00   0.0000000E+00   0.0000000E+00
   1.5592061E+03   7.3600000E+02   0.0000000E+00   0.0000000E+00   0.0000000E+00
   1.5592136E+03   7.1600000E+02   0.0000000E+00   0.0000000E+00   0.0000000E+00
   1.5592212E+03   7.2100000E+02   0.0000000E+00   0.0000000E+00   0.0000000E+00
   1.5592287E+03   7.2400000E+02   0.0000000E+00   0.0000000E+00   0.0000000E+00
   1.5592362E+03   7.4100000E+02   0.0000000E+00   0.0000000E+00   0.0000000E+00
   1.5592437E+03   7.4600000E+02   0.0000000E+00   0.0000000E+00   0.0000000E+00
   1.5592513E+03   7.0200000E+02   0.0000000E+00   0.0000000E+00   0.0000000E+00
   1.5592588E+03   7.2400000E+02   0.0000000E+00   0.0000000E+00   0.0000000E+00
   1.5592663E+03   6.7200000E+02   0.0000000E+00   0.0000000E+00   0.0000000E+00
   1.5592739E+03   7.4800000E+02   0.0000000E+00   0.0000000E+00   0.0000000E+00
   1.5592814E+03   6.7700000E+02   0.0000000E+00   0.0000000E+00   0.0000000E+00
   1.5592889E+03   7.7900000E+02   0.0000000E+00   0.0000000E+00   0.0000000E+00
   1.5592964E+03   7.0200000E+02   0.0000000E+00   0.0000000E+00   0.0000000E+00
   1.5593040E+03   7.8300000E+02   0.0000000E+00   0.0000000E+00   0.0000000E+00
   1.5593115E+03   7.7200000E+02   0.0000000E+00   0.0000000E+00   0.0000000E+00
   1.5593190E+03   7.3200000E+02   0.0000000E+00   0.0000000E+00   0.0000000E+00
   1.5593266E+03   7.8800000E+02   0.0000000E+00   0.0000000E+00   0.0000000E+00
   1.5593341E+03   7.4200000E+02   0.0000000E+00   0.0000000E+00   0.0000000E+00
   1.5593416E+03   7.4500000E+02   0.0000000E+00   0.0000000E+00   0.0000000E+00
   1.5593491E+03   7.2900000E+02   0.0000000E+00   0.0000000E+00   0.0000000E+00
   1.5593567E+03   7.5100000E+02   0.0000000E+00   0.0000000E+00   0.0000000E+00
   1.5593642E+03   7.8900000E+02   0.0000000E+00   0.0000000E+00   0.0000000E+00
   1.5593717E+03   7.5000000E+02   0.0000000E+00   0.0000000E+00   0.0000000E+00
   1.5593793E+03   7.4600000E+02   0.0000000E+00   0.0000000E+00   0.0000000E+00
   1.5593868E+03   7.4300000E+02   0.0000000E+00   0.0000000E+00   0.0000000E+00
   1.5593943E+03   7.4000000E+02   0.0000000E+00   0.0000000E+00   0.0000000E+00
   1.5594018E+03   7.9400000E+02   0.0000000E+00   0.0000000E+00   0.0000000E+00
   1.5594094E+03   7.2700000E+02   0.0000000E+00   0.0000000E+00   0.0000000E+00
   1.5594169E+03   7.3500000E+02   0.0000000E+00   0.0000000E+00   0.0000000E+00
   1.5594244E+03   8.2200000E+02   0.0000000E+00   0.0000000E+00   0.0000000E+00
   1.5594320E+03   7.3600000E+02   0.0000000E+00   0.0000000E+00   0.0000000E+00
   1.5594395E+03   7.7900000E+02   0.0000000E+00   0.0000000E+00   0.0000000E+00
   1.5594470E+03   7.2400000E+02   0.0000000E+00   0.0000000E+00   0.0000000E+00
   1.5594545E+03   7.3900000E+02   0.0000000E+00   0.0000000E+00   0.0000000E+00
   1.5594621E+03   7.4800000E+02   0.0000000E+00   0.0000000E+00   0.0000000E+00
   1.5594696E+03   6.9300000E+02   0.0000000E+00   0.0000000E+00   0.0000000E+00
   1.5594771E+03   7.3500000E+02   0.0000000E+00   0.0000000E+00   0.0000000E+00
   1.5594847E+03   7.4700000E+02   0.0000000E+00   0.0000000E+00   0.0000000E+00
   1.5594922E+03   7.5100000E+02   0.0000000E+00   0.0000000E+00   0.0000000E+00
   1.5594997E+03   7.4800000E+02   0.0000000E+00   0.0000000E+00   0.0000000E+00
   1.5595072E+03   8.1900000E+02   0.0000000E+00   0.0000000E+00   0.0000000E+00
   1.5595148E+03   7.4800000E+02   0.0000000E+00   0.0000000E+00   0.0000000E+00
   1.5595223E+03   7.3800000E+02   0.0000000E+00   0.0000000E+00   0.0000000E+00
   1.5595298E+03   7.8100000E+02   0.0000000E+00   0.0000000E+00   0.0000000E+00
   1.5595374E+03   7.4100000E+02   0.0000000E+00   0.0000000E+00   0.0000000E+00
   1.5595449E+03   8.2500000E+02   0.0000000E+00   0.0000000E+00   0.0000000E+00
   1.5595524E+03   7.6000000E+02   0.0000000E+00   0.0000000E+00   0.0000000E+00
   1.5595599E+03   7.7500000E+02   0.0000000E+00   0.0000000E+00   0.0000000E+00
   1.5595675E+03   7.3700000E+02   0.0000000E+00   0.0000000E+00   0.0000000E+00
   1.5595750E+03   7.5200000E+02   0.0000000E+00   0.0000000E+00   0.0000000E+00
   1.5595825E+03   7.5700000E+02   0.0000000E+00   0.0000000E+00   0.0000000E+00
   1.5595901E+03   7.5800000E+02   0.0000000E+00   0.0000000E+00   0.0000000E+00
   1.5595976E+03   7.7300000E+02   0.0000000E+00   0.0000000E+00   0.0000000E+00
   1.5596051E+03   7.1100000E+02   0.0000000E+00   0.0000000E+00   0.0000000E+00
   1.5596126E+03   6.8300000E+02   0.0000000E+00   0.0000000E+00   0.0000000E+00
   1.5596202E+03   7.5200000E+02   0.0000000E+00   0.0000000E+00   0.0000000E+00
   1.5596277E+03   7.6200000E+02   0.0000000E+00   0.0000000E+00   0.0000000E+00
   1.5596352E+03   7.7400000E+02   0.0000000E+00   0.0000000E+00   0.0000000E+00
   1.5596427E+03   7.4500000E+02   0.0000000E+00   0.0000000E+00   0.0000000E+00
   1.5596503E+03   7.1300000E+02   0.0000000E+00   0.0000000E+00   0.0000000E+00
   1.5596578E+03   7.4300000E+02   0.0000000E+00   0.0000000E+00   0.0000000E+00
   1.5596653E+03   7.7800000E+02   0.0000000E+00   0.0000000E+00   0.0000000E+00
   1.5596729E+03   8.0200000E+02   0.0000000E+00   0.0000000E+00   0.0000000E+00
   1.5596804E+03   7.3700000E+02   0.0000000E+00   0.0000000E+00   0.0000000E+00
   1.5596879E+03   7.7400000E+02   0.0000000E+00   0.0000000E+00   0.0000000E+00
   1.5596954E+03   7.9600000E+02   0.0000000E+00   0.0000000E+00   0.0000000E+00
   1.5597030E+03   7.2300000E+02   0.0000000E+00   0.0000000E+00   0.0000000E+00
   1.5597105E+03   7.1700000E+02   0.0000000E+00   0.0000000E+00   0.0000000E+00
   1.5597180E+03   7.6100000E+02   0.0000000E+00   0.0000000E+00   0.0000000E+00
   1.5597256E+03   7.4300000E+02   0.0000000E+00   0.0000000E+00   0.0000000E+00
   1.5597331E+03   8.1300000E+02   0.0000000E+00   0.0000000E+00   0.0000000E+00
   1.5597406E+03   7.9500000E+02   0.0000000E+00   0.0000000E+00   0.0000000E+00
   1.5597481E+03   7.1100000E+02   0.0000000E+00   0.0000000E+00   0.0000000E+00
   1.5597557E+03   7.3400000E+02   0.0000000E+00   0.0000000E+00   0.0000000E+00
   1.5597632E+03   7.1800000E+02   0.0000000E+00   0.0000000E+00   0.0000000E+00
   1.5597707E+03   7.6200000E+02   0.0000000E+00   0.0000000E+00   0.0000000E+00
   1.5597783E+03   7.7800000E+02   0.0000000E+00   0.0000000E+00   0.0000000E+00
   1.5597858E+03   7.5200000E+02   0.0000000E+00   0.0000000E+00   0.0000000E+00
   1.5597933E+03   7.2900000E+02   0.0000000E+00   0.0000000E+00   0.0000000E+00
   1.5598008E+03   7.5000000E+02   0.0000000E+00   0.0000000E+00   0.0000000E+00
   1.5598084E+03   7.7400000E+02   0.0000000E+00   0.0000000E+00   0.0000000E+00
   1.5598159E+03   7.8200000E+02   0.0000000E+00   0.0000000E+00   0.0000000E+00
   1.5598234E+03   7.1000000E+02   0.0000000E+00   0.0000000E+00   0.0000000E+00
   1.5598310E+03   7.1100000E+02   0.0000000E+00   0.0000000E+00   0.0000000E+00
   1.5598385E+03   8.2500000E+02   0.0000000E+00   0.0000000E+00   0.0000000E+00
   1.5598460E+03   7.4800000E+02   0.0000000E+00   0.0000000E+00   0.0000000E+00
   1.5598535E+03   7.2800000E+02   0.0000000E+00   0.0000000E+00   0.0000000E+00
   1.5598611E+03   7.8900000E+02   0.0000000E+00   0.0000000E+00   0.0000000E+00
   1.5598686E+03   7.3300000E+02   0.0000000E+00   0.0000000E+00   0.0000000E+00
   1.5598761E+03   7.6600000E+02   0.0000000E+00   0.0000000E+00   0.0000000E+00
   1.5598837E+03   7.3500000E+02   0.0000000E+00   0.0000000E+00   0.0000000E+00
   1.5598912E+03   7.6000000E+02   0.0000000E+00   0.0000000E+00   0.0000000E+00
   1.5598987E+03   7.6400000E+02   0.0000000E+00   0.0000000E+00   0.0000000E+00
   1.5599062E+03   7.3000000E+02   0.0000000E+00   0.0000000E+00   0.0000000E+00
   1.5599138E+03   7.2800000E+02   0.0000000E+00   0.0000000E+00   0.0000000E+00
   1.5599213E+03   7.5200000E+02   0.0000000E+00   0.0000000E+00   0.0000000E+00
   1.5599288E+03   7.7800000E+02   0.0000000E+00   0.0000000E+00   0.0000000E+00
   1.5599364E+03   7.5900000E+02   0.0000000E+00   0.0000000E+00   0.0000000E+00
   1.5599439E+03   8.0000000E+02   0.0000000E+00   0.0000000E+00   0.0000000E+00
   1.5599514E+03   6.8300000E+02   0.0000000E+00   0.0000000E+00   0.0000000E+00
   1.5599589E+03   7.2500000E+02   0.0000000E+00   0.0000000E+00   0.0000000E+00
   1.5599665E+03   7.5000000E+02   0.0000000E+00   0.0000000E+00   0.0000000E+00
   1.5599740E+03   7.6800000E+02   0.0000000E+00   0.0000000E+00   0.0000000E+00
   1.5599815E+03   7.1200000E+02   0.0000000E+00   0.0000000E+00   0.0000000E+00
   1.5599891E+03   7.4600000E+02   0.0000000E+00   0.0000000E+00   0.0000000E+00
   1.5599966E+03   7.3200000E+02   0.0000000E+00   0.0000000E+00   0.0000000E+00
   1.5600041E+03   7.6800000E+02   0.0000000E+00   0.0000000E+00   0.0000000E+00
   1.5600116E+03   7.3200000E+02   0.0000000E+00   0.0000000E+00   0.0000000E+00
   1.5600192E+03   7.5700000E+02   0.0000000E+00   0.0000000E+00   0.0000000E+00
   1.5600267E+03   7.2000000E+02   0.0000000E+00   0.0000000E+00   0.0000000E+00
   1.5600342E+03   7.3900000E+02   0.0000000E+00   0.0000000E+00   0.0000000E+00
   1.5600418E+03   7.1300000E+02   0.0000000E+00   0.0000000E+00   0.0000000E+00
   1.5600493E+03   7.1000000E+02   0.0000000E+00   0.0000000E+00   0.0000000E+00
   1.5600568E+03   7.9400000E+02   0.0000000E+00   0.0000000E+00   0.0000000E+00
   1.5600643E+03   7.6600000E+02   0.0000000E+00   0.0000000E+00   0.0000000E+00
   1.5600719E+03   7.8000000E+02   0.0000000E+00   0.0000000E+00   0.0000000E+00
   1.5600794E+03   7.7400000E+02   0.0000000E+00   0.0000000E+00   0.0000000E+00
   1.5600869E+03   7.6900000E+02   0.0000000E+00   0.0000000E+00   0.0000000E+00
   1.5600944E+03   7.6000000E+02   0.0000000E+00   0.0000000E+00   0.0000000E+00
   1.5601020E+03   8.0400000E+02   0.0000000E+00   0.0000000E+00   0.0000000E+00
   1.5601095E+03   7.5900000E+02   0.0000000E+00   0.0000000E+00   0.0000000E+00
   1.5601170E+03   7.4300000E+02   0.0000000E+00   0.0000000E+00   0.0000000E+00
   1.5601246E+03   7.2000000E+02   0.0000000E+00   0.0000000E+00   0.0000000E+00
   1.5601321E+03   7.5200000E+02   0.0000000E+00   0.0000000E+00   0.0000000E+00
   1.5601396E+03   7.4300000E+02   0.0000000E+00   0.0000000E+00   0.0000000E+00
   1.5601471E+03   7.0600000E+02   0.0000000E+00   0.0000000E+00   0.0000000E+00
   1.5601547E+03   7.6800000E+02   0.0000000E+00   0.0000000E+00   0.0000000E+00
   1.5601622E+03   7.7100000E+02   0.0000000E+00   0.0000000E+00   0.0000000E+00
   1.5601697E+03   8.0900000E+02   0.0000000E+00   0.0000000E+00   0.0000000E+00
   1.5601773E+03   7.9800000E+02   0.0000000E+00   0.0000000E+00   0.0000000E+00
   1.5601848E+03   7.4300000E+02   0.0000000E+00   0.0000000E+00   0.0000000E+00
   1.5601923E+03   7.4100000E+02   0.0000000E+00   0.0000000E+00   0.0000000E+00
   1.5601998E+03   7.4800000E+02   0.0000000E+00   0.0000000E+00   0.0000000E+00
   1.5602074E+03   7.3000000E+02   0.0000000E+00   0.0000000E+00   0.0000000E+00
   1.5602149E+03   7.7900000E+02   0.0000000E+00   0.0000000E+00   0.0000000E+00
   1.5602224E+03   8.0900000E+02   0.0000000E+00   0.0000000E+00   0.0000000E+00
   1.5602300E+03   7.4000000E+02   0.0000000E+00   0.0000000E+00   0.0000000E+00
   1.5602375E+03   7.4200000E+02   0.0000000E+00   0.0000000E+00   0.0000000E+00
   1.5602450E+03   7.2800000E+02   0.0000000E+00   0.0000000E+00   0.0000000E+00
   1.5602525E+03   6.9700000E+02   0.0000000E+00   0.0000000E+00   0.0000000E+00
   1.5602601E+03   7.7500000E+02   0.0000000E+00   0.0000000E+00   0.0000000E+00
   1.5602676E+03   7.6500000E+02   0.0000000E+00   0.0000000E+00   0.0000000E+00
   1.5602751E+03   7.6400000E+02   0.0000000E+00   0.0000000E+00   0.0000000E+00
   1.5602827E+03   7.4700000E+02   0.0000000E+00   0.0000000E+00   0.0000000E+00
   1.5602902E+03   7.7900000E+02   0.0000000E+00   0.0000000E+00   0.0000000E+00
   1.5602977E+03   7.5700000E+02   0.0000000E+00   0.0000000E+00   0.0000000E+00
   1.5603052E+03   7.3300000E+02   0.0000000E+00   0.0000000E+00   0.0000000E+00
   1.5603128E+03   7.3000000E+02   0.0000000E+00   0.0000000E+00   0.0000000E+00
   1.5603203E+03   7.6500000E+02   0.0000000E+00   0.0000000E+00   0.0000000E+00
   1.5603278E+03   7.4400000E+02   0.0000000E+00   0.0000000E+00   0.0000000E+00
   1.5603354E+03   7.6600000E+02   0.0000000E+00   0.0000000E+00   0.0000000E+00
   1.5603429E+03   7.5800000E+02   0.0000000E+00   0.0000000E+00   0.0000000E+00
   1.5603504E+03   7.2600000E+02   0.0000000E+00   0.0000000E+00   0.0000000E+00
   1.5603579E+03   7.7000000E+02   0.0000000E+00   0.0000000E+00   0.0000000E+00
   1.5603655E+03   7.3500000E+02   0.0000000E+00   0.0000000E+00   0.0000000E+00
   1.5603730E+03   7.2600000E+02   0.0000000E+00   0.0000000E+00   0.0000000E+00
   1.5603805E+03   7.1300000E+02   0.0000000E+00   0.0000000E+00   0.0000000E+00
   1.5603881E+03   7.2800000E+02   0.0000000E+00   0.0000000E+00   0.0000000E+00
   1.5603956E+03   7.8800000E+02   0.0000000E+00   0.0000000E+00   0.0000000E+00
   1.5604031E+03   7.2000000E+02   0.0000000E+00   0.0000000E+00   0.0000000E+00
   1.5604106E+03   7.7400000E+02   0.0000000E+00   0.0000000E+00   0.0000000E+00
   1.5604182E+03   7.2200000E+02   0.0000000E+00   0.0000000E+00   0.0000000E+00
   1.5604257E+03   7.2300000E+02   0.0000000E+00   0.0000000E+00   0.0000000E+00
   1.5604332E+03   7.2900000E+02   0.0000000E+00   0.0000000E+00   0.0000000E+00
   1.5604408E+03   7.0800000E+02   0.0000000E+00   0.0000000E+00   0.0000000E+00
   1.5604483E+03   7.3400000E+02   0.0000000E+00   0.0000000E+00   0.0000000E+00
   1.5604558E+03   7.4300000E+02   0.0000000E+00   0.0000000E+00   0.0000000E+00
   1.5604633E+03   7.3000000E+02   0.0000000E+00   0.0000000E+00   0.0000000E+00
   1.5604709E+03   7.2800000E+02   0.0000000E+00   0.0000000E+00   0.0000000E+00
   1.5604784E+03   7.1200000E+02   0.0000000E+00   0.0000000E+00   0.0000000E+00
   1.5604859E+03   7.9000000E+02   0.0000000E+00   0.0000000E+00   0.0000000E+00
   1.5604935E+03   7.3900000E+02   0.0000000E+00   0.0000000E+00   0.0000000E+00
   1.5605010E+03   7.6700000E+02   0.0000000E+00   0.0000000E+00   0.0000000E+00
   1.5605085E+03   7.9700000E+02   0.0000000E+00   0.0000000E+00   0.0000000E+00
   1.5605160E+03   7.8800000E+02   0.0000000E+00   0.0000000E+00   0.0000000E+00
   1.5605236E+03   7.6000000E+02   0.0000000E+00   0.0000000E+00   0.0000000E+00
   1.5605311E+03   7.8100000E+02   0.0000000E+00   0.0000000E+00   0.0000000E+00
   1.5605386E+03   7.6100000E+02   0.0000000E+00   0.0000000E+00   0.0000000E+00
   1.5605461E+03   7.9900000E+02   0.0000000E+00   0.0000000E+00   0.0000000E+00
   1.5605537E+03   7.4700000E+02   0.0000000E+00   0.0000000E+00   0.0000000E+00
   1.5605612E+03   7.6400000E+02   0.0000000E+00   0.0000000E+00   0.0000000E+00
   1.5605687E+03   7.2600000E+02   0.0000000E+00   0.0000000E+00   0.0000000E+00
   1.5605763E+03   7.3900000E+02   0.0000000E+00   0.0000000E+00   0.0000000E+00
   1.5605838E+03   7.4000000E+02   0.0000000E+00   0.0000000E+00   0.0000000E+00
   1.5605913E+03   7.3500000E+02   0.0000000E+00   0.0000000E+00   0.0000000E+00
   1.5605988E+03   7.2700000E+02   0.0000000E+00   0.0000000E+00   0.0000000E+00
   1.5606064E+03   7.8400000E+02   0.0000000E+00   0.0000000E+00   0.0000000E+00
   1.5606139E+03   7.5400000E+02   0.0000000E+00   0.0000000E+00   0.0000000E+00
   1.5606214E+03   7.3500000E+02   0.0000000E+00   0.0000000E+00   0.0000000E+00
   1.5606290E+03   7.5900000E+02   0.0000000E+00   0.0000000E+00   0.0000000E+00
   1.5606365E+03   7.3600000E+02   0.0000000E+00   0.0000000E+00   0.0000000E+00
   1.5606440E+03   7.0600000E+02   0.0000000E+00   0.0000000E+00   0.0000000E+00
   1.5606515E+03   7.3100000E+02   0.0000000E+00   0.0000000E+00   0.0000000E+00
   1.5606591E+03   7.5400000E+02   0.0000000E+00   0.0000000E+00   0.0000000E+00
   1.5606666E+03   7.5100000E+02   0.0000000E+00   0.0000000E+00   0.0000000E+00
   1.5606741E+03   7.7500000E+02   0.0000000E+00   0.0000000E+00   0.0000000E+00
   1.5606817E+03   7.5200000E+02   0.0000000E+00   0.0000000E+00   0.0000000E+00
   1.5606892E+03   7.1600000E+02   0.0000000E+00   0.0000000E+00   0.0000000E+00
   1.5606967E+03   7.2200000E+02   0.0000000E+00   0.0000000E+00   0.0000000E+00
   1.5607042E+03   7.6300000E+02   0.0000000E+00   0.0000000E+00   0.0000000E+00
   1.5607118E+03   7.5500000E+02   0.0000000E+00   0.0000000E+00   0.0000000E+00
   1.5607193E+03   7.5500000E+02   0.0000000E+00   0.0000000E+00   0.0000000E+00
   1.5607268E+03   7.4800000E+02   0.0000000E+00   0.0000000E+00   0.0000000E+00
   1.5607344E+03   7.8400000E+02   0.0000000E+00   0.0000000E+00   0.0000000E+00
   1.5607419E+03   7.5500000E+02   0.0000000E+00   0.0000000E+00   0.0000000E+00
   1.5607494E+03   7.3500000E+02   0.0000000E+00   0.0000000E+00   0.0000000E+00
   1.5607569E+03   6.8700000E+02   0.0000000E+00   0.0000000E+00   0.0000000E+00
   1.5607645E+03   7.7400000E+02   0.0000000E+00   0.0000000E+00   0.0000000E+00
   1.5607720E+03   7.3700000E+02   0.0000000E+00   0.0000000E+00   0.0000000E+00
