nohup: ignoring input
 WOCIVL440M0100NH220/N_atom200E+10_Vexp100E+02_Vemit500E+01_tauD000E+00_Vran118E
 +01                  
 Start
           0
 set_grid_done
 set_clumps_done
 Done
 TIME :    3.61168560455553       sec
          50 %           8   1026.48314599274     
 	 100 %           9   2064.48441124009     
 Time :   2064.66648725397     
 WOCIVL440M0100NH220/N_atom200E+10_Vexp200E+02_Vemit500E+01_tauD000E+00_Vran118E
 +01                  
 Start
           0
 set_grid_done
 set_clumps_done
 Done
 TIME :    3.71485801413655       sec
          50 %           2   750.498728874838     
 	 100 %           7   1489.48580341507     
 Time :   1489.65927291522     
 WOCIVL440M0100NH220/N_atom200E+10_Vexp300E+02_Vemit500E+01_tauD000E+00_Vran118E
 +01                  
 Start
           0
 set_grid_done
 set_clumps_done
 Done
 TIME :    2.07445198670030       sec
          50 %           3   627.854405705584     
 	 100 %           8   1260.74947108282     
 Time :   1260.93402254418     
 WOCIVL440M0100NH220/N_atom200E+10_Vexp400E+02_Vemit500E+01_tauD000E+00_Vran118E
 +01                  
 Start
           0
 set_grid_done
 set_clumps_done
 Done
 TIME :    3.71435340587050       sec
          50 %           4   567.698631061241     
 	 100 %           8   1131.24625844765     
 Time :   1131.43432232761     
 WOCIVL440M0100NH220/N_atom200E+10_Vexp500E+02_Vemit500E+01_tauD000E+00_Vran118E
 +01                  
 Start
           0
 set_grid_done
 set_clumps_done
 Done
 TIME :    3.71589661785401       sec
          50 %           2   529.288077826612     
 	 100 %           5   1054.48373810551     
 Time :   1054.66735597886     
 WOCIVL440M0100NH220/N_atom200E+10_Vexp600E+02_Vemit500E+01_tauD000E+00_Vran118E
 +01                  
 Start
           0
 set_grid_done
 set_clumps_done
 Done
 TIME :    3.70608135708608       sec
          50 %           5   503.431071312632     
 	 100 %           5   1007.90364830429     
 Time :   1008.09097199468     
 WOCIVL440M0100NH220/N_atom200E+10_Vexp700E+02_Vemit500E+01_tauD000E+00_Vran118E
 +01                  
 Start
           0
 set_grid_done
 set_clumps_done
 Done
 TIME :    3.72874676203355       sec
          50 %           5   482.821736214915     
 	 100 %           4   968.921739020152     
 Time :   969.104025987210     
 WOCIVL440M0100NH220/N_atom200E+10_Vexp800E+02_Vemit500E+01_tauD000E+00_Vran118E
 +01                  
 Start
           0
 set_grid_done
 set_clumps_done
 Done
 TIME :    3.73524829372764       sec
          50 %           6   475.990274830721     
 	 100 %           8   947.786062654341     
 Time :   947.973942533834     
 WOCIVL440M0100NH220/N_atom200E+10_Vexp900E+02_Vemit500E+01_tauD000E+00_Vran118E
 +01                  
 Start
           0
 set_grid_done
 set_clumps_done
 Done
 TIME :    3.75517061701976       sec
          50 %           5   470.903003170388     
 	 100 %           5   936.854080334073     
 Time :   937.042168110609     
 WOCIVL440M0100NH220/N_atom200E+10_Vexp100E+03_Vemit500E+01_tauD000E+00_Vran118E
 +01                  
 Start
           0
 set_grid_done
 set_clumps_done
 Done
 TIME :    3.73131936998107       sec
          50 %           2   461.509397266200     
 	 100 %           4   906.773688843008     
 Time :   906.955403639702     
 WOCIVL440M0100NH220/N_atom200E+10_Vexp200E+03_Vemit500E+01_tauD000E+00_Vran118E
 +01                  
 Start
           0
 set_grid_done
 set_clumps_done
 Done
 TIME :    3.68943592091091       sec
          50 %           4   406.805505128345     
 	 100 %           7   805.690533146029     
 Time :   805.869389955886     
 WOCIVL440M0100NH220/N_atom200E+10_Vexp300E+03_Vemit500E+01_tauD000E+00_Vran118E
 +01                  
 Start
           0
 set_grid_done
 set_clumps_done
 Done
 TIME :    3.70373130496591       sec
          50 %           5   362.857514066622     
 	 100 %           4   718.178821337409     
 Time :   718.360254782951     
 WOCIVL440M0100NH220/N_atom200E+10_Vexp500E+01_Vemit500E+01_tauD000E+00_Vran118E
 +01                  
 Start
           0
 set_grid_done
 set_clumps_done
 Done
 TIME :    2.05012484756298       sec
          50 %           1   1359.49577338039     
 	 100 %           7   2610.12917657336     
 Time :   2610.28983744071     
 WOCIVL440M0100NH220/N_atom200E+10_Vexp100E+02_Vemit500E+01_tauD000E+00_Vran300E
 +01                  
 Start
           0
 set_grid_done
 set_clumps_done
 Done
 TIME :    2.04301431309432       sec
          50 %           9   850.775439154124     
 	 100 %           9   1668.87292909855     
 Time :   1669.05023661442     
 WOCIVL440M0100NH220/N_atom200E+10_Vexp200E+02_Vemit500E+01_tauD000E+00_Vran300E
 +01                  
 Start
           0
 set_grid_done
 set_clumps_done
 Done
 TIME :    3.66082985256799       sec
          50 %           4   527.669447351480     
 	 100 %           2   1029.91067838599     
 Time :   1030.08354009571     
 WOCIVL440M0100NH220/N_atom200E+10_Vexp300E+02_Vemit500E+01_tauD000E+00_Vran300E
 +01                  
 Start
           0
 set_grid_done
 set_clumps_done
 Done
 TIME :    2.84906017850153       sec
          50 %           3   384.602841193089     
 	 100 %           6   779.670831250725     
 Time :   779.834435391938     
 WOCIVL440M0100NH220/N_atom200E+10_Vexp400E+02_Vemit500E+01_tauD000E+00_Vran300E
 +01                  
 Start
           0
 set_grid_done
 set_clumps_done
 Done
 TIME :    2.03771649859846       sec
          50 %           4   328.185825637542     
 	 100 %           9   655.838356510270     
 Time :   656.019763173303     
 WOCIVL440M0100NH220/N_atom200E+10_Vexp500E+02_Vemit500E+01_tauD000E+00_Vran300E
 +01                  
 Start
           0
 set_grid_done
 set_clumps_done
 Done
 TIME :    3.47257880587131       sec
          50 %           5   293.246919985162     
 	 100 %           9   587.320379287470     
 Time :   587.476812195266     
 WOCIVL440M0100NH220/N_atom200E+10_Vexp600E+02_Vemit500E+01_tauD000E+00_Vran300E
 +01                  
 Start
           0
 set_grid_done
 set_clumps_done
 Done
 TIME :    3.59115809644572       sec
          50 %           6   286.170333930990     
 	 100 %           8   554.737177128205     
 Time :   554.895535767078     
 WOCIVL440M0100NH220/N_atom200E+10_Vexp700E+02_Vemit500E+01_tauD000E+00_Vran300E
 +01                  
 Start
           0
 set_grid_done
 set_clumps_done
 Done
 TIME :    2.03508018609136       sec
          50 %           7   265.075247621164     
 	 100 %           2   521.660636098124     
 Time :   521.825402374845     
 WOCIVL440M0100NH220/N_atom200E+10_Vexp800E+02_Vemit500E+01_tauD000E+00_Vran300E
 +01                  
 Start
           0
 set_grid_done
 set_clumps_done
 Done
 TIME :    2.03959374479018       sec
          50 %           5   260.617407107027     
 	 100 %           1   514.582182015525     
 Time :   514.752127795247     
 WOCIVL440M0100NH220/N_atom200E+10_Vexp900E+02_Vemit500E+01_tauD000E+00_Vran300E
 +01                  
 Start
           0
 set_grid_done
 set_clumps_done
 Done
 TIME :    2.04450218682177       sec
          50 %           3   249.955663446803     
 	 100 %           4   490.407136945752     
 Time :   490.565535773523     
 WOCIVL440M0100NH220/N_atom200E+10_Vexp100E+03_Vemit500E+01_tauD000E+00_Vran300E
 +01                  
 Start
           0
 set_grid_done
 set_clumps_done
 Done
 TIME :    2.03380869608372       sec
          50 %           1   243.307342340471     
 	 100 %           3   480.558325756574     
 Time :   480.719814515207     
 WOCIVL440M0100NH220/N_atom200E+10_Vexp200E+03_Vemit500E+01_tauD000E+00_Vran300E
 +01                  
 Start
           0
 set_grid_done
 set_clumps_done
 Done
 TIME :    2.06004991359077       sec
          50 %           8   186.272427531891     
 	 100 %           7   372.966023474932     
 Time :   373.156429020455     
 WOCIVL440M0100NH220/N_atom200E+10_Vexp300E+03_Vemit500E+01_tauD000E+00_Vran300E
 +01                  
 Start
           0
 set_grid_done
 set_clumps_done
 Done
 TIME :    3.63816597033292       sec
          50 %           9   183.212131666951     
 	 100 %           9   360.780229202472     
 Time :   360.950751661323     
 WOCIVL440M0100NH220/N_atom200E+10_Vexp500E+01_Vemit500E+01_tauD000E+00_Vran300E
 +01                  
 Start
           0
 set_grid_done
 set_clumps_done
 Done
 TIME :    2.06135650211945       sec
          50 %           3   1363.15589605784     
 	 100 %           3   2739.84267954319     
 Time :   2740.01931265858     
 WOCIVL440M0100NH220/N_atom200E+10_Vexp100E+02_Vemit500E+01_tauD000E+00_Vran500E
 +01                  
 Start
           0
 set_grid_done
 set_clumps_done
 Done
 TIME :    3.17967785685323       sec
          50 %           5   763.753992276266     
 	 100 %           6   1542.14889082662     
 Time :   1542.32692873268     
 WOCIVL440M0100NH220/N_atom200E+10_Vexp200E+02_Vemit500E+01_tauD000E+00_Vran500E
 +01                  
 Start
           0
 set_grid_done
 set_clumps_done
 Done
 TIME :    2.03160087252036       sec
          50 %           9   452.316750894766     
 	 100 %           1   898.642642571125     
 Time :   898.820294170873     
 WOCIVL440M0100NH220/N_atom200E+10_Vexp300E+02_Vemit500E+01_tauD000E+00_Vran500E
 +01                  
 Start
           0
 set_grid_done
 set_clumps_done
 Done
 TIME :    2.03356922720559       sec
          50 %           2   328.729900773615     
 	 100 %           6   651.220824446762     
 Time :   651.395458767889     
 WOCIVL440M0100NH220/N_atom200E+10_Vexp400E+02_Vemit500E+01_tauD000E+00_Vran500E
 +01                  
 Start
           0
 set_grid_done
 set_clumps_done
 Done
 TIME :    3.64820613176562       sec
          50 %           8   272.290444963844     
 	 100 %           7   545.092695491388     
 Time :   545.273849479621     
 WOCIVL440M0100NH220/N_atom200E+10_Vexp500E+02_Vemit500E+01_tauD000E+00_Vran500E
 +01                  
 Start
           0
 set_grid_done
 set_clumps_done
 Done
 TIME :    3.57372746244073       sec
          50 %           4   253.514827540144     
 	 100 %           5   508.195349554764     
 Time :   508.373098575277     
 WOCIVL440M0100NH220/N_atom200E+10_Vexp600E+02_Vemit500E+01_tauD000E+00_Vran500E
 +01                  
 Start
           0
 set_grid_done
 set_clumps_done
 Done
 TIME :    3.65530088520609       sec
          50 %           8   254.625323861605     
 	 100 %           5   496.409219071735     
 Time :   496.583921746816     
 WOCIVL440M0100NH220/N_atom200E+10_Vexp700E+02_Vemit500E+01_tauD000E+00_Vran500E
 +01                  
 Start
           0
 set_grid_done
 set_clumps_done
 Done
 TIME :    3.65878133103251       sec
          50 %           1   233.478092117235     
 	 100 %           3   470.429141511675     
 Time :   470.593356679194     
 WOCIVL440M0100NH220/N_atom200E+10_Vexp800E+02_Vemit500E+01_tauD000E+00_Vran500E
 +01                  
 Start
           0
 set_grid_done
 set_clumps_done
 Done
 TIME :    2.02577204816043       sec
          50 %           7   221.870445884531     
 	 100 %           8   435.491094240220     
 Time :   435.661642249208     
 WOCIVL440M0100NH220/N_atom200E+10_Vexp900E+02_Vemit500E+01_tauD000E+00_Vran500E
 +01                  
 Start
           0
 set_grid_done
 set_clumps_done
 Done
 TIME :    2.02490734471940       sec
          50 %           8   207.634916157229     
 	 100 %           4   416.643046828918     
 Time :   416.820059216814     
 WOCIVL440M0100NH220/N_atom200E+10_Vexp100E+03_Vemit500E+01_tauD000E+00_Vran500E
 +01                  
 Start
           0
 set_grid_done
 set_clumps_done
 Done
 TIME :    2.02359697874635       sec
          50 %           9   203.304266717285     
 	 100 %           1   410.965725932969     
 Time :   411.130383246345     
 WOCIVL440M0100NH220/N_atom200E+10_Vexp200E+03_Vemit500E+01_tauD000E+00_Vran500E
 +01                  
 Start
           0
 set_grid_done
 set_clumps_done
 Done
 TIME :    2.03519501094706       sec
          50 %           1   156.718453007285     
 	 100 %           2   312.243312235922     
 Time :   312.415782639524     
 WOCIVL440M0100NH220/N_atom200E+10_Vexp300E+03_Vemit500E+01_tauD000E+00_Vran500E
 +01                  
 Start
           0
 set_grid_done
 set_clumps_done
 Done
 TIME :    3.63476458960213       sec
          50 %           7   140.698615253437     
 	 100 %           9   278.166079401271     
 Time :   278.348058114760     
 WOCIVL440M0100NH220/N_atom200E+10_Vexp500E+01_Vemit500E+01_tauD000E+00_Vran500E
 +01                  
 Start
           0
 set_grid_done
 set_clumps_done
 Done
 TIME :    3.28592921583913       sec
          50 %           6   1448.69227208639     
 	 100 %           3   2895.44701693160     
 Time :   2895.61810613051     
 WOCIVL440M0100NH220/N_atom200E+10_Vexp100E+02_Vemit100E+02_tauD000E+00_Vran118E
 +01                  
 Start
           0
 set_grid_done
 set_clumps_done
 Done
 TIME :    3.38607829483226       sec
          50 %           4   487.029646688839     
 	 100 %           2   971.239502616692     
 Time :   971.404753622832     
 WOCIVL440M0100NH220/N_atom200E+10_Vexp200E+02_Vemit100E+02_tauD000E+00_Vran118E
 +01                  
 Start
           0
 set_grid_done
 set_clumps_done
 Done
 TIME :    2.62460858142003       sec
          50 %           7   365.820914053125     
 	 100 %           3   740.116541521158     
 Time :   740.285043052630     
 WOCIVL440M0100NH220/N_atom200E+10_Vexp300E+02_Vemit100E+02_tauD000E+00_Vran118E
 +01                  
 Start
           0
 set_grid_done
 set_clumps_done
 Done
 TIME :    2.02858402463607       sec
          50 %           1   333.495827683946     
 	 100 %           7   658.196069077356     
 Time :   658.369889544789     
 WOCIVL440M0100NH220/N_atom200E+10_Vexp400E+02_Vemit100E+02_tauD000E+00_Vran118E
 +01                  
 Start
           0
 set_grid_done
 set_clumps_done
 Done
 TIME :    2.03172011603601       sec
          50 %           4   293.999132650439     
 	 100 %           9   577.664078515721     
 Time :   577.813879756955     
 WOCIVL440M0100NH220/N_atom200E+10_Vexp500E+02_Vemit100E+02_tauD000E+00_Vran118E
 +01                  
 Start
           0
 set_grid_done
 set_clumps_done
 Done
 TIME :    2.04212969075888       sec
          50 %           1   267.293290477479     
 	 100 %           4   536.533211372560     
 Time :   536.682604845148     
 WOCIVL440M0100NH220/N_atom200E+10_Vexp600E+02_Vemit100E+02_tauD000E+00_Vran118E
 +01                  
 Start
           0
 set_grid_done
 set_clumps_done
 Done
 TIME :    2.03067092155106       sec
          50 %           6   253.606477675959     
 	 100 %           9   506.683913935907     
 Time :   506.853439001832     
 WOCIVL440M0100NH220/N_atom200E+10_Vexp700E+02_Vemit100E+02_tauD000E+00_Vran118E
 +01                  
 Start
           0
 set_grid_done
 set_clumps_done
 Done
 TIME :    2.04496600502171       sec
          50 %           9   238.630275702570     
 	 100 %           2   481.303564665606     
 Time :   481.465552982409     
 WOCIVL440M0100NH220/N_atom200E+10_Vexp800E+02_Vemit100E+02_tauD000E+00_Vran118E
 +01                  
 Start
           0
 set_grid_done
 set_clumps_done
 Done
 TIME :    2.02625931217335       sec
          50 %           9   240.981747217942     
 	 100 %           8   481.227629453875     
 Time :   481.395418149419     
 WOCIVL440M0100NH220/N_atom200E+10_Vexp900E+02_Vemit100E+02_tauD000E+00_Vran118E
 +01                  
 Start
           0
 set_grid_done
 set_clumps_done
 Done
 TIME :    2.03042772528715       sec
          50 %           8   237.419549203478     
 	 100 %           2   469.735276666936     
 Time :   469.907793791965     
 WOCIVL440M0100NH220/N_atom200E+10_Vexp100E+03_Vemit100E+02_tauD000E+00_Vran118E
 +01                  
 Start
           0
 set_grid_done
 set_clumps_done
 Done
 TIME :    2.03670629044063       sec
          50 %           4   232.212064403342     
 	 100 %           7   458.450937947724     
 Time :   458.627103427192     
 WOCIVL440M0100NH220/N_atom200E+10_Vexp200E+03_Vemit100E+02_tauD000E+00_Vran118E
 +01                  
 Start
           0
 set_grid_done
 set_clumps_done
 Done
 TIME :    2.02651868015528       sec
          50 %           5   201.667351635871     
 	 100 %           9   404.726813549409     
 Time :   404.896077343728     
 WOCIVL440M0100NH220/N_atom200E+10_Vexp300E+03_Vemit100E+02_tauD000E+00_Vran118E
 +01                  
 Start
           0
 set_grid_done
 set_clumps_done
 Done
 TIME :    2.01957425125875       sec
          50 %           1   184.993818239775     
 	 100 %           2   372.820296932943     
 Time :   372.989602278452     
 WOCIVL440M0100NH220/N_atom200E+10_Vexp500E+01_Vemit100E+02_tauD000E+00_Vran118E
 +01                  
 Start
           0
 set_grid_done
 set_clumps_done
 Done
 TIME :    2.02068022685125       sec
          50 %           2   642.004314323654     
 	 100 %           9   1273.80968863168     
 Time :   1273.95249205944     
 WOCIVL440M0100NH220/N_atom200E+10_Vexp100E+02_Vemit100E+02_tauD000E+00_Vran300E
 +01                  
 Start
           0
 set_grid_done
 set_clumps_done
 Done
 TIME :    2.02740176953375       sec
          50 %           4   543.648848659825     
 	 100 %           4   1088.25999771338     
 Time :   1088.42438940657     
 WOCIVL440M0100NH220/N_atom200E+10_Vexp200E+02_Vemit100E+02_tauD000E+00_Vran300E
 +01                  
 Start
           0
 set_grid_done
 set_clumps_done
 Done
 TIME :    3.63458788348362       sec
          50 %           4   345.626116571948     
 	 100 %           1   688.427182111889     
 Time :   688.578992667841     
 WOCIVL440M0100NH220/N_atom200E+10_Vexp300E+02_Vemit100E+02_tauD000E+00_Vran300E
 +01                  
 Start
           0
 set_grid_done
 set_clumps_done
 Done
 TIME :    2.02738965582103       sec
          50 %           5   271.542589731747     
 	 100 %           9   535.261110966792     
 Time :   535.411057342077     
 WOCIVL440M0100NH220/N_atom200E+10_Vexp400E+02_Vemit100E+02_tauD000E+00_Vran300E
 +01                  
 Start
           0
 set_grid_done
 set_clumps_done
 Done
 TIME :    2.02847001142800       sec
          50 %           4   229.561684654793     
 	 100 %           3   453.949524445692     
 Time :   454.098691635299     
 WOCIVL440M0100NH220/N_atom200E+10_Vexp500E+02_Vemit100E+02_tauD000E+00_Vran300E
 +01                  
 Start
           0
 set_grid_done
 set_clumps_done
 Done
 TIME :    2.03885345510207       sec
          50 %           5   202.994908400346     
 	 100 %           7   405.346300021280     
 Time :   405.507532808464     
 WOCIVL440M0100NH220/N_atom200E+10_Vexp600E+02_Vemit100E+02_tauD000E+00_Vran300E
 +01                  
 Start
           0
 set_grid_done
 set_clumps_done
 Done
 TIME :    2.00513743981719       sec
          50 %           3   191.028426039731     
 	 100 %           1   378.203338961350     
 Time :   378.350648493040     
 WOCIVL440M0100NH220/N_atom200E+10_Vexp700E+02_Vemit100E+02_tauD000E+00_Vran300E
 +01                  
 Start
           0
 set_grid_done
 set_clumps_done
 Done
 TIME :    2.02408698829822       sec
          50 %           7   183.837996028131     
 	 100 %           4   365.384084472898     
 Time :   365.531331271864     
 WOCIVL440M0100NH220/N_atom200E+10_Vexp800E+02_Vemit100E+02_tauD000E+00_Vran300E
 +01                  
 Start
           0
 set_grid_done
 set_clumps_done
 Done
 TIME :    2.01875462615862       sec
          50 %           7   176.507612399524     
 	 100 %           9   350.766876015579     
 Time :   350.916262985673     
 WOCIVL440M0100NH220/N_atom200E+10_Vexp900E+02_Vemit100E+02_tauD000E+00_Vran300E
 +01                  
 Start
           0
 set_grid_done
 set_clumps_done
 Done
 TIME :    2.02026896155439       sec
          50 %           8   175.154751442838     
 	 100 %           1   346.013803066686     
 Time :   346.165525670396     
 WOCIVL440M0100NH220/N_atom200E+10_Vexp100E+03_Vemit100E+02_tauD000E+00_Vran300E
 +01                  
 Start
           0
 set_grid_done
 set_clumps_done
 Done
 TIME :    2.02242062520236       sec
          50 %           9   169.966339843348     
 	 100 %           9   341.784402950434     
 Time :   341.942259596195     
 WOCIVL440M0100NH220/N_atom200E+10_Vexp200E+03_Vemit100E+02_tauD000E+00_Vran300E
 +01                  
 Start
           0
 set_grid_done
 set_clumps_done
 Done
 TIME :    2.02522293268703       sec
          50 %           3   137.266160390805     
 	 100 %           2   272.485375119606     
 Time :   272.645368980942     
 WOCIVL440M0100NH220/N_atom200E+10_Vexp300E+03_Vemit100E+02_tauD000E+00_Vran300E
 +01                  
 Start
           0
 set_grid_done
 set_clumps_done
 Done
 TIME :    2.02877751365304       sec
          50 %           2   120.294017456472     
 	 100 %           2   238.765586086782     
 Time :   238.923521356657     
 WOCIVL440M0100NH220/N_atom200E+10_Vexp500E+01_Vemit100E+02_tauD000E+00_Vran300E
 +01                  
 Start
           0
 set_grid_done
 set_clumps_done
 Done
 TIME :    2.03433324326761       sec
          50 %           3   897.270631613443     
 	 100 %           6   1745.25198476342     
 Time :   1745.39287049556     
 WOCIVL440M0100NH220/N_atom200E+10_Vexp100E+02_Vemit100E+02_tauD000E+00_Vran500E
 +01                  
 Start
           0
 set_grid_done
 set_clumps_done
 Done
 TIME :    1.96802210831083       sec
          50 %           8   579.186097419355     
 	 100 %           9   1156.57684097160     
 Time :   1156.71780442609     
 WOCIVL440M0100NH220/N_atom200E+10_Vexp200E+02_Vemit100E+02_tauD000E+00_Vran500E
 +01                  
 Start
           0
 set_grid_done
 set_clumps_done
 Done
 TIME :    1.96259974967688       sec
          50 %           6   337.018844290869     
 	 100 %           5   671.634630064946     
 Time :   671.775107196998     
 WOCIVL440M0100NH220/N_atom200E+10_Vexp300E+02_Vemit100E+02_tauD000E+00_Vran500E
 +01                  
 Start
           0
 set_grid_done
 set_clumps_done
 Done
 TIME :    1.94318924890831       sec
          50 %           1   251.550809583394     
 	 100 %           4   501.090284039732     
 Time :   501.232379140332     
 WOCIVL440M0100NH220/N_atom200E+10_Vexp400E+02_Vemit100E+02_tauD000E+00_Vran500E
 +01                  
 Start
           0
 set_grid_done
 set_clumps_done
 Done
 TIME :    1.95369816804305       sec
          50 %           7   210.979956578696     
 	 100 %           1   420.063292291947     
 Time :   420.203978674021     
 WOCIVL440M0100NH220/N_atom200E+10_Vexp500E+02_Vemit100E+02_tauD000E+00_Vran500E
 +01                  
 Start
           0
 set_grid_done
 set_clumps_done
 Done
 TIME :    1.95571726188064       sec
          50 %           9   193.156286204001     
 	 100 %           2   384.450567810796     
 Time :   384.591565442039     
 WOCIVL440M0100NH220/N_atom200E+10_Vexp600E+02_Vemit100E+02_tauD000E+00_Vran500E
 +01                  
 Start
           0
 set_grid_done
 set_clumps_done
 Done
 TIME :    1.95705785718746       sec
          50 %           2   183.857178552775     
 	 100 %           5   365.662007320905     
 Time :   365.803087543929     
 WOCIVL440M0100NH220/N_atom200E+10_Vexp700E+02_Vemit100E+02_tauD000E+00_Vran500E
 +01                  
 Start
           0
 set_grid_done
 set_clumps_done
 Done
 TIME :    1.95618070941418       sec
          50 %           7   174.785288855433     
 	 100 %           1   347.484688897850     
 Time :   347.627202427713     
 WOCIVL440M0100NH220/N_atom200E+10_Vexp800E+02_Vemit100E+02_tauD000E+00_Vran500E
 +01                  
 Start
           0
 set_grid_done
 set_clumps_done
 Done
 TIME :    1.96681770961732       sec
          50 %           8   166.055461839074     
 	 100 %           7   329.991049072007     
 Time :   330.131818536669     
 WOCIVL440M0100NH220/N_atom200E+10_Vexp900E+02_Vemit100E+02_tauD000E+00_Vran500E
 +01                  
 Start
           0
 set_grid_done
 set_clumps_done
 Done
 TIME :    1.96209130412899       sec
          50 %           6   158.085635469295     
 	 100 %           3   314.263644090621     
 Time :   314.405166229000     
 WOCIVL440M0100NH220/N_atom200E+10_Vexp100E+03_Vemit100E+02_tauD000E+00_Vran500E
 +01                  
 Start
           0
 set_grid_done
 set_clumps_done
 Done
 TIME :    1.98272385797463       sec
          50 %           2   151.311226248508     
 	 100 %           2   300.610951815965     
 Time :   300.751478815684     
 WOCIVL440M0100NH220/N_atom200E+10_Vexp200E+03_Vemit100E+02_tauD000E+00_Vran500E
 +01                  
 Start
           0
 set_grid_done
 set_clumps_done
 Done
 TIME :    1.98779522930272       sec
          50 %           1   111.291628069710     
 	 100 %           1   220.492638225434     
 Time :   220.633445654530     
 WOCIVL440M0100NH220/N_atom200E+10_Vexp300E+03_Vemit100E+02_tauD000E+00_Vran500E
 +01                  
 Start
           0
 set_grid_done
 set_clumps_done
 Done
 TIME :    1.98510279669426       sec
          50 %           3   94.6137961857021     
 	 100 %           9   187.214763569878     
 Time :   187.354359355988     
 WOCIVL440M0100NH220/N_atom200E+10_Vexp500E+01_Vemit100E+02_tauD000E+00_Vran500E
 +01                  
 Start
           0
 set_grid_done
 set_clumps_done
 Done
 TIME :    1.99405589932576       sec
          50 %           1   1039.71415586933     
 	 100 %           8   2076.74106970383     
 Time :   2076.88289729040     
 WOCIVL440M0100NH220/N_atom200E+10_Vexp100E+02_Vemit200E+02_tauD000E+00_Vran118E
 +01                  
 Start
           0
 set_grid_done
 set_clumps_done
 Done
 TIME :    1.95594394579530       sec
          50 %           2   251.246580310166     
 	 100 %           6   500.368322013179     
 Time :   500.513020712184     
 WOCIVL440M0100NH220/N_atom200E+10_Vexp200E+02_Vemit200E+02_tauD000E+00_Vran118E
 +01                  
 Start
           0
 set_grid_done
 set_clumps_done
 Done
 TIME :    1.95439349976368       sec
          50 %           4   206.664768927265     
 	 100 %           6   410.904420280131     
 Time :   411.044578086818     
 WOCIVL440M0100NH220/N_atom200E+10_Vexp300E+02_Vemit200E+02_tauD000E+00_Vran118E
 +01                  
 Start
           0
 set_grid_done
 set_clumps_done
 Done
 TIME :    1.92113887821324       sec
          50 %           7   189.236145070055     
 	 100 %           6   376.891526428517     
 Time :   377.032366080675     
 WOCIVL440M0100NH220/N_atom200E+10_Vexp400E+02_Vemit200E+02_tauD000E+00_Vran118E
 +01                  
 Start
           0
 set_grid_done
 set_clumps_done
 Done
 TIME :    1.92144191171974       sec
          50 %           9   178.966722600628     
 	 100 %           8   356.284194443608     
 Time :   356.424622970400     
 WOCIVL440M0100NH220/N_atom200E+10_Vexp500E+02_Vemit200E+02_tauD000E+00_Vran118E
 +01                  
 Start
           0
 set_grid_done
 set_clumps_done
 Done
 TIME :    1.94727698364295       sec
          50 %           6   172.639712448232     
 	 100 %           6   342.671739404555     
 Time :   342.812140648020     
 WOCIVL440M0100NH220/N_atom200E+10_Vexp600E+02_Vemit200E+02_tauD000E+00_Vran118E
 +01                  
 Start
           0
 set_grid_done
 set_clumps_done
 Done
 TIME :    1.96230516280048       sec
          50 %           1   166.957455716562     
 	 100 %           1   332.091547474498     
 Time :   332.234069811646     
 WOCIVL440M0100NH220/N_atom200E+10_Vexp700E+02_Vemit200E+02_tauD000E+00_Vran118E
 +01                  
 Start
           0
 set_grid_done
 set_clumps_done
 Done
 TIME :    1.96196282259189       sec
          50 %           8   164.277197437827     
 	 100 %           2   326.573176034726     
 Time :   326.714727771236     
 WOCIVL440M0100NH220/N_atom200E+10_Vexp800E+02_Vemit200E+02_tauD000E+00_Vran118E
 +01                  
 Start
           0
 set_grid_done
 set_clumps_done
 Done
 TIME :    1.96023113117553       sec
          50 %           3   161.918069659034     
 	 100 %           4   321.907063377323     
 Time :   322.048674029065     
 WOCIVL440M0100NH220/N_atom200E+10_Vexp900E+02_Vemit200E+02_tauD000E+00_Vran118E
 +01                  
 Start
           0
 set_grid_done
 set_clumps_done
 Done
 TIME :    1.98935223836452       sec
          50 %           8   159.468228709651     
 	 100 %           2   317.557054175762     
 Time :   317.697235959582     
 WOCIVL440M0100NH220/N_atom200E+10_Vexp100E+03_Vemit200E+02_tauD000E+00_Vran118E
 +01                  
 Start
           0
 set_grid_done
 set_clumps_done
 Done
 TIME :    1.96298048528843       sec
          50 %           4   157.291273504263     
 	 100 %           9   312.888999966439     
 Time :   313.031951975077     
 WOCIVL440M0100NH220/N_atom200E+10_Vexp200E+03_Vemit200E+02_tauD000E+00_Vran118E
 +01                  
 Start
           0
 set_grid_done
 set_clumps_done
 Done
 TIME :    1.95447038020939       sec
          50 %           8   134.689977700124     
 	 100 %           8   267.140871670330     
 Time :   267.282440209528     
 WOCIVL440M0100NH220/N_atom200E+10_Vexp300E+03_Vemit200E+02_tauD000E+00_Vran118E
 +01                  
 Start
           0
 set_grid_done
 set_clumps_done
 Done
 TIME :    1.95534902089275       sec
          50 %           8   121.056120720226     
 	 100 %           6   239.578972326359     
 Time :   239.718366608024     
 WOCIVL440M0100NH220/N_atom200E+10_Vexp500E+01_Vemit200E+02_tauD000E+00_Vran118E
 +01                  
 Start
           0
 set_grid_done
 set_clumps_done
 Done
 TIME :    1.95606165635400       sec
          50 %           8   333.989087830530     
 	 100 %           2   665.985697481083     
 Time :   666.125867972849     
 WOCIVL440M0100NH220/N_atom200E+10_Vexp100E+02_Vemit200E+02_tauD000E+00_Vran300E
 +01                  
 Start
           0
 set_grid_done
 set_clumps_done
 Done
 TIME :    1.95591945806518       sec
          50 %           7   317.324858213542     
 	 100 %           9   632.939731335035     
 Time :   633.080560697010     
 WOCIVL440M0100NH220/N_atom200E+10_Vexp200E+02_Vemit200E+02_tauD000E+00_Vran300E
 +01                  
 Start
           0
 set_grid_done
 set_clumps_done
 Done
 TIME :    1.95979632996023       sec
          50 %           9   220.454193790909     
 	 100 %           5   439.052414315520     
 Time :   439.194519215263     
 WOCIVL440M0100NH220/N_atom200E+10_Vexp300E+02_Vemit200E+02_tauD000E+00_Vran300E
 +01                  
 Start
           0
 set_grid_done
 set_clumps_done
 Done
 TIME :    1.96731547429226       sec
          50 %           1   186.409197173547     
 	 100 %           7   370.854483930860     
 Time :   370.995666113682     
 WOCIVL440M0100NH220/N_atom200E+10_Vexp400E+02_Vemit200E+02_tauD000E+00_Vran300E
 +01                  
 Start
           0
 set_grid_done
 set_clumps_done
 Done
 TIME :    1.94306186935864       sec
          50 %           1   168.001212203410     
 	 100 %           7   334.223718330264     
 Time :   334.363734038780     
 WOCIVL440M0100NH220/N_atom200E+10_Vexp500E+02_Vemit200E+02_tauD000E+00_Vran300E
 +01                  
 Start
           0
 set_grid_done
 set_clumps_done
 Done
 TIME :    1.94419232313521       sec
          50 %           2   156.060527120950     
 	 100 %           2   310.354870186886     
 Time :   310.496641703648     
 WOCIVL440M0100NH220/N_atom200E+10_Vexp600E+02_Vemit200E+02_tauD000E+00_Vran300E
 +01                  
 Start
           0
 set_grid_done
 set_clumps_done
 Done
 TIME :    1.98655527108349       sec
          50 %           2   149.489998362958     
 	 100 %           2   298.140272579622     
 Time :   298.281851759879     
 WOCIVL440M0100NH220/N_atom200E+10_Vexp700E+02_Vemit200E+02_tauD000E+00_Vran300E
 +01                  
 Start
           0
 set_grid_done
 set_clumps_done
 Done
 TIME :    1.97949937381782       sec
          50 %           9   145.994568218011     
 	 100 %           4   290.003070432926     
 Time :   290.143241746118     
 WOCIVL440M0100NH220/N_atom200E+10_Vexp800E+02_Vemit200E+02_tauD000E+00_Vran300E
 +01                  
 Start
           0
 set_grid_done
 set_clumps_done
 Done
 TIME :    1.98376397485845       sec
          50 %           3   142.836023585405     
 	 100 %           9   283.586032822030     
 Time :   283.727461697999     
 WOCIVL440M0100NH220/N_atom200E+10_Vexp900E+02_Vemit200E+02_tauD000E+00_Vran300E
 +01                  
 Start
           0
 set_grid_done
 set_clumps_done
 Done
 TIME :    1.98320006066933       sec
          50 %           6   138.887482827529     
 	 100 %           9   275.567034860840     
 Time :   275.706364024896     
 WOCIVL440M0100NH220/N_atom200E+10_Vexp100E+03_Vemit200E+02_tauD000E+00_Vran300E
 +01                  
 Start
           0
 set_grid_done
 set_clumps_done
 Done
 TIME :    1.98278112034313       sec
          50 %           1   134.455682567088     
 	 100 %           2   266.965659297304     
 Time :   267.104867414339     
 WOCIVL440M0100NH220/N_atom200E+10_Vexp200E+03_Vemit200E+02_tauD000E+00_Vran300E
 +01                  
 Start
           0
 set_grid_done
 set_clumps_done
 Done
 TIME :    1.95222927141003       sec
          50 %           2   104.711729242699     
 	 100 %           6   207.602625142550     
 Time :   207.744691667147     
 WOCIVL440M0100NH220/N_atom200E+10_Vexp300E+03_Vemit200E+02_tauD000E+00_Vran300E
 +01                  
 Start
           0
 set_grid_done
 set_clumps_done
 Done
 TIME :    1.96287890640087       sec
          50 %           6   90.1835085276980     
 	 100 %           1   178.505966686411     
 Time :   178.648006819421     
 WOCIVL440M0100NH220/N_atom200E+10_Vexp500E+01_Vemit200E+02_tauD000E+00_Vran300E
 +01                  
 Start
           0
 set_grid_done
 set_clumps_done
 Done
 TIME :    1.94395065982826       sec
          50 %           7   504.748057957739     
 	 100 %           5   1006.28384251776     
 Time :   1006.42660846189     
 WOCIVL440M0100NH220/N_atom200E+10_Vexp100E+02_Vemit200E+02_tauD000E+00_Vran500E
 +01                  
 Start
           0
 set_grid_done
 set_clumps_done
 Done
 TIME :    1.98160520754755       sec
          50 %           3   404.699294660240     
 	 100 %           9   807.241512712324     
 Time :   807.383738278411     
 WOCIVL440M0100NH220/N_atom200E+10_Vexp200E+02_Vemit200E+02_tauD000E+00_Vran500E
 +01                  
 Start
           0
 set_grid_done
 set_clumps_done
 Done
 TIME :    1.97535701189190       sec
          50 %           3   256.243311046856     
 	 100 %           9   510.338730883552     
 Time :   510.480128818657     
 WOCIVL440M0100NH220/N_atom200E+10_Vexp300E+02_Vemit200E+02_tauD000E+00_Vran500E
 +01                  
 Start
           0
 set_grid_done
 set_clumps_done
 Done
 TIME :    1.96385637065396       sec
          50 %           8   205.001882867888     
 	 100 %           2   408.272722205380     
 Time :   408.415823376039     
 WOCIVL440M0100NH220/N_atom200E+10_Vexp400E+02_Vemit200E+02_tauD000E+00_Vran500E
 +01                  
 Start
           0
 set_grid_done
 set_clumps_done
 Done
 TIME :    1.92188953817822       sec
          50 %           8   180.124120989116     
 	 100 %           7   358.447132790461     
 Time :   358.590551041998     
 WOCIVL440M0100NH220/N_atom200E+10_Vexp500E+02_Vemit200E+02_tauD000E+00_Vran500E
 +01                  
 Start
           0
 set_grid_done
 set_clumps_done
 Done
 TIME :    1.95443749567494       sec
          50 %           6   169.687331890455     
 	 100 %           6   337.338292787084     
 Time :   337.482304230332     
 WOCIVL440M0100NH220/N_atom200E+10_Vexp600E+02_Vemit200E+02_tauD000E+00_Vran500E
 +01                  
 Start
           0
 set_grid_done
 set_clumps_done
 Done
 TIME :    1.94297273480333       sec
          50 %           1   162.717638230184     
 	 100 %           9   323.332684077322     
 Time :   323.475210552569     
 WOCIVL440M0100NH220/N_atom200E+10_Vexp700E+02_Vemit200E+02_tauD000E+00_Vran500E
 +01                  
 Start
           0
 set_grid_done
 set_clumps_done
 Done
 TIME :    1.93309974065050       sec
          50 %           8   155.915069776122     
 	 100 %           1   309.721920410404     
 Time :   309.863284609513     
 WOCIVL440M0100NH220/N_atom200E+10_Vexp800E+02_Vemit200E+02_tauD000E+00_Vran500E
 +01                  
 Start
           0
 set_grid_done
 set_clumps_done
 Done
 TIME :    1.93518734886311       sec
          50 %           4   148.607353927102     
 	 100 %           5   295.273631603224     
 Time :   295.415488968370     
 WOCIVL440M0100NH220/N_atom200E+10_Vexp900E+02_Vemit200E+02_tauD000E+00_Vran500E
 +01                  
 Start
           0
 set_grid_done
 set_clumps_done
 Done
 TIME :    1.93501902930439       sec
          50 %           3   142.005680670030     
 	 100 %           5   281.982100900728     
 Time :   282.125149728963     
 WOCIVL440M0100NH220/N_atom200E+10_Vexp100E+03_Vemit200E+02_tauD000E+00_Vran500E
 +01                  
 Start
           0
 set_grid_done
 set_clumps_done
 Done
 TIME :    1.94002078403719       sec
          50 %           7   135.911644363077     
 	 100 %           1   269.850767707918     
 Time :   269.994835200952     
 WOCIVL440M0100NH220/N_atom200E+10_Vexp200E+03_Vemit200E+02_tauD000E+00_Vran500E
 +01                  
 Start
           0
 set_grid_done
 set_clumps_done
 Done
 TIME :    1.94730893615633       sec
          50 %           2   99.0893679026049     
 	 100 %           4   196.281677423045     
 Time :   196.422341621714     
 WOCIVL440M0100NH220/N_atom200E+10_Vexp300E+03_Vemit200E+02_tauD000E+00_Vran500E
 +01                  
 Start
           0
 set_grid_done
 set_clumps_done
 Done
 TIME :    1.92691981885582       sec
          50 %           8   82.8582879796159     
 	 100 %           7   163.846938554896     
 Time :   163.990369351115     
 WOCIVL440M0100NH220/N_atom200E+10_Vexp500E+01_Vemit200E+02_tauD000E+00_Vran500E
 +01                  
 Start
           0
 set_grid_done
 set_clumps_done
 Done
 TIME :    1.92625678051263       sec
          50 %           6   688.885384956608     
 	 100 %           8   1376.48296586564     
 Time :   1376.62608571281     
 WOCIVL440M0100NH220/N_atom200E+10_Vexp100E+02_Vemit300E+02_tauD000E+00_Vran118E
 +01                  
 Start
           0
 set_grid_done
 set_clumps_done
 Done
 TIME :    1.92600988689810       sec
          50 %           7   201.237959289923     
 	 100 %           6   400.575065476820     
 Time :   400.715666852193     
 WOCIVL440M0100NH220/N_atom200E+10_Vexp200E+02_Vemit300E+02_tauD000E+00_Vran118E
 +01                  
 Start
           0
 set_grid_done
 set_clumps_done
 Done
 TIME :    1.92163966898806       sec
          50 %           5   169.287920855917     
 	 100 %           4   335.991457911208     
 Time :   336.133613830898     
 WOCIVL440M0100NH220/N_atom200E+10_Vexp300E+02_Vemit300E+02_tauD000E+00_Vran118E
 +01                  
 Start
           0
 set_grid_done
 set_clumps_done
 Done
 TIME :    1.92560789966956       sec
          50 %           6   157.097317556152     
 	 100 %           3   312.683793066069     
 Time :   312.824892837321     
 WOCIVL440M0100NH220/N_atom200E+10_Vexp400E+02_Vemit300E+02_tauD000E+00_Vran118E
 +01                  
 Start
           0
 set_grid_done
 set_clumps_done
 Done
 TIME :    1.92876740684733       sec
          50 %           2   151.350601034937     
 	 100 %           5   301.176525191404     
 Time :   301.317039987072     
 WOCIVL440M0100NH220/N_atom200E+10_Vexp500E+02_Vemit300E+02_tauD000E+00_Vran118E
 +01                  
 Start
           0
 set_grid_done
 set_clumps_done
 Done
 TIME :    1.92310276394710       sec
          50 %           6   147.284812143538     
 	 100 %           9   292.372484925436     
 Time :   292.513301181607     
 WOCIVL440M0100NH220/N_atom200E+10_Vexp600E+02_Vemit300E+02_tauD000E+00_Vran118E
 +01                  
 Start
           0
 set_grid_done
 set_clumps_done
 Done
 TIME :    1.92724744020961       sec
          50 %           3   143.946176013211     
 	 100 %           9   285.835838268045     
 Time :   285.979165872093     
 WOCIVL440M0100NH220/N_atom200E+10_Vexp700E+02_Vemit300E+02_tauD000E+00_Vran118E
 +01                  
 Start
           0
 set_grid_done
 set_clumps_done
 Done
 TIME :    1.92204719688743       sec
          50 %           8   141.562046685023     
 	 100 %           2   281.245453295996     
 Time :   281.387233980931     
 WOCIVL440M0100NH220/N_atom200E+10_Vexp800E+02_Vemit300E+02_tauD000E+00_Vran118E
 +01                  
 Start
           0
 set_grid_done
 set_clumps_done
 Done
 TIME :    1.92068941798061       sec
          50 %           3   140.680385354208     
 	 100 %           4   279.955794806592     
 Time :   280.097741245991     
 WOCIVL440M0100NH220/N_atom200E+10_Vexp900E+02_Vemit300E+02_tauD000E+00_Vran118E
 +01                  
 Start
           0
 set_grid_done
 set_clumps_done
 Done
 TIME :    1.93800913472660       sec
          50 %           4   139.951382790692     
 	 100 %           5   277.777598641114     
 Time :   277.921001242008     
 WOCIVL440M0100NH220/N_atom200E+10_Vexp100E+03_Vemit300E+02_tauD000E+00_Vran118E
 +01                  
 Start
           0
 set_grid_done
 set_clumps_done
 Done
 TIME :    1.93778135860339       sec
          50 %           9   138.208719986724     
 	 100 %           3   274.984651457053     
 Time :   275.136837628670     
 WOCIVL440M0100NH220/N_atom200E+10_Vexp200E+03_Vemit300E+02_tauD000E+00_Vran118E
 +01                  
 Start
           0
 set_grid_done
 set_clumps_done
 Done
 TIME :    1.93477018177509       sec
          50 %           9   120.006713738199     
 	 100 %           1   238.043135182932     
 Time :   238.185925735161     
 WOCIVL440M0100NH220/N_atom200E+10_Vexp300E+03_Vemit300E+02_tauD000E+00_Vran118E
 +01                  
 Start
           0
 set_grid_done
 set_clumps_done
 Done
 TIME :    1.93435308500193       sec
          50 %           1   107.471770307515     
 	 100 %           6   212.314395630267     
 Time :   212.456455141073     
 WOCIVL440M0100NH220/N_atom200E+10_Vexp500E+01_Vemit300E+02_tauD000E+00_Vran118E
 +01                  
 Start
           0
 set_grid_done
 set_clumps_done
 Done
 TIME :    1.93396716937423       sec
          50 %           9   266.261114838999     
 	 100 %           6   529.864442784572     
 Time :   530.007942686090     
 WOCIVL440M0100NH220/N_atom200E+10_Vexp100E+02_Vemit300E+02_tauD000E+00_Vran300E
 +01                  
 Start
           0
 set_grid_done
 set_clumps_done
 Done
 TIME :    1.95403989730403       sec
          50 %           1   257.039769557538     
 	 100 %           9   512.872408497846     
 Time :   513.016308973776     
 WOCIVL440M0100NH220/N_atom200E+10_Vexp200E+02_Vemit300E+02_tauD000E+00_Vran300E
 +01                  
 Start
           0
 set_grid_done
 set_clumps_done
 Done
 TIME :    1.95404381491244       sec
          50 %           4   183.806399202906     
 	 100 %           3   365.965554788709     
 Time :   366.108897362137     
 WOCIVL440M0100NH220/N_atom200E+10_Vexp300E+02_Vemit300E+02_tauD000E+00_Vran300E
 +01                  
 Start
           0
 set_grid_done
 set_clumps_done
 Done
 TIME :    1.95062229456380       sec
          50 %           5   158.436440219637     
 	 100 %           1   314.523422246333     
 Time :   314.664006247651     
 WOCIVL440M0100NH220/N_atom200E+10_Vexp400E+02_Vemit300E+02_tauD000E+00_Vran300E
 +01                  
 Start
           0
 set_grid_done
 set_clumps_done
 Done
 TIME :    1.95631292834878       sec
          50 %           1   144.978677369421     
 	 100 %           6   287.955736450385     
 Time :   288.098215643084     
 WOCIVL440M0100NH220/N_atom200E+10_Vexp500E+02_Vemit300E+02_tauD000E+00_Vran300E
 +01                  
 Start
           0
 set_grid_done
 set_clumps_done
 Done
 TIME :    1.95152524276637       sec
          50 %           1   137.061155155068     
 	 100 %           7   272.031040469883     
 Time :   272.172109981999     
 WOCIVL440M0100NH220/N_atom200E+10_Vexp600E+02_Vemit300E+02_tauD000E+00_Vran300E
 +01                  
 Start
           0
 set_grid_done
 set_clumps_done
 Done
 TIME :    1.95255438820459       sec
          50 %           5   132.432394984178     
 	 100 %           7   263.212095867377     
 Time :   263.354624797590     
 WOCIVL440M0100NH220/N_atom200E+10_Vexp700E+02_Vemit300E+02_tauD000E+00_Vran300E
 +01                  
 Start
           0
 set_grid_done
 set_clumps_done
 Done
 TIME :    1.92664287635125       sec
          50 %           5   130.469844190404     
 	 100 %           2   258.422101726755     
 Time :   258.565825256286     
 WOCIVL440M0100NH220/N_atom200E+10_Vexp800E+02_Vemit300E+02_tauD000E+00_Vran300E
 +01                  
 Start
           0
 set_grid_done
 set_clumps_done
 Done
 TIME :    1.92873248853721       sec
          50 %           8   127.284978614422     
 	 100 %           5   252.526139973430     
 Time :   252.668065251317     
 WOCIVL440M0100NH220/N_atom200E+10_Vexp900E+02_Vemit300E+02_tauD000E+00_Vran300E
 +01                  
 Start
           0
 set_grid_done
 set_clumps_done
 Done
 TIME :    1.92677682870999       sec
          50 %           4   124.607708417112     
 	 100 %           6   247.389470207971     
 Time :   247.532327972120     
 WOCIVL440M0100NH220/N_atom200E+10_Vexp100E+03_Vemit300E+02_tauD000E+00_Vran300E
 +01                  
 Start
           0
 set_grid_done
 set_clumps_done
 Done
 TIME :    1.92982614017092       sec
          50 %           4   121.651729903882     
 	 100 %           9   241.571575981798     
 Time :   241.712248256197     
 WOCIVL440M0100NH220/N_atom200E+10_Vexp200E+03_Vemit300E+02_tauD000E+00_Vran300E
 +01                  
 Start
           0
 set_grid_done
 set_clumps_done
 Done
 TIME :    1.93700614059344       sec
          50 %           1   96.9980663601309     
 	 100 %           8   192.201797988731     
 Time :   192.341575059807     
 WOCIVL440M0100NH220/N_atom200E+10_Vexp300E+03_Vemit300E+02_tauD000E+00_Vran300E
 +01                  
 Start
           0
 set_grid_done
 set_clumps_done
 Done
 TIME :    1.93404957070015       sec
          50 %           4   83.3233693244401     
 	 100 %           4   164.669475253671     
 Time :   164.811613378348     
 WOCIVL440M0100NH220/N_atom200E+10_Vexp500E+01_Vemit300E+02_tauD000E+00_Vran300E
 +01                  
 Start
           0
 set_grid_done
 set_clumps_done
 Done
 TIME :    1.93003965821117       sec
          50 %           7   402.136775786988     
 	 100 %           4   803.034956801217     
 Time :   803.176736925030     
 WOCIVL440M0100NH220/N_atom200E+10_Vexp100E+02_Vemit300E+02_tauD000E+00_Vran500E
 +01                  
 Start
           0
 set_grid_done
 set_clumps_done
 Done
 TIME :    1.92260191310197       sec
          50 %           3   334.000542291440     
 	 100 %           4   666.058610113803     
 Time :   666.198845552513     
 WOCIVL440M0100NH220/N_atom200E+10_Vexp200E+02_Vemit300E+02_tauD000E+00_Vran500E
 +01                  
 Start
           0
 set_grid_done
 set_clumps_done
 Done
 TIME :    1.92329101264477       sec
          50 %           8   217.270188399591     
 	 100 %           8   432.505821550963     
 Time :   432.648834508844     
 WOCIVL440M0100NH220/N_atom200E+10_Vexp300E+02_Vemit300E+02_tauD000E+00_Vran500E
 +01                  
 Start
           0
 set_grid_done
 set_clumps_done
 Done
 TIME :    1.92366973427124       sec
          50 %           4   177.701482118340     
 	 100 %           8   353.634922564495     
 Time :   353.776918831514     
 WOCIVL440M0100NH220/N_atom200E+10_Vexp400E+02_Vemit300E+02_tauD000E+00_Vran500E
 +01                  
 Start
           0
 set_grid_done
 set_clumps_done
 Done
 TIME :    1.92444319883361       sec
          50 %           8   158.866825239500     
 	 100 %           3   316.054156406783     
 Time :   316.195922252489     
 WOCIVL440M0100NH220/N_atom200E+10_Vexp500E+02_Vemit300E+02_tauD000E+00_Vran500E
 +01                  
 Start
           0
 set_grid_done
 set_clumps_done
 Done
 TIME :    1.92817463609390       sec
          50 %           8   151.145917439135     
 	 100 %           4   300.228618223686     
 Time :   300.370383839123     
 WOCIVL440M0100NH220/N_atom200E+10_Vexp600E+02_Vemit300E+02_tauD000E+00_Vran500E
 +01                  
 Start
           0
 set_grid_done
 set_clumps_done
 Done
 TIME :    1.92110122460872       sec
          50 %           8   146.463864486665     
 	 100 %           5   291.035320536932     
 Time :   291.177870077547     
 WOCIVL440M0100NH220/N_atom200E+10_Vexp700E+02_Vemit300E+02_tauD000E+00_Vran500E
 +01                  
 Start
           0
 set_grid_done
 set_clumps_done
 Done
 TIME :    1.92156282835640       sec
          50 %           3   141.203811884625     
 	 100 %           2   280.519548809156     
 Time :   280.664392902981     
 WOCIVL440M0100NH220/N_atom200E+10_Vexp800E+02_Vemit300E+02_tauD000E+00_Vran500E
 +01                  
 Start
           0
 set_grid_done
 set_clumps_done
 Done
 TIME :    1.91987814940512       sec
          50 %           5   135.934177639196     
 	 100 %           7   270.109914587345     
 Time :   270.252966631902     
 WOCIVL440M0100NH220/N_atom200E+10_Vexp900E+02_Vemit300E+02_tauD000E+00_Vran500E
 +01                  
 Start
           0
 set_grid_done
 set_clumps_done
 Done
 TIME :    1.92142379609868       sec
          50 %           7   130.827182825888     
 	 100 %           8   259.823199925013     
 Time :   259.966937321704     
 WOCIVL440M0100NH220/N_atom200E+10_Vexp100E+03_Vemit300E+02_tauD000E+00_Vran500E
 +01                  
 Start
           0
 set_grid_done
 set_clumps_done
 Done
 TIME :    1.92016342794523       sec
          50 %           3   126.054257811047     
 	 100 %           6   250.208566879854     
 Time :   250.352158791618     
 WOCIVL440M0100NH220/N_atom200E+10_Vexp200E+03_Vemit300E+02_tauD000E+00_Vran500E
 +01                  
 Start
           0
 set_grid_done
 set_clumps_done
 Done
 TIME :    1.91899631242268       sec
          50 %           7   94.0354789947160     
 	 100 %           2   186.177878499264     
 Time :   186.322141655488     
 WOCIVL440M0100NH220/N_atom200E+10_Vexp300E+03_Vemit300E+02_tauD000E+00_Vran500E
 +01                  
 Start
           0
 set_grid_done
 set_clumps_done
 Done
 TIME :    1.92022179230116       sec
          50 %           2   79.0339673580602     
 	 100 %           1   156.229626342654     
 Time :   156.370215023169     
 WOCIVL440M0100NH220/N_atom200E+10_Vexp500E+01_Vemit300E+02_tauD000E+00_Vran500E
 +01                  
 Start
           0
 set_grid_done
 set_clumps_done
 Done
 TIME :    1.91841492406093       sec
          50 %           2   560.857688240008     
 	 100 %           3   1118.75646105525     
 Time :   1118.90160242119     
 WOCIVL440M0100NH220/N_atom200E+10_Vexp100E+02_Vemit400E+02_tauD000E+00_Vran118E
 +01                  
 Start
           0
 set_grid_done
 set_clumps_done
 Done
 TIME :    1.93260122439824       sec
          50 %           7   176.286656728713     
 	 100 %           9   350.836261200486     
 Time :   350.978223430924     
 WOCIVL440M0100NH220/N_atom200E+10_Vexp200E+02_Vemit400E+02_tauD000E+00_Vran118E
 +01                  
 Start
           0
 set_grid_done
 set_clumps_done
 Done
 TIME :    1.93263043183833       sec
          50 %           7   148.565912463702     
 	 100 %           1   295.427427747753     
 Time :   295.569822475081     
 WOCIVL440M0100NH220/N_atom200E+10_Vexp300E+02_Vemit400E+02_tauD000E+00_Vran118E
 +01                  
 Start
           0
 set_grid_done
 set_clumps_done
 Done
 TIME :    1.91915128589608       sec
          50 %           8   139.322587088915     
 	 100 %           6   276.824970538262     
 Time :   276.971032988047     
 WOCIVL440M0100NH220/N_atom200E+10_Vexp400E+02_Vemit400E+02_tauD000E+00_Vran118E
 +01                  
 Start
           0
 set_grid_done
 set_clumps_done
 Done
 TIME :    1.92162272566929       sec
          50 %           2   134.580797455739     
 	 100 %           8   267.209258450195     
 Time :   267.350650864653     
 WOCIVL440M0100NH220/N_atom200E+10_Vexp500E+02_Vemit400E+02_tauD000E+00_Vran118E
 +01                  
 Start
           0
 set_grid_done
 set_clumps_done
 Done
 TIME :    1.93159826053306       sec
          50 %           4   131.069216623437     
 	 100 %           3   260.093082247535     
 Time :   260.238101123599     
 WOCIVL440M0100NH220/N_atom200E+10_Vexp600E+02_Vemit400E+02_tauD000E+00_Vran118E
 +01                  
 Start
           0
 set_grid_done
 set_clumps_done
 Done
 TIME :    1.93055885517970       sec
          50 %           2   129.102579076542     
 	 100 %           1   255.794819780160     
 Time :   255.937004045350     
 WOCIVL440M0100NH220/N_atom200E+10_Vexp700E+02_Vemit400E+02_tauD000E+00_Vran118E
 +01                  
 Start
           0
 set_grid_done
 set_clumps_done
 Done
 TIME :    1.93117151479237       sec
          50 %           6   127.365341196069     
 	 100 %           6   252.583767242962     
 Time :   252.725679004565     
 WOCIVL440M0100NH220/N_atom200E+10_Vexp800E+02_Vemit400E+02_tauD000E+00_Vran118E
 +01                  
 Start
           0
 set_grid_done
 set_clumps_done
 Done
 TIME :    1.93138664611615       sec
          50 %           7   127.439848762006     
 	 100 %           8   252.305137390736     
 Time :   252.450238317484     
 WOCIVL440M0100NH220/N_atom200E+10_Vexp900E+02_Vemit400E+02_tauD000E+00_Vran118E
 +01                  
 Start
           0
 set_grid_done
 set_clumps_done
 Done
 TIME :    1.93054423644207       sec
          50 %           9   126.650971236872     
 	 100 %           3   251.379146590829     
 Time :   251.522201711312     
 WOCIVL440M0100NH220/N_atom200E+10_Vexp100E+03_Vemit400E+02_tauD000E+00_Vran118E
 +01                  
 Start
           0
 set_grid_done
 set_clumps_done
 Done
 TIME :    1.92924370965920       sec
          50 %           3   125.713723653462     
 	 100 %           4   249.371208316181     
 Time :   249.515520989196     
 WOCIVL440M0100NH220/N_atom200E+10_Vexp200E+03_Vemit400E+02_tauD000E+00_Vran118E
 +01                  
 Start
           0
 set_grid_done
 set_clumps_done
 Done
 TIME :    1.93043575412594       sec
          50 %           4   111.347242818447     
 	 100 %           4   221.119582701940     
 Time :   221.263828093419     
 WOCIVL440M0100NH220/N_atom200E+10_Vexp300E+03_Vemit400E+02_tauD000E+00_Vran118E
 +01                  
 Start
           0
 set_grid_done
 set_clumps_done
 Done
 TIME :    1.93083252082579       sec
          50 %           4   99.8481599020306     
 	 100 %           3   197.461897492409     
 Time :   197.605471278541     
 WOCIVL440M0100NH220/N_atom200E+10_Vexp500E+01_Vemit400E+02_tauD000E+00_Vran118E
 +01                  
 Start
           0
 set_grid_done
 set_clumps_done
 Done
 TIME :    1.93004958773963       sec
          50 %           2   231.413686915068     
 	 100 %           8   460.768778805388     
 Time :   460.913649351103     
 WOCIVL440M0100NH220/N_atom200E+10_Vexp100E+02_Vemit400E+02_tauD000E+00_Vran300E
 +01                  
 Start
           0
 set_grid_done
 set_clumps_done
 Done
 TIME :    1.93317524855956       sec
          50 %           7   224.974498095922     
 	 100 %           2   448.819669485791     
 Time :   448.961095636478     
 WOCIVL440M0100NH220/N_atom200E+10_Vexp200E+02_Vemit400E+02_tauD000E+00_Vran300E
 +01                  
 Start
           0
 set_grid_done
 set_clumps_done
 Done
 TIME :    1.93673373712227       sec
          50 %           8   162.831885416992     
 	 100 %           1   323.673933185171     
 Time :   323.815941255307     
 WOCIVL440M0100NH220/N_atom200E+10_Vexp300E+02_Vemit400E+02_tauD000E+00_Vran300E
 +01                  
 Start
           0
 set_grid_done
 set_clumps_done
 Done
 TIME :    1.93235139525495       sec
          50 %           5   141.408764637308     
 	 100 %           5   280.288228140911     
 Time :   280.431429076940     
 WOCIVL440M0100NH220/N_atom200E+10_Vexp400E+02_Vemit400E+02_tauD000E+00_Vran300E
 +01                  
 Start
           0
 set_grid_done
 set_clumps_done
 Done
 TIME :    1.93610011623241       sec
          50 %           2   129.948960198788     
 	 100 %           5   258.056486102752     
 Time :   258.199155287584     
 WOCIVL440M0100NH220/N_atom200E+10_Vexp500E+02_Vemit400E+02_tauD000E+00_Vran300E
 +01                  
 Start
           0
 set_grid_done
 set_clumps_done
 Done
 TIME :    1.93355227704160       sec
          50 %           5   123.471047718776     
 	 100 %           2   245.024806057801     
 Time :   245.168446745025     
 WOCIVL440M0100NH220/N_atom200E+10_Vexp600E+02_Vemit400E+02_tauD000E+00_Vran300E
 +01                  
 Start
           0
 set_grid_done
 set_clumps_done
 Done
 TIME :    1.93348955409601       sec
          50 %           1   120.191697035683     
 	 100 %           1   238.217043021461     
 Time :   238.359470202355     
 WOCIVL440M0100NH220/N_atom200E+10_Vexp700E+02_Vemit400E+02_tauD000E+00_Vran300E
 +01                  
 Start
           0
 set_grid_done
 set_clumps_done
 Done
 TIME :    1.93343875464052       sec
          50 %           7   118.038691038964     
 	 100 %           5   233.965448482428     
 Time :   234.107497522840     
 WOCIVL440M0100NH220/N_atom200E+10_Vexp800E+02_Vemit400E+02_tauD000E+00_Vran300E
 +01                  
 Start
           0
 set_grid_done
 set_clumps_done
 Done
 TIME :    1.93731875251979       sec
          50 %           2   116.363484542817     
 	 100 %           7   230.717697449727     
 Time :   230.859082269249     
 WOCIVL440M0100NH220/N_atom200E+10_Vexp900E+02_Vemit400E+02_tauD000E+00_Vran300E
 +01                  
 Start
           0
 set_grid_done
 set_clumps_done
 Done
 TIME :    1.93689110525884       sec
          50 %           3   114.514228780987     
 	 100 %           3   227.110910067102     
 Time :   227.252738846000     
 WOCIVL440M0100NH220/N_atom200E+10_Vexp100E+03_Vemit400E+02_tauD000E+00_Vran300E
 +01                  
 Start
           0
 set_grid_done
 set_clumps_done
 Done
 TIME :    1.93233670643531       sec
          50 %           4   112.556877569295     
 	 100 %           5   223.052279623691     
 Time :   223.192506255349     
 WOCIVL440M0100NH220/N_atom200E+10_Vexp200E+03_Vemit400E+02_tauD000E+00_Vran300E
 +01                  
 Start
           0
 set_grid_done
 set_clumps_done
 Done
 TIME :    1.92200811044313       sec
          50 %           2   92.4587771072984     
 	 100 %           6   183.096590496134     
 Time :   183.238019792829     
 WOCIVL440M0100NH220/N_atom200E+10_Vexp300E+03_Vemit400E+02_tauD000E+00_Vran300E
 +01                  
 Start
           0
 set_grid_done
 set_clumps_done
 Done
 TIME :    1.92540434119292       sec
          50 %           4   80.2754804457072     
 	 100 %           4   158.656395691680     
 Time :   158.799414350884     
 WOCIVL440M0100NH220/N_atom200E+10_Vexp500E+01_Vemit400E+02_tauD000E+00_Vran300E
 +01                  
 Start
           0
 set_grid_done
 set_clumps_done
 Done
 TIME :    1.92370304954238       sec
          50 %           5   348.811885036062     
 	 100 %           4   696.016063859686     
 Time :   696.158516790951     
 WOCIVL440M0100NH220/N_atom200E+10_Vexp100E+02_Vemit400E+02_tauD000E+00_Vran500E
 +01                  
 Start
           0
 set_grid_done
 set_clumps_done
 Done
 TIME :    1.93081996636465       sec
          50 %           7   291.685053268913     
 	 100 %           2   582.412429237273     
 Time :   582.553541403031     
 WOCIVL440M0100NH220/N_atom200E+10_Vexp200E+02_Vemit400E+02_tauD000E+00_Vran500E
 +01                  
 Start
           0
 set_grid_done
 set_clumps_done
 Done
 TIME :    1.93273430527188       sec
          50 %           7   192.854004154215     
 	 100 %           7   383.659881453495     
 Time :   383.802435262362     
 WOCIVL440M0100NH220/N_atom200E+10_Vexp300E+02_Vemit400E+02_tauD000E+00_Vran500E
 +01                  
 Start
           0
 set_grid_done
 set_clumps_done
 Done
 TIME :    1.92891438491642       sec
          50 %           2   159.155859015649     
 	 100 %           2   316.324353936361     
 Time :   316.464928749716     
 WOCIVL440M0100NH220/N_atom200E+10_Vexp400E+02_Vemit400E+02_tauD000E+00_Vran500E
 +01                  
 Start
           0
 set_grid_done
 set_clumps_done
 Done
 TIME :    1.92845214949921       sec
          50 %           3   143.328834211687     
 	 100 %           3   284.555058125174     
 Time :   284.699588103686     
 WOCIVL440M0100NH220/N_atom200E+10_Vexp500E+02_Vemit400E+02_tauD000E+00_Vran500E
 +01                  
 Start
           0
 set_grid_done
 set_clumps_done
 Done
 TIME :    1.92973952065222       sec
          50 %           2   136.875389065128     
 	 100 %           4   271.835640985286     
 Time :   271.977999692084     
 WOCIVL440M0100NH220/N_atom200E+10_Vexp600E+02_Vemit400E+02_tauD000E+00_Vran500E
 +01                  
 Start
           0
 set_grid_done
 set_clumps_done
 Done
 TIME :    1.93036110792309       sec
          50 %           4   133.086244718404     
 	 100 %           3   264.211363903945     
 Time :   264.354047246510     
 WOCIVL440M0100NH220/N_atom200E+10_Vexp700E+02_Vemit400E+02_tauD000E+00_Vran500E
 +01                  
 Start
           0
 set_grid_done
 set_clumps_done
 Done
 TIME :    1.92634818959050       sec
          50 %           1   128.993020891910     
 	 100 %           3   256.294122048654     
 Time :   256.435767348390     
 WOCIVL440M0100NH220/N_atom200E+10_Vexp800E+02_Vemit400E+02_tauD000E+00_Vran500E
 +01                  
 Start
           0
 set_grid_done
 set_clumps_done
 Done
 TIME :    1.92972463159822       sec
          50 %           1   124.929315039655     
 	 100 %           8   247.940201949561     
 Time :   248.082597017521     
 WOCIVL440M0100NH220/N_atom200E+10_Vexp900E+02_Vemit400E+02_tauD000E+00_Vran500E
 +01                  
 Start
           0
 set_grid_done
 set_clumps_done
 Done
 TIME :    1.92321997368708       sec
          50 %           9   120.904594230698     
 	 100 %           3   239.832344046561     
 Time :   239.976274621440     
 WOCIVL440M0100NH220/N_atom200E+10_Vexp100E+03_Vemit400E+02_tauD000E+00_Vran500E
 +01                  
 Start
           0
 set_grid_done
 set_clumps_done
 Done
 TIME :    1.92416292009875       sec
          50 %           8   117.190586571814     
 	 100 %           6   232.415577797452     
 Time :   232.556699832669     
 WOCIVL440M0100NH220/N_atom200E+10_Vexp200E+03_Vemit400E+02_tauD000E+00_Vran500E
 +01                  
 Start
           0
 set_grid_done
 set_clumps_done
 Done
 TIME :    1.92394772847183       sec
          50 %           3   90.5927900210954     
 	 100 %           5   179.238717530156     
 Time :   179.391388110351     
 WOCIVL440M0100NH220/N_atom200E+10_Vexp300E+03_Vemit400E+02_tauD000E+00_Vran500E
 +01                  
 Start
           0
 set_grid_done
 set_clumps_done
 Done
 TIME :    1.91853148234077       sec
          50 %           9   76.7849613677245     
 	 100 %           2   151.716082356172     
 Time :   151.860183434794     
 WOCIVL440M0100NH220/N_atom200E+10_Vexp500E+01_Vemit400E+02_tauD000E+00_Vran500E
 +01                  
 Start
           0
 set_grid_done
 set_clumps_done
 Done
 TIME :    1.92040010145865       sec
          50 %           1   486.023636860307     
 	 100 %           4   971.103794894414     
 Time :   971.245396718848     
 WOCIVL440M0100NH220/N_atom200E+10_Vexp100E+02_Vemit500E+02_tauD000E+00_Vran118E
 +01                  
 Start
           0
 set_grid_done
 set_clumps_done
 Done
 TIME :    1.94339120434597       sec
          50 %           9   157.225003569853     
 	 100 %           5   312.704948614351     
 Time :   312.848681021249     
 WOCIVL440M0100NH220/N_atom200E+10_Vexp200E+02_Vemit500E+02_tauD000E+00_Vran118E
 +01                  
 Start
           0
 set_grid_done
 set_clumps_done
 Done
 TIME :    1.95056765759364       sec
          50 %           8   133.584046398290     
 	 100 %           2   265.612125402782     
 Time :   265.752591633471     
 WOCIVL440M0100NH220/N_atom200E+10_Vexp300E+02_Vemit500E+02_tauD000E+00_Vran118E
 +01                  
 Start
           0
 set_grid_done
 set_clumps_done
 Done
 TIME :    1.95233653159812       sec
          50 %           1   125.343183916528     
 	 100 %           1   248.715647901874     
 Time :   248.856465260265     
 WOCIVL440M0100NH220/N_atom200E+10_Vexp400E+02_Vemit500E+02_tauD000E+00_Vran118E
 +01                  
 Start
           0
 set_grid_done
 set_clumps_done
 Done
 TIME :    1.91853426769376       sec
          50 %           1   120.617455385160     
 	 100 %           1   240.363973931177     
 Time :   240.504789415980     
 WOCIVL440M0100NH220/N_atom200E+10_Vexp500E+02_Vemit500E+02_tauD000E+00_Vran118E
 +01                  
 Start
           0
 set_grid_done
 set_clumps_done
 Done
 TIME :    1.91681743552908       sec
          50 %           9   118.484816763550     
 	 100 %           3   235.581021740567     
 Time :   235.723166067386     
 WOCIVL440M0100NH220/N_atom200E+10_Vexp600E+02_Vemit500E+02_tauD000E+00_Vran118E
 +01                  
 Start
           0
 set_grid_done
 set_clumps_done
 Done
 TIME :    1.91961825033650       sec
          50 %           7   116.588874146575     
 	 100 %           4   231.552925231168     
 Time :   231.695353283547     
 WOCIVL440M0100NH220/N_atom200E+10_Vexp700E+02_Vemit500E+02_tauD000E+00_Vran118E
 +01                  
 Start
           0
 set_grid_done
 set_clumps_done
 Done
 TIME :    1.92688898835331       sec
          50 %           4   115.523298371583     
 	 100 %           6   229.171296469402     
 Time :   229.313532906584     
 WOCIVL440M0100NH220/N_atom200E+10_Vexp800E+02_Vemit500E+02_tauD000E+00_Vran118E
 +01                  
 Start
           0
 set_grid_done
 set_clumps_done
 Done
 TIME :    1.91964747756720       sec
          50 %           7   115.826140748570     
 	 100 %           6   229.673798574135     
 Time :   229.816064619459     
 WOCIVL440M0100NH220/N_atom200E+10_Vexp900E+02_Vemit500E+02_tauD000E+00_Vran118E
 +01                  
 Start
           0
 set_grid_done
 set_clumps_done
 Done
 TIME :    1.91991776693612       sec
          50 %           9   115.167805691250     
 	 100 %           8   228.727204748197     
 Time :   228.869994829642     
 WOCIVL440M0100NH220/N_atom200E+10_Vexp100E+03_Vemit500E+02_tauD000E+00_Vran118E
 +01                  
 Start
           0
 set_grid_done
 set_clumps_done
 Done
 TIME :    1.91867501311935       sec
          50 %           7   115.089717192808     
 	 100 %           5   228.240436975379     
 Time :   228.384777683532     
 WOCIVL440M0100NH220/N_atom200E+10_Vexp200E+03_Vemit500E+02_tauD000E+00_Vran118E
 +01                  
 Start
           0
 set_grid_done
 set_clumps_done
 Done
 TIME :    1.91916264826432       sec
          50 %           6   104.628655111184     
 	 100 %           9   207.359678287292     
 Time :   207.502423280384     
 WOCIVL440M0100NH220/N_atom200E+10_Vexp300E+03_Vemit500E+02_tauD000E+00_Vran118E
 +01                  
 Start
           0
 set_grid_done
 set_clumps_done
 Done
 TIME :    1.91975661134347       sec
          50 %           3   94.5583843544591     
 	 100 %           3   186.993711700663     
 Time :   187.138830732787     
 WOCIVL440M0100NH220/N_atom200E+10_Vexp500E+01_Vemit500E+02_tauD000E+00_Vran118E
 +01                  
 Start
           0
 set_grid_done
 set_clumps_done
 Done
 TIME :    1.91971810604446       sec
          50 %           5   205.735237684334     
 	 100 %           8   408.796569239115     
 Time :   408.938649180112     
 WOCIVL440M0100NH220/N_atom200E+10_Vexp100E+02_Vemit500E+02_tauD000E+00_Vran300E
 +01                  
 Start
           0
 set_grid_done
 set_clumps_done
 Done
 TIME :    1.91916436143219       sec
          50 %           6   201.318438650109     
 	 100 %           2   400.189187393291     
 Time :   400.330590468831     
 WOCIVL440M0100NH220/N_atom200E+10_Vexp200E+02_Vemit500E+02_tauD000E+00_Vran300E
 +01                  
 Start
           0
 set_grid_done
 set_clumps_done
 Done
 TIME :    1.92145608924329       sec
          50 %           9   146.653055533534     
 	 100 %           1   290.685305162333     
 Time :   290.826699099736     
 WOCIVL440M0100NH220/N_atom200E+10_Vexp300E+02_Vemit500E+02_tauD000E+00_Vran300E
 +01                  
 Start
           0
 set_grid_done
 set_clumps_done
 Done
 TIME :    1.92035776865669       sec
          50 %           6   128.468326428672     
 	 100 %           3   253.950922642136     
 Time :   254.094523371197     
 WOCIVL440M0100NH220/N_atom200E+10_Vexp400E+02_Vemit500E+02_tauD000E+00_Vran300E
 +01                  
 Start
           0
 set_grid_done
 set_clumps_done
 Done
 TIME :    1.91920434986241       sec
          50 %           2   118.305765953846     
 	 100 %           2   234.463700133609     
 Time :   234.607773908880     
 WOCIVL440M0100NH220/N_atom200E+10_Vexp500E+02_Vemit500E+02_tauD000E+00_Vran300E
 +01                  
 Start
           0
 set_grid_done
 set_clumps_done
 Done
 TIME :    1.91954684071243       sec
          50 %           7   112.594346363563     
 	 100 %           1   223.325705184834     
 Time :   223.467800165294     
 WOCIVL440M0100NH220/N_atom200E+10_Vexp600E+02_Vemit500E+02_tauD000E+00_Vran300E
 +01                  
 Start
           0
 set_grid_done
 set_clumps_done
 Done
 TIME :    1.92210388788953       sec
          50 %           5   109.843576063169     
 	 100 %           8   217.708643893478     
 Time :   217.849745107815     
 WOCIVL440M0100NH220/N_atom200E+10_Vexp700E+02_Vemit500E+02_tauD000E+00_Vran300E
 +01                  
 Start
           0
 set_grid_done
 set_clumps_done
 Done
 TIME :    1.92894298071042       sec
          50 %           5   108.695101800840     
 	 100 %           4   215.534787035547     
 Time :   215.677300204756     
 WOCIVL440M0100NH220/N_atom200E+10_Vexp800E+02_Vemit500E+02_tauD000E+00_Vran300E
 +01                  
 Start
           0
 set_grid_done
 set_clumps_done
 Done
 TIME :    1.92046025930904       sec
          50 %           4   107.747611739673     
 	 100 %           2   214.087258584332     
 Time :   214.232808710774     
 WOCIVL440M0100NH220/N_atom200E+10_Vexp900E+02_Vemit500E+02_tauD000E+00_Vran300E
 +01                  
 Start
           0
 set_grid_done
 set_clumps_done
 Done
 TIME :    1.97397295152768       sec
          50 %           7   109.464442427270     
 	 100 %           2   246.487182375276     
 Time :   246.680251757149     
 WOCIVL440M0100NH220/N_atom200E+10_Vexp100E+03_Vemit500E+02_tauD000E+00_Vran300E
 +01                  
 Start
           0
 set_grid_done
 set_clumps_done
 Done
 TIME :    3.14015739527531       sec
          50 %           2   148.872800042387     
 	 100 %           6   285.217929616338     
 Time :   285.400300187059     
 WOCIVL440M0100NH220/N_atom200E+10_Vexp200E+03_Vemit500E+02_tauD000E+00_Vran300E
 +01                  
 Start
           0
 set_grid_done
 set_clumps_done
 Done
 TIME :    2.09097012365237       sec
          50 %           6   117.292932122014     
 	 100 %           7   229.266829969827     
 Time :   229.456071285531     
 WOCIVL440M0100NH220/N_atom200E+10_Vexp300E+03_Vemit500E+02_tauD000E+00_Vran300E
 +01                  
 Start
           0
 set_grid_done
 set_clumps_done
 Done
 TIME :    3.71167028159834       sec
          50 %           1   104.340571185108     
 	 100 %           7   202.625658719800     
 Time :   202.795833187411     
 WOCIVL440M0100NH220/N_atom200E+10_Vexp500E+01_Vemit500E+02_tauD000E+00_Vran300E
 +01                  
 Start
           0
 set_grid_done
 set_clumps_done
 Done
 TIME :    2.05450471444055       sec
          50 %           7   376.656854738016     
 	 100 %           3   766.185982208466     
 Time :   766.361701033311     
 WOCIVL440M0100NH220/N_atom200E+10_Vexp100E+02_Vemit500E+02_tauD000E+00_Vran500E
 +01                  
 Start
           0
 set_grid_done
 set_clumps_done
 Done
 TIME :    2.04670997033827       sec
          50 %           3   333.870553448331     
 	 100 %           9   660.449495314155     
 Time :   660.638658596668     
 WOCIVL440M0100NH220/N_atom200E+10_Vexp200E+02_Vemit500E+02_tauD000E+00_Vran500E
 +01                  
 Start
           0
 set_grid_done
 set_clumps_done
 Done
 TIME :    3.72469318402000       sec
          50 %           1   224.932964341715     
 	 100 %           5   441.122213991592     
 Time :   441.308319095522     
 WOCIVL440M0100NH220/N_atom200E+10_Vexp300E+02_Vemit500E+02_tauD000E+00_Vran500E
 +01                  
 Start
           0
 set_grid_done
 set_clumps_done
 Done
 TIME :    3.71398511459120       sec
          50 %           2   177.615595168667     
 	 100 %           9   353.990921295946     
 Time :   354.166735377396     
 WOCIVL440M0100NH220/N_atom200E+10_Vexp400E+02_Vemit500E+02_tauD000E+00_Vran500E
 +01                  
 Start
           0
 set_grid_done
 set_clumps_done
 Done
 TIME :    2.06467854743823       sec
          50 %           4   168.114928119583     
 	 100 %           6   337.523469563341     
 Time :   337.710439019836     
 WOCIVL440M0100NH220/N_atom200E+10_Vexp500E+02_Vemit500E+02_tauD000E+00_Vran500E
 +01                  
 Start
           0
 set_grid_done
 set_clumps_done
 Done
 TIME :    3.70290946564637       sec
          50 %           7   167.492761459667     
 	 100 %           2   332.866231014021     
 Time :   333.040386236971     
 WOCIVL440M0100NH220/N_atom200E+10_Vexp600E+02_Vemit500E+02_tauD000E+00_Vran500E
 +01                  
 Start
           0
 set_grid_done
 set_clumps_done
 Done
 TIME :    2.06209596013650       sec
          50 %           4   160.788274084684     
 	 100 %           7   310.530105094193     
 Time :   310.718491325155     
 WOCIVL440M0100NH220/N_atom200E+10_Vexp700E+02_Vemit500E+02_tauD000E+00_Vran500E
 +01                  
 Start
           0
 set_grid_done
 set_clumps_done
 Done
 TIME :    3.24384861066937       sec
          50 %           1   161.031109231291     
 	 100 %           8   319.233268515673     
 Time :   319.403398405993     
 WOCIVL440M0100NH220/N_atom200E+10_Vexp800E+02_Vemit500E+02_tauD000E+00_Vran500E
 +01                  
 Start
           0
 set_grid_done
 set_clumps_done
 Done
 TIME :    2.07467082515359       sec
          50 %           6   156.013791118981     
 	 100 %           1   317.942505212966     
 Time :   318.120823758654     
 WOCIVL440M0100NH220/N_atom200E+10_Vexp900E+02_Vemit500E+02_tauD000E+00_Vran500E
 +01                  
 Start
           0
 set_grid_done
 set_clumps_done
 Done
 TIME :    3.34344710130244       sec
          50 %           9   146.782712126151     
 	 100 %           2   289.599547616206     
 Time :   289.788395651616     
 WOCIVL440M0100NH220/N_atom200E+10_Vexp100E+03_Vemit500E+02_tauD000E+00_Vran500E
 +01                  
 Start
           0
 set_grid_done
 set_clumps_done
 Done
 TIME :    3.73848869954236       sec
          50 %           8   145.199822511524     
 	 100 %           7   285.746111438842     
 Time :   285.927447834285     
 WOCIVL440M0100NH220/N_atom200E+10_Vexp200E+03_Vemit500E+02_tauD000E+00_Vran500E
 +01                  
 Start
           0
 set_grid_done
 set_clumps_done
 Done
 TIME :    3.21953096007928       sec
          50 %           6   112.278759459034     
 	 100 %           3   222.449535898864     
 Time :   222.638325289590     
 WOCIVL440M0100NH220/N_atom200E+10_Vexp300E+03_Vemit500E+02_tauD000E+00_Vran500E
 +01                  
 Start
           0
 set_grid_done
 set_clumps_done
 Done
 TIME :    3.72747231624089       sec
          50 %           9   101.537601674674     
 	 100 %           2   199.388082121499     
 Time :   199.565906679956     
 WOCIVL440M0100NH220/N_atom200E+10_Vexp500E+01_Vemit500E+02_tauD000E+00_Vran500E
 +01                  
 Start
           0
 set_grid_done
 set_clumps_done
 Done
 TIME :    2.04797171102837       sec
          50 %           3   546.849361557281     
 	 100 %           3   1067.49419604195     
 Time :   1067.67247291608     
 WOCIVL440M0100NH220/N_atom200E+10_Vexp100E+02_Vemit600E+02_tauD000E+00_Vran118E
 +01                  
 Start
           0
 set_grid_done
 set_clumps_done
 Done
 TIME :    2.63694773521274       sec
          50 %           4   174.763176483568     
 	 100 %           7   363.853153377073     
 Time :   364.045219724765     
 WOCIVL440M0100NH220/N_atom200E+10_Vexp200E+02_Vemit600E+02_tauD000E+00_Vran118E
 +01                  
 Start
           0
 set_grid_done
 set_clumps_done
 Done
 TIME :    3.71251197997481       sec
          50 %           5   167.978508493397     
 	 100 %           9   322.725643808721     
 Time :   322.908646848053     
 WOCIVL440M0100NH220/N_atom200E+10_Vexp300E+02_Vemit600E+02_tauD000E+00_Vran118E
 +01                  
 Start
           0
 set_grid_done
 set_clumps_done
 Done
 TIME :    2.16423552692868       sec
          50 %           4   142.612877254840     
 	 100 %           1   285.843205585377     
 Time :   286.033289250452     
 WOCIVL440M0100NH220/N_atom200E+10_Vexp400E+02_Vemit600E+02_tauD000E+00_Vran118E
 +01                  
 Start
           0
 set_grid_done
 set_clumps_done
 Done
 TIME :    3.71484943735413       sec
          50 %           5   145.309377249097     
 	 100 %           7   285.987223511329     
 Time :   286.177952640224     
 WOCIVL440M0100NH220/N_atom200E+10_Vexp500E+02_Vemit600E+02_tauD000E+00_Vran118E
 +01                  
 Start
           0
 set_grid_done
 set_clumps_done
 Done
 TIME :    2.29479993740097       sec
          50 %           5   144.027537681628     
 	 100 %           1   287.352038477082     
 Time :   287.544429981615     
 WOCIVL440M0100NH220/N_atom200E+10_Vexp600E+02_Vemit600E+02_tauD000E+00_Vran118E
 +01                  
 Start
           0
 set_grid_done
 set_clumps_done
 Done
 TIME :    3.00470293872058       sec
          50 %           3   147.661207977915     
 	 100 %           4   277.549160106806     
 Time :   277.736514106393     
 WOCIVL440M0100NH220/N_atom200E+10_Vexp700E+02_Vemit600E+02_tauD000E+00_Vran118E
 +01                  
 Start
           0
 set_grid_done
 set_clumps_done
 Done
 TIME :    3.72807901445776       sec
          50 %           8   135.299195953878     
 	 100 %           4   273.239250320941     
 Time :   273.415559652261     
 WOCIVL440M0100NH220/N_atom200E+10_Vexp800E+02_Vemit600E+02_tauD000E+00_Vran118E
 +01                  
 Start
           0
 set_grid_done
 set_clumps_done
 Done
 TIME :    2.05357424239628       sec
          50 %           4   140.027521640994     
 	 100 %           3   276.450349449180     
 Time :   276.643594795605     
 WOCIVL440M0100NH220/N_atom200E+10_Vexp900E+02_Vemit600E+02_tauD000E+00_Vran118E
 +01                  
 Start
           0
 set_grid_done
 set_clumps_done
 Done
 TIME :    3.73475714190863       sec
          50 %           2   140.552718307823     
 	 100 %           7   275.856173061533     
 Time :   276.043977533234     
 WOCIVL440M0100NH220/N_atom200E+10_Vexp100E+03_Vemit600E+02_tauD000E+00_Vran118E
 +01                  
 Start
           0
 set_grid_done
 set_clumps_done
 Done
 TIME :    2.93606872437522       sec
          50 %           6   133.739265749697     
 	 100 %           2   266.178764424752     
 Time :   266.355086881667     
 WOCIVL440M0100NH220/N_atom200E+10_Vexp200E+03_Vemit600E+02_tauD000E+00_Vran118E
 +01                  
 Start
           0
 set_grid_done
 set_clumps_done
 Done
 TIME :    2.05115192895755       sec
          50 %           2   120.211032098858     
 	 100 %           2   237.768893854460     
 Time :   237.958368406864     
 WOCIVL440M0100NH220/N_atom200E+10_Vexp300E+03_Vemit600E+02_tauD000E+00_Vran118E
 +01                  
 Start
           0
 set_grid_done
 set_clumps_done
 Done
 TIME :    2.29288616962731       sec
          50 %           1   111.444981867680     
 	 100 %           3   214.414447348099     
 Time :   214.600744598312     
 WOCIVL440M0100NH220/N_atom200E+10_Vexp500E+01_Vemit600E+02_tauD000E+00_Vran118E
 +01                  
 Start
           0
 set_grid_done
 set_clumps_done
 Done
 TIME :    3.71792553109117       sec
          50 %           7   214.793640109943     
 	 100 %           1   419.102685114136     
 Time :   419.277353071142     
 WOCIVL440M0100NH220/N_atom200E+10_Vexp100E+02_Vemit600E+02_tauD000E+00_Vran300E
 +01                  
 Start
           0
 set_grid_done
 set_clumps_done
 Done
 TIME :    2.42188156745397       sec
          50 %           7   212.707672181772     
 	 100 %           9   432.361336620292     
 Time :   432.539394405438     
 WOCIVL440M0100NH220/N_atom200E+10_Vexp200E+02_Vemit600E+02_tauD000E+00_Vran300E
 +01                  
 Start
           0
 set_grid_done
 set_clumps_done
 Done
 TIME :    2.61104812659323       sec
          50 %           5   163.334445695626     
 	 100 %           6   326.206969754072     
 Time :   326.386957729002     
 WOCIVL440M0100NH220/N_atom200E+10_Vexp300E+02_Vemit600E+02_tauD000E+00_Vran300E
 +01                  
 Start
           0
 set_grid_done
 set_clumps_done
 Done
 TIME :    2.05511384736747       sec
          50 %           1   150.626712045167     
 	 100 %           9   291.580954525620     
 Time :   291.754780594027     
 WOCIVL440M0100NH220/N_atom200E+10_Vexp400E+02_Vemit600E+02_tauD000E+00_Vran300E
 +01                  
 Start
           0
 set_grid_done
 set_clumps_done
 Done
 TIME :    2.87127812718973       sec
          50 %           2   136.455691664247     
 	 100 %           9   277.586244788487     
 Time :   277.775659503648     
 WOCIVL440M0100NH220/N_atom200E+10_Vexp500E+02_Vemit600E+02_tauD000E+00_Vran300E
 +01                  
 Start
           0
 set_grid_done
 set_clumps_done
 Done
 TIME :    3.73138681193814       sec
          50 %           1   135.835007697809     
 	 100 %           4   270.719470993150     
 Time :   270.899121327093     
 WOCIVL440M0100NH220/N_atom200E+10_Vexp600E+02_Vemit600E+02_tauD000E+00_Vran300E
 +01                  
 Start
           0
 set_grid_done
 set_clumps_done
 Done
 TIME :    2.19339576060884       sec
          50 %           4   136.860004628310     
 	 100 %           9   270.015034706797     
 Time :   270.200179951265     
 WOCIVL440M0100NH220/N_atom200E+10_Vexp700E+02_Vemit600E+02_tauD000E+00_Vran300E
 +01                  
 Start
           0
 set_grid_done
 set_clumps_done
 Done
 TIME :    3.73329261410981       sec
          50 %           7   131.154363644077     
 	 100 %           6   265.253943125252     
 Time :   265.433017942123     
 WOCIVL440M0100NH220/N_atom200E+10_Vexp800E+02_Vemit600E+02_tauD000E+00_Vran300E
 +01                  
 Start
           0
 set_grid_done
 set_clumps_done
 Done
 TIME :    3.07252812874503       sec
          50 %           3   137.603184073931     
 	 100 %           7   267.040513381595     
 Time :   267.224961170228     
 WOCIVL440M0100NH220/N_atom200E+10_Vexp900E+02_Vemit600E+02_tauD000E+00_Vran300E
 +01                  
 Start
           0
 set_grid_done
 set_clumps_done
 Done
 TIME :    3.72804476739839       sec
          50 %           6   124.715015523368     
 	 100 %           3   246.710037094774     
 Time :   246.901761753485     
 WOCIVL440M0100NH220/N_atom200E+10_Vexp100E+03_Vemit600E+02_tauD000E+00_Vran300E
 +01                  
 Start
           0
 set_grid_done
 set_clumps_done
 Done
 TIME :    3.26977764675394       sec
          50 %           8   126.098862539046     
 	 100 %           4   248.328988418216     
 Time :   248.519859675784     
 WOCIVL440M0100NH220/N_atom200E+10_Vexp200E+03_Vemit600E+02_tauD000E+00_Vran300E
 +01                  
 Start
           0
 set_grid_done
 set_clumps_done
 Done
 TIME :    3.71750303381123       sec
          50 %           5   116.281298450194     
 	 100 %           3   224.146191418171     
 Time :   224.335113428300     
 WOCIVL440M0100NH220/N_atom200E+10_Vexp300E+03_Vemit600E+02_tauD000E+00_Vran300E
 +01                  
 Start
           0
 set_grid_done
 set_clumps_done
 Done
 TIME :    3.71944265207276       sec
          50 %           8   95.6312675292138     
 	 100 %           4   190.637011524523     
 Time :   190.812436764361     
 WOCIVL440M0100NH220/N_atom200E+10_Vexp500E+01_Vemit600E+02_tauD000E+00_Vran300E
 +01                  
 Start
           0
 set_grid_done
 set_clumps_done
 Done
 TIME :    2.87142363213934       sec
          50 %           6   331.372943604365     
 	 100 %           5   656.774937368231     
 Time :   656.959803075297     
 WOCIVL440M0100NH220/N_atom200E+10_Vexp100E+02_Vemit600E+02_tauD000E+00_Vran500E
 +01                  
 Start
           0
 set_grid_done
 set_clumps_done
 Done
 TIME :    3.72596886218525       sec
          50 %           6   279.380046055419     
 	 100 %           5   560.857353374129     
 Time :   561.036101681646     
 WOCIVL440M0100NH220/N_atom200E+10_Vexp200E+02_Vemit600E+02_tauD000E+00_Vran500E
 +01                  
 Start
           0
 set_grid_done
 set_clumps_done
 Done
 TIME :    2.32913652760908       sec
          50 %           4   203.257524643792     
 	 100 %           4   411.821705792332     
 Time :   412.013414910529     
 WOCIVL440M0100NH220/N_atom200E+10_Vexp300E+02_Vemit600E+02_tauD000E+00_Vran500E
 +01                  
 Start
           0
 set_grid_done
 set_clumps_done
 Done
 TIME :    3.72960608475842       sec
          50 %           1   173.742740544723     
 	 100 %           2   342.872284526005     
 Time :   343.064294984331     
 WOCIVL440M0100NH220/N_atom200E+10_Vexp400E+02_Vemit600E+02_tauD000E+00_Vran500E
 +01                  
 Start
           0
 set_grid_done
 set_clumps_done
 Done
 TIME :    3.37328705587424       sec
          50 %           3   150.804228590336     
 	 100 %           3   302.912348281126     
 Time :   303.102905884385     
 WOCIVL440M0100NH220/N_atom200E+10_Vexp500E+02_Vemit600E+02_tauD000E+00_Vran500E
 +01                  
 Start
           0
 set_grid_done
 set_clumps_done
 Done
 TIME :    3.73184552020393       sec
          50 %           2   149.566157332854     
 	 100 %           7   297.739417647477     
 Time :   297.931845072424     
 WOCIVL440M0100NH220/N_atom200E+10_Vexp600E+02_Vemit600E+02_tauD000E+00_Vran500E
 +01                  
 Start
           0
 set_grid_done
 set_clumps_done
 Done
 TIME :    3.73909853352234       sec
          50 %           7   146.626537854783     
 	 100 %           8   290.270699532703     
 Time :   290.456126999808     
 WOCIVL440M0100NH220/N_atom200E+10_Vexp700E+02_Vemit600E+02_tauD000E+00_Vran500E
 +01                  
 Start
           0
 set_grid_done
 set_clumps_done
 Done
 TIME :    3.03093382599764       sec
          50 %           9   136.404075005092     
 	 100 %           2   271.890767437639     
 Time :   272.065294208005     
 WOCIVL440M0100NH220/N_atom200E+10_Vexp800E+02_Vemit600E+02_tauD000E+00_Vran500E
 +01                  
 Start
           0
 set_grid_done
 set_clumps_done
 Done
 TIME :    2.07380171329714       sec
          50 %           9   131.681384012103     
 	 100 %           3   268.980566028273     
 Time :   269.169335900573     
 WOCIVL440M0100NH220/N_atom200E+10_Vexp900E+02_Vemit600E+02_tauD000E+00_Vran500E
 +01                  
 Start
           0
 set_grid_done
 set_clumps_done
 Done
 TIME :    2.40396374952979       sec
          50 %           3   136.329970478313     
 	 100 %           6   261.652021060232     
 Time :   261.825840796111     
 WOCIVL440M0100NH220/N_atom200E+10_Vexp100E+03_Vemit600E+02_tauD000E+00_Vran500E
 +01                  
 Start
           0
 set_grid_done
 set_clumps_done
 Done
 TIME :    2.07743472768925       sec
          50 %           3   127.669439252000     
 	 100 %           6   253.304373404244     
 Time :   253.482770133298     
 WOCIVL440M0100NH220/N_atom200E+10_Vexp200E+03_Vemit600E+02_tauD000E+00_Vran500E
 +01                  
 Start
           0
 set_grid_done
 set_clumps_done
 Done
 TIME :    3.66687702434137       sec
          50 %           7   110.786193021573     
 	 100 %           2   219.394655368989     
 Time :   219.587685904698     
 WOCIVL440M0100NH220/N_atom200E+10_Vexp300E+03_Vemit600E+02_tauD000E+00_Vran500E
 +01                  
 Start
           0
 set_grid_done
 set_clumps_done
 Done
 TIME :    3.03811067016795       sec
          50 %           7   96.7442892659456     
 	 100 %           1   189.682625689777     
 Time :   189.860275876708     
 WOCIVL440M0100NH220/N_atom200E+10_Vexp500E+01_Vemit600E+02_tauD000E+00_Vran500E
 +01                  
 Start
           0
 set_grid_done
 set_clumps_done
 Done
 TIME :    2.48175924411044       sec
          50 %           4   486.505486571928     
 	 100 %           2   967.872125273338     
 Time :   968.044470962603     
 WOCIVL440M0100NH220/N_atom200E+10_Vexp100E+02_Vemit700E+02_tauD000E+00_Vran118E
 +01                  
 Start
           0
 set_grid_done
 set_clumps_done
 Done
 TIME :    2.07133457181044       sec
          50 %           5   164.045216266066     
 	 100 %           8   327.719108680030     
 Time :   327.901998617686     
 WOCIVL440M0100NH220/N_atom200E+10_Vexp200E+02_Vemit700E+02_tauD000E+00_Vran118E
 +01                  
 Start
           0
 set_grid_done
 set_clumps_done
 Done
 TIME :    2.65150239714421       sec
          50 %           4   146.412569166627     
 	 100 %           4   293.903908526292     
 Time :   294.088964174967     
 WOCIVL440M0100NH220/N_atom200E+10_Vexp300E+02_Vemit700E+02_tauD000E+00_Vran118E
 +01                  
 Start
           0
 set_grid_done
 set_clumps_done
 Done
 TIME :    3.71908696554601       sec
          50 %           9   136.993487613974     
 	 100 %           3   272.779175219825     
 Time :   272.970825172029     
 WOCIVL440M0100NH220/N_atom200E+10_Vexp400E+02_Vemit700E+02_tauD000E+00_Vran118E
 +01                  
 Start
           0
 set_grid_done
 set_clumps_done
 Done
 TIME :    3.73060585255735       sec
          50 %           2   136.767255159793     
 	 100 %           5   264.833823858527     
 Time :   265.022519775899     
 WOCIVL440M0100NH220/N_atom200E+10_Vexp500E+02_Vemit700E+02_tauD000E+00_Vran118E
 +01                  
 Start
           0
 set_grid_done
 set_clumps_done
 Done
 TIME :    3.73824966116808       sec
          50 %           4   129.304033448221     
 	 100 %           7   253.121179921785     
 Time :   253.297242239350     
 WOCIVL440M0100NH220/N_atom200E+10_Vexp600E+02_Vemit700E+02_tauD000E+00_Vran118E
 +01                  
 Start
           0
 set_grid_done
 set_clumps_done
 Done
 TIME :    3.69934587716125       sec
          50 %           7   121.525196226779     
 	 100 %           7   246.704586841865     
 Time :   246.895204392262     
 WOCIVL440M0100NH220/N_atom200E+10_Vexp700E+02_Vemit700E+02_tauD000E+00_Vran118E
 +01                  
 Start
           0
 set_grid_done
 set_clumps_done
 Done
 TIME :    3.72514620120637       sec
          50 %           9   122.077606945997     
 	 100 %           1   240.812115012435     
 Time :   240.999809478875     
 WOCIVL440M0100NH220/N_atom200E+10_Vexp800E+02_Vemit700E+02_tauD000E+00_Vran118E
 +01                  
 Start
           0
 set_grid_done
 set_clumps_done
 Done
 TIME :    3.11482992721722       sec
          50 %           4   121.215606366051     
 	 100 %           2   238.451986985048     
 Time :   238.629713972332     
 WOCIVL440M0100NH220/N_atom200E+10_Vexp900E+02_Vemit700E+02_tauD000E+00_Vran118E
 +01                  
 Start
           0
 set_grid_done
 set_clumps_done
 Done
 TIME :    2.06420865748078       sec
          50 %           9   119.032889207359     
 	 100 %           4   238.575239216210     
 Time :   238.758884633426     
 WOCIVL440M0100NH220/N_atom200E+10_Vexp100E+03_Vemit700E+02_tauD000E+00_Vran118E
 +01                  
 Start
           0
 set_grid_done
 set_clumps_done
 Done
 TIME :    3.72300708224066       sec
          50 %           6   125.860400395934     
 	 100 %           6   244.730608289363     
 Time :   244.914952294668     
 WOCIVL440M0100NH220/N_atom200E+10_Vexp200E+03_Vemit700E+02_tauD000E+00_Vran118E
 +01                  
 Start
           0
 set_grid_done
 set_clumps_done
 Done
 TIME :    3.72993683256209       sec
          50 %           3   113.615381375421     
 	 100 %           6   227.904590978520     
 Time :   228.085697203176     
 WOCIVL440M0100NH220/N_atom200E+10_Vexp300E+03_Vemit700E+02_tauD000E+00_Vran118E
 +01                  
 Start
           0
 set_grid_done
 set_clumps_done
 Done
 TIME :    3.73095426498912       sec
          50 %           3   111.212250627112     
 	 100 %           3   221.554990958655     
 Time :   221.728686230956     
 WOCIVL440M0100NH220/N_atom200E+10_Vexp500E+01_Vemit700E+02_tauD000E+00_Vran118E
 +01                  
 Start
           0
 set_grid_done
 set_clumps_done
 Done
 TIME :    2.06270246789791       sec
          50 %           9   207.268608147278     
 	 100 %           8   419.484581981320     
 Time :   419.676291850861     
 WOCIVL440M0100NH220/N_atom200E+10_Vexp100E+02_Vemit700E+02_tauD000E+00_Vran300E
 +01                  
 Start
           0
 set_grid_done
 set_clumps_done
 Done
 TIME :    3.73528753058054       sec
          50 %           4   209.148796533467     
 	 100 %           5   409.190995842684     
 Time :   409.364617109997     
 WOCIVL440M0100NH220/N_atom200E+10_Vexp200E+02_Vemit700E+02_tauD000E+00_Vran300E
 +01                  
 Start
           0
 set_grid_done
 set_clumps_done
 Done
 TIME :    2.59640921978280       sec
          50 %           3   149.865530516487     
 	 100 %           1   298.622881538235     
 Time :   298.814711783780     
 WOCIVL440M0100NH220/N_atom200E+10_Vexp300E+02_Vemit700E+02_tauD000E+00_Vran300E
 +01                  
 Start
           0
 set_grid_done
 set_clumps_done
 Done
 TIME :    2.82589814090170       sec
          50 %           6   141.507928366773     
 	 100 %           7   282.151567161549     
 Time :   282.335298166377     
 WOCIVL440M0100NH220/N_atom200E+10_Vexp400E+02_Vemit700E+02_tauD000E+00_Vran300E
 +01                  
 Start
           0
 set_grid_done
 set_clumps_done
 Done
 TIME :    3.71201865398325       sec
          50 %           8   135.413917900529     
 	 100 %           1   269.413636096288     
 Time :   269.606349440990     
 WOCIVL440M0100NH220/N_atom200E+10_Vexp500E+02_Vemit700E+02_tauD000E+00_Vran300E
 +01                  
 Start
           0
 set_grid_done
 set_clumps_done
 Done
 TIME :    3.28133001923561       sec
          50 %           3   128.358740369556     
 	 100 %           1   253.272079253569     
 Time :   253.452589651570     
 WOCIVL440M0100NH220/N_atom200E+10_Vexp600E+02_Vemit700E+02_tauD000E+00_Vran300E
 +01                  
 Start
           0
 set_grid_done
 set_clumps_done
 Done
 TIME :    2.05744757736102       sec
          50 %           8   122.855330949416     
 	 100 %           1   235.136951681692     
 Time :   235.318125138292     
 WOCIVL440M0100NH220/N_atom200E+10_Vexp700E+02_Vemit700E+02_tauD000E+00_Vran300E
 +01                  
 Start
           0
 set_grid_done
 set_clumps_done
 Done
 TIME :    3.72575200744905       sec
          50 %           3   115.084317338420     
 	 100 %           9   232.689881518250     
 Time :   232.865487942938     
 WOCIVL440M0100NH220/N_atom200E+10_Vexp800E+02_Vemit700E+02_tauD000E+00_Vran300E
 +01                  
 Start
           0
 set_grid_done
 set_clumps_done
 Done
 TIME :    2.06151657574810       sec
          50 %           7   112.094291551504     
 	 100 %           6   221.283247782383     
 Time :   221.460795949679     
 WOCIVL440M0100NH220/N_atom200E+10_Vexp900E+02_Vemit700E+02_tauD000E+00_Vran300E
 +01                  
 Start
           0
 set_grid_done
 set_clumps_done
 Done
 TIME :    2.30736954207532       sec
          50 %           8   116.645886331797     
 	 100 %           6   231.360382290091     
 Time :   231.551071280614     
 WOCIVL440M0100NH220/N_atom200E+10_Vexp100E+03_Vemit700E+02_tauD000E+00_Vran300E
 +01                  
 Start
           0
 set_grid_done
 set_clumps_done
 Done
 TIME :    3.72499702894129       sec
          50 %           7   114.851028505946     
 	 100 %           8   224.254403737141     
 Time :   224.439230638091     
 WOCIVL440M0100NH220/N_atom200E+10_Vexp200E+03_Vemit700E+02_tauD000E+00_Vran300E
 +01                  
 Start
           0
 set_grid_done
 set_clumps_done
 Done
 TIME :    2.88381798355840       sec
          50 %           6   104.407924641389     
 	 100 %           2   206.649742741836     
 Time :   206.841517378343     
 WOCIVL440M0100NH220/N_atom200E+10_Vexp300E+03_Vemit700E+02_tauD000E+00_Vran300E
 +01                  
 Start
           0
 set_grid_done
 set_clumps_done
 Done
 TIME :    3.18970018345863       sec
          50 %           5   92.1178664721083     
 	 100 %           5   184.436634203186     
 Time :   184.609811811708     
 WOCIVL440M0100NH220/N_atom200E+10_Vexp500E+01_Vemit700E+02_tauD000E+00_Vran300E
 +01                  
 Start
           0
 set_grid_done
 set_clumps_done
 Done
 TIME :    2.07008970412426       sec
          50 %           2   314.340132335201     
 	 100 %           6   627.028318534140     
 Time :   627.205430897884     
 WOCIVL440M0100NH220/N_atom200E+10_Vexp100E+02_Vemit700E+02_tauD000E+00_Vran500E
 +01                  
 Start
           0
 set_grid_done
 set_clumps_done
 Done
 TIME :    3.71695548132993       sec
          50 %           2   274.953134758864     
 	 100 %           8   547.802995680133     
 Time :   547.980599816889     
 WOCIVL440M0100NH220/N_atom200E+10_Vexp200E+02_Vemit700E+02_tauD000E+00_Vran500E
 +01                  
 Start
           0
 set_grid_done
 set_clumps_done
 Done
 TIME :    2.05835726880468       sec
          50 %           7   185.397964396980     
 	 100 %           2   363.403734303080     
 Time :   363.582737289369     
 WOCIVL440M0100NH220/N_atom200E+10_Vexp300E+02_Vemit700E+02_tauD000E+00_Vran500E
 +01                  
 Start
           0
 set_grid_done
 set_clumps_done
 Done
 TIME :    2.89409106108360       sec
          50 %           5   153.802827575943     
 	 100 %           4   308.289400319569     
 Time :   308.476674693404     
 WOCIVL440M0100NH220/N_atom200E+10_Vexp400E+02_Vemit700E+02_tauD000E+00_Vran500E
 +01                  
 Start
           0
 set_grid_done
 set_clumps_done
 Done
 TIME :    3.72933597583324       sec
          50 %           7   139.607567938510     
 	 100 %           4   271.514338888926     
 Time :   271.706754700979     
 WOCIVL440M0100NH220/N_atom200E+10_Vexp500E+02_Vemit700E+02_tauD000E+00_Vran500E
 +01                  
 Start
           0
 set_grid_done
 set_clumps_done
 Done
 TIME :    3.72823977936059       sec
          50 %           8   139.141085970914     
 	 100 %           8   276.166572256945     
 Time :   276.346377303824     
 WOCIVL440M0100NH220/N_atom200E+10_Vexp600E+02_Vemit700E+02_tauD000E+00_Vran500E
 +01                  
 Start
           0
 set_grid_done
 set_clumps_done
 Done
 TIME :    2.06322219572030       sec
          50 %           1   135.743967095856     
 	 100 %           9   270.842087539611     
 Time :   271.024992266437     
 WOCIVL440M0100NH220/N_atom200E+10_Vexp700E+02_Vemit700E+02_tauD000E+00_Vran500E
 +01                  
 Start
           0
 set_grid_done
 set_clumps_done
 Done
 TIME :    3.44611968193203       sec
          50 %           4   139.910733909113     
 	 100 %           8   277.617965877056     
 Time :   277.810598694021     
 WOCIVL440M0100NH220/N_atom200E+10_Vexp800E+02_Vemit700E+02_tauD000E+00_Vran500E
 +01                  
 Start
           0
 set_grid_done
 set_clumps_done
 Done
 TIME :    3.40442330925725       sec
          50 %           5   136.678036786150     
 	 100 %           2   270.048065890791     
 Time :   270.227270161035     
 WOCIVL440M0100NH220/N_atom200E+10_Vexp900E+02_Vemit700E+02_tauD000E+00_Vran500E
 +01                  
 Start
           0
 set_grid_done
 set_clumps_done
 Done
 TIME :    2.09100317815319       sec
          50 %           9   130.921529421816     
 	 100 %           6   263.281184912426     
 Time :   263.461154030403     
 WOCIVL440M0100NH220/N_atom200E+10_Vexp100E+03_Vemit700E+02_tauD000E+00_Vran500E
 +01                  
 Start
           0
 set_grid_done
 set_clumps_done
 Done
 TIME :    2.51666989852674       sec
          50 %           7   129.221936841030     
 	 100 %           2   255.610500092385     
 Time :   255.803203748073     
 WOCIVL440M0100NH220/N_atom200E+10_Vexp200E+03_Vemit700E+02_tauD000E+00_Vran500E
 +01                  
 Start
           0
 set_grid_done
 set_clumps_done
 Done
 TIME :    3.71843072050251       sec
          50 %           3   110.356723534409     
 	 100 %           9   215.211116340943     
 Time :   215.386754247360     
 WOCIVL440M0100NH220/N_atom200E+10_Vexp300E+03_Vemit700E+02_tauD000E+00_Vran500E
 +01                  
 Start
           0
 set_grid_done
 set_clumps_done
 Done
 TIME :    2.06900311633945       sec
          50 %           7   95.8377240668051     
 	 100 %           2   189.756364319706     
 Time :   189.949830849422     
 WOCIVL440M0100NH220/N_atom200E+10_Vexp500E+01_Vemit700E+02_tauD000E+00_Vran500E
 +01                  
 Start
           0
 set_grid_done
 set_clumps_done
 Done
 TIME :    3.73590259510092       sec
          50 %           9   464.560014207149     
 	 100 %           6   929.450815223856     
 Time :   929.641239806544     
 WOCIVL440M0100NH220/N_atom200E+10_Vexp100E+02_Vemit800E+02_tauD000E+00_Vran118E
 +01                  
 Start
           0
 set_grid_done
 set_clumps_done
 Done
 TIME :    3.25326494034380       sec
          50 %           5   159.549063245533     
 	 100 %           3   306.109114090912     
 Time :   306.288453916786     
 WOCIVL440M0100NH220/N_atom200E+10_Vexp200E+02_Vemit800E+02_tauD000E+00_Vran118E
 +01                  
 Start
           0
 set_grid_done
 set_clumps_done
 Done
 TIME :    2.63162885908969       sec
          50 %           9   126.676016662503     
 	 100 %           1   252.977290357230     
 Time :   253.168403828982     
 WOCIVL440M0100NH220/N_atom200E+10_Vexp300E+02_Vemit800E+02_tauD000E+00_Vran118E
 +01                  
 Start
           0
 set_grid_done
 set_clumps_done
 Done
 TIME :    2.86145715508610       sec
          50 %           7   126.222174437018     
 	 100 %           8   244.924736795248     
 Time :   245.103661377914     
 WOCIVL440M0100NH220/N_atom200E+10_Vexp400E+02_Vemit800E+02_tauD000E+00_Vran118E
 +01                  
 Start
           0
 set_grid_done
 set_clumps_done
 Done
 TIME :    2.06356867402792       sec
          50 %           9   123.726140739629     
 	 100 %           3   249.528222411871     
 Time :   249.723614762770     
 WOCIVL440M0100NH220/N_atom200E+10_Vexp500E+02_Vemit800E+02_tauD000E+00_Vran118E
 +01                  
 Start
           0
 set_grid_done
 set_clumps_done
 Done
 TIME :    3.37012784951366       sec
          50 %           2   126.921619459288     
 	 100 %           1   250.457087279996     
 Time :   250.635790499160     
 WOCIVL440M0100NH220/N_atom200E+10_Vexp600E+02_Vemit800E+02_tauD000E+00_Vran118E
 +01                  
 Start
           0
 set_grid_done
 set_clumps_done
 Done
 TIME :    2.06612253538333       sec
          50 %           2   123.025773471920     
 	 100 %           5   245.802314880071     
 Time :   245.982517355122     
 WOCIVL440M0100NH220/N_atom200E+10_Vexp700E+02_Vemit800E+02_tauD000E+00_Vran118E
 +01                  
 Start
           0
 set_grid_done
 set_clumps_done
 Done
 TIME :    2.06453317287378       sec
          50 %           3   125.348587418208     
 	 100 %           6   245.843882029643     
 Time :   246.032570201904     
 WOCIVL440M0100NH220/N_atom200E+10_Vexp800E+02_Vemit800E+02_tauD000E+00_Vran118E
 +01                  
 Start
           0
 set_grid_done
 set_clumps_done
 Done
 TIME :    3.72130869631656       sec
          50 %           1   122.149829447269     
 	 100 %           9   244.905385941267     
 Time :   245.097550320905     
 WOCIVL440M0100NH220/N_atom200E+10_Vexp900E+02_Vemit800E+02_tauD000E+00_Vran118E
 +01                  
 Start
           0
 set_grid_done
 set_clumps_done
 Done
 TIME :    2.66830594278872       sec
          50 %           8   132.868037950713     
 	 100 %           4   259.628336289432     
 Time :   259.820510378107     
 WOCIVL440M0100NH220/N_atom200E+10_Vexp100E+03_Vemit800E+02_tauD000E+00_Vran118E
 +01                  
 Start
           0
 set_grid_done
 set_clumps_done
 Done
 TIME :    3.72680659266189       sec
          50 %           6   122.351974631893     
 	 100 %           8   244.923816893715     
 Time :   245.111132929102     
 WOCIVL440M0100NH220/N_atom200E+10_Vexp200E+03_Vemit800E+02_tauD000E+00_Vran118E
 +01                  
 Start
           0
 set_grid_done
 set_clumps_done
 Done
 TIME :    2.57293518097140       sec
          50 %           8   115.647724140668     
 	 100 %           9   232.440887440462     
 Time :   232.634000007063     
 WOCIVL440M0100NH220/N_atom200E+10_Vexp300E+03_Vemit800E+02_tauD000E+00_Vran118E
 +01                  
 Start
           0
 set_grid_done
 set_clumps_done
 Done
 TIME :    3.72068996471353       sec
          50 %           7   110.060987142846     
 	 100 %           6   215.581883102190     
 Time :   215.759381001117     
 WOCIVL440M0100NH220/N_atom200E+10_Vexp500E+01_Vemit800E+02_tauD000E+00_Vran118E
 +01                  
 Start
           0
 set_grid_done
 set_clumps_done
 Done
 TIME :    2.79203336453065       sec
          50 %           9   197.030429581879     
 	 100 %           2   382.691864164546     
 Time :   382.878773553530     
 WOCIVL440M0100NH220/N_atom200E+10_Vexp100E+02_Vemit800E+02_tauD000E+00_Vran300E
 +01                  
 Start
           0
 set_grid_done
 set_clumps_done
 Done
 TIME :    2.11507503734902       sec
          50 %           5   189.750821936177     
 	 100 %           8   372.993103174027     
 Time :   373.175188716734     
 WOCIVL440M0100NH220/N_atom200E+10_Vexp200E+02_Vemit800E+02_tauD000E+00_Vran300E
 +01                  
 Start
           0
 set_grid_done
 set_clumps_done
 Done
 TIME :    3.71564596705139       sec
          50 %           8   142.012495134491     
 	 100 %           9   281.098126610508     
 Time :   281.288942690007     
 WOCIVL440M0100NH220/N_atom200E+10_Vexp300E+02_Vemit800E+02_tauD000E+00_Vran300E
 +01                  
 Start
           0
 set_grid_done
 set_clumps_done
 Done
 TIME :    3.71925016515888       sec
          50 %           2   130.786630613729     
 	 100 %           8   261.433898607735     
 Time :   261.622465883149     
 WOCIVL440M0100NH220/N_atom200E+10_Vexp400E+02_Vemit800E+02_tauD000E+00_Vran300E
 +01                  
 Start
           0
 set_grid_done
 set_clumps_done
 Done
 TIME :    3.70667716395110       sec
          50 %           6   130.502995509654     
 	 100 %           3   255.144494127017     
 Time :   255.320816143183     
 WOCIVL440M0100NH220/N_atom200E+10_Vexp500E+02_Vemit800E+02_tauD000E+00_Vran300E
 +01                  
 Start
           0
 set_grid_done
 set_clumps_done
 Done
 TIME :    2.07136949035339       sec
          50 %           8   126.628512376454     
 	 100 %           8   251.281916638371     
 Time :   251.461820338387     
 WOCIVL440M0100NH220/N_atom200E+10_Vexp600E+02_Vemit800E+02_tauD000E+00_Vran300E
 +01                  
 Start
           0
 set_grid_done
 set_clumps_done
 Done
 TIME :    2.50317707587965       sec
          50 %           1   117.959120067535     
 	 100 %           1   234.770854594884     
 Time :   234.958396592643     
 WOCIVL440M0100NH220/N_atom200E+10_Vexp700E+02_Vemit800E+02_tauD000E+00_Vran300E
 +01                  
 Start
           0
 set_grid_done
 set_clumps_done
 Done
 TIME :    3.33869935385883       sec
          50 %           5   116.984799304744     
 	 100 %           2   230.445416780654     
 Time :   230.620895615546     
 WOCIVL440M0100NH220/N_atom200E+10_Vexp800E+02_Vemit800E+02_tauD000E+00_Vran300E
 +01                  
 Start
           0
 set_grid_done
 set_clumps_done
 Done
 TIME :    3.65298970928416       sec
          50 %           7   113.350280326093     
 	 100 %           1   221.378172470257     
 Time :   221.562629797496     
 WOCIVL440M0100NH220/N_atom200E+10_Vexp900E+02_Vemit800E+02_tauD000E+00_Vran300E
 +01                  
 Start
           0
 set_grid_done
 set_clumps_done
 Done
 TIME :    3.33762730448507       sec
          50 %           6   108.075768749462     
 	 100 %           4   215.815915300278     
 Time :   215.993124664063     
 WOCIVL440M0100NH220/N_atom200E+10_Vexp100E+03_Vemit800E+02_tauD000E+00_Vran300E
 +01                  
 Start
           0
 set_grid_done
 set_clumps_done
 Done
 TIME :    2.09021713910624       sec
          50 %           5   111.612033139216     
 	 100 %           2   223.820206481731     
 Time :   224.001177632250     
 WOCIVL440M0100NH220/N_atom200E+10_Vexp200E+03_Vemit800E+02_tauD000E+00_Vran300E
 +01                  
 Start
           0
 set_grid_done
 set_clumps_done
 Done
 TIME :    2.09145405120216       sec
          50 %           6   106.985625785543     
 	 100 %           9   209.197396535194     
 Time :   209.387162608327     
 WOCIVL440M0100NH220/N_atom200E+10_Vexp300E+03_Vemit800E+02_tauD000E+00_Vran300E
 +01                  
 Start
           0
 set_grid_done
 set_clumps_done
 Done
 TIME :    2.70018496061675       sec
          50 %           2   95.2135461480357     
 	 100 %           2   189.203512396663     
 Time :   189.383247426245     
 WOCIVL440M0100NH220/N_atom200E+10_Vexp500E+01_Vemit800E+02_tauD000E+00_Vran300E
 +01                  
 Start
           0
 set_grid_done
 set_clumps_done
 Done
 TIME :    2.44685953110456       sec
          50 %           3   288.316535001388     
 	 100 %           2   569.413162847050     
 Time :   569.588828878477     
 WOCIVL440M0100NH220/N_atom200E+10_Vexp100E+02_Vemit800E+02_tauD000E+00_Vran500E
 +01                  
 Start
           0
 set_grid_done
 set_clumps_done
 Done
 TIME :    2.06479006586596       sec
          50 %           1   237.826851050137     
 	 100 %           8   487.003701270558     
 Time :   487.180815017084     
 WOCIVL440M0100NH220/N_atom200E+10_Vexp200E+02_Vemit800E+02_tauD000E+00_Vran500E
 +01                  
 Start
           0
 set_grid_done
 set_clumps_done
 Done
 TIME :    2.06499590910971       sec
          50 %           4   181.003636237001     
 	 100 %           5   363.162948499434     
 Time :   363.338774564443     
 WOCIVL440M0100NH220/N_atom200E+10_Vexp300E+02_Vemit800E+02_tauD000E+00_Vran500E
 +01                  
 Start
           0
 set_grid_done
 set_clumps_done
 Done
 TIME :    3.59980917745270       sec
          50 %           5   147.645607448183     
 	 100 %           2   292.312766971765     
 Time :   292.492102248594     
 WOCIVL440M0100NH220/N_atom200E+10_Vexp400E+02_Vemit800E+02_tauD000E+00_Vran500E
 +01                  
 Start
           0
 set_grid_done
 set_clumps_done
 Done
 TIME :    2.28009462030604       sec
          50 %           6   139.474855722161     
 	 100 %           2   271.638587701600     
 Time :   271.827669184189     
 WOCIVL440M0100NH220/N_atom200E+10_Vexp500E+02_Vemit800E+02_tauD000E+00_Vran500E
 +01                  
 Start
           0
 set_grid_done
 set_clumps_done
 Done
 TIME :    3.70793126965873       sec
          50 %           3   132.467446294148     
 	 100 %           3   260.911972966511     
 Time :   261.099144478794     
 WOCIVL440M0100NH220/N_atom200E+10_Vexp600E+02_Vemit800E+02_tauD000E+00_Vran500E
 +01                  
 Start
           0
 set_grid_done
 set_clumps_done
 Done
 TIME :    3.70796522614546       sec
          50 %           9   136.633412610041     
 	 100 %           3   267.583264023997     
 Time :   267.758886049269     
 WOCIVL440M0100NH220/N_atom200E+10_Vexp700E+02_Vemit800E+02_tauD000E+00_Vran500E
 +01                  
 Start
           0
 set_grid_done
 set_clumps_done
 Done
 TIME :    2.06992907938547       sec
          50 %           9   129.153432120336     
 	 100 %           5   257.698664992582     
 Time :   257.874050855404     
 WOCIVL440M0100NH220/N_atom200E+10_Vexp800E+02_Vemit800E+02_tauD000E+00_Vran500E
 +01                  
 Start
           0
 set_grid_done
 set_clumps_done
 Done
 TIME :    2.06766608776525       sec
          50 %           5   124.121672166977     
 	 100 %           7   248.177993329009     
 Time :   248.355933032930     
 WOCIVL440M0100NH220/N_atom200E+10_Vexp900E+02_Vemit800E+02_tauD000E+00_Vran500E
 +01                  
 Start
           0
 set_grid_done
 set_clumps_done
 Done
 TIME :    2.06462880014442       sec
          50 %           6   122.767227939796     
 	 100 %           5   244.025430190377     
 Time :   244.204247182235     
 WOCIVL440M0100NH220/N_atom200E+10_Vexp100E+03_Vemit800E+02_tauD000E+00_Vran500E
 +01                  
 Start
           0
 set_grid_done
 set_clumps_done
 Done
 TIME :    2.06547385500744       sec
          50 %           5   118.953252967913     
 	 100 %           5   235.918427862693     
 Time :   236.098732006969     
 WOCIVL440M0100NH220/N_atom200E+10_Vexp200E+03_Vemit800E+02_tauD000E+00_Vran500E
 +01                  
 Start
           0
 set_grid_done
 set_clumps_done
 Done
 TIME :    2.06329477764666       sec
          50 %           8   105.476708749076     
 	 100 %           3   209.383364330279     
 Time :   209.562451310921     
 WOCIVL440M0100NH220/N_atom200E+10_Vexp300E+03_Vemit800E+02_tauD000E+00_Vran500E
 +01                  
 Start
           0
 set_grid_done
 set_clumps_done
 Done
 TIME :    2.06317896093242       sec
          50 %           6   90.4365220863838     
 	 100 %           7   178.066147161182     
 Time :   178.243912313133     
 WOCIVL440M0100NH220/N_atom200E+10_Vexp500E+01_Vemit800E+02_tauD000E+00_Vran500E
 +01                  
 Start
           0
 set_grid_done
 set_clumps_done
 Done
 TIME :    2.06292765890248       sec
          50 %           9   397.126001769910     
 	 100 %           8   789.836663412396     
 Time :   790.013699967880     
 WOCIVL440M0100NH220/N_atom200E+10_Vexp100E+02_Vemit900E+02_tauD000E+00_Vran118E
 +01                  
 Start
           0
 set_grid_done
 set_clumps_done
 Done
 TIME :    2.06143711996265       sec
          50 %           8   149.274034367176     
 	 100 %           2   287.389281579060     
 Time :   287.559474522946     
 WOCIVL440M0100NH220/N_atom200E+10_Vexp200E+02_Vemit900E+02_tauD000E+00_Vran118E
 +01                  
 Start
           0
 set_grid_done
 set_clumps_done
 Done
 TIME :    2.06299469014630       sec
          50 %           5   117.330721553881     
 	 100 %           8   236.031143239932     
 Time :   236.219940155279     
 WOCIVL440M0100NH220/N_atom200E+10_Vexp300E+02_Vemit900E+02_tauD000E+00_Vran118E
 +01                  
 Start
           0
 set_grid_done
 set_clumps_done
 Done
 TIME :    3.72334798984230       sec
          50 %           4   128.253739479464     
 	 100 %           6   258.181686358759     
 Time :   258.371790774399     
 WOCIVL440M0100NH220/N_atom200E+10_Vexp400E+02_Vemit900E+02_tauD000E+00_Vran118E
 +01                  
 Start
           0
 set_grid_done
 set_clumps_done
 Done
 TIME :    3.73047693027183       sec
          50 %           8   128.102133203531     
 	 100 %           6   248.621504092822     
 Time :   248.799044855637     
 WOCIVL440M0100NH220/N_atom200E+10_Vexp500E+02_Vemit900E+02_tauD000E+00_Vran118E
 +01                  
 Start
           0
 set_grid_done
 set_clumps_done
 Done
 TIME :    2.44376958021894       sec
          50 %           6   120.209464609390     
 	 100 %           9   232.865690128878     
 Time :   233.052848736057     
 WOCIVL440M0100NH220/N_atom200E+10_Vexp600E+02_Vemit900E+02_tauD000E+00_Vran118E
 +01                  
 Start
           0
 set_grid_done
 set_clumps_done
 Done
 TIME :    3.71538765123114       sec
          50 %           6   112.980472893221     
 	 100 %           7   224.622183028143     
 Time :   224.814368078252     
 WOCIVL440M0100NH220/N_atom200E+10_Vexp700E+02_Vemit900E+02_tauD000E+00_Vran118E
 +01                  
 Start
           0
 set_grid_done
 set_clumps_done
 Done
 TIME :    3.08239144389518       sec
          50 %           2   111.261164744152     
 	 100 %           1   223.429568216670     
 Time :   223.619733571773     
 WOCIVL440M0100NH220/N_atom200E+10_Vexp800E+02_Vemit900E+02_tauD000E+00_Vran118E
 +01                  
 Start
           0
 set_grid_done
 set_clumps_done
 Done
 TIME :    3.71730509609915       sec
          50 %           9   115.580538042355     
 	 100 %           6   225.519712623209     
 Time :   225.709337810520     
 WOCIVL440M0100NH220/N_atom200E+10_Vexp900E+02_Vemit900E+02_tauD000E+00_Vran118E
 +01                  
 Start
           0
 set_grid_done
 set_clumps_done
 Done
 TIME :    3.70700212009251       sec
          50 %           7   116.176115623908     
 	 100 %           6   227.036310220370     
 Time :   227.211115726735     
 WOCIVL440M0100NH220/N_atom200E+10_Vexp100E+03_Vemit900E+02_tauD000E+00_Vran118E
 +01                  
 Start
           0
 set_grid_done
 set_clumps_done
 Done
 TIME :    2.54759183223359       sec
          50 %           7   117.021838998422     
 	 100 %           7   230.869629123015     
 Time :   231.047546823975     
 WOCIVL440M0100NH220/N_atom200E+10_Vexp200E+03_Vemit900E+02_tauD000E+00_Vran118E
 +01                  
 Start
           0
 set_grid_done
 set_clumps_done
 Done
 TIME :    3.08455930906348       sec
          50 %           9   111.318494731793     
 	 100 %           6   216.157242440851     
 Time :   216.332565500867     
 WOCIVL440M0100NH220/N_atom200E+10_Vexp300E+03_Vemit900E+02_tauD000E+00_Vran118E
 +01                  
 Start
           0
 set_grid_done
 set_clumps_done
 Done
 TIME :    2.05411465070210       sec
          50 %           9   99.1859897843096     
 	 100 %           6   196.479779971298     
 Time :   196.670256175101     
 WOCIVL440M0100NH220/N_atom200E+10_Vexp500E+01_Vemit900E+02_tauD000E+00_Vran118E
 +01                  
 Start
           0
 set_grid_done
 set_clumps_done
 Done
 TIME :    3.70141181279905       sec
          50 %           9   180.591387092136     
 	 100 %           2   347.815522128716     
 Time :   347.982509484980     
 WOCIVL440M0100NH220/N_atom200E+10_Vexp100E+02_Vemit900E+02_tauD000E+00_Vran300E
 +01                  
 Start
           0
 set_grid_done
 set_clumps_done
 Done
 TIME :    2.31029548170045       sec
          50 %           5   165.677415732760     
 	 100 %           5   326.719283562619     
 Time :   326.902278916910     
 WOCIVL440M0100NH220/N_atom200E+10_Vexp200E+02_Vemit900E+02_tauD000E+00_Vran300E
 +01                  
 Start
           0
 set_grid_done
 set_clumps_done
 Done
 TIME :    3.70446229656227       sec
          50 %           8   128.538991660113     
 	 100 %           4   256.166106509510     
 Time :   256.350738598965     
 WOCIVL440M0100NH220/N_atom200E+10_Vexp300E+02_Vemit900E+02_tauD000E+00_Vran300E
 +01                  
 Start
           0
 set_grid_done
 set_clumps_done
 Done
 TIME :    3.70888066897169       sec
          50 %           4   119.087409292348     
 	 100 %           1   236.662662535207     
 Time :   236.853468434652     
 WOCIVL440M0100NH220/N_atom200E+10_Vexp400E+02_Vemit900E+02_tauD000E+00_Vran300E
 +01                  
 Start
           0
 set_grid_done
 set_clumps_done
 Done
 TIME :    3.70622986787930       sec
          50 %           6   116.608873791294     
 	 100 %           2   231.180628503673     
 Time :   231.355750740273     
 WOCIVL440M0100NH220/N_atom200E+10_Vexp500E+02_Vemit900E+02_tauD000E+00_Vran300E
 +01                  
 Start
           0
 set_grid_done
 set_clumps_done
 Done
 TIME :    2.05482504167594       sec
          50 %           9   111.355174611090     
 	 100 %           5   221.587924671825     
 Time :   221.761821528897     
 WOCIVL440M0100NH220/N_atom200E+10_Vexp600E+02_Vemit900E+02_tauD000E+00_Vran300E
 +01                  
 Start
           0
 set_grid_done
 set_clumps_done
 Done
 TIME :    2.05207170988433       sec
          50 %           8   109.404879917856     
 	 100 %           6   213.725955124712     
 Time :   213.905233399943     
 WOCIVL440M0100NH220/N_atom200E+10_Vexp700E+02_Vemit900E+02_tauD000E+00_Vran300E
 +01                  
 Start
           0
 set_grid_done
 set_clumps_done
 Done
 TIME :    2.05550362053327       sec
          50 %           8   106.284164795652     
 	 100 %           4   209.181692061713     
 Time :   209.372482280247     
 WOCIVL440M0100NH220/N_atom200E+10_Vexp800E+02_Vemit900E+02_tauD000E+00_Vran300E
 +01                  
 Start
           0
 set_grid_done
 set_clumps_done
 Done
 TIME :    3.70816257270053       sec
          50 %           4   105.976367185125     
 	 100 %           8   206.905816583661     
 Time :   207.083649758948     
 WOCIVL440M0100NH220/N_atom200E+10_Vexp900E+02_Vemit900E+02_tauD000E+00_Vran300E
 +01                  
 Start
           0
 set_grid_done
 set_clumps_done
 Done
 TIME :    2.05067885247990       sec
          50 %           3   103.463536013616     
 	 100 %           8   205.147878065705     
 Time :   205.341164863436     
 WOCIVL440M0100NH220/N_atom200E+10_Vexp100E+03_Vemit900E+02_tauD000E+00_Vran300E
 +01                  
 Start
           0
 set_grid_done
 set_clumps_done
 Done
 TIME :    2.13056112336926       sec
          50 %           5   102.506606848212     
 	 100 %           2   203.035255691037     
 Time :   203.223722990835     
 WOCIVL440M0100NH220/N_atom200E+10_Vexp200E+03_Vemit900E+02_tauD000E+00_Vran300E
 +01                  
 Start
           0
 set_grid_done
 set_clumps_done
 Done
 TIME :    3.53794041159563       sec
          50 %           3   95.5359920740593     
 	 100 %           1   187.866928604897     
 Time :   188.041754881851     
 WOCIVL440M0100NH220/N_atom200E+10_Vexp300E+03_Vemit900E+02_tauD000E+00_Vran300E
 +01                  
 Start
           0
 set_grid_done
 set_clumps_done
 Done
 TIME :    2.05258280085400       sec
          50 %           5   91.7623664974235     
 	 100 %           3   180.309391177958     
 Time :   180.486596804578     
 WOCIVL440M0100NH220/N_atom200E+10_Vexp500E+01_Vemit900E+02_tauD000E+00_Vran300E
 +01                  
 Start
           0
 set_grid_done
 set_clumps_done
 Done
 TIME :    2.05754147120751       sec
          50 %           1   249.807609667536     
 	 100 %           4   494.592499574879     
 Time :   494.783836353803     
 WOCIVL440M0100NH220/N_atom200E+10_Vexp100E+02_Vemit900E+02_tauD000E+00_Vran500E
 +01                  
 Start
           0
 set_grid_done
 set_clumps_done
 Done
 TIME :    2.13172189658508       sec
          50 %           5   216.882281893864     
 	 100 %           6   428.009572672658     
 Time :   428.178490018472     
 WOCIVL440M0100NH220/N_atom200E+10_Vexp200E+02_Vemit900E+02_tauD000E+00_Vran500E
 +01                  
 Start
           0
 set_grid_done
 set_clumps_done
 Done
 TIME :    2.05614680005237       sec
          50 %           1   156.079355672002     
 	 100 %           4   304.093555443455     
 Time :   304.274919623276     
 WOCIVL440M0100NH220/N_atom200E+10_Vexp300E+02_Vemit900E+02_tauD000E+00_Vran500E
 +01                  
 Start
           0
 set_grid_done
 set_clumps_done
 Done
 TIME :    2.06256881612353       sec
          50 %           1   133.695064271335     
 	 100 %           6   272.270816917066     
 Time :   272.460875923745     
 WOCIVL440M0100NH220/N_atom200E+10_Vexp400E+02_Vemit900E+02_tauD000E+00_Vran500E
 +01                  
 Start
           0
 set_grid_done
 set_clumps_done
 Done
 TIME :    3.69519247347489       sec
          50 %           1   131.761074237060     
 	 100 %           8   256.575188251911     
 Time :   256.766620708397     
 WOCIVL440M0100NH220/N_atom200E+10_Vexp500E+02_Vemit900E+02_tauD000E+00_Vran500E
 +01                  
 Start
           0
 set_grid_done
 set_clumps_done
 Done
 TIME :    3.69965594448149       sec
          50 %           9   121.365311369067     
 	 100 %           9   240.058652679902     
 Time :   240.245966460789     
 WOCIVL440M0100NH220/N_atom200E+10_Vexp600E+02_Vemit900E+02_tauD000E+00_Vran500E
 +01                  
 Start
           0
 set_grid_done
 set_clumps_done
 Done
 TIME :    3.70912030828185       sec
          50 %           4   115.739856270608     
 	 100 %           6   227.215001766803     
 Time :   227.403809112497     
 WOCIVL440M0100NH220/N_atom200E+10_Vexp700E+02_Vemit900E+02_tauD000E+00_Vran500E
 +01                  
 Start
           0
 set_grid_done
 set_clumps_done
 Done
 TIME :    3.70385929569602       sec
          50 %           9   111.417095859535     
 	 100 %           7   220.353009073995     
 Time :   220.540589416865     
 WOCIVL440M0100NH220/N_atom200E+10_Vexp800E+02_Vemit900E+02_tauD000E+00_Vran500E
 +01                  
 Start
           0
 set_grid_done
 set_clumps_done
 Done
 TIME :    3.70978860696778       sec
          50 %           8   110.178316425066     
 	 100 %           4   220.734207283007     
 Time :   220.914372004103     
 WOCIVL440M0100NH220/N_atom200E+10_Vexp900E+02_Vemit900E+02_tauD000E+00_Vran500E
 +01                  
 Start
           0
 set_grid_done
 set_clumps_done
 Done
 TIME :    2.05087024718523       sec
          50 %           7   111.428522886708     
 	 100 %           2   219.689288560068     
 Time :   219.858420215547     
 WOCIVL440M0100NH220/N_atom200E+10_Vexp100E+03_Vemit900E+02_tauD000E+00_Vran500E
 +01                  
 Start
           0
 set_grid_done
 set_clumps_done
 Done
 TIME :    3.69750554324128       sec
          50 %           5   113.315359581960     
 	 100 %           1   221.329162415583     
 Time :   221.488042195095     
 WOCIVL440M0100NH220/N_atom200E+10_Vexp200E+03_Vemit900E+02_tauD000E+00_Vran500E
 +01                  
 Start
           0
 set_grid_done
 set_clumps_done
 Done
 TIME :    2.05066917347722       sec
          50 %           6   91.1890482956078     
 	 100 %           4   186.907161442097     
 Time :   187.086928063538     
 WOCIVL440M0100NH220/N_atom200E+10_Vexp300E+03_Vemit900E+02_tauD000E+00_Vran500E
 +01                  
 Start
           0
 set_grid_done
 set_clumps_done
 Done
 TIME :    2.05082861566916       sec
          50 %           7   88.0663432867732     
 	 100 %           9   173.707259372808     
 Time :   173.887940294808     
 WOCIVL440M0100NH220/N_atom200E+10_Vexp500E+01_Vemit900E+02_tauD000E+00_Vran500E
 +01                  
 Start
           0
 set_grid_done
 set_clumps_done
 Done
 TIME :    3.68566126888618       sec
          50 %           8   348.918096005684     
 	 100 %           4   705.655300424900     
 Time :   705.831750231329     
 WOCIVL440M0100NH220/N_atom200E+10_Vexp100E+02_Vemit100E+03_tauD000E+00_Vran118E
 +01                  
 Start
           0
 set_grid_done
 set_clumps_done
 Done
 TIME :    2.05261206813157       sec
          50 %           5   136.487263821298     
 	 100 %           2   269.551555459620     
 Time :   269.731716353213     
 WOCIVL440M0100NH220/N_atom200E+10_Vexp200E+02_Vemit100E+03_tauD000E+00_Vran118E
 +01                  
 Start
           0
 set_grid_done
 set_clumps_done
 Done
 TIME :    3.59970551449805       sec
          50 %           1   115.244613721967     
 	 100 %           8   225.682362395339     
 Time :   225.862697620410     
 WOCIVL440M0100NH220/N_atom200E+10_Vexp300E+02_Vemit100E+03_tauD000E+00_Vran118E
 +01                  
 Start
           0
 set_grid_done
 set_clumps_done
 Done
 TIME :    2.05068001453765       sec
          50 %           8   108.907076814910     
 	 100 %           1   214.947738245362     
 Time :   215.136092263507     
 WOCIVL440M0100NH220/N_atom200E+10_Vexp400E+02_Vemit100E+03_tauD000E+00_Vran118E
 +01                  
 Start
           0
 set_grid_done
 set_clumps_done
 Done
 TIME :    3.70239079999737       sec
          50 %           2   106.089060238330     
 	 100 %           3   208.593180156546     
 Time :   208.755236807279     
 WOCIVL440M0100NH220/N_atom200E+10_Vexp500E+02_Vemit100E+03_tauD000E+00_Vran118E
 +01                  
 Start
           0
 set_grid_done
 set_clumps_done
 Done
 TIME :    2.05182285280898       sec
          50 %           9   102.852257635910     
 	 100 %           1   206.159075022209     
 Time :   206.338432883145     
 WOCIVL440M0100NH220/N_atom200E+10_Vexp600E+02_Vemit100E+03_tauD000E+00_Vran118E
 +01                  
 Start
           0
 set_grid_done
 set_clumps_done
 Done
 TIME :    2.05390887777321       sec
          50 %           8   103.858768365346     
 	 100 %           4   202.629803316202     
 Time :   202.818028271431     
 WOCIVL440M0100NH220/N_atom200E+10_Vexp700E+02_Vemit100E+03_tauD000E+00_Vran118E
 +01                  
 Start
           0
 set_grid_done
 set_clumps_done
 Done
 TIME :    3.17051956267096       sec
          50 %           9   105.866961829830     
 	 100 %           1   206.768615576904     
 Time :   206.949848730350     
 WOCIVL440M0100NH220/N_atom200E+10_Vexp800E+02_Vemit100E+03_tauD000E+00_Vran118E
 +01                  
 Start
           0
 set_grid_done
 set_clumps_done
 Done
 TIME :    2.05364482058212       sec
          50 %           7   102.581335036317     
 	 100 %           5   198.193937945180     
 Time :   198.373622926883     
 WOCIVL440M0100NH220/N_atom200E+10_Vexp900E+02_Vemit100E+03_tauD000E+00_Vran118E
 +01                  
 Start
           0
 set_grid_done
 set_clumps_done
 Done
 TIME :    3.69980299239978       sec
          50 %           6   104.410474795382     
 	 100 %           8   204.709480204387     
 Time :   204.888599147787     
 WOCIVL440M0100NH220/N_atom200E+10_Vexp100E+03_Vemit100E+03_tauD000E+00_Vran118E
 +01                  
 Start
           0
 set_grid_done
 set_clumps_done
 Done
 TIME :    2.04522827873006       sec
          50 %           7   103.220678853802     
 	 100 %           6   204.564079470467     
 Time :   204.742694867775     
 WOCIVL440M0100NH220/N_atom200E+10_Vexp200E+03_Vemit100E+03_tauD000E+00_Vran118E
 +01                  
 Start
           0
 set_grid_done
 set_clumps_done
 Done
 TIME :    2.04866379639134       sec
          50 %           9   98.2999228262343     
 	 100 %           2   192.913003671216     
 Time :   193.085480938200     
 WOCIVL440M0100NH220/N_atom200E+10_Vexp300E+03_Vemit100E+03_tauD000E+00_Vran118E
 +01                  
 Start
           0
 set_grid_done
 set_clumps_done
 Done
 TIME :    2.04826410370879       sec
          50 %           8   93.1935127277393     
 	 100 %           5   186.523834123509     
 Time :   186.690740561346     
 WOCIVL440M0100NH220/N_atom200E+10_Vexp500E+01_Vemit100E+03_tauD000E+00_Vran118E
 +01                  
 Start
           0
 set_grid_done
 set_clumps_done
 Done
 TIME :    2.05423264158890       sec
          50 %           7   157.205388047267     
 	 100 %           4   310.437915141229     
 Time :   310.619794690516     
 WOCIVL440M0100NH220/N_atom200E+10_Vexp100E+02_Vemit100E+03_tauD000E+00_Vran300E
 +01                  
 Start
           0
 set_grid_done
 set_clumps_done
 Done
 TIME :    3.70290639949962       sec
          50 %           9   155.576919476502     
 	 100 %           6   306.346522640903     
 Time :   306.533601080999     
 WOCIVL440M0100NH220/N_atom200E+10_Vexp200E+02_Vemit100E+03_tauD000E+00_Vran300E
 +01                  
 Start
           0
 set_grid_done
 set_clumps_done
 Done
 TIME :    3.69528236961924       sec
          50 %           3   120.100729235914     
 	 100 %           4   236.376359396148     
 Time :   236.550720552448     
 WOCIVL440M0100NH220/N_atom200E+10_Vexp300E+02_Vemit100E+03_tauD000E+00_Vran300E
 +01                  
 Start
           0
 set_grid_done
 set_clumps_done
 Done
 TIME :    2.05469581857324       sec
          50 %           7   103.379380855244     
 	 100 %           6   206.361201349879     
 Time :   206.548185605556     
 WOCIVL440M0100NH220/N_atom200E+10_Vexp400E+02_Vemit100E+03_tauD000E+00_Vran300E
 +01                  
 Start
           0
 set_grid_done
 set_clumps_done
 Done
 TIME :    3.32686740392819       sec
          50 %           9   99.0917840441689     
 	 100 %           3   196.298071998172     
 Time :   196.469825748354     
 WOCIVL440M0100NH220/N_atom200E+10_Vexp500E+02_Vemit100E+03_tauD000E+00_Vran300E
 +01                  
 Start
           0
 set_grid_done
 set_clumps_done
 Done
 TIME :    3.01553995069116       sec
          50 %           2   97.4470003438182     
 	 100 %           2   192.870049685473     
 Time :   193.059799507027     
 WOCIVL440M0100NH220/N_atom200E+10_Vexp600E+02_Vemit100E+03_tauD000E+00_Vran300E
 +01                  
 Start
           0
 set_grid_done
 set_clumps_done
 Done
 TIME :    3.70575073966756       sec
          50 %           9   96.8238210708369     
 	 100 %           2   189.203364707297     
 Time :   189.394086391898     
 WOCIVL440M0100NH220/N_atom200E+10_Vexp700E+02_Vemit100E+03_tauD000E+00_Vran300E
 +01                  
 Start
           0
 set_grid_done
 set_clumps_done
 Done
 TIME :    2.89619154436514       sec
          50 %           1   94.4649010992143     
 	 100 %           8   186.971824379405     
 Time :   187.156155880308     
 WOCIVL440M0100NH220/N_atom200E+10_Vexp800E+02_Vemit100E+03_tauD000E+00_Vran300E
 +01                  
 Start
           0
 set_grid_done
 set_clumps_done
 Done
 TIME :    3.68867349787615       sec
          50 %           9   94.9985996349715     
 	 100 %           1   183.849451330723     
 Time :   184.029393696459     
 WOCIVL440M0100NH220/N_atom200E+10_Vexp900E+02_Vemit100E+03_tauD000E+00_Vran300E
 +01                  
 Start
           0
 set_grid_done
 set_clumps_done
 Done
 TIME :    3.70088183484040       sec
          50 %           8   91.1862937414553     
 	 100 %           4   177.602335252101     
 Time :   177.785598310642     
 WOCIVL440M0100NH220/N_atom200E+10_Vexp100E+03_Vemit100E+03_tauD000E+00_Vran300E
 +01                  
 Start
           0
 set_grid_done
 set_clumps_done
 Done
 TIME :    2.22558215027675       sec
          50 %           5   88.9103993063327     
 	 100 %           9   176.088128797710     
 Time :   176.267545734299     
 WOCIVL440M0100NH220/N_atom200E+10_Vexp200E+03_Vemit100E+03_tauD000E+00_Vran300E
 +01                  
 Start
           0
 set_grid_done
 set_clumps_done
 Done
 TIME :    3.28630933025852       sec
          50 %           9   90.8120700204745     
 	 100 %           7   176.164377943845     
 Time :   176.355375388404     
 WOCIVL440M0100NH220/N_atom200E+10_Vexp300E+03_Vemit100E+03_tauD000E+00_Vran300E
 +01                  
 Start
           0
 set_grid_done
 set_clumps_done
 Done
 TIME :    3.70491103525274       sec
          50 %           4   86.9378082507756     
 	 100 %           9   169.523820891976     
 Time :   169.709035983076     
 WOCIVL440M0100NH220/N_atom200E+10_Vexp500E+01_Vemit100E+03_tauD000E+00_Vran300E
 +01                  
 Start
           0
 set_grid_done
 set_clumps_done
 Done
 TIME :    3.70542251691222       sec
          50 %           1   241.050935347099     
 	 100 %           5   473.899168099742     
 Time :   474.073332540691     
 WOCIVL440M0100NH220/N_atom200E+10_Vexp100E+02_Vemit100E+03_tauD000E+00_Vran500E
 +01                  
 Start
           0
 set_grid_done
 set_clumps_done
 Done
 TIME :    2.05362113425508       sec
          50 %           5   202.982306071557     
 	 100 %           4   407.820468981517     
 Time :   407.996511580423     
 WOCIVL440M0100NH220/N_atom200E+10_Vexp200E+02_Vemit100E+03_tauD000E+00_Vran500E
 +01                  
 Start
           0
 set_grid_done
 set_clumps_done
 Done
 TIME :    2.05143669666722       sec
          50 %           7   140.832587497309     
 	 100 %           1   279.750151932705     
 Time :   279.926329195267     
 WOCIVL440M0100NH220/N_atom200E+10_Vexp300E+02_Vemit100E+03_tauD000E+00_Vran500E
 +01                  
 Start
           0
 set_grid_done
 set_clumps_done
 Done
 TIME :    2.05660618981346       sec
          50 %           7   121.466739292257     
 	 100 %           3   239.607142360881     
 Time :   239.786278648069     
 WOCIVL440M0100NH220/N_atom200E+10_Vexp400E+02_Vemit100E+03_tauD000E+00_Vran500E
 +01                  
 Start
           0
 set_grid_done
 set_clumps_done
 Done
 TIME :    2.05514271394350       sec
          50 %           3   110.131509875413     
 	 100 %           5   218.687633809866     
 Time :   218.878608069150     
 WOCIVL440M0100NH220/N_atom200E+10_Vexp500E+02_Vemit100E+03_tauD000E+00_Vran500E
 +01                  
 Start
           0
 set_grid_done
 set_clumps_done
 Done
 TIME :    3.69587285583839       sec
          50 %           7   113.314391125226     
 	 100 %           5   222.847896336112     
 Time :   223.024814489530     
 WOCIVL440M0100NH220/N_atom200E+10_Vexp600E+02_Vemit100E+03_tauD000E+00_Vran500E
 +01                  
 Start
           0
 set_grid_done
 set_clumps_done
 Done
 TIME :    2.05568978516385       sec
          50 %           1   110.194824261824     
 	 100 %           7   220.239305311348     
 Time :   220.420391957741     
 WOCIVL440M0100NH220/N_atom200E+10_Vexp700E+02_Vemit100E+03_tauD000E+00_Vran500E
 +01                  
 Start
           0
 set_grid_done
 set_clumps_done
 Done
 TIME :    2.05645109596662       sec
          50 %           4   110.079711399972     
 	 100 %           9   217.977923305240     
 Time :   218.172630825080     
 WOCIVL440M0100NH220/N_atom200E+10_Vexp800E+02_Vemit100E+03_tauD000E+00_Vran500E
 +01                  
 Start
           0
 set_grid_done
 set_clumps_done
 Done
 TIME :    3.70604998571798       sec
          50 %           7   107.864522933494     
 	 100 %           4   213.525799305644     
 Time :   213.719367003301     
 WOCIVL440M0100NH220/N_atom200E+10_Vexp900E+02_Vemit100E+03_tauD000E+00_Vran500E
 +01                  
 Start
           0
 set_grid_done
 set_clumps_done
 Done
 TIME :    3.70917600719258       sec
          50 %           4   104.951643900480     
 	 100 %           1   203.805772430962     
 Time :   203.969680356793     
 WOCIVL440M0100NH220/N_atom200E+10_Vexp100E+03_Vemit100E+03_tauD000E+00_Vran500E
 +01                  
 Start
           0
 set_grid_done
 set_clumps_done
 Done
 TIME :    2.04967354377732       sec
          50 %           3   97.6179349399172     
 	 100 %           4   195.501468052622     
 Time :   195.688298737630     
 WOCIVL440M0100NH220/N_atom200E+10_Vexp200E+03_Vemit100E+03_tauD000E+00_Vran500E
 +01                  
 Start
           0
 set_grid_done
 set_clumps_done
 Done
 TIME :    3.69921899866313       sec
          50 %           1   87.0632927932311     
 	 100 %           5   170.597896381281     
 Time :   170.768441174179     
 WOCIVL440M0100NH220/N_atom200E+10_Vexp300E+03_Vemit100E+03_tauD000E+00_Vran500E
 +01                  
 Start
           0
 set_grid_done
 set_clumps_done
 Done
 TIME :    2.05482878908515       sec
          50 %           3   77.7626932705753     
 	 100 %           1   153.927767041139     
 Time :   154.101955188671     
 WOCIVL440M0100NH220/N_atom200E+10_Vexp500E+01_Vemit100E+03_tauD000E+00_Vran500E
 +01                  
 Start
           0
 set_grid_done
 set_clumps_done
 Done
 TIME :    2.05772888823412       sec
          50 %           8   312.667317081708     
 	 100 %           9   647.570155492285     
 Time :   647.745147644076     
 WOCIVL440M0100NH220/N_atom200E+10_Vexp100E+02_Vemit200E+03_tauD000E+00_Vran118E
 +01                  
 Start
           0
 set_grid_done
 set_clumps_done
 Done
 TIME :    2.04201771155931       sec
          50 %           2   100.400398263708     
 	 100 %           4   202.015058329562     
 Time :   202.193907254143     
 WOCIVL440M0100NH220/N_atom200E+10_Vexp200E+02_Vemit200E+03_tauD000E+00_Vran118E
 +01                  
 Start
           0
 set_grid_done
 set_clumps_done
 Done
 TIME :    2.04335925867781       sec
          50 %           2   93.2451256697532     
 	 100 %           2   183.943859407213     
 Time :   184.123367522378     
 WOCIVL440M0100NH220/N_atom200E+10_Vexp300E+02_Vemit200E+03_tauD000E+00_Vran118E
 +01                  
 Start
           0
 set_grid_done
 set_clumps_done
 Done
 TIME :    2.04522918048315       sec
          50 %           9   78.9640771141276     
 	 100 %           2   157.619236464147     
 Time :   157.799013586249     
 WOCIVL440M0100NH220/N_atom200E+10_Vexp400E+02_Vemit200E+03_tauD000E+00_Vran118E
 +01                  
 Start
           0
 set_grid_done
 set_clumps_done
 Done
 TIME :    2.04384113219567       sec
          50 %           3   80.8792324950919     
 	 100 %           2   161.766082457267     
 Time :   161.955952053191     
 WOCIVL440M0100NH220/N_atom200E+10_Vexp500E+02_Vemit200E+03_tauD000E+00_Vran118E
 +01                  
 Start
           0
 set_grid_done
 set_clumps_done
 Done
 TIME :    3.69689906574786       sec
          50 %           6   80.9152150286827     
 	 100 %           1   157.211314723361     
 Time :   157.384983203141     
 WOCIVL440M0100NH220/N_atom200E+10_Vexp600E+02_Vemit200E+03_tauD000E+00_Vran118E
 +01                  
 Start
           0
 set_grid_done
 set_clumps_done
 Done
 TIME :    2.04702639975585       sec
          50 %           8   75.4680694481358     
 	 100 %           2   152.063137202989     
 Time :   152.237810510444     
 WOCIVL440M0100NH220/N_atom200E+10_Vexp700E+02_Vemit200E+03_tauD000E+00_Vran118E
 +01                  
 Start
           0
 set_grid_done
 set_clumps_done
 Done
 TIME :    3.67782914149575       sec
          50 %           9   77.0119980969466     
 	 100 %           7   151.232958889799     
 Time :   151.403989143204     
 WOCIVL440M0100NH220/N_atom200E+10_Vexp800E+02_Vemit200E+03_tauD000E+00_Vran118E
 +01                  
 Start
           0
 set_grid_done
 set_clumps_done
 Done
 TIME :    2.05163101688959       sec
          50 %           4   75.2013667924330     
 	 100 %           4   149.549816342769     
 Time :   149.739413204603     
 WOCIVL440M0100NH220/N_atom200E+10_Vexp900E+02_Vemit200E+03_tauD000E+00_Vran118E
 +01                  
 Start
           0
 set_grid_done
 set_clumps_done
 Done
 TIME :    3.69250219524838       sec
          50 %           9   77.1336320389528     
 	 100 %           8   150.358105981955     
 Time :   150.543599538272     
 WOCIVL440M0100NH220/N_atom200E+10_Vexp100E+03_Vemit200E+03_tauD000E+00_Vran118E
 +01                  
 Start
           0
 set_grid_done
 set_clumps_done
 Done
 TIME :    2.29032949288376       sec
          50 %           9   80.1150996368378     
 	 100 %           4   154.886606888147     
 Time :   155.076037594583     
 WOCIVL440M0100NH220/N_atom200E+10_Vexp200E+03_Vemit200E+03_tauD000E+00_Vran118E
 +01                  
 Start
           0
 set_grid_done
 set_clumps_done
 Done
 TIME :    3.68709731101990       sec
          50 %           3   76.0284030924086     
 	 100 %           4   149.550083796494     
 Time :   149.732377697015     
 WOCIVL440M0100NH220/N_atom200E+10_Vexp300E+03_Vemit200E+03_tauD000E+00_Vran118E
 +01                  
 Start
           0
 set_grid_done
 set_clumps_done
 Done
 TIME :    3.69817452342249       sec
          50 %           3   76.3420826017391     
 	 100 %           3   148.777383510955     
 Time :   148.953975896351     
 WOCIVL440M0100NH220/N_atom200E+10_Vexp500E+01_Vemit200E+03_tauD000E+00_Vran118E
 +01                  
 Start
           0
 set_grid_done
 set_clumps_done
 Done
 TIME :    2.05604400881566       sec
          50 %           7   109.049050688278     
 	 100 %           7   215.756916695274     
 Time :   215.941210041288     
 WOCIVL440M0100NH220/N_atom200E+10_Vexp100E+02_Vemit200E+03_tauD000E+00_Vran300E
 +01                  
 Start
           0
 set_grid_done
 set_clumps_done
 Done
 TIME :    3.70198153844103       sec
          50 %           6   105.545334075810     
 	 100 %           2   208.910099610453     
 Time :   209.093230019091     
 WOCIVL440M0100NH220/N_atom200E+10_Vexp200E+02_Vemit200E+03_tauD000E+00_Vran300E
 +01                  
 Start
           0
 set_grid_done
 set_clumps_done
 Done
 TIME :    3.68704635137692       sec
          50 %           3   89.1284351092763     
 	 100 %           5   173.972926751478     
 Time :   174.163479645271     
 WOCIVL440M0100NH220/N_atom200E+10_Vexp300E+02_Vemit200E+03_tauD000E+00_Vran300E
 +01                  
 Start
           0
 set_grid_done
 set_clumps_done
 Done
 TIME :    3.70049387542531       sec
          50 %           4   78.7648949618451     
 	 100 %           4   155.890831591329     
 Time :   156.083227634663     
 WOCIVL440M0100NH220/N_atom200E+10_Vexp400E+02_Vemit200E+03_tauD000E+00_Vran300E
 +01                  
 Start
           0
 set_grid_done
 set_clumps_done
 Done
 TIME :    3.68513767374679       sec
          50 %           6   75.2850341557059     
 	 100 %           5   149.716571845114     
 Time :   149.900488262996     
 WOCIVL440M0100NH220/N_atom200E+10_Vexp500E+02_Vemit200E+03_tauD000E+00_Vran300E
 +01                  
 Start
           0
 set_grid_done
 set_clumps_done
 Done
 TIME :    2.04775890428573       sec
          50 %           6   75.3970796209760     
 	 100 %           2   148.092626752332     
 Time :   148.259532228345     
 WOCIVL440M0100NH220/N_atom200E+10_Vexp600E+02_Vemit200E+03_tauD000E+00_Vran300E
 +01                  
 Start
           0
 set_grid_done
 set_clumps_done
 Done
 TIME :    2.07653346285224       sec
          50 %           6   71.2187091044616     
 	 100 %           5   141.021831528051     
 Time :   141.202136473963     
 WOCIVL440M0100NH220/N_atom200E+10_Vexp700E+02_Vemit200E+03_tauD000E+00_Vran300E
 +01                  
 Start
           0
 set_grid_done
 set_clumps_done
 Done
 TIME :    2.04996025515720       sec
          50 %           1   68.9230423395056     
 	 100 %           9   134.590593188535     
 Time :   134.762240941171     
 WOCIVL440M0100NH220/N_atom200E+10_Vexp800E+02_Vemit200E+03_tauD000E+00_Vran300E
 +01                  
 Start
           0
 set_grid_done
 set_clumps_done
 Done
 TIME :    2.05355873191729       sec
          50 %           9   76.0616339375265     
 	 100 %           1   145.040445578285     
 Time :   145.209108585957     
 WOCIVL440M0100NH220/N_atom200E+10_Vexp900E+02_Vemit200E+03_tauD000E+00_Vran300E
 +01                  
 Start
           0
 set_grid_done
 set_clumps_done
 Done
 TIME :    2.56143970997073       sec
          50 %           9   71.2226611834485     
 	 100 %           8   141.132711390732     
 Time :   141.310976632172     
 WOCIVL440M0100NH220/N_atom200E+10_Vexp100E+03_Vemit200E+03_tauD000E+00_Vran300E
 +01                  
 Start
           0
 set_grid_done
 set_clumps_done
 Done
 TIME :    3.32402101974003       sec
          50 %           7   73.3344117808156     
 	 100 %           6   142.075937722344     
 Time :   142.247924058000     
 WOCIVL440M0100NH220/N_atom200E+10_Vexp200E+03_Vemit200E+03_tauD000E+00_Vran300E
 +01                  
 Start
           0
 set_grid_done
 set_clumps_done
 Done
 TIME :    3.69831652124412       sec
          50 %           3   70.0048167856876     
 	 100 %           7   136.462717382470     
 Time :   136.645737305051     
 WOCIVL440M0100NH220/N_atom200E+10_Vexp300E+03_Vemit200E+03_tauD000E+00_Vran300E
 +01                  
 Start
           0
 set_grid_done
 set_clumps_done
 Done
 TIME :    3.70534028578550       sec
          50 %           6   69.4307935333345     
 	 100 %           6   133.993344534654     
 Time :   134.174093629932     
 WOCIVL440M0100NH220/N_atom200E+10_Vexp500E+01_Vemit200E+03_tauD000E+00_Vran300E
 +01                  
 Start
           0
 set_grid_done
 set_clumps_done
 Done
 TIME :    3.69402884505689       sec
          50 %           4   141.698371976847     
 	 100 %           4   276.635368205840     
 Time :   276.813083169749     
 WOCIVL440M0100NH220/N_atom200E+10_Vexp100E+02_Vemit200E+03_tauD000E+00_Vran500E
 +01                  
 Start
           0
 set_grid_done
 set_clumps_done
 Done
 TIME :    3.68444281280972       sec
          50 %           4   121.427749880357     
 	 100 %           7   240.648945271969     
 Time :   240.820148844738     
 WOCIVL440M0100NH220/N_atom200E+10_Vexp200E+02_Vemit200E+03_tauD000E+00_Vran500E
 +01                  
 Start
           0
 set_grid_done
 set_clumps_done
 Done
 TIME :    2.48180811968632       sec
          50 %           4   94.6196320338640     
 	 100 %           8   187.927892889362     
 Time :   188.107715630904     
 WOCIVL440M0100NH220/N_atom200E+10_Vexp300E+02_Vemit200E+03_tauD000E+00_Vran500E
 +01                  
 Start
           0
 set_grid_done
 set_clumps_done
 Done
 TIME :    2.06173664657399       sec
          50 %           4   82.8450581922662     
 	 100 %           5   165.275064170128     
 Time :   165.463484768523     
 WOCIVL440M0100NH220/N_atom200E+10_Vexp400E+02_Vemit200E+03_tauD000E+00_Vran500E
 +01                  
 Start
           0
 set_grid_done
 set_clumps_done
 Done
 TIME :    3.70263051916845       sec
          50 %           3   84.4677766324021     
 	 100 %           3   162.798075538129     
 Time :   162.977717164904     
 WOCIVL440M0100NH220/N_atom200E+10_Vexp500E+02_Vemit200E+03_tauD000E+00_Vran500E
 +01                  
 Start
           0
 set_grid_done
 set_clumps_done
 Done
 TIME :    2.06044108956121       sec
          50 %           9   76.5855532528367     
 	 100 %           4   153.169465071522     
 Time :   153.358069439651     
 WOCIVL440M0100NH220/N_atom200E+10_Vexp600E+02_Vemit200E+03_tauD000E+00_Vran500E
 +01                  
 Start
           0
 set_grid_done
 set_clumps_done
 Done
 TIME :    3.70874559436925       sec
          50 %           2   79.8163562465925     
 	 100 %           3   159.259178813547     
 Time :   159.437094700988     
 WOCIVL440M0100NH220/N_atom200E+10_Vexp700E+02_Vemit200E+03_tauD000E+00_Vran500E
 +01                  
 Start
           0
 set_grid_done
 set_clumps_done
 Done
 TIME :    2.05742437206209       sec
          50 %           8   81.8521526453551     
 	 100 %           7   158.425800604280     
 Time :   158.604614690645     
 WOCIVL440M0100NH220/N_atom200E+10_Vexp800E+02_Vemit200E+03_tauD000E+00_Vran500E
 +01                  
 Start
           0
 set_grid_done
 set_clumps_done
 Done
 TIME :    3.69549772143364       sec
          50 %           8   79.5590144919697     
 	 100 %           2   160.290302471956     
 Time :   160.466731227003     
 WOCIVL440M0100NH220/N_atom200E+10_Vexp900E+02_Vemit200E+03_tauD000E+00_Vran500E
 +01                  
 Start
           0
 set_grid_done
 set_clumps_done
 Done
 TIME :    2.04667894961312       sec
          50 %           9   80.3562579599675     
 	 100 %           3   157.889478210593     
 Time :   158.084004946286     
 WOCIVL440M0100NH220/N_atom200E+10_Vexp100E+03_Vemit200E+03_tauD000E+00_Vran500E
 +01                  
 Start
           0
 set_grid_done
 set_clumps_done
 Done
 TIME :    3.69814547663555       sec
          50 %           4   81.5058134999126     
 	 100 %           6   158.326169128995     
 Time :   158.515487575671     
 WOCIVL440M0100NH220/N_atom200E+10_Vexp200E+03_Vemit200E+03_tauD000E+00_Vran500E
 +01                  
 Start
           0
 set_grid_done
 set_clumps_done
 Done
 TIME :    3.69001037557609       sec
          50 %           9   73.2414266106207     
 	 100 %           2   143.702611277811     
 Time :   143.880952698411     
 WOCIVL440M0100NH220/N_atom200E+10_Vexp300E+03_Vemit200E+03_tauD000E+00_Vran500E
 +01                  
 Start
           0
 set_grid_done
 set_clumps_done
 Done
 TIME :    3.67676548869349       sec
          50 %           7   69.7620333400555     
 	 100 %           6   135.655544610694     
 Time :   135.837813211605     
 WOCIVL440M0100NH220/N_atom200E+10_Vexp500E+01_Vemit200E+03_tauD000E+00_Vran500E
 +01                  
 Start
           0
 set_grid_done
 set_clumps_done
 Done
 TIME :    2.96670485846698       sec
          50 %           7   191.504870646866     
 	 100 %           5   382.531309064478     
 Time :   382.722296258900     
 WOCIVL440M0100NH220/N_atom200E+10_Vexp100E+02_Vemit300E+03_tauD000E+00_Vran118E
 +01                  
 Start
           0
 set_grid_done
 set_clumps_done
 Done
 TIME :    3.69490924896672       sec
          50 %           1   81.0779239665717     
 	 100 %           1   157.257740407251     
 Time :   157.437933353707     
 WOCIVL440M0100NH220/N_atom200E+10_Vexp200E+02_Vemit300E+03_tauD000E+00_Vran118E
 +01                  
 Start
           0
 set_grid_done
 set_clumps_done
 Done
 TIME :    2.05523590627126       sec
          50 %           2   71.9818243198097     
 	 100 %           7   143.249604769051     
 Time :   143.433317969088     
 WOCIVL440M0100NH220/N_atom200E+10_Vexp300E+02_Vemit300E+03_tauD000E+00_Vran118E
 +01                  
 Start
           0
 set_grid_done
 set_clumps_done
 Done
 TIME :    3.17504489445128       sec
          50 %           6   72.9464111509733     
 	 100 %           8   139.932997216703     
 Time :   140.122240726603     
 WOCIVL440M0100NH220/N_atom200E+10_Vexp400E+02_Vemit300E+03_tauD000E+00_Vran118E
 +01                  
 Start
           0
 set_grid_done
 set_clumps_done
 Done
 TIME :    3.70256731542759       sec
          50 %           3   72.4378860916477     
 	 100 %           5   140.485930248629     
 Time :   140.679515540833     
 WOCIVL440M0100NH220/N_atom200E+10_Vexp500E+02_Vemit300E+03_tauD000E+00_Vran118E
 +01                  
 Start
           0
 set_grid_done
 set_clumps_done
 Done
 TIME :    3.53052812651731       sec
          50 %           7   70.6787487464026     
 	 100 %           5   138.485534524312     
 Time :   138.677061505849     
 WOCIVL440M0100NH220/N_atom200E+10_Vexp600E+02_Vemit300E+03_tauD000E+00_Vran118E
 +01                  
 Start
           0
 set_grid_done
 set_clumps_done
 Done
 TIME :    3.69721368164755       sec
          50 %           9   71.5704599271994     
 	 100 %           9   139.916085749399     
 Time :   140.097474978538     
 WOCIVL440M0100NH220/N_atom200E+10_Vexp700E+02_Vemit300E+03_tauD000E+00_Vran118E
 +01                  
 Start
           0
 set_grid_done
 set_clumps_done
 Done
 TIME :    2.04809630499221       sec
          50 %           4   68.9928050437011     
 	 100 %           2   137.012328860117     
 Time :   137.185673686210     
 WOCIVL440M0100NH220/N_atom200E+10_Vexp800E+02_Vemit300E+03_tauD000E+00_Vran118E
 +01                  
 Start
           0
 set_grid_done
 set_clumps_done
 Done
 TIME :    2.05273549002595       sec
          50 %           7   69.2381244052667     
 	 100 %           9   134.142924221931     
 Time :   134.330265867524     
 WOCIVL440M0100NH220/N_atom200E+10_Vexp900E+02_Vemit300E+03_tauD000E+00_Vran118E
 +01                  
 Start
           0
 set_grid_done
 set_clumps_done
 Done
 TIME :    3.70416704844683       sec
          50 %           5   67.6598897259682     
 	 100 %           7   129.755240293220     
 Time :   129.936973976670     
 WOCIVL440M0100NH220/N_atom200E+10_Vexp100E+03_Vemit300E+03_tauD000E+00_Vran118E
 +01                  
 Start
           0
 set_grid_done
 set_clumps_done
 Done
 TIME :    3.61769640562125       sec
          50 %           5   66.0666388510726     
 	 100 %           1   128.119778968859     
 Time :   128.311182568548     
 WOCIVL440M0100NH220/N_atom200E+10_Vexp200E+03_Vemit300E+03_tauD000E+00_Vran118E
 +01                  
 Start
           0
 set_grid_done
 set_clumps_done
 Done
 TIME :    2.54622423392721       sec
          50 %           1   63.8498607114889     
 	 100 %           8   124.501717889216     
 Time :   124.675447037676     
 WOCIVL440M0100NH220/N_atom200E+10_Vexp300E+03_Vemit300E+03_tauD000E+00_Vran118E
 +01                  
 Start
           0
 set_grid_done
 set_clumps_done
 Done
 TIME :    2.48125371406786       sec
          50 %           3   62.7005128681194     
 	 100 %           8   121.570979813114     
 Time :   121.742323199753     
 WOCIVL440M0100NH220/N_atom200E+10_Vexp500E+01_Vemit300E+03_tauD000E+00_Vran118E
 +01                  
 Start
           0
 set_grid_done
 set_clumps_done
 Done
 TIME :    3.67702738149092       sec
          50 %           5   85.8592809033580     
 	 100 %           3   168.929290110245     
 Time :   169.103972956305     
 WOCIVL440M0100NH220/N_atom200E+10_Vexp100E+02_Vemit300E+03_tauD000E+00_Vran300E
 +01                  
 Start
           0
 set_grid_done
 set_clumps_done
 Done
 TIME :    2.71511903544888       sec
          50 %           9   84.1708413732704     
 	 100 %           4   165.783769401954     
 Time :   165.955938164843     
 WOCIVL440M0100NH220/N_atom200E+10_Vexp200E+02_Vemit300E+03_tauD000E+00_Vran300E
 +01                  
 Start
           0
 set_grid_done
 set_clumps_done
 Done
 TIME :    3.45277867210098       sec
          50 %           5   71.5132735709194     
 	 100 %           5   137.548094153171     
 Time :   137.733919569524     
 WOCIVL440M0100NH220/N_atom200E+10_Vexp300E+02_Vemit300E+03_tauD000E+00_Vran300E
 +01                  
 Start
           0
 set_grid_done
 set_clumps_done
 Done
 TIME :    3.54403375415131       sec
          50 %           5   66.3677676925436     
 	 100 %           3   130.035047080368     
 Time :   130.213129674084     
 WOCIVL440M0100NH220/N_atom200E+10_Vexp400E+02_Vemit300E+03_tauD000E+00_Vran300E
 +01                  
 Start
           0
 set_grid_done
 set_clumps_done
 Done
 TIME :    2.05516956630163       sec
          50 %           2   66.0558206760325     
 	 100 %           5   125.236046983395     
 Time :   125.412427524105     
 WOCIVL440M0100NH220/N_atom200E+10_Vexp500E+02_Vemit300E+03_tauD000E+00_Vran300E
 +01                  
 Start
           0
 set_grid_done
 set_clumps_done
 Done
 TIME :    3.71071024169214       sec
          50 %           3   62.7066438342445     
 	 100 %           4   123.326183896279     
 Time :   123.483746656682     
 WOCIVL440M0100NH220/N_atom200E+10_Vexp600E+02_Vemit300E+03_tauD000E+00_Vran300E
 +01                  
 Start
           0
 set_grid_done
 set_clumps_done
 Done
 TIME :    2.05487979901955       sec
          50 %           6   59.1870411629789     
 	 100 %           4   120.332221941324     
 Time :   120.517086966895     
 WOCIVL440M0100NH220/N_atom200E+10_Vexp700E+02_Vemit300E+03_tauD000E+00_Vran300E
 +01                  
 Start
           0
 set_grid_done
 set_clumps_done
 Done
 TIME :    3.70903410925530       sec
          50 %           6   63.2995643524919     
 	 100 %           4   124.269867613679     
 Time :   124.442642693873     
 WOCIVL440M0100NH220/N_atom200E+10_Vexp800E+02_Vemit300E+03_tauD000E+00_Vran300E
 +01                  
 Start
           0
 set_grid_done
 set_clumps_done
 Done
 TIME :    3.69940102519467       sec
          50 %           9   60.5819407925010     
 	 100 %           2   117.916681771865     
 Time :   118.094507813221     
 WOCIVL440M0100NH220/N_atom200E+10_Vexp900E+02_Vemit300E+03_tauD000E+00_Vran300E
 +01                  
 Start
           0
 set_grid_done
 set_clumps_done
 Done
 TIME :    3.11742648202926       sec
          50 %           8   62.0884478597436     
 	 100 %           2   120.024586357642     
 Time :   120.205146393040     
 WOCIVL440M0100NH220/N_atom200E+10_Vexp100E+03_Vemit300E+03_tauD000E+00_Vran300E
 +01                  
 Start
           0
 set_grid_done
 set_clumps_done
 Done
 TIME :    3.71116831852123       sec
          50 %           1   62.1988559786696     
 	 100 %           3   119.766926389886     
 Time :   119.945810623700     
 WOCIVL440M0100NH220/N_atom200E+10_Vexp200E+03_Vemit300E+03_tauD000E+00_Vran300E
 +01                  
 Start
           0
 set_grid_done
 set_clumps_done
 Done
 TIME :    3.70358380628750       sec
          50 %           1   60.1620871159248     
 	 100 %           7   115.946634237655     
 Time :   116.117564034183     
 WOCIVL440M0100NH220/N_atom200E+10_Vexp300E+03_Vemit300E+03_tauD000E+00_Vran300E
 +01                  
 Start
           0
 set_grid_done
 set_clumps_done
 Done
 TIME :    2.05787790007889       sec
          50 %           4   54.4258237245958     
 	 100 %           7   107.608313345816     
 Time :   107.770432949765     
 WOCIVL440M0100NH220/N_atom200E+10_Vexp500E+01_Vemit300E+03_tauD000E+00_Vran300E
 +01                  
 Start
           0
 set_grid_done
 set_clumps_done
 Done
 TIME :    2.05758020700887       sec
          50 %           8   102.246632919181     
 	 100 %           8   203.157609923743     
 Time :   203.326415701071     
 WOCIVL440M0100NH220/N_atom200E+10_Vexp100E+02_Vemit300E+03_tauD000E+00_Vran500E
 +01                  
 Start
           0
 set_grid_done
 set_clumps_done
 Done
 TIME :    2.05474124755710       sec
          50 %           1   93.3618752367329     
 	 100 %           1   186.115470617777     
 Time :   186.284494582098     
 WOCIVL440M0100NH220/N_atom200E+10_Vexp200E+02_Vemit300E+03_tauD000E+00_Vran500E
 +01                  
 Start
           0
 set_grid_done
 set_clumps_done
 Done
 TIME :    2.05755653092638       sec
          50 %           2   73.9955943748355     
 	 100 %           3   148.823916515103     
 Time :   148.996047223452     
 WOCIVL440M0100NH220/N_atom200E+10_Vexp300E+02_Vemit300E+03_tauD000E+00_Vran500E
 +01                  
 Start
           0
 set_grid_done
 set_clumps_done
 Done
 TIME :    2.05073042353615       sec
          50 %           2   70.4684385221917     
 	 100 %           9   139.252152368892     
 Time :   139.440025334945     
 WOCIVL440M0100NH220/N_atom200E+10_Vexp400E+02_Vemit300E+03_tauD000E+00_Vran500E
 +01                  
 Start
           0
 set_grid_done
 set_clumps_done
 Done
 TIME :    3.69797520292923       sec
          50 %           4   68.9106008457020     
 	 100 %           1   136.176815559622     
 Time :   136.365132445004     
 WOCIVL440M0100NH220/N_atom200E+10_Vexp500E+02_Vemit300E+03_tauD000E+00_Vran500E
 +01                  
 Start
           0
 set_grid_done
 set_clumps_done
 Done
 TIME :    3.69258153089322       sec
          50 %           9   71.0865516043268     
 	 100 %           6   135.240436406806     
 Time :   135.424301704625     
 WOCIVL440M0100NH220/N_atom200E+10_Vexp600E+02_Vemit300E+03_tauD000E+00_Vran500E
 +01                  
 Start
           0
 set_grid_done
 set_clumps_done
 Done
 TIME :    3.68700427887961       sec
          50 %           6   67.1707485555671     
 	 100 %           3   130.749091301579     
 Time :   130.937275096076     
 WOCIVL440M0100NH220/N_atom200E+10_Vexp700E+02_Vemit300E+03_tauD000E+00_Vran500E
 +01                  
 Start
           0
 set_grid_done
 set_clumps_done
 Done
 TIME :    3.70919663761742       sec
          50 %           5   69.9611641219817     
 	 100 %           9   131.257250474067     
 Time :   131.420120086754     
 WOCIVL440M0100NH220/N_atom200E+10_Vexp800E+02_Vemit300E+03_tauD000E+00_Vran500E
 +01                  
 Start
           0
 set_grid_done
 set_clumps_done
 Done
 TIME :    3.69340620585717       sec
          50 %           6   66.3545594071038     
 	 100 %           8   130.153971125605     
 Time :   130.326545543037     
 WOCIVL440M0100NH220/N_atom200E+10_Vexp900E+02_Vemit300E+03_tauD000E+00_Vran500E
 +01                  
 Start
           0
 set_grid_done
 set_clumps_done
 Done
 TIME :    2.04832874005660       sec
          50 %           6   63.5913968593813     
 	 100 %           7   124.704096721252     
 Time :   124.889559567673     
 WOCIVL440M0100NH220/N_atom200E+10_Vexp100E+03_Vemit300E+03_tauD000E+00_Vran500E
 +01                  
 Start
           0
 set_grid_done
 set_clumps_done
 Done
 TIME :    3.69478314206935       sec
          50 %           4   62.5287105729803     
 	 100 %           7   124.194496396463     
 Time :   124.380956716137     
 WOCIVL440M0100NH220/N_atom200E+10_Vexp200E+03_Vemit300E+03_tauD000E+00_Vran500E
 +01                  
 Start
           0
 set_grid_done
 set_clumps_done
 Done
 TIME :    3.70373341906816       sec
          50 %           7   63.4205420394428     
 	 100 %           1   124.773571431637     
 Time :   124.952891488560     
 WOCIVL440M0100NH220/N_atom200E+10_Vexp300E+03_Vemit300E+03_tauD000E+00_Vran500E
 +01                  
 Start
           0
 set_grid_done
 set_clumps_done
 Done
 TIME :    3.29835021938197       sec
          50 %           9   61.8155594004784     
 	 100 %           5   121.246693032328     
 Time :   121.437512738630     
 WOCIVL440M0100NH220/N_atom200E+10_Vexp500E+01_Vemit300E+03_tauD000E+00_Vran500E
 +01                  
 Start
           0
 set_grid_done
 set_clumps_done
 Done
 TIME :    3.69793152739294       sec
          50 %           1   145.192918982357     
 	 100 %           2   287.066229766468     
 Time :   287.247671618592     
