nohup: ignoring input
 WOCIVL440M0001NH220/N_atom200E+10_Vexp100E+02_Vemit500E+01_tauD000E+00_Vran118E
 +01                  
 Start
           0
 set_grid_done
 set_clumps_done
 Done
 TIME :    1.92065035575069       sec
          50 %           1   1391.88552715979     
 	 100 %           2   2902.40501906653     
 Time :   2902.55677066813     
 WOCIVL440M0001NH220/N_atom200E+10_Vexp200E+02_Vemit500E+01_tauD000E+00_Vran118E
 +01                  
 Start
           0
 set_grid_done
 set_clumps_done
 Done
 TIME :    3.60148889874108       sec
          50 %           2   1069.05602161773     
 	 100 %           3   2104.06478576246     
 Time :   2104.19366876036     
 WOCIVL440M0001NH220/N_atom200E+10_Vexp300E+02_Vemit500E+01_tauD000E+00_Vran118E
 +01                  
 Start
           0
 set_grid_done
 set_clumps_done
 Done
 TIME :    3.49858109792694       sec
          50 %           4   855.085008826805     
 	 100 %           1   1723.29992370331     
 Time :   1723.45183246210     
 WOCIVL440M0001NH220/N_atom200E+10_Vexp400E+02_Vemit500E+01_tauD000E+00_Vran118E
 +01                  
 Start
           0
 set_grid_done
 set_clumps_done
 Done
 TIME :    3.60830998443998       sec
          50 %           4   731.634041630430     
 	 100 %           1   1467.37088573049     
 Time :   1467.51036129380     
 WOCIVL440M0001NH220/N_atom200E+10_Vexp500E+02_Vemit500E+01_tauD000E+00_Vran118E
 +01                  
 Start
           0
 set_grid_done
 set_clumps_done
 Done
 TIME :    2.01165737770498       sec
          50 %           4   712.894058356527     
 	 100 %           1   1432.16314742831     
 Time :   1432.30297523760     
 WOCIVL440M0001NH220/N_atom200E+10_Vexp600E+02_Vemit500E+01_tauD000E+00_Vran118E
 +01                  
 Start
           0
 set_grid_done
 set_clumps_done
 Done
 TIME :    3.16974540287629       sec
          50 %           2   651.578056372469     
 	 100 %           2   1363.72111093043     
 Time :   1363.88885624893     
 WOCIVL440M0001NH220/N_atom200E+10_Vexp700E+02_Vemit500E+01_tauD000E+00_Vran118E
 +01                  
 Start
           0
 set_grid_done
 set_clumps_done
 Done
 TIME :    4.34632223192602       sec
          50 %           4   603.863384892233     
 	 100 %           3   1236.61407826631     
 Time :   1236.75679691089     
 WOCIVL440M0001NH220/N_atom200E+10_Vexp800E+02_Vemit500E+01_tauD000E+00_Vran118E
 +01                  
 Start
           0
 set_grid_done
 set_clumps_done
 Done
 TIME :    1.98634681710973       sec
          50 %           1   556.019695509225     
 	 100 %           2   1092.74300317233     
 Time :   1092.87291162880     
 WOCIVL440M0001NH220/N_atom200E+10_Vexp900E+02_Vemit500E+01_tauD000E+00_Vran118E
 +01                  
 Start
           0
 set_grid_done
 set_clumps_done
 Done
 TIME :    1.97639121557586       sec
          50 %           1   489.230427016271     
 	 100 %           3   975.472434582654     
 Time :   975.604320457438     
 WOCIVL440M0001NH220/N_atom200E+10_Vexp100E+03_Vemit500E+01_tauD000E+00_Vran118E
 +01                  
 Start
           0
 set_grid_done
 set_clumps_done
 Done
 TIME :    1.95337230758741       sec
          50 %           2   477.332116640406     
 	 100 %           2   952.589559118031     
 Time :   952.729316023411     
 WOCIVL440M0001NH220/N_atom200E+10_Vexp200E+03_Vemit500E+01_tauD000E+00_Vran118E
 +01                  
 Start
           0
 set_grid_done
 set_clumps_done
 Done
 TIME :    1.95681411447003       sec
          50 %           2   422.088927879231     
 	 100 %           1   843.014035686385     
 Time :   843.152935831808     
 WOCIVL440M0001NH220/N_atom200E+10_Vexp300E+03_Vemit500E+01_tauD000E+00_Vran118E
 +01                  
 Start
           0
 set_grid_done
 set_clumps_done
 Done
 TIME :    1.95177137106657       sec
          50 %           1   395.966791640734     
 	 100 %           1   789.395056218375     
 Time :   789.533666025149     
 WOCIVL440M0001NH220/N_atom200E+10_Vexp500E+01_Vemit500E+01_tauD000E+00_Vran118E
 +01                  
 Start
           0
 set_grid_done
 set_clumps_done
 Done
 TIME :    1.95350057003088       sec
          50 %           1   1801.77956867591     
 	 100 %           4   3602.33897556388     
 Time :   3602.47370805033     
 WOCIVL440M0001NH220/N_atom200E+10_Vexp100E+02_Vemit500E+01_tauD000E+00_Vran300E
 +01                  
 Start
           0
 set_grid_done
 set_clumps_done
 Done
 TIME :    1.95534671051428       sec
          50 %           4   1193.94577958784     
 	 100 %           3   2385.70451059495     
 Time :   2385.83568240982     
 WOCIVL440M0001NH220/N_atom200E+10_Vexp200E+02_Vemit500E+01_tauD000E+00_Vran300E
 +01                  
 Start
           0
 set_grid_done
 set_clumps_done
 Done
 TIME :    1.95131164183840       sec
          50 %           4   698.267117350595     
 	 100 %           4   1395.55289414315     
 Time :   1395.68886797642     
 WOCIVL440M0001NH220/N_atom200E+10_Vexp300E+02_Vemit500E+01_tauD000E+00_Vran300E
 +01                  
 Start
           0
 set_grid_done
 set_clumps_done
 Done
 TIME :    1.94968999619596       sec
          50 %           1   526.568893814227     
 	 100 %           1   1051.69328318280     
 Time :   1051.82716496079     
 WOCIVL440M0001NH220/N_atom200E+10_Vexp400E+02_Vemit500E+01_tauD000E+00_Vran300E
 +01                  
 Start
           0
 set_grid_done
 set_clumps_done
 Done
 TIME :    1.95027685561217       sec
          50 %           3   439.811824225122     
 	 100 %           3   877.545755983097     
 Time :   877.683328498621     
 WOCIVL440M0001NH220/N_atom200E+10_Vexp500E+02_Vemit500E+01_tauD000E+00_Vran300E
 +01                  
 Start
           0
 set_grid_done
 set_clumps_done
 Done
 TIME :    1.95276552042924       sec
          50 %           3   392.798161225626     
 	 100 %           3   783.293518270832     
 Time :   783.427958704997     
 WOCIVL440M0001NH220/N_atom200E+10_Vexp600E+02_Vemit500E+01_tauD000E+00_Vran300E
 +01                  
 Start
           0
 set_grid_done
 set_clumps_done
 Done
 TIME :    1.95024485490285       sec
          50 %           2   372.223899104167     
 	 100 %           3   742.231552710291     
 Time :   742.364325341536     
 WOCIVL440M0001NH220/N_atom200E+10_Vexp700E+02_Vemit500E+01_tauD000E+00_Vran300E
 +01                  
 Start
           0
 set_grid_done
 set_clumps_done
 Done
 TIME :    1.95042003621347       sec
          50 %           2   358.423254400026     
 	 100 %           3   715.015852020588     
 Time :   715.151768575422     
 WOCIVL440M0001NH220/N_atom200E+10_Vexp800E+02_Vemit500E+01_tauD000E+00_Vran300E
 +01                  
 Start
           0
 set_grid_done
 set_clumps_done
 Done
 TIME :    1.95267568062991       sec
          50 %           4   346.034261362161     
 	 100 %           4   690.195682515157     
 Time :   690.333316617180     
 WOCIVL440M0001NH220/N_atom200E+10_Vexp900E+02_Vemit500E+01_tauD000E+00_Vran300E
 +01                  
 Start
           0
 set_grid_done
 set_clumps_done
 Done
 TIME :    1.95707514788955       sec
          50 %           2   334.286026579328     
 	 100 %           3   666.409987278748     
 Time :   666.546492797090     
 WOCIVL440M0001NH220/N_atom200E+10_Vexp100E+03_Vemit500E+01_tauD000E+00_Vran300E
 +01                  
 Start
           0
 set_grid_done
 set_clumps_done
 Done
 TIME :    1.95449463953264       sec
          50 %           4   322.961951004341     
 	 100 %           2   644.017258804059     
 Time :   644.150451028720     
 WOCIVL440M0001NH220/N_atom200E+10_Vexp200E+03_Vemit500E+01_tauD000E+00_Vran300E
 +01                  
 Start
           0
 set_grid_done
 set_clumps_done
 Done
 TIME :    1.94904561783187       sec
          50 %           1   257.518825250678     
 	 100 %           3   513.187515717698     
 Time :   513.321205102140     
 WOCIVL440M0001NH220/N_atom200E+10_Vexp300E+03_Vemit500E+01_tauD000E+00_Vran300E
 +01                  
 Start
           0
 set_grid_done
 set_clumps_done
 Done
 TIME :    1.95333912479691       sec
          50 %           2   228.483251959085     
 	 100 %           4   454.775705678621     
 Time :   454.910771725466     
 WOCIVL440M0001NH220/N_atom200E+10_Vexp500E+01_Vemit500E+01_tauD000E+00_Vran300E
 +01                  
 Start
           0
 set_grid_done
 set_clumps_done
 Done
 TIME :    1.95063473214395       sec
          50 %           2   2134.97609657049     
 	 100 %           2   4267.64935183013     
 Time :   4267.78157610469     
 WOCIVL440M0001NH220/N_atom200E+10_Vexp100E+02_Vemit500E+01_tauD000E+00_Vran500E
 +01                  
 Start
           0
 set_grid_done
 set_clumps_done
 Done
 TIME :    1.95591325126588       sec
          50 %           4   1180.65998117812     
 	 100 %           1   2359.67994087911     
 Time :   2359.81608213880     
 WOCIVL440M0001NH220/N_atom200E+10_Vexp200E+02_Vemit500E+01_tauD000E+00_Vran500E
 +01                  
 Start
           0
 set_grid_done
 set_clumps_done
 Done
 TIME :    1.95037258649245       sec
          50 %           3   659.755687395576     
 	 100 %           1   1317.91234100261     
 Time :   1318.04548449512     
 WOCIVL440M0001NH220/N_atom200E+10_Vexp300E+02_Vemit500E+01_tauD000E+00_Vran500E
 +01                  
 Start
           0
 set_grid_done
 set_clumps_done
 Done
 TIME :    1.95190454274416       sec
          50 %           4   485.732917393791     
 	 100 %           4   970.177146067377     
 Time :   970.310063862940     
 WOCIVL440M0001NH220/N_atom200E+10_Vexp400E+02_Vemit500E+01_tauD000E+00_Vran500E
 +01                  
 Start
           0
 set_grid_done
 set_clumps_done
 Done
 TIME :    1.95030520902947       sec
          50 %           3   413.827587239910     
 	 100 %           2   825.755486544454     
 Time :   825.892922862666     
 WOCIVL440M0001NH220/N_atom200E+10_Vexp500E+02_Vemit500E+01_tauD000E+00_Vran500E
 +01                  
 Start
           0
 set_grid_done
 set_clumps_done
 Done
 TIME :    1.95130693283863       sec
          50 %           4   384.538502526237     
 	 100 %           2   767.671896005515     
 Time :   767.805563007714     
 WOCIVL440M0001NH220/N_atom200E+10_Vexp600E+02_Vemit500E+01_tauD000E+00_Vran500E
 +01                  
 Start
           0
 set_grid_done
 set_clumps_done
 Done
 TIME :    1.95068339421414       sec
          50 %           2   361.629355324432     
 	 100 %           1   721.649166850839     
 Time :   721.783316334942     
 WOCIVL440M0001NH220/N_atom200E+10_Vexp700E+02_Vemit500E+01_tauD000E+00_Vran500E
 +01                  
 Start
           0
 set_grid_done
 set_clumps_done
 Done
 TIME :    1.95223083975725       sec
          50 %           2   340.756987714441     
 	 100 %           3   679.123855174053     
 Time :   679.255500233499     
 WOCIVL440M0001NH220/N_atom200E+10_Vexp800E+02_Vemit500E+01_tauD000E+00_Vran500E
 +01                  
 Start
           0
 set_grid_done
 set_clumps_done
 Done
 TIME :    1.95062789926305       sec
          50 %           3   319.982685600407     
 	 100 %           4   637.876831084024     
 Time :   638.006407131907     
 WOCIVL440M0001NH220/N_atom200E+10_Vexp900E+02_Vemit500E+01_tauD000E+00_Vran500E
 +01                  
 Start
           0
 set_grid_done
 set_clumps_done
 Done
 TIME :    1.94575704075396       sec
          50 %           1   304.476622874849     
 	 100 %           3   606.734685785370     
 Time :   606.865156715270     
 WOCIVL440M0001NH220/N_atom200E+10_Vexp100E+03_Vemit500E+01_tauD000E+00_Vran500E
 +01                  
 Start
           0
 set_grid_done
 set_clumps_done
 Done
 TIME :    1.94912704196759       sec
          50 %           3   290.411056166515     
 	 100 %           1   579.042246615281     
 Time :   579.174709601095     
 WOCIVL440M0001NH220/N_atom200E+10_Vexp200E+03_Vemit500E+01_tauD000E+00_Vran500E
 +01                  
 Start
           0
 set_grid_done
 set_clumps_done
 Done
 TIME :    1.95077367476188       sec
          50 %           2   214.043838280020     
 	 100 %           4   426.152266791323     
 Time :   426.282465376193     
 WOCIVL440M0001NH220/N_atom200E+10_Vexp300E+03_Vemit500E+01_tauD000E+00_Vran500E
 +01                  
 Start
           0
 set_grid_done
 set_clumps_done
 Done
 TIME :    1.95083783613518       sec
          50 %           2   183.430786681594     
 	 100 %           2   364.738000334939     
 Time :   364.868721768260     
 WOCIVL440M0001NH220/N_atom200E+10_Vexp500E+01_Vemit500E+01_tauD000E+00_Vran500E
 +01                  
 Start
           0
 set_grid_done
 set_clumps_done
 Done
 TIME :    1.94938358687796       sec
          50 %           4   2198.91243749578     
 	 100 %           1   4349.26237909985     
 Time :   4349.38318842393     
 WOCIVL440M0001NH220/N_atom200E+10_Vexp100E+02_Vemit100E+02_tauD000E+00_Vran118E
 +01                  
 Start
           0
 set_grid_done
 set_clumps_done
 Done
 TIME :    1.85610170429572       sec
          50 %           1   695.881787151797     
 	 100 %           4   1391.26094130869     
 Time :   1391.38538720785     
 WOCIVL440M0001NH220/N_atom200E+10_Vexp200E+02_Vemit100E+02_tauD000E+00_Vran118E
 +01                  
 Start
           0
 set_grid_done
 set_clumps_done
 Done
 TIME :    1.85231925337575       sec
          50 %           1   529.396650525508     
 	 100 %           1   1055.64156889287     
 Time :   1055.76488168980     
 WOCIVL440M0001NH220/N_atom200E+10_Vexp300E+02_Vemit100E+02_tauD000E+00_Vran118E
 +01                  
 Start
           0
 set_grid_done
 set_clumps_done
 Done
 TIME :    1.85370980226435       sec
          50 %           3   448.332197634503     
 	 100 %           4   895.767508513993     
 Time :   895.890073096612     
 WOCIVL440M0001NH220/N_atom200E+10_Vexp400E+02_Vemit100E+02_tauD000E+00_Vran118E
 +01                  
 Start
           0
 set_grid_done
 set_clumps_done
 Done
 TIME :    1.85076324152760       sec
          50 %           2   399.480607079808     
 	 100 %           4   797.865203804104     
 Time :   797.984833317809     
 WOCIVL440M0001NH220/N_atom200E+10_Vexp500E+02_Vemit100E+02_tauD000E+00_Vran118E
 +01                  
 Start
           0
 set_grid_done
 set_clumps_done
 Done
 TIME :    1.85140248038806       sec
          50 %           4   366.925958815962     
 	 100 %           4   732.197860549670     
 Time :   732.325193477096     
 WOCIVL440M0001NH220/N_atom200E+10_Vexp600E+02_Vemit100E+02_tauD000E+00_Vran118E
 +01                  
 Start
           0
 set_grid_done
 set_clumps_done
 Done
 TIME :    1.85565054137260       sec
          50 %           4   347.323178183753     
 	 100 %           1   693.048634348903     
 Time :   693.173296366585     
 WOCIVL440M0001NH220/N_atom200E+10_Vexp700E+02_Vemit100E+02_tauD000E+00_Vran118E
 +01                  
 Start
           0
 set_grid_done
 set_clumps_done
 Done
 TIME :    1.85268881195225       sec
          50 %           4   336.500970507273     
 	 100 %           2   670.991387934657     
 Time :   671.116993336007     
 WOCIVL440M0001NH220/N_atom200E+10_Vexp800E+02_Vemit100E+02_tauD000E+00_Vran118E
 +01                  
 Start
           0
 set_grid_done
 set_clumps_done
 Done
 TIME :    1.85725319129415       sec
          50 %           4   328.900908267824     
 	 100 %           3   656.037694321712     
 Time :   656.162895538844     
 WOCIVL440M0001NH220/N_atom200E+10_Vexp900E+02_Vemit100E+02_tauD000E+00_Vran118E
 +01                  
 Start
           0
 set_grid_done
 set_clumps_done
 Done
 TIME :    1.85120525746606       sec
          50 %           2   321.754388996866     
 	 100 %           2   641.339033236494     
 Time :   641.467886788538     
 WOCIVL440M0001NH220/N_atom200E+10_Vexp100E+03_Vemit100E+02_tauD000E+00_Vran118E
 +01                  
 Start
           0
 set_grid_done
 set_clumps_done
 Done
 TIME :    1.85543955233879       sec
          50 %           3   314.208960604621     
 	 100 %           3   626.203366607195     
 Time :   626.325762330554     
 WOCIVL440M0001NH220/N_atom200E+10_Vexp200E+03_Vemit100E+02_tauD000E+00_Vran118E
 +01                  
 Start
           0
 set_grid_done
 set_clumps_done
 Done
 TIME :    1.85409504058771       sec
          50 %           2   263.504106501117     
 	 100 %           1   525.149914955720     
 Time :   525.273025700822     
 WOCIVL440M0001NH220/N_atom200E+10_Vexp300E+03_Vemit100E+02_tauD000E+00_Vran118E
 +01                  
 Start
           0
 set_grid_done
 set_clumps_done
 Done
 TIME :    1.85278629628010       sec
          50 %           3   238.001108594937     
 	 100 %           3   474.567967381096     
 Time :   474.689549957169     
 WOCIVL440M0001NH220/N_atom200E+10_Vexp500E+01_Vemit100E+02_tauD000E+00_Vran118E
 +01                  
 Start
           0
 set_grid_done
 set_clumps_done
 Done
 TIME :    1.85404322273098       sec
          50 %           2   970.320523597533     
 	 100 %           3   1942.24225223809     
 Time :   1942.36586682592     
 WOCIVL440M0001NH220/N_atom200E+10_Vexp100E+02_Vemit100E+02_tauD000E+00_Vran300E
 +01                  
 Start
           0
 set_grid_done
 set_clumps_done
 Done
 TIME :    1.86164344102144       sec
          50 %           3   839.915073511424     
 	 100 %           3   1676.28587009548     
 Time :   1676.41022859933     
 WOCIVL440M0001NH220/N_atom200E+10_Vexp200E+02_Vemit100E+02_tauD000E+00_Vran300E
 +01                  
 Start
           0
 set_grid_done
 set_clumps_done
 Done
 TIME :    1.84758759802207       sec
          50 %           2   526.588203489780     
 	 100 %           2   1051.07997412095     
 Time :   1051.20166215627     
 WOCIVL440M0001NH220/N_atom200E+10_Vexp300E+02_Vemit100E+02_tauD000E+00_Vran300E
 +01                  
 Start
           0
 set_grid_done
 set_clumps_done
 Done
 TIME :    1.85882981191389       sec
          50 %           4   407.424083736259     
 	 100 %           3   813.052193802083     
 Time :   813.174725793069     
 WOCIVL440M0001NH220/N_atom200E+10_Vexp400E+02_Vemit100E+02_tauD000E+00_Vran300E
 +01                  
 Start
           0
 set_grid_done
 set_clumps_done
 Done
 TIME :    1.85446387785487       sec
          50 %           4   343.519001817331     
 	 100 %           2   684.402714098804     
 Time :   684.527256279951     
 WOCIVL440M0001NH220/N_atom200E+10_Vexp500E+02_Vemit100E+02_tauD000E+00_Vran300E
 +01                  
 Start
           0
 set_grid_done
 set_clumps_done
 Done
 TIME :    1.85245134308934       sec
          50 %           2   308.039553978713     
 	 100 %           2   614.325631359592     
 Time :   614.447113445727     
 WOCIVL440M0001NH220/N_atom200E+10_Vexp600E+02_Vemit100E+02_tauD000E+00_Vran300E
 +01                  
 Start
           0
 set_grid_done
 set_clumps_done
 Done
 TIME :    1.85471569397487       sec
          50 %           4   291.590707588010     
 	 100 %           3   581.188438024139     
 Time :   581.312510838034     
 WOCIVL440M0001NH220/N_atom200E+10_Vexp700E+02_Vemit100E+02_tauD000E+00_Vran300E
 +01                  
 Start
           0
 set_grid_done
 set_clumps_done
 Done
 TIME :    1.85131929279305       sec
          50 %           2   280.096687136218     
 	 100 %           2   558.445764926961     
 Time :   558.567150500603     
 WOCIVL440M0001NH220/N_atom200E+10_Vexp800E+02_Vemit100E+02_tauD000E+00_Vran300E
 +01                  
 Start
           0
 set_grid_done
 set_clumps_done
 Done
 TIME :    1.85663419077173       sec
          50 %           1   268.688244402176     
 	 100 %           1   535.914168277290     
 Time :   536.043847740861     
 WOCIVL440M0001NH220/N_atom200E+10_Vexp900E+02_Vemit100E+02_tauD000E+00_Vran300E
 +01                  
 Start
           0
 set_grid_done
 set_clumps_done
 Done
 TIME :    1.85624649794772       sec
          50 %           1   258.175906535471     
 	 100 %           1   514.173489535227     
 Time :   514.299350339454     
 WOCIVL440M0001NH220/N_atom200E+10_Vexp100E+03_Vemit100E+02_tauD000E+00_Vran300E
 +01                  
 Start
           0
 set_grid_done
 set_clumps_done
 Done
 TIME :    1.85134964017197       sec
          50 %           4   248.243787422078     
 	 100 %           1   494.767388161970     
 Time :   494.892454393907     
 WOCIVL440M0001NH220/N_atom200E+10_Vexp200E+03_Vemit100E+02_tauD000E+00_Vran300E
 +01                  
 Start
           0
 set_grid_done
 set_clumps_done
 Done
 TIME :    1.85340805165470       sec
          50 %           4   188.167439386481     
 	 100 %           2   374.374908020720     
 Time :   374.497063249350     
 WOCIVL440M0001NH220/N_atom200E+10_Vexp300E+03_Vemit100E+02_tauD000E+00_Vran300E
 +01                  
 Start
           0
 set_grid_done
 set_clumps_done
 Done
 TIME :    1.85599995171651       sec
          50 %           1   161.581749604084     
 	 100 %           1   320.945791565580     
 Time :   321.069541478995     
 WOCIVL440M0001NH220/N_atom200E+10_Vexp500E+01_Vemit100E+02_tauD000E+00_Vran300E
 +01                  
 Start
           0
 set_grid_done
 set_clumps_done
 Done
 TIME :    1.85871887207031       sec
          50 %           4   1411.28060499229     
 	 100 %           1   2821.42884068144     
 Time :   2821.55495100748     
 WOCIVL440M0001NH220/N_atom200E+10_Vexp100E+02_Vemit100E+02_tauD000E+00_Vran500E
 +01                  
 Start
           0
 set_grid_done
 set_clumps_done
 Done
 TIME :    1.85164610086940       sec
          50 %           2   961.591221350944     
 	 100 %           1   1920.82014255179     
 Time :   1920.94341948116     
 WOCIVL440M0001NH220/N_atom200E+10_Vexp200E+02_Vemit100E+02_tauD000E+00_Vran500E
 +01                  
 Start
           0
 set_grid_done
 set_clumps_done
 Done
 TIME :    1.85302969650365       sec
          50 %           4   552.499125390081     
 	 100 %           2   1103.28965833737     
 Time :   1103.41151168547     
 WOCIVL440M0001NH220/N_atom200E+10_Vexp300E+02_Vemit100E+02_tauD000E+00_Vran500E
 +01                  
 Start
           0
 set_grid_done
 set_clumps_done
 Done
 TIME :    1.85133107518777       sec
          50 %           3   410.178006341681     
 	 100 %           3   818.641163712135     
 Time :   818.763728775550     
 WOCIVL440M0001NH220/N_atom200E+10_Vexp400E+02_Vemit100E+02_tauD000E+00_Vran500E
 +01                  
 Start
           0
 set_grid_done
 set_clumps_done
 Done
 TIME :    1.85157092846930       sec
          50 %           3   350.518696641317     
 	 100 %           1   699.139159265906     
 Time :   699.260718257399     
 WOCIVL440M0001NH220/N_atom200E+10_Vexp500E+02_Vemit100E+02_tauD000E+00_Vran500E
 +01                  
 Start
           0
 set_grid_done
 set_clumps_done
 Done
 TIME :    1.85360222891904       sec
          50 %           1   325.505099494243     
 	 100 %           3   649.110892073484     
 Time :   649.231861349894     
 WOCIVL440M0001NH220/N_atom200E+10_Vexp600E+02_Vemit100E+02_tauD000E+00_Vran500E
 +01                  
 Start
           0
 set_grid_done
 set_clumps_done
 Done
 TIME :    1.85303870355710       sec
          50 %           4   304.681805740111     
 	 100 %           4   607.806547747459     
 Time :   607.933178837877     
 WOCIVL440M0001NH220/N_atom200E+10_Vexp700E+02_Vemit100E+02_tauD000E+00_Vran500E
 +01                  
 Start
           0
 set_grid_done
 set_clumps_done
 Done
 TIME :    1.86003614240326       sec
          50 %           3   286.214459215291     
 	 100 %           3   570.439949065447     
 Time :   570.564520952757     
 WOCIVL440M0001NH220/N_atom200E+10_Vexp800E+02_Vemit100E+02_tauD000E+00_Vran500E
 +01                  
 Start
           0
 set_grid_done
 set_clumps_done
 Done
 TIME :    1.85256927600130       sec
          50 %           1   269.261041555088     
 	 100 %           3   536.700935447821     
 Time :   536.822408115957     
 WOCIVL440M0001NH220/N_atom200E+10_Vexp900E+02_Vemit100E+02_tauD000E+00_Vran500E
 +01                  
 Start
           0
 set_grid_done
 set_clumps_done
 Done
 TIME :    1.85076429368928       sec
          50 %           1   254.772945951205     
 	 100 %           1   507.404039636953     
 Time :   507.529051836813     
 WOCIVL440M0001NH220/N_atom200E+10_Vexp100E+03_Vemit100E+02_tauD000E+00_Vran500E
 +01                  
 Start
           0
 set_grid_done
 set_clumps_done
 Done
 TIME :    1.85041535412893       sec
          50 %           1   242.306048932951     
 	 100 %           2   482.612131861271     
 Time :   482.733180147363     
 WOCIVL440M0001NH220/N_atom200E+10_Vexp200E+03_Vemit100E+02_tauD000E+00_Vran500E
 +01                  
 Start
           0
 set_grid_done
 set_clumps_done
 Done
 TIME :    1.85870534647256       sec
          50 %           2   171.492968975799     
 	 100 %           1   341.069191215793     
 Time :   341.191694843117     
 WOCIVL440M0001NH220/N_atom200E+10_Vexp300E+03_Vemit100E+02_tauD000E+00_Vran500E
 +01                  
 Start
           0
 set_grid_done
 set_clumps_done
 Done
 TIME :    1.85017837607302       sec
          50 %           4   143.459932264173     
 	 100 %           4   284.955709966365     
 Time :   285.083526377799     
 WOCIVL440M0001NH220/N_atom200E+10_Vexp500E+01_Vemit100E+02_tauD000E+00_Vran500E
 +01                  
 Start
           0
 set_grid_done
 set_clumps_done
 Done
 TIME :    1.85242171725258       sec
          50 %           4   2033.46809053817     
 	 100 %           3   4696.75937165553     
 Time :   4696.94718671637     
 WOCIVL440M0001NH220/N_atom200E+10_Vexp100E+02_Vemit200E+02_tauD000E+00_Vran118E
 +01                  
 Start
           0
 set_grid_done
 set_clumps_done
 Done
 TIME :    3.75418210052885       sec
          50 %           4   631.520606933162     
 	 100 %           2   1263.98415797483     
 Time :   1264.17107076989     
 WOCIVL440M0001NH220/N_atom200E+10_Vexp200E+02_Vemit200E+02_tauD000E+00_Vran118E
 +01                  
 Start
           0
 set_grid_done
 set_clumps_done
 Done
 TIME :    3.77200389350764       sec
          50 %           1   525.474707918009     
 	 100 %           2   1047.64865501388     
 Time :   1047.84277393250     
 WOCIVL440M0001NH220/N_atom200E+10_Vexp300E+02_Vemit200E+02_tauD000E+00_Vran118E
 +01                  
 Start
           0
 set_grid_done
 set_clumps_done
 Done
 TIME :    3.76288455305621       sec
          50 %           1   483.397688894067     
 	 100 %           2   960.748902327847     
 Time :   960.940927668242     
 WOCIVL440M0001NH220/N_atom200E+10_Vexp400E+02_Vemit200E+02_tauD000E+00_Vran118E
 +01                  
 Start
           0
 set_grid_done
 set_clumps_done
 Done
 TIME :    3.76238894602284       sec
          50 %           4   460.468789289473     
 	 100 %           1   918.699176231865     
 Time :   918.872345915297     
 WOCIVL440M0001NH220/N_atom200E+10_Vexp500E+02_Vemit200E+02_tauD000E+00_Vran118E
 +01                  
 Start
           0
 set_grid_done
 set_clumps_done
 Done
 TIME :    2.15843085804954       sec
          50 %           1   442.397179698804     
 	 100 %           1   869.107193810632     
 Time :   869.296687865630     
 WOCIVL440M0001NH220/N_atom200E+10_Vexp600E+02_Vemit200E+02_tauD000E+00_Vran118E
 +01                  
 Start
           0
 set_grid_done
 set_clumps_done
 Done
 TIME :    3.75235183048062       sec
          50 %           1   428.015558879124     
 	 100 %           2   853.778631124878     
 Time :   853.969599667471     
 WOCIVL440M0001NH220/N_atom200E+10_Vexp700E+02_Vemit200E+02_tauD000E+00_Vran118E
 +01                  
 Start
           0
 set_grid_done
 set_clumps_done
 Done
 TIME :    2.89107890427113       sec
          50 %           3   430.434822720941     
 	 100 %           4   853.581620960496     
 Time :   853.767473601270     
 WOCIVL440M0001NH220/N_atom200E+10_Vexp800E+02_Vemit200E+02_tauD000E+00_Vran118E
 +01                  
 Start
           0
 set_grid_done
 set_clumps_done
 Done
 TIME :    3.76455844752491       sec
          50 %           1   415.200700317742     
 	 100 %           4   819.484138094354     
 Time :   819.668685227167     
 WOCIVL440M0001NH220/N_atom200E+10_Vexp900E+02_Vemit200E+02_tauD000E+00_Vran118E
 +01                  
 Start
           0
 set_grid_done
 set_clumps_done
 Done
 TIME :    3.78126380941831       sec
          50 %           4   405.232654443476     
 	 100 %           1   788.629449833184     
 Time :   788.811471080640     
 WOCIVL440M0001NH220/N_atom200E+10_Vexp100E+03_Vemit200E+02_tauD000E+00_Vran118E
 +01                  
 Start
           0
 set_grid_done
 set_clumps_done
 Done
 TIME :    3.52778352610767       sec
          50 %           2   367.001684196992     
 	 100 %           1   741.387442851439     
 Time :   741.573347921250     
 WOCIVL440M0001NH220/N_atom200E+10_Vexp200E+03_Vemit200E+02_tauD000E+00_Vran118E
 +01                  
 Start
           0
 set_grid_done
 set_clumps_done
 Done
 TIME :    3.73855561809614       sec
          50 %           3   313.863820134429     
 	 100 %           3   617.401945787948     
 Time :   617.589360752376     
 WOCIVL440M0001NH220/N_atom200E+10_Vexp300E+03_Vemit200E+02_tauD000E+00_Vran118E
 +01                  
 Start
           0
 set_grid_done
 set_clumps_done
 Done
 TIME :    3.72865584213287       sec
          50 %           4   273.026156614767     
 	 100 %           1   543.201239997521     
 Time :   543.379982656566     
 WOCIVL440M0001NH220/N_atom200E+10_Vexp500E+01_Vemit200E+02_tauD000E+00_Vran118E
 +01                  
 Start
           0
 set_grid_done
 set_clumps_done
 Done
 TIME :    3.72111854283139       sec
          50 %           2   797.151487468975     
 	 100 %           1   1539.71794841485     
 Time :   1539.88688829145     
 WOCIVL440M0001NH220/N_atom200E+10_Vexp100E+02_Vemit200E+02_tauD000E+00_Vran300E
 +01                  
 Start
           0
 set_grid_done
 set_clumps_done
 Done
 TIME :    3.69955103867687       sec
          50 %           2   728.907058985671     
 	 100 %           4   1393.62464031274     
 Time :   1393.78099131980     
 WOCIVL440M0001NH220/N_atom200E+10_Vexp200E+02_Vemit200E+02_tauD000E+00_Vran300E
 +01                  
 Start
           0
 set_grid_done
 set_clumps_done
 Done
 TIME :    3.14294173964299       sec
          50 %           1   495.638288779650     
 	 100 %           3   984.646704465849     
 Time :   984.814867223380     
 WOCIVL440M0001NH220/N_atom200E+10_Vexp300E+02_Vemit200E+02_tauD000E+00_Vran300E
 +01                  
 Start
           0
 set_grid_done
 set_clumps_done
 Done
 TIME :    2.05137157859281       sec
          50 %           4   394.206025140826     
 	 100 %           3   788.394035915146     
 Time :   788.560288631590     
 WOCIVL440M0001NH220/N_atom200E+10_Vexp400E+02_Vemit200E+02_tauD000E+00_Vran300E
 +01                  
 Start
           0
 set_grid_done
 set_clumps_done
 Done
 TIME :    3.69745033723302       sec
          50 %           3   356.694254937116     
 	 100 %           4   731.329460339155     
 Time :   731.512820167234     
 WOCIVL440M0001NH220/N_atom200E+10_Vexp500E+02_Vemit200E+02_tauD000E+00_Vran300E
 +01                  
 Start
           0
 set_grid_done
 set_clumps_done
 Done
 TIME :    2.96357355802320       sec
          50 %           4   351.468183619203     
 	 100 %           1   690.856682378100     
 Time :   691.041069247760     
 WOCIVL440M0001NH220/N_atom200E+10_Vexp600E+02_Vemit200E+02_tauD000E+00_Vran300E
 +01                  
 Start
           0
 set_grid_done
 set_clumps_done
 Done
 TIME :    2.46993144042790       sec
          50 %           1   318.031674947822     
 	 100 %           2   679.768445704598     
 Time :   679.953336817678     
 WOCIVL440M0001NH220/N_atom200E+10_Vexp700E+02_Vemit200E+02_tauD000E+00_Vran300E
 +01                  
 Start
           0
 set_grid_done
 set_clumps_done
 Done
 TIME :    3.67381999338977       sec
          50 %           3   328.326060869033     
 	 100 %           3   657.137146944879     
 Time :   657.304899526760     
 WOCIVL440M0001NH220/N_atom200E+10_Vexp800E+02_Vemit200E+02_tauD000E+00_Vran300E
 +01                  
 Start
           0
 set_grid_done
 set_clumps_done
 Done
 TIME :    2.05171338468790       sec
          50 %           2   306.829489991069     
 	 100 %           4   628.691274072044     
 Time :   628.874363759300     
 WOCIVL440M0001NH220/N_atom200E+10_Vexp900E+02_Vemit200E+02_tauD000E+00_Vran300E
 +01                  
 Start
           0
 set_grid_done
 set_clumps_done
 Done
 TIME :    3.51622974360362       sec
          50 %           3   300.195713488152     
 	 100 %           1   582.490176866297     
 Time :   582.666293941671     
 WOCIVL440M0001NH220/N_atom200E+10_Vexp100E+03_Vemit200E+02_tauD000E+00_Vran300E
 +01                  
 Start
           0
 set_grid_done
 set_clumps_done
 Done
 TIME :    3.70993918762542       sec
          50 %           2   286.458913323935     
 	 100 %           3   586.821315743262     
 Time :   586.989208219806     
 WOCIVL440M0001NH220/N_atom200E+10_Vexp200E+03_Vemit200E+02_tauD000E+00_Vran300E
 +01                  
 Start
           0
 set_grid_done
 set_clumps_done
 Done
 TIME :    3.43370047886856       sec
          50 %           2   233.202087390004     
 	 100 %           3   442.083330596099     
 Time :   442.243564303499     
 WOCIVL440M0001NH220/N_atom200E+10_Vexp300E+03_Vemit200E+02_tauD000E+00_Vran300E
 +01                  
 Start
           0
 set_grid_done
 set_clumps_done
 Done
 TIME :    2.03694992419332       sec
          50 %           3   171.371722435113     
 	 100 %           1   343.357986632502     
 Time :   343.497614042833     
 WOCIVL440M0001NH220/N_atom200E+10_Vexp500E+01_Vemit200E+02_tauD000E+00_Vran300E
 +01                  
 Start
           0
 set_grid_done
 set_clumps_done
 Done
 TIME :    2.04149010730907       sec
          50 %           3   1044.04794429615     
 	 100 %           3   2107.98681249912     
 Time :   2108.14248784888     
 WOCIVL440M0001NH220/N_atom200E+10_Vexp100E+02_Vemit200E+02_tauD000E+00_Vran500E
 +01                  
 Start
           0
 set_grid_done
 set_clumps_done
 Done
 TIME :    3.66059975000098       sec
          50 %           2   829.566277977079     
 	 100 %           1   1653.38142797863     
 Time :   1653.52434292436     
 WOCIVL440M0001NH220/N_atom200E+10_Vexp200E+02_Vemit200E+02_tauD000E+00_Vran500E
 +01                  
 Start
           0
 set_grid_done
 set_clumps_done
 Done
 TIME :    2.11520569934510       sec
          50 %           4   509.097321614856     
 	 100 %           4   1014.74615813000     
 Time :   1014.89465830475     
 WOCIVL440M0001NH220/N_atom200E+10_Vexp300E+02_Vemit200E+02_tauD000E+00_Vran500E
 +01                  
 Start
           0
 set_grid_done
 set_clumps_done
 Done
 TIME :    2.04810283891857       sec
          50 %           2   423.751875719288     
 	 100 %           2   856.854687926127     
 Time :   857.002667917404     
 WOCIVL440M0001NH220/N_atom200E+10_Vexp400E+02_Vemit200E+02_tauD000E+00_Vran500E
 +01                  
 Start
           0
 set_grid_done
 set_clumps_done
 Done
 TIME :    2.93035057885572       sec
          50 %           1   426.683454570128     
 	 100 %           4   829.323397473199     
 Time :   829.490366283571     
 WOCIVL440M0001NH220/N_atom200E+10_Vexp500E+02_Vemit200E+02_tauD000E+00_Vran500E
 +01                  
 Start
           0
 set_grid_done
 set_clumps_done
 Done
 TIME :    2.43440719065256       sec
          50 %           3   404.757470091106     
 	 100 %           3   779.367008629022     
 Time :   779.518588315696     
 WOCIVL440M0001NH220/N_atom200E+10_Vexp600E+02_Vemit200E+02_tauD000E+00_Vran500E
 +01                  
 Start
           0
 set_grid_done
 set_clumps_done
 Done
 TIME :    2.03951176721603       sec
          50 %           3   340.618518243078     
 	 100 %           4   698.791032560403     
 Time :   698.942713748896     
 WOCIVL440M0001NH220/N_atom200E+10_Vexp700E+02_Vemit200E+02_tauD000E+00_Vran500E
 +01                  
 Start
           0
 set_grid_done
 set_clumps_done
 Done
 TIME :    3.22528191655874       sec
          50 %           2   335.367530449759     
 	 100 %           3   698.315749441274     
 Time :   698.479847724782     
 WOCIVL440M0001NH220/N_atom200E+10_Vexp800E+02_Vemit200E+02_tauD000E+00_Vran500E
 +01                  
 Start
           0
 set_grid_done
 set_clumps_done
 Done
 TIME :    2.03406506008469       sec
          50 %           2   349.375098650111     
 	 100 %           4   689.093318978790     
 Time :   689.274382595904     
 WOCIVL440M0001NH220/N_atom200E+10_Vexp900E+02_Vemit200E+02_tauD000E+00_Vran500E
 +01                  
 Start
           0
 set_grid_done
 set_clumps_done
 Done
 TIME :    3.18939203559421       sec
          50 %           1   297.096593875671     
 	 100 %           2   586.364383958280     
 Time :   586.506292841863     
 WOCIVL440M0001NH220/N_atom200E+10_Vexp100E+03_Vemit200E+02_tauD000E+00_Vran500E
 +01                  
 Start
           0
 set_grid_done
 set_clumps_done
 Done
 TIME :    2.82003677682951       sec
          50 %           4   266.045164418640     
 	 100 %           3   526.664395363070     
 Time :   526.815553402528     
 WOCIVL440M0001NH220/N_atom200E+10_Vexp200E+03_Vemit200E+02_tauD000E+00_Vran500E
 +01                  
 Start
           0
 set_grid_done
 set_clumps_done
 Done
 TIME :    3.64254676015116       sec
          50 %           4   191.028066039784     
 	 100 %           3   378.632793109166     
 Time :   378.794127457310     
 WOCIVL440M0001NH220/N_atom200E+10_Vexp300E+03_Vemit200E+02_tauD000E+00_Vran500E
 +01                  
 Start
           0
 set_grid_done
 set_clumps_done
 Done
 TIME :    3.68143192376010       sec
          50 %           1   167.102533175610     
 	 100 %           3   342.505069543142     
 Time :   342.687065432779     
 WOCIVL440M0001NH220/N_atom200E+10_Vexp500E+01_Vemit200E+02_tauD000E+00_Vran500E
 +01                  
 Start
           0
 set_grid_done
 set_clumps_done
 Done
 TIME :    2.74120768764988       sec
          50 %           2   1380.03597036423     
 	 100 %           2   2740.71751800552     
 Time :   2740.86763662985     
 WOCIVL440M0001NH220/N_atom200E+10_Vexp100E+02_Vemit300E+02_tauD000E+00_Vran118E
 +01                  
 Start
           0
 set_grid_done
 set_clumps_done
 Done
 TIME :    2.05646967678331       sec
          50 %           1   401.301030783681     
 	 100 %           4   777.574195614317     
 Time :   777.714933434036     
 WOCIVL440M0001NH220/N_atom200E+10_Vexp200E+02_Vemit300E+02_tauD000E+00_Vran118E
 +01                  
 Start
           0
 set_grid_done
 set_clumps_done
 Done
 TIME :    3.63805860513821       sec
          50 %           1   312.280510122422     
 	 100 %           3   631.993249420077     
 Time :   632.135941514513     
 WOCIVL440M0001NH220/N_atom200E+10_Vexp300E+02_Vemit300E+02_tauD000E+00_Vran118E
 +01                  
 Start
           0
 set_grid_done
 set_clumps_done
 Done
 TIME :    2.03747308324091       sec
          50 %           1   299.766585537000     
 	 100 %           4   609.473116823705     
 Time :   609.618885344127     
 WOCIVL440M0001NH220/N_atom200E+10_Vexp400E+02_Vemit300E+02_tauD000E+00_Vran118E
 +01                  
 Start
           0
 set_grid_done
 set_clumps_done
 Done
 TIME :    2.03864248376340       sec
          50 %           4   309.618911899393     
 	 100 %           1   610.760065344162     
 Time :   610.897551576607     
 WOCIVL440M0001NH220/N_atom200E+10_Vexp500E+02_Vemit300E+02_tauD000E+00_Vran118E
 +01                  
 Start
           0
 set_grid_done
 set_clumps_done
 Done
 TIME :    3.04462010902353       sec
          50 %           2   265.960915302625     
 	 100 %           4   532.455106030917     
 Time :   532.592914893292     
 WOCIVL440M0001NH220/N_atom200E+10_Vexp600E+02_Vemit300E+02_tauD000E+00_Vran118E
 +01                  
 Start
           0
 set_grid_done
 set_clumps_done
 Done
 TIME :    2.03306864621118       sec
          50 %           2   259.006756485905     
 	 100 %           1   518.129354935139     
 Time :   518.264570133993     
 WOCIVL440M0001NH220/N_atom200E+10_Vexp700E+02_Vemit300E+02_tauD000E+00_Vran118E
 +01                  
 Start
           0
 set_grid_done
 set_clumps_done
 Done
 TIME :    2.03670750558376       sec
          50 %           1   256.256884708535     
 	 100 %           1   512.246131828986     
 Time :   512.417227912229     
 WOCIVL440M0001NH220/N_atom200E+10_Vexp800E+02_Vemit300E+02_tauD000E+00_Vran118E
 +01                  
 Start
           0
 set_grid_done
 set_clumps_done
 Done
 TIME :    3.36018693912774       sec
          50 %           4   263.013933732407     
 	 100 %           3   524.698587936349     
 Time :   524.849664431531     
 WOCIVL440M0001NH220/N_atom200E+10_Vexp900E+02_Vemit300E+02_tauD000E+00_Vran118E
 +01                  
 Start
           0
 set_grid_done
 set_clumps_done
 Done
 TIME :    2.75301305600442       sec
          50 %           3   252.516202520113     
 	 100 %           2   511.238975124666     
 Time :   511.415774099296     
 WOCIVL440M0001NH220/N_atom200E+10_Vexp100E+03_Vemit300E+02_tauD000E+00_Vran118E
 +01                  
 Start
           0
 set_grid_done
 set_clumps_done
 Done
 TIME :    3.58022370631807       sec
          50 %           3   253.556137713371     
 	 100 %           2   501.334956906969     
 Time :   501.470963311847     
 WOCIVL440M0001NH220/N_atom200E+10_Vexp200E+03_Vemit300E+02_tauD000E+00_Vran118E
 +01                  
 Start
           0
 set_grid_done
 set_clumps_done
 Done
 TIME :    2.02937652636319       sec
          50 %           1   204.168257153826     
 	 100 %           1   407.043579339515     
 Time :   407.191633961862     
 WOCIVL440M0001NH220/N_atom200E+10_Vexp300E+03_Vemit300E+02_tauD000E+00_Vran118E
 +01                  
 Start
           0
 set_grid_done
 set_clumps_done
 Done
 TIME :    3.55728928791359       sec
          50 %           4   180.830926285824     
 	 100 %           4   357.839383542072     
 Time :   357.988692024956     
 WOCIVL440M0001NH220/N_atom200E+10_Vexp500E+01_Vemit300E+02_tauD000E+00_Vran118E
 +01                  
 Start
           0
 set_grid_done
 set_clumps_done
 Done
 TIME :    3.66838125116192       sec
          50 %           3   508.101869979408     
 	 100 %           2   1009.49112241389     
 Time :   1009.63041722565     
 WOCIVL440M0001NH220/N_atom200E+10_Vexp100E+02_Vemit300E+02_tauD000E+00_Vran300E
 +01                  
 Start
           0
 set_grid_done
 set_clumps_done
 Done
 TIME :    2.07351649436168       sec
          50 %           3   478.467017089017     
 	 100 %           2   951.891560297459     
 Time :   952.030441216659     
 WOCIVL440M0001NH220/N_atom200E+10_Vexp200E+02_Vemit300E+02_tauD000E+00_Vran300E
 +01                  
 Start
           0
 set_grid_done
 set_clumps_done
 Done
 TIME :    2.03603825042956       sec
          50 %           1   349.035464710323     
 	 100 %           1   693.414901148761     
 Time :   693.553260341519     
 WOCIVL440M0001NH220/N_atom200E+10_Vexp300E+02_Vemit300E+02_tauD000E+00_Vran300E
 +01                  
 Start
           0
 set_grid_done
 set_clumps_done
 Done
 TIME :    2.07355287321843       sec
          50 %           1   295.872340562753     
 	 100 %           1   604.038153217873     
 Time :   604.179291003617     
 WOCIVL440M0001NH220/N_atom200E+10_Vexp400E+02_Vemit300E+02_tauD000E+00_Vran300E
 +01                  
 Start
           0
 set_grid_done
 set_clumps_done
 Done
 TIME :    2.07100085844286       sec
          50 %           4   274.140756323934     
 	 100 %           2   547.209933079779     
 Time :   547.349997726968     
 WOCIVL440M0001NH220/N_atom200E+10_Vexp500E+02_Vemit300E+02_tauD000E+00_Vran300E
 +01                  
 Start
           0
 set_grid_done
 set_clumps_done
 Done
 TIME :    2.05053346417844       sec
          50 %           1   262.760238402989     
 	 100 %           1   519.485460419208     
 Time :   519.625768025639     
 WOCIVL440M0001NH220/N_atom200E+10_Vexp600E+02_Vemit300E+02_tauD000E+00_Vran300E
 +01                  
 Start
           0
 set_grid_done
 set_clumps_done
 Done
 TIME :    2.02795878611505       sec
          50 %           1   251.911779106827     
 	 100 %           2   500.988222994609     
 Time :   501.122255036840     
 WOCIVL440M0001NH220/N_atom200E+10_Vexp700E+02_Vemit300E+02_tauD000E+00_Vran300E
 +01                  
 Start
           0
 set_grid_done
 set_clumps_done
 Done
 TIME :    2.02545379009098       sec
          50 %           3   245.887901708949     
 	 100 %           2   492.570948286681     
 Time :   492.704669932136     
 WOCIVL440M0001NH220/N_atom200E+10_Vexp800E+02_Vemit300E+02_tauD000E+00_Vran300E
 +01                  
 Start
           0
 set_grid_done
 set_clumps_done
 Done
 TIME :    2.02667735330760       sec
          50 %           1   259.265766322846     
 	 100 %           1   512.564507398987     
 Time :   512.707545968238     
 WOCIVL440M0001NH220/N_atom200E+10_Vexp900E+02_Vemit300E+02_tauD000E+00_Vran300E
 +01                  
 Start
           0
 set_grid_done
 set_clumps_done
 Done
 TIME :    2.04802834824659       sec
          50 %           4   233.390053746989     
 	 100 %           1   464.012468987843     
 Time :   464.157201439608     
 WOCIVL440M0001NH220/N_atom200E+10_Vexp100E+03_Vemit300E+02_tauD000E+00_Vran300E
 +01                  
 Start
           0
 set_grid_done
 set_clumps_done
 Done
 TIME :    2.03425730369054       sec
          50 %           1   226.179371383507     
 	 100 %           3   446.321115664905     
 Time :   446.453872326063     
 WOCIVL440M0001NH220/N_atom200E+10_Vexp200E+03_Vemit300E+02_tauD000E+00_Vran300E
 +01                  
 Start
           0
 set_grid_done
 set_clumps_done
 Done
 TIME :    2.02049778075889       sec
          50 %           3   168.066473588115     
 	 100 %           2   333.444909137907     
 Time :   333.578407270601     
 WOCIVL440M0001NH220/N_atom200E+10_Vexp300E+03_Vemit300E+02_tauD000E+00_Vran300E
 +01                  
 Start
           0
 set_grid_done
 set_clumps_done
 Done
 TIME :    1.95841044257395       sec
          50 %           4   138.502635503886     
 	 100 %           1   274.996908268891     
 Time :   275.127035438782     
 WOCIVL440M0001NH220/N_atom200E+10_Vexp500E+01_Vemit300E+02_tauD000E+00_Vran300E
 +01                  
 Start
           0
 set_grid_done
 set_clumps_done
 Done
 TIME :    1.95342923537828       sec
          50 %           1   713.018287816783     
 	 100 %           2   1424.13644064264     
 Time :   1424.26737714256     
 WOCIVL440M0001NH220/N_atom200E+10_Vexp100E+02_Vemit300E+02_tauD000E+00_Vran500E
 +01                  
 Start
           0
 set_grid_done
 set_clumps_done
 Done
 TIME :    1.94399993889965       sec
          50 %           2   596.882431699662     
 	 100 %           2   1190.99031692371     
 Time :   1191.11913918657     
 WOCIVL440M0001NH220/N_atom200E+10_Vexp200E+02_Vemit300E+02_tauD000E+00_Vran500E
 +01                  
 Start
           0
 set_grid_done
 set_clumps_done
 Done
 TIME :    1.94023050274700       sec
          50 %           3   388.702129446669     
 	 100 %           1   775.655002413550     
 Time :   775.786192773376     
 WOCIVL440M0001NH220/N_atom200E+10_Vexp300E+02_Vemit300E+02_tauD000E+00_Vran500E
 +01                  
 Start
           0
 set_grid_done
 set_clumps_done
 Done
 TIME :    1.94385386281647       sec
          50 %           2   319.189501238288     
 	 100 %           4   636.714277316118     
 Time :   636.841619601008     
 WOCIVL440M0001NH220/N_atom200E+10_Vexp400E+02_Vemit300E+02_tauD000E+00_Vran500E
 +01                  
 Start
           0
 set_grid_done
 set_clumps_done
 Done
 TIME :    1.94410568871535       sec
          50 %           2   291.476139593171     
 	 100 %           3   581.361301878933     
 Time :   581.492663532728     
 WOCIVL440M0001NH220/N_atom200E+10_Vexp500E+02_Vemit300E+02_tauD000E+00_Vran500E
 +01                  
 Start
           0
 set_grid_done
 set_clumps_done
 Done
 TIME :    1.94526375806890       sec
          50 %           3   278.555528873578     
 	 100 %           3   555.583710654872     
 Time :   555.712229684461     
 WOCIVL440M0001NH220/N_atom200E+10_Vexp600E+02_Vemit300E+02_tauD000E+00_Vran500E
 +01                  
 Start
           0
 set_grid_done
 set_clumps_done
 Done
 TIME :    1.99285156442784       sec
          50 %           4   267.753056357149     
 	 100 %           1   531.919687584043     
 Time :   532.052564903162     
 WOCIVL440M0001NH220/N_atom200E+10_Vexp700E+02_Vemit300E+02_tauD000E+00_Vran500E
 +01                  
 Start
           0
 set_grid_done
 set_clumps_done
 Done
 TIME :    1.98749020858668       sec
          50 %           2   253.396383402171     
 	 100 %           1   504.647202280816     
 Time :   504.777116418118     
 WOCIVL440M0001NH220/N_atom200E+10_Vexp800E+02_Vemit300E+02_tauD000E+00_Vran500E
 +01                  
 Start
           0
 set_grid_done
 set_clumps_done
 Done
 TIME :    1.94479440082796       sec
          50 %           2   241.660697684390     
 	 100 %           4   481.389817704447     
 Time :   481.524962780764     
 WOCIVL440M0001NH220/N_atom200E+10_Vexp900E+02_Vemit300E+02_tauD000E+00_Vran500E
 +01                  
 Start
           0
 set_grid_done
 set_clumps_done
 Done
 TIME :    2.01074607484043       sec
          50 %           4   230.909442405915     
 	 100 %           1   459.838145615766     
 Time :   459.969207402552     
 WOCIVL440M0001NH220/N_atom200E+10_Vexp100E+03_Vemit300E+02_tauD000E+00_Vran500E
 +01                  
 Start
           0
 set_grid_done
 set_clumps_done
 Done
 TIME :    1.96938569145277       sec
          50 %           1   221.246411853703     
 	 100 %           1   440.445027317619     
 Time :   440.572552748723     
 WOCIVL440M0001NH220/N_atom200E+10_Vexp200E+03_Vemit300E+02_tauD000E+00_Vran500E
 +01                  
 Start
           0
 set_grid_done
 set_clumps_done
 Done
 TIME :    1.94688310963102       sec
          50 %           3   159.312636397546     
 	 100 %           2   316.819557507988     
 Time :   316.952132595703     
 WOCIVL440M0001NH220/N_atom200E+10_Vexp300E+03_Vemit300E+02_tauD000E+00_Vran500E
 +01                  
 Start
           0
 set_grid_done
 set_clumps_done
 Done
 TIME :    1.94149376102723       sec
          50 %           1   131.942398429615     
 	 100 %           4   261.978371336358     
 Time :   262.106756482739     
 WOCIVL440M0001NH220/N_atom200E+10_Vexp500E+01_Vemit300E+02_tauD000E+00_Vran500E
 +01                  
 Start
           0
 set_grid_done
 set_clumps_done
 Done
 TIME :    1.94511368428357       sec
          50 %           3   999.537084852811     
 	 100 %           3   1995.52154841297     
 Time :   1995.65416019014     
 WOCIVL440M0001NH220/N_atom200E+10_Vexp100E+02_Vemit400E+02_tauD000E+00_Vran118E
 +01                  
 Start
           0
 set_grid_done
 set_clumps_done
 Done
 TIME :    1.95832648361102       sec
          50 %           4   304.030225485098     
 	 100 %           4   606.642035677331     
 Time :   606.769129382214     
 WOCIVL440M0001NH220/N_atom200E+10_Vexp200E+02_Vemit400E+02_tauD000E+00_Vran118E
 +01                  
 Start
           0
 set_grid_done
 set_clumps_done
 Done
 TIME :    2.00380438123830       sec
          50 %           1   256.922339664074     
 	 100 %           3   511.090405388502     
 Time :   511.221207514405     
 WOCIVL440M0001NH220/N_atom200E+10_Vexp300E+02_Vemit400E+02_tauD000E+00_Vran118E
 +01                  
 Start
           0
 set_grid_done
 set_clumps_done
 Done
 TIME :    1.99310847022571       sec
          50 %           1   239.140779592097     
 	 100 %           4   477.139399021165     
 Time :   477.270972405327     
 WOCIVL440M0001NH220/N_atom200E+10_Vexp400E+02_Vemit400E+02_tauD000E+00_Vran118E
 +01                  
 Start
           0
 set_grid_done
 set_clumps_done
 Done
 TIME :    1.99164945189841       sec
          50 %           3   230.687517559156     
 	 100 %           4   459.288274525432     
 Time :   459.420786684379     
 WOCIVL440M0001NH220/N_atom200E+10_Vexp500E+02_Vemit400E+02_tauD000E+00_Vran118E
 +01                  
 Start
           0
 set_grid_done
 set_clumps_done
 Done
 TIME :    1.99044777010567       sec
          50 %           3   225.249660322908     
 	 100 %           1   448.762633668957     
 Time :   448.891661410220     
 WOCIVL440M0001NH220/N_atom200E+10_Vexp600E+02_Vemit400E+02_tauD000E+00_Vran118E
 +01                  
 Start
           0
 set_grid_done
 set_clumps_done
 Done
 TIME :    1.98446873645298       sec
          50 %           3   222.364154644776     
 	 100 %           3   442.343029726297     
 Time :   442.472859504167     
 WOCIVL440M0001NH220/N_atom200E+10_Vexp700E+02_Vemit400E+02_tauD000E+00_Vran118E
 +01                  
 Start
           0
 set_grid_done
 set_clumps_done
 Done
 TIME :    1.98841154063120       sec
          50 %           4   221.356049848022     
 	 100 %           4   440.385618713684     
 Time :   440.514442960266     
 WOCIVL440M0001NH220/N_atom200E+10_Vexp800E+02_Vemit400E+02_tauD000E+00_Vran118E
 +01                  
 Start
           0
 set_grid_done
 set_clumps_done
 Done
 TIME :    1.96252391929738       sec
          50 %           3   219.341221094830     
 	 100 %           1   437.193863550434     
 Time :   437.321768459165     
 WOCIVL440M0001NH220/N_atom200E+10_Vexp900E+02_Vemit400E+02_tauD000E+00_Vran118E
 +01                  
 Start
           0
 set_grid_done
 set_clumps_done
 Done
 TIME :    1.94306123419665       sec
          50 %           1   216.791165476898     
 	 100 %           1   432.581986277597     
 Time :   432.709996435326     
 WOCIVL440M0001NH220/N_atom200E+10_Vexp100E+03_Vemit400E+02_tauD000E+00_Vran118E
 +01                  
 Start
           0
 set_grid_done
 set_clumps_done
 Done
 TIME :    1.97383809881285       sec
          50 %           4   214.845772464294     
 	 100 %           1   430.506669599796     
 Time :   430.636720355367     
 WOCIVL440M0001NH220/N_atom200E+10_Vexp200E+03_Vemit400E+02_tauD000E+00_Vran118E
 +01                  
 Start
           0
 set_grid_done
 set_clumps_done
 Done
 TIME :    1.97133176075295       sec
          50 %           3   182.632641089847     
 	 100 %           3   363.464040259598     
 Time :   363.593395610340     
 WOCIVL440M0001NH220/N_atom200E+10_Vexp300E+03_Vemit400E+02_tauD000E+00_Vran118E
 +01                  
 Start
           0
 set_grid_done
 set_clumps_done
 Done
 TIME :    1.97168049984612       sec
          50 %           1   160.035121710738     
 	 100 %           2   318.284299623221     
 Time :   318.413236863445     
 WOCIVL440M0001NH220/N_atom200E+10_Vexp500E+01_Vemit400E+02_tauD000E+00_Vran118E
 +01                  
 Start
           0
 set_grid_done
 set_clumps_done
 Done
 TIME :    1.94922222173773       sec
          50 %           2   399.080009977100     
 	 100 %           2   797.087181486189     
 Time :   797.222243776079     
 WOCIVL440M0001NH220/N_atom200E+10_Vexp100E+02_Vemit400E+02_tauD000E+00_Vran300E
 +01                  
 Start
           0
 set_grid_done
 set_clumps_done
 Done
 TIME :    1.95814745523967       sec
          50 %           4   397.996209204663     
 	 100 %           4   793.850256247679     
 Time :   793.977949656546     
 WOCIVL440M0001NH220/N_atom200E+10_Vexp200E+02_Vemit400E+02_tauD000E+00_Vran300E
 +01                  
 Start
           0
 set_grid_done
 set_clumps_done
 Done
 TIME :    1.96390860690735       sec
          50 %           2   287.477934028022     
 	 100 %           1   572.690453201067     
 Time :   572.819750642404     
 WOCIVL440M0001NH220/N_atom200E+10_Vexp300E+02_Vemit400E+02_tauD000E+00_Vran300E
 +01                  
 Start
           0
 set_grid_done
 set_clumps_done
 Done
 TIME :    1.95482916198671       sec
          50 %           1   250.340164926136     
 	 100 %           4   499.171172397910     
 Time :   499.299765467644     
 WOCIVL440M0001NH220/N_atom200E+10_Vexp400E+02_Vemit400E+02_tauD000E+00_Vran300E
 +01                  
 Start
           0
 set_grid_done
 set_clumps_done
 Done
 TIME :    1.95246683573350       sec
          50 %           2   231.608006024268     
 	 100 %           1   461.004642558284     
 Time :   461.138182239607     
 WOCIVL440M0001NH220/N_atom200E+10_Vexp500E+02_Vemit400E+02_tauD000E+00_Vran300E
 +01                  
 Start
           0
 set_grid_done
 set_clumps_done
 Done
 TIME :    1.94801860628650       sec
          50 %           3   221.755632142071     
 	 100 %           2   441.423784341197     
 Time :   441.556938714115     
 WOCIVL440M0001NH220/N_atom200E+10_Vexp600E+02_Vemit400E+02_tauD000E+00_Vran300E
 +01                  
 Start
           0
 set_grid_done
 set_clumps_done
 Done
 TIME :    1.97984120808542       sec
          50 %           3   216.897278016200     
 	 100 %           3   432.279439823003     
 Time :   432.411992528476     
 WOCIVL440M0001NH220/N_atom200E+10_Vexp700E+02_Vemit400E+02_tauD000E+00_Vran300E
 +01                  
 Start
           0
 set_grid_done
 set_clumps_done
 Done
 TIME :    1.96374779287726       sec
          50 %           3   213.899184747599     
 	 100 %           2   425.579780836822     
 Time :   425.705887826392     
 WOCIVL440M0001NH220/N_atom200E+10_Vexp800E+02_Vemit400E+02_tauD000E+00_Vran300E
 +01                  
 Start
           0
 set_grid_done
 set_clumps_done
 Done
 TIME :    1.97199520491995       sec
          50 %           3   209.578195879469     
 	 100 %           3   417.112198140239     
 Time :   417.240142473252     
 WOCIVL440M0001NH220/N_atom200E+10_Vexp900E+02_Vemit400E+02_tauD000E+00_Vran300E
 +01                  
 Start
           0
 set_grid_done
 set_clumps_done
 Done
 TIME :    1.96976783382706       sec
          50 %           4   205.084135192679     
 	 100 %           1   408.506755203707     
 Time :   408.636841336032     
 WOCIVL440M0001NH220/N_atom200E+10_Vexp100E+03_Vemit400E+02_tauD000E+00_Vran300E
 +01                  
 Start
           0
 set_grid_done
 set_clumps_done
 Done
 TIME :    1.97388457669877       sec
          50 %           1   200.697417271324     
 	 100 %           4   399.124715925427     
 Time :   399.256800365401     
 WOCIVL440M0001NH220/N_atom200E+10_Vexp200E+03_Vemit400E+02_tauD000E+00_Vran300E
 +01                  
 Start
           0
 set_grid_done
 set_clumps_done
 Done
 TIME :    1.94410287332721       sec
          50 %           4   158.911116920877     
 	 100 %           2   315.866327884374     
 Time :   315.999166249763     
 WOCIVL440M0001NH220/N_atom200E+10_Vexp300E+03_Vemit400E+02_tauD000E+00_Vran300E
 +01                  
 Start
           0
 set_grid_done
 set_clumps_done
 Done
 TIME :    1.96825053542852       sec
          50 %           4   133.989865997573     
 	 100 %           2   265.501142135588     
 Time :   265.628099162364     
 WOCIVL440M0001NH220/N_atom200E+10_Vexp500E+01_Vemit400E+02_tauD000E+00_Vran300E
 +01                  
 Start
           0
 set_grid_done
 set_clumps_done
 Done
 TIME :    1.96590917906724       sec
          50 %           1   617.478430344723     
 	 100 %           4   1232.42973668431     
 Time :   1232.55933206878     
 WOCIVL440M0001NH220/N_atom200E+10_Vexp100E+02_Vemit400E+02_tauD000E+00_Vran500E
 +01                  
 Start
           0
 set_grid_done
 set_clumps_done
 Done
 TIME :    1.94433297845535       sec
          50 %           1   521.629759871168     
 	 100 %           3   1040.93183635687     
 Time :   1041.06277559185     
 WOCIVL440M0001NH220/N_atom200E+10_Vexp200E+02_Vemit400E+02_tauD000E+00_Vran500E
 +01                  
 Start
           0
 set_grid_done
 set_clumps_done
 Done
 TIME :    1.94121549488045       sec
          50 %           1   344.151230537333     
 	 100 %           1   686.225073822541     
 Time :   686.355927485973     
 WOCIVL440M0001NH220/N_atom200E+10_Vexp300E+02_Vemit400E+02_tauD000E+00_Vran500E
 +01                  
 Start
           0
 set_grid_done
 set_clumps_done
 Done
 TIME :    1.94247414427809       sec
          50 %           3   285.018029673956     
 	 100 %           1   568.147330000065     
 Time :   568.277096287813     
 WOCIVL440M0001NH220/N_atom200E+10_Vexp400E+02_Vemit400E+02_tauD000E+00_Vran500E
 +01                  
 Start
           0
 set_grid_done
 set_clumps_done
 Done
 TIME :    1.93942346679978       sec
          50 %           1   262.286571869859     
 	 100 %           4   522.435513546225     
 Time :   522.564206574811     
 WOCIVL440M0001NH220/N_atom200E+10_Vexp500E+02_Vemit400E+02_tauD000E+00_Vran500E
 +01                  
 Start
           0
 set_grid_done
 set_clumps_done
 Done
 TIME :    1.94023362849839       sec
          50 %           4   252.050024935277     
 	 100 %           2   502.527362851426     
 Time :   502.658521140693     
 WOCIVL440M0001NH220/N_atom200E+10_Vexp600E+02_Vemit400E+02_tauD000E+00_Vran500E
 +01                  
 Start
           0
 set_grid_done
 set_clumps_done
 Done
 TIME :    1.94256155961193       sec
          50 %           2   242.916295174509     
 	 100 %           3   483.598557352787     
 Time :   483.727351061767     
 WOCIVL440M0001NH220/N_atom200E+10_Vexp700E+02_Vemit400E+02_tauD000E+00_Vran500E
 +01                  
 Start
           0
 set_grid_done
 set_clumps_done
 Done
 TIME :    1.94283593818545       sec
          50 %           1   233.144198629307     
 	 100 %           2   464.890875415411     
 Time :   465.020303994650     
 WOCIVL440M0001NH220/N_atom200E+10_Vexp800E+02_Vemit400E+02_tauD000E+00_Vran500E
 +01                  
 Start
           0
 set_grid_done
 set_clumps_done
 Done
 TIME :    1.94341339007951       sec
          50 %           1   224.564671036787     
 	 100 %           2   447.322374348994     
 Time :   447.452042380814     
 WOCIVL440M0001NH220/N_atom200E+10_Vexp900E+02_Vemit400E+02_tauD000E+00_Vran500E
 +01                  
 Start
           0
 set_grid_done
 set_clumps_done
 Done
 TIME :    1.94373320462182       sec
          50 %           1   215.808738955529     
 	 100 %           1   428.736615421483     
 Time :   428.862784899073     
 WOCIVL440M0001NH220/N_atom200E+10_Vexp100E+03_Vemit400E+02_tauD000E+00_Vran500E
 +01                  
 Start
           0
 set_grid_done
 set_clumps_done
 Done
 TIME :    1.93939348007552       sec
          50 %           4   207.098021023208     
 	 100 %           1   412.358423054451     
 Time :   412.493057124782     
 WOCIVL440M0001NH220/N_atom200E+10_Vexp200E+03_Vemit400E+02_tauD000E+00_Vran500E
 +01                  
 Start
           0
 set_grid_done
 set_clumps_done
 Done
 TIME :    1.94231349066831       sec
          50 %           2   154.363001642516     
 	 100 %           1   306.839351183968     
 Time :   306.972240576055     
 WOCIVL440M0001NH220/N_atom200E+10_Vexp300E+03_Vemit400E+02_tauD000E+00_Vran500E
 +01                  
 Start
           0
 set_grid_done
 set_clumps_done
 Done
 TIME :    1.94134087185375       sec
          50 %           4   128.695679425495     
 	 100 %           4   255.156121347565     
 Time :   255.285343426280     
 WOCIVL440M0001NH220/N_atom200E+10_Vexp500E+01_Vemit400E+02_tauD000E+00_Vran500E
 +01                  
 Start
           0
 set_grid_done
 set_clumps_done
 Done
 TIME :    1.94182192115113       sec
          50 %           4   865.988057415932     
 	 100 %           3   1731.55910279602     
 Time :   1731.68589204550     
 WOCIVL440M0001NH220/N_atom200E+10_Vexp100E+02_Vemit500E+02_tauD000E+00_Vran118E
 +01                  
 Start
           0
 set_grid_done
 set_clumps_done
 Done
 TIME :    1.94089565007016       sec
          50 %           3   270.581208045362     
 	 100 %           4   538.518857862800     
 Time :   538.645506696776     
 WOCIVL440M0001NH220/N_atom200E+10_Vexp200E+02_Vemit500E+02_tauD000E+00_Vran118E
 +01                  
 Start
           0
 set_grid_done
 set_clumps_done
 Done
 TIME :    1.94370004185475       sec
          50 %           2   228.825395453256     
 	 100 %           4   455.799811786506     
 Time :   455.927362786140     
 WOCIVL440M0001NH220/N_atom200E+10_Vexp300E+02_Vemit500E+02_tauD000E+00_Vran118E
 +01                  
 Start
           0
 set_grid_done
 set_clumps_done
 Done
 TIME :    1.94180307560600       sec
          50 %           4   214.873969531851     
 	 100 %           4   427.366368622752     
 Time :   427.496188411489     
 WOCIVL440M0001NH220/N_atom200E+10_Vexp400E+02_Vemit500E+02_tauD000E+00_Vran118E
 +01                  
 Start
           0
 set_grid_done
 set_clumps_done
 Done
 TIME :    1.94064032752067       sec
          50 %           2   207.717859188793     
 	 100 %           3   413.350010544993     
 Time :   413.484077513218     
 WOCIVL440M0001NH220/N_atom200E+10_Vexp500E+02_Vemit500E+02_tauD000E+00_Vran118E
 +01                  
 Start
           0
 set_grid_done
 set_clumps_done
 Done
 TIME :    1.94126884569414       sec
          50 %           3   202.965322153643     
 	 100 %           3   403.990670279600     
 Time :   404.119168750476     
 WOCIVL440M0001NH220/N_atom200E+10_Vexp600E+02_Vemit500E+02_tauD000E+00_Vran118E
 +01                  
 Start
           0
 set_grid_done
 set_clumps_done
 Done
 TIME :    1.94245555927046       sec
          50 %           1   201.446409567259     
 	 100 %           3   400.222846759483     
 Time :   400.350523436675     
 WOCIVL440M0001NH220/N_atom200E+10_Vexp700E+02_Vemit500E+02_tauD000E+00_Vran118E
 +01                  
 Start
           0
 set_grid_done
 set_clumps_done
 Done
 TIME :    1.94207298592664       sec
          50 %           2   200.678020210471     
 	 100 %           3   399.451744223479     
 Time :   399.579536509234     
 WOCIVL440M0001NH220/N_atom200E+10_Vexp800E+02_Vemit500E+02_tauD000E+00_Vran118E
 +01                  
 Start
           0
 set_grid_done
 set_clumps_done
 Done
 TIME :    1.94137993571348       sec
          50 %           3   200.609995707870     
 	 100 %           2   398.491918580141     
 Time :   398.618768123444     
 WOCIVL440M0001NH220/N_atom200E+10_Vexp900E+02_Vemit500E+02_tauD000E+00_Vran118E
 +01                  
 Start
           0
 set_grid_done
 set_clumps_done
 Done
 TIME :    1.94236788339913       sec
          50 %           1   198.785293725785     
 	 100 %           3   396.254509761697     
 Time :   396.383284614887     
 WOCIVL440M0001NH220/N_atom200E+10_Vexp100E+03_Vemit500E+02_tauD000E+00_Vran118E
 +01                  
 Start
           0
 set_grid_done
 set_clumps_done
 Done
 TIME :    1.94220078736544       sec
          50 %           2   197.126971750986     
 	 100 %           2   391.011715578614     
 Time :   391.138062662212     
 WOCIVL440M0001NH220/N_atom200E+10_Vexp200E+03_Vemit500E+02_tauD000E+00_Vran118E
 +01                  
 Start
           0
 set_grid_done
 set_clumps_done
 Done
 TIME :    1.94085254869424       sec
          50 %           1   169.888469915139     
 	 100 %           1   338.117787655909     
 Time :   338.243069866206     
 WOCIVL440M0001NH220/N_atom200E+10_Vexp300E+03_Vemit500E+02_tauD000E+00_Vran118E
 +01                  
 Start
           0
 set_grid_done
 set_clumps_done
 Done
 TIME :    1.94135668175295       sec
          50 %           1   149.746417891933     
 	 100 %           3   297.997211414389     
 Time :   298.122209818102     
 WOCIVL440M0001NH220/N_atom200E+10_Vexp500E+01_Vemit500E+02_tauD000E+00_Vran118E
 +01                  
 Start
           0
 set_grid_done
 set_clumps_done
 Done
 TIME :    1.93941831705160       sec
          50 %           1   351.518668993376     
 	 100 %           2   702.826926677255     
 Time :   702.951915062033     
 WOCIVL440M0001NH220/N_atom200E+10_Vexp100E+02_Vemit500E+02_tauD000E+00_Vran300E
 +01                  
 Start
           0
 set_grid_done
 set_clumps_done
 Done
 TIME :    1.94053253368475       sec
          50 %           2   353.165223241085     
 	 100 %           3   704.673868755111     
 Time :   704.799333069706     
 WOCIVL440M0001NH220/N_atom200E+10_Vexp200E+02_Vemit500E+02_tauD000E+00_Vran300E
 +01                  
 Start
           0
 set_grid_done
 set_clumps_done
 Done
 TIME :    1.94188371812925       sec
          50 %           3   258.013851434691     
 	 100 %           2   513.810565073974     
 Time :   513.936062070541     
 WOCIVL440M0001NH220/N_atom200E+10_Vexp300E+02_Vemit500E+02_tauD000E+00_Vran300E
 +01                  
 Start
           0
 set_grid_done
 set_clumps_done
 Done
 TIME :    1.94099707179703       sec
          50 %           3   225.731511168415     
 	 100 %           2   449.881851088023     
 Time :   450.009866365232     
 WOCIVL440M0001NH220/N_atom200E+10_Vexp400E+02_Vemit500E+02_tauD000E+00_Vran300E
 +01                  
 Start
           0
 set_grid_done
 set_clumps_done
 Done
 TIME :    1.94443371891975       sec
          50 %           1   210.000543181319     
 	 100 %           4   417.857996297069     
 Time :   417.988243103260     
 WOCIVL440M0001NH220/N_atom200E+10_Vexp500E+02_Vemit500E+02_tauD000E+00_Vran300E
 +01                  
 Start
           0
 set_grid_done
 set_clumps_done
 Done
 TIME :    1.94385015568696       sec
          50 %           3   202.064537579427     
 	 100 %           1   402.095500395866     
 Time :   402.224277413217     
 WOCIVL440M0001NH220/N_atom200E+10_Vexp600E+02_Vemit500E+02_tauD000E+00_Vran300E
 +01                  
 Start
           0
 set_grid_done
 set_clumps_done
 Done
 TIME :    1.94377955212258       sec
          50 %           3   199.265211577062     
 	 100 %           4   395.866541774711     
 Time :   395.991985089611     
 WOCIVL440M0001NH220/N_atom200E+10_Vexp700E+02_Vemit500E+02_tauD000E+00_Vran300E
 +01                  
 Start
           0
 set_grid_done
 set_clumps_done
 Done
 TIME :    1.94160584267229       sec
          50 %           1   195.593010714976     
 	 100 %           2   389.914530452341     
 Time :   390.042445169529     
 WOCIVL440M0001NH220/N_atom200E+10_Vexp800E+02_Vemit500E+02_tauD000E+00_Vran300E
 +01                  
 Start
           0
 set_grid_done
 set_clumps_done
 Done
 TIME :    1.94072295376100       sec
          50 %           4   192.943722113734     
 	 100 %           2   384.136314325733     
 Time :   384.263963400852     
 WOCIVL440M0001NH220/N_atom200E+10_Vexp900E+02_Vemit500E+02_tauD000E+00_Vran300E
 +01                  
 Start
           0
 set_grid_done
 set_clumps_done
 Done
 TIME :    1.94220055709593       sec
          50 %           1   189.285207094857     
 	 100 %           1   376.687283857027     
 Time :   376.813824566780     
 WOCIVL440M0001NH220/N_atom200E+10_Vexp100E+03_Vemit500E+02_tauD000E+00_Vran300E
 +01                  
 Start
           0
 set_grid_done
 set_clumps_done
 Done
 TIME :    1.94466640870087       sec
          50 %           1   184.223630950786     
 	 100 %           1   367.152803453384     
 Time :   367.279059584951     
 WOCIVL440M0001NH220/N_atom200E+10_Vexp200E+03_Vemit500E+02_tauD000E+00_Vran300E
 +01                  
 Start
           0
 set_grid_done
 set_clumps_done
 Done
 TIME :    1.94360865908675       sec
          50 %           2   150.707396755461     
 	 100 %           4   299.623990656342     
 Time :   299.749628789490     
 WOCIVL440M0001NH220/N_atom200E+10_Vexp300E+03_Vemit500E+02_tauD000E+00_Vran300E
 +01                  
 Start
           0
 set_grid_done
 set_clumps_done
 Done
 TIME :    1.94137743092142       sec
          50 %           3   129.717615610920     
 	 100 %           4   257.647391218925     
 Time :   257.774212088203     
 WOCIVL440M0001NH220/N_atom200E+10_Vexp500E+01_Vemit500E+02_tauD000E+00_Vran300E
 +01                  
 Start
           0
 set_grid_done
 set_clumps_done
 Done
 TIME :    1.94182769209146       sec
          50 %           1   544.182323028799     
 	 100 %           2   1087.50710281241     
 Time :   1087.63431851799     
 WOCIVL440M0001NH220/N_atom200E+10_Vexp100E+02_Vemit500E+02_tauD000E+00_Vran500E
 +01                  
 Start
           0
 set_grid_done
 set_clumps_done
 Done
 TIME :    1.94288829714060       sec
          50 %           3   461.689959132811     
 	 100 %           4   920.740343358601     
 Time :   920.865633453708     
 WOCIVL440M0001NH220/N_atom200E+10_Vexp200E+02_Vemit500E+02_tauD000E+00_Vran500E
 +01                  
 Start
           0
 set_grid_done
 set_clumps_done
 Done
 TIME :    1.94173393491656       sec
          50 %           1   306.680581504479     
 	 100 %           4   611.171607658966     
 Time :   611.300774944248     
 WOCIVL440M0001NH220/N_atom200E+10_Vexp300E+02_Vemit500E+02_tauD000E+00_Vran500E
 +01                  
 Start
           0
 set_grid_done
 set_clumps_done
 Done
 TIME :    1.94290780415758       sec
          50 %           4   255.296621437883     
 	 100 %           4   509.629743266618     
 Time :   509.759020138998     
 WOCIVL440M0001NH220/N_atom200E+10_Vexp400E+02_Vemit500E+02_tauD000E+00_Vran500E
 +01                  
 Start
           0
 set_grid_done
 set_clumps_done
 Done
 TIME :    1.94212222890928       sec
          50 %           4   236.821664926130     
 	 100 %           3   471.645209396491     
 Time :   471.771547463024     
 WOCIVL440M0001NH220/N_atom200E+10_Vexp500E+02_Vemit500E+02_tauD000E+00_Vran500E
 +01                  
 Start
           0
 set_grid_done
 set_clumps_done
 Done
 TIME :    1.94299129187129       sec
          50 %           1   228.710263061337     
 	 100 %           2   456.062279310310     
 Time :   456.188121619634     
 WOCIVL440M0001NH220/N_atom200E+10_Vexp600E+02_Vemit500E+02_tauD000E+00_Vran500E
 +01                  
 Start
           0
 set_grid_done
 set_clumps_done
 Done
 TIME :    1.94266602722928       sec
          50 %           3   221.866278773407     
 	 100 %           1   441.862328664633     
 Time :   441.990910503082     
 WOCIVL440M0001NH220/N_atom200E+10_Vexp700E+02_Vemit500E+02_tauD000E+00_Vran500E
 +01                  
 Start
           0
 set_grid_done
 set_clumps_done
 Done
 TIME :    1.94183826213703       sec
          50 %           3   214.583533472614     
 	 100 %           2   427.013067344436     
 Time :   427.141332494095     
 WOCIVL440M0001NH220/N_atom200E+10_Vexp800E+02_Vemit500E+02_tauD000E+00_Vran500E
 +01                  
 Start
           0
 set_grid_done
 set_clumps_done
 Done
 TIME :    1.94220973458141       sec
          50 %           2   207.432002587011     
 	 100 %           2   413.138061608188     
 Time :   413.264329301659     
 WOCIVL440M0001NH220/N_atom200E+10_Vexp900E+02_Vemit500E+02_tauD000E+00_Vran500E
 +01                  
 Start
           0
 set_grid_done
 set_clumps_done
 Done
 TIME :    1.94425509124994       sec
          50 %           3   199.435709389159     
 	 100 %           2   396.440263184952     
 Time :   396.568262812681     
 WOCIVL440M0001NH220/N_atom200E+10_Vexp100E+03_Vemit500E+02_tauD000E+00_Vran500E
 +01                  
 Start
           0
 set_grid_done
 set_clumps_done
 Done
 TIME :    1.94035464734770       sec
          50 %           2   192.757127519930     
 	 100 %           2   383.725171335740     
 Time :   383.850687187631     
 WOCIVL440M0001NH220/N_atom200E+10_Vexp200E+03_Vemit500E+02_tauD000E+00_Vran500E
 +01                  
 Start
           0
 set_grid_done
 set_clumps_done
 Done
 TIME :    1.94879365153611       sec
          50 %           3   148.413322649430     
 	 100 %           4   295.248919423670     
 Time :   295.377824422903     
 WOCIVL440M0001NH220/N_atom200E+10_Vexp300E+03_Vemit500E+02_tauD000E+00_Vran500E
 +01                  
 Start
           0
 set_grid_done
 set_clumps_done
 Done
 TIME :    1.94839192205109       sec
          50 %           1   125.681468095165     
 	 100 %           2   249.440775459167     
 Time :   249.566497190623     
 WOCIVL440M0001NH220/N_atom200E+10_Vexp500E+01_Vemit500E+02_tauD000E+00_Vran500E
 +01                  
 Start
           0
 set_grid_done
 set_clumps_done
 Done
 TIME :    1.95998989837244       sec
          50 %           1   763.039525950560     
 	 100 %           2   1523.52392356284     
 Time :   1523.65404814784     
 WOCIVL440M0001NH220/N_atom200E+10_Vexp100E+02_Vemit600E+02_tauD000E+00_Vran118E
 +01                  
 Start
           0
 set_grid_done
 set_clumps_done
 Done
 TIME :    1.94113725703210       sec
          50 %           4   245.290973435622     
 	 100 %           1   488.428574496647     
 Time :   488.558338179253     
 WOCIVL440M0001NH220/N_atom200E+10_Vexp200E+02_Vemit600E+02_tauD000E+00_Vran118E
 +01                  
 Start
           0
 set_grid_done
 set_clumps_done
 Done
 TIME :    1.94259214750491       sec
          50 %           3   208.935112688458     
 	 100 %           3   415.814516027458     
 Time :   415.945289238589     
 WOCIVL440M0001NH220/N_atom200E+10_Vexp300E+02_Vemit600E+02_tauD000E+00_Vran118E
 +01                  
 Start
           0
 set_grid_done
 set_clumps_done
 Done
 TIME :    1.94392448617145       sec
          50 %           4   196.600939118303     
 	 100 %           3   391.988973197760     
 Time :   392.118885852164     
 WOCIVL440M0001NH220/N_atom200E+10_Vexp400E+02_Vemit600E+02_tauD000E+00_Vran118E
 +01                  
 Start
           0
 set_grid_done
 set_clumps_done
 Done
 TIME :    1.94256459525786       sec
          50 %           2   190.688609806122     
 	 100 %           2   379.336602555355     
 Time :   379.469122168142     
 WOCIVL440M0001NH220/N_atom200E+10_Vexp500E+02_Vemit600E+02_tauD000E+00_Vran118E
 +01                  
 Start
           0
 set_grid_done
 set_clumps_done
 Done
 TIME :    1.94259973173030       sec
          50 %           4   185.964858421357     
 	 100 %           4   369.955310349120     
 Time :   370.083022543462     
 WOCIVL440M0001NH220/N_atom200E+10_Vexp600E+02_Vemit600E+02_tauD000E+00_Vran118E
 +01                  
 Start
           0
 set_grid_done
 set_clumps_done
 Done
 TIME :    1.94329188019037       sec
          50 %           3   187.064073916059     
 	 100 %           4   369.546172700357     
 Time :   369.677042444004     
 WOCIVL440M0001NH220/N_atom200E+10_Vexp700E+02_Vemit600E+02_tauD000E+00_Vran118E
 +01                  
 Start
           0
 set_grid_done
 set_clumps_done
 Done
 TIME :    1.94430715963244       sec
          50 %           3   184.330424116924     
 	 100 %           1   367.660046173027     
 Time :   367.791200364707     
 WOCIVL440M0001NH220/N_atom200E+10_Vexp800E+02_Vemit600E+02_tauD000E+00_Vran118E
 +01                  
 Start
           0
 set_grid_done
 set_clumps_done
 Done
 TIME :    1.94900433998555       sec
          50 %           1   185.042790249689     
 	 100 %           1   367.631113595096     
 Time :   367.762424853630     
 WOCIVL440M0001NH220/N_atom200E+10_Vexp900E+02_Vemit600E+02_tauD000E+00_Vran118E
 +01                  
 Start
           0
 set_grid_done
 set_clumps_done
 Done
 TIME :    1.95456772763282       sec
          50 %           3   183.474193243077     
 	 100 %           3   366.720916275633     
 Time :   366.853268071311     
 WOCIVL440M0001NH220/N_atom200E+10_Vexp100E+03_Vemit600E+02_tauD000E+00_Vran118E
 +01                  
 Start
           0
 set_grid_done
 set_clumps_done
 Done
 TIME :    2.00579040567391       sec
          50 %           4   227.836986121256     
 	 100 %           1   465.898211929714     
 Time :   466.079029832268     
 WOCIVL440M0001NH220/N_atom200E+10_Vexp200E+03_Vemit600E+02_tauD000E+00_Vran118E
 +01                  
 Start
           0
 set_grid_done
 set_clumps_done
 Done
 TIME :    3.75879315799102       sec
          50 %           1   245.685441641370     
 	 100 %           2   485.243635419523     
 Time :   485.424564732471     
 WOCIVL440M0001NH220/N_atom200E+10_Vexp300E+03_Vemit600E+02_tauD000E+00_Vran118E
 +01                  
 Start
           0
 set_grid_done
 set_clumps_done
 Done
 TIME :    2.62871926417574       sec
          50 %           1   227.598024886800     
 	 100 %           4   452.209609555313     
 Time :   452.380412013270     
 WOCIVL440M0001NH220/N_atom200E+10_Vexp500E+01_Vemit600E+02_tauD000E+00_Vran118E
 +01                  
 Start
           0
 set_grid_done
 set_clumps_done
 Done
 TIME :    3.75093149510212       sec
          50 %           3   443.788375923177     
 	 100 %           2   902.385256143752     
 Time :   902.558998700231     
 WOCIVL440M0001NH220/N_atom200E+10_Vexp100E+02_Vemit600E+02_tauD000E+00_Vran300E
 +01                  
 Start
           0
 set_grid_done
 set_clumps_done
 Done
 TIME :    3.71524394676089       sec
          50 %           4   479.909648673842     
 	 100 %           2   944.344394390238     
 Time :   944.527319516521     
 WOCIVL440M0001NH220/N_atom200E+10_Vexp200E+02_Vemit600E+02_tauD000E+00_Vran300E
 +01                  
 Start
           0
 set_grid_done
 set_clumps_done
 Done
 TIME :    3.73950267862529       sec
          50 %           3   342.113819110906     
 	 100 %           4   650.331482431386     
 Time :   650.512432153104     
 WOCIVL440M0001NH220/N_atom200E+10_Vexp300E+02_Vemit600E+02_tauD000E+00_Vran300E
 +01                  
 Start
           0
 set_grid_done
 set_clumps_done
 Done
 TIME :    3.74742110888474       sec
          50 %           1   279.931101972004     
 	 100 %           4   536.534241897985     
 Time :   536.697344328742     
 WOCIVL440M0001NH220/N_atom200E+10_Vexp400E+02_Vemit600E+02_tauD000E+00_Vran300E
 +01                  
 Start
           0
 set_grid_done
 set_clumps_done
 Done
 TIME :    2.08199754799716       sec
          50 %           3   245.000645761145     
 	 100 %           1   478.376487519825     
 Time :   478.551321369130     
 WOCIVL440M0001NH220/N_atom200E+10_Vexp500E+02_Vemit600E+02_tauD000E+00_Vran300E
 +01                  
 Start
           0
 set_grid_done
 set_clumps_done
 Done
 TIME :    2.99182353541255       sec
          50 %           2   236.092115327250     
 	 100 %           2   480.180894723628     
 Time :   480.347673123935     
 WOCIVL440M0001NH220/N_atom200E+10_Vexp600E+02_Vemit600E+02_tauD000E+00_Vran300E
 +01                  
 Start
           0
 set_grid_done
 set_clumps_done
 Done
 TIME :    2.49878111178987       sec
          50 %           3   237.820426238934     
 	 100 %           2   470.969898558222     
 Time :   471.142099840799     
 WOCIVL440M0001NH220/N_atom200E+10_Vexp700E+02_Vemit600E+02_tauD000E+00_Vran300E
 +01                  
 Start
           0
 set_grid_done
 set_clumps_done
 Done
 TIME :    3.62963675335050       sec
          50 %           1   239.407745951321     
 	 100 %           4   494.220748130232     
 Time :   494.403518053237     
 WOCIVL440M0001NH220/N_atom200E+10_Vexp800E+02_Vemit600E+02_tauD000E+00_Vran300E
 +01                  
 Start
           0
 set_grid_done
 set_clumps_done
 Done
 TIME :    3.65107918111607       sec
          50 %           1   271.125198428053     
 	 100 %           1   513.367702867836     
 Time :   513.533765545115     
 WOCIVL440M0001NH220/N_atom200E+10_Vexp900E+02_Vemit600E+02_tauD000E+00_Vran300E
 +01                  
 Start
           0
 set_grid_done
 set_clumps_done
 Done
 TIME :    3.74630730319768       sec
          50 %           2   244.486280175392     
 	 100 %           1   504.236058990471     
 Time :   504.395735494560     
 WOCIVL440M0001NH220/N_atom200E+10_Vexp100E+03_Vemit600E+02_tauD000E+00_Vran300E
 +01                  
 Start
           0
 set_grid_done
 set_clumps_done
 Done
 TIME :    2.06873497483321       sec
          50 %           4   235.965972429840     
 	 100 %           1   467.562955745496     
 Time :   467.722040891415     
 WOCIVL440M0001NH220/N_atom200E+10_Vexp200E+03_Vemit600E+02_tauD000E+00_Vran300E
 +01                  
 Start
           0
 set_grid_done
 set_clumps_done
 Done
 TIME :    2.05959516577423       sec
          50 %           3   185.956522792578     
 	 100 %           2   383.616288338788     
 Time :   383.801213506144     
 WOCIVL440M0001NH220/N_atom200E+10_Vexp300E+03_Vemit600E+02_tauD000E+00_Vran300E
 +01                  
 Start
           0
 set_grid_done
 set_clumps_done
 Done
 TIME :    3.73885698802769       sec
          50 %           3   176.043242003769     
 	 100 %           1   337.052852278575     
 Time :   337.231735714013     
 WOCIVL440M0001NH220/N_atom200E+10_Vexp500E+01_Vemit600E+02_tauD000E+00_Vran300E
 +01                  
 Start
           0
 set_grid_done
 set_clumps_done
 Done
 TIME :    2.67840666021220       sec
          50 %           4   551.328337836079     
 	 100 %           1   1161.55380050535     
 Time :   1161.73649171949     
 WOCIVL440M0001NH220/N_atom200E+10_Vexp100E+02_Vemit600E+02_tauD000E+00_Vran500E
 +01                  
 Start
           0
 set_grid_done
 set_clumps_done
 Done
 TIME :    3.09422499896027       sec
          50 %           1   570.367224076297     
 	 100 %           1   1126.32972980640     
 Time :   1126.49009274808     
 WOCIVL440M0001NH220/N_atom200E+10_Vexp200E+02_Vemit600E+02_tauD000E+00_Vran500E
 +01                  
 Start
           0
 set_grid_done
 set_clumps_done
 Done
 TIME :    2.06863912357949       sec
          50 %           3   370.917741949437     
 	 100 %           1   729.730596361682     
 Time :   729.903129411396     
 WOCIVL440M0001NH220/N_atom200E+10_Vexp300E+02_Vemit600E+02_tauD000E+00_Vran500E
 +01                  
 Start
           0
 set_grid_done
 set_clumps_done
 Done
 TIME :    3.74900044454262       sec
          50 %           4   332.807851678925     
 	 100 %           3   641.970083819469     
 Time :   642.138958402677     
 WOCIVL440M0001NH220/N_atom200E+10_Vexp400E+02_Vemit600E+02_tauD000E+00_Vran500E
 +01                  
 Start
           0
 set_grid_done
 set_clumps_done
 Done
 TIME :    2.06610156618990       sec
          50 %           3   292.211797169177     
 	 100 %           2   586.981112214038     
 Time :   587.153922497761     
 WOCIVL440M0001NH220/N_atom200E+10_Vexp500E+02_Vemit600E+02_tauD000E+00_Vran500E
 +01                  
 Start
           0
 set_grid_done
 set_clumps_done
 Done
 TIME :    3.63885607291013       sec
          50 %           2   306.610319201136     
 	 100 %           4   614.660211775452     
 Time :   614.839096994139     
 WOCIVL440M0001NH220/N_atom200E+10_Vexp600E+02_Vemit600E+02_tauD000E+00_Vran500E
 +01                  
 Start
           0
 set_grid_done
 set_clumps_done
 Done
 TIME :    3.74103376315907       sec
          50 %           2   291.462944006547     
 	 100 %           3   599.541459132684     
 Time :   599.709176017204     
 WOCIVL440M0001NH220/N_atom200E+10_Vexp700E+02_Vemit600E+02_tauD000E+00_Vran500E
 +01                  
 Start
           0
 set_grid_done
 set_clumps_done
 Done
 TIME :    2.07553601218387       sec
          50 %           4   301.334431724157     
 	 100 %           1   596.774903554004     
 Time :   596.955614323961     
 WOCIVL440M0001NH220/N_atom200E+10_Vexp800E+02_Vemit600E+02_tauD000E+00_Vran500E
 +01                  
 Start
           0
 set_grid_done
 set_clumps_done
 Done
 TIME :    3.74755875882693       sec
          50 %           3   292.224747111555     
 	 100 %           1   584.371497207088     
 Time :   584.539760634769     
 WOCIVL440M0001NH220/N_atom200E+10_Vexp900E+02_Vemit600E+02_tauD000E+00_Vran500E
 +01                  
 Start
           0
 set_grid_done
 set_clumps_done
 Done
 TIME :    2.08302912837826       sec
          50 %           3   287.656230202876     
 	 100 %           1   553.863265303662     
 Time :   554.043115666835     
 WOCIVL440M0001NH220/N_atom200E+10_Vexp100E+03_Vemit600E+02_tauD000E+00_Vran500E
 +01                  
 Start
           0
 set_grid_done
 set_clumps_done
 Done
 TIME :    3.19349008309655       sec
          50 %           1   251.874031924410     
 	 100 %           3   494.669962225016     
 Time :   494.827940618619     
 WOCIVL440M0001NH220/N_atom200E+10_Vexp200E+03_Vemit600E+02_tauD000E+00_Vran500E
 +01                  
 Start
           0
 set_grid_done
 set_clumps_done
 Done
 TIME :    2.07380519015715       sec
          50 %           3   197.800116223749     
 	 100 %           4   395.582502598874     
 Time :   395.740391463274     
 WOCIVL440M0001NH220/N_atom200E+10_Vexp300E+03_Vemit600E+02_tauD000E+00_Vran500E
 +01                  
 Start
           0
 set_grid_done
 set_clumps_done
 Done
 TIME :    3.61715165991336       sec
          50 %           4   164.566514725564     
 	 100 %           1   323.671277150046     
 Time :   323.841975571355     
 WOCIVL440M0001NH220/N_atom200E+10_Vexp500E+01_Vemit600E+02_tauD000E+00_Vran500E
 +01                  
 Start
           0
 set_grid_done
 set_clumps_done
 Done
 TIME :    3.74577435548417       sec
          50 %           2   897.860390068730     
 	 100 %           3   1825.23747093813     
 Time :   1825.41084416630     
 WOCIVL440M0001NH220/N_atom200E+10_Vexp100E+02_Vemit700E+02_tauD000E+00_Vran118E
 +01                  
 Start
           0
 set_grid_done
 set_clumps_done
 Done
 TIME :    3.75254583731294       sec
          50 %           3   308.673165853834     
 	 100 %           2   599.447271367535     
 Time :   599.627892888850     
 WOCIVL440M0001NH220/N_atom200E+10_Vexp200E+02_Vemit700E+02_tauD000E+00_Vran118E
 +01                  
 Start
           0
 set_grid_done
 set_clumps_done
 Done
 TIME :    3.15102501120418       sec
          50 %           3   271.628892568871     
 	 100 %           2   501.883195260540     
 Time :   502.057909173192     
 WOCIVL440M0001NH220/N_atom200E+10_Vexp300E+02_Vemit700E+02_tauD000E+00_Vran118E
 +01                  
 Start
           0
 set_grid_done
 set_clumps_done
 Done
 TIME :    3.42349658836611       sec
          50 %           2   234.322432180634     
 	 100 %           3   461.227876119316     
 Time :   461.404094736557     
 WOCIVL440M0001NH220/N_atom200E+10_Vexp400E+02_Vemit700E+02_tauD000E+00_Vran118E
 +01                  
 Start
           0
 set_grid_done
 set_clumps_done
 Done
 TIME :    3.60370499826968       sec
          50 %           3   223.266105724266     
 	 100 %           2   440.658634939929     
 Time :   440.834490350680     
 WOCIVL440M0001NH220/N_atom200E+10_Vexp500E+02_Vemit700E+02_tauD000E+00_Vran118E
 +01                  
 Start
           0
 set_grid_done
 set_clumps_done
 Done
 TIME :    3.75166680547409       sec
          50 %           4   219.139121688902     
 	 100 %           3   434.503722746624     
 Time :   434.665955823846     
 WOCIVL440M0001NH220/N_atom200E+10_Vexp600E+02_Vemit700E+02_tauD000E+00_Vran118E
 +01                  
 Start
           0
 set_grid_done
 set_clumps_done
 Done
 TIME :    2.07306833704934       sec
          50 %           3   214.710577243008     
 	 100 %           4   427.969202130102     
 Time :   428.147216822952     
 WOCIVL440M0001NH220/N_atom200E+10_Vexp700E+02_Vemit700E+02_tauD000E+00_Vran118E
 +01                  
 Start
           0
 set_grid_done
 set_clumps_done
 Done
 TIME :    3.74923376552761       sec
          50 %           1   224.267900271574     
 	 100 %           2   450.785702299792     
 Time :   450.950313933659     
 WOCIVL440M0001NH220/N_atom200E+10_Vexp800E+02_Vemit700E+02_tauD000E+00_Vran118E
 +01                  
 Start
           0
 set_grid_done
 set_clumps_done
 Done
 TIME :    3.75146164745092       sec
          50 %           2   218.483911651652     
 	 100 %           4   431.332951123593     
 Time :   431.509720742470     
 WOCIVL440M0001NH220/N_atom200E+10_Vexp900E+02_Vemit700E+02_tauD000E+00_Vran118E
 +01                  
 Start
           0
 set_grid_done
 set_clumps_done
 Done
 TIME :    3.32011635438539       sec
          50 %           3   229.174890285125     
 	 100 %           4   451.382771509700     
 Time :   451.540079285624     
 WOCIVL440M0001NH220/N_atom200E+10_Vexp100E+03_Vemit700E+02_tauD000E+00_Vran118E
 +01                  
 Start
           0
 set_grid_done
 set_clumps_done
 Done
 TIME :    3.73065436072648       sec
          50 %           2   226.052889835788     
 	 100 %           3   449.262979790568     
 Time :   449.445590502350     
 WOCIVL440M0001NH220/N_atom200E+10_Vexp200E+03_Vemit700E+02_tauD000E+00_Vran118E
 +01                  
 Start
           0
 set_grid_done
 set_clumps_done
 Done
 TIME :    3.74822940677404       sec
          50 %           1   207.611438807333     
 	 100 %           2   406.047316490207     
 Time :   406.199848276796     
 WOCIVL440M0001NH220/N_atom200E+10_Vexp300E+03_Vemit700E+02_tauD000E+00_Vran118E
 +01                  
 Start
           0
 set_grid_done
 set_clumps_done
 Done
 TIME :    2.08156957896426       sec
          50 %           1   184.641154132783     
 	 100 %           4   357.442955411272     
 Time :   357.601441204082     
 WOCIVL440M0001NH220/N_atom200E+10_Vexp500E+01_Vemit700E+02_tauD000E+00_Vran118E
 +01                  
 Start
           0
 set_grid_done
 set_clumps_done
 Done
 TIME :    2.49336526286788       sec
          50 %           1   338.227455967339     
 	 100 %           4   722.652444050880     
 Time :   722.830024683150     
 WOCIVL440M0001NH220/N_atom200E+10_Vexp100E+02_Vemit700E+02_tauD000E+00_Vran300E
 +01                  
 Start
           0
 set_grid_done
 set_clumps_done
 Done
 TIME :    3.69244737899862       sec
          50 %           4   401.433483459987     
 	 100 %           3   755.295544005930     
 Time :   755.478503457038     
 WOCIVL440M0001NH220/N_atom200E+10_Vexp200E+02_Vemit700E+02_tauD000E+00_Vran300E
 +01                  
 Start
           0
 set_grid_done
 set_clumps_done
 Done
 TIME :    2.08880620007403       sec
          50 %           2   270.089158388553     
 	 100 %           2   535.517196508590     
 Time :   535.688206198160     
 WOCIVL440M0001NH220/N_atom200E+10_Vexp300E+02_Vemit700E+02_tauD000E+00_Vran300E
 +01                  
 Start
           0
 set_grid_done
 set_clumps_done
 Done
 TIME :    3.62653710343875       sec
          50 %           4   241.046196588781     
 	 100 %           2   476.330714385258     
 Time :   476.515080645913     
 WOCIVL440M0001NH220/N_atom200E+10_Vexp400E+02_Vemit700E+02_tauD000E+00_Vran300E
 +01                  
 Start
           0
 set_grid_done
 set_clumps_done
 Done
 TIME :    3.34253437630832       sec
          50 %           2   234.456523274304     
 	 100 %           2   506.352015849901     
 Time :   506.536475356901     
 WOCIVL440M0001NH220/N_atom200E+10_Vexp500E+02_Vemit700E+02_tauD000E+00_Vran300E
 +01                  
 Start
           0
 set_grid_done
 set_clumps_done
 Done
 TIME :    3.73300947318785       sec
          50 %           3   264.177548436215     
 	 100 %           2   518.629945418797     
 Time :   518.811974951765     
 WOCIVL440M0001NH220/N_atom200E+10_Vexp600E+02_Vemit700E+02_tauD000E+00_Vran300E
 +01                  
 Start
           0
 set_grid_done
 set_clumps_done
 Done
 TIME :    3.74566657189280       sec
          50 %           4   247.922351897229     
 	 100 %           3   472.625024170149     
 Time :   472.789909351384     
 WOCIVL440M0001NH220/N_atom200E+10_Vexp700E+02_Vemit700E+02_tauD000E+00_Vran300E
 +01                  
 Start
           0
 set_grid_done
 set_clumps_done
 Done
 TIME :    2.12660365737975       sec
          50 %           3   224.737747974694     
 	 100 %           1   433.352736887988     
 Time :   433.514712648699     
 WOCIVL440M0001NH220/N_atom200E+10_Vexp800E+02_Vemit700E+02_tauD000E+00_Vran300E
 +01                  
 Start
           0
 set_grid_done
 set_clumps_done
 Done
 TIME :    2.85258990945294       sec
          50 %           1   209.056679464411     
 	 100 %           1   426.248223450733     
 Time :   426.424834419740     
 WOCIVL440M0001NH220/N_atom200E+10_Vexp900E+02_Vemit700E+02_tauD000E+00_Vran300E
 +01                  
 Start
           0
 set_grid_done
 set_clumps_done
 Done
 TIME :    3.62226120964624       sec
          50 %           1   208.478777420707     
 	 100 %           3   412.711179713253     
 Time :   412.890904068248     
 WOCIVL440M0001NH220/N_atom200E+10_Vexp100E+03_Vemit700E+02_tauD000E+00_Vran300E
 +01                  
 Start
           0
 set_grid_done
 set_clumps_done
 Done
 TIME :    3.74372962978669       sec
          50 %           3   205.524367487058     
 	 100 %           2   407.496647380060     
 Time :   407.658449071692     
 WOCIVL440M0001NH220/N_atom200E+10_Vexp200E+03_Vemit700E+02_tauD000E+00_Vran300E
 +01                  
 Start
           0
 set_grid_done
 set_clumps_done
 Done
 TIME :    2.07964403857477       sec
          50 %           4   176.142728776671     
 	 100 %           4   350.860399842961     
 Time :   351.031191390241     
 WOCIVL440M0001NH220/N_atom200E+10_Vexp300E+03_Vemit700E+02_tauD000E+00_Vran300E
 +01                  
 Start
           0
 set_grid_done
 set_clumps_done
 Done
 TIME :    2.15037884516641       sec
          50 %           3   157.040150173940     
 	 100 %           3   317.451971067581     
 Time :   317.621253832476     
 WOCIVL440M0001NH220/N_atom200E+10_Vexp500E+01_Vemit700E+02_tauD000E+00_Vran300E
 +01                  
 Start
           0
 set_grid_done
 set_clumps_done
 Done
 TIME :    2.12763225217350       sec
          50 %           1   566.525131708477     
 	 100 %           2   1148.33233268512     
 Time :   1148.50596931111     
 WOCIVL440M0001NH220/N_atom200E+10_Vexp100E+02_Vemit700E+02_tauD000E+00_Vran500E
 +01                  
 Start
           0
 set_grid_done
 set_clumps_done
 Done
 TIME :    3.08519273321144       sec
          50 %           3   490.434292936232     
 	 100 %           4   977.718942703679     
 Time :   977.896581796464     
 WOCIVL440M0001NH220/N_atom200E+10_Vexp200E+02_Vemit700E+02_tauD000E+00_Vran500E
 +01                  
 Start
           0
 set_grid_done
 set_clumps_done
 Done
 TIME :    3.40402190061286       sec
          50 %           4   350.132339459844     
 	 100 %           4   694.983728661202     
 Time :   695.144646131201     
 WOCIVL440M0001NH220/N_atom200E+10_Vexp300E+02_Vemit700E+02_tauD000E+00_Vran500E
 +01                  
 Start
           0
 set_grid_done
 set_clumps_done
 Done
 TIME :    2.26530139031820       sec
          50 %           2   257.214688750217     
 	 100 %           2   555.189244573005     
 Time :   555.370140112471     
 WOCIVL440M0001NH220/N_atom200E+10_Vexp400E+02_Vemit700E+02_tauD000E+00_Vran500E
 +01                  
 Start
           0
 set_grid_done
 set_clumps_done
 Done
 TIME :    3.74334812862799       sec
          50 %           1   270.257529600058     
 	 100 %           3   532.235947594512     
 Time :   532.412036266178     
 WOCIVL440M0001NH220/N_atom200E+10_Vexp500E+02_Vemit700E+02_tauD000E+00_Vran500E
 +01                  
 Start
           0
 set_grid_done
 set_clumps_done
 Done
 TIME :    3.74159638700075       sec
          50 %           4   256.218081249390     
 	 100 %           2   522.827341089724     
 Time :   522.994696440874     
 WOCIVL440M0001NH220/N_atom200E+10_Vexp600E+02_Vemit700E+02_tauD000E+00_Vran500E
 +01                  
 Start
           0
 set_grid_done
 set_clumps_done
 Done
 TIME :    3.63463083468378       sec
          50 %           1   241.673204027815     
 	 100 %           4   464.498582081404     
 Time :   464.641278283438     
 WOCIVL440M0001NH220/N_atom200E+10_Vexp700E+02_Vemit700E+02_tauD000E+00_Vran500E
 +01                  
 Start
           0
 set_grid_done
 set_clumps_done
 Done
 TIME :    2.86363234557211       sec
          50 %           4   219.675809335196     
 	 100 %           1   437.341484963661     
 Time :   437.524137915345     
 WOCIVL440M0001NH220/N_atom200E+10_Vexp800E+02_Vemit700E+02_tauD000E+00_Vran500E
 +01                  
 Start
           0
 set_grid_done
 set_clumps_done
 Done
 TIME :    3.74749075039290       sec
          50 %           3   260.092201006133     
 	 100 %           1   502.252201759955     
 Time :   502.431285874685     
 WOCIVL440M0001NH220/N_atom200E+10_Vexp900E+02_Vemit700E+02_tauD000E+00_Vran500E
 +01                  
 Start
           0
 set_grid_done
 set_clumps_done
 Done
 TIME :    2.09022974129766       sec
          50 %           1   253.273181985831     
 	 100 %           1   513.375541446963     
 Time :   513.557683642954     
 WOCIVL440M0001NH220/N_atom200E+10_Vexp100E+03_Vemit700E+02_tauD000E+00_Vran500E
 +01                  
 Start
           0
 set_grid_done
 set_clumps_done
 Done
 TIME :    3.73726053978316       sec
          50 %           1   245.842527878238     
 	 100 %           1   493.310428529745     
 Time :   493.491526621860     
 WOCIVL440M0001NH220/N_atom200E+10_Vexp200E+03_Vemit700E+02_tauD000E+00_Vran500E
 +01                  
 Start
           0
 set_grid_done
 set_clumps_done
 Done
 TIME :    3.79908764618449       sec
          50 %           4   204.772495076293     
 	 100 %           4   402.072816851782     
 Time :   402.242689531762     
 WOCIVL440M0001NH220/N_atom200E+10_Vexp300E+03_Vemit700E+02_tauD000E+00_Vran500E
 +01                  
 Start
           0
 set_grid_done
 set_clumps_done
 Done
 TIME :    2.08853393536992       sec
          50 %           1   179.261553262128     
 	 100 %           2   367.912582191406     
 Time :   368.094883858925     
 WOCIVL440M0001NH220/N_atom200E+10_Vexp500E+01_Vemit700E+02_tauD000E+00_Vran500E
 +01                  
 Start
           0
 set_grid_done
 set_clumps_done
 Done
 TIME :    3.73349369852804       sec
          50 %           4   820.403598335572     
 	 100 %           1   1589.29557620804     
 Time :   1589.46703217155     
 WOCIVL440M0001NH220/N_atom200E+10_Vexp100E+02_Vemit800E+02_tauD000E+00_Vran118E
 +01                  
 Start
           0
 set_grid_done
 set_clumps_done
 Done
 TIME :    2.98905385914259       sec
          50 %           2   248.966353468131     
 	 100 %           1   504.713307124563     
 Time :   504.880239475751     
 WOCIVL440M0001NH220/N_atom200E+10_Vexp200E+02_Vemit800E+02_tauD000E+00_Vran118E
 +01                  
 Start
           0
 set_grid_done
 set_clumps_done
 Done
 TIME :    2.13090548012406       sec
          50 %           2   221.114691792056     
 	 100 %           2   449.174209056189     
 Time :   449.346335026203     
 WOCIVL440M0001NH220/N_atom200E+10_Vexp300E+02_Vemit800E+02_tauD000E+00_Vran118E
 +01                  
 Start
           0
 set_grid_done
 set_clumps_done
 Done
 TIME :    2.08063179603778       sec
          50 %           4   212.669101933716     
 	 100 %           1   403.764234014088     
 Time :   403.921989345923     
 WOCIVL440M0001NH220/N_atom200E+10_Vexp400E+02_Vemit800E+02_tauD000E+00_Vran118E
 +01                  
 Start
           0
 set_grid_done
 set_clumps_done
 Done
 TIME :    3.75423550163396       sec
          50 %           4   200.550095674815     
 	 100 %           2   405.472960861167     
 Time :   405.636619643541     
 WOCIVL440M0001NH220/N_atom200E+10_Vexp500E+02_Vemit800E+02_tauD000E+00_Vran118E
 +01                  
 Start
           0
 set_grid_done
 set_clumps_done
 Done
 TIME :    2.08111285557970       sec
          50 %           4   204.845204806654     
 	 100 %           1   413.120041530579     
 Time :   413.287119036308     
 WOCIVL440M0001NH220/N_atom200E+10_Vexp600E+02_Vemit800E+02_tauD000E+00_Vran118E
 +01                  
 Start
           0
 set_grid_done
 set_clumps_done
 Done
 TIME :    3.45480427634902       sec
          50 %           2   205.679078383138     
 	 100 %           3   427.553750103805     
 Time :   427.731265252223     
 WOCIVL440M0001NH220/N_atom200E+10_Vexp700E+02_Vemit800E+02_tauD000E+00_Vran118E
 +01                  
 Start
           0
 set_grid_done
 set_clumps_done
 Done
 TIME :    2.95037691923790       sec
          50 %           4   195.588115850929     
 	 100 %           2   395.403393977787     
 Time :   395.564896594035     
 WOCIVL440M0001NH220/N_atom200E+10_Vexp800E+02_Vemit800E+02_tauD000E+00_Vran118E
 +01                  
 Start
           0
 set_grid_done
 set_clumps_done
 Done
 TIME :    2.07963762665167       sec
          50 %           2   208.522820355371     
 	 100 %           4   412.350388354622     
 Time :   412.530577718746     
 WOCIVL440M0001NH220/N_atom200E+10_Vexp900E+02_Vemit800E+02_tauD000E+00_Vran118E
 +01                  
 Start
           0
 set_grid_done
 set_clumps_done
 Done
 TIME :    2.15503549901769       sec
          50 %           2   201.734368503559     
 	 100 %           3   401.366913166596     
 Time :   401.545302658109     
 WOCIVL440M0001NH220/N_atom200E+10_Vexp100E+03_Vemit800E+02_tauD000E+00_Vran118E
 +01                  
 Start
           0
 set_grid_done
 set_clumps_done
 Done
 TIME :    2.47489019506611       sec
          50 %           2   189.273154278519     
 	 100 %           4   370.068815644830     
 Time :   370.216556323692     
 WOCIVL440M0001NH220/N_atom200E+10_Vexp200E+03_Vemit800E+02_tauD000E+00_Vran118E
 +01                  
 Start
           0
 set_grid_done
 set_clumps_done
 Done
 TIME :    2.77866971073672       sec
          50 %           2   169.424904749030     
 	 100 %           2   336.158753484022     
 Time :   336.317266398109     
 WOCIVL440M0001NH220/N_atom200E+10_Vexp300E+03_Vemit800E+02_tauD000E+00_Vran118E
 +01                  
 Start
           0
 set_grid_done
 set_clumps_done
 Done
 TIME :    2.61669683572836       sec
          50 %           3   154.375211325241     
 	 100 %           1   305.290917777456     
 Time :   305.461224628380     
 WOCIVL440M0001NH220/N_atom200E+10_Vexp500E+01_Vemit800E+02_tauD000E+00_Vran118E
 +01                  
 Start
           0
 set_grid_done
 set_clumps_done
 Done
 TIME :    3.67808917444199       sec
          50 %           2   319.175468238303     
 	 100 %           2   617.791162505746     
 Time :   617.946838035714     
 WOCIVL440M0001NH220/N_atom200E+10_Vexp100E+02_Vemit800E+02_tauD000E+00_Vran300E
 +01                  
 Start
           0
 set_grid_done
 set_clumps_done
 Done
 TIME :    2.07573325512931       sec
          50 %           4   313.736083504045     
 	 100 %           2   637.183669708436     
 Time :   637.349998018006     
 WOCIVL440M0001NH220/N_atom200E+10_Vexp200E+02_Vemit800E+02_tauD000E+00_Vran300E
 +01                  
 Start
           0
 set_grid_done
 set_clumps_done
 Done
 TIME :    2.07311674859375       sec
          50 %           3   246.585291328141     
 	 100 %           1   485.744908803841     
 Time :   485.911229208345     
 WOCIVL440M0001NH220/N_atom200E+10_Vexp300E+02_Vemit800E+02_tauD000E+00_Vran300E
 +01                  
 Start
           0
 set_grid_done
 set_clumps_done
 Done
 TIME :    2.07819501915947       sec
          50 %           2   212.271818315145     
 	 100 %           2   414.123930978123     
 Time :   414.274258707883     
 WOCIVL440M0001NH220/N_atom200E+10_Vexp400E+02_Vemit800E+02_tauD000E+00_Vran300E
 +01                  
 Start
           0
 set_grid_done
 set_clumps_done
 Done
 TIME :    3.11540096299723       sec
          50 %           4   176.019621408312     
 	 100 %           3   349.656158373225     
 Time :   349.810168975499     
 WOCIVL440M0001NH220/N_atom200E+10_Vexp500E+02_Vemit800E+02_tauD000E+00_Vran300E
 +01                  
 Start
           0
 set_grid_done
 set_clumps_done
 Done
 TIME :    2.95882224524394       sec
          50 %           3   181.369167168625     
 	 100 %           4   362.844327551080     
 Time :   362.996380452299     
 WOCIVL440M0001NH220/N_atom200E+10_Vexp600E+02_Vemit800E+02_tauD000E+00_Vran300E
 +01                  
 Start
           0
 set_grid_done
 set_clumps_done
 Done
 TIME :    3.72695781220682       sec
          50 %           1   169.726110288640     
 	 100 %           2   345.904477420961     
 Time :   346.053124182858     
 WOCIVL440M0001NH220/N_atom200E+10_Vexp700E+02_Vemit800E+02_tauD000E+00_Vran300E
 +01                  
 Start
           0
 set_grid_done
 set_clumps_done
 Done
 TIME :    2.07464110059664       sec
          50 %           4   180.002437368967     
 	 100 %           1   363.598072732566     
 Time :   363.764353982871     
 WOCIVL440M0001NH220/N_atom200E+10_Vexp800E+02_Vemit800E+02_tauD000E+00_Vran300E
 +01                  
 Start
           0
 set_grid_done
 set_clumps_done
 Done
 TIME :    2.07555245351978       sec
          50 %           1   210.691673647380     
 	 100 %           4   426.171768169384     
 Time :   426.341415944276     
 WOCIVL440M0001NH220/N_atom200E+10_Vexp900E+02_Vemit800E+02_tauD000E+00_Vran300E
 +01                  
 Start
           0
 set_grid_done
 set_clumps_done
 Done
 TIME :    2.06393833667971       sec
          50 %           4   215.181494678836     
 	 100 %           1   429.048630606849     
 Time :   429.221053758869     
 WOCIVL440M0001NH220/N_atom200E+10_Vexp100E+03_Vemit800E+02_tauD000E+00_Vran300E
 +01                  
 Start
           0
 set_grid_done
 set_clumps_done
 Done
 TIME :    2.06952165206894       sec
          50 %           3   210.734520651167     
 	 100 %           1   421.478684663307     
 Time :   421.647456071572     
 WOCIVL440M0001NH220/N_atom200E+10_Vexp200E+03_Vemit800E+02_tauD000E+00_Vran300E
 +01                  
 Start
           0
 set_grid_done
 set_clumps_done
 Done
 TIME :    3.56912346091121       sec
          50 %           4   189.611627934733     
 	 100 %           1   373.236770152114     
 Time :   373.403023659950     
 WOCIVL440M0001NH220/N_atom200E+10_Vexp300E+03_Vemit800E+02_tauD000E+00_Vran300E
 +01                  
 Start
           0
 set_grid_done
 set_clumps_done
 Done
 TIME :    2.07064754050225       sec
          50 %           2   167.217140484601     
 	 100 %           1   330.183347022394     
 Time :   330.352000467479     
 WOCIVL440M0001NH220/N_atom200E+10_Vexp500E+01_Vemit800E+02_tauD000E+00_Vran300E
 +01                  
 Start
           0
 set_grid_done
 set_clumps_done
 Done
 TIME :    3.69261738029309       sec
          50 %           3   500.417400224600     
 	 100 %           3   982.631537723821     
 Time :   982.799241353292     
 WOCIVL440M0001NH220/N_atom200E+10_Vexp100E+02_Vemit800E+02_tauD000E+00_Vran500E
 +01                  
 Start
           0
 set_grid_done
 set_clumps_done
 Done
 TIME :    2.06677835574374       sec
          50 %           1   399.038488659775     
 	 100 %           3   777.038148919586     
 Time :   777.181982141221     
 WOCIVL440M0001NH220/N_atom200E+10_Vexp200E+02_Vemit800E+02_tauD000E+00_Vran500E
 +01                  
 Start
           0
 set_grid_done
 set_clumps_done
 Done
 TIME :    2.06729653547518       sec
          50 %           3   268.394466144498     
 	 100 %           1   560.039390150458     
 Time :   560.204716535751     
 WOCIVL440M0001NH220/N_atom200E+10_Vexp300E+02_Vemit800E+02_tauD000E+00_Vran500E
 +01                  
 Start
           0
 set_grid_done
 set_clumps_done
 Done
 TIME :    2.06559127150103       sec
          50 %           1   240.151653153356     
 	 100 %           4   483.073281360324     
 Time :   483.239890480414     
 WOCIVL440M0001NH220/N_atom200E+10_Vexp400E+02_Vemit800E+02_tauD000E+00_Vran500E
 +01                  
 Start
           0
 set_grid_done
 set_clumps_done
 Done
 TIME :    2.06494839605875       sec
          50 %           4   235.884787216550     
 	 100 %           4   463.724907492986     
 Time :   463.888606912456     
 WOCIVL440M0001NH220/N_atom200E+10_Vexp500E+02_Vemit800E+02_tauD000E+00_Vran500E
 +01                  
 Start
           0
 set_grid_done
 set_clumps_done
 Done
 TIME :    2.06394489901140       sec
          50 %           1   226.082303423202     
 	 100 %           4   445.677952232305     
 Time :   445.840389315272     
 WOCIVL440M0001NH220/N_atom200E+10_Vexp600E+02_Vemit800E+02_tauD000E+00_Vran500E
 +01                  
 Start
           0
 set_grid_done
 set_clumps_done
 Done
 TIME :    2.06486804410815       sec
          50 %           1   212.082642712398     
 	 100 %           1   442.053891831310     
 Time :   442.232309025014     
 WOCIVL440M0001NH220/N_atom200E+10_Vexp700E+02_Vemit800E+02_tauD000E+00_Vran500E
 +01                  
 Start
           0
 set_grid_done
 set_clumps_done
 Done
 TIME :    3.71019222610630       sec
          50 %           2   233.650144417305     
 	 100 %           2   450.612000260036     
 Time :   450.778931559296     
 WOCIVL440M0001NH220/N_atom200E+10_Vexp800E+02_Vemit800E+02_tauD000E+00_Vran500E
 +01                  
 Start
           0
 set_grid_done
 set_clumps_done
 Done
 TIME :    3.60148934950121       sec
          50 %           1   223.951583884424     
 	 100 %           1   442.308456955245     
 Time :   442.470342034707     
 WOCIVL440M0001NH220/N_atom200E+10_Vexp900E+02_Vemit800E+02_tauD000E+00_Vran500E
 +01                  
 Start
           0
 set_grid_done
 set_clumps_done
 Done
 TIME :    2.06676942901686       sec
          50 %           1   204.122430747375     
 	 100 %           4   427.653384395875     
 Time :   427.828711928800     
 WOCIVL440M0001NH220/N_atom200E+10_Vexp100E+03_Vemit800E+02_tauD000E+00_Vran500E
 +01                  
 Start
           0
 set_grid_done
 set_clumps_done
 Done
 TIME :    3.72885371651500       sec
          50 %           1   223.167388075264     
 	 100 %           4   449.082364080241     
 Time :   449.251112014055     
 WOCIVL440M0001NH220/N_atom200E+10_Vexp200E+03_Vemit800E+02_tauD000E+00_Vran500E
 +01                  
 Start
           0
 set_grid_done
 set_clumps_done
 Done
 TIME :    3.71939447335899       sec
          50 %           4   206.167766765459     
 	 100 %           1   414.271093043033     
 Time :   414.454358793097     
 WOCIVL440M0001NH220/N_atom200E+10_Vexp300E+03_Vemit800E+02_tauD000E+00_Vran500E
 +01                  
 Start
           0
 set_grid_done
 set_clumps_done
 Done
 TIME :    3.72658765246160       sec
          50 %           4   186.503150140401     
 	 100 %           4   363.007790112868     
 Time :   363.171046294272     
 WOCIVL440M0001NH220/N_atom200E+10_Vexp500E+01_Vemit800E+02_tauD000E+00_Vran500E
 +01                  
 Start
           0
 set_grid_done
 set_clumps_done
 Done
 TIME :    2.06304618972354       sec
          50 %           4   755.729841870954     
 	 100 %           1   1437.01666431897     
 Time :   1437.18706658040     
 WOCIVL440M0001NH220/N_atom200E+10_Vexp100E+02_Vemit900E+02_tauD000E+00_Vran118E
 +01                  
 Start
           0
 set_grid_done
 set_clumps_done
 Done
 TIME :    3.72259022505023       sec
          50 %           1   247.643015973037     
 	 100 %           3   512.463106617332     
 Time :   512.632057835581     
 WOCIVL440M0001NH220/N_atom200E+10_Vexp200E+02_Vemit900E+02_tauD000E+00_Vran118E
 +01                  
 Start
           0
 set_grid_done
 set_clumps_done
 Done
 TIME :    3.73118396173231       sec
          50 %           4   233.005123493029     
 	 100 %           2   469.308132201433     
 Time :   469.473641522694     
 WOCIVL440M0001NH220/N_atom200E+10_Vexp300E+02_Vemit900E+02_tauD000E+00_Vran118E
 +01                  
 Start
           0
 set_grid_done
 set_clumps_done
 Done
 TIME :    2.06967132491991       sec
          50 %           3   207.750390850939     
 	 100 %           2   418.437491833465     
 Time :   418.617361793760     
 WOCIVL440M0001NH220/N_atom200E+10_Vexp400E+02_Vemit900E+02_tauD000E+00_Vran118E
 +01                  
 Start
           0
 set_grid_done
 set_clumps_done
 Done
 TIME :    3.72818541317247       sec
          50 %           3   204.007167237811     
 	 100 %           4   398.200534258038     
 Time :   398.373331777751     
 WOCIVL440M0001NH220/N_atom200E+10_Vexp500E+02_Vemit900E+02_tauD000E+00_Vran118E
 +01                  
 Start
           0
 set_grid_done
 set_clumps_done
 Done
 TIME :    3.72881974210031       sec
          50 %           1   203.517541423207     
 	 100 %           4   405.665058688493     
 Time :   405.831826057984     
 WOCIVL440M0001NH220/N_atom200E+10_Vexp600E+02_Vemit900E+02_tauD000E+00_Vran118E
 +01                  
 Start
           0
 set_grid_done
 set_clumps_done
 Done
 TIME :    2.06163706583902       sec
          50 %           1   224.079035245813     
 	 100 %           1   430.274123423267     
 Time :   430.444029486505     
 WOCIVL440M0001NH220/N_atom200E+10_Vexp700E+02_Vemit900E+02_tauD000E+00_Vran118E
 +01                  
 Start
           0
 set_grid_done
 set_clumps_done
 Done
 TIME :    2.75366405677050       sec
          50 %           1   187.292461089790     
 	 100 %           4   373.356815611944     
 Time :   373.534861153224     
 WOCIVL440M0001NH220/N_atom200E+10_Vexp800E+02_Vemit900E+02_tauD000E+00_Vran118E
 +01                  
 Start
           0
 set_grid_done
 set_clumps_done
 Done
 TIME :    3.58624037099071       sec
          50 %           3   203.507781070890     
 	 100 %           4   393.790684134467     
 Time :   393.963816797594     
 WOCIVL440M0001NH220/N_atom200E+10_Vexp900E+02_Vemit900E+02_tauD000E+00_Vran118E
 +01                  
 Start
           0
 set_grid_done
 set_clumps_done
 Done
 TIME :    3.71004899544641       sec
          50 %           3   192.853037100285     
 	 100 %           1   391.135348601034     
 Time :   391.290663950145     
 WOCIVL440M0001NH220/N_atom200E+10_Vexp100E+03_Vemit900E+02_tauD000E+00_Vran118E
 +01                  
 Start
           0
 set_grid_done
 set_clumps_done
 Done
 TIME :    2.05677713803016       sec
          50 %           2   180.036731232656     
 	 100 %           1   356.595409526490     
 Time :   356.763641985832     
 WOCIVL440M0001NH220/N_atom200E+10_Vexp200E+03_Vemit900E+02_tauD000E+00_Vran118E
 +01                  
 Start
           0
 set_grid_done
 set_clumps_done
 Done
 TIME :    2.06929766852409       sec
          50 %           4   175.695227500284     
 	 100 %           2   334.327667843783     
 Time :   334.473844896536     
 WOCIVL440M0001NH220/N_atom200E+10_Vexp300E+03_Vemit900E+02_tauD000E+00_Vran118E
 +01                  
 Start
           0
 set_grid_done
 set_clumps_done
 Done
 TIME :    3.69557798746973       sec
          50 %           2   138.034665831132     
 	 100 %           1   271.816290801857     
 Time :   271.965001965407     
 WOCIVL440M0001NH220/N_atom200E+10_Vexp500E+01_Vemit900E+02_tauD000E+00_Vran118E
 +01                  
 Start
           0
 set_grid_done
 set_clumps_done
 Done
 TIME :    3.03066331334412       sec
          50 %           3   275.975489570294     
 	 100 %           1   551.464117041091     
 Time :   551.631549037062     
 WOCIVL440M0001NH220/N_atom200E+10_Vexp100E+02_Vemit900E+02_tauD000E+00_Vran300E
 +01                  
 Start
           0
 set_grid_done
 set_clumps_done
 Done
 TIME :    3.72898696851917       sec
          50 %           2   271.794189107837     
 	 100 %           3   575.721277388511     
 Time :   575.890978063457     
 WOCIVL440M0001NH220/N_atom200E+10_Vexp200E+02_Vemit900E+02_tauD000E+00_Vran300E
 +01                  
 Start
           0
 set_grid_done
 set_clumps_done
 Done
 TIME :    2.06478241225705       sec
          50 %           4   233.511873791926     
 	 100 %           2   457.480347076431     
 Time :   457.645575786941     
 WOCIVL440M0001NH220/N_atom200E+10_Vexp300E+02_Vemit900E+02_tauD000E+00_Vran300E
 +01                  
 Start
           0
 set_grid_done
 set_clumps_done
 Done
 TIME :    3.43983516679145       sec
          50 %           3   205.442510794150     
 	 100 %           1   387.283976128791     
 Time :   387.433933698805     
 WOCIVL440M0001NH220/N_atom200E+10_Vexp400E+02_Vemit900E+02_tauD000E+00_Vran300E
 +01                  
 Start
           0
 set_grid_done
 set_clumps_done
 Done
 TIME :    3.72367398394272       sec
          50 %           4   172.996459396323     
 	 100 %           2   355.357797277858     
 Time :   355.522693389561     
 WOCIVL440M0001NH220/N_atom200E+10_Vexp500E+02_Vemit900E+02_tauD000E+00_Vran300E
 +01                  
 Start
           0
 set_grid_done
 set_clumps_done
 Done
 TIME :    3.72221285151318       sec
          50 %           3   187.714543581475     
 	 100 %           1   369.873282011831     
 Time :   370.025160823949     
 WOCIVL440M0001NH220/N_atom200E+10_Vexp600E+02_Vemit900E+02_tauD000E+00_Vran300E
 +01                  
 Start
           0
 set_grid_done
 set_clumps_done
 Done
 TIME :    3.64400422549807       sec
          50 %           4   176.409738588147     
 	 100 %           4   361.091097960249     
 Time :   361.261963768164     
 WOCIVL440M0001NH220/N_atom200E+10_Vexp700E+02_Vemit900E+02_tauD000E+00_Vran300E
 +01                  
 Start
           0
 set_grid_done
 set_clumps_done
 Done
 TIME :    2.56452060467564       sec
          50 %           4   184.752342137508     
 	 100 %           4   348.836748009548     
 Time :   348.991351763252     
 WOCIVL440M0001NH220/N_atom200E+10_Vexp800E+02_Vemit900E+02_tauD000E+00_Vran300E
 +01                  
 Start
           0
 set_grid_done
 set_clumps_done
 Done
 TIME :    3.72133362945169       sec
          50 %           3   157.776431539329     
 	 100 %           4   311.707873483188     
 Time :   311.859423884423     
 WOCIVL440M0001NH220/N_atom200E+10_Vexp900E+02_Vemit900E+02_tauD000E+00_Vran300E
 +01                  
 Start
           0
 set_grid_done
 set_clumps_done
 Done
 TIME :    3.72557847434655       sec
          50 %           1   159.004619901534     
 	 100 %           2   311.367939075222     
 Time :   311.518151787575     
 WOCIVL440M0001NH220/N_atom200E+10_Vexp100E+03_Vemit900E+02_tauD000E+00_Vran300E
 +01                  
 Start
           0
 set_grid_done
 set_clumps_done
 Done
 TIME :    3.34958893316798       sec
          50 %           1   157.277024372714     
 	 100 %           2   321.716340033803     
 Time :   321.884434732608     
 WOCIVL440M0001NH220/N_atom200E+10_Vexp200E+03_Vemit900E+02_tauD000E+00_Vran300E
 +01                  
 Start
           0
 set_grid_done
 set_clumps_done
 Done
 TIME :    2.69853528402746       sec
          50 %           3   148.853866773192     
 	 100 %           2   296.241066261427     
 Time :   296.389789437642     
 WOCIVL440M0001NH220/N_atom200E+10_Vexp300E+03_Vemit900E+02_tauD000E+00_Vran300E
 +01                  
 Start
           0
 set_grid_done
 set_clumps_done
 Done
 TIME :    2.89697106368840       sec
          50 %           1   129.208571385592     
 	 100 %           4   256.513554792386     
 Time :   256.671475166222     
 WOCIVL440M0001NH220/N_atom200E+10_Vexp500E+01_Vemit900E+02_tauD000E+00_Vran300E
 +01                  
 Start
           0
 set_grid_done
 set_clumps_done
 Done
 TIME :    2.09029796044342       sec
          50 %           4   388.839039930608     
 	 100 %           3   781.514738366008     
 Time :   781.677001109347     
 WOCIVL440M0001NH220/N_atom200E+10_Vexp100E+02_Vemit900E+02_tauD000E+00_Vran500E
 +01                  
 Start
           0
 set_grid_done
 set_clumps_done
 Done
 TIME :    3.09830133547075       sec
          50 %           2   383.444749608869     
 	 100 %           1   768.565129013499     
 Time :   768.734114967287     
 WOCIVL440M0001NH220/N_atom200E+10_Vexp200E+02_Vemit900E+02_tauD000E+00_Vran500E
 +01                  
 Start
           0
 set_grid_done
 set_clumps_done
 Done
 TIME :    2.06065133237280       sec
          50 %           1   274.827346215956     
 	 100 %           2   553.562094770372     
 Time :   553.743610211648     
 WOCIVL440M0001NH220/N_atom200E+10_Vexp300E+02_Vemit900E+02_tauD000E+00_Vran500E
 +01                  
 Start
           0
 set_grid_done
 set_clumps_done
 Done
 TIME :    3.71509024593979       sec
          50 %           4   247.245053350925     
 	 100 %           3   493.898849259131     
 Time :   494.080272145569     
 WOCIVL440M0001NH220/N_atom200E+10_Vexp400E+02_Vemit900E+02_tauD000E+00_Vran500E
 +01                  
 Start
           0
 set_grid_done
 set_clumps_done
 Done
 TIME :    3.72234899899922       sec
          50 %           2   235.569613088854     
 	 100 %           3   483.485009336146     
 Time :   483.657638717908     
 WOCIVL440M0001NH220/N_atom200E+10_Vexp500E+02_Vemit900E+02_tauD000E+00_Vran500E
 +01                  
 Start
           0
 set_grid_done
 set_clumps_done
 Done
 TIME :    2.05653002066538       sec
          50 %           3   255.172555376543     
 	 100 %           2   505.767024152679     
 Time :   505.944539671997     
 WOCIVL440M0001NH220/N_atom200E+10_Vexp600E+02_Vemit900E+02_tauD000E+00_Vran500E
 +01                  
 Start
           0
 set_grid_done
 set_clumps_done
 Done
 TIME :    2.43890206841752       sec
          50 %           4   238.434736403171     
 	 100 %           2   438.697765799239     
 Time :   438.877644716529     
 WOCIVL440M0001NH220/N_atom200E+10_Vexp700E+02_Vemit900E+02_tauD000E+00_Vran500E
 +01                  
 Start
           0
 set_grid_done
 set_clumps_done
 Done
 TIME :    3.70876513817348       sec
          50 %           2   210.419772098074     
 	 100 %           3   425.839150734711     
 Time :   426.019194724038     
 WOCIVL440M0001NH220/N_atom200E+10_Vexp800E+02_Vemit900E+02_tauD000E+00_Vran500E
 +01                  
 Start
           0
 set_grid_done
 set_clumps_done
 Done
 TIME :    3.71476213564165       sec
          50 %           2   211.608099481789     
 	 100 %           4   410.617728731828     
 Time :   410.785007397877     
 WOCIVL440M0001NH220/N_atom200E+10_Vexp900E+02_Vemit900E+02_tauD000E+00_Vran500E
 +01                  
 Start
           0
 set_grid_done
 set_clumps_done
 Done
 TIME :    3.66311625740491       sec
          50 %           4   191.644940852886     
 	 100 %           3   349.839975906536     
 Time :   349.974389109295     
 WOCIVL440M0001NH220/N_atom200E+10_Vexp100E+03_Vemit900E+02_tauD000E+00_Vran500E
 +01                  
 Start
           0
 set_grid_done
 set_clumps_done
 Done
 TIME :    2.01412887009792       sec
          50 %           4   154.547519579995     
 	 100 %           1   307.015167210251     
 Time :   307.153445410077     
 WOCIVL440M0001NH220/N_atom200E+10_Vexp200E+03_Vemit900E+02_tauD000E+00_Vran500E
 +01                  
 Start
           0
 set_grid_done
 set_clumps_done
 Done
 TIME :    2.02013534540311       sec
          50 %           4   131.471068073297     
 	 100 %           3   260.614338745363     
 Time :   260.747602114454     
 WOCIVL440M0001NH220/N_atom200E+10_Vexp300E+03_Vemit900E+02_tauD000E+00_Vran500E
 +01                  
 Start
           0
 set_grid_done
 set_clumps_done
 Done
 TIME :    2.01561122247949       sec
          50 %           4   116.909057680983     
 	 100 %           4   232.193453182233     
 Time :   232.330116448924     
 WOCIVL440M0001NH220/N_atom200E+10_Vexp500E+01_Vemit900E+02_tauD000E+00_Vran500E
 +01                  
 Start
           0
 set_grid_done
 set_clumps_done
 Done
 TIME :    2.02024804847315       sec
          50 %           4   519.606117676012     
 	 100 %           2   1035.63985467306     
 Time :   1035.77335587167     
 WOCIVL440M0001NH220/N_atom200E+10_Vexp100E+02_Vemit100E+03_tauD000E+00_Vran118E
 +01                  
 Start
           0
 set_grid_done
 set_clumps_done
 Done
 TIME :    2.01260164263658       sec
          50 %           3   184.445677888114     
 	 100 %           3   367.507543251151     
 Time :   367.643139911350     
 WOCIVL440M0001NH220/N_atom200E+10_Vexp200E+02_Vemit100E+03_tauD000E+00_Vran118E
 +01                  
 Start
           0
 set_grid_done
 set_clumps_done
 Done
 TIME :    2.02029918530025       sec
          50 %           4   159.669251250103     
 	 100 %           2   317.743193002651     
 Time :   317.879807146499     
 WOCIVL440M0001NH220/N_atom200E+10_Vexp300E+02_Vemit100E+03_tauD000E+00_Vran118E
 +01                  
 Start
           0
 set_grid_done
 set_clumps_done
 Done
 TIME :    2.01642568223178       sec
          50 %           1   152.193729328224     
 	 100 %           3   302.312407210469     
 Time :   302.448306252249     
 WOCIVL440M0001NH220/N_atom200E+10_Vexp400E+02_Vemit100E+03_tauD000E+00_Vran118E
 +01                  
 Start
           0
 set_grid_done
 set_clumps_done
 Done
 TIME :    2.01630259957165       sec
          50 %           4   148.382017916767     
 	 100 %           2   294.802597977454     
 Time :   294.934492969420     
 WOCIVL440M0001NH220/N_atom200E+10_Vexp500E+02_Vemit100E+03_tauD000E+00_Vran118E
 +01                  
 Start
           0
 set_grid_done
 set_clumps_done
 Done
 TIME :    2.03386532235891       sec
          50 %           2   145.378926889505     
 	 100 %           1   289.585732323118     
 Time :   289.721549329814     
 WOCIVL440M0001NH220/N_atom200E+10_Vexp600E+02_Vemit100E+03_tauD000E+00_Vran118E
 +01                  
 Start
           0
 set_grid_done
 set_clumps_done
 Done
 TIME :    2.01760964072309       sec
          50 %           1   145.227778067579     
 	 100 %           4   287.956177012762     
 Time :   288.090825941181     
 WOCIVL440M0001NH220/N_atom200E+10_Vexp700E+02_Vemit100E+03_tauD000E+00_Vran118E
 +01                  
 Start
           0
 set_grid_done
 set_clumps_done
 Done
 TIME :    2.01561915758066       sec
          50 %           4   145.064330604626     
 	 100 %           3   288.883197677322     
 Time :   289.014564651065     
 WOCIVL440M0001NH220/N_atom200E+10_Vexp800E+02_Vemit100E+03_tauD000E+00_Vran118E
 +01                  
 Start
           0
 set_grid_done
 set_clumps_done
 Done
 TIME :    2.01548896124586       sec
          50 %           1   146.008695288561     
 	 100 %           1   290.308715067105     
 Time :   290.442683288595     
 WOCIVL440M0001NH220/N_atom200E+10_Vexp900E+02_Vemit100E+03_tauD000E+00_Vran118E
 +01                  
 Start
           0
 set_grid_done
 set_clumps_done
 Done
 TIME :    2.01453934609890       sec
          50 %           2   145.437789271120     
 	 100 %           4   288.894908757415     
 Time :   289.027683743276     
 WOCIVL440M0001NH220/N_atom200E+10_Vexp100E+03_Vemit100E+03_tauD000E+00_Vran118E
 +01                  
 Start
           0
 set_grid_done
 set_clumps_done
 Done
 TIME :    2.00981876160949       sec
          50 %           2   145.878593857167     
 	 100 %           3   291.063432025257     
 Time :   291.199924298795     
 WOCIVL440M0001NH220/N_atom200E+10_Vexp200E+03_Vemit100E+03_tauD000E+00_Vran118E
 +01                  
 Start
           0
 set_grid_done
 set_clumps_done
 Done
 TIME :    2.01077205385081       sec
          50 %           2   137.581535823178     
 	 100 %           3   273.408128726296     
 Time :   273.544591173297     
 WOCIVL440M0001NH220/N_atom200E+10_Vexp300E+03_Vemit100E+03_tauD000E+00_Vran118E
 +01                  
 Start
           0
 set_grid_done
 set_clumps_done
 Done
 TIME :    2.01954633183777       sec
          50 %           1   128.690569815692     
 	 100 %           1   255.175366280833     
 Time :   255.310249482049     
 WOCIVL440M0001NH220/N_atom200E+10_Vexp500E+01_Vemit100E+03_tauD000E+00_Vran118E
 +01                  
 Start
           0
 set_grid_done
 set_clumps_done
 Done
 TIME :    2.01917224470526       sec
          50 %           1   234.230633311672     
 	 100 %           1   466.884883105988     
 Time :   467.020824136911     
 WOCIVL440M0001NH220/N_atom200E+10_Vexp100E+02_Vemit100E+03_tauD000E+00_Vran300E
 +01                  
 Start
           0
 set_grid_done
 set_clumps_done
 Done
 TIME :    2.01875914353877       sec
          50 %           1   234.971420966089     
 	 100 %           1   466.006647801492     
 Time :   466.141429140233     
 WOCIVL440M0001NH220/N_atom200E+10_Vexp200E+02_Vemit100E+03_tauD000E+00_Vran300E
 +01                  
 Start
           0
 set_grid_done
 set_clumps_done
 Done
 TIME :    2.01071433443576       sec
          50 %           1   176.472658299841     
 	 100 %           4   351.153865680099     
 Time :   351.290033149533     
 WOCIVL440M0001NH220/N_atom200E+10_Vexp300E+02_Vemit100E+03_tauD000E+00_Vran300E
 +01                  
 Start
           0
 set_grid_done
 set_clumps_done
 Done
 TIME :    2.01426035817713       sec
          50 %           2   158.001631477382     
 	 100 %           2   314.129421883728     
 Time :   314.262736078817     
 WOCIVL440M0001NH220/N_atom200E+10_Vexp400E+02_Vemit100E+03_tauD000E+00_Vran300E
 +01                  
 Start
           0
 set_grid_done
 set_clumps_done
 Done
 TIME :    2.02652778057382       sec
          50 %           2   148.816134569235     
 	 100 %           4   295.775432474446     
 Time :   295.911253769416     
 WOCIVL440M0001NH220/N_atom200E+10_Vexp500E+02_Vemit100E+03_tauD000E+00_Vran300E
 +01                  
 Start
           0
 set_grid_done
 set_clumps_done
 Done
 TIME :    2.02139179082587       sec
          50 %           2   145.042871615384     
 	 100 %           3   287.732435151003     
 Time :   287.865481188986     
 WOCIVL440M0001NH220/N_atom200E+10_Vexp600E+02_Vemit100E+03_tauD000E+00_Vran300E
 +01                  
 Start
           0
 set_grid_done
 set_clumps_done
 Done
 TIME :    2.02832068037242       sec
          50 %           2   143.845113642979     
 	 100 %           2   285.429577449337     
 Time :   285.563212821726     
 WOCIVL440M0001NH220/N_atom200E+10_Vexp700E+02_Vemit100E+03_tauD000E+00_Vran300E
 +01                  
 Start
           0
 set_grid_done
 set_clumps_done
 Done
 TIME :    2.01730375224724       sec
          50 %           2   143.603128691670     
 	 100 %           4   284.996568520553     
 Time :   285.134722255170     
 WOCIVL440M0001NH220/N_atom200E+10_Vexp800E+02_Vemit100E+03_tauD000E+00_Vran300E
 +01                  
 Start
           0
 set_grid_done
 set_clumps_done
 Done
 TIME :    2.00940205343068       sec
          50 %           3   143.143284620717     
 	 100 %           4   283.926270314958     
 Time :   284.062702845316     
 WOCIVL440M0001NH220/N_atom200E+10_Vexp900E+02_Vemit100E+03_tauD000E+00_Vran300E
 +01                  
 Start
           0
 set_grid_done
 set_clumps_done
 Done
 TIME :    2.01240104343742       sec
          50 %           3   141.242819876876     
 	 100 %           3   280.728270215914     
 Time :   280.862427845597     
 WOCIVL440M0001NH220/N_atom200E+10_Vexp100E+03_Vemit100E+03_tauD000E+00_Vran300E
 +01                  
 Start
           0
 set_grid_done
 set_clumps_done
 Done
 TIME :    2.01531826844439       sec
          50 %           4   140.345190587454     
 	 100 %           2   278.623017212376     
 Time :   278.761260435916     
 WOCIVL440M0001NH220/N_atom200E+10_Vexp200E+03_Vemit100E+03_tauD000E+00_Vran300E
 +01                  
 Start
           0
 set_grid_done
 set_clumps_done
 Done
 TIME :    2.01430400088429       sec
          50 %           1   126.907993253320     
 	 100 %           2   251.678191882093     
 Time :   251.814152570441     
 WOCIVL440M0001NH220/N_atom200E+10_Vexp300E+03_Vemit100E+03_tauD000E+00_Vran300E
 +01                  
 Start
           0
 set_grid_done
 set_clumps_done
 Done
 TIME :    2.00848498009145       sec
          50 %           4   116.005087744445     
 	 100 %           1   230.227475693915     
 Time :   230.364708347246     
 WOCIVL440M0001NH220/N_atom200E+10_Vexp500E+01_Vemit100E+03_tauD000E+00_Vran300E
 +01                  
 Start
           0
 set_grid_done
 set_clumps_done
 Done
 TIME :    2.04578055860475       sec
          50 %           3   347.603970871773     
 	 100 %           1   693.518397812732     
 Time :   693.651243512053     
 WOCIVL440M0001NH220/N_atom200E+10_Vexp100E+02_Vemit100E+03_tauD000E+00_Vran500E
 +01                  
 Start
           0
 set_grid_done
 set_clumps_done
 Done
 TIME :    2.01576990261674       sec
          50 %           4   300.627527287230     
 	 100 %           4   599.815720763989     
 Time :   599.949628200382     
 WOCIVL440M0001NH220/N_atom200E+10_Vexp200E+02_Vemit100E+03_tauD000E+00_Vran500E
 +01                  
 Start
           0
 set_grid_done
 set_clumps_done
 Done
 TIME :    2.01813380140811       sec
          50 %           1   208.917637420818     
 	 100 %           2   415.775273367763     
 Time :   415.908084161114     
 WOCIVL440M0001NH220/N_atom200E+10_Vexp300E+02_Vemit100E+03_tauD000E+00_Vran500E
 +01                  
 Start
           0
 set_grid_done
 set_clumps_done
 Done
 TIME :    2.00820347806439       sec
          50 %           3   179.127030622214     
 	 100 %           1   356.320142083801     
 Time :   356.451823802665     
 WOCIVL440M0001NH220/N_atom200E+10_Vexp400E+02_Vemit100E+03_tauD000E+00_Vran500E
 +01                  
 Start
           0
 set_grid_done
 set_clumps_done
 Done
 TIME :    2.01348848920316       sec
          50 %           2   167.705736912787     
 	 100 %           1   333.264918389264     
 Time :   333.397403967567     
 WOCIVL440M0001NH220/N_atom200E+10_Vexp500E+02_Vemit100E+03_tauD000E+00_Vran500E
 +01                  
 Start
           0
 set_grid_done
 set_clumps_done
 Done
 TIME :    2.01832982199267       sec
          50 %           1   163.960202842019     
 	 100 %           2   325.539027275983     
 Time :   325.674947167281     
 WOCIVL440M0001NH220/N_atom200E+10_Vexp600E+02_Vemit100E+03_tauD000E+00_Vran500E
 +01                  
 Start
           0
 set_grid_done
 set_clumps_done
 Done
 TIME :    2.02817668765783       sec
          50 %           2   159.863119374495     
 	 100 %           2   317.657437388320     
 Time :   317.793876301032     
 WOCIVL440M0001NH220/N_atom200E+10_Vexp700E+02_Vemit100E+03_tauD000E+00_Vran500E
 +01                  
 Start
           0
 set_grid_done
 set_clumps_done
 Done
 TIME :    2.01914144679904       sec
          50 %           3   156.217582691927     
 	 100 %           1   310.557649855968     
 Time :   310.692506667227     
 WOCIVL440M0001NH220/N_atom200E+10_Vexp800E+02_Vemit100E+03_tauD000E+00_Vran500E
 +01                  
 Start
           0
 set_grid_done
 set_clumps_done
 Done
 TIME :    2.01959195826203       sec
          50 %           4   153.393619301729     
 	 100 %           1   304.793376608752     
 Time :   304.928706244100     
 WOCIVL440M0001NH220/N_atom200E+10_Vexp900E+02_Vemit100E+03_tauD000E+00_Vran500E
 +01                  
 Start
           0
 set_grid_done
 set_clumps_done
 Done
 TIME :    2.06090442091227       sec
          50 %           2   149.558431897778     
 	 100 %           1   297.063250789419     
 Time :   297.195942617953     
 WOCIVL440M0001NH220/N_atom200E+10_Vexp100E+03_Vemit100E+03_tauD000E+00_Vran500E
 +01                  
 Start
           0
 set_grid_done
 set_clumps_done
 Done
 TIME :    2.01597428880632       sec
          50 %           1   146.945627440698     
 	 100 %           3   292.059498934075     
 Time :   292.197305301670     
 WOCIVL440M0001NH220/N_atom200E+10_Vexp200E+03_Vemit100E+03_tauD000E+00_Vran500E
 +01                  
 Start
           0
 set_grid_done
 set_clumps_done
 Done
 TIME :    2.01601428445429       sec
          50 %           2   127.069832425565     
 	 100 %           4   252.127362584695     
 Time :   252.265366315376     
 WOCIVL440M0001NH220/N_atom200E+10_Vexp300E+03_Vemit100E+03_tauD000E+00_Vran500E
 +01                  
 Start
           0
 set_grid_done
 set_clumps_done
 Done
 TIME :    2.01399177080020       sec
          50 %           1   114.548635742161     
 	 100 %           2   226.942536593415     
 Time :   227.077010781504     
 WOCIVL440M0001NH220/N_atom200E+10_Vexp500E+01_Vemit100E+03_tauD000E+00_Vran500E
 +01                  
 Start
           0
 set_grid_done
 set_clumps_done
 Done
 TIME :    2.01794698834419       sec
          50 %           1   479.990925540682     
 	 100 %           3   957.591733461246     
 Time :   957.724659662694     
 WOCIVL440M0001NH220/N_atom200E+10_Vexp100E+02_Vemit200E+03_tauD000E+00_Vran118E
 +01                  
 Start
           0
 set_grid_done
 set_clumps_done
 Done
 TIME :    2.02012067753822       sec
          50 %           4   123.133410674520     
 	 100 %           3   244.638235892635     
 Time :   244.772399744019     
 WOCIVL440M0001NH220/N_atom200E+10_Vexp200E+02_Vemit200E+03_tauD000E+00_Vran118E
 +01                  
 Start
           0
 set_grid_done
 set_clumps_done
 Done
 TIME :    2.02302702236921       sec
          50 %           3   111.123754085507     
 	 100 %           4   220.499764601234     
 Time :   220.636663663667     
 WOCIVL440M0001NH220/N_atom200E+10_Vexp300E+02_Vemit200E+03_tauD000E+00_Vran118E
 +01                  
 Start
           0
 set_grid_done
 set_clumps_done
 Done
 TIME :    2.05552447959781       sec
          50 %           2   122.328775383998     
 	 100 %           3   261.936872771475     
 Time :   262.120471822098     
 WOCIVL440M0001NH220/N_atom200E+10_Vexp400E+02_Vemit200E+03_tauD000E+00_Vran118E
 +01                  
 Start
           0
 set_grid_done
 set_clumps_done
 Done
 TIME :    3.76879924489185       sec
          50 %           3   149.705707036424     
 	 100 %           3   298.051873795222     
 Time :   298.238878554199     
 WOCIVL440M0001NH220/N_atom200E+10_Vexp500E+02_Vemit200E+03_tauD000E+00_Vran118E
 +01                  
 Start
           0
 set_grid_done
 set_clumps_done
 Done
 TIME :    3.77252965699881       sec
          50 %           2   150.299483140465     
 	 100 %           3   293.634289770387     
 Time :   293.821104369592     
 WOCIVL440M0001NH220/N_atom200E+10_Vexp600E+02_Vemit200E+03_tauD000E+00_Vran118E
 +01                  
 Start
           0
 set_grid_done
 set_clumps_done
 Done
 TIME :    3.77439761860296       sec
          50 %           4   160.535844153725     
 	 100 %           4   309.564258254599     
 Time :   309.735586606897     
 WOCIVL440M0001NH220/N_atom200E+10_Vexp700E+02_Vemit200E+03_tauD000E+00_Vran118E
 +01                  
 Start
           0
 set_grid_done
 set_clumps_done
 Done
 TIME :    3.77352275513113       sec
          50 %           4   161.148517303634     
 	 100 %           3   310.057636222802     
 Time :   310.222734997980     
 WOCIVL440M0001NH220/N_atom200E+10_Vexp800E+02_Vemit200E+03_tauD000E+00_Vran118E
 +01                  
 Start
           0
 set_grid_done
 set_clumps_done
 Done
 TIME :    2.10356916999444       sec
          50 %           3   153.155208718497     
 	 100 %           2   309.115069508087     
 Time :   309.290940898936     
 WOCIVL440M0001NH220/N_atom200E+10_Vexp900E+02_Vemit200E+03_tauD000E+00_Vran118E
 +01                  
 Start
           0
 set_grid_done
 set_clumps_done
 Done
 TIME :    2.85310780862346       sec
          50 %           3   155.115498964675     
 	 100 %           4   305.745787744876     
 Time :   305.923004188575     
 WOCIVL440M0001NH220/N_atom200E+10_Vexp100E+03_Vemit200E+03_tauD000E+00_Vran118E
 +01                  
 Start
           0
 set_grid_done
 set_clumps_done
 Done
 TIME :    3.76129732234403       sec
          50 %           4   151.580603833776     
 	 100 %           4   305.463378039654     
 Time :   305.640400236007     
 WOCIVL440M0001NH220/N_atom200E+10_Vexp200E+03_Vemit200E+03_tauD000E+00_Vran118E
 +01                  
 Start
           0
 set_grid_done
 set_clumps_done
 Done
 TIME :    3.73147717630491       sec
          50 %           3   158.275687209330     
 	 100 %           4   311.914610887412     
 Time :   312.094780754764     
 WOCIVL440M0001NH220/N_atom200E+10_Vexp300E+03_Vemit200E+03_tauD000E+00_Vran118E
 +01                  
 Start
           0
 set_grid_done
 set_clumps_done
 Done
 TIME :    3.62079835403711       sec
          50 %           3   148.545194557402     
 	 100 %           1   289.964054944925     
 Time :   290.138704445679     
 WOCIVL440M0001NH220/N_atom200E+10_Vexp500E+01_Vemit200E+03_tauD000E+00_Vran118E
 +01                  
 Start
           0
 set_grid_done
 set_clumps_done
 Done
 TIME :    3.76499451184645       sec
          50 %           3   211.828945588786     
 	 100 %           4   425.626661837101     
 Time :   425.805836963467     
 WOCIVL440M0001NH220/N_atom200E+10_Vexp100E+02_Vemit200E+03_tauD000E+00_Vran300E
 +01                  
 Start
           0
 set_grid_done
 set_clumps_done
 Done
 TIME :    3.39349041087553       sec
          50 %           2   215.709731037728     
 	 100 %           2   427.567198709119     
 Time :   427.747465880122     
 WOCIVL440M0001NH220/N_atom200E+10_Vexp200E+02_Vemit200E+03_tauD000E+00_Vran300E
 +01                  
 Start
           0
 set_grid_done
 set_clumps_done
 Done
 TIME :    3.78252008464187       sec
          50 %           2   181.891522940714     
 	 100 %           4   359.760931084398     
 Time :   359.934233979322     
 WOCIVL440M0001NH220/N_atom200E+10_Vexp300E+02_Vemit200E+03_tauD000E+00_Vran300E
 +01                  
 Start
           0
 set_grid_done
 set_clumps_done
 Done
 TIME :    3.76911797747016       sec
          50 %           4   165.164033986162     
 	 100 %           3   328.069326674100     
 Time :   328.243946438655     
 WOCIVL440M0001NH220/N_atom200E+10_Vexp400E+02_Vemit200E+03_tauD000E+00_Vran300E
 +01                  
 Start
           0
 set_grid_done
 set_clumps_done
 Done
 TIME :    3.69553268188611       sec
          50 %           1   155.012328667566     
 	 100 %           1   304.038509646896     
 Time :   304.218507929705     
 WOCIVL440M0001NH220/N_atom200E+10_Vexp500E+02_Vemit200E+03_tauD000E+00_Vran300E
 +01                  
 Start
           0
 set_grid_done
 set_clumps_done
 Done
 TIME :    2.13772086519748       sec
          50 %           2   157.246857852209     
 	 100 %           1   307.006019556429     
 Time :   307.183276667260     
 WOCIVL440M0001NH220/N_atom200E+10_Vexp600E+02_Vemit200E+03_tauD000E+00_Vran300E
 +01                  
 Start
           0
 set_grid_done
 set_clumps_done
 Done
 TIME :    2.32897213194519       sec
          50 %           4   149.417900688481     
 	 100 %           2   300.968857533298     
 Time :   301.139626978897     
 WOCIVL440M0001NH220/N_atom200E+10_Vexp700E+02_Vemit200E+03_tauD000E+00_Vran300E
 +01                  
 Start
           0
 set_grid_done
 set_clumps_done
 Done
 TIME :    3.68322781892493       sec
          50 %           3   153.269514948130     
 	 100 %           2   308.995203547180     
 Time :   309.176852440462     
 WOCIVL440M0001NH220/N_atom200E+10_Vexp800E+02_Vemit200E+03_tauD000E+00_Vran300E
 +01                  
 Start
           0
 set_grid_done
 set_clumps_done
 Done
 TIME :    3.79714924143627       sec
          50 %           4   160.650887587573     
 	 100 %           4   317.173085735179     
 Time :   317.354865235742     
 WOCIVL440M0001NH220/N_atom200E+10_Vexp900E+02_Vemit200E+03_tauD000E+00_Vran300E
 +01                  
 Start
           0
 set_grid_done
 set_clumps_done
 Done
 TIME :    3.79602858284488       sec
          50 %           3   155.845025118906     
 	 100 %           3   306.248652006965     
 Time :   306.425897074863     
 WOCIVL440M0001NH220/N_atom200E+10_Vexp100E+03_Vemit200E+03_tauD000E+00_Vran300E
 +01                  
 Start
           0
 set_grid_done
 set_clumps_done
 Done
 TIME :    3.76781515451148       sec
          50 %           3   154.426016514190     
 	 100 %           4   306.543609093409     
 Time :   306.720848841593     
 WOCIVL440M0001NH220/N_atom200E+10_Vexp200E+03_Vemit200E+03_tauD000E+00_Vran300E
 +01                  
 Start
           0
 set_grid_done
 set_clumps_done
 Done
 TIME :    3.77722313022241       sec
          50 %           1   152.065289468039     
 	 100 %           3   287.822954190429     
 Time :   287.992634736933     
 WOCIVL440M0001NH220/N_atom200E+10_Vexp300E+03_Vemit200E+03_tauD000E+00_Vran300E
 +01                  
 Start
           0
 set_grid_done
 set_clumps_done
 Done
 TIME :    3.77146702865139       sec
          50 %           1   139.869448801503     
 	 100 %           4   276.316827681847     
 Time :   276.492619231809     
 WOCIVL440M0001NH220/N_atom200E+10_Vexp500E+01_Vemit200E+03_tauD000E+00_Vran300E
 +01                  
 Start
           0
 set_grid_done
 set_clumps_done
 Done
 TIME :    3.51932377321646       sec
          50 %           1   281.274928692728     
 	 100 %           2   569.334752263036     
 Time :   569.510762756690     
 WOCIVL440M0001NH220/N_atom200E+10_Vexp100E+02_Vemit200E+03_tauD000E+00_Vran500E
 +01                  
 Start
           0
 set_grid_done
 set_clumps_done
 Done
 TIME :    3.76925324322656       sec
          50 %           2   257.026051825378     
 	 100 %           2   524.971234273631     
 Time :   525.152812703978     
 WOCIVL440M0001NH220/N_atom200E+10_Vexp200E+02_Vemit200E+03_tauD000E+00_Vran500E
 +01                  
 Start
           0
 set_grid_done
 set_clumps_done
 Done
 TIME :    3.70359677728266       sec
          50 %           4   206.503321032505     
 	 100 %           3   406.644457055256     
 Time :   406.825701243710     
 WOCIVL440M0001NH220/N_atom200E+10_Vexp300E+02_Vemit200E+03_tauD000E+00_Vran500E
 +01                  
 Start
           0
 set_grid_done
 set_clumps_done
 Done
 TIME :    3.77193672629073       sec
          50 %           1   186.782046994660     
 	 100 %           2   373.200894347392     
 Time :   373.386001809500     
 WOCIVL440M0001NH220/N_atom200E+10_Vexp400E+02_Vemit200E+03_tauD000E+00_Vran500E
 +01                  
 Start
           0
 set_grid_done
 set_clumps_done
 Done
 TIME :    3.83704995503649       sec
          50 %           4   185.731993602123     
 	 100 %           1   364.080690858420     
 Time :   364.260723927058     
 WOCIVL440M0001NH220/N_atom200E+10_Vexp500E+02_Vemit200E+03_tauD000E+00_Vran500E
 +01                  
 Start
           0
 set_grid_done
 set_clumps_done
 Done
 TIME :    3.85207620263100       sec
          50 %           4   184.226296981331     
 	 100 %           2   361.942550781183     
 Time :   362.126817303244     
 WOCIVL440M0001NH220/N_atom200E+10_Vexp600E+02_Vemit200E+03_tauD000E+00_Vran500E
 +01                  
 Start
           0
 set_grid_done
 set_clumps_done
 Done
 TIME :    3.86611492326483       sec
          50 %           3   179.720356795937     
 	 100 %           4   356.866889157798     
 Time :   357.047333504073     
 WOCIVL440M0001NH220/N_atom200E+10_Vexp700E+02_Vemit200E+03_tauD000E+00_Vran500E
 +01                  
 Start
           0
 set_grid_done
 set_clumps_done
 Done
 TIME :    3.84375470038503       sec
          50 %           2   177.904664927628     
 	 100 %           4   353.655343419872     
 Time :   353.845959636848     
 WOCIVL440M0001NH220/N_atom200E+10_Vexp800E+02_Vemit200E+03_tauD000E+00_Vran500E
 +01                  
 Start
           0
 set_grid_done
 set_clumps_done
 Done
 TIME :    3.85308193415403       sec
          50 %           2   178.901266237255     
 	 100 %           3   350.498514225706     
 Time :   350.679945688229     
 WOCIVL440M0001NH220/N_atom200E+10_Vexp900E+02_Vemit200E+03_tauD000E+00_Vran500E
 +01                  
 Start
           0
 set_grid_done
 set_clumps_done
 Done
 TIME :    2.99511637073010       sec
          50 %           3   173.718752095476     
 	 100 %           2   344.998040360399     
 Time :   345.182578195818     
 WOCIVL440M0001NH220/N_atom200E+10_Vexp100E+03_Vemit200E+03_tauD000E+00_Vran500E
 +01                  
 Start
           0
 set_grid_done
 set_clumps_done
 Done
 TIME :    3.85477234004065       sec
          50 %           1   166.897969771642     
 	 100 %           4   333.460625459906     
 Time :   333.642205062788     
 WOCIVL440M0001NH220/N_atom200E+10_Vexp200E+03_Vemit200E+03_tauD000E+00_Vran500E
 +01                  
 Start
           0
 set_grid_done
 set_clumps_done
 Done
 TIME :    3.85439121909440       sec
          50 %           3   160.630787397269     
 	 100 %           1   317.005262479186     
 Time :   317.185661179479     
 WOCIVL440M0001NH220/N_atom200E+10_Vexp300E+03_Vemit200E+03_tauD000E+00_Vran500E
 +01                  
 Start
           0
 set_grid_done
 set_clumps_done
 Done
 TIME :    3.85302109923214       sec
          50 %           3   154.319721279666     
 	 100 %           4   304.594438308850     
 Time :   304.777901041787     
 WOCIVL440M0001NH220/N_atom200E+10_Vexp500E+01_Vemit200E+03_tauD000E+00_Vran500E
 +01                  
 Start
           0
 set_grid_done
 set_clumps_done
 Done
 TIME :    3.85442992253229       sec
          50 %           1   412.738465537783     
 	 100 %           3   829.112233420368     
 Time :   829.288497964386     
 WOCIVL440M0001NH220/N_atom200E+10_Vexp100E+02_Vemit300E+03_tauD000E+00_Vran118E
 +01                  
 Start
           0
 set_grid_done
 set_clumps_done
 Done
 TIME :    3.86263234959915       sec
          50 %           2   165.425748476293     
 	 100 %           3   327.474976514466     
 Time :   327.663162216078     
 WOCIVL440M0001NH220/N_atom200E+10_Vexp200E+02_Vemit300E+03_tauD000E+00_Vran118E
 +01                  
 Start
           0
 set_grid_done
 set_clumps_done
 Done
 TIME :    3.84996157512069       sec
          50 %           1   154.740744228009     
 	 100 %           1   305.505936087109     
 Time :   305.684376003686     
 WOCIVL440M0001NH220/N_atom200E+10_Vexp300E+02_Vemit300E+03_tauD000E+00_Vran118E
 +01                  
 Start
           0
 set_grid_done
 set_clumps_done
 Done
 TIME :    3.84949632547796       sec
          50 %           3   149.661855343729     
 	 100 %           3   293.520381673705     
 Time :   293.710563999601     
 WOCIVL440M0001NH220/N_atom200E+10_Vexp400E+02_Vemit300E+03_tauD000E+00_Vran118E
 +01                  
 Start
           0
 set_grid_done
 set_clumps_done
 Done
 TIME :    3.86515324562788       sec
          50 %           3   147.061156282201     
 	 100 %           1   289.420260643587     
 Time :   289.603794129565     
 WOCIVL440M0001NH220/N_atom200E+10_Vexp500E+02_Vemit300E+03_tauD000E+00_Vran118E
 +01                  
 Start
           0
 set_grid_done
 set_clumps_done
 Done
 TIME :    3.85111213987693       sec
          50 %           4   149.467887730803     
 	 100 %           1   291.413650094531     
 Time :   291.597748468630     
 WOCIVL440M0001NH220/N_atom200E+10_Vexp600E+02_Vemit300E+03_tauD000E+00_Vran118E
 +01                  
 Start
           0
 set_grid_done
 set_clumps_done
 Done
 TIME :    3.84716989705339       sec
          50 %           3   148.199504679069     
 	 100 %           3   291.208276658785     
 Time :   291.399934444577     
 WOCIVL440M0001NH220/N_atom200E+10_Vexp700E+02_Vemit300E+03_tauD000E+00_Vran118E
 +01                  
 Start
           0
 set_grid_done
 set_clumps_done
 Done
 TIME :    2.29674217989668       sec
          50 %           1   145.335136261769     
 	 100 %           1   288.644559212960     
 Time :   288.835158617701     
 WOCIVL440M0001NH220/N_atom200E+10_Vexp800E+02_Vemit300E+03_tauD000E+00_Vran118E
 +01                  
 Start
           0
 set_grid_done
 set_clumps_done
 Done
 TIME :    3.85442425170913       sec
          50 %           1   148.440861231647     
 	 100 %           3   288.951259871013     
 Time :   289.135727393441     
 WOCIVL440M0001NH220/N_atom200E+10_Vexp900E+02_Vemit300E+03_tauD000E+00_Vran118E
 +01                  
 Start
           0
 set_grid_done
 set_clumps_done
 Done
 TIME :    3.84766260907054       sec
          50 %           4   144.236599480268     
 	 100 %           3   286.433653189335     
 Time :   286.621659241151     
 WOCIVL440M0001NH220/N_atom200E+10_Vexp100E+03_Vemit300E+03_tauD000E+00_Vran118E
 +01                  
 Start
           0
 set_grid_done
 set_clumps_done
 Done
 TIME :    3.84407235076651       sec
          50 %           3   147.015987819526     
 	 100 %           4   291.121670457069     
 Time :   291.304845715873     
 WOCIVL440M0001NH220/N_atom200E+10_Vexp200E+03_Vemit300E+03_tauD000E+00_Vran118E
 +01                  
 Start
           0
 set_grid_done
 set_clumps_done
 Done
 TIME :    2.31274974346161       sec
          50 %           3   146.709663272835     
 	 100 %           3   289.554415748455     
 Time :   289.742783764377     
 WOCIVL440M0001NH220/N_atom200E+10_Vexp300E+03_Vemit300E+03_tauD000E+00_Vran118E
 +01                  
 Start
           0
 set_grid_done
 set_clumps_done
 Done
 TIME :    3.84416565764695       sec
          50 %           1   146.190853504930     
 	 100 %           4   286.124403231312     
 Time :   286.318124868907     
 WOCIVL440M0001NH220/N_atom200E+10_Vexp500E+01_Vemit300E+03_tauD000E+00_Vran118E
 +01                  
 Start
           0
 set_grid_done
 set_clumps_done
 Done
 TIME :    4.03707370720804       sec
          50 %           1   190.581701342016     
 	 100 %           2   373.915945506655     
 Time :   374.099587788340     
 WOCIVL440M0001NH220/N_atom200E+10_Vexp100E+02_Vemit300E+03_tauD000E+00_Vran300E
 +01                  
 Start
           0
 set_grid_done
 set_clumps_done
 Done
 TIME :    3.85781336901709       sec
          50 %           1   189.148416858166     
 	 100 %           4   377.298324620817     
 Time :   377.479924982414     
 WOCIVL440M0001NH220/N_atom200E+10_Vexp200E+02_Vemit300E+03_tauD000E+00_Vran300E
 +01                  
 Start
           0
 set_grid_done
 set_clumps_done
 Done
 TIME :    3.85722985584289       sec
          50 %           1   161.595501903445     
 	 100 %           3   319.541232087649     
 Time :   319.719044287689     
 WOCIVL440M0001NH220/N_atom200E+10_Vexp300E+02_Vemit300E+03_tauD000E+00_Vran300E
 +01                  
 Start
           0
 set_grid_done
 set_clumps_done
 Done
 TIME :    3.83767813257873       sec
          50 %           2   154.393494951073     
 	 100 %           4   304.272765926085     
 Time :   304.466807137709     
 WOCIVL440M0001NH220/N_atom200E+10_Vexp400E+02_Vemit300E+03_tauD000E+00_Vran300E
 +01                  
 Start
           0
 set_grid_done
 set_clumps_done
 Done
 TIME :    3.84105659974739       sec
          50 %           4   148.337138871197     
 	 100 %           1   292.420891198795     
 Time :   292.605261947960     
 WOCIVL440M0001NH220/N_atom200E+10_Vexp500E+02_Vemit300E+03_tauD000E+00_Vran300E
 +01                  
 Start
           0
 set_grid_done
 set_clumps_done
 Done
 TIME :    3.85488409129903       sec
          50 %           2   143.680785875767     
 	 100 %           3   284.255225496367     
 Time :   284.436967676505     
 WOCIVL440M0001NH220/N_atom200E+10_Vexp600E+02_Vemit300E+03_tauD000E+00_Vran300E
 +01                  
 Start
           0
 set_grid_done
 set_clumps_done
 Done
 TIME :    3.85320569854230       sec
          50 %           2   147.102475096937     
 	 100 %           4   291.271264049225     
 Time :   291.455251082778     
 WOCIVL440M0001NH220/N_atom200E+10_Vexp700E+02_Vemit300E+03_tauD000E+00_Vran300E
 +01                  
 Start
           0
 set_grid_done
 set_clumps_done
 Done
 TIME :    3.85990398144349       sec
          50 %           3   146.618862981442     
 	 100 %           1   284.152806409635     
 Time :   284.348198394757     
 WOCIVL440M0001NH220/N_atom200E+10_Vexp800E+02_Vemit300E+03_tauD000E+00_Vran300E
 +01                  
 Start
           0
 set_grid_done
 set_clumps_done
 Done
 TIME :    3.84771466720849       sec
          50 %           2   139.783316725865     
 	 100 %           1   282.383241616189     
 Time :   282.572287023067     
 WOCIVL440M0001NH220/N_atom200E+10_Vexp900E+02_Vemit300E+03_tauD000E+00_Vran300E
 +01                  
 Start
           0
 set_grid_done
 set_clumps_done
 Done
 TIME :    3.84694354934618       sec
          50 %           3   146.082095183898     
 	 100 %           2   286.915882420260     
 Time :   287.101152590010     
 WOCIVL440M0001NH220/N_atom200E+10_Vexp100E+03_Vemit300E+03_tauD000E+00_Vran300E
 +01                  
 Start
           0
 set_grid_done
 set_clumps_done
 Done
 TIME :    3.84995914064348       sec
          50 %           1   144.361930953804     
 	 100 %           3   285.319728696253     
 Time :   285.502502476797     
 WOCIVL440M0001NH220/N_atom200E+10_Vexp200E+03_Vemit300E+03_tauD000E+00_Vran300E
 +01                  
 Start
           0
 set_grid_done
 set_clumps_done
 Done
 TIME :    3.85190956806764       sec
          50 %           3   142.791896960698     
 	 100 %           2   278.427217877470     
 Time :   278.613295082934     
 WOCIVL440M0001NH220/N_atom200E+10_Vexp300E+03_Vemit300E+03_tauD000E+00_Vran300E
 +01                  
 Start
           0
 set_grid_done
 set_clumps_done
 Done
 TIME :    3.87958573037758       sec
          50 %           4   140.665227538440     
 	 100 %           2   277.651774935424     
 Time :   277.835271642078     
 WOCIVL440M0001NH220/N_atom200E+10_Vexp500E+01_Vemit300E+03_tauD000E+00_Vran300E
 +01                  
 Start
           0
 set_grid_done
 set_clumps_done
 Done
 TIME :    3.87263477919623       sec
          50 %           3   248.902692885604     
 	 100 %           3   493.988052030094     
 Time :   494.176849037409     
 WOCIVL440M0001NH220/N_atom200E+10_Vexp100E+02_Vemit300E+03_tauD000E+00_Vran500E
 +01                  
 Start
           0
 set_grid_done
 set_clumps_done
 Done
 TIME :    3.84746774053201       sec
          50 %           2   226.611977470107     
 	 100 %           1   449.214722868986     
 Time :   449.410160240252     
 WOCIVL440M0001NH220/N_atom200E+10_Vexp200E+02_Vemit300E+03_tauD000E+00_Vran500E
 +01                  
 Start
           0
 set_grid_done
 set_clumps_done
 Done
 TIME :    2.36755738873035       sec
          50 %           2   177.523632142227     
 	 100 %           1   352.840217806865     
 Time :   353.032100117300     
 WOCIVL440M0001NH220/N_atom200E+10_Vexp300E+02_Vemit300E+03_tauD000E+00_Vran500E
 +01                  
 Start
           0
 set_grid_done
 set_clumps_done
 Done
 TIME :    3.86724293604493       sec
          50 %           1   161.410869689658     
 	 100 %           1   322.639832177665     
 Time :   322.833046956919     
 WOCIVL440M0001NH220/N_atom200E+10_Vexp400E+02_Vemit300E+03_tauD000E+00_Vran500E
 +01                  
 Start
           0
 set_grid_done
 set_clumps_done
 Done
 TIME :    3.85199149278924       sec
          50 %           3   158.493435820565     
 	 100 %           4   313.376081287395     
 Time :   313.565223136917     
 WOCIVL440M0001NH220/N_atom200E+10_Vexp500E+02_Vemit300E+03_tauD000E+00_Vran500E
 +01                  
 Start
           0
 set_grid_done
 set_clumps_done
 Done
 TIME :    3.85811887681484       sec
          50 %           4   156.582847317215     
 	 100 %           4   309.111712531652     
 Time :   309.303903244901     
 WOCIVL440M0001NH220/N_atom200E+10_Vexp600E+02_Vemit300E+03_tauD000E+00_Vran500E
 +01                  
 Start
           0
 set_grid_done
 set_clumps_done
 Done
 TIME :    3.44283596985042       sec
          50 %           4   152.531460921746     
 	 100 %           3   299.406937479973     
 Time :   299.597483984660     
 WOCIVL440M0001NH220/N_atom200E+10_Vexp700E+02_Vemit300E+03_tauD000E+00_Vran500E
 +01                  
 Start
           0
 set_grid_done
 set_clumps_done
 Done
 TIME :    3.87114338995889       sec
          50 %           2   151.860075775068     
 	 100 %           3   297.583824692294     
 Time :   297.775009985082     
 WOCIVL440M0001NH220/N_atom200E+10_Vexp800E+02_Vemit300E+03_tauD000E+00_Vran500E
 +01                  
 Start
           0
 set_grid_done
 set_clumps_done
 Done
 TIME :    3.86529214773327       sec
          50 %           2   149.517809970304     
 	 100 %           2   297.054184038192     
 Time :   297.244922445621     
 WOCIVL440M0001NH220/N_atom200E+10_Vexp900E+02_Vemit300E+03_tauD000E+00_Vran500E
 +01                  
 Start
           0
 set_grid_done
 set_clumps_done
 Done
 TIME :    3.87316025281325       sec
          50 %           2   149.705222921446     
 	 100 %           3   298.681005831342     
 Time :   298.871599024162     
 WOCIVL440M0001NH220/N_atom200E+10_Vexp100E+03_Vemit300E+03_tauD000E+00_Vran500E
 +01                  
 Start
           0
 set_grid_done
 set_clumps_done
 Done
 TIME :    3.86438652593642       sec
          50 %           4   149.327726400923     
 	 100 %           2   297.037318243179     
 Time :   297.230189492926     
 WOCIVL440M0001NH220/N_atom200E+10_Vexp200E+03_Vemit300E+03_tauD000E+00_Vran500E
 +01                  
 Start
           0
 set_grid_done
 set_clumps_done
 Done
 TIME :    3.86534307431430       sec
          50 %           3   143.089647908695     
 	 100 %           1   284.039978284389     
 Time :   284.228486465290     
 WOCIVL440M0001NH220/N_atom200E+10_Vexp300E+03_Vemit300E+03_tauD000E+00_Vran500E
 +01                  
 Start
           0
 set_grid_done
 set_clumps_done
 Done
 TIME :    3.86145678721368       sec
          50 %           3   139.891522472259     
 	 100 %           2   274.642454331275     
 Time :   274.831848177128     
 WOCIVL440M0001NH220/N_atom200E+10_Vexp500E+01_Vemit300E+03_tauD000E+00_Vran500E
 +01                  
 Start
           0
 set_grid_done
 set_clumps_done
 Done
 TIME :    3.85997043736279       sec
          50 %           2   319.453958042897     
 	 100 %           4   630.884562910069     
 Time :   631.057675214950     
