nohup: ignoring input
 WOCIVL440M0010NH220/N_atom200E+10_Vexp100E+02_Vemit500E+01_tauD000E+00_Vran118E
 +01                  
 Start
           0
 set_grid_done
 set_clumps_done
 Done
 TIME :    1.98560070479289       sec
          50 %           4   1439.09312157915     
 	 100 %           2   3260.74780021748     
 Time :   3260.93545228406     
 WOCIVL440M0010NH220/N_atom200E+10_Vexp200E+02_Vemit500E+01_tauD000E+00_Vran118E
 +01                  
 Start
           0
 set_grid_done
 set_clumps_done
 Done
 TIME :    3.73339920653962       sec
          50 %           1   1263.95658258931     
 	 100 %           1   2537.39062806871     
 Time :   2537.57673246460     
 WOCIVL440M0010NH220/N_atom200E+10_Vexp300E+02_Vemit500E+01_tauD000E+00_Vran118E
 +01                  
 Start
           0
 set_grid_done
 set_clumps_done
 Done
 TIME :    3.73024526424706       sec
          50 %           1   1047.18504317710     
 	 100 %           3   2099.24414825207     
 Time :   2099.42809660523     
 WOCIVL440M0010NH220/N_atom200E+10_Vexp400E+02_Vemit500E+01_tauD000E+00_Vran118E
 +01                  
 Start
           0
 set_grid_done
 set_clumps_done
 Done
 TIME :    3.73986751516350       sec
          50 %           4   931.263703794219     
 	 100 %           4   1858.83080654475     
 Time :   1859.00489749154     
 WOCIVL440M0010NH220/N_atom200E+10_Vexp500E+02_Vemit500E+01_tauD000E+00_Vran118E
 +01                  
 Start
           0
 set_grid_done
 set_clumps_done
 Done
 TIME :    3.70516227581538       sec
          50 %           4   853.647620577365     
 	 100 %           4   1703.45429550344     
 Time :   1703.63618768286     
 WOCIVL440M0010NH220/N_atom200E+10_Vexp600E+02_Vemit500E+01_tauD000E+00_Vran118E
 +01                  
 Start
           0
 set_grid_done
 set_clumps_done
 Done
 TIME :    3.72036632685922       sec
          50 %           3   804.015138575574     
 	 100 %           3   1579.16173548205     
 Time :   1579.34280515392     
 WOCIVL440M0010NH220/N_atom200E+10_Vexp700E+02_Vemit500E+01_tauD000E+00_Vran118E
 +01                  
 Start
           0
 set_grid_done
 set_clumps_done
 Done
 TIME :    3.72033981676213       sec
          50 %           4   748.145210418617     
 	 100 %           3   1431.19886765676     
 Time :   1431.35763968481     
 WOCIVL440M0010NH220/N_atom200E+10_Vexp800E+02_Vemit500E+01_tauD000E+00_Vran118E
 +01                  
 Start
           0
 set_grid_done
 set_clumps_done
 Done
 TIME :    3.23554211156443       sec
          50 %           2   693.449014785467     
 	 100 %           2   1342.09618143970     
 Time :   1342.26180905988     
 WOCIVL440M0010NH220/N_atom200E+10_Vexp900E+02_Vemit500E+01_tauD000E+00_Vran118E
 +01                  
 Start
           0
 set_grid_done
 set_clumps_done
 Done
 TIME :    3.21662983833812       sec
          50 %           1   677.015587321017     
 	 100 %           3   1312.89801282412     
 Time :   1313.06707873498     
 WOCIVL440M0010NH220/N_atom200E+10_Vexp100E+03_Vemit500E+01_tauD000E+00_Vran118E
 +01                  
 Start
           0
 set_grid_done
 set_clumps_done
 Done
 TIME :    3.13662859424949       sec
          50 %           3   653.729724710109     
 	 100 %           4   1264.59880273719     
 Time :   1264.77468847251     
 WOCIVL440M0010NH220/N_atom200E+10_Vexp200E+03_Vemit500E+01_tauD000E+00_Vran118E
 +01                  
 Start
           0
 set_grid_done
 set_clumps_done
 Done
 TIME :    3.62411128403619       sec
          50 %           3   558.157392714173     
 	 100 %           3   1125.40125121805     
 Time :   1125.56216087402     
 WOCIVL440M0010NH220/N_atom200E+10_Vexp300E+03_Vemit500E+01_tauD000E+00_Vran118E
 +01                  
 Start
           0
 set_grid_done
 set_clumps_done
 Done
 TIME :    2.21169381518848       sec
          50 %           4   496.460430697771     
 	 100 %           2   1017.94274762063     
 Time :   1018.09178626700     
 WOCIVL440M0010NH220/N_atom200E+10_Vexp500E+01_Vemit500E+01_tauD000E+00_Vran118E
 +01                  
 Start
           0
 set_grid_done
 set_clumps_done
 Done
 TIME :    2.04276526439935       sec
          50 %           1   2290.42962528928     
 	 100 %           2   4493.47063053632     
 Time :   4493.60059065488     
 WOCIVL440M0010NH220/N_atom200E+10_Vexp100E+02_Vemit500E+01_tauD000E+00_Vran300E
 +01                  
 Start
           0
 set_grid_done
 set_clumps_done
 Done
 TIME :    2.02598269400187       sec
          50 %           3   1343.81962838816     
 	 100 %           1   2785.18283619685     
 Time :   2785.32454708731     
 WOCIVL440M0010NH220/N_atom200E+10_Vexp200E+02_Vemit500E+01_tauD000E+00_Vran300E
 +01                  
 Start
           0
 set_grid_done
 set_clumps_done
 Done
 TIME :    2.03530719131231       sec
          50 %           3   816.506685523782     
 	 100 %           4   1658.28957353765     
 Time :   1658.44624654087     
 WOCIVL440M0010NH220/N_atom200E+10_Vexp300E+02_Vemit500E+01_tauD000E+00_Vran300E
 +01                  
 Start
           0
 set_grid_done
 set_clumps_done
 Done
 TIME :    2.75009186053649       sec
          50 %           2   609.786998230964     
 	 100 %           1   1231.45976452925     
 Time :   1231.61294486863     
 WOCIVL440M0010NH220/N_atom200E+10_Vexp400E+02_Vemit500E+01_tauD000E+00_Vran300E
 +01                  
 Start
           0
 set_grid_done
 set_clumps_done
 Done
 TIME :    2.10877063497901       sec
          50 %           1   539.491266848985     
 	 100 %           4   1062.64226585510     
 Time :   1062.79120084527     
 WOCIVL440M0010NH220/N_atom200E+10_Vexp500E+02_Vemit500E+01_tauD000E+00_Vran300E
 +01                  
 Start
           0
 set_grid_done
 set_clumps_done
 Done
 TIME :    2.07820305088535       sec
          50 %           1   459.897313135676     
 	 100 %           3   919.958279552637     
 Time :   920.098989587743     
 WOCIVL440M0010NH220/N_atom200E+10_Vexp600E+02_Vemit500E+01_tauD000E+00_Vran300E
 +01                  
 Start
           0
 set_grid_done
 set_clumps_done
 Done
 TIME :    2.04039577720687       sec
          50 %           4   432.274349680869     
 	 100 %           1   870.653315453790     
 Time :   870.791990745580     
 WOCIVL440M0010NH220/N_atom200E+10_Vexp700E+02_Vemit500E+01_tauD000E+00_Vran300E
 +01                  
 Start
           0
 set_grid_done
 set_clumps_done
 Done
 TIME :    2.03975173761137       sec
          50 %           3   419.540359791601     
 	 100 %           3   844.426501161186     
 Time :   844.565027631354     
 WOCIVL440M0010NH220/N_atom200E+10_Vexp800E+02_Vemit500E+01_tauD000E+00_Vran300E
 +01                  
 Start
           0
 set_grid_done
 set_clumps_done
 Done
 TIME :    2.08781102509238       sec
          50 %           4   418.119569457835     
 	 100 %           2   815.325614453293     
 Time :   815.489074328449     
 WOCIVL440M0010NH220/N_atom200E+10_Vexp900E+02_Vemit500E+01_tauD000E+00_Vran300E
 +01                  
 Start
           0
 set_grid_done
 set_clumps_done
 Done
 TIME :    2.04338750266470       sec
          50 %           2   382.410957577173     
 	 100 %           3   800.914873150410     
 Time :   801.094557068078     
 WOCIVL440M0010NH220/N_atom200E+10_Vexp100E+03_Vemit500E+01_tauD000E+00_Vran300E
 +01                  
 Start
           0
 set_grid_done
 set_clumps_done
 Done
 TIME :    2.24538896186277       sec
          50 %           3   399.012286808109     
 	 100 %           3   783.124987424118     
 Time :   783.300519239157     
 WOCIVL440M0010NH220/N_atom200E+10_Vexp200E+03_Vemit500E+01_tauD000E+00_Vran300E
 +01                  
 Start
           0
 set_grid_done
 set_clumps_done
 Done
 TIME :    2.87453886889853       sec
          50 %           3   291.504351875046     
 	 100 %           3   586.288088934962     
 Time :   586.439095437760     
 WOCIVL440M0010NH220/N_atom200E+10_Vexp300E+03_Vemit500E+01_tauD000E+00_Vran300E
 +01                  
 Start
           0
 set_grid_done
 set_clumps_done
 Done
 TIME :    2.03007252886891       sec
          50 %           2   287.097265012795     
 	 100 %           3   567.948356954614     
 Time :   568.117325661471     
 WOCIVL440M0010NH220/N_atom200E+10_Vexp500E+01_Vemit500E+01_tauD000E+00_Vran300E
 +01                  
 Start
           0
 set_grid_done
 set_clumps_done
 Done
 TIME :    2.02942700637504       sec
          50 %           4   2405.49879221921     
 	 100 %           3   4729.52513379650     
 Time :   4729.68761384627     
 WOCIVL440M0010NH220/N_atom200E+10_Vexp100E+02_Vemit500E+01_tauD000E+00_Vran500E
 +01                  
 Start
           0
 set_grid_done
 set_clumps_done
 Done
 TIME :    3.65835460880771       sec
          50 %           2   1298.30454878905     
 	 100 %           1   2612.12859453144     
 Time :   2612.26929702214     
 WOCIVL440M0010NH220/N_atom200E+10_Vexp200E+02_Vemit500E+01_tauD000E+00_Vran500E
 +01                  
 Start
           0
 set_grid_done
 set_clumps_done
 Done
 TIME :    2.03117302269675       sec
          50 %           1   740.356877783546     
 	 100 %           3   1464.88852383010     
 Time :   1465.02207550965     
 WOCIVL440M0010NH220/N_atom200E+10_Vexp300E+02_Vemit500E+01_tauD000E+00_Vran500E
 +01                  
 Start
           0
 set_grid_done
 set_clumps_done
 Done
 TIME :    2.02334282500669       sec
          50 %           4   543.523593568476     
 	 100 %           3   1065.82008993905     
 Time :   1065.95996818901     
 WOCIVL440M0010NH220/N_atom200E+10_Vexp400E+02_Vemit500E+01_tauD000E+00_Vran500E
 +01                  
 Start
           0
 set_grid_done
 set_clumps_done
 Done
 TIME :    2.05688493186608       sec
          50 %           1   445.424565815367     
 	 100 %           2   887.687125880970     
 Time :   887.818429433508     
 WOCIVL440M0010NH220/N_atom200E+10_Vexp500E+02_Vemit500E+01_tauD000E+00_Vran500E
 +01                  
 Start
           0
 set_grid_done
 set_clumps_done
 Done
 TIME :    2.01729170652106       sec
          50 %           1   420.589958891040     
 	 100 %           4   856.060075783636     
 Time :   856.195227974094     
 WOCIVL440M0010NH220/N_atom200E+10_Vexp600E+02_Vemit500E+01_tauD000E+00_Vran500E
 +01                  
 Start
           0
 set_grid_done
 set_clumps_done
 Done
 TIME :    2.01744392467663       sec
          50 %           1   390.120484361658     
 	 100 %           4   788.688306250377     
 Time :   788.826901160181     
 WOCIVL440M0010NH220/N_atom200E+10_Vexp700E+02_Vemit500E+01_tauD000E+00_Vran500E
 +01                  
 Start
           0
 set_grid_done
 set_clumps_done
 Done
 TIME :    2.02440816257149       sec
          50 %           4   379.768877532799     
 	 100 %           4   777.717062298208     
 Time :   777.864980923710     
 WOCIVL440M0010NH220/N_atom200E+10_Vexp800E+02_Vemit500E+01_tauD000E+00_Vran500E
 +01                  
 Start
           0
 set_grid_done
 set_clumps_done
 Done
 TIME :    2.02276206552051       sec
          50 %           1   366.510962705128     
 	 100 %           4   703.461957705207     
 Time :   703.591957488563     
 WOCIVL440M0010NH220/N_atom200E+10_Vexp900E+02_Vemit500E+01_tauD000E+00_Vran500E
 +01                  
 Start
           0
 set_grid_done
 set_clumps_done
 Done
 TIME :    1.97849998855963       sec
          50 %           3   316.043426806806     
 	 100 %           4   629.661813806510     
 Time :   629.794067528099     
 WOCIVL440M0010NH220/N_atom200E+10_Vexp100E+03_Vemit500E+01_tauD000E+00_Vran500E
 +01                  
 Start
           0
 set_grid_done
 set_clumps_done
 Done
 TIME :    1.96107582352124       sec
          50 %           1   302.006742595462     
 	 100 %           3   601.959555615438     
 Time :   602.092206118628     
 WOCIVL440M0010NH220/N_atom200E+10_Vexp200E+03_Vemit500E+01_tauD000E+00_Vran500E
 +01                  
 Start
           0
 set_grid_done
 set_clumps_done
 Done
 TIME :    1.95974647626281       sec
          50 %           2   222.460812982637     
 	 100 %           3   442.715298702475     
 Time :   442.845860199770     
 WOCIVL440M0010NH220/N_atom200E+10_Vexp300E+03_Vemit500E+01_tauD000E+00_Vran500E
 +01                  
 Start
           0
 set_grid_done
 set_clumps_done
 Done
 TIME :    1.95836853678338       sec
          50 %           2   191.044102093205     
 	 100 %           3   380.220781288343     
 Time :   380.352001593215     
 WOCIVL440M0010NH220/N_atom200E+10_Vexp500E+01_Vemit500E+01_tauD000E+00_Vran500E
 +01                  
 Start
           0
 set_grid_done
 set_clumps_done
 Done
 TIME :    1.96250646258704       sec
          50 %           3   2289.59267267748     
 	 100 %           4   4578.13596923789     
 Time :   4578.26342721819     
 WOCIVL440M0010NH220/N_atom200E+10_Vexp100E+02_Vemit100E+02_tauD000E+00_Vran118E
 +01                  
 Start
           0
 set_grid_done
 set_clumps_done
 Done
 TIME :    1.92932018940337       sec
          50 %           1   771.693566469243     
 	 100 %           2   1542.44053528761     
 Time :   1542.57005549292     
 WOCIVL440M0010NH220/N_atom200E+10_Vexp200E+02_Vemit100E+02_tauD000E+00_Vran118E
 +01                  
 Start
           0
 set_grid_done
 set_clumps_done
 Done
 TIME :    1.94351118220948       sec
          50 %           1   587.814027873101     
 	 100 %           3   1173.79010755289     
 Time :   1173.91741740284     
 WOCIVL440M0010NH220/N_atom200E+10_Vexp300E+02_Vemit100E+02_tauD000E+00_Vran118E
 +01                  
 Start
           0
 set_grid_done
 set_clumps_done
 Done
 TIME :    1.95425748173147       sec
          50 %           3   502.796073682606     
 	 100 %           1   1002.61117882631     
 Time :   1002.73979687318     
 WOCIVL440M0010NH220/N_atom200E+10_Vexp400E+02_Vemit100E+02_tauD000E+00_Vran118E
 +01                  
 Start
           0
 set_grid_done
 set_clumps_done
 Done
 TIME :    1.96518043614924       sec
          50 %           2   447.359169239411     
 	 100 %           3   893.509679286275     
 Time :   893.639905759133     
 WOCIVL440M0010NH220/N_atom200E+10_Vexp500E+02_Vemit100E+02_tauD000E+00_Vran118E
 +01                  
 Start
           0
 set_grid_done
 set_clumps_done
 Done
 TIME :    1.93630522675812       sec
          50 %           3   411.943655703217     
 	 100 %           4   821.360101565719     
 Time :   821.491995435907     
 WOCIVL440M0010NH220/N_atom200E+10_Vexp600E+02_Vemit100E+02_tauD000E+00_Vran118E
 +01                  
 Start
           0
 set_grid_done
 set_clumps_done
 Done
 TIME :    1.93487292435020       sec
          50 %           2   387.774038874544     
 	 100 %           1   775.535406654468     
 Time :   775.662951809820     
 WOCIVL440M0010NH220/N_atom200E+10_Vexp700E+02_Vemit100E+02_tauD000E+00_Vran118E
 +01                  
 Start
           0
 set_grid_done
 set_clumps_done
 Done
 TIME :    1.93676812318154       sec
          50 %           3   376.957795358030     
 	 100 %           2   753.500420450699     
 Time :   753.628090162063     
 WOCIVL440M0010NH220/N_atom200E+10_Vexp800E+02_Vemit100E+02_tauD000E+00_Vran118E
 +01                  
 Start
           0
 set_grid_done
 set_clumps_done
 Done
 TIME :    1.93337187194265       sec
          50 %           3   369.723552352749     
 	 100 %           4   737.624701428693     
 Time :   737.757445528870     
 WOCIVL440M0010NH220/N_atom200E+10_Vexp900E+02_Vemit100E+02_tauD000E+00_Vran118E
 +01                  
 Start
           0
 set_grid_done
 set_clumps_done
 Done
 TIME :    1.96125290868804       sec
          50 %           2   361.385809609201     
 	 100 %           4   721.260568533558     
 Time :   721.393232141389     
 WOCIVL440M0010NH220/N_atom200E+10_Vexp100E+03_Vemit100E+02_tauD000E+00_Vran118E
 +01                  
 Start
           0
 set_grid_done
 set_clumps_done
 Done
 TIME :    1.97150627500378       sec
          50 %           4   354.949728439795     
 	 100 %           4   707.357802165207     
 Time :   707.486120665213     
 WOCIVL440M0010NH220/N_atom200E+10_Vexp200E+03_Vemit100E+02_tauD000E+00_Vran118E
 +01                  
 Start
           0
 set_grid_done
 set_clumps_done
 Done
 TIME :    1.95383544289507       sec
          50 %           4   298.863366273465     
 	 100 %           1   596.797675521811     
 Time :   596.929715248290     
 WOCIVL440M0010NH220/N_atom200E+10_Vexp300E+03_Vemit100E+02_tauD000E+00_Vran118E
 +01                  
 Start
           0
 set_grid_done
 set_clumps_done
 Done
 TIME :    1.96636858605780       sec
          50 %           4   272.877126123291     
 	 100 %           3   542.216415896779     
 Time :   542.346880320227     
 WOCIVL440M0010NH220/N_atom200E+10_Vexp500E+01_Vemit100E+02_tauD000E+00_Vran118E
 +01                  
 Start
           0
 set_grid_done
 set_clumps_done
 Done
 TIME :    1.93392100185156       sec
          50 %           4   1077.52067810134     
 	 100 %           3   2153.43412712985     
 Time :   2153.56450539012     
 WOCIVL440M0010NH220/N_atom200E+10_Vexp100E+02_Vemit100E+02_tauD000E+00_Vran300E
 +01                  
 Start
           0
 set_grid_done
 set_clumps_done
 Done
 TIME :    1.93034736439586       sec
          50 %           1   927.282803808805     
 	 100 %           2   1851.97128637158     
 Time :   1852.10378470668     
 WOCIVL440M0010NH220/N_atom200E+10_Vexp200E+02_Vemit100E+02_tauD000E+00_Vran300E
 +01                  
 Start
           0
 set_grid_done
 set_clumps_done
 Done
 TIME :    1.93084753165022       sec
          50 %           4   583.934128026245     
 	 100 %           4   1167.23010061216     
 Time :   1167.36183687393     
 WOCIVL440M0010NH220/N_atom200E+10_Vexp300E+02_Vemit100E+02_tauD000E+00_Vran300E
 +01                  
 Start
           0
 set_grid_done
 set_clumps_done
 Done
 TIME :    1.94208339834586       sec
          50 %           1   451.532585712848     
 	 100 %           2   901.079912628280     
 Time :   901.210504543269     
 WOCIVL440M0010NH220/N_atom200E+10_Vexp400E+02_Vemit100E+02_tauD000E+00_Vran300E
 +01                  
 Start
           0
 set_grid_done
 set_clumps_done
 Done
 TIME :    1.93046943563968       sec
          50 %           4   380.490785310511     
 	 100 %           1   759.959827070357     
 Time :   760.089654337149     
 WOCIVL440M0010NH220/N_atom200E+10_Vexp500E+02_Vemit100E+02_tauD000E+00_Vran300E
 +01                  
 Start
           0
 set_grid_done
 set_clumps_done
 Done
 TIME :    1.93183907936327       sec
          50 %           1   341.897859981051     
 	 100 %           4   682.024508905364     
 Time :   682.155000039376     
 WOCIVL440M0010NH220/N_atom200E+10_Vexp600E+02_Vemit100E+02_tauD000E+00_Vran300E
 +01                  
 Start
           0
 set_grid_done
 set_clumps_done
 Done
 TIME :    1.93179201032035       sec
          50 %           4   323.967130065896     
 	 100 %           2   646.111101354240     
 Time :   646.243000474526     
 WOCIVL440M0010NH220/N_atom200E+10_Vexp700E+02_Vemit100E+02_tauD000E+00_Vran300E
 +01                  
 Start
           0
 set_grid_done
 set_clumps_done
 Done
 TIME :    1.93019870296121       sec
          50 %           3   311.510729001602     
 	 100 %           1   621.363738398999     
 Time :   621.491056534462     
 WOCIVL440M0010NH220/N_atom200E+10_Vexp800E+02_Vemit100E+02_tauD000E+00_Vran300E
 +01                  
 Start
           0
 set_grid_done
 set_clumps_done
 Done
 TIME :    1.93004509224556       sec
          50 %           2   299.837303325534     
 	 100 %           2   598.053824603558     
 Time :   598.183603048092     
 WOCIVL440M0010NH220/N_atom200E+10_Vexp900E+02_Vemit100E+02_tauD000E+00_Vran300E
 +01                  
 Start
           0
 set_grid_done
 set_clumps_done
 Done
 TIME :    1.93142827134579       sec
          50 %           4   289.143751543714     
 	 100 %           2   575.577252712566     
 Time :   575.707851420389     
 WOCIVL440M0010NH220/N_atom200E+10_Vexp100E+03_Vemit100E+02_tauD000E+00_Vran300E
 +01                  
 Start
           0
 set_grid_done
 set_clumps_done
 Done
 TIME :    1.93011134769768       sec
          50 %           1   277.692141818581     
 	 100 %           4   553.543413240230     
 Time :   553.671913504368     
 WOCIVL440M0010NH220/N_atom200E+10_Vexp200E+03_Vemit100E+02_tauD000E+00_Vran300E
 +01                  
 Start
           0
 set_grid_done
 set_clumps_done
 Done
 TIME :    1.93721944792196       sec
          50 %           1   212.370499420445     
 	 100 %           4   422.742046953877     
 Time :   422.872221738799     
 WOCIVL440M0010NH220/N_atom200E+10_Vexp300E+03_Vemit100E+02_tauD000E+00_Vran300E
 +01                  
 Start
           0
 set_grid_done
 set_clumps_done
 Done
 TIME :    1.94220089097507       sec
          50 %           4   183.290369017515     
 	 100 %           1   364.631240827264     
 Time :   364.767306186957     
 WOCIVL440M0010NH220/N_atom200E+10_Vexp500E+01_Vemit100E+02_tauD000E+00_Vran300E
 +01                  
 Start
           0
 set_grid_done
 set_clumps_done
 Done
 TIME :    1.94304836587980       sec
          50 %           2   1558.45793467201     
 	 100 %           4   3114.22343083890     
 Time :   3114.34851538460     
 WOCIVL440M0010NH220/N_atom200E+10_Vexp100E+02_Vemit100E+02_tauD000E+00_Vran500E
 +01                  
 Start
           0
 set_grid_done
 set_clumps_done
 Done
 TIME :    1.93275821977295       sec
          50 %           2   1062.37902114284     
 	 100 %           1   2124.95728534157     
 Time :   2125.08758457215     
 WOCIVL440M0010NH220/N_atom200E+10_Vexp200E+02_Vemit100E+02_tauD000E+00_Vran500E
 +01                  
 Start
           0
 set_grid_done
 set_clumps_done
 Done
 TIME :    1.93358924356289       sec
          50 %           3   611.428169648629     
 	 100 %           2   1222.27630560892     
 Time :   1222.40692102816     
 WOCIVL440M0010NH220/N_atom200E+10_Vexp300E+02_Vemit100E+02_tauD000E+00_Vran500E
 +01                  
 Start
           0
 set_grid_done
 set_clumps_done
 Done
 TIME :    1.93590446794406       sec
          50 %           4   454.967184477253     
 	 100 %           1   907.170793831348     
 Time :   907.297282576328     
 WOCIVL440M0010NH220/N_atom200E+10_Vexp400E+02_Vemit100E+02_tauD000E+00_Vran500E
 +01                  
 Start
           0
 set_grid_done
 set_clumps_done
 Done
 TIME :    1.93437498155981       sec
          50 %           1   386.491580792936     
 	 100 %           1   770.207778302487     
 Time :   770.337340918137     
 WOCIVL440M0010NH220/N_atom200E+10_Vexp500E+02_Vemit100E+02_tauD000E+00_Vran500E
 +01                  
 Start
           0
 set_grid_done
 set_clumps_done
 Done
 TIME :    1.93249564245343       sec
          50 %           1   358.709303964861     
 	 100 %           2   716.109189424897     
 Time :   716.237961503677     
 WOCIVL440M0010NH220/N_atom200E+10_Vexp600E+02_Vemit100E+02_tauD000E+00_Vran500E
 +01                  
 Start
           0
 set_grid_done
 set_clumps_done
 Done
 TIME :    1.92999123036861       sec
          50 %           4   337.640304307919     
 	 100 %           1   673.567080309615     
 Time :   673.697406711522     
 WOCIVL440M0010NH220/N_atom200E+10_Vexp700E+02_Vemit100E+02_tauD000E+00_Vran500E
 +01                  
 Start
           0
 set_grid_done
 set_clumps_done
 Done
 TIME :    1.93170764041133       sec
          50 %           2   316.992364548845     
 	 100 %           4   632.667982615763     
 Time :   632.796487538610     
 WOCIVL440M0010NH220/N_atom200E+10_Vexp800E+02_Vemit100E+02_tauD000E+00_Vran500E
 +01                  
 Start
           0
 set_grid_done
 set_clumps_done
 Done
 TIME :    1.93333996157162       sec
          50 %           4   298.992275271332     
 	 100 %           3   596.313523639459     
 Time :   596.442337958142     
 WOCIVL440M0010NH220/N_atom200E+10_Vexp900E+02_Vemit100E+02_tauD000E+00_Vran500E
 +01                  
 Start
           0
 set_grid_done
 set_clumps_done
 Done
 TIME :    1.93484720564447       sec
          50 %           2   283.486360708252     
 	 100 %           3   565.158787968336     
 Time :   565.287290176144     
 WOCIVL440M0010NH220/N_atom200E+10_Vexp100E+03_Vemit100E+02_tauD000E+00_Vran500E
 +01                  
 Start
           0
 set_grid_done
 set_clumps_done
 Done
 TIME :    1.93226104835048       sec
          50 %           1   269.233703460544     
 	 100 %           2   536.296125482535     
 Time :   536.426154962275     
 WOCIVL440M0010NH220/N_atom200E+10_Vexp200E+03_Vemit100E+02_tauD000E+00_Vran500E
 +01                  
 Start
           0
 set_grid_done
 set_clumps_done
 Done
 TIME :    1.93204779457301       sec
          50 %           1   191.483742075507     
 	 100 %           1   381.297848572489     
 Time :   381.425896960776     
 WOCIVL440M0010NH220/N_atom200E+10_Vexp300E+03_Vemit100E+02_tauD000E+00_Vran500E
 +01                  
 Start
           0
 set_grid_done
 set_clumps_done
 Done
 TIME :    1.93118406902067       sec
          50 %           2   160.921935642604     
 	 100 %           2   319.728763229214     
 Time :   319.862564080628     
 WOCIVL440M0010NH220/N_atom200E+10_Vexp500E+01_Vemit100E+02_tauD000E+00_Vran500E
 +01                  
 Start
           0
 set_grid_done
 set_clumps_done
 Done
 TIME :    1.93325394857675       sec
          50 %           1   1922.46184979659     
 	 100 %           3   3841.38910849858     
 Time :   3841.51561177103     
 WOCIVL440M0010NH220/N_atom200E+10_Vexp100E+02_Vemit200E+02_tauD000E+00_Vran118E
 +01                  
 Start
           0
 set_grid_done
 set_clumps_done
 Done
 TIME :    1.93176761385985       sec
          50 %           3   449.318913861876     
 	 100 %           3   895.400614147307     
 Time :   895.531256688060     
 WOCIVL440M0010NH220/N_atom200E+10_Vexp200E+02_Vemit200E+02_tauD000E+00_Vran118E
 +01                  
 Start
           0
 set_grid_done
 set_clumps_done
 Done
 TIME :    1.93512646458112       sec
          50 %           2   368.159614668461     
 	 100 %           3   735.324544074945     
 Time :   735.455073551508     
 WOCIVL440M0010NH220/N_atom200E+10_Vexp300E+02_Vemit200E+02_tauD000E+00_Vran118E
 +01                  
 Start
           0
 set_grid_done
 set_clumps_done
 Done
 TIME :    1.93485866743140       sec
          50 %           1   336.912457253085     
 	 100 %           2   672.149110446451     
 Time :   672.276693934342     
 WOCIVL440M0010NH220/N_atom200E+10_Vexp400E+02_Vemit200E+02_tauD000E+00_Vran118E
 +01                  
 Start
           0
 set_grid_done
 set_clumps_done
 Done
 TIME :    1.93406253983267       sec
          50 %           4   317.869644055609     
 	 100 %           4   632.693704433972     
 Time :   632.822924931766     
 WOCIVL440M0010NH220/N_atom200E+10_Vexp500E+02_Vemit200E+02_tauD000E+00_Vran118E
 +01                  
 Start
           0
 set_grid_done
 set_clumps_done
 Done
 TIME :    1.93250301666558       sec
          50 %           1   302.912919183262     
 	 100 %           4   605.249611126026     
 Time :   605.380789270857     
 WOCIVL440M0010NH220/N_atom200E+10_Vexp600E+02_Vemit200E+02_tauD000E+00_Vran118E
 +01                  
 Start
           0
 set_grid_done
 set_clumps_done
 Done
 TIME :    1.93820397206582       sec
          50 %           1   295.718540426344     
 	 100 %           4   587.876047466183     
 Time :   588.001419516513     
 WOCIVL440M0010NH220/N_atom200E+10_Vexp700E+02_Vemit200E+02_tauD000E+00_Vran118E
 +01                  
 Start
           0
 set_grid_done
 set_clumps_done
 Done
 TIME :    1.93231851723976       sec
          50 %           3   289.913308722666     
 	 100 %           4   577.196682098554     
 Time :   577.326656053308     
 WOCIVL440M0010NH220/N_atom200E+10_Vexp800E+02_Vemit200E+02_tauD000E+00_Vran118E
 +01                  
 Start
           0
 set_grid_done
 set_clumps_done
 Done
 TIME :    1.93006544071250       sec
          50 %           4   285.690816236427     
 	 100 %           4   569.557689450681     
 Time :   569.687486920971     
 WOCIVL440M0010NH220/N_atom200E+10_Vexp900E+02_Vemit200E+02_tauD000E+00_Vran118E
 +01                  
 Start
           0
 set_grid_done
 set_clumps_done
 Done
 TIME :    1.93159415549599       sec
          50 %           3   280.815360579174     
 	 100 %           1   558.943051613867     
 Time :   559.073131739628     
 WOCIVL440M0010NH220/N_atom200E+10_Vexp100E+03_Vemit200E+02_tauD000E+00_Vran118E
 +01                  
 Start
           0
 set_grid_done
 set_clumps_done
 Done
 TIME :    1.93283058702946       sec
          50 %           1   274.128108320758     
 	 100 %           1   546.688080085907     
 Time :   546.815910201054     
 WOCIVL440M0010NH220/N_atom200E+10_Vexp200E+03_Vemit200E+02_tauD000E+00_Vran118E
 +01                  
 Start
           0
 set_grid_done
 set_clumps_done
 Done
 TIME :    1.92953401431441       sec
          50 %           2   224.588400099659     
 	 100 %           2   447.763892462011     
 Time :   447.892361867474     
 WOCIVL440M0010NH220/N_atom200E+10_Vexp300E+03_Vemit200E+02_tauD000E+00_Vran118E
 +01                  
 Start
           0
 set_grid_done
 set_clumps_done
 Done
 TIME :    1.93012326024473       sec
          50 %           2   198.218121947255     
 	 100 %           3   395.127402903046     
 Time :   395.259635124123     
 WOCIVL440M0010NH220/N_atom200E+10_Vexp500E+01_Vemit200E+02_tauD000E+00_Vran118E
 +01                  
 Start
           0
 set_grid_done
 set_clumps_done
 Done
 TIME :    1.92932313517667       sec
          50 %           2   603.170542255510     
 	 100 %           2   1203.52819458325     
 Time :   1203.65964404191     
 WOCIVL440M0010NH220/N_atom200E+10_Vexp100E+02_Vemit200E+02_tauD000E+00_Vran300E
 +01                  
 Start
           0
 set_grid_done
 set_clumps_done
 Done
 TIME :    1.94077525124885       sec
          50 %           1   622.305410251953     
 	 100 %           3   1459.34746364318     
 Time :   1459.52733323257     
 WOCIVL440M0010NH220/N_atom200E+10_Vexp200E+02_Vemit200E+02_tauD000E+00_Vran300E
 +01                  
 Start
           0
 set_grid_done
 set_clumps_done
 Done
 TIME :    3.62824457092211       sec
          50 %           1   552.491640554974     
 	 100 %           1   1123.31091106357     
 Time :   1123.48845253442     
 WOCIVL440M0010NH220/N_atom200E+10_Vexp300E+02_Vemit200E+02_tauD000E+00_Vran300E
 +01                  
 Start
           0
 set_grid_done
 set_clumps_done
 Done
 TIME :    3.38786001759581       sec
          50 %           4   460.058149302378     
 	 100 %           4   938.706476200605     
 Time :   938.887530162698     
 WOCIVL440M0010NH220/N_atom200E+10_Vexp400E+02_Vemit200E+02_tauD000E+00_Vran300E
 +01                  
 Start
           0
 set_grid_done
 set_clumps_done
 Done
 TIME :    3.54303381172940       sec
          50 %           1   461.454037370160     
 	 100 %           2   886.040034082253     
 Time :   886.218210615451     
 WOCIVL440M0010NH220/N_atom200E+10_Vexp500E+02_Vemit200E+02_tauD000E+00_Vran300E
 +01                  
 Start
           0
 set_grid_done
 set_clumps_done
 Done
 TIME :    3.71768475882709       sec
          50 %           4   418.565701804357     
 	 100 %           4   813.989460650831     
 Time :   814.154247969622     
 WOCIVL440M0010NH220/N_atom200E+10_Vexp600E+02_Vemit200E+02_tauD000E+00_Vran300E
 +01                  
 Start
           0
 set_grid_done
 set_clumps_done
 Done
 TIME :    3.65265039703809       sec
          50 %           1   376.244180494221     
 	 100 %           3   732.036320142681     
 Time :   732.201877299463     
 WOCIVL440M0010NH220/N_atom200E+10_Vexp700E+02_Vemit200E+02_tauD000E+00_Vran300E
 +01                  
 Start
           0
 set_grid_done
 set_clumps_done
 Done
 TIME :    3.72361411689781       sec
          50 %           4   340.429748086724     
 	 100 %           1   686.178717415780     
 Time :   686.354781759204     
 WOCIVL440M0010NH220/N_atom200E+10_Vexp800E+02_Vemit200E+02_tauD000E+00_Vran300E
 +01                  
 Start
           0
 set_grid_done
 set_clumps_done
 Done
 TIME :    3.72526085539721       sec
          50 %           2   336.277674349025     
 	 100 %           1   683.859616199043     
 Time :   684.036099125165     
 WOCIVL440M0010NH220/N_atom200E+10_Vexp900E+02_Vemit200E+02_tauD000E+00_Vran300E
 +01                  
 Start
           0
 set_grid_done
 set_clumps_done
 Done
 TIME :    2.08881922438741       sec
          50 %           3   299.641340080649     
 	 100 %           2   641.826426997781     
 Time :   642.000738281757     
 WOCIVL440M0010NH220/N_atom200E+10_Vexp100E+03_Vemit200E+02_tauD000E+00_Vran300E
 +01                  
 Start
           0
 set_grid_done
 set_clumps_done
 Done
 TIME :    3.64018214656971       sec
          50 %           1   328.678862008266     
 	 100 %           2   661.842331445543     
 Time :   662.008970010094     
 WOCIVL440M0010NH220/N_atom200E+10_Vexp200E+03_Vemit200E+02_tauD000E+00_Vran300E
 +01                  
 Start
           0
 set_grid_done
 set_clumps_done
 Done
 TIME :    2.05268924683332       sec
          50 %           1   257.615459418856     
 	 100 %           3   531.129395544762     
 Time :   531.309890197823     
 WOCIVL440M0010NH220/N_atom200E+10_Vexp300E+03_Vemit200E+02_tauD000E+00_Vran300E
 +01                  
 Start
           0
 set_grid_done
 set_clumps_done
 Done
 TIME :    3.72405241709203       sec
          50 %           3   239.928023917135     
 	 100 %           3   454.028925386723     
 Time :   454.195445356658     
 WOCIVL440M0010NH220/N_atom200E+10_Vexp500E+01_Vemit200E+02_tauD000E+00_Vran300E
 +01                  
 Start
           0
 set_grid_done
 set_clumps_done
 Done
 TIME :    3.75647790939547       sec
          50 %           3   1223.18168002763     
 	 100 %           1   2428.29986210424     
 Time :   2428.47728342749     
 WOCIVL440M0010NH220/N_atom200E+10_Vexp100E+02_Vemit200E+02_tauD000E+00_Vran500E
 +01                  
 Start
           0
 set_grid_done
 set_clumps_done
 Done
 TIME :    3.24657886102796       sec
          50 %           4   1001.44586047577     
 	 100 %           3   2087.16404681606     
 Time :   2087.32757645333     
 WOCIVL440M0010NH220/N_atom200E+10_Vexp200E+02_Vemit200E+02_tauD000E+00_Vran500E
 +01                  
 Start
           0
 set_grid_done
 set_clumps_done
 Done
 TIME :    3.09660082589835       sec
          50 %           3   649.347118445206     
 	 100 %           1   1313.87369507086     
 Time :   1314.05075678299     
 WOCIVL440M0010NH220/N_atom200E+10_Vexp300E+02_Vemit200E+02_tauD000E+00_Vran500E
 +01                  
 Start
           0
 set_grid_done
 set_clumps_done
 Done
 TIME :    3.73279007314704       sec
          50 %           2   509.257314856397     
 	 100 %           1   994.845824043266     
 Time :   995.007519096369     
 WOCIVL440M0010NH220/N_atom200E+10_Vexp400E+02_Vemit200E+02_tauD000E+00_Vran500E
 +01                  
 Start
           0
 set_grid_done
 set_clumps_done
 Done
 TIME :    3.72961924853735       sec
          50 %           2   414.627936981618     
 	 100 %           4   853.794811835513     
 Time :   853.945922716055     
 WOCIVL440M0010NH220/N_atom200E+10_Vexp500E+02_Vemit200E+02_tauD000E+00_Vran500E
 +01                  
 Start
           0
 set_grid_done
 set_clumps_done
 Done
 TIME :    2.08467529690824       sec
          50 %           3   434.921754518524     
 	 100 %           3   860.336013606051     
 Time :   860.510540628573     
 WOCIVL440M0010NH220/N_atom200E+10_Vexp600E+02_Vemit200E+02_tauD000E+00_Vran500E
 +01                  
 Start
           0
 set_grid_done
 set_clumps_done
 Done
 TIME :    3.28123127040453       sec
          50 %           3   399.738708222983     
 	 100 %           1   811.323149390984     
 Time :   811.492219770560     
 WOCIVL440M0010NH220/N_atom200E+10_Vexp700E+02_Vemit200E+02_tauD000E+00_Vran500E
 +01                  
 Start
           0
 set_grid_done
 set_clumps_done
 Done
 TIME :    3.73361421353184       sec
          50 %           4   417.324306651484     
 	 100 %           2   822.914968793746     
 Time :   823.096535226330     
 WOCIVL440M0010NH220/N_atom200E+10_Vexp800E+02_Vemit200E+02_tauD000E+00_Vran500E
 +01                  
 Start
           0
 set_grid_done
 set_clumps_done
 Done
 TIME :    2.70935954805464       sec
          50 %           3   412.831948976265     
 	 100 %           1   815.748328033136     
 Time :   815.918925323989     
 WOCIVL440M0010NH220/N_atom200E+10_Vexp900E+02_Vemit200E+02_tauD000E+00_Vran500E
 +01                  
 Start
           0
 set_grid_done
 set_clumps_done
 Done
 TIME :    3.73591032158583       sec
          50 %           2   357.247644749936     
 	 100 %           3   692.390377491247     
 Time :   692.566832123790     
 WOCIVL440M0010NH220/N_atom200E+10_Vexp100E+03_Vemit200E+02_tauD000E+00_Vran500E
 +01                  
 Start
           0
 set_grid_done
 set_clumps_done
 Done
 TIME :    3.11312165041454       sec
          50 %           1   351.162407805212     
 	 100 %           4   724.767662247643     
 Time :   724.937676283997     
 WOCIVL440M0010NH220/N_atom200E+10_Vexp200E+03_Vemit200E+02_tauD000E+00_Vran500E
 +01                  
 Start
           0
 set_grid_done
 set_clumps_done
 Done
 TIME :    3.68571064132266       sec
          50 %           2   271.649817625294     
 	 100 %           1   538.350705109071     
 Time :   538.530437728856     
 WOCIVL440M0010NH220/N_atom200E+10_Vexp300E+03_Vemit200E+02_tauD000E+00_Vran500E
 +01                  
 Start
           0
 set_grid_done
 set_clumps_done
 Done
 TIME :    3.60432696947828       sec
          50 %           3   228.096611780580     
 	 100 %           1   456.529376586201     
 Time :   456.710499458713     
 WOCIVL440M0010NH220/N_atom200E+10_Vexp500E+01_Vemit200E+02_tauD000E+00_Vran500E
 +01                  
 Start
           0
 set_grid_done
 set_clumps_done
 Done
 TIME :    3.72857311763801       sec
          50 %           4   1704.18583149347     
 	 100 %           1   3273.42153033591     
 Time :   3273.55438628793     
 WOCIVL440M0010NH220/N_atom200E+10_Vexp100E+02_Vemit300E+02_tauD000E+00_Vran118E
 +01                  
 Start
           0
 set_grid_done
 set_clumps_done
 Done
 TIME :    3.63590763206594       sec
          50 %           2   431.994515213650     
 	 100 %           2   872.573708318174     
 Time :   872.735003974987     
 WOCIVL440M0010NH220/N_atom200E+10_Vexp200E+02_Vemit300E+02_tauD000E+00_Vran118E
 +01                  
 Start
           0
 set_grid_done
 set_clumps_done
 Done
 TIME :    2.12070518475957       sec
          50 %           4   375.949966136133     
 	 100 %           3   743.683602712816     
 Time :   743.844712798251     
 WOCIVL440M0010NH220/N_atom200E+10_Vexp300E+02_Vemit300E+02_tauD000E+00_Vran118E
 +01                  
 Start
           0
 set_grid_done
 set_clumps_done
 Done
 TIME :    2.48458915227093       sec
          50 %           4   361.763359945966     
 	 100 %           1   688.626644693548     
 Time :   688.779810675653     
 WOCIVL440M0010NH220/N_atom200E+10_Vexp400E+02_Vemit300E+02_tauD000E+00_Vran118E
 +01                  
 Start
           0
 set_grid_done
 set_clumps_done
 Done
 TIME :    2.06697044032626       sec
          50 %           3   306.633435453987     
 	 100 %           4   591.812722956063     
 Time :   591.944971157471     
 WOCIVL440M0010NH220/N_atom200E+10_Vexp500E+02_Vemit300E+02_tauD000E+00_Vran118E
 +01                  
 Start
           0
 set_grid_done
 set_clumps_done
 Done
 TIME :    3.67841692967340       sec
          50 %           1   288.684213220840     
 	 100 %           4   589.505238347221     
 Time :   589.673839187482     
 WOCIVL440M0010NH220/N_atom200E+10_Vexp600E+02_Vemit300E+02_tauD000E+00_Vran118E
 +01                  
 Start
           0
 set_grid_done
 set_clumps_done
 Done
 TIME :    3.67918091639876       sec
          50 %           2   305.159130021464     
 	 100 %           1   603.717388548888     
 Time :   603.877837171778     
 WOCIVL440M0010NH220/N_atom200E+10_Vexp700E+02_Vemit300E+02_tauD000E+00_Vran118E
 +01                  
 Start
           0
 set_grid_done
 set_clumps_done
 Done
 TIME :    2.06671714060940       sec
          50 %           4   302.078414506745     
 	 100 %           4   604.935824314831     
 Time :   605.091732509667     
 WOCIVL440M0010NH220/N_atom200E+10_Vexp800E+02_Vemit300E+02_tauD000E+00_Vran118E
 +01                  
 Start
           0
 set_grid_done
 set_clumps_done
 Done
 TIME :    2.07130985776894       sec
          50 %           3   318.439631470246     
 	 100 %           4   636.258047157433     
 Time :   636.427221633960     
 WOCIVL440M0010NH220/N_atom200E+10_Vexp900E+02_Vemit300E+02_tauD000E+00_Vran118E
 +01                  
 Start
           0
 set_grid_done
 set_clumps_done
 Done
 TIME :    3.71848585596308       sec
          50 %           2   303.384855623590     
 	 100 %           2   600.647863635095     
 Time :   600.817583955359     
 WOCIVL440M0010NH220/N_atom200E+10_Vexp100E+03_Vemit300E+02_tauD000E+00_Vran118E
 +01                  
 Start
           0
 set_grid_done
 set_clumps_done
 Done
 TIME :    2.98504575993866       sec
          50 %           4   283.620369723765     
 	 100 %           2   576.310546150897     
 Time :   576.460263111861     
 WOCIVL440M0010NH220/N_atom200E+10_Vexp200E+03_Vemit300E+02_tauD000E+00_Vran118E
 +01                  
 Start
           0
 set_grid_done
 set_clumps_done
 Done
 TIME :    2.07167556020431       sec
          50 %           3   254.441634628223     
 	 100 %           4   488.013292698422     
 Time :   488.161887494382     
 WOCIVL440M0010NH220/N_atom200E+10_Vexp300E+03_Vemit300E+02_tauD000E+00_Vran118E
 +01                  
 Start
           0
 set_grid_done
 set_clumps_done
 Done
 TIME :    3.09924949146807       sec
          50 %           1   221.748389574932     
 	 100 %           4   445.789568371139     
 Time :   445.966788563412     
 WOCIVL440M0010NH220/N_atom200E+10_Vexp500E+01_Vemit300E+02_tauD000E+00_Vran118E
 +01                  
 Start
           0
 set_grid_done
 set_clumps_done
 Done
 TIME :    3.68128243577667       sec
          50 %           4   605.343694436364     
 	 100 %           4   1192.97892384860     
 Time :   1193.15690055350     
 WOCIVL440M0010NH220/N_atom200E+10_Vexp100E+02_Vemit300E+02_tauD000E+00_Vran300E
 +01                  
 Start
           0
 set_grid_done
 set_clumps_done
 Done
 TIME :    3.71628467785195       sec
          50 %           4   579.385719650891     
 	 100 %           4   1204.89143172186     
 Time :   1205.06855185470     
 WOCIVL440M0010NH220/N_atom200E+10_Vexp200E+02_Vemit300E+02_tauD000E+00_Vran300E
 +01                  
 Start
           0
 set_grid_done
 set_clumps_done
 Done
 TIME :    2.46290161390789       sec
          50 %           3   450.235253995983     
 	 100 %           2   895.791578685865     
 Time :   895.957455668133     
 WOCIVL440M0010NH220/N_atom200E+10_Vexp300E+02_Vemit300E+02_tauD000E+00_Vran300E
 +01                  
 Start
           0
 set_grid_done
 set_clumps_done
 Done
 TIME :    2.28517804830335       sec
          50 %           2   377.229163833894     
 	 100 %           4   739.638610078720     
 Time :   739.789420890855     
 WOCIVL440M0010NH220/N_atom200E+10_Vexp400E+02_Vemit300E+02_tauD000E+00_Vran300E
 +01                  
 Start
           0
 set_grid_done
 set_clumps_done
 Done
 TIME :    2.06681848247536       sec
          50 %           3   324.802052503219     
 	 100 %           2   671.779148529517     
 Time :   671.938197592273     
 WOCIVL440M0010NH220/N_atom200E+10_Vexp500E+02_Vemit300E+02_tauD000E+00_Vran300E
 +01                  
 Start
           0
 set_grid_done
 set_clumps_done
 Done
 TIME :    2.27074584877118       sec
          50 %           1   304.679878989467     
 	 100 %           2   620.609025579877     
 Time :   620.781426656526     
 WOCIVL440M0010NH220/N_atom200E+10_Vexp600E+02_Vemit300E+02_tauD000E+00_Vran300E
 +01                  
 Start
           0
 set_grid_done
 set_clumps_done
 Done
 TIME :    3.72779299039394       sec
          50 %           4   329.872342728311     
 	 100 %           4   628.645494747907     
 Time :   628.816053375602     
 WOCIVL440M0010NH220/N_atom200E+10_Vexp700E+02_Vemit300E+02_tauD000E+00_Vran300E
 +01                  
 Start
           0
 set_grid_done
 set_clumps_done
 Done
 TIME :    3.72337013506331       sec
          50 %           1   301.074892491335     
 	 100 %           1   595.442075555446     
 Time :   595.608368114568     
 WOCIVL440M0010NH220/N_atom200E+10_Vexp800E+02_Vemit300E+02_tauD000E+00_Vran300E
 +01                  
 Start
           0
 set_grid_done
 set_clumps_done
 Done
 TIME :    3.57251393678598       sec
          50 %           4   296.323759467108     
 	 100 %           1   591.751160338288     
 Time :   591.910936497850     
 WOCIVL440M0010NH220/N_atom200E+10_Vexp900E+02_Vemit300E+02_tauD000E+00_Vran300E
 +01                  
 Start
           0
 set_grid_done
 set_clumps_done
 Done
 TIME :    2.06983931292780       sec
          50 %           3   293.237854816020     
 	 100 %           1   596.775832508923     
 Time :   596.937188850716     
 WOCIVL440M0010NH220/N_atom200E+10_Vexp100E+03_Vemit300E+02_tauD000E+00_Vran300E
 +01                  
 Start
           0
 set_grid_done
 set_clumps_done
 Done
 TIME :    2.06964399316348       sec
          50 %           2   306.274031670531     
 	 100 %           3   614.639673329890     
 Time :   614.798889298458     
 WOCIVL440M0010NH220/N_atom200E+10_Vexp200E+03_Vemit300E+02_tauD000E+00_Vran300E
 +01                  
 Start
           0
 set_grid_done
 set_clumps_done
 Done
 TIME :    2.06122713466175       sec
          50 %           4   226.172261251835     
 	 100 %           1   459.511521262582     
 Time :   459.686672016047     
 WOCIVL440M0010NH220/N_atom200E+10_Vexp300E+03_Vemit300E+02_tauD000E+00_Vran300E
 +01                  
 Start
           0
 set_grid_done
 set_clumps_done
 Done
 TIME :    3.72669558227062       sec
          50 %           4   202.978627128992     
 	 100 %           2   404.930386283435     
 Time :   405.092815196374     
 WOCIVL440M0010NH220/N_atom200E+10_Vexp500E+01_Vemit300E+02_tauD000E+00_Vran300E
 +01                  
 Start
           0
 set_grid_done
 set_clumps_done
 Done
 TIME :    2.07672105450183       sec
          50 %           3   957.307717307005     
 	 100 %           3   1846.84310177551     
 Time :   1847.00727127446     
 WOCIVL440M0010NH220/N_atom200E+10_Vexp100E+02_Vemit300E+02_tauD000E+00_Vran500E
 +01                  
 Start
           0
 set_grid_done
 set_clumps_done
 Done
 TIME :    2.48390707070939       sec
          50 %           4   725.217231131857     
 	 100 %           1   1515.68250436871     
 Time :   1515.85496383603     
 WOCIVL440M0010NH220/N_atom200E+10_Vexp200E+02_Vemit300E+02_tauD000E+00_Vran500E
 +01                  
 Start
           0
 set_grid_done
 set_clumps_done
 Done
 TIME :    3.59210180933587       sec
          50 %           4   467.484998545842     
 	 100 %           4   944.564694632776     
 Time :   944.727588896872     
 WOCIVL440M0010NH220/N_atom200E+10_Vexp300E+02_Vemit300E+02_tauD000E+00_Vran500E
 +01                  
 Start
           0
 set_grid_done
 set_clumps_done
 Done
 TIME :    2.86387021630071       sec
          50 %           4   377.242594056064     
 	 100 %           2   747.980513791321     
 Time :   748.156265322585     
 WOCIVL440M0010NH220/N_atom200E+10_Vexp400E+02_Vemit300E+02_tauD000E+00_Vran500E
 +01                  
 Start
           0
 set_grid_done
 set_clumps_done
 Done
 TIME :    3.49187188944779       sec
          50 %           3   371.746063502971     
 	 100 %           4   733.737011740683     
 Time :   733.905908891931     
 WOCIVL440M0010NH220/N_atom200E+10_Vexp500E+02_Vemit300E+02_tauD000E+00_Vran500E
 +01                  
 Start
           0
 set_grid_done
 set_clumps_done
 Done
 TIME :    3.62806916888803       sec
          50 %           4   337.212917498546     
 	 100 %           3   691.303267760202     
 Time :   691.470400350168     
 WOCIVL440M0010NH220/N_atom200E+10_Vexp600E+02_Vemit300E+02_tauD000E+00_Vran500E
 +01                  
 Start
           0
 set_grid_done
 set_clumps_done
 Done
 TIME :    2.05987751903012       sec
          50 %           4   327.375409771223     
 	 100 %           2   664.607436195016     
 Time :   664.782777068671     
 WOCIVL440M0010NH220/N_atom200E+10_Vexp700E+02_Vemit300E+02_tauD000E+00_Vran500E
 +01                  
 Start
           0
 set_grid_done
 set_clumps_done
 Done
 TIME :    3.70548071875237       sec
          50 %           1   337.874842910795     
 	 100 %           4   695.819476981647     
 Time :   695.976595087908     
 WOCIVL440M0010NH220/N_atom200E+10_Vexp800E+02_Vemit300E+02_tauD000E+00_Vran500E
 +01                  
 Start
           0
 set_grid_done
 set_clumps_done
 Done
 TIME :    2.05397513182834       sec
          50 %           3   341.773477414623     
 	 100 %           4   686.518898869166     
 Time :   686.691238048486     
 WOCIVL440M0010NH220/N_atom200E+10_Vexp900E+02_Vemit300E+02_tauD000E+00_Vran500E
 +01                  
 Start
           0
 set_grid_done
 set_clumps_done
 Done
 TIME :    2.13964391825721       sec
          50 %           2   360.253014987335     
 	 100 %           3   720.782460125396     
 Time :   720.958355859620     
 WOCIVL440M0010NH220/N_atom200E+10_Vexp100E+03_Vemit300E+02_tauD000E+00_Vran500E
 +01                  
 Start
           0
 set_grid_done
 set_clumps_done
 Done
 TIME :    3.16553137591109       sec
          50 %           1   349.435800532112     
 	 100 %           1   675.256178803975     
 Time :   675.413044281770     
 WOCIVL440M0010NH220/N_atom200E+10_Vexp200E+03_Vemit300E+02_tauD000E+00_Vran500E
 +01                  
 Start
           0
 set_grid_done
 set_clumps_done
 Done
 TIME :    2.05909529747441       sec
          50 %           2   230.884815100580     
 	 100 %           3   460.912239386700     
 Time :   461.070929700043     
 WOCIVL440M0010NH220/N_atom200E+10_Vexp300E+03_Vemit300E+02_tauD000E+00_Vran500E
 +01                  
 Start
           0
 set_grid_done
 set_clumps_done
 Done
 TIME :    2.06233730679378       sec
          50 %           4   190.835896876175     
 	 100 %           3   382.898261778755     
 Time :   383.064155312488     
 WOCIVL440M0010NH220/N_atom200E+10_Vexp500E+01_Vemit300E+02_tauD000E+00_Vran500E
 +01                  
 Start
           0
 set_grid_done
 set_clumps_done
 Done
 TIME :    2.05708471033722       sec
          50 %           4   1213.33799429121     
 	 100 %           2   2500.11884138850     
 Time :   2500.29391471529     
 WOCIVL440M0010NH220/N_atom200E+10_Vexp100E+02_Vemit400E+02_tauD000E+00_Vran118E
 +01                  
 Start
           0
 set_grid_done
 set_clumps_done
 Done
 TIME :    3.31735286209732       sec
          50 %           2   371.794220535085     
 	 100 %           3   764.299709571525     
 Time :   764.455747532193     
 WOCIVL440M0010NH220/N_atom200E+10_Vexp200E+02_Vemit400E+02_tauD000E+00_Vran118E
 +01                  
 Start
           0
 set_grid_done
 set_clumps_done
 Done
 TIME :    2.05525050708093       sec
          50 %           3   334.238151464611     
 	 100 %           2   651.589218218578     
 Time :   651.755828799913     
 WOCIVL440M0010NH220/N_atom200E+10_Vexp300E+02_Vemit400E+02_tauD000E+00_Vran118E
 +01                  
 Start
           0
 set_grid_done
 set_clumps_done
 Done
 TIME :    3.70420109573752       sec
          50 %           4   275.640475448687     
 	 100 %           1   563.198573856847     
 Time :   563.354375990806     
 WOCIVL440M0010NH220/N_atom200E+10_Vexp400E+02_Vemit400E+02_tauD000E+00_Vran118E
 +01                  
 Start
           0
 set_grid_done
 set_clumps_done
 Done
 TIME :    2.05580168077722       sec
          50 %           4   283.442768269451     
 	 100 %           4   599.821134292521     
 Time :   599.989466253668     
 WOCIVL440M0010NH220/N_atom200E+10_Vexp500E+02_Vemit400E+02_tauD000E+00_Vran118E
 +01                  
 Start
           0
 set_grid_done
 set_clumps_done
 Done
 TIME :    3.56929340818897       sec
          50 %           4   288.238197023980     
 	 100 %           3   578.567758301506     
 Time :   578.724370650016     
 WOCIVL440M0010NH220/N_atom200E+10_Vexp600E+02_Vemit400E+02_tauD000E+00_Vran118E
 +01                  
 Start
           0
 set_grid_done
 set_clumps_done
 Done
 TIME :    3.16640305658802       sec
          50 %           3   292.818237098632     
 	 100 %           3   610.143224637723     
 Time :   610.307078609010     
 WOCIVL440M0010NH220/N_atom200E+10_Vexp700E+02_Vemit400E+02_tauD000E+00_Vran118E
 +01                  
 Start
           0
 set_grid_done
 set_clumps_done
 Done
 TIME :    2.45083223865367       sec
          50 %           4   311.163245190168     
 	 100 %           3   611.447110014968     
 Time :   611.604674255941     
 WOCIVL440M0010NH220/N_atom200E+10_Vexp800E+02_Vemit400E+02_tauD000E+00_Vran118E
 +01                  
 Start
           0
 set_grid_done
 set_clumps_done
 Done
 TIME :    2.06201193062589       sec
          50 %           2   273.065733639058     
 	 100 %           2   557.062891626498     
 Time :   557.240246523870     
 WOCIVL440M0010NH220/N_atom200E+10_Vexp900E+02_Vemit400E+02_tauD000E+00_Vran118E
 +01                  
 Start
           0
 set_grid_done
 set_clumps_done
 Done
 TIME :    3.28975866851397       sec
          50 %           2   260.983326406917     
 	 100 %           1   539.082067410462     
 Time :   539.245119022438     
 WOCIVL440M0010NH220/N_atom200E+10_Vexp100E+03_Vemit400E+02_tauD000E+00_Vran118E
 +01                  
 Start
           0
 set_grid_done
 set_clumps_done
 Done
 TIME :    3.50280022365041       sec
          50 %           4   281.592913609464     
 	 100 %           4   573.958938518306     
 Time :   574.120882893680     
 WOCIVL440M0010NH220/N_atom200E+10_Vexp200E+03_Vemit400E+02_tauD000E+00_Vran118E
 +01                  
 Start
           0
 set_grid_done
 set_clumps_done
 Done
 TIME :    2.05372747289948       sec
          50 %           2   238.858330476563     
 	 100 %           3   479.912012571702     
 Time :   480.077160703717     
 WOCIVL440M0010NH220/N_atom200E+10_Vexp300E+03_Vemit400E+02_tauD000E+00_Vran118E
 +01                  
 Start
           0
 set_grid_done
 set_clumps_done
 Done
 TIME :    2.05868825688958       sec
          50 %           4   212.139356577769     
 	 100 %           4   424.651610411005     
 Time :   424.821948190453     
 WOCIVL440M0010NH220/N_atom200E+10_Vexp500E+01_Vemit400E+02_tauD000E+00_Vran118E
 +01                  
 Start
           0
 set_grid_done
 set_clumps_done
 Done
 TIME :    2.94605767028406       sec
          50 %           1   546.795399190392     
 	 100 %           1   1061.44497002079     
 Time :   1061.61551531311     
 WOCIVL440M0010NH220/N_atom200E+10_Vexp100E+02_Vemit400E+02_tauD000E+00_Vran300E
 +01                  
 Start
           0
 set_grid_done
 set_clumps_done
 Done
 TIME :    2.78882476687431       sec
          50 %           2   503.794019268593     
 	 100 %           1   1039.44766212627     
 Time :   1039.62214452424     
 WOCIVL440M0010NH220/N_atom200E+10_Vexp200E+02_Vemit400E+02_tauD000E+00_Vran300E
 +01                  
 Start
           0
 set_grid_done
 set_clumps_done
 Done
 TIME :    3.69282276905142       sec
          50 %           2   396.205632848898     
 	 100 %           2   827.044386138441     
 Time :   827.225496156840     
 WOCIVL440M0010NH220/N_atom200E+10_Vexp300E+02_Vemit400E+02_tauD000E+00_Vran300E
 +01                  
 Start
           0
 set_grid_done
 set_clumps_done
 Done
 TIME :    3.70025010383688       sec
          50 %           3   381.890270560281     
 	 100 %           2   685.989533207845     
 Time :   686.144895148464     
 WOCIVL440M0010NH220/N_atom200E+10_Vexp400E+02_Vemit400E+02_tauD000E+00_Vran300E
 +01                  
 Start
           0
 set_grid_done
 set_clumps_done
 Done
 TIME :    2.77553345798515       sec
          50 %           3   276.781223682221     
 	 100 %           2   574.635371432872     
 Time :   574.815131815383     
 WOCIVL440M0010NH220/N_atom200E+10_Vexp500E+02_Vemit400E+02_tauD000E+00_Vran300E
 +01                  
 Start
           0
 set_grid_done
 set_clumps_done
 Done
 TIME :    3.70640131202526       sec
          50 %           4   280.895639809780     
 	 100 %           3   589.436790621374     
 Time :   589.617674811976     
 WOCIVL440M0010NH220/N_atom200E+10_Vexp600E+02_Vemit400E+02_tauD000E+00_Vran300E
 +01                  
 Start
           0
 set_grid_done
 set_clumps_done
 Done
 TIME :    3.33776466478594       sec
          50 %           2   312.006657905411     
 	 100 %           4   616.271309591364     
 Time :   616.450070230756     
 WOCIVL440M0010NH220/N_atom200E+10_Vexp700E+02_Vemit400E+02_tauD000E+00_Vran300E
 +01                  
 Start
           0
 set_grid_done
 set_clumps_done
 Done
 TIME :    3.70384168508463       sec
          50 %           3   306.468878952321     
 	 100 %           1   608.847588130739     
 Time :   609.011646158528     
 WOCIVL440M0010NH220/N_atom200E+10_Vexp800E+02_Vemit400E+02_tauD000E+00_Vran300E
 +01                  
 Start
           0
 set_grid_done
 set_clumps_done
 Done
 TIME :    2.05602566478774       sec
          50 %           2   272.860804355703     
 	 100 %           3   542.836624141783     
 Time :   543.014295708854     
 WOCIVL440M0010NH220/N_atom200E+10_Vexp900E+02_Vemit400E+02_tauD000E+00_Vran300E
 +01                  
 Start
           0
 set_grid_done
 set_clumps_done
 Done
 TIME :    3.47046685568057       sec
          50 %           3   267.540025594179     
 	 100 %           4   528.427187749883     
 Time :   528.593888492091     
 WOCIVL440M0010NH220/N_atom200E+10_Vexp100E+03_Vemit400E+02_tauD000E+00_Vran300E
 +01                  
 Start
           0
 set_grid_done
 set_clumps_done
 Done
 TIME :    2.06103255599737       sec
          50 %           2   257.958256495185     
 	 100 %           4   513.603868340142     
 Time :   513.757890874287     
 WOCIVL440M0010NH220/N_atom200E+10_Vexp200E+03_Vemit400E+02_tauD000E+00_Vran300E
 +01                  
 Start
           0
 set_grid_done
 set_clumps_done
 Done
 TIME :    2.05857887980528       sec
          50 %           3   204.937897112919     
 	 100 %           2   408.375117395073     
 Time :   408.541056504939     
 WOCIVL440M0010NH220/N_atom200E+10_Vexp300E+03_Vemit400E+02_tauD000E+00_Vran300E
 +01                  
 Start
           0
 set_grid_done
 set_clumps_done
 Done
 TIME :    2.06169452960603       sec
          50 %           4   164.656913989456     
 	 100 %           1   321.358241083566     
 Time :   321.493349390803     
 WOCIVL440M0010NH220/N_atom200E+10_Vexp500E+01_Vemit400E+02_tauD000E+00_Vran300E
 +01                  
 Start
           0
 set_grid_done
 set_clumps_done
 Done
 TIME :    3.64970514969900       sec
          50 %           2   710.914088592865     
 	 100 %           2   1458.95917234709     
 Time :   1459.12582283397     
 WOCIVL440M0010NH220/N_atom200E+10_Vexp100E+02_Vemit400E+02_tauD000E+00_Vran500E
 +01                  
 Start
           0
 set_grid_done
 set_clumps_done
 Done
 TIME :    2.05937577877194       sec
          50 %           2   644.325375641929     
 	 100 %           2   1202.06904045190     
 Time :   1202.20293847728     
 WOCIVL440M0010NH220/N_atom200E+10_Vexp200E+02_Vemit400E+02_tauD000E+00_Vran500E
 +01                  
 Start
           0
 set_grid_done
 set_clumps_done
 Done
 TIME :    2.01081551285461       sec
          50 %           3   367.828969673719     
 	 100 %           3   731.962785333861     
 Time :   732.096751728794     
 WOCIVL440M0010NH220/N_atom200E+10_Vexp300E+02_Vemit400E+02_tauD000E+00_Vran500E
 +01                  
 Start
           0
 set_grid_done
 set_clumps_done
 Done
 TIME :    2.00111504364759       sec
          50 %           1   302.729158134898     
 	 100 %           1   602.913124667713     
 Time :   603.045577927260     
 WOCIVL440M0010NH220/N_atom200E+10_Vexp400E+02_Vemit400E+02_tauD000E+00_Vran500E
 +01                  
 Start
           0
 set_grid_done
 set_clumps_done
 Done
 TIME :    1.99995475634933       sec
          50 %           4   278.075828916160     
 	 100 %           2   554.204089877894     
 Time :   554.335673310328     
 WOCIVL440M0010NH220/N_atom200E+10_Vexp500E+02_Vemit400E+02_tauD000E+00_Vran500E
 +01                  
 Start
           0
 set_grid_done
 set_clumps_done
 Done
 TIME :    2.00832416489720       sec
          50 %           1   267.077793189557     
 	 100 %           4   531.924822521862     
 Time :   532.058852777816     
 WOCIVL440M0010NH220/N_atom200E+10_Vexp600E+02_Vemit400E+02_tauD000E+00_Vran500E
 +01                  
 Start
           0
 set_grid_done
 set_clumps_done
 Done
 TIME :    2.04535911628045       sec
          50 %           3   257.692602590658     
 	 100 %           3   513.635086195776     
 Time :   513.770634907065     
 WOCIVL440M0010NH220/N_atom200E+10_Vexp700E+02_Vemit400E+02_tauD000E+00_Vran500E
 +01                  
 Start
           0
 set_grid_done
 set_clumps_done
 Done
 TIME :    2.00255189440213       sec
          50 %           4   248.576477436582     
 	 100 %           2   494.866409485694     
 Time :   494.998504997930     
 WOCIVL440M0010NH220/N_atom200E+10_Vexp800E+02_Vemit400E+02_tauD000E+00_Vran500E
 +01                  
 Start
           0
 set_grid_done
 set_clumps_done
 Done
 TIME :    2.02291073673405       sec
          50 %           4   238.210060782963     
 	 100 %           4   474.608641904779     
 Time :   474.744468802819     
 WOCIVL440M0010NH220/N_atom200E+10_Vexp900E+02_Vemit400E+02_tauD000E+00_Vran500E
 +01                  
 Start
           0
 set_grid_done
 set_clumps_done
 Done
 TIME :    2.01007473003119       sec
          50 %           3   229.733800626826     
 	 100 %           3   457.013549397932     
 Time :   457.147706303746     
 WOCIVL440M0010NH220/N_atom200E+10_Vexp100E+03_Vemit400E+02_tauD000E+00_Vran500E
 +01                  
 Start
           0
 set_grid_done
 set_clumps_done
 Done
 TIME :    2.00676260795444       sec
          50 %           1   221.464761894429     
 	 100 %           1   441.143971815705     
 Time :   441.277618084103     
 WOCIVL440M0010NH220/N_atom200E+10_Vexp200E+03_Vemit400E+02_tauD000E+00_Vran500E
 +01                  
 Start
           0
 set_grid_done
 set_clumps_done
 Done
 TIME :    2.00959974061698       sec
          50 %           2   164.416260717437     
 	 100 %           3   327.008066282608     
 Time :   327.144027344882     
 WOCIVL440M0010NH220/N_atom200E+10_Vexp300E+03_Vemit400E+02_tauD000E+00_Vran500E
 +01                  
 Start
           0
 set_grid_done
 set_clumps_done
 Done
 TIME :    2.00612432928756       sec
          50 %           1   137.432647575624     
 	 100 %           3   272.594296293799     
 Time :   272.726975601166     
 WOCIVL440M0010NH220/N_atom200E+10_Vexp500E+01_Vemit400E+02_tauD000E+00_Vran500E
 +01                  
 Start
           0
 set_grid_done
 set_clumps_done
 Done
 TIME :    2.00710664922372       sec
          50 %           3   929.232360950205     
 	 100 %           1   1857.11739387782     
 Time :   1857.24755908456     
 WOCIVL440M0010NH220/N_atom200E+10_Vexp100E+02_Vemit500E+02_tauD000E+00_Vran118E
 +01                  
 Start
           0
 set_grid_done
 set_clumps_done
 Done
 TIME :    2.00511122122407       sec
          50 %           3   291.215404611547     
 	 100 %           1   581.455939574633     
 Time :   581.587465428282     
 WOCIVL440M0010NH220/N_atom200E+10_Vexp200E+02_Vemit500E+02_tauD000E+00_Vran118E
 +01                  
 Start
           0
 set_grid_done
 set_clumps_done
 Done
 TIME :    2.00708811404184       sec
          50 %           4   246.443191467784     
 	 100 %           4   491.525607950054     
 Time :   491.660280542448     
 WOCIVL440M0010NH220/N_atom200E+10_Vexp300E+02_Vemit500E+02_tauD000E+00_Vran118E
 +01                  
 Start
           0
 set_grid_done
 set_clumps_done
 Done
 TIME :    2.00619905069470       sec
          50 %           2   231.015292017721     
 	 100 %           4   460.530265633482     
 Time :   460.669609631877     
 WOCIVL440M0010NH220/N_atom200E+10_Vexp400E+02_Vemit500E+02_tauD000E+00_Vran118E
 +01                  
 Start
           0
 set_grid_done
 set_clumps_done
 Done
 TIME :    2.00955002615228       sec
          50 %           3   222.799870597664     
 	 100 %           1   443.355276944581     
 Time :   443.487336007878     
 WOCIVL440M0010NH220/N_atom200E+10_Vexp500E+02_Vemit500E+02_tauD000E+00_Vran118E
 +01                  
 Start
           0
 set_grid_done
 set_clumps_done
 Done
 TIME :    2.00779782840982       sec
          50 %           3   217.460073111579     
 	 100 %           4   432.176046188921     
 Time :   432.310807649512     
 WOCIVL440M0010NH220/N_atom200E+10_Vexp600E+02_Vemit500E+02_tauD000E+00_Vran118E
 +01                  
 Start
           0
 set_grid_done
 set_clumps_done
 Done
 TIME :    2.00922840740532       sec
          50 %           1   214.995271619875     
 	 100 %           1   427.374704777729     
 Time :   427.510062717833     
 WOCIVL440M0010NH220/N_atom200E+10_Vexp700E+02_Vemit500E+02_tauD000E+00_Vran118E
 +01                  
 Start
           0
 set_grid_done
 set_clumps_done
 Done
 TIME :    2.00865201605484       sec
          50 %           1   213.924852815922     
 	 100 %           3   425.982359699439     
 Time :   426.117090882268     
 WOCIVL440M0010NH220/N_atom200E+10_Vexp800E+02_Vemit500E+02_tauD000E+00_Vran118E
 +01                  
 Start
           0
 set_grid_done
 set_clumps_done
 Done
 TIME :    2.02658216934651       sec
          50 %           3   214.813316180836     
 	 100 %           3   427.371789477300     
 Time :   427.504959644284     
 WOCIVL440M0010NH220/N_atom200E+10_Vexp900E+02_Vemit500E+02_tauD000E+00_Vran118E
 +01                  
 Start
           0
 set_grid_done
 set_clumps_done
 Done
 TIME :    2.01285956380889       sec
          50 %           1   213.024498333223     
 	 100 %           1   423.009031919297     
 Time :   423.140726021025     
 WOCIVL440M0010NH220/N_atom200E+10_Vexp100E+03_Vemit500E+02_tauD000E+00_Vran118E
 +01                  
 Start
           0
 set_grid_done
 set_clumps_done
 Done
 TIME :    2.04677290329710       sec
          50 %           1   210.599978360347     
 	 100 %           3   419.679012971930     
 Time :   419.812882793602     
 WOCIVL440M0010NH220/N_atom200E+10_Vexp200E+03_Vemit500E+02_tauD000E+00_Vran118E
 +01                  
 Start
           0
 set_grid_done
 set_clumps_done
 Done
 TIME :    2.01621470693499       sec
          50 %           3   184.727080430370     
 	 100 %           3   367.357797841076     
 Time :   367.492475883570     
 WOCIVL440M0010NH220/N_atom200E+10_Vexp300E+03_Vemit500E+02_tauD000E+00_Vran118E
 +01                  
 Start
           0
 set_grid_done
 set_clumps_done
 Done
 TIME :    2.00845925090834       sec
          50 %           3   163.994751217775     
 	 100 %           4   326.144343427382     
 Time :   326.280110101216     
 WOCIVL440M0010NH220/N_atom200E+10_Vexp500E+01_Vemit500E+02_tauD000E+00_Vran118E
 +01                  
 Start
           0
 set_grid_done
 set_clumps_done
 Done
 TIME :    2.02039882028475       sec
          50 %           2   381.320356585085     
 	 100 %           2   759.100857055280     
 Time :   759.237843869720     
 WOCIVL440M0010NH220/N_atom200E+10_Vexp100E+02_Vemit500E+02_tauD000E+00_Vran300E
 +01                  
 Start
           0
 set_grid_done
 set_clumps_done
 Done
 TIME :    2.00331104174256       sec
          50 %           1   378.969651891850     
 	 100 %           4   756.134007241577     
 Time :   756.265716051683     
 WOCIVL440M0010NH220/N_atom200E+10_Vexp200E+02_Vemit500E+02_tauD000E+00_Vran300E
 +01                  
 Start
           0
 set_grid_done
 set_clumps_done
 Done
 TIME :    2.00916704116389       sec
          50 %           3   275.553229395300     
 	 100 %           4   548.755545443390     
 Time :   548.888606804423     
 WOCIVL440M0010NH220/N_atom200E+10_Vexp300E+02_Vemit500E+02_tauD000E+00_Vran300E
 +01                  
 Start
           0
 set_grid_done
 set_clumps_done
 Done
 TIME :    2.00601166626438       sec
          50 %           1   241.590096263681     
 	 100 %           4   482.393453502562     
 Time :   482.536457120441     
 WOCIVL440M0010NH220/N_atom200E+10_Vexp400E+02_Vemit500E+02_tauD000E+00_Vran300E
 +01                  
 Start
           0
 set_grid_done
 set_clumps_done
 Done
 TIME :    2.05703900335357       sec
          50 %           4   282.375463050790     
 	 100 %           4   590.041288115550     
 Time :   590.227789022028     
 WOCIVL440M0010NH220/N_atom200E+10_Vexp500E+02_Vemit500E+02_tauD000E+00_Vran300E
 +01                  
 Start
           0
 set_grid_done
 set_clumps_done
 Done
 TIME :    3.74956467840821       sec
          50 %           3   298.805078987963     
 	 100 %           3   612.071199389640     
 Time :   612.250400112476     
 WOCIVL440M0010NH220/N_atom200E+10_Vexp600E+02_Vemit500E+02_tauD000E+00_Vran300E
 +01                  
 Start
           0
 set_grid_done
 set_clumps_done
 Done
 TIME :    3.75598025694489       sec
          50 %           4   297.697973181494     
 	 100 %           2   595.647712869570     
 Time :   595.833649667911     
 WOCIVL440M0010NH220/N_atom200E+10_Vexp700E+02_Vemit500E+02_tauD000E+00_Vran300E
 +01                  
 Start
           0
 set_grid_done
 set_clumps_done
 Done
 TIME :    3.76566437538713       sec
          50 %           4   295.096608016640     
 	 100 %           1   590.777279001661     
 Time :   590.962428278755     
 WOCIVL440M0010NH220/N_atom200E+10_Vexp800E+02_Vemit500E+02_tauD000E+00_Vran300E
 +01                  
 Start
           0
 set_grid_done
 set_clumps_done
 Done
 TIME :    3.48654840840027       sec
          50 %           3   278.669328464195     
 	 100 %           4   572.845370304305     
 Time :   573.026606511790     
 WOCIVL440M0010NH220/N_atom200E+10_Vexp900E+02_Vemit500E+02_tauD000E+00_Vran300E
 +01                  
 Start
           0
 set_grid_done
 set_clumps_done
 Done
 TIME :    3.77324384823442       sec
          50 %           1   284.430917464197     
 	 100 %           2   567.454375869129     
 Time :   567.620540997013     
 WOCIVL440M0010NH220/N_atom200E+10_Vexp100E+03_Vemit500E+02_tauD000E+00_Vran300E
 +01                  
 Start
           0
 set_grid_done
 set_clumps_done
 Done
 TIME :    3.42991524562240       sec
          50 %           4   283.322786035482     
 	 100 %           4   558.613095273729     
 Time :   558.785529051907     
 WOCIVL440M0010NH220/N_atom200E+10_Vexp200E+03_Vemit500E+02_tauD000E+00_Vran300E
 +01                  
 Start
           0
 set_grid_done
 set_clumps_done
 Done
 TIME :    3.58818236738443       sec
          50 %           2   219.924418268725     
 	 100 %           4   448.357372573111     
 Time :   448.540083012078     
 WOCIVL440M0010NH220/N_atom200E+10_Vexp300E+03_Vemit500E+02_tauD000E+00_Vran300E
 +01                  
 Start
           0
 set_grid_done
 set_clumps_done
 Done
 TIME :    2.82237604120746       sec
          50 %           1   207.696172770578     
 	 100 %           3   403.689094285946     
 Time :   403.867896704469     
 WOCIVL440M0010NH220/N_atom200E+10_Vexp500E+01_Vemit500E+02_tauD000E+00_Vran300E
 +01                  
 Start
           0
 set_grid_done
 set_clumps_done
 Done
 TIME :    3.76449816673994       sec
          50 %           2   769.922119986266     
 	 100 %           4   1559.58435240854     
 Time :   1559.76555809798     
 WOCIVL440M0010NH220/N_atom200E+10_Vexp100E+02_Vemit500E+02_tauD000E+00_Vran500E
 +01                  
 Start
           0
 set_grid_done
 set_clumps_done
 Done
 TIME :    3.36903620185331       sec
          50 %           4   683.259537952952     
 	 100 %           2   1369.81026750850     
 Time :   1369.99292559829     
 WOCIVL440M0010NH220/N_atom200E+10_Vexp200E+02_Vemit500E+02_tauD000E+00_Vran500E
 +01                  
 Start
           0
 set_grid_done
 set_clumps_done
 Done
 TIME :    3.17295004427433       sec
          50 %           1   458.355976860505     
 	 100 %           2   922.606016078498     
 Time :   922.788159644231     
 WOCIVL440M0010NH220/N_atom200E+10_Vexp300E+02_Vemit500E+02_tauD000E+00_Vran500E
 +01                  
 Start
           0
 set_grid_done
 set_clumps_done
 Done
 TIME :    3.51477825595066       sec
          50 %           4   411.504954298027     
 	 100 %           4   821.914504378103     
 Time :   822.105893812142     
 WOCIVL440M0010NH220/N_atom200E+10_Vexp400E+02_Vemit500E+02_tauD000E+00_Vran500E
 +01                  
 Start
           0
 set_grid_done
 set_clumps_done
 Done
 TIME :    3.83553045708686       sec
          50 %           1   381.463250445202     
 	 100 %           3   757.853893578053     
 Time :   758.049157358240     
 WOCIVL440M0010NH220/N_atom200E+10_Vexp500E+02_Vemit500E+02_tauD000E+00_Vran500E
 +01                  
 Start
           0
 set_grid_done
 set_clumps_done
 Done
 TIME :    3.83425100427121       sec
          50 %           3   376.893757302780     
 	 100 %           3   747.156849984080     
 Time :   747.349778892938     
 WOCIVL440M0010NH220/N_atom200E+10_Vexp600E+02_Vemit500E+02_tauD000E+00_Vran500E
 +01                  
 Start
           0
 set_grid_done
 set_clumps_done
 Done
 TIME :    3.84016653615981       sec
          50 %           3   359.220558440313     
 	 100 %           1   722.228453134187     
 Time :   722.423323580064     
 WOCIVL440M0010NH220/N_atom200E+10_Vexp700E+02_Vemit500E+02_tauD000E+00_Vran500E
 +01                  
 Start
           0
 set_grid_done
 set_clumps_done
 Done
 TIME :    3.83829782716930       sec
          50 %           4   355.793410154060     
 	 100 %           4   703.097242162563     
 Time :   703.271509533282     
 WOCIVL440M0010NH220/N_atom200E+10_Vexp800E+02_Vemit500E+02_tauD000E+00_Vran500E
 +01                  
 Start
           0
 set_grid_done
 set_clumps_done
 Done
 TIME :    2.33909442648292       sec
          50 %           1   340.175389111042     
 	 100 %           2   679.223397010937     
 Time :   679.413179762196     
 WOCIVL440M0010NH220/N_atom200E+10_Vexp900E+02_Vemit500E+02_tauD000E+00_Vran500E
 +01                  
 Start
           0
 set_grid_done
 set_clumps_done
 Done
 TIME :    3.84377025999129       sec
          50 %           4   329.812178578228     
 	 100 %           3   654.849010981619     
 Time :   655.050869219936     
 WOCIVL440M0010NH220/N_atom200E+10_Vexp100E+03_Vemit500E+02_tauD000E+00_Vran500E
 +01                  
 Start
           0
 set_grid_done
 set_clumps_done
 Done
 TIME :    3.83992342557758       sec
          50 %           3   312.314607001841     
 	 100 %           3   621.181308110710     
 Time :   621.372316412628     
 WOCIVL440M0010NH220/N_atom200E+10_Vexp200E+03_Vemit500E+02_tauD000E+00_Vran500E
 +01                  
 Start
           0
 set_grid_done
 set_clumps_done
 Done
 TIME :    3.83477084850892       sec
          50 %           4   251.318225837778     
 	 100 %           1   499.355318951420     
 Time :   499.547465639189     
 WOCIVL440M0010NH220/N_atom200E+10_Vexp300E+03_Vemit500E+02_tauD000E+00_Vran500E
 +01                  
 Start
           0
 set_grid_done
 set_clumps_done
 Done
 TIME :    3.83974440675229       sec
          50 %           2   216.215000484604     
 	 100 %           2   429.498080960475     
 Time :   429.692575735040     
 WOCIVL440M0010NH220/N_atom200E+10_Vexp500E+01_Vemit500E+02_tauD000E+00_Vran500E
 +01                  
 Start
           0
 set_grid_done
 set_clumps_done
 Done
 TIME :    3.82725631864741       sec
          50 %           2   1197.23579976475     
 	 100 %           2   2398.59114965890     
 Time :   2398.78199610487     
 WOCIVL440M0010NH220/N_atom200E+10_Vexp100E+02_Vemit600E+02_tauD000E+00_Vran118E
 +01                  
 Start
           0
 set_grid_done
 set_clumps_done
 Done
 TIME :    4.03886207519099       sec
          50 %           1   399.916108927224     
 	 100 %           1   797.318849804811     
 Time :   797.507089463994     
 WOCIVL440M0010NH220/N_atom200E+10_Vexp200E+02_Vemit600E+02_tauD000E+00_Vran118E
 +01                  
 Start
           0
 set_grid_done
 set_clumps_done
 Done
 TIME :    3.84581556357443       sec
          50 %           2   346.992533038370     
 	 100 %           4   691.337911252864     
 Time :   691.525796821807     
 WOCIVL440M0010NH220/N_atom200E+10_Vexp300E+02_Vemit600E+02_tauD000E+00_Vran118E
 +01                  
 Start
           0
 set_grid_done
 set_clumps_done
 Done
 TIME :    3.85576802957803       sec
          50 %           2   327.091421878431     
 	 100 %           4   645.171010414604     
 Time :   645.358222899027     
 WOCIVL440M0010NH220/N_atom200E+10_Vexp400E+02_Vemit600E+02_tauD000E+00_Vran118E
 +01                  
 Start
           0
 set_grid_done
 set_clumps_done
 Done
 TIME :    3.82965077273548       sec
          50 %           3   309.226198258810     
 	 100 %           4   621.470727187581     
 Time :   621.665477686096     
 WOCIVL440M0010NH220/N_atom200E+10_Vexp500E+02_Vemit600E+02_tauD000E+00_Vran118E
 +01                  
 Start
           0
 set_grid_done
 set_clumps_done
 Done
 TIME :    3.83755319751799       sec
          50 %           2   309.038334231358     
 	 100 %           3   613.462987593841     
 Time :   613.649575385265     
 WOCIVL440M0010NH220/N_atom200E+10_Vexp600E+02_Vemit600E+02_tauD000E+00_Vran118E
 +01                  
 Start
           0
 set_grid_done
 set_clumps_done
 Done
 TIME :    3.82610029960051       sec
          50 %           2   305.121016017161     
 	 100 %           4   606.718815378845     
 Time :   606.912367758807     
 WOCIVL440M0010NH220/N_atom200E+10_Vexp700E+02_Vemit600E+02_tauD000E+00_Vran118E
 +01                  
 Start
           0
 set_grid_done
 set_clumps_done
 Done
 TIME :    3.85203665401787       sec
          50 %           2   309.793868826237     
 	 100 %           4   611.348900881596     
 Time :   611.535129121970     
 WOCIVL440M0010NH220/N_atom200E+10_Vexp800E+02_Vemit600E+02_tauD000E+00_Vran118E
 +01                  
 Start
           0
 set_grid_done
 set_clumps_done
 Done
 TIME :    3.83730051899329       sec
          50 %           4   305.445137849078     
 	 100 %           1   605.661342248786     
 Time :   605.861370061059     
 WOCIVL440M0010NH220/N_atom200E+10_Vexp900E+02_Vemit600E+02_tauD000E+00_Vran118E
 +01                  
 Start
           0
 set_grid_done
 set_clumps_done
 Done
 TIME :    3.84776220936328       sec
          50 %           3   304.139812254347     
 	 100 %           2   606.378354977351     
 Time :   606.563650791999     
 WOCIVL440M0010NH220/N_atom200E+10_Vexp100E+03_Vemit600E+02_tauD000E+00_Vran118E
 +01                  
 Start
           0
 set_grid_done
 set_clumps_done
 Done
 TIME :    3.84192062774673       sec
          50 %           3   298.852424263023     
 	 100 %           3   598.110332960263     
 Time :   598.293071562424     
 WOCIVL440M0010NH220/N_atom200E+10_Vexp200E+03_Vemit600E+02_tauD000E+00_Vran118E
 +01                  
 Start
           0
 set_grid_done
 set_clumps_done
 Done
 TIME :    3.83864067634568       sec
          50 %           3   274.063057246618     
 	 100 %           2   541.915979426354     
 Time :   542.103618317749     
 WOCIVL440M0010NH220/N_atom200E+10_Vexp300E+03_Vemit600E+02_tauD000E+00_Vran118E
 +01                  
 Start
           0
 set_grid_done
 set_clumps_done
 Done
 TIME :    3.85126546351239       sec
          50 %           3   243.667327303905     
 	 100 %           3   486.868190459907     
 Time :   487.059922663029     
 WOCIVL440M0010NH220/N_atom200E+10_Vexp500E+01_Vemit600E+02_tauD000E+00_Vran118E
 +01                  
 Start
           0
 set_grid_done
 set_clumps_done
 Done
 TIME :    3.84119878057390       sec
          50 %           1   500.434902079403     
 	 100 %           1   970.306266637985     
 Time :   970.487434274983     
 WOCIVL440M0010NH220/N_atom200E+10_Vexp100E+02_Vemit600E+02_tauD000E+00_Vran300E
 +01                  
 Start
           0
 set_grid_done
 set_clumps_done
 Done
 TIME :    3.82377964491025       sec
          50 %           2   497.511428465135     
 	 100 %           4   989.956015175674     
 Time :   990.142402878031     
 WOCIVL440M0010NH220/N_atom200E+10_Vexp200E+02_Vemit600E+02_tauD000E+00_Vran300E
 +01                  
 Start
           0
 set_grid_done
 set_clumps_done
 Done
 TIME :    3.81134928623214       sec
          50 %           1   369.892124678940     
 	 100 %           2   720.216794965789     
 Time :   720.406267779879     
 WOCIVL440M0010NH220/N_atom200E+10_Vexp300E+02_Vemit600E+02_tauD000E+00_Vran300E
 +01                  
 Start
           0
 set_grid_done
 set_clumps_done
 Done
 TIME :    3.81722611468285       sec
          50 %           2   312.640530795790     
 	 100 %           1   628.108912581112     
 Time :   628.293872569688     
 WOCIVL440M0010NH220/N_atom200E+10_Vexp400E+02_Vemit600E+02_tauD000E+00_Vran300E
 +01                  
 Start
           0
 set_grid_done
 set_clumps_done
 Done
 TIME :    3.81281322846189       sec
          50 %           1   303.976089020260     
 	 100 %           1   594.953368877992     
 Time :   595.141617474146     
 WOCIVL440M0010NH220/N_atom200E+10_Vexp500E+02_Vemit600E+02_tauD000E+00_Vran300E
 +01                  
 Start
           0
 set_grid_done
 set_clumps_done
 Done
 TIME :    3.80850947881117       sec
          50 %           4   290.628412235528     
 	 100 %           2   558.494125306141     
 Time :   558.688621473033     
 WOCIVL440M0010NH220/N_atom200E+10_Vexp600E+02_Vemit600E+02_tauD000E+00_Vran300E
 +01                  
 Start
           0
 set_grid_done
 set_clumps_done
 Done
 TIME :    3.80196232069284       sec
          50 %           3   291.511654954404     
 	 100 %           1   570.012730908114     
 Time :   570.203461393714     
 WOCIVL440M0010NH220/N_atom200E+10_Vexp700E+02_Vemit600E+02_tauD000E+00_Vran300E
 +01                  
 Start
           0
 set_grid_done
 set_clumps_done
 Done
 TIME :    3.81058087106794       sec
          50 %           2   277.343526955228     
 	 100 %           4   562.419076083694     
 Time :   562.610790983774     
 WOCIVL440M0010NH220/N_atom200E+10_Vexp800E+02_Vemit600E+02_tauD000E+00_Vran300E
 +01                  
 Start
           0
 set_grid_done
 set_clumps_done
 Done
 TIME :    3.81506147608161       sec
          50 %           2   279.889851492830     
 	 100 %           1   552.062089076731     
 Time :   552.253020382952     
 WOCIVL440M0010NH220/N_atom200E+10_Vexp900E+02_Vemit600E+02_tauD000E+00_Vran300E
 +01                  
 Start
           0
 set_grid_done
 set_clumps_done
 Done
 TIME :    3.80272351251915       sec
          50 %           1   255.612993828021     
 	 100 %           1   525.339050310664     
 Time :   525.539214470889     
 WOCIVL440M0010NH220/N_atom200E+10_Vexp100E+03_Vemit600E+02_tauD000E+00_Vran300E
 +01                  
 Start
           0
 set_grid_done
 set_clumps_done
 Done
 TIME :    3.81532560568303       sec
          50 %           2   266.714997843374     
 	 100 %           2   524.958427615929     
 Time :   525.122875020839     
 WOCIVL440M0010NH220/N_atom200E+10_Vexp200E+03_Vemit600E+02_tauD000E+00_Vran300E
 +01                  
 Start
           0
 set_grid_done
 set_clumps_done
 Done
 TIME :    2.13860267680138       sec
          50 %           4   229.586271138396     
 	 100 %           3   459.120402401779     
 Time :   459.308483010158     
 WOCIVL440M0010NH220/N_atom200E+10_Vexp300E+03_Vemit600E+02_tauD000E+00_Vran300E
 +01                  
 Start
           0
 set_grid_done
 set_clumps_done
 Done
 TIME :    3.80324828578159       sec
          50 %           4   205.678432554472     
 	 100 %           2   403.451260262169     
 Time :   403.635478155687     
 WOCIVL440M0010NH220/N_atom200E+10_Vexp500E+01_Vemit600E+02_tauD000E+00_Vran300E
 +01                  
 Start
           0
 set_grid_done
 set_clumps_done
 Done
 TIME :    3.59984398027882       sec
          50 %           2   741.141811069101     
 	 100 %           1   1472.26654060185     
 Time :   1472.45258942246     
 WOCIVL440M0010NH220/N_atom200E+10_Vexp100E+02_Vemit600E+02_tauD000E+00_Vran500E
 +01                  
 Start
           0
 set_grid_done
 set_clumps_done
 Done
 TIME :    3.82401944929734       sec
          50 %           2   638.345631333068     
 	 100 %           3   1258.03775916295     
 Time :   1258.23078639852     
 WOCIVL440M0010NH220/N_atom200E+10_Vexp200E+02_Vemit600E+02_tauD000E+00_Vran500E
 +01                  
 Start
           0
 set_grid_done
 set_clumps_done
 Done
 TIME :    3.81449835980311       sec
          50 %           4   434.616671880241     
 	 100 %           2   867.480438067112     
 Time :   867.670731104910     
 WOCIVL440M0010NH220/N_atom200E+10_Vexp300E+02_Vemit600E+02_tauD000E+00_Vran500E
 +01                  
 Start
           0
 set_grid_done
 set_clumps_done
 Done
 TIME :    3.82954651536420       sec
          50 %           1   362.554892238230     
 	 100 %           3   730.057784596924     
 Time :   730.227946352679     
 WOCIVL440M0010NH220/N_atom200E+10_Vexp400E+02_Vemit600E+02_tauD000E+00_Vran500E
 +01                  
 Start
           0
 set_grid_done
 set_clumps_done
 Done
 TIME :    3.87588785961270       sec
          50 %           4   338.764676610474     
 	 100 %           1   669.753670671489     
 Time :   669.951413546223     
 WOCIVL440M0010NH220/N_atom200E+10_Vexp500E+02_Vemit600E+02_tauD000E+00_Vran500E
 +01                  
 Start
           0
 set_grid_done
 set_clumps_done
 Done
 TIME :    3.79467405937612       sec
          50 %           1   327.060694481712     
 	 100 %           4   643.558929003309     
 Time :   643.744270233903     
 WOCIVL440M0010NH220/N_atom200E+10_Vexp600E+02_Vemit600E+02_tauD000E+00_Vran500E
 +01                  
 Start
           0
 set_grid_done
 set_clumps_done
 Done
 TIME :    3.81937114708126       sec
          50 %           3   306.048367802985     
 	 100 %           1   619.472001729533     
 Time :   619.660597372800     
 WOCIVL440M0010NH220/N_atom200E+10_Vexp700E+02_Vemit600E+02_tauD000E+00_Vran500E
 +01                  
 Start
           0
 set_grid_done
 set_clumps_done
 Done
 TIME :    3.80516479536891       sec
          50 %           4   301.930833470542     
 	 100 %           4   604.786460903473     
 Time :   604.977780004032     
 WOCIVL440M0010NH220/N_atom200E+10_Vexp800E+02_Vemit600E+02_tauD000E+00_Vran500E
 +01                  
 Start
           0
 set_grid_done
 set_clumps_done
 Done
 TIME :    3.80924388952553       sec
          50 %           1   300.540386085398     
 	 100 %           1   599.206653513480     
 Time :   599.410372444894     
 WOCIVL440M0010NH220/N_atom200E+10_Vexp900E+02_Vemit600E+02_tauD000E+00_Vran500E
 +01                  
 Start
           0
 set_grid_done
 set_clumps_done
 Done
 TIME :    3.98533540451899       sec
          50 %           4   285.910541488323     
 	 100 %           4   552.553628428373     
 Time :   552.755221804604     
 WOCIVL440M0010NH220/N_atom200E+10_Vexp100E+03_Vemit600E+02_tauD000E+00_Vran500E
 +01                  
 Start
           0
 set_grid_done
 set_clumps_done
 Done
 TIME :    3.80861565982923       sec
          50 %           4   277.858877827413     
 	 100 %           2   556.394689698704     
 Time :   556.590567471925     
 WOCIVL440M0010NH220/N_atom200E+10_Vexp200E+03_Vemit600E+02_tauD000E+00_Vran500E
 +01                  
 Start
           0
 set_grid_done
 set_clumps_done
 Done
 TIME :    3.80251352442428       sec
          50 %           2   236.590193277225     
 	 100 %           3   463.191805057228     
 Time :   463.390839317348     
 WOCIVL440M0010NH220/N_atom200E+10_Vexp300E+03_Vemit600E+02_tauD000E+00_Vran500E
 +01                  
 Start
           0
 set_grid_done
 set_clumps_done
 Done
 TIME :    3.80453155608848       sec
          50 %           3   203.105424879119     
 	 100 %           3   400.698738180101     
 Time :   400.888429488055     
 WOCIVL440M0010NH220/N_atom200E+10_Vexp500E+01_Vemit600E+02_tauD000E+00_Vran500E
 +01                  
 Start
           0
 set_grid_done
 set_clumps_done
 Done
 TIME :    3.57820660667494       sec
          50 %           3   1018.53460052004     
 	 100 %           2   2013.88469914114     
 Time :   2014.05720145907     
 WOCIVL440M0010NH220/N_atom200E+10_Vexp100E+02_Vemit700E+02_tauD000E+00_Vran118E
 +01                  
 Start
           0
 set_grid_done
 set_clumps_done
 Done
 TIME :    3.79833185579628       sec
          50 %           2   340.207116531674     
 	 100 %           2   679.925459178165     
 Time :   680.116073915269     
 WOCIVL440M0010NH220/N_atom200E+10_Vexp200E+02_Vemit700E+02_tauD000E+00_Vran118E
 +01                  
 Start
           0
 set_grid_done
 set_clumps_done
 Done
 TIME :    3.64381033694372       sec
          50 %           4   311.542568774428     
 	 100 %           1   614.424675149377     
 Time :   614.613801347092     
 WOCIVL440M0010NH220/N_atom200E+10_Vexp300E+02_Vemit700E+02_tauD000E+00_Vran118E
 +01                  
 Start
           0
 set_grid_done
 set_clumps_done
 Done
 TIME :    3.83119498705491       sec
          50 %           3   294.023147402331     
 	 100 %           1   582.614559470676     
 Time :   582.787697162014     
 WOCIVL440M0010NH220/N_atom200E+10_Vexp400E+02_Vemit700E+02_tauD000E+00_Vran118E
 +01                  
 Start
           0
 set_grid_done
 set_clumps_done
 Done
 TIME :    3.82221694616601       sec
          50 %           3   286.553437776398     
 	 100 %           2   571.200395955238     
 Time :   571.373502016999     
 WOCIVL440M0010NH220/N_atom200E+10_Vexp500E+02_Vemit700E+02_tauD000E+00_Vran118E
 +01                  
 Start
           0
 set_grid_done
 set_clumps_done
 Done
 TIME :    3.81578084826469       sec
          50 %           1   279.998491258360     
 	 100 %           1   552.459056793246     
 Time :   552.640802605543     
 WOCIVL440M0010NH220/N_atom200E+10_Vexp600E+02_Vemit700E+02_tauD000E+00_Vran118E
 +01                  
 Start
           0
 set_grid_done
 set_clumps_done
 Done
 TIME :    3.81398842390627       sec
          50 %           4   277.551091819536     
 	 100 %           1   554.950816113036     
 Time :   555.140540974680     
 WOCIVL440M0010NH220/N_atom200E+10_Vexp700E+02_Vemit700E+02_tauD000E+00_Vran118E
 +01                  
 Start
           0
 set_grid_done
 set_clumps_done
 Done
 TIME :    3.84704171540216       sec
          50 %           4   281.981335723773     
 	 100 %           1   561.221247831360     
 Time :   561.410585579928     
 WOCIVL440M0010NH220/N_atom200E+10_Vexp800E+02_Vemit700E+02_tauD000E+00_Vran118E
 +01                  
 Start
           0
 set_grid_done
 set_clumps_done
 Done
 TIME :    3.83571023726836       sec
          50 %           3   280.938017247245     
 	 100 %           1   552.925261239056     
 Time :   553.127817058004     
 WOCIVL440M0010NH220/N_atom200E+10_Vexp900E+02_Vemit700E+02_tauD000E+00_Vran118E
 +01                  
 Start
           0
 set_grid_done
 set_clumps_done
 Done
 TIME :    3.82930354541168       sec
          50 %           4   280.029326589312     
 	 100 %           3   560.394832823426     
 Time :   560.570738907438     
 WOCIVL440M0010NH220/N_atom200E+10_Vexp100E+03_Vemit700E+02_tauD000E+00_Vran118E
 +01                  
 Start
           0
 set_grid_done
 set_clumps_done
 Done
 TIME :    2.23545685363933       sec
          50 %           1   279.294598554261     
 	 100 %           4   554.062447106466     
 Time :   554.260901719332     
 WOCIVL440M0010NH220/N_atom200E+10_Vexp200E+03_Vemit700E+02_tauD000E+00_Vran118E
 +01                  
 Start
           0
 set_grid_done
 set_clumps_done
 Done
 TIME :    2.26238634856418       sec
          50 %           2   255.624398474116     
 	 100 %           4   652.875898886006     
 Time :   653.087937792763     
 WOCIVL440M0010NH220/N_atom200E+10_Vexp300E+03_Vemit700E+02_tauD000E+00_Vran118E
 +01                  
 Start
           0
 set_grid_done
 set_clumps_done
 Done
 TIME :    3.82601350499317       sec
          50 %           3   227.737826187629     
 	 100 %           2   447.579185482115     
 Time :   447.770365369041     
 WOCIVL440M0010NH220/N_atom200E+10_Vexp500E+01_Vemit700E+02_tauD000E+00_Vran118E
 +01                  
 Start
           0
 set_grid_done
 set_clumps_done
 Done
 TIME :    3.82780833402649       sec
          50 %           1   539.813908768818     
 	 100 %           1   1296.73903205432     
 Time :   1297.27909066388     
 WOCIVL440M0010NH220/N_atom200E+10_Vexp100E+02_Vemit700E+02_tauD000E+00_Vran300E
 +01                  
 Start
           0
 set_grid_done
 set_clumps_done
 Done
 TIME :    7.88399758050218       sec
          50 %           3   769.173818979412     
 	 100 %           1   1221.44003730267     
 Time :   1221.63699528156     
 WOCIVL440M0010NH220/N_atom200E+10_Vexp200E+02_Vemit700E+02_tauD000E+00_Vran300E
 +01                  
 Start
           0
 set_grid_done
 set_clumps_done
 Done
 TIME :    2.98265649564564       sec
          50 %           3   338.302334588952     
 	 100 %           1   671.999415136874     
 Time :   672.187278373167     
 WOCIVL440M0010NH220/N_atom200E+10_Vexp300E+02_Vemit700E+02_tauD000E+00_Vran300E
 +01                  
 Start
           0
 set_grid_done
 set_clumps_done
 Done
 TIME :    3.82174701616168       sec
          50 %           1   305.255733835045     
 	 100 %           4   600.092308290303     
 Time :   600.278844243381     
 WOCIVL440M0010NH220/N_atom200E+10_Vexp400E+02_Vemit700E+02_tauD000E+00_Vran300E
 +01                  
 Start
           0
 set_grid_done
 set_clumps_done
 Done
 TIME :    3.82401574216783       sec
          50 %           1   290.837382872123     
 	 100 %           4   568.566012385301     
 Time :   568.775236472022     
 WOCIVL440M0010NH220/N_atom200E+10_Vexp500E+02_Vemit700E+02_tauD000E+00_Vran300E
 +01                  
 Start
           0
 set_grid_done
 set_clumps_done
 Done
 TIME :    4.01254888763651       sec
          50 %           3   270.510598898400     
 	 100 %           3   534.854422607925     
 Time :   535.041447757278     
 WOCIVL440M0010NH220/N_atom200E+10_Vexp600E+02_Vemit700E+02_tauD000E+00_Vran300E
 +01                  
 Start
           0
 set_grid_done
 set_clumps_done
 Done
 TIME :    3.83239546045661       sec
          50 %           2   259.848017543554     
 	 100 %           3   511.230596082285     
 Time :   511.429240664933     
 WOCIVL440M0010NH220/N_atom200E+10_Vexp700E+02_Vemit700E+02_tauD000E+00_Vran300E
 +01                  
 Start
           0
 set_grid_done
 set_clumps_done
 Done
 TIME :    3.81410459382460       sec
          50 %           1   259.924857461359     
 	 100 %           1   519.370014199056     
 Time :   519.561769866385     
 WOCIVL440M0010NH220/N_atom200E+10_Vexp800E+02_Vemit700E+02_tauD000E+00_Vran300E
 +01                  
 Start
           0
 set_grid_done
 set_clumps_done
 Done
 TIME :    3.79946734616533       sec
          50 %           2   259.380360877607     
 	 100 %           3   514.655565502122     
 Time :   514.842914865352     
 WOCIVL440M0010NH220/N_atom200E+10_Vexp900E+02_Vemit700E+02_tauD000E+00_Vran300E
 +01                  
 Start
           0
 set_grid_done
 set_clumps_done
 Done
 TIME :    3.80307241296396       sec
          50 %           4   256.414265212603     
 	 100 %           4   518.810721627437     
 Time :   519.002299187239     
 WOCIVL440M0010NH220/N_atom200E+10_Vexp100E+03_Vemit700E+02_tauD000E+00_Vran300E
 +01                  
 Start
           0
 set_grid_done
 set_clumps_done
 Done
 TIME :    3.96404996747151       sec
          50 %           2   252.628381077666     
 	 100 %           4   500.885568241589     
 Time :   501.076874287333     
 WOCIVL440M0010NH220/N_atom200E+10_Vexp200E+03_Vemit700E+02_tauD000E+00_Vran300E
 +01                  
 Start
           0
 set_grid_done
 set_clumps_done
 Done
 TIME :    3.80883953347802       sec
          50 %           3   228.451049460098     
 	 100 %           2   450.399581023026     
 Time :   450.586423957255     
 WOCIVL440M0010NH220/N_atom200E+10_Vexp300E+03_Vemit700E+02_tauD000E+00_Vran300E
 +01                  
 Start
           0
 set_grid_done
 set_clumps_done
 Done
 TIME :    3.80031547229737       sec
          50 %           4   197.716136514675     
 	 100 %           1   402.004753029905     
 Time :   402.198340395931     
 WOCIVL440M0010NH220/N_atom200E+10_Vexp500E+01_Vemit700E+02_tauD000E+00_Vran300E
 +01                  
 Start
           0
 set_grid_done
 set_clumps_done
 Done
 TIME :    3.87775445450097       sec
          50 %           1   659.769253850449     
 	 100 %           3   1297.51426779665     
 Time :   1297.69200249296     
 WOCIVL440M0010NH220/N_atom200E+10_Vexp100E+02_Vemit700E+02_tauD000E+00_Vran500E
 +01                  
 Start
           0
 set_grid_done
 set_clumps_done
 Done
 TIME :    3.27394903032109       sec
          50 %           1   550.661734470632     
 	 100 %           1   1107.83937809663     
 Time :   1108.01496867323     
 WOCIVL440M0010NH220/N_atom200E+10_Vexp200E+02_Vemit700E+02_tauD000E+00_Vran500E
 +01                  
 Start
           0
 set_grid_done
 set_clumps_done
 Done
 TIME :    2.31601254828274       sec
          50 %           1   374.800875084940     
 	 100 %           1   740.680671444163     
 Time :   740.854172824416     
 WOCIVL440M0010NH220/N_atom200E+10_Vexp300E+02_Vemit700E+02_tauD000E+00_Vran500E
 +01                  
 Start
           0
 set_grid_done
 set_clumps_done
 Done
 TIME :    3.93898781854659       sec
          50 %           1   326.871197240893     
 	 100 %           1   646.056924061384     
 Time :   646.239263017196     
 WOCIVL440M0010NH220/N_atom200E+10_Vexp400E+02_Vemit700E+02_tauD000E+00_Vran500E
 +01                  
 Start
           0
 set_grid_done
 set_clumps_done
 Done
 TIME :    3.78622565092519       sec
          50 %           1   269.518400746398     
 	 100 %           4   508.796312100254     
 Time :   508.962685602717     
 WOCIVL440M0010NH220/N_atom200E+10_Vexp500E+02_Vemit700E+02_tauD000E+00_Vran500E
 +01                  
 Start
           0
 set_grid_done
 set_clumps_done
 Done
 TIME :    2.05439034802839       sec
          50 %           2   243.284154039808     
 	 100 %           2   487.286714656744     
 Time :   487.459679931868     
 WOCIVL440M0010NH220/N_atom200E+10_Vexp600E+02_Vemit700E+02_tauD000E+00_Vran500E
 +01                  
 Start
           0
 set_grid_done
 set_clumps_done
 Done
 TIME :    3.15495325485244       sec
          50 %           4   225.897227215115     
 	 100 %           2   431.039748563431     
 Time :   431.191253390163     
 WOCIVL440M0010NH220/N_atom200E+10_Vexp700E+02_Vemit700E+02_tauD000E+00_Vran500E
 +01                  
 Start
           0
 set_grid_done
 set_clumps_done
 Done
 TIME :    3.68267654580995       sec
          50 %           3   208.873436611611     
 	 100 %           4   425.231351645663     
 Time :   425.397608036641     
 WOCIVL440M0010NH220/N_atom200E+10_Vexp800E+02_Vemit700E+02_tauD000E+00_Vran500E
 +01                  
 Start
           0
 set_grid_done
 set_clumps_done
 Done
 TIME :    3.34847903437912       sec
          50 %           4   224.041257294826     
 	 100 %           4   443.767976962496     
 Time :   443.943626460619     
 WOCIVL440M0010NH220/N_atom200E+10_Vexp900E+02_Vemit700E+02_tauD000E+00_Vran500E
 +01                  
 Start
           0
 set_grid_done
 set_clumps_done
 Done
 TIME :    3.69330002274364       sec
          50 %           3   217.752862951718     
 	 100 %           4   419.353320074733     
 Time :   419.512830380816     
 WOCIVL440M0010NH220/N_atom200E+10_Vexp100E+03_Vemit700E+02_tauD000E+00_Vran500E
 +01                  
 Start
           0
 set_grid_done
 set_clumps_done
 Done
 TIME :    3.69131332077086       sec
          50 %           4   202.056630824693     
 	 100 %           3   404.055016753729     
 Time :   404.207740658894     
 WOCIVL440M0010NH220/N_atom200E+10_Vexp200E+03_Vemit700E+02_tauD000E+00_Vran500E
 +01                  
 Start
           0
 set_grid_done
 set_clumps_done
 Done
 TIME :    2.41300145071000       sec
          50 %           2   177.174245133996     
 	 100 %           1   367.855818505865     
 Time :   368.012747964822     
 WOCIVL440M0010NH220/N_atom200E+10_Vexp300E+03_Vemit700E+02_tauD000E+00_Vran500E
 +01                  
 Start
           0
 set_grid_done
 set_clumps_done
 Done
 TIME :    2.04900870751590       sec
          50 %           3   172.530801866204     
 	 100 %           3   316.797073657159     
 Time :   316.941391133238     
 WOCIVL440M0010NH220/N_atom200E+10_Vexp500E+01_Vemit700E+02_tauD000E+00_Vran500E
 +01                  
 Start
           0
 set_grid_done
 set_clumps_done
 Done
 TIME :    2.05271515576169       sec
          50 %           2   874.745752691291     
 	 100 %           2   1724.39565839199     
 Time :   1724.57319903094     
 WOCIVL440M0010NH220/N_atom200E+10_Vexp100E+02_Vemit800E+02_tauD000E+00_Vran118E
 +01                  
 Start
           0
 set_grid_done
 set_clumps_done
 Done
 TIME :    3.85275147762150       sec
          50 %           4   283.003430849873     
 	 100 %           1   570.150950887706     
 Time :   570.332532749511     
 WOCIVL440M0010NH220/N_atom200E+10_Vexp200E+02_Vemit800E+02_tauD000E+00_Vran118E
 +01                  
 Start
           0
 set_grid_done
 set_clumps_done
 Done
 TIME :    3.76911291573197       sec
          50 %           1   261.929675286636     
 	 100 %           2   513.054866014048     
 Time :   513.223827136680     
 WOCIVL440M0010NH220/N_atom200E+10_Vexp300E+02_Vemit800E+02_tauD000E+00_Vran118E
 +01                  
 Start
           0
 set_grid_done
 set_clumps_done
 Done
 TIME :    2.10061514144763       sec
          50 %           2   243.935268259142     
 	 100 %           2   473.679040689021     
 Time :   473.842953732237     
 WOCIVL440M0010NH220/N_atom200E+10_Vexp400E+02_Vemit800E+02_tauD000E+00_Vran118E
 +01                  
 Start
           0
 set_grid_done
 set_clumps_done
 Done
 TIME :    2.09811634989455       sec
          50 %           1   231.267208287958     
 	 100 %           4   455.922168158460     
 Time :   456.100972800981     
 WOCIVL440M0010NH220/N_atom200E+10_Vexp500E+02_Vemit800E+02_tauD000E+00_Vran118E
 +01                  
 Start
           0
 set_grid_done
 set_clumps_done
 Done
 TIME :    3.77384773176163       sec
          50 %           2   224.789721661247     
 	 100 %           1   436.105763141531     
 Time :   436.278162224218     
 WOCIVL440M0010NH220/N_atom200E+10_Vexp600E+02_Vemit800E+02_tauD000E+00_Vran118E
 +01                  
 Start
           0
 set_grid_done
 set_clumps_done
 Done
 TIME :    2.12957363901660       sec
          50 %           1   236.260107952636     
 	 100 %           1   464.515541876201     
 Time :   464.710123915691     
 WOCIVL440M0010NH220/N_atom200E+10_Vexp700E+02_Vemit800E+02_tauD000E+00_Vran118E
 +01                  
 Start
           0
 set_grid_done
 set_clumps_done
 Done
 TIME :    3.14460041001439       sec
          50 %           3   226.753747881856     
 	 100 %           1   470.900789334904     
 Time :   471.072457313072     
 WOCIVL440M0010NH220/N_atom200E+10_Vexp800E+02_Vemit800E+02_tauD000E+00_Vran118E
 +01                  
 Start
           0
 set_grid_done
 set_clumps_done
 Done
 TIME :    2.80052116606385       sec
          50 %           2   232.392667189240     
 	 100 %           2   455.349986428861     
 Time :   455.527410196606     
 WOCIVL440M0010NH220/N_atom200E+10_Vexp900E+02_Vemit800E+02_tauD000E+00_Vran118E
 +01                  
 Start
           0
 set_grid_done
 set_clumps_done
 Done
 TIME :    2.11158891208470       sec
          50 %           3   209.746001901571     
 	 100 %           4   445.945072751492     
 Time :   446.128950771410     
 WOCIVL440M0010NH220/N_atom200E+10_Vexp100E+03_Vemit800E+02_tauD000E+00_Vran118E
 +01                  
 Start
           0
 set_grid_done
 set_clumps_done
 Done
 TIME :    3.77454267768189       sec
          50 %           4   225.070785466582     
 	 100 %           1   428.280850998126     
 Time :   428.471927910112     
 WOCIVL440M0010NH220/N_atom200E+10_Vexp200E+03_Vemit800E+02_tauD000E+00_Vran118E
 +01                  
 Start
           0
 set_grid_done
 set_clumps_done
 Done
 TIME :    3.86255014268681       sec
          50 %           2   213.625956371892     
 	 100 %           1   428.677673860453     
 Time :   428.847239467315     
 WOCIVL440M0010NH220/N_atom200E+10_Vexp300E+03_Vemit800E+02_tauD000E+00_Vran118E
 +01                  
 Start
           0
 set_grid_done
 set_clumps_done
 Done
 TIME :    3.77153530251235       sec
          50 %           3   196.810041771736     
 	 100 %           3   390.170070990920     
 Time :   390.359484583139     
 WOCIVL440M0010NH220/N_atom200E+10_Vexp500E+01_Vemit800E+02_tauD000E+00_Vran118E
 +01                  
 Start
           0
 set_grid_done
 set_clumps_done
 Done
 TIME :    3.78143297554925       sec
          50 %           1   381.256833374035     
 	 100 %           2   759.756551608443     
 Time :   759.940011416562     
 WOCIVL440M0010NH220/N_atom200E+10_Vexp100E+02_Vemit800E+02_tauD000E+00_Vran300E
 +01                  
 Start
           0
 set_grid_done
 set_clumps_done
 Done
 TIME :    3.77923675673082       sec
          50 %           4   358.364075995516     
 	 100 %           4   714.852837669663     
 Time :   715.035929851234     
 WOCIVL440M0010NH220/N_atom200E+10_Vexp200E+02_Vemit800E+02_tauD000E+00_Vran300E
 +01                  
 Start
           0
 set_grid_done
 set_clumps_done
 Done
 TIME :    3.42529745073989       sec
          50 %           2   286.194954625797     
 	 100 %           4   570.868751828559     
 Time :   571.059035208076     
 WOCIVL440M0010NH220/N_atom200E+10_Vexp300E+02_Vemit800E+02_tauD000E+00_Vran300E
 +01                  
 Start
           0
 set_grid_done
 set_clumps_done
 Done
 TIME :    3.90236367564648       sec
          50 %           1   244.476961284410     
 	 100 %           2   496.459009265993     
 Time :   496.634079076350     
 WOCIVL440M0010NH220/N_atom200E+10_Vexp400E+02_Vemit800E+02_tauD000E+00_Vran300E
 +01                  
 Start
           0
 set_grid_done
 set_clumps_done
 Done
 TIME :    3.33145160041749       sec
          50 %           2   243.879862360191     
 	 100 %           2   467.379635816440     
 Time :   467.551369148772     
 WOCIVL440M0010NH220/N_atom200E+10_Vexp500E+02_Vemit800E+02_tauD000E+00_Vran300E
 +01                  
 Start
           0
 set_grid_done
 set_clumps_done
 Done
 TIME :    3.77254445385188       sec
          50 %           4   227.542752437294     
 	 100 %           2   432.142755378038     
 Time :   432.328411284368     
 WOCIVL440M0010NH220/N_atom200E+10_Vexp600E+02_Vemit800E+02_tauD000E+00_Vran300E
 +01                  
 Start
           0
 set_grid_done
 set_clumps_done
 Done
 TIME :    3.77737492090091       sec
          50 %           2   222.609067103360     
 	 100 %           4   453.387320734560     
 Time :   453.569896277972     
 WOCIVL440M0010NH220/N_atom200E+10_Vexp700E+02_Vemit800E+02_tauD000E+00_Vran300E
 +01                  
 Start
           0
 set_grid_done
 set_clumps_done
 Done
 TIME :    3.91074634948745       sec
          50 %           1   219.567617594730     
 	 100 %           1   428.867957710288     
 Time :   429.046255733818     
 WOCIVL440M0010NH220/N_atom200E+10_Vexp800E+02_Vemit800E+02_tauD000E+00_Vran300E
 +01                  
 Start
           0
 set_grid_done
 set_clumps_done
 Done
 TIME :    3.77016264339909       sec
          50 %           3   221.173001132905     
 	 100 %           4   425.836187621113     
 Time :   426.024775269441     
 WOCIVL440M0010NH220/N_atom200E+10_Vexp900E+02_Vemit800E+02_tauD000E+00_Vran300E
 +01                  
 Start
           0
 set_grid_done
 set_clumps_done
 Done
 TIME :    3.78703978285193       sec
          50 %           3   198.915993599221     
 	 100 %           2   408.428638805170     
 Time :   408.612255520653     
 WOCIVL440M0010NH220/N_atom200E+10_Vexp100E+03_Vemit800E+02_tauD000E+00_Vran300E
 +01                  
 Start
           0
 set_grid_done
 set_clumps_done
 Done
 TIME :    3.78015223005787       sec
          50 %           1   209.589502036106     
 	 100 %           4   425.853334491141     
 Time :   426.030413075350     
 WOCIVL440M0010NH220/N_atom200E+10_Vexp200E+03_Vemit800E+02_tauD000E+00_Vran300E
 +01                  
 Start
           0
 set_grid_done
 set_clumps_done
 Done
 TIME :    3.87916890298948       sec
          50 %           1   192.933871397749     
 	 100 %           2   389.844527717680     
 Time :   390.037027133629     
 WOCIVL440M0010NH220/N_atom200E+10_Vexp300E+03_Vemit800E+02_tauD000E+00_Vran300E
 +01                  
 Start
           0
 set_grid_done
 set_clumps_done
 Done
 TIME :    3.76629792526364       sec
          50 %           2   172.031600996386     
 	 100 %           2   337.360436196905     
 Time :   337.542631860822     
 WOCIVL440M0010NH220/N_atom200E+10_Vexp500E+01_Vemit800E+02_tauD000E+00_Vran300E
 +01                  
 Start
           0
 set_grid_done
 set_clumps_done
 Done
 TIME :    3.75770677626133       sec
          50 %           4   576.812808988616     
 	 100 %           2   1113.67960146256     
 Time :   1113.85590334563     
 WOCIVL440M0010NH220/N_atom200E+10_Vexp100E+02_Vemit800E+02_tauD000E+00_Vran500E
 +01                  
 Start
           0
 set_grid_done
 set_clumps_done
 Done
 TIME :    3.86834792187437       sec
          50 %           3   455.953392085154     
 	 100 %           1   940.414779262152     
 Time :   940.606768281199     
 WOCIVL440M0010NH220/N_atom200E+10_Vexp200E+02_Vemit800E+02_tauD000E+00_Vran500E
 +01                  
 Start
           0
 set_grid_done
 set_clumps_done
 Done
 TIME :    3.24716490088031       sec
          50 %           4   347.087256090250     
 	 100 %           3   669.884937534574     
 Time :   670.068439411931     
 WOCIVL440M0010NH220/N_atom200E+10_Vexp300E+02_Vemit800E+02_tauD000E+00_Vran500E
 +01                  
 Start
           0
 set_grid_done
 set_clumps_done
 Done
 TIME :    3.43987491540611       sec
          50 %           2   267.377472305670     
 	 100 %           3   548.136919444893     
 Time :   548.313616726547     
 WOCIVL440M0010NH220/N_atom200E+10_Vexp400E+02_Vemit800E+02_tauD000E+00_Vran500E
 +01                  
 Start
           0
 set_grid_done
 set_clumps_done
 Done
 TIME :    2.12960240291432       sec
          50 %           2   241.828568154946     
 	 100 %           3   487.142071453389     
 Time :   487.324687102810     
 WOCIVL440M0010NH220/N_atom200E+10_Vexp500E+02_Vemit800E+02_tauD000E+00_Vran500E
 +01                  
 Start
           0
 set_grid_done
 set_clumps_done
 Done
 TIME :    3.78466007625684       sec
          50 %           4   256.738474429585     
 	 100 %           3   502.023751037195     
 Time :   502.197480338626     
 WOCIVL440M0010NH220/N_atom200E+10_Vexp600E+02_Vemit800E+02_tauD000E+00_Vran500E
 +01                  
 Start
           0
 set_grid_done
 set_clumps_done
 Done
 TIME :    2.10772246029228       sec
          50 %           3   244.793977260124     
 	 100 %           1   470.363302605227     
 Time :   470.534247484058     
 WOCIVL440M0010NH220/N_atom200E+10_Vexp700E+02_Vemit800E+02_tauD000E+00_Vran500E
 +01                  
 Start
           0
 set_grid_done
 set_clumps_done
 Done
 TIME :    3.87652736064047       sec
          50 %           1   251.666051706765     
 	 100 %           2   480.944435124751     
 Time :   481.129304461647     
 WOCIVL440M0010NH220/N_atom200E+10_Vexp800E+02_Vemit800E+02_tauD000E+00_Vran500E
 +01                  
 Start
           0
 set_grid_done
 set_clumps_done
 Done
 TIME :    3.76486636418849       sec
          50 %           4   244.764910948928     
 	 100 %           2   466.693945551291     
 Time :   466.860234072898     
 WOCIVL440M0010NH220/N_atom200E+10_Vexp900E+02_Vemit800E+02_tauD000E+00_Vran500E
 +01                  
 Start
           0
 set_grid_done
 set_clumps_done
 Done
 TIME :    2.12702807830647       sec
          50 %           3   241.851596943568     
 	 100 %           4   467.805575795937     
 Time :   467.982463017572     
 WOCIVL440M0010NH220/N_atom200E+10_Vexp100E+03_Vemit800E+02_tauD000E+00_Vran500E
 +01                  
 Start
           0
 set_grid_done
 set_clumps_done
 Done
 TIME :    3.86581539595500       sec
          50 %           1   215.583584916778     
 	 100 %           3   425.885950924829     
 Time :   426.034169578459     
 WOCIVL440M0010NH220/N_atom200E+10_Vexp200E+03_Vemit800E+02_tauD000E+00_Vran500E
 +01                  
 Start
           0
 set_grid_done
 set_clumps_done
 Done
 TIME :    2.93014463689178       sec
          50 %           4   182.160752223339     
 	 100 %           1   395.164192970376     
 Time :   395.346739769448     
 WOCIVL440M0010NH220/N_atom200E+10_Vexp300E+03_Vemit800E+02_tauD000E+00_Vran500E
 +01                  
 Start
           0
 set_grid_done
 set_clumps_done
 Done
 TIME :    3.75956207001582       sec
          50 %           3   179.331098059658     
 	 100 %           2   361.823799156584     
 Time :   362.006248070393     
 WOCIVL440M0010NH220/N_atom200E+10_Vexp500E+01_Vemit800E+02_tauD000E+00_Vran500E
 +01                  
 Start
           0
 set_grid_done
 set_clumps_done
 Done
 TIME :    2.34259598748758       sec
          50 %           2   718.909295214340     
 	 100 %           3   1446.78524497803     
 Time :   1446.96518977964     
 WOCIVL440M0010NH220/N_atom200E+10_Vexp100E+02_Vemit900E+02_tauD000E+00_Vran118E
 +01                  
 Start
           0
 set_grid_done
 set_clumps_done
 Done
 TIME :    3.42634648736566       sec
          50 %           3   256.917803836055     
 	 100 %           1   511.173136634752     
 Time :   511.358380571008     
 WOCIVL440M0010NH220/N_atom200E+10_Vexp200E+02_Vemit900E+02_tauD000E+00_Vran118E
 +01                  
 Start
           0
 set_grid_done
 set_clumps_done
 Done
 TIME :    3.83155350573361       sec
          50 %           1   255.954369432293     
 	 100 %           1   501.243544992991     
 Time :   501.433529797010     
 WOCIVL440M0010NH220/N_atom200E+10_Vexp300E+02_Vemit900E+02_tauD000E+00_Vran118E
 +01                  
 Start
           0
 set_grid_done
 set_clumps_done
 Done
 TIME :    3.73887668875977       sec
          50 %           2   206.395622688811     
 	 100 %           4   409.131777982228     
 Time :   409.302057411056     
 WOCIVL440M0010NH220/N_atom200E+10_Vexp400E+02_Vemit900E+02_tauD000E+00_Vran118E
 +01                  
 Start
           0
 set_grid_done
 set_clumps_done
 Done
 TIME :    2.44001040561125       sec
          50 %           2   201.888925158884     
 	 100 %           2   406.480665253010     
 Time :   406.663429353386     
 WOCIVL440M0010NH220/N_atom200E+10_Vexp500E+02_Vemit900E+02_tauD000E+00_Vran118E
 +01                  
 Start
           0
 set_grid_done
 set_clumps_done
 Done
 TIME :    3.76336461072788       sec
          50 %           3   203.904101800639     
 	 100 %           4   398.869336350821     
 Time :   399.034041994717     
 WOCIVL440M0010NH220/N_atom200E+10_Vexp600E+02_Vemit900E+02_tauD000E+00_Vran118E
 +01                  
 Start
           0
 set_grid_done
 set_clumps_done
 Done
 TIME :    2.10149985691532       sec
          50 %           1   178.867891850881     
 	 100 %           4   382.480616095476     
 Time :   382.647751651239     
 WOCIVL440M0010NH220/N_atom200E+10_Vexp700E+02_Vemit900E+02_tauD000E+00_Vran118E
 +01                  
 Start
           0
 set_grid_done
 set_clumps_done
 Done
 TIME :    2.11096360767260       sec
          50 %           3   232.222721681930     
 	 100 %           2   448.765035923105     
 Time :   448.939507270232     
 WOCIVL440M0010NH220/N_atom200E+10_Vexp800E+02_Vemit900E+02_tauD000E+00_Vran118E
 +01                  
 Start
           0
 set_grid_done
 set_clumps_done
 Done
 TIME :    2.08992985729128       sec
          50 %           2   198.025731086731     
 	 100 %           4   384.636205328163     
 Time :   384.801682483405     
 WOCIVL440M0010NH220/N_atom200E+10_Vexp900E+02_Vemit900E+02_tauD000E+00_Vran118E
 +01                  
 Start
           0
 set_grid_done
 set_clumps_done
 Done
 TIME :    2.10570702375844       sec
          50 %           3   196.621253604069     
 	 100 %           3   406.353157278150     
 Time :   406.542166154366     
 WOCIVL440M0010NH220/N_atom200E+10_Vexp100E+03_Vemit900E+02_tauD000E+00_Vran118E
 +01                  
 Start
           0
 set_grid_done
 set_clumps_done
 Done
 TIME :    3.90967137366533       sec
          50 %           4   220.491645216011     
 	 100 %           3   440.695888043847     
 Time :   440.867621455807     
 WOCIVL440M0010NH220/N_atom200E+10_Vexp200E+03_Vemit900E+02_tauD000E+00_Vran118E
 +01                  
 Start
           0
 set_grid_done
 set_clumps_done
 Done
 TIME :    3.77010441338643       sec
          50 %           4   213.438440543134     
 	 100 %           1   408.782081821468     
 Time :   408.953938447405     
 WOCIVL440M0010NH220/N_atom200E+10_Vexp300E+03_Vemit900E+02_tauD000E+00_Vran118E
 +01                  
 Start
           0
 set_grid_done
 set_clumps_done
 Done
 TIME :    2.13968019699678       sec
          50 %           1   169.889852121938     
 	 100 %           4   341.651742401533     
 Time :   341.846863942686     
 WOCIVL440M0010NH220/N_atom200E+10_Vexp500E+01_Vemit900E+02_tauD000E+00_Vran118E
 +01                  
 Start
           0
 set_grid_done
 set_clumps_done
 Done
 TIME :    3.92412953218445       sec
          50 %           4   349.771480651572     
 	 100 %           3   669.829615935218     
 Time :   669.982507317327     
 WOCIVL440M0010NH220/N_atom200E+10_Vexp100E+02_Vemit900E+02_tauD000E+00_Vran300E
 +01                  
 Start
           0
 set_grid_done
 set_clumps_done
 Done
 TIME :    2.75999733805656       sec
          50 %           3   330.416886090767     
 	 100 %           4   649.721216965467     
 Time :   649.908337535337     
 WOCIVL440M0010NH220/N_atom200E+10_Vexp200E+02_Vemit900E+02_tauD000E+00_Vran300E
 +01                  
 Start
           0
 set_grid_done
 set_clumps_done
 Done
 TIME :    3.76903458731249       sec
          50 %           1   262.394488297869     
 	 100 %           2   519.122807136271     
 Time :   519.313295734115     
 WOCIVL440M0010NH220/N_atom200E+10_Vexp300E+02_Vemit900E+02_tauD000E+00_Vran300E
 +01                  
 Start
           0
 set_grid_done
 set_clumps_done
 Done
 TIME :    3.82917814794928       sec
          50 %           4   243.789089288097     
 	 100 %           3   455.386197088752     
 Time :   455.564351299778     
 WOCIVL440M0010NH220/N_atom200E+10_Vexp400E+02_Vemit900E+02_tauD000E+00_Vran300E
 +01                  
 Start
           0
 set_grid_done
 set_clumps_done
 Done
 TIME :    3.24858109280467       sec
          50 %           4   226.571930483915     
 	 100 %           1   422.862988274079     
 Time :   423.036713347770     
 WOCIVL440M0010NH220/N_atom200E+10_Vexp500E+02_Vemit900E+02_tauD000E+00_Vran300E
 +01                  
 Start
           0
 set_grid_done
 set_clumps_done
 Done
 TIME :    3.85442183027044       sec
          50 %           1   196.984396137297     
 	 100 %           1   396.981313343160     
 Time :   397.166652890388     
 WOCIVL440M0010NH220/N_atom200E+10_Vexp600E+02_Vemit900E+02_tauD000E+00_Vran300E
 +01                  
 Start
           0
 set_grid_done
 set_clumps_done
 Done
 TIME :    3.93756122700870       sec
          50 %           4   192.300889673643     
 	 100 %           4   383.980922975577     
 Time :   384.158556730952     
 WOCIVL440M0010NH220/N_atom200E+10_Vexp700E+02_Vemit900E+02_tauD000E+00_Vran300E
 +01                  
 Start
           0
 set_grid_done
 set_clumps_done
 Done
 TIME :    3.76187240472063       sec
          50 %           4   208.113858118653     
 	 100 %           2   427.357516138814     
 Time :   427.526735199615     
 WOCIVL440M0010NH220/N_atom200E+10_Vexp800E+02_Vemit900E+02_tauD000E+00_Vran300E
 +01                  
 Start
           0
 set_grid_done
 set_clumps_done
 Done
 TIME :    2.10601383494213       sec
          50 %           2   210.529242842458     
 	 100 %           4   440.535874514841     
 Time :   440.732935007662     
 WOCIVL440M0010NH220/N_atom200E+10_Vexp900E+02_Vemit900E+02_tauD000E+00_Vran300E
 +01                  
 Start
           0
 set_grid_done
 set_clumps_done
 Done
 TIME :    2.31659307749942       sec
          50 %           4   207.912394868676     
 	 100 %           2   398.467786777765     
 Time :   398.648369657807     
 WOCIVL440M0010NH220/N_atom200E+10_Vexp100E+03_Vemit900E+02_tauD000E+00_Vran300E
 +01                  
 Start
           0
 set_grid_done
 set_clumps_done
 Done
 TIME :    2.78173231612891       sec
          50 %           2   193.152716442477     
 	 100 %           2   376.179441832006     
 Time :   376.340580882505     
 WOCIVL440M0010NH220/N_atom200E+10_Vexp200E+03_Vemit900E+02_tauD000E+00_Vran300E
 +01                  
 Start
           0
 set_grid_done
 set_clumps_done
 Done
 TIME :    2.10116551397368       sec
          50 %           1   165.588836751413     
 	 100 %           4   329.745203962550     
 Time :   329.942068213597     
 WOCIVL440M0010NH220/N_atom200E+10_Vexp300E+03_Vemit900E+02_tauD000E+00_Vran300E
 +01                  
 Start
           0
 set_grid_done
 set_clumps_done
 Done
 TIME :    3.95678700366989       sec
          50 %           1   167.617748391815     
 	 100 %           4   316.700684179552     
 Time :   316.878398898058     
 WOCIVL440M0010NH220/N_atom200E+10_Vexp500E+01_Vemit900E+02_tauD000E+00_Vran300E
 +01                  
 Start
           0
 set_grid_done
 set_clumps_done
 Done
 TIME :    3.16051984578371       sec
          50 %           4   510.560388406273     
 	 100 %           4   987.339308660012     
 Time :   987.519101504236     
 WOCIVL440M0010NH220/N_atom200E+10_Vexp100E+02_Vemit900E+02_tauD000E+00_Vran500E
 +01                  
 Start
           0
 set_grid_done
 set_clumps_done
 Done
 TIME :    3.80537553410977       sec
          50 %           2   441.323573307134     
 	 100 %           3   861.628999894485     
 Time :   861.791726531461     
 WOCIVL440M0010NH220/N_atom200E+10_Vexp200E+02_Vemit900E+02_tauD000E+00_Vran500E
 +01                  
 Start
           0
 set_grid_done
 set_clumps_done
 Done
 TIME :    2.15025116456673       sec
          50 %           4   279.291286172345     
 	 100 %           4   578.579775678460     
 Time :   578.755101152696     
 WOCIVL440M0010NH220/N_atom200E+10_Vexp300E+02_Vemit900E+02_tauD000E+00_Vran500E
 +01                  
 Start
           0
 set_grid_done
 set_clumps_done
 Done
 TIME :    3.85255146864802       sec
          50 %           1   249.298629256897     
 	 100 %           1   509.777722744737     
 Time :   509.946568498854     
 WOCIVL440M0010NH220/N_atom200E+10_Vexp400E+02_Vemit900E+02_tauD000E+00_Vran500E
 +01                  
 Start
           0
 set_grid_done
 set_clumps_done
 Done
 TIME :    2.12907159794122       sec
          50 %           3   247.258466991130     
 	 100 %           3   510.349812750705     
 Time :   510.536070146132     
 WOCIVL440M0010NH220/N_atom200E+10_Vexp500E+02_Vemit900E+02_tauD000E+00_Vran500E
 +01                  
 Start
           0
 set_grid_done
 set_clumps_done
 Done
 TIME :    3.75923187471926       sec
          50 %           1   236.556638416369     
 	 100 %           2   459.544809608720     
 Time :   459.734201630112     
 WOCIVL440M0010NH220/N_atom200E+10_Vexp600E+02_Vemit900E+02_tauD000E+00_Vran500E
 +01                  
 Start
           0
 set_grid_done
 set_clumps_done
 Done
 TIME :    2.14500425895676       sec
          50 %           4   240.209443576634     
 	 100 %           1   460.395570418797     
 Time :   460.573791867122     
 WOCIVL440M0010NH220/N_atom200E+10_Vexp700E+02_Vemit900E+02_tauD000E+00_Vran500E
 +01                  
 Start
           0
 set_grid_done
 set_clumps_done
 Done
 TIME :    2.09504780871794       sec
          50 %           2   213.912319051102     
 	 100 %           1   416.937968143262     
 Time :   417.109748353716     
 WOCIVL440M0010NH220/N_atom200E+10_Vexp800E+02_Vemit900E+02_tauD000E+00_Vran500E
 +01                  
 Start
           0
 set_grid_done
 set_clumps_done
 Done
 TIME :    2.16416229726747       sec
          50 %           2   194.240046991501     
 	 100 %           1   418.561455633957     
 Time :   418.737086866982     
 WOCIVL440M0010NH220/N_atom200E+10_Vexp900E+02_Vemit900E+02_tauD000E+00_Vran500E
 +01                  
 Start
           0
 set_grid_done
 set_clumps_done
 Done
 TIME :    2.13439768366516       sec
          50 %           1   212.313668332994     
 	 100 %           4   413.760985322297     
 Time :   413.936998108402     
 WOCIVL440M0010NH220/N_atom200E+10_Vexp100E+03_Vemit900E+02_tauD000E+00_Vran500E
 +01                  
 Start
           0
 set_grid_done
 set_clumps_done
 Done
 TIME :    2.11130982358009       sec
          50 %           4   205.411812250502     
 	 100 %           3   405.356129270047     
 Time :   405.547910315450     
 WOCIVL440M0010NH220/N_atom200E+10_Vexp200E+03_Vemit900E+02_tauD000E+00_Vran500E
 +01                  
 Start
           0
 set_grid_done
 set_clumps_done
 Done
 TIME :    2.48409721069038       sec
          50 %           1   191.840980659239     
 	 100 %           2   369.955039166845     
 Time :   370.134420040529     
 WOCIVL440M0010NH220/N_atom200E+10_Vexp300E+03_Vemit900E+02_tauD000E+00_Vran500E
 +01                  
 Start
           0
 set_grid_done
 set_clumps_done
 Done
 TIME :    3.85871141357347       sec
          50 %           1   164.676159313414     
 	 100 %           3   308.682387554087     
 Time :   308.865482621361     
 WOCIVL440M0010NH220/N_atom200E+10_Vexp500E+01_Vemit900E+02_tauD000E+00_Vran500E
 +01                  
 Start
           0
 set_grid_done
 set_clumps_done
 Done
 TIME :    3.11917983274907       sec
          50 %           4   655.163204393350     
 	 100 %           2   1331.91916998243     
 Time :   1332.10219108965     
 WOCIVL440M0010NH220/N_atom200E+10_Vexp100E+02_Vemit100E+03_tauD000E+00_Vran118E
 +01                  
 Start
           0
 set_grid_done
 set_clumps_done
 Done
 TIME :    3.77065085759386       sec
          50 %           3   244.113201722037     
 	 100 %           1   467.958791802637     
 Time :   468.128527702298     
 WOCIVL440M0010NH220/N_atom200E+10_Vexp200E+02_Vemit100E+03_tauD000E+00_Vran118E
 +01                  
 Start
           0
 set_grid_done
 set_clumps_done
 Done
 TIME :    2.10438742488623       sec
          50 %           3   214.501022216398     
 	 100 %           4   421.321792644914     
 Time :   421.501664227806     
 WOCIVL440M0010NH220/N_atom200E+10_Vexp300E+02_Vemit100E+03_tauD000E+00_Vran118E
 +01                  
 Start
           0
 set_grid_done
 set_clumps_done
 Done
 TIME :    3.79806899838150       sec
          50 %           1   196.879666276276     
 	 100 %           4   410.219574774615     
 Time :   410.408959522378     
 WOCIVL440M0010NH220/N_atom200E+10_Vexp400E+02_Vemit100E+03_tauD000E+00_Vran118E
 +01                  
 Start
           0
 set_grid_done
 set_clumps_done
 Done
 TIME :    3.85845891525969       sec
          50 %           4   200.485815646593     
 	 100 %           4   404.204110975377     
 Time :   404.363034720533     
 WOCIVL440M0010NH220/N_atom200E+10_Vexp500E+02_Vemit100E+03_tauD000E+00_Vran118E
 +01                  
 Start
           0
 set_grid_done
 set_clumps_done
 Done
 TIME :    3.28883472923189       sec
          50 %           1   174.430911050178     
 	 100 %           2   347.813426810782     
 Time :   348.001692609861     
 WOCIVL440M0010NH220/N_atom200E+10_Vexp600E+02_Vemit100E+03_tauD000E+00_Vran118E
 +01                  
 Start
           0
 set_grid_done
 set_clumps_done
 Done
 TIME :    3.91877888003364       sec
          50 %           4   194.628492910881     
 	 100 %           4   380.821844880469     
 Time :   380.994994965382     
 WOCIVL440M0010NH220/N_atom200E+10_Vexp700E+02_Vemit100E+03_tauD000E+00_Vran118E
 +01                  
 Start
           0
 set_grid_done
 set_clumps_done
 Done
 TIME :    3.77499960316345       sec
          50 %           4   200.045487370342     
 	 100 %           1   371.404285556171     
 Time :   371.571723474655     
 WOCIVL440M0010NH220/N_atom200E+10_Vexp800E+02_Vemit100E+03_tauD000E+00_Vran118E
 +01                  
 Start
           0
 set_grid_done
 set_clumps_done
 Done
 TIME :    3.24280705861747       sec
          50 %           3   175.381154705305     
 	 100 %           3   363.820132454857     
 Time :   363.990881052334     
 WOCIVL440M0010NH220/N_atom200E+10_Vexp900E+02_Vemit100E+03_tauD000E+00_Vran118E
 +01                  
 Start
           0
 set_grid_done
 set_clumps_done
 Done
 TIME :    3.74483197601512       sec
          50 %           2   206.172921511810     
 	 100 %           3   387.764655285049     
 Time :   387.941358598880     
 WOCIVL440M0010NH220/N_atom200E+10_Vexp100E+03_Vemit100E+03_tauD000E+00_Vran118E
 +01                  
 Start
           0
 set_grid_done
 set_clumps_done
 Done
 TIME :    3.48044760571793       sec
          50 %           4   190.387622132432     
 	 100 %           1   384.252035877667     
 Time :   384.415880851913     
 WOCIVL440M0010NH220/N_atom200E+10_Vexp200E+03_Vemit100E+03_tauD000E+00_Vran118E
 +01                  
 Start
           0
 set_grid_done
 set_clumps_done
 Done
 TIME :    2.09756620787084       sec
          50 %           1   168.621661307290     
 	 100 %           2   327.232977514621     
 Time :   327.415066086221     
 WOCIVL440M0010NH220/N_atom200E+10_Vexp300E+03_Vemit100E+03_tauD000E+00_Vran118E
 +01                  
 Start
           0
 set_grid_done
 set_clumps_done
 Done
 TIME :    3.74604052491486       sec
          50 %           1   169.055353717413     
 	 100 %           1   342.493542463053     
 Time :   342.673010602128     
 WOCIVL440M0010NH220/N_atom200E+10_Vexp500E+01_Vemit100E+03_tauD000E+00_Vran118E
 +01                  
 Start
           0
 set_grid_done
 set_clumps_done
 Done
 TIME :    2.89668504614383       sec
          50 %           3   293.498006110545     
 	 100 %           2   593.584566330537     
 Time :   593.748977386858     
 WOCIVL440M0010NH220/N_atom200E+10_Vexp100E+02_Vemit100E+03_tauD000E+00_Vran300E
 +01                  
 Start
           0
 set_grid_done
 set_clumps_done
 Done
 TIME :    2.09157792804763       sec
          50 %           1   261.703645936679     
 	 100 %           2   502.302985107526     
 Time :   502.434627882205     
 WOCIVL440M0010NH220/N_atom200E+10_Vexp200E+02_Vemit100E+03_tauD000E+00_Vran300E
 +01                  
 Start
           0
 set_grid_done
 set_clumps_done
 Done
 TIME :    2.01091956999153       sec
          50 %           2   183.624621683732     
 	 100 %           3   365.170504421461     
 Time :   365.304676245432     
 WOCIVL440M0010NH220/N_atom200E+10_Vexp300E+02_Vemit100E+03_tauD000E+00_Vran300E
 +01                  
 Start
           0
 set_grid_done
 set_clumps_done
 Done
 TIME :    2.00690301368013       sec
          50 %           3   164.050761020277     
 	 100 %           2   325.593364027329     
 Time :   325.725816004444     
 WOCIVL440M0010NH220/N_atom200E+10_Vexp400E+02_Vemit100E+03_tauD000E+00_Vran300E
 +01                  
 Start
           0
 set_grid_done
 set_clumps_done
 Done
 TIME :    2.01005545351654       sec
          50 %           1   153.581482462585     
 	 100 %           4   304.467039266601     
 Time :   304.599282207899     
 WOCIVL440M0010NH220/N_atom200E+10_Vexp500E+02_Vemit100E+03_tauD000E+00_Vran300E
 +01                  
 Start
           0
 set_grid_done
 set_clumps_done
 Done
 TIME :    2.00110893184319       sec
          50 %           1   148.488825723529     
 	 100 %           3   295.526319688186     
 Time :   295.659207290504     
 WOCIVL440M0010NH220/N_atom200E+10_Vexp600E+02_Vemit100E+03_tauD000E+00_Vran300E
 +01                  
 Start
           0
 set_grid_done
 set_clumps_done
 Done
 TIME :    2.00593461003155       sec
          50 %           3   147.430001094472     
 	 100 %           3   293.003644124139     
 Time :   293.135171780828     
 WOCIVL440M0010NH220/N_atom200E+10_Vexp700E+02_Vemit100E+03_tauD000E+00_Vran300E
 +01                  
 Start
           0
 set_grid_done
 set_clumps_done
 Done
 TIME :    2.01327487966046       sec
          50 %           2   147.353427891620     
 	 100 %           4   292.953438061289     
 Time :   293.087341537233     
 WOCIVL440M0010NH220/N_atom200E+10_Vexp800E+02_Vemit100E+03_tauD000E+00_Vran300E
 +01                  
 Start
           0
 set_grid_done
 set_clumps_done
 Done
 TIME :    2.00758368289098       sec
          50 %           1   146.446194202639     
 	 100 %           2   290.781633923296     
 Time :   290.916975432076     
 WOCIVL440M0010NH220/N_atom200E+10_Vexp900E+02_Vemit100E+03_tauD000E+00_Vran300E
 +01                  
 Start
           0
 set_grid_done
 set_clumps_done
 Done
 TIME :    2.01508147083223       sec
          50 %           1   145.476480587851     
 	 100 %           4   288.930444525555     
 Time :   289.063619351480     
 WOCIVL440M0010NH220/N_atom200E+10_Vexp100E+03_Vemit100E+03_tauD000E+00_Vran300E
 +01                  
 Start
           0
 set_grid_done
 set_clumps_done
 Done
 TIME :    2.01361549459398       sec
          50 %           2   143.822778702248     
 	 100 %           4   285.598494692240     
 Time :   285.734232841991     
 WOCIVL440M0010NH220/N_atom200E+10_Vexp200E+03_Vemit100E+03_tauD000E+00_Vran300E
 +01                  
 Start
           0
 set_grid_done
 set_clumps_done
 Done
 TIME :    2.01048472663388       sec
          50 %           3   130.355238107964     
 	 100 %           3   258.469047592953     
 Time :   258.602016198449     
 WOCIVL440M0010NH220/N_atom200E+10_Vexp300E+03_Vemit100E+03_tauD000E+00_Vran300E
 +01                  
 Start
           0
 set_grid_done
 set_clumps_done
 Done
 TIME :    2.02591835241765       sec
          50 %           2   119.511955448892     
 	 100 %           2   237.266999318730     
 Time :   237.405268381350     
 WOCIVL440M0010NH220/N_atom200E+10_Vexp500E+01_Vemit100E+03_tauD000E+00_Vran300E
 +01                  
 Start
           0
 set_grid_done
 set_clumps_done
 Done
 TIME :    2.01173717807978       sec
          50 %           1   380.840412490536     
 	 100 %           1   831.579845753498     
 Time :   831.777085716370     
 WOCIVL440M0010NH220/N_atom200E+10_Vexp100E+02_Vemit100E+03_tauD000E+00_Vran500E
 +01                  
 Start
           0
 set_grid_done
 set_clumps_done
 Done
 TIME :    3.82211660593748       sec
          50 %           1   478.220024144277     
 	 100 %           3   950.699243867304     
 Time :   950.906386752613     
 WOCIVL440M0010NH220/N_atom200E+10_Vexp200E+02_Vemit100E+03_tauD000E+00_Vran500E
 +01                  
 Start
           0
 set_grid_done
 set_clumps_done
 Done
 TIME :    3.93838555831462       sec
          50 %           1   334.719901518431     
 	 100 %           3   666.774141477887     
 Time :   666.977964797057     
 WOCIVL440M0010NH220/N_atom200E+10_Vexp300E+02_Vemit100E+03_tauD000E+00_Vran500E
 +01                  
 Start
           0
 set_grid_done
 set_clumps_done
 Done
 TIME :    3.91040801862255       sec
          50 %           2   290.824912036769     
 	 100 %           1   580.537714160979     
 Time :   580.731711322907     
 WOCIVL440M0010NH220/N_atom200E+10_Vexp400E+02_Vemit100E+03_tauD000E+00_Vran500E
 +01                  
 Start
           0
 set_grid_done
 set_clumps_done
 Done
 TIME :    2.43242671526968       sec
          50 %           2   273.581570622046     
 	 100 %           1   541.057106695604     
 Time :   541.254509657156     
 WOCIVL440M0010NH220/N_atom200E+10_Vexp500E+02_Vemit100E+03_tauD000E+00_Vran500E
 +01                  
 Start
           0
 set_grid_done
 set_clumps_done
 Done
 TIME :    3.92193551780656       sec
          50 %           1   221.555720828474     
 	 100 %           2   386.786293664947     
 Time :   386.916119408794     
 WOCIVL440M0010NH220/N_atom200E+10_Vexp600E+02_Vemit100E+03_tauD000E+00_Vran500E
 +01                  
 Start
           0
 set_grid_done
 set_clumps_done
 Done
 TIME :    2.00454325508326       sec
          50 %           4   168.240372180473     
 	 100 %           4   332.198484126478     
 Time :   332.332078997977     
 WOCIVL440M0010NH220/N_atom200E+10_Vexp700E+02_Vemit100E+03_tauD000E+00_Vran500E
 +01                  
 Start
           0
 set_grid_done
 set_clumps_done
 Done
 TIME :    1.99955184338614       sec
          50 %           4   160.150396520738     
 	 100 %           4   318.490769327153     
 Time :   318.624518971425     
 WOCIVL440M0010NH220/N_atom200E+10_Vexp800E+02_Vemit100E+03_tauD000E+00_Vran500E
 +01                  
 Start
           0
 set_grid_done
 set_clumps_done
 Done
 TIME :    2.00797410216182       sec
          50 %           3   162.490807781462     
 	 100 %           3   390.075134114828     
 Time :   390.293087431230     
 WOCIVL440M0010NH220/N_atom200E+10_Vexp900E+02_Vemit100E+03_tauD000E+00_Vran500E
 +01                  
 Start
           0
 set_grid_done
 set_clumps_done
 Done
 TIME :    3.89986770879477       sec
          50 %           4   250.881449708249     
 	 100 %           1   494.391877620481     
 Time :   494.596579082310     
 WOCIVL440M0010NH220/N_atom200E+10_Vexp100E+03_Vemit100E+03_tauD000E+00_Vran500E
 +01                  
 Start
           0
 set_grid_done
 set_clumps_done
 Done
 TIME :    3.97060496034101       sec
          50 %           1   244.432175816502     
 	 100 %           4   486.736536183860     
 Time :   486.930083313491     
 WOCIVL440M0010NH220/N_atom200E+10_Vexp200E+03_Vemit100E+03_tauD000E+00_Vran500E
 +01                  
 Start
           0
 set_grid_done
 set_clumps_done
 Done
 TIME :    3.92713384144008       sec
          50 %           3   214.061191863846     
 	 100 %           3   425.555630424991     
 Time :   425.747792892624     
 WOCIVL440M0010NH220/N_atom200E+10_Vexp300E+03_Vemit100E+03_tauD000E+00_Vran500E
 +01                  
 Start
           0
 set_grid_done
 set_clumps_done
 Done
 TIME :    2.65843377262354       sec
          50 %           3   196.701819246635     
 	 100 %           4   389.036278710235     
 Time :   389.213577701710     
 WOCIVL440M0010NH220/N_atom200E+10_Vexp500E+01_Vemit100E+03_tauD000E+00_Vran500E
 +01                  
 Start
           0
 set_grid_done
 set_clumps_done
 Done
 TIME :    2.18781687086448       sec
          50 %           3   750.351591974497     
 	 100 %           3   1424.99972034618     
 Time :   1425.13309312705     
 WOCIVL440M0010NH220/N_atom200E+10_Vexp100E+02_Vemit200E+03_tauD000E+00_Vran118E
 +01                  
 Start
           0
 set_grid_done
 set_clumps_done
 Done
 TIME :    2.00997300725430       sec
          50 %           2   127.069837060757     
 	 100 %           3   252.359572749585     
 Time :   252.492686670274     
 WOCIVL440M0010NH220/N_atom200E+10_Vexp200E+02_Vemit200E+03_tauD000E+00_Vran118E
 +01                  
 Start
           0
 set_grid_done
 set_clumps_done
 Done
 TIME :    2.00839829538018       sec
          50 %           3   114.304936076980     
 	 100 %           1   226.458214225248     
 Time :   226.589773342013     
 WOCIVL440M0010NH220/N_atom200E+10_Vexp300E+02_Vemit200E+03_tauD000E+00_Vran118E
 +01                  
 Start
           0
 set_grid_done
 set_clumps_done
 Done
 TIME :    2.00465327361599       sec
          50 %           4   109.632578856312     
 	 100 %           2   217.186507635284     
 Time :   217.318357031327     
 WOCIVL440M0010NH220/N_atom200E+10_Vexp400E+02_Vemit200E+03_tauD000E+00_Vran118E
 +01                  
 Start
           0
 set_grid_done
 set_clumps_done
 Done
 TIME :    2.03596545755863       sec
          50 %           3   107.631965482607     
 	 100 %           3   213.415278552100     
 Time :   213.547675885726     
 WOCIVL440M0010NH220/N_atom200E+10_Vexp500E+02_Vemit200E+03_tauD000E+00_Vran118E
 +01                  
 Start
           0
 set_grid_done
 set_clumps_done
 Done
 TIME :    2.01382125495002       sec
          50 %           4   106.753662598319     
 	 100 %           2   211.197645680979     
 Time :   211.332349813078     
 WOCIVL440M0010NH220/N_atom200E+10_Vexp600E+02_Vemit200E+03_tauD000E+00_Vran118E
 +01                  
 Start
           0
 set_grid_done
 set_clumps_done
 Done
 TIME :    2.01223895791918       sec
          50 %           3   106.201170072425     
 	 100 %           2   210.129743651953     
 Time :   210.264224070590     
 WOCIVL440M0010NH220/N_atom200E+10_Vexp700E+02_Vemit200E+03_tauD000E+00_Vran118E
 +01                  
 Start
           0
 set_grid_done
 set_clumps_done
 Done
 TIME :    2.00876491982490       sec
          50 %           3   106.381323770154     
 	 100 %           4   210.771369945724     
 Time :   210.904977691360     
 WOCIVL440M0010NH220/N_atom200E+10_Vexp800E+02_Vemit200E+03_tauD000E+00_Vran118E
 +01                  
 Start
           0
 set_grid_done
 set_clumps_done
 Done
 TIME :    2.05447553936392       sec
          50 %           4   106.899163024500     
 	 100 %           4   211.514113959856     
 Time :   211.646651448682     
 WOCIVL440M0010NH220/N_atom200E+10_Vexp900E+02_Vemit200E+03_tauD000E+00_Vran118E
 +01                  
 Start
           0
 set_grid_done
 set_clumps_done
 Done
 TIME :    2.05627613933757       sec
          50 %           2   107.672906741500     
 	 100 %           1   212.994529923424     
 Time :   213.130883308593     
 WOCIVL440M0010NH220/N_atom200E+10_Vexp100E+03_Vemit200E+03_tauD000E+00_Vran118E
 +01                  
 Start
           0
 set_grid_done
 set_clumps_done
 Done
 TIME :    2.00243515335023       sec
          50 %           3   107.595328114461     
 	 100 %           3   217.739277115092     
 Time :   217.902348534670     
 WOCIVL440M0010NH220/N_atom200E+10_Vexp200E+03_Vemit200E+03_tauD000E+00_Vran118E
 +01                  
 Start
           0
 set_grid_done
 set_clumps_done
 Done
 TIME :    1.99546724837273       sec
          50 %           4   115.329447038006     
 	 100 %           3   228.780895872507     
 Time :   228.933882264420     
 WOCIVL440M0010NH220/N_atom200E+10_Vexp300E+03_Vemit200E+03_tauD000E+00_Vran118E
 +01                  
 Start
           0
 set_grid_done
 set_clumps_done
 Done
 TIME :    1.99983723368496       sec
          50 %           3   112.753546694759     
 	 100 %           2   222.262224045582     
 Time :   222.398766568396     
 WOCIVL440M0010NH220/N_atom200E+10_Vexp500E+01_Vemit200E+03_tauD000E+00_Vran118E
 +01                  
 Start
           0
 set_grid_done
 set_clumps_done
 Done
 TIME :    2.00842982530594       sec
          50 %           2   154.717682193033     
 	 100 %           3   306.709987045731     
 Time :   306.848629846238     
 WOCIVL440M0010NH220/N_atom200E+10_Vexp100E+02_Vemit200E+03_tauD000E+00_Vran300E
 +01                  
 Start
           0
 set_grid_done
 set_clumps_done
 Done
 TIME :    2.00645339256153       sec
          50 %           3   155.083843532950     
 	 100 %           4   307.979985092301     
 Time :   308.115998323541     
 WOCIVL440M0010NH220/N_atom200E+10_Vexp200E+02_Vemit200E+03_tauD000E+00_Vran300E
 +01                  
 Start
           0
 set_grid_done
 set_clumps_done
 Done
 TIME :    2.01431583100930       sec
          50 %           1   124.014170780778     
 	 100 %           2   246.050405791029     
 Time :   246.188548353966     
 WOCIVL440M0010NH220/N_atom200E+10_Vexp300E+02_Vemit200E+03_tauD000E+00_Vran300E
 +01                  
 Start
           0
 set_grid_done
 set_clumps_done
 Done
 TIME :    2.00967442197725       sec
          50 %           3   113.869759045541     
 	 100 %           2   225.185471411329     
 Time :   225.318286395632     
 WOCIVL440M0010NH220/N_atom200E+10_Vexp400E+02_Vemit200E+03_tauD000E+00_Vran300E
 +01                  
 Start
           0
 set_grid_done
 set_clumps_done
 Done
 TIME :    2.02388178557158       sec
          50 %           2   108.610523675568     
 	 100 %           3   215.355838676449     
 Time :   215.491644023452     
 WOCIVL440M0010NH220/N_atom200E+10_Vexp500E+02_Vemit200E+03_tauD000E+00_Vran300E
 +01                  
 Start
           0
 set_grid_done
 set_clumps_done
 Done
 TIME :    2.02191101340577       sec
          50 %           1   106.269937784411     
 	 100 %           2   210.363472371828     
 Time :   210.496797983069     
 WOCIVL440M0010NH220/N_atom200E+10_Vexp600E+02_Vemit200E+03_tauD000E+00_Vran300E
 +01                  
 Start
           0
 set_grid_done
 set_clumps_done
 Done
 TIME :    2.01507306471467       sec
          50 %           2   105.529167016968     
 	 100 %           2   209.152781812474     
 Time :   209.290458122268     
 WOCIVL440M0010NH220/N_atom200E+10_Vexp700E+02_Vemit200E+03_tauD000E+00_Vran300E
 +01                  
 Start
           0
 set_grid_done
 set_clumps_done
 Done
 TIME :    2.02528193686157       sec
          50 %           4   105.691684647929     
 	 100 %           3   209.355953758117     
 Time :   209.490767567884     
 WOCIVL440M0010NH220/N_atom200E+10_Vexp800E+02_Vemit200E+03_tauD000E+00_Vran300E
 +01                  
 Start
           0
 set_grid_done
 set_clumps_done
 Done
 TIME :    2.01668640039861       sec
          50 %           3   105.151836656965     
 	 100 %           2   208.681516743265     
 Time :   208.816851299256     
 WOCIVL440M0010NH220/N_atom200E+10_Vexp900E+02_Vemit200E+03_tauD000E+00_Vran300E
 +01                  
 Start
           0
 set_grid_done
 set_clumps_done
 Done
 TIME :    2.00722572486848       sec
          50 %           2   104.692221618257     
 	 100 %           2   207.536731014028     
 Time :   207.672447753605     
 WOCIVL440M0010NH220/N_atom200E+10_Vexp100E+03_Vemit200E+03_tauD000E+00_Vran300E
 +01                  
 Start
           0
 set_grid_done
 set_clumps_done
 Done
 TIME :    2.05491999117658       sec
          50 %           2   104.358340595849     
 	 100 %           2   206.757292733993     
 Time :   206.894215727691     
 WOCIVL440M0010NH220/N_atom200E+10_Vexp200E+03_Vemit200E+03_tauD000E+00_Vran300E
 +01                  
 Start
           0
 set_grid_done
 set_clumps_done
 Done
 TIME :    2.01177373714745       sec
          50 %           1   99.8645113939419     
 	 100 %           3   197.794866491109     
 Time :   197.932518495247     
 WOCIVL440M0010NH220/N_atom200E+10_Vexp300E+03_Vemit200E+03_tauD000E+00_Vran300E
 +01                  
 Start
           0
 set_grid_done
 set_clumps_done
 Done
 TIME :    2.01137577369809       sec
          50 %           3   96.7855202150531     
 	 100 %           3   191.617749528028     
 Time :   191.750025241636     
 WOCIVL440M0010NH220/N_atom200E+10_Vexp500E+01_Vemit200E+03_tauD000E+00_Vran300E
 +01                  
 Start
           0
 set_grid_done
 set_clumps_done
 Done
 TIME :    2.01005421159789       sec
          50 %           3   216.731324169319     
 	 100 %           3   431.231618477497     
 Time :   431.367038795725     
 WOCIVL440M0010NH220/N_atom200E+10_Vexp100E+02_Vemit200E+03_tauD000E+00_Vran500E
 +01                  
 Start
           0
 set_grid_done
 set_clumps_done
 Done
 TIME :    2.01149707334116       sec
          50 %           4   190.747510132845     
 	 100 %           1   379.196377439890     
 Time :   379.339843163267     
 WOCIVL440M0010NH220/N_atom200E+10_Vexp200E+02_Vemit200E+03_tauD000E+00_Vran500E
 +01                  
 Start
           0
 set_grid_done
 set_clumps_done
 Done
 TIME :    2.00357969058678       sec
          50 %           4   140.593239978887     
 	 100 %           3   279.082560990006     
 Time :   279.217015469447     
 WOCIVL440M0010NH220/N_atom200E+10_Vexp300E+02_Vemit200E+03_tauD000E+00_Vran500E
 +01                  
 Start
           0
 set_grid_done
 set_clumps_done
 Done
 TIME :    2.01171689946204       sec
          50 %           2   124.136886110064     
 	 100 %           1   246.177277521230     
 Time :   246.311196746770     
 WOCIVL440M0010NH220/N_atom200E+10_Vexp400E+02_Vemit200E+03_tauD000E+00_Vran500E
 +01                  
 Start
           0
 set_grid_done
 set_clumps_done
 Done
 TIME :    2.00735768489540       sec
          50 %           1   117.606638983823     
 	 100 %           1   233.477034546901     
 Time :   233.614222632721     
 WOCIVL440M0010NH220/N_atom200E+10_Vexp500E+02_Vemit200E+03_tauD000E+00_Vran500E
 +01                  
 Start
           0
 set_grid_done
 set_clumps_done
 Done
 TIME :    2.00528735434636       sec
          50 %           2   115.792011521291     
 	 100 %           4   229.483775587752     
 Time :   229.619133046828     
 WOCIVL440M0010NH220/N_atom200E+10_Vexp600E+02_Vemit200E+03_tauD000E+00_Vran500E
 +01                  
 Start
           0
 set_grid_done
 set_clumps_done
 Done
 TIME :    2.01076264260337       sec
          50 %           4   114.348097810056     
 	 100 %           1   226.679785803892     
 Time :   226.815798774362     
 WOCIVL440M0010NH220/N_atom200E+10_Vexp700E+02_Vemit200E+03_tauD000E+00_Vran500E
 +01                  
 Start
           0
 set_grid_done
 set_clumps_done
 Done
 TIME :    2.01228799112141       sec
          50 %           4   112.841222381685     
 	 100 %           4   223.593470896129     
 Time :   223.730767968111     
 WOCIVL440M0010NH220/N_atom200E+10_Vexp800E+02_Vemit200E+03_tauD000E+00_Vran500E
 +01                  
 Start
           0
 set_grid_done
 set_clumps_done
 Done
 TIME :    2.01271803537384       sec
          50 %           2   111.020160534885     
 	 100 %           1   219.959781344049     
 Time :   220.095382344443     
 WOCIVL440M0010NH220/N_atom200E+10_Vexp900E+02_Vemit200E+03_tauD000E+00_Vran500E
 +01                  
 Start
           0
 set_grid_done
 set_clumps_done
 Done
 TIME :    2.01126070553437       sec
          50 %           1   109.645478513557     
 	 100 %           3   217.261444088072     
 Time :   217.397469432093     
 WOCIVL440M0010NH220/N_atom200E+10_Vexp100E+03_Vemit200E+03_tauD000E+00_Vran500E
 +01                  
 Start
           0
 set_grid_done
 set_clumps_done
 Done
 TIME :    2.00874819792807       sec
          50 %           1   108.345297110267     
 	 100 %           1   214.859871640336     
 Time :   214.998324741144     
 WOCIVL440M0010NH220/N_atom200E+10_Vexp200E+03_Vemit200E+03_tauD000E+00_Vran500E
 +01                  
 Start
           0
 set_grid_done
 set_clumps_done
 Done
 TIME :    2.00851152976975       sec
          50 %           3   100.610400073230     
 	 100 %           1   203.153704172932     
 Time :   203.297590823378     
 WOCIVL440M0010NH220/N_atom200E+10_Vexp300E+03_Vemit200E+03_tauD000E+00_Vran500E
 +01                  
 Start
           0
 set_grid_done
 set_clumps_done
 Done
 TIME :    2.00623409729451       sec
          50 %           4   104.384096408729     
 	 100 %           2   206.709463642910     
 Time :   206.842632777989     
 WOCIVL440M0010NH220/N_atom200E+10_Vexp500E+01_Vemit200E+03_tauD000E+00_Vran500E
 +01                  
 Start
           0
 set_grid_done
 set_clumps_done
 Done
 TIME :    2.00255400873721       sec
          50 %           4   306.548021550290     
 	 100 %           2   611.871614155825     
 Time :   612.011581243947     
 WOCIVL440M0010NH220/N_atom200E+10_Vexp100E+02_Vemit300E+03_tauD000E+00_Vran118E
 +01                  
 Start
           0
 set_grid_done
 set_clumps_done
 Done
 TIME :    2.00349628273398       sec
          50 %           1   114.032320800237     
 	 100 %           2   226.057608279865     
 Time :   226.204181227367     
 WOCIVL440M0010NH220/N_atom200E+10_Vexp200E+02_Vemit300E+03_tauD000E+00_Vran118E
 +01                  
 Start
           0
 set_grid_done
 set_clumps_done
 Done
 TIME :    2.00545930024236       sec
          50 %           4   104.529013570398     
 	 100 %           1   206.722053503618     
 Time :   206.870510568842     
 WOCIVL440M0010NH220/N_atom200E+10_Vexp300E+02_Vemit300E+03_tauD000E+00_Vran118E
 +01                  
 Start
           0
 set_grid_done
 set_clumps_done
 Done
 TIME :    2.00454361597076       sec
          50 %           4   100.783106738701     
 	 100 %           3   200.103258738760     
 Time :   200.252539904788     
 WOCIVL440M0010NH220/N_atom200E+10_Vexp400E+02_Vemit300E+03_tauD000E+00_Vran118E
 +01                  
 Start
           0
 set_grid_done
 set_clumps_done
 Done
 TIME :    2.02219410939142       sec
          50 %           3   99.8060503196903     
 	 100 %           2   197.800150016323     
 Time :   197.951062861830     
 WOCIVL440M0010NH220/N_atom200E+10_Vexp500E+02_Vemit300E+03_tauD000E+00_Vran118E
 +01                  
 Start
           0
 set_grid_done
 set_clumps_done
 Done
 TIME :    2.00443239556625       sec
          50 %           4   98.3512896080501     
 	 100 %           1   195.292787920218     
 Time :   195.442444296554     
 WOCIVL440M0010NH220/N_atom200E+10_Vexp600E+02_Vemit300E+03_tauD000E+00_Vran118E
 +01                  
 Start
           0
 set_grid_done
 set_clumps_done
 Done
 TIME :    2.00307771004736       sec
          50 %           4   98.3683653934859     
 	 100 %           3   195.085815036669     
 Time :   195.229760468472     
 WOCIVL440M0010NH220/N_atom200E+10_Vexp700E+02_Vemit300E+03_tauD000E+00_Vran118E
 +01                  
 Start
           0
 set_grid_done
 set_clumps_done
 Done
 TIME :    2.01632713992149       sec
          50 %           3   98.6416859161109     
 	 100 %           2   195.671136628836     
 Time :   195.824830600992     
 WOCIVL440M0010NH220/N_atom200E+10_Vexp800E+02_Vemit300E+03_tauD000E+00_Vran118E
 +01                  
 Start
           0
 set_grid_done
 set_clumps_done
 Done
 TIME :    2.00301783671603       sec
          50 %           3   99.0822424036451     
 	 100 %           3   196.554644489661     
 Time :   196.696670175996     
 WOCIVL440M0010NH220/N_atom200E+10_Vexp900E+02_Vemit300E+03_tauD000E+00_Vran118E
 +01                  
 Start
           0
 set_grid_done
 set_clumps_done
 Done
 TIME :    2.00283523090184       sec
          50 %           4   99.9142885548063     
 	 100 %           1   197.835485569201     
 Time :   197.988929267507     
 WOCIVL440M0010NH220/N_atom200E+10_Vexp100E+03_Vemit300E+03_tauD000E+00_Vran118E
 +01                  
 Start
           0
 set_grid_done
 set_clumps_done
 Done
 TIME :    2.00017869053409       sec
          50 %           3   99.6043496499769     
 	 100 %           3   197.086308883969     
 Time :   197.239774794318     
 WOCIVL440M0010NH220/N_atom200E+10_Vexp200E+03_Vemit300E+03_tauD000E+00_Vran118E
 +01                  
 Start
           0
 set_grid_done
 set_clumps_done
 Done
 TIME :    2.00626401370391       sec
          50 %           1   98.8839556388557     
 	 100 %           1   196.166133266874     
 Time :   196.324634522200     
 WOCIVL440M0010NH220/N_atom200E+10_Vexp300E+03_Vemit300E+03_tauD000E+00_Vran118E
 +01                  
 Start
           0
 set_grid_done
 set_clumps_done
 Done
 TIME :    2.00484241172671       sec
          50 %           1   97.2731039756909     
 	 100 %           2   192.437339942437     
 Time :   192.588009477127     
 WOCIVL440M0010NH220/N_atom200E+10_Vexp500E+01_Vemit300E+03_tauD000E+00_Vran118E
 +01                  
 Start
           0
 set_grid_done
 set_clumps_done
 Done
 TIME :    1.99931575637311       sec
          50 %           2   133.081435190048     
 	 100 %           3   263.979280623607     
 Time :   264.126127499621     
 WOCIVL440M0010NH220/N_atom200E+10_Vexp100E+02_Vemit300E+03_tauD000E+00_Vran300E
 +01                  
 Start
           0
 set_grid_done
 set_clumps_done
 Done
 TIME :    1.99990317877382       sec
          50 %           3   134.383345076349     
 	 100 %           1   265.420036575757     
 Time :   265.568876255304     
 WOCIVL440M0010NH220/N_atom200E+10_Vexp200E+02_Vemit300E+03_tauD000E+00_Vran300E
 +01                  
 Start
           0
 set_grid_done
 set_clumps_done
 Done
 TIME :    2.00132166501135       sec
          50 %           4   110.457805092912     
 	 100 %           3   213.271173838992     
 Time :   213.403115099296     
 WOCIVL440M0010NH220/N_atom200E+10_Vexp300E+02_Vemit300E+03_tauD000E+00_Vran300E
 +01                  
 Start
           0
 set_grid_done
 set_clumps_done
 Done
 TIME :    2.00422229710966       sec
          50 %           1   94.6201145527884     
 	 100 %           4   187.318758851383     
 Time :   187.452138685621     
 WOCIVL440M0010NH220/N_atom200E+10_Vexp400E+02_Vemit300E+03_tauD000E+00_Vran300E
 +01                  
 Start
           0
 set_grid_done
 set_clumps_done
 Done
 TIME :    2.00562580535188       sec
          50 %           4   91.6476343078539     
 	 100 %           2   188.499829822220     
 Time :   188.654573461972     
 WOCIVL440M0010NH220/N_atom200E+10_Vexp500E+02_Vemit300E+03_tauD000E+00_Vran300E
 +01                  
 Start
           0
 set_grid_done
 set_clumps_done
 Done
 TIME :    2.00321498000994       sec
          50 %           3   98.8696495383047     
 	 100 %           1   195.655530225486     
 Time :   195.802522346843     
 WOCIVL440M0010NH220/N_atom200E+10_Vexp600E+02_Vemit300E+03_tauD000E+00_Vran300E
 +01                  
 Start
           0
 set_grid_done
 set_clumps_done
 Done
 TIME :    2.00057037221268       sec
          50 %           1   98.7282551773824     
 	 100 %           3   195.279926605523     
 Time :   195.438791168854     
 WOCIVL440M0010NH220/N_atom200E+10_Vexp700E+02_Vemit300E+03_tauD000E+00_Vran300E
 +01                  
 Start
           0
 set_grid_done
 set_clumps_done
 Done
 TIME :    2.00366444140673       sec
          50 %           2   98.2501290258951     
 	 100 %           4   194.540966827422     
 Time :   194.697735932656     
 WOCIVL440M0010NH220/N_atom200E+10_Vexp800E+02_Vemit300E+03_tauD000E+00_Vran300E
 +01                  
 Start
           0
 set_grid_done
 set_clumps_done
 Done
 TIME :    1.99894391233101       sec
          50 %           2   98.0832540737465     
 	 100 %           3   194.343600946013     
 Time :   194.483954646159     
 WOCIVL440M0010NH220/N_atom200E+10_Vexp900E+02_Vemit300E+03_tauD000E+00_Vran300E
 +01                  
 Start
           0
 set_grid_done
 set_clumps_done
 Done
 TIME :    2.00072970381007       sec
          50 %           2   97.7698445669375     
 	 100 %           4   193.535492674913     
 Time :   193.686525558122     
 WOCIVL440M0010NH220/N_atom200E+10_Vexp100E+03_Vemit300E+03_tauD000E+00_Vran300E
 +01                  
 Start
           0
 set_grid_done
 set_clumps_done
 Done
 TIME :    2.00254471087828       sec
          50 %           3   97.6233482649550     
 	 100 %           1   193.185280607548     
 Time :   193.338085806463     
 WOCIVL440M0010NH220/N_atom200E+10_Vexp200E+03_Vemit300E+03_tauD000E+00_Vran300E
 +01                  
 Start
           0
 set_grid_done
 set_clumps_done
 Done
 TIME :    2.00204607658088       sec
          50 %           3   95.0318171922117     
 	 100 %           1   188.014610999729     
 Time :   188.163254327606     
 WOCIVL440M0010NH220/N_atom200E+10_Vexp300E+03_Vemit300E+03_tauD000E+00_Vran300E
 +01                  
 Start
           0
 set_grid_done
 set_clumps_done
 Done
 TIME :    2.00198504095897       sec
          50 %           3   93.3246592595242     
 	 100 %           3   184.700442256872     
 Time :   184.847296066117     
 WOCIVL440M0010NH220/N_atom200E+10_Vexp500E+01_Vemit300E+03_tauD000E+00_Vran300E
 +01                  
 Start
           0
 set_grid_done
 set_clumps_done
 Done
 TIME :    2.00369633128867       sec
          50 %           4   178.589743336197     
 	 100 %           3   354.581273666583     
 Time :   354.724965478294     
 WOCIVL440M0010NH220/N_atom200E+10_Vexp100E+02_Vemit300E+03_tauD000E+00_Vran500E
 +01                  
 Start
           0
 set_grid_done
 set_clumps_done
 Done
 TIME :    2.00428956514224       sec
          50 %           2   159.595178714953     
 	 100 %           3   317.221544073895     
 Time :   317.365871398710     
 WOCIVL440M0010NH220/N_atom200E+10_Vexp200E+02_Vemit300E+03_tauD000E+00_Vran500E
 +01                  
 Start
           0
 set_grid_done
 set_clumps_done
 Done
 TIME :    2.00176072632894       sec
          50 %           2   123.541576794814     
 	 100 %           4   245.183222663123     
 Time :   245.341122098733     
 WOCIVL440M0010NH220/N_atom200E+10_Vexp300E+02_Vemit300E+03_tauD000E+00_Vran500E
 +01                  
 Start
           0
 set_grid_done
 set_clumps_done
 Done
 TIME :    2.00612614257261       sec
          50 %           2   111.744902529754     
 	 100 %           1   221.385848239996     
 Time :   221.529777801596     
 WOCIVL440M0010NH220/N_atom200E+10_Vexp400E+02_Vemit300E+03_tauD000E+00_Vran500E
 +01                  
 Start
           0
 set_grid_done
 set_clumps_done
 Done
 TIME :    2.00301465066150       sec
          50 %           4   107.260728771798     
 	 100 %           3   212.684809893370     
 Time :   212.839962237049     
 WOCIVL440M0010NH220/N_atom200E+10_Vexp500E+02_Vemit300E+03_tauD000E+00_Vran500E
 +01                  
 Start
           0
 set_grid_done
 set_clumps_done
 Done
 TIME :    2.00625380454585       sec
          50 %           1   105.738636217546     
 	 100 %           2   209.500805445947     
 Time :   209.653140774928     
 WOCIVL440M0010NH220/N_atom200E+10_Vexp600E+02_Vemit300E+03_tauD000E+00_Vran500E
 +01                  
 Start
           0
 set_grid_done
 set_clumps_done
 Done
 TIME :    2.00182648096234       sec
          50 %           2   104.533665940631     
 	 100 %           1   207.053079479840     
 Time :   207.198881827760     
 WOCIVL440M0010NH220/N_atom200E+10_Vexp700E+02_Vemit300E+03_tauD000E+00_Vran500E
 +01                  
 Start
           0
 set_grid_done
 set_clumps_done
 Done
 TIME :    2.01955686602741       sec
          50 %           3   103.523445530329     
 	 100 %           1   204.718247303739     
 Time :   204.867915973067     
 WOCIVL440M0010NH220/N_atom200E+10_Vexp800E+02_Vemit300E+03_tauD000E+00_Vran500E
 +01                  
 Start
           0
 set_grid_done
 set_clumps_done
 Done
 TIME :    1.99873294262215       sec
          50 %           3   102.286132036708     
 	 100 %           1   202.960098832846     
 Time :   203.112385099288     
 WOCIVL440M0010NH220/N_atom200E+10_Vexp900E+02_Vemit300E+03_tauD000E+00_Vran500E
 +01                  
 Start
           0
 set_grid_done
 set_clumps_done
 Done
 TIME :    2.00322279473767       sec
          50 %           4   101.475924600381     
 	 100 %           1   200.953199916985     
 Time :   201.102587684523     
 WOCIVL440M0010NH220/N_atom200E+10_Vexp100E+03_Vemit300E+03_tauD000E+00_Vran500E
 +01                  
 Start
           0
 set_grid_done
 set_clumps_done
 Done
 TIME :    2.00841172086075       sec
          50 %           1   100.829806671478     
 	 100 %           2   199.454010131769     
 Time :   199.605060237460     
 WOCIVL440M0010NH220/N_atom200E+10_Vexp200E+03_Vemit300E+03_tauD000E+00_Vran500E
 +01                  
 Start
           0
 set_grid_done
 set_clumps_done
 Done
 TIME :    2.00898885400966       sec
          50 %           2   91.5136602884158     
 	 100 %           3   177.201297812164     
 Time :   177.338956689462     
 WOCIVL440M0010NH220/N_atom200E+10_Vexp300E+03_Vemit300E+03_tauD000E+00_Vran500E
 +01                  
 Start
           0
 set_grid_done
 set_clumps_done
 Done
 TIME :    2.01107762893662       sec
          50 %           3   85.2129179127514     
 	 100 %           1   168.540934679564     
 Time :   168.674494304229     
 WOCIVL440M0010NH220/N_atom200E+10_Vexp500E+01_Vemit300E+03_tauD000E+00_Vran500E
 +01                  
 Start
           0
 set_grid_done
 set_clumps_done
 Done
 TIME :    2.00950930966064       sec
          50 %           3   211.995939947665     
 	 100 %           2   423.002848069184     
 Time :   423.135938946158     
