nohup: ignoring input
 WOCIVL440M1NH220/N_atom200E+10_Vexp100E+02_Vemit500E+01_tauD000E+00_Vran118E+01
                      
 Start
           0
 set_grid_done
 set_clumps_done
 Done
 TIME :    2.50089277792722       sec
          50 %          15   438.305871896446     
 	 100 %          18   871.137077992316     
 Time :   871.340588548686     
 WOCIVL440M1NH220/N_atom200E+10_Vexp200E+02_Vemit500E+01_tauD000E+00_Vran118E+01
                      
 Start
           0
 set_grid_done
 set_clumps_done
 Done
 TIME :    4.83106425357983       sec
          50 %           9   333.863476348575     
 	 100 %          19   659.077089536935     
 Time :   659.285351369996     
 WOCIVL440M1NH220/N_atom200E+10_Vexp300E+02_Vemit500E+01_tauD000E+00_Vran118E+01
                      
 Start
           0
 set_grid_done
 set_clumps_done
 Done
 TIME :    4.82678707735613       sec
          50 %          11   292.195372106507     
 	 100 %          18   579.572343390435     
 Time :   579.780813287944     
 WOCIVL440M1NH220/N_atom200E+10_Vexp400E+02_Vemit500E+01_tauD000E+00_Vran118E+01
                      
 Start
           0
 set_grid_done
 set_clumps_done
 Done
 TIME :    4.81780795753002       sec
          50 %          10   267.772085923702     
 	 100 %           6   531.785856522154     
 Time :   531.993394170888     
 WOCIVL440M1NH220/N_atom200E+10_Vexp500E+02_Vemit500E+01_tauD000E+00_Vran118E+01
                      
 Start
           0
 set_grid_done
 set_clumps_done
 Done
 TIME :    4.82026496995240       sec
          50 %           3   251.653774108738     
 	 100 %           4   500.231647995766     
 Time :   500.440843971446     
 WOCIVL440M1NH220/N_atom200E+10_Vexp600E+02_Vemit500E+01_tauD000E+00_Vran118E+01
                      
 Start
           0
 set_grid_done
 set_clumps_done
 Done
 TIME :    4.83246875926852       sec
          50 %          18   238.360240655951     
 	 100 %           7   473.421716475394     
 Time :   473.624970174395     
 WOCIVL440M1NH220/N_atom200E+10_Vexp700E+02_Vemit500E+01_tauD000E+00_Vran118E+01
                      
 Start
           0
 set_grid_done
 set_clumps_done
 Done
 TIME :    4.74818506231532       sec
          50 %          10   230.923420683946     
 	 100 %           9   458.933837277349     
 Time :   459.137835890055     
 WOCIVL440M1NH220/N_atom200E+10_Vexp800E+02_Vemit500E+01_tauD000E+00_Vran118E+01
                      
 Start
           0
 set_grid_done
 set_clumps_done
 Done
 TIME :    4.75781151093543       sec
          50 %           2   226.920859758276     
 	 100 %           3   449.647910074797     
 Time :   449.848059412558     
 WOCIVL440M1NH220/N_atom200E+10_Vexp900E+02_Vemit500E+01_tauD000E+00_Vran118E+01
                      
 Start
           0
 set_grid_done
 set_clumps_done
 Done
 TIME :    4.75820164103061       sec
          50 %          10   218.341964224353     
 	 100 %           8   434.942781527527     
 Time :   435.146707131527     
 WOCIVL440M1NH220/N_atom200E+10_Vexp100E+03_Vemit500E+01_tauD000E+00_Vran118E+01
                      
 Start
           0
 set_grid_done
 set_clumps_done
 Done
 TIME :    4.75660114362836       sec
          50 %          15   218.910022731405     
 	 100 %           9   431.269127966836     
 Time :   431.476431551389     
 WOCIVL440M1NH220/N_atom200E+10_Vexp200E+03_Vemit500E+01_tauD000E+00_Vran118E+01
                      
 Start
           0
 set_grid_done
 set_clumps_done
 Done
 TIME :    4.80773334857076       sec
          50 %          17   215.158448258415     
 	 100 %           3   426.582933425438     
 Time :   426.787743066903     
 WOCIVL440M1NH220/N_atom200E+10_Vexp300E+03_Vemit500E+01_tauD000E+00_Vran118E+01
                      
 Start
           0
 set_grid_done
 set_clumps_done
 Done
 TIME :    4.80409137718379       sec
          50 %           6   203.938145560212     
 	 100 %          18   403.195221965201     
 Time :   403.400026557036     
 WOCIVL440M1NH220/N_atom200E+10_Vexp500E+01_Vemit500E+01_tauD000E+00_Vran118E+01
                      
 Start
           0
 set_grid_done
 set_clumps_done
 Done
 TIME :    4.80861335853115       sec
          50 %           7   615.824131023139     
 	 100 %           4   1223.60879470641     
 Time :   1223.81429251423     
 WOCIVL440M1NH220/N_atom200E+10_Vexp100E+02_Vemit500E+01_tauD000E+00_Vran300E+01
                      
 Start
           0
 set_grid_done
 set_clumps_done
 Done
 TIME :    4.79415534110740       sec
          50 %           6   427.741006565280     
 	 100 %          15   854.159044815227     
 Time :   854.362962474115     
 WOCIVL440M1NH220/N_atom200E+10_Vexp200E+02_Vemit500E+01_tauD000E+00_Vran300E+01
                      
 Start
           0
 set_grid_done
 set_clumps_done
 Done
 TIME :    4.77423875499517       sec
          50 %          14   264.697068307083     
 	 100 %          18   527.462934811134     
 Time :   527.663126919884     
 WOCIVL440M1NH220/N_atom200E+10_Vexp300E+02_Vemit500E+01_tauD000E+00_Vran300E+01
                      
 Start
           0
 set_grid_done
 set_clumps_done
 Done
 TIME :    4.78867492079735       sec
          50 %          15   215.104668930173     
 	 100 %          19   426.420047302730     
 Time :   426.620072524995     
 WOCIVL440M1NH220/N_atom200E+10_Vexp400E+02_Vemit500E+01_tauD000E+00_Vran300E+01
                      
 Start
           0
 set_grid_done
 set_clumps_done
 Done
 TIME :    4.79258058266714       sec
          50 %           4   188.439966293983     
 	 100 %           8   372.307117708959     
 Time :   372.506793528330     
 WOCIVL440M1NH220/N_atom200E+10_Vexp500E+02_Vemit500E+01_tauD000E+00_Vran300E+01
                      
 Start
           0
 set_grid_done
 set_clumps_done
 Done
 TIME :    4.78707120753825       sec
          50 %           5   169.540174023714     
 	 100 %           6   339.326090367977     
 Time :   339.526586203370     
 WOCIVL440M1NH220/N_atom200E+10_Vexp600E+02_Vemit500E+01_tauD000E+00_Vran300E+01
                      
 Start
           0
 set_grid_done
 set_clumps_done
 Done
 TIME :    4.79430807102472       sec
          50 %          18   162.169579318725     
 	 100 %          13   319.529486449901     
 Time :   319.739142598584     
 WOCIVL440M1NH220/N_atom200E+10_Vexp700E+02_Vemit500E+01_tauD000E+00_Vran300E+01
                      
 Start
           0
 set_grid_done
 set_clumps_done
 Done
 TIME :    4.79212481807917       sec
          50 %          18   153.550595969893     
 	 100 %           5   302.739104773384     
 Time :   302.943983936682     
 WOCIVL440M1NH220/N_atom200E+10_Vexp800E+02_Vemit500E+01_tauD000E+00_Vran300E+01
                      
 Start
           0
 set_grid_done
 set_clumps_done
 Done
 TIME :    4.79445762466639       sec
          50 %           1   148.417412998620     
 	 100 %          19   293.450067298021     
 Time :   293.656988046132     
 WOCIVL440M1NH220/N_atom200E+10_Vexp900E+02_Vemit500E+01_tauD000E+00_Vran300E+01
                      
 Start
           0
 set_grid_done
 set_clumps_done
 Done
 TIME :    4.79359420621768       sec
          50 %           7   148.091159560718     
 	 100 %           4   290.411589073017     
 Time :   290.618196466472     
 WOCIVL440M1NH220/N_atom200E+10_Vexp100E+03_Vemit500E+01_tauD000E+00_Vran300E+01
                      
 Start
           0
 set_grid_done
 set_clumps_done
 Done
 TIME :    4.77930777426809       sec
          50 %           9   147.968636695761     
 	 100 %          12   288.652525690384     
 Time :   288.845044517890     
 WOCIVL440M1NH220/N_atom200E+10_Vexp200E+03_Vemit500E+01_tauD000E+00_Vran300E+01
                      
 Start
           0
 set_grid_done
 set_clumps_done
 Done
 TIME :    4.79143563983962       sec
          50 %          15   135.255015795585     
 	 100 %          15   265.835789221805     
 Time :   266.035718552303     
 WOCIVL440M1NH220/N_atom200E+10_Vexp300E+03_Vemit500E+01_tauD000E+00_Vran300E+01
                      
 Start
           0
 set_grid_done
 set_clumps_done
 Done
 TIME :    4.79546562768519       sec
          50 %           2   128.169518506154     
 	 100 %          11   250.108618523926     
 Time :   250.316998540889     
 WOCIVL440M1NH220/N_atom200E+10_Vexp500E+01_Vemit500E+01_tauD000E+00_Vran300E+01
                      
 Start
           0
 set_grid_done
 set_clumps_done
 Done
 TIME :    4.80197314731777       sec
          50 %          13   708.603507840540     
 	 100 %           5   1391.27058651438     
 Time :   1391.47124270396     
 WOCIVL440M1NH220/N_atom200E+10_Vexp100E+02_Vemit500E+01_tauD000E+00_Vran500E+01
                      
 Start
           0
 set_grid_done
 set_clumps_done
 Done
 TIME :    4.76350386301056       sec
          50 %          19   397.421528222505     
 	 100 %          10   788.048223135062     
 Time :   788.247789296322     
 WOCIVL440M1NH220/N_atom200E+10_Vexp200E+02_Vemit500E+01_tauD000E+00_Vran500E+01
                      
 Start
           0
 set_grid_done
 set_clumps_done
 Done
 TIME :    4.77072069840506       sec
          50 %           9   244.573185554240     
 	 100 %           3   486.054501431528     
 Time :   486.258533577435     
 WOCIVL440M1NH220/N_atom200E+10_Vexp300E+02_Vemit500E+01_tauD000E+00_Vran500E+01
                      
 Start
           0
 set_grid_done
 set_clumps_done
 Done
 TIME :    4.77925958298147       sec
          50 %           6   199.549970185850     
 	 100 %           8   394.288961754180     
 Time :   394.495949720033     
 WOCIVL440M1NH220/N_atom200E+10_Vexp400E+02_Vemit500E+01_tauD000E+00_Vran500E+01
                      
 Start
           0
 set_grid_done
 set_clumps_done
 Done
 TIME :    3.79011700581759       sec
          50 %          16   169.607109589037     
 	 100 %          13   332.401153797749     
 Time :   332.592716740910     
 WOCIVL440M1NH220/N_atom200E+10_Vexp500E+02_Vemit500E+01_tauD000E+00_Vran500E+01
                      
 Start
           0
 set_grid_done
 set_clumps_done
 Done
 TIME :    2.60779702244326       sec
          50 %          10   150.869216608815     
 	 100 %          13   299.180818337016     
 Time :   299.382404491305     
 WOCIVL440M1NH220/N_atom200E+10_Vexp600E+02_Vemit500E+01_tauD000E+00_Vran500E+01
                      
 Start
           0
 set_grid_done
 set_clumps_done
 Done
 TIME :    4.77999814460054       sec
          50 %          15   143.961792452261     
 	 100 %           7   282.713271480985     
 Time :   282.918751835357     
 WOCIVL440M1NH220/N_atom200E+10_Vexp700E+02_Vemit500E+01_tauD000E+00_Vran500E+01
                      
 Start
           0
 set_grid_done
 set_clumps_done
 Done
 TIME :    4.74931060848758       sec
          50 %          11   141.036797496956     
 	 100 %           1   279.520978288259     
 Time :   279.723935193848     
 WOCIVL440M1NH220/N_atom200E+10_Vexp800E+02_Vemit500E+01_tauD000E+00_Vran500E+01
                      
 Start
           0
 set_grid_done
 set_clumps_done
 Done
 TIME :    4.74899350665510       sec
          50 %           2   140.524722822011     
 	 100 %          16   277.686586633790     
 Time :   277.894486119039     
 WOCIVL440M1NH220/N_atom200E+10_Vexp900E+02_Vemit500E+01_tauD000E+00_Vran500E+01
                      
 Start
           0
 set_grid_done
 set_clumps_done
 Done
 TIME :    4.75119955278933       sec
          50 %           6   139.516222428530     
 	 100 %          16   273.393034938723     
 Time :   273.598893350922     
 WOCIVL440M1NH220/N_atom200E+10_Vexp100E+03_Vemit500E+01_tauD000E+00_Vran500E+01
                      
 Start
           0
 set_grid_done
 set_clumps_done
 Done
 TIME :    4.74666989687830       sec
          50 %           4   135.732819885015     
 	 100 %          16   265.666975360364     
 Time :   265.870951029472     
 WOCIVL440M1NH220/N_atom200E+10_Vexp200E+03_Vemit500E+01_tauD000E+00_Vran500E+01
                      
 Start
           0
 set_grid_done
 set_clumps_done
 Done
 TIME :    4.73708030860871       sec
          50 %          19   115.990595202893     
 	 100 %           6   227.501302296761     
 Time :   227.710709342733     
 WOCIVL440M1NH220/N_atom200E+10_Vexp300E+03_Vemit500E+01_tauD000E+00_Vran500E+01
                      
 Start
           0
 set_grid_done
 set_clumps_done
 Done
 TIME :    4.73592834221199       sec
          50 %          18   106.148733782116     
 	 100 %           6   208.541372702457     
 Time :   208.746079779696     
 WOCIVL440M1NH220/N_atom200E+10_Vexp500E+01_Vemit500E+01_tauD000E+00_Vran500E+01
                      
 Start
           0
 set_grid_done
 set_clumps_done
 Done
 TIME :    4.78386062476784       sec
          50 %           6   700.086156981532     
 	 100 %          12   1397.64466632204     
 Time :   1397.84786080848     
 WOCIVL440M1NH220/N_atom200E+10_Vexp100E+02_Vemit100E+02_tauD000E+00_Vran118E+01
                      
 Start
           0
 set_grid_done
 set_clumps_done
 Done
 TIME :    4.71280426951125       sec
          50 %           7   274.956704327837     
 	 100 %          11   547.154892159626     
 Time :   547.339856801089     
 WOCIVL440M1NH220/N_atom200E+10_Vexp200E+02_Vemit100E+02_tauD000E+00_Vran118E+01
                      
 Start
           0
 set_grid_done
 set_clumps_done
 Done
 TIME :    2.84734574891627       sec
          50 %          13   226.408440539613     
 	 100 %          18   448.352426327299     
 Time :   448.559832536615     
 WOCIVL440M1NH220/N_atom200E+10_Vexp300E+02_Vemit100E+02_tauD000E+00_Vran118E+01
                      
 Start
           0
 set_grid_done
 set_clumps_done
 Done
 TIME :    4.72536035720259       sec
          50 %          14   206.360355519690     
 	 100 %          11   404.182587349322     
 Time :   404.388504763134     
 WOCIVL440M1NH220/N_atom200E+10_Vexp400E+02_Vemit100E+02_tauD000E+00_Vran118E+01
                      
 Start
           0
 set_grid_done
 set_clumps_done
 Done
 TIME :    4.73474910482764       sec
          50 %           4   190.139888542704     
 	 100 %          10   377.438754345756     
 Time :   377.645709298551     
 WOCIVL440M1NH220/N_atom200E+10_Vexp500E+02_Vemit100E+02_tauD000E+00_Vran118E+01
                      
 Start
           0
 set_grid_done
 set_clumps_done
 Done
 TIME :    4.73341724695638       sec
          50 %          12   180.863861658145     
 	 100 %          18   356.850818719715     
 Time :   357.056705345400     
 WOCIVL440M1NH220/N_atom200E+10_Vexp600E+02_Vemit100E+02_tauD000E+00_Vran118E+01
                      
 Start
           0
 set_grid_done
 set_clumps_done
 Done
 TIME :    4.73063596896827       sec
          50 %          18   171.586929765996     
 	 100 %           7   339.438415570185     
 Time :   339.645845564548     
 WOCIVL440M1NH220/N_atom200E+10_Vexp700E+02_Vemit100E+02_tauD000E+00_Vran118E+01
                      
 Start
           0
 set_grid_done
 set_clumps_done
 Done
 TIME :    4.70548694301397       sec
          50 %           1   167.560612828005     
 	 100 %          17   331.822013831697     
 Time :   332.026466325391     
 WOCIVL440M1NH220/N_atom200E+10_Vexp800E+02_Vemit100E+02_tauD000E+00_Vran118E+01
                      
 Start
           0
 set_grid_done
 set_clumps_done
 Done
 TIME :    4.70859492151067       sec
          50 %          13   163.777395766228     
 	 100 %          13   323.941889571492     
 Time :   324.132090249099     
 WOCIVL440M1NH220/N_atom200E+10_Vexp900E+02_Vemit100E+02_tauD000E+00_Vran118E+01
                      
 Start
           0
 set_grid_done
 set_clumps_done
 Done
 TIME :    2.56569263990968       sec
          50 %           4   157.988814211451     
 	 100 %          19   312.219502125867     
 Time :   312.425869393628     
 WOCIVL440M1NH220/N_atom200E+10_Vexp100E+03_Vemit100E+02_tauD000E+00_Vran118E+01
                      
 Start
           0
 set_grid_done
 set_clumps_done
 Done
 TIME :    4.77557145385072       sec
          50 %           6   157.600644012447     
 	 100 %          13   309.846909846645     
 Time :   310.048078068066     
 WOCIVL440M1NH220/N_atom200E+10_Vexp200E+03_Vemit100E+02_tauD000E+00_Vran118E+01
                      
 Start
           0
 set_grid_done
 set_clumps_done
 Done
 TIME :    4.75095811486244       sec
          50 %          14   148.720852511935     
 	 100 %          14   295.128944950178     
 Time :   295.332213537302     
 WOCIVL440M1NH220/N_atom200E+10_Vexp300E+03_Vemit100E+02_tauD000E+00_Vran118E+01
                      
 Start
           0
 set_grid_done
 set_clumps_done
 Done
 TIME :    4.69719618000090       sec
          50 %           5   142.153657977004     
 	 100 %          19   278.500554828905     
 Time :   278.703862730414     
 WOCIVL440M1NH220/N_atom200E+10_Vexp500E+01_Vemit100E+02_tauD000E+00_Vran118E+01
                      
 Start
           0
 set_grid_done
 set_clumps_done
 Done
 TIME :    4.81924551539123       sec
          50 %          13   365.872878425755     
 	 100 %          12   720.343371079769     
 Time :   720.548193866387     
 WOCIVL440M1NH220/N_atom200E+10_Vexp100E+02_Vemit100E+02_tauD000E+00_Vran300E+01
                      
 Start
           0
 set_grid_done
 set_clumps_done
 Done
 TIME :    4.72597888112068       sec
          50 %           6   308.545900553465     
 	 100 %           4   616.788969927933     
 Time :   616.989855763502     
 WOCIVL440M1NH220/N_atom200E+10_Vexp200E+02_Vemit100E+02_tauD000E+00_Vran300E+01
                      
 Start
           0
 set_grid_done
 set_clumps_done
 Done
 TIME :    4.77966331923380       sec
          50 %           2   216.295680438168     
 	 100 %           7   426.344697048888     
 Time :   426.552029898856     
 WOCIVL440M1NH220/N_atom200E+10_Vexp300E+02_Vemit100E+02_tauD000E+00_Vran300E+01
                      
 Start
           0
 set_grid_done
 set_clumps_done
 Done
 TIME :    4.80107159633189       sec
          50 %          13   177.868778665084     
 	 100 %          10   351.763246906456     
 Time :   351.967806363013     
 WOCIVL440M1NH220/N_atom200E+10_Vexp400E+02_Vemit100E+02_tauD000E+00_Vran300E+01
                      
 Start
           0
 set_grid_done
 set_clumps_done
 Done
 TIME :    4.78755331225693       sec
          50 %          18   159.499211454298     
 	 100 %           4   316.042075905949     
 Time :   316.243936711457     
 WOCIVL440M1NH220/N_atom200E+10_Vexp500E+02_Vemit100E+02_tauD000E+00_Vran300E+01
                      
 Start
           0
 set_grid_done
 set_clumps_done
 Done
 TIME :    4.73250663932413       sec
          50 %           9   145.083288309164     
 	 100 %           5   286.870899230242     
 Time :   287.072094081901     
 WOCIVL440M1NH220/N_atom200E+10_Vexp600E+02_Vemit100E+02_tauD000E+00_Vran300E+01
                      
 Start
           0
 set_grid_done
 set_clumps_done
 Done
 TIME :    4.78936216514558       sec
          50 %           3   136.393217866309     
 	 100 %           8   267.799941465724     
 Time :   268.000708896667     
 WOCIVL440M1NH220/N_atom200E+10_Vexp700E+02_Vemit100E+02_tauD000E+00_Vran300E+01
                      
 Start
           0
 set_grid_done
 set_clumps_done
 Done
 TIME :    4.73241761978716       sec
          50 %          13   129.628533439711     
 	 100 %          14   252.243975816760     
 Time :   252.444367975462     
 WOCIVL440M1NH220/N_atom200E+10_Vexp800E+02_Vemit100E+02_tauD000E+00_Vran300E+01
                      
 Start
           0
 set_grid_done
 set_clumps_done
 Done
 TIME :    4.71975822607055       sec
          50 %          11   124.309725694824     
 	 100 %          19   241.920182523783     
 Time :   242.124792556744     
 WOCIVL440M1NH220/N_atom200E+10_Vexp900E+02_Vemit100E+02_tauD000E+00_Vran300E+01
                      
 Start
           0
 set_grid_done
 set_clumps_done
 Done
 TIME :    4.72056630952284       sec
          50 %          17   122.760833899956     
 	 100 %          15   239.758610151708     
 Time :   239.960476427805     
 WOCIVL440M1NH220/N_atom200E+10_Vexp100E+03_Vemit100E+02_tauD000E+00_Vran300E+01
                      
 Start
           0
 set_grid_done
 set_clumps_done
 Done
 TIME :    4.73031935840845       sec
          50 %          18   120.058902897406     
 	 100 %           7   236.988794242963     
 Time :   237.190028158482     
 WOCIVL440M1NH220/N_atom200E+10_Vexp200E+03_Vemit100E+02_tauD000E+00_Vran300E+01
                      
 Start
           0
 set_grid_done
 set_clumps_done
 Done
 TIME :    4.72613924555480       sec
          50 %           9   108.765595005825     
 	 100 %          10   214.641467883717     
 Time :   214.847153377254     
 WOCIVL440M1NH220/N_atom200E+10_Vexp300E+03_Vemit100E+02_tauD000E+00_Vran300E+01
                      
 Start
           0
 set_grid_done
 set_clumps_done
 Done
 TIME :    4.73063914524391       sec
          50 %          18   99.9892614795826     
 	 100 %          11   195.576783504337     
 Time :   195.774030203931     
 WOCIVL440M1NH220/N_atom200E+10_Vexp500E+01_Vemit100E+02_tauD000E+00_Vran300E+01
                      
 Start
           0
 set_grid_done
 set_clumps_done
 Done
 TIME :    4.72515328461304       sec
          50 %           6   481.380623944569     
 	 100 %           5   973.850977976806     
 Time :   974.047805781011     
 WOCIVL440M1NH220/N_atom200E+10_Vexp100E+02_Vemit100E+02_tauD000E+00_Vran500E+01
                      
 Start
           0
 set_grid_done
 set_clumps_done
 Done
 TIME :    4.72598517313600       sec
          50 %          18   340.241487577092     
 	 100 %          11   678.035921768751     
 Time :   678.238470780198     
 WOCIVL440M1NH220/N_atom200E+10_Vexp200E+02_Vemit100E+02_tauD000E+00_Vran500E+01
                      
 Start
           0
 set_grid_done
 set_clumps_done
 Done
 TIME :    4.71993214637041       sec
          50 %          15   215.703540892340     
 	 100 %          18   424.062076330651     
 Time :   424.268518730998     
 WOCIVL440M1NH220/N_atom200E+10_Vexp300E+02_Vemit100E+02_tauD000E+00_Vran500E+01
                      
 Start
           0
 set_grid_done
 set_clumps_done
 Done
 TIME :    4.71242517000064       sec
          50 %          18   173.941811314784     
 	 100 %           1   342.706850338727     
 Time :   342.913147823885     
 WOCIVL440M1NH220/N_atom200E+10_Vexp400E+02_Vemit100E+02_tauD000E+00_Vran500E+01
                      
 Start
           0
 set_grid_done
 set_clumps_done
 Done
 TIME :    4.72285697655752       sec
          50 %          12   149.515194141306     
 	 100 %           3   296.031493826304     
 Time :   296.234570248984     
 WOCIVL440M1NH220/N_atom200E+10_Vexp500E+02_Vemit100E+02_tauD000E+00_Vran500E+01
                      
 Start
           0
 set_grid_done
 set_clumps_done
 Done
 TIME :    4.73478886997327       sec
          50 %          16   138.732015192043     
 	 100 %          11   271.914009911474     
 Time :   272.111369494814     
 WOCIVL440M1NH220/N_atom200E+10_Vexp600E+02_Vemit100E+02_tauD000E+00_Vran500E+01
                      
 Start
           0
 set_grid_done
 set_clumps_done
 Done
 TIME :    4.72679170360789       sec
          50 %           6   131.100029149093     
 	 100 %          16   260.340182912536     
 Time :   260.540454511996     
 WOCIVL440M1NH220/N_atom200E+10_Vexp700E+02_Vemit100E+02_tauD000E+00_Vran500E+01
                      
 Start
           0
 set_grid_done
 set_clumps_done
 Done
 TIME :    4.72876217309386       sec
          50 %           9   128.949840139132     
 	 100 %           5   253.526195743121     
 Time :   253.731253455393     
 WOCIVL440M1NH220/N_atom200E+10_Vexp800E+02_Vemit100E+02_tauD000E+00_Vran500E+01
                      
 Start
           0
 set_grid_done
 set_clumps_done
 Done
 TIME :    4.78869209345430       sec
          50 %          11   124.973813218065     
 	 100 %          13   246.856432981789     
 Time :   247.063127109781     
 WOCIVL440M1NH220/N_atom200E+10_Vexp900E+02_Vemit100E+02_tauD000E+00_Vran500E+01
                      
 Start
           0
 set_grid_done
 set_clumps_done
 Done
 TIME :    4.79524328606203       sec
          50 %          11   125.034149499610     
 	 100 %          14   245.661995452363     
 Time :   245.863828034606     
 WOCIVL440M1NH220/N_atom200E+10_Vexp100E+03_Vemit100E+02_tauD000E+00_Vran500E+01
                      
 Start
           0
 set_grid_done
 set_clumps_done
 Done
 TIME :    4.78455218719319       sec
          50 %          14   122.435788444243     
 	 100 %           3   239.940473367460     
 Time :   240.146382165141     
 WOCIVL440M1NH220/N_atom200E+10_Vexp200E+03_Vemit100E+02_tauD000E+00_Vran500E+01
                      
 Start
           0
 set_grid_done
 set_clumps_done
 Done
 TIME :    4.78460792312399       sec
          50 %          15   103.427505729720     
 	 100 %           5   202.627993847243     
 Time :   202.834757156204     
 WOCIVL440M1NH220/N_atom200E+10_Vexp300E+03_Vemit100E+02_tauD000E+00_Vran500E+01
                      
 Start
           0
 set_grid_done
 set_clumps_done
 Done
 TIME :    4.79564125090837       sec
          50 %          14   93.7617378449067     
 	 100 %          13   182.846515512560     
 Time :   183.050457848236     
 WOCIVL440M1NH220/N_atom200E+10_Vexp500E+01_Vemit100E+02_tauD000E+00_Vran500E+01
                      
 Start
           0
 set_grid_done
 set_clumps_done
 Done
 TIME :    4.72158598480746       sec
          50 %           6   595.645830530673     
 	 100 %          19   1185.25199197186     
 Time :   1185.43513054773     
 WOCIVL440M1NH220/N_atom200E+10_Vexp100E+02_Vemit200E+02_tauD000E+00_Vran118E+01
                      
 Start
           0
 set_grid_done
 set_clumps_done
 Done
 TIME :    2.55557404737920       sec
          50 %          13   168.706588911824     
 	 100 %           3   336.635097804014     
 Time :   336.831443613861     
 WOCIVL440M1NH220/N_atom200E+10_Vexp200E+02_Vemit200E+02_tauD000E+00_Vran118E+01
                      
 Start
           0
 set_grid_done
 set_clumps_done
 Done
 TIME :    4.70858173631132       sec
          50 %           4   151.264464028180     
 	 100 %           8   296.784151160158     
 Time :   296.983437640592     
 WOCIVL440M1NH220/N_atom200E+10_Vexp300E+02_Vemit200E+02_tauD000E+00_Vran118E+01
                      
 Start
           0
 set_grid_done
 set_clumps_done
 Done
 TIME :    4.69072444830090       sec
          50 %           2   142.325231615920     
 	 100 %           9   281.053880519699     
 Time :   281.252911014017     
 WOCIVL440M1NH220/N_atom200E+10_Vexp400E+02_Vemit200E+02_tauD000E+00_Vran118E+01
                      
 Start
           0
 set_grid_done
 set_clumps_done
 Done
 TIME :    4.76659272518009       sec
          50 %          19   136.460046689026     
 	 100 %           2   268.200685807038     
 Time :   268.405002813786     
 WOCIVL440M1NH220/N_atom200E+10_Vexp500E+02_Vemit200E+02_tauD000E+00_Vran118E+01
                      
 Start
           0
 set_grid_done
 set_clumps_done
 Done
 TIME :    4.70895710866898       sec
          50 %          18   134.812284064479     
 	 100 %          13   265.705514466856     
 Time :   265.908961663023     
 WOCIVL440M1NH220/N_atom200E+10_Vexp600E+02_Vemit200E+02_tauD000E+00_Vran118E+01
                      
 Start
           0
 set_grid_done
 set_clumps_done
 Done
 TIME :    4.71328080352396       sec
          50 %           6   129.682010183576     
 	 100 %          10   256.874244717415     
 Time :   257.076708166394     
 WOCIVL440M1NH220/N_atom200E+10_Vexp700E+02_Vemit200E+02_tauD000E+00_Vran118E+01
                      
 Start
           0
 set_grid_done
 set_clumps_done
 Done
 TIME :    4.71799300657585       sec
          50 %           1   129.419402868487     
 	 100 %          15   253.531756185461     
 Time :   253.734909533989     
 WOCIVL440M1NH220/N_atom200E+10_Vexp800E+02_Vemit200E+02_tauD000E+00_Vran118E+01
                      
 Start
           0
 set_grid_done
 set_clumps_done
 Done
 TIME :    4.76311027631164       sec
          50 %           1   127.265931399539     
 	 100 %          15   250.795149718877     
 Time :   250.991331707686     
 WOCIVL440M1NH220/N_atom200E+10_Vexp900E+02_Vemit200E+02_tauD000E+00_Vran118E+01
                      
 Start
           0
 set_grid_done
 set_clumps_done
 Done
 TIME :    4.73040625313297       sec
          50 %          17   125.276041463017     
 	 100 %          14   248.215261820704     
 Time :   248.422455045395     
 WOCIVL440M1NH220/N_atom200E+10_Vexp100E+03_Vemit200E+02_tauD000E+00_Vran118E+01
                      
 Start
           0
 set_grid_done
 set_clumps_done
 Done
 TIME :    4.74161203857511       sec
          50 %           4   125.666720873211     
 	 100 %          15   246.823118149303     
 Time :   247.028479137458     
 WOCIVL440M1NH220/N_atom200E+10_Vexp200E+03_Vemit200E+02_tauD000E+00_Vran118E+01
                      
 Start
           0
 set_grid_done
 set_clumps_done
 Done
 TIME :    4.74200045596808       sec
          50 %          15   118.045907523483     
 	 100 %           1   230.930333241820     
 Time :   231.136697654147     
 WOCIVL440M1NH220/N_atom200E+10_Vexp300E+03_Vemit200E+02_tauD000E+00_Vran118E+01
                      
 Start
           0
 set_grid_done
 set_clumps_done
 Done
 TIME :    4.70543921273202       sec
          50 %          13   112.366570133250     
 	 100 %           2   217.233677295037     
 Time :   217.439495731145     
 WOCIVL440M1NH220/N_atom200E+10_Vexp500E+01_Vemit200E+02_tauD000E+00_Vran118E+01
                      
 Start
           0
 set_grid_done
 set_clumps_done
 Done
 TIME :    4.73430294776335       sec
          50 %           4   217.042513389140     
 	 100 %          14   427.756998313125     
 Time :   427.963045102544     
 WOCIVL440M1NH220/N_atom200E+10_Vexp100E+02_Vemit200E+02_tauD000E+00_Vran300E+01
                      
 Start
           0
 set_grid_done
 set_clumps_done
 Done
 TIME :    2.67291347496212       sec
          50 %          19   205.894020215143     
 	 100 %          18   407.740791359451     
 Time :   407.946183426306     
 WOCIVL440M1NH220/N_atom200E+10_Vexp200E+02_Vemit200E+02_tauD000E+00_Vran300E+01
                      
 Start
           0
 set_grid_done
 set_clumps_done
 Done
 TIME :    4.74294378608465       sec
          50 %           8   155.601603069808     
 	 100 %           3   305.830626500305     
 Time :   306.028096272610     
 WOCIVL440M1NH220/N_atom200E+10_Vexp300E+02_Vemit200E+02_tauD000E+00_Vran300E+01
                      
 Start
           0
 set_grid_done
 set_clumps_done
 Done
 TIME :    4.74328108597547       sec
          50 %          16   137.609190513846     
 	 100 %           8   270.983571218327     
 Time :   271.188021888491     
 WOCIVL440M1NH220/N_atom200E+10_Vexp400E+02_Vemit200E+02_tauD000E+00_Vran300E+01
                      
 Start
           0
 set_grid_done
 set_clumps_done
 Done
 TIME :    4.72022546269000       sec
          50 %          18   127.483633617871     
 	 100 %          12   252.971122368705     
 Time :   253.172318994068     
 WOCIVL440M1NH220/N_atom200E+10_Vexp500E+02_Vemit200E+02_tauD000E+00_Vran300E+01
                      
 Start
           0
 set_grid_done
 set_clumps_done
 Done
 TIME :    4.74476344930008       sec
          50 %           6   122.386384248734     
 	 100 %          19   239.109802635852     
 Time :   239.313382253516     
 WOCIVL440M1NH220/N_atom200E+10_Vexp600E+02_Vemit200E+02_tauD000E+00_Vran300E+01
                      
 Start
           0
 set_grid_done
 set_clumps_done
 Done
 TIME :    4.73881685407832       sec
          50 %           8   118.038909091614     
 	 100 %           3   230.357483922970     
 Time :   230.560710460413     
 WOCIVL440M1NH220/N_atom200E+10_Vexp700E+02_Vemit200E+02_tauD000E+00_Vran300E+01
                      
 Start
           0
 set_grid_done
 set_clumps_done
 Done
 TIME :    4.72710886551067       sec
          50 %          19   114.726110172458     
 	 100 %          18   224.981754967477     
 Time :   225.188813476823     
 WOCIVL440M1NH220/N_atom200E+10_Vexp800E+02_Vemit200E+02_tauD000E+00_Vran300E+01
                      
 Start
           0
 set_grid_done
 set_clumps_done
 Done
 TIME :    4.73507884051651       sec
          50 %          18   114.245202644262     
 	 100 %           4   222.615368876141     
 Time :   222.819797404576     
 WOCIVL440M1NH220/N_atom200E+10_Vexp900E+02_Vemit200E+02_tauD000E+00_Vran300E+01
                      
 Start
           0
 set_grid_done
 set_clumps_done
 Done
 TIME :    4.73576266830787       sec
          50 %           4   111.665321909357     
 	 100 %          18   218.073883331846     
 Time :   218.276679132134     
 WOCIVL440M1NH220/N_atom200E+10_Vexp100E+03_Vemit200E+02_tauD000E+00_Vran300E+01
                      
 Start
           0
 set_grid_done
 set_clumps_done
 Done
 TIME :    4.72744674654678       sec
          50 %          14   110.067178297788     
 	 100 %           4   216.183719908353     
 Time :   216.381319136359     
 WOCIVL440M1NH220/N_atom200E+10_Vexp200E+03_Vemit200E+02_tauD000E+00_Vran300E+01
                      
 Start
           0
 set_grid_done
 set_clumps_done
 Done
 TIME :    4.73246519081295       sec
          50 %           7   97.7079451973550     
 	 100 %          13   191.997196245473     
 Time :   192.199032103643     
 WOCIVL440M1NH220/N_atom200E+10_Vexp300E+03_Vemit200E+02_tauD000E+00_Vran300E+01
                      
 Start
           0
 set_grid_done
 set_clumps_done
 Done
 TIME :    4.72824346879497       sec
          50 %          19   90.8153694788925     
 	 100 %           6   176.815625052899     
 Time :   177.019997274503     
 WOCIVL440M1NH220/N_atom200E+10_Vexp500E+01_Vemit200E+02_tauD000E+00_Vran300E+01
                      
 Start
           0
 set_grid_done
 set_clumps_done
 Done
 TIME :    4.73429003357887       sec
          50 %          16   308.169780552853     
 	 100 %          17   610.348903105594     
 Time :   610.553569655865     
 WOCIVL440M1NH220/N_atom200E+10_Vexp100E+02_Vemit200E+02_tauD000E+00_Vran500E+01
                      
 Start
           0
 set_grid_done
 set_clumps_done
 Done
 TIME :    4.73172025708482       sec
          50 %          19   251.121670744848     
 	 100 %           7   497.823249697220     
 Time :   498.023821756709     
 WOCIVL440M1NH220/N_atom200E+10_Vexp200E+02_Vemit200E+02_tauD000E+00_Vran500E+01
                      
 Start
           0
 set_grid_done
 set_clumps_done
 Done
 TIME :    4.72386053111404       sec
          50 %          15   174.833572268952     
 	 100 %           4   346.050934127998     
 Time :   346.255329924170     
 WOCIVL440M1NH220/N_atom200E+10_Vexp300E+02_Vemit200E+02_tauD000E+00_Vran500E+01
                      
 Start
           0
 set_grid_done
 set_clumps_done
 Done
 TIME :    4.74914767872542       sec
          50 %          18   148.432956205215     
 	 100 %          15   290.670438607223     
 Time :   290.866732939146     
 WOCIVL440M1NH220/N_atom200E+10_Vexp400E+02_Vemit200E+02_tauD000E+00_Vran500E+01
                      
 Start
           0
 set_grid_done
 set_clumps_done
 Done
 TIME :    4.74829554185271       sec
          50 %          10   133.646559213288     
 	 100 %          16   262.657307068352     
 Time :   262.862295409199     
 WOCIVL440M1NH220/N_atom200E+10_Vexp500E+02_Vemit200E+02_tauD000E+00_Vran500E+01
                      
 Start
           0
 set_grid_done
 set_clumps_done
 Done
 TIME :    4.71554928878322       sec
          50 %          18   124.811785574537     
 	 100 %          15   245.704855809454     
 Time :   245.912150226533     
 WOCIVL440M1NH220/N_atom200E+10_Vexp600E+02_Vemit200E+02_tauD000E+00_Vran500E+01
                      
 Start
           0
 set_grid_done
 set_clumps_done
 Done
 TIME :    4.74181596515700       sec
          50 %          19   121.031766581349     
 	 100 %          18   238.514639031142     
 Time :   238.715970021207     
 WOCIVL440M1NH220/N_atom200E+10_Vexp700E+02_Vemit200E+02_tauD000E+00_Vran500E+01
                      
 Start
           0
 set_grid_done
 set_clumps_done
 Done
 TIME :    4.74027618346736       sec
          50 %          19   118.419211499859     
 	 100 %          10   232.337865585927     
 Time :   232.539837612305     
 WOCIVL440M1NH220/N_atom200E+10_Vexp800E+02_Vemit200E+02_tauD000E+00_Vran500E+01
                      
 Start
           0
 set_grid_done
 set_clumps_done
 Done
 TIME :    4.74358688620850       sec
          50 %           1   116.851219127420     
 	 100 %           4   231.391419424675     
 Time :   231.594667483121     
 WOCIVL440M1NH220/N_atom200E+10_Vexp900E+02_Vemit200E+02_tauD000E+00_Vran500E+01
                      
 Start
           0
 set_grid_done
 set_clumps_done
 Done
 TIME :    2.57271587802097       sec
          50 %           3   115.058228921611     
 	 100 %          17   226.618947853334     
 Time :   226.821412835736     
 WOCIVL440M1NH220/N_atom200E+10_Vexp100E+03_Vemit200E+02_tauD000E+00_Vran500E+01
                      
 Start
           0
 set_grid_done
 set_clumps_done
 Done
 TIME :    4.75158499460667       sec
          50 %           5   115.289802263491     
 	 100 %          13   224.355604017619     
 Time :   224.557227603160     
 WOCIVL440M1NH220/N_atom200E+10_Vexp200E+03_Vemit200E+02_tauD000E+00_Vran500E+01
                      
 Start
           0
 set_grid_done
 set_clumps_done
 Done
 TIME :    4.74618693022057       sec
          50 %          12   96.8844755911268     
 	 100 %          12   188.808374179062     
 Time :   189.011229983065     
 WOCIVL440M1NH220/N_atom200E+10_Vexp300E+03_Vemit200E+02_tauD000E+00_Vran500E+01
                      
 Start
           0
 set_grid_done
 set_clumps_done
 Done
 TIME :    4.70528244506568       sec
          50 %          18   85.7507431590930     
 	 100 %           1   167.678296248429     
 Time :   167.884828208480     
 WOCIVL440M1NH220/N_atom200E+10_Vexp500E+01_Vemit200E+02_tauD000E+00_Vran500E+01
                      
 Start
           0
 set_grid_done
 set_clumps_done
 Done
 TIME :    4.73518733633682       sec
          50 %           5   409.692836857866     
 	 100 %           8   810.921662570443     
 Time :   811.126873624045     
 WOCIVL440M1NH220/N_atom200E+10_Vexp100E+02_Vemit300E+02_tauD000E+00_Vran118E+01
                      
 Start
           0
 set_grid_done
 set_clumps_done
 Done
 TIME :    4.73147585289553       sec
          50 %          12   149.207325723022     
 	 100 %           4   290.829771256540     
 Time :   291.036142451689     
 WOCIVL440M1NH220/N_atom200E+10_Vexp200E+02_Vemit300E+02_tauD000E+00_Vran118E+01
                      
 Start
           0
 set_grid_done
 set_clumps_done
 Done
 TIME :    4.73467863118276       sec
          50 %          10   128.250961151905     
 	 100 %           6   252.769576180261     
 Time :   252.970108775422     
 WOCIVL440M1NH220/N_atom200E+10_Vexp300E+02_Vemit300E+02_tauD000E+00_Vran118E+01
                      
 Start
           0
 set_grid_done
 set_clumps_done
 Done
 TIME :    4.73017467372119       sec
          50 %          17   122.697874811012     
 	 100 %          18   242.020511470269     
 Time :   242.221273811068     
 WOCIVL440M1NH220/N_atom200E+10_Vexp400E+02_Vemit300E+02_tauD000E+00_Vran118E+01
                      
 Start
           0
 set_grid_done
 set_clumps_done
 Done
 TIME :    4.72912616422400       sec
          50 %          17   121.856838909443     
 	 100 %          11   239.530023798812     
 Time :   239.733468880877     
 WOCIVL440M1NH220/N_atom200E+10_Vexp500E+02_Vemit300E+02_tauD000E+00_Vran118E+01
                      
 Start
           0
 set_grid_done
 set_clumps_done
 Done
 TIME :    4.73301816964522       sec
          50 %          11   119.350615645759     
 	 100 %          19   234.717607703526     
 Time :   234.924262186047     
 WOCIVL440M1NH220/N_atom200E+10_Vexp600E+02_Vemit300E+02_tauD000E+00_Vran118E+01
                      
 Start
           0
 set_grid_done
 set_clumps_done
 Done
 TIME :    4.73556280881166       sec
          50 %          17   116.831465790980     
 	 100 %           1   228.611512505915     
 Time :   228.817334959749     
 WOCIVL440M1NH220/N_atom200E+10_Vexp700E+02_Vemit300E+02_tauD000E+00_Vran118E+01
                      
 Start
           0
 set_grid_done
 set_clumps_done
 Done
 TIME :    4.74233592255041       sec
          50 %           5   116.061025389936     
 	 100 %           9   227.621697403025     
 Time :   227.823952005710     
 WOCIVL440M1NH220/N_atom200E+10_Vexp800E+02_Vemit300E+02_tauD000E+00_Vran118E+01
                      
 Start
           0
 set_grid_done
 set_clumps_done
 Done
 TIME :    4.72977728955448       sec
          50 %          16   114.688529194333     
 	 100 %           4   225.756342258304     
 Time :   225.957987104077     
 WOCIVL440M1NH220/N_atom200E+10_Vexp900E+02_Vemit300E+02_tauD000E+00_Vran118E+01
                      
 Start
           0
 set_grid_done
 set_clumps_done
 Done
 TIME :    4.73576396051794       sec
          50 %           5   116.345627414994     
 	 100 %          15   227.396081506740     
 Time :   227.597541421186     
 WOCIVL440M1NH220/N_atom200E+10_Vexp100E+03_Vemit300E+02_tauD000E+00_Vran118E+01
                      
 Start
           0
 set_grid_done
 set_clumps_done
 Done
 TIME :    4.73923658067361       sec
          50 %          12   112.869618238416     
 	 100 %          11   220.385818260256     
 Time :   220.591459790710     
 WOCIVL440M1NH220/N_atom200E+10_Vexp200E+03_Vemit300E+02_tauD000E+00_Vran118E+01
                      
 Start
           0
 set_grid_done
 set_clumps_done
 Done
 TIME :    4.72772760968655       sec
          50 %           1   108.298775902949     
 	 100 %           5   211.590540333185     
 Time :   211.794763601851     
 WOCIVL440M1NH220/N_atom200E+10_Vexp300E+03_Vemit300E+02_tauD000E+00_Vran118E+01
                      
 Start
           0
 set_grid_done
 set_clumps_done
 Done
 TIME :    4.71084720548242       sec
          50 %          12   102.552339868154     
 	 100 %           2   200.062320914585     
 Time :   200.266712042037     
 WOCIVL440M1NH220/N_atom200E+10_Vexp500E+01_Vemit300E+02_tauD000E+00_Vran118E+01
                      
 Start
           0
 set_grid_done
 set_clumps_done
 Done
 TIME :    4.73360240831971       sec
          50 %           5   182.379553328268     
 	 100 %           7   359.341934583616     
 Time :   359.543727500364     
 WOCIVL440M1NH220/N_atom200E+10_Vexp100E+02_Vemit300E+02_tauD000E+00_Vran300E+01
                      
 Start
           0
 set_grid_done
 set_clumps_done
 Done
 TIME :    4.73170274356380       sec
          50 %           7   176.585910969414     
 	 100 %           5   348.268416962586     
 Time :   348.471721738111     
 WOCIVL440M1NH220/N_atom200E+10_Vexp200E+02_Vemit300E+02_tauD000E+00_Vran300E+01
                      
 Start
           0
 set_grid_done
 set_clumps_done
 Done
 TIME :    4.72532250545919       sec
          50 %          14   136.495620327536     
 	 100 %          13   266.749555335380     
 Time :   266.954686878249     
 WOCIVL440M1NH220/N_atom200E+10_Vexp300E+02_Vemit300E+02_tauD000E+00_Vran300E+01
                      
 Start
           0
 set_grid_done
 set_clumps_done
 Done
 TIME :    4.71888814494014       sec
          50 %          14   119.878377821296     
 	 100 %          17   235.736208884977     
 Time :   235.931975825690     
 WOCIVL440M1NH220/N_atom200E+10_Vexp400E+02_Vemit300E+02_tauD000E+00_Vran300E+01
                      
 Start
           0
 set_grid_done
 set_clumps_done
 Done
 TIME :    4.71799021121114       sec
          50 %          13   113.217047342099     
 	 100 %          11   223.165466748644     
 Time :   223.369805917609     
 WOCIVL440M1NH220/N_atom200E+10_Vexp500E+02_Vemit300E+02_tauD000E+00_Vran300E+01
                      
 Start
           0
 set_grid_done
 set_clumps_done
 Done
 TIME :    4.72069599572569       sec
          50 %          12   110.876477081794     
 	 100 %           6   216.006436293479     
 Time :   216.208601777442     
 WOCIVL440M1NH220/N_atom200E+10_Vexp600E+02_Vemit300E+02_tauD000E+00_Vran300E+01
                      
 Start
           0
 set_grid_done
 set_clumps_done
 Done
 TIME :    4.71646087896079       sec
          50 %           3   108.037206657697     
 	 100 %          14   212.370283588767     
 Time :   212.570835249964     
 WOCIVL440M1NH220/N_atom200E+10_Vexp700E+02_Vemit300E+02_tauD000E+00_Vran300E+01
                      
 Start
           0
 set_grid_done
 set_clumps_done
 Done
 TIME :    4.72896827431396       sec
          50 %          17   107.371888990048     
 	 100 %           1   208.988308632746     
 Time :   209.192040188238     
 WOCIVL440M1NH220/N_atom200E+10_Vexp800E+02_Vemit300E+02_tauD000E+00_Vran300E+01
                      
 Start
           0
 set_grid_done
 set_clumps_done
 Done
 TIME :    4.72876716265455       sec
          50 %          10   105.003618873190     
 	 100 %          19   204.818679288030     
 Time :   205.020500187762     
 WOCIVL440M1NH220/N_atom200E+10_Vexp900E+02_Vemit300E+02_tauD000E+00_Vran300E+01
                      
 Start
           0
 set_grid_done
 set_clumps_done
 Done
 TIME :    4.72890419280156       sec
          50 %          19   106.152672797441     
 	 100 %          13   207.026819172315     
 Time :   207.231269932818     
 WOCIVL440M1NH220/N_atom200E+10_Vexp100E+03_Vemit300E+02_tauD000E+00_Vran300E+01
                      
 Start
           0
 set_grid_done
 set_clumps_done
 Done
 TIME :    4.73185561364517       sec
          50 %          14   103.824360508937     
 	 100 %           5   203.224547239020     
 Time :   203.426289760042     
 WOCIVL440M1NH220/N_atom200E+10_Vexp200E+03_Vemit300E+02_tauD000E+00_Vran300E+01
                      
 Start
           0
 set_grid_done
 set_clumps_done
 Done
 TIME :    4.72438867343590       sec
          50 %          18   95.3867913736030     
 	 100 %           7   186.320047628600     
 Time :   186.509516668040     
 WOCIVL440M1NH220/N_atom200E+10_Vexp300E+03_Vemit300E+02_tauD000E+00_Vran300E+01
                      
 Start
           0
 set_grid_done
 set_clumps_done
 Done
 TIME :    2.57312645716593       sec
          50 %          13   85.9870785879903     
 	 100 %           8   170.108680691104     
 Time :   170.301801460795     
 WOCIVL440M1NH220/N_atom200E+10_Vexp500E+01_Vemit300E+02_tauD000E+00_Vran300E+01
                      
 Start
           0
 set_grid_done
 set_clumps_done
 Done
 TIME :    2.57770659914240       sec
          50 %          15   251.977563871536     
 	 100 %          15   499.083145427983     
 Time :   499.291636786424     
 WOCIVL440M1NH220/N_atom200E+10_Vexp100E+02_Vemit300E+02_tauD000E+00_Vran500E+01
                      
 Start
           0
 set_grid_done
 set_clumps_done
 Done
 TIME :    4.72630725475028       sec
          50 %          10   217.001323532313     
 	 100 %           9   431.384848933201     
 Time :   431.575695256237     
 WOCIVL440M1NH220/N_atom200E+10_Vexp200E+02_Vemit300E+02_tauD000E+00_Vran500E+01
                      
 Start
           0
 set_grid_done
 set_clumps_done
 Done
 TIME :    2.57991411816329       sec
          50 %          15   156.136212078854     
 	 100 %           2   310.471500586253     
 Time :   310.674792287406     
 WOCIVL440M1NH220/N_atom200E+10_Vexp300E+02_Vemit300E+02_tauD000E+00_Vran500E+01
                      
 Start
           0
 set_grid_done
 set_clumps_done
 Done
 TIME :    4.69612143002450       sec
          50 %          18   140.189178932924     
 	 100 %           2   277.654365597293     
 Time :   277.859047727194     
 WOCIVL440M1NH220/N_atom200E+10_Vexp400E+02_Vemit300E+02_tauD000E+00_Vran500E+01
                      
 Start
           0
 set_grid_done
 set_clumps_done
 Done
 TIME :    4.66576922032982       sec
          50 %           5   129.710652489215     
 	 100 %          19   252.267490531784     
 Time :   252.473315139301     
 WOCIVL440M1NH220/N_atom200E+10_Vexp500E+02_Vemit300E+02_tauD000E+00_Vran500E+01
                      
 Start
           0
 set_grid_done
 set_clumps_done
 Done
 TIME :    4.73238372569904       sec
          50 %          16   116.921181085519     
 	 100 %           8   226.859657443129     
 Time :   227.063094630372     
 WOCIVL440M1NH220/N_atom200E+10_Vexp600E+02_Vemit300E+02_tauD000E+00_Vran500E+01
                      
 Start
           0
 set_grid_done
 set_clumps_done
 Done
 TIME :    4.74367225822061       sec
          50 %          17   112.394460150506     
 	 100 %          18   219.092049297411     
 Time :   219.290160406847     
 WOCIVL440M1NH220/N_atom200E+10_Vexp700E+02_Vemit300E+02_tauD000E+00_Vran500E+01
                      
 Start
           0
 set_grid_done
 set_clumps_done
 Done
 TIME :    4.74858541181311       sec
          50 %           4   111.441095890477     
 	 100 %           3   218.153664433863     
 Time :   218.352560763713     
 WOCIVL440M1NH220/N_atom200E+10_Vexp800E+02_Vemit300E+02_tauD000E+00_Vran500E+01
                      
 Start
           0
 set_grid_done
 set_clumps_done
 Done
 TIME :    4.73930409876630       sec
          50 %           9   111.864773652982     
 	 100 %          12   218.898823167663     
 Time :   219.101158403791     
 WOCIVL440M1NH220/N_atom200E+10_Vexp900E+02_Vemit300E+02_tauD000E+00_Vran500E+01
                      
 Start
           0
 set_grid_done
 set_clumps_done
 Done
 TIME :    4.74010978778824       sec
          50 %          16   110.743639132474     
 	 100 %          15   216.759505439084     
 Time :   216.958827035967     
 WOCIVL440M1NH220/N_atom200E+10_Vexp100E+03_Vemit300E+02_tauD000E+00_Vran500E+01
                      
 Start
           0
 set_grid_done
 set_clumps_done
 Done
 TIME :    4.70317465486005       sec
          50 %          19   109.502605586313     
 	 100 %          18   216.166795149911     
 Time :   216.367253824603     
 WOCIVL440M1NH220/N_atom200E+10_Vexp200E+03_Vemit300E+02_tauD000E+00_Vran500E+01
                      
 Start
           0
 set_grid_done
 set_clumps_done
 Done
 TIME :    4.66576906992123       sec
          50 %          18   95.5559149435721     
 	 100 %           9   186.832722082268     
 Time :   187.040802029893     
 WOCIVL440M1NH220/N_atom200E+10_Vexp300E+03_Vemit300E+02_tauD000E+00_Vran500E+01
                      
 Start
           0
 set_grid_done
 set_clumps_done
 Done
 TIME :    4.74738842062652       sec
          50 %          18   84.9203549437225     
 	 100 %          15   165.156990813557     
 Time :   165.357522787061     
 WOCIVL440M1NH220/N_atom200E+10_Vexp500E+01_Vemit300E+02_tauD000E+00_Vran500E+01
                      
 Start
           0
 set_grid_done
 set_clumps_done
 Done
 TIME :    4.73751368140802       sec
          50 %          19   339.472334478982     
 	 100 %           1   677.089238627814     
 Time :   677.296615000349     
 WOCIVL440M1NH220/N_atom200E+10_Vexp100E+02_Vemit400E+02_tauD000E+00_Vran118E+01
                      
 Start
           0
 set_grid_done
 set_clumps_done
 Done
 TIME :    4.74021453643218       sec
          50 %          10   136.704412105959     
 	 100 %          13   264.336137120146     
 Time :   264.543414905667     
 WOCIVL440M1NH220/N_atom200E+10_Vexp200E+02_Vemit400E+02_tauD000E+00_Vran118E+01
                      
 Start
           0
 set_grid_done
 set_clumps_done
 Done
 TIME :    4.73228607047349       sec
          50 %          15   119.218428270891     
 	 100 %           6   235.861865496263     
 Time :   236.069923642557     
 WOCIVL440M1NH220/N_atom200E+10_Vexp300E+02_Vemit400E+02_tauD000E+00_Vran118E+01
                      
 Start
           0
 set_grid_done
 set_clumps_done
 Done
 TIME :    4.73376435600221       sec
          50 %          13   116.678544599563     
 	 100 %           5   226.322841817047     
 Time :   226.522419459652     
 WOCIVL440M1NH220/N_atom200E+10_Vexp400E+02_Vemit400E+02_tauD000E+00_Vran118E+01
                      
 Start
           0
 set_grid_done
 set_clumps_done
 Done
 TIME :    4.71290534129366       sec
          50 %           3   115.538800582755     
 	 100 %           8   226.557057683356     
 Time :   226.761899495963     
 WOCIVL440M1NH220/N_atom200E+10_Vexp500E+02_Vemit400E+02_tauD000E+00_Vran118E+01
                      
 Start
           0
 set_grid_done
 set_clumps_done
 Done
 TIME :    4.73500713426620       sec
          50 %           1   109.553465905134     
 	 100 %          12   214.439492460806     
 Time :   214.647188890725     
 WOCIVL440M1NH220/N_atom200E+10_Vexp600E+02_Vemit400E+02_tauD000E+00_Vran118E+01
                      
 Start
           0
 set_grid_done
 set_clumps_done
 Done
 TIME :    4.74024076620117       sec
          50 %           2   108.099804189987     
 	 100 %          19   211.775875447784     
 Time :   211.977016086690     
 WOCIVL440M1NH220/N_atom200E+10_Vexp700E+02_Vemit400E+02_tauD000E+00_Vran118E+01
                      
 Start
           0
 set_grid_done
 set_clumps_done
 Done
 TIME :    4.73391673527658       sec
          50 %          19   107.091983397026     
 	 100 %           4   209.780252070632     
 Time :   209.984271943569     
 WOCIVL440M1NH220/N_atom200E+10_Vexp800E+02_Vemit400E+02_tauD000E+00_Vran118E+01
                      
 Start
           0
 set_grid_done
 set_clumps_done
 Done
 TIME :    4.73560718307272       sec
          50 %          17   106.700905029196     
 	 100 %           2   208.589909902774     
 Time :   208.786576851737     
 WOCIVL440M1NH220/N_atom200E+10_Vexp900E+02_Vemit400E+02_tauD000E+00_Vran118E+01
                      
 Start
           0
 set_grid_done
 set_clumps_done
 Done
 TIME :    4.73513001715764       sec
          50 %           8   106.312617797870     
 	 100 %           2   207.787580354605     
 Time :   207.992389715742     
 WOCIVL440M1NH220/N_atom200E+10_Vexp100E+03_Vemit400E+02_tauD000E+00_Vran118E+01
                      
 Start
           0
 set_grid_done
 set_clumps_done
 Done
 TIME :    4.73489676509053       sec
          50 %          16   104.807731713634     
 	 100 %          16   206.210074508097     
 Time :   206.408032727893     
 WOCIVL440M1NH220/N_atom200E+10_Vexp200E+03_Vemit400E+02_tauD000E+00_Vran118E+01
                      
 Start
           0
 set_grid_done
 set_clumps_done
 Done
 TIME :    4.73533885413781       sec
          50 %           4   102.792679446284     
 	 100 %          12   200.089828857221     
 Time :   200.294313512277     
 WOCIVL440M1NH220/N_atom200E+10_Vexp300E+03_Vemit400E+02_tauD000E+00_Vran118E+01
                      
 Start
           0
 set_grid_done
 set_clumps_done
 Done
 TIME :    4.73500645300373       sec
          50 %          18   96.7029250189662     
 	 100 %          11   188.514494187199     
 Time :   188.716560883448     
 WOCIVL440M1NH220/N_atom200E+10_Vexp500E+01_Vemit400E+02_tauD000E+00_Vran118E+01
                      
 Start
           0
 set_grid_done
 set_clumps_done
 Done
 TIME :    4.74613746674731       sec
          50 %           7   161.537802902982     
 	 100 %           3   318.224115038291     
 Time :   318.424908969551     
 WOCIVL440M1NH220/N_atom200E+10_Vexp100E+02_Vemit400E+02_tauD000E+00_Vran300E+01
                      
 Start
           0
 set_grid_done
 set_clumps_done
 Done
 TIME :    4.74996413849294       sec
          50 %          10   157.381569319405     
 	 100 %           7   310.235601655208     
 Time :   310.435029523913     
 WOCIVL440M1NH220/N_atom200E+10_Vexp200E+02_Vemit400E+02_tauD000E+00_Vran300E+01
                      
 Start
           0
 set_grid_done
 set_clumps_done
 Done
 TIME :    4.73678377596661       sec
          50 %          19   123.948890139814     
 	 100 %           2   243.234261599835     
 Time :   243.436349736992     
 WOCIVL440M1NH220/N_atom200E+10_Vexp300E+02_Vemit400E+02_tauD000E+00_Vran300E+01
                      
 Start
           0
 set_grid_done
 set_clumps_done
 Done
 TIME :    4.74945084424689       sec
          50 %          15   112.917914280668     
 	 100 %           4   220.889600458555     
 Time :   221.090200471226     
 WOCIVL440M1NH220/N_atom200E+10_Vexp400E+02_Vemit400E+02_tauD000E+00_Vran300E+01
                      
 Start
           0
 set_grid_done
 set_clumps_done
 Done
 TIME :    4.75102054327726       sec
          50 %          19   107.564876325894     
 	 100 %           9   209.876742291730     
 Time :   210.083002907224     
 WOCIVL440M1NH220/N_atom200E+10_Vexp500E+02_Vemit400E+02_tauD000E+00_Vran300E+01
                      
 Start
           0
 set_grid_done
 set_clumps_done
 Done
 TIME :    4.76195633644238       sec
          50 %          15   103.745213830844     
 	 100 %          18   204.541412312537     
 Time :   204.741118909791     
 WOCIVL440M1NH220/N_atom200E+10_Vexp600E+02_Vemit400E+02_tauD000E+00_Vran300E+01
                      
 Start
           0
 set_grid_done
 set_clumps_done
 Done
 TIME :    4.77050369651988       sec
          50 %          10   101.254943110514     
 	 100 %           6   196.241123195738     
 Time :   196.449145965278     
 WOCIVL440M1NH220/N_atom200E+10_Vexp700E+02_Vemit400E+02_tauD000E+00_Vran300E+01
                      
 Start
           0
 set_grid_done
 set_clumps_done
 Done
 TIME :    4.75998823111877       sec
          50 %           4   98.8231659149751     
 	 100 %          11   193.624446813017     
 Time :   193.827653652988     
 WOCIVL440M1NH220/N_atom200E+10_Vexp800E+02_Vemit400E+02_tauD000E+00_Vran300E+01
                      
 Start
           0
 set_grid_done
 set_clumps_done
 Done
 TIME :    4.76100508077070       sec
          50 %          12   98.7165380450897     
 	 100 %           1   192.674315618817     
 Time :   192.878818698693     
 WOCIVL440M1NH220/N_atom200E+10_Vexp900E+02_Vemit400E+02_tauD000E+00_Vran300E+01
                      
 Start
           0
 set_grid_done
 set_clumps_done
 Done
 TIME :    4.75874164560810       sec
          50 %           8   98.5329569396563     
 	 100 %           8   192.020828973502     
 Time :   192.224668995012     
 WOCIVL440M1NH220/N_atom200E+10_Vexp100E+03_Vemit400E+02_tauD000E+00_Vran300E+01
                      
 Start
           0
 set_grid_done
 set_clumps_done
 Done
 TIME :    4.76045525772497       sec
          50 %          15   96.8349809842184     
 	 100 %           6   190.126480598468     
 Time :   190.325237363111     
 WOCIVL440M1NH220/N_atom200E+10_Vexp200E+03_Vemit400E+02_tauD000E+00_Vran300E+01
                      
 Start
           0
 set_grid_done
 set_clumps_done
 Done
 TIME :    4.75850211083889       sec
          50 %          13   91.8193885469809     
 	 100 %           2   178.689245131798     
 Time :   178.889025659300     
 WOCIVL440M1NH220/N_atom200E+10_Vexp300E+03_Vemit400E+02_tauD000E+00_Vran300E+01
                      
 Start
           0
 set_grid_done
 set_clumps_done
 Done
 TIME :    4.75966525822878       sec
          50 %          18   84.8316174442880     
 	 100 %          15   165.652350347489     
 Time :   165.855909826700     
 WOCIVL440M1NH220/N_atom200E+10_Vexp500E+01_Vemit400E+02_tauD000E+00_Vran300E+01
                      
 Start
           0
 set_grid_done
 set_clumps_done
 Done
 TIME :    4.75612630276009       sec
          50 %           4   222.724220766686     
 	 100 %          17   441.974411151372     
 Time :   442.178840631619     
 WOCIVL440M1NH220/N_atom200E+10_Vexp100E+02_Vemit400E+02_tauD000E+00_Vran500E+01
                      
 Start
           0
 set_grid_done
 set_clumps_done
 Done
 TIME :    4.74944425188005       sec
          50 %           6   193.350364952348     
 	 100 %           1   381.728906549048     
 Time :   381.928489151411     
 WOCIVL440M1NH220/N_atom200E+10_Vexp200E+02_Vemit400E+02_tauD000E+00_Vran500E+01
                      
 Start
           0
 set_grid_done
 set_clumps_done
 Done
 TIME :    4.75659730611369       sec
          50 %           3   138.555538818706     
 	 100 %           3   273.734860037453     
 Time :   273.940721645486     
 WOCIVL440M1NH220/N_atom200E+10_Vexp300E+02_Vemit400E+02_tauD000E+00_Vran500E+01
                      
 Start
           0
 set_grid_done
 set_clumps_done
 Done
 TIME :    4.76967971352860       sec
          50 %          16   124.361126499251     
 	 100 %           2   244.882375911810     
 Time :   245.084041436668     
 WOCIVL440M1NH220/N_atom200E+10_Vexp400E+02_Vemit400E+02_tauD000E+00_Vran500E+01
                      
 Start
           0
 set_grid_done
 set_clumps_done
 Done
 TIME :    4.76637323852628       sec
          50 %           2   115.992075652350     
 	 100 %          10   226.932665642351     
 Time :   227.135510244872     
 WOCIVL440M1NH220/N_atom200E+10_Vexp500E+02_Vemit400E+02_tauD000E+00_Vran500E+01
                      
 Start
           0
 set_grid_done
 set_clumps_done
 Done
 TIME :    4.76271536713466       sec
          50 %           6   109.861533441581     
 	 100 %           3   215.047775642946     
 Time :   215.249133804347     
 WOCIVL440M1NH220/N_atom200E+10_Vexp600E+02_Vemit400E+02_tauD000E+00_Vran500E+01
                      
 Start
           0
 set_grid_done
 set_clumps_done
 Done
 TIME :    4.76886089937761       sec
          50 %           2   109.225536957383     
 	 100 %          10   214.036489112303     
 Time :   214.240395559929     
 WOCIVL440M1NH220/N_atom200E+10_Vexp700E+02_Vemit400E+02_tauD000E+00_Vran500E+01
                      
 Start
           0
 set_grid_done
 set_clumps_done
 Done
 TIME :    4.76372406119481       sec
          50 %           2   105.784899346065     
 	 100 %          13   208.061236397829     
 Time :   208.264097542036     
 WOCIVL440M1NH220/N_atom200E+10_Vexp800E+02_Vemit400E+02_tauD000E+00_Vran500E+01
                      
 Start
           0
 set_grid_done
 set_clumps_done
 Done
 TIME :    4.74139510700479       sec
          50 %           8   105.511197856627     
 	 100 %          12   204.100237194914     
 Time :   204.299813945778     
 WOCIVL440M1NH220/N_atom200E+10_Vexp900E+02_Vemit400E+02_tauD000E+00_Vran500E+01
                      
 Start
           0
 set_grid_done
 set_clumps_done
 Done
 TIME :    4.75268544256687       sec
          50 %          16   102.821459462401     
 	 100 %           8   200.375482758507     
 Time :   200.581580324098     
 WOCIVL440M1NH220/N_atom200E+10_Vexp100E+03_Vemit400E+02_tauD000E+00_Vran500E+01
                      
 Start
           0
 set_grid_done
 set_clumps_done
 Done
 TIME :    4.72457258263603       sec
          50 %          15   104.146718755364     
 	 100 %          18   204.408713005949     
 Time :   204.610267009120     
 WOCIVL440M1NH220/N_atom200E+10_Vexp200E+03_Vemit400E+02_tauD000E+00_Vran500E+01
                      
 Start
           0
 set_grid_done
 set_clumps_done
 Done
 TIME :    4.71735418401659       sec
          50 %           2   96.3453834545799     
 	 100 %           6   187.475842725951     
 Time :   187.678226764314     
 WOCIVL440M1NH220/N_atom200E+10_Vexp300E+03_Vemit400E+02_tauD000E+00_Vran500E+01
                      
 Start
           0
 set_grid_done
 set_clumps_done
 Done
 TIME :    4.72745590424165       sec
          50 %          15   85.3452903628349     
 	 100 %           2   166.396989445668     
 Time :   166.601483478211     
 WOCIVL440M1NH220/N_atom200E+10_Vexp500E+01_Vemit400E+02_tauD000E+00_Vran500E+01
                      
 Start
           0
 set_grid_done
 set_clumps_done
 Done
 TIME :    4.70824633957818       sec
          50 %           7   303.498165198136     
 	 100 %          11   600.057889048010     
 Time :   600.261934820097     
 WOCIVL440M1NH220/N_atom200E+10_Vexp100E+02_Vemit500E+02_tauD000E+00_Vran118E+01
                      
 Start
           0
 set_grid_done
 set_clumps_done
 Done
 TIME :    4.76269030943513       sec
          50 %           8   124.388167725876     
 	 100 %           7   245.368940435816     
 Time :   245.568387450650     
 WOCIVL440M1NH220/N_atom200E+10_Vexp200E+02_Vemit500E+02_tauD000E+00_Vran118E+01
                      
 Start
           0
 set_grid_done
 set_clumps_done
 Done
 TIME :    4.76721836207435       sec
          50 %           9   112.020829373505     
 	 100 %           5   219.418222923763     
 Time :   219.619685002603     
 WOCIVL440M1NH220/N_atom200E+10_Vexp300E+02_Vemit500E+02_tauD000E+00_Vran118E+01
                      
 Start
           0
 set_grid_done
 set_clumps_done
 Done
 TIME :    4.66466516489163       sec
          50 %           5   108.434924344998     
 	 100 %           5   212.236534871161     
 Time :   212.438534259796     
 WOCIVL440M1NH220/N_atom200E+10_Vexp400E+02_Vemit500E+02_tauD000E+00_Vran118E+01
                      
 Start
           0
 set_grid_done
 set_clumps_done
 Done
 TIME :    4.69129826687276       sec
          50 %          12   106.457648104988     
 	 100 %           5   207.684045804664     
 Time :   207.887193402275     
 WOCIVL440M1NH220/N_atom200E+10_Vexp500E+02_Vemit500E+02_tauD000E+00_Vran118E+01
                      
 Start
           0
 set_grid_done
 set_clumps_done
 Done
 TIME :    4.68872952228412       sec
          50 %          13   104.449871785473     
 	 100 %          14   202.310413918924     
 Time :   202.502975777723     
 WOCIVL440M1NH220/N_atom200E+10_Vexp600E+02_Vemit500E+02_tauD000E+00_Vran118E+01
                      
 Start
           0
 set_grid_done
 set_clumps_done
 Done
 TIME :    4.68887776369229       sec
          50 %          12   103.324100685306     
 	 100 %          13   202.697784009390     
 Time :   202.904277095571     
 WOCIVL440M1NH220/N_atom200E+10_Vexp700E+02_Vemit500E+02_tauD000E+00_Vran118E+01
                      
 Start
           0
 set_grid_done
 set_clumps_done
 Done
 TIME :    4.70446645654738       sec
          50 %          10   105.742080186959     
 	 100 %           7   204.022807915695     
 Time :   204.225083578378     
 WOCIVL440M1NH220/N_atom200E+10_Vexp800E+02_Vemit500E+02_tauD000E+00_Vran118E+01
                      
 Start
           0
 set_grid_done
 set_clumps_done
 Done
 TIME :    4.68324031541124       sec
          50 %          11   103.065925170202     
 	 100 %           6   202.121775525622     
 Time :   202.327157894149     
 WOCIVL440M1NH220/N_atom200E+10_Vexp900E+02_Vemit500E+02_tauD000E+00_Vran118E+01
                      
 Start
           0
 set_grid_done
 set_clumps_done
 Done
 TIME :    4.69230808317661       sec
          50 %           9   100.960025900044     
 	 100 %          17   199.194342744071     
 Time :   199.398805296980     
 WOCIVL440M1NH220/N_atom200E+10_Vexp100E+03_Vemit500E+02_tauD000E+00_Vran118E+01
                      
 Start
           0
 set_grid_done
 set_clumps_done
 Done
 TIME :    4.69662223011255       sec
          50 %           4   102.334796401206     
 	 100 %           1   200.052524794359     
 Time :   200.257387286052     
 WOCIVL440M1NH220/N_atom200E+10_Vexp200E+03_Vemit500E+02_tauD000E+00_Vran118E+01
                      
 Start
           0
 set_grid_done
 set_clumps_done
 Done
 TIME :    4.66745058121160       sec
          50 %           7   99.7007972751744     
 	 100 %           6   192.918300865218     
 Time :   193.117548351642     
 WOCIVL440M1NH220/N_atom200E+10_Vexp300E+03_Vemit500E+02_tauD000E+00_Vran118E+01
                      
 Start
           0
 set_grid_done
 set_clumps_done
 Done
 TIME :    4.69693115679547       sec
          50 %          11   94.0548120583408     
 	 100 %          14   182.769703094382     
 Time :   182.968219603412     
 WOCIVL440M1NH220/N_atom200E+10_Vexp500E+01_Vemit500E+02_tauD000E+00_Vran118E+01
                      
 Start
           0
 set_grid_done
 set_clumps_done
 Done
 TIME :    4.69562482787296       sec
          50 %          14   149.922480256762     
 	 100 %          12   294.598560097627     
 Time :   294.799649599474     
 WOCIVL440M1NH220/N_atom200E+10_Vexp100E+02_Vemit500E+02_tauD000E+00_Vran300E+01
                      
 Start
           0
 set_grid_done
 set_clumps_done
 Done
 TIME :    4.70221881149337       sec
          50 %          14   147.463542888872     
 	 100 %           3   290.772188710980     
 Time :   290.974987306166     
 WOCIVL440M1NH220/N_atom200E+10_Vexp200E+02_Vemit500E+02_tauD000E+00_Vran300E+01
                      
 Start
           0
 set_grid_done
 set_clumps_done
 Done
 TIME :    4.76213546609506       sec
          50 %          13   118.521946011577     
 	 100 %          12   231.225862503983     
 Time :   231.430949141271     
 WOCIVL440M1NH220/N_atom200E+10_Vexp300E+02_Vemit500E+02_tauD000E+00_Vran300E+01
                      
 Start
           0
 set_grid_done
 set_clumps_done
 Done
 TIME :    4.71069684019312       sec
          50 %           8   107.251682661474     
 	 100 %           8   209.205474492628     
 Time :   209.412394799758     
 WOCIVL440M1NH220/N_atom200E+10_Vexp400E+02_Vemit500E+02_tauD000E+00_Vran300E+01
                      
 Start
           0
 set_grid_done
 set_clumps_done
 Done
 TIME :    4.76340551674366       sec
          50 %           3   102.349423880223     
 	 100 %          11   200.943120747339     
 Time :   201.147290865425     
 WOCIVL440M1NH220/N_atom200E+10_Vexp500E+02_Vemit500E+02_tauD000E+00_Vran300E+01
                      
 Start
           0
 set_grid_done
 set_clumps_done
 Done
 TIME :    4.75652420800179       sec
          50 %           4   100.859433173202     
 	 100 %           6   194.697333944496     
 Time :   194.900334853679     
 WOCIVL440M1NH220/N_atom200E+10_Vexp600E+02_Vemit500E+02_tauD000E+00_Vran300E+01
                      
 Start
           0
 set_grid_done
 set_clumps_done
 Done
 TIME :    4.73273264802992       sec
          50 %           8   98.4509817836806     
 	 100 %          14   188.754042513203     
 Time :   188.946457493119     
 WOCIVL440M1NH220/N_atom200E+10_Vexp700E+02_Vemit500E+02_tauD000E+00_Vran300E+01
                      
 Start
           0
 set_grid_done
 set_clumps_done
 Done
 TIME :    4.75507904542610       sec
          50 %          15   92.9656812613830     
 	 100 %          10   182.895096115302     
 Time :   183.101800322067     
 WOCIVL440M1NH220/N_atom200E+10_Vexp800E+02_Vemit500E+02_tauD000E+00_Vran300E+01
                      
 Start
           0
 set_grid_done
 set_clumps_done
 Done
 TIME :    4.73169455816969       sec
          50 %           6   93.0921368291602     
 	 100 %           9   183.068044553045     
 Time :   183.271500946954     
 WOCIVL440M1NH220/N_atom200E+10_Vexp900E+02_Vemit500E+02_tauD000E+00_Vran300E+01
                      
 Start
           0
 set_grid_done
 set_clumps_done
 Done
 TIME :    4.69987477269024       sec
          50 %           4   94.0833377018571     
 	 100 %           2   182.888480600435     
 Time :   183.093204980250     
 WOCIVL440M1NH220/N_atom200E+10_Vexp100E+03_Vemit500E+02_tauD000E+00_Vran300E+01
                      
 Start
           0
 set_grid_done
 set_clumps_done
 Done
 TIME :    4.69851828878745       sec
          50 %           5   93.0776811358519     
 	 100 %           9   181.405332027934     
 Time :   181.606734744273     
 WOCIVL440M1NH220/N_atom200E+10_Vexp200E+03_Vemit500E+02_tauD000E+00_Vran300E+01
                      
 Start
           0
 set_grid_done
 set_clumps_done
 Done
 TIME :    4.74748509377241       sec
          50 %           6   89.9193519968539     
 	 100 %           9   172.295275588986     
 Time :   172.492120715789     
 WOCIVL440M1NH220/N_atom200E+10_Vexp300E+03_Vemit500E+02_tauD000E+00_Vran300E+01
                      
 Start
           0
 set_grid_done
 set_clumps_done
 Done
 TIME :    4.71076915739104       sec
          50 %          16   81.5905368765816     
 	 100 %          12   158.025996061973     
 Time :   158.229619422462     
 WOCIVL440M1NH220/N_atom200E+10_Vexp500E+01_Vemit500E+02_tauD000E+00_Vran300E+01
                      
 Start
           0
 set_grid_done
 set_clumps_done
 Done
 TIME :    4.74402676103637       sec
          50 %          18   202.440253468230     
 	 100 %           5   399.980196732562     
 Time :   400.185172179248     
 WOCIVL440M1NH220/N_atom200E+10_Vexp100E+02_Vemit500E+02_tauD000E+00_Vran500E+01
                      
 Start
           0
 set_grid_done
 set_clumps_done
 Done
 TIME :    4.70230913301930       sec
          50 %          17   174.874872866087     
 	 100 %          10   345.981166989543     
 Time :   346.187679923605     
 WOCIVL440M1NH220/N_atom200E+10_Vexp200E+02_Vemit500E+02_tauD000E+00_Vran500E+01
                      
 Start
           0
 set_grid_done
 set_clumps_done
 Done
 TIME :    4.76160669280216       sec
          50 %          19   131.101608936675     
 	 100 %          13   256.539621325210     
 Time :   256.737633427139     
 WOCIVL440M1NH220/N_atom200E+10_Vexp300E+02_Vemit500E+02_tauD000E+00_Vran500E+01
                      
 Start
           0
 set_grid_done
 set_clumps_done
 Done
 TIME :    4.75693060876802       sec
          50 %          10   113.973300870508     
 	 100 %           7   223.223045947962     
 Time :   223.420695401262     
 WOCIVL440M1NH220/N_atom200E+10_Vexp400E+02_Vemit500E+02_tauD000E+00_Vran500E+01
                      
 Start
           0
 set_grid_done
 set_clumps_done
 Done
 TIME :    4.67512209946290       sec
          50 %           5   105.083889183588     
 	 100 %          14   206.452621574979     
 Time :   206.652601471171     
 WOCIVL440M1NH220/N_atom200E+10_Vexp500E+02_Vemit500E+02_tauD000E+00_Vran500E+01
                      
 Start
           0
 set_grid_done
 set_clumps_done
 Done
 TIME :    4.67772715305910       sec
          50 %           6   100.178597035818     
 	 100 %          18   194.218562759925     
 Time :   194.423844036646     
 WOCIVL440M1NH220/N_atom200E+10_Vexp600E+02_Vemit500E+02_tauD000E+00_Vran500E+01
                      
 Start
           0
 set_grid_done
 set_clumps_done
 Done
 TIME :    4.68057630956173       sec
          50 %           6   95.8269724347629     
 	 100 %          13   188.387665401213     
 Time :   188.590149840340     
 WOCIVL440M1NH220/N_atom200E+10_Vexp700E+02_Vemit500E+02_tauD000E+00_Vran500E+01
                      
 Start
           0
 set_grid_done
 set_clumps_done
 Done
 TIME :    4.71233121166006       sec
          50 %           3   97.3724014186300     
 	 100 %           7   189.368531191256     
 Time :   189.571899126749     
 WOCIVL440M1NH220/N_atom200E+10_Vexp800E+02_Vemit500E+02_tauD000E+00_Vran500E+01
                      
 Start
           0
 set_grid_done
 set_clumps_done
 Done
 TIME :    4.75342816207558       sec
          50 %           4   96.2214473378845     
 	 100 %           1   186.837713934947     
 Time :   187.038471186534     
 WOCIVL440M1NH220/N_atom200E+10_Vexp900E+02_Vemit500E+02_tauD000E+00_Vran500E+01
                      
 Start
           0
 set_grid_done
 set_clumps_done
 Done
 TIME :    4.73505683848634       sec
          50 %           3   95.7167503139935     
 	 100 %           9   186.459853160661     
 Time :   186.660123167094     
 WOCIVL440M1NH220/N_atom200E+10_Vexp100E+03_Vemit500E+02_tauD000E+00_Vran500E+01
                      
 Start
           0
 set_grid_done
 set_clumps_done
 Done
 TIME :    4.75103598274291       sec
          50 %          19   94.8602363890968     
 	 100 %           9   186.038556938060     
 Time :   186.232544912957     
 WOCIVL440M1NH220/N_atom200E+10_Vexp200E+03_Vemit500E+02_tauD000E+00_Vran500E+01
                      
 Start
           0
 set_grid_done
 set_clumps_done
 Done
 TIME :    4.69172196136788       sec
          50 %           8   86.1634919713251     
 	 100 %           5   168.731052677147     
 Time :   168.925897748675     
 WOCIVL440M1NH220/N_atom200E+10_Vexp300E+03_Vemit500E+02_tauD000E+00_Vran500E+01
                      
 Start
           0
 set_grid_done
 set_clumps_done
 Done
 TIME :    4.72875359654427       sec
          50 %           9   82.8360940772109     
 	 100 %           7   160.634208832867     
 Time :   160.829067540821     
 WOCIVL440M1NH220/N_atom200E+10_Vexp500E+01_Vemit500E+02_tauD000E+00_Vran500E+01
                      
 Start
           0
 set_grid_done
 set_clumps_done
 Done
 TIME :    4.73277546931058       sec
          50 %           9   271.902091603726     
 	 100 %          12   539.814695180859     
 Time :   540.008942828979     
 WOCIVL440M1NH220/N_atom200E+10_Vexp100E+02_Vemit600E+02_tauD000E+00_Vran118E+01
                      
 Start
           0
 set_grid_done
 set_clumps_done
 Done
 TIME :    4.74685417674482       sec
          50 %          17   117.762158446480     
 	 100 %           9   229.977044114377     
 Time :   230.173459686339     
 WOCIVL440M1NH220/N_atom200E+10_Vexp200E+02_Vemit600E+02_tauD000E+00_Vran118E+01
                      
 Start
           0
 set_grid_done
 set_clumps_done
 Done
 TIME :    4.66166498139501       sec
          50 %          19   106.095104017761     
 	 100 %          10   205.628576707561     
 Time :   205.829716364387     
 WOCIVL440M1NH220/N_atom200E+10_Vexp300E+02_Vemit600E+02_tauD000E+00_Vran118E+01
                      
 Start
           0
 set_grid_done
 set_clumps_done
 Done
 TIME :    4.65010295994580       sec
          50 %          19   101.619772856124     
 	 100 %          17   197.032407673541     
 Time :   197.234175913502     
 WOCIVL440M1NH220/N_atom200E+10_Vexp400E+02_Vemit600E+02_tauD000E+00_Vran118E+01
                      
 Start
           0
 set_grid_done
 set_clumps_done
 Done
 TIME :    4.66463004797697       sec
          50 %          14   98.0570894554257     
 	 100 %           4   192.420781021006     
 Time :   192.626769249327     
 WOCIVL440M1NH220/N_atom200E+10_Vexp500E+02_Vemit600E+02_tauD000E+00_Vran118E+01
                      
 Start
           0
 set_grid_done
 set_clumps_done
 Done
 TIME :    4.66889090416953       sec
          50 %           4   96.7292337352410     
 	 100 %          10   187.945244199131     
 Time :   188.150544581935     
 WOCIVL440M1NH220/N_atom200E+10_Vexp600E+02_Vemit600E+02_tauD000E+00_Vran118E+01
                      
 Start
           0
 set_grid_done
 set_clumps_done
 Done
 TIME :    4.73655144497752       sec
          50 %           2   96.2317995536141     
 	 100 %          19   187.395537248347     
 Time :   187.596913043410     
 WOCIVL440M1NH220/N_atom200E+10_Vexp700E+02_Vemit600E+02_tauD000E+00_Vran118E+01
                      
 Start
           0
 set_grid_done
 set_clumps_done
 Done
 TIME :    4.73395517794415       sec
          50 %           1   95.6998270982876     
 	 100 %           7   186.434846665710     
 Time :   186.639183570165     
 WOCIVL440M1NH220/N_atom200E+10_Vexp800E+02_Vemit600E+02_tauD000E+00_Vran118E+01
                      
 Start
           0
 set_grid_done
 set_clumps_done
 Done
 TIME :    4.73715175408870       sec
          50 %          19   95.4478146289475     
 	 100 %          18   187.855211662129     
 Time :   188.059745650738     
 WOCIVL440M1NH220/N_atom200E+10_Vexp900E+02_Vemit600E+02_tauD000E+00_Vran118E+01
                      
 Start
           0
 set_grid_done
 set_clumps_done
 Done
 TIME :    4.75147680938244       sec
          50 %          17   98.5486624040641     
 	 100 %          11   192.318086165003     
 Time :   192.522990596481     
 WOCIVL440M1NH220/N_atom200E+10_Vexp100E+03_Vemit600E+02_tauD000E+00_Vran118E+01
                      
 Start
           0
 set_grid_done
 set_clumps_done
 Done
 TIME :    4.74914032500237       sec
          50 %          10   97.7347802123986     
 	 100 %          11   190.072199027054     
 Time :   190.266026397236     
 WOCIVL440M1NH220/N_atom200E+10_Vexp200E+03_Vemit600E+02_tauD000E+00_Vran118E+01
                      
 Start
           0
 set_grid_done
 set_clumps_done
 Done
 TIME :    2.57288409722969       sec
          50 %          17   91.3599808695726     
 	 100 %           4   180.160819580313     
 Time :   180.363686775323     
 WOCIVL440M1NH220/N_atom200E+10_Vexp300E+03_Vemit600E+02_tauD000E+00_Vran118E+01
                      
 Start
           0
 set_grid_done
 set_clumps_done
 Done
 TIME :    4.74072421388701       sec
          50 %          13   90.6123463576660     
 	 100 %           8   177.765094270930     
 Time :   177.969433449674     
 WOCIVL440M1NH220/N_atom200E+10_Vexp500E+01_Vemit600E+02_tauD000E+00_Vran118E+01
                      
 Start
           0
 set_grid_done
 set_clumps_done
 Done
 TIME :    4.73753121448681       sec
          50 %          16   138.082205995452     
 	 100 %          10   271.838269406930     
 Time :   272.043389908504     
 WOCIVL440M1NH220/N_atom200E+10_Vexp100E+02_Vemit600E+02_tauD000E+00_Vran300E+01
                      
 Start
           0
 set_grid_done
 set_clumps_done
 Done
 TIME :    4.74293731385842       sec
          50 %          16   135.416445805226     
 	 100 %          17   264.045701674651     
 Time :   264.247952039819     
 WOCIVL440M1NH220/N_atom200E+10_Vexp200E+02_Vemit600E+02_tauD000E+00_Vran300E+01
                      
 Start
           0
 set_grid_done
 set_clumps_done
 Done
 TIME :    4.75072212703526       sec
          50 %          17   111.157078715507     
 	 100 %           4   216.453260541428     
 Time :   216.655195808038     
 WOCIVL440M1NH220/N_atom200E+10_Vexp300E+02_Vemit600E+02_tauD000E+00_Vran300E+01
                      
 Start
           0
 set_grid_done
 set_clumps_done
 Done
 TIME :    4.70250911172479       sec
          50 %           3   100.250376813579     
 	 100 %           6   195.486125661060     
 Time :   195.688580884598     
 WOCIVL440M1NH220/N_atom200E+10_Vexp400E+02_Vemit600E+02_tauD000E+00_Vran300E+01
                      
 Start
           0
 set_grid_done
 set_clumps_done
 Done
 TIME :    4.69792775809765       sec
          50 %          10   95.4488621568307     
 	 100 %          10   185.146476778202     
 Time :   185.344809488393     
 WOCIVL440M1NH220/N_atom200E+10_Vexp500E+02_Vemit600E+02_tauD000E+00_Vran300E+01
                      
 Start
           0
 set_grid_done
 set_clumps_done
 Done
 TIME :    4.73632909310982       sec
          50 %          17   92.8714338061400     
 	 100 %          11   181.381532523315     
 Time :   181.585474668536     
 WOCIVL440M1NH220/N_atom200E+10_Vexp600E+02_Vemit600E+02_tauD000E+00_Vran300E+01
                      
 Start
           0
 set_grid_done
 set_clumps_done
 Done
 TIME :    4.75068119959906       sec
          50 %           9   91.4451875481755     
 	 100 %          11   178.146515662316     
 Time :   178.347361211665     
 WOCIVL440M1NH220/N_atom200E+10_Vexp700E+02_Vemit600E+02_tauD000E+00_Vran300E+01
                      
 Start
           0
 set_grid_done
 set_clumps_done
 Done
 TIME :    4.73678562976420       sec
          50 %          19   90.1650503543206     
 	 100 %           1   175.637703145389     
 Time :   175.837983241305     
 WOCIVL440M1NH220/N_atom200E+10_Vexp800E+02_Vemit600E+02_tauD000E+00_Vran300E+01
                      
 Start
           0
 set_grid_done
 set_clumps_done
 Done
 TIME :    4.69587067421526       sec
          50 %           9   90.0854053804651     
 	 100 %          15   174.997005840298     
 Time :   175.196343367454     
 WOCIVL440M1NH220/N_atom200E+10_Vexp900E+02_Vemit600E+02_tauD000E+00_Vran300E+01
                      
 Start
           0
 set_grid_done
 set_clumps_done
 Done
 TIME :    4.70917725656182       sec
          50 %           3   88.6458068336360     
 	 100 %          17   171.826009552926     
 Time :   172.024356039241     
 WOCIVL440M1NH220/N_atom200E+10_Vexp100E+03_Vemit600E+02_tauD000E+00_Vran300E+01
                      
 Start
           0
 set_grid_done
 set_clumps_done
 Done
 TIME :    4.68749754456803       sec
          50 %          10   87.6320193675347     
 	 100 %           3   172.197727640159     
 Time :   172.399162718095     
 WOCIVL440M1NH220/N_atom200E+10_Vexp200E+03_Vemit600E+02_tauD000E+00_Vran300E+01
                      
 Start
           0
 set_grid_done
 set_clumps_done
 Done
 TIME :    4.69063437730074       sec
          50 %          19   85.6462030713446     
 	 100 %          15   166.334435144905     
 Time :   166.538418017328     
 WOCIVL440M1NH220/N_atom200E+10_Vexp300E+03_Vemit600E+02_tauD000E+00_Vran300E+01
                      
 Start
           0
 set_grid_done
 set_clumps_done
 Done
 TIME :    4.69410811970010       sec
          50 %           5   81.5251233400777     
 	 100 %           7   157.952555312309     
 Time :   158.152233916800     
 WOCIVL440M1NH220/N_atom200E+10_Vexp500E+01_Vemit600E+02_tauD000E+00_Vran300E+01
                      
 Start
           0
 set_grid_done
 set_clumps_done
 Done
 TIME :    4.75346781732515       sec
          50 %          12   184.508032558952     
 	 100 %           1   366.481198868249     
 Time :   366.678725448903     
 WOCIVL440M1NH220/N_atom200E+10_Vexp100E+02_Vemit600E+02_tauD000E+00_Vran500E+01
                      
 Start
           0
 set_grid_done
 set_clumps_done
 Done
 TIME :    3.71600196650252       sec
          50 %           7   161.952009432018     
 	 100 %           7   323.205576023553     
 Time :   323.408638679888     
 WOCIVL440M1NH220/N_atom200E+10_Vexp200E+02_Vemit600E+02_tauD000E+00_Vran500E+01
                      
 Start
           0
 set_grid_done
 set_clumps_done
 Done
 TIME :    4.72001443244517       sec
          50 %           9   128.479180618655     
 	 100 %           4   249.948736021761     
 Time :   250.150228417944     
 WOCIVL440M1NH220/N_atom200E+10_Vexp300E+02_Vemit600E+02_tauD000E+00_Vran500E+01
                      
 Start
           0
 set_grid_done
 set_clumps_done
 Done
 TIME :    4.72477200068533       sec
          50 %          16   108.662731469143     
 	 100 %           9   211.449435305316     
 Time :   211.647378385998     
 WOCIVL440M1NH220/N_atom200E+10_Vexp400E+02_Vemit600E+02_tauD000E+00_Vran500E+01
                      
 Start
           0
 set_grid_done
 set_clumps_done
 Done
 TIME :    4.73700381349772       sec
          50 %           4   100.672331355978     
 	 100 %          12   196.558158240281     
 Time :   196.755359673873     
 WOCIVL440M1NH220/N_atom200E+10_Vexp500E+02_Vemit600E+02_tauD000E+00_Vran500E+01
                      
 Start
           0
 set_grid_done
 set_clumps_done
 Done
 TIME :    4.74207511730492       sec
          50 %          17   97.6979550183751     
 	 100 %          12   191.836987132672     
 Time :   192.043209084775     
 WOCIVL440M1NH220/N_atom200E+10_Vexp600E+02_Vemit600E+02_tauD000E+00_Vran500E+01
                      
 Start
           0
 set_grid_done
 set_clumps_done
 Done
 TIME :    4.75833458313718       sec
          50 %           2   96.4355890094303     
 	 100 %           3   185.825993721839     
 Time :   186.029242832214     
 WOCIVL440M1NH220/N_atom200E+10_Vexp700E+02_Vemit600E+02_tauD000E+00_Vran500E+01
                      
 Start
           0
 set_grid_done
 set_clumps_done
 Done
 TIME :    4.74104389036074       sec
          50 %           3   93.9441262073815     
 	 100 %          19   183.138200990390     
 Time :   183.343820188195     
 WOCIVL440M1NH220/N_atom200E+10_Vexp800E+02_Vemit600E+02_tauD000E+00_Vran500E+01
                      
 Start
           0
 set_grid_done
 set_clumps_done
 Done
 TIME :    4.75018096994609       sec
          50 %          19   93.8171253753826     
 	 100 %           8   182.665886038449     
 Time :   182.866549541708     
 WOCIVL440M1NH220/N_atom200E+10_Vexp900E+02_Vemit600E+02_tauD000E+00_Vran500E+01
                      
 Start
           0
 set_grid_done
 set_clumps_done
 Done
 TIME :    4.74427045322955       sec
          50 %          17   95.5611663889140     
 	 100 %          15   186.049933216535     
 Time :   186.251358906738     
 WOCIVL440M1NH220/N_atom200E+10_Vexp100E+03_Vemit600E+02_tauD000E+00_Vran500E+01
                      
 Start
           0
 set_grid_done
 set_clumps_done
 Done
 TIME :    4.75433641579002       sec
          50 %           3   94.5478727798909     
 	 100 %           9   183.489470111206     
 Time :   183.674245393369     
 WOCIVL440M1NH220/N_atom200E+10_Vexp200E+03_Vemit600E+02_tauD000E+00_Vran500E+01
                      
 Start
           0
 set_grid_done
 set_clumps_done
 Done
 TIME :    2.59360310621560       sec
          50 %          11   84.6473391456529     
 	 100 %           5   166.249258773401     
 Time :   166.451542561874     
 WOCIVL440M1NH220/N_atom200E+10_Vexp300E+03_Vemit600E+02_tauD000E+00_Vran500E+01
                      
 Start
           0
 set_grid_done
 set_clumps_done
 Done
 TIME :    4.75395321892574       sec
          50 %           2   81.4428402399644     
 	 100 %           6   157.967006476596     
 Time :   158.174134407658     
 WOCIVL440M1NH220/N_atom200E+10_Vexp500E+01_Vemit600E+02_tauD000E+00_Vran500E+01
                      
 Start
           0
 set_grid_done
 set_clumps_done
 Done
 TIME :    4.75180841842666       sec
          50 %           2   242.644367785659     
 	 100 %          14   479.842300635297     
 Time :   480.042833089828     
 WOCIVL440M1NH220/N_atom200E+10_Vexp100E+02_Vemit700E+02_tauD000E+00_Vran118E+01
                      
 Start
           0
 set_grid_done
 set_clumps_done
 Done
 TIME :    4.70189129980281       sec
          50 %          15   108.574788358063     
 	 100 %           2   212.241667651571     
 Time :   212.442179056350     
 WOCIVL440M1NH220/N_atom200E+10_Vexp200E+02_Vemit700E+02_tauD000E+00_Vran118E+01
                      
 Start
           0
 set_grid_done
 set_clumps_done
 Done
 TIME :    4.69594535604119       sec
          50 %           8   98.5926835038699     
 	 100 %          17   192.407565812580     
 Time :   192.608921579551     
 WOCIVL440M1NH220/N_atom200E+10_Vexp300E+02_Vemit700E+02_tauD000E+00_Vran118E+01
                      
 Start
           0
 set_grid_done
 set_clumps_done
 Done
 TIME :    4.75004336889833       sec
          50 %           3   94.1043956140056     
 	 100 %           5   183.752994577400     
 Time :   183.958623353858     
 WOCIVL440M1NH220/N_atom200E+10_Vexp400E+02_Vemit700E+02_tauD000E+00_Vran118E+01
                      
 Start
           0
 set_grid_done
 set_clumps_done
 Done
 TIME :    4.74605630245060       sec
          50 %           8   93.7202568254434     
 	 100 %           2   182.625737267081     
 Time :   182.829401064198     
 WOCIVL440M1NH220/N_atom200E+10_Vexp500E+02_Vemit700E+02_tauD000E+00_Vran118E+01
                      
 Start
           0
 set_grid_done
 set_clumps_done
 Done
 TIME :    4.74652194604278       sec
          50 %           5   94.6722029238008     
 	 100 %           8   183.621437999420     
 Time :   183.823819543235     
 WOCIVL440M1NH220/N_atom200E+10_Vexp600E+02_Vemit700E+02_tauD000E+00_Vran118E+01
                      
 Start
           0
 set_grid_done
 set_clumps_done
 Done
 TIME :    4.74217165028676       sec
          50 %          19   90.8621396254748     
 	 100 %          10   177.331626369618     
 Time :   177.536953763571     
 WOCIVL440M1NH220/N_atom200E+10_Vexp700E+02_Vemit700E+02_tauD000E+00_Vran118E+01
                      
 Start
           0
 set_grid_done
 set_clumps_done
 Done
 TIME :    4.74718520464376       sec
          50 %          19   91.8663440053351     
 	 100 %           1   178.851604694966     
 Time :   179.057149141096     
 WOCIVL440M1NH220/N_atom200E+10_Vexp800E+02_Vemit700E+02_tauD000E+00_Vran118E+01
                      
 Start
           0
 set_grid_done
 set_clumps_done
 Done
 TIME :    4.75168993370607       sec
          50 %           9   91.4598642401397     
 	 100 %           3   177.857800571714     
 Time :   178.060175753664     
 WOCIVL440M1NH220/N_atom200E+10_Vexp900E+02_Vemit700E+02_tauD000E+00_Vran118E+01
                      
 Start
           0
 set_grid_done
 set_clumps_done
 Done
 TIME :    4.74126018071547       sec
          50 %           4   91.3948569144122     
 	 100 %           3   177.642518245615     
 Time :   177.841392453294     
 WOCIVL440M1NH220/N_atom200E+10_Vexp100E+03_Vemit700E+02_tauD000E+00_Vran118E+01
                      
 Start
           0
 set_grid_done
 set_clumps_done
 Done
 TIME :    4.73508075391874       sec
          50 %          16   91.0310233794153     
 	 100 %          14   177.258737396449     
 Time :   177.463576784357     
 WOCIVL440M1NH220/N_atom200E+10_Vexp200E+03_Vemit700E+02_tauD000E+00_Vran118E+01
                      
 Start
           0
 set_grid_done
 set_clumps_done
 Done
 TIME :    4.73868741840124       sec
          50 %          15   90.0969106238335     
 	 100 %          13   175.161373374052     
 Time :   175.360420399811     
 WOCIVL440M1NH220/N_atom200E+10_Vexp300E+03_Vemit700E+02_tauD000E+00_Vran118E+01
                      
 Start
           0
 set_grid_done
 set_clumps_done
 Done
 TIME :    4.74105130461976       sec
          50 %          11   87.0296925185248     
 	 100 %           3   169.171675716527     
 Time :   169.375762416515     
 WOCIVL440M1NH220/N_atom200E+10_Vexp500E+01_Vemit700E+02_tauD000E+00_Vran118E+01
                      
 Start
           0
 set_grid_done
 set_clumps_done
 Done
 TIME :    4.74270038353279       sec
          50 %           6   128.040188543499     
 	 100 %          12   251.826426965650     
 Time :   252.032502749935     
 WOCIVL440M1NH220/N_atom200E+10_Vexp100E+02_Vemit700E+02_tauD000E+00_Vran300E+01
                      
 Start
           0
 set_grid_done
 set_clumps_done
 Done
 TIME :    4.75756829883903       sec
          50 %           4   126.475752309896     
 	 100 %          11   249.257897492032     
 Time :   249.464153188281     
 WOCIVL440M1NH220/N_atom200E+10_Vexp200E+02_Vemit700E+02_tauD000E+00_Vran300E+01
                      
 Start
           0
 set_grid_done
 set_clumps_done
 Done
 TIME :    4.77018945058808       sec
          50 %          13   101.375994472764     
 	 100 %           5   197.382773109712     
 Time :   197.585608675145     
 WOCIVL440M1NH220/N_atom200E+10_Vexp300E+02_Vemit700E+02_tauD000E+00_Vran300E+01
                      
 Start
           0
 set_grid_done
 set_clumps_done
 Done
 TIME :    4.74503826024011       sec
          50 %          18   95.6323608662933     
 	 100 %          14   188.108947281726     
 Time :   188.313300477341     
 WOCIVL440M1NH220/N_atom200E+10_Vexp400E+02_Vemit700E+02_tauD000E+00_Vran300E+01
                      
 Start
           0
 set_grid_done
 set_clumps_done
 Done
 TIME :    4.75688879983500       sec
          50 %          15   93.8781980942003     
 	 100 %          11   184.923613716383     
 Time :   185.129306554329     
 WOCIVL440M1NH220/N_atom200E+10_Vexp500E+02_Vemit700E+02_tauD000E+00_Vran300E+01
                      
 Start
           0
 set_grid_done
 set_clumps_done
 Done
 TIME :    4.76438829163089       sec
          50 %          11   91.2762774941511     
 	 100 %          10   177.869075749069     
 Time :   178.071368273813     
 WOCIVL440M1NH220/N_atom200E+10_Vexp600E+02_Vemit700E+02_tauD000E+00_Vran300E+01
                      
 Start
           0
 set_grid_done
 set_clumps_done
 Done
 TIME :    4.68445696402341       sec
          50 %          19   89.8080061939545     
 	 100 %          19   174.889865297358     
 Time :   175.093557989225     
 WOCIVL440M1NH220/N_atom200E+10_Vexp700E+02_Vemit700E+02_tauD000E+00_Vran300E+01
                      
 Start
           0
 set_grid_done
 set_clumps_done
 Done
 TIME :    4.66807441459969       sec
          50 %          10   89.7216909313574     
 	 100 %          18   175.832249980886     
 Time :   176.029885928612     
 WOCIVL440M1NH220/N_atom200E+10_Vexp800E+02_Vemit700E+02_tauD000E+00_Vran300E+01
                      
 Start
           0
 set_grid_done
 set_clumps_done
 Done
 TIME :    4.66714424965903       sec
          50 %          17   88.4490477694198     
 	 100 %          10   172.588734943420     
 Time :   172.794187474996     
 WOCIVL440M1NH220/N_atom200E+10_Vexp900E+02_Vemit700E+02_tauD000E+00_Vran300E+01
                      
 Start
           0
 set_grid_done
 set_clumps_done
 Done
 TIME :    4.70445007551461       sec
          50 %           4   88.1916754683480     
 	 100 %          19   170.888508096337     
 Time :   171.083661653101     
 WOCIVL440M1NH220/N_atom200E+10_Vexp100E+03_Vemit700E+02_tauD000E+00_Vran300E+01
                      
 Start
           0
 set_grid_done
 set_clumps_done
 Done
 TIME :    4.73194197751582       sec
          50 %          19   86.0486998278648     
 	 100 %          11   167.410063948482     
 Time :   167.609959935304     
 WOCIVL440M1NH220/N_atom200E+10_Vexp200E+03_Vemit700E+02_tauD000E+00_Vran300E+01
                      
 Start
           0
 set_grid_done
 set_clumps_done
 Done
 TIME :    4.74334311345592       sec
          50 %           1   83.3174393661320     
 	 100 %          13   161.892717982642     
 Time :   162.096262252890     
 WOCIVL440M1NH220/N_atom200E+10_Vexp300E+03_Vemit700E+02_tauD000E+00_Vran300E+01
                      
 Start
           0
 set_grid_done
 set_clumps_done
 Done
 TIME :    4.73791802860796       sec
          50 %          10   79.6390950940549     
 	 100 %           6   154.576888967771     
 Time :   154.782310290262     
 WOCIVL440M1NH220/N_atom200E+10_Vexp500E+01_Vemit700E+02_tauD000E+00_Vran300E+01
                      
 Start
           0
 set_grid_done
 set_clumps_done
 Done
 TIME :    4.73318341327831       sec
          50 %          12   170.221381555777     
 	 100 %          10   335.609192391392     
 Time :   335.809991802555     
 WOCIVL440M1NH220/N_atom200E+10_Vexp100E+02_Vemit700E+02_tauD000E+00_Vran500E+01
                      
 Start
           0
 set_grid_done
 set_clumps_done
 Done
 TIME :    4.74902311293408       sec
          50 %          15   151.655856692232     
 	 100 %          17   298.116201641038     
 Time :   298.314744910691     
 WOCIVL440M1NH220/N_atom200E+10_Vexp200E+02_Vemit700E+02_tauD000E+00_Vran500E+01
                      
 Start
           0
 set_grid_done
 set_clumps_done
 Done
 TIME :    4.74873467534781       sec
          50 %           2   114.115523749497     
 	 100 %           6   223.611937505659     
 Time :   223.811998024583     
 WOCIVL440M1NH220/N_atom200E+10_Vexp300E+02_Vemit700E+02_tauD000E+00_Vran500E+01
                      
 Start
           0
 set_grid_done
 set_clumps_done
 Done
 TIME :    4.74085189588368       sec
          50 %           3   101.920959905256     
 	 100 %          15   198.317658030428     
 Time :   198.524037390947     
 WOCIVL440M1NH220/N_atom200E+10_Vexp400E+02_Vemit700E+02_tauD000E+00_Vran500E+01
                      
 Start
           0
 set_grid_done
 set_clumps_done
 Done
 TIME :    4.74374483618885       sec
          50 %           6   96.0151902898215     
 	 100 %          10   188.466503964737     
 Time :   188.668937687762     
 WOCIVL440M1NH220/N_atom200E+10_Vexp500E+02_Vemit700E+02_tauD000E+00_Vran500E+01
                      
 Start
           0
 set_grid_done
 set_clumps_done
 Done
 TIME :    4.75217323098332       sec
          50 %          14   94.5512252724729     
 	 100 %           9   184.178391763009     
 Time :   184.386235312093     
 WOCIVL440M1NH220/N_atom200E+10_Vexp600E+02_Vemit700E+02_tauD000E+00_Vran500E+01
                      
 Start
           0
 set_grid_done
 set_clumps_done
 Done
 TIME :    4.75945356674492       sec
          50 %          18   92.8320695534348     
 	 100 %           6   180.797724377830     
 Time :   181.000539825298     
 WOCIVL440M1NH220/N_atom200E+10_Vexp700E+02_Vemit700E+02_tauD000E+00_Vran500E+01
                      
 Start
           0
 set_grid_done
 set_clumps_done
 Done
 TIME :    4.76105017680675       sec
          50 %           2   91.8047044207342     
 	 100 %           3   179.477265594993     
 Time :   179.681417708751     
 WOCIVL440M1NH220/N_atom200E+10_Vexp800E+02_Vemit700E+02_tauD000E+00_Vran500E+01
                      
 Start
           0
 set_grid_done
 set_clumps_done
 Done
 TIME :    4.67002765135840       sec
          50 %          13   92.0821151793934     
 	 100 %          11   179.763919725083     
 Time :   179.968096044846     
 WOCIVL440M1NH220/N_atom200E+10_Vexp900E+02_Vemit700E+02_tauD000E+00_Vran500E+01
                      
 Start
           0
 set_grid_done
 set_clumps_done
 Done
 TIME :    4.67321261530742       sec
          50 %          18   91.2124320524745     
 	 100 %          11   176.401613894850     
 Time :   176.594069662038     
 WOCIVL440M1NH220/N_atom200E+10_Vexp100E+03_Vemit700E+02_tauD000E+00_Vran500E+01
                      
 Start
           0
 set_grid_done
 set_clumps_done
 Done
 TIME :    4.75601059291512       sec
          50 %          13   89.2014787937514     
 	 100 %           2   173.586872299667     
 Time :   173.784151650965     
 WOCIVL440M1NH220/N_atom200E+10_Vexp200E+03_Vemit700E+02_tauD000E+00_Vran500E+01
                      
 Start
           0
 set_grid_done
 set_clumps_done
 Done
 TIME :    4.75448211235926       sec
          50 %           4   84.2157584456727     
 	 100 %           1   164.449773792643     
 Time :   164.655036594253     
 WOCIVL440M1NH220/N_atom200E+10_Vexp300E+03_Vemit700E+02_tauD000E+00_Vran500E+01
                      
 Start
           0
 set_grid_done
 set_clumps_done
 Done
 TIME :    4.75893591437489       sec
          50 %          15   80.2573514319956     
 	 100 %           9   156.339304571506     
 Time :   156.526690237224     
 WOCIVL440M1NH220/N_atom200E+10_Vexp500E+01_Vemit700E+02_tauD000E+00_Vran500E+01
                      
 Start
           0
 set_grid_done
 set_clumps_done
 Done
 TIME :    2.58141820272431       sec
          50 %           6   226.729628985748     
 	 100 %          15   448.878352979664     
 Time :   449.083212666679     
 WOCIVL440M1NH220/N_atom200E+10_Vexp100E+02_Vemit800E+02_tauD000E+00_Vran118E+01
                      
 Start
           0
 set_grid_done
 set_clumps_done
 Done
 TIME :    4.77068887837231       sec
          50 %           1   108.142855720129     
 	 100 %           8   211.255711321253     
 Time :   211.462381403428     
 WOCIVL440M1NH220/N_atom200E+10_Vexp200E+02_Vemit800E+02_tauD000E+00_Vran118E+01
                      
 Start
           0
 set_grid_done
 set_clumps_done
 Done
 TIME :    4.76329704048112       sec
          50 %           3   96.6797407716513     
 	 100 %           6   187.528331474867     
 Time :   187.734474066179     
 WOCIVL440M1NH220/N_atom200E+10_Vexp300E+02_Vemit800E+02_tauD000E+00_Vran118E+01
                      
 Start
           0
 set_grid_done
 set_clumps_done
 Done
 TIME :    4.75511260889471       sec
          50 %          17   91.5360177187249     
 	 100 %           9   178.423695462756     
 Time :   178.629770135041     
 WOCIVL440M1NH220/N_atom200E+10_Vexp400E+02_Vemit800E+02_tauD000E+00_Vran118E+01
                      
 Start
           0
 set_grid_done
 set_clumps_done
 Done
 TIME :    4.75727981142700       sec
          50 %           6   90.0660143713467     
 	 100 %          14   175.258694051765     
 Time :   175.460530681070     
 WOCIVL440M1NH220/N_atom200E+10_Vexp500E+02_Vemit800E+02_tauD000E+00_Vran118E+01
                      
 Start
           0
 set_grid_done
 set_clumps_done
 Done
 TIME :    4.75953164510429       sec
          50 %           4   89.2891130992211     
 	 100 %          12   173.785448461771     
 Time :   173.989853946492     
 WOCIVL440M1NH220/N_atom200E+10_Vexp600E+02_Vemit800E+02_tauD000E+00_Vran118E+01
                      
 Start
           0
 set_grid_done
 set_clumps_done
 Done
 TIME :    4.75076966732740       sec
          50 %           3   88.5161825227551     
 	 100 %           7   172.370178514160     
 Time :   172.571328410413     
 WOCIVL440M1NH220/N_atom200E+10_Vexp700E+02_Vemit800E+02_tauD000E+00_Vran118E+01
                      
 Start
           0
 set_grid_done
 set_clumps_done
 Done
 TIME :    4.74436390073970       sec
          50 %           6   88.1390363741666     
 	 100 %          15   173.302308206446     
 Time :   173.504805830307     
 WOCIVL440M1NH220/N_atom200E+10_Vexp800E+02_Vemit800E+02_tauD000E+00_Vran118E+01
                      
 Start
           0
 set_grid_done
 set_clumps_done
 Done
 TIME :    4.74563691671938       sec
          50 %           8   88.2267463230528     
 	 100 %           8   171.900009594392     
 Time :   172.099761688150     
 WOCIVL440M1NH220/N_atom200E+10_Vexp900E+02_Vemit800E+02_tauD000E+00_Vran118E+01
                      
 Start
           0
 set_grid_done
 set_clumps_done
 Done
 TIME :    4.74408284761012       sec
          50 %          11   87.2965285894461     
 	 100 %          18   170.163114020601     
 Time :   170.369299593382     
 WOCIVL440M1NH220/N_atom200E+10_Vexp100E+03_Vemit800E+02_tauD000E+00_Vran118E+01
                      
 Start
           0
 set_grid_done
 set_clumps_done
 Done
 TIME :    4.76155941328034       sec
          50 %          12   90.0164005681872     
 	 100 %          10   174.926238233224     
 Time :   175.119717192370     
 WOCIVL440M1NH220/N_atom200E+10_Vexp200E+03_Vemit800E+02_tauD000E+00_Vran118E+01
                      
 Start
           0
 set_grid_done
 set_clumps_done
 Done
 TIME :    2.58864808268845       sec
          50 %           1   85.1454226095229     
 	 100 %           2   167.498833337799     
 Time :   167.705881798174     
 WOCIVL440M1NH220/N_atom200E+10_Vexp300E+03_Vemit800E+02_tauD000E+00_Vran118E+01
                      
 Start
           0
 set_grid_done
 set_clumps_done
 Done
 TIME :    4.74778335029259       sec
          50 %          10   85.7915627332404     
 	 100 %          15   166.323956899811     
 Time :   166.523054611869     
 WOCIVL440M1NH220/N_atom200E+10_Vexp500E+01_Vemit800E+02_tauD000E+00_Vran118E+01
                      
 Start
           0
 set_grid_done
 set_clumps_done
 Done
 TIME :    4.75255125807598       sec
          50 %           2   120.680233148858     
 	 100 %           7   236.092158267274     
 Time :   236.299472852610     
 WOCIVL440M1NH220/N_atom200E+10_Vexp100E+02_Vemit800E+02_tauD000E+00_Vran300E+01
                      
 Start
           0
 set_grid_done
 set_clumps_done
 Done
 TIME :    4.70038870815188       sec
          50 %           3   118.632045539562     
 	 100 %          14   231.847909435630     
 Time :   232.051843545865     
 WOCIVL440M1NH220/N_atom200E+10_Vexp200E+02_Vemit800E+02_tauD000E+00_Vran300E+01
                      
 Start
           0
 set_grid_done
 set_clumps_done
 Done
 TIME :    4.70296051865444       sec
          50 %          15   98.1960753221065     
 	 100 %           6   191.592005896848     
 Time :   191.796160785947     
 WOCIVL440M1NH220/N_atom200E+10_Vexp300E+02_Vemit800E+02_tauD000E+00_Vran300E+01
                      
 Start
           0
 set_grid_done
 set_clumps_done
 Done
 TIME :    4.69265293749049       sec
          50 %          13   91.3294447702356     
 	 100 %          17   177.779436738696     
 Time :   177.983684754465     
 WOCIVL440M1NH220/N_atom200E+10_Vexp400E+02_Vemit800E+02_tauD000E+00_Vran300E+01
                      
 Start
           0
 set_grid_done
 set_clumps_done
 Done
 TIME :    4.67075337842107       sec
          50 %          15   88.0065450323746     
 	 100 %           6   171.315426968969     
 Time :   171.521028122865     
 WOCIVL440M1NH220/N_atom200E+10_Vexp500E+02_Vemit800E+02_tauD000E+00_Vran300E+01
                      
 Start
           0
 set_grid_done
 set_clumps_done
 Done
 TIME :    4.67028047144413       sec
          50 %           1   86.2066554236226     
 	 100 %           4   167.397602560464     
 Time :   167.603701709304     
 WOCIVL440M1NH220/N_atom200E+10_Vexp600E+02_Vemit800E+02_tauD000E+00_Vran300E+01
                      
 Start
           0
 set_grid_done
 set_clumps_done
 Done
 TIME :    4.67290465114638       sec
          50 %           5   84.5342304566875     
 	 100 %           9   164.455769771244     
 Time :   164.660499982070     
 WOCIVL440M1NH220/N_atom200E+10_Vexp700E+02_Vemit800E+02_tauD000E+00_Vran300E+01
                      
 Start
           0
 set_grid_done
 set_clumps_done
 Done
 TIME :    4.66403085086495       sec
          50 %           9   83.7875552852638     
 	 100 %           8   162.904926923569     
 Time :   163.111399751622     
 WOCIVL440M1NH220/N_atom200E+10_Vexp800E+02_Vemit800E+02_tauD000E+00_Vran300E+01
                      
 Start
           0
 set_grid_done
 set_clumps_done
 Done
 TIME :    4.67076819669455       sec
          50 %           4   83.7647356097586     
 	 100 %          17   162.587624241132     
 Time :   162.788954219315     
 WOCIVL440M1NH220/N_atom200E+10_Vexp900E+02_Vemit800E+02_tauD000E+00_Vran300E+01
                      
 Start
           0
 set_grid_done
 set_clumps_done
 Done
 TIME :    4.74791716365144       sec
          50 %           6   85.2458415962756     
 	 100 %           4   165.764367484953     
 Time :   165.965358069167     
 WOCIVL440M1NH220/N_atom200E+10_Vexp100E+03_Vemit800E+02_tauD000E+00_Vran300E+01
                      
 Start
           0
 set_grid_done
 set_clumps_done
 Done
 TIME :    4.74519137106836       sec
          50 %          13   85.5042711738497     
 	 100 %          18   166.156867811456     
 Time :   166.363311734516     
 WOCIVL440M1NH220/N_atom200E+10_Vexp200E+03_Vemit800E+02_tauD000E+00_Vran300E+01
                      
 Start
           0
 set_grid_done
 set_clumps_done
 Done
 TIME :    4.74627219233662       sec
          50 %           4   81.2252107597888     
 	 100 %          19   157.921019365545     
 Time :   158.126750926953     
 WOCIVL440M1NH220/N_atom200E+10_Vexp300E+03_Vemit800E+02_tauD000E+00_Vran300E+01
                      
 Start
           0
 set_grid_done
 set_clumps_done
 Done
 TIME :    4.69825060060248       sec
          50 %           9   78.0144486273639     
 	 100 %           4   151.347683875822     
 Time :   151.545398042537     
 WOCIVL440M1NH220/N_atom200E+10_Vexp500E+01_Vemit800E+02_tauD000E+00_Vran300E+01
                      
 Start
           0
 set_grid_done
 set_clumps_done
 Done
 TIME :    4.73872337676585       sec
          50 %          17   159.281548621133     
 	 100 %          13   313.269913594238     
 Time :   313.473902759142     
 WOCIVL440M1NH220/N_atom200E+10_Vexp100E+02_Vemit800E+02_tauD000E+00_Vran500E+01
                      
 Start
           0
 set_grid_done
 set_clumps_done
 Done
 TIME :    4.69324401952326       sec
          50 %          17   140.935075155925     
 	 100 %           3   277.207259544637     
 Time :   277.410827149171     
 WOCIVL440M1NH220/N_atom200E+10_Vexp200E+02_Vemit800E+02_tauD000E+00_Vran500E+01
                      
 Start
           0
 set_grid_done
 set_clumps_done
 Done
 TIME :    4.69175586570054       sec
          50 %          11   108.458033149131     
 	 100 %           9   214.609150203876     
 Time :   214.807895697188     
 WOCIVL440M1NH220/N_atom200E+10_Vexp300E+02_Vemit800E+02_tauD000E+00_Vran500E+01
                      
 Start
           0
 set_grid_done
 set_clumps_done
 Done
 TIME :    4.69111270504072       sec
          50 %           9   97.6306306356564     
 	 100 %           6   190.294831601437     
 Time :   190.492290223017     
 WOCIVL440M1NH220/N_atom200E+10_Vexp400E+02_Vemit800E+02_tauD000E+00_Vran500E+01
                      
 Start
           0
 set_grid_done
 set_clumps_done
 Done
 TIME :    4.69756197370589       sec
          50 %           8   92.0552544449456     
 	 100 %           7   179.304073144216     
 Time :   179.505708271172     
 WOCIVL440M1NH220/N_atom200E+10_Vexp500E+02_Vemit800E+02_tauD000E+00_Vran500E+01
                      
 Start
           0
 set_grid_done
 set_clumps_done
 Done
 TIME :    4.69687183434144       sec
          50 %           2   88.8743926356547     
 	 100 %          14   173.044297603890     
 Time :   173.250171555672     
 WOCIVL440M1NH220/N_atom200E+10_Vexp600E+02_Vemit800E+02_tauD000E+00_Vran500E+01
                      
 Start
           0
 set_grid_done
 set_clumps_done
 Done
 TIME :    4.74454940296710       sec
          50 %          13   87.3474571174011     
 	 100 %           1   169.776789554395     
 Time :   169.981425937265     
 WOCIVL440M1NH220/N_atom200E+10_Vexp700E+02_Vemit800E+02_tauD000E+00_Vran500E+01
                      
 Start
           0
 set_grid_done
 set_clumps_done
 Done
 TIME :    4.74245995748788       sec
          50 %          17   87.0283159860410     
 	 100 %          11   169.388766253833     
 Time :   169.594448661897     
 WOCIVL440M1NH220/N_atom200E+10_Vexp800E+02_Vemit800E+02_tauD000E+00_Vran500E+01
                      
 Start
           0
 set_grid_done
 set_clumps_done
 Done
 TIME :    4.74492644844577       sec
          50 %          15   87.0032642753795     
 	 100 %           8   169.094281784724     
 Time :   169.293824501336     
 WOCIVL440M1NH220/N_atom200E+10_Vexp900E+02_Vemit800E+02_tauD000E+00_Vran500E+01
                      
 Start
           0
 set_grid_done
 set_clumps_done
 Done
 TIME :    4.74083725828677       sec
          50 %          16   86.4697008705698     
 	 100 %           7   168.250144877937     
 Time :   168.451648425777     
 WOCIVL440M1NH220/N_atom200E+10_Vexp100E+03_Vemit800E+02_tauD000E+00_Vran500E+01
                      
 Start
           0
 set_grid_done
 set_clumps_done
 Done
 TIME :    4.74312005005777       sec
          50 %           8   86.3346573556773     
 	 100 %          13   167.135733264964     
 Time :   167.339446746744     
 WOCIVL440M1NH220/N_atom200E+10_Vexp200E+03_Vemit800E+02_tauD000E+00_Vran500E+01
                      
 Start
           0
 set_grid_done
 set_clumps_done
 Done
 TIME :    4.74568345537409       sec
          50 %           9   80.7736306264997     
 	 100 %          11   156.817707958166     
 Time :   157.021897693165     
 WOCIVL440M1NH220/N_atom200E+10_Vexp300E+03_Vemit800E+02_tauD000E+00_Vran500E+01
                      
 Start
           0
 set_grid_done
 set_clumps_done
 Done
 TIME :    4.74353633029386       sec
          50 %           2   78.7718561859801     
 	 100 %           2   150.895472955890     
 Time :   151.101187094115     
 WOCIVL440M1NH220/N_atom200E+10_Vexp500E+01_Vemit800E+02_tauD000E+00_Vran500E+01
                      
 Start
           0
 set_grid_done
 set_clumps_done
 Done
 TIME :    4.73799541499466       sec
          50 %           7   203.739197281189     
 	 100 %           2   403.153335586190     
 Time :   403.358268341515     
 WOCIVL440M1NH220/N_atom200E+10_Vexp100E+02_Vemit900E+02_tauD000E+00_Vran118E+01
                      
 Start
           0
 set_grid_done
 set_clumps_done
 Done
 TIME :    4.74118719249964       sec
          50 %          18   97.9514850280248     
 	 100 %          13   191.370210500900     
 Time :   191.575406014919     
 WOCIVL440M1NH220/N_atom200E+10_Vexp200E+02_Vemit900E+02_tauD000E+00_Vran118E+01
                      
 Start
           0
 set_grid_done
 set_clumps_done
 Done
 TIME :    4.73925363272429       sec
          50 %          17   91.1126699722372     
 	 100 %          17   177.182411511429     
 Time :   177.390376190189     
 WOCIVL440M1NH220/N_atom200E+10_Vexp300E+02_Vemit900E+02_tauD000E+00_Vran118E+01
                      
 Start
           0
 set_grid_done
 set_clumps_done
 Done
 TIME :    4.75256784958765       sec
          50 %          16   88.1605803985149     
 	 100 %          10   171.729160089511     
 Time :   171.934768126346     
 WOCIVL440M1NH220/N_atom200E+10_Vexp400E+02_Vemit900E+02_tauD000E+00_Vran118E+01
                      
 Start
           0
 set_grid_done
 set_clumps_done
 Done
 TIME :    4.74693406838924       sec
          50 %           7   86.6712378514931     
 	 100 %          15   168.621405637823     
 Time :   168.823022259865     
 WOCIVL440M1NH220/N_atom200E+10_Vexp500E+02_Vemit900E+02_tauD000E+00_Vran118E+01
                      
 Start
           0
 set_grid_done
 set_clumps_done
 Done
 TIME :    4.73663965193555       sec
          50 %          18   86.0542691666633     
 	 100 %           1   167.306455317885     
 Time :   167.507319672499     
 WOCIVL440M1NH220/N_atom200E+10_Vexp600E+02_Vemit900E+02_tauD000E+00_Vran118E+01
                      
 Start
           0
 set_grid_done
 set_clumps_done
 Done
 TIME :    4.73482718272135       sec
          50 %          18   85.6119437264279     
 	 100 %          19   166.434757127892     
 Time :   166.642724922858     
 WOCIVL440M1NH220/N_atom200E+10_Vexp700E+02_Vemit900E+02_tauD000E+00_Vran118E+01
                      
 Start
           0
 set_grid_done
 set_clumps_done
 Done
 TIME :    4.73830127576366       sec
          50 %          10   85.1374658895656     
 	 100 %           1   165.607133919373     
 Time :   165.809816244058     
 WOCIVL440M1NH220/N_atom200E+10_Vexp800E+02_Vemit900E+02_tauD000E+00_Vran118E+01
                      
 Start
           0
 set_grid_done
 set_clumps_done
 Done
 TIME :    4.73218604037538       sec
          50 %           2   85.1524647832848     
 	 100 %           6   165.112683540210     
 Time :   165.318823486567     
 WOCIVL440M1NH220/N_atom200E+10_Vexp900E+02_Vemit900E+02_tauD000E+00_Vran118E+01
                      
 Start
           0
 set_grid_done
 set_clumps_done
 Done
 TIME :    4.74227024754509       sec
          50 %          12   84.7430527932011     
 	 100 %           9   164.765109301079     
 Time :   164.965369168669     
 WOCIVL440M1NH220/N_atom200E+10_Vexp100E+03_Vemit900E+02_tauD000E+00_Vran118E+01
                      
 Start
           0
 set_grid_done
 set_clumps_done
 Done
 TIME :    4.74037016183138       sec
          50 %           7   85.0726328142919     
 	 100 %          12   165.116963111795     
 Time :   165.313778251875     
 WOCIVL440M1NH220/N_atom200E+10_Vexp200E+03_Vemit900E+02_tauD000E+00_Vran118E+01
                      
 Start
           0
 set_grid_done
 set_clumps_done
 Done
 TIME :    4.74469954753295       sec
          50 %           8   84.6484674867243     
 	 100 %           1   164.804218509700     
 Time :   165.002897937782     
 WOCIVL440M1NH220/N_atom200E+10_Vexp300E+03_Vemit900E+02_tauD000E+00_Vran118E+01
                      
 Start
           0
 set_grid_done
 set_clumps_done
 Done
 TIME :    4.73619135143235       sec
          50 %           2   82.6150123858824     
 	 100 %          17   160.575683157891     
 Time :   160.783832206856     
 WOCIVL440M1NH220/N_atom200E+10_Vexp500E+01_Vemit900E+02_tauD000E+00_Vran118E+01
                      
 Start
           0
 set_grid_done
 set_clumps_done
 Done
 TIME :    4.73506784951314       sec
          50 %           6   114.692293788306     
 	 100 %          12   224.865559651051     
 Time :   225.070153563283     
 WOCIVL440M1NH220/N_atom200E+10_Vexp100E+02_Vemit900E+02_tauD000E+00_Vran300E+01
                      
 Start
           0
 set_grid_done
 set_clumps_done
 Done
 TIME :    4.73872755421326       sec
          50 %           5   112.613090209197     
 	 100 %          16   220.346883793361     
 Time :   220.552445702720     
 WOCIVL440M1NH220/N_atom200E+10_Vexp200E+02_Vemit900E+02_tauD000E+00_Vran300E+01
                      
 Start
           0
 set_grid_done
 set_clumps_done
 Done
 TIME :    4.73914365423843       sec
          50 %          10   96.0795402079821     
 	 100 %          13   187.470695778262     
 Time :   187.676711288281     
 WOCIVL440M1NH220/N_atom200E+10_Vexp300E+02_Vemit900E+02_tauD000E+00_Vran300E+01
                      
 Start
           0
 set_grid_done
 set_clumps_done
 Done
 TIME :    4.74407799821347       sec
          50 %           2   91.2561773192137     
 	 100 %           1   177.857278801035     
 Time :   178.049846170470     
 WOCIVL440M1NH220/N_atom200E+10_Vexp400E+02_Vemit900E+02_tauD000E+00_Vran300E+01
                      
 Start
           0
 set_grid_done
 set_clumps_done
 Done
 TIME :    2.57725417008623       sec
          50 %          14   83.3101209579036     
 	 100 %          13   163.810216180049     
 Time :   164.015262150206     
 WOCIVL440M1NH220/N_atom200E+10_Vexp500E+02_Vemit900E+02_tauD000E+00_Vran300E+01
                      
 Start
           0
 set_grid_done
 set_clumps_done
 Done
 TIME :    4.73712648591027       sec
          50 %           8   83.3686034516431     
 	 100 %           6   161.845755801536     
 Time :   162.047828519251     
 WOCIVL440M1NH220/N_atom200E+10_Vexp600E+02_Vemit900E+02_tauD000E+00_Vran300E+01
                      
 Start
           0
 set_grid_done
 set_clumps_done
 Done
 TIME :    4.72981868777424       sec
          50 %           6   82.0346231786534     
 	 100 %           7   159.433312085457     
 Time :   159.635413697921     
 WOCIVL440M1NH220/N_atom200E+10_Vexp700E+02_Vemit900E+02_tauD000E+00_Vran300E+01
                      
 Start
           0
 set_grid_done
 set_clumps_done
 Done
 TIME :    4.73522347444668       sec
          50 %           4   81.3760163062252     
 	 100 %           9   157.925424324814     
 Time :   158.128255992662     
 WOCIVL440M1NH220/N_atom200E+10_Vexp800E+02_Vemit900E+02_tauD000E+00_Vran300E+01
                      
 Start
           0
 set_grid_done
 set_clumps_done
 Done
 TIME :    4.73867187928408       sec
          50 %          10   82.2753423466347     
 	 100 %           3   158.387038900983     
 Time :   158.587222022936     
 WOCIVL440M1NH220/N_atom200E+10_Vexp900E+02_Vemit900E+02_tauD000E+00_Vran300E+01
                      
 Start
           0
 set_grid_done
 set_clumps_done
 Done
 TIME :    4.73339257994667       sec
          50 %          18   80.7983146896586     
 	 100 %          17   157.042171316687     
 Time :   157.248959893826     
 WOCIVL440M1NH220/N_atom200E+10_Vexp100E+03_Vemit900E+02_tauD000E+00_Vran300E+01
                      
 Start
           0
 set_grid_done
 set_clumps_done
 Done
 TIME :    4.72926545795053       sec
          50 %          12   81.1095278952271     
 	 100 %          19   157.394689487759     
 Time :   157.596433331724     
 WOCIVL440M1NH220/N_atom200E+10_Vexp200E+03_Vemit900E+02_tauD000E+00_Vran300E+01
                      
 Start
           0
 set_grid_done
 set_clumps_done
 Done
 TIME :    4.74561645789072       sec
          50 %          10   79.0847629760392     
 	 100 %          15   152.759859181475     
 Time :   152.964304171037     
 WOCIVL440M1NH220/N_atom200E+10_Vexp300E+03_Vemit900E+02_tauD000E+00_Vran300E+01
                      
 Start
           0
 set_grid_done
 set_clumps_done
 Done
 TIME :    4.74262123368680       sec
          50 %           3   77.7549727545120     
 	 100 %          15   150.078343592118     
 Time :   150.281627828721     
 WOCIVL440M1NH220/N_atom200E+10_Vexp500E+01_Vemit900E+02_tauD000E+00_Vran300E+01
                      
 Start
           0
 set_grid_done
 set_clumps_done
 Done
 TIME :    4.74561775056645       sec
          50 %          10   152.894745728932     
 	 100 %          17   300.396597607527     
 Time :   300.604931286536     
 WOCIVL440M1NH220/N_atom200E+10_Vexp100E+02_Vemit900E+02_tauD000E+00_Vran500E+01
                      
 Start
           0
 set_grid_done
 set_clumps_done
 Done
 TIME :    4.75237668678164       sec
          50 %           7   136.004591962788     
 	 100 %           1   267.326103182975     
 Time :   267.532528820913     
 WOCIVL440M1NH220/N_atom200E+10_Vexp200E+02_Vemit900E+02_tauD000E+00_Vran500E+01
                      
 Start
           0
 set_grid_done
 set_clumps_done
 Done
 TIME :    4.73966106632724       sec
          50 %           5   107.226860756986     
 	 100 %           1   209.696654285304     
 Time :   209.903031582013     
 WOCIVL440M1NH220/N_atom200E+10_Vexp300E+02_Vemit900E+02_tauD000E+00_Vran500E+01
                      
 Start
           0
 set_grid_done
 set_clumps_done
 Done
 TIME :    4.74347878154367       sec
          50 %          12   95.8932752190158     
 	 100 %          13   188.771383681800     
 Time :   188.976463456172     
 WOCIVL440M1NH220/N_atom200E+10_Vexp400E+02_Vemit900E+02_tauD000E+00_Vran500E+01
                      
 Start
           0
 set_grid_done
 set_clumps_done
 Done
 TIME :    4.75135273346677       sec
          50 %           9   92.9554232642986     
 	 100 %          12   179.949160700198     
 Time :   180.152663452085     
 WOCIVL440M1NH220/N_atom200E+10_Vexp500E+02_Vemit900E+02_tauD000E+00_Vran500E+01
                      
 Start
           0
 set_grid_done
 set_clumps_done
 Done
 TIME :    4.73826878378168       sec
          50 %          15   87.7130756992847     
 	 100 %          13   170.843688982073     
 Time :   171.047640735283     
 WOCIVL440M1NH220/N_atom200E+10_Vexp600E+02_Vemit900E+02_tauD000E+00_Vran500E+01
                      
 Start
           0
 set_grid_done
 set_clumps_done
 Done
 TIME :    3.98340731719509       sec
          50 %          12   83.5625228164718     
 	 100 %          16   163.459461275022     
 Time :   163.659977248404     
 WOCIVL440M1NH220/N_atom200E+10_Vexp700E+02_Vemit900E+02_tauD000E+00_Vran500E+01
                      
 Start
           0
 set_grid_done
 set_clumps_done
 Done
 TIME :    4.69078063499182       sec
          50 %           6   84.3253729837015     
 	 100 %          10   163.844448023010     
 Time :   164.050928625744     
 WOCIVL440M1NH220/N_atom200E+10_Vexp800E+02_Vemit900E+02_tauD000E+00_Vran500E+01
                      
 Start
           0
 set_grid_done
 set_clumps_done
 Done
 TIME :    4.68389263330027       sec
          50 %          11   82.7580594494939     
 	 100 %           8   161.339685661718     
 Time :   161.533050664701     
 WOCIVL440M1NH220/N_atom200E+10_Vexp900E+02_Vemit900E+02_tauD000E+00_Vran500E+01
                      
 Start
           0
 set_grid_done
 set_clumps_done
 Done
 TIME :    4.67946514114738       sec
          50 %           8   82.8434795429930     
 	 100 %          13   160.159993384499     
 Time :   160.366671932861     
 WOCIVL440M1NH220/N_atom200E+10_Vexp100E+03_Vemit900E+02_tauD000E+00_Vran500E+01
                      
 Start
           0
 set_grid_done
 set_clumps_done
 Done
 TIME :    4.73358391318470       sec
          50 %          13   81.8798003583215     
 	 100 %           5   158.097063638736     
 Time :   158.299527227879     
 WOCIVL440M1NH220/N_atom200E+10_Vexp200E+03_Vemit900E+02_tauD000E+00_Vran500E+01
                      
 Start
           0
 set_grid_done
 set_clumps_done
 Done
 TIME :    4.74784488696605       sec
          50 %           9   76.6736193574034     
 	 100 %           3   148.980892014690     
 Time :   149.182210020255     
 WOCIVL440M1NH220/N_atom200E+10_Vexp300E+03_Vemit900E+02_tauD000E+00_Vran500E+01
                      
 Start
           0
 set_grid_done
 set_clumps_done
 Done
 TIME :    4.73542740195990       sec
          50 %          16   75.3152675740421     
 	 100 %          16   146.267700924072     
 Time :   146.472477222327     
 WOCIVL440M1NH220/N_atom200E+10_Vexp500E+01_Vemit900E+02_tauD000E+00_Vran500E+01
                      
 Start
           0
 set_grid_done
 set_clumps_done
 Done
 TIME :    4.72289133211598       sec
          50 %          19   190.513732213993     
 	 100 %           9   375.675885201432     
 Time :   375.880738666281     
 WOCIVL440M1NH220/N_atom200E+10_Vexp100E+02_Vemit100E+03_tauD000E+00_Vran118E+01
                      
 Start
           0
 set_grid_done
 set_clumps_done
 Done
 TIME :    4.73348477529362       sec
          50 %           4   94.4103922103532     
 	 100 %           8   184.941343181767     
 Time :   185.145645741373     
 WOCIVL440M1NH220/N_atom200E+10_Vexp200E+02_Vemit100E+03_tauD000E+00_Vran118E+01
                      
 Start
           0
 set_grid_done
 set_clumps_done
 Done
 TIME :    4.72781584737822       sec
          50 %           4   87.8712802277878     
 	 100 %          13   170.936672990210     
 Time :   171.139249914791     
 WOCIVL440M1NH220/N_atom200E+10_Vexp300E+02_Vemit100E+03_tauD000E+00_Vran118E+01
                      
 Start
           0
 set_grid_done
 set_clumps_done
 Done
 TIME :    4.73609392670915       sec
          50 %          19   84.7236354146153     
 	 100 %           2   163.301831267308     
 Time :   163.494779399130     
 WOCIVL440M1NH220/N_atom200E+10_Vexp400E+02_Vemit100E+03_tauD000E+00_Vran118E+01
                      
 Start
           0
 set_grid_done
 set_clumps_done
 Done
 TIME :    4.73634246829897       sec
          50 %           3   83.4904152462259     
 	 100 %           8   164.086996462196     
 Time :   164.289357857779     
 WOCIVL440M1NH220/N_atom200E+10_Vexp500E+02_Vemit100E+03_tauD000E+00_Vran118E+01
                      
 Start
           0
 set_grid_done
 set_clumps_done
 Done
 TIME :    4.73749502561986       sec
          50 %          14   83.5061501469463     
 	 100 %          19   161.337186649442     
 Time :   161.534337586723     
 WOCIVL440M1NH220/N_atom200E+10_Vexp600E+02_Vemit100E+03_tauD000E+00_Vran118E+01
                      
 Start
           0
 set_grid_done
 set_clumps_done
 Done
 TIME :    4.72686529345810       sec
          50 %          11   81.8136273398995     
 	 100 %          12   160.073715994135     
 Time :   160.276885433123     
 WOCIVL440M1NH220/N_atom200E+10_Vexp700E+02_Vemit100E+03_tauD000E+00_Vran118E+01
                      
 Start
           0
 set_grid_done
 set_clumps_done
 Done
 TIME :    4.74135906854644       sec
          50 %          19   84.5574697786942     
 	 100 %           5   164.506447593216     
 Time :   164.711513280869     
 WOCIVL440M1NH220/N_atom200E+10_Vexp800E+02_Vemit100E+03_tauD000E+00_Vran118E+01
                      
 Start
           0
 set_grid_done
 set_clumps_done
 Done
 TIME :    4.72165469499305       sec
          50 %           4   84.7134661162272     
 	 100 %          12   162.988385775127     
 Time :   163.186574261636     
 WOCIVL440M1NH220/N_atom200E+10_Vexp900E+02_Vemit100E+03_tauD000E+00_Vran118E+01
                      
 Start
           0
 set_grid_done
 set_clumps_done
 Done
 TIME :    4.66375520778820       sec
          50 %          14   82.4213504591025     
 	 100 %          14   160.028509043623     
 Time :   160.228604238946     
 WOCIVL440M1NH220/N_atom200E+10_Vexp100E+03_Vemit100E+03_tauD000E+00_Vran118E+01
                      
 Start
           0
 set_grid_done
 set_clumps_done
 Done
 TIME :    4.66138755483553       sec
          50 %           8   82.5450084176846     
 	 100 %          18   160.321903244127     
 Time :   160.523709035013     
 WOCIVL440M1NH220/N_atom200E+10_Vexp200E+03_Vemit100E+03_tauD000E+00_Vran118E+01
                      
 Start
           0
 set_grid_done
 set_clumps_done
 Done
 TIME :    4.66384719265625       sec
          50 %          16   82.3651784905232     
 	 100 %          14   159.918716988992     
 Time :   160.118143785745     
 WOCIVL440M1NH220/N_atom200E+10_Vexp300E+03_Vemit100E+03_tauD000E+00_Vran118E+01
                      
 Start
           0
 set_grid_done
 set_clumps_done
 Done
 TIME :    4.73823046125472       sec
          50 %          18   80.9955096705817     
 	 100 %          12   157.548604976851     
 Time :   157.749894187320     
 WOCIVL440M1NH220/N_atom200E+10_Vexp500E+01_Vemit100E+03_tauD000E+00_Vran118E+01
                      
 Start
           0
 set_grid_done
 set_clumps_done
 Done
 TIME :    4.71387952985242       sec
          50 %          18   109.837957891170     
 	 100 %          18   214.633890253492     
 Time :   214.840958270710     
 WOCIVL440M1NH220/N_atom200E+10_Vexp100E+02_Vemit100E+03_tauD000E+00_Vran300E+01
                      
 Start
           0
 set_grid_done
 set_clumps_done
 Done
 TIME :    4.66601274209097       sec
          50 %           4   107.949795545544     
 	 100 %           1   211.727291248273     
 Time :   211.930922553875     
 WOCIVL440M1NH220/N_atom200E+10_Vexp200E+02_Vemit100E+03_tauD000E+00_Vran300E+01
                      
 Start
           0
 set_grid_done
 set_clumps_done
 Done
 TIME :    4.67544819833711       sec
          50 %          11   91.0619228985161     
 	 100 %          19   176.207865053788     
 Time :   176.414630206302     
 WOCIVL440M1NH220/N_atom200E+10_Vexp300E+02_Vemit100E+03_tauD000E+00_Vran300E+01
                      
 Start
           0
 set_grid_done
 set_clumps_done
 Done
 TIME :    4.73304367857054       sec
          50 %          17   85.8004518826492     
 	 100 %           4   166.640051389113     
 Time :   166.843868166674     
 WOCIVL440M1NH220/N_atom200E+10_Vexp400E+02_Vemit100E+03_tauD000E+00_Vran300E+01
                      
 Start
           0
 set_grid_done
 set_clumps_done
 Done
 TIME :    4.67398097366095       sec
          50 %           3   82.7070141294971     
 	 100 %           5   161.112632057164     
 Time :   161.313175082207     
 WOCIVL440M1NH220/N_atom200E+10_Vexp500E+02_Vemit100E+03_tauD000E+00_Vran300E+01
                      
 Start
           0
 set_grid_done
 set_clumps_done
 Done
 TIME :    4.66089101275429       sec
          50 %           8   80.9939644886181     
 	 100 %           5   157.192853329703     
 Time :   157.397249747068     
 WOCIVL440M1NH220/N_atom200E+10_Vexp600E+02_Vemit100E+03_tauD000E+00_Vran300E+01
                      
 Start
           0
 set_grid_done
 set_clumps_done
 Done
 TIME :    4.66712372051552       sec
          50 %          14   79.7789417034946     
 	 100 %           4   155.101774023380     
 Time :   155.303854305297     
 WOCIVL440M1NH220/N_atom200E+10_Vexp700E+02_Vemit100E+03_tauD000E+00_Vran300E+01
                      
 Start
           0
 set_grid_done
 set_clumps_done
 Done
 TIME :    4.66084640799090       sec
          50 %          12   77.8674942487851     
 	 100 %          17   152.465717362240     
 Time :   152.668521267362     
 WOCIVL440M1NH220/N_atom200E+10_Vexp800E+02_Vemit100E+03_tauD000E+00_Vran300E+01
                      
 Start
           0
 set_grid_done
 set_clumps_done
 Done
 TIME :    4.65305827790871       sec
          50 %           8   78.8118961406872     
 	 100 %           2   153.165418640245     
 Time :   153.362473876216     
 WOCIVL440M1NH220/N_atom200E+10_Vexp900E+02_Vemit100E+03_tauD000E+00_Vran300E+01
                      
 Start
           0
 set_grid_done
 set_clumps_done
 Done
 TIME :    4.74034514464438       sec
          50 %           1   80.8267642590217     
 	 100 %          12   155.453752670903     
 Time :   155.657398353796     
 WOCIVL440M1NH220/N_atom200E+10_Vexp100E+03_Vemit100E+03_tauD000E+00_Vran300E+01
                      
 Start
           0
 set_grid_done
 set_clumps_done
 Done
 TIME :    4.72126194974408       sec
          50 %          19   80.8113830997609     
 	 100 %          10   156.934930413496     
 Time :   157.141590506770     
 WOCIVL440M1NH220/N_atom200E+10_Vexp200E+03_Vemit100E+03_tauD000E+00_Vran300E+01
                      
 Start
           0
 set_grid_done
 set_clumps_done
 Done
 TIME :    4.72462997119874       sec
          50 %           4   79.3131290711462     
 	 100 %           4   154.379294929095     
 Time :   154.585054513533     
 WOCIVL440M1NH220/N_atom200E+10_Vexp300E+03_Vemit100E+03_tauD000E+00_Vran300E+01
                      
 Start
           0
 set_grid_done
 set_clumps_done
 Done
 TIME :    4.71404745848849       sec
          50 %          19   77.1935117277317     
 	 100 %           7   149.698443667963     
 Time :   149.904404383618     
 WOCIVL440M1NH220/N_atom200E+10_Vexp500E+01_Vemit100E+03_tauD000E+00_Vran300E+01
                      
 Start
           0
 set_grid_done
 set_clumps_done
 Done
 TIME :    4.71462651761249       sec
          50 %           1   143.361950439401     
 	 100 %          18   279.589823827613     
 Time :   279.786314191762     
 WOCIVL440M1NH220/N_atom200E+10_Vexp100E+02_Vemit100E+03_tauD000E+00_Vran500E+01
                      
 Start
           0
 set_grid_done
 set_clumps_done
 Done
 TIME :    4.72164067858830       sec
          50 %          16   126.993625749368     
 	 100 %           9   251.054682539776     
 Time :   251.261896524113     
 WOCIVL440M1NH220/N_atom200E+10_Vexp200E+02_Vemit100E+03_tauD000E+00_Vran500E+01
                      
 Start
           0
 set_grid_done
 set_clumps_done
 Done
 TIME :    4.72493873722851       sec
          50 %          12   97.8712245458737     
 	 100 %          11   193.799269247334     
 Time :   194.002946730703     
 WOCIVL440M1NH220/N_atom200E+10_Vexp300E+02_Vemit100E+03_tauD000E+00_Vran500E+01
                      
 Start
           0
 set_grid_done
 set_clumps_done
 Done
 TIME :    4.71677353186533       sec
          50 %          12   90.5243306984194     
 	 100 %           4   176.236735852435     
 Time :   176.443978601601     
 WOCIVL440M1NH220/N_atom200E+10_Vexp400E+02_Vemit100E+03_tauD000E+00_Vran500E+01
                      
 Start
           0
 set_grid_done
 set_clumps_done
 Done
 TIME :    4.67797324992716       sec
          50 %           3   86.0184375382960     
 	 100 %           7   167.273229053710     
 Time :   167.478405431379     
 WOCIVL440M1NH220/N_atom200E+10_Vexp500E+02_Vemit100E+03_tauD000E+00_Vran500E+01
                      
 Start
           0
 set_grid_done
 set_clumps_done
 Done
 TIME :    4.68655561702326       sec
          50 %           9   87.1434086500667     
 	 100 %           6   171.766385883559     
 Time :   171.974546764977     
 WOCIVL440M1NH220/N_atom200E+10_Vexp600E+02_Vemit100E+03_tauD000E+00_Vran500E+01
                      
 Start
           0
 set_grid_done
 set_clumps_done
 Done
 TIME :    4.70884294202551       sec
          50 %          16   83.9612239804119     
 	 100 %           7   161.421888289507     
 Time :   161.623586216010     
 WOCIVL440M1NH220/N_atom200E+10_Vexp700E+02_Vemit100E+03_tauD000E+00_Vran500E+01
                      
 Start
           0
 set_grid_done
 set_clumps_done
 Done
 TIME :    4.67465267842636       sec
          50 %          16   81.8804075205699     
 	 100 %          14   158.952188407071     
 Time :   159.152656049002     
 WOCIVL440M1NH220/N_atom200E+10_Vexp800E+02_Vemit100E+03_tauD000E+00_Vran500E+01
                      
 Start
           0
 set_grid_done
 set_clumps_done
 Done
 TIME :    4.68088900344446       sec
          50 %           6   81.7845541876741     
 	 100 %          15   158.856896439567     
 Time :   159.060369825456     
 WOCIVL440M1NH220/N_atom200E+10_Vexp900E+02_Vemit100E+03_tauD000E+00_Vran500E+01
                      
 Start
           0
 set_grid_done
 set_clumps_done
 Done
 TIME :    4.67576086148620       sec
          50 %          10   81.4076548577286     
 	 100 %          11   158.282974475529     
 Time :   158.488206518814     
 WOCIVL440M1NH220/N_atom200E+10_Vexp100E+03_Vemit100E+03_tauD000E+00_Vran500E+01
                      
 Start
           0
 set_grid_done
 set_clumps_done
 Done
 TIME :    4.68402849091217       sec
          50 %          17   81.3107270253822     
 	 100 %           5   157.984479174484     
 Time :   158.188848580699     
 WOCIVL440M1NH220/N_atom200E+10_Vexp200E+03_Vemit100E+03_tauD000E+00_Vran500E+01
                      
 Start
           0
 set_grid_done
 set_clumps_done
 Done
 TIME :    4.67464859038591       sec
          50 %          13   77.6286844746210     
 	 100 %          18   151.097813231405     
 Time :   151.302195111290     
 WOCIVL440M1NH220/N_atom200E+10_Vexp300E+03_Vemit100E+03_tauD000E+00_Vran500E+01
                      
 Start
           0
 set_grid_done
 set_clumps_done
 Done
 TIME :    4.67215591017157       sec
          50 %           6   74.5081460219808     
 	 100 %          15   144.157269923948     
 Time :   144.359467488714     
 WOCIVL440M1NH220/N_atom200E+10_Vexp500E+01_Vemit100E+03_tauD000E+00_Vran500E+01
                      
 Start
           0
 set_grid_done
 set_clumps_done
 Done
 TIME :    4.71979310223833       sec
          50 %           3   178.319091292564     
 	 100 %          11   351.940210283268     
 Time :   352.147019920405     
 WOCIVL440M1NH220/N_atom200E+10_Vexp100E+02_Vemit200E+03_tauD000E+00_Vran118E+01
                      
 Start
           0
 set_grid_done
 set_clumps_done
 Done
 TIME :    4.72751387441531       sec
          50 %          14   77.5527201956138     
 	 100 %           3   151.847822960932     
 Time :   152.053891051095     
 WOCIVL440M1NH220/N_atom200E+10_Vexp200E+02_Vemit200E+03_tauD000E+00_Vran118E+01
                      
 Start
           0
 set_grid_done
 set_clumps_done
 Done
 TIME :    4.72912171529606       sec
          50 %           3   74.3930671741255     
 	 100 %           4   142.934080942068     
 Time :   143.139413756318     
 WOCIVL440M1NH220/N_atom200E+10_Vexp300E+02_Vemit200E+03_tauD000E+00_Vran118E+01
                      
 Start
           0
 set_grid_done
 set_clumps_done
 Done
 TIME :    4.72365880850703       sec
          50 %          17   72.1194121004082     
 	 100 %          19   138.923140314408     
 Time :   139.126374275889     
 WOCIVL440M1NH220/N_atom200E+10_Vexp400E+02_Vemit200E+03_tauD000E+00_Vran118E+01
                      
 Start
           0
 set_grid_done
 set_clumps_done
 Done
 TIME :    4.71961490437388       sec
          50 %           3   70.6238470650278     
 	 100 %          15   137.460670193657     
 Time :   137.664502871223     
 WOCIVL440M1NH220/N_atom200E+10_Vexp500E+02_Vemit200E+03_tauD000E+00_Vran118E+01
                      
 Start
           0
 set_grid_done
 set_clumps_done
 Done
 TIME :    4.73008577479050       sec
          50 %           8   71.1820310326293     
 	 100 %          16   137.630864935461     
 Time :   137.832348375116     
 WOCIVL440M1NH220/N_atom200E+10_Vexp600E+02_Vemit200E+03_tauD000E+00_Vran118E+01
                      
 Start
           0
 set_grid_done
 set_clumps_done
 Done
 TIME :    4.72778909653425       sec
          50 %           7   72.1181711656973     
 	 100 %          13   140.037847197149     
 Time :   140.242576686665     
 WOCIVL440M1NH220/N_atom200E+10_Vexp700E+02_Vemit200E+03_tauD000E+00_Vran118E+01
                      
 Start
           0
 set_grid_done
 set_clumps_done
 Done
 TIME :    4.72733432333916       sec
          50 %          18   72.4857955542393     
 	 100 %           9   140.065377171617     
 Time :   140.266881300136     
 WOCIVL440M1NH220/N_atom200E+10_Vexp800E+02_Vemit200E+03_tauD000E+00_Vran118E+01
                      
 Start
           0
 set_grid_done
 set_clumps_done
 Done
 TIME :    4.73902818514034       sec
          50 %          11   72.6752869863994     
 	 100 %          10   139.722378575709     
 Time :   139.924833648838     
 WOCIVL440M1NH220/N_atom200E+10_Vexp900E+02_Vemit200E+03_tauD000E+00_Vran118E+01
                      
 Start
           0
 set_grid_done
 set_clumps_done
 Done
 TIME :    4.73757672077045       sec
          50 %           8   70.8113351650536     
 	 100 %           4   138.368569883984     
 Time :   138.575758951250     
 WOCIVL440M1NH220/N_atom200E+10_Vexp100E+03_Vemit200E+03_tauD000E+00_Vran118E+01
                      
 Start
           0
 set_grid_done
 set_clumps_done
 Done
 TIME :    4.74114363966510       sec
          50 %           6   72.8271554703824     
 	 100 %           5   141.989564432763     
 Time :   142.193418871611     
 WOCIVL440M1NH220/N_atom200E+10_Vexp200E+03_Vemit200E+03_tauD000E+00_Vran118E+01
                      
 Start
           0
 set_grid_done
 set_clumps_done
 Done
 TIME :    4.75408850517124       sec
          50 %           4   72.9903375543654     
 	 100 %          14   140.870440677740     
 Time :   141.074971169699     
 WOCIVL440M1NH220/N_atom200E+10_Vexp300E+03_Vemit200E+03_tauD000E+00_Vran118E+01
                      
 Start
           0
 set_grid_done
 set_clumps_done
 Done
 TIME :    4.74547969829291       sec
          50 %          14   72.6102085555904     
 	 100 %          16   140.264086005278     
 Time :   140.468774266541     
 WOCIVL440M1NH220/N_atom200E+10_Vexp500E+01_Vemit200E+03_tauD000E+00_Vran118E+01
                      
 Start
           0
 set_grid_done
 set_clumps_done
 Done
 TIME :    4.74473837111145       sec
          50 %          16   85.3191776680760     
 	 100 %           6   165.066329102498     
 Time :   165.264151734766     
 WOCIVL440M1NH220/N_atom200E+10_Vexp100E+02_Vemit200E+03_tauD000E+00_Vran300E+01
                      
 Start
           0
 set_grid_done
 set_clumps_done
 Done
 TIME :    4.65225905133411       sec
          50 %           6   85.5811632135883     
 	 100 %          10   166.648801314179     
 Time :   166.855804077815     
 WOCIVL440M1NH220/N_atom200E+10_Vexp200E+02_Vemit200E+03_tauD000E+00_Vran300E+01
                      
 Start
           0
 set_grid_done
 set_clumps_done
 Done
 TIME :    4.73666528100148       sec
          50 %          12   76.6965557537042     
 	 100 %          11   148.036768450867     
 Time :   148.244267496280     
 WOCIVL440M1NH220/N_atom200E+10_Vexp300E+02_Vemit200E+03_tauD000E+00_Vran300E+01
                      
 Start
           0
 set_grid_done
 set_clumps_done
 Done
 TIME :    4.73715470964089       sec
          50 %           8   73.9733355706558     
 	 100 %          16   143.466185838915     
 Time :   143.669760947581     
 WOCIVL440M1NH220/N_atom200E+10_Vexp400E+02_Vemit200E+03_tauD000E+00_Vran300E+01
                      
 Start
           0
 set_grid_done
 set_clumps_done
 Done
 TIME :    4.73780533485115       sec
          50 %          11   72.5716815823689     
 	 100 %          11   140.505454325583     
 Time :   140.712129116524     
 WOCIVL440M1NH220/N_atom200E+10_Vexp500E+02_Vemit200E+03_tauD000E+00_Vran300E+01
                      
 Start
           0
 set_grid_done
 set_clumps_done
 Done
 TIME :    4.73885920457542       sec
          50 %          14   70.9725677496754     
 	 100 %           5   138.012922263704     
 Time :   138.219811181538     
 WOCIVL440M1NH220/N_atom200E+10_Vexp600E+02_Vemit200E+03_tauD000E+00_Vran300E+01
                      
 Start
           0
 set_grid_done
 set_clumps_done
 Done
 TIME :    4.72390719968826       sec
          50 %          19   68.4850843492895     
 	 100 %           9   131.429834668059     
 Time :   131.624083027244     
 WOCIVL440M1NH220/N_atom200E+10_Vexp700E+02_Vemit200E+03_tauD000E+00_Vran300E+01
                      
 Start
           0
 set_grid_done
 set_clumps_done
 Done
 TIME :    4.72604097891599       sec
          50 %          17   69.1188315949403     
 	 100 %          15   132.475647388957     
 Time :   132.678859489039     
 WOCIVL440M1NH220/N_atom200E+10_Vexp800E+02_Vemit200E+03_tauD000E+00_Vran300E+01
                      
 Start
           0
 set_grid_done
 set_clumps_done
 Done
 TIME :    4.72720312466845       sec
          50 %           8   68.0096495165490     
 	 100 %          13   132.782404939644     
 Time :   132.990970178042     
 WOCIVL440M1NH220/N_atom200E+10_Vexp900E+02_Vemit200E+03_tauD000E+00_Vran300E+01
                      
 Start
           0
 set_grid_done
 set_clumps_done
 Done
 TIME :    4.64602860761806       sec
          50 %          10   70.5448090825230     
 	 100 %          15   134.715450030286     
 Time :   134.919955444522     
 WOCIVL440M1NH220/N_atom200E+10_Vexp100E+03_Vemit200E+03_tauD000E+00_Vran300E+01
                      
 Start
           0
 set_grid_done
 set_clumps_done
 Done
 TIME :    4.72813787870109       sec
          50 %           5   68.7377518420108     
 	 100 %          13   132.740885867737     
 Time :   132.946398593951     
 WOCIVL440M1NH220/N_atom200E+10_Vexp200E+03_Vemit200E+03_tauD000E+00_Vran300E+01
                      
 Start
           0
 set_grid_done
 set_clumps_done
 Done
 TIME :    4.67536186426878       sec
          50 %           8   68.6137511730194     
 	 100 %          13   132.526208219584     
 Time :   132.729428625200     
 WOCIVL440M1NH220/N_atom200E+10_Vexp300E+03_Vemit200E+03_tauD000E+00_Vran300E+01
                      
 Start
           0
 set_grid_done
 set_clumps_done
 Done
 TIME :    4.68558428389952       sec
          50 %          18   69.2090075337328     
 	 100 %           5   134.031008691527     
 Time :   134.237880777102     
 WOCIVL440M1NH220/N_atom200E+10_Vexp500E+01_Vemit200E+03_tauD000E+00_Vran300E+01
                      
 Start
           0
 set_grid_done
 set_clumps_done
 Done
 TIME :    4.71999419387430       sec
          50 %           2   102.510995458346     
 	 100 %           8   198.649649878498     
 Time :   198.846225143876     
 WOCIVL440M1NH220/N_atom200E+10_Vexp100E+02_Vemit200E+03_tauD000E+00_Vran500E+01
                      
 Start
           0
 set_grid_done
 set_clumps_done
 Done
 TIME :    4.72534524882212       sec
          50 %           6   93.5629718927667     
 	 100 %          10   182.636614849791     
 Time :   182.844845714048     
 WOCIVL440M1NH220/N_atom200E+10_Vexp200E+02_Vemit200E+03_tauD000E+00_Vran500E+01
                      
 Start
           0
 set_grid_done
 set_clumps_done
 Done
 TIME :    4.65712365321815       sec
          50 %          19   81.4209344284609     
 	 100 %           4   157.058201567736     
 Time :   157.260389003437     
 WOCIVL440M1NH220/N_atom200E+10_Vexp300E+02_Vemit200E+03_tauD000E+00_Vran500E+01
                      
 Start
           0
 set_grid_done
 set_clumps_done
 Done
 TIME :    4.71929377503693       sec
          50 %           5   74.4691613800824     
 	 100 %          17   144.319982517045     
 Time :   144.525970054325     
 WOCIVL440M1NH220/N_atom200E+10_Vexp400E+02_Vemit200E+03_tauD000E+00_Vran500E+01
                      
 Start
           0
 set_grid_done
 set_clumps_done
 Done
 TIME :    4.72453610319644       sec
          50 %           5   72.5236848876812     
 	 100 %          19   140.437230485491     
 Time :   140.642501392402     
 WOCIVL440M1NH220/N_atom200E+10_Vexp500E+02_Vemit200E+03_tauD000E+00_Vran500E+01
                      
 Start
           0
 set_grid_done
 set_clumps_done
 Done
 TIME :    4.71654844470322       sec
          50 %          18   70.2775412630290     
 	 100 %           4   136.031696229242     
 Time :   136.238687150180     
 WOCIVL440M1NH220/N_atom200E+10_Vexp600E+02_Vemit200E+03_tauD000E+00_Vran500E+01
                      
 Start
           0
 set_grid_done
 set_clumps_done
 Done
 TIME :    4.69878295063972       sec
          50 %          16   70.3410732289776     
 	 100 %          15   137.835820544045     
 Time :   138.041765139904     
 WOCIVL440M1NH220/N_atom200E+10_Vexp700E+02_Vemit200E+03_tauD000E+00_Vran500E+01
                      
 Start
           0
 set_grid_done
 set_clumps_done
 Done
 TIME :    3.02874600607902       sec
          50 %          10   68.9369726171717     
 	 100 %           6   134.614630332682     
 Time :   134.818387076259     
 WOCIVL440M1NH220/N_atom200E+10_Vexp800E+02_Vemit200E+03_tauD000E+00_Vran500E+01
                      
 Start
           0
 set_grid_done
 set_clumps_done
 Done
 TIME :    4.72342912200838       sec
          50 %           5   70.4982297178358     
 	 100 %          15   136.200470675714     
 Time :   136.403058260214     
 WOCIVL440M1NH220/N_atom200E+10_Vexp900E+02_Vemit200E+03_tauD000E+00_Vran500E+01
                      
 Start
           0
 set_grid_done
 set_clumps_done
 Done
 TIME :    4.71535549126565       sec
          50 %          10   70.2991625946015     
 	 100 %           6   135.871670064051     
 Time :   136.078841908369     
 WOCIVL440M1NH220/N_atom200E+10_Vexp100E+03_Vemit200E+03_tauD000E+00_Vran500E+01
                      
 Start
           0
 set_grid_done
 set_clumps_done
 Done
 TIME :    4.71911994507536       sec
          50 %          18   70.2506140223704     
 	 100 %          17   135.740857908968     
 Time :   135.937705951743     
 WOCIVL440M1NH220/N_atom200E+10_Vexp200E+03_Vemit200E+03_tauD000E+00_Vran500E+01
                      
 Start
           0
 set_grid_done
 set_clumps_done
 Done
 TIME :    4.72741591837257       sec
          50 %           9   68.4965680618770     
 	 100 %           9   132.298076979816     
 Time :   132.504721282981     
 WOCIVL440M1NH220/N_atom200E+10_Vexp300E+03_Vemit200E+03_tauD000E+00_Vran500E+01
                      
 Start
           0
 set_grid_done
 set_clumps_done
 Done
 TIME :    4.72338130138814       sec
          50 %          19   67.4108545500785     
 	 100 %          11   130.177842415404     
 Time :   130.378257797565     
 WOCIVL440M1NH220/N_atom200E+10_Vexp500E+01_Vemit200E+03_tauD000E+00_Vran500E+01
                      
 Start
           0
 set_grid_done
 set_clumps_done
 Done
 TIME :    4.72401584591717       sec
          50 %          18   120.897860224824     
 	 100 %           2   236.928750206251     
 Time :   237.136525796261     
 WOCIVL440M1NH220/N_atom200E+10_Vexp100E+02_Vemit300E+03_tauD000E+00_Vran118E+01
                      
 Start
           0
 set_grid_done
 set_clumps_done
 Done
 TIME :    4.71719479141757       sec
          50 %          15   70.6939024403691     
 	 100 %           3   136.658588966820     
 Time :   136.859865373466     
 WOCIVL440M1NH220/N_atom200E+10_Vexp200E+02_Vemit300E+03_tauD000E+00_Vran118E+01
                      
 Start
           0
 set_grid_done
 set_clumps_done
 Done
 TIME :    4.70680470392108       sec
          50 %          11   68.1788358949125     
 	 100 %          18   132.220370935276     
 Time :   132.415124753956     
 WOCIVL440M1NH220/N_atom200E+10_Vexp300E+02_Vemit300E+03_tauD000E+00_Vran118E+01
                      
 Start
           0
 set_grid_done
 set_clumps_done
 Done
 TIME :    4.71135360654444       sec
          50 %           3   66.9671282111667     
 	 100 %          14   129.986442681868     
 Time :   130.190066583455     
 WOCIVL440M1NH220/N_atom200E+10_Vexp400E+02_Vemit300E+03_tauD000E+00_Vran118E+01
                      
 Start
           0
 set_grid_done
 set_clumps_done
 Done
 TIME :    4.71180005371571       sec
          50 %           8   67.0403121439740     
 	 100 %          16   129.464905008674     
 Time :   129.669603269082     
 WOCIVL440M1NH220/N_atom200E+10_Vexp500E+02_Vemit300E+03_tauD000E+00_Vran118E+01
                      
 Start
           0
 set_grid_done
 set_clumps_done
 Done
 TIME :    4.71041801106185       sec
          50 %          19   66.6898471890017     
 	 100 %          13   128.636674117297     
 Time :   128.837919965852     
 WOCIVL440M1NH220/N_atom200E+10_Vexp600E+02_Vemit300E+03_tauD000E+00_Vran118E+01
                      
 Start
           0
 set_grid_done
 set_clumps_done
 Done
 TIME :    4.64348019193858       sec
          50 %          14   66.4334397092462     
 	 100 %          10   128.233932335861     
 Time :   128.440667761955     
 WOCIVL440M1NH220/N_atom200E+10_Vexp700E+02_Vemit300E+03_tauD000E+00_Vran118E+01
                      
 Start
           0
 set_grid_done
 set_clumps_done
 Done
 TIME :    4.64607602776960       sec
          50 %           8   67.1460560862906     
 	 100 %          18   128.825993532781     
 Time :   129.029660766479     
 WOCIVL440M1NH220/N_atom200E+10_Vexp800E+02_Vemit300E+03_tauD000E+00_Vran118E+01
                      
 Start
           0
 set_grid_done
 set_clumps_done
 Done
 TIME :    4.64547296334058       sec
          50 %          16   66.2197620086372     
 	 100 %           6   128.054878912400     
 Time :   128.262567176949     
 WOCIVL440M1NH220/N_atom200E+10_Vexp900E+02_Vemit300E+03_tauD000E+00_Vran118E+01
                      
 Start
           0
 set_grid_done
 set_clumps_done
 Done
 TIME :    4.64430232159793       sec
          50 %           6   66.2707089614123     
 	 100 %           7   128.563601004891     
 Time :   128.772209094837     
 WOCIVL440M1NH220/N_atom200E+10_Vexp100E+03_Vemit300E+03_tauD000E+00_Vran118E+01
                      
 Start
           0
 set_grid_done
 set_clumps_done
 Done
 TIME :    4.72191040031612       sec
          50 %          13   66.3734610159881     
 	 100 %           3   128.181774895173     
 Time :   128.386578475125     
 WOCIVL440M1NH220/N_atom200E+10_Vexp200E+03_Vemit300E+03_tauD000E+00_Vran118E+01
                      
 Start
           0
 set_grid_done
 set_clumps_done
 Done
 TIME :    4.65816924721003       sec
          50 %          14   66.4218409978785     
 	 100 %          10   128.075114683714     
 Time :   128.279784259852     
 WOCIVL440M1NH220/N_atom200E+10_Vexp300E+03_Vemit300E+03_tauD000E+00_Vran118E+01
                      
 Start
           0
 set_grid_done
 set_clumps_done
 Done
 TIME :    4.71765514509752       sec
          50 %           5   67.9273670269176     
 	 100 %           6   131.284476047847     
 Time :   131.487807293888     
 WOCIVL440M1NH220/N_atom200E+10_Vexp500E+01_Vemit300E+03_tauD000E+00_Vran118E+01
                      
 Start
           0
 set_grid_done
 set_clumps_done
 Done
 TIME :    4.71391420578584       sec
          50 %          14   77.0294414279051     
 	 100 %           8   149.951790058520     
 Time :   150.150524300523     
 WOCIVL440M1NH220/N_atom200E+10_Vexp100E+02_Vemit300E+03_tauD000E+00_Vran300E+01
                      
 Start
           0
 set_grid_done
 set_clumps_done
 Done
 TIME :    4.72339116083458       sec
          50 %          17   77.2139604841359     
 	 100 %          12   149.609476072248     
 Time :   149.814303868450     
 WOCIVL440M1NH220/N_atom200E+10_Vexp200E+02_Vemit300E+03_tauD000E+00_Vran300E+01
                      
 Start
           0
 set_grid_done
 set_clumps_done
 Done
 TIME :    4.73783588223159       sec
          50 %          16   71.0929533676244     
 	 100 %          10   137.405177313369     
 Time :   137.604243305046     
 WOCIVL440M1NH220/N_atom200E+10_Vexp300E+02_Vemit300E+03_tauD000E+00_Vran300E+01
                      
 Start
           0
 set_grid_done
 set_clumps_done
 Done
 TIME :    4.71407465031371       sec
          50 %          17   68.8263930180110     
 	 100 %          10   133.885254160035     
 Time :   134.091894916724     
 WOCIVL440M1NH220/N_atom200E+10_Vexp400E+02_Vemit300E+03_tauD000E+00_Vran300E+01
                      
 Start
           0
 set_grid_done
 set_clumps_done
 Done
 TIME :    4.70572677860036       sec
          50 %          10   68.1789016597904     
 	 100 %          13   130.695665679872     
 Time :   130.891185001004     
 WOCIVL440M1NH220/N_atom200E+10_Vexp500E+02_Vemit300E+03_tauD000E+00_Vran300E+01
                      
 Start
           0
 set_grid_done
 set_clumps_done
 Done
 TIME :    4.72247297782451       sec
          50 %          10   67.5033443802968     
 	 100 %           2   131.896166516002     
 Time :   132.101295713801     
 WOCIVL440M1NH220/N_atom200E+10_Vexp600E+02_Vemit300E+03_tauD000E+00_Vran300E+01
                      
 Start
           0
 set_grid_done
 set_clumps_done
 Done
 TIME :    4.73181933490559       sec
          50 %          16   67.3388011232018     
 	 100 %           3   130.334390670527     
 Time :   130.540372967720     
 WOCIVL440M1NH220/N_atom200E+10_Vexp700E+02_Vemit300E+03_tauD000E+00_Vran300E+01
                      
 Start
           0
 set_grid_done
 set_clumps_done
 Done
 TIME :    4.73404190270230       sec
          50 %           1   66.9898714818992     
 	 100 %           5   128.618592062499     
 Time :   128.824901751243     
 WOCIVL440M1NH220/N_atom200E+10_Vexp800E+02_Vemit300E+03_tauD000E+00_Vran300E+01
                      
 Start
           0
 set_grid_done
 set_clumps_done
 Done
 TIME :    4.72842703713104       sec
          50 %          10   66.8039464778267     
 	 100 %          15   129.528958815150     
 Time :   129.729930914007     
 WOCIVL440M1NH220/N_atom200E+10_Vexp900E+02_Vemit300E+03_tauD000E+00_Vran300E+01
                      
 Start
           0
 set_grid_done
 set_clumps_done
 Done
 TIME :    4.66332864854485       sec
          50 %          17   67.5667349277064     
 	 100 %           9   129.363801592495     
 Time :   129.563762773294     
 WOCIVL440M1NH220/N_atom200E+10_Vexp100E+03_Vemit300E+03_tauD000E+00_Vran300E+01
                      
 Start
           0
 set_grid_done
 set_clumps_done
 Done
 TIME :    4.64691493008286       sec
          50 %           3   65.3318027094938     
 	 100 %          10   127.573828021996     
 Time :   127.779086004477     
 WOCIVL440M1NH220/N_atom200E+10_Vexp200E+03_Vemit300E+03_tauD000E+00_Vran300E+01
                      
 Start
           0
 set_grid_done
 set_clumps_done
 Done
 TIME :    4.66236893739551       sec
          50 %           1   66.7385944179259     
 	 100 %          17   128.748152832966     
 Time :   128.946641669143     
 WOCIVL440M1NH220/N_atom200E+10_Vexp300E+03_Vemit300E+03_tauD000E+00_Vran300E+01
                      
 Start
           0
 set_grid_done
 set_clumps_done
 Done
 TIME :    4.66584921162575       sec
          50 %           8   66.4466898040846     
 	 100 %          12   127.996301278006     
 Time :   128.203624900430     
 WOCIVL440M1NH220/N_atom200E+10_Vexp500E+01_Vemit300E+03_tauD000E+00_Vran300E+01
                      
 Start
           0
 set_grid_done
 set_clumps_done
 Done
 TIME :    4.73927044495940       sec
          50 %           6   89.1693230811507     
 	 100 %           4   173.306344265584     
 Time :   173.512445007451     
 WOCIVL440M1NH220/N_atom200E+10_Vexp100E+02_Vemit300E+03_tauD000E+00_Vran500E+01
                      
 Start
           0
 set_grid_done
 set_clumps_done
 Done
 TIME :    4.71073729684576       sec
          50 %           8   82.0039477851242     
 	 100 %           3   159.191258715931     
 Time :   159.385093971156     
 WOCIVL440M1NH220/N_atom200E+10_Vexp200E+02_Vemit300E+03_tauD000E+00_Vran500E+01
                      
 Start
           0
 set_grid_done
 set_clumps_done
 Done
 TIME :    4.72197106573731       sec
          50 %          18   72.2832275568508     
 	 100 %          18   140.422656347975     
 Time :   140.629599789158     
 WOCIVL440M1NH220/N_atom200E+10_Vexp300E+02_Vemit300E+03_tauD000E+00_Vran500E+01
                      
 Start
           0
 set_grid_done
 set_clumps_done
 Done
 TIME :    4.68278357852250       sec
          50 %          12   69.1819180352613     
 	 100 %          19   133.677792164497     
 Time :   133.878131903708     
 WOCIVL440M1NH220/N_atom200E+10_Vexp400E+02_Vemit300E+03_tauD000E+00_Vran500E+01
                      
 Start
           0
 set_grid_done
 set_clumps_done
 Done
 TIME :    4.72399750119075       sec
          50 %          17   67.7916451445781     
 	 100 %           7   130.775412116200     
 Time :   130.975844570901     
 WOCIVL440M1NH220/N_atom200E+10_Vexp500E+02_Vemit300E+03_tauD000E+00_Vran500E+01
                      
 Start
           0
 set_grid_done
 set_clumps_done
 Done
 TIME :    4.71564419893548       sec
          50 %          15   66.8280011368915     
 	 100 %           7   129.214096594136     
 Time :   129.416374381166     
 WOCIVL440M1NH220/N_atom200E+10_Vexp600E+02_Vemit300E+03_tauD000E+00_Vran500E+01
                      
 Start
           0
 set_grid_done
 set_clumps_done
 Done
 TIME :    4.72497138939798       sec
          50 %           2   67.8393989480101     
 	 100 %           3   129.817200176883     
 Time :   130.026490061078     
 WOCIVL440M1NH220/N_atom200E+10_Vexp700E+02_Vemit300E+03_tauD000E+00_Vran500E+01
                      
 Start
           0
 set_grid_done
 set_clumps_done
 Done
 TIME :    4.70536059327424       sec
          50 %          16   65.6356606166810     
 	 100 %          16   127.272547004279     
 Time :   127.479121344630     
 WOCIVL440M1NH220/N_atom200E+10_Vexp800E+02_Vemit300E+03_tauD000E+00_Vran500E+01
                      
 Start
           0
 set_grid_done
 set_clumps_done
 Done
 TIME :    4.71996847493574       sec
          50 %          14   67.3151958463714     
 	 100 %          16   129.114542548079     
 Time :   129.320269560907     
 WOCIVL440M1NH220/N_atom200E+10_Vexp900E+02_Vemit300E+03_tauD000E+00_Vran500E+01
                      
 Start
           0
 set_grid_done
 set_clumps_done
 Done
 TIME :    4.71348147466779       sec
          50 %           6   66.5965665285476     
 	 100 %          11   128.072804590221     
 Time :   128.279407464899     
 WOCIVL440M1NH220/N_atom200E+10_Vexp100E+03_Vemit300E+03_tauD000E+00_Vran500E+01
                      
 Start
           0
 set_grid_done
 set_clumps_done
 Done
 TIME :    4.72400454478338       sec
          50 %          16   67.2613932443783     
 	 100 %           4   128.698553467169     
 Time :   128.888408018276     
 WOCIVL440M1NH220/N_atom200E+10_Vexp200E+03_Vemit300E+03_tauD000E+00_Vran500E+01
                      
 Start
           0
 set_grid_done
 set_clumps_done
 Done
 TIME :    2.56313848262653       sec
          50 %          12   61.8306442154571     
 	 100 %          11   121.361612888053     
 Time :   121.564447401091     
 WOCIVL440M1NH220/N_atom200E+10_Vexp300E+03_Vemit300E+03_tauD000E+00_Vran500E+01
                      
 Start
           0
 set_grid_done
 set_clumps_done
 Done
 TIME :    4.71385593526065       sec
          50 %           6   64.4079968831502     
 	 100 %           5   125.377852572128     
 Time :   125.584485022817     
 WOCIVL440M1NH220/N_atom200E+10_Vexp500E+01_Vemit300E+03_tauD000E+00_Vran500E+01
                      
 Start
           0
 set_grid_done
 set_clumps_done
 Done
 TIME :    4.71180667635053       sec
          50 %           8   100.621776547283     
 	 100 %           5   196.174275748432     
 Time :   196.377887496725     
