nohup: ignoring input
 WOCIVL455M0100NH220/N_atom200E+10_Vexp100E+02_Vemit500E+01_tauD000E+00_Vran118E
 +01                  
 Start
           0
 set_grid_done
 set_clumps_done
 Done
 TIME :    2.43823086004704       sec
          50 %           1   78.5964714928996     
 	 100 %           4   154.038224975346     
 Time :   154.206406185869     
 WOCIVL455M0100NH220/N_atom200E+10_Vexp200E+02_Vemit500E+01_tauD000E+00_Vran118E
 +01                  
 Start
           0
 set_grid_done
 set_clumps_done
 Done
 TIME :    2.49837104324251       sec
          50 %           4   68.2006710192654     
 	 100 %           3   133.842482270906     
 Time :   134.018874962348     
 WOCIVL455M0100NH220/N_atom200E+10_Vexp300E+02_Vemit500E+01_tauD000E+00_Vran118E
 +01                  
 Start
           0
 set_grid_done
 set_clumps_done
 Done
 TIME :    2.52919176127762       sec
          50 %           3   62.2520140463021     
 	 100 %           4   121.104855071753     
 Time :   121.267613308271     
 WOCIVL455M0100NH220/N_atom200E+10_Vexp400E+02_Vemit500E+01_tauD000E+00_Vran118E
 +01                  
 Start
           0
 set_grid_done
 set_clumps_done
 Done
 TIME :    2.53192809643224       sec
          50 %           3   65.4491151617840     
 	 100 %           3   128.690854606917     
 Time :   128.859635669040     
 WOCIVL455M0100NH220/N_atom200E+10_Vexp500E+02_Vemit500E+01_tauD000E+00_Vran118E
 +01                  
 Start
           0
 set_grid_done
 set_clumps_done
 Done
 TIME :    2.51588402478956       sec
          50 %           4   66.9641021240968     
 	 100 %           1   130.126038835384     
 Time :   130.296280671144     
 WOCIVL455M0100NH220/N_atom200E+10_Vexp600E+02_Vemit500E+01_tauD000E+00_Vran118E
 +01                  
 Start
           0
 set_grid_done
 set_clumps_done
 Done
 TIME :    2.53660548385233       sec
          50 %           3   65.5118947611190     
 	 100 %           1   127.253590906505     
 Time :   127.427903995384     
 WOCIVL455M0100NH220/N_atom200E+10_Vexp700E+02_Vemit500E+01_tauD000E+00_Vran118E
 +01                  
 Start
           0
 set_grid_done
 set_clumps_done
 Done
 TIME :    2.53248391230591       sec
          50 %           1   65.8571104365401     
 	 100 %           1   129.775121251354     
 Time :   129.948124371236     
 WOCIVL455M0100NH220/N_atom200E+10_Vexp800E+02_Vemit500E+01_tauD000E+00_Vran118E
 +01                  
 Start
           0
 set_grid_done
 set_clumps_done
 Done
 TIME :    2.54428638843819       sec
          50 %           1   65.9106848838273     
 	 100 %           3   126.722707070177     
 Time :   126.891027071746     
 WOCIVL455M0100NH220/N_atom200E+10_Vexp900E+02_Vemit500E+01_tauD000E+00_Vran118E
 +01                  
 Start
           0
 set_grid_done
 set_clumps_done
 Done
 TIME :    2.52770536742173       sec
          50 %           2   63.7715053977445     
 	 100 %           2   124.158685078379     
 Time :   124.329481567722     
 WOCIVL455M0100NH220/N_atom200E+10_Vexp100E+03_Vemit500E+01_tauD000E+00_Vran118E
 +01                  
 Start
           0
 set_grid_done
 set_clumps_done
 Done
 TIME :    2.54317430616356       sec
          50 %           2   62.9917811141349     
 	 100 %           4   124.056333495770     
 Time :   124.224520607619     
 WOCIVL455M0100NH220/N_atom200E+10_Vexp200E+03_Vemit500E+01_tauD000E+00_Vran118E
 +01                  
 Start
           0
 set_grid_done
 set_clumps_done
 Done
 TIME :    2.52446792321280       sec
          50 %           4   58.2337292165030     
 	 100 %           4   115.036575497361     
 Time :   115.201582196401     
 WOCIVL455M0100NH220/N_atom200E+10_Vexp300E+03_Vemit500E+01_tauD000E+00_Vran118E
 +01                  
 Start
           0
 set_grid_done
 set_clumps_done
 Done
 TIME :    2.49244312313385       sec
          50 %           3   54.7824119422585     
 	 100 %           3   107.523852456827     
 Time :   107.690678900573     
 WOCIVL455M0100NH220/N_atom200E+10_Vexp500E+01_Vemit500E+01_tauD000E+00_Vran118E
 +01                  
 Start
           0
 set_grid_done
 set_clumps_done
 Done
 TIME :    2.50413996283896       sec
          50 %           2   103.162496460835     
 	 100 %           2   207.736024167389     
 Time :   207.901260845596     
 WOCIVL455M0100NH220/N_atom200E+10_Vexp100E+02_Vemit500E+01_tauD000E+00_Vran300E
 +01                  
 Start
           0
 set_grid_done
 set_clumps_done
 Done
 TIME :    2.53693434619345       sec
          50 %           3   95.7498587560840     
 	 100 %           1   186.066781344824     
 Time :   186.236953093670     
 WOCIVL455M0100NH220/N_atom200E+10_Vexp200E+02_Vemit500E+01_tauD000E+00_Vran300E
 +01                  
 Start
           0
 set_grid_done
 set_clumps_done
 Done
 TIME :    2.53093827306293       sec
          50 %           3   70.7366556401830     
 	 100 %           3   138.713861482451     
 Time :   138.894019028405     
 WOCIVL455M0100NH220/N_atom200E+10_Vexp300E+02_Vemit500E+01_tauD000E+00_Vran300E
 +01                  
 Start
           0
 set_grid_done
 set_clumps_done
 Done
 TIME :    2.54683867422864       sec
          50 %           4   71.0476418887265     
 	 100 %           4   139.546352214646     
 Time :   139.719785745488     
 WOCIVL455M0100NH220/N_atom200E+10_Vexp400E+02_Vemit500E+01_tauD000E+00_Vran300E
 +01                  
 Start
           0
 set_grid_done
 set_clumps_done
 Done
 TIME :    2.54245048202574       sec
          50 %           1   70.3508312860504     
 	 100 %           1   136.422957003117     
 Time :   136.601457251469     
 WOCIVL455M0100NH220/N_atom200E+10_Vexp500E+02_Vemit500E+01_tauD000E+00_Vran300E
 +01                  
 Start
           0
 set_grid_done
 set_clumps_done
 Done
 TIME :    2.54428322217427       sec
          50 %           1   68.0887468764558     
 	 100 %           4   130.119172602193     
 Time :   130.296504908940     
 WOCIVL455M0100NH220/N_atom200E+10_Vexp600E+02_Vemit500E+01_tauD000E+00_Vran300E
 +01                  
 Start
           0
 set_grid_done
 set_clumps_done
 Done
 TIME :    2.52536251069978       sec
          50 %           3   68.6628899793141     
 	 100 %           1   132.613562668441     
 Time :   132.796280556126     
 WOCIVL455M0100NH220/N_atom200E+10_Vexp700E+02_Vemit500E+01_tauD000E+00_Vran300E
 +01                  
 Start
           0
 set_grid_done
 set_clumps_done
 Done
 TIME :    2.52872331603430       sec
          50 %           3   65.8183143688366     
 	 100 %           3   127.376399792498     
 Time :   127.557240032125     
 WOCIVL455M0100NH220/N_atom200E+10_Vexp800E+02_Vemit500E+01_tauD000E+00_Vran300E
 +01                  
 Start
           0
 set_grid_done
 set_clumps_done
 Done
 TIME :    2.53571900213137       sec
          50 %           2   64.7310697273351     
 	 100 %           3   128.542427435983     
 Time :   128.725131376414     
 WOCIVL455M0100NH220/N_atom200E+10_Vexp900E+02_Vemit500E+01_tauD000E+00_Vran300E
 +01                  
 Start
           0
 set_grid_done
 set_clumps_done
 Done
 TIME :    2.54155865986831       sec
          50 %           4   62.7411437162664     
 	 100 %           4   123.257089450257     
 Time :   123.432703149971     
 WOCIVL455M0100NH220/N_atom200E+10_Vexp100E+03_Vemit500E+01_tauD000E+00_Vran300E
 +01                  
 Start
           0
 set_grid_done
 set_clumps_done
 Done
 TIME :    2.54448018711992       sec
          50 %           1   63.7403256685939     
 	 100 %           2   124.992054407485     
 Time :   125.175535285380     
 WOCIVL455M0100NH220/N_atom200E+10_Vexp200E+03_Vemit500E+01_tauD000E+00_Vran300E
 +01                  
 Start
           0
 set_grid_done
 set_clumps_done
 Done
 TIME :    2.54380483762361       sec
          50 %           3   56.5089620507788     
 	 100 %           2   110.779154337011     
 Time :   110.959532133071     
 WOCIVL455M0100NH220/N_atom200E+10_Vexp300E+03_Vemit500E+01_tauD000E+00_Vran300E
 +01                  
 Start
           0
 set_grid_done
 set_clumps_done
 Done
 TIME :    2.53862726339139       sec
          50 %           2   54.3945341166109     
 	 100 %           1   107.997061315691     
 Time :   108.180059911683     
 WOCIVL455M0100NH220/N_atom200E+10_Vexp500E+01_Vemit500E+01_tauD000E+00_Vran300E
 +01                  
 Start
           0
 set_grid_done
 set_clumps_done
 Done
 TIME :    2.52958686300553       sec
          50 %           1   130.934662403539     
 	 100 %           3   258.453035910381     
 Time :   258.622370744124     
 WOCIVL455M0100NH220/N_atom200E+10_Vexp100E+02_Vemit500E+01_tauD000E+00_Vran500E
 +01                  
 Start
           0
 set_grid_done
 set_clumps_done
 Done
 TIME :    2.53303583059460       sec
          50 %           2   111.650657640072     
 	 100 %           2   215.076222161762     
 Time :   215.256764299003     
 WOCIVL455M0100NH220/N_atom200E+10_Vexp200E+02_Vemit500E+01_tauD000E+00_Vran500E
 +01                  
 Start
           0
 set_grid_done
 set_clumps_done
 Done
 TIME :    2.55743814026937       sec
          50 %           2   78.1502774874680     
 	 100 %           3   153.787190672476     
 Time :   153.965803510742     
 WOCIVL455M0100NH220/N_atom200E+10_Vexp300E+02_Vemit500E+01_tauD000E+00_Vran500E
 +01                  
 Start
           0
 set_grid_done
 set_clumps_done
 Done
 TIME :    2.57033410225995       sec
          50 %           3   78.0117182331160     
 	 100 %           2   152.874781359686     
 Time :   153.038825087482     
 WOCIVL455M0100NH220/N_atom200E+10_Vexp400E+02_Vemit500E+01_tauD000E+00_Vran500E
 +01                  
 Start
           0
 set_grid_done
 set_clumps_done
 Done
 TIME :    2.54092802782543       sec
          50 %           2   71.0303946463391     
 	 100 %           1   140.444314605324     
 Time :   140.627189048799     
 WOCIVL455M0100NH220/N_atom200E+10_Vexp500E+02_Vemit500E+01_tauD000E+00_Vran500E
 +01                  
 Start
           0
 set_grid_done
 set_clumps_done
 Done
 TIME :    2.53870927356184       sec
          50 %           4   74.2755070314743     
 	 100 %           4   144.520435327198     
 Time :   144.705265661469     
 WOCIVL455M0100NH220/N_atom200E+10_Vexp600E+02_Vemit500E+01_tauD000E+00_Vran500E
 +01                  
 Start
           0
 set_grid_done
 set_clumps_done
 Done
 TIME :    2.53416509646922       sec
          50 %           2   73.0635062297806     
 	 100 %           2   145.200954865199     
 Time :   145.386847334448     
 WOCIVL455M0100NH220/N_atom200E+10_Vexp700E+02_Vemit500E+01_tauD000E+00_Vran500E
 +01                  
 Start
           0
 set_grid_done
 set_clumps_done
 Done
 TIME :    2.52707499614917       sec
          50 %           4   69.9233778098132     
 	 100 %           4   134.798469121801     
 Time :   134.980570675340     
 WOCIVL455M0100NH220/N_atom200E+10_Vexp800E+02_Vemit500E+01_tauD000E+00_Vran500E
 +01                  
 Start
           0
 set_grid_done
 set_clumps_done
 Done
 TIME :    2.52509808423929       sec
          50 %           2   64.0533504493069     
 	 100 %           4   129.562818249455     
 Time :   129.742234196747     
 WOCIVL455M0100NH220/N_atom200E+10_Vexp900E+02_Vemit500E+01_tauD000E+00_Vran500E
 +01                  
 Start
           0
 set_grid_done
 set_clumps_done
 Done
 TIME :    2.54789913585410       sec
          50 %           3   66.1222233220469     
 	 100 %           3   126.482084055664     
 Time :   126.655123476405     
 WOCIVL455M0100NH220/N_atom200E+10_Vexp100E+03_Vemit500E+01_tauD000E+00_Vran500E
 +01                  
 Start
           0
 set_grid_done
 set_clumps_done
 Done
 TIME :    2.54048577393405       sec
          50 %           3   62.7532559072133     
 	 100 %           2   127.867039692588     
 Time :   128.040211201413     
 WOCIVL455M0100NH220/N_atom200E+10_Vexp200E+03_Vemit500E+01_tauD000E+00_Vran500E
 +01                  
 Start
           0
 set_grid_done
 set_clumps_done
 Done
 TIME :    2.53588449535891       sec
          50 %           4   59.3341565204319     
 	 100 %           1   116.902419525199     
 Time :   117.070703245932     
 WOCIVL455M0100NH220/N_atom200E+10_Vexp300E+03_Vemit500E+01_tauD000E+00_Vran500E
 +01                  
 Start
           0
 set_grid_done
 set_clumps_done
 Done
 TIME :    2.51607034867629       sec
          50 %           4   58.0779417371377     
 	 100 %           4   110.907879921142     
 Time :   111.085458298679     
 WOCIVL455M0100NH220/N_atom200E+10_Vexp500E+01_Vemit500E+01_tauD000E+00_Vran500E
 +01                  
 Start
           0
 set_grid_done
 set_clumps_done
 Done
 TIME :    2.53616398130544       sec
          50 %           2   154.318062324775     
 	 100 %           4   318.321581244003     
 Time :   318.498119990574     
 WOCIVL455M0100NH220/N_atom200E+10_Vexp100E+02_Vemit100E+02_tauD000E+00_Vran118E
 +01                  
 Start
           0
 set_grid_done
 set_clumps_done
 Done
 TIME :    2.52669975301251       sec
          50 %           2   77.2625748289283     
 	 100 %           1   150.930449025705     
 Time :   151.093363196822     
 WOCIVL455M0100NH220/N_atom200E+10_Vexp200E+02_Vemit100E+02_tauD000E+00_Vran118E
 +01                  
 Start
           0
 set_grid_done
 set_clumps_done
 Done
 TIME :    1.47677693911828       sec
          50 %           3   68.9767397216056     
 	 100 %           2   135.980027995538     
 Time :   136.158796287607     
 WOCIVL455M0100NH220/N_atom200E+10_Vexp300E+02_Vemit100E+02_tauD000E+00_Vran118E
 +01                  
 Start
           0
 set_grid_done
 set_clumps_done
 Done
 TIME :    2.54655887768604       sec
          50 %           1   66.9853202833328     
 	 100 %           1   129.976885415614     
 Time :   130.154939221917     
 WOCIVL455M0100NH220/N_atom200E+10_Vexp400E+02_Vemit100E+02_tauD000E+00_Vran118E
 +01                  
 Start
           0
 set_grid_done
 set_clumps_done
 Done
 TIME :    2.54013619082980       sec
          50 %           2   65.7387854198460     
 	 100 %           1   124.708992588799     
 Time :   124.886566637782     
 WOCIVL455M0100NH220/N_atom200E+10_Vexp500E+02_Vemit100E+02_tauD000E+00_Vran118E
 +01                  
 Start
           0
 set_grid_done
 set_clumps_done
 Done
 TIME :    2.53560489928350       sec
          50 %           1   61.7933856905438     
 	 100 %           3   119.166169057833     
 Time :   119.340057787718     
 WOCIVL455M0100NH220/N_atom200E+10_Vexp600E+02_Vemit100E+02_tauD000E+00_Vran118E
 +01                  
 Start
           0
 set_grid_done
 set_clumps_done
 Done
 TIME :    2.53670306433924       sec
          50 %           3   64.5976616158150     
 	 100 %           1   128.875701954355     
 Time :   129.037389789941     
 WOCIVL455M0100NH220/N_atom200E+10_Vexp700E+02_Vemit100E+02_tauD000E+00_Vran118E
 +01                  
 Start
           0
 set_grid_done
 set_clumps_done
 Done
 TIME :    2.55973152024671       sec
          50 %           2   65.2506030704826     
 	 100 %           4   127.039772063494     
 Time :   127.220871740021     
 WOCIVL455M0100NH220/N_atom200E+10_Vexp800E+02_Vemit100E+02_tauD000E+00_Vran118E
 +01                  
 Start
           0
 set_grid_done
 set_clumps_done
 Done
 TIME :    2.55920464103110       sec
          50 %           2   64.5363460262306     
 	 100 %           2   128.632106082281     
 Time :   128.807946284534     
 WOCIVL455M0100NH220/N_atom200E+10_Vexp900E+02_Vemit100E+02_tauD000E+00_Vran118E
 +01                  
 Start
           0
 set_grid_done
 set_clumps_done
 Done
 TIME :    2.56378564005718       sec
          50 %           2   64.6934552576859     
 	 100 %           4   125.971074713860     
 Time :   126.148979539284     
 WOCIVL455M0100NH220/N_atom200E+10_Vexp100E+03_Vemit100E+02_tauD000E+00_Vran118E
 +01                  
 Start
           0
 set_grid_done
 set_clumps_done
 Done
 TIME :    2.51711089117453       sec
          50 %           2   59.9870475165080     
 	 100 %           3   120.092283332720     
 Time :   120.276718174340     
 WOCIVL455M0100NH220/N_atom200E+10_Vexp200E+03_Vemit100E+02_tauD000E+00_Vran118E
 +01                  
 Start
           0
 set_grid_done
 set_clumps_done
 Done
 TIME :    2.53128604241647       sec
          50 %           1   56.9940943219699     
 	 100 %           3   113.797266028356     
 Time :   113.975850821938     
 WOCIVL455M0100NH220/N_atom200E+10_Vexp300E+03_Vemit100E+02_tauD000E+00_Vran118E
 +01                  
 Start
           0
 set_grid_done
 set_clumps_done
 Done
 TIME :    2.54306921083480       sec
          50 %           3   55.1556016847026     
 	 100 %           1   107.164065165911     
 Time :   107.342607095838     
 WOCIVL455M0100NH220/N_atom200E+10_Vexp500E+01_Vemit100E+02_tauD000E+00_Vran118E
 +01                  
 Start
           0
 set_grid_done
 set_clumps_done
 Done
 TIME :    2.53934778086841       sec
          50 %           3   82.9092127904296     
 	 100 %           4   159.110497800400     
 Time :   159.294092681026     
 WOCIVL455M0100NH220/N_atom200E+10_Vexp100E+02_Vemit100E+02_tauD000E+00_Vran300E
 +01                  
 Start
           0
 set_grid_done
 set_clumps_done
 Done
 TIME :    2.57265673950315       sec
          50 %           4   88.0733632778283     
 	 100 %           2   172.889940806665     
 Time :   173.071258859709     
 WOCIVL455M0100NH220/N_atom200E+10_Vexp200E+02_Vemit100E+02_tauD000E+00_Vran300E
 +01                  
 Start
           0
 set_grid_done
 set_clumps_done
 Done
 TIME :    2.54101069946773       sec
          50 %           2   72.0207122522406     
 	 100 %           1   143.722646234091     
 Time :   143.902765164617     
 WOCIVL455M0100NH220/N_atom200E+10_Vexp300E+02_Vemit100E+02_tauD000E+00_Vran300E
 +01                  
 Start
           0
 set_grid_done
 set_clumps_done
 Done
 TIME :    2.55677613685839       sec
          50 %           4   71.8761397909839     
 	 100 %           2   137.490666602971     
 Time :   137.672967155464     
 WOCIVL455M0100NH220/N_atom200E+10_Vexp400E+02_Vemit100E+02_tauD000E+00_Vran300E
 +01                  
 Start
           0
 set_grid_done
 set_clumps_done
 Done
 TIME :    2.54678572085686       sec
          50 %           3   70.5422772439197     
 	 100 %           2   139.771610214142     
 Time :   139.949870814336     
 WOCIVL455M0100NH220/N_atom200E+10_Vexp500E+02_Vemit100E+02_tauD000E+00_Vran300E
 +01                  
 Start
           0
 set_grid_done
 set_clumps_done
 Done
 TIME :    2.55299900844693       sec
          50 %           2   72.1495888812933     
 	 100 %           2   140.807369800285     
 Time :   140.993901347741     
 WOCIVL455M0100NH220/N_atom200E+10_Vexp600E+02_Vemit100E+02_tauD000E+00_Vran300E
 +01                  
 Start
           0
 set_grid_done
 set_clumps_done
 Done
 TIME :    2.55423818924464       sec
          50 %           3   66.1117152345832     
 	 100 %           3   131.368424022570     
 Time :   131.548839552561     
 WOCIVL455M0100NH220/N_atom200E+10_Vexp700E+02_Vemit100E+02_tauD000E+00_Vran300E
 +01                  
 Start
           0
 set_grid_done
 set_clumps_done
 Done
 TIME :    2.55167649500072       sec
          50 %           1   68.1047075656243     
 	 100 %           3   133.364819732029     
 Time :   133.549048601184     
 WOCIVL455M0100NH220/N_atom200E+10_Vexp800E+02_Vemit100E+02_tauD000E+00_Vran300E
 +01                  
 Start
           0
 set_grid_done
 set_clumps_done
 Done
 TIME :    2.55452773487195       sec
          50 %           3   65.5584750052076     
 	 100 %           4   128.691827527713     
 Time :   128.872052194783     
 WOCIVL455M0100NH220/N_atom200E+10_Vexp900E+02_Vemit100E+02_tauD000E+00_Vran300E
 +01                  
 Start
           0
 set_grid_done
 set_clumps_done
 Done
 TIME :    2.53572094580159       sec
          50 %           4   64.8305213148706     
 	 100 %           3   127.539847295498     
 Time :   127.720269799232     
 WOCIVL455M0100NH220/N_atom200E+10_Vexp100E+03_Vemit100E+02_tauD000E+00_Vran300E
 +01                  
 Start
           0
 set_grid_done
 set_clumps_done
 Done
 TIME :    2.52584388107061       sec
          50 %           3   66.3839236309286     
 	 100 %           4   130.003950657090     
 Time :   130.186600662069     
 WOCIVL455M0100NH220/N_atom200E+10_Vexp200E+03_Vemit100E+02_tauD000E+00_Vran300E
 +01                  
 Start
           0
 set_grid_done
 set_clumps_done
 Done
 TIME :    2.53446701634675       sec
          50 %           1   60.2969715001527     
 	 100 %           3   113.674916319549     
 Time :   113.857699624961     
 WOCIVL455M0100NH220/N_atom200E+10_Vexp300E+03_Vemit100E+02_tauD000E+00_Vran300E
 +01                  
 Start
           0
 set_grid_done
 set_clumps_done
 Done
 TIME :    2.53512385929935       sec
          50 %           2   56.8912782717962     
 	 100 %           2   111.293229407398     
 Time :   111.475251385709     
 WOCIVL455M0100NH220/N_atom200E+10_Vexp500E+01_Vemit100E+02_tauD000E+00_Vran300E
 +01                  
 Start
           0
 set_grid_done
 set_clumps_done
 Done
 TIME :    2.57149486988783       sec
          50 %           2   110.725561584113     
 	 100 %           3   219.040747422958     
 Time :   219.217659308575     
 WOCIVL455M0100NH220/N_atom200E+10_Vexp100E+02_Vemit100E+02_tauD000E+00_Vran500E
 +01                  
 Start
           0
 set_grid_done
 set_clumps_done
 Done
 TIME :    2.55287848296575       sec
          50 %           3   100.342499554623     
 	 100 %           2   200.098953234265     
 Time :   200.276303646620     
 WOCIVL455M0100NH220/N_atom200E+10_Vexp200E+02_Vemit100E+02_tauD000E+00_Vran500E
 +01                  
 Start
           0
 set_grid_done
 set_clumps_done
 Done
 TIME :    2.56331045180559       sec
          50 %           1   83.1296044636983     
 	 100 %           2   163.178811451187     
 Time :   163.355290180538     
 WOCIVL455M0100NH220/N_atom200E+10_Vexp300E+02_Vemit100E+02_tauD000E+00_Vran500E
 +01                  
 Start
           0
 set_grid_done
 set_clumps_done
 Done
 TIME :    2.56087326072156       sec
          50 %           3   75.5142905728426     
 	 100 %           1   146.558786676265     
 Time :   146.735816562548     
 WOCIVL455M0100NH220/N_atom200E+10_Vexp400E+02_Vemit100E+02_tauD000E+00_Vran500E
 +01                  
 Start
           0
 set_grid_done
 set_clumps_done
 Done
 TIME :    2.55004649050534       sec
          50 %           1   75.2801958611235     
 	 100 %           3   145.541118852329     
 Time :   145.719414500985     
 WOCIVL455M0100NH220/N_atom200E+10_Vexp500E+02_Vemit100E+02_tauD000E+00_Vran500E
 +01                  
 Start
           0
 set_grid_done
 set_clumps_done
 Done
 TIME :    2.55962005257607       sec
          50 %           1   68.9052278138697     
 	 100 %           1   137.840161086991     
 Time :   138.020880961558     
 WOCIVL455M0100NH220/N_atom200E+10_Vexp600E+02_Vemit100E+02_tauD000E+00_Vran500E
 +01                  
 Start
           0
 set_grid_done
 set_clumps_done
 Done
 TIME :    2.56772911362350       sec
          50 %           4   70.0263537925202     
 	 100 %           4   138.996327456785     
 Time :   139.176502446877     
 WOCIVL455M0100NH220/N_atom200E+10_Vexp700E+02_Vemit100E+02_tauD000E+00_Vran500E
 +01                  
 Start
           0
 set_grid_done
 set_clumps_done
 Done
 TIME :    2.55536779598333       sec
          50 %           2   71.7383540682495     
 	 100 %           4   141.268482950283     
 Time :   141.447387228021     
 WOCIVL455M0100NH220/N_atom200E+10_Vexp800E+02_Vemit100E+02_tauD000E+00_Vran500E
 +01                  
 Start
           0
 set_grid_done
 set_clumps_done
 Done
 TIME :    2.56156225665472       sec
          50 %           1   68.6765846116468     
 	 100 %           4   136.299784226110     
 Time :   136.479975698283     
 WOCIVL455M0100NH220/N_atom200E+10_Vexp900E+02_Vemit100E+02_tauD000E+00_Vran500E
 +01                  
 Start
           0
 set_grid_done
 set_clumps_done
 Done
 TIME :    2.11651555215940       sec
          50 %           3   66.0452277117874     
 	 100 %           2   131.536174250767     
 Time :   131.715409314726     
 WOCIVL455M0100NH220/N_atom200E+10_Vexp100E+03_Vemit100E+02_tauD000E+00_Vran500E
 +01                  
 Start
           0
 set_grid_done
 set_clumps_done
 Done
 TIME :    2.54077496891841       sec
          50 %           2   67.7202962418087     
 	 100 %           3   133.475145111559     
 Time :   133.650373708922     
 WOCIVL455M0100NH220/N_atom200E+10_Vexp200E+03_Vemit100E+02_tauD000E+00_Vran500E
 +01                  
 Start
           0
 set_grid_done
 set_clumps_done
 Done
 TIME :    2.53586931573227       sec
          50 %           3   60.3595259594731     
 	 100 %           1   118.388135717250     
 Time :   118.565977018327     
 WOCIVL455M0100NH220/N_atom200E+10_Vexp300E+03_Vemit100E+02_tauD000E+00_Vran500E
 +01                  
 Start
           0
 set_grid_done
 set_clumps_done
 Done
 TIME :    2.55882718367502       sec
          50 %           1   56.5946074582171     
 	 100 %           2   109.252461427357     
 Time :   109.432180907577     
 WOCIVL455M0100NH220/N_atom200E+10_Vexp500E+01_Vemit100E+02_tauD000E+00_Vran500E
 +01                  
 Start
           0
 set_grid_done
 set_clumps_done
 Done
 TIME :    2.53312421310693       sec
          50 %           2   142.284974897280     
 	 100 %           1   281.079848335590     
 Time :   281.259104109835     
 WOCIVL455M0100NH220/N_atom200E+10_Vexp100E+02_Vemit200E+02_tauD000E+00_Vran118E
 +01                  
 Start
           0
 set_grid_done
 set_clumps_done
 Done
 TIME :    2.53158988594078       sec
          50 %           1   63.5538978734985     
 	 100 %           3   125.431256123353     
 Time :   125.617329205386     
 WOCIVL455M0100NH220/N_atom200E+10_Vexp200E+02_Vemit200E+02_tauD000E+00_Vran118E
 +01                  
 Start
           0
 set_grid_done
 set_clumps_done
 Done
 TIME :    2.52904027514160       sec
          50 %           1   65.6073131300509     
 	 100 %           1   129.468133613933     
 Time :   129.645020440454     
 WOCIVL455M0100NH220/N_atom200E+10_Vexp300E+02_Vemit200E+02_tauD000E+00_Vran118E
 +01                  
 Start
           0
 set_grid_done
 set_clumps_done
 Done
 TIME :    2.53135845367797       sec
          50 %           1   60.6483520884067     
 	 100 %           1   120.885464063380     
 Time :   121.065760140074     
 WOCIVL455M0100NH220/N_atom200E+10_Vexp400E+02_Vemit200E+02_tauD000E+00_Vran118E
 +01                  
 Start
           0
 set_grid_done
 set_clumps_done
 Done
 TIME :    2.49417774169706       sec
          50 %           2   61.9351701147389     
 	 100 %           3   118.824035593309     
 Time :   119.008663912769     
 WOCIVL455M0100NH220/N_atom200E+10_Vexp500E+02_Vemit200E+02_tauD000E+00_Vran118E
 +01                  
 Start
           0
 set_grid_done
 set_clumps_done
 Done
 TIME :    2.53834386984818       sec
          50 %           1   66.9357346985489     
 	 100 %           4   126.414749057265     
 Time :   126.596509684809     
 WOCIVL455M0100NH220/N_atom200E+10_Vexp600E+02_Vemit200E+02_tauD000E+00_Vran118E
 +01                  
 Start
           0
 set_grid_done
 set_clumps_done
 Done
 TIME :    2.52397183421999       sec
          50 %           1   65.7548696002923     
 	 100 %           3   120.458199496381     
 Time :   120.634755566949     
 WOCIVL455M0100NH220/N_atom200E+10_Vexp700E+02_Vemit200E+02_tauD000E+00_Vran118E
 +01                  
 Start
           0
 set_grid_done
 set_clumps_done
 Done
 TIME :    2.51448608376086       sec
          50 %           4   61.9306891111191     
 	 100 %           4   119.465997058665     
 Time :   119.651382457232     
 WOCIVL455M0100NH220/N_atom200E+10_Vexp800E+02_Vemit200E+02_tauD000E+00_Vran118E
 +01                  
 Start
           0
 set_grid_done
 set_clumps_done
 Done
 TIME :    2.38327301037498       sec
          50 %           3   62.0976892244071     
 	 100 %           3   121.027706021676     
 Time :   121.207942001056     
 WOCIVL455M0100NH220/N_atom200E+10_Vexp900E+02_Vemit200E+02_tauD000E+00_Vran118E
 +01                  
 Start
           0
 set_grid_done
 set_clumps_done
 Done
 TIME :    2.49963014270179       sec
          50 %           4   61.3948114796076     
 	 100 %           3   121.179959016386     
 Time :   121.366447469685     
 WOCIVL455M0100NH220/N_atom200E+10_Vexp100E+03_Vemit200E+02_tauD000E+00_Vran118E
 +01                  
 Start
           0
 set_grid_done
 set_clumps_done
 Done
 TIME :    2.53985296771862       sec
          50 %           2   59.3390566627495     
 	 100 %           3   117.154101082589     
 Time :   117.319785234984     
 WOCIVL455M0100NH220/N_atom200E+10_Vexp200E+03_Vemit200E+02_tauD000E+00_Vran118E
 +01                  
 Start
           0
 set_grid_done
 set_clumps_done
 Done
 TIME :    1.56603480363265       sec
          50 %           4   55.9766359871719     
 	 100 %           4   111.159680901794     
 Time :   111.338677349733     
 WOCIVL455M0100NH220/N_atom200E+10_Vexp300E+03_Vemit200E+02_tauD000E+00_Vran118E
 +01                  
 Start
           0
 set_grid_done
 set_clumps_done
 Done
 TIME :    2.51444785925560       sec
          50 %           2   54.7865553863812     
 	 100 %           1   109.043290484231     
 Time :   109.231001014821     
 WOCIVL455M0100NH220/N_atom200E+10_Vexp500E+01_Vemit200E+02_tauD000E+00_Vran118E
 +01                  
 Start
           0
 set_grid_done
 set_clumps_done
 Done
 TIME :    2.29468623688444       sec
          50 %           2   64.8537826356478     
 	 100 %           1   125.373302201042     
 Time :   125.540714439237     
 WOCIVL455M0100NH220/N_atom200E+10_Vexp100E+02_Vemit200E+02_tauD000E+00_Vran300E
 +01                  
 Start
           0
 set_grid_done
 set_clumps_done
 Done
 TIME :    2.33818589313887       sec
          50 %           3   71.3680991788860     
 	 100 %           3   135.153519589454     
 Time :   135.331254532794     
 WOCIVL455M0100NH220/N_atom200E+10_Vexp200E+02_Vemit200E+02_tauD000E+00_Vran300E
 +01                  
 Start
           0
 set_grid_done
 set_clumps_done
 Done
 TIME :    2.51739249145612       sec
          50 %           1   66.9411036367528     
 	 100 %           4   127.930355038494     
 Time :   128.117188526085     
 WOCIVL455M0100NH220/N_atom200E+10_Vexp300E+02_Vemit200E+02_tauD000E+00_Vran300E
 +01                  
 Start
           0
 set_grid_done
 set_clumps_done
 Done
 TIME :    2.45896334061399       sec
          50 %           1   62.6210022009909     
 	 100 %           1   120.119567842688     
 Time :   120.307114593452     
 WOCIVL455M0100NH220/N_atom200E+10_Vexp400E+02_Vemit200E+02_tauD000E+00_Vran300E
 +01                  
 Start
           0
 set_grid_done
 set_clumps_done
 Done
 TIME :    2.50539859151468       sec
          50 %           3   65.3533088350669     
 	 100 %           4   125.889921431663     
 Time :   126.061258687405     
 WOCIVL455M0100NH220/N_atom200E+10_Vexp500E+02_Vemit200E+02_tauD000E+00_Vran300E
 +01                  
 Start
           0
 set_grid_done
 set_clumps_done
 Done
 TIME :    2.47349555930123       sec
          50 %           2   57.0823833236936     
 	 100 %           1   119.189823326189     
 Time :   119.363950331463     
 WOCIVL455M0100NH220/N_atom200E+10_Vexp600E+02_Vemit200E+02_tauD000E+00_Vran300E
 +01                  
 Start
           0
 set_grid_done
 set_clumps_done
 Done
 TIME :    2.42495379340835       sec
          50 %           4   60.7435121128801     
 	 100 %           1   121.927639553091     
 Time :   122.104744085111     
 WOCIVL455M0100NH220/N_atom200E+10_Vexp700E+02_Vemit200E+02_tauD000E+00_Vran300E
 +01                  
 Start
           0
 set_grid_done
 set_clumps_done
 Done
 TIME :    2.20821403432637       sec
          50 %           4   58.7850283938460     
 	 100 %           3   120.593074914068     
 Time :   120.780187647091     
 WOCIVL455M0100NH220/N_atom200E+10_Vexp800E+02_Vemit200E+02_tauD000E+00_Vran300E
 +01                  
 Start
           0
 set_grid_done
 set_clumps_done
 Done
 TIME :    2.50680071045645       sec
          50 %           1   66.4959157363046     
 	 100 %           4   121.904772261856     
 Time :   122.090131569421     
 WOCIVL455M0100NH220/N_atom200E+10_Vexp900E+02_Vemit200E+02_tauD000E+00_Vran300E
 +01                  
 Start
           0
 set_grid_done
 set_clumps_done
 Done
 TIME :    2.47190695605241       sec
          50 %           1   60.0384268555790     
 	 100 %           4   120.108726464212     
 Time :   120.298865378834     
 WOCIVL455M0100NH220/N_atom200E+10_Vexp100E+03_Vemit200E+02_tauD000E+00_Vran300E
 +01                  
 Start
           0
 set_grid_done
 set_clumps_done
 Done
 TIME :    2.31739074992947       sec
          50 %           2   59.6925889847334     
 	 100 %           2   115.632129876874     
 Time :   115.807586649898     
 WOCIVL455M0100NH220/N_atom200E+10_Vexp200E+03_Vemit200E+02_tauD000E+00_Vran300E
 +01                  
 Start
           0
 set_grid_done
 set_clumps_done
 Done
 TIME :    2.51607822417282       sec
          50 %           2   52.3702699264977     
 	 100 %           3   103.982214051066     
 Time :   104.161203034222     
 WOCIVL455M0100NH220/N_atom200E+10_Vexp300E+03_Vemit200E+02_tauD000E+00_Vran300E
 +01                  
 Start
           0
 set_grid_done
 set_clumps_done
 Done
 TIME :    2.51949510886334       sec
          50 %           4   50.1243045553565     
 	 100 %           1   98.4694591586012     
 Time :   98.6511056432500     
 WOCIVL455M0100NH220/N_atom200E+10_Vexp500E+01_Vemit200E+02_tauD000E+00_Vran300E
 +01                  
 Start
           0
 set_grid_done
 set_clumps_done
 Done
 TIME :    2.51885873568244       sec
          50 %           3   76.9726710247342     
 	 100 %           2   153.428406200372     
 Time :   153.602966371924     
 WOCIVL455M0100NH220/N_atom200E+10_Vexp100E+02_Vemit200E+02_tauD000E+00_Vran500E
 +01                  
 Start
           0
 set_grid_done
 set_clumps_done
 Done
 TIME :    2.48777899169363       sec
          50 %           1   77.4645005788188     
 	 100 %           1   150.254947009031     
 Time :   150.439181990456     
 WOCIVL455M0100NH220/N_atom200E+10_Vexp200E+02_Vemit200E+02_tauD000E+00_Vran500E
 +01                  
 Start
           0
 set_grid_done
 set_clumps_done
 Done
 TIME :    2.49277218594216       sec
          50 %           2   69.2140373704024     
 	 100 %           2   131.613309473731     
 Time :   131.770148717798     
 WOCIVL455M0100NH220/N_atom200E+10_Vexp300E+02_Vemit200E+02_tauD000E+00_Vran500E
 +01                  
 Start
           0
 set_grid_done
 set_clumps_done
 Done
 TIME :    2.34802033472806       sec
          50 %           4   62.5928180536721     
 	 100 %           2   130.682976367418     
 Time :   130.855457517551     
 WOCIVL455M0100NH220/N_atom200E+10_Vexp400E+02_Vemit200E+02_tauD000E+00_Vran500E
 +01                  
 Start
           0
 set_grid_done
 set_clumps_done
 Done
 TIME :    2.43759468710050       sec
          50 %           2   62.4534503200557     
 	 100 %           4   124.332480576355     
 Time :   124.509509721072     
 WOCIVL455M0100NH220/N_atom200E+10_Vexp500E+02_Vemit200E+02_tauD000E+00_Vran500E
 +01                  
 Start
           0
 set_grid_done
 set_clumps_done
 Done
 TIME :    2.46831660205498       sec
          50 %           2   58.7736144871451     
 	 100 %           3   116.702840058599     
 Time :   116.879784958903     
 WOCIVL455M0100NH220/N_atom200E+10_Vexp600E+02_Vemit200E+02_tauD000E+00_Vran500E
 +01                  
 Start
           0
 set_grid_done
 set_clumps_done
 Done
 TIME :    2.42020600871183       sec
          50 %           1   61.6782006674912     
 	 100 %           2   111.012386974646     
 Time :   111.184978430392     
 WOCIVL455M0100NH220/N_atom200E+10_Vexp700E+02_Vemit200E+02_tauD000E+00_Vran500E
 +01                  
 Start
           0
 set_grid_done
 set_clumps_done
 Done
 TIME :    1.72449417249300       sec
          50 %           3   51.8470856011845     
 	 100 %           4   104.708772826474     
 Time :   104.864754825830     
 WOCIVL455M0100NH220/N_atom200E+10_Vexp800E+02_Vemit200E+02_tauD000E+00_Vran500E
 +01                  
 Start
           0
 set_grid_done
 set_clumps_done
 Done
 TIME :    2.47085894853808       sec
          50 %           4   54.7218638521153     
 	 100 %           4   101.719474571757     
 Time :   101.870145846624     
 WOCIVL455M0100NH220/N_atom200E+10_Vexp900E+02_Vemit200E+02_tauD000E+00_Vran500E
 +01                  
 Start
           0
 set_grid_done
 set_clumps_done
 Done
 TIME :    2.34310328937136       sec
          50 %           1   47.2729062268045     
 	 100 %           1   95.1762340560090     
 Time :   95.3589073563926     
 WOCIVL455M0100NH220/N_atom200E+10_Vexp100E+03_Vemit200E+02_tauD000E+00_Vran500E
 +01                  
 Start
           0
 set_grid_done
 set_clumps_done
 Done
 TIME :    2.08369540842250       sec
          50 %           1   53.3608751941938     
 	 100 %           3   104.695873888675     
 Time :   104.867027335102     
 WOCIVL455M0100NH220/N_atom200E+10_Vexp200E+03_Vemit200E+02_tauD000E+00_Vran500E
 +01                  
 Start
           0
 set_grid_done
 set_clumps_done
 Done
 TIME :    1.78768086689524       sec
          50 %           4   48.4985272553749     
 	 100 %           1   94.2009271935094     
 Time :   94.3711595307104     
 WOCIVL455M0100NH220/N_atom200E+10_Vexp300E+03_Vemit200E+02_tauD000E+00_Vran500E
 +01                  
 Start
           0
 set_grid_done
 set_clumps_done
 Done
 TIME :    2.27533420291729       sec
          50 %           2   47.3349552790169     
 	 100 %           4   90.8603847166523     
 Time :   91.0370354321785     
 WOCIVL455M0100NH220/N_atom200E+10_Vexp500E+01_Vemit200E+02_tauD000E+00_Vran500E
 +01                  
 Start
           0
 set_grid_done
 set_clumps_done
 Done
 TIME :    2.47222952591255       sec
          50 %           1   84.7619790311437     
 	 100 %           4   172.399540223880     
 Time :   172.583194129867     
 WOCIVL455M0100NH220/N_atom200E+10_Vexp100E+02_Vemit300E+02_tauD000E+00_Vran118E
 +01                  
 Start
           0
 set_grid_done
 set_clumps_done
 Done
 TIME :    2.48153468361124       sec
          50 %           3   52.4684654204175     
 	 100 %           2   102.560726258671     
 Time :   102.739896325627     
 WOCIVL455M0100NH220/N_atom200E+10_Vexp200E+02_Vemit300E+02_tauD000E+00_Vran118E
 +01                  
 Start
           0
 set_grid_done
 set_clumps_done
 Done
 TIME :    2.48239167756401       sec
          50 %           4   53.8815558988135     
 	 100 %           3   105.828684633132     
 Time :   106.001474366290     
 WOCIVL455M0100NH220/N_atom200E+10_Vexp300E+02_Vemit300E+02_tauD000E+00_Vran118E
 +01                  
 Start
           0
 set_grid_done
 set_clumps_done
 Done
 TIME :    1.60578285111114       sec
          50 %           2   55.1052583595738     
 	 100 %           4   116.300420275657     
 Time :   116.485324854963     
 WOCIVL455M0100NH220/N_atom200E+10_Vexp400E+02_Vemit300E+02_tauD000E+00_Vran118E
 +01                  
 Start
           0
 set_grid_done
 set_clumps_done
 Done
 TIME :    2.14609494549222       sec
          50 %           2   60.5406655641273     
 	 100 %           3   116.476869327249     
 Time :   116.651711299317     
 WOCIVL455M0100NH220/N_atom200E+10_Vexp500E+02_Vemit300E+02_tauD000E+00_Vran118E
 +01                  
 Start
           0
 set_grid_done
 set_clumps_done
 Done
 TIME :    2.47178236232139       sec
          50 %           3   62.0461469369475     
 	 100 %           2   121.071098839166     
 Time :   121.234613543376     
 WOCIVL455M0100NH220/N_atom200E+10_Vexp600E+02_Vemit300E+02_tauD000E+00_Vran118E
 +01                  
 Start
           0
 set_grid_done
 set_clumps_done
 Done
 TIME :    2.17119862511754       sec
          50 %           2   51.2308877047617     
 	 100 %           4   98.7282846018206     
 Time :   98.9110983165447     
 WOCIVL455M0100NH220/N_atom200E+10_Vexp700E+02_Vemit300E+02_tauD000E+00_Vran118E
 +01                  
 Start
           0
 set_grid_done
 set_clumps_done
 Done
 TIME :    2.45397538691759       sec
          50 %           2   51.9798928587697     
 	 100 %           4   105.325039477320     
 Time :   105.511163298506     
 WOCIVL455M0100NH220/N_atom200E+10_Vexp800E+02_Vemit300E+02_tauD000E+00_Vran118E
 +01                  
 Start
           0
 set_grid_done
 set_clumps_done
 Done
 TIME :    2.33621282875538       sec
          50 %           3   56.2482909425162     
 	 100 %           2   109.507753668353     
 Time :   109.690031806938     
 WOCIVL455M0100NH220/N_atom200E+10_Vexp900E+02_Vemit300E+02_tauD000E+00_Vran118E
 +01                  
 Start
           0
 set_grid_done
 set_clumps_done
 Done
 TIME :    2.37204650952481       sec
          50 %           1   53.8537295702845     
 	 100 %           1   101.584053437924     
 Time :   101.750466093421     
 WOCIVL455M0100NH220/N_atom200E+10_Vexp100E+03_Vemit300E+02_tauD000E+00_Vran118E
 +01                  
 Start
           0
 set_grid_done
 set_clumps_done
 Done
 TIME :    2.49522467679344       sec
          50 %           4   48.0135633731261     
 	 100 %           1   94.5265585712623     
 Time :   94.7038827321958     
 WOCIVL455M0100NH220/N_atom200E+10_Vexp200E+03_Vemit300E+02_tauD000E+00_Vran118E
 +01                  
 Start
           0
 set_grid_done
 set_clumps_done
 Done
 TIME :    1.92632320336998       sec
          50 %           2   51.6205814774148     
 	 100 %           1   100.892241450027     
 Time :   101.065346358577     
 WOCIVL455M0100NH220/N_atom200E+10_Vexp300E+03_Vemit300E+02_tauD000E+00_Vran118E
 +01                  
 Start
           0
 set_grid_done
 set_clumps_done
 Done
 TIME :    1.66034245258197       sec
          50 %           4   44.0927873058245     
 	 100 %           3   88.4733019841369     
 Time :   88.6414370543789     
 WOCIVL455M0100NH220/N_atom200E+10_Vexp500E+01_Vemit300E+02_tauD000E+00_Vran118E
 +01                  
 Start
           0
 set_grid_done
 set_clumps_done
 Done
 TIME :    2.49329328397289       sec
          50 %           4   54.0762469759211     
 	 100 %           4   106.591827034252     
 Time :   106.766541266814     
 WOCIVL455M0100NH220/N_atom200E+10_Vexp100E+02_Vemit300E+02_tauD000E+00_Vran300E
 +01                  
 Start
           0
 set_grid_done
 set_clumps_done
 Done
 TIME :    2.48298063827679       sec
          50 %           3   64.2236869600601     
 	 100 %           2   129.643368683988     
 Time :   129.814851293573     
 WOCIVL455M0100NH220/N_atom200E+10_Vexp200E+02_Vemit300E+02_tauD000E+00_Vran300E
 +01                  
 Start
           0
 set_grid_done
 set_clumps_done
 Done
 TIME :    1.74186726054177       sec
          50 %           4   59.0489399125800     
 	 100 %           2   111.771420118399     
 Time :   111.943654817296     
 WOCIVL455M0100NH220/N_atom200E+10_Vexp300E+02_Vemit300E+02_tauD000E+00_Vran300E
 +01                  
 Start
           0
 set_grid_done
 set_clumps_done
 Done
 TIME :    2.47215072205290       sec
          50 %           2   58.1992260951083     
 	 100 %           3   116.094467829447     
 Time :   116.274546361296     
 WOCIVL455M0100NH220/N_atom200E+10_Vexp400E+02_Vemit300E+02_tauD000E+00_Vran300E
 +01                  
 Start
           0
 set_grid_done
 set_clumps_done
 Done
 TIME :    1.63302828464657       sec
          50 %           4   52.0815743126441     
 	 100 %           2   100.457662133733     
 Time :   100.610968716675     
 WOCIVL455M0100NH220/N_atom200E+10_Vexp500E+02_Vemit300E+02_tauD000E+00_Vran300E
 +01                  
 Start
           0
 set_grid_done
 set_clumps_done
 Done
 TIME :    1.99332415917888       sec
          50 %           1   51.1158718422521     
 	 100 %           1   99.7215416696854     
 Time :   99.9014323342126     
 WOCIVL455M0100NH220/N_atom200E+10_Vexp600E+02_Vemit300E+02_tauD000E+00_Vran300E
 +01                  
 Start
           0
 set_grid_done
 set_clumps_done
 Done
 TIME :    2.45243144058622       sec
          50 %           2   53.6450867988169     
 	 100 %           1   107.077447599266     
 Time :   107.254920150153     
 WOCIVL455M0100NH220/N_atom200E+10_Vexp700E+02_Vemit300E+02_tauD000E+00_Vran300E
 +01                  
 Start
           0
 set_grid_done
 set_clumps_done
 Done
 TIME :    2.29635154013522       sec
          50 %           4   53.7167088817805     
 	 100 %           2   106.806834489107     
 Time :   106.974203783553     
 WOCIVL455M0100NH220/N_atom200E+10_Vexp800E+02_Vemit300E+02_tauD000E+00_Vran300E
 +01                  
 Start
           0
 set_grid_done
 set_clumps_done
 Done
 TIME :    1.64974548155442       sec
          50 %           1   52.5521949052345     
 	 100 %           2   106.779919491149     
 Time :   106.958552488824     
 WOCIVL455M0100NH220/N_atom200E+10_Vexp900E+02_Vemit300E+02_tauD000E+00_Vran300E
 +01                  
 Start
           0
 set_grid_done
 set_clumps_done
 Done
 TIME :    1.97034538025036       sec
          50 %           1   55.6427970461082     
 	 100 %           1   106.901956168702     
 Time :   107.067539784592     
 WOCIVL455M0100NH220/N_atom200E+10_Vexp100E+03_Vemit300E+02_tauD000E+00_Vran300E
 +01                  
 Start
           0
 set_grid_done
 set_clumps_done
 Done
 TIME :    2.47476627142169       sec
          50 %           2   49.0992758919019     
 	 100 %           3   97.0563201955520     
 Time :   97.2226864504628     
 WOCIVL455M0100NH220/N_atom200E+10_Vexp200E+03_Vemit300E+02_tauD000E+00_Vran300E
 +01                  
 Start
           0
 set_grid_done
 set_clumps_done
 Done
 TIME :    1.67480710917152       sec
          50 %           1   47.7634756893385     
 	 100 %           3   90.9236535115633     
 Time :   91.1039773926605     
 WOCIVL455M0100NH220/N_atom200E+10_Vexp300E+03_Vemit300E+02_tauD000E+00_Vran300E
 +01                  
 Start
           0
 set_grid_done
 set_clumps_done
 Done
 TIME :    2.45504573755898       sec
          50 %           3   42.7209272305481     
 	 100 %           1   86.2376005433034     
 Time :   86.4225124367513     
 WOCIVL455M0100NH220/N_atom200E+10_Vexp500E+01_Vemit300E+02_tauD000E+00_Vran300E
 +01                  
 Start
           0
 set_grid_done
 set_clumps_done
 Done
 TIME :    2.27567855571397       sec
          50 %           2   64.7027437426150     
 	 100 %           3   130.724547165446     
 Time :   130.891531698173     
 WOCIVL455M0100NH220/N_atom200E+10_Vexp100E+02_Vemit300E+02_tauD000E+00_Vran500E
 +01                  
 Start
           0
 set_grid_done
 set_clumps_done
 Done
 TIME :    1.47147301794030       sec
          50 %           4   72.2201540295500     
 	 100 %           3   141.937190704048     
 Time :   142.107600548072     
 WOCIVL455M0100NH220/N_atom200E+10_Vexp200E+02_Vemit300E+02_tauD000E+00_Vran500E
 +01                  
 Start
           0
 set_grid_done
 set_clumps_done
 Done
 TIME :    1.62140477821231       sec
          50 %           4   68.0842105448246     
 	 100 %           4   129.529246337013     
 Time :   129.710747036850     
 WOCIVL455M0100NH220/N_atom200E+10_Vexp300E+02_Vemit300E+02_tauD000E+00_Vran500E
 +01                  
 Start
           0
 set_grid_done
 set_clumps_done
 Done
 TIME :    2.21496595419012       sec
          50 %           3   58.4012506080326     
 	 100 %           3   119.604507868178     
 Time :   119.788981766207     
 WOCIVL455M0100NH220/N_atom200E+10_Vexp400E+02_Vemit300E+02_tauD000E+00_Vran500E
 +01                  
 Start
           0
 set_grid_done
 set_clumps_done
 Done
 TIME :    2.26659027184360       sec
          50 %           4   61.7212826777250     
 	 100 %           1   123.397599184653     
 Time :   123.579315165058     
 WOCIVL455M0100NH220/N_atom200E+10_Vexp500E+02_Vemit300E+02_tauD000E+00_Vran500E
 +01                  
 Start
           0
 set_grid_done
 set_clumps_done
 Done
 TIME :    2.41770486277528       sec
          50 %           3   59.5512133287266     
 	 100 %           4   120.833469472593     
 Time :   121.000699895667     
 WOCIVL455M0100NH220/N_atom200E+10_Vexp600E+02_Vemit300E+02_tauD000E+00_Vran500E
 +01                  
 Start
           0
 set_grid_done
 set_clumps_done
 Done
 TIME :    1.44513829331845       sec
          50 %           2   56.6687871676404     
 	 100 %           1   111.625742137898     
 Time :   111.788875286933     
 WOCIVL455M0100NH220/N_atom200E+10_Vexp700E+02_Vemit300E+02_tauD000E+00_Vran500E
 +01                  
 Start
           0
 set_grid_done
 set_clumps_done
 Done
 TIME :    2.11995834764093       sec
          50 %           4   59.8568493756466     
 	 100 %           4   119.322237285320     
 Time :   119.501540252008     
 WOCIVL455M0100NH220/N_atom200E+10_Vexp800E+02_Vemit300E+02_tauD000E+00_Vran500E
 +01                  
 Start
           0
 set_grid_done
 set_clumps_done
 Done
 TIME :    2.46584700793028       sec
          50 %           2   58.0833510542288     
 	 100 %           1   116.462269376265     
 Time :   116.637206343934     
 WOCIVL455M0100NH220/N_atom200E+10_Vexp900E+02_Vemit300E+02_tauD000E+00_Vran500E
 +01                  
 Start
           0
 set_grid_done
 set_clumps_done
 Done
 TIME :    1.44392411154695       sec
          50 %           1   56.9183800851461     
 	 100 %           1   111.299262102460     
 Time :   111.478915363317     
 WOCIVL455M0100NH220/N_atom200E+10_Vexp100E+03_Vemit300E+02_tauD000E+00_Vran500E
 +01                  
 Start
           0
 set_grid_done
 set_clumps_done
 Done
 TIME :    2.42900870461017       sec
          50 %           2   56.6210928373039     
 	 100 %           2   112.517487694044     
 Time :   112.694522519829     
 WOCIVL455M0100NH220/N_atom200E+10_Vexp200E+03_Vemit300E+02_tauD000E+00_Vran500E
 +01                  
 Start
           0
 set_grid_done
 set_clumps_done
 Done
 TIME :    1.44879528740421       sec
          50 %           3   51.0096165635623     
 	 100 %           4   100.350493039936     
 Time :   100.525487489766     
 WOCIVL455M0100NH220/N_atom200E+10_Vexp300E+03_Vemit300E+02_tauD000E+00_Vran500E
 +01                  
 Start
           0
 set_grid_done
 set_clumps_done
 Done
 TIME :    2.46516788122244       sec
          50 %           4   46.9214816121385     
 	 100 %           2   90.1440950620454     
 Time :   90.2888321443461     
 WOCIVL455M0100NH220/N_atom200E+10_Vexp500E+01_Vemit300E+02_tauD000E+00_Vran500E
 +01                  
 Start
           0
 set_grid_done
 set_clumps_done
 Done
 TIME :    1.44929489330389       sec
          50 %           3   74.4987554852851     
 	 100 %           4   160.265223435592     
 Time :   160.439068951178     
 WOCIVL455M0100NH220/N_atom200E+10_Vexp100E+02_Vemit400E+02_tauD000E+00_Vran118E
 +01                  
 Start
           0
 set_grid_done
 set_clumps_done
 Done
 TIME :    1.45121799013577       sec
          50 %           2   50.1010701872874     
 	 100 %           2   93.4974972901400     
 Time :   93.6651782933623     
 WOCIVL455M0100NH220/N_atom200E+10_Vexp200E+02_Vemit400E+02_tauD000E+00_Vran118E
 +01                  
 Start
           0
 set_grid_done
 set_clumps_done
 Done
 TIME :    1.45103378011845       sec
          50 %           4   53.8496963314246     
 	 100 %           4   105.096267333254     
 Time :   105.262688234681     
 WOCIVL455M0100NH220/N_atom200E+10_Vexp300E+02_Vemit400E+02_tauD000E+00_Vran118E
 +01                  
 Start
           0
 set_grid_done
 set_clumps_done
 Done
 TIME :    1.44735622615553       sec
          50 %           4   52.7287766057998     
 	 100 %           1   104.298870175611     
 Time :   104.468690908747     
 WOCIVL455M0100NH220/N_atom200E+10_Vexp400E+02_Vemit400E+02_tauD000E+00_Vran118E
 +01                  
 Start
           0
 set_grid_done
 set_clumps_done
 Done
 TIME :    1.45176874613389       sec
          50 %           1   53.1451174737886     
 	 100 %           4   103.988056955161     
 Time :   104.160460804356     
 WOCIVL455M0100NH220/N_atom200E+10_Vexp500E+02_Vemit400E+02_tauD000E+00_Vran118E
 +01                  
 Start
           0
 set_grid_done
 set_clumps_done
 Done
 TIME :    1.45180970593356       sec
          50 %           3   53.4336063538212     
 	 100 %           2   106.114803012693     
 Time :   106.286851217039     
 WOCIVL455M0100NH220/N_atom200E+10_Vexp600E+02_Vemit400E+02_tauD000E+00_Vran118E
 +01                  
 Start
           0
 set_grid_done
 set_clumps_done
 Done
 TIME :    1.47216892754659       sec
          50 %           1   54.5907084813807     
 	 100 %           1   104.288268335164     
 Time :   104.458928497974     
 WOCIVL455M0100NH220/N_atom200E+10_Vexp700E+02_Vemit400E+02_tauD000E+00_Vran118E
 +01                  
 Start
           0
 set_grid_done
 set_clumps_done
 Done
 TIME :    1.47917194780894       sec
          50 %           3   51.1186412121169     
 	 100 %           2   106.668853264302     
 Time :   106.843450067332     
 WOCIVL455M0100NH220/N_atom200E+10_Vexp800E+02_Vemit400E+02_tauD000E+00_Vran118E
 +01                  
 Start
           0
 set_grid_done
 set_clumps_done
 Done
 TIME :    1.44414865016006       sec
          50 %           2   56.4537718372885     
 	 100 %           4   110.145778663689     
 Time :   110.306015274487     
 WOCIVL455M0100NH220/N_atom200E+10_Vexp900E+02_Vemit400E+02_tauD000E+00_Vran118E
 +01                  
 Start
           0
 set_grid_done
 set_clumps_done
 Done
 TIME :    1.44761004205793       sec
          50 %           4   51.5339061683044     
 	 100 %           1   102.201059883926     
 Time :   102.382559251273     
 WOCIVL455M0100NH220/N_atom200E+10_Vexp100E+03_Vemit400E+02_tauD000E+00_Vran118E
 +01                  
 Start
           0
 set_grid_done
 set_clumps_done
 Done
 TIME :    1.94726965203881       sec
          50 %           2   49.5973817366175     
 	 100 %           3   101.092438903637     
 Time :   101.261659814976     
 WOCIVL455M0100NH220/N_atom200E+10_Vexp200E+03_Vemit400E+02_tauD000E+00_Vran118E
 +01                  
 Start
           0
 set_grid_done
 set_clumps_done
 Done
 TIME :    1.66761318594217       sec
          50 %           1   52.9412075176369     
 	 100 %           1   105.786982167978     
 Time :   105.959564175224     
 WOCIVL455M0100NH220/N_atom200E+10_Vexp300E+03_Vemit400E+02_tauD000E+00_Vran118E
 +01                  
 Start
           0
 set_grid_done
 set_clumps_done
 Done
 TIME :    2.39381726854481       sec
          50 %           4   49.8019435163587     
 	 100 %           3   92.3203416883480     
 Time :   92.4932717655320     
 WOCIVL455M0100NH220/N_atom200E+10_Vexp500E+01_Vemit400E+02_tauD000E+00_Vran118E
 +01                  
 Start
           0
 set_grid_done
 set_clumps_done
 Done
 TIME :    2.46137658483349       sec
          50 %           4   46.7010393203236     
 	 100 %           2   93.8798749509733     
 Time :   94.0511550749652     
 WOCIVL455M0100NH220/N_atom200E+10_Vexp100E+02_Vemit400E+02_tauD000E+00_Vran300E
 +01                  
 Start
           0
 set_grid_done
 set_clumps_done
 Done
 TIME :    2.36528797657229       sec
          50 %           3   57.2379627765622     
 	 100 %           4   118.320996190654     
 Time :   118.508166576270     
 WOCIVL455M0100NH220/N_atom200E+10_Vexp200E+02_Vemit400E+02_tauD000E+00_Vran300E
 +01                  
 Start
           0
 set_grid_done
 set_clumps_done
 Done
 TIME :    2.40837001707405       sec
          50 %           3   57.5294452446979     
 	 100 %           3   109.366215795511     
 Time :   109.549161788542     
 WOCIVL455M0100NH220/N_atom200E+10_Vexp300E+02_Vemit400E+02_tauD000E+00_Vran300E
 +01                  
 Start
           0
 set_grid_done
 set_clumps_done
 Done
 TIME :    2.47404800844379       sec
          50 %           1   57.5655432918575     
 	 100 %           4   111.737955224933     
 Time :   111.912166535156     
 WOCIVL455M0100NH220/N_atom200E+10_Vexp400E+02_Vemit400E+02_tauD000E+00_Vran300E
 +01                  
 Start
           0
 set_grid_done
 set_clumps_done
 Done
 TIME :    2.04093226115219       sec
          50 %           4   54.8774127655197     
 	 100 %           1   113.127620572690     
 Time :   113.294524217257     
 WOCIVL455M0100NH220/N_atom200E+10_Vexp500E+02_Vemit400E+02_tauD000E+00_Vran300E
 +01                  
 Start
           0
 set_grid_done
 set_clumps_done
 Done
 TIME :    2.43111244402826       sec
          50 %           4   58.1067584701814     
 	 100 %           4   112.793135749642     
 Time :   112.948061435483     
 WOCIVL455M0100NH220/N_atom200E+10_Vexp600E+02_Vemit400E+02_tauD000E+00_Vran300E
 +01                  
 Start
           0
 set_grid_done
 set_clumps_done
 Done
 TIME :    1.57517115119845       sec
          50 %           4   48.3272295468487     
 	 100 %           4   95.5851499489509     
 Time :   95.7686839809176     
 WOCIVL455M0100NH220/N_atom200E+10_Vexp700E+02_Vemit400E+02_tauD000E+00_Vran300E
 +01                  
 Start
           0
 set_grid_done
 set_clumps_done
 Done
 TIME :    2.30864679883234       sec
          50 %           4   58.0602913773619     
 	 100 %           3   115.003951947670     
 Time :   115.176251863828     
 WOCIVL455M0100NH220/N_atom200E+10_Vexp800E+02_Vemit400E+02_tauD000E+00_Vran300E
 +01                  
 Start
           0
 set_grid_done
 set_clumps_done
 Done
 TIME :    1.49833095492795       sec
          50 %           1   57.3475337624550     
 	 100 %           1   112.250652404036     
 Time :   112.419096588157     
 WOCIVL455M0100NH220/N_atom200E+10_Vexp900E+02_Vemit400E+02_tauD000E+00_Vran300E
 +01                  
 Start
           0
 set_grid_done
 set_clumps_done
 Done
 TIME :    2.43554101558402       sec
          50 %           3   55.7205379121006     
 	 100 %           4   109.680505357217     
 Time :   109.862377803074     
 WOCIVL455M0100NH220/N_atom200E+10_Vexp100E+03_Vemit400E+02_tauD000E+00_Vran300E
 +01                  
 Start
           0
 set_grid_done
 set_clumps_done
 Done
 TIME :    2.26534874644130       sec
          50 %           4   56.5984716368839     
 	 100 %           2   111.206791231409     
 Time :   111.377806768520     
 WOCIVL455M0100NH220/N_atom200E+10_Vexp200E+03_Vemit400E+02_tauD000E+00_Vran300E
 +01                  
 Start
           0
 set_grid_done
 set_clumps_done
 Done
 TIME :    2.06259710295126       sec
          50 %           3   49.7375374394469     
 	 100 %           4   96.2924381794874     
 Time :   96.4710488738492     
 WOCIVL455M0100NH220/N_atom200E+10_Vexp300E+03_Vemit400E+02_tauD000E+00_Vran300E
 +01                  
 Start
           0
 set_grid_done
 set_clumps_done
 Done
 TIME :    2.46933147474192       sec
          50 %           3   55.2692775495816     
 	 100 %           3   105.374941410264     
 Time :   105.558514007600     
 WOCIVL455M0100NH220/N_atom200E+10_Vexp500E+01_Vemit400E+02_tauD000E+00_Vran300E
 +01                  
 Start
           0
 set_grid_done
 set_clumps_done
 Done
 TIME :    2.47426631487906       sec
          50 %           3   66.1362859234214     
 	 100 %           1   129.959883813281     
 Time :   130.144201696385     
 WOCIVL455M0100NH220/N_atom200E+10_Vexp100E+02_Vemit400E+02_tauD000E+00_Vran500E
 +01                  
 Start
           0
 set_grid_done
 set_clumps_done
 Done
 TIME :    2.43244624976069       sec
          50 %           2   69.6094004781917     
 	 100 %           3   139.971554533346     
 Time :   140.144456545589     
 WOCIVL455M0100NH220/N_atom200E+10_Vexp200E+02_Vemit400E+02_tauD000E+00_Vran500E
 +01                  
 Start
           0
 set_grid_done
 set_clumps_done
 Done
 TIME :    1.94123684684746       sec
          50 %           1   59.5794244587887     
 	 100 %           3   113.625722940546     
 Time :   113.793649473460     
 WOCIVL455M0100NH220/N_atom200E+10_Vexp300E+02_Vemit400E+02_tauD000E+00_Vran500E
 +01                  
 Start
           0
 set_grid_done
 set_clumps_done
 Done
 TIME :    1.44785260572098       sec
          50 %           3   56.3719279561192     
 	 100 %           1   107.545483943773     
 Time :   107.721487955889     
 WOCIVL455M0100NH220/N_atom200E+10_Vexp400E+02_Vemit400E+02_tauD000E+00_Vran500E
 +01                  
 Start
           0
 set_grid_done
 set_clumps_done
 Done
 TIME :    2.41107063274831       sec
          50 %           3   55.4632664145902     
 	 100 %           3   109.493731315713     
 Time :   109.653731574770     
 WOCIVL455M0100NH220/N_atom200E+10_Vexp500E+02_Vemit400E+02_tauD000E+00_Vran500E
 +01                  
 Start
           0
 set_grid_done
 set_clumps_done
 Done
 TIME :    1.44479099498130       sec
          50 %           3   58.8272049755324     
 	 100 %           2   111.755758523708     
 Time :   111.918938123388     
 WOCIVL455M0100NH220/N_atom200E+10_Vexp600E+02_Vemit400E+02_tauD000E+00_Vran500E
 +01                  
 Start
           0
 set_grid_done
 set_clumps_done
 Done
 TIME :    1.44935997040011       sec
          50 %           4   51.9765055517200     
 	 100 %           4   102.153824650450     
 Time :   102.304918049835     
 WOCIVL455M0100NH220/N_atom200E+10_Vexp700E+02_Vemit400E+02_tauD000E+00_Vran500E
 +01                  
 Start
           0
 set_grid_done
 set_clumps_done
 Done
 TIME :    1.44951339019462       sec
          50 %           3   53.2396941680927     
 	 100 %           1   103.262873556465     
 Time :   103.412906324025     
 WOCIVL455M0100NH220/N_atom200E+10_Vexp800E+02_Vemit400E+02_tauD000E+00_Vran500E
 +01                  
 Start
           0
 set_grid_done
 set_clumps_done
 Done
 TIME :    1.43864443781786       sec
          50 %           4   49.2055097687989     
 	 100 %           2   99.0027641549241     
 Time :   99.1536570927128     
 WOCIVL455M0100NH220/N_atom200E+10_Vexp900E+02_Vemit400E+02_tauD000E+00_Vran500E
 +01                  
 Start
           0
 set_grid_done
 set_clumps_done
 Done
 TIME :    1.43769183685072       sec
          50 %           1   47.5882768402807     
 	 100 %           2   93.6934478075709     
 Time :   93.8602450443432     
 WOCIVL455M0100NH220/N_atom200E+10_Vexp100E+03_Vemit400E+02_tauD000E+00_Vran500E
 +01                  
 Start
           0
 set_grid_done
 set_clumps_done
 Done
 TIME :    1.65461212862283       sec
          50 %           3   49.5627134926617     
 	 100 %           4   99.4829192929901     
 Time :   99.6359815285541     
 WOCIVL455M0100NH220/N_atom200E+10_Vexp200E+03_Vemit400E+02_tauD000E+00_Vran500E
 +01                  
 Start
           0
 set_grid_done
 set_clumps_done
 Done
 TIME :    1.44083793275058       sec
          50 %           2   46.4600280071609     
 	 100 %           1   91.4589369825553     
 Time :   91.6115723343100     
 WOCIVL455M0100NH220/N_atom200E+10_Vexp300E+03_Vemit400E+02_tauD000E+00_Vran500E
 +01                  
 Start
           0
 set_grid_done
 set_clumps_done
 Done
 TIME :    1.43769474257715       sec
          50 %           1   44.2133939696942     
 	 100 %           2   90.5756810610183     
 Time :   90.7401352706365     
 WOCIVL455M0100NH220/N_atom200E+10_Vexp500E+01_Vemit400E+02_tauD000E+00_Vran500E
 +01                  
 Start
           0
 set_grid_done
 set_clumps_done
 Done
 TIME :    1.44022778072394       sec
          50 %           4   80.2558226289693     
 	 100 %           2   155.092350168619     
 Time :   155.253250165144     
 WOCIVL455M0100NH220/N_atom200E+10_Vexp100E+02_Vemit500E+02_tauD000E+00_Vran118E
 +01                  
 Start
           0
 set_grid_done
 set_clumps_done
 Done
 TIME :    1.54592605144717       sec
          50 %           1   44.1341444666032     
 	 100 %           1   88.9280461424496     
 Time :   89.0932350272778     
 WOCIVL455M0100NH220/N_atom200E+10_Vexp200E+02_Vemit500E+02_tauD000E+00_Vran118E
 +01                  
 Start
           0
 set_grid_done
 set_clumps_done
 Done
 TIME :    1.43063406948932       sec
          50 %           1   47.5763510833494     
 	 100 %           4   93.2012696221936     
 Time :   93.3637126130052     
 WOCIVL455M0100NH220/N_atom200E+10_Vexp300E+02_Vemit500E+02_tauD000E+00_Vran118E
 +01                  
 Start
           0
 set_grid_done
 set_clumps_done
 Done
 TIME :    2.42302565672435       sec
          50 %           3   43.9807940381579     
 	 100 %           1   87.7780001489446     
 Time :   87.9380817066412     
 WOCIVL455M0100NH220/N_atom200E+10_Vexp400E+02_Vemit500E+02_tauD000E+00_Vran118E
 +01                  
 Start
           0
 set_grid_done
 set_clumps_done
 Done
 TIME :    2.03381083928980       sec
          50 %           2   49.2925977341365     
 	 100 %           2   94.1979154399596     
 Time :   94.3612422172446     
 WOCIVL455M0100NH220/N_atom200E+10_Vexp500E+02_Vemit500E+02_tauD000E+00_Vran118E
 +01                  
 Start
           0
 set_grid_done
 set_clumps_done
 Done
 TIME :    2.45504844305106       sec
          50 %           2   48.2840896737762     
 	 100 %           3   95.8197728525847     
 Time :   95.9853055891581     
 WOCIVL455M0100NH220/N_atom200E+10_Vexp600E+02_Vemit500E+02_tauD000E+00_Vran118E
 +01                  
 Start
           0
 set_grid_done
 set_clumps_done
 Done
 TIME :    1.43199433689006       sec
          50 %           1   48.0425761193037     
 	 100 %           3   94.2013120353222     
 Time :   94.3697731224820     
 WOCIVL455M0100NH220/N_atom200E+10_Vexp700E+02_Vemit500E+02_tauD000E+00_Vran118E
 +01                  
 Start
           0
 set_grid_done
 set_clumps_done
 Done
 TIME :    1.43906735396013       sec
          50 %           2   50.5132055997383     
 	 100 %           3   98.4947282115463     
 Time :   98.6477715703659     
 WOCIVL455M0100NH220/N_atom200E+10_Vexp800E+02_Vemit500E+02_tauD000E+00_Vran118E
 +01                  
 Start
           0
 set_grid_done
 set_clumps_done
 Done
 TIME :    1.43188919150271       sec
          50 %           1   48.5937956513371     
 	 100 %           3   94.8452008056920     
 Time :   95.0140136098489     
 WOCIVL455M0100NH220/N_atom200E+10_Vexp900E+02_Vemit500E+02_tauD000E+00_Vran118E
 +01                  
 Start
           0
 set_grid_done
 set_clumps_done
 Done
 TIME :    2.36742663453333       sec
          50 %           1   51.0369648481719     
 	 100 %           2   100.596057968447     
 Time :   100.756730450550     
 WOCIVL455M0100NH220/N_atom200E+10_Vexp100E+03_Vemit500E+02_tauD000E+00_Vran118E
 +01                  
 Start
           0
 set_grid_done
 set_clumps_done
 Done
 TIME :    1.43328745290637       sec
          50 %           2   48.5258942365181     
 	 100 %           3   94.2214003577828     
 Time :   94.3771626278758     
 WOCIVL455M0100NH220/N_atom200E+10_Vexp200E+03_Vemit500E+02_tauD000E+00_Vran118E
 +01                  
 Start
           0
 set_grid_done
 set_clumps_done
 Done
 TIME :    1.69511757534929       sec
          50 %           3   47.7606700584292     
 	 100 %           3   93.0526128928177     
 Time :   93.2256080771331     
 WOCIVL455M0100NH220/N_atom200E+10_Vexp300E+03_Vemit500E+02_tauD000E+00_Vran118E
 +01                  
 Start
           0
 set_grid_done
 set_clumps_done
 Done
 TIME :    1.75136458338238       sec
          50 %           1   42.4096209667623     
 	 100 %           4   85.1772549485322     
 Time :   85.3434756190982     
 WOCIVL455M0100NH220/N_atom200E+10_Vexp500E+01_Vemit500E+02_tauD000E+00_Vran118E
 +01                  
 Start
           0
 set_grid_done
 set_clumps_done
 Done
 TIME :    1.43491172580980       sec
          50 %           2   40.8992124286015     
 	 100 %           1   82.4593669911847     
 Time :   82.6034263898619     
 WOCIVL455M0100NH220/N_atom200E+10_Vexp100E+02_Vemit500E+02_tauD000E+00_Vran300E
 +01                  
 Start
           0
 set_grid_done
 set_clumps_done
 Done
 TIME :    1.43207571585663       sec
          50 %           2   49.3427773194853     
 	 100 %           4   98.3673189387191     
 Time :   98.5258161714301     
 WOCIVL455M0100NH220/N_atom200E+10_Vexp200E+02_Vemit500E+02_tauD000E+00_Vran300E
 +01                  
 Start
           0
 set_grid_done
 set_clumps_done
 Done
 TIME :    1.43873825110495       sec
          50 %           2   46.6779404671397     
 	 100 %           1   93.7716352159623     
 Time :   93.9163193651475     
 WOCIVL455M0100NH220/N_atom200E+10_Vexp300E+02_Vemit500E+02_tauD000E+00_Vran300E
 +01                  
 Start
           0
 set_grid_done
 set_clumps_done
 Done
 TIME :    2.37993236444890       sec
          50 %           1   52.2587390621193     
 	 100 %           3   96.7431103733834     
 Time :   96.9006127328612     
 WOCIVL455M0100NH220/N_atom200E+10_Vexp400E+02_Vemit500E+02_tauD000E+00_Vran300E
 +01                  
 Start
           0
 set_grid_done
 set_clumps_done
 Done
 TIME :    1.60425622877665       sec
          50 %           3   47.7187975009438     
 	 100 %           1   95.4132276605815     
 Time :   95.5513233491220     
 WOCIVL455M0100NH220/N_atom200E+10_Vexp500E+02_Vemit500E+02_tauD000E+00_Vran300E
 +01                  
 Start
           0
 set_grid_done
 set_clumps_done
 Done
 TIME :    1.43535586353391       sec
          50 %           1   48.2134475549683     
 	 100 %           1   91.9260296435095     
 Time :   92.0627905246802     
 WOCIVL455M0100NH220/N_atom200E+10_Vexp600E+02_Vemit500E+02_tauD000E+00_Vran300E
 +01                  
 Start
           0
 set_grid_done
 set_clumps_done
 Done
 TIME :    1.45791114517488       sec
          50 %           1   44.2950147551019     
 	 100 %           2   86.7063831656706     
 Time :   86.8422302515246     
 WOCIVL455M0100NH220/N_atom200E+10_Vexp700E+02_Vemit500E+02_tauD000E+00_Vran300E
 +01                  
 Start
           0
 set_grid_done
 set_clumps_done
 Done
 TIME :    1.43290145881474       sec
          50 %           2   46.3622191085014     
 	 100 %           4   92.2399351147469     
 Time :   92.3812303836457     
 WOCIVL455M0100NH220/N_atom200E+10_Vexp800E+02_Vemit500E+02_tauD000E+00_Vran300E
 +01                  
 Start
           0
 set_grid_done
 set_clumps_done
 Done
 TIME :    2.16804518504068       sec
          50 %           4   46.5216696134303     
 	 100 %           1   88.1030135895126     
 Time :   88.2428418425843     
 WOCIVL455M0100NH220/N_atom200E+10_Vexp900E+02_Vemit500E+02_tauD000E+00_Vran300E
 +01                  
 Start
           0
 set_grid_done
 set_clumps_done
 Done
 TIME :    2.42080365610309       sec
          50 %           1   45.6175421793014     
 	 100 %           2   89.9982124315575     
 Time :   90.1506842337549     
 WOCIVL455M0100NH220/N_atom200E+10_Vexp100E+03_Vemit500E+02_tauD000E+00_Vran300E
 +01                  
 Start
           0
 set_grid_done
 set_clumps_done
 Done
 TIME :    2.45154241379350       sec
          50 %           4   45.9484240037855     
 	 100 %           1   91.0875356737524     
 Time :   91.2514364724047     
 WOCIVL455M0100NH220/N_atom200E+10_Vexp200E+03_Vemit500E+02_tauD000E+00_Vran300E
 +01                  
 Start
           0
 set_grid_done
 set_clumps_done
 Done
 TIME :    2.40451159980148       sec
          50 %           1   43.1625548759475     
 	 100 %           4   84.9058470360469     
 Time :   85.0682924115099     
 WOCIVL455M0100NH220/N_atom200E+10_Vexp300E+03_Vemit500E+02_tauD000E+00_Vran300E
 +01                  
 Start
           0
 set_grid_done
 set_clumps_done
 Done
 TIME :    2.45796982990578       sec
          50 %           3   42.6078344348352     
 	 100 %           3   82.3649805081077     
 Time :   82.5342020709068     
 WOCIVL455M0100NH220/N_atom200E+10_Vexp500E+01_Vemit500E+02_tauD000E+00_Vran300E
 +01                  
 Start
           0
 set_grid_done
 set_clumps_done
 Done
 TIME :    2.10706713469699       sec
          50 %           1   51.9795098204631     
 	 100 %           4   103.694591423031     
 Time :   103.852830691962     
 WOCIVL455M0100NH220/N_atom200E+10_Vexp100E+02_Vemit500E+02_tauD000E+00_Vran500E
 +01                  
 Start
           0
 set_grid_done
 set_clumps_done
 Done
 TIME :    1.43720086757094       sec
          50 %           1   51.1736328979023     
 	 100 %           1   102.666973461397     
 Time :   102.818105386104     
 WOCIVL455M0100NH220/N_atom200E+10_Vexp200E+02_Vemit500E+02_tauD000E+00_Vran500E
 +01                  
 Start
           0
 set_grid_done
 set_clumps_done
 Done
 TIME :    2.43450824776664       sec
          50 %           2   51.1457250199746     
 	 100 %           3   100.788744209101     
 Time :   100.958110825159     
 WOCIVL455M0100NH220/N_atom200E+10_Vexp300E+02_Vemit500E+02_tauD000E+00_Vran500E
 +01                  
 Start
           0
 set_grid_done
 set_clumps_done
 Done
 TIME :    2.46342973574065       sec
          50 %           4   56.2507528418209     
 	 100 %           1   109.895339152776     
 Time :   110.042840865906     
 WOCIVL455M0100NH220/N_atom200E+10_Vexp400E+02_Vemit500E+02_tauD000E+00_Vran500E
 +01                  
 Start
           0
 set_grid_done
 set_clumps_done
 Done
 TIME :    1.46123149129562       sec
          50 %           3   50.5416582315229     
 	 100 %           3   103.409227066673     
 Time :   103.570341442013     
 WOCIVL455M0100NH220/N_atom200E+10_Vexp500E+02_Vemit500E+02_tauD000E+00_Vran500E
 +01                  
 Start
           0
 set_grid_done
 set_clumps_done
 Done
 TIME :    1.47892232029699       sec
          50 %           2   54.3261490170844     
 	 100 %           1   107.963146082591     
 Time :   108.110992759699     
 WOCIVL455M0100NH220/N_atom200E+10_Vexp600E+02_Vemit500E+02_tauD000E+00_Vran500E
 +01                  
 Start
           0
 set_grid_done
 set_clumps_done
 Done
 TIME :    1.44685286283493       sec
          50 %           4   54.5532519205008     
 	 100 %           2   103.257661344483     
 Time :   103.429643009091     
 WOCIVL455M0100NH220/N_atom200E+10_Vexp700E+02_Vemit500E+02_tauD000E+00_Vran500E
 +01                  
 Start
           0
 set_grid_done
 set_clumps_done
 Done
 TIME :    2.49050971609540       sec
          50 %           3   54.8714498868212     
 	 100 %           2   107.439638746204     
 Time :   107.613586892141     
 WOCIVL455M0100NH220/N_atom200E+10_Vexp800E+02_Vemit500E+02_tauD000E+00_Vran500E
 +01                  
 Start
           0
 set_grid_done
 set_clumps_done
 Done
 TIME :    2.37721871328540       sec
          50 %           4   55.6886073560454     
 	 100 %           4   109.754886169219     
 Time :   109.921747711720     
 WOCIVL455M0100NH220/N_atom200E+10_Vexp900E+02_Vemit500E+02_tauD000E+00_Vran500E
 +01                  
 Start
           0
 set_grid_done
 set_clumps_done
 Done
 TIME :    1.43480077921413       sec
          50 %           1   52.6193891684525     
 	 100 %           3   101.760103920707     
 Time :   101.910339915194     
 WOCIVL455M0100NH220/N_atom200E+10_Vexp100E+03_Vemit500E+02_tauD000E+00_Vran500E
 +01                  
 Start
           0
 set_grid_done
 set_clumps_done
 Done
 TIME :    2.39123627636582       sec
          50 %           4   48.2451139949262     
 	 100 %           3   94.9658628075849     
 Time :   95.1331203035079     
 WOCIVL455M0100NH220/N_atom200E+10_Vexp200E+03_Vemit500E+02_tauD000E+00_Vran500E
 +01                  
 Start
           0
 set_grid_done
 set_clumps_done
 Done
 TIME :    2.40898509882390       sec
          50 %           4   45.2097863224335     
 	 100 %           1   87.1201293247286     
 Time :   87.2630207818002     
 WOCIVL455M0100NH220/N_atom200E+10_Vexp300E+03_Vemit500E+02_tauD000E+00_Vran500E
 +01                  
 Start
           0
 set_grid_done
 set_clumps_done
 Done
 TIME :    1.98645423864946       sec
          50 %           4   38.3264860929921     
 	 100 %           3   75.9650337751955     
 Time :   76.1182493004017     
 WOCIVL455M0100NH220/N_atom200E+10_Vexp500E+01_Vemit500E+02_tauD000E+00_Vran500E
 +01                  
 Start
           0
 set_grid_done
 set_clumps_done
 Done
 TIME :    2.38263283972628       sec
          50 %           4   60.0390667053871     
 	 100 %           2   121.206487469608     
 Time :   121.360381940845     
 WOCIVL455M0100NH220/N_atom200E+10_Vexp100E+02_Vemit600E+02_tauD000E+00_Vran118E
 +01                  
 Start
           0
 set_grid_done
 set_clumps_done
 Done
 TIME :    2.19963411358185       sec
          50 %           2   43.2060058868956     
 	 100 %           2   80.8784232633188     
 Time :   81.0160145265982     
 WOCIVL455M0100NH220/N_atom200E+10_Vexp200E+02_Vemit600E+02_tauD000E+00_Vran118E
 +01                  
 Start
           0
 set_grid_done
 set_clumps_done
 Done
 TIME :    1.43713243398815       sec
          50 %           1   39.2292260066606     
 	 100 %           4   78.1154233801644     
 Time :   78.2655840476509     
 WOCIVL455M0100NH220/N_atom200E+10_Vexp300E+02_Vemit600E+02_tauD000E+00_Vran118E
 +01                  
 Start
           0
 set_grid_done
 set_clumps_done
 Done
 TIME :    1.45570686901920       sec
          50 %           1   39.5634774134960     
 	 100 %           1   77.9515290942509     
 Time :   78.1057829076890     
 WOCIVL455M0100NH220/N_atom200E+10_Vexp400E+02_Vemit600E+02_tauD000E+00_Vran118E
 +01                  
 Start
           0
 set_grid_done
 set_clumps_done
 Done
 TIME :    2.41065626335330       sec
          50 %           1   44.3270163498819     
 	 100 %           2   85.7279261995573     
 Time :   85.8826798594091     
 WOCIVL455M0100NH220/N_atom200E+10_Vexp500E+02_Vemit600E+02_tauD000E+00_Vran118E
 +01                  
 Start
           0
 set_grid_done
 set_clumps_done
 Done
 TIME :    2.08836087258533       sec
          50 %           3   45.1150891724974     
 	 100 %           2   89.8407986254897     
 Time :   89.9975638147444     
 WOCIVL455M0100NH220/N_atom200E+10_Vexp600E+02_Vemit600E+02_tauD000E+00_Vran118E
 +01                  
 Start
           0
 set_grid_done
 set_clumps_done
 Done
 TIME :    1.44777717860416       sec
          50 %           1   42.4789833456744     
 	 100 %           2   82.5240218942054     
 Time :   82.6707998332568     
 WOCIVL455M0100NH220/N_atom200E+10_Vexp700E+02_Vemit600E+02_tauD000E+00_Vran118E
 +01                  
 Start
           0
 set_grid_done
 set_clumps_done
 Done
 TIME :    2.35500635160133       sec
          50 %           2   42.8277116727550     
 	 100 %           3   82.8311597246211     
 Time :   82.9641506411135     
 WOCIVL455M0100NH220/N_atom200E+10_Vexp800E+02_Vemit600E+02_tauD000E+00_Vran118E
 +01                  
 Start
           0
 set_grid_done
 set_clumps_done
 Done
 TIME :    1.43365724524483       sec
          50 %           4   45.2335044555366     
 	 100 %           2   88.1874500049744     
 Time :   88.3362890607677     
 WOCIVL455M0100NH220/N_atom200E+10_Vexp900E+02_Vemit600E+02_tauD000E+00_Vran118E
 +01                  
 Start
           0
 set_grid_done
 set_clumps_done
 Done
 TIME :    2.36391142779030       sec
          50 %           3   42.3392685542349     
 	 100 %           2   82.5946798336226     
 Time :   82.7665277768392     
 WOCIVL455M0100NH220/N_atom200E+10_Vexp100E+03_Vemit600E+02_tauD000E+00_Vran118E
 +01                  
 Start
           0
 set_grid_done
 set_clumps_done
 Done
 TIME :    2.45663534314372       sec
          50 %           3   46.6959290276282     
 	 100 %           1   91.6837195632979     
 Time :   91.8450820434373     
 WOCIVL455M0100NH220/N_atom200E+10_Vexp200E+03_Vemit600E+02_tauD000E+00_Vran118E
 +01                  
 Start
           0
 set_grid_done
 set_clumps_done
 Done
 TIME :    2.41255557350814       sec
          50 %           2   46.4507583689410     
 	 100 %           3   87.2977674889844     
 Time :   87.4636106118560     
 WOCIVL455M0100NH220/N_atom200E+10_Vexp300E+03_Vemit600E+02_tauD000E+00_Vran118E
 +01                  
 Start
           0
 set_grid_done
 set_clumps_done
 Done
 TIME :    2.40244876989163       sec
          50 %           3   40.7986408930738     
 	 100 %           4   77.1818060278893     
 Time :   77.3170378820505     
 WOCIVL455M0100NH220/N_atom200E+10_Vexp500E+01_Vemit600E+02_tauD000E+00_Vran118E
 +01                  
 Start
           0
 set_grid_done
 set_clumps_done
 Done
 TIME :    1.66632895730436       sec
          50 %           3   43.3020531043876     
 	 100 %           3   86.5624051259365     
 Time :   86.7074359722901     
 WOCIVL455M0100NH220/N_atom200E+10_Vexp100E+02_Vemit600E+02_tauD000E+00_Vran300E
 +01                  
 Start
           0
 set_grid_done
 set_clumps_done
 Done
 TIME :    1.47306832438335       sec
          50 %           1   48.8311750495341     
 	 100 %           4   93.3582934967708     
 Time :   93.5165232070722     
 WOCIVL455M0100NH220/N_atom200E+10_Vexp200E+02_Vemit600E+02_tauD000E+00_Vran300E
 +01                  
 Start
           0
 set_grid_done
 set_clumps_done
 Done
 TIME :    1.45336109655909       sec
          50 %           4   49.0896740346216     
 	 100 %           1   93.1117900749668     
 Time :   93.2629020705353     
 WOCIVL455M0100NH220/N_atom200E+10_Vexp300E+02_Vemit600E+02_tauD000E+00_Vran300E
 +01                  
 Start
           0
 set_grid_done
 set_clumps_done
 Done
 TIME :    1.43683007336222       sec
          50 %           3   47.0930885246489     
 	 100 %           4   91.2383348885924     
 Time :   91.3963505707216     
 WOCIVL455M0100NH220/N_atom200E+10_Vexp400E+02_Vemit600E+02_tauD000E+00_Vran300E
 +01                  
 Start
           0
 set_grid_done
 set_clumps_done
 Done
 TIME :    1.43154412740842       sec
          50 %           1   45.8776950754691     
 	 100 %           2   91.7784376740456     
 Time :   91.9200033312663     
 WOCIVL455M0100NH220/N_atom200E+10_Vexp500E+02_Vemit600E+02_tauD000E+00_Vran300E
 +01                  
 Start
           0
 set_grid_done
 set_clumps_done
 Done
 TIME :    1.43201306345873       sec
          50 %           3   49.8998089353554     
 	 100 %           2   99.5805408158340     
 Time :   99.7476698707324     
 WOCIVL455M0100NH220/N_atom200E+10_Vexp600E+02_Vemit600E+02_tauD000E+00_Vran300E
 +01                  
 Start
           0
 set_grid_done
 set_clumps_done
 Done
 TIME :    2.24628661875613       sec
          50 %           2   49.6715158468578     
 	 100 %           4   102.084049886093     
 Time :   102.241197221680     
 WOCIVL455M0100NH220/N_atom200E+10_Vexp700E+02_Vemit600E+02_tauD000E+00_Vran300E
 +01                  
 Start
           0
 set_grid_done
 set_clumps_done
 Done
 TIME :    1.42911000247113       sec
          50 %           3   53.4818248283118     
 	 100 %           1   108.740893344395     
 Time :   108.900794850430     
 WOCIVL455M0100NH220/N_atom200E+10_Vexp800E+02_Vemit600E+02_tauD000E+00_Vran300E
 +01                  
 Start
           0
 set_grid_done
 set_clumps_done
 Done
 TIME :    1.46002680808306       sec
          50 %           3   44.8783691520803     
 	 100 %           2   92.2630094704218     
 Time :   92.4240684274118     
 WOCIVL455M0100NH220/N_atom200E+10_Vexp900E+02_Vemit600E+02_tauD000E+00_Vran300E
 +01                  
 Start
           0
 set_grid_done
 set_clumps_done
 Done
 TIME :    1.44645117805339       sec
          50 %           4   44.9714729094412     
 	 100 %           3   88.9240063405596     
 Time :   89.0664149143267     
 WOCIVL455M0100NH220/N_atom200E+10_Vexp100E+03_Vemit600E+02_tauD000E+00_Vran300E
 +01                  
 Start
           0
 set_grid_done
 set_clumps_done
 Done
 TIME :    1.43220678181387       sec
          50 %           4   45.9283398997504     
 	 100 %           2   93.7936680868734     
 Time :   93.9624820833560     
 WOCIVL455M0100NH220/N_atom200E+10_Vexp200E+03_Vemit600E+02_tauD000E+00_Vran300E
 +01                  
 Start
           0
 set_grid_done
 set_clumps_done
 Done
 TIME :    1.43119583697990       sec
          50 %           2   42.6686772406101     
 	 100 %           3   88.3223805103917     
 Time :   88.4912060694769     
 WOCIVL455M0100NH220/N_atom200E+10_Vexp300E+03_Vemit600E+02_tauD000E+00_Vran300E
 +01                  
 Start
           0
 set_grid_done
 set_clumps_done
 Done
 TIME :    1.45662736706436       sec
          50 %           4   44.7136659659445     
 	 100 %           4   87.5439725881442     
 Time :   87.7081713990774     
 WOCIVL455M0100NH220/N_atom200E+10_Vexp500E+01_Vemit600E+02_tauD000E+00_Vran300E
 +01                  
 Start
           0
 set_grid_done
 set_clumps_done
 Done
 TIME :    1.43204600783065       sec
          50 %           2   54.8378638969734     
 	 100 %           2   104.688057078514     
 Time :   104.834469062742     
 WOCIVL455M0100NH220/N_atom200E+10_Vexp100E+02_Vemit600E+02_tauD000E+00_Vran500E
 +01                  
 Start
           0
 set_grid_done
 set_clumps_done
 Done
 TIME :    1.49302785517648       sec
          50 %           2   50.7258134069853     
 	 100 %           1   100.676092014182     
 Time :   100.827154733706     
 WOCIVL455M0100NH220/N_atom200E+10_Vexp200E+02_Vemit600E+02_tauD000E+00_Vran500E
 +01                  
 Start
           0
 set_grid_done
 set_clumps_done
 Done
 TIME :    1.43186693801545       sec
          50 %           1   47.7428668802604     
 	 100 %           3   93.9670115916524     
 Time :   94.1153261025902     
 WOCIVL455M0100NH220/N_atom200E+10_Vexp300E+02_Vemit600E+02_tauD000E+00_Vran500E
 +01                  
 Start
           0
 set_grid_done
 set_clumps_done
 Done
 TIME :    1.43074016668834       sec
          50 %           4   52.4809409913141     
 	 100 %           1   95.9471661741845     
 Time :   96.0873088012449     
 WOCIVL455M0100NH220/N_atom200E+10_Vexp400E+02_Vemit600E+02_tauD000E+00_Vran500E
 +01                  
 Start
           0
 set_grid_done
 set_clumps_done
 Done
 TIME :    1.42998944013380       sec
          50 %           1   44.6660085676704     
 	 100 %           3   89.5398998623714     
 Time :   89.6885617319494     
 WOCIVL455M0100NH220/N_atom200E+10_Vexp500E+02_Vemit600E+02_tauD000E+00_Vran500E
 +01                  
 Start
           0
 set_grid_done
 set_clumps_done
 Done
 TIME :    2.16230780677870       sec
          50 %           1   45.5358201961499     
 	 100 %           2   94.0461663997266     
 Time :   94.2040343331173     
 WOCIVL455M0100NH220/N_atom200E+10_Vexp600E+02_Vemit600E+02_tauD000E+00_Vran500E
 +01                  
 Start
           0
 set_grid_done
 set_clumps_done
 Done
 TIME :    1.45301760570146       sec
          50 %           1   48.9244038711768     
 	 100 %           3   96.8093145627063     
 Time :   96.9783343009185     
 WOCIVL455M0100NH220/N_atom200E+10_Vexp700E+02_Vemit600E+02_tauD000E+00_Vran500E
 +01                  
 Start
           0
 set_grid_done
 set_clumps_done
 Done
 TIME :    1.45031415438280       sec
          50 %           1   51.8753398654517     
 	 100 %           4   99.2993735983036     
 Time :   99.4696798298974     
 WOCIVL455M0100NH220/N_atom200E+10_Vexp800E+02_Vemit600E+02_tauD000E+00_Vran500E
 +01                  
 Start
           0
 set_grid_done
 set_clumps_done
 Done
 TIME :    1.44705201173201       sec
          50 %           1   47.8212615132798     
 	 100 %           2   98.2500193752348     
 Time :   98.4103405110072     
 WOCIVL455M0100NH220/N_atom200E+10_Vexp900E+02_Vemit600E+02_tauD000E+00_Vran500E
 +01                  
 Start
           0
 set_grid_done
 set_clumps_done
 Done
 TIME :    1.93038429669105       sec
          50 %           4   52.1521683672909     
 	 100 %           1   102.891122905305     
 Time :   103.055423875572     
 WOCIVL455M0100NH220/N_atom200E+10_Vexp100E+03_Vemit600E+02_tauD000E+00_Vran500E
 +01                  
 Start
           0
 set_grid_done
 set_clumps_done
 Done
 TIME :    2.43535801791586       sec
          50 %           3   51.8230783531908     
 	 100 %           4   93.9799416603055     
 Time :   94.1314748390578     
 WOCIVL455M0100NH220/N_atom200E+10_Vexp200E+03_Vemit600E+02_tauD000E+00_Vran500E
 +01                  
 Start
           0
 set_grid_done
 set_clumps_done
 Done
 TIME :    1.63521679001860       sec
          50 %           3   40.3731634772848     
 	 100 %           3   79.7281458778307     
 Time :   79.8836788199842     
 WOCIVL455M0100NH220/N_atom200E+10_Vexp300E+03_Vemit600E+02_tauD000E+00_Vran500E
 +01                  
 Start
           0
 set_grid_done
 set_clumps_done
 Done
 TIME :    1.50753191881813       sec
          50 %           4   39.5752969728783     
 	 100 %           1   78.1243582745083     
 Time :   78.2796722587664     
 WOCIVL455M0100NH220/N_atom200E+10_Vexp500E+01_Vemit600E+02_tauD000E+00_Vran500E
 +01                  
 Start
           0
 set_grid_done
 set_clumps_done
 Done
 TIME :    1.44155573495664       sec
          50 %           1   56.4836768663954     
 	 100 %           2   115.024134443840     
 Time :   115.174074219773     
 WOCIVL455M0100NH220/N_atom200E+10_Vexp100E+02_Vemit700E+02_tauD000E+00_Vran118E
 +01                  
 Start
           0
 set_grid_done
 set_clumps_done
 Done
 TIME :    1.44277286250144       sec
          50 %           2   42.0243481099606     
 	 100 %           4   82.5681133761536     
 Time :   82.7191343142185     
 WOCIVL455M0100NH220/N_atom200E+10_Vexp200E+02_Vemit700E+02_tauD000E+00_Vran118E
 +01                  
 Start
           0
 set_grid_done
 set_clumps_done
 Done
 TIME :    1.43910876475275       sec
          50 %           2   40.9584981529042     
 	 100 %           1   78.3308390828315     
 Time :   78.4858830997255     
 WOCIVL455M0100NH220/N_atom200E+10_Vexp300E+02_Vemit700E+02_tauD000E+00_Vran118E
 +01                  
 Start
           0
 set_grid_done
 set_clumps_done
 Done
 TIME :    2.46786253526807       sec
          50 %           4   40.7866501493845     
 	 100 %           2   79.0465114417020     
 Time :   79.2092309927102     
 WOCIVL455M0100NH220/N_atom200E+10_Vexp400E+02_Vemit700E+02_tauD000E+00_Vran118E
 +01                  
 Start
           0
 set_grid_done
 set_clumps_done
 Done
 TIME :    2.47279286663979       sec
          50 %           4   41.3645968728233     
 	 100 %           2   80.1040891092271     
 Time :   80.2456505482551     
 WOCIVL455M0100NH220/N_atom200E+10_Vexp500E+02_Vemit700E+02_tauD000E+00_Vran118E
 +01                  
 Start
           0
 set_grid_done
 set_clumps_done
 Done
 TIME :    1.43964004260488       sec
          50 %           3   40.7148882932961     
 	 100 %           4   79.9479430192150     
 Time :   80.0843437067233     
 WOCIVL455M0100NH220/N_atom200E+10_Vexp600E+02_Vemit700E+02_tauD000E+00_Vran118E
 +01                  
 Start
           0
 set_grid_done
 set_clumps_done
 Done
 TIME :    1.43974832422100       sec
          50 %           3   41.4760243853088     
 	 100 %           4   84.7631474037189     
 Time :   84.9134401492774     
 WOCIVL455M0100NH220/N_atom200E+10_Vexp700E+02_Vemit700E+02_tauD000E+00_Vran118E
 +01                  
 Start
           0
 set_grid_done
 set_clumps_done
 Done
 TIME :    1.43973776348867       sec
          50 %           4   44.5953684530687     
 	 100 %           3   86.1565875352826     
 Time :   86.2938730611932     
 WOCIVL455M0100NH220/N_atom200E+10_Vexp800E+02_Vemit700E+02_tauD000E+00_Vran118E
 +01                  
 Start
           0
 set_grid_done
 set_clumps_done
 Done
 TIME :    1.44331113412045       sec
          50 %           2   42.8574299875181     
 	 100 %           1   83.1650374815799     
 Time :   83.3205677685328     
 WOCIVL455M0100NH220/N_atom200E+10_Vexp900E+02_Vemit700E+02_tauD000E+00_Vran118E
 +01                  
 Start
           0
 set_grid_done
 set_clumps_done
 Done
 TIME :    1.43981252959929       sec
          50 %           1   42.1379843475297     
 	 100 %           2   83.1452606078237     
 Time :   83.2859093337320     
 WOCIVL455M0100NH220/N_atom200E+10_Vexp100E+03_Vemit700E+02_tauD000E+00_Vran118E
 +01                  
 Start
           0
 set_grid_done
 set_clumps_done
 Done
 TIME :    1.43823807383887       sec
          50 %           3   43.2639215546660     
 	 100 %           2   88.1220403579064     
 Time :   88.2811869091820     
 WOCIVL455M0100NH220/N_atom200E+10_Vexp200E+03_Vemit700E+02_tauD000E+00_Vran118E
 +01                  
 Start
           0
 set_grid_done
 set_clumps_done
 Done
 TIME :    1.44262363109738       sec
          50 %           4   41.7305645870510     
 	 100 %           1   81.3048485810868     
 Time :   81.4438186276238     
 WOCIVL455M0100NH220/N_atom200E+10_Vexp300E+03_Vemit700E+02_tauD000E+00_Vran118E
 +01                  
 Start
           0
 set_grid_done
 set_clumps_done
 Done
 TIME :    1.89909626590088       sec
          50 %           1   42.3053962951526     
 	 100 %           1   80.2497114611324     
 Time :   80.4038998065516     
 WOCIVL455M0100NH220/N_atom200E+10_Vexp500E+01_Vemit700E+02_tauD000E+00_Vran118E
 +01                  
 Start
           0
 set_grid_done
 set_clumps_done
 Done
 TIME :    2.07500105421059       sec
          50 %           1   41.3388314701151     
 	 100 %           1   85.9279390627053     
 Time :   86.0828140794765     
 WOCIVL455M0100NH220/N_atom200E+10_Vexp100E+02_Vemit700E+02_tauD000E+00_Vran300E
 +01                  
 Start
           0
 set_grid_done
 set_clumps_done
 Done
 TIME :    1.44528965908103       sec
          50 %           1   45.6498343015555     
 	 100 %           1   92.1253299647942     
 Time :   92.2845759901684     
 WOCIVL455M0100NH220/N_atom200E+10_Vexp200E+02_Vemit700E+02_tauD000E+00_Vran300E
 +01                  
 Start
           0
 set_grid_done
 set_clumps_done
 Done
 TIME :    1.45875672693364       sec
          50 %           2   47.8911500100512     
 	 100 %           2   92.6495067791548     
 Time :   92.8281960268505     
 WOCIVL455M0100NH220/N_atom200E+10_Vexp300E+02_Vemit700E+02_tauD000E+00_Vran300E
 +01                  
 Start
           0
 set_grid_done
 set_clumps_done
 Done
 TIME :    2.16421137563884       sec
          50 %           2   47.3902803158853     
 	 100 %           1   93.6836437254678     
 Time :   93.8566027993802     
 WOCIVL455M0100NH220/N_atom200E+10_Vexp400E+02_Vemit700E+02_tauD000E+00_Vran300E
 +01                  
 Start
           0
 set_grid_done
 set_clumps_done
 Done
 TIME :    1.43789598555304       sec
          50 %           1   55.1615881992038     
 	 100 %           2   106.808669694234     
 Time :   106.978831573855     
 WOCIVL455M0100NH220/N_atom200E+10_Vexp500E+02_Vemit700E+02_tauD000E+00_Vran300E
 +01                  
 Start
           0
 set_grid_done
 set_clumps_done
 Done
 TIME :    1.44006939139217       sec
          50 %           4   50.1063101536129     
 	 100 %           2   98.9929466664325     
 Time :   99.1501392908394     
 WOCIVL455M0100NH220/N_atom200E+10_Vexp600E+02_Vemit700E+02_tauD000E+00_Vran300E
 +01                  
 Start
           0
 set_grid_done
 set_clumps_done
 Done
 TIME :    1.53537165326998       sec
          50 %           2   49.0991710771341     
 	 100 %           1   97.8961914055981     
 Time :   98.0751513121650     
 WOCIVL455M0100NH220/N_atom200E+10_Vexp700E+02_Vemit700E+02_tauD000E+00_Vran300E
 +01                  
 Start
           0
 set_grid_done
 set_clumps_done
 Done
 TIME :    2.40585927222855       sec
          50 %           1   48.3712712519336     
 	 100 %           2   95.0644849950913     
 Time :   95.2252092682756     
 WOCIVL455M0100NH220/N_atom200E+10_Vexp800E+02_Vemit700E+02_tauD000E+00_Vran300E
 +01                  
 Start
           0
 set_grid_done
 set_clumps_done
 Done
 TIME :    2.46053971000947       sec
          50 %           4   46.7684844736941     
 	 100 %           2   90.4096601705533     
 Time :   90.5543208038434     
 WOCIVL455M0100NH220/N_atom200E+10_Vexp900E+02_Vemit700E+02_tauD000E+00_Vran300E
 +01                  
 Start
           0
 set_grid_done
 set_clumps_done
 Done
 TIME :    1.76740738307126       sec
          50 %           1   44.0824884371832     
 	 100 %           1   86.9126404372510     
 Time :   87.0834802810568     
 WOCIVL455M0100NH220/N_atom200E+10_Vexp100E+03_Vemit700E+02_tauD000E+00_Vran300E
 +01                  
 Start
           0
 set_grid_done
 set_clumps_done
 Done
 TIME :    2.46993991336785       sec
          50 %           1   44.4131355129648     
 	 100 %           2   87.2904817163944     
 Time :   87.4272646005265     
 WOCIVL455M0100NH220/N_atom200E+10_Vexp200E+03_Vemit700E+02_tauD000E+00_Vran300E
 +01                  
 Start
           0
 set_grid_done
 set_clumps_done
 Done
 TIME :    1.49613787070848       sec
          50 %           4   42.4660850991495     
 	 100 %           4   82.8966242691968     
 Time :   83.0495887638535     
 WOCIVL455M0100NH220/N_atom200E+10_Vexp300E+03_Vemit700E+02_tauD000E+00_Vran300E
 +01                  
 Start
           0
 set_grid_done
 set_clumps_done
 Done
 TIME :    1.46437988150865       sec
          50 %           1   39.7157980904449     
 	 100 %           1   78.4466316222679     
 Time :   78.5875045061111     
 WOCIVL455M0100NH220/N_atom200E+10_Vexp500E+01_Vemit700E+02_tauD000E+00_Vran300E
 +01                  
 Start
           0
 set_grid_done
 set_clumps_done
 Done
 TIME :    1.47519289469346       sec
          50 %           4   50.9758498605806     
 	 100 %           1   97.9088712257799     
 Time :   98.0690206659492     
 WOCIVL455M0100NH220/N_atom200E+10_Vexp100E+02_Vemit700E+02_tauD000E+00_Vran500E
 +01                  
 Start
           0
 set_grid_done
 set_clumps_done
 Done
 TIME :    2.28584912372753       sec
          50 %           3   51.6813268330880     
 	 100 %           4   98.2370501300320     
 Time :   98.3936503068544     
 WOCIVL455M0100NH220/N_atom200E+10_Vexp200E+02_Vemit700E+02_tauD000E+00_Vran500E
 +01                  
 Start
           0
 set_grid_done
 set_clumps_done
 Done
 TIME :    2.47820548992604       sec
          50 %           1   44.3642598947044     
 	 100 %           1   87.8875004865695     
 Time :   88.0563784579281     
 WOCIVL455M0100NH220/N_atom200E+10_Vexp300E+02_Vemit700E+02_tauD000E+00_Vran500E
 +01                  
 Start
           0
 set_grid_done
 set_clumps_done
 Done
 TIME :    1.44968625786714       sec
          50 %           4   50.6601168492343     
 	 100 %           4   100.269979266915     
 Time :   100.434554402949     
 WOCIVL455M0100NH220/N_atom200E+10_Vexp400E+02_Vemit700E+02_tauD000E+00_Vran500E
 +01                  
 Start
           0
 set_grid_done
 set_clumps_done
 Done
 TIME :    1.44775265059434       sec
          50 %           2   50.0483998863492     
 	 100 %           2   98.6810234074946     
 Time :   98.8546297857538     
 WOCIVL455M0100NH220/N_atom200E+10_Vexp500E+02_Vemit700E+02_tauD000E+00_Vran500E
 +01                  
 Start
           0
 set_grid_done
 set_clumps_done
 Done
 TIME :    2.22780873230658       sec
          50 %           4   56.4477427995298     
 	 100 %           1   112.070114905713     
 Time :   112.243372512748     
 WOCIVL455M0100NH220/N_atom200E+10_Vexp600E+02_Vemit700E+02_tauD000E+00_Vran500E
 +01                  
 Start
           0
 set_grid_done
 set_clumps_done
 Done
 TIME :    1.49400213849731       sec
          50 %           4   51.7326518357731     
 	 100 %           2   100.887527822051     
 Time :   101.060639814474     
 WOCIVL455M0100NH220/N_atom200E+10_Vexp700E+02_Vemit700E+02_tauD000E+00_Vran500E
 +01                  
 Start
           0
 set_grid_done
 set_clumps_done
 Done
 TIME :    2.15320717915893       sec
          50 %           4   51.2229680637829     
 	 100 %           3   97.2999491223600     
 Time :   97.4547234624624     
 WOCIVL455M0100NH220/N_atom200E+10_Vexp800E+02_Vemit700E+02_tauD000E+00_Vran500E
 +01                  
 Start
           0
 set_grid_done
 set_clumps_done
 Done
 TIME :    2.48069732775912       sec
          50 %           2   48.8662447778042     
 	 100 %           2   92.0767190237530     
 Time :   92.2166094684508     
 WOCIVL455M0100NH220/N_atom200E+10_Vexp900E+02_Vemit700E+02_tauD000E+00_Vran500E
 +01                  
 Start
           0
 set_grid_done
 set_clumps_done
 Done
 TIME :    1.71562261180952       sec
          50 %           3   46.8266232572496     
 	 100 %           2   90.0030895790551     
 Time :   90.1569286019076     
 WOCIVL455M0100NH220/N_atom200E+10_Vexp100E+03_Vemit700E+02_tauD000E+00_Vran500E
 +01                  
 Start
           0
 set_grid_done
 set_clumps_done
 Done
 TIME :    2.45631292299367       sec
          50 %           1   45.9341786655132     
 	 100 %           3   88.2307997583412     
 Time :   88.3855578366201     
 WOCIVL455M0100NH220/N_atom200E+10_Vexp200E+03_Vemit700E+02_tauD000E+00_Vran500E
 +01                  
 Start
           0
 set_grid_done
 set_clumps_done
 Done
 TIME :    2.42717409087345       sec
          50 %           3   41.3348675267771     
 	 100 %           3   80.4486605161801     
 Time :   80.5877101381775     
 WOCIVL455M0100NH220/N_atom200E+10_Vexp300E+03_Vemit700E+02_tauD000E+00_Vran500E
 +01                  
 Start
           0
 set_grid_done
 set_clumps_done
 Done
 TIME :    1.77726356685162       sec
          50 %           3   41.0420681259129     
 	 100 %           2   80.3979399236850     
 Time :   80.5381152248010     
 WOCIVL455M0100NH220/N_atom200E+10_Vexp500E+01_Vemit700E+02_tauD000E+00_Vran500E
 +01                  
 Start
           0
 set_grid_done
 set_clumps_done
 Done
 TIME :    1.78181430650875       sec
          50 %           3   54.3654753705487     
 	 100 %           1   107.604851347161     
 Time :   107.757679234957     
 WOCIVL455M0100NH220/N_atom200E+10_Vexp100E+02_Vemit800E+02_tauD000E+00_Vran118E
 +01                  
 Start
           0
 set_grid_done
 set_clumps_done
 Done
 TIME :    2.46202621399425       sec
          50 %           4   41.2453861758113     
 	 100 %           1   78.8323761303909     
 Time :   78.9676452975255     
 WOCIVL455M0100NH220/N_atom200E+10_Vexp200E+02_Vemit800E+02_tauD000E+00_Vran118E
 +01                  
 Start
           0
 set_grid_done
 set_clumps_done
 Done
 TIME :    1.53632835228927       sec
          50 %           1   40.1319832741283     
 	 100 %           4   77.7615051143803     
 Time :   77.9118863525800     
 WOCIVL455M0100NH220/N_atom200E+10_Vexp300E+02_Vemit800E+02_tauD000E+00_Vran118E
 +01                  
 Start
           0
 set_grid_done
 set_clumps_done
 Done
 TIME :    2.46467202273197       sec
          50 %           4   41.5418510369491     
 	 100 %           3   83.1126303549390     
 Time :   83.2931582643650     
 WOCIVL455M0100NH220/N_atom200E+10_Vexp400E+02_Vemit800E+02_tauD000E+00_Vran118E
 +01                  
 Start
           0
 set_grid_done
 set_clumps_done
 Done
 TIME :    2.27492564474232       sec
          50 %           3   47.2433826324996     
 	 100 %           3   90.1366384956054     
 Time :   90.3078161794692     
 WOCIVL455M0100NH220/N_atom200E+10_Vexp500E+02_Vemit800E+02_tauD000E+00_Vran118E
 +01                  
 Start
           0
 set_grid_done
 set_clumps_done
 Done
 TIME :    1.43365880846977       sec
          50 %           1   43.6507483972237     
 	 100 %           2   87.2817833242007     
 Time :   87.4544571507722     
 WOCIVL455M0100NH220/N_atom200E+10_Vexp600E+02_Vemit800E+02_tauD000E+00_Vran118E
 +01                  
 Start
           0
 set_grid_done
 set_clumps_done
 Done
 TIME :    1.43098925333470       sec
          50 %           4   50.5442055077292     
 	 100 %           3   98.4993266845122     
 Time :   98.6704750112258     
 WOCIVL455M0100NH220/N_atom200E+10_Vexp700E+02_Vemit800E+02_tauD000E+00_Vran118E
 +01                  
 Start
           0
 set_grid_done
 set_clumps_done
 Done
 TIME :    1.43102444219403       sec
          50 %           1   52.2481380731333     
 	 100 %           2   101.259883364895     
 Time :   101.441791280173     
 WOCIVL455M0100NH220/N_atom200E+10_Vexp800E+02_Vemit800E+02_tauD000E+00_Vran118E
 +01                  
 Start
           0
 set_grid_done
 set_clumps_done
 Done
 TIME :    2.45412966818549       sec
          50 %           4   50.5678784826305     
 	 100 %           4   97.8152607386000     
 Time :   97.9852651506662     
 WOCIVL455M0100NH220/N_atom200E+10_Vexp900E+02_Vemit800E+02_tauD000E+00_Vran118E
 +01                  
 Start
           0
 set_grid_done
 set_clumps_done
 Done
 TIME :    1.43346178345382       sec
          50 %           4   53.3206911850721     
 	 100 %           4   98.6029710229486     
 Time :   98.7822200239170     
 WOCIVL455M0100NH220/N_atom200E+10_Vexp100E+03_Vemit800E+02_tauD000E+00_Vran118E
 +01                  
 Start
           0
 set_grid_done
 set_clumps_done
 Done
 TIME :    2.45663031307049       sec
          50 %           3   47.7119196951389     
 	 100 %           1   91.9913050886244     
 Time :   92.1559347810689     
 WOCIVL455M0100NH220/N_atom200E+10_Vexp200E+03_Vemit800E+02_tauD000E+00_Vran118E
 +01                  
 Start
           0
 set_grid_done
 set_clumps_done
 Done
 TIME :    1.42844630591571       sec
          50 %           4   43.6979656054173     
 	 100 %           3   83.5432600758504     
 Time :   83.6832928685471     
 WOCIVL455M0100NH220/N_atom200E+10_Vexp300E+03_Vemit800E+02_tauD000E+00_Vran118E
 +01                  
 Start
           0
 set_grid_done
 set_clumps_done
 Done
 TIME :    1.55214669322595       sec
          50 %           2   41.3028942171950     
 	 100 %           1   79.1532760953996     
 Time :   79.2874462152831     
 WOCIVL455M0100NH220/N_atom200E+10_Vexp500E+01_Vemit800E+02_tauD000E+00_Vran118E
 +01                  
 Start
           0
 set_grid_done
 set_clumps_done
 Done
 TIME :    1.43603417859413       sec
          50 %           1   39.2434639802668     
 	 100 %           1   78.2095413086936     
 Time :   78.3493062481284     
 WOCIVL455M0100NH220/N_atom200E+10_Vexp100E+02_Vemit800E+02_tauD000E+00_Vran300E
 +01                  
 Start
           0
 set_grid_done
 set_clumps_done
 Done
 TIME :    1.43329467694275       sec
          50 %           4   41.0621613075491     
 	 100 %           3   86.1591068967246     
 Time :   86.3221202015411     
 WOCIVL455M0100NH220/N_atom200E+10_Vexp200E+02_Vemit800E+02_tauD000E+00_Vran300E
 +01                  
 Start
           0
 set_grid_done
 set_clumps_done
 Done
 TIME :    1.43162408354692       sec
          50 %           4   46.2107549847569     
 	 100 %           2   91.9721170046832     
 Time :   92.1348807420582     
 WOCIVL455M0100NH220/N_atom200E+10_Vexp300E+02_Vemit800E+02_tauD000E+00_Vran300E
 +01                  
 Start
           0
 set_grid_done
 set_clumps_done
 Done
 TIME :    1.43406646465883       sec
          50 %           1   44.8566466774791     
 	 100 %           2   86.5418989772443     
 Time :   86.6793772596866     
 WOCIVL455M0100NH220/N_atom200E+10_Vexp400E+02_Vemit800E+02_tauD000E+00_Vran300E
 +01                  
 Start
           0
 set_grid_done
 set_clumps_done
 Done
 TIME :    1.43074573785998       sec
          50 %           2   42.8064474835992     
 	 100 %           1   82.5425219438039     
 Time :   82.6817560864147     
 WOCIVL455M0100NH220/N_atom200E+10_Vexp500E+02_Vemit800E+02_tauD000E+00_Vran300E
 +01                  
 Start
           0
 set_grid_done
 set_clumps_done
 Done
 TIME :    1.42897857562639       sec
          50 %           3   42.9638895452954     
 	 100 %           3   86.2742748563178     
 Time :   86.4283574551810     
 WOCIVL455M0100NH220/N_atom200E+10_Vexp600E+02_Vemit800E+02_tauD000E+00_Vran300E
 +01                  
 Start
           0
 set_grid_done
 set_clumps_done
 Done
 TIME :    1.43219845555723       sec
          50 %           3   45.1497776659671     
 	 100 %           3   90.3953858257737     
 Time :   90.5516180740669     
 WOCIVL455M0100NH220/N_atom200E+10_Vexp700E+02_Vemit800E+02_tauD000E+00_Vran300E
 +01                  
 Start
           0
 set_grid_done
 set_clumps_done
 Done
 TIME :    1.43335020542145       sec
          50 %           4   44.7939877237659     
 	 100 %           2   86.9060896702576     
 Time :   87.0530645241961     
 WOCIVL455M0100NH220/N_atom200E+10_Vexp800E+02_Vemit800E+02_tauD000E+00_Vran300E
 +01                  
 Start
           0
 set_grid_done
 set_clumps_done
 Done
 TIME :    1.43140466487966       sec
          50 %           3   44.6841778112575     
 	 100 %           4   86.0586646336596     
 Time :   86.1982469263021     
 WOCIVL455M0100NH220/N_atom200E+10_Vexp900E+02_Vemit800E+02_tauD000E+00_Vran300E
 +01                  
 Start
           0
 set_grid_done
 set_clumps_done
 Done
 TIME :    1.43142295046709       sec
          50 %           2   42.3695131165441     
 	 100 %           4   82.3054888918996     
 Time :   82.4454557958525     
 WOCIVL455M0100NH220/N_atom200E+10_Vexp100E+03_Vemit800E+02_tauD000E+00_Vran300E
 +01                  
 Start
           0
 set_grid_done
 set_clumps_done
 Done
 TIME :    2.40145905665122       sec
          50 %           4   43.9599847572390     
 	 100 %           1   86.6785214177798     
 Time :   86.8416255200282     
 WOCIVL455M0100NH220/N_atom200E+10_Vexp200E+03_Vemit800E+02_tauD000E+00_Vran300E
 +01                  
 Start
           0
 set_grid_done
 set_clumps_done
 Done
 TIME :    1.43490892043337       sec
          50 %           3   39.5495313399006     
 	 100 %           3   77.9920825050212     
 Time :   78.1285870051943     
 WOCIVL455M0100NH220/N_atom200E+10_Vexp300E+03_Vemit800E+02_tauD000E+00_Vran300E
 +01                  
 Start
           0
 set_grid_done
 set_clumps_done
 Done
 TIME :    1.43299183528870       sec
          50 %           4   38.1882048118860     
 	 100 %           2   75.5901943901554     
 Time :   75.7453570689540     
 WOCIVL455M0100NH220/N_atom200E+10_Vexp500E+01_Vemit800E+02_tauD000E+00_Vran300E
 +01                  
 Start
           0
 set_grid_done
 set_clumps_done
 Done
 TIME :    1.44118283642456       sec
          50 %           3   47.9399838764220     
 	 100 %           3   96.6909237673972     
 Time :   96.8601346991491     
 WOCIVL455M0100NH220/N_atom200E+10_Vexp100E+02_Vemit800E+02_tauD000E+00_Vran500E
 +01                  
 Start
           0
 set_grid_done
 set_clumps_done
 Done
 TIME :    1.70575593737885       sec
          50 %           2   49.7161241988651     
 	 100 %           3   99.3181990536395     
 Time :   99.4824645647313     
 WOCIVL455M0100NH220/N_atom200E+10_Vexp200E+02_Vemit800E+02_tauD000E+00_Vran500E
 +01                  
 Start
           0
 set_grid_done
 set_clumps_done
 Done
 TIME :    1.79393759928644       sec
          50 %           2   48.1405957897659     
 	 100 %           2   93.4943228086922     
 Time :   93.6531162101310     
 WOCIVL455M0100NH220/N_atom200E+10_Vexp300E+02_Vemit800E+02_tauD000E+00_Vran500E
 +01                  
 Start
           0
 set_grid_done
 set_clumps_done
 Done
 TIME :    2.10122875985689       sec
          50 %           2   48.0861865419429     
 	 100 %           1   93.0309095857665     
 Time :   93.1694476685952     
 WOCIVL455M0100NH220/N_atom200E+10_Vexp400E+02_Vemit800E+02_tauD000E+00_Vran500E
 +01                  
 Start
           0
 set_grid_done
 set_clumps_done
 Done
 TIME :    1.75227463128977       sec
          50 %           2   44.6004449699540     
 	 100 %           1   86.8385965530761     
 Time :   86.9838949420955     
 WOCIVL455M0100NH220/N_atom200E+10_Vexp500E+02_Vemit800E+02_tauD000E+00_Vran500E
 +01                  
 Start
           0
 set_grid_done
 set_clumps_done
 Done
 TIME :    1.43184533575550       sec
          50 %           4   46.8050548236351     
 	 100 %           4   90.8316286320332     
 Time :   90.9800381686073     
 WOCIVL455M0100NH220/N_atom200E+10_Vexp600E+02_Vemit800E+02_tauD000E+00_Vran500E
 +01                  
 Start
           0
 set_grid_done
 set_clumps_done
 Done
 TIME :    1.42977595306002       sec
          50 %           2   48.8382767825387     
 	 100 %           4   98.5272553227842     
 Time :   98.7078829270322     
 WOCIVL455M0100NH220/N_atom200E+10_Vexp700E+02_Vemit800E+02_tauD000E+00_Vran500E
 +01                  
 Start
           0
 set_grid_done
 set_clumps_done
 Done
 TIME :    1.86682386184111       sec
          50 %           2   50.9993785035331     
 	 100 %           1   98.2420329237357     
 Time :   98.4071905275341     
 WOCIVL455M0100NH220/N_atom200E+10_Vexp800E+02_Vemit800E+02_tauD000E+00_Vran500E
 +01                  
 Start
           0
 set_grid_done
 set_clumps_done
 Done
 TIME :    2.11789317335933       sec
          50 %           1   49.1676797079854     
 	 100 %           1   99.6484563681297     
 Time :   99.8260316697415     
 WOCIVL455M0100NH220/N_atom200E+10_Vexp900E+02_Vemit800E+02_tauD000E+00_Vran500E
 +01                  
 Start
           0
 set_grid_done
 set_clumps_done
 Done
 TIME :    2.46839596703649       sec
          50 %           2   50.5215226970613     
 	 100 %           1   99.7086307180580     
 Time :   99.8921156339347     
 WOCIVL455M0100NH220/N_atom200E+10_Vexp100E+03_Vemit800E+02_tauD000E+00_Vran500E
 +01                  
 Start
           0
 set_grid_done
 set_clumps_done
 Done
 TIME :    2.41819668351673       sec
          50 %           4   50.5691904355772     
 	 100 %           1   98.7192854720633     
 Time :   98.8837835974991     
 WOCIVL455M0100NH220/N_atom200E+10_Vexp200E+03_Vemit800E+02_tauD000E+00_Vran500E
 +01                  
 Start
           0
 set_grid_done
 set_clumps_done
 Done
 TIME :    1.44288918981329       sec
          50 %           2   45.3810538717080     
 	 100 %           4   90.3327736034989     
 Time :   90.4978855280206     
 WOCIVL455M0100NH220/N_atom200E+10_Vexp300E+03_Vemit800E+02_tauD000E+00_Vran500E
 +01                  
 Start
           0
 set_grid_done
 set_clumps_done
 Done
 TIME :    1.44443941814825       sec
          50 %           4   43.7174371429719     
 	 100 %           1   86.2635356374085     
 Time :   86.4317620059010     
 WOCIVL455M0100NH220/N_atom200E+10_Vexp500E+01_Vemit800E+02_tauD000E+00_Vran500E
 +01                  
 Start
           0
 set_grid_done
 set_clumps_done
 Done
 TIME :    1.44447152083740       sec
          50 %           4   59.5630623155739     
 	 100 %           1   125.699126816355     
 Time :   125.863261421677     
 WOCIVL455M0100NH220/N_atom200E+10_Vexp100E+02_Vemit900E+02_tauD000E+00_Vran118E
 +01                  
 Start
           0
 set_grid_done
 set_clumps_done
 Done
 TIME :    1.44240374141373       sec
          50 %           1   49.9109497086611     
 	 100 %           1   98.3939740392379     
 Time :   98.5621984940954     
 WOCIVL455M0100NH220/N_atom200E+10_Vexp200E+02_Vemit900E+02_tauD000E+00_Vran118E
 +01                  
 Start
           0
 set_grid_done
 set_clumps_done
 Done
 TIME :    1.44026531395502       sec
          50 %           2   48.3557135702576     
 	 100 %           1   92.3477528656367     
 Time :   92.5125383425038     
 WOCIVL455M0100NH220/N_atom200E+10_Vexp300E+02_Vemit900E+02_tauD000E+00_Vran118E
 +01                  
 Start
           0
 set_grid_done
 set_clumps_done
 Done
 TIME :    1.44121269462630       sec
          50 %           3   48.9667825673241     
 	 100 %           3   96.8236560684163     
 Time :   96.9882590286434     
 WOCIVL455M0100NH220/N_atom200E+10_Vexp400E+02_Vemit900E+02_tauD000E+00_Vran118E
 +01                  
 Start
           0
 set_grid_done
 set_clumps_done
 Done
 TIME :    1.95956112327985       sec
          50 %           1   44.9650328587741     
 	 100 %           3   89.4564621676691     
 Time :   89.6369174153078     
 WOCIVL455M0100NH220/N_atom200E+10_Vexp500E+02_Vemit900E+02_tauD000E+00_Vran118E
 +01                  
 Start
           0
 set_grid_done
 set_clumps_done
 Done
 TIME :    2.40472386451438       sec
          50 %           2   48.1117753293365     
 	 100 %           3   92.4419586558361     
 Time :   92.6159004094079     
 WOCIVL455M0100NH220/N_atom200E+10_Vexp600E+02_Vemit900E+02_tauD000E+00_Vran118E
 +01                  
 Start
           0
 set_grid_done
 set_clumps_done
 Done
 TIME :    1.60282692662440       sec
          50 %           2   46.7698844787665     
 	 100 %           2   97.2908540454227     
 Time :   97.4603538215160     
 WOCIVL455M0100NH220/N_atom200E+10_Vexp700E+02_Vemit900E+02_tauD000E+00_Vran118E
 +01                  
 Start
           0
 set_grid_done
 set_clumps_done
 Done
 TIME :    1.43241246370599       sec
          50 %           4   53.2876663715579     
 	 100 %           3   105.140118085314     
 Time :   105.311517191818     
 WOCIVL455M0100NH220/N_atom200E+10_Vexp800E+02_Vemit900E+02_tauD000E+00_Vran118E
 +01                  
 Start
           0
 set_grid_done
 set_clumps_done
 Done
 TIME :    1.43273476324975       sec
          50 %           2   53.1810890336055     
 	 100 %           3   102.437218066538     
 Time :   102.592121027876     
 WOCIVL455M0100NH220/N_atom200E+10_Vexp900E+02_Vemit900E+02_tauD000E+00_Vran118E
 +01                  
 Start
           0
 set_grid_done
 set_clumps_done
 Done
 TIME :    1.43099483428523       sec
          50 %           4   49.5185017352924     
 	 100 %           3   96.4023383385502     
 Time :   96.5616008362267     
 WOCIVL455M0100NH220/N_atom200E+10_Vexp100E+03_Vemit900E+02_tauD000E+00_Vran118E
 +01                  
 Start
           0
 set_grid_done
 set_clumps_done
 Done
 TIME :    1.43216757522896       sec
          50 %           2   49.8775810431689     
 	 100 %           4   97.7215915967245     
 Time :   97.8913657388184     
 WOCIVL455M0100NH220/N_atom200E+10_Vexp200E+03_Vemit900E+02_tauD000E+00_Vran118E
 +01                  
 Start
           0
 set_grid_done
 set_clumps_done
 Done
 TIME :    1.43090240377933       sec
          50 %           2   43.5519164998550     
 	 100 %           1   85.1363176379818     
 Time :   85.2825937569141     
 WOCIVL455M0100NH220/N_atom200E+10_Vexp300E+03_Vemit900E+02_tauD000E+00_Vran118E
 +01                  
 Start
           0
 set_grid_done
 set_clumps_done
 Done
 TIME :    1.43393512815237       sec
          50 %           1   38.9777563030366     
 	 100 %           1   78.0925320221577     
 Time :   78.2660701973364     
 WOCIVL455M0100NH220/N_atom200E+10_Vexp500E+01_Vemit900E+02_tauD000E+00_Vran118E
 +01                  
 Start
           0
 set_grid_done
 set_clumps_done
 Done
 TIME :    2.14103986043483       sec
          50 %           1   40.5341884279624     
 	 100 %           1   80.3842421553563     
 Time :   80.5379070683848     
 WOCIVL455M0100NH220/N_atom200E+10_Vexp100E+02_Vemit900E+02_tauD000E+00_Vran300E
 +01                  
 Start
           0
 set_grid_done
 set_clumps_done
 Done
 TIME :    1.43247318221256       sec
          50 %           3   43.4771986291744     
 	 100 %           4   84.6346364486963     
 Time :   84.7756034063641     
 WOCIVL455M0100NH220/N_atom200E+10_Vexp200E+02_Vemit900E+02_tauD000E+00_Vran300E
 +01                  
 Start
           0
 set_grid_done
 set_clumps_done
 Done
 TIME :    1.43552080565132       sec
          50 %           3   41.4335203238297     
 	 100 %           3   84.1368498974480     
 Time :   84.3019078366924     
 WOCIVL455M0100NH220/N_atom200E+10_Vexp300E+02_Vemit900E+02_tauD000E+00_Vran300E
 +01                  
 Start
           0
 set_grid_done
 set_clumps_done
 Done
 TIME :    1.51745521370322       sec
          50 %           3   42.9608903261833     
 	 100 %           4   81.7438725198153     
 Time :   81.8823638414033     
 WOCIVL455M0100NH220/N_atom200E+10_Vexp400E+02_Vemit900E+02_tauD000E+00_Vran300E
 +01                  
 Start
           0
 set_grid_done
 set_clumps_done
 Done
 TIME :    1.43843619106337       sec
          50 %           4   40.6847304503899     
 	 100 %           2   81.3243468005676     
 Time :   81.4869991804007     
 WOCIVL455M0100NH220/N_atom200E+10_Vexp500E+02_Vemit900E+02_tauD000E+00_Vran300E
 +01                  
 Start
           0
 set_grid_done
 set_clumps_done
 Done
 TIME :    1.44149152934551       sec
          50 %           3   41.5302252459805     
 	 100 %           3   81.1214110774454     
 Time :   81.2588343524840     
 WOCIVL455M0100NH220/N_atom200E+10_Vexp600E+02_Vemit900E+02_tauD000E+00_Vran300E
 +01                  
 Start
           0
 set_grid_done
 set_clumps_done
 Done
 TIME :    1.43295576493256       sec
          50 %           2   41.1766310532112     
 	 100 %           3   80.9760634023696     
 Time :   81.1189094907604     
 WOCIVL455M0100NH220/N_atom200E+10_Vexp700E+02_Vemit900E+02_tauD000E+00_Vran300E
 +01                  
 Start
           0
 set_grid_done
 set_clumps_done
 Done
 TIME :    1.44057064061053       sec
          50 %           3   41.7126618442126     
 	 100 %           3   81.4264232960995     
 Time :   81.5721698203124     
 WOCIVL455M0100NH220/N_atom200E+10_Vexp800E+02_Vemit900E+02_tauD000E+00_Vran300E
 +01                  
 Start
           0
 set_grid_done
 set_clumps_done
 Done
 TIME :    1.43196279532276       sec
          50 %           3   42.5300227405969     
 	 100 %           2   85.0805170622189     
 Time :   85.2317760551814     
 WOCIVL455M0100NH220/N_atom200E+10_Vexp900E+02_Vemit900E+02_tauD000E+00_Vran300E
 +01                  
 Start
           0
 set_grid_done
 set_clumps_done
 Done
 TIME :    1.43186609633267       sec
          50 %           3   43.7661020492669     
 	 100 %           3   86.0217921838630     
 Time :   86.1714791657869     
 WOCIVL455M0100NH220/N_atom200E+10_Vexp100E+03_Vemit900E+02_tauD000E+00_Vran300E
 +01                  
 Start
           0
 set_grid_done
 set_clumps_done
 Done
 TIME :    1.70096073998138       sec
          50 %           3   45.1898133051582     
 	 100 %           1   88.7841025800444     
 Time :   88.9516823855229     
 WOCIVL455M0100NH220/N_atom200E+10_Vexp200E+03_Vemit900E+02_tauD000E+00_Vran300E
 +01                  
 Start
           0
 set_grid_done
 set_clumps_done
 Done
 TIME :    2.40020435559563       sec
          50 %           4   44.2656119570602     
 	 100 %           2   85.8148492530454     
 Time :   85.9728175525088     
 WOCIVL455M0100NH220/N_atom200E+10_Vexp300E+03_Vemit900E+02_tauD000E+00_Vran300E
 +01                  
 Start
           0
 set_grid_done
 set_clumps_done
 Done
 TIME :    1.42689474485815       sec
          50 %           4   40.7098777152132     
 	 100 %           3   77.5327266780660     
 Time :   77.6716834085528     
 WOCIVL455M0100NH220/N_atom200E+10_Vexp500E+01_Vemit900E+02_tauD000E+00_Vran300E
 +01                  
 Start
           0
 set_grid_done
 set_clumps_done
 Done
 TIME :    1.42644937476143       sec
          50 %           2   42.9648886970244     
 	 100 %           2   84.4920100094751     
 Time :   84.6374028029386     
 WOCIVL455M0100NH220/N_atom200E+10_Vexp100E+02_Vemit900E+02_tauD000E+00_Vran500E
 +01                  
 Start
           0
 set_grid_done
 set_clumps_done
 Done
 TIME :    1.42407017713413       sec
          50 %           1   44.7031282507814     
 	 100 %           4   87.4950742858928     
 Time :   87.6486828087363     
 WOCIVL455M0100NH220/N_atom200E+10_Vexp200E+02_Vemit900E+02_tauD000E+00_Vran500E
 +01                  
 Start
           0
 set_grid_done
 set_clumps_done
 Done
 TIME :    2.38922897516750       sec
          50 %           4   43.1819398743100     
 	 100 %           2   84.9516640992370     
 Time :   85.1055430201814     
 WOCIVL455M0100NH220/N_atom200E+10_Vexp300E+02_Vemit900E+02_tauD000E+00_Vran500E
 +01                  
 Start
           0
 set_grid_done
 set_clumps_done
 Done
 TIME :    1.42660365602933       sec
          50 %           1   45.1371245682240     
 	 100 %           2   88.6492054697592     
 Time :   88.8005665219389     
 WOCIVL455M0100NH220/N_atom200E+10_Vexp400E+02_Vemit900E+02_tauD000E+00_Vran500E
 +01                  
 Start
           0
 set_grid_done
 set_clumps_done
 Done
 TIME :    1.44353518192656       sec
          50 %           4   45.1127391618211     
 	 100 %           4   88.9566937752534     
 Time :   89.1103786872700     
 WOCIVL455M0100NH220/N_atom200E+10_Vexp500E+02_Vemit900E+02_tauD000E+00_Vran500E
 +01                  
 Start
           0
 set_grid_done
 set_clumps_done
 Done
 TIME :    1.43068918702193       sec
          50 %           4   45.2306956783868     
 	 100 %           1   88.5454091446009     
 Time :   88.6857136881445     
 WOCIVL455M0100NH220/N_atom200E+10_Vexp600E+02_Vemit900E+02_tauD000E+00_Vran500E
 +01                  
 Start
           0
 set_grid_done
 set_clumps_done
 Done
 TIME :    1.89964369521476       sec
          50 %           1   42.9512368883006     
 	 100 %           2   85.3242089017294     
 Time :   85.4811091448646     
 WOCIVL455M0100NH220/N_atom200E+10_Vexp700E+02_Vemit900E+02_tauD000E+00_Vran500E
 +01                  
 Start
           0
 set_grid_done
 set_clumps_done
 Done
 TIME :    1.46467415662482       sec
          50 %           1   45.8933801359963     
 	 100 %           3   90.1354030221701     
 Time :   90.2956620263867     
 WOCIVL455M0100NH220/N_atom200E+10_Vexp800E+02_Vemit900E+02_tauD000E+00_Vran500E
 +01                  
 Start
           0
 set_grid_done
 set_clumps_done
 Done
 TIME :    1.45730623323470       sec
          50 %           4   45.7905551784206     
 	 100 %           2   88.6142690919805     
 Time :   88.7560776835307     
 WOCIVL455M0100NH220/N_atom200E+10_Vexp900E+02_Vemit900E+02_tauD000E+00_Vran500E
 +01                  
 Start
           0
 set_grid_done
 set_clumps_done
 Done
 TIME :    1.48508883640170       sec
          50 %           1   42.3731695492752     
 	 100 %           3   85.4869953934103     
 Time :   85.6624986673705     
 WOCIVL455M0100NH220/N_atom200E+10_Vexp100E+03_Vemit900E+02_tauD000E+00_Vran500E
 +01                  
 Start
           0
 set_grid_done
 set_clumps_done
 Done
 TIME :    2.45224554766901       sec
          50 %           4   44.5508673808072     
 	 100 %           2   84.7904190686531     
 Time :   84.9436813050415     
 WOCIVL455M0100NH220/N_atom200E+10_Vexp200E+03_Vemit900E+02_tauD000E+00_Vran500E
 +01                  
 Start
           0
 set_grid_done
 set_clumps_done
 Done
 TIME :    1.45889142993838       sec
          50 %           4   42.8447550069541     
 	 100 %           1   84.4560239608400     
 Time :   84.6135312798433     
 WOCIVL455M0100NH220/N_atom200E+10_Vexp300E+03_Vemit900E+02_tauD000E+00_Vran500E
 +01                  
 Start
           0
 set_grid_done
 set_clumps_done
 Done
 TIME :    1.46170333307236       sec
          50 %           1   41.9524928315077     
 	 100 %           2   80.6244122954085     
 Time :   80.7673804222140     
 WOCIVL455M0100NH220/N_atom200E+10_Vexp500E+01_Vemit900E+02_tauD000E+00_Vran500E
 +01                  
 Start
           0
 set_grid_done
 set_clumps_done
 Done
 TIME :    1.43108361773193       sec
          50 %           2   52.2783440402709     
 	 100 %           4   100.915732139023     
 Time :   101.054388683056     
 WOCIVL455M0100NH220/N_atom200E+10_Vexp100E+02_Vemit100E+03_tauD000E+00_Vran118E
 +01                  
 Start
           0
 set_grid_done
 set_clumps_done
 Done
 TIME :    1.43151382822543       sec
          50 %           1   38.1195479917806     
 	 100 %           2   74.4289075881243     
 Time :   74.5706026679836     
 WOCIVL455M0100NH220/N_atom200E+10_Vexp200E+02_Vemit100E+03_tauD000E+00_Vran118E
 +01                  
 Start
           0
 set_grid_done
 set_clumps_done
 Done
 TIME :    1.43228371208534       sec
          50 %           1   39.6521628797054     
 	 100 %           4   77.3038120754063     
 Time :   77.4729123211000     
 WOCIVL455M0100NH220/N_atom200E+10_Vexp300E+02_Vemit100E+03_tauD000E+00_Vran118E
 +01                  
 Start
           0
 set_grid_done
 set_clumps_done
 Done
 TIME :    2.43916780012660       sec
          50 %           3   39.7949590405915     
 	 100 %           1   76.6658209562302     
 Time :   76.8203623010777     
 WOCIVL455M0100NH220/N_atom200E+10_Vexp400E+02_Vemit100E+03_tauD000E+00_Vran118E
 +01                  
 Start
           0
 set_grid_done
 set_clumps_done
 Done
 TIME :    1.43004985828884       sec
          50 %           1   41.9011437518056     
 	 100 %           3   81.0144265345298     
 Time :   81.1704590022564     
 WOCIVL455M0100NH220/N_atom200E+10_Vexp500E+02_Vemit100E+03_tauD000E+00_Vran118E
 +01                  
 Start
           0
 set_grid_done
 set_clumps_done
 Done
 TIME :    2.45933312317356       sec
          50 %           2   42.7821319836657     
 	 100 %           2   81.9958544843830     
 Time :   82.1548718630802     
 WOCIVL455M0100NH220/N_atom200E+10_Vexp600E+02_Vemit100E+03_tauD000E+00_Vran118E
 +01                  
 Start
           0
 set_grid_done
 set_clumps_done
 Done
 TIME :    1.43256817781366       sec
          50 %           4   41.7119745614473     
 	 100 %           1   80.5735431730282     
 Time :   80.7268128939904     
 WOCIVL455M0100NH220/N_atom200E+10_Vexp700E+02_Vemit100E+03_tauD000E+00_Vran118E
 +01                  
 Start
           0
 set_grid_done
 set_clumps_done
 Done
 TIME :    1.43476295541041       sec
          50 %           1   40.4115670081228     
 	 100 %           3   81.5786468130536     
 Time :   81.7278154827654     
 WOCIVL455M0100NH220/N_atom200E+10_Vexp800E+02_Vemit100E+03_tauD000E+00_Vran118E
 +01                  
 Start
           0
 set_grid_done
 set_clumps_done
 Done
 TIME :    1.43236129358411       sec
          50 %           1   42.8762640294153     
 	 100 %           3   82.9496624786407     
 Time :   83.0897654083092     
 WOCIVL455M0100NH220/N_atom200E+10_Vexp900E+02_Vemit100E+03_tauD000E+00_Vran118E
 +01                  
 Start
           0
 set_grid_done
 set_clumps_done
 Done
 TIME :    1.43396809254773       sec
          50 %           4   41.2371560181491     
 	 100 %           2   80.5608650064096     
 Time :   80.7014009219129     
 WOCIVL455M0100NH220/N_atom200E+10_Vexp100E+03_Vemit100E+03_tauD000E+00_Vran118E
 +01                  
 Start
           0
 set_grid_done
 set_clumps_done
 Done
 TIME :    1.43490312923677       sec
          50 %           4   40.5881022179965     
 	 100 %           4   81.2260067844763     
 Time :   81.3974645554554     
 WOCIVL455M0100NH220/N_atom200E+10_Vexp200E+03_Vemit100E+03_tauD000E+00_Vran118E
 +01                  
 Start
           0
 set_grid_done
 set_clumps_done
 Done
 TIME :    2.40422211424448       sec
          50 %           1   41.2762465411797     
 	 100 %           4   79.6535355171654     
 Time :   79.8084491894115     
 WOCIVL455M0100NH220/N_atom200E+10_Vexp300E+03_Vemit100E+03_tauD000E+00_Vran118E
 +01                  
 Start
           0
 set_grid_done
 set_clumps_done
 Done
 TIME :    2.40175456390716       sec
          50 %           2   41.1226569453720     
 	 100 %           3   78.7173594965134     
 Time :   78.8565981078427     
 WOCIVL455M0100NH220/N_atom200E+10_Vexp500E+01_Vemit100E+03_tauD000E+00_Vran118E
 +01                  
 Start
           0
 set_grid_done
 set_clumps_done
 Done
 TIME :    1.43959791050293       sec
          50 %           3   38.2735175096896     
 	 100 %           2   75.2718270027544     
 Time :   75.4237641706131     
 WOCIVL455M0100NH220/N_atom200E+10_Vexp100E+02_Vemit100E+03_tauD000E+00_Vran300E
 +01                  
 Start
           0
 set_grid_done
 set_clumps_done
 Done
 TIME :    2.41140216030180       sec
          50 %           2   41.2634806830902     
 	 100 %           2   80.9869860096369     
 Time :   81.1356870054733     
 WOCIVL455M0100NH220/N_atom200E+10_Vexp200E+02_Vemit100E+03_tauD000E+00_Vran300E
 +01                  
 Start
           0
 set_grid_done
 set_clumps_done
 Done
 TIME :    2.40746269468218       sec
          50 %           2   42.0809513442218     
 	 100 %           1   80.4063483097125     
 Time :   80.5634376020171     
 WOCIVL455M0100NH220/N_atom200E+10_Vexp300E+02_Vemit100E+03_tauD000E+00_Vran300E
 +01                  
 Start
           0
 set_grid_done
 set_clumps_done
 Done
 TIME :    1.43444345123135       sec
          50 %           3   39.7807127304841     
 	 100 %           1   79.0299985238817     
 Time :   79.1659366977401     
 WOCIVL455M0100NH220/N_atom200E+10_Vexp400E+02_Vemit100E+03_tauD000E+00_Vran300E
 +01                  
 Start
           0
 set_grid_done
 set_clumps_done
 Done
 TIME :    1.43616716843098       sec
          50 %           2   40.1800586387981     
 	 100 %           3   79.5871267882176     
 Time :   79.7222492787987     
 WOCIVL455M0100NH220/N_atom200E+10_Vexp500E+02_Vemit100E+03_tauD000E+00_Vran300E
 +01                  
 Start
           0
 set_grid_done
 set_clumps_done
 Done
 TIME :    1.43238412821665       sec
          50 %           1   40.1372281499207     
 	 100 %           3   78.7508210032247     
 Time :   78.8881993102841     
 WOCIVL455M0100NH220/N_atom200E+10_Vexp600E+02_Vemit100E+03_tauD000E+00_Vran300E
 +01                  
 Start
           0
 set_grid_done
 set_clumps_done
 Done
 TIME :    1.67614026344381       sec
          50 %           1   40.6062737659086     
 	 100 %           4   80.1978598693386     
 Time :   80.3427836366463     
 WOCIVL455M0100NH220/N_atom200E+10_Vexp700E+02_Vemit100E+03_tauD000E+00_Vran300E
 +01                  
 Start
           0
 set_grid_done
 set_clumps_done
 Done
 TIME :    1.42911197617650       sec
          50 %           3   41.2823457859922     
 	 100 %           2   80.4614899582230     
 Time :   80.5976495747454     
 WOCIVL455M0100NH220/N_atom200E+10_Vexp800E+02_Vemit100E+03_tauD000E+00_Vran300E
 +01                  
 Start
           0
 set_grid_done
 set_clumps_done
 Done
 TIME :    1.43065220490098       sec
          50 %           1   40.5547278313898     
 	 100 %           3   79.7975215725601     
 Time :   79.9367368281819     
 WOCIVL455M0100NH220/N_atom200E+10_Vexp900E+02_Vemit100E+03_tauD000E+00_Vran300E
 +01                  
 Start
           0
 set_grid_done
 set_clumps_done
 Done
 TIME :    1.43088460899889       sec
          50 %           1   40.9032363393344     
 	 100 %           1   80.3109175865538     
 Time :   80.4631343004294     
 WOCIVL455M0100NH220/N_atom200E+10_Vexp100E+03_Vemit100E+03_tauD000E+00_Vran300E
 +01                  
 Start
           0
 set_grid_done
 set_clumps_done
 Done
 TIME :    2.45245457603596       sec
          50 %           4   41.9274500508327     
 	 100 %           2   81.2953574501444     
 Time :   81.4485424656887     
 WOCIVL455M0100NH220/N_atom200E+10_Vexp200E+03_Vemit100E+03_tauD000E+00_Vran300E
 +01                  
 Start
           0
 set_grid_done
 set_clumps_done
 Done
 TIME :    2.40602406440303       sec
          50 %           3   41.0510168171022     
 	 100 %           2   79.2346948662307     
 Time :   79.3747674063779     
 WOCIVL455M0100NH220/N_atom200E+10_Vexp300E+03_Vemit100E+03_tauD000E+00_Vran300E
 +01                  
 Start
           0
 set_grid_done
 set_clumps_done
 Done
 TIME :    1.42682795436122       sec
          50 %           3   38.2178693914320     
 	 100 %           3   75.1921882592142     
 Time :   75.3361120929476     
 WOCIVL455M0100NH220/N_atom200E+10_Vexp500E+01_Vemit100E+03_tauD000E+00_Vran300E
 +01                  
 Start
           0
 set_grid_done
 set_clumps_done
 Done
 TIME :    1.42253536893986       sec
          50 %           2   43.5560167699587     
 	 100 %           3   83.8813386289403     
 Time :   84.0232167465147     
 WOCIVL455M0100NH220/N_atom200E+10_Vexp100E+02_Vemit100E+03_tauD000E+00_Vran500E
 +01                  
 Start
           0
 set_grid_done
 set_clumps_done
 Done
 TIME :    1.44439510162920       sec
          50 %           1   46.2930340059102     
 	 100 %           2   90.4452685113065     
 Time :   90.5829820532817     
 WOCIVL455M0100NH220/N_atom200E+10_Vexp200E+02_Vemit100E+03_tauD000E+00_Vran500E
 +01                  
 Start
           0
 set_grid_done
 set_clumps_done
 Done
 TIME :    1.43097788118757       sec
          50 %           4   41.1290635906626     
 	 100 %           3   80.8277476991061     
 Time :   80.9837957373820     
 WOCIVL455M0100NH220/N_atom200E+10_Vexp300E+02_Vemit100E+03_tauD000E+00_Vran500E
 +01                  
 Start
           0
 set_grid_done
 set_clumps_done
 Done
 TIME :    2.44272545026615       sec
          50 %           4   42.0844036883209     
 	 100 %           3   81.6535065209027     
 Time :   81.7945263115689     
 WOCIVL455M0100NH220/N_atom200E+10_Vexp400E+02_Vemit100E+03_tauD000E+00_Vran500E
 +01                  
 Start
           0
 set_grid_done
 set_clumps_done
 Done
 TIME :    1.43057662737556       sec
          50 %           2   41.3429806355853     
 	 100 %           4   81.2485648011789     
 Time :   81.3857214853633     
 WOCIVL455M0100NH220/N_atom200E+10_Vexp500E+02_Vemit100E+03_tauD000E+00_Vran500E
 +01                  
 Start
           0
 set_grid_done
 set_clumps_done
 Done
 TIME :    1.42717137536965       sec
          50 %           1   41.3086505620740     
 	 100 %           2   81.3439316092990     
 Time :   81.4883599588647     
 WOCIVL455M0100NH220/N_atom200E+10_Vexp600E+02_Vemit100E+03_tauD000E+00_Vran500E
 +01                  
 Start
           0
 set_grid_done
 set_clumps_done
 Done
 TIME :    1.42804017243907       sec
          50 %           4   41.5490590676200     
 	 100 %           4   82.3215612191707     
 Time :   82.4648882569745     
 WOCIVL455M0100NH220/N_atom200E+10_Vexp700E+02_Vemit100E+03_tauD000E+00_Vran500E
 +01                  
 Start
           0
 set_grid_done
 set_clumps_done
 Done
 TIME :    1.43052682001144       sec
          50 %           2   47.3548298636451     
 	 100 %           2   89.3183398272377     
 Time :   89.4608666519634     
 WOCIVL455M0100NH220/N_atom200E+10_Vexp800E+02_Vemit100E+03_tauD000E+00_Vran500E
 +01                  
 Start
           0
 set_grid_done
 set_clumps_done
 Done
 TIME :    1.42774512618780       sec
          50 %           2   44.3703782169614     
 	 100 %           2   85.3365483067464     
 Time :   85.4894080567174     
 WOCIVL455M0100NH220/N_atom200E+10_Vexp900E+02_Vemit100E+03_tauD000E+00_Vran500E
 +01                  
 Start
           0
 set_grid_done
 set_clumps_done
 Done
 TIME :    2.43949071108364       sec
          50 %           2   42.3059714785777     
 	 100 %           3   82.5164349530824     
 Time :   82.6715763302054     
 WOCIVL455M0100NH220/N_atom200E+10_Vexp100E+03_Vemit100E+03_tauD000E+00_Vran500E
 +01                  
 Start
           0
 set_grid_done
 set_clumps_done
 Done
 TIME :    2.22958919056691       sec
          50 %           1   42.1661880130414     
 	 100 %           1   81.8716381187551     
 Time :   82.0134139463771     
 WOCIVL455M0100NH220/N_atom200E+10_Vexp200E+03_Vemit100E+03_tauD000E+00_Vran500E
 +01                  
 Start
           0
 set_grid_done
 set_clumps_done
 Done
 TIME :    1.43101836042479       sec
          50 %           4   39.6813317909837     
 	 100 %           2   77.8306536655873     
 Time :   77.9682394280098     
 WOCIVL455M0100NH220/N_atom200E+10_Vexp300E+03_Vemit100E+03_tauD000E+00_Vran500E
 +01                  
 Start
           0
 set_grid_done
 set_clumps_done
 Done
 TIME :    1.43561639264226       sec
          50 %           3   38.3607966385316     
 	 100 %           2   75.3001270366367     
 Time :   75.4389852248132     
 WOCIVL455M0100NH220/N_atom200E+10_Vexp500E+01_Vemit100E+03_tauD000E+00_Vran500E
 +01                  
 Start
           0
 set_grid_done
 set_clumps_done
 Done
 TIME :    1.43308250256814       sec
          50 %           1   47.3749889344908     
 	 100 %           2   94.0356947537512     
 Time :   94.1681050960906     
 WOCIVL455M0100NH220/N_atom200E+10_Vexp100E+02_Vemit200E+03_tauD000E+00_Vran118E
 +01                  
 Start
           0
 set_grid_done
 set_clumps_done
 Done
 TIME :    1.43504346325062       sec
          50 %           3   35.2412534416653     
 	 100 %           2   68.7650126148947     
 Time :   68.8972727537621     
 WOCIVL455M0100NH220/N_atom200E+10_Vexp200E+02_Vemit200E+03_tauD000E+00_Vran118E
 +01                  
 Start
           0
 set_grid_done
 set_clumps_done
 Done
 TIME :    1.43815958057530       sec
          50 %           2   34.9214169441257     
 	 100 %           4   68.5730494167656     
 Time :   68.7080872517545     
 WOCIVL455M0100NH220/N_atom200E+10_Vexp300E+02_Vemit200E+03_tauD000E+00_Vran118E
 +01                  
 Start
           0
 set_grid_done
 set_clumps_done
 Done
 TIME :    1.42866072477773       sec
          50 %           1   35.1160731329583     
 	 100 %           2   69.0132176510524     
 Time :   69.1804958172143     
 WOCIVL455M0100NH220/N_atom200E+10_Vexp400E+02_Vemit200E+03_tauD000E+00_Vran118E
 +01                  
 Start
           0
 set_grid_done
 set_clumps_done
 Done
 TIME :    2.40171312284656       sec
          50 %           4   36.5937245103996     
 	 100 %           4   70.7463161016349     
 Time :   70.8805610579439     
 WOCIVL455M0100NH220/N_atom200E+10_Vexp500E+02_Vemit200E+03_tauD000E+00_Vran118E
 +01                  
 Start
           0
 set_grid_done
 set_clumps_done
 Done
 TIME :    1.43152406811714       sec
          50 %           3   35.8529373500496     
 	 100 %           3   70.5643526779022     
 Time :   70.7130356386770     
 WOCIVL455M0100NH220/N_atom200E+10_Vexp600E+02_Vemit200E+03_tauD000E+00_Vran118E
 +01                  
 Start
           0
 set_grid_done
 set_clumps_done
 Done
 TIME :    2.40279484610073       sec
          50 %           4   37.2005298486911     
 	 100 %           2   71.7790242768824     
 Time :   71.9149671499617     
 WOCIVL455M0100NH220/N_atom200E+10_Vexp700E+02_Vemit200E+03_tauD000E+00_Vran118E
 +01                  
 Start
           0
 set_grid_done
 set_clumps_done
 Done
 TIME :    1.42206504009664       sec
          50 %           2   36.0261016748846     
 	 100 %           4   70.7031695854384     
 Time :   70.8394605685025     
 WOCIVL455M0100NH220/N_atom200E+10_Vexp800E+02_Vemit200E+03_tauD000E+00_Vran118E
 +01                  
 Start
           0
 set_grid_done
 set_clumps_done
 Done
 TIME :    1.42052616388537       sec
          50 %           3   36.4329985538498     
 	 100 %           1   71.3784299599938     
 Time :   71.5132389981300     
 WOCIVL455M0100NH220/N_atom200E+10_Vexp900E+02_Vemit200E+03_tauD000E+00_Vran118E
 +01                  
 Start
           0
 set_grid_done
 set_clumps_done
 Done
 TIME :    1.42451607808471       sec
          50 %           3   36.4488820221741     
 	 100 %           1   71.3999686455354     
 Time :   71.5332132878248     
 WOCIVL455M0100NH220/N_atom200E+10_Vexp100E+03_Vemit200E+03_tauD000E+00_Vran118E
 +01                  
 Start
           0
 set_grid_done
 set_clumps_done
 Done
 TIME :    1.42277262243442       sec
          50 %           1   36.6943681167904     
 	 100 %           4   72.8553419630043     
 Time :   73.0108002191409     
 WOCIVL455M0100NH220/N_atom200E+10_Vexp200E+03_Vemit200E+03_tauD000E+00_Vran118E
 +01                  
 Start
           0
 set_grid_done
 set_clumps_done
 Done
 TIME :    1.42289476096630       sec
          50 %           1   39.2753758197650     
 	 100 %           2   76.2008020163048     
 Time :   76.3389393161051     
 WOCIVL455M0100NH220/N_atom200E+10_Vexp300E+03_Vemit200E+03_tauD000E+00_Vran118E
 +01                  
 Start
           0
 set_grid_done
 set_clumps_done
 Done
 TIME :    1.42049065465108       sec
          50 %           2   38.2689476222731     
 	 100 %           2   75.0112412110902     
 Time :   75.1559308709111     
 WOCIVL455M0100NH220/N_atom200E+10_Vexp500E+01_Vemit200E+03_tauD000E+00_Vran118E
 +01                  
 Start
           0
 set_grid_done
 set_clumps_done
 Done
 TIME :    1.43569124862552       sec
          50 %           3   35.8794561142568     
 	 100 %           1   70.2614727350883     
 Time :   70.3983126003295     
 WOCIVL455M0100NH220/N_atom200E+10_Vexp100E+02_Vemit200E+03_tauD000E+00_Vran300E
 +01                  
 Start
           0
 set_grid_done
 set_clumps_done
 Done
 TIME :    1.45254544308409       sec
          50 %           2   36.9996548211202     
 	 100 %           2   72.5689246696420     
 Time :   72.7078168240841     
 WOCIVL455M0100NH220/N_atom200E+10_Vexp200E+02_Vemit200E+03_tauD000E+00_Vran300E
 +01                  
 Start
           0
 set_grid_done
 set_clumps_done
 Done
 TIME :    1.43420019582845       sec
          50 %           3   36.4269275942352     
 	 100 %           2   71.4655366418883     
 Time :   71.6055729615036     
 WOCIVL455M0100NH220/N_atom200E+10_Vexp300E+02_Vemit200E+03_tauD000E+00_Vran300E
 +01                  
 Start
           0
 set_grid_done
 set_clumps_done
 Done
 TIME :    1.44168420601636       sec
          50 %           3   36.6901709176600     
 	 100 %           1   71.9821091813501     
 Time :   72.1231467870530     
 WOCIVL455M0100NH220/N_atom200E+10_Vexp400E+02_Vemit200E+03_tauD000E+00_Vran300E
 +01                  
 Start
           0
 set_grid_done
 set_clumps_done
 Done
 TIME :    1.46715858997777       sec
          50 %           1   37.1153604211286     
 	 100 %           2   75.4811707136687     
 Time :   75.6478450903669     
 WOCIVL455M0100NH220/N_atom200E+10_Vexp500E+02_Vemit200E+03_tauD000E+00_Vran300E
 +01                  
 Start
           0
 set_grid_done
 set_clumps_done
 Done
 TIME :    1.45262770401314       sec
          50 %           1   40.7475976909045     
 	 100 %           2   79.9043465841096     
 Time :   80.0641278352123     
 WOCIVL455M0100NH220/N_atom200E+10_Vexp600E+02_Vemit200E+03_tauD000E+00_Vran300E
 +01                  
 Start
           0
 set_grid_done
 set_clumps_done
 Done
 TIME :    1.48058600001968       sec
          50 %           4   40.4736569100060     
 	 100 %           2   79.4906766437925     
 Time :   79.6405126370955     
 WOCIVL455M0100NH220/N_atom200E+10_Vexp700E+02_Vemit200E+03_tauD000E+00_Vran300E
 +01                  
 Start
           0
 set_grid_done
 set_clumps_done
 Done
 TIME :    1.57177057838999       sec
          50 %           2   39.2448127653915     
 	 100 %           1   75.4568658643402     
 Time :   75.5974797622766     
 WOCIVL455M0100NH220/N_atom200E+10_Vexp800E+02_Vemit200E+03_tauD000E+00_Vran300E
 +01                  
 Start
           0
 set_grid_done
 set_clumps_done
 Done
 TIME :    1.48529924754985       sec
          50 %           1   37.7215823396109     
 	 100 %           3   74.0319910454564     
 Time :   74.1758128800429     
 WOCIVL455M0100NH220/N_atom200E+10_Vexp900E+02_Vemit200E+03_tauD000E+00_Vran300E
 +01                  
 Start
           0
 set_grid_done
 set_clumps_done
 Done
 TIME :    1.50700384704396       sec
          50 %           3   40.5172921612393     
 	 100 %           2   80.2833649427630     
 Time :   80.4420716445893     
 WOCIVL455M0100NH220/N_atom200E+10_Vexp100E+03_Vemit200E+03_tauD000E+00_Vran300E
 +01                  
 Start
           0
 set_grid_done
 set_clumps_done
 Done
 TIME :    1.48379504890181       sec
          50 %           2   41.2641378769185     
 	 100 %           1   81.0757856687997     
 Time :   81.2369870240800     
 WOCIVL455M0100NH220/N_atom200E+10_Vexp200E+03_Vemit200E+03_tauD000E+00_Vran300E
 +01                  
 Start
           0
 set_grid_done
 set_clumps_done
 Done
 TIME :    1.48618307407014       sec
          50 %           2   41.5453455834650     
 	 100 %           1   81.6451061407570     
 Time :   81.8131791497581     
 WOCIVL455M0100NH220/N_atom200E+10_Vexp300E+03_Vemit200E+03_tauD000E+00_Vran300E
 +01                  
 Start
           0
 set_grid_done
 set_clumps_done
 Done
 TIME :    1.48644293146208       sec
          50 %           3   41.4880865383893     
 	 100 %           2   81.5189131740481     
 Time :   81.6882792890538     
 WOCIVL455M0100NH220/N_atom200E+10_Vexp500E+01_Vemit200E+03_tauD000E+00_Vran300E
 +01                  
 Start
           0
 set_grid_done
 set_clumps_done
 Done
 TIME :    1.44606363121420       sec
          50 %           1   41.3003036966547     
 	 100 %           1   77.9001697544008     
 Time :   78.0378203536384     
 WOCIVL455M0100NH220/N_atom200E+10_Vexp100E+02_Vemit200E+03_tauD000E+00_Vran500E
 +01                  
 Start
           0
 set_grid_done
 set_clumps_done
 Done
 TIME :    1.46328203706071       sec
          50 %           1   41.6635019306559     
 	 100 %           1   82.1948036293034     
 Time :   82.3474479785655     
 WOCIVL455M0100NH220/N_atom200E+10_Vexp200E+02_Vemit200E+03_tauD000E+00_Vran500E
 +01                  
 Start
           0
 set_grid_done
 set_clumps_done
 Done
 TIME :    1.43426016322337       sec
          50 %           2   40.6940292352811     
 	 100 %           3   77.4052306858357     
 Time :   77.5474977530539     
 WOCIVL455M0100NH220/N_atom200E+10_Vexp300E+02_Vemit200E+03_tauD000E+00_Vran500E
 +01                  
 Start
           0
 set_grid_done
 set_clumps_done
 Done
 TIME :    1.44010979030281       sec
          50 %           3   39.5884786632378     
 	 100 %           4   78.6682278083172     
 Time :   78.8076006015763     
 WOCIVL455M0100NH220/N_atom200E+10_Vexp400E+02_Vemit200E+03_tauD000E+00_Vran500E
 +01                  
 Start
           0
 set_grid_done
 set_clumps_done
 Done
 TIME :    1.48595023923554       sec
          50 %           3   37.9457283867523     
 	 100 %           2   75.0060531059280     
 Time :   75.1433001267724     
 WOCIVL455M0100NH220/N_atom200E+10_Vexp500E+02_Vemit200E+03_tauD000E+00_Vran500E
 +01                  
 Start
           0
 set_grid_done
 set_clumps_done
 Done
 TIME :    1.42783682513982       sec
          50 %           2   40.4342892856803     
 	 100 %           4   78.6664849636145     
 Time :   78.8067932443228     
 WOCIVL455M0100NH220/N_atom200E+10_Vexp600E+02_Vemit200E+03_tauD000E+00_Vran500E
 +01                  
 Start
           0
 set_grid_done
 set_clumps_done
 Done
 TIME :    1.42668912326917       sec
          50 %           2   38.1746447926853     
 	 100 %           2   74.9028807498980     
 Time :   75.0407338847872     
 WOCIVL455M0100NH220/N_atom200E+10_Vexp700E+02_Vemit200E+03_tauD000E+00_Vran500E
 +01                  
 Start
           0
 set_grid_done
 set_clumps_done
 Done
 TIME :    1.43079254915938       sec
          50 %           3   38.4238988680299     
 	 100 %           2   76.3214591690339     
 Time :   76.4869174901396     
 WOCIVL455M0100NH220/N_atom200E+10_Vexp800E+02_Vemit200E+03_tauD000E+00_Vran500E
 +01                  
 Start
           0
 set_grid_done
 set_clumps_done
 Done
 TIME :    1.42587618506514       sec
          50 %           3   41.1620609206147     
 	 100 %           4   79.3484920978080     
 Time :   79.5175930047408     
 WOCIVL455M0100NH220/N_atom200E+10_Vexp900E+02_Vemit200E+03_tauD000E+00_Vran500E
 +01                  
 Start
           0
 set_grid_done
 set_clumps_done
 Done
 TIME :    1.42608235776424       sec
          50 %           3   38.2973706664052     
 	 100 %           4   77.9637634642422     
 Time :   78.1261146054603     
 WOCIVL455M0100NH220/N_atom200E+10_Vexp100E+03_Vemit200E+03_tauD000E+00_Vran500E
 +01                  
 Start
           0
 set_grid_done
 set_clumps_done
 Done
 TIME :    1.42653928021900       sec
          50 %           1   41.5020887013525     
 	 100 %           2   79.4184202917386     
 Time :   79.5565144873690     
 WOCIVL455M0100NH220/N_atom200E+10_Vexp200E+03_Vemit200E+03_tauD000E+00_Vran500E
 +01                  
 Start
           0
 set_grid_done
 set_clumps_done
 Done
 TIME :    1.43008965603076       sec
          50 %           3   38.4154329900630     
 	 100 %           2   75.6083738135640     
 Time :   75.7498521602247     
 WOCIVL455M0100NH220/N_atom200E+10_Vexp300E+03_Vemit200E+03_tauD000E+00_Vran500E
 +01                  
 Start
           0
 set_grid_done
 set_clumps_done
 Done
 TIME :    1.42529612197541       sec
          50 %           1   38.4607376123313     
 	 100 %           2   75.5008689840324     
 Time :   75.6362561716232     
 WOCIVL455M0100NH220/N_atom200E+10_Vexp500E+01_Vemit200E+03_tauD000E+00_Vran500E
 +01                  
 Start
           0
 set_grid_done
 set_clumps_done
 Done
 TIME :    1.42706404556520       sec
          50 %           4   41.0800036725122     
 	 100 %           2   80.8878605088685     
 Time :   81.0251864036545     
 WOCIVL455M0100NH220/N_atom200E+10_Vexp100E+02_Vemit300E+03_tauD000E+00_Vran118E
 +01                  
 Start
           0
 set_grid_done
 set_clumps_done
 Done
 TIME :    1.42909447196871       sec
          50 %           1   35.1163688306697     
 	 100 %           1   69.4510393815581     
 Time :   69.5860579088330     
 WOCIVL455M0100NH220/N_atom200E+10_Vexp200E+02_Vemit300E+03_tauD000E+00_Vran118E
 +01                  
 Start
           0
 set_grid_done
 set_clumps_done
 Done
 TIME :    1.45573729835451       sec
          50 %           1   36.5414040428586     
 	 100 %           4   71.7125578154810     
 Time :   71.8484461018816     
 WOCIVL455M0100NH220/N_atom200E+10_Vexp300E+02_Vemit300E+03_tauD000E+00_Vran118E
 +01                  
 Start
           0
 set_grid_done
 set_clumps_done
 Done
 TIME :    1.42844322975725       sec
          50 %           1   35.9156762296334     
 	 100 %           4   69.7816391447559     
 Time :   69.9229348346125     
 WOCIVL455M0100NH220/N_atom200E+10_Vexp400E+02_Vemit300E+03_tauD000E+00_Vran118E
 +01                  
 Start
           0
 set_grid_done
 set_clumps_done
 Done
 TIME :    1.43068767432123       sec
          50 %           3   35.7460528120864     
 	 100 %           1   69.9687587411609     
 Time :   70.1114102895372     
 WOCIVL455M0100NH220/N_atom200E+10_Vexp500E+02_Vemit300E+03_tauD000E+00_Vran118E
 +01                  
 Start
           0
 set_grid_done
 set_clumps_done
 Done
 TIME :    1.42750827316195       sec
          50 %           3   37.5258178354707     
 	 100 %           1   73.2437714161351     
 Time :   73.3838270131964     
 WOCIVL455M0100NH220/N_atom200E+10_Vexp600E+02_Vemit300E+03_tauD000E+00_Vran118E
 +01                  
 Start
           0
 set_grid_done
 set_clumps_done
 Done
 TIME :    1.43123803939670       sec
          50 %           4   36.0776966151316     
 	 100 %           4   70.5989540114533     
 Time :   70.7394097603392     
 WOCIVL455M0100NH220/N_atom200E+10_Vexp700E+02_Vemit300E+03_tauD000E+00_Vran118E
 +01                  
 Start
           0
 set_grid_done
 set_clumps_done
 Done
 TIME :    1.43119915341958       sec
          50 %           1   36.1715155895799     
 	 100 %           1   70.8148314759601     
 Time :   70.9530356163159     
 WOCIVL455M0100NH220/N_atom200E+10_Vexp800E+02_Vemit300E+03_tauD000E+00_Vran118E
 +01                  
 Start
           0
 set_grid_done
 set_clumps_done
 Done
 TIME :    1.42973925173283       sec
          50 %           2   38.2301239105873     
 	 100 %           1   74.5450806007721     
 Time :   74.6827299376018     
 WOCIVL455M0100NH220/N_atom200E+10_Vexp900E+02_Vemit300E+03_tauD000E+00_Vran118E
 +01                  
 Start
           0
 set_grid_done
 set_clumps_done
 Done
 TIME :    1.43249598680995       sec
          50 %           1   37.7035885490477     
 	 100 %           1   75.7133641713299     
 Time :   75.8624480150174     
 WOCIVL455M0100NH220/N_atom200E+10_Vexp100E+03_Vemit300E+03_tauD000E+00_Vran118E
 +01                  
 Start
           0
 set_grid_done
 set_clumps_done
 Done
 TIME :    1.42846893984824       sec
          50 %           4   39.5053493708838     
 	 100 %           3   76.0495322120842     
 Time :   76.1894110038411     
 WOCIVL455M0100NH220/N_atom200E+10_Vexp200E+03_Vemit300E+03_tauD000E+00_Vran118E
 +01                  
 Start
           0
 set_grid_done
 set_clumps_done
 Done
 TIME :    1.43547631870024       sec
          50 %           3   37.4046138045378     
 	 100 %           4   73.2572772095446     
 Time :   73.3958818523679     
 WOCIVL455M0100NH220/N_atom200E+10_Vexp300E+03_Vemit300E+03_tauD000E+00_Vran118E
 +01                  
 Start
           0
 set_grid_done
 set_clumps_done
 Done
 TIME :    1.43104818859138       sec
          50 %           4   37.7211883198470     
 	 100 %           1   73.9715974971186     
 Time :   74.1095681616571     
 WOCIVL455M0100NH220/N_atom200E+10_Vexp500E+01_Vemit300E+03_tauD000E+00_Vran118E
 +01                  
 Start
           0
 set_grid_done
 set_clumps_done
 Done
 TIME :    1.43347234418616       sec
          50 %           2   35.2234351637308     
 	 100 %           3   68.9454163617920     
 Time :   69.0823396602646     
 WOCIVL455M0100NH220/N_atom200E+10_Vexp100E+02_Vemit300E+03_tauD000E+00_Vran300E
 +01                  
 Start
           0
 set_grid_done
 set_clumps_done
 Done
 TIME :    1.43070915620774       sec
          50 %           1   36.0610960258637     
 	 100 %           2   71.9568533843849     
 Time :   72.1154822544195     
 WOCIVL455M0100NH220/N_atom200E+10_Vexp200E+02_Vemit300E+03_tauD000E+00_Vran300E
 +01                  
 Start
           0
 set_grid_done
 set_clumps_done
 Done
 TIME :    1.42613162402995       sec
          50 %           3   38.2850130158477     
 	 100 %           3   75.0979944025166     
 Time :   75.2498647996690     
 WOCIVL455M0100NH220/N_atom200E+10_Vexp300E+02_Vemit300E+03_tauD000E+00_Vran300E
 +01                  
 Start
           0
 set_grid_done
 set_clumps_done
 Done
 TIME :    1.42996771796606       sec
          50 %           2   38.0100339669734     
 	 100 %           2   72.7991414559074     
 Time :   72.9361202025320     
 WOCIVL455M0100NH220/N_atom200E+10_Vexp400E+02_Vemit300E+03_tauD000E+00_Vran300E
 +01                  
 Start
           0
 set_grid_done
 set_clumps_done
 Done
 TIME :    1.43813204695471       sec
          50 %           1   36.1273892992176     
 	 100 %           2   70.9598012629431     
 Time :   71.0978117953055     
 WOCIVL455M0100NH220/N_atom200E+10_Vexp500E+02_Vemit300E+03_tauD000E+00_Vran300E
 +01                  
 Start
           0
 set_grid_done
 set_clumps_done
 Done
 TIME :    1.42436853982508       sec
          50 %           1   36.4063100682106     
 	 100 %           4   71.3887126171030     
 Time :   71.5290959044360     
 WOCIVL455M0100NH220/N_atom200E+10_Vexp600E+02_Vemit300E+03_tauD000E+00_Vran300E
 +01                  
 Start
           0
 set_grid_done
 set_clumps_done
 Done
 TIME :    1.42632924020290       sec
          50 %           2   36.5455072184559     
 	 100 %           2   71.6891437361483     
 Time :   71.8288920933846     
 WOCIVL455M0100NH220/N_atom200E+10_Vexp700E+02_Vemit300E+03_tauD000E+00_Vran300E
 +01                  
 Start
           0
 set_grid_done
 set_clumps_done
 Done
 TIME :    1.42615023045801       sec
          50 %           1   36.5846827575006     
 	 100 %           1   71.8021349133924     
 Time :   71.9426626930945     
 WOCIVL455M0100NH220/N_atom200E+10_Vexp800E+02_Vemit300E+03_tauD000E+00_Vran300E
 +01                  
 Start
           0
 set_grid_done
 set_clumps_done
 Done
 TIME :    1.42514146980830       sec
          50 %           2   36.6956292605028     
 	 100 %           1   71.9668794102035     
 Time :   72.1086029256694     
 WOCIVL455M0100NH220/N_atom200E+10_Vexp900E+02_Vemit300E+03_tauD000E+00_Vran300E
 +01                  
 Start
           0
 set_grid_done
 set_clumps_done
 Done
 TIME :    1.42662740265951       sec
          50 %           2   36.8675697243307     
 	 100 %           4   72.2776397173293     
 Time :   72.4217506565619     
 WOCIVL455M0100NH220/N_atom200E+10_Vexp100E+03_Vemit300E+03_tauD000E+00_Vran300E
 +01                  
 Start
           0
 set_grid_done
 set_clumps_done
 Done
 TIME :    1.42813137033954       sec
          50 %           2   36.9413521273527     
 	 100 %           1   72.4859282667749     
 Time :   72.6304285468068     
 WOCIVL455M0100NH220/N_atom200E+10_Vexp200E+03_Vemit300E+03_tauD000E+00_Vran300E
 +01                  
 Start
           0
 set_grid_done
 set_clumps_done
 Done
 TIME :    1.42810999881476       sec
          50 %           1   37.4775099065155     
 	 100 %           2   73.2264876123518     
 Time :   73.3707378436811     
 WOCIVL455M0100NH220/N_atom200E+10_Vexp300E+03_Vemit300E+03_tauD000E+00_Vran300E
 +01                  
 Start
           0
 set_grid_done
 set_clumps_done
 Done
 TIME :    1.43169808806852       sec
          50 %           1   37.2404012070037     
 	 100 %           4   73.1066561627667     
 Time :   73.2495011191349     
 WOCIVL455M0100NH220/N_atom200E+10_Vexp500E+01_Vemit300E+03_tauD000E+00_Vran300E
 +01                  
 Start
           0
 set_grid_done
 set_clumps_done
 Done
 TIME :    1.42254017805681       sec
          50 %           1   36.6559369317256     
 	 100 %           1   71.9042443830986     
 Time :   72.0418569077738     
 WOCIVL455M0100NH220/N_atom200E+10_Vexp100E+02_Vemit300E+03_tauD000E+00_Vran500E
 +01                  
 Start
           0
 set_grid_done
 set_clumps_done
 Done
 TIME :    1.42481135483831       sec
          50 %           1   36.8547185095958     
 	 100 %           4   72.2917622956447     
 Time :   72.4323727868032     
 WOCIVL455M0100NH220/N_atom200E+10_Vexp200E+02_Vemit300E+03_tauD000E+00_Vran500E
 +01                  
 Start
           0
 set_grid_done
 set_clumps_done
 Done
 TIME :    1.42122100130655       sec
          50 %           1   36.3517459577415     
 	 100 %           4   71.2952042093966     
 Time :   71.4377923037391     
 WOCIVL455M0100NH220/N_atom200E+10_Vexp300E+02_Vemit300E+03_tauD000E+00_Vran500E
 +01                  
 Start
           0
 set_grid_done
 set_clumps_done
 Done
 TIME :    1.42377043142915       sec
          50 %           1   36.2526758250315     
 	 100 %           4   71.0580655911472     
 Time :   71.1994043951854     
 WOCIVL455M0100NH220/N_atom200E+10_Vexp400E+02_Vemit300E+03_tauD000E+00_Vran500E
 +01                  
 Start
           0
 set_grid_done
 set_clumps_done
 Done
 TIME :    1.42149162990972       sec
          50 %           1   36.6055386192165     
 	 100 %           3   71.7803849650081     
 Time :   71.9174615729135     
 WOCIVL455M0100NH220/N_atom200E+10_Vexp500E+02_Vemit300E+03_tauD000E+00_Vran500E
 +01                  
 Start
           0
 set_grid_done
 set_clumps_done
 Done
 TIME :    1.42467229324393       sec
          50 %           1   36.5449184381869     
 	 100 %           4   71.6050031383056     
 Time :   71.7450292480644     
 WOCIVL455M0100NH220/N_atom200E+10_Vexp600E+02_Vemit300E+03_tauD000E+00_Vran500E
 +01                  
 Start
           0
 set_grid_done
 set_clumps_done
 Done
 TIME :    1.42425007838756       sec
          50 %           2   36.7001263953280     
 	 100 %           3   71.8569861848373     
 Time :   71.9964743335731     
 WOCIVL455M0100NH220/N_atom200E+10_Vexp700E+02_Vemit300E+03_tauD000E+00_Vran500E
 +01                  
 Start
           0
 set_grid_done
 set_clumps_done
 Done
 TIME :    1.42484936909750       sec
          50 %           2   36.7576067126356     
 	 100 %           2   71.1427628865931     
 Time :   71.2755517885089     
 WOCIVL455M0100NH220/N_atom200E+10_Vexp800E+02_Vemit300E+03_tauD000E+00_Vran500E
 +01                  
 Start
           0
 set_grid_done
 set_clumps_done
 Done
 TIME :    1.39205023646355       sec
          50 %           2   34.9218020462431     
 	 100 %           4   68.3803197010420     
 Time :   68.5133002172224     
 WOCIVL455M0100NH220/N_atom200E+10_Vexp900E+02_Vemit300E+03_tauD000E+00_Vran500E
 +01                  
 Start
           0
 set_grid_done
 set_clumps_done
 Done
 TIME :    1.41061194660142       sec
          50 %           3   34.6877830927260     
 	 100 %           4   67.9820110790897     
 Time :   68.1148528042249     
 WOCIVL455M0100NH220/N_atom200E+10_Vexp100E+03_Vemit300E+03_tauD000E+00_Vran500E
 +01                  
 Start
           0
 set_grid_done
 set_clumps_done
 Done
 TIME :    1.44838244072162       sec
          50 %           2   34.5960902415682     
 	 100 %           4   67.7081802734174     
 Time :   67.8392485338263     
 WOCIVL455M0100NH220/N_atom200E+10_Vexp200E+03_Vemit300E+03_tauD000E+00_Vran500E
 +01                  
 Start
           0
 set_grid_done
 set_clumps_done
 Done
 TIME :    1.41327186278068       sec
          50 %           1   35.1536483459640     
 	 100 %           1   68.8877757014707     
 Time :   69.0195438191295     
 WOCIVL455M0100NH220/N_atom200E+10_Vexp300E+03_Vemit300E+03_tauD000E+00_Vran500E
 +01                  
 Start
           0
 set_grid_done
 set_clumps_done
 Done
 TIME :    1.41154427779838       sec
          50 %           1   35.1220631743781     
 	 100 %           2   69.2812637162860     
 Time :   69.4175952787045     
 WOCIVL455M0100NH220/N_atom200E+10_Vexp500E+01_Vemit300E+03_tauD000E+00_Vran500E
 +01                  
 Start
           0
 set_grid_done
 set_clumps_done
 Done
 TIME :    1.42300015687943       sec
          50 %           2   36.7851795060560     
 	 100 %           1   72.1238918525632     
 Time :   72.2585820786189     
