nohup: ignoring input
 WOCIVL455M0010NH220/N_atom200E+10_Vexp100E+02_Vemit500E+01_tauD000E+00_Vran118E
 +01                  
 Start
           0
 set_grid_done
 set_clumps_done
 Done
 TIME :    1.35344557999633       sec
          50 %           4   49.1272431972902     
 	 100 %           3   97.3079041577876     
 Time :   97.4376582549885     
 WOCIVL455M0010NH220/N_atom200E+10_Vexp200E+02_Vemit500E+01_tauD000E+00_Vran118E
 +01                  
 Start
           0
 set_grid_done
 set_clumps_done
 Done
 TIME :    1.34842404746450       sec
          50 %           1   44.4134192054626     
 	 100 %           2   90.0849711284973     
 Time :   90.2625352621544     
 WOCIVL455M0010NH220/N_atom200E+10_Vexp300E+02_Vemit500E+01_tauD000E+00_Vran118E
 +01                  
 Start
           0
 set_grid_done
 set_clumps_done
 Done
 TIME :    2.37834547203965       sec
          50 %           1   49.8278595989104     
 	 100 %           2   92.7870619641617     
 Time :   92.9202754506841     
 WOCIVL455M0010NH220/N_atom200E+10_Vexp400E+02_Vemit500E+01_tauD000E+00_Vran118E
 +01                  
 Start
           0
 set_grid_done
 set_clumps_done
 Done
 TIME :    1.34884631563909       sec
          50 %           1   44.9575935108587     
 	 100 %           2   88.5358583943453     
 Time :   88.6720342407934     
 WOCIVL455M0010NH220/N_atom200E+10_Vexp500E+02_Vemit500E+01_tauD000E+00_Vran118E
 +01                  
 Start
           0
 set_grid_done
 set_clumps_done
 Done
 TIME :    1.35072574857622       sec
          50 %           2   45.2624442472588     
 	 100 %           2   89.1949539682828     
 Time :   89.3287613375578     
 WOCIVL455M0010NH220/N_atom200E+10_Vexp600E+02_Vemit500E+01_tauD000E+00_Vran118E
 +01                  
 Start
           0
 set_grid_done
 set_clumps_done
 Done
 TIME :    1.34797649132088       sec
          50 %           4   45.2739712570328     
 	 100 %           3   88.7709553937893     
 Time :   88.9023000576999     
 WOCIVL455M0010NH220/N_atom200E+10_Vexp700E+02_Vemit500E+01_tauD000E+00_Vran118E
 +01                  
 Start
           0
 set_grid_done
 set_clumps_done
 Done
 TIME :    1.35377124557272       sec
          50 %           1   44.5760780333076     
 	 100 %           4   88.2551662155893     
 Time :   88.3923099515960     
 WOCIVL455M0010NH220/N_atom200E+10_Vexp800E+02_Vemit500E+01_tauD000E+00_Vran118E
 +01                  
 Start
           0
 set_grid_done
 set_clumps_done
 Done
 TIME :    1.39805956487544       sec
          50 %           2   49.1244023069739     
 	 100 %           1   96.6391875571571     
 Time :   96.7958980607800     
 WOCIVL455M0010NH220/N_atom200E+10_Vexp900E+02_Vemit500E+01_tauD000E+00_Vran118E
 +01                  
 Start
           0
 set_grid_done
 set_clumps_done
 Done
 TIME :    1.39885213272646       sec
          50 %           1   48.1695596354548     
 	 100 %           2   92.7975841844454     
 Time :   92.9445358205121     
 WOCIVL455M0010NH220/N_atom200E+10_Vexp100E+03_Vemit500E+01_tauD000E+00_Vran118E
 +01                  
 Start
           0
 set_grid_done
 set_clumps_done
 Done
 TIME :    1.41533545171842       sec
          50 %           4   50.5597841227427     
 	 100 %           3   103.859066563193     
 Time :   104.042527383659     
 WOCIVL455M0010NH220/N_atom200E+10_Vexp200E+03_Vemit500E+01_tauD000E+00_Vran118E
 +01                  
 Start
           0
 set_grid_done
 set_clumps_done
 Done
 TIME :    2.44309422816150       sec
          50 %           4   58.2196357594803     
 	 100 %           4   114.983089794638     
 Time :   115.166964577511     
 WOCIVL455M0010NH220/N_atom200E+10_Vexp300E+03_Vemit500E+01_tauD000E+00_Vran118E
 +01                  
 Start
           0
 set_grid_done
 set_clumps_done
 Done
 TIME :    2.46573172044009       sec
          50 %           4   53.6480218307115     
 	 100 %           4   103.587949173758     
 Time :   103.776899380842     
 WOCIVL455M0010NH220/N_atom200E+10_Vexp500E+01_Vemit500E+01_tauD000E+00_Vran118E
 +01                  
 Start
           0
 set_grid_done
 set_clumps_done
 Done
 TIME :    2.48624998657033       sec
          50 %           3   90.9943076185882     
 	 100 %           1   181.641626095399     
 Time :   181.828075144440     
 WOCIVL455M0010NH220/N_atom200E+10_Vexp100E+02_Vemit500E+01_tauD000E+00_Vran300E
 +01                  
 Start
           0
 set_grid_done
 set_clumps_done
 Done
 TIME :    2.49306482868269       sec
          50 %           1   87.2370773784351     
 	 100 %           2   172.880575195886     
 Time :   173.061750636203     
 WOCIVL455M0010NH220/N_atom200E+10_Vexp200E+02_Vemit500E+01_tauD000E+00_Vran300E
 +01                  
 Start
           0
 set_grid_done
 set_clumps_done
 Done
 TIME :    2.49699877528474       sec
          50 %           2   71.7217276997399     
 	 100 %           4   141.079737809021     
 Time :   141.266418586019     
 WOCIVL455M0010NH220/N_atom200E+10_Vexp300E+02_Vemit500E+01_tauD000E+00_Vran300E
 +01                  
 Start
           0
 set_grid_done
 set_clumps_done
 Done
 TIME :    2.49846382462420       sec
          50 %           1   67.7967045968398     
 	 100 %           4   134.097085187444     
 Time :   134.271408074070     
 WOCIVL455M0010NH220/N_atom200E+10_Vexp400E+02_Vemit500E+01_tauD000E+00_Vran300E
 +01                  
 Start
           0
 set_grid_done
 set_clumps_done
 Done
 TIME :    2.49205452902243       sec
          50 %           3   68.1214341006707     
 	 100 %           4   130.219266716624     
 Time :   130.405204108218     
 WOCIVL455M0010NH220/N_atom200E+10_Vexp500E+02_Vemit500E+01_tauD000E+00_Vran300E
 +01                  
 Start
           0
 set_grid_done
 set_clumps_done
 Done
 TIME :    2.50270034302957       sec
          50 %           4   67.7903460471425     
 	 100 %           3   133.848986099707     
 Time :   134.035899326205     
 WOCIVL455M0010NH220/N_atom200E+10_Vexp600E+02_Vemit500E+01_tauD000E+00_Vran300E
 +01                  
 Start
           0
 set_grid_done
 set_clumps_done
 Done
 TIME :    2.13008897705004       sec
          50 %           2   67.6769618142862     
 	 100 %           2   130.416447912576     
 Time :   130.595012557693     
 WOCIVL455M0010NH220/N_atom200E+10_Vexp700E+02_Vemit500E+01_tauD000E+00_Vran300E
 +01                  
 Start
           0
 set_grid_done
 set_clumps_done
 Done
 TIME :    2.48730236571282       sec
          50 %           2   66.3590507761110     
 	 100 %           2   130.842181907501     
 Time :   131.034464794444     
 WOCIVL455M0010NH220/N_atom200E+10_Vexp800E+02_Vemit500E+01_tauD000E+00_Vran300E
 +01                  
 Start
           0
 set_grid_done
 set_clumps_done
 Done
 TIME :    2.49187068152241       sec
          50 %           2   63.4110183615703     
 	 100 %           2   123.631346416660     
 Time :   123.822287757648     
 WOCIVL455M0010NH220/N_atom200E+10_Vexp900E+02_Vemit500E+01_tauD000E+00_Vran300E
 +01                  
 Start
           0
 set_grid_done
 set_clumps_done
 Done
 TIME :    2.49552442831919       sec
          50 %           4   61.0625164133962     
 	 100 %           3   122.141120708082     
 Time :   122.325932201464     
 WOCIVL455M0010NH220/N_atom200E+10_Vexp100E+03_Vemit500E+01_tauD000E+00_Vran300E
 +01                  
 Start
           0
 set_grid_done
 set_clumps_done
 Done
 TIME :    2.47521616891026       sec
          50 %           4   64.2462081003468     
 	 100 %           4   124.410872112261     
 Time :   124.600903252605     
 WOCIVL455M0010NH220/N_atom200E+10_Vexp200E+03_Vemit500E+01_tauD000E+00_Vran300E
 +01                  
 Start
           0
 set_grid_done
 set_clumps_done
 Done
 TIME :    2.48552119894885       sec
          50 %           4   58.1130448181648     
 	 100 %           2   110.155105493031     
 Time :   110.342459893320     
 WOCIVL455M0010NH220/N_atom200E+10_Vexp300E+03_Vemit500E+01_tauD000E+00_Vran300E
 +01                  
 Start
           0
 set_grid_done
 set_clumps_done
 Done
 TIME :    2.49030440067872       sec
          50 %           3   55.8686876974534     
 	 100 %           2   109.692541006487     
 Time :   109.882556807948     
 WOCIVL455M0010NH220/N_atom200E+10_Vexp500E+01_Vemit500E+01_tauD000E+00_Vran300E
 +01                  
 Start
           0
 set_grid_done
 set_clumps_done
 Done
 TIME :    2.48954386310652       sec
          50 %           1   119.778753129300     
 	 100 %           1   230.959017344052     
 Time :   231.147326599341     
 WOCIVL455M0010NH220/N_atom200E+10_Vexp100E+02_Vemit500E+01_tauD000E+00_Vran500E
 +01                  
 Start
           0
 set_grid_done
 set_clumps_done
 Done
 TIME :    2.48274097335525       sec
          50 %           4   98.7227486916818     
 	 100 %           3   191.229420497548     
 Time :   191.415419024881     
 WOCIVL455M0010NH220/N_atom200E+10_Vexp200E+02_Vemit500E+01_tauD000E+00_Vran500E
 +01                  
 Start
           0
 set_grid_done
 set_clumps_done
 Done
 TIME :    2.49196393787861       sec
          50 %           2   75.1672354338225     
 	 100 %           1   150.233587024501     
 Time :   150.422395884292     
 WOCIVL455M0010NH220/N_atom200E+10_Vexp300E+02_Vemit500E+01_tauD000E+00_Vran500E
 +01                  
 Start
           0
 set_grid_done
 set_clumps_done
 Done
 TIME :    2.50089132320136       sec
          50 %           3   72.0495533763897     
 	 100 %           4   141.352595077362     
 Time :   141.540780619020     
 WOCIVL455M0010NH220/N_atom200E+10_Vexp400E+02_Vemit500E+01_tauD000E+00_Vran500E
 +01                  
 Start
           0
 set_grid_done
 set_clumps_done
 Done
 TIME :    2.46901307324879       sec
          50 %           4   74.0372390251141     
 	 100 %           2   145.676487993449     
 Time :   145.866744359490     
 WOCIVL455M0010NH220/N_atom200E+10_Vexp500E+02_Vemit500E+01_tauD000E+00_Vran500E
 +01                  
 Start
           0
 set_grid_done
 set_clumps_done
 Done
 TIME :    2.50165668013506       sec
          50 %           2   70.0278300854843     
 	 100 %           1   140.914283086080     
 Time :   141.099908898817     
 WOCIVL455M0010NH220/N_atom200E+10_Vexp600E+02_Vemit500E+01_tauD000E+00_Vran500E
 +01                  
 Start
           0
 set_grid_done
 set_clumps_done
 Done
 TIME :    2.49947320274077       sec
          50 %           1   69.1199296000414     
 	 100 %           3   136.266147607006     
 Time :   136.453213171335     
 WOCIVL455M0010NH220/N_atom200E+10_Vexp700E+02_Vemit500E+01_tauD000E+00_Vran500E
 +01                  
 Start
           0
 set_grid_done
 set_clumps_done
 Done
 TIME :    2.48808233020827       sec
          50 %           1   70.5164702334441     
 	 100 %           4   137.672825252637     
 Time :   137.853041269118     
 WOCIVL455M0010NH220/N_atom200E+10_Vexp800E+02_Vemit500E+01_tauD000E+00_Vran500E
 +01                  
 Start
           0
 set_grid_done
 set_clumps_done
 Done
 TIME :    2.48821698478423       sec
          50 %           4   66.9689890367445     
 	 100 %           1   133.467235016869     
 Time :   133.650404516375     
 WOCIVL455M0010NH220/N_atom200E+10_Vexp900E+02_Vemit500E+01_tauD000E+00_Vran500E
 +01                  
 Start
           0
 set_grid_done
 set_clumps_done
 Done
 TIME :    2.49701895331964       sec
          50 %           2   64.5278508260380     
 	 100 %           1   128.480425544316     
 Time :   128.666346525075     
 WOCIVL455M0010NH220/N_atom200E+10_Vexp100E+03_Vemit500E+01_tauD000E+00_Vran500E
 +01                  
 Start
           0
 set_grid_done
 set_clumps_done
 Done
 TIME :    2.50208199420013       sec
          50 %           4   66.4393207926769     
 	 100 %           3   131.287519950652     
 Time :   131.473544988083     
 WOCIVL455M0010NH220/N_atom200E+10_Vexp200E+03_Vemit500E+01_tauD000E+00_Vran500E
 +01                  
 Start
           0
 set_grid_done
 set_clumps_done
 Done
 TIME :    2.49072945420630       sec
          50 %           2   58.4272253308445     
 	 100 %           3   115.573240811005     
 Time :   115.758790630149     
 WOCIVL455M0010NH220/N_atom200E+10_Vexp300E+03_Vemit500E+01_tauD000E+00_Vran500E
 +01                  
 Start
           0
 set_grid_done
 set_clumps_done
 Done
 TIME :    2.48117092554457       sec
          50 %           1   54.2686694255099     
 	 100 %           1   108.106839327607     
 Time :   108.290482192067     
 WOCIVL455M0010NH220/N_atom200E+10_Vexp500E+01_Vemit500E+01_tauD000E+00_Vran500E
 +01                  
 Start
           0
 set_grid_done
 set_clumps_done
 Done
 TIME :    2.47896826174110       sec
          50 %           1   146.212303407723     
 	 100 %           2   288.678213580977     
 Time :   288.859241001308     
 WOCIVL455M0010NH220/N_atom200E+10_Vexp100E+02_Vemit100E+02_tauD000E+00_Vran118E
 +01                  
 Start
           0
 set_grid_done
 set_clumps_done
 Done
 TIME :    2.51101288641803       sec
          50 %           1   71.9692345077638     
 	 100 %           1   138.647052406799     
 Time :   138.835127008613     
 WOCIVL455M0010NH220/N_atom200E+10_Vexp200E+02_Vemit100E+02_tauD000E+00_Vran118E
 +01                  
 Start
           0
 set_grid_done
 set_clumps_done
 Done
 TIME :    2.45293426886201       sec
          50 %           3   66.7185247081798     
 	 100 %           4   130.138781122630     
 Time :   130.309920972213     
 WOCIVL455M0010NH220/N_atom200E+10_Vexp300E+02_Vemit100E+02_tauD000E+00_Vran118E
 +01                  
 Start
           0
 set_grid_done
 set_clumps_done
 Done
 TIME :    2.43966358317994       sec
          50 %           1   65.4824945013970     
 	 100 %           2   126.963767760666     
 Time :   127.149651010055     
 WOCIVL455M0010NH220/N_atom200E+10_Vexp400E+02_Vemit100E+02_tauD000E+00_Vran118E
 +01                  
 Start
           0
 set_grid_done
 set_clumps_done
 Done
 TIME :    2.45106553658843       sec
          50 %           2   64.4362458230462     
 	 100 %           1   125.032728922786     
 Time :   125.219870871631     
 WOCIVL455M0010NH220/N_atom200E+10_Vexp500E+02_Vemit100E+02_tauD000E+00_Vran118E
 +01                  
 Start
           0
 set_grid_done
 set_clumps_done
 Done
 TIME :    2.43751590326428       sec
          50 %           4   65.9299335156102     
 	 100 %           1   129.033075521467     
 Time :   129.224889882607     
 WOCIVL455M0010NH220/N_atom200E+10_Vexp600E+02_Vemit100E+02_tauD000E+00_Vran118E
 +01                  
 Start
           0
 set_grid_done
 set_clumps_done
 Done
 TIME :    2.49337210971862       sec
          50 %           2   64.8679586299695     
 	 100 %           2   127.645353538217     
 Time :   127.831456432818     
 WOCIVL455M0010NH220/N_atom200E+10_Vexp700E+02_Vemit100E+02_tauD000E+00_Vran118E
 +01                  
 Start
           0
 set_grid_done
 set_clumps_done
 Done
 TIME :    2.49009390291758       sec
          50 %           3   65.5292989669833     
 	 100 %           3   127.291595911840     
 Time :   127.472440717043     
 WOCIVL455M0010NH220/N_atom200E+10_Vexp800E+02_Vemit100E+02_tauD000E+00_Vran118E
 +01                  
 Start
           0
 set_grid_done
 set_clumps_done
 Done
 TIME :    2.50153952860273       sec
          50 %           2   65.2979479585774     
 	 100 %           4   127.879637831124     
 Time :   128.065144729102     
 WOCIVL455M0010NH220/N_atom200E+10_Vexp900E+02_Vemit100E+02_tauD000E+00_Vran118E
 +01                  
 Start
           0
 set_grid_done
 set_clumps_done
 Done
 TIME :    2.48300538305193       sec
          50 %           2   63.3473275653087     
 	 100 %           1   124.761366510065     
 Time :   124.949305565562     
 WOCIVL455M0010NH220/N_atom200E+10_Vexp100E+03_Vemit100E+02_tauD000E+00_Vran118E
 +01                  
 Start
           0
 set_grid_done
 set_clumps_done
 Done
 TIME :    2.50175529671833       sec
          50 %           1   63.4601738112979     
 	 100 %           2   122.639447126305     
 Time :   122.823402491398     
 WOCIVL455M0010NH220/N_atom200E+10_Vexp200E+03_Vemit100E+02_tauD000E+00_Vran118E
 +01                  
 Start
           0
 set_grid_done
 set_clumps_done
 Done
 TIME :    2.49061052943580       sec
          50 %           1   60.3585856365971     
 	 100 %           3   115.710183737567     
 Time :   115.894802186172     
 WOCIVL455M0010NH220/N_atom200E+10_Vexp300E+03_Vemit100E+02_tauD000E+00_Vran118E
 +01                  
 Start
           0
 set_grid_done
 set_clumps_done
 Done
 TIME :    2.48683133558370       sec
          50 %           2   56.6165693858638     
 	 100 %           4   111.389546706341     
 Time :   111.573587793391     
 WOCIVL455M0010NH220/N_atom200E+10_Vexp500E+01_Vemit100E+02_tauD000E+00_Vran118E
 +01                  
 Start
           0
 set_grid_done
 set_clumps_done
 Done
 TIME :    2.49089934537187       sec
          50 %           1   76.3765799358953     
 	 100 %           2   148.658777615288     
 Time :   148.842001107056     
 WOCIVL455M0010NH220/N_atom200E+10_Vexp100E+02_Vemit100E+02_tauD000E+00_Vran300E
 +01                  
 Start
           0
 set_grid_done
 set_clumps_done
 Done
 TIME :    2.50339252152480       sec
          50 %           1   82.9791614403948     
 	 100 %           2   163.608056286583     
 Time :   163.793416537344     
 WOCIVL455M0010NH220/N_atom200E+10_Vexp200E+02_Vemit100E+02_tauD000E+00_Vran300E
 +01                  
 Start
           0
 set_grid_done
 set_clumps_done
 Done
 TIME :    2.50628139241599       sec
          50 %           3   72.2859835759737     
 	 100 %           3   141.466661419952     
 Time :   141.647065221332     
 WOCIVL455M0010NH220/N_atom200E+10_Vexp300E+02_Vemit100E+02_tauD000E+00_Vran300E
 +01                  
 Start
           0
 set_grid_done
 set_clumps_done
 Done
 TIME :    2.50050525367260       sec
          50 %           1   70.8818768502679     
 	 100 %           4   139.788698166609     
 Time :   139.974669242045     
 WOCIVL455M0010NH220/N_atom200E+10_Vexp400E+02_Vemit100E+02_tauD000E+00_Vran300E
 +01                  
 Start
           0
 set_grid_done
 set_clumps_done
 Done
 TIME :    2.50305116618983       sec
          50 %           3   70.2805121163838     
 	 100 %           4   136.667350219563     
 Time :   136.851633284241     
 WOCIVL455M0010NH220/N_atom200E+10_Vexp500E+02_Vemit100E+02_tauD000E+00_Vran300E
 +01                  
 Start
           0
 set_grid_done
 set_clumps_done
 Done
 TIME :    2.50384408514947       sec
          50 %           2   69.8773842742667     
 	 100 %           2   136.945599630941     
 Time :   137.121156460140     
 WOCIVL455M0010NH220/N_atom200E+10_Vexp600E+02_Vemit100E+02_tauD000E+00_Vran300E
 +01                  
 Start
           0
 set_grid_done
 set_clumps_done
 Done
 TIME :    2.50637703319080       sec
          50 %           3   67.7824839150999     
 	 100 %           4   134.144358900143     
 Time :   134.315509149339     
 WOCIVL455M0010NH220/N_atom200E+10_Vexp700E+02_Vemit100E+02_tauD000E+00_Vran300E
 +01                  
 Start
           0
 set_grid_done
 set_clumps_done
 Done
 TIME :    1.63830197043717       sec
          50 %           3   65.7489197112154     
 	 100 %           2   130.837505858392     
 Time :   131.014884791803     
 WOCIVL455M0010NH220/N_atom200E+10_Vexp800E+02_Vemit100E+02_tauD000E+00_Vran300E
 +01                  
 Start
           0
 set_grid_done
 set_clumps_done
 Done
 TIME :    2.50699293729849       sec
          50 %           4   64.7496583440807     
 	 100 %           3   127.786374994321     
 Time :   127.973176940344     
 WOCIVL455M0010NH220/N_atom200E+10_Vexp900E+02_Vemit100E+02_tauD000E+00_Vran300E
 +01                  
 Start
           0
 set_grid_done
 set_clumps_done
 Done
 TIME :    2.50974567094818       sec
          50 %           4   66.2859611629974     
 	 100 %           2   129.868975863326     
 Time :   130.040735644987     
 WOCIVL455M0010NH220/N_atom200E+10_Vexp100E+03_Vemit100E+02_tauD000E+00_Vran300E
 +01                  
 Start
           0
 set_grid_done
 set_clumps_done
 Done
 TIME :    1.49939514161088       sec
          50 %           4   63.8576769807842     
 	 100 %           4   125.838177691214     
 Time :   126.020026995335     
 WOCIVL455M0010NH220/N_atom200E+10_Vexp200E+03_Vemit100E+02_tauD000E+00_Vran300E
 +01                  
 Start
           0
 set_grid_done
 set_clumps_done
 Done
 TIME :    2.49819832271896       sec
          50 %           2   60.2463845801540     
 	 100 %           1   117.382209386677     
 Time :   117.553581365151     
 WOCIVL455M0010NH220/N_atom200E+10_Vexp300E+03_Vemit100E+02_tauD000E+00_Vran300E
 +01                  
 Start
           0
 set_grid_done
 set_clumps_done
 Done
 TIME :    1.51889868965372       sec
          50 %           2   56.7975723196287     
 	 100 %           1   109.335573712830     
 Time :   109.526016511256     
 WOCIVL455M0010NH220/N_atom200E+10_Vexp500E+01_Vemit100E+02_tauD000E+00_Vran300E
 +01                  
 Start
           0
 set_grid_done
 set_clumps_done
 Done
 TIME :    2.51231689145789       sec
          50 %           4   101.687769660261     
 	 100 %           4   198.993442459963     
 Time :   199.178021724569     
 WOCIVL455M0010NH220/N_atom200E+10_Vexp100E+02_Vemit100E+02_tauD000E+00_Vran500E
 +01                  
 Start
           0
 set_grid_done
 set_clumps_done
 Done
 TIME :    2.50469248881564       sec
          50 %           3   95.8104154097382     
 	 100 %           4   188.421764990548     
 Time :   188.608557699248     
 WOCIVL455M0010NH220/N_atom200E+10_Vexp200E+02_Vemit100E+02_tauD000E+00_Vran500E
 +01                  
 Start
           0
 set_grid_done
 set_clumps_done
 Done
 TIME :    2.50284997583367       sec
          50 %           4   78.2141115849372     
 	 100 %           4   152.035039482173     
 Time :   152.216508286772     
 WOCIVL455M0010NH220/N_atom200E+10_Vexp300E+02_Vemit100E+02_tauD000E+00_Vran500E
 +01                  
 Start
           0
 set_grid_done
 set_clumps_done
 Done
 TIME :    2.50575853418559       sec
          50 %           4   75.5220651968848     
 	 100 %           1   146.762753156014     
 Time :   146.944072898943     
 WOCIVL455M0010NH220/N_atom200E+10_Vexp400E+02_Vemit100E+02_tauD000E+00_Vran500E
 +01                  
 Start
           0
 set_grid_done
 set_clumps_done
 Done
 TIME :    2.50323380134068       sec
          50 %           3   73.5980026563630     
 	 100 %           1   146.226158688776     
 Time :   146.412934685824     
 WOCIVL455M0010NH220/N_atom200E+10_Vexp500E+02_Vemit100E+02_tauD000E+00_Vran500E
 +01                  
 Start
           0
 set_grid_done
 set_clumps_done
 Done
 TIME :    2.50991954957135       sec
          50 %           4   71.4875744343735     
 	 100 %           1   137.689616453368     
 Time :   137.880002384307     
 WOCIVL455M0010NH220/N_atom200E+10_Vexp600E+02_Vemit100E+02_tauD000E+00_Vran500E
 +01                  
 Start
           0
 set_grid_done
 set_clumps_done
 Done
 TIME :    2.45424393471330       sec
          50 %           3   68.4738092937041     
 	 100 %           3   135.965049413964     
 Time :   136.149746731622     
 WOCIVL455M0010NH220/N_atom200E+10_Vexp700E+02_Vemit100E+02_tauD000E+00_Vran500E
 +01                  
 Start
           0
 set_grid_done
 set_clumps_done
 Done
 TIME :    2.48698723013513       sec
          50 %           3   68.9692941803951     
 	 100 %           2   137.193692897446     
 Time :   137.382802115055     
 WOCIVL455M0010NH220/N_atom200E+10_Vexp800E+02_Vemit100E+02_tauD000E+00_Vran500E
 +01                  
 Start
           0
 set_grid_done
 set_clumps_done
 Done
 TIME :    2.49292870145291       sec
          50 %           4   68.8071397962049     
 	 100 %           3   133.809042453533     
 Time :   133.993109840434     
 WOCIVL455M0010NH220/N_atom200E+10_Vexp900E+02_Vemit100E+02_tauD000E+00_Vran500E
 +01                  
 Start
           0
 set_grid_done
 set_clumps_done
 Done
 TIME :    2.50809981976636       sec
          50 %           1   65.4650211711414     
 	 100 %           1   129.460916479351     
 Time :   129.652772098547     
 WOCIVL455M0010NH220/N_atom200E+10_Vexp100E+03_Vemit100E+02_tauD000E+00_Vran500E
 +01                  
 Start
           0
 set_grid_done
 set_clumps_done
 Done
 TIME :    2.51701381010935       sec
          50 %           3   63.1809289981611     
 	 100 %           3   126.860041915206     
 Time :   127.042637970764     
 WOCIVL455M0010NH220/N_atom200E+10_Vexp200E+03_Vemit100E+02_tauD000E+00_Vran500E
 +01                  
 Start
           0
 set_grid_done
 set_clumps_done
 Done
 TIME :    2.20853935368359       sec
          50 %           3   59.7041418561712     
 	 100 %           2   114.745004266035     
 Time :   114.936325835763     
 WOCIVL455M0010NH220/N_atom200E+10_Vexp300E+03_Vemit100E+02_tauD000E+00_Vran500E
 +01                  
 Start
           0
 set_grid_done
 set_clumps_done
 Done
 TIME :    2.50777121842839       sec
          50 %           1   55.2147921633441     
 	 100 %           2   109.245558845578     
 Time :   109.434468285646     
 WOCIVL455M0010NH220/N_atom200E+10_Vexp500E+01_Vemit100E+02_tauD000E+00_Vran500E
 +01                  
 Start
           0
 set_grid_done
 set_clumps_done
 Done
 TIME :    2.50754781626165       sec
          50 %           1   120.515835212776     
 	 100 %           1   242.888665817445     
 Time :   243.076295818901     
 WOCIVL455M0010NH220/N_atom200E+10_Vexp100E+02_Vemit200E+02_tauD000E+00_Vran118E
 +01                  
 Start
           0
 set_grid_done
 set_clumps_done
 Done
 TIME :    2.50203758035786       sec
          50 %           4   62.7092179819010     
 	 100 %           1   123.424633302027     
 Time :   123.616185056744     
 WOCIVL455M0010NH220/N_atom200E+10_Vexp200E+02_Vemit200E+02_tauD000E+00_Vran118E
 +01                  
 Start
           0
 set_grid_done
 set_clumps_done
 Done
 TIME :    2.49807923776098       sec
          50 %           3   63.2743458964396     
 	 100 %           3   123.636930061504     
 Time :   123.821927907178     
 WOCIVL455M0010NH220/N_atom200E+10_Vexp300E+02_Vemit200E+02_tauD000E+00_Vran118E
 +01                  
 Start
           0
 set_grid_done
 set_clumps_done
 Done
 TIME :    2.50348471570760       sec
          50 %           1   64.1549862616230     
 	 100 %           2   124.995838057017     
 Time :   125.188923661364     
 WOCIVL455M0010NH220/N_atom200E+10_Vexp400E+02_Vemit200E+02_tauD000E+00_Vran118E
 +01                  
 Start
           0
 set_grid_done
 set_clumps_done
 Done
 TIME :    2.50489039276727       sec
          50 %           3   67.4553296677768     
 	 100 %           3   131.365676371381     
 Time :   131.548752734903     
 WOCIVL455M0010NH220/N_atom200E+10_Vexp500E+02_Vemit200E+02_tauD000E+00_Vran118E
 +01                  
 Start
           0
 set_grid_done
 set_clumps_done
 Done
 TIME :    2.50030835135840       sec
          50 %           1   68.5390038925689     
 	 100 %           3   132.577895918395     
 Time :   132.769302668981     
 WOCIVL455M0010NH220/N_atom200E+10_Vexp600E+02_Vemit200E+02_tauD000E+00_Vran118E
 +01                  
 Start
           0
 set_grid_done
 set_clumps_done
 Done
 TIME :    2.50385676906444       sec
          50 %           3   68.5347641981207     
 	 100 %           1   135.359230049420     
 Time :   135.551304732682     
 WOCIVL455M0010NH220/N_atom200E+10_Vexp700E+02_Vemit200E+02_tauD000E+00_Vran118E
 +01                  
 Start
           0
 set_grid_done
 set_clumps_done
 Done
 TIME :    2.50482965796255       sec
          50 %           3   67.2958782529458     
 	 100 %           1   129.123615000164     
 Time :   129.311934164492     
 WOCIVL455M0010NH220/N_atom200E+10_Vexp800E+02_Vemit200E+02_tauD000E+00_Vran118E
 +01                  
 Start
           0
 set_grid_done
 set_clumps_done
 Done
 TIME :    2.49505782616325       sec
          50 %           4   64.7099226508290     
 	 100 %           4   127.067982269684     
 Time :   127.242860866943     
 WOCIVL455M0010NH220/N_atom200E+10_Vexp900E+02_Vemit200E+02_tauD000E+00_Vran118E
 +01                  
 Start
           0
 set_grid_done
 set_clumps_done
 Done
 TIME :    1.64314492535777       sec
          50 %           2   62.0313787765335     
 	 100 %           3   124.009316973155     
 Time :   124.197032516124     
 WOCIVL455M0010NH220/N_atom200E+10_Vexp100E+03_Vemit200E+02_tauD000E+00_Vran118E
 +01                  
 Start
           0
 set_grid_done
 set_clumps_done
 Done
 TIME :    2.50739502743818       sec
          50 %           3   63.1761656240560     
 	 100 %           2   121.640934233787     
 Time :   121.821531581227     
 WOCIVL455M0010NH220/N_atom200E+10_Vexp200E+03_Vemit200E+02_tauD000E+00_Vran118E
 +01                  
 Start
           0
 set_grid_done
 set_clumps_done
 Done
 TIME :    2.51141163031571       sec
          50 %           1   60.6477837346029     
 	 100 %           3   119.288540418958     
 Time :   119.479045815766     
 WOCIVL455M0010NH220/N_atom200E+10_Vexp300E+03_Vemit200E+02_tauD000E+00_Vran118E
 +01                  
 Start
           0
 set_grid_done
 set_clumps_done
 Done
 TIME :    2.50282086082734       sec
          50 %           1   58.5795462867245     
 	 100 %           1   115.010116073070     
 Time :   115.198338333983     
 WOCIVL455M0010NH220/N_atom200E+10_Vexp500E+01_Vemit200E+02_tauD000E+00_Vran118E
 +01                  
 Start
           0
 set_grid_done
 set_clumps_done
 Done
 TIME :    2.49541440024041       sec
          50 %           3   64.7524365456775     
 	 100 %           3   128.495661515277     
 Time :   128.684185396181     
 WOCIVL455M0010NH220/N_atom200E+10_Vexp100E+02_Vemit200E+02_tauD000E+00_Vran300E
 +01                  
 Start
           0
 set_grid_done
 set_clumps_done
 Done
 TIME :    2.46536294324324       sec
          50 %           2   73.3098929557018     
 	 100 %           4   143.146554490784     
 Time :   143.329269531416     
 WOCIVL455M0010NH220/N_atom200E+10_Vexp200E+02_Vemit200E+02_tauD000E+00_Vran300E
 +01                  
 Start
           0
 set_grid_done
 set_clumps_done
 Done
 TIME :    2.47473301575519       sec
          50 %           1   68.0701735415496     
 	 100 %           2   133.330016970402     
 Time :   133.501662065042     
 WOCIVL455M0010NH220/N_atom200E+10_Vexp300E+02_Vemit200E+02_tauD000E+00_Vran300E
 +01                  
 Start
           0
 set_grid_done
 set_clumps_done
 Done
 TIME :    2.38835677667521       sec
          50 %           2   65.9651466500945     
 	 100 %           1   127.766409843694     
 Time :   127.957077407045     
 WOCIVL455M0010NH220/N_atom200E+10_Vexp400E+02_Vemit200E+02_tauD000E+00_Vran300E
 +01                  
 Start
           0
 set_grid_done
 set_clumps_done
 Done
 TIME :    2.49056992260739       sec
          50 %           2   63.0621334060561     
 	 100 %           4   126.592733445577     
 Time :   126.780946639366     
 WOCIVL455M0010NH220/N_atom200E+10_Vexp500E+02_Vemit200E+02_tauD000E+00_Vran300E
 +01                  
 Start
           0
 set_grid_done
 set_clumps_done
 Done
 TIME :    2.47486105770804       sec
          50 %           4   66.6681865728460     
 	 100 %           2   132.764577737311     
 Time :   132.957615030231     
 WOCIVL455M0010NH220/N_atom200E+10_Vexp600E+02_Vemit200E+02_tauD000E+00_Vran300E
 +01                  
 Start
           0
 set_grid_done
 set_clumps_done
 Done
 TIME :    2.49024754320271       sec
          50 %           4   64.5754397846758     
 	 100 %           2   122.188181327889     
 Time :   122.371676272713     
 WOCIVL455M0010NH220/N_atom200E+10_Vexp700E+02_Vemit200E+02_tauD000E+00_Vran300E
 +01                  
 Start
           0
 set_grid_done
 set_clumps_done
 Done
 TIME :    2.43099351390265       sec
          50 %           4   66.7357328170910     
 	 100 %           3   131.015248719836     
 Time :   131.195140373195     
 WOCIVL455M0010NH220/N_atom200E+10_Vexp800E+02_Vemit200E+02_tauD000E+00_Vran300E
 +01                  
 Start
           0
 set_grid_done
 set_clumps_done
 Done
 TIME :    2.47649005707353       sec
          50 %           1   64.3097672276199     
 	 100 %           2   127.948891072301     
 Time :   128.128192980774     
 WOCIVL455M0010NH220/N_atom200E+10_Vexp900E+02_Vemit200E+02_tauD000E+00_Vran300E
 +01                  
 Start
           0
 set_grid_done
 set_clumps_done
 Done
 TIME :    2.50206735660322       sec
          50 %           4   64.1497644807678     
 	 100 %           3   126.921830726089     
 Time :   127.102824202273     
 WOCIVL455M0010NH220/N_atom200E+10_Vexp100E+03_Vemit200E+02_tauD000E+00_Vran300E
 +01                  
 Start
           0
 set_grid_done
 set_clumps_done
 Done
 TIME :    2.45959171373397       sec
          50 %           1   62.7700367090292     
 	 100 %           1   125.571794060292     
 Time :   125.763584906934     
 WOCIVL455M0010NH220/N_atom200E+10_Vexp200E+03_Vemit200E+02_tauD000E+00_Vran300E
 +01                  
 Start
           0
 set_grid_done
 set_clumps_done
 Done
 TIME :    2.46228270069696       sec
          50 %           4   57.1486988223623     
 	 100 %           2   111.058533083415     
 Time :   111.247449205955     
 WOCIVL455M0010NH220/N_atom200E+10_Vexp300E+03_Vemit200E+02_tauD000E+00_Vran300E
 +01                  
 Start
           0
 set_grid_done
 set_clumps_done
 Done
 TIME :    2.48607227066532       sec
          50 %           3   53.3653365641367     
 	 100 %           3   107.540670715738     
 Time :   107.722788938088     
 WOCIVL455M0010NH220/N_atom200E+10_Vexp500E+01_Vemit200E+02_tauD000E+00_Vran300E
 +01                  
 Start
           0
 set_grid_done
 set_clumps_done
 Done
 TIME :    2.46431712643243       sec
          50 %           1   78.4532845392823     
 	 100 %           2   152.804285125108     
 Time :   152.982154635945     
 WOCIVL455M0010NH220/N_atom200E+10_Vexp100E+02_Vemit200E+02_tauD000E+00_Vran500E
 +01                  
 Start
           0
 set_grid_done
 set_clumps_done
 Done
 TIME :    2.38972956174985       sec
          50 %           3   72.9831913940143     
 	 100 %           1   140.926729974570     
 Time :   141.097733606817     
 WOCIVL455M0010NH220/N_atom200E+10_Vexp200E+02_Vemit200E+02_tauD000E+00_Vran500E
 +01                  
 Start
           0
 set_grid_done
 set_clumps_done
 Done
 TIME :    2.22090019960888       sec
          50 %           3   67.8722851485945     
 	 100 %           2   129.777372974437     
 Time :   129.949972433271     
 WOCIVL455M0010NH220/N_atom200E+10_Vexp300E+02_Vemit200E+02_tauD000E+00_Vran500E
 +01                  
 Start
           0
 set_grid_done
 set_clumps_done
 Done
 TIME :    2.23338109254837       sec
          50 %           2   69.8809345054906     
 	 100 %           1   134.157053717412     
 Time :   134.334638800705     
 WOCIVL455M0010NH220/N_atom200E+10_Vexp400E+02_Vemit200E+02_tauD000E+00_Vran500E
 +01                  
 Start
           0
 set_grid_done
 set_clumps_done
 Done
 TIME :    2.34217826439999       sec
          50 %           4   62.8497317382134     
 	 100 %           1   121.739038111875     
 Time :   121.917041936656     
 WOCIVL455M0010NH220/N_atom200E+10_Vexp500E+02_Vemit200E+02_tauD000E+00_Vran500E
 +01                  
 Start
           0
 set_grid_done
 set_clumps_done
 Done
 TIME :    2.29298738786019       sec
          50 %           2   64.2381699054968     
 	 100 %           4   124.513277631951     
 Time :   124.698203341337     
 WOCIVL455M0010NH220/N_atom200E+10_Vexp600E+02_Vemit200E+02_tauD000E+00_Vran500E
 +01                  
 Start
           0
 set_grid_done
 set_clumps_done
 Done
 TIME :    2.45455096522346       sec
          50 %           1   57.7062541423365     
 	 100 %           2   117.553582938155     
 Time :   117.741971042473     
 WOCIVL455M0010NH220/N_atom200E+10_Vexp700E+02_Vemit200E+02_tauD000E+00_Vran500E
 +01                  
 Start
           0
 set_grid_done
 set_clumps_done
 Done
 TIME :    2.47548130014911       sec
          50 %           2   61.9042265375610     
 	 100 %           1   117.926159197697     
 Time :   118.107846785802     
 WOCIVL455M0010NH220/N_atom200E+10_Vexp800E+02_Vemit200E+02_tauD000E+00_Vran500E
 +01                  
 Start
           0
 set_grid_done
 set_clumps_done
 Done
 TIME :    2.47729819477536       sec
          50 %           4   56.7306140870787     
 	 100 %           4   116.127392166294     
 Time :   116.311059246538     
 WOCIVL455M0010NH220/N_atom200E+10_Vexp900E+02_Vemit200E+02_tauD000E+00_Vran500E
 +01                  
 Start
           0
 set_grid_done
 set_clumps_done
 Done
 TIME :    2.46206178306602       sec
          50 %           2   63.8075906916056     
 	 100 %           4   122.780983856414     
 Time :   122.970068116672     
 WOCIVL455M0010NH220/N_atom200E+10_Vexp100E+03_Vemit200E+02_tauD000E+00_Vran500E
 +01                  
 Start
           0
 set_grid_done
 set_clumps_done
 Done
 TIME :    2.05990374437533       sec
          50 %           3   58.1124322903343     
 	 100 %           4   110.245882511139     
 Time :   110.431868995540     
 WOCIVL455M0010NH220/N_atom200E+10_Vexp200E+03_Vemit200E+02_tauD000E+00_Vran500E
 +01                  
 Start
           0
 set_grid_done
 set_clumps_done
 Done
 TIME :    2.35672555351630       sec
          50 %           3   52.4642209243029     
 	 100 %           4   101.554908649763     
 Time :   101.741565010743     
 WOCIVL455M0010NH220/N_atom200E+10_Vexp300E+03_Vemit200E+02_tauD000E+00_Vran500E
 +01                  
 Start
           0
 set_grid_done
 set_clumps_done
 Done
 TIME :    2.07598390080966       sec
          50 %           1   53.2063090808224     
 	 100 %           1   102.593900119653     
 Time :   102.768249967135     
 WOCIVL455M0010NH220/N_atom200E+10_Vexp500E+01_Vemit200E+02_tauD000E+00_Vran500E
 +01                  
 Start
           0
 set_grid_done
 set_clumps_done
 Done
 TIME :    2.29128311621025       sec
          50 %           2   87.1346258218400     
 	 100 %           2   177.529916685075     
 Time :   177.700130804675     
 WOCIVL455M0010NH220/N_atom200E+10_Vexp100E+02_Vemit300E+02_tauD000E+00_Vran118E
 +01                  
 Start
           0
 set_grid_done
 set_clumps_done
 Done
 TIME :    2.28619236289524       sec
          50 %           4   52.6183520618360     
 	 100 %           1   99.9106976492330     
 Time :   100.093160483055     
 WOCIVL455M0010NH220/N_atom200E+10_Vexp200E+02_Vemit300E+02_tauD000E+00_Vran118E
 +01                  
 Start
           0
 set_grid_done
 set_clumps_done
 Done
 TIME :    2.23202895652503       sec
          50 %           4   49.2598209520802     
 	 100 %           1   92.9890635123011     
 Time :   93.1420545047149     
 WOCIVL455M0010NH220/N_atom200E+10_Vexp300E+02_Vemit300E+02_tauD000E+00_Vran118E
 +01                  
 Start
           0
 set_grid_done
 set_clumps_done
 Done
 TIME :    2.42651843465865       sec
          50 %           4   55.1695117189083     
 	 100 %           2   109.741862419993     
 Time :   109.920281479834     
 WOCIVL455M0010NH220/N_atom200E+10_Vexp400E+02_Vemit300E+02_tauD000E+00_Vran118E
 +01                  
 Start
           0
 set_grid_done
 set_clumps_done
 Done
 TIME :    1.78615510067903       sec
          50 %           4   59.0891721043736     
 	 100 %           2   119.533300173935     
 Time :   119.714657577919     
 WOCIVL455M0010NH220/N_atom200E+10_Vexp500E+02_Vemit300E+02_tauD000E+00_Vran118E
 +01                  
 Start
           0
 set_grid_done
 set_clumps_done
 Done
 TIME :    2.42179011646658       sec
          50 %           1   59.3076590755954     
 	 100 %           2   114.257661671145     
 Time :   114.432973186485     
 WOCIVL455M0010NH220/N_atom200E+10_Vexp600E+02_Vemit300E+02_tauD000E+00_Vran118E
 +01                  
 Start
           0
 set_grid_done
 set_clumps_done
 Done
 TIME :    2.22771703568287       sec
          50 %           3   52.5951395025477     
 	 100 %           2   103.514811570058     
 Time :   103.685847262852     
 WOCIVL455M0010NH220/N_atom200E+10_Vexp700E+02_Vemit300E+02_tauD000E+00_Vran118E
 +01                  
 Start
           0
 set_grid_done
 set_clumps_done
 Done
 TIME :    1.75568307889625       sec
          50 %           3   54.4406410674565     
 	 100 %           4   106.709566720529     
 Time :   106.891065361677     
 WOCIVL455M0010NH220/N_atom200E+10_Vexp800E+02_Vemit300E+02_tauD000E+00_Vran118E
 +01                  
 Start
           0
 set_grid_done
 set_clumps_done
 Done
 TIME :    2.15009403298609       sec
          50 %           4   55.1807657224126     
 	 100 %           2   104.621652076486     
 Time :   104.806417703396     
 WOCIVL455M0010NH220/N_atom200E+10_Vexp900E+02_Vemit300E+02_tauD000E+00_Vran118E
 +01                  
 Start
           0
 set_grid_done
 set_clumps_done
 Done
 TIME :    2.43446549703367       sec
          50 %           2   51.6486836550757     
 	 100 %           3   99.8059514551423     
 Time :   99.9839446097612     
 WOCIVL455M0010NH220/N_atom200E+10_Vexp100E+03_Vemit300E+02_tauD000E+00_Vran118E
 +01                  
 Start
           0
 set_grid_done
 set_clumps_done
 Done
 TIME :    2.38093102956191       sec
          50 %           3   50.3141439633910     
 	 100 %           4   99.6829210377764     
 Time :   99.8684611886274     
 WOCIVL455M0010NH220/N_atom200E+10_Vexp200E+03_Vemit300E+02_tauD000E+00_Vran118E
 +01                  
 Start
           0
 set_grid_done
 set_clumps_done
 Done
 TIME :    2.43390801339410       sec
          50 %           3   47.5898100014310     
 	 100 %           3   93.2772234077565     
 Time :   93.4555726354010     
 WOCIVL455M0010NH220/N_atom200E+10_Vexp300E+03_Vemit300E+02_tauD000E+00_Vran118E
 +01                  
 Start
           0
 set_grid_done
 set_clumps_done
 Done
 TIME :    2.16171969939023       sec
          50 %           1   48.1848540869541     
 	 100 %           2   96.1364631555043     
 Time :   96.3159246256109     
 WOCIVL455M0010NH220/N_atom200E+10_Vexp500E+01_Vemit300E+02_tauD000E+00_Vran118E
 +01                  
 Start
           0
 set_grid_done
 set_clumps_done
 Done
 TIME :    2.36021059122868       sec
          50 %           2   52.9331598503049     
 	 100 %           2   103.773887747666     
 Time :   103.939390751999     
 WOCIVL455M0010NH220/N_atom200E+10_Vexp100E+02_Vemit300E+02_tauD000E+00_Vran300E
 +01                  
 Start
           0
 set_grid_done
 set_clumps_done
 Done
 TIME :    2.01425955211744       sec
          50 %           1   61.2593852391001     
 	 100 %           2   122.308940231334     
 Time :   122.479791475460     
 WOCIVL455M0010NH220/N_atom200E+10_Vexp200E+02_Vemit300E+02_tauD000E+00_Vran300E
 +01                  
 Start
           0
 set_grid_done
 set_clumps_done
 Done
 TIME :    2.43112058425322       sec
          50 %           4   60.2585058435798     
 	 100 %           2   114.574531557737     
 Time :   114.738669892075     
 WOCIVL455M0010NH220/N_atom200E+10_Vexp300E+02_Vemit300E+02_tauD000E+00_Vran300E
 +01                  
 Start
           0
 set_grid_done
 set_clumps_done
 Done
 TIME :    1.42606214853004       sec
          50 %           3   51.9010457810946     
 	 100 %           3   103.456014043652     
 Time :   103.607075348496     
 WOCIVL455M0010NH220/N_atom200E+10_Vexp400E+02_Vemit300E+02_tauD000E+00_Vran300E
 +01                  
 Start
           0
 set_grid_done
 set_clumps_done
 Done
 TIME :    2.09217353467830       sec
          50 %           3   54.6083353438880     
 	 100 %           1   110.718998222612     
 Time :   110.901384511730     
 WOCIVL455M0010NH220/N_atom200E+10_Vexp500E+02_Vemit300E+02_tauD000E+00_Vran300E
 +01                  
 Start
           0
 set_grid_done
 set_clumps_done
 Done
 TIME :    2.43620229000226       sec
          50 %           3   54.6870589568280     
 	 100 %           2   109.159242509864     
 Time :   109.301140212454     
 WOCIVL455M0010NH220/N_atom200E+10_Vexp600E+02_Vemit300E+02_tauD000E+00_Vran300E
 +01                  
 Start
           0
 set_grid_done
 set_clumps_done
 Done
 TIME :    1.99813784682192       sec
          50 %           3   56.5490331002511     
 	 100 %           2   109.089483062038     
 Time :   109.251619752962     
 WOCIVL455M0010NH220/N_atom200E+10_Vexp700E+02_Vemit300E+02_tauD000E+00_Vran300E
 +01                  
 Start
           0
 set_grid_done
 set_clumps_done
 Done
 TIME :    2.43955879495479       sec
          50 %           4   54.2519088324625     
 	 100 %           4   105.264714883175     
 Time :   105.445709080901     
 WOCIVL455M0010NH220/N_atom200E+10_Vexp800E+02_Vemit300E+02_tauD000E+00_Vran300E
 +01                  
 Start
           0
 set_grid_done
 set_clumps_done
 Done
 TIME :    2.20905038970523       sec
          50 %           4   53.3363138318527     
 	 100 %           3   112.360481486889     
 Time :   112.546248536790     
 WOCIVL455M0010NH220/N_atom200E+10_Vexp900E+02_Vemit300E+02_tauD000E+00_Vran300E
 +01                  
 Start
           0
 set_grid_done
 set_clumps_done
 Done
 TIME :    2.34347431431524       sec
          50 %           3   55.9062552824616     
 	 100 %           1   109.715916303452     
 Time :   109.901966177858     
 WOCIVL455M0010NH220/N_atom200E+10_Vexp100E+03_Vemit300E+02_tauD000E+00_Vran300E
 +01                  
 Start
           0
 set_grid_done
 set_clumps_done
 Done
 TIME :    2.43457159772515       sec
          50 %           2   58.3602165828925     
 	 100 %           3   112.696916638175     
 Time :   112.863205698319     
 WOCIVL455M0010NH220/N_atom200E+10_Vexp200E+03_Vemit300E+02_tauD000E+00_Vran300E
 +01                  
 Start
           0
 set_grid_done
 set_clumps_done
 Done
 TIME :    2.42010689456947       sec
          50 %           1   51.0070002158172     
 	 100 %           3   99.2005693570245     
 Time :   99.3720726838801     
 WOCIVL455M0010NH220/N_atom200E+10_Vexp300E+03_Vemit300E+02_tauD000E+00_Vran300E
 +01                  
 Start
           0
 set_grid_done
 set_clumps_done
 Done
 TIME :    2.17165918811224       sec
          50 %           2   52.9151761354879     
 	 100 %           4   99.3313704235479     
 Time :   99.5026530730538     
 WOCIVL455M0010NH220/N_atom200E+10_Vexp500E+01_Vemit300E+02_tauD000E+00_Vran300E
 +01                  
 Start
           0
 set_grid_done
 set_clumps_done
 Done
 TIME :    1.41879835771397       sec
          50 %           3   67.0902488268912     
 	 100 %           1   130.137142104330     
 Time :   130.313564339420     
 WOCIVL455M0010NH220/N_atom200E+10_Vexp100E+02_Vemit300E+02_tauD000E+00_Vran500E
 +01                  
 Start
           0
 set_grid_done
 set_clumps_done
 Done
 TIME :    2.00249685673043       sec
          50 %           4   67.4147992823273     
 	 100 %           4   133.325638714246     
 Time :   133.507395302877     
 WOCIVL455M0010NH220/N_atom200E+10_Vexp200E+02_Vemit300E+02_tauD000E+00_Vran500E
 +01                  
 Start
           0
 set_grid_done
 set_clumps_done
 Done
 TIME :    2.42908796179108       sec
          50 %           3   63.2687060951721     
 	 100 %           4   126.439764925744     
 Time :   126.616674622288     
 WOCIVL455M0010NH220/N_atom200E+10_Vexp300E+02_Vemit300E+02_tauD000E+00_Vran500E
 +01                  
 Start
           0
 set_grid_done
 set_clumps_done
 Done
 TIME :    1.41958372225054       sec
          50 %           3   57.2615780907217     
 	 100 %           3   109.914595812093     
 Time :   110.084305828903     
 WOCIVL455M0010NH220/N_atom200E+10_Vexp400E+02_Vemit300E+02_tauD000E+00_Vran500E
 +01                  
 Start
           0
 set_grid_done
 set_clumps_done
 Done
 TIME :    1.97426356654614       sec
          50 %           2   53.5687653704081     
 	 100 %           1   106.782292235177     
 Time :   106.947798736161     
 WOCIVL455M0010NH220/N_atom200E+10_Vexp500E+02_Vemit300E+02_tauD000E+00_Vran500E
 +01                  
 Start
           0
 set_grid_done
 set_clumps_done
 Done
 TIME :    1.41959060519002       sec
          50 %           3   52.8653939908836     
 	 100 %           4   109.313451043796     
 Time :   109.494988247985     
 WOCIVL455M0010NH220/N_atom200E+10_Vexp600E+02_Vemit300E+02_tauD000E+00_Vran500E
 +01                  
 Start
           0
 set_grid_done
 set_clumps_done
 Done
 TIME :    1.64871850120835       sec
          50 %           4   52.8609789151233     
 	 100 %           1   108.201284118928     
 Time :   108.367532922886     
 WOCIVL455M0010NH220/N_atom200E+10_Vexp700E+02_Vemit300E+02_tauD000E+00_Vran500E
 +01                  
 Start
           0
 set_grid_done
 set_clumps_done
 Done
 TIME :    1.82593493745662       sec
          50 %           3   56.2929278183728     
 	 100 %           2   105.824753417168     
 Time :   105.976287886268     
 WOCIVL455M0010NH220/N_atom200E+10_Vexp800E+02_Vemit300E+02_tauD000E+00_Vran500E
 +01                  
 Start
           0
 set_grid_done
 set_clumps_done
 Done
 TIME :    2.20919670630246       sec
          50 %           1   49.6350513186771     
 	 100 %           3   100.001637444831     
 Time :   100.181455188431     
 WOCIVL455M0010NH220/N_atom200E+10_Vexp900E+02_Vemit300E+02_tauD000E+00_Vran500E
 +01                  
 Start
           0
 set_grid_done
 set_clumps_done
 Done
 TIME :    2.42371319187805       sec
          50 %           1   57.6762236349750     
 	 100 %           4   110.721326644300     
 Time :   110.902375635458     
 WOCIVL455M0010NH220/N_atom200E+10_Vexp100E+03_Vemit300E+02_tauD000E+00_Vran500E
 +01                  
 Start
           0
 set_grid_done
 set_clumps_done
 Done
 TIME :    1.77349750371650       sec
          50 %           1   50.1455664073583     
 	 100 %           3   101.066087790299     
 Time :   101.214230567915     
 WOCIVL455M0010NH220/N_atom200E+10_Vexp200E+03_Vemit300E+02_tauD000E+00_Vran500E
 +01                  
 Start
           0
 set_grid_done
 set_clumps_done
 Done
 TIME :    2.42387276352383       sec
          50 %           1   49.1101750929374     
 	 100 %           3   95.6348487220239     
 Time :   95.8063899704721     
 WOCIVL455M0010NH220/N_atom200E+10_Vexp300E+03_Vemit300E+02_tauD000E+00_Vran500E
 +01                  
 Start
           0
 set_grid_done
 set_clumps_done
 Done
 TIME :    2.42278205160983       sec
          50 %           4   45.6892826498952     
 	 100 %           2   93.0922084194608     
 Time :   93.2452285971958     
 WOCIVL455M0010NH220/N_atom200E+10_Vexp500E+01_Vemit300E+02_tauD000E+00_Vran500E
 +01                  
 Start
           0
 set_grid_done
 set_clumps_done
 Done
 TIME :    1.56029927032068       sec
          50 %           4   78.6209339408670     
 	 100 %           4   150.095639909850     
 Time :   150.277429390699     
 WOCIVL455M0010NH220/N_atom200E+10_Vexp100E+02_Vemit400E+02_tauD000E+00_Vran118E
 +01                  
 Start
           0
 set_grid_done
 set_clumps_done
 Done
 TIME :    2.44387892144732       sec
          50 %           1   52.1485108900815     
 	 100 %           2   97.4261439791881     
 Time :   97.5996356045362     
 WOCIVL455M0010NH220/N_atom200E+10_Vexp200E+02_Vemit400E+02_tauD000E+00_Vran118E
 +01                  
 Start
           0
 set_grid_done
 set_clumps_done
 Done
 TIME :    2.17635618685745       sec
          50 %           2   53.4605076983571     
 	 100 %           2   102.508865206037     
 Time :   102.693832133431     
 WOCIVL455M0010NH220/N_atom200E+10_Vexp300E+02_Vemit400E+02_tauD000E+00_Vran118E
 +01                  
 Start
           0
 set_grid_done
 set_clumps_done
 Done
 TIME :    2.42813130351715       sec
          50 %           3   56.5217932781670     
 	 100 %           3   104.884252386168     
 Time :   105.058391445316     
 WOCIVL455M0010NH220/N_atom200E+10_Vexp400E+02_Vemit400E+02_tauD000E+00_Vran118E
 +01                  
 Start
           0
 set_grid_done
 set_clumps_done
 Done
 TIME :    2.24423553096130       sec
          50 %           4   55.1608590323012     
 	 100 %           1   109.536533852573     
 Time :   109.704958339455     
 WOCIVL455M0010NH220/N_atom200E+10_Vexp500E+02_Vemit400E+02_tauD000E+00_Vran118E
 +01                  
 Start
           0
 set_grid_done
 set_clumps_done
 Done
 TIME :    2.43189349514432       sec
          50 %           4   49.7689943944570     
 	 100 %           1   99.1598331024870     
 Time :   99.3443382268306     
 WOCIVL455M0010NH220/N_atom200E+10_Vexp600E+02_Vemit400E+02_tauD000E+00_Vran118E
 +01                  
 Start
           0
 set_grid_done
 set_clumps_done
 Done
 TIME :    2.43601455539465       sec
          50 %           4   54.6845683490392     
 	 100 %           1   103.281879292801     
 Time :   103.439024337800     
 WOCIVL455M0010NH220/N_atom200E+10_Vexp700E+02_Vemit400E+02_tauD000E+00_Vran118E
 +01                  
 Start
           0
 set_grid_done
 set_clumps_done
 Done
 TIME :    2.42748728604056       sec
          50 %           1   52.7262080446817     
 	 100 %           3   107.502384041669     
 Time :   107.673314034706     
 WOCIVL455M0010NH220/N_atom200E+10_Vexp800E+02_Vemit400E+02_tauD000E+00_Vran118E
 +01                  
 Start
           0
 set_grid_done
 set_clumps_done
 Done
 TIME :    2.32826257939450       sec
          50 %           2   52.0083804985043     
 	 100 %           3   99.7179703924339     
 Time :   99.8890404903796     
 WOCIVL455M0010NH220/N_atom200E+10_Vexp900E+02_Vemit400E+02_tauD000E+00_Vran118E
 +01                  
 Start
           0
 set_grid_done
 set_clumps_done
 Done
 TIME :    2.37834178516641       sec
          50 %           3   57.7995567845646     
 	 100 %           3   109.324730355525     
 Time :   109.506169313798     
 WOCIVL455M0010NH220/N_atom200E+10_Vexp100E+03_Vemit400E+02_tauD000E+00_Vran118E
 +01                  
 Start
           0
 set_grid_done
 set_clumps_done
 Done
 TIME :    2.37074791011401       sec
          50 %           3   56.2800301776733     
 	 100 %           4   109.036313674645     
 Time :   109.214800923364     
 WOCIVL455M0010NH220/N_atom200E+10_Vexp200E+03_Vemit400E+02_tauD000E+00_Vran118E
 +01                  
 Start
           0
 set_grid_done
 set_clumps_done
 Done
 TIME :    2.43473639921285       sec
          50 %           2   49.0420335633680     
 	 100 %           4   101.392658354249     
 Time :   101.577577080345     
 WOCIVL455M0010NH220/N_atom200E+10_Vexp300E+03_Vemit400E+02_tauD000E+00_Vran118E
 +01                  
 Start
           0
 set_grid_done
 set_clumps_done
 Done
 TIME :    2.41991945030168       sec
          50 %           4   47.7979339929298     
 	 100 %           4   92.6618450435344     
 Time :   92.8474899325520     
 WOCIVL455M0010NH220/N_atom200E+10_Vexp500E+01_Vemit400E+02_tauD000E+00_Vran118E
 +01                  
 Start
           0
 set_grid_done
 set_clumps_done
 Done
 TIME :    1.95535179716535       sec
          50 %           4   51.9991182899103     
 	 100 %           1   97.5436253170483     
 Time :   97.7096939904150     
 WOCIVL455M0010NH220/N_atom200E+10_Vexp100E+02_Vemit400E+02_tauD000E+00_Vran300E
 +01                  
 Start
           0
 set_grid_done
 set_clumps_done
 Done
 TIME :    2.10960094793700       sec
          50 %           3   49.3062448280398     
 	 100 %           3   96.2915203736629     
 Time :   96.4469072551001     
 WOCIVL455M0010NH220/N_atom200E+10_Vexp200E+02_Vemit400E+02_tauD000E+00_Vran300E
 +01                  
 Start
           0
 set_grid_done
 set_clumps_done
 Done
 TIME :    1.66120651760139       sec
          50 %           3   49.1607162121218     
 	 100 %           2   94.2010909961537     
 Time :   94.3446263144724     
 WOCIVL455M0010NH220/N_atom200E+10_Vexp300E+02_Vemit400E+02_tauD000E+00_Vran300E
 +01                  
 Start
           0
 set_grid_done
 set_clumps_done
 Done
 TIME :    2.36114031891339       sec
          50 %           3   49.7561393643264     
 	 100 %           3   98.5430900587235     
 Time :   98.7143997293897     
 WOCIVL455M0010NH220/N_atom200E+10_Vexp400E+02_Vemit400E+02_tauD000E+00_Vran300E
 +01                  
 Start
           0
 set_grid_done
 set_clumps_done
 Done
 TIME :    2.40182128897868       sec
          50 %           1   55.1193105322309     
 	 100 %           1   105.817159091355     
 Time :   105.999064962380     
 WOCIVL455M0010NH220/N_atom200E+10_Vexp500E+02_Vemit400E+02_tauD000E+00_Vran300E
 +01                  
 Start
           0
 set_grid_done
 set_clumps_done
 Done
 TIME :    2.43018372310326       sec
          50 %           3   55.9633249123581     
 	 100 %           1   108.748599501792     
 Time :   108.935272624483     
 WOCIVL455M0010NH220/N_atom200E+10_Vexp600E+02_Vemit400E+02_tauD000E+00_Vran300E
 +01                  
 Start
           0
 set_grid_done
 set_clumps_done
 Done
 TIME :    2.37023086287081       sec
          50 %           2   56.9074998784345     
 	 100 %           4   107.487649518531     
 Time :   107.646147751482     
 WOCIVL455M0010NH220/N_atom200E+10_Vexp700E+02_Vemit400E+02_tauD000E+00_Vran300E
 +01                  
 Start
           0
 set_grid_done
 set_clumps_done
 Done
 TIME :    1.42272724444047       sec
          50 %           1   49.7715196579229     
 	 100 %           1   98.0343853221275     
 Time :   98.2099629105069     
 WOCIVL455M0010NH220/N_atom200E+10_Vexp800E+02_Vemit400E+02_tauD000E+00_Vran300E
 +01                  
 Start
           0
 set_grid_done
 set_clumps_done
 Done
 TIME :    2.17508748872206       sec
          50 %           4   50.6622780193575     
 	 100 %           1   101.776175355539     
 Time :   101.957502562553     
 WOCIVL455M0010NH220/N_atom200E+10_Vexp900E+02_Vemit400E+02_tauD000E+00_Vran300E
 +01                  
 Start
           0
 set_grid_done
 set_clumps_done
 Done
 TIME :    2.42413256457075       sec
          50 %           2   54.2546319200192     
 	 100 %           1   110.356176071335     
 Time :   110.543242207030     
 WOCIVL455M0010NH220/N_atom200E+10_Vexp100E+03_Vemit400E+02_tauD000E+00_Vran300E
 +01                  
 Start
           0
 set_grid_done
 set_clumps_done
 Done
 TIME :    2.42729284847155       sec
          50 %           1   58.8013956840150     
 	 100 %           2   116.036595020443     
 Time :   116.223711050116     
 WOCIVL455M0010NH220/N_atom200E+10_Vexp200E+03_Vemit400E+02_tauD000E+00_Vran300E
 +01                  
 Start
           0
 set_grid_done
 set_clumps_done
 Done
 TIME :    2.39365985128097       sec
          50 %           4   56.4362713841256     
 	 100 %           1   106.761143126525     
 Time :   106.941356888739     
 WOCIVL455M0010NH220/N_atom200E+10_Vexp300E+03_Vemit400E+02_tauD000E+00_Vran300E
 +01                  
 Start
           0
 set_grid_done
 set_clumps_done
 Done
 TIME :    2.39293664414436       sec
          50 %           1   47.7905795506667     
 	 100 %           4   97.8654584058095     
 Time :   98.0356223306153     
 WOCIVL455M0010NH220/N_atom200E+10_Vexp500E+01_Vemit400E+02_tauD000E+00_Vran300E
 +01                  
 Start
           0
 set_grid_done
 set_clumps_done
 Done
 TIME :    1.48847899679095       sec
          50 %           2   65.1366158789024     
 	 100 %           4   130.713535664603     
 Time :   130.892321908614     
 WOCIVL455M0010NH220/N_atom200E+10_Vexp100E+02_Vemit400E+02_tauD000E+00_Vran500E
 +01                  
 Start
           0
 set_grid_done
 set_clumps_done
 Done
 TIME :    2.44079435057938       sec
          50 %           4   71.1398861911148     
 	 100 %           1   130.737253308529     
 Time :   130.917708877940     
 WOCIVL455M0010NH220/N_atom200E+10_Vexp200E+02_Vemit400E+02_tauD000E+00_Vran500E
 +01                  
 Start
           0
 set_grid_done
 set_clumps_done
 Done
 TIME :    2.43070140178315       sec
          50 %           2   64.1348479436710     
 	 100 %           2   121.139454174554     
 Time :   121.311535263434     
 WOCIVL455M0010NH220/N_atom200E+10_Vexp300E+02_Vemit400E+02_tauD000E+00_Vran500E
 +01                  
 Start
           0
 set_grid_done
 set_clumps_done
 Done
 TIME :    1.79075012682006       sec
          50 %           3   56.8443990675732     
 	 100 %           2   116.023164281854     
 Time :   116.196050602943     
 WOCIVL455M0010NH220/N_atom200E+10_Vexp400E+02_Vemit400E+02_tauD000E+00_Vran500E
 +01                  
 Start
           0
 set_grid_done
 set_clumps_done
 Done
 TIME :    2.40500506735407       sec
          50 %           1   57.0121720328461     
 	 100 %           1   110.204204806825     
 Time :   110.367875206750     
 WOCIVL455M0010NH220/N_atom200E+10_Vexp500E+02_Vemit400E+02_tauD000E+00_Vran500E
 +01                  
 Start
           0
 set_grid_done
 set_clumps_done
 Done
 TIME :    1.70579693769105       sec
          50 %           4   55.3525508316234     
 	 100 %           4   108.917624583934     
 Time :   109.088010488311     
 WOCIVL455M0010NH220/N_atom200E+10_Vexp600E+02_Vemit400E+02_tauD000E+00_Vran500E
 +01                  
 Start
           0
 set_grid_done
 set_clumps_done
 Done
 TIME :    1.42110542883165       sec
          50 %           2   61.8823978141882     
 	 100 %           2   115.375048713759     
 Time :   115.550891563529     
 WOCIVL455M0010NH220/N_atom200E+10_Vexp700E+02_Vemit400E+02_tauD000E+00_Vran500E
 +01                  
 Start
           0
 set_grid_done
 set_clumps_done
 Done
 TIME :    1.67952480493113       sec
          50 %           2   61.7223690182436     
 	 100 %           2   112.587197303073     
 Time :   112.750551805831     
 WOCIVL455M0010NH220/N_atom200E+10_Vexp800E+02_Vemit400E+02_tauD000E+00_Vran500E
 +01                  
 Start
           0
 set_grid_done
 set_clumps_done
 Done
 TIME :    2.37963338661939       sec
          50 %           4   54.6254225242883     
 	 100 %           1   107.809512082953     
 Time :   107.970633444609     
 WOCIVL455M0010NH220/N_atom200E+10_Vexp900E+02_Vemit400E+02_tauD000E+00_Vran500E
 +01                  
 Start
           0
 set_grid_done
 set_clumps_done
 Done
 TIME :    1.83888031844981       sec
          50 %           1   55.9557455149479     
 	 100 %           2   102.435183664318     
 Time :   102.610630395357     
 WOCIVL455M0010NH220/N_atom200E+10_Vexp100E+03_Vemit400E+02_tauD000E+00_Vran500E
 +01                  
 Start
           0
 set_grid_done
 set_clumps_done
 Done
 TIME :    1.47183221904561       sec
          50 %           3   57.8676387714222     
 	 100 %           4   114.604002417065     
 Time :   114.788029237418     
 WOCIVL455M0010NH220/N_atom200E+10_Vexp200E+03_Vemit400E+02_tauD000E+00_Vran500E
 +01                  
 Start
           0
 set_grid_done
 set_clumps_done
 Done
 TIME :    2.36596426763572       sec
          50 %           3   53.5795719884336     
 	 100 %           1   104.478619719157     
 Time :   104.658058326226     
 WOCIVL455M0010NH220/N_atom200E+10_Vexp300E+03_Vemit400E+02_tauD000E+00_Vran500E
 +01                  
 Start
           0
 set_grid_done
 set_clumps_done
 Done
 TIME :    2.42282788828015       sec
          50 %           2   46.2917179174256     
 	 100 %           1   87.4735214340035     
 Time :   87.6469998443499     
 WOCIVL455M0010NH220/N_atom200E+10_Vexp500E+01_Vemit400E+02_tauD000E+00_Vran500E
 +01                  
 Start
           0
 set_grid_done
 set_clumps_done
 Done
 TIME :    1.42930693225935       sec
          50 %           3   65.3529282391537     
 	 100 %           4   125.889835741604     
 Time :   126.063072174555     
 WOCIVL455M0010NH220/N_atom200E+10_Vexp100E+02_Vemit500E+02_tauD000E+00_Vran118E
 +01                  
 Start
           0
 set_grid_done
 set_clumps_done
 Done
 TIME :    2.43404725636356       sec
          50 %           2   46.6690000325907     
 	 100 %           4   90.3570940187201     
 Time :   90.4935641011689     
 WOCIVL455M0010NH220/N_atom200E+10_Vexp200E+02_Vemit500E+02_tauD000E+00_Vran118E
 +01                  
 Start
           0
 set_grid_done
 set_clumps_done
 Done
 TIME :    2.06197755457833       sec
          50 %           3   50.6052555786446     
 	 100 %           3   96.0605786293745     
 Time :   96.2286132790614     
 WOCIVL455M0010NH220/N_atom200E+10_Vexp300E+02_Vemit500E+02_tauD000E+00_Vran118E
 +01                  
 Start
           0
 set_grid_done
 set_clumps_done
 Done
 TIME :    1.62210532347672       sec
          50 %           3   51.0930443368852     
 	 100 %           1   96.4621701969299     
 Time :   96.6346026300453     
 WOCIVL455M0010NH220/N_atom200E+10_Vexp400E+02_Vemit500E+02_tauD000E+00_Vran118E
 +01                  
 Start
           0
 set_grid_done
 set_clumps_done
 Done
 TIME :    2.41917201736942       sec
          50 %           3   46.7314484203234     
 	 100 %           1   91.0622570649721     
 Time :   91.2305379102472     
 WOCIVL455M0010NH220/N_atom200E+10_Vexp500E+02_Vemit500E+02_tauD000E+00_Vran118E
 +01                  
 Start
           0
 set_grid_done
 set_clumps_done
 Done
 TIME :    1.41493645752780       sec
          50 %           1   50.0299332332797     
 	 100 %           1   95.8739138022065     
 Time :   96.0528796757571     
 WOCIVL455M0010NH220/N_atom200E+10_Vexp600E+02_Vemit500E+02_tauD000E+00_Vran118E
 +01                  
 Start
           0
 set_grid_done
 set_clumps_done
 Done
 TIME :    2.35834487457760       sec
          50 %           1   50.2452024717350     
 	 100 %           1   96.4436159036122     
 Time :   96.6139981211163     
 WOCIVL455M0010NH220/N_atom200E+10_Vexp700E+02_Vemit500E+02_tauD000E+00_Vran118E
 +01                  
 Start
           0
 set_grid_done
 set_clumps_done
 Done
 TIME :    1.44447802053764       sec
          50 %           1   49.7906754584983     
 	 100 %           2   102.303145509213     
 Time :   102.480828497559     
 WOCIVL455M0010NH220/N_atom200E+10_Vexp800E+02_Vemit500E+02_tauD000E+00_Vran118E
 +01                  
 Start
           0
 set_grid_done
 set_clumps_done
 Done
 TIME :    1.44637841288932       sec
          50 %           1   50.4220716615673     
 	 100 %           4   98.2034550586250     
 Time :   98.3766665542498     
 WOCIVL455M0010NH220/N_atom200E+10_Vexp900E+02_Vemit500E+02_tauD000E+00_Vran118E
 +01                  
 Start
           0
 set_grid_done
 set_clumps_done
 Done
 TIME :    1.47154490556568       sec
          50 %           3   50.2360821312759     
 	 100 %           2   98.0145860449411     
 Time :   98.2007620579097     
 WOCIVL455M0010NH220/N_atom200E+10_Vexp100E+03_Vemit500E+02_tauD000E+00_Vran118E
 +01                  
 Start
           0
 set_grid_done
 set_clumps_done
 Done
 TIME :    2.02269906527363       sec
          50 %           2   50.4558776058257     
 	 100 %           1   103.076182910008     
 Time :   103.247084890027     
 WOCIVL455M0010NH220/N_atom200E+10_Vexp200E+03_Vemit500E+02_tauD000E+00_Vran118E
 +01                  
 Start
           0
 set_grid_done
 set_clumps_done
 Done
 TIME :    1.74104426661506       sec
          50 %           4   47.6908298314083     
 	 100 %           4   93.4198366927449     
 Time :   93.6007278757170     
 WOCIVL455M0010NH220/N_atom200E+10_Vexp300E+03_Vemit500E+02_tauD000E+00_Vran118E
 +01                  
 Start
           0
 set_grid_done
 set_clumps_done
 Done
 TIME :    2.43175699724816       sec
          50 %           4   46.3623143874574     
 	 100 %           4   89.8445113918278     
 Time :   90.0162734778132     
 WOCIVL455M0010NH220/N_atom200E+10_Vexp500E+01_Vemit500E+02_tauD000E+00_Vran118E
 +01                  
 Start
           0
 set_grid_done
 set_clumps_done
 Done
 TIME :    1.43449550052173       sec
          50 %           4   47.2565666234586     
 	 100 %           1   93.3349942131899     
 Time :   93.5053055367898     
 WOCIVL455M0010NH220/N_atom200E+10_Vexp100E+02_Vemit500E+02_tauD000E+00_Vran300E
 +01                  
 Start
           0
 set_grid_done
 set_clumps_done
 Done
 TIME :    1.43971008784138       sec
          50 %           3   51.1341635056306     
 	 100 %           3   101.053055595374     
 Time :   101.238904610043     
 WOCIVL455M0010NH220/N_atom200E+10_Vexp200E+02_Vemit500E+02_tauD000E+00_Vran300E
 +01                  
 Start
           0
 set_grid_done
 set_clumps_done
 Done
 TIME :    2.42823939793743       sec
          50 %           2   48.4013065623585     
 	 100 %           2   93.2480295919813     
 Time :   93.4164658510126     
 WOCIVL455M0010NH220/N_atom200E+10_Vexp300E+02_Vemit500E+02_tauD000E+00_Vran300E
 +01                  
 Start
           0
 set_grid_done
 set_clumps_done
 Done
 TIME :    1.95966644329019       sec
          50 %           4   51.2891247926746     
 	 100 %           1   100.345755359158     
 Time :   100.518700020388     
 WOCIVL455M0010NH220/N_atom200E+10_Vexp400E+02_Vemit500E+02_tauD000E+00_Vran300E
 +01                  
 Start
           0
 set_grid_done
 set_clumps_done
 Done
 TIME :    1.65418516495265       sec
          50 %           1   50.5578925770242     
 	 100 %           4   102.765748789068     
 Time :   102.944707358722     
 WOCIVL455M0010NH220/N_atom200E+10_Vexp500E+02_Vemit500E+02_tauD000E+00_Vran300E
 +01                  
 Start
           0
 set_grid_done
 set_clumps_done
 Done
 TIME :    1.64832661044784       sec
          50 %           2   51.6775165086146     
 	 100 %           2   100.975840203231     
 Time :   101.149206591770     
 WOCIVL455M0010NH220/N_atom200E+10_Vexp600E+02_Vemit500E+02_tauD000E+00_Vran300E
 +01                  
 Start
           0
 set_grid_done
 set_clumps_done
 Done
 TIME :    1.67550958506763       sec
          50 %           1   54.7999078177381     
 	 100 %           4   112.828690843889     
 Time :   113.013314993354     
 WOCIVL455M0010NH220/N_atom200E+10_Vexp700E+02_Vemit500E+02_tauD000E+00_Vran300E
 +01                  
 Start
           0
 set_grid_done
 set_clumps_done
 Done
 TIME :    2.43741528317332       sec
          50 %           4   59.2301745847799     
 	 100 %           3   114.109894242603     
 Time :   114.282045484288     
 WOCIVL455M0010NH220/N_atom200E+10_Vexp800E+02_Vemit500E+02_tauD000E+00_Vran300E
 +01                  
 Start
           0
 set_grid_done
 set_clumps_done
 Done
 TIME :    1.89781555510126       sec
          50 %           1   57.3637157939374     
 	 100 %           4   107.145174049074     
 Time :   107.309672975214     
 WOCIVL455M0010NH220/N_atom200E+10_Vexp900E+02_Vemit500E+02_tauD000E+00_Vran300E
 +01                  
 Start
           0
 set_grid_done
 set_clumps_done
 Done
 TIME :    1.47640525340103       sec
          50 %           3   48.0613786985632     
 	 100 %           4   96.5691719951574     
 Time :   96.7522149453871     
 WOCIVL455M0010NH220/N_atom200E+10_Vexp100E+03_Vemit500E+02_tauD000E+00_Vran300E
 +01                  
 Start
           0
 set_grid_done
 set_clumps_done
 Done
 TIME :    1.51199526991695       sec
          50 %           4   48.7055233502761     
 	 100 %           4   96.0490004525054     
 Time :   96.2297731514554     
 WOCIVL455M0010NH220/N_atom200E+10_Vexp200E+03_Vemit500E+02_tauD000E+00_Vran300E
 +01                  
 Start
           0
 set_grid_done
 set_clumps_done
 Done
 TIME :    1.41568893007934       sec
          50 %           2   45.0267593467142     
 	 100 %           1   89.4616294712760     
 Time :   89.6223325319588     
 WOCIVL455M0010NH220/N_atom200E+10_Vexp300E+03_Vemit500E+02_tauD000E+00_Vran300E
 +01                  
 Start
           0
 set_grid_done
 set_clumps_done
 Done
 TIME :    1.91128931497224       sec
          50 %           4   41.1338133797981     
 	 100 %           4   81.0292961143423     
 Time :   81.2002238628920     
 WOCIVL455M0010NH220/N_atom200E+10_Vexp500E+01_Vemit500E+02_tauD000E+00_Vran300E
 +01                  
 Start
           0
 set_grid_done
 set_clumps_done
 Done
 TIME :    1.54045832436532       sec
          50 %           3   50.0949485632591     
 	 100 %           2   98.4405816746876     
 Time :   98.5829241578467     
 WOCIVL455M0010NH220/N_atom200E+10_Vexp100E+02_Vemit500E+02_tauD000E+00_Vran500E
 +01                  
 Start
           0
 set_grid_done
 set_clumps_done
 Done
 TIME :    1.41374706919305       sec
          50 %           4   55.4024519210216     
 	 100 %           4   115.522848182591     
 Time :   115.690538130933     
 WOCIVL455M0010NH220/N_atom200E+10_Vexp200E+02_Vemit500E+02_tauD000E+00_Vran500E
 +01                  
 Start
           0
 set_grid_done
 set_clumps_done
 Done
 TIME :    1.41129331081174       sec
          50 %           3   58.0630090243649     
 	 100 %           2   111.795995385619     
 Time :   111.975610255729     
 WOCIVL455M0010NH220/N_atom200E+10_Vexp300E+02_Vemit500E+02_tauD000E+00_Vran500E
 +01                  
 Start
           0
 set_grid_done
 set_clumps_done
 Done
 TIME :    2.36880138050765       sec
          50 %           1   54.0970033810008     
 	 100 %           1   108.958553021774     
 Time :   109.128444852307     
 WOCIVL455M0010NH220/N_atom200E+10_Vexp400E+02_Vemit500E+02_tauD000E+00_Vran500E
 +01                  
 Start
           0
 set_grid_done
 set_clumps_done
 Done
 TIME :    2.38417769689113       sec
          50 %           3   58.0372021009680     
 	 100 %           4   109.965327251004     
 Time :   110.128513906384     
 WOCIVL455M0010NH220/N_atom200E+10_Vexp500E+02_Vemit500E+02_tauD000E+00_Vran500E
 +01                  
 Start
           0
 set_grid_done
 set_clumps_done
 Done
 TIME :    1.70777260256000       sec
          50 %           3   51.7321927342564     
 	 100 %           1   105.671722339001     
 Time :   105.845823867247     
 WOCIVL455M0010NH220/N_atom200E+10_Vexp600E+02_Vemit500E+02_tauD000E+00_Vran500E
 +01                  
 Start
           0
 set_grid_done
 set_clumps_done
 Done
 TIME :    2.10295395320281       sec
          50 %           2   56.5456427114550     
 	 100 %           4   113.589078632882     
 Time :   113.759442746174     
 WOCIVL455M0010NH220/N_atom200E+10_Vexp700E+02_Vemit500E+02_tauD000E+00_Vran500E
 +01                  
 Start
           0
 set_grid_done
 set_clumps_done
 Done
 TIME :    1.96345579647459       sec
          50 %           3   54.9877902262378     
 	 100 %           4   109.080215022434     
 Time :   109.252105861669     
 WOCIVL455M0010NH220/N_atom200E+10_Vexp800E+02_Vemit500E+02_tauD000E+00_Vran500E
 +01                  
 Start
           0
 set_grid_done
 set_clumps_done
 Done
 TIME :    1.41531235794537       sec
          50 %           1   57.9490217415150     
 	 100 %           3   109.969925252488     
 Time :   110.119361515157     
 WOCIVL455M0010NH220/N_atom200E+10_Vexp900E+02_Vemit500E+02_tauD000E+00_Vran500E
 +01                  
 Start
           0
 set_grid_done
 set_clumps_done
 Done
 TIME :    1.88171911775135       sec
          50 %           1   57.8169917922933     
 	 100 %           3   113.679369071033     
 Time :   113.850993035827     
 WOCIVL455M0010NH220/N_atom200E+10_Vexp100E+03_Vemit500E+02_tauD000E+00_Vran500E
 +01                  
 Start
           0
 set_grid_done
 set_clumps_done
 Done
 TIME :    1.42701886710711       sec
          50 %           1   57.0997325100470     
 	 100 %           1   112.532391231740     
 Time :   112.703650948126     
 WOCIVL455M0010NH220/N_atom200E+10_Vexp200E+03_Vemit500E+02_tauD000E+00_Vran500E
 +01                  
 Start
           0
 set_grid_done
 set_clumps_done
 Done
 TIME :    1.43059217184782       sec
          50 %           2   50.8868316083681     
 	 100 %           1   102.196371542057     
 Time :   102.377588951495     
 WOCIVL455M0010NH220/N_atom200E+10_Vexp300E+03_Vemit500E+02_tauD000E+00_Vran500E
 +01                  
 Start
           0
 set_grid_done
 set_clumps_done
 Done
 TIME :    2.42220211541280       sec
          50 %           4   47.7245605634525     
 	 100 %           2   94.9071704347152     
 Time :   95.0740818812046     
 WOCIVL455M0010NH220/N_atom200E+10_Vexp500E+01_Vemit500E+02_tauD000E+00_Vran500E
 +01                  
 Start
           0
 set_grid_done
 set_clumps_done
 Done
 TIME :    1.45813141996041       sec
          50 %           1   68.7453528589103     
 	 100 %           3   138.037734579295     
 Time :   138.206144989468     
 WOCIVL455M0010NH220/N_atom200E+10_Vexp100E+02_Vemit600E+02_tauD000E+00_Vran118E
 +01                  
 Start
           0
 set_grid_done
 set_clumps_done
 Done
 TIME :    1.42461758805439       sec
          50 %           1   51.1015527809504     
 	 100 %           1   100.794418317266     
 Time :   100.961549789645     
 WOCIVL455M0010NH220/N_atom200E+10_Vexp200E+02_Vemit600E+02_tauD000E+00_Vran118E
 +01                  
 Start
           0
 set_grid_done
 set_clumps_done
 Done
 TIME :    1.43293640320189       sec
          50 %           3   51.7184919153806     
 	 100 %           1   102.045697048539     
 Time :   102.211700829444     
 WOCIVL455M0010NH220/N_atom200E+10_Vexp300E+02_Vemit600E+02_tauD000E+00_Vran118E
 +01                  
 Start
           0
 set_grid_done
 set_clumps_done
 Done
 TIME :    1.43165671429597       sec
          50 %           2   52.5103001890238     
 	 100 %           1   103.699338906445     
 Time :   103.866932452423     
 WOCIVL455M0010NH220/N_atom200E+10_Vexp400E+02_Vemit600E+02_tauD000E+00_Vran118E
 +01                  
 Start
           0
 set_grid_done
 set_clumps_done
 Done
 TIME :    1.43530918867327       sec
          50 %           3   53.7889165675733     
 	 100 %           3   106.118735017488     
 Time :   106.287326059071     
 WOCIVL455M0010NH220/N_atom200E+10_Vexp500E+02_Vemit600E+02_tauD000E+00_Vran118E
 +01                  
 Start
           0
 set_grid_done
 set_clumps_done
 Done
 TIME :    1.44248619559221       sec
          50 %           3   51.9440763930324     
 	 100 %           4   104.110269077355     
 Time :   104.279023127165     
 WOCIVL455M0010NH220/N_atom200E+10_Vexp600E+02_Vemit600E+02_tauD000E+00_Vran118E
 +01                  
 Start
           0
 set_grid_done
 set_clumps_done
 Done
 TIME :    1.41221208753996       sec
          50 %           3   54.5844912808388     
 	 100 %           2   107.988642046461     
 Time :   108.153318277793     
 WOCIVL455M0010NH220/N_atom200E+10_Vexp700E+02_Vemit600E+02_tauD000E+00_Vran118E
 +01                  
 Start
           0
 set_grid_done
 set_clumps_done
 Done
 TIME :    1.41538650821894       sec
          50 %           1   52.6081744129770     
 	 100 %           3   98.3851042843889     
 Time :   98.5589563611429     
 WOCIVL455M0010NH220/N_atom200E+10_Vexp800E+02_Vemit600E+02_tauD000E+00_Vran118E
 +01                  
 Start
           0
 set_grid_done
 set_clumps_done
 Done
 TIME :    1.89869944588281       sec
          50 %           3   50.1699648683425     
 	 100 %           2   98.0559160620905     
 Time :   98.2301880023442     
 WOCIVL455M0010NH220/N_atom200E+10_Vexp900E+02_Vemit600E+02_tauD000E+00_Vran118E
 +01                  
 Start
           0
 set_grid_done
 set_clumps_done
 Done
 TIME :    1.43052223976701       sec
          50 %           1   49.9108371431939     
 	 100 %           4   101.055057208985     
 Time :   101.225938650081     
 WOCIVL455M0010NH220/N_atom200E+10_Vexp100E+03_Vemit600E+02_tauD000E+00_Vran118E
 +01                  
 Start
           0
 set_grid_done
 set_clumps_done
 Done
 TIME :    1.84460199414752       sec
          50 %           3   52.4067931070458     
 	 100 %           4   100.679504813394     
 Time :   100.850297747180     
 WOCIVL455M0010NH220/N_atom200E+10_Vexp200E+03_Vemit600E+02_tauD000E+00_Vran118E
 +01                  
 Start
           0
 set_grid_done
 set_clumps_done
 Done
 TIME :    1.44684567628428       sec
          50 %           1   47.3719532515388     
 	 100 %           3   94.9223343294580     
 Time :   95.0925353043713     
 WOCIVL455M0010NH220/N_atom200E+10_Vexp300E+03_Vemit600E+02_tauD000E+00_Vran118E
 +01                  
 Start
           0
 set_grid_done
 set_clumps_done
 Done
 TIME :    1.44789889710955       sec
          50 %           3   49.9184744800441     
 	 100 %           4   98.6942920791917     
 Time :   98.8774793625344     
 WOCIVL455M0010NH220/N_atom200E+10_Vexp500E+01_Vemit600E+02_tauD000E+00_Vran118E
 +01                  
 Start
           0
 set_grid_done
 set_clumps_done
 Done
 TIME :    2.32838791608810       sec
          50 %           4   49.7752068080008     
 	 100 %           1   93.6851702090353     
 Time :   93.8696786796208     
 WOCIVL455M0010NH220/N_atom200E+10_Vexp100E+02_Vemit600E+02_tauD000E+00_Vran300E
 +01                  
 Start
           0
 set_grid_done
 set_clumps_done
 Done
 TIME :    2.43976488453336       sec
          50 %           2   54.1573129757307     
 	 100 %           4   102.107246376574     
 Time :   102.279191408306     
 WOCIVL455M0010NH220/N_atom200E+10_Vexp200E+02_Vemit600E+02_tauD000E+00_Vran300E
 +01                  
 Start
           0
 set_grid_done
 set_clumps_done
 Done
 TIME :    1.46936688851565       sec
          50 %           3   49.3947376480792     
 	 100 %           4   97.6046854304150     
 Time :   97.7743162775878     
 WOCIVL455M0010NH220/N_atom200E+10_Vexp300E+02_Vemit600E+02_tauD000E+00_Vran300E
 +01                  
 Start
           0
 set_grid_done
 set_clumps_done
 Done
 TIME :    1.49293221463449       sec
          50 %           2   49.1716798366979     
 	 100 %           3   101.068764610216     
 Time :   101.240883179940     
 WOCIVL455M0010NH220/N_atom200E+10_Vexp400E+02_Vemit600E+02_tauD000E+00_Vran300E
 +01                  
 Start
           0
 set_grid_done
 set_clumps_done
 Done
 TIME :    1.58936056541279       sec
          50 %           1   53.6574354756158     
 	 100 %           4   108.323940428905     
 Time :   108.495686644921     
 WOCIVL455M0010NH220/N_atom200E+10_Vexp500E+02_Vemit600E+02_tauD000E+00_Vran300E
 +01                  
 Start
           0
 set_grid_done
 set_clumps_done
 Done
 TIME :    1.81274324096739       sec
          50 %           4   50.9030526913702     
 	 100 %           1   103.738703648560     
 Time :   103.912605649559     
 WOCIVL455M0010NH220/N_atom200E+10_Vexp600E+02_Vemit600E+02_tauD000E+00_Vran300E
 +01                  
 Start
           0
 set_grid_done
 set_clumps_done
 Done
 TIME :    2.13718159450218       sec
          50 %           2   54.9605808418710     
 	 100 %           3   102.182079545688     
 Time :   102.350006421795     
 WOCIVL455M0010NH220/N_atom200E+10_Vexp700E+02_Vemit600E+02_tauD000E+00_Vran300E
 +01                  
 Start
           0
 set_grid_done
 set_clumps_done
 Done
 TIME :    1.87711208872497       sec
          50 %           2   51.6784481194336     
 	 100 %           2   100.819265946979     
 Time :   101.001852875343     
 WOCIVL455M0010NH220/N_atom200E+10_Vexp800E+02_Vemit600E+02_tauD000E+00_Vran300E
 +01                  
 Start
           0
 set_grid_done
 set_clumps_done
 Done
 TIME :    2.39880745206028       sec
          50 %           4   51.8566174572334     
 	 100 %           3   106.845939018298     
 Time :   107.031240999000     
 WOCIVL455M0010NH220/N_atom200E+10_Vexp900E+02_Vemit600E+02_tauD000E+00_Vran300E
 +01                  
 Start
           0
 set_grid_done
 set_clumps_done
 Done
 TIME :    2.42824788368307       sec
          50 %           1   54.0323187562171     
 	 100 %           2   103.538125901716     
 Time :   103.706470828038     
 WOCIVL455M0010NH220/N_atom200E+10_Vexp100E+03_Vemit600E+02_tauD000E+00_Vran300E
 +01                  
 Start
           0
 set_grid_done
 set_clumps_done
 Done
 TIME :    1.43831291655079       sec
          50 %           2   47.7450330429710     
 	 100 %           1   92.2440505770501     
 Time :   92.3981304578483     
 WOCIVL455M0010NH220/N_atom200E+10_Vexp200E+03_Vemit600E+02_tauD000E+00_Vran300E
 +01                  
 Start
           0
 set_grid_done
 set_clumps_done
 Done
 TIME :    1.46276492858306       sec
          50 %           1   42.0252152874600     
 	 100 %           3   82.3747802642174     
 Time :   82.5271581676789     
 WOCIVL455M0010NH220/N_atom200E+10_Vexp300E+03_Vemit600E+02_tauD000E+00_Vran300E
 +01                  
 Start
           0
 set_grid_done
 set_clumps_done
 Done
 TIME :    1.44877868029289       sec
          50 %           4   42.1078010215424     
 	 100 %           1   82.5016671717167     
 Time :   82.6641232261900     
 WOCIVL455M0010NH220/N_atom200E+10_Vexp500E+01_Vemit600E+02_tauD000E+00_Vran300E
 +01                  
 Start
           0
 set_grid_done
 set_clumps_done
 Done
 TIME :    2.41967676160857       sec
          50 %           4   50.1177423009649     
 	 100 %           4   97.1165894512087     
 Time :   97.2655615366530     
 WOCIVL455M0010NH220/N_atom200E+10_Vexp100E+02_Vemit600E+02_tauD000E+00_Vran500E
 +01                  
 Start
           0
 set_grid_done
 set_clumps_done
 Done
 TIME :    2.39283784735017       sec
          50 %           4   51.0220682793297     
 	 100 %           4   97.4865174547303     
 Time :   97.6287195126060     
 WOCIVL455M0010NH220/N_atom200E+10_Vexp200E+02_Vemit600E+02_tauD000E+00_Vran500E
 +01                  
 Start
           0
 set_grid_done
 set_clumps_done
 Done
 TIME :    1.46336397132836       sec
          50 %           4   46.3883126126602     
 	 100 %           1   90.7229021445382     
 Time :   90.8689688679297     
 WOCIVL455M0010NH220/N_atom200E+10_Vexp300E+02_Vemit600E+02_tauD000E+00_Vran500E
 +01                  
 Start
           0
 set_grid_done
 set_clumps_done
 Done
 TIME :    1.41165966331027       sec
          50 %           4   47.7910267359111     
 	 100 %           1   94.6816860863473     
 Time :   94.8429073768202     
 WOCIVL455M0010NH220/N_atom200E+10_Vexp400E+02_Vemit600E+02_tauD000E+00_Vran500E
 +01                  
 Start
           0
 set_grid_done
 set_clumps_done
 Done
 TIME :    1.44369887770154       sec
          50 %           1   48.5400104071014     
 	 100 %           1   96.7271871448029     
 Time :   96.8974610373843     
 WOCIVL455M0010NH220/N_atom200E+10_Vexp500E+02_Vemit600E+02_tauD000E+00_Vran500E
 +01                  
 Start
           0
 set_grid_done
 set_clumps_done
 Done
 TIME :    1.41937636025250       sec
          50 %           2   51.9200986069627     
 	 100 %           3   103.802637223620     
 Time :   103.977734914748     
 WOCIVL455M0010NH220/N_atom200E+10_Vexp600E+02_Vemit600E+02_tauD000E+00_Vran500E
 +01                  
 Start
           0
 set_grid_done
 set_clumps_done
 Done
 TIME :    1.41724271699786       sec
          50 %           4   53.0386948557571     
 	 100 %           4   104.828732555732     
 Time :   105.001555637224     
 WOCIVL455M0010NH220/N_atom200E+10_Vexp700E+02_Vemit600E+02_tauD000E+00_Vran500E
 +01                  
 Start
           0
 set_grid_done
 set_clumps_done
 Done
 TIME :    1.41602766001597       sec
          50 %           3   52.7885238917079     
 	 100 %           4   102.967668622965     
 Time :   103.140200994909     
 WOCIVL455M0010NH220/N_atom200E+10_Vexp800E+02_Vemit600E+02_tauD000E+00_Vran500E
 +01                  
 Start
           0
 set_grid_done
 set_clumps_done
 Done
 TIME :    1.41558368108235       sec
          50 %           1   48.3326036315411     
 	 100 %           3   94.7565569865983     
 Time :   94.9195818363223     
 WOCIVL455M0010NH220/N_atom200E+10_Vexp900E+02_Vemit600E+02_tauD000E+00_Vran500E
 +01                  
 Start
           0
 set_grid_done
 set_clumps_done
 Done
 TIME :    1.41748568648472       sec
          50 %           4   46.2418946153484     
 	 100 %           3   94.4563732321840     
 Time :   94.6166090196930     
 WOCIVL455M0010NH220/N_atom200E+10_Vexp100E+03_Vemit600E+02_tauD000E+00_Vran500E
 +01                  
 Start
           0
 set_grid_done
 set_clumps_done
 Done
 TIME :    1.46997974719852       sec
          50 %           3   43.7006613826379     
 	 100 %           4   85.9208232525270     
 Time :   86.0744139084127     
 WOCIVL455M0010NH220/N_atom200E+10_Vexp200E+03_Vemit600E+02_tauD000E+00_Vran500E
 +01                  
 Start
           0
 set_grid_done
 set_clumps_done
 Done
 TIME :    2.21608962607570       sec
          50 %           4   41.4693288023118     
 	 100 %           3   84.1132685493212     
 Time :   84.2836350370198     
 WOCIVL455M0010NH220/N_atom200E+10_Vexp300E+03_Vemit600E+02_tauD000E+00_Vran500E
 +01                  
 Start
           0
 set_grid_done
 set_clumps_done
 Done
 TIME :    1.95787789230235       sec
          50 %           1   44.7955159519333     
 	 100 %           4   90.3584174003918     
 Time :   90.5409028169233     
 WOCIVL455M0010NH220/N_atom200E+10_Vexp500E+01_Vemit600E+02_tauD000E+00_Vran500E
 +01                  
 Start
           0
 set_grid_done
 set_clumps_done
 Done
 TIME :    1.99253746005706       sec
          50 %           3   64.2629226259887     
 	 100 %           1   126.926139300689     
 Time :   127.092125598341     
 WOCIVL455M0010NH220/N_atom200E+10_Vexp100E+02_Vemit700E+02_tauD000E+00_Vran118E
 +01                  
 Start
           0
 set_grid_done
 set_clumps_done
 Done
 TIME :    1.40989852417260       sec
          50 %           3   45.8552705405746     
 	 100 %           1   92.9330377352890     
 Time :   93.0974200009368     
 WOCIVL455M0010NH220/N_atom200E+10_Vexp200E+02_Vemit700E+02_tauD000E+00_Vran118E
 +01                  
 Start
           0
 set_grid_done
 set_clumps_done
 Done
 TIME :    1.40943300421350       sec
          50 %           3   45.6175051473547     
 	 100 %           4   89.3979336756747     
 Time :   89.5423465727363     
 WOCIVL455M0010NH220/N_atom200E+10_Vexp300E+02_Vemit700E+02_tauD000E+00_Vran118E
 +01                  
 Start
           0
 set_grid_done
 set_clumps_done
 Done
 TIME :    1.41579636302777       sec
          50 %           4   42.5123764097225     
 	 100 %           2   85.1532956568990     
 Time :   85.3147308717016     
 WOCIVL455M0010NH220/N_atom200E+10_Vexp400E+02_Vemit700E+02_tauD000E+00_Vran118E
 +01                  
 Start
           0
 set_grid_done
 set_clumps_done
 Done
 TIME :    1.41026968578808       sec
          50 %           4   46.5410392654594     
 	 100 %           3   90.2132750244346     
 Time :   90.3752855567727     
 WOCIVL455M0010NH220/N_atom200E+10_Vexp500E+02_Vemit700E+02_tauD000E+00_Vran118E
 +01                  
 Start
           0
 set_grid_done
 set_clumps_done
 Done
 TIME :    1.96162424422801       sec
          50 %           2   45.7000688994303     
 	 100 %           1   86.1160074735526     
 Time :   86.2555389832705     
 WOCIVL455M0010NH220/N_atom200E+10_Vexp600E+02_Vemit700E+02_tauD000E+00_Vran118E
 +01                  
 Start
           0
 set_grid_done
 set_clumps_done
 Done
 TIME :    1.40488490695134       sec
          50 %           4   42.2625576816499     
 	 100 %           1   83.4639107433613     
 Time :   83.6193359470926     
 WOCIVL455M0010NH220/N_atom200E+10_Vexp700E+02_Vemit700E+02_tauD000E+00_Vran118E
 +01                  
 Start
           0
 set_grid_done
 set_clumps_done
 Done
 TIME :    1.40864890185185       sec
          50 %           2   42.8033044277690     
 	 100 %           3   84.4697146075778     
 Time :   84.6267008625437     
 WOCIVL455M0010NH220/N_atom200E+10_Vexp800E+02_Vemit700E+02_tauD000E+00_Vran118E
 +01                  
 Start
           0
 set_grid_done
 set_clumps_done
 Done
 TIME :    1.51173765305430       sec
          50 %           3   49.1572897247970     
 	 100 %           4   91.4237107392401     
 Time :   91.5758484988473     
 WOCIVL455M0010NH220/N_atom200E+10_Vexp900E+02_Vemit700E+02_tauD000E+00_Vran118E
 +01                  
 Start
           0
 set_grid_done
 set_clumps_done
 Done
 TIME :    1.40748591348529       sec
          50 %           3   46.1088733519427     
 	 100 %           3   94.0901460542809     
 Time :   94.2650508510415     
 WOCIVL455M0010NH220/N_atom200E+10_Vexp100E+03_Vemit700E+02_tauD000E+00_Vran118E
 +01                  
 Start
           0
 set_grid_done
 set_clumps_done
 Done
 TIME :    1.93126139859669       sec
          50 %           3   49.2815785007551     
 	 100 %           3   96.2515611478593     
 Time :   96.4203842782881     
 WOCIVL455M0010NH220/N_atom200E+10_Vexp200E+03_Vemit700E+02_tauD000E+00_Vran118E
 +01                  
 Start
           0
 set_grid_done
 set_clumps_done
 Done
 TIME :    1.41252187313512       sec
          50 %           2   43.8120273202658     
 	 100 %           1   85.6717948282603     
 Time :   85.8413286518771     
 WOCIVL455M0010NH220/N_atom200E+10_Vexp300E+03_Vemit700E+02_tauD000E+00_Vran118E
 +01                  
 Start
           0
 set_grid_done
 set_clumps_done
 Done
 TIME :    1.41247351188213       sec
          50 %           4   45.9607799777295     
 	 100 %           2   90.3393682313617     
 Time :   90.5081221507862     
 WOCIVL455M0010NH220/N_atom200E+10_Vexp500E+01_Vemit700E+02_tauD000E+00_Vran118E
 +01                  
 Start
           0
 set_grid_done
 set_clumps_done
 Done
 TIME :    1.41303006373346       sec
          50 %           4   46.1553548669908     
 	 100 %           4   91.1623550625518     
 Time :   91.3395081590861     
 WOCIVL455M0010NH220/N_atom200E+10_Vexp100E+02_Vemit700E+02_tauD000E+00_Vran300E
 +01                  
 Start
           0
 set_grid_done
 set_clumps_done
 Done
 TIME :    2.42592102522030       sec
          50 %           1   53.4714899985120     
 	 100 %           3   100.645982625661     
 Time :   100.822486665333     
 WOCIVL455M0010NH220/N_atom200E+10_Vexp200E+02_Vemit700E+02_tauD000E+00_Vran300E
 +01                  
 Start
           0
 set_grid_done
 set_clumps_done
 Done
 TIME :    2.42453641793691       sec
          50 %           4   46.0233063327614     
 	 100 %           4   92.8572183824144     
 Time :   93.0325721276458     
 WOCIVL455M0010NH220/N_atom200E+10_Vexp300E+02_Vemit700E+02_tauD000E+00_Vran300E
 +01                  
 Start
           0
 set_grid_done
 set_clumps_done
 Done
 TIME :    2.22362119308673       sec
          50 %           4   46.4248906569555     
 	 100 %           4   95.2751476506237     
 Time :   95.4611241964158     
 WOCIVL455M0010NH220/N_atom200E+10_Vexp400E+02_Vemit700E+02_tauD000E+00_Vran300E
 +01                  
 Start
           0
 set_grid_done
 set_clumps_done
 Done
 TIME :    2.36150693171658       sec
          50 %           1   53.8610526579432     
 	 100 %           4   102.531209664419     
 Time :   102.707504628925     
 WOCIVL455M0010NH220/N_atom200E+10_Vexp500E+02_Vemit700E+02_tauD000E+00_Vran300E
 +01                  
 Start
           0
 set_grid_done
 set_clumps_done
 Done
 TIME :    1.40909455437213       sec
          50 %           2   52.2539902501740     
 	 100 %           4   101.469285053434     
 Time :   101.643171685515     
 WOCIVL455M0010NH220/N_atom200E+10_Vexp600E+02_Vemit700E+02_tauD000E+00_Vran300E
 +01                  
 Start
           0
 set_grid_done
 set_clumps_done
 Done
 TIME :    1.77738955104724       sec
          50 %           4   48.3772484145593     
 	 100 %           3   96.8733336690348     
 Time :   97.0465814934578     
 WOCIVL455M0010NH220/N_atom200E+10_Vexp700E+02_Vemit700E+02_tauD000E+00_Vran300E
 +01                  
 Start
           0
 set_grid_done
 set_clumps_done
 Done
 TIME :    1.41070714290254       sec
          50 %           2   55.5093957495410     
 	 100 %           4   107.277435366064     
 Time :   107.460010111332     
 WOCIVL455M0010NH220/N_atom200E+10_Vexp800E+02_Vemit700E+02_tauD000E+00_Vran300E
 +01                  
 Start
           0
 set_grid_done
 set_clumps_done
 Done
 TIME :    2.35807035560720       sec
          50 %           1   51.6824377211742     
 	 100 %           2   102.467296117218     
 Time :   102.638532058569     
 WOCIVL455M0010NH220/N_atom200E+10_Vexp900E+02_Vemit700E+02_tauD000E+00_Vran300E
 +01                  
 Start
           0
 set_grid_done
 set_clumps_done
 Done
 TIME :    1.43119239644147       sec
          50 %           2   45.0462900961284     
 	 100 %           1   89.1440534498543     
 Time :   89.2896572181489     
 WOCIVL455M0010NH220/N_atom200E+10_Vexp100E+03_Vemit700E+02_tauD000E+00_Vran300E
 +01                  
 Start
           0
 set_grid_done
 set_clumps_done
 Done
 TIME :    1.41256152815185       sec
          50 %           2   45.8573648296297     
 	 100 %           2   88.2567927902564     
 Time :   88.3946102096234     
 WOCIVL455M0010NH220/N_atom200E+10_Vexp200E+03_Vemit700E+02_tauD000E+00_Vran300E
 +01                  
 Start
           0
 set_grid_done
 set_clumps_done
 Done
 TIME :    1.41143520898186       sec
          50 %           2   43.7372383549809     
 	 100 %           3   82.9997129691765     
 Time :   83.1375311701559     
 WOCIVL455M0010NH220/N_atom200E+10_Vexp300E+03_Vemit700E+02_tauD000E+00_Vran300E
 +01                  
 Start
           0
 set_grid_done
 set_clumps_done
 Done
 TIME :    1.41137325181626       sec
          50 %           2   38.8521112247836     
 	 100 %           3   76.4635953833349     
 Time :   76.6037212866358     
 WOCIVL455M0010NH220/N_atom200E+10_Vexp500E+01_Vemit700E+02_tauD000E+00_Vran300E
 +01                  
 Start
           0
 set_grid_done
 set_clumps_done
 Done
 TIME :    1.40995460026897       sec
          50 %           3   47.0997688551433     
 	 100 %           3   95.8482615412213     
 Time :   96.0204713735729     
 WOCIVL455M0010NH220/N_atom200E+10_Vexp100E+02_Vemit700E+02_tauD000E+00_Vran500E
 +01                  
 Start
           0
 set_grid_done
 set_clumps_done
 Done
 TIME :    1.41653777449392       sec
          50 %           4   51.9160027145408     
 	 100 %           2   100.347427129280     
 Time :   100.516630728729     
 WOCIVL455M0010NH220/N_atom200E+10_Vexp200E+02_Vemit700E+02_tauD000E+00_Vran500E
 +01                  
 Start
           0
 set_grid_done
 set_clumps_done
 Done
 TIME :    1.41236871364526       sec
          50 %           3   48.0345184942707     
 	 100 %           4   96.6529813020024     
 Time :   96.8177575021982     
 WOCIVL455M0010NH220/N_atom200E+10_Vexp300E+02_Vemit700E+02_tauD000E+00_Vran500E
 +01                  
 Start
           0
 set_grid_done
 set_clumps_done
 Done
 TIME :    1.41450910968706       sec
          50 %           1   47.7474162781145     
 	 100 %           2   97.6527432953008     
 Time :   97.8197136633098     
 WOCIVL455M0010NH220/N_atom200E+10_Vexp400E+02_Vemit700E+02_tauD000E+00_Vran500E
 +01                  
 Start
           0
 set_grid_done
 set_clumps_done
 Done
 TIME :    1.41066269855946       sec
          50 %           2   52.8252292165998     
 	 100 %           4   103.451336742146     
 Time :   103.620073168539     
 WOCIVL455M0010NH220/N_atom200E+10_Vexp500E+02_Vemit700E+02_tauD000E+00_Vran500E
 +01                  
 Start
           0
 set_grid_done
 set_clumps_done
 Done
 TIME :    2.33374485233799       sec
          50 %           4   49.5857596013229     
 	 100 %           2   96.2013187634293     
 Time :   96.3650404403452     
 WOCIVL455M0010NH220/N_atom200E+10_Vexp600E+02_Vemit700E+02_tauD000E+00_Vran500E
 +01                  
 Start
           0
 set_grid_done
 set_clumps_done
 Done
 TIME :    1.68179039773531       sec
          50 %           4   53.6453664915171     
 	 100 %           2   104.144725781865     
 Time :   104.310365233803     
 WOCIVL455M0010NH220/N_atom200E+10_Vexp700E+02_Vemit700E+02_tauD000E+00_Vran500E
 +01                  
 Start
           0
 set_grid_done
 set_clumps_done
 Done
 TIME :    2.10470952163450       sec
          50 %           4   57.4270381135866     
 	 100 %           4   108.734036653303     
 Time :   108.897271540016     
 WOCIVL455M0010NH220/N_atom200E+10_Vexp800E+02_Vemit700E+02_tauD000E+00_Vran500E
 +01                  
 Start
           0
 set_grid_done
 set_clumps_done
 Done
 TIME :    2.33772413455881       sec
          50 %           1   50.9321490228176     
 	 100 %           4   102.014903107891     
 Time :   102.192351512844     
 WOCIVL455M0010NH220/N_atom200E+10_Vexp900E+02_Vemit700E+02_tauD000E+00_Vran500E
 +01                  
 Start
           0
 set_grid_done
 set_clumps_done
 Done
 TIME :    2.41390468040481       sec
          50 %           2   52.9376025085803     
 	 100 %           1   103.391217637574     
 Time :   103.570340006845     
 WOCIVL455M0010NH220/N_atom200E+10_Vexp100E+03_Vemit700E+02_tauD000E+00_Vran500E
 +01                  
 Start
           0
 set_grid_done
 set_clumps_done
 Done
 TIME :    2.36197736114264       sec
          50 %           2   52.0737653770484     
 	 100 %           3   99.2176699228585     
 Time :   99.3558812669944     
 WOCIVL455M0010NH220/N_atom200E+10_Vexp200E+03_Vemit700E+02_tauD000E+00_Vran500E
 +01                  
 Start
           0
 set_grid_done
 set_clumps_done
 Done
 TIME :    1.42014766833745       sec
          50 %           3   42.1871038393583     
 	 100 %           3   82.5200747780036     
 Time :   82.6751739254687     
 WOCIVL455M0010NH220/N_atom200E+10_Vexp300E+03_Vemit700E+02_tauD000E+00_Vran500E
 +01                  
 Start
           0
 set_grid_done
 set_clumps_done
 Done
 TIME :    2.38788137794472       sec
          50 %           3   42.1375394866336     
 	 100 %           2   83.9243529275991     
 Time :   84.0652212444693     
 WOCIVL455M0010NH220/N_atom200E+10_Vexp500E+01_Vemit700E+02_tauD000E+00_Vran500E
 +01                  
 Start
           0
 set_grid_done
 set_clumps_done
 Done
 TIME :    1.42518975958228       sec
          50 %           1   57.6698799130972     
 	 100 %           2   112.471442268463     
 Time :   112.626929179067     
 WOCIVL455M0010NH220/N_atom200E+10_Vexp100E+02_Vemit800E+02_tauD000E+00_Vran118E
 +01                  
 Start
           0
 set_grid_done
 set_clumps_done
 Done
 TIME :    2.37816702481359       sec
          50 %           4   45.8930270627607     
 	 100 %           4   86.0274999858811     
 Time :   86.1999451429583     
 WOCIVL455M0010NH220/N_atom200E+10_Vexp200E+02_Vemit800E+02_tauD000E+00_Vran118E
 +01                  
 Start
           0
 set_grid_done
 set_clumps_done
 Done
 TIME :    1.49024653783999       sec
          50 %           1   42.7605329758953     
 	 100 %           3   84.3592023036908     
 Time :   84.4990786053240     
 WOCIVL455M0010NH220/N_atom200E+10_Vexp300E+02_Vemit800E+02_tauD000E+00_Vran118E
 +01                  
 Start
           0
 set_grid_done
 set_clumps_done
 Done
 TIME :    1.42689248826355       sec
          50 %           3   40.4663759372197     
 	 100 %           1   79.8995654177852     
 Time :   80.0403455677442     
 WOCIVL455M0010NH220/N_atom200E+10_Vexp400E+02_Vemit800E+02_tauD000E+00_Vran118E
 +01                  
 Start
           0
 set_grid_done
 set_clumps_done
 Done
 TIME :    1.44631373067386       sec
          50 %           2   42.2926685307175     
 	 100 %           1   84.2463084878400     
 Time :   84.4004327324219     
 WOCIVL455M0010NH220/N_atom200E+10_Vexp500E+02_Vemit800E+02_tauD000E+00_Vran118E
 +01                  
 Start
           0
 set_grid_done
 set_clumps_done
 Done
 TIME :    1.63055392401293       sec
          50 %           1   45.9453329476528     
 	 100 %           4   92.1045319614932     
 Time :   92.2878203357104     
 WOCIVL455M0010NH220/N_atom200E+10_Vexp600E+02_Vemit800E+02_tauD000E+00_Vran118E
 +01                  
 Start
           0
 set_grid_done
 set_clumps_done
 Done
 TIME :    2.41856043133885       sec
          50 %           2   47.8095841153990     
 	 100 %           2   94.4768166469876     
 Time :   94.6459567262791     
 WOCIVL455M0010NH220/N_atom200E+10_Vexp700E+02_Vemit800E+02_tauD000E+00_Vran118E
 +01                  
 Start
           0
 set_grid_done
 set_clumps_done
 Done
 TIME :    1.41424479987472       sec
          50 %           4   45.1244163399097     
 	 100 %           4   91.2999660919886     
 Time :   91.4703284217976     
 WOCIVL455M0010NH220/N_atom200E+10_Vexp800E+02_Vemit800E+02_tauD000E+00_Vran118E
 +01                  
 Start
           0
 set_grid_done
 set_clumps_done
 Done
 TIME :    1.41161326575093       sec
          50 %           4   48.2362455537077     
 	 100 %           2   95.0032512787730     
 Time :   95.1772448928095     
 WOCIVL455M0010NH220/N_atom200E+10_Vexp900E+02_Vemit800E+02_tauD000E+00_Vran118E
 +01                  
 Start
           0
 set_grid_done
 set_clumps_done
 Done
 TIME :    1.41144572873600       sec
          50 %           3   45.3381875664927     
 	 100 %           2   89.0416948187631     
 Time :   89.2096766587347     
 WOCIVL455M0010NH220/N_atom200E+10_Vexp100E+03_Vemit800E+02_tauD000E+00_Vran118E
 +01                  
 Start
           0
 set_grid_done
 set_clumps_done
 Done
 TIME :    1.50661508971825       sec
          50 %           4   47.2584598322865     
 	 100 %           4   93.1412224117666     
 Time :   93.3054862937424     
 WOCIVL455M0010NH220/N_atom200E+10_Vexp200E+03_Vemit800E+02_tauD000E+00_Vran118E
 +01                  
 Start
           0
 set_grid_done
 set_clumps_done
 Done
 TIME :    1.80935591785237       sec
          50 %           2   44.1313424392138     
 	 100 %           3   83.4144833094906     
 Time :   83.5732525244821     
 WOCIVL455M0010NH220/N_atom200E+10_Vexp300E+03_Vemit800E+02_tauD000E+00_Vran118E
 +01                  
 Start
           0
 set_grid_done
 set_clumps_done
 Done
 TIME :    2.42568591097370       sec
          50 %           2   43.3246711594984     
 	 100 %           3   84.1994270470459     
 Time :   84.3373873967212     
 WOCIVL455M0010NH220/N_atom200E+10_Vexp500E+01_Vemit800E+02_tauD000E+00_Vran118E
 +01                  
 Start
           0
 set_grid_done
 set_clumps_done
 Done
 TIME :    1.41254028794356       sec
          50 %           3   39.1478947212454     
 	 100 %           2   79.0253979787230     
 Time :   79.1769525858108     
 WOCIVL455M0010NH220/N_atom200E+10_Vexp100E+02_Vemit800E+02_tauD000E+00_Vran300E
 +01                  
 Start
           0
 set_grid_done
 set_clumps_done
 Done
 TIME :    2.42579744174145       sec
          50 %           4   44.8147785644978     
 	 100 %           3   90.8684805147350     
 Time :   91.0303850967903     
 WOCIVL455M0010NH220/N_atom200E+10_Vexp200E+02_Vemit800E+02_tauD000E+00_Vran300E
 +01                  
 Start
           0
 set_grid_done
 set_clumps_done
 Done
 TIME :    1.40928112715483       sec
          50 %           1   45.7109327956568     
 	 100 %           3   90.9741910917219     
 Time :   91.1446777868550     
 WOCIVL455M0010NH220/N_atom200E+10_Vexp300E+02_Vemit800E+02_tauD000E+00_Vran300E
 +01                  
 Start
           0
 set_grid_done
 set_clumps_done
 Done
 TIME :    2.41933970456012       sec
          50 %           3   45.3114644715097     
 	 100 %           4   88.0602693173569     
 Time :   88.2411578050815     
 WOCIVL455M0010NH220/N_atom200E+10_Vexp400E+02_Vemit800E+02_tauD000E+00_Vran300E
 +01                  
 Start
           0
 set_grid_done
 set_clumps_done
 Done
 TIME :    2.41773725533858       sec
          50 %           2   47.1680026790127     
 	 100 %           2   91.7289510923438     
 Time :   91.9024306947831     
 WOCIVL455M0010NH220/N_atom200E+10_Vexp500E+02_Vemit800E+02_tauD000E+00_Vran300E
 +01                  
 Start
           0
 set_grid_done
 set_clumps_done
 Done
 TIME :    2.37309521739371       sec
          50 %           1   45.9198553368915     
 	 100 %           1   88.6542978133075     
 Time :   88.7915808525868     
 WOCIVL455M0010NH220/N_atom200E+10_Vexp600E+02_Vemit800E+02_tauD000E+00_Vran300E
 +01                  
 Start
           0
 set_grid_done
 set_clumps_done
 Done
 TIME :    2.37130129616708       sec
          50 %           2   43.1799321859144     
 	 100 %           1   84.8774297311902     
 Time :   85.0312850975897     
 WOCIVL455M0010NH220/N_atom200E+10_Vexp700E+02_Vemit800E+02_tauD000E+00_Vran300E
 +01                  
 Start
           0
 set_grid_done
 set_clumps_done
 Done
 TIME :    1.41666297102347       sec
          50 %           4   44.4973987638950     
 	 100 %           1   88.9367854862940     
 Time :   89.1079749497585     
 WOCIVL455M0010NH220/N_atom200E+10_Vexp800E+02_Vemit800E+02_tauD000E+00_Vran300E
 +01                  
 Start
           0
 set_grid_done
 set_clumps_done
 Done
 TIME :    2.41293396544643       sec
          50 %           4   46.6499476875179     
 	 100 %           1   91.1850560246967     
 Time :   91.3594070044346     
 WOCIVL455M0010NH220/N_atom200E+10_Vexp900E+02_Vemit800E+02_tauD000E+00_Vran300E
 +01                  
 Start
           0
 set_grid_done
 set_clumps_done
 Done
 TIME :    2.41022302093916       sec
          50 %           2   46.0402632767800     
 	 100 %           4   88.8598826851230     
 Time :   89.0138140753843     
 WOCIVL455M0010NH220/N_atom200E+10_Vexp100E+03_Vemit800E+02_tauD000E+00_Vran300E
 +01                  
 Start
           0
 set_grid_done
 set_clumps_done
 Done
 TIME :    1.40674538374878       sec
          50 %           2   43.7284998963587     
 	 100 %           2   87.1190491868183     
 Time :   87.2551619841252     
 WOCIVL455M0010NH220/N_atom200E+10_Vexp200E+03_Vemit800E+02_tauD000E+00_Vran300E
 +01                  
 Start
           0
 set_grid_done
 set_clumps_done
 Done
 TIME :    1.40566524188034       sec
          50 %           2   40.6900689192116     
 	 100 %           1   81.6488733354490     
 Time :   81.8065430221613     
 WOCIVL455M0010NH220/N_atom200E+10_Vexp300E+03_Vemit800E+02_tauD000E+00_Vran300E
 +01                  
 Start
           0
 set_grid_done
 set_clumps_done
 Done
 TIME :    1.40721321804449       sec
          50 %           2   42.4615042249206     
 	 100 %           2   82.1840079429094     
 Time :   82.3491182548460     
 WOCIVL455M0010NH220/N_atom200E+10_Vexp500E+01_Vemit800E+02_tauD000E+00_Vran300E
 +01                  
 Start
           0
 set_grid_done
 set_clumps_done
 Done
 TIME :    1.44012215640396       sec
          50 %           3   43.8781412367243     
 	 100 %           2   85.8379162212368     
 Time :   85.9772025472485     
 WOCIVL455M0010NH220/N_atom200E+10_Vexp100E+02_Vemit800E+02_tauD000E+00_Vran500E
 +01                  
 Start
           0
 set_grid_done
 set_clumps_done
 Done
 TIME :    1.40614251419902       sec
          50 %           3   44.6157336852048     
 	 100 %           4   87.9796256849077     
 Time :   88.1370789322536     
 WOCIVL455M0010NH220/N_atom200E+10_Vexp200E+02_Vemit800E+02_tauD000E+00_Vran500E
 +01                  
 Start
           0
 set_grid_done
 set_clumps_done
 Done
 TIME :    2.35573753574863       sec
          50 %           1   44.4292146037333     
 	 100 %           3   88.3824915115256     
 Time :   88.5346170479897     
 WOCIVL455M0010NH220/N_atom200E+10_Vexp300E+02_Vemit800E+02_tauD000E+00_Vran500E
 +01                  
 Start
           0
 set_grid_done
 set_clumps_done
 Done
 TIME :    2.41295137838461       sec
          50 %           2   45.5492250558455     
 	 100 %           1   89.3013073906768     
 Time :   89.4375085348729     
 WOCIVL455M0010NH220/N_atom200E+10_Vexp400E+02_Vemit800E+02_tauD000E+00_Vran500E
 +01                  
 Start
           0
 set_grid_done
 set_clumps_done
 Done
 TIME :    1.40791512490250       sec
          50 %           1   45.7382048587315     
 	 100 %           3   88.2437080659438     
 Time :   88.3950370966922     
 WOCIVL455M0010NH220/N_atom200E+10_Vexp500E+02_Vemit800E+02_tauD000E+00_Vran500E
 +01                  
 Start
           0
 set_grid_done
 set_clumps_done
 Done
 TIME :    2.40230211778544       sec
          50 %           4   44.6051930198446     
 	 100 %           4   89.4364058603533     
 Time :   89.6093637768645     
 WOCIVL455M0010NH220/N_atom200E+10_Vexp600E+02_Vemit800E+02_tauD000E+00_Vran500E
 +01                  
 Start
           0
 set_grid_done
 set_clumps_done
 Done
 TIME :    2.41085293167271       sec
          50 %           2   48.0108179124072     
 	 100 %           3   96.1021115998738     
 Time :   96.2431509499438     
 WOCIVL455M0010NH220/N_atom200E+10_Vexp700E+02_Vemit800E+02_tauD000E+00_Vran500E
 +01                  
 Start
           0
 set_grid_done
 set_clumps_done
 Done
 TIME :    1.40738539351150       sec
          50 %           3   45.6589959082194     
 	 100 %           3   87.3933455857914     
 Time :   87.5331782046705     
 WOCIVL455M0010NH220/N_atom200E+10_Vexp800E+02_Vemit800E+02_tauD000E+00_Vran500E
 +01                  
 Start
           0
 set_grid_done
 set_clumps_done
 Done
 TIME :    1.44648672780022       sec
          50 %           2   43.0657631796785     
 	 100 %           1   89.5121690973174     
 Time :   89.6745910174213     
 WOCIVL455M0010NH220/N_atom200E+10_Vexp900E+02_Vemit800E+02_tauD000E+00_Vran500E
 +01                  
 Start
           0
 set_grid_done
 set_clumps_done
 Done
 TIME :    1.45577631797642       sec
          50 %           3   46.4292749445885     
 	 100 %           3   95.9118886168581     
 Time :   96.0917358964216     
 WOCIVL455M0010NH220/N_atom200E+10_Vexp100E+03_Vemit800E+02_tauD000E+00_Vran500E
 +01                  
 Start
           0
 set_grid_done
 set_clumps_done
 Done
 TIME :    2.11463468358852       sec
          50 %           1   51.3652436318807     
 	 100 %           2   100.031727524940     
 Time :   100.177528876578     
 WOCIVL455M0010NH220/N_atom200E+10_Vexp200E+03_Vemit800E+02_tauD000E+00_Vran500E
 +01                  
 Start
           0
 set_grid_done
 set_clumps_done
 Done
 TIME :    1.48727826680988       sec
          50 %           1   44.1959440871142     
 	 100 %           2   86.8779983427376     
 Time :   87.0463756904937     
 WOCIVL455M0010NH220/N_atom200E+10_Vexp300E+03_Vemit800E+02_tauD000E+00_Vran500E
 +01                  
 Start
           0
 set_grid_done
 set_clumps_done
 Done
 TIME :    2.10133015341125       sec
          50 %           4   43.2270056200214     
 	 100 %           3   83.7777603804134     
 Time :   83.9172441398259     
 WOCIVL455M0010NH220/N_atom200E+10_Vexp500E+01_Vemit800E+02_tauD000E+00_Vran500E
 +01                  
 Start
           0
 set_grid_done
 set_clumps_done
 Done
 TIME :    1.40757473139092       sec
          50 %           3   50.1308791337069     
 	 100 %           2   99.4597786965314     
 Time :   99.5992479785345     
 WOCIVL455M0010NH220/N_atom200E+10_Vexp100E+02_Vemit900E+02_tauD000E+00_Vran118E
 +01                  
 Start
           0
 set_grid_done
 set_clumps_done
 Done
 TIME :    1.41078664292581       sec
          50 %           1   38.2539861048572     
 	 100 %           1   75.6042857400607     
 Time :   75.7400040014181     
 WOCIVL455M0010NH220/N_atom200E+10_Vexp200E+02_Vemit900E+02_tauD000E+00_Vran118E
 +01                  
 Start
           0
 set_grid_done
 set_clumps_done
 Done
 TIME :    1.72952078352682       sec
          50 %           4   39.6110752623063     
 	 100 %           1   77.9356306057889     
 Time :   78.0955435228534     
 WOCIVL455M0010NH220/N_atom200E+10_Vexp300E+02_Vemit900E+02_tauD000E+00_Vran118E
 +01                  
 Start
           0
 set_grid_done
 set_clumps_done
 Done
 TIME :    1.40514559973963       sec
          50 %           2   39.9675757836085     
 	 100 %           1   77.8706239124294     
 Time :   78.0341971686576     
 WOCIVL455M0010NH220/N_atom200E+10_Vexp400E+02_Vemit900E+02_tauD000E+00_Vran118E
 +01                  
 Start
           0
 set_grid_done
 set_clumps_done
 Done
 TIME :    2.40506689413451       sec
          50 %           4   42.6904590234626     
 	 100 %           1   83.1001728707924     
 Time :   83.2376918061636     
 WOCIVL455M0010NH220/N_atom200E+10_Vexp500E+02_Vemit900E+02_tauD000E+00_Vran118E
 +01                  
 Start
           0
 set_grid_done
 set_clumps_done
 Done
 TIME :    1.40571499592625       sec
          50 %           3   40.8360273479484     
 	 100 %           3   82.3893178852741     
 Time :   82.5454077755567     
 WOCIVL455M0010NH220/N_atom200E+10_Vexp600E+02_Vemit900E+02_tauD000E+00_Vran118E
 +01                  
 Start
           0
 set_grid_done
 set_clumps_done
 Done
 TIME :    2.41202216199599       sec
          50 %           4   46.5452562870923     
 	 100 %           1   88.3311681137420     
 Time :   88.4804610155988     
 WOCIVL455M0010NH220/N_atom200E+10_Vexp700E+02_Vemit900E+02_tauD000E+00_Vran118E
 +01                  
 Start
           0
 set_grid_done
 set_clumps_done
 Done
 TIME :    1.40688933571801       sec
          50 %           4   42.2780390763655     
 	 100 %           4   84.4019740361255     
 Time :   84.5484744191635     
 WOCIVL455M0010NH220/N_atom200E+10_Vexp800E+02_Vemit900E+02_tauD000E+00_Vran118E
 +01                  
 Start
           0
 set_grid_done
 set_clumps_done
 Done
 TIME :    1.40480286185630       sec
          50 %           2   42.6723271484952     
 	 100 %           4   83.4572461450007     
 Time :   83.6075606981758     
 WOCIVL455M0010NH220/N_atom200E+10_Vexp900E+02_Vemit900E+02_tauD000E+00_Vran118E
 +01                  
 Start
           0
 set_grid_done
 set_clumps_done
 Done
 TIME :    1.40771003719419       sec
          50 %           4   44.8959604343399     
 	 100 %           3   88.4210290098563     
 Time :   88.5752564896829     
 WOCIVL455M0010NH220/N_atom200E+10_Vexp100E+03_Vemit900E+02_tauD000E+00_Vran118E
 +01                  
 Start
           0
 set_grid_done
 set_clumps_done
 Done
 TIME :    2.31903928401880       sec
          50 %           4   45.8146721664816     
 	 100 %           3   89.2563533429056     
 Time :   89.4064401956275     
 WOCIVL455M0010NH220/N_atom200E+10_Vexp200E+03_Vemit900E+02_tauD000E+00_Vran118E
 +01                  
 Start
           0
 set_grid_done
 set_clumps_done
 Done
 TIME :    1.42444871878251       sec
          50 %           1   43.9634897834621     
 	 100 %           1   85.1836010140833     
 Time :   85.3200326538645     
 WOCIVL455M0010NH220/N_atom200E+10_Vexp300E+03_Vemit900E+02_tauD000E+00_Vran118E
 +01                  
 Start
           0
 set_grid_done
 set_clumps_done
 Done
 TIME :    1.42537591140717       sec
          50 %           4   40.5839242313523     
 	 100 %           2   81.4276764718816     
 Time :   81.5682399622165     
 WOCIVL455M0010NH220/N_atom200E+10_Vexp500E+01_Vemit900E+02_tauD000E+00_Vran118E
 +01                  
 Start
           0
 set_grid_done
 set_clumps_done
 Done
 TIME :    1.56503765727393       sec
          50 %           2   40.2996006680187     
 	 100 %           1   80.7432819749229     
 Time :   80.8802840232383     
 WOCIVL455M0010NH220/N_atom200E+10_Vexp100E+02_Vemit900E+02_tauD000E+00_Vran300E
 +01                  
 Start
           0
 set_grid_done
 set_clumps_done
 Done
 TIME :    1.41025542863645       sec
          50 %           4   41.1904096549843     
 	 100 %           2   81.6368553275242     
 Time :   81.7872375485022     
 WOCIVL455M0010NH220/N_atom200E+10_Vexp200E+02_Vemit900E+02_tauD000E+00_Vran300E
 +01                  
 Start
           0
 set_grid_done
 set_clumps_done
 Done
 TIME :    1.40954541671090       sec
          50 %           4   42.6195069411770     
 	 100 %           3   84.8664233156014     
 Time :   85.0432536520530     
 WOCIVL455M0010NH220/N_atom200E+10_Vexp300E+02_Vemit900E+02_tauD000E+00_Vran300E
 +01                  
 Start
           0
 set_grid_done
 set_clumps_done
 Done
 TIME :    2.35574208432809       sec
          50 %           4   44.9678151130211     
 	 100 %           2   87.4087312496267     
 Time :   87.5518342505675     
 WOCIVL455M0010NH220/N_atom200E+10_Vexp400E+02_Vemit900E+02_tauD000E+00_Vran300E
 +01                  
 Start
           0
 set_grid_done
 set_clumps_done
 Done
 TIME :    1.42827494163066       sec
          50 %           1   42.5534568552393     
 	 100 %           1   81.8122680543456     
 Time :   81.9510047016665     
 WOCIVL455M0010NH220/N_atom200E+10_Vexp500E+02_Vemit900E+02_tauD000E+00_Vran300E
 +01                  
 Start
           0
 set_grid_done
 set_clumps_done
 Done
 TIME :    1.43759252480231       sec
          50 %           3   44.4436211166903     
 	 100 %           4   84.7970605974551     
 Time :   84.9358078446239     
 WOCIVL455M0010NH220/N_atom200E+10_Vexp600E+02_Vemit900E+02_tauD000E+00_Vran300E
 +01                  
 Start
           0
 set_grid_done
 set_clumps_done
 Done
 TIME :    1.44905561371706       sec
          50 %           2   43.8878075294197     
 	 100 %           2   86.3146556029096     
 Time :   86.4557487145066     
 WOCIVL455M0010NH220/N_atom200E+10_Vexp700E+02_Vemit900E+02_tauD000E+00_Vran300E
 +01                  
 Start
           0
 set_grid_done
 set_clumps_done
 Done
 TIME :    1.47183412243612       sec
          50 %           1   44.7532129152678     
 	 100 %           1   86.3764999385457     
 Time :   86.5153194223531     
 WOCIVL455M0010NH220/N_atom200E+10_Vexp800E+02_Vemit900E+02_tauD000E+00_Vran300E
 +01                  
 Start
           0
 set_grid_done
 set_clumps_done
 Done
 TIME :    1.43315609847195       sec
          50 %           2   42.0095560967457     
 	 100 %           1   85.5902386906091     
 Time :   85.7597440604586     
 WOCIVL455M0010NH220/N_atom200E+10_Vexp900E+02_Vemit900E+02_tauD000E+00_Vran300E
 +01                  
 Start
           0
 set_grid_done
 set_clumps_done
 Done
 TIME :    2.37023125356063       sec
          50 %           3   45.6934391169343     
 	 100 %           2   89.6239932312164     
 Time :   89.7714619447943     
 WOCIVL455M0010NH220/N_atom200E+10_Vexp100E+03_Vemit900E+02_tauD000E+00_Vran300E
 +01                  
 Start
           0
 set_grid_done
 set_clumps_done
 Done
 TIME :    1.40953293326311       sec
          50 %           1   46.1587852316443     
 	 100 %           4   88.6844853877556     
 Time :   88.8258461051155     
 WOCIVL455M0010NH220/N_atom200E+10_Vexp200E+03_Vemit900E+02_tauD000E+00_Vran300E
 +01                  
 Start
           0
 set_grid_done
 set_clumps_done
 Done
 TIME :    1.41047694743611       sec
          50 %           4   42.0880892598070     
 	 100 %           3   84.8726318015251     
 Time :   85.0279787473846     
 WOCIVL455M0010NH220/N_atom200E+10_Vexp300E+03_Vemit900E+02_tauD000E+00_Vran300E
 +01                  
 Start
           0
 set_grid_done
 set_clumps_done
 Done
 TIME :    1.40875122556463       sec
          50 %           2   43.2017306522466     
 	 100 %           1   83.2973700775765     
 Time :   83.4666989238467     
 WOCIVL455M0010NH220/N_atom200E+10_Vexp500E+01_Vemit900E+02_tauD000E+00_Vran300E
 +01                  
 Start
           0
 set_grid_done
 set_clumps_done
 Done
 TIME :    1.41254977602512       sec
          50 %           1   46.5684346014168     
 	 100 %           3   91.5659490758553     
 Time :   91.7193203070201     
 WOCIVL455M0010NH220/N_atom200E+10_Vexp100E+02_Vemit900E+02_tauD000E+00_Vran500E
 +01                  
 Start
           0
 set_grid_done
 set_clumps_done
 Done
 TIME :    1.44330449216068       sec
          50 %           3   47.8684824022930     
 	 100 %           2   90.7771406327374     
 Time :   90.9137083699461     
 WOCIVL455M0010NH220/N_atom200E+10_Vexp200E+02_Vemit900E+02_tauD000E+00_Vran500E
 +01                  
 Start
           0
 set_grid_done
 set_clumps_done
 Done
 TIME :    1.40622300631367       sec
          50 %           4   42.4433997015003     
 	 100 %           4   84.6636377351824     
 Time :   84.8154060062952     
 WOCIVL455M0010NH220/N_atom200E+10_Vexp300E+02_Vemit900E+02_tauD000E+00_Vran500E
 +01                  
 Start
           0
 set_grid_done
 set_clumps_done
 Done
 TIME :    1.40908115892671       sec
          50 %           2   46.1893034006935     
 	 100 %           2   90.6456164894626     
 Time :   90.8016322497278     
 WOCIVL455M0010NH220/N_atom200E+10_Vexp400E+02_Vemit900E+02_tauD000E+00_Vran500E
 +01                  
 Start
           0
 set_grid_done
 set_clumps_done
 Done
 TIME :    2.40585098648444       sec
          50 %           3   45.2198503010441     
 	 100 %           2   87.5119024266023     
 Time :   87.6781994719058     
 WOCIVL455M0010NH220/N_atom200E+10_Vexp500E+02_Vemit900E+02_tauD000E+00_Vran500E
 +01                  
 Start
           0
 set_grid_done
 set_clumps_done
 Done
 TIME :    2.36380156944506       sec
          50 %           4   43.7093218036462     
 	 100 %           1   84.4578543079551     
 Time :   84.5993045847863     
 WOCIVL455M0010NH220/N_atom200E+10_Vexp600E+02_Vemit900E+02_tauD000E+00_Vran500E
 +01                  
 Start
           0
 set_grid_done
 set_clumps_done
 Done
 TIME :    2.11485454905778       sec
          50 %           4   43.1071317296010     
 	 100 %           4   85.2881089576986     
 Time :   85.4436075603589     
 WOCIVL455M0010NH220/N_atom200E+10_Vexp700E+02_Vemit900E+02_tauD000E+00_Vran500E
 +01                  
 Start
           0
 set_grid_done
 set_clumps_done
 Done
 TIME :    1.44401516555808       sec
          50 %           4   46.4447224654723     
 	 100 %           3   91.4526042272337     
 Time :   91.6010687332600     
 WOCIVL455M0010NH220/N_atom200E+10_Vexp800E+02_Vemit900E+02_tauD000E+00_Vran500E
 +01                  
 Start
           0
 set_grid_done
 set_clumps_done
 Done
 TIME :    1.46171083603986       sec
          50 %           2   46.6189182216767     
 	 100 %           1   91.6098125018179     
 Time :   91.7602146605495     
 WOCIVL455M0010NH220/N_atom200E+10_Vexp900E+02_Vemit900E+02_tauD000E+00_Vran500E
 +01                  
 Start
           0
 set_grid_done
 set_clumps_done
 Done
 TIME :    1.46779026836157       sec
          50 %           4   46.5699955620803     
 	 100 %           4   91.5119040331338     
 Time :   91.6662718381267     
 WOCIVL455M0010NH220/N_atom200E+10_Vexp100E+03_Vemit900E+02_tauD000E+00_Vran500E
 +01                  
 Start
           0
 set_grid_done
 set_clumps_done
 Done
 TIME :    1.45483282464556       sec
          50 %           1   46.1168191621546     
 	 100 %           1   88.7857195930555     
 Time :   88.9444979955442     
 WOCIVL455M0010NH220/N_atom200E+10_Vexp200E+03_Vemit900E+02_tauD000E+00_Vran500E
 +01                  
 Start
           0
 set_grid_done
 set_clumps_done
 Done
 TIME :    1.52800449263304       sec
          50 %           4   40.9539771510754     
 	 100 %           3   80.4443256908562     
 Time :   80.5974761848338     
 WOCIVL455M0010NH220/N_atom200E+10_Vexp300E+03_Vemit900E+02_tauD000E+00_Vran500E
 +01                  
 Start
           0
 set_grid_done
 set_clumps_done
 Done
 TIME :    1.45517855812795       sec
          50 %           2   40.0855802400038     
 	 100 %           3   77.6293758754618     
 Time :   77.7718280360568     
 WOCIVL455M0010NH220/N_atom200E+10_Vexp500E+01_Vemit900E+02_tauD000E+00_Vran500E
 +01                  
 Start
           0
 set_grid_done
 set_clumps_done
 Done
 TIME :    1.46942333527841       sec
          50 %           3   47.2039075107314     
 	 100 %           3   92.7941790977493     
 Time :   92.9358699091244     
 WOCIVL455M0010NH220/N_atom200E+10_Vexp100E+02_Vemit100E+03_tauD000E+00_Vran118E
 +01                  
 Start
           0
 set_grid_done
 set_clumps_done
 Done
 TIME :    1.46452498598956       sec
          50 %           2   37.5162574492861     
 	 100 %           3   73.5368908152450     
 Time :   73.6750441596378     
 WOCIVL455M0010NH220/N_atom200E+10_Vexp200E+02_Vemit100E+03_tauD000E+00_Vran118E
 +01                  
 Start
           0
 set_grid_done
 set_clumps_done
 Done
 TIME :    1.45995221170597       sec
          50 %           3   37.8246967592277     
 	 100 %           3   75.0184866704512     
 Time :   75.1668753330596     
 WOCIVL455M0010NH220/N_atom200E+10_Vexp300E+02_Vemit100E+03_tauD000E+00_Vran118E
 +01                  
 Start
           0
 set_grid_done
 set_clumps_done
 Done
 TIME :    1.45999438152649       sec
          50 %           3   42.7429306716658     
 	 100 %           3   80.3898527494166     
 Time :   80.5346797092352     
 WOCIVL455M0010NH220/N_atom200E+10_Vexp400E+02_Vemit100E+03_tauD000E+00_Vran118E
 +01                  
 Start
           0
 set_grid_done
 set_clumps_done
 Done
 TIME :    1.40158352605067       sec
          50 %           2   39.9523038847838     
 	 100 %           4   78.3082524817437     
 Time :   78.4544362863526     
 WOCIVL455M0010NH220/N_atom200E+10_Vexp500E+02_Vemit100E+03_tauD000E+00_Vran118E
 +01                  
 Start
           0
 set_grid_done
 set_clumps_done
 Done
 TIME :    2.40454649040475       sec
          50 %           1   41.3988578296266     
 	 100 %           4   80.6781179239042     
 Time :   80.8200525962748     
 WOCIVL455M0010NH220/N_atom200E+10_Vexp600E+02_Vemit100E+03_tauD000E+00_Vran118E
 +01                  
 Start
           0
 set_grid_done
 set_clumps_done
 Done
 TIME :    1.40262927277945       sec
          50 %           3   40.9796525859274     
 	 100 %           2   80.8017401897814     
 Time :   80.9424070557579     
 WOCIVL455M0010NH220/N_atom200E+10_Vexp700E+02_Vemit100E+03_tauD000E+00_Vran118E
 +01                  
 Start
           0
 set_grid_done
 set_clumps_done
 Done
 TIME :    1.40318012423813       sec
          50 %           4   40.9441767253447     
 	 100 %           2   83.6350434494670     
 Time :   83.8112119948491     
 WOCIVL455M0010NH220/N_atom200E+10_Vexp800E+02_Vemit100E+03_tauD000E+00_Vran118E
 +01                  
 Start
           0
 set_grid_done
 set_clumps_done
 Done
 TIME :    2.34389745420776       sec
          50 %           4   45.6258484388236     
 	 100 %           3   86.1491765140090     
 Time :   86.2895224331878     
 WOCIVL455M0010NH220/N_atom200E+10_Vexp900E+02_Vemit100E+03_tauD000E+00_Vran118E
 +01                  
 Start
           0
 set_grid_done
 set_clumps_done
 Done
 TIME :    1.40322977793403       sec
          50 %           3   41.6145115648396     
 	 100 %           1   82.8352257851511     
 Time :   82.9751998214051     
 WOCIVL455M0010NH220/N_atom200E+10_Vexp100E+03_Vemit100E+03_tauD000E+00_Vran118E
 +01                  
 Start
           0
 set_grid_done
 set_clumps_done
 Done
 TIME :    2.18719589756802       sec
          50 %           1   42.7499775225297     
 	 100 %           4   82.9978395379148     
 Time :   83.1379244136624     
 WOCIVL455M0010NH220/N_atom200E+10_Vexp200E+03_Vemit100E+03_tauD000E+00_Vran118E
 +01                  
 Start
           0
 set_grid_done
 set_clumps_done
 Done
 TIME :    1.88645781530067       sec
          50 %           1   41.4438815689646     
 	 100 %           3   81.1661721041892     
 Time :   81.3041817368940     
 WOCIVL455M0010NH220/N_atom200E+10_Vexp300E+03_Vemit100E+03_tauD000E+00_Vran118E
 +01                  
 Start
           0
 set_grid_done
 set_clumps_done
 Done
 TIME :    1.40880980598740       sec
          50 %           3   40.0331128297839     
 	 100 %           3   78.4208722694311     
 Time :   78.5585254987236     
 WOCIVL455M0010NH220/N_atom200E+10_Vexp500E+01_Vemit100E+03_tauD000E+00_Vran118E
 +01                  
 Start
           0
 set_grid_done
 set_clumps_done
 Done
 TIME :    1.40119326836430       sec
          50 %           4   38.8515504847746     
 	 100 %           4   76.6967790757772     
 Time :   76.8477595276199     
 WOCIVL455M0010NH220/N_atom200E+10_Vexp100E+02_Vemit100E+03_tauD000E+00_Vran300E
 +01                  
 Start
           0
 set_grid_done
 set_clumps_done
 Done
 TIME :    2.40573058882728       sec
          50 %           4   41.8636064345483     
 	 100 %           3   81.2083318196237     
 Time :   81.3472057161853     
 WOCIVL455M0010NH220/N_atom200E+10_Vexp200E+02_Vemit100E+03_tauD000E+00_Vran300E
 +01                  
 Start
           0
 set_grid_done
 set_clumps_done
 Done
 TIME :    1.40588452643715       sec
          50 %           4   40.0574613665231     
 	 100 %           3   78.8556278082542     
 Time :   79.0053281802684     
 WOCIVL455M0010NH220/N_atom200E+10_Vexp300E+02_Vemit100E+03_tauD000E+00_Vran300E
 +01                  
 Start
           0
 set_grid_done
 set_clumps_done
 Done
 TIME :    1.40746273961850       sec
          50 %           1   40.5286390746478     
 	 100 %           4   79.6326013794169     
 Time :   79.7728070234880     
 WOCIVL455M0010NH220/N_atom200E+10_Vexp400E+02_Vemit100E+03_tauD000E+00_Vran300E
 +01                  
 Start
           0
 set_grid_done
 set_clumps_done
 Done
 TIME :    1.72727458737791       sec
          50 %           4   41.4783747622278     
 	 100 %           3   83.2273017154075     
 Time :   83.3767122798599     
 WOCIVL455M0010NH220/N_atom200E+10_Vexp500E+02_Vemit100E+03_tauD000E+00_Vran300E
 +01                  
 Start
           0
 set_grid_done
 set_clumps_done
 Done
 TIME :    1.40474139549769       sec
          50 %           2   43.5427028699778     
 	 100 %           4   83.4187333032023     
 Time :   83.5590648751240     
 WOCIVL455M0010NH220/N_atom200E+10_Vexp600E+02_Vemit100E+03_tauD000E+00_Vran300E
 +01                  
 Start
           0
 set_grid_done
 set_clumps_done
 Done
 TIME :    1.40570828341879       sec
          50 %           4   41.6494261247572     
 	 100 %           4   82.0755480187945     
 Time :   82.2185548078269     
 WOCIVL455M0010NH220/N_atom200E+10_Vexp700E+02_Vemit100E+03_tauD000E+00_Vran300E
 +01                  
 Start
           0
 set_grid_done
 set_clumps_done
 Done
 TIME :    1.40628785872832       sec
          50 %           3   43.9737868881784     
 	 100 %           1   87.2447194843553     
 Time :   87.4111635272857     
 WOCIVL455M0010NH220/N_atom200E+10_Vexp800E+02_Vemit100E+03_tauD000E+00_Vran300E
 +01                  
 Start
           0
 set_grid_done
 set_clumps_done
 Done
 TIME :    1.40519231790677       sec
          50 %           2   44.0900248854887     
 	 100 %           1   87.2807164401747     
 Time :   87.4429797101766     
 WOCIVL455M0010NH220/N_atom200E+10_Vexp900E+02_Vemit100E+03_tauD000E+00_Vran300E
 +01                  
 Start
           0
 set_grid_done
 set_clumps_done
 Done
 TIME :    2.20852208114229       sec
          50 %           1   44.9890348953195     
 	 100 %           4   86.0953192764428     
 Time :   86.2357515688054     
 WOCIVL455M0010NH220/N_atom200E+10_Vexp100E+03_Vemit100E+03_tauD000E+00_Vran300E
 +01                  
 Start
           0
 set_grid_done
 set_clumps_done
 Done
 TIME :    1.41352805518545       sec
          50 %           1   42.6721856908407     
 	 100 %           4   83.8524930193089     
 Time :   83.9903530592564     
 WOCIVL455M0010NH220/N_atom200E+10_Vexp200E+03_Vemit100E+03_tauD000E+00_Vran300E
 +01                  
 Start
           0
 set_grid_done
 set_clumps_done
 Done
 TIME :    1.41938229161315       sec
          50 %           4   41.0040390943177     
 	 100 %           4   81.2724355363753     
 Time :   81.4097183051053     
 WOCIVL455M0010NH220/N_atom200E+10_Vexp300E+03_Vemit100E+03_tauD000E+00_Vran300E
 +01                  
 Start
           0
 set_grid_done
 set_clumps_done
 Done
 TIME :    1.40920520364307       sec
          50 %           3   39.2597237944137     
 	 100 %           3   77.2684415027034     
 Time :   77.4081032986287     
 WOCIVL455M0010NH220/N_atom200E+10_Vexp500E+01_Vemit100E+03_tauD000E+00_Vran300E
 +01                  
 Start
           0
 set_grid_done
 set_clumps_done
 Done
 TIME :    1.43787403684109       sec
          50 %           2   42.2340624062344     
 	 100 %           3   82.9086601398885     
 Time :   83.0645505632274     
 WOCIVL455M0010NH220/N_atom200E+10_Vexp100E+02_Vemit100E+03_tauD000E+00_Vran500E
 +01                  
 Start
           0
 set_grid_done
 set_clumps_done
 Done
 TIME :    2.37323368922807       sec
          50 %           4   44.0378722101450     
 	 100 %           1   86.6148782907985     
 Time :   86.7735922716092     
 WOCIVL455M0010NH220/N_atom200E+10_Vexp200E+02_Vemit100E+03_tauD000E+00_Vran500E
 +01                  
 Start
           0
 set_grid_done
 set_clumps_done
 Done
 TIME :    1.40737708774395       sec
          50 %           2   43.2515847724862     
 	 100 %           1   85.7467911252752     
 Time :   85.9072474697605     
 WOCIVL455M0010NH220/N_atom200E+10_Vexp300E+02_Vemit100E+03_tauD000E+00_Vran500E
 +01                  
 Start
           0
 set_grid_done
 set_clumps_done
 Done
 TIME :    1.40757369948551       sec
          50 %           2   44.9721139390022     
 	 100 %           3   87.3203111970797     
 Time :   87.4764754881617     
 WOCIVL455M0010NH220/N_atom200E+10_Vexp400E+02_Vemit100E+03_tauD000E+00_Vran500E
 +01                  
 Start
           0
 set_grid_done
 set_clumps_done
 Done
 TIME :    1.41097197332419       sec
          50 %           2   44.8095408936497     
 	 100 %           1   87.0983016975224     
 Time :   87.2528492023703     
 WOCIVL455M0010NH220/N_atom200E+10_Vexp500E+02_Vemit100E+03_tauD000E+00_Vran500E
 +01                  
 Start
           0
 set_grid_done
 set_clumps_done
 Done
 TIME :    1.40769153228030       sec
          50 %           3   43.5834318909328     
 	 100 %           1   85.3410962808412     
 Time :   85.4776697088964     
 WOCIVL455M0010NH220/N_atom200E+10_Vexp600E+02_Vemit100E+03_tauD000E+00_Vran500E
 +01                  
 Start
           0
 set_grid_done
 set_clumps_done
 Done
 TIME :    1.40901908162050       sec
          50 %           4   42.8178052890580     
 	 100 %           1   86.7184777373914     
 Time :   86.8799038548023     
 WOCIVL455M0010NH220/N_atom200E+10_Vexp700E+02_Vemit100E+03_tauD000E+00_Vran500E
 +01                  
 Start
           0
 set_grid_done
 set_clumps_done
 Done
 TIME :    1.41153358505107       sec
          50 %           1   44.0611945069395     
 	 100 %           2   87.6636142511852     
 Time :   87.7997435093857     
 WOCIVL455M0010NH220/N_atom200E+10_Vexp800E+02_Vemit100E+03_tauD000E+00_Vran500E
 +01                  
 Start
           0
 set_grid_done
 set_clumps_done
 Done
 TIME :    1.43588564824313       sec
          50 %           4   44.2109391225968     
 	 100 %           4   87.2689824993722     
 Time :   87.4260777400341     
 WOCIVL455M0010NH220/N_atom200E+10_Vexp900E+02_Vemit100E+03_tauD000E+00_Vran500E
 +01                  
 Start
           0
 set_grid_done
 set_clumps_done
 Done
 TIME :    1.40774275898002       sec
          50 %           2   44.2888075290248     
 	 100 %           2   91.7678342238069     
 Time :   91.9278290558141     
 WOCIVL455M0010NH220/N_atom200E+10_Vexp100E+03_Vemit100E+03_tauD000E+00_Vran500E
 +01                  
 Start
           0
 set_grid_done
 set_clumps_done
 Done
 TIME :    1.40739787719212       sec
          50 %           4   48.8444467002992     
 	 100 %           4   96.3447147284169     
 Time :   96.5078774485737     
 WOCIVL455M0010NH220/N_atom200E+10_Vexp200E+03_Vemit100E+03_tauD000E+00_Vran500E
 +01                  
 Start
           0
 set_grid_done
 set_clumps_done
 Done
 TIME :    1.40821591345593       sec
          50 %           2   46.1954363039695     
 	 100 %           2   88.4430001424626     
 Time :   88.5951113116462     
 WOCIVL455M0010NH220/N_atom200E+10_Vexp300E+03_Vemit100E+03_tauD000E+00_Vran500E
 +01                  
 Start
           0
 set_grid_done
 set_clumps_done
 Done
 TIME :    1.46077511738986       sec
          50 %           3   44.1733512692153     
 	 100 %           1   88.6927550297696     
 Time :   88.8541620413307     
 WOCIVL455M0010NH220/N_atom200E+10_Vexp500E+01_Vemit100E+03_tauD000E+00_Vran500E
 +01                  
 Start
           0
 set_grid_done
 set_clumps_done
 Done
 TIME :    1.45117986924015       sec
          50 %           2   54.7148498708848     
 	 100 %           1   107.693715199362     
 Time :   107.859013226116     
 WOCIVL455M0010NH220/N_atom200E+10_Vexp100E+02_Vemit200E+03_tauD000E+00_Vran118E
 +01                  
 Start
           0
 set_grid_done
 set_clumps_done
 Done
 TIME :    1.45457068900578       sec
          50 %           2   42.2664218961727     
 	 100 %           4   83.4225483047776     
 Time :   83.5817504683509     
 WOCIVL455M0010NH220/N_atom200E+10_Vexp200E+02_Vemit200E+03_tauD000E+00_Vran118E
 +01                  
 Start
           0
 set_grid_done
 set_clumps_done
 Done
 TIME :    1.49062687694095       sec
          50 %           4   40.0600108557846     
 	 100 %           1   76.7104856257793     
 Time :   76.8456765201408     
 WOCIVL455M0010NH220/N_atom200E+10_Vexp300E+02_Vemit200E+03_tauD000E+00_Vran118E
 +01                  
 Start
           0
 set_grid_done
 set_clumps_done
 Done
 TIME :    1.42004282004200       sec
          50 %           4   36.7778353625908     
 	 100 %           4   72.2058528128546     
 Time :   72.3451097235084     
 WOCIVL455M0010NH220/N_atom200E+10_Vexp400E+02_Vemit200E+03_tauD000E+00_Vran118E
 +01                  
 Start
           0
 set_grid_done
 set_clumps_done
 Done
 TIME :    1.42491214489564       sec
          50 %           4   37.2988052542787     
 	 100 %           3   73.9761890810914     
 Time :   74.1283411576878     
 WOCIVL455M0010NH220/N_atom200E+10_Vexp500E+02_Vemit200E+03_tauD000E+00_Vran118E
 +01                  
 Start
           0
 set_grid_done
 set_clumps_done
 Done
 TIME :    2.43131884885952       sec
          50 %           2   39.0242304457352     
 	 100 %           2   75.3599723188672     
 Time :   75.5115742755588     
 WOCIVL455M0010NH220/N_atom200E+10_Vexp600E+02_Vemit200E+03_tauD000E+00_Vran118E
 +01                  
 Start
           0
 set_grid_done
 set_clumps_done
 Done
 TIME :    1.47089049872011       sec
          50 %           4   38.1162014873698     
 	 100 %           1   77.7992989248596     
 Time :   77.9508902917150     
 WOCIVL455M0010NH220/N_atom200E+10_Vexp700E+02_Vemit200E+03_tauD000E+00_Vran118E
 +01                  
 Start
           0
 set_grid_done
 set_clumps_done
 Done
 TIME :    2.18655788153410       sec
          50 %           2   42.1087771167513     
 	 100 %           2   82.2449504039250     
 Time :   82.4136160365306     
 WOCIVL455M0010NH220/N_atom200E+10_Vexp800E+02_Vemit200E+03_tauD000E+00_Vran118E
 +01                  
 Start
           0
 set_grid_done
 set_clumps_done
 Done
 TIME :    2.39938221825287       sec
          50 %           4   42.6478200219572     
 	 100 %           4   82.6965398238972     
 Time :   82.8729721680284     
 WOCIVL455M0010NH220/N_atom200E+10_Vexp900E+02_Vemit200E+03_tauD000E+00_Vran118E
 +01                  
 Start
           0
 set_grid_done
 set_clumps_done
 Done
 TIME :    2.41963317920454       sec
          50 %           3   42.7911185626872     
 	 100 %           1   82.8420601545367     
 Time :   82.9971620973665     
 WOCIVL455M0010NH220/N_atom200E+10_Vexp100E+03_Vemit200E+03_tauD000E+00_Vran118E
 +01                  
 Start
           0
 set_grid_done
 set_clumps_done
 Done
 TIME :    2.42046541231684       sec
          50 %           2   42.9264473677613     
 	 100 %           1   82.9668043411803     
 Time :   83.1071765702218     
 WOCIVL455M0010NH220/N_atom200E+10_Vexp200E+03_Vemit200E+03_tauD000E+00_Vran118E
 +01                  
 Start
           0
 set_grid_done
 set_clumps_done
 Done
 TIME :    1.47931620595045       sec
          50 %           4   39.2589236015920     
 	 100 %           2   77.6575682880357     
 Time :   77.8128745371941     
 WOCIVL455M0010NH220/N_atom200E+10_Vexp300E+03_Vemit200E+03_tauD000E+00_Vran118E
 +01                  
 Start
           0
 set_grid_done
 set_clumps_done
 Done
 TIME :    2.38608733681031       sec
          50 %           3   40.0806878018193     
 	 100 %           1   77.5918123181909     
 Time :   77.7301929122768     
 WOCIVL455M0010NH220/N_atom200E+10_Vexp500E+01_Vemit200E+03_tauD000E+00_Vran118E
 +01                  
 Start
           0
 set_grid_done
 set_clumps_done
 Done
 TIME :    1.49543376360089       sec
          50 %           1   36.5704290377907     
 	 100 %           2   72.3614394820761     
 Time :   72.5299595093820     
 WOCIVL455M0010NH220/N_atom200E+10_Vexp100E+02_Vemit200E+03_tauD000E+00_Vran300E
 +01                  
 Start
           0
 set_grid_done
 set_clumps_done
 Done
 TIME :    2.41556651191786       sec
          50 %           4   38.4090594537556     
 	 100 %           2   74.2641587266698     
 Time :   74.4186576895881     
 WOCIVL455M0010NH220/N_atom200E+10_Vexp200E+02_Vemit200E+03_tauD000E+00_Vran300E
 +01                  
 Start
           0
 set_grid_done
 set_clumps_done
 Done
 TIME :    2.35418639355339       sec
          50 %           3   38.1892382204533     
 	 100 %           4   73.9215613368433     
 Time :   74.0746591209900     
 WOCIVL455M0010NH220/N_atom200E+10_Vexp300E+02_Vemit200E+03_tauD000E+00_Vran300E
 +01                  
 Start
           0
 set_grid_done
 set_clumps_done
 Done
 TIME :    2.40516918757930       sec
          50 %           2   38.2657207071315     
 	 100 %           1   74.8853691653349     
 Time :   75.0489079866093     
 WOCIVL455M0010NH220/N_atom200E+10_Vexp400E+02_Vemit200E+03_tauD000E+00_Vran300E
 +01                  
 Start
           0
 set_grid_done
 set_clumps_done
 Done
 TIME :    1.44069935777225       sec
          50 %           3   40.5128910357598     
 	 100 %           1   79.5593475159258     
 Time :   79.7054391463753     
 WOCIVL455M0010NH220/N_atom200E+10_Vexp500E+02_Vemit200E+03_tauD000E+00_Vran300E
 +01                  
 Start
           0
 set_grid_done
 set_clumps_done
 Done
 TIME :    1.48630717117339       sec
          50 %           3   40.8998611744028     
 	 100 %           1   80.4527700033505     
 Time :   80.6065008945297     
 WOCIVL455M0010NH220/N_atom200E+10_Vexp600E+02_Vemit200E+03_tauD000E+00_Vran300E
 +01                  
 Start
           0
 set_grid_done
 set_clumps_done
 Done
 TIME :    1.43396343453787       sec
          50 %           3   41.0743700526655     
 	 100 %           3   80.0089594677556     
 Time :   80.1457644435577     
 WOCIVL455M0010NH220/N_atom200E+10_Vexp700E+02_Vemit200E+03_tauD000E+00_Vran300E
 +01                  
 Start
           0
 set_grid_done
 set_clumps_done
 Done
 TIME :    1.44345155032352       sec
          50 %           4   38.7822209496517     
 	 100 %           4   79.5962638298515     
 Time :   79.7528905149084     
 WOCIVL455M0010NH220/N_atom200E+10_Vexp800E+02_Vemit200E+03_tauD000E+00_Vran300E
 +01                  
 Start
           0
 set_grid_done
 set_clumps_done
 Done
 TIME :    1.46193667314947       sec
          50 %           1   40.2789171594195     
 	 100 %           4   78.2245041104034     
 Time :   78.3667773727793     
 WOCIVL455M0010NH220/N_atom200E+10_Vexp900E+02_Vemit200E+03_tauD000E+00_Vran300E
 +01                  
 Start
           0
 set_grid_done
 set_clumps_done
 Done
 TIME :    1.45635082386434       sec
          50 %           2   39.4872787166387     
 	 100 %           2   77.5209134262986     
 Time :   77.6615111313295     
 WOCIVL455M0010NH220/N_atom200E+10_Vexp100E+03_Vemit200E+03_tauD000E+00_Vran300E
 +01                  
 Start
           0
 set_grid_done
 set_clumps_done
 Done
 TIME :    1.46062836004421       sec
          50 %           3   39.7103171516210     
 	 100 %           1   77.8837217213586     
 Time :   78.0241342864465     
 WOCIVL455M0010NH220/N_atom200E+10_Vexp200E+03_Vemit200E+03_tauD000E+00_Vran300E
 +01                  
 Start
           0
 set_grid_done
 set_clumps_done
 Done
 TIME :    1.45718815689906       sec
          50 %           2   40.2459227493964     
 	 100 %           1   78.8850583615713     
 Time :   79.0228200457059     
 WOCIVL455M0010NH220/N_atom200E+10_Vexp300E+03_Vemit200E+03_tauD000E+00_Vran300E
 +01                  
 Start
           0
 set_grid_done
 set_clumps_done
 Done
 TIME :    1.45087130600587       sec
          50 %           2   39.8596182488836     
 	 100 %           3   78.0013242680579     
 Time :   78.1447303921450     
 WOCIVL455M0010NH220/N_atom200E+10_Vexp500E+01_Vemit200E+03_tauD000E+00_Vran300E
 +01                  
 Start
           0
 set_grid_done
 set_clumps_done
 Done
 TIME :    1.41819938551635       sec
          50 %           4   40.6249900390394     
 	 100 %           3   81.5202123946510     
 Time :   81.6614490477368     
 WOCIVL455M0010NH220/N_atom200E+10_Vexp100E+02_Vemit200E+03_tauD000E+00_Vran500E
 +01                  
 Start
           0
 set_grid_done
 set_clumps_done
 Done
 TIME :    1.43409419176169       sec
          50 %           3   42.8874939230736     
 	 100 %           4   84.2590347146615     
 Time :   84.4201189358719     
 WOCIVL455M0010NH220/N_atom200E+10_Vexp200E+02_Vemit200E+03_tauD000E+00_Vran500E
 +01                  
 Start
           0
 set_grid_done
 set_clumps_done
 Done
 TIME :    1.46337078395300       sec
          50 %           2   41.9797357164789     
 	 100 %           3   82.4326168140396     
 Time :   82.5958087095059     
 WOCIVL455M0010NH220/N_atom200E+10_Vexp300E+02_Vemit200E+03_tauD000E+00_Vran500E
 +01                  
 Start
           0
 set_grid_done
 set_clumps_done
 Done
 TIME :    1.45363067206927       sec
          50 %           1   42.0324419185054     
 	 100 %           4   79.5016764691100     
 Time :   79.6417525080033     
 WOCIVL455M0010NH220/N_atom200E+10_Vexp400E+02_Vemit200E+03_tauD000E+00_Vran500E
 +01                  
 Start
           0
 set_grid_done
 set_clumps_done
 Done
 TIME :    1.45489465119317       sec
          50 %           3   39.0097296044696     
 	 100 %           2   76.4774271696806     
 Time :   76.6163835423067     
 WOCIVL455M0010NH220/N_atom200E+10_Vexp500E+02_Vemit200E+03_tauD000E+00_Vran500E
 +01                  
 Start
           0
 set_grid_done
 set_clumps_done
 Done
 TIME :    1.43955561565235       sec
          50 %           3   39.2678654247429     
 	 100 %           3   77.0480257757008     
 Time :   77.1894680373371     
 WOCIVL455M0010NH220/N_atom200E+10_Vexp600E+02_Vemit200E+03_tauD000E+00_Vran500E
 +01                  
 Start
           0
 set_grid_done
 set_clumps_done
 Done
 TIME :    1.47398939658888       sec
          50 %           3   39.4770084826741     
 	 100 %           1   77.5058641282376     
 Time :   77.6441990360618     
 WOCIVL455M0010NH220/N_atom200E+10_Vexp700E+02_Vemit200E+03_tauD000E+00_Vran500E
 +01                  
 Start
           0
 set_grid_done
 set_clumps_done
 Done
 TIME :    1.46836318122223       sec
          50 %           3   39.6564009925351     
 	 100 %           2   77.7575340357143     
 Time :   77.8976095137186     
 WOCIVL455M0010NH220/N_atom200E+10_Vexp800E+02_Vemit200E+03_tauD000E+00_Vran500E
 +01                  
 Start
           0
 set_grid_done
 set_clumps_done
 Done
 TIME :    1.45142600452527       sec
          50 %           1   42.0227461601608     
 	 100 %           2   83.7578376000747     
 Time :   83.9122810380068     
 WOCIVL455M0010NH220/N_atom200E+10_Vexp900E+02_Vemit200E+03_tauD000E+00_Vran500E
 +01                  
 Start
           0
 set_grid_done
 set_clumps_done
 Done
 TIME :    1.45728589151986       sec
          50 %           3   43.2294901264831     
 	 100 %           2   84.9135301827919     
 Time :   85.0548083139583     
 WOCIVL455M0010NH220/N_atom200E+10_Vexp100E+03_Vemit200E+03_tauD000E+00_Vran500E
 +01                  
 Start
           0
 set_grid_done
 set_clumps_done
 Done
 TIME :    1.45758560812101       sec
          50 %           2   43.2730964266229     
 	 100 %           3   82.6823313755449     
 Time :   82.8223757646047     
 WOCIVL455M0010NH220/N_atom200E+10_Vexp200E+03_Vemit200E+03_tauD000E+00_Vran500E
 +01                  
 Start
           0
 set_grid_done
 set_clumps_done
 Done
 TIME :    1.45719593157992       sec
          50 %           4   40.9189891724382     
 	 100 %           2   80.2454529569950     
 Time :   80.3889255467802     
 WOCIVL455M0010NH220/N_atom200E+10_Vexp300E+03_Vemit200E+03_tauD000E+00_Vran500E
 +01                  
 Start
           0
 set_grid_done
 set_clumps_done
 Done
 TIME :    1.40481076645665       sec
          50 %           3   39.7841430262197     
 	 100 %           4   77.9889178660233     
 Time :   78.1252246899530     
 WOCIVL455M0010NH220/N_atom200E+10_Vexp500E+01_Vemit200E+03_tauD000E+00_Vran500E
 +01                  
 Start
           0
 set_grid_done
 set_clumps_done
 Done
 TIME :    1.40039756428450       sec
          50 %           3   42.9555798775982     
 	 100 %           1   83.5384704952594     
 Time :   83.6751708730590     
 WOCIVL455M0010NH220/N_atom200E+10_Vexp100E+02_Vemit300E+03_tauD000E+00_Vran118E
 +01                  
 Start
           0
 set_grid_done
 set_clumps_done
 Done
 TIME :    1.40452015725896       sec
          50 %           4   37.1052324690390     
 	 100 %           2   72.3158445728477     
 Time :   72.4556676037610     
 WOCIVL455M0010NH220/N_atom200E+10_Vexp200E+02_Vemit300E+03_tauD000E+00_Vran118E
 +01                  
 Start
           0
 set_grid_done
 set_clumps_done
 Done
 TIME :    1.40165416966192       sec
          50 %           1   36.6022592068184     
 	 100 %           2   71.5790027233306     
 Time :   71.7144507740159     
 WOCIVL455M0010NH220/N_atom200E+10_Vexp300E+02_Vemit300E+03_tauD000E+00_Vran118E
 +01                  
 Start
           0
 set_grid_done
 set_clumps_done
 Done
 TIME :    1.40353371249512       sec
          50 %           4   38.0451468811370     
 	 100 %           4   74.3967572005931     
 Time :   74.5347576863132     
 WOCIVL455M0010NH220/N_atom200E+10_Vexp400E+02_Vemit300E+03_tauD000E+00_Vran118E
 +01                  
 Start
           0
 set_grid_done
 set_clumps_done
 Done
 TIME :    1.40372979338281       sec
          50 %           2   36.9059909482021     
 	 100 %           2   72.3145145587623     
 Time :   72.4537416831590     
 WOCIVL455M0010NH220/N_atom200E+10_Vexp500E+02_Vemit300E+03_tauD000E+00_Vran118E
 +01                  
 Start
           0
 set_grid_done
 set_clumps_done
 Done
 TIME :    1.40632236399688       sec
          50 %           4   37.3156935283914     
 	 100 %           4   75.9640541588888     
 Time :   76.1208173218183     
 WOCIVL455M0010NH220/N_atom200E+10_Vexp600E+02_Vemit300E+03_tauD000E+00_Vran118E
 +01                  
 Start
           0
 set_grid_done
 set_clumps_done
 Done
 TIME :    1.40388740133494       sec
          50 %           1   37.5462819752283     
 	 100 %           4   73.6775146597065     
 Time :   73.8154749893583     
 WOCIVL455M0010NH220/N_atom200E+10_Vexp700E+02_Vemit300E+03_tauD000E+00_Vran118E
 +01                  
 Start
           0
 set_grid_done
 set_clumps_done
 Done
 TIME :    1.40283188596368       sec
          50 %           3   39.2501389561221     
 	 100 %           1   77.4405967418570     
 Time :   77.6000006168615     
 WOCIVL455M0010NH220/N_atom200E+10_Vexp800E+02_Vemit300E+03_tauD000E+00_Vran118E
 +01                  
 Start
           0
 set_grid_done
 set_clumps_done
 Done
 TIME :    1.40472418302670       sec
          50 %           4   40.1540012781043     
 	 100 %           2   78.2766023327131     
 Time :   78.4184430676978     
 WOCIVL455M0010NH220/N_atom200E+10_Vexp900E+02_Vemit300E+03_tauD000E+00_Vran118E
 +01                  
 Start
           0
 set_grid_done
 set_clumps_done
 Done
 TIME :    1.40603669406846       sec
          50 %           3   38.2243818533607     
 	 100 %           4   75.1384024601430     
 Time :   75.2773536927998     
 WOCIVL455M0010NH220/N_atom200E+10_Vexp100E+03_Vemit300E+03_tauD000E+00_Vran118E
 +01                  
 Start
           0
 set_grid_done
 set_clumps_done
 Done
 TIME :    1.40186692192219       sec
          50 %           2   38.2154944131617     
 	 100 %           2   75.8452171685640     
 Time :   75.9991083727218     
 WOCIVL455M0010NH220/N_atom200E+10_Vexp200E+03_Vemit300E+03_tauD000E+00_Vran118E
 +01                  
 Start
           0
 set_grid_done
 set_clumps_done
 Done
 TIME :    1.40340039040893       sec
          50 %           1   40.4807455902919     
 	 100 %           3   78.2072112911846     
 Time :   78.3442355813459     
 WOCIVL455M0010NH220/N_atom200E+10_Vexp300E+03_Vemit300E+03_tauD000E+00_Vran118E
 +01                  
 Start
           0
 set_grid_done
 set_clumps_done
 Done
 TIME :    1.40358510985970       sec
          50 %           1   39.2601669922005     
 	 100 %           2   76.8415157550480     
 Time :   76.9772054324858     
 WOCIVL455M0010NH220/N_atom200E+10_Vexp500E+01_Vemit300E+03_tauD000E+00_Vran118E
 +01                  
 Start
           0
 set_grid_done
 set_clumps_done
 Done
 TIME :    1.40322474855930       sec
          50 %           4   36.5939545484725     
 	 100 %           2   71.8542544282973     
 Time :   71.9927974294405     
 WOCIVL455M0010NH220/N_atom200E+10_Vexp100E+02_Vemit300E+03_tauD000E+00_Vran300E
 +01                  
 Start
           0
 set_grid_done
 set_clumps_done
 Done
 TIME :    1.40183840808459       sec
          50 %           3   37.2392298975028     
 	 100 %           4   73.1426578573883     
 Time :   73.2798275023233     
 WOCIVL455M0010NH220/N_atom200E+10_Vexp200E+02_Vemit300E+03_tauD000E+00_Vran300E
 +01                  
 Start
           0
 set_grid_done
 set_clumps_done
 Done
 TIME :    1.40330636291765       sec
          50 %           2   37.0679721850902     
 	 100 %           2   72.4703681024257     
 Time :   72.6104105177801     
 WOCIVL455M0010NH220/N_atom200E+10_Vexp300E+02_Vemit300E+03_tauD000E+00_Vran300E
 +01                  
 Start
           0
 set_grid_done
 set_clumps_done
 Done
 TIME :    1.39962208829820       sec
          50 %           2   39.2145498609170     
 	 100 %           3   75.5145849366672     
 Time :   75.6537383815739     
 WOCIVL455M0010NH220/N_atom200E+10_Vexp400E+02_Vemit300E+03_tauD000E+00_Vran300E
 +01                  
 Start
           0
 set_grid_done
 set_clumps_done
 Done
 TIME :    1.40113710239530       sec
          50 %           3   37.2049251706339     
 	 100 %           1   73.0775494414847     
 Time :   73.2148859119043     
 WOCIVL455M0010NH220/N_atom200E+10_Vexp500E+02_Vemit300E+03_tauD000E+00_Vran300E
 +01                  
 Start
           0
 set_grid_done
 set_clumps_done
 Done
 TIME :    1.40046458085999       sec
          50 %           2   39.9758345952723     
 	 100 %           1   79.4211268541403     
 Time :   79.5731850932352     
 WOCIVL455M0010NH220/N_atom200E+10_Vexp600E+02_Vemit300E+03_tauD000E+00_Vran300E
 +01                  
 Start
           0
 set_grid_done
 set_clumps_done
 Done
 TIME :    1.40531929791905       sec
          50 %           3   40.8064016357530     
 	 100 %           4   78.8843390014954     
 Time :   79.0255601953249     
 WOCIVL455M0010NH220/N_atom200E+10_Vexp700E+02_Vemit300E+03_tauD000E+00_Vran300E
 +01                  
 Start
           0
 set_grid_done
 set_clumps_done
 Done
 TIME :    1.40272224880755       sec
          50 %           1   40.8360008578748     
 	 100 %           4   80.4290767856874     
 Time :   80.5770937155467     
 WOCIVL455M0010NH220/N_atom200E+10_Vexp800E+02_Vemit300E+03_tauD000E+00_Vran300E
 +01                  
 Start
           0
 set_grid_done
 set_clumps_done
 Done
 TIME :    1.40085484855808       sec
          50 %           1   39.3245710465126     
 	 100 %           3   75.7692853326444     
 Time :   75.9070046066772     
 WOCIVL455M0010NH220/N_atom200E+10_Vexp900E+02_Vemit300E+03_tauD000E+00_Vran300E
 +01                  
 Start
           0
 set_grid_done
 set_clumps_done
 Done
 TIME :    1.39517632429488       sec
          50 %           4   37.7735844203271     
 	 100 %           1   74.1312247884925     
 Time :   74.2681745176669     
 WOCIVL455M0010NH220/N_atom200E+10_Vexp100E+03_Vemit300E+03_tauD000E+00_Vran300E
 +01                  
 Start
           0
 set_grid_done
 set_clumps_done
 Done
 TIME :    1.39943654742092       sec
          50 %           2   38.0695427272003     
 	 100 %           4   74.7574639930390     
 Time :   74.8952434107196     
 WOCIVL455M0010NH220/N_atom200E+10_Vexp200E+03_Vemit300E+03_tauD000E+00_Vran300E
 +01                  
 Start
           0
 set_grid_done
 set_clumps_done
 Done
 TIME :    1.43699122825637       sec
          50 %           1   38.7941606296226     
 	 100 %           3   76.2644036265556     
 Time :   76.4041662130039     
 WOCIVL455M0010NH220/N_atom200E+10_Vexp300E+03_Vemit300E+03_tauD000E+00_Vran300E
 +01                  
 Start
           0
 set_grid_done
 set_clumps_done
 Done
 TIME :    1.46914984821342       sec
          50 %           1   39.2052936137188     
 	 100 %           3   76.8585574692115     
 Time :   76.9991704833228     
 WOCIVL455M0010NH220/N_atom200E+10_Vexp500E+01_Vemit300E+03_tauD000E+00_Vran300E
 +01                  
 Start
           0
 set_grid_done
 set_clumps_done
 Done
 TIME :    1.45537373702973       sec
          50 %           2   37.9482572583947     
 	 100 %           1   74.3428571319673     
 Time :   74.4824265534990     
 WOCIVL455M0010NH220/N_atom200E+10_Vexp100E+02_Vemit300E+03_tauD000E+00_Vran500E
 +01                  
 Start
           0
 set_grid_done
 set_clumps_done
 Done
 TIME :    1.47729047667235       sec
          50 %           2   38.3052409731317     
 	 100 %           2   75.0801518275402     
 Time :   75.2180639761500     
 WOCIVL455M0010NH220/N_atom200E+10_Vexp200E+02_Vemit300E+03_tauD000E+00_Vran500E
 +01                  
 Start
           0
 set_grid_done
 set_clumps_done
 Done
 TIME :    1.45552818896249       sec
          50 %           1   37.8195153346751     
 	 100 %           4   74.1824576654471     
 Time :   74.3213658167515     
 WOCIVL455M0010NH220/N_atom200E+10_Vexp300E+02_Vemit300E+03_tauD000E+00_Vran500E
 +01                  
 Start
           0
 set_grid_done
 set_clumps_done
 Done
 TIME :    1.46470405417494       sec
          50 %           3   38.1172000048682     
 	 100 %           2   74.6087344761472     
 Time :   74.7471218830906     
 WOCIVL455M0010NH220/N_atom200E+10_Vexp400E+02_Vemit300E+03_tauD000E+00_Vran500E
 +01                  
 Start
           0
 set_grid_done
 set_clumps_done
 Done
 TIME :    1.51350459316745       sec
          50 %           2   38.2738264596555     
 	 100 %           4   74.9705463577993     
 Time :   75.1094970596023     
 WOCIVL455M0010NH220/N_atom200E+10_Vexp500E+02_Vemit300E+03_tauD000E+00_Vran500E
 +01                  
 Start
           0
 set_grid_done
 set_clumps_done
 Done
 TIME :    1.47247071587481       sec
          50 %           3   38.2014406369999     
 	 100 %           4   74.5428149872459     
 Time :   74.6812351660337     
 WOCIVL455M0010NH220/N_atom200E+10_Vexp600E+02_Vemit300E+03_tauD000E+00_Vran500E
 +01                  
 Start
           0
 set_grid_done
 set_clumps_done
 Done
 TIME :    1.46549701318145       sec
          50 %           3   38.0836252376903     
 	 100 %           4   74.6166207038332     
 Time :   74.7549520647153     
 WOCIVL455M0010NH220/N_atom200E+10_Vexp700E+02_Vemit300E+03_tauD000E+00_Vran500E
 +01                  
 Start
           0
 set_grid_done
 set_clumps_done
 Done
 TIME :    1.44742770656012       sec
          50 %           2   38.0053204065189     
 	 100 %           4   74.4731457098387     
 Time :   74.6117823577952     
 WOCIVL455M0010NH220/N_atom200E+10_Vexp800E+02_Vemit300E+03_tauD000E+00_Vran500E
 +01                  
 Start
           0
 set_grid_done
 set_clumps_done
 Done
 TIME :    1.45627416926436       sec
          50 %           4   38.1437490612734     
 	 100 %           2   74.7449579027016     
 Time :   74.8818738881964     
 WOCIVL455M0010NH220/N_atom200E+10_Vexp900E+02_Vemit300E+03_tauD000E+00_Vran500E
 +01                  
 Start
           0
 set_grid_done
 set_clumps_done
 Done
 TIME :    1.45525197684765       sec
          50 %           4   38.1128741574939     
 	 100 %           4   74.6705915560015     
 Time :   74.8089011257980     
 WOCIVL455M0010NH220/N_atom200E+10_Vexp100E+03_Vemit300E+03_tauD000E+00_Vran500E
 +01                  
 Start
           0
 set_grid_done
 set_clumps_done
 Done
 TIME :    1.48053824598901       sec
          50 %           1   38.2446084478870     
 	 100 %           1   75.1631892349105     
 Time :   75.3012231537141     
 WOCIVL455M0010NH220/N_atom200E+10_Vexp200E+03_Vemit300E+03_tauD000E+00_Vran500E
 +01                  
 Start
           0
 set_grid_done
 set_clumps_done
 Done
 TIME :    1.44870501104742       sec
          50 %           2   38.6791909295134     
 	 100 %           4   75.9729271617252     
 Time :   76.1131526131649     
 WOCIVL455M0010NH220/N_atom200E+10_Vexp300E+03_Vemit300E+03_tauD000E+00_Vran500E
 +01                  
 Start
           0
 set_grid_done
 set_clumps_done
 Done
 TIME :    1.45535155502148       sec
          50 %           4   38.8349774563685     
 	 100 %           1   76.2305546407588     
 Time :   76.3706269527320     
 WOCIVL455M0010NH220/N_atom200E+10_Vexp500E+01_Vemit300E+03_tauD000E+00_Vran500E
 +01                  
 Start
           0
 set_grid_done
 set_clumps_done
 Done
 TIME :    1.46190274902619       sec
          50 %           3   39.1942027786281     
 	 100 %           3   76.9273516125977     
 Time :   77.0697378185578     
