nohup: ignoring input
 WOCIVL455M0001NH220/N_atom200E+10_Vexp100E+02_Vemit500E+01_tauD000E+00_Vran118E
 +01                  
 Start
           0
 set_grid_done
 set_clumps_done
 Done
 TIME :    1.31677234754898       sec
          50 %           4   49.8868956186343     
 	 100 %           4   100.795593926916     
 Time :   100.928145940881     
 WOCIVL455M0001NH220/N_atom200E+10_Vexp200E+02_Vemit500E+01_tauD000E+00_Vran118E
 +01                  
 Start
           0
 set_grid_done
 set_clumps_done
 Done
 TIME :    2.29195419047028       sec
          50 %           2   53.5858361739665     
 	 100 %           1   106.598730095429     
 Time :   106.737417672761     
 WOCIVL455M0001NH220/N_atom200E+10_Vexp300E+02_Vemit500E+01_tauD000E+00_Vran118E
 +01                  
 Start
           0
 set_grid_done
 set_clumps_done
 Done
 TIME :    2.10870442003943       sec
          50 %           3   58.2259959341027     
 	 100 %           1   117.567026692210     
 Time :   117.718902891036     
 WOCIVL455M0001NH220/N_atom200E+10_Vexp400E+02_Vemit500E+01_tauD000E+00_Vran118E
 +01                  
 Start
           0
 set_grid_done
 set_clumps_done
 Done
 TIME :    2.33180406223983       sec
          50 %           3   60.2392502848525     
 	 100 %           2   113.431622995529     
 Time :   113.570133006899     
 WOCIVL455M0001NH220/N_atom200E+10_Vexp500E+02_Vemit500E+01_tauD000E+00_Vran118E
 +01                  
 Start
           0
 set_grid_done
 set_clumps_done
 Done
 TIME :    1.35635487339459       sec
          50 %           1   58.2852238721680     
 	 100 %           4   109.547143750824     
 Time :   109.703812292544     
 WOCIVL455M0001NH220/N_atom200E+10_Vexp600E+02_Vemit500E+01_tauD000E+00_Vran118E
 +01                  
 Start
           0
 set_grid_done
 set_clumps_done
 Done
 TIME :    2.34409721009433       sec
          50 %           3   59.1980163382832     
 	 100 %           1   112.478861141717     
 Time :   112.628591993358     
 WOCIVL455M0001NH220/N_atom200E+10_Vexp700E+02_Vemit500E+01_tauD000E+00_Vran118E
 +01                  
 Start
           0
 set_grid_done
 set_clumps_done
 Done
 TIME :    2.38274349574931       sec
          50 %           2   49.7421178442892     
 	 100 %           3   103.121406708844     
 Time :   103.261797006242     
 WOCIVL455M0001NH220/N_atom200E+10_Vexp800E+02_Vemit500E+01_tauD000E+00_Vran118E
 +01                  
 Start
           0
 set_grid_done
 set_clumps_done
 Done
 TIME :    1.37386049912311       sec
          50 %           1   55.0676066756714     
 	 100 %           2   107.997764000902     
 Time :   108.145490481984     
 WOCIVL455M0001NH220/N_atom200E+10_Vexp900E+02_Vemit500E+01_tauD000E+00_Vran118E
 +01                  
 Start
           0
 set_grid_done
 set_clumps_done
 Done
 TIME :    2.27848266391084       sec
          50 %           3   59.6156114281621     
 	 100 %           4   112.117329725996     
 Time :   112.265164251439     
 WOCIVL455M0001NH220/N_atom200E+10_Vexp100E+03_Vemit500E+01_tauD000E+00_Vran118E
 +01                  
 Start
           0
 set_grid_done
 set_clumps_done
 Done
 TIME :    2.28760420414619       sec
          50 %           1   62.3463754483964     
 	 100 %           1   115.340806083055     
 Time :   115.484253191389     
 WOCIVL455M0001NH220/N_atom200E+10_Vexp200E+03_Vemit500E+01_tauD000E+00_Vran118E
 +01                  
 Start
           0
 set_grid_done
 set_clumps_done
 Done
 TIME :    2.35046382015571       sec
          50 %           4   49.0632458436303     
 	 100 %           4   92.4753733859397     
 Time :   92.6329866643064     
 WOCIVL455M0001NH220/N_atom200E+10_Vexp300E+03_Vemit500E+01_tauD000E+00_Vran118E
 +01                  
 Start
           0
 set_grid_done
 set_clumps_done
 Done
 TIME :    2.36130410083570       sec
          50 %           3   51.5398739080410     
 	 100 %           4   101.432928263908     
 Time :   101.579449655954     
 WOCIVL455M0001NH220/N_atom200E+10_Vexp500E+01_Vemit500E+01_tauD000E+00_Vran118E
 +01                  
 Start
           0
 set_grid_done
 set_clumps_done
 Done
 TIME :    2.33171844016761       sec
          50 %           2   80.3613167591393     
 	 100 %           4   151.496579010738     
 Time :   151.647045694059     
 WOCIVL455M0001NH220/N_atom200E+10_Vexp100E+02_Vemit500E+01_tauD000E+00_Vran300E
 +01                  
 Start
           0
 set_grid_done
 set_clumps_done
 Done
 TIME :    2.35510678077117       sec
          50 %           3   73.9964140730444     
 	 100 %           4   149.900290670106     
 Time :   150.041391130537     
 WOCIVL455M0001NH220/N_atom200E+10_Vexp200E+02_Vemit500E+01_tauD000E+00_Vran300E
 +01                  
 Start
           0
 set_grid_done
 set_clumps_done
 Done
 TIME :    1.99968570051715       sec
          50 %           2   56.4185274827760     
 	 100 %           3   110.087730344618     
 Time :   110.239945484325     
 WOCIVL455M0001NH220/N_atom200E+10_Vexp300E+02_Vemit500E+01_tauD000E+00_Vran300E
 +01                  
 Start
           0
 set_grid_done
 set_clumps_done
 Done
 TIME :    2.35897188028321       sec
          50 %           1   60.3344516737852     
 	 100 %           2   119.152108439943     
 Time :   119.289860087214     
 WOCIVL455M0001NH220/N_atom200E+10_Vexp400E+02_Vemit500E+01_tauD000E+00_Vran300E
 +01                  
 Start
           0
 set_grid_done
 set_clumps_done
 Done
 TIME :    2.22842475771904       sec
          50 %           2   59.6722211248707     
 	 100 %           3   121.620829470688     
 Time :   121.777875586646     
 WOCIVL455M0001NH220/N_atom200E+10_Vexp500E+02_Vemit500E+01_tauD000E+00_Vran300E
 +01                  
 Start
           0
 set_grid_done
 set_clumps_done
 Done
 TIME :    2.34788451250643       sec
          50 %           1   61.2429391385522     
 	 100 %           3   119.361359312199     
 Time :   119.505752689904     
 WOCIVL455M0001NH220/N_atom200E+10_Vexp600E+02_Vemit500E+01_tauD000E+00_Vran300E
 +01                  
 Start
           0
 set_grid_done
 set_clumps_done
 Done
 TIME :    2.29175753844902       sec
          50 %           2   59.2893944669049     
 	 100 %           4   115.641184930690     
 Time :   115.786242524628     
 WOCIVL455M0001NH220/N_atom200E+10_Vexp700E+02_Vemit500E+01_tauD000E+00_Vran300E
 +01                  
 Start
           0
 set_grid_done
 set_clumps_done
 Done
 TIME :    1.87849379004911       sec
          50 %           4   61.3840507699642     
 	 100 %           4   120.089984021382     
 Time :   120.253510732902     
 WOCIVL455M0001NH220/N_atom200E+10_Vexp800E+02_Vemit500E+01_tauD000E+00_Vran300E
 +01                  
 Start
           0
 set_grid_done
 set_clumps_done
 Done
 TIME :    2.35230768728070       sec
          50 %           4   62.5111281382851     
 	 100 %           1   120.605097862659     
 Time :   120.765305427136     
 WOCIVL455M0001NH220/N_atom200E+10_Vexp900E+02_Vemit500E+01_tauD000E+00_Vran300E
 +01                  
 Start
           0
 set_grid_done
 set_clumps_done
 Done
 TIME :    2.34747428679839       sec
          50 %           3   63.2731906834524     
 	 100 %           4   119.349883720279     
 Time :   119.505426843651     
 WOCIVL455M0001NH220/N_atom200E+10_Vexp100E+03_Vemit500E+01_tauD000E+00_Vran300E
 +01                  
 Start
           0
 set_grid_done
 set_clumps_done
 Done
 TIME :    2.05302351969294       sec
          50 %           1   55.4809653838165     
 	 100 %           4   106.199266414624     
 Time :   106.350783073343     
 WOCIVL455M0001NH220/N_atom200E+10_Vexp200E+03_Vemit500E+01_tauD000E+00_Vran300E
 +01                  
 Start
           0
 set_grid_done
 set_clumps_done
 Done
 TIME :    2.35505855944939       sec
          50 %           4   101.476109665819     
 	 100 %           4   158.686906137969     
 Time :   158.841068991227     
 WOCIVL455M0001NH220/N_atom200E+10_Vexp300E+03_Vemit500E+01_tauD000E+00_Vran300E
 +01                  
 Start
           0
 set_grid_done
 set_clumps_done
 Done
 TIME :    2.35132838529535       sec
          50 %           3   47.3694326402619     
 	 100 %           2   89.1921399200801     
 Time :   89.3258019234054     
 WOCIVL455M0001NH220/N_atom200E+10_Vexp500E+01_Vemit500E+01_tauD000E+00_Vran300E
 +01                  
 Start
           0
 set_grid_done
 set_clumps_done
 Done
 TIME :    2.32301928894594       sec
          50 %           2   109.671119055478     
 	 100 %           2   211.046925624134     
 Time :   211.191126808524     
 WOCIVL455M0001NH220/N_atom200E+10_Vexp100E+02_Vemit500E+01_tauD000E+00_Vran500E
 +01                  
 Start
           0
 set_grid_done
 set_clumps_done
 Done
 TIME :    2.36216482846066       sec
          50 %           3   85.6020880383439     
 	 100 %           4   170.980047909310     
 Time :   171.122567784041     
 WOCIVL455M0001NH220/N_atom200E+10_Vexp200E+02_Vemit500E+01_tauD000E+00_Vran500E
 +01                  
 Start
           0
 set_grid_done
 set_clumps_done
 Done
 TIME :    1.36804839759134       sec
          50 %           3   66.8631431669928     
 	 100 %           3   131.190747140907     
 Time :   131.335819853237     
 WOCIVL455M0001NH220/N_atom200E+10_Vexp300E+02_Vemit500E+01_tauD000E+00_Vran500E
 +01                  
 Start
           0
 set_grid_done
 set_clumps_done
 Done
 TIME :    1.36997738573700       sec
          50 %           3   55.9031753710005     
 	 100 %           1   113.784129694104     
 Time :   113.933386649471     
 WOCIVL455M0001NH220/N_atom200E+10_Vexp400E+02_Vemit500E+01_tauD000E+00_Vran500E
 +01                  
 Start
           0
 set_grid_done
 set_clumps_done
 Done
 TIME :    1.37164712324739       sec
          50 %           3   60.5914380403701     
 	 100 %           4   125.631345658097     
 Time :   125.770828820067     
 WOCIVL455M0001NH220/N_atom200E+10_Vexp500E+02_Vemit500E+01_tauD000E+00_Vran500E
 +01                  
 Start
           0
 set_grid_done
 set_clumps_done
 Done
 TIME :    1.35861383564770       sec
          50 %           1   59.3372961056884     
 	 100 %           2   121.254355047364     
 Time :   121.396580585279     
 WOCIVL455M0001NH220/N_atom200E+10_Vexp600E+02_Vemit500E+01_tauD000E+00_Vran500E
 +01                  
 Start
           0
 set_grid_done
 set_clumps_done
 Done
 TIME :    1.35524591640569       sec
          50 %           3   57.7154500617180     
 	 100 %           1   115.377616446698     
 Time :   115.516989750788     
 WOCIVL455M0001NH220/N_atom200E+10_Vexp700E+02_Vemit500E+01_tauD000E+00_Vran500E
 +01                  
 Start
           0
 set_grid_done
 set_clumps_done
 Done
 TIME :    1.36080086161382       sec
          50 %           3   55.7783596874215     
 	 100 %           3   112.994884152198     
 Time :   113.137169683585     
 WOCIVL455M0001NH220/N_atom200E+10_Vexp800E+02_Vemit500E+01_tauD000E+00_Vran500E
 +01                  
 Start
           0
 set_grid_done
 set_clumps_done
 Done
 TIME :    1.37252763845026       sec
          50 %           4   64.1794049290475     
 	 100 %           1   128.487047372852     
 Time :   128.621767827775     
 WOCIVL455M0001NH220/N_atom200E+10_Vexp900E+02_Vemit500E+01_tauD000E+00_Vran500E
 +01                  
 Start
           0
 set_grid_done
 set_clumps_done
 Done
 TIME :    1.36922422121279       sec
          50 %           3   61.5645570121706     
 	 100 %           1   123.154149810318     
 Time :   123.294709187467     
 WOCIVL455M0001NH220/N_atom200E+10_Vexp100E+03_Vemit500E+01_tauD000E+00_Vran500E
 +01                  
 Start
           0
 set_grid_done
 set_clumps_done
 Done
 TIME :    1.36804319778457       sec
          50 %           3   56.8257057126611     
 	 100 %           1   113.890196520835     
 Time :   114.022677700967     
 WOCIVL455M0001NH220/N_atom200E+10_Vexp200E+03_Vemit500E+01_tauD000E+00_Vran500E
 +01                  
 Start
           0
 set_grid_done
 set_clumps_done
 Done
 TIME :    1.37529029301368       sec
          50 %           3   47.9555989212822     
 	 100 %           4   97.8511160344351     
 Time :   97.9956869580783     
 WOCIVL455M0001NH220/N_atom200E+10_Vexp300E+03_Vemit500E+01_tauD000E+00_Vran500E
 +01                  
 Start
           0
 set_grid_done
 set_clumps_done
 Done
 TIME :    1.40451277699322       sec
          50 %           4   47.4165031269658     
 	 100 %           1   92.2865518084727     
 Time :   92.4311547125690     
 WOCIVL455M0001NH220/N_atom200E+10_Vexp500E+01_Vemit500E+01_tauD000E+00_Vran500E
 +01                  
 Start
           0
 set_grid_done
 set_clumps_done
 Done
 TIME :    1.36830812902190       sec
          50 %           4   131.480688590091     
 	 100 %           3   250.409277794417     
 Time :   250.544310620055     
 WOCIVL455M0001NH220/N_atom200E+10_Vexp100E+02_Vemit100E+02_tauD000E+00_Vran118E
 +01                  
 Start
           0
 set_grid_done
 set_clumps_done
 Done
 TIME :    1.36772205051966       sec
          50 %           2   55.5469817097764     
 	 100 %           1   118.616829684237     
 Time :   118.750515542459     
 WOCIVL455M0001NH220/N_atom200E+10_Vexp200E+02_Vemit100E+02_tauD000E+00_Vran118E
 +01                  
 Start
           0
 set_grid_done
 set_clumps_done
 Done
 TIME :    1.37627071700990       sec
          50 %           1   55.6500872264151     
 	 100 %           2   107.108788986690     
 Time :   107.245611146325     
 WOCIVL455M0001NH220/N_atom200E+10_Vexp300E+02_Vemit100E+02_tauD000E+00_Vran118E
 +01                  
 Start
           0
 set_grid_done
 set_clumps_done
 Done
 TIME :    1.37129405559972       sec
          50 %           2   60.0628189989366     
 	 100 %           3   117.425868181977     
 Time :   117.575585167389     
 WOCIVL455M0001NH220/N_atom200E+10_Vexp400E+02_Vemit100E+02_tauD000E+00_Vran118E
 +01                  
 Start
           0
 set_grid_done
 set_clumps_done
 Done
 TIME :    1.37826694222167       sec
          50 %           1   58.2388627568725     
 	 100 %           2   111.470180097036     
 Time :   111.613822123967     
 WOCIVL455M0001NH220/N_atom200E+10_Vexp500E+02_Vemit100E+02_tauD000E+00_Vran118E
 +01                  
 Start
           0
 set_grid_done
 set_clumps_done
 Done
 TIME :    1.39232721203007       sec
          50 %           1   57.3650274942629     
 	 100 %           1   119.204414217267     
 Time :   119.352381984470     
 WOCIVL455M0001NH220/N_atom200E+10_Vexp600E+02_Vemit100E+02_tauD000E+00_Vran118E
 +01                  
 Start
           0
 set_grid_done
 set_clumps_done
 Done
 TIME :    1.37817688193172       sec
          50 %           1   57.3777464977466     
 	 100 %           3   118.267372452421     
 Time :   118.405746626901     
 WOCIVL455M0001NH220/N_atom200E+10_Vexp700E+02_Vemit100E+02_tauD000E+00_Vran118E
 +01                  
 Start
           0
 set_grid_done
 set_clumps_done
 Done
 TIME :    2.30802788818255       sec
          50 %           2   61.2998148584738     
 	 100 %           3   120.601429284783     
 Time :   120.758164232131     
 WOCIVL455M0001NH220/N_atom200E+10_Vexp800E+02_Vemit100E+02_tauD000E+00_Vran118E
 +01                  
 Start
           0
 set_grid_done
 set_clumps_done
 Done
 TIME :    2.35336848348379       sec
          50 %           3   54.2495372539852     
 	 100 %           1   101.833145399345     
 Time :   101.975966654019     
 WOCIVL455M0001NH220/N_atom200E+10_Vexp900E+02_Vemit100E+02_tauD000E+00_Vran118E
 +01                  
 Start
           0
 set_grid_done
 set_clumps_done
 Done
 TIME :    2.30695581063628       sec
          50 %           2   54.4893562146463     
 	 100 %           2   112.897476180224     
 Time :   113.037408140954     
 WOCIVL455M0001NH220/N_atom200E+10_Vexp100E+03_Vemit100E+02_tauD000E+00_Vran118E
 +01                  
 Start
           0
 set_grid_done
 set_clumps_done
 Done
 TIME :    1.35613659070805       sec
          50 %           1   104.364742076956     
 	 100 %           1   159.950843136758     
 Time :   160.096166372998     
 WOCIVL455M0001NH220/N_atom200E+10_Vexp200E+03_Vemit100E+02_tauD000E+00_Vran118E
 +01                  
 Start
           0
 set_grid_done
 set_clumps_done
 Done
 TIME :    2.33733416022733       sec
          50 %           2   53.6436136290431     
 	 100 %           4   104.955442452570     
 Time :   105.098926150007     
 WOCIVL455M0001NH220/N_atom200E+10_Vexp300E+03_Vemit100E+02_tauD000E+00_Vran118E
 +01                  
 Start
           0
 set_grid_done
 set_clumps_done
 Done
 TIME :    1.56233374797739       sec
          50 %           1   48.0841044527479     
 	 100 %           4   91.1776047670282     
 Time :   91.3350346286315     
 WOCIVL455M0001NH220/N_atom200E+10_Vexp500E+01_Vemit100E+02_tauD000E+00_Vran118E
 +01                  
 Start
           0
 set_grid_done
 set_clumps_done
 Done
 TIME :    2.36271592066623       sec
          50 %           4   58.3253765664995     
 	 100 %           4   118.810045441613     
 Time :   118.964856049744     
 WOCIVL455M0001NH220/N_atom200E+10_Vexp100E+02_Vemit100E+02_tauD000E+00_Vran300E
 +01                  
 Start
           0
 set_grid_done
 set_clumps_done
 Done
 TIME :    1.59324008622207       sec
          50 %           1   67.9382145449053     
 	 100 %           2   137.783242165577     
 Time :   137.932472129818     
 WOCIVL455M0001NH220/N_atom200E+10_Vexp200E+02_Vemit100E+02_tauD000E+00_Vran300E
 +01                  
 Start
           0
 set_grid_done
 set_clumps_done
 Done
 TIME :    1.38714528246783       sec
          50 %           4   62.5448136222549     
 	 100 %           1   121.906362603186     
 Time :   122.056761979125     
 WOCIVL455M0001NH220/N_atom200E+10_Vexp300E+02_Vemit100E+02_tauD000E+00_Vran300E
 +01                  
 Start
           0
 set_grid_done
 set_clumps_done
 Done
 TIME :    2.02386869397014       sec
          50 %           2   55.6158128289972     
 	 100 %           2   117.357951522572     
 Time :   117.518676785985     
 WOCIVL455M0001NH220/N_atom200E+10_Vexp400E+02_Vemit100E+02_tauD000E+00_Vran300E
 +01                  
 Start
           0
 set_grid_done
 set_clumps_done
 Done
 TIME :    2.36058317730203       sec
          50 %           3   68.8841881109402     
 	 100 %           2   135.664761897875     
 Time :   135.823217649478     
 WOCIVL455M0001NH220/N_atom200E+10_Vexp500E+02_Vemit100E+02_tauD000E+00_Vran300E
 +01                  
 Start
           0
 set_grid_done
 set_clumps_done
 Done
 TIME :    2.26904192031361       sec
          50 %           1   57.5582351165358     
 	 100 %           2   112.663046732079     
 Time :   112.823880620999     
 WOCIVL455M0001NH220/N_atom200E+10_Vexp600E+02_Vemit100E+02_tauD000E+00_Vran300E
 +01                  
 Start
           0
 set_grid_done
 set_clumps_done
 Done
 TIME :    2.35707852966152       sec
          50 %           4   63.4606254883111     
 	 100 %           3   123.062327371445     
 Time :   123.211130869342     
 WOCIVL455M0001NH220/N_atom200E+10_Vexp700E+02_Vemit100E+02_tauD000E+00_Vran300E
 +01                  
 Start
           0
 set_grid_done
 set_clumps_done
 Done
 TIME :    2.35796891339123       sec
          50 %           1   60.2816208635923     
 	 100 %           2   111.534397190437     
 Time :   111.695798201952     
 WOCIVL455M0001NH220/N_atom200E+10_Vexp800E+02_Vemit100E+02_tauD000E+00_Vran300E
 +01                  
 Start
           0
 set_grid_done
 set_clumps_done
 Done
 TIME :    2.35539965447970       sec
          50 %           3   55.6762133745942     
 	 100 %           4   106.871445327299     
 Time :   107.015448306687     
 WOCIVL455M0001NH220/N_atom200E+10_Vexp900E+02_Vemit100E+02_tauD000E+00_Vran300E
 +01                  
 Start
           0
 set_grid_done
 set_clumps_done
 Done
 TIME :    2.35633768863045       sec
          50 %           2   54.5148697141558     
 	 100 %           1   105.109411308775     
 Time :   105.266314764740     
 WOCIVL455M0001NH220/N_atom200E+10_Vexp100E+03_Vemit100E+02_tauD000E+00_Vran300E
 +01                  
 Start
           0
 set_grid_done
 set_clumps_done
 Done
 TIME :    2.35729646170512       sec
          50 %           3   61.4615993651096     
 	 100 %           3   114.652807492996     
 Time :   114.793551168637     
 WOCIVL455M0001NH220/N_atom200E+10_Vexp200E+03_Vemit100E+02_tauD000E+00_Vran300E
 +01                  
 Start
           0
 set_grid_done
 set_clumps_done
 Done
 TIME :    2.28554904763587       sec
          50 %           4   54.0386022569146     
 	 100 %           3   107.175945809809     
 Time :   107.320383331040     
 WOCIVL455M0001NH220/N_atom200E+10_Vexp300E+03_Vemit100E+02_tauD000E+00_Vran300E
 +01                  
 Start
           0
 set_grid_done
 set_clumps_done
 Done
 TIME :    2.28476971364580       sec
          50 %           4   51.0045695840381     
 	 100 %           3   95.3495119372383     
 Time :   95.5075293697882     
 WOCIVL455M0001NH220/N_atom200E+10_Vexp500E+01_Vemit100E+02_tauD000E+00_Vran300E
 +01                  
 Start
           0
 set_grid_done
 set_clumps_done
 Done
 TIME :    2.35390879516490       sec
          50 %           1   83.2583400786389     
 	 100 %           1   166.237526439363     
 Time :   166.394016243052     
 WOCIVL455M0001NH220/N_atom200E+10_Vexp100E+02_Vemit100E+02_tauD000E+00_Vran500E
 +01                  
 Start
           0
 set_grid_done
 set_clumps_done
 Done
 TIME :    2.36373723205179       sec
          50 %           4   84.4629260664806     
 	 100 %           1   167.482447345974     
 Time :   167.638372281333     
 WOCIVL455M0001NH220/N_atom200E+10_Vexp200E+02_Vemit100E+02_tauD000E+00_Vran500E
 +01                  
 Start
           0
 set_grid_done
 set_clumps_done
 Done
 TIME :    2.36955407261848       sec
          50 %           4   68.5708611665759     
 	 100 %           3   131.912833685987     
 Time :   132.059290696168     
 WOCIVL455M0001NH220/N_atom200E+10_Vexp300E+02_Vemit100E+02_tauD000E+00_Vran500E
 +01                  
 Start
           0
 set_grid_done
 set_clumps_done
 Done
 TIME :    2.36654906976037       sec
          50 %           2   65.5683031766675     
 	 100 %           4   121.310549448477     
 Time :   121.465356579982     
 WOCIVL455M0001NH220/N_atom200E+10_Vexp400E+02_Vemit100E+02_tauD000E+00_Vran500E
 +01                  
 Start
           0
 set_grid_done
 set_clumps_done
 Done
 TIME :    2.37117330473848       sec
          50 %           1   58.9498029125389     
 	 100 %           1   117.771416852251     
 Time :   117.925758523634     
 WOCIVL455M0001NH220/N_atom200E+10_Vexp500E+02_Vemit100E+02_tauD000E+00_Vran500E
 +01                  
 Start
           0
 set_grid_done
 set_clumps_done
 Done
 TIME :    2.35209207958542       sec
          50 %           4   63.9919498257805     
 	 100 %           3   123.911115977447     
 Time :   124.062723407988     
 WOCIVL455M0001NH220/N_atom200E+10_Vexp600E+02_Vemit100E+02_tauD000E+00_Vran500E
 +01                  
 Start
           0
 set_grid_done
 set_clumps_done
 Done
 TIME :    2.35834667785093       sec
          50 %           1   61.9482289284933     
 	 100 %           3   122.782877493417     
 Time :   122.931782613508     
 WOCIVL455M0001NH220/N_atom200E+10_Vexp700E+02_Vemit100E+02_tauD000E+00_Vran500E
 +01                  
 Start
           0
 set_grid_done
 set_clumps_done
 Done
 TIME :    2.35514059476554       sec
          50 %           2   57.7335597195197     
 	 100 %           3   121.511768651661     
 Time :   121.663499285234     
 WOCIVL455M0001NH220/N_atom200E+10_Vexp800E+02_Vemit100E+02_tauD000E+00_Vran500E
 +01                  
 Start
           0
 set_grid_done
 set_clumps_done
 Done
 TIME :    2.35472806449980       sec
          50 %           1   61.1655489930417     
 	 100 %           2   111.117136943853     
 Time :   111.244540040614     
 WOCIVL455M0001NH220/N_atom200E+10_Vexp900E+02_Vemit100E+02_tauD000E+00_Vran500E
 +01                  
 Start
           0
 set_grid_done
 set_clumps_done
 Done
 TIME :    2.12722757970914       sec
          50 %           2   110.422222274588     
 	 100 %           3   173.575800233986     
 Time :   173.713559265248     
 WOCIVL455M0001NH220/N_atom200E+10_Vexp100E+03_Vemit100E+02_tauD000E+00_Vran500E
 +01                  
 Start
           0
 set_grid_done
 set_clumps_done
 Done
 TIME :    1.69475101702847       sec
          50 %           3   59.4465626133606     
 	 100 %           1   114.378317424562     
 Time :   114.530701213283     
 WOCIVL455M0001NH220/N_atom200E+10_Vexp200E+03_Vemit100E+02_tauD000E+00_Vran500E
 +01                  
 Start
           0
 set_grid_done
 set_clumps_done
 Done
 TIME :    2.35866399784572       sec
          50 %           1   50.9111353969201     
 	 100 %           2   101.410871110624     
 Time :   101.565508621512     
 WOCIVL455M0001NH220/N_atom200E+10_Vexp300E+03_Vemit100E+02_tauD000E+00_Vran500E
 +01                  
 Start
           0
 set_grid_done
 set_clumps_done
 Done
 TIME :    2.34369652252644       sec
          50 %           1   54.1473654431757     
 	 100 %           2   103.078456203453     
 Time :   103.233034201665     
 WOCIVL455M0001NH220/N_atom200E+10_Vexp500E+01_Vemit100E+02_tauD000E+00_Vran500E
 +01                  
 Start
           0
 set_grid_done
 set_clumps_done
 Done
 TIME :    2.35211324947886       sec
          50 %           4   116.898897718638     
 	 100 %           2   225.920140308095     
 Time :   226.076508331578     
 WOCIVL455M0001NH220/N_atom200E+10_Vexp100E+02_Vemit200E+02_tauD000E+00_Vran118E
 +01                  
 Start
           0
 set_grid_done
 set_clumps_done
 Done
 TIME :    2.35943288193084       sec
          50 %           4   53.2669984980021     
 	 100 %           3   108.071220978163     
 Time :   108.216900528176     
 WOCIVL455M0001NH220/N_atom200E+10_Vexp200E+02_Vemit200E+02_tauD000E+00_Vran118E
 +01                  
 Start
           0
 set_grid_done
 set_clumps_done
 Done
 TIME :    2.32833911944181       sec
          50 %           4   60.0531047179829     
 	 100 %           3   108.637698765611     
 Time :   108.775783532765     
 WOCIVL455M0001NH220/N_atom200E+10_Vexp300E+02_Vemit200E+02_tauD000E+00_Vran118E
 +01                  
 Start
           0
 set_grid_done
 set_clumps_done
 Done
 TIME :    2.04412851808593       sec
          50 %           3   56.8272805209272     
 	 100 %           1   111.403036559466     
 Time :   111.566431712126     
 WOCIVL455M0001NH220/N_atom200E+10_Vexp400E+02_Vemit200E+02_tauD000E+00_Vran118E
 +01                  
 Start
           0
 set_grid_done
 set_clumps_done
 Done
 TIME :    2.35981387249194       sec
          50 %           4   55.7225566862617     
 	 100 %           2   108.017263747519     
 Time :   108.168595506810     
 WOCIVL455M0001NH220/N_atom200E+10_Vexp500E+02_Vemit200E+02_tauD000E+00_Vran118E
 +01                  
 Start
           0
 set_grid_done
 set_clumps_done
 Done
 TIME :    2.36646600253880       sec
          50 %           3   49.9018584454898     
 	 100 %           4   105.632187019568     
 Time :   105.790326282615     
 WOCIVL455M0001NH220/N_atom200E+10_Vexp600E+02_Vemit200E+02_tauD000E+00_Vran118E
 +01                  
 Start
           0
 set_grid_done
 set_clumps_done
 Done
 TIME :    2.35229072510265       sec
          50 %           4   59.5041097730864     
 	 100 %           4   118.972306439420     
 Time :   119.106830913806     
 WOCIVL455M0001NH220/N_atom200E+10_Vexp700E+02_Vemit200E+02_tauD000E+00_Vran118E
 +01                  
 Start
           0
 set_grid_done
 set_clumps_done
 Done
 TIME :    1.37096337019466       sec
          50 %           3   66.9364632654469     
 	 100 %           2   159.802541868761     
 Time :   159.951094291871     
 WOCIVL455M0001NH220/N_atom200E+10_Vexp800E+02_Vemit200E+02_tauD000E+00_Vran118E
 +01                  
 Start
           0
 set_grid_done
 set_clumps_done
 Done
 TIME :    2.34684499655850       sec
          50 %           3   52.1069783705752     
 	 100 %           4   110.479501447640     
 Time :   110.627213411266     
 WOCIVL455M0001NH220/N_atom200E+10_Vexp900E+02_Vemit200E+02_tauD000E+00_Vran118E
 +01                  
 Start
           0
 set_grid_done
 set_clumps_done
 Done
 TIME :    2.35275995242409       sec
          50 %           2   59.3521601452958     
 	 100 %           2   120.233197137248     
 Time :   120.398515747394     
 WOCIVL455M0001NH220/N_atom200E+10_Vexp100E+03_Vemit200E+02_tauD000E+00_Vran118E
 +01                  
 Start
           0
 set_grid_done
 set_clumps_done
 Done
 TIME :    2.36138553475030       sec
          50 %           2   59.4576422867831     
 	 100 %           2   111.345189342508     
 Time :   111.503507804591     
 WOCIVL455M0001NH220/N_atom200E+10_Vexp200E+03_Vemit200E+02_tauD000E+00_Vran118E
 +01                  
 Start
           0
 set_grid_done
 set_clumps_done
 Done
 TIME :    2.15184706868604       sec
          50 %           2   53.6034337133169     
 	 100 %           3   105.548744658707     
 Time :   105.705098785693     
 WOCIVL455M0001NH220/N_atom200E+10_Vexp300E+03_Vemit200E+02_tauD000E+00_Vran118E
 +01                  
 Start
           0
 set_grid_done
 set_clumps_done
 Done
 TIME :    1.38220921764150       sec
          50 %           4   99.3566814255901     
 	 100 %           3   147.560157827102     
 Time :   147.695776119828     
 WOCIVL455M0001NH220/N_atom200E+10_Vexp500E+01_Vemit200E+02_tauD000E+00_Vran118E
 +01                  
 Start
           0
 set_grid_done
 set_clumps_done
 Done
 TIME :    2.13785089994781       sec
          50 %           4   61.5286147103179     
 	 100 %           3   121.298160349019     
 Time :   121.458860264625     
 WOCIVL455M0001NH220/N_atom200E+10_Vexp100E+02_Vemit200E+02_tauD000E+00_Vran300E
 +01                  
 Start
           0
 set_grid_done
 set_clumps_done
 Done
 TIME :    2.35112844710238       sec
          50 %           4   67.9164496343583     
 	 100 %           4   128.127256869571     
 Time :   128.281317910179     
 WOCIVL455M0001NH220/N_atom200E+10_Vexp200E+02_Vemit200E+02_tauD000E+00_Vran300E
 +01                  
 Start
           0
 set_grid_done
 set_clumps_done
 Done
 TIME :    2.36194017366506       sec
          50 %           1   56.8057189048268     
 	 100 %           4   112.700044600060     
 Time :   112.843640058767     
 WOCIVL455M0001NH220/N_atom200E+10_Vexp300E+02_Vemit200E+02_tauD000E+00_Vran300E
 +01                  
 Start
           0
 set_grid_done
 set_clumps_done
 Done
 TIME :    2.34235836169682       sec
          50 %           3   53.6798334456980     
 	 100 %           4   104.251741477288     
 Time :   104.401535187615     
 WOCIVL455M0001NH220/N_atom200E+10_Vexp400E+02_Vemit200E+02_tauD000E+00_Vran300E
 +01                  
 Start
           0
 set_grid_done
 set_clumps_done
 Done
 TIME :    1.95002027647570       sec
          50 %           1   60.6925514396280     
 	 100 %           2   124.932447816478     
 Time :   125.080456962110     
 WOCIVL455M0001NH220/N_atom200E+10_Vexp500E+02_Vemit200E+02_tauD000E+00_Vran300E
 +01                  
 Start
           0
 set_grid_done
 set_clumps_done
 Done
 TIME :    2.34763242560439       sec
          50 %           2   66.0236812992953     
 	 100 %           1   121.560549993999     
 Time :   121.722121908562     
 WOCIVL455M0001NH220/N_atom200E+10_Vexp600E+02_Vemit200E+02_tauD000E+00_Vran300E
 +01                  
 Start
           0
 set_grid_done
 set_clumps_done
 Done
 TIME :    2.35669102682732       sec
          50 %           2   109.528181871632     
 	 100 %           4   171.041303382022     
 Time :   171.207882956835     
 WOCIVL455M0001NH220/N_atom200E+10_Vexp700E+02_Vemit200E+02_tauD000E+00_Vran300E
 +01                  
 Start
           0
 set_grid_done
 set_clumps_done
 Done
 TIME :    2.34457603562623       sec
          50 %           2   61.2466670887079     
 	 100 %           1   119.287192302058     
 Time :   119.450384721393     
 WOCIVL455M0001NH220/N_atom200E+10_Vexp800E+02_Vemit200E+02_tauD000E+00_Vran300E
 +01                  
 Start
           0
 set_grid_done
 set_clumps_done
 Done
 TIME :    2.34468242689036       sec
          50 %           2   54.2580154174939     
 	 100 %           1   100.496062622173     
 Time :   100.652421728708     
 WOCIVL455M0001NH220/N_atom200E+10_Vexp900E+02_Vemit200E+02_tauD000E+00_Vran300E
 +01                  
 Start
           0
 set_grid_done
 set_clumps_done
 Done
 TIME :    2.33628640882671       sec
          50 %           4   50.4785779814702     
 	 100 %           3   94.5991839435883     
 Time :   94.7388459937647     
 WOCIVL455M0001NH220/N_atom200E+10_Vexp100E+03_Vemit200E+02_tauD000E+00_Vran300E
 +01                  
 Start
           0
 set_grid_done
 set_clumps_done
 Done
 TIME :    2.34162926301360       sec
          50 %           1   46.8523982269689     
 	 100 %           4   92.5613092724234     
 Time :   92.7053880954627     
 WOCIVL455M0001NH220/N_atom200E+10_Vexp200E+03_Vemit200E+02_tauD000E+00_Vran300E
 +01                  
 Start
           0
 set_grid_done
 set_clumps_done
 Done
 TIME :    1.98923902446404       sec
          50 %           4   42.0797505141236     
 	 100 %           1   83.2813836173154     
 Time :   83.4238767111674     
 WOCIVL455M0001NH220/N_atom200E+10_Vexp300E+03_Vemit200E+02_tauD000E+00_Vran300E
 +01                  
 Start
           0
 set_grid_done
 set_clumps_done
 Done
 TIME :    1.88186855218373       sec
          50 %           1   45.9961650723126     
 	 100 %           1   86.9743031156249     
 Time :   87.1174342664890     
 WOCIVL455M0001NH220/N_atom200E+10_Vexp500E+01_Vemit200E+02_tauD000E+00_Vran300E
 +01                  
 Start
           0
 set_grid_done
 set_clumps_done
 Done
 TIME :    1.56751177040860       sec
          50 %           1   59.6047253911383     
 	 100 %           3   121.783850055188     
 Time :   121.949601834640     
 WOCIVL455M0001NH220/N_atom200E+10_Vexp100E+02_Vemit200E+02_tauD000E+00_Vran500E
 +01                  
 Start
           0
 set_grid_done
 set_clumps_done
 Done
 TIME :    2.34584096795879       sec
          50 %           4   58.3632085120771     
 	 100 %           1   118.825802901294     
 Time :   118.969751217403     
 WOCIVL455M0001NH220/N_atom200E+10_Vexp200E+02_Vemit200E+02_tauD000E+00_Vran500E
 +01                  
 Start
           0
 set_grid_done
 set_clumps_done
 Done
 TIME :    1.49996486981399       sec
          50 %           4   52.0213053810876     
 	 100 %           2   105.835398991359     
 Time :   105.998046980938     
 WOCIVL455M0001NH220/N_atom200E+10_Vexp300E+02_Vemit200E+02_tauD000E+00_Vran500E
 +01                  
 Start
           0
 set_grid_done
 set_clumps_done
 Done
 TIME :    1.87920004571788       sec
          50 %           3   61.4915676591918     
 	 100 %           2   115.222855432192     
 Time :   115.383732232265     
 WOCIVL455M0001NH220/N_atom200E+10_Vexp400E+02_Vemit200E+02_tauD000E+00_Vran500E
 +01                  
 Start
           0
 set_grid_done
 set_clumps_done
 Done
 TIME :    2.34252432547510       sec
          50 %           2   54.5610728806350     
 	 100 %           3   105.232820191886     
 Time :   105.370130193885     
 WOCIVL455M0001NH220/N_atom200E+10_Vexp500E+02_Vemit200E+02_tauD000E+00_Vran500E
 +01                  
 Start
           0
 set_grid_done
 set_clumps_done
 Done
 TIME :    2.34224894479848       sec
          50 %           3   50.0322232332546     
 	 100 %           1   101.112388338894     
 Time :   101.244988854509     
 WOCIVL455M0001NH220/N_atom200E+10_Vexp600E+02_Vemit200E+02_tauD000E+00_Vran500E
 +01                  
 Start
           0
 set_grid_done
 set_clumps_done
 Done
 TIME :    2.23081670119427       sec
          50 %           3   49.6985720931552     
 	 100 %           3   95.3751456439495     
 Time :   95.4979913220741     
 WOCIVL455M0001NH220/N_atom200E+10_Vexp700E+02_Vemit200E+02_tauD000E+00_Vran500E
 +01                  
 Start
           0
 set_grid_done
 set_clumps_done
 Done
 TIME :    1.35885931970552       sec
          50 %           2   44.4695541812107     
 	 100 %           3   87.1660657650791     
 Time :   87.2849839157425     
 WOCIVL455M0001NH220/N_atom200E+10_Vexp800E+02_Vemit200E+02_tauD000E+00_Vran500E
 +01                  
 Start
           0
 set_grid_done
 set_clumps_done
 Done
 TIME :    1.34331207792275       sec
          50 %           3   43.2744838991202     
 	 100 %           4   85.1319996765815     
 Time :   85.2548247957602     
 WOCIVL455M0001NH220/N_atom200E+10_Vexp900E+02_Vemit200E+02_tauD000E+00_Vran500E
 +01                  
 Start
           0
 set_grid_done
 set_clumps_done
 Done
 TIME :    1.33540771948174       sec
          50 %           1   42.2761118803173     
 	 100 %           3   83.2137056086212     
 Time :   83.3342033063527     
 WOCIVL455M0001NH220/N_atom200E+10_Vexp100E+03_Vemit200E+02_tauD000E+00_Vran500E
 +01                  
 Start
           0
 set_grid_done
 set_clumps_done
 Done
 TIME :    1.33142892504111       sec
          50 %           2   41.9239470881876     
 	 100 %           2   82.4780371484812     
 Time :   82.5986087059136     
 WOCIVL455M0001NH220/N_atom200E+10_Vexp200E+03_Vemit200E+02_tauD000E+00_Vran500E
 +01                  
 Start
           0
 set_grid_done
 set_clumps_done
 Done
 TIME :    1.33506596321240       sec
          50 %           2   38.1146489917301     
 	 100 %           4   74.8633925586473     
 Time :   74.9834161298349     
 WOCIVL455M0001NH220/N_atom200E+10_Vexp300E+03_Vemit200E+02_tauD000E+00_Vran500E
 +01                  
 Start
           0
 set_grid_done
 set_clumps_done
 Done
 TIME :    1.32901871716604       sec
          50 %           4   36.5597505951300     
 	 100 %           4   71.7486260570586     
 Time :   71.8676773894113     
 WOCIVL455M0001NH220/N_atom200E+10_Vexp500E+01_Vemit200E+02_tauD000E+00_Vran500E
 +01                  
 Start
           0
 set_grid_done
 set_clumps_done
 Done
 TIME :    1.32962762867101       sec
          50 %           2   62.6343885706738     
 	 100 %           4   123.873233947204     
 Time :   123.991604161682     
 WOCIVL455M0001NH220/N_atom200E+10_Vexp100E+02_Vemit300E+02_tauD000E+00_Vran118E
 +01                  
 Start
           0
 set_grid_done
 set_clumps_done
 Done
 TIME :    1.33444764395244       sec
          50 %           4   39.4717561479192     
 	 100 %           4   77.5982244617771     
 Time :   77.7191593663301     
 WOCIVL455M0001NH220/N_atom200E+10_Vexp200E+02_Vemit300E+02_tauD000E+00_Vran118E
 +01                  
 Start
           0
 set_grid_done
 set_clumps_done
 Done
 TIME :    1.33366774907336       sec
          50 %           1   39.7775981372688     
 	 100 %           1   78.2537191824522     
 Time :   78.3725117854774     
 WOCIVL455M0001NH220/N_atom200E+10_Vexp300E+02_Vemit300E+02_tauD000E+00_Vran118E
 +01                  
 Start
           0
 set_grid_done
 set_clumps_done
 Done
 TIME :    1.33922614064068       sec
          50 %           2   40.7294543781318     
 	 100 %           1   80.1046483640093     
 Time :   80.2246732274070     
 WOCIVL455M0001NH220/N_atom200E+10_Vexp400E+02_Vemit300E+02_tauD000E+00_Vran118E
 +01                  
 Start
           0
 set_grid_done
 set_clumps_done
 Done
 TIME :    1.33439296041615       sec
          50 %           4   41.7232748393435     
 	 100 %           2   81.5740321406629     
 Time :   81.6950228207279     
 WOCIVL455M0001NH220/N_atom200E+10_Vexp500E+02_Vemit300E+02_tauD000E+00_Vran118E
 +01                  
 Start
           0
 set_grid_done
 set_clumps_done
 Done
 TIME :    1.33664665254764       sec
          50 %           4   41.1926462377887     
 	 100 %           1   81.1191572998650     
 Time :   81.2404883033596     
 WOCIVL455M0001NH220/N_atom200E+10_Vexp600E+02_Vemit300E+02_tauD000E+00_Vran118E
 +01                  
 Start
           0
 set_grid_done
 set_clumps_done
 Done
 TIME :    1.32691417727619       sec
          50 %           2   41.3455396303907     
 	 100 %           1   81.1397880255245     
 Time :   81.2595810405910     
 WOCIVL455M0001NH220/N_atom200E+10_Vexp700E+02_Vemit300E+02_tauD000E+00_Vran118E
 +01                  
 Start
           0
 set_grid_done
 set_clumps_done
 Done
 TIME :    1.33044758928008       sec
          50 %           1   40.9076667623594     
 	 100 %           4   80.4665993130766     
 Time :   80.5877096792683     
 WOCIVL455M0001NH220/N_atom200E+10_Vexp800E+02_Vemit300E+02_tauD000E+00_Vran118E
 +01                  
 Start
           0
 set_grid_done
 set_clumps_done
 Done
 TIME :    1.32438627653755       sec
          50 %           4   39.9180353635456     
 	 100 %           2   78.6643652606290     
 Time :   78.7886143429205     
 WOCIVL455M0001NH220/N_atom200E+10_Vexp900E+02_Vemit300E+02_tauD000E+00_Vran118E
 +01                  
 Start
           0
 set_grid_done
 set_clumps_done
 Done
 TIME :    1.32553103147075       sec
          50 %           1   39.9039323427714     
 	 100 %           2   78.4647057470866     
 Time :   78.5889574340545     
 WOCIVL455M0001NH220/N_atom200E+10_Vexp100E+03_Vemit300E+02_tauD000E+00_Vran118E
 +01                  
 Start
           0
 set_grid_done
 set_clumps_done
 Done
 TIME :    1.33894648193382       sec
          50 %           4   39.6775787370279     
 	 100 %           3   77.9934316431172     
 Time :   78.1194068093318     
 WOCIVL455M0001NH220/N_atom200E+10_Vexp200E+03_Vemit300E+02_tauD000E+00_Vran118E
 +01                  
 Start
           0
 set_grid_done
 set_clumps_done
 Done
 TIME :    1.33127283002250       sec
          50 %           3   37.1886138720438     
 	 100 %           4   73.0551913615782     
 Time :   73.1810258619953     
 WOCIVL455M0001NH220/N_atom200E+10_Vexp300E+03_Vemit300E+02_tauD000E+00_Vran118E
 +01                  
 Start
           0
 set_grid_done
 set_clumps_done
 Done
 TIME :    1.33092161593959       sec
          50 %           2   35.2812361987308     
 	 100 %           2   69.1880647335202     
 Time :   69.3136512448546     
 WOCIVL455M0001NH220/N_atom200E+10_Vexp500E+01_Vemit300E+02_tauD000E+00_Vran118E
 +01                  
 Start
           0
 set_grid_done
 set_clumps_done
 Done
 TIME :    1.33069615950808       sec
          50 %           1   39.1804950733203     
 	 100 %           4   77.0126840844750     
 Time :   77.1399819322396     
 WOCIVL455M0001NH220/N_atom200E+10_Vexp100E+02_Vemit300E+02_tauD000E+00_Vran300E
 +01                  
 Start
           0
 set_grid_done
 set_clumps_done
 Done
 TIME :    1.33482886501588       sec
          50 %           4   42.8393922408577     
 	 100 %           2   84.4348951161373     
 Time :   84.5623331088573     
 WOCIVL455M0001NH220/N_atom200E+10_Vexp200E+02_Vemit300E+02_tauD000E+00_Vran300E
 +01                  
 Start
           0
 set_grid_done
 set_clumps_done
 Done
 TIME :    1.33182911179028       sec
          50 %           2   41.3494539326057     
 	 100 %           3   81.3454398212489     
 Time :   81.4710054430179     
 WOCIVL455M0001NH220/N_atom200E+10_Vexp300E+02_Vemit300E+02_tauD000E+00_Vran300E
 +01                  
 Start
           0
 set_grid_done
 set_clumps_done
 Done
 TIME :    1.33329437300563       sec
          50 %           4   41.7053195636254     
 	 100 %           3   82.0665735944640     
 Time :   82.1930389478803     
 WOCIVL455M0001NH220/N_atom200E+10_Vexp400E+02_Vemit300E+02_tauD000E+00_Vran300E
 +01                  
 Start
           0
 set_grid_done
 set_clumps_done
 Done
 TIME :    1.33260206365958       sec
          50 %           3   42.3207176658325     
 	 100 %           1   83.1737511893734     
 Time :   83.3009423853364     
 WOCIVL455M0001NH220/N_atom200E+10_Vexp500E+02_Vemit300E+02_tauD000E+00_Vran300E
 +01                  
 Start
           0
 set_grid_done
 set_clumps_done
 Done
 TIME :    1.33520658919588       sec
          50 %           2   42.2551838525105     
 	 100 %           3   83.1735788034275     
 Time :   83.3006435001735     
 WOCIVL455M0001NH220/N_atom200E+10_Vexp600E+02_Vemit300E+02_tauD000E+00_Vran300E
 +01                  
 Start
           0
 set_grid_done
 set_clumps_done
 Done
 TIME :    1.33205055072904       sec
          50 %           4   41.8319184393622     
 	 100 %           1   82.3557181362994     
 Time :   82.4806195620913     
 WOCIVL455M0001NH220/N_atom200E+10_Vexp700E+02_Vemit300E+02_tauD000E+00_Vran300E
 +01                  
 Start
           0
 set_grid_done
 set_clumps_done
 Done
 TIME :    1.33474636892788       sec
          50 %           1   41.5032134028152     
 	 100 %           4   81.7503692985047     
 Time :   81.8771455297247     
 WOCIVL455M0001NH220/N_atom200E+10_Vexp800E+02_Vemit300E+02_tauD000E+00_Vran300E
 +01                  
 Start
           0
 set_grid_done
 set_clumps_done
 Done
 TIME :    1.33450550329871       sec
          50 %           2   41.0542474966496     
 	 100 %           4   80.8509150568862     
 Time :   80.9767476033885     
 WOCIVL455M0001NH220/N_atom200E+10_Vexp900E+02_Vemit300E+02_tauD000E+00_Vran300E
 +01                  
 Start
           0
 set_grid_done
 set_clumps_done
 Done
 TIME :    1.33548606769182       sec
          50 %           3   40.3361702440307     
 	 100 %           4   79.1312396542635     
 Time :   79.2589136934839     
 WOCIVL455M0001NH220/N_atom200E+10_Vexp100E+03_Vemit300E+02_tauD000E+00_Vran300E
 +01                  
 Start
           0
 set_grid_done
 set_clumps_done
 Done
 TIME :    1.33390808361582       sec
          50 %           3   39.7972614332102     
 	 100 %           3   78.2315679213498     
 Time :   78.3570837790612     
 WOCIVL455M0001NH220/N_atom200E+10_Vexp200E+03_Vemit300E+02_tauD000E+00_Vran300E
 +01                  
 Start
           0
 set_grid_done
 set_clumps_done
 Done
 TIME :    1.33387759584002       sec
          50 %           1   36.6639646380208     
 	 100 %           2   72.2190649514087     
 Time :   72.3462556565646     
 WOCIVL455M0001NH220/N_atom200E+10_Vexp300E+03_Vemit300E+02_tauD000E+00_Vran300E
 +01                  
 Start
           0
 set_grid_done
 set_clumps_done
 Done
 TIME :    1.33434679312631       sec
          50 %           2   35.3860994894058     
 	 100 %           2   69.3781880326569     
 Time :   69.5047052039299     
 WOCIVL455M0001NH220/N_atom200E+10_Vexp500E+01_Vemit300E+02_tauD000E+00_Vran300E
 +01                  
 Start
           0
 set_grid_done
 set_clumps_done
 Done
 TIME :    1.33412451297045       sec
          50 %           2   46.8814964257181     
 	 100 %           4   92.3884801890235     
 Time :   92.5134323406965     
 WOCIVL455M0001NH220/N_atom200E+10_Vexp100E+02_Vemit300E+02_tauD000E+00_Vran500E
 +01                  
 Start
           0
 set_grid_done
 set_clumps_done
 Done
 TIME :    1.33456956455484       sec
          50 %           2   48.2444097520784     
 	 100 %           2   95.1118787699379     
 Time :   95.2363076522015     
 WOCIVL455M0001NH220/N_atom200E+10_Vexp200E+02_Vemit300E+02_tauD000E+00_Vran500E
 +01                  
 Start
           0
 set_grid_done
 set_clumps_done
 Done
 TIME :    1.33007472427562       sec
          50 %           1   44.4242706538644     
 	 100 %           1   87.4985065765213     
 Time :   87.6256104875356     
 WOCIVL455M0001NH220/N_atom200E+10_Vexp300E+02_Vemit300E+02_tauD000E+00_Vran500E
 +01                  
 Start
           0
 set_grid_done
 set_clumps_done
 Done
 TIME :    1.33471918734722       sec
          50 %           4   44.5077737797983     
 	 100 %           4   87.6354034973774     
 Time :   87.7612036026549     
 WOCIVL455M0001NH220/N_atom200E+10_Vexp400E+02_Vemit300E+02_tauD000E+00_Vran500E
 +01                  
 Start
           0
 set_grid_done
 set_clumps_done
 Done
 TIME :    1.33269055117853       sec
          50 %           4   44.2863525520079     
 	 100 %           4   87.5298082723748     
 Time :   87.6576725614723     
 WOCIVL455M0001NH220/N_atom200E+10_Vexp500E+02_Vemit300E+02_tauD000E+00_Vran500E
 +01                  
 Start
           0
 set_grid_done
 set_clumps_done
 Done
 TIME :    1.33533302834257       sec
          50 %           2   44.0334099524189     
 	 100 %           1   86.7305236251559     
 Time :   86.8560486701317     
 WOCIVL455M0001NH220/N_atom200E+10_Vexp600E+02_Vemit300E+02_tauD000E+00_Vran500E
 +01                  
 Start
           0
 set_grid_done
 set_clumps_done
 Done
 TIME :    1.33077279431745       sec
          50 %           2   43.5434724532533     
 	 100 %           2   85.7714214310981     
 Time :   85.8975959243253     
 WOCIVL455M0001NH220/N_atom200E+10_Vexp700E+02_Vemit300E+02_tauD000E+00_Vran500E
 +01                  
 Start
           0
 set_grid_done
 set_clumps_done
 Done
 TIME :    1.34377254848368       sec
          50 %           2   42.7080370201729     
 	 100 %           3   84.1433170516975     
 Time :   84.2680409718305     
 WOCIVL455M0001NH220/N_atom200E+10_Vexp800E+02_Vemit300E+02_tauD000E+00_Vran500E
 +01                  
 Start
           0
 set_grid_done
 set_clumps_done
 Done
 TIME :    1.33348517399281       sec
          50 %           3   42.0177736873738     
 	 100 %           3   82.8954256977886     
 Time :   83.0224169157445     
 WOCIVL455M0001NH220/N_atom200E+10_Vexp900E+02_Vemit300E+02_tauD000E+00_Vran500E
 +01                  
 Start
           0
 set_grid_done
 set_clumps_done
 Done
 TIME :    1.33574654022232       sec
          50 %           4   41.6445338893682     
 	 100 %           3   81.8706345967948     
 Time :   81.9987576450221     
 WOCIVL455M0001NH220/N_atom200E+10_Vexp100E+03_Vemit300E+02_tauD000E+00_Vran500E
 +01                  
 Start
           0
 set_grid_done
 set_clumps_done
 Done
 TIME :    1.33380720275454       sec
          50 %           2   41.1206390622538     
 	 100 %           2   80.8232244802639     
 Time :   80.9500378216617     
 WOCIVL455M0001NH220/N_atom200E+10_Vexp200E+03_Vemit300E+02_tauD000E+00_Vran500E
 +01                  
 Start
           0
 set_grid_done
 set_clumps_done
 Done
 TIME :    1.33555833436549       sec
          50 %           2   37.3570133987814     
 	 100 %           1   72.9875459347386     
 Time :   73.1124204897787     
 WOCIVL455M0001NH220/N_atom200E+10_Vexp300E+03_Vemit300E+02_tauD000E+00_Vran500E
 +01                  
 Start
           0
 set_grid_done
 set_clumps_done
 Done
 TIME :    1.33281402452849       sec
          50 %           3   35.6211305556353     
 	 100 %           3   69.8744418267161     
 Time :   70.0005190160591     
 WOCIVL455M0001NH220/N_atom200E+10_Vexp500E+01_Vemit300E+02_tauD000E+00_Vran500E
 +01                  
 Start
           0
 set_grid_done
 set_clumps_done
 Done
 TIME :    1.33326173131354       sec
          50 %           1   56.0074654880445     
 	 100 %           1   110.625965471147     
 Time :   110.751304724952     
 WOCIVL455M0001NH220/N_atom200E+10_Vexp100E+02_Vemit400E+02_tauD000E+00_Vran118E
 +01                  
 Start
           0
 set_grid_done
 set_clumps_done
 Done
 TIME :    1.33391661988571       sec
          50 %           4   37.7967484784313     
 	 100 %           2   74.2357574645430     
 Time :   74.3621235801838     
 WOCIVL455M0001NH220/N_atom200E+10_Vexp200E+02_Vemit400E+02_tauD000E+00_Vran118E
 +01                  
 Start
           0
 set_grid_done
 set_clumps_done
 Done
 TIME :    1.33251793473028       sec
          50 %           2   37.7970391279086     
 	 100 %           4   74.2834645048715     
 Time :   74.4093724042177     
 WOCIVL455M0001NH220/N_atom200E+10_Vexp300E+02_Vemit400E+02_tauD000E+00_Vran118E
 +01                  
 Start
           0
 set_grid_done
 set_clumps_done
 Done
 TIME :    1.33538197097369       sec
          50 %           4   38.6727022172417     
 	 100 %           1   76.0059823731426     
 Time :   76.1335338905919     
 WOCIVL455M0001NH220/N_atom200E+10_Vexp400E+02_Vemit400E+02_tauD000E+00_Vran118E
 +01                  
 Start
           0
 set_grid_done
 set_clumps_done
 Done
 TIME :    1.33588682557456       sec
          50 %           3   39.5790120835882     
 	 100 %           1   77.7475490251090     
 Time :   77.8724328074604     
 WOCIVL455M0001NH220/N_atom200E+10_Vexp500E+02_Vemit400E+02_tauD000E+00_Vran118E
 +01                  
 Start
           0
 set_grid_done
 set_clumps_done
 Done
 TIME :    1.33284422173165       sec
          50 %           4   40.1149843009189     
 	 100 %           3   78.9414931575302     
 Time :   79.0689978464507     
 WOCIVL455M0001NH220/N_atom200E+10_Vexp600E+02_Vemit400E+02_tauD000E+00_Vran118E
 +01                  
 Start
           0
 set_grid_done
 set_clumps_done
 Done
 TIME :    1.33521337225102       sec
          50 %           3   40.2430171987507     
 	 100 %           2   79.1615620681550     
 Time :   79.2878528514411     
 WOCIVL455M0001NH220/N_atom200E+10_Vexp700E+02_Vemit400E+02_tauD000E+00_Vran118E
 +01                  
 Start
           0
 set_grid_done
 set_clumps_done
 Done
 TIME :    1.33443979918957       sec
          50 %           1   40.2397305832710     
 	 100 %           3   79.1429550496396     
 Time :   79.2702218387276     
 WOCIVL455M0001NH220/N_atom200E+10_Vexp800E+02_Vemit400E+02_tauD000E+00_Vran118E
 +01                  
 Start
           0
 set_grid_done
 set_clumps_done
 Done
 TIME :    1.33548277150840       sec
          50 %           3   40.0670987728518     
 	 100 %           2   78.7534829142969     
 Time :   78.8816340959165     
 WOCIVL455M0001NH220/N_atom200E+10_Vexp900E+02_Vemit400E+02_tauD000E+00_Vran118E
 +01                  
 Start
           0
 set_grid_done
 set_clumps_done
 Done
 TIME :    1.33429656829685       sec
          50 %           2   39.9301847496536     
 	 100 %           1   78.4505278447177     
 Time :   78.5780406589620     
 WOCIVL455M0001NH220/N_atom200E+10_Vexp100E+03_Vemit400E+02_tauD000E+00_Vran118E
 +01                  
 Start
           0
 set_grid_done
 set_clumps_done
 Done
 TIME :    1.33218993432820       sec
          50 %           3   39.8345146439970     
 	 100 %           3   78.3269797281828     
 Time :   78.4541037571616     
 WOCIVL455M0001NH220/N_atom200E+10_Vexp200E+03_Vemit400E+02_tauD000E+00_Vran118E
 +01                  
 Start
           0
 set_grid_done
 set_clumps_done
 Done
 TIME :    1.33201139676385       sec
          50 %           3   37.3825836956967     
 	 100 %           1   73.4586658873595     
 Time :   73.5961662195623     
 WOCIVL455M0001NH220/N_atom200E+10_Vexp300E+03_Vemit400E+02_tauD000E+00_Vran118E
 +01                  
 Start
           0
 set_grid_done
 set_clumps_done
 Done
 TIME :    1.33452616236173       sec
          50 %           1   35.7193663027138     
 	 100 %           2   70.3065122612752     
 Time :   70.4323836313561     
 WOCIVL455M0001NH220/N_atom200E+10_Vexp500E+01_Vemit400E+02_tauD000E+00_Vran118E
 +01                  
 Start
           0
 set_grid_done
 set_clumps_done
 Done
 TIME :    1.33308809273876       sec
          50 %           2   38.6231461698189     
 	 100 %           4   75.8628762296867     
 Time :   75.9883564198390     
 WOCIVL455M0001NH220/N_atom200E+10_Vexp100E+02_Vemit400E+02_tauD000E+00_Vran300E
 +01                  
 Start
           0
 set_grid_done
 set_clumps_done
 Done
 TIME :    1.33479205518961       sec
          50 %           2   41.6093225099612     
 	 100 %           3   81.4359395585489     
 Time :   81.5618861408439     
 WOCIVL455M0001NH220/N_atom200E+10_Vexp200E+02_Vemit400E+02_tauD000E+00_Vran300E
 +01                  
 Start
           0
 set_grid_done
 set_clumps_done
 Done
 TIME :    1.33260639198124       sec
          50 %           2   40.0707936703693     
 	 100 %           4   78.7766061637085     
 Time :   78.9006890514866     
 WOCIVL455M0001NH220/N_atom200E+10_Vexp300E+02_Vemit400E+02_tauD000E+00_Vran300E
 +01                  
 Start
           0
 set_grid_done
 set_clumps_done
 Done
 TIME :    1.33282550633885       sec
          50 %           2   40.5081022509839     
 	 100 %           4   79.6502202479169     
 Time :   79.7755918027833     
 WOCIVL455M0001NH220/N_atom200E+10_Vexp400E+02_Vemit400E+02_tauD000E+00_Vran300E
 +01                  
 Start
           0
 set_grid_done
 set_clumps_done
 Done
 TIME :    1.33340731635690       sec
          50 %           4   41.2194835406262     
 	 100 %           2   81.0957838874310     
 Time :   81.2214885421563     
 WOCIVL455M0001NH220/N_atom200E+10_Vexp500E+02_Vemit400E+02_tauD000E+00_Vran300E
 +01                  
 Start
           0
 set_grid_done
 set_clumps_done
 Done
 TIME :    1.33437974564731       sec
          50 %           3   41.3615398188122     
 	 100 %           3   81.3449178943411     
 Time :   81.4721184680238     
 WOCIVL455M0001NH220/N_atom200E+10_Vexp600E+02_Vemit400E+02_tauD000E+00_Vran300E
 +01                  
 Start
           0
 set_grid_done
 set_clumps_done
 Done
 TIME :    1.33143534744158       sec
          50 %           4   41.2444456878584     
 	 100 %           3   81.1538072878029     
 Time :   81.2822308745235     
 WOCIVL455M0001NH220/N_atom200E+10_Vexp700E+02_Vemit400E+02_tauD000E+00_Vran300E
 +01                  
 Start
           0
 set_grid_done
 set_clumps_done
 Done
 TIME :    1.33156244759448       sec
          50 %           3   40.8901267617475     
 	 100 %           1   80.4565318238456     
 Time :   80.5823885863647     
 WOCIVL455M0001NH220/N_atom200E+10_Vexp800E+02_Vemit400E+02_tauD000E+00_Vran300E
 +01                  
 Start
           0
 set_grid_done
 set_clumps_done
 Done
 TIME :    1.33281743107364       sec
          50 %           1   40.5659984806553     
 	 100 %           3   79.7302301076706     
 Time :   79.8568927841261     
 WOCIVL455M0001NH220/N_atom200E+10_Vexp900E+02_Vemit400E+02_tauD000E+00_Vran300E
 +01                  
 Start
           0
 set_grid_done
 set_clumps_done
 Done
 TIME :    1.33138142549433       sec
          50 %           3   40.3361854227260     
 	 100 %           4   79.3909078927245     
 Time :   79.5164858780336     
 WOCIVL455M0001NH220/N_atom200E+10_Vexp100E+03_Vemit400E+02_tauD000E+00_Vran300E
 +01                  
 Start
           0
 set_grid_done
 set_clumps_done
 Done
 TIME :    1.33013975713402       sec
          50 %           4   39.8734082772862     
 	 100 %           2   78.4840192915872     
 Time :   78.6090084533207     
 WOCIVL455M0001NH220/N_atom200E+10_Vexp200E+03_Vemit400E+02_tauD000E+00_Vran300E
 +01                  
 Start
           0
 set_grid_done
 set_clumps_done
 Done
 TIME :    1.33461960917339       sec
          50 %           1   37.2149921671953     
 	 100 %           3   73.1634449239355     
 Time :   73.2898094868287     
 WOCIVL455M0001NH220/N_atom200E+10_Vexp300E+03_Vemit400E+02_tauD000E+00_Vran300E
 +01                  
 Start
           0
 set_grid_done
 set_clumps_done
 Done
 TIME :    1.33297953777947       sec
          50 %           1   35.6546262307093     
 	 100 %           1   69.9593696470838     
 Time :   70.0860710470006     
 WOCIVL455M0001NH220/N_atom200E+10_Vexp500E+01_Vemit400E+02_tauD000E+00_Vran300E
 +01                  
 Start
           0
 set_grid_done
 set_clumps_done
 Done
 TIME :    1.33370797522366       sec
          50 %           2   44.7740114820190     
 	 100 %           4   88.1169974678196     
 Time :   88.2425205493346     
 WOCIVL455M0001NH220/N_atom200E+10_Vexp100E+02_Vemit400E+02_tauD000E+00_Vran500E
 +01                  
 Start
           0
 set_grid_done
 set_clumps_done
 Done
 TIME :    1.33124603936449       sec
          50 %           2   46.2490723247174     
 	 100 %           1   91.2048390007112     
 Time :   91.3280875005294     
 WOCIVL455M0001NH220/N_atom200E+10_Vexp200E+02_Vemit400E+02_tauD000E+00_Vran500E
 +01                  
 Start
           0
 set_grid_done
 set_clumps_done
 Done
 TIME :    1.33315269486047       sec
          50 %           1   43.1707141562365     
 	 100 %           4   85.0350175800268     
 Time :   85.1610588312615     
 WOCIVL455M0001NH220/N_atom200E+10_Vexp300E+02_Vemit400E+02_tauD000E+00_Vran500E
 +01                  
 Start
           0
 set_grid_done
 set_clumps_done
 Done
 TIME :    1.33184645464644       sec
          50 %           2   43.4136639374774     
 	 100 %           2   85.5736982591916     
 Time :   85.7000875687227     
 WOCIVL455M0001NH220/N_atom200E+10_Vexp400E+02_Vemit400E+02_tauD000E+00_Vran500E
 +01                  
 Start
           0
 set_grid_done
 set_clumps_done
 Done
 TIME :    1.33389341575094       sec
          50 %           1   43.5917322190944     
 	 100 %           2   85.8811823439319     
 Time :   86.0072617374826     
 WOCIVL455M0001NH220/N_atom200E+10_Vexp500E+02_Vemit400E+02_tauD000E+00_Vran500E
 +01                  
 Start
           0
 set_grid_done
 set_clumps_done
 Done
 TIME :    1.33223138283938       sec
          50 %           2   42.8027113825083     
 	 100 %           3   84.2459255186841     
 Time :   84.3710858139675     
 WOCIVL455M0001NH220/N_atom200E+10_Vexp600E+02_Vemit400E+02_tauD000E+00_Vran500E
 +01                  
 Start
           0
 set_grid_done
 set_clumps_done
 Done
 TIME :    1.33573645120487       sec
          50 %           4   42.5124934704509     
 	 100 %           3   83.6995553874876     
 Time :   83.8257343692239     
 WOCIVL455M0001NH220/N_atom200E+10_Vexp700E+02_Vemit400E+02_tauD000E+00_Vran500E
 +01                  
 Start
           0
 set_grid_done
 set_clumps_done
 Done
 TIME :    1.33376850956120       sec
          50 %           3   42.3870589262806     
 	 100 %           4   83.4008177334908     
 Time :   83.5274809510447     
 WOCIVL455M0001NH220/N_atom200E+10_Vexp800E+02_Vemit400E+02_tauD000E+00_Vran500E
 +01                  
 Start
           0
 set_grid_done
 set_clumps_done
 Done
 TIME :    1.33546486776322       sec
          50 %           2   41.9366505222861     
 	 100 %           4   82.5372954341583     
 Time :   82.6676130827982     
 WOCIVL455M0001NH220/N_atom200E+10_Vexp900E+02_Vemit400E+02_tauD000E+00_Vran500E
 +01                  
 Start
           0
 set_grid_done
 set_clumps_done
 Done
 TIME :    1.33613090729341       sec
          50 %           3   41.1106036040001     
 	 100 %           3   80.9388055098243     
 Time :   81.0645921698306     
 WOCIVL455M0001NH220/N_atom200E+10_Vexp100E+03_Vemit400E+02_tauD000E+00_Vran500E
 +01                  
 Start
           0
 set_grid_done
 set_clumps_done
 Done
 TIME :    1.33126493496820       sec
          50 %           2   40.4811196732335     
 	 100 %           3   79.6019943461288     
 Time :   79.7270427297335     
 WOCIVL455M0001NH220/N_atom200E+10_Vexp200E+03_Vemit400E+02_tauD000E+00_Vran500E
 +01                  
 Start
           0
 set_grid_done
 set_clumps_done
 Done
 TIME :    1.33227062691003       sec
          50 %           1   37.3162518930621     
 	 100 %           3   73.4346239708830     
 Time :   73.5647487347014     
 WOCIVL455M0001NH220/N_atom200E+10_Vexp300E+03_Vemit400E+02_tauD000E+00_Vran500E
 +01                  
 Start
           0
 set_grid_done
 set_clumps_done
 Done
 TIME :    1.33347526495345       sec
          50 %           3   35.7746266478207     
 	 100 %           4   70.1938785356469     
 Time :   70.3197410288267     
 WOCIVL455M0001NH220/N_atom200E+10_Vexp500E+01_Vemit400E+02_tauD000E+00_Vran500E
 +01                  
 Start
           0
 set_grid_done
 set_clumps_done
 Done
 TIME :    1.33375977305695       sec
          50 %           4   52.8169531002641     
 	 100 %           3   104.173870071769     
 Time :   104.299488924211     
 WOCIVL455M0001NH220/N_atom200E+10_Vexp100E+02_Vemit500E+02_tauD000E+00_Vran118E
 +01                  
 Start
           0
 set_grid_done
 set_clumps_done
 Done
 TIME :    1.33468640549108       sec
          50 %           4   37.0802214872092     
 	 100 %           3   72.7780141714029     
 Time :   72.9052046660800     
 WOCIVL455M0001NH220/N_atom200E+10_Vexp200E+02_Vemit500E+02_tauD000E+00_Vran118E
 +01                  
 Start
           0
 set_grid_done
 set_clumps_done
 Done
 TIME :    1.33011966920458       sec
          50 %           4   37.2776449720841     
 	 100 %           3   73.2266454948112     
 Time :   73.3527815255802     
 WOCIVL455M0001NH220/N_atom200E+10_Vexp300E+02_Vemit500E+02_tauD000E+00_Vran118E
 +01                  
 Start
           0
 set_grid_done
 set_clumps_done
 Done
 TIME :    1.33554108184762       sec
          50 %           1   37.9416429335251     
 	 100 %           2   74.5816811937839     
 Time :   74.7064051339403     
 WOCIVL455M0001NH220/N_atom200E+10_Vexp400E+02_Vemit500E+02_tauD000E+00_Vran118E
 +01                  
 Start
           0
 set_grid_done
 set_clumps_done
 Done
 TIME :    1.33202262781560       sec
          50 %           4   38.9132014142815     
 	 100 %           2   76.6012579710223     
 Time :   76.7271981711965     
 WOCIVL455M0001NH220/N_atom200E+10_Vexp500E+02_Vemit500E+02_tauD000E+00_Vran118E
 +01                  
 Start
           0
 set_grid_done
 set_clumps_done
 Done
 TIME :    1.33473004796542       sec
          50 %           1   39.6695206176955     
 	 100 %           4   78.0916814666707     
 Time :   78.2160993681755     
 WOCIVL455M0001NH220/N_atom200E+10_Vexp600E+02_Vemit500E+02_tauD000E+00_Vran118E
 +01                  
 Start
           0
 set_grid_done
 set_clumps_done
 Done
 TIME :    1.33331861882471       sec
          50 %           3   39.9022838852834     
 	 100 %           2   78.4437173751649     
 Time :   78.5713359995279     
 WOCIVL455M0001NH220/N_atom200E+10_Vexp700E+02_Vemit500E+02_tauD000E+00_Vran118E
 +01                  
 Start
           0
 set_grid_done
 set_clumps_done
 Done
 TIME :    1.33345047826879       sec
          50 %           4   39.6992956164759     
 	 100 %           2   77.6726196934469     
 Time :   77.7996614668518     
 WOCIVL455M0001NH220/N_atom200E+10_Vexp800E+02_Vemit500E+02_tauD000E+00_Vran118E
 +01                  
 Start
           0
 set_grid_done
 set_clumps_done
 Done
 TIME :    1.33085517003201       sec
          50 %           1   39.2765645738691     
 	 100 %           3   77.0940012864303     
 Time :   77.2191117273178     
 WOCIVL455M0001NH220/N_atom200E+10_Vexp900E+02_Vemit500E+02_tauD000E+00_Vran118E
 +01                  
 Start
           0
 set_grid_done
 set_clumps_done
 Done
 TIME :    1.33234175154939       sec
          50 %           4   39.0435191330034     
 	 100 %           2   76.5157657335512     
 Time :   76.6426634746604     
 WOCIVL455M0001NH220/N_atom200E+10_Vexp100E+03_Vemit500E+02_tauD000E+00_Vran118E
 +01                  
 Start
           0
 set_grid_done
 set_clumps_done
 Done
 TIME :    1.32822922407649       sec
          50 %           2   38.7162465953734     
 	 100 %           4   76.1111426455900     
 Time :   76.2375175778288     
 WOCIVL455M0001NH220/N_atom200E+10_Vexp200E+03_Vemit500E+02_tauD000E+00_Vran118E
 +01                  
 Start
           0
 set_grid_done
 set_clumps_done
 Done
 TIME :    1.32934921211563       sec
          50 %           4   36.5127891043667     
 	 100 %           3   71.6860450776294     
 Time :   71.8136241270695     
 WOCIVL455M0001NH220/N_atom200E+10_Vexp300E+03_Vemit500E+02_tauD000E+00_Vran118E
 +01                  
 Start
           0
 set_grid_done
 set_clumps_done
 Done
 TIME :    1.33279419713654       sec
          50 %           1   35.0995172432158     
 	 100 %           2   68.8374058192130     
 Time :   68.9646330133546     
 WOCIVL455M0001NH220/N_atom200E+10_Vexp500E+01_Vemit500E+02_tauD000E+00_Vran118E
 +01                  
 Start
           0
 set_grid_done
 set_clumps_done
 Done
 TIME :    1.33146847994067       sec
          50 %           2   37.1350329229608     
 	 100 %           2   72.9088725824840     
 Time :   73.0328764710575     
 WOCIVL455M0001NH220/N_atom200E+10_Vexp100E+02_Vemit500E+02_tauD000E+00_Vran300E
 +01                  
 Start
           0
 set_grid_done
 set_clumps_done
 Done
 TIME :    1.33080504531972       sec
          50 %           1   39.8386572184972     
 	 100 %           1   78.3566823599394     
 Time :   78.4810372220818     
 WOCIVL455M0001NH220/N_atom200E+10_Vexp200E+02_Vemit500E+02_tauD000E+00_Vran300E
 +01                  
 Start
           0
 set_grid_done
 set_clumps_done
 Done
 TIME :    1.33201272925362       sec
          50 %           1   38.9046591096558     
 	 100 %           4   76.4824596170802     
 Time :   76.6088805063628     
 WOCIVL455M0001NH220/N_atom200E+10_Vexp300E+02_Vemit500E+02_tauD000E+00_Vran300E
 +01                  
 Start
           0
 set_grid_done
 set_clumps_done
 Done
 TIME :    1.33369718468748       sec
          50 %           2   39.3116420502774     
 	 100 %           3   77.3413273841143     
 Time :   77.4679186255671     
 WOCIVL455M0001NH220/N_atom200E+10_Vexp400E+02_Vemit500E+02_tauD000E+00_Vran300E
 +01                  
 Start
           0
 set_grid_done
 set_clumps_done
 Done
 TIME :    1.33251603110693       sec
          50 %           1   39.9475526146125     
 	 100 %           4   78.5153070411179     
 Time :   78.6408916888759     
 WOCIVL455M0001NH220/N_atom200E+10_Vexp500E+02_Vemit500E+02_tauD000E+00_Vran300E
 +01                  
 Start
           0
 set_grid_done
 set_clumps_done
 Done
 TIME :    1.33203773642890       sec
          50 %           4   40.3058603738900     
 	 100 %           1   79.2319841559511     
 Time :   79.3590229938272     
 WOCIVL455M0001NH220/N_atom200E+10_Vexp600E+02_Vemit500E+02_tauD000E+00_Vran300E
 +01                  
 Start
           0
 set_grid_done
 set_clumps_done
 Done
 TIME :    1.33333536051214       sec
          50 %           3   40.1591351863462     
 	 100 %           1   78.9140675419476     
 Time :   79.0386639309581     
 WOCIVL455M0001NH220/N_atom200E+10_Vexp700E+02_Vemit500E+02_tauD000E+00_Vran300E
 +01                  
 Start
           0
 set_grid_done
 set_clumps_done
 Done
 TIME :    1.33124054898508       sec
          50 %           1   40.0961129525676     
 	 100 %           4   78.8739721660968     
 Time :   78.9976983894594     
 WOCIVL455M0001NH220/N_atom200E+10_Vexp800E+02_Vemit500E+02_tauD000E+00_Vran300E
 +01                  
 Start
           0
 set_grid_done
 set_clumps_done
 Done
 TIME :    1.33002062188461       sec
          50 %           3   39.8297296953388     
 	 100 %           4   78.3632508818991     
 Time :   78.4872533676680     
 WOCIVL455M0001NH220/N_atom200E+10_Vexp900E+02_Vemit500E+02_tauD000E+00_Vran300E
 +01                  
 Start
           0
 set_grid_done
 set_clumps_done
 Done
 TIME :    1.33235617866740       sec
          50 %           2   39.6281333388761     
 	 100 %           2   77.9571608398110     
 Time :   78.0825537850615     
 WOCIVL455M0001NH220/N_atom200E+10_Vexp100E+03_Vemit500E+02_tauD000E+00_Vran300E
 +01                  
 Start
           0
 set_grid_done
 set_clumps_done
 Done
 TIME :    1.33014493691735       sec
          50 %           2   38.9645208963193     
 	 100 %           2   76.5537455985323     
 Time :   76.6792955307756     
 WOCIVL455M0001NH220/N_atom200E+10_Vexp200E+03_Vemit500E+02_tauD000E+00_Vran300E
 +01                  
 Start
           0
 set_grid_done
 set_clumps_done
 Done
 TIME :    1.33160650101490       sec
          50 %           1   36.5035448723938     
 	 100 %           2   71.6645646954421     
 Time :   71.8028632169589     
 WOCIVL455M0001NH220/N_atom200E+10_Vexp300E+03_Vemit500E+02_tauD000E+00_Vran300E
 +01                  
 Start
           0
 set_grid_done
 set_clumps_done
 Done
 TIME :    1.33016961370595       sec
          50 %           1   35.0389592295978     
 	 100 %           2   68.7193953352980     
 Time :   68.8457645066082     
 WOCIVL455M0001NH220/N_atom200E+10_Vexp500E+01_Vemit500E+02_tauD000E+00_Vran300E
 +01                  
 Start
           0
 set_grid_done
 set_clumps_done
 Done
 TIME :    1.32976516871713       sec
          50 %           3   42.5211877424736     
 	 100 %           2   83.7797600554768     
 Time :   83.9047323153354     
 WOCIVL455M0001NH220/N_atom200E+10_Vexp100E+02_Vemit500E+02_tauD000E+00_Vran500E
 +01                  
 Start
           0
 set_grid_done
 set_clumps_done
 Done
 TIME :    1.33308796258643       sec
          50 %           3   43.9264490348287     
 	 100 %           3   86.5380829633214     
 Time :   86.6645948346704     
 WOCIVL455M0001NH220/N_atom200E+10_Vexp200E+02_Vemit500E+02_tauD000E+00_Vran500E
 +01                  
 Start
           0
 set_grid_done
 set_clumps_done
 Done
 TIME :    1.32955859811045       sec
          50 %           2   41.3810369805433     
 	 100 %           3   81.3689981030766     
 Time :   81.4947612986434     
 WOCIVL455M0001NH220/N_atom200E+10_Vexp300E+02_Vemit500E+02_tauD000E+00_Vran500E
 +01                  
 Start
           0
 set_grid_done
 set_clumps_done
 Done
 TIME :    1.33531978330575       sec
          50 %           2   41.6476279809140     
 	 100 %           3   81.8973585655913     
 Time :   82.0224974104203     
 WOCIVL455M0001NH220/N_atom200E+10_Vexp400E+02_Vemit500E+02_tauD000E+00_Vran500E
 +01                  
 Start
           0
 set_grid_done
 set_clumps_done
 Done
 TIME :    1.33098698942922       sec
          50 %           1   41.7119114296511     
 	 100 %           2   82.1124118908774     
 Time :   82.2365539707243     
 WOCIVL455M0001NH220/N_atom200E+10_Vexp500E+02_Vemit500E+02_tauD000E+00_Vran500E
 +01                  
 Start
           0
 set_grid_done
 set_clumps_done
 Done
 TIME :    1.33172537572682       sec
          50 %           3   41.5429934724234     
 	 100 %           2   81.7902217248920     
 Time :   81.9171685788315     
 WOCIVL455M0001NH220/N_atom200E+10_Vexp600E+02_Vemit500E+02_tauD000E+00_Vran500E
 +01                  
 Start
           0
 set_grid_done
 set_clumps_done
 Done
 TIME :    1.33224851498380       sec
          50 %           1   41.2455807141960     
 	 100 %           3   81.1701591513120     
 Time :   81.2959825405851     
 WOCIVL455M0001NH220/N_atom200E+10_Vexp700E+02_Vemit500E+02_tauD000E+00_Vran500E
 +01                  
 Start
           0
 set_grid_done
 set_clumps_done
 Done
 TIME :    1.33231100323610       sec
          50 %           2   41.0629083556123     
 	 100 %           2   80.7382716527209     
 Time :   80.8649977992754     
 WOCIVL455M0001NH220/N_atom200E+10_Vexp800E+02_Vemit500E+02_tauD000E+00_Vran500E
 +01                  
 Start
           0
 set_grid_done
 set_clumps_done
 Done
 TIME :    1.32999445218593       sec
          50 %           1   40.5788660349790     
 	 100 %           2   79.7371153084096     
 Time :   79.8625211680774     
 WOCIVL455M0001NH220/N_atom200E+10_Vexp900E+02_Vemit500E+02_tauD000E+00_Vran500E
 +01                  
 Start
           0
 set_grid_done
 set_clumps_done
 Done
 TIME :    1.33342744456604       sec
          50 %           4   40.3594865282066     
 	 100 %           1   79.3968411833048     
 Time :   79.5348634524271     
 WOCIVL455M0001NH220/N_atom200E+10_Vexp100E+03_Vemit500E+02_tauD000E+00_Vran500E
 +01                  
 Start
           0
 set_grid_done
 set_clumps_done
 Done
 TIME :    1.33344315434806       sec
          50 %           3   39.9700452110264     
 	 100 %           1   78.6221560973208     
 Time :   78.7501634166110     
 WOCIVL455M0001NH220/N_atom200E+10_Vexp200E+03_Vemit500E+02_tauD000E+00_Vran500E
 +01                  
 Start
           0
 set_grid_done
 set_clumps_done
 Done
 TIME :    1.33222166448832       sec
          50 %           1   36.9628940047696     
 	 100 %           3   72.6782572974917     
 Time :   72.8048067397904     
 WOCIVL455M0001NH220/N_atom200E+10_Vexp300E+03_Vemit500E+02_tauD000E+00_Vran500E
 +01                  
 Start
           0
 set_grid_done
 set_clumps_done
 Done
 TIME :    1.33005870389752       sec
          50 %           1   35.4633059173357     
 	 100 %           3   69.7009918389376     
 Time :   69.8271148449276     
 WOCIVL455M0001NH220/N_atom200E+10_Vexp500E+01_Vemit500E+02_tauD000E+00_Vran500E
 +01                  
 Start
           0
 set_grid_done
 set_clumps_done
 Done
 TIME :    1.33377854875289       sec
          50 %           2   49.6531609646045     
 	 100 %           3   97.6433860685211     
 Time :   97.7684264872223     
 WOCIVL455M0001NH220/N_atom200E+10_Vexp100E+02_Vemit600E+02_tauD000E+00_Vran118E
 +01                  
 Start
           0
 set_grid_done
 set_clumps_done
 Done
 TIME :    1.32810019003227       sec
          50 %           1   35.8432574078906     
 	 100 %           1   70.3237042236142     
 Time :   70.4490182497539     
 WOCIVL455M0001NH220/N_atom200E+10_Vexp200E+02_Vemit600E+02_tauD000E+00_Vran118E
 +01                  
 Start
           0
 set_grid_done
 set_clumps_done
 Done
 TIME :    1.33180700009689       sec
          50 %           2   36.0428780780639     
 	 100 %           2   70.8549135937355     
 Time :   70.9808172348421     
 WOCIVL455M0001NH220/N_atom200E+10_Vexp300E+02_Vemit600E+02_tauD000E+00_Vran118E
 +01                  
 Start
           0
 set_grid_done
 set_clumps_done
 Done
 TIME :    1.33024750091136       sec
          50 %           1   36.7004797433037     
 	 100 %           2   72.1863215290941     
 Time :   72.3119695568457     
 WOCIVL455M0001NH220/N_atom200E+10_Vexp400E+02_Vemit600E+02_tauD000E+00_Vran118E
 +01                  
 Start
           0
 set_grid_done
 set_clumps_done
 Done
 TIME :    1.33129478129558       sec
          50 %           2   37.7269467634615     
 	 100 %           1   74.0820520361885     
 Time :   74.2096521256026     
 WOCIVL455M0001NH220/N_atom200E+10_Vexp500E+02_Vemit600E+02_tauD000E+00_Vran118E
 +01                  
 Start
           0
 set_grid_done
 set_clumps_done
 Done
 TIME :    1.32957235421054       sec
          50 %           3   38.5052282009274     
 	 100 %           2   75.6714626504108     
 Time :   75.7975241900422     
 WOCIVL455M0001NH220/N_atom200E+10_Vexp600E+02_Vemit600E+02_tauD000E+00_Vran118E
 +01                  
 Start
           0
 set_grid_done
 set_clumps_done
 Done
 TIME :    1.33302477328107       sec
          50 %           1   38.4773447194602     
 	 100 %           2   75.5668097073212     
 Time :   75.6907962227706     
 WOCIVL455M0001NH220/N_atom200E+10_Vexp700E+02_Vemit600E+02_tauD000E+00_Vran118E
 +01                  
 Start
           0
 set_grid_done
 set_clumps_done
 Done
 TIME :    1.32993127289228       sec
          50 %           1   38.7316536025610     
 	 100 %           4   76.0681360743474     
 Time :   76.1962404274382     
 WOCIVL455M0001NH220/N_atom200E+10_Vexp800E+02_Vemit600E+02_tauD000E+00_Vran118E
 +01                  
 Start
           0
 set_grid_done
 set_clumps_done
 Done
 TIME :    1.33571207500063       sec
          50 %           3   38.8634540950879     
 	 100 %           4   76.3295435216278     
 Time :   76.4558970534708     
 WOCIVL455M0001NH220/N_atom200E+10_Vexp900E+02_Vemit600E+02_tauD000E+00_Vran118E
 +01                  
 Start
           0
 set_grid_done
 set_clumps_done
 Done
 TIME :    1.32932338328101       sec
          50 %           3   38.6726355610881     
 	 100 %           2   76.0216783164069     
 Time :   76.1460719318129     
 WOCIVL455M0001NH220/N_atom200E+10_Vexp100E+03_Vemit600E+02_tauD000E+00_Vran118E
 +01                  
 Start
           0
 set_grid_done
 set_clumps_done
 Done
 TIME :    1.33023673039861       sec
          50 %           2   38.5115072953049     
 	 100 %           4   75.7486373581924     
 Time :   75.8768125451170     
 WOCIVL455M0001NH220/N_atom200E+10_Vexp200E+03_Vemit600E+02_tauD000E+00_Vran118E
 +01                  
 Start
           0
 set_grid_done
 set_clumps_done
 Done
 TIME :    1.32970765000209       sec
          50 %           3   37.1969122956507     
 	 100 %           2   72.9388457459863     
 Time :   73.0642539502587     
 WOCIVL455M0001NH220/N_atom200E+10_Vexp300E+03_Vemit600E+02_tauD000E+00_Vran118E
 +01                  
 Start
           0
 set_grid_done
 set_clumps_done
 Done
 TIME :    1.33291554660536       sec
          50 %           3   35.4602634939365     
 	 100 %           1   69.5380823349115     
 Time :   69.6647161466535     
 WOCIVL455M0001NH220/N_atom200E+10_Vexp500E+01_Vemit600E+02_tauD000E+00_Vran118E
 +01                  
 Start
           0
 set_grid_done
 set_clumps_done
 Done
 TIME :    1.33057666337118       sec
          50 %           3   36.4405312149320     
 	 100 %           1   71.4869118593633     
 Time :   71.6112030111253     
 WOCIVL455M0001NH220/N_atom200E+10_Vexp100E+02_Vemit600E+02_tauD000E+00_Vran300E
 +01                  
 Start
           0
 set_grid_done
 set_clumps_done
 Done
 TIME :    1.33033803221770       sec
          50 %           3   38.8516623955220     
 	 100 %           3   76.3475039573386     
 Time :   76.4713368522935     
 WOCIVL455M0001NH220/N_atom200E+10_Vexp200E+02_Vemit600E+02_tauD000E+00_Vran300E
 +01                  
 Start
           0
 set_grid_done
 set_clumps_done
 Done
 TIME :    1.32888249959797       sec
          50 %           1   38.1648478547577     
 	 100 %           4   75.0330776164774     
 Time :   75.1590457996354     
 WOCIVL455M0001NH220/N_atom200E+10_Vexp300E+02_Vemit600E+02_tauD000E+00_Vran300E
 +01                  
 Start
           0
 set_grid_done
 set_clumps_done
 Done
 TIME :    1.33024902385660       sec
          50 %           3   38.3117123055272     
 	 100 %           3   75.3196535909083     
 Time :   75.4449921634514     
 WOCIVL455M0001NH220/N_atom200E+10_Vexp400E+02_Vemit600E+02_tauD000E+00_Vran300E
 +01                  
 Start
           0
 set_grid_done
 set_clumps_done
 Done
 TIME :    1.32856233394705       sec
          50 %           4   38.9052301193587     
 	 100 %           4   76.4447486903518     
 Time :   76.5711031339597     
 WOCIVL455M0001NH220/N_atom200E+10_Vexp500E+02_Vemit600E+02_tauD000E+00_Vran300E
 +01                  
 Start
           0
 set_grid_done
 set_clumps_done
 Done
 TIME :    1.33340215682983       sec
          50 %           3   38.9734518660698     
 	 100 %           1   76.7210108402651     
 Time :   76.8448453783058     
 WOCIVL455M0001NH220/N_atom200E+10_Vexp600E+02_Vemit600E+02_tauD000E+00_Vran300E
 +01                  
 Start
           0
 set_grid_done
 set_clumps_done
 Done
 TIME :    1.33152980590239       sec
          50 %           2   39.3709049944300     
 	 100 %           4   77.3621531182434     
 Time :   77.4886827331502     
 WOCIVL455M0001NH220/N_atom200E+10_Vexp700E+02_Vemit600E+02_tauD000E+00_Vran300E
 +01                  
 Start
           0
 set_grid_done
 set_clumps_done
 Done
 TIME :    1.33488281676546       sec
          50 %           4   39.3885993671138     
 	 100 %           4   77.3732462469488     
 Time :   77.5000408929773     
 WOCIVL455M0001NH220/N_atom200E+10_Vexp800E+02_Vemit600E+02_tauD000E+00_Vran300E
 +01                  
 Start
           0
 set_grid_done
 set_clumps_done
 Done
 TIME :    1.32947202445939       sec
          50 %           3   39.3492221995257     
 	 100 %           4   77.3764624693431     
 Time :   77.5041320500895     
 WOCIVL455M0001NH220/N_atom200E+10_Vexp900E+02_Vemit600E+02_tauD000E+00_Vran300E
 +01                  
 Start
           0
 set_grid_done
 set_clumps_done
 Done
 TIME :    1.33363516745158       sec
          50 %           2   39.2253538274672     
 	 100 %           1   77.1569736960810     
 Time :   77.2819029344246     
 WOCIVL455M0001NH220/N_atom200E+10_Vexp100E+03_Vemit600E+02_tauD000E+00_Vran300E
 +01                  
 Start
           0
 set_grid_done
 set_clumps_done
 Done
 TIME :    1.33207071898505       sec
          50 %           4   39.0006783553399     
 	 100 %           3   76.6899738251232     
 Time :   76.8150844865013     
 WOCIVL455M0001NH220/N_atom200E+10_Vexp200E+03_Vemit600E+02_tauD000E+00_Vran300E
 +01                  
 Start
           0
 set_grid_done
 set_clumps_done
 Done
 TIME :    1.33465967490338       sec
          50 %           4   36.9406266440637     
 	 100 %           3   72.5847970712930     
 Time :   72.7109490821604     
 WOCIVL455M0001NH220/N_atom200E+10_Vexp300E+03_Vemit600E+02_tauD000E+00_Vran300E
 +01                  
 Start
           0
 set_grid_done
 set_clumps_done
 Done
 TIME :    1.33114380599000       sec
          50 %           2   35.4486622945406     
 	 100 %           2   69.5019191252068     
 Time :   69.6288819194306     
 WOCIVL455M0001NH220/N_atom200E+10_Vexp500E+01_Vemit600E+02_tauD000E+00_Vran300E
 +01                  
 Start
           0
 set_grid_done
 set_clumps_done
 Done
 TIME :    1.33139212569222       sec
          50 %           2   41.5159945038613     
 	 100 %           3   81.6795025398023     
 Time :   81.8057134519331     
 WOCIVL455M0001NH220/N_atom200E+10_Vexp100E+02_Vemit600E+02_tauD000E+00_Vran500E
 +01                  
 Start
           0
 set_grid_done
 set_clumps_done
 Done
 TIME :    1.33397722453810       sec
          50 %           4   42.6487647881731     
 	 100 %           3   83.9572651421186     
 Time :   84.0862381979823     
 WOCIVL455M0001NH220/N_atom200E+10_Vexp200E+02_Vemit600E+02_tauD000E+00_Vran500E
 +01                  
 Start
           0
 set_grid_done
 set_clumps_done
 Done
 TIME :    1.33075818675570       sec
          50 %           1   40.3207821128890     
 	 100 %           4   79.3380654703360     
 Time :   79.4630697106477     
 WOCIVL455M0001NH220/N_atom200E+10_Vexp300E+02_Vemit600E+02_tauD000E+00_Vran500E
 +01                  
 Start
           0
 set_grid_done
 set_clumps_done
 Done
 TIME :    1.33077002922073       sec
          50 %           4   40.5833818251267     
 	 100 %           3   79.9223246648908     
 Time :   80.0481674107723     
 WOCIVL455M0001NH220/N_atom200E+10_Vexp400E+02_Vemit600E+02_tauD000E+00_Vran500E
 +01                  
 Start
           0
 set_grid_done
 set_clumps_done
 Done
 TIME :    1.33058161265217       sec
          50 %           3   40.8998388086911     
 	 100 %           1   80.4758449175861     
 Time :   80.6012308797799     
 WOCIVL455M0001NH220/N_atom200E+10_Vexp500E+02_Vemit600E+02_tauD000E+00_Vran500E
 +01                  
 Start
           0
 set_grid_done
 set_clumps_done
 Done
 TIME :    1.33118745847605       sec
          50 %           3   40.5430601011030     
 	 100 %           2   79.7442439396400     
 Time :   79.8676168848760     
 WOCIVL455M0001NH220/N_atom200E+10_Vexp600E+02_Vemit600E+02_tauD000E+00_Vran500E
 +01                  
 Start
           0
 set_grid_done
 set_clumps_done
 Done
 TIME :    1.32892834628001       sec
          50 %           2   40.3674594161566     
 	 100 %           3   79.4757881630212     
 Time :   79.6002912153490     
 WOCIVL455M0001NH220/N_atom200E+10_Vexp700E+02_Vemit600E+02_tauD000E+00_Vran500E
 +01                  
 Start
           0
 set_grid_done
 set_clumps_done
 Done
 TIME :    1.32898713741452       sec
          50 %           3   40.2380218920298     
 	 100 %           3   79.1164611461572     
 Time :   79.2433104957454     
 WOCIVL455M0001NH220/N_atom200E+10_Vexp800E+02_Vemit600E+02_tauD000E+00_Vran500E
 +01                  
 Start
           0
 set_grid_done
 set_clumps_done
 Done
 TIME :    1.32975041097961       sec
          50 %           3   40.0555541203357     
 	 100 %           1   78.7578274505213     
 Time :   78.8821459438186     
 WOCIVL455M0001NH220/N_atom200E+10_Vexp900E+02_Vemit600E+02_tauD000E+00_Vran500E
 +01                  
 Start
           0
 set_grid_done
 set_clumps_done
 Done
 TIME :    1.32932318304665       sec
          50 %           2   39.7681733737700     
 	 100 %           2   78.2323818206787     
 Time :   78.3595062103122     
 WOCIVL455M0001NH220/N_atom200E+10_Vexp100E+03_Vemit600E+02_tauD000E+00_Vran500E
 +01                  
 Start
           0
 set_grid_done
 set_clumps_done
 Done
 TIME :    1.32979667838663       sec
          50 %           1   39.3730564734433     
 	 100 %           2   77.4583036722615     
 Time :   77.5826055542566     
 WOCIVL455M0001NH220/N_atom200E+10_Vexp200E+03_Vemit600E+02_tauD000E+00_Vran500E
 +01                  
 Start
           0
 set_grid_done
 set_clumps_done
 Done
 TIME :    1.32964027253911       sec
          50 %           3   36.9028982946184     
 	 100 %           2   72.4079188704491     
 Time :   72.5337152585853     
 WOCIVL455M0001NH220/N_atom200E+10_Vexp300E+03_Vemit600E+02_tauD000E+00_Vran500E
 +01                  
 Start
           0
 set_grid_done
 set_clumps_done
 Done
 TIME :    1.33016582648270       sec
          50 %           4   35.3701719483361     
 	 100 %           1   69.3855132155586     
 Time :   69.5128706460819     
 WOCIVL455M0001NH220/N_atom200E+10_Vexp500E+01_Vemit600E+02_tauD000E+00_Vran500E
 +01                  
 Start
           0
 set_grid_done
 set_clumps_done
 Done
 TIME :    1.33007184858434       sec
          50 %           3   47.3831072105095     
 	 100 %           3   93.4833937108051     
 Time :   93.6074806663673     
 WOCIVL455M0001NH220/N_atom200E+10_Vexp100E+02_Vemit700E+02_tauD000E+00_Vran118E
 +01                  
 Start
           0
 set_grid_done
 set_clumps_done
 Done
 TIME :    1.32997556659393       sec
          50 %           3   35.4543885434978     
 	 100 %           3   69.6348854929674     
 Time :   69.7587385762017     
 WOCIVL455M0001NH220/N_atom200E+10_Vexp200E+02_Vemit700E+02_tauD000E+00_Vran118E
 +01                  
 Start
           0
 set_grid_done
 set_clumps_done
 Done
 TIME :    1.33036584476940       sec
          50 %           4   35.6790879610926     
 	 100 %           2   70.0268392614089     
 Time :   70.1521308850497     
 WOCIVL455M0001NH220/N_atom200E+10_Vexp300E+02_Vemit700E+02_tauD000E+00_Vran118E
 +01                  
 Start
           0
 set_grid_done
 set_clumps_done
 Done
 TIME :    1.33073136582971       sec
          50 %           1   36.2471856216434     
 	 100 %           2   71.0992161033209     
 Time :   71.2235526107252     
 WOCIVL455M0001NH220/N_atom200E+10_Vexp400E+02_Vemit700E+02_tauD000E+00_Vran118E
 +01                  
 Start
           0
 set_grid_done
 set_clumps_done
 Done
 TIME :    1.33151474758051       sec
          50 %           1   37.0768366761040     
 	 100 %           3   72.8202385536861     
 Time :   72.9458774139639     
 WOCIVL455M0001NH220/N_atom200E+10_Vexp500E+02_Vemit700E+02_tauD000E+00_Vran118E
 +01                  
 Start
           0
 set_grid_done
 set_clumps_done
 Done
 TIME :    1.33051950531080       sec
          50 %           3   37.6854826794006     
 	 100 %           2   74.0816424416844     
 Time :   74.2067227659281     
 WOCIVL455M0001NH220/N_atom200E+10_Vexp600E+02_Vemit700E+02_tauD000E+00_Vran118E
 +01                  
 Start
           0
 set_grid_done
 set_clumps_done
 Done
 TIME :    1.33136246935464       sec
          50 %           1   38.2735053410288     
 	 100 %           3   75.2964058862999     
 Time :   75.4236120507121     
 WOCIVL455M0001NH220/N_atom200E+10_Vexp700E+02_Vemit700E+02_tauD000E+00_Vran118E
 +01                  
 Start
           0
 set_grid_done
 set_clumps_done
 Done
 TIME :    1.33023924520239       sec
          50 %           2   38.6481958923396     
 	 100 %           2   75.9147008871660     
 Time :   76.0396178823430     
 WOCIVL455M0001NH220/N_atom200E+10_Vexp800E+02_Vemit700E+02_tauD000E+00_Vran118E
 +01                  
 Start
           0
 set_grid_done
 set_clumps_done
 Done
 TIME :    1.32920366688631       sec
          50 %           4   38.7085017089266     
 	 100 %           2   75.5811227753293     
 Time :   75.7067668654490     
 WOCIVL455M0001NH220/N_atom200E+10_Vexp900E+02_Vemit700E+02_tauD000E+00_Vran118E
 +01                  
 Start
           0
 set_grid_done
 set_clumps_done
 Done
 TIME :    1.33770288992673       sec
          50 %           2   37.9505960650276     
 	 100 %           2   74.6058678838890     
 Time :   74.7308299944270     
 WOCIVL455M0001NH220/N_atom200E+10_Vexp100E+03_Vemit700E+02_tauD000E+00_Vran118E
 +01                  
 Start
           0
 set_grid_done
 set_clumps_done
 Done
 TIME :    1.32948974799365       sec
          50 %           1   38.0739173628390     
 	 100 %           1   75.0633218926378     
 Time :   75.1891475361772     
 WOCIVL455M0001NH220/N_atom200E+10_Vexp200E+03_Vemit700E+02_tauD000E+00_Vran118E
 +01                  
 Start
           0
 set_grid_done
 set_clumps_done
 Done
 TIME :    1.32989501440898       sec
          50 %           2   36.9201633052435     
 	 100 %           1   72.5265880501829     
 Time :   72.6523895680439     
 WOCIVL455M0001NH220/N_atom200E+10_Vexp300E+03_Vemit700E+02_tauD000E+00_Vran118E
 +01                  
 Start
           0
 set_grid_done
 set_clumps_done
 Done
 TIME :    1.33027880010195       sec
          50 %           4   35.5168252098374     
 	 100 %           3   69.6699728078675     
 Time :   69.7982777901925     
 WOCIVL455M0001NH220/N_atom200E+10_Vexp500E+01_Vemit700E+02_tauD000E+00_Vran118E
 +01                  
 Start
           0
 set_grid_done
 set_clumps_done
 Done
 TIME :    1.32983392896131       sec
          50 %           3   35.9095105819870     
 	 100 %           1   70.4554342834745     
 Time :   70.5816489327699     
 WOCIVL455M0001NH220/N_atom200E+10_Vexp100E+02_Vemit700E+02_tauD000E+00_Vran300E
 +01                  
 Start
           0
 set_grid_done
 set_clumps_done
 Done
 TIME :    1.32869726908393       sec
          50 %           2   38.2169061740860     
 	 100 %           2   75.0555494336877     
 Time :   75.1950324052013     
 WOCIVL455M0001NH220/N_atom200E+10_Vexp200E+02_Vemit700E+02_tauD000E+00_Vran300E
 +01                  
 Start
           0
 set_grid_done
 set_clumps_done
 Done
 TIME :    1.33527907612734       sec
          50 %           4   37.3139294309076     
 	 100 %           3   73.2610336374491     
 Time :   73.3861816897988     
 WOCIVL455M0001NH220/N_atom200E+10_Vexp300E+02_Vemit700E+02_tauD000E+00_Vran300E
 +01                  
 Start
           0
 set_grid_done
 set_clumps_done
 Done
 TIME :    1.32929332647473       sec
          50 %           1   37.6655100181233     
 	 100 %           4   74.0352366720326     
 Time :   74.1591064166278     
 WOCIVL455M0001NH220/N_atom200E+10_Vexp400E+02_Vemit700E+02_tauD000E+00_Vran300E
 +01                  
 Start
           0
 set_grid_done
 set_clumps_done
 Done
 TIME :    1.32985341548920       sec
          50 %           3   38.3928683428094     
 	 100 %           4   75.4570796424523     
 Time :   75.5821364019066     
 WOCIVL455M0001NH220/N_atom200E+10_Vexp500E+02_Vemit700E+02_tauD000E+00_Vran300E
 +01                  
 Start
           0
 set_grid_done
 set_clumps_done
 Done
 TIME :    1.33357328060083       sec
          50 %           1   38.7944587955717     
 	 100 %           4   76.1824367225636     
 Time :   76.3071750900708     
 WOCIVL455M0001NH220/N_atom200E+10_Vexp600E+02_Vemit700E+02_tauD000E+00_Vran300E
 +01                  
 Start
           0
 set_grid_done
 set_clumps_done
 Done
 TIME :    1.33069581864402       sec
          50 %           2   38.8235125902575     
 	 100 %           2   76.3240974224173     
 Time :   76.4487116048113     
 WOCIVL455M0001NH220/N_atom200E+10_Vexp700E+02_Vemit700E+02_tauD000E+00_Vran300E
 +01                  
 Start
           0
 set_grid_done
 set_clumps_done
 Done
 TIME :    1.33211500267498       sec
          50 %           1   39.1223907901440     
 	 100 %           4   76.8542034458369     
 Time :   76.9810082812328     
 WOCIVL455M0001NH220/N_atom200E+10_Vexp800E+02_Vemit700E+02_tauD000E+00_Vran300E
 +01                  
 Start
           0
 set_grid_done
 set_clumps_done
 Done
 TIME :    1.33206703187898       sec
          50 %           1   38.9738324256614     
 	 100 %           3   76.5857197961304     
 Time :   76.7128724993672     
 WOCIVL455M0001NH220/N_atom200E+10_Vexp900E+02_Vemit700E+02_tauD000E+00_Vran300E
 +01                  
 Start
           0
 set_grid_done
 set_clumps_done
 Done
 TIME :    1.33181153866462       sec
          50 %           4   38.9861471646000     
 	 100 %           4   76.5399853261188     
 Time :   76.6652073580772     
 WOCIVL455M0001NH220/N_atom200E+10_Vexp100E+03_Vemit700E+02_tauD000E+00_Vran300E
 +01                  
 Start
           0
 set_grid_done
 set_clumps_done
 Done
 TIME :    1.33162940433249       sec
          50 %           2   38.8851767356973     
 	 100 %           1   76.3849543011747     
 Time :   76.5104877119884     
 WOCIVL455M0001NH220/N_atom200E+10_Vexp200E+03_Vemit700E+02_tauD000E+00_Vran300E
 +01                  
 Start
           0
 set_grid_done
 set_clumps_done
 Done
 TIME :    1.33079863316379       sec
          50 %           1   36.9192714486271     
 	 100 %           4   72.4734949336853     
 Time :   72.6015179827809     
 WOCIVL455M0001NH220/N_atom200E+10_Vexp300E+03_Vemit700E+02_tauD000E+00_Vran300E
 +01                  
 Start
           0
 set_grid_done
 set_clumps_done
 Done
 TIME :    1.32945589395240       sec
          50 %           2   35.3854583671782     
 	 100 %           4   69.4333582171239     
 Time :   69.5582891285885     
 WOCIVL455M0001NH220/N_atom200E+10_Vexp500E+01_Vemit700E+02_tauD000E+00_Vran300E
 +01                  
 Start
           0
 set_grid_done
 set_clumps_done
 Done
 TIME :    1.33143739099614       sec
          50 %           4   40.4770255305339     
 	 100 %           4   79.6117792106234     
 Time :   79.7386534172110     
 WOCIVL455M0001NH220/N_atom200E+10_Vexp100E+02_Vemit700E+02_tauD000E+00_Vran500E
 +01                  
 Start
           0
 set_grid_done
 set_clumps_done
 Done
 TIME :    1.32973730610684       sec
          50 %           1   41.5417648591101     
 	 100 %           4   81.7341578905471     
 Time :   81.8606322009582     
 WOCIVL455M0001NH220/N_atom200E+10_Vexp200E+02_Vemit700E+02_tauD000E+00_Vran500E
 +01                  
 Start
           0
 set_grid_done
 set_clumps_done
 Done
 TIME :    1.33012462849729       sec
          50 %           1   39.4602005046327     
 	 100 %           2   77.5204470038880     
 Time :   77.6464365874417     
 WOCIVL455M0001NH220/N_atom200E+10_Vexp300E+02_Vemit700E+02_tauD000E+00_Vran500E
 +01                  
 Start
           0
 set_grid_done
 set_clumps_done
 Done
 TIME :    1.33057114295661       sec
          50 %           2   39.7080919414293     
 	 100 %           2   78.0292796664871     
 Time :   78.1554838458542     
 WOCIVL455M0001NH220/N_atom200E+10_Vexp400E+02_Vemit700E+02_tauD000E+00_Vran500E
 +01                  
 Start
           0
 set_grid_done
 set_clumps_done
 Done
 TIME :    1.33029639348388       sec
          50 %           2   40.1105801621452     
 	 100 %           1   78.8360298820771     
 Time :   78.9634942146949     
 WOCIVL455M0001NH220/N_atom200E+10_Vexp500E+02_Vemit700E+02_tauD000E+00_Vran500E
 +01                  
 Start
           0
 set_grid_done
 set_clumps_done
 Done
 TIME :    1.33143087895587       sec
          50 %           1   40.1700620704796     
 	 100 %           1   79.0181460087188     
 Time :   79.1414849695284     
 WOCIVL455M0001NH220/N_atom200E+10_Vexp600E+02_Vemit700E+02_tauD000E+00_Vran500E
 +01                  
 Start
           0
 set_grid_done
 set_clumps_done
 Done
 TIME :    1.33065837784670       sec
          50 %           4   40.0583382553887     
 	 100 %           1   78.7795060877688     
 Time :   78.9035217282362     
 WOCIVL455M0001NH220/N_atom200E+10_Vexp700E+02_Vemit700E+02_tauD000E+00_Vran500E
 +01                  
 Start
           0
 set_grid_done
 set_clumps_done
 Done
 TIME :    1.33143506664783       sec
          50 %           4   39.9143607842270     
 	 100 %           3   78.5190520833712     
 Time :   78.6454205333721     
 WOCIVL455M0001NH220/N_atom200E+10_Vexp800E+02_Vemit700E+02_tauD000E+00_Vran500E
 +01                  
 Start
           0
 set_grid_done
 set_clumps_done
 Done
 TIME :    1.33294066414237       sec
          50 %           1   39.8594529461116     
 	 100 %           4   78.4765476316679     
 Time :   78.6030973745510     
 WOCIVL455M0001NH220/N_atom200E+10_Vexp900E+02_Vemit700E+02_tauD000E+00_Vran500E
 +01                  
 Start
           0
 set_grid_done
 set_clumps_done
 Done
 TIME :    1.33177752443589       sec
          50 %           2   39.5507135072257     
 	 100 %           3   77.7518180282786     
 Time :   77.8780186912045     
 WOCIVL455M0001NH220/N_atom200E+10_Vexp100E+03_Vemit700E+02_tauD000E+00_Vran500E
 +01                  
 Start
           0
 set_grid_done
 set_clumps_done
 Done
 TIME :    1.33421644684859       sec
          50 %           1   39.2670015089680     
 	 100 %           1   77.1813586612698     
 Time :   77.3080950472504     
 WOCIVL455M0001NH220/N_atom200E+10_Vexp200E+03_Vemit700E+02_tauD000E+00_Vran500E
 +01                  
 Start
           0
 set_grid_done
 set_clumps_done
 Done
 TIME :    1.33305179420859       sec
          50 %           1   37.3078880459070     
 	 100 %           2   73.2265778270084     
 Time :   73.3519207676873     
 WOCIVL455M0001NH220/N_atom200E+10_Vexp300E+03_Vemit700E+02_tauD000E+00_Vran500E
 +01                  
 Start
           0
 set_grid_done
 set_clumps_done
 Done
 TIME :    1.33363673044369       sec
          50 %           4   35.7626436261926     
 	 100 %           3   70.0442892315332     
 Time :   70.1694197305478     
 WOCIVL455M0001NH220/N_atom200E+10_Vexp500E+01_Vemit700E+02_tauD000E+00_Vran500E
 +01                  
 Start
           0
 set_grid_done
 set_clumps_done
 Done
 TIME :    1.33237082627602       sec
          50 %           3   45.7242669356056     
 	 100 %           1   90.0824570620898     
 Time :   90.2062508931849     
 WOCIVL455M0001NH220/N_atom200E+10_Vexp100E+02_Vemit800E+02_tauD000E+00_Vran118E
 +01                  
 Start
           0
 set_grid_done
 set_clumps_done
 Done
 TIME :    1.33100646641105       sec
          50 %           2   35.0540674312506     
 	 100 %           4   68.7979172309861     
 Time :   68.9241432717536     
 WOCIVL455M0001NH220/N_atom200E+10_Vexp200E+02_Vemit800E+02_tauD000E+00_Vran118E
 +01                  
 Start
           0
 set_grid_done
 set_clumps_done
 Done
 TIME :    1.33150266460143       sec
          50 %           3   35.2212900021113     
 	 100 %           1   69.1165228679311     
 Time :   69.2423237946350     
 WOCIVL455M0001NH220/N_atom200E+10_Vexp300E+02_Vemit800E+02_tauD000E+00_Vran118E
 +01                  
 Start
           0
 set_grid_done
 set_clumps_done
 Done
 TIME :    1.33428518660367       sec
          50 %           4   35.8153417755384     
 	 100 %           4   70.2527476451360     
 Time :   70.3800520452205     
 WOCIVL455M0001NH220/N_atom200E+10_Vexp400E+02_Vemit800E+02_tauD000E+00_Vran118E
 +01                  
 Start
           0
 set_grid_done
 set_clumps_done
 Done
 TIME :    1.33072017482482       sec
          50 %           1   36.5455810085405     
 	 100 %           1   71.7391365009826     
 Time :   71.8659751501400     
 WOCIVL455M0001NH220/N_atom200E+10_Vexp500E+02_Vemit800E+02_tauD000E+00_Vran118E
 +01                  
 Start
           0
 set_grid_done
 set_clumps_done
 Done
 TIME :    1.32934720837511       sec
          50 %           1   37.0385989232454     
 	 100 %           4   72.8021908728406     
 Time :   72.9295534931589     
 WOCIVL455M0001NH220/N_atom200E+10_Vexp600E+02_Vemit800E+02_tauD000E+00_Vran118E
 +01                  
 Start
           0
 set_grid_done
 set_clumps_done
 Done
 TIME :    1.33290861337446       sec
          50 %           1   37.4963170210831     
 	 100 %           4   73.6090605943464     
 Time :   73.7350345384330     
 WOCIVL455M0001NH220/N_atom200E+10_Vexp700E+02_Vemit800E+02_tauD000E+00_Vran118E
 +01                  
 Start
           0
 set_grid_done
 set_clumps_done
 Done
 TIME :    1.33184169558808       sec
          50 %           2   37.6723359869793     
 	 100 %           4   73.9742946822662     
 Time :   74.1028246099595     
 WOCIVL455M0001NH220/N_atom200E+10_Vexp800E+02_Vemit800E+02_tauD000E+00_Vran118E
 +01                  
 Start
           0
 set_grid_done
 set_clumps_done
 Done
 TIME :    1.32929948810488       sec
          50 %           3   38.0444293066394     
 	 100 %           3   74.7386076331604     
 Time :   74.8637663354166     
 WOCIVL455M0001NH220/N_atom200E+10_Vexp900E+02_Vemit800E+02_tauD000E+00_Vran118E
 +01                  
 Start
           0
 set_grid_done
 set_clumps_done
 Done
 TIME :    1.32903875503689       sec
          50 %           3   37.9442407966126     
 	 100 %           3   74.6030511274002     
 Time :   74.7312136201654     
 WOCIVL455M0001NH220/N_atom200E+10_Vexp100E+03_Vemit800E+02_tauD000E+00_Vran118E
 +01                  
 Start
           0
 set_grid_done
 set_clumps_done
 Done
 TIME :    1.33214343641885       sec
          50 %           2   37.9948278334923     
 	 100 %           4   74.7242584568448     
 Time :   74.8516109078191     
 WOCIVL455M0001NH220/N_atom200E+10_Vexp200E+03_Vemit800E+02_tauD000E+00_Vran118E
 +01                  
 Start
           0
 set_grid_done
 set_clumps_done
 Done
 TIME :    1.33002822636627       sec
          50 %           2   37.0438685889821     
 	 100 %           1   72.7499368935823     
 Time :   72.8764334958978     
 WOCIVL455M0001NH220/N_atom200E+10_Vexp300E+03_Vemit800E+02_tauD000E+00_Vran118E
 +01                  
 Start
           0
 set_grid_done
 set_clumps_done
 Done
 TIME :    1.33012154279277       sec
          50 %           1   35.7418611939065     
 	 100 %           3   70.1283241731580     
 Time :   70.2553766570054     
 WOCIVL455M0001NH220/N_atom200E+10_Vexp500E+01_Vemit800E+02_tauD000E+00_Vran118E
 +01                  
 Start
           0
 set_grid_done
 set_clumps_done
 Done
 TIME :    1.33010224625468       sec
          50 %           2   35.7292472792324     
 	 100 %           1   70.1655164691620     
 Time :   70.2930937653873     
 WOCIVL455M0001NH220/N_atom200E+10_Vexp100E+02_Vemit800E+02_tauD000E+00_Vran300E
 +01                  
 Start
           0
 set_grid_done
 set_clumps_done
 Done
 TIME :    1.33284351043403       sec
          50 %           3   37.6162315560505     
 	 100 %           4   73.9972406462766     
 Time :   74.1237305961549     
 WOCIVL455M0001NH220/N_atom200E+10_Vexp200E+02_Vemit800E+02_tauD000E+00_Vran300E
 +01                  
 Start
           0
 set_grid_done
 set_clumps_done
 Done
 TIME :    1.33144758036360       sec
          50 %           2   36.9581305463798     
 	 100 %           1   72.5942741436884     
 Time :   72.7192803677171     
 WOCIVL455M0001NH220/N_atom200E+10_Vexp300E+02_Vemit800E+02_tauD000E+00_Vran300E
 +01                  
 Start
           0
 set_grid_done
 set_clumps_done
 Done
 TIME :    1.33127054572105       sec
          50 %           2   37.3936571569648     
 	 100 %           4   73.0940225766972     
 Time :   73.2184438244440     
 WOCIVL455M0001NH220/N_atom200E+10_Vexp400E+02_Vemit800E+02_tauD000E+00_Vran300E
 +01                  
 Start
           0
 set_grid_done
 set_clumps_done
 Done
 TIME :    1.32941936491989       sec
          50 %           1   37.7744994321838     
 	 100 %           2   74.2020166257862     
 Time :   74.3294413634576     
 WOCIVL455M0001NH220/N_atom200E+10_Vexp500E+02_Vemit800E+02_tauD000E+00_Vran300E
 +01                  
 Start
           0
 set_grid_done
 set_clumps_done
 Done
 TIME :    1.33093352825381       sec
          50 %           4   38.3882391483057     
 	 100 %           4   75.6080633434467     
 Time :   75.7353557008319     
 WOCIVL455M0001NH220/N_atom200E+10_Vexp600E+02_Vemit800E+02_tauD000E+00_Vran300E
 +01                  
 Start
           0
 set_grid_done
 set_clumps_done
 Done
 TIME :    1.32951389346272       sec
          50 %           1   38.4386795179453     
 	 100 %           3   75.5510274106637     
 Time :   75.6799325980246     
 WOCIVL455M0001NH220/N_atom200E+10_Vexp700E+02_Vemit800E+02_tauD000E+00_Vran300E
 +01                  
 Start
           0
 set_grid_done
 set_clumps_done
 Done
 TIME :    1.33307558926754       sec
          50 %           4   38.5013574205805     
 	 100 %           3   75.6828118832782     
 Time :   75.8098938125186     
 WOCIVL455M0001NH220/N_atom200E+10_Vexp800E+02_Vemit800E+02_tauD000E+00_Vran300E
 +01                  
 Start
           0
 set_grid_done
 set_clumps_done
 Done
 TIME :    1.33453655219637       sec
          50 %           3   38.5910618540365     
 	 100 %           2   75.8872045581229     
 Time :   76.0143935098313     
 WOCIVL455M0001NH220/N_atom200E+10_Vexp900E+02_Vemit800E+02_tauD000E+00_Vran300E
 +01                  
 Start
           0
 set_grid_done
 set_clumps_done
 Done
 TIME :    1.32968727150001       sec
          50 %           2   38.7270869563799     
 	 100 %           2   76.0615507906768     
 Time :   76.1885181434918     
 WOCIVL455M0001NH220/N_atom200E+10_Vexp100E+03_Vemit800E+02_tauD000E+00_Vran300E
 +01                  
 Start
           0
 set_grid_done
 set_clumps_done
 Done
 TIME :    1.32848093006760       sec
          50 %           1   38.5034317134414     
 	 100 %           1   75.5912918562535     
 Time :   75.7207775616553     
 WOCIVL455M0001NH220/N_atom200E+10_Vexp200E+03_Vemit800E+02_tauD000E+00_Vran300E
 +01                  
 Start
           0
 set_grid_done
 set_clumps_done
 Done
 TIME :    1.33002100256272       sec
          50 %           2   36.9975885166787     
 	 100 %           3   72.6016730458941     
 Time :   72.7282981614117     
 WOCIVL455M0001NH220/N_atom200E+10_Vexp300E+03_Vemit800E+02_tauD000E+00_Vran300E
 +01                  
 Start
           0
 set_grid_done
 set_clumps_done
 Done
 TIME :    1.33045307965949       sec
          50 %           1   35.8041858081706     
 	 100 %           1   70.3238433469087     
 Time :   70.4514170160983     
 WOCIVL455M0001NH220/N_atom200E+10_Vexp500E+01_Vemit800E+02_tauD000E+00_Vran300E
 +01                  
 Start
           0
 set_grid_done
 set_clumps_done
 Done
 TIME :    1.32996949530207       sec
          50 %           4   39.6867557819933     
 	 100 %           1   78.0561341720168     
 Time :   78.1826857686974     
 WOCIVL455M0001NH220/N_atom200E+10_Vexp100E+02_Vemit800E+02_tauD000E+00_Vran500E
 +01                  
 Start
           0
 set_grid_done
 set_clumps_done
 Done
 TIME :    1.33014366449788       sec
          50 %           2   40.7036204726901     
 	 100 %           1   80.1504195735324     
 Time :   80.2766461654101     
 WOCIVL455M0001NH220/N_atom200E+10_Vexp200E+02_Vemit800E+02_tauD000E+00_Vran500E
 +01                  
 Start
           0
 set_grid_done
 set_clumps_done
 Done
 TIME :    1.33139358833432       sec
          50 %           1   38.8790011368692     
 	 100 %           3   76.4389481910039     
 Time :   76.5654202371370     
 WOCIVL455M0001NH220/N_atom200E+10_Vexp300E+02_Vemit800E+02_tauD000E+00_Vran500E
 +01                  
 Start
           0
 set_grid_done
 set_clumps_done
 Done
 TIME :    1.33249526168220       sec
          50 %           1   39.1167933745310     
 	 100 %           3   76.9998319190927     
 Time :   77.1271031566430     
 WOCIVL455M0001NH220/N_atom200E+10_Vexp400E+02_Vemit800E+02_tauD000E+00_Vran500E
 +01                  
 Start
           0
 set_grid_done
 set_clumps_done
 Done
 TIME :    1.32938707387075       sec
          50 %           3   39.3963445944246     
 	 100 %           1   77.4670909803826     
 Time :   77.5936803983059     
 WOCIVL455M0001NH220/N_atom200E+10_Vexp500E+02_Vemit800E+02_tauD000E+00_Vran500E
 +01                  
 Start
           0
 set_grid_done
 set_clumps_done
 Done
 TIME :    1.33180932467803       sec
          50 %           3   39.3860486033373     
 	 100 %           1   77.2539825129788     
 Time :   77.3797985585406     
 WOCIVL455M0001NH220/N_atom200E+10_Vexp600E+02_Vemit800E+02_tauD000E+00_Vran500E
 +01                  
 Start
           0
 set_grid_done
 set_clumps_done
 Done
 TIME :    1.33028624439612       sec
          50 %           4   39.1236358447932     
 	 100 %           2   76.8293443238363     
 Time :   76.9533580008429     
 WOCIVL455M0001NH220/N_atom200E+10_Vexp700E+02_Vemit800E+02_tauD000E+00_Vran500E
 +01                  
 Start
           0
 set_grid_done
 set_clumps_done
 Done
 TIME :    1.33053553570062       sec
          50 %           4   39.0828381106257     
 	 100 %           1   76.8252249935176     
 Time :   76.9517347409856     
 WOCIVL455M0001NH220/N_atom200E+10_Vexp800E+02_Vemit800E+02_tauD000E+00_Vran500E
 +01                  
 Start
           0
 set_grid_done
 set_clumps_done
 Done
 TIME :    1.33277237578295       sec
          50 %           1   39.0951675972901     
 	 100 %           1   76.7833913404029     
 Time :   76.9085554629564     
 WOCIVL455M0001NH220/N_atom200E+10_Vexp900E+02_Vemit800E+02_tauD000E+00_Vran500E
 +01                  
 Start
           0
 set_grid_done
 set_clumps_done
 Done
 TIME :    1.33021543035284       sec
          50 %           4   38.9145499444567     
 	 100 %           1   76.4423251172993     
 Time :   76.5688918123487     
 WOCIVL455M0001NH220/N_atom200E+10_Vexp100E+03_Vemit800E+02_tauD000E+00_Vran500E
 +01                  
 Start
           0
 set_grid_done
 set_clumps_done
 Done
 TIME :    1.33262876444496       sec
          50 %           4   38.7011189572513     
 	 100 %           4   76.0770065495744     
 Time :   76.2045156268869     
 WOCIVL455M0001NH220/N_atom200E+10_Vexp200E+03_Vemit800E+02_tauD000E+00_Vran500E
 +01                  
 Start
           0
 set_grid_done
 set_clumps_done
 Done
 TIME :    1.32797166705132       sec
          50 %           4   36.8304211103823     
 	 100 %           3   72.3667442335282     
 Time :   72.4927753857337     
 WOCIVL455M0001NH220/N_atom200E+10_Vexp300E+03_Vemit800E+02_tauD000E+00_Vran500E
 +01                  
 Start
           0
 set_grid_done
 set_clumps_done
 Done
 TIME :    1.32979592704214       sec
          50 %           2   35.6490662058350     
 	 100 %           3   70.0117409883533     
 Time :   70.1368711567484     
 WOCIVL455M0001NH220/N_atom200E+10_Vexp500E+01_Vemit800E+02_tauD000E+00_Vran500E
 +01                  
 Start
           0
 set_grid_done
 set_clumps_done
 Done
 TIME :    1.33103566127829       sec
          50 %           2   44.3344667623751     
 	 100 %           1   87.2637491577771     
 Time :   87.3902456802316     
 WOCIVL455M0001NH220/N_atom200E+10_Vexp100E+02_Vemit900E+02_tauD000E+00_Vran118E
 +01                  
 Start
           0
 set_grid_done
 set_clumps_done
 Done
 TIME :    1.33323643333279       sec
          50 %           4   34.6660892411601     
 	 100 %           3   67.9808265499305     
 Time :   68.1155448907521     
 WOCIVL455M0001NH220/N_atom200E+10_Vexp200E+02_Vemit900E+02_tauD000E+00_Vran118E
 +01                  
 Start
           0
 set_grid_done
 set_clumps_done
 Done
 TIME :    1.33247242844664       sec
          50 %           3   35.0807500015944     
 	 100 %           1   68.7594464672729     
 Time :   68.8849911293946     
 WOCIVL455M0001NH220/N_atom200E+10_Vexp300E+02_Vemit900E+02_tauD000E+00_Vran118E
 +01                  
 Start
           0
 set_grid_done
 set_clumps_done
 Done
 TIME :    1.33247209805995       sec
          50 %           1   35.4142833591904     
 	 100 %           4   69.4946258326527     
 Time :   69.6207227492705     
 WOCIVL455M0001NH220/N_atom200E+10_Vexp400E+02_Vemit900E+02_tauD000E+00_Vran118E
 +01                  
 Start
           0
 set_grid_done
 set_clumps_done
 Done
 TIME :    1.33414661465213       sec
          50 %           2   36.2223948889878     
 	 100 %           3   71.1335035755765     
 Time :   71.2588136643171     
 WOCIVL455M0001NH220/N_atom200E+10_Vexp500E+02_Vemit900E+02_tauD000E+00_Vran118E
 +01                  
 Start
           0
 set_grid_done
 set_clumps_done
 Done
 TIME :    1.33047476084903       sec
          50 %           3   36.7135833040811     
 	 100 %           4   72.1326180186588     
 Time :   72.2587123203557     
 WOCIVL455M0001NH220/N_atom200E+10_Vexp600E+02_Vemit900E+02_tauD000E+00_Vran118E
 +01                  
 Start
           0
 set_grid_done
 set_clumps_done
 Done
 TIME :    1.32951770094223       sec
          50 %           1   37.0668319556862     
 	 100 %           1   72.8049992739689     
 Time :   72.9313533268869     
 WOCIVL455M0001NH220/N_atom200E+10_Vexp700E+02_Vemit900E+02_tauD000E+00_Vran118E
 +01                  
 Start
           0
 set_grid_done
 set_clumps_done
 Done
 TIME :    1.33228524448350       sec
          50 %           4   37.2232598322444     
 	 100 %           1   72.8267468914855     
 Time :   72.9551814489532     
 WOCIVL455M0001NH220/N_atom200E+10_Vexp800E+02_Vemit900E+02_tauD000E+00_Vran118E
 +01                  
 Start
           0
 set_grid_done
 set_clumps_done
 Done
 TIME :    1.33365815109573       sec
          50 %           2   37.2272158137057     
 	 100 %           3   73.0907464812044     
 Time :   73.2154712830670     
 WOCIVL455M0001NH220/N_atom200E+10_Vexp900E+02_Vemit900E+02_tauD000E+00_Vran118E
 +01                  
 Start
           0
 set_grid_done
 set_clumps_done
 Done
 TIME :    1.33488937932998       sec
          50 %           3   37.4269344990607     
 	 100 %           3   73.4875561427325     
 Time :   73.6164413625374     
 WOCIVL455M0001NH220/N_atom200E+10_Vexp100E+03_Vemit900E+02_tauD000E+00_Vran118E
 +01                  
 Start
           0
 set_grid_done
 set_clumps_done
 Done
 TIME :    1.33016653778031       sec
          50 %           3   37.4217350762337     
 	 100 %           4   73.5769846944604     
 Time :   73.7015416186769     
 WOCIVL455M0001NH220/N_atom200E+10_Vexp200E+03_Vemit900E+02_tauD000E+00_Vran118E
 +01                  
 Start
           0
 set_grid_done
 set_clumps_done
 Done
 TIME :    1.32924380269833       sec
          50 %           3   36.7621710801031     
 	 100 %           3   72.2667479366064     
 Time :   72.3914657151327     
 WOCIVL455M0001NH220/N_atom200E+10_Vexp300E+03_Vemit900E+02_tauD000E+00_Vran118E
 +01                  
 Start
           0
 set_grid_done
 set_clumps_done
 Done
 TIME :    1.32923399424180       sec
          50 %           1   35.4976974367164     
 	 100 %           1   69.6048987437971     
 Time :   69.7295760659035     
 WOCIVL455M0001NH220/N_atom200E+10_Vexp500E+01_Vemit900E+02_tauD000E+00_Vran118E
 +01                  
 Start
           0
 set_grid_done
 set_clumps_done
 Done
 TIME :    1.32888805004768       sec
          50 %           1   35.0464726986829     
 	 100 %           4   68.7344655850902     
 Time :   68.8611068711616     
 WOCIVL455M0001NH220/N_atom200E+10_Vexp100E+02_Vemit900E+02_tauD000E+00_Vran300E
 +01                  
 Start
           0
 set_grid_done
 set_clumps_done
 Done
 TIME :    1.33050532848574       sec
          50 %           4   36.8407201773953     
 	 100 %           1   72.3673942827154     
 Time :   72.4945683565456     
 WOCIVL455M0001NH220/N_atom200E+10_Vexp200E+02_Vemit900E+02_tauD000E+00_Vran300E
 +01                  
 Start
           0
 set_grid_done
 set_clumps_done
 Done
 TIME :    1.33427164121531       sec
          50 %           2   36.2121363086626     
 	 100 %           2   71.1087129132356     
 Time :   71.2344044733327     
 WOCIVL455M0001NH220/N_atom200E+10_Vexp300E+02_Vemit900E+02_tauD000E+00_Vran300E
 +01                  
 Start
           0
 set_grid_done
 set_clumps_done
 Done
 TIME :    1.32955321785994       sec
          50 %           1   36.5972412752453     
 	 100 %           1   71.8057114232797     
 Time :   71.9331182369497     
 WOCIVL455M0001NH220/N_atom200E+10_Vexp400E+02_Vemit900E+02_tauD000E+00_Vran300E
 +01                  
 Start
           0
 set_grid_done
 set_clumps_done
 Done
 TIME :    1.33381078974344       sec
          50 %           3   37.1927622873336     
 	 100 %           3   72.9753065283876     
 Time :   73.1001985864714     
 WOCIVL455M0001NH220/N_atom200E+10_Vexp500E+02_Vemit900E+02_tauD000E+00_Vran300E
 +01                  
 Start
           0
 set_grid_done
 set_clumps_done
 Done
 TIME :    1.32908610464074       sec
          50 %           1   37.4941561145242     
 	 100 %           2   73.6625251732767     
 Time :   73.7878422953654     
 WOCIVL455M0001NH220/N_atom200E+10_Vexp600E+02_Vemit900E+02_tauD000E+00_Vran300E
 +01                  
 Start
           0
 set_grid_done
 set_clumps_done
 Done
 TIME :    1.32962329033762       sec
          50 %           2   37.8666249841917     
 	 100 %           2   74.4493112238124     
 Time :   74.5777088815812     
 WOCIVL455M0001NH220/N_atom200E+10_Vexp700E+02_Vemit900E+02_tauD000E+00_Vran300E
 +01                  
 Start
           0
 set_grid_done
 set_clumps_done
 Done
 TIME :    1.33286430966109       sec
          50 %           2   37.8935902593657     
 	 100 %           1   74.4319099157583     
 Time :   74.5584685455542     
 WOCIVL455M0001NH220/N_atom200E+10_Vexp800E+02_Vemit900E+02_tauD000E+00_Vran300E
 +01                  
 Start
           0
 set_grid_done
 set_clumps_done
 Done
 TIME :    1.33247456257232       sec
          50 %           1   38.1291304382030     
 	 100 %           3   74.9648232480977     
 Time :   75.0904669575393     
 WOCIVL455M0001NH220/N_atom200E+10_Vexp900E+02_Vemit900E+02_tauD000E+00_Vran300E
 +01                  
 Start
           0
 set_grid_done
 set_clumps_done
 Done
 TIME :    1.33245925372466       sec
          50 %           3   38.0045539268758     
 	 100 %           4   74.5925249808934     
 Time :   74.7182126434054     
 WOCIVL455M0001NH220/N_atom200E+10_Vexp100E+03_Vemit900E+02_tauD000E+00_Vran300E
 +01                  
 Start
           0
 set_grid_done
 set_clumps_done
 Done
 TIME :    1.33277678419836       sec
          50 %           1   38.1797211321536     
 	 100 %           4   74.6916194220539     
 Time :   74.8169463325758     
 WOCIVL455M0001NH220/N_atom200E+10_Vexp200E+03_Vemit900E+02_tauD000E+00_Vran300E
 +01                  
 Start
           0
 set_grid_done
 set_clumps_done
 Done
 TIME :    1.33219349104911       sec
          50 %           3   36.7111438105348     
 	 100 %           1   72.0699141968507     
 Time :   72.1977458139881     
 WOCIVL455M0001NH220/N_atom200E+10_Vexp300E+03_Vemit900E+02_tauD000E+00_Vran300E
 +01                  
 Start
           0
 set_grid_done
 set_clumps_done
 Done
 TIME :    1.33098999527283       sec
          50 %           1   35.3157705878839     
 	 100 %           2   69.4565730295144     
 Time :   69.5818948904052     
 WOCIVL455M0001NH220/N_atom200E+10_Vexp500E+01_Vemit900E+02_tauD000E+00_Vran300E
 +01                  
 Start
           0
 set_grid_done
 set_clumps_done
 Done
 TIME :    1.33147671539336       sec
          50 %           3   38.6551543415990     
 	 100 %           4   76.0731756247114     
 Time :   76.1987767636310     
 WOCIVL455M0001NH220/N_atom200E+10_Vexp100E+02_Vemit900E+02_tauD000E+00_Vran500E
 +01                  
 Start
           0
 set_grid_done
 set_clumps_done
 Done
 TIME :    1.33023134036921       sec
          50 %           2   39.5530824072193     
 	 100 %           2   77.7908550826833     
 Time :   77.9180763156619     
 WOCIVL455M0001NH220/N_atom200E+10_Vexp200E+02_Vemit900E+02_tauD000E+00_Vran500E
 +01                  
 Start
           0
 set_grid_done
 set_clumps_done
 Done
 TIME :    1.33097000722773       sec
          50 %           4   38.0314503817353     
 	 100 %           3   74.6850665896200     
 Time :   74.8131897682324     
 WOCIVL455M0001NH220/N_atom200E+10_Vexp300E+02_Vemit900E+02_tauD000E+00_Vran500E
 +01                  
 Start
           0
 set_grid_done
 set_clumps_done
 Done
 TIME :    1.32997968443669       sec
          50 %           2   38.2334077109117     
 	 100 %           1   75.1121751607861     
 Time :   75.2383479909040     
 WOCIVL455M0001NH220/N_atom200E+10_Vexp400E+02_Vemit900E+02_tauD000E+00_Vran500E
 +01                  
 Start
           0
 set_grid_done
 set_clumps_done
 Done
 TIME :    1.33070056792349       sec
          50 %           3   38.5449176591355     
 	 100 %           2   75.7073150821961     
 Time :   75.8335361937061     
 WOCIVL455M0001NH220/N_atom200E+10_Vexp500E+02_Vemit900E+02_tauD000E+00_Vran500E
 +01                  
 Start
           0
 set_grid_done
 set_clumps_done
 Done
 TIME :    1.32996972557157       sec
          50 %           1   38.5800586254336     
 	 100 %           4   75.7617444957141     
 Time :   75.8876999649219     
 WOCIVL455M0001NH220/N_atom200E+10_Vexp600E+02_Vemit900E+02_tauD000E+00_Vran500E
 +01                  
 Start
           0
 set_grid_done
 set_clumps_done
 Done
 TIME :    1.33102709543891       sec
          50 %           2   38.7540919564199     
 	 100 %           3   76.1233106672298     
 Time :   76.2520254044794     
 WOCIVL455M0001NH220/N_atom200E+10_Vexp700E+02_Vemit900E+02_tauD000E+00_Vran500E
 +01                  
 Start
           0
 set_grid_done
 set_clumps_done
 Done
 TIME :    1.33067118213512       sec
          50 %           2   38.8444450665265     
 	 100 %           2   76.3401082011405     
 Time :   76.4658357792068     
 WOCIVL455M0001NH220/N_atom200E+10_Vexp800E+02_Vemit900E+02_tauD000E+00_Vran500E
 +01                  
 Start
           0
 set_grid_done
 set_clumps_done
 Done
 TIME :    1.33154163835570       sec
          50 %           4   38.7118475765456     
 	 100 %           1   76.1156102244277     
 Time :   76.2428103573620     
 WOCIVL455M0001NH220/N_atom200E+10_Vexp900E+02_Vemit900E+02_tauD000E+00_Vran500E
 +01                  
 Start
           0
 set_grid_done
 set_clumps_done
 Done
 TIME :    1.33024010690860       sec
          50 %           2   38.4639145310502     
 	 100 %           1   75.6294902546797     
 Time :   75.7553331009112     
 WOCIVL455M0001NH220/N_atom200E+10_Vexp100E+03_Vemit900E+02_tauD000E+00_Vran500E
 +01                  
 Start
           0
 set_grid_done
 set_clumps_done
 Done
 TIME :    1.32959534763359       sec
          50 %           3   38.5252099789213     
 	 100 %           1   75.7682768492959     
 Time :   75.8951405058615     
 WOCIVL455M0001NH220/N_atom200E+10_Vexp200E+03_Vemit900E+02_tauD000E+00_Vran500E
 +01                  
 Start
           0
 set_grid_done
 set_clumps_done
 Done
 TIME :    1.32877194043249       sec
          50 %           2   36.9070241672453     
 	 100 %           1   72.5839441982098     
 Time :   72.7117290068418     
 WOCIVL455M0001NH220/N_atom200E+10_Vexp300E+03_Vemit900E+02_tauD000E+00_Vran500E
 +01                  
 Start
           0
 set_grid_done
 set_clumps_done
 Done
 TIME :    1.33282252051868       sec
          50 %           2   35.8410497929435     
 	 100 %           2   70.2550906259567     
 Time :   70.3823935233522     
 WOCIVL455M0001NH220/N_atom200E+10_Vexp500E+01_Vemit900E+02_tauD000E+00_Vran500E
 +01                  
 Start
           0
 set_grid_done
 set_clumps_done
 Done
 TIME :    1.33284453232773       sec
          50 %           1   43.0028210072778     
 	 100 %           4   84.6020267549902     
 Time :   84.7277488526888     
 WOCIVL455M0001NH220/N_atom200E+10_Vexp100E+02_Vemit100E+03_tauD000E+00_Vran118E
 +01                  
 Start
           0
 set_grid_done
 set_clumps_done
 Done
 TIME :    1.33370454865508       sec
          50 %           2   34.4439547643997     
 	 100 %           2   67.5542593628634     
 Time :   67.6840808431152     
 WOCIVL455M0001NH220/N_atom200E+10_Vexp200E+02_Vemit100E+03_tauD000E+00_Vran118E
 +01                  
 Start
           0
 set_grid_done
 set_clumps_done
 Done
 TIME :    1.33372773253359       sec
          50 %           2   34.6656448107678     
 	 100 %           2   67.9182302618865     
 Time :   68.0434132902883     
 WOCIVL455M0001NH220/N_atom200E+10_Vexp300E+02_Vemit100E+03_tauD000E+00_Vran118E
 +01                  
 Start
           0
 set_grid_done
 set_clumps_done
 Done
 TIME :    1.33121473016217       sec
          50 %           4   35.1091474650893     
 	 100 %           4   68.8747596603353     
 Time :   69.0022841468453     
 WOCIVL455M0001NH220/N_atom200E+10_Vexp400E+02_Vemit100E+03_tauD000E+00_Vran118E
 +01                  
 Start
           0
 set_grid_done
 set_clumps_done
 Done
 TIME :    1.33289359509945       sec
          50 %           4   35.7037630348932     
 	 100 %           3   70.1206669122912     
 Time :   70.2475074452814     
 WOCIVL455M0001NH220/N_atom200E+10_Vexp500E+02_Vemit100E+03_tauD000E+00_Vran118E
 +01                  
 Start
           0
 set_grid_done
 set_clumps_done
 Done
 TIME :    1.33269401756115       sec
          50 %           2   36.2190350953024     
 	 100 %           2   71.1655248221941     
 Time :   71.2916032238863     
 WOCIVL455M0001NH220/N_atom200E+10_Vexp600E+02_Vemit100E+03_tauD000E+00_Vran118E
 +01                  
 Start
           0
 set_grid_done
 set_clumps_done
 Done
 TIME :    1.33290994586423       sec
          50 %           2   36.7612544265576     
 	 100 %           1   72.0573780993000     
 Time :   72.1846211433876     
 WOCIVL455M0001NH220/N_atom200E+10_Vexp700E+02_Vemit100E+03_tauD000E+00_Vran118E
 +01                  
 Start
           0
 set_grid_done
 set_clumps_done
 Done
 TIME :    1.33313327841461       sec
          50 %           2   36.9399025046732     
 	 100 %           2   72.5493902922608     
 Time :   72.6776643460616     
 WOCIVL455M0001NH220/N_atom200E+10_Vexp800E+02_Vemit100E+03_tauD000E+00_Vran118E
 +01                  
 Start
           0
 set_grid_done
 set_clumps_done
 Done
 TIME :    1.33301938278601       sec
          50 %           4   37.2240869163070     
 	 100 %           1   73.4064056859352     
 Time :   73.5361184708308     
 WOCIVL455M0001NH220/N_atom200E+10_Vexp900E+02_Vemit100E+03_tauD000E+00_Vran118E
 +01                  
 Start
           0
 set_grid_done
 set_clumps_done
 Done
 TIME :    1.33591014984995       sec
          50 %           1   37.8449640807230     
 	 100 %           2   74.3218063146342     
 Time :   74.4540587721858     
 WOCIVL455M0001NH220/N_atom200E+10_Vexp100E+03_Vemit100E+03_tauD000E+00_Vran118E
 +01                  
 Start
           0
 set_grid_done
 set_clumps_done
 Done
 TIME :    1.33814945444465       sec
          50 %           2   37.8284478059504     
 	 100 %           2   74.4010406173766     
 Time :   74.5343025140464     
 WOCIVL455M0001NH220/N_atom200E+10_Vexp200E+03_Vemit100E+03_tauD000E+00_Vran118E
 +01                  
 Start
           0
 set_grid_done
 set_clumps_done
 Done
 TIME :    1.33682202431373       sec
          50 %           3   37.3784657982178     
 	 100 %           3   73.5326452525333     
 Time :   73.6647616226692     
 WOCIVL455M0001NH220/N_atom200E+10_Vexp300E+03_Vemit100E+03_tauD000E+00_Vran118E
 +01                  
 Start
           0
 set_grid_done
 set_clumps_done
 Done
 TIME :    1.33768937457353       sec
          50 %           3   36.4045609401073     
 	 100 %           4   71.5542466687039     
 Time :   71.6869083000347     
 WOCIVL455M0001NH220/N_atom200E+10_Vexp500E+01_Vemit100E+03_tauD000E+00_Vran118E
 +01                  
 Start
           0
 set_grid_done
 set_clumps_done
 Done
 TIME :    1.33824339206330       sec
          50 %           3   35.5085068787448     
 	 100 %           4   69.5642649496440     
 Time :   69.6973228703719     
 WOCIVL455M0001NH220/N_atom200E+10_Vexp100E+02_Vemit100E+03_tauD000E+00_Vran300E
 +01                  
 Start
           0
 set_grid_done
 set_clumps_done
 Done
 TIME :    1.33906919392757       sec
          50 %           4   37.2307329650503     
 	 100 %           2   72.8643340240233     
 Time :   72.9981853954960     
 WOCIVL455M0001NH220/N_atom200E+10_Vexp200E+02_Vemit100E+03_tauD000E+00_Vran300E
 +01                  
 Start
           0
 set_grid_done
 set_clumps_done
 Done
 TIME :    1.33260142244399       sec
          50 %           4   36.3824887385126     
 	 100 %           1   71.4111283924431     
 Time :   71.5425470431801     
 WOCIVL455M0001NH220/N_atom200E+10_Vexp300E+02_Vemit100E+03_tauD000E+00_Vran300E
 +01                  
 Start
           0
 set_grid_done
 set_clumps_done
 Done
 TIME :    1.33546634064987       sec
          50 %           2   36.6587978070602     
 	 100 %           2   72.0633069418836     
 Time :   72.1949577815831     
 WOCIVL455M0001NH220/N_atom200E+10_Vexp400E+02_Vemit100E+03_tauD000E+00_Vran300E
 +01                  
 Start
           0
 set_grid_done
 set_clumps_done
 Done
 TIME :    1.33155594533309       sec
          50 %           2   37.1320426280145     
 	 100 %           3   73.0737108043395     
 Time :   73.2012047530152     
 WOCIVL455M0001NH220/N_atom200E+10_Vexp500E+02_Vemit100E+03_tauD000E+00_Vran300E
 +01                  
 Start
           0
 set_grid_done
 set_clumps_done
 Done
 TIME :    1.33359867846593       sec
          50 %           1   37.6781433094293     
 	 100 %           3   73.9555362975225     
 Time :   74.0843430086970     
 WOCIVL455M0001NH220/N_atom200E+10_Vexp600E+02_Vemit100E+03_tauD000E+00_Vran300E
 +01                  
 Start
           0
 set_grid_done
 set_clumps_done
 Done
 TIME :    1.33543260651641       sec
          50 %           3   37.9481003051624     
 	 100 %           2   74.4661730017979     
 Time :   74.5996649132576     
 WOCIVL455M0001NH220/N_atom200E+10_Vexp700E+02_Vemit100E+03_tauD000E+00_Vran300E
 +01                  
 Start
           0
 set_grid_done
 set_clumps_done
 Done
 TIME :    1.33542966120876       sec
          50 %           2   38.1970264590345     
 	 100 %           3   75.0382055642549     
 Time :   75.1730112703517     
 WOCIVL455M0001NH220/N_atom200E+10_Vexp800E+02_Vemit100E+03_tauD000E+00_Vran300E
 +01                  
 Start
           0
 set_grid_done
 set_clumps_done
 Done
 TIME :    1.33607008238323       sec
          50 %           2   38.1483372510411     
 	 100 %           2   74.9998055945616     
 Time :   75.1304983824957     
 WOCIVL455M0001NH220/N_atom200E+10_Vexp900E+02_Vemit100E+03_tauD000E+00_Vran300E
 +01                  
 Start
           0
 set_grid_done
 set_clumps_done
 Done
 TIME :    1.33665565960109       sec
          50 %           2   38.1480738327373     
 	 100 %           3   75.0024826070294     
 Time :   75.1320024470333     
 WOCIVL455M0001NH220/N_atom200E+10_Vexp100E+03_Vemit100E+03_tauD000E+00_Vran300E
 +01                  
 Start
           0
 set_grid_done
 set_clumps_done
 Done
 TIME :    1.33581026084721       sec
          50 %           4   38.2960347272456     
 	 100 %           4   75.1419136603363     
 Time :   75.2730564393569     
 WOCIVL455M0001NH220/N_atom200E+10_Vexp200E+03_Vemit100E+03_tauD000E+00_Vran300E
 +01                  
 Start
           0
 set_grid_done
 set_clumps_done
 Done
 TIME :    1.33527694223449       sec
          50 %           3   37.4051016801968     
 	 100 %           4   73.3795865073334     
 Time :   73.5098713738844     
 WOCIVL455M0001NH220/N_atom200E+10_Vexp300E+03_Vemit100E+03_tauD000E+00_Vran300E
 +01                  
 Start
           0
 set_grid_done
 set_clumps_done
 Done
 TIME :    1.33523372071795       sec
          50 %           1   36.4027853223961     
 	 100 %           1   71.4591589048505     
 Time :   71.5928252562881     
 WOCIVL455M0001NH220/N_atom200E+10_Vexp500E+01_Vemit100E+03_tauD000E+00_Vran300E
 +01                  
 Start
           0
 set_grid_done
 set_clumps_done
 Done
 TIME :    1.33494930271991       sec
          50 %           1   38.6846436602063     
 	 100 %           2   76.0815645894036     
 Time :   76.2124774637632     
 WOCIVL455M0001NH220/N_atom200E+10_Vexp100E+02_Vemit100E+03_tauD000E+00_Vran500E
 +01                  
 Start
           0
 set_grid_done
 set_clumps_done
 Done
 TIME :    1.33513701776974       sec
          50 %           3   39.6125842232723     
 	 100 %           4   77.9627613010816     
 Time :   78.0945556822699     
 WOCIVL455M0001NH220/N_atom200E+10_Vexp200E+02_Vemit100E+03_tauD000E+00_Vran500E
 +01                  
 Start
           0
 set_grid_done
 set_clumps_done
 Done
 TIME :    1.33537142095156       sec
          50 %           3   38.1126406036783     
 	 100 %           2   75.0045092597138     
 Time :   75.1314162784256     
 WOCIVL455M0001NH220/N_atom200E+10_Vexp300E+02_Vemit100E+03_tauD000E+00_Vran500E
 +01                  
 Start
           0
 set_grid_done
 set_clumps_done
 Done
 TIME :    1.33803624054417       sec
          50 %           1   38.6204188321717     
 	 100 %           4   75.8735805130564     
 Time :   76.0060199140571     
 WOCIVL455M0001NH220/N_atom200E+10_Vexp400E+02_Vemit100E+03_tauD000E+00_Vran500E
 +01                  
 Start
           0
 set_grid_done
 set_clumps_done
 Done
 TIME :    1.33457128773443       sec
          50 %           4   39.1206744641531     
 	 100 %           2   76.4192504798993     
 Time :   76.5494995987974     
 WOCIVL455M0001NH220/N_atom200E+10_Vexp500E+02_Vemit100E+03_tauD000E+00_Vran500E
 +01                  
 Start
           0
 set_grid_done
 set_clumps_done
 Done
 TIME :    1.33568666712381       sec
          50 %           1   38.8542268050369     
 	 100 %           4   76.3422834146768     
 Time :   76.4767427255865     
 WOCIVL455M0001NH220/N_atom200E+10_Vexp600E+02_Vemit100E+03_tauD000E+00_Vran500E
 +01                  
 Start
           0
 set_grid_done
 set_clumps_done
 Done
 TIME :    1.33528497745283       sec
          50 %           3   38.8632335881703     
 	 100 %           2   76.4955811616965     
 Time :   76.6268542371690     
 WOCIVL455M0001NH220/N_atom200E+10_Vexp700E+02_Vemit100E+03_tauD000E+00_Vran500E
 +01                  
 Start
           0
 set_grid_done
 set_clumps_done
 Done
 TIME :    1.33445112057962       sec
          50 %           1   38.8648580403533     
 	 100 %           2   76.4854252955411     
 Time :   76.6150343741756     
 WOCIVL455M0001NH220/N_atom200E+10_Vexp800E+02_Vemit100E+03_tauD000E+00_Vran500E
 +01                  
 Start
           0
 set_grid_done
 set_clumps_done
 Done
 TIME :    1.33689001295716       sec
          50 %           3   38.8939621001482     
 	 100 %           1   76.4870467218570     
 Time :   76.6197668840177     
 WOCIVL455M0001NH220/N_atom200E+10_Vexp900E+02_Vemit100E+03_tauD000E+00_Vran500E
 +01                  
 Start
           0
 set_grid_done
 set_clumps_done
 Done
 TIME :    1.33516970952041       sec
          50 %           3   38.7414876900148     
 	 100 %           4   76.2466284979600     
 Time :   76.3798465917353     
 WOCIVL455M0001NH220/N_atom200E+10_Vexp100E+03_Vemit100E+03_tauD000E+00_Vran500E
 +01                  
 Start
           0
 set_grid_done
 set_clumps_done
 Done
 TIME :    1.33419025712647       sec
          50 %           3   38.6951579339802     
 	 100 %           3   76.1352672684006     
 Time :   76.2670587643515     
 WOCIVL455M0001NH220/N_atom200E+10_Vexp200E+03_Vemit100E+03_tauD000E+00_Vran500E
 +01                  
 Start
           0
 set_grid_done
 set_clumps_done
 Done
 TIME :    1.33546580933034       sec
          50 %           1   37.7071793705691     
 	 100 %           2   74.1705627520569     
 Time :   74.3029392943718     
 WOCIVL455M0001NH220/N_atom200E+10_Vexp300E+03_Vemit100E+03_tauD000E+00_Vran500E
 +01                  
 Start
           0
 set_grid_done
 set_clumps_done
 Done
 TIME :    1.33645945857279       sec
          50 %           1   36.5292323608883     
 	 100 %           4   71.6186806121841     
 Time :   71.7581703164615     
 WOCIVL455M0001NH220/N_atom200E+10_Vexp500E+01_Vemit100E+03_tauD000E+00_Vran500E
 +01                  
 Start
           0
 set_grid_done
 set_clumps_done
 Done
 TIME :    1.33261445700191       sec
          50 %           3   42.8956877733581     
 	 100 %           1   84.3694111767691     
 Time :   84.4999624371994     
 WOCIVL455M0001NH220/N_atom200E+10_Vexp100E+02_Vemit200E+03_tauD000E+00_Vran118E
 +01                  
 Start
           0
 set_grid_done
 set_clumps_done
 Done
 TIME :    1.33762085507624       sec
          50 %           1   33.8314576882403     
 	 100 %           1   66.2512392927893     
 Time :   66.3817033180967     
 WOCIVL455M0001NH220/N_atom200E+10_Vexp200E+02_Vemit200E+03_tauD000E+00_Vran118E
 +01                  
 Start
           0
 set_grid_done
 set_clumps_done
 Done
 TIME :    1.33538552746177       sec
          50 %           4   33.9337782002985     
 	 100 %           4   66.5151783276815     
 Time :   66.6512451085728     
 WOCIVL455M0001NH220/N_atom200E+10_Vexp300E+02_Vemit200E+03_tauD000E+00_Vran118E
 +01                  
 Start
           0
 set_grid_done
 set_clumps_done
 Done
 TIME :    1.33800094365142       sec
          50 %           1   34.1082304434385     
 	 100 %           3   66.9206379675306     
 Time :   67.0532979860436     
 WOCIVL455M0001NH220/N_atom200E+10_Vexp400E+02_Vemit200E+03_tauD000E+00_Vran118E
 +01                  
 Start
           0
 set_grid_done
 set_clumps_done
 Done
 TIME :    1.33578344015405       sec
          50 %           4   34.4711712542921     
 	 100 %           2   67.7068144453224     
 Time :   67.8366705409717     
 WOCIVL455M0001NH220/N_atom200E+10_Vexp500E+02_Vemit200E+03_tauD000E+00_Vran118E
 +01                  
 Start
           0
 set_grid_done
 set_clumps_done
 Done
 TIME :    1.33469955017790       sec
          50 %           1   34.8501709948760     
 	 100 %           4   68.4055396807380     
 Time :   68.5421180292033     
 WOCIVL455M0001NH220/N_atom200E+10_Vexp600E+02_Vemit200E+03_tauD000E+00_Vran118E
 +01                  
 Start
           0
 set_grid_done
 set_clumps_done
 Done
 TIME :    1.33799544326030       sec
          50 %           1   35.1717686604243     
 	 100 %           4   68.7710744773503     
 Time :   68.9030548504088     
 WOCIVL455M0001NH220/N_atom200E+10_Vexp700E+02_Vemit200E+03_tauD000E+00_Vran118E
 +01                  
 Start
           0
 set_grid_done
 set_clumps_done
 Done
 TIME :    1.33433939935640       sec
          50 %           2   35.3110692971386     
 	 100 %           4   69.1637611319311     
 Time :   69.2947924702894     
 WOCIVL455M0001NH220/N_atom200E+10_Vexp800E+02_Vemit200E+03_tauD000E+00_Vran118E
 +01                  
 Start
           0
 set_grid_done
 set_clumps_done
 Done
 TIME :    1.33730912534520       sec
          50 %           4   35.2730689132586     
 	 100 %           4   69.1965341803152     
 Time :   69.3283947568852     
 WOCIVL455M0001NH220/N_atom200E+10_Vexp900E+02_Vemit200E+03_tauD000E+00_Vran118E
 +01                  
 Start
           0
 set_grid_done
 set_clumps_done
 Done
 TIME :    1.33568739844486       sec
          50 %           2   35.5585522614419     
 	 100 %           3   69.8661002016161     
 Time :   69.9991425529588     
 WOCIVL455M0001NH220/N_atom200E+10_Vexp100E+03_Vemit200E+03_tauD000E+00_Vran118E
 +01                  
 Start
           0
 set_grid_done
 set_clumps_done
 Done
 TIME :    1.33476729854010       sec
          50 %           3   35.7284321575426     
 	 100 %           3   70.1466473648325     
 Time :   70.2779052415863     
 WOCIVL455M0001NH220/N_atom200E+10_Vexp200E+03_Vemit200E+03_tauD000E+00_Vran118E
 +01                  
 Start
           0
 set_grid_done
 set_clumps_done
 Done
 TIME :    1.33532055467367       sec
          50 %           4   36.3199455407448     
 	 100 %           4   71.2087857546285     
 Time :   71.3405710386578     
 WOCIVL455M0001NH220/N_atom200E+10_Vexp300E+03_Vemit200E+03_tauD000E+00_Vran118E
 +01                  
 Start
           0
 set_grid_done
 set_clumps_done
 Done
 TIME :    1.33738002949394       sec
          50 %           4   36.2228712900542     
 	 100 %           2   71.0331089454703     
 Time :   71.1641943161376     
 WOCIVL455M0001NH220/N_atom200E+10_Vexp500E+01_Vemit200E+03_tauD000E+00_Vran118E
 +01                  
 Start
           0
 set_grid_done
 set_clumps_done
 Done
 TIME :    1.33649297198281       sec
          50 %           3   33.9199342695065     
 	 100 %           2   66.4645249652676     
 Time :   66.5941036462318     
 WOCIVL455M0001NH220/N_atom200E+10_Vexp100E+02_Vemit200E+03_tauD000E+00_Vran300E
 +01                  
 Start
           0
 set_grid_done
 set_clumps_done
 Done
 TIME :    1.33819629321806       sec
          50 %           2   34.8503134245984     
 	 100 %           1   68.3209824517835     
 Time :   68.4521380749065     
 WOCIVL455M0001NH220/N_atom200E+10_Vexp200E+02_Vemit200E+03_tauD000E+00_Vran300E
 +01                  
 Start
           0
 set_grid_done
 set_clumps_done
 Done
 TIME :    1.33623870112933       sec
          50 %           4   34.4284898079932     
 	 100 %           1   67.6033739051782     
 Time :   67.7354289093055     
 WOCIVL455M0001NH220/N_atom200E+10_Vexp300E+02_Vemit200E+03_tauD000E+00_Vran300E
 +01                  
 Start
           0
 set_grid_done
 set_clumps_done
 Done
 TIME :    1.33792274584994       sec
          50 %           3   34.7419567971956     
 	 100 %           2   68.0193875341211     
 Time :   68.1481282906607     
 WOCIVL455M0001NH220/N_atom200E+10_Vexp400E+02_Vemit200E+03_tauD000E+00_Vran300E
 +01                  
 Start
           0
 set_grid_done
 set_clumps_done
 Done
 TIME :    1.33556994632818       sec
          50 %           2   35.0281609585509     
 	 100 %           3   68.6117614547256     
 Time :   68.7423204598017     
 WOCIVL455M0001NH220/N_atom200E+10_Vexp500E+02_Vemit200E+03_tauD000E+00_Vran300E
 +01                  
 Start
           0
 set_grid_done
 set_clumps_done
 Done
 TIME :    1.33469339879230       sec
          50 %           2   35.2809528727084     
 	 100 %           4   69.2211851887405     
 Time :   69.3624223275110     
 WOCIVL455M0001NH220/N_atom200E+10_Vexp600E+02_Vemit200E+03_tauD000E+00_Vran300E
 +01                  
 Start
           0
 set_grid_done
 set_clumps_done
 Done
 TIME :    1.33793666213751       sec
          50 %           4   35.5162029531784     
 	 100 %           3   69.7390480386093     
 Time :   69.8719035065733     
 WOCIVL455M0001NH220/N_atom200E+10_Vexp700E+02_Vemit200E+03_tauD000E+00_Vran300E
 +01                  
 Start
           0
 set_grid_done
 set_clumps_done
 Done
 TIME :    1.33574058907107       sec
          50 %           1   35.5922668101266     
 	 100 %           1   69.9469254231080     
 Time :   70.0793044401798     
 WOCIVL455M0001NH220/N_atom200E+10_Vexp800E+02_Vemit200E+03_tauD000E+00_Vran300E
 +01                  
 Start
           0
 set_grid_done
 set_clumps_done
 Done
 TIME :    1.33756329608150       sec
          50 %           1   35.7897169555072     
 	 100 %           1   70.3175378022715     
 Time :   70.4493895219639     
 WOCIVL455M0001NH220/N_atom200E+10_Vexp900E+02_Vemit200E+03_tauD000E+00_Vran300E
 +01                  
 Start
           0
 set_grid_done
 set_clumps_done
 Done
 TIME :    1.33619790407829       sec
          50 %           3   36.0191596334334     
 	 100 %           1   70.3241753247567     
 Time :   70.4543510950170     
 WOCIVL455M0001NH220/N_atom200E+10_Vexp100E+03_Vemit200E+03_tauD000E+00_Vran300E
 +01                  
 Start
           0
 set_grid_done
 set_clumps_done
 Done
 TIME :    1.33325926680118       sec
          50 %           4   35.9284531550948     
 	 100 %           1   70.4237376006786     
 Time :   70.5543837905861     
 WOCIVL455M0001NH220/N_atom200E+10_Vexp200E+03_Vemit200E+03_tauD000E+00_Vran300E
 +01                  
 Start
           0
 set_grid_done
 set_clumps_done
 Done
 TIME :    1.33612504624762       sec
          50 %           4   36.4350803166162     
 	 100 %           3   71.4945047285873     
 Time :   71.6260326060001     
 WOCIVL455M0001NH220/N_atom200E+10_Vexp300E+03_Vemit200E+03_tauD000E+00_Vran300E
 +01                  
 Start
           0
 set_grid_done
 set_clumps_done
 Done
 TIME :    1.33521723933518       sec
          50 %           4   36.1905695027672     
 	 100 %           3   71.1138432652224     
 Time :   71.2446037111804     
 WOCIVL455M0001NH220/N_atom200E+10_Vexp500E+01_Vemit200E+03_tauD000E+00_Vran300E
 +01                  
 Start
           0
 set_grid_done
 set_clumps_done
 Done
 TIME :    1.33603297197260       sec
          50 %           1   35.6387756348122     
 	 100 %           3   69.8696402262431     
 Time :   69.9995896085165     
 WOCIVL455M0001NH220/N_atom200E+10_Vexp100E+02_Vemit200E+03_tauD000E+00_Vran500E
 +01                  
 Start
           0
 set_grid_done
 set_clumps_done
 Done
 TIME :    1.33563322597183       sec
          50 %           2   36.1542234877124     
 	 100 %           4   70.8668198802043     
 Time :   70.9980037868954     
 WOCIVL455M0001NH220/N_atom200E+10_Vexp200E+02_Vemit200E+03_tauD000E+00_Vran500E
 +01                  
 Start
           0
 set_grid_done
 set_clumps_done
 Done
 TIME :    1.33577804989181       sec
          50 %           1   35.3719361145049     
 	 100 %           1   69.3935081651434     
 Time :   69.5252122255042     
 WOCIVL455M0001NH220/N_atom200E+10_Vexp300E+02_Vemit200E+03_tauD000E+00_Vran500E
 +01                  
 Start
           0
 set_grid_done
 set_clumps_done
 Done
 TIME :    1.33644260675646       sec
          50 %           4   35.5318495130632     
 	 100 %           3   69.7899580465164     
 Time :   69.9246457694098     
 WOCIVL455M0001NH220/N_atom200E+10_Vexp400E+02_Vemit200E+03_tauD000E+00_Vran500E
 +01                  
 Start
           0
 set_grid_done
 set_clumps_done
 Done
 TIME :    1.33774122246541       sec
          50 %           1   35.6350727921817     
 	 100 %           4   70.0051510860212     
 Time :   70.1393988770433     
 WOCIVL455M0001NH220/N_atom200E+10_Vexp500E+02_Vemit200E+03_tauD000E+00_Vran500E
 +01                  
 Start
           0
 set_grid_done
 set_clumps_done
 Done
 TIME :    1.33743584505282       sec
          50 %           1   35.8675158440601     
 	 100 %           2   70.2867079386488     
 Time :   70.4202758939937     
 WOCIVL455M0001NH220/N_atom200E+10_Vexp600E+02_Vemit200E+03_tauD000E+00_Vran500E
 +01                  
 Start
           0
 set_grid_done
 set_clumps_done
 Done
 TIME :    1.33647009870037       sec
          50 %           3   36.0288812683430     
 	 100 %           3   70.6795060338918     
 Time :   70.8091823195573     
 WOCIVL455M0001NH220/N_atom200E+10_Vexp700E+02_Vemit200E+03_tauD000E+00_Vran500E
 +01                  
 Start
           0
 set_grid_done
 set_clumps_done
 Done
 TIME :    1.34654410020448       sec
          50 %           2   36.0958868751768     
 	 100 %           4   70.8261127674486     
 Time :   70.9578350023367     
 WOCIVL455M0001NH220/N_atom200E+10_Vexp800E+02_Vemit200E+03_tauD000E+00_Vran500E
 +01                  
 Start
           0
 set_grid_done
 set_clumps_done
 Done
 TIME :    1.33798817940988       sec
          50 %           4   36.1128206190187     
 	 100 %           1   70.9933572397567     
 Time :   71.1237142025493     
 WOCIVL455M0001NH220/N_atom200E+10_Vexp900E+02_Vemit200E+03_tauD000E+00_Vran500E
 +01                  
 Start
           0
 set_grid_done
 set_clumps_done
 Done
 TIME :    1.33716812869534       sec
          50 %           1   36.2295492889825     
 	 100 %           2   71.0637755403295     
 Time :   71.1970415846445     
 WOCIVL455M0001NH220/N_atom200E+10_Vexp100E+03_Vemit200E+03_tauD000E+00_Vran500E
 +01                  
 Start
           0
 set_grid_done
 set_clumps_done
 Done
 TIME :    1.33730816375464       sec
          50 %           3   36.4813587956596     
 	 100 %           2   71.5502212862484     
 Time :   71.6821229404304     
 WOCIVL455M0001NH220/N_atom200E+10_Vexp200E+03_Vemit200E+03_tauD000E+00_Vran500E
 +01                  
 Start
           0
 set_grid_done
 set_clumps_done
 Done
 TIME :    1.33768980531022       sec
          50 %           3   36.7397048433777     
 	 100 %           3   72.0325761856511     
 Time :   72.1665528640151     
 WOCIVL455M0001NH220/N_atom200E+10_Vexp300E+03_Vemit200E+03_tauD000E+00_Vran500E
 +01                  
 Start
           0
 set_grid_done
 set_clumps_done
 Done
 TIME :    1.33438299177215       sec
          50 %           4   36.4483318268321     
 	 100 %           2   71.5160996273626     
 Time :   71.6457171118818     
 WOCIVL455M0001NH220/N_atom200E+10_Vexp500E+01_Vemit200E+03_tauD000E+00_Vran500E
 +01                  
 Start
           0
 set_grid_done
 set_clumps_done
 Done
 TIME :    1.33548137894832       sec
          50 %           2   37.5880223684944     
 	 100 %           1   73.7962168424856     
 Time :   73.9255444689188     
 WOCIVL455M0001NH220/N_atom200E+10_Vexp100E+02_Vemit300E+03_tauD000E+00_Vran118E
 +01                  
 Start
           0
 set_grid_done
 set_clumps_done
 Done
 TIME :    1.33684154110961       sec
          50 %           3   33.0058103753254     
 	 100 %           1   64.8830845940392     
 Time :   65.0121489923913     
 WOCIVL455M0001NH220/N_atom200E+10_Vexp200E+02_Vemit300E+03_tauD000E+00_Vran118E
 +01                  
 Start
           0
 set_grid_done
 set_clumps_done
 Done
 TIME :    1.33613250032067       sec
          50 %           2   33.4611826171167     
 	 100 %           4   65.4954293221235     
 Time :   65.6279130971525     
 WOCIVL455M0001NH220/N_atom200E+10_Vexp300E+02_Vemit300E+03_tauD000E+00_Vran118E
 +01                  
 Start
           0
 set_grid_done
 set_clumps_done
 Done
 TIME :    1.33539376314729       sec
          50 %           1   33.7016042773612     
 	 100 %           3   66.0530173175503     
 Time :   66.1832903618924     
 WOCIVL455M0001NH220/N_atom200E+10_Vexp400E+02_Vemit300E+03_tauD000E+00_Vran118E
 +01                  
 Start
           0
 set_grid_done
 set_clumps_done
 Done
 TIME :    1.33294821833260       sec
          50 %           3   33.9863223284483     
 	 100 %           1   66.6376540060155     
 Time :   66.7670423069503     
 WOCIVL455M0001NH220/N_atom200E+10_Vexp500E+02_Vemit300E+03_tauD000E+00_Vran118E
 +01                  
 Start
           0
 set_grid_done
 set_clumps_done
 Done
 TIME :    1.33530714944936       sec
          50 %           3   34.0839462988079     
 	 100 %           4   66.9150333786383     
 Time :   67.0459561315365     
 WOCIVL455M0001NH220/N_atom200E+10_Vexp600E+02_Vemit300E+03_tauD000E+00_Vran118E
 +01                  
 Start
           0
 set_grid_done
 set_clumps_done
 Done
 TIME :    1.33802478900179       sec
          50 %           1   34.3523289775476     
 	 100 %           1   67.4047779028770     
 Time :   67.5352158190217     
 WOCIVL455M0001NH220/N_atom200E+10_Vexp700E+02_Vemit300E+03_tauD000E+00_Vran118E
 +01                  
 Start
           0
 set_grid_done
 set_clumps_done
 Done
 TIME :    1.33632813021541       sec
          50 %           2   34.5225715294946     
 	 100 %           1   67.6238610390574     
 Time :   67.7552101784386     
 WOCIVL455M0001NH220/N_atom200E+10_Vexp800E+02_Vemit300E+03_tauD000E+00_Vran118E
 +01                  
 Start
           0
 set_grid_done
 set_clumps_done
 Done
 TIME :    1.33843954326585       sec
          50 %           3   34.7012361488305     
 	 100 %           1   67.9435779177584     
 Time :   68.0762995025143     
 WOCIVL455M0001NH220/N_atom200E+10_Vexp900E+02_Vemit300E+03_tauD000E+00_Vran118E
 +01                  
 Start
           0
 set_grid_done
 set_clumps_done
 Done
 TIME :    1.33619090076536       sec
          50 %           4   34.7558390502818     
 	 100 %           2   68.1658671973273     
 Time :   68.2951047932729     
 WOCIVL455M0001NH220/N_atom200E+10_Vexp100E+03_Vemit300E+03_tauD000E+00_Vran118E
 +01                  
 Start
           0
 set_grid_done
 set_clumps_done
 Done
 TIME :    1.34154595783912       sec
          50 %           2   34.7615723628551     
 	 100 %           2   68.2538746113423     
 Time :   68.3865294598509     
 WOCIVL455M0001NH220/N_atom200E+10_Vexp200E+03_Vemit300E+03_tauD000E+00_Vran118E
 +01                  
 Start
           0
 set_grid_done
 set_clumps_done
 Done
 TIME :    1.33788845106028       sec
          50 %           4   35.5495383851230     
 	 100 %           3   69.8627348875161     
 Time :   69.9939771846402     
 WOCIVL455M0001NH220/N_atom200E+10_Vexp300E+03_Vemit300E+03_tauD000E+00_Vran118E
 +01                  
 Start
           0
 set_grid_done
 set_clumps_done
 Done
 TIME :    1.33604208938777       sec
          50 %           4   35.7900830982253     
 	 100 %           4   70.2557636790443     
 Time :   70.3878983338363     
 WOCIVL455M0001NH220/N_atom200E+10_Vexp500E+01_Vemit300E+03_tauD000E+00_Vran118E
 +01                  
 Start
           0
 set_grid_done
 set_clumps_done
 Done
 TIME :    1.33764487039298       sec
          50 %           3   33.5762311196886     
 	 100 %           3   65.7349446886219     
 Time :   65.8676814120263     
 WOCIVL455M0001NH220/N_atom200E+10_Vexp100E+02_Vemit300E+03_tauD000E+00_Vran300E
 +01                  
 Start
           0
 set_grid_done
 set_clumps_done
 Done
 TIME :    1.33386519248597       sec
          50 %           1   34.2661509728059     
 	 100 %           2   67.0761209172197     
 Time :   67.2102501541376     
 WOCIVL455M0001NH220/N_atom200E+10_Vexp200E+02_Vemit300E+03_tauD000E+00_Vran300E
 +01                  
 Start
           0
 set_grid_done
 set_clumps_done
 Done
 TIME :    1.33883079304360       sec
          50 %           2   34.0794177746866     
 	 100 %           2   66.8107634095941     
 Time :   66.9391949514393     
 WOCIVL455M0001NH220/N_atom200E+10_Vexp300E+02_Vemit300E+03_tauD000E+00_Vran300E
 +01                  
 Start
           0
 set_grid_done
 set_clumps_done
 Done
 TIME :    1.33672119351104       sec
          50 %           2   34.0715447757393     
 	 100 %           1   66.8388833182398     
 Time :   66.9705827599391     
 WOCIVL455M0001NH220/N_atom200E+10_Vexp400E+02_Vemit300E+03_tauD000E+00_Vran300E
 +01                  
 Start
           0
 set_grid_done
 set_clumps_done
 Done
 TIME :    1.33699206588790       sec
          50 %           2   34.2234440483153     
 	 100 %           1   67.1569863851182     
 Time :   67.2882551122457     
 WOCIVL455M0001NH220/N_atom200E+10_Vexp500E+02_Vemit300E+03_tauD000E+00_Vran300E
 +01                  
 Start
           0
 set_grid_done
 set_clumps_done
 Done
 TIME :    1.33458261936903       sec
          50 %           3   34.4275312051177     
 	 100 %           2   67.4224974529352     
 Time :   67.5523763918318     
 WOCIVL455M0001NH220/N_atom200E+10_Vexp600E+02_Vemit300E+03_tauD000E+00_Vran300E
 +01                  
 Start
           0
 set_grid_done
 set_clumps_done
 Done
 TIME :    1.33193046366796       sec
          50 %           2   34.5472434174735     
 	 100 %           2   67.6571281219367     
 Time :   67.7879893884528     
 WOCIVL455M0001NH220/N_atom200E+10_Vexp700E+02_Vemit300E+03_tauD000E+00_Vran300E
 +01                  
 Start
           0
 set_grid_done
 set_clumps_done
 Done
 TIME :    1.33556820312515       sec
          50 %           3   34.7315801135264     
 	 100 %           3   68.1304440272506     
 Time :   68.2613795844372     
 WOCIVL455M0001NH220/N_atom200E+10_Vexp800E+02_Vemit300E+03_tauD000E+00_Vran300E
 +01                  
 Start
           0
 set_grid_done
 set_clumps_done
 Done
 TIME :    1.33440096559934       sec
          50 %           1   34.7363090564031     
 	 100 %           1   68.2077490917873     
 Time :   68.3400527660269     
 WOCIVL455M0001NH220/N_atom200E+10_Vexp900E+02_Vemit300E+03_tauD000E+00_Vran300E
 +01                  
 Start
           0
 set_grid_done
 set_clumps_done
 Done
 TIME :    1.33454354526475       sec
          50 %           2   34.8947339798324     
 	 100 %           3   68.5100156893022     
 Time :   68.6404774405528     
 WOCIVL455M0001NH220/N_atom200E+10_Vexp100E+03_Vemit300E+03_tauD000E+00_Vran300E
 +01                  
 Start
           0
 set_grid_done
 set_clumps_done
 Done
 TIME :    1.33333712373860       sec
          50 %           4   35.0206540920772     
 	 100 %           4   68.5671043819748     
 Time :   68.6970119851176     
 WOCIVL455M0001NH220/N_atom200E+10_Vexp200E+03_Vemit300E+03_tauD000E+00_Vran300E
 +01                  
 Start
           0
 set_grid_done
 set_clumps_done
 Done
 TIME :    1.33718221541494       sec
          50 %           4   35.5633088669274     
 	 100 %           1   69.7135584542993     
 Time :   69.8466853054706     
 WOCIVL455M0001NH220/N_atom200E+10_Vexp300E+03_Vemit300E+03_tauD000E+00_Vran300E
 +01                  
 Start
           0
 set_grid_done
 set_clumps_done
 Done
 TIME :    1.33643866935745       sec
          50 %           2   35.8350672093220     
 	 100 %           4   70.2944758089725     
 Time :   70.4252588876989     
 WOCIVL455M0001NH220/N_atom200E+10_Vexp500E+01_Vemit300E+03_tauD000E+00_Vran300E
 +01                  
 Start
           0
 set_grid_done
 set_clumps_done
 Done
 TIME :    1.33529332326725       sec
          50 %           1   34.7182559054345     
 	 100 %           1   68.0799310100265     
 Time :   68.2119121146388     
 WOCIVL455M0001NH220/N_atom200E+10_Vexp100E+02_Vemit300E+03_tauD000E+00_Vran500E
 +01                  
 Start
           0
 set_grid_done
 set_clumps_done
 Done
 TIME :    1.33515363908373       sec
          50 %           2   34.9360287839081     
 	 100 %           2   68.6230126421433     
 Time :   68.7540950269904     
 WOCIVL455M0001NH220/N_atom200E+10_Vexp200E+02_Vemit300E+03_tauD000E+00_Vran500E
 +01                  
 Start
           0
 set_grid_done
 set_clumps_done
 Done
 TIME :    1.33888303185813       sec
          50 %           1   34.5459977716673     
 	 100 %           4   67.7038001350593     
 Time :   67.8350953522604     
 WOCIVL455M0001NH220/N_atom200E+10_Vexp300E+02_Vemit300E+03_tauD000E+00_Vran500E
 +01                  
 Start
           0
 set_grid_done
 set_clumps_done
 Done
 TIME :    1.33791569247842       sec
          50 %           4   34.6676108587999     
 	 100 %           4   67.9168454529718     
 Time :   68.0496234241873     
 WOCIVL455M0001NH220/N_atom200E+10_Vexp400E+02_Vemit300E+03_tauD000E+00_Vran500E
 +01                  
 Start
           0
 set_grid_done
 set_clumps_done
 Done
 TIME :    1.33993197558448       sec
          50 %           1   34.8657267831732     
 	 100 %           4   68.2987971559633     
 Time :   68.4290588588919     
 WOCIVL455M0001NH220/N_atom200E+10_Vexp500E+02_Vemit300E+03_tauD000E+00_Vran500E
 +01                  
 Start
           0
 set_grid_done
 set_clumps_done
 Done
 TIME :    1.33555820421316       sec
          50 %           2   34.9939206254203     
 	 100 %           2   68.6545247659087     
 Time :   68.7860432055313     
 WOCIVL455M0001NH220/N_atom200E+10_Vexp600E+02_Vemit300E+03_tauD000E+00_Vran500E
 +01                  
 Start
           0
 set_grid_done
 set_clumps_done
 Done
 TIME :    1.33736123400740       sec
          50 %           2   34.8295292186085     
 	 100 %           3   68.2806743534748     
 Time :   68.4142391528003     
 WOCIVL455M0001NH220/N_atom200E+10_Vexp700E+02_Vemit300E+03_tauD000E+00_Vran500E
 +01                  
 Start
           0
 set_grid_done
 set_clumps_done
 Done
 TIME :    1.33451149472967       sec
          50 %           3   34.7785516530275     
 	 100 %           3   68.3120648772456     
 Time :   68.4415761907585     
 WOCIVL455M0001NH220/N_atom200E+10_Vexp800E+02_Vemit300E+03_tauD000E+00_Vran500E
 +01                  
 Start
           0
 set_grid_done
 set_clumps_done
 Done
 TIME :    1.33647852484137       sec
          50 %           1   35.0314510506578     
 	 100 %           2   68.6484411710408     
 Time :   68.7839572806843     
 WOCIVL455M0001NH220/N_atom200E+10_Vexp900E+02_Vemit300E+03_tauD000E+00_Vran500E
 +01                  
 Start
           0
 set_grid_done
 set_clumps_done
 Done
 TIME :    1.33480972889811       sec
          50 %           1   35.1091251331381     
 	 100 %           4   68.8390926793218     
 Time :   68.9706316075753     
 WOCIVL455M0001NH220/N_atom200E+10_Vexp100E+03_Vemit300E+03_tauD000E+00_Vran500E
 +01                  
 Start
           0
 set_grid_done
 set_clumps_done
 Done
 TIME :    1.33611832349561       sec
          50 %           2   35.0047894900199     
 	 100 %           2   68.7181220171042     
 Time :   68.8496229634620     
 WOCIVL455M0001NH220/N_atom200E+10_Vexp200E+03_Vemit300E+03_tauD000E+00_Vran500E
 +01                  
 Start
           0
 set_grid_done
 set_clumps_done
 Done
 TIME :    1.33567953365855       sec
          50 %           4   35.4864478220697     
 	 100 %           2   69.7184549442027     
 Time :   69.8498874811921     
 WOCIVL455M0001NH220/N_atom200E+10_Vexp300E+03_Vemit300E+03_tauD000E+00_Vran500E
 +01                  
 Start
           0
 set_grid_done
 set_clumps_done
 Done
 TIME :    1.33432524232194       sec
          50 %           2   35.6844441802241     
 	 100 %           4   69.9589644207153     
 Time :   70.0989255663007     
 WOCIVL455M0001NH220/N_atom200E+10_Vexp500E+01_Vemit300E+03_tauD000E+00_Vran500E
 +01                  
 Start
           0
 set_grid_done
 set_clumps_done
 Done
 TIME :    1.33551332936622       sec
          50 %           4   36.1066331979819     
 	 100 %           1   70.7767738008406     
 Time :   70.9108015156817     
