nohup: ignoring input
 WOCIVL455M1NH220/N_atom200E+10_Vexp100E+02_Vemit500E+01_tauD000E+00_Vran118E+01
                      
 Start
           0
 set_grid_done
 set_clumps_done
 Done
 TIME :    1.39744765474461       sec
          50 %           1   69.1640980537049     
 	 100 %           4   136.679385087918     
 Time :   136.793806842295     
 WOCIVL455M1NH220/N_atom200E+10_Vexp200E+02_Vemit500E+01_tauD000E+00_Vran118E+01
                      
 Start
           0
 set_grid_done
 set_clumps_done
 Done
 TIME :    1.40332744317129       sec
          50 %           1   52.9482733923942     
 	 100 %           1   104.499764817534     
 Time :   104.615622705081     
 WOCIVL455M1NH220/N_atom200E+10_Vexp300E+02_Vemit500E+01_tauD000E+00_Vran118E+01
                      
 Start
           0
 set_grid_done
 set_clumps_done
 Done
 TIME :    1.41272003832273       sec
          50 %           2   48.4106210938189     
 	 100 %           1   95.7565641265828     
 Time :   95.8736026247498     
 WOCIVL455M1NH220/N_atom200E+10_Vexp400E+02_Vemit500E+01_tauD000E+00_Vran118E+01
                      
 Start
           0
 set_grid_done
 set_clumps_done
 Done
 TIME :    1.40583582222462       sec
          50 %           4   49.9514368202072     
 	 100 %           3   100.690058770590     
 Time :   100.822285834001     
 WOCIVL455M1NH220/N_atom200E+10_Vexp500E+02_Vemit500E+01_tauD000E+00_Vran118E+01
                      
 Start
           0
 set_grid_done
 set_clumps_done
 Done
 TIME :    1.72095608129166       sec
          50 %           4   65.0856600278057     
 	 100 %           2   129.059127446730     
 Time :   129.190571881365     
 WOCIVL455M1NH220/N_atom200E+10_Vexp600E+02_Vemit500E+01_tauD000E+00_Vran118E+01
                      
 Start
           0
 set_grid_done
 set_clumps_done
 Done
 TIME :    2.50356779084541       sec
          50 %           1   67.5212083712686     
 	 100 %           3   127.570674938615     
 Time :   127.709159494145     
 WOCIVL455M1NH220/N_atom200E+10_Vexp700E+02_Vemit500E+01_tauD000E+00_Vran118E+01
                      
 Start
           0
 set_grid_done
 set_clumps_done
 Done
 TIME :    2.53703125286847       sec
          50 %           3   62.6655626855791     
 	 100 %           1   126.878098570742     
 Time :   127.035466181580     
 WOCIVL455M1NH220/N_atom200E+10_Vexp800E+02_Vemit500E+01_tauD000E+00_Vran118E+01
                      
 Start
           0
 set_grid_done
 set_clumps_done
 Done
 TIME :    2.53250029264018       sec
          50 %           2   62.8823031582870     
 	 100 %           2   120.317264843732     
 Time :   120.473681237549     
 WOCIVL455M1NH220/N_atom200E+10_Vexp900E+02_Vemit500E+01_tauD000E+00_Vran118E+01
                      
 Start
           0
 set_grid_done
 set_clumps_done
 Done
 TIME :    2.53653450426646       sec
          50 %           4   68.4232168844901     
 	 100 %           3   124.988389538368     
 Time :   125.136976520298     
 WOCIVL455M1NH220/N_atom200E+10_Vexp100E+03_Vemit500E+01_tauD000E+00_Vran118E+01
                      
 Start
           0
 set_grid_done
 set_clumps_done
 Done
 TIME :    2.53246956435032       sec
          50 %           1   62.8534270832315     
 	 100 %           4   120.864642100409     
 Time :   121.023038935848     
 WOCIVL455M1NH220/N_atom200E+10_Vexp200E+03_Vemit500E+01_tauD000E+00_Vran118E+01
                      
 Start
           0
 set_grid_done
 set_clumps_done
 Done
 TIME :    2.52718600234948       sec
          50 %           4   55.2654875898734     
 	 100 %           4   116.620558995521     
 Time :   116.777448973851     
 WOCIVL455M1NH220/N_atom200E+10_Vexp300E+03_Vemit500E+01_tauD000E+00_Vran118E+01
                      
 Start
           0
 set_grid_done
 set_clumps_done
 Done
 TIME :    2.53006544243544       sec
          50 %           3   59.7941264393739     
 	 100 %           2   117.355056413915     
 Time :   117.515926050954     
 WOCIVL455M1NH220/N_atom200E+10_Vexp500E+01_Vemit500E+01_tauD000E+00_Vran118E+01
                      
 Start
           0
 set_grid_done
 set_clumps_done
 Done
 TIME :    2.05940286070108       sec
          50 %           3   115.643653621199     
 	 100 %           1   238.240981644019     
 Time :   238.375670869136     
 WOCIVL455M1NH220/N_atom200E+10_Vexp100E+02_Vemit500E+01_tauD000E+00_Vran300E+01
                      
 Start
           0
 set_grid_done
 set_clumps_done
 Done
 TIME :    1.46710425522178       sec
          50 %           2   108.127639444778     
 	 100 %           2   214.178207227495     
 Time :   214.314320382662     
 WOCIVL455M1NH220/N_atom200E+10_Vexp200E+02_Vemit500E+01_tauD000E+00_Vran300E+01
                      
 Start
           0
 set_grid_done
 set_clumps_done
 Done
 TIME :    2.53447216795757       sec
          50 %           1   78.0644361304585     
 	 100 %           2   151.433939165669     
 Time :   151.589971774491     
 WOCIVL455M1NH220/N_atom200E+10_Vexp300E+02_Vemit500E+01_tauD000E+00_Vran300E+01
                      
 Start
           0
 set_grid_done
 set_clumps_done
 Done
 TIME :    2.54039446683601       sec
          50 %           4   65.2376982902642     
 	 100 %           4   127.068845293950     
 Time :   127.207379002357     
 WOCIVL455M1NH220/N_atom200E+10_Vexp400E+02_Vemit500E+01_tauD000E+00_Vran300E+01
                      
 Start
           0
 set_grid_done
 set_clumps_done
 Done
 TIME :    1.49192859511822       sec
          50 %           2   66.1845594623592     
 	 100 %           3   132.818173723063     
 Time :   132.979118922958     
 WOCIVL455M1NH220/N_atom200E+10_Vexp500E+02_Vemit500E+01_tauD000E+00_Vran300E+01
                      
 Start
           0
 set_grid_done
 set_clumps_done
 Done
 TIME :    2.55076353671029       sec
          50 %           3   79.7055657675955     
 	 100 %           1   150.020966820419     
 Time :   150.175173028605     
 WOCIVL455M1NH220/N_atom200E+10_Vexp600E+02_Vemit500E+01_tauD000E+00_Vran300E+01
                      
 Start
           0
 set_grid_done
 set_clumps_done
 Done
 TIME :    2.48477669944987       sec
          50 %           2   68.5191455804743     
 	 100 %           2   138.480959008681     
 Time :   138.626690806355     
 WOCIVL455M1NH220/N_atom200E+10_Vexp700E+02_Vemit500E+01_tauD000E+00_Vran300E+01
                      
 Start
           0
 set_grid_done
 set_clumps_done
 Done
 TIME :    2.46556128631346       sec
          50 %           1   73.2971895751543     
 	 100 %           2   140.424013875891     
 Time :   140.579842088511     
 WOCIVL455M1NH220/N_atom200E+10_Vexp800E+02_Vemit500E+01_tauD000E+00_Vran300E+01
                      
 Start
           0
 set_grid_done
 set_clumps_done
 Done
 TIME :    2.54569767601788       sec
          50 %           4   61.2072189215105     
 	 100 %           1   118.573654692620     
 Time :   118.734378564404     
 WOCIVL455M1NH220/N_atom200E+10_Vexp900E+02_Vemit500E+01_tauD000E+00_Vran300E+01
                      
 Start
           0
 set_grid_done
 set_clumps_done
 Done
 TIME :    2.54925986612216       sec
          50 %           2   65.2521763532422     
 	 100 %           2   125.102924376493     
 Time :   125.254453046015     
 WOCIVL455M1NH220/N_atom200E+10_Vexp100E+03_Vemit500E+01_tauD000E+00_Vran300E+01
                      
 Start
           0
 set_grid_done
 set_clumps_done
 Done
 TIME :    2.54902974120341       sec
          50 %           2   106.312613920076     
 	 100 %           1   165.204872512026     
 Time :   165.361543907551     
 WOCIVL455M1NH220/N_atom200E+10_Vexp200E+03_Vemit500E+01_tauD000E+00_Vran300E+01
                      
 Start
           0
 set_grid_done
 set_clumps_done
 Done
 TIME :    2.17346329265274       sec
          50 %           2   54.1772652273066     
 	 100 %           2   109.436582459603     
 Time :   109.591669301502     
 WOCIVL455M1NH220/N_atom200E+10_Vexp300E+03_Vemit500E+01_tauD000E+00_Vran300E+01
                      
 Start
           0
 set_grid_done
 set_clumps_done
 Done
 TIME :    2.54474490601569       sec
          50 %           3   55.0921924675349     
 	 100 %           4   114.506731852191     
 Time :   114.651743900031     
 WOCIVL455M1NH220/N_atom200E+10_Vexp500E+01_Vemit500E+01_tauD000E+00_Vran300E+01
                      
 Start
           0
 set_grid_done
 set_clumps_done
 Done
 TIME :    2.28170716506429       sec
          50 %           4   152.664466521703     
 	 100 %           1   312.652063940186     
 Time :   312.808384843636     
 WOCIVL455M1NH220/N_atom200E+10_Vexp100E+02_Vemit500E+01_tauD000E+00_Vran500E+01
                      
 Start
           0
 set_grid_done
 set_clumps_done
 Done
 TIME :    2.54389903787524       sec
          50 %           1   127.331371658714     
 	 100 %           3   231.340024810750     
 Time :   231.477136212168     
 WOCIVL455M1NH220/N_atom200E+10_Vexp200E+02_Vemit500E+01_tauD000E+00_Vran500E+01
                      
 Start
           0
 set_grid_done
 set_clumps_done
 Done
 TIME :    2.49570153956302       sec
          50 %           3   85.1660060875583     
 	 100 %           4   174.614512150176     
 Time :   174.762309580343     
 WOCIVL455M1NH220/N_atom200E+10_Vexp300E+02_Vemit500E+01_tauD000E+00_Vran500E+01
                      
 Start
           0
 set_grid_done
 set_clumps_done
 Done
 TIME :    1.47717688512057       sec
          50 %           4   81.8746337762568     
 	 100 %           4   155.671104190638     
 Time :   155.821534174494     
 WOCIVL455M1NH220/N_atom200E+10_Vexp400E+02_Vemit500E+01_tauD000E+00_Vran500E+01
                      
 Start
           0
 set_grid_done
 set_clumps_done
 Done
 TIME :    2.52169683179818       sec
          50 %           3   84.9642757833935     
 	 100 %           3   166.183612221852     
 Time :   166.339919509366     
 WOCIVL455M1NH220/N_atom200E+10_Vexp500E+02_Vemit500E+01_tauD000E+00_Vran500E+01
                      
 Start
           0
 set_grid_done
 set_clumps_done
 Done
 TIME :    2.54027390899137       sec
          50 %           4   76.3723163187969     
 	 100 %           2   146.530599412508     
 Time :   146.683638295392     
 WOCIVL455M1NH220/N_atom200E+10_Vexp600E+02_Vemit500E+01_tauD000E+00_Vran500E+01
                      
 Start
           0
 set_grid_done
 set_clumps_done
 Done
 TIME :    2.54239818244241       sec
          50 %           3   71.1645165267400     
 	 100 %           1   140.515874926932     
 Time :   140.669528000057     
 WOCIVL455M1NH220/N_atom200E+10_Vexp700E+02_Vemit500E+01_tauD000E+00_Vran500E+01
                      
 Start
           0
 set_grid_done
 set_clumps_done
 Done
 TIME :    2.55704911192879       sec
          50 %           2   71.5490498864092     
 	 100 %           4   138.357385704527     
 Time :   138.507650225656     
 WOCIVL455M1NH220/N_atom200E+10_Vexp800E+02_Vemit500E+01_tauD000E+00_Vran500E+01
                      
 Start
           0
 set_grid_done
 set_clumps_done
 Done
 TIME :    2.54228304489516       sec
          50 %           1   77.9332281122915     
 	 100 %           3   144.148645884590     
 Time :   144.289366935613     
 WOCIVL455M1NH220/N_atom200E+10_Vexp900E+02_Vemit500E+01_tauD000E+00_Vran500E+01
                      
 Start
           0
 set_grid_done
 set_clumps_done
 Done
 TIME :    1.46167907537892       sec
          50 %           2   61.9508081267122     
 	 100 %           4   126.811593223596     
 Time :   126.953698249301     
 WOCIVL455M1NH220/N_atom200E+10_Vexp100E+03_Vemit500E+01_tauD000E+00_Vran500E+01
                      
 Start
           0
 set_grid_done
 set_clumps_done
 Done
 TIME :    2.50864675664343       sec
          50 %           4   72.9092053656932     
 	 100 %           1   139.891368441517     
 Time :   140.035290790722     
 WOCIVL455M1NH220/N_atom200E+10_Vexp200E+03_Vemit500E+01_tauD000E+00_Vran500E+01
                      
 Start
           0
 set_grid_done
 set_clumps_done
 Done
 TIME :    2.51553034153767       sec
          50 %           2   62.1086803108919     
 	 100 %           2   120.390309936134     
 Time :   120.545867437264     
 WOCIVL455M1NH220/N_atom200E+10_Vexp300E+03_Vemit500E+01_tauD000E+00_Vran500E+01
                      
 Start
           0
 set_grid_done
 set_clumps_done
 Done
 TIME :    2.55127930128947       sec
          50 %           4   53.5209647542797     
 	 100 %           4   101.542435786221     
 Time :   101.685282072285     
 WOCIVL455M1NH220/N_atom200E+10_Vexp500E+01_Vemit500E+01_tauD000E+00_Vran500E+01
                      
 Start
           0
 set_grid_done
 set_clumps_done
 Done
 TIME :    1.56866339826956       sec
          50 %           1   189.557649062946     
 	 100 %           1   357.007044628961     
 Time :   357.135667733615     
 WOCIVL455M1NH220/N_atom200E+10_Vexp100E+02_Vemit100E+02_tauD000E+00_Vran118E+01
                      
 Start
           0
 set_grid_done
 set_clumps_done
 Done
 TIME :    2.49391734879464       sec
          50 %           2   85.1384161827154     
 	 100 %           3   159.882870400324     
 Time :   160.027613149257     
 WOCIVL455M1NH220/N_atom200E+10_Vexp200E+02_Vemit100E+02_tauD000E+00_Vran118E+01
                      
 Start
           0
 set_grid_done
 set_clumps_done
 Done
 TIME :    1.46838074689731       sec
          50 %           1   58.1800393932499     
 	 100 %           2   121.250639355974     
 Time :   121.410671390826     
 WOCIVL455M1NH220/N_atom200E+10_Vexp300E+02_Vemit100E+02_tauD000E+00_Vran118E+01
                      
 Start
           0
 set_grid_done
 set_clumps_done
 Done
 TIME :    2.54265492735431       sec
          50 %           3   65.9582475665957     
 	 100 %           3   181.413508862723     
 Time :   181.580930067692     
 WOCIVL455M1NH220/N_atom200E+10_Vexp400E+02_Vemit100E+02_tauD000E+00_Vran118E+01
                      
 Start
           0
 set_grid_done
 set_clumps_done
 Done
 TIME :    2.52437163516879       sec
          50 %           2   69.5637970755342     
 	 100 %           3   137.954169808188     
 Time :   138.108372459654     
 WOCIVL455M1NH220/N_atom200E+10_Vexp500E+02_Vemit100E+02_tauD000E+00_Vran118E+01
                      
 Start
           0
 set_grid_done
 set_clumps_done
 Done
 TIME :    2.55035816109739       sec
          50 %           2   65.8674480814952     
 	 100 %           3   129.524709539721     
 Time :   129.662026830018     
 WOCIVL455M1NH220/N_atom200E+10_Vexp600E+02_Vemit100E+02_tauD000E+00_Vran118E+01
                      
 Start
           0
 set_grid_done
 set_clumps_done
 Done
 TIME :    2.54516047099605       sec
          50 %           2   64.4183330526575     
 	 100 %           1   128.882759248139     
 Time :   129.038763653720     
 WOCIVL455M1NH220/N_atom200E+10_Vexp700E+02_Vemit100E+02_tauD000E+00_Vran118E+01
                      
 Start
           0
 set_grid_done
 set_clumps_done
 Done
 TIME :    2.55367751233280       sec
          50 %           2   69.7596856933087     
 	 100 %           1   133.759398015914     
 Time :   133.908512093592     
 WOCIVL455M1NH220/N_atom200E+10_Vexp800E+02_Vemit100E+02_tauD000E+00_Vran118E+01
                      
 Start
           0
 set_grid_done
 set_clumps_done
 Done
 TIME :    2.54474984528497       sec
          50 %           2   71.8048138751183     
 	 100 %           2   140.144472114276     
 Time :   140.294459231431     
 WOCIVL455M1NH220/N_atom200E+10_Vexp900E+02_Vemit100E+02_tauD000E+00_Vran118E+01
                      
 Start
           0
 set_grid_done
 set_clumps_done
 Done
 TIME :    1.48973425943404       sec
          50 %           3   67.2107238401659     
 	 100 %           3   132.393165284768     
 Time :   132.532697309274     
 WOCIVL455M1NH220/N_atom200E+10_Vexp100E+03_Vemit100E+02_tauD000E+00_Vran118E+01
                      
 Start
           0
 set_grid_done
 set_clumps_done
 Done
 TIME :    1.47997269709595       sec
          50 %           4   60.8402005422395     
 	 100 %           3   115.024436509237     
 Time :   115.170754925115     
 WOCIVL455M1NH220/N_atom200E+10_Vexp200E+03_Vemit100E+02_tauD000E+00_Vran118E+01
                      
 Start
           0
 set_grid_done
 set_clumps_done
 Done
 TIME :    1.48407594952732       sec
          50 %           1   60.8926840482745     
 	 100 %           3   115.014591899933     
 Time :   115.154054753948     
 WOCIVL455M1NH220/N_atom200E+10_Vexp300E+03_Vemit100E+02_tauD000E+00_Vran118E+01
                      
 Start
           0
 set_grid_done
 set_clumps_done
 Done
 TIME :    1.48778372444212       sec
          50 %           1   49.8016509234440     
 	 100 %           4   102.173068425385     
 Time :   102.328301102854     
 WOCIVL455M1NH220/N_atom200E+10_Vexp500E+01_Vemit100E+02_tauD000E+00_Vran118E+01
                      
 Start
           0
 set_grid_done
 set_clumps_done
 Done
 TIME :    1.49014130863361       sec
          50 %           2   103.044919182314     
 	 100 %           4   204.680530853570     
 Time :   204.833162096096     
 WOCIVL455M1NH220/N_atom200E+10_Vexp100E+02_Vemit100E+02_tauD000E+00_Vran300E+01
                      
 Start
           0
 set_grid_done
 set_clumps_done
 Done
 TIME :    1.49504953133874       sec
          50 %           1   104.936400733190     
 	 100 %           1   196.968372666510     
 Time :   197.120395669946     
 WOCIVL455M1NH220/N_atom200E+10_Vexp200E+02_Vemit100E+02_tauD000E+00_Vran300E+01
                      
 Start
           0
 set_grid_done
 set_clumps_done
 Done
 TIME :    1.47474401886575       sec
          50 %           1   70.7726350442972     
 	 100 %           3   141.982809591573     
 Time :   142.132411280414     
 WOCIVL455M1NH220/N_atom200E+10_Vexp300E+02_Vemit100E+02_tauD000E+00_Vran300E+01
                      
 Start
           0
 set_grid_done
 set_clumps_done
 Done
 TIME :    1.46954992576502       sec
          50 %           2   72.3657235184219     
 	 100 %           4   141.667774262838     
 Time :   141.823067154037     
 WOCIVL455M1NH220/N_atom200E+10_Vexp400E+02_Vemit100E+02_tauD000E+00_Vran300E+01
                      
 Start
           0
 set_grid_done
 set_clumps_done
 Done
 TIME :    1.47105935728177       sec
          50 %           2   65.0161127636675     
 	 100 %           3   135.425935785985     
 Time :   135.586036880966     
 WOCIVL455M1NH220/N_atom200E+10_Vexp500E+02_Vemit100E+02_tauD000E+00_Vran300E+01
                      
 Start
           0
 set_grid_done
 set_clumps_done
 Done
 TIME :    2.54786202497780       sec
          50 %           1   72.9807053187396     
 	 100 %           3   137.475915724179     
 Time :   137.640902048908     
 WOCIVL455M1NH220/N_atom200E+10_Vexp600E+02_Vemit100E+02_tauD000E+00_Vran300E+01
                      
 Start
           0
 set_grid_done
 set_clumps_done
 Done
 TIME :    2.55876450287178       sec
          50 %           3   62.1428154315799     
 	 100 %           2   134.116488748929     
 Time :   134.279709858587     
 WOCIVL455M1NH220/N_atom200E+10_Vexp700E+02_Vemit100E+02_tauD000E+00_Vran300E+01
                      
 Start
           0
 set_grid_done
 set_clumps_done
 Done
 TIME :    2.54793216753751       sec
          50 %           3   74.7505753221922     
 	 100 %           4   138.457326931180     
 Time :   138.624721345492     
 WOCIVL455M1NH220/N_atom200E+10_Vexp800E+02_Vemit100E+02_tauD000E+00_Vran300E+01
                      
 Start
           0
 set_grid_done
 set_clumps_done
 Done
 TIME :    2.54919343022630       sec
          50 %           4   69.4178058677353     
 	 100 %           3   140.428646668326     
 Time :   140.586825752398     
 WOCIVL455M1NH220/N_atom200E+10_Vexp900E+02_Vemit100E+02_tauD000E+00_Vran300E+01
                      
 Start
           0
 set_grid_done
 set_clumps_done
 Done
 TIME :    2.50384042598307       sec
          50 %           1   63.9627234304789     
 	 100 %           1   121.510045415489     
 Time :   121.650786804967     
 WOCIVL455M1NH220/N_atom200E+10_Vexp100E+03_Vemit100E+02_tauD000E+00_Vran300E+01
                      
 Start
           0
 set_grid_done
 set_clumps_done
 Done
 TIME :    2.27805837150663       sec
          50 %           1   67.8741616073530     
 	 100 %           2   138.280373727670     
 Time :   138.438668790739     
 WOCIVL455M1NH220/N_atom200E+10_Vexp200E+03_Vemit100E+02_tauD000E+00_Vran300E+01
                      
 Start
           0
 set_grid_done
 set_clumps_done
 Done
 TIME :    2.55304045858793       sec
          50 %           4   57.7195799881592     
 	 100 %           2   106.555179824121     
 Time :   106.690178173361     
 WOCIVL455M1NH220/N_atom200E+10_Vexp300E+03_Vemit100E+02_tauD000E+00_Vran300E+01
                      
 Start
           0
 set_grid_done
 set_clumps_done
 Done
 TIME :    2.54601242044009       sec
          50 %           4   55.1275101022329     
 	 100 %           1   155.618890584679     
 Time :   155.778460526373     
 WOCIVL455M1NH220/N_atom200E+10_Vexp500E+01_Vemit100E+02_tauD000E+00_Vran300E+01
                      
 Start
           0
 set_grid_done
 set_clumps_done
 Done
 TIME :    2.53669665055349       sec
          50 %           1   127.112972863019     
 	 100 %           1   257.017804838950     
 Time :   257.161762324395     
 WOCIVL455M1NH220/N_atom200E+10_Vexp100E+02_Vemit100E+02_tauD000E+00_Vran500E+01
                      
 Start
           0
 set_grid_done
 set_clumps_done
 Done
 TIME :    2.51947350124829       sec
          50 %           4   124.498012891505     
 	 100 %           3   229.454798808089     
 Time :   229.612338984851     
 WOCIVL455M1NH220/N_atom200E+10_Vexp200E+02_Vemit100E+02_tauD000E+00_Vran500E+01
                      
 Start
           0
 set_grid_done
 set_clumps_done
 Done
 TIME :    2.54556944384240       sec
          50 %           2   78.6209993720986     
 	 100 %           3   157.664543007268     
 Time :   157.826469731517     
 WOCIVL455M1NH220/N_atom200E+10_Vexp300E+02_Vemit100E+02_tauD000E+00_Vran500E+01
                      
 Start
           0
 set_grid_done
 set_clumps_done
 Done
 TIME :    2.54824873572215       sec
          50 %           1   76.0442707000766     
 	 100 %           4   151.976178535726     
 Time :   152.129272562452     
 WOCIVL455M1NH220/N_atom200E+10_Vexp400E+02_Vemit100E+02_tauD000E+00_Vran500E+01
                      
 Start
           0
 set_grid_done
 set_clumps_done
 Done
 TIME :    2.54055314650759       sec
          50 %           1   81.0056205100846     
 	 100 %           2   157.781663369853     
 Time :   157.930585184367     
 WOCIVL455M1NH220/N_atom200E+10_Vexp500E+02_Vemit100E+02_tauD000E+00_Vran500E+01
                      
 Start
           0
 set_grid_done
 set_clumps_done
 Done
 TIME :    2.54822746547870       sec
          50 %           1   72.9346031390596     
 	 100 %           4   153.715546952793     
 Time :   153.861049287021     
 WOCIVL455M1NH220/N_atom200E+10_Vexp600E+02_Vemit100E+02_tauD000E+00_Vran500E+01
                      
 Start
           0
 set_grid_done
 set_clumps_done
 Done
 TIME :    1.47552826046012       sec
          50 %           4   75.0981940098573     
 	 100 %           3   141.061949752970     
 Time :   141.216263985261     
 WOCIVL455M1NH220/N_atom200E+10_Vexp700E+02_Vemit100E+02_tauD000E+00_Vran500E+01
                      
 Start
           0
 set_grid_done
 set_clumps_done
 Done
 TIME :    1.47629037010483       sec
          50 %           4   65.3005658041220     
 	 100 %           4   181.772271684837     
 Time :   181.924676259048     
 WOCIVL455M1NH220/N_atom200E+10_Vexp800E+02_Vemit100E+02_tauD000E+00_Vran500E+01
                      
 Start
           0
 set_grid_done
 set_clumps_done
 Done
 TIME :    2.55010561365634       sec
          50 %           1   70.0085670587141     
 	 100 %           1   130.850198183907     
 Time :   130.997937333770     
 WOCIVL455M1NH220/N_atom200E+10_Vexp900E+02_Vemit100E+02_tauD000E+00_Vran500E+01
                      
 Start
           0
 set_grid_done
 set_clumps_done
 Done
 TIME :    2.47583032748662       sec
          50 %           2   61.5077734820079     
 	 100 %           2   125.310652592452     
 Time :   125.452993864426     
 WOCIVL455M1NH220/N_atom200E+10_Vexp100E+03_Vemit100E+02_tauD000E+00_Vran500E+01
                      
 Start
           0
 set_grid_done
 set_clumps_done
 Done
 TIME :    2.48596606659703       sec
          50 %           3   68.1137116537429     
 	 100 %           2   136.072299024789     
 Time :   136.233720123768     
 WOCIVL455M1NH220/N_atom200E+10_Vexp200E+03_Vemit100E+02_tauD000E+00_Vran500E+01
                      
 Start
           0
 set_grid_done
 set_clumps_done
 Done
 TIME :    1.76470131822862       sec
          50 %           2   59.2653598031029     
 	 100 %           3   168.096686176723     
 Time :   168.251596144401     
 WOCIVL455M1NH220/N_atom200E+10_Vexp300E+03_Vemit100E+02_tauD000E+00_Vran500E+01
                      
 Start
           0
 set_grid_done
 set_clumps_done
 Done
 TIME :    2.53291663900018       sec
          50 %           3   55.3795153598767     
 	 100 %           4   105.079744088463     
 Time :   105.243316672277     
 WOCIVL455M1NH220/N_atom200E+10_Vexp500E+01_Vemit100E+02_tauD000E+00_Vran500E+01
                      
 Start
           0
 set_grid_done
 set_clumps_done
 Done
 TIME :    2.54084166162647       sec
          50 %           2   161.621337875491     
 	 100 %           3   324.241970584961     
 Time :   324.399982542964     
 WOCIVL455M1NH220/N_atom200E+10_Vexp100E+02_Vemit200E+02_tauD000E+00_Vran118E+01
                      
 Start
           0
 set_grid_done
 set_clumps_done
 Done
 TIME :    2.54157250234857       sec
          50 %           4   68.3452961407602     
 	 100 %           3   132.359978886554     
 Time :   132.493887827499     
 WOCIVL455M1NH220/N_atom200E+10_Vexp200E+02_Vemit200E+02_tauD000E+00_Vran118E+01
                      
 Start
           0
 set_grid_done
 set_clumps_done
 Done
 TIME :    2.43690372421406       sec
          50 %           2   60.5716779790819     
 	 100 %           1   122.032196132466     
 Time :   122.187216278398     
 WOCIVL455M1NH220/N_atom200E+10_Vexp300E+02_Vemit200E+02_tauD000E+00_Vran118E+01
                      
 Start
           0
 set_grid_done
 set_clumps_done
 Done
 TIME :    2.54486473230645       sec
          50 %           4   64.4650689298287     
 	 100 %           2   177.144260203000     
 Time :   177.289006909588     
 WOCIVL455M1NH220/N_atom200E+10_Vexp400E+02_Vemit200E+02_tauD000E+00_Vran118E+01
                      
 Start
           0
 set_grid_done
 set_clumps_done
 Done
 TIME :    1.45100548001938       sec
          50 %           3   66.3647348033264     
 	 100 %           3   132.395007515326     
 Time :   132.552874319255     
 WOCIVL455M1NH220/N_atom200E+10_Vexp500E+02_Vemit200E+02_tauD000E+00_Vran118E+01
                      
 Start
           0
 set_grid_done
 set_clumps_done
 Done
 TIME :    2.52476451755501       sec
          50 %           1   71.3691765759140     
 	 100 %           2   132.013029272901     
 Time :   132.158451886382     
 WOCIVL455M1NH220/N_atom200E+10_Vexp600E+02_Vemit200E+02_tauD000E+00_Vran118E+01
                      
 Start
           0
 set_grid_done
 set_clumps_done
 Done
 TIME :    2.52204050100408       sec
          50 %           4   53.9473341938574     
 	 100 %           1   106.249943828909     
 Time :   106.383446392138     
 WOCIVL455M1NH220/N_atom200E+10_Vexp700E+02_Vemit200E+02_tauD000E+00_Vran118E+01
                      
 Start
           0
 set_grid_done
 set_clumps_done
 Done
 TIME :    1.45858006062917       sec
          50 %           4   54.8222706606612     
 	 100 %           2   109.374904793454     
 Time :   109.525423715357     
 WOCIVL455M1NH220/N_atom200E+10_Vexp800E+02_Vemit200E+02_tauD000E+00_Vran118E+01
                      
 Start
           0
 set_grid_done
 set_clumps_done
 Done
 TIME :    1.45489541930147       sec
          50 %           3   52.7741110916249     
 	 100 %           2   106.837919096695     
 Time :   106.989801023621     
 WOCIVL455M1NH220/N_atom200E+10_Vexp900E+02_Vemit200E+02_tauD000E+00_Vran118E+01
                      
 Start
           0
 set_grid_done
 set_clumps_done
 Done
 TIME :    2.52145304111764       sec
          50 %           4   59.9191472481471     
 	 100 %           3   114.772835054435     
 Time :   114.933228682261     
 WOCIVL455M1NH220/N_atom200E+10_Vexp100E+03_Vemit200E+02_tauD000E+00_Vran118E+01
                      
 Start
           0
 set_grid_done
 set_clumps_done
 Done
 TIME :    2.52607945166528       sec
          50 %           4   51.6875997814350     
 	 100 %           2   101.520083306124     
 Time :   101.670289066387     
 WOCIVL455M1NH220/N_atom200E+10_Vexp200E+03_Vemit200E+02_tauD000E+00_Vran118E+01
                      
 Start
           0
 set_grid_done
 set_clumps_done
 Done
 TIME :    2.28167256969027       sec
          50 %           2   46.1100061167963     
 	 100 %           4   89.9162696173880     
 Time :   90.0633703211788     
 WOCIVL455M1NH220/N_atom200E+10_Vexp300E+03_Vemit200E+02_tauD000E+00_Vran118E+01
                      
 Start
           0
 set_grid_done
 set_clumps_done
 Done
 TIME :    2.14412202872336       sec
          50 %           4   47.2191950408742     
 	 100 %           2   91.1491909462493     
 Time :   91.2906721131876     
 WOCIVL455M1NH220/N_atom200E+10_Vexp500E+01_Vemit200E+02_tauD000E+00_Vran118E+01
                      
 Start
           0
 set_grid_done
 set_clumps_done
 Done
 TIME :    1.46102950815111       sec
          50 %           1   62.9859679294750     
 	 100 %           3   122.267876598053     
 Time :   122.399232455529     
 WOCIVL455M1NH220/N_atom200E+10_Vexp100E+02_Vemit200E+02_tauD000E+00_Vran300E+01
                      
 Start
           0
 set_grid_done
 set_clumps_done
 Done
 TIME :    1.46321437601000       sec
          50 %           2   62.7499932281207     
 	 100 %           2   124.448988871416     
 Time :   124.580100737978     
 WOCIVL455M1NH220/N_atom200E+10_Vexp200E+02_Vemit200E+02_tauD000E+00_Vran300E+01
                      
 Start
           0
 set_grid_done
 set_clumps_done
 Done
 TIME :    1.92702195653692       sec
          50 %           4   61.8085281804670     
 	 100 %           3   123.000327449990     
 Time :   123.131291707512     
 WOCIVL455M1NH220/N_atom200E+10_Vexp300E+02_Vemit200E+02_tauD000E+00_Vran300E+01
                      
 Start
           0
 set_grid_done
 set_clumps_done
 Done
 TIME :    1.45851967646740       sec
          50 %           2   55.8691152692772     
 	 100 %           4   108.895073329099     
 Time :   109.024418217363     
 WOCIVL455M1NH220/N_atom200E+10_Vexp400E+02_Vemit200E+02_tauD000E+00_Vran300E+01
                      
 Start
           0
 set_grid_done
 set_clumps_done
 Done
 TIME :    1.47110932180658       sec
          50 %           1   53.5293501266278     
 	 100 %           4   105.567933182698     
 Time :   105.695001850370     
 WOCIVL455M1NH220/N_atom200E+10_Vexp500E+02_Vemit200E+02_tauD000E+00_Vran300E+01
                      
 Start
           0
 set_grid_done
 set_clumps_done
 Done
 TIME :    1.41905676014721       sec
          50 %           4   52.6975604563486     
 	 100 %           2   103.933863844257     
 Time :   104.061051607132     
 WOCIVL455M1NH220/N_atom200E+10_Vexp600E+02_Vemit200E+02_tauD000E+00_Vran300E+01
                      
 Start
           0
 set_grid_done
 set_clumps_done
 Done
 TIME :    1.42880150070414       sec
          50 %           1   51.7272545804735     
 	 100 %           4   101.974506096449     
 Time :   102.099337918218     
 WOCIVL455M1NH220/N_atom200E+10_Vexp700E+02_Vemit200E+02_tauD000E+00_Vran300E+01
                      
 Start
           0
 set_grid_done
 set_clumps_done
 Done
 TIME :    1.42759770643897       sec
          50 %           4   50.6291713679675     
 	 100 %           4   99.7896379269660     
 Time :   99.9182695576455     
 WOCIVL455M1NH220/N_atom200E+10_Vexp800E+02_Vemit200E+02_tauD000E+00_Vran300E+01
                      
 Start
           0
 set_grid_done
 set_clumps_done
 Done
 TIME :    1.42544248444028       sec
          50 %           3   49.3218256707769     
 	 100 %           3   96.9650064278394     
 Time :   97.0917512639426     
 WOCIVL455M1NH220/N_atom200E+10_Vexp900E+02_Vemit200E+02_tauD000E+00_Vran300E+01
                      
 Start
           0
 set_grid_done
 set_clumps_done
 Done
 TIME :    1.42225578404032       sec
          50 %           4   48.1162447356619     
 	 100 %           1   94.9580738882069     
 Time :   95.0887700291350     
 WOCIVL455M1NH220/N_atom200E+10_Vexp100E+03_Vemit200E+02_tauD000E+00_Vran300E+01
                      
 Start
           0
 set_grid_done
 set_clumps_done
 Done
 TIME :    1.42054094420746       sec
          50 %           1   47.3224364323542     
 	 100 %           4   93.3148645518813     
 Time :   93.4423647148069     
 WOCIVL455M1NH220/N_atom200E+10_Vexp200E+03_Vemit200E+02_tauD000E+00_Vran300E+01
                      
 Start
           0
 set_grid_done
 set_clumps_done
 Done
 TIME :    1.42161899106577       sec
          50 %           1   42.1749607992824     
 	 100 %           3   83.0402390665840     
 Time :   83.1699300887994     
 WOCIVL455M1NH220/N_atom200E+10_Vexp300E+03_Vemit200E+02_tauD000E+00_Vran300E+01
                      
 Start
           0
 set_grid_done
 set_clumps_done
 Done
 TIME :    1.41834620758891       sec
          50 %           2   40.1515971764456     
 	 100 %           1   78.7828452838585     
 Time :   78.9106344527099     
 WOCIVL455M1NH220/N_atom200E+10_Vexp500E+01_Vemit200E+02_tauD000E+00_Vran300E+01
                      
 Start
           0
 set_grid_done
 set_clumps_done
 Done
 TIME :    1.41667639301158       sec
          50 %           4   71.9017756327521     
 	 100 %           2   142.554515391821     
 Time :   142.681016507326     
 WOCIVL455M1NH220/N_atom200E+10_Vexp100E+02_Vemit200E+02_tauD000E+00_Vran500E+01
                      
 Start
           0
 set_grid_done
 set_clumps_done
 Done
 TIME :    1.42070995341055       sec
          50 %           1   71.4163795153145     
 	 100 %           3   141.197514512343     
 Time :   141.325673329644     
 WOCIVL455M1NH220/N_atom200E+10_Vexp200E+02_Vemit200E+02_tauD000E+00_Vran500E+01
                      
 Start
           0
 set_grid_done
 set_clumps_done
 Done
 TIME :    1.41290863463655       sec
          50 %           4   59.7225016404409     
 	 100 %           3   118.197979127755     
 Time :   118.324660564074     
 WOCIVL455M1NH220/N_atom200E+10_Vexp300E+02_Vemit200E+02_tauD000E+00_Vran500E+01
                      
 Start
           0
 set_grid_done
 set_clumps_done
 Done
 TIME :    1.42829867079854       sec
          50 %           2   58.6560478946194     
 	 100 %           3   115.840010473737     
 Time :   115.973271691008     
 WOCIVL455M1NH220/N_atom200E+10_Vexp400E+02_Vemit200E+02_tauD000E+00_Vran500E+01
                      
 Start
           0
 set_grid_done
 set_clumps_done
 Done
 TIME :    1.42694613547064       sec
          50 %           1   57.1686868991237     
 	 100 %           1   112.865951274522     
 Time :   113.001123091439     
 WOCIVL455M1NH220/N_atom200E+10_Vexp500E+02_Vemit200E+02_tauD000E+00_Vran500E+01
                      
 Start
           0
 set_grid_done
 set_clumps_done
 Done
 TIME :    1.42793460283428       sec
          50 %           3   55.2418832147960     
 	 100 %           1   108.976690877462     
 Time :   109.113683273783     
 WOCIVL455M1NH220/N_atom200E+10_Vexp600E+02_Vemit200E+02_tauD000E+00_Vran500E+01
                      
 Start
           0
 set_grid_done
 set_clumps_done
 Done
 TIME :    1.42682368401438       sec
          50 %           2   53.2950313035399     
 	 100 %           3   105.093864956638     
 Time :   105.231816635467     
 WOCIVL455M1NH220/N_atom200E+10_Vexp700E+02_Vemit200E+02_tauD000E+00_Vran500E+01
                      
 Start
           0
 set_grid_done
 set_clumps_done
 Done
 TIME :    1.42726338468492       sec
          50 %           2   51.5530293709598     
 	 100 %           1   101.707750581438     
 Time :   101.854665905004     
 WOCIVL455M1NH220/N_atom200E+10_Vexp800E+02_Vemit200E+02_tauD000E+00_Vran500E+01
                      
 Start
           0
 set_grid_done
 set_clumps_done
 Done
 TIME :    1.42713064397685       sec
          50 %           2   50.0997527400032     
 	 100 %           2   98.7092951009981     
 Time :   98.8455266801175     
 WOCIVL455M1NH220/N_atom200E+10_Vexp900E+02_Vemit200E+02_tauD000E+00_Vran500E+01
                      
 Start
           0
 set_grid_done
 set_clumps_done
 Done
 TIME :    1.42809736030176       sec
          50 %           4   48.6796763835009     
 	 100 %           1   95.9143297595438     
 Time :   96.0477239980828     
 WOCIVL455M1NH220/N_atom200E+10_Vexp100E+03_Vemit200E+02_tauD000E+00_Vran500E+01
                      
 Start
           0
 set_grid_done
 set_clumps_done
 Done
 TIME :    1.43005946720950       sec
          50 %           1   47.7025657515042     
 	 100 %           1   93.9280823094305     
 Time :   94.0668613312300     
 WOCIVL455M1NH220/N_atom200E+10_Vexp200E+03_Vemit200E+02_tauD000E+00_Vran500E+01
                      
 Start
           0
 set_grid_done
 set_clumps_done
 Done
 TIME :    1.42792511498556       sec
          50 %           4   41.6235462548211     
 	 100 %           3   81.7302737401333     
 Time :   81.8677234707866     
 WOCIVL455M1NH220/N_atom200E+10_Vexp300E+03_Vemit200E+02_tauD000E+00_Vran500E+01
                      
 Start
           0
 set_grid_done
 set_clumps_done
 Done
 TIME :    1.42862885445356       sec
          50 %           1   39.2890818868764     
 	 100 %           2   77.1035689769778     
 Time :   77.2387477168813     
 WOCIVL455M1NH220/N_atom200E+10_Vexp500E+01_Vemit200E+02_tauD000E+00_Vran500E+01
                      
 Start
           0
 set_grid_done
 set_clumps_done
 Done
 TIME :    1.42600911506452       sec
          50 %           3   92.1183134261519     
 	 100 %           1   182.912105936557     
 Time :   183.047519881045     
 WOCIVL455M1NH220/N_atom200E+10_Vexp100E+02_Vemit300E+02_tauD000E+00_Vran118E+01
                      
 Start
           0
 set_grid_done
 set_clumps_done
 Done
 TIME :    1.42927857208997       sec
          50 %           4   47.6242006984539     
 	 100 %           4   93.8684932494070     
 Time :   94.0051992947701     
 WOCIVL455M1NH220/N_atom200E+10_Vexp200E+02_Vemit300E+02_tauD000E+00_Vran118E+01
                      
 Start
           0
 set_grid_done
 set_clumps_done
 Done
 TIME :    1.42850668379106       sec
          50 %           3   46.8379306071438     
 	 100 %           2   92.2208709057886     
 Time :   92.3536581874359     
 WOCIVL455M1NH220/N_atom200E+10_Vexp300E+02_Vemit300E+02_tauD000E+00_Vran118E+01
                      
 Start
           0
 set_grid_done
 set_clumps_done
 Done
 TIME :    1.43007749132812       sec
          50 %           2   47.4099222172517     
 	 100 %           1   93.3895684580784     
 Time :   93.5243494866882     
 WOCIVL455M1NH220/N_atom200E+10_Vexp400E+02_Vemit300E+02_tauD000E+00_Vran118E+01
                      
 Start
           0
 set_grid_done
 set_clumps_done
 Done
 TIME :    1.42569032264873       sec
          50 %           3   47.9997389037162     
 	 100 %           1   94.6086771711707     
 Time :   94.7428341808263     
 WOCIVL455M1NH220/N_atom200E+10_Vexp500E+02_Vemit300E+02_tauD000E+00_Vran118E+01
                      
 Start
           0
 set_grid_done
 set_clumps_done
 Done
 TIME :    1.42624630313367       sec
          50 %           3   48.2069029738195     
 	 100 %           1   94.9380436053034     
 Time :   95.0754939268809     
 WOCIVL455M1NH220/N_atom200E+10_Vexp600E+02_Vemit300E+02_tauD000E+00_Vran118E+01
                      
 Start
           0
 set_grid_done
 set_clumps_done
 Done
 TIME :    1.42719348263927       sec
          50 %           4   47.9539585420862     
 	 100 %           2   94.8100182600319     
 Time :   94.9452946847305     
 WOCIVL455M1NH220/N_atom200E+10_Vexp700E+02_Vemit300E+02_tauD000E+00_Vran118E+01
                      
 Start
           0
 set_grid_done
 set_clumps_done
 Done
 TIME :    1.42950913752429       sec
          50 %           3   47.7496718780603     
 	 100 %           4   94.0452594393864     
 Time :   94.1835896733683     
 WOCIVL455M1NH220/N_atom200E+10_Vexp800E+02_Vemit300E+02_tauD000E+00_Vran118E+01
                      
 Start
           0
 set_grid_done
 set_clumps_done
 Done
 TIME :    1.42852168204263       sec
          50 %           3   47.2825462587643     
 	 100 %           2   93.0228635612875     
 Time :   93.1574811609462     
 WOCIVL455M1NH220/N_atom200E+10_Vexp900E+02_Vemit300E+02_tauD000E+00_Vran118E+01
                      
 Start
           0
 set_grid_done
 set_clumps_done
 Done
 TIME :    1.42988330451772       sec
          50 %           2   46.5834769739304     
 	 100 %           4   91.7019353129435     
 Time :   91.8342187227681     
 WOCIVL455M1NH220/N_atom200E+10_Vexp100E+03_Vemit300E+02_tauD000E+00_Vran118E+01
                      
 Start
           0
 set_grid_done
 set_clumps_done
 Done
 TIME :    1.43077477859333       sec
          50 %           1   46.1969620503951     
 	 100 %           4   90.9841350901406     
 Time :   91.1179845787119     
 WOCIVL455M1NH220/N_atom200E+10_Vexp200E+03_Vemit300E+02_tauD000E+00_Vran118E+01
                      
 Start
           0
 set_grid_done
 set_clumps_done
 Done
 TIME :    1.42658422165550       sec
          50 %           1   41.6708847503178     
 	 100 %           4   81.9688840510789     
 Time :   82.1022438143846     
 WOCIVL455M1NH220/N_atom200E+10_Vexp300E+03_Vemit300E+02_tauD000E+00_Vran118E+01
                      
 Start
           0
 set_grid_done
 set_clumps_done
 Done
 TIME :    1.43033326463774       sec
          50 %           1   39.6714324930217     
 	 100 %           1   77.9233048846945     
 Time :   78.0608246675692     
 WOCIVL455M1NH220/N_atom200E+10_Vexp500E+01_Vemit300E+02_tauD000E+00_Vran118E+01
                      
 Start
           0
 set_grid_done
 set_clumps_done
 Done
 TIME :    1.43046979233623       sec
          50 %           3   50.3014205861837     
 	 100 %           3   99.2067549098283     
 Time :   99.3421559196431     
 WOCIVL455M1NH220/N_atom200E+10_Vexp100E+02_Vemit300E+02_tauD000E+00_Vran300E+01
                      
 Start
           0
 set_grid_done
 set_clumps_done
 Done
 TIME :    1.42737911338918       sec
          50 %           1   54.9689449989237     
 	 100 %           3   108.417652449338     
 Time :   108.554607114522     
 WOCIVL455M1NH220/N_atom200E+10_Vexp200E+02_Vemit300E+02_tauD000E+00_Vran300E+01
                      
 Start
           0
 set_grid_done
 set_clumps_done
 Done
 TIME :    1.42718809260987       sec
          50 %           4   51.1766243979800     
 	 100 %           3   100.914893776178     
 Time :   101.046296952991     
 WOCIVL455M1NH220/N_atom200E+10_Vexp300E+02_Vemit300E+02_tauD000E+00_Vran300E+01
                      
 Start
           0
 set_grid_done
 set_clumps_done
 Done
 TIME :    1.42812931071967       sec
          50 %           3   51.3080037599429     
 	 100 %           2   101.102205279283     
 Time :   101.236288719811     
 WOCIVL455M1NH220/N_atom200E+10_Vexp400E+02_Vemit300E+02_tauD000E+00_Vran300E+01
                      
 Start
           0
 set_grid_done
 set_clumps_done
 Done
 TIME :    1.42901131696999       sec
          50 %           3   51.4127178636845     
 	 100 %           3   101.402310450794     
 Time :   101.539207727415     
 WOCIVL455M1NH220/N_atom200E+10_Vexp500E+02_Vemit300E+02_tauD000E+00_Vran300E+01
                      
 Start
           0
 set_grid_done
 set_clumps_done
 Done
 TIME :    1.42913274653256       sec
          50 %           2   50.8843337101862     
 	 100 %           1   100.372311458224     
 Time :   100.508357206127     
 WOCIVL455M1NH220/N_atom200E+10_Vexp600E+02_Vemit300E+02_tauD000E+00_Vran300E+01
                      
 Start
           0
 set_grid_done
 set_clumps_done
 Done
 TIME :    1.42739060521126       sec
          50 %           4   50.1265966354404     
 	 100 %           4   98.8779352989513     
 Time :   99.0124011519365     
 WOCIVL455M1NH220/N_atom200E+10_Vexp700E+02_Vemit300E+02_tauD000E+00_Vran300E+01
                      
 Start
           0
 set_grid_done
 set_clumps_done
 Done
 TIME :    1.42821095488034       sec
          50 %           2   49.3126900009811     
 	 100 %           1   97.1075189735275     
 Time :   97.2495720109437     
 WOCIVL455M1NH220/N_atom200E+10_Vexp800E+02_Vemit300E+02_tauD000E+00_Vran300E+01
                      
 Start
           0
 set_grid_done
 set_clumps_done
 Done
 TIME :    1.42716323537752       sec
          50 %           4   48.2884330668021     
 	 100 %           3   95.1214516838081     
 Time :   95.2555602919310     
 WOCIVL455M1NH220/N_atom200E+10_Vexp900E+02_Vemit300E+02_tauD000E+00_Vran300E+01
                      
 Start
           0
 set_grid_done
 set_clumps_done
 Done
 TIME :    1.43133395514451       sec
          50 %           2   47.4963930144440     
 	 100 %           3   93.4857935437467     
 Time :   93.6189540408086     
 WOCIVL455M1NH220/N_atom200E+10_Vexp100E+03_Vemit300E+02_tauD000E+00_Vran300E+01
                      
 Start
           0
 set_grid_done
 set_clumps_done
 Done
 TIME :    1.42780917580239       sec
          50 %           1   46.6111776882317     
 	 100 %           1   91.7421085012611     
 Time :   91.8754395905416     
 WOCIVL455M1NH220/N_atom200E+10_Vexp200E+03_Vemit300E+02_tauD000E+00_Vran300E+01
                      
 Start
           0
 set_grid_done
 set_clumps_done
 Done
 TIME :    1.43091677711345       sec
          50 %           1   41.7522791167721     
 	 100 %           2   81.9701894673053     
 Time :   82.1035418768879     
 WOCIVL455M1NH220/N_atom200E+10_Vexp300E+03_Vemit300E+02_tauD000E+00_Vran300E+01
                      
 Start
           0
 set_grid_done
 set_clumps_done
 Done
 TIME :    1.42602051654831       sec
          50 %           1   39.4333355720155     
 	 100 %           2   77.3935445309617     
 Time :   77.5306797272060     
 WOCIVL455M1NH220/N_atom200E+10_Vexp500E+01_Vemit300E+02_tauD000E+00_Vran300E+01
                      
 Start
           0
 set_grid_done
 set_clumps_done
 Done
 TIME :    1.42798009887338       sec
          50 %           1   63.6507913246751     
 	 100 %           1   125.885805384954     
 Time :   126.018504970940     
 WOCIVL455M1NH220/N_atom200E+10_Vexp100E+02_Vemit300E+02_tauD000E+00_Vran500E+01
                      
 Start
           0
 set_grid_done
 set_clumps_done
 Done
 TIME :    1.42574151954614       sec
          50 %           4   64.8413870986551     
 	 100 %           4   128.341215612832     
 Time :   128.477839152329     
 WOCIVL455M1NH220/N_atom200E+10_Vexp200E+02_Vemit300E+02_tauD000E+00_Vran500E+01
                      
 Start
           0
 set_grid_done
 set_clumps_done
 Done
 TIME :    1.42743044020608       sec
          50 %           1   57.1024946535472     
 	 100 %           1   112.795542352367     
 Time :   112.927608642029     
 WOCIVL455M1NH220/N_atom200E+10_Vexp300E+02_Vemit300E+02_tauD000E+00_Vran500E+01
                      
 Start
           0
 set_grid_done
 set_clumps_done
 Done
 TIME :    1.42849292769097       sec
          50 %           3   56.6444470351562     
 	 100 %           1   111.834800876677     
 Time :   111.968655715231     
 WOCIVL455M1NH220/N_atom200E+10_Vexp400E+02_Vemit300E+02_tauD000E+00_Vran500E+01
                      
 Start
           0
 set_grid_done
 set_clumps_done
 Done
 TIME :    1.42805345752276       sec
          50 %           1   55.5350616998039     
 	 100 %           2   109.584402662935     
 Time :   109.717838650336     
 WOCIVL455M1NH220/N_atom200E+10_Vexp500E+02_Vemit300E+02_tauD000E+00_Vran500E+01
                      
 Start
           0
 set_grid_done
 set_clumps_done
 Done
 TIME :    1.43120442028157       sec
          50 %           3   54.1129607984331     
 	 100 %           4   106.830402946565     
 Time :   106.965371569619     
 WOCIVL455M1NH220/N_atom200E+10_Vexp600E+02_Vemit300E+02_tauD000E+00_Vran500E+01
                      
 Start
           0
 set_grid_done
 set_clumps_done
 Done
 TIME :    1.42902847938240       sec
          50 %           4   52.5572925112210     
 	 100 %           4   103.809572032653     
 Time :   103.944103469606     
 WOCIVL455M1NH220/N_atom200E+10_Vexp700E+02_Vemit300E+02_tauD000E+00_Vran500E+01
                      
 Start
           0
 set_grid_done
 set_clumps_done
 Done
 TIME :    1.42916032858193       sec
          50 %           1   51.3372779169586     
 	 100 %           2   101.188480146462     
 Time :   101.322056088131     
 WOCIVL455M1NH220/N_atom200E+10_Vexp800E+02_Vemit300E+02_tauD000E+00_Vran500E+01
                      
 Start
           0
 set_grid_done
 set_clumps_done
 Done
 TIME :    1.42765549547039       sec
          50 %           4   49.6597086249385     
 	 100 %           1   97.7134918235242     
 Time :   97.8496822046582     
 WOCIVL455M1NH220/N_atom200E+10_Vexp900E+02_Vemit300E+02_tauD000E+00_Vran500E+01
                      
 Start
           0
 set_grid_done
 set_clumps_done
 Done
 TIME :    1.42731558345258       sec
          50 %           2   48.5080902099144     
 	 100 %           3   95.5498872168828     
 Time :   95.6849310619291     
 WOCIVL455M1NH220/N_atom200E+10_Vexp100E+03_Vemit300E+02_tauD000E+00_Vran500E+01
                      
 Start
           0
 set_grid_done
 set_clumps_done
 Done
 TIME :    1.42771043931134       sec
          50 %           2   47.3003125642426     
 	 100 %           1   93.1444330494851     
 Time :   93.2793086469173     
 WOCIVL455M1NH220/N_atom200E+10_Vexp200E+03_Vemit300E+02_tauD000E+00_Vran500E+01
                      
 Start
           0
 set_grid_done
 set_clumps_done
 Done
 TIME :    1.42626109090634       sec
          50 %           4   41.6071815472096     
 	 100 %           1   81.8544045274612     
 Time :   81.9881501898635     
 WOCIVL455M1NH220/N_atom200E+10_Vexp300E+03_Vemit300E+02_tauD000E+00_Vran500E+01
                      
 Start
           0
 set_grid_done
 set_clumps_done
 Done
 TIME :    1.42900481494144       sec
          50 %           1   39.4148709073197     
 	 100 %           3   77.3205174426548     
 Time :   77.4521202568430     
 WOCIVL455M1NH220/N_atom200E+10_Vexp500E+01_Vemit300E+02_tauD000E+00_Vran500E+01
                      
 Start
           0
 set_grid_done
 set_clumps_done
 Done
 TIME :    1.42780724214390       sec
          50 %           1   81.4294655404519     
 	 100 %           3   161.276470355457     
 Time :   161.411265721079     
 WOCIVL455M1NH220/N_atom200E+10_Vexp100E+02_Vemit400E+02_tauD000E+00_Vran118E+01
                      
 Start
           0
 set_grid_done
 set_clumps_done
 Done
 TIME :    1.43216742970981       sec
          50 %           1   45.8659501976799     
 	 100 %           1   90.2319137861487     
 Time :   90.3663563954178     
 WOCIVL455M1NH220/N_atom200E+10_Vexp200E+02_Vemit400E+02_tauD000E+00_Vran118E+01
                      
 Start
           0
 set_grid_done
 set_clumps_done
 Done
 TIME :    1.42857311922126       sec
          50 %           2   45.3474146006629     
 	 100 %           4   89.2025001195725     
 Time :   89.3394588425290     
 WOCIVL455M1NH220/N_atom200E+10_Vexp300E+02_Vemit400E+02_tauD000E+00_Vran118E+01
                      
 Start
           0
 set_grid_done
 set_clumps_done
 Done
 TIME :    1.42743972805329       sec
          50 %           2   45.9431665907614     
 	 100 %           2   90.4748020893894     
 Time :   90.6081576850265     
 WOCIVL455M1NH220/N_atom200E+10_Vexp400E+02_Vemit400E+02_tauD000E+00_Vran118E+01
                      
 Start
           0
 set_grid_done
 set_clumps_done
 Done
 TIME :    1.42664795205928       sec
          50 %           3   46.9156394205056     
 	 100 %           4   92.4005949641578     
 Time :   92.5330974478275     
 WOCIVL455M1NH220/N_atom200E+10_Vexp500E+02_Vemit400E+02_tauD000E+00_Vran118E+01
                      
 Start
           0
 set_grid_done
 set_clumps_done
 Done
 TIME :    1.42916520778090       sec
          50 %           3   47.2901267705020     
 	 100 %           2   93.1694274910260     
 Time :   93.3069592465181     
 WOCIVL455M1NH220/N_atom200E+10_Vexp600E+02_Vemit400E+02_tauD000E+00_Vran118E+01
                      
 Start
           0
 set_grid_done
 set_clumps_done
 Done
 TIME :    1.42796906805597       sec
          50 %           3   47.2480897309724     
 	 100 %           2   92.9483966226690     
 Time :   93.0820916194934     
 WOCIVL455M1NH220/N_atom200E+10_Vexp700E+02_Vemit400E+02_tauD000E+00_Vran118E+01
                      
 Start
           0
 set_grid_done
 set_clumps_done
 Done
 TIME :    1.42727474612184       sec
          50 %           3   46.7856334431563     
 	 100 %           1   92.3607249686029     
 Time :   92.4973518142942     
 WOCIVL455M1NH220/N_atom200E+10_Vexp800E+02_Vemit400E+02_tauD000E+00_Vran118E+01
                      
 Start
           0
 set_grid_done
 set_clumps_done
 Done
 TIME :    1.42672727187164       sec
          50 %           2   46.4278101662640     
 	 100 %           3   91.4280291486066     
 Time :   91.5642307910603     
 WOCIVL455M1NH220/N_atom200E+10_Vexp900E+02_Vemit400E+02_tauD000E+00_Vran118E+01
                      
 Start
           0
 set_grid_done
 set_clumps_done
 Done
 TIME :    1.42682401463389       sec
          50 %           4   45.9801759214606     
 	 100 %           2   90.4847343740985     
 Time :   90.6204311128240     
 WOCIVL455M1NH220/N_atom200E+10_Vexp100E+03_Vemit400E+02_tauD000E+00_Vran118E+01
                      
 Start
           0
 set_grid_done
 set_clumps_done
 Done
 TIME :    1.42826783237979       sec
          50 %           2   45.5588727234863     
 	 100 %           3   89.6692029701080     
 Time :   89.8026412017643     
 WOCIVL455M1NH220/N_atom200E+10_Vexp200E+03_Vemit400E+02_tauD000E+00_Vran118E+01
                      
 Start
           0
 set_grid_done
 set_clumps_done
 Done
 TIME :    1.42844369472004       sec
          50 %           3   41.7036165697500     
 	 100 %           1   81.9933944379445     
 Time :   82.1319096814841     
 WOCIVL455M1NH220/N_atom200E+10_Vexp300E+03_Vemit400E+02_tauD000E+00_Vran118E+01
                      
 Start
           0
 set_grid_done
 set_clumps_done
 Done
 TIME :    1.42814918840304       sec
          50 %           4   39.5369047126733     
 	 100 %           1   77.3630775203928     
 Time :   77.4984678903129     
 WOCIVL455M1NH220/N_atom200E+10_Vexp500E+01_Vemit400E+02_tauD000E+00_Vran118E+01
                      
 Start
           0
 set_grid_done
 set_clumps_done
 Done
 TIME :    1.43021825724281       sec
          50 %           2   47.5579239232466     
 	 100 %           1   93.6972871536855     
 Time :   93.8296463966835     
 WOCIVL455M1NH220/N_atom200E+10_Vexp100E+02_Vemit400E+02_tauD000E+00_Vran300E+01
                      
 Start
           0
 set_grid_done
 set_clumps_done
 Done
 TIME :    1.42956467252225       sec
          50 %           3   51.8783543996979     
 	 100 %           4   101.848126079654     
 Time :   101.982378769899     
 WOCIVL455M1NH220/N_atom200E+10_Vexp200E+02_Vemit400E+02_tauD000E+00_Vran300E+01
                      
 Start
           0
 set_grid_done
 set_clumps_done
 Done
 TIME :    1.42967404914089       sec
          50 %           4   48.2430008226074     
 	 100 %           3   94.9780109846033     
 Time :   95.1130467846524     
 WOCIVL455M1NH220/N_atom200E+10_Vexp300E+02_Vemit400E+02_tauD000E+00_Vran300E+01
                      
 Start
           0
 set_grid_done
 set_clumps_done
 Done
 TIME :    1.42838551476598       sec
          50 %           3   48.4588514943607     
 	 100 %           2   95.3975931212772     
 Time :   95.5317267365754     
 WOCIVL455M1NH220/N_atom200E+10_Vexp400E+02_Vemit400E+02_tauD000E+00_Vran300E+01
                      
 Start
           0
 set_grid_done
 set_clumps_done
 Done
 TIME :    1.43173618498258       sec
          50 %           2   48.7299153087661     
 	 100 %           2   95.9888776410371     
 Time :   96.1168521703221     
 WOCIVL455M1NH220/N_atom200E+10_Vexp500E+02_Vemit400E+02_tauD000E+00_Vran300E+01
                      
 Start
           0
 set_grid_done
 set_clumps_done
 Done
 TIME :    1.43334871158004       sec
          50 %           3   48.5263763675466     
 	 100 %           3   95.5627764882520     
 Time :   95.6965845387895     
 WOCIVL455M1NH220/N_atom200E+10_Vexp600E+02_Vemit400E+02_tauD000E+00_Vran300E+01
                      
 Start
           0
 set_grid_done
 set_clumps_done
 Done
 TIME :    1.42818337306380       sec
          50 %           3   47.9204285447486     
 	 100 %           1   94.3714085351676     
 Time :   94.5072898927610     
 WOCIVL455M1NH220/N_atom200E+10_Vexp700E+02_Vemit400E+02_tauD000E+00_Vran300E+01
                      
 Start
           0
 set_grid_done
 set_clumps_done
 Done
 TIME :    1.43165539251640       sec
          50 %           2   47.2919081160799     
 	 100 %           2   93.1720461684745     
 Time :   93.3080971664749     
 WOCIVL455M1NH220/N_atom200E+10_Vexp800E+02_Vemit400E+02_tauD000E+00_Vran300E+01
                      
 Start
           0
 set_grid_done
 set_clumps_done
 Done
 TIME :    1.42974382103421       sec
          50 %           2   46.5544118217658     
 	 100 %           3   91.6900406004861     
 Time :   91.8260266557336     
 WOCIVL455M1NH220/N_atom200E+10_Vexp900E+02_Vemit400E+02_tauD000E+00_Vran300E+01
                      
 Start
           0
 set_grid_done
 set_clumps_done
 Done
 TIME :    1.43034110940062       sec
          50 %           1   45.7671802439727     
 	 100 %           4   90.1408353440929     
 Time :   90.2768509350717     
 WOCIVL455M1NH220/N_atom200E+10_Vexp100E+03_Vemit400E+02_tauD000E+00_Vran300E+01
                      
 Start
           0
 set_grid_done
 set_clumps_done
 Done
 TIME :    1.42938503320329       sec
          50 %           3   45.1462653242052     
 	 100 %           2   88.8265114130918     
 Time :   88.9613747971598     
 WOCIVL455M1NH220/N_atom200E+10_Vexp200E+03_Vemit400E+02_tauD000E+00_Vran300E+01
                      
 Start
           0
 set_grid_done
 set_clumps_done
 Done
 TIME :    1.42925726179965       sec
          50 %           4   40.6213145023212     
 	 100 %           1   79.7521016367245     
 Time :   79.8883133784402     
 WOCIVL455M1NH220/N_atom200E+10_Vexp300E+03_Vemit400E+02_tauD000E+00_Vran300E+01
                      
 Start
           0
 set_grid_done
 set_clumps_done
 Done
 TIME :    1.43018970335834       sec
          50 %           3   38.6418371128384     
 	 100 %           2   75.7858494508546     
 Time :   75.9197457679547     
 WOCIVL455M1NH220/N_atom200E+10_Vexp500E+01_Vemit400E+02_tauD000E+00_Vran300E+01
                      
 Start
           0
 set_grid_done
 set_clumps_done
 Done
 TIME :    1.43218362028711       sec
          50 %           3   58.8287537738215     
 	 100 %           3   116.167217668379     
 Time :   116.300448608352     
 WOCIVL455M1NH220/N_atom200E+10_Vexp100E+02_Vemit400E+02_tauD000E+00_Vran500E+01
                      
 Start
           0
 set_grid_done
 set_clumps_done
 Done
 TIME :    1.43114567967132       sec
          50 %           1   60.1189112477005     
 	 100 %           1   118.734161344124     
 Time :   118.866357148392     
 WOCIVL455M1NH220/N_atom200E+10_Vexp200E+02_Vemit400E+02_tauD000E+00_Vran500E+01
                      
 Start
           0
 set_grid_done
 set_clumps_done
 Done
 TIME :    1.42948049330153       sec
          50 %           3   53.2571990480646     
 	 100 %           3   105.083930918481     
 Time :   105.216468729079     
 WOCIVL455M1NH220/N_atom200E+10_Vexp300E+02_Vemit400E+02_tauD000E+00_Vran500E+01
                      
 Start
           0
 set_grid_done
 set_clumps_done
 Done
 TIME :    1.43061677017249       sec
          50 %           4   52.9053131984547     
 	 100 %           4   104.436899397289     
 Time :   104.569531626068     
 WOCIVL455M1NH220/N_atom200E+10_Vexp400E+02_Vemit400E+02_tauD000E+00_Vran500E+01
                      
 Start
           0
 set_grid_done
 set_clumps_done
 Done
 TIME :    1.43058599205688       sec
          50 %           3   52.4079205966555     
 	 100 %           3   103.376732008299     
 Time :   103.513044430176     
 WOCIVL455M1NH220/N_atom200E+10_Vexp500E+02_Vemit400E+02_tauD000E+00_Vran500E+01
                      
 Start
           0
 set_grid_done
 set_clumps_done
 Done
 TIME :    1.42856715782546       sec
          50 %           3   51.5040540529881     
 	 100 %           4   101.506378042977     
 Time :   101.643522046041     
 WOCIVL455M1NH220/N_atom200E+10_Vexp600E+02_Vemit400E+02_tauD000E+00_Vran500E+01
                      
 Start
           0
 set_grid_done
 set_clumps_done
 Done
 TIME :    1.43078646087088       sec
          50 %           1   50.4964842153713     
 	 100 %           2   99.5200697081164     
 Time :   99.6532181925140     
 WOCIVL455M1NH220/N_atom200E+10_Vexp700E+02_Vemit400E+02_tauD000E+00_Vran500E+01
                      
 Start
           0
 set_grid_done
 set_clumps_done
 Done
 TIME :    1.43083682609722       sec
          50 %           2   49.3448107861914     
 	 100 %           2   97.2458982502576     
 Time :   97.3792383263353     
 WOCIVL455M1NH220/N_atom200E+10_Vexp800E+02_Vemit400E+02_tauD000E+00_Vran500E+01
                      
 Start
           0
 set_grid_done
 set_clumps_done
 Done
 TIME :    1.43038289854303       sec
          50 %           3   48.2133353366517     
 	 100 %           1   95.0460778519046     
 Time :   95.1804355205968     
 WOCIVL455M1NH220/N_atom200E+10_Vexp900E+02_Vemit400E+02_tauD000E+00_Vran500E+01
                      
 Start
           0
 set_grid_done
 set_clumps_done
 Done
 TIME :    1.43080259137787       sec
          50 %           4   47.1848928146064     
 	 100 %           4   92.9983626222238     
 Time :   93.1322011300363     
 WOCIVL455M1NH220/N_atom200E+10_Vexp100E+03_Vemit400E+02_tauD000E+00_Vran500E+01
                      
 Start
           0
 set_grid_done
 set_clumps_done
 Done
 TIME :    1.42783831083216       sec
          50 %           4   46.4002893618308     
 	 100 %           4   91.3722145995125     
 Time :   91.5089950254187     
 WOCIVL455M1NH220/N_atom200E+10_Vexp200E+03_Vemit400E+02_tauD000E+00_Vran500E+01
                      
 Start
           0
 set_grid_done
 set_clumps_done
 Done
 TIME :    1.42738533532247       sec
          50 %           3   41.0623891842552     
 	 100 %           3   80.6018922158983     
 Time :   80.7373390223365     
 WOCIVL455M1NH220/N_atom200E+10_Vexp300E+03_Vemit400E+02_tauD000E+00_Vran500E+01
                      
 Start
           0
 set_grid_done
 set_clumps_done
 Done
 TIME :    1.42827788158320       sec
          50 %           4   38.7444396473002     
 	 100 %           2   75.8534917859361     
 Time :   75.9894354310818     
 WOCIVL455M1NH220/N_atom200E+10_Vexp500E+01_Vemit400E+02_tauD000E+00_Vran500E+01
                      
 Start
           0
 set_grid_done
 set_clumps_done
 Done
 TIME :    1.42574270186014       sec
          50 %           1   74.0681361160241     
 	 100 %           4   146.779934014659     
 Time :   146.912667324534     
 WOCIVL455M1NH220/N_atom200E+10_Vexp100E+02_Vemit500E+02_tauD000E+00_Vran118E+01
                      
 Start
           0
 set_grid_done
 set_clumps_done
 Done
 TIME :    1.42820533434860       sec
          50 %           3   43.6928848170210     
 	 100 %           2   85.8914616936818     
 Time :   86.0275757305790     
 WOCIVL455M1NH220/N_atom200E+10_Vexp200E+02_Vemit500E+02_tauD000E+00_Vran118E+01
                      
 Start
           0
 set_grid_done
 set_clumps_done
 Done
 TIME :    1.42884938092902       sec
          50 %           1   43.3081301790662     
 	 100 %           2   85.1087839789689     
 Time :   85.2417515816633     
 WOCIVL455M1NH220/N_atom200E+10_Vexp300E+02_Vemit500E+02_tauD000E+00_Vran118E+01
                      
 Start
           0
 set_grid_done
 set_clumps_done
 Done
 TIME :    1.42706617224030       sec
          50 %           4   43.7110987179913     
 	 100 %           4   86.0043356034439     
 Time :   86.1366059286520     
 WOCIVL455M1NH220/N_atom200E+10_Vexp400E+02_Vemit500E+02_tauD000E+00_Vran118E+01
                      
 Start
           0
 set_grid_done
 set_clumps_done
 Done
 TIME :    1.42735712183639       sec
          50 %           1   44.7150690453127     
 	 100 %           4   87.9890888305381     
 Time :   88.1220480771735     
 WOCIVL455M1NH220/N_atom200E+10_Vexp500E+02_Vemit500E+02_tauD000E+00_Vran118E+01
                      
 Start
           0
 set_grid_done
 set_clumps_done
 Done
 TIME :    1.43102917936631       sec
          50 %           3   45.1652133921161     
 	 100 %           3   88.9358732476830     
 Time :   89.0695676933974     
 WOCIVL455M1NH220/N_atom200E+10_Vexp600E+02_Vemit500E+02_tauD000E+00_Vran118E+01
                      
 Start
           0
 set_grid_done
 set_clumps_done
 Done
 TIME :    1.42471701395698       sec
          50 %           3   45.3752663705964     
 	 100 %           2   89.2545717775356     
 Time :   89.3879532418214     
 WOCIVL455M1NH220/N_atom200E+10_Vexp700E+02_Vemit500E+02_tauD000E+00_Vran118E+01
                      
 Start
           0
 set_grid_done
 set_clumps_done
 Done
 TIME :    1.42680780403316       sec
          50 %           2   45.2445104462095     
 	 100 %           4   88.9670828713570     
 Time :   89.1006050517317     
 WOCIVL455M1NH220/N_atom200E+10_Vexp800E+02_Vemit500E+02_tauD000E+00_Vran118E+01
                      
 Start
           0
 set_grid_done
 set_clumps_done
 Done
 TIME :    1.42938208742999       sec
          50 %           3   45.0804677542765     
 	 100 %           2   88.6620582956821     
 Time :   88.7956616492011     
 WOCIVL455M1NH220/N_atom200E+10_Vexp900E+02_Vemit500E+02_tauD000E+00_Vran118E+01
                      
 Start
           0
 set_grid_done
 set_clumps_done
 Done
 TIME :    1.42759698489681       sec
          50 %           2   44.4573027936276     
 	 100 %           4   87.5382012892514     
 Time :   87.6726682044100     
 WOCIVL455M1NH220/N_atom200E+10_Vexp100E+03_Vemit500E+02_tauD000E+00_Vran118E+01
                      
 Start
           0
 set_grid_done
 set_clumps_done
 Done
 TIME :    1.42915892601013       sec
          50 %           3   44.0911025502719     
 	 100 %           3   86.7690929214004     
 Time :   86.9050983530469     
 WOCIVL455M1NH220/N_atom200E+10_Vexp200E+03_Vemit500E+02_tauD000E+00_Vran118E+01
                      
 Start
           0
 set_grid_done
 set_clumps_done
 Done
 TIME :    1.42809322266839       sec
          50 %           4   40.7752596973442     
 	 100 %           3   80.0935515901074     
 Time :   80.2288565584458     
 WOCIVL455M1NH220/N_atom200E+10_Vexp300E+03_Vemit500E+02_tauD000E+00_Vran118E+01
                      
 Start
           0
 set_grid_done
 set_clumps_done
 Done
 TIME :    1.43163582566194       sec
          50 %           4   38.8534577025566     
 	 100 %           4   76.2063283817843     
 Time :   76.3398016998544     
 WOCIVL455M1NH220/N_atom200E+10_Vexp500E+01_Vemit500E+02_tauD000E+00_Vran118E+01
                      
 Start
           0
 set_grid_done
 set_clumps_done
 Done
 TIME :    1.42801190889440       sec
          50 %           2   45.3820054724347     
 	 100 %           4   89.2679566852748     
 Time :   89.4010359987151     
 WOCIVL455M1NH220/N_atom200E+10_Vexp100E+02_Vemit500E+02_tauD000E+00_Vran300E+01
                      
 Start
           0
 set_grid_done
 set_clumps_done
 Done
 TIME :    1.43147160531953       sec
          50 %           4   49.3119033849798     
 	 100 %           1   97.1606179319788     
 Time :   97.2985829561949     
 WOCIVL455M1NH220/N_atom200E+10_Vexp200E+02_Vemit500E+02_tauD000E+00_Vran300E+01
                      
 Start
           0
 set_grid_done
 set_clumps_done
 Done
 TIME :    1.42556345323101       sec
          50 %           2   46.6025114252698     
 	 100 %           2   91.7656811363995     
 Time :   91.9095948792528     
 WOCIVL455M1NH220/N_atom200E+10_Vexp300E+02_Vemit500E+02_tauD000E+00_Vran300E+01
                      
 Start
           0
 set_grid_done
 set_clumps_done
 Done
 TIME :    1.42847986286506       sec
          50 %           3   46.6197817234788     
 	 100 %           1   91.8767648842186     
 Time :   92.0105092944577     
 WOCIVL455M1NH220/N_atom200E+10_Vexp400E+02_Vemit500E+02_tauD000E+00_Vran300E+01
                      
 Start
           0
 set_grid_done
 set_clumps_done
 Done
 TIME :    1.42741037253290       sec
          50 %           2   47.1695673204958     
 	 100 %           4   92.8896071230993     
 Time :   93.0243080002256     
 WOCIVL455M1NH220/N_atom200E+10_Vexp500E+02_Vemit500E+02_tauD000E+00_Vran300E+01
                      
 Start
           0
 set_grid_done
 set_clumps_done
 Done
 TIME :    1.42991969315335       sec
          50 %           1   47.3306571135763     
 	 100 %           3   93.1538318064995     
 Time :   93.3006329243071     
 WOCIVL455M1NH220/N_atom200E+10_Vexp600E+02_Vemit500E+02_tauD000E+00_Vran300E+01
                      
 Start
           0
 set_grid_done
 set_clumps_done
 Done
 TIME :    1.42746795108542       sec
          50 %           3   47.0599250658415     
 	 100 %           4   92.6736691265833     
 Time :   92.8096792171709     
 WOCIVL455M1NH220/N_atom200E+10_Vexp700E+02_Vemit500E+02_tauD000E+00_Vran300E+01
                      
 Start
           0
 set_grid_done
 set_clumps_done
 Done
 TIME :    1.42634859634563       sec
          50 %           2   46.5438683622051     
 	 100 %           1   91.7013046813663     
 Time :   91.8346544560045     
 WOCIVL455M1NH220/N_atom200E+10_Vexp800E+02_Vemit500E+02_tauD000E+00_Vran300E+01
                      
 Start
           0
 set_grid_done
 set_clumps_done
 Done
 TIME :    1.42742451932281       sec
          50 %           3   45.8512901607901     
 	 100 %           1   90.2628141257446     
 Time :   90.3966934205964     
 WOCIVL455M1NH220/N_atom200E+10_Vexp900E+02_Vemit500E+02_tauD000E+00_Vran300E+01
                      
 Start
           0
 set_grid_done
 set_clumps_done
 Done
 TIME :    1.42500186222605       sec
          50 %           2   45.2529286206700     
 	 100 %           3   89.0622790833004     
 Time :   89.1917142821476     
 WOCIVL455M1NH220/N_atom200E+10_Vexp100E+03_Vemit500E+02_tauD000E+00_Vran300E+01
                      
 Start
           0
 set_grid_done
 set_clumps_done
 Done
 TIME :    1.42876624409109       sec
          50 %           3   45.0134692157153     
 	 100 %           3   88.5355493153911     
 Time :   88.6671254991088     
 WOCIVL455M1NH220/N_atom200E+10_Vexp200E+03_Vemit500E+02_tauD000E+00_Vran300E+01
                      
 Start
           0
 set_grid_done
 set_clumps_done
 Done
 TIME :    1.42792189889587       sec
          50 %           1   40.7375771445222     
 	 100 %           3   79.9912589909509     
 Time :   80.1257048463449     
 WOCIVL455M1NH220/N_atom200E+10_Vexp300E+03_Vemit500E+02_tauD000E+00_Vran300E+01
                      
 Start
           0
 set_grid_done
 set_clumps_done
 Done
 TIME :    1.42785617476329       sec
          50 %           4   38.7636960782111     
 	 100 %           4   76.0501281865872     
 Time :   76.1844127671793     
 WOCIVL455M1NH220/N_atom200E+10_Vexp500E+01_Vemit500E+02_tauD000E+00_Vran300E+01
                      
 Start
           0
 set_grid_done
 set_clumps_done
 Done
 TIME :    1.42655774159357       sec
          50 %           1   55.7365034488030     
 	 100 %           1   109.988239953062     
 Time :   110.120511911111     
 WOCIVL455M1NH220/N_atom200E+10_Vexp100E+02_Vemit500E+02_tauD000E+00_Vran500E+01
                      
 Start
           0
 set_grid_done
 set_clumps_done
 Done
 TIME :    1.42645394545980       sec
          50 %           3   56.8561524851248     
 	 100 %           4   112.309753102250     
 Time :   112.442955658771     
 WOCIVL455M1NH220/N_atom200E+10_Vexp200E+02_Vemit500E+02_tauD000E+00_Vran500E+01
                      
 Start
           0
 set_grid_done
 set_clumps_done
 Done
 TIME :    1.42760740476660       sec
          50 %           4   51.2510989811271     
 	 100 %           1   101.057787712198     
 Time :   101.192083604168     
 WOCIVL455M1NH220/N_atom200E+10_Vexp300E+02_Vemit500E+02_tauD000E+00_Vran500E+01
                      
 Start
           0
 set_grid_done
 set_clumps_done
 Done
 TIME :    1.42631071503274       sec
          50 %           1   51.1220862504561     
 	 100 %           1   100.741250566207     
 Time :   100.874838089803     
 WOCIVL455M1NH220/N_atom200E+10_Vexp400E+02_Vemit500E+02_tauD000E+00_Vran500E+01
                      
 Start
           0
 set_grid_done
 set_clumps_done
 Done
 TIME :    1.42847824981436       sec
          50 %           4   50.8913042494096     
 	 100 %           4   100.408771561459     
 Time :   100.545337001095     
 WOCIVL455M1NH220/N_atom200E+10_Vexp500E+02_Vemit500E+02_tauD000E+00_Vran500E+01
                      
 Start
           0
 set_grid_done
 set_clumps_done
 Done
 TIME :    1.42777638393454       sec
          50 %           1   50.2422477023210     
 	 100 %           3   98.9906299901195     
 Time :   99.1233408476692     
 WOCIVL455M1NH220/N_atom200E+10_Vexp600E+02_Vemit500E+02_tauD000E+00_Vran500E+01
                      
 Start
           0
 set_grid_done
 set_clumps_done
 Done
 TIME :    1.42588803614490       sec
          50 %           1   49.5119259427302     
 	 100 %           4   97.5885665151291     
 Time :   97.7233348395675     
 WOCIVL455M1NH220/N_atom200E+10_Vexp700E+02_Vemit500E+02_tauD000E+00_Vran500E+01
                      
 Start
           0
 set_grid_done
 set_clumps_done
 Done
 TIME :    1.42867130460218       sec
          50 %           4   48.6025455822237     
 	 100 %           2   95.7095625177026     
 Time :   95.8445298380684     
 WOCIVL455M1NH220/N_atom200E+10_Vexp800E+02_Vemit500E+02_tauD000E+00_Vran500E+01
                      
 Start
           0
 set_grid_done
 set_clumps_done
 Done
 TIME :    1.42859717458487       sec
          50 %           4   47.7317812677938     
 	 100 %           2   94.0708441759925     
 Time :   94.2042545049917     
 WOCIVL455M1NH220/N_atom200E+10_Vexp900E+02_Vemit500E+02_tauD000E+00_Vran500E+01
                      
 Start
           0
 set_grid_done
 set_clumps_done
 Done
 TIME :    1.42621761909686       sec
          50 %           2   46.7665581549518     
 	 100 %           1   92.1029635560699     
 Time :   92.2362065990455     
 WOCIVL455M1NH220/N_atom200E+10_Vexp100E+03_Vemit500E+02_tauD000E+00_Vran500E+01
                      
 Start
           0
 set_grid_done
 set_clumps_done
 Done
 TIME :    1.42858682502992       sec
          50 %           4   46.0291694737971     
 	 100 %           3   90.5975714845117     
 Time :   90.7306791215669     
 WOCIVL455M1NH220/N_atom200E+10_Vexp200E+03_Vemit500E+02_tauD000E+00_Vran500E+01
                      
 Start
           0
 set_grid_done
 set_clumps_done
 Done
 TIME :    1.42634898726828       sec
          50 %           4   41.2721090929117     
 	 100 %           4   81.0386551015545     
 Time :   81.1729032234289     
 WOCIVL455M1NH220/N_atom200E+10_Vexp300E+03_Vemit500E+02_tauD000E+00_Vran500E+01
                      
 Start
           0
 set_grid_done
 set_clumps_done
 Done
 TIME :    1.42830327944830       sec
          50 %           4   39.0895296477247     
 	 100 %           4   76.7945006415248     
 Time :   76.9303079389501     
 WOCIVL455M1NH220/N_atom200E+10_Vexp500E+01_Vemit500E+02_tauD000E+00_Vran500E+01
                      
 Start
           0
 set_grid_done
 set_clumps_done
 Done
 TIME :    1.42785093490966       sec
          50 %           2   69.3106974505354     
 	 100 %           1   137.212325279135     
 Time :   137.345941937994     
 WOCIVL455M1NH220/N_atom200E+10_Vexp100E+02_Vemit600E+02_tauD000E+00_Vran118E+01
                      
 Start
           0
 set_grid_done
 set_clumps_done
 Done
 TIME :    1.42859590239823       sec
          50 %           3   42.4863671218045     
 	 100 %           2   83.4561397477519     
 Time :   83.5903234879952     
 WOCIVL455M1NH220/N_atom200E+10_Vexp200E+02_Vemit600E+02_tauD000E+00_Vran118E+01
                      
 Start
           0
 set_grid_done
 set_clumps_done
 Done
 TIME :    1.42695069406182       sec
          50 %           1   42.1918699855451     
 	 100 %           3   82.9717673345003     
 Time :   83.1062995931134     
 WOCIVL455M1NH220/N_atom200E+10_Vexp300E+02_Vemit600E+02_tauD000E+00_Vran118E+01
                      
 Start
           0
 set_grid_done
 set_clumps_done
 Done
 TIME :    1.42705124383792       sec
          50 %           4   42.6962493471801     
 	 100 %           3   83.9814125129487     
 Time :   84.1142987017520     
 WOCIVL455M1NH220/N_atom200E+10_Vexp400E+02_Vemit600E+02_tauD000E+00_Vran118E+01
                      
 Start
           0
 set_grid_done
 set_clumps_done
 Done
 TIME :    1.42799348407425       sec
          50 %           4   43.4928501662798     
 	 100 %           3   85.5917161814868     
 Time :   85.7362638518680     
 WOCIVL455M1NH220/N_atom200E+10_Vexp500E+02_Vemit600E+02_tauD000E+00_Vran118E+01
                      
 Start
           0
 set_grid_done
 set_clumps_done
 Done
 TIME :    1.42923340643756       sec
          50 %           1   44.2524865791202     
 	 100 %           1   86.9968743331265     
 Time :   87.1340364804491     
 WOCIVL455M1NH220/N_atom200E+10_Vexp600E+02_Vemit600E+02_tauD000E+00_Vran118E+01
                      
 Start
           0
 set_grid_done
 set_clumps_done
 Done
 TIME :    1.42762533854693       sec
          50 %           4   44.4191486297641     
 	 100 %           4   87.3443181605544     
 Time :   87.4809541536961     
 WOCIVL455M1NH220/N_atom200E+10_Vexp700E+02_Vemit600E+02_tauD000E+00_Vran118E+01
                      
 Start
           0
 set_grid_done
 set_clumps_done
 Done
 TIME :    1.42628615838476       sec
          50 %           3   44.4694181126542     
 	 100 %           2   87.4388286268804     
 Time :   87.5739548876882     
 WOCIVL455M1NH220/N_atom200E+10_Vexp800E+02_Vemit600E+02_tauD000E+00_Vran118E+01
                      
 Start
           0
 set_grid_done
 set_clumps_done
 Done
 TIME :    1.42799769202247       sec
          50 %           1   44.2251480892301     
 	 100 %           3   87.1119637589436     
 Time :   87.2468097403180     
 WOCIVL455M1NH220/N_atom200E+10_Vexp900E+02_Vemit600E+02_tauD000E+00_Vran118E+01
                      
 Start
           0
 set_grid_done
 set_clumps_done
 Done
 TIME :    1.42876083380543       sec
          50 %           1   44.0728719877079     
 	 100 %           2   86.7255270935129     
 Time :   86.8617665474303     
 WOCIVL455M1NH220/N_atom200E+10_Vexp100E+03_Vemit600E+02_tauD000E+00_Vran118E+01
                      
 Start
           0
 set_grid_done
 set_clumps_done
 Done
 TIME :    1.42739727767184       sec
          50 %           2   43.7314305002801     
 	 100 %           2   86.1041761699598     
 Time :   86.2397290065419     
 WOCIVL455M1NH220/N_atom200E+10_Vexp200E+03_Vemit600E+02_tauD000E+00_Vran118E+01
                      
 Start
           0
 set_grid_done
 set_clumps_done
 Done
 TIME :    1.42709019733593       sec
          50 %           1   41.0097805017140     
 	 100 %           2   80.6273193245288     
 Time :   80.7599359641317     
 WOCIVL455M1NH220/N_atom200E+10_Vexp300E+03_Vemit600E+02_tauD000E+00_Vran118E+01
                      
 Start
           0
 set_grid_done
 set_clumps_done
 Done
 TIME :    1.42781817284413       sec
          50 %           3   39.0220877211541     
 	 100 %           4   76.6387110620271     
 Time :   76.7735357230995     
 WOCIVL455M1NH220/N_atom200E+10_Vexp500E+01_Vemit600E+02_tauD000E+00_Vran118E+01
                      
 Start
           0
 set_grid_done
 set_clumps_done
 Done
 TIME :    1.42849148483947       sec
          50 %           3   44.2650098891463     
 	 100 %           4   87.0056986347772     
 Time :   87.1395464001689     
 WOCIVL455M1NH220/N_atom200E+10_Vexp100E+02_Vemit600E+02_tauD000E+00_Vran300E+01
                      
 Start
           0
 set_grid_done
 set_clumps_done
 Done
 TIME :    1.42789712222293       sec
          50 %           2   47.4233336250763     
 	 100 %           1   93.2797342911363     
 Time :   93.4160162853077     
 WOCIVL455M1NH220/N_atom200E+10_Vexp200E+02_Vemit600E+02_tauD000E+00_Vran300E+01
                      
 Start
           0
 set_grid_done
 set_clumps_done
 Done
 TIME :    1.42767905001529       sec
          50 %           2   45.0875637806021     
 	 100 %           4   88.6738276111428     
 Time :   88.8083196936641     
 WOCIVL455M1NH220/N_atom200E+10_Vexp300E+02_Vemit600E+02_tauD000E+00_Vran300E+01
                      
 Start
           0
 set_grid_done
 set_clumps_done
 Done
 TIME :    1.42674686876126       sec
          50 %           1   45.1811839349102     
 	 100 %           2   89.0026500273962     
 Time :   89.1371913531329     
 WOCIVL455M1NH220/N_atom200E+10_Vexp400E+02_Vemit600E+02_tauD000E+00_Vran300E+01
                      
 Start
           0
 set_grid_done
 set_clumps_done
 Done
 TIME :    1.42918600724079       sec
          50 %           3   45.8521015939768     
 	 100 %           3   90.2748897899874     
 Time :   90.4124070280232     
 WOCIVL455M1NH220/N_atom200E+10_Vexp500E+02_Vemit600E+02_tauD000E+00_Vran300E+01
                      
 Start
           0
 set_grid_done
 set_clumps_done
 Done
 TIME :    1.42518890532665       sec
          50 %           2   45.9799074945040     
 	 100 %           1   90.5301438351162     
 Time :   90.6644760158379     
 WOCIVL455M1NH220/N_atom200E+10_Vexp600E+02_Vemit600E+02_tauD000E+00_Vran300E+01
                      
 Start
           0
 set_grid_done
 set_clumps_done
 Done
 TIME :    1.42624851735309       sec
          50 %           1   45.9280166181270     
 	 100 %           2   90.4175839484669     
 Time :   90.5501715228893     
 WOCIVL455M1NH220/N_atom200E+10_Vexp700E+02_Vemit600E+02_tauD000E+00_Vran300E+01
                      
 Start
           0
 set_grid_done
 set_clumps_done
 Done
 TIME :    1.42669660388492       sec
          50 %           4   45.7773750347551     
 	 100 %           2   90.0783893261105     
 Time :   90.2123269112781     
 WOCIVL455M1NH220/N_atom200E+10_Vexp800E+02_Vemit600E+02_tauD000E+00_Vran300E+01
                      
 Start
           0
 set_grid_done
 set_clumps_done
 Done
 TIME :    1.42822668445297       sec
          50 %           4   45.3647061991505     
 	 100 %           3   89.2368595039006     
 Time :   89.3726121680811     
 WOCIVL455M1NH220/N_atom200E+10_Vexp900E+02_Vemit600E+02_tauD000E+00_Vran300E+01
                      
 Start
           0
 set_grid_done
 set_clumps_done
 Done
 TIME :    1.42670475924388       sec
          50 %           4   44.8995562826749     
 	 100 %           1   88.2878380401526     
 Time :   88.4244082591031     
 WOCIVL455M1NH220/N_atom200E+10_Vexp100E+03_Vemit600E+02_tauD000E+00_Vran300E+01
                      
 Start
           0
 set_grid_done
 set_clumps_done
 Done
 TIME :    1.42572756297886       sec
          50 %           1   44.5024411524646     
 	 100 %           3   87.6233968271408     
 Time :   87.7574470050167     
 WOCIVL455M1NH220/N_atom200E+10_Vexp200E+03_Vemit600E+02_tauD000E+00_Vran300E+01
                      
 Start
           0
 set_grid_done
 set_clumps_done
 Done
 TIME :    1.42765979352407       sec
          50 %           3   41.1457422010135     
 	 100 %           2   80.8778231455944     
 Time :   81.0141681088135     
 WOCIVL455M1NH220/N_atom200E+10_Vexp300E+03_Vemit600E+02_tauD000E+00_Vran300E+01
                      
 Start
           0
 set_grid_done
 set_clumps_done
 Done
 TIME :    1.42583014699630       sec
          50 %           1   39.1963192126714     
 	 100 %           2   77.0154846012592     
 Time :   77.1495793834329     
 WOCIVL455M1NH220/N_atom200E+10_Vexp500E+01_Vemit600E+02_tauD000E+00_Vran300E+01
                      
 Start
           0
 set_grid_done
 set_clumps_done
 Done
 TIME :    1.42783505469561       sec
          50 %           4   52.8629163792357     
 	 100 %           4   104.281345573254     
 Time :   104.413821707247     
 WOCIVL455M1NH220/N_atom200E+10_Vexp100E+02_Vemit600E+02_tauD000E+00_Vran500E+01
                      
 Start
           0
 set_grid_done
 set_clumps_done
 Done
 TIME :    1.42619675956666       sec
          50 %           3   53.9966347061563     
 	 100 %           1   106.474284730852     
 Time :   106.608434627065     
 WOCIVL455M1NH220/N_atom200E+10_Vexp200E+02_Vemit600E+02_tauD000E+00_Vran500E+01
                      
 Start
           0
 set_grid_done
 set_clumps_done
 Done
 TIME :    1.42731717624702       sec
          50 %           2   49.1922564888373     
 	 100 %           2   96.9562755730003     
 Time :   97.0916012804955     
 WOCIVL455M1NH220/N_atom200E+10_Vexp300E+02_Vemit600E+02_tauD000E+00_Vran500E+01
                      
 Start
           0
 set_grid_done
 set_clumps_done
 Done
 TIME :    1.42947969189845       sec
          50 %           1   49.1767319287173     
 	 100 %           1   96.9120942121372     
 Time :   97.0434837231878     
 WOCIVL455M1NH220/N_atom200E+10_Vexp400E+02_Vemit600E+02_tauD000E+00_Vran500E+01
                      
 Start
           0
 set_grid_done
 set_clumps_done
 Done
 TIME :    1.42694015405141       sec
          50 %           3   49.1739096867386     
 	 100 %           4   96.8580759065226     
 Time :   96.9910663522314     
 WOCIVL455M1NH220/N_atom200E+10_Vexp500E+02_Vemit600E+02_tauD000E+00_Vran500E+01
                      
 Start
           0
 set_grid_done
 set_clumps_done
 Done
 TIME :    1.42950070160441       sec
          50 %           4   48.7695665408392     
 	 100 %           4   96.1512626309413     
 Time :   96.2855092198588     
 WOCIVL455M1NH220/N_atom200E+10_Vexp600E+02_Vemit600E+02_tauD000E+00_Vran500E+01
                      
 Start
           0
 set_grid_done
 set_clumps_done
 Done
 TIME :    1.42848523310386       sec
          50 %           1   48.2176243094727     
 	 100 %           3   95.0104769919999     
 Time :   95.1460061038379     
 WOCIVL455M1NH220/N_atom200E+10_Vexp700E+02_Vemit600E+02_tauD000E+00_Vran500E+01
                      
 Start
           0
 set_grid_done
 set_clumps_done
 Done
 TIME :    1.42861733259633       sec
          50 %           2   47.6772253667004     
 	 100 %           3   93.8773861003574     
 Time :   94.0128936315887     
 WOCIVL455M1NH220/N_atom200E+10_Vexp800E+02_Vemit600E+02_tauD000E+00_Vran500E+01
                      
 Start
           0
 set_grid_done
 set_clumps_done
 Done
 TIME :    1.42625642218627       sec
          50 %           1   46.8286466069985     
 	 100 %           2   92.2435307363048     
 Time :   92.3759077931754     
 WOCIVL455M1NH220/N_atom200E+10_Vexp900E+02_Vemit600E+02_tauD000E+00_Vran500E+01
                      
 Start
           0
 set_grid_done
 set_clumps_done
 Done
 TIME :    1.42748719756491       sec
          50 %           4   46.0882399443071     
 	 100 %           3   90.7770361830480     
 Time :   90.9093369357288     
 WOCIVL455M1NH220/N_atom200E+10_Vexp100E+03_Vemit600E+02_tauD000E+00_Vran500E+01
                      
 Start
           0
 set_grid_done
 set_clumps_done
 Done
 TIME :    1.42359419260174       sec
          50 %           4   45.6150660179555     
 	 100 %           1   89.7432113322429     
 Time :   89.8773895821068     
 WOCIVL455M1NH220/N_atom200E+10_Vexp200E+03_Vemit600E+02_tauD000E+00_Vran500E+01
                      
 Start
           0
 set_grid_done
 set_clumps_done
 Done
 TIME :    1.42762691155076       sec
          50 %           1   41.2927817495074     
 	 100 %           4   81.1025523911230     
 Time :   81.2381086444948     
 WOCIVL455M1NH220/N_atom200E+10_Vexp300E+03_Vemit600E+02_tauD000E+00_Vran500E+01
                      
 Start
           0
 set_grid_done
 set_clumps_done
 Done
 TIME :    1.44589986419305       sec
          50 %           3   39.1376578651834     
 	 100 %           1   76.8100433261134     
 Time :   76.9462761073373     
 WOCIVL455M1NH220/N_atom200E+10_Vexp500E+01_Vemit600E+02_tauD000E+00_Vran500E+01
                      
 Start
           0
 set_grid_done
 set_clumps_done
 Done
 TIME :    1.42971185059287       sec
          50 %           2   65.0470441919751     
 	 100 %           3   128.576865831390     
 Time :   128.711436873069     
 WOCIVL455M1NH220/N_atom200E+10_Vexp100E+02_Vemit700E+02_tauD000E+00_Vran118E+01
                      
 Start
           0
 set_grid_done
 set_clumps_done
 Done
 TIME :    1.42945121810772       sec
          50 %           2   41.4020959138870     
 	 100 %           4   81.3740824663546     
 Time :   81.5073156408034     
 WOCIVL455M1NH220/N_atom200E+10_Vexp200E+02_Vemit700E+02_tauD000E+00_Vran118E+01
                      
 Start
           0
 set_grid_done
 set_clumps_done
 Done
 TIME :    1.43013290595263       sec
          50 %           4   41.5072923391126     
 	 100 %           3   81.5238027093001     
 Time :   81.6568131728563     
 WOCIVL455M1NH220/N_atom200E+10_Vexp300E+02_Vemit700E+02_tauD000E+00_Vran118E+01
                      
 Start
           0
 set_grid_done
 set_clumps_done
 Done
 TIME :    1.42908283229917       sec
          50 %           2   42.1203530600760     
 	 100 %           2   82.7378130001016     
 Time :   82.8736438921187     
 WOCIVL455M1NH220/N_atom200E+10_Vexp400E+02_Vemit700E+02_tauD000E+00_Vran118E+01
                      
 Start
           0
 set_grid_done
 set_clumps_done
 Done
 TIME :    1.42943595931865       sec
          50 %           4   42.9041949941311     
 	 100 %           4   84.3004866624251     
 Time :   84.4323495777790     
 WOCIVL455M1NH220/N_atom200E+10_Vexp500E+02_Vemit700E+02_tauD000E+00_Vran118E+01
                      
 Start
           0
 set_grid_done
 set_clumps_done
 Done
 TIME :    1.42747892183252       sec
          50 %           3   43.4070878676139     
 	 100 %           2   85.3823545794003     
 Time :   85.5148912679870     
 WOCIVL455M1NH220/N_atom200E+10_Vexp600E+02_Vemit700E+02_tauD000E+00_Vran118E+01
                      
 Start
           0
 set_grid_done
 set_clumps_done
 Done
 TIME :    1.43297165934928       sec
          50 %           4   43.6407241311390     
 	 100 %           3   85.8500424411613     
 Time :   85.9842463794630     
 WOCIVL455M1NH220/N_atom200E+10_Vexp700E+02_Vemit700E+02_tauD000E+00_Vran118E+01
                      
 Start
           0
 set_grid_done
 set_clumps_done
 Done
 TIME :    1.43044814164750       sec
          50 %           2   43.7294839029200     
 	 100 %           4   86.0846733637154     
 Time :   86.2183075957000     
 WOCIVL455M1NH220/N_atom200E+10_Vexp800E+02_Vemit700E+02_tauD000E+00_Vran118E+01
                      
 Start
           0
 set_grid_done
 set_clumps_done
 Done
 TIME :    1.42659322870895       sec
          50 %           4   43.6111044313293     
 	 100 %           4   85.6945007599425     
 Time :   85.8296767848078     
 WOCIVL455M1NH220/N_atom200E+10_Vexp900E+02_Vemit700E+02_tauD000E+00_Vran118E+01
                      
 Start
           0
 set_grid_done
 set_clumps_done
 Done
 TIME :    1.42852816428058       sec
          50 %           3   43.4796528629959     
 	 100 %           2   85.5156899269205     
 Time :   85.6530553081539     
 WOCIVL455M1NH220/N_atom200E+10_Vexp100E+03_Vemit700E+02_tauD000E+00_Vran118E+01
                      
 Start
           0
 set_grid_done
 set_clumps_done
 Done
 TIME :    1.42558641638607       sec
          50 %           3   43.4979786253534     
 	 100 %           1   85.5163450445980     
 Time :   85.6494290570263     
 WOCIVL455M1NH220/N_atom200E+10_Vexp200E+03_Vemit700E+02_tauD000E+00_Vran118E+01
                      
 Start
           0
 set_grid_done
 set_clumps_done
 Done
 TIME :    1.42710133851506       sec
          50 %           2   41.0758491838351     
 	 100 %           2   80.5917527796701     
 Time :   80.7282494595274     
 WOCIVL455M1NH220/N_atom200E+10_Vexp300E+03_Vemit700E+02_tauD000E+00_Vran118E+01
                      
 Start
           0
 set_grid_done
 set_clumps_done
 Done
 TIME :    1.42918476462364       sec
          50 %           3   39.4666586283129     
 	 100 %           3   77.3382397047244     
 Time :   77.4735183233861     
 WOCIVL455M1NH220/N_atom200E+10_Vexp500E+01_Vemit700E+02_tauD000E+00_Vran118E+01
                      
 Start
           0
 set_grid_done
 set_clumps_done
 Done
 TIME :    1.43044592742808       sec
          50 %           1   42.7149360314943     
 	 100 %           4   83.9502814980224     
 Time :   84.0833729645237     
 WOCIVL455M1NH220/N_atom200E+10_Vexp100E+02_Vemit700E+02_tauD000E+00_Vran300E+01
                      
 Start
           0
 set_grid_done
 set_clumps_done
 Done
 TIME :    1.43298568576574       sec
          50 %           3   45.7032783157192     
 	 100 %           2   89.9984013268258     
 Time :   90.1316922903061     
 WOCIVL455M1NH220/N_atom200E+10_Vexp200E+02_Vemit700E+02_tauD000E+00_Vran300E+01
                      
 Start
           0
 set_grid_done
 set_clumps_done
 Done
 TIME :    1.43400449049659       sec
          50 %           1   43.7346405952703     
 	 100 %           3   86.0809308029711     
 Time :   86.2143531546462     
 WOCIVL455M1NH220/N_atom200E+10_Vexp300E+02_Vemit700E+02_tauD000E+00_Vran300E+01
                      
 Start
           0
 set_grid_done
 set_clumps_done
 Done
 TIME :    1.43000785983168       sec
          50 %           3   43.8603344557341     
 	 100 %           1   86.2924131616019     
 Time :   86.4242701458279     
 WOCIVL455M1NH220/N_atom200E+10_Vexp400E+02_Vemit700E+02_tauD000E+00_Vran300E+01
                      
 Start
           0
 set_grid_done
 set_clumps_done
 Done
 TIME :    1.43068058067001       sec
          50 %           2   44.5820725681260     
 	 100 %           4   87.7014942849055     
 Time :   87.8356988946907     
 WOCIVL455M1NH220/N_atom200E+10_Vexp500E+02_Vemit700E+02_tauD000E+00_Vran300E+01
                      
 Start
           0
 set_grid_done
 set_clumps_done
 Done
 TIME :    1.43451579660177       sec
          50 %           4   44.8645066542085     
 	 100 %           1   88.2315940298140     
 Time :   88.3668948404957     
 WOCIVL455M1NH220/N_atom200E+10_Vexp600E+02_Vemit700E+02_tauD000E+00_Vran300E+01
                      
 Start
           0
 set_grid_done
 set_clumps_done
 Done
 TIME :    1.43024494778365       sec
          50 %           4   44.8422935376875     
 	 100 %           2   88.0634719508234     
 Time :   88.1980310101062     
 WOCIVL455M1NH220/N_atom200E+10_Vexp700E+02_Vemit700E+02_tauD000E+00_Vran300E+01
                      
 Start
           0
 set_grid_done
 set_clumps_done
 Done
 TIME :    1.43174830800854       sec
          50 %           2   44.7300657480955     
 	 100 %           2   88.1311971822288     
 Time :   88.2644856411498     
 WOCIVL455M1NH220/N_atom200E+10_Vexp800E+02_Vemit700E+02_tauD000E+00_Vran300E+01
                      
 Start
           0
 set_grid_done
 set_clumps_done
 Done
 TIME :    1.43198516545817       sec
          50 %           1   44.6381293348968     
 	 100 %           2   87.8438289945479     
 Time :   87.9786642054096     
 WOCIVL455M1NH220/N_atom200E+10_Vexp900E+02_Vemit700E+02_tauD000E+00_Vran300E+01
                      
 Start
           0
 set_grid_done
 set_clumps_done
 Done
 TIME :    1.43294087122194       sec
          50 %           3   44.1524737274740     
 	 100 %           4   86.8699421032798     
 Time :   87.0014013061300     
 WOCIVL455M1NH220/N_atom200E+10_Vexp100E+03_Vemit700E+02_tauD000E+00_Vran300E+01
                      
 Start
           0
 set_grid_done
 set_clumps_done
 Done
 TIME :    1.43298154789954       sec
          50 %           3   43.9015921629034     
 	 100 %           4   86.2818927254993     
 Time :   86.4164471761324     
 WOCIVL455M1NH220/N_atom200E+10_Vexp200E+03_Vemit700E+02_tauD000E+00_Vran300E+01
                      
 Start
           0
 set_grid_done
 set_clumps_done
 Done
 TIME :    1.43314599874429       sec
          50 %           3   40.8238994111307     
 	 100 %           4   80.1016341301147     
 Time :   80.2356277611107     
 WOCIVL455M1NH220/N_atom200E+10_Vexp300E+03_Vemit700E+02_tauD000E+00_Vran300E+01
                      
 Start
           0
 set_grid_done
 set_clumps_done
 Done
 TIME :    1.43237786740065       sec
          50 %           3   38.8306881748140     
 	 100 %           1   76.1631646335591     
 Time :   76.2974637816660     
 WOCIVL455M1NH220/N_atom200E+10_Vexp500E+01_Vemit700E+02_tauD000E+00_Vran300E+01
                      
 Start
           0
 set_grid_done
 set_clumps_done
 Done
 TIME :    1.43212736397982       sec
          50 %           1   50.7112238977570     
 	 100 %           1   99.9957891735248     
 Time :   100.127485404024     
 WOCIVL455M1NH220/N_atom200E+10_Vexp100E+02_Vemit700E+02_tauD000E+00_Vran500E+01
                      
 Start
           0
 set_grid_done
 set_clumps_done
 Done
 TIME :    1.43498070491478       sec
          50 %           3   51.6280360091478     
 	 100 %           3   101.819582853466     
 Time :   101.953134860145     
 WOCIVL455M1NH220/N_atom200E+10_Vexp200E+02_Vemit700E+02_tauD000E+00_Vran500E+01
                      
 Start
           0
 set_grid_done
 set_clumps_done
 Done
 TIME :    1.43185673281550       sec
          50 %           3   47.4305525836535     
 	 100 %           3   93.3797436864115     
 Time :   93.5128701990470     
 WOCIVL455M1NH220/N_atom200E+10_Vexp300E+02_Vemit700E+02_tauD000E+00_Vran500E+01
                      
 Start
           0
 set_grid_done
 set_clumps_done
 Done
 TIME :    1.43521927576512       sec
          50 %           3   47.4009667679202     
 	 100 %           3   93.4373027915135     
 Time :   93.5724252150394     
 WOCIVL455M1NH220/N_atom200E+10_Vexp400E+02_Vemit700E+02_tauD000E+00_Vran500E+01
                      
 Start
           0
 set_grid_done
 set_clumps_done
 Done
 TIME :    1.43113040062599       sec
          50 %           4   47.4889461554121     
 	 100 %           3   93.4618002539501     
 Time :   93.5944766362663     
 WOCIVL455M1NH220/N_atom200E+10_Vexp500E+02_Vemit700E+02_tauD000E+00_Vran500E+01
                      
 Start
           0
 set_grid_done
 set_clumps_done
 Done
 TIME :    1.43327366979793       sec
          50 %           1   47.1366880824789     
 	 100 %           1   92.8011498327833     
 Time :   92.9353995276615     
 WOCIVL455M1NH220/N_atom200E+10_Vexp600E+02_Vemit700E+02_tauD000E+00_Vran500E+01
                      
 Start
           0
 set_grid_done
 set_clumps_done
 Done
 TIME :    1.43337998073548       sec
          50 %           1   46.8468506296631     
 	 100 %           2   92.2827828044537     
 Time :   92.4187566165347     
 WOCIVL455M1NH220/N_atom200E+10_Vexp700E+02_Vemit700E+02_tauD000E+00_Vran500E+01
                      
 Start
           0
 set_grid_done
 set_clumps_done
 Done
 TIME :    1.42963396338746       sec
          50 %           1   46.2282773335464     
 	 100 %           1   91.0089041355532     
 Time :   91.1429162714630     
 WOCIVL455M1NH220/N_atom200E+10_Vexp800E+02_Vemit700E+02_tauD000E+00_Vran500E+01
                      
 Start
           0
 set_grid_done
 set_clumps_done
 Done
 TIME :    1.43374656327069       sec
          50 %           3   45.9272208749317     
 	 100 %           1   90.4141643980984     
 Time :   90.5493284102995     
 WOCIVL455M1NH220/N_atom200E+10_Vexp900E+02_Vemit700E+02_tauD000E+00_Vran500E+01
                      
 Start
           0
 set_grid_done
 set_clumps_done
 Done
 TIME :    1.43241070955992       sec
          50 %           2   45.3271509571932     
 	 100 %           3   89.1544367745519     
 Time :   89.2859720210545     
 WOCIVL455M1NH220/N_atom200E+10_Vexp100E+03_Vemit700E+02_tauD000E+00_Vran500E+01
                      
 Start
           0
 set_grid_done
 set_clumps_done
 Done
 TIME :    1.43267144192941       sec
          50 %           4   44.9959742627107     
 	 100 %           4   88.4850111948326     
 Time :   88.6191956764087     
 WOCIVL455M1NH220/N_atom200E+10_Vexp200E+03_Vemit700E+02_tauD000E+00_Vran500E+01
                      
 Start
           0
 set_grid_done
 set_clumps_done
 Done
 TIME :    1.43149250466377       sec
          50 %           1   40.9687863625586     
 	 100 %           3   80.5374040899333     
 Time :   80.6727216420695     
 WOCIVL455M1NH220/N_atom200E+10_Vexp300E+03_Vemit700E+02_tauD000E+00_Vran500E+01
                      
 Start
           0
 set_grid_done
 set_clumps_done
 Done
 TIME :    1.43503824365325       sec
          50 %           4   39.0070346919820     
 	 100 %           1   76.5912686001975     
 Time :   76.7245470299385     
 WOCIVL455M1NH220/N_atom200E+10_Vexp500E+01_Vemit700E+02_tauD000E+00_Vran500E+01
                      
 Start
           0
 set_grid_done
 set_clumps_done
 Done
 TIME :    1.43080491549335       sec
          50 %           4   61.2218011610676     
 	 100 %           1   121.095935697900     
 Time :   121.232525173109     
 WOCIVL455M1NH220/N_atom200E+10_Vexp100E+02_Vemit800E+02_tauD000E+00_Vran118E+01
                      
 Start
           0
 set_grid_done
 set_clumps_done
 Done
 TIME :    1.43250432633795       sec
          50 %           3   40.4885703218170     
 	 100 %           4   79.3997099415865     
 Time :   79.5320349500980     
 WOCIVL455M1NH220/N_atom200E+10_Vexp200E+02_Vemit800E+02_tauD000E+00_Vran118E+01
                      
 Start
           0
 set_grid_done
 set_clumps_done
 Done
 TIME :    1.43086537998170       sec
          50 %           1   40.2605830009561     
 	 100 %           1   79.0814860386308     
 Time :   79.2150925884489     
 WOCIVL455M1NH220/N_atom200E+10_Vexp300E+02_Vemit800E+02_tauD000E+00_Vran118E+01
                      
 Start
           0
 set_grid_done
 set_clumps_done
 Done
 TIME :    1.43248327658512       sec
          50 %           2   40.8820842483547     
 	 100 %           3   80.3604730484076     
 Time :   80.4945717379451     
 WOCIVL455M1NH220/N_atom200E+10_Vexp400E+02_Vemit800E+02_tauD000E+00_Vran118E+01
                      
 Start
           0
 set_grid_done
 set_clumps_done
 Done
 TIME :    1.43483152287081       sec
          50 %           4   41.5600104480982     
 	 100 %           2   81.7680346108973     
 Time :   81.9011064001825     
 WOCIVL455M1NH220/N_atom200E+10_Vexp500E+02_Vemit800E+02_tauD000E+00_Vran118E+01
                      
 Start
           0
 set_grid_done
 set_clumps_done
 Done
 TIME :    1.43325124750845       sec
          50 %           4   42.1799767857883     
 	 100 %           3   82.9625226587523     
 Time :   83.0978386879433     
 WOCIVL455M1NH220/N_atom200E+10_Vexp600E+02_Vemit800E+02_tauD000E+00_Vran118E+01
                      
 Start
           0
 set_grid_done
 set_clumps_done
 Done
 TIME :    1.43338935845532       sec
          50 %           1   42.6052163708955     
 	 100 %           1   83.8007250444498     
 Time :   83.9339764132164     
 WOCIVL455M1NH220/N_atom200E+10_Vexp700E+02_Vemit800E+02_tauD000E+00_Vran118E+01
                      
 Start
           0
 set_grid_done
 set_clumps_done
 Done
 TIME :    1.43347506038845       sec
          50 %           1   42.7184271672741     
 	 100 %           4   84.0465454673395     
 Time :   84.1816083784215     
 WOCIVL455M1NH220/N_atom200E+10_Vexp800E+02_Vemit800E+02_tauD000E+00_Vran118E+01
                      
 Start
           0
 set_grid_done
 set_clumps_done
 Done
 TIME :    1.43196620978415       sec
          50 %           1   42.7106927849818     
 	 100 %           4   83.9546624848153     
 Time :   84.0881141119171     
 WOCIVL455M1NH220/N_atom200E+10_Vexp900E+02_Vemit800E+02_tauD000E+00_Vran118E+01
                      
 Start
           0
 set_grid_done
 set_clumps_done
 Done
 TIME :    1.43360632820986       sec
          50 %           1   42.8198124822229     
 	 100 %           3   84.1329542573076     
 Time :   84.2666201288812     
 WOCIVL455M1NH220/N_atom200E+10_Vexp100E+03_Vemit800E+02_tauD000E+00_Vran118E+01
                      
 Start
           0
 set_grid_done
 set_clumps_done
 Done
 TIME :    1.43386995629407       sec
          50 %           1   42.7954425006174     
 	 100 %           1   84.1047614633571     
 Time :   84.2394250200596     
 WOCIVL455M1NH220/N_atom200E+10_Vexp200E+03_Vemit800E+02_tauD000E+00_Vran118E+01
                      
 Start
           0
 set_grid_done
 set_clumps_done
 Done
 TIME :    1.43695576628670       sec
          50 %           1   40.7652434136253     
 	 100 %           2   80.0523343991954     
 Time :   80.1859057925176     
 WOCIVL455M1NH220/N_atom200E+10_Vexp300E+03_Vemit800E+02_tauD000E+00_Vran118E+01
                      
 Start
           0
 set_grid_done
 set_clumps_done
 Done
 TIME :    1.43447831575759       sec
          50 %           2   39.1213369905017     
 	 100 %           4   76.7357934275642     
 Time :   76.8732125503011     
 WOCIVL455M1NH220/N_atom200E+10_Vexp500E+01_Vemit800E+02_tauD000E+00_Vran118E+01
                      
 Start
           0
 set_grid_done
 set_clumps_done
 Done
 TIME :    1.43214550847188       sec
          50 %           4   41.8802925497293     
 	 100 %           2   82.1766116558574     
 Time :   82.3200348517857     
 WOCIVL455M1NH220/N_atom200E+10_Vexp100E+02_Vemit800E+02_tauD000E+00_Vran300E+01
                      
 Start
           0
 set_grid_done
 set_clumps_done
 Done
 TIME :    1.42962582805194       sec
          50 %           1   44.4594621232245     
 	 100 %           1   87.5648547753226     
 Time :   87.7026309825014     
 WOCIVL455M1NH220/N_atom200E+10_Vexp200E+02_Vemit800E+02_tauD000E+00_Vran300E+01
                      
 Start
           0
 set_grid_done
 set_clumps_done
 Done
 TIME :    1.43366176309064       sec
          50 %           1   42.6712594844867     
 	 100 %           2   83.9151614063885     
 Time :   84.0496046969201     
 WOCIVL455M1NH220/N_atom200E+10_Vexp300E+02_Vemit800E+02_tauD000E+00_Vran300E+01
                      
 Start
           0
 set_grid_done
 set_clumps_done
 Done
 TIME :    1.43258960731328       sec
          50 %           4   42.8972092359327     
 	 100 %           1   84.3651529145427     
 Time :   84.4999530392233     
 WOCIVL455M1NH220/N_atom200E+10_Vexp400E+02_Vemit800E+02_tauD000E+00_Vran300E+01
                      
 Start
           0
 set_grid_done
 set_clumps_done
 Done
 TIME :    1.43503022845834       sec
          50 %           1   43.5069859726354     
 	 100 %           1   85.5201363472734     
 Time :   85.6550523608457     
 WOCIVL455M1NH220/N_atom200E+10_Vexp500E+02_Vemit800E+02_tauD000E+00_Vran300E+01
                      
 Start
           0
 set_grid_done
 set_clumps_done
 Done
 TIME :    1.43307735910639       sec
          50 %           3   43.7655963792931     
 	 100 %           1   86.0261849430390     
 Time :   86.1590180615894     
 WOCIVL455M1NH220/N_atom200E+10_Vexp600E+02_Vemit800E+02_tauD000E+00_Vran300E+01
                      
 Start
           0
 set_grid_done
 set_clumps_done
 Done
 TIME :    1.43356309668161       sec
          50 %           1   43.9506274941377     
 	 100 %           1   86.4839064953849     
 Time :   86.6200105333701     
 WOCIVL455M1NH220/N_atom200E+10_Vexp700E+02_Vemit800E+02_tauD000E+00_Vran300E+01
                      
 Start
           0
 set_grid_done
 set_clumps_done
 Done
 TIME :    1.43384460848756       sec
          50 %           1   43.7730679251254     
 	 100 %           1   87.1042331438512     
 Time :   87.2388112589251     
 WOCIVL455M1NH220/N_atom200E+10_Vexp800E+02_Vemit800E+02_tauD000E+00_Vran300E+01
                      
 Start
           0
 set_grid_done
 set_clumps_done
 Done
 TIME :    1.43373700510710       sec
          50 %           3   44.5580716838595     
 	 100 %           1   87.6461995479185     
 Time :   87.7791837616824     
 WOCIVL455M1NH220/N_atom200E+10_Vexp900E+02_Vemit800E+02_tauD000E+00_Vran300E+01
                      
 Start
           0
 set_grid_done
 set_clumps_done
 Done
 TIME :    1.41951942420565       sec
          50 %           2   44.2459376766346     
 	 100 %           2   86.9519119169563     
 Time :   87.0832404326648     
 WOCIVL455M1NH220/N_atom200E+10_Vexp100E+03_Vemit800E+02_tauD000E+00_Vran300E+01
                      
 Start
           0
 set_grid_done
 set_clumps_done
 Done
 TIME :    1.42035231785849       sec
          50 %           4   44.0936626167968     
 	 100 %           2   86.6588239828125     
 Time :   86.7916830403265     
 WOCIVL455M1NH220/N_atom200E+10_Vexp200E+03_Vemit800E+02_tauD000E+00_Vran300E+01
                      
 Start
           0
 set_grid_done
 set_clumps_done
 Done
 TIME :    1.42159962421283       sec
          50 %           2   41.3962911372073     
 	 100 %           1   81.3416881547309     
 Time :   81.4732686365023     
 WOCIVL455M1NH220/N_atom200E+10_Vexp300E+03_Vemit800E+02_tauD000E+00_Vran300E+01
                      
 Start
           0
 set_grid_done
 set_clumps_done
 Done
 TIME :    1.41990016354248       sec
          50 %           3   39.7489386934321     
 	 100 %           3   78.1109092510305     
 Time :   78.2416066946462     
 WOCIVL455M1NH220/N_atom200E+10_Vexp500E+01_Vemit800E+02_tauD000E+00_Vran300E+01
                      
 Start
           0
 set_grid_done
 set_clumps_done
 Done
 TIME :    1.42043675715104       sec
          50 %           2   49.5324665496591     
 	 100 %           3   97.6410359442234     
 Time :   97.7762411842123     
 WOCIVL455M1NH220/N_atom200E+10_Vexp100E+02_Vemit800E+02_tauD000E+00_Vran500E+01
                      
 Start
           0
 set_grid_done
 set_clumps_done
 Done
 TIME :    1.42082388862036       sec
          50 %           1   50.6374364930671     
 	 100 %           1   99.8226844908204     
 Time :   99.9555041941348     
 WOCIVL455M1NH220/N_atom200E+10_Vexp200E+02_Vemit800E+02_tauD000E+00_Vran500E+01
                      
 Start
           0
 set_grid_done
 set_clumps_done
 Done
 TIME :    1.41990841901861       sec
          50 %           1   46.7500441751909     
 	 100 %           2   92.1885226205923     
 Time :   92.3217773756478     
 WOCIVL455M1NH220/N_atom200E+10_Vexp300E+02_Vemit800E+02_tauD000E+00_Vran500E+01
                      
 Start
           0
 set_grid_done
 set_clumps_done
 Done
 TIME :    1.42082638340071       sec
          50 %           3   46.9014005993959     
 	 100 %           1   92.4298745011911     
 Time :   92.5622721468098     
 WOCIVL455M1NH220/N_atom200E+10_Vexp400E+02_Vemit800E+02_tauD000E+00_Vran500E+01
                      
 Start
           0
 set_grid_done
 set_clumps_done
 Done
 TIME :    1.42058271309361       sec
          50 %           3   46.9903459919151     
 	 100 %           4   92.5317209872883     
 Time :   92.6655458193272     
 WOCIVL455M1NH220/N_atom200E+10_Vexp500E+02_Vemit800E+02_tauD000E+00_Vran500E+01
                      
 Start
           0
 set_grid_done
 set_clumps_done
 Done
 TIME :    1.42108591366559       sec
          50 %           2   46.8341931458563     
 	 100 %           3   92.1867649399210     
 Time :   92.3205562385265     
 WOCIVL455M1NH220/N_atom200E+10_Vexp600E+02_Vemit800E+02_tauD000E+00_Vran500E+01
                      
 Start
           0
 set_grid_done
 set_clumps_done
 Done
 TIME :    1.42060762015171       sec
          50 %           1   46.5688938021194     
 	 100 %           1   91.6420097970404     
 Time :   91.7760108520743     
 WOCIVL455M1NH220/N_atom200E+10_Vexp700E+02_Vemit800E+02_tauD000E+00_Vran500E+01
                      
 Start
           0
 set_grid_done
 set_clumps_done
 Done
 TIME :    1.42175837419927       sec
          50 %           3   46.3639701548964     
 	 100 %           3   91.3941517046187     
 Time :   91.5273763427977     
 WOCIVL455M1NH220/N_atom200E+10_Vexp800E+02_Vemit800E+02_tauD000E+00_Vran500E+01
                      
 Start
           0
 set_grid_done
 set_clumps_done
 Done
 TIME :    1.42100512119941       sec
          50 %           2   46.0182997682132     
 	 100 %           1   90.5637780395336     
 Time :   90.6975708610844     
 WOCIVL455M1NH220/N_atom200E+10_Vexp900E+02_Vemit800E+02_tauD000E+00_Vran500E+01
                      
 Start
           0
 set_grid_done
 set_clumps_done
 Done
 TIME :    1.42509689158760       sec
          50 %           4   45.3716105634812     
 	 100 %           4   89.2368196286261     
 Time :   89.3709025380667     
 WOCIVL455M1NH220/N_atom200E+10_Vexp100E+03_Vemit800E+02_tauD000E+00_Vran500E+01
                      
 Start
           0
 set_grid_done
 set_clumps_done
 Done
 TIME :    1.42020650254562       sec
          50 %           1   44.9222769984044     
 	 100 %           4   88.3990916993935     
 Time :   88.5325577233452     
 WOCIVL455M1NH220/N_atom200E+10_Vexp200E+03_Vemit800E+02_tauD000E+00_Vran500E+01
                      
 Start
           0
 set_grid_done
 set_clumps_done
 Done
 TIME :    1.42016739840619       sec
          50 %           4   42.0248258127831     
 	 100 %           2   82.4941829857416     
 Time :   82.6269269557670     
 WOCIVL455M1NH220/N_atom200E+10_Vexp300E+03_Vemit800E+02_tauD000E+00_Vran500E+01
                      
 Start
           0
 set_grid_done
 set_clumps_done
 Done
 TIME :    1.42096640798263       sec
          50 %           4   39.9882238290738     
 	 100 %           4   78.5453210147098     
 Time :   78.6789178461768     
 WOCIVL455M1NH220/N_atom200E+10_Vexp500E+01_Vemit800E+02_tauD000E+00_Vran500E+01
                      
 Start
           0
 set_grid_done
 set_clumps_done
 Done
 TIME :    1.42013718141243       sec
          50 %           2   59.1697760892566     
 	 100 %           1   116.901821658248     
 Time :   117.036855143728     
 WOCIVL455M1NH220/N_atom200E+10_Vexp100E+02_Vemit900E+02_tauD000E+00_Vran118E+01
                      
 Start
           0
 set_grid_done
 set_clumps_done
 Done
 TIME :    1.41954747703858       sec
          50 %           4   40.6104008031543     
 	 100 %           1   79.7311704417225     
 Time :   79.8677439668681     
 WOCIVL455M1NH220/N_atom200E+10_Vexp200E+02_Vemit900E+02_tauD000E+00_Vran118E+01
                      
 Start
           0
 set_grid_done
 set_clumps_done
 Done
 TIME :    1.42056717374362       sec
          50 %           3   40.3760283789597     
 	 100 %           4   79.2719569506589     
 Time :   79.4110450365115     
 WOCIVL455M1NH220/N_atom200E+10_Vexp300E+02_Vemit900E+02_tauD000E+00_Vran118E+01
                      
 Start
           0
 set_grid_done
 set_clumps_done
 Done
 TIME :    1.41906215017661       sec
          50 %           4   40.9896590467542     
 	 100 %           3   80.5186753561720     
 Time :   80.6524146364536     
 WOCIVL455M1NH220/N_atom200E+10_Vexp400E+02_Vemit900E+02_tauD000E+00_Vran118E+01
                      
 Start
           0
 set_grid_done
 set_clumps_done
 Done
 TIME :    1.42043408239260       sec
          50 %           3   41.7647930290550     
 	 100 %           2   81.9777350130025     
 Time :   82.1110100361984     
 WOCIVL455M1NH220/N_atom200E+10_Vexp500E+02_Vemit900E+02_tauD000E+00_Vran118E+01
                      
 Start
           0
 set_grid_done
 set_clumps_done
 Done
 TIME :    1.42126234713942       sec
          50 %           1   42.2875976513606     
 	 100 %           1   83.0045077903196     
 Time :   83.1378064784221     
 WOCIVL455M1NH220/N_atom200E+10_Vexp600E+02_Vemit900E+02_tauD000E+00_Vran118E+01
                      
 Start
           0
 set_grid_done
 set_clumps_done
 Done
 TIME :    1.41999602457508       sec
          50 %           1   42.6057563410141     
 	 100 %           4   83.8473380692303     
 Time :   83.9794052205980     
 WOCIVL455M1NH220/N_atom200E+10_Vexp700E+02_Vemit900E+02_tauD000E+00_Vran118E+01
                      
 Start
           0
 set_grid_done
 set_clumps_done
 Done
 TIME :    1.42127510113642       sec
          50 %           4   42.9240737003274     
 	 100 %           3   84.2970478152856     
 Time :   84.4312134212814     
 WOCIVL455M1NH220/N_atom200E+10_Vexp800E+02_Vemit900E+02_tauD000E+00_Vran118E+01
                      
 Start
           0
 set_grid_done
 set_clumps_done
 Done
 TIME :    1.42087467480451       sec
          50 %           3   42.6196155047510     
 	 100 %           3   84.0137707868125     
 Time :   84.1471029480454     
 WOCIVL455M1NH220/N_atom200E+10_Vexp900E+02_Vemit900E+02_tauD000E+00_Vran118E+01
                      
 Start
           0
 set_grid_done
 set_clumps_done
 Done
 TIME :    1.42082883813418       sec
          50 %           1   42.9937355609145     
 	 100 %           1   84.6175285719801     
 Time :   84.7475827601738     
 WOCIVL455M1NH220/N_atom200E+10_Vexp100E+03_Vemit900E+02_tauD000E+00_Vran118E+01
                      
 Start
           0
 set_grid_done
 set_clumps_done
 Done
 TIME :    1.42356371483766       sec
          50 %           1   43.1393260916229     
 	 100 %           2   84.7641264155973     
 Time :   84.9004832715727     
 WOCIVL455M1NH220/N_atom200E+10_Vexp200E+03_Vemit900E+02_tauD000E+00_Vran118E+01
                      
 Start
           0
 set_grid_done
 set_clumps_done
 Done
 TIME :    1.42174481879920       sec
          50 %           3   41.6340738844592     
 	 100 %           4   81.7770527887624     
 Time :   81.9106857783627     
 WOCIVL455M1NH220/N_atom200E+10_Vexp300E+03_Vemit900E+02_tauD000E+00_Vran118E+01
                      
 Start
           0
 set_grid_done
 set_clumps_done
 Done
 TIME :    1.42133544525132       sec
          50 %           1   40.1399274792057     
 	 100 %           2   78.9133091259282     
 Time :   79.0464537229855     
 WOCIVL455M1NH220/N_atom200E+10_Vexp500E+01_Vemit900E+02_tauD000E+00_Vran118E+01
                      
 Start
           0
 set_grid_done
 set_clumps_done
 Done
 TIME :    1.42231014650315       sec
          50 %           1   42.0418463291135     
 	 100 %           2   82.7589929949027     
 Time :   82.8926346909720     
 WOCIVL455M1NH220/N_atom200E+10_Vexp100E+02_Vemit900E+02_tauD000E+00_Vran300E+01
                      
 Start
           0
 set_grid_done
 set_clumps_done
 Done
 TIME :    1.42044276883826       sec
          50 %           2   44.4563949485309     
 	 100 %           4   87.4371176045388     
 Time :   87.5741155513097     
 WOCIVL455M1NH220/N_atom200E+10_Vexp200E+02_Vemit900E+02_tauD000E+00_Vran300E+01
                      
 Start
           0
 set_grid_done
 set_clumps_done
 Done
 TIME :    1.42303923401050       sec
          50 %           3   42.9744177341927     
 	 100 %           1   84.4357415060513     
 Time :   84.5685769186821     
 WOCIVL455M1NH220/N_atom200E+10_Vexp300E+02_Vemit900E+02_tauD000E+00_Vran300E+01
                      
 Start
           0
 set_grid_done
 set_clumps_done
 Done
 TIME :    1.42020343663171       sec
          50 %           3   43.1594174597412     
 	 100 %           2   84.8049814121332     
 Time :   84.9375594186131     
 WOCIVL455M1NH220/N_atom200E+10_Vexp400E+02_Vemit900E+02_tauD000E+00_Vran300E+01
                      
 Start
           0
 set_grid_done
 set_clumps_done
 Done
 TIME :    1.42145283706486       sec
          50 %           2   43.6483533747960     
 	 100 %           2   85.8959522375371     
 Time :   86.0289517703932     
 WOCIVL455M1NH220/N_atom200E+10_Vexp500E+02_Vemit900E+02_tauD000E+00_Vran300E+01
                      
 Start
           0
 set_grid_done
 set_clumps_done
 Done
 TIME :    1.42077404446900       sec
          50 %           3   44.0447419821285     
 	 100 %           3   86.6800532806665     
 Time :   86.8144877846353     
 WOCIVL455M1NH220/N_atom200E+10_Vexp600E+02_Vemit900E+02_tauD000E+00_Vran300E+01
                      
 Start
           0
 set_grid_done
 set_clumps_done
 Done
 TIME :    1.42648293008097       sec
          50 %           4   44.1587353972718     
 	 100 %           1   86.8662584638223     
 Time :   86.9998545437120     
 WOCIVL455M1NH220/N_atom200E+10_Vexp700E+02_Vemit900E+02_tauD000E+00_Vran300E+01
                      
 Start
           0
 set_grid_done
 set_clumps_done
 Done
 TIME :    1.42023953469470       sec
          50 %           1   44.0471845068969     
 	 100 %           3   86.5803868533112     
 Time :   86.7140885528643     
 WOCIVL455M1NH220/N_atom200E+10_Vexp800E+02_Vemit900E+02_tauD000E+00_Vran300E+01
                      
 Start
           0
 set_grid_done
 set_clumps_done
 Done
 TIME :    1.42109637334943       sec
          50 %           2   44.0784350777976     
 	 100 %           1   86.8167082697619     
 Time :   86.9519109048415     
 WOCIVL455M1NH220/N_atom200E+10_Vexp900E+02_Vemit900E+02_tauD000E+00_Vran300E+01
                      
 Start
           0
 set_grid_done
 set_clumps_done
 Done
 TIME :    1.42072844854556       sec
          50 %           3   43.8057315656915     
 	 100 %           1   86.2089258609340     
 Time :   86.3428445102181     
 WOCIVL455M1NH220/N_atom200E+10_Vexp100E+03_Vemit900E+02_tauD000E+00_Vran300E+01
                      
 Start
           0
 set_grid_done
 set_clumps_done
 Done
 TIME :    1.42068462562747       sec
          50 %           2   43.7054896811023     
 	 100 %           1   85.8957295166329     
 Time :   86.0273813933600     
 WOCIVL455M1NH220/N_atom200E+10_Vexp200E+03_Vemit900E+02_tauD000E+00_Vran300E+01
                      
 Start
           0
 set_grid_done
 set_clumps_done
 Done
 TIME :    1.42357827257365       sec
          50 %           1   41.5240781120956     
 	 100 %           4   81.5478345023002     
 Time :   81.6803014287725     
 WOCIVL455M1NH220/N_atom200E+10_Vexp300E+03_Vemit900E+02_tauD000E+00_Vran300E+01
                      
 Start
           0
 set_grid_done
 set_clumps_done
 Done
 TIME :    1.42016574530862       sec
          50 %           2   40.2393148692790     
 	 100 %           4   79.1151665602811     
 Time :   79.2497304487042     
 WOCIVL455M1NH220/N_atom200E+10_Vexp500E+01_Vemit900E+02_tauD000E+00_Vran300E+01
                      
 Start
           0
 set_grid_done
 set_clumps_done
 Done
 TIME :    1.41988828103058       sec
          50 %           1   48.3153508920223     
 	 100 %           1   95.2514155814424     
 Time :   95.3875243284274     
 WOCIVL455M1NH220/N_atom200E+10_Vexp100E+02_Vemit900E+02_tauD000E+00_Vran500E+01
                      
 Start
           0
 set_grid_done
 set_clumps_done
 Done
 TIME :    1.42123458464630       sec
          50 %           1   49.1116378479637     
 	 100 %           3   96.8004506065045     
 Time :   96.9352605897002     
 WOCIVL455M1NH220/N_atom200E+10_Vexp200E+02_Vemit900E+02_tauD000E+00_Vran500E+01
                      
 Start
           0
 set_grid_done
 set_clumps_done
 Done
 TIME :    1.42125827958807       sec
          50 %           3   46.0888138287701     
 	 100 %           1   90.6110817894805     
 Time :   90.7448616265319     
 WOCIVL455M1NH220/N_atom200E+10_Vexp300E+02_Vemit900E+02_tauD000E+00_Vran500E+01
                      
 Start
           0
 set_grid_done
 set_clumps_done
 Done
 TIME :    1.42346895602532       sec
          50 %           3   45.7741135428660     
 	 100 %           2   90.1705759821925     
 Time :   90.3042274168693     
 WOCIVL455M1NH220/N_atom200E+10_Vexp400E+02_Vemit900E+02_tauD000E+00_Vran500E+01
                      
 Start
           0
 set_grid_done
 set_clumps_done
 Done
 TIME :    1.42397562321275       sec
          50 %           4   46.2627577767707     
 	 100 %           3   91.0473797267769     
 Time :   91.1806042145472     
 WOCIVL455M1NH220/N_atom200E+10_Vexp500E+02_Vemit900E+02_tauD000E+00_Vran500E+01
                      
 Start
           0
 set_grid_done
 set_clumps_done
 Done
 TIME :    1.42147640138865       sec
          50 %           4   45.8683060584590     
 	 100 %           3   90.2408147326205     
 Time :   90.3714938114863     
 WOCIVL455M1NH220/N_atom200E+10_Vexp600E+02_Vemit900E+02_tauD000E+00_Vran500E+01
                      
 Start
           0
 set_grid_done
 set_clumps_done
 Done
 TIME :    1.42132018646225       sec
          50 %           3   45.6416561843362     
 	 100 %           1   89.8997588939965     
 Time :   90.0335285018664     
 WOCIVL455M1NH220/N_atom200E+10_Vexp700E+02_Vemit900E+02_tauD000E+00_Vran500E+01
                      
 Start
           0
 set_grid_done
 set_clumps_done
 Done
 TIME :    1.42191161378287       sec
          50 %           2   45.5223689477425     
 	 100 %           3   89.6853716974147     
 Time :   89.8168257905636     
 WOCIVL455M1NH220/N_atom200E+10_Vexp800E+02_Vemit900E+02_tauD000E+00_Vran500E+01
                      
 Start
           0
 set_grid_done
 set_clumps_done
 Done
 TIME :    1.43287897412665       sec
          50 %           4   45.3368813304696     
 	 100 %           1   89.1266153925098     
 Time :   89.2617200925015     
 WOCIVL455M1NH220/N_atom200E+10_Vexp900E+02_Vemit900E+02_tauD000E+00_Vran500E+01
                      
 Start
           0
 set_grid_done
 set_clumps_done
 Done
 TIME :    1.42175055947155       sec
          50 %           3   45.1903443315532     
 	 100 %           4   88.8736690368969     
 Time :   89.0062577635981     
 WOCIVL455M1NH220/N_atom200E+10_Vexp100E+03_Vemit900E+02_tauD000E+00_Vran500E+01
                      
 Start
           0
 set_grid_done
 set_clumps_done
 Done
 TIME :    1.42067747213878       sec
          50 %           1   44.7314613747876     
 	 100 %           1   88.0269656302407     
 Time :   88.1601260870229     
 WOCIVL455M1NH220/N_atom200E+10_Vexp200E+03_Vemit900E+02_tauD000E+00_Vran500E+01
                      
 Start
           0
 set_grid_done
 set_clumps_done
 Done
 TIME :    1.42209386802278       sec
          50 %           2   41.8472798995208     
 	 100 %           2   82.3182481762487     
 Time :   82.4538452266715     
 WOCIVL455M1NH220/N_atom200E+10_Vexp300E+03_Vemit900E+02_tauD000E+00_Vran500E+01
                      
 Start
           0
 set_grid_done
 set_clumps_done
 Done
 TIME :    1.42003167211078       sec
          50 %           3   40.3458926042076     
 	 100 %           2   79.3268292997964     
 Time :   79.4610577744897     
 WOCIVL455M1NH220/N_atom200E+10_Vexp500E+01_Vemit900E+02_tauD000E+00_Vran500E+01
                      
 Start
           0
 set_grid_done
 set_clumps_done
 Done
 TIME :    1.42159706959501       sec
          50 %           4   57.0626435738523     
 	 100 %           3   112.761780527188     
 Time :   112.895030693384     
 WOCIVL455M1NH220/N_atom200E+10_Vexp100E+02_Vemit100E+03_tauD000E+00_Vran118E+01
                      
 Start
           0
 set_grid_done
 set_clumps_done
 Done
 TIME :    1.42152694705874       sec
          50 %           2   40.3405996244401     
 	 100 %           2   79.3244780777022     
 Time :   79.4547401287127     
 WOCIVL455M1NH220/N_atom200E+10_Vexp200E+02_Vemit100E+03_tauD000E+00_Vran118E+01
                      
 Start
           0
 set_grid_done
 set_clumps_done
 Done
 TIME :    1.42168484535068       sec
          50 %           2   40.0265602471773     
 	 100 %           1   78.6665175685193     
 Time :   78.7985168416053     
 WOCIVL455M1NH220/N_atom200E+10_Vexp300E+02_Vemit100E+03_tauD000E+00_Vran118E+01
                      
 Start
           0
 set_grid_done
 set_clumps_done
 Done
 TIME :    1.43108527525328       sec
          50 %           4   40.5381922514644     
 	 100 %           2   79.5611611474305     
 Time :   79.6945766261779     
 WOCIVL455M1NH220/N_atom200E+10_Vexp400E+02_Vemit100E+03_tauD000E+00_Vran118E+01
                      
 Start
           0
 set_grid_done
 set_clumps_done
 Done
 TIME :    1.42099390993826       sec
          50 %           2   41.2806187400129     
 	 100 %           1   81.0147305515129     
 Time :   81.1488214961719     
 WOCIVL455M1NH220/N_atom200E+10_Vexp500E+02_Vemit100E+03_tauD000E+00_Vran118E+01
                      
 Start
           0
 set_grid_done
 set_clumps_done
 Done
 TIME :    1.41972273844294       sec
          50 %           2   41.7578840961214     
 	 100 %           4   82.1981447578873     
 Time :   82.3321834639646     
 WOCIVL455M1NH220/N_atom200E+10_Vexp600E+02_Vemit100E+03_tauD000E+00_Vran118E+01
                      
 Start
           0
 set_grid_done
 set_clumps_done
 Done
 TIME :    1.42093965737149       sec
          50 %           1   42.1781561260577     
 	 100 %           4   82.9720462514088     
 Time :   83.1049116207287     
 WOCIVL455M1NH220/N_atom200E+10_Vexp700E+02_Vemit100E+03_tauD000E+00_Vran118E+01
                      
 Start
           0
 set_grid_done
 set_clumps_done
 Done
 TIME :    1.42060360265896       sec
          50 %           2   42.4244832862169     
 	 100 %           2   83.4002453780267     
 Time :   83.5343990311958     
 WOCIVL455M1NH220/N_atom200E+10_Vexp800E+02_Vemit100E+03_tauD000E+00_Vran118E+01
                      
 Start
           0
 set_grid_done
 set_clumps_done
 Done
 TIME :    1.42080150637776       sec
          50 %           4   42.8795948575716     
 	 100 %           3   84.2109020922799     
 Time :   84.3449170535896     
 WOCIVL455M1NH220/N_atom200E+10_Vexp900E+02_Vemit100E+03_tauD000E+00_Vran118E+01
                      
 Start
           0
 set_grid_done
 set_clumps_done
 Done
 TIME :    1.42036021267995       sec
          50 %           4   42.7530136806890     
 	 100 %           3   83.9353313629981     
 Time :   84.0689316608477     
 WOCIVL455M1NH220/N_atom200E+10_Vexp100E+03_Vemit100E+03_tauD000E+00_Vran118E+01
                      
 Start
           0
 set_grid_done
 set_clumps_done
 Done
 TIME :    1.42022661049850       sec
          50 %           1   42.6280764199328     
 	 100 %           3   83.9802947614808     
 Time :   84.1140572456643     
 WOCIVL455M1NH220/N_atom200E+10_Vexp200E+03_Vemit100E+03_tauD000E+00_Vran118E+01
                      
 Start
           0
 set_grid_done
 set_clumps_done
 Done
 TIME :    1.42063619429246       sec
          50 %           4   41.7756568838377     
 	 100 %           3   82.1863261691760     
 Time :   82.3204335751943     
 WOCIVL455M1NH220/N_atom200E+10_Vexp300E+03_Vemit100E+03_tauD000E+00_Vran118E+01
                      
 Start
           0
 set_grid_done
 set_clumps_done
 Done
 TIME :    1.42018863838166       sec
          50 %           1   40.3226925127674     
 	 100 %           2   79.1841631941497     
 Time :   79.3200415356550     
 WOCIVL455M1NH220/N_atom200E+10_Vexp500E+01_Vemit100E+03_tauD000E+00_Vran118E+01
                      
 Start
           0
 set_grid_done
 set_clumps_done
 Done
 TIME :    1.42027670494281       sec
          50 %           3   41.1795595814474     
 	 100 %           1   80.8652921009343     
 Time :   81.0013159576338     
 WOCIVL455M1NH220/N_atom200E+10_Vexp100E+02_Vemit100E+03_tauD000E+00_Vran300E+01
                      
 Start
           0
 set_grid_done
 set_clumps_done
 Done
 TIME :    1.42146461922675       sec
          50 %           1   43.5693541434593     
 	 100 %           1   85.6967660395894     
 Time :   85.8321141696069     
 WOCIVL455M1NH220/N_atom200E+10_Vexp200E+02_Vemit100E+03_tauD000E+00_Vran300E+01
                      
 Start
           0
 set_grid_done
 set_clumps_done
 Done
 TIME :    1.42081803758629       sec
          50 %           2   42.1981530156918     
 	 100 %           1   83.0393209818285     
 Time :   83.1726903936360     
 WOCIVL455M1NH220/N_atom200E+10_Vexp300E+02_Vemit100E+03_tauD000E+00_Vran300E+01
                      
 Start
           0
 set_grid_done
 set_clumps_done
 Done
 TIME :    1.42046589241363       sec
          50 %           3   42.1931407863740     
 	 100 %           1   82.9061950903852     
 Time :   83.0386365288869     
 WOCIVL455M1NH220/N_atom200E+10_Vexp400E+02_Vemit100E+03_tauD000E+00_Vran300E+01
                      
 Start
           0
 set_grid_done
 set_clumps_done
 Done
 TIME :    1.42202421650290       sec
          50 %           1   42.8114249960054     
 	 100 %           2   84.1304652048275     
 Time :   84.2639442835934     
 WOCIVL455M1NH220/N_atom200E+10_Vexp500E+02_Vemit100E+03_tauD000E+00_Vran300E+01
                      
 Start
           0
 set_grid_done
 set_clumps_done
 Done
 TIME :    1.42230233177543       sec
          50 %           3   43.4774506022222     
 	 100 %           3   85.4384903253522     
 Time :   85.5721794511192     
 WOCIVL455M1NH220/N_atom200E+10_Vexp600E+02_Vemit100E+03_tauD000E+00_Vran300E+01
                      
 Start
           0
 set_grid_done
 set_clumps_done
 Done
 TIME :    1.41969319269992       sec
          50 %           2   43.2743075189646     
 	 100 %           2   85.1783554889262     
 Time :   85.3125698168296     
 WOCIVL455M1NH220/N_atom200E+10_Vexp700E+02_Vemit100E+03_tauD000E+00_Vran300E+01
                      
 Start
           0
 set_grid_done
 set_clumps_done
 Done
 TIME :    1.42174325557426       sec
          50 %           1   43.2870209380053     
 	 100 %           2   85.2243652038742     
 Time :   85.3586835083552     
 WOCIVL455M1NH220/N_atom200E+10_Vexp800E+02_Vemit100E+03_tauD000E+00_Vran300E+01
                      
 Start
           0
 set_grid_done
 set_clumps_done
 Done
 TIME :    1.42235319782048       sec
          50 %           4   43.4931710925885     
 	 100 %           1   85.5265664556064     
 Time :   85.6608570374083     
 WOCIVL455M1NH220/N_atom200E+10_Vexp900E+02_Vemit100E+03_tauD000E+00_Vran300E+01
                      
 Start
           0
 set_grid_done
 set_clumps_done
 Done
 TIME :    1.42259232979268       sec
          50 %           3   43.4551425462123     
 	 100 %           1   85.4094291708898     
 Time :   85.5427112677135     
 WOCIVL455M1NH220/N_atom200E+10_Vexp100E+03_Vemit100E+03_tauD000E+00_Vran300E+01
                      
 Start
           0
 set_grid_done
 set_clumps_done
 Done
 TIME :    1.42083055130206       sec
          50 %           4   43.2735991806258     
 	 100 %           3   85.1819480864797     
 Time :   85.3158011217602     
 WOCIVL455M1NH220/N_atom200E+10_Vexp200E+03_Vemit100E+03_tauD000E+00_Vran300E+01
                      
 Start
           0
 set_grid_done
 set_clumps_done
 Done
 TIME :    1.42049809312448       sec
          50 %           1   41.5881742171478     
 	 100 %           4   81.7684594735038     
 Time :   81.9013774422929     
 WOCIVL455M1NH220/N_atom200E+10_Vexp300E+03_Vemit100E+03_tauD000E+00_Vran300E+01
                      
 Start
           0
 set_grid_done
 set_clumps_done
 Done
 TIME :    1.42026583431289       sec
          50 %           4   40.2177541854326     
 	 100 %           3   78.9932917151600     
 Time :   79.1277178132441     
 WOCIVL455M1NH220/N_atom200E+10_Vexp500E+01_Vemit100E+03_tauD000E+00_Vran300E+01
                      
 Start
           0
 set_grid_done
 set_clumps_done
 Done
 TIME :    1.42133285035379       sec
          50 %           4   47.2619082177989     
 	 100 %           3   93.0494306536857     
 Time :   93.1824847997632     
 WOCIVL455M1NH220/N_atom200E+10_Vexp100E+02_Vemit100E+03_tauD000E+00_Vran500E+01
                      
 Start
           0
 set_grid_done
 set_clumps_done
 Done
 TIME :    1.42173326690681       sec
          50 %           1   47.9691877542064     
 	 100 %           1   94.5522583003622     
 Time :   94.6871658680029     
 WOCIVL455M1NH220/N_atom200E+10_Vexp200E+02_Vemit100E+03_tauD000E+00_Vran500E+01
                      
 Start
           0
 set_grid_done
 set_clumps_done
 Done
 TIME :    1.41980134695768       sec
          50 %           3   44.7902069715783     
 	 100 %           1   88.1778945166152     
 Time :   88.3121576767880     
 WOCIVL455M1NH220/N_atom200E+10_Vexp300E+02_Vemit100E+03_tauD000E+00_Vran500E+01
                      
 Start
           0
 set_grid_done
 set_clumps_done
 Done
 TIME :    1.42116352031007       sec
          50 %           2   44.8410475535784     
 	 100 %           1   88.1416355434339     
 Time :   88.2773230145685     
 WOCIVL455M1NH220/N_atom200E+10_Vexp400E+02_Vemit100E+03_tauD000E+00_Vran500E+01
                      
 Start
           0
 set_grid_done
 set_clumps_done
 Done
 TIME :    1.42064790613949       sec
          50 %           3   45.0843147123232     
 	 100 %           2   88.7779172551818     
 Time :   88.9116827251855     
 WOCIVL455M1NH220/N_atom200E+10_Vexp500E+02_Vemit100E+03_tauD000E+00_Vran500E+01
                      
 Start
           0
 set_grid_done
 set_clumps_done
 Done
 TIME :    1.42105477489531       sec
          50 %           3   45.1589616208803     
 	 100 %           4   88.9552101804875     
 Time :   89.0894028174225     
 WOCIVL455M1NH220/N_atom200E+10_Vexp600E+02_Vemit100E+03_tauD000E+00_Vran500E+01
                      
 Start
           0
 set_grid_done
 set_clumps_done
 Done
 TIME :    1.42159994482063       sec
          50 %           1   42.9089964451268     
 	 100 %           2   84.2377705741674     
 Time :   84.3712929147296     
 WOCIVL455M1NH220/N_atom200E+10_Vexp700E+02_Vemit100E+03_tauD000E+00_Vran500E+01
                      
 Start
           0
 set_grid_done
 set_clumps_done
 Done
 TIME :    1.42028819676489       sec
          50 %           1   42.7021265712101     
 	 100 %           3   83.9636172128376     
 Time :   84.0942392039578     
 WOCIVL455M1NH220/N_atom200E+10_Vexp800E+02_Vemit100E+03_tauD000E+00_Vran500E+01
                      
 Start
           0
 set_grid_done
 set_clumps_done
 Done
 TIME :    1.42070039547980       sec
          50 %           1   42.7233105434570     
 	 100 %           2   83.9901040438563     
 Time :   84.1229815962724     
 WOCIVL455M1NH220/N_atom200E+10_Vexp900E+02_Vemit100E+03_tauD000E+00_Vran500E+01
                      
 Start
           0
 set_grid_done
 set_clumps_done
 Done
 TIME :    1.41973648429848       sec
          50 %           1   42.1299947658554     
 	 100 %           1   82.8148165510502     
 Time :   82.9452995394822     
 WOCIVL455M1NH220/N_atom200E+10_Vexp100E+03_Vemit100E+03_tauD000E+00_Vran500E+01
                      
 Start
           0
 set_grid_done
 set_clumps_done
 Done
 TIME :    1.42104787193239       sec
          50 %           4   42.1274513909593     
 	 100 %           1   82.8334791099187     
 Time :   82.9647582925390     
 WOCIVL455M1NH220/N_atom200E+10_Vexp200E+03_Vemit100E+03_tauD000E+00_Vran500E+01
                      
 Start
           0
 set_grid_done
 set_clumps_done
 Done
 TIME :    1.42055466002785       sec
          50 %           3   39.8164288210683     
 	 100 %           3   78.1709839086980     
 Time :   78.3036762110423     
 WOCIVL455M1NH220/N_atom200E+10_Vexp300E+03_Vemit100E+03_tauD000E+00_Vran500E+01
                      
 Start
           0
 set_grid_done
 set_clumps_done
 Done
 TIME :    1.41981184668839       sec
          50 %           2   38.3828485717531     
 	 100 %           4   75.3801953080110     
 Time :   75.5111101723742     
 WOCIVL455M1NH220/N_atom200E+10_Vexp500E+01_Vemit100E+03_tauD000E+00_Vran500E+01
                      
 Start
           0
 set_grid_done
 set_clumps_done
 Done
 TIME :    1.41970419348218       sec
          50 %           3   52.8301103897393     
 	 100 %           2   104.157027662499     
 Time :   104.287792964140     
 WOCIVL455M1NH220/N_atom200E+10_Vexp100E+02_Vemit200E+03_tauD000E+00_Vran118E+01
                      
 Start
           0
 set_grid_done
 set_clumps_done
 Done
 TIME :    1.41983325709589       sec
          50 %           4   35.4509025260340     
 	 100 %           3   69.4652169002220     
 Time :   69.5963472817093     
 WOCIVL455M1NH220/N_atom200E+10_Vexp200E+02_Vemit200E+03_tauD000E+00_Vran118E+01
                      
 Start
           0
 set_grid_done
 set_clumps_done
 Done
 TIME :    1.42082969960757       sec
          50 %           2   35.3579234930221     
 	 100 %           1   69.3076697802171     
 Time :   69.4370558361989     
 WOCIVL455M1NH220/N_atom200E+10_Vexp300E+02_Vemit200E+03_tauD000E+00_Vran118E+01
                      
 Start
           0
 set_grid_done
 set_clumps_done
 Done
 TIME :    1.42014564736746       sec
          50 %           4   35.4795385773759     
 	 100 %           2   69.5261697771493     
 Time :   69.6581423296593     
 WOCIVL455M1NH220/N_atom200E+10_Vexp400E+02_Vemit200E+03_tauD000E+00_Vran118E+01
                      
 Start
           0
 set_grid_done
 set_clumps_done
 Done
 TIME :    1.41943275043741       sec
          50 %           2   36.1887050387450     
 	 100 %           2   70.9374723574147     
 Time :   71.0670918244869     
 WOCIVL455M1NH220/N_atom200E+10_Vexp500E+02_Vemit200E+03_tauD000E+00_Vran118E+01
                      
 Start
           0
 set_grid_done
 set_clumps_done
 Done
 TIME :    1.41860169032589       sec
          50 %           4   36.3973411298357     
 	 100 %           3   71.3463402718771     
 Time :   71.4774228429887     
 WOCIVL455M1NH220/N_atom200E+10_Vexp600E+02_Vemit200E+03_tauD000E+00_Vran118E+01
                      
 Start
           0
 set_grid_done
 set_clumps_done
 Done
 TIME :    1.42168556666002       sec
          50 %           4   36.6193919854704     
 	 100 %           1   71.8185484237038     
 Time :   71.9504562339280     
 WOCIVL455M1NH220/N_atom200E+10_Vexp700E+02_Vemit200E+03_tauD000E+00_Vran118E+01
                      
 Start
           0
 set_grid_done
 set_clumps_done
 Done
 TIME :    1.41932148020715       sec
          50 %           1   36.8740652534179     
 	 100 %           3   72.3395474446006     
 Time :   72.4720326256938     
 WOCIVL455M1NH220/N_atom200E+10_Vexp800E+02_Vemit200E+03_tauD000E+00_Vran118E+01
                      
 Start
           0
 set_grid_done
 set_clumps_done
 Done
 TIME :    1.42039270396344       sec
          50 %           1   37.3952522897162     
 	 100 %           2   73.3561403192580     
 Time :   73.4881434896961     
 WOCIVL455M1NH220/N_atom200E+10_Vexp900E+02_Vemit200E+03_tauD000E+00_Vran118E+01
                      
 Start
           0
 set_grid_done
 set_clumps_done
 Done
 TIME :    1.41946927946992       sec
          50 %           4   37.4425168554299     
 	 100 %           1   73.3920489104930     
 Time :   73.5228825011291     
 WOCIVL455M1NH220/N_atom200E+10_Vexp100E+03_Vemit200E+03_tauD000E+00_Vran118E+01
                      
 Start
           0
 set_grid_done
 set_clumps_done
 Done
 TIME :    1.41998981288634       sec
          50 %           2   37.4327629075851     
 	 100 %           1   73.4387439703569     
 Time :   73.5687581531238     
 WOCIVL455M1NH220/N_atom200E+10_Vexp200E+03_Vemit200E+03_tauD000E+00_Vran118E+01
                      
 Start
           0
 set_grid_done
 set_clumps_done
 Done
 TIME :    1.41866245516576       sec
          50 %           1   38.1041199767496     
 	 100 %           4   74.7496279824991     
 Time :   74.8822364665102     
 WOCIVL455M1NH220/N_atom200E+10_Vexp300E+03_Vemit200E+03_tauD000E+00_Vran118E+01
                      
 Start
           0
 set_grid_done
 set_clumps_done
 Done
 TIME :    1.41887615900487       sec
          50 %           4   37.8768999553286     
 	 100 %           3   74.2953560072929     
 Time :   74.4267454179935     
 WOCIVL455M1NH220/N_atom200E+10_Vexp500E+01_Vemit200E+03_tauD000E+00_Vran118E+01
                      
 Start
           0
 set_grid_done
 set_clumps_done
 Done
 TIME :    1.41934705874883       sec
          50 %           4   36.2074149369728     
 	 100 %           2   70.9639381989837     
 Time :   71.0956415329129     
 WOCIVL455M1NH220/N_atom200E+10_Vexp100E+02_Vemit200E+03_tauD000E+00_Vran300E+01
                      
 Start
           0
 set_grid_done
 set_clumps_done
 Done
 TIME :    1.42091362830251       sec
          50 %           4   37.4831744891126     
 	 100 %           2   73.5192026591394     
 Time :   73.6503248051740     
 WOCIVL455M1NH220/N_atom200E+10_Vexp200E+02_Vemit200E+03_tauD000E+00_Vran300E+01
                      
 Start
           0
 set_grid_done
 set_clumps_done
 Done
 TIME :    1.41954927053303       sec
          50 %           3   36.4184849665035     
 	 100 %           2   71.3626243770123     
 Time :   71.4939793627709     
 WOCIVL455M1NH220/N_atom200E+10_Vexp300E+02_Vemit200E+03_tauD000E+00_Vran300E+01
                      
 Start
           0
 set_grid_done
 set_clumps_done
 Done
 TIME :    1.41927441139705       sec
          50 %           4   36.7541687460616     
 	 100 %           1   72.0774413337931     
 Time :   72.2083132269327     
 WOCIVL455M1NH220/N_atom200E+10_Vexp400E+02_Vemit200E+03_tauD000E+00_Vran300E+01
                      
 Start
           0
 set_grid_done
 set_clumps_done
 Done
 TIME :    1.41814017854631       sec
          50 %           4   36.8321288642474     
 	 100 %           1   72.2349970301148     
 Time :   72.3660936376546     
 WOCIVL455M1NH220/N_atom200E+10_Vexp500E+02_Vemit200E+03_tauD000E+00_Vran300E+01
                      
 Start
           0
 set_grid_done
 set_clumps_done
 Done
 TIME :    1.41924701957032       sec
          50 %           1   37.0776802785695     
 	 100 %           3   72.7306959221605     
 Time :   72.8624119299930     
 WOCIVL455M1NH220/N_atom200E+10_Vexp600E+02_Vemit200E+03_tauD000E+00_Vran300E+01
                      
 Start
           0
 set_grid_done
 set_clumps_done
 Done
 TIME :    1.41951515618712       sec
          50 %           1   37.5891474913806     
 	 100 %           4   73.7448466930073     
 Time :   73.8768832464702     
 WOCIVL455M1NH220/N_atom200E+10_Vexp700E+02_Vemit200E+03_tauD000E+00_Vran300E+01
                      
 Start
           0
 set_grid_done
 set_clumps_done
 Done
 TIME :    1.41910609346814       sec
          50 %           1   37.5646744451951     
 	 100 %           3   73.6658403782640     
 Time :   73.7966443130281     
 WOCIVL455M1NH220/N_atom200E+10_Vexp800E+02_Vemit200E+03_tauD000E+00_Vran300E+01
                      
 Start
           0
 set_grid_done
 set_clumps_done
 Done
 TIME :    1.41901711537503       sec
          50 %           2   37.5297303760890     
 	 100 %           4   73.6344428798184     
 Time :   73.7674189582467     
 WOCIVL455M1NH220/N_atom200E+10_Vexp900E+02_Vemit200E+03_tauD000E+00_Vran300E+01
                      
 Start
           0
 set_grid_done
 set_clumps_done
 Done
 TIME :    1.41838547191583       sec
          50 %           1   37.7699953929987     
 	 100 %           4   74.0282886631321     
 Time :   74.1579224471934     
 WOCIVL455M1NH220/N_atom200E+10_Vexp100E+03_Vemit200E+03_tauD000E+00_Vran300E+01
                      
 Start
           0
 set_grid_done
 set_clumps_done
 Done
 TIME :    1.41749629215337       sec
          50 %           2   37.8504411273170     
 	 100 %           2   74.2495183972642     
 Time :   74.3826216761954     
 WOCIVL455M1NH220/N_atom200E+10_Vexp200E+03_Vemit200E+03_tauD000E+00_Vran300E+01
                      
 Start
           0
 set_grid_done
 set_clumps_done
 Done
 TIME :    1.41796112013981       sec
          50 %           4   38.0504326564260     
 	 100 %           4   74.6928029442206     
 Time :   74.8225592696108     
 WOCIVL455M1NH220/N_atom200E+10_Vexp300E+03_Vemit200E+03_tauD000E+00_Vran300E+01
                      
 Start
           0
 set_grid_done
 set_clumps_done
 Done
 TIME :    1.41868741228245       sec
          50 %           1   37.8880083521362     
 	 100 %           3   74.3604226259049     
 Time :   74.4898467238527     
 WOCIVL455M1NH220/N_atom200E+10_Vexp500E+01_Vemit200E+03_tauD000E+00_Vran300E+01
                      
 Start
           0
 set_grid_done
 set_clumps_done
 Done
 TIME :    1.41873409040272       sec
          50 %           2   39.2489878782071     
 	 100 %           2   77.0949198964518     
 Time :   77.2259111551102     
 WOCIVL455M1NH220/N_atom200E+10_Vexp100E+02_Vemit200E+03_tauD000E+00_Vran500E+01
                      
 Start
           0
 set_grid_done
 set_clumps_done
 Done
 TIME :    1.41755069489591       sec
          50 %           1   39.6329963363241     
 	 100 %           4   77.7820924152620     
 Time :   77.9133524717763     
 WOCIVL455M1NH220/N_atom200E+10_Vexp200E+02_Vemit200E+03_tauD000E+00_Vran500E+01
                      
 Start
           0
 set_grid_done
 set_clumps_done
 Done
 TIME :    1.41894192318432       sec
          50 %           1   37.9325418882072     
 	 100 %           4   74.3300590207800     
 Time :   74.4626601708587     
 WOCIVL455M1NH220/N_atom200E+10_Vexp300E+02_Vemit200E+03_tauD000E+00_Vran500E+01
                      
 Start
           0
 set_grid_done
 set_clumps_done
 Done
 TIME :    1.42703930148855       sec
          50 %           1   37.9155630506575     
 	 100 %           3   74.4032126981765     
 Time :   74.5343498424627     
 WOCIVL455M1NH220/N_atom200E+10_Vexp400E+02_Vemit200E+03_tauD000E+00_Vran500E+01
                      
 Start
           0
 set_grid_done
 set_clumps_done
 Done
 TIME :    1.42962473607622       sec
          50 %           2   38.0193012508098     
 	 100 %           2   74.5732161316555     
 Time :   74.7053488669917     
 WOCIVL455M1NH220/N_atom200E+10_Vexp500E+02_Vemit200E+03_tauD000E+00_Vran500E+01
                      
 Start
           0
 set_grid_done
 set_clumps_done
 Done
 TIME :    1.42956816894002       sec
          50 %           1   37.9353343739640     
 	 100 %           2   74.3983109272085     
 Time :   74.5300036512781     
 WOCIVL455M1NH220/N_atom200E+10_Vexp600E+02_Vemit200E+03_tauD000E+00_Vran500E+01
                      
 Start
           0
 set_grid_done
 set_clumps_done
 Done
 TIME :    1.42924496834166       sec
          50 %           3   37.9649945201818     
 	 100 %           4   74.5411788141355     
 Time :   74.6708993520588     
 WOCIVL455M1NH220/N_atom200E+10_Vexp700E+02_Vemit200E+03_tauD000E+00_Vran500E+01
                      
 Start
           0
 set_grid_done
 set_clumps_done
 Done
 TIME :    1.42895419918932       sec
          50 %           3   38.1488347651903     
 	 100 %           2   74.8686481642071     
 Time :   74.9995946483687     
 WOCIVL455M1NH220/N_atom200E+10_Vexp800E+02_Vemit200E+03_tauD000E+00_Vran500E+01
                      
 Start
           0
 set_grid_done
 set_clumps_done
 Done
 TIME :    1.42787268571556       sec
          50 %           4   38.0357803141233     
 	 100 %           3   74.6310550854541     
 Time :   74.7600700904150     
 WOCIVL455M1NH220/N_atom200E+10_Vexp900E+02_Vemit200E+03_tauD000E+00_Vran500E+01
                      
 Start
           0
 set_grid_done
 set_clumps_done
 Done
 TIME :    1.43021880835295       sec
          50 %           3   38.1087246760726     
 	 100 %           2   74.7425917889923     
 Time :   74.8737096067052     
 WOCIVL455M1NH220/N_atom200E+10_Vexp100E+03_Vemit200E+03_tauD000E+00_Vran500E+01
                      
 Start
           0
 set_grid_done
 set_clumps_done
 Done
 TIME :    1.42835797276348       sec
          50 %           4   38.0726054268889     
 	 100 %           2   74.6849153423682     
 Time :   74.8155540449079     
 WOCIVL455M1NH220/N_atom200E+10_Vexp200E+03_Vemit200E+03_tauD000E+00_Vran500E+01
                      
 Start
           0
 set_grid_done
 set_clumps_done
 Done
 TIME :    1.42937196837738       sec
          50 %           3   38.0002258818131     
 	 100 %           3   74.5087842820212     
 Time :   74.6398848772515     
 WOCIVL455M1NH220/N_atom200E+10_Vexp300E+03_Vemit200E+03_tauD000E+00_Vran500E+01
                      
 Start
           0
 set_grid_done
 set_clumps_done
 Done
 TIME :    1.42881759093143       sec
          50 %           1   37.4765070823487     
 	 100 %           4   73.5002775341272     
 Time :   73.6323819458485     
 WOCIVL455M1NH220/N_atom200E+10_Vexp500E+01_Vemit200E+03_tauD000E+00_Vran500E+01
                      
 Start
           0
 set_grid_done
 set_clumps_done
 Done
 TIME :    1.43068287498318       sec
          50 %           3   43.0321841407567     
 	 100 %           1   84.6029815585352     
 Time :   84.7372091314755     
 WOCIVL455M1NH220/N_atom200E+10_Vexp100E+02_Vemit300E+03_tauD000E+00_Vran118E+01
                      
 Start
           0
 set_grid_done
 set_clumps_done
 Done
 TIME :    1.43114309455268       sec
          50 %           4   34.5311672221869     
 	 100 %           1   67.5843244551215     
 Time :   67.7160490392707     
 WOCIVL455M1NH220/N_atom200E+10_Vexp200E+02_Vemit300E+03_tauD000E+00_Vran118E+01
                      
 Start
           0
 set_grid_done
 set_clumps_done
 Done
 TIME :    1.42746139876544       sec
          50 %           4   33.9078722156119     
 	 100 %           4   66.3690384540241     
 Time :   66.4989908100106     
 WOCIVL455M1NH220/N_atom200E+10_Vexp300E+02_Vemit300E+03_tauD000E+00_Vran118E+01
                      
 Start
           0
 set_grid_done
 set_clumps_done
 Done
 TIME :    1.43326184735633       sec
          50 %           1   34.2839095739182     
 	 100 %           3   67.0931901466101     
 Time :   67.2227579860482     
 WOCIVL455M1NH220/N_atom200E+10_Vexp400E+02_Vemit300E+03_tauD000E+00_Vran118E+01
                      
 Start
           0
 set_grid_done
 set_clumps_done
 Done
 TIME :    1.42808528756723       sec
          50 %           1   34.6157824136317     
 	 100 %           3   67.7738061884884     
 Time :   67.9073258740827     
 WOCIVL455M1NH220/N_atom200E+10_Vexp500E+02_Vemit300E+03_tauD000E+00_Vran118E+01
                      
 Start
           0
 set_grid_done
 set_clumps_done
 Done
 TIME :    1.42722491198219       sec
          50 %           3   34.9253993253224     
 	 100 %           1   68.4108040931169     
 Time :   68.5412321479525     
 WOCIVL455M1NH220/N_atom200E+10_Vexp600E+02_Vemit300E+03_tauD000E+00_Vran118E+01
                      
 Start
           0
 set_grid_done
 set_clumps_done
 Done
 TIME :    1.42737687914632       sec
          50 %           4   35.0012602675706     
 	 100 %           1   68.5517202629708     
 Time :   68.6861046722624     
 WOCIVL455M1NH220/N_atom200E+10_Vexp700E+02_Vemit300E+03_tauD000E+00_Vran118E+01
                      
 Start
           0
 set_grid_done
 set_clumps_done
 Done
 TIME :    1.42965621524490       sec
          50 %           1   35.3388615897857     
 	 100 %           3   69.2144469264895     
 Time :   69.3450138934422     
 WOCIVL455M1NH220/N_atom200E+10_Vexp800E+02_Vemit300E+03_tauD000E+00_Vran118E+01
                      
 Start
           0
 set_grid_done
 set_clumps_done
 Done
 TIME :    1.42970439651981       sec
          50 %           1   35.3599231608678     
 	 100 %           3   69.3018796110991     
 Time :   69.4330985599663     
 WOCIVL455M1NH220/N_atom200E+10_Vexp900E+02_Vemit300E+03_tauD000E+00_Vran118E+01
                      
 Start
           0
 set_grid_done
 set_clumps_done
 Done
 TIME :    1.42773531633429       sec
          50 %           1   35.8403588766232     
 	 100 %           2   70.2124051051214     
 Time :   70.3427511849441     
 WOCIVL455M1NH220/N_atom200E+10_Vexp100E+03_Vemit300E+03_tauD000E+00_Vran118E+01
                      
 Start
           0
 set_grid_done
 set_clumps_done
 Done
 TIME :    1.42824224429205       sec
          50 %           3   35.5907479126472     
 	 100 %           1   69.7073763764929     
 Time :   69.8385445894673     
 WOCIVL455M1NH220/N_atom200E+10_Vexp200E+03_Vemit300E+03_tauD000E+00_Vran118E+01
                      
 Start
           0
 set_grid_done
 set_clumps_done
 Done
 TIME :    1.42547986516729       sec
          50 %           4   36.2278345650993     
 	 100 %           4   71.0466569974087     
 Time :   71.1779924263246     
 WOCIVL455M1NH220/N_atom200E+10_Vexp300E+03_Vemit300E+03_tauD000E+00_Vran118E+01
                      
 Start
           0
 set_grid_done
 set_clumps_done
 Done
 TIME :    1.42811549454927       sec
          50 %           2   36.5317654446699     
 	 100 %           4   71.6255940794945     
 Time :   71.7565879730973     
 WOCIVL455M1NH220/N_atom200E+10_Vexp500E+01_Vemit300E+03_tauD000E+00_Vran118E+01
                      
 Start
           0
 set_grid_done
 set_clumps_done
 Done
 TIME :    1.42762407613918       sec
          50 %           3   34.7953707654960     
 	 100 %           1   68.1442839330994     
 Time :   68.2766178883612     
 WOCIVL455M1NH220/N_atom200E+10_Vexp100E+02_Vemit300E+03_tauD000E+00_Vran300E+01
                      
 Start
           0
 set_grid_done
 set_clumps_done
 Done
 TIME :    1.42752248444594       sec
          50 %           2   35.4288642297033     
 	 100 %           3   69.4145658966154     
 Time :   69.5463265990838     
 WOCIVL455M1NH220/N_atom200E+10_Vexp200E+02_Vemit300E+03_tauD000E+00_Vran300E+01
                      
 Start
           0
 set_grid_done
 set_clumps_done
 Done
 TIME :    1.42582507734187       sec
          50 %           3   34.9435483638663     
 	 100 %           4   68.4100330767687     
 Time :   68.5413084221072     
 WOCIVL455M1NH220/N_atom200E+10_Vexp300E+02_Vemit300E+03_tauD000E+00_Vran300E+01
                      
 Start
           0
 set_grid_done
 set_clumps_done
 Done
 TIME :    1.42973449337296       sec
          50 %           3   35.1069762944244     
 	 100 %           1   68.7661606799811     
 Time :   68.9001245147083     
 WOCIVL455M1NH220/N_atom200E+10_Vexp400E+02_Vemit300E+03_tauD000E+00_Vran300E+01
                      
 Start
           0
 set_grid_done
 set_clumps_done
 Done
 TIME :    1.42650841828436       sec
          50 %           2   35.3799085486680     
 	 100 %           1   69.2806972116232     
 Time :   69.4114895744715     
 WOCIVL455M1NH220/N_atom200E+10_Vexp500E+02_Vemit300E+03_tauD000E+00_Vran300E+01
                      
 Start
           0
 set_grid_done
 set_clumps_done
 Done
 TIME :    1.42793905129656       sec
          50 %           4   35.5763980918564     
 	 100 %           2   69.7279990683310     
 Time :   69.8596105286852     
 WOCIVL455M1NH220/N_atom200E+10_Vexp600E+02_Vemit300E+03_tauD000E+00_Vran300E+01
                      
 Start
           0
 set_grid_done
 set_clumps_done
 Done
 TIME :    1.42848062445410       sec
          50 %           3   35.7389585936908     
 	 100 %           4   70.0281475319061     
 Time :   70.1596716372296     
 WOCIVL455M1NH220/N_atom200E+10_Vexp700E+02_Vemit300E+03_tauD000E+00_Vran300E+01
                      
 Start
           0
 set_grid_done
 set_clumps_done
 Done
 TIME :    1.42890816205181       sec
          50 %           2   35.7583372851368     
 	 100 %           1   70.0409132696223     
 Time :   70.1733316546306     
 WOCIVL455M1NH220/N_atom200E+10_Vexp800E+02_Vemit300E+03_tauD000E+00_Vran300E+01
                      
 Start
           0
 set_grid_done
 set_clumps_done
 Done
 TIME :    1.42714301729575       sec
          50 %           3   35.6416235608049     
 	 100 %           4   69.8496513732243     
 Time :   69.9819468560163     
 WOCIVL455M1NH220/N_atom200E+10_Vexp900E+02_Vemit300E+03_tauD000E+00_Vran300E+01
                      
 Start
           0
 set_grid_done
 set_clumps_done
 Done
 TIME :    1.42835048842244       sec
          50 %           2   36.0033303247765     
 	 100 %           1   70.5477236744482     
 Time :   70.6797044326086     
 WOCIVL455M1NH220/N_atom200E+10_Vexp100E+03_Vemit300E+03_tauD000E+00_Vran300E+01
                      
 Start
           0
 set_grid_done
 set_clumps_done
 Done
 TIME :    1.42634706362151       sec
          50 %           1   35.8477336796932     
 	 100 %           3   70.2922831168398     
 Time :   70.4238253764343     
 WOCIVL455M1NH220/N_atom200E+10_Vexp200E+03_Vemit300E+03_tauD000E+00_Vran300E+01
                      
 Start
           0
 set_grid_done
 set_clumps_done
 Done
 TIME :    1.42809623829089       sec
          50 %           1   36.2872611887287     
 	 100 %           4   71.1321530733258     
 Time :   71.2651241021231     
 WOCIVL455M1NH220/N_atom200E+10_Vexp300E+03_Vemit300E+03_tauD000E+00_Vran300E+01
                      
 Start
           0
 set_grid_done
 set_clumps_done
 Done
 TIME :    1.42766154697165       sec
          50 %           4   36.5893125971779     
 	 100 %           1   71.7498853600118     
 Time :   71.8824858190492     
 WOCIVL455M1NH220/N_atom200E+10_Vexp500E+01_Vemit300E+03_tauD000E+00_Vran300E+01
                      
 Start
           0
 set_grid_done
 set_clumps_done
 Done
 TIME :    1.43156425026245       sec
          50 %           1   36.5960529115982     
 	 100 %           3   71.7359891564120     
 Time :   71.8660732812714     
 WOCIVL455M1NH220/N_atom200E+10_Vexp100E+02_Vemit300E+03_tauD000E+00_Vran500E+01
                      
 Start
           0
 set_grid_done
 set_clumps_done
 Done
 TIME :    1.42705052252859       sec
          50 %           1   36.9065459584817     
 	 100 %           2   72.3692578757182     
 Time :   72.5005153573584     
 WOCIVL455M1NH220/N_atom200E+10_Vexp200E+02_Vemit300E+03_tauD000E+00_Vran500E+01
                      
 Start
           0
 set_grid_done
 set_clumps_done
 Done
 TIME :    1.42451646504924       sec
          50 %           1   35.8358474334236     
 	 100 %           1   70.2330573631916     
 Time :   70.3646738028619     
 WOCIVL455M1NH220/N_atom200E+10_Vexp300E+02_Vemit300E+03_tauD000E+00_Vran500E+01
                      
 Start
           0
 set_grid_done
 set_clumps_done
 Done
 TIME :    1.42814977956004       sec
          50 %           4   35.9783118781634     
 	 100 %           4   70.5000607161783     
 Time :   70.6312632239424     
 WOCIVL455M1NH220/N_atom200E+10_Vexp400E+02_Vemit300E+03_tauD000E+00_Vran500E+01
                      
 Start
           0
 set_grid_done
 set_clumps_done
 Done
 TIME :    1.42832162417471       sec
          50 %           2   35.9079107609577     
 	 100 %           4   70.4158902950585     
 Time :   70.5478635488544     
 WOCIVL455M1NH220/N_atom200E+10_Vexp500E+02_Vemit300E+03_tauD000E+00_Vran500E+01
                      
 Start
           0
 set_grid_done
 set_clumps_done
 Done
 TIME :    1.42804853804410       sec
          50 %           3   36.2209602377843     
 	 100 %           1   70.9722453132272     
 Time :   71.1038758796640     
 WOCIVL455M1NH220/N_atom200E+10_Vexp600E+02_Vemit300E+03_tauD000E+00_Vran500E+01
                      
 Start
           0
 set_grid_done
 set_clumps_done
 Done
 TIME :    1.42940069269389       sec
          50 %           2   36.2708559345920     
 	 100 %           3   71.1010178402066     
 Time :   71.2332556738984     
 WOCIVL455M1NH220/N_atom200E+10_Vexp700E+02_Vemit300E+03_tauD000E+00_Vran500E+01
                      
 Start
           0
 set_grid_done
 set_clumps_done
 Done
 TIME :    1.42777491104789       sec
          50 %           1   36.1416422440670     
 	 100 %           1   70.8455485079903     
 Time :   70.9808781631291     
 WOCIVL455M1NH220/N_atom200E+10_Vexp800E+02_Vemit300E+03_tauD000E+00_Vran500E+01
                      
 Start
           0
 set_grid_done
 set_clumps_done
 Done
 TIME :    1.42741267685778       sec
          50 %           1   36.4140891015995     
 	 100 %           4   71.3624977178406     
 Time :   71.4927745268214     
 WOCIVL455M1NH220/N_atom200E+10_Vexp900E+02_Vemit300E+03_tauD000E+00_Vran500E+01
                      
 Start
           0
 set_grid_done
 set_clumps_done
 Done
 TIME :    1.42877463973127       sec
          50 %           2   36.0974182728678     
 	 100 %           4   70.7202015027869     
 Time :   70.8524566192646     
 WOCIVL455M1NH220/N_atom200E+10_Vexp100E+03_Vemit300E+03_tauD000E+00_Vran500E+01
                      
 Start
           0
 set_grid_done
 set_clumps_done
 Done
 TIME :    1.42732245638035       sec
          50 %           1   36.3788958918303     
 	 100 %           4   71.3487824958283     
 Time :   71.4785844075959     
 WOCIVL455M1NH220/N_atom200E+10_Vexp200E+03_Vemit300E+03_tauD000E+00_Vran500E+01
                      
 Start
           0
 set_grid_done
 set_clumps_done
 Done
 TIME :    1.42991915205494       sec
          50 %           4   36.6721926003229     
 	 100 %           4   71.9132759999484     
 Time :   72.0445693093352     
 WOCIVL455M1NH220/N_atom200E+10_Vexp300E+03_Vemit300E+03_tauD000E+00_Vran500E+01
                      
 Start
           0
 set_grid_done
 set_clumps_done
 Done
 TIME :    1.42866346985102       sec
          50 %           2   36.7912900282536     
 	 100 %           4   72.1622340704780     
 Time :   72.2959091698285     
 WOCIVL455M1NH220/N_atom200E+10_Vexp500E+01_Vemit300E+03_tauD000E+00_Vran500E+01
                      
 Start
           0
 set_grid_done
 set_clumps_done
 Done
 TIME :    1.42606260604225       sec
          50 %           4   39.4436853856314     
 	 100 %           3   77.4018575865775     
 Time :   77.5332887363620     
