   1.5381945E+03   7.9900000E+02   0.0000000E+00   0.0000000E+00   0.0000000E+00
   1.5382021E+03   7.4600000E+02   0.0000000E+00   0.0000000E+00   0.0000000E+00
   1.5382096E+03   7.9200000E+02   0.0000000E+00   0.0000000E+00   0.0000000E+00
   1.5382171E+03   7.5100000E+02   0.0000000E+00   0.0000000E+00   0.0000000E+00
   1.5382246E+03   7.6600000E+02   0.0000000E+00   0.0000000E+00   0.0000000E+00
   1.5382322E+03   7.3500000E+02   0.0000000E+00   0.0000000E+00   0.0000000E+00
   1.5382397E+03   7.8200000E+02   0.0000000E+00   0.0000000E+00   0.0000000E+00
   1.5382472E+03   7.3100000E+02   0.0000000E+00   0.0000000E+00   0.0000000E+00
   1.5382548E+03   7.6200000E+02   0.0000000E+00   0.0000000E+00   0.0000000E+00
   1.5382623E+03   7.7200000E+02   0.0000000E+00   0.0000000E+00   0.0000000E+00
   1.5382698E+03   7.4100000E+02   0.0000000E+00   0.0000000E+00   0.0000000E+00
   1.5382773E+03   7.6300000E+02   0.0000000E+00   0.0000000E+00   0.0000000E+00
   1.5382849E+03   7.6000000E+02   0.0000000E+00   0.0000000E+00   0.0000000E+00
   1.5382924E+03   7.6000000E+02   0.0000000E+00   0.0000000E+00   0.0000000E+00
   1.5382999E+03   7.0300000E+02   0.0000000E+00   0.0000000E+00   0.0000000E+00
   1.5383075E+03   7.4800000E+02   0.0000000E+00   0.0000000E+00   0.0000000E+00
   1.5383150E+03   7.5900000E+02   0.0000000E+00   0.0000000E+00   0.0000000E+00
   1.5383225E+03   7.2700000E+02   0.0000000E+00   0.0000000E+00   0.0000000E+00
   1.5383300E+03   7.1500000E+02   0.0000000E+00   0.0000000E+00   0.0000000E+00
   1.5383376E+03   7.5900000E+02   0.0000000E+00   0.0000000E+00   0.0000000E+00
   1.5383451E+03   7.4500000E+02   0.0000000E+00   0.0000000E+00   0.0000000E+00
   1.5383526E+03   7.4700000E+02   0.0000000E+00   0.0000000E+00   0.0000000E+00
   1.5383602E+03   7.2300000E+02   0.0000000E+00   0.0000000E+00   0.0000000E+00
   1.5383677E+03   7.5800000E+02   0.0000000E+00   0.0000000E+00   0.0000000E+00
   1.5383752E+03   7.7500000E+02   0.0000000E+00   0.0000000E+00   0.0000000E+00
   1.5383827E+03   7.7400000E+02   0.0000000E+00   0.0000000E+00   0.0000000E+00
   1.5383903E+03   7.5600000E+02   0.0000000E+00   0.0000000E+00   0.0000000E+00
   1.5383978E+03   7.6800000E+02   0.0000000E+00   0.0000000E+00   0.0000000E+00
   1.5384053E+03   7.4700000E+02   0.0000000E+00   0.0000000E+00   0.0000000E+00
   1.5384128E+03   7.2700000E+02   0.0000000E+00   0.0000000E+00   0.0000000E+00
   1.5384204E+03   7.6500000E+02   0.0000000E+00   0.0000000E+00   0.0000000E+00
   1.5384279E+03   6.7900000E+02   0.0000000E+00   0.0000000E+00   0.0000000E+00
   1.5384354E+03   7.6900000E+02   0.0000000E+00   0.0000000E+00   0.0000000E+00
   1.5384430E+03   7.5600000E+02   0.0000000E+00   0.0000000E+00   0.0000000E+00
   1.5384505E+03   7.5000000E+02   0.0000000E+00   0.0000000E+00   0.0000000E+00
   1.5384580E+03   7.3200000E+02   0.0000000E+00   0.0000000E+00   0.0000000E+00
   1.5384655E+03   7.8000000E+02   0.0000000E+00   0.0000000E+00   0.0000000E+00
   1.5384731E+03   7.4100000E+02   0.0000000E+00   0.0000000E+00   0.0000000E+00
   1.5384806E+03   7.9900000E+02   0.0000000E+00   0.0000000E+00   0.0000000E+00
   1.5384881E+03   7.0800000E+02   0.0000000E+00   0.0000000E+00   0.0000000E+00
   1.5384957E+03   7.6700000E+02   0.0000000E+00   0.0000000E+00   0.0000000E+00
   1.5385032E+03   7.6700000E+02   0.0000000E+00   0.0000000E+00   0.0000000E+00
   1.5385107E+03   7.6600000E+02   0.0000000E+00   0.0000000E+00   0.0000000E+00
   1.5385182E+03   7.4700000E+02   0.0000000E+00   0.0000000E+00   0.0000000E+00
   1.5385258E+03   7.6100000E+02   0.0000000E+00   0.0000000E+00   0.0000000E+00
   1.5385333E+03   7.5200000E+02   0.0000000E+00   0.0000000E+00   0.0000000E+00
   1.5385408E+03   7.1000000E+02   0.0000000E+00   0.0000000E+00   0.0000000E+00
   1.5385484E+03   7.6500000E+02   0.0000000E+00   0.0000000E+00   0.0000000E+00
   1.5385559E+03   7.8500000E+02   0.0000000E+00   0.0000000E+00   0.0000000E+00
   1.5385634E+03   7.8600000E+02   0.0000000E+00   0.0000000E+00   0.0000000E+00
   1.5385709E+03   7.9500000E+02   0.0000000E+00   0.0000000E+00   0.0000000E+00
   1.5385785E+03   7.7900000E+02   0.0000000E+00   0.0000000E+00   0.0000000E+00
   1.5385860E+03   7.6600000E+02   0.0000000E+00   0.0000000E+00   0.0000000E+00
   1.5385935E+03   7.5400000E+02   0.0000000E+00   0.0000000E+00   0.0000000E+00
   1.5386011E+03   7.6400000E+02   0.0000000E+00   0.0000000E+00   0.0000000E+00
   1.5386086E+03   7.6500000E+02   0.0000000E+00   0.0000000E+00   0.0000000E+00
   1.5386161E+03   7.8300000E+02   0.0000000E+00   0.0000000E+00   0.0000000E+00
   1.5386236E+03   7.5800000E+02   0.0000000E+00   0.0000000E+00   0.0000000E+00
   1.5386312E+03   7.5500000E+02   0.0000000E+00   0.0000000E+00   0.0000000E+00
   1.5386387E+03   7.3800000E+02   0.0000000E+00   0.0000000E+00   0.0000000E+00
   1.5386462E+03   7.8900000E+02   0.0000000E+00   0.0000000E+00   0.0000000E+00
   1.5386538E+03   7.6500000E+02   0.0000000E+00   0.0000000E+00   0.0000000E+00
   1.5386613E+03   7.9100000E+02   0.0000000E+00   0.0000000E+00   0.0000000E+00
   1.5386688E+03   7.1700000E+02   0.0000000E+00   0.0000000E+00   0.0000000E+00
   1.5386763E+03   7.5900000E+02   0.0000000E+00   0.0000000E+00   0.0000000E+00
   1.5386839E+03   7.8000000E+02   0.0000000E+00   0.0000000E+00   0.0000000E+00
   1.5386914E+03   7.5100000E+02   0.0000000E+00   0.0000000E+00   0.0000000E+00
   1.5386989E+03   7.5500000E+02   0.0000000E+00   0.0000000E+00   0.0000000E+00
   1.5387065E+03   7.4000000E+02   0.0000000E+00   0.0000000E+00   0.0000000E+00
   1.5387140E+03   7.8300000E+02   0.0000000E+00   0.0000000E+00   0.0000000E+00
   1.5387215E+03   7.5800000E+02   0.0000000E+00   0.0000000E+00   0.0000000E+00
   1.5387290E+03   7.2300000E+02   0.0000000E+00   0.0000000E+00   0.0000000E+00
   1.5387366E+03   7.2500000E+02   0.0000000E+00   0.0000000E+00   0.0000000E+00
   1.5387441E+03   8.0100000E+02   0.0000000E+00   0.0000000E+00   0.0000000E+00
   1.5387516E+03   7.1500000E+02   0.0000000E+00   0.0000000E+00   0.0000000E+00
   1.5387592E+03   8.0600000E+02   0.0000000E+00   0.0000000E+00   0.0000000E+00
   1.5387667E+03   7.8400000E+02   0.0000000E+00   0.0000000E+00   0.0000000E+00
   1.5387742E+03   7.3600000E+02   0.0000000E+00   0.0000000E+00   0.0000000E+00
   1.5387817E+03   7.6500000E+02   0.0000000E+00   0.0000000E+00   0.0000000E+00
   1.5387893E+03   7.2400000E+02   1.0000000E+00   1.0925176E-03   7.9098272E-01
   1.5387968E+03   7.7800000E+02   0.0000000E+00   0.0000000E+00   0.0000000E+00
   1.5388043E+03   7.2900000E+02   0.0000000E+00   0.0000000E+00   0.0000000E+00
   1.5388119E+03   7.5300000E+02   0.0000000E+00   0.0000000E+00   0.0000000E+00
   1.5388194E+03   7.4800000E+02   0.0000000E+00   0.0000000E+00   0.0000000E+00
   1.5388269E+03   7.7700000E+02   0.0000000E+00   0.0000000E+00   0.0000000E+00
   1.5388344E+03   7.0800000E+02   0.0000000E+00   0.0000000E+00   0.0000000E+00
   1.5388420E+03   7.3800000E+02   0.0000000E+00   0.0000000E+00   0.0000000E+00
   1.5388495E+03   7.3000000E+02   0.0000000E+00   0.0000000E+00   0.0000000E+00
   1.5388570E+03   7.4400000E+02   0.0000000E+00   0.0000000E+00   0.0000000E+00
   1.5388646E+03   7.4000000E+02   0.0000000E+00   0.0000000E+00   0.0000000E+00
   1.5388721E+03   7.5100000E+02   0.0000000E+00   0.0000000E+00   0.0000000E+00
   1.5388796E+03   7.0400000E+02   0.0000000E+00   0.0000000E+00   0.0000000E+00
   1.5388871E+03   7.3400000E+02   0.0000000E+00   0.0000000E+00   0.0000000E+00
   1.5388947E+03   6.9900000E+02   0.0000000E+00   0.0000000E+00   0.0000000E+00
   1.5389022E+03   7.5900000E+02   0.0000000E+00   0.0000000E+00   0.0000000E+00
   1.5389097E+03   7.4800000E+02   0.0000000E+00   0.0000000E+00   0.0000000E+00
   1.5389172E+03   7.4600000E+02   0.0000000E+00   0.0000000E+00   0.0000000E+00
   1.5389248E+03   8.0800000E+02   0.0000000E+00   0.0000000E+00   0.0000000E+00
   1.5389323E+03   7.4600000E+02   0.0000000E+00   0.0000000E+00   0.0000000E+00
   1.5389398E+03   7.9400000E+02   0.0000000E+00   0.0000000E+00   0.0000000E+00
   1.5389474E+03   7.1900000E+02   0.0000000E+00   0.0000000E+00   0.0000000E+00
   1.5389549E+03   7.7700000E+02   0.0000000E+00   0.0000000E+00   0.0000000E+00
   1.5389624E+03   7.6900000E+02   0.0000000E+00   0.0000000E+00   0.0000000E+00
   1.5389699E+03   7.5000000E+02   0.0000000E+00   0.0000000E+00   0.0000000E+00
   1.5389775E+03   7.3700000E+02   0.0000000E+00   0.0000000E+00   0.0000000E+00
   1.5389850E+03   7.1100000E+02   0.0000000E+00   0.0000000E+00   0.0000000E+00
   1.5389925E+03   7.8700000E+02   0.0000000E+00   0.0000000E+00   0.0000000E+00
   1.5390001E+03   7.2000000E+02   0.0000000E+00   0.0000000E+00   0.0000000E+00
   1.5390076E+03   7.3400000E+02   0.0000000E+00   0.0000000E+00   0.0000000E+00
   1.5390151E+03   7.2900000E+02   0.0000000E+00   0.0000000E+00   0.0000000E+00
   1.5390226E+03   7.8100000E+02   0.0000000E+00   0.0000000E+00   0.0000000E+00
   1.5390302E+03   7.4700000E+02   0.0000000E+00   0.0000000E+00   0.0000000E+00
   1.5390377E+03   7.0500000E+02   0.0000000E+00   0.0000000E+00   0.0000000E+00
   1.5390452E+03   7.6400000E+02   0.0000000E+00   0.0000000E+00   0.0000000E+00
   1.5390528E+03   6.6700000E+02   0.0000000E+00   0.0000000E+00   0.0000000E+00
   1.5390603E+03   7.7600000E+02   0.0000000E+00   0.0000000E+00   0.0000000E+00
   1.5390678E+03   7.7900000E+02   0.0000000E+00   0.0000000E+00   0.0000000E+00
   1.5390753E+03   8.4100000E+02   0.0000000E+00   0.0000000E+00   0.0000000E+00
   1.5390829E+03   7.3500000E+02   0.0000000E+00   0.0000000E+00   0.0000000E+00
   1.5390904E+03   7.3500000E+02   0.0000000E+00   0.0000000E+00   0.0000000E+00
   1.5390979E+03   7.5100000E+02   0.0000000E+00   0.0000000E+00   0.0000000E+00
   1.5391055E+03   7.3700000E+02   0.0000000E+00   0.0000000E+00   0.0000000E+00
   1.5391130E+03   7.7200000E+02   0.0000000E+00   0.0000000E+00   0.0000000E+00
   1.5391205E+03   7.6800000E+02   0.0000000E+00   0.0000000E+00   0.0000000E+00
   1.5391280E+03   7.9300000E+02   0.0000000E+00   0.0000000E+00   0.0000000E+00
   1.5391356E+03   7.5400000E+02   0.0000000E+00   0.0000000E+00   0.0000000E+00
   1.5391431E+03   7.7600000E+02   0.0000000E+00   0.0000000E+00   0.0000000E+00
   1.5391506E+03   7.5600000E+02   0.0000000E+00   0.0000000E+00   0.0000000E+00
   1.5391582E+03   7.6700000E+02   0.0000000E+00   0.0000000E+00   0.0000000E+00
   1.5391657E+03   7.3200000E+02   0.0000000E+00   0.0000000E+00   0.0000000E+00
   1.5391732E+03   7.1600000E+02   0.0000000E+00   0.0000000E+00   0.0000000E+00
   1.5391807E+03   7.3100000E+02   0.0000000E+00   0.0000000E+00   0.0000000E+00
   1.5391883E+03   7.8400000E+02   0.0000000E+00   0.0000000E+00   0.0000000E+00
   1.5391958E+03   7.6000000E+02   0.0000000E+00   0.0000000E+00   0.0000000E+00
   1.5392033E+03   7.4700000E+02   0.0000000E+00   0.0000000E+00   0.0000000E+00
   1.5392109E+03   7.3300000E+02   0.0000000E+00   0.0000000E+00   0.0000000E+00
   1.5392184E+03   7.9200000E+02   0.0000000E+00   0.0000000E+00   0.0000000E+00
   1.5392259E+03   8.2900000E+02   0.0000000E+00   0.0000000E+00   0.0000000E+00
   1.5392334E+03   7.0200000E+02   0.0000000E+00   0.0000000E+00   0.0000000E+00
   1.5392410E+03   7.8500000E+02   0.0000000E+00   0.0000000E+00   0.0000000E+00
   1.5392485E+03   7.6900000E+02   0.0000000E+00   0.0000000E+00   0.0000000E+00
   1.5392560E+03   7.3800000E+02   0.0000000E+00   0.0000000E+00   0.0000000E+00
   1.5392636E+03   7.3900000E+02   0.0000000E+00   0.0000000E+00   0.0000000E+00
   1.5392711E+03   7.4400000E+02   0.0000000E+00   0.0000000E+00   0.0000000E+00
   1.5392786E+03   7.9100000E+02   0.0000000E+00   0.0000000E+00   0.0000000E+00
   1.5392861E+03   7.8000000E+02   0.0000000E+00   0.0000000E+00   0.0000000E+00
   1.5392937E+03   7.2000000E+02   0.0000000E+00   0.0000000E+00   0.0000000E+00
   1.5393012E+03   7.3800000E+02   0.0000000E+00   0.0000000E+00   0.0000000E+00
   1.5393087E+03   8.0000000E+02   0.0000000E+00   0.0000000E+00   0.0000000E+00
   1.5393162E+03   7.8100000E+02   0.0000000E+00   0.0000000E+00   0.0000000E+00
   1.5393238E+03   7.7000000E+02   0.0000000E+00   0.0000000E+00   0.0000000E+00
   1.5393313E+03   6.7400000E+02   0.0000000E+00   0.0000000E+00   0.0000000E+00
   1.5393388E+03   7.2200000E+02   0.0000000E+00   0.0000000E+00   0.0000000E+00
   1.5393464E+03   8.1800000E+02   0.0000000E+00   0.0000000E+00   0.0000000E+00
   1.5393539E+03   7.8900000E+02   0.0000000E+00   0.0000000E+00   0.0000000E+00
   1.5393614E+03   7.7900000E+02   0.0000000E+00   0.0000000E+00   0.0000000E+00
   1.5393689E+03   7.2800000E+02   0.0000000E+00   0.0000000E+00   0.0000000E+00
   1.5393765E+03   7.7400000E+02   0.0000000E+00   0.0000000E+00   0.0000000E+00
   1.5393840E+03   7.4700000E+02   0.0000000E+00   0.0000000E+00   0.0000000E+00
   1.5393915E+03   7.6300000E+02   0.0000000E+00   0.0000000E+00   0.0000000E+00
   1.5393991E+03   7.8500000E+02   0.0000000E+00   0.0000000E+00   0.0000000E+00
   1.5394066E+03   7.2800000E+02   0.0000000E+00   0.0000000E+00   0.0000000E+00
   1.5394141E+03   7.3500000E+02   0.0000000E+00   0.0000000E+00   0.0000000E+00
   1.5394216E+03   7.6100000E+02   0.0000000E+00   0.0000000E+00   0.0000000E+00
   1.5394292E+03   7.1400000E+02   0.0000000E+00   0.0000000E+00   0.0000000E+00
   1.5394367E+03   7.3900000E+02   0.0000000E+00   0.0000000E+00   0.0000000E+00
   1.5394442E+03   7.8300000E+02   0.0000000E+00   0.0000000E+00   0.0000000E+00
   1.5394518E+03   7.4800000E+02   0.0000000E+00   0.0000000E+00   0.0000000E+00
   1.5394593E+03   7.8700000E+02   0.0000000E+00   0.0000000E+00   0.0000000E+00
   1.5394668E+03   7.3200000E+02   0.0000000E+00   0.0000000E+00   0.0000000E+00
   1.5394743E+03   7.9800000E+02   0.0000000E+00   0.0000000E+00   0.0000000E+00
   1.5394819E+03   7.0700000E+02   0.0000000E+00   0.0000000E+00   0.0000000E+00
   1.5394894E+03   7.3700000E+02   0.0000000E+00   0.0000000E+00   0.0000000E+00
   1.5394969E+03   7.8700000E+02   0.0000000E+00   0.0000000E+00   0.0000000E+00
   1.5395045E+03   7.8100000E+02   0.0000000E+00   0.0000000E+00   0.0000000E+00
   1.5395120E+03   7.9100000E+02   0.0000000E+00   0.0000000E+00   0.0000000E+00
   1.5395195E+03   7.6700000E+02   0.0000000E+00   0.0000000E+00   0.0000000E+00
   1.5395270E+03   7.7700000E+02   0.0000000E+00   0.0000000E+00   0.0000000E+00
   1.5395346E+03   7.5700000E+02   0.0000000E+00   0.0000000E+00   0.0000000E+00
   1.5395421E+03   7.7900000E+02   0.0000000E+00   0.0000000E+00   0.0000000E+00
   1.5395496E+03   7.4200000E+02   0.0000000E+00   0.0000000E+00   0.0000000E+00
   1.5395572E+03   7.2700000E+02   0.0000000E+00   0.0000000E+00   0.0000000E+00
   1.5395647E+03   7.8400000E+02   0.0000000E+00   0.0000000E+00   0.0000000E+00
   1.5395722E+03   7.3400000E+02   0.0000000E+00   0.0000000E+00   0.0000000E+00
   1.5395797E+03   6.9300000E+02   0.0000000E+00   0.0000000E+00   0.0000000E+00
   1.5395873E+03   7.6500000E+02   0.0000000E+00   0.0000000E+00   0.0000000E+00
   1.5395948E+03   7.4700000E+02   0.0000000E+00   0.0000000E+00   0.0000000E+00
   1.5396023E+03   7.7200000E+02   0.0000000E+00   0.0000000E+00   0.0000000E+00
   1.5396099E+03   8.0100000E+02   0.0000000E+00   0.0000000E+00   0.0000000E+00
   1.5396174E+03   7.3800000E+02   0.0000000E+00   0.0000000E+00   0.0000000E+00
   1.5396249E+03   7.0600000E+02   0.0000000E+00   0.0000000E+00   0.0000000E+00
   1.5396324E+03   7.2800000E+02   0.0000000E+00   0.0000000E+00   0.0000000E+00
   1.5396400E+03   6.9700000E+02   0.0000000E+00   0.0000000E+00   0.0000000E+00
   1.5396475E+03   8.1300000E+02   0.0000000E+00   0.0000000E+00   0.0000000E+00
   1.5396550E+03   7.3100000E+02   0.0000000E+00   0.0000000E+00   0.0000000E+00
   1.5396626E+03   7.6800000E+02   0.0000000E+00   0.0000000E+00   0.0000000E+00
   1.5396701E+03   7.0400000E+02   0.0000000E+00   0.0000000E+00   0.0000000E+00
   1.5396776E+03   7.4700000E+02   0.0000000E+00   0.0000000E+00   0.0000000E+00
   1.5396851E+03   7.7200000E+02   0.0000000E+00   0.0000000E+00   0.0000000E+00
   1.5396927E+03   7.8500000E+02   0.0000000E+00   0.0000000E+00   0.0000000E+00
   1.5397002E+03   7.8900000E+02   0.0000000E+00   0.0000000E+00   0.0000000E+00
   1.5397077E+03   8.4400000E+02   0.0000000E+00   0.0000000E+00   0.0000000E+00
   1.5397153E+03   7.3800000E+02   0.0000000E+00   0.0000000E+00   0.0000000E+00
   1.5397228E+03   7.6200000E+02   0.0000000E+00   0.0000000E+00   0.0000000E+00
   1.5397303E+03   7.1500000E+02   0.0000000E+00   0.0000000E+00   0.0000000E+00
   1.5397378E+03   7.9100000E+02   0.0000000E+00   0.0000000E+00   0.0000000E+00
   1.5397454E+03   7.6200000E+02   0.0000000E+00   0.0000000E+00   0.0000000E+00
   1.5397529E+03   7.5500000E+02   0.0000000E+00   0.0000000E+00   0.0000000E+00
   1.5397604E+03   7.5600000E+02   0.0000000E+00   0.0000000E+00   0.0000000E+00
   1.5397679E+03   7.8400000E+02   0.0000000E+00   0.0000000E+00   0.0000000E+00
   1.5397755E+03   8.0000000E+02   0.0000000E+00   0.0000000E+00   0.0000000E+00
   1.5397830E+03   8.1000000E+02   0.0000000E+00   0.0000000E+00   0.0000000E+00
   1.5397905E+03   6.7900000E+02   0.0000000E+00   0.0000000E+00   0.0000000E+00
   1.5397981E+03   7.3300000E+02   0.0000000E+00   0.0000000E+00   0.0000000E+00
   1.5398056E+03   7.9000000E+02   0.0000000E+00   0.0000000E+00   0.0000000E+00
   1.5398131E+03   7.2000000E+02   0.0000000E+00   0.0000000E+00   0.0000000E+00
   1.5398206E+03   7.7700000E+02   0.0000000E+00   0.0000000E+00   0.0000000E+00
   1.5398282E+03   7.5000000E+02   0.0000000E+00   0.0000000E+00   0.0000000E+00
   1.5398357E+03   7.7300000E+02   0.0000000E+00   0.0000000E+00   0.0000000E+00
   1.5398432E+03   7.5500000E+02   0.0000000E+00   0.0000000E+00   0.0000000E+00
   1.5398508E+03   7.4100000E+02   0.0000000E+00   0.0000000E+00   0.0000000E+00
   1.5398583E+03   7.8200000E+02   0.0000000E+00   0.0000000E+00   0.0000000E+00
   1.5398658E+03   7.7400000E+02   0.0000000E+00   0.0000000E+00   0.0000000E+00
   1.5398733E+03   7.7600000E+02   0.0000000E+00   0.0000000E+00   0.0000000E+00
   1.5398809E+03   7.7900000E+02   0.0000000E+00   0.0000000E+00   0.0000000E+00
   1.5398884E+03   7.5800000E+02   0.0000000E+00   0.0000000E+00   0.0000000E+00
   1.5398959E+03   7.3900000E+02   0.0000000E+00   0.0000000E+00   0.0000000E+00
   1.5399035E+03   7.7000000E+02   0.0000000E+00   0.0000000E+00   0.0000000E+00
   1.5399110E+03   7.6600000E+02   0.0000000E+00   0.0000000E+00   0.0000000E+00
   1.5399185E+03   7.4800000E+02   0.0000000E+00   0.0000000E+00   0.0000000E+00
   1.5399260E+03   7.5000000E+02   0.0000000E+00   0.0000000E+00   0.0000000E+00
   1.5399336E+03   7.6700000E+02   0.0000000E+00   0.0000000E+00   0.0000000E+00
   1.5399411E+03   7.2400000E+02   0.0000000E+00   0.0000000E+00   0.0000000E+00
   1.5399486E+03   7.1800000E+02   0.0000000E+00   0.0000000E+00   0.0000000E+00
   1.5399562E+03   7.4700000E+02   0.0000000E+00   0.0000000E+00   0.0000000E+00
   1.5399637E+03   7.3000000E+02   0.0000000E+00   0.0000000E+00   0.0000000E+00
   1.5399712E+03   7.5400000E+02   0.0000000E+00   0.0000000E+00   0.0000000E+00
   1.5399787E+03   7.2000000E+02   0.0000000E+00   0.0000000E+00   0.0000000E+00
   1.5399863E+03   7.6500000E+02   0.0000000E+00   0.0000000E+00   0.0000000E+00
   1.5399938E+03   7.5600000E+02   0.0000000E+00   0.0000000E+00   0.0000000E+00
   1.5400013E+03   6.9600000E+02   0.0000000E+00   0.0000000E+00   0.0000000E+00
   1.5400089E+03   7.0900000E+02   0.0000000E+00   0.0000000E+00   0.0000000E+00
   1.5400164E+03   7.4700000E+02   0.0000000E+00   0.0000000E+00   0.0000000E+00
   1.5400239E+03   7.8300000E+02   0.0000000E+00   0.0000000E+00   0.0000000E+00
   1.5400314E+03   7.7400000E+02   0.0000000E+00   0.0000000E+00   0.0000000E+00
   1.5400390E+03   7.5800000E+02   0.0000000E+00   0.0000000E+00   0.0000000E+00
   1.5400465E+03   7.6500000E+02   0.0000000E+00   0.0000000E+00   0.0000000E+00
   1.5400540E+03   7.3600000E+02   0.0000000E+00   0.0000000E+00   0.0000000E+00
   1.5400616E+03   7.1600000E+02   0.0000000E+00   0.0000000E+00   0.0000000E+00
   1.5400691E+03   7.4900000E+02   0.0000000E+00   0.0000000E+00   0.0000000E+00
   1.5400766E+03   8.0700000E+02   0.0000000E+00   0.0000000E+00   0.0000000E+00
   1.5400841E+03   7.4400000E+02   0.0000000E+00   0.0000000E+00   0.0000000E+00
   1.5400917E+03   7.8500000E+02   0.0000000E+00   0.0000000E+00   0.0000000E+00
   1.5400992E+03   7.5700000E+02   0.0000000E+00   0.0000000E+00   0.0000000E+00
   1.5401067E+03   7.4500000E+02   0.0000000E+00   0.0000000E+00   0.0000000E+00
   1.5401143E+03   7.6800000E+02   0.0000000E+00   0.0000000E+00   0.0000000E+00
   1.5401218E+03   7.7000000E+02   0.0000000E+00   0.0000000E+00   0.0000000E+00
   1.5401293E+03   7.7700000E+02   0.0000000E+00   0.0000000E+00   0.0000000E+00
   1.5401368E+03   7.4700000E+02   0.0000000E+00   0.0000000E+00   0.0000000E+00
   1.5401444E+03   7.0500000E+02   0.0000000E+00   0.0000000E+00   0.0000000E+00
   1.5401519E+03   7.4800000E+02   0.0000000E+00   0.0000000E+00   0.0000000E+00
   1.5401594E+03   7.6800000E+02   0.0000000E+00   0.0000000E+00   0.0000000E+00
   1.5401670E+03   7.7800000E+02   0.0000000E+00   0.0000000E+00   0.0000000E+00
   1.5401745E+03   7.5800000E+02   0.0000000E+00   0.0000000E+00   0.0000000E+00
   1.5401820E+03   7.0700000E+02   0.0000000E+00   0.0000000E+00   0.0000000E+00
   1.5401895E+03   7.5700000E+02   0.0000000E+00   0.0000000E+00   0.0000000E+00
   1.5401971E+03   7.9900000E+02   0.0000000E+00   0.0000000E+00   0.0000000E+00
   1.5402046E+03   7.0900000E+02   0.0000000E+00   0.0000000E+00   0.0000000E+00
   1.5402121E+03   7.4000000E+02   0.0000000E+00   0.0000000E+00   0.0000000E+00
   1.5402197E+03   7.8100000E+02   0.0000000E+00   0.0000000E+00   0.0000000E+00
   1.5402272E+03   7.1000000E+02   0.0000000E+00   0.0000000E+00   0.0000000E+00
   1.5402347E+03   7.3400000E+02   0.0000000E+00   0.0000000E+00   0.0000000E+00
   1.5402422E+03   7.2500000E+02   0.0000000E+00   0.0000000E+00   0.0000000E+00
   1.5402498E+03   7.7900000E+02   0.0000000E+00   0.0000000E+00   0.0000000E+00
   1.5402573E+03   7.6200000E+02   0.0000000E+00   0.0000000E+00   0.0000000E+00
   1.5402648E+03   7.6400000E+02   0.0000000E+00   0.0000000E+00   0.0000000E+00
   1.5402723E+03   7.4100000E+02   0.0000000E+00   0.0000000E+00   0.0000000E+00
   1.5402799E+03   7.5800000E+02   0.0000000E+00   0.0000000E+00   0.0000000E+00
   1.5402874E+03   7.1900000E+02   0.0000000E+00   0.0000000E+00   0.0000000E+00
   1.5402949E+03   7.6500000E+02   0.0000000E+00   0.0000000E+00   0.0000000E+00
   1.5403025E+03   7.0200000E+02   0.0000000E+00   0.0000000E+00   0.0000000E+00
   1.5403100E+03   7.8400000E+02   0.0000000E+00   0.0000000E+00   0.0000000E+00
   1.5403175E+03   7.3700000E+02   0.0000000E+00   0.0000000E+00   0.0000000E+00
   1.5403250E+03   7.9200000E+02   0.0000000E+00   0.0000000E+00   0.0000000E+00
   1.5403326E+03   8.0800000E+02   0.0000000E+00   0.0000000E+00   0.0000000E+00
   1.5403401E+03   7.8400000E+02   0.0000000E+00   0.0000000E+00   0.0000000E+00
   1.5403476E+03   7.5500000E+02   0.0000000E+00   0.0000000E+00   0.0000000E+00
   1.5403552E+03   7.4500000E+02   0.0000000E+00   0.0000000E+00   0.0000000E+00
   1.5403627E+03   7.3000000E+02   0.0000000E+00   0.0000000E+00   0.0000000E+00
   1.5403702E+03   7.1300000E+02   0.0000000E+00   0.0000000E+00   0.0000000E+00
   1.5403777E+03   7.9300000E+02   0.0000000E+00   0.0000000E+00   0.0000000E+00
   1.5403853E+03   7.6900000E+02   0.0000000E+00   0.0000000E+00   0.0000000E+00
   1.5403928E+03   7.2200000E+02   0.0000000E+00   0.0000000E+00   0.0000000E+00
   1.5404003E+03   7.5700000E+02   0.0000000E+00   0.0000000E+00   0.0000000E+00
   1.5404079E+03   7.5100000E+02   0.0000000E+00   0.0000000E+00   0.0000000E+00
   1.5404154E+03   7.5600000E+02   0.0000000E+00   0.0000000E+00   0.0000000E+00
   1.5404229E+03   7.2600000E+02   0.0000000E+00   0.0000000E+00   0.0000000E+00
   1.5404304E+03   7.5900000E+02   0.0000000E+00   0.0000000E+00   0.0000000E+00
   1.5404380E+03   7.2000000E+02   0.0000000E+00   0.0000000E+00   0.0000000E+00
   1.5404455E+03   6.9700000E+02   0.0000000E+00   0.0000000E+00   0.0000000E+00
   1.5404530E+03   7.5400000E+02   0.0000000E+00   0.0000000E+00   0.0000000E+00
   1.5404606E+03   7.4000000E+02   0.0000000E+00   0.0000000E+00   0.0000000E+00
   1.5404681E+03   7.2500000E+02   0.0000000E+00   0.0000000E+00   0.0000000E+00
   1.5404756E+03   7.9200000E+02   0.0000000E+00   0.0000000E+00   0.0000000E+00
   1.5404831E+03   7.5200000E+02   0.0000000E+00   0.0000000E+00   0.0000000E+00
   1.5404907E+03   8.1800000E+02   1.0000000E+00   3.9305871E-04   3.2152203E-01
   1.5404982E+03   7.3700000E+02   0.0000000E+00   0.0000000E+00   0.0000000E+00
   1.5405057E+03   7.5800000E+02   0.0000000E+00   0.0000000E+00   0.0000000E+00
   1.5405133E+03   7.2400000E+02   0.0000000E+00   0.0000000E+00   0.0000000E+00
   1.5405208E+03   7.9500000E+02   0.0000000E+00   0.0000000E+00   0.0000000E+00
   1.5405283E+03   7.2000000E+02   0.0000000E+00   0.0000000E+00   0.0000000E+00
   1.5405358E+03   7.1700000E+02   0.0000000E+00   0.0000000E+00   0.0000000E+00
   1.5405434E+03   7.2600000E+02   0.0000000E+00   0.0000000E+00   0.0000000E+00
   1.5405509E+03   7.6600000E+02   0.0000000E+00   0.0000000E+00   0.0000000E+00
   1.5405584E+03   7.8000000E+02   0.0000000E+00   0.0000000E+00   0.0000000E+00
   1.5405660E+03   7.0800000E+02   0.0000000E+00   0.0000000E+00   0.0000000E+00
   1.5405735E+03   7.5900000E+02   0.0000000E+00   0.0000000E+00   0.0000000E+00
   1.5405810E+03   8.2000000E+02   0.0000000E+00   0.0000000E+00   0.0000000E+00
   1.5405885E+03   7.9500000E+02   0.0000000E+00   0.0000000E+00   0.0000000E+00
   1.5405961E+03   8.0400000E+02   0.0000000E+00   0.0000000E+00   0.0000000E+00
   1.5406036E+03   7.6000000E+02   0.0000000E+00   0.0000000E+00   0.0000000E+00
   1.5406111E+03   7.6000000E+02   0.0000000E+00   0.0000000E+00   0.0000000E+00
   1.5406187E+03   7.5600000E+02   0.0000000E+00   0.0000000E+00   0.0000000E+00
   1.5406262E+03   7.1300000E+02   0.0000000E+00   0.0000000E+00   0.0000000E+00
   1.5406337E+03   8.1100000E+02   0.0000000E+00   0.0000000E+00   0.0000000E+00
   1.5406412E+03   7.3200000E+02   0.0000000E+00   0.0000000E+00   0.0000000E+00
   1.5406488E+03   8.1000000E+02   0.0000000E+00   0.0000000E+00   0.0000000E+00
   1.5406563E+03   7.4700000E+02   0.0000000E+00   0.0000000E+00   0.0000000E+00
   1.5406638E+03   7.9700000E+02   0.0000000E+00   0.0000000E+00   0.0000000E+00
   1.5406713E+03   7.4700000E+02   0.0000000E+00   0.0000000E+00   0.0000000E+00
   1.5406789E+03   7.8400000E+02   0.0000000E+00   0.0000000E+00   0.0000000E+00
   1.5406864E+03   6.7100000E+02   0.0000000E+00   0.0000000E+00   0.0000000E+00
   1.5406939E+03   7.4000000E+02   0.0000000E+00   0.0000000E+00   0.0000000E+00
   1.5407015E+03   8.0300000E+02   0.0000000E+00   0.0000000E+00   0.0000000E+00
   1.5407090E+03   7.9400000E+02   0.0000000E+00   0.0000000E+00   0.0000000E+00
   1.5407165E+03   7.2100000E+02   0.0000000E+00   0.0000000E+00   0.0000000E+00
   1.5407240E+03   7.8700000E+02   0.0000000E+00   0.0000000E+00   0.0000000E+00
   1.5407316E+03   7.5100000E+02   0.0000000E+00   0.0000000E+00   0.0000000E+00
   1.5407391E+03   6.9200000E+02   0.0000000E+00   0.0000000E+00   0.0000000E+00
   1.5407466E+03   7.6100000E+02   0.0000000E+00   0.0000000E+00   0.0000000E+00
   1.5407542E+03   7.5600000E+02   0.0000000E+00   0.0000000E+00   0.0000000E+00
   1.5407617E+03   7.2500000E+02   0.0000000E+00   0.0000000E+00   0.0000000E+00
   1.5407692E+03   7.5400000E+02   0.0000000E+00   0.0000000E+00   0.0000000E+00
   1.5407767E+03   7.5200000E+02   0.0000000E+00   0.0000000E+00   0.0000000E+00
   1.5407843E+03   7.1600000E+02   0.0000000E+00   0.0000000E+00   0.0000000E+00
   1.5407918E+03   7.4700000E+02   0.0000000E+00   0.0000000E+00   0.0000000E+00
   1.5407993E+03   7.0400000E+02   0.0000000E+00   0.0000000E+00   0.0000000E+00
   1.5408069E+03   7.3000000E+02   0.0000000E+00   0.0000000E+00   0.0000000E+00
   1.5408144E+03   7.6700000E+02   0.0000000E+00   0.0000000E+00   0.0000000E+00
   1.5408219E+03   7.9800000E+02   0.0000000E+00   0.0000000E+00   0.0000000E+00
   1.5408294E+03   7.1700000E+02   0.0000000E+00   0.0000000E+00   0.0000000E+00
   1.5408370E+03   7.0100000E+02   0.0000000E+00   0.0000000E+00   0.0000000E+00
   1.5408445E+03   7.4500000E+02   0.0000000E+00   0.0000000E+00   0.0000000E+00
   1.5408520E+03   7.4300000E+02   0.0000000E+00   0.0000000E+00   0.0000000E+00
   1.5408596E+03   7.6900000E+02   0.0000000E+00   0.0000000E+00   0.0000000E+00
   1.5408671E+03   7.8100000E+02   0.0000000E+00   0.0000000E+00   0.0000000E+00
   1.5408746E+03   8.0100000E+02   0.0000000E+00   0.0000000E+00   0.0000000E+00
   1.5408821E+03   7.8300000E+02   0.0000000E+00   0.0000000E+00   0.0000000E+00
   1.5408897E+03   7.5200000E+02   0.0000000E+00   0.0000000E+00   0.0000000E+00
   1.5408972E+03   8.1400000E+02   0.0000000E+00   0.0000000E+00   0.0000000E+00
   1.5409047E+03   7.9300000E+02   0.0000000E+00   0.0000000E+00   0.0000000E+00
   1.5409123E+03   7.5300000E+02   0.0000000E+00   0.0000000E+00   0.0000000E+00
   1.5409198E+03   7.7700000E+02   0.0000000E+00   0.0000000E+00   0.0000000E+00
   1.5409273E+03   7.0800000E+02   0.0000000E+00   0.0000000E+00   0.0000000E+00
   1.5409348E+03   7.5100000E+02   0.0000000E+00   0.0000000E+00   0.0000000E+00
   1.5409424E+03   8.1300000E+02   0.0000000E+00   0.0000000E+00   0.0000000E+00
   1.5409499E+03   7.3900000E+02   0.0000000E+00   0.0000000E+00   0.0000000E+00
   1.5409574E+03   7.1400000E+02   0.0000000E+00   0.0000000E+00   0.0000000E+00
   1.5409650E+03   7.4600000E+02   0.0000000E+00   0.0000000E+00   0.0000000E+00
   1.5409725E+03   7.3000000E+02   0.0000000E+00   0.0000000E+00   0.0000000E+00
   1.5409800E+03   7.3900000E+02   0.0000000E+00   0.0000000E+00   0.0000000E+00
   1.5409875E+03   7.2900000E+02   0.0000000E+00   0.0000000E+00   0.0000000E+00
   1.5409951E+03   7.8200000E+02   0.0000000E+00   0.0000000E+00   0.0000000E+00
   1.5410026E+03   7.1000000E+02   0.0000000E+00   0.0000000E+00   0.0000000E+00
   1.5410101E+03   7.6800000E+02   0.0000000E+00   0.0000000E+00   0.0000000E+00
   1.5410177E+03   7.1500000E+02   0.0000000E+00   0.0000000E+00   0.0000000E+00
   1.5410252E+03   7.1200000E+02   0.0000000E+00   0.0000000E+00   0.0000000E+00
   1.5410327E+03   7.5200000E+02   0.0000000E+00   0.0000000E+00   0.0000000E+00
   1.5410402E+03   7.6900000E+02   0.0000000E+00   0.0000000E+00   0.0000000E+00
   1.5410478E+03   7.0600000E+02   0.0000000E+00   0.0000000E+00   0.0000000E+00
   1.5410553E+03   7.6800000E+02   0.0000000E+00   0.0000000E+00   0.0000000E+00
   1.5410628E+03   7.8000000E+02   0.0000000E+00   0.0000000E+00   0.0000000E+00
   1.5410704E+03   7.4300000E+02   0.0000000E+00   0.0000000E+00   0.0000000E+00
   1.5410779E+03   7.5800000E+02   0.0000000E+00   0.0000000E+00   0.0000000E+00
   1.5410854E+03   7.3500000E+02   0.0000000E+00   0.0000000E+00   0.0000000E+00
   1.5410929E+03   7.7500000E+02   0.0000000E+00   0.0000000E+00   0.0000000E+00
   1.5411005E+03   7.4500000E+02   0.0000000E+00   0.0000000E+00   0.0000000E+00
   1.5411080E+03   8.0800000E+02   0.0000000E+00   0.0000000E+00   0.0000000E+00
   1.5411155E+03   7.5400000E+02   0.0000000E+00   0.0000000E+00   0.0000000E+00
   1.5411230E+03   7.6400000E+02   0.0000000E+00   0.0000000E+00   0.0000000E+00
   1.5411306E+03   7.4900000E+02   0.0000000E+00   0.0000000E+00   0.0000000E+00
   1.5411381E+03   7.7400000E+02   0.0000000E+00   0.0000000E+00   0.0000000E+00
   1.5411456E+03   7.6400000E+02   1.0000000E+00   8.0363537E-04   6.1397742E-01
   1.5411532E+03   7.7100000E+02   0.0000000E+00   0.0000000E+00   0.0000000E+00
   1.5411607E+03   7.4500000E+02   0.0000000E+00   0.0000000E+00   0.0000000E+00
   1.5411682E+03   7.6300000E+02   0.0000000E+00   0.0000000E+00   0.0000000E+00
   1.5411757E+03   7.2000000E+02   0.0000000E+00   0.0000000E+00   0.0000000E+00
   1.5411833E+03   7.4600000E+02   0.0000000E+00   0.0000000E+00   0.0000000E+00
   1.5411908E+03   7.6600000E+02   0.0000000E+00   0.0000000E+00   0.0000000E+00
   1.5411983E+03   7.0500000E+02   0.0000000E+00   0.0000000E+00   0.0000000E+00
   1.5412059E+03   7.6500000E+02   0.0000000E+00   0.0000000E+00   0.0000000E+00
   1.5412134E+03   7.2800000E+02   0.0000000E+00   0.0000000E+00   0.0000000E+00
   1.5412209E+03   7.6500000E+02   0.0000000E+00   0.0000000E+00   0.0000000E+00
   1.5412284E+03   7.6700000E+02   0.0000000E+00   0.0000000E+00   0.0000000E+00
   1.5412360E+03   7.6000000E+02   0.0000000E+00   0.0000000E+00   0.0000000E+00
   1.5412435E+03   7.5900000E+02   0.0000000E+00   0.0000000E+00   0.0000000E+00
   1.5412510E+03   7.6900000E+02   0.0000000E+00   0.0000000E+00   0.0000000E+00
   1.5412586E+03   7.7600000E+02   0.0000000E+00   0.0000000E+00   0.0000000E+00
   1.5412661E+03   7.1100000E+02   0.0000000E+00   0.0000000E+00   0.0000000E+00
   1.5412736E+03   7.6300000E+02   0.0000000E+00   0.0000000E+00   0.0000000E+00
   1.5412811E+03   7.4200000E+02   0.0000000E+00   0.0000000E+00   0.0000000E+00
   1.5412887E+03   7.6900000E+02   0.0000000E+00   0.0000000E+00   0.0000000E+00
   1.5412962E+03   7.7100000E+02   0.0000000E+00   0.0000000E+00   0.0000000E+00
   1.5413037E+03   6.9200000E+02   0.0000000E+00   0.0000000E+00   0.0000000E+00
   1.5413113E+03   7.4600000E+02   0.0000000E+00   0.0000000E+00   0.0000000E+00
   1.5413188E+03   6.6300000E+02   0.0000000E+00   0.0000000E+00   0.0000000E+00
   1.5413263E+03   7.6800000E+02   0.0000000E+00   0.0000000E+00   0.0000000E+00
   1.5413338E+03   7.4900000E+02   0.0000000E+00   0.0000000E+00   0.0000000E+00
   1.5413414E+03   7.0500000E+02   0.0000000E+00   0.0000000E+00   0.0000000E+00
   1.5413489E+03   7.0600000E+02   0.0000000E+00   0.0000000E+00   0.0000000E+00
   1.5413564E+03   7.0500000E+02   0.0000000E+00   0.0000000E+00   0.0000000E+00
   1.5413640E+03   7.8400000E+02   0.0000000E+00   0.0000000E+00   0.0000000E+00
   1.5413715E+03   7.7200000E+02   0.0000000E+00   0.0000000E+00   0.0000000E+00
   1.5413790E+03   8.0300000E+02   0.0000000E+00   0.0000000E+00   0.0000000E+00
   1.5413865E+03   7.3600000E+02   0.0000000E+00   0.0000000E+00   0.0000000E+00
   1.5413941E+03   7.6100000E+02   0.0000000E+00   0.0000000E+00   0.0000000E+00
   1.5414016E+03   7.9500000E+02   0.0000000E+00   0.0000000E+00   0.0000000E+00
   1.5414091E+03   7.2900000E+02   0.0000000E+00   0.0000000E+00   0.0000000E+00
   1.5414167E+03   7.9900000E+02   0.0000000E+00   0.0000000E+00   0.0000000E+00
   1.5414242E+03   8.2700000E+02   0.0000000E+00   0.0000000E+00   0.0000000E+00
   1.5414317E+03   7.8800000E+02   0.0000000E+00   0.0000000E+00   0.0000000E+00
   1.5414392E+03   7.7300000E+02   0.0000000E+00   0.0000000E+00   0.0000000E+00
   1.5414468E+03   7.8800000E+02   0.0000000E+00   0.0000000E+00   0.0000000E+00
   1.5414543E+03   7.3500000E+02   0.0000000E+00   0.0000000E+00   0.0000000E+00
   1.5414618E+03   8.0300000E+02   0.0000000E+00   0.0000000E+00   0.0000000E+00
   1.5414694E+03   7.7400000E+02   0.0000000E+00   0.0000000E+00   0.0000000E+00
   1.5414769E+03   7.7100000E+02   0.0000000E+00   0.0000000E+00   0.0000000E+00
   1.5414844E+03   7.5500000E+02   0.0000000E+00   0.0000000E+00   0.0000000E+00
   1.5414919E+03   7.8200000E+02   0.0000000E+00   0.0000000E+00   0.0000000E+00
   1.5414995E+03   7.1900000E+02   0.0000000E+00   0.0000000E+00   0.0000000E+00
   1.5415070E+03   7.3500000E+02   0.0000000E+00   0.0000000E+00   0.0000000E+00
   1.5415145E+03   7.3900000E+02   0.0000000E+00   0.0000000E+00   0.0000000E+00
   1.5415221E+03   7.4300000E+02   0.0000000E+00   0.0000000E+00   0.0000000E+00
   1.5415296E+03   7.6100000E+02   0.0000000E+00   0.0000000E+00   0.0000000E+00
   1.5415371E+03   7.2500000E+02   0.0000000E+00   0.0000000E+00   0.0000000E+00
   1.5415446E+03   7.2900000E+02   0.0000000E+00   0.0000000E+00   0.0000000E+00
   1.5415522E+03   7.6600000E+02   0.0000000E+00   0.0000000E+00   0.0000000E+00
   1.5415597E+03   7.9700000E+02   0.0000000E+00   0.0000000E+00   0.0000000E+00
   1.5415672E+03   7.2700000E+02   0.0000000E+00   0.0000000E+00   0.0000000E+00
   1.5415747E+03   7.6600000E+02   0.0000000E+00   0.0000000E+00   0.0000000E+00
   1.5415823E+03   7.7300000E+02   0.0000000E+00   0.0000000E+00   0.0000000E+00
   1.5415898E+03   7.1800000E+02   0.0000000E+00   0.0000000E+00   0.0000000E+00
   1.5415973E+03   7.2100000E+02   0.0000000E+00   0.0000000E+00   0.0000000E+00
   1.5416049E+03   7.8600000E+02   0.0000000E+00   0.0000000E+00   0.0000000E+00
   1.5416124E+03   7.4100000E+02   0.0000000E+00   0.0000000E+00   0.0000000E+00
   1.5416199E+03   7.3700000E+02   0.0000000E+00   0.0000000E+00   0.0000000E+00
   1.5416274E+03   7.8100000E+02   0.0000000E+00   0.0000000E+00   0.0000000E+00
   1.5416350E+03   7.4000000E+02   0.0000000E+00   0.0000000E+00   0.0000000E+00
   1.5416425E+03   7.3300000E+02   1.0000000E+00   1.2207649E-03   8.9482069E-01
   1.5416500E+03   7.7400000E+02   0.0000000E+00   0.0000000E+00   0.0000000E+00
   1.5416576E+03   7.0500000E+02   0.0000000E+00   0.0000000E+00   0.0000000E+00
   1.5416651E+03   7.5900000E+02   0.0000000E+00   0.0000000E+00   0.0000000E+00
   1.5416726E+03   7.6300000E+02   0.0000000E+00   0.0000000E+00   0.0000000E+00
   1.5416801E+03   7.5300000E+02   0.0000000E+00   0.0000000E+00   0.0000000E+00
   1.5416877E+03   7.2700000E+02   0.0000000E+00   0.0000000E+00   0.0000000E+00
   1.5416952E+03   7.4700000E+02   0.0000000E+00   0.0000000E+00   0.0000000E+00
   1.5417027E+03   7.5000000E+02   0.0000000E+00   0.0000000E+00   0.0000000E+00
   1.5417103E+03   7.5400000E+02   0.0000000E+00   0.0000000E+00   0.0000000E+00
   1.5417178E+03   7.9400000E+02   0.0000000E+00   0.0000000E+00   0.0000000E+00
   1.5417253E+03   7.4400000E+02   0.0000000E+00   0.0000000E+00   0.0000000E+00
   1.5417328E+03   7.3300000E+02   0.0000000E+00   0.0000000E+00   0.0000000E+00
   1.5417404E+03   7.6500000E+02   0.0000000E+00   0.0000000E+00   0.0000000E+00
   1.5417479E+03   7.7200000E+02   0.0000000E+00   0.0000000E+00   0.0000000E+00
   1.5417554E+03   7.2800000E+02   0.0000000E+00   0.0000000E+00   0.0000000E+00
   1.5417630E+03   7.6200000E+02   0.0000000E+00   0.0000000E+00   0.0000000E+00
   1.5417705E+03   7.6100000E+02   0.0000000E+00   0.0000000E+00   0.0000000E+00
   1.5417780E+03   7.1700000E+02   0.0000000E+00   0.0000000E+00   0.0000000E+00
   1.5417855E+03   7.7500000E+02   0.0000000E+00   0.0000000E+00   0.0000000E+00
   1.5417931E+03   7.6200000E+02   0.0000000E+00   0.0000000E+00   0.0000000E+00
   1.5418006E+03   8.1700000E+02   0.0000000E+00   0.0000000E+00   0.0000000E+00
   1.5418081E+03   7.5000000E+02   0.0000000E+00   0.0000000E+00   0.0000000E+00
   1.5418157E+03   7.4300000E+02   0.0000000E+00   0.0000000E+00   0.0000000E+00
   1.5418232E+03   7.8300000E+02   0.0000000E+00   0.0000000E+00   0.0000000E+00
   1.5418307E+03   7.6600000E+02   0.0000000E+00   0.0000000E+00   0.0000000E+00
   1.5418382E+03   7.4900000E+02   0.0000000E+00   0.0000000E+00   0.0000000E+00
   1.5418458E+03   7.4900000E+02   0.0000000E+00   0.0000000E+00   0.0000000E+00
   1.5418533E+03   7.2700000E+02   0.0000000E+00   0.0000000E+00   0.0000000E+00
   1.5418608E+03   7.5300000E+02   0.0000000E+00   0.0000000E+00   0.0000000E+00
   1.5418684E+03   7.6800000E+02   0.0000000E+00   0.0000000E+00   0.0000000E+00
   1.5418759E+03   7.8200000E+02   0.0000000E+00   0.0000000E+00   0.0000000E+00
   1.5418834E+03   7.8300000E+02   0.0000000E+00   0.0000000E+00   0.0000000E+00
   1.5418909E+03   7.4100000E+02   0.0000000E+00   0.0000000E+00   0.0000000E+00
   1.5418985E+03   7.7000000E+02   0.0000000E+00   0.0000000E+00   0.0000000E+00
   1.5419060E+03   7.0900000E+02   0.0000000E+00   0.0000000E+00   0.0000000E+00
   1.5419135E+03   7.6000000E+02   0.0000000E+00   0.0000000E+00   0.0000000E+00
   1.5419211E+03   7.4000000E+02   0.0000000E+00   0.0000000E+00   0.0000000E+00
   1.5419286E+03   7.5500000E+02   0.0000000E+00   0.0000000E+00   0.0000000E+00
   1.5419361E+03   7.4000000E+02   0.0000000E+00   0.0000000E+00   0.0000000E+00
   1.5419436E+03   7.7200000E+02   0.0000000E+00   0.0000000E+00   0.0000000E+00
   1.5419512E+03   7.1700000E+02   0.0000000E+00   0.0000000E+00   0.0000000E+00
   1.5419587E+03   7.4300000E+02   0.0000000E+00   0.0000000E+00   0.0000000E+00
   1.5419662E+03   7.3600000E+02   0.0000000E+00   0.0000000E+00   0.0000000E+00
   1.5419738E+03   7.4600000E+02   0.0000000E+00   0.0000000E+00   0.0000000E+00
   1.5419813E+03   7.6000000E+02   0.0000000E+00   0.0000000E+00   0.0000000E+00
   1.5419888E+03   7.0900000E+02   0.0000000E+00   0.0000000E+00   0.0000000E+00
   1.5419963E+03   7.5200000E+02   0.0000000E+00   0.0000000E+00   0.0000000E+00
   1.5420039E+03   7.6000000E+02   0.0000000E+00   0.0000000E+00   0.0000000E+00
   1.5420114E+03   7.6300000E+02   0.0000000E+00   0.0000000E+00   0.0000000E+00
   1.5420189E+03   7.2300000E+02   1.0000000E+00   7.6063067E-05   5.4993598E-02
   1.5420264E+03   7.6600000E+02   0.0000000E+00   0.0000000E+00   0.0000000E+00
   1.5420340E+03   7.1200000E+02   0.0000000E+00   0.0000000E+00   0.0000000E+00
   1.5420415E+03   7.7000000E+02   0.0000000E+00   0.0000000E+00   0.0000000E+00
   1.5420490E+03   7.7700000E+02   0.0000000E+00   0.0000000E+00   0.0000000E+00
   1.5420566E+03   7.4400000E+02   0.0000000E+00   0.0000000E+00   0.0000000E+00
   1.5420641E+03   7.5400000E+02   0.0000000E+00   0.0000000E+00   0.0000000E+00
   1.5420716E+03   7.7400000E+02   0.0000000E+00   0.0000000E+00   0.0000000E+00
   1.5420791E+03   7.5500000E+02   0.0000000E+00   0.0000000E+00   0.0000000E+00
   1.5420867E+03   7.4200000E+02   0.0000000E+00   0.0000000E+00   0.0000000E+00
   1.5420942E+03   7.2500000E+02   0.0000000E+00   0.0000000E+00   0.0000000E+00
   1.5421017E+03   6.9900000E+02   0.0000000E+00   0.0000000E+00   0.0000000E+00
   1.5421093E+03   7.5800000E+02   0.0000000E+00   0.0000000E+00   0.0000000E+00
   1.5421168E+03   7.6400000E+02   0.0000000E+00   0.0000000E+00   0.0000000E+00
   1.5421243E+03   7.7000000E+02   0.0000000E+00   0.0000000E+00   0.0000000E+00
   1.5421318E+03   6.9000000E+02   0.0000000E+00   0.0000000E+00   0.0000000E+00
   1.5421394E+03   7.8700000E+02   0.0000000E+00   0.0000000E+00   0.0000000E+00
   1.5421469E+03   7.4200000E+02   0.0000000E+00   0.0000000E+00   0.0000000E+00
   1.5421544E+03   7.7900000E+02   0.0000000E+00   0.0000000E+00   0.0000000E+00
   1.5421620E+03   7.6500000E+02   0.0000000E+00   0.0000000E+00   0.0000000E+00
   1.5421695E+03   7.5300000E+02   0.0000000E+00   0.0000000E+00   0.0000000E+00
   1.5421770E+03   6.8900000E+02   0.0000000E+00   0.0000000E+00   0.0000000E+00
   1.5421845E+03   7.7700000E+02   0.0000000E+00   0.0000000E+00   0.0000000E+00
   1.5421921E+03   7.3700000E+02   0.0000000E+00   0.0000000E+00   0.0000000E+00
   1.5421996E+03   7.3200000E+02   0.0000000E+00   0.0000000E+00   0.0000000E+00
   1.5422071E+03   7.3900000E+02   0.0000000E+00   0.0000000E+00   0.0000000E+00
   1.5422147E+03   7.5300000E+02   0.0000000E+00   0.0000000E+00   0.0000000E+00
   1.5422222E+03   7.5600000E+02   0.0000000E+00   0.0000000E+00   0.0000000E+00
   1.5422297E+03   7.8100000E+02   0.0000000E+00   0.0000000E+00   0.0000000E+00
   1.5422372E+03   7.5300000E+02   0.0000000E+00   0.0000000E+00   0.0000000E+00
   1.5422448E+03   7.5200000E+02   0.0000000E+00   0.0000000E+00   0.0000000E+00
   1.5422523E+03   7.5400000E+02   0.0000000E+00   0.0000000E+00   0.0000000E+00
   1.5422598E+03   7.9700000E+02   0.0000000E+00   0.0000000E+00   0.0000000E+00
   1.5422674E+03   7.4000000E+02   0.0000000E+00   0.0000000E+00   0.0000000E+00
   1.5422749E+03   7.3800000E+02   0.0000000E+00   0.0000000E+00   0.0000000E+00
   1.5422824E+03   7.7500000E+02   0.0000000E+00   0.0000000E+00   0.0000000E+00
   1.5422899E+03   7.6100000E+02   0.0000000E+00   0.0000000E+00   0.0000000E+00
   1.5422975E+03   7.6800000E+02   0.0000000E+00   0.0000000E+00   0.0000000E+00
   1.5423050E+03   7.6500000E+02   0.0000000E+00   0.0000000E+00   0.0000000E+00
   1.5423125E+03   7.3100000E+02   0.0000000E+00   0.0000000E+00   0.0000000E+00
   1.5423201E+03   7.8300000E+02   0.0000000E+00   0.0000000E+00   0.0000000E+00
   1.5423276E+03   7.6800000E+02   0.0000000E+00   0.0000000E+00   0.0000000E+00
   1.5423351E+03   7.5400000E+02   0.0000000E+00   0.0000000E+00   0.0000000E+00
   1.5423426E+03   7.7400000E+02   0.0000000E+00   0.0000000E+00   0.0000000E+00
   1.5423502E+03   7.4000000E+02   0.0000000E+00   0.0000000E+00   0.0000000E+00
   1.5423577E+03   7.4800000E+02   0.0000000E+00   0.0000000E+00   0.0000000E+00
   1.5423652E+03   7.8900000E+02   0.0000000E+00   0.0000000E+00   0.0000000E+00
   1.5423728E+03   7.0400000E+02   0.0000000E+00   0.0000000E+00   0.0000000E+00
   1.5423803E+03   7.5800000E+02   0.0000000E+00   0.0000000E+00   0.0000000E+00
   1.5423878E+03   7.8900000E+02   0.0000000E+00   0.0000000E+00   0.0000000E+00
   1.5423953E+03   7.5800000E+02   0.0000000E+00   0.0000000E+00   0.0000000E+00
   1.5424029E+03   7.6100000E+02   0.0000000E+00   0.0000000E+00   0.0000000E+00
   1.5424104E+03   7.3200000E+02   0.0000000E+00   0.0000000E+00   0.0000000E+00
   1.5424179E+03   7.3900000E+02   0.0000000E+00   0.0000000E+00   0.0000000E+00
   1.5424255E+03   7.8200000E+02   0.0000000E+00   0.0000000E+00   0.0000000E+00
   1.5424330E+03   7.3800000E+02   0.0000000E+00   0.0000000E+00   0.0000000E+00
   1.5424405E+03   7.8400000E+02   0.0000000E+00   0.0000000E+00   0.0000000E+00
   1.5424480E+03   7.5800000E+02   0.0000000E+00   0.0000000E+00   0.0000000E+00
   1.5424556E+03   7.7100000E+02   0.0000000E+00   0.0000000E+00   0.0000000E+00
   1.5424631E+03   7.5400000E+02   0.0000000E+00   0.0000000E+00   0.0000000E+00
   1.5424706E+03   8.0400000E+02   0.0000000E+00   0.0000000E+00   0.0000000E+00
   1.5424781E+03   7.7500000E+02   0.0000000E+00   0.0000000E+00   0.0000000E+00
   1.5424857E+03   7.7600000E+02   0.0000000E+00   0.0000000E+00   0.0000000E+00
   1.5424932E+03   7.0400000E+02   0.0000000E+00   0.0000000E+00   0.0000000E+00
   1.5425007E+03   7.3200000E+02   0.0000000E+00   0.0000000E+00   0.0000000E+00
   1.5425083E+03   7.5300000E+02   0.0000000E+00   0.0000000E+00   0.0000000E+00
   1.5425158E+03   7.5100000E+02   0.0000000E+00   0.0000000E+00   0.0000000E+00
   1.5425233E+03   7.7800000E+02   0.0000000E+00   0.0000000E+00   0.0000000E+00
   1.5425308E+03   7.7600000E+02   0.0000000E+00   0.0000000E+00   0.0000000E+00
   1.5425384E+03   7.1800000E+02   0.0000000E+00   0.0000000E+00   0.0000000E+00
   1.5425459E+03   7.2100000E+02   0.0000000E+00   0.0000000E+00   0.0000000E+00
   1.5425534E+03   7.3300000E+02   0.0000000E+00   0.0000000E+00   0.0000000E+00
   1.5425610E+03   7.5300000E+02   0.0000000E+00   0.0000000E+00   0.0000000E+00
   1.5425685E+03   8.2800000E+02   0.0000000E+00   0.0000000E+00   0.0000000E+00
   1.5425760E+03   7.2600000E+02   0.0000000E+00   0.0000000E+00   0.0000000E+00
   1.5425835E+03   7.3500000E+02   0.0000000E+00   0.0000000E+00   0.0000000E+00
   1.5425911E+03   7.4100000E+02   1.0000000E+00   7.0455160E-04   5.2207274E-01
   1.5425986E+03   7.3600000E+02   0.0000000E+00   0.0000000E+00   0.0000000E+00
   1.5426061E+03   7.4200000E+02   0.0000000E+00   0.0000000E+00   0.0000000E+00
   1.5426137E+03   7.2600000E+02   0.0000000E+00   0.0000000E+00   0.0000000E+00
   1.5426212E+03   7.3400000E+02   0.0000000E+00   0.0000000E+00   0.0000000E+00
   1.5426287E+03   7.3700000E+02   0.0000000E+00   0.0000000E+00   0.0000000E+00
   1.5426362E+03   7.8000000E+02   0.0000000E+00   0.0000000E+00   0.0000000E+00
   1.5426438E+03   7.8600000E+02   0.0000000E+00   0.0000000E+00   0.0000000E+00
   1.5426513E+03   7.3600000E+02   0.0000000E+00   0.0000000E+00   0.0000000E+00
   1.5426588E+03   7.4900000E+02   0.0000000E+00   0.0000000E+00   0.0000000E+00
   1.5426664E+03   7.2400000E+02   0.0000000E+00   0.0000000E+00   0.0000000E+00
   1.5426739E+03   7.2800000E+02   0.0000000E+00   0.0000000E+00   0.0000000E+00
   1.5426814E+03   7.4600000E+02   0.0000000E+00   0.0000000E+00   0.0000000E+00
   1.5426889E+03   7.5400000E+02   0.0000000E+00   0.0000000E+00   0.0000000E+00
   1.5426965E+03   7.6800000E+02   0.0000000E+00   0.0000000E+00   0.0000000E+00
   1.5427040E+03   7.8100000E+02   0.0000000E+00   0.0000000E+00   0.0000000E+00
   1.5427115E+03   7.3500000E+02   0.0000000E+00   0.0000000E+00   0.0000000E+00
   1.5427191E+03   7.6400000E+02   0.0000000E+00   0.0000000E+00   0.0000000E+00
   1.5427266E+03   7.5900000E+02   0.0000000E+00   0.0000000E+00   0.0000000E+00
   1.5427341E+03   7.4700000E+02   0.0000000E+00   0.0000000E+00   0.0000000E+00
   1.5427416E+03   7.3500000E+02   0.0000000E+00   0.0000000E+00   0.0000000E+00
   1.5427492E+03   7.3800000E+02   0.0000000E+00   0.0000000E+00   0.0000000E+00
   1.5427567E+03   7.6000000E+02   0.0000000E+00   0.0000000E+00   0.0000000E+00
   1.5427642E+03   7.1300000E+02   0.0000000E+00   0.0000000E+00   0.0000000E+00
   1.5427718E+03   7.2900000E+02   0.0000000E+00   0.0000000E+00   0.0000000E+00
   1.5427793E+03   8.0400000E+02   0.0000000E+00   0.0000000E+00   0.0000000E+00
   1.5427868E+03   7.6600000E+02   0.0000000E+00   0.0000000E+00   0.0000000E+00
   1.5427943E+03   8.0400000E+02   0.0000000E+00   0.0000000E+00   0.0000000E+00
   1.5428019E+03   7.5700000E+02   0.0000000E+00   0.0000000E+00   0.0000000E+00
   1.5428094E+03   8.1500000E+02   0.0000000E+00   0.0000000E+00   0.0000000E+00
   1.5428169E+03   7.8800000E+02   0.0000000E+00   0.0000000E+00   0.0000000E+00
   1.5428245E+03   7.7700000E+02   0.0000000E+00   0.0000000E+00   0.0000000E+00
   1.5428320E+03   7.7700000E+02   0.0000000E+00   0.0000000E+00   0.0000000E+00
   1.5428395E+03   7.4700000E+02   0.0000000E+00   0.0000000E+00   0.0000000E+00
   1.5428470E+03   7.6500000E+02   0.0000000E+00   0.0000000E+00   0.0000000E+00
   1.5428546E+03   7.6900000E+02   0.0000000E+00   0.0000000E+00   0.0000000E+00
   1.5428621E+03   7.4600000E+02   0.0000000E+00   0.0000000E+00   0.0000000E+00
   1.5428696E+03   8.0800000E+02   0.0000000E+00   0.0000000E+00   0.0000000E+00
   1.5428772E+03   7.2600000E+02   0.0000000E+00   0.0000000E+00   0.0000000E+00
   1.5428847E+03   7.3100000E+02   0.0000000E+00   0.0000000E+00   0.0000000E+00
   1.5428922E+03   7.6700000E+02   0.0000000E+00   0.0000000E+00   0.0000000E+00
   1.5428997E+03   7.2500000E+02   0.0000000E+00   0.0000000E+00   0.0000000E+00
   1.5429073E+03   7.5600000E+02   0.0000000E+00   0.0000000E+00   0.0000000E+00
   1.5429148E+03   7.2700000E+02   0.0000000E+00   0.0000000E+00   0.0000000E+00
   1.5429223E+03   7.2500000E+02   0.0000000E+00   0.0000000E+00   0.0000000E+00
   1.5429298E+03   7.4600000E+02   0.0000000E+00   0.0000000E+00   0.0000000E+00
   1.5429374E+03   7.2600000E+02   0.0000000E+00   0.0000000E+00   0.0000000E+00
   1.5429449E+03   7.5400000E+02   0.0000000E+00   0.0000000E+00   0.0000000E+00
   1.5429524E+03   7.0800000E+02   0.0000000E+00   0.0000000E+00   0.0000000E+00
   1.5429600E+03   7.5800000E+02   0.0000000E+00   0.0000000E+00   0.0000000E+00
   1.5429675E+03   7.5500000E+02   0.0000000E+00   0.0000000E+00   0.0000000E+00
   1.5429750E+03   7.6000000E+02   0.0000000E+00   0.0000000E+00   0.0000000E+00
   1.5429825E+03   7.2900000E+02   0.0000000E+00   0.0000000E+00   0.0000000E+00
   1.5429901E+03   7.2700000E+02   0.0000000E+00   0.0000000E+00   0.0000000E+00
   1.5429976E+03   7.3300000E+02   0.0000000E+00   0.0000000E+00   0.0000000E+00
   1.5430051E+03   7.5700000E+02   0.0000000E+00   0.0000000E+00   0.0000000E+00
   1.5430127E+03   7.4500000E+02   0.0000000E+00   0.0000000E+00   0.0000000E+00
   1.5430202E+03   7.6400000E+02   1.0000000E+00   1.2291567E-03   9.3907574E-01
   1.5430277E+03   7.4800000E+02   0.0000000E+00   0.0000000E+00   0.0000000E+00
   1.5430352E+03   7.2900000E+02   0.0000000E+00   0.0000000E+00   0.0000000E+00
   1.5430428E+03   7.3400000E+02   0.0000000E+00   0.0000000E+00   0.0000000E+00
   1.5430503E+03   7.9000000E+02   0.0000000E+00   0.0000000E+00   0.0000000E+00
   1.5430578E+03   7.2100000E+02   0.0000000E+00   0.0000000E+00   0.0000000E+00
   1.5430654E+03   7.7200000E+02   0.0000000E+00   0.0000000E+00   0.0000000E+00
   1.5430729E+03   7.5300000E+02   0.0000000E+00   0.0000000E+00   0.0000000E+00
   1.5430804E+03   7.3900000E+02   0.0000000E+00   0.0000000E+00   0.0000000E+00
   1.5430879E+03   7.4300000E+02   0.0000000E+00   0.0000000E+00   0.0000000E+00
   1.5430955E+03   7.3600000E+02   0.0000000E+00   0.0000000E+00   0.0000000E+00
   1.5431030E+03   7.5300000E+02   0.0000000E+00   0.0000000E+00   0.0000000E+00
   1.5431105E+03   7.3700000E+02   0.0000000E+00   0.0000000E+00   0.0000000E+00
   1.5431181E+03   7.4600000E+02   0.0000000E+00   0.0000000E+00   0.0000000E+00
   1.5431256E+03   7.6800000E+02   0.0000000E+00   0.0000000E+00   0.0000000E+00
   1.5431331E+03   7.4800000E+02   0.0000000E+00   0.0000000E+00   0.0000000E+00
   1.5431406E+03   7.7000000E+02   0.0000000E+00   0.0000000E+00   0.0000000E+00
   1.5431482E+03   7.3100000E+02   0.0000000E+00   0.0000000E+00   0.0000000E+00
   1.5431557E+03   7.6800000E+02   0.0000000E+00   0.0000000E+00   0.0000000E+00
   1.5431632E+03   7.6700000E+02   0.0000000E+00   0.0000000E+00   0.0000000E+00
   1.5431708E+03   7.6300000E+02   0.0000000E+00   0.0000000E+00   0.0000000E+00
   1.5431783E+03   7.8200000E+02   0.0000000E+00   0.0000000E+00   0.0000000E+00
   1.5431858E+03   7.6500000E+02   0.0000000E+00   0.0000000E+00   0.0000000E+00
   1.5431933E+03   7.3000000E+02   0.0000000E+00   0.0000000E+00   0.0000000E+00
   1.5432009E+03   7.3600000E+02   0.0000000E+00   0.0000000E+00   0.0000000E+00
   1.5432084E+03   6.8200000E+02   0.0000000E+00   0.0000000E+00   0.0000000E+00
   1.5432159E+03   7.2500000E+02   0.0000000E+00   0.0000000E+00   0.0000000E+00
   1.5432235E+03   7.5000000E+02   0.0000000E+00   0.0000000E+00   0.0000000E+00
   1.5432310E+03   7.9200000E+02   0.0000000E+00   0.0000000E+00   0.0000000E+00
   1.5432385E+03   7.3700000E+02   0.0000000E+00   0.0000000E+00   0.0000000E+00
   1.5432460E+03   6.7500000E+02   1.0000000E+00   6.8674350E-06   4.6355186E-03
   1.5432536E+03   6.8500000E+02   1.0000000E+00   1.4094918E-05   9.6550191E-03
   1.5432611E+03   7.1700000E+02   0.0000000E+00   0.0000000E+00   0.0000000E+00
   1.5432686E+03   6.8400000E+02   0.0000000E+00   0.0000000E+00   0.0000000E+00
   1.5432762E+03   7.0000000E+02   0.0000000E+00   2.4840769E-06   0.0000000E+00
   1.5432837E+03   6.8000000E+02   1.0000000E+00   8.7300480E-06   5.9364326E-03
   1.5432912E+03   6.6900000E+02   0.0000000E+00   0.0000000E+00   0.0000000E+00
   1.5432987E+03   6.4300000E+02   0.0000000E+00   0.0000000E+00   0.0000000E+00
   1.5433063E+03   6.5500000E+02   1.0000000E+00   8.4031002E-06   5.5040306E-03
   1.5433138E+03   6.4900000E+02   1.0000000E+00   8.6013094E-06   5.9386168E-03
   1.5433213E+03   5.9400000E+02   2.0000000E+00   1.5074796E-05   4.4772145E-03
   1.5433289E+03   5.8100000E+02   0.0000000E+00   0.0000000E+00   0.0000000E+00
   1.5433364E+03   5.7400000E+02   0.0000000E+00   0.0000000E+00   0.0000000E+00
   1.5433439E+03   5.2800000E+02   0.0000000E+00   0.0000000E+00   0.0000000E+00
   1.5433514E+03   5.0100000E+02   2.0000000E+00   3.7099980E-05   9.7648438E-03
   1.5433590E+03   5.0200000E+02   0.0000000E+00   3.1416989E-06   0.0000000E+00
   1.5433665E+03   4.4000000E+02   2.0000000E+00   5.0968380E-05   1.1235126E-02
   1.5433740E+03   3.9700000E+02   0.0000000E+00   9.3186740E-04   0.0000000E+00
   1.5433815E+03   3.8900000E+02   4.0000000E+00   1.3695322E-03   1.3318701E-01
   1.5433891E+03   3.2300000E+02   1.0000000E+00   1.1427096E-05   3.2242853E-03
   1.5433966E+03   3.0900000E+02   0.0000000E+00   0.0000000E+00   0.0000000E+00
   1.5434041E+03   2.6200000E+02   7.0000000E+00   1.5709582E-03   3.7226623E-02
   1.5434117E+03   2.5100000E+02   1.0000000E+00   2.9868779E-03   4.7117125E-03
   1.5434192E+03   2.5400000E+02   4.0000000E+00   1.1747172E-03   3.4692234E-03
   1.5434267E+03   1.6400000E+02   6.0000000E+00   1.7530904E-03   4.7934365E-02
   1.5434342E+03   1.8600000E+02   6.0000000E+00   3.0370049E-04   9.4263851E-03
   1.5434418E+03   1.2800000E+02   1.0000000E+01   4.0631598E-03   5.2052615E-02
   1.5434493E+03   9.4000000E+01   3.0000000E+00   2.6859201E-03   5.7179367E-03
   1.5434568E+03   8.5000000E+01   8.0000000E+00   4.8108151E-03   7.2641535E-02
   1.5434644E+03   8.1000000E+01   4.0000000E+00   5.5311261E-03   1.2942038E-01
   1.5434719E+03   6.6000000E+01   3.0000000E+00   3.0354861E-03   1.5914950E-01
   1.5434794E+03   4.8000000E+01   1.1000000E+01   1.4357903E-02   6.2652666E-02
   1.5434869E+03   4.1000000E+01   7.0000000E+00   7.2308130E-03   5.5616770E-02
   1.5434945E+03   2.9000000E+01   5.0000000E+00   1.8970771E-02   4.7944820E-02
   1.5435020E+03   3.2000000E+01   8.0000000E+00   2.5807631E-02   1.0330099E-01
   1.5435095E+03   2.4000000E+01   9.0000000E+00   3.8270617E-02   1.0051317E-01
   1.5435171E+03   2.5000000E+01   8.0000000E+00   7.3366220E-03   2.2900625E-02
   1.5435246E+03   1.9000000E+01   6.0000000E+00   4.0342857E-02   1.2755065E-01
   1.5435321E+03   1.8000000E+01   8.0000000E+00   1.6308872E-02   5.0251627E-02
   1.5435396E+03   1.3000000E+01   9.0000000E+00   3.2426159E-02   2.1953049E-02
   1.5435472E+03   1.8000000E+01   1.7000000E+01   4.4773264E-02   4.7406985E-02
   1.5435547E+03   1.1000000E+01   9.0000000E+00   7.9716540E-02   9.7431327E-02
   1.5435622E+03   1.4000000E+01   1.2000000E+01   6.4254870E-02   9.4687572E-02
   1.5435698E+03   1.2000000E+01   1.1000000E+01   7.0073368E-02   7.6443674E-02
   1.5435773E+03   1.8000000E+01   1.6000000E+01   1.1421882E-02   1.7238122E-02
   1.5435848E+03   1.6000000E+01   1.3000000E+01   6.0679982E-02   4.1669996E-02
   1.5435923E+03   1.0000000E+01   8.0000000E+00   6.2506003E-02   6.4370536E-02
   1.5435999E+03   1.7000000E+01   1.4000000E+01   6.4164623E-02   5.4714878E-02
   1.5436074E+03   2.1000000E+01   2.0000000E+01   4.9224078E-02   5.1685282E-02
   1.5436149E+03   1.3000000E+01   1.2000000E+01   4.0851399E-02   3.8493620E-02
   1.5436225E+03   1.2000000E+01   1.2000000E+01   8.3116710E-02   8.3116710E-02
   1.5436300E+03   1.1000000E+01   1.0000000E+01   6.8269141E-02   6.0516904E-02
   1.5436375E+03   1.0000000E+01   9.0000000E+00   1.0426812E-01   9.8109009E-02
   1.5436450E+03   1.6000000E+01   1.5000000E+01   3.2353991E-02   3.6959859E-02
   1.5436526E+03   1.5000000E+01   1.2000000E+01   2.4435819E-02   2.1657378E-02
   1.5436601E+03   1.7000000E+01   1.5000000E+01   1.0240029E-01   1.1712765E-01
   1.5436676E+03   1.2000000E+01   1.2000000E+01   6.9762988E-02   6.9762988E-02
   1.5436752E+03   1.7000000E+01   1.5000000E+01   5.8290202E-02   4.8574625E-02
   1.5436827E+03   1.5000000E+01   1.4000000E+01   8.3730503E-02   7.5221844E-02
   1.5436902E+03   2.0000000E+01   2.0000000E+01   9.5338617E-02   9.5338617E-02
   1.5436977E+03   1.4000000E+01   1.3000000E+01   7.2530930E-02   9.0112439E-02
   1.5437053E+03   1.3000000E+01   1.3000000E+01   3.8677885E-02   3.8677885E-02
   1.5437128E+03   1.5000000E+01   1.4000000E+01   8.3467345E-02   8.9429298E-02
   1.5437203E+03   1.5000000E+01   1.4000000E+01   4.5553283E-02   7.8276133E-02
   1.5437279E+03   1.8000000E+01   1.8000000E+01   1.1551451E-01   1.1551451E-01
   1.5437354E+03   9.0000000E+00   9.0000000E+00   8.4133355E-02   8.4133355E-02
   1.5437429E+03   2.3000000E+01   2.1000000E+01   2.1972399E-02   1.6105851E-02
   1.5437504E+03   2.1000000E+01   1.8000000E+01   1.9332160E-02   5.0334468E-02
   1.5437580E+03   1.6000000E+01   1.3000000E+01   1.1032785E-01   1.2187790E-01
   1.5437655E+03   3.0000000E+01   2.7000000E+01   2.0383608E-02   2.2632691E-02
   1.5437730E+03   2.1000000E+01   2.0000000E+01   6.3258175E-02   6.4918698E-02
   1.5437806E+03   1.9000000E+01   1.6000000E+01   3.8517411E-02   6.2891816E-02
   1.5437881E+03   2.1000000E+01   2.0000000E+01   4.0173405E-02   2.1888634E-02
   1.5437956E+03   1.7000000E+01   1.6000000E+01   3.5901431E-02   1.1791108E-02
   1.5438031E+03   1.5000000E+01   1.5000000E+01   7.1354477E-02   7.1354477E-02
   1.5438107E+03   3.3000000E+01   3.1000000E+01   6.4270126E-02   4.8835741E-02
   1.5438182E+03   1.6000000E+01   1.5000000E+01   6.7169339E-02   8.2303894E-02
   1.5438257E+03   2.3000000E+01   2.0000000E+01   6.0955227E-02   5.8918899E-02
   1.5438332E+03   2.3000000E+01   2.1000000E+01   4.6832392E-03   1.8458263E-02
   1.5438408E+03   2.0000000E+01   2.0000000E+01   1.1866027E-01   1.1866027E-01
   1.5438483E+03   2.4000000E+01   2.3000000E+01   2.1134113E-02   1.6018709E-02
   1.5438558E+03   1.7000000E+01   1.6000000E+01   7.5257858E-02   5.3536541E-02
   1.5438634E+03   2.6000000E+01   2.4000000E+01   4.4645483E-02   1.7668182E-02
   1.5438709E+03   2.7000000E+01   2.6000000E+01   7.3699644E-02   6.1363985E-02
   1.5438784E+03   2.3000000E+01   2.1000000E+01   5.3466912E-02   5.9813261E-02
   1.5438859E+03   3.3000000E+01   3.1000000E+01   4.1873495E-02   5.2331671E-02
   1.5438935E+03   2.8000000E+01   2.7000000E+01   3.0229623E-02   4.4806330E-02
   1.5439010E+03   2.0000000E+01   1.9000000E+01   4.0680679E-02   5.2867926E-02
   1.5439085E+03   3.3000000E+01   2.7000000E+01   5.4028677E-02   6.2802394E-02
   1.5439161E+03   3.0000000E+01   2.6000000E+01   6.9152341E-02   6.3053894E-02
   1.5439236E+03   2.9000000E+01   2.5000000E+01   7.9437297E-02   1.0564254E-01
   1.5439311E+03   3.6000000E+01   3.1000000E+01   4.2025839E-02   3.9689601E-02
   1.5439386E+03   3.1000000E+01   3.0000000E+01   2.3059353E-02   2.2177753E-02
   1.5439462E+03   3.1000000E+01   3.1000000E+01   3.1294468E-02   3.1294468E-02
   1.5439537E+03   3.3000000E+01   3.0000000E+01   2.9903030E-02   2.7956516E-02
   1.5439612E+03   3.0000000E+01   2.8000000E+01   8.3562322E-02   7.8544912E-02
   1.5439688E+03   3.4000000E+01   3.2000000E+01   4.0812322E-02   2.9666447E-02
   1.5439763E+03   3.5000000E+01   3.2000000E+01   8.7222299E-03   2.0176062E-02
   1.5439838E+03   2.6000000E+01   2.5000000E+01   1.2920395E-01   1.3127252E-01
   1.5439913E+03   3.6000000E+01   3.2000000E+01   7.6604325E-02   6.9519866E-02
   1.5439989E+03   2.9000000E+01   2.7000000E+01   4.1496613E-02   2.9062180E-02
   1.5440064E+03   3.5000000E+01   3.5000000E+01   4.6451057E-02   4.6451057E-02
   1.5440139E+03   3.0000000E+01   2.9000000E+01   5.0786866E-02   5.0817000E-02
   1.5440215E+03   3.9000000E+01   3.6000000E+01   5.9034123E-02   7.6798638E-02
   1.5440290E+03   3.9000000E+01   3.7000000E+01   5.2187187E-02   3.9914483E-02
   1.5440365E+03   3.5000000E+01   3.4000000E+01   3.3323612E-02   3.6267844E-02
   1.5440440E+03   4.5000000E+01   4.4000000E+01   1.9549307E-02   2.0452431E-02
   1.5440516E+03   4.4000000E+01   4.1000000E+01   6.7285196E-02   4.5879866E-02
   1.5440591E+03   3.9000000E+01   3.6000000E+01   1.4583403E-02   2.0867261E-02
   1.5440666E+03   5.6000000E+01   5.1000000E+01   3.1005422E-02   2.9905642E-02
   1.5440742E+03   3.9000000E+01   3.8000000E+01   6.8343467E-02   6.9272248E-02
   1.5440817E+03   4.9000000E+01   4.6000000E+01   4.6354333E-03   4.0341767E-03
   1.5440892E+03   3.5000000E+01   3.4000000E+01   3.3823160E-02   3.2145221E-02
   1.5440967E+03   4.0000000E+01   3.9000000E+01   5.2514823E-02   4.3527682E-02
   1.5441043E+03   4.7000000E+01   4.5000000E+01   6.8777820E-03   6.7256140E-03
   1.5441118E+03   5.3000000E+01   5.3000000E+01   5.9721609E-02   5.9721609E-02
   1.5441193E+03   3.2000000E+01   3.1000000E+01   6.9334727E-02   7.8069792E-02
   1.5441269E+03   4.1000000E+01   4.1000000E+01   3.6464989E-02   3.6464989E-02
   1.5441344E+03   5.9000000E+01   5.3000000E+01   3.5451934E-02   1.5869181E-02
   1.5441419E+03   4.2000000E+01   3.9000000E+01   4.5765427E-02   4.7597311E-02
   1.5441494E+03   4.2000000E+01   4.0000000E+01   7.5572693E-02   7.4181286E-02
   1.5441570E+03   4.5000000E+01   4.5000000E+01   2.6733920E-02   2.6733920E-02
   1.5441645E+03   4.6000000E+01   4.5000000E+01   1.7825932E-02   2.4342286E-02
   1.5441720E+03   5.2000000E+01   4.8000000E+01   3.6643329E-02   4.5839185E-02
   1.5441796E+03   6.1000000E+01   5.9000000E+01   4.2682642E-02   4.1902829E-02
   1.5441871E+03   6.0000000E+01   5.8000000E+01   9.0117070E-03   4.4731743E-03
   1.5441946E+03   5.3000000E+01   4.8000000E+01   3.6292212E-02   2.8051235E-02
   1.5442021E+03   5.1000000E+01   4.8000000E+01   1.0980391E-01   9.9778103E-02
   1.5442097E+03   5.4000000E+01   5.3000000E+01   1.3649358E-02   9.2463581E-03
   1.5442172E+03   5.4000000E+01   5.2000000E+01   8.5287669E-02   8.7931142E-02
   1.5442247E+03   5.1000000E+01   4.7000000E+01   2.3852424E-02   2.8605334E-02
   1.5442323E+03   6.1000000E+01   5.9000000E+01   3.8876537E-02   3.5690411E-02
   1.5442398E+03   6.1000000E+01   6.1000000E+01   8.6072186E-02   8.6072186E-02
   1.5442473E+03   6.1000000E+01   5.8000000E+01   5.9276256E-02   6.8726186E-02
   1.5442548E+03   6.4000000E+01   6.0000000E+01   3.0472676E-02   3.5487403E-02
   1.5442624E+03   5.2000000E+01   5.0000000E+01   4.4584302E-02   3.7920795E-02
   1.5442699E+03   6.4000000E+01   6.0000000E+01   3.7869381E-02   3.5086340E-02
   1.5442774E+03   5.5000000E+01   5.1000000E+01   7.2191023E-02   7.6507882E-02
   1.5442849E+03   7.0000000E+01   6.6000000E+01   3.7665653E-02   3.4549580E-02
   1.5442925E+03   7.0000000E+01   6.9000000E+01   3.4621313E-02   3.9007910E-02
   1.5443000E+03   6.1000000E+01   5.9000000E+01   5.8305432E-02   5.2561704E-02
   1.5443075E+03   6.0000000E+01   5.9000000E+01   2.8140392E-02   2.7753322E-02
   1.5443151E+03   6.8000000E+01   6.4000000E+01   1.4884245E-02   6.7375855E-03
   1.5443226E+03   7.1000000E+01   6.7000000E+01   3.2569018E-02   3.4955815E-02
   1.5443301E+03   6.0000000E+01   6.0000000E+01   2.5676320E-02   2.5676320E-02
   1.5443376E+03   5.6000000E+01   5.5000000E+01   2.9403855E-02   2.7476061E-02
   1.5443452E+03   6.2000000E+01   6.0000000E+01   5.4880358E-02   4.7854502E-02
   1.5443527E+03   7.2000000E+01   6.7000000E+01   5.0425177E-02   4.1350339E-02
   1.5443602E+03   7.2000000E+01   6.9000000E+01   2.1367637E-02   2.2892099E-02
   1.5443678E+03   6.6000000E+01   6.1000000E+01   3.2891027E-02   3.3680049E-02
   1.5443753E+03   6.5000000E+01   6.3000000E+01   3.8829563E-02   3.3648096E-02
   1.5443828E+03   5.7000000E+01   5.5000000E+01   2.8997284E-02   3.7274142E-02
   1.5443903E+03   6.5000000E+01   6.4000000E+01   4.1085851E-02   3.8938037E-02
   1.5443979E+03   6.7000000E+01   6.3000000E+01   2.7537256E-02   1.7982963E-02
   1.5444054E+03   6.7000000E+01   6.7000000E+01   5.2833946E-02   5.2833946E-02
   1.5444129E+03   5.4000000E+01   5.2000000E+01   5.3011273E-02   4.9898909E-02
   1.5444205E+03   6.1000000E+01   6.0000000E+01   2.4080455E-02   2.9269270E-02
   1.5444280E+03   6.9000000E+01   6.7000000E+01   2.7465230E-02   2.7810541E-02
   1.5444355E+03   7.1000000E+01   6.9000000E+01   1.1216755E-02   9.6342869E-03
   1.5444430E+03   7.2000000E+01   7.1000000E+01   2.2230517E-02   1.8781310E-02
   1.5444506E+03   6.8000000E+01   6.7000000E+01   2.3868177E-02   2.8782310E-02
   1.5444581E+03   7.3000000E+01   7.0000000E+01   5.1401183E-02   4.8464612E-02
   1.5444656E+03   7.9000000E+01   7.7000000E+01   5.5824835E-02   5.5394801E-02
   1.5444732E+03   7.9000000E+01   7.5000000E+01   2.3956561E-02   1.9355581E-02
   1.5444807E+03   6.0000000E+01   5.7000000E+01   3.5493749E-02   4.0468583E-02
   1.5444882E+03   7.5000000E+01   7.0000000E+01   4.1300456E-02   4.2712666E-02
   1.5444957E+03   7.1000000E+01   7.0000000E+01   4.3481951E-02   3.9145930E-02
   1.5445033E+03   6.9000000E+01   6.7000000E+01   4.9364941E-02   4.9977164E-02
   1.5445108E+03   6.8000000E+01   6.7000000E+01   1.9843647E-02   1.5265698E-02
   1.5445183E+03   7.2000000E+01   6.8000000E+01   9.9961540E-03   2.0273535E-02
   1.5445259E+03   1.0900000E+02   1.0500000E+02   4.9316076E-02   4.8819159E-02
   1.5445334E+03   8.0000000E+01   7.8000000E+01   6.5558731E-02   6.5797104E-02
   1.5445409E+03   6.5000000E+01   6.3000000E+01   9.8831467E-03   1.2325225E-02
   1.5445484E+03   7.5000000E+01   7.1000000E+01   2.7348202E-02   3.7968766E-02
   1.5445560E+03   8.2000000E+01   8.0000000E+01   5.3981256E-02   5.7040338E-02
   1.5445635E+03   7.0000000E+01   6.6000000E+01   2.0308218E-02   1.5032216E-02
   1.5445710E+03   7.6000000E+01   7.5000000E+01   5.1277769E-02   4.9993413E-02
   1.5445786E+03   8.0000000E+01   7.8000000E+01   4.9455739E-02   4.8766168E-02
   1.5445861E+03   7.6000000E+01   7.4000000E+01   3.4347418E-02   3.9771432E-02
   1.5445936E+03   9.0000000E+01   8.9000000E+01   1.4949994E-02   1.9989574E-02
   1.5446011E+03   7.3000000E+01   7.3000000E+01   4.4508543E-02   4.4508543E-02
   1.5446087E+03   9.0000000E+01   8.9000000E+01   5.9695302E-02   6.0032517E-02
   1.5446162E+03   9.3000000E+01   9.0000000E+01   3.5094499E-02   3.9598692E-02
   1.5446237E+03   9.5000000E+01   8.8000000E+01   7.0253203E-03   1.1410220E-02
   1.5446313E+03   8.5000000E+01   8.5000000E+01   5.6668587E-02   5.6668587E-02
   1.5446388E+03   1.0000000E+02   9.7000000E+01   2.8221717E-02   3.0939641E-02
   1.5446463E+03   1.1100000E+02   1.0900000E+02   2.8090646E-02   3.0645723E-02
   1.5446538E+03   8.2000000E+01   7.5000000E+01   1.5396790E-02   2.3623068E-02
   1.5446614E+03   1.0500000E+02   1.0100000E+02   1.6969760E-02   1.8833574E-02
   1.5446689E+03   9.4000000E+01   9.1000000E+01   1.7959091E-02   1.8046578E-02
   1.5446764E+03   8.6000000E+01   8.4000000E+01   3.6607126E-02   3.7406100E-02
   1.5446840E+03   7.8000000E+01   7.5000000E+01   6.9693635E-03   3.1842667E-03
   1.5446915E+03   1.0300000E+02   1.0000000E+02   2.9491472E-02   2.6795099E-02
   1.5446990E+03   1.0000000E+02   9.6000000E+01   3.5634792E-02   3.7484896E-02
   1.5447065E+03   1.2000000E+02   1.1700000E+02   3.3834647E-02   2.8660052E-02
   1.5447141E+03   9.1000000E+01   8.7000000E+01   3.4291666E-02   2.9378502E-02
   1.5447216E+03   9.3000000E+01   9.0000000E+01   3.5199567E-02   3.0866570E-02
   1.5447291E+03   1.0900000E+02   1.0600000E+02   1.9087484E-02   1.7682738E-02
   1.5447366E+03   1.0000000E+02   9.7000000E+01   4.6434691E-02   3.8902300E-02
   1.5447442E+03   9.9000000E+01   9.6000000E+01   2.5321650E-02   2.4419460E-02
   1.5447517E+03   1.0900000E+02   1.0600000E+02   7.9008422E-02   7.8289978E-02
   1.5447592E+03   1.0700000E+02   1.0600000E+02   2.3582505E-03   1.5805597E-03
   1.5447668E+03   1.1800000E+02   1.1500000E+02   6.6987382E-03   4.4353427E-03
   1.5447743E+03   9.0000000E+01   8.6000000E+01   2.6714394E-02   3.3586903E-02
   1.5447818E+03   9.9000000E+01   9.5000000E+01   4.7348149E-02   4.9540384E-02
   1.5447893E+03   1.0200000E+02   9.8000000E+01   3.4253786E-02   3.1818365E-02
   1.5447969E+03   8.8000000E+01   8.6000000E+01   3.0732202E-02   2.9407606E-02
   1.5448044E+03   1.1100000E+02   1.0800000E+02   2.0011084E-02   1.9148036E-02
   1.5448119E+03   8.5000000E+01   8.2000000E+01   1.0608020E-02   1.2632566E-02
   1.5448195E+03   9.1000000E+01   9.1000000E+01   3.1988175E-02   3.1988175E-02
   1.5448270E+03   1.0600000E+02   1.0100000E+02   1.8361352E-02   1.9357434E-02
   1.5448345E+03   1.1000000E+02   1.1000000E+02   1.6755805E-02   1.6755805E-02
   1.5448420E+03   1.1600000E+02   1.1300000E+02   1.2172979E-02   1.5577192E-02
   1.5448496E+03   1.1500000E+02   1.1000000E+02   5.3550279E-02   4.2021783E-02
   1.5448571E+03   1.0100000E+02   9.6000000E+01   1.4068725E-02   2.0734238E-02
   1.5448646E+03   1.1000000E+02   1.0600000E+02   2.0556213E-02   2.4253837E-02
   1.5448722E+03   1.0500000E+02   1.0200000E+02   2.8603098E-02   2.9587791E-02
   1.5448797E+03   1.0800000E+02   1.0400000E+02   1.2271941E-02   1.2452091E-02
   1.5448872E+03   1.1900000E+02   1.1600000E+02   4.5619771E-02   4.3105067E-02
   1.5448947E+03   1.0700000E+02   1.0400000E+02   5.2409322E-03   3.7210425E-03
   1.5449023E+03   1.2700000E+02   1.2400000E+02   1.5068099E-02   1.6477523E-02
   1.5449098E+03   1.1300000E+02   1.1100000E+02   1.0018750E-02   8.2754111E-03
   1.5449173E+03   1.0400000E+02   1.0200000E+02   5.2223077E-03   2.4272810E-03
   1.5449249E+03   1.0900000E+02   1.0700000E+02   1.6390214E-02   1.9892930E-02
   1.5449324E+03   1.4100000E+02   1.3600000E+02   2.6453892E-02   3.2320236E-02
   1.5449399E+03   1.1700000E+02   1.1700000E+02   6.2925533E-03   6.2925533E-03
   1.5449474E+03   1.3000000E+02   1.3000000E+02   3.8087164E-02   3.8087164E-02
   1.5449550E+03   1.1300000E+02   1.1100000E+02   2.8664887E-02   2.8731341E-02
   1.5449625E+03   1.2300000E+02   1.1900000E+02   2.6070980E-02   2.4886997E-02
   1.5449700E+03   1.2300000E+02   1.2100000E+02   6.2719609E-03   7.2536411E-03
   1.5449776E+03   1.1900000E+02   1.1800000E+02   4.0743424E-02   3.9478586E-02
   1.5449851E+03   1.1300000E+02   1.0800000E+02   1.3160038E-02   1.4160677E-02
   1.5449926E+03   1.2600000E+02   1.2500000E+02   2.0026065E-02   2.0226235E-02
   1.5450001E+03   1.2600000E+02   1.2300000E+02   3.9041942E-02   4.0497632E-02
   1.5450077E+03   1.2600000E+02   1.2400000E+02   1.9224990E-02   2.1805183E-02
   1.5450152E+03   1.1100000E+02   1.1000000E+02   1.8792189E-02   1.5378246E-02
   1.5450227E+03   1.2100000E+02   1.1800000E+02   4.4116698E-02   4.7508381E-02
   1.5450303E+03   1.1300000E+02   1.1200000E+02   3.4254422E-02   3.8435434E-02
   1.5450378E+03   1.2700000E+02   1.2600000E+02   3.7218208E-02   3.8786227E-02
   1.5450453E+03   1.4700000E+02   1.3800000E+02   3.7728465E-02   3.9043863E-02
   1.5450528E+03   1.1400000E+02   1.0900000E+02   1.5906291E-02   2.4259617E-02
   1.5450604E+03   1.2800000E+02   1.2300000E+02   2.0641931E-02   2.5475055E-02
   1.5450679E+03   1.4400000E+02   1.4000000E+02   1.2428928E-02   1.1474010E-02
   1.5450754E+03   1.6400000E+02   1.6100000E+02   2.1830080E-02   2.1590807E-02
   1.5450830E+03   1.2300000E+02   1.2100000E+02   1.0752103E-02   9.1099477E-03
   1.5450905E+03   1.3300000E+02   1.3100000E+02   3.4079414E-02   3.2449780E-02
   1.5450980E+03   1.3800000E+02   1.3200000E+02   1.7046770E-02   2.0561705E-02
   1.5451055E+03   1.3300000E+02   1.2900000E+02   1.5481805E-02   8.4008066E-03
   1.5451131E+03   1.4600000E+02   1.4200000E+02   1.7181043E-02   1.8574067E-02
   1.5451206E+03   1.2800000E+02   1.2300000E+02   4.2538787E-02   4.0020205E-02
   1.5451281E+03   1.4400000E+02   1.4100000E+02   1.3162227E-02   9.5811939E-03
   1.5451357E+03   1.3500000E+02   1.3200000E+02   1.0328739E-02   1.0672719E-02
   1.5451432E+03   1.4000000E+02   1.3400000E+02   2.7763581E-02   3.0727711E-02
   1.5451507E+03   1.4700000E+02   1.4200000E+02   4.2770901E-02   4.4534692E-02
   1.5451582E+03   1.4500000E+02   1.4000000E+02   1.6672087E-02   2.3108832E-02
   1.5451658E+03   1.6400000E+02   1.5600000E+02   2.1594297E-02   2.4928408E-02
   1.5451733E+03   1.3600000E+02   1.3300000E+02   8.9557057E-03   1.4298706E-02
   1.5451808E+03   1.5500000E+02   1.4900000E+02   4.0843422E-02   3.8447635E-02
   1.5451883E+03   1.3000000E+02   1.2600000E+02   1.7978148E-02   1.8820567E-02
   1.5451959E+03   1.4700000E+02   1.4200000E+02   3.7517084E-02   4.1575803E-02
   1.5452034E+03   1.4100000E+02   1.3600000E+02   1.6688386E-02   9.7383896E-03
   1.5452109E+03   1.7500000E+02   1.7400000E+02   2.2207279E-02   2.1737364E-02
   1.5452185E+03   1.3900000E+02   1.3600000E+02   2.7666540E-02   3.1022823E-02
   1.5452260E+03   1.6500000E+02   1.6100000E+02   4.2415330E-03   6.5863998E-03
   1.5452335E+03   1.6500000E+02   1.5900000E+02   1.3759477E-02   1.1736057E-02
   1.5452410E+03   1.3900000E+02   1.3600000E+02   7.1610374E-03   5.1893529E-03
   1.5452486E+03   1.5600000E+02   1.5400000E+02   3.6384969E-02   3.8123839E-02
   1.5452561E+03   1.8200000E+02   1.7700000E+02   2.0263370E-02   2.0439513E-02
   1.5452636E+03   1.4400000E+02   1.4100000E+02   4.2368549E-02   4.6209373E-02
   1.5452712E+03   1.3700000E+02   1.2800000E+02   2.8480286E-02   2.7847961E-02
   1.5452787E+03   1.5500000E+02   1.5000000E+02   3.4944098E-02   2.8228412E-02
   1.5452862E+03   1.5900000E+02   1.5600000E+02   1.8426576E-02   2.0665969E-02
   1.5452937E+03   1.3500000E+02   1.3200000E+02   5.3051317E-03   3.0160323E-03
   1.5453013E+03   1.7800000E+02   1.7600000E+02   2.1968170E-02   1.8340915E-02
   1.5453088E+03   1.3400000E+02   1.3000000E+02   3.6144916E-02   3.0349132E-02
   1.5453163E+03   1.3900000E+02   1.3500000E+02   2.1725993E-02   2.9813128E-02
   1.5453239E+03   1.8800000E+02   1.8200000E+02   9.6677120E-03   1.2610285E-02
   1.5453314E+03   1.6600000E+02   1.6400000E+02   2.7652219E-02   2.7379274E-02
   1.5453389E+03   1.2600000E+02   1.2400000E+02   3.3592440E-02   3.4068980E-02
   1.5453464E+03   1.4900000E+02   1.4600000E+02   2.6610436E-02   2.9765799E-02
   1.5453540E+03   1.7900000E+02   1.7300000E+02   4.1117808E-02   4.3689858E-02
   1.5453615E+03   1.4400000E+02   1.4100000E+02   3.9068223E-02   3.6436399E-02
   1.5453690E+03   1.6500000E+02   1.6100000E+02   3.0875860E-02   2.5449138E-02
   1.5453766E+03   1.6700000E+02   1.6300000E+02   2.2936308E-02   2.7552599E-02
   1.5453841E+03   1.7900000E+02   1.7500000E+02   2.8210566E-02   2.5795116E-02
   1.5453916E+03   1.6600000E+02   1.6100000E+02   6.6128681E-03   1.3808978E-03
   1.5453991E+03   1.7400000E+02   1.7200000E+02   1.7787559E-02   1.5629054E-02
   1.5454067E+03   1.9400000E+02   1.9000000E+02   2.2286230E-02   2.4653893E-02
   1.5454142E+03   1.7200000E+02   1.6400000E+02   3.6879970E-02   4.4506258E-02
   1.5454217E+03   1.9300000E+02   1.8900000E+02   1.9546916E-02   1.5703562E-02
   1.5454293E+03   2.0200000E+02   2.0000000E+02   1.6195400E-02   1.4757472E-02
   1.5454368E+03   1.7300000E+02   1.6800000E+02   3.1829130E-02   3.2239067E-02
   1.5454443E+03   1.9700000E+02   1.9100000E+02   1.0061945E-02   1.2578580E-02
   1.5454518E+03   1.6700000E+02   1.6600000E+02   2.6700136E-02   2.8581932E-02
   1.5454594E+03   1.7900000E+02   1.7200000E+02   4.7608768E-02   4.4025196E-02
   1.5454669E+03   1.7900000E+02   1.7600000E+02   5.9735125E-03   6.8112287E-03
   1.5454744E+03   2.0100000E+02   1.9400000E+02   2.7512349E-02   2.5928703E-02
   1.5454820E+03   1.7400000E+02   1.6700000E+02   2.4431604E-02   2.7114488E-02
   1.5454895E+03   1.6800000E+02   1.5900000E+02   4.7798843E-02   4.4453520E-02
   1.5454970E+03   1.7000000E+02   1.6600000E+02   5.8391814E-03   6.3112105E-03
   1.5455045E+03   1.8500000E+02   1.7900000E+02   2.0646909E-02   2.1287859E-02
   1.5455121E+03   1.7000000E+02   1.6600000E+02   2.9857741E-03   5.2616977E-03
   1.5455196E+03   1.7100000E+02   1.6400000E+02   1.3492327E-02   1.3381524E-02
   1.5455271E+03   2.0400000E+02   1.9900000E+02   1.8182870E-02   1.7168967E-02
   1.5455347E+03   2.2000000E+02   2.1400000E+02   1.1257984E-02   1.3899371E-02
   1.5455422E+03   2.0700000E+02   2.0000000E+02   2.1614510E-03   1.8725546E-03
   1.5455497E+03   1.9700000E+02   1.8900000E+02   2.8687024E-02   2.3761226E-02
   1.5455572E+03   1.8900000E+02   1.8800000E+02   2.2691992E-02   2.0458883E-02
   1.5455648E+03   2.0100000E+02   1.9700000E+02   2.3403145E-02   2.2605056E-02
   1.5455723E+03   1.7100000E+02   1.6700000E+02   2.0369102E-02   2.4089682E-02
   1.5455798E+03   1.8800000E+02   1.8100000E+02   2.9421281E-02   2.8114395E-02
   1.5455874E+03   1.8900000E+02   1.7900000E+02   1.3505686E-02   1.5965476E-02
   1.5455949E+03   2.0000000E+02   1.9100000E+02   6.7246708E-03   1.3353405E-02
   1.5456024E+03   2.1400000E+02   2.0800000E+02   2.2958556E-02   2.1659161E-02
   1.5456099E+03   2.1700000E+02   2.1300000E+02   7.3998116E-03   9.5286704E-03
   1.5456175E+03   2.1900000E+02   2.1100000E+02   3.5933363E-03   2.4418676E-03
   1.5456250E+03   2.0100000E+02   1.9700000E+02   1.3211228E-02   1.3511898E-02
   1.5456325E+03   1.8300000E+02   1.8000000E+02   1.4542428E-02   1.3705730E-02
   1.5456400E+03   1.9500000E+02   1.9100000E+02   5.5183963E-03   2.5575050E-03
   1.5456476E+03   2.1300000E+02   2.0900000E+02   1.3974643E-02   1.3003578E-02
   1.5456551E+03   2.2200000E+02   2.1400000E+02   2.8469611E-02   2.8025667E-02
   1.5456626E+03   2.2600000E+02   2.2400000E+02   1.7514783E-02   2.0461085E-02
   1.5456702E+03   2.1900000E+02   2.1200000E+02   1.4057000E-02   1.7913984E-02
   1.5456777E+03   2.2600000E+02   2.1700000E+02   2.1849233E-02   2.4688702E-02
   1.5456852E+03   1.8700000E+02   1.8600000E+02   1.9385488E-02   2.0216227E-02
   1.5456927E+03   2.4800000E+02   2.4300000E+02   1.4845810E-02   1.6635412E-02
   1.5457003E+03   1.9700000E+02   1.9200000E+02   2.3168760E-02   2.5065651E-02
   1.5457078E+03   2.2100000E+02   2.1300000E+02   8.9140275E-03   7.5136946E-03
   1.5457153E+03   2.3300000E+02   2.2500000E+02   2.6132888E-02   2.6602935E-02
   1.5457229E+03   2.0400000E+02   2.0100000E+02   8.2958402E-03   5.1058814E-03
   1.5457304E+03   1.9400000E+02   1.8800000E+02   2.5361942E-02   2.7597254E-02
   1.5457379E+03   2.3300000E+02   2.2600000E+02   1.3308566E-02   1.4088950E-02
   1.5457454E+03   2.2300000E+02   2.1500000E+02   2.5260265E-02   2.9407531E-02
   1.5457530E+03   2.0700000E+02   2.0400000E+02   1.4887461E-02   1.5679090E-02
   1.5457605E+03   2.0500000E+02   1.9500000E+02   1.0822550E-02   4.4251363E-03
   1.5457680E+03   2.1300000E+02   2.1000000E+02   2.1010256E-02   2.4274697E-02
   1.5457756E+03   2.2900000E+02   2.2100000E+02   1.5456411E-02   1.1063898E-02
   1.5457831E+03   2.2800000E+02   2.2500000E+02   2.0614717E-03   1.0607944E-03
   1.5457906E+03   2.2700000E+02   2.2100000E+02   1.2861117E-02   1.4533855E-02
   1.5457981E+03   2.2500000E+02   2.1700000E+02   1.1847899E-02   1.2775456E-02
   1.5458057E+03   2.1600000E+02   2.1100000E+02   2.9598320E-02   3.2674967E-02
   1.5458132E+03   2.1900000E+02   2.1400000E+02   2.4063035E-02   2.3617992E-02
   1.5458207E+03   2.2700000E+02   2.2500000E+02   7.9806714E-03   6.2556378E-03
   1.5458283E+03   2.3600000E+02   2.2800000E+02   1.2159653E-02   1.0030664E-02
   1.5458358E+03   2.1600000E+02   2.0500000E+02   3.2520631E-03   3.8413284E-03
   1.5458433E+03   2.4100000E+02   2.3400000E+02   1.6670666E-02   1.9582408E-02
   1.5458508E+03   2.1600000E+02   2.1200000E+02   2.7713862E-02   2.7658502E-02
   1.5458584E+03   2.2200000E+02   2.1800000E+02   9.3371491E-03   8.3599786E-03
   1.5458659E+03   2.3200000E+02   2.2400000E+02   1.7423005E-02   1.5839628E-02
   1.5458734E+03   2.0700000E+02   2.0400000E+02   1.3560464E-02   1.1346573E-02
   1.5458810E+03   2.2600000E+02   2.2000000E+02   7.2411965E-03   8.3466524E-03
   1.5458885E+03   2.1400000E+02   2.0800000E+02   4.0529472E-02   3.9919907E-02
   1.5458960E+03   2.6600000E+02   2.5800000E+02   9.3021867E-03   7.2933233E-03
   1.5459035E+03   2.1000000E+02   2.0500000E+02   1.5410133E-02   1.8863937E-02
   1.5459111E+03   2.3500000E+02   2.2700000E+02   2.1631585E-02   2.7308476E-02
   1.5459186E+03   2.3600000E+02   2.3400000E+02   1.9730586E-02   1.7362650E-02
   1.5459261E+03   2.5600000E+02   2.5200000E+02   1.4440249E-02   1.5262123E-02
   1.5459337E+03   2.1900000E+02   2.1000000E+02   7.6899108E-03   9.9062048E-03
   1.5459412E+03   2.2200000E+02   2.1500000E+02   1.3237210E-02   1.3540386E-02
   1.5459487E+03   2.2700000E+02   2.2300000E+02   2.0088486E-02   1.9195479E-02
   1.5459562E+03   2.2700000E+02   2.2300000E+02   9.8416295E-03   8.7656629E-03
   1.5459638E+03   2.4900000E+02   2.4600000E+02   2.1181453E-02   1.9893714E-02
   1.5459713E+03   2.4000000E+02   2.3200000E+02   2.4892544E-02   1.9066625E-02
   1.5459788E+03   2.3600000E+02   2.3200000E+02   1.5217862E-02   1.7047663E-02
   1.5459864E+03   2.3100000E+02   2.2700000E+02   1.7345923E-02   1.6908073E-02
   1.5459939E+03   2.5700000E+02   2.5200000E+02   3.7711085E-03   4.1596788E-03
   1.5460014E+03   2.5800000E+02   2.5500000E+02   1.7715917E-02   1.7221529E-02
   1.5460089E+03   2.7500000E+02   2.7000000E+02   8.1036307E-03   9.2245061E-03
   1.5460165E+03   2.4500000E+02   2.4400000E+02   1.3568421E-02   1.4416915E-02
   1.5460240E+03   2.5300000E+02   2.4700000E+02   2.0384138E-02   1.9084466E-02
   1.5460315E+03   2.7100000E+02   2.6700000E+02   6.4290971E-03   4.5273360E-03
   1.5460391E+03   2.4900000E+02   2.4400000E+02   1.4915367E-02   1.3562437E-02
   1.5460466E+03   2.3300000E+02   2.3000000E+02   1.6267866E-02   1.9238102E-02
   1.5460541E+03   2.5400000E+02   2.4800000E+02   3.6631504E-03   6.4170214E-03
   1.5460616E+03   2.4300000E+02   2.4200000E+02   8.7675588E-03   9.7298047E-03
   1.5460692E+03   2.6000000E+02   2.5400000E+02   1.1908033E-02   1.2891244E-02
   1.5460767E+03   2.4900000E+02   2.4600000E+02   2.3276170E-02   2.3559991E-02
   1.5460842E+03   2.4200000E+02   2.4000000E+02   4.6235403E-02   4.6265582E-02
   1.5460917E+03   2.4300000E+02   2.4000000E+02   1.1657668E-02   1.0471933E-02
   1.5460993E+03   2.3100000E+02   2.3000000E+02   2.2899878E-02   2.2334803E-02
   1.5461068E+03   2.4800000E+02   2.4700000E+02   1.3753567E-03   1.3809260E-03
   1.5461143E+03   2.2500000E+02   2.2300000E+02   1.6690965E-02   1.6840664E-02
   1.5461219E+03   2.3300000E+02   2.3100000E+02   1.5733150E-02   1.5574068E-02
   1.5461294E+03   2.3900000E+02   2.3600000E+02   2.0499253E-02   2.1465962E-02
   1.5461369E+03   2.6000000E+02   2.5700000E+02   2.9683219E-02   2.8027171E-02
   1.5461444E+03   2.3400000E+02   2.3100000E+02   2.1357196E-02   2.1917672E-02
   1.5461520E+03   2.3500000E+02   2.3500000E+02   1.7833806E-02   1.7833806E-02
   1.5461595E+03   2.1400000E+02   2.1200000E+02   5.9336927E-03   5.9888950E-03
   1.5461670E+03   2.4300000E+02   2.4300000E+02   1.4354844E-02   1.4354844E-02
   1.5461746E+03   2.3100000E+02   2.3100000E+02   3.6155921E-02   3.6155921E-02
   1.5461821E+03   2.4300000E+02   2.4200000E+02   2.6167162E-02   2.6078442E-02
   1.5461896E+03   2.2900000E+02   2.2800000E+02   1.9096802E-02   1.8979859E-02
   1.5461971E+03   2.1100000E+02   2.1100000E+02   1.8749930E-02   1.8749930E-02
   1.5462047E+03   2.4800000E+02   2.4800000E+02   2.5126139E-02   2.5126139E-02
   1.5462122E+03   2.3400000E+02   2.3300000E+02   5.7045433E-03   5.7287667E-03
   1.5462197E+03   2.3000000E+02   2.3000000E+02   2.4946367E-02   2.4946367E-02
   1.5462273E+03   2.3900000E+02   2.3900000E+02   4.4296688E-03   4.4296688E-03
   1.5462348E+03   2.3500000E+02   2.3500000E+02   1.7237334E-02   1.7237334E-02
   1.5462423E+03   2.2100000E+02   2.1900000E+02   6.5875231E-03   7.3125155E-03
   1.5462498E+03   2.4000000E+02   2.4000000E+02   2.8958315E-02   2.8958315E-02
   1.5462574E+03   2.3100000E+02   2.3100000E+02   1.0898165E-02   1.0898165E-02
   1.5462649E+03   2.0400000E+02   2.0200000E+02   2.0053718E-02   2.0252260E-02
   1.5462724E+03   2.3600000E+02   2.3500000E+02   6.7866714E-03   6.8155447E-03
   1.5462800E+03   2.2500000E+02   2.2300000E+02   1.0662643E-02   1.0758250E-02
   1.5462875E+03   2.3600000E+02   2.3500000E+02   1.8763826E-02   1.8843680E-02
   1.5462950E+03   2.4600000E+02   2.4600000E+02   4.6807451E-03   4.6807451E-03
   1.5463025E+03   2.2100000E+02   2.2100000E+02   2.0757899E-02   2.0757899E-02
   1.5463101E+03   2.5400000E+02   2.5300000E+02   2.7685650E-02   2.7795098E-02
   1.5463176E+03   2.4700000E+02   2.4500000E+02   8.4023712E-03   8.4709190E-03
   1.5463251E+03   1.9900000E+02   1.9700000E+02   1.5832295E-02   1.5993049E-02
   1.5463327E+03   2.1700000E+02   2.1700000E+02   2.0928095E-02   2.0928095E-02
   1.5463402E+03   2.2300000E+02   2.2200000E+02   1.5131711E-02   1.5199848E-02
   1.5463477E+03   2.2800000E+02   2.2600000E+02   1.3043797E-02   1.3159239E-02
   1.5463552E+03   2.1300000E+02   2.1300000E+02   3.3980326E-02   3.3980326E-02
   1.5463628E+03   2.1200000E+02   2.1000000E+02   3.8474323E-02   3.8840739E-02
   1.5463703E+03   2.2100000E+02   2.2100000E+02   2.7086522E-02   2.7086522E-02
   1.5463778E+03   2.4700000E+02   2.4600000E+02   1.5961848E-02   1.6026651E-02
   1.5463854E+03   2.3700000E+02   2.3500000E+02   2.4527206E-02   2.4735852E-02
   1.5463929E+03   2.3400000E+02   2.3300000E+02   1.1331083E-02   1.1379699E-02
   1.5464004E+03   2.2900000E+02   2.2800000E+02   1.0515490E-02   1.0561641E-02
   1.5464079E+03   2.2000000E+02   2.1900000E+02   2.6154187E-02   2.6273612E-02
   1.5464155E+03   2.1300000E+02   2.1200000E+02   1.5756638E-02   1.5830952E-02
   1.5464230E+03   2.6000000E+02   2.5900000E+02   3.1643986E-02   3.1766003E-02
   1.5464305E+03   2.1000000E+02   2.0800000E+02   1.8953578E-02   1.9135718E-02
   1.5464381E+03   2.3200000E+02   2.2900000E+02   7.0523217E-03   7.1447460E-03
   1.5464456E+03   2.3900000E+02   2.3800000E+02   1.6187261E-02   1.6255216E-02
   1.5464531E+03   2.1800000E+02   2.1700000E+02   1.2430013E-02   1.2487287E-02
   1.5464606E+03   2.1500000E+02   2.1400000E+02   3.2583636E-02   3.2735879E-02
   1.5464682E+03   2.0700000E+02   2.0400000E+02   2.4695046E-02   2.5066126E-02
   1.5464757E+03   2.2700000E+02   2.2600000E+02   1.8715864E-03   1.8798636E-03
   1.5464832E+03   2.1600000E+02   2.1500000E+02   2.2702642E-02   2.2808385E-02
   1.5464908E+03   2.2000000E+02   2.1900000E+02   4.3284777E-03   4.3482922E-03
   1.5464983E+03   2.0300000E+02   2.0200000E+02   1.5222480E-02   1.5297839E-02
   1.5465058E+03   2.0500000E+02   2.0400000E+02   2.9362233E-03   2.9506168E-03
   1.5465133E+03   2.3100000E+02   2.2900000E+02   6.8301069E-03   6.8897559E-03
   1.5465209E+03   2.2000000E+02   2.1600000E+02   1.7168098E-02   1.7486026E-02
   1.5465284E+03   2.3000000E+02   2.2900000E+02   3.2670763E-03   3.2813415E-03
   1.5465359E+03   2.1400000E+02   2.1400000E+02   8.6911037E-03   8.6911037E-03
   1.5465434E+03   2.1100000E+02   2.0900000E+02   1.1403551E-02   1.1512659E-02
   1.5465510E+03   2.1700000E+02   2.1700000E+02   7.0832946E-03   7.0832946E-03
   1.5465585E+03   2.0600000E+02   2.0400000E+02   8.2724025E-03   8.2307365E-03
   1.5465660E+03   2.1700000E+02   2.1600000E+02   1.5145857E-02   1.5215890E-02
   1.5465736E+03   2.2600000E+02   2.2400000E+02   1.6830134E-02   1.6980325E-02
   1.5465811E+03   2.3800000E+02   2.3500000E+02   3.2407086E-03   3.2820618E-03
   1.5465886E+03   2.3600000E+02   2.3100000E+02   3.7062122E-03   3.7864765E-03
   1.5465961E+03   2.1200000E+02   2.0900000E+02   1.7338044E-02   1.7586884E-02
   1.5466037E+03   1.8700000E+02   1.8200000E+02   2.8380750E-02   2.9160491E-02
   1.5466112E+03   2.1100000E+02   2.0700000E+02   1.7419362E-02   1.7631013E-02
   1.5466187E+03   1.9100000E+02   1.8900000E+02   4.7751237E-03   4.8254566E-03
   1.5466263E+03   1.8800000E+02   1.8800000E+02   6.2218985E-03   6.2218985E-03
   1.5466338E+03   1.9300000E+02   1.9100000E+02   1.1280734E-02   1.1398855E-02
   1.5466413E+03   1.8100000E+02   1.8100000E+02   1.7623033E-02   1.7623033E-02
   1.5466488E+03   2.0700000E+02   2.0600000E+02   2.7790274E-02   2.7925218E-02
   1.5466564E+03   2.0500000E+02   2.0000000E+02   3.4274126E-02   3.5131016E-02
   1.5466639E+03   2.3200000E+02   2.3200000E+02   2.0779583E-02   2.0779583E-02
   1.5466714E+03   1.9100000E+02   1.9000000E+02   2.2399536E-02   2.2517637E-02
   1.5466790E+03   1.9200000E+02   1.9000000E+02   2.0940906E-03   2.1161096E-03
   1.5466865E+03   2.3000000E+02   2.2700000E+02   4.0596681E-03   4.1134242E-03
   1.5466940E+03   1.7600000E+02   1.7400000E+02   6.7015362E-03   6.7786589E-03
   1.5467015E+03   2.0100000E+02   2.0100000E+02   1.2469583E-02   1.2469583E-02
   1.5467091E+03   1.9700000E+02   1.9600000E+02   5.0696790E-03   5.0954538E-03
   1.5467166E+03   2.0100000E+02   1.9900000E+02   1.1453711E-02   1.1568856E-02
   1.5467241E+03   1.9800000E+02   1.9700000E+02   1.4256308E-02   1.4328680E-02
   1.5467317E+03   2.0000000E+02   1.9600000E+02   5.2122355E-03   5.3185819E-03
   1.5467392E+03   2.1300000E+02   2.1000000E+02   1.6545739E-02   1.6782129E-02
   1.5467467E+03   2.0000000E+02   1.9800000E+02   1.7285250E-02   1.7459893E-02
   1.5467542E+03   1.9600000E+02   1.9500000E+02   4.8372932E-02   4.8620992E-02
   1.5467618E+03   1.8300000E+02   1.8100000E+02   2.6462445E-02   2.6754853E-02
   1.5467693E+03   1.8000000E+02   1.7900000E+02   3.1058601E-02   2.9937295E-02
   1.5467768E+03   2.1100000E+02   2.1100000E+02   2.1085809E-02   2.1085809E-02
   1.5467844E+03   2.0800000E+02   2.0700000E+02   4.6161651E-03   4.6384991E-03
   1.5467919E+03   1.8000000E+02   1.7800000E+02   4.2622963E-03   4.3102320E-03
   1.5467994E+03   1.9300000E+02   1.9100000E+02   3.9929555E-02   4.0347674E-02
   1.5468069E+03   1.9500000E+02   1.9400000E+02   3.0649010E-02   3.0806962E-02
   1.5468145E+03   1.8900000E+02   1.8900000E+02   2.3071954E-02   2.3071954E-02
   1.5468220E+03   2.0200000E+02   2.0200000E+02   1.8930993E-02   1.8930993E-02
   1.5468295E+03   1.9600000E+02   1.9600000E+02   4.9157509E-03   4.9157509E-03
   1.5468371E+03   2.1000000E+02   2.0600000E+02   6.5919502E-03   6.7198990E-03
   1.5468446E+03   2.0300000E+02   2.0000000E+02   3.6884869E-02   3.7438180E-02
   1.5468521E+03   1.8600000E+02   1.8500000E+02   6.8782866E-03   6.9154656E-03
   1.5468596E+03   2.0300000E+02   2.0200000E+02   1.1229795E-02   1.1285390E-02
   1.5468672E+03   1.8500000E+02   1.8200000E+02   3.5191067E-02   3.5771137E-02
   1.5468747E+03   1.8900000E+02   1.8700000E+02   3.4182875E-02   3.4548398E-02
   1.5468822E+03   1.9600000E+02   1.9400000E+02   1.0124213E-02   1.0228559E-02
   1.5468898E+03   2.2400000E+02   2.2300000E+02   2.3151077E-02   2.3254915E-02
   1.5468973E+03   2.2000000E+02   2.1700000E+02   1.9788618E-02   2.0062097E-02
   1.5469048E+03   2.0700000E+02   2.0300000E+02   3.7399004E-02   3.8135518E-02
   1.5469123E+03   1.8400000E+02   1.8300000E+02   2.2469382E-02   2.2592162E-02
   1.5469199E+03   2.0200000E+02   1.9900000E+02   1.0513541E-02   1.0672042E-02
   1.5469274E+03   1.9400000E+02   1.9100000E+02   1.1729039E-02   1.1913281E-02
   1.5469349E+03   2.0700000E+02   2.0600000E+02   2.9133473E-02   2.9274855E-02
   1.5469425E+03   2.2000000E+02   2.1900000E+02   1.8160619E-02   1.8243532E-02
   1.5469500E+03   1.9800000E+02   1.9500000E+02   2.0144296E-02   2.0454385E-02
   1.5469575E+03   2.0500000E+02   2.0300000E+02   2.0802799E-02   2.1007767E-02
   1.5469650E+03   2.1100000E+02   2.1100000E+02   1.5841955E-02   1.5841955E-02
   1.5469726E+03   2.1200000E+02   2.0800000E+02   1.0970946E-02   1.1181951E-02
   1.5469801E+03   1.9400000E+02   1.9100000E+02   2.5235440E-03   3.2732139E-03
   1.5469876E+03   2.1200000E+02   2.0500000E+02   2.8240494E-02   2.9204552E-02
   1.5469951E+03   2.0900000E+02   2.0800000E+02   3.2457593E-02   3.2613424E-02
   1.5470027E+03   2.2900000E+02   2.2700000E+02   2.0445956E-02   2.0626100E-02
   1.5470102E+03   1.8300000E+02   1.7900000E+02   1.3955461E-02   1.4267330E-02
   1.5470177E+03   2.0300000E+02   2.0000000E+02   1.9599131E-02   1.9893171E-02
   1.5470253E+03   2.0300000E+02   2.0200000E+02   1.1784891E-02   1.1843284E-02
   1.5470328E+03   1.8800000E+02   1.8500000E+02   7.4463043E-03   7.5675537E-03
   1.5470403E+03   2.0500000E+02   2.0500000E+02   1.2101293E-02   1.2101293E-02
   1.5470478E+03   2.0200000E+02   1.9900000E+02   2.1214909E-02   2.1534743E-02
   1.5470554E+03   1.9300000E+02   1.8600000E+02   1.2921779E-02   1.3402778E-02
   1.5470629E+03   1.8900000E+02   1.8500000E+02   7.0743588E-03   7.2271443E-03
   1.5470704E+03   2.0600000E+02   2.0500000E+02   1.5206093E-02   1.5280271E-02
   1.5470780E+03   2.0700000E+02   2.0700000E+02   1.5505153E-02   1.5505153E-02
   1.5470855E+03   1.9200000E+02   1.8900000E+02   1.9652869E-02   1.9965097E-02
   1.5470930E+03   1.8800000E+02   1.8300000E+02   1.0001797E-02   1.0275095E-02
   1.5471005E+03   2.0000000E+02   1.9800000E+02   2.6740294E-02   2.7010384E-02
   1.5471081E+03   2.1100000E+02   2.0900000E+02   1.0645938E-02   1.0747792E-02
   1.5471156E+03   1.9500000E+02   1.9300000E+02   8.2940143E-03   8.3799895E-03
   1.5471231E+03   2.2200000E+02   2.2000000E+02   1.9456856E-02   1.9633800E-02
   1.5471307E+03   2.0600000E+02   2.0400000E+02   1.5230145E-02   1.5379386E-02
   1.5471382E+03   1.9200000E+02   1.8600000E+02   9.9424521E-03   1.0263641E-02
   1.5471457E+03   1.9800000E+02   1.9500000E+02   2.8288425E-02   2.8723592E-02
   1.5471532E+03   1.8400000E+02   1.8400000E+02   9.0092715E-03   9.0092715E-03
   1.5471608E+03   2.0800000E+02   2.0500000E+02   1.2663967E-02   1.2849333E-02
   1.5471683E+03   1.7200000E+02   1.6900000E+02   3.0838149E-02   3.1385426E-02
   1.5471758E+03   2.2400000E+02   2.2000000E+02   1.4813952E-02   1.5085167E-02
   1.5471834E+03   2.0700000E+02   2.0300000E+02   1.5500405E-02   1.5805785E-02
   1.5471909E+03   2.0100000E+02   1.9700000E+02   1.7317772E-02   1.7669348E-02
   1.5471984E+03   1.9300000E+02   1.9000000E+02   7.4842137E-03   7.6021553E-03
   1.5472059E+03   1.9000000E+02   1.8700000E+02   2.6518776E-02   2.6944350E-02
   1.5472135E+03   2.0000000E+02   1.9600000E+02   6.5577186E-03   6.6915562E-03
   1.5472210E+03   2.2300000E+02   2.2300000E+02   1.9225140E-02   1.9225140E-02
   1.5472285E+03   2.3600000E+02   2.3400000E+02   2.3720122E-02   2.3922768E-02
   1.5472361E+03   1.6700000E+02   1.6400000E+02   1.9762408E-03   2.0123732E-03
   1.5472436E+03   2.2100000E+02   2.1900000E+02   2.4906535E-02   2.5133977E-02
   1.5472511E+03   1.9700000E+02   1.9400000E+02   1.6924544E-02   1.7186249E-02
   1.5472586E+03   2.0400000E+02   1.9400000E+02   2.6690378E-02   2.8066291E-02
   1.5472662E+03   2.0600000E+02   2.0400000E+02   5.1794775E-03   5.2302626E-03
   1.5472737E+03   1.8600000E+02   1.8200000E+02   3.6240692E-02   3.7037106E-02
   1.5472812E+03   2.0400000E+02   1.9900000E+02   7.2832755E-03   7.4663445E-03
   1.5472888E+03   2.1600000E+02   2.1300000E+02   1.6951460E-02   1.7192372E-02
   1.5472963E+03   1.9100000E+02   1.8700000E+02   2.7093035E-02   2.7672598E-02
   1.5473038E+03   1.8200000E+02   1.7900000E+02   1.1493220E-02   1.1685767E-02
   1.5473113E+03   2.1900000E+02   2.1400000E+02   1.5281553E-02   1.5638574E-02
   1.5473189E+03   1.9400000E+02   1.8700000E+02   1.1439154E-02   1.2122547E-02
   1.5473264E+03   1.9000000E+02   1.8600000E+02   1.9995627E-02   2.0425450E-02
   1.5473339E+03   1.9200000E+02   1.8700000E+02   7.3384239E-03   7.5345941E-03
   1.5473415E+03   2.1300000E+02   2.0900000E+02   5.5704719E-03   5.6772157E-03
   1.5473490E+03   1.9200000E+02   1.9000000E+02   3.2060675E-02   3.2398031E-02
   1.5473565E+03   2.1300000E+02   2.0900000E+02   8.1813836E-03   8.3379544E-03
   1.5473640E+03   1.9100000E+02   1.8600000E+02   1.0027027E-02   1.0296493E-02
   1.5473716E+03   1.9200000E+02   1.8900000E+02   5.5563422E-03   5.6445567E-03
   1.5473791E+03   2.1500000E+02   2.1400000E+02   5.2611268E-03   5.2856744E-03
   1.5473866E+03   1.9500000E+02   1.9400000E+02   1.5642503E-02   1.5723142E-02
   1.5473942E+03   1.9700000E+02   1.9000000E+02   8.5675871E-03   8.8832126E-03
   1.5474017E+03   1.9300000E+02   1.9000000E+02   1.8602933E-02   1.8896693E-02
   1.5474092E+03   2.1000000E+02   2.0400000E+02   1.2083469E-03   1.2438608E-03
   1.5474167E+03   1.7800000E+02   1.7300000E+02   2.1444746E-02   2.2064486E-02
   1.5474243E+03   2.1900000E+02   2.1700000E+02   1.5793282E-02   1.5938836E-02
   1.5474318E+03   1.9700000E+02   1.9200000E+02   1.5018126E-02   1.5409339E-02
   1.5474393E+03   2.1100000E+02   2.0700000E+02   1.4249451E-02   1.4524772E-02
   1.5474468E+03   2.0000000E+02   1.9400000E+02   1.4492312E-02   1.4940546E-02
   1.5474544E+03   2.0900000E+02   2.0500000E+02   3.6346833E-03   3.7055950E-03
   1.5474619E+03   2.0500000E+02   2.0000000E+02   7.5721853E-03   7.7615616E-03
   1.5474694E+03   2.0400000E+02   2.0300000E+02   2.8828887E-03   2.8970857E-03
   1.5474770E+03   2.2200000E+02   2.1700000E+02   1.0029766E-02   1.0260908E-02
   1.5474845E+03   2.1100000E+02   2.0700000E+02   1.3909060E-02   1.4177651E-02
   1.5474920E+03   1.9900000E+02   1.9400000E+02   2.6036323E-02   2.6707276E-02
   1.5474995E+03   1.9900000E+02   1.9800000E+02   1.7146358E-02   1.7233051E-02
   1.5475071E+03   2.0600000E+02   2.0100000E+02   1.6849009E-02   1.7268021E-02
   1.5475146E+03   2.2500000E+02   2.2100000E+02   1.8720760E-02   1.9059558E-02
   1.5475221E+03   2.1100000E+02   2.0900000E+02   1.5189924E-02   1.5335284E-02
   1.5475297E+03   1.9800000E+02   1.9500000E+02   2.3246655E-02   2.3604379E-02
   1.5475372E+03   2.0700000E+02   2.0400000E+02   1.7744897E-02   1.8005915E-02
   1.5475447E+03   2.1300000E+02   2.0900000E+02   6.2762331E-03   6.3965007E-03
   1.5475522E+03   2.3900000E+02   2.3600000E+02   5.1088451E-03   5.1737963E-03
   1.5475598E+03   2.5200000E+02   2.4100000E+02   9.2447011E-03   9.6653961E-03
   1.5475673E+03   2.0000000E+02   1.9600000E+02   1.9523051E-02   1.9921486E-02
   1.5475748E+03   2.0000000E+02   1.9400000E+02   1.7595323E-02   1.8139388E-02
   1.5475824E+03   2.2100000E+02   2.1600000E+02   9.5014764E-03   9.7215880E-03
   1.5475899E+03   1.9100000E+02   1.8600000E+02   1.6167974E-02   1.6602651E-02
   1.5475974E+03   2.1700000E+02   2.1200000E+02   1.1127704E-02   1.1390037E-02
   1.5476049E+03   2.1600000E+02   2.1100000E+02   2.3363467E-02   2.3917150E-02
   1.5476125E+03   2.3500000E+02   2.2800000E+02   1.0092544E-02   1.0402440E-02
   1.5476200E+03   2.1100000E+02   2.0500000E+02   8.6541013E-03   8.9071832E-03
   1.5476275E+03   2.3800000E+02   2.2800000E+02   1.5658900E-02   1.6345571E-02
   1.5476351E+03   2.3900000E+02   2.3000000E+02   1.3182023E-02   1.3697767E-02
   1.5476426E+03   2.2600000E+02   2.2000000E+02   1.2462568E-02   1.2802318E-02
   1.5476501E+03   2.3700000E+02   2.3100000E+02   1.9232751E-02   1.9732398E-02
   1.5476576E+03   2.3300000E+02   2.2400000E+02   1.7281570E-02   1.7975751E-02
   1.5476652E+03   2.3700000E+02   2.2600000E+02   2.9156965E-03   3.0576962E-03
   1.5476727E+03   2.1500000E+02   2.1500000E+02   2.1544580E-02   2.1544580E-02
   1.5476802E+03   2.5800000E+02   2.5400000E+02   1.6382114E-02   1.6640374E-02
   1.5476878E+03   2.2700000E+02   2.1500000E+02   1.1179672E-02   1.1803659E-02
   1.5476953E+03   2.2200000E+02   2.1800000E+02   1.6928943E-02   1.7239416E-02
   1.5477028E+03   2.1900000E+02   2.1400000E+02   1.2441197E-02   1.2731972E-02
   1.5477103E+03   2.3800000E+02   2.3500000E+02   1.2457186E-02   1.2616019E-02
   1.5477179E+03   2.3000000E+02   2.2500000E+02   2.0665379E-02   2.1124632E-02
   1.5477254E+03   2.2000000E+02   2.1700000E+02   1.0856912E-02   1.1007044E-02
   1.5477329E+03   2.3700000E+02   2.3000000E+02   7.3425644E-03   7.5665186E-03
   1.5477405E+03   2.2900000E+02   2.2500000E+02   1.0404826E-02   1.0590105E-02
   1.5477480E+03   2.0600000E+02   1.9800000E+02   4.2109094E-03   4.3814070E-03
   1.5477555E+03   2.3900000E+02   2.3200000E+02   7.5580753E-03   7.7861390E-03
   1.5477630E+03   1.9800000E+02   1.9400000E+02   1.8967531E-02   1.9358717E-02
   1.5477706E+03   2.5500000E+02   2.5000000E+02   9.2924548E-03   9.4773121E-03
   1.5477781E+03   2.1600000E+02   2.1400000E+02   1.6123875E-02   1.6274572E-02
   1.5477856E+03   2.4100000E+02   2.3000000E+02   1.5482157E-02   1.6221984E-02
   1.5477932E+03   2.5600000E+02   2.4700000E+02   1.5821347E-02   1.6397891E-02
   1.5478007E+03   2.7600000E+02   2.6800000E+02   9.7323230E-03   1.0022814E-02
   1.5478082E+03   2.4000000E+02   2.3000000E+02   6.9492815E-03   7.2515419E-03
   1.5478157E+03   2.5000000E+02   2.4100000E+02   1.5179928E-02   1.5749233E-02
   1.5478233E+03   2.1900000E+02   2.0800000E+02   1.2322269E-02   1.2974207E-02
   1.5478308E+03   2.6600000E+02   2.5800000E+02   1.5930085E-02   1.6423726E-02
   1.5478383E+03   2.6600000E+02   2.5800000E+02   3.9664818E-03   4.0894939E-03
   1.5478459E+03   2.8700000E+02   2.7800000E+02   7.8701267E-03   8.1249337E-03
   1.5478534E+03   2.4300000E+02   2.3800000E+02   1.1308577E-02   1.1546208E-02
   1.5478609E+03   2.4700000E+02   2.3800000E+02   1.2430401E-02   1.2900437E-02
   1.5478684E+03   2.5500000E+02   2.4800000E+02   1.1299194E-02   1.1618517E-02
   1.5478760E+03   2.6500000E+02   2.5400000E+02   6.1228181E-03   6.3876156E-03
   1.5478835E+03   2.8000000E+02   2.7200000E+02   9.5348428E-03   9.8152534E-03
   1.5478910E+03   2.5200000E+02   2.3800000E+02   1.8891303E-02   2.0001309E-02
   1.5478985E+03   2.7300000E+02   2.6300000E+02   5.5882271E-03   5.8019387E-03
   1.5479061E+03   2.5000000E+02   2.4200000E+02   7.6515502E-03   7.9045349E-03
   1.5479136E+03   2.5100000E+02   2.4000000E+02   1.2288674E-03   1.2849932E-03
   1.5479211E+03   2.7100000E+02   2.5800000E+02   2.4050233E-03   2.5260597E-03
   1.5479287E+03   2.4700000E+02   2.3900000E+02   8.3678730E-03   8.6475770E-03
   1.5479362E+03   2.6900000E+02   2.6700000E+02   1.0991083E-02   1.1073427E-02
   1.5479437E+03   2.5100000E+02   2.4200000E+02   8.8357191E-03   9.1927118E-03
   1.5479512E+03   2.8300000E+02   2.7700000E+02   8.6266469E-03   8.8134752E-03
   1.5479588E+03   2.6800000E+02   2.6300000E+02   4.8901401E-03   4.9830901E-03
   1.5479663E+03   2.8100000E+02   2.6700000E+02   1.9258339E-03   2.0259106E-03
   1.5479738E+03   3.0900000E+02   3.0000000E+02   1.5742135E-02   1.6214429E-02
   1.5479814E+03   3.0700000E+02   2.9200000E+02   1.3974360E-02   1.4692030E-02
   1.5479889E+03   2.9600000E+02   2.8200000E+02   3.0032071E-03   3.1494880E-03
   1.5479964E+03   2.8900000E+02   2.7500000E+02   1.3159303E-02   1.3829621E-02
   1.5480039E+03   2.6900000E+02   2.5800000E+02   9.0366778E-03   9.4215407E-03
   1.5480115E+03   3.0300000E+02   2.9000000E+02   7.1441955E-03   7.4649495E-03
   1.5480190E+03   3.0500000E+02   2.9400000E+02   6.0856095E-03   6.3126704E-03
   1.5480265E+03   2.8200000E+02   2.6800000E+02   1.1949155E-02   1.2574652E-02
   1.5480341E+03   3.1000000E+02   2.9300000E+02   1.0599588E-02   1.1214126E-02
   1.5480416E+03   2.6900000E+02   2.5700000E+02   7.4422718E-03   7.7900559E-03
   1.5480491E+03   2.8000000E+02   2.7300000E+02   1.3038608E-02   1.3372862E-02
   1.5480566E+03   2.7800000E+02   2.6900000E+02   5.1329323E-03   5.3043207E-03
   1.5480642E+03   2.8900000E+02   2.7500000E+02   6.9233339E-03   7.2758845E-03
   1.5480717E+03   2.9600000E+02   2.8600000E+02   1.6816455E-03   1.7404467E-03
   1.5480792E+03   2.9500000E+02   2.8400000E+02   6.1637945E-03   6.4022658E-03
   1.5480868E+03   3.3100000E+02   3.2500000E+02   1.2493747E-02   1.2724818E-02
   1.5480943E+03   2.7300000E+02   2.6200000E+02   7.5243345E-03   7.8379499E-03
   1.5481018E+03   3.0100000E+02   2.9000000E+02   1.0331134E-02   1.0723230E-02
   1.5481093E+03   2.7900000E+02   2.6700000E+02   1.4145714E-02   1.4781604E-02
   1.5481169E+03   3.0000000E+02   2.8800000E+02   7.2990435E-03   7.6025186E-03
   1.5481244E+03   3.2700000E+02   3.1800000E+02   6.4889895E-03   6.6727746E-03
   1.5481319E+03   3.1900000E+02   3.0800000E+02   3.3975542E-03   3.5189365E-03
   1.5481395E+03   3.3400000E+02   3.1900000E+02   4.7582862E-03   4.9819167E-03
   1.5481470E+03   3.1600000E+02   3.0400000E+02   4.8915135E-03   5.0845842E-03
   1.5481545E+03   3.2400000E+02   3.1100000E+02   1.2471636E-02   1.2993154E-02
   1.5481620E+03   3.2300000E+02   3.1000000E+02   7.9030603E-03   8.2348840E-03
   1.5481696E+03   3.3600000E+02   3.3100000E+02   4.1703211E-03   4.2333325E-03
   1.5481771E+03   3.0600000E+02   2.9700000E+02   2.3088584E-03   2.3780756E-03
   1.5481846E+03   3.4900000E+02   3.3200000E+02   5.0351972E-03   5.2931063E-03
   1.5481922E+03   3.1000000E+02   3.0500000E+02   4.4892321E-03   4.5628491E-03
   1.5481997E+03   3.5000000E+02   3.3400000E+02   1.1351165E-02   1.1894831E-02
   1.5482072E+03   3.5400000E+02   3.4400000E+02   9.8643268E-03   1.0151092E-02
   1.5482147E+03   3.3700000E+02   3.1900000E+02   3.8423893E-03   4.0594026E-03
   1.5482223E+03   3.3700000E+02   3.2400000E+02   7.5015948E-03   7.8025277E-03
   1.5482298E+03   3.3500000E+02   3.1900000E+02   7.8636955E-03   8.2580118E-03
   1.5482373E+03   3.2000000E+02   3.0400000E+02   1.9615545E-03   2.0650168E-03
   1.5482449E+03   3.2900000E+02   3.2000000E+02   7.6145406E-03   7.8286999E-03
   1.5482524E+03   3.7200000E+02   3.6100000E+02   9.7678767E-03   1.0067882E-02
   1.5482599E+03   3.3800000E+02   3.2800000E+02   7.8079009E-03   8.0459303E-03
   1.5482674E+03   3.4100000E+02   3.3000000E+02   1.5662838E-03   1.6183808E-03
   1.5482750E+03   3.9500000E+02   3.8500000E+02   4.4000924E-03   4.5143711E-03
   1.5482825E+03   3.6000000E+02   3.4700000E+02   1.2909361E-02   1.3393023E-02
   1.5482900E+03   3.1200000E+02   3.0100000E+02   2.7186172E-03   2.8172706E-03
   1.5482976E+03   3.1400000E+02   3.0000000E+02   4.4423967E-03   4.6494216E-03
   1.5483051E+03   3.1300000E+02   2.9800000E+02   5.9743161E-03   6.2774689E-03
   1.5483126E+03   3.7200000E+02   3.5900000E+02   2.2495342E-03   2.3309813E-03
   1.5483201E+03   3.8400000E+02   3.6400000E+02   6.2974273E-03   6.6434319E-03
   1.5483277E+03   3.5400000E+02   3.3400000E+02   4.1158112E-03   4.3625069E-03
   1.5483352E+03   3.3700000E+02   3.2500000E+02   2.2424452E-03   2.3250866E-03
   1.5483427E+03   3.6100000E+02   3.4400000E+02   4.6691461E-03   4.9003001E-03
   1.5483502E+03   3.9300000E+02   3.7700000E+02   6.5231747E-03   6.7999388E-03
   1.5483578E+03   3.6300000E+02   3.4300000E+02   2.2619204E-03   2.3937367E-03
   1.5483653E+03   3.4800000E+02   3.4100000E+02   4.2457642E-03   4.3328110E-03
   1.5483728E+03   3.6900000E+02   3.5700000E+02   8.9587671E-03   9.2597830E-03
   1.5483804E+03   3.3700000E+02   3.2200000E+02   9.1833985E-04   9.6281756E-04
   1.5483879E+03   3.7200000E+02   3.6200000E+02   1.0528986E-02   1.0819833E-02
   1.5483954E+03   4.0000000E+02   3.8400000E+02   6.5305696E-03   6.8006969E-03
   1.5484029E+03   3.5300000E+02   3.4600000E+02   1.9171019E-03   1.9562047E-03
   1.5484105E+03   3.9400000E+02   3.7900000E+02   2.3513171E-03   2.4444299E-03
   1.5484180E+03   3.9400000E+02   3.7600000E+02   2.6813592E-03   2.7993721E-03
   1.5484255E+03   3.3800000E+02   3.2900000E+02   1.7605235E-03   1.8087164E-03
   1.5484331E+03   3.8000000E+02   3.6300000E+02   3.5493782E-03   3.7155432E-03
   1.5484406E+03   3.9400000E+02   3.8100000E+02   1.0479765E-02   1.0837103E-02
   1.5484481E+03   3.8700000E+02   3.6800000E+02   6.2688068E-03   6.5927523E-03
   1.5484556E+03   3.7100000E+02   3.5500000E+02   6.0423892E-03   6.3148466E-03
   1.5484632E+03   3.6600000E+02   3.5500000E+02   9.0928013E-04   9.3748553E-04
   1.5484707E+03   3.8600000E+02   3.7400000E+02   3.0433625E-03   3.1410579E-03
   1.5484782E+03   4.0000000E+02   3.7600000E+02   1.7586197E-03   1.8709459E-03
   1.5484858E+03   4.0100000E+02   3.9600000E+02   6.0814788E-03   6.1582703E-03
   1.5484933E+03   3.7200000E+02   3.6400000E+02   5.2612385E-03   5.3768729E-03
   1.5485008E+03   3.9900000E+02   3.8400000E+02   8.1276015E-04   8.4445624E-04
   1.5485083E+03   4.2800000E+02   4.1500000E+02   3.4864730E-03   3.5957841E-03
   1.5485159E+03   3.8000000E+02   3.5800000E+02   8.7999371E-03   9.3404834E-03
   1.5485234E+03   4.1000000E+02   3.8800000E+02   5.6340475E-03   5.9529985E-03
   1.5485309E+03   3.8100000E+02   3.6600000E+02   3.2028886E-03   3.3340605E-03
   1.5485385E+03   4.0700000E+02   3.8400000E+02   3.4711561E-03   3.6786897E-03
   1.5485460E+03   4.5300000E+02   4.3800000E+02   3.8041227E-03   3.9343415E-03
   1.5485535E+03   4.2300000E+02   4.0300000E+02   1.4774192E-03   1.5508381E-03
   1.5485610E+03   4.0800000E+02   3.9600000E+02   6.6110557E-03   6.8114048E-03
   1.5485686E+03   4.1200000E+02   3.9200000E+02   2.6115805E-03   2.7447655E-03
   1.5485761E+03   4.5900000E+02   4.4300000E+02   5.9104532E-03   6.1239704E-03
   1.5485836E+03   4.2900000E+02   4.1000000E+02   4.3820101E-03   4.7288089E-03
   1.5485912E+03   4.1000000E+02   3.9200000E+02   2.1136796E-03   2.2105027E-03
   1.5485987E+03   4.2300000E+02   4.0700000E+02   1.8954159E-03   1.9701660E-03
   1.5486062E+03   4.4700000E+02   4.2400000E+02   4.9186295E-03   5.1853655E-03
   1.5486137E+03   4.4900000E+02   4.3000000E+02   3.7893126E-03   3.9568371E-03
   1.5486213E+03   3.9500000E+02   3.7600000E+02   5.9209470E-03   6.2194235E-03
   1.5486288E+03   4.1500000E+02   3.9600000E+02   4.4968654E-03   5.2351983E-03
   1.5486363E+03   4.4700000E+02   4.3100000E+02   3.9381672E-03   4.0844981E-03
   1.5486439E+03   4.3700000E+02   4.2100000E+02   2.7338206E-03   2.8374281E-03
   1.5486514E+03   4.6300000E+02   4.3800000E+02   1.0098689E-03   1.0674171E-03
   1.5486589E+03   4.5600000E+02   4.3900000E+02   4.9076437E-03   5.0976333E-03
   1.5486664E+03   4.3400000E+02   4.1300000E+02   2.9916887E-03   3.1438798E-03
   1.5486740E+03   4.5700000E+02   4.4000000E+02   1.6789901E-03   1.7443507E-03
   1.5486815E+03   4.6000000E+02   4.4100000E+02   3.0296521E-03   3.1602983E-03
   1.5486890E+03   4.4200000E+02   4.1800000E+02   3.4339334E-03   3.6313019E-03
   1.5486966E+03   4.5300000E+02   4.2700000E+02   4.7298723E-03   5.0184982E-03
   1.5487041E+03   4.3400000E+02   4.1500000E+02   2.1115484E-04   2.2080480E-04
   1.5487116E+03   4.9500000E+02   4.6600000E+02   5.5982784E-03   5.9318135E-03
   1.5487191E+03   4.6700000E+02   4.4600000E+02   3.2103682E-03   3.3608873E-03
   1.5487267E+03   4.6900000E+02   4.4700000E+02   3.4145884E-03   3.5825323E-03
   1.5487342E+03   4.6400000E+02   4.4100000E+02   7.7127659E-04   8.1149295E-04
   1.5487417E+03   5.2200000E+02   5.0400000E+02   2.5004949E-03   2.5901862E-03
   1.5487493E+03   4.7900000E+02   4.6100000E+02   1.2292204E-03   1.2795081E-03
   1.5487568E+03   4.8300000E+02   4.6100000E+02   1.7540527E-03   1.8376413E-03
   1.5487643E+03   4.8800000E+02   4.6900000E+02   5.3550149E-03   5.5716968E-03
   1.5487718E+03   4.7400000E+02   4.5100000E+02   7.3969187E-03   7.7744592E-03
   1.5487794E+03   5.3000000E+02   4.9800000E+02   3.7267370E-03   3.9662444E-03
   1.5487869E+03   4.9000000E+02   4.7300000E+02   5.8782607E-03   6.0893851E-03
   1.5487944E+03   5.1900000E+02   4.9400000E+02   7.1454853E-03   7.5071422E-03
   1.5488019E+03   5.0700000E+02   4.8800000E+02   5.6229953E-04   5.8440632E-04
   1.5488095E+03   5.0100000E+02   4.6900000E+02   1.2051362E-03   1.2870225E-03
   1.5488170E+03   5.1600000E+02   4.9800000E+02   4.4374380E-03   4.3681621E-03
   1.5488245E+03   4.6800000E+02   4.5200000E+02   2.2349916E-03   2.3139176E-03
   1.5488321E+03   4.6400000E+02   4.4300000E+02   7.1666050E-03   7.5062933E-03
   1.5488396E+03   5.0900000E+02   4.8700000E+02   4.6932929E-03   4.9057044E-03
   1.5488471E+03   4.8300000E+02   4.6400000E+02   5.1193936E-03   5.3286930E-03
   1.5488546E+03   5.2600000E+02   5.0100000E+02   3.4082834E-03   3.3910374E-03
   1.5488622E+03   5.1400000E+02   4.9500000E+02   3.8315391E-03   4.1011762E-03
   1.5488697E+03   4.7800000E+02   4.6000000E+02   4.3448926E-03   4.5148746E-03
   1.5488772E+03   4.8900000E+02   4.6100000E+02   3.4816061E-03   3.6939951E-03
   1.5488848E+03   5.6400000E+02   5.4000000E+02   3.2758372E-03   3.4212935E-03
   1.5488923E+03   5.6300000E+02   5.4200000E+02   1.4383496E-03   1.4940588E-03
   1.5488998E+03   5.2800000E+02   5.0200000E+02   4.2703700E-03   4.4885521E-03
   1.5489073E+03   5.4500000E+02   5.0600000E+02   2.0027500E-03   2.1569948E-03
   1.5489149E+03   5.5900000E+02   5.3000000E+02   6.4663272E-04   6.8209721E-04
   1.5489224E+03   5.1300000E+02   4.8800000E+02   1.8249652E-03   1.9179208E-03
   1.5489299E+03   5.4300000E+02   5.0600000E+02   3.6486890E-04   3.9171199E-04
   1.5489375E+03   5.2200000E+02   4.9600000E+02   4.8002339E-03   5.0532185E-03
   1.5489450E+03   5.4600000E+02   5.1200000E+02   4.5615188E-03   4.8719248E-03
   1.5489525E+03   5.8600000E+02   5.5700000E+02   4.7295304E-04   8.5165579E-04
   1.5489600E+03   6.2700000E+02   5.9200000E+02   1.4162968E-03   1.5000765E-03
   1.5489676E+03   5.7200000E+02   5.2800000E+02   3.6818181E-03   3.8055764E-03
   1.5489751E+03   5.7000000E+02   5.4400000E+02   9.8461857E-04   1.0318307E-03
   1.5489826E+03   5.3000000E+02   4.9600000E+02   9.9204346E-04   1.3627685E-03
   1.5489902E+03   5.7100000E+02   5.3400000E+02   2.2347710E-03   2.8398400E-03
   1.5489977E+03   5.8900000E+02   5.5100000E+02   4.3694414E-03   4.6713603E-03
   1.5490052E+03   5.7100000E+02   5.4300000E+02   2.4830112E-03   1.9605836E-03
   1.5490127E+03   5.8600000E+02   5.5400000E+02   1.9229029E-03   2.0335476E-03
   1.5490203E+03   5.6800000E+02   5.4600000E+02   7.8560472E-04   8.1728981E-04
   1.5490278E+03   5.7500000E+02   5.4600000E+02   1.3494235E-03   1.4211392E-03
   1.5490353E+03   5.8000000E+02   5.5200000E+02   3.4090002E-03   3.5817121E-03
   1.5490429E+03   5.7200000E+02   5.3400000E+02   1.6520003E-03   1.7694520E-03
   1.5490504E+03   5.9400000E+02   5.4900000E+02   1.3970693E-03   1.6824550E-03
   1.5490579E+03   5.7300000E+02   5.4000000E+02   5.4618518E-04   5.7939939E-04
   1.5490654E+03   6.0700000E+02   5.7400000E+02   2.6422782E-03   2.6773295E-03
   1.5490730E+03   6.0600000E+02   5.7300000E+02   2.1273370E-03   2.5737148E-03
   1.5490805E+03   6.2100000E+02   5.8500000E+02   3.0701562E-03   3.2581576E-03
   1.5490880E+03   6.0300000E+02   5.7000000E+02   1.5243363E-03   1.2366794E-03
   1.5490956E+03   5.8000000E+02   5.4000000E+02   2.3877824E-03   2.5645725E-03
   1.5491031E+03   6.0400000E+02   5.6500000E+02   3.2125370E-03   3.5023024E-03
   1.5491106E+03   5.7900000E+02   5.3800000E+02   8.0920740E-04   8.8201251E-04
   1.5491181E+03   5.8600000E+02   5.4500000E+02   4.0862103E-03   4.3752688E-03
   1.5491257E+03   6.2300000E+02   5.8400000E+02   1.7592753E-03   1.8765503E-03
   1.5491332E+03   6.3300000E+02   5.8600000E+02   7.4917036E-04   8.0932896E-04
   1.5491407E+03   6.2300000E+02   5.8600000E+02   7.7157538E-04   9.7146118E-04
   1.5491483E+03   6.3200000E+02   5.8800000E+02   9.4004255E-04   1.0104281E-03
   1.5491558E+03   6.4300000E+02   6.0500000E+02   2.2621211E-03   2.4024916E-03
   1.5491633E+03   6.0100000E+02   5.6700000E+02   2.3762948E-03   2.8180404E-03
   1.5491708E+03   6.1500000E+02   5.6900000E+02   1.3539593E-03   1.8436911E-03
   1.5491784E+03   6.9800000E+02   6.5300000E+02   1.0512957E-03   1.1512145E-03
   1.5491859E+03   6.3200000E+02   5.9200000E+02   5.9976983E-04   6.0509190E-04
   1.5491934E+03   6.2400000E+02   5.6800000E+02   2.5540582E-03   2.6348277E-03
   1.5492010E+03   6.2500000E+02   5.7500000E+02   8.5679177E-04   9.3143573E-04
   1.5492085E+03   6.3000000E+02   5.9100000E+02   7.7410930E-04   1.5007192E-03
   1.5492160E+03   6.5200000E+02   5.9500000E+02   2.1050064E-03   1.9968697E-03
   1.5492235E+03   6.2700000E+02   5.8100000E+02   1.1621394E-03   1.2546927E-03
   1.5492311E+03   6.8000000E+02   6.1400000E+02   1.9897094E-03   1.5657096E-03
   1.5492386E+03   6.3600000E+02   5.7500000E+02   6.7206920E-04   3.6772906E-04
   1.5492461E+03   6.8800000E+02   6.1900000E+02   1.6621743E-03   1.0961628E-03
   1.5492536E+03   6.5600000E+02   6.1100000E+02   3.9725450E-04   6.9593198E-04
   1.5492612E+03   6.4900000E+02   5.8600000E+02   9.8392475E-04   1.0798855E-03
   1.5492687E+03   6.8900000E+02   6.2300000E+02   9.2734877E-04   1.0044501E-03
   1.5492762E+03   7.1300000E+02   6.3600000E+02   1.9862218E-03   2.2225690E-03
   1.5492838E+03   6.3900000E+02   5.8400000E+02   9.8601988E-04   6.3161591E-04
   1.5492913E+03   7.0600000E+02   6.4500000E+02   1.2942663E-03   1.1658339E-03
   1.5492988E+03   7.3600000E+02   6.6200000E+02   1.0921840E-03   8.4142570E-04
   1.5493063E+03   7.2900000E+02   6.6200000E+02   1.4915685E-03   1.3177375E-03
   1.5493139E+03   7.4700000E+02   6.6600000E+02   4.4494767E-04   2.2566947E-04
   1.5493214E+03   7.0400000E+02   6.3300000E+02   1.2154259E-03   1.3520271E-03
   1.5493289E+03   7.5500000E+02   6.7500000E+02   1.0337907E-03   1.4398276E-03
   1.5493365E+03   8.0600000E+02   7.0500000E+02   2.4011363E-03   2.0288270E-03
   1.5493440E+03   7.1100000E+02   6.0300000E+02   6.6185777E-04   3.5104972E-04
   1.5493515E+03   7.4200000E+02   6.3500000E+02   8.1596613E-04   6.5200440E-04
   1.5493590E+03   7.6300000E+02   6.7500000E+02   2.0214718E-03   1.8757270E-03
   1.5493666E+03   7.5700000E+02   6.8000000E+02   6.5617059E-04   4.3412331E-04
   1.5493741E+03   7.9700000E+02   6.9300000E+02   8.5131501E-04   9.7887090E-04
   1.5493816E+03   7.5300000E+02   6.7100000E+02   1.9602340E-03   1.4269883E-03
   1.5493892E+03   7.7600000E+02   6.8300000E+02   9.0960320E-04   9.3895710E-04
   1.5493967E+03   7.4100000E+02   6.6600000E+02   1.6166073E-03   1.5937403E-03
   1.5494042E+03   7.2200000E+02   6.3700000E+02   1.2803438E-03   1.7656700E-03
   1.5494117E+03   7.1600000E+02   6.0500000E+02   1.2980246E-03   1.1894642E-03
   1.5494193E+03   7.9500000E+02   6.8100000E+02   2.8396613E-04   4.2958696E-04
   1.5494268E+03   7.9000000E+02   6.8000000E+02   8.8094335E-04   5.7938234E-04
   1.5494343E+03   7.3800000E+02   6.3400000E+02   7.7144227E-04   8.8974876E-04
   1.5494419E+03   7.7200000E+02   6.7600000E+02   2.3980414E-04   2.7917568E-04
   1.5494494E+03   8.3500000E+02   7.1200000E+02   1.1031825E-03   1.5811383E-03
   1.5494569E+03   8.6600000E+02   7.4000000E+02   1.5447778E-03   8.5402521E-04
   1.5494644E+03   8.0500000E+02   6.8200000E+02   1.0821455E-03   1.2922543E-03
   1.5494720E+03   8.2800000E+02   7.1700000E+02   1.4123232E-03   2.0057707E-03
   1.5494795E+03   8.5300000E+02   7.2000000E+02   2.0871446E-03   2.4258957E-03
   1.5494870E+03   8.7300000E+02   7.3300000E+02   1.0805947E-03   8.8980472E-04
   1.5494946E+03   8.5200000E+02   7.2400000E+02   1.5176454E-03   1.6198088E-03
   1.5495021E+03   8.7100000E+02   7.3500000E+02   1.2031839E-03   8.7920459E-04
   1.5495096E+03   8.9600000E+02   7.5200000E+02   6.5091224E-04   4.3827582E-04
   1.5495171E+03   8.4600000E+02   6.8800000E+02   1.2481483E-03   1.1771000E-03
   1.5495247E+03   8.7800000E+02   7.1200000E+02   5.2030077E-04   4.8199132E-04
   1.5495322E+03   9.2000000E+02   7.6200000E+02   1.0357739E-03   1.3217685E-03
   1.5495397E+03   9.0200000E+02   7.4600000E+02   9.6328559E-04   1.1823542E-03
   1.5495473E+03   8.6300000E+02   7.2600000E+02   2.0762586E-03   1.7691980E-03
   1.5495548E+03   9.1600000E+02   7.6200000E+02   1.6793785E-03   7.0939231E-04
   1.5495623E+03   9.4800000E+02   7.7700000E+02   1.0713322E-03   1.7789495E-03
   1.5495698E+03   9.0500000E+02   7.4700000E+02   1.3973283E-03   7.4183251E-04
   1.5495774E+03   9.2700000E+02   7.5000000E+02   1.1464013E-03   1.0430991E-03
   1.5495849E+03   9.6700000E+02   7.9300000E+02   5.3581768E-04   5.6074265E-04
   1.5495924E+03   8.8100000E+02   7.0600000E+02   7.6403082E-04   1.2968646E-03
   1.5496000E+03   8.9200000E+02   7.1400000E+02   1.3731771E-03   1.0445147E-03
   1.5496075E+03   9.0600000E+02   7.2700000E+02   1.7712742E-03   7.0878877E-04
   1.5496150E+03   9.5100000E+02   7.5800000E+02   1.9453000E-04   9.9068049E-04
   1.5496225E+03   9.2600000E+02   7.2900000E+02   1.1257335E-03   1.7750557E-03
   1.5496301E+03   9.7800000E+02   7.5800000E+02   2.3483055E-03   1.5523426E-03
   1.5496376E+03   9.2900000E+02   7.3600000E+02   6.8464066E-04   6.8814369E-04
   1.5496451E+03   9.5700000E+02   7.2900000E+02   1.1560831E-03   2.1867040E-03
   1.5496527E+03   9.5900000E+02   7.3000000E+02   5.7554464E-04   8.9615397E-04
   1.5496602E+03   1.0370000E+03   7.9400000E+02   1.9238651E-03   1.9540860E-03
   1.5496677E+03   9.8500000E+02   7.7000000E+02   3.1911389E-04   6.1074601E-04
   1.5496752E+03   1.0370000E+03   7.8300000E+02   8.0745443E-04   8.8627267E-04
   1.5496828E+03   1.0400000E+03   7.7900000E+02   5.1781750E-04   2.2868168E-03
   1.5496903E+03   1.1010000E+03   8.2700000E+02   1.3366366E-03   1.8673274E-03
   1.5496978E+03   9.6200000E+02   7.4400000E+02   2.1176491E-03   1.9308915E-03
   1.5497053E+03   1.0690000E+03   7.8900000E+02   1.4015549E-03   2.0132326E-03
   1.5497129E+03   1.0390000E+03   8.1600000E+02   2.8869496E-03   3.3887613E-03
   1.5497204E+03   1.1100000E+03   8.4700000E+02   8.0998343E-04   1.6118345E-04
   1.5497279E+03   1.0700000E+03   8.0600000E+02   1.2242768E-03   5.9992924E-04
   1.5497355E+03   1.0890000E+03   8.0700000E+02   1.8981735E-03   1.8206912E-03
   1.5497430E+03   1.0840000E+03   7.9600000E+02   1.2570600E-03   1.1657430E-03
   1.5497505E+03   1.0540000E+03   7.7800000E+02   1.4221225E-03   1.7866204E-03
   1.5497580E+03   1.0250000E+03   7.5200000E+02   1.7576542E-03   1.5606991E-03
   1.5497656E+03   1.1620000E+03   8.5800000E+02   1.5101782E-03   8.5828386E-04
   1.5497731E+03   1.1300000E+03   8.2100000E+02   2.1925636E-03   2.8511395E-03
   1.5497806E+03   1.1910000E+03   8.7000000E+02   7.4926944E-04   4.4692945E-04
   1.5497882E+03   1.1560000E+03   8.2800000E+02   7.3311607E-04   1.0341754E-03
   1.5497957E+03   1.1730000E+03   8.4600000E+02   7.5850832E-04   1.0488843E-03
   1.5498032E+03   1.1340000E+03   7.9600000E+02   6.9513688E-04   1.8679540E-03
   1.5498107E+03   1.1460000E+03   8.2600000E+02   6.6691251E-04   1.0090415E-03
   1.5498183E+03   1.2520000E+03   8.8100000E+02   9.1594948E-04   2.1407455E-03
   1.5498258E+03   1.2130000E+03   8.1900000E+02   2.7576870E-04   8.7724637E-04
   1.5498333E+03   1.1940000E+03   8.1100000E+02   2.0637296E-03   1.4712694E-03
   1.5498409E+03   1.1560000E+03   8.1000000E+02   9.5811247E-04   9.1535952E-04
   1.5498484E+03   1.2200000E+03   8.7500000E+02   1.6508961E-03   2.0001799E-03
   1.5498559E+03   1.2350000E+03   8.4800000E+02   4.3033137E-04   1.4290475E-03
   1.5498634E+03   1.2660000E+03   8.5600000E+02   9.1032111E-04   9.5056193E-04
   1.5498710E+03   1.2420000E+03   8.2100000E+02   3.0766582E-03   2.2856077E-03
   1.5498785E+03   1.2460000E+03   8.4000000E+02   2.0758708E-03   1.4569823E-03
   1.5498860E+03   1.2820000E+03   8.6100000E+02   1.4693421E-03   2.1444690E-03
   1.5498936E+03   1.2500000E+03   8.2700000E+02   9.9247365E-04   2.2856948E-03
   1.5499011E+03   1.2630000E+03   8.1700000E+02   9.3070434E-04   1.6205185E-03
   1.5499086E+03   1.3320000E+03   8.9700000E+02   1.3378340E-03   1.6852968E-03
   1.5499161E+03   1.2500000E+03   8.0800000E+02   1.3255846E-03   4.2545022E-04
   1.5499237E+03   1.2890000E+03   8.3000000E+02   1.0209999E-03   3.8518935E-04
   1.5499312E+03   1.3260000E+03   8.8400000E+02   4.7233223E-04   1.0919174E-03
   1.5499387E+03   1.3520000E+03   8.6900000E+02   1.5339945E-03   5.7503650E-04
   1.5499463E+03   1.3480000E+03   8.6700000E+02   1.0204856E-03   9.1012063E-04
   1.5499538E+03   1.3370000E+03   8.3500000E+02   7.2597426E-04   1.2686100E-03
   1.5499613E+03   1.3490000E+03   8.5100000E+02   1.4631987E-03   1.1404518E-03
   1.5499688E+03   1.3550000E+03   8.6600000E+02   1.5697343E-03   1.6120849E-03
   1.5499764E+03   1.4320000E+03   8.9700000E+02   6.9170496E-04   5.7769914E-04
   1.5499839E+03   1.3540000E+03   8.2300000E+02   1.2484097E-03   2.1570583E-03
   1.5499914E+03   1.3630000E+03   8.5600000E+02   1.0615618E-03   6.3842403E-04
   1.5499990E+03   1.3910000E+03   8.7300000E+02   4.8463833E-04   6.7064936E-04
   1.5500065E+03   1.4890000E+03   9.1900000E+02   1.1508732E-03   6.7329146E-04
   1.5500140E+03   1.4780000E+03   9.1600000E+02   5.7349150E-04   1.0539020E-03
   1.5500215E+03   1.4430000E+03   9.2800000E+02   6.7498130E-04   3.8974368E-04
   1.5500291E+03   1.3610000E+03   8.2600000E+02   1.4233950E-04   7.6551308E-04
   1.5500366E+03   1.4740000E+03   9.0500000E+02   1.9285979E-03   1.9592206E-03
   1.5500441E+03   1.4840000E+03   9.4900000E+02   3.2397475E-04   9.1654869E-04
   1.5500517E+03   1.4720000E+03   9.0100000E+02   1.6847034E-03   1.8680169E-03
   1.5500592E+03   1.4970000E+03   9.2400000E+02   1.3717971E-03   2.4350686E-03
   1.5500667E+03   1.5010000E+03   9.0200000E+02   1.2066573E-03   2.7357413E-03
   1.5500742E+03   1.5640000E+03   9.2200000E+02   1.4328538E-04   5.4836028E-04
   1.5500818E+03   1.5160000E+03   8.9100000E+02   9.1425358E-04   1.2838866E-03
   1.5500893E+03   1.5420000E+03   9.2100000E+02   1.1827727E-03   1.7549086E-03
   1.5500968E+03   1.5240000E+03   8.9100000E+02   6.0530977E-04   1.2485573E-03
   1.5501044E+03   1.5090000E+03   9.1500000E+02   1.2836725E-03   2.0989555E-03
   1.5501119E+03   1.5830000E+03   9.1200000E+02   4.5775816E-04   1.4707811E-03
   1.5501194E+03   1.4980000E+03   8.9000000E+02   6.1598080E-04   1.6903518E-03
   1.5501269E+03   1.5780000E+03   8.9100000E+02   9.9080839E-04   7.2213861E-04
   1.5501345E+03   1.5750000E+03   8.9600000E+02   6.5932951E-04   9.8203697E-04
   1.5501420E+03   1.5680000E+03   9.4600000E+02   8.1973033E-04   8.1737822E-04
   1.5501495E+03   1.5330000E+03   8.9100000E+02   7.8037524E-04   8.9530189E-04
   1.5501571E+03   1.5840000E+03   9.2200000E+02   3.0525775E-04   8.9109193E-04
   1.5501646E+03   1.5720000E+03   9.0300000E+02   1.0783354E-03   5.4534192E-04
   1.5501721E+03   1.6570000E+03   9.4500000E+02   4.5875967E-04   1.3162531E-03
   1.5501796E+03   1.6410000E+03   9.3100000E+02   1.3970464E-03   2.0127097E-03
   1.5501872E+03   1.6680000E+03   9.5300000E+02   1.4465889E-03   1.9439898E-03
   1.5501947E+03   1.6010000E+03   9.2600000E+02   1.6530995E-03   1.9024569E-03
   1.5502022E+03   1.6260000E+03   9.3300000E+02   2.4161429E-04   3.4324546E-04
   1.5502097E+03   1.6230000E+03   9.2100000E+02   5.5379268E-04   6.3151390E-04
   1.5502173E+03   1.6070000E+03   9.4500000E+02   1.0600881E-03   1.5251030E-03
   1.5502248E+03   1.6830000E+03   9.7500000E+02   1.1671082E-03   2.6846129E-03
   1.5502323E+03   1.5590000E+03   8.9800000E+02   7.8416767E-04   6.9760370E-04
   1.5502399E+03   1.6370000E+03   9.5400000E+02   3.2814201E-04   2.2324481E-03
   1.5502474E+03   1.6730000E+03   9.3600000E+02   1.5205824E-03   2.0503083E-03
   1.5502549E+03   1.6750000E+03   9.5000000E+02   7.6474628E-04   5.1504208E-04
   1.5502624E+03   1.7160000E+03   9.6300000E+02   5.7775198E-04   1.0578681E-03
   1.5502700E+03   1.6610000E+03   9.7300000E+02   8.6922103E-04   1.6865876E-03
   1.5502775E+03   1.7140000E+03   9.7500000E+02   5.7432456E-04   1.0616095E-03
   1.5502850E+03   1.6660000E+03   9.3900000E+02   6.4983065E-04   9.7105661E-04
   1.5502926E+03   1.6470000E+03   9.4500000E+02   9.8684923E-04   1.4938939E-03
   1.5503001E+03   1.7260000E+03   1.0210000E+03   2.0705280E-04   6.1656542E-04
   1.5503076E+03   1.7400000E+03   1.0070000E+03   9.5214787E-04   9.9583318E-04
   1.5503151E+03   1.6760000E+03   9.3700000E+02   2.9528062E-04   8.2470656E-04
   1.5503227E+03   1.6550000E+03   9.4000000E+02   5.5885880E-04   4.0547573E-04
   1.5503302E+03   1.7000000E+03   9.4700000E+02   4.1858396E-04   3.1271981E-04
   1.5503377E+03   1.6970000E+03   9.3000000E+02   4.1544727E-04   1.7041575E-03
   1.5503453E+03   1.7200000E+03   9.8200000E+02   2.8929426E-04   1.8445924E-03
   1.5503528E+03   1.7730000E+03   9.7300000E+02   1.2644145E-03   1.6890132E-03
   1.5503603E+03   1.7290000E+03   9.7300000E+02   8.5764407E-04   1.3757273E-03
   1.5503678E+03   1.6360000E+03   9.0800000E+02   1.4885021E-03   1.6588450E-03
   1.5503754E+03   1.7160000E+03   9.7300000E+02   1.1315057E-03   1.5628016E-03
   1.5503829E+03   1.7360000E+03   9.4400000E+02   6.7638050E-04   9.0131311E-04
   1.5503904E+03   1.7460000E+03   9.9900000E+02   2.4803732E-04   9.8870067E-04
   1.5503980E+03   1.7150000E+03   9.5200000E+02   8.8319840E-04   2.4749335E-03
   1.5504055E+03   1.8210000E+03   1.0230000E+03   1.0163973E-03   9.1964393E-04
   1.5504130E+03   1.7610000E+03   9.9400000E+02   6.7958245E-04   9.3162011E-04
   1.5504205E+03   1.7330000E+03   9.5000000E+02   1.5033913E-03   1.7752758E-03
   1.5504281E+03   1.7760000E+03   1.0060000E+03   8.2672556E-04   1.7443179E-03
   1.5504356E+03   1.7430000E+03   1.0110000E+03   7.0132879E-04   5.5701323E-04
   1.5504431E+03   1.7250000E+03   9.7200000E+02   3.4487142E-04   8.5426536E-04
   1.5504507E+03   1.7270000E+03   9.6800000E+02   1.5397599E-03   1.0609729E-03
   1.5504582E+03   1.7250000E+03   9.4700000E+02   9.5053420E-04   7.6446722E-04
   1.5504657E+03   1.7540000E+03   9.9100000E+02   6.5658310E-04   1.6319515E-03
   1.5504732E+03   1.6600000E+03   9.2100000E+02   4.8726529E-04   7.6043942E-04
   1.5504808E+03   1.7190000E+03   9.9300000E+02   1.2243453E-03   2.1119952E-03
   1.5504883E+03   1.7230000E+03   1.0040000E+03   1.1388777E-03   1.7483963E-03
   1.5504958E+03   1.7480000E+03   1.0150000E+03   1.4942333E-03   2.8713701E-03
   1.5505034E+03   1.7960000E+03   1.0200000E+03   1.0864930E-03   9.1422734E-04
   1.5505109E+03   1.6850000E+03   9.3900000E+02   3.1189588E-04   9.5426658E-04
   1.5505184E+03   1.7460000E+03   9.8800000E+02   1.6098336E-03   1.4888340E-03
   1.5505259E+03   1.6940000E+03   9.3400000E+02   6.4526241E-04   6.3526186E-04
   1.5505335E+03   1.7170000E+03   9.5700000E+02   1.4034701E-03   2.7014435E-03
   1.5505410E+03   1.7000000E+03   9.4900000E+02   1.4360268E-03   2.5000239E-03
   1.5505485E+03   1.8140000E+03   1.0590000E+03   1.1911712E-03   1.5179048E-03
   1.5505561E+03   1.7270000E+03   1.0010000E+03   5.2863722E-04   1.5501978E-03
   1.5505636E+03   1.7520000E+03   9.8200000E+02   1.1325065E-03   1.5879168E-03
   1.5505711E+03   1.7660000E+03   1.0370000E+03   1.3957586E-03   2.0851526E-03
   1.5505786E+03   1.7960000E+03   9.9800000E+02   5.8633223E-04   1.1606874E-03
   1.5505862E+03   1.6940000E+03   9.5000000E+02   2.7476089E-05   8.1767348E-04
   1.5505937E+03   1.8490000E+03   1.0420000E+03   5.2316361E-04   5.0011131E-04
   1.5506012E+03   1.7910000E+03   1.0190000E+03   6.5222007E-04   6.9620636E-04
   1.5506087E+03   1.7800000E+03   1.0010000E+03   9.4595228E-04   1.6898461E-03
   1.5506163E+03   1.8280000E+03   1.0260000E+03   8.6446020E-04   1.2425783E-03
   1.5506238E+03   1.7480000E+03   9.4100000E+02   1.9013665E-03   2.1876926E-03
   1.5506313E+03   1.7330000E+03   9.4800000E+02   6.8264708E-04   1.1478665E-03
   1.5506389E+03   1.7390000E+03   9.7800000E+02   6.3402571E-04   1.2492824E-03
   1.5506464E+03   1.7290000E+03   9.6000000E+02   1.2543394E-03   1.7068465E-03
   1.5506539E+03   1.7270000E+03   9.7200000E+02   4.0152971E-04   8.1758550E-04
   1.5506614E+03   1.7230000E+03   9.5000000E+02   1.0066196E-03   1.1175586E-03
   1.5506690E+03   1.6990000E+03   9.8000000E+02   5.7258186E-04   1.2111569E-03
   1.5506765E+03   1.8550000E+03   1.0330000E+03   5.6006435E-04   1.2629001E-03
   1.5506840E+03   1.7570000E+03   1.0020000E+03   1.3106526E-03   1.5733598E-03
   1.5506916E+03   1.8040000E+03   1.0030000E+03   6.6925561E-04   1.6753097E-03
   1.5506991E+03   1.7470000E+03   1.0200000E+03   7.0659588E-04   1.5697468E-03
   1.5507066E+03   1.7330000E+03   9.7200000E+02   1.8272068E-04   6.0579553E-04
   1.5507141E+03   1.7680000E+03   1.0230000E+03   6.8391256E-04   8.1610133E-04
   1.5507217E+03   1.7670000E+03   9.8500000E+02   1.4600378E-03   1.2289652E-03
   1.5507292E+03   1.8260000E+03   1.0210000E+03   1.1462691E-03   1.9057884E-03
   1.5507367E+03   1.8260000E+03   1.0570000E+03   1.7017037E-03   2.2858700E-03
   1.5507443E+03   1.7760000E+03   1.0160000E+03   8.6663451E-04   1.3792855E-03
   1.5507518E+03   1.7460000E+03   1.0050000E+03   1.1918397E-03   1.7818461E-03
   1.5507593E+03   1.7420000E+03   9.9600000E+02   5.1526620E-04   9.9168401E-04
   1.5507668E+03   1.7370000E+03   9.6600000E+02   1.8878936E-03   2.5384083E-03
   1.5507744E+03   1.6930000E+03   9.6400000E+02   5.0180272E-04   1.1260719E-04
   1.5507819E+03   1.6850000E+03   9.2600000E+02   2.4037825E-04   1.5265786E-03
   1.5507894E+03   1.7650000E+03   9.9300000E+02   5.3552733E-04   3.5455090E-04
   1.5507970E+03   1.7980000E+03   1.0080000E+03   5.9214383E-05   1.1281845E-03
   1.5508045E+03   1.7150000E+03   9.4400000E+02   1.5634836E-03   1.3030000E-03
   1.5508120E+03   1.7640000E+03   1.0040000E+03   7.9362294E-04   1.5172050E-03
   1.5508195E+03   1.7240000E+03   1.0070000E+03   3.4701154E-04   7.2908725E-04
   1.5508271E+03   1.7610000E+03   1.0060000E+03   3.3062229E-04   1.0475294E-04
   1.5508346E+03   1.7580000E+03   9.8000000E+02   7.9441340E-04   5.8247507E-04
   1.5508421E+03   1.8300000E+03   1.0310000E+03   5.2473419E-04   2.7176644E-04
   1.5508497E+03   1.7320000E+03   9.6500000E+02   7.2026704E-04   1.1030073E-03
   1.5508572E+03   1.7150000E+03   9.9200000E+02   8.1487418E-04   2.1341411E-03
   1.5508647E+03   1.7400000E+03   1.0430000E+03   1.0671414E-03   1.5007942E-03
   1.5508722E+03   1.7660000E+03   1.0180000E+03   1.4085031E-03   1.6031255E-03
   1.5508798E+03   1.7680000E+03   1.0210000E+03   4.6447778E-04   6.8079574E-04
   1.5508873E+03   1.8360000E+03   1.0700000E+03   1.6464733E-03   2.2909180E-03
   1.5508948E+03   1.7280000E+03   9.4600000E+02   8.9421789E-04   5.9921186E-04
   1.5509024E+03   1.7760000E+03   1.0300000E+03   4.5683954E-04   2.0937551E-04
   1.5509099E+03   1.7650000E+03   9.9400000E+02   4.1239277E-04   8.5550734E-04
   1.5509174E+03   1.7810000E+03   1.0110000E+03   6.4026496E-04   8.5282547E-04
   1.5509249E+03   1.7420000E+03   9.6200000E+02   7.2337144E-04   1.3011989E-03
   1.5509325E+03   1.8000000E+03   9.8500000E+02   9.3327989E-04   2.5932450E-03
   1.5509400E+03   1.7720000E+03   9.8300000E+02   1.1322557E-03   1.5934813E-03
   1.5509475E+03   1.7870000E+03   9.8800000E+02   1.3148232E-03   1.8406951E-03
   1.5509551E+03   1.7380000E+03   1.0200000E+03   2.9635344E-04   8.9334204E-04
   1.5509626E+03   1.6490000E+03   9.0900000E+02   1.2564803E-03   1.4350757E-03
   1.5509701E+03   1.7650000E+03   1.0360000E+03   1.1719501E-03   1.6662885E-03
   1.5509776E+03   1.8310000E+03   1.0710000E+03   8.7653443E-04   9.3560571E-04
   1.5509852E+03   1.7230000E+03   9.7500000E+02   1.3005700E-03   1.0952911E-03
   1.5509927E+03   1.7240000E+03   9.7500000E+02   1.2021006E-03   1.8974229E-03
   1.5510002E+03   1.7850000E+03   1.0110000E+03   4.1103280E-04   2.6496756E-04
   1.5510078E+03   1.8080000E+03   1.0240000E+03   1.5711875E-04   9.4194749E-04
   1.5510153E+03   1.7040000E+03   9.5400000E+02   9.1833611E-04   1.2113726E-03
   1.5510228E+03   1.7150000E+03   9.6400000E+02   8.4605421E-04   1.3070712E-03
   1.5510303E+03   1.6550000E+03   9.5100000E+02   1.2780404E-03   1.1740878E-03
   1.5510379E+03   1.8220000E+03   1.0320000E+03   6.8145805E-04   1.1793466E-03
   1.5510454E+03   1.7480000E+03   1.0080000E+03   9.7768850E-04   1.4165564E-03
   1.5510529E+03   1.7760000E+03   9.9400000E+02   7.0358826E-04   4.5667828E-04
   1.5510604E+03   1.8120000E+03   9.8300000E+02   1.3968558E-03   2.7560095E-03
   1.5510680E+03   1.7700000E+03   9.8500000E+02   7.9489482E-04   9.9645793E-04
   1.5510755E+03   1.7120000E+03   9.5400000E+02   7.6272656E-04   2.0753038E-04
   1.5510830E+03   1.7720000E+03   9.9100000E+02   9.7513238E-04   1.1843939E-03
   1.5510906E+03   1.8340000E+03   1.0150000E+03   2.5112241E-04   7.9378437E-04
   1.5510981E+03   1.7950000E+03   1.0490000E+03   2.1433454E-04   3.6359729E-04
   1.5511056E+03   1.7320000E+03   9.9500000E+02   3.8848089E-04   1.2117596E-03
   1.5511131E+03   1.7800000E+03   9.8000000E+02   5.1858655E-04   8.9396676E-04
   1.5511207E+03   1.7640000E+03   1.0030000E+03   1.2940644E-03   1.3743647E-03
   1.5511282E+03   1.8720000E+03   1.0480000E+03   7.1238727E-04   1.6737626E-03
   1.5511357E+03   1.7370000E+03   9.8600000E+02   1.2223931E-03   1.6671529E-03
   1.5511433E+03   1.7650000E+03   9.8300000E+02   4.0093021E-04   3.3830366E-04
   1.5511508E+03   1.7940000E+03   1.0020000E+03   6.3545596E-04   5.6128129E-04
   1.5511583E+03   1.8310000E+03   1.0120000E+03   5.4067502E-04   3.9389618E-04
   1.5511658E+03   1.7350000E+03   9.9700000E+02   7.3007640E-04   1.4711615E-03
   1.5511734E+03   1.7160000E+03   9.5600000E+02   1.8793314E-04   3.2771435E-04
   1.5511809E+03   1.7340000E+03   9.9400000E+02   9.5281804E-04   1.1372831E-03
   1.5511884E+03   1.7070000E+03   9.6500000E+02   1.1255741E-03   7.3105627E-04
   1.5511960E+03   1.8390000E+03   1.0810000E+03   3.7528228E-04   3.2758179E-04
   1.5512035E+03   1.7220000E+03   9.7200000E+02   1.2481612E-03   1.2905209E-03
   1.5512110E+03   1.7220000E+03   9.7000000E+02   1.2976755E-03   1.4225811E-03
   1.5512185E+03   1.7540000E+03   9.8200000E+02   2.1594331E-04   2.0169824E-04
   1.5512261E+03   1.7420000E+03   1.0000000E+03   5.8055312E-04   9.6785172E-04
   1.5512336E+03   1.7830000E+03   9.8400000E+02   2.5980177E-04   9.7258647E-04
   1.5512411E+03   1.6760000E+03   9.1100000E+02   5.4260097E-04   7.3215385E-04
   1.5512487E+03   1.7200000E+03   9.6600000E+02   8.5498039E-04   1.8402012E-03
   1.5512562E+03   1.7540000E+03   1.0310000E+03   1.0165095E-03   8.5488975E-04
   1.5512637E+03   1.7490000E+03   9.9500000E+02   4.8047491E-04   4.5076668E-04
   1.5512712E+03   1.7500000E+03   9.3600000E+02   1.7863535E-04   6.5670004E-04
   1.5512788E+03   1.7850000E+03   1.0340000E+03   6.1943888E-04   1.4621280E-03
   1.5512863E+03   1.7230000E+03   9.4800000E+02   5.8678693E-04   9.2763608E-04
   1.5512938E+03   1.7610000E+03   9.8400000E+02   5.8150364E-04   9.6057199E-04
   1.5513014E+03   1.7020000E+03   9.6300000E+02   5.0192228E-04   8.8709797E-04
   1.5513089E+03   1.7690000E+03   9.7700000E+02   1.2128518E-03   2.0677741E-03
   1.5513164E+03   1.7700000E+03   9.9300000E+02   1.0904862E-03   2.5524001E-03
   1.5513239E+03   1.8010000E+03   9.9100000E+02   5.0627544E-04   2.3399733E-04
   1.5513315E+03   1.8040000E+03   1.0540000E+03   9.4962635E-04   1.3108960E-03
   1.5513390E+03   1.7760000E+03   9.5300000E+02   5.1539226E-04   5.2339744E-04
   1.5513465E+03   1.8010000E+03   1.0040000E+03   5.0216048E-04   1.1145935E-03
   1.5513541E+03   1.7720000E+03   1.0130000E+03   8.1767167E-04   1.0190060E-03
   1.5513616E+03   1.7700000E+03   1.0020000E+03   3.3013073E-04   7.4263860E-04
   1.5513691E+03   1.7130000E+03   9.5800000E+02   6.1704281E-04   2.9027227E-04
   1.5513766E+03   1.7410000E+03   1.0000000E+03   1.7138356E-04   1.1606256E-03
   1.5513842E+03   1.7680000E+03   9.6100000E+02   6.1736526E-04   8.8832115E-04
   1.5513917E+03   1.7310000E+03   1.0090000E+03   3.0485836E-04   1.0019344E-03
   1.5513992E+03   1.7110000E+03   9.6100000E+02   5.0080160E-04   6.9684790E-04
   1.5514068E+03   1.7540000E+03   9.7100000E+02   8.7599825E-05   4.1610652E-04
   1.5514143E+03   1.6660000E+03   9.3300000E+02   2.8353305E-04   8.0343825E-04
   1.5514218E+03   1.7340000E+03   9.3300000E+02   4.7202194E-04   8.4620261E-04
   1.5514293E+03   1.8330000E+03   1.0590000E+03   1.7231128E-04   4.4178974E-04
   1.5514369E+03   1.7310000E+03   9.5800000E+02   3.7748272E-04   6.2912706E-04
   1.5514444E+03   1.7440000E+03   9.5300000E+02   9.8073764E-04   1.7947807E-03
   1.5514519E+03   1.7820000E+03   9.8900000E+02   3.3919060E-04   3.9586595E-04
   1.5514595E+03   1.7240000E+03   9.3300000E+02   7.8403177E-04   6.4756963E-04
   1.5514670E+03   1.7880000E+03   9.6800000E+02   3.7959534E-04   6.2223675E-04
   1.5514745E+03   1.7700000E+03   9.7800000E+02   4.1702385E-04   5.3902800E-04
   1.5514820E+03   1.6430000E+03   9.1100000E+02   3.2369208E-04   4.2305963E-04
   1.5514896E+03   1.8130000E+03   9.9000000E+02   3.2038109E-04   4.3032649E-04
   1.5514971E+03   1.6840000E+03   9.3100000E+02   8.4505649E-04   1.1115256E-03
   1.5515046E+03   1.6860000E+03   9.4100000E+02   2.7521183E-04   4.9315444E-04
   1.5515122E+03   1.7450000E+03   9.4700000E+02   1.0103483E-03   1.0006136E-03
   1.5515197E+03   1.6150000E+03   8.8800000E+02   6.2214959E-04   1.0155876E-03
   1.5515272E+03   1.7960000E+03   1.0070000E+03   2.5467141E-04   2.9457775E-04
   1.5515347E+03   1.7430000E+03   9.8200000E+02   2.9644243E-04   1.9836375E-05
   1.5515423E+03   1.7370000E+03   9.1400000E+02   2.1720296E-04   3.8756244E-04
   1.5515498E+03   1.7270000E+03   9.4700000E+02   4.6341325E-04   6.7324233E-04
   1.5515573E+03   1.7540000E+03   9.5400000E+02   3.2175043E-04   2.3988403E-04
   1.5515648E+03   1.7020000E+03   9.3900000E+02   4.0140259E-04   5.1411791E-04
   1.5515724E+03   1.7410000E+03   9.8300000E+02   1.8272003E-04   3.5462697E-04
   1.5515799E+03   1.7270000E+03   9.0400000E+02   3.1869081E-04   6.7936887E-04
   1.5515874E+03   1.6990000E+03   8.8200000E+02   4.2822805E-04   5.5792619E-04
   1.5515950E+03   1.6770000E+03   9.3700000E+02   5.0803390E-04   8.4931802E-04
   1.5516025E+03   1.7230000E+03   9.2100000E+02   5.1767146E-04   9.6846902E-04
   1.5516100E+03   1.7340000E+03   9.6200000E+02   4.3849827E-04   4.2254643E-04
   1.5516175E+03   1.7140000E+03   8.7500000E+02   3.5975075E-04   2.4274719E-04
   1.5516251E+03   1.7350000E+03   9.7400000E+02   2.6555371E-04   1.8830714E-04
   1.5516326E+03   1.6780000E+03   8.8600000E+02   7.4378553E-05   8.0360390E-05
   1.5516401E+03   1.6920000E+03   9.0000000E+02   7.8969827E-05   6.8800524E-04
   1.5516477E+03   1.7110000E+03   9.4300000E+02   6.7534708E-04   4.0527388E-04
   1.5516552E+03   1.6830000E+03   8.7200000E+02   4.6917287E-04   1.8037918E-04
   1.5516627E+03   1.6180000E+03   8.8900000E+02   1.3164978E-04   4.0142915E-04
   1.5516702E+03   1.7160000E+03   8.9000000E+02   6.5228264E-04   3.7473023E-04
   1.5516778E+03   1.6650000E+03   8.9100000E+02   5.5640394E-04   1.0382628E-03
   1.5516853E+03   1.7060000E+03   9.0900000E+02   3.7629534E-04   7.0591978E-04
   1.5516928E+03   1.7530000E+03   9.4300000E+02   1.2254388E-04   8.4708192E-05
   1.5517004E+03   1.6780000E+03   8.5800000E+02   5.6578332E-04   1.1063213E-03
   1.5517079E+03   1.6490000E+03   8.8800000E+02   2.6408932E-04   8.9616244E-05
   1.5517154E+03   1.5890000E+03   8.3100000E+02   4.9330826E-04   9.4323747E-04
   1.5517229E+03   1.6790000E+03   9.1600000E+02   2.6348869E-04   2.1135519E-04
   1.5517305E+03   1.6410000E+03   8.8800000E+02   4.6068737E-04   4.5153390E-04
   1.5517380E+03   1.7080000E+03   9.7300000E+02   2.9218173E-04   4.9090888E-04
   1.5517455E+03   1.6770000E+03   8.9100000E+02   3.9560662E-04   7.4455545E-04
   1.5517531E+03   1.6450000E+03   8.9300000E+02   4.7914967E-04   5.4518670E-04
   1.5517606E+03   1.7200000E+03   9.1200000E+02   3.9833788E-04   5.5170603E-04
   1.5517681E+03   1.7550000E+03   9.2800000E+02   8.3556149E-04   4.7783065E-04
   1.5517756E+03   1.7780000E+03   9.5900000E+02   1.2809443E-04   1.9286175E-04
   1.5517832E+03   1.6830000E+03   8.6700000E+02   2.6753048E-04   5.3559727E-04
   1.5517907E+03   1.6870000E+03   9.4800000E+02   5.9090268E-04   7.0711800E-04
   1.5517982E+03   1.7090000E+03   9.1700000E+02   2.1849347E-04   4.0760743E-04
   1.5518058E+03   1.7060000E+03   9.0700000E+02   6.7919100E-04   6.1619239E-04
   1.5518133E+03   1.6530000E+03   8.6400000E+02   2.9044882E-04   5.5575899E-04
   1.5518208E+03   1.6180000E+03   8.6900000E+02   2.3484817E-04   3.6230376E-04
   1.5518283E+03   1.6560000E+03   8.8100000E+02   1.8349338E-04   1.5084290E-04
   1.5518359E+03   1.6990000E+03   8.8500000E+02   2.1848095E-04   6.5509858E-04
   1.5518434E+03   1.6250000E+03   8.6400000E+02   8.3591219E-05   2.1535499E-04
   1.5518509E+03   1.7960000E+03   9.3400000E+02   1.7663452E-04   1.1044994E-04
   1.5518585E+03   1.6460000E+03   8.2500000E+02   2.9446615E-04   5.8887364E-04
   1.5518660E+03   1.6320000E+03   8.6100000E+02   5.9704680E-04   5.7962262E-04
   1.5518735E+03   1.5970000E+03   8.2900000E+02   5.5339379E-04   1.7447273E-04
   1.5518810E+03   1.6290000E+03   8.2900000E+02   2.4823134E-04   4.8806288E-04
   1.5518886E+03   1.5950000E+03   8.6100000E+02   4.5108305E-04   5.1310243E-04
   1.5518961E+03   1.5800000E+03   8.3400000E+02   3.4461360E-04   4.1148067E-04
   1.5519036E+03   1.6640000E+03   8.9400000E+02   2.5904741E-06   4.8287794E-06
   1.5519112E+03   1.6480000E+03   8.7500000E+02   3.7364421E-04   7.0333495E-04
   1.5519187E+03   1.7240000E+03   8.9500000E+02   1.7001597E-04   3.2750525E-04
   1.5519262E+03   1.6680000E+03   8.1400000E+02   3.0681095E-04   6.2806331E-04
   1.5519337E+03   1.7230000E+03   9.1400000E+02   4.5720521E-04   7.4011162E-04
   1.5519413E+03   1.6310000E+03   8.4800000E+02   2.6562559E-04   5.1140298E-04
   1.5519488E+03   1.6350000E+03   8.5300000E+02   9.7493340E-05   2.7546031E-06
   1.5519563E+03   1.6010000E+03   8.2200000E+02   6.8550842E-05   1.3244167E-04
   1.5519638E+03   1.6760000E+03   8.6000000E+02   4.6196393E-04   7.0027894E-04
   1.5519714E+03   1.5600000E+03   8.0600000E+02   1.8977081E-04   3.6746290E-04
   1.5519789E+03   1.6270000E+03   7.9900000E+02   1.9156991E-04   8.4236856E-05
   1.5519864E+03   1.6280000E+03   8.4600000E+02   1.8633454E-04   6.0737588E-06
   1.5519940E+03   1.6100000E+03   8.5900000E+02   2.9880532E-04   5.5979848E-04
   1.5520015E+03   1.6040000E+03   7.9300000E+02   9.1303182E-05   1.8480109E-04
   1.5520090E+03   1.5840000E+03   7.9600000E+02   8.9676289E-05   1.7916114E-04
   1.5520165E+03   1.5600000E+03   7.9000000E+02   8.6592199E-05   1.7135688E-04
   1.5520241E+03   1.5480000E+03   7.9100000E+02   5.2844523E-06   1.0357457E-05
   1.5520316E+03   1.5920000E+03   8.0100000E+02   2.0265904E-04   4.7148315E-05
   1.5520391E+03   1.6520000E+03   8.6600000E+02   3.3067796E-06   6.2731324E-06
   1.5520467E+03   1.5670000E+03   7.9400000E+02   1.9925003E-04   3.9334503E-04
   1.5520542E+03   1.5450000E+03   7.3900000E+02   5.0759589E-05   1.0585976E-04
   1.5520617E+03   1.5620000E+03   8.2000000E+02   2.7732091E-04   4.9637835E-04
   1.5520692E+03   1.5760000E+03   7.4400000E+02   3.9732592E-06   8.5083305E-06
   1.5520768E+03   1.4870000E+03   7.3600000E+02   3.1210186E-04   6.3065305E-04
   1.5520843E+03   1.5810000E+03   7.5000000E+02   6.4801643E-05   1.3676851E-04
   1.5520918E+03   1.5710000E+03   7.9700000E+02   2.3330487E-04   4.6010498E-04
   1.5520994E+03   1.5220000E+03   7.7700000E+02   6.0533168E-06   1.1894672E-05
   1.5521069E+03   1.5690000E+03   7.6900000E+02   1.5330338E-06   3.1626808E-06
   1.5521144E+03   1.5500000E+03   7.5200000E+02   2.5168603E-04   5.1883580E-04
   1.5521219E+03   1.6420000E+03   8.2800000E+02   9.8743001E-06   1.9567441E-05
   1.5521295E+03   1.6690000E+03   8.1600000E+02   1.6956084E-06   3.4808407E-06
   1.5521370E+03   1.4950000E+03   7.4200000E+02   7.9654348E-06   1.5949904E-05
   1.5521445E+03   1.5000000E+03   7.6400000E+02   2.4768638E-04   4.8634712E-04
   1.5521521E+03   1.5770000E+03   7.5400000E+02   4.0323451E-06   8.4809346E-06
   1.5521596E+03   1.5120000E+03   7.5100000E+02   7.7442190E-05   1.5589539E-04
   1.5521671E+03   1.5480000E+03   7.6000000E+02   8.5864393E-06   1.7205218E-05
   1.5521746E+03   1.5890000E+03   7.8200000E+02   1.4350672E-04   1.0510445E-05
   1.5521822E+03   1.5210000E+03   7.2400000E+02   3.0967415E-04   6.5287153E-04
   1.5521897E+03   1.5210000E+03   7.4700000E+02   2.1751000E-06   4.0703593E-06
   1.5521972E+03   1.5070000E+03   7.4900000E+02   9.8083927E-05   1.9733670E-04
   1.5522048E+03   1.4980000E+03   7.0800000E+02   1.2642899E-04   2.6739472E-04
   1.5522123E+03   1.5260000E+03   7.4700000E+02   3.6960513E-05   7.5555198E-05
   1.5522198E+03   1.5310000E+03   7.1000000E+02   3.6172884E-06   7.9050216E-06
   1.5522273E+03   1.4850000E+03   7.2100000E+02   2.1380474E-06   4.3902592E-06
   1.5522349E+03   1.4610000E+03   7.3300000E+02   1.6019158E-04   3.1892775E-04
   1.5522424E+03   1.5350000E+03   7.4200000E+02   1.3998364E-06   2.5727807E-06
   1.5522499E+03   1.5130000E+03   7.3900000E+02   6.9050140E-06   1.3931031E-05
   1.5522575E+03   1.4810000E+03   6.8700000E+02   5.8201808E-07   1.6723353E-06
   1.5522650E+03   1.5140000E+03   7.2400000E+02   1.4654671E-06   3.0882443E-06
   1.5522725E+03   1.5430000E+03   6.9700000E+02   1.7448518E-04   3.8632653E-04
   1.5522800E+03   1.5250000E+03   7.1300000E+02   2.0149188E-06   4.5274347E-06
   1.5522876E+03   1.5080000E+03   7.2600000E+02   4.3434320E-04   9.0135116E-04
   1.5522951E+03   1.5440000E+03   7.8500000E+02   6.7385097E-05   1.3564004E-04
   1.5523026E+03   1.4990000E+03   7.2100000E+02   8.4071633E-06   1.8419018E-05
   1.5523102E+03   1.4560000E+03   7.0600000E+02   1.8792160E-04   3.8744986E-04
   1.5523177E+03   1.4700000E+03   6.7800000E+02   2.5401181E-04   5.5058137E-04
   1.5523252E+03   1.4730000E+03   6.7200000E+02   4.9121711E-04   1.0765423E-03
   1.5523327E+03   1.4230000E+03   6.9800000E+02   8.8378348E-07   1.5016577E-06
   1.5523403E+03   1.4050000E+03   6.3500000E+02   1.8640799E-04   4.1283325E-04
   1.5523478E+03   1.4570000E+03   6.6900000E+02   2.9698476E-06   7.6092041E-06
   1.5523553E+03   1.4600000E+03   6.8400000E+02   3.7123640E-04   2.5306539E-04
   1.5523629E+03   1.4340000E+03   6.5600000E+02   2.7181118E-04   5.9434642E-04
   1.5523704E+03   1.5190000E+03   7.2400000E+02   2.5384223E-04   5.3256688E-04
   1.5523779E+03   1.4620000E+03   6.9500000E+02   2.3164111E-04   4.8715661E-04
   1.5523854E+03   1.4650000E+03   6.7500000E+02   2.6154173E-04   5.6641661E-04
   1.5523930E+03   1.4730000E+03   6.9400000E+02   2.5506772E-06   5.1787801E-06
   1.5524005E+03   1.4610000E+03   6.6800000E+02   7.6533614E-07   2.2587353E-06
   1.5524080E+03   1.3740000E+03   6.2400000E+02   1.5942524E-06   3.8572899E-06
   1.5524155E+03   1.3770000E+03   6.0800000E+02   7.8927855E-06   1.7514923E-05
   1.5524231E+03   1.4390000E+03   6.8100000E+02   3.6128173E-06   7.6553206E-06
   1.5524306E+03   1.4200000E+03   6.7700000E+02   1.1967095E-04   2.5092321E-04
   1.5524381E+03   1.3980000E+03   6.5000000E+02   5.3068088E-06   1.1308168E-05
   1.5524457E+03   1.4190000E+03   6.5600000E+02   1.6033451E-06   3.4439313E-06
   1.5524532E+03   1.4180000E+03   6.2500000E+02   6.0445110E-07   1.2060863E-06
   1.5524607E+03   1.4610000E+03   6.2700000E+02   3.8590196E-06   9.3440623E-06
   1.5524682E+03   1.4420000E+03   6.6200000E+02   8.5985878E-07   1.8955354E-06
   1.5524758E+03   1.4320000E+03   6.5000000E+02   2.6271729E-06   5.6775247E-06
   1.5524833E+03   1.4280000E+03   6.4300000E+02   6.3504944E-06   1.4833646E-05
   1.5524908E+03   1.3410000E+03   6.3400000E+02   4.2243432E-05   8.9136763E-05
   1.5524984E+03   1.4500000E+03   6.7900000E+02   1.4922275E-05   3.1806066E-05
   1.5525059E+03   1.3810000E+03   6.4500000E+02   1.0755720E-04   2.3048010E-04
   1.5525134E+03   1.4440000E+03   6.5700000E+02   1.6156799E-04   3.5513979E-04
   1.5525209E+03   1.4610000E+03   6.4100000E+02   1.5030859E-05   3.4193587E-05
   1.5525285E+03   1.4030000E+03   6.2200000E+02   1.1129303E-04   2.5152514E-04
   1.5525360E+03   1.3870000E+03   6.0200000E+02   1.5133208E-06   4.1291737E-06
   1.5525435E+03   1.4320000E+03   6.3300000E+02   5.2867622E-06   1.1795184E-05
   1.5525511E+03   1.4080000E+03   5.7200000E+02   3.5772546E-07   9.6144192E-07
   1.5525586E+03   1.4070000E+03   6.2700000E+02   4.4256214E-04   9.9295931E-04
   1.5525661E+03   1.3700000E+03   5.9600000E+02   1.5957246E-05   3.6812065E-05
   1.5525736E+03   1.3820000E+03   5.9900000E+02   2.9161558E-06   6.6875589E-06
   1.5525812E+03   1.3980000E+03   6.7600000E+02   1.3765755E-06   2.8920721E-06
   1.5525887E+03   1.3140000E+03   5.5100000E+02   2.6480108E-06   6.2109156E-06
   1.5525962E+03   1.3580000E+03   5.7100000E+02   1.8752598E-04   4.4761923E-04
   1.5526038E+03   1.3910000E+03   5.8000000E+02   8.1553437E-07   2.0446989E-06
   1.5526113E+03   1.2480000E+03   5.4100000E+02   1.3179461E-06   3.0582809E-06
   1.5526188E+03   1.3800000E+03   5.7800000E+02   3.1009469E-06   7.1333475E-06
   1.5526263E+03   1.3650000E+03   6.2200000E+02   2.9349139E-06   6.4400480E-06
   1.5526339E+03   1.3900000E+03   5.7500000E+02   1.1885218E-07   8.4679555E-07
   1.5526414E+03   1.2540000E+03   5.1100000E+02   3.2998342E-06   8.0469581E-06
   1.5526489E+03   1.3510000E+03   5.7000000E+02   3.9821216E-06   9.3934614E-06
   1.5526565E+03   1.3690000E+03   5.8700000E+02   2.0000173E-06   4.9179441E-06
   1.5526640E+03   1.2490000E+03   5.1200000E+02   2.2976228E-06   5.3975478E-06
   1.5526715E+03   1.3300000E+03   5.4900000E+02   3.3081945E-07   9.3789277E-07
   1.5526790E+03   1.3050000E+03   5.2900000E+02   8.4082946E-06   2.0471450E-05
   1.5526866E+03   1.3120000E+03   5.6400000E+02   3.8139006E-05   9.0642405E-05
   1.5526941E+03   1.3370000E+03   5.7600000E+02   1.9081034E-06   4.4380155E-06
   1.5527016E+03   1.2970000E+03   5.5400000E+02   2.6421130E-05   6.1829969E-05
   1.5527092E+03   1.2640000E+03   5.7800000E+02   2.2563272E-06   4.7905146E-06
   1.5527167E+03   1.3070000E+03   5.4700000E+02   2.7928183E-06   7.0473370E-06
   1.5527242E+03   1.3280000E+03   5.5600000E+02   2.1944931E-04   9.3484186E-05
   1.5527317E+03   1.3270000E+03   5.1900000E+02   9.3767627E-06   2.2523358E-05
   1.5527393E+03   1.2640000E+03   5.2000000E+02   3.7676595E-04   9.1583897E-04
   1.5527468E+03   1.3330000E+03   5.4000000E+02   6.0984832E-05   1.5042155E-04
   1.5527543E+03   1.2950000E+03   5.4900000E+02   2.9413589E-06   6.4539840E-06
   1.5527619E+03   1.3390000E+03   5.1200000E+02   1.9204401E-04   5.0206555E-04
   1.5527694E+03   1.2910000E+03   5.1300000E+02   2.1599622E-06   5.5843758E-06
   1.5527769E+03   1.3180000E+03   5.1200000E+02   3.1272610E-06   8.0858163E-06
   1.5527844E+03   1.2650000E+03   5.0600000E+02   7.4888352E-07   2.1877919E-06
   1.5527920E+03   1.2940000E+03   5.0700000E+02   3.0291566E-04   7.7324035E-04
   1.5527995E+03   1.2460000E+03   4.9100000E+02   5.0806184E-06   1.2983109E-05
   1.5528070E+03   1.2970000E+03   5.3100000E+02   1.6840793E-06   4.0724167E-06
   1.5528146E+03   1.2680000E+03   4.7700000E+02   1.5585311E-05   3.0811825E-05
   1.5528221E+03   1.2950000E+03   5.5400000E+02   4.1940149E-06   8.8122749E-06
   1.5528296E+03   1.3220000E+03   5.3600000E+02   1.0289714E-06   2.1729111E-06
   1.5528371E+03   1.2970000E+03   5.0200000E+02   5.6662256E-06   1.4573267E-05
   1.5528447E+03   1.3450000E+03   5.5300000E+02   4.9385936E-04   1.2010516E-03
   1.5528522E+03   1.2200000E+03   4.6300000E+02   1.8301912E-06   4.8319431E-06
   1.5528597E+03   1.2770000E+03   4.7500000E+02   2.1398161E-06   5.6326625E-06
   1.5528673E+03   1.3050000E+03   5.0300000E+02   2.1664493E-04   5.6144764E-04
   1.5528748E+03   1.2810000E+03   5.0800000E+02   5.0668060E-06   1.0966464E-05
   1.5528823E+03   1.2730000E+03   5.1100000E+02   3.9542332E-05   9.8605573E-05
   1.5528898E+03   1.2140000E+03   4.6700000E+02   8.4945136E-07   2.2992107E-06
   1.5528974E+03   1.2540000E+03   4.9600000E+02   3.1156384E-06   8.0297112E-06
   1.5529049E+03   1.2140000E+03   4.5100000E+02   1.8360290E-06   4.6557501E-06
   1.5529124E+03   1.2270000E+03   4.6900000E+02   5.2163778E-06   1.3633452E-05
   1.5529199E+03   1.2320000E+03   5.2500000E+02   8.9987267E-06   2.1110792E-05
   1.5529275E+03   1.3010000E+03   4.6100000E+02   2.9336335E-06   8.2370441E-06
   1.5529350E+03   1.2940000E+03   4.6700000E+02   2.9380928E-06   8.1126921E-06
   1.5529425E+03   1.2130000E+03   4.6100000E+02   5.3723649E-05   1.4151549E-04
   1.5529501E+03   1.2030000E+03   4.6000000E+02   2.4673521E-06   5.4807738E-06
   1.5529576E+03   1.2630000E+03   4.8000000E+02   3.0111577E-05   7.8391735E-05
   1.5529651E+03   1.2830000E+03   4.6000000E+02   4.4373139E-06   1.2355675E-05
   1.5529726E+03   1.2250000E+03   4.5100000E+02   4.0116678E-06   1.0904719E-05
   1.5529802E+03   1.2660000E+03   4.6100000E+02   2.3281692E-06   5.9952874E-06
   1.5529877E+03   1.1970000E+03   4.3700000E+02   8.6195715E-05   2.4390400E-05
   1.5529952E+03   1.3170000E+03   4.7300000E+02   6.1911987E-06   1.8183696E-05
   1.5530028E+03   1.2560000E+03   4.4700000E+02   3.3959402E-05   9.5458447E-05
   1.5530103E+03   1.1820000E+03   4.2800000E+02   5.4112563E-06   1.4349854E-05
   1.5530178E+03   1.2010000E+03   4.5500000E+02   2.6640429E-06   7.2699190E-06
   1.5530253E+03   1.2050000E+03   4.5700000E+02   5.1548580E-06   1.3487511E-05
   1.5530329E+03   1.2700000E+03   4.6800000E+02   1.9984429E-06   5.4606296E-06
   1.5530404E+03   1.1940000E+03   4.2400000E+02   3.7190778E-06   1.0507921E-05
   1.5530479E+03   1.1830000E+03   4.2600000E+02   3.1461700E-05   8.7297526E-05
   1.5530555E+03   1.2190000E+03   4.4800000E+02   1.4725498E-06   4.1668885E-06
   1.5530630E+03   1.2080000E+03   4.1400000E+02   9.8929261E-06   2.9078196E-05
   1.5530705E+03   1.1930000E+03   4.4400000E+02   2.3066673E-06   6.3230972E-06
   1.5530780E+03   1.2580000E+03   4.4700000E+02   3.2641633E-04   9.1705045E-04
   1.5530856E+03   1.1830000E+03   4.2600000E+02   3.4265496E-06   9.5341891E-06
   1.5530931E+03   1.1580000E+03   4.1100000E+02   2.6128754E-06   7.1767031E-06
   1.5531006E+03   1.1470000E+03   3.9600000E+02   5.0830458E-07   1.8248553E-06
   1.5531082E+03   1.0910000E+03   4.0100000E+02   3.2727477E-06   8.6551177E-06
   1.5531157E+03   1.2100000E+03   4.1600000E+02   2.4842164E-07   6.1150709E-07
   1.5531232E+03   1.1920000E+03   4.0400000E+02   2.8200424E-06   8.2758713E-06
   1.5531307E+03   1.1470000E+03   3.9200000E+02   1.4259457E-06   4.5720401E-06
   1.5531383E+03   1.1570000E+03   3.8600000E+02   2.4775018E-06   7.7240496E-06
   1.5531458E+03   1.1730000E+03   4.0700000E+02   1.9005795E-05   5.4671435E-05
   1.5531533E+03   1.2390000E+03   4.1900000E+02   1.0351629E-05   3.0564853E-05
   1.5531609E+03   1.1520000E+03   3.8700000E+02   9.0305656E-07   2.6493042E-06
   1.5531684E+03   1.2030000E+03   4.0700000E+02   1.1959544E-06   3.5632202E-06
   1.5531759E+03   1.1320000E+03   3.8100000E+02   2.3835958E-06   6.0269266E-06
   1.5531834E+03   1.1490000E+03   3.9600000E+02   2.4045582E-06   6.3659869E-06
   1.5531910E+03   1.1280000E+03   3.7600000E+02   7.0367410E-07   2.4058539E-06
   1.5531985E+03   1.1370000E+03   4.0200000E+02   3.8375711E-06   1.0787443E-05
   1.5532060E+03   1.1420000E+03   3.6300000E+02   1.6373905E-06   5.1503625E-06
   1.5532136E+03   1.1410000E+03   3.6900000E+02   2.8145462E-06   9.8957050E-06
   1.5532211E+03   1.1490000E+03   3.8100000E+02   6.3169827E-05   1.9138827E-04
   1.5532286E+03   1.1670000E+03   3.7000000E+02   2.2529598E-06   7.1440636E-06
   1.5532361E+03   1.1390000E+03   3.8000000E+02   1.2367812E-06   1.8586920E-06
   1.5532437E+03   1.1360000E+03   3.6200000E+02   3.9536514E-06   1.2422873E-05
   1.5532512E+03   1.1190000E+03   3.7400000E+02   4.2982514E-07   1.4921017E-06
   1.5532587E+03   1.1160000E+03   3.6600000E+02   2.0812119E-06   6.2261925E-06
   1.5532663E+03   1.1160000E+03   3.5600000E+02   4.5654623E-06   1.4212719E-05
   1.5532738E+03   1.0660000E+03   3.3400000E+02   4.8992230E-05   1.5647488E-04
   1.5532813E+03   1.1400000E+03   3.4700000E+02   3.6711701E-06   1.1902406E-05
   1.5532888E+03   1.1210000E+03   3.2800000E+02   1.0490050E-05   3.5601635E-05
   1.5532964E+03   1.1680000E+03   3.6100000E+02   7.6436949E-07   2.5945232E-06
   1.5533039E+03   1.1410000E+03   3.3900000E+02   1.1587515E-06   4.3378549E-06
   1.5533114E+03   1.1530000E+03   3.3600000E+02   5.2319926E-07   1.8679798E-06
   1.5533189E+03   1.0650000E+03   3.2800000E+02   8.4874113E-06   2.7632374E-05
   1.5533265E+03   1.1450000E+03   3.4600000E+02   7.0803372E-06   2.3640059E-05
   1.5533340E+03   1.1400000E+03   3.5300000E+02   1.1961109E-06   4.2525129E-06
   1.5533415E+03   1.1090000E+03   3.4700000E+02   1.4612377E-06   4.8067101E-06
   1.5533491E+03   1.1060000E+03   3.3700000E+02   9.0280478E-07   2.9956511E-06
   1.5533566E+03   1.1090000E+03   3.4600000E+02   8.4458463E-07   2.5540910E-06
   1.5533641E+03   1.0850000E+03   3.1600000E+02   6.8696188E-04   2.3586136E-03
   1.5533716E+03   1.0750000E+03   2.9400000E+02   4.9344260E-06   1.7690407E-05
   1.5533792E+03   1.0980000E+03   3.4800000E+02   2.7605598E-06   8.9873465E-06
   1.5533867E+03   1.0750000E+03   3.2000000E+02   2.5935874E-06   8.3139886E-06
   1.5533942E+03   1.1070000E+03   3.2700000E+02   3.8057185E-04   1.2887357E-03
   1.5534018E+03   1.1040000E+03   3.3800000E+02   7.0466468E-05   2.3007757E-04
   1.5534093E+03   1.0610000E+03   3.3300000E+02   2.4942252E-06   8.1556361E-06
   1.5534168E+03   1.0590000E+03   2.9900000E+02   7.1079176E-06   2.5127443E-05
   1.5534243E+03   1.0340000E+03   3.1700000E+02   6.3463176E-05   2.0570916E-04
   1.5534319E+03   1.0400000E+03   2.7800000E+02   3.8069329E-06   1.2609428E-05
   1.5534394E+03   1.0660000E+03   3.1500000E+02   2.4056450E-06   8.2389987E-06
   1.5534469E+03   1.0850000E+03   2.7800000E+02   2.0126063E-06   7.7578021E-06
   1.5534545E+03   1.0190000E+03   2.7400000E+02   7.0088888E-06   2.6136038E-05
   1.5534620E+03   1.0390000E+03   3.1100000E+02   5.5504211E-04   1.8545577E-03
   1.5534695E+03   1.0920000E+03   3.1700000E+02   3.2388103E-05   1.1061988E-04
   1.5534770E+03   1.0240000E+03   2.9600000E+02   1.6864262E-06   6.0143273E-06
   1.5534846E+03   1.0500000E+03   3.0600000E+02   1.5218633E-06   5.2900518E-06
   1.5534921E+03   1.0730000E+03   2.8500000E+02   2.0988641E-05   7.9226826E-05
   1.5534996E+03   1.0580000E+03   2.9400000E+02   3.8911613E-06   1.3756143E-05
   1.5535072E+03   1.0190000E+03   2.7400000E+02   1.1968428E-06   3.2938707E-06
   1.5535147E+03   1.0680000E+03   2.8600000E+02   5.1405163E-06   1.9395952E-05
   1.5535222E+03   1.0670000E+03   2.9100000E+02   2.3164412E-04   8.4923193E-04
   1.5535297E+03   1.0350000E+03   2.4400000E+02   2.6330738E-06   1.1163458E-05
   1.5535373E+03   1.0760000E+03   2.8300000E+02   1.1150102E-06   4.3883165E-06
   1.5535448E+03   1.0720000E+03   2.7600000E+02   3.3501612E-06   1.3879241E-05
   1.5535523E+03   1.0210000E+03   2.8300000E+02   1.2415102E-06   4.5087726E-06
   1.5535599E+03   1.0430000E+03   2.7500000E+02   8.1521515E-07   4.5009348E-06
   1.5535674E+03   1.0440000E+03   2.8100000E+02   2.5003802E-06   8.9755350E-06
   1.5535749E+03   1.0590000E+03   2.9300000E+02   2.3429778E-06   9.2754471E-06
   1.5535824E+03   9.9500000E+02   2.4800000E+02   3.3428350E-06   1.2995875E-05
   1.5535900E+03   9.8700000E+02   2.6000000E+02   9.0287962E-07   1.2904369E-06
   1.5535975E+03   1.0290000E+03   2.6500000E+02   9.1170008E-07   3.5828130E-06
   1.5536050E+03   1.0180000E+03   2.5800000E+02   3.8632797E-07   1.7891431E-06
   1.5536126E+03   1.0790000E+03   2.6000000E+02   5.3656915E-06   2.2733176E-05
   1.5536201E+03   1.0170000E+03   2.4900000E+02   1.5386690E-06   6.5108742E-06
   1.5536276E+03   1.0330000E+03   2.4800000E+02   4.8116289E-07   4.5140692E-06
   1.5536351E+03   1.0360000E+03   2.4600000E+02   2.7166880E-06   1.1695305E-05
   1.5536427E+03   1.0060000E+03   2.4700000E+02   1.1732105E-04   4.7777058E-04
   1.5536502E+03   1.0430000E+03   2.6900000E+02   1.2580518E-04   4.8765923E-04
   1.5536577E+03   9.7800000E+02   2.2000000E+02   1.0821969E-06   6.5012032E-06
   1.5536653E+03   1.0170000E+03   2.4600000E+02   6.8347161E-07   2.7798225E-06
   1.5536728E+03   9.8200000E+02   2.2000000E+02   3.3108480E-06   1.4159746E-05
   1.5536803E+03   1.0630000E+03   2.5900000E+02   2.0034984E-06   8.2830339E-06
   1.5536878E+03   9.5800000E+02   2.2500000E+02   1.2366917E-04   5.2642916E-04
   1.5536954E+03   9.7700000E+02   2.6100000E+02   2.2555128E-06   8.4223982E-06
   1.5537029E+03   1.0660000E+03   2.6000000E+02   7.4966130E-06   3.0761568E-05
   1.5537104E+03   1.0560000E+03   2.5300000E+02   1.6328061E-06   6.7838573E-06
   1.5537180E+03   9.4400000E+02   2.0200000E+02   5.0233051E-07   2.4350107E-06
   1.5537255E+03   9.9600000E+02   2.3900000E+02   1.1978654E-04   4.9912262E-04
   1.5537330E+03   1.0300000E+03   2.0800000E+02   6.9300941E-07   2.5367530E-06
   1.5537405E+03   1.0610000E+03   2.6300000E+02   3.3682491E-07   1.3596629E-06
   1.5537481E+03   9.6700000E+02   2.1200000E+02   3.7776512E-07   1.2096706E-06
   1.5537556E+03   9.7500000E+02   2.0800000E+02   3.9343399E-06   1.9251484E-05
   1.5537631E+03   9.8200000E+02   2.1100000E+02   2.3835516E-06   1.1075182E-05
   1.5537706E+03   9.4100000E+02   2.1200000E+02   7.2272557E-06   3.2013809E-05
   1.5537782E+03   1.0210000E+03   2.1400000E+02   1.5419653E-04   7.3559513E-04
   1.5537857E+03   9.6500000E+02   2.1100000E+02   3.5182005E-06   1.6049824E-05
   1.5537932E+03   9.4100000E+02   1.9400000E+02   1.2490822E-06   5.4397543E-06
   1.5538008E+03   9.8600000E+02   1.9500000E+02   2.9020814E-06   1.4674281E-05
   1.5538083E+03   9.6000000E+02   1.9000000E+02   6.6614581E-06   3.3735836E-05
   1.5538158E+03   9.8800000E+02   2.1600000E+02   8.3266504E-07   3.8761220E-06
   1.5538233E+03   9.6900000E+02   2.1000000E+02   4.2830801E-06   1.9572187E-05
   1.5538309E+03   9.3300000E+02   1.8600000E+02   2.5663636E-07   1.2398785E-06
   1.5538384E+03   9.6900000E+02   1.8300000E+02   1.2266225E-06   4.8604282E-06
   1.5538459E+03   9.7100000E+02   1.9400000E+02   4.8174005E-07   3.1316504E-06
   1.5538535E+03   9.8700000E+02   2.0200000E+02   5.2618258E-07   2.8613432E-06
   1.5538610E+03   9.2700000E+02   1.6500000E+02   7.9641397E-07   4.2356139E-06
   1.5538685E+03   9.8300000E+02   1.7800000E+02   3.3533646E-06   1.8876030E-05
   1.5538760E+03   9.7700000E+02   1.9100000E+02   6.2386341E-08   3.3018832E-07
   1.5538836E+03   8.9200000E+02   1.5800000E+02   1.4971521E-05   8.3868944E-05
   1.5538911E+03   9.3300000E+02   1.8800000E+02   2.7737508E-06   1.3940171E-05
   1.5538986E+03   9.2500000E+02   1.5500000E+02   6.9298789E-07   4.7319890E-06
   1.5539062E+03   9.5100000E+02   1.9600000E+02   8.8887776E-06   4.3491390E-05
   1.5539137E+03   8.4600000E+02   1.6200000E+02   9.9930221E-07   5.4887138E-06
   1.5539212E+03   9.4600000E+02   1.8900000E+02   5.1244127E-07   1.9461131E-06
   1.5539287E+03   9.2300000E+02   1.7100000E+02   6.6831559E-07   3.5207682E-06
   1.5539363E+03   9.1600000E+02   1.7900000E+02   3.0218538E-06   1.5603482E-05
   1.5539438E+03   9.1200000E+02   1.5700000E+02   3.9116025E-07   1.9416615E-06
   1.5539513E+03   9.3300000E+02   1.7000000E+02   2.4812810E-06   1.3421745E-05
   1.5539589E+03   9.4200000E+02   1.4900000E+02   1.2912310E-06   8.4067414E-06
   1.5539664E+03   9.5700000E+02   1.7100000E+02   6.6470781E-05   3.7253322E-04
   1.5539739E+03   9.2300000E+02   1.7200000E+02   1.9539160E-06   9.5986050E-06
   1.5539814E+03   9.1900000E+02   1.5100000E+02   2.8332021E-06   1.7082569E-05
   1.5539890E+03   9.0100000E+02   1.5400000E+02   2.4241729E-07   1.5635137E-06
   1.5539965E+03   9.1300000E+02   1.6100000E+02   8.1657689E-07   4.3470878E-06
   1.5540040E+03   9.4100000E+02   1.3500000E+02   1.4322866E-07   1.0922961E-06
   1.5540116E+03   9.4000000E+02   1.4500000E+02   1.2653292E-06   1.3441568E-05
   1.5540191E+03   9.3300000E+02   1.4400000E+02   2.9123539E-07   1.8529936E-06
   1.5540266E+03   9.0700000E+02   1.8100000E+02   3.4923389E-07   1.8308679E-06
   1.5540341E+03   8.4500000E+02   1.2300000E+02   1.6720579E-06   1.0334962E-05
   1.5540417E+03   9.3100000E+02   1.5800000E+02   1.6030013E-06   9.6033055E-06
   1.5540492E+03   8.9500000E+02   1.2000000E+02   6.4817578E-06   4.7958027E-05
   1.5540567E+03   9.2600000E+02   1.5200000E+02   3.5446086E-06   2.0869484E-05
   1.5540643E+03   9.0200000E+02   1.2400000E+02   1.8280289E-07   1.3367698E-06
   1.5540718E+03   9.2900000E+02   1.4500000E+02   3.1850987E-07   1.6232777E-06
   1.5540793E+03   9.0400000E+02   1.4000000E+02   2.9877357E-05   1.9234975E-04
   1.5540868E+03   9.1100000E+02   1.6800000E+02   4.6888381E-07   2.5119884E-06
   1.5540944E+03   9.0400000E+02   1.3700000E+02   3.9274958E-07   1.8208350E-06
   1.5541019E+03   8.7400000E+02   1.2400000E+02   8.6708147E-07   3.4074687E-06
   1.5541094E+03   8.8700000E+02   1.4700000E+02   1.7077699E-07   9.8257025E-07
   1.5541170E+03   9.1200000E+02   1.3000000E+02   7.6081762E-06   5.3290920E-05
   1.5541245E+03   9.4500000E+02   1.4600000E+02   7.0569931E-07   4.4741794E-06
   1.5541320E+03   9.2300000E+02   1.2400000E+02   1.3048979E-06   9.9966636E-06
   1.5541395E+03   8.7300000E+02   1.4100000E+02   7.2136088E-07   5.9529140E-06
   1.5541471E+03   8.7600000E+02   1.3800000E+02   1.7769138E-06   1.1518222E-05
   1.5541546E+03   8.7300000E+02   1.3000000E+02   6.8782443E-07   4.6588673E-06
   1.5541621E+03   8.4800000E+02   1.2400000E+02   4.3357058E-05   2.9548459E-04
   1.5541697E+03   8.4900000E+02   1.2300000E+02   1.1582945E-06   7.8572837E-06
   1.5541772E+03   8.7900000E+02   1.2900000E+02   1.1905593E-06   8.2147276E-06
   1.5541847E+03   8.9500000E+02   1.1600000E+02   2.5842725E-06   2.0538631E-05
   1.5541922E+03   8.9600000E+02   1.2700000E+02   3.9924260E-07   1.5967603E-06
   1.5541998E+03   8.5900000E+02   1.0700000E+02   6.9066877E-07   5.5931263E-06
   1.5542073E+03   8.9700000E+02   1.2300000E+02   1.1385183E-06   8.2978948E-06
   1.5542148E+03   9.1100000E+02   1.3800000E+02   1.4012470E-06   9.3367197E-06
   1.5542224E+03   8.8100000E+02   1.2100000E+02   5.6719758E-07   4.6331997E-06
   1.5542299E+03   8.2600000E+02   1.1600000E+02   8.4393321E-08   1.5775043E-06
   1.5542374E+03   8.8200000E+02   1.0800000E+02   8.0005143E-04   6.5335673E-03
   1.5542449E+03   8.3500000E+02   1.0200000E+02   5.1630186E-05   4.2258411E-04
   1.5542525E+03   8.7400000E+02   1.0600000E+02   7.2370881E-07   5.9345870E-06
   1.5542600E+03   8.5000000E+02   1.1200000E+02   3.6890979E-07   4.2217958E-06
   1.5542675E+03   8.5700000E+02   1.0600000E+02   5.5374857E-07   4.3910304E-06
   1.5542750E+03   8.9400000E+02   1.2800000E+02   7.7476335E-07   5.4050630E-06
   1.5542826E+03   8.3100000E+02   1.0500000E+02   1.5646628E-05   1.2370352E-04
   1.5542901E+03   8.1500000E+02   1.1800000E+02   3.9557987E-07   2.3566079E-06
   1.5542976E+03   8.5200000E+02   8.6000000E+01   1.4216552E-06   1.3644645E-05
   1.5543052E+03   8.7700000E+02   1.1100000E+02   3.8976044E-04   3.0791386E-03
   1.5543127E+03   8.6700000E+02   1.1500000E+02   5.7219085E-07   3.7872314E-06
   1.5543202E+03   8.6700000E+02   9.9000000E+01   7.7642656E-06   6.7965995E-05
   1.5543277E+03   8.7100000E+02   1.0800000E+02   1.8158075E-06   1.4827941E-05
   1.5543353E+03   8.3800000E+02   8.1000000E+01   4.5360385E-06   4.6795616E-05
   1.5543428E+03   8.7000000E+02   8.9000000E+01   4.9721667E-07   4.8318752E-06
   1.5543503E+03   9.1100000E+02   9.4000000E+01   4.6840707E-06   4.5505745E-05
   1.5543579E+03   8.2400000E+02   8.1000000E+01   1.5930640E-06   1.6248345E-05
   1.5543654E+03   8.5900000E+02   1.0500000E+02   9.6880992E-07   7.8927710E-06
   1.5543729E+03   8.3200000E+02   1.0500000E+02   4.8146631E-05   3.7566081E-04
   1.5543804E+03   8.3600000E+02   7.9000000E+01   5.2126833E-07   5.4069526E-06
   1.5543880E+03   8.4600000E+02   8.7000000E+01   1.3379950E-06   1.3009586E-05
   1.5543955E+03   8.1700000E+02   8.6000000E+01   1.0139738E-06   9.5526616E-06
   1.5544030E+03   8.3300000E+02   8.2000000E+01   9.7668925E-07   9.9006875E-06
   1.5544106E+03   8.6100000E+02   8.6000000E+01   1.5986514E-06   1.5882801E-05
   1.5544181E+03   8.4200000E+02   9.3000000E+01   7.9130324E-07   6.7998706E-06
   1.5544256E+03   8.5300000E+02   8.6000000E+01   2.3116308E-07   2.1447645E-06
   1.5544331E+03   8.2000000E+02   9.3000000E+01   1.8147207E-07   1.6347135E-06
   1.5544407E+03   8.7400000E+02   7.0000000E+01   2.4899991E-07   3.0433976E-06
   1.5544482E+03   8.3600000E+02   7.7000000E+01   2.4875057E-06   2.7069725E-05
   1.5544557E+03   8.3400000E+02   8.4000000E+01   2.0741189E-06   2.0650115E-05
   1.5544633E+03   8.1700000E+02   1.0300000E+02   3.2384265E-07   2.5687325E-06
   1.5544708E+03   8.5800000E+02   7.5000000E+01   9.7218823E-07   1.0771663E-05
   1.5544783E+03   8.5300000E+02   9.0000000E+01   4.2247243E-07   3.7553761E-06
   1.5544858E+03   8.2900000E+02   8.3000000E+01   9.7227084E-07   9.5054295E-06
   1.5544934E+03   8.3700000E+02   9.9000000E+01   9.4299574E-07   7.9755875E-06
   1.5545009E+03   8.1800000E+02   7.9000000E+01   7.1410133E-07   7.1954603E-06
   1.5545084E+03   8.3100000E+02   6.8000000E+01   5.2526843E-07   6.3568621E-06
   1.5545160E+03   8.3700000E+02   8.0000000E+01   6.1194873E-07   6.5231526E-06
   1.5545235E+03   8.3300000E+02   8.5000000E+01   1.9677408E-06   1.9261962E-05
   1.5545310E+03   8.4400000E+02   6.8000000E+01   7.2642632E-06   9.0818330E-05
   1.5545385E+03   8.3500000E+02   7.8000000E+01   3.0074999E-06   3.5841340E-05
   1.5545461E+03   8.5400000E+02   6.2000000E+01   4.0402893E-07   4.5157225E-06
   1.5545536E+03   8.5000000E+02   6.8000000E+01   1.2235328E-06   1.4731988E-05
   1.5545611E+03   8.6200000E+02   6.4000000E+01   6.4089521E-07   8.6320574E-06
   1.5545687E+03   8.3000000E+02   5.4000000E+01   3.8371135E-04   5.8978368E-03
   1.5545762E+03   7.7700000E+02   6.2000000E+01   1.5155954E-06   1.8718646E-05
   1.5545837E+03   8.7100000E+02   8.3000000E+01   1.8732468E-06   1.9865586E-05
   1.5545912E+03   8.3300000E+02   7.4000000E+01   2.2491270E-06   2.1733212E-05
   1.5545988E+03   8.0000000E+02   7.2000000E+01   2.7398372E-05   3.0444151E-04
   1.5546063E+03   8.2600000E+02   5.4000000E+01   5.7690762E-07   8.7795867E-06
   1.5546138E+03   8.0800000E+02   6.6000000E+01   8.9311109E-06   1.0902285E-04
   1.5546214E+03   8.5000000E+02   6.5000000E+01   4.4454889E-07   3.1745224E-06
   1.5546289E+03   8.5200000E+02   7.1000000E+01   4.4769067E-07   5.2532806E-06
   1.5546364E+03   8.3400000E+02   6.2000000E+01   6.9274505E-07   9.3675264E-06
   1.5546439E+03   7.7700000E+02   6.0000000E+01   3.6069885E-07   4.6379331E-06
   1.5546515E+03   8.1200000E+02   7.3000000E+01   6.1489627E-07   6.1829673E-06
   1.5546590E+03   7.7400000E+02   4.7000000E+01   1.0446076E-07   3.3982964E-06
   1.5546665E+03   7.8000000E+02   5.9000000E+01   2.9723206E-07   3.9646268E-06
   1.5546740E+03   8.0300000E+02   5.2000000E+01   2.1592674E-07   4.7194671E-06
   1.5546816E+03   8.0600000E+02   6.1000000E+01   2.5991494E-06   2.4212335E-05
   1.5546891E+03   8.1200000E+02   5.4000000E+01   6.5148767E-07   1.5545594E-06
   1.5546966E+03   8.1100000E+02   6.1000000E+01   3.6434350E-08   2.6028966E-07
   1.5547042E+03   7.9500000E+02   5.7000000E+01   1.0128353E-06   1.4328864E-05
   1.5547117E+03   8.1300000E+02   5.9000000E+01   8.0708888E-07   1.1076779E-05
   1.5547192E+03   7.9200000E+02   5.4000000E+01   7.4178620E-06   1.0881880E-04
   1.5547267E+03   8.3600000E+02   5.7000000E+01   1.1475142E-07   2.0752046E-06
   1.5547343E+03   8.3100000E+02   5.7000000E+01   2.2183766E-07   3.1003646E-06
   1.5547418E+03   8.2100000E+02   6.9000000E+01   1.1637091E-04   1.3844938E-03
   1.5547493E+03   7.6600000E+02   4.5000000E+01   3.4422391E-08   5.8594560E-07
   1.5547569E+03   8.4400000E+02   4.7000000E+01   8.3826256E-07   1.5067927E-05
   1.5547644E+03   8.2900000E+02   4.1000000E+01   5.4838981E-07   1.2280082E-05
   1.5547719E+03   8.1400000E+02   5.7000000E+01   2.1617858E-07   3.1716053E-06
   1.5547794E+03   7.9800000E+02   5.3000000E+01   6.1250531E-07   9.2896040E-06
   1.5547870E+03   7.8900000E+02   5.2000000E+01   1.3481521E-07   1.9826571E-06
   1.5547945E+03   7.8900000E+02   5.1000000E+01   2.6843380E-06   4.1565448E-05
   1.5548020E+03   8.2500000E+02   3.5000000E+01   3.5714818E-07   8.4184928E-06
   1.5548096E+03   7.8000000E+02   4.7000000E+01   7.0536529E-04   1.1706062E-02
   1.5548171E+03   7.9600000E+02   5.9000000E+01   3.4220285E-07   4.6042269E-06
   1.5548246E+03   7.7800000E+02   5.3000000E+01   4.8028207E-07   7.1956141E-06
   1.5548321E+03   8.1400000E+02   4.2000000E+01   2.4055069E-07   5.0607636E-06
   1.5548397E+03   7.3400000E+02   3.4000000E+01   2.0321331E-06   4.3890936E-05
   1.5548472E+03   7.6600000E+02   3.2000000E+01   2.4383784E-06   5.8342157E-05
   1.5548547E+03   8.3300000E+02   3.0000000E+01   4.1412404E-07   1.1146046E-05
   1.5548623E+03   7.9800000E+02   5.1000000E+01   9.9708755E-07   1.5601419E-05
   1.5548698E+03   7.7700000E+02   4.7000000E+01   2.9853593E-06   4.9353706E-05
   1.5548773E+03   7.9100000E+02   3.1000000E+01   5.7152809E-08   1.8081874E-06
   1.5548848E+03   7.7200000E+02   4.8000000E+01   1.3298449E-07   9.3676908E-07
   1.5548924E+03   8.3700000E+02   4.7000000E+01   4.5446111E-06   7.8217064E-05
   1.5548999E+03   7.9200000E+02   4.9000000E+01   1.6720498E-04   2.7019517E-03
   1.5549074E+03   7.9700000E+02   5.2000000E+01   1.1642101E-07   9.0855177E-07
   1.5549150E+03   8.2500000E+02   4.6000000E+01   2.1920410E-07   3.2232284E-06
   1.5549225E+03   8.1500000E+02   3.5000000E+01   4.4518032E-07   1.1426267E-05
   1.5549300E+03   7.7500000E+02   3.9000000E+01   3.3394712E-04   6.6361022E-03
   1.5549375E+03   8.1500000E+02   3.9000000E+01   2.9497535E-07   6.1263109E-06
   1.5549451E+03   7.2900000E+02   4.2000000E+01   8.8618044E-07   1.5341713E-05
   1.5549526E+03   7.8400000E+02   2.8000000E+01   2.7125733E-07   6.9283341E-06
   1.5549601E+03   8.4700000E+02   3.2000000E+01   1.1750934E-07   3.7813504E-06
   1.5549677E+03   8.3800000E+02   3.2000000E+01   2.9048797E-07   6.1268109E-06
   1.5549752E+03   7.7400000E+02   4.3000000E+01   2.9832339E-07   4.7440073E-06
   1.5549827E+03   7.8900000E+02   3.2000000E+01   4.3728263E-07   1.1051810E-05
   1.5549902E+03   8.3500000E+02   4.6000000E+01   2.1450895E-07   3.8209034E-06
   1.5549978E+03   8.0000000E+02   3.4000000E+01   1.3563148E-07   4.0216170E-06
   1.5550053E+03   8.1500000E+02   2.6000000E+01   1.2618238E-07   3.6533407E-06
   1.5550128E+03   8.1100000E+02   3.6000000E+01   9.7660438E-07   2.2125406E-05
   1.5550204E+03   7.8500000E+02   3.8000000E+01   8.0697338E-07   1.6666672E-05
   1.5550279E+03   7.6900000E+02   3.1000000E+01   2.6754169E-07   2.7673298E-06
   1.5550354E+03   8.0300000E+02   3.5000000E+01   7.7197467E-08   1.7925956E-06
   1.5550429E+03   8.0000000E+02   2.4000000E+01   1.7798634E-07   8.2279707E-06
   1.5550505E+03   8.2300000E+02   3.1000000E+01   2.3676823E-07   5.7510530E-06
   1.5550580E+03   8.3200000E+02   3.5000000E+01   3.5197103E-07   8.1631145E-06
   1.5550655E+03   7.7400000E+02   1.9000000E+01   3.6507605E-07   5.9620277E-06
   1.5550731E+03   7.4800000E+02   3.2000000E+01   8.3880956E-08   2.1437065E-06
   1.5550806E+03   7.7000000E+02   2.5000000E+01   6.8523523E-04   2.1105407E-02
   1.5550881E+03   8.2800000E+02   2.8000000E+01   6.5468543E-07   1.9202720E-05
   1.5550956E+03   7.7800000E+02   2.1000000E+01   2.0843402E-07   7.7219841E-06
   1.5551032E+03   7.8800000E+02   1.8000000E+01   1.6058413E-08   6.9937893E-07
   1.5551107E+03   7.9500000E+02   1.5000000E+01   6.0683339E-09   3.2162170E-07
   1.5551182E+03   7.6600000E+02   2.8000000E+01   3.9642481E-08   1.1385848E-06
   1.5551257E+03   8.2700000E+02   2.3000000E+01   2.2890210E-07   7.9887875E-06
   1.5551333E+03   7.2400000E+02   1.9000000E+01   8.3954909E-07   3.1986345E-05
   1.5551408E+03   7.3700000E+02   2.5000000E+01   6.4168155E-08   1.8916772E-06
   1.5551483E+03   7.8700000E+02   2.4000000E+01   1.5725810E-06   5.1243005E-05
   1.5551559E+03   7.5700000E+02   1.7000000E+01   1.3615434E-07   5.4300628E-06
   1.5551634E+03   7.6300000E+02   2.2000000E+01   1.1289578E-07   1.8861918E-06
   1.5551709E+03   7.9700000E+02   2.5000000E+01   2.7952189E-07   8.8263771E-06
   1.5551784E+03   7.6900000E+02   1.9000000E+01   5.7992316E-08   2.9091195E-06
   1.5551860E+03   7.8000000E+02   7.0000000E+00   7.4188536E-08   8.2667225E-06
   1.5551935E+03   7.7100000E+02   2.2000000E+01   9.0946882E-07   3.2095913E-05
   1.5552010E+03   8.1200000E+02   1.8000000E+01   3.2717887E-07   1.4759402E-05
   1.5552086E+03   7.6900000E+02   1.7000000E+01   4.1994459E-07   1.8618224E-05
   1.5552161E+03   7.7600000E+02   2.1000000E+01   1.6611735E-07   6.1384315E-06
   1.5552236E+03   7.9300000E+02   1.7000000E+01   2.1132577E-07   9.4634640E-06
   1.5552311E+03   8.1000000E+02   2.3000000E+01   1.7119552E-07   6.0290595E-06
   1.5552387E+03   7.6400000E+02   1.1000000E+01   5.4692074E-07   3.8380678E-05
   1.5552462E+03   8.0700000E+02   1.5000000E+01   3.7078276E-07   1.9948112E-05
   1.5552537E+03   8.0000000E+02   2.0000000E+01   3.6527315E-07   1.4610926E-05
   1.5552613E+03   7.8500000E+02   1.5000000E+01   2.9592433E-08   1.5486707E-06
   1.5552688E+03   7.4000000E+02   9.0000000E+00   1.6579760E-07   1.3632247E-05
   1.5552763E+03   7.8700000E+02   1.4000000E+01   1.1740666E-07   5.3054068E-06
   1.5552838E+03   7.5100000E+02   1.3000000E+01   1.9168777E-06   1.1000918E-04
   1.5552914E+03   7.9800000E+02   1.7000000E+01   2.2100747E-06   1.0384349E-04
   1.5552989E+03   7.9200000E+02   1.2000000E+01   1.9198456E-07   1.3892822E-05
   1.5553064E+03   7.5100000E+02   1.0000000E+01   2.9697134E-07   3.7350302E-05
   1.5553140E+03   8.3200000E+02   1.1000000E+01   5.4285298E-08   3.0492101E-06
   1.5553215E+03   7.8700000E+02   8.0000000E+00   1.8534471E-08   1.4684504E-06
   1.5553290E+03   7.8000000E+02   6.0000000E+00   6.7459233E-08   8.7697002E-06
   1.5553365E+03   7.9800000E+02   1.6000000E+01   1.7344113E-07   8.6839601E-06
   1.5553441E+03   7.5300000E+02   7.0000000E+00   4.2495579E-08   4.6483686E-06
   1.5553516E+03   6.9900000E+02   6.0000000E+00   9.7313031E-08   1.3349617E-05
   1.5553591E+03   7.8500000E+02   1.0000000E+01   5.5121711E-08   5.6016784E-06
   1.5553667E+03   7.9800000E+02   7.0000000E+00   7.2754614E-07   9.0214645E-05
   1.5553742E+03   7.8400000E+02   8.0000000E+00   5.3650943E-07   5.2577924E-05
   1.5553817E+03   7.2800000E+02   3.0000000E+00   3.2311404E-08   6.6935182E-06
   1.5553892E+03   7.2500000E+02   1.1000000E+01   2.4314958E-08   2.8318802E-06
   1.5553968E+03   7.7200000E+02   6.0000000E+00   3.0358757E-08   4.6275219E-06
   1.5554043E+03   7.3700000E+02   8.0000000E+00   1.4156278E-07   1.3031200E-05
   1.5554118E+03   7.0500000E+02   4.0000000E+00   1.7571793E-07   3.0458217E-05
   1.5554194E+03   7.3100000E+02   3.0000000E+00   1.2850413E-07   3.1312173E-05
   1.5554269E+03   7.3800000E+02   6.0000000E+00   3.2854674E-08   1.4982767E-05
   1.5554344E+03   7.9500000E+02   7.0000000E+00   6.7530495E-07   7.7176282E-05
   1.5554419E+03   7.5800000E+02   8.0000000E+00   4.6399616E-08   2.2313348E-06
   1.5554495E+03   7.8300000E+02   3.0000000E+00   3.3576679E-08   8.7635132E-06
   1.5554570E+03   7.4500000E+02   3.0000000E+00   3.4553621E-08   7.4226541E-06
   1.5554645E+03   7.6700000E+02   2.0000000E+00   2.5682319E-08   3.5168977E-06
   1.5554721E+03   7.6600000E+02   2.0000000E+00   2.2486064E-08   8.6121624E-06
   1.5554796E+03   7.2700000E+02   0.0000000E+00   1.2010434E-08   0.0000000E+00
   1.5554871E+03   7.5900000E+02   2.0000000E+00   8.2443696E-08   2.1606418E-05
   1.5554946E+03   7.4500000E+02   3.0000000E+00   1.1570082E-08   2.9895714E-06
   1.5555022E+03   7.2900000E+02   2.0000000E+00   6.5576415E-08   2.3902603E-05
   1.5555097E+03   7.3400000E+02   0.0000000E+00   1.7917905E-07   0.0000000E+00
   1.5555172E+03   7.7800000E+02   0.0000000E+00   4.6344097E-09   0.0000000E+00
   1.5555248E+03   7.3600000E+02   1.0000000E+00   3.2404319E-08   3.1741666E-06
   1.5555323E+03   7.4600000E+02   0.0000000E+00   0.0000000E+00   0.0000000E+00
   1.5555398E+03   7.8000000E+02   3.0000000E+00   7.6950755E-09   2.1728727E-06
   1.5555473E+03   7.1600000E+02   1.0000000E+00   8.5837876E-10   6.1459919E-07
   1.5555549E+03   7.6300000E+02   0.0000000E+00   2.9718411E-09   0.0000000E+00
   1.5555624E+03   7.4500000E+02   0.0000000E+00   0.0000000E+00   0.0000000E+00
   1.5555699E+03   7.7600000E+02   2.0000000E+00   1.8322896E-08   7.1092836E-06
   1.5555774E+03   7.6300000E+02   0.0000000E+00   0.0000000E+00   0.0000000E+00
   1.5555850E+03   7.2100000E+02   1.0000000E+00   2.2827442E-08   1.0668814E-05
   1.5555925E+03   7.3100000E+02   1.0000000E+00   5.3671380E-08   3.9233779E-05
   1.5556000E+03   7.5000000E+02   0.0000000E+00   0.0000000E+00   0.0000000E+00
   1.5556076E+03   7.6400000E+02   0.0000000E+00   0.0000000E+00   0.0000000E+00
   1.5556151E+03   7.4100000E+02   0.0000000E+00   0.0000000E+00   0.0000000E+00
   1.5556226E+03   7.7300000E+02   0.0000000E+00   0.0000000E+00   0.0000000E+00
   1.5556301E+03   7.5100000E+02   1.0000000E+00   4.3050176E-04   3.2330682E-01
   1.5556377E+03   7.5900000E+02   0.0000000E+00   0.0000000E+00   0.0000000E+00
   1.5556452E+03   7.4000000E+02   0.0000000E+00   0.0000000E+00   0.0000000E+00
   1.5556527E+03   7.1800000E+02   0.0000000E+00   0.0000000E+00   0.0000000E+00
   1.5556603E+03   7.3700000E+02   0.0000000E+00   0.0000000E+00   0.0000000E+00
   1.5556678E+03   7.4700000E+02   0.0000000E+00   0.0000000E+00   0.0000000E+00
   1.5556753E+03   7.9100000E+02   0.0000000E+00   0.0000000E+00   0.0000000E+00
   1.5556828E+03   7.6800000E+02   0.0000000E+00   0.0000000E+00   0.0000000E+00
   1.5556904E+03   7.6200000E+02   0.0000000E+00   0.0000000E+00   0.0000000E+00
   1.5556979E+03   7.4900000E+02   0.0000000E+00   0.0000000E+00   0.0000000E+00
   1.5557054E+03   8.0200000E+02   0.0000000E+00   0.0000000E+00   0.0000000E+00
   1.5557130E+03   7.6300000E+02   0.0000000E+00   0.0000000E+00   0.0000000E+00
   1.5557205E+03   7.8400000E+02   0.0000000E+00   0.0000000E+00   0.0000000E+00
   1.5557280E+03   7.0900000E+02   0.0000000E+00   0.0000000E+00   0.0000000E+00
   1.5557355E+03   7.2900000E+02   0.0000000E+00   0.0000000E+00   0.0000000E+00
   1.5557431E+03   7.2900000E+02   0.0000000E+00   0.0000000E+00   0.0000000E+00
   1.5557506E+03   7.4400000E+02   0.0000000E+00   0.0000000E+00   0.0000000E+00
   1.5557581E+03   7.5500000E+02   0.0000000E+00   0.0000000E+00   0.0000000E+00
   1.5557657E+03   7.0600000E+02   0.0000000E+00   0.0000000E+00   0.0000000E+00
   1.5557732E+03   7.4200000E+02   0.0000000E+00   0.0000000E+00   0.0000000E+00
   1.5557807E+03   7.4900000E+02   0.0000000E+00   0.0000000E+00   0.0000000E+00
   1.5557882E+03   7.8300000E+02   0.0000000E+00   0.0000000E+00   0.0000000E+00
   1.5557958E+03   7.6400000E+02   0.0000000E+00   0.0000000E+00   0.0000000E+00
   1.5558033E+03   7.2900000E+02   0.0000000E+00   0.0000000E+00   0.0000000E+00
   1.5558108E+03   7.1800000E+02   0.0000000E+00   0.0000000E+00   0.0000000E+00
   1.5558184E+03   7.5800000E+02   0.0000000E+00   0.0000000E+00   0.0000000E+00
   1.5558259E+03   7.6000000E+02   0.0000000E+00   0.0000000E+00   0.0000000E+00
   1.5558334E+03   7.9100000E+02   0.0000000E+00   0.0000000E+00   0.0000000E+00
   1.5558409E+03   7.9900000E+02   0.0000000E+00   0.0000000E+00   0.0000000E+00
   1.5558485E+03   7.4200000E+02   0.0000000E+00   0.0000000E+00   0.0000000E+00
   1.5558560E+03   7.4900000E+02   0.0000000E+00   0.0000000E+00   0.0000000E+00
   1.5558635E+03   7.7300000E+02   0.0000000E+00   0.0000000E+00   0.0000000E+00
   1.5558711E+03   7.5700000E+02   0.0000000E+00   0.0000000E+00   0.0000000E+00
   1.5558786E+03   7.2400000E+02   0.0000000E+00   0.0000000E+00   0.0000000E+00
   1.5558861E+03   7.2800000E+02   0.0000000E+00   0.0000000E+00   0.0000000E+00
   1.5558936E+03   7.9100000E+02   0.0000000E+00   0.0000000E+00   0.0000000E+00
   1.5559012E+03   7.8700000E+02   0.0000000E+00   0.0000000E+00   0.0000000E+00
   1.5559087E+03   7.4500000E+02   0.0000000E+00   0.0000000E+00   0.0000000E+00
   1.5559162E+03   7.5500000E+02   0.0000000E+00   0.0000000E+00   0.0000000E+00
   1.5559238E+03   7.2200000E+02   1.0000000E+00   7.3101702E-04   5.2779429E-01
   1.5559313E+03   7.5500000E+02   0.0000000E+00   0.0000000E+00   0.0000000E+00
   1.5559388E+03   7.6300000E+02   0.0000000E+00   0.0000000E+00   0.0000000E+00
   1.5559463E+03   7.3600000E+02   0.0000000E+00   0.0000000E+00   0.0000000E+00
   1.5559539E+03   7.7500000E+02   0.0000000E+00   0.0000000E+00   0.0000000E+00
   1.5559614E+03   6.7400000E+02   0.0000000E+00   0.0000000E+00   0.0000000E+00
   1.5559689E+03   7.4900000E+02   0.0000000E+00   0.0000000E+00   0.0000000E+00
   1.5559765E+03   7.8400000E+02   0.0000000E+00   0.0000000E+00   0.0000000E+00
   1.5559840E+03   7.8200000E+02   0.0000000E+00   0.0000000E+00   0.0000000E+00
   1.5559915E+03   7.2900000E+02   0.0000000E+00   0.0000000E+00   0.0000000E+00
   1.5559990E+03   7.7200000E+02   0.0000000E+00   0.0000000E+00   0.0000000E+00
   1.5560066E+03   7.1700000E+02   0.0000000E+00   0.0000000E+00   0.0000000E+00
   1.5560141E+03   8.1900000E+02   0.0000000E+00   0.0000000E+00   0.0000000E+00
   1.5560216E+03   7.6500000E+02   0.0000000E+00   0.0000000E+00   0.0000000E+00
   1.5560291E+03   7.4000000E+02   0.0000000E+00   0.0000000E+00   0.0000000E+00
   1.5560367E+03   7.2300000E+02   0.0000000E+00   0.0000000E+00   0.0000000E+00
   1.5560442E+03   7.6400000E+02   0.0000000E+00   0.0000000E+00   0.0000000E+00
   1.5560517E+03   7.8000000E+02   0.0000000E+00   0.0000000E+00   0.0000000E+00
   1.5560593E+03   7.7600000E+02   0.0000000E+00   0.0000000E+00   0.0000000E+00
   1.5560668E+03   7.5600000E+02   0.0000000E+00   0.0000000E+00   0.0000000E+00
   1.5560743E+03   7.2100000E+02   0.0000000E+00   0.0000000E+00   0.0000000E+00
   1.5560818E+03   7.9600000E+02   0.0000000E+00   0.0000000E+00   0.0000000E+00
   1.5560894E+03   7.1500000E+02   0.0000000E+00   0.0000000E+00   0.0000000E+00
   1.5560969E+03   7.4000000E+02   0.0000000E+00   0.0000000E+00   0.0000000E+00
   1.5561044E+03   7.4700000E+02   0.0000000E+00   0.0000000E+00   0.0000000E+00
   1.5561120E+03   7.3300000E+02   0.0000000E+00   0.0000000E+00   0.0000000E+00
   1.5561195E+03   7.8200000E+02   0.0000000E+00   0.0000000E+00   0.0000000E+00
   1.5561270E+03   7.4600000E+02   0.0000000E+00   0.0000000E+00   0.0000000E+00
   1.5561345E+03   7.5100000E+02   0.0000000E+00   0.0000000E+00   0.0000000E+00
   1.5561421E+03   7.5600000E+02   0.0000000E+00   0.0000000E+00   0.0000000E+00
   1.5561496E+03   7.5800000E+02   0.0000000E+00   0.0000000E+00   0.0000000E+00
   1.5561571E+03   7.3900000E+02   0.0000000E+00   0.0000000E+00   0.0000000E+00
   1.5561647E+03   7.2000000E+02   0.0000000E+00   0.0000000E+00   0.0000000E+00
   1.5561722E+03   7.0500000E+02   0.0000000E+00   0.0000000E+00   0.0000000E+00
   1.5561797E+03   7.5900000E+02   0.0000000E+00   0.0000000E+00   0.0000000E+00
   1.5561872E+03   7.6900000E+02   0.0000000E+00   0.0000000E+00   0.0000000E+00
   1.5561948E+03   7.1700000E+02   0.0000000E+00   0.0000000E+00   0.0000000E+00
   1.5562023E+03   7.6300000E+02   0.0000000E+00   0.0000000E+00   0.0000000E+00
   1.5562098E+03   7.6600000E+02   0.0000000E+00   0.0000000E+00   0.0000000E+00
   1.5562174E+03   7.6000000E+02   0.0000000E+00   0.0000000E+00   0.0000000E+00
   1.5562249E+03   7.4600000E+02   0.0000000E+00   0.0000000E+00   0.0000000E+00
   1.5562324E+03   7.8500000E+02   0.0000000E+00   0.0000000E+00   0.0000000E+00
   1.5562399E+03   7.5100000E+02   0.0000000E+00   0.0000000E+00   0.0000000E+00
   1.5562475E+03   7.5300000E+02   0.0000000E+00   0.0000000E+00   0.0000000E+00
   1.5562550E+03   7.5900000E+02   0.0000000E+00   0.0000000E+00   0.0000000E+00
   1.5562625E+03   7.9300000E+02   0.0000000E+00   0.0000000E+00   0.0000000E+00
   1.5562701E+03   7.5900000E+02   0.0000000E+00   0.0000000E+00   0.0000000E+00
   1.5562776E+03   7.7400000E+02   0.0000000E+00   0.0000000E+00   0.0000000E+00
   1.5562851E+03   7.5900000E+02   0.0000000E+00   0.0000000E+00   0.0000000E+00
   1.5562926E+03   7.2100000E+02   0.0000000E+00   0.0000000E+00   0.0000000E+00
   1.5563002E+03   7.8700000E+02   0.0000000E+00   0.0000000E+00   0.0000000E+00
   1.5563077E+03   7.3000000E+02   0.0000000E+00   0.0000000E+00   0.0000000E+00
   1.5563152E+03   7.7300000E+02   0.0000000E+00   0.0000000E+00   0.0000000E+00
   1.5563228E+03   7.3800000E+02   0.0000000E+00   0.0000000E+00   0.0000000E+00
   1.5563303E+03   7.3200000E+02   0.0000000E+00   0.0000000E+00   0.0000000E+00
   1.5563378E+03   6.8800000E+02   0.0000000E+00   0.0000000E+00   0.0000000E+00
   1.5563453E+03   7.2700000E+02   0.0000000E+00   0.0000000E+00   0.0000000E+00
   1.5563529E+03   7.9400000E+02   0.0000000E+00   0.0000000E+00   0.0000000E+00
   1.5563604E+03   7.8600000E+02   0.0000000E+00   0.0000000E+00   0.0000000E+00
   1.5563679E+03   7.2300000E+02   0.0000000E+00   0.0000000E+00   0.0000000E+00
   1.5563755E+03   8.1700000E+02   0.0000000E+00   0.0000000E+00   0.0000000E+00
   1.5563830E+03   7.1500000E+02   0.0000000E+00   0.0000000E+00   0.0000000E+00
   1.5563905E+03   8.0000000E+02   0.0000000E+00   0.0000000E+00   0.0000000E+00
   1.5563980E+03   7.4500000E+02   0.0000000E+00   0.0000000E+00   0.0000000E+00
   1.5564056E+03   7.9300000E+02   0.0000000E+00   0.0000000E+00   0.0000000E+00
   1.5564131E+03   7.3700000E+02   0.0000000E+00   0.0000000E+00   0.0000000E+00
   1.5564206E+03   7.4900000E+02   0.0000000E+00   0.0000000E+00   0.0000000E+00
   1.5564282E+03   7.3700000E+02   0.0000000E+00   0.0000000E+00   0.0000000E+00
   1.5564357E+03   8.0100000E+02   0.0000000E+00   0.0000000E+00   0.0000000E+00
   1.5564432E+03   7.9500000E+02   0.0000000E+00   0.0000000E+00   0.0000000E+00
   1.5564507E+03   7.3000000E+02   0.0000000E+00   0.0000000E+00   0.0000000E+00
   1.5564583E+03   7.8400000E+02   0.0000000E+00   0.0000000E+00   0.0000000E+00
   1.5564658E+03   7.1700000E+02   0.0000000E+00   0.0000000E+00   0.0000000E+00
   1.5564733E+03   7.6900000E+02   0.0000000E+00   0.0000000E+00   0.0000000E+00
   1.5564808E+03   7.1900000E+02   0.0000000E+00   0.0000000E+00   0.0000000E+00
   1.5564884E+03   7.2400000E+02   0.0000000E+00   0.0000000E+00   0.0000000E+00
   1.5564959E+03   7.1300000E+02   0.0000000E+00   0.0000000E+00   0.0000000E+00
   1.5565034E+03   7.7500000E+02   0.0000000E+00   0.0000000E+00   0.0000000E+00
   1.5565110E+03   7.2200000E+02   0.0000000E+00   0.0000000E+00   0.0000000E+00
   1.5565185E+03   7.7700000E+02   0.0000000E+00   0.0000000E+00   0.0000000E+00
   1.5565260E+03   7.1400000E+02   0.0000000E+00   0.0000000E+00   0.0000000E+00
   1.5565335E+03   7.3500000E+02   0.0000000E+00   0.0000000E+00   0.0000000E+00
   1.5565411E+03   7.8500000E+02   0.0000000E+00   0.0000000E+00   0.0000000E+00
   1.5565486E+03   7.4400000E+02   1.0000000E+00   2.2611599E-04   1.6823030E-01
   1.5565561E+03   7.7600000E+02   0.0000000E+00   0.0000000E+00   0.0000000E+00
   1.5565637E+03   7.4300000E+02   0.0000000E+00   0.0000000E+00   0.0000000E+00
   1.5565712E+03   8.2000000E+02   0.0000000E+00   0.0000000E+00   0.0000000E+00
   1.5565787E+03   7.7000000E+02   0.0000000E+00   0.0000000E+00   0.0000000E+00
   1.5565862E+03   7.5600000E+02   0.0000000E+00   0.0000000E+00   0.0000000E+00
   1.5565938E+03   7.3600000E+02   0.0000000E+00   0.0000000E+00   0.0000000E+00
   1.5566013E+03   8.1100000E+02   0.0000000E+00   0.0000000E+00   0.0000000E+00
   1.5566088E+03   7.1500000E+02   0.0000000E+00   0.0000000E+00   0.0000000E+00
   1.5566164E+03   7.7500000E+02   0.0000000E+00   0.0000000E+00   0.0000000E+00
   1.5566239E+03   7.3300000E+02   0.0000000E+00   0.0000000E+00   0.0000000E+00
   1.5566314E+03   7.5500000E+02   0.0000000E+00   0.0000000E+00   0.0000000E+00
   1.5566389E+03   7.8900000E+02   0.0000000E+00   0.0000000E+00   0.0000000E+00
   1.5566465E+03   7.5900000E+02   0.0000000E+00   0.0000000E+00   0.0000000E+00
   1.5566540E+03   7.2200000E+02   0.0000000E+00   0.0000000E+00   0.0000000E+00
   1.5566615E+03   7.6700000E+02   0.0000000E+00   0.0000000E+00   0.0000000E+00
   1.5566691E+03   7.8600000E+02   0.0000000E+00   0.0000000E+00   0.0000000E+00
   1.5566766E+03   7.6600000E+02   0.0000000E+00   0.0000000E+00   0.0000000E+00
   1.5566841E+03   7.1600000E+02   0.0000000E+00   0.0000000E+00   0.0000000E+00
   1.5566916E+03   7.5200000E+02   0.0000000E+00   0.0000000E+00   0.0000000E+00
   1.5566992E+03   7.9600000E+02   0.0000000E+00   0.0000000E+00   0.0000000E+00
   1.5567067E+03   7.3100000E+02   0.0000000E+00   0.0000000E+00   0.0000000E+00
   1.5567142E+03   6.9700000E+02   0.0000000E+00   0.0000000E+00   0.0000000E+00
   1.5567218E+03   7.5100000E+02   0.0000000E+00   0.0000000E+00   0.0000000E+00
   1.5567293E+03   7.5400000E+02   0.0000000E+00   0.0000000E+00   0.0000000E+00
   1.5567368E+03   7.6300000E+02   0.0000000E+00   0.0000000E+00   0.0000000E+00
   1.5567443E+03   7.3900000E+02   0.0000000E+00   0.0000000E+00   0.0000000E+00
   1.5567519E+03   7.1900000E+02   0.0000000E+00   0.0000000E+00   0.0000000E+00
   1.5567594E+03   7.3800000E+02   0.0000000E+00   0.0000000E+00   0.0000000E+00
   1.5567669E+03   7.7700000E+02   0.0000000E+00   0.0000000E+00   0.0000000E+00
   1.5567745E+03   7.5600000E+02   0.0000000E+00   0.0000000E+00   0.0000000E+00
   1.5567820E+03   7.7100000E+02   0.0000000E+00   0.0000000E+00   0.0000000E+00
   1.5567895E+03   7.2000000E+02   0.0000000E+00   0.0000000E+00   0.0000000E+00
   1.5567970E+03   7.6700000E+02   0.0000000E+00   0.0000000E+00   0.0000000E+00
   1.5568046E+03   7.7600000E+02   0.0000000E+00   0.0000000E+00   0.0000000E+00
   1.5568121E+03   7.5400000E+02   0.0000000E+00   0.0000000E+00   0.0000000E+00
   1.5568196E+03   7.8900000E+02   0.0000000E+00   0.0000000E+00   0.0000000E+00
   1.5568272E+03   7.4200000E+02   0.0000000E+00   0.0000000E+00   0.0000000E+00
   1.5568347E+03   7.5400000E+02   0.0000000E+00   0.0000000E+00   0.0000000E+00
   1.5568422E+03   7.4700000E+02   0.0000000E+00   0.0000000E+00   0.0000000E+00
   1.5568497E+03   7.4700000E+02   0.0000000E+00   0.0000000E+00   0.0000000E+00
   1.5568573E+03   7.3800000E+02   0.0000000E+00   0.0000000E+00   0.0000000E+00
   1.5568648E+03   7.3800000E+02   0.0000000E+00   0.0000000E+00   0.0000000E+00
   1.5568723E+03   7.5600000E+02   0.0000000E+00   0.0000000E+00   0.0000000E+00
   1.5568799E+03   7.2700000E+02   0.0000000E+00   0.0000000E+00   0.0000000E+00
   1.5568874E+03   7.2400000E+02   0.0000000E+00   0.0000000E+00   0.0000000E+00
   1.5568949E+03   7.5400000E+02   0.0000000E+00   0.0000000E+00   0.0000000E+00
   1.5569024E+03   7.6800000E+02   0.0000000E+00   0.0000000E+00   0.0000000E+00
   1.5569100E+03   7.5500000E+02   0.0000000E+00   0.0000000E+00   0.0000000E+00
   1.5569175E+03   8.0600000E+02   0.0000000E+00   0.0000000E+00   0.0000000E+00
   1.5569250E+03   7.4000000E+02   0.0000000E+00   0.0000000E+00   0.0000000E+00
   1.5569325E+03   7.4800000E+02   0.0000000E+00   0.0000000E+00   0.0000000E+00
   1.5569401E+03   7.2200000E+02   0.0000000E+00   0.0000000E+00   0.0000000E+00
   1.5569476E+03   7.9600000E+02   0.0000000E+00   0.0000000E+00   0.0000000E+00
   1.5569551E+03   7.7700000E+02   0.0000000E+00   0.0000000E+00   0.0000000E+00
   1.5569627E+03   7.6300000E+02   0.0000000E+00   0.0000000E+00   0.0000000E+00
   1.5569702E+03   7.0700000E+02   0.0000000E+00   0.0000000E+00   0.0000000E+00
   1.5569777E+03   7.2600000E+02   0.0000000E+00   0.0000000E+00   0.0000000E+00
   1.5569852E+03   7.5500000E+02   0.0000000E+00   0.0000000E+00   0.0000000E+00
   1.5569928E+03   7.4900000E+02   0.0000000E+00   0.0000000E+00   0.0000000E+00
   1.5570003E+03   7.9500000E+02   0.0000000E+00   0.0000000E+00   0.0000000E+00
   1.5570078E+03   7.1600000E+02   0.0000000E+00   0.0000000E+00   0.0000000E+00
   1.5570154E+03   7.5700000E+02   0.0000000E+00   0.0000000E+00   0.0000000E+00
   1.5570229E+03   7.2100000E+02   0.0000000E+00   0.0000000E+00   0.0000000E+00
   1.5570304E+03   6.9900000E+02   0.0000000E+00   0.0000000E+00   0.0000000E+00
   1.5570379E+03   7.9600000E+02   0.0000000E+00   0.0000000E+00   0.0000000E+00
   1.5570455E+03   7.4000000E+02   0.0000000E+00   0.0000000E+00   0.0000000E+00
   1.5570530E+03   8.1700000E+02   0.0000000E+00   0.0000000E+00   0.0000000E+00
   1.5570605E+03   7.1200000E+02   0.0000000E+00   0.0000000E+00   0.0000000E+00
   1.5570681E+03   7.7000000E+02   0.0000000E+00   0.0000000E+00   0.0000000E+00
   1.5570756E+03   7.1600000E+02   0.0000000E+00   0.0000000E+00   0.0000000E+00
   1.5570831E+03   7.6000000E+02   0.0000000E+00   0.0000000E+00   0.0000000E+00
   1.5570906E+03   7.8000000E+02   0.0000000E+00   0.0000000E+00   0.0000000E+00
   1.5570982E+03   7.5200000E+02   0.0000000E+00   0.0000000E+00   0.0000000E+00
   1.5571057E+03   7.2900000E+02   0.0000000E+00   0.0000000E+00   0.0000000E+00
   1.5571132E+03   7.7100000E+02   0.0000000E+00   0.0000000E+00   0.0000000E+00
   1.5571208E+03   7.6200000E+02   0.0000000E+00   0.0000000E+00   0.0000000E+00
   1.5571283E+03   7.3400000E+02   0.0000000E+00   0.0000000E+00   0.0000000E+00
   1.5571358E+03   7.5900000E+02   0.0000000E+00   0.0000000E+00   0.0000000E+00
   1.5571433E+03   7.5500000E+02   0.0000000E+00   0.0000000E+00   0.0000000E+00
   1.5571509E+03   6.8400000E+02   0.0000000E+00   0.0000000E+00   0.0000000E+00
   1.5571584E+03   7.5300000E+02   0.0000000E+00   0.0000000E+00   0.0000000E+00
   1.5571659E+03   7.4600000E+02   0.0000000E+00   0.0000000E+00   0.0000000E+00
   1.5571735E+03   7.9300000E+02   0.0000000E+00   0.0000000E+00   0.0000000E+00
   1.5571810E+03   7.4700000E+02   0.0000000E+00   0.0000000E+00   0.0000000E+00
   1.5571885E+03   7.7900000E+02   0.0000000E+00   0.0000000E+00   0.0000000E+00
   1.5571960E+03   7.8900000E+02   0.0000000E+00   0.0000000E+00   0.0000000E+00
   1.5572036E+03   7.6100000E+02   0.0000000E+00   0.0000000E+00   0.0000000E+00
   1.5572111E+03   7.6600000E+02   0.0000000E+00   0.0000000E+00   0.0000000E+00
   1.5572186E+03   7.2600000E+02   0.0000000E+00   0.0000000E+00   0.0000000E+00
   1.5572262E+03   7.8900000E+02   0.0000000E+00   0.0000000E+00   0.0000000E+00
   1.5572337E+03   7.7100000E+02   0.0000000E+00   0.0000000E+00   0.0000000E+00
   1.5572412E+03   7.2100000E+02   0.0000000E+00   0.0000000E+00   0.0000000E+00
   1.5572487E+03   7.2700000E+02   0.0000000E+00   0.0000000E+00   0.0000000E+00
   1.5572563E+03   7.2500000E+02   0.0000000E+00   0.0000000E+00   0.0000000E+00
   1.5572638E+03   7.2100000E+02   0.0000000E+00   0.0000000E+00   0.0000000E+00
   1.5572713E+03   7.7300000E+02   0.0000000E+00   0.0000000E+00   0.0000000E+00
   1.5572789E+03   7.0800000E+02   0.0000000E+00   0.0000000E+00   0.0000000E+00
   1.5572864E+03   7.3200000E+02   0.0000000E+00   0.0000000E+00   0.0000000E+00
   1.5572939E+03   7.6600000E+02   0.0000000E+00   0.0000000E+00   0.0000000E+00
   1.5573014E+03   7.5400000E+02   0.0000000E+00   0.0000000E+00   0.0000000E+00
   1.5573090E+03   7.7400000E+02   0.0000000E+00   0.0000000E+00   0.0000000E+00
   1.5573165E+03   7.2100000E+02   0.0000000E+00   0.0000000E+00   0.0000000E+00
   1.5573240E+03   7.2700000E+02   0.0000000E+00   0.0000000E+00   0.0000000E+00
   1.5573316E+03   7.9100000E+02   0.0000000E+00   0.0000000E+00   0.0000000E+00
   1.5573391E+03   7.5600000E+02   0.0000000E+00   0.0000000E+00   0.0000000E+00
   1.5573466E+03   7.0400000E+02   0.0000000E+00   0.0000000E+00   0.0000000E+00
   1.5573541E+03   7.8800000E+02   0.0000000E+00   0.0000000E+00   0.0000000E+00
   1.5573617E+03   7.4400000E+02   0.0000000E+00   0.0000000E+00   0.0000000E+00
   1.5573692E+03   7.3800000E+02   0.0000000E+00   0.0000000E+00   0.0000000E+00
   1.5573767E+03   7.5200000E+02   0.0000000E+00   0.0000000E+00   0.0000000E+00
   1.5573842E+03   7.7300000E+02   0.0000000E+00   0.0000000E+00   0.0000000E+00
   1.5573918E+03   7.6500000E+02   0.0000000E+00   0.0000000E+00   0.0000000E+00
   1.5573993E+03   7.1700000E+02   0.0000000E+00   0.0000000E+00   0.0000000E+00
   1.5574068E+03   7.2300000E+02   0.0000000E+00   0.0000000E+00   0.0000000E+00
   1.5574144E+03   7.9400000E+02   0.0000000E+00   0.0000000E+00   0.0000000E+00
   1.5574219E+03   7.5000000E+02   0.0000000E+00   0.0000000E+00   0.0000000E+00
   1.5574294E+03   7.7000000E+02   0.0000000E+00   0.0000000E+00   0.0000000E+00
   1.5574369E+03   7.1300000E+02   0.0000000E+00   0.0000000E+00   0.0000000E+00
   1.5574445E+03   7.5900000E+02   0.0000000E+00   0.0000000E+00   0.0000000E+00
   1.5574520E+03   7.1100000E+02   0.0000000E+00   0.0000000E+00   0.0000000E+00
   1.5574595E+03   7.2000000E+02   0.0000000E+00   0.0000000E+00   0.0000000E+00
   1.5574671E+03   7.3900000E+02   0.0000000E+00   0.0000000E+00   0.0000000E+00
   1.5574746E+03   7.4300000E+02   0.0000000E+00   0.0000000E+00   0.0000000E+00
   1.5574821E+03   7.0500000E+02   0.0000000E+00   0.0000000E+00   0.0000000E+00
   1.5574896E+03   7.4600000E+02   0.0000000E+00   0.0000000E+00   0.0000000E+00
   1.5574972E+03   7.2300000E+02   0.0000000E+00   0.0000000E+00   0.0000000E+00
   1.5575047E+03   7.2000000E+02   0.0000000E+00   0.0000000E+00   0.0000000E+00
   1.5575122E+03   7.3700000E+02   0.0000000E+00   0.0000000E+00   0.0000000E+00
   1.5575198E+03   7.7600000E+02   0.0000000E+00   0.0000000E+00   0.0000000E+00
   1.5575273E+03   6.9800000E+02   0.0000000E+00   0.0000000E+00   0.0000000E+00
   1.5575348E+03   7.3200000E+02   0.0000000E+00   0.0000000E+00   0.0000000E+00
   1.5575423E+03   7.2900000E+02   0.0000000E+00   0.0000000E+00   0.0000000E+00
   1.5575499E+03   7.4700000E+02   0.0000000E+00   0.0000000E+00   0.0000000E+00
   1.5575574E+03   7.7000000E+02   0.0000000E+00   0.0000000E+00   0.0000000E+00
   1.5575649E+03   7.1500000E+02   0.0000000E+00   0.0000000E+00   0.0000000E+00
   1.5575725E+03   7.7000000E+02   0.0000000E+00   0.0000000E+00   0.0000000E+00
   1.5575800E+03   7.2700000E+02   0.0000000E+00   0.0000000E+00   0.0000000E+00
   1.5575875E+03   7.5100000E+02   0.0000000E+00   0.0000000E+00   0.0000000E+00
   1.5575950E+03   7.7200000E+02   0.0000000E+00   0.0000000E+00   0.0000000E+00
   1.5576026E+03   7.4300000E+02   0.0000000E+00   0.0000000E+00   0.0000000E+00
   1.5576101E+03   7.3900000E+02   0.0000000E+00   0.0000000E+00   0.0000000E+00
   1.5576176E+03   7.2400000E+02   0.0000000E+00   0.0000000E+00   0.0000000E+00
   1.5576252E+03   7.1400000E+02   0.0000000E+00   0.0000000E+00   0.0000000E+00
   1.5576327E+03   8.0200000E+02   0.0000000E+00   0.0000000E+00   0.0000000E+00
   1.5576402E+03   7.3500000E+02   0.0000000E+00   0.0000000E+00   0.0000000E+00
   1.5576477E+03   7.7700000E+02   0.0000000E+00   0.0000000E+00   0.0000000E+00
   1.5576553E+03   7.6100000E+02   0.0000000E+00   0.0000000E+00   0.0000000E+00
   1.5576628E+03   7.3100000E+02   0.0000000E+00   0.0000000E+00   0.0000000E+00
   1.5576703E+03   7.1800000E+02   0.0000000E+00   0.0000000E+00   0.0000000E+00
   1.5576779E+03   7.9600000E+02   0.0000000E+00   0.0000000E+00   0.0000000E+00
   1.5576854E+03   7.1500000E+02   0.0000000E+00   0.0000000E+00   0.0000000E+00
   1.5576929E+03   7.9100000E+02   0.0000000E+00   0.0000000E+00   0.0000000E+00
   1.5577004E+03   7.3600000E+02   0.0000000E+00   0.0000000E+00   0.0000000E+00
   1.5577080E+03   7.3100000E+02   0.0000000E+00   0.0000000E+00   0.0000000E+00
   1.5577155E+03   7.5600000E+02   0.0000000E+00   0.0000000E+00   0.0000000E+00
   1.5577230E+03   7.1000000E+02   0.0000000E+00   0.0000000E+00   0.0000000E+00
   1.5577306E+03   7.2800000E+02   0.0000000E+00   0.0000000E+00   0.0000000E+00
   1.5577381E+03   7.4000000E+02   0.0000000E+00   0.0000000E+00   0.0000000E+00
   1.5577456E+03   7.8700000E+02   0.0000000E+00   0.0000000E+00   0.0000000E+00
   1.5577531E+03   7.3900000E+02   0.0000000E+00   0.0000000E+00   0.0000000E+00
   1.5577607E+03   7.6000000E+02   0.0000000E+00   0.0000000E+00   0.0000000E+00
   1.5577682E+03   7.6800000E+02   0.0000000E+00   0.0000000E+00   0.0000000E+00
   1.5577757E+03   7.4700000E+02   0.0000000E+00   0.0000000E+00   0.0000000E+00
   1.5577833E+03   7.7200000E+02   0.0000000E+00   0.0000000E+00   0.0000000E+00
   1.5577908E+03   7.8800000E+02   0.0000000E+00   0.0000000E+00   0.0000000E+00
   1.5577983E+03   7.6300000E+02   0.0000000E+00   0.0000000E+00   0.0000000E+00
   1.5578058E+03   7.5500000E+02   0.0000000E+00   0.0000000E+00   0.0000000E+00
   1.5578134E+03   7.9600000E+02   0.0000000E+00   0.0000000E+00   0.0000000E+00
   1.5578209E+03   7.5600000E+02   0.0000000E+00   0.0000000E+00   0.0000000E+00
   1.5578284E+03   7.3500000E+02   0.0000000E+00   0.0000000E+00   0.0000000E+00
   1.5578359E+03   7.7600000E+02   0.0000000E+00   0.0000000E+00   0.0000000E+00
   1.5578435E+03   7.0100000E+02   0.0000000E+00   0.0000000E+00   0.0000000E+00
   1.5578510E+03   7.5100000E+02   0.0000000E+00   0.0000000E+00   0.0000000E+00
   1.5578585E+03   7.0900000E+02   0.0000000E+00   0.0000000E+00   0.0000000E+00
   1.5578661E+03   7.7600000E+02   1.0000000E+00   7.2987866E-04   5.6638584E-01
   1.5578736E+03   7.7800000E+02   0.0000000E+00   0.0000000E+00   0.0000000E+00
   1.5578811E+03   7.6600000E+02   0.0000000E+00   0.0000000E+00   0.0000000E+00
   1.5578886E+03   7.1700000E+02   0.0000000E+00   0.0000000E+00   0.0000000E+00
   1.5578962E+03   7.9400000E+02   0.0000000E+00   0.0000000E+00   0.0000000E+00
   1.5579037E+03   7.8900000E+02   0.0000000E+00   0.0000000E+00   0.0000000E+00
   1.5579112E+03   7.8500000E+02   0.0000000E+00   0.0000000E+00   0.0000000E+00
   1.5579188E+03   7.7900000E+02   0.0000000E+00   0.0000000E+00   0.0000000E+00
   1.5579263E+03   7.2300000E+02   0.0000000E+00   0.0000000E+00   0.0000000E+00
   1.5579338E+03   7.4600000E+02   0.0000000E+00   0.0000000E+00   0.0000000E+00
   1.5579413E+03   8.0800000E+02   0.0000000E+00   0.0000000E+00   0.0000000E+00
   1.5579489E+03   7.0300000E+02   0.0000000E+00   0.0000000E+00   0.0000000E+00
   1.5579564E+03   7.1900000E+02   0.0000000E+00   0.0000000E+00   0.0000000E+00
   1.5579639E+03   7.3200000E+02   0.0000000E+00   0.0000000E+00   0.0000000E+00
   1.5579715E+03   7.9200000E+02   0.0000000E+00   0.0000000E+00   0.0000000E+00
   1.5579790E+03   7.9100000E+02   0.0000000E+00   0.0000000E+00   0.0000000E+00
   1.5579865E+03   7.2400000E+02   0.0000000E+00   0.0000000E+00   0.0000000E+00
   1.5579940E+03   7.6100000E+02   0.0000000E+00   0.0000000E+00   0.0000000E+00
   1.5580016E+03   7.7500000E+02   0.0000000E+00   0.0000000E+00   0.0000000E+00
   1.5580091E+03   7.4900000E+02   0.0000000E+00   0.0000000E+00   0.0000000E+00
   1.5580166E+03   7.2500000E+02   0.0000000E+00   0.0000000E+00   0.0000000E+00
   1.5580242E+03   7.2400000E+02   0.0000000E+00   0.0000000E+00   0.0000000E+00
   1.5580317E+03   7.8600000E+02   0.0000000E+00   0.0000000E+00   0.0000000E+00
   1.5580392E+03   7.9000000E+02   0.0000000E+00   0.0000000E+00   0.0000000E+00
   1.5580467E+03   6.8700000E+02   0.0000000E+00   0.0000000E+00   0.0000000E+00
   1.5580543E+03   7.5900000E+02   0.0000000E+00   0.0000000E+00   0.0000000E+00
   1.5580618E+03   7.8500000E+02   0.0000000E+00   0.0000000E+00   0.0000000E+00
   1.5580693E+03   7.9200000E+02   0.0000000E+00   0.0000000E+00   0.0000000E+00
   1.5580769E+03   7.8300000E+02   0.0000000E+00   0.0000000E+00   0.0000000E+00
   1.5580844E+03   7.3300000E+02   0.0000000E+00   0.0000000E+00   0.0000000E+00
   1.5580919E+03   7.3800000E+02   0.0000000E+00   0.0000000E+00   0.0000000E+00
   1.5580994E+03   7.4900000E+02   0.0000000E+00   0.0000000E+00   0.0000000E+00
   1.5581070E+03   8.0400000E+02   0.0000000E+00   0.0000000E+00   0.0000000E+00
   1.5581145E+03   7.1800000E+02   0.0000000E+00   0.0000000E+00   0.0000000E+00
   1.5581220E+03   6.7300000E+02   0.0000000E+00   0.0000000E+00   0.0000000E+00
   1.5581296E+03   8.1200000E+02   0.0000000E+00   0.0000000E+00   0.0000000E+00
   1.5581371E+03   7.5800000E+02   0.0000000E+00   0.0000000E+00   0.0000000E+00
   1.5581446E+03   7.1100000E+02   0.0000000E+00   0.0000000E+00   0.0000000E+00
   1.5581521E+03   7.7300000E+02   0.0000000E+00   0.0000000E+00   0.0000000E+00
   1.5581597E+03   7.5900000E+02   0.0000000E+00   0.0000000E+00   0.0000000E+00
   1.5581672E+03   7.5900000E+02   0.0000000E+00   0.0000000E+00   0.0000000E+00
   1.5581747E+03   7.5700000E+02   0.0000000E+00   0.0000000E+00   0.0000000E+00
   1.5581823E+03   7.7200000E+02   0.0000000E+00   0.0000000E+00   0.0000000E+00
   1.5581898E+03   7.5200000E+02   0.0000000E+00   0.0000000E+00   0.0000000E+00
   1.5581973E+03   7.6300000E+02   0.0000000E+00   0.0000000E+00   0.0000000E+00
   1.5582048E+03   7.2100000E+02   0.0000000E+00   0.0000000E+00   0.0000000E+00
   1.5582124E+03   7.5900000E+02   0.0000000E+00   0.0000000E+00   0.0000000E+00
   1.5582199E+03   6.7300000E+02   0.0000000E+00   0.0000000E+00   0.0000000E+00
   1.5582274E+03   7.5000000E+02   0.0000000E+00   0.0000000E+00   0.0000000E+00
   1.5582350E+03   7.5200000E+02   0.0000000E+00   0.0000000E+00   0.0000000E+00
   1.5582425E+03   7.1900000E+02   0.0000000E+00   0.0000000E+00   0.0000000E+00
   1.5582500E+03   7.6400000E+02   0.0000000E+00   0.0000000E+00   0.0000000E+00
   1.5582575E+03   7.3400000E+02   1.0000000E+00   6.6838490E-04   4.9059451E-01
   1.5582651E+03   7.6600000E+02   0.0000000E+00   0.0000000E+00   0.0000000E+00
   1.5582726E+03   7.9800000E+02   0.0000000E+00   0.0000000E+00   0.0000000E+00
   1.5582801E+03   7.0700000E+02   0.0000000E+00   0.0000000E+00   0.0000000E+00
   1.5582876E+03   7.4500000E+02   0.0000000E+00   0.0000000E+00   0.0000000E+00
   1.5582952E+03   7.6900000E+02   0.0000000E+00   0.0000000E+00   0.0000000E+00
   1.5583027E+03   7.4000000E+02   0.0000000E+00   0.0000000E+00   0.0000000E+00
   1.5583102E+03   7.7800000E+02   0.0000000E+00   0.0000000E+00   0.0000000E+00
   1.5583178E+03   7.6900000E+02   0.0000000E+00   0.0000000E+00   0.0000000E+00
   1.5583253E+03   7.5700000E+02   0.0000000E+00   0.0000000E+00   0.0000000E+00
   1.5583328E+03   7.6500000E+02   0.0000000E+00   0.0000000E+00   0.0000000E+00
   1.5583403E+03   7.7900000E+02   0.0000000E+00   0.0000000E+00   0.0000000E+00
   1.5583479E+03   7.1400000E+02   0.0000000E+00   0.0000000E+00   0.0000000E+00
   1.5583554E+03   7.4000000E+02   0.0000000E+00   0.0000000E+00   0.0000000E+00
   1.5583629E+03   7.3700000E+02   0.0000000E+00   0.0000000E+00   0.0000000E+00
   1.5583705E+03   7.5800000E+02   0.0000000E+00   0.0000000E+00   0.0000000E+00
   1.5583780E+03   7.6400000E+02   0.0000000E+00   0.0000000E+00   0.0000000E+00
   1.5583855E+03   7.4800000E+02   0.0000000E+00   0.0000000E+00   0.0000000E+00
   1.5583930E+03   7.3500000E+02   0.0000000E+00   0.0000000E+00   0.0000000E+00
   1.5584006E+03   7.5800000E+02   0.0000000E+00   0.0000000E+00   0.0000000E+00
   1.5584081E+03   7.6200000E+02   0.0000000E+00   0.0000000E+00   0.0000000E+00
   1.5584156E+03   7.7500000E+02   0.0000000E+00   0.0000000E+00   0.0000000E+00
   1.5584232E+03   7.7100000E+02   0.0000000E+00   0.0000000E+00   0.0000000E+00
   1.5584307E+03   7.7200000E+02   0.0000000E+00   0.0000000E+00   0.0000000E+00
   1.5584382E+03   8.0000000E+02   0.0000000E+00   0.0000000E+00   0.0000000E+00
   1.5584457E+03   7.6400000E+02   0.0000000E+00   0.0000000E+00   0.0000000E+00
   1.5584533E+03   7.4800000E+02   0.0000000E+00   0.0000000E+00   0.0000000E+00
   1.5584608E+03   7.2500000E+02   0.0000000E+00   0.0000000E+00   0.0000000E+00
   1.5584683E+03   7.9600000E+02   0.0000000E+00   0.0000000E+00   0.0000000E+00
   1.5584759E+03   7.9300000E+02   0.0000000E+00   0.0000000E+00   0.0000000E+00
   1.5584834E+03   7.7300000E+02   0.0000000E+00   0.0000000E+00   0.0000000E+00
   1.5584909E+03   7.1600000E+02   0.0000000E+00   0.0000000E+00   0.0000000E+00
   1.5584984E+03   7.5300000E+02   0.0000000E+00   0.0000000E+00   0.0000000E+00
   1.5585060E+03   8.1000000E+02   0.0000000E+00   0.0000000E+00   0.0000000E+00
   1.5585135E+03   7.4700000E+02   0.0000000E+00   0.0000000E+00   0.0000000E+00
   1.5585210E+03   8.1100000E+02   0.0000000E+00   0.0000000E+00   0.0000000E+00
   1.5585286E+03   7.1200000E+02   0.0000000E+00   0.0000000E+00   0.0000000E+00
   1.5585361E+03   7.5200000E+02   0.0000000E+00   0.0000000E+00   0.0000000E+00
   1.5585436E+03   7.6800000E+02   0.0000000E+00   0.0000000E+00   0.0000000E+00
   1.5585511E+03   7.4500000E+02   0.0000000E+00   0.0000000E+00   0.0000000E+00
   1.5585587E+03   7.9800000E+02   0.0000000E+00   0.0000000E+00   0.0000000E+00
   1.5585662E+03   7.8600000E+02   0.0000000E+00   0.0000000E+00   0.0000000E+00
   1.5585737E+03   7.5600000E+02   0.0000000E+00   0.0000000E+00   0.0000000E+00
   1.5585813E+03   7.8400000E+02   0.0000000E+00   0.0000000E+00   0.0000000E+00
   1.5585888E+03   7.1800000E+02   0.0000000E+00   0.0000000E+00   0.0000000E+00
   1.5585963E+03   7.8100000E+02   0.0000000E+00   0.0000000E+00   0.0000000E+00
   1.5586038E+03   7.6000000E+02   0.0000000E+00   0.0000000E+00   0.0000000E+00
   1.5586114E+03   7.1100000E+02   0.0000000E+00   0.0000000E+00   0.0000000E+00
   1.5586189E+03   7.1300000E+02   0.0000000E+00   0.0000000E+00   0.0000000E+00
   1.5586264E+03   7.5800000E+02   0.0000000E+00   0.0000000E+00   0.0000000E+00
   1.5586340E+03   7.8800000E+02   0.0000000E+00   0.0000000E+00   0.0000000E+00
   1.5586415E+03   7.2500000E+02   0.0000000E+00   0.0000000E+00   0.0000000E+00
   1.5586490E+03   7.7300000E+02   0.0000000E+00   0.0000000E+00   0.0000000E+00
   1.5586565E+03   7.6900000E+02   0.0000000E+00   0.0000000E+00   0.0000000E+00
   1.5586641E+03   7.8700000E+02   0.0000000E+00   0.0000000E+00   0.0000000E+00
   1.5586716E+03   7.3000000E+02   0.0000000E+00   0.0000000E+00   0.0000000E+00
   1.5586791E+03   8.0000000E+02   0.0000000E+00   0.0000000E+00   0.0000000E+00
   1.5586867E+03   7.7100000E+02   0.0000000E+00   0.0000000E+00   0.0000000E+00
   1.5586942E+03   7.1700000E+02   0.0000000E+00   0.0000000E+00   0.0000000E+00
   1.5587017E+03   7.4900000E+02   0.0000000E+00   0.0000000E+00   0.0000000E+00
   1.5587092E+03   7.8600000E+02   0.0000000E+00   0.0000000E+00   0.0000000E+00
   1.5587168E+03   7.8400000E+02   0.0000000E+00   0.0000000E+00   0.0000000E+00
   1.5587243E+03   7.8100000E+02   0.0000000E+00   0.0000000E+00   0.0000000E+00
   1.5587318E+03   6.7800000E+02   0.0000000E+00   0.0000000E+00   0.0000000E+00
   1.5587393E+03   7.3400000E+02   0.0000000E+00   0.0000000E+00   0.0000000E+00
   1.5587469E+03   7.4600000E+02   0.0000000E+00   0.0000000E+00   0.0000000E+00
   1.5587544E+03   7.3000000E+02   0.0000000E+00   0.0000000E+00   0.0000000E+00
   1.5587619E+03   7.5700000E+02   0.0000000E+00   0.0000000E+00   0.0000000E+00
   1.5587695E+03   8.0500000E+02   0.0000000E+00   0.0000000E+00   0.0000000E+00
   1.5587770E+03   7.3900000E+02   0.0000000E+00   0.0000000E+00   0.0000000E+00
   1.5587845E+03   7.2400000E+02   0.0000000E+00   0.0000000E+00   0.0000000E+00
   1.5587920E+03   7.6800000E+02   0.0000000E+00   0.0000000E+00   0.0000000E+00
   1.5587996E+03   7.7100000E+02   0.0000000E+00   0.0000000E+00   0.0000000E+00
   1.5588071E+03   7.5300000E+02   0.0000000E+00   0.0000000E+00   0.0000000E+00
   1.5588146E+03   6.9700000E+02   0.0000000E+00   0.0000000E+00   0.0000000E+00
   1.5588222E+03   7.0300000E+02   0.0000000E+00   0.0000000E+00   0.0000000E+00
   1.5588297E+03   7.4700000E+02   0.0000000E+00   0.0000000E+00   0.0000000E+00
   1.5588372E+03   7.5600000E+02   0.0000000E+00   0.0000000E+00   0.0000000E+00
   1.5588447E+03   6.9300000E+02   0.0000000E+00   0.0000000E+00   0.0000000E+00
   1.5588523E+03   7.4400000E+02   0.0000000E+00   0.0000000E+00   0.0000000E+00
   1.5588598E+03   7.9300000E+02   0.0000000E+00   0.0000000E+00   0.0000000E+00
   1.5588673E+03   7.5400000E+02   0.0000000E+00   0.0000000E+00   0.0000000E+00
   1.5588749E+03   7.7800000E+02   0.0000000E+00   0.0000000E+00   0.0000000E+00
   1.5588824E+03   7.7200000E+02   0.0000000E+00   0.0000000E+00   0.0000000E+00
   1.5588899E+03   7.6900000E+02   0.0000000E+00   0.0000000E+00   0.0000000E+00
   1.5588974E+03   7.7500000E+02   0.0000000E+00   0.0000000E+00   0.0000000E+00
   1.5589050E+03   7.4500000E+02   0.0000000E+00   0.0000000E+00   0.0000000E+00
   1.5589125E+03   7.2600000E+02   0.0000000E+00   0.0000000E+00   0.0000000E+00
   1.5589200E+03   7.3000000E+02   0.0000000E+00   0.0000000E+00   0.0000000E+00
   1.5589276E+03   6.9800000E+02   1.0000000E+00   1.2595204E-03   8.7914523E-01
   1.5589351E+03   7.6400000E+02   0.0000000E+00   0.0000000E+00   0.0000000E+00
   1.5589426E+03   7.7100000E+02   0.0000000E+00   0.0000000E+00   0.0000000E+00
   1.5589501E+03   7.1300000E+02   0.0000000E+00   0.0000000E+00   0.0000000E+00
   1.5589577E+03   7.3900000E+02   0.0000000E+00   0.0000000E+00   0.0000000E+00
   1.5589652E+03   8.1700000E+02   0.0000000E+00   0.0000000E+00   0.0000000E+00
   1.5589727E+03   7.1200000E+02   0.0000000E+00   0.0000000E+00   0.0000000E+00
   1.5589803E+03   7.4200000E+02   0.0000000E+00   0.0000000E+00   0.0000000E+00
   1.5589878E+03   7.4400000E+02   0.0000000E+00   0.0000000E+00   0.0000000E+00
   1.5589953E+03   7.4400000E+02   0.0000000E+00   0.0000000E+00   0.0000000E+00
   1.5590028E+03   7.1100000E+02   0.0000000E+00   0.0000000E+00   0.0000000E+00
   1.5590104E+03   8.0200000E+02   0.0000000E+00   0.0000000E+00   0.0000000E+00
   1.5590179E+03   6.9800000E+02   0.0000000E+00   0.0000000E+00   0.0000000E+00
   1.5590254E+03   7.4900000E+02   0.0000000E+00   0.0000000E+00   0.0000000E+00
   1.5590330E+03   7.7400000E+02   0.0000000E+00   0.0000000E+00   0.0000000E+00
   1.5590405E+03   7.2800000E+02   0.0000000E+00   0.0000000E+00   0.0000000E+00
   1.5590480E+03   7.8000000E+02   0.0000000E+00   0.0000000E+00   0.0000000E+00
   1.5590555E+03   7.7100000E+02   0.0000000E+00   0.0000000E+00   0.0000000E+00
   1.5590631E+03   7.6500000E+02   0.0000000E+00   0.0000000E+00   0.0000000E+00
   1.5590706E+03   7.6900000E+02   0.0000000E+00   0.0000000E+00   0.0000000E+00
   1.5590781E+03   8.0100000E+02   0.0000000E+00   0.0000000E+00   0.0000000E+00
   1.5590857E+03   7.2500000E+02   0.0000000E+00   0.0000000E+00   0.0000000E+00
   1.5590932E+03   7.2400000E+02   0.0000000E+00   0.0000000E+00   0.0000000E+00
   1.5591007E+03   7.7100000E+02   0.0000000E+00   0.0000000E+00   0.0000000E+00
   1.5591082E+03   7.9000000E+02   0.0000000E+00   0.0000000E+00   0.0000000E+00
   1.5591158E+03   7.7200000E+02   0.0000000E+00   0.0000000E+00   0.0000000E+00
   1.5591233E+03   7.0700000E+02   0.0000000E+00   0.0000000E+00   0.0000000E+00
   1.5591308E+03   7.5100000E+02   0.0000000E+00   0.0000000E+00   0.0000000E+00
   1.5591384E+03   7.2900000E+02   0.0000000E+00   0.0000000E+00   0.0000000E+00
   1.5591459E+03   7.6100000E+02   0.0000000E+00   0.0000000E+00   0.0000000E+00
   1.5591534E+03   7.6600000E+02   0.0000000E+00   0.0000000E+00   0.0000000E+00
   1.5591609E+03   7.9600000E+02   0.0000000E+00   0.0000000E+00   0.0000000E+00
   1.5591685E+03   7.4300000E+02   0.0000000E+00   0.0000000E+00   0.0000000E+00
   1.5591760E+03   7.7600000E+02   0.0000000E+00   0.0000000E+00   0.0000000E+00
   1.5591835E+03   7.9900000E+02   0.0000000E+00   0.0000000E+00   0.0000000E+00
   1.5591910E+03   7.5300000E+02   0.0000000E+00   0.0000000E+00   0.0000000E+00
   1.5591986E+03   8.1300000E+02   0.0000000E+00   0.0000000E+00   0.0000000E+00
   1.5592061E+03   6.8000000E+02   0.0000000E+00   0.0000000E+00   0.0000000E+00
   1.5592136E+03   7.1800000E+02   0.0000000E+00   0.0000000E+00   0.0000000E+00
   1.5592212E+03   7.5900000E+02   0.0000000E+00   0.0000000E+00   0.0000000E+00
   1.5592287E+03   7.1700000E+02   0.0000000E+00   0.0000000E+00   0.0000000E+00
   1.5592362E+03   7.4000000E+02   0.0000000E+00   0.0000000E+00   0.0000000E+00
   1.5592437E+03   7.6800000E+02   0.0000000E+00   0.0000000E+00   0.0000000E+00
   1.5592513E+03   7.5400000E+02   0.0000000E+00   0.0000000E+00   0.0000000E+00
   1.5592588E+03   7.4400000E+02   0.0000000E+00   0.0000000E+00   0.0000000E+00
   1.5592663E+03   7.7800000E+02   0.0000000E+00   0.0000000E+00   0.0000000E+00
   1.5592739E+03   7.6600000E+02   0.0000000E+00   0.0000000E+00   0.0000000E+00
   1.5592814E+03   7.7600000E+02   0.0000000E+00   0.0000000E+00   0.0000000E+00
   1.5592889E+03   7.5700000E+02   0.0000000E+00   0.0000000E+00   0.0000000E+00
   1.5592964E+03   7.8700000E+02   0.0000000E+00   0.0000000E+00   0.0000000E+00
   1.5593040E+03   7.5500000E+02   0.0000000E+00   0.0000000E+00   0.0000000E+00
   1.5593115E+03   7.0000000E+02   0.0000000E+00   0.0000000E+00   0.0000000E+00
   1.5593190E+03   7.3500000E+02   0.0000000E+00   0.0000000E+00   0.0000000E+00
   1.5593266E+03   7.4000000E+02   0.0000000E+00   0.0000000E+00   0.0000000E+00
   1.5593341E+03   7.4800000E+02   0.0000000E+00   0.0000000E+00   0.0000000E+00
   1.5593416E+03   8.0200000E+02   0.0000000E+00   0.0000000E+00   0.0000000E+00
   1.5593491E+03   7.1000000E+02   0.0000000E+00   0.0000000E+00   0.0000000E+00
   1.5593567E+03   7.6900000E+02   0.0000000E+00   0.0000000E+00   0.0000000E+00
   1.5593642E+03   7.7100000E+02   0.0000000E+00   0.0000000E+00   0.0000000E+00
   1.5593717E+03   7.3000000E+02   0.0000000E+00   0.0000000E+00   0.0000000E+00
   1.5593793E+03   7.6000000E+02   0.0000000E+00   0.0000000E+00   0.0000000E+00
   1.5593868E+03   7.2700000E+02   0.0000000E+00   0.0000000E+00   0.0000000E+00
   1.5593943E+03   7.4100000E+02   0.0000000E+00   0.0000000E+00   0.0000000E+00
   1.5594018E+03   7.5200000E+02   0.0000000E+00   0.0000000E+00   0.0000000E+00
   1.5594094E+03   7.6200000E+02   0.0000000E+00   0.0000000E+00   0.0000000E+00
   1.5594169E+03   7.9100000E+02   0.0000000E+00   0.0000000E+00   0.0000000E+00
   1.5594244E+03   7.9800000E+02   0.0000000E+00   0.0000000E+00   0.0000000E+00
   1.5594320E+03   7.6400000E+02   0.0000000E+00   0.0000000E+00   0.0000000E+00
   1.5594395E+03   7.3600000E+02   0.0000000E+00   0.0000000E+00   0.0000000E+00
   1.5594470E+03   7.4000000E+02   0.0000000E+00   0.0000000E+00   0.0000000E+00
   1.5594545E+03   8.0900000E+02   0.0000000E+00   0.0000000E+00   0.0000000E+00
   1.5594621E+03   7.5300000E+02   0.0000000E+00   0.0000000E+00   0.0000000E+00
   1.5594696E+03   7.2900000E+02   0.0000000E+00   0.0000000E+00   0.0000000E+00
   1.5594771E+03   7.4000000E+02   0.0000000E+00   0.0000000E+00   0.0000000E+00
   1.5594847E+03   7.4400000E+02   0.0000000E+00   0.0000000E+00   0.0000000E+00
   1.5594922E+03   7.4300000E+02   0.0000000E+00   0.0000000E+00   0.0000000E+00
   1.5594997E+03   7.5000000E+02   0.0000000E+00   0.0000000E+00   0.0000000E+00
   1.5595072E+03   7.6200000E+02   0.0000000E+00   0.0000000E+00   0.0000000E+00
   1.5595148E+03   7.6300000E+02   0.0000000E+00   0.0000000E+00   0.0000000E+00
   1.5595223E+03   7.6700000E+02   0.0000000E+00   0.0000000E+00   0.0000000E+00
   1.5595298E+03   7.9000000E+02   0.0000000E+00   0.0000000E+00   0.0000000E+00
   1.5595374E+03   7.1000000E+02   0.0000000E+00   0.0000000E+00   0.0000000E+00
   1.5595449E+03   7.2700000E+02   0.0000000E+00   0.0000000E+00   0.0000000E+00
   1.5595524E+03   7.5700000E+02   0.0000000E+00   0.0000000E+00   0.0000000E+00
   1.5595599E+03   7.7200000E+02   0.0000000E+00   0.0000000E+00   0.0000000E+00
   1.5595675E+03   7.4300000E+02   0.0000000E+00   0.0000000E+00   0.0000000E+00
   1.5595750E+03   7.8000000E+02   0.0000000E+00   0.0000000E+00   0.0000000E+00
   1.5595825E+03   7.6900000E+02   0.0000000E+00   0.0000000E+00   0.0000000E+00
   1.5595901E+03   7.4100000E+02   0.0000000E+00   0.0000000E+00   0.0000000E+00
   1.5595976E+03   7.8400000E+02   0.0000000E+00   0.0000000E+00   0.0000000E+00
   1.5596051E+03   7.4600000E+02   0.0000000E+00   0.0000000E+00   0.0000000E+00
   1.5596126E+03   7.4300000E+02   0.0000000E+00   0.0000000E+00   0.0000000E+00
   1.5596202E+03   7.3900000E+02   0.0000000E+00   0.0000000E+00   0.0000000E+00
   1.5596277E+03   7.3300000E+02   0.0000000E+00   0.0000000E+00   0.0000000E+00
   1.5596352E+03   7.3900000E+02   0.0000000E+00   0.0000000E+00   0.0000000E+00
   1.5596427E+03   6.8900000E+02   0.0000000E+00   0.0000000E+00   0.0000000E+00
   1.5596503E+03   7.4100000E+02   0.0000000E+00   0.0000000E+00   0.0000000E+00
   1.5596578E+03   7.4800000E+02   0.0000000E+00   0.0000000E+00   0.0000000E+00
   1.5596653E+03   7.2000000E+02   0.0000000E+00   0.0000000E+00   0.0000000E+00
   1.5596729E+03   7.3200000E+02   0.0000000E+00   0.0000000E+00   0.0000000E+00
   1.5596804E+03   7.7200000E+02   0.0000000E+00   0.0000000E+00   0.0000000E+00
   1.5596879E+03   7.0400000E+02   0.0000000E+00   0.0000000E+00   0.0000000E+00
   1.5596954E+03   7.5200000E+02   0.0000000E+00   0.0000000E+00   0.0000000E+00
   1.5597030E+03   7.4900000E+02   0.0000000E+00   0.0000000E+00   0.0000000E+00
   1.5597105E+03   7.3300000E+02   0.0000000E+00   0.0000000E+00   0.0000000E+00
   1.5597180E+03   7.9500000E+02   0.0000000E+00   0.0000000E+00   0.0000000E+00
   1.5597256E+03   7.6000000E+02   0.0000000E+00   0.0000000E+00   0.0000000E+00
   1.5597331E+03   7.9700000E+02   0.0000000E+00   0.0000000E+00   0.0000000E+00
   1.5597406E+03   7.5900000E+02   0.0000000E+00   0.0000000E+00   0.0000000E+00
   1.5597481E+03   7.7500000E+02   0.0000000E+00   0.0000000E+00   0.0000000E+00
   1.5597557E+03   7.7800000E+02   0.0000000E+00   0.0000000E+00   0.0000000E+00
   1.5597632E+03   7.3100000E+02   0.0000000E+00   0.0000000E+00   0.0000000E+00
   1.5597707E+03   8.0400000E+02   0.0000000E+00   0.0000000E+00   0.0000000E+00
   1.5597783E+03   7.1700000E+02   0.0000000E+00   0.0000000E+00   0.0000000E+00
   1.5597858E+03   6.6900000E+02   0.0000000E+00   0.0000000E+00   0.0000000E+00
   1.5597933E+03   7.3600000E+02   0.0000000E+00   0.0000000E+00   0.0000000E+00
   1.5598008E+03   7.4000000E+02   0.0000000E+00   0.0000000E+00   0.0000000E+00
   1.5598084E+03   7.3600000E+02   0.0000000E+00   0.0000000E+00   0.0000000E+00
   1.5598159E+03   7.4600000E+02   0.0000000E+00   0.0000000E+00   0.0000000E+00
   1.5598234E+03   7.8700000E+02   0.0000000E+00   0.0000000E+00   0.0000000E+00
   1.5598310E+03   7.9800000E+02   0.0000000E+00   0.0000000E+00   0.0000000E+00
   1.5598385E+03   8.1300000E+02   0.0000000E+00   0.0000000E+00   0.0000000E+00
   1.5598460E+03   7.9100000E+02   0.0000000E+00   0.0000000E+00   0.0000000E+00
   1.5598535E+03   7.7500000E+02   0.0000000E+00   0.0000000E+00   0.0000000E+00
   1.5598611E+03   8.0900000E+02   0.0000000E+00   0.0000000E+00   0.0000000E+00
   1.5598686E+03   7.6100000E+02   0.0000000E+00   0.0000000E+00   0.0000000E+00
   1.5598761E+03   7.3400000E+02   0.0000000E+00   0.0000000E+00   0.0000000E+00
   1.5598837E+03   8.0000000E+02   0.0000000E+00   0.0000000E+00   0.0000000E+00
   1.5598912E+03   7.2000000E+02   0.0000000E+00   0.0000000E+00   0.0000000E+00
   1.5598987E+03   7.7600000E+02   0.0000000E+00   0.0000000E+00   0.0000000E+00
   1.5599062E+03   7.6500000E+02   0.0000000E+00   0.0000000E+00   0.0000000E+00
   1.5599138E+03   7.5000000E+02   0.0000000E+00   0.0000000E+00   0.0000000E+00
   1.5599213E+03   7.0200000E+02   0.0000000E+00   0.0000000E+00   0.0000000E+00
   1.5599288E+03   7.6500000E+02   0.0000000E+00   0.0000000E+00   0.0000000E+00
   1.5599364E+03   7.5500000E+02   0.0000000E+00   0.0000000E+00   0.0000000E+00
   1.5599439E+03   7.6800000E+02   0.0000000E+00   0.0000000E+00   0.0000000E+00
   1.5599514E+03   7.5500000E+02   0.0000000E+00   0.0000000E+00   0.0000000E+00
   1.5599589E+03   7.1600000E+02   0.0000000E+00   0.0000000E+00   0.0000000E+00
   1.5599665E+03   6.9700000E+02   0.0000000E+00   0.0000000E+00   0.0000000E+00
   1.5599740E+03   7.3500000E+02   0.0000000E+00   0.0000000E+00   0.0000000E+00
   1.5599815E+03   8.1300000E+02   0.0000000E+00   0.0000000E+00   0.0000000E+00
   1.5599891E+03   7.4900000E+02   0.0000000E+00   0.0000000E+00   0.0000000E+00
   1.5599966E+03   7.9100000E+02   0.0000000E+00   0.0000000E+00   0.0000000E+00
   1.5600041E+03   7.4700000E+02   0.0000000E+00   0.0000000E+00   0.0000000E+00
   1.5600116E+03   7.5500000E+02   0.0000000E+00   0.0000000E+00   0.0000000E+00
   1.5600192E+03   7.3700000E+02   0.0000000E+00   0.0000000E+00   0.0000000E+00
   1.5600267E+03   7.3400000E+02   0.0000000E+00   0.0000000E+00   0.0000000E+00
   1.5600342E+03   7.6000000E+02   0.0000000E+00   0.0000000E+00   0.0000000E+00
   1.5600418E+03   7.4500000E+02   0.0000000E+00   0.0000000E+00   0.0000000E+00
   1.5600493E+03   6.9600000E+02   0.0000000E+00   0.0000000E+00   0.0000000E+00
   1.5600568E+03   7.8500000E+02   0.0000000E+00   0.0000000E+00   0.0000000E+00
   1.5600643E+03   7.6300000E+02   0.0000000E+00   0.0000000E+00   0.0000000E+00
   1.5600719E+03   8.0100000E+02   0.0000000E+00   0.0000000E+00   0.0000000E+00
   1.5600794E+03   7.8300000E+02   0.0000000E+00   0.0000000E+00   0.0000000E+00
   1.5600869E+03   7.3600000E+02   0.0000000E+00   0.0000000E+00   0.0000000E+00
   1.5600944E+03   7.5000000E+02   0.0000000E+00   0.0000000E+00   0.0000000E+00
   1.5601020E+03   7.4600000E+02   0.0000000E+00   0.0000000E+00   0.0000000E+00
   1.5601095E+03   7.3900000E+02   0.0000000E+00   0.0000000E+00   0.0000000E+00
   1.5601170E+03   7.7100000E+02   0.0000000E+00   0.0000000E+00   0.0000000E+00
   1.5601246E+03   7.5600000E+02   0.0000000E+00   0.0000000E+00   0.0000000E+00
   1.5601321E+03   7.7000000E+02   0.0000000E+00   0.0000000E+00   0.0000000E+00
   1.5601396E+03   7.1100000E+02   0.0000000E+00   0.0000000E+00   0.0000000E+00
   1.5601471E+03   7.2100000E+02   0.0000000E+00   0.0000000E+00   0.0000000E+00
   1.5601547E+03   7.6400000E+02   0.0000000E+00   0.0000000E+00   0.0000000E+00
   1.5601622E+03   7.7000000E+02   0.0000000E+00   0.0000000E+00   0.0000000E+00
   1.5601697E+03   7.3600000E+02   0.0000000E+00   0.0000000E+00   0.0000000E+00
   1.5601773E+03   7.5400000E+02   0.0000000E+00   0.0000000E+00   0.0000000E+00
   1.5601848E+03   7.8700000E+02   0.0000000E+00   0.0000000E+00   0.0000000E+00
   1.5601923E+03   8.0400000E+02   0.0000000E+00   0.0000000E+00   0.0000000E+00
   1.5601998E+03   7.7800000E+02   0.0000000E+00   0.0000000E+00   0.0000000E+00
   1.5602074E+03   7.4000000E+02   0.0000000E+00   0.0000000E+00   0.0000000E+00
   1.5602149E+03   7.6800000E+02   0.0000000E+00   0.0000000E+00   0.0000000E+00
   1.5602224E+03   7.3500000E+02   0.0000000E+00   0.0000000E+00   0.0000000E+00
   1.5602300E+03   7.8400000E+02   0.0000000E+00   0.0000000E+00   0.0000000E+00
   1.5602375E+03   7.4600000E+02   0.0000000E+00   0.0000000E+00   0.0000000E+00
   1.5602450E+03   7.9600000E+02   0.0000000E+00   0.0000000E+00   0.0000000E+00
   1.5602525E+03   7.2300000E+02   0.0000000E+00   0.0000000E+00   0.0000000E+00
   1.5602601E+03   7.6700000E+02   0.0000000E+00   0.0000000E+00   0.0000000E+00
   1.5602676E+03   7.2800000E+02   0.0000000E+00   0.0000000E+00   0.0000000E+00
   1.5602751E+03   7.5800000E+02   0.0000000E+00   0.0000000E+00   0.0000000E+00
   1.5602827E+03   7.3600000E+02   0.0000000E+00   0.0000000E+00   0.0000000E+00
   1.5602902E+03   7.6800000E+02   0.0000000E+00   0.0000000E+00   0.0000000E+00
   1.5602977E+03   7.7700000E+02   0.0000000E+00   0.0000000E+00   0.0000000E+00
   1.5603052E+03   7.7500000E+02   0.0000000E+00   0.0000000E+00   0.0000000E+00
   1.5603128E+03   7.5300000E+02   0.0000000E+00   0.0000000E+00   0.0000000E+00
   1.5603203E+03   7.4900000E+02   0.0000000E+00   0.0000000E+00   0.0000000E+00
   1.5603278E+03   7.3700000E+02   0.0000000E+00   0.0000000E+00   0.0000000E+00
   1.5603354E+03   7.6300000E+02   0.0000000E+00   0.0000000E+00   0.0000000E+00
   1.5603429E+03   7.6800000E+02   0.0000000E+00   0.0000000E+00   0.0000000E+00
   1.5603504E+03   7.6200000E+02   0.0000000E+00   0.0000000E+00   0.0000000E+00
   1.5603579E+03   7.8300000E+02   0.0000000E+00   0.0000000E+00   0.0000000E+00
   1.5603655E+03   7.4000000E+02   0.0000000E+00   0.0000000E+00   0.0000000E+00
   1.5603730E+03   7.6600000E+02   0.0000000E+00   0.0000000E+00   0.0000000E+00
   1.5603805E+03   7.7500000E+02   0.0000000E+00   0.0000000E+00   0.0000000E+00
   1.5603881E+03   7.9700000E+02   0.0000000E+00   0.0000000E+00   0.0000000E+00
   1.5603956E+03   7.6900000E+02   0.0000000E+00   0.0000000E+00   0.0000000E+00
   1.5604031E+03   8.1700000E+02   0.0000000E+00   0.0000000E+00   0.0000000E+00
   1.5604106E+03   7.4800000E+02   0.0000000E+00   0.0000000E+00   0.0000000E+00
   1.5604182E+03   7.4700000E+02   0.0000000E+00   0.0000000E+00   0.0000000E+00
   1.5604257E+03   7.6300000E+02   0.0000000E+00   0.0000000E+00   0.0000000E+00
   1.5604332E+03   7.4200000E+02   0.0000000E+00   0.0000000E+00   0.0000000E+00
   1.5604408E+03   7.7900000E+02   0.0000000E+00   0.0000000E+00   0.0000000E+00
   1.5604483E+03   7.9700000E+02   0.0000000E+00   0.0000000E+00   0.0000000E+00
   1.5604558E+03   8.0400000E+02   0.0000000E+00   0.0000000E+00   0.0000000E+00
   1.5604633E+03   7.1300000E+02   0.0000000E+00   0.0000000E+00   0.0000000E+00
   1.5604709E+03   7.2100000E+02   0.0000000E+00   0.0000000E+00   0.0000000E+00
   1.5604784E+03   7.5400000E+02   0.0000000E+00   0.0000000E+00   0.0000000E+00
   1.5604859E+03   7.4900000E+02   0.0000000E+00   0.0000000E+00   0.0000000E+00
   1.5604935E+03   7.1400000E+02   0.0000000E+00   0.0000000E+00   0.0000000E+00
   1.5605010E+03   7.8300000E+02   0.0000000E+00   0.0000000E+00   0.0000000E+00
   1.5605085E+03   7.5300000E+02   0.0000000E+00   0.0000000E+00   0.0000000E+00
   1.5605160E+03   7.7500000E+02   0.0000000E+00   0.0000000E+00   0.0000000E+00
   1.5605236E+03   7.5700000E+02   0.0000000E+00   0.0000000E+00   0.0000000E+00
   1.5605311E+03   7.9700000E+02   0.0000000E+00   0.0000000E+00   0.0000000E+00
   1.5605386E+03   7.9000000E+02   0.0000000E+00   0.0000000E+00   0.0000000E+00
   1.5605461E+03   7.6300000E+02   0.0000000E+00   0.0000000E+00   0.0000000E+00
   1.5605537E+03   7.4500000E+02   0.0000000E+00   0.0000000E+00   0.0000000E+00
   1.5605612E+03   7.0400000E+02   0.0000000E+00   0.0000000E+00   0.0000000E+00
   1.5605687E+03   7.8100000E+02   0.0000000E+00   0.0000000E+00   0.0000000E+00
   1.5605763E+03   7.4300000E+02   0.0000000E+00   0.0000000E+00   0.0000000E+00
   1.5605838E+03   7.6200000E+02   0.0000000E+00   0.0000000E+00   0.0000000E+00
   1.5605913E+03   6.9900000E+02   0.0000000E+00   0.0000000E+00   0.0000000E+00
   1.5605988E+03   6.9600000E+02   0.0000000E+00   0.0000000E+00   0.0000000E+00
   1.5606064E+03   8.1500000E+02   0.0000000E+00   0.0000000E+00   0.0000000E+00
   1.5606139E+03   7.8000000E+02   0.0000000E+00   0.0000000E+00   0.0000000E+00
   1.5606214E+03   7.8300000E+02   0.0000000E+00   0.0000000E+00   0.0000000E+00
   1.5606290E+03   7.9200000E+02   0.0000000E+00   0.0000000E+00   0.0000000E+00
   1.5606365E+03   7.3700000E+02   0.0000000E+00   0.0000000E+00   0.0000000E+00
   1.5606440E+03   7.5000000E+02   0.0000000E+00   0.0000000E+00   0.0000000E+00
   1.5606515E+03   7.6000000E+02   0.0000000E+00   0.0000000E+00   0.0000000E+00
   1.5606591E+03   7.6800000E+02   0.0000000E+00   0.0000000E+00   0.0000000E+00
   1.5606666E+03   7.7400000E+02   0.0000000E+00   0.0000000E+00   0.0000000E+00
   1.5606741E+03   7.4600000E+02   0.0000000E+00   0.0000000E+00   0.0000000E+00
   1.5606817E+03   7.9400000E+02   0.0000000E+00   0.0000000E+00   0.0000000E+00
   1.5606892E+03   8.1700000E+02   0.0000000E+00   0.0000000E+00   0.0000000E+00
   1.5606967E+03   7.6700000E+02   0.0000000E+00   0.0000000E+00   0.0000000E+00
   1.5607042E+03   7.3400000E+02   0.0000000E+00   0.0000000E+00   0.0000000E+00
   1.5607118E+03   7.7900000E+02   0.0000000E+00   0.0000000E+00   0.0000000E+00
   1.5607193E+03   7.7900000E+02   0.0000000E+00   0.0000000E+00   0.0000000E+00
   1.5607268E+03   7.6900000E+02   0.0000000E+00   0.0000000E+00   0.0000000E+00
   1.5607344E+03   7.7400000E+02   0.0000000E+00   0.0000000E+00   0.0000000E+00
   1.5607419E+03   7.4000000E+02   0.0000000E+00   0.0000000E+00   0.0000000E+00
   1.5607494E+03   7.3700000E+02   0.0000000E+00   0.0000000E+00   0.0000000E+00
   1.5607569E+03   7.7700000E+02   0.0000000E+00   0.0000000E+00   0.0000000E+00
   1.5607645E+03   7.2400000E+02   0.0000000E+00   0.0000000E+00   0.0000000E+00
   1.5607720E+03   7.6600000E+02   0.0000000E+00   0.0000000E+00   0.0000000E+00
