   1.5381945E+03   0.0000000E+00   0.0000000E+00   0.0000000E+00   0.0000000E+00
   1.5382021E+03   0.0000000E+00   0.0000000E+00   0.0000000E+00   0.0000000E+00
   1.5382096E+03   0.0000000E+00   0.0000000E+00   0.0000000E+00   0.0000000E+00
   1.5382171E+03   0.0000000E+00   0.0000000E+00   0.0000000E+00   0.0000000E+00
   1.5382246E+03   0.0000000E+00   0.0000000E+00   0.0000000E+00   0.0000000E+00
   1.5382322E+03   0.0000000E+00   0.0000000E+00   0.0000000E+00   0.0000000E+00
   1.5382397E+03   0.0000000E+00   0.0000000E+00   0.0000000E+00   0.0000000E+00
   1.5382472E+03   0.0000000E+00   0.0000000E+00   0.0000000E+00   0.0000000E+00
   1.5382548E+03   0.0000000E+00   0.0000000E+00   0.0000000E+00   0.0000000E+00
   1.5382623E+03   0.0000000E+00   0.0000000E+00   0.0000000E+00   0.0000000E+00
   1.5382698E+03   0.0000000E+00   0.0000000E+00   0.0000000E+00   0.0000000E+00
   1.5382773E+03   0.0000000E+00   0.0000000E+00   0.0000000E+00   0.0000000E+00
   1.5382849E+03   0.0000000E+00   0.0000000E+00   0.0000000E+00   0.0000000E+00
   1.5382924E+03   0.0000000E+00   0.0000000E+00   0.0000000E+00   0.0000000E+00
   1.5382999E+03   0.0000000E+00   0.0000000E+00   0.0000000E+00   0.0000000E+00
   1.5383075E+03   0.0000000E+00   0.0000000E+00   0.0000000E+00   0.0000000E+00
   1.5383150E+03   0.0000000E+00   0.0000000E+00   0.0000000E+00   0.0000000E+00
   1.5383225E+03   0.0000000E+00   0.0000000E+00   0.0000000E+00   0.0000000E+00
   1.5383300E+03   0.0000000E+00   0.0000000E+00   0.0000000E+00   0.0000000E+00
   1.5383376E+03   0.0000000E+00   0.0000000E+00   0.0000000E+00   0.0000000E+00
   1.5383451E+03   0.0000000E+00   0.0000000E+00   0.0000000E+00   0.0000000E+00
   1.5383526E+03   0.0000000E+00   0.0000000E+00   0.0000000E+00   0.0000000E+00
   1.5383602E+03   0.0000000E+00   0.0000000E+00   0.0000000E+00   0.0000000E+00
   1.5383677E+03   0.0000000E+00   0.0000000E+00   0.0000000E+00   0.0000000E+00
   1.5383752E+03   0.0000000E+00   0.0000000E+00   0.0000000E+00   0.0000000E+00
   1.5383827E+03   0.0000000E+00   0.0000000E+00   0.0000000E+00   0.0000000E+00
   1.5383903E+03   0.0000000E+00   0.0000000E+00   0.0000000E+00   0.0000000E+00
   1.5383978E+03   0.0000000E+00   0.0000000E+00   0.0000000E+00   0.0000000E+00
   1.5384053E+03   0.0000000E+00   0.0000000E+00   0.0000000E+00   0.0000000E+00
   1.5384128E+03   0.0000000E+00   0.0000000E+00   0.0000000E+00   0.0000000E+00
   1.5384204E+03   0.0000000E+00   0.0000000E+00   0.0000000E+00   0.0000000E+00
   1.5384279E+03   0.0000000E+00   0.0000000E+00   0.0000000E+00   0.0000000E+00
   1.5384354E+03   0.0000000E+00   0.0000000E+00   0.0000000E+00   0.0000000E+00
   1.5384430E+03   0.0000000E+00   0.0000000E+00   0.0000000E+00   0.0000000E+00
   1.5384505E+03   0.0000000E+00   0.0000000E+00   0.0000000E+00   0.0000000E+00
   1.5384580E+03   0.0000000E+00   0.0000000E+00   0.0000000E+00   0.0000000E+00
   1.5384655E+03   0.0000000E+00   0.0000000E+00   0.0000000E+00   0.0000000E+00
   1.5384731E+03   0.0000000E+00   0.0000000E+00   0.0000000E+00   0.0000000E+00
   1.5384806E+03   0.0000000E+00   0.0000000E+00   0.0000000E+00   0.0000000E+00
   1.5384881E+03   0.0000000E+00   0.0000000E+00   0.0000000E+00   0.0000000E+00
   1.5384957E+03   0.0000000E+00   0.0000000E+00   0.0000000E+00   0.0000000E+00
   1.5385032E+03   0.0000000E+00   0.0000000E+00   0.0000000E+00   0.0000000E+00
   1.5385107E+03   0.0000000E+00   0.0000000E+00   0.0000000E+00   0.0000000E+00
   1.5385182E+03   0.0000000E+00   0.0000000E+00   0.0000000E+00   0.0000000E+00
   1.5385258E+03   0.0000000E+00   0.0000000E+00   0.0000000E+00   0.0000000E+00
   1.5385333E+03   0.0000000E+00   0.0000000E+00   0.0000000E+00   0.0000000E+00
   1.5385408E+03   0.0000000E+00   0.0000000E+00   0.0000000E+00   0.0000000E+00
   1.5385484E+03   0.0000000E+00   0.0000000E+00   0.0000000E+00   0.0000000E+00
   1.5385559E+03   0.0000000E+00   0.0000000E+00   0.0000000E+00   0.0000000E+00
   1.5385634E+03   0.0000000E+00   0.0000000E+00   0.0000000E+00   0.0000000E+00
   1.5385709E+03   0.0000000E+00   0.0000000E+00   0.0000000E+00   0.0000000E+00
   1.5385785E+03   0.0000000E+00   0.0000000E+00   0.0000000E+00   0.0000000E+00
   1.5385860E+03   0.0000000E+00   0.0000000E+00   0.0000000E+00   0.0000000E+00
   1.5385935E+03   0.0000000E+00   0.0000000E+00   0.0000000E+00   0.0000000E+00
   1.5386011E+03   0.0000000E+00   0.0000000E+00   0.0000000E+00   0.0000000E+00
   1.5386086E+03   0.0000000E+00   0.0000000E+00   0.0000000E+00   0.0000000E+00
   1.5386161E+03   0.0000000E+00   0.0000000E+00   0.0000000E+00   0.0000000E+00
   1.5386236E+03   0.0000000E+00   0.0000000E+00   0.0000000E+00   0.0000000E+00
   1.5386312E+03   0.0000000E+00   0.0000000E+00   0.0000000E+00   0.0000000E+00
   1.5386387E+03   0.0000000E+00   0.0000000E+00   0.0000000E+00   0.0000000E+00
   1.5386462E+03   0.0000000E+00   0.0000000E+00   0.0000000E+00   0.0000000E+00
   1.5386538E+03   0.0000000E+00   0.0000000E+00   0.0000000E+00   0.0000000E+00
   1.5386613E+03   0.0000000E+00   0.0000000E+00   0.0000000E+00   0.0000000E+00
   1.5386688E+03   0.0000000E+00   0.0000000E+00   0.0000000E+00   0.0000000E+00
   1.5386763E+03   0.0000000E+00   0.0000000E+00   0.0000000E+00   0.0000000E+00
   1.5386839E+03   0.0000000E+00   0.0000000E+00   0.0000000E+00   0.0000000E+00
   1.5386914E+03   0.0000000E+00   0.0000000E+00   0.0000000E+00   0.0000000E+00
   1.5386989E+03   0.0000000E+00   0.0000000E+00   0.0000000E+00   0.0000000E+00
   1.5387065E+03   0.0000000E+00   0.0000000E+00   0.0000000E+00   0.0000000E+00
   1.5387140E+03   0.0000000E+00   0.0000000E+00   0.0000000E+00   0.0000000E+00
   1.5387215E+03   0.0000000E+00   0.0000000E+00   0.0000000E+00   0.0000000E+00
   1.5387290E+03   0.0000000E+00   0.0000000E+00   0.0000000E+00   0.0000000E+00
   1.5387366E+03   0.0000000E+00   0.0000000E+00   0.0000000E+00   0.0000000E+00
   1.5387441E+03   0.0000000E+00   0.0000000E+00   0.0000000E+00   0.0000000E+00
   1.5387516E+03   0.0000000E+00   0.0000000E+00   0.0000000E+00   0.0000000E+00
   1.5387592E+03   0.0000000E+00   0.0000000E+00   0.0000000E+00   0.0000000E+00
   1.5387667E+03   0.0000000E+00   0.0000000E+00   0.0000000E+00   0.0000000E+00
   1.5387742E+03   0.0000000E+00   0.0000000E+00   0.0000000E+00   0.0000000E+00
   1.5387817E+03   0.0000000E+00   0.0000000E+00   0.0000000E+00   0.0000000E+00
   1.5387893E+03   0.0000000E+00   0.0000000E+00   0.0000000E+00   0.0000000E+00
   1.5387968E+03   0.0000000E+00   0.0000000E+00   0.0000000E+00   0.0000000E+00
   1.5388043E+03   0.0000000E+00   0.0000000E+00   0.0000000E+00   0.0000000E+00
   1.5388119E+03   0.0000000E+00   0.0000000E+00   0.0000000E+00   0.0000000E+00
   1.5388194E+03   0.0000000E+00   0.0000000E+00   0.0000000E+00   0.0000000E+00
   1.5388269E+03   0.0000000E+00   0.0000000E+00   0.0000000E+00   0.0000000E+00
   1.5388344E+03   0.0000000E+00   0.0000000E+00   0.0000000E+00   0.0000000E+00
   1.5388420E+03   0.0000000E+00   0.0000000E+00   0.0000000E+00   0.0000000E+00
   1.5388495E+03   0.0000000E+00   0.0000000E+00   0.0000000E+00   0.0000000E+00
   1.5388570E+03   0.0000000E+00   0.0000000E+00   0.0000000E+00   0.0000000E+00
   1.5388646E+03   0.0000000E+00   0.0000000E+00   0.0000000E+00   0.0000000E+00
   1.5388721E+03   0.0000000E+00   0.0000000E+00   0.0000000E+00   0.0000000E+00
   1.5388796E+03   0.0000000E+00   0.0000000E+00   0.0000000E+00   0.0000000E+00
   1.5388871E+03   0.0000000E+00   0.0000000E+00   0.0000000E+00   0.0000000E+00
   1.5388947E+03   0.0000000E+00   0.0000000E+00   0.0000000E+00   0.0000000E+00
   1.5389022E+03   0.0000000E+00   0.0000000E+00   0.0000000E+00   0.0000000E+00
   1.5389097E+03   0.0000000E+00   0.0000000E+00   0.0000000E+00   0.0000000E+00
   1.5389172E+03   0.0000000E+00   0.0000000E+00   0.0000000E+00   0.0000000E+00
   1.5389248E+03   0.0000000E+00   0.0000000E+00   0.0000000E+00   0.0000000E+00
   1.5389323E+03   0.0000000E+00   0.0000000E+00   0.0000000E+00   0.0000000E+00
   1.5389398E+03   0.0000000E+00   0.0000000E+00   0.0000000E+00   0.0000000E+00
   1.5389474E+03   0.0000000E+00   0.0000000E+00   0.0000000E+00   0.0000000E+00
   1.5389549E+03   0.0000000E+00   0.0000000E+00   0.0000000E+00   0.0000000E+00
   1.5389624E+03   0.0000000E+00   0.0000000E+00   0.0000000E+00   0.0000000E+00
   1.5389699E+03   0.0000000E+00   0.0000000E+00   0.0000000E+00   0.0000000E+00
   1.5389775E+03   0.0000000E+00   0.0000000E+00   0.0000000E+00   0.0000000E+00
   1.5389850E+03   0.0000000E+00   0.0000000E+00   0.0000000E+00   0.0000000E+00
   1.5389925E+03   0.0000000E+00   0.0000000E+00   0.0000000E+00   0.0000000E+00
   1.5390001E+03   0.0000000E+00   0.0000000E+00   0.0000000E+00   0.0000000E+00
   1.5390076E+03   0.0000000E+00   0.0000000E+00   0.0000000E+00   0.0000000E+00
   1.5390151E+03   0.0000000E+00   0.0000000E+00   0.0000000E+00   0.0000000E+00
   1.5390226E+03   0.0000000E+00   0.0000000E+00   0.0000000E+00   0.0000000E+00
   1.5390302E+03   0.0000000E+00   0.0000000E+00   0.0000000E+00   0.0000000E+00
   1.5390377E+03   0.0000000E+00   0.0000000E+00   0.0000000E+00   0.0000000E+00
   1.5390452E+03   0.0000000E+00   0.0000000E+00   0.0000000E+00   0.0000000E+00
   1.5390528E+03   0.0000000E+00   0.0000000E+00   0.0000000E+00   0.0000000E+00
   1.5390603E+03   0.0000000E+00   0.0000000E+00   0.0000000E+00   0.0000000E+00
   1.5390678E+03   0.0000000E+00   0.0000000E+00   0.0000000E+00   0.0000000E+00
   1.5390753E+03   0.0000000E+00   0.0000000E+00   0.0000000E+00   0.0000000E+00
   1.5390829E+03   0.0000000E+00   0.0000000E+00   0.0000000E+00   0.0000000E+00
   1.5390904E+03   0.0000000E+00   0.0000000E+00   0.0000000E+00   0.0000000E+00
   1.5390979E+03   0.0000000E+00   0.0000000E+00   0.0000000E+00   0.0000000E+00
   1.5391055E+03   0.0000000E+00   0.0000000E+00   0.0000000E+00   0.0000000E+00
   1.5391130E+03   0.0000000E+00   0.0000000E+00   0.0000000E+00   0.0000000E+00
   1.5391205E+03   0.0000000E+00   0.0000000E+00   0.0000000E+00   0.0000000E+00
   1.5391280E+03   0.0000000E+00   0.0000000E+00   0.0000000E+00   0.0000000E+00
   1.5391356E+03   0.0000000E+00   0.0000000E+00   0.0000000E+00   0.0000000E+00
   1.5391431E+03   0.0000000E+00   0.0000000E+00   0.0000000E+00   0.0000000E+00
   1.5391506E+03   0.0000000E+00   0.0000000E+00   0.0000000E+00   0.0000000E+00
   1.5391582E+03   0.0000000E+00   0.0000000E+00   0.0000000E+00   0.0000000E+00
   1.5391657E+03   0.0000000E+00   0.0000000E+00   0.0000000E+00   0.0000000E+00
   1.5391732E+03   0.0000000E+00   0.0000000E+00   0.0000000E+00   0.0000000E+00
   1.5391807E+03   0.0000000E+00   0.0000000E+00   0.0000000E+00   0.0000000E+00
   1.5391883E+03   0.0000000E+00   0.0000000E+00   0.0000000E+00   0.0000000E+00
   1.5391958E+03   0.0000000E+00   0.0000000E+00   0.0000000E+00   0.0000000E+00
   1.5392033E+03   0.0000000E+00   0.0000000E+00   0.0000000E+00   0.0000000E+00
   1.5392109E+03   0.0000000E+00   0.0000000E+00   0.0000000E+00   0.0000000E+00
   1.5392184E+03   0.0000000E+00   0.0000000E+00   0.0000000E+00   0.0000000E+00
   1.5392259E+03   0.0000000E+00   0.0000000E+00   0.0000000E+00   0.0000000E+00
   1.5392334E+03   0.0000000E+00   0.0000000E+00   0.0000000E+00   0.0000000E+00
   1.5392410E+03   0.0000000E+00   0.0000000E+00   0.0000000E+00   0.0000000E+00
   1.5392485E+03   0.0000000E+00   0.0000000E+00   0.0000000E+00   0.0000000E+00
   1.5392560E+03   0.0000000E+00   0.0000000E+00   0.0000000E+00   0.0000000E+00
   1.5392636E+03   0.0000000E+00   0.0000000E+00   0.0000000E+00   0.0000000E+00
   1.5392711E+03   0.0000000E+00   0.0000000E+00   0.0000000E+00   0.0000000E+00
   1.5392786E+03   0.0000000E+00   0.0000000E+00   0.0000000E+00   0.0000000E+00
   1.5392861E+03   0.0000000E+00   0.0000000E+00   0.0000000E+00   0.0000000E+00
   1.5392937E+03   0.0000000E+00   0.0000000E+00   0.0000000E+00   0.0000000E+00
   1.5393012E+03   0.0000000E+00   0.0000000E+00   0.0000000E+00   0.0000000E+00
   1.5393087E+03   0.0000000E+00   0.0000000E+00   0.0000000E+00   0.0000000E+00
   1.5393162E+03   0.0000000E+00   0.0000000E+00   0.0000000E+00   0.0000000E+00
   1.5393238E+03   0.0000000E+00   0.0000000E+00   0.0000000E+00   0.0000000E+00
   1.5393313E+03   0.0000000E+00   0.0000000E+00   0.0000000E+00   0.0000000E+00
   1.5393388E+03   0.0000000E+00   0.0000000E+00   0.0000000E+00   0.0000000E+00
   1.5393464E+03   0.0000000E+00   0.0000000E+00   0.0000000E+00   0.0000000E+00
   1.5393539E+03   0.0000000E+00   0.0000000E+00   0.0000000E+00   0.0000000E+00
   1.5393614E+03   0.0000000E+00   0.0000000E+00   0.0000000E+00   0.0000000E+00
   1.5393689E+03   0.0000000E+00   0.0000000E+00   0.0000000E+00   0.0000000E+00
   1.5393765E+03   0.0000000E+00   0.0000000E+00   0.0000000E+00   0.0000000E+00
   1.5393840E+03   0.0000000E+00   0.0000000E+00   0.0000000E+00   0.0000000E+00
   1.5393915E+03   0.0000000E+00   0.0000000E+00   0.0000000E+00   0.0000000E+00
   1.5393991E+03   0.0000000E+00   0.0000000E+00   0.0000000E+00   0.0000000E+00
   1.5394066E+03   0.0000000E+00   0.0000000E+00   0.0000000E+00   0.0000000E+00
   1.5394141E+03   0.0000000E+00   0.0000000E+00   0.0000000E+00   0.0000000E+00
   1.5394216E+03   0.0000000E+00   0.0000000E+00   0.0000000E+00   0.0000000E+00
   1.5394292E+03   0.0000000E+00   0.0000000E+00   0.0000000E+00   0.0000000E+00
   1.5394367E+03   0.0000000E+00   0.0000000E+00   0.0000000E+00   0.0000000E+00
   1.5394442E+03   0.0000000E+00   0.0000000E+00   0.0000000E+00   0.0000000E+00
   1.5394518E+03   0.0000000E+00   0.0000000E+00   0.0000000E+00   0.0000000E+00
   1.5394593E+03   0.0000000E+00   0.0000000E+00   0.0000000E+00   0.0000000E+00
   1.5394668E+03   0.0000000E+00   0.0000000E+00   0.0000000E+00   0.0000000E+00
   1.5394743E+03   0.0000000E+00   0.0000000E+00   0.0000000E+00   0.0000000E+00
   1.5394819E+03   0.0000000E+00   0.0000000E+00   0.0000000E+00   0.0000000E+00
   1.5394894E+03   0.0000000E+00   0.0000000E+00   0.0000000E+00   0.0000000E+00
   1.5394969E+03   0.0000000E+00   0.0000000E+00   0.0000000E+00   0.0000000E+00
   1.5395045E+03   0.0000000E+00   0.0000000E+00   0.0000000E+00   0.0000000E+00
   1.5395120E+03   0.0000000E+00   0.0000000E+00   0.0000000E+00   0.0000000E+00
   1.5395195E+03   0.0000000E+00   0.0000000E+00   0.0000000E+00   0.0000000E+00
   1.5395270E+03   0.0000000E+00   0.0000000E+00   0.0000000E+00   0.0000000E+00
   1.5395346E+03   0.0000000E+00   0.0000000E+00   0.0000000E+00   0.0000000E+00
   1.5395421E+03   0.0000000E+00   0.0000000E+00   0.0000000E+00   0.0000000E+00
   1.5395496E+03   0.0000000E+00   0.0000000E+00   0.0000000E+00   0.0000000E+00
   1.5395572E+03   0.0000000E+00   0.0000000E+00   0.0000000E+00   0.0000000E+00
   1.5395647E+03   0.0000000E+00   0.0000000E+00   0.0000000E+00   0.0000000E+00
   1.5395722E+03   0.0000000E+00   0.0000000E+00   0.0000000E+00   0.0000000E+00
   1.5395797E+03   0.0000000E+00   0.0000000E+00   0.0000000E+00   0.0000000E+00
   1.5395873E+03   0.0000000E+00   0.0000000E+00   0.0000000E+00   0.0000000E+00
   1.5395948E+03   0.0000000E+00   0.0000000E+00   0.0000000E+00   0.0000000E+00
   1.5396023E+03   0.0000000E+00   0.0000000E+00   0.0000000E+00   0.0000000E+00
   1.5396099E+03   0.0000000E+00   0.0000000E+00   0.0000000E+00   0.0000000E+00
   1.5396174E+03   0.0000000E+00   0.0000000E+00   0.0000000E+00   0.0000000E+00
   1.5396249E+03   0.0000000E+00   0.0000000E+00   0.0000000E+00   0.0000000E+00
   1.5396324E+03   0.0000000E+00   0.0000000E+00   0.0000000E+00   0.0000000E+00
   1.5396400E+03   0.0000000E+00   0.0000000E+00   0.0000000E+00   0.0000000E+00
   1.5396475E+03   0.0000000E+00   0.0000000E+00   0.0000000E+00   0.0000000E+00
   1.5396550E+03   0.0000000E+00   0.0000000E+00   0.0000000E+00   0.0000000E+00
   1.5396626E+03   0.0000000E+00   0.0000000E+00   0.0000000E+00   0.0000000E+00
   1.5396701E+03   0.0000000E+00   0.0000000E+00   0.0000000E+00   0.0000000E+00
   1.5396776E+03   0.0000000E+00   0.0000000E+00   0.0000000E+00   0.0000000E+00
   1.5396851E+03   0.0000000E+00   0.0000000E+00   0.0000000E+00   0.0000000E+00
   1.5396927E+03   0.0000000E+00   0.0000000E+00   0.0000000E+00   0.0000000E+00
   1.5397002E+03   0.0000000E+00   0.0000000E+00   0.0000000E+00   0.0000000E+00
   1.5397077E+03   0.0000000E+00   0.0000000E+00   0.0000000E+00   0.0000000E+00
   1.5397153E+03   0.0000000E+00   0.0000000E+00   0.0000000E+00   0.0000000E+00
   1.5397228E+03   0.0000000E+00   0.0000000E+00   0.0000000E+00   0.0000000E+00
   1.5397303E+03   0.0000000E+00   0.0000000E+00   0.0000000E+00   0.0000000E+00
   1.5397378E+03   0.0000000E+00   0.0000000E+00   0.0000000E+00   0.0000000E+00
   1.5397454E+03   0.0000000E+00   0.0000000E+00   0.0000000E+00   0.0000000E+00
   1.5397529E+03   0.0000000E+00   0.0000000E+00   0.0000000E+00   0.0000000E+00
   1.5397604E+03   0.0000000E+00   0.0000000E+00   0.0000000E+00   0.0000000E+00
   1.5397679E+03   0.0000000E+00   0.0000000E+00   0.0000000E+00   0.0000000E+00
   1.5397755E+03   0.0000000E+00   0.0000000E+00   0.0000000E+00   0.0000000E+00
   1.5397830E+03   0.0000000E+00   0.0000000E+00   0.0000000E+00   0.0000000E+00
   1.5397905E+03   0.0000000E+00   0.0000000E+00   0.0000000E+00   0.0000000E+00
   1.5397981E+03   0.0000000E+00   0.0000000E+00   0.0000000E+00   0.0000000E+00
   1.5398056E+03   0.0000000E+00   0.0000000E+00   0.0000000E+00   0.0000000E+00
   1.5398131E+03   0.0000000E+00   0.0000000E+00   0.0000000E+00   0.0000000E+00
   1.5398206E+03   0.0000000E+00   0.0000000E+00   0.0000000E+00   0.0000000E+00
   1.5398282E+03   0.0000000E+00   0.0000000E+00   0.0000000E+00   0.0000000E+00
   1.5398357E+03   0.0000000E+00   0.0000000E+00   0.0000000E+00   0.0000000E+00
   1.5398432E+03   0.0000000E+00   0.0000000E+00   0.0000000E+00   0.0000000E+00
   1.5398508E+03   0.0000000E+00   0.0000000E+00   0.0000000E+00   0.0000000E+00
   1.5398583E+03   0.0000000E+00   0.0000000E+00   0.0000000E+00   0.0000000E+00
   1.5398658E+03   0.0000000E+00   0.0000000E+00   0.0000000E+00   0.0000000E+00
   1.5398733E+03   0.0000000E+00   0.0000000E+00   0.0000000E+00   0.0000000E+00
   1.5398809E+03   0.0000000E+00   0.0000000E+00   0.0000000E+00   0.0000000E+00
   1.5398884E+03   0.0000000E+00   0.0000000E+00   0.0000000E+00   0.0000000E+00
   1.5398959E+03   0.0000000E+00   0.0000000E+00   0.0000000E+00   0.0000000E+00
   1.5399035E+03   0.0000000E+00   0.0000000E+00   0.0000000E+00   0.0000000E+00
   1.5399110E+03   0.0000000E+00   0.0000000E+00   0.0000000E+00   0.0000000E+00
   1.5399185E+03   0.0000000E+00   0.0000000E+00   0.0000000E+00   0.0000000E+00
   1.5399260E+03   0.0000000E+00   0.0000000E+00   0.0000000E+00   0.0000000E+00
   1.5399336E+03   0.0000000E+00   0.0000000E+00   0.0000000E+00   0.0000000E+00
   1.5399411E+03   0.0000000E+00   0.0000000E+00   0.0000000E+00   0.0000000E+00
   1.5399486E+03   0.0000000E+00   0.0000000E+00   0.0000000E+00   0.0000000E+00
   1.5399562E+03   0.0000000E+00   0.0000000E+00   0.0000000E+00   0.0000000E+00
   1.5399637E+03   0.0000000E+00   0.0000000E+00   0.0000000E+00   0.0000000E+00
   1.5399712E+03   0.0000000E+00   0.0000000E+00   0.0000000E+00   0.0000000E+00
   1.5399787E+03   0.0000000E+00   0.0000000E+00   0.0000000E+00   0.0000000E+00
   1.5399863E+03   0.0000000E+00   0.0000000E+00   0.0000000E+00   0.0000000E+00
   1.5399938E+03   0.0000000E+00   0.0000000E+00   0.0000000E+00   0.0000000E+00
   1.5400013E+03   0.0000000E+00   0.0000000E+00   0.0000000E+00   0.0000000E+00
   1.5400089E+03   0.0000000E+00   0.0000000E+00   0.0000000E+00   0.0000000E+00
   1.5400164E+03   0.0000000E+00   0.0000000E+00   0.0000000E+00   0.0000000E+00
   1.5400239E+03   0.0000000E+00   0.0000000E+00   0.0000000E+00   0.0000000E+00
   1.5400314E+03   0.0000000E+00   0.0000000E+00   0.0000000E+00   0.0000000E+00
   1.5400390E+03   0.0000000E+00   0.0000000E+00   0.0000000E+00   0.0000000E+00
   1.5400465E+03   0.0000000E+00   0.0000000E+00   0.0000000E+00   0.0000000E+00
   1.5400540E+03   0.0000000E+00   0.0000000E+00   0.0000000E+00   0.0000000E+00
   1.5400616E+03   0.0000000E+00   0.0000000E+00   0.0000000E+00   0.0000000E+00
   1.5400691E+03   0.0000000E+00   0.0000000E+00   0.0000000E+00   0.0000000E+00
   1.5400766E+03   0.0000000E+00   0.0000000E+00   0.0000000E+00   0.0000000E+00
   1.5400841E+03   0.0000000E+00   0.0000000E+00   0.0000000E+00   0.0000000E+00
   1.5400917E+03   0.0000000E+00   0.0000000E+00   0.0000000E+00   0.0000000E+00
   1.5400992E+03   0.0000000E+00   0.0000000E+00   0.0000000E+00   0.0000000E+00
   1.5401067E+03   0.0000000E+00   0.0000000E+00   0.0000000E+00   0.0000000E+00
   1.5401143E+03   0.0000000E+00   0.0000000E+00   0.0000000E+00   0.0000000E+00
   1.5401218E+03   0.0000000E+00   0.0000000E+00   0.0000000E+00   0.0000000E+00
   1.5401293E+03   0.0000000E+00   0.0000000E+00   0.0000000E+00   0.0000000E+00
   1.5401368E+03   0.0000000E+00   0.0000000E+00   0.0000000E+00   0.0000000E+00
   1.5401444E+03   0.0000000E+00   0.0000000E+00   0.0000000E+00   0.0000000E+00
   1.5401519E+03   0.0000000E+00   0.0000000E+00   0.0000000E+00   0.0000000E+00
   1.5401594E+03   0.0000000E+00   0.0000000E+00   0.0000000E+00   0.0000000E+00
   1.5401670E+03   0.0000000E+00   0.0000000E+00   0.0000000E+00   0.0000000E+00
   1.5401745E+03   0.0000000E+00   0.0000000E+00   0.0000000E+00   0.0000000E+00
   1.5401820E+03   0.0000000E+00   0.0000000E+00   0.0000000E+00   0.0000000E+00
   1.5401895E+03   0.0000000E+00   0.0000000E+00   0.0000000E+00   0.0000000E+00
   1.5401971E+03   0.0000000E+00   0.0000000E+00   0.0000000E+00   0.0000000E+00
   1.5402046E+03   0.0000000E+00   0.0000000E+00   0.0000000E+00   0.0000000E+00
   1.5402121E+03   0.0000000E+00   0.0000000E+00   0.0000000E+00   0.0000000E+00
   1.5402197E+03   0.0000000E+00   0.0000000E+00   0.0000000E+00   0.0000000E+00
   1.5402272E+03   0.0000000E+00   0.0000000E+00   0.0000000E+00   0.0000000E+00
   1.5402347E+03   0.0000000E+00   0.0000000E+00   0.0000000E+00   0.0000000E+00
   1.5402422E+03   0.0000000E+00   0.0000000E+00   0.0000000E+00   0.0000000E+00
   1.5402498E+03   0.0000000E+00   0.0000000E+00   0.0000000E+00   0.0000000E+00
   1.5402573E+03   0.0000000E+00   0.0000000E+00   0.0000000E+00   0.0000000E+00
   1.5402648E+03   0.0000000E+00   0.0000000E+00   0.0000000E+00   0.0000000E+00
   1.5402723E+03   0.0000000E+00   0.0000000E+00   0.0000000E+00   0.0000000E+00
   1.5402799E+03   0.0000000E+00   0.0000000E+00   0.0000000E+00   0.0000000E+00
   1.5402874E+03   0.0000000E+00   0.0000000E+00   0.0000000E+00   0.0000000E+00
   1.5402949E+03   0.0000000E+00   0.0000000E+00   0.0000000E+00   0.0000000E+00
   1.5403025E+03   0.0000000E+00   0.0000000E+00   0.0000000E+00   0.0000000E+00
   1.5403100E+03   0.0000000E+00   0.0000000E+00   0.0000000E+00   0.0000000E+00
   1.5403175E+03   0.0000000E+00   0.0000000E+00   0.0000000E+00   0.0000000E+00
   1.5403250E+03   0.0000000E+00   0.0000000E+00   0.0000000E+00   0.0000000E+00
   1.5403326E+03   0.0000000E+00   0.0000000E+00   0.0000000E+00   0.0000000E+00
   1.5403401E+03   0.0000000E+00   0.0000000E+00   0.0000000E+00   0.0000000E+00
   1.5403476E+03   0.0000000E+00   0.0000000E+00   0.0000000E+00   0.0000000E+00
   1.5403552E+03   0.0000000E+00   0.0000000E+00   0.0000000E+00   0.0000000E+00
   1.5403627E+03   0.0000000E+00   0.0000000E+00   0.0000000E+00   0.0000000E+00
   1.5403702E+03   0.0000000E+00   0.0000000E+00   0.0000000E+00   0.0000000E+00
   1.5403777E+03   0.0000000E+00   0.0000000E+00   0.0000000E+00   0.0000000E+00
   1.5403853E+03   0.0000000E+00   0.0000000E+00   0.0000000E+00   0.0000000E+00
   1.5403928E+03   0.0000000E+00   0.0000000E+00   0.0000000E+00   0.0000000E+00
   1.5404003E+03   0.0000000E+00   0.0000000E+00   0.0000000E+00   0.0000000E+00
   1.5404079E+03   0.0000000E+00   0.0000000E+00   0.0000000E+00   0.0000000E+00
   1.5404154E+03   0.0000000E+00   0.0000000E+00   0.0000000E+00   0.0000000E+00
   1.5404229E+03   0.0000000E+00   0.0000000E+00   0.0000000E+00   0.0000000E+00
   1.5404304E+03   0.0000000E+00   0.0000000E+00   0.0000000E+00   0.0000000E+00
   1.5404380E+03   0.0000000E+00   0.0000000E+00   0.0000000E+00   0.0000000E+00
   1.5404455E+03   0.0000000E+00   0.0000000E+00   0.0000000E+00   0.0000000E+00
   1.5404530E+03   0.0000000E+00   0.0000000E+00   0.0000000E+00   0.0000000E+00
   1.5404606E+03   0.0000000E+00   0.0000000E+00   0.0000000E+00   0.0000000E+00
   1.5404681E+03   0.0000000E+00   0.0000000E+00   0.0000000E+00   0.0000000E+00
   1.5404756E+03   0.0000000E+00   0.0000000E+00   0.0000000E+00   0.0000000E+00
   1.5404831E+03   0.0000000E+00   0.0000000E+00   0.0000000E+00   0.0000000E+00
   1.5404907E+03   0.0000000E+00   0.0000000E+00   0.0000000E+00   0.0000000E+00
   1.5404982E+03   0.0000000E+00   0.0000000E+00   0.0000000E+00   0.0000000E+00
   1.5405057E+03   0.0000000E+00   0.0000000E+00   0.0000000E+00   0.0000000E+00
   1.5405133E+03   0.0000000E+00   0.0000000E+00   0.0000000E+00   0.0000000E+00
   1.5405208E+03   0.0000000E+00   0.0000000E+00   0.0000000E+00   0.0000000E+00
   1.5405283E+03   0.0000000E+00   0.0000000E+00   0.0000000E+00   0.0000000E+00
   1.5405358E+03   0.0000000E+00   0.0000000E+00   0.0000000E+00   0.0000000E+00
   1.5405434E+03   0.0000000E+00   0.0000000E+00   0.0000000E+00   0.0000000E+00
   1.5405509E+03   0.0000000E+00   0.0000000E+00   0.0000000E+00   0.0000000E+00
   1.5405584E+03   0.0000000E+00   0.0000000E+00   0.0000000E+00   0.0000000E+00
   1.5405660E+03   0.0000000E+00   0.0000000E+00   0.0000000E+00   0.0000000E+00
   1.5405735E+03   0.0000000E+00   0.0000000E+00   0.0000000E+00   0.0000000E+00
   1.5405810E+03   0.0000000E+00   0.0000000E+00   0.0000000E+00   0.0000000E+00
   1.5405885E+03   0.0000000E+00   0.0000000E+00   0.0000000E+00   0.0000000E+00
   1.5405961E+03   0.0000000E+00   0.0000000E+00   0.0000000E+00   0.0000000E+00
   1.5406036E+03   0.0000000E+00   0.0000000E+00   0.0000000E+00   0.0000000E+00
   1.5406111E+03   0.0000000E+00   0.0000000E+00   0.0000000E+00   0.0000000E+00
   1.5406187E+03   0.0000000E+00   0.0000000E+00   0.0000000E+00   0.0000000E+00
   1.5406262E+03   0.0000000E+00   0.0000000E+00   0.0000000E+00   0.0000000E+00
   1.5406337E+03   0.0000000E+00   0.0000000E+00   0.0000000E+00   0.0000000E+00
   1.5406412E+03   0.0000000E+00   0.0000000E+00   0.0000000E+00   0.0000000E+00
   1.5406488E+03   0.0000000E+00   0.0000000E+00   0.0000000E+00   0.0000000E+00
   1.5406563E+03   0.0000000E+00   0.0000000E+00   0.0000000E+00   0.0000000E+00
   1.5406638E+03   0.0000000E+00   0.0000000E+00   0.0000000E+00   0.0000000E+00
   1.5406713E+03   0.0000000E+00   0.0000000E+00   0.0000000E+00   0.0000000E+00
   1.5406789E+03   0.0000000E+00   0.0000000E+00   0.0000000E+00   0.0000000E+00
   1.5406864E+03   0.0000000E+00   0.0000000E+00   0.0000000E+00   0.0000000E+00
   1.5406939E+03   0.0000000E+00   0.0000000E+00   0.0000000E+00   0.0000000E+00
   1.5407015E+03   0.0000000E+00   0.0000000E+00   0.0000000E+00   0.0000000E+00
   1.5407090E+03   0.0000000E+00   0.0000000E+00   0.0000000E+00   0.0000000E+00
   1.5407165E+03   0.0000000E+00   0.0000000E+00   0.0000000E+00   0.0000000E+00
   1.5407240E+03   0.0000000E+00   0.0000000E+00   0.0000000E+00   0.0000000E+00
   1.5407316E+03   0.0000000E+00   0.0000000E+00   0.0000000E+00   0.0000000E+00
   1.5407391E+03   0.0000000E+00   0.0000000E+00   0.0000000E+00   0.0000000E+00
   1.5407466E+03   0.0000000E+00   0.0000000E+00   0.0000000E+00   0.0000000E+00
   1.5407542E+03   0.0000000E+00   0.0000000E+00   0.0000000E+00   0.0000000E+00
   1.5407617E+03   0.0000000E+00   0.0000000E+00   0.0000000E+00   0.0000000E+00
   1.5407692E+03   0.0000000E+00   0.0000000E+00   0.0000000E+00   0.0000000E+00
   1.5407767E+03   0.0000000E+00   0.0000000E+00   0.0000000E+00   0.0000000E+00
   1.5407843E+03   0.0000000E+00   0.0000000E+00   0.0000000E+00   0.0000000E+00
   1.5407918E+03   0.0000000E+00   0.0000000E+00   0.0000000E+00   0.0000000E+00
   1.5407993E+03   0.0000000E+00   0.0000000E+00   0.0000000E+00   0.0000000E+00
   1.5408069E+03   0.0000000E+00   0.0000000E+00   0.0000000E+00   0.0000000E+00
   1.5408144E+03   0.0000000E+00   0.0000000E+00   0.0000000E+00   0.0000000E+00
   1.5408219E+03   0.0000000E+00   0.0000000E+00   0.0000000E+00   0.0000000E+00
   1.5408294E+03   0.0000000E+00   0.0000000E+00   0.0000000E+00   0.0000000E+00
   1.5408370E+03   0.0000000E+00   0.0000000E+00   0.0000000E+00   0.0000000E+00
   1.5408445E+03   0.0000000E+00   0.0000000E+00   0.0000000E+00   0.0000000E+00
   1.5408520E+03   0.0000000E+00   0.0000000E+00   0.0000000E+00   0.0000000E+00
   1.5408596E+03   0.0000000E+00   0.0000000E+00   0.0000000E+00   0.0000000E+00
   1.5408671E+03   0.0000000E+00   0.0000000E+00   0.0000000E+00   0.0000000E+00
   1.5408746E+03   0.0000000E+00   0.0000000E+00   0.0000000E+00   0.0000000E+00
   1.5408821E+03   0.0000000E+00   0.0000000E+00   0.0000000E+00   0.0000000E+00
   1.5408897E+03   0.0000000E+00   0.0000000E+00   0.0000000E+00   0.0000000E+00
   1.5408972E+03   0.0000000E+00   0.0000000E+00   0.0000000E+00   0.0000000E+00
   1.5409047E+03   0.0000000E+00   0.0000000E+00   0.0000000E+00   0.0000000E+00
   1.5409123E+03   0.0000000E+00   0.0000000E+00   0.0000000E+00   0.0000000E+00
   1.5409198E+03   0.0000000E+00   0.0000000E+00   0.0000000E+00   0.0000000E+00
   1.5409273E+03   0.0000000E+00   0.0000000E+00   0.0000000E+00   0.0000000E+00
   1.5409348E+03   0.0000000E+00   0.0000000E+00   0.0000000E+00   0.0000000E+00
   1.5409424E+03   0.0000000E+00   0.0000000E+00   0.0000000E+00   0.0000000E+00
   1.5409499E+03   0.0000000E+00   0.0000000E+00   0.0000000E+00   0.0000000E+00
   1.5409574E+03   0.0000000E+00   0.0000000E+00   0.0000000E+00   0.0000000E+00
   1.5409650E+03   0.0000000E+00   0.0000000E+00   0.0000000E+00   0.0000000E+00
   1.5409725E+03   0.0000000E+00   0.0000000E+00   0.0000000E+00   0.0000000E+00
   1.5409800E+03   0.0000000E+00   0.0000000E+00   0.0000000E+00   0.0000000E+00
   1.5409875E+03   0.0000000E+00   0.0000000E+00   0.0000000E+00   0.0000000E+00
   1.5409951E+03   0.0000000E+00   0.0000000E+00   0.0000000E+00   0.0000000E+00
   1.5410026E+03   0.0000000E+00   0.0000000E+00   0.0000000E+00   0.0000000E+00
   1.5410101E+03   0.0000000E+00   0.0000000E+00   0.0000000E+00   0.0000000E+00
   1.5410177E+03   0.0000000E+00   0.0000000E+00   0.0000000E+00   0.0000000E+00
   1.5410252E+03   0.0000000E+00   0.0000000E+00   0.0000000E+00   0.0000000E+00
   1.5410327E+03   0.0000000E+00   0.0000000E+00   0.0000000E+00   0.0000000E+00
   1.5410402E+03   0.0000000E+00   0.0000000E+00   0.0000000E+00   0.0000000E+00
   1.5410478E+03   0.0000000E+00   0.0000000E+00   0.0000000E+00   0.0000000E+00
   1.5410553E+03   0.0000000E+00   0.0000000E+00   0.0000000E+00   0.0000000E+00
   1.5410628E+03   0.0000000E+00   0.0000000E+00   0.0000000E+00   0.0000000E+00
   1.5410704E+03   0.0000000E+00   0.0000000E+00   0.0000000E+00   0.0000000E+00
   1.5410779E+03   0.0000000E+00   0.0000000E+00   0.0000000E+00   0.0000000E+00
   1.5410854E+03   0.0000000E+00   0.0000000E+00   0.0000000E+00   0.0000000E+00
   1.5410929E+03   0.0000000E+00   0.0000000E+00   0.0000000E+00   0.0000000E+00
   1.5411005E+03   0.0000000E+00   0.0000000E+00   0.0000000E+00   0.0000000E+00
   1.5411080E+03   0.0000000E+00   0.0000000E+00   0.0000000E+00   0.0000000E+00
   1.5411155E+03   0.0000000E+00   0.0000000E+00   0.0000000E+00   0.0000000E+00
   1.5411230E+03   0.0000000E+00   0.0000000E+00   0.0000000E+00   0.0000000E+00
   1.5411306E+03   0.0000000E+00   0.0000000E+00   0.0000000E+00   0.0000000E+00
   1.5411381E+03   0.0000000E+00   0.0000000E+00   0.0000000E+00   0.0000000E+00
   1.5411456E+03   0.0000000E+00   0.0000000E+00   0.0000000E+00   0.0000000E+00
   1.5411532E+03   0.0000000E+00   0.0000000E+00   0.0000000E+00   0.0000000E+00
   1.5411607E+03   0.0000000E+00   0.0000000E+00   0.0000000E+00   0.0000000E+00
   1.5411682E+03   0.0000000E+00   0.0000000E+00   0.0000000E+00   0.0000000E+00
   1.5411757E+03   0.0000000E+00   0.0000000E+00   0.0000000E+00   0.0000000E+00
   1.5411833E+03   0.0000000E+00   0.0000000E+00   0.0000000E+00   0.0000000E+00
   1.5411908E+03   0.0000000E+00   0.0000000E+00   0.0000000E+00   0.0000000E+00
   1.5411983E+03   0.0000000E+00   0.0000000E+00   0.0000000E+00   0.0000000E+00
   1.5412059E+03   0.0000000E+00   0.0000000E+00   0.0000000E+00   0.0000000E+00
   1.5412134E+03   0.0000000E+00   0.0000000E+00   0.0000000E+00   0.0000000E+00
   1.5412209E+03   0.0000000E+00   0.0000000E+00   0.0000000E+00   0.0000000E+00
   1.5412284E+03   0.0000000E+00   0.0000000E+00   0.0000000E+00   0.0000000E+00
   1.5412360E+03   0.0000000E+00   0.0000000E+00   0.0000000E+00   0.0000000E+00
   1.5412435E+03   0.0000000E+00   0.0000000E+00   0.0000000E+00   0.0000000E+00
   1.5412510E+03   0.0000000E+00   0.0000000E+00   0.0000000E+00   0.0000000E+00
   1.5412586E+03   0.0000000E+00   0.0000000E+00   0.0000000E+00   0.0000000E+00
   1.5412661E+03   0.0000000E+00   0.0000000E+00   0.0000000E+00   0.0000000E+00
   1.5412736E+03   0.0000000E+00   0.0000000E+00   0.0000000E+00   0.0000000E+00
   1.5412811E+03   0.0000000E+00   0.0000000E+00   0.0000000E+00   0.0000000E+00
   1.5412887E+03   0.0000000E+00   0.0000000E+00   0.0000000E+00   0.0000000E+00
   1.5412962E+03   0.0000000E+00   0.0000000E+00   0.0000000E+00   0.0000000E+00
   1.5413037E+03   0.0000000E+00   0.0000000E+00   0.0000000E+00   0.0000000E+00
   1.5413113E+03   0.0000000E+00   0.0000000E+00   0.0000000E+00   0.0000000E+00
   1.5413188E+03   0.0000000E+00   0.0000000E+00   0.0000000E+00   0.0000000E+00
   1.5413263E+03   0.0000000E+00   0.0000000E+00   0.0000000E+00   0.0000000E+00
   1.5413338E+03   0.0000000E+00   0.0000000E+00   0.0000000E+00   0.0000000E+00
   1.5413414E+03   0.0000000E+00   0.0000000E+00   0.0000000E+00   0.0000000E+00
   1.5413489E+03   0.0000000E+00   0.0000000E+00   0.0000000E+00   0.0000000E+00
   1.5413564E+03   0.0000000E+00   0.0000000E+00   0.0000000E+00   0.0000000E+00
   1.5413640E+03   0.0000000E+00   0.0000000E+00   0.0000000E+00   0.0000000E+00
   1.5413715E+03   0.0000000E+00   0.0000000E+00   0.0000000E+00   0.0000000E+00
   1.5413790E+03   0.0000000E+00   0.0000000E+00   0.0000000E+00   0.0000000E+00
   1.5413865E+03   0.0000000E+00   0.0000000E+00   0.0000000E+00   0.0000000E+00
   1.5413941E+03   0.0000000E+00   0.0000000E+00   0.0000000E+00   0.0000000E+00
   1.5414016E+03   0.0000000E+00   0.0000000E+00   0.0000000E+00   0.0000000E+00
   1.5414091E+03   0.0000000E+00   0.0000000E+00   0.0000000E+00   0.0000000E+00
   1.5414167E+03   0.0000000E+00   0.0000000E+00   0.0000000E+00   0.0000000E+00
   1.5414242E+03   0.0000000E+00   0.0000000E+00   0.0000000E+00   0.0000000E+00
   1.5414317E+03   0.0000000E+00   0.0000000E+00   0.0000000E+00   0.0000000E+00
   1.5414392E+03   0.0000000E+00   0.0000000E+00   0.0000000E+00   0.0000000E+00
   1.5414468E+03   0.0000000E+00   0.0000000E+00   0.0000000E+00   0.0000000E+00
   1.5414543E+03   0.0000000E+00   0.0000000E+00   0.0000000E+00   0.0000000E+00
   1.5414618E+03   0.0000000E+00   0.0000000E+00   0.0000000E+00   0.0000000E+00
   1.5414694E+03   0.0000000E+00   0.0000000E+00   0.0000000E+00   0.0000000E+00
   1.5414769E+03   0.0000000E+00   0.0000000E+00   0.0000000E+00   0.0000000E+00
   1.5414844E+03   0.0000000E+00   0.0000000E+00   0.0000000E+00   0.0000000E+00
   1.5414919E+03   0.0000000E+00   0.0000000E+00   0.0000000E+00   0.0000000E+00
   1.5414995E+03   0.0000000E+00   0.0000000E+00   0.0000000E+00   0.0000000E+00
   1.5415070E+03   0.0000000E+00   0.0000000E+00   0.0000000E+00   0.0000000E+00
   1.5415145E+03   0.0000000E+00   0.0000000E+00   0.0000000E+00   0.0000000E+00
   1.5415221E+03   0.0000000E+00   0.0000000E+00   0.0000000E+00   0.0000000E+00
   1.5415296E+03   0.0000000E+00   0.0000000E+00   0.0000000E+00   0.0000000E+00
   1.5415371E+03   0.0000000E+00   0.0000000E+00   0.0000000E+00   0.0000000E+00
   1.5415446E+03   0.0000000E+00   0.0000000E+00   0.0000000E+00   0.0000000E+00
   1.5415522E+03   0.0000000E+00   0.0000000E+00   0.0000000E+00   0.0000000E+00
   1.5415597E+03   0.0000000E+00   0.0000000E+00   0.0000000E+00   0.0000000E+00
   1.5415672E+03   0.0000000E+00   0.0000000E+00   0.0000000E+00   0.0000000E+00
   1.5415747E+03   0.0000000E+00   0.0000000E+00   0.0000000E+00   0.0000000E+00
   1.5415823E+03   0.0000000E+00   0.0000000E+00   0.0000000E+00   0.0000000E+00
   1.5415898E+03   0.0000000E+00   0.0000000E+00   0.0000000E+00   0.0000000E+00
   1.5415973E+03   0.0000000E+00   0.0000000E+00   0.0000000E+00   0.0000000E+00
   1.5416049E+03   0.0000000E+00   0.0000000E+00   0.0000000E+00   0.0000000E+00
   1.5416124E+03   0.0000000E+00   0.0000000E+00   0.0000000E+00   0.0000000E+00
   1.5416199E+03   0.0000000E+00   0.0000000E+00   0.0000000E+00   0.0000000E+00
   1.5416274E+03   0.0000000E+00   0.0000000E+00   0.0000000E+00   0.0000000E+00
   1.5416350E+03   0.0000000E+00   0.0000000E+00   0.0000000E+00   0.0000000E+00
   1.5416425E+03   0.0000000E+00   0.0000000E+00   0.0000000E+00   0.0000000E+00
   1.5416500E+03   0.0000000E+00   0.0000000E+00   0.0000000E+00   0.0000000E+00
   1.5416576E+03   0.0000000E+00   0.0000000E+00   0.0000000E+00   0.0000000E+00
   1.5416651E+03   0.0000000E+00   0.0000000E+00   0.0000000E+00   0.0000000E+00
   1.5416726E+03   0.0000000E+00   0.0000000E+00   0.0000000E+00   0.0000000E+00
   1.5416801E+03   0.0000000E+00   0.0000000E+00   0.0000000E+00   0.0000000E+00
   1.5416877E+03   0.0000000E+00   0.0000000E+00   0.0000000E+00   0.0000000E+00
   1.5416952E+03   0.0000000E+00   0.0000000E+00   0.0000000E+00   0.0000000E+00
   1.5417027E+03   0.0000000E+00   0.0000000E+00   0.0000000E+00   0.0000000E+00
   1.5417103E+03   0.0000000E+00   0.0000000E+00   0.0000000E+00   0.0000000E+00
   1.5417178E+03   0.0000000E+00   0.0000000E+00   0.0000000E+00   0.0000000E+00
   1.5417253E+03   0.0000000E+00   0.0000000E+00   0.0000000E+00   0.0000000E+00
   1.5417328E+03   0.0000000E+00   0.0000000E+00   0.0000000E+00   0.0000000E+00
   1.5417404E+03   0.0000000E+00   0.0000000E+00   0.0000000E+00   0.0000000E+00
   1.5417479E+03   0.0000000E+00   0.0000000E+00   0.0000000E+00   0.0000000E+00
   1.5417554E+03   0.0000000E+00   0.0000000E+00   0.0000000E+00   0.0000000E+00
   1.5417630E+03   0.0000000E+00   0.0000000E+00   0.0000000E+00   0.0000000E+00
   1.5417705E+03   0.0000000E+00   0.0000000E+00   0.0000000E+00   0.0000000E+00
   1.5417780E+03   0.0000000E+00   0.0000000E+00   0.0000000E+00   0.0000000E+00
   1.5417855E+03   0.0000000E+00   0.0000000E+00   0.0000000E+00   0.0000000E+00
   1.5417931E+03   0.0000000E+00   0.0000000E+00   0.0000000E+00   0.0000000E+00
   1.5418006E+03   0.0000000E+00   0.0000000E+00   0.0000000E+00   0.0000000E+00
   1.5418081E+03   0.0000000E+00   0.0000000E+00   0.0000000E+00   0.0000000E+00
   1.5418157E+03   0.0000000E+00   0.0000000E+00   0.0000000E+00   0.0000000E+00
   1.5418232E+03   0.0000000E+00   0.0000000E+00   0.0000000E+00   0.0000000E+00
   1.5418307E+03   0.0000000E+00   0.0000000E+00   0.0000000E+00   0.0000000E+00
   1.5418382E+03   0.0000000E+00   0.0000000E+00   0.0000000E+00   0.0000000E+00
   1.5418458E+03   0.0000000E+00   0.0000000E+00   0.0000000E+00   0.0000000E+00
   1.5418533E+03   0.0000000E+00   0.0000000E+00   0.0000000E+00   0.0000000E+00
   1.5418608E+03   0.0000000E+00   0.0000000E+00   0.0000000E+00   0.0000000E+00
   1.5418684E+03   0.0000000E+00   0.0000000E+00   0.0000000E+00   0.0000000E+00
   1.5418759E+03   0.0000000E+00   0.0000000E+00   0.0000000E+00   0.0000000E+00
   1.5418834E+03   0.0000000E+00   0.0000000E+00   0.0000000E+00   0.0000000E+00
   1.5418909E+03   0.0000000E+00   0.0000000E+00   0.0000000E+00   0.0000000E+00
   1.5418985E+03   0.0000000E+00   0.0000000E+00   0.0000000E+00   0.0000000E+00
   1.5419060E+03   0.0000000E+00   0.0000000E+00   0.0000000E+00   0.0000000E+00
   1.5419135E+03   0.0000000E+00   0.0000000E+00   0.0000000E+00   0.0000000E+00
   1.5419211E+03   0.0000000E+00   0.0000000E+00   0.0000000E+00   0.0000000E+00
   1.5419286E+03   0.0000000E+00   0.0000000E+00   0.0000000E+00   0.0000000E+00
   1.5419361E+03   0.0000000E+00   0.0000000E+00   0.0000000E+00   0.0000000E+00
   1.5419436E+03   0.0000000E+00   0.0000000E+00   0.0000000E+00   0.0000000E+00
   1.5419512E+03   0.0000000E+00   0.0000000E+00   0.0000000E+00   0.0000000E+00
   1.5419587E+03   0.0000000E+00   0.0000000E+00   0.0000000E+00   0.0000000E+00
   1.5419662E+03   0.0000000E+00   0.0000000E+00   0.0000000E+00   0.0000000E+00
   1.5419738E+03   0.0000000E+00   0.0000000E+00   0.0000000E+00   0.0000000E+00
   1.5419813E+03   0.0000000E+00   0.0000000E+00   0.0000000E+00   0.0000000E+00
   1.5419888E+03   0.0000000E+00   0.0000000E+00   0.0000000E+00   0.0000000E+00
   1.5419963E+03   0.0000000E+00   0.0000000E+00   0.0000000E+00   0.0000000E+00
   1.5420039E+03   0.0000000E+00   0.0000000E+00   0.0000000E+00   0.0000000E+00
   1.5420114E+03   0.0000000E+00   0.0000000E+00   0.0000000E+00   0.0000000E+00
   1.5420189E+03   0.0000000E+00   0.0000000E+00   0.0000000E+00   0.0000000E+00
   1.5420264E+03   0.0000000E+00   0.0000000E+00   0.0000000E+00   0.0000000E+00
   1.5420340E+03   0.0000000E+00   0.0000000E+00   0.0000000E+00   0.0000000E+00
   1.5420415E+03   0.0000000E+00   0.0000000E+00   0.0000000E+00   0.0000000E+00
   1.5420490E+03   0.0000000E+00   0.0000000E+00   0.0000000E+00   0.0000000E+00
   1.5420566E+03   0.0000000E+00   0.0000000E+00   0.0000000E+00   0.0000000E+00
   1.5420641E+03   0.0000000E+00   0.0000000E+00   0.0000000E+00   0.0000000E+00
   1.5420716E+03   0.0000000E+00   0.0000000E+00   0.0000000E+00   0.0000000E+00
   1.5420791E+03   0.0000000E+00   0.0000000E+00   0.0000000E+00   0.0000000E+00
   1.5420867E+03   0.0000000E+00   0.0000000E+00   0.0000000E+00   0.0000000E+00
   1.5420942E+03   0.0000000E+00   0.0000000E+00   0.0000000E+00   0.0000000E+00
   1.5421017E+03   0.0000000E+00   0.0000000E+00   0.0000000E+00   0.0000000E+00
   1.5421093E+03   0.0000000E+00   0.0000000E+00   0.0000000E+00   0.0000000E+00
   1.5421168E+03   0.0000000E+00   0.0000000E+00   0.0000000E+00   0.0000000E+00
   1.5421243E+03   0.0000000E+00   0.0000000E+00   0.0000000E+00   0.0000000E+00
   1.5421318E+03   0.0000000E+00   0.0000000E+00   0.0000000E+00   0.0000000E+00
   1.5421394E+03   0.0000000E+00   0.0000000E+00   0.0000000E+00   0.0000000E+00
   1.5421469E+03   0.0000000E+00   0.0000000E+00   0.0000000E+00   0.0000000E+00
   1.5421544E+03   0.0000000E+00   0.0000000E+00   0.0000000E+00   0.0000000E+00
   1.5421620E+03   0.0000000E+00   0.0000000E+00   0.0000000E+00   0.0000000E+00
   1.5421695E+03   0.0000000E+00   0.0000000E+00   0.0000000E+00   0.0000000E+00
   1.5421770E+03   0.0000000E+00   0.0000000E+00   0.0000000E+00   0.0000000E+00
   1.5421845E+03   0.0000000E+00   0.0000000E+00   0.0000000E+00   0.0000000E+00
   1.5421921E+03   0.0000000E+00   0.0000000E+00   0.0000000E+00   0.0000000E+00
   1.5421996E+03   0.0000000E+00   0.0000000E+00   0.0000000E+00   0.0000000E+00
   1.5422071E+03   0.0000000E+00   0.0000000E+00   0.0000000E+00   0.0000000E+00
   1.5422147E+03   0.0000000E+00   0.0000000E+00   0.0000000E+00   0.0000000E+00
   1.5422222E+03   0.0000000E+00   0.0000000E+00   0.0000000E+00   0.0000000E+00
   1.5422297E+03   0.0000000E+00   0.0000000E+00   0.0000000E+00   0.0000000E+00
   1.5422372E+03   0.0000000E+00   0.0000000E+00   0.0000000E+00   0.0000000E+00
   1.5422448E+03   0.0000000E+00   0.0000000E+00   0.0000000E+00   0.0000000E+00
   1.5422523E+03   0.0000000E+00   0.0000000E+00   0.0000000E+00   0.0000000E+00
   1.5422598E+03   0.0000000E+00   0.0000000E+00   0.0000000E+00   0.0000000E+00
   1.5422674E+03   0.0000000E+00   0.0000000E+00   0.0000000E+00   0.0000000E+00
   1.5422749E+03   0.0000000E+00   0.0000000E+00   0.0000000E+00   0.0000000E+00
   1.5422824E+03   0.0000000E+00   0.0000000E+00   0.0000000E+00   0.0000000E+00
   1.5422899E+03   0.0000000E+00   0.0000000E+00   0.0000000E+00   0.0000000E+00
   1.5422975E+03   0.0000000E+00   0.0000000E+00   0.0000000E+00   0.0000000E+00
   1.5423050E+03   0.0000000E+00   0.0000000E+00   0.0000000E+00   0.0000000E+00
   1.5423125E+03   0.0000000E+00   0.0000000E+00   0.0000000E+00   0.0000000E+00
   1.5423201E+03   0.0000000E+00   0.0000000E+00   0.0000000E+00   0.0000000E+00
   1.5423276E+03   0.0000000E+00   0.0000000E+00   0.0000000E+00   0.0000000E+00
   1.5423351E+03   0.0000000E+00   0.0000000E+00   0.0000000E+00   0.0000000E+00
   1.5423426E+03   0.0000000E+00   0.0000000E+00   0.0000000E+00   0.0000000E+00
   1.5423502E+03   0.0000000E+00   0.0000000E+00   0.0000000E+00   0.0000000E+00
   1.5423577E+03   0.0000000E+00   0.0000000E+00   0.0000000E+00   0.0000000E+00
   1.5423652E+03   0.0000000E+00   0.0000000E+00   0.0000000E+00   0.0000000E+00
   1.5423728E+03   0.0000000E+00   0.0000000E+00   0.0000000E+00   0.0000000E+00
   1.5423803E+03   0.0000000E+00   0.0000000E+00   0.0000000E+00   0.0000000E+00
   1.5423878E+03   0.0000000E+00   0.0000000E+00   0.0000000E+00   0.0000000E+00
   1.5423953E+03   0.0000000E+00   0.0000000E+00   0.0000000E+00   0.0000000E+00
   1.5424029E+03   0.0000000E+00   0.0000000E+00   0.0000000E+00   0.0000000E+00
   1.5424104E+03   0.0000000E+00   0.0000000E+00   0.0000000E+00   0.0000000E+00
   1.5424179E+03   0.0000000E+00   0.0000000E+00   0.0000000E+00   0.0000000E+00
   1.5424255E+03   0.0000000E+00   0.0000000E+00   0.0000000E+00   0.0000000E+00
   1.5424330E+03   0.0000000E+00   0.0000000E+00   0.0000000E+00   0.0000000E+00
   1.5424405E+03   0.0000000E+00   0.0000000E+00   0.0000000E+00   0.0000000E+00
   1.5424480E+03   0.0000000E+00   0.0000000E+00   0.0000000E+00   0.0000000E+00
   1.5424556E+03   0.0000000E+00   0.0000000E+00   0.0000000E+00   0.0000000E+00
   1.5424631E+03   0.0000000E+00   0.0000000E+00   0.0000000E+00   0.0000000E+00
   1.5424706E+03   0.0000000E+00   0.0000000E+00   0.0000000E+00   0.0000000E+00
   1.5424781E+03   0.0000000E+00   0.0000000E+00   0.0000000E+00   0.0000000E+00
   1.5424857E+03   0.0000000E+00   0.0000000E+00   0.0000000E+00   0.0000000E+00
   1.5424932E+03   0.0000000E+00   0.0000000E+00   0.0000000E+00   0.0000000E+00
   1.5425007E+03   0.0000000E+00   0.0000000E+00   0.0000000E+00   0.0000000E+00
   1.5425083E+03   0.0000000E+00   0.0000000E+00   0.0000000E+00   0.0000000E+00
   1.5425158E+03   0.0000000E+00   0.0000000E+00   0.0000000E+00   0.0000000E+00
   1.5425233E+03   0.0000000E+00   0.0000000E+00   0.0000000E+00   0.0000000E+00
   1.5425308E+03   0.0000000E+00   0.0000000E+00   0.0000000E+00   0.0000000E+00
   1.5425384E+03   0.0000000E+00   0.0000000E+00   0.0000000E+00   0.0000000E+00
   1.5425459E+03   0.0000000E+00   0.0000000E+00   0.0000000E+00   0.0000000E+00
   1.5425534E+03   0.0000000E+00   0.0000000E+00   0.0000000E+00   0.0000000E+00
   1.5425610E+03   0.0000000E+00   0.0000000E+00   0.0000000E+00   0.0000000E+00
   1.5425685E+03   0.0000000E+00   0.0000000E+00   0.0000000E+00   0.0000000E+00
   1.5425760E+03   0.0000000E+00   0.0000000E+00   0.0000000E+00   0.0000000E+00
   1.5425835E+03   0.0000000E+00   0.0000000E+00   0.0000000E+00   0.0000000E+00
   1.5425911E+03   0.0000000E+00   0.0000000E+00   0.0000000E+00   0.0000000E+00
   1.5425986E+03   0.0000000E+00   0.0000000E+00   0.0000000E+00   0.0000000E+00
   1.5426061E+03   0.0000000E+00   0.0000000E+00   0.0000000E+00   0.0000000E+00
   1.5426137E+03   0.0000000E+00   0.0000000E+00   0.0000000E+00   0.0000000E+00
   1.5426212E+03   0.0000000E+00   0.0000000E+00   0.0000000E+00   0.0000000E+00
   1.5426287E+03   0.0000000E+00   0.0000000E+00   0.0000000E+00   0.0000000E+00
   1.5426362E+03   0.0000000E+00   0.0000000E+00   0.0000000E+00   0.0000000E+00
   1.5426438E+03   0.0000000E+00   0.0000000E+00   0.0000000E+00   0.0000000E+00
   1.5426513E+03   0.0000000E+00   0.0000000E+00   0.0000000E+00   0.0000000E+00
   1.5426588E+03   0.0000000E+00   0.0000000E+00   0.0000000E+00   0.0000000E+00
   1.5426664E+03   0.0000000E+00   0.0000000E+00   0.0000000E+00   0.0000000E+00
   1.5426739E+03   0.0000000E+00   0.0000000E+00   0.0000000E+00   0.0000000E+00
   1.5426814E+03   0.0000000E+00   0.0000000E+00   0.0000000E+00   0.0000000E+00
   1.5426889E+03   0.0000000E+00   0.0000000E+00   0.0000000E+00   0.0000000E+00
   1.5426965E+03   0.0000000E+00   0.0000000E+00   0.0000000E+00   0.0000000E+00
   1.5427040E+03   0.0000000E+00   0.0000000E+00   0.0000000E+00   0.0000000E+00
   1.5427115E+03   0.0000000E+00   0.0000000E+00   0.0000000E+00   0.0000000E+00
   1.5427191E+03   0.0000000E+00   0.0000000E+00   0.0000000E+00   0.0000000E+00
   1.5427266E+03   0.0000000E+00   0.0000000E+00   0.0000000E+00   0.0000000E+00
   1.5427341E+03   0.0000000E+00   0.0000000E+00   0.0000000E+00   0.0000000E+00
   1.5427416E+03   0.0000000E+00   0.0000000E+00   0.0000000E+00   0.0000000E+00
   1.5427492E+03   0.0000000E+00   0.0000000E+00   0.0000000E+00   0.0000000E+00
   1.5427567E+03   0.0000000E+00   0.0000000E+00   0.0000000E+00   0.0000000E+00
   1.5427642E+03   0.0000000E+00   0.0000000E+00   0.0000000E+00   0.0000000E+00
   1.5427718E+03   0.0000000E+00   0.0000000E+00   0.0000000E+00   0.0000000E+00
   1.5427793E+03   0.0000000E+00   0.0000000E+00   0.0000000E+00   0.0000000E+00
   1.5427868E+03   0.0000000E+00   0.0000000E+00   0.0000000E+00   0.0000000E+00
   1.5427943E+03   0.0000000E+00   0.0000000E+00   0.0000000E+00   0.0000000E+00
   1.5428019E+03   0.0000000E+00   0.0000000E+00   0.0000000E+00   0.0000000E+00
   1.5428094E+03   0.0000000E+00   0.0000000E+00   0.0000000E+00   0.0000000E+00
   1.5428169E+03   0.0000000E+00   0.0000000E+00   0.0000000E+00   0.0000000E+00
   1.5428245E+03   0.0000000E+00   0.0000000E+00   0.0000000E+00   0.0000000E+00
   1.5428320E+03   0.0000000E+00   0.0000000E+00   0.0000000E+00   0.0000000E+00
   1.5428395E+03   0.0000000E+00   0.0000000E+00   0.0000000E+00   0.0000000E+00
   1.5428470E+03   0.0000000E+00   0.0000000E+00   0.0000000E+00   0.0000000E+00
   1.5428546E+03   0.0000000E+00   0.0000000E+00   0.0000000E+00   0.0000000E+00
   1.5428621E+03   0.0000000E+00   0.0000000E+00   0.0000000E+00   0.0000000E+00
   1.5428696E+03   0.0000000E+00   0.0000000E+00   0.0000000E+00   0.0000000E+00
   1.5428772E+03   0.0000000E+00   0.0000000E+00   0.0000000E+00   0.0000000E+00
   1.5428847E+03   0.0000000E+00   0.0000000E+00   0.0000000E+00   0.0000000E+00
   1.5428922E+03   0.0000000E+00   0.0000000E+00   0.0000000E+00   0.0000000E+00
   1.5428997E+03   0.0000000E+00   0.0000000E+00   0.0000000E+00   0.0000000E+00
   1.5429073E+03   0.0000000E+00   0.0000000E+00   0.0000000E+00   0.0000000E+00
   1.5429148E+03   0.0000000E+00   0.0000000E+00   0.0000000E+00   0.0000000E+00
   1.5429223E+03   0.0000000E+00   0.0000000E+00   0.0000000E+00   0.0000000E+00
   1.5429298E+03   0.0000000E+00   0.0000000E+00   0.0000000E+00   0.0000000E+00
   1.5429374E+03   0.0000000E+00   0.0000000E+00   0.0000000E+00   0.0000000E+00
   1.5429449E+03   0.0000000E+00   0.0000000E+00   0.0000000E+00   0.0000000E+00
   1.5429524E+03   0.0000000E+00   0.0000000E+00   0.0000000E+00   0.0000000E+00
   1.5429600E+03   0.0000000E+00   0.0000000E+00   0.0000000E+00   0.0000000E+00
   1.5429675E+03   0.0000000E+00   0.0000000E+00   0.0000000E+00   0.0000000E+00
   1.5429750E+03   0.0000000E+00   0.0000000E+00   0.0000000E+00   0.0000000E+00
   1.5429825E+03   0.0000000E+00   0.0000000E+00   0.0000000E+00   0.0000000E+00
   1.5429901E+03   0.0000000E+00   0.0000000E+00   0.0000000E+00   0.0000000E+00
   1.5429976E+03   0.0000000E+00   0.0000000E+00   0.0000000E+00   0.0000000E+00
   1.5430051E+03   0.0000000E+00   0.0000000E+00   0.0000000E+00   0.0000000E+00
   1.5430127E+03   0.0000000E+00   0.0000000E+00   0.0000000E+00   0.0000000E+00
   1.5430202E+03   0.0000000E+00   0.0000000E+00   0.0000000E+00   0.0000000E+00
   1.5430277E+03   0.0000000E+00   0.0000000E+00   0.0000000E+00   0.0000000E+00
   1.5430352E+03   0.0000000E+00   0.0000000E+00   0.0000000E+00   0.0000000E+00
   1.5430428E+03   0.0000000E+00   0.0000000E+00   0.0000000E+00   0.0000000E+00
   1.5430503E+03   0.0000000E+00   0.0000000E+00   0.0000000E+00   0.0000000E+00
   1.5430578E+03   0.0000000E+00   0.0000000E+00   0.0000000E+00   0.0000000E+00
   1.5430654E+03   0.0000000E+00   0.0000000E+00   0.0000000E+00   0.0000000E+00
   1.5430729E+03   0.0000000E+00   0.0000000E+00   0.0000000E+00   0.0000000E+00
   1.5430804E+03   0.0000000E+00   0.0000000E+00   0.0000000E+00   0.0000000E+00
   1.5430879E+03   0.0000000E+00   0.0000000E+00   0.0000000E+00   0.0000000E+00
   1.5430955E+03   0.0000000E+00   0.0000000E+00   0.0000000E+00   0.0000000E+00
   1.5431030E+03   0.0000000E+00   0.0000000E+00   0.0000000E+00   0.0000000E+00
   1.5431105E+03   0.0000000E+00   0.0000000E+00   0.0000000E+00   0.0000000E+00
   1.5431181E+03   0.0000000E+00   0.0000000E+00   0.0000000E+00   0.0000000E+00
   1.5431256E+03   0.0000000E+00   0.0000000E+00   0.0000000E+00   0.0000000E+00
   1.5431331E+03   0.0000000E+00   0.0000000E+00   0.0000000E+00   0.0000000E+00
   1.5431406E+03   0.0000000E+00   0.0000000E+00   0.0000000E+00   0.0000000E+00
   1.5431482E+03   0.0000000E+00   0.0000000E+00   0.0000000E+00   0.0000000E+00
   1.5431557E+03   0.0000000E+00   0.0000000E+00   0.0000000E+00   0.0000000E+00
   1.5431632E+03   0.0000000E+00   0.0000000E+00   0.0000000E+00   0.0000000E+00
   1.5431708E+03   0.0000000E+00   0.0000000E+00   0.0000000E+00   0.0000000E+00
   1.5431783E+03   0.0000000E+00   0.0000000E+00   0.0000000E+00   0.0000000E+00
   1.5431858E+03   0.0000000E+00   0.0000000E+00   0.0000000E+00   0.0000000E+00
   1.5431933E+03   1.0000000E+00   0.0000000E+00   0.0000000E+00   0.0000000E+00
   1.5432009E+03   0.0000000E+00   0.0000000E+00   0.0000000E+00   0.0000000E+00
   1.5432084E+03   0.0000000E+00   0.0000000E+00   0.0000000E+00   0.0000000E+00
   1.5432159E+03   0.0000000E+00   0.0000000E+00   0.0000000E+00   0.0000000E+00
   1.5432235E+03   0.0000000E+00   0.0000000E+00   0.0000000E+00   0.0000000E+00
   1.5432310E+03   0.0000000E+00   0.0000000E+00   0.0000000E+00   0.0000000E+00
   1.5432385E+03   0.0000000E+00   0.0000000E+00   0.0000000E+00   0.0000000E+00
   1.5432460E+03   0.0000000E+00   0.0000000E+00   0.0000000E+00   0.0000000E+00
   1.5432536E+03   0.0000000E+00   0.0000000E+00   0.0000000E+00   0.0000000E+00
   1.5432611E+03   0.0000000E+00   0.0000000E+00   0.0000000E+00   0.0000000E+00
   1.5432686E+03   0.0000000E+00   0.0000000E+00   0.0000000E+00   0.0000000E+00
   1.5432762E+03   0.0000000E+00   0.0000000E+00   0.0000000E+00   0.0000000E+00
   1.5432837E+03   0.0000000E+00   0.0000000E+00   0.0000000E+00   0.0000000E+00
   1.5432912E+03   0.0000000E+00   0.0000000E+00   0.0000000E+00   0.0000000E+00
   1.5432987E+03   0.0000000E+00   0.0000000E+00   0.0000000E+00   0.0000000E+00
   1.5433063E+03   0.0000000E+00   0.0000000E+00   0.0000000E+00   0.0000000E+00
   1.5433138E+03   0.0000000E+00   0.0000000E+00   0.0000000E+00   0.0000000E+00
   1.5433213E+03   0.0000000E+00   0.0000000E+00   0.0000000E+00   0.0000000E+00
   1.5433289E+03   0.0000000E+00   0.0000000E+00   0.0000000E+00   0.0000000E+00
   1.5433364E+03   0.0000000E+00   0.0000000E+00   0.0000000E+00   0.0000000E+00
   1.5433439E+03   0.0000000E+00   0.0000000E+00   0.0000000E+00   0.0000000E+00
   1.5433514E+03   0.0000000E+00   0.0000000E+00   0.0000000E+00   0.0000000E+00
   1.5433590E+03   1.0000000E+00   1.0000000E+00   0.0000000E+00   0.0000000E+00
   1.5433665E+03   1.0000000E+00   1.0000000E+00   0.0000000E+00   0.0000000E+00
   1.5433740E+03   0.0000000E+00   0.0000000E+00   0.0000000E+00   0.0000000E+00
   1.5433815E+03   0.0000000E+00   0.0000000E+00   0.0000000E+00   0.0000000E+00
   1.5433891E+03   0.0000000E+00   0.0000000E+00   0.0000000E+00   0.0000000E+00
   1.5433966E+03   0.0000000E+00   0.0000000E+00   0.0000000E+00   0.0000000E+00
   1.5434041E+03   0.0000000E+00   0.0000000E+00   0.0000000E+00   0.0000000E+00
   1.5434117E+03   0.0000000E+00   0.0000000E+00   0.0000000E+00   0.0000000E+00
   1.5434192E+03   0.0000000E+00   0.0000000E+00   0.0000000E+00   0.0000000E+00
   1.5434267E+03   0.0000000E+00   0.0000000E+00   0.0000000E+00   0.0000000E+00
   1.5434342E+03   1.0000000E+00   1.0000000E+00   0.0000000E+00   0.0000000E+00
   1.5434418E+03   1.0000000E+00   1.0000000E+00   0.0000000E+00   0.0000000E+00
   1.5434493E+03   0.0000000E+00   0.0000000E+00   0.0000000E+00   0.0000000E+00
   1.5434568E+03   0.0000000E+00   0.0000000E+00   0.0000000E+00   0.0000000E+00
   1.5434644E+03   2.0000000E+00   2.0000000E+00   0.0000000E+00   0.0000000E+00
   1.5434719E+03   0.0000000E+00   0.0000000E+00   0.0000000E+00   0.0000000E+00
   1.5434794E+03   0.0000000E+00   0.0000000E+00   0.0000000E+00   0.0000000E+00
   1.5434869E+03   1.0000000E+00   1.0000000E+00   0.0000000E+00   0.0000000E+00
   1.5434945E+03   0.0000000E+00   0.0000000E+00   0.0000000E+00   0.0000000E+00
   1.5435020E+03   2.0000000E+00   2.0000000E+00   0.0000000E+00   0.0000000E+00
   1.5435095E+03   1.0000000E+00   1.0000000E+00   0.0000000E+00   0.0000000E+00
   1.5435171E+03   0.0000000E+00   0.0000000E+00   0.0000000E+00   0.0000000E+00
   1.5435246E+03   0.0000000E+00   0.0000000E+00   0.0000000E+00   0.0000000E+00
   1.5435321E+03   0.0000000E+00   0.0000000E+00   0.0000000E+00   0.0000000E+00
   1.5435396E+03   0.0000000E+00   0.0000000E+00   0.0000000E+00   0.0000000E+00
   1.5435472E+03   1.0000000E+00   1.0000000E+00   0.0000000E+00   0.0000000E+00
   1.5435547E+03   0.0000000E+00   0.0000000E+00   0.0000000E+00   0.0000000E+00
   1.5435622E+03   2.0000000E+00   1.0000000E+00   0.0000000E+00   0.0000000E+00
   1.5435698E+03   1.0000000E+00   0.0000000E+00   0.0000000E+00   0.0000000E+00
   1.5435773E+03   1.0000000E+00   1.0000000E+00   0.0000000E+00   0.0000000E+00
   1.5435848E+03   0.0000000E+00   0.0000000E+00   0.0000000E+00   0.0000000E+00
   1.5435923E+03   0.0000000E+00   0.0000000E+00   0.0000000E+00   0.0000000E+00
   1.5435999E+03   1.0000000E+00   1.0000000E+00   0.0000000E+00   0.0000000E+00
   1.5436074E+03   0.0000000E+00   0.0000000E+00   0.0000000E+00   0.0000000E+00
   1.5436149E+03   1.0000000E+00   1.0000000E+00   0.0000000E+00   0.0000000E+00
   1.5436225E+03   0.0000000E+00   0.0000000E+00   0.0000000E+00   0.0000000E+00
   1.5436300E+03   4.0000000E+00   3.0000000E+00   0.0000000E+00   0.0000000E+00
   1.5436375E+03   1.0000000E+00   1.0000000E+00   0.0000000E+00   0.0000000E+00
   1.5436450E+03   0.0000000E+00   0.0000000E+00   0.0000000E+00   0.0000000E+00
   1.5436526E+03   0.0000000E+00   0.0000000E+00   0.0000000E+00   0.0000000E+00
   1.5436601E+03   1.0000000E+00   1.0000000E+00   0.0000000E+00   0.0000000E+00
   1.5436676E+03   3.0000000E+00   3.0000000E+00   0.0000000E+00   0.0000000E+00
   1.5436752E+03   4.0000000E+00   3.0000000E+00   0.0000000E+00   0.0000000E+00
   1.5436827E+03   3.0000000E+00   3.0000000E+00   0.0000000E+00   0.0000000E+00
   1.5436902E+03   2.0000000E+00   2.0000000E+00   0.0000000E+00   0.0000000E+00
   1.5436977E+03   3.0000000E+00   3.0000000E+00   0.0000000E+00   0.0000000E+00
   1.5437053E+03   2.0000000E+00   2.0000000E+00   0.0000000E+00   0.0000000E+00
   1.5437128E+03   1.0000000E+00   1.0000000E+00   0.0000000E+00   0.0000000E+00
   1.5437203E+03   3.0000000E+00   2.0000000E+00   0.0000000E+00   0.0000000E+00
   1.5437279E+03   6.0000000E+00   5.0000000E+00   0.0000000E+00   0.0000000E+00
   1.5437354E+03   2.0000000E+00   2.0000000E+00   0.0000000E+00   0.0000000E+00
   1.5437429E+03   2.0000000E+00   2.0000000E+00   0.0000000E+00   0.0000000E+00
   1.5437504E+03   6.0000000E+00   6.0000000E+00   0.0000000E+00   0.0000000E+00
   1.5437580E+03   4.0000000E+00   3.0000000E+00   0.0000000E+00   0.0000000E+00
   1.5437655E+03   2.0000000E+00   1.0000000E+00   0.0000000E+00   0.0000000E+00
   1.5437730E+03   8.0000000E+00   8.0000000E+00   0.0000000E+00   0.0000000E+00
   1.5437806E+03   9.0000000E+00   9.0000000E+00   0.0000000E+00   0.0000000E+00
   1.5437881E+03   4.0000000E+00   4.0000000E+00   0.0000000E+00   0.0000000E+00
   1.5437956E+03   3.0000000E+00   3.0000000E+00   0.0000000E+00   0.0000000E+00
   1.5438031E+03   6.0000000E+00   6.0000000E+00   0.0000000E+00   0.0000000E+00
   1.5438107E+03   3.0000000E+00   2.0000000E+00   0.0000000E+00   0.0000000E+00
   1.5438182E+03   8.0000000E+00   7.0000000E+00   0.0000000E+00   0.0000000E+00
   1.5438257E+03   4.0000000E+00   4.0000000E+00   0.0000000E+00   0.0000000E+00
   1.5438332E+03   7.0000000E+00   6.0000000E+00   0.0000000E+00   0.0000000E+00
   1.5438408E+03   5.0000000E+00   4.0000000E+00   0.0000000E+00   0.0000000E+00
   1.5438483E+03   7.0000000E+00   7.0000000E+00   0.0000000E+00   0.0000000E+00
   1.5438558E+03   6.0000000E+00   3.0000000E+00   0.0000000E+00   0.0000000E+00
   1.5438634E+03   4.0000000E+00   4.0000000E+00   0.0000000E+00   0.0000000E+00
   1.5438709E+03   1.0000000E+01   6.0000000E+00   0.0000000E+00   0.0000000E+00
   1.5438784E+03   5.0000000E+00   5.0000000E+00   0.0000000E+00   0.0000000E+00
   1.5438859E+03   7.0000000E+00   7.0000000E+00   0.0000000E+00   0.0000000E+00
   1.5438935E+03   7.0000000E+00   6.0000000E+00   0.0000000E+00   0.0000000E+00
   1.5439010E+03   5.0000000E+00   5.0000000E+00   0.0000000E+00   0.0000000E+00
   1.5439085E+03   9.0000000E+00   8.0000000E+00   0.0000000E+00   0.0000000E+00
   1.5439161E+03   7.0000000E+00   7.0000000E+00   0.0000000E+00   0.0000000E+00
   1.5439236E+03   1.0000000E+01   1.0000000E+01   0.0000000E+00   0.0000000E+00
   1.5439311E+03   7.0000000E+00   7.0000000E+00   0.0000000E+00   0.0000000E+00
   1.5439386E+03   1.2000000E+01   1.0000000E+01   0.0000000E+00   0.0000000E+00
   1.5439462E+03   5.0000000E+00   5.0000000E+00   0.0000000E+00   0.0000000E+00
   1.5439537E+03   1.2000000E+01   1.0000000E+01   0.0000000E+00   0.0000000E+00
   1.5439612E+03   9.0000000E+00   9.0000000E+00   0.0000000E+00   0.0000000E+00
   1.5439688E+03   8.0000000E+00   6.0000000E+00   0.0000000E+00   0.0000000E+00
   1.5439763E+03   1.6000000E+01   1.5000000E+01   0.0000000E+00   0.0000000E+00
   1.5439838E+03   1.4000000E+01   1.4000000E+01   0.0000000E+00   0.0000000E+00
   1.5439913E+03   1.7000000E+01   1.5000000E+01   0.0000000E+00   0.0000000E+00
   1.5439989E+03   5.0000000E+00   5.0000000E+00   0.0000000E+00   0.0000000E+00
   1.5440064E+03   1.1000000E+01   1.1000000E+01   0.0000000E+00   0.0000000E+00
   1.5440139E+03   1.3000000E+01   1.2000000E+01   0.0000000E+00   0.0000000E+00
   1.5440215E+03   2.2000000E+01   2.0000000E+01   0.0000000E+00   0.0000000E+00
   1.5440290E+03   2.3000000E+01   2.2000000E+01   0.0000000E+00   0.0000000E+00
   1.5440365E+03   1.6000000E+01   1.6000000E+01   0.0000000E+00   0.0000000E+00
   1.5440440E+03   1.6000000E+01   1.5000000E+01   0.0000000E+00   0.0000000E+00
   1.5440516E+03   1.5000000E+01   1.3000000E+01   0.0000000E+00   0.0000000E+00
   1.5440591E+03   2.5000000E+01   2.4000000E+01   0.0000000E+00   0.0000000E+00
   1.5440666E+03   2.1000000E+01   1.7000000E+01   0.0000000E+00   0.0000000E+00
   1.5440742E+03   1.5000000E+01   1.5000000E+01   0.0000000E+00   0.0000000E+00
   1.5440817E+03   1.9000000E+01   1.9000000E+01   0.0000000E+00   0.0000000E+00
   1.5440892E+03   1.9000000E+01   1.5000000E+01   0.0000000E+00   0.0000000E+00
   1.5440967E+03   1.8000000E+01   1.7000000E+01   0.0000000E+00   0.0000000E+00
   1.5441043E+03   2.8000000E+01   2.7000000E+01   0.0000000E+00   0.0000000E+00
   1.5441118E+03   3.2000000E+01   3.0000000E+01   0.0000000E+00   0.0000000E+00
   1.5441193E+03   2.9000000E+01   2.8000000E+01   0.0000000E+00   0.0000000E+00
   1.5441269E+03   2.0000000E+01   1.8000000E+01   0.0000000E+00   0.0000000E+00
   1.5441344E+03   2.7000000E+01   2.5000000E+01   0.0000000E+00   0.0000000E+00
   1.5441419E+03   2.6000000E+01   2.3000000E+01   0.0000000E+00   0.0000000E+00
   1.5441494E+03   3.0000000E+01   3.0000000E+01   0.0000000E+00   0.0000000E+00
   1.5441570E+03   2.8000000E+01   2.5000000E+01   0.0000000E+00   0.0000000E+00
   1.5441645E+03   4.4000000E+01   4.0000000E+01   1.6785890E-02   1.8464479E-02
   1.5441720E+03   2.5000000E+01   2.1000000E+01   0.0000000E+00   0.0000000E+00
   1.5441796E+03   2.8000000E+01   2.5000000E+01   0.0000000E+00   0.0000000E+00
   1.5441871E+03   3.7000000E+01   3.6000000E+01   0.0000000E+00   0.0000000E+00
   1.5441946E+03   3.3000000E+01   2.9000000E+01   0.0000000E+00   0.0000000E+00
   1.5442021E+03   6.0000000E+01   5.7000000E+01   0.0000000E+00   0.0000000E+00
   1.5442097E+03   4.4000000E+01   4.1000000E+01   0.0000000E+00   0.0000000E+00
   1.5442172E+03   5.2000000E+01   4.7000000E+01   0.0000000E+00   0.0000000E+00
   1.5442247E+03   3.9000000E+01   3.6000000E+01   0.0000000E+00   0.0000000E+00
   1.5442323E+03   4.8000000E+01   4.4000000E+01   0.0000000E+00   0.0000000E+00
   1.5442398E+03   4.7000000E+01   4.1000000E+01   0.0000000E+00   0.0000000E+00
   1.5442473E+03   5.6000000E+01   5.4000000E+01   0.0000000E+00   0.0000000E+00
   1.5442548E+03   5.3000000E+01   5.0000000E+01   0.0000000E+00   0.0000000E+00
   1.5442624E+03   4.9000000E+01   4.7000000E+01   0.0000000E+00   0.0000000E+00
   1.5442699E+03   5.4000000E+01   5.3000000E+01   0.0000000E+00   0.0000000E+00
   1.5442774E+03   5.8000000E+01   5.5000000E+01   0.0000000E+00   0.0000000E+00
   1.5442849E+03   5.9000000E+01   5.6000000E+01   0.0000000E+00   0.0000000E+00
   1.5442925E+03   5.9000000E+01   5.4000000E+01   0.0000000E+00   0.0000000E+00
   1.5443000E+03   4.9000000E+01   4.7000000E+01   0.0000000E+00   0.0000000E+00
   1.5443075E+03   5.2000000E+01   5.0000000E+01   0.0000000E+00   0.0000000E+00
   1.5443151E+03   6.6000000E+01   6.1000000E+01   0.0000000E+00   0.0000000E+00
   1.5443226E+03   7.6000000E+01   7.3000000E+01   0.0000000E+00   0.0000000E+00
   1.5443301E+03   7.2000000E+01   6.8000000E+01   0.0000000E+00   0.0000000E+00
   1.5443376E+03   7.6000000E+01   7.0000000E+01   0.0000000E+00   0.0000000E+00
   1.5443452E+03   7.1000000E+01   6.8000000E+01   0.0000000E+00   0.0000000E+00
   1.5443527E+03   8.1000000E+01   8.0000000E+01   0.0000000E+00   0.0000000E+00
   1.5443602E+03   8.0000000E+01   7.3000000E+01   0.0000000E+00   0.0000000E+00
   1.5443678E+03   9.7000000E+01   8.9000000E+01   0.0000000E+00   0.0000000E+00
   1.5443753E+03   8.5000000E+01   7.6000000E+01   0.0000000E+00   0.0000000E+00
   1.5443828E+03   9.2000000E+01   8.5000000E+01   0.0000000E+00   0.0000000E+00
   1.5443903E+03   8.9000000E+01   8.1000000E+01   0.0000000E+00   0.0000000E+00
   1.5443979E+03   8.7000000E+01   8.3000000E+01   0.0000000E+00   0.0000000E+00
   1.5444054E+03   9.3000000E+01   8.4000000E+01   0.0000000E+00   0.0000000E+00
   1.5444129E+03   1.1300000E+02   1.0800000E+02   0.0000000E+00   0.0000000E+00
   1.5444205E+03   1.0500000E+02   1.0000000E+02   0.0000000E+00   0.0000000E+00
   1.5444280E+03   1.1000000E+02   1.0200000E+02   0.0000000E+00   0.0000000E+00
   1.5444355E+03   1.1900000E+02   1.0800000E+02   0.0000000E+00   0.0000000E+00
   1.5444430E+03   1.2700000E+02   1.2100000E+02   0.0000000E+00   0.0000000E+00
   1.5444506E+03   1.4900000E+02   1.4100000E+02   0.0000000E+00   0.0000000E+00
   1.5444581E+03   1.2600000E+02   1.1300000E+02   0.0000000E+00   0.0000000E+00
   1.5444656E+03   1.3900000E+02   1.2900000E+02   0.0000000E+00   0.0000000E+00
   1.5444732E+03   1.3200000E+02   1.2000000E+02   0.0000000E+00   0.0000000E+00
   1.5444807E+03   1.3100000E+02   1.2300000E+02   0.0000000E+00   0.0000000E+00
   1.5444882E+03   1.4800000E+02   1.3900000E+02   0.0000000E+00   0.0000000E+00
   1.5444957E+03   1.3100000E+02   1.2200000E+02   0.0000000E+00   0.0000000E+00
   1.5445033E+03   1.5300000E+02   1.4100000E+02   0.0000000E+00   0.0000000E+00
   1.5445108E+03   1.7200000E+02   1.5800000E+02   0.0000000E+00   0.0000000E+00
   1.5445183E+03   1.4000000E+02   1.3200000E+02   0.0000000E+00   0.0000000E+00
   1.5445259E+03   1.7400000E+02   1.5600000E+02   0.0000000E+00   0.0000000E+00
   1.5445334E+03   1.8600000E+02   1.7300000E+02   0.0000000E+00   0.0000000E+00
   1.5445409E+03   1.8700000E+02   1.7000000E+02   0.0000000E+00   0.0000000E+00
   1.5445484E+03   1.7800000E+02   1.6800000E+02   0.0000000E+00   0.0000000E+00
   1.5445560E+03   1.9200000E+02   1.8000000E+02   0.0000000E+00   0.0000000E+00
   1.5445635E+03   2.0500000E+02   1.9600000E+02   0.0000000E+00   0.0000000E+00
   1.5445710E+03   2.0100000E+02   1.9000000E+02   0.0000000E+00   0.0000000E+00
   1.5445786E+03   2.0300000E+02   1.8600000E+02   0.0000000E+00   0.0000000E+00
   1.5445861E+03   1.9300000E+02   1.8300000E+02   0.0000000E+00   0.0000000E+00
   1.5445936E+03   2.1300000E+02   1.9700000E+02   0.0000000E+00   0.0000000E+00
   1.5446011E+03   1.9500000E+02   1.8700000E+02   0.0000000E+00   0.0000000E+00
   1.5446087E+03   2.4700000E+02   2.3100000E+02   0.0000000E+00   0.0000000E+00
   1.5446162E+03   2.7200000E+02   2.6000000E+02   0.0000000E+00   0.0000000E+00
   1.5446237E+03   2.5700000E+02   2.3700000E+02   0.0000000E+00   0.0000000E+00
   1.5446313E+03   2.3900000E+02   2.2300000E+02   0.0000000E+00   0.0000000E+00
   1.5446388E+03   2.2900000E+02   2.1000000E+02   0.0000000E+00   0.0000000E+00
   1.5446463E+03   2.7600000E+02   2.5500000E+02   0.0000000E+00   0.0000000E+00
   1.5446538E+03   2.6500000E+02   2.5200000E+02   0.0000000E+00   0.0000000E+00
   1.5446614E+03   3.0500000E+02   2.8300000E+02   0.0000000E+00   0.0000000E+00
   1.5446689E+03   2.6200000E+02   2.4300000E+02   0.0000000E+00   0.0000000E+00
   1.5446764E+03   3.1300000E+02   3.0100000E+02   0.0000000E+00   0.0000000E+00
   1.5446840E+03   2.7400000E+02   2.6100000E+02   0.0000000E+00   0.0000000E+00
   1.5446915E+03   2.8100000E+02   2.6600000E+02   0.0000000E+00   0.0000000E+00
   1.5446990E+03   3.1600000E+02   2.9300000E+02   0.0000000E+00   0.0000000E+00
   1.5447065E+03   3.0000000E+02   2.7700000E+02   0.0000000E+00   0.0000000E+00
   1.5447141E+03   3.4000000E+02   3.2100000E+02   0.0000000E+00   0.0000000E+00
   1.5447216E+03   3.4200000E+02   3.1500000E+02   0.0000000E+00   0.0000000E+00
   1.5447291E+03   3.3400000E+02   3.1500000E+02   0.0000000E+00   0.0000000E+00
   1.5447366E+03   3.5500000E+02   3.3800000E+02   0.0000000E+00   0.0000000E+00
   1.5447442E+03   3.1500000E+02   3.0000000E+02   0.0000000E+00   0.0000000E+00
   1.5447517E+03   3.2800000E+02   3.0000000E+02   0.0000000E+00   0.0000000E+00
   1.5447592E+03   3.7800000E+02   3.5300000E+02   0.0000000E+00   0.0000000E+00
   1.5447668E+03   3.6800000E+02   3.4600000E+02   0.0000000E+00   0.0000000E+00
   1.5447743E+03   4.3900000E+02   4.2600000E+02   0.0000000E+00   0.0000000E+00
   1.5447818E+03   4.1800000E+02   3.9600000E+02   0.0000000E+00   0.0000000E+00
   1.5447893E+03   4.6500000E+02   4.3600000E+02   0.0000000E+00   0.0000000E+00
   1.5447969E+03   4.4900000E+02   4.2500000E+02   0.0000000E+00   0.0000000E+00
   1.5448044E+03   4.5200000E+02   4.2100000E+02   0.0000000E+00   0.0000000E+00
   1.5448119E+03   4.7200000E+02   4.4900000E+02   0.0000000E+00   0.0000000E+00
   1.5448195E+03   4.7500000E+02   4.5000000E+02   0.0000000E+00   0.0000000E+00
   1.5448270E+03   4.9300000E+02   4.6500000E+02   0.0000000E+00   0.0000000E+00
   1.5448345E+03   4.7300000E+02   4.4100000E+02   0.0000000E+00   0.0000000E+00
   1.5448420E+03   5.7500000E+02   5.4300000E+02   0.0000000E+00   0.0000000E+00
   1.5448496E+03   5.1700000E+02   4.9000000E+02   0.0000000E+00   0.0000000E+00
   1.5448571E+03   5.4200000E+02   5.1200000E+02   0.0000000E+00   0.0000000E+00
   1.5448646E+03   4.8400000E+02   4.6000000E+02   0.0000000E+00   0.0000000E+00
   1.5448722E+03   5.7300000E+02   5.5200000E+02   0.0000000E+00   0.0000000E+00
   1.5448797E+03   5.9200000E+02   5.6700000E+02   7.5201747E-04   7.8517521E-04
   1.5448872E+03   5.9900000E+02   5.5800000E+02   0.0000000E+00   0.0000000E+00
   1.5448947E+03   5.8200000E+02   5.3800000E+02   0.0000000E+00   0.0000000E+00
   1.5449023E+03   6.1500000E+02   5.8600000E+02   0.0000000E+00   0.0000000E+00
   1.5449098E+03   5.9500000E+02   5.6300000E+02   0.0000000E+00   0.0000000E+00
   1.5449173E+03   6.2200000E+02   5.7900000E+02   0.0000000E+00   0.0000000E+00
   1.5449249E+03   6.0600000E+02   5.6800000E+02   0.0000000E+00   0.0000000E+00
   1.5449324E+03   6.4100000E+02   6.1200000E+02   0.0000000E+00   0.0000000E+00
   1.5449399E+03   6.9400000E+02   6.6200000E+02   0.0000000E+00   0.0000000E+00
   1.5449474E+03   6.6100000E+02   6.2700000E+02   0.0000000E+00   0.0000000E+00
   1.5449550E+03   6.8500000E+02   6.5400000E+02   6.2362870E-04   6.5318908E-04
   1.5449625E+03   7.1200000E+02   6.6600000E+02   5.6449788E-04   6.1846166E-04
   1.5449700E+03   7.0600000E+02   6.7300000E+02   6.0235278E-04   0.0000000E+00
   1.5449776E+03   7.6100000E+02   7.2900000E+02   3.1071039E-05   0.0000000E+00
   1.5449851E+03   7.6600000E+02   7.3100000E+02   8.8557209E-04   2.4256228E-04
   1.5449926E+03   8.4300000E+02   8.0500000E+02   6.8799678E-04   0.0000000E+00
   1.5450001E+03   7.7000000E+02   7.3400000E+02   1.9649275E-03   1.2429606E-03
   1.5450077E+03   7.5400000E+02   7.1500000E+02   6.6880030E-04   9.6989231E-04
   1.5450152E+03   8.4000000E+02   8.0000000E+02   3.0881602E-04   5.5346329E-04
   1.5450227E+03   7.9900000E+02   7.7900000E+02   1.0809469E-03   3.2295986E-04
   1.5450303E+03   8.2600000E+02   7.9500000E+02   2.4435779E-03   6.2458950E-04
   1.5450378E+03   8.1500000E+02   7.9500000E+02   4.1222611E-03   3.4116167E-03
   1.5450453E+03   8.5300000E+02   8.4100000E+02   1.4032477E-03   1.2236194E-03
   1.5450528E+03   8.3100000E+02   8.0800000E+02   5.2800120E-03   4.3898150E-03
   1.5450604E+03   8.4400000E+02   8.3400000E+02   1.7724726E-03   1.5223267E-03
   1.5450679E+03   8.2700000E+02   8.1700000E+02   2.6977750E-03   2.2271129E-03
   1.5450754E+03   8.7000000E+02   8.6400000E+02   2.6995858E-03   2.7928687E-03
   1.5450830E+03   8.3000000E+02   8.2200000E+02   3.5094614E-03   2.5600545E-03
   1.5450905E+03   8.6800000E+02   8.6300000E+02   4.1574427E-03   3.7939051E-03
   1.5450980E+03   7.7900000E+02   7.7100000E+02   1.6002090E-03   1.1874997E-03
   1.5451055E+03   8.9100000E+02   8.8200000E+02   1.1674320E-03   1.1506634E-03
   1.5451131E+03   8.3600000E+02   8.2800000E+02   4.4169952E-03   4.2739049E-03
   1.5451206E+03   8.2300000E+02   8.1700000E+02   1.6581657E-03   1.7041907E-03
   1.5451281E+03   8.7000000E+02   8.6100000E+02   4.8345518E-03   3.4184037E-03
   1.5451357E+03   8.5100000E+02   8.4600000E+02   9.8782280E-04   8.7985922E-04
   1.5451432E+03   8.2200000E+02   8.1000000E+02   4.2695097E-03   2.7138417E-03
   1.5451507E+03   8.5400000E+02   8.5200000E+02   3.2263286E-03   3.7884780E-03
   1.5451582E+03   8.8500000E+02   8.7300000E+02   7.8069002E-03   8.5612520E-03
   1.5451658E+03   8.5100000E+02   8.4300000E+02   5.4401048E-03   4.5856022E-03
   1.5451733E+03   8.6000000E+02   8.4100000E+02   4.0490906E-03   5.1179521E-03
   1.5451808E+03   8.4200000E+02   8.2600000E+02   2.0287715E-03   2.0331779E-03
   1.5451883E+03   8.7000000E+02   8.5100000E+02   2.7742470E-03   2.2952900E-03
   1.5451959E+03   9.2600000E+02   9.1500000E+02   5.4283690E-03   6.4572742E-03
   1.5452034E+03   8.3600000E+02   8.1900000E+02   6.9326054E-03   5.6602305E-03
   1.5452109E+03   8.9800000E+02   8.7800000E+02   4.8105904E-03   5.0940744E-03
   1.5452185E+03   9.2900000E+02   9.0100000E+02   2.3421109E-03   2.4883673E-03
   1.5452260E+03   8.6400000E+02   8.5100000E+02   6.0694755E-03   4.8050812E-03
   1.5452335E+03   8.8000000E+02   8.4700000E+02   4.2690241E-03   1.2469580E-03
   1.5452410E+03   9.6700000E+02   9.4000000E+02   4.1171294E-03   1.6640257E-03
   1.5452486E+03   9.7400000E+02   9.3900000E+02   8.7865562E-03   7.3929468E-03
   1.5452561E+03   9.3500000E+02   9.0400000E+02   3.9069886E-03   5.9341488E-03
   1.5452636E+03   9.9900000E+02   9.6500000E+02   7.6467387E-03   6.7375291E-03
   1.5452712E+03   9.8300000E+02   9.5900000E+02   2.8523578E-03   2.3404534E-03
   1.5452787E+03   9.8700000E+02   9.4900000E+02   6.8883177E-03   4.9812285E-03
   1.5452862E+03   1.0360000E+03   9.9600000E+02   5.7023490E-03   7.8347452E-03
   1.5452937E+03   1.0180000E+03   9.8300000E+02   7.6562450E-03   7.8089792E-03
   1.5453013E+03   1.0500000E+03   1.0080000E+03   2.8495517E-03   4.4762602E-03
   1.5453088E+03   1.1060000E+03   1.0610000E+03   1.8647719E-03   2.5365610E-03
   1.5453163E+03   1.0700000E+03   1.0340000E+03   5.1492825E-03   4.9760601E-03
   1.5453239E+03   1.1000000E+03   1.0610000E+03   4.8050131E-03   3.6667052E-03
   1.5453314E+03   1.0810000E+03   1.0470000E+03   1.9477070E-03   2.8139803E-03
   1.5453389E+03   1.1030000E+03   1.0480000E+03   5.9115311E-03   6.2201453E-03
   1.5453464E+03   1.1070000E+03   1.0620000E+03   4.1495193E-03   4.4263220E-03
   1.5453540E+03   1.1750000E+03   1.1130000E+03   3.5908955E-03   5.3765937E-03
   1.5453615E+03   1.1880000E+03   1.1430000E+03   5.4499113E-03   6.2234417E-03
   1.5453690E+03   1.2000000E+03   1.1430000E+03   5.1609343E-03   6.6147711E-03
   1.5453766E+03   1.2300000E+03   1.1700000E+03   4.9786080E-03   7.4201406E-03
   1.5453841E+03   1.2310000E+03   1.1840000E+03   5.0222592E-03   3.7232184E-03
   1.5453916E+03   1.3250000E+03   1.2720000E+03   5.4747915E-03   3.9376233E-03
   1.5453991E+03   1.2580000E+03   1.2090000E+03   5.5613270E-03   5.1130628E-03
   1.5454067E+03   1.2970000E+03   1.2390000E+03   3.2005620E-03   1.7209124E-03
   1.5454142E+03   1.3820000E+03   1.3310000E+03   2.5510957E-03   9.9773532E-04
   1.5454217E+03   1.3790000E+03   1.3240000E+03   4.5428506E-03   6.2368896E-03
   1.5454293E+03   1.3600000E+03   1.3040000E+03   1.7807216E-03   2.5511603E-03
   1.5454368E+03   1.4080000E+03   1.3550000E+03   6.1299794E-03   6.5717189E-03
   1.5454443E+03   1.3690000E+03   1.3050000E+03   1.2854847E-02   1.2083829E-02
   1.5454518E+03   1.4160000E+03   1.3550000E+03   9.3704506E-03   9.4411287E-03
   1.5454594E+03   1.3580000E+03   1.3050000E+03   5.1371917E-03   6.0696077E-03
   1.5454669E+03   1.4900000E+03   1.4390000E+03   5.2776776E-03   6.0044723E-03
   1.5454744E+03   1.4930000E+03   1.4470000E+03   7.2291234E-03   5.8379208E-03
   1.5454820E+03   1.5150000E+03   1.4460000E+03   7.7995939E-03   8.8173878E-03
   1.5454895E+03   1.5520000E+03   1.4790000E+03   5.6433252E-03   7.6328363E-03
   1.5454970E+03   1.5550000E+03   1.4890000E+03   8.6117031E-03   6.8277120E-03
   1.5455045E+03   1.6350000E+03   1.5760000E+03   2.2956705E-03   3.5269485E-03
   1.5455121E+03   1.6420000E+03   1.5670000E+03   5.4198172E-03   4.4359589E-03
   1.5455196E+03   1.6260000E+03   1.5660000E+03   3.0228421E-03   2.9134875E-03
   1.5455271E+03   1.6840000E+03   1.6010000E+03   5.6001704E-04   2.1105629E-03
   1.5455347E+03   1.6450000E+03   1.5950000E+03   3.1293821E-03   2.9370942E-03
   1.5455422E+03   1.6750000E+03   1.6140000E+03   8.9918894E-03   8.3108102E-03
   1.5455497E+03   1.6370000E+03   1.5650000E+03   6.7230116E-03   7.1837171E-03
   1.5455572E+03   1.7450000E+03   1.6940000E+03   7.1167858E-03   6.2676352E-03
   1.5455648E+03   1.7840000E+03   1.7220000E+03   5.1748308E-03   5.2411996E-03
   1.5455723E+03   1.7810000E+03   1.7140000E+03   1.2485181E-02   1.2749647E-02
   1.5455798E+03   1.8250000E+03   1.7630000E+03   3.3026522E-03   3.8761691E-03
   1.5455874E+03   1.8150000E+03   1.7460000E+03   6.3908554E-03   6.6291709E-03
   1.5455949E+03   1.9690000E+03   1.8990000E+03   1.1244598E-02   1.1254546E-02
   1.5456024E+03   1.9770000E+03   1.9060000E+03   2.1449645E-03   2.0920052E-03
   1.5456099E+03   2.0310000E+03   1.9640000E+03   5.4388272E-03   5.7622839E-03
   1.5456175E+03   1.9480000E+03   1.8800000E+03   2.2799388E-03   3.1881090E-03
   1.5456250E+03   2.0220000E+03   1.9590000E+03   7.2397737E-03   6.0737215E-03
   1.5456325E+03   2.0360000E+03   1.9530000E+03   5.6640139E-03   5.3701210E-03
   1.5456400E+03   2.0740000E+03   1.9950000E+03   2.7348116E-03   3.6935409E-03
   1.5456476E+03   2.1120000E+03   2.0310000E+03   7.9393368E-03   6.9298905E-03
   1.5456551E+03   2.1490000E+03   2.0840000E+03   4.6240170E-03   5.0332275E-03
   1.5456626E+03   2.0870000E+03   2.0010000E+03   4.3756260E-03   5.3685981E-03
   1.5456702E+03   2.1780000E+03   2.1000000E+03   1.4276174E-03   1.2358757E-03
   1.5456777E+03   2.2490000E+03   2.1600000E+03   3.8128763E-03   4.7083402E-03
   1.5456852E+03   2.2760000E+03   2.1990000E+03   9.3003739E-04   2.0784153E-03
   1.5456927E+03   2.4210000E+03   2.3380000E+03   3.9787429E-04   9.7095287E-04
   1.5457003E+03   2.3270000E+03   2.2530000E+03   3.7959935E-03   4.5470539E-03
   1.5457078E+03   2.4440000E+03   2.3400000E+03   5.5908547E-03   5.6150762E-03
   1.5457153E+03   2.3950000E+03   2.3080000E+03   5.5834164E-03   5.6647049E-03
   1.5457229E+03   2.3290000E+03   2.2350000E+03   5.4789272E-03   5.4888371E-03
   1.5457304E+03   2.3770000E+03   2.3050000E+03   1.2584361E-02   1.2889115E-02
   1.5457379E+03   2.4460000E+03   2.3630000E+03   9.7118433E-03   9.3720010E-03
   1.5457454E+03   2.5660000E+03   2.4780000E+03   2.9639931E-03   3.5849442E-03
   1.5457530E+03   2.5180000E+03   2.4290000E+03   4.2751774E-03   4.6254568E-03
   1.5457605E+03   2.6700000E+03   2.5710000E+03   5.0668574E-03   4.7599661E-03
   1.5457680E+03   2.6020000E+03   2.5310000E+03   1.3796872E-03   2.1224970E-03
   1.5457756E+03   2.6630000E+03   2.5740000E+03   3.6322736E-03   4.1388879E-03
   1.5457831E+03   2.6580000E+03   2.5790000E+03   2.7504399E-03   3.1072645E-03
   1.5457906E+03   2.7790000E+03   2.6860000E+03   5.7193255E-03   5.5395503E-03
   1.5457981E+03   2.7510000E+03   2.6670000E+03   6.2276841E-03   6.0504549E-03
   1.5458057E+03   2.7530000E+03   2.6580000E+03   2.7490405E-03   1.3670264E-03
   1.5458132E+03   2.8980000E+03   2.7840000E+03   4.2811542E-03   4.7759142E-03
   1.5458207E+03   2.8580000E+03   2.7500000E+03   3.2126640E-03   2.7769013E-03
   1.5458283E+03   2.8940000E+03   2.8000000E+03   8.1303270E-03   7.8769162E-03
   1.5458358E+03   2.9500000E+03   2.8400000E+03   2.7385545E-03   3.0439865E-03
   1.5458433E+03   2.9750000E+03   2.8720000E+03   2.6130699E-03   3.0718094E-03
   1.5458508E+03   2.9770000E+03   2.8670000E+03   2.8203073E-03   2.1582867E-03
   1.5458584E+03   3.0280000E+03   2.9350000E+03   3.6029896E-03   3.3943127E-03
   1.5458659E+03   3.0480000E+03   2.9500000E+03   4.5054995E-03   4.5374743E-03
   1.5458734E+03   3.1720000E+03   3.0770000E+03   4.6731589E-03   3.5507804E-03
   1.5458810E+03   3.1480000E+03   3.0530000E+03   9.0124214E-04   3.2730652E-04
   1.5458885E+03   3.2630000E+03   3.1550000E+03   2.6928138E-03   3.4655542E-03
   1.5458960E+03   3.3180000E+03   3.2130000E+03   7.3590957E-03   7.8046165E-03
   1.5459035E+03   3.2320000E+03   3.1300000E+03   4.2732278E-03   3.9871801E-03
   1.5459111E+03   3.1930000E+03   3.0970000E+03   4.5538478E-03   5.3160374E-03
   1.5459186E+03   3.3130000E+03   3.2100000E+03   5.5092571E-03   5.7846447E-03
   1.5459261E+03   3.4380000E+03   3.3430000E+03   2.7851274E-03   2.2109502E-03
   1.5459337E+03   3.4190000E+03   3.3140000E+03   3.4186613E-03   4.6148975E-03
   1.5459412E+03   3.5420000E+03   3.4280000E+03   5.4919638E-03   6.4938551E-03
   1.5459487E+03   3.4780000E+03   3.3830000E+03   2.8978899E-03   3.1044276E-03
   1.5459562E+03   3.5580000E+03   3.4360000E+03   2.8517739E-03   2.8601709E-03
   1.5459638E+03   3.5550000E+03   3.4690000E+03   2.8065614E-03   3.2507964E-03
   1.5459713E+03   3.4940000E+03   3.4030000E+03   1.1238220E-03   9.6957194E-04
   1.5459788E+03   3.6860000E+03   3.5660000E+03   2.2495134E-03   2.7626344E-03
   1.5459864E+03   3.6770000E+03   3.5810000E+03   2.7946645E-03   3.1542767E-03
   1.5459939E+03   3.6740000E+03   3.5330000E+03   1.4384313E-03   1.7326906E-03
   1.5460014E+03   3.6380000E+03   3.5380000E+03   3.9807953E-03   4.3963137E-03
   1.5460089E+03   3.8100000E+03   3.7030000E+03   1.9141250E-03   2.2860143E-03
   1.5460165E+03   3.8500000E+03   3.7470000E+03   4.2186148E-03   4.0403581E-03
   1.5460240E+03   3.9320000E+03   3.8030000E+03   2.8325549E-03   3.0603466E-03
   1.5460315E+03   3.9510000E+03   3.8370000E+03   1.2999153E-03   1.8590833E-03
   1.5460391E+03   3.9500000E+03   3.8150000E+03   5.0237646E-03   4.8389905E-03
   1.5460466E+03   3.9720000E+03   3.8440000E+03   9.7927538E-04   1.1030478E-03
   1.5460541E+03   3.9800000E+03   3.8580000E+03   3.7444418E-03   3.1454192E-03
   1.5460616E+03   3.9550000E+03   3.8290000E+03   2.9365525E-03   3.5121140E-03
   1.5460692E+03   4.2090000E+03   4.0780000E+03   4.1271598E-03   4.3904590E-03
   1.5460767E+03   4.1290000E+03   4.0150000E+03   3.8417573E-03   3.3914184E-03
   1.5460842E+03   4.2570000E+03   4.1220000E+03   3.5722105E-03   3.1627655E-03
   1.5460917E+03   4.3020000E+03   4.1750000E+03   1.4346858E-03   1.7819897E-03
   1.5460993E+03   4.2700000E+03   4.1540000E+03   3.2459220E-03   3.5080138E-03
   1.5461068E+03   4.3050000E+03   4.1740000E+03   7.8155695E-04   1.3157540E-03
   1.5461143E+03   4.4020000E+03   4.2830000E+03   2.7731683E-03   2.7952748E-03
   1.5461219E+03   4.3250000E+03   4.2200000E+03   2.5597338E-03   3.0513438E-03
   1.5461294E+03   4.4090000E+03   4.2760000E+03   2.9770609E-03   3.3953939E-03
   1.5461369E+03   4.4790000E+03   4.3600000E+03   4.0841249E-03   4.3214395E-03
   1.5461444E+03   4.5640000E+03   4.4460000E+03   1.7381378E-03   2.2986061E-03
   1.5461520E+03   4.5920000E+03   4.4400000E+03   1.9048179E-03   2.9313328E-03
   1.5461595E+03   4.6530000E+03   4.5130000E+03   7.4003285E-03   7.8332141E-03
   1.5461670E+03   4.5510000E+03   4.4190000E+03   2.5560483E-04   4.0194502E-04
   1.5461746E+03   4.6990000E+03   4.5560000E+03   8.6627686E-04   9.4677499E-04
   1.5461821E+03   4.8620000E+03   4.7160000E+03   1.4344195E-03   2.1708498E-03
   1.5461896E+03   4.9260000E+03   4.7840000E+03   3.9250084E-03   4.2144842E-03
   1.5461971E+03   4.8710000E+03   4.7420000E+03   4.1160495E-03   4.3026917E-03
   1.5462047E+03   5.0000000E+03   4.8400000E+03   4.1418573E-03   3.6359672E-03
   1.5462122E+03   4.9380000E+03   4.8020000E+03   2.4634311E-03   3.0311468E-03
   1.5462197E+03   4.8910000E+03   4.7560000E+03   6.0055825E-03   6.1252685E-03
   1.5462273E+03   5.0320000E+03   4.9110000E+03   3.1601941E-03   3.2732797E-03
   1.5462348E+03   5.0060000E+03   4.8400000E+03   3.4759006E-03   2.9008581E-03
   1.5462423E+03   5.0800000E+03   4.9380000E+03   2.2888205E-03   1.8976367E-03
   1.5462498E+03   5.0640000E+03   4.9310000E+03   3.3849619E-03   3.2616836E-03
   1.5462574E+03   5.2100000E+03   5.0860000E+03   1.1976376E-03   1.7904159E-03
   1.5462649E+03   5.2480000E+03   5.0930000E+03   4.5309659E-03   3.7530726E-03
   1.5462724E+03   5.2770000E+03   5.1440000E+03   2.0242861E-03   2.0377332E-03
   1.5462800E+03   5.2860000E+03   5.1280000E+03   1.6431403E-03   2.0584176E-03
   1.5462875E+03   5.2730000E+03   5.1300000E+03   9.4109430E-04   8.3925526E-04
   1.5462950E+03   5.3560000E+03   5.2280000E+03   1.1610290E-03   1.6828356E-03
   1.5463025E+03   5.2050000E+03   5.0740000E+03   7.1645763E-04   9.1165069E-04
   1.5463101E+03   5.4820000E+03   5.3410000E+03   1.8468808E-03   2.1245221E-03
   1.5463176E+03   5.4620000E+03   5.3410000E+03   4.7639683E-03   5.1262747E-03
   1.5463251E+03   5.5500000E+03   5.4070000E+03   1.9903989E-03   2.6278176E-03
   1.5463327E+03   5.5910000E+03   5.4470000E+03   3.6418481E-03   3.4919967E-03
   1.5463402E+03   5.7740000E+03   5.6390000E+03   2.5037626E-03   3.0014075E-03
   1.5463477E+03   5.7910000E+03   5.6410000E+03   1.5989500E-03   1.7050466E-03
   1.5463552E+03   5.7390000E+03   5.5870000E+03   5.1880506E-03   5.0944078E-03
   1.5463628E+03   5.9390000E+03   5.7690000E+03   1.5302067E-03   1.6444238E-03
   1.5463703E+03   5.9000000E+03   5.7380000E+03   1.3256862E-03   8.2559846E-04
   1.5463778E+03   5.9170000E+03   5.7560000E+03   4.3142759E-03   4.0914832E-03
   1.5463854E+03   6.0850000E+03   5.9290000E+03   4.6203838E-03   4.3129684E-03
   1.5463929E+03   5.9170000E+03   5.7660000E+03   1.3685990E-03   7.8818387E-04
   1.5464004E+03   5.9060000E+03   5.7530000E+03   3.9487850E-03   3.4945148E-03
   1.5464079E+03   6.1500000E+03   5.9900000E+03   4.9108362E-03   5.0661439E-03
   1.5464155E+03   6.1180000E+03   5.9730000E+03   1.1421694E-03   9.5688182E-04
   1.5464230E+03   6.1720000E+03   6.0010000E+03   4.1954231E-03   3.6342101E-03
   1.5464305E+03   6.2270000E+03   6.0760000E+03   4.1244590E-03   4.4814877E-03
   1.5464381E+03   6.3160000E+03   6.1750000E+03   4.5611650E-03   5.1746132E-03
   1.5464456E+03   6.2780000E+03   6.1160000E+03   3.5733427E-03   2.8336855E-03
   1.5464531E+03   6.3450000E+03   6.1860000E+03   3.1380662E-03   3.8326735E-03
   1.5464606E+03   6.2660000E+03   6.1200000E+03   1.8007403E-03   2.0611657E-03
   1.5464682E+03   6.5300000E+03   6.3670000E+03   4.3500215E-03   3.6808733E-03
   1.5464757E+03   6.4590000E+03   6.2900000E+03   9.1095410E-04   7.4709438E-04
   1.5464832E+03   6.5430000E+03   6.3630000E+03   4.1793869E-03   3.8919569E-03
   1.5464908E+03   6.7350000E+03   6.5470000E+03   3.0409723E-03   2.9060387E-03
   1.5464983E+03   6.6610000E+03   6.4780000E+03   7.2401171E-04   6.3698979E-04
   1.5465058E+03   6.7050000E+03   6.5240000E+03   1.3781188E-03   1.7135412E-03
   1.5465133E+03   6.6370000E+03   6.4700000E+03   3.2888006E-03   3.2247607E-03
   1.5465209E+03   6.6280000E+03   6.4580000E+03   1.9729634E-03   2.3980310E-03
   1.5465284E+03   6.8930000E+03   6.7150000E+03   2.2844848E-03   2.3144510E-03
   1.5465359E+03   6.7970000E+03   6.6270000E+03   4.8775967E-03   5.1661278E-03
   1.5465434E+03   6.9420000E+03   6.7700000E+03   1.7289715E-03   1.9664346E-03
   1.5465510E+03   7.1290000E+03   6.9510000E+03   1.3552167E-03   1.2742835E-03
   1.5465585E+03   7.0250000E+03   6.8600000E+03   1.6622832E-03   1.1563857E-03
   1.5465660E+03   7.0250000E+03   6.8450000E+03   1.4489386E-03   2.1705501E-03
   1.5465736E+03   7.1760000E+03   7.0110000E+03   1.3286712E-03   1.4746640E-03
   1.5465811E+03   7.1550000E+03   6.9920000E+03   3.0670437E-03   2.9119960E-03
   1.5465886E+03   7.0220000E+03   6.8410000E+03   1.1294959E-03   9.5948143E-04
   1.5465961E+03   7.1350000E+03   6.9530000E+03   4.1654607E-03   4.9545001E-03
   1.5466037E+03   7.3330000E+03   7.1590000E+03   3.8857078E-03   3.3456736E-03
   1.5466112E+03   7.2700000E+03   7.0880000E+03   1.8782390E-03   1.7616174E-03
   1.5466187E+03   7.4620000E+03   7.2870000E+03   2.2831590E-03   1.6022072E-03
   1.5466263E+03   7.6090000E+03   7.4340000E+03   8.7714798E-04   4.5291982E-04
   1.5466338E+03   7.5340000E+03   7.3520000E+03   1.4118888E-03   1.5204691E-03
   1.5466413E+03   7.5310000E+03   7.3470000E+03   3.7690526E-03   3.7041003E-03
   1.5466488E+03   7.6200000E+03   7.4660000E+03   3.9847968E-03   4.3430229E-03
   1.5466564E+03   7.6140000E+03   7.4450000E+03   2.5736528E-03   2.5952551E-03
   1.5466639E+03   7.6230000E+03   7.4430000E+03   2.3549004E-03   2.8592055E-03
   1.5466714E+03   7.6860000E+03   7.5000000E+03   4.2340518E-03   4.3354978E-03
   1.5466790E+03   7.8700000E+03   7.7050000E+03   1.8459428E-03   1.4758211E-03
   1.5466865E+03   7.8410000E+03   7.6550000E+03   4.1741312E-03   4.3756268E-03
   1.5466940E+03   7.9390000E+03   7.7550000E+03   2.7126863E-03   2.8013436E-03
   1.5467015E+03   7.9150000E+03   7.7250000E+03   3.9174965E-03   4.0336251E-03
   1.5467091E+03   7.9790000E+03   7.8040000E+03   9.1570965E-04   8.6635882E-04
   1.5467166E+03   8.0860000E+03   7.9030000E+03   3.5118757E-03   3.2203441E-03
   1.5467241E+03   7.9320000E+03   7.7390000E+03   1.3338293E-03   1.0810994E-03
   1.5467317E+03   8.0920000E+03   7.9150000E+03   1.2348136E-03   1.0241879E-03
   1.5467392E+03   8.1230000E+03   7.9510000E+03   1.7496100E-03   1.3244837E-03
   1.5467467E+03   8.1000000E+03   7.9210000E+03   2.4085652E-03   2.5003171E-03
   1.5467542E+03   8.1680000E+03   7.9710000E+03   3.5917189E-03   3.4567118E-03
   1.5467618E+03   8.2120000E+03   8.0180000E+03   3.9777782E-03   3.9270775E-03
   1.5467693E+03   8.3390000E+03   8.1410000E+03   3.3615299E-03   3.0757204E-03
   1.5467768E+03   8.4180000E+03   8.2370000E+03   2.2035447E-03   2.0448853E-03
   1.5467844E+03   8.3440000E+03   8.1580000E+03   2.3229161E-03   1.9524046E-03
   1.5467919E+03   8.5580000E+03   8.3520000E+03   4.1069382E-03   4.3846514E-03
   1.5467994E+03   8.5180000E+03   8.3180000E+03   1.4125439E-03   1.3627822E-03
   1.5468069E+03   8.5730000E+03   8.3740000E+03   1.8147390E-03   2.0381262E-03
   1.5468145E+03   8.5790000E+03   8.3980000E+03   2.1291288E-04   2.4650283E-04
   1.5468220E+03   8.6310000E+03   8.4470000E+03   3.5968942E-03   3.5410023E-03
   1.5468295E+03   8.6870000E+03   8.5070000E+03   4.3489144E-03   4.3436156E-03
   1.5468371E+03   8.7600000E+03   8.5460000E+03   2.2195673E-04   3.9657588E-04
   1.5468446E+03   8.8180000E+03   8.6240000E+03   1.9875892E-03   1.5390488E-03
   1.5468521E+03   8.6890000E+03   8.5000000E+03   1.6456757E-03   1.8108771E-03
   1.5468596E+03   8.8500000E+03   8.6480000E+03   3.3452781E-03   3.6022664E-03
   1.5468672E+03   8.7490000E+03   8.5490000E+03   4.1479705E-03   4.8133218E-03
   1.5468747E+03   8.9300000E+03   8.7320000E+03   2.4032547E-03   2.1676521E-03
   1.5468822E+03   9.0990000E+03   8.8980000E+03   4.3058501E-03   4.3471838E-03
   1.5468898E+03   8.9270000E+03   8.7360000E+03   7.7957722E-04   7.2460501E-04
   1.5468973E+03   9.0420000E+03   8.8780000E+03   1.7773501E-03   2.0156446E-03
   1.5469048E+03   9.1850000E+03   8.9940000E+03   1.2412074E-03   1.1963302E-03
   1.5469123E+03   9.1700000E+03   8.9560000E+03   1.5102623E-03   1.4420057E-03
   1.5469199E+03   9.0340000E+03   8.8520000E+03   1.7637181E-03   1.8280654E-03
   1.5469274E+03   9.2890000E+03   9.0850000E+03   2.3643046E-03   2.2090607E-03
   1.5469349E+03   9.2210000E+03   9.0440000E+03   1.6825477E-03   1.6179321E-03
   1.5469425E+03   9.2940000E+03   9.0880000E+03   1.6285260E-03   1.7033553E-03
   1.5469500E+03   9.5300000E+03   9.3330000E+03   4.6241503E-03   4.9390699E-03
   1.5469575E+03   9.3720000E+03   9.1600000E+03   7.9949915E-04   6.2790349E-04
   1.5469650E+03   9.5610000E+03   9.3500000E+03   2.1617902E-03   1.8354639E-03
   1.5469726E+03   9.3170000E+03   9.1170000E+03   4.3252869E-03   4.4925534E-03
   1.5469801E+03   9.5520000E+03   9.3630000E+03   1.4954420E-03   1.5751552E-03
   1.5469876E+03   9.5570000E+03   9.3550000E+03   2.0712610E-03   2.0438313E-03
   1.5469951E+03   9.5290000E+03   9.3310000E+03   5.5799030E-03   5.8449239E-03
   1.5470027E+03   9.7550000E+03   9.5620000E+03   1.2486851E-03   1.3041047E-03
   1.5470102E+03   9.7500000E+03   9.5780000E+03   3.2794441E-03   3.0098145E-03
   1.5470177E+03   9.9410000E+03   9.7630000E+03   2.5731555E-03   2.8418084E-03
   1.5470253E+03   9.6540000E+03   9.4720000E+03   2.1888845E-03   2.3496337E-03
   1.5470328E+03   9.9130000E+03   9.7290000E+03   1.8812037E-03   1.9824283E-03
   1.5470403E+03   1.0184000E+04   9.9840000E+03   2.9614853E-03   2.8436001E-03
   1.5470478E+03   1.0119000E+04   9.9060000E+03   1.5160805E-03   1.3289444E-03
   1.5470554E+03   9.9300000E+03   9.7380000E+03   7.9348417E-04   5.5879058E-04
   1.5470629E+03   1.0082000E+04   9.8750000E+03   2.8148293E-03   3.0503413E-03
   1.5470704E+03   9.8600000E+03   9.6720000E+03   1.6567620E-03   1.0588659E-03
   1.5470780E+03   1.0166000E+04   9.9730000E+03   2.1022839E-03   2.4907535E-03
   1.5470855E+03   1.0157000E+04   9.9270000E+03   1.7944928E-03   2.1141707E-03
   1.5470930E+03   1.0053000E+04   9.8620000E+03   3.0791230E-03   3.0673385E-03
   1.5471005E+03   1.0149000E+04   9.9650000E+03   1.9228813E-03   1.7384107E-03
   1.5471081E+03   1.0267000E+04   1.0095000E+04   1.3622765E-03   1.3508434E-03
   1.5471156E+03   1.0324000E+04   1.0140000E+04   1.7026586E-03   1.6599419E-03
   1.5471231E+03   1.0393000E+04   1.0199000E+04   3.1461509E-03   2.9051506E-03
   1.5471307E+03   1.0385000E+04   1.0203000E+04   1.0945630E-03   1.4631801E-03
   1.5471382E+03   1.0343000E+04   1.0150000E+04   2.8571662E-03   2.6817073E-03
   1.5471457E+03   1.0475000E+04   1.0244000E+04   1.1979930E-03   9.7019136E-04
   1.5471532E+03   1.0411000E+04   1.0201000E+04   4.1273827E-03   3.8525149E-03
   1.5471608E+03   1.0707000E+04   1.0513000E+04   5.8561657E-03   5.6178925E-03
   1.5471683E+03   1.0585000E+04   1.0386000E+04   1.2226562E-03   9.4621532E-04
   1.5471758E+03   1.0686000E+04   1.0471000E+04   2.1960077E-03   2.1983879E-03
   1.5471834E+03   1.0603000E+04   1.0402000E+04   4.1980064E-03   4.3869442E-03
   1.5471909E+03   1.0697000E+04   1.0483000E+04   1.3624153E-03   1.1637859E-03
   1.5471984E+03   1.0982000E+04   1.0780000E+04   3.1818088E-03   3.1453654E-03
   1.5472059E+03   1.0741000E+04   1.0577000E+04   1.2573217E-03   1.3142432E-03
   1.5472135E+03   1.0759000E+04   1.0550000E+04   9.7096983E-04   1.2563642E-03
   1.5472210E+03   1.0785000E+04   1.0592000E+04   1.1474550E-04   1.1239573E-04
   1.5472285E+03   1.1007000E+04   1.0808000E+04   9.7120799E-04   9.2598528E-04
   1.5472361E+03   1.0829000E+04   1.0623000E+04   4.4436396E-03   4.3938352E-03
   1.5472436E+03   1.0854000E+04   1.0674000E+04   1.2352303E-03   1.0841697E-03
   1.5472511E+03   1.0972000E+04   1.0765000E+04   2.6340609E-03   2.4855030E-03
   1.5472586E+03   1.1030000E+04   1.0848000E+04   3.1778198E-03   3.2606452E-03
   1.5472662E+03   1.1251000E+04   1.1063000E+04   1.3787791E-03   1.2245804E-03
   1.5472737E+03   1.1232000E+04   1.1035000E+04   8.1243108E-04   7.2270291E-04
   1.5472812E+03   1.1157000E+04   1.0967000E+04   1.5198199E-03   1.4512472E-03
   1.5472888E+03   1.1101000E+04   1.0914000E+04   1.0689771E-03   1.4756878E-03
   1.5472963E+03   1.1183000E+04   1.1004000E+04   2.9835233E-03   2.9851774E-03
   1.5473038E+03   1.1046000E+04   1.0858000E+04   1.8128599E-04   3.6548557E-04
   1.5473113E+03   1.1187000E+04   1.0990000E+04   2.2776960E-03   2.4123428E-03
   1.5473189E+03   1.1279000E+04   1.1067000E+04   2.4755915E-03   2.6444548E-03
   1.5473264E+03   1.1365000E+04   1.1174000E+04   3.8483529E-03   4.2035036E-03
   1.5473339E+03   1.1342000E+04   1.1158000E+04   9.7459981E-04   1.0059119E-03
   1.5473415E+03   1.1463000E+04   1.1284000E+04   6.5182938E-04   5.3408636E-04
   1.5473490E+03   1.1407000E+04   1.1229000E+04   1.0118073E-03   8.4945161E-04
   1.5473565E+03   1.1350000E+04   1.1162000E+04   2.6128395E-03   2.7293303E-03
   1.5473640E+03   1.1556000E+04   1.1369000E+04   2.1484435E-03   2.0416303E-03
   1.5473716E+03   1.1555000E+04   1.1376000E+04   1.4828903E-03   1.3087993E-03
   1.5473791E+03   1.1554000E+04   1.1369000E+04   6.7772106E-04   5.8654912E-04
   1.5473866E+03   1.1610000E+04   1.1417000E+04   3.2028046E-03   3.3156998E-03
   1.5473942E+03   1.1574000E+04   1.1374000E+04   2.5161185E-04   2.4343268E-04
   1.5474017E+03   1.1613000E+04   1.1453000E+04   1.0178773E-03   9.7668201E-04
   1.5474092E+03   1.1677000E+04   1.1508000E+04   9.9279610E-04   1.2028799E-03
   1.5474167E+03   1.1722000E+04   1.1557000E+04   2.3780050E-03   2.2832829E-03
   1.5474243E+03   1.1685000E+04   1.1488000E+04   3.3723055E-03   3.0790436E-03
   1.5474318E+03   1.1627000E+04   1.1465000E+04   2.1684903E-03   1.9580305E-03
   1.5474393E+03   1.1782000E+04   1.1603000E+04   3.4341631E-03   3.2278338E-03
   1.5474468E+03   1.1852000E+04   1.1679000E+04   2.0598730E-03   2.1419251E-03
   1.5474544E+03   1.1859000E+04   1.1692000E+04   1.7266798E-03   1.7683058E-03
   1.5474619E+03   1.1734000E+04   1.1561000E+04   1.4020360E-03   1.0497011E-03
   1.5474694E+03   1.2093000E+04   1.1925000E+04   7.6715177E-04   5.7878563E-04
   1.5474770E+03   1.2022000E+04   1.1834000E+04   1.0191876E-03   1.0562378E-03
   1.5474845E+03   1.1957000E+04   1.1777000E+04   2.5880667E-03   2.5537574E-03
   1.5474920E+03   1.2063000E+04   1.1894000E+04   1.4987359E-03   1.5286577E-03
   1.5474995E+03   1.2091000E+04   1.1922000E+04   1.6085195E-03   1.4717643E-03
   1.5475071E+03   1.2146000E+04   1.1993000E+04   1.9358965E-03   1.8576855E-03
   1.5475146E+03   1.2318000E+04   1.2159000E+04   1.4316403E-03   1.5911300E-03
   1.5475221E+03   1.2133000E+04   1.1955000E+04   1.2622979E-03   1.4603564E-03
   1.5475297E+03   1.2098000E+04   1.1950000E+04   1.1730612E-03   1.1903027E-03
   1.5475372E+03   1.2175000E+04   1.2018000E+04   2.4052776E-03   2.4766333E-03
   1.5475447E+03   1.2243000E+04   1.2076000E+04   4.8205713E-04   5.0912178E-04
   1.5475522E+03   1.2313000E+04   1.2149000E+04   2.4361501E-03   2.5335552E-03
   1.5475598E+03   1.2032000E+04   1.1889000E+04   2.0701005E-03   2.0040186E-03
   1.5475673E+03   1.2421000E+04   1.2253000E+04   3.2961484E-03   3.4366781E-03
   1.5475748E+03   1.2274000E+04   1.2125000E+04   1.2301717E-03   1.2201055E-03
   1.5475824E+03   1.2236000E+04   1.2089000E+04   2.7434879E-04   4.0364249E-04
   1.5475899E+03   1.2364000E+04   1.2221000E+04   3.3474627E-03   3.1040950E-03
   1.5475974E+03   1.2198000E+04   1.2081000E+04   8.1964692E-04   6.8415127E-04
   1.5476049E+03   1.2440000E+04   1.2328000E+04   1.7232719E-03   1.8900589E-03
   1.5476125E+03   1.2396000E+04   1.2294000E+04   1.0679358E-03   1.0517897E-03
   1.5476200E+03   1.2170000E+04   1.2081000E+04   1.3672076E-03   1.3543340E-03
   1.5476275E+03   1.2365000E+04   1.2300000E+04   9.8549412E-04   9.3298028E-04
   1.5476351E+03   1.2277000E+04   1.2218000E+04   2.5522099E-03   2.5556802E-03
   1.5476426E+03   1.2280000E+04   1.2221000E+04   4.9327741E-04   4.2497525E-04
   1.5476501E+03   1.1906000E+04   1.1867000E+04   3.3874463E-03   3.4014271E-03
   1.5476576E+03   1.2241000E+04   1.2203000E+04   6.9168935E-04   6.8472571E-04
   1.5476652E+03   1.2125000E+04   1.2099000E+04   1.8597744E-03   1.8637662E-03
   1.5476727E+03   1.1863000E+04   1.1830000E+04   1.1050490E-03   1.1081373E-03
   1.5476802E+03   1.1977000E+04   1.1951000E+04   3.4277267E-03   3.4351789E-03
   1.5476878E+03   1.2075000E+04   1.2038000E+04   1.7265834E-03   1.7318940E-03
   1.5476953E+03   1.1712000E+04   1.1692000E+04   1.8792101E-03   1.8824274E-03
   1.5477028E+03   1.1783000E+04   1.1759000E+04   2.3988806E-03   2.4037812E-03
   1.5477103E+03   1.1829000E+04   1.1808000E+04   8.2920938E-04   8.3065382E-04
   1.5477179E+03   1.1716000E+04   1.1695000E+04   1.7519524E-03   1.7550756E-03
   1.5477254E+03   1.1826000E+04   1.1805000E+04   9.7833968E-04   9.8009536E-04
   1.5477329E+03   1.1814000E+04   1.1794000E+04   3.1240103E-03   3.1293240E-03
   1.5477405E+03   1.1625000E+04   1.1592000E+04   3.3951971E-03   3.4048559E-03
   1.5477480E+03   1.1494000E+04   1.1464000E+04   2.5332079E-03   2.5398277E-03
   1.5477555E+03   1.1288000E+04   1.1263000E+04   6.8497110E-04   6.8656737E-04
   1.5477630E+03   1.1457000E+04   1.1422000E+04   6.1389297E-04   6.1577767E-04
   1.5477706E+03   1.1545000E+04   1.1506000E+04   2.9694631E-03   2.9795260E-03
   1.5477781E+03   1.1315000E+04   1.1284000E+04   1.0958747E-03   1.0989158E-03
   1.5477856E+03   1.1083000E+04   1.1049000E+04   2.1032589E-03   2.1098030E-03
   1.5477932E+03   1.1066000E+04   1.1026000E+04   1.7313704E-03   1.7376879E-03
   1.5478007E+03   1.1138000E+04   1.1085000E+04   1.1680784E-03   1.1736717E-03
   1.5478082E+03   1.1078000E+04   1.1017000E+04   1.1557777E-03   1.1627232E-03
   1.5478157E+03   1.1278000E+04   1.1225000E+04   1.3040647E-03   1.3101971E-03
   1.5478233E+03   1.1115000E+04   1.1058000E+04   2.2694387E-03   2.2811651E-03
   1.5478308E+03   1.1040000E+04   1.0970000E+04   2.1952751E-03   2.2092849E-03
   1.5478383E+03   1.0747000E+04   1.0695000E+04   2.3594298E-03   2.3707726E-03
   1.5478459E+03   1.0753000E+04   1.0692000E+04   7.6159966E-04   7.6594688E-04
   1.5478534E+03   1.0864000E+04   1.0806000E+04   2.6700968E-03   2.6844490E-03
   1.5478609E+03   1.0622000E+04   1.0567000E+04   1.3846064E-03   1.3917616E-03
   1.5478684E+03   1.0718000E+04   1.0657000E+04   8.1698590E-04   8.2156905E-04
   1.5478760E+03   1.0672000E+04   1.0607000E+04   4.1326677E-03   4.1579891E-03
   1.5478835E+03   1.0735000E+04   1.0687000E+04   5.5772051E-05   5.6012177E-05
   1.5478910E+03   1.0687000E+04   1.0625000E+04   1.4118431E-03   1.4201226E-03
   1.5478985E+03   1.0568000E+04   1.0499000E+04   2.0758236E-03   2.0895030E-03
   1.5479061E+03   1.0643000E+04   1.0576000E+04   1.9076978E-03   1.9197875E-03
   1.5479136E+03   1.0674000E+04   1.0617000E+04   1.5261119E-03   1.5344017E-03
   1.5479211E+03   1.0487000E+04   1.0414000E+04   2.1801446E-03   2.1955615E-03
   1.5479287E+03   1.0275000E+04   1.0196000E+04   1.6576112E-03   1.6701135E-03
   1.5479362E+03   1.0286000E+04   1.0233000E+04   9.2942768E-04   9.3425688E-04
   1.5479437E+03   1.0204000E+04   1.0136000E+04   1.6062339E-03   1.6170319E-03
   1.5479512E+03   1.0294000E+04   1.0231000E+04   1.1915753E-03   1.1987800E-03
   1.5479588E+03   1.0221000E+04   1.0148000E+04   2.9984297E-03   3.0200053E-03
   1.5479663E+03   1.0107000E+04   1.0019000E+04   1.5490527E-03   1.5626335E-03
   1.5479738E+03   1.0075000E+04   1.0010000E+04   3.0866442E-03   3.1066569E-03
   1.5479814E+03   9.9260000E+03   9.8570000E+03   2.4008346E-03   2.4176401E-03
   1.5479889E+03   1.0075000E+04   1.0008000E+04   3.5418799E-03   3.5656017E-03
   1.5479964E+03   9.9330000E+03   9.8660000E+03   6.0701450E-04   6.1117387E-04
   1.5480039E+03   9.8670000E+03   9.7880000E+03   1.2653483E-03   1.2755809E-03
   1.5480115E+03   9.6670000E+03   9.6010000E+03   1.5793334E-03   1.5902613E-03
   1.5480190E+03   1.0018000E+04   9.9390000E+03   6.5158440E-04   6.5679495E-04
   1.5480265E+03   9.9600000E+03   9.8970000E+03   2.1947044E-03   2.2072016E-03
   1.5480341E+03   1.0024000E+04   9.9440000E+03   1.1587713E-03   1.1555517E-03
   1.5480416E+03   9.9600000E+03   9.8820000E+03   2.5438369E-03   2.5639060E-03
   1.5480491E+03   9.9080000E+03   9.8320000E+03   1.3106119E-03   1.3207107E-03
   1.5480566E+03   9.8800000E+03   9.7970000E+03   4.3558521E-03   4.3926543E-03
   1.5480642E+03   9.7910000E+03   9.7260000E+03   3.3647057E-04   3.3911301E-04
   1.5480717E+03   9.5920000E+03   9.5230000E+03   2.0418048E-03   2.0565303E-03
   1.5480792E+03   9.5430000E+03   9.4650000E+03   1.3156161E-03   1.3264227E-03
   1.5480868E+03   9.6170000E+03   9.5240000E+03   2.7658379E-03   2.7928432E-03
   1.5480943E+03   9.6350000E+03   9.5470000E+03   4.5385548E-04   4.5794108E-04
   1.5481018E+03   9.4630000E+03   9.3780000E+03   2.2219817E-03   2.2421412E-03
   1.5481093E+03   9.5760000E+03   9.4860000E+03   3.8875527E-03   3.9244101E-03
   1.5481169E+03   9.4340000E+03   9.3420000E+03   2.1209276E-03   2.1418143E-03
   1.5481244E+03   9.5810000E+03   9.5140000E+03   1.4840683E-03   1.4945503E-03
   1.5481319E+03   9.4480000E+03   9.3510000E+03   8.2874472E-04   8.3733039E-04
   1.5481395E+03   9.5330000E+03   9.4340000E+03   4.1551141E-03   4.1986074E-03
   1.5481470E+03   9.4650000E+03   9.3790000E+03   2.2798363E-03   2.3006242E-03
   1.5481545E+03   9.3320000E+03   9.2660000E+03   3.0450458E-03   3.0667417E-03
   1.5481620E+03   9.3120000E+03   9.2320000E+03   1.5682333E-03   1.5816818E-03
   1.5481696E+03   9.2020000E+03   9.1220000E+03   3.7136893E-03   3.7462675E-03
   1.5481771E+03   9.3520000E+03   9.2620000E+03   2.8003682E-03   2.8275803E-03
   1.5481846E+03   9.1870000E+03   9.1000000E+03   1.3916777E-03   1.4050618E-03
   1.5481922E+03   9.3460000E+03   9.2740000E+03   1.1397675E-03   1.1486144E-03
   1.5481997E+03   9.0940000E+03   9.0150000E+03   1.6447765E-03   1.6592798E-03
   1.5482072E+03   9.2870000E+03   9.1900000E+03   3.1019610E-03   3.1345684E-03
   1.5482147E+03   9.1330000E+03   9.0490000E+03   6.8733954E-04   6.9369227E-04
   1.5482223E+03   9.1250000E+03   9.0290000E+03   6.4007875E-04   6.4687750E-04
   1.5482298E+03   9.0110000E+03   8.9270000E+03   1.3735168E-03   1.3852841E-03
   1.5482373E+03   9.2260000E+03   9.1250000E+03   5.9059647E-04   5.9709056E-04
   1.5482449E+03   9.0350000E+03   8.9590000E+03   1.5123735E-03   1.5251850E-03
   1.5482524E+03   8.9940000E+03   8.9050000E+03   1.9264792E-03   1.9457571E-03
   1.5482599E+03   8.9950000E+03   8.8970000E+03   8.8107425E-04   8.9078427E-04
   1.5482674E+03   8.9470000E+03   8.8580000E+03   2.3879856E-03   2.4119158E-03
   1.5482750E+03   9.0000000E+03   8.9240000E+03   2.0288574E-03   2.0460502E-03
   1.5482825E+03   8.8970000E+03   8.8090000E+03   1.5910265E-03   1.6068538E-03
   1.5482900E+03   8.9570000E+03   8.8580000E+03   7.3046488E-04   7.3855978E-04
   1.5482976E+03   8.9170000E+03   8.8190000E+03   3.0139554E-03   3.0474063E-03
   1.5483051E+03   8.9790000E+03   8.8790000E+03   2.8494107E-03   2.8814990E-03
   1.5483126E+03   8.6390000E+03   8.5470000E+03   6.1932799E-04   6.2593302E-04
   1.5483201E+03   8.7270000E+03   8.6360000E+03   1.8878280E-03   1.9076617E-03
   1.5483277E+03   8.7270000E+03   8.6340000E+03   1.3786435E-03   1.3935295E-03
   1.5483352E+03   8.9190000E+03   8.8310000E+03   4.6378132E-04   4.6840408E-04
   1.5483427E+03   8.7350000E+03   8.6440000E+03   9.6163926E-04   9.7171637E-04
   1.5483502E+03   8.7920000E+03   8.6950000E+03   1.5585671E-03   1.5758614E-03
   1.5483578E+03   8.7530000E+03   8.6600000E+03   3.8464818E-04   3.8882898E-04
   1.5483653E+03   8.7290000E+03   8.6320000E+03   1.8139633E-03   1.8343386E-03
   1.5483728E+03   8.5310000E+03   8.4230000E+03   1.4553331E-03   1.4739497E-03
   1.5483804E+03   8.5920000E+03   8.4760000E+03   9.8763429E-04   1.0011259E-03
   1.5483879E+03   8.7590000E+03   8.6600000E+03   2.0622432E-03   2.0858256E-03
   1.5483954E+03   8.5940000E+03   8.4990000E+03   1.5142896E-03   1.5310972E-03
   1.5484029E+03   8.7000000E+03   8.6030000E+03   1.1468882E-03   1.1604574E-03
   1.5484105E+03   8.5210000E+03   8.4230000E+03   1.8775333E-03   1.8996458E-03
   1.5484180E+03   8.5610000E+03   8.4440000E+03   1.4338185E-03   1.4537447E-03
   1.5484255E+03   8.3620000E+03   8.2540000E+03   2.8102776E-03   2.8470337E-03
   1.5484331E+03   8.6770000E+03   8.5740000E+03   2.0988816E-03   2.1241443E-03
   1.5484406E+03   8.5380000E+03   8.4230000E+03   1.4940335E-03   1.5143448E-03
   1.5484481E+03   8.5810000E+03   8.4800000E+03   2.2564660E-03   2.2833214E-03
   1.5484556E+03   8.3990000E+03   8.3070000E+03   1.0104338E-03   1.0152268E-03
   1.5484632E+03   8.4280000E+03   8.3300000E+03   2.3462652E-03   2.3738481E-03
   1.5484707E+03   8.4080000E+03   8.3100000E+03   1.3387386E-03   1.3544989E-03
   1.5484782E+03   8.4130000E+03   8.3120000E+03   2.1561721E-03   2.1823958E-03
   1.5484858E+03   8.5160000E+03   8.3900000E+03   2.5667350E-03   2.6052770E-03
   1.5484933E+03   8.3980000E+03   8.2980000E+03   1.4892968E-03   1.5061847E-03
   1.5485008E+03   8.4240000E+03   8.3060000E+03   6.8584698E-04   6.9546465E-04
   1.5485083E+03   8.3430000E+03   8.2610000E+03   1.6404847E-03   1.6568801E-03
   1.5485159E+03   8.3060000E+03   8.2070000E+03   2.3630208E-03   2.3911362E-03
   1.5485234E+03   8.5020000E+03   8.3870000E+03   1.9469166E-03   1.9735311E-03
   1.5485309E+03   8.4420000E+03   8.3390000E+03   1.2011972E-03   1.2165102E-03
   1.5485385E+03   8.3420000E+03   8.2260000E+03   7.3702250E-04   7.4762328E-04
   1.5485460E+03   8.3360000E+03   8.2220000E+03   1.7912257E-03   1.8160367E-03
   1.5485535E+03   8.2700000E+03   8.1670000E+03   1.5972209E-03   1.6173743E-03
   1.5485610E+03   8.5870000E+03   8.4740000E+03   2.6478532E-03   2.6831679E-03
   1.5485686E+03   8.2830000E+03   8.1710000E+03   1.8617189E-03   1.8873199E-03
   1.5485761E+03   8.3840000E+03   8.2790000E+03   2.3506193E-04   2.3800944E-04
   1.5485836E+03   8.5030000E+03   8.3790000E+03   2.1202375E-03   2.1514429E-03
   1.5485912E+03   8.4140000E+03   8.2960000E+03   8.7178322E-04   8.8427569E-04
   1.5485987E+03   8.2390000E+03   8.1160000E+03   7.7685303E-04   7.8859510E-04
   1.5486062E+03   8.4590000E+03   8.3220000E+03   1.9385775E-03   1.9716525E-03
   1.5486137E+03   8.2210000E+03   8.0980000E+03   2.2861000E-03   2.3207582E-03
   1.5486213E+03   8.3740000E+03   8.2490000E+03   9.2060199E-04   9.3452376E-04
   1.5486288E+03   8.3440000E+03   8.2230000E+03   2.7628231E-03   2.8014639E-03
   1.5486363E+03   8.2870000E+03   8.1720000E+03   1.8513576E-03   1.8774014E-03
   1.5486439E+03   8.1990000E+03   8.0840000E+03   7.4495182E-04   7.5542619E-04
   1.5486514E+03   8.2970000E+03   8.2100000E+03   2.1273328E-03   2.1499356E-03
   1.5486589E+03   8.4580000E+03   8.3300000E+03   1.0339759E-03   1.0498620E-03
   1.5486664E+03   8.1850000E+03   8.0800000E+03   3.3634706E-04   3.4083864E-04
   1.5486740E+03   8.4290000E+03   8.2890000E+03   2.2087654E-03   2.2461177E-03
   1.5486815E+03   8.4250000E+03   8.3130000E+03   8.3027945E-04   8.4152028E-04
   1.5486890E+03   8.3960000E+03   8.2690000E+03   1.1531492E-03   1.1707892E-03
   1.5486966E+03   8.4110000E+03   8.2910000E+03   1.2075284E-03   1.2249715E-03
   1.5487041E+03   8.3770000E+03   8.2470000E+03   1.1434393E-03   1.1615665E-03
   1.5487116E+03   8.3060000E+03   8.1950000E+03   8.0361722E-04   8.1449006E-04
   1.5487191E+03   8.3500000E+03   8.2360000E+03   1.5295954E-03   1.5504878E-03
   1.5487267E+03   8.3890000E+03   8.2570000E+03   5.8374521E-04   5.9305899E-04
   1.5487342E+03   8.4240000E+03   8.2880000E+03   1.7087289E-03   1.7369324E-03
   1.5487417E+03   8.3380000E+03   8.1990000E+03   6.7532489E-04   6.8668141E-04
   1.5487493E+03   8.3330000E+03   8.1950000E+03   1.6496082E-03   1.6774081E-03
   1.5487568E+03   8.4000000E+03   8.2500000E+03   1.9017193E-03   1.9363870E-03
   1.5487643E+03   8.3990000E+03   8.2650000E+03   1.8039171E-03   1.8331042E-03
   1.5487718E+03   8.3760000E+03   8.2500000E+03   7.0489713E-04   7.1562143E-04
   1.5487794E+03   8.1570000E+03   8.0110000E+03   1.1876470E-03   1.2092470E-03
   1.5487869E+03   8.2960000E+03   8.1480000E+03   9.3281774E-04   9.4999380E-04
   1.5487944E+03   8.5340000E+03   8.4010000E+03   1.2000919E-03   1.2185995E-03
   1.5488019E+03   8.3990000E+03   8.2640000E+03   2.0404653E-03   2.0719127E-03
   1.5488095E+03   8.2380000E+03   8.1170000E+03   1.4474483E-04   1.4692908E-04
   1.5488170E+03   8.3150000E+03   8.2010000E+03   1.0463057E-03   1.0609544E-03
   1.5488245E+03   8.4970000E+03   8.3650000E+03   1.1477802E-03   1.1658918E-03
   1.5488321E+03   8.3790000E+03   8.2300000E+03   2.4968649E-04   2.5392931E-04
   1.5488396E+03   8.4120000E+03   8.2690000E+03   5.5481998E-04   5.6430824E-04
   1.5488471E+03   8.4330000E+03   8.3010000E+03   1.7045364E-04   1.7402080E-04
   1.5488546E+03   8.3860000E+03   8.2440000E+03   1.0207138E-03   1.0383850E-03
   1.5488622E+03   8.4430000E+03   8.3160000E+03   8.8201877E-04   8.9563114E-04
   1.5488697E+03   8.4110000E+03   8.2760000E+03   1.4910480E-03   1.5153585E-03
   1.5488772E+03   8.2770000E+03   8.1260000E+03   2.0736712E-03   2.1121967E-03
   1.5488848E+03   8.3280000E+03   8.1940000E+03   9.9708743E-04   1.0133254E-03
   1.5488923E+03   8.2560000E+03   8.1120000E+03   1.5596678E-03   1.5874343E-03
   1.5488998E+03   8.4700000E+03   8.3160000E+03   9.8177099E-04   1.0002513E-03
   1.5489073E+03   8.3360000E+03   8.1970000E+03   1.2222804E-03   1.2428967E-03
   1.5489149E+03   8.4750000E+03   8.3180000E+03   7.6325732E-04   7.7752602E-04
   1.5489224E+03   8.2280000E+03   8.0910000E+03   1.8938245E-03   1.9260585E-03
   1.5489299E+03   8.4870000E+03   8.3300000E+03   2.1565861E-03   2.1974549E-03
   1.5489375E+03   8.6800000E+03   8.5330000E+03   1.0102275E-03   1.0279209E-03
   1.5489450E+03   8.3990000E+03   8.2500000E+03   1.1069295E-03   1.1267697E-03
   1.5489525E+03   8.5300000E+03   8.3820000E+03   1.0350055E-03   1.0533161E-03
   1.5489600E+03   8.3940000E+03   8.2450000E+03   1.2688991E-03   1.2918283E-03
   1.5489676E+03   8.4070000E+03   8.2650000E+03   6.8522727E-04   6.9700213E-04
   1.5489751E+03   8.5760000E+03   8.3970000E+03   8.1330961E-04   8.3085603E-04
   1.5489826E+03   8.7070000E+03   8.5530000E+03   2.0370084E-04   2.0590378E-04
   1.5489902E+03   8.4450000E+03   8.3000000E+03   1.0229472E-03   1.0407739E-03
   1.5489977E+03   8.5190000E+03   8.3650000E+03   1.5499171E-03   1.5785767E-03
   1.5490052E+03   8.4750000E+03   8.3270000E+03   6.3914836E-04   6.4747607E-04
   1.5490127E+03   8.5050000E+03   8.3560000E+03   1.5173819E-03   1.5444220E-03
   1.5490203E+03   8.5920000E+03   8.4270000E+03   1.2170604E-03   1.2408995E-03
   1.5490278E+03   8.5860000E+03   8.4390000E+03   2.0886726E-03   2.1251191E-03
   1.5490353E+03   8.5230000E+03   8.3740000E+03   4.8651885E-04   4.9508671E-04
   1.5490429E+03   8.8010000E+03   8.6250000E+03   3.1074379E-04   3.1516247E-04
   1.5490504E+03   8.5930000E+03   8.4140000E+03   6.6228598E-05   8.2733272E-05
   1.5490579E+03   8.6360000E+03   8.4730000E+03   1.0711356E-03   1.0918871E-03
   1.5490654E+03   8.5010000E+03   8.3490000E+03   1.7885988E-03   1.8213132E-03
   1.5490730E+03   8.7410000E+03   8.5990000E+03   1.1999276E-03   1.2197114E-03
   1.5490805E+03   8.7350000E+03   8.5630000E+03   9.4261621E-04   9.6146779E-04
   1.5490880E+03   8.6130000E+03   8.4230000E+03   7.4824681E-04   7.4032228E-04
   1.5490956E+03   8.7220000E+03   8.5530000E+03   1.2700465E-03   1.2951373E-03
   1.5491031E+03   8.7840000E+03   8.6230000E+03   8.1333406E-04   8.2844716E-04
   1.5491106E+03   8.7110000E+03   8.5350000E+03   8.9378014E-04   9.1237991E-04
   1.5491181E+03   8.8910000E+03   8.7090000E+03   1.0542827E-03   1.0764044E-03
   1.5491257E+03   8.7690000E+03   8.6140000E+03   1.1057780E-03   1.1256716E-03
   1.5491332E+03   8.7800000E+03   8.6110000E+03   1.5059747E-04   1.5356841E-04
   1.5491407E+03   8.8390000E+03   8.6750000E+03   5.8308419E-04   5.9427372E-04
   1.5491483E+03   8.8130000E+03   8.6560000E+03   6.8911656E-04   7.0158647E-04
   1.5491558E+03   8.7600000E+03   8.5900000E+03   1.0314542E-03   1.0518528E-03
   1.5491633E+03   8.7880000E+03   8.6140000E+03   4.4358999E-04   4.5272248E-04
   1.5491708E+03   8.8810000E+03   8.7110000E+03   4.3313558E-04   4.3093542E-04
   1.5491784E+03   8.9160000E+03   8.7350000E+03   3.6635185E-04   3.7395654E-04
   1.5491859E+03   8.8400000E+03   8.6850000E+03   2.6689860E-04   2.7178876E-04
   1.5491934E+03   8.8970000E+03   8.7300000E+03   8.1989825E-04   8.3558469E-04
   1.5492010E+03   8.9130000E+03   8.7560000E+03   3.6914932E-04   3.7588629E-04
   1.5492085E+03   8.9910000E+03   8.8060000E+03   3.6461340E-04   3.6606729E-04
   1.5492160E+03   9.0580000E+03   8.8740000E+03   1.0831365E-03   1.1055530E-03
   1.5492235E+03   9.1610000E+03   8.9900000E+03   2.9814673E-04   3.0389225E-04
   1.5492311E+03   9.0340000E+03   8.8790000E+03   4.8748454E-04   4.9595314E-04
   1.5492386E+03   9.0770000E+03   8.8970000E+03   9.1283141E-05   9.2976914E-05
   1.5492461E+03   9.0770000E+03   8.9150000E+03   5.2600453E-04   5.3530404E-04
   1.5492536E+03   9.0360000E+03   8.8340000E+03   1.0672363E-03   1.0916412E-03
   1.5492612E+03   9.2010000E+03   9.0360000E+03   5.2967686E-04   5.3922168E-04
   1.5492687E+03   9.1830000E+03   9.0150000E+03   2.3312722E-04   2.3754186E-04
   1.5492762E+03   8.9930000E+03   8.8240000E+03   8.3652797E-04   8.5258371E-04
   1.5492838E+03   9.0290000E+03   8.8770000E+03   6.2281052E-04   6.3347157E-04
   1.5492913E+03   9.1080000E+03   8.9180000E+03   8.3371012E-04   8.7799863E-04
   1.5492988E+03   9.1180000E+03   8.9470000E+03   4.9680293E-04   5.0636948E-04
   1.5493063E+03   9.2480000E+03   9.0920000E+03   3.7363592E-04   3.8009426E-04
   1.5493139E+03   9.3060000E+03   9.1130000E+03   6.2014123E-05   6.3560770E-05
   1.5493214E+03   9.1690000E+03   8.9990000E+03   5.5304402E-04   5.6366743E-04
   1.5493289E+03   9.1580000E+03   8.9830000E+03   8.2624509E-04   8.4234796E-04
   1.5493365E+03   9.2770000E+03   9.1110000E+03   6.9931156E-04   7.1185719E-04
   1.5493440E+03   9.0710000E+03   8.8780000E+03   4.5859832E-04   4.6862985E-04
   1.5493515E+03   9.3980000E+03   9.2110000E+03   3.4114507E-04   3.4796805E-04
   1.5493590E+03   9.3600000E+03   9.1770000E+03   2.6544035E-04   2.7072796E-04
   1.5493666E+03   9.2950000E+03   9.0860000E+03   3.6807275E-04   3.7646759E-04
   1.5493741E+03   9.3160000E+03   9.1400000E+03   1.8794045E-04   1.9141241E-04
   1.5493816E+03   9.1960000E+03   9.0120000E+03   3.7113945E-04   3.8237032E-04
   1.5493892E+03   9.3810000E+03   9.1800000E+03   4.3373071E-05   4.4697120E-05
   1.5493967E+03   9.4490000E+03   9.2640000E+03   2.6804458E-05   2.7570179E-05
   1.5494042E+03   9.4390000E+03   9.2350000E+03   3.2419740E-04   3.3131726E-04
   1.5494117E+03   9.4680000E+03   9.2710000E+03   2.8691514E-04   2.9299330E-04
   1.5494193E+03   9.4760000E+03   9.2790000E+03   1.3014539E-04   1.3270189E-04
   1.5494268E+03   9.4980000E+03   9.3200000E+03   1.5975069E-04   1.6277447E-04
   1.5494343E+03   9.5640000E+03   9.3600000E+03   9.4718148E-05   9.6795025E-05
   1.5494419E+03   9.5420000E+03   9.3490000E+03   8.4985047E-05   8.4798338E-05
   1.5494494E+03   9.7420000E+03   9.5470000E+03   2.9990621E-04   3.0601265E-04
   1.5494569E+03   9.5960000E+03   9.4110000E+03   1.1708163E-04   1.1937742E-04
   1.5494644E+03   9.5080000E+03   9.3260000E+03   6.6598740E-05   6.7893929E-05
   1.5494720E+03   9.6130000E+03   9.4140000E+03   9.4578740E-05   9.6195888E-05
   1.5494795E+03   9.5700000E+03   9.3780000E+03   8.9925243E-05   9.1826235E-05
   1.5494870E+03   9.7930000E+03   9.5840000E+03   8.2439768E-05   8.4280719E-05
   1.5494946E+03   9.6730000E+03   9.4830000E+03   3.2950779E-05   3.3991039E-05
   1.5495021E+03   9.9400000E+03   9.7540000E+03   1.5871887E-05   1.6344589E-05
   1.5495096E+03   9.6240000E+03   9.4440000E+03   2.6930233E-05   3.5566389E-05
   1.5495171E+03   9.8000000E+03   9.6240000E+03   4.2190880E-05   4.3001694E-05
   1.5495247E+03   9.8440000E+03   9.6410000E+03   1.0428021E-05   1.3119230E-05
   1.5495322E+03   9.8650000E+03   9.6530000E+03   2.0503482E-05   2.1204940E-05
   1.5495397E+03   9.9300000E+03   9.7410000E+03   1.4664574E-05   1.5105198E-05
   1.5495473E+03   9.8750000E+03   9.6610000E+03   1.2646466E-05   1.2964907E-05
   1.5495548E+03   1.0085000E+04   9.8840000E+03   6.6008101E-05   3.0293782E-05
   1.5495623E+03   9.9570000E+03   9.7590000E+03   2.5581343E-05   2.6120223E-05
   1.5495698E+03   1.0070000E+04   9.8770000E+03   2.1216677E-05   2.1651341E-05
   1.5495774E+03   1.0037000E+04   9.8550000E+03   3.4985738E-05   3.5996536E-05
   1.5495849E+03   9.9140000E+03   9.7080000E+03   3.1564509E-05   3.2145844E-05
   1.5495924E+03   1.0050000E+04   9.8660000E+03   1.4769052E-05   1.4977529E-05
   1.5496000E+03   1.0222000E+04   1.0021000E+04   4.6818825E-05   4.8148542E-05
   1.5496075E+03   1.0147000E+04   9.9730000E+03   6.9494435E-05   6.9704122E-05
   1.5496150E+03   1.0162000E+04   9.9920000E+03   1.2577119E-05   1.2876059E-05
   1.5496225E+03   1.0246000E+04   1.0065000E+04   2.0146592E-05   2.0463484E-05
   1.5496301E+03   1.0243000E+04   1.0040000E+04   1.2133334E-06   1.9012221E-06
   1.5496376E+03   1.0430000E+04   1.0199000E+04   5.5961902E-06   2.9535532E-05
   1.5496451E+03   1.0484000E+04   1.0282000E+04   3.0200585E-05   3.0708306E-05
   1.5496527E+03   1.0420000E+04   1.0227000E+04   7.9923523E-05   8.1389794E-05
   1.5496602E+03   1.0509000E+04   1.0305000E+04   5.5068087E-05   4.7888370E-05
   1.5496677E+03   1.0567000E+04   1.0364000E+04   1.1098131E-05   1.1345745E-05
   1.5496752E+03   1.0644000E+04   1.0448000E+04   3.3415584E-05   3.4041751E-05
   1.5496828E+03   1.0503000E+04   1.0282000E+04   5.8245994E-05   5.9508254E-05
   1.5496903E+03   1.0551000E+04   1.0310000E+04   8.6458693E-06   8.8576187E-06
   1.5496978E+03   1.0573000E+04   1.0396000E+04   3.6210276E-05   3.6788565E-05
   1.5497053E+03   1.0620000E+04   1.0418000E+04   2.6619729E-05   2.4430079E-05
   1.5497129E+03   1.0713000E+04   1.0498000E+04   1.6329187E-05   1.9867323E-05
   1.5497204E+03   1.0596000E+04   1.0390000E+04   3.2969086E-05   4.6250937E-05
   1.5497279E+03   1.0854000E+04   1.0668000E+04   1.4966120E-05   1.5215392E-05
   1.5497355E+03   1.0642000E+04   1.0429000E+04   1.5351201E-05   1.5512146E-05
   1.5497430E+03   1.0755000E+04   1.0545000E+04   3.9617868E-05   4.0405361E-05
   1.5497505E+03   1.0869000E+04   1.0650000E+04   4.8753482E-05   1.3301471E-05
   1.5497580E+03   1.0988000E+04   1.0818000E+04   1.4584493E-05   1.4578548E-05
   1.5497656E+03   1.0947000E+04   1.0746000E+04   1.2328506E-05   1.2586868E-05
   1.5497731E+03   1.0938000E+04   1.0738000E+04   7.6196267E-06   7.7454153E-06
   1.5497806E+03   1.0940000E+04   1.0749000E+04   1.0691206E-05   1.0874534E-05
   1.5497882E+03   1.1156000E+04   1.0969000E+04   1.9650185E-05   9.6663232E-06
   1.5497957E+03   1.1115000E+04   1.0918000E+04   3.1527731E-05   3.1817907E-05
   1.5498032E+03   1.0975000E+04   1.0759000E+04   5.5190658E-05   3.7107343E-05
   1.5498107E+03   1.1091000E+04   1.0900000E+04   2.6166645E-05   2.6637515E-05
   1.5498183E+03   1.1135000E+04   1.0963000E+04   3.8338074E-05   2.2914033E-05
   1.5498258E+03   1.1137000E+04   1.0960000E+04   3.0773136E-05   3.1265873E-05
   1.5498333E+03   1.1007000E+04   1.0815000E+04   2.4942838E-05   1.3999287E-05
   1.5498409E+03   1.1180000E+04   1.0979000E+04   5.0483694E-05   5.1284015E-05
   1.5498484E+03   1.1321000E+04   1.1143000E+04   1.1727637E-05   3.4395489E-05
   1.5498559E+03   1.1266000E+04   1.1071000E+04   2.1609627E-05   2.1947197E-05
   1.5498634E+03   1.1316000E+04   1.1125000E+04   6.1334472E-05   3.3619674E-05
   1.5498710E+03   1.1281000E+04   1.1063000E+04   6.8040917E-05   3.4459540E-05
   1.5498785E+03   1.1439000E+04   1.1234000E+04   7.4865422E-06   2.2696231E-05
   1.5498860E+03   1.1400000E+04   1.1175000E+04   1.2156273E-05   1.2412970E-05
   1.5498936E+03   1.1537000E+04   1.1344000E+04   1.3721192E-05   1.3972727E-05
   1.5499011E+03   1.1561000E+04   1.1358000E+04   2.0977760E-05   2.1271934E-05
   1.5499086E+03   1.1517000E+04   1.1326000E+04   4.3726144E-05   3.8261055E-05
   1.5499161E+03   1.1568000E+04   1.1354000E+04   1.0696716E-05   1.0112727E-05
   1.5499237E+03   1.1672000E+04   1.1473000E+04   1.3775993E-05   3.7853257E-05
   1.5499312E+03   1.1626000E+04   1.1416000E+04   4.0463125E-05   5.0944072E-05
   1.5499387E+03   1.1438000E+04   1.1206000E+04   9.1270615E-06   1.8136912E-05
   1.5499463E+03   1.1587000E+04   1.1394000E+04   2.5986456E-06   1.2292222E-05
   1.5499538E+03   1.1504000E+04   1.1345000E+04   1.1378313E-05   1.8859458E-05
   1.5499613E+03   1.1592000E+04   1.1397000E+04   7.7185648E-05   6.2434807E-05
   1.5499688E+03   1.1806000E+04   1.1589000E+04   3.5157613E-05   3.5751764E-05
   1.5499764E+03   1.1647000E+04   1.1457000E+04   1.0832392E-04   5.8624345E-05
   1.5499839E+03   1.1869000E+04   1.1674000E+04   5.0638304E-05   4.0130754E-05
   1.5499914E+03   1.1928000E+04   1.1712000E+04   4.0196209E-05   3.0084169E-06
   1.5499990E+03   1.1950000E+04   1.1755000E+04   1.2540715E-04   1.0781733E-04
   1.5500065E+03   1.1827000E+04   1.1612000E+04   1.3026233E-04   5.4017975E-05
   1.5500140E+03   1.1906000E+04   1.1714000E+04   2.8185020E-05   5.2678995E-05
   1.5500215E+03   1.2051000E+04   1.1851000E+04   2.7790840E-05   1.0419302E-05
   1.5500291E+03   1.2064000E+04   1.1889000E+04   7.1874333E-05   4.8369968E-05
   1.5500366E+03   1.1994000E+04   1.1789000E+04   3.7635493E-05   3.7832000E-05
   1.5500441E+03   1.2122000E+04   1.1916000E+04   1.7348070E-04   1.8595644E-05
   1.5500517E+03   1.1982000E+04   1.1790000E+04   3.6471539E-05   4.0630228E-05
   1.5500592E+03   1.1937000E+04   1.1724000E+04   1.1551929E-04   8.9629059E-05
   1.5500667E+03   1.2137000E+04   1.1957000E+04   1.3314281E-04   1.8486721E-05
   1.5500742E+03   1.2180000E+04   1.1980000E+04   1.1184061E-04   4.4786316E-05
   1.5500818E+03   1.2322000E+04   1.2125000E+04   4.4853005E-05   5.6474931E-05
   1.5500893E+03   1.2129000E+04   1.1968000E+04   3.2258559E-04   2.0423253E-04
   1.5500968E+03   1.2382000E+04   1.2179000E+04   1.2746766E-04   3.6305221E-05
   1.5501044E+03   1.2205000E+04   1.2033000E+04   3.5279321E-05   6.5758614E-05
   1.5501119E+03   1.2355000E+04   1.2177000E+04   9.6630252E-05   1.1100943E-04
   1.5501194E+03   1.2611000E+04   1.2398000E+04   1.0597424E-04   5.9920451E-05
   1.5501269E+03   1.2334000E+04   1.2145000E+04   8.9953123E-05   3.7649001E-05
   1.5501345E+03   1.2354000E+04   1.2159000E+04   8.3363638E-05   4.0237401E-05
   1.5501420E+03   1.2224000E+04   1.2038000E+04   5.7483305E-05   6.9374717E-05
   1.5501495E+03   1.2527000E+04   1.2338000E+04   1.2041378E-04   8.3474788E-05
   1.5501571E+03   1.2569000E+04   1.2387000E+04   1.2890217E-04   2.6255254E-05
   1.5501646E+03   1.2219000E+04   1.1999000E+04   5.7015334E-05   3.4777318E-05
   1.5501721E+03   1.2476000E+04   1.2270000E+04   1.4710885E-04   1.0598290E-04
   1.5501796E+03   1.2354000E+04   1.2176000E+04   1.3230969E-04   8.4483405E-05
   1.5501872E+03   1.2340000E+04   1.2149000E+04   2.1970959E-04   8.7005594E-05
   1.5501947E+03   1.2665000E+04   1.2449000E+04   1.8003908E-04   7.6085454E-05
   1.5502022E+03   1.2484000E+04   1.2307000E+04   2.4520765E-04   1.2348895E-04
   1.5502097E+03   1.2424000E+04   1.2222000E+04   1.4533584E-04   3.6830189E-05
   1.5502173E+03   1.2260000E+04   1.2077000E+04   1.6910632E-04   1.3585353E-04
   1.5502248E+03   1.2654000E+04   1.2466000E+04   1.0834879E-04   1.4312080E-04
   1.5502323E+03   1.2595000E+04   1.2424000E+04   1.2581923E-04   1.0453912E-04
   1.5502399E+03   1.2424000E+04   1.2228000E+04   2.3237041E-04   2.1575422E-04
   1.5502474E+03   1.2744000E+04   1.2562000E+04   4.6704257E-05   1.2726120E-04
   1.5502549E+03   1.2632000E+04   1.2446000E+04   2.5493983E-04   2.4340587E-04
   1.5502624E+03   1.2825000E+04   1.2658000E+04   7.6260662E-05   9.5687492E-05
   1.5502700E+03   1.2645000E+04   1.2449000E+04   3.6593375E-04   3.0614838E-04
   1.5502775E+03   1.2839000E+04   1.2643000E+04   2.1004831E-04   6.9176087E-05
   1.5502850E+03   1.2840000E+04   1.2657000E+04   3.3311023E-04   1.5160709E-04
   1.5502926E+03   1.2674000E+04   1.2485000E+04   2.0868422E-04   1.2991660E-04
   1.5503001E+03   1.2725000E+04   1.2530000E+04   1.5959286E-04   1.1827083E-04
   1.5503076E+03   1.2884000E+04   1.2700000E+04   1.6522251E-04   1.5640325E-04
   1.5503151E+03   1.2672000E+04   1.2479000E+04   3.2061356E-04   1.7174118E-04
   1.5503227E+03   1.2983000E+04   1.2800000E+04   1.5947326E-04   6.6817360E-05
   1.5503302E+03   1.2694000E+04   1.2522000E+04   4.4847469E-04   3.2109827E-04
   1.5503377E+03   1.2785000E+04   1.2615000E+04   1.4138690E-04   1.6565493E-04
   1.5503453E+03   1.2880000E+04   1.2689000E+04   5.2145312E-04   3.2107673E-04
   1.5503528E+03   1.2980000E+04   1.2782000E+04   1.7045532E-04   7.1007302E-05
   1.5503603E+03   1.2861000E+04   1.2675000E+04   7.3837803E-05   1.3376882E-04
   1.5503678E+03   1.3015000E+04   1.2814000E+04   1.3111316E-04   1.2839452E-04
   1.5503754E+03   1.2911000E+04   1.2777000E+04   1.0723817E-04   2.4033506E-04
   1.5503829E+03   1.2861000E+04   1.2653000E+04   3.4482986E-04   1.7161477E-04
   1.5503904E+03   1.2854000E+04   1.2665000E+04   1.1638948E-04   1.3519642E-04
   1.5503980E+03   1.2807000E+04   1.2617000E+04   2.6113189E-04   1.3915575E-04
   1.5504055E+03   1.2958000E+04   1.2784000E+04   1.6720527E-04   2.9189496E-04
   1.5504130E+03   1.2841000E+04   1.2658000E+04   9.5599349E-05   1.9083575E-04
   1.5504205E+03   1.3111000E+04   1.2924000E+04   4.0873690E-04   8.9104961E-05
   1.5504281E+03   1.2952000E+04   1.2783000E+04   1.7841599E-05   6.6393434E-05
   1.5504356E+03   1.3143000E+04   1.2980000E+04   4.0324452E-04   1.6923134E-04
   1.5504431E+03   1.2940000E+04   1.2740000E+04   2.1662870E-04   1.7970650E-04
   1.5504507E+03   1.3103000E+04   1.2921000E+04   2.1855340E-04   1.2454459E-04
   1.5504582E+03   1.2985000E+04   1.2808000E+04   4.0404595E-04   1.9838579E-04
   1.5504657E+03   1.2874000E+04   1.2725000E+04   1.5728505E-04   1.8087674E-04
   1.5504732E+03   1.3037000E+04   1.2882000E+04   2.6706079E-04   2.4564794E-04
   1.5504808E+03   1.2986000E+04   1.2816000E+04   2.9186044E-04   4.0811914E-04
   1.5504883E+03   1.2842000E+04   1.2665000E+04   3.9867692E-04   3.2631088E-04
   1.5504958E+03   1.3257000E+04   1.3093000E+04   2.0057599E-04   1.3975610E-04
   1.5505034E+03   1.3219000E+04   1.3049000E+04   3.3615586E-04   2.2626532E-04
   1.5505109E+03   1.3234000E+04   1.3048000E+04   4.3862189E-04   1.4068632E-04
   1.5505184E+03   1.3142000E+04   1.2971000E+04   3.0728624E-04   2.5760966E-04
   1.5505259E+03   1.3115000E+04   1.2944000E+04   4.8804354E-04   1.8356178E-04
   1.5505335E+03   1.3182000E+04   1.3021000E+04   1.2331741E-04   1.3544535E-04
   1.5505410E+03   1.3037000E+04   1.2873000E+04   2.2625313E-04   1.3361922E-04
   1.5505485E+03   1.3441000E+04   1.3261000E+04   1.2230562E-04   1.6807182E-04
   1.5505561E+03   1.3187000E+04   1.3003000E+04   4.0342755E-04   2.6402520E-04
   1.5505636E+03   1.3178000E+04   1.3012000E+04   1.5515259E-04   2.3756847E-04
   1.5505711E+03   1.3232000E+04   1.3089000E+04   3.6374843E-04   1.3350608E-04
   1.5505786E+03   1.3157000E+04   1.2974000E+04   4.5077242E-04   1.5420450E-04
   1.5505862E+03   1.3250000E+04   1.3075000E+04   3.2051307E-04   3.4983545E-04
   1.5505937E+03   1.3043000E+04   1.2878000E+04   2.6937763E-04   2.2687398E-04
   1.5506012E+03   1.3036000E+04   1.2895000E+04   6.5452915E-04   5.4090188E-04
   1.5506087E+03   1.3359000E+04   1.3191000E+04   4.3318210E-04   5.0343409E-04
   1.5506163E+03   1.3224000E+04   1.3059000E+04   1.8153753E-04   1.6047497E-05
   1.5506238E+03   1.3246000E+04   1.3087000E+04   2.2321713E-04   2.7309758E-04
   1.5506313E+03   1.3219000E+04   1.3055000E+04   6.1394173E-04   4.8156509E-04
   1.5506389E+03   1.3299000E+04   1.3145000E+04   3.2941171E-04   1.1794879E-04
   1.5506464E+03   1.3191000E+04   1.3001000E+04   6.9496766E-04   4.5274691E-04
   1.5506539E+03   1.3321000E+04   1.3166000E+04   3.2861076E-04   3.5026188E-04
   1.5506614E+03   1.3309000E+04   1.3133000E+04   4.3861776E-04   1.3245854E-04
   1.5506690E+03   1.3094000E+04   1.2957000E+04   1.2338032E-04   6.9927017E-05
   1.5506765E+03   1.3495000E+04   1.3352000E+04   1.8573735E-04   7.0759080E-05
   1.5506840E+03   1.3249000E+04   1.3063000E+04   1.1949080E-04   6.5797748E-05
   1.5506916E+03   1.3321000E+04   1.3167000E+04   1.7000668E-04   1.7801042E-04
   1.5506991E+03   1.3205000E+04   1.3033000E+04   3.3735398E-04   2.2635928E-05
   1.5507066E+03   1.3154000E+04   1.2993000E+04   2.3669649E-04   3.3128548E-04
   1.5507141E+03   1.3275000E+04   1.3134000E+04   3.7287337E-04   3.1150674E-04
   1.5507217E+03   1.3245000E+04   1.3105000E+04   4.8281642E-04   1.5581334E-04
   1.5507292E+03   1.3285000E+04   1.3128000E+04   2.0709140E-04   2.1685444E-04
   1.5507367E+03   1.3428000E+04   1.3284000E+04   6.6909725E-04   4.3537124E-04
   1.5507443E+03   1.3347000E+04   1.3199000E+04   1.9556062E-04   2.7538893E-04
   1.5507518E+03   1.3209000E+04   1.3062000E+04   2.1778721E-04   2.6300864E-04
   1.5507593E+03   1.3441000E+04   1.3282000E+04   2.7861410E-04   3.6604806E-04
   1.5507668E+03   1.3095000E+04   1.2947000E+04   3.4069923E-04   1.8535574E-04
   1.5507744E+03   1.3195000E+04   1.3077000E+04   4.6942445E-04   3.3572100E-04
   1.5507819E+03   1.3223000E+04   1.3070000E+04   3.0698879E-04   2.4860020E-04
   1.5507894E+03   1.3196000E+04   1.3041000E+04   2.9991193E-04   2.0672757E-04
   1.5507970E+03   1.3509000E+04   1.3339000E+04   2.2459465E-04   1.8932594E-04
   1.5508045E+03   1.3240000E+04   1.3112000E+04   1.1719099E-05   1.1113046E-04
   1.5508120E+03   1.3307000E+04   1.3160000E+04   1.5760212E-04   7.1397116E-05
   1.5508195E+03   1.3380000E+04   1.3241000E+04   1.8795936E-04   1.0969850E-04
   1.5508271E+03   1.3296000E+04   1.3157000E+04   1.4859013E-04   1.9819170E-04
   1.5508346E+03   1.3303000E+04   1.3148000E+04   2.8785556E-04   2.7663835E-04
   1.5508421E+03   1.3222000E+04   1.3089000E+04   2.5771891E-04   3.1880380E-04
   1.5508497E+03   1.3452000E+04   1.3287000E+04   2.0295603E-04   1.9308373E-04
   1.5508572E+03   1.3244000E+04   1.3099000E+04   2.1452388E-04   1.1200459E-04
   1.5508647E+03   1.3377000E+04   1.3250000E+04   5.0601761E-04   4.1044229E-04
   1.5508722E+03   1.3187000E+04   1.3040000E+04   1.3974322E-04   1.1301009E-04
   1.5508798E+03   1.3181000E+04   1.3043000E+04   2.4338202E-04   9.6023298E-05
   1.5508873E+03   1.3176000E+04   1.3044000E+04   5.5891967E-05   5.5397853E-05
   1.5508948E+03   1.3204000E+04   1.3067000E+04   2.0781533E-04   1.2368376E-04
   1.5509024E+03   1.3347000E+04   1.3215000E+04   9.4837901E-05   1.8745897E-04
   1.5509099E+03   1.3298000E+04   1.3173000E+04   1.0021385E-04   9.3758188E-05
   1.5509174E+03   1.3260000E+04   1.3124000E+04   2.2990699E-04   2.1544559E-04
   1.5509249E+03   1.3299000E+04   1.3166000E+04   2.9886820E-04   1.8126317E-04
   1.5509325E+03   1.3573000E+04   1.3429000E+04   3.9879011E-05   8.8113640E-05
   1.5509400E+03   1.3334000E+04   1.3209000E+04   1.4124001E-04   2.7040051E-04
   1.5509475E+03   1.3310000E+04   1.3166000E+04   3.9793158E-04   4.0406936E-04
   1.5509551E+03   1.3219000E+04   1.3087000E+04   3.0051171E-04   1.1237122E-04
   1.5509626E+03   1.3152000E+04   1.3035000E+04   2.8820446E-04   3.0782027E-04
   1.5509701E+03   1.3082000E+04   1.2965000E+04   9.2754859E-05   1.2508001E-04
   1.5509776E+03   1.3295000E+04   1.3176000E+04   1.5792866E-04   1.6496895E-04
   1.5509852E+03   1.3262000E+04   1.3120000E+04   1.5804696E-04   1.9327731E-04
   1.5509927E+03   1.3135000E+04   1.2999000E+04   1.1366627E-04   6.6444913E-05
   1.5510002E+03   1.3248000E+04   1.3113000E+04   2.4408804E-04   2.9316538E-04
   1.5510078E+03   1.3338000E+04   1.3211000E+04   5.2979578E-04   4.5959632E-04
   1.5510153E+03   1.3098000E+04   1.2968000E+04   2.3654253E-04   2.6667195E-04
   1.5510228E+03   1.3158000E+04   1.3010000E+04   9.9948292E-05   1.4566329E-04
   1.5510303E+03   1.3282000E+04   1.3142000E+04   3.4370504E-04   2.8253762E-04
   1.5510379E+03   1.3247000E+04   1.3113000E+04   2.5398432E-04   7.5430172E-05
   1.5510454E+03   1.3364000E+04   1.3230000E+04   4.0029810E-04   2.4761719E-04
   1.5510529E+03   1.3273000E+04   1.3144000E+04   1.9426661E-04   2.7196481E-05
   1.5510604E+03   1.3379000E+04   1.3240000E+04   3.2884796E-04   2.5310770E-05
   1.5510680E+03   1.3227000E+04   1.3098000E+04   2.2309885E-05   4.3365976E-05
   1.5510755E+03   1.3255000E+04   1.3115000E+04   4.0377176E-05   1.2153805E-04
   1.5510830E+03   1.3227000E+04   1.3089000E+04   4.1192467E-04   2.8066074E-04
   1.5510906E+03   1.3342000E+04   1.3200000E+04   1.3218731E-04   1.3253340E-04
   1.5510981E+03   1.3057000E+04   1.2946000E+04   1.1862350E-04   7.3731304E-05
   1.5511056E+03   1.3056000E+04   1.2901000E+04   3.1003630E-04   2.0437622E-04
   1.5511131E+03   1.3185000E+04   1.3043000E+04   9.5106687E-05   7.9072094E-05
   1.5511207E+03   1.3118000E+04   1.2997000E+04   1.8142231E-04   8.3273653E-05
   1.5511282E+03   1.3227000E+04   1.3087000E+04   1.3544763E-04   1.7576908E-04
   1.5511357E+03   1.3273000E+04   1.3164000E+04   1.1940902E-04   4.3823692E-05
   1.5511433E+03   1.3246000E+04   1.3116000E+04   1.1160345E-04   1.2055248E-04
   1.5511508E+03   1.3128000E+04   1.2983000E+04   2.0225089E-04   1.5650464E-04
   1.5511583E+03   1.3226000E+04   1.3109000E+04   5.6790434E-05   4.8841662E-05
   1.5511658E+03   1.3218000E+04   1.3097000E+04   2.3391281E-05   7.3656112E-05
   1.5511734E+03   1.3238000E+04   1.3100000E+04   1.6097191E-04   9.5979920E-05
   1.5511809E+03   1.3176000E+04   1.3046000E+04   4.2777350E-05   1.3617317E-04
   1.5511884E+03   1.3286000E+04   1.3145000E+04   6.9219651E-05   1.2362299E-04
   1.5511960E+03   1.3238000E+04   1.3098000E+04   3.9970352E-04   1.3215054E-04
   1.5512035E+03   1.3251000E+04   1.3122000E+04   1.0142404E-04   3.4292869E-05
   1.5512110E+03   1.3172000E+04   1.3061000E+04   1.9184691E-04   1.3519925E-04
   1.5512185E+03   1.2919000E+04   1.2783000E+04   1.7873347E-04   8.6604753E-05
   1.5512261E+03   1.3034000E+04   1.2929000E+04   9.0307428E-05   6.0086709E-05
   1.5512336E+03   1.3101000E+04   1.2957000E+04   1.1619752E-04   9.7895660E-05
   1.5512411E+03   1.3022000E+04   1.2912000E+04   9.2201195E-05   6.4498265E-05
   1.5512487E+03   1.3160000E+04   1.3039000E+04   9.6539537E-05   4.7757886E-05
   1.5512562E+03   1.3083000E+04   1.2952000E+04   1.0216793E-04   9.3789612E-05
   1.5512637E+03   1.2854000E+04   1.2718000E+04   3.2593111E-05   2.9148993E-05
   1.5512712E+03   1.2990000E+04   1.2840000E+04   8.8297987E-05   8.3228294E-05
   1.5512788E+03   1.3018000E+04   1.2863000E+04   7.7281967E-05   5.6749380E-05
   1.5512863E+03   1.3155000E+04   1.2990000E+04   1.3905471E-04   9.0102893E-05
   1.5512938E+03   1.3068000E+04   1.2938000E+04   1.0049759E-04   6.2049636E-05
   1.5513014E+03   1.3074000E+04   1.2937000E+04   9.6242310E-05   7.0672275E-05
   1.5513089E+03   1.2940000E+04   1.2808000E+04   5.4418330E-05   2.9740618E-05
   1.5513164E+03   1.2975000E+04   1.2836000E+04   6.8637206E-05   2.8712615E-05
   1.5513239E+03   1.3161000E+04   1.3021000E+04   1.5989811E-04   6.3205438E-05
   1.5513315E+03   1.3029000E+04   1.2902000E+04   5.4555952E-05   8.8684492E-05
   1.5513390E+03   1.3159000E+04   1.2996000E+04   1.3177572E-04   7.2585635E-05
   1.5513465E+03   1.2932000E+04   1.2792000E+04   3.5840726E-05   1.0131629E-05
   1.5513541E+03   1.2926000E+04   1.2777000E+04   8.3692024E-05   4.1762513E-05
   1.5513616E+03   1.2769000E+04   1.2629000E+04   5.9315224E-05   5.9932945E-05
   1.5513691E+03   1.2962000E+04   1.2833000E+04   2.8202150E-05   3.2448972E-05
   1.5513766E+03   1.2782000E+04   1.2641000E+04   6.7914796E-05   1.6660092E-05
   1.5513842E+03   1.2784000E+04   1.2609000E+04   2.9695346E-05   6.4902701E-06
   1.5513917E+03   1.2758000E+04   1.2626000E+04   2.7255656E-05   2.7384916E-05
   1.5513992E+03   1.2814000E+04   1.2656000E+04   4.8280757E-05   4.8884622E-05
   1.5514068E+03   1.3017000E+04   1.2888000E+04   1.0926686E-05   1.1506176E-05
   1.5514143E+03   1.2791000E+04   1.2651000E+04   4.8398113E-05   4.8907138E-05
   1.5514218E+03   1.2928000E+04   1.2781000E+04   6.9818663E-05   7.0611970E-05
   1.5514293E+03   1.2763000E+04   1.2613000E+04   3.1654527E-05   3.2474666E-05
   1.5514369E+03   1.2817000E+04   1.2654000E+04   3.2154588E-05   3.2657264E-05
   1.5514444E+03   1.2736000E+04   1.2595000E+04   3.8081214E-05   3.8518390E-05
   1.5514519E+03   1.2799000E+04   1.2625000E+04   2.4440247E-05   2.4771245E-05
   1.5514595E+03   1.2888000E+04   1.2728000E+04   9.4704748E-05   9.5919575E-05
   1.5514670E+03   1.2650000E+04   1.2495000E+04   4.3514177E-05   4.4151423E-05
   1.5514745E+03   1.2625000E+04   1.2469000E+04   2.0354936E-05   2.0588665E-05
   1.5514820E+03   1.2740000E+04   1.2567000E+04   3.0617861E-05   3.1069877E-05
   1.5514896E+03   1.2666000E+04   1.2519000E+04   9.3672312E-06   9.4509811E-06
   1.5514971E+03   1.2595000E+04   1.2432000E+04   3.3534267E-05   3.3923653E-05
   1.5515046E+03   1.2782000E+04   1.2649000E+04   1.6820049E-05   1.7010901E-05
   1.5515122E+03   1.2664000E+04   1.2523000E+04   2.0389393E-05   2.0599678E-05
   1.5515197E+03   1.2703000E+04   1.2540000E+04   3.4036804E-06   3.5601462E-06
   1.5515272E+03   1.2678000E+04   1.2515000E+04   1.2666042E-05   1.2945048E-05
   1.5515347E+03   1.2739000E+04   1.2582000E+04   4.6977984E-05   4.7777703E-05
   1.5515423E+03   1.2490000E+04   1.2339000E+04   1.3568051E-05   1.3774713E-05
   1.5515498E+03   1.2524000E+04   1.2376000E+04   1.5676019E-05   1.5899800E-05
   1.5515573E+03   1.2461000E+04   1.2300000E+04   8.3483006E-05   8.4345798E-05
   1.5515648E+03   1.2510000E+04   1.2359000E+04   3.5950964E-05   3.6298411E-05
   1.5515724E+03   1.2263000E+04   1.2107000E+04   2.0238327E-05   2.0425765E-05
   1.5515799E+03   1.2320000E+04   1.2168000E+04   5.0473291E-06   5.0974401E-06
   1.5515874E+03   1.2370000E+04   1.2208000E+04   2.4563801E-05   2.4888628E-05
   1.5515950E+03   1.2406000E+04   1.2256000E+04   2.7643529E-05   2.7933399E-05
   1.5516025E+03   1.2376000E+04   1.2218000E+04   1.0152480E-05   1.0015747E-05
   1.5516100E+03   1.2663000E+04   1.2500000E+04   3.9021808E-05   3.9580130E-05
   1.5516175E+03   1.2561000E+04   1.2401000E+04   1.4907318E-05   1.5248334E-05
   1.5516251E+03   1.2491000E+04   1.2334000E+04   2.2951609E-05   2.3182338E-05
   1.5516326E+03   1.2368000E+04   1.2209000E+04   3.6198275E-05   3.6713156E-05
   1.5516401E+03   1.2281000E+04   1.2091000E+04   2.4585907E-05   2.4917918E-05
   1.5516477E+03   1.2277000E+04   1.2110000E+04   1.6810843E-05   1.6459420E-05
   1.5516552E+03   1.2416000E+04   1.2270000E+04   8.8498296E-06   8.8363626E-06
   1.5516627E+03   1.2238000E+04   1.2065000E+04   5.0646394E-05   5.1366255E-05
   1.5516702E+03   1.2155000E+04   1.1997000E+04   1.5070273E-05   1.5375733E-05
   1.5516778E+03   1.2260000E+04   1.2086000E+04   1.6616932E-05   1.6880440E-05
   1.5516853E+03   1.2504000E+04   1.2322000E+04   6.1937884E-06   6.2190248E-06
   1.5516928E+03   1.2045000E+04   1.1868000E+04   3.7080658E-05   3.7712876E-05
   1.5517004E+03   1.2069000E+04   1.1927000E+04   2.9681882E-05   3.0291310E-05
   1.5517079E+03   1.2064000E+04   1.1897000E+04   1.0261589E-05   1.0383812E-05
   1.5517154E+03   1.2094000E+04   1.1935000E+04   9.1507011E-07   1.2241864E-06
   1.5517229E+03   1.2092000E+04   1.1907000E+04   4.6234901E-05   4.7197803E-05
   1.5517305E+03   1.1981000E+04   1.1812000E+04   1.7561968E-05   1.7590000E-05
   1.5517380E+03   1.2126000E+04   1.1949000E+04   3.6285917E-05   3.6692793E-05
   1.5517455E+03   1.1931000E+04   1.1769000E+04   3.1445918E-05   3.1868243E-05
   1.5517531E+03   1.2009000E+04   1.1844000E+04   4.1653355E-05   4.2279886E-05
   1.5517606E+03   1.1771000E+04   1.1602000E+04   5.0140731E-05   5.0892630E-05
   1.5517681E+03   1.1962000E+04   1.1784000E+04   3.6483366E-05   3.7629312E-05
   1.5517756E+03   1.2009000E+04   1.1811000E+04   1.9067329E-05   1.9283810E-05
   1.5517832E+03   1.1713000E+04   1.1527000E+04   3.0535717E-05   3.0556171E-05
   1.5517907E+03   1.1947000E+04   1.1779000E+04   1.1893125E-05   1.2115223E-05
   1.5517982E+03   1.1812000E+04   1.1652000E+04   8.6009918E-05   8.7434021E-05
   1.5518058E+03   1.1765000E+04   1.1583000E+04   9.7501215E-06   9.8938476E-06
   1.5518133E+03   1.1761000E+04   1.1575000E+04   3.3888189E-05   3.4555401E-05
   1.5518208E+03   1.1877000E+04   1.1693000E+04   2.1786447E-06   2.2587306E-06
   1.5518283E+03   1.1793000E+04   1.1618000E+04   3.0300048E-05   3.0756897E-05
   1.5518359E+03   1.1782000E+04   1.1562000E+04   1.0974004E-05   1.0111490E-05
   1.5518434E+03   1.1626000E+04   1.1430000E+04   2.8381241E-05   2.8897122E-05
   1.5518509E+03   1.1618000E+04   1.1443000E+04   1.7739496E-05   1.7716237E-05
   1.5518585E+03   1.1660000E+04   1.1496000E+04   7.2887491E-05   7.3932811E-05
   1.5518660E+03   1.1562000E+04   1.1368000E+04   1.8363678E-05   1.8658278E-05
   1.5518735E+03   1.1736000E+04   1.1547000E+04   3.7598545E-05   3.7450106E-05
   1.5518810E+03   1.1600000E+04   1.1425000E+04   4.2770647E-05   4.3243362E-05
   1.5518886E+03   1.1754000E+04   1.1584000E+04   4.2418238E-06   4.1502546E-06
   1.5518961E+03   1.1524000E+04   1.1362000E+04   1.9282195E-05   1.7252138E-05
   1.5519036E+03   1.1397000E+04   1.1235000E+04   1.8030348E-05   1.8306885E-05
   1.5519112E+03   1.1409000E+04   1.1222000E+04   1.9349170E-05   1.9674253E-05
   1.5519187E+03   1.1361000E+04   1.1182000E+04   8.0842553E-05   8.2157654E-05
   1.5519262E+03   1.1082000E+04   1.0863000E+04   2.1501170E-05   2.1982708E-05
   1.5519337E+03   1.1278000E+04   1.1109000E+04   2.2162277E-05   2.1311405E-05
   1.5519413E+03   1.1509000E+04   1.1309000E+04   1.9855943E-05   2.0227200E-05
   1.5519488E+03   1.1314000E+04   1.1136000E+04   6.6233827E-05   6.7368615E-05
   1.5519563E+03   1.1287000E+04   1.1100000E+04   1.8964757E-05   1.9132848E-05
   1.5519638E+03   1.1203000E+04   1.1006000E+04   2.1165445E-05   2.1607875E-05
   1.5519714E+03   1.1383000E+04   1.1205000E+04   4.2248669E-05   4.2926755E-05
   1.5519789E+03   1.1406000E+04   1.1216000E+04   1.4396140E-05   1.3917029E-05
   1.5519864E+03   1.1328000E+04   1.1124000E+04   1.7824752E-05   1.8507955E-05
   1.5519940E+03   1.1229000E+04   1.1065000E+04   1.2371708E-04   1.2556120E-04
   1.5520015E+03   1.1183000E+04   1.0984000E+04   5.6861585E-05   5.7585771E-05
   1.5520090E+03   1.0940000E+04   1.0767000E+04   1.8206593E-05   1.8616129E-05
   1.5520165E+03   1.0990000E+04   1.0809000E+04   7.5548505E-05   7.6815531E-05
   1.5520241E+03   1.1030000E+04   1.0843000E+04   2.1015447E-05   2.1274284E-05
   1.5520316E+03   1.1083000E+04   1.0911000E+04   6.0779714E-06   6.3252328E-06
   1.5520391E+03   1.1050000E+04   1.0856000E+04   1.6843603E-05   1.7056550E-05
   1.5520467E+03   1.0796000E+04   1.0617000E+04   4.8110828E-05   4.8738513E-05
   1.5520542E+03   1.0721000E+04   1.0539000E+04   3.0228022E-05   3.0827215E-05
   1.5520617E+03   1.0851000E+04   1.0624000E+04   3.4804117E-05   3.5578944E-05
   1.5520692E+03   1.0916000E+04   1.0733000E+04   1.8629430E-05   1.9023887E-05
   1.5520768E+03   1.0533000E+04   1.0354000E+04   3.7956155E-05   3.8588992E-05
   1.5520843E+03   1.0744000E+04   1.0564000E+04   1.6892810E-05   1.7159718E-05
   1.5520918E+03   1.0653000E+04   1.0486000E+04   3.4865981E-05   3.5433362E-05
   1.5520994E+03   1.0485000E+04   1.0320000E+04   2.0267816E-05   2.0409887E-05
   1.5521069E+03   1.0601000E+04   1.0429000E+04   2.5273358E-05   3.3822678E-05
   1.5521144E+03   1.0664000E+04   1.0503000E+04   1.5401693E-05   1.5489677E-05
   1.5521219E+03   1.0560000E+04   1.0375000E+04   4.8858299E-05   5.0039086E-05
   1.5521295E+03   1.0318000E+04   1.0127000E+04   6.7042387E-05   6.8430906E-05
   1.5521370E+03   1.0567000E+04   1.0385000E+04   8.7851277E-06   9.3442798E-06
   1.5521445E+03   1.0485000E+04   1.0300000E+04   4.0115536E-06   3.8830002E-06
   1.5521521E+03   1.0279000E+04   1.0065000E+04   2.8123554E-05   2.8411362E-05
   1.5521596E+03   1.0380000E+04   1.0201000E+04   1.4842159E-05   1.5150666E-05
   1.5521671E+03   1.0209000E+04   1.0023000E+04   4.9011418E-05   4.9914036E-05
   1.5521746E+03   1.0245000E+04   1.0079000E+04   4.4026098E-05   4.4848187E-05
   1.5521822E+03   1.0236000E+04   1.0042000E+04   8.0119026E-05   8.1688178E-05
   1.5521897E+03   1.0221000E+04   1.0035000E+04   1.5284719E-04   1.5565446E-04
   1.5521972E+03   1.0285000E+04   1.0091000E+04   5.4702624E-05   5.5875046E-05
   1.5522048E+03   1.0080000E+04   9.8880000E+03   6.9045245E-06   7.0810516E-06
   1.5522123E+03   1.0319000E+04   1.0142000E+04   1.4233170E-05   1.4479800E-05
   1.5522198E+03   9.9280000E+03   9.7570000E+03   3.2511117E-05   3.3102267E-05
   1.5522273E+03   9.9810000E+03   9.7980000E+03   1.9738585E-05   2.0138542E-05
   1.5522349E+03   9.9920000E+03   9.8060000E+03   1.4900426E-05   1.3342786E-05
   1.5522424E+03   9.9900000E+03   9.7980000E+03   1.5904047E-05   1.6361796E-05
   1.5522499E+03   9.9400000E+03   9.7550000E+03   6.2918966E-05   6.4074915E-05
   1.5522575E+03   9.8200000E+03   9.6400000E+03   3.9517230E-05   4.0381413E-05
   1.5522650E+03   9.7550000E+03   9.5770000E+03   1.6458879E-05   1.6775731E-05
   1.5522725E+03   9.7540000E+03   9.5540000E+03   6.5114365E-05   6.6465729E-05
   1.5522800E+03   9.6690000E+03   9.5140000E+03   5.5327279E-05   5.6195854E-05
   1.5522876E+03   9.6940000E+03   9.4990000E+03   6.7312352E-06   6.8881695E-06
   1.5522951E+03   9.5710000E+03   9.3980000E+03   2.1531690E-05   2.1333220E-05
   1.5523026E+03   9.6880000E+03   9.5080000E+03   4.6692077E-05   4.7554236E-05
   1.5523102E+03   9.5460000E+03   9.3830000E+03   3.1235946E-05   3.1801951E-05
   1.5523177E+03   9.4930000E+03   9.3120000E+03   4.7070461E-05   4.8017287E-05
   1.5523252E+03   9.5220000E+03   9.3530000E+03   1.7229674E-05   1.7255576E-05
   1.5523327E+03   9.2650000E+03   9.0680000E+03   3.3823337E-05   3.4543150E-05
   1.5523403E+03   9.5580000E+03   9.3500000E+03   4.1290400E-05   4.2417271E-05
   1.5523478E+03   9.4970000E+03   9.3180000E+03   4.7156029E-05   4.8198689E-05
   1.5523553E+03   9.2860000E+03   9.0940000E+03   1.6780224E-05   1.7194326E-05
   1.5523629E+03   9.3410000E+03   9.1650000E+03   1.0264261E-05   1.0541922E-05
   1.5523704E+03   9.3310000E+03   9.1370000E+03   7.4708849E-05   7.6268788E-05
   1.5523779E+03   9.1490000E+03   8.9760000E+03   8.3960141E-05   8.5569842E-05
   1.5523854E+03   9.1080000E+03   8.9270000E+03   1.1024305E-05   1.1168281E-05
   1.5523930E+03   9.1030000E+03   8.9520000E+03   5.4990486E-05   5.5902603E-05
   1.5524005E+03   9.1830000E+03   8.9910000E+03   3.1670892E-05   3.1687422E-05
   1.5524080E+03   9.1030000E+03   8.9500000E+03   1.0766497E-05   1.2503776E-05
   1.5524155E+03   8.9190000E+03   8.7700000E+03   1.7654796E-05   1.7744460E-05
   1.5524231E+03   9.0380000E+03   8.8480000E+03   1.6170825E-05   1.6464707E-05
   1.5524306E+03   8.8560000E+03   8.6770000E+03   9.8320192E-06   9.6233953E-06
   1.5524381E+03   8.8830000E+03   8.7080000E+03   9.8043165E-05   9.9976523E-05
   1.5524457E+03   8.9060000E+03   8.7300000E+03   6.4677635E-05   6.5914847E-05
   1.5524532E+03   8.8560000E+03   8.6940000E+03   4.4940002E-05   4.5810847E-05
   1.5524607E+03   8.8290000E+03   8.6400000E+03   5.8263975E-05   5.9749509E-05
   1.5524682E+03   8.6920000E+03   8.5290000E+03   1.3890445E-04   1.4648392E-04
   1.5524758E+03   8.7990000E+03   8.6270000E+03   3.4951104E-05   3.6420238E-05
   1.5524833E+03   8.5690000E+03   8.3920000E+03   1.5654954E-05   1.5703184E-05
   1.5524908E+03   8.5460000E+03   8.3950000E+03   1.7861966E-05   1.8130304E-05
   1.5524984E+03   8.3830000E+03   8.2110000E+03   5.5582858E-05   5.6475706E-05
   1.5525059E+03   8.6040000E+03   8.4400000E+03   3.6601160E-05   3.7338090E-05
   1.5525134E+03   8.5450000E+03   8.3560000E+03   1.0684810E-04   1.0928764E-04
   1.5525209E+03   8.4340000E+03   8.2630000E+03   6.3055593E-05   6.4298915E-05
   1.5525285E+03   8.3810000E+03   8.1910000E+03   5.2475505E-05   5.3831732E-05
   1.5525360E+03   8.5690000E+03   8.4030000E+03   8.2476183E-05   8.4114728E-05
   1.5525435E+03   8.2900000E+03   8.1170000E+03   6.4496674E-06   6.3651189E-06
   1.5525511E+03   8.2060000E+03   8.0090000E+03   8.5308397E-06   8.7148837E-06
   1.5525586E+03   8.1140000E+03   7.9460000E+03   2.3470162E-05   2.3943979E-05
   1.5525661E+03   8.1220000E+03   7.9530000E+03   2.8775272E-05   1.4821270E-05
   1.5525736E+03   8.2010000E+03   8.0250000E+03   3.1809820E-05   3.2505853E-05
   1.5525812E+03   8.0300000E+03   7.8670000E+03   7.2410858E-05   7.5903114E-05
   1.5525887E+03   8.1200000E+03   7.9660000E+03   1.2086721E-04   1.2306012E-04
   1.5525962E+03   8.0240000E+03   7.8490000E+03   1.0284648E-05   1.0495363E-05
   1.5526038E+03   7.8990000E+03   7.7510000E+03   5.2502156E-05   5.3448761E-05
   1.5526113E+03   7.7830000E+03   7.6290000E+03   4.9883306E-05   5.0901393E-05
   1.5526188E+03   7.8260000E+03   7.6450000E+03   2.9399043E-05   3.0080056E-05
   1.5526263E+03   7.7170000E+03   7.5440000E+03   4.9906341E-05   5.1279814E-05
   1.5526339E+03   7.7900000E+03   7.6220000E+03   2.3388963E-05   2.3709917E-05
   1.5526414E+03   7.7610000E+03   7.5580000E+03   1.7835350E-05   1.8344126E-05
   1.5526489E+03   7.6160000E+03   7.4670000E+03   4.9377358E-05   5.0256063E-05
   1.5526565E+03   7.6930000E+03   7.5040000E+03   2.2517049E-05   2.1274770E-05
   1.5526640E+03   7.5090000E+03   7.3430000E+03   5.3958325E-06   5.4332313E-06
   1.5526715E+03   7.4300000E+03   7.2600000E+03   3.8822663E-05   3.9978174E-05
   1.5526790E+03   7.6370000E+03   7.4640000E+03   4.2966521E-05   4.4054412E-05
   1.5526866E+03   7.5600000E+03   7.3920000E+03   1.8554155E-05   1.8894244E-05
   1.5526941E+03   7.3850000E+03   7.2260000E+03   8.7428372E-05   8.9502133E-05
   1.5527016E+03   7.2690000E+03   7.1040000E+03   1.5649300E-05   1.5995198E-05
   1.5527092E+03   7.2370000E+03   7.0910000E+03   1.1949015E-05   1.2196880E-05
   1.5527167E+03   7.1940000E+03   7.0500000E+03   2.7103044E-05   2.8470713E-05
   1.5527242E+03   7.1910000E+03   7.0130000E+03   7.0087178E-05   7.2244944E-05
   1.5527317E+03   7.0740000E+03   6.9200000E+03   6.0239993E-05   6.1319311E-05
   1.5527393E+03   7.0880000E+03   6.9570000E+03   5.4180399E-05   5.5289980E-05
   1.5527468E+03   7.0900000E+03   6.9270000E+03   1.3670299E-05   1.4006729E-05
   1.5527543E+03   7.0600000E+03   6.8940000E+03   2.2602165E-05   2.3151149E-05
   1.5527619E+03   6.8500000E+03   6.6810000E+03   1.1688168E-05   1.0896717E-05
   1.5527694E+03   6.9190000E+03   6.7530000E+03   1.2448686E-05   1.3495238E-05
   1.5527769E+03   6.7720000E+03   6.6200000E+03   1.4271110E-05   1.2087026E-05
   1.5527844E+03   6.7870000E+03   6.6290000E+03   5.5002628E-05   5.6250777E-05
   1.5527920E+03   7.0000000E+03   6.8390000E+03   7.1272604E-05   7.2984556E-05
   1.5527995E+03   6.7100000E+03   6.5550000E+03   2.7861757E-05   2.8486659E-05
   1.5528070E+03   6.7940000E+03   6.6350000E+03   4.6711451E-05   4.5509883E-05
   1.5528146E+03   6.5520000E+03   6.4160000E+03   7.9921380E-05   8.1502174E-05
   1.5528221E+03   6.5110000E+03   6.3710000E+03   9.0223922E-05   9.2192519E-05
   1.5528296E+03   6.6550000E+03   6.4950000E+03   1.3352643E-05   1.3406656E-05
   1.5528371E+03   6.5390000E+03   6.3800000E+03   5.2595822E-05   5.3861253E-05
   1.5528447E+03   6.7200000E+03   6.5530000E+03   6.1178849E-05   6.2760206E-05
   1.5528522E+03   6.4050000E+03   6.2540000E+03   7.5678851E-05   7.7492177E-05
   1.5528597E+03   6.4770000E+03   6.3210000E+03   4.8329916E-05   4.9525984E-05
   1.5528673E+03   6.3860000E+03   6.2440000E+03   6.1144636E-05   6.2530305E-05
   1.5528748E+03   6.3510000E+03   6.1730000E+03   1.1744443E-04   1.2072316E-04
   1.5528823E+03   6.1160000E+03   5.9720000E+03   3.3001624E-05   3.3871826E-05
   1.5528898E+03   6.2570000E+03   6.1100000E+03   5.5474806E-06   5.6106473E-06
   1.5528974E+03   6.2250000E+03   6.0660000E+03   5.6813569E-05   6.0444211E-05
   1.5529049E+03   6.1250000E+03   5.9840000E+03   4.1217462E-05   4.2494692E-05
   1.5529124E+03   6.0410000E+03   5.9060000E+03   2.5465242E-05   2.5950859E-05
   1.5529199E+03   5.9650000E+03   5.8150000E+03   7.1740335E-05   7.3606176E-05
   1.5529275E+03   5.8350000E+03   5.6960000E+03   1.4394447E-05   1.4570567E-05
   1.5529350E+03   5.9500000E+03   5.8050000E+03   1.2038666E-04   1.2371135E-04
   1.5529425E+03   5.9380000E+03   5.8050000E+03   2.9995777E-05   3.0628777E-05
   1.5529501E+03   5.8970000E+03   5.7410000E+03   1.3178544E-04   1.3542296E-04
   1.5529576E+03   5.9300000E+03   5.7750000E+03   4.5897478E-05   4.7024073E-05
   1.5529651E+03   5.8370000E+03   5.7030000E+03   1.3078319E-04   1.3415268E-04
   1.5529726E+03   5.6960000E+03   5.5570000E+03   1.4894667E-04   1.5258689E-04
   1.5529802E+03   5.7850000E+03   5.6290000E+03   4.2077162E-05   4.3197116E-05
   1.5529877E+03   5.5820000E+03   5.4200000E+03   9.5321780E-05   9.8343166E-05
   1.5529952E+03   5.6140000E+03   5.4780000E+03   7.5489427E-06   7.4132351E-06
   1.5530028E+03   5.3850000E+03   5.2370000E+03   6.4254352E-05   6.6180691E-05
   1.5530103E+03   5.5190000E+03   5.3540000E+03   4.6789075E-05   4.8116418E-05
   1.5530178E+03   5.4380000E+03   5.2890000E+03   8.6151061E-05   8.8472027E-05
   1.5530253E+03   5.3450000E+03   5.2140000E+03   8.1029216E-05   8.3191017E-05
   1.5530329E+03   5.3190000E+03   5.1590000E+03   2.7895843E-05   2.8811101E-05
   1.5530404E+03   5.3510000E+03   5.1830000E+03   9.3551394E-05   9.6821419E-05
   1.5530479E+03   5.2800000E+03   5.1600000E+03   1.6813272E-05   1.6999151E-05
   1.5530555E+03   5.2090000E+03   5.0400000E+03   6.1693940E-05   6.3807103E-05
   1.5530630E+03   5.0280000E+03   4.8860000E+03   1.1308050E-05   1.1729281E-05
   1.5530705E+03   5.1260000E+03   4.9750000E+03   1.5829394E-05   1.6312155E-05
   1.5530780E+03   5.1460000E+03   5.0280000E+03   9.5392566E-05   9.7606561E-05
   1.5530856E+03   5.1430000E+03   5.0010000E+03   3.9557945E-05   4.0852415E-05
   1.5530931E+03   5.0180000E+03   4.8910000E+03   2.2001558E-05   2.2398506E-05
   1.5531006E+03   5.0800000E+03   4.9420000E+03   2.0285648E-05   1.0632732E-05
   1.5531082E+03   5.0070000E+03   4.8700000E+03   1.7727504E-04   1.8232270E-04
   1.5531157E+03   4.7780000E+03   4.6330000E+03   1.7206055E-04   1.7738809E-04
   1.5531232E+03   4.8360000E+03   4.7080000E+03   1.6101654E-05   1.6270015E-05
   1.5531307E+03   4.8110000E+03   4.6800000E+03   5.2810085E-05   5.4338991E-05
   1.5531383E+03   4.7870000E+03   4.6610000E+03   5.6115508E-05   5.8010624E-05
   1.5531458E+03   4.6060000E+03   4.4820000E+03   2.1695875E-05   2.2222952E-05
   1.5531533E+03   4.7000000E+03   4.5740000E+03   5.3797762E-05   5.9845937E-05
   1.5531609E+03   4.5540000E+03   4.4220000E+03   3.0745165E-05   3.1819883E-05
   1.5531684E+03   4.6090000E+03   4.4880000E+03   5.8107279E-05   6.4187689E-05
   1.5531759E+03   4.5770000E+03   4.4370000E+03   8.6065652E-05   9.1884298E-05
   1.5531834E+03   4.4830000E+03   4.3490000E+03   1.2343429E-04   1.2723015E-04
   1.5531910E+03   4.4530000E+03   4.3100000E+03   7.1187301E-05   7.1939593E-05
   1.5531985E+03   4.3360000E+03   4.2090000E+03   4.4789756E-05   4.6222352E-05
   1.5532060E+03   4.3940000E+03   4.2540000E+03   1.5286007E-04   1.5815314E-04
   1.5532136E+03   4.1840000E+03   4.0630000E+03   2.1558715E-04   2.2202106E-04
   1.5532211E+03   4.2320000E+03   4.1040000E+03   1.4057534E-05   1.4488892E-05
   1.5532286E+03   4.1400000E+03   3.9980000E+03   1.4223777E-05   1.1100366E-05
   1.5532361E+03   4.1820000E+03   4.0540000E+03   2.7731762E-05   2.7504574E-05
   1.5532437E+03   4.1650000E+03   4.0250000E+03   3.6335436E-05   3.7421901E-05
   1.5532512E+03   4.0710000E+03   3.9490000E+03   2.3645262E-05   2.4464503E-05
   1.5532587E+03   3.9750000E+03   3.8530000E+03   8.4344111E-05   8.7023167E-05
   1.5532663E+03   3.9340000E+03   3.8140000E+03   6.8968874E-05   7.1112833E-05
   1.5532738E+03   3.9520000E+03   3.8240000E+03   2.7955726E-05   2.9600273E-05
   1.5532813E+03   3.8320000E+03   3.7090000E+03   1.9590164E-04   2.0238554E-04
   1.5532888E+03   3.7720000E+03   3.6470000E+03   5.4713654E-05   5.6582108E-05
   1.5532964E+03   3.7160000E+03   3.5810000E+03   2.0933687E-06   2.0833267E-06
   1.5533039E+03   3.7460000E+03   3.6300000E+03   4.1731733E-04   4.3069015E-04
   1.5533114E+03   3.6670000E+03   3.5520000E+03   1.6800277E-04   1.7348276E-04
   1.5533189E+03   3.6470000E+03   3.5120000E+03   6.1030737E-05   6.3313989E-05
   1.5533265E+03   3.6100000E+03   3.4890000E+03   4.0170155E-05   4.1358040E-05
   1.5533340E+03   3.5470000E+03   3.4240000E+03   1.8490476E-04   1.9191820E-04
   1.5533415E+03   3.4980000E+03   3.3810000E+03   8.9172688E-05   9.1983266E-05
   1.5533491E+03   3.4040000E+03   3.2780000E+03   1.2329718E-05   1.2756523E-05
   1.5533566E+03   3.5090000E+03   3.3790000E+03   1.4157573E-04   1.4692466E-04
   1.5533641E+03   3.4090000E+03   3.2740000E+03   1.3761415E-05   1.4328099E-05
   1.5533716E+03   3.3600000E+03   3.2450000E+03   2.3293611E-04   1.8877536E-04
   1.5533792E+03   3.2160000E+03   3.0910000E+03   2.2182644E-04   2.3108528E-04
   1.5533867E+03   3.3470000E+03   3.2230000E+03   8.1425526E-05   8.4479379E-05
   1.5533942E+03   3.1950000E+03   3.0800000E+03   1.1717088E-04   1.2151318E-04
   1.5534018E+03   3.1730000E+03   3.0700000E+03   2.6970405E-04   2.8116643E-04
   1.5534093E+03   3.1190000E+03   2.9910000E+03   4.4353990E-05   4.6400617E-05
   1.5534168E+03   3.0580000E+03   2.9550000E+03   1.9730240E-04   2.0365926E-04
   1.5534243E+03   3.1100000E+03   3.0040000E+03   3.2131649E-05   3.3229117E-05
   1.5534319E+03   3.0770000E+03   2.9640000E+03   3.3952508E-04   3.4781328E-04
   1.5534394E+03   2.9930000E+03   2.8650000E+03   1.6978246E-05   1.9670166E-05
   1.5534469E+03   2.9160000E+03   2.8040000E+03   6.5030384E-05   5.6473974E-05
   1.5534545E+03   2.7570000E+03   2.6510000E+03   1.0449875E-04   1.0876132E-04
   1.5534620E+03   2.8180000E+03   2.6940000E+03   3.7340562E-05   3.9399009E-05
   1.5534695E+03   2.9580000E+03   2.8450000E+03   6.8919607E-05   7.1706537E-05
   1.5534770E+03   2.7900000E+03   2.6680000E+03   9.8455736E-05   9.0668998E-05
   1.5534846E+03   2.7100000E+03   2.6080000E+03   2.0940696E-04   2.1756867E-04
   1.5534921E+03   2.7050000E+03   2.5970000E+03   7.5554671E-06   7.5423175E-06
   1.5534996E+03   2.5970000E+03   2.4940000E+03   2.9844033E-05   3.1369152E-05
   1.5535072E+03   2.6280000E+03   2.5300000E+03   2.6120298E-04   2.7110743E-04
   1.5535147E+03   2.5860000E+03   2.4830000E+03   2.1848098E-04   2.2746935E-04
   1.5535222E+03   2.5660000E+03   2.4540000E+03   2.0027949E-04   2.0936076E-04
   1.5535297E+03   2.4050000E+03   2.2990000E+03   2.8931638E-05   3.0143227E-05
   1.5535373E+03   2.4330000E+03   2.3240000E+03   2.5681089E-06   2.7626994E-06
   1.5535448E+03   2.3810000E+03   2.2660000E+03   3.2593316E-06   3.2012832E-06
   1.5535523E+03   2.2970000E+03   2.1980000E+03   1.1941684E-05   1.2779318E-05
   1.5535599E+03   2.2300000E+03   2.1550000E+03   1.4687553E-06   1.3762805E-06
   1.5535674E+03   2.2590000E+03   2.1630000E+03   2.2216290E-04   2.3193026E-04
   1.5535749E+03   2.2970000E+03   2.1910000E+03   1.0899263E-04   1.1412081E-04
   1.5535824E+03   2.2000000E+03   2.1080000E+03   4.2119631E-05   4.3958316E-05
   1.5535900E+03   2.1540000E+03   2.0600000E+03   3.6217624E-05   3.7853250E-05
   1.5535975E+03   2.1070000E+03   2.0180000E+03   6.2361147E-05   6.5088566E-05
   1.5536050E+03   2.0590000E+03   1.9550000E+03   8.4792673E-05   8.9151125E-05
   1.5536126E+03   1.9630000E+03   1.8720000E+03   7.6760093E-05   8.0094646E-05
   1.5536201E+03   1.9660000E+03   1.8790000E+03   1.3170397E-04   1.3785164E-04
   1.5536276E+03   1.8720000E+03   1.7860000E+03   3.7697931E-04   3.9521707E-04
   1.5536351E+03   1.9260000E+03   1.8320000E+03   1.3176122E-04   1.3847967E-04
   1.5536427E+03   1.8120000E+03   1.7130000E+03   3.9585393E-04   4.1892374E-04
   1.5536502E+03   1.8810000E+03   1.8020000E+03   1.1843917E-05   1.2583158E-05
   1.5536577E+03   1.8030000E+03   1.6930000E+03   1.2101293E-04   1.3075583E-04
   1.5536653E+03   1.7110000E+03   1.6240000E+03   3.8429544E-06   3.9680702E-06
   1.5536728E+03   1.7000000E+03   1.6180000E+03   1.9160637E-04   2.0891813E-04
   1.5536803E+03   1.6580000E+03   1.5690000E+03   9.0292133E-05   9.5582137E-05
   1.5536878E+03   1.6680000E+03   1.5730000E+03   2.8418688E-06   3.1276206E-06
   1.5536954E+03   1.5750000E+03   1.4970000E+03   3.6717402E-06   4.2662806E-06
   1.5537029E+03   1.5290000E+03   1.4520000E+03   2.1453162E-05   2.2685619E-05
   1.5537104E+03   1.5620000E+03   1.4670000E+03   3.2939265E-05   3.4619092E-05
   1.5537180E+03   1.4380000E+03   1.3460000E+03   2.2460989E-04   2.4020354E-04
   1.5537255E+03   1.4410000E+03   1.3450000E+03   1.1409627E-03   1.2225144E-03
   1.5537330E+03   1.4370000E+03   1.3390000E+03   8.1934346E-05   8.9166002E-05
   1.5537405E+03   1.3430000E+03   1.2500000E+03   4.9744436E-04   5.3430533E-04
   1.5537481E+03   1.2870000E+03   1.2010000E+03   2.3917567E-04   2.5636914E-04
   1.5537556E+03   1.2990000E+03   1.2170000E+03   1.6454405E-04   1.7554616E-04
   1.5537631E+03   1.1980000E+03   1.1190000E+03   7.4013864E-04   7.9245786E-04
   1.5537706E+03   1.1710000E+03   1.0840000E+03   7.3573410E-05   7.9480812E-05
   1.5537782E+03   1.1700000E+03   1.0900000E+03   2.0944072E-04   2.2452993E-04
   1.5537857E+03   1.1320000E+03   1.0420000E+03   1.8037478E-04   1.9570653E-04
   1.5537932E+03   1.0950000E+03   1.0230000E+03   1.4693777E-04   1.5749016E-04
   1.5538008E+03   1.0940000E+03   1.0110000E+03   3.3816072E-06   4.0327456E-06
   1.5538083E+03   1.0000000E+03   9.2100000E+02   2.7146063E-04   2.9444421E-04
   1.5538158E+03   9.4600000E+02   8.7000000E+02   2.2745650E-04   2.4709046E-04
   1.5538233E+03   9.6800000E+02   8.8400000E+02   8.5781666E-04   9.3927243E-04
   1.5538309E+03   9.2600000E+02   8.4000000E+02   8.3598800E-04   9.1378480E-04
   1.5538384E+03   9.1100000E+02   8.2100000E+02   3.2878122E-04   3.6445240E-04
   1.5538459E+03   8.2300000E+02   7.4400000E+02   1.6074175E-04   1.7816141E-04
   1.5538535E+03   8.2000000E+02   7.3800000E+02   1.7111005E-06   1.4817132E-07
   1.5538610E+03   8.1200000E+02   7.3500000E+02   4.3113307E-04   4.7669554E-04
   1.5538685E+03   7.1800000E+02   6.4600000E+02   2.0873132E-04   2.3266231E-04
   1.5538760E+03   7.3300000E+02   6.5600000E+02   2.0001879E-04   2.2633059E-04
   1.5538836E+03   6.6400000E+02   5.8300000E+02   4.0537607E-04   4.6067912E-04
   1.5538911E+03   5.7000000E+02   4.9700000E+02   2.4721476E-06   2.8865513E-06
   1.5538986E+03   5.8700000E+02   5.1800000E+02   1.2221259E-04   1.3795457E-04
   1.5539062E+03   5.7300000E+02   5.0900000E+02   9.8404710E-04   1.1108463E-03
   1.5539137E+03   5.1800000E+02   4.6800000E+02   3.0877197E-04   3.4152982E-04
   1.5539212E+03   4.8200000E+02   4.5100000E+02   8.9060050E-04   9.5178332E-04
   1.5539287E+03   4.7800000E+02   4.3000000E+02   2.9623307E-06   2.3575893E-07
   1.5539363E+03   4.6000000E+02   4.2200000E+02   5.4859206E-04   5.9793757E-04
   1.5539438E+03   4.6000000E+02   4.2900000E+02   8.8365622E-07   4.8333036E-08
   1.5539513E+03   4.3800000E+02   4.1000000E+02   1.1471251E-07   6.8647148E-08
   1.5539589E+03   4.3000000E+02   4.1200000E+02   6.5986724E-05   7.0570211E-05
   1.5539664E+03   3.8300000E+02   3.6600000E+02   1.0211953E-03   1.0685675E-03
   1.5539739E+03   4.0500000E+02   3.7000000E+02   9.5840094E-04   1.0490763E-03
   1.5539814E+03   4.2000000E+02   3.9900000E+02   8.0123504E-04   8.4341435E-04
   1.5539890E+03   3.8800000E+02   3.7900000E+02   1.0782066E-07   0.0000000E+00
   1.5539965E+03   3.7200000E+02   3.5500000E+02   3.0960963E-08   5.8368730E-08
   1.5540040E+03   3.6900000E+02   3.4500000E+02   4.3040979E-04   4.6036973E-04
   1.5540116E+03   3.2400000E+02   3.0700000E+02   5.0750801E-04   5.3561106E-04
   1.5540191E+03   3.4000000E+02   3.2700000E+02   0.0000000E+00   0.0000000E+00
   1.5540266E+03   2.9300000E+02   2.8000000E+02   8.3150468E-04   8.7011025E-04
   1.5540341E+03   3.3500000E+02   3.2000000E+02   1.8020737E-03   1.8865459E-03
   1.5540417E+03   3.0400000E+02   2.8700000E+02   6.9537960E-04   7.3656933E-04
   1.5540492E+03   2.9500000E+02   2.7900000E+02   0.0000000E+00   0.0000000E+00
   1.5540567E+03   3.2000000E+02   3.0000000E+02   2.1082322E-03   2.2487810E-03
   1.5540643E+03   2.8500000E+02   2.7200000E+02   7.0550827E-04   7.3922741E-04
   1.5540718E+03   2.7700000E+02   2.6700000E+02   0.0000000E+00   0.0000000E+00
   1.5540793E+03   3.0500000E+02   2.8800000E+02   0.0000000E+00   0.0000000E+00
   1.5540868E+03   2.5100000E+02   2.3700000E+02   0.0000000E+00   0.0000000E+00
   1.5540944E+03   2.9800000E+02   2.8700000E+02   0.0000000E+00   0.0000000E+00
   1.5541019E+03   2.8400000E+02   2.6800000E+02   0.0000000E+00   0.0000000E+00
   1.5541094E+03   2.5700000E+02   2.4500000E+02   0.0000000E+00   0.0000000E+00
   1.5541170E+03   2.5800000E+02   2.4400000E+02   0.0000000E+00   0.0000000E+00
   1.5541245E+03   2.6300000E+02   2.5100000E+02   2.1387088E-03   2.2409578E-03
   1.5541320E+03   2.2400000E+02   2.1500000E+02   0.0000000E+00   0.0000000E+00
   1.5541395E+03   2.5200000E+02   2.4100000E+02   3.3855960E-03   3.5401252E-03
   1.5541471E+03   2.2400000E+02   2.1500000E+02   3.6193757E-03   3.7708844E-03
   1.5541546E+03   2.5900000E+02   2.4500000E+02   0.0000000E+00   0.0000000E+00
   1.5541621E+03   2.1200000E+02   2.0100000E+02   0.0000000E+00   0.0000000E+00
   1.5541697E+03   2.1100000E+02   2.0200000E+02   9.7657518E-04   1.0200860E-03
   1.5541772E+03   1.9700000E+02   1.8100000E+02   2.7368534E-04   2.9787852E-04
   1.5541847E+03   2.2500000E+02   2.1300000E+02   0.0000000E+00   0.0000000E+00
   1.5541922E+03   1.9500000E+02   1.8400000E+02   1.9792029E-03   2.0975248E-03
   1.5541998E+03   2.1700000E+02   2.0400000E+02   2.4357270E-03   2.5909449E-03
   1.5542073E+03   2.0600000E+02   1.9500000E+02   0.0000000E+00   0.0000000E+00
   1.5542148E+03   2.1300000E+02   2.0100000E+02   0.0000000E+00   0.0000000E+00
   1.5542224E+03   1.7300000E+02   1.6200000E+02   1.5029702E-03   0.0000000E+00
   1.5542299E+03   1.7500000E+02   1.6100000E+02   0.0000000E+00   0.0000000E+00
   1.5542374E+03   1.9100000E+02   1.7800000E+02   0.0000000E+00   0.0000000E+00
   1.5542449E+03   1.5300000E+02   1.4700000E+02   1.9023504E-03   1.9799973E-03
   1.5542525E+03   1.6800000E+02   1.5300000E+02   0.0000000E+00   0.0000000E+00
   1.5542600E+03   1.5500000E+02   1.4700000E+02   0.0000000E+00   0.0000000E+00
   1.5542675E+03   1.5400000E+02   1.4800000E+02   5.5461745E-03   5.7710194E-03
   1.5542750E+03   1.6700000E+02   1.6500000E+02   1.8292785E-03   1.8514516E-03
   1.5542826E+03   1.5900000E+02   1.4500000E+02   4.0912608E-03   0.0000000E+00
   1.5542901E+03   1.5400000E+02   1.4600000E+02   0.0000000E+00   0.0000000E+00
   1.5542976E+03   1.3000000E+02   1.2300000E+02   0.0000000E+00   0.0000000E+00
   1.5543052E+03   1.3400000E+02   1.2300000E+02   0.0000000E+00   0.0000000E+00
   1.5543127E+03   1.2100000E+02   1.1700000E+02   0.0000000E+00   0.0000000E+00
   1.5543202E+03   1.2000000E+02   1.1100000E+02   0.0000000E+00   0.0000000E+00
   1.5543277E+03   1.1700000E+02   1.1000000E+02   4.9644570E-04   5.2803770E-04
   1.5543353E+03   1.2900000E+02   1.2000000E+02   6.0121195E-03   6.4630285E-03
   1.5543428E+03   1.3600000E+02   1.2600000E+02   0.0000000E+00   0.0000000E+00
   1.5543503E+03   1.1300000E+02   1.1000000E+02   7.3909506E-03   7.5925220E-03
   1.5543579E+03   1.2600000E+02   1.1900000E+02   6.4208201E-03   6.7985154E-03
   1.5543654E+03   1.0300000E+02   9.4000000E+01   0.0000000E+00   0.0000000E+00
   1.5543729E+03   1.1200000E+02   1.0600000E+02   0.0000000E+00   0.0000000E+00
   1.5543804E+03   9.2000000E+01   8.7000000E+01   0.0000000E+00   0.0000000E+00
   1.5543880E+03   9.1000000E+01   8.6000000E+01   3.2706395E-03   3.4607930E-03
   1.5543955E+03   1.2900000E+02   1.2100000E+02   0.0000000E+00   0.0000000E+00
   1.5544030E+03   1.0900000E+02   1.0200000E+02   0.0000000E+00   0.0000000E+00
   1.5544106E+03   1.1100000E+02   1.0200000E+02   0.0000000E+00   0.0000000E+00
   1.5544181E+03   9.0000000E+01   8.7000000E+01   0.0000000E+00   0.0000000E+00
   1.5544256E+03   8.9000000E+01   8.0000000E+01   5.6686309E-03   6.3063518E-03
   1.5544331E+03   8.2000000E+01   7.5000000E+01   0.0000000E+00   0.0000000E+00
   1.5544407E+03   7.9000000E+01   7.5000000E+01   0.0000000E+00   0.0000000E+00
   1.5544482E+03   9.6000000E+01   9.3000000E+01   0.0000000E+00   0.0000000E+00
   1.5544557E+03   6.9000000E+01   6.8000000E+01   7.8874061E-03   8.0033974E-03
   1.5544633E+03   7.3000000E+01   6.7000000E+01   0.0000000E+00   0.0000000E+00
   1.5544708E+03   7.8000000E+01   6.9000000E+01   1.2833053E-03   1.4506929E-03
   1.5544783E+03   6.4000000E+01   6.1000000E+01   8.7061114E-03   9.1342808E-03
   1.5544858E+03   7.1000000E+01   6.7000000E+01   0.0000000E+00   0.0000000E+00
   1.5544934E+03   5.6000000E+01   5.1000000E+01   0.0000000E+00   0.0000000E+00
   1.5545009E+03   5.5000000E+01   5.2000000E+01   0.0000000E+00   0.0000000E+00
   1.5545084E+03   7.0000000E+01   6.5000000E+01   0.0000000E+00   0.0000000E+00
   1.5545160E+03   6.6000000E+01   6.3000000E+01   0.0000000E+00   0.0000000E+00
   1.5545235E+03   4.8000000E+01   4.6000000E+01   0.0000000E+00   0.0000000E+00
   1.5545310E+03   5.7000000E+01   5.2000000E+01   0.0000000E+00   0.0000000E+00
   1.5545385E+03   5.3000000E+01   5.2000000E+01   0.0000000E+00   0.0000000E+00
   1.5545461E+03   5.7000000E+01   5.4000000E+01   0.0000000E+00   0.0000000E+00
   1.5545536E+03   4.9000000E+01   4.9000000E+01   0.0000000E+00   0.0000000E+00
   1.5545611E+03   5.4000000E+01   5.0000000E+01   0.0000000E+00   0.0000000E+00
   1.5545687E+03   3.5000000E+01   3.4000000E+01   0.0000000E+00   0.0000000E+00
   1.5545762E+03   5.3000000E+01   4.9000000E+01   0.0000000E+00   0.0000000E+00
   1.5545837E+03   5.3000000E+01   5.3000000E+01   0.0000000E+00   0.0000000E+00
   1.5545912E+03   3.5000000E+01   3.3000000E+01   0.0000000E+00   0.0000000E+00
   1.5545988E+03   3.8000000E+01   3.6000000E+01   0.0000000E+00   0.0000000E+00
   1.5546063E+03   3.4000000E+01   3.3000000E+01   0.0000000E+00   0.0000000E+00
   1.5546138E+03   4.5000000E+01   4.0000000E+01   0.0000000E+00   0.0000000E+00
   1.5546214E+03   3.5000000E+01   3.5000000E+01   5.7826045E-03   5.7826045E-03
   1.5546289E+03   4.0000000E+01   3.9000000E+01   2.2168812E-02   2.2737243E-02
   1.5546364E+03   4.4000000E+01   4.3000000E+01   0.0000000E+00   0.0000000E+00
   1.5546439E+03   3.5000000E+01   3.5000000E+01   0.0000000E+00   0.0000000E+00
   1.5546515E+03   3.4000000E+01   3.3000000E+01   7.0139104E-03   7.2264532E-03
   1.5546590E+03   4.0000000E+01   3.8000000E+01   0.0000000E+00   0.0000000E+00
   1.5546665E+03   2.4000000E+01   2.3000000E+01   0.0000000E+00   0.0000000E+00
   1.5546740E+03   3.1000000E+01   2.9000000E+01   2.4893268E-02   2.6644090E-02
   1.5546816E+03   3.0000000E+01   2.9000000E+01   0.0000000E+00   0.0000000E+00
   1.5546891E+03   3.0000000E+01   2.6000000E+01   0.0000000E+00   0.0000000E+00
   1.5546966E+03   4.2000000E+01   4.2000000E+01   0.0000000E+00   0.0000000E+00
   1.5547042E+03   2.4000000E+01   2.3000000E+01   0.0000000E+00   0.0000000E+00
   1.5547117E+03   2.5000000E+01   2.3000000E+01   0.0000000E+00   0.0000000E+00
   1.5547192E+03   2.7000000E+01   2.5000000E+01   0.0000000E+00   0.0000000E+00
   1.5547267E+03   3.2000000E+01   2.9000000E+01   0.0000000E+00   0.0000000E+00
   1.5547343E+03   2.5000000E+01   2.2000000E+01   0.0000000E+00   0.0000000E+00
   1.5547418E+03   3.0000000E+01   2.7000000E+01   4.9003123E-03   5.4447915E-03
   1.5547493E+03   2.0000000E+01   1.7000000E+01   0.0000000E+00   0.0000000E+00
   1.5547569E+03   1.9000000E+01   1.8000000E+01   0.0000000E+00   0.0000000E+00
   1.5547644E+03   2.1000000E+01   2.1000000E+01   0.0000000E+00   0.0000000E+00
   1.5547719E+03   2.3000000E+01   2.2000000E+01   0.0000000E+00   0.0000000E+00
   1.5547794E+03   1.9000000E+01   1.5000000E+01   2.9439955E-03   3.7290609E-03
   1.5547870E+03   1.7000000E+01   1.5000000E+01   4.6908893E-02   5.3163413E-02
   1.5547945E+03   1.6000000E+01   1.6000000E+01   0.0000000E+00   0.0000000E+00
   1.5548020E+03   1.8000000E+01   1.8000000E+01   0.0000000E+00   0.0000000E+00
   1.5548096E+03   2.5000000E+01   2.5000000E+01   3.7029152E-03   3.7029152E-03
   1.5548171E+03   1.0000000E+01   1.0000000E+01   0.0000000E+00   0.0000000E+00
   1.5548246E+03   1.8000000E+01   1.7000000E+01   2.6393324E-02   2.7945872E-02
   1.5548321E+03   1.8000000E+01   1.7000000E+01   7.6885083E-03   8.1407735E-03
   1.5548397E+03   7.0000000E+00   6.0000000E+00   0.0000000E+00   0.0000000E+00
   1.5548472E+03   1.0000000E+01   8.0000000E+00   4.4798224E-02   5.5997781E-02
   1.5548547E+03   1.7000000E+01   1.5000000E+01   0.0000000E+00   0.0000000E+00
   1.5548623E+03   1.0000000E+01   9.0000000E+00   9.9677457E-03   1.1075273E-02
   1.5548698E+03   1.1000000E+01   1.0000000E+01   0.0000000E+00   0.0000000E+00
   1.5548773E+03   1.0000000E+01   9.0000000E+00   0.0000000E+00   0.0000000E+00
   1.5548848E+03   1.2000000E+01   1.1000000E+01   0.0000000E+00   0.0000000E+00
   1.5548924E+03   1.3000000E+01   1.3000000E+01   0.0000000E+00   0.0000000E+00
   1.5548999E+03   1.0000000E+01   1.0000000E+01   0.0000000E+00   0.0000000E+00
   1.5549074E+03   1.2000000E+01   1.0000000E+01   1.4850564E-02   1.7820676E-02
   1.5549150E+03   1.3000000E+01   1.3000000E+01   0.0000000E+00   0.0000000E+00
   1.5549225E+03   1.2000000E+01   1.0000000E+01   0.0000000E+00   0.0000000E+00
   1.5549300E+03   1.2000000E+01   1.2000000E+01   0.0000000E+00   0.0000000E+00
   1.5549375E+03   7.0000000E+00   7.0000000E+00   0.0000000E+00   0.0000000E+00
   1.5549451E+03   1.5000000E+01   1.3000000E+01   0.0000000E+00   0.0000000E+00
   1.5549526E+03   1.2000000E+01   1.2000000E+01   0.0000000E+00   0.0000000E+00
   1.5549601E+03   1.2000000E+01   1.1000000E+01   0.0000000E+00   0.0000000E+00
   1.5549677E+03   7.0000000E+00   5.0000000E+00   0.0000000E+00   0.0000000E+00
   1.5549752E+03   6.0000000E+00   5.0000000E+00   2.1600786E-02   2.5920943E-02
   1.5549827E+03   3.0000000E+00   3.0000000E+00   0.0000000E+00   0.0000000E+00
   1.5549902E+03   7.0000000E+00   7.0000000E+00   0.0000000E+00   0.0000000E+00
   1.5549978E+03   5.0000000E+00   4.0000000E+00   0.0000000E+00   0.0000000E+00
   1.5550053E+03   5.0000000E+00   4.0000000E+00   0.0000000E+00   0.0000000E+00
   1.5550128E+03   3.0000000E+00   3.0000000E+00   0.0000000E+00   0.0000000E+00
   1.5550204E+03   6.0000000E+00   5.0000000E+00   0.0000000E+00   0.0000000E+00
   1.5550279E+03   4.0000000E+00   4.0000000E+00   0.0000000E+00   0.0000000E+00
   1.5550354E+03   5.0000000E+00   4.0000000E+00   0.0000000E+00   0.0000000E+00
   1.5550429E+03   4.0000000E+00   4.0000000E+00   0.0000000E+00   0.0000000E+00
   1.5550505E+03   8.0000000E+00   7.0000000E+00   0.0000000E+00   0.0000000E+00
   1.5550580E+03   5.0000000E+00   4.0000000E+00   0.0000000E+00   0.0000000E+00
   1.5550655E+03   5.0000000E+00   4.0000000E+00   0.0000000E+00   0.0000000E+00
   1.5550731E+03   8.0000000E+00   8.0000000E+00   0.0000000E+00   0.0000000E+00
   1.5550806E+03   6.0000000E+00   5.0000000E+00   0.0000000E+00   0.0000000E+00
   1.5550881E+03   3.0000000E+00   2.0000000E+00   0.0000000E+00   0.0000000E+00
   1.5550956E+03   4.0000000E+00   4.0000000E+00   0.0000000E+00   0.0000000E+00
   1.5551032E+03   5.0000000E+00   5.0000000E+00   0.0000000E+00   0.0000000E+00
   1.5551107E+03   2.0000000E+00   2.0000000E+00   0.0000000E+00   0.0000000E+00
   1.5551182E+03   1.0000000E+00   1.0000000E+00   0.0000000E+00   0.0000000E+00
   1.5551257E+03   3.0000000E+00   3.0000000E+00   0.0000000E+00   0.0000000E+00
   1.5551333E+03   3.0000000E+00   3.0000000E+00   2.7078866E-02   2.7078866E-02
   1.5551408E+03   2.0000000E+00   1.0000000E+00   0.0000000E+00   0.0000000E+00
   1.5551483E+03   5.0000000E+00   5.0000000E+00   0.0000000E+00   0.0000000E+00
   1.5551559E+03   1.0000000E+00   1.0000000E+00   0.0000000E+00   0.0000000E+00
   1.5551634E+03   3.0000000E+00   2.0000000E+00   1.1559247E-01   0.0000000E+00
   1.5551709E+03   3.0000000E+00   1.0000000E+00   0.0000000E+00   0.0000000E+00
   1.5551784E+03   1.0000000E+00   1.0000000E+00   0.0000000E+00   0.0000000E+00
   1.5551860E+03   0.0000000E+00   0.0000000E+00   0.0000000E+00   0.0000000E+00
   1.5551935E+03   4.0000000E+00   3.0000000E+00   0.0000000E+00   0.0000000E+00
   1.5552010E+03   0.0000000E+00   0.0000000E+00   0.0000000E+00   0.0000000E+00
   1.5552086E+03   6.0000000E+00   6.0000000E+00   0.0000000E+00   0.0000000E+00
   1.5552161E+03   1.0000000E+00   1.0000000E+00   0.0000000E+00   0.0000000E+00
   1.5552236E+03   1.0000000E+00   1.0000000E+00   0.0000000E+00   0.0000000E+00
   1.5552311E+03   2.0000000E+00   1.0000000E+00   0.0000000E+00   0.0000000E+00
   1.5552387E+03   3.0000000E+00   2.0000000E+00   0.0000000E+00   0.0000000E+00
   1.5552462E+03   1.0000000E+00   1.0000000E+00   0.0000000E+00   0.0000000E+00
   1.5552537E+03   0.0000000E+00   0.0000000E+00   0.0000000E+00   0.0000000E+00
   1.5552613E+03   1.0000000E+00   1.0000000E+00   0.0000000E+00   0.0000000E+00
   1.5552688E+03   1.0000000E+00   1.0000000E+00   0.0000000E+00   0.0000000E+00
   1.5552763E+03   3.0000000E+00   3.0000000E+00   0.0000000E+00   0.0000000E+00
   1.5552838E+03   0.0000000E+00   0.0000000E+00   0.0000000E+00   0.0000000E+00
   1.5552914E+03   2.0000000E+00   2.0000000E+00   4.2967776E-01   4.2967776E-01
   1.5552989E+03   0.0000000E+00   0.0000000E+00   0.0000000E+00   0.0000000E+00
   1.5553064E+03   1.0000000E+00   1.0000000E+00   0.0000000E+00   0.0000000E+00
   1.5553140E+03   0.0000000E+00   0.0000000E+00   0.0000000E+00   0.0000000E+00
   1.5553215E+03   2.0000000E+00   2.0000000E+00   0.0000000E+00   0.0000000E+00
   1.5553290E+03   0.0000000E+00   0.0000000E+00   0.0000000E+00   0.0000000E+00
   1.5553365E+03   1.0000000E+00   1.0000000E+00   0.0000000E+00   0.0000000E+00
   1.5553441E+03   0.0000000E+00   0.0000000E+00   0.0000000E+00   0.0000000E+00
   1.5553516E+03   2.0000000E+00   2.0000000E+00   0.0000000E+00   0.0000000E+00
   1.5553591E+03   0.0000000E+00   0.0000000E+00   0.0000000E+00   0.0000000E+00
   1.5553667E+03   2.0000000E+00   2.0000000E+00   0.0000000E+00   0.0000000E+00
   1.5553742E+03   1.0000000E+00   0.0000000E+00   0.0000000E+00   0.0000000E+00
   1.5553817E+03   0.0000000E+00   0.0000000E+00   0.0000000E+00   0.0000000E+00
   1.5553892E+03   1.0000000E+00   1.0000000E+00   0.0000000E+00   0.0000000E+00
   1.5553968E+03   1.0000000E+00   1.0000000E+00   0.0000000E+00   0.0000000E+00
   1.5554043E+03   0.0000000E+00   0.0000000E+00   0.0000000E+00   0.0000000E+00
   1.5554118E+03   1.0000000E+00   1.0000000E+00   4.8442643E-01   4.8442643E-01
   1.5554194E+03   0.0000000E+00   0.0000000E+00   0.0000000E+00   0.0000000E+00
   1.5554269E+03   1.0000000E+00   1.0000000E+00   0.0000000E+00   0.0000000E+00
   1.5554344E+03   0.0000000E+00   0.0000000E+00   0.0000000E+00   0.0000000E+00
   1.5554419E+03   0.0000000E+00   0.0000000E+00   0.0000000E+00   0.0000000E+00
   1.5554495E+03   1.0000000E+00   0.0000000E+00   0.0000000E+00   0.0000000E+00
   1.5554570E+03   0.0000000E+00   0.0000000E+00   0.0000000E+00   0.0000000E+00
   1.5554645E+03   1.0000000E+00   1.0000000E+00   0.0000000E+00   0.0000000E+00
   1.5554721E+03   1.0000000E+00   1.0000000E+00   0.0000000E+00   0.0000000E+00
   1.5554796E+03   1.0000000E+00   0.0000000E+00   0.0000000E+00   0.0000000E+00
   1.5554871E+03   0.0000000E+00   0.0000000E+00   0.0000000E+00   0.0000000E+00
   1.5554946E+03   0.0000000E+00   0.0000000E+00   0.0000000E+00   0.0000000E+00
   1.5555022E+03   1.0000000E+00   1.0000000E+00   4.1529942E-01   4.1529942E-01
   1.5555097E+03   0.0000000E+00   0.0000000E+00   0.0000000E+00   0.0000000E+00
   1.5555172E+03   0.0000000E+00   0.0000000E+00   0.0000000E+00   0.0000000E+00
   1.5555248E+03   0.0000000E+00   0.0000000E+00   0.0000000E+00   0.0000000E+00
   1.5555323E+03   0.0000000E+00   0.0000000E+00   0.0000000E+00   0.0000000E+00
   1.5555398E+03   0.0000000E+00   0.0000000E+00   0.0000000E+00   0.0000000E+00
   1.5555473E+03   0.0000000E+00   0.0000000E+00   0.0000000E+00   0.0000000E+00
   1.5555549E+03   0.0000000E+00   0.0000000E+00   0.0000000E+00   0.0000000E+00
   1.5555624E+03   0.0000000E+00   0.0000000E+00   0.0000000E+00   0.0000000E+00
   1.5555699E+03   1.0000000E+00   1.0000000E+00   0.0000000E+00   0.0000000E+00
   1.5555774E+03   1.0000000E+00   1.0000000E+00   0.0000000E+00   0.0000000E+00
   1.5555850E+03   1.0000000E+00   1.0000000E+00   0.0000000E+00   0.0000000E+00
   1.5555925E+03   0.0000000E+00   0.0000000E+00   0.0000000E+00   0.0000000E+00
   1.5556000E+03   0.0000000E+00   0.0000000E+00   0.0000000E+00   0.0000000E+00
   1.5556076E+03   0.0000000E+00   0.0000000E+00   0.0000000E+00   0.0000000E+00
   1.5556151E+03   0.0000000E+00   0.0000000E+00   0.0000000E+00   0.0000000E+00
   1.5556226E+03   0.0000000E+00   0.0000000E+00   0.0000000E+00   0.0000000E+00
   1.5556301E+03   0.0000000E+00   0.0000000E+00   0.0000000E+00   0.0000000E+00
   1.5556377E+03   0.0000000E+00   0.0000000E+00   0.0000000E+00   0.0000000E+00
   1.5556452E+03   0.0000000E+00   0.0000000E+00   0.0000000E+00   0.0000000E+00
   1.5556527E+03   0.0000000E+00   0.0000000E+00   0.0000000E+00   0.0000000E+00
   1.5556603E+03   1.0000000E+00   1.0000000E+00   0.0000000E+00   0.0000000E+00
   1.5556678E+03   0.0000000E+00   0.0000000E+00   0.0000000E+00   0.0000000E+00
   1.5556753E+03   0.0000000E+00   0.0000000E+00   0.0000000E+00   0.0000000E+00
   1.5556828E+03   0.0000000E+00   0.0000000E+00   0.0000000E+00   0.0000000E+00
   1.5556904E+03   0.0000000E+00   0.0000000E+00   0.0000000E+00   0.0000000E+00
   1.5556979E+03   0.0000000E+00   0.0000000E+00   0.0000000E+00   0.0000000E+00
   1.5557054E+03   0.0000000E+00   0.0000000E+00   0.0000000E+00   0.0000000E+00
   1.5557130E+03   0.0000000E+00   0.0000000E+00   0.0000000E+00   0.0000000E+00
   1.5557205E+03   0.0000000E+00   0.0000000E+00   0.0000000E+00   0.0000000E+00
   1.5557280E+03   0.0000000E+00   0.0000000E+00   0.0000000E+00   0.0000000E+00
   1.5557355E+03   0.0000000E+00   0.0000000E+00   0.0000000E+00   0.0000000E+00
   1.5557431E+03   0.0000000E+00   0.0000000E+00   0.0000000E+00   0.0000000E+00
   1.5557506E+03   0.0000000E+00   0.0000000E+00   0.0000000E+00   0.0000000E+00
   1.5557581E+03   1.0000000E+00   1.0000000E+00   7.6292373E-01   7.6292373E-01
   1.5557657E+03   0.0000000E+00   0.0000000E+00   0.0000000E+00   0.0000000E+00
   1.5557732E+03   1.0000000E+00   1.0000000E+00   4.7447963E-01   4.7447963E-01
   1.5557807E+03   0.0000000E+00   0.0000000E+00   0.0000000E+00   0.0000000E+00
   1.5557882E+03   0.0000000E+00   0.0000000E+00   0.0000000E+00   0.0000000E+00
   1.5557958E+03   0.0000000E+00   0.0000000E+00   0.0000000E+00   0.0000000E+00
   1.5558033E+03   1.0000000E+00   1.0000000E+00   1.4486941E-01   1.4486941E-01
   1.5558108E+03   0.0000000E+00   0.0000000E+00   0.0000000E+00   0.0000000E+00
   1.5558184E+03   0.0000000E+00   0.0000000E+00   0.0000000E+00   0.0000000E+00
   1.5558259E+03   0.0000000E+00   0.0000000E+00   0.0000000E+00   0.0000000E+00
   1.5558334E+03   0.0000000E+00   0.0000000E+00   0.0000000E+00   0.0000000E+00
   1.5558409E+03   0.0000000E+00   0.0000000E+00   0.0000000E+00   0.0000000E+00
   1.5558485E+03   0.0000000E+00   0.0000000E+00   0.0000000E+00   0.0000000E+00
   1.5558560E+03   0.0000000E+00   0.0000000E+00   0.0000000E+00   0.0000000E+00
   1.5558635E+03   0.0000000E+00   0.0000000E+00   0.0000000E+00   0.0000000E+00
   1.5558711E+03   0.0000000E+00   0.0000000E+00   0.0000000E+00   0.0000000E+00
   1.5558786E+03   0.0000000E+00   0.0000000E+00   0.0000000E+00   0.0000000E+00
   1.5558861E+03   0.0000000E+00   0.0000000E+00   0.0000000E+00   0.0000000E+00
   1.5558936E+03   0.0000000E+00   0.0000000E+00   0.0000000E+00   0.0000000E+00
   1.5559012E+03   0.0000000E+00   0.0000000E+00   0.0000000E+00   0.0000000E+00
   1.5559087E+03   0.0000000E+00   0.0000000E+00   0.0000000E+00   0.0000000E+00
   1.5559162E+03   0.0000000E+00   0.0000000E+00   0.0000000E+00   0.0000000E+00
   1.5559238E+03   0.0000000E+00   0.0000000E+00   0.0000000E+00   0.0000000E+00
   1.5559313E+03   0.0000000E+00   0.0000000E+00   0.0000000E+00   0.0000000E+00
   1.5559388E+03   0.0000000E+00   0.0000000E+00   0.0000000E+00   0.0000000E+00
   1.5559463E+03   0.0000000E+00   0.0000000E+00   0.0000000E+00   0.0000000E+00
   1.5559539E+03   0.0000000E+00   0.0000000E+00   0.0000000E+00   0.0000000E+00
   1.5559614E+03   0.0000000E+00   0.0000000E+00   0.0000000E+00   0.0000000E+00
   1.5559689E+03   0.0000000E+00   0.0000000E+00   0.0000000E+00   0.0000000E+00
   1.5559765E+03   0.0000000E+00   0.0000000E+00   0.0000000E+00   0.0000000E+00
   1.5559840E+03   0.0000000E+00   0.0000000E+00   0.0000000E+00   0.0000000E+00
   1.5559915E+03   0.0000000E+00   0.0000000E+00   0.0000000E+00   0.0000000E+00
   1.5559990E+03   0.0000000E+00   0.0000000E+00   0.0000000E+00   0.0000000E+00
   1.5560066E+03   0.0000000E+00   0.0000000E+00   0.0000000E+00   0.0000000E+00
   1.5560141E+03   0.0000000E+00   0.0000000E+00   0.0000000E+00   0.0000000E+00
   1.5560216E+03   0.0000000E+00   0.0000000E+00   0.0000000E+00   0.0000000E+00
   1.5560291E+03   0.0000000E+00   0.0000000E+00   0.0000000E+00   0.0000000E+00
   1.5560367E+03   0.0000000E+00   0.0000000E+00   0.0000000E+00   0.0000000E+00
   1.5560442E+03   0.0000000E+00   0.0000000E+00   0.0000000E+00   0.0000000E+00
   1.5560517E+03   1.0000000E+00   1.0000000E+00   4.3125704E-01   4.3125704E-01
   1.5560593E+03   0.0000000E+00   0.0000000E+00   0.0000000E+00   0.0000000E+00
   1.5560668E+03   0.0000000E+00   0.0000000E+00   0.0000000E+00   0.0000000E+00
   1.5560743E+03   0.0000000E+00   0.0000000E+00   0.0000000E+00   0.0000000E+00
   1.5560818E+03   0.0000000E+00   0.0000000E+00   0.0000000E+00   0.0000000E+00
   1.5560894E+03   0.0000000E+00   0.0000000E+00   0.0000000E+00   0.0000000E+00
   1.5560969E+03   0.0000000E+00   0.0000000E+00   0.0000000E+00   0.0000000E+00
   1.5561044E+03   0.0000000E+00   0.0000000E+00   0.0000000E+00   0.0000000E+00
   1.5561120E+03   0.0000000E+00   0.0000000E+00   0.0000000E+00   0.0000000E+00
   1.5561195E+03   0.0000000E+00   0.0000000E+00   0.0000000E+00   0.0000000E+00
   1.5561270E+03   0.0000000E+00   0.0000000E+00   0.0000000E+00   0.0000000E+00
   1.5561345E+03   0.0000000E+00   0.0000000E+00   0.0000000E+00   0.0000000E+00
   1.5561421E+03   0.0000000E+00   0.0000000E+00   0.0000000E+00   0.0000000E+00
   1.5561496E+03   0.0000000E+00   0.0000000E+00   0.0000000E+00   0.0000000E+00
   1.5561571E+03   0.0000000E+00   0.0000000E+00   0.0000000E+00   0.0000000E+00
   1.5561647E+03   0.0000000E+00   0.0000000E+00   0.0000000E+00   0.0000000E+00
   1.5561722E+03   0.0000000E+00   0.0000000E+00   0.0000000E+00   0.0000000E+00
   1.5561797E+03   0.0000000E+00   0.0000000E+00   0.0000000E+00   0.0000000E+00
   1.5561872E+03   0.0000000E+00   0.0000000E+00   0.0000000E+00   0.0000000E+00
   1.5561948E+03   0.0000000E+00   0.0000000E+00   0.0000000E+00   0.0000000E+00
   1.5562023E+03   0.0000000E+00   0.0000000E+00   0.0000000E+00   0.0000000E+00
   1.5562098E+03   0.0000000E+00   0.0000000E+00   0.0000000E+00   0.0000000E+00
   1.5562174E+03   0.0000000E+00   0.0000000E+00   0.0000000E+00   0.0000000E+00
   1.5562249E+03   0.0000000E+00   0.0000000E+00   0.0000000E+00   0.0000000E+00
   1.5562324E+03   0.0000000E+00   0.0000000E+00   0.0000000E+00   0.0000000E+00
   1.5562399E+03   0.0000000E+00   0.0000000E+00   0.0000000E+00   0.0000000E+00
   1.5562475E+03   0.0000000E+00   0.0000000E+00   0.0000000E+00   0.0000000E+00
   1.5562550E+03   0.0000000E+00   0.0000000E+00   0.0000000E+00   0.0000000E+00
   1.5562625E+03   0.0000000E+00   0.0000000E+00   0.0000000E+00   0.0000000E+00
   1.5562701E+03   0.0000000E+00   0.0000000E+00   0.0000000E+00   0.0000000E+00
   1.5562776E+03   0.0000000E+00   0.0000000E+00   0.0000000E+00   0.0000000E+00
   1.5562851E+03   0.0000000E+00   0.0000000E+00   0.0000000E+00   0.0000000E+00
   1.5562926E+03   0.0000000E+00   0.0000000E+00   0.0000000E+00   0.0000000E+00
   1.5563002E+03   0.0000000E+00   0.0000000E+00   0.0000000E+00   0.0000000E+00
   1.5563077E+03   0.0000000E+00   0.0000000E+00   0.0000000E+00   0.0000000E+00
   1.5563152E+03   0.0000000E+00   0.0000000E+00   0.0000000E+00   0.0000000E+00
   1.5563228E+03   0.0000000E+00   0.0000000E+00   0.0000000E+00   0.0000000E+00
   1.5563303E+03   0.0000000E+00   0.0000000E+00   0.0000000E+00   0.0000000E+00
   1.5563378E+03   0.0000000E+00   0.0000000E+00   0.0000000E+00   0.0000000E+00
   1.5563453E+03   0.0000000E+00   0.0000000E+00   0.0000000E+00   0.0000000E+00
   1.5563529E+03   0.0000000E+00   0.0000000E+00   0.0000000E+00   0.0000000E+00
   1.5563604E+03   0.0000000E+00   0.0000000E+00   0.0000000E+00   0.0000000E+00
   1.5563679E+03   0.0000000E+00   0.0000000E+00   0.0000000E+00   0.0000000E+00
   1.5563755E+03   0.0000000E+00   0.0000000E+00   0.0000000E+00   0.0000000E+00
   1.5563830E+03   0.0000000E+00   0.0000000E+00   0.0000000E+00   0.0000000E+00
   1.5563905E+03   0.0000000E+00   0.0000000E+00   0.0000000E+00   0.0000000E+00
   1.5563980E+03   0.0000000E+00   0.0000000E+00   0.0000000E+00   0.0000000E+00
   1.5564056E+03   0.0000000E+00   0.0000000E+00   0.0000000E+00   0.0000000E+00
   1.5564131E+03   0.0000000E+00   0.0000000E+00   0.0000000E+00   0.0000000E+00
   1.5564206E+03   0.0000000E+00   0.0000000E+00   0.0000000E+00   0.0000000E+00
   1.5564282E+03   0.0000000E+00   0.0000000E+00   0.0000000E+00   0.0000000E+00
   1.5564357E+03   0.0000000E+00   0.0000000E+00   0.0000000E+00   0.0000000E+00
   1.5564432E+03   0.0000000E+00   0.0000000E+00   0.0000000E+00   0.0000000E+00
   1.5564507E+03   0.0000000E+00   0.0000000E+00   0.0000000E+00   0.0000000E+00
   1.5564583E+03   0.0000000E+00   0.0000000E+00   0.0000000E+00   0.0000000E+00
   1.5564658E+03   0.0000000E+00   0.0000000E+00   0.0000000E+00   0.0000000E+00
   1.5564733E+03   0.0000000E+00   0.0000000E+00   0.0000000E+00   0.0000000E+00
   1.5564808E+03   0.0000000E+00   0.0000000E+00   0.0000000E+00   0.0000000E+00
   1.5564884E+03   0.0000000E+00   0.0000000E+00   0.0000000E+00   0.0000000E+00
   1.5564959E+03   0.0000000E+00   0.0000000E+00   0.0000000E+00   0.0000000E+00
   1.5565034E+03   0.0000000E+00   0.0000000E+00   0.0000000E+00   0.0000000E+00
   1.5565110E+03   0.0000000E+00   0.0000000E+00   0.0000000E+00   0.0000000E+00
   1.5565185E+03   0.0000000E+00   0.0000000E+00   0.0000000E+00   0.0000000E+00
   1.5565260E+03   0.0000000E+00   0.0000000E+00   0.0000000E+00   0.0000000E+00
   1.5565335E+03   0.0000000E+00   0.0000000E+00   0.0000000E+00   0.0000000E+00
   1.5565411E+03   0.0000000E+00   0.0000000E+00   0.0000000E+00   0.0000000E+00
   1.5565486E+03   0.0000000E+00   0.0000000E+00   0.0000000E+00   0.0000000E+00
   1.5565561E+03   1.0000000E+00   1.0000000E+00   2.5100953E-02   2.5100953E-02
   1.5565637E+03   0.0000000E+00   0.0000000E+00   0.0000000E+00   0.0000000E+00
   1.5565712E+03   0.0000000E+00   0.0000000E+00   0.0000000E+00   0.0000000E+00
   1.5565787E+03   0.0000000E+00   0.0000000E+00   0.0000000E+00   0.0000000E+00
   1.5565862E+03   0.0000000E+00   0.0000000E+00   0.0000000E+00   0.0000000E+00
   1.5565938E+03   0.0000000E+00   0.0000000E+00   0.0000000E+00   0.0000000E+00
   1.5566013E+03   0.0000000E+00   0.0000000E+00   0.0000000E+00   0.0000000E+00
   1.5566088E+03   0.0000000E+00   0.0000000E+00   0.0000000E+00   0.0000000E+00
   1.5566164E+03   0.0000000E+00   0.0000000E+00   0.0000000E+00   0.0000000E+00
   1.5566239E+03   0.0000000E+00   0.0000000E+00   0.0000000E+00   0.0000000E+00
   1.5566314E+03   0.0000000E+00   0.0000000E+00   0.0000000E+00   0.0000000E+00
   1.5566389E+03   0.0000000E+00   0.0000000E+00   0.0000000E+00   0.0000000E+00
   1.5566465E+03   0.0000000E+00   0.0000000E+00   0.0000000E+00   0.0000000E+00
   1.5566540E+03   0.0000000E+00   0.0000000E+00   0.0000000E+00   0.0000000E+00
   1.5566615E+03   0.0000000E+00   0.0000000E+00   0.0000000E+00   0.0000000E+00
   1.5566691E+03   0.0000000E+00   0.0000000E+00   0.0000000E+00   0.0000000E+00
   1.5566766E+03   0.0000000E+00   0.0000000E+00   0.0000000E+00   0.0000000E+00
   1.5566841E+03   0.0000000E+00   0.0000000E+00   0.0000000E+00   0.0000000E+00
   1.5566916E+03   0.0000000E+00   0.0000000E+00   0.0000000E+00   0.0000000E+00
   1.5566992E+03   0.0000000E+00   0.0000000E+00   0.0000000E+00   0.0000000E+00
   1.5567067E+03   0.0000000E+00   0.0000000E+00   0.0000000E+00   0.0000000E+00
   1.5567142E+03   1.0000000E+00   1.0000000E+00   3.3620194E-01   3.3620194E-01
   1.5567218E+03   0.0000000E+00   0.0000000E+00   0.0000000E+00   0.0000000E+00
   1.5567293E+03   0.0000000E+00   0.0000000E+00   0.0000000E+00   0.0000000E+00
   1.5567368E+03   0.0000000E+00   0.0000000E+00   0.0000000E+00   0.0000000E+00
   1.5567443E+03   0.0000000E+00   0.0000000E+00   0.0000000E+00   0.0000000E+00
   1.5567519E+03   0.0000000E+00   0.0000000E+00   0.0000000E+00   0.0000000E+00
   1.5567594E+03   0.0000000E+00   0.0000000E+00   0.0000000E+00   0.0000000E+00
   1.5567669E+03   0.0000000E+00   0.0000000E+00   0.0000000E+00   0.0000000E+00
   1.5567745E+03   0.0000000E+00   0.0000000E+00   0.0000000E+00   0.0000000E+00
   1.5567820E+03   0.0000000E+00   0.0000000E+00   0.0000000E+00   0.0000000E+00
   1.5567895E+03   0.0000000E+00   0.0000000E+00   0.0000000E+00   0.0000000E+00
   1.5567970E+03   0.0000000E+00   0.0000000E+00   0.0000000E+00   0.0000000E+00
   1.5568046E+03   0.0000000E+00   0.0000000E+00   0.0000000E+00   0.0000000E+00
   1.5568121E+03   0.0000000E+00   0.0000000E+00   0.0000000E+00   0.0000000E+00
   1.5568196E+03   0.0000000E+00   0.0000000E+00   0.0000000E+00   0.0000000E+00
   1.5568272E+03   0.0000000E+00   0.0000000E+00   0.0000000E+00   0.0000000E+00
   1.5568347E+03   0.0000000E+00   0.0000000E+00   0.0000000E+00   0.0000000E+00
   1.5568422E+03   0.0000000E+00   0.0000000E+00   0.0000000E+00   0.0000000E+00
   1.5568497E+03   0.0000000E+00   0.0000000E+00   0.0000000E+00   0.0000000E+00
   1.5568573E+03   0.0000000E+00   0.0000000E+00   0.0000000E+00   0.0000000E+00
   1.5568648E+03   0.0000000E+00   0.0000000E+00   0.0000000E+00   0.0000000E+00
   1.5568723E+03   0.0000000E+00   0.0000000E+00   0.0000000E+00   0.0000000E+00
   1.5568799E+03   0.0000000E+00   0.0000000E+00   0.0000000E+00   0.0000000E+00
   1.5568874E+03   0.0000000E+00   0.0000000E+00   0.0000000E+00   0.0000000E+00
   1.5568949E+03   0.0000000E+00   0.0000000E+00   0.0000000E+00   0.0000000E+00
   1.5569024E+03   0.0000000E+00   0.0000000E+00   0.0000000E+00   0.0000000E+00
   1.5569100E+03   0.0000000E+00   0.0000000E+00   0.0000000E+00   0.0000000E+00
   1.5569175E+03   0.0000000E+00   0.0000000E+00   0.0000000E+00   0.0000000E+00
   1.5569250E+03   0.0000000E+00   0.0000000E+00   0.0000000E+00   0.0000000E+00
   1.5569325E+03   0.0000000E+00   0.0000000E+00   0.0000000E+00   0.0000000E+00
   1.5569401E+03   0.0000000E+00   0.0000000E+00   0.0000000E+00   0.0000000E+00
   1.5569476E+03   0.0000000E+00   0.0000000E+00   0.0000000E+00   0.0000000E+00
   1.5569551E+03   0.0000000E+00   0.0000000E+00   0.0000000E+00   0.0000000E+00
   1.5569627E+03   0.0000000E+00   0.0000000E+00   0.0000000E+00   0.0000000E+00
   1.5569702E+03   0.0000000E+00   0.0000000E+00   0.0000000E+00   0.0000000E+00
   1.5569777E+03   0.0000000E+00   0.0000000E+00   0.0000000E+00   0.0000000E+00
   1.5569852E+03   0.0000000E+00   0.0000000E+00   0.0000000E+00   0.0000000E+00
   1.5569928E+03   0.0000000E+00   0.0000000E+00   0.0000000E+00   0.0000000E+00
   1.5570003E+03   0.0000000E+00   0.0000000E+00   0.0000000E+00   0.0000000E+00
   1.5570078E+03   0.0000000E+00   0.0000000E+00   0.0000000E+00   0.0000000E+00
   1.5570154E+03   0.0000000E+00   0.0000000E+00   0.0000000E+00   0.0000000E+00
   1.5570229E+03   0.0000000E+00   0.0000000E+00   0.0000000E+00   0.0000000E+00
   1.5570304E+03   0.0000000E+00   0.0000000E+00   0.0000000E+00   0.0000000E+00
   1.5570379E+03   0.0000000E+00   0.0000000E+00   0.0000000E+00   0.0000000E+00
   1.5570455E+03   0.0000000E+00   0.0000000E+00   0.0000000E+00   0.0000000E+00
   1.5570530E+03   0.0000000E+00   0.0000000E+00   0.0000000E+00   0.0000000E+00
   1.5570605E+03   0.0000000E+00   0.0000000E+00   0.0000000E+00   0.0000000E+00
   1.5570681E+03   0.0000000E+00   0.0000000E+00   0.0000000E+00   0.0000000E+00
   1.5570756E+03   0.0000000E+00   0.0000000E+00   0.0000000E+00   0.0000000E+00
   1.5570831E+03   0.0000000E+00   0.0000000E+00   0.0000000E+00   0.0000000E+00
   1.5570906E+03   0.0000000E+00   0.0000000E+00   0.0000000E+00   0.0000000E+00
   1.5570982E+03   0.0000000E+00   0.0000000E+00   0.0000000E+00   0.0000000E+00
   1.5571057E+03   0.0000000E+00   0.0000000E+00   0.0000000E+00   0.0000000E+00
   1.5571132E+03   0.0000000E+00   0.0000000E+00   0.0000000E+00   0.0000000E+00
   1.5571208E+03   0.0000000E+00   0.0000000E+00   0.0000000E+00   0.0000000E+00
   1.5571283E+03   0.0000000E+00   0.0000000E+00   0.0000000E+00   0.0000000E+00
   1.5571358E+03   0.0000000E+00   0.0000000E+00   0.0000000E+00   0.0000000E+00
   1.5571433E+03   0.0000000E+00   0.0000000E+00   0.0000000E+00   0.0000000E+00
   1.5571509E+03   0.0000000E+00   0.0000000E+00   0.0000000E+00   0.0000000E+00
   1.5571584E+03   0.0000000E+00   0.0000000E+00   0.0000000E+00   0.0000000E+00
   1.5571659E+03   0.0000000E+00   0.0000000E+00   0.0000000E+00   0.0000000E+00
   1.5571735E+03   0.0000000E+00   0.0000000E+00   0.0000000E+00   0.0000000E+00
   1.5571810E+03   0.0000000E+00   0.0000000E+00   0.0000000E+00   0.0000000E+00
   1.5571885E+03   0.0000000E+00   0.0000000E+00   0.0000000E+00   0.0000000E+00
   1.5571960E+03   0.0000000E+00   0.0000000E+00   0.0000000E+00   0.0000000E+00
   1.5572036E+03   0.0000000E+00   0.0000000E+00   0.0000000E+00   0.0000000E+00
   1.5572111E+03   0.0000000E+00   0.0000000E+00   0.0000000E+00   0.0000000E+00
   1.5572186E+03   0.0000000E+00   0.0000000E+00   0.0000000E+00   0.0000000E+00
   1.5572262E+03   0.0000000E+00   0.0000000E+00   0.0000000E+00   0.0000000E+00
   1.5572337E+03   0.0000000E+00   0.0000000E+00   0.0000000E+00   0.0000000E+00
   1.5572412E+03   0.0000000E+00   0.0000000E+00   0.0000000E+00   0.0000000E+00
   1.5572487E+03   0.0000000E+00   0.0000000E+00   0.0000000E+00   0.0000000E+00
   1.5572563E+03   0.0000000E+00   0.0000000E+00   0.0000000E+00   0.0000000E+00
   1.5572638E+03   0.0000000E+00   0.0000000E+00   0.0000000E+00   0.0000000E+00
   1.5572713E+03   0.0000000E+00   0.0000000E+00   0.0000000E+00   0.0000000E+00
   1.5572789E+03   0.0000000E+00   0.0000000E+00   0.0000000E+00   0.0000000E+00
   1.5572864E+03   0.0000000E+00   0.0000000E+00   0.0000000E+00   0.0000000E+00
   1.5572939E+03   0.0000000E+00   0.0000000E+00   0.0000000E+00   0.0000000E+00
   1.5573014E+03   0.0000000E+00   0.0000000E+00   0.0000000E+00   0.0000000E+00
   1.5573090E+03   0.0000000E+00   0.0000000E+00   0.0000000E+00   0.0000000E+00
   1.5573165E+03   0.0000000E+00   0.0000000E+00   0.0000000E+00   0.0000000E+00
   1.5573240E+03   0.0000000E+00   0.0000000E+00   0.0000000E+00   0.0000000E+00
   1.5573316E+03   0.0000000E+00   0.0000000E+00   0.0000000E+00   0.0000000E+00
   1.5573391E+03   0.0000000E+00   0.0000000E+00   0.0000000E+00   0.0000000E+00
   1.5573466E+03   0.0000000E+00   0.0000000E+00   0.0000000E+00   0.0000000E+00
   1.5573541E+03   0.0000000E+00   0.0000000E+00   0.0000000E+00   0.0000000E+00
   1.5573617E+03   0.0000000E+00   0.0000000E+00   0.0000000E+00   0.0000000E+00
   1.5573692E+03   0.0000000E+00   0.0000000E+00   0.0000000E+00   0.0000000E+00
   1.5573767E+03   0.0000000E+00   0.0000000E+00   0.0000000E+00   0.0000000E+00
   1.5573842E+03   0.0000000E+00   0.0000000E+00   0.0000000E+00   0.0000000E+00
   1.5573918E+03   0.0000000E+00   0.0000000E+00   0.0000000E+00   0.0000000E+00
   1.5573993E+03   0.0000000E+00   0.0000000E+00   0.0000000E+00   0.0000000E+00
   1.5574068E+03   0.0000000E+00   0.0000000E+00   0.0000000E+00   0.0000000E+00
   1.5574144E+03   0.0000000E+00   0.0000000E+00   0.0000000E+00   0.0000000E+00
   1.5574219E+03   0.0000000E+00   0.0000000E+00   0.0000000E+00   0.0000000E+00
   1.5574294E+03   0.0000000E+00   0.0000000E+00   0.0000000E+00   0.0000000E+00
   1.5574369E+03   0.0000000E+00   0.0000000E+00   0.0000000E+00   0.0000000E+00
   1.5574445E+03   0.0000000E+00   0.0000000E+00   0.0000000E+00   0.0000000E+00
   1.5574520E+03   0.0000000E+00   0.0000000E+00   0.0000000E+00   0.0000000E+00
   1.5574595E+03   0.0000000E+00   0.0000000E+00   0.0000000E+00   0.0000000E+00
   1.5574671E+03   0.0000000E+00   0.0000000E+00   0.0000000E+00   0.0000000E+00
   1.5574746E+03   0.0000000E+00   0.0000000E+00   0.0000000E+00   0.0000000E+00
   1.5574821E+03   0.0000000E+00   0.0000000E+00   0.0000000E+00   0.0000000E+00
   1.5574896E+03   0.0000000E+00   0.0000000E+00   0.0000000E+00   0.0000000E+00
   1.5574972E+03   0.0000000E+00   0.0000000E+00   0.0000000E+00   0.0000000E+00
   1.5575047E+03   0.0000000E+00   0.0000000E+00   0.0000000E+00   0.0000000E+00
   1.5575122E+03   0.0000000E+00   0.0000000E+00   0.0000000E+00   0.0000000E+00
   1.5575198E+03   0.0000000E+00   0.0000000E+00   0.0000000E+00   0.0000000E+00
   1.5575273E+03   0.0000000E+00   0.0000000E+00   0.0000000E+00   0.0000000E+00
   1.5575348E+03   0.0000000E+00   0.0000000E+00   0.0000000E+00   0.0000000E+00
   1.5575423E+03   0.0000000E+00   0.0000000E+00   0.0000000E+00   0.0000000E+00
   1.5575499E+03   0.0000000E+00   0.0000000E+00   0.0000000E+00   0.0000000E+00
   1.5575574E+03   0.0000000E+00   0.0000000E+00   0.0000000E+00   0.0000000E+00
   1.5575649E+03   0.0000000E+00   0.0000000E+00   0.0000000E+00   0.0000000E+00
   1.5575725E+03   0.0000000E+00   0.0000000E+00   0.0000000E+00   0.0000000E+00
   1.5575800E+03   0.0000000E+00   0.0000000E+00   0.0000000E+00   0.0000000E+00
   1.5575875E+03   0.0000000E+00   0.0000000E+00   0.0000000E+00   0.0000000E+00
   1.5575950E+03   0.0000000E+00   0.0000000E+00   0.0000000E+00   0.0000000E+00
   1.5576026E+03   0.0000000E+00   0.0000000E+00   0.0000000E+00   0.0000000E+00
   1.5576101E+03   0.0000000E+00   0.0000000E+00   0.0000000E+00   0.0000000E+00
   1.5576176E+03   0.0000000E+00   0.0000000E+00   0.0000000E+00   0.0000000E+00
   1.5576252E+03   0.0000000E+00   0.0000000E+00   0.0000000E+00   0.0000000E+00
   1.5576327E+03   0.0000000E+00   0.0000000E+00   0.0000000E+00   0.0000000E+00
   1.5576402E+03   0.0000000E+00   0.0000000E+00   0.0000000E+00   0.0000000E+00
   1.5576477E+03   0.0000000E+00   0.0000000E+00   0.0000000E+00   0.0000000E+00
   1.5576553E+03   0.0000000E+00   0.0000000E+00   0.0000000E+00   0.0000000E+00
   1.5576628E+03   0.0000000E+00   0.0000000E+00   0.0000000E+00   0.0000000E+00
   1.5576703E+03   0.0000000E+00   0.0000000E+00   0.0000000E+00   0.0000000E+00
   1.5576779E+03   0.0000000E+00   0.0000000E+00   0.0000000E+00   0.0000000E+00
   1.5576854E+03   0.0000000E+00   0.0000000E+00   0.0000000E+00   0.0000000E+00
   1.5576929E+03   0.0000000E+00   0.0000000E+00   0.0000000E+00   0.0000000E+00
   1.5577004E+03   0.0000000E+00   0.0000000E+00   0.0000000E+00   0.0000000E+00
   1.5577080E+03   0.0000000E+00   0.0000000E+00   0.0000000E+00   0.0000000E+00
   1.5577155E+03   0.0000000E+00   0.0000000E+00   0.0000000E+00   0.0000000E+00
   1.5577230E+03   0.0000000E+00   0.0000000E+00   0.0000000E+00   0.0000000E+00
   1.5577306E+03   0.0000000E+00   0.0000000E+00   0.0000000E+00   0.0000000E+00
   1.5577381E+03   0.0000000E+00   0.0000000E+00   0.0000000E+00   0.0000000E+00
   1.5577456E+03   0.0000000E+00   0.0000000E+00   0.0000000E+00   0.0000000E+00
   1.5577531E+03   0.0000000E+00   0.0000000E+00   0.0000000E+00   0.0000000E+00
   1.5577607E+03   0.0000000E+00   0.0000000E+00   0.0000000E+00   0.0000000E+00
   1.5577682E+03   0.0000000E+00   0.0000000E+00   0.0000000E+00   0.0000000E+00
   1.5577757E+03   0.0000000E+00   0.0000000E+00   0.0000000E+00   0.0000000E+00
   1.5577833E+03   0.0000000E+00   0.0000000E+00   0.0000000E+00   0.0000000E+00
   1.5577908E+03   1.0000000E+00   1.0000000E+00   3.7326061E-01   3.7326061E-01
   1.5577983E+03   0.0000000E+00   0.0000000E+00   0.0000000E+00   0.0000000E+00
   1.5578058E+03   0.0000000E+00   0.0000000E+00   0.0000000E+00   0.0000000E+00
   1.5578134E+03   0.0000000E+00   0.0000000E+00   0.0000000E+00   0.0000000E+00
   1.5578209E+03   0.0000000E+00   0.0000000E+00   0.0000000E+00   0.0000000E+00
   1.5578284E+03   0.0000000E+00   0.0000000E+00   0.0000000E+00   0.0000000E+00
   1.5578359E+03   0.0000000E+00   0.0000000E+00   0.0000000E+00   0.0000000E+00
   1.5578435E+03   0.0000000E+00   0.0000000E+00   0.0000000E+00   0.0000000E+00
   1.5578510E+03   0.0000000E+00   0.0000000E+00   0.0000000E+00   0.0000000E+00
   1.5578585E+03   0.0000000E+00   0.0000000E+00   0.0000000E+00   0.0000000E+00
   1.5578661E+03   0.0000000E+00   0.0000000E+00   0.0000000E+00   0.0000000E+00
   1.5578736E+03   0.0000000E+00   0.0000000E+00   0.0000000E+00   0.0000000E+00
   1.5578811E+03   0.0000000E+00   0.0000000E+00   0.0000000E+00   0.0000000E+00
   1.5578886E+03   0.0000000E+00   0.0000000E+00   0.0000000E+00   0.0000000E+00
   1.5578962E+03   0.0000000E+00   0.0000000E+00   0.0000000E+00   0.0000000E+00
   1.5579037E+03   0.0000000E+00   0.0000000E+00   0.0000000E+00   0.0000000E+00
   1.5579112E+03   0.0000000E+00   0.0000000E+00   0.0000000E+00   0.0000000E+00
   1.5579188E+03   0.0000000E+00   0.0000000E+00   0.0000000E+00   0.0000000E+00
   1.5579263E+03   0.0000000E+00   0.0000000E+00   0.0000000E+00   0.0000000E+00
   1.5579338E+03   0.0000000E+00   0.0000000E+00   0.0000000E+00   0.0000000E+00
   1.5579413E+03   0.0000000E+00   0.0000000E+00   0.0000000E+00   0.0000000E+00
   1.5579489E+03   0.0000000E+00   0.0000000E+00   0.0000000E+00   0.0000000E+00
   1.5579564E+03   0.0000000E+00   0.0000000E+00   0.0000000E+00   0.0000000E+00
   1.5579639E+03   0.0000000E+00   0.0000000E+00   0.0000000E+00   0.0000000E+00
   1.5579715E+03   0.0000000E+00   0.0000000E+00   0.0000000E+00   0.0000000E+00
   1.5579790E+03   0.0000000E+00   0.0000000E+00   0.0000000E+00   0.0000000E+00
   1.5579865E+03   0.0000000E+00   0.0000000E+00   0.0000000E+00   0.0000000E+00
   1.5579940E+03   0.0000000E+00   0.0000000E+00   0.0000000E+00   0.0000000E+00
   1.5580016E+03   0.0000000E+00   0.0000000E+00   0.0000000E+00   0.0000000E+00
   1.5580091E+03   0.0000000E+00   0.0000000E+00   0.0000000E+00   0.0000000E+00
   1.5580166E+03   0.0000000E+00   0.0000000E+00   0.0000000E+00   0.0000000E+00
   1.5580242E+03   0.0000000E+00   0.0000000E+00   0.0000000E+00   0.0000000E+00
   1.5580317E+03   0.0000000E+00   0.0000000E+00   0.0000000E+00   0.0000000E+00
   1.5580392E+03   0.0000000E+00   0.0000000E+00   0.0000000E+00   0.0000000E+00
   1.5580467E+03   0.0000000E+00   0.0000000E+00   0.0000000E+00   0.0000000E+00
   1.5580543E+03   0.0000000E+00   0.0000000E+00   0.0000000E+00   0.0000000E+00
   1.5580618E+03   0.0000000E+00   0.0000000E+00   0.0000000E+00   0.0000000E+00
   1.5580693E+03   0.0000000E+00   0.0000000E+00   0.0000000E+00   0.0000000E+00
   1.5580769E+03   0.0000000E+00   0.0000000E+00   0.0000000E+00   0.0000000E+00
   1.5580844E+03   0.0000000E+00   0.0000000E+00   0.0000000E+00   0.0000000E+00
   1.5580919E+03   0.0000000E+00   0.0000000E+00   0.0000000E+00   0.0000000E+00
   1.5580994E+03   0.0000000E+00   0.0000000E+00   0.0000000E+00   0.0000000E+00
   1.5581070E+03   0.0000000E+00   0.0000000E+00   0.0000000E+00   0.0000000E+00
   1.5581145E+03   0.0000000E+00   0.0000000E+00   0.0000000E+00   0.0000000E+00
   1.5581220E+03   0.0000000E+00   0.0000000E+00   0.0000000E+00   0.0000000E+00
   1.5581296E+03   0.0000000E+00   0.0000000E+00   0.0000000E+00   0.0000000E+00
   1.5581371E+03   0.0000000E+00   0.0000000E+00   0.0000000E+00   0.0000000E+00
   1.5581446E+03   0.0000000E+00   0.0000000E+00   0.0000000E+00   0.0000000E+00
   1.5581521E+03   0.0000000E+00   0.0000000E+00   0.0000000E+00   0.0000000E+00
   1.5581597E+03   0.0000000E+00   0.0000000E+00   0.0000000E+00   0.0000000E+00
   1.5581672E+03   0.0000000E+00   0.0000000E+00   0.0000000E+00   0.0000000E+00
   1.5581747E+03   0.0000000E+00   0.0000000E+00   0.0000000E+00   0.0000000E+00
   1.5581823E+03   0.0000000E+00   0.0000000E+00   0.0000000E+00   0.0000000E+00
   1.5581898E+03   0.0000000E+00   0.0000000E+00   0.0000000E+00   0.0000000E+00
   1.5581973E+03   0.0000000E+00   0.0000000E+00   0.0000000E+00   0.0000000E+00
   1.5582048E+03   0.0000000E+00   0.0000000E+00   0.0000000E+00   0.0000000E+00
   1.5582124E+03   0.0000000E+00   0.0000000E+00   0.0000000E+00   0.0000000E+00
   1.5582199E+03   0.0000000E+00   0.0000000E+00   0.0000000E+00   0.0000000E+00
   1.5582274E+03   0.0000000E+00   0.0000000E+00   0.0000000E+00   0.0000000E+00
   1.5582350E+03   0.0000000E+00   0.0000000E+00   0.0000000E+00   0.0000000E+00
   1.5582425E+03   0.0000000E+00   0.0000000E+00   0.0000000E+00   0.0000000E+00
   1.5582500E+03   0.0000000E+00   0.0000000E+00   0.0000000E+00   0.0000000E+00
   1.5582575E+03   0.0000000E+00   0.0000000E+00   0.0000000E+00   0.0000000E+00
   1.5582651E+03   0.0000000E+00   0.0000000E+00   0.0000000E+00   0.0000000E+00
   1.5582726E+03   0.0000000E+00   0.0000000E+00   0.0000000E+00   0.0000000E+00
   1.5582801E+03   0.0000000E+00   0.0000000E+00   0.0000000E+00   0.0000000E+00
   1.5582876E+03   0.0000000E+00   0.0000000E+00   0.0000000E+00   0.0000000E+00
   1.5582952E+03   0.0000000E+00   0.0000000E+00   0.0000000E+00   0.0000000E+00
   1.5583027E+03   0.0000000E+00   0.0000000E+00   0.0000000E+00   0.0000000E+00
   1.5583102E+03   0.0000000E+00   0.0000000E+00   0.0000000E+00   0.0000000E+00
   1.5583178E+03   0.0000000E+00   0.0000000E+00   0.0000000E+00   0.0000000E+00
   1.5583253E+03   0.0000000E+00   0.0000000E+00   0.0000000E+00   0.0000000E+00
   1.5583328E+03   0.0000000E+00   0.0000000E+00   0.0000000E+00   0.0000000E+00
   1.5583403E+03   0.0000000E+00   0.0000000E+00   0.0000000E+00   0.0000000E+00
   1.5583479E+03   0.0000000E+00   0.0000000E+00   0.0000000E+00   0.0000000E+00
   1.5583554E+03   0.0000000E+00   0.0000000E+00   0.0000000E+00   0.0000000E+00
   1.5583629E+03   0.0000000E+00   0.0000000E+00   0.0000000E+00   0.0000000E+00
   1.5583705E+03   0.0000000E+00   0.0000000E+00   0.0000000E+00   0.0000000E+00
   1.5583780E+03   0.0000000E+00   0.0000000E+00   0.0000000E+00   0.0000000E+00
   1.5583855E+03   0.0000000E+00   0.0000000E+00   0.0000000E+00   0.0000000E+00
   1.5583930E+03   0.0000000E+00   0.0000000E+00   0.0000000E+00   0.0000000E+00
   1.5584006E+03   0.0000000E+00   0.0000000E+00   0.0000000E+00   0.0000000E+00
   1.5584081E+03   0.0000000E+00   0.0000000E+00   0.0000000E+00   0.0000000E+00
   1.5584156E+03   0.0000000E+00   0.0000000E+00   0.0000000E+00   0.0000000E+00
   1.5584232E+03   0.0000000E+00   0.0000000E+00   0.0000000E+00   0.0000000E+00
   1.5584307E+03   0.0000000E+00   0.0000000E+00   0.0000000E+00   0.0000000E+00
   1.5584382E+03   0.0000000E+00   0.0000000E+00   0.0000000E+00   0.0000000E+00
   1.5584457E+03   0.0000000E+00   0.0000000E+00   0.0000000E+00   0.0000000E+00
   1.5584533E+03   0.0000000E+00   0.0000000E+00   0.0000000E+00   0.0000000E+00
   1.5584608E+03   0.0000000E+00   0.0000000E+00   0.0000000E+00   0.0000000E+00
   1.5584683E+03   0.0000000E+00   0.0000000E+00   0.0000000E+00   0.0000000E+00
   1.5584759E+03   0.0000000E+00   0.0000000E+00   0.0000000E+00   0.0000000E+00
   1.5584834E+03   0.0000000E+00   0.0000000E+00   0.0000000E+00   0.0000000E+00
   1.5584909E+03   0.0000000E+00   0.0000000E+00   0.0000000E+00   0.0000000E+00
   1.5584984E+03   0.0000000E+00   0.0000000E+00   0.0000000E+00   0.0000000E+00
   1.5585060E+03   0.0000000E+00   0.0000000E+00   0.0000000E+00   0.0000000E+00
   1.5585135E+03   0.0000000E+00   0.0000000E+00   0.0000000E+00   0.0000000E+00
   1.5585210E+03   0.0000000E+00   0.0000000E+00   0.0000000E+00   0.0000000E+00
   1.5585286E+03   0.0000000E+00   0.0000000E+00   0.0000000E+00   0.0000000E+00
   1.5585361E+03   0.0000000E+00   0.0000000E+00   0.0000000E+00   0.0000000E+00
   1.5585436E+03   0.0000000E+00   0.0000000E+00   0.0000000E+00   0.0000000E+00
   1.5585511E+03   0.0000000E+00   0.0000000E+00   0.0000000E+00   0.0000000E+00
   1.5585587E+03   0.0000000E+00   0.0000000E+00   0.0000000E+00   0.0000000E+00
   1.5585662E+03   0.0000000E+00   0.0000000E+00   0.0000000E+00   0.0000000E+00
   1.5585737E+03   0.0000000E+00   0.0000000E+00   0.0000000E+00   0.0000000E+00
   1.5585813E+03   0.0000000E+00   0.0000000E+00   0.0000000E+00   0.0000000E+00
   1.5585888E+03   0.0000000E+00   0.0000000E+00   0.0000000E+00   0.0000000E+00
   1.5585963E+03   0.0000000E+00   0.0000000E+00   0.0000000E+00   0.0000000E+00
   1.5586038E+03   0.0000000E+00   0.0000000E+00   0.0000000E+00   0.0000000E+00
   1.5586114E+03   0.0000000E+00   0.0000000E+00   0.0000000E+00   0.0000000E+00
   1.5586189E+03   0.0000000E+00   0.0000000E+00   0.0000000E+00   0.0000000E+00
   1.5586264E+03   0.0000000E+00   0.0000000E+00   0.0000000E+00   0.0000000E+00
   1.5586340E+03   0.0000000E+00   0.0000000E+00   0.0000000E+00   0.0000000E+00
   1.5586415E+03   0.0000000E+00   0.0000000E+00   0.0000000E+00   0.0000000E+00
   1.5586490E+03   0.0000000E+00   0.0000000E+00   0.0000000E+00   0.0000000E+00
   1.5586565E+03   0.0000000E+00   0.0000000E+00   0.0000000E+00   0.0000000E+00
   1.5586641E+03   0.0000000E+00   0.0000000E+00   0.0000000E+00   0.0000000E+00
   1.5586716E+03   0.0000000E+00   0.0000000E+00   0.0000000E+00   0.0000000E+00
   1.5586791E+03   0.0000000E+00   0.0000000E+00   0.0000000E+00   0.0000000E+00
   1.5586867E+03   0.0000000E+00   0.0000000E+00   0.0000000E+00   0.0000000E+00
   1.5586942E+03   0.0000000E+00   0.0000000E+00   0.0000000E+00   0.0000000E+00
   1.5587017E+03   0.0000000E+00   0.0000000E+00   0.0000000E+00   0.0000000E+00
   1.5587092E+03   0.0000000E+00   0.0000000E+00   0.0000000E+00   0.0000000E+00
   1.5587168E+03   0.0000000E+00   0.0000000E+00   0.0000000E+00   0.0000000E+00
   1.5587243E+03   0.0000000E+00   0.0000000E+00   0.0000000E+00   0.0000000E+00
   1.5587318E+03   0.0000000E+00   0.0000000E+00   0.0000000E+00   0.0000000E+00
   1.5587393E+03   0.0000000E+00   0.0000000E+00   0.0000000E+00   0.0000000E+00
   1.5587469E+03   0.0000000E+00   0.0000000E+00   0.0000000E+00   0.0000000E+00
   1.5587544E+03   0.0000000E+00   0.0000000E+00   0.0000000E+00   0.0000000E+00
   1.5587619E+03   0.0000000E+00   0.0000000E+00   0.0000000E+00   0.0000000E+00
   1.5587695E+03   0.0000000E+00   0.0000000E+00   0.0000000E+00   0.0000000E+00
   1.5587770E+03   0.0000000E+00   0.0000000E+00   0.0000000E+00   0.0000000E+00
   1.5587845E+03   0.0000000E+00   0.0000000E+00   0.0000000E+00   0.0000000E+00
   1.5587920E+03   0.0000000E+00   0.0000000E+00   0.0000000E+00   0.0000000E+00
   1.5587996E+03   0.0000000E+00   0.0000000E+00   0.0000000E+00   0.0000000E+00
   1.5588071E+03   0.0000000E+00   0.0000000E+00   0.0000000E+00   0.0000000E+00
   1.5588146E+03   0.0000000E+00   0.0000000E+00   0.0000000E+00   0.0000000E+00
   1.5588222E+03   0.0000000E+00   0.0000000E+00   0.0000000E+00   0.0000000E+00
   1.5588297E+03   0.0000000E+00   0.0000000E+00   0.0000000E+00   0.0000000E+00
   1.5588372E+03   0.0000000E+00   0.0000000E+00   0.0000000E+00   0.0000000E+00
   1.5588447E+03   0.0000000E+00   0.0000000E+00   0.0000000E+00   0.0000000E+00
   1.5588523E+03   0.0000000E+00   0.0000000E+00   0.0000000E+00   0.0000000E+00
   1.5588598E+03   0.0000000E+00   0.0000000E+00   0.0000000E+00   0.0000000E+00
   1.5588673E+03   0.0000000E+00   0.0000000E+00   0.0000000E+00   0.0000000E+00
   1.5588749E+03   0.0000000E+00   0.0000000E+00   0.0000000E+00   0.0000000E+00
   1.5588824E+03   0.0000000E+00   0.0000000E+00   0.0000000E+00   0.0000000E+00
   1.5588899E+03   0.0000000E+00   0.0000000E+00   0.0000000E+00   0.0000000E+00
   1.5588974E+03   0.0000000E+00   0.0000000E+00   0.0000000E+00   0.0000000E+00
   1.5589050E+03   0.0000000E+00   0.0000000E+00   0.0000000E+00   0.0000000E+00
   1.5589125E+03   0.0000000E+00   0.0000000E+00   0.0000000E+00   0.0000000E+00
   1.5589200E+03   0.0000000E+00   0.0000000E+00   0.0000000E+00   0.0000000E+00
   1.5589276E+03   0.0000000E+00   0.0000000E+00   0.0000000E+00   0.0000000E+00
   1.5589351E+03   0.0000000E+00   0.0000000E+00   0.0000000E+00   0.0000000E+00
   1.5589426E+03   0.0000000E+00   0.0000000E+00   0.0000000E+00   0.0000000E+00
   1.5589501E+03   0.0000000E+00   0.0000000E+00   0.0000000E+00   0.0000000E+00
   1.5589577E+03   0.0000000E+00   0.0000000E+00   0.0000000E+00   0.0000000E+00
   1.5589652E+03   0.0000000E+00   0.0000000E+00   0.0000000E+00   0.0000000E+00
   1.5589727E+03   0.0000000E+00   0.0000000E+00   0.0000000E+00   0.0000000E+00
   1.5589803E+03   0.0000000E+00   0.0000000E+00   0.0000000E+00   0.0000000E+00
   1.5589878E+03   0.0000000E+00   0.0000000E+00   0.0000000E+00   0.0000000E+00
   1.5589953E+03   0.0000000E+00   0.0000000E+00   0.0000000E+00   0.0000000E+00
   1.5590028E+03   0.0000000E+00   0.0000000E+00   0.0000000E+00   0.0000000E+00
   1.5590104E+03   0.0000000E+00   0.0000000E+00   0.0000000E+00   0.0000000E+00
   1.5590179E+03   0.0000000E+00   0.0000000E+00   0.0000000E+00   0.0000000E+00
   1.5590254E+03   0.0000000E+00   0.0000000E+00   0.0000000E+00   0.0000000E+00
   1.5590330E+03   0.0000000E+00   0.0000000E+00   0.0000000E+00   0.0000000E+00
   1.5590405E+03   0.0000000E+00   0.0000000E+00   0.0000000E+00   0.0000000E+00
   1.5590480E+03   0.0000000E+00   0.0000000E+00   0.0000000E+00   0.0000000E+00
   1.5590555E+03   0.0000000E+00   0.0000000E+00   0.0000000E+00   0.0000000E+00
   1.5590631E+03   0.0000000E+00   0.0000000E+00   0.0000000E+00   0.0000000E+00
   1.5590706E+03   0.0000000E+00   0.0000000E+00   0.0000000E+00   0.0000000E+00
   1.5590781E+03   0.0000000E+00   0.0000000E+00   0.0000000E+00   0.0000000E+00
   1.5590857E+03   0.0000000E+00   0.0000000E+00   0.0000000E+00   0.0000000E+00
   1.5590932E+03   0.0000000E+00   0.0000000E+00   0.0000000E+00   0.0000000E+00
   1.5591007E+03   0.0000000E+00   0.0000000E+00   0.0000000E+00   0.0000000E+00
   1.5591082E+03   0.0000000E+00   0.0000000E+00   0.0000000E+00   0.0000000E+00
   1.5591158E+03   0.0000000E+00   0.0000000E+00   0.0000000E+00   0.0000000E+00
   1.5591233E+03   0.0000000E+00   0.0000000E+00   0.0000000E+00   0.0000000E+00
   1.5591308E+03   0.0000000E+00   0.0000000E+00   0.0000000E+00   0.0000000E+00
   1.5591384E+03   0.0000000E+00   0.0000000E+00   0.0000000E+00   0.0000000E+00
   1.5591459E+03   0.0000000E+00   0.0000000E+00   0.0000000E+00   0.0000000E+00
   1.5591534E+03   0.0000000E+00   0.0000000E+00   0.0000000E+00   0.0000000E+00
   1.5591609E+03   0.0000000E+00   0.0000000E+00   0.0000000E+00   0.0000000E+00
   1.5591685E+03   0.0000000E+00   0.0000000E+00   0.0000000E+00   0.0000000E+00
   1.5591760E+03   0.0000000E+00   0.0000000E+00   0.0000000E+00   0.0000000E+00
   1.5591835E+03   0.0000000E+00   0.0000000E+00   0.0000000E+00   0.0000000E+00
   1.5591910E+03   0.0000000E+00   0.0000000E+00   0.0000000E+00   0.0000000E+00
   1.5591986E+03   0.0000000E+00   0.0000000E+00   0.0000000E+00   0.0000000E+00
   1.5592061E+03   0.0000000E+00   0.0000000E+00   0.0000000E+00   0.0000000E+00
   1.5592136E+03   0.0000000E+00   0.0000000E+00   0.0000000E+00   0.0000000E+00
   1.5592212E+03   0.0000000E+00   0.0000000E+00   0.0000000E+00   0.0000000E+00
   1.5592287E+03   0.0000000E+00   0.0000000E+00   0.0000000E+00   0.0000000E+00
   1.5592362E+03   0.0000000E+00   0.0000000E+00   0.0000000E+00   0.0000000E+00
   1.5592437E+03   0.0000000E+00   0.0000000E+00   0.0000000E+00   0.0000000E+00
   1.5592513E+03   0.0000000E+00   0.0000000E+00   0.0000000E+00   0.0000000E+00
   1.5592588E+03   0.0000000E+00   0.0000000E+00   0.0000000E+00   0.0000000E+00
   1.5592663E+03   0.0000000E+00   0.0000000E+00   0.0000000E+00   0.0000000E+00
   1.5592739E+03   0.0000000E+00   0.0000000E+00   0.0000000E+00   0.0000000E+00
   1.5592814E+03   0.0000000E+00   0.0000000E+00   0.0000000E+00   0.0000000E+00
   1.5592889E+03   0.0000000E+00   0.0000000E+00   0.0000000E+00   0.0000000E+00
   1.5592964E+03   0.0000000E+00   0.0000000E+00   0.0000000E+00   0.0000000E+00
   1.5593040E+03   0.0000000E+00   0.0000000E+00   0.0000000E+00   0.0000000E+00
   1.5593115E+03   0.0000000E+00   0.0000000E+00   0.0000000E+00   0.0000000E+00
   1.5593190E+03   0.0000000E+00   0.0000000E+00   0.0000000E+00   0.0000000E+00
   1.5593266E+03   0.0000000E+00   0.0000000E+00   0.0000000E+00   0.0000000E+00
   1.5593341E+03   0.0000000E+00   0.0000000E+00   0.0000000E+00   0.0000000E+00
   1.5593416E+03   0.0000000E+00   0.0000000E+00   0.0000000E+00   0.0000000E+00
   1.5593491E+03   0.0000000E+00   0.0000000E+00   0.0000000E+00   0.0000000E+00
   1.5593567E+03   0.0000000E+00   0.0000000E+00   0.0000000E+00   0.0000000E+00
   1.5593642E+03   0.0000000E+00   0.0000000E+00   0.0000000E+00   0.0000000E+00
   1.5593717E+03   0.0000000E+00   0.0000000E+00   0.0000000E+00   0.0000000E+00
   1.5593793E+03   0.0000000E+00   0.0000000E+00   0.0000000E+00   0.0000000E+00
   1.5593868E+03   0.0000000E+00   0.0000000E+00   0.0000000E+00   0.0000000E+00
   1.5593943E+03   0.0000000E+00   0.0000000E+00   0.0000000E+00   0.0000000E+00
   1.5594018E+03   0.0000000E+00   0.0000000E+00   0.0000000E+00   0.0000000E+00
   1.5594094E+03   0.0000000E+00   0.0000000E+00   0.0000000E+00   0.0000000E+00
   1.5594169E+03   0.0000000E+00   0.0000000E+00   0.0000000E+00   0.0000000E+00
   1.5594244E+03   0.0000000E+00   0.0000000E+00   0.0000000E+00   0.0000000E+00
   1.5594320E+03   0.0000000E+00   0.0000000E+00   0.0000000E+00   0.0000000E+00
   1.5594395E+03   0.0000000E+00   0.0000000E+00   0.0000000E+00   0.0000000E+00
   1.5594470E+03   0.0000000E+00   0.0000000E+00   0.0000000E+00   0.0000000E+00
   1.5594545E+03   0.0000000E+00   0.0000000E+00   0.0000000E+00   0.0000000E+00
   1.5594621E+03   0.0000000E+00   0.0000000E+00   0.0000000E+00   0.0000000E+00
   1.5594696E+03   0.0000000E+00   0.0000000E+00   0.0000000E+00   0.0000000E+00
   1.5594771E+03   0.0000000E+00   0.0000000E+00   0.0000000E+00   0.0000000E+00
   1.5594847E+03   0.0000000E+00   0.0000000E+00   0.0000000E+00   0.0000000E+00
   1.5594922E+03   0.0000000E+00   0.0000000E+00   0.0000000E+00   0.0000000E+00
   1.5594997E+03   0.0000000E+00   0.0000000E+00   0.0000000E+00   0.0000000E+00
   1.5595072E+03   0.0000000E+00   0.0000000E+00   0.0000000E+00   0.0000000E+00
   1.5595148E+03   0.0000000E+00   0.0000000E+00   0.0000000E+00   0.0000000E+00
   1.5595223E+03   0.0000000E+00   0.0000000E+00   0.0000000E+00   0.0000000E+00
   1.5595298E+03   0.0000000E+00   0.0000000E+00   0.0000000E+00   0.0000000E+00
   1.5595374E+03   0.0000000E+00   0.0000000E+00   0.0000000E+00   0.0000000E+00
   1.5595449E+03   0.0000000E+00   0.0000000E+00   0.0000000E+00   0.0000000E+00
   1.5595524E+03   0.0000000E+00   0.0000000E+00   0.0000000E+00   0.0000000E+00
   1.5595599E+03   0.0000000E+00   0.0000000E+00   0.0000000E+00   0.0000000E+00
   1.5595675E+03   0.0000000E+00   0.0000000E+00   0.0000000E+00   0.0000000E+00
   1.5595750E+03   0.0000000E+00   0.0000000E+00   0.0000000E+00   0.0000000E+00
   1.5595825E+03   0.0000000E+00   0.0000000E+00   0.0000000E+00   0.0000000E+00
   1.5595901E+03   0.0000000E+00   0.0000000E+00   0.0000000E+00   0.0000000E+00
   1.5595976E+03   0.0000000E+00   0.0000000E+00   0.0000000E+00   0.0000000E+00
   1.5596051E+03   0.0000000E+00   0.0000000E+00   0.0000000E+00   0.0000000E+00
   1.5596126E+03   0.0000000E+00   0.0000000E+00   0.0000000E+00   0.0000000E+00
   1.5596202E+03   0.0000000E+00   0.0000000E+00   0.0000000E+00   0.0000000E+00
   1.5596277E+03   0.0000000E+00   0.0000000E+00   0.0000000E+00   0.0000000E+00
   1.5596352E+03   0.0000000E+00   0.0000000E+00   0.0000000E+00   0.0000000E+00
   1.5596427E+03   0.0000000E+00   0.0000000E+00   0.0000000E+00   0.0000000E+00
   1.5596503E+03   0.0000000E+00   0.0000000E+00   0.0000000E+00   0.0000000E+00
   1.5596578E+03   0.0000000E+00   0.0000000E+00   0.0000000E+00   0.0000000E+00
   1.5596653E+03   0.0000000E+00   0.0000000E+00   0.0000000E+00   0.0000000E+00
   1.5596729E+03   0.0000000E+00   0.0000000E+00   0.0000000E+00   0.0000000E+00
   1.5596804E+03   0.0000000E+00   0.0000000E+00   0.0000000E+00   0.0000000E+00
   1.5596879E+03   0.0000000E+00   0.0000000E+00   0.0000000E+00   0.0000000E+00
   1.5596954E+03   0.0000000E+00   0.0000000E+00   0.0000000E+00   0.0000000E+00
   1.5597030E+03   0.0000000E+00   0.0000000E+00   0.0000000E+00   0.0000000E+00
   1.5597105E+03   0.0000000E+00   0.0000000E+00   0.0000000E+00   0.0000000E+00
   1.5597180E+03   0.0000000E+00   0.0000000E+00   0.0000000E+00   0.0000000E+00
   1.5597256E+03   0.0000000E+00   0.0000000E+00   0.0000000E+00   0.0000000E+00
   1.5597331E+03   0.0000000E+00   0.0000000E+00   0.0000000E+00   0.0000000E+00
   1.5597406E+03   0.0000000E+00   0.0000000E+00   0.0000000E+00   0.0000000E+00
   1.5597481E+03   0.0000000E+00   0.0000000E+00   0.0000000E+00   0.0000000E+00
   1.5597557E+03   0.0000000E+00   0.0000000E+00   0.0000000E+00   0.0000000E+00
   1.5597632E+03   0.0000000E+00   0.0000000E+00   0.0000000E+00   0.0000000E+00
   1.5597707E+03   0.0000000E+00   0.0000000E+00   0.0000000E+00   0.0000000E+00
   1.5597783E+03   0.0000000E+00   0.0000000E+00   0.0000000E+00   0.0000000E+00
   1.5597858E+03   0.0000000E+00   0.0000000E+00   0.0000000E+00   0.0000000E+00
   1.5597933E+03   0.0000000E+00   0.0000000E+00   0.0000000E+00   0.0000000E+00
   1.5598008E+03   0.0000000E+00   0.0000000E+00   0.0000000E+00   0.0000000E+00
   1.5598084E+03   0.0000000E+00   0.0000000E+00   0.0000000E+00   0.0000000E+00
   1.5598159E+03   0.0000000E+00   0.0000000E+00   0.0000000E+00   0.0000000E+00
   1.5598234E+03   0.0000000E+00   0.0000000E+00   0.0000000E+00   0.0000000E+00
   1.5598310E+03   0.0000000E+00   0.0000000E+00   0.0000000E+00   0.0000000E+00
   1.5598385E+03   0.0000000E+00   0.0000000E+00   0.0000000E+00   0.0000000E+00
   1.5598460E+03   0.0000000E+00   0.0000000E+00   0.0000000E+00   0.0000000E+00
   1.5598535E+03   0.0000000E+00   0.0000000E+00   0.0000000E+00   0.0000000E+00
   1.5598611E+03   0.0000000E+00   0.0000000E+00   0.0000000E+00   0.0000000E+00
   1.5598686E+03   0.0000000E+00   0.0000000E+00   0.0000000E+00   0.0000000E+00
   1.5598761E+03   0.0000000E+00   0.0000000E+00   0.0000000E+00   0.0000000E+00
   1.5598837E+03   0.0000000E+00   0.0000000E+00   0.0000000E+00   0.0000000E+00
   1.5598912E+03   0.0000000E+00   0.0000000E+00   0.0000000E+00   0.0000000E+00
   1.5598987E+03   0.0000000E+00   0.0000000E+00   0.0000000E+00   0.0000000E+00
   1.5599062E+03   0.0000000E+00   0.0000000E+00   0.0000000E+00   0.0000000E+00
   1.5599138E+03   0.0000000E+00   0.0000000E+00   0.0000000E+00   0.0000000E+00
   1.5599213E+03   0.0000000E+00   0.0000000E+00   0.0000000E+00   0.0000000E+00
   1.5599288E+03   0.0000000E+00   0.0000000E+00   0.0000000E+00   0.0000000E+00
   1.5599364E+03   0.0000000E+00   0.0000000E+00   0.0000000E+00   0.0000000E+00
   1.5599439E+03   0.0000000E+00   0.0000000E+00   0.0000000E+00   0.0000000E+00
   1.5599514E+03   0.0000000E+00   0.0000000E+00   0.0000000E+00   0.0000000E+00
   1.5599589E+03   0.0000000E+00   0.0000000E+00   0.0000000E+00   0.0000000E+00
   1.5599665E+03   0.0000000E+00   0.0000000E+00   0.0000000E+00   0.0000000E+00
   1.5599740E+03   0.0000000E+00   0.0000000E+00   0.0000000E+00   0.0000000E+00
   1.5599815E+03   0.0000000E+00   0.0000000E+00   0.0000000E+00   0.0000000E+00
   1.5599891E+03   0.0000000E+00   0.0000000E+00   0.0000000E+00   0.0000000E+00
   1.5599966E+03   0.0000000E+00   0.0000000E+00   0.0000000E+00   0.0000000E+00
   1.5600041E+03   0.0000000E+00   0.0000000E+00   0.0000000E+00   0.0000000E+00
   1.5600116E+03   0.0000000E+00   0.0000000E+00   0.0000000E+00   0.0000000E+00
   1.5600192E+03   0.0000000E+00   0.0000000E+00   0.0000000E+00   0.0000000E+00
   1.5600267E+03   0.0000000E+00   0.0000000E+00   0.0000000E+00   0.0000000E+00
   1.5600342E+03   0.0000000E+00   0.0000000E+00   0.0000000E+00   0.0000000E+00
   1.5600418E+03   0.0000000E+00   0.0000000E+00   0.0000000E+00   0.0000000E+00
   1.5600493E+03   0.0000000E+00   0.0000000E+00   0.0000000E+00   0.0000000E+00
   1.5600568E+03   0.0000000E+00   0.0000000E+00   0.0000000E+00   0.0000000E+00
   1.5600643E+03   0.0000000E+00   0.0000000E+00   0.0000000E+00   0.0000000E+00
   1.5600719E+03   0.0000000E+00   0.0000000E+00   0.0000000E+00   0.0000000E+00
   1.5600794E+03   0.0000000E+00   0.0000000E+00   0.0000000E+00   0.0000000E+00
   1.5600869E+03   0.0000000E+00   0.0000000E+00   0.0000000E+00   0.0000000E+00
   1.5600944E+03   0.0000000E+00   0.0000000E+00   0.0000000E+00   0.0000000E+00
   1.5601020E+03   0.0000000E+00   0.0000000E+00   0.0000000E+00   0.0000000E+00
   1.5601095E+03   0.0000000E+00   0.0000000E+00   0.0000000E+00   0.0000000E+00
   1.5601170E+03   0.0000000E+00   0.0000000E+00   0.0000000E+00   0.0000000E+00
   1.5601246E+03   0.0000000E+00   0.0000000E+00   0.0000000E+00   0.0000000E+00
   1.5601321E+03   0.0000000E+00   0.0000000E+00   0.0000000E+00   0.0000000E+00
   1.5601396E+03   0.0000000E+00   0.0000000E+00   0.0000000E+00   0.0000000E+00
   1.5601471E+03   0.0000000E+00   0.0000000E+00   0.0000000E+00   0.0000000E+00
   1.5601547E+03   0.0000000E+00   0.0000000E+00   0.0000000E+00   0.0000000E+00
   1.5601622E+03   0.0000000E+00   0.0000000E+00   0.0000000E+00   0.0000000E+00
   1.5601697E+03   0.0000000E+00   0.0000000E+00   0.0000000E+00   0.0000000E+00
   1.5601773E+03   0.0000000E+00   0.0000000E+00   0.0000000E+00   0.0000000E+00
   1.5601848E+03   0.0000000E+00   0.0000000E+00   0.0000000E+00   0.0000000E+00
   1.5601923E+03   0.0000000E+00   0.0000000E+00   0.0000000E+00   0.0000000E+00
   1.5601998E+03   0.0000000E+00   0.0000000E+00   0.0000000E+00   0.0000000E+00
   1.5602074E+03   0.0000000E+00   0.0000000E+00   0.0000000E+00   0.0000000E+00
   1.5602149E+03   0.0000000E+00   0.0000000E+00   0.0000000E+00   0.0000000E+00
   1.5602224E+03   0.0000000E+00   0.0000000E+00   0.0000000E+00   0.0000000E+00
   1.5602300E+03   0.0000000E+00   0.0000000E+00   0.0000000E+00   0.0000000E+00
   1.5602375E+03   0.0000000E+00   0.0000000E+00   0.0000000E+00   0.0000000E+00
   1.5602450E+03   0.0000000E+00   0.0000000E+00   0.0000000E+00   0.0000000E+00
   1.5602525E+03   0.0000000E+00   0.0000000E+00   0.0000000E+00   0.0000000E+00
   1.5602601E+03   0.0000000E+00   0.0000000E+00   0.0000000E+00   0.0000000E+00
   1.5602676E+03   0.0000000E+00   0.0000000E+00   0.0000000E+00   0.0000000E+00
   1.5602751E+03   0.0000000E+00   0.0000000E+00   0.0000000E+00   0.0000000E+00
   1.5602827E+03   0.0000000E+00   0.0000000E+00   0.0000000E+00   0.0000000E+00
   1.5602902E+03   0.0000000E+00   0.0000000E+00   0.0000000E+00   0.0000000E+00
   1.5602977E+03   0.0000000E+00   0.0000000E+00   0.0000000E+00   0.0000000E+00
   1.5603052E+03   0.0000000E+00   0.0000000E+00   0.0000000E+00   0.0000000E+00
   1.5603128E+03   0.0000000E+00   0.0000000E+00   0.0000000E+00   0.0000000E+00
   1.5603203E+03   0.0000000E+00   0.0000000E+00   0.0000000E+00   0.0000000E+00
   1.5603278E+03   0.0000000E+00   0.0000000E+00   0.0000000E+00   0.0000000E+00
   1.5603354E+03   0.0000000E+00   0.0000000E+00   0.0000000E+00   0.0000000E+00
   1.5603429E+03   0.0000000E+00   0.0000000E+00   0.0000000E+00   0.0000000E+00
   1.5603504E+03   0.0000000E+00   0.0000000E+00   0.0000000E+00   0.0000000E+00
   1.5603579E+03   0.0000000E+00   0.0000000E+00   0.0000000E+00   0.0000000E+00
   1.5603655E+03   0.0000000E+00   0.0000000E+00   0.0000000E+00   0.0000000E+00
   1.5603730E+03   0.0000000E+00   0.0000000E+00   0.0000000E+00   0.0000000E+00
   1.5603805E+03   0.0000000E+00   0.0000000E+00   0.0000000E+00   0.0000000E+00
   1.5603881E+03   0.0000000E+00   0.0000000E+00   0.0000000E+00   0.0000000E+00
   1.5603956E+03   0.0000000E+00   0.0000000E+00   0.0000000E+00   0.0000000E+00
   1.5604031E+03   0.0000000E+00   0.0000000E+00   0.0000000E+00   0.0000000E+00
   1.5604106E+03   0.0000000E+00   0.0000000E+00   0.0000000E+00   0.0000000E+00
   1.5604182E+03   0.0000000E+00   0.0000000E+00   0.0000000E+00   0.0000000E+00
   1.5604257E+03   0.0000000E+00   0.0000000E+00   0.0000000E+00   0.0000000E+00
   1.5604332E+03   0.0000000E+00   0.0000000E+00   0.0000000E+00   0.0000000E+00
   1.5604408E+03   0.0000000E+00   0.0000000E+00   0.0000000E+00   0.0000000E+00
   1.5604483E+03   0.0000000E+00   0.0000000E+00   0.0000000E+00   0.0000000E+00
   1.5604558E+03   0.0000000E+00   0.0000000E+00   0.0000000E+00   0.0000000E+00
   1.5604633E+03   0.0000000E+00   0.0000000E+00   0.0000000E+00   0.0000000E+00
   1.5604709E+03   0.0000000E+00   0.0000000E+00   0.0000000E+00   0.0000000E+00
   1.5604784E+03   0.0000000E+00   0.0000000E+00   0.0000000E+00   0.0000000E+00
   1.5604859E+03   0.0000000E+00   0.0000000E+00   0.0000000E+00   0.0000000E+00
   1.5604935E+03   0.0000000E+00   0.0000000E+00   0.0000000E+00   0.0000000E+00
   1.5605010E+03   0.0000000E+00   0.0000000E+00   0.0000000E+00   0.0000000E+00
   1.5605085E+03   0.0000000E+00   0.0000000E+00   0.0000000E+00   0.0000000E+00
   1.5605160E+03   0.0000000E+00   0.0000000E+00   0.0000000E+00   0.0000000E+00
   1.5605236E+03   0.0000000E+00   0.0000000E+00   0.0000000E+00   0.0000000E+00
   1.5605311E+03   0.0000000E+00   0.0000000E+00   0.0000000E+00   0.0000000E+00
   1.5605386E+03   0.0000000E+00   0.0000000E+00   0.0000000E+00   0.0000000E+00
   1.5605461E+03   0.0000000E+00   0.0000000E+00   0.0000000E+00   0.0000000E+00
   1.5605537E+03   0.0000000E+00   0.0000000E+00   0.0000000E+00   0.0000000E+00
   1.5605612E+03   0.0000000E+00   0.0000000E+00   0.0000000E+00   0.0000000E+00
   1.5605687E+03   0.0000000E+00   0.0000000E+00   0.0000000E+00   0.0000000E+00
   1.5605763E+03   0.0000000E+00   0.0000000E+00   0.0000000E+00   0.0000000E+00
   1.5605838E+03   0.0000000E+00   0.0000000E+00   0.0000000E+00   0.0000000E+00
   1.5605913E+03   0.0000000E+00   0.0000000E+00   0.0000000E+00   0.0000000E+00
   1.5605988E+03   0.0000000E+00   0.0000000E+00   0.0000000E+00   0.0000000E+00
   1.5606064E+03   0.0000000E+00   0.0000000E+00   0.0000000E+00   0.0000000E+00
   1.5606139E+03   0.0000000E+00   0.0000000E+00   0.0000000E+00   0.0000000E+00
   1.5606214E+03   0.0000000E+00   0.0000000E+00   0.0000000E+00   0.0000000E+00
   1.5606290E+03   0.0000000E+00   0.0000000E+00   0.0000000E+00   0.0000000E+00
   1.5606365E+03   0.0000000E+00   0.0000000E+00   0.0000000E+00   0.0000000E+00
   1.5606440E+03   0.0000000E+00   0.0000000E+00   0.0000000E+00   0.0000000E+00
   1.5606515E+03   0.0000000E+00   0.0000000E+00   0.0000000E+00   0.0000000E+00
   1.5606591E+03   0.0000000E+00   0.0000000E+00   0.0000000E+00   0.0000000E+00
   1.5606666E+03   0.0000000E+00   0.0000000E+00   0.0000000E+00   0.0000000E+00
   1.5606741E+03   0.0000000E+00   0.0000000E+00   0.0000000E+00   0.0000000E+00
   1.5606817E+03   0.0000000E+00   0.0000000E+00   0.0000000E+00   0.0000000E+00
   1.5606892E+03   0.0000000E+00   0.0000000E+00   0.0000000E+00   0.0000000E+00
   1.5606967E+03   0.0000000E+00   0.0000000E+00   0.0000000E+00   0.0000000E+00
   1.5607042E+03   0.0000000E+00   0.0000000E+00   0.0000000E+00   0.0000000E+00
   1.5607118E+03   0.0000000E+00   0.0000000E+00   0.0000000E+00   0.0000000E+00
   1.5607193E+03   0.0000000E+00   0.0000000E+00   0.0000000E+00   0.0000000E+00
   1.5607268E+03   0.0000000E+00   0.0000000E+00   0.0000000E+00   0.0000000E+00
   1.5607344E+03   0.0000000E+00   0.0000000E+00   0.0000000E+00   0.0000000E+00
   1.5607419E+03   0.0000000E+00   0.0000000E+00   0.0000000E+00   0.0000000E+00
   1.5607494E+03   0.0000000E+00   0.0000000E+00   0.0000000E+00   0.0000000E+00
   1.5607569E+03   0.0000000E+00   0.0000000E+00   0.0000000E+00   0.0000000E+00
   1.5607645E+03   0.0000000E+00   0.0000000E+00   0.0000000E+00   0.0000000E+00
   1.5607720E+03   0.0000000E+00   0.0000000E+00   0.0000000E+00   0.0000000E+00
