   1.5381945E+03   7.7600000E+02   0.0000000E+00   0.0000000E+00   0.0000000E+00
   1.5382021E+03   7.2400000E+02   0.0000000E+00   0.0000000E+00   0.0000000E+00
   1.5382096E+03   7.6500000E+02   0.0000000E+00   0.0000000E+00   0.0000000E+00
   1.5382171E+03   8.1200000E+02   0.0000000E+00   0.0000000E+00   0.0000000E+00
   1.5382246E+03   7.5900000E+02   0.0000000E+00   0.0000000E+00   0.0000000E+00
   1.5382322E+03   7.6900000E+02   0.0000000E+00   0.0000000E+00   0.0000000E+00
   1.5382397E+03   7.9500000E+02   0.0000000E+00   0.0000000E+00   0.0000000E+00
   1.5382472E+03   7.5500000E+02   0.0000000E+00   0.0000000E+00   0.0000000E+00
   1.5382548E+03   7.2400000E+02   0.0000000E+00   0.0000000E+00   0.0000000E+00
   1.5382623E+03   7.5400000E+02   0.0000000E+00   0.0000000E+00   0.0000000E+00
   1.5382698E+03   7.3100000E+02   0.0000000E+00   0.0000000E+00   0.0000000E+00
   1.5382773E+03   7.5000000E+02   0.0000000E+00   0.0000000E+00   0.0000000E+00
   1.5382849E+03   7.2300000E+02   0.0000000E+00   0.0000000E+00   0.0000000E+00
   1.5382924E+03   7.9500000E+02   0.0000000E+00   0.0000000E+00   0.0000000E+00
   1.5382999E+03   7.0400000E+02   0.0000000E+00   0.0000000E+00   0.0000000E+00
   1.5383075E+03   7.0000000E+02   0.0000000E+00   0.0000000E+00   0.0000000E+00
   1.5383150E+03   7.2400000E+02   0.0000000E+00   0.0000000E+00   0.0000000E+00
   1.5383225E+03   7.0300000E+02   0.0000000E+00   0.0000000E+00   0.0000000E+00
   1.5383300E+03   7.8200000E+02   0.0000000E+00   0.0000000E+00   0.0000000E+00
   1.5383376E+03   7.4000000E+02   0.0000000E+00   0.0000000E+00   0.0000000E+00
   1.5383451E+03   7.5100000E+02   0.0000000E+00   0.0000000E+00   0.0000000E+00
   1.5383526E+03   7.6600000E+02   0.0000000E+00   0.0000000E+00   0.0000000E+00
   1.5383602E+03   7.7800000E+02   0.0000000E+00   0.0000000E+00   0.0000000E+00
   1.5383677E+03   7.9000000E+02   0.0000000E+00   0.0000000E+00   0.0000000E+00
   1.5383752E+03   7.5200000E+02   0.0000000E+00   0.0000000E+00   0.0000000E+00
   1.5383827E+03   7.7200000E+02   0.0000000E+00   0.0000000E+00   0.0000000E+00
   1.5383903E+03   7.0400000E+02   0.0000000E+00   0.0000000E+00   0.0000000E+00
   1.5383978E+03   7.9000000E+02   0.0000000E+00   0.0000000E+00   0.0000000E+00
   1.5384053E+03   7.4800000E+02   0.0000000E+00   0.0000000E+00   0.0000000E+00
   1.5384128E+03   7.6100000E+02   0.0000000E+00   0.0000000E+00   0.0000000E+00
   1.5384204E+03   7.0900000E+02   0.0000000E+00   0.0000000E+00   0.0000000E+00
   1.5384279E+03   8.0100000E+02   0.0000000E+00   0.0000000E+00   0.0000000E+00
   1.5384354E+03   7.6900000E+02   0.0000000E+00   0.0000000E+00   0.0000000E+00
   1.5384430E+03   7.7200000E+02   0.0000000E+00   0.0000000E+00   0.0000000E+00
   1.5384505E+03   7.6600000E+02   0.0000000E+00   0.0000000E+00   0.0000000E+00
   1.5384580E+03   8.0200000E+02   0.0000000E+00   0.0000000E+00   0.0000000E+00
   1.5384655E+03   7.2200000E+02   0.0000000E+00   2.7634362E-04   0.0000000E+00
   1.5384731E+03   7.5400000E+02   0.0000000E+00   0.0000000E+00   0.0000000E+00
   1.5384806E+03   7.5500000E+02   0.0000000E+00   0.0000000E+00   0.0000000E+00
   1.5384881E+03   7.6900000E+02   0.0000000E+00   0.0000000E+00   0.0000000E+00
   1.5384957E+03   7.4900000E+02   0.0000000E+00   0.0000000E+00   0.0000000E+00
   1.5385032E+03   7.3100000E+02   0.0000000E+00   0.0000000E+00   0.0000000E+00
   1.5385107E+03   7.7400000E+02   0.0000000E+00   0.0000000E+00   0.0000000E+00
   1.5385182E+03   7.5300000E+02   0.0000000E+00   0.0000000E+00   0.0000000E+00
   1.5385258E+03   7.5500000E+02   0.0000000E+00   1.2571700E-03   0.0000000E+00
   1.5385333E+03   7.7700000E+02   0.0000000E+00   0.0000000E+00   0.0000000E+00
   1.5385408E+03   7.8900000E+02   0.0000000E+00   0.0000000E+00   0.0000000E+00
   1.5385484E+03   7.1200000E+02   0.0000000E+00   0.0000000E+00   0.0000000E+00
   1.5385559E+03   7.3500000E+02   0.0000000E+00   0.0000000E+00   0.0000000E+00
   1.5385634E+03   7.6000000E+02   0.0000000E+00   0.0000000E+00   0.0000000E+00
   1.5385709E+03   6.9700000E+02   0.0000000E+00   0.0000000E+00   0.0000000E+00
   1.5385785E+03   7.7900000E+02   0.0000000E+00   0.0000000E+00   0.0000000E+00
   1.5385860E+03   7.0800000E+02   0.0000000E+00   0.0000000E+00   0.0000000E+00
   1.5385935E+03   7.1700000E+02   0.0000000E+00   0.0000000E+00   0.0000000E+00
   1.5386011E+03   7.5300000E+02   0.0000000E+00   0.0000000E+00   0.0000000E+00
   1.5386086E+03   7.2100000E+02   0.0000000E+00   0.0000000E+00   0.0000000E+00
   1.5386161E+03   7.4100000E+02   0.0000000E+00   0.0000000E+00   0.0000000E+00
   1.5386236E+03   8.1200000E+02   0.0000000E+00   0.0000000E+00   0.0000000E+00
   1.5386312E+03   7.3100000E+02   0.0000000E+00   0.0000000E+00   0.0000000E+00
   1.5386387E+03   7.1500000E+02   0.0000000E+00   0.0000000E+00   0.0000000E+00
   1.5386462E+03   7.2600000E+02   0.0000000E+00   0.0000000E+00   0.0000000E+00
   1.5386538E+03   7.4000000E+02   0.0000000E+00   0.0000000E+00   0.0000000E+00
   1.5386613E+03   7.1800000E+02   0.0000000E+00   0.0000000E+00   0.0000000E+00
   1.5386688E+03   6.8800000E+02   0.0000000E+00   0.0000000E+00   0.0000000E+00
   1.5386763E+03   7.9300000E+02   0.0000000E+00   0.0000000E+00   0.0000000E+00
   1.5386839E+03   7.6000000E+02   0.0000000E+00   0.0000000E+00   0.0000000E+00
   1.5386914E+03   7.7800000E+02   0.0000000E+00   0.0000000E+00   0.0000000E+00
   1.5386989E+03   7.7500000E+02   0.0000000E+00   0.0000000E+00   0.0000000E+00
   1.5387065E+03   7.6000000E+02   0.0000000E+00   0.0000000E+00   0.0000000E+00
   1.5387140E+03   7.1600000E+02   0.0000000E+00   0.0000000E+00   0.0000000E+00
   1.5387215E+03   7.6900000E+02   0.0000000E+00   0.0000000E+00   0.0000000E+00
   1.5387290E+03   7.8100000E+02   0.0000000E+00   0.0000000E+00   0.0000000E+00
   1.5387366E+03   8.0800000E+02   0.0000000E+00   0.0000000E+00   0.0000000E+00
   1.5387441E+03   7.5900000E+02   0.0000000E+00   0.0000000E+00   0.0000000E+00
   1.5387516E+03   7.5700000E+02   0.0000000E+00   0.0000000E+00   0.0000000E+00
   1.5387592E+03   7.6100000E+02   0.0000000E+00   0.0000000E+00   0.0000000E+00
   1.5387667E+03   7.6500000E+02   0.0000000E+00   0.0000000E+00   0.0000000E+00
   1.5387742E+03   6.8600000E+02   0.0000000E+00   0.0000000E+00   0.0000000E+00
   1.5387817E+03   7.3500000E+02   0.0000000E+00   0.0000000E+00   0.0000000E+00
   1.5387893E+03   7.4800000E+02   0.0000000E+00   0.0000000E+00   0.0000000E+00
   1.5387968E+03   7.2400000E+02   0.0000000E+00   0.0000000E+00   0.0000000E+00
   1.5388043E+03   7.3100000E+02   0.0000000E+00   0.0000000E+00   0.0000000E+00
   1.5388119E+03   8.1000000E+02   0.0000000E+00   0.0000000E+00   0.0000000E+00
   1.5388194E+03   7.9900000E+02   0.0000000E+00   0.0000000E+00   0.0000000E+00
   1.5388269E+03   7.9300000E+02   0.0000000E+00   0.0000000E+00   0.0000000E+00
   1.5388344E+03   7.4100000E+02   0.0000000E+00   0.0000000E+00   0.0000000E+00
   1.5388420E+03   7.6900000E+02   0.0000000E+00   0.0000000E+00   0.0000000E+00
   1.5388495E+03   7.4200000E+02   0.0000000E+00   0.0000000E+00   0.0000000E+00
   1.5388570E+03   7.3800000E+02   0.0000000E+00   5.6691943E-04   0.0000000E+00
   1.5388646E+03   7.2700000E+02   0.0000000E+00   0.0000000E+00   0.0000000E+00
   1.5388721E+03   7.4700000E+02   0.0000000E+00   0.0000000E+00   0.0000000E+00
   1.5388796E+03   7.0200000E+02   0.0000000E+00   0.0000000E+00   0.0000000E+00
   1.5388871E+03   7.4200000E+02   0.0000000E+00   0.0000000E+00   0.0000000E+00
   1.5388947E+03   7.6000000E+02   0.0000000E+00   0.0000000E+00   0.0000000E+00
   1.5389022E+03   7.2400000E+02   0.0000000E+00   0.0000000E+00   0.0000000E+00
   1.5389097E+03   7.1900000E+02   0.0000000E+00   0.0000000E+00   0.0000000E+00
   1.5389172E+03   7.6400000E+02   0.0000000E+00   0.0000000E+00   0.0000000E+00
   1.5389248E+03   7.6400000E+02   0.0000000E+00   0.0000000E+00   0.0000000E+00
   1.5389323E+03   8.0000000E+02   0.0000000E+00   0.0000000E+00   0.0000000E+00
   1.5389398E+03   7.4900000E+02   0.0000000E+00   0.0000000E+00   0.0000000E+00
   1.5389474E+03   7.5400000E+02   0.0000000E+00   0.0000000E+00   0.0000000E+00
   1.5389549E+03   7.1300000E+02   0.0000000E+00   2.4368361E-05   0.0000000E+00
   1.5389624E+03   7.6300000E+02   0.0000000E+00   0.0000000E+00   0.0000000E+00
   1.5389699E+03   7.2800000E+02   0.0000000E+00   0.0000000E+00   0.0000000E+00
   1.5389775E+03   7.7800000E+02   0.0000000E+00   0.0000000E+00   0.0000000E+00
   1.5389850E+03   7.5000000E+02   0.0000000E+00   3.3582009E-04   0.0000000E+00
   1.5389925E+03   7.0600000E+02   0.0000000E+00   0.0000000E+00   0.0000000E+00
   1.5390001E+03   7.4500000E+02   0.0000000E+00   0.0000000E+00   0.0000000E+00
   1.5390076E+03   7.1300000E+02   0.0000000E+00   0.0000000E+00   0.0000000E+00
   1.5390151E+03   7.5100000E+02   0.0000000E+00   0.0000000E+00   0.0000000E+00
   1.5390226E+03   7.4400000E+02   0.0000000E+00   0.0000000E+00   0.0000000E+00
   1.5390302E+03   7.1700000E+02   0.0000000E+00   0.0000000E+00   0.0000000E+00
   1.5390377E+03   7.4600000E+02   0.0000000E+00   0.0000000E+00   0.0000000E+00
   1.5390452E+03   7.7900000E+02   0.0000000E+00   0.0000000E+00   0.0000000E+00
   1.5390528E+03   7.5500000E+02   0.0000000E+00   0.0000000E+00   0.0000000E+00
   1.5390603E+03   7.6600000E+02   0.0000000E+00   0.0000000E+00   0.0000000E+00
   1.5390678E+03   7.7000000E+02   0.0000000E+00   0.0000000E+00   0.0000000E+00
   1.5390753E+03   7.6100000E+02   0.0000000E+00   0.0000000E+00   0.0000000E+00
   1.5390829E+03   7.6500000E+02   0.0000000E+00   0.0000000E+00   0.0000000E+00
   1.5390904E+03   7.1500000E+02   0.0000000E+00   0.0000000E+00   0.0000000E+00
   1.5390979E+03   7.2500000E+02   0.0000000E+00   4.1069254E-04   0.0000000E+00
   1.5391055E+03   6.4800000E+02   0.0000000E+00   0.0000000E+00   0.0000000E+00
   1.5391130E+03   7.2700000E+02   0.0000000E+00   0.0000000E+00   0.0000000E+00
   1.5391205E+03   7.3700000E+02   0.0000000E+00   0.0000000E+00   0.0000000E+00
   1.5391280E+03   7.4700000E+02   0.0000000E+00   0.0000000E+00   0.0000000E+00
   1.5391356E+03   7.2600000E+02   0.0000000E+00   0.0000000E+00   0.0000000E+00
   1.5391431E+03   7.8300000E+02   0.0000000E+00   0.0000000E+00   0.0000000E+00
   1.5391506E+03   7.3500000E+02   0.0000000E+00   0.0000000E+00   0.0000000E+00
   1.5391582E+03   7.2300000E+02   0.0000000E+00   0.0000000E+00   0.0000000E+00
   1.5391657E+03   7.4700000E+02   0.0000000E+00   0.0000000E+00   0.0000000E+00
   1.5391732E+03   7.2000000E+02   0.0000000E+00   0.0000000E+00   0.0000000E+00
   1.5391807E+03   7.0800000E+02   0.0000000E+00   0.0000000E+00   0.0000000E+00
   1.5391883E+03   7.5700000E+02   0.0000000E+00   0.0000000E+00   0.0000000E+00
   1.5391958E+03   7.0000000E+02   0.0000000E+00   0.0000000E+00   0.0000000E+00
   1.5392033E+03   7.5700000E+02   0.0000000E+00   0.0000000E+00   0.0000000E+00
   1.5392109E+03   7.6700000E+02   0.0000000E+00   0.0000000E+00   0.0000000E+00
   1.5392184E+03   7.5800000E+02   0.0000000E+00   0.0000000E+00   0.0000000E+00
   1.5392259E+03   7.4200000E+02   0.0000000E+00   0.0000000E+00   0.0000000E+00
   1.5392334E+03   7.0500000E+02   0.0000000E+00   0.0000000E+00   0.0000000E+00
   1.5392410E+03   7.3100000E+02   0.0000000E+00   0.0000000E+00   0.0000000E+00
   1.5392485E+03   7.6500000E+02   0.0000000E+00   0.0000000E+00   0.0000000E+00
   1.5392560E+03   7.2600000E+02   0.0000000E+00   0.0000000E+00   0.0000000E+00
   1.5392636E+03   7.3600000E+02   0.0000000E+00   0.0000000E+00   0.0000000E+00
   1.5392711E+03   7.4800000E+02   0.0000000E+00   0.0000000E+00   0.0000000E+00
   1.5392786E+03   7.3500000E+02   0.0000000E+00   0.0000000E+00   0.0000000E+00
   1.5392861E+03   7.4500000E+02   0.0000000E+00   4.4893352E-05   0.0000000E+00
   1.5392937E+03   7.3900000E+02   0.0000000E+00   0.0000000E+00   0.0000000E+00
   1.5393012E+03   7.3400000E+02   0.0000000E+00   0.0000000E+00   0.0000000E+00
   1.5393087E+03   7.3400000E+02   0.0000000E+00   0.0000000E+00   0.0000000E+00
   1.5393162E+03   7.9400000E+02   0.0000000E+00   0.0000000E+00   0.0000000E+00
   1.5393238E+03   7.7800000E+02   0.0000000E+00   0.0000000E+00   0.0000000E+00
   1.5393313E+03   7.5900000E+02   0.0000000E+00   0.0000000E+00   0.0000000E+00
   1.5393388E+03   7.8400000E+02   0.0000000E+00   0.0000000E+00   0.0000000E+00
   1.5393464E+03   7.8000000E+02   0.0000000E+00   0.0000000E+00   0.0000000E+00
   1.5393539E+03   7.7300000E+02   0.0000000E+00   0.0000000E+00   0.0000000E+00
   1.5393614E+03   7.9000000E+02   0.0000000E+00   0.0000000E+00   0.0000000E+00
   1.5393689E+03   7.6000000E+02   0.0000000E+00   0.0000000E+00   0.0000000E+00
   1.5393765E+03   7.4900000E+02   0.0000000E+00   2.6325867E-04   0.0000000E+00
   1.5393840E+03   7.8000000E+02   0.0000000E+00   0.0000000E+00   0.0000000E+00
   1.5393915E+03   7.5100000E+02   0.0000000E+00   0.0000000E+00   0.0000000E+00
   1.5393991E+03   7.2500000E+02   0.0000000E+00   0.0000000E+00   0.0000000E+00
   1.5394066E+03   7.8900000E+02   0.0000000E+00   0.0000000E+00   0.0000000E+00
   1.5394141E+03   7.6000000E+02   0.0000000E+00   0.0000000E+00   0.0000000E+00
   1.5394216E+03   7.4700000E+02   0.0000000E+00   0.0000000E+00   0.0000000E+00
   1.5394292E+03   7.3400000E+02   0.0000000E+00   1.3237720E-04   0.0000000E+00
   1.5394367E+03   7.1300000E+02   0.0000000E+00   0.0000000E+00   0.0000000E+00
   1.5394442E+03   8.4400000E+02   0.0000000E+00   0.0000000E+00   0.0000000E+00
   1.5394518E+03   7.8300000E+02   0.0000000E+00   0.0000000E+00   0.0000000E+00
   1.5394593E+03   7.3300000E+02   0.0000000E+00   0.0000000E+00   0.0000000E+00
   1.5394668E+03   7.1500000E+02   0.0000000E+00   0.0000000E+00   0.0000000E+00
   1.5394743E+03   7.4900000E+02   0.0000000E+00   0.0000000E+00   0.0000000E+00
   1.5394819E+03   7.3000000E+02   0.0000000E+00   0.0000000E+00   0.0000000E+00
   1.5394894E+03   7.6600000E+02   0.0000000E+00   0.0000000E+00   0.0000000E+00
   1.5394969E+03   7.3600000E+02   0.0000000E+00   0.0000000E+00   0.0000000E+00
   1.5395045E+03   7.2300000E+02   0.0000000E+00   0.0000000E+00   0.0000000E+00
   1.5395120E+03   7.6900000E+02   0.0000000E+00   0.0000000E+00   0.0000000E+00
   1.5395195E+03   7.1300000E+02   0.0000000E+00   0.0000000E+00   0.0000000E+00
   1.5395270E+03   7.5700000E+02   0.0000000E+00   2.6875023E-04   0.0000000E+00
   1.5395346E+03   7.3400000E+02   0.0000000E+00   0.0000000E+00   0.0000000E+00
   1.5395421E+03   7.0800000E+02   0.0000000E+00   0.0000000E+00   0.0000000E+00
   1.5395496E+03   7.4600000E+02   0.0000000E+00   0.0000000E+00   0.0000000E+00
   1.5395572E+03   8.1100000E+02   0.0000000E+00   0.0000000E+00   0.0000000E+00
   1.5395647E+03   7.7000000E+02   0.0000000E+00   0.0000000E+00   0.0000000E+00
   1.5395722E+03   8.2900000E+02   0.0000000E+00   0.0000000E+00   0.0000000E+00
   1.5395797E+03   7.3600000E+02   0.0000000E+00   0.0000000E+00   0.0000000E+00
   1.5395873E+03   7.6800000E+02   0.0000000E+00   0.0000000E+00   0.0000000E+00
   1.5395948E+03   7.3600000E+02   0.0000000E+00   0.0000000E+00   0.0000000E+00
   1.5396023E+03   7.5200000E+02   0.0000000E+00   0.0000000E+00   0.0000000E+00
   1.5396099E+03   7.6100000E+02   0.0000000E+00   0.0000000E+00   0.0000000E+00
   1.5396174E+03   8.1800000E+02   0.0000000E+00   0.0000000E+00   0.0000000E+00
   1.5396249E+03   7.1200000E+02   0.0000000E+00   0.0000000E+00   0.0000000E+00
   1.5396324E+03   7.3900000E+02   0.0000000E+00   0.0000000E+00   0.0000000E+00
   1.5396400E+03   7.7700000E+02   0.0000000E+00   0.0000000E+00   0.0000000E+00
   1.5396475E+03   7.4600000E+02   0.0000000E+00   0.0000000E+00   0.0000000E+00
   1.5396550E+03   8.1000000E+02   0.0000000E+00   0.0000000E+00   0.0000000E+00
   1.5396626E+03   7.4700000E+02   0.0000000E+00   0.0000000E+00   0.0000000E+00
   1.5396701E+03   7.5100000E+02   1.0000000E+00   1.2274275E-03   9.2179807E-01
   1.5396776E+03   7.6200000E+02   0.0000000E+00   0.0000000E+00   0.0000000E+00
   1.5396851E+03   7.5000000E+02   0.0000000E+00   0.0000000E+00   0.0000000E+00
   1.5396927E+03   6.7400000E+02   0.0000000E+00   0.0000000E+00   0.0000000E+00
   1.5397002E+03   7.5000000E+02   0.0000000E+00   0.0000000E+00   0.0000000E+00
   1.5397077E+03   7.6500000E+02   0.0000000E+00   5.6624678E-04   0.0000000E+00
   1.5397153E+03   7.4900000E+02   0.0000000E+00   0.0000000E+00   0.0000000E+00
   1.5397228E+03   7.7700000E+02   0.0000000E+00   0.0000000E+00   0.0000000E+00
   1.5397303E+03   7.4800000E+02   0.0000000E+00   0.0000000E+00   0.0000000E+00
   1.5397378E+03   7.9400000E+02   0.0000000E+00   0.0000000E+00   0.0000000E+00
   1.5397454E+03   7.4500000E+02   0.0000000E+00   0.0000000E+00   0.0000000E+00
   1.5397529E+03   7.8000000E+02   0.0000000E+00   0.0000000E+00   0.0000000E+00
   1.5397604E+03   7.2800000E+02   0.0000000E+00   0.0000000E+00   0.0000000E+00
   1.5397679E+03   7.6100000E+02   0.0000000E+00   0.0000000E+00   0.0000000E+00
   1.5397755E+03   7.5100000E+02   0.0000000E+00   0.0000000E+00   0.0000000E+00
   1.5397830E+03   7.9200000E+02   0.0000000E+00   0.0000000E+00   0.0000000E+00
   1.5397905E+03   7.8800000E+02   0.0000000E+00   0.0000000E+00   0.0000000E+00
   1.5397981E+03   7.3600000E+02   0.0000000E+00   0.0000000E+00   0.0000000E+00
   1.5398056E+03   7.4900000E+02   0.0000000E+00   0.0000000E+00   0.0000000E+00
   1.5398131E+03   7.7500000E+02   0.0000000E+00   0.0000000E+00   0.0000000E+00
   1.5398206E+03   7.0200000E+02   0.0000000E+00   0.0000000E+00   0.0000000E+00
   1.5398282E+03   7.7200000E+02   0.0000000E+00   0.0000000E+00   0.0000000E+00
   1.5398357E+03   7.4200000E+02   0.0000000E+00   0.0000000E+00   0.0000000E+00
   1.5398432E+03   8.0800000E+02   0.0000000E+00   0.0000000E+00   0.0000000E+00
   1.5398508E+03   7.8600000E+02   0.0000000E+00   0.0000000E+00   0.0000000E+00
   1.5398583E+03   7.5600000E+02   0.0000000E+00   0.0000000E+00   0.0000000E+00
   1.5398658E+03   7.7900000E+02   0.0000000E+00   0.0000000E+00   0.0000000E+00
   1.5398733E+03   7.8000000E+02   0.0000000E+00   0.0000000E+00   0.0000000E+00
   1.5398809E+03   7.3700000E+02   0.0000000E+00   0.0000000E+00   0.0000000E+00
   1.5398884E+03   7.5400000E+02   0.0000000E+00   0.0000000E+00   0.0000000E+00
   1.5398959E+03   8.2600000E+02   0.0000000E+00   0.0000000E+00   0.0000000E+00
   1.5399035E+03   6.9900000E+02   0.0000000E+00   0.0000000E+00   0.0000000E+00
   1.5399110E+03   7.7200000E+02   0.0000000E+00   0.0000000E+00   0.0000000E+00
   1.5399185E+03   7.7500000E+02   0.0000000E+00   0.0000000E+00   0.0000000E+00
   1.5399260E+03   7.7200000E+02   0.0000000E+00   0.0000000E+00   0.0000000E+00
   1.5399336E+03   7.3300000E+02   0.0000000E+00   0.0000000E+00   0.0000000E+00
   1.5399411E+03   7.4800000E+02   0.0000000E+00   0.0000000E+00   0.0000000E+00
   1.5399486E+03   7.3900000E+02   0.0000000E+00   8.2396525E-04   0.0000000E+00
   1.5399562E+03   7.4900000E+02   0.0000000E+00   0.0000000E+00   0.0000000E+00
   1.5399637E+03   7.8500000E+02   0.0000000E+00   0.0000000E+00   0.0000000E+00
   1.5399712E+03   7.6100000E+02   0.0000000E+00   0.0000000E+00   0.0000000E+00
   1.5399787E+03   6.6600000E+02   0.0000000E+00   0.0000000E+00   0.0000000E+00
   1.5399863E+03   7.5600000E+02   0.0000000E+00   0.0000000E+00   0.0000000E+00
   1.5399938E+03   7.4200000E+02   0.0000000E+00   0.0000000E+00   0.0000000E+00
   1.5400013E+03   7.8200000E+02   0.0000000E+00   0.0000000E+00   0.0000000E+00
   1.5400089E+03   7.7500000E+02   0.0000000E+00   0.0000000E+00   0.0000000E+00
   1.5400164E+03   7.5400000E+02   0.0000000E+00   0.0000000E+00   0.0000000E+00
   1.5400239E+03   7.9800000E+02   0.0000000E+00   0.0000000E+00   0.0000000E+00
   1.5400314E+03   7.7700000E+02   0.0000000E+00   0.0000000E+00   0.0000000E+00
   1.5400390E+03   7.3900000E+02   0.0000000E+00   0.0000000E+00   0.0000000E+00
   1.5400465E+03   7.7000000E+02   0.0000000E+00   0.0000000E+00   0.0000000E+00
   1.5400540E+03   7.0900000E+02   0.0000000E+00   0.0000000E+00   0.0000000E+00
   1.5400616E+03   7.0900000E+02   0.0000000E+00   0.0000000E+00   0.0000000E+00
   1.5400691E+03   7.3700000E+02   0.0000000E+00   0.0000000E+00   0.0000000E+00
   1.5400766E+03   7.7200000E+02   0.0000000E+00   0.0000000E+00   0.0000000E+00
   1.5400841E+03   7.3900000E+02   0.0000000E+00   0.0000000E+00   0.0000000E+00
   1.5400917E+03   7.3700000E+02   0.0000000E+00   0.0000000E+00   0.0000000E+00
   1.5400992E+03   7.3700000E+02   0.0000000E+00   0.0000000E+00   0.0000000E+00
   1.5401067E+03   7.8800000E+02   0.0000000E+00   0.0000000E+00   0.0000000E+00
   1.5401143E+03   7.2000000E+02   0.0000000E+00   0.0000000E+00   0.0000000E+00
   1.5401218E+03   7.3400000E+02   0.0000000E+00   0.0000000E+00   0.0000000E+00
   1.5401293E+03   7.3400000E+02   0.0000000E+00   0.0000000E+00   0.0000000E+00
   1.5401368E+03   7.3900000E+02   0.0000000E+00   0.0000000E+00   0.0000000E+00
   1.5401444E+03   7.2900000E+02   0.0000000E+00   0.0000000E+00   0.0000000E+00
   1.5401519E+03   7.2800000E+02   0.0000000E+00   0.0000000E+00   0.0000000E+00
   1.5401594E+03   7.4900000E+02   0.0000000E+00   0.0000000E+00   0.0000000E+00
   1.5401670E+03   7.3400000E+02   0.0000000E+00   0.0000000E+00   0.0000000E+00
   1.5401745E+03   7.5100000E+02   0.0000000E+00   0.0000000E+00   0.0000000E+00
   1.5401820E+03   7.5700000E+02   0.0000000E+00   0.0000000E+00   0.0000000E+00
   1.5401895E+03   7.7000000E+02   0.0000000E+00   0.0000000E+00   0.0000000E+00
   1.5401971E+03   7.6800000E+02   0.0000000E+00   0.0000000E+00   0.0000000E+00
   1.5402046E+03   7.1500000E+02   0.0000000E+00   0.0000000E+00   0.0000000E+00
   1.5402121E+03   7.2300000E+02   0.0000000E+00   0.0000000E+00   0.0000000E+00
   1.5402197E+03   7.5200000E+02   0.0000000E+00   0.0000000E+00   0.0000000E+00
   1.5402272E+03   7.3800000E+02   0.0000000E+00   0.0000000E+00   0.0000000E+00
   1.5402347E+03   7.6600000E+02   0.0000000E+00   0.0000000E+00   0.0000000E+00
   1.5402422E+03   7.8500000E+02   0.0000000E+00   0.0000000E+00   0.0000000E+00
   1.5402498E+03   7.2500000E+02   0.0000000E+00   8.2928494E-04   0.0000000E+00
   1.5402573E+03   7.3000000E+02   0.0000000E+00   0.0000000E+00   0.0000000E+00
   1.5402648E+03   7.4000000E+02   0.0000000E+00   0.0000000E+00   0.0000000E+00
   1.5402723E+03   7.6200000E+02   0.0000000E+00   0.0000000E+00   0.0000000E+00
   1.5402799E+03   7.5200000E+02   0.0000000E+00   0.0000000E+00   0.0000000E+00
   1.5402874E+03   7.0400000E+02   0.0000000E+00   0.0000000E+00   0.0000000E+00
   1.5402949E+03   7.5800000E+02   0.0000000E+00   0.0000000E+00   0.0000000E+00
   1.5403025E+03   7.4600000E+02   0.0000000E+00   0.0000000E+00   0.0000000E+00
   1.5403100E+03   7.7400000E+02   0.0000000E+00   0.0000000E+00   0.0000000E+00
   1.5403175E+03   7.4700000E+02   0.0000000E+00   0.0000000E+00   0.0000000E+00
   1.5403250E+03   7.7400000E+02   0.0000000E+00   0.0000000E+00   0.0000000E+00
   1.5403326E+03   7.4300000E+02   0.0000000E+00   0.0000000E+00   0.0000000E+00
   1.5403401E+03   7.4900000E+02   0.0000000E+00   0.0000000E+00   0.0000000E+00
   1.5403476E+03   7.9900000E+02   0.0000000E+00   0.0000000E+00   0.0000000E+00
   1.5403552E+03   7.4700000E+02   0.0000000E+00   0.0000000E+00   0.0000000E+00
   1.5403627E+03   7.9200000E+02   0.0000000E+00   0.0000000E+00   0.0000000E+00
   1.5403702E+03   7.4700000E+02   0.0000000E+00   0.0000000E+00   0.0000000E+00
   1.5403777E+03   7.9100000E+02   0.0000000E+00   0.0000000E+00   0.0000000E+00
   1.5403853E+03   7.6300000E+02   0.0000000E+00   0.0000000E+00   0.0000000E+00
   1.5403928E+03   7.6900000E+02   0.0000000E+00   0.0000000E+00   0.0000000E+00
   1.5404003E+03   7.7600000E+02   0.0000000E+00   4.7382471E-04   0.0000000E+00
   1.5404079E+03   7.5600000E+02   0.0000000E+00   0.0000000E+00   0.0000000E+00
   1.5404154E+03   7.6300000E+02   0.0000000E+00   0.0000000E+00   0.0000000E+00
   1.5404229E+03   8.0600000E+02   0.0000000E+00   0.0000000E+00   0.0000000E+00
   1.5404304E+03   7.4500000E+02   0.0000000E+00   0.0000000E+00   0.0000000E+00
   1.5404380E+03   7.6400000E+02   0.0000000E+00   0.0000000E+00   0.0000000E+00
   1.5404455E+03   7.6200000E+02   0.0000000E+00   0.0000000E+00   0.0000000E+00
   1.5404530E+03   7.2900000E+02   0.0000000E+00   0.0000000E+00   0.0000000E+00
   1.5404606E+03   7.3800000E+02   0.0000000E+00   0.0000000E+00   0.0000000E+00
   1.5404681E+03   6.9900000E+02   0.0000000E+00   0.0000000E+00   0.0000000E+00
   1.5404756E+03   7.2100000E+02   0.0000000E+00   0.0000000E+00   0.0000000E+00
   1.5404831E+03   7.6300000E+02   0.0000000E+00   0.0000000E+00   0.0000000E+00
   1.5404907E+03   7.8400000E+02   0.0000000E+00   0.0000000E+00   0.0000000E+00
   1.5404982E+03   7.5500000E+02   0.0000000E+00   0.0000000E+00   0.0000000E+00
   1.5405057E+03   7.4900000E+02   0.0000000E+00   1.2297500E-03   0.0000000E+00
   1.5405133E+03   7.7900000E+02   0.0000000E+00   0.0000000E+00   0.0000000E+00
   1.5405208E+03   7.1100000E+02   0.0000000E+00   0.0000000E+00   0.0000000E+00
   1.5405283E+03   7.2000000E+02   0.0000000E+00   0.0000000E+00   0.0000000E+00
   1.5405358E+03   7.4600000E+02   0.0000000E+00   0.0000000E+00   0.0000000E+00
   1.5405434E+03   7.4600000E+02   0.0000000E+00   0.0000000E+00   0.0000000E+00
   1.5405509E+03   7.2400000E+02   0.0000000E+00   0.0000000E+00   0.0000000E+00
   1.5405584E+03   7.5700000E+02   0.0000000E+00   0.0000000E+00   0.0000000E+00
   1.5405660E+03   7.6400000E+02   0.0000000E+00   0.0000000E+00   0.0000000E+00
   1.5405735E+03   7.8600000E+02   0.0000000E+00   0.0000000E+00   0.0000000E+00
   1.5405810E+03   7.5700000E+02   0.0000000E+00   0.0000000E+00   0.0000000E+00
   1.5405885E+03   7.4400000E+02   0.0000000E+00   0.0000000E+00   0.0000000E+00
   1.5405961E+03   6.8800000E+02   0.0000000E+00   0.0000000E+00   0.0000000E+00
   1.5406036E+03   7.8700000E+02   0.0000000E+00   0.0000000E+00   0.0000000E+00
   1.5406111E+03   7.7700000E+02   0.0000000E+00   0.0000000E+00   0.0000000E+00
   1.5406187E+03   7.5400000E+02   0.0000000E+00   0.0000000E+00   0.0000000E+00
   1.5406262E+03   7.6500000E+02   0.0000000E+00   0.0000000E+00   0.0000000E+00
   1.5406337E+03   7.5800000E+02   0.0000000E+00   2.6555244E-04   0.0000000E+00
   1.5406412E+03   7.2600000E+02   0.0000000E+00   0.0000000E+00   0.0000000E+00
   1.5406488E+03   7.7600000E+02   0.0000000E+00   0.0000000E+00   0.0000000E+00
   1.5406563E+03   7.8100000E+02   0.0000000E+00   0.0000000E+00   0.0000000E+00
   1.5406638E+03   7.5000000E+02   0.0000000E+00   0.0000000E+00   0.0000000E+00
   1.5406713E+03   7.3900000E+02   0.0000000E+00   0.0000000E+00   0.0000000E+00
   1.5406789E+03   6.7400000E+02   0.0000000E+00   0.0000000E+00   0.0000000E+00
   1.5406864E+03   7.6800000E+02   0.0000000E+00   0.0000000E+00   0.0000000E+00
   1.5406939E+03   7.8100000E+02   0.0000000E+00   0.0000000E+00   0.0000000E+00
   1.5407015E+03   7.3500000E+02   0.0000000E+00   0.0000000E+00   0.0000000E+00
   1.5407090E+03   7.8600000E+02   0.0000000E+00   5.2754581E-04   0.0000000E+00
   1.5407165E+03   7.9600000E+02   0.0000000E+00   0.0000000E+00   0.0000000E+00
   1.5407240E+03   6.9700000E+02   0.0000000E+00   1.3257673E-04   0.0000000E+00
   1.5407316E+03   7.3100000E+02   0.0000000E+00   0.0000000E+00   0.0000000E+00
   1.5407391E+03   7.6200000E+02   0.0000000E+00   0.0000000E+00   0.0000000E+00
   1.5407466E+03   7.6900000E+02   0.0000000E+00   0.0000000E+00   0.0000000E+00
   1.5407542E+03   7.5400000E+02   0.0000000E+00   0.0000000E+00   0.0000000E+00
   1.5407617E+03   8.2500000E+02   0.0000000E+00   0.0000000E+00   0.0000000E+00
   1.5407692E+03   7.7200000E+02   0.0000000E+00   0.0000000E+00   0.0000000E+00
   1.5407767E+03   7.3600000E+02   0.0000000E+00   0.0000000E+00   0.0000000E+00
   1.5407843E+03   7.5700000E+02   0.0000000E+00   0.0000000E+00   0.0000000E+00
   1.5407918E+03   7.5400000E+02   0.0000000E+00   0.0000000E+00   0.0000000E+00
   1.5407993E+03   7.1400000E+02   0.0000000E+00   0.0000000E+00   0.0000000E+00
   1.5408069E+03   7.2900000E+02   0.0000000E+00   0.0000000E+00   0.0000000E+00
   1.5408144E+03   7.8300000E+02   0.0000000E+00   0.0000000E+00   0.0000000E+00
   1.5408219E+03   7.2900000E+02   0.0000000E+00   0.0000000E+00   0.0000000E+00
   1.5408294E+03   7.4400000E+02   0.0000000E+00   0.0000000E+00   0.0000000E+00
   1.5408370E+03   7.0400000E+02   0.0000000E+00   0.0000000E+00   0.0000000E+00
   1.5408445E+03   7.6800000E+02   0.0000000E+00   0.0000000E+00   0.0000000E+00
   1.5408520E+03   7.3100000E+02   0.0000000E+00   0.0000000E+00   0.0000000E+00
   1.5408596E+03   7.7200000E+02   0.0000000E+00   0.0000000E+00   0.0000000E+00
   1.5408671E+03   7.2200000E+02   1.0000000E+00   1.3153348E-03   9.4967173E-01
   1.5408746E+03   7.4000000E+02   0.0000000E+00   0.0000000E+00   0.0000000E+00
   1.5408821E+03   8.0100000E+02   0.0000000E+00   0.0000000E+00   0.0000000E+00
   1.5408897E+03   7.8900000E+02   0.0000000E+00   0.0000000E+00   0.0000000E+00
   1.5408972E+03   7.4000000E+02   0.0000000E+00   0.0000000E+00   0.0000000E+00
   1.5409047E+03   7.6600000E+02   0.0000000E+00   0.0000000E+00   0.0000000E+00
   1.5409123E+03   7.4100000E+02   0.0000000E+00   0.0000000E+00   0.0000000E+00
   1.5409198E+03   7.0400000E+02   0.0000000E+00   0.0000000E+00   0.0000000E+00
   1.5409273E+03   7.7800000E+02   0.0000000E+00   0.0000000E+00   0.0000000E+00
   1.5409348E+03   7.6700000E+02   0.0000000E+00   0.0000000E+00   0.0000000E+00
   1.5409424E+03   7.1900000E+02   0.0000000E+00   0.0000000E+00   0.0000000E+00
   1.5409499E+03   7.8900000E+02   0.0000000E+00   0.0000000E+00   0.0000000E+00
   1.5409574E+03   7.4600000E+02   0.0000000E+00   0.0000000E+00   0.0000000E+00
   1.5409650E+03   7.2400000E+02   0.0000000E+00   0.0000000E+00   0.0000000E+00
   1.5409725E+03   7.5300000E+02   0.0000000E+00   0.0000000E+00   0.0000000E+00
   1.5409800E+03   7.4300000E+02   0.0000000E+00   0.0000000E+00   0.0000000E+00
   1.5409875E+03   7.5100000E+02   0.0000000E+00   0.0000000E+00   0.0000000E+00
   1.5409951E+03   7.6000000E+02   0.0000000E+00   0.0000000E+00   0.0000000E+00
   1.5410026E+03   7.5600000E+02   0.0000000E+00   0.0000000E+00   0.0000000E+00
   1.5410101E+03   7.6200000E+02   0.0000000E+00   0.0000000E+00   0.0000000E+00
   1.5410177E+03   8.0500000E+02   0.0000000E+00   0.0000000E+00   0.0000000E+00
   1.5410252E+03   7.2100000E+02   0.0000000E+00   0.0000000E+00   0.0000000E+00
   1.5410327E+03   7.4000000E+02   0.0000000E+00   0.0000000E+00   0.0000000E+00
   1.5410402E+03   7.4000000E+02   0.0000000E+00   0.0000000E+00   0.0000000E+00
   1.5410478E+03   7.6600000E+02   0.0000000E+00   0.0000000E+00   0.0000000E+00
   1.5410553E+03   7.3600000E+02   0.0000000E+00   0.0000000E+00   0.0000000E+00
   1.5410628E+03   7.1300000E+02   0.0000000E+00   0.0000000E+00   0.0000000E+00
   1.5410704E+03   7.6000000E+02   0.0000000E+00   0.0000000E+00   0.0000000E+00
   1.5410779E+03   7.7100000E+02   0.0000000E+00   0.0000000E+00   0.0000000E+00
   1.5410854E+03   7.3800000E+02   0.0000000E+00   0.0000000E+00   0.0000000E+00
   1.5410929E+03   7.3700000E+02   0.0000000E+00   0.0000000E+00   0.0000000E+00
   1.5411005E+03   7.6000000E+02   0.0000000E+00   0.0000000E+00   0.0000000E+00
   1.5411080E+03   7.5000000E+02   0.0000000E+00   0.0000000E+00   0.0000000E+00
   1.5411155E+03   7.8300000E+02   0.0000000E+00   0.0000000E+00   0.0000000E+00
   1.5411230E+03   7.5800000E+02   0.0000000E+00   0.0000000E+00   0.0000000E+00
   1.5411306E+03   7.1900000E+02   0.0000000E+00   0.0000000E+00   0.0000000E+00
   1.5411381E+03   7.9100000E+02   0.0000000E+00   0.0000000E+00   0.0000000E+00
   1.5411456E+03   7.0600000E+02   0.0000000E+00   0.0000000E+00   0.0000000E+00
   1.5411532E+03   7.4700000E+02   0.0000000E+00   0.0000000E+00   0.0000000E+00
   1.5411607E+03   7.2300000E+02   0.0000000E+00   1.3303407E-03   0.0000000E+00
   1.5411682E+03   7.3700000E+02   0.0000000E+00   0.0000000E+00   0.0000000E+00
   1.5411757E+03   7.1600000E+02   0.0000000E+00   5.4463595E-04   0.0000000E+00
   1.5411833E+03   7.7000000E+02   0.0000000E+00   0.0000000E+00   0.0000000E+00
   1.5411908E+03   7.8400000E+02   0.0000000E+00   0.0000000E+00   0.0000000E+00
   1.5411983E+03   7.4100000E+02   0.0000000E+00   0.0000000E+00   0.0000000E+00
   1.5412059E+03   7.6700000E+02   0.0000000E+00   0.0000000E+00   0.0000000E+00
   1.5412134E+03   7.5300000E+02   0.0000000E+00   0.0000000E+00   0.0000000E+00
   1.5412209E+03   7.6500000E+02   0.0000000E+00   0.0000000E+00   0.0000000E+00
   1.5412284E+03   7.5600000E+02   0.0000000E+00   0.0000000E+00   0.0000000E+00
   1.5412360E+03   7.8200000E+02   0.0000000E+00   0.0000000E+00   0.0000000E+00
   1.5412435E+03   7.8600000E+02   0.0000000E+00   0.0000000E+00   0.0000000E+00
   1.5412510E+03   8.1000000E+02   0.0000000E+00   0.0000000E+00   0.0000000E+00
   1.5412586E+03   7.8000000E+02   0.0000000E+00   0.0000000E+00   0.0000000E+00
   1.5412661E+03   8.1700000E+02   0.0000000E+00   0.0000000E+00   0.0000000E+00
   1.5412736E+03   7.4700000E+02   0.0000000E+00   1.1452917E-03   0.0000000E+00
   1.5412811E+03   7.2800000E+02   0.0000000E+00   2.9228482E-05   0.0000000E+00
   1.5412887E+03   7.7600000E+02   0.0000000E+00   0.0000000E+00   0.0000000E+00
   1.5412962E+03   7.7300000E+02   0.0000000E+00   0.0000000E+00   0.0000000E+00
   1.5413037E+03   7.3900000E+02   0.0000000E+00   0.0000000E+00   0.0000000E+00
   1.5413113E+03   7.4100000E+02   0.0000000E+00   0.0000000E+00   0.0000000E+00
   1.5413188E+03   7.7500000E+02   0.0000000E+00   0.0000000E+00   0.0000000E+00
   1.5413263E+03   7.3400000E+02   0.0000000E+00   0.0000000E+00   0.0000000E+00
   1.5413338E+03   7.4800000E+02   0.0000000E+00   0.0000000E+00   0.0000000E+00
   1.5413414E+03   7.5900000E+02   0.0000000E+00   0.0000000E+00   0.0000000E+00
   1.5413489E+03   7.3200000E+02   0.0000000E+00   0.0000000E+00   0.0000000E+00
   1.5413564E+03   7.3500000E+02   0.0000000E+00   0.0000000E+00   0.0000000E+00
   1.5413640E+03   7.5900000E+02   0.0000000E+00   0.0000000E+00   0.0000000E+00
   1.5413715E+03   7.3300000E+02   0.0000000E+00   0.0000000E+00   0.0000000E+00
   1.5413790E+03   7.6300000E+02   0.0000000E+00   0.0000000E+00   0.0000000E+00
   1.5413865E+03   7.4500000E+02   0.0000000E+00   0.0000000E+00   0.0000000E+00
   1.5413941E+03   7.6100000E+02   0.0000000E+00   0.0000000E+00   0.0000000E+00
   1.5414016E+03   8.2000000E+02   0.0000000E+00   0.0000000E+00   0.0000000E+00
   1.5414091E+03   7.2400000E+02   0.0000000E+00   0.0000000E+00   0.0000000E+00
   1.5414167E+03   7.2500000E+02   0.0000000E+00   0.0000000E+00   0.0000000E+00
   1.5414242E+03   8.4800000E+02   0.0000000E+00   0.0000000E+00   0.0000000E+00
   1.5414317E+03   7.4800000E+02   0.0000000E+00   0.0000000E+00   0.0000000E+00
   1.5414392E+03   7.3900000E+02   0.0000000E+00   0.0000000E+00   0.0000000E+00
   1.5414468E+03   7.2500000E+02   0.0000000E+00   0.0000000E+00   0.0000000E+00
   1.5414543E+03   7.2400000E+02   0.0000000E+00   0.0000000E+00   0.0000000E+00
   1.5414618E+03   7.3800000E+02   0.0000000E+00   0.0000000E+00   0.0000000E+00
   1.5414694E+03   7.7100000E+02   1.0000000E+00   1.1324834E-03   8.7314472E-01
   1.5414769E+03   7.5200000E+02   0.0000000E+00   0.0000000E+00   0.0000000E+00
   1.5414844E+03   7.9300000E+02   0.0000000E+00   0.0000000E+00   0.0000000E+00
   1.5414919E+03   7.9400000E+02   0.0000000E+00   0.0000000E+00   0.0000000E+00
   1.5414995E+03   8.2000000E+02   1.0000000E+00   8.4567623E-04   6.9345451E-01
   1.5415070E+03   7.3700000E+02   0.0000000E+00   0.0000000E+00   0.0000000E+00
   1.5415145E+03   7.8900000E+02   0.0000000E+00   0.0000000E+00   0.0000000E+00
   1.5415221E+03   7.3700000E+02   0.0000000E+00   0.0000000E+00   0.0000000E+00
   1.5415296E+03   7.5600000E+02   0.0000000E+00   0.0000000E+00   0.0000000E+00
   1.5415371E+03   7.8100000E+02   0.0000000E+00   0.0000000E+00   0.0000000E+00
   1.5415446E+03   7.4000000E+02   0.0000000E+00   0.0000000E+00   0.0000000E+00
   1.5415522E+03   7.9200000E+02   0.0000000E+00   0.0000000E+00   0.0000000E+00
   1.5415597E+03   7.5100000E+02   0.0000000E+00   0.0000000E+00   0.0000000E+00
   1.5415672E+03   7.5600000E+02   0.0000000E+00   1.0520221E-03   0.0000000E+00
   1.5415747E+03   7.7700000E+02   0.0000000E+00   1.0884679E-03   0.0000000E+00
   1.5415823E+03   7.5500000E+02   0.0000000E+00   0.0000000E+00   0.0000000E+00
   1.5415898E+03   7.4900000E+02   0.0000000E+00   0.0000000E+00   0.0000000E+00
   1.5415973E+03   8.0200000E+02   0.0000000E+00   0.0000000E+00   0.0000000E+00
   1.5416049E+03   8.1900000E+02   0.0000000E+00   0.0000000E+00   0.0000000E+00
   1.5416124E+03   7.1800000E+02   0.0000000E+00   0.0000000E+00   0.0000000E+00
   1.5416199E+03   6.7500000E+02   0.0000000E+00   0.0000000E+00   0.0000000E+00
   1.5416274E+03   7.4900000E+02   0.0000000E+00   0.0000000E+00   0.0000000E+00
   1.5416350E+03   8.1200000E+02   0.0000000E+00   0.0000000E+00   0.0000000E+00
   1.5416425E+03   7.3000000E+02   0.0000000E+00   0.0000000E+00   0.0000000E+00
   1.5416500E+03   6.8100000E+02   0.0000000E+00   0.0000000E+00   0.0000000E+00
   1.5416576E+03   7.3100000E+02   0.0000000E+00   0.0000000E+00   0.0000000E+00
   1.5416651E+03   7.7800000E+02   0.0000000E+00   0.0000000E+00   0.0000000E+00
   1.5416726E+03   7.5400000E+02   0.0000000E+00   0.0000000E+00   0.0000000E+00
   1.5416801E+03   7.3500000E+02   0.0000000E+00   0.0000000E+00   0.0000000E+00
   1.5416877E+03   7.4200000E+02   0.0000000E+00   0.0000000E+00   0.0000000E+00
   1.5416952E+03   7.1300000E+02   0.0000000E+00   0.0000000E+00   0.0000000E+00
   1.5417027E+03   7.6300000E+02   0.0000000E+00   0.0000000E+00   0.0000000E+00
   1.5417103E+03   7.1400000E+02   0.0000000E+00   0.0000000E+00   0.0000000E+00
   1.5417178E+03   7.3900000E+02   0.0000000E+00   0.0000000E+00   0.0000000E+00
   1.5417253E+03   7.7200000E+02   0.0000000E+00   0.0000000E+00   0.0000000E+00
   1.5417328E+03   7.3900000E+02   0.0000000E+00   0.0000000E+00   0.0000000E+00
   1.5417404E+03   7.6900000E+02   0.0000000E+00   0.0000000E+00   0.0000000E+00
   1.5417479E+03   7.8900000E+02   0.0000000E+00   0.0000000E+00   0.0000000E+00
   1.5417554E+03   7.8500000E+02   0.0000000E+00   6.1853308E-05   0.0000000E+00
   1.5417630E+03   7.7400000E+02   0.0000000E+00   0.0000000E+00   0.0000000E+00
   1.5417705E+03   7.0500000E+02   0.0000000E+00   0.0000000E+00   0.0000000E+00
   1.5417780E+03   7.6200000E+02   0.0000000E+00   0.0000000E+00   0.0000000E+00
   1.5417855E+03   7.8000000E+02   0.0000000E+00   0.0000000E+00   0.0000000E+00
   1.5417931E+03   7.5800000E+02   0.0000000E+00   0.0000000E+00   0.0000000E+00
   1.5418006E+03   7.5200000E+02   0.0000000E+00   0.0000000E+00   0.0000000E+00
   1.5418081E+03   7.0800000E+02   0.0000000E+00   0.0000000E+00   0.0000000E+00
   1.5418157E+03   7.4700000E+02   0.0000000E+00   0.0000000E+00   0.0000000E+00
   1.5418232E+03   7.5100000E+02   0.0000000E+00   0.0000000E+00   0.0000000E+00
   1.5418307E+03   7.2600000E+02   0.0000000E+00   0.0000000E+00   0.0000000E+00
   1.5418382E+03   7.3300000E+02   0.0000000E+00   0.0000000E+00   0.0000000E+00
   1.5418458E+03   7.6200000E+02   0.0000000E+00   0.0000000E+00   0.0000000E+00
   1.5418533E+03   8.2700000E+02   0.0000000E+00   0.0000000E+00   0.0000000E+00
   1.5418608E+03   7.4700000E+02   0.0000000E+00   0.0000000E+00   0.0000000E+00
   1.5418684E+03   7.5500000E+02   0.0000000E+00   0.0000000E+00   0.0000000E+00
   1.5418759E+03   7.6600000E+02   0.0000000E+00   0.0000000E+00   0.0000000E+00
   1.5418834E+03   7.3500000E+02   0.0000000E+00   0.0000000E+00   0.0000000E+00
   1.5418909E+03   7.3800000E+02   0.0000000E+00   0.0000000E+00   0.0000000E+00
   1.5418985E+03   7.5600000E+02   0.0000000E+00   0.0000000E+00   0.0000000E+00
   1.5419060E+03   7.2700000E+02   0.0000000E+00   0.0000000E+00   0.0000000E+00
   1.5419135E+03   7.2600000E+02   0.0000000E+00   0.0000000E+00   0.0000000E+00
   1.5419211E+03   7.0100000E+02   0.0000000E+00   0.0000000E+00   0.0000000E+00
   1.5419286E+03   8.2700000E+02   0.0000000E+00   0.0000000E+00   0.0000000E+00
   1.5419361E+03   7.9700000E+02   0.0000000E+00   0.0000000E+00   0.0000000E+00
   1.5419436E+03   7.6400000E+02   0.0000000E+00   0.0000000E+00   0.0000000E+00
   1.5419512E+03   7.5900000E+02   0.0000000E+00   0.0000000E+00   0.0000000E+00
   1.5419587E+03   7.9900000E+02   0.0000000E+00   0.0000000E+00   0.0000000E+00
   1.5419662E+03   7.9200000E+02   0.0000000E+00   0.0000000E+00   0.0000000E+00
   1.5419738E+03   7.5200000E+02   0.0000000E+00   0.0000000E+00   0.0000000E+00
   1.5419813E+03   7.8400000E+02   0.0000000E+00   0.0000000E+00   0.0000000E+00
   1.5419888E+03   7.8500000E+02   0.0000000E+00   8.1939547E-04   0.0000000E+00
   1.5419963E+03   7.5800000E+02   1.0000000E+00   1.2186750E-03   9.2375567E-01
   1.5420039E+03   7.5000000E+02   0.0000000E+00   0.0000000E+00   0.0000000E+00
   1.5420114E+03   7.8200000E+02   0.0000000E+00   9.0781595E-04   0.0000000E+00
   1.5420189E+03   7.4600000E+02   0.0000000E+00   0.0000000E+00   0.0000000E+00
   1.5420264E+03   7.6800000E+02   0.0000000E+00   0.0000000E+00   0.0000000E+00
   1.5420340E+03   7.8700000E+02   0.0000000E+00   0.0000000E+00   0.0000000E+00
   1.5420415E+03   7.8000000E+02   0.0000000E+00   0.0000000E+00   0.0000000E+00
   1.5420490E+03   7.6000000E+02   0.0000000E+00   0.0000000E+00   0.0000000E+00
   1.5420566E+03   7.5600000E+02   0.0000000E+00   0.0000000E+00   0.0000000E+00
   1.5420641E+03   7.6700000E+02   0.0000000E+00   6.5208675E-04   0.0000000E+00
   1.5420716E+03   7.3500000E+02   0.0000000E+00   0.0000000E+00   0.0000000E+00
   1.5420791E+03   7.3500000E+02   0.0000000E+00   0.0000000E+00   0.0000000E+00
   1.5420867E+03   7.6100000E+02   0.0000000E+00   0.0000000E+00   0.0000000E+00
   1.5420942E+03   7.2100000E+02   0.0000000E+00   0.0000000E+00   0.0000000E+00
   1.5421017E+03   7.7600000E+02   0.0000000E+00   0.0000000E+00   0.0000000E+00
   1.5421093E+03   8.0100000E+02   0.0000000E+00   0.0000000E+00   0.0000000E+00
   1.5421168E+03   7.8900000E+02   1.0000000E+00   1.2788091E-03   8.4860776E-01
   1.5421243E+03   7.3400000E+02   0.0000000E+00   0.0000000E+00   0.0000000E+00
   1.5421318E+03   7.4600000E+02   0.0000000E+00   7.6877120E-05   0.0000000E+00
   1.5421394E+03   7.2100000E+02   0.0000000E+00   0.0000000E+00   0.0000000E+00
   1.5421469E+03   7.8500000E+02   0.0000000E+00   1.7192893E-04   0.0000000E+00
   1.5421544E+03   7.4700000E+02   0.0000000E+00   0.0000000E+00   0.0000000E+00
   1.5421620E+03   7.5000000E+02   0.0000000E+00   0.0000000E+00   0.0000000E+00
   1.5421695E+03   7.9200000E+02   0.0000000E+00   0.0000000E+00   0.0000000E+00
   1.5421770E+03   7.6100000E+02   0.0000000E+00   0.0000000E+00   0.0000000E+00
   1.5421845E+03   7.1200000E+02   0.0000000E+00   0.0000000E+00   0.0000000E+00
   1.5421921E+03   7.2300000E+02   0.0000000E+00   0.0000000E+00   0.0000000E+00
   1.5421996E+03   7.7200000E+02   0.0000000E+00   0.0000000E+00   0.0000000E+00
   1.5422071E+03   7.5800000E+02   0.0000000E+00   0.0000000E+00   0.0000000E+00
   1.5422147E+03   8.3900000E+02   0.0000000E+00   0.0000000E+00   0.0000000E+00
   1.5422222E+03   7.2500000E+02   0.0000000E+00   0.0000000E+00   0.0000000E+00
   1.5422297E+03   7.2900000E+02   0.0000000E+00   0.0000000E+00   0.0000000E+00
   1.5422372E+03   7.6500000E+02   0.0000000E+00   0.0000000E+00   0.0000000E+00
   1.5422448E+03   7.6600000E+02   0.0000000E+00   0.0000000E+00   0.0000000E+00
   1.5422523E+03   7.4500000E+02   0.0000000E+00   0.0000000E+00   0.0000000E+00
   1.5422598E+03   7.5500000E+02   0.0000000E+00   1.3516612E-04   0.0000000E+00
   1.5422674E+03   7.3900000E+02   0.0000000E+00   0.0000000E+00   0.0000000E+00
   1.5422749E+03   7.2100000E+02   0.0000000E+00   0.0000000E+00   0.0000000E+00
   1.5422824E+03   7.3400000E+02   0.0000000E+00   0.0000000E+00   0.0000000E+00
   1.5422899E+03   7.9100000E+02   0.0000000E+00   0.0000000E+00   0.0000000E+00
   1.5422975E+03   7.6200000E+02   0.0000000E+00   0.0000000E+00   0.0000000E+00
   1.5423050E+03   7.1800000E+02   0.0000000E+00   0.0000000E+00   0.0000000E+00
   1.5423125E+03   7.3200000E+02   1.0000000E+00   1.2771463E-03   9.1195560E-01
   1.5423201E+03   7.6000000E+02   0.0000000E+00   0.0000000E+00   0.0000000E+00
   1.5423276E+03   7.6000000E+02   0.0000000E+00   0.0000000E+00   0.0000000E+00
   1.5423351E+03   7.4700000E+02   0.0000000E+00   0.0000000E+00   0.0000000E+00
   1.5423426E+03   7.2000000E+02   0.0000000E+00   0.0000000E+00   0.0000000E+00
   1.5423502E+03   8.0700000E+02   0.0000000E+00   0.0000000E+00   0.0000000E+00
   1.5423577E+03   7.6100000E+02   0.0000000E+00   0.0000000E+00   0.0000000E+00
   1.5423652E+03   7.2900000E+02   0.0000000E+00   0.0000000E+00   0.0000000E+00
   1.5423728E+03   7.1200000E+02   0.0000000E+00   0.0000000E+00   0.0000000E+00
   1.5423803E+03   7.3700000E+02   0.0000000E+00   0.0000000E+00   0.0000000E+00
   1.5423878E+03   7.6500000E+02   0.0000000E+00   0.0000000E+00   0.0000000E+00
   1.5423953E+03   7.2000000E+02   0.0000000E+00   0.0000000E+00   0.0000000E+00
   1.5424029E+03   7.2200000E+02   0.0000000E+00   0.0000000E+00   0.0000000E+00
   1.5424104E+03   7.4800000E+02   0.0000000E+00   0.0000000E+00   0.0000000E+00
   1.5424179E+03   7.1800000E+02   0.0000000E+00   0.0000000E+00   0.0000000E+00
   1.5424255E+03   7.7200000E+02   0.0000000E+00   0.0000000E+00   0.0000000E+00
   1.5424330E+03   7.5400000E+02   0.0000000E+00   5.8628493E-04   0.0000000E+00
   1.5424405E+03   7.4300000E+02   0.0000000E+00   0.0000000E+00   0.0000000E+00
   1.5424480E+03   7.4400000E+02   0.0000000E+00   0.0000000E+00   0.0000000E+00
   1.5424556E+03   7.3900000E+02   0.0000000E+00   0.0000000E+00   0.0000000E+00
   1.5424631E+03   7.4400000E+02   0.0000000E+00   0.0000000E+00   0.0000000E+00
   1.5424706E+03   7.5200000E+02   0.0000000E+00   3.7265138E-04   0.0000000E+00
   1.5424781E+03   7.4100000E+02   0.0000000E+00   0.0000000E+00   0.0000000E+00
   1.5424857E+03   7.4600000E+02   0.0000000E+00   0.0000000E+00   0.0000000E+00
   1.5424932E+03   7.4600000E+02   0.0000000E+00   0.0000000E+00   0.0000000E+00
   1.5425007E+03   7.5700000E+02   0.0000000E+00   0.0000000E+00   0.0000000E+00
   1.5425083E+03   7.7600000E+02   0.0000000E+00   0.0000000E+00   0.0000000E+00
   1.5425158E+03   7.5800000E+02   0.0000000E+00   0.0000000E+00   0.0000000E+00
   1.5425233E+03   7.5500000E+02   0.0000000E+00   0.0000000E+00   0.0000000E+00
   1.5425308E+03   7.7200000E+02   0.0000000E+00   0.0000000E+00   0.0000000E+00
   1.5425384E+03   7.7100000E+02   0.0000000E+00   0.0000000E+00   0.0000000E+00
   1.5425459E+03   7.7500000E+02   0.0000000E+00   0.0000000E+00   0.0000000E+00
   1.5425534E+03   7.5200000E+02   0.0000000E+00   0.0000000E+00   0.0000000E+00
   1.5425610E+03   7.6000000E+02   0.0000000E+00   9.3717209E-05   0.0000000E+00
   1.5425685E+03   7.5600000E+02   0.0000000E+00   2.2789101E-04   0.0000000E+00
   1.5425760E+03   7.3800000E+02   0.0000000E+00   0.0000000E+00   0.0000000E+00
   1.5425835E+03   7.3000000E+02   0.0000000E+00   0.0000000E+00   0.0000000E+00
   1.5425911E+03   7.7800000E+02   0.0000000E+00   0.0000000E+00   0.0000000E+00
   1.5425986E+03   7.7500000E+02   0.0000000E+00   0.0000000E+00   0.0000000E+00
   1.5426061E+03   7.7400000E+02   0.0000000E+00   0.0000000E+00   0.0000000E+00
   1.5426137E+03   7.6600000E+02   0.0000000E+00   1.1017412E-04   0.0000000E+00
   1.5426212E+03   7.7300000E+02   0.0000000E+00   0.0000000E+00   0.0000000E+00
   1.5426287E+03   7.2500000E+02   0.0000000E+00   0.0000000E+00   0.0000000E+00
   1.5426362E+03   8.2100000E+02   0.0000000E+00   0.0000000E+00   0.0000000E+00
   1.5426438E+03   7.6000000E+02   0.0000000E+00   0.0000000E+00   0.0000000E+00
   1.5426513E+03   7.4100000E+02   0.0000000E+00   0.0000000E+00   0.0000000E+00
   1.5426588E+03   7.5200000E+02   0.0000000E+00   0.0000000E+00   0.0000000E+00
   1.5426664E+03   7.3800000E+02   0.0000000E+00   0.0000000E+00   0.0000000E+00
   1.5426739E+03   7.1900000E+02   0.0000000E+00   0.0000000E+00   0.0000000E+00
   1.5426814E+03   7.7000000E+02   0.0000000E+00   0.0000000E+00   0.0000000E+00
   1.5426889E+03   7.8900000E+02   0.0000000E+00   0.0000000E+00   0.0000000E+00
   1.5426965E+03   7.6200000E+02   0.0000000E+00   0.0000000E+00   0.0000000E+00
   1.5427040E+03   7.5900000E+02   0.0000000E+00   0.0000000E+00   0.0000000E+00
   1.5427115E+03   7.7300000E+02   0.0000000E+00   0.0000000E+00   0.0000000E+00
   1.5427191E+03   7.1200000E+02   0.0000000E+00   0.0000000E+00   0.0000000E+00
   1.5427266E+03   7.8000000E+02   0.0000000E+00   9.2656185E-05   0.0000000E+00
   1.5427341E+03   6.7500000E+02   0.0000000E+00   0.0000000E+00   0.0000000E+00
   1.5427416E+03   7.7300000E+02   0.0000000E+00   0.0000000E+00   0.0000000E+00
   1.5427492E+03   7.6400000E+02   0.0000000E+00   0.0000000E+00   0.0000000E+00
   1.5427567E+03   7.2900000E+02   1.0000000E+00   1.1418543E-03   8.7475614E-01
   1.5427642E+03   7.0500000E+02   0.0000000E+00   0.0000000E+00   0.0000000E+00
   1.5427718E+03   7.2300000E+02   0.0000000E+00   0.0000000E+00   0.0000000E+00
   1.5427793E+03   7.3300000E+02   0.0000000E+00   3.0651981E-04   0.0000000E+00
   1.5427868E+03   7.7800000E+02   0.0000000E+00   0.0000000E+00   0.0000000E+00
   1.5427943E+03   7.6300000E+02   0.0000000E+00   0.0000000E+00   0.0000000E+00
   1.5428019E+03   6.9100000E+02   0.0000000E+00   0.0000000E+00   0.0000000E+00
   1.5428094E+03   7.6400000E+02   0.0000000E+00   0.0000000E+00   0.0000000E+00
   1.5428169E+03   7.5800000E+02   0.0000000E+00   0.0000000E+00   0.0000000E+00
   1.5428245E+03   7.6600000E+02   0.0000000E+00   0.0000000E+00   0.0000000E+00
   1.5428320E+03   7.3500000E+02   0.0000000E+00   0.0000000E+00   0.0000000E+00
   1.5428395E+03   7.4200000E+02   0.0000000E+00   0.0000000E+00   0.0000000E+00
   1.5428470E+03   7.7700000E+02   0.0000000E+00   0.0000000E+00   0.0000000E+00
   1.5428546E+03   7.3500000E+02   0.0000000E+00   0.0000000E+00   0.0000000E+00
   1.5428621E+03   7.2500000E+02   0.0000000E+00   1.2608731E-03   0.0000000E+00
   1.5428696E+03   6.9900000E+02   0.0000000E+00   0.0000000E+00   0.0000000E+00
   1.5428772E+03   7.7400000E+02   0.0000000E+00   0.0000000E+00   0.0000000E+00
   1.5428847E+03   7.4100000E+02   0.0000000E+00   0.0000000E+00   0.0000000E+00
   1.5428922E+03   7.2400000E+02   0.0000000E+00   0.0000000E+00   0.0000000E+00
   1.5428997E+03   8.1900000E+02   0.0000000E+00   0.0000000E+00   0.0000000E+00
   1.5429073E+03   7.9300000E+02   0.0000000E+00   0.0000000E+00   0.0000000E+00
   1.5429148E+03   7.9200000E+02   0.0000000E+00   0.0000000E+00   0.0000000E+00
   1.5429223E+03   7.2400000E+02   0.0000000E+00   0.0000000E+00   0.0000000E+00
   1.5429298E+03   7.7900000E+02   0.0000000E+00   0.0000000E+00   0.0000000E+00
   1.5429374E+03   7.6700000E+02   0.0000000E+00   0.0000000E+00   0.0000000E+00
   1.5429449E+03   7.4200000E+02   0.0000000E+00   1.0028006E-03   0.0000000E+00
   1.5429524E+03   7.4100000E+02   0.0000000E+00   0.0000000E+00   0.0000000E+00
   1.5429600E+03   7.4200000E+02   0.0000000E+00   0.0000000E+00   0.0000000E+00
   1.5429675E+03   7.6900000E+02   0.0000000E+00   0.0000000E+00   0.0000000E+00
   1.5429750E+03   7.2600000E+02   0.0000000E+00   0.0000000E+00   0.0000000E+00
   1.5429825E+03   7.8900000E+02   0.0000000E+00   0.0000000E+00   0.0000000E+00
   1.5429901E+03   7.4400000E+02   0.0000000E+00   0.0000000E+00   0.0000000E+00
   1.5429976E+03   8.0700000E+02   0.0000000E+00   0.0000000E+00   0.0000000E+00
   1.5430051E+03   7.8900000E+02   0.0000000E+00   0.0000000E+00   0.0000000E+00
   1.5430127E+03   7.4700000E+02   0.0000000E+00   0.0000000E+00   0.0000000E+00
   1.5430202E+03   7.6100000E+02   0.0000000E+00   0.0000000E+00   0.0000000E+00
   1.5430277E+03   7.4200000E+02   0.0000000E+00   0.0000000E+00   0.0000000E+00
   1.5430352E+03   7.1500000E+02   0.0000000E+00   0.0000000E+00   0.0000000E+00
   1.5430428E+03   7.3100000E+02   0.0000000E+00   0.0000000E+00   0.0000000E+00
   1.5430503E+03   7.8300000E+02   0.0000000E+00   0.0000000E+00   0.0000000E+00
   1.5430578E+03   7.9900000E+02   0.0000000E+00   0.0000000E+00   0.0000000E+00
   1.5430654E+03   7.2800000E+02   0.0000000E+00   8.9517919E-04   0.0000000E+00
   1.5430729E+03   7.1500000E+02   0.0000000E+00   0.0000000E+00   0.0000000E+00
   1.5430804E+03   7.1700000E+02   0.0000000E+00   0.0000000E+00   0.0000000E+00
   1.5430879E+03   7.8100000E+02   0.0000000E+00   0.0000000E+00   0.0000000E+00
   1.5430955E+03   7.0100000E+02   0.0000000E+00   0.0000000E+00   0.0000000E+00
   1.5431030E+03   7.3400000E+02   0.0000000E+00   0.0000000E+00   0.0000000E+00
   1.5431105E+03   7.1900000E+02   0.0000000E+00   0.0000000E+00   0.0000000E+00
   1.5431181E+03   7.4000000E+02   0.0000000E+00   0.0000000E+00   0.0000000E+00
   1.5431256E+03   7.2400000E+02   0.0000000E+00   0.0000000E+00   0.0000000E+00
   1.5431331E+03   7.4800000E+02   1.0000000E+00   1.2195740E-03   9.1224138E-01
   1.5431406E+03   7.5400000E+02   0.0000000E+00   0.0000000E+00   0.0000000E+00
   1.5431482E+03   7.5100000E+02   0.0000000E+00   0.0000000E+00   0.0000000E+00
   1.5431557E+03   7.3700000E+02   0.0000000E+00   1.2470326E-03   0.0000000E+00
   1.5431632E+03   7.8800000E+02   0.0000000E+00   0.0000000E+00   0.0000000E+00
   1.5431708E+03   7.9500000E+02   0.0000000E+00   0.0000000E+00   0.0000000E+00
   1.5431783E+03   7.7000000E+02   0.0000000E+00   0.0000000E+00   0.0000000E+00
   1.5431858E+03   7.9300000E+02   0.0000000E+00   0.0000000E+00   0.0000000E+00
   1.5431933E+03   7.5600000E+02   0.0000000E+00   0.0000000E+00   0.0000000E+00
   1.5432009E+03   7.8000000E+02   0.0000000E+00   0.0000000E+00   0.0000000E+00
   1.5432084E+03   7.6500000E+02   0.0000000E+00   0.0000000E+00   0.0000000E+00
   1.5432159E+03   7.8900000E+02   0.0000000E+00   0.0000000E+00   0.0000000E+00
   1.5432235E+03   7.1600000E+02   0.0000000E+00   0.0000000E+00   0.0000000E+00
   1.5432310E+03   7.4200000E+02   0.0000000E+00   0.0000000E+00   0.0000000E+00
   1.5432385E+03   7.6300000E+02   0.0000000E+00   0.0000000E+00   0.0000000E+00
   1.5432460E+03   7.4900000E+02   0.0000000E+00   0.0000000E+00   0.0000000E+00
   1.5432536E+03   6.9700000E+02   0.0000000E+00   0.0000000E+00   0.0000000E+00
   1.5432611E+03   7.4200000E+02   0.0000000E+00   0.0000000E+00   0.0000000E+00
   1.5432686E+03   7.3100000E+02   0.0000000E+00   0.0000000E+00   0.0000000E+00
   1.5432762E+03   7.8600000E+02   0.0000000E+00   8.7669398E-04   0.0000000E+00
   1.5432837E+03   7.3000000E+02   0.0000000E+00   0.0000000E+00   0.0000000E+00
   1.5432912E+03   7.1700000E+02   0.0000000E+00   0.0000000E+00   0.0000000E+00
   1.5432987E+03   7.6800000E+02   0.0000000E+00   0.0000000E+00   0.0000000E+00
   1.5433063E+03   7.4300000E+02   0.0000000E+00   0.0000000E+00   0.0000000E+00
   1.5433138E+03   7.2000000E+02   0.0000000E+00   0.0000000E+00   0.0000000E+00
   1.5433213E+03   7.5600000E+02   0.0000000E+00   0.0000000E+00   0.0000000E+00
   1.5433289E+03   7.5500000E+02   0.0000000E+00   0.0000000E+00   0.0000000E+00
   1.5433364E+03   7.3600000E+02   0.0000000E+00   0.0000000E+00   0.0000000E+00
   1.5433439E+03   7.3200000E+02   0.0000000E+00   0.0000000E+00   0.0000000E+00
   1.5433514E+03   7.4900000E+02   0.0000000E+00   0.0000000E+00   0.0000000E+00
   1.5433590E+03   7.7500000E+02   0.0000000E+00   0.0000000E+00   0.0000000E+00
   1.5433665E+03   7.4800000E+02   0.0000000E+00   0.0000000E+00   0.0000000E+00
   1.5433740E+03   7.6800000E+02   0.0000000E+00   1.0817031E-04   0.0000000E+00
   1.5433815E+03   7.7800000E+02   0.0000000E+00   0.0000000E+00   0.0000000E+00
   1.5433891E+03   8.0800000E+02   0.0000000E+00   3.4121101E-04   0.0000000E+00
   1.5433966E+03   8.2600000E+02   0.0000000E+00   0.0000000E+00   0.0000000E+00
   1.5434041E+03   7.5100000E+02   0.0000000E+00   0.0000000E+00   0.0000000E+00
   1.5434117E+03   7.5500000E+02   0.0000000E+00   0.0000000E+00   0.0000000E+00
   1.5434192E+03   7.2400000E+02   0.0000000E+00   0.0000000E+00   0.0000000E+00
   1.5434267E+03   7.5200000E+02   0.0000000E+00   6.1790809E-04   0.0000000E+00
   1.5434342E+03   7.3400000E+02   0.0000000E+00   0.0000000E+00   0.0000000E+00
   1.5434418E+03   7.2800000E+02   0.0000000E+00   0.0000000E+00   0.0000000E+00
   1.5434493E+03   7.4900000E+02   0.0000000E+00   0.0000000E+00   0.0000000E+00
   1.5434568E+03   7.3300000E+02   0.0000000E+00   0.0000000E+00   0.0000000E+00
   1.5434644E+03   7.2700000E+02   0.0000000E+00   0.0000000E+00   0.0000000E+00
   1.5434719E+03   8.0300000E+02   0.0000000E+00   0.0000000E+00   0.0000000E+00
   1.5434794E+03   7.7200000E+02   0.0000000E+00   0.0000000E+00   0.0000000E+00
   1.5434869E+03   7.4800000E+02   0.0000000E+00   0.0000000E+00   0.0000000E+00
   1.5434945E+03   7.4400000E+02   0.0000000E+00   0.0000000E+00   0.0000000E+00
   1.5435020E+03   7.2200000E+02   0.0000000E+00   0.0000000E+00   0.0000000E+00
   1.5435095E+03   6.9300000E+02   0.0000000E+00   0.0000000E+00   0.0000000E+00
   1.5435171E+03   7.4800000E+02   0.0000000E+00   0.0000000E+00   0.0000000E+00
   1.5435246E+03   7.4300000E+02   0.0000000E+00   1.2437377E-03   0.0000000E+00
   1.5435321E+03   6.5700000E+02   0.0000000E+00   0.0000000E+00   0.0000000E+00
   1.5435396E+03   7.3700000E+02   0.0000000E+00   0.0000000E+00   0.0000000E+00
   1.5435472E+03   7.7600000E+02   0.0000000E+00   0.0000000E+00   0.0000000E+00
   1.5435547E+03   7.6300000E+02   0.0000000E+00   0.0000000E+00   0.0000000E+00
   1.5435622E+03   7.4500000E+02   0.0000000E+00   3.1351529E-04   0.0000000E+00
   1.5435698E+03   7.1300000E+02   0.0000000E+00   0.0000000E+00   0.0000000E+00
   1.5435773E+03   7.1100000E+02   0.0000000E+00   1.0025084E-03   0.0000000E+00
   1.5435848E+03   7.3600000E+02   0.0000000E+00   0.0000000E+00   0.0000000E+00
   1.5435923E+03   7.3400000E+02   0.0000000E+00   0.0000000E+00   0.0000000E+00
   1.5435999E+03   7.8400000E+02   0.0000000E+00   0.0000000E+00   0.0000000E+00
   1.5436074E+03   7.3100000E+02   0.0000000E+00   0.0000000E+00   0.0000000E+00
   1.5436149E+03   7.6400000E+02   0.0000000E+00   1.7074688E-04   0.0000000E+00
   1.5436225E+03   7.8400000E+02   0.0000000E+00   0.0000000E+00   0.0000000E+00
   1.5436300E+03   7.7800000E+02   0.0000000E+00   0.0000000E+00   0.0000000E+00
   1.5436375E+03   7.3200000E+02   0.0000000E+00   0.0000000E+00   0.0000000E+00
   1.5436450E+03   7.9400000E+02   0.0000000E+00   0.0000000E+00   0.0000000E+00
   1.5436526E+03   7.5200000E+02   0.0000000E+00   0.0000000E+00   0.0000000E+00
   1.5436601E+03   7.7300000E+02   0.0000000E+00   0.0000000E+00   0.0000000E+00
   1.5436676E+03   7.7300000E+02   0.0000000E+00   0.0000000E+00   0.0000000E+00
   1.5436752E+03   7.2600000E+02   0.0000000E+00   0.0000000E+00   0.0000000E+00
   1.5436827E+03   7.9100000E+02   0.0000000E+00   0.0000000E+00   0.0000000E+00
   1.5436902E+03   7.5300000E+02   0.0000000E+00   0.0000000E+00   0.0000000E+00
   1.5436977E+03   7.6100000E+02   0.0000000E+00   0.0000000E+00   0.0000000E+00
   1.5437053E+03   7.3300000E+02   0.0000000E+00   0.0000000E+00   0.0000000E+00
   1.5437128E+03   7.8500000E+02   0.0000000E+00   2.9169899E-04   0.0000000E+00
   1.5437203E+03   7.6900000E+02   0.0000000E+00   1.1441573E-03   0.0000000E+00
   1.5437279E+03   7.7100000E+02   0.0000000E+00   0.0000000E+00   0.0000000E+00
   1.5437354E+03   7.2300000E+02   0.0000000E+00   0.0000000E+00   0.0000000E+00
   1.5437429E+03   7.5300000E+02   0.0000000E+00   0.0000000E+00   0.0000000E+00
   1.5437504E+03   7.2400000E+02   0.0000000E+00   0.0000000E+00   0.0000000E+00
   1.5437580E+03   7.9900000E+02   1.0000000E+00   9.0931752E-04   7.2654470E-01
   1.5437655E+03   8.0100000E+02   0.0000000E+00   0.0000000E+00   0.0000000E+00
   1.5437730E+03   7.6800000E+02   0.0000000E+00   0.0000000E+00   0.0000000E+00
   1.5437806E+03   7.5000000E+02   0.0000000E+00   0.0000000E+00   0.0000000E+00
   1.5437881E+03   7.2200000E+02   0.0000000E+00   0.0000000E+00   0.0000000E+00
   1.5437956E+03   7.2300000E+02   0.0000000E+00   0.0000000E+00   0.0000000E+00
   1.5438031E+03   7.3500000E+02   0.0000000E+00   0.0000000E+00   0.0000000E+00
   1.5438107E+03   7.5100000E+02   0.0000000E+00   0.0000000E+00   0.0000000E+00
   1.5438182E+03   7.4500000E+02   0.0000000E+00   9.2998750E-04   0.0000000E+00
   1.5438257E+03   7.6900000E+02   0.0000000E+00   0.0000000E+00   0.0000000E+00
   1.5438332E+03   7.4500000E+02   0.0000000E+00   0.0000000E+00   0.0000000E+00
   1.5438408E+03   7.9500000E+02   0.0000000E+00   4.5711275E-04   0.0000000E+00
   1.5438483E+03   7.9100000E+02   0.0000000E+00   0.0000000E+00   0.0000000E+00
   1.5438558E+03   7.1800000E+02   0.0000000E+00   0.0000000E+00   0.0000000E+00
   1.5438634E+03   7.8400000E+02   0.0000000E+00   0.0000000E+00   0.0000000E+00
   1.5438709E+03   7.5000000E+02   0.0000000E+00   0.0000000E+00   0.0000000E+00
   1.5438784E+03   7.2200000E+02   0.0000000E+00   9.5724951E-04   0.0000000E+00
   1.5438859E+03   7.4000000E+02   0.0000000E+00   0.0000000E+00   0.0000000E+00
   1.5438935E+03   7.6500000E+02   0.0000000E+00   0.0000000E+00   0.0000000E+00
   1.5439010E+03   7.2000000E+02   0.0000000E+00   0.0000000E+00   0.0000000E+00
   1.5439085E+03   7.3100000E+02   0.0000000E+00   0.0000000E+00   0.0000000E+00
   1.5439161E+03   7.2700000E+02   0.0000000E+00   0.0000000E+00   0.0000000E+00
   1.5439236E+03   7.4900000E+02   0.0000000E+00   4.2824266E-04   0.0000000E+00
   1.5439311E+03   7.8100000E+02   0.0000000E+00   0.0000000E+00   0.0000000E+00
   1.5439386E+03   7.5100000E+02   1.0000000E+00   1.2154981E-03   9.1283906E-01
   1.5439462E+03   7.7800000E+02   0.0000000E+00   0.0000000E+00   0.0000000E+00
   1.5439537E+03   7.0900000E+02   0.0000000E+00   0.0000000E+00   0.0000000E+00
   1.5439612E+03   7.2500000E+02   0.0000000E+00   2.5119953E-04   0.0000000E+00
   1.5439688E+03   7.5100000E+02   0.0000000E+00   0.0000000E+00   0.0000000E+00
   1.5439763E+03   7.5500000E+02   0.0000000E+00   0.0000000E+00   0.0000000E+00
   1.5439838E+03   7.3200000E+02   0.0000000E+00   1.5018499E-04   0.0000000E+00
   1.5439913E+03   7.7700000E+02   0.0000000E+00   0.0000000E+00   0.0000000E+00
   1.5439989E+03   7.4200000E+02   0.0000000E+00   0.0000000E+00   0.0000000E+00
   1.5440064E+03   7.1900000E+02   0.0000000E+00   0.0000000E+00   0.0000000E+00
   1.5440139E+03   8.1600000E+02   0.0000000E+00   0.0000000E+00   0.0000000E+00
   1.5440215E+03   7.5900000E+02   0.0000000E+00   0.0000000E+00   0.0000000E+00
   1.5440290E+03   7.8300000E+02   0.0000000E+00   0.0000000E+00   0.0000000E+00
   1.5440365E+03   7.3300000E+02   0.0000000E+00   0.0000000E+00   0.0000000E+00
   1.5440440E+03   7.8300000E+02   0.0000000E+00   0.0000000E+00   0.0000000E+00
   1.5440516E+03   7.5300000E+02   0.0000000E+00   0.0000000E+00   0.0000000E+00
   1.5440591E+03   7.1600000E+02   0.0000000E+00   0.0000000E+00   0.0000000E+00
   1.5440666E+03   7.7300000E+02   1.0000000E+00   1.0600584E-03   8.1942515E-01
   1.5440742E+03   7.0300000E+02   0.0000000E+00   0.0000000E+00   0.0000000E+00
   1.5440817E+03   7.4700000E+02   0.0000000E+00   0.0000000E+00   0.0000000E+00
   1.5440892E+03   7.6100000E+02   0.0000000E+00   0.0000000E+00   0.0000000E+00
   1.5440967E+03   7.5000000E+02   0.0000000E+00   0.0000000E+00   0.0000000E+00
   1.5441043E+03   7.1100000E+02   0.0000000E+00   4.8550919E-04   0.0000000E+00
   1.5441118E+03   7.2100000E+02   0.0000000E+00   0.0000000E+00   0.0000000E+00
   1.5441193E+03   7.5800000E+02   0.0000000E+00   0.0000000E+00   0.0000000E+00
   1.5441269E+03   7.2000000E+02   0.0000000E+00   1.0100351E-03   0.0000000E+00
   1.5441344E+03   7.2000000E+02   0.0000000E+00   0.0000000E+00   0.0000000E+00
   1.5441419E+03   7.5400000E+02   0.0000000E+00   0.0000000E+00   0.0000000E+00
   1.5441494E+03   7.7700000E+02   0.0000000E+00   0.0000000E+00   0.0000000E+00
   1.5441570E+03   7.3200000E+02   0.0000000E+00   0.0000000E+00   0.0000000E+00
   1.5441645E+03   8.1200000E+02   0.0000000E+00   1.1233895E-03   0.0000000E+00
   1.5441720E+03   7.4100000E+02   0.0000000E+00   0.0000000E+00   0.0000000E+00
   1.5441796E+03   7.0400000E+02   0.0000000E+00   0.0000000E+00   0.0000000E+00
   1.5441871E+03   7.0600000E+02   0.0000000E+00   1.2952463E-03   0.0000000E+00
   1.5441946E+03   7.9700000E+02   0.0000000E+00   1.8152773E-04   0.0000000E+00
   1.5442021E+03   7.6500000E+02   0.0000000E+00   0.0000000E+00   0.0000000E+00
   1.5442097E+03   7.8900000E+02   0.0000000E+00   0.0000000E+00   0.0000000E+00
   1.5442172E+03   8.1400000E+02   0.0000000E+00   0.0000000E+00   0.0000000E+00
   1.5442247E+03   7.2800000E+02   1.0000000E+00   6.6172277E-04   4.8173418E-01
   1.5442323E+03   8.0400000E+02   0.0000000E+00   0.0000000E+00   0.0000000E+00
   1.5442398E+03   7.2600000E+02   0.0000000E+00   0.0000000E+00   0.0000000E+00
   1.5442473E+03   7.4200000E+02   0.0000000E+00   0.0000000E+00   0.0000000E+00
   1.5442548E+03   7.9800000E+02   0.0000000E+00   0.0000000E+00   0.0000000E+00
   1.5442624E+03   7.2100000E+02   0.0000000E+00   0.0000000E+00   0.0000000E+00
   1.5442699E+03   6.7700000E+02   0.0000000E+00   0.0000000E+00   0.0000000E+00
   1.5442774E+03   7.7200000E+02   0.0000000E+00   0.0000000E+00   0.0000000E+00
   1.5442849E+03   7.9100000E+02   0.0000000E+00   0.0000000E+00   0.0000000E+00
   1.5442925E+03   7.4600000E+02   0.0000000E+00   0.0000000E+00   0.0000000E+00
   1.5443000E+03   7.5100000E+02   0.0000000E+00   0.0000000E+00   0.0000000E+00
   1.5443075E+03   7.1400000E+02   0.0000000E+00   1.2404983E-03   0.0000000E+00
   1.5443151E+03   6.8500000E+02   0.0000000E+00   0.0000000E+00   0.0000000E+00
   1.5443226E+03   7.7100000E+02   0.0000000E+00   0.0000000E+00   0.0000000E+00
   1.5443301E+03   7.7400000E+02   0.0000000E+00   0.0000000E+00   0.0000000E+00
   1.5443376E+03   8.1300000E+02   0.0000000E+00   0.0000000E+00   0.0000000E+00
   1.5443452E+03   8.1100000E+02   0.0000000E+00   0.0000000E+00   0.0000000E+00
   1.5443527E+03   7.7900000E+02   0.0000000E+00   0.0000000E+00   0.0000000E+00
   1.5443602E+03   7.3000000E+02   0.0000000E+00   0.0000000E+00   0.0000000E+00
   1.5443678E+03   7.2100000E+02   0.0000000E+00   0.0000000E+00   0.0000000E+00
   1.5443753E+03   7.7700000E+02   0.0000000E+00   0.0000000E+00   0.0000000E+00
   1.5443828E+03   8.1700000E+02   0.0000000E+00   0.0000000E+00   0.0000000E+00
   1.5443903E+03   7.3700000E+02   0.0000000E+00   0.0000000E+00   0.0000000E+00
   1.5443979E+03   7.5200000E+02   0.0000000E+00   0.0000000E+00   0.0000000E+00
   1.5444054E+03   7.9700000E+02   0.0000000E+00   0.0000000E+00   0.0000000E+00
   1.5444129E+03   7.8400000E+02   0.0000000E+00   5.0448835E-04   0.0000000E+00
   1.5444205E+03   7.5700000E+02   0.0000000E+00   0.0000000E+00   0.0000000E+00
   1.5444280E+03   7.4900000E+02   0.0000000E+00   0.0000000E+00   0.0000000E+00
   1.5444355E+03   7.4100000E+02   0.0000000E+00   7.9501798E-05   0.0000000E+00
   1.5444430E+03   7.7100000E+02   0.0000000E+00   0.0000000E+00   0.0000000E+00
   1.5444506E+03   7.7200000E+02   0.0000000E+00   0.0000000E+00   0.0000000E+00
   1.5444581E+03   7.5600000E+02   0.0000000E+00   0.0000000E+00   0.0000000E+00
   1.5444656E+03   7.4200000E+02   0.0000000E+00   1.8357742E-04   0.0000000E+00
   1.5444732E+03   7.3500000E+02   0.0000000E+00   0.0000000E+00   0.0000000E+00
   1.5444807E+03   7.7500000E+02   0.0000000E+00   0.0000000E+00   0.0000000E+00
   1.5444882E+03   7.7600000E+02   0.0000000E+00   0.0000000E+00   0.0000000E+00
   1.5444957E+03   7.7000000E+02   0.0000000E+00   1.0095848E-03   0.0000000E+00
   1.5445033E+03   8.1100000E+02   0.0000000E+00   0.0000000E+00   0.0000000E+00
   1.5445108E+03   7.5200000E+02   0.0000000E+00   0.0000000E+00   0.0000000E+00
   1.5445183E+03   7.4000000E+02   0.0000000E+00   0.0000000E+00   0.0000000E+00
   1.5445259E+03   7.3000000E+02   0.0000000E+00   0.0000000E+00   0.0000000E+00
   1.5445334E+03   7.5100000E+02   0.0000000E+00   6.2860344E-04   0.0000000E+00
   1.5445409E+03   7.8000000E+02   0.0000000E+00   0.0000000E+00   0.0000000E+00
   1.5445484E+03   8.2000000E+02   0.0000000E+00   0.0000000E+00   0.0000000E+00
   1.5445560E+03   7.2400000E+02   0.0000000E+00   0.0000000E+00   0.0000000E+00
   1.5445635E+03   7.1900000E+02   0.0000000E+00   0.0000000E+00   0.0000000E+00
   1.5445710E+03   7.3100000E+02   0.0000000E+00   0.0000000E+00   0.0000000E+00
   1.5445786E+03   7.8500000E+02   0.0000000E+00   0.0000000E+00   0.0000000E+00
   1.5445861E+03   7.5400000E+02   0.0000000E+00   1.0808207E-04   0.0000000E+00
   1.5445936E+03   8.1700000E+02   0.0000000E+00   0.0000000E+00   0.0000000E+00
   1.5446011E+03   7.6500000E+02   0.0000000E+00   2.0473424E-04   0.0000000E+00
   1.5446087E+03   7.4600000E+02   0.0000000E+00   0.0000000E+00   0.0000000E+00
   1.5446162E+03   7.1700000E+02   0.0000000E+00   0.0000000E+00   0.0000000E+00
   1.5446237E+03   7.4800000E+02   0.0000000E+00   1.1481523E-03   0.0000000E+00
   1.5446313E+03   7.4200000E+02   0.0000000E+00   1.1865258E-03   0.0000000E+00
   1.5446388E+03   8.0500000E+02   0.0000000E+00   0.0000000E+00   0.0000000E+00
   1.5446463E+03   7.0600000E+02   0.0000000E+00   0.0000000E+00   0.0000000E+00
   1.5446538E+03   7.5500000E+02   0.0000000E+00   0.0000000E+00   0.0000000E+00
   1.5446614E+03   7.2500000E+02   0.0000000E+00   0.0000000E+00   0.0000000E+00
   1.5446689E+03   7.7000000E+02   0.0000000E+00   0.0000000E+00   0.0000000E+00
   1.5446764E+03   7.4400000E+02   0.0000000E+00   0.0000000E+00   0.0000000E+00
   1.5446840E+03   7.2900000E+02   0.0000000E+00   0.0000000E+00   0.0000000E+00
   1.5446915E+03   7.8900000E+02   0.0000000E+00   7.3232882E-04   0.0000000E+00
   1.5446990E+03   7.4300000E+02   0.0000000E+00   1.0032284E-03   0.0000000E+00
   1.5447065E+03   7.5100000E+02   0.0000000E+00   0.0000000E+00   0.0000000E+00
   1.5447141E+03   7.8600000E+02   0.0000000E+00   0.0000000E+00   0.0000000E+00
   1.5447216E+03   7.2500000E+02   0.0000000E+00   0.0000000E+00   0.0000000E+00
   1.5447291E+03   7.3100000E+02   0.0000000E+00   6.5272338E-04   0.0000000E+00
   1.5447366E+03   7.4200000E+02   0.0000000E+00   7.0320833E-05   0.0000000E+00
   1.5447442E+03   7.5400000E+02   0.0000000E+00   0.0000000E+00   0.0000000E+00
   1.5447517E+03   7.9900000E+02   0.0000000E+00   0.0000000E+00   0.0000000E+00
   1.5447592E+03   7.6200000E+02   0.0000000E+00   0.0000000E+00   0.0000000E+00
   1.5447668E+03   6.8500000E+02   0.0000000E+00   2.2353144E-04   0.0000000E+00
   1.5447743E+03   7.4500000E+02   0.0000000E+00   0.0000000E+00   0.0000000E+00
   1.5447818E+03   7.5900000E+02   0.0000000E+00   4.1940716E-04   0.0000000E+00
   1.5447893E+03   7.5100000E+02   0.0000000E+00   0.0000000E+00   0.0000000E+00
   1.5447969E+03   7.5100000E+02   0.0000000E+00   0.0000000E+00   0.0000000E+00
   1.5448044E+03   7.8000000E+02   0.0000000E+00   4.9570616E-04   0.0000000E+00
   1.5448119E+03   7.3700000E+02   0.0000000E+00   0.0000000E+00   0.0000000E+00
   1.5448195E+03   7.4800000E+02   0.0000000E+00   4.4694134E-04   0.0000000E+00
   1.5448270E+03   7.2700000E+02   0.0000000E+00   6.4605197E-04   0.0000000E+00
   1.5448345E+03   7.5200000E+02   0.0000000E+00   0.0000000E+00   0.0000000E+00
   1.5448420E+03   7.3000000E+02   0.0000000E+00   0.0000000E+00   0.0000000E+00
   1.5448496E+03   7.3500000E+02   0.0000000E+00   3.4286426E-04   0.0000000E+00
   1.5448571E+03   7.0800000E+02   0.0000000E+00   0.0000000E+00   0.0000000E+00
   1.5448646E+03   7.3900000E+02   0.0000000E+00   8.6091143E-04   0.0000000E+00
   1.5448722E+03   7.6400000E+02   0.0000000E+00   0.0000000E+00   0.0000000E+00
   1.5448797E+03   7.1600000E+02   0.0000000E+00   0.0000000E+00   0.0000000E+00
   1.5448872E+03   7.6800000E+02   1.0000000E+00   1.1469070E-03   8.8082457E-01
   1.5448947E+03   7.1300000E+02   0.0000000E+00   0.0000000E+00   0.0000000E+00
   1.5449023E+03   7.1200000E+02   0.0000000E+00   0.0000000E+00   0.0000000E+00
   1.5449098E+03   7.7800000E+02   0.0000000E+00   3.4853614E-04   0.0000000E+00
   1.5449173E+03   7.9900000E+02   0.0000000E+00   0.0000000E+00   0.0000000E+00
   1.5449249E+03   6.8500000E+02   0.0000000E+00   0.0000000E+00   0.0000000E+00
   1.5449324E+03   7.6100000E+02   0.0000000E+00   0.0000000E+00   0.0000000E+00
   1.5449399E+03   7.6500000E+02   0.0000000E+00   0.0000000E+00   0.0000000E+00
   1.5449474E+03   7.8500000E+02   0.0000000E+00   0.0000000E+00   0.0000000E+00
   1.5449550E+03   7.2400000E+02   0.0000000E+00   0.0000000E+00   0.0000000E+00
   1.5449625E+03   7.6600000E+02   0.0000000E+00   0.0000000E+00   0.0000000E+00
   1.5449700E+03   7.6500000E+02   0.0000000E+00   0.0000000E+00   0.0000000E+00
   1.5449776E+03   7.5900000E+02   1.0000000E+00   1.0235054E-03   7.7684061E-01
   1.5449851E+03   7.4600000E+02   0.0000000E+00   6.9547209E-04   0.0000000E+00
   1.5449926E+03   7.5700000E+02   0.0000000E+00   0.0000000E+00   0.0000000E+00
   1.5450001E+03   7.4400000E+02   0.0000000E+00   0.0000000E+00   0.0000000E+00
   1.5450077E+03   7.1900000E+02   1.0000000E+00   6.7650162E-04   4.8640467E-01
   1.5450152E+03   7.5900000E+02   0.0000000E+00   0.0000000E+00   0.0000000E+00
   1.5450227E+03   7.3700000E+02   0.0000000E+00   1.1226515E-03   0.0000000E+00
   1.5450303E+03   7.4800000E+02   0.0000000E+00   1.0055833E-03   0.0000000E+00
   1.5450378E+03   7.4000000E+02   0.0000000E+00   0.0000000E+00   0.0000000E+00
   1.5450453E+03   7.4700000E+02   0.0000000E+00   0.0000000E+00   0.0000000E+00
   1.5450528E+03   7.3500000E+02   0.0000000E+00   1.1924778E-03   0.0000000E+00
   1.5450604E+03   7.3600000E+02   0.0000000E+00   0.0000000E+00   0.0000000E+00
   1.5450679E+03   7.4600000E+02   0.0000000E+00   0.0000000E+00   0.0000000E+00
   1.5450754E+03   7.8700000E+02   0.0000000E+00   0.0000000E+00   0.0000000E+00
   1.5450830E+03   7.5100000E+02   0.0000000E+00   0.0000000E+00   0.0000000E+00
   1.5450905E+03   7.0800000E+02   0.0000000E+00   0.0000000E+00   0.0000000E+00
   1.5450980E+03   7.4000000E+02   0.0000000E+00   0.0000000E+00   0.0000000E+00
   1.5451055E+03   7.3100000E+02   0.0000000E+00   0.0000000E+00   0.0000000E+00
   1.5451131E+03   7.3900000E+02   0.0000000E+00   0.0000000E+00   0.0000000E+00
   1.5451206E+03   7.8600000E+02   0.0000000E+00   2.2857262E-05   0.0000000E+00
   1.5451281E+03   7.8800000E+02   0.0000000E+00   7.7881776E-04   0.0000000E+00
   1.5451357E+03   7.6800000E+02   0.0000000E+00   1.7749745E-04   0.0000000E+00
   1.5451432E+03   7.4000000E+02   0.0000000E+00   0.0000000E+00   0.0000000E+00
   1.5451507E+03   7.3800000E+02   0.0000000E+00   0.0000000E+00   0.0000000E+00
   1.5451582E+03   7.4500000E+02   0.0000000E+00   0.0000000E+00   0.0000000E+00
   1.5451658E+03   7.6800000E+02   0.0000000E+00   0.0000000E+00   0.0000000E+00
   1.5451733E+03   7.5100000E+02   0.0000000E+00   0.0000000E+00   0.0000000E+00
   1.5451808E+03   7.3300000E+02   0.0000000E+00   0.0000000E+00   0.0000000E+00
   1.5451883E+03   7.9200000E+02   0.0000000E+00   0.0000000E+00   0.0000000E+00
   1.5451959E+03   7.8600000E+02   0.0000000E+00   0.0000000E+00   0.0000000E+00
   1.5452034E+03   7.6000000E+02   0.0000000E+00   9.9383450E-04   0.0000000E+00
   1.5452109E+03   7.2100000E+02   0.0000000E+00   0.0000000E+00   0.0000000E+00
   1.5452185E+03   7.2500000E+02   0.0000000E+00   0.0000000E+00   0.0000000E+00
   1.5452260E+03   7.3500000E+02   0.0000000E+00   0.0000000E+00   0.0000000E+00
   1.5452335E+03   7.2900000E+02   0.0000000E+00   0.0000000E+00   0.0000000E+00
   1.5452410E+03   7.3400000E+02   0.0000000E+00   0.0000000E+00   0.0000000E+00
   1.5452486E+03   7.3800000E+02   0.0000000E+00   0.0000000E+00   0.0000000E+00
   1.5452561E+03   7.6700000E+02   0.0000000E+00   0.0000000E+00   0.0000000E+00
   1.5452636E+03   7.5500000E+02   0.0000000E+00   1.1157346E-03   0.0000000E+00
   1.5452712E+03   7.6200000E+02   0.0000000E+00   0.0000000E+00   0.0000000E+00
   1.5452787E+03   7.2600000E+02   0.0000000E+00   5.6124094E-04   0.0000000E+00
   1.5452862E+03   7.5200000E+02   0.0000000E+00   0.0000000E+00   0.0000000E+00
   1.5452937E+03   7.5400000E+02   0.0000000E+00   0.0000000E+00   0.0000000E+00
   1.5453013E+03   7.6200000E+02   0.0000000E+00   0.0000000E+00   0.0000000E+00
   1.5453088E+03   7.3400000E+02   0.0000000E+00   0.0000000E+00   0.0000000E+00
   1.5453163E+03   7.3700000E+02   0.0000000E+00   0.0000000E+00   0.0000000E+00
   1.5453239E+03   7.9900000E+02   0.0000000E+00   0.0000000E+00   0.0000000E+00
   1.5453314E+03   7.4900000E+02   0.0000000E+00   0.0000000E+00   0.0000000E+00
   1.5453389E+03   7.5000000E+02   0.0000000E+00   4.9502149E-04   0.0000000E+00
   1.5453464E+03   7.9000000E+02   0.0000000E+00   4.2632331E-04   0.0000000E+00
   1.5453540E+03   7.6900000E+02   0.0000000E+00   0.0000000E+00   0.0000000E+00
   1.5453615E+03   7.3700000E+02   0.0000000E+00   2.4844688E-04   0.0000000E+00
   1.5453690E+03   7.2200000E+02   0.0000000E+00   0.0000000E+00   0.0000000E+00
   1.5453766E+03   7.3600000E+02   0.0000000E+00   0.0000000E+00   0.0000000E+00
   1.5453841E+03   7.0600000E+02   0.0000000E+00   0.0000000E+00   0.0000000E+00
   1.5453916E+03   7.6800000E+02   0.0000000E+00   0.0000000E+00   0.0000000E+00
   1.5453991E+03   7.4000000E+02   0.0000000E+00   0.0000000E+00   0.0000000E+00
   1.5454067E+03   7.6500000E+02   0.0000000E+00   0.0000000E+00   0.0000000E+00
   1.5454142E+03   7.2600000E+02   0.0000000E+00   0.0000000E+00   0.0000000E+00
   1.5454217E+03   7.2500000E+02   0.0000000E+00   6.0443651E-04   0.0000000E+00
   1.5454293E+03   7.2500000E+02   0.0000000E+00   4.1133671E-04   0.0000000E+00
   1.5454368E+03   7.2000000E+02   0.0000000E+00   0.0000000E+00   0.0000000E+00
   1.5454443E+03   7.4300000E+02   0.0000000E+00   1.9580130E-04   0.0000000E+00
   1.5454518E+03   7.5600000E+02   0.0000000E+00   0.0000000E+00   0.0000000E+00
   1.5454594E+03   7.5700000E+02   1.0000000E+00   4.1835635E-04   4.8898247E-01
   1.5454669E+03   7.7800000E+02   0.0000000E+00   3.1344807E-04   0.0000000E+00
   1.5454744E+03   7.5300000E+02   0.0000000E+00   0.0000000E+00   0.0000000E+00
   1.5454820E+03   7.4300000E+02   0.0000000E+00   7.4188571E-04   0.0000000E+00
   1.5454895E+03   7.1300000E+02   0.0000000E+00   0.0000000E+00   0.0000000E+00
   1.5454970E+03   7.8500000E+02   0.0000000E+00   0.0000000E+00   0.0000000E+00
   1.5455045E+03   7.3300000E+02   0.0000000E+00   0.0000000E+00   0.0000000E+00
   1.5455121E+03   7.5700000E+02   0.0000000E+00   0.0000000E+00   0.0000000E+00
   1.5455196E+03   7.4500000E+02   0.0000000E+00   1.2491229E-03   0.0000000E+00
   1.5455271E+03   7.8400000E+02   0.0000000E+00   0.0000000E+00   0.0000000E+00
   1.5455347E+03   6.9300000E+02   0.0000000E+00   8.7700162E-04   0.0000000E+00
   1.5455422E+03   7.0700000E+02   1.0000000E+00   1.4664665E-03   8.1067126E-01
   1.5455497E+03   7.7300000E+02   0.0000000E+00   0.0000000E+00   0.0000000E+00
   1.5455572E+03   7.5400000E+02   0.0000000E+00   0.0000000E+00   0.0000000E+00
   1.5455648E+03   7.5700000E+02   0.0000000E+00   4.2156013E-05   0.0000000E+00
   1.5455723E+03   7.6100000E+02   0.0000000E+00   0.0000000E+00   0.0000000E+00
   1.5455798E+03   7.5400000E+02   0.0000000E+00   0.0000000E+00   0.0000000E+00
   1.5455874E+03   7.3700000E+02   1.0000000E+00   1.0195720E-03   7.5142458E-01
   1.5455949E+03   7.6500000E+02   0.0000000E+00   0.0000000E+00   0.0000000E+00
   1.5456024E+03   7.3400000E+02   0.0000000E+00   0.0000000E+00   0.0000000E+00
   1.5456099E+03   7.5700000E+02   0.0000000E+00   5.7078221E-04   0.0000000E+00
   1.5456175E+03   7.8900000E+02   0.0000000E+00   0.0000000E+00   0.0000000E+00
   1.5456250E+03   7.5200000E+02   0.0000000E+00   0.0000000E+00   0.0000000E+00
   1.5456325E+03   7.2700000E+02   0.0000000E+00   0.0000000E+00   0.0000000E+00
   1.5456400E+03   7.5700000E+02   0.0000000E+00   0.0000000E+00   0.0000000E+00
   1.5456476E+03   7.6700000E+02   0.0000000E+00   0.0000000E+00   0.0000000E+00
   1.5456551E+03   7.9500000E+02   0.0000000E+00   0.0000000E+00   0.0000000E+00
   1.5456626E+03   7.7000000E+02   0.0000000E+00   1.0992812E-03   0.0000000E+00
   1.5456702E+03   7.5500000E+02   0.0000000E+00   0.0000000E+00   0.0000000E+00
   1.5456777E+03   7.8000000E+02   0.0000000E+00   0.0000000E+00   0.0000000E+00
   1.5456852E+03   6.9200000E+02   0.0000000E+00   0.0000000E+00   0.0000000E+00
   1.5456927E+03   7.6500000E+02   0.0000000E+00   1.1990550E-03   0.0000000E+00
   1.5457003E+03   7.6000000E+02   0.0000000E+00   1.8772456E-03   0.0000000E+00
   1.5457078E+03   7.7900000E+02   0.0000000E+00   0.0000000E+00   0.0000000E+00
   1.5457153E+03   7.7500000E+02   0.0000000E+00   0.0000000E+00   0.0000000E+00
   1.5457229E+03   7.6700000E+02   0.0000000E+00   0.0000000E+00   0.0000000E+00
   1.5457304E+03   7.1400000E+02   0.0000000E+00   9.9352912E-05   0.0000000E+00
   1.5457379E+03   7.3900000E+02   0.0000000E+00   0.0000000E+00   0.0000000E+00
   1.5457454E+03   8.0700000E+02   0.0000000E+00   6.7911051E-04   0.0000000E+00
   1.5457530E+03   7.6200000E+02   0.0000000E+00   0.0000000E+00   0.0000000E+00
   1.5457605E+03   7.7300000E+02   0.0000000E+00   0.0000000E+00   0.0000000E+00
   1.5457680E+03   7.1100000E+02   0.0000000E+00   0.0000000E+00   0.0000000E+00
   1.5457756E+03   7.5800000E+02   0.0000000E+00   0.0000000E+00   0.0000000E+00
   1.5457831E+03   7.5800000E+02   0.0000000E+00   5.3530605E-05   0.0000000E+00
   1.5457906E+03   7.6100000E+02   0.0000000E+00   0.0000000E+00   0.0000000E+00
   1.5457981E+03   7.3700000E+02   0.0000000E+00   4.7157906E-04   0.0000000E+00
   1.5458057E+03   7.9000000E+02   0.0000000E+00   0.0000000E+00   0.0000000E+00
   1.5458132E+03   7.8200000E+02   0.0000000E+00   0.0000000E+00   0.0000000E+00
   1.5458207E+03   7.4900000E+02   0.0000000E+00   0.0000000E+00   0.0000000E+00
   1.5458283E+03   7.2500000E+02   0.0000000E+00   0.0000000E+00   0.0000000E+00
   1.5458358E+03   8.0800000E+02   0.0000000E+00   0.0000000E+00   0.0000000E+00
   1.5458433E+03   7.4800000E+02   0.0000000E+00   0.0000000E+00   0.0000000E+00
   1.5458508E+03   7.7600000E+02   0.0000000E+00   0.0000000E+00   0.0000000E+00
   1.5458584E+03   7.5000000E+02   0.0000000E+00   0.0000000E+00   0.0000000E+00
   1.5458659E+03   7.5200000E+02   1.0000000E+00   1.3891204E-04   7.3522805E-01
   1.5458734E+03   7.5600000E+02   0.0000000E+00   1.0953119E-03   0.0000000E+00
   1.5458810E+03   7.4400000E+02   0.0000000E+00   0.0000000E+00   0.0000000E+00
   1.5458885E+03   7.2000000E+02   0.0000000E+00   1.1463748E-03   0.0000000E+00
   1.5458960E+03   7.6600000E+02   0.0000000E+00   6.0980340E-04   0.0000000E+00
   1.5459035E+03   7.8000000E+02   0.0000000E+00   2.9992979E-04   0.0000000E+00
   1.5459111E+03   7.7400000E+02   0.0000000E+00   0.0000000E+00   0.0000000E+00
   1.5459186E+03   7.0500000E+02   0.0000000E+00   7.5673763E-05   0.0000000E+00
   1.5459261E+03   7.4200000E+02   1.0000000E+00   2.0687722E-03   6.2390723E-01
   1.5459337E+03   7.6400000E+02   0.0000000E+00   0.0000000E+00   0.0000000E+00
   1.5459412E+03   7.8100000E+02   0.0000000E+00   0.0000000E+00   0.0000000E+00
   1.5459487E+03   7.4700000E+02   0.0000000E+00   5.3069839E-04   0.0000000E+00
   1.5459562E+03   7.8500000E+02   0.0000000E+00   0.0000000E+00   0.0000000E+00
   1.5459638E+03   7.6500000E+02   1.0000000E+00   8.8933588E-04   6.8034195E-01
   1.5459713E+03   7.6200000E+02   0.0000000E+00   8.5689459E-04   0.0000000E+00
   1.5459788E+03   8.1000000E+02   0.0000000E+00   7.0493179E-06   0.0000000E+00
   1.5459864E+03   7.4000000E+02   0.0000000E+00   0.0000000E+00   0.0000000E+00
   1.5459939E+03   7.2500000E+02   0.0000000E+00   5.1498318E-04   0.0000000E+00
   1.5460014E+03   7.7600000E+02   0.0000000E+00   0.0000000E+00   0.0000000E+00
   1.5460089E+03   7.6400000E+02   0.0000000E+00   5.0587882E-04   0.0000000E+00
   1.5460165E+03   7.2900000E+02   0.0000000E+00   0.0000000E+00   0.0000000E+00
   1.5460240E+03   7.7400000E+02   1.0000000E+00   8.5028306E-04   6.5811909E-01
   1.5460315E+03   7.3300000E+02   0.0000000E+00   1.3059097E-03   0.0000000E+00
   1.5460391E+03   7.5200000E+02   0.0000000E+00   0.0000000E+00   0.0000000E+00
   1.5460466E+03   7.6000000E+02   0.0000000E+00   0.0000000E+00   0.0000000E+00
   1.5460541E+03   7.4300000E+02   0.0000000E+00   7.7396762E-04   0.0000000E+00
   1.5460616E+03   7.9000000E+02   0.0000000E+00   0.0000000E+00   0.0000000E+00
   1.5460692E+03   7.3600000E+02   0.0000000E+00   0.0000000E+00   0.0000000E+00
   1.5460767E+03   7.7500000E+02   0.0000000E+00   1.8933302E-05   0.0000000E+00
   1.5460842E+03   7.3100000E+02   0.0000000E+00   0.0000000E+00   0.0000000E+00
   1.5460917E+03   7.1500000E+02   0.0000000E+00   0.0000000E+00   0.0000000E+00
   1.5460993E+03   7.4900000E+02   0.0000000E+00   0.0000000E+00   0.0000000E+00
   1.5461068E+03   7.4700000E+02   0.0000000E+00   0.0000000E+00   0.0000000E+00
   1.5461143E+03   7.3800000E+02   0.0000000E+00   0.0000000E+00   0.0000000E+00
   1.5461219E+03   7.6500000E+02   1.0000000E+00   1.0766584E-03   8.2364366E-01
   1.5461294E+03   7.0100000E+02   1.0000000E+00   1.1499914E-03   8.0614397E-01
   1.5461369E+03   7.3300000E+02   0.0000000E+00   0.0000000E+00   0.0000000E+00
   1.5461444E+03   7.4000000E+02   0.0000000E+00   6.2605703E-04   0.0000000E+00
   1.5461520E+03   7.2800000E+02   0.0000000E+00   0.0000000E+00   0.0000000E+00
   1.5461595E+03   7.5200000E+02   0.0000000E+00   3.9969227E-04   0.0000000E+00
   1.5461670E+03   7.1800000E+02   1.0000000E+00   1.1116424E-03   7.9815924E-01
   1.5461746E+03   7.3800000E+02   0.0000000E+00   9.5987750E-04   0.0000000E+00
   1.5461821E+03   7.1100000E+02   0.0000000E+00   0.0000000E+00   0.0000000E+00
   1.5461896E+03   7.4300000E+02   0.0000000E+00   1.5132263E-04   0.0000000E+00
   1.5461971E+03   7.8700000E+02   0.0000000E+00   0.0000000E+00   0.0000000E+00
   1.5462047E+03   7.5100000E+02   1.0000000E+00   1.0739949E-03   8.0657015E-01
   1.5462122E+03   7.5500000E+02   0.0000000E+00   0.0000000E+00   0.0000000E+00
   1.5462197E+03   7.5100000E+02   0.0000000E+00   0.0000000E+00   0.0000000E+00
   1.5462273E+03   7.9100000E+02   0.0000000E+00   0.0000000E+00   0.0000000E+00
   1.5462348E+03   7.2200000E+02   0.0000000E+00   1.0271678E-04   0.0000000E+00
   1.5462423E+03   7.3700000E+02   0.0000000E+00   0.0000000E+00   0.0000000E+00
   1.5462498E+03   7.6000000E+02   0.0000000E+00   0.0000000E+00   0.0000000E+00
   1.5462574E+03   7.5400000E+02   1.0000000E+00   1.0665366E-03   8.0416857E-01
   1.5462649E+03   7.5900000E+02   0.0000000E+00   0.0000000E+00   0.0000000E+00
   1.5462724E+03   7.3700000E+02   0.0000000E+00   5.1323560E-04   0.0000000E+00
   1.5462800E+03   8.2300000E+02   1.0000000E+00   7.7532419E-04   7.1755160E-01
   1.5462875E+03   7.3500000E+02   0.0000000E+00   0.0000000E+00   0.0000000E+00
   1.5462950E+03   6.9900000E+02   0.0000000E+00   0.0000000E+00   0.0000000E+00
   1.5463025E+03   7.5200000E+02   0.0000000E+00   0.0000000E+00   0.0000000E+00
   1.5463101E+03   7.8900000E+02   0.0000000E+00   0.0000000E+00   0.0000000E+00
   1.5463176E+03   7.1900000E+02   0.0000000E+00   0.0000000E+00   0.0000000E+00
   1.5463251E+03   7.7400000E+02   0.0000000E+00   2.3192531E-04   0.0000000E+00
   1.5463327E+03   7.5500000E+02   0.0000000E+00   0.0000000E+00   0.0000000E+00
   1.5463402E+03   7.7700000E+02   0.0000000E+00   0.0000000E+00   0.0000000E+00
   1.5463477E+03   7.4100000E+02   0.0000000E+00   0.0000000E+00   0.0000000E+00
   1.5463552E+03   6.9600000E+02   0.0000000E+00   1.1571708E-03   0.0000000E+00
   1.5463628E+03   7.2900000E+02   0.0000000E+00   0.0000000E+00   0.0000000E+00
   1.5463703E+03   7.7500000E+02   0.0000000E+00   4.5590431E-04   0.0000000E+00
   1.5463778E+03   7.1800000E+02   1.0000000E+00   1.4782148E-03   7.3046292E-01
   1.5463854E+03   7.8700000E+02   0.0000000E+00   2.6134643E-05   0.0000000E+00
   1.5463929E+03   7.9600000E+02   0.0000000E+00   0.0000000E+00   0.0000000E+00
   1.5464004E+03   7.8000000E+02   0.0000000E+00   7.2382129E-04   0.0000000E+00
   1.5464079E+03   7.0600000E+02   0.0000000E+00   2.0731369E-03   0.0000000E+00
   1.5464155E+03   7.8300000E+02   1.0000000E+00   9.6652424E-04   7.5678848E-01
   1.5464230E+03   7.7400000E+02   0.0000000E+00   1.0348904E-03   0.0000000E+00
   1.5464305E+03   7.7200000E+02   0.0000000E+00   0.0000000E+00   0.0000000E+00
   1.5464381E+03   7.6600000E+02   0.0000000E+00   0.0000000E+00   0.0000000E+00
   1.5464456E+03   7.3700000E+02   0.0000000E+00   0.0000000E+00   0.0000000E+00
   1.5464531E+03   7.2200000E+02   0.0000000E+00   0.0000000E+00   0.0000000E+00
   1.5464606E+03   7.8700000E+02   0.0000000E+00   0.0000000E+00   0.0000000E+00
   1.5464682E+03   7.3400000E+02   0.0000000E+00   0.0000000E+00   0.0000000E+00
   1.5464757E+03   7.5500000E+02   0.0000000E+00   0.0000000E+00   0.0000000E+00
   1.5464832E+03   7.2700000E+02   2.0000000E+00   1.9356486E-03   7.0360826E-01
   1.5464908E+03   7.8400000E+02   0.0000000E+00   2.5274512E-04   0.0000000E+00
   1.5464983E+03   7.4200000E+02   0.0000000E+00   5.2805081E-04   0.0000000E+00
   1.5465058E+03   7.5600000E+02   0.0000000E+00   0.0000000E+00   0.0000000E+00
   1.5465133E+03   7.8600000E+02   1.0000000E+00   9.8848926E-04   7.7695256E-01
   1.5465209E+03   7.3900000E+02   1.0000000E+00   1.6466591E-03   7.4306550E-01
   1.5465284E+03   7.7900000E+02   0.0000000E+00   7.0233325E-04   0.0000000E+00
   1.5465359E+03   7.7900000E+02   0.0000000E+00   0.0000000E+00   0.0000000E+00
   1.5465434E+03   6.8700000E+02   0.0000000E+00   0.0000000E+00   0.0000000E+00
   1.5465510E+03   7.2800000E+02   0.0000000E+00   9.7110556E-04   0.0000000E+00
   1.5465585E+03   7.5200000E+02   0.0000000E+00   7.3677180E-04   0.0000000E+00
   1.5465660E+03   7.6100000E+02   1.0000000E+00   1.0190896E-03   7.7552717E-01
   1.5465736E+03   8.4000000E+02   0.0000000E+00   0.0000000E+00   0.0000000E+00
   1.5465811E+03   7.5100000E+02   1.0000000E+00   7.4302975E-04   7.7765078E-01
   1.5465886E+03   7.7900000E+02   1.0000000E+00   8.5635645E-04   6.6710168E-01
   1.5465961E+03   7.3400000E+02   0.0000000E+00   0.0000000E+00   0.0000000E+00
   1.5466037E+03   7.2900000E+02   0.0000000E+00   1.3543801E-04   0.0000000E+00
   1.5466112E+03   7.7900000E+02   0.0000000E+00   4.7452742E-04   0.0000000E+00
   1.5466187E+03   7.2400000E+02   0.0000000E+00   0.0000000E+00   0.0000000E+00
   1.5466263E+03   7.6500000E+02   0.0000000E+00   0.0000000E+00   0.0000000E+00
   1.5466338E+03   7.3700000E+02   0.0000000E+00   8.5265366E-04   0.0000000E+00
   1.5466413E+03   7.5700000E+02   0.0000000E+00   8.6936472E-04   0.0000000E+00
   1.5466488E+03   7.4000000E+02   0.0000000E+00   5.0526554E-04   0.0000000E+00
   1.5466564E+03   7.9200000E+02   0.0000000E+00   1.1068979E-03   0.0000000E+00
   1.5466639E+03   7.7700000E+02   0.0000000E+00   0.0000000E+00   0.0000000E+00
   1.5466714E+03   7.3600000E+02   0.0000000E+00   5.0142727E-04   0.0000000E+00
   1.5466790E+03   7.0300000E+02   0.0000000E+00   6.6208859E-04   0.0000000E+00
   1.5466865E+03   7.2100000E+02   0.0000000E+00   0.0000000E+00   0.0000000E+00
   1.5466940E+03   7.4200000E+02   0.0000000E+00   4.8555637E-04   0.0000000E+00
   1.5467015E+03   7.4200000E+02   0.0000000E+00   1.1646016E-03   0.0000000E+00
   1.5467091E+03   7.8500000E+02   0.0000000E+00   0.0000000E+00   0.0000000E+00
   1.5467166E+03   7.8200000E+02   0.0000000E+00   5.4132571E-04   0.0000000E+00
   1.5467241E+03   7.6300000E+02   1.0000000E+00   7.4058031E-04   6.4743934E-01
   1.5467317E+03   7.3700000E+02   0.0000000E+00   0.0000000E+00   0.0000000E+00
   1.5467392E+03   7.9200000E+02   0.0000000E+00   9.3607253E-04   0.0000000E+00
   1.5467467E+03   7.4100000E+02   0.0000000E+00   4.1584765E-04   0.0000000E+00
   1.5467542E+03   7.6100000E+02   0.0000000E+00   6.5146586E-04   0.0000000E+00
   1.5467618E+03   7.0700000E+02   1.0000000E+00   8.8240491E-04   7.5017809E-01
   1.5467693E+03   7.3100000E+02   0.0000000E+00   0.0000000E+00   0.0000000E+00
   1.5467768E+03   7.8900000E+02   0.0000000E+00   9.8773386E-04   0.0000000E+00
   1.5467844E+03   7.5800000E+02   0.0000000E+00   0.0000000E+00   0.0000000E+00
   1.5467919E+03   7.8200000E+02   0.0000000E+00   2.6941657E-04   0.0000000E+00
   1.5467994E+03   7.7100000E+02   0.0000000E+00   3.3443727E-04   0.0000000E+00
   1.5468069E+03   7.7500000E+02   0.0000000E+00   9.5564230E-04   0.0000000E+00
   1.5468145E+03   7.8200000E+02   0.0000000E+00   8.7441094E-05   0.0000000E+00
   1.5468220E+03   7.7000000E+02   0.0000000E+00   0.0000000E+00   0.0000000E+00
   1.5468295E+03   7.6100000E+02   0.0000000E+00   1.5430793E-03   0.0000000E+00
   1.5468371E+03   7.3500000E+02   0.0000000E+00   9.2945241E-04   0.0000000E+00
   1.5468446E+03   7.4700000E+02   0.0000000E+00   9.8891315E-04   0.0000000E+00
   1.5468521E+03   6.9800000E+02   0.0000000E+00   0.0000000E+00   0.0000000E+00
   1.5468596E+03   7.6800000E+02   0.0000000E+00   1.0654639E-04   0.0000000E+00
   1.5468672E+03   7.1700000E+02   1.0000000E+00   1.3251031E-03   5.0807770E-01
   1.5468747E+03   7.4100000E+02   0.0000000E+00   2.6687215E-04   0.0000000E+00
   1.5468822E+03   7.7100000E+02   0.0000000E+00   1.7209057E-03   0.0000000E+00
   1.5468898E+03   7.4000000E+02   0.0000000E+00   1.0561683E-03   0.0000000E+00
   1.5468973E+03   7.9800000E+02   0.0000000E+00   1.1971104E-03   0.0000000E+00
   1.5469048E+03   7.8000000E+02   0.0000000E+00   0.0000000E+00   0.0000000E+00
   1.5469123E+03   7.5700000E+02   1.0000000E+00   1.6251730E-03   6.8702120E-01
   1.5469199E+03   7.4900000E+02   0.0000000E+00   1.8709351E-04   0.0000000E+00
   1.5469274E+03   7.1200000E+02   1.0000000E+00   1.9166550E-03   6.9608105E-01
   1.5469349E+03   7.3400000E+02   0.0000000E+00   3.6161795E-04   0.0000000E+00
   1.5469425E+03   7.5100000E+02   0.0000000E+00   5.3016026E-04   0.0000000E+00
   1.5469500E+03   7.0300000E+02   0.0000000E+00   3.7484014E-04   0.0000000E+00
   1.5469575E+03   7.7300000E+02   0.0000000E+00   9.4236896E-04   0.0000000E+00
   1.5469650E+03   7.7600000E+02   0.0000000E+00   0.0000000E+00   0.0000000E+00
   1.5469726E+03   7.6500000E+02   0.0000000E+00   0.0000000E+00   0.0000000E+00
   1.5469801E+03   7.6400000E+02   1.0000000E+00   1.0442415E-03   6.4085930E-01
   1.5469876E+03   7.8200000E+02   0.0000000E+00   5.1547744E-04   0.0000000E+00
   1.5469951E+03   7.5200000E+02   0.0000000E+00   6.1808244E-04   0.0000000E+00
   1.5470027E+03   7.5700000E+02   1.0000000E+00   8.3947849E-04   6.3548522E-01
   1.5470102E+03   7.2300000E+02   1.0000000E+00   1.1741355E-03   7.1732416E-01
   1.5470177E+03   7.6900000E+02   2.0000000E+00   3.0037247E-04   1.4255797E-01
   1.5470253E+03   7.4200000E+02   0.0000000E+00   5.9707733E-04   0.0000000E+00
   1.5470328E+03   7.6500000E+02   1.0000000E+00   2.1325148E-03   6.4479375E-01
   1.5470403E+03   7.4700000E+02   1.0000000E+00   1.0169082E-03   5.9240119E-01
   1.5470478E+03   7.1100000E+02   0.0000000E+00   9.3319040E-05   0.0000000E+00
   1.5470554E+03   7.6700000E+02   0.0000000E+00   5.0956943E-04   0.0000000E+00
   1.5470629E+03   7.4200000E+02   1.0000000E+00   7.8084930E-04   7.1096962E-01
   1.5470704E+03   7.7200000E+02   0.0000000E+00   3.4760768E-04   0.0000000E+00
   1.5470780E+03   7.3500000E+02   0.0000000E+00   8.7836210E-04   0.0000000E+00
   1.5470855E+03   7.6200000E+02   0.0000000E+00   1.7650541E-04   0.0000000E+00
   1.5470930E+03   7.9000000E+02   1.0000000E+00   8.8624843E-04   5.8138505E-01
   1.5471005E+03   8.3600000E+02   0.0000000E+00   7.7104012E-04   0.0000000E+00
   1.5471081E+03   7.7300000E+02   0.0000000E+00   8.4636272E-05   0.0000000E+00
   1.5471156E+03   6.9700000E+02   1.0000000E+00   8.9023271E-04   6.7855613E-01
   1.5471231E+03   7.1500000E+02   0.0000000E+00   2.6392197E-04   0.0000000E+00
   1.5471307E+03   7.5400000E+02   1.0000000E+00   9.8569020E-04   7.0454830E-01
   1.5471382E+03   7.7700000E+02   0.0000000E+00   1.1533067E-03   0.0000000E+00
   1.5471457E+03   7.8100000E+02   0.0000000E+00   7.5365884E-04   0.0000000E+00
   1.5471532E+03   7.2600000E+02   0.0000000E+00   0.0000000E+00   0.0000000E+00
   1.5471608E+03   7.4200000E+02   2.0000000E+00   1.1999117E-03   4.6847726E-01
   1.5471683E+03   7.2400000E+02   1.0000000E+00   7.9809323E-04   6.1076306E-01
   1.5471758E+03   7.9700000E+02   0.0000000E+00   0.0000000E+00   0.0000000E+00
   1.5471834E+03   7.5700000E+02   0.0000000E+00   0.0000000E+00   0.0000000E+00
   1.5471909E+03   7.4900000E+02   0.0000000E+00   1.1584060E-03   0.0000000E+00
   1.5471984E+03   7.3100000E+02   2.0000000E+00   1.5306588E-03   5.5945579E-01
   1.5472059E+03   7.9500000E+02   0.0000000E+00   0.0000000E+00   0.0000000E+00
   1.5472135E+03   7.4500000E+02   1.0000000E+00   1.3114557E-03   6.0755873E-01
   1.5472210E+03   7.4900000E+02   0.0000000E+00   1.0471452E-03   0.0000000E+00
   1.5472285E+03   7.6400000E+02   1.0000000E+00   1.3888988E-03   6.2260077E-01
   1.5472361E+03   8.0000000E+02   1.0000000E+00   1.8887192E-03   6.7692029E-01
   1.5472436E+03   7.5400000E+02   0.0000000E+00   1.0308198E-04   0.0000000E+00
   1.5472511E+03   7.5000000E+02   2.0000000E+00   2.0404159E-04   8.1570542E-02
   1.5472586E+03   7.3000000E+02   0.0000000E+00   4.0552656E-04   0.0000000E+00
   1.5472662E+03   7.1800000E+02   0.0000000E+00   1.3339125E-03   0.0000000E+00
   1.5472737E+03   7.3500000E+02   0.0000000E+00   1.4313186E-03   0.0000000E+00
   1.5472812E+03   7.9100000E+02   0.0000000E+00   1.0435575E-03   0.0000000E+00
   1.5472888E+03   7.4200000E+02   0.0000000E+00   8.9900248E-04   0.0000000E+00
   1.5472963E+03   7.3500000E+02   0.0000000E+00   2.8989675E-04   0.0000000E+00
   1.5473038E+03   7.4000000E+02   0.0000000E+00   1.4687502E-03   0.0000000E+00
   1.5473113E+03   7.0100000E+02   1.0000000E+00   1.3605942E-03   6.4321963E-01
   1.5473189E+03   7.5800000E+02   0.0000000E+00   5.9497015E-04   0.0000000E+00
   1.5473264E+03   7.4500000E+02   0.0000000E+00   7.7542093E-04   0.0000000E+00
   1.5473339E+03   7.7900000E+02   1.0000000E+00   4.8168654E-04   6.3938962E-01
   1.5473415E+03   7.4000000E+02   2.0000000E+00   1.6162065E-03   3.6347675E-01
   1.5473490E+03   7.4400000E+02   1.0000000E+00   2.6367712E-03   4.8003659E-01
   1.5473565E+03   7.7000000E+02   0.0000000E+00   7.8271127E-04   0.0000000E+00
   1.5473640E+03   7.7400000E+02   0.0000000E+00   2.0513459E-03   0.0000000E+00
   1.5473716E+03   7.2800000E+02   1.0000000E+00   1.6029734E-03   5.4697294E-01
   1.5473791E+03   7.5000000E+02   1.0000000E+00   1.1002448E-03   6.3735154E-01
   1.5473866E+03   7.4000000E+02   1.0000000E+00   1.7958735E-03   6.1322999E-01
   1.5473942E+03   8.1700000E+02   0.0000000E+00   4.8144922E-04   0.0000000E+00
   1.5474017E+03   7.1600000E+02   0.0000000E+00   8.7745371E-04   0.0000000E+00
   1.5474092E+03   7.5600000E+02   0.0000000E+00   8.9044276E-04   0.0000000E+00
   1.5474167E+03   7.7500000E+02   0.0000000E+00   1.8936067E-04   0.0000000E+00
   1.5474243E+03   7.3700000E+02   1.0000000E+00   1.7404049E-03   3.6239084E-01
   1.5474318E+03   7.9600000E+02   1.0000000E+00   9.4354888E-04   5.8240904E-01
   1.5474393E+03   7.7700000E+02   0.0000000E+00   1.7169288E-04   0.0000000E+00
   1.5474468E+03   7.5700000E+02   0.0000000E+00   2.0797165E-03   0.0000000E+00
   1.5474544E+03   7.2600000E+02   2.0000000E+00   3.4803806E-04   1.6100871E-01
   1.5474619E+03   7.7700000E+02   1.0000000E+00   8.6282851E-04   5.2011989E-01
   1.5474694E+03   7.6900000E+02   1.0000000E+00   2.0939609E-03   6.2967372E-01
   1.5474770E+03   8.4300000E+02   3.0000000E+00   2.3202541E-03   4.7114607E-01
   1.5474845E+03   7.7400000E+02   0.0000000E+00   1.8358539E-03   0.0000000E+00
   1.5474920E+03   7.4600000E+02   2.0000000E+00   8.0789785E-04   1.4075070E-01
   1.5474995E+03   7.3000000E+02   2.0000000E+00   2.4268544E-03   1.1622639E-01
   1.5475071E+03   7.0300000E+02   0.0000000E+00   4.3226087E-04   0.0000000E+00
   1.5475146E+03   7.7000000E+02   1.0000000E+00   4.5091046E-04   5.7395244E-01
   1.5475221E+03   7.4300000E+02   0.0000000E+00   1.0215089E-03   0.0000000E+00
   1.5475297E+03   7.0800000E+02   1.0000000E+00   9.9208095E-04   3.9099316E-01
   1.5475372E+03   7.6800000E+02   3.0000000E+00   2.5474092E-03   3.4858947E-01
   1.5475447E+03   7.1900000E+02   1.0000000E+00   1.3644972E-03   4.6715589E-01
   1.5475522E+03   7.3000000E+02   2.0000000E+00   1.3899996E-03   4.9594431E-01
   1.5475598E+03   7.3700000E+02   0.0000000E+00   1.5973215E-03   0.0000000E+00
   1.5475673E+03   7.6300000E+02   1.0000000E+00   1.3244017E-03   5.9792862E-01
   1.5475748E+03   7.6500000E+02   0.0000000E+00   5.1149445E-04   0.0000000E+00
   1.5475824E+03   7.5000000E+02   1.0000000E+00   4.8886984E-04   3.6139351E-01
   1.5475899E+03   7.3900000E+02   1.0000000E+00   1.8535831E-03   4.9204930E-01
   1.5475974E+03   7.5000000E+02   2.0000000E+00   4.9740930E-04   5.0910026E-02
   1.5476049E+03   7.0400000E+02   0.0000000E+00   7.0279686E-04   0.0000000E+00
   1.5476125E+03   7.3700000E+02   1.0000000E+00   9.1380203E-05   5.3698416E-01
   1.5476200E+03   7.2100000E+02   0.0000000E+00   1.9417782E-03   0.0000000E+00
   1.5476275E+03   7.5200000E+02   2.0000000E+00   8.2255933E-04   3.8807725E-01
   1.5476351E+03   7.2400000E+02   2.0000000E+00   1.3769963E-03   1.8874321E-01
   1.5476426E+03   7.4500000E+02   1.0000000E+00   4.3482134E-04   5.8765224E-01
   1.5476501E+03   7.7900000E+02   4.0000000E+00   1.4947814E-03   7.2674702E-02
   1.5476576E+03   7.1700000E+02   0.0000000E+00   6.7052261E-04   0.0000000E+00
   1.5476652E+03   7.6500000E+02   2.0000000E+00   1.3198211E-03   1.3446732E-01
   1.5476727E+03   7.4300000E+02   1.0000000E+00   4.9550885E-04   4.1553428E-01
   1.5476802E+03   7.7600000E+02   3.0000000E+00   1.4887253E-03   1.2718745E-01
   1.5476878E+03   7.8600000E+02   2.0000000E+00   2.2144816E-04   3.4935070E-01
   1.5476953E+03   7.4400000E+02   1.0000000E+00   6.0888308E-04   4.6017516E-01
   1.5477028E+03   7.7100000E+02   1.0000000E+00   1.9767129E-03   5.1967053E-01
   1.5477103E+03   7.7500000E+02   3.0000000E+00   2.6911477E-03   4.2613626E-01
   1.5477179E+03   7.6100000E+02   1.0000000E+00   3.1803609E-03   5.7091408E-01
   1.5477254E+03   7.1100000E+02   1.0000000E+00   1.4010698E-03   4.5273712E-01
   1.5477329E+03   7.6100000E+02   3.0000000E+00   3.1713102E-03   3.1649904E-01
   1.5477405E+03   7.6700000E+02   1.0000000E+00   7.0355729E-04   5.4622101E-01
   1.5477480E+03   7.2900000E+02   3.0000000E+00   1.7986722E-03   1.8644668E-01
   1.5477555E+03   7.1300000E+02   4.0000000E+00   2.9050630E-03   4.5898570E-01
   1.5477630E+03   7.7200000E+02   0.0000000E+00   4.6748432E-04   0.0000000E+00
   1.5477706E+03   7.7200000E+02   2.0000000E+00   5.2440286E-04   2.9971179E-01
   1.5477781E+03   7.3500000E+02   2.0000000E+00   5.5957879E-04   2.3906058E-01
   1.5477856E+03   7.0800000E+02   1.0000000E+00   2.4803402E-03   4.3004201E-01
   1.5477932E+03   7.3200000E+02   3.0000000E+00   5.8674831E-03   4.3310676E-01
   1.5478007E+03   7.5600000E+02   7.0000000E+00   1.2339386E-03   4.4627741E-02
   1.5478082E+03   6.8900000E+02   4.0000000E+00   3.2187008E-03   3.0521546E-01
   1.5478157E+03   7.4200000E+02   1.0000000E+00   1.5114714E-03   3.3252902E-01
   1.5478233E+03   7.2400000E+02   0.0000000E+00   2.4499077E-03   0.0000000E+00
   1.5478308E+03   7.2000000E+02   4.0000000E+00   9.7843986E-04   1.0884627E-01
   1.5478383E+03   6.7500000E+02   0.0000000E+00   3.9110412E-03   0.0000000E+00
   1.5478459E+03   7.0400000E+02   2.0000000E+00   3.3222061E-03   1.4922336E-01
   1.5478534E+03   6.9800000E+02   3.0000000E+00   1.8938091E-03   3.3553505E-01
   1.5478609E+03   6.7400000E+02   4.0000000E+00   1.4324733E-03   2.1659897E-01
   1.5478684E+03   6.6200000E+02   7.0000000E+00   2.9511622E-03   1.1808259E-01
   1.5478760E+03   6.3100000E+02   4.0000000E+00   1.2787587E-03   2.8786308E-01
   1.5478835E+03   4.7800000E+02   4.0000000E+00   3.0075324E-03   2.3368369E-01
   1.5478910E+03   3.3500000E+02   7.0000000E+00   4.0668067E-03   6.3705980E-02
   1.5478985E+03   1.7900000E+02   6.0000000E+00   7.6679179E-03   1.3530168E-01
   1.5479061E+03   8.1000000E+01   6.0000000E+00   1.2324579E-02   1.5490253E-01
   1.5479136E+03   5.6000000E+01   8.0000000E+00   5.0437737E-02   1.6354847E-01
   1.5479211E+03   6.3000000E+01   4.0000000E+00   1.8259484E-02   1.3931579E-01
   1.5479287E+03   7.4000000E+01   1.4000000E+01   7.4593881E-03   1.3767172E-01
   1.5479362E+03   6.1000000E+01   2.0000000E+01   5.2892929E-02   1.8770299E-02
   1.5479437E+03   3.5000000E+01   1.7000000E+01   2.7359120E-02   7.1853830E-02
   1.5479512E+03   3.6000000E+01   2.4000000E+01   3.9434148E-02   3.8295327E-02
   1.5479588E+03   3.1000000E+01   1.9000000E+01   1.3401078E-02   5.9234244E-02
   1.5479663E+03   2.9000000E+01   1.8000000E+01   6.9405559E-02   4.0462889E-02
   1.5479738E+03   2.4000000E+01   2.1000000E+01   4.3739541E-02   6.7295221E-02
   1.5479814E+03   2.3000000E+01   2.1000000E+01   3.3730131E-02   5.2944845E-02
   1.5479889E+03   1.5000000E+01   1.3000000E+01   4.1873469E-02   5.3004837E-02
   1.5479964E+03   7.0000000E+00   6.0000000E+00   1.7903100E-01   1.8329247E-01
   1.5480039E+03   1.6000000E+01   1.6000000E+01   3.9247679E-02   3.9247679E-02
   1.5480115E+03   1.3000000E+01   8.0000000E+00   8.5592357E-02   1.1777558E-01
   1.5480190E+03   9.0000000E+00   7.0000000E+00   4.7949369E-02   2.2877422E-02
   1.5480265E+03   7.0000000E+00   7.0000000E+00   1.3373035E-01   1.3373035E-01
   1.5480341E+03   6.0000000E+00   4.0000000E+00   1.8340484E-01   1.4332565E-01
   1.5480416E+03   6.0000000E+00   5.0000000E+00   1.1712453E-01   1.0762594E-01
   1.5480491E+03   6.0000000E+00   4.0000000E+00   1.7612086E-01   1.0248869E-01
   1.5480566E+03   3.0000000E+00   3.0000000E+00   1.4026542E-01   1.4026542E-01
   1.5480642E+03   2.0000000E+00   2.0000000E+00   1.6582748E-01   1.6582748E-01
   1.5480717E+03   1.0000000E+00   0.0000000E+00   1.1394188E-01   0.0000000E+00
   1.5480792E+03   3.0000000E+00   3.0000000E+00   1.3132074E-01   1.3132074E-01
   1.5480868E+03   2.0000000E+00   2.0000000E+00   9.0347461E-02   9.0347461E-02
   1.5480943E+03   2.0000000E+00   0.0000000E+00   4.4464672E-02   0.0000000E+00
   1.5481018E+03   1.0000000E+00   1.0000000E+00   9.0836762E-02   9.0836762E-02
   1.5481093E+03   4.0000000E+00   2.0000000E+00   9.8034414E-02   7.4866296E-03
   1.5481169E+03   4.0000000E+00   0.0000000E+00   1.4767598E-01   0.0000000E+00
   1.5481244E+03   3.0000000E+00   2.0000000E+00   3.5979823E-01   4.1358300E-01
   1.5481319E+03   2.0000000E+00   1.0000000E+00   1.7326828E-01   2.8704350E-02
   1.5481395E+03   2.0000000E+00   1.0000000E+00   1.6413981E-01   4.8028647E-01
   1.5481470E+03   7.0000000E+00   0.0000000E+00   5.2449069E-02   0.0000000E+00
   1.5481545E+03   5.0000000E+00   2.0000000E+00   1.1151481E-01   1.1878298E-01
   1.5481620E+03   9.0000000E+00   2.0000000E+00   1.1355761E-01   2.6056287E-01
   1.5481696E+03   1.2000000E+01   0.0000000E+00   5.1860517E-02   0.0000000E+00
   1.5481771E+03   1.4000000E+01   3.0000000E+00   8.9417807E-02   4.3702143E-02
   1.5481846E+03   2.4000000E+01   3.0000000E+00   4.8047929E-02   2.0540754E-01
   1.5481922E+03   2.0000000E+01   2.0000000E+00   6.1731411E-03   3.1059346E-01
   1.5481997E+03   3.1000000E+01   5.0000000E+00   7.5178126E-02   6.3068135E-02
   1.5482072E+03   2.8000000E+01   4.0000000E+00   4.9231869E-02   2.0985816E-01
   1.5482147E+03   3.4000000E+01   4.0000000E+00   5.8778666E-02   1.1285157E-01
   1.5482223E+03   5.5000000E+01   4.0000000E+00   3.9128364E-02   2.2970058E-01
   1.5482298E+03   7.0000000E+01   3.0000000E+00   7.3391849E-02   5.9141491E-02
   1.5482373E+03   7.7000000E+01   8.0000000E+00   5.0112710E-02   1.1658614E-01
   1.5482449E+03   1.2100000E+02   1.5000000E+01   3.9516689E-02   8.5008948E-02
   1.5482524E+03   1.3300000E+02   1.3000000E+01   2.3779547E-02   1.2160247E-01
   1.5482599E+03   1.9000000E+02   1.6000000E+01   5.4213034E-03   4.8970128E-02
   1.5482674E+03   3.4400000E+02   2.1000000E+01   2.7965723E-02   1.0980802E-01
   1.5482750E+03   7.4900000E+02   3.2000000E+01   9.4388730E-03   6.6824082E-02
   1.5482825E+03   1.3940000E+03   3.1000000E+01   2.7420248E-03   3.4067589E-02
   1.5482900E+03   2.0980000E+03   3.8000000E+01   5.3207020E-03   1.0283841E-01
   1.5482976E+03   2.6160000E+03   4.6000000E+01   2.6112006E-03   7.3410808E-02
   1.5483051E+03   3.0410000E+03   4.6000000E+01   3.2271654E-03   2.1381894E-02
   1.5483126E+03   3.2260000E+03   5.2000000E+01   5.1957686E-03   5.6476087E-02
   1.5483201E+03   3.3470000E+03   5.6000000E+01   4.1320134E-03   6.1872520E-02
   1.5483277E+03   3.3040000E+03   6.3000000E+01   8.1635856E-03   3.2759264E-02
   1.5483352E+03   3.3820000E+03   5.4000000E+01   3.2627425E-03   2.6893362E-02
   1.5483427E+03   3.2760000E+03   5.8000000E+01   2.7139117E-03   4.4611506E-02
   1.5483502E+03   3.1010000E+03   8.3000000E+01   3.6805822E-03   3.3724801E-02
   1.5483578E+03   2.9780000E+03   7.7000000E+01   4.7502983E-03   3.3666802E-02
   1.5483653E+03   2.8110000E+03   6.6000000E+01   5.6237943E-03   2.7789652E-02
   1.5483728E+03   2.5530000E+03   5.3000000E+01   2.7304633E-03   2.5038993E-02
   1.5483804E+03   2.4200000E+03   7.1000000E+01   7.2399410E-04   6.6500175E-03
   1.5483879E+03   2.0990000E+03   5.1000000E+01   3.9532494E-03   8.0044454E-02
   1.5483954E+03   1.8930000E+03   6.3000000E+01   7.3423354E-03   3.6219661E-02
   1.5484029E+03   1.7030000E+03   5.2000000E+01   1.4502470E-03   7.7023466E-02
   1.5484105E+03   1.5270000E+03   4.9000000E+01   5.3511449E-03   4.0305556E-02
   1.5484180E+03   1.4430000E+03   3.4000000E+01   2.7831810E-03   2.6425068E-02
   1.5484255E+03   1.2960000E+03   3.0000000E+01   2.1871532E-03   4.6914765E-02
   1.5484331E+03   1.1950000E+03   4.4000000E+01   1.0357642E-02   2.6797302E-02
   1.5484406E+03   1.1120000E+03   2.7000000E+01   3.1651606E-03   4.8136980E-02
   1.5484481E+03   1.0100000E+03   3.2000000E+01   4.0488942E-03   4.3123050E-02
   1.5484556E+03   1.0090000E+03   3.1000000E+01   3.2866544E-03   5.2401027E-02
   1.5484632E+03   9.5200000E+02   1.8000000E+01   3.8926327E-03   1.2763330E-01
   1.5484707E+03   9.1500000E+02   2.5000000E+01   6.0523664E-03   4.6476137E-02
   1.5484782E+03   8.3200000E+02   1.8000000E+01   4.3103116E-03   5.9045875E-02
   1.5484858E+03   8.7900000E+02   2.1000000E+01   2.4651456E-03   1.5207403E-02
   1.5484933E+03   8.1000000E+02   1.2000000E+01   5.3520396E-03   5.9327251E-02
   1.5485008E+03   8.1800000E+02   1.4000000E+01   9.8220703E-04   2.8706444E-03
   1.5485083E+03   8.0700000E+02   1.3000000E+01   7.2538386E-04   1.1858903E-01
   1.5485159E+03   8.5500000E+02   7.0000000E+00   3.2982174E-03   4.2545509E-02
   1.5485234E+03   8.2600000E+02   1.3000000E+01   1.4076340E-03   9.8197902E-02
   1.5485309E+03   8.1100000E+02   4.0000000E+00   4.3377869E-03   1.1362642E-01
   1.5485385E+03   8.4500000E+02   4.0000000E+00   2.8992794E-03   1.3661911E-01
   1.5485460E+03   7.9400000E+02   6.0000000E+00   7.0406810E-04   6.7856640E-02
   1.5485535E+03   7.6700000E+02   9.0000000E+00   1.5577270E-03   4.7855411E-02
   1.5485610E+03   7.6400000E+02   6.0000000E+00   2.1187473E-03   5.4506304E-02
   1.5485686E+03   8.2700000E+02   1.0000000E+00   2.3216187E-03   2.8001781E-01
   1.5485761E+03   7.7700000E+02   5.0000000E+00   1.4034934E-03   1.0359695E-01
   1.5485836E+03   7.6700000E+02   2.0000000E+00   8.1712019E-04   2.1875585E-01
   1.5485912E+03   7.4400000E+02   3.0000000E+00   1.6558449E-03   1.0869635E-01
   1.5485987E+03   8.0800000E+02   7.0000000E+00   6.0883561E-04   8.9983295E-02
   1.5486062E+03   7.8400000E+02   3.0000000E+00   7.9580629E-04   6.1175660E-02
   1.5486137E+03   8.1400000E+02   3.0000000E+00   1.5396046E-03   1.0311767E-01
   1.5486213E+03   7.1600000E+02   2.0000000E+00   2.1217031E-03   4.0562737E-02
   1.5486288E+03   8.1800000E+02   2.0000000E+00   2.3638122E-04   1.4152273E-01
   1.5486363E+03   7.9200000E+02   3.0000000E+00   8.1403635E-04   4.9525306E-02
   1.5486439E+03   7.5600000E+02   6.0000000E+00   1.3129159E-03   1.5620076E-02
   1.5486514E+03   7.4200000E+02   1.0000000E+00   5.3472669E-04   2.4668367E-01
   1.5486589E+03   7.9900000E+02   2.0000000E+00   3.1810532E-04   5.4098218E-02
   1.5486664E+03   7.4500000E+02   2.0000000E+00   7.2609417E-04   3.0083623E-02
   1.5486740E+03   7.7400000E+02   0.0000000E+00   8.0733367E-04   0.0000000E+00
   1.5486815E+03   7.9500000E+02   3.0000000E+00   8.1226290E-04   6.8889291E-02
   1.5486890E+03   7.1600000E+02   3.0000000E+00   9.2862524E-04   3.7611662E-02
   1.5486966E+03   7.6100000E+02   2.0000000E+00   1.3739091E-03   1.3493921E-01
   1.5487041E+03   7.8100000E+02   0.0000000E+00   3.0237100E-04   0.0000000E+00
   1.5487116E+03   7.3900000E+02   0.0000000E+00   4.8743477E-04   0.0000000E+00
   1.5487191E+03   7.5400000E+02   0.0000000E+00   2.5633261E-04   0.0000000E+00
   1.5487267E+03   7.6000000E+02   2.0000000E+00   8.8493489E-04   9.2467286E-02
   1.5487342E+03   7.7200000E+02   1.0000000E+00   6.0739450E-04   1.2129668E-01
   1.5487417E+03   7.2500000E+02   2.0000000E+00   5.0172033E-04   1.3565243E-01
   1.5487493E+03   6.9900000E+02   2.0000000E+00   1.8036347E-04   1.1944537E-01
   1.5487568E+03   7.4600000E+02   2.0000000E+00   1.3848543E-04   1.1889377E-01
   1.5487643E+03   7.7700000E+02   3.0000000E+00   1.0389476E-03   8.7469004E-02
   1.5487718E+03   7.4700000E+02   1.0000000E+00   1.0659197E-04   1.6026457E-01
   1.5487794E+03   7.7100000E+02   2.0000000E+00   8.4460179E-04   1.5644338E-01
   1.5487869E+03   7.2200000E+02   0.0000000E+00   5.5054266E-04   0.0000000E+00
   1.5487944E+03   7.3200000E+02   1.0000000E+00   4.3919153E-04   1.2440274E-01
   1.5488019E+03   7.8300000E+02   1.0000000E+00   4.4720737E-04   1.7516833E-01
   1.5488095E+03   7.8500000E+02   0.0000000E+00   5.8462069E-04   0.0000000E+00
   1.5488170E+03   7.6100000E+02   0.0000000E+00   5.6468130E-04   0.0000000E+00
   1.5488245E+03   7.3800000E+02   1.0000000E+00   3.5937942E-04   1.3769911E-01
   1.5488321E+03   7.6900000E+02   0.0000000E+00   3.6779229E-04   0.0000000E+00
   1.5488396E+03   7.6100000E+02   1.0000000E+00   2.5186090E-04   8.7240054E-02
   1.5488471E+03   7.5000000E+02   2.0000000E+00   4.1076472E-04   1.1261604E-01
   1.5488546E+03   7.2300000E+02   1.0000000E+00   2.9165720E-04   1.5253433E-01
   1.5488622E+03   6.8500000E+02   0.0000000E+00   1.9280188E-05   0.0000000E+00
   1.5488697E+03   8.2600000E+02   0.0000000E+00   6.9292578E-05   0.0000000E+00
   1.5488772E+03   7.4300000E+02   0.0000000E+00   3.6908634E-05   0.0000000E+00
   1.5488848E+03   7.7200000E+02   2.0000000E+00   7.8420926E-05   4.4972646E-02
   1.5488923E+03   7.3800000E+02   2.0000000E+00   1.6529047E-04   2.2597199E-02
   1.5488998E+03   7.3000000E+02   0.0000000E+00   8.7550836E-05   0.0000000E+00
   1.5489073E+03   7.5300000E+02   2.0000000E+00   9.0114404E-05   2.9638287E-02
   1.5489149E+03   7.9900000E+02   0.0000000E+00   8.5962926E-05   0.0000000E+00
   1.5489224E+03   7.6400000E+02   2.0000000E+00   3.0388473E-04   7.5935776E-02
   1.5489299E+03   7.5000000E+02   0.0000000E+00   1.6372199E-04   0.0000000E+00
   1.5489375E+03   7.0800000E+02   1.0000000E+00   3.7401275E-04   6.0349280E-02
   1.5489450E+03   7.2700000E+02   1.0000000E+00   1.7121769E-04   8.4259285E-02
   1.5489525E+03   7.3000000E+02   1.0000000E+00   1.0783964E-04   3.3807977E-02
   1.5489600E+03   7.5000000E+02   1.0000000E+00   9.4313733E-05   8.2321300E-02
   1.5489676E+03   7.3100000E+02   0.0000000E+00   1.6143629E-04   0.0000000E+00
   1.5489751E+03   8.0100000E+02   3.0000000E+00   9.2951899E-05   1.3921680E-02
   1.5489826E+03   7.7600000E+02   0.0000000E+00   1.0290876E-04   0.0000000E+00
   1.5489902E+03   7.6100000E+02   1.0000000E+00   6.2893910E-05   7.3702472E-03
   1.5489977E+03   7.4800000E+02   1.0000000E+00   1.9354032E-05   1.0239100E-02
   1.5490052E+03   7.3000000E+02   1.0000000E+00   3.0761620E-05   1.7844305E-02
   1.5490127E+03   7.5200000E+02   0.0000000E+00   4.0156814E-05   0.0000000E+00
   1.5490203E+03   7.7100000E+02   1.0000000E+00   1.2812169E-04   4.9470346E-02
   1.5490278E+03   7.3200000E+02   1.0000000E+00   1.0906785E-04   1.0745022E-02
   1.5490353E+03   7.5900000E+02   0.0000000E+00   9.5119973E-05   0.0000000E+00
   1.5490429E+03   7.2600000E+02   0.0000000E+00   0.0000000E+00   0.0000000E+00
   1.5490504E+03   6.8000000E+02   0.0000000E+00   4.4937729E-05   0.0000000E+00
   1.5490579E+03   7.6300000E+02   0.0000000E+00   9.2562626E-05   0.0000000E+00
   1.5490654E+03   7.3300000E+02   0.0000000E+00   2.4869706E-05   0.0000000E+00
   1.5490730E+03   7.1100000E+02   0.0000000E+00   1.4301664E-04   0.0000000E+00
   1.5490805E+03   7.4900000E+02   0.0000000E+00   3.0276117E-05   0.0000000E+00
   1.5490880E+03   7.3700000E+02   1.0000000E+00   8.6512472E-05   5.9386759E-02
   1.5490956E+03   7.5900000E+02   1.0000000E+00   8.1502404E-05   3.3091734E-02
   1.5491031E+03   7.7900000E+02   2.0000000E+00   2.1374226E-04   6.7499840E-02
   1.5491106E+03   7.0000000E+02   1.0000000E+00   5.4366281E-05   1.5640389E-02
   1.5491181E+03   7.7900000E+02   0.0000000E+00   9.1836931E-05   0.0000000E+00
   1.5491257E+03   7.9600000E+02   0.0000000E+00   7.0405031E-05   0.0000000E+00
   1.5491332E+03   8.1300000E+02   0.0000000E+00   7.4728090E-05   0.0000000E+00
   1.5491407E+03   7.5500000E+02   0.0000000E+00   2.2405010E-05   0.0000000E+00
   1.5491483E+03   7.8300000E+02   0.0000000E+00   7.8432061E-05   0.0000000E+00
   1.5491558E+03   8.1600000E+02   1.0000000E+00   2.1469533E-05   9.6090455E-02
   1.5491633E+03   7.4300000E+02   1.0000000E+00   1.5959402E-04   7.0554568E-02
   1.5491708E+03   7.3100000E+02   1.0000000E+00   1.0638239E-04   2.3660360E-02
   1.5491784E+03   7.8200000E+02   2.0000000E+00   1.5880685E-04   5.5838834E-02
   1.5491859E+03   7.8100000E+02   1.0000000E+00   1.3547331E-04   1.0580465E-01
   1.5491934E+03   7.5100000E+02   1.0000000E+00   1.3440657E-04   1.0728800E-01
   1.5492010E+03   7.2700000E+02   0.0000000E+00   1.9732985E-05   0.0000000E+00
   1.5492085E+03   7.5200000E+02   0.0000000E+00   1.8666539E-04   0.0000000E+00
   1.5492160E+03   7.1800000E+02   0.0000000E+00   1.9709917E-04   0.0000000E+00
   1.5492235E+03   7.8000000E+02   0.0000000E+00   3.0704436E-04   0.0000000E+00
   1.5492311E+03   8.0200000E+02   0.0000000E+00   1.1980241E-04   0.0000000E+00
   1.5492386E+03   7.4300000E+02   0.0000000E+00   1.3136516E-04   0.0000000E+00
   1.5492461E+03   6.9500000E+02   0.0000000E+00   1.4574775E-04   0.0000000E+00
   1.5492536E+03   7.6500000E+02   1.0000000E+00   1.8547521E-04   1.4685533E-01
   1.5492612E+03   7.7500000E+02   0.0000000E+00   1.0277212E-04   0.0000000E+00
   1.5492687E+03   7.8200000E+02   1.0000000E+00   1.6478120E-04   1.3444533E-01
   1.5492762E+03   7.7400000E+02   1.0000000E+00   9.4883123E-05   1.0454047E-01
   1.5492838E+03   7.2400000E+02   1.0000000E+00   1.1787505E-04   1.3450725E-01
   1.5492913E+03   7.8600000E+02   0.0000000E+00   1.4189719E-04   0.0000000E+00
   1.5492988E+03   7.0700000E+02   1.0000000E+00   4.5027676E-04   9.7176237E-02
   1.5493063E+03   7.2500000E+02   0.0000000E+00   2.9364858E-04   0.0000000E+00
   1.5493139E+03   7.4500000E+02   0.0000000E+00   1.6668799E-04   0.0000000E+00
   1.5493214E+03   7.7000000E+02   0.0000000E+00   7.5112659E-05   0.0000000E+00
   1.5493289E+03   7.8700000E+02   0.0000000E+00   2.2508409E-04   0.0000000E+00
   1.5493365E+03   7.1400000E+02   0.0000000E+00   4.9493086E-04   0.0000000E+00
   1.5493440E+03   7.7000000E+02   2.0000000E+00   4.1950866E-04   1.2061842E-01
   1.5493515E+03   8.1200000E+02   0.0000000E+00   2.8001996E-04   0.0000000E+00
   1.5493590E+03   7.6800000E+02   0.0000000E+00   2.4885792E-04   0.0000000E+00
   1.5493666E+03   7.5400000E+02   0.0000000E+00   2.0750112E-04   0.0000000E+00
   1.5493741E+03   7.3900000E+02   0.0000000E+00   3.7842828E-05   0.0000000E+00
   1.5493816E+03   7.7200000E+02   1.0000000E+00   2.8108503E-04   1.2057102E-01
   1.5493892E+03   8.0400000E+02   1.0000000E+00   5.1331875E-04   1.8966558E-01
   1.5493967E+03   7.2500000E+02   0.0000000E+00   2.8507871E-04   0.0000000E+00
   1.5494042E+03   7.2600000E+02   1.0000000E+00   1.1659874E-04   1.9249813E-01
   1.5494117E+03   7.7100000E+02   1.0000000E+00   4.5129640E-04   2.0039695E-01
   1.5494193E+03   7.1000000E+02   0.0000000E+00   2.7025027E-04   0.0000000E+00
   1.5494268E+03   7.1000000E+02   1.0000000E+00   5.3700169E-04   2.0035019E-01
   1.5494343E+03   7.6100000E+02   0.0000000E+00   2.8936903E-04   0.0000000E+00
   1.5494419E+03   7.8700000E+02   0.0000000E+00   2.5063351E-04   0.0000000E+00
   1.5494494E+03   7.1800000E+02   0.0000000E+00   5.5220093E-04   0.0000000E+00
   1.5494569E+03   7.7600000E+02   0.0000000E+00   3.0767024E-04   0.0000000E+00
   1.5494644E+03   7.8400000E+02   0.0000000E+00   1.3576786E-04   0.0000000E+00
   1.5494720E+03   7.3800000E+02   0.0000000E+00   3.1550578E-04   0.0000000E+00
   1.5494795E+03   7.9100000E+02   0.0000000E+00   2.0233212E-04   0.0000000E+00
   1.5494870E+03   8.0100000E+02   0.0000000E+00   5.1380486E-04   0.0000000E+00
   1.5494946E+03   7.2500000E+02   0.0000000E+00   3.9374046E-04   0.0000000E+00
   1.5495021E+03   7.9700000E+02   0.0000000E+00   1.2392381E-05   0.0000000E+00
   1.5495096E+03   7.6600000E+02   0.0000000E+00   0.0000000E+00   0.0000000E+00
   1.5495171E+03   7.7300000E+02   0.0000000E+00   1.2302786E-04   0.0000000E+00
   1.5495247E+03   7.5500000E+02   1.0000000E+00   3.8982104E-04   2.6941154E-01
   1.5495322E+03   7.4400000E+02   0.0000000E+00   7.1142253E-06   0.0000000E+00
   1.5495397E+03   7.7700000E+02   0.0000000E+00   2.4677313E-04   0.0000000E+00
   1.5495473E+03   6.6900000E+02   1.0000000E+00   9.8447878E-04   2.5401926E-01
   1.5495548E+03   7.7800000E+02   1.0000000E+00   3.0691308E-04   2.7395645E-01
   1.5495623E+03   7.8000000E+02   0.0000000E+00   2.7594901E-04   0.0000000E+00
   1.5495698E+03   7.6800000E+02   0.0000000E+00   2.4486479E-04   0.0000000E+00
   1.5495774E+03   7.2000000E+02   0.0000000E+00   4.4608719E-04   0.0000000E+00
   1.5495849E+03   7.3800000E+02   0.0000000E+00   6.2248289E-04   0.0000000E+00
   1.5495924E+03   7.6000000E+02   0.0000000E+00   5.7953940E-04   0.0000000E+00
   1.5496000E+03   7.3600000E+02   1.0000000E+00   2.6275535E-04   2.6292133E-01
   1.5496075E+03   7.3300000E+02   1.0000000E+00   9.5583657E-05   2.7126695E-01
   1.5496150E+03   7.1100000E+02   0.0000000E+00   2.0069328E-04   0.0000000E+00
   1.5496225E+03   7.6600000E+02   0.0000000E+00   0.0000000E+00   0.0000000E+00
   1.5496301E+03   7.7900000E+02   0.0000000E+00   6.8712637E-04   0.0000000E+00
   1.5496376E+03   7.6000000E+02   3.0000000E+00   5.4300387E-04   2.2007658E-01
   1.5496451E+03   7.6400000E+02   1.0000000E+00   4.8410566E-04   1.8389227E-01
   1.5496527E+03   7.1300000E+02   2.0000000E+00   2.3757835E-04   1.7815745E-01
   1.5496602E+03   7.6300000E+02   0.0000000E+00   1.4689013E-04   0.0000000E+00
   1.5496677E+03   7.7500000E+02   0.0000000E+00   3.8762933E-04   0.0000000E+00
   1.5496752E+03   7.5100000E+02   0.0000000E+00   1.8211320E-04   0.0000000E+00
   1.5496828E+03   7.4700000E+02   0.0000000E+00   6.4114747E-04   0.0000000E+00
   1.5496903E+03   6.9700000E+02   3.0000000E+00   1.0435844E-03   2.3017957E-01
   1.5496978E+03   7.4200000E+02   1.0000000E+00   4.0625754E-04   3.0111897E-01
   1.5497053E+03   7.6100000E+02   0.0000000E+00   2.2326236E-04   0.0000000E+00
   1.5497129E+03   8.0900000E+02   3.0000000E+00   8.8725263E-04   1.4817546E-01
   1.5497204E+03   7.2800000E+02   2.0000000E+00   8.4505157E-04   3.0759877E-01
   1.5497279E+03   7.5900000E+02   2.0000000E+00   1.7882186E-04   8.1212149E-02
   1.5497355E+03   7.7800000E+02   0.0000000E+00   5.4357723E-05   0.0000000E+00
   1.5497430E+03   7.6500000E+02   1.0000000E+00   2.7321437E-04   3.0809261E-01
   1.5497505E+03   7.4200000E+02   0.0000000E+00   7.9211262E-04   0.0000000E+00
   1.5497580E+03   7.2100000E+02   1.0000000E+00   3.5040576E-04   2.9862231E-01
   1.5497656E+03   6.9800000E+02   1.0000000E+00   3.8570905E-04   2.6648926E-01
   1.5497731E+03   7.2000000E+02   0.0000000E+00   8.3689588E-05   0.0000000E+00
   1.5497806E+03   7.1300000E+02   1.0000000E+00   1.2653582E-05   2.9078298E-01
   1.5497882E+03   7.3500000E+02   0.0000000E+00   3.3097485E-04   0.0000000E+00
   1.5497957E+03   7.2000000E+02   0.0000000E+00   3.8218481E-05   0.0000000E+00
   1.5498032E+03   6.9100000E+02   2.0000000E+00   5.5472409E-04   1.6435638E-01
   1.5498107E+03   7.1200000E+02   1.0000000E+00   1.0911612E-03   3.1935968E-01
   1.5498183E+03   7.9800000E+02   0.0000000E+00   9.5070598E-04   0.0000000E+00
   1.5498258E+03   7.7300000E+02   1.0000000E+00   8.5911466E-04   3.2428606E-01
   1.5498333E+03   7.4500000E+02   0.0000000E+00   3.6450312E-04   0.0000000E+00
   1.5498409E+03   7.1600000E+02   1.0000000E+00   5.6376299E-04   2.5283499E-01
   1.5498484E+03   7.6800000E+02   1.0000000E+00   5.7736044E-05   3.1365861E-01
   1.5498559E+03   7.6500000E+02   1.0000000E+00   5.9504038E-04   3.2659255E-01
   1.5498634E+03   7.1500000E+02   0.0000000E+00   3.3246397E-06   0.0000000E+00
   1.5498710E+03   7.6400000E+02   0.0000000E+00   1.8217262E-04   0.0000000E+00
   1.5498785E+03   7.7300000E+02   0.0000000E+00   4.0137165E-04   0.0000000E+00
   1.5498860E+03   7.1000000E+02   0.0000000E+00   0.0000000E+00   0.0000000E+00
   1.5498936E+03   7.5000000E+02   0.0000000E+00   2.6324228E-04   0.0000000E+00
   1.5499011E+03   7.2700000E+02   1.0000000E+00   4.2715415E-04   3.2361279E-01
   1.5499086E+03   7.3000000E+02   0.0000000E+00   3.1726079E-04   0.0000000E+00
   1.5499161E+03   7.6100000E+02   1.0000000E+00   4.3191886E-04   3.2869025E-01
   1.5499237E+03   7.7100000E+02   0.0000000E+00   8.3139828E-04   0.0000000E+00
   1.5499312E+03   7.3800000E+02   1.0000000E+00   2.8039078E-04   3.2568577E-01
   1.5499387E+03   6.9500000E+02   0.0000000E+00   4.5135548E-04   0.0000000E+00
   1.5499463E+03   7.5900000E+02   0.0000000E+00   6.1600791E-04   0.0000000E+00
   1.5499538E+03   7.6300000E+02   0.0000000E+00   4.3013969E-04   0.0000000E+00
   1.5499613E+03   7.7700000E+02   2.0000000E+00   9.2562783E-04   3.1199372E-01
   1.5499688E+03   7.5700000E+02   0.0000000E+00   1.2090471E-03   0.0000000E+00
   1.5499764E+03   7.2500000E+02   1.0000000E+00   3.1012983E-04   2.4972441E-01
   1.5499839E+03   7.2600000E+02   0.0000000E+00   3.1670501E-04   0.0000000E+00
   1.5499914E+03   7.3100000E+02   0.0000000E+00   9.6571601E-04   0.0000000E+00
   1.5499990E+03   7.3700000E+02   0.0000000E+00   8.0720724E-04   0.0000000E+00
   1.5500065E+03   7.4200000E+02   0.0000000E+00   3.8985969E-04   0.0000000E+00
   1.5500140E+03   7.8100000E+02   0.0000000E+00   9.6438226E-05   0.0000000E+00
   1.5500215E+03   7.4400000E+02   3.0000000E+00   1.1513167E-03   2.2598134E-01
   1.5500291E+03   7.5100000E+02   1.0000000E+00   2.1520893E-04   3.1455411E-01
   1.5500366E+03   7.9000000E+02   0.0000000E+00   7.8730570E-04   0.0000000E+00
   1.5500441E+03   7.6300000E+02   0.0000000E+00   5.2917428E-04   0.0000000E+00
   1.5500517E+03   7.5800000E+02   1.0000000E+00   4.0761001E-04   3.0896838E-01
   1.5500592E+03   7.3400000E+02   1.0000000E+00   9.0681983E-04   3.0094694E-01
   1.5500667E+03   7.4800000E+02   3.0000000E+00   4.8403312E-04   1.2603564E-01
   1.5500742E+03   7.6900000E+02   2.0000000E+00   6.3463254E-04   2.6793006E-01
   1.5500818E+03   7.2400000E+02   2.0000000E+00   8.2107327E-04   8.0030208E-02
   1.5500893E+03   7.3700000E+02   1.0000000E+00   2.8243994E-04   3.0227554E-01
   1.5500968E+03   7.4500000E+02   0.0000000E+00   1.0417756E-04   0.0000000E+00
   1.5501044E+03   7.3600000E+02   1.0000000E+00   1.0682997E-03   2.7149423E-01
   1.5501119E+03   8.0200000E+02   0.0000000E+00   7.0169385E-04   0.0000000E+00
   1.5501194E+03   7.4000000E+02   0.0000000E+00   7.0233357E-04   0.0000000E+00
   1.5501269E+03   7.3600000E+02   0.0000000E+00   0.0000000E+00   0.0000000E+00
   1.5501345E+03   7.5700000E+02   1.0000000E+00   1.0602029E-03   2.9038824E-01
   1.5501420E+03   7.4500000E+02   0.0000000E+00   7.9524221E-04   0.0000000E+00
   1.5501495E+03   7.7600000E+02   1.0000000E+00   2.8955719E-04   2.9978929E-01
   1.5501571E+03   7.4800000E+02   2.0000000E+00   2.3761827E-04   2.5412158E-01
   1.5501646E+03   7.6100000E+02   0.0000000E+00   1.8714040E-04   0.0000000E+00
   1.5501721E+03   7.1100000E+02   1.0000000E+00   8.2611494E-05   2.3228661E-01
   1.5501796E+03   7.3000000E+02   1.0000000E+00   7.8590129E-04   2.8485948E-01
   1.5501872E+03   7.3500000E+02   1.0000000E+00   1.8039590E-04   2.7835835E-01
   1.5501947E+03   7.3900000E+02   0.0000000E+00   1.0700423E-03   0.0000000E+00
   1.5502022E+03   7.5400000E+02   1.0000000E+00   7.7329914E-04   2.7222865E-01
   1.5502097E+03   7.0000000E+02   1.0000000E+00   9.0326928E-04   2.5197740E-01
   1.5502173E+03   8.2200000E+02   1.0000000E+00   2.6054088E-04   2.2814327E-01
   1.5502248E+03   7.5500000E+02   0.0000000E+00   3.9341812E-04   0.0000000E+00
   1.5502323E+03   7.5100000E+02   2.0000000E+00   5.8761352E-04   2.5278580E-01
   1.5502399E+03   7.3700000E+02   0.0000000E+00   1.1899629E-03   0.0000000E+00
   1.5502474E+03   7.7500000E+02   1.0000000E+00   9.4950186E-04   2.7937692E-01
   1.5502549E+03   7.5200000E+02   1.0000000E+00   1.4203649E-04   2.0619587E-01
   1.5502624E+03   7.3700000E+02   0.0000000E+00   3.9339168E-04   0.0000000E+00
   1.5502700E+03   7.3300000E+02   0.0000000E+00   3.8039339E-04   0.0000000E+00
   1.5502775E+03   7.5200000E+02   0.0000000E+00   3.5175337E-04   0.0000000E+00
   1.5502850E+03   7.3700000E+02   1.0000000E+00   7.6254292E-04   2.0898180E-01
   1.5502926E+03   7.7800000E+02   1.0000000E+00   3.1853353E-04   2.3370263E-01
   1.5503001E+03   7.3300000E+02   2.0000000E+00   5.9105650E-04   1.5009688E-01
   1.5503076E+03   7.4300000E+02   2.0000000E+00   1.0081300E-03   2.2387307E-01
   1.5503151E+03   7.6100000E+02   1.0000000E+00   6.1698998E-04   2.0645804E-01
   1.5503227E+03   7.0000000E+02   0.0000000E+00   5.7604502E-04   0.0000000E+00
   1.5503302E+03   7.1200000E+02   2.0000000E+00   3.4462936E-04   1.0519181E-01
   1.5503377E+03   7.2600000E+02   4.0000000E+00   9.1272224E-04   1.4356069E-01
   1.5503453E+03   7.4600000E+02   0.0000000E+00   5.5865658E-04   0.0000000E+00
   1.5503528E+03   7.9600000E+02   3.0000000E+00   1.3247764E-03   1.4630327E-01
   1.5503603E+03   7.4400000E+02   2.0000000E+00   1.3109850E-04   9.9061423E-02
   1.5503678E+03   7.2700000E+02   1.0000000E+00   1.0024885E-03   2.1661331E-01
   1.5503754E+03   7.7600000E+02   2.0000000E+00   6.4498428E-04   1.1095503E-01
   1.5503829E+03   7.8800000E+02   3.0000000E+00   1.0490725E-04   6.9968434E-02
   1.5503904E+03   7.1800000E+02   1.0000000E+00   3.9561259E-04   1.4920593E-01
   1.5503980E+03   7.0600000E+02   0.0000000E+00   9.8822523E-04   0.0000000E+00
   1.5504055E+03   7.4600000E+02   3.0000000E+00   5.3294749E-04   1.6370810E-01
   1.5504130E+03   7.7300000E+02   3.0000000E+00   3.2453326E-04   4.5370414E-02
   1.5504205E+03   7.3900000E+02   4.0000000E+00   7.9330268E-04   8.1275880E-02
   1.5504281E+03   7.2200000E+02   3.0000000E+00   1.1357845E-03   1.6772251E-01
   1.5504356E+03   7.7700000E+02   3.0000000E+00   1.7296089E-04   1.1249857E-01
   1.5504431E+03   6.6900000E+02   4.0000000E+00   4.9155650E-04   9.3304986E-02
   1.5504507E+03   7.1600000E+02   2.0000000E+00   1.1479264E-03   1.5996837E-01
   1.5504582E+03   6.8600000E+02   5.0000000E+00   6.2269866E-04   4.0908196E-02
   1.5504657E+03   6.2300000E+02   1.0000000E+00   9.7023391E-04   1.6982436E-01
   1.5504732E+03   5.3900000E+02   4.0000000E+00   2.4755007E-04   2.8783972E-02
   1.5504808E+03   3.6900000E+02   2.0000000E+00   9.0822016E-04   5.6108941E-02
   1.5504883E+03   2.1900000E+02   4.0000000E+00   3.1851170E-03   6.9324209E-02
   1.5504958E+03   1.0100000E+02   5.0000000E+00   3.8463671E-03   5.1324800E-02
   1.5505034E+03   6.2000000E+01   5.0000000E+00   2.8511404E-03   2.1957962E-02
   1.5505109E+03   6.5000000E+01   1.0000000E+01   4.7068378E-03   2.6439639E-02
   1.5505184E+03   6.1000000E+01   1.2000000E+01   5.6877888E-03   2.3133905E-02
   1.5505259E+03   5.1000000E+01   1.1000000E+01   6.4607866E-03   2.1071012E-02
   1.5505335E+03   4.8000000E+01   1.6000000E+01   4.2049876E-03   9.9105126E-03
   1.5505410E+03   3.2000000E+01   1.2000000E+01   5.1222606E-03   1.0866402E-02
   1.5505485E+03   3.7000000E+01   2.1000000E+01   4.9159104E-03   8.6627058E-03
   1.5505561E+03   3.1000000E+01   2.6000000E+01   4.5239784E-03   5.3938473E-03
   1.5505636E+03   3.6000000E+01   2.1000000E+01   1.2187983E-05   1.7964570E-05
   1.5505711E+03   2.0000000E+01   1.7000000E+01   5.9435681E-03   6.9924266E-03
   1.5505786E+03   2.7000000E+01   2.1000000E+01   4.6759568E-06   4.9963369E-06
   1.5505862E+03   1.6000000E+01   1.4000000E+01   4.9527292E-03   5.6601076E-03
   1.5505937E+03   1.5000000E+01   1.4000000E+01   5.8746204E-05   6.2278881E-05
   1.5506012E+03   1.8000000E+01   1.6000000E+01   5.7139398E-03   6.4287481E-03
   1.5506087E+03   1.2000000E+01   1.1000000E+01   4.8142623E-03   5.2559373E-03
   1.5506163E+03   8.0000000E+00   7.0000000E+00   5.7951168E-06   6.0900939E-06
   1.5506238E+03   8.0000000E+00   7.0000000E+00   2.8650685E-06   2.8701985E-06
   1.5506313E+03   1.2000000E+01   9.0000000E+00   4.5458265E-06   6.6457402E-06
   1.5506389E+03   3.0000000E+00   3.0000000E+00   1.9385352E-06   1.9385352E-06
   1.5506464E+03   5.0000000E+00   4.0000000E+00   1.6461101E-05   2.0073996E-05
   1.5506539E+03   4.0000000E+00   4.0000000E+00   8.9844650E-06   8.9844650E-06
   1.5506614E+03   3.0000000E+00   1.0000000E+00   7.8280666E-07   1.7667379E-05
   1.5506690E+03   0.0000000E+00   0.0000000E+00   0.0000000E+00   0.0000000E+00
   1.5506765E+03   4.0000000E+00   4.0000000E+00   8.5896299E-07   8.5896299E-07
   1.5506840E+03   3.0000000E+00   3.0000000E+00   8.0127774E-06   8.0127774E-06
   1.5506916E+03   3.0000000E+00   0.0000000E+00   3.5279111E-06   0.0000000E+00
   1.5506991E+03   4.0000000E+00   2.0000000E+00   9.5067459E-06   2.1221364E-06
   1.5507066E+03   0.0000000E+00   0.0000000E+00   0.0000000E+00   0.0000000E+00
   1.5507141E+03   3.0000000E+00   1.0000000E+00   2.8224518E-06   3.6865314E-06
   1.5507217E+03   6.0000000E+00   1.0000000E+00   4.3587379E-05   3.2544402E-06
   1.5507292E+03   8.0000000E+00   2.0000000E+00   1.0581817E-05   2.0741815E-05
   1.5507367E+03   7.0000000E+00   2.0000000E+00   2.6003837E-05   1.0211040E-04
   1.5507443E+03   1.0000000E+01   2.0000000E+00   9.2542915E-06   4.1703636E-05
   1.5507518E+03   2.0000000E+01   6.0000000E+00   3.0356780E-06   1.0408851E-05
   1.5507593E+03   1.9000000E+01   3.0000000E+00   1.6255876E-06   6.6943371E-06
   1.5507668E+03   1.2000000E+01   0.0000000E+00   3.0698758E-06   0.0000000E+00
   1.5507744E+03   2.6000000E+01   5.0000000E+00   1.7002923E-04   1.0362547E-06
   1.5507819E+03   3.3000000E+01   6.0000000E+00   2.8690885E-06   5.2880086E-06
   1.5507894E+03   3.6000000E+01   2.0000000E+00   2.0755084E-03   4.6495000E-05
   1.5507970E+03   5.2000000E+01   6.0000000E+00   1.2777305E-04   1.1249601E-03
   1.5508045E+03   6.2000000E+01   1.3000000E+01   1.1254535E-06   7.9081913E-06
   1.5508120E+03   7.3000000E+01   1.0000000E+01   6.7552923E-06   6.0984806E-06
   1.5508195E+03   1.0200000E+02   1.1000000E+01   3.5076993E-04   6.6834200E-05
   1.5508271E+03   1.1900000E+02   1.0000000E+01   6.7449213E-06   4.2645773E-06
   1.5508346E+03   1.6000000E+02   1.5000000E+01   2.1424910E-04   3.0759762E-05
   1.5508421E+03   2.6600000E+02   1.6000000E+01   3.9568970E-04   8.4109799E-06
   1.5508497E+03   5.7100000E+02   2.1000000E+01   2.7116142E-04   6.1698604E-06
   1.5508572E+03   1.0780000E+03   2.1000000E+01   2.2413953E-04   1.0068687E-05
   1.5508647E+03   1.7140000E+03   3.2000000E+01   3.0352915E-04   1.2270434E-05
   1.5508722E+03   2.3510000E+03   3.5000000E+01   1.4578104E-04   4.6682087E-06
   1.5508798E+03   2.7170000E+03   4.6000000E+01   1.8091553E-04   1.0840959E-03
   1.5508873E+03   3.1490000E+03   4.3000000E+01   9.9582073E-05   7.0249174E-05
   1.5508948E+03   3.2010000E+03   5.8000000E+01   2.0075022E-04   1.7775228E-03
   1.5509024E+03   3.3360000E+03   6.4000000E+01   5.1545465E-05   1.9722622E-05
   1.5509099E+03   3.3700000E+03   7.9000000E+01   1.1600457E-04   8.1660627E-04
   1.5509174E+03   3.3130000E+03   6.7000000E+01   2.5909986E-04   6.2932581E-05
   1.5509249E+03   3.1890000E+03   8.6000000E+01   1.0866222E-04   1.6939326E-03
   1.5509325E+03   3.0730000E+03   7.0000000E+01   3.9879312E-04   1.9963627E-03
   1.5509400E+03   2.8560000E+03   6.0000000E+01   3.0084872E-04   2.6189622E-03
   1.5509475E+03   2.5720000E+03   6.2000000E+01   2.1917747E-04   2.3930865E-03
   1.5509551E+03   2.3890000E+03   5.2000000E+01   2.6693792E-04   4.1634908E-03
   1.5509626E+03   2.1820000E+03   4.7000000E+01   7.0790266E-04   1.0844404E-02
   1.5509701E+03   1.9720000E+03   4.7000000E+01   2.7068506E-04   8.6238227E-03
   1.5509776E+03   1.7120000E+03   3.2000000E+01   2.9320970E-04   1.1596259E-02
   1.5509852E+03   1.6430000E+03   4.7000000E+01   7.1193679E-04   6.1425282E-03
   1.5509927E+03   1.4670000E+03   2.1000000E+01   8.4505211E-04   1.5032013E-02
   1.5510002E+03   1.3160000E+03   2.4000000E+01   7.4055155E-04   1.4920182E-02
   1.5510078E+03   1.2820000E+03   1.8000000E+01   1.2805383E-03   1.0669061E-02
   1.5510153E+03   1.0570000E+03   2.2000000E+01   7.3908563E-04   1.3318167E-02
   1.5510228E+03   1.0200000E+03   2.1000000E+01   1.8144241E-03   4.2447963E-02
   1.5510303E+03   9.7800000E+02   1.3000000E+01   5.0483197E-04   1.8159047E-02
   1.5510379E+03   9.4800000E+02   1.4000000E+01   3.4168572E-04   4.1624081E-02
   1.5510454E+03   8.0600000E+02   1.6000000E+01   3.4462403E-04   1.1893370E-02
   1.5510529E+03   8.0800000E+02   1.9000000E+01   1.4197184E-03   3.6412335E-02
   1.5510604E+03   8.6300000E+02   5.0000000E+00   3.4907258E-04   1.1020042E-01
   1.5510680E+03   8.1200000E+02   1.1000000E+01   8.3204004E-04   1.3036738E-02
   1.5510755E+03   8.7200000E+02   4.0000000E+00   3.8425899E-04   7.8512506E-02
   1.5510830E+03   7.9600000E+02   1.0000000E+01   2.1381405E-03   4.9520993E-02
   1.5510906E+03   7.8100000E+02   5.0000000E+00   3.6322390E-05   2.3850483E-02
   1.5510981E+03   7.8600000E+02   5.0000000E+00   1.0086131E-03   6.9178280E-02
   1.5511056E+03   8.1600000E+02   2.0000000E+00   6.0096172E-04   1.4075266E-01
   1.5511131E+03   7.9200000E+02   4.0000000E+00   6.4859334E-04   7.8377017E-02
   1.5511207E+03   7.7900000E+02   3.0000000E+00   1.0851430E-03   1.4362675E-01
   1.5511282E+03   8.1600000E+02   4.0000000E+00   1.4466113E-03   8.4571934E-02
   1.5511357E+03   7.3000000E+02   5.0000000E+00   5.6860693E-05   8.3200871E-02
   1.5511433E+03   7.5600000E+02   4.0000000E+00   6.8854175E-04   6.1106724E-02
   1.5511508E+03   7.4500000E+02   3.0000000E+00   3.1257655E-04   1.0119724E-01
   1.5511583E+03   7.4200000E+02   2.0000000E+00   1.0325021E-03   2.1567598E-01
   1.5511658E+03   7.5200000E+02   1.0000000E+00   7.3319620E-04   2.4917173E-01
   1.5511734E+03   8.4100000E+02   3.0000000E+00   1.0385402E-04   7.8241795E-02
   1.5511809E+03   7.7000000E+02   1.0000000E+00   9.3633660E-04   1.7901810E-01
   1.5511884E+03   7.8700000E+02   2.0000000E+00   6.2531838E-04   1.7474032E-01
   1.5511960E+03   7.2500000E+02   0.0000000E+00   8.5245853E-04   0.0000000E+00
   1.5512035E+03   7.4700000E+02   1.0000000E+00   4.7314130E-04   2.0747115E-01
   1.5512110E+03   7.2700000E+02   2.0000000E+00   3.4014730E-04   1.6496041E-01
   1.5512185E+03   7.4400000E+02   1.0000000E+00   4.5122392E-04   2.0598237E-01
   1.5512261E+03   8.1000000E+02   0.0000000E+00   3.6560019E-04   0.0000000E+00
   1.5512336E+03   7.6300000E+02   3.0000000E+00   3.7577918E-04   1.7653042E-01
   1.5512411E+03   7.3000000E+02   0.0000000E+00   2.1850065E-04   0.0000000E+00
   1.5512487E+03   7.6100000E+02   1.0000000E+00   7.3219766E-04   2.0529532E-01
   1.5512562E+03   7.3300000E+02   0.0000000E+00   6.8540072E-04   0.0000000E+00
   1.5512637E+03   7.0000000E+02   0.0000000E+00   9.1201973E-04   0.0000000E+00
   1.5512712E+03   7.2500000E+02   1.0000000E+00   9.4561360E-04   2.6728713E-01
   1.5512788E+03   7.5600000E+02   1.0000000E+00   3.2859255E-04   2.3340212E-01
   1.5512863E+03   8.6100000E+02   0.0000000E+00   3.9825346E-04   0.0000000E+00
   1.5512938E+03   7.6000000E+02   1.0000000E+00   3.7392279E-04   2.8927959E-01
   1.5513014E+03   7.5900000E+02   3.0000000E+00   7.3000207E-04   1.5497753E-01
   1.5513089E+03   7.3700000E+02   1.0000000E+00   3.6127371E-04   2.7903078E-01
   1.5513164E+03   7.5100000E+02   0.0000000E+00   5.8787224E-04   0.0000000E+00
   1.5513239E+03   7.3900000E+02   1.0000000E+00   5.3992511E-04   3.4039063E-01
   1.5513315E+03   7.4700000E+02   0.0000000E+00   4.4349338E-04   0.0000000E+00
   1.5513390E+03   7.3500000E+02   1.0000000E+00   2.7945755E-04   1.7061173E-01
   1.5513465E+03   6.8900000E+02   0.0000000E+00   8.1795964E-04   0.0000000E+00
   1.5513541E+03   7.3400000E+02   0.0000000E+00   6.1914132E-04   0.0000000E+00
   1.5513616E+03   7.6200000E+02   0.0000000E+00   6.9130525E-04   0.0000000E+00
   1.5513691E+03   7.7300000E+02   0.0000000E+00   6.6622947E-04   0.0000000E+00
   1.5513766E+03   7.5800000E+02   0.0000000E+00   3.4613245E-04   0.0000000E+00
   1.5513842E+03   7.7600000E+02   0.0000000E+00   1.1095862E-03   0.0000000E+00
   1.5513917E+03   7.0700000E+02   0.0000000E+00   4.2464800E-05   0.0000000E+00
   1.5513992E+03   7.3800000E+02   0.0000000E+00   4.4436476E-04   0.0000000E+00
   1.5514068E+03   7.7300000E+02   1.0000000E+00   4.3268656E-04   2.5676900E-01
   1.5514143E+03   7.9700000E+02   1.0000000E+00   4.9133782E-04   3.2102158E-01
   1.5514218E+03   6.9600000E+02   1.0000000E+00   5.7318170E-04   3.4371274E-01
   1.5514293E+03   7.5400000E+02   1.0000000E+00   2.8372620E-04   3.3667198E-01
   1.5514369E+03   7.3800000E+02   0.0000000E+00   3.9255943E-04   0.0000000E+00
   1.5514444E+03   7.8900000E+02   0.0000000E+00   0.0000000E+00   0.0000000E+00
   1.5514519E+03   7.2900000E+02   2.0000000E+00   2.7863175E-04   1.7528242E-01
   1.5514595E+03   7.2200000E+02   1.0000000E+00   6.7318299E-04   3.3156973E-01
   1.5514670E+03   7.5700000E+02   0.0000000E+00   5.1978429E-04   0.0000000E+00
   1.5514745E+03   7.6600000E+02   0.0000000E+00   3.6916631E-04   0.0000000E+00
   1.5514820E+03   7.5200000E+02   1.0000000E+00   1.1078779E-03   3.7286681E-01
   1.5514896E+03   7.2800000E+02   0.0000000E+00   0.0000000E+00   0.0000000E+00
   1.5514971E+03   7.4100000E+02   1.0000000E+00   5.5847481E-04   2.2325290E-01
   1.5515046E+03   7.5200000E+02   0.0000000E+00   2.6630776E-04   0.0000000E+00
   1.5515122E+03   7.1100000E+02   1.0000000E+00   8.5301943E-04   3.6964088E-01
   1.5515197E+03   7.0500000E+02   0.0000000E+00   8.7595946E-04   0.0000000E+00
   1.5515272E+03   7.2600000E+02   0.0000000E+00   2.2694849E-04   0.0000000E+00
   1.5515347E+03   7.1100000E+02   0.0000000E+00   8.5383089E-05   0.0000000E+00
   1.5515423E+03   7.6200000E+02   2.0000000E+00   6.8717841E-04   1.4344628E-01
   1.5515498E+03   7.8800000E+02   0.0000000E+00   3.6956888E-04   0.0000000E+00
   1.5515573E+03   6.8900000E+02   0.0000000E+00   5.3315080E-05   0.0000000E+00
   1.5515648E+03   7.1500000E+02   1.0000000E+00   1.8822434E-03   3.8996364E-01
   1.5515724E+03   7.8700000E+02   2.0000000E+00   1.3358854E-04   8.1321996E-02
   1.5515799E+03   7.5000000E+02   1.0000000E+00   8.1192204E-04   3.1104327E-01
   1.5515874E+03   7.7400000E+02   2.0000000E+00   8.3554445E-04   2.9928313E-01
   1.5515950E+03   7.3300000E+02   0.0000000E+00   5.4135321E-04   0.0000000E+00
   1.5516025E+03   7.5100000E+02   0.0000000E+00   0.0000000E+00   0.0000000E+00
   1.5516100E+03   7.2400000E+02   1.0000000E+00   1.1164284E-04   2.6273642E-01
   1.5516175E+03   7.5800000E+02   0.0000000E+00   4.9804243E-04   0.0000000E+00
   1.5516251E+03   7.3800000E+02   2.0000000E+00   3.4685144E-04   1.2798818E-01
   1.5516326E+03   7.4300000E+02   0.0000000E+00   2.2044852E-04   0.0000000E+00
   1.5516401E+03   7.4500000E+02   1.0000000E+00   8.5284767E-04   4.3675247E-01
   1.5516477E+03   7.7800000E+02   0.0000000E+00   1.6921308E-04   0.0000000E+00
   1.5516552E+03   7.8100000E+02   0.0000000E+00   0.0000000E+00   0.0000000E+00
   1.5516627E+03   7.5600000E+02   0.0000000E+00   0.0000000E+00   0.0000000E+00
   1.5516702E+03   6.9900000E+02   0.0000000E+00   1.1351290E-04   0.0000000E+00
   1.5516778E+03   7.6700000E+02   0.0000000E+00   1.3115085E-04   0.0000000E+00
   1.5516853E+03   7.3500000E+02   0.0000000E+00   6.8913342E-04   0.0000000E+00
   1.5516928E+03   7.4300000E+02   0.0000000E+00   6.9540340E-04   0.0000000E+00
   1.5517004E+03   7.3400000E+02   0.0000000E+00   1.1020794E-04   0.0000000E+00
   1.5517079E+03   7.0300000E+02   0.0000000E+00   0.0000000E+00   0.0000000E+00
   1.5517154E+03   7.6600000E+02   1.0000000E+00   1.1612786E-03   4.0718727E-01
   1.5517229E+03   7.4800000E+02   1.0000000E+00   6.2184509E-04   4.6282442E-01
   1.5517305E+03   7.8200000E+02   0.0000000E+00   2.3836980E-04   0.0000000E+00
   1.5517380E+03   7.0000000E+02   1.0000000E+00   6.4045445E-04   4.7615020E-01
   1.5517455E+03   7.5400000E+02   0.0000000E+00   0.0000000E+00   0.0000000E+00
   1.5517531E+03   7.3700000E+02   0.0000000E+00   0.0000000E+00   0.0000000E+00
   1.5517606E+03   7.9800000E+02   0.0000000E+00   0.0000000E+00   0.0000000E+00
   1.5517681E+03   7.1300000E+02   0.0000000E+00   7.2337273E-04   0.0000000E+00
   1.5517756E+03   7.4700000E+02   0.0000000E+00   0.0000000E+00   0.0000000E+00
   1.5517832E+03   7.7200000E+02   1.0000000E+00   5.8865631E-04   4.5984943E-01
   1.5517907E+03   7.7000000E+02   0.0000000E+00   8.8897065E-05   0.0000000E+00
   1.5517982E+03   7.9800000E+02   0.0000000E+00   6.0253977E-04   0.0000000E+00
   1.5518058E+03   7.8900000E+02   0.0000000E+00   5.8795507E-05   0.0000000E+00
   1.5518133E+03   7.3500000E+02   0.0000000E+00   0.0000000E+00   0.0000000E+00
   1.5518208E+03   7.0800000E+02   1.0000000E+00   1.2668650E-03   3.8420490E-01
   1.5518283E+03   7.2500000E+02   0.0000000E+00   1.0434478E-03   0.0000000E+00
   1.5518359E+03   7.6800000E+02   0.0000000E+00   3.9769769E-04   0.0000000E+00
   1.5518434E+03   7.7700000E+02   0.0000000E+00   1.4947103E-05   0.0000000E+00
   1.5518509E+03   7.7200000E+02   0.0000000E+00   0.0000000E+00   0.0000000E+00
   1.5518585E+03   7.4300000E+02   0.0000000E+00   1.5306645E-03   0.0000000E+00
   1.5518660E+03   7.3000000E+02   0.0000000E+00   5.0882741E-04   0.0000000E+00
   1.5518735E+03   7.5000000E+02   0.0000000E+00   4.6187006E-04   0.0000000E+00
   1.5518810E+03   7.2600000E+02   1.0000000E+00   8.0422005E-04   3.8970813E-01
   1.5518886E+03   7.5100000E+02   0.0000000E+00   1.2850533E-04   0.0000000E+00
   1.5518961E+03   7.2000000E+02   0.0000000E+00   5.1258486E-04   0.0000000E+00
   1.5519036E+03   7.6300000E+02   0.0000000E+00   0.0000000E+00   0.0000000E+00
   1.5519112E+03   7.4600000E+02   0.0000000E+00   1.6757691E-04   0.0000000E+00
   1.5519187E+03   7.5200000E+02   0.0000000E+00   1.5541009E-04   0.0000000E+00
   1.5519262E+03   7.6400000E+02   0.0000000E+00   9.9869533E-04   0.0000000E+00
   1.5519337E+03   7.9400000E+02   0.0000000E+00   0.0000000E+00   0.0000000E+00
   1.5519413E+03   7.4100000E+02   0.0000000E+00   5.4024537E-04   0.0000000E+00
   1.5519488E+03   7.8200000E+02   0.0000000E+00   1.3174535E-04   0.0000000E+00
   1.5519563E+03   7.4900000E+02   0.0000000E+00   0.0000000E+00   0.0000000E+00
   1.5519638E+03   7.5600000E+02   0.0000000E+00   0.0000000E+00   0.0000000E+00
   1.5519714E+03   7.6300000E+02   1.0000000E+00   5.8084211E-04   4.4318253E-01
   1.5519789E+03   7.7400000E+02   0.0000000E+00   3.3013811E-04   0.0000000E+00
   1.5519864E+03   7.3300000E+02   0.0000000E+00   6.1054386E-04   0.0000000E+00
   1.5519940E+03   7.9400000E+02   0.0000000E+00   1.7797574E-04   0.0000000E+00
   1.5520015E+03   7.2500000E+02   0.0000000E+00   3.1876327E-04   0.0000000E+00
   1.5520090E+03   7.6200000E+02   0.0000000E+00   0.0000000E+00   0.0000000E+00
   1.5520165E+03   7.7400000E+02   0.0000000E+00   0.0000000E+00   0.0000000E+00
   1.5520241E+03   7.6000000E+02   0.0000000E+00   8.9877493E-05   0.0000000E+00
   1.5520316E+03   7.6800000E+02   0.0000000E+00   4.5918895E-04   0.0000000E+00
   1.5520391E+03   7.9600000E+02   1.0000000E+00   9.4289503E-04   5.4167566E-01
   1.5520467E+03   7.6000000E+02   0.0000000E+00   0.0000000E+00   0.0000000E+00
   1.5520542E+03   7.8600000E+02   0.0000000E+00   0.0000000E+00   0.0000000E+00
   1.5520617E+03   7.7600000E+02   0.0000000E+00   2.3891521E-04   0.0000000E+00
   1.5520692E+03   7.4000000E+02   0.0000000E+00   5.3051424E-04   0.0000000E+00
   1.5520768E+03   7.4000000E+02   0.0000000E+00   2.4196797E-04   0.0000000E+00
   1.5520843E+03   7.0400000E+02   0.0000000E+00   0.0000000E+00   0.0000000E+00
   1.5520918E+03   7.2400000E+02   0.0000000E+00   5.1454844E-04   0.0000000E+00
   1.5520994E+03   7.4100000E+02   0.0000000E+00   6.6383002E-04   0.0000000E+00
   1.5521069E+03   7.5200000E+02   0.0000000E+00   0.0000000E+00   0.0000000E+00
   1.5521144E+03   7.2200000E+02   0.0000000E+00   4.6901596E-04   0.0000000E+00
   1.5521219E+03   7.6100000E+02   0.0000000E+00   0.0000000E+00   0.0000000E+00
   1.5521295E+03   7.5300000E+02   0.0000000E+00   9.2314253E-04   0.0000000E+00
   1.5521370E+03   7.4500000E+02   1.0000000E+00   7.7448009E-04   5.7698767E-01
   1.5521445E+03   7.8400000E+02   0.0000000E+00   3.3629733E-04   0.0000000E+00
   1.5521521E+03   7.5200000E+02   0.0000000E+00   0.0000000E+00   0.0000000E+00
   1.5521596E+03   7.4600000E+02   0.0000000E+00   0.0000000E+00   0.0000000E+00
   1.5521671E+03   7.2900000E+02   0.0000000E+00   3.6075056E-04   0.0000000E+00
   1.5521746E+03   8.0900000E+02   0.0000000E+00   4.9497467E-04   0.0000000E+00
   1.5521822E+03   7.3200000E+02   0.0000000E+00   3.0308076E-04   0.0000000E+00
   1.5521897E+03   7.3300000E+02   0.0000000E+00   0.0000000E+00   0.0000000E+00
   1.5521972E+03   7.8300000E+02   1.0000000E+00   3.3912830E-04   5.5757657E-01
   1.5522048E+03   7.9200000E+02   0.0000000E+00   1.4957793E-04   0.0000000E+00
   1.5522123E+03   7.6400000E+02   0.0000000E+00   7.5372883E-04   0.0000000E+00
   1.5522198E+03   7.5800000E+02   0.0000000E+00   0.0000000E+00   0.0000000E+00
   1.5522273E+03   7.5600000E+02   0.0000000E+00   0.0000000E+00   0.0000000E+00
   1.5522349E+03   7.6500000E+02   0.0000000E+00   2.9375921E-04   0.0000000E+00
   1.5522424E+03   7.9300000E+02   0.0000000E+00   6.9030379E-05   0.0000000E+00
   1.5522499E+03   7.7600000E+02   0.0000000E+00   3.9929940E-04   0.0000000E+00
   1.5522575E+03   7.1300000E+02   0.0000000E+00   1.6081880E-04   0.0000000E+00
   1.5522650E+03   7.4400000E+02   0.0000000E+00   4.0653988E-04   0.0000000E+00
   1.5522725E+03   7.4300000E+02   0.0000000E+00   8.3093053E-04   0.0000000E+00
   1.5522800E+03   7.6800000E+02   0.0000000E+00   4.7867674E-04   0.0000000E+00
   1.5522876E+03   7.2300000E+02   0.0000000E+00   0.0000000E+00   0.0000000E+00
   1.5522951E+03   7.2400000E+02   1.0000000E+00   1.5283686E-03   6.2328775E-01
   1.5523026E+03   7.6000000E+02   0.0000000E+00   0.0000000E+00   0.0000000E+00
   1.5523102E+03   7.5000000E+02   0.0000000E+00   4.4463980E-04   0.0000000E+00
   1.5523177E+03   7.3600000E+02   0.0000000E+00   0.0000000E+00   0.0000000E+00
   1.5523252E+03   7.3900000E+02   0.0000000E+00   0.0000000E+00   0.0000000E+00
   1.5523327E+03   7.0800000E+02   0.0000000E+00   0.0000000E+00   0.0000000E+00
   1.5523403E+03   7.2900000E+02   0.0000000E+00   0.0000000E+00   0.0000000E+00
   1.5523478E+03   7.4400000E+02   0.0000000E+00   6.4348414E-04   0.0000000E+00
   1.5523553E+03   7.7700000E+02   1.0000000E+00   6.1770113E-04   6.0201030E-01
   1.5523629E+03   7.5200000E+02   0.0000000E+00   0.0000000E+00   0.0000000E+00
   1.5523704E+03   7.6200000E+02   0.0000000E+00   0.0000000E+00   0.0000000E+00
   1.5523779E+03   8.7200000E+02   0.0000000E+00   0.0000000E+00   0.0000000E+00
   1.5523854E+03   7.4700000E+02   0.0000000E+00   4.1895078E-04   0.0000000E+00
   1.5523930E+03   7.7600000E+02   0.0000000E+00   0.0000000E+00   0.0000000E+00
   1.5524005E+03   7.5100000E+02   0.0000000E+00   0.0000000E+00   0.0000000E+00
   1.5524080E+03   7.0500000E+02   1.0000000E+00   1.7953051E-03   6.4104670E-01
   1.5524155E+03   7.5300000E+02   0.0000000E+00   0.0000000E+00   0.0000000E+00
   1.5524231E+03   7.9900000E+02   1.0000000E+00   1.0761182E-03   6.2517949E-01
   1.5524306E+03   7.5500000E+02   1.0000000E+00   8.7451575E-04   6.6025939E-01
   1.5524381E+03   7.3900000E+02   0.0000000E+00   0.0000000E+00   0.0000000E+00
   1.5524457E+03   7.5600000E+02   0.0000000E+00   7.7023772E-04   0.0000000E+00
   1.5524532E+03   7.3400000E+02   0.0000000E+00   4.1047947E-04   0.0000000E+00
   1.5524607E+03   7.5400000E+02   0.0000000E+00   7.5974807E-04   0.0000000E+00
   1.5524682E+03   7.5800000E+02   0.0000000E+00   0.0000000E+00   0.0000000E+00
   1.5524758E+03   7.6100000E+02   0.0000000E+00   2.3571284E-04   0.0000000E+00
   1.5524833E+03   7.6800000E+02   0.0000000E+00   6.7781505E-05   0.0000000E+00
   1.5524908E+03   7.8800000E+02   0.0000000E+00   1.8479092E-04   0.0000000E+00
   1.5524984E+03   7.8800000E+02   0.0000000E+00   0.0000000E+00   0.0000000E+00
   1.5525059E+03   7.6700000E+02   0.0000000E+00   8.9635531E-04   0.0000000E+00
   1.5525134E+03   7.5100000E+02   0.0000000E+00   8.5851184E-04   0.0000000E+00
   1.5525209E+03   7.7100000E+02   0.0000000E+00   0.0000000E+00   0.0000000E+00
   1.5525285E+03   7.6300000E+02   0.0000000E+00   3.7039560E-04   0.0000000E+00
   1.5525360E+03   7.5200000E+02   0.0000000E+00   0.0000000E+00   0.0000000E+00
   1.5525435E+03   7.7100000E+02   0.0000000E+00   0.0000000E+00   0.0000000E+00
   1.5525511E+03   7.6900000E+02   0.0000000E+00   0.0000000E+00   0.0000000E+00
   1.5525586E+03   7.3300000E+02   0.0000000E+00   0.0000000E+00   0.0000000E+00
   1.5525661E+03   7.3800000E+02   0.0000000E+00   0.0000000E+00   0.0000000E+00
   1.5525736E+03   7.8200000E+02   0.0000000E+00   0.0000000E+00   0.0000000E+00
   1.5525812E+03   7.7700000E+02   0.0000000E+00   0.0000000E+00   0.0000000E+00
   1.5525887E+03   7.5700000E+02   0.0000000E+00   0.0000000E+00   0.0000000E+00
   1.5525962E+03   7.7800000E+02   0.0000000E+00   3.3096867E-05   0.0000000E+00
   1.5526038E+03   7.6800000E+02   0.0000000E+00   0.0000000E+00   0.0000000E+00
   1.5526113E+03   7.4300000E+02   0.0000000E+00   6.5619337E-04   0.0000000E+00
   1.5526188E+03   7.5400000E+02   0.0000000E+00   0.0000000E+00   0.0000000E+00
   1.5526263E+03   7.4200000E+02   0.0000000E+00   0.0000000E+00   0.0000000E+00
   1.5526339E+03   7.2000000E+02   0.0000000E+00   2.9521989E-04   0.0000000E+00
   1.5526414E+03   7.8900000E+02   0.0000000E+00   5.1268408E-04   0.0000000E+00
   1.5526489E+03   8.0400000E+02   0.0000000E+00   0.0000000E+00   0.0000000E+00
   1.5526565E+03   7.7700000E+02   0.0000000E+00   1.1839544E-03   0.0000000E+00
   1.5526640E+03   7.2400000E+02   0.0000000E+00   0.0000000E+00   0.0000000E+00
   1.5526715E+03   7.7300000E+02   0.0000000E+00   0.0000000E+00   0.0000000E+00
   1.5526790E+03   6.9300000E+02   0.0000000E+00   0.0000000E+00   0.0000000E+00
   1.5526866E+03   7.6300000E+02   0.0000000E+00   2.5106692E-04   0.0000000E+00
   1.5526941E+03   7.3700000E+02   0.0000000E+00   0.0000000E+00   0.0000000E+00
   1.5527016E+03   6.9900000E+02   1.0000000E+00   8.7810906E-04   6.1379823E-01
   1.5527092E+03   7.7400000E+02   0.0000000E+00   0.0000000E+00   0.0000000E+00
   1.5527167E+03   7.6500000E+02   0.0000000E+00   0.0000000E+00   0.0000000E+00
   1.5527242E+03   7.8500000E+02   0.0000000E+00   0.0000000E+00   0.0000000E+00
   1.5527317E+03   8.0000000E+02   0.0000000E+00   0.0000000E+00   0.0000000E+00
   1.5527393E+03   7.3100000E+02   0.0000000E+00   0.0000000E+00   0.0000000E+00
   1.5527468E+03   7.4800000E+02   0.0000000E+00   0.0000000E+00   0.0000000E+00
   1.5527543E+03   7.7500000E+02   0.0000000E+00   0.0000000E+00   0.0000000E+00
   1.5527619E+03   7.6200000E+02   0.0000000E+00   0.0000000E+00   0.0000000E+00
   1.5527694E+03   7.4100000E+02   0.0000000E+00   0.0000000E+00   0.0000000E+00
   1.5527769E+03   7.3500000E+02   0.0000000E+00   0.0000000E+00   0.0000000E+00
   1.5527844E+03   8.0100000E+02   0.0000000E+00   0.0000000E+00   0.0000000E+00
   1.5527920E+03   7.6600000E+02   0.0000000E+00   0.0000000E+00   0.0000000E+00
   1.5527995E+03   7.1500000E+02   0.0000000E+00   0.0000000E+00   0.0000000E+00
   1.5528070E+03   7.7500000E+02   0.0000000E+00   0.0000000E+00   0.0000000E+00
   1.5528146E+03   7.6000000E+02   0.0000000E+00   0.0000000E+00   0.0000000E+00
   1.5528221E+03   7.9600000E+02   0.0000000E+00   0.0000000E+00   0.0000000E+00
   1.5528296E+03   7.0400000E+02   0.0000000E+00   0.0000000E+00   0.0000000E+00
   1.5528371E+03   7.4800000E+02   0.0000000E+00   0.0000000E+00   0.0000000E+00
   1.5528447E+03   7.8500000E+02   0.0000000E+00   0.0000000E+00   0.0000000E+00
   1.5528522E+03   7.7000000E+02   0.0000000E+00   0.0000000E+00   0.0000000E+00
   1.5528597E+03   7.7300000E+02   0.0000000E+00   0.0000000E+00   0.0000000E+00
   1.5528673E+03   7.4600000E+02   0.0000000E+00   0.0000000E+00   0.0000000E+00
   1.5528748E+03   7.7800000E+02   0.0000000E+00   6.3617240E-04   0.0000000E+00
   1.5528823E+03   7.5600000E+02   0.0000000E+00   0.0000000E+00   0.0000000E+00
   1.5528898E+03   6.8900000E+02   0.0000000E+00   0.0000000E+00   0.0000000E+00
   1.5528974E+03   7.9100000E+02   0.0000000E+00   9.2002779E-04   0.0000000E+00
   1.5529049E+03   7.2600000E+02   0.0000000E+00   0.0000000E+00   0.0000000E+00
   1.5529124E+03   7.7500000E+02   0.0000000E+00   4.4318067E-04   0.0000000E+00
   1.5529199E+03   7.4500000E+02   0.0000000E+00   5.3699933E-04   0.0000000E+00
   1.5529275E+03   7.7500000E+02   0.0000000E+00   2.8859102E-04   0.0000000E+00
   1.5529350E+03   7.7900000E+02   0.0000000E+00   0.0000000E+00   0.0000000E+00
   1.5529425E+03   7.6400000E+02   0.0000000E+00   4.7213573E-04   0.0000000E+00
   1.5529501E+03   7.6400000E+02   0.0000000E+00   0.0000000E+00   0.0000000E+00
   1.5529576E+03   7.0200000E+02   0.0000000E+00   0.0000000E+00   0.0000000E+00
   1.5529651E+03   7.8500000E+02   0.0000000E+00   3.9786005E-04   0.0000000E+00
   1.5529726E+03   7.7000000E+02   0.0000000E+00   0.0000000E+00   0.0000000E+00
   1.5529802E+03   7.0900000E+02   0.0000000E+00   0.0000000E+00   0.0000000E+00
   1.5529877E+03   7.9300000E+02   0.0000000E+00   5.3066797E-04   0.0000000E+00
   1.5529952E+03   7.1800000E+02   0.0000000E+00   0.0000000E+00   0.0000000E+00
   1.5530028E+03   7.6100000E+02   0.0000000E+00   0.0000000E+00   0.0000000E+00
   1.5530103E+03   7.3400000E+02   0.0000000E+00   0.0000000E+00   0.0000000E+00
   1.5530178E+03   7.3400000E+02   0.0000000E+00   0.0000000E+00   0.0000000E+00
   1.5530253E+03   7.4700000E+02   0.0000000E+00   0.0000000E+00   0.0000000E+00
   1.5530329E+03   7.2500000E+02   0.0000000E+00   7.8558334E-04   0.0000000E+00
   1.5530404E+03   7.4100000E+02   0.0000000E+00   1.9159076E-04   0.0000000E+00
   1.5530479E+03   7.7500000E+02   0.0000000E+00   0.0000000E+00   0.0000000E+00
   1.5530555E+03   7.5600000E+02   0.0000000E+00   0.0000000E+00   0.0000000E+00
   1.5530630E+03   7.2200000E+02   0.0000000E+00   0.0000000E+00   0.0000000E+00
   1.5530705E+03   7.6700000E+02   0.0000000E+00   9.9471273E-04   0.0000000E+00
   1.5530780E+03   7.7100000E+02   1.0000000E+00   9.3667002E-04   7.2217258E-01
   1.5530856E+03   7.5900000E+02   0.0000000E+00   0.0000000E+00   0.0000000E+00
   1.5530931E+03   7.3400000E+02   0.0000000E+00   6.0374657E-04   0.0000000E+00
   1.5531006E+03   7.8000000E+02   0.0000000E+00   0.0000000E+00   0.0000000E+00
   1.5531082E+03   7.4800000E+02   0.0000000E+00   0.0000000E+00   0.0000000E+00
   1.5531157E+03   7.8200000E+02   0.0000000E+00   0.0000000E+00   0.0000000E+00
   1.5531232E+03   7.4700000E+02   0.0000000E+00   0.0000000E+00   0.0000000E+00
   1.5531307E+03   7.9400000E+02   0.0000000E+00   2.7940761E-04   0.0000000E+00
   1.5531383E+03   7.9900000E+02   0.0000000E+00   0.0000000E+00   0.0000000E+00
   1.5531458E+03   7.4500000E+02   0.0000000E+00   0.0000000E+00   0.0000000E+00
   1.5531533E+03   7.1900000E+02   0.0000000E+00   1.9079979E-04   0.0000000E+00
   1.5531609E+03   7.4800000E+02   0.0000000E+00   0.0000000E+00   0.0000000E+00
   1.5531684E+03   7.8300000E+02   0.0000000E+00   4.6114046E-04   0.0000000E+00
   1.5531759E+03   7.6500000E+02   0.0000000E+00   0.0000000E+00   0.0000000E+00
   1.5531834E+03   7.3700000E+02   0.0000000E+00   0.0000000E+00   0.0000000E+00
   1.5531910E+03   6.9100000E+02   0.0000000E+00   0.0000000E+00   0.0000000E+00
   1.5531985E+03   7.7100000E+02   0.0000000E+00   4.7695818E-04   0.0000000E+00
   1.5532060E+03   7.8000000E+02   0.0000000E+00   0.0000000E+00   0.0000000E+00
   1.5532136E+03   7.4300000E+02   0.0000000E+00   5.3022131E-04   0.0000000E+00
   1.5532211E+03   7.5600000E+02   0.0000000E+00   0.0000000E+00   0.0000000E+00
   1.5532286E+03   7.6700000E+02   0.0000000E+00   0.0000000E+00   0.0000000E+00
   1.5532361E+03   7.7400000E+02   0.0000000E+00   0.0000000E+00   0.0000000E+00
   1.5532437E+03   7.6700000E+02   0.0000000E+00   3.7984840E-04   0.0000000E+00
   1.5532512E+03   7.3800000E+02   0.0000000E+00   0.0000000E+00   0.0000000E+00
   1.5532587E+03   7.6300000E+02   0.0000000E+00   0.0000000E+00   0.0000000E+00
   1.5532663E+03   7.8100000E+02   0.0000000E+00   0.0000000E+00   0.0000000E+00
   1.5532738E+03   7.3800000E+02   0.0000000E+00   6.7348280E-04   0.0000000E+00
   1.5532813E+03   7.4200000E+02   0.0000000E+00   0.0000000E+00   0.0000000E+00
   1.5532888E+03   7.8600000E+02   0.0000000E+00   6.0602484E-04   0.0000000E+00
   1.5532964E+03   7.7300000E+02   0.0000000E+00   0.0000000E+00   0.0000000E+00
   1.5533039E+03   7.3100000E+02   0.0000000E+00   0.0000000E+00   0.0000000E+00
   1.5533114E+03   7.3500000E+02   0.0000000E+00   0.0000000E+00   0.0000000E+00
   1.5533189E+03   7.2500000E+02   0.0000000E+00   0.0000000E+00   0.0000000E+00
   1.5533265E+03   7.8000000E+02   0.0000000E+00   9.8340073E-04   0.0000000E+00
   1.5533340E+03   7.6800000E+02   0.0000000E+00   2.1752577E-04   0.0000000E+00
   1.5533415E+03   7.6100000E+02   0.0000000E+00   5.1009928E-04   0.0000000E+00
   1.5533491E+03   7.3200000E+02   0.0000000E+00   0.0000000E+00   0.0000000E+00
   1.5533566E+03   7.7300000E+02   0.0000000E+00   0.0000000E+00   0.0000000E+00
   1.5533641E+03   7.6700000E+02   0.0000000E+00   0.0000000E+00   0.0000000E+00
   1.5533716E+03   7.5200000E+02   0.0000000E+00   0.0000000E+00   0.0000000E+00
   1.5533792E+03   7.6500000E+02   0.0000000E+00   0.0000000E+00   0.0000000E+00
   1.5533867E+03   7.2600000E+02   0.0000000E+00   5.9007485E-04   0.0000000E+00
   1.5533942E+03   8.0900000E+02   0.0000000E+00   0.0000000E+00   0.0000000E+00
   1.5534018E+03   7.7200000E+02   0.0000000E+00   0.0000000E+00   0.0000000E+00
   1.5534093E+03   7.5600000E+02   0.0000000E+00   0.0000000E+00   0.0000000E+00
   1.5534168E+03   7.5300000E+02   0.0000000E+00   1.1154765E-03   0.0000000E+00
   1.5534243E+03   7.5500000E+02   0.0000000E+00   0.0000000E+00   0.0000000E+00
   1.5534319E+03   7.1300000E+02   0.0000000E+00   0.0000000E+00   0.0000000E+00
   1.5534394E+03   8.1500000E+02   0.0000000E+00   0.0000000E+00   0.0000000E+00
   1.5534469E+03   7.8100000E+02   0.0000000E+00   3.3311209E-04   0.0000000E+00
   1.5534545E+03   7.4000000E+02   0.0000000E+00   1.4764795E-04   0.0000000E+00
   1.5534620E+03   7.2700000E+02   0.0000000E+00   0.0000000E+00   0.0000000E+00
   1.5534695E+03   7.3800000E+02   0.0000000E+00   0.0000000E+00   0.0000000E+00
   1.5534770E+03   7.2000000E+02   0.0000000E+00   0.0000000E+00   0.0000000E+00
   1.5534846E+03   6.9500000E+02   0.0000000E+00   7.2626853E-04   0.0000000E+00
   1.5534921E+03   7.4200000E+02   0.0000000E+00   0.0000000E+00   0.0000000E+00
   1.5534996E+03   7.8900000E+02   0.0000000E+00   0.0000000E+00   0.0000000E+00
   1.5535072E+03   7.8400000E+02   0.0000000E+00   0.0000000E+00   0.0000000E+00
   1.5535147E+03   7.3400000E+02   0.0000000E+00   6.6247770E-05   0.0000000E+00
   1.5535222E+03   7.9800000E+02   0.0000000E+00   8.2276907E-04   0.0000000E+00
   1.5535297E+03   7.6700000E+02   0.0000000E+00   0.0000000E+00   0.0000000E+00
   1.5535373E+03   7.4700000E+02   0.0000000E+00   0.0000000E+00   0.0000000E+00
   1.5535448E+03   7.7600000E+02   0.0000000E+00   0.0000000E+00   0.0000000E+00
   1.5535523E+03   8.2900000E+02   0.0000000E+00   0.0000000E+00   0.0000000E+00
   1.5535599E+03   7.4000000E+02   0.0000000E+00   0.0000000E+00   0.0000000E+00
   1.5535674E+03   7.4400000E+02   0.0000000E+00   0.0000000E+00   0.0000000E+00
   1.5535749E+03   7.7600000E+02   0.0000000E+00   6.0229377E-04   0.0000000E+00
   1.5535824E+03   7.3500000E+02   0.0000000E+00   0.0000000E+00   0.0000000E+00
   1.5535900E+03   7.5500000E+02   0.0000000E+00   0.0000000E+00   0.0000000E+00
   1.5535975E+03   7.7000000E+02   0.0000000E+00   0.0000000E+00   0.0000000E+00
   1.5536050E+03   7.3300000E+02   0.0000000E+00   0.0000000E+00   0.0000000E+00
   1.5536126E+03   7.5900000E+02   0.0000000E+00   0.0000000E+00   0.0000000E+00
   1.5536201E+03   7.9100000E+02   0.0000000E+00   0.0000000E+00   0.0000000E+00
   1.5536276E+03   7.2300000E+02   0.0000000E+00   0.0000000E+00   0.0000000E+00
   1.5536351E+03   7.5300000E+02   0.0000000E+00   0.0000000E+00   0.0000000E+00
   1.5536427E+03   7.6400000E+02   0.0000000E+00   0.0000000E+00   0.0000000E+00
   1.5536502E+03   7.5800000E+02   0.0000000E+00   0.0000000E+00   0.0000000E+00
   1.5536577E+03   7.0500000E+02   0.0000000E+00   0.0000000E+00   0.0000000E+00
   1.5536653E+03   7.2000000E+02   0.0000000E+00   6.5413408E-05   0.0000000E+00
   1.5536728E+03   7.0600000E+02   0.0000000E+00   0.0000000E+00   0.0000000E+00
   1.5536803E+03   7.5700000E+02   0.0000000E+00   0.0000000E+00   0.0000000E+00
   1.5536878E+03   7.6500000E+02   0.0000000E+00   0.0000000E+00   0.0000000E+00
   1.5536954E+03   7.4800000E+02   0.0000000E+00   0.0000000E+00   0.0000000E+00
   1.5537029E+03   8.2700000E+02   0.0000000E+00   0.0000000E+00   0.0000000E+00
   1.5537104E+03   7.6200000E+02   0.0000000E+00   0.0000000E+00   0.0000000E+00
   1.5537180E+03   7.5800000E+02   0.0000000E+00   1.9026512E-04   0.0000000E+00
   1.5537255E+03   7.7600000E+02   0.0000000E+00   0.0000000E+00   0.0000000E+00
   1.5537330E+03   7.8100000E+02   0.0000000E+00   0.0000000E+00   0.0000000E+00
   1.5537405E+03   7.9200000E+02   0.0000000E+00   0.0000000E+00   0.0000000E+00
   1.5537481E+03   7.0500000E+02   0.0000000E+00   0.0000000E+00   0.0000000E+00
   1.5537556E+03   7.5600000E+02   0.0000000E+00   2.6540455E-04   0.0000000E+00
   1.5537631E+03   6.9200000E+02   0.0000000E+00   0.0000000E+00   0.0000000E+00
   1.5537706E+03   7.8700000E+02   0.0000000E+00   0.0000000E+00   0.0000000E+00
   1.5537782E+03   7.5500000E+02   0.0000000E+00   0.0000000E+00   0.0000000E+00
   1.5537857E+03   7.6000000E+02   0.0000000E+00   3.5115405E-05   0.0000000E+00
   1.5537932E+03   7.3300000E+02   1.0000000E+00   6.9846988E-04   5.1197842E-01
   1.5538008E+03   7.5100000E+02   0.0000000E+00   0.0000000E+00   0.0000000E+00
   1.5538083E+03   7.6700000E+02   0.0000000E+00   0.0000000E+00   0.0000000E+00
   1.5538158E+03   8.2400000E+02   0.0000000E+00   0.0000000E+00   0.0000000E+00
   1.5538233E+03   7.5800000E+02   0.0000000E+00   0.0000000E+00   0.0000000E+00
   1.5538309E+03   7.4600000E+02   0.0000000E+00   0.0000000E+00   0.0000000E+00
   1.5538384E+03   7.4300000E+02   0.0000000E+00   0.0000000E+00   0.0000000E+00
   1.5538459E+03   7.3300000E+02   0.0000000E+00   1.0200834E-03   0.0000000E+00
   1.5538535E+03   7.2800000E+02   0.0000000E+00   0.0000000E+00   0.0000000E+00
   1.5538610E+03   7.3500000E+02   0.0000000E+00   0.0000000E+00   0.0000000E+00
   1.5538685E+03   7.7000000E+02   1.0000000E+00   9.7912551E-04   7.5392664E-01
   1.5538760E+03   7.4800000E+02   0.0000000E+00   0.0000000E+00   0.0000000E+00
   1.5538836E+03   7.4700000E+02   0.0000000E+00   0.0000000E+00   0.0000000E+00
   1.5538911E+03   7.2100000E+02   0.0000000E+00   0.0000000E+00   0.0000000E+00
   1.5538986E+03   7.4300000E+02   1.0000000E+00   6.4998284E-04   4.8293725E-01
   1.5539062E+03   7.2500000E+02   0.0000000E+00   0.0000000E+00   0.0000000E+00
   1.5539137E+03   7.9000000E+02   0.0000000E+00   0.0000000E+00   0.0000000E+00
   1.5539212E+03   7.5900000E+02   0.0000000E+00   0.0000000E+00   0.0000000E+00
   1.5539287E+03   7.4700000E+02   0.0000000E+00   0.0000000E+00   0.0000000E+00
   1.5539363E+03   7.6800000E+02   0.0000000E+00   0.0000000E+00   0.0000000E+00
   1.5539438E+03   7.2500000E+02   0.0000000E+00   2.0677491E-04   0.0000000E+00
   1.5539513E+03   7.7500000E+02   0.0000000E+00   6.4674757E-04   0.0000000E+00
   1.5539589E+03   7.2000000E+02   0.0000000E+00   0.0000000E+00   0.0000000E+00
   1.5539664E+03   7.8600000E+02   0.0000000E+00   0.0000000E+00   0.0000000E+00
   1.5539739E+03   7.2700000E+02   0.0000000E+00   0.0000000E+00   0.0000000E+00
   1.5539814E+03   7.1400000E+02   0.0000000E+00   0.0000000E+00   0.0000000E+00
   1.5539890E+03   7.2700000E+02   1.0000000E+00   7.4808919E-04   5.4386084E-01
   1.5539965E+03   7.5200000E+02   0.0000000E+00   3.1836965E-04   0.0000000E+00
   1.5540040E+03   7.3700000E+02   0.0000000E+00   0.0000000E+00   0.0000000E+00
   1.5540116E+03   7.2500000E+02   0.0000000E+00   0.0000000E+00   0.0000000E+00
   1.5540191E+03   7.4400000E+02   0.0000000E+00   0.0000000E+00   0.0000000E+00
   1.5540266E+03   7.9300000E+02   0.0000000E+00   0.0000000E+00   0.0000000E+00
   1.5540341E+03   7.8400000E+02   0.0000000E+00   2.1879457E-04   0.0000000E+00
   1.5540417E+03   7.6100000E+02   0.0000000E+00   6.0086291E-04   0.0000000E+00
   1.5540492E+03   8.0100000E+02   0.0000000E+00   0.0000000E+00   0.0000000E+00
   1.5540567E+03   7.4000000E+02   0.0000000E+00   0.0000000E+00   0.0000000E+00
   1.5540643E+03   7.4200000E+02   0.0000000E+00   8.5993503E-04   0.0000000E+00
   1.5540718E+03   7.1500000E+02   0.0000000E+00   0.0000000E+00   0.0000000E+00
   1.5540793E+03   7.3300000E+02   0.0000000E+00   0.0000000E+00   0.0000000E+00
   1.5540868E+03   7.2300000E+02   0.0000000E+00   1.1601367E-03   0.0000000E+00
   1.5540944E+03   7.1700000E+02   0.0000000E+00   0.0000000E+00   0.0000000E+00
   1.5541019E+03   7.5100000E+02   0.0000000E+00   0.0000000E+00   0.0000000E+00
   1.5541094E+03   7.5000000E+02   0.0000000E+00   0.0000000E+00   0.0000000E+00
   1.5541170E+03   8.1400000E+02   0.0000000E+00   9.2853565E-04   0.0000000E+00
   1.5541245E+03   7.6200000E+02   0.0000000E+00   0.0000000E+00   0.0000000E+00
   1.5541320E+03   6.9200000E+02   0.0000000E+00   0.0000000E+00   0.0000000E+00
   1.5541395E+03   7.5400000E+02   0.0000000E+00   0.0000000E+00   0.0000000E+00
   1.5541471E+03   7.4200000E+02   0.0000000E+00   0.0000000E+00   0.0000000E+00
   1.5541546E+03   7.2800000E+02   0.0000000E+00   0.0000000E+00   0.0000000E+00
   1.5541621E+03   7.6200000E+02   0.0000000E+00   0.0000000E+00   0.0000000E+00
   1.5541697E+03   7.7900000E+02   0.0000000E+00   0.0000000E+00   0.0000000E+00
   1.5541772E+03   7.6500000E+02   0.0000000E+00   0.0000000E+00   0.0000000E+00
   1.5541847E+03   8.1500000E+02   0.0000000E+00   6.7208799E-04   0.0000000E+00
   1.5541922E+03   7.9400000E+02   0.0000000E+00   0.0000000E+00   0.0000000E+00
   1.5541998E+03   7.7900000E+02   0.0000000E+00   0.0000000E+00   0.0000000E+00
   1.5542073E+03   8.2700000E+02   0.0000000E+00   0.0000000E+00   0.0000000E+00
   1.5542148E+03   7.7000000E+02   0.0000000E+00   0.0000000E+00   0.0000000E+00
   1.5542224E+03   7.5700000E+02   0.0000000E+00   0.0000000E+00   0.0000000E+00
   1.5542299E+03   7.1800000E+02   0.0000000E+00   0.0000000E+00   0.0000000E+00
   1.5542374E+03   8.0300000E+02   0.0000000E+00   0.0000000E+00   0.0000000E+00
   1.5542449E+03   7.1100000E+02   0.0000000E+00   0.0000000E+00   0.0000000E+00
   1.5542525E+03   7.4600000E+02   0.0000000E+00   0.0000000E+00   0.0000000E+00
   1.5542600E+03   7.5700000E+02   0.0000000E+00   0.0000000E+00   0.0000000E+00
   1.5542675E+03   7.8500000E+02   0.0000000E+00   2.7870927E-04   0.0000000E+00
   1.5542750E+03   7.2100000E+02   0.0000000E+00   0.0000000E+00   0.0000000E+00
   1.5542826E+03   7.5000000E+02   0.0000000E+00   1.0209401E-03   0.0000000E+00
   1.5542901E+03   7.5200000E+02   0.0000000E+00   0.0000000E+00   0.0000000E+00
   1.5542976E+03   8.0000000E+02   0.0000000E+00   0.0000000E+00   0.0000000E+00
   1.5543052E+03   7.5900000E+02   0.0000000E+00   0.0000000E+00   0.0000000E+00
   1.5543127E+03   7.5800000E+02   0.0000000E+00   0.0000000E+00   0.0000000E+00
   1.5543202E+03   7.5800000E+02   0.0000000E+00   0.0000000E+00   0.0000000E+00
   1.5543277E+03   7.7200000E+02   0.0000000E+00   0.0000000E+00   0.0000000E+00
   1.5543353E+03   7.1300000E+02   0.0000000E+00   0.0000000E+00   0.0000000E+00
   1.5543428E+03   7.2700000E+02   0.0000000E+00   0.0000000E+00   0.0000000E+00
   1.5543503E+03   7.4800000E+02   0.0000000E+00   1.0729352E-03   0.0000000E+00
   1.5543579E+03   7.6900000E+02   0.0000000E+00   1.2017729E-04   0.0000000E+00
   1.5543654E+03   6.8700000E+02   0.0000000E+00   0.0000000E+00   0.0000000E+00
   1.5543729E+03   7.6900000E+02   0.0000000E+00   0.0000000E+00   0.0000000E+00
   1.5543804E+03   7.7600000E+02   0.0000000E+00   0.0000000E+00   0.0000000E+00
   1.5543880E+03   8.4100000E+02   0.0000000E+00   6.3648834E-04   0.0000000E+00
   1.5543955E+03   7.7200000E+02   0.0000000E+00   0.0000000E+00   0.0000000E+00
   1.5544030E+03   7.3000000E+02   0.0000000E+00   1.0554318E-03   0.0000000E+00
   1.5544106E+03   7.4700000E+02   0.0000000E+00   0.0000000E+00   0.0000000E+00
   1.5544181E+03   7.5000000E+02   0.0000000E+00   0.0000000E+00   0.0000000E+00
   1.5544256E+03   8.0700000E+02   0.0000000E+00   0.0000000E+00   0.0000000E+00
   1.5544331E+03   7.4800000E+02   0.0000000E+00   0.0000000E+00   0.0000000E+00
   1.5544407E+03   7.8000000E+02   0.0000000E+00   0.0000000E+00   0.0000000E+00
   1.5544482E+03   7.5700000E+02   0.0000000E+00   0.0000000E+00   0.0000000E+00
   1.5544557E+03   7.9500000E+02   0.0000000E+00   0.0000000E+00   0.0000000E+00
   1.5544633E+03   7.3000000E+02   0.0000000E+00   0.0000000E+00   0.0000000E+00
   1.5544708E+03   7.8600000E+02   0.0000000E+00   0.0000000E+00   0.0000000E+00
   1.5544783E+03   7.8100000E+02   0.0000000E+00   0.0000000E+00   0.0000000E+00
   1.5544858E+03   7.4600000E+02   0.0000000E+00   0.0000000E+00   0.0000000E+00
   1.5544934E+03   7.6500000E+02   0.0000000E+00   1.1306763E-03   0.0000000E+00
   1.5545009E+03   7.4300000E+02   0.0000000E+00   0.0000000E+00   0.0000000E+00
   1.5545084E+03   7.5600000E+02   0.0000000E+00   0.0000000E+00   0.0000000E+00
   1.5545160E+03   7.2400000E+02   0.0000000E+00   0.0000000E+00   0.0000000E+00
   1.5545235E+03   7.7500000E+02   0.0000000E+00   1.1217162E-03   0.0000000E+00
   1.5545310E+03   7.6300000E+02   0.0000000E+00   0.0000000E+00   0.0000000E+00
   1.5545385E+03   7.5100000E+02   0.0000000E+00   0.0000000E+00   0.0000000E+00
   1.5545461E+03   7.6700000E+02   0.0000000E+00   0.0000000E+00   0.0000000E+00
   1.5545536E+03   8.1400000E+02   0.0000000E+00   0.0000000E+00   0.0000000E+00
   1.5545611E+03   7.3900000E+02   0.0000000E+00   0.0000000E+00   0.0000000E+00
   1.5545687E+03   7.6400000E+02   0.0000000E+00   0.0000000E+00   0.0000000E+00
   1.5545762E+03   7.3500000E+02   0.0000000E+00   0.0000000E+00   0.0000000E+00
   1.5545837E+03   7.2900000E+02   0.0000000E+00   0.0000000E+00   0.0000000E+00
   1.5545912E+03   7.2600000E+02   0.0000000E+00   0.0000000E+00   0.0000000E+00
   1.5545988E+03   7.0800000E+02   0.0000000E+00   0.0000000E+00   0.0000000E+00
   1.5546063E+03   7.4200000E+02   0.0000000E+00   0.0000000E+00   0.0000000E+00
   1.5546138E+03   8.0700000E+02   0.0000000E+00   0.0000000E+00   0.0000000E+00
   1.5546214E+03   7.1900000E+02   0.0000000E+00   0.0000000E+00   0.0000000E+00
   1.5546289E+03   7.5800000E+02   0.0000000E+00   0.0000000E+00   0.0000000E+00
   1.5546364E+03   8.0100000E+02   0.0000000E+00   0.0000000E+00   0.0000000E+00
   1.5546439E+03   7.8100000E+02   0.0000000E+00   0.0000000E+00   0.0000000E+00
   1.5546515E+03   7.6000000E+02   0.0000000E+00   0.0000000E+00   0.0000000E+00
   1.5546590E+03   7.2800000E+02   0.0000000E+00   0.0000000E+00   0.0000000E+00
   1.5546665E+03   7.9500000E+02   0.0000000E+00   0.0000000E+00   0.0000000E+00
   1.5546740E+03   7.6700000E+02   0.0000000E+00   0.0000000E+00   0.0000000E+00
   1.5546816E+03   7.2500000E+02   0.0000000E+00   0.0000000E+00   0.0000000E+00
   1.5546891E+03   7.0800000E+02   0.0000000E+00   0.0000000E+00   0.0000000E+00
   1.5546966E+03   7.6600000E+02   0.0000000E+00   0.0000000E+00   0.0000000E+00
   1.5547042E+03   7.7300000E+02   1.0000000E+00   9.1741777E-04   7.0916394E-01
   1.5547117E+03   7.5800000E+02   0.0000000E+00   0.0000000E+00   0.0000000E+00
   1.5547192E+03   7.0000000E+02   0.0000000E+00   0.0000000E+00   0.0000000E+00
   1.5547267E+03   7.1700000E+02   0.0000000E+00   0.0000000E+00   0.0000000E+00
   1.5547343E+03   7.3600000E+02   0.0000000E+00   0.0000000E+00   0.0000000E+00
   1.5547418E+03   7.5100000E+02   0.0000000E+00   0.0000000E+00   0.0000000E+00
   1.5547493E+03   7.5700000E+02   0.0000000E+00   0.0000000E+00   0.0000000E+00
   1.5547569E+03   7.5000000E+02   0.0000000E+00   0.0000000E+00   0.0000000E+00
   1.5547644E+03   7.9200000E+02   0.0000000E+00   0.0000000E+00   0.0000000E+00
   1.5547719E+03   7.4500000E+02   1.0000000E+00   1.1838480E-03   8.8196675E-01
   1.5547794E+03   7.3600000E+02   0.0000000E+00   0.0000000E+00   0.0000000E+00
   1.5547870E+03   7.1700000E+02   0.0000000E+00   0.0000000E+00   0.0000000E+00
   1.5547945E+03   7.9600000E+02   0.0000000E+00   0.0000000E+00   0.0000000E+00
   1.5548020E+03   8.1500000E+02   0.0000000E+00   0.0000000E+00   0.0000000E+00
   1.5548096E+03   7.8600000E+02   0.0000000E+00   0.0000000E+00   0.0000000E+00
   1.5548171E+03   7.2500000E+02   0.0000000E+00   0.0000000E+00   0.0000000E+00
   1.5548246E+03   6.9500000E+02   0.0000000E+00   0.0000000E+00   0.0000000E+00
   1.5548321E+03   7.4900000E+02   0.0000000E+00   0.0000000E+00   0.0000000E+00
   1.5548397E+03   7.6700000E+02   0.0000000E+00   0.0000000E+00   0.0000000E+00
   1.5548472E+03   7.3200000E+02   0.0000000E+00   0.0000000E+00   0.0000000E+00
   1.5548547E+03   7.7600000E+02   0.0000000E+00   0.0000000E+00   0.0000000E+00
   1.5548623E+03   7.7800000E+02   0.0000000E+00   0.0000000E+00   0.0000000E+00
   1.5548698E+03   7.2900000E+02   0.0000000E+00   0.0000000E+00   0.0000000E+00
   1.5548773E+03   7.8200000E+02   0.0000000E+00   0.0000000E+00   0.0000000E+00
   1.5548848E+03   7.7000000E+02   0.0000000E+00   0.0000000E+00   0.0000000E+00
   1.5548924E+03   7.5500000E+02   0.0000000E+00   0.0000000E+00   0.0000000E+00
   1.5548999E+03   7.7900000E+02   0.0000000E+00   0.0000000E+00   0.0000000E+00
   1.5549074E+03   7.2700000E+02   0.0000000E+00   0.0000000E+00   0.0000000E+00
   1.5549150E+03   7.9600000E+02   0.0000000E+00   0.0000000E+00   0.0000000E+00
   1.5549225E+03   7.3900000E+02   0.0000000E+00   0.0000000E+00   0.0000000E+00
   1.5549300E+03   7.7200000E+02   0.0000000E+00   3.5048190E-04   0.0000000E+00
   1.5549375E+03   7.2600000E+02   0.0000000E+00   0.0000000E+00   0.0000000E+00
   1.5549451E+03   7.4400000E+02   0.0000000E+00   0.0000000E+00   0.0000000E+00
   1.5549526E+03   7.7400000E+02   0.0000000E+00   4.9779625E-04   0.0000000E+00
   1.5549601E+03   7.5100000E+02   0.0000000E+00   9.6259559E-04   0.0000000E+00
   1.5549677E+03   7.7000000E+02   0.0000000E+00   0.0000000E+00   0.0000000E+00
   1.5549752E+03   7.8500000E+02   0.0000000E+00   0.0000000E+00   0.0000000E+00
   1.5549827E+03   7.7900000E+02   0.0000000E+00   0.0000000E+00   0.0000000E+00
   1.5549902E+03   7.1700000E+02   0.0000000E+00   0.0000000E+00   0.0000000E+00
   1.5549978E+03   7.6000000E+02   0.0000000E+00   0.0000000E+00   0.0000000E+00
   1.5550053E+03   7.4400000E+02   0.0000000E+00   0.0000000E+00   0.0000000E+00
   1.5550128E+03   7.3700000E+02   0.0000000E+00   0.0000000E+00   0.0000000E+00
   1.5550204E+03   6.9200000E+02   0.0000000E+00   0.0000000E+00   0.0000000E+00
   1.5550279E+03   7.5500000E+02   0.0000000E+00   0.0000000E+00   0.0000000E+00
   1.5550354E+03   7.4200000E+02   0.0000000E+00   0.0000000E+00   0.0000000E+00
   1.5550429E+03   7.5800000E+02   0.0000000E+00   0.0000000E+00   0.0000000E+00
   1.5550505E+03   7.6500000E+02   0.0000000E+00   6.2433679E-04   0.0000000E+00
   1.5550580E+03   6.7700000E+02   0.0000000E+00   0.0000000E+00   0.0000000E+00
   1.5550655E+03   7.5900000E+02   0.0000000E+00   0.0000000E+00   0.0000000E+00
   1.5550731E+03   7.9600000E+02   0.0000000E+00   0.0000000E+00   0.0000000E+00
   1.5550806E+03   7.6400000E+02   0.0000000E+00   0.0000000E+00   0.0000000E+00
   1.5550881E+03   7.7600000E+02   0.0000000E+00   4.3374180E-04   0.0000000E+00
   1.5550956E+03   7.3300000E+02   0.0000000E+00   0.0000000E+00   0.0000000E+00
   1.5551032E+03   8.2700000E+02   0.0000000E+00   0.0000000E+00   0.0000000E+00
   1.5551107E+03   7.3400000E+02   0.0000000E+00   0.0000000E+00   0.0000000E+00
   1.5551182E+03   7.4500000E+02   0.0000000E+00   0.0000000E+00   0.0000000E+00
   1.5551257E+03   7.4600000E+02   0.0000000E+00   0.0000000E+00   0.0000000E+00
   1.5551333E+03   7.7600000E+02   0.0000000E+00   0.0000000E+00   0.0000000E+00
   1.5551408E+03   7.5100000E+02   0.0000000E+00   0.0000000E+00   0.0000000E+00
   1.5551483E+03   7.8900000E+02   0.0000000E+00   0.0000000E+00   0.0000000E+00
   1.5551559E+03   7.6600000E+02   0.0000000E+00   8.5830403E-04   0.0000000E+00
   1.5551634E+03   7.2400000E+02   0.0000000E+00   0.0000000E+00   0.0000000E+00
   1.5551709E+03   7.3200000E+02   0.0000000E+00   0.0000000E+00   0.0000000E+00
   1.5551784E+03   7.4000000E+02   0.0000000E+00   0.0000000E+00   0.0000000E+00
   1.5551860E+03   7.9100000E+02   0.0000000E+00   0.0000000E+00   0.0000000E+00
   1.5551935E+03   7.2600000E+02   0.0000000E+00   0.0000000E+00   0.0000000E+00
   1.5552010E+03   7.5900000E+02   0.0000000E+00   9.4891461E-04   0.0000000E+00
   1.5552086E+03   7.2100000E+02   0.0000000E+00   0.0000000E+00   0.0000000E+00
   1.5552161E+03   7.3400000E+02   0.0000000E+00   0.0000000E+00   0.0000000E+00
   1.5552236E+03   7.3700000E+02   0.0000000E+00   0.0000000E+00   0.0000000E+00
   1.5552311E+03   7.2900000E+02   0.0000000E+00   6.8917765E-04   0.0000000E+00
   1.5552387E+03   7.4600000E+02   0.0000000E+00   0.0000000E+00   0.0000000E+00
   1.5552462E+03   7.2500000E+02   0.0000000E+00   0.0000000E+00   0.0000000E+00
   1.5552537E+03   7.6900000E+02   0.0000000E+00   0.0000000E+00   0.0000000E+00
   1.5552613E+03   7.2900000E+02   0.0000000E+00   0.0000000E+00   0.0000000E+00
   1.5552688E+03   7.9300000E+02   0.0000000E+00   0.0000000E+00   0.0000000E+00
   1.5552763E+03   7.7500000E+02   0.0000000E+00   0.0000000E+00   0.0000000E+00
   1.5552838E+03   7.7900000E+02   0.0000000E+00   0.0000000E+00   0.0000000E+00
   1.5552914E+03   7.5000000E+02   0.0000000E+00   0.0000000E+00   0.0000000E+00
   1.5552989E+03   7.7900000E+02   0.0000000E+00   0.0000000E+00   0.0000000E+00
   1.5553064E+03   7.2200000E+02   0.0000000E+00   0.0000000E+00   0.0000000E+00
   1.5553140E+03   7.8200000E+02   0.0000000E+00   0.0000000E+00   0.0000000E+00
   1.5553215E+03   8.0700000E+02   0.0000000E+00   0.0000000E+00   0.0000000E+00
   1.5553290E+03   7.3300000E+02   0.0000000E+00   0.0000000E+00   0.0000000E+00
   1.5553365E+03   7.2700000E+02   0.0000000E+00   0.0000000E+00   0.0000000E+00
   1.5553441E+03   7.3700000E+02   0.0000000E+00   0.0000000E+00   0.0000000E+00
   1.5553516E+03   7.3800000E+02   0.0000000E+00   0.0000000E+00   0.0000000E+00
   1.5553591E+03   7.3000000E+02   0.0000000E+00   0.0000000E+00   0.0000000E+00
   1.5553667E+03   7.3000000E+02   0.0000000E+00   0.0000000E+00   0.0000000E+00
   1.5553742E+03   7.3500000E+02   0.0000000E+00   0.0000000E+00   0.0000000E+00
   1.5553817E+03   7.7800000E+02   0.0000000E+00   0.0000000E+00   0.0000000E+00
   1.5553892E+03   7.7500000E+02   0.0000000E+00   0.0000000E+00   0.0000000E+00
   1.5553968E+03   7.5000000E+02   0.0000000E+00   0.0000000E+00   0.0000000E+00
   1.5554043E+03   7.6000000E+02   0.0000000E+00   0.0000000E+00   0.0000000E+00
   1.5554118E+03   7.0500000E+02   0.0000000E+00   0.0000000E+00   0.0000000E+00
   1.5554194E+03   6.9900000E+02   0.0000000E+00   0.0000000E+00   0.0000000E+00
   1.5554269E+03   7.8700000E+02   0.0000000E+00   0.0000000E+00   0.0000000E+00
   1.5554344E+03   7.7000000E+02   0.0000000E+00   8.7269515E-05   0.0000000E+00
   1.5554419E+03   7.3100000E+02   0.0000000E+00   0.0000000E+00   0.0000000E+00
   1.5554495E+03   7.2200000E+02   0.0000000E+00   7.5865255E-04   0.0000000E+00
   1.5554570E+03   7.4200000E+02   0.0000000E+00   0.0000000E+00   0.0000000E+00
   1.5554645E+03   7.6500000E+02   0.0000000E+00   5.9271266E-04   0.0000000E+00
   1.5554721E+03   7.2000000E+02   0.0000000E+00   0.0000000E+00   0.0000000E+00
   1.5554796E+03   7.6600000E+02   0.0000000E+00   0.0000000E+00   0.0000000E+00
   1.5554871E+03   7.4900000E+02   0.0000000E+00   0.0000000E+00   0.0000000E+00
   1.5554946E+03   7.6400000E+02   0.0000000E+00   0.0000000E+00   0.0000000E+00
   1.5555022E+03   8.1900000E+02   0.0000000E+00   0.0000000E+00   0.0000000E+00
   1.5555097E+03   7.4300000E+02   0.0000000E+00   0.0000000E+00   0.0000000E+00
   1.5555172E+03   7.6600000E+02   0.0000000E+00   0.0000000E+00   0.0000000E+00
   1.5555248E+03   7.9000000E+02   0.0000000E+00   0.0000000E+00   0.0000000E+00
   1.5555323E+03   7.5800000E+02   0.0000000E+00   0.0000000E+00   0.0000000E+00
   1.5555398E+03   7.1500000E+02   0.0000000E+00   0.0000000E+00   0.0000000E+00
   1.5555473E+03   7.4000000E+02   0.0000000E+00   0.0000000E+00   0.0000000E+00
   1.5555549E+03   7.4900000E+02   0.0000000E+00   0.0000000E+00   0.0000000E+00
   1.5555624E+03   7.3200000E+02   0.0000000E+00   0.0000000E+00   0.0000000E+00
   1.5555699E+03   7.3900000E+02   0.0000000E+00   0.0000000E+00   0.0000000E+00
   1.5555774E+03   8.0300000E+02   0.0000000E+00   3.7668774E-04   0.0000000E+00
   1.5555850E+03   7.4100000E+02   0.0000000E+00   0.0000000E+00   0.0000000E+00
   1.5555925E+03   7.5500000E+02   0.0000000E+00   0.0000000E+00   0.0000000E+00
   1.5556000E+03   8.3400000E+02   0.0000000E+00   0.0000000E+00   0.0000000E+00
   1.5556076E+03   7.9800000E+02   0.0000000E+00   0.0000000E+00   0.0000000E+00
   1.5556151E+03   7.8900000E+02   0.0000000E+00   0.0000000E+00   0.0000000E+00
   1.5556226E+03   7.6100000E+02   0.0000000E+00   0.0000000E+00   0.0000000E+00
   1.5556301E+03   7.1200000E+02   0.0000000E+00   0.0000000E+00   0.0000000E+00
   1.5556377E+03   7.5600000E+02   0.0000000E+00   0.0000000E+00   0.0000000E+00
   1.5556452E+03   7.7500000E+02   0.0000000E+00   0.0000000E+00   0.0000000E+00
   1.5556527E+03   7.6200000E+02   0.0000000E+00   0.0000000E+00   0.0000000E+00
   1.5556603E+03   7.2800000E+02   0.0000000E+00   0.0000000E+00   0.0000000E+00
   1.5556678E+03   7.6900000E+02   0.0000000E+00   0.0000000E+00   0.0000000E+00
   1.5556753E+03   7.7200000E+02   0.0000000E+00   0.0000000E+00   0.0000000E+00
   1.5556828E+03   7.5900000E+02   0.0000000E+00   0.0000000E+00   0.0000000E+00
   1.5556904E+03   7.7900000E+02   0.0000000E+00   0.0000000E+00   0.0000000E+00
   1.5556979E+03   7.7400000E+02   0.0000000E+00   0.0000000E+00   0.0000000E+00
   1.5557054E+03   7.5300000E+02   0.0000000E+00   0.0000000E+00   0.0000000E+00
   1.5557130E+03   7.7600000E+02   0.0000000E+00   0.0000000E+00   0.0000000E+00
   1.5557205E+03   7.9000000E+02   0.0000000E+00   0.0000000E+00   0.0000000E+00
   1.5557280E+03   7.4500000E+02   0.0000000E+00   0.0000000E+00   0.0000000E+00
   1.5557355E+03   7.0900000E+02   0.0000000E+00   0.0000000E+00   0.0000000E+00
   1.5557431E+03   7.5600000E+02   0.0000000E+00   1.0818562E-03   0.0000000E+00
   1.5557506E+03   7.4600000E+02   0.0000000E+00   4.6408146E-04   0.0000000E+00
   1.5557581E+03   7.6200000E+02   0.0000000E+00   0.0000000E+00   0.0000000E+00
   1.5557657E+03   6.8900000E+02   0.0000000E+00   0.0000000E+00   0.0000000E+00
   1.5557732E+03   7.9700000E+02   0.0000000E+00   0.0000000E+00   0.0000000E+00
   1.5557807E+03   7.4100000E+02   0.0000000E+00   0.0000000E+00   0.0000000E+00
   1.5557882E+03   7.8500000E+02   0.0000000E+00   0.0000000E+00   0.0000000E+00
   1.5557958E+03   7.5700000E+02   0.0000000E+00   0.0000000E+00   0.0000000E+00
   1.5558033E+03   7.7400000E+02   0.0000000E+00   0.0000000E+00   0.0000000E+00
   1.5558108E+03   7.0300000E+02   0.0000000E+00   0.0000000E+00   0.0000000E+00
   1.5558184E+03   7.2400000E+02   0.0000000E+00   0.0000000E+00   0.0000000E+00
   1.5558259E+03   7.5100000E+02   0.0000000E+00   0.0000000E+00   0.0000000E+00
   1.5558334E+03   7.5900000E+02   0.0000000E+00   0.0000000E+00   0.0000000E+00
   1.5558409E+03   7.6600000E+02   0.0000000E+00   0.0000000E+00   0.0000000E+00
   1.5558485E+03   7.2700000E+02   0.0000000E+00   0.0000000E+00   0.0000000E+00
   1.5558560E+03   7.5400000E+02   0.0000000E+00   0.0000000E+00   0.0000000E+00
   1.5558635E+03   7.3800000E+02   0.0000000E+00   0.0000000E+00   0.0000000E+00
   1.5558711E+03   7.4400000E+02   0.0000000E+00   0.0000000E+00   0.0000000E+00
   1.5558786E+03   8.1200000E+02   0.0000000E+00   0.0000000E+00   0.0000000E+00
   1.5558861E+03   7.3600000E+02   0.0000000E+00   0.0000000E+00   0.0000000E+00
   1.5558936E+03   7.8200000E+02   0.0000000E+00   0.0000000E+00   0.0000000E+00
   1.5559012E+03   7.7600000E+02   0.0000000E+00   0.0000000E+00   0.0000000E+00
   1.5559087E+03   7.8800000E+02   0.0000000E+00   0.0000000E+00   0.0000000E+00
   1.5559162E+03   7.6100000E+02   0.0000000E+00   0.0000000E+00   0.0000000E+00
   1.5559238E+03   7.6400000E+02   0.0000000E+00   0.0000000E+00   0.0000000E+00
   1.5559313E+03   7.3300000E+02   0.0000000E+00   0.0000000E+00   0.0000000E+00
   1.5559388E+03   7.7900000E+02   0.0000000E+00   0.0000000E+00   0.0000000E+00
   1.5559463E+03   7.4700000E+02   0.0000000E+00   0.0000000E+00   0.0000000E+00
   1.5559539E+03   7.7000000E+02   0.0000000E+00   1.0260175E-03   0.0000000E+00
   1.5559614E+03   7.4100000E+02   0.0000000E+00   0.0000000E+00   0.0000000E+00
   1.5559689E+03   7.1300000E+02   0.0000000E+00   0.0000000E+00   0.0000000E+00
   1.5559765E+03   8.1400000E+02   0.0000000E+00   0.0000000E+00   0.0000000E+00
   1.5559840E+03   7.9000000E+02   0.0000000E+00   0.0000000E+00   0.0000000E+00
   1.5559915E+03   7.3100000E+02   0.0000000E+00   0.0000000E+00   0.0000000E+00
   1.5559990E+03   7.7300000E+02   0.0000000E+00   0.0000000E+00   0.0000000E+00
   1.5560066E+03   7.4900000E+02   0.0000000E+00   0.0000000E+00   0.0000000E+00
   1.5560141E+03   7.6900000E+02   0.0000000E+00   0.0000000E+00   0.0000000E+00
   1.5560216E+03   7.5000000E+02   0.0000000E+00   0.0000000E+00   0.0000000E+00
   1.5560291E+03   7.6300000E+02   0.0000000E+00   0.0000000E+00   0.0000000E+00
   1.5560367E+03   7.9400000E+02   0.0000000E+00   0.0000000E+00   0.0000000E+00
   1.5560442E+03   7.6500000E+02   0.0000000E+00   0.0000000E+00   0.0000000E+00
   1.5560517E+03   6.8600000E+02   0.0000000E+00   0.0000000E+00   0.0000000E+00
   1.5560593E+03   7.5600000E+02   0.0000000E+00   0.0000000E+00   0.0000000E+00
   1.5560668E+03   7.2800000E+02   0.0000000E+00   0.0000000E+00   0.0000000E+00
   1.5560743E+03   7.3900000E+02   0.0000000E+00   0.0000000E+00   0.0000000E+00
   1.5560818E+03   7.5900000E+02   0.0000000E+00   0.0000000E+00   0.0000000E+00
   1.5560894E+03   7.6700000E+02   0.0000000E+00   0.0000000E+00   0.0000000E+00
   1.5560969E+03   7.4800000E+02   0.0000000E+00   0.0000000E+00   0.0000000E+00
   1.5561044E+03   7.4300000E+02   0.0000000E+00   0.0000000E+00   0.0000000E+00
   1.5561120E+03   7.8300000E+02   0.0000000E+00   0.0000000E+00   0.0000000E+00
   1.5561195E+03   7.3700000E+02   0.0000000E+00   0.0000000E+00   0.0000000E+00
   1.5561270E+03   7.5400000E+02   0.0000000E+00   0.0000000E+00   0.0000000E+00
   1.5561345E+03   7.5500000E+02   0.0000000E+00   0.0000000E+00   0.0000000E+00
   1.5561421E+03   7.4700000E+02   0.0000000E+00   0.0000000E+00   0.0000000E+00
   1.5561496E+03   7.6900000E+02   0.0000000E+00   0.0000000E+00   0.0000000E+00
   1.5561571E+03   7.4100000E+02   0.0000000E+00   0.0000000E+00   0.0000000E+00
   1.5561647E+03   7.3100000E+02   0.0000000E+00   0.0000000E+00   0.0000000E+00
   1.5561722E+03   7.3100000E+02   0.0000000E+00   0.0000000E+00   0.0000000E+00
   1.5561797E+03   7.2800000E+02   0.0000000E+00   0.0000000E+00   0.0000000E+00
   1.5561872E+03   7.1300000E+02   0.0000000E+00   0.0000000E+00   0.0000000E+00
   1.5561948E+03   7.3000000E+02   0.0000000E+00   0.0000000E+00   0.0000000E+00
   1.5562023E+03   7.0800000E+02   1.0000000E+00   1.2955864E-03   9.1727514E-01
   1.5562098E+03   7.4600000E+02   0.0000000E+00   0.0000000E+00   0.0000000E+00
   1.5562174E+03   7.7900000E+02   0.0000000E+00   3.0393169E-04   0.0000000E+00
   1.5562249E+03   7.3200000E+02   0.0000000E+00   0.0000000E+00   0.0000000E+00
   1.5562324E+03   7.2600000E+02   0.0000000E+00   0.0000000E+00   0.0000000E+00
   1.5562399E+03   7.6400000E+02   0.0000000E+00   0.0000000E+00   0.0000000E+00
   1.5562475E+03   7.4100000E+02   0.0000000E+00   0.0000000E+00   0.0000000E+00
   1.5562550E+03   7.5100000E+02   0.0000000E+00   0.0000000E+00   0.0000000E+00
   1.5562625E+03   7.1200000E+02   0.0000000E+00   2.3674322E-04   0.0000000E+00
   1.5562701E+03   7.3400000E+02   0.0000000E+00   0.0000000E+00   0.0000000E+00
   1.5562776E+03   7.4300000E+02   0.0000000E+00   0.0000000E+00   0.0000000E+00
   1.5562851E+03   7.4100000E+02   0.0000000E+00   1.2315165E-03   0.0000000E+00
   1.5562926E+03   7.9800000E+02   0.0000000E+00   0.0000000E+00   0.0000000E+00
   1.5563002E+03   7.4100000E+02   0.0000000E+00   9.1644886E-04   0.0000000E+00
   1.5563077E+03   7.4100000E+02   0.0000000E+00   0.0000000E+00   0.0000000E+00
   1.5563152E+03   7.4700000E+02   0.0000000E+00   0.0000000E+00   0.0000000E+00
   1.5563228E+03   7.3100000E+02   0.0000000E+00   0.0000000E+00   0.0000000E+00
   1.5563303E+03   7.6400000E+02   0.0000000E+00   0.0000000E+00   0.0000000E+00
   1.5563378E+03   7.4500000E+02   0.0000000E+00   0.0000000E+00   0.0000000E+00
   1.5563453E+03   7.8900000E+02   0.0000000E+00   0.0000000E+00   0.0000000E+00
   1.5563529E+03   7.1100000E+02   0.0000000E+00   0.0000000E+00   0.0000000E+00
   1.5563604E+03   7.1500000E+02   0.0000000E+00   0.0000000E+00   0.0000000E+00
   1.5563679E+03   7.6200000E+02   0.0000000E+00   0.0000000E+00   0.0000000E+00
   1.5563755E+03   7.2700000E+02   0.0000000E+00   0.0000000E+00   0.0000000E+00
   1.5563830E+03   7.0500000E+02   0.0000000E+00   0.0000000E+00   0.0000000E+00
   1.5563905E+03   7.8900000E+02   0.0000000E+00   1.1010221E-03   0.0000000E+00
   1.5563980E+03   7.4200000E+02   0.0000000E+00   0.0000000E+00   0.0000000E+00
   1.5564056E+03   7.8700000E+02   0.0000000E+00   6.8692008E-04   0.0000000E+00
   1.5564131E+03   7.3100000E+02   0.0000000E+00   0.0000000E+00   0.0000000E+00
   1.5564206E+03   7.6800000E+02   0.0000000E+00   0.0000000E+00   0.0000000E+00
   1.5564282E+03   7.5000000E+02   0.0000000E+00   0.0000000E+00   0.0000000E+00
   1.5564357E+03   7.8600000E+02   0.0000000E+00   0.0000000E+00   0.0000000E+00
   1.5564432E+03   7.5100000E+02   0.0000000E+00   0.0000000E+00   0.0000000E+00
   1.5564507E+03   7.8300000E+02   0.0000000E+00   0.0000000E+00   0.0000000E+00
   1.5564583E+03   7.8900000E+02   0.0000000E+00   0.0000000E+00   0.0000000E+00
   1.5564658E+03   7.3600000E+02   0.0000000E+00   0.0000000E+00   0.0000000E+00
   1.5564733E+03   7.4500000E+02   0.0000000E+00   0.0000000E+00   0.0000000E+00
   1.5564808E+03   7.7500000E+02   0.0000000E+00   0.0000000E+00   0.0000000E+00
   1.5564884E+03   7.3100000E+02   0.0000000E+00   0.0000000E+00   0.0000000E+00
   1.5564959E+03   7.9100000E+02   0.0000000E+00   0.0000000E+00   0.0000000E+00
   1.5565034E+03   7.4400000E+02   0.0000000E+00   0.0000000E+00   0.0000000E+00
   1.5565110E+03   7.6100000E+02   0.0000000E+00   0.0000000E+00   0.0000000E+00
   1.5565185E+03   7.3300000E+02   0.0000000E+00   0.0000000E+00   0.0000000E+00
   1.5565260E+03   7.2500000E+02   0.0000000E+00   0.0000000E+00   0.0000000E+00
   1.5565335E+03   7.5000000E+02   0.0000000E+00   0.0000000E+00   0.0000000E+00
   1.5565411E+03   7.1000000E+02   0.0000000E+00   0.0000000E+00   0.0000000E+00
   1.5565486E+03   7.1700000E+02   0.0000000E+00   0.0000000E+00   0.0000000E+00
   1.5565561E+03   7.6400000E+02   0.0000000E+00   0.0000000E+00   0.0000000E+00
   1.5565637E+03   7.4800000E+02   0.0000000E+00   0.0000000E+00   0.0000000E+00
   1.5565712E+03   7.4900000E+02   0.0000000E+00   0.0000000E+00   0.0000000E+00
   1.5565787E+03   6.8700000E+02   1.0000000E+00   1.1859835E-03   8.1477067E-01
   1.5565862E+03   7.7200000E+02   0.0000000E+00   0.0000000E+00   0.0000000E+00
   1.5565938E+03   7.3500000E+02   0.0000000E+00   1.1014062E-03   0.0000000E+00
   1.5566013E+03   7.7000000E+02   0.0000000E+00   0.0000000E+00   0.0000000E+00
   1.5566088E+03   6.8700000E+02   0.0000000E+00   0.0000000E+00   0.0000000E+00
   1.5566164E+03   7.3500000E+02   0.0000000E+00   0.0000000E+00   0.0000000E+00
   1.5566239E+03   7.6000000E+02   0.0000000E+00   0.0000000E+00   0.0000000E+00
   1.5566314E+03   8.0600000E+02   0.0000000E+00   0.0000000E+00   0.0000000E+00
   1.5566389E+03   7.8500000E+02   0.0000000E+00   0.0000000E+00   0.0000000E+00
   1.5566465E+03   7.4000000E+02   0.0000000E+00   0.0000000E+00   0.0000000E+00
   1.5566540E+03   7.6400000E+02   0.0000000E+00   0.0000000E+00   0.0000000E+00
   1.5566615E+03   7.6500000E+02   0.0000000E+00   0.0000000E+00   0.0000000E+00
   1.5566691E+03   7.6500000E+02   0.0000000E+00   0.0000000E+00   0.0000000E+00
   1.5566766E+03   7.5300000E+02   0.0000000E+00   0.0000000E+00   0.0000000E+00
   1.5566841E+03   7.4900000E+02   0.0000000E+00   0.0000000E+00   0.0000000E+00
   1.5566916E+03   7.5200000E+02   0.0000000E+00   0.0000000E+00   0.0000000E+00
   1.5566992E+03   7.1200000E+02   0.0000000E+00   0.0000000E+00   0.0000000E+00
   1.5567067E+03   7.0200000E+02   0.0000000E+00   0.0000000E+00   0.0000000E+00
   1.5567142E+03   7.7600000E+02   0.0000000E+00   0.0000000E+00   0.0000000E+00
   1.5567218E+03   7.2700000E+02   0.0000000E+00   0.0000000E+00   0.0000000E+00
   1.5567293E+03   7.2900000E+02   0.0000000E+00   0.0000000E+00   0.0000000E+00
   1.5567368E+03   7.8200000E+02   0.0000000E+00   0.0000000E+00   0.0000000E+00
   1.5567443E+03   7.8700000E+02   0.0000000E+00   0.0000000E+00   0.0000000E+00
   1.5567519E+03   7.5100000E+02   0.0000000E+00   0.0000000E+00   0.0000000E+00
   1.5567594E+03   7.1400000E+02   0.0000000E+00   0.0000000E+00   0.0000000E+00
   1.5567669E+03   7.0500000E+02   0.0000000E+00   0.0000000E+00   0.0000000E+00
   1.5567745E+03   7.3300000E+02   0.0000000E+00   0.0000000E+00   0.0000000E+00
   1.5567820E+03   7.6100000E+02   0.0000000E+00   0.0000000E+00   0.0000000E+00
   1.5567895E+03   7.4500000E+02   0.0000000E+00   0.0000000E+00   0.0000000E+00
   1.5567970E+03   7.3100000E+02   0.0000000E+00   0.0000000E+00   0.0000000E+00
   1.5568046E+03   7.4700000E+02   0.0000000E+00   6.6470249E-04   0.0000000E+00
   1.5568121E+03   7.9100000E+02   0.0000000E+00   0.0000000E+00   0.0000000E+00
   1.5568196E+03   7.7100000E+02   0.0000000E+00   0.0000000E+00   0.0000000E+00
   1.5568272E+03   7.7400000E+02   0.0000000E+00   0.0000000E+00   0.0000000E+00
   1.5568347E+03   7.3300000E+02   0.0000000E+00   0.0000000E+00   0.0000000E+00
   1.5568422E+03   7.3300000E+02   0.0000000E+00   0.0000000E+00   0.0000000E+00
   1.5568497E+03   7.7900000E+02   0.0000000E+00   0.0000000E+00   0.0000000E+00
   1.5568573E+03   7.2400000E+02   0.0000000E+00   0.0000000E+00   0.0000000E+00
   1.5568648E+03   7.9200000E+02   0.0000000E+00   0.0000000E+00   0.0000000E+00
   1.5568723E+03   7.7600000E+02   0.0000000E+00   0.0000000E+00   0.0000000E+00
   1.5568799E+03   7.1900000E+02   0.0000000E+00   0.0000000E+00   0.0000000E+00
   1.5568874E+03   7.8200000E+02   0.0000000E+00   0.0000000E+00   0.0000000E+00
   1.5568949E+03   7.4900000E+02   0.0000000E+00   0.0000000E+00   0.0000000E+00
   1.5569024E+03   7.5400000E+02   0.0000000E+00   0.0000000E+00   0.0000000E+00
   1.5569100E+03   7.6400000E+02   0.0000000E+00   0.0000000E+00   0.0000000E+00
   1.5569175E+03   7.4100000E+02   0.0000000E+00   0.0000000E+00   0.0000000E+00
   1.5569250E+03   7.6800000E+02   0.0000000E+00   0.0000000E+00   0.0000000E+00
   1.5569325E+03   7.4900000E+02   0.0000000E+00   1.0133655E-03   0.0000000E+00
   1.5569401E+03   7.2900000E+02   0.0000000E+00   0.0000000E+00   0.0000000E+00
   1.5569476E+03   7.3900000E+02   0.0000000E+00   0.0000000E+00   0.0000000E+00
   1.5569551E+03   7.0600000E+02   0.0000000E+00   0.0000000E+00   0.0000000E+00
   1.5569627E+03   7.6200000E+02   0.0000000E+00   0.0000000E+00   0.0000000E+00
   1.5569702E+03   7.4500000E+02   0.0000000E+00   0.0000000E+00   0.0000000E+00
   1.5569777E+03   7.3500000E+02   0.0000000E+00   0.0000000E+00   0.0000000E+00
   1.5569852E+03   7.6100000E+02   0.0000000E+00   6.2549713E-05   0.0000000E+00
   1.5569928E+03   7.5700000E+02   0.0000000E+00   0.0000000E+00   0.0000000E+00
   1.5570003E+03   7.2600000E+02   0.0000000E+00   0.0000000E+00   0.0000000E+00
   1.5570078E+03   7.4900000E+02   0.0000000E+00   0.0000000E+00   0.0000000E+00
   1.5570154E+03   7.6000000E+02   0.0000000E+00   0.0000000E+00   0.0000000E+00
   1.5570229E+03   7.2900000E+02   0.0000000E+00   0.0000000E+00   0.0000000E+00
   1.5570304E+03   7.8200000E+02   0.0000000E+00   0.0000000E+00   0.0000000E+00
   1.5570379E+03   7.4200000E+02   0.0000000E+00   0.0000000E+00   0.0000000E+00
   1.5570455E+03   7.4900000E+02   0.0000000E+00   0.0000000E+00   0.0000000E+00
   1.5570530E+03   7.7700000E+02   0.0000000E+00   0.0000000E+00   0.0000000E+00
   1.5570605E+03   7.7600000E+02   0.0000000E+00   0.0000000E+00   0.0000000E+00
   1.5570681E+03   7.2500000E+02   0.0000000E+00   0.0000000E+00   0.0000000E+00
   1.5570756E+03   7.6300000E+02   0.0000000E+00   0.0000000E+00   0.0000000E+00
   1.5570831E+03   7.8400000E+02   0.0000000E+00   0.0000000E+00   0.0000000E+00
   1.5570906E+03   7.6900000E+02   0.0000000E+00   0.0000000E+00   0.0000000E+00
   1.5570982E+03   7.5000000E+02   0.0000000E+00   0.0000000E+00   0.0000000E+00
   1.5571057E+03   7.3500000E+02   0.0000000E+00   0.0000000E+00   0.0000000E+00
   1.5571132E+03   7.1700000E+02   0.0000000E+00   0.0000000E+00   0.0000000E+00
   1.5571208E+03   7.1300000E+02   0.0000000E+00   8.6820448E-04   0.0000000E+00
   1.5571283E+03   7.8500000E+02   0.0000000E+00   0.0000000E+00   0.0000000E+00
   1.5571358E+03   7.6200000E+02   0.0000000E+00   0.0000000E+00   0.0000000E+00
   1.5571433E+03   7.5900000E+02   0.0000000E+00   0.0000000E+00   0.0000000E+00
   1.5571509E+03   7.4700000E+02   0.0000000E+00   0.0000000E+00   0.0000000E+00
   1.5571584E+03   7.4100000E+02   0.0000000E+00   0.0000000E+00   0.0000000E+00
   1.5571659E+03   7.2400000E+02   0.0000000E+00   0.0000000E+00   0.0000000E+00
   1.5571735E+03   7.1700000E+02   0.0000000E+00   0.0000000E+00   0.0000000E+00
   1.5571810E+03   7.1400000E+02   0.0000000E+00   0.0000000E+00   0.0000000E+00
   1.5571885E+03   7.1300000E+02   0.0000000E+00   0.0000000E+00   0.0000000E+00
   1.5571960E+03   7.2100000E+02   0.0000000E+00   0.0000000E+00   0.0000000E+00
   1.5572036E+03   7.2000000E+02   0.0000000E+00   0.0000000E+00   0.0000000E+00
   1.5572111E+03   7.5900000E+02   0.0000000E+00   0.0000000E+00   0.0000000E+00
   1.5572186E+03   7.6600000E+02   0.0000000E+00   0.0000000E+00   0.0000000E+00
   1.5572262E+03   7.4900000E+02   0.0000000E+00   0.0000000E+00   0.0000000E+00
   1.5572337E+03   7.2900000E+02   0.0000000E+00   0.0000000E+00   0.0000000E+00
   1.5572412E+03   7.7100000E+02   0.0000000E+00   0.0000000E+00   0.0000000E+00
   1.5572487E+03   7.5800000E+02   0.0000000E+00   0.0000000E+00   0.0000000E+00
   1.5572563E+03   6.8200000E+02   0.0000000E+00   0.0000000E+00   0.0000000E+00
   1.5572638E+03   7.5300000E+02   0.0000000E+00   0.0000000E+00   0.0000000E+00
   1.5572713E+03   7.7000000E+02   0.0000000E+00   0.0000000E+00   0.0000000E+00
   1.5572789E+03   7.4800000E+02   0.0000000E+00   0.0000000E+00   0.0000000E+00
   1.5572864E+03   7.7200000E+02   0.0000000E+00   0.0000000E+00   0.0000000E+00
   1.5572939E+03   7.6700000E+02   0.0000000E+00   0.0000000E+00   0.0000000E+00
   1.5573014E+03   7.6200000E+02   0.0000000E+00   0.0000000E+00   0.0000000E+00
   1.5573090E+03   7.5900000E+02   0.0000000E+00   0.0000000E+00   0.0000000E+00
   1.5573165E+03   7.2100000E+02   0.0000000E+00   0.0000000E+00   0.0000000E+00
   1.5573240E+03   7.1700000E+02   0.0000000E+00   0.0000000E+00   0.0000000E+00
   1.5573316E+03   7.2000000E+02   0.0000000E+00   0.0000000E+00   0.0000000E+00
   1.5573391E+03   7.4600000E+02   0.0000000E+00   0.0000000E+00   0.0000000E+00
   1.5573466E+03   7.5700000E+02   0.0000000E+00   0.0000000E+00   0.0000000E+00
   1.5573541E+03   7.6900000E+02   0.0000000E+00   0.0000000E+00   0.0000000E+00
   1.5573617E+03   7.9800000E+02   0.0000000E+00   0.0000000E+00   0.0000000E+00
   1.5573692E+03   7.4900000E+02   0.0000000E+00   0.0000000E+00   0.0000000E+00
   1.5573767E+03   7.5000000E+02   0.0000000E+00   0.0000000E+00   0.0000000E+00
   1.5573842E+03   7.4700000E+02   0.0000000E+00   2.4692017E-04   0.0000000E+00
   1.5573918E+03   7.1000000E+02   0.0000000E+00   0.0000000E+00   0.0000000E+00
   1.5573993E+03   7.1500000E+02   0.0000000E+00   0.0000000E+00   0.0000000E+00
   1.5574068E+03   7.4600000E+02   0.0000000E+00   0.0000000E+00   0.0000000E+00
   1.5574144E+03   7.5400000E+02   0.0000000E+00   0.0000000E+00   0.0000000E+00
   1.5574219E+03   7.4900000E+02   0.0000000E+00   0.0000000E+00   0.0000000E+00
   1.5574294E+03   7.2600000E+02   0.0000000E+00   0.0000000E+00   0.0000000E+00
   1.5574369E+03   7.8300000E+02   0.0000000E+00   0.0000000E+00   0.0000000E+00
   1.5574445E+03   7.5600000E+02   0.0000000E+00   0.0000000E+00   0.0000000E+00
   1.5574520E+03   7.0100000E+02   0.0000000E+00   0.0000000E+00   0.0000000E+00
   1.5574595E+03   7.9200000E+02   0.0000000E+00   0.0000000E+00   0.0000000E+00
   1.5574671E+03   7.5100000E+02   0.0000000E+00   0.0000000E+00   0.0000000E+00
   1.5574746E+03   7.6800000E+02   0.0000000E+00   6.6129556E-04   0.0000000E+00
   1.5574821E+03   7.3900000E+02   0.0000000E+00   9.8458545E-04   0.0000000E+00
   1.5574896E+03   7.4900000E+02   0.0000000E+00   0.0000000E+00   0.0000000E+00
   1.5574972E+03   7.7000000E+02   1.0000000E+00   1.2321572E-03   9.4876101E-01
   1.5575047E+03   7.4400000E+02   0.0000000E+00   0.0000000E+00   0.0000000E+00
   1.5575122E+03   7.4800000E+02   0.0000000E+00   0.0000000E+00   0.0000000E+00
   1.5575198E+03   7.4300000E+02   0.0000000E+00   0.0000000E+00   0.0000000E+00
   1.5575273E+03   7.3000000E+02   0.0000000E+00   0.0000000E+00   0.0000000E+00
   1.5575348E+03   7.4900000E+02   0.0000000E+00   0.0000000E+00   0.0000000E+00
   1.5575423E+03   7.3700000E+02   0.0000000E+00   0.0000000E+00   0.0000000E+00
   1.5575499E+03   7.2400000E+02   0.0000000E+00   0.0000000E+00   0.0000000E+00
   1.5575574E+03   7.3300000E+02   0.0000000E+00   0.0000000E+00   0.0000000E+00
   1.5575649E+03   7.4200000E+02   0.0000000E+00   0.0000000E+00   0.0000000E+00
   1.5575725E+03   7.3900000E+02   0.0000000E+00   0.0000000E+00   0.0000000E+00
   1.5575800E+03   7.5900000E+02   0.0000000E+00   0.0000000E+00   0.0000000E+00
   1.5575875E+03   8.2000000E+02   0.0000000E+00   0.0000000E+00   0.0000000E+00
   1.5575950E+03   7.6400000E+02   0.0000000E+00   0.0000000E+00   0.0000000E+00
   1.5576026E+03   7.4400000E+02   0.0000000E+00   0.0000000E+00   0.0000000E+00
   1.5576101E+03   7.9000000E+02   0.0000000E+00   0.0000000E+00   0.0000000E+00
   1.5576176E+03   7.5000000E+02   0.0000000E+00   0.0000000E+00   0.0000000E+00
   1.5576252E+03   7.4000000E+02   0.0000000E+00   0.0000000E+00   0.0000000E+00
   1.5576327E+03   7.9400000E+02   0.0000000E+00   0.0000000E+00   0.0000000E+00
   1.5576402E+03   7.6100000E+02   0.0000000E+00   0.0000000E+00   0.0000000E+00
   1.5576477E+03   6.9300000E+02   0.0000000E+00   0.0000000E+00   0.0000000E+00
   1.5576553E+03   7.7800000E+02   0.0000000E+00   0.0000000E+00   0.0000000E+00
   1.5576628E+03   7.8400000E+02   0.0000000E+00   0.0000000E+00   0.0000000E+00
   1.5576703E+03   7.2100000E+02   0.0000000E+00   0.0000000E+00   0.0000000E+00
   1.5576779E+03   8.0300000E+02   0.0000000E+00   0.0000000E+00   0.0000000E+00
   1.5576854E+03   7.2600000E+02   0.0000000E+00   0.0000000E+00   0.0000000E+00
   1.5576929E+03   7.3400000E+02   0.0000000E+00   0.0000000E+00   0.0000000E+00
   1.5577004E+03   7.4900000E+02   0.0000000E+00   0.0000000E+00   0.0000000E+00
   1.5577080E+03   6.8600000E+02   0.0000000E+00   0.0000000E+00   0.0000000E+00
   1.5577155E+03   7.4100000E+02   0.0000000E+00   0.0000000E+00   0.0000000E+00
   1.5577230E+03   7.8200000E+02   0.0000000E+00   0.0000000E+00   0.0000000E+00
   1.5577306E+03   7.8600000E+02   0.0000000E+00   0.0000000E+00   0.0000000E+00
   1.5577381E+03   7.3300000E+02   0.0000000E+00   7.6444690E-04   0.0000000E+00
   1.5577456E+03   7.1700000E+02   0.0000000E+00   0.0000000E+00   0.0000000E+00
   1.5577531E+03   7.3500000E+02   0.0000000E+00   0.0000000E+00   0.0000000E+00
   1.5577607E+03   7.5900000E+02   0.0000000E+00   0.0000000E+00   0.0000000E+00
   1.5577682E+03   7.4000000E+02   0.0000000E+00   0.0000000E+00   0.0000000E+00
   1.5577757E+03   7.5000000E+02   0.0000000E+00   0.0000000E+00   0.0000000E+00
   1.5577833E+03   7.1300000E+02   0.0000000E+00   0.0000000E+00   0.0000000E+00
   1.5577908E+03   7.3900000E+02   0.0000000E+00   0.0000000E+00   0.0000000E+00
   1.5577983E+03   7.8800000E+02   0.0000000E+00   0.0000000E+00   0.0000000E+00
   1.5578058E+03   7.3000000E+02   0.0000000E+00   1.3036653E-03   0.0000000E+00
   1.5578134E+03   7.5000000E+02   0.0000000E+00   0.0000000E+00   0.0000000E+00
   1.5578209E+03   7.3000000E+02   0.0000000E+00   0.0000000E+00   0.0000000E+00
   1.5578284E+03   7.5600000E+02   0.0000000E+00   0.0000000E+00   0.0000000E+00
   1.5578359E+03   6.9900000E+02   0.0000000E+00   0.0000000E+00   0.0000000E+00
   1.5578435E+03   7.5600000E+02   0.0000000E+00   0.0000000E+00   0.0000000E+00
   1.5578510E+03   7.1500000E+02   0.0000000E+00   0.0000000E+00   0.0000000E+00
   1.5578585E+03   7.4300000E+02   0.0000000E+00   0.0000000E+00   0.0000000E+00
   1.5578661E+03   7.9400000E+02   0.0000000E+00   7.7134144E-04   0.0000000E+00
   1.5578736E+03   7.2400000E+02   0.0000000E+00   0.0000000E+00   0.0000000E+00
   1.5578811E+03   7.1000000E+02   0.0000000E+00   0.0000000E+00   0.0000000E+00
   1.5578886E+03   7.3500000E+02   0.0000000E+00   0.0000000E+00   0.0000000E+00
   1.5578962E+03   7.1400000E+02   0.0000000E+00   0.0000000E+00   0.0000000E+00
   1.5579037E+03   7.6800000E+02   0.0000000E+00   0.0000000E+00   0.0000000E+00
   1.5579112E+03   7.3400000E+02   0.0000000E+00   0.0000000E+00   0.0000000E+00
   1.5579188E+03   7.3600000E+02   0.0000000E+00   0.0000000E+00   0.0000000E+00
   1.5579263E+03   7.5800000E+02   0.0000000E+00   0.0000000E+00   0.0000000E+00
   1.5579338E+03   7.0900000E+02   0.0000000E+00   0.0000000E+00   0.0000000E+00
   1.5579413E+03   8.0600000E+02   0.0000000E+00   0.0000000E+00   0.0000000E+00
   1.5579489E+03   7.4200000E+02   0.0000000E+00   0.0000000E+00   0.0000000E+00
   1.5579564E+03   7.9600000E+02   0.0000000E+00   0.0000000E+00   0.0000000E+00
   1.5579639E+03   7.3400000E+02   0.0000000E+00   0.0000000E+00   0.0000000E+00
   1.5579715E+03   7.7700000E+02   0.0000000E+00   0.0000000E+00   0.0000000E+00
   1.5579790E+03   7.2800000E+02   0.0000000E+00   0.0000000E+00   0.0000000E+00
   1.5579865E+03   7.6800000E+02   0.0000000E+00   0.0000000E+00   0.0000000E+00
   1.5579940E+03   7.7900000E+02   0.0000000E+00   0.0000000E+00   0.0000000E+00
   1.5580016E+03   7.7100000E+02   0.0000000E+00   0.0000000E+00   0.0000000E+00
   1.5580091E+03   7.0600000E+02   0.0000000E+00   0.0000000E+00   0.0000000E+00
   1.5580166E+03   7.5400000E+02   0.0000000E+00   0.0000000E+00   0.0000000E+00
   1.5580242E+03   7.3400000E+02   0.0000000E+00   0.0000000E+00   0.0000000E+00
   1.5580317E+03   7.8600000E+02   0.0000000E+00   0.0000000E+00   0.0000000E+00
   1.5580392E+03   6.9600000E+02   0.0000000E+00   0.0000000E+00   0.0000000E+00
   1.5580467E+03   7.5500000E+02   0.0000000E+00   0.0000000E+00   0.0000000E+00
   1.5580543E+03   7.3900000E+02   0.0000000E+00   0.0000000E+00   0.0000000E+00
   1.5580618E+03   7.4500000E+02   0.0000000E+00   0.0000000E+00   0.0000000E+00
   1.5580693E+03   7.6200000E+02   0.0000000E+00   0.0000000E+00   0.0000000E+00
   1.5580769E+03   7.7200000E+02   0.0000000E+00   0.0000000E+00   0.0000000E+00
   1.5580844E+03   7.7500000E+02   0.0000000E+00   0.0000000E+00   0.0000000E+00
   1.5580919E+03   7.5000000E+02   0.0000000E+00   0.0000000E+00   0.0000000E+00
   1.5580994E+03   7.3700000E+02   0.0000000E+00   0.0000000E+00   0.0000000E+00
   1.5581070E+03   8.3100000E+02   0.0000000E+00   0.0000000E+00   0.0000000E+00
   1.5581145E+03   8.1500000E+02   0.0000000E+00   0.0000000E+00   0.0000000E+00
   1.5581220E+03   7.8300000E+02   0.0000000E+00   0.0000000E+00   0.0000000E+00
   1.5581296E+03   7.6100000E+02   0.0000000E+00   0.0000000E+00   0.0000000E+00
   1.5581371E+03   7.6600000E+02   0.0000000E+00   0.0000000E+00   0.0000000E+00
   1.5581446E+03   7.6600000E+02   0.0000000E+00   0.0000000E+00   0.0000000E+00
   1.5581521E+03   7.8600000E+02   0.0000000E+00   0.0000000E+00   0.0000000E+00
   1.5581597E+03   8.0400000E+02   0.0000000E+00   0.0000000E+00   0.0000000E+00
   1.5581672E+03   7.3600000E+02   0.0000000E+00   0.0000000E+00   0.0000000E+00
   1.5581747E+03   7.7100000E+02   0.0000000E+00   0.0000000E+00   0.0000000E+00
   1.5581823E+03   7.2600000E+02   0.0000000E+00   0.0000000E+00   0.0000000E+00
   1.5581898E+03   7.4100000E+02   0.0000000E+00   0.0000000E+00   0.0000000E+00
   1.5581973E+03   7.3200000E+02   0.0000000E+00   0.0000000E+00   0.0000000E+00
   1.5582048E+03   7.6700000E+02   0.0000000E+00   0.0000000E+00   0.0000000E+00
   1.5582124E+03   7.4000000E+02   0.0000000E+00   0.0000000E+00   0.0000000E+00
   1.5582199E+03   7.2200000E+02   0.0000000E+00   0.0000000E+00   0.0000000E+00
   1.5582274E+03   7.1000000E+02   0.0000000E+00   0.0000000E+00   0.0000000E+00
   1.5582350E+03   7.9200000E+02   0.0000000E+00   0.0000000E+00   0.0000000E+00
   1.5582425E+03   7.8800000E+02   0.0000000E+00   0.0000000E+00   0.0000000E+00
   1.5582500E+03   7.4700000E+02   0.0000000E+00   0.0000000E+00   0.0000000E+00
   1.5582575E+03   7.8300000E+02   0.0000000E+00   0.0000000E+00   0.0000000E+00
   1.5582651E+03   7.1200000E+02   0.0000000E+00   0.0000000E+00   0.0000000E+00
   1.5582726E+03   7.7800000E+02   0.0000000E+00   0.0000000E+00   0.0000000E+00
   1.5582801E+03   7.6000000E+02   0.0000000E+00   0.0000000E+00   0.0000000E+00
   1.5582876E+03   6.8400000E+02   1.0000000E+00   1.1613356E-03   7.9435354E-01
   1.5582952E+03   7.3200000E+02   0.0000000E+00   0.0000000E+00   0.0000000E+00
   1.5583027E+03   7.0000000E+02   0.0000000E+00   0.0000000E+00   0.0000000E+00
   1.5583102E+03   8.0200000E+02   0.0000000E+00   0.0000000E+00   0.0000000E+00
   1.5583178E+03   7.6600000E+02   0.0000000E+00   0.0000000E+00   0.0000000E+00
   1.5583253E+03   7.6800000E+02   0.0000000E+00   0.0000000E+00   0.0000000E+00
   1.5583328E+03   7.2000000E+02   0.0000000E+00   0.0000000E+00   0.0000000E+00
   1.5583403E+03   7.3200000E+02   0.0000000E+00   0.0000000E+00   0.0000000E+00
   1.5583479E+03   7.2900000E+02   0.0000000E+00   0.0000000E+00   0.0000000E+00
   1.5583554E+03   7.2400000E+02   0.0000000E+00   0.0000000E+00   0.0000000E+00
   1.5583629E+03   7.5000000E+02   0.0000000E+00   0.0000000E+00   0.0000000E+00
   1.5583705E+03   7.1400000E+02   0.0000000E+00   0.0000000E+00   0.0000000E+00
   1.5583780E+03   7.7100000E+02   0.0000000E+00   0.0000000E+00   0.0000000E+00
   1.5583855E+03   7.5600000E+02   0.0000000E+00   0.0000000E+00   0.0000000E+00
   1.5583930E+03   7.5800000E+02   0.0000000E+00   0.0000000E+00   0.0000000E+00
   1.5584006E+03   7.4900000E+02   0.0000000E+00   0.0000000E+00   0.0000000E+00
   1.5584081E+03   6.9800000E+02   0.0000000E+00   0.0000000E+00   0.0000000E+00
   1.5584156E+03   7.6600000E+02   0.0000000E+00   0.0000000E+00   0.0000000E+00
   1.5584232E+03   7.8900000E+02   0.0000000E+00   5.8420814E-04   0.0000000E+00
   1.5584307E+03   7.1900000E+02   0.0000000E+00   0.0000000E+00   0.0000000E+00
   1.5584382E+03   7.1200000E+02   0.0000000E+00   0.0000000E+00   0.0000000E+00
   1.5584457E+03   7.5700000E+02   0.0000000E+00   0.0000000E+00   0.0000000E+00
   1.5584533E+03   7.1000000E+02   0.0000000E+00   0.0000000E+00   0.0000000E+00
   1.5584608E+03   7.3600000E+02   0.0000000E+00   0.0000000E+00   0.0000000E+00
   1.5584683E+03   7.6200000E+02   0.0000000E+00   0.0000000E+00   0.0000000E+00
   1.5584759E+03   7.4600000E+02   0.0000000E+00   0.0000000E+00   0.0000000E+00
   1.5584834E+03   7.4800000E+02   0.0000000E+00   0.0000000E+00   0.0000000E+00
   1.5584909E+03   7.5900000E+02   0.0000000E+00   0.0000000E+00   0.0000000E+00
   1.5584984E+03   7.6300000E+02   0.0000000E+00   0.0000000E+00   0.0000000E+00
   1.5585060E+03   7.3900000E+02   0.0000000E+00   0.0000000E+00   0.0000000E+00
   1.5585135E+03   8.4400000E+02   0.0000000E+00   0.0000000E+00   0.0000000E+00
   1.5585210E+03   7.2700000E+02   0.0000000E+00   0.0000000E+00   0.0000000E+00
   1.5585286E+03   7.4400000E+02   0.0000000E+00   0.0000000E+00   0.0000000E+00
   1.5585361E+03   6.8700000E+02   0.0000000E+00   0.0000000E+00   0.0000000E+00
   1.5585436E+03   7.2400000E+02   0.0000000E+00   0.0000000E+00   0.0000000E+00
   1.5585511E+03   7.4800000E+02   0.0000000E+00   0.0000000E+00   0.0000000E+00
   1.5585587E+03   7.7400000E+02   0.0000000E+00   0.0000000E+00   0.0000000E+00
   1.5585662E+03   7.7600000E+02   1.0000000E+00   1.0896564E-03   8.4557338E-01
   1.5585737E+03   7.7300000E+02   0.0000000E+00   0.0000000E+00   0.0000000E+00
   1.5585813E+03   7.3400000E+02   0.0000000E+00   0.0000000E+00   0.0000000E+00
   1.5585888E+03   7.5900000E+02   0.0000000E+00   0.0000000E+00   0.0000000E+00
   1.5585963E+03   7.3900000E+02   0.0000000E+00   0.0000000E+00   0.0000000E+00
   1.5586038E+03   7.5700000E+02   0.0000000E+00   0.0000000E+00   0.0000000E+00
   1.5586114E+03   8.0000000E+02   0.0000000E+00   0.0000000E+00   0.0000000E+00
   1.5586189E+03   7.6900000E+02   0.0000000E+00   0.0000000E+00   0.0000000E+00
   1.5586264E+03   7.7800000E+02   0.0000000E+00   0.0000000E+00   0.0000000E+00
   1.5586340E+03   7.5600000E+02   0.0000000E+00   0.0000000E+00   0.0000000E+00
   1.5586415E+03   7.2900000E+02   0.0000000E+00   0.0000000E+00   0.0000000E+00
   1.5586490E+03   7.7700000E+02   0.0000000E+00   0.0000000E+00   0.0000000E+00
   1.5586565E+03   7.3300000E+02   0.0000000E+00   0.0000000E+00   0.0000000E+00
   1.5586641E+03   7.1300000E+02   0.0000000E+00   0.0000000E+00   0.0000000E+00
   1.5586716E+03   7.2700000E+02   0.0000000E+00   0.0000000E+00   0.0000000E+00
   1.5586791E+03   8.0900000E+02   0.0000000E+00   4.2689867E-04   0.0000000E+00
   1.5586867E+03   7.6800000E+02   0.0000000E+00   0.0000000E+00   0.0000000E+00
   1.5586942E+03   7.6600000E+02   0.0000000E+00   0.0000000E+00   0.0000000E+00
   1.5587017E+03   7.3500000E+02   0.0000000E+00   0.0000000E+00   0.0000000E+00
   1.5587092E+03   7.5900000E+02   0.0000000E+00   0.0000000E+00   0.0000000E+00
   1.5587168E+03   7.3400000E+02   1.0000000E+00   8.3584348E-04   6.1350912E-01
   1.5587243E+03   7.7900000E+02   0.0000000E+00   0.0000000E+00   0.0000000E+00
   1.5587318E+03   7.7100000E+02   0.0000000E+00   0.0000000E+00   0.0000000E+00
   1.5587393E+03   7.7600000E+02   0.0000000E+00   0.0000000E+00   0.0000000E+00
   1.5587469E+03   7.1800000E+02   0.0000000E+00   0.0000000E+00   0.0000000E+00
   1.5587544E+03   7.7300000E+02   0.0000000E+00   0.0000000E+00   0.0000000E+00
   1.5587619E+03   7.6400000E+02   0.0000000E+00   0.0000000E+00   0.0000000E+00
   1.5587695E+03   7.7000000E+02   0.0000000E+00   0.0000000E+00   0.0000000E+00
   1.5587770E+03   7.7800000E+02   0.0000000E+00   0.0000000E+00   0.0000000E+00
   1.5587845E+03   7.5600000E+02   0.0000000E+00   0.0000000E+00   0.0000000E+00
   1.5587920E+03   7.3900000E+02   0.0000000E+00   5.7907848E-04   0.0000000E+00
   1.5587996E+03   7.8400000E+02   0.0000000E+00   0.0000000E+00   0.0000000E+00
   1.5588071E+03   7.5500000E+02   0.0000000E+00   0.0000000E+00   0.0000000E+00
   1.5588146E+03   7.9900000E+02   0.0000000E+00   0.0000000E+00   0.0000000E+00
   1.5588222E+03   7.1200000E+02   0.0000000E+00   0.0000000E+00   0.0000000E+00
   1.5588297E+03   7.4500000E+02   0.0000000E+00   0.0000000E+00   0.0000000E+00
   1.5588372E+03   7.3600000E+02   0.0000000E+00   0.0000000E+00   0.0000000E+00
   1.5588447E+03   7.7500000E+02   0.0000000E+00   0.0000000E+00   0.0000000E+00
   1.5588523E+03   7.3600000E+02   0.0000000E+00   0.0000000E+00   0.0000000E+00
   1.5588598E+03   7.1200000E+02   0.0000000E+00   0.0000000E+00   0.0000000E+00
   1.5588673E+03   7.7500000E+02   0.0000000E+00   0.0000000E+00   0.0000000E+00
   1.5588749E+03   7.4300000E+02   0.0000000E+00   0.0000000E+00   0.0000000E+00
   1.5588824E+03   7.6100000E+02   0.0000000E+00   5.2486588E-04   0.0000000E+00
   1.5588899E+03   7.7500000E+02   0.0000000E+00   0.0000000E+00   0.0000000E+00
   1.5588974E+03   7.4900000E+02   0.0000000E+00   0.0000000E+00   0.0000000E+00
   1.5589050E+03   7.5200000E+02   0.0000000E+00   0.0000000E+00   0.0000000E+00
   1.5589125E+03   7.2300000E+02   0.0000000E+00   0.0000000E+00   0.0000000E+00
   1.5589200E+03   7.0400000E+02   0.0000000E+00   0.0000000E+00   0.0000000E+00
   1.5589276E+03   7.7100000E+02   0.0000000E+00   0.0000000E+00   0.0000000E+00
   1.5589351E+03   7.9200000E+02   0.0000000E+00   0.0000000E+00   0.0000000E+00
   1.5589426E+03   7.8900000E+02   0.0000000E+00   0.0000000E+00   0.0000000E+00
   1.5589501E+03   7.8100000E+02   0.0000000E+00   0.0000000E+00   0.0000000E+00
   1.5589577E+03   7.6500000E+02   0.0000000E+00   0.0000000E+00   0.0000000E+00
   1.5589652E+03   7.3400000E+02   0.0000000E+00   0.0000000E+00   0.0000000E+00
   1.5589727E+03   7.6600000E+02   0.0000000E+00   0.0000000E+00   0.0000000E+00
   1.5589803E+03   7.0800000E+02   0.0000000E+00   0.0000000E+00   0.0000000E+00
   1.5589878E+03   7.7700000E+02   0.0000000E+00   0.0000000E+00   0.0000000E+00
   1.5589953E+03   6.8600000E+02   0.0000000E+00   0.0000000E+00   0.0000000E+00
   1.5590028E+03   7.7100000E+02   0.0000000E+00   0.0000000E+00   0.0000000E+00
   1.5590104E+03   7.6100000E+02   0.0000000E+00   0.0000000E+00   0.0000000E+00
   1.5590179E+03   7.7900000E+02   0.0000000E+00   0.0000000E+00   0.0000000E+00
   1.5590254E+03   7.1600000E+02   0.0000000E+00   0.0000000E+00   0.0000000E+00
   1.5590330E+03   7.9800000E+02   0.0000000E+00   0.0000000E+00   0.0000000E+00
   1.5590405E+03   7.9100000E+02   0.0000000E+00   0.0000000E+00   0.0000000E+00
   1.5590480E+03   7.9700000E+02   0.0000000E+00   0.0000000E+00   0.0000000E+00
   1.5590555E+03   7.4200000E+02   0.0000000E+00   0.0000000E+00   0.0000000E+00
   1.5590631E+03   7.3000000E+02   0.0000000E+00   0.0000000E+00   0.0000000E+00
   1.5590706E+03   7.7800000E+02   0.0000000E+00   0.0000000E+00   0.0000000E+00
   1.5590781E+03   7.3400000E+02   0.0000000E+00   0.0000000E+00   0.0000000E+00
   1.5590857E+03   7.9400000E+02   0.0000000E+00   0.0000000E+00   0.0000000E+00
   1.5590932E+03   7.4800000E+02   0.0000000E+00   0.0000000E+00   0.0000000E+00
   1.5591007E+03   7.8400000E+02   0.0000000E+00   0.0000000E+00   0.0000000E+00
   1.5591082E+03   7.3200000E+02   0.0000000E+00   0.0000000E+00   0.0000000E+00
   1.5591158E+03   7.1100000E+02   0.0000000E+00   0.0000000E+00   0.0000000E+00
   1.5591233E+03   7.5600000E+02   0.0000000E+00   1.1832829E-03   0.0000000E+00
   1.5591308E+03   7.9500000E+02   0.0000000E+00   0.0000000E+00   0.0000000E+00
   1.5591384E+03   7.5900000E+02   0.0000000E+00   0.0000000E+00   0.0000000E+00
   1.5591459E+03   7.7300000E+02   0.0000000E+00   0.0000000E+00   0.0000000E+00
   1.5591534E+03   7.1100000E+02   0.0000000E+00   0.0000000E+00   0.0000000E+00
   1.5591609E+03   7.5400000E+02   0.0000000E+00   0.0000000E+00   0.0000000E+00
   1.5591685E+03   7.3800000E+02   0.0000000E+00   0.0000000E+00   0.0000000E+00
   1.5591760E+03   7.3000000E+02   0.0000000E+00   0.0000000E+00   0.0000000E+00
   1.5591835E+03   7.7600000E+02   0.0000000E+00   0.0000000E+00   0.0000000E+00
   1.5591910E+03   7.4700000E+02   0.0000000E+00   0.0000000E+00   0.0000000E+00
   1.5591986E+03   7.6200000E+02   0.0000000E+00   0.0000000E+00   0.0000000E+00
   1.5592061E+03   7.5500000E+02   0.0000000E+00   1.6428515E-04   0.0000000E+00
   1.5592136E+03   7.3800000E+02   0.0000000E+00   0.0000000E+00   0.0000000E+00
   1.5592212E+03   7.4100000E+02   0.0000000E+00   0.0000000E+00   0.0000000E+00
   1.5592287E+03   7.2900000E+02   0.0000000E+00   0.0000000E+00   0.0000000E+00
   1.5592362E+03   7.1400000E+02   0.0000000E+00   0.0000000E+00   0.0000000E+00
   1.5592437E+03   7.6200000E+02   0.0000000E+00   0.0000000E+00   0.0000000E+00
   1.5592513E+03   7.4900000E+02   0.0000000E+00   0.0000000E+00   0.0000000E+00
   1.5592588E+03   7.2200000E+02   0.0000000E+00   0.0000000E+00   0.0000000E+00
   1.5592663E+03   7.4300000E+02   0.0000000E+00   0.0000000E+00   0.0000000E+00
   1.5592739E+03   7.7900000E+02   0.0000000E+00   0.0000000E+00   0.0000000E+00
   1.5592814E+03   7.0400000E+02   0.0000000E+00   0.0000000E+00   0.0000000E+00
   1.5592889E+03   7.6200000E+02   0.0000000E+00   0.0000000E+00   0.0000000E+00
   1.5592964E+03   7.1600000E+02   0.0000000E+00   0.0000000E+00   0.0000000E+00
   1.5593040E+03   7.6400000E+02   0.0000000E+00   0.0000000E+00   0.0000000E+00
   1.5593115E+03   7.3100000E+02   0.0000000E+00   0.0000000E+00   0.0000000E+00
   1.5593190E+03   7.7700000E+02   0.0000000E+00   0.0000000E+00   0.0000000E+00
   1.5593266E+03   7.7700000E+02   0.0000000E+00   0.0000000E+00   0.0000000E+00
   1.5593341E+03   7.8400000E+02   0.0000000E+00   0.0000000E+00   0.0000000E+00
   1.5593416E+03   6.9500000E+02   0.0000000E+00   0.0000000E+00   0.0000000E+00
   1.5593491E+03   7.0500000E+02   0.0000000E+00   0.0000000E+00   0.0000000E+00
   1.5593567E+03   7.5800000E+02   0.0000000E+00   0.0000000E+00   0.0000000E+00
   1.5593642E+03   7.8200000E+02   0.0000000E+00   0.0000000E+00   0.0000000E+00
   1.5593717E+03   7.0800000E+02   0.0000000E+00   0.0000000E+00   0.0000000E+00
   1.5593793E+03   7.2300000E+02   1.0000000E+00   1.3370254E-03   9.6666937E-01
   1.5593868E+03   6.7300000E+02   0.0000000E+00   0.0000000E+00   0.0000000E+00
   1.5593943E+03   7.5500000E+02   0.0000000E+00   0.0000000E+00   0.0000000E+00
   1.5594018E+03   7.3700000E+02   0.0000000E+00   0.0000000E+00   0.0000000E+00
   1.5594094E+03   7.3500000E+02   0.0000000E+00   0.0000000E+00   0.0000000E+00
   1.5594169E+03   7.4100000E+02   0.0000000E+00   4.2730395E-05   0.0000000E+00
   1.5594244E+03   7.3700000E+02   0.0000000E+00   0.0000000E+00   0.0000000E+00
   1.5594320E+03   7.6000000E+02   0.0000000E+00   0.0000000E+00   0.0000000E+00
   1.5594395E+03   7.4400000E+02   0.0000000E+00   0.0000000E+00   0.0000000E+00
   1.5594470E+03   7.7800000E+02   0.0000000E+00   0.0000000E+00   0.0000000E+00
   1.5594545E+03   7.2100000E+02   0.0000000E+00   0.0000000E+00   0.0000000E+00
   1.5594621E+03   7.2900000E+02   0.0000000E+00   0.0000000E+00   0.0000000E+00
   1.5594696E+03   7.8600000E+02   0.0000000E+00   0.0000000E+00   0.0000000E+00
   1.5594771E+03   7.7000000E+02   0.0000000E+00   0.0000000E+00   0.0000000E+00
   1.5594847E+03   8.1800000E+02   0.0000000E+00   0.0000000E+00   0.0000000E+00
   1.5594922E+03   7.4800000E+02   0.0000000E+00   0.0000000E+00   0.0000000E+00
   1.5594997E+03   7.5300000E+02   0.0000000E+00   1.8396368E-08   0.0000000E+00
   1.5595072E+03   7.2300000E+02   0.0000000E+00   0.0000000E+00   0.0000000E+00
   1.5595148E+03   7.2000000E+02   0.0000000E+00   0.0000000E+00   0.0000000E+00
   1.5595223E+03   6.8200000E+02   0.0000000E+00   0.0000000E+00   0.0000000E+00
   1.5595298E+03   7.8800000E+02   0.0000000E+00   0.0000000E+00   0.0000000E+00
   1.5595374E+03   7.6600000E+02   0.0000000E+00   0.0000000E+00   0.0000000E+00
   1.5595449E+03   7.4000000E+02   0.0000000E+00   0.0000000E+00   0.0000000E+00
   1.5595524E+03   7.5000000E+02   0.0000000E+00   0.0000000E+00   0.0000000E+00
   1.5595599E+03   7.4300000E+02   0.0000000E+00   0.0000000E+00   0.0000000E+00
   1.5595675E+03   7.7800000E+02   0.0000000E+00   0.0000000E+00   0.0000000E+00
   1.5595750E+03   7.3000000E+02   0.0000000E+00   0.0000000E+00   0.0000000E+00
   1.5595825E+03   7.2200000E+02   0.0000000E+00   0.0000000E+00   0.0000000E+00
   1.5595901E+03   7.4800000E+02   0.0000000E+00   0.0000000E+00   0.0000000E+00
   1.5595976E+03   7.6500000E+02   0.0000000E+00   0.0000000E+00   0.0000000E+00
   1.5596051E+03   8.3500000E+02   0.0000000E+00   0.0000000E+00   0.0000000E+00
   1.5596126E+03   7.7800000E+02   0.0000000E+00   0.0000000E+00   0.0000000E+00
   1.5596202E+03   7.3600000E+02   0.0000000E+00   0.0000000E+00   0.0000000E+00
   1.5596277E+03   7.2200000E+02   0.0000000E+00   0.0000000E+00   0.0000000E+00
   1.5596352E+03   7.8000000E+02   0.0000000E+00   0.0000000E+00   0.0000000E+00
   1.5596427E+03   7.6500000E+02   0.0000000E+00   0.0000000E+00   0.0000000E+00
   1.5596503E+03   7.7200000E+02   0.0000000E+00   0.0000000E+00   0.0000000E+00
   1.5596578E+03   7.7100000E+02   0.0000000E+00   0.0000000E+00   0.0000000E+00
   1.5596653E+03   7.0700000E+02   0.0000000E+00   0.0000000E+00   0.0000000E+00
   1.5596729E+03   7.1100000E+02   0.0000000E+00   0.0000000E+00   0.0000000E+00
   1.5596804E+03   7.5400000E+02   0.0000000E+00   0.0000000E+00   0.0000000E+00
   1.5596879E+03   7.6600000E+02   0.0000000E+00   0.0000000E+00   0.0000000E+00
   1.5596954E+03   7.7700000E+02   0.0000000E+00   0.0000000E+00   0.0000000E+00
   1.5597030E+03   7.1700000E+02   0.0000000E+00   0.0000000E+00   0.0000000E+00
   1.5597105E+03   7.9500000E+02   0.0000000E+00   0.0000000E+00   0.0000000E+00
   1.5597180E+03   7.6000000E+02   0.0000000E+00   0.0000000E+00   0.0000000E+00
   1.5597256E+03   7.5300000E+02   0.0000000E+00   0.0000000E+00   0.0000000E+00
   1.5597331E+03   7.1100000E+02   0.0000000E+00   0.0000000E+00   0.0000000E+00
   1.5597406E+03   7.4900000E+02   0.0000000E+00   0.0000000E+00   0.0000000E+00
   1.5597481E+03   7.4900000E+02   0.0000000E+00   0.0000000E+00   0.0000000E+00
   1.5597557E+03   7.5200000E+02   0.0000000E+00   0.0000000E+00   0.0000000E+00
   1.5597632E+03   7.6000000E+02   0.0000000E+00   0.0000000E+00   0.0000000E+00
   1.5597707E+03   7.1600000E+02   0.0000000E+00   0.0000000E+00   0.0000000E+00
   1.5597783E+03   7.7500000E+02   0.0000000E+00   0.0000000E+00   0.0000000E+00
   1.5597858E+03   7.3300000E+02   0.0000000E+00   0.0000000E+00   0.0000000E+00
   1.5597933E+03   7.3900000E+02   0.0000000E+00   0.0000000E+00   0.0000000E+00
   1.5598008E+03   7.5400000E+02   0.0000000E+00   0.0000000E+00   0.0000000E+00
   1.5598084E+03   7.5000000E+02   0.0000000E+00   0.0000000E+00   0.0000000E+00
   1.5598159E+03   7.5000000E+02   0.0000000E+00   0.0000000E+00   0.0000000E+00
   1.5598234E+03   7.0800000E+02   0.0000000E+00   0.0000000E+00   0.0000000E+00
   1.5598310E+03   7.4100000E+02   0.0000000E+00   0.0000000E+00   0.0000000E+00
   1.5598385E+03   7.6900000E+02   0.0000000E+00   0.0000000E+00   0.0000000E+00
   1.5598460E+03   7.4500000E+02   0.0000000E+00   0.0000000E+00   0.0000000E+00
   1.5598535E+03   7.4400000E+02   0.0000000E+00   0.0000000E+00   0.0000000E+00
   1.5598611E+03   7.8700000E+02   0.0000000E+00   0.0000000E+00   0.0000000E+00
   1.5598686E+03   7.3000000E+02   0.0000000E+00   0.0000000E+00   0.0000000E+00
   1.5598761E+03   6.9500000E+02   0.0000000E+00   0.0000000E+00   0.0000000E+00
   1.5598837E+03   8.0100000E+02   0.0000000E+00   9.2319585E-05   0.0000000E+00
   1.5598912E+03   7.7300000E+02   0.0000000E+00   0.0000000E+00   0.0000000E+00
   1.5598987E+03   7.8100000E+02   0.0000000E+00   0.0000000E+00   0.0000000E+00
   1.5599062E+03   7.3800000E+02   0.0000000E+00   0.0000000E+00   0.0000000E+00
   1.5599138E+03   7.8200000E+02   0.0000000E+00   0.0000000E+00   0.0000000E+00
   1.5599213E+03   7.4000000E+02   0.0000000E+00   0.0000000E+00   0.0000000E+00
   1.5599288E+03   7.7500000E+02   0.0000000E+00   0.0000000E+00   0.0000000E+00
   1.5599364E+03   7.4700000E+02   0.0000000E+00   0.0000000E+00   0.0000000E+00
   1.5599439E+03   7.4500000E+02   0.0000000E+00   0.0000000E+00   0.0000000E+00
   1.5599514E+03   7.8400000E+02   0.0000000E+00   0.0000000E+00   0.0000000E+00
   1.5599589E+03   7.6400000E+02   0.0000000E+00   0.0000000E+00   0.0000000E+00
   1.5599665E+03   7.2900000E+02   0.0000000E+00   0.0000000E+00   0.0000000E+00
   1.5599740E+03   7.6200000E+02   0.0000000E+00   4.1088447E-04   0.0000000E+00
   1.5599815E+03   8.2600000E+02   0.0000000E+00   0.0000000E+00   0.0000000E+00
   1.5599891E+03   7.2600000E+02   0.0000000E+00   0.0000000E+00   0.0000000E+00
   1.5599966E+03   7.6900000E+02   0.0000000E+00   0.0000000E+00   0.0000000E+00
   1.5600041E+03   7.3900000E+02   0.0000000E+00   0.0000000E+00   0.0000000E+00
   1.5600116E+03   7.4500000E+02   0.0000000E+00   0.0000000E+00   0.0000000E+00
   1.5600192E+03   7.4800000E+02   0.0000000E+00   0.0000000E+00   0.0000000E+00
   1.5600267E+03   7.2300000E+02   0.0000000E+00   0.0000000E+00   0.0000000E+00
   1.5600342E+03   7.6900000E+02   0.0000000E+00   0.0000000E+00   0.0000000E+00
   1.5600418E+03   7.4100000E+02   0.0000000E+00   6.2769306E-04   0.0000000E+00
   1.5600493E+03   7.7900000E+02   0.0000000E+00   0.0000000E+00   0.0000000E+00
   1.5600568E+03   7.5300000E+02   0.0000000E+00   0.0000000E+00   0.0000000E+00
   1.5600643E+03   7.5200000E+02   0.0000000E+00   0.0000000E+00   0.0000000E+00
   1.5600719E+03   7.3300000E+02   0.0000000E+00   0.0000000E+00   0.0000000E+00
   1.5600794E+03   7.3700000E+02   0.0000000E+00   0.0000000E+00   0.0000000E+00
   1.5600869E+03   7.2900000E+02   0.0000000E+00   0.0000000E+00   0.0000000E+00
   1.5600944E+03   7.7300000E+02   0.0000000E+00   0.0000000E+00   0.0000000E+00
   1.5601020E+03   8.0200000E+02   0.0000000E+00   0.0000000E+00   0.0000000E+00
   1.5601095E+03   7.1500000E+02   0.0000000E+00   0.0000000E+00   0.0000000E+00
   1.5601170E+03   7.4800000E+02   0.0000000E+00   0.0000000E+00   0.0000000E+00
   1.5601246E+03   7.3200000E+02   0.0000000E+00   0.0000000E+00   0.0000000E+00
   1.5601321E+03   7.8200000E+02   0.0000000E+00   0.0000000E+00   0.0000000E+00
   1.5601396E+03   7.5600000E+02   0.0000000E+00   0.0000000E+00   0.0000000E+00
   1.5601471E+03   7.3600000E+02   0.0000000E+00   0.0000000E+00   0.0000000E+00
   1.5601547E+03   7.5100000E+02   0.0000000E+00   0.0000000E+00   0.0000000E+00
   1.5601622E+03   7.2800000E+02   0.0000000E+00   0.0000000E+00   0.0000000E+00
   1.5601697E+03   7.8800000E+02   0.0000000E+00   0.0000000E+00   0.0000000E+00
   1.5601773E+03   7.6100000E+02   0.0000000E+00   0.0000000E+00   0.0000000E+00
   1.5601848E+03   7.3000000E+02   0.0000000E+00   0.0000000E+00   0.0000000E+00
   1.5601923E+03   7.0000000E+02   0.0000000E+00   0.0000000E+00   0.0000000E+00
   1.5601998E+03   7.4800000E+02   0.0000000E+00   0.0000000E+00   0.0000000E+00
   1.5602074E+03   7.4200000E+02   0.0000000E+00   0.0000000E+00   0.0000000E+00
   1.5602149E+03   8.1000000E+02   0.0000000E+00   0.0000000E+00   0.0000000E+00
   1.5602224E+03   7.4800000E+02   0.0000000E+00   0.0000000E+00   0.0000000E+00
   1.5602300E+03   7.4600000E+02   0.0000000E+00   0.0000000E+00   0.0000000E+00
   1.5602375E+03   7.8200000E+02   0.0000000E+00   0.0000000E+00   0.0000000E+00
   1.5602450E+03   7.3300000E+02   0.0000000E+00   0.0000000E+00   0.0000000E+00
   1.5602525E+03   7.5600000E+02   0.0000000E+00   0.0000000E+00   0.0000000E+00
   1.5602601E+03   7.3100000E+02   0.0000000E+00   0.0000000E+00   0.0000000E+00
   1.5602676E+03   7.6800000E+02   0.0000000E+00   0.0000000E+00   0.0000000E+00
   1.5602751E+03   7.6100000E+02   0.0000000E+00   0.0000000E+00   0.0000000E+00
   1.5602827E+03   7.6700000E+02   0.0000000E+00   1.2716926E-04   0.0000000E+00
   1.5602902E+03   7.3400000E+02   0.0000000E+00   0.0000000E+00   0.0000000E+00
   1.5602977E+03   7.6900000E+02   0.0000000E+00   0.0000000E+00   0.0000000E+00
   1.5603052E+03   7.6300000E+02   0.0000000E+00   0.0000000E+00   0.0000000E+00
   1.5603128E+03   7.5100000E+02   0.0000000E+00   0.0000000E+00   0.0000000E+00
   1.5603203E+03   7.6700000E+02   0.0000000E+00   0.0000000E+00   0.0000000E+00
   1.5603278E+03   6.9400000E+02   0.0000000E+00   0.0000000E+00   0.0000000E+00
   1.5603354E+03   7.8300000E+02   0.0000000E+00   0.0000000E+00   0.0000000E+00
   1.5603429E+03   7.4600000E+02   0.0000000E+00   0.0000000E+00   0.0000000E+00
   1.5603504E+03   8.1800000E+02   0.0000000E+00   0.0000000E+00   0.0000000E+00
   1.5603579E+03   7.6300000E+02   0.0000000E+00   0.0000000E+00   0.0000000E+00
   1.5603655E+03   7.0600000E+02   0.0000000E+00   0.0000000E+00   0.0000000E+00
   1.5603730E+03   8.0300000E+02   0.0000000E+00   0.0000000E+00   0.0000000E+00
   1.5603805E+03   7.5200000E+02   0.0000000E+00   0.0000000E+00   0.0000000E+00
   1.5603881E+03   7.4900000E+02   0.0000000E+00   0.0000000E+00   0.0000000E+00
   1.5603956E+03   7.5200000E+02   0.0000000E+00   0.0000000E+00   0.0000000E+00
   1.5604031E+03   7.5700000E+02   0.0000000E+00   0.0000000E+00   0.0000000E+00
   1.5604106E+03   7.5300000E+02   0.0000000E+00   0.0000000E+00   0.0000000E+00
   1.5604182E+03   7.3300000E+02   0.0000000E+00   0.0000000E+00   0.0000000E+00
   1.5604257E+03   7.5300000E+02   0.0000000E+00   0.0000000E+00   0.0000000E+00
   1.5604332E+03   7.4100000E+02   0.0000000E+00   0.0000000E+00   0.0000000E+00
   1.5604408E+03   7.8300000E+02   0.0000000E+00   0.0000000E+00   0.0000000E+00
   1.5604483E+03   6.9600000E+02   0.0000000E+00   0.0000000E+00   0.0000000E+00
   1.5604558E+03   7.6000000E+02   0.0000000E+00   0.0000000E+00   0.0000000E+00
   1.5604633E+03   7.7000000E+02   0.0000000E+00   0.0000000E+00   0.0000000E+00
   1.5604709E+03   7.1700000E+02   0.0000000E+00   0.0000000E+00   0.0000000E+00
   1.5604784E+03   7.7300000E+02   0.0000000E+00   1.0770106E-03   0.0000000E+00
   1.5604859E+03   7.2000000E+02   0.0000000E+00   0.0000000E+00   0.0000000E+00
   1.5604935E+03   7.7200000E+02   0.0000000E+00   0.0000000E+00   0.0000000E+00
   1.5605010E+03   7.3400000E+02   0.0000000E+00   0.0000000E+00   0.0000000E+00
   1.5605085E+03   6.8600000E+02   0.0000000E+00   8.0910371E-05   0.0000000E+00
   1.5605160E+03   7.3900000E+02   0.0000000E+00   0.0000000E+00   0.0000000E+00
   1.5605236E+03   7.4100000E+02   0.0000000E+00   0.0000000E+00   0.0000000E+00
   1.5605311E+03   7.2300000E+02   0.0000000E+00   0.0000000E+00   0.0000000E+00
   1.5605386E+03   7.3600000E+02   0.0000000E+00   0.0000000E+00   0.0000000E+00
   1.5605461E+03   7.5800000E+02   0.0000000E+00   0.0000000E+00   0.0000000E+00
   1.5605537E+03   7.2500000E+02   0.0000000E+00   0.0000000E+00   0.0000000E+00
   1.5605612E+03   7.0800000E+02   0.0000000E+00   0.0000000E+00   0.0000000E+00
   1.5605687E+03   7.2500000E+02   0.0000000E+00   0.0000000E+00   0.0000000E+00
   1.5605763E+03   7.3800000E+02   0.0000000E+00   0.0000000E+00   0.0000000E+00
   1.5605838E+03   7.7500000E+02   0.0000000E+00   0.0000000E+00   0.0000000E+00
   1.5605913E+03   7.5400000E+02   0.0000000E+00   0.0000000E+00   0.0000000E+00
   1.5605988E+03   7.8500000E+02   0.0000000E+00   0.0000000E+00   0.0000000E+00
   1.5606064E+03   7.8400000E+02   0.0000000E+00   0.0000000E+00   0.0000000E+00
   1.5606139E+03   7.1000000E+02   0.0000000E+00   0.0000000E+00   0.0000000E+00
   1.5606214E+03   8.0900000E+02   0.0000000E+00   0.0000000E+00   0.0000000E+00
   1.5606290E+03   7.3800000E+02   0.0000000E+00   0.0000000E+00   0.0000000E+00
   1.5606365E+03   7.5800000E+02   0.0000000E+00   0.0000000E+00   0.0000000E+00
   1.5606440E+03   7.4100000E+02   0.0000000E+00   0.0000000E+00   0.0000000E+00
   1.5606515E+03   7.2200000E+02   0.0000000E+00   0.0000000E+00   0.0000000E+00
   1.5606591E+03   7.7200000E+02   0.0000000E+00   0.0000000E+00   0.0000000E+00
   1.5606666E+03   7.2000000E+02   0.0000000E+00   0.0000000E+00   0.0000000E+00
   1.5606741E+03   7.3700000E+02   0.0000000E+00   0.0000000E+00   0.0000000E+00
   1.5606817E+03   7.3900000E+02   0.0000000E+00   0.0000000E+00   0.0000000E+00
   1.5606892E+03   7.1500000E+02   0.0000000E+00   0.0000000E+00   0.0000000E+00
   1.5606967E+03   7.3100000E+02   0.0000000E+00   0.0000000E+00   0.0000000E+00
   1.5607042E+03   7.4300000E+02   0.0000000E+00   0.0000000E+00   0.0000000E+00
   1.5607118E+03   7.3200000E+02   0.0000000E+00   0.0000000E+00   0.0000000E+00
   1.5607193E+03   7.5800000E+02   0.0000000E+00   0.0000000E+00   0.0000000E+00
   1.5607268E+03   7.4200000E+02   0.0000000E+00   0.0000000E+00   0.0000000E+00
   1.5607344E+03   7.7200000E+02   0.0000000E+00   0.0000000E+00   0.0000000E+00
   1.5607419E+03   7.3400000E+02   0.0000000E+00   0.0000000E+00   0.0000000E+00
   1.5607494E+03   7.3700000E+02   0.0000000E+00   0.0000000E+00   0.0000000E+00
   1.5607569E+03   7.1900000E+02   0.0000000E+00   0.0000000E+00   0.0000000E+00
   1.5607645E+03   7.6000000E+02   0.0000000E+00   0.0000000E+00   0.0000000E+00
   1.5607720E+03   7.8600000E+02   0.0000000E+00   0.0000000E+00   0.0000000E+00
