   1.5381945E+03   7.8200000E+02   0.0000000E+00   0.0000000E+00   0.0000000E+00
   1.5382021E+03   7.0500000E+02   0.0000000E+00   0.0000000E+00   0.0000000E+00
   1.5382096E+03   7.1600000E+02   0.0000000E+00   0.0000000E+00   0.0000000E+00
   1.5382171E+03   7.5400000E+02   0.0000000E+00   0.0000000E+00   0.0000000E+00
   1.5382246E+03   7.5300000E+02   0.0000000E+00   0.0000000E+00   0.0000000E+00
   1.5382322E+03   8.0000000E+02   0.0000000E+00   0.0000000E+00   0.0000000E+00
   1.5382397E+03   7.2700000E+02   0.0000000E+00   0.0000000E+00   0.0000000E+00
   1.5382472E+03   7.8600000E+02   0.0000000E+00   0.0000000E+00   0.0000000E+00
   1.5382548E+03   7.2200000E+02   1.0000000E+00   7.1077581E-04   5.1318014E-01
   1.5382623E+03   7.5300000E+02   0.0000000E+00   0.0000000E+00   0.0000000E+00
   1.5382698E+03   7.5400000E+02   0.0000000E+00   0.0000000E+00   0.0000000E+00
   1.5382773E+03   7.7500000E+02   0.0000000E+00   0.0000000E+00   0.0000000E+00
   1.5382849E+03   7.4200000E+02   0.0000000E+00   0.0000000E+00   0.0000000E+00
   1.5382924E+03   7.5500000E+02   0.0000000E+00   0.0000000E+00   0.0000000E+00
   1.5382999E+03   7.6500000E+02   0.0000000E+00   0.0000000E+00   0.0000000E+00
   1.5383075E+03   7.6600000E+02   0.0000000E+00   0.0000000E+00   0.0000000E+00
   1.5383150E+03   7.8300000E+02   0.0000000E+00   0.0000000E+00   0.0000000E+00
   1.5383225E+03   7.4300000E+02   0.0000000E+00   0.0000000E+00   0.0000000E+00
   1.5383300E+03   7.4600000E+02   2.0000000E+00   8.9419817E-04   3.3353592E-01
   1.5383376E+03   7.6700000E+02   0.0000000E+00   0.0000000E+00   0.0000000E+00
   1.5383451E+03   7.8500000E+02   0.0000000E+00   0.0000000E+00   0.0000000E+00
   1.5383526E+03   6.9900000E+02   2.0000000E+00   1.4245408E-03   4.9787700E-01
   1.5383602E+03   7.0800000E+02   0.0000000E+00   0.0000000E+00   0.0000000E+00
   1.5383677E+03   7.5000000E+02   0.0000000E+00   0.0000000E+00   0.0000000E+00
   1.5383752E+03   7.6000000E+02   0.0000000E+00   0.0000000E+00   0.0000000E+00
   1.5383827E+03   7.4100000E+02   0.0000000E+00   0.0000000E+00   0.0000000E+00
   1.5383903E+03   7.9100000E+02   0.0000000E+00   0.0000000E+00   0.0000000E+00
   1.5383978E+03   7.4200000E+02   0.0000000E+00   0.0000000E+00   0.0000000E+00
   1.5384053E+03   7.4800000E+02   0.0000000E+00   2.3260758E-05   0.0000000E+00
   1.5384128E+03   7.4000000E+02   0.0000000E+00   0.0000000E+00   0.0000000E+00
   1.5384204E+03   7.8700000E+02   0.0000000E+00   0.0000000E+00   0.0000000E+00
   1.5384279E+03   7.6900000E+02   0.0000000E+00   0.0000000E+00   0.0000000E+00
   1.5384354E+03   7.6800000E+02   1.0000000E+00   1.1382896E-03   8.7420639E-01
   1.5384430E+03   7.7800000E+02   0.0000000E+00   0.0000000E+00   0.0000000E+00
   1.5384505E+03   7.2500000E+02   0.0000000E+00   0.0000000E+00   0.0000000E+00
   1.5384580E+03   7.7000000E+02   0.0000000E+00   0.0000000E+00   0.0000000E+00
   1.5384655E+03   7.9100000E+02   0.0000000E+00   0.0000000E+00   0.0000000E+00
   1.5384731E+03   7.2500000E+02   0.0000000E+00   0.0000000E+00   0.0000000E+00
   1.5384806E+03   7.8100000E+02   0.0000000E+00   0.0000000E+00   0.0000000E+00
   1.5384881E+03   7.9600000E+02   0.0000000E+00   0.0000000E+00   0.0000000E+00
   1.5384957E+03   7.3600000E+02   0.0000000E+00   0.0000000E+00   0.0000000E+00
   1.5385032E+03   7.9700000E+02   0.0000000E+00   0.0000000E+00   0.0000000E+00
   1.5385107E+03   7.6400000E+02   0.0000000E+00   0.0000000E+00   0.0000000E+00
   1.5385182E+03   8.4500000E+02   0.0000000E+00   0.0000000E+00   0.0000000E+00
   1.5385258E+03   7.5000000E+02   0.0000000E+00   0.0000000E+00   0.0000000E+00
   1.5385333E+03   7.6100000E+02   0.0000000E+00   0.0000000E+00   0.0000000E+00
   1.5385408E+03   7.4100000E+02   0.0000000E+00   0.0000000E+00   0.0000000E+00
   1.5385484E+03   7.7300000E+02   0.0000000E+00   0.0000000E+00   0.0000000E+00
   1.5385559E+03   7.7100000E+02   0.0000000E+00   0.0000000E+00   0.0000000E+00
   1.5385634E+03   8.2000000E+02   0.0000000E+00   0.0000000E+00   0.0000000E+00
   1.5385709E+03   7.2900000E+02   0.0000000E+00   0.0000000E+00   0.0000000E+00
   1.5385785E+03   7.6000000E+02   0.0000000E+00   0.0000000E+00   0.0000000E+00
   1.5385860E+03   8.0200000E+02   2.0000000E+00   1.1441046E-03   4.5878595E-01
   1.5385935E+03   7.3600000E+02   0.0000000E+00   0.0000000E+00   0.0000000E+00
   1.5386011E+03   7.7000000E+02   0.0000000E+00   0.0000000E+00   0.0000000E+00
   1.5386086E+03   7.0700000E+02   0.0000000E+00   0.0000000E+00   0.0000000E+00
   1.5386161E+03   7.7300000E+02   0.0000000E+00   0.0000000E+00   0.0000000E+00
   1.5386236E+03   7.4600000E+02   0.0000000E+00   0.0000000E+00   0.0000000E+00
   1.5386312E+03   7.7200000E+02   0.0000000E+00   4.8434276E-06   0.0000000E+00
   1.5386387E+03   7.3500000E+02   0.0000000E+00   0.0000000E+00   0.0000000E+00
   1.5386462E+03   7.6400000E+02   0.0000000E+00   0.0000000E+00   0.0000000E+00
   1.5386538E+03   7.4700000E+02   1.0000000E+00   3.8270353E-04   2.8587954E-01
   1.5386613E+03   8.0200000E+02   0.0000000E+00   0.0000000E+00   0.0000000E+00
   1.5386688E+03   8.1000000E+02   1.0000000E+00   8.2639783E-05   6.6938224E-02
   1.5386763E+03   7.7600000E+02   0.0000000E+00   0.0000000E+00   0.0000000E+00
   1.5386839E+03   7.2900000E+02   1.0000000E+00   1.0878208E-03   7.9302139E-01
   1.5386914E+03   7.1900000E+02   0.0000000E+00   0.0000000E+00   0.0000000E+00
   1.5386989E+03   7.8400000E+02   0.0000000E+00   0.0000000E+00   0.0000000E+00
   1.5387065E+03   7.5600000E+02   0.0000000E+00   0.0000000E+00   0.0000000E+00
   1.5387140E+03   6.9500000E+02   0.0000000E+00   0.0000000E+00   0.0000000E+00
   1.5387215E+03   7.4100000E+02   0.0000000E+00   0.0000000E+00   0.0000000E+00
   1.5387290E+03   7.4300000E+02   0.0000000E+00   0.0000000E+00   0.0000000E+00
   1.5387366E+03   7.1600000E+02   0.0000000E+00   0.0000000E+00   0.0000000E+00
   1.5387441E+03   7.3300000E+02   0.0000000E+00   0.0000000E+00   0.0000000E+00
   1.5387516E+03   7.3800000E+02   0.0000000E+00   0.0000000E+00   0.0000000E+00
   1.5387592E+03   7.2600000E+02   0.0000000E+00   0.0000000E+00   0.0000000E+00
   1.5387667E+03   7.3900000E+02   0.0000000E+00   0.0000000E+00   0.0000000E+00
   1.5387742E+03   7.4300000E+02   0.0000000E+00   0.0000000E+00   0.0000000E+00
   1.5387817E+03   7.4400000E+02   1.0000000E+00   1.0146850E-03   7.5492564E-01
   1.5387893E+03   7.4900000E+02   0.0000000E+00   0.0000000E+00   0.0000000E+00
   1.5387968E+03   7.6700000E+02   0.0000000E+00   0.0000000E+00   0.0000000E+00
   1.5388043E+03   7.7800000E+02   0.0000000E+00   0.0000000E+00   0.0000000E+00
   1.5388119E+03   7.6800000E+02   1.0000000E+00   1.0558894E-03   8.1092305E-01
   1.5388194E+03   7.4000000E+02   0.0000000E+00   0.0000000E+00   0.0000000E+00
   1.5388269E+03   7.5100000E+02   0.0000000E+00   0.0000000E+00   0.0000000E+00
   1.5388344E+03   7.6200000E+02   1.0000000E+00   7.1707724E-04   5.4641285E-01
   1.5388420E+03   7.7400000E+02   0.0000000E+00   0.0000000E+00   0.0000000E+00
   1.5388495E+03   7.5500000E+02   0.0000000E+00   0.0000000E+00   0.0000000E+00
   1.5388570E+03   7.1200000E+02   1.0000000E+00   2.4021575E-04   1.7103361E-01
   1.5388646E+03   7.7200000E+02   1.0000000E+00   5.5063991E-05   4.2509401E-02
   1.5388721E+03   7.6300000E+02   0.0000000E+00   0.0000000E+00   0.0000000E+00
   1.5388796E+03   7.4700000E+02   0.0000000E+00   0.0000000E+00   0.0000000E+00
   1.5388871E+03   7.2600000E+02   0.0000000E+00   0.0000000E+00   0.0000000E+00
   1.5388947E+03   7.3300000E+02   0.0000000E+00   0.0000000E+00   0.0000000E+00
   1.5389022E+03   7.4800000E+02   1.0000000E+00   5.3823637E-04   4.0260081E-01
   1.5389097E+03   6.7900000E+02   0.0000000E+00   0.0000000E+00   0.0000000E+00
   1.5389172E+03   7.6600000E+02   0.0000000E+00   0.0000000E+00   0.0000000E+00
   1.5389248E+03   7.0700000E+02   0.0000000E+00   0.0000000E+00   0.0000000E+00
   1.5389323E+03   7.0300000E+02   0.0000000E+00   0.0000000E+00   0.0000000E+00
   1.5389398E+03   7.3100000E+02   0.0000000E+00   0.0000000E+00   0.0000000E+00
   1.5389474E+03   7.7100000E+02   0.0000000E+00   0.0000000E+00   0.0000000E+00
   1.5389549E+03   7.5600000E+02   0.0000000E+00   0.0000000E+00   0.0000000E+00
   1.5389624E+03   7.4700000E+02   0.0000000E+00   0.0000000E+00   0.0000000E+00
   1.5389699E+03   7.2300000E+02   0.0000000E+00   0.0000000E+00   0.0000000E+00
   1.5389775E+03   7.1400000E+02   0.0000000E+00   0.0000000E+00   0.0000000E+00
   1.5389850E+03   7.6600000E+02   0.0000000E+00   0.0000000E+00   0.0000000E+00
   1.5389925E+03   7.6100000E+02   0.0000000E+00   0.0000000E+00   0.0000000E+00
   1.5390001E+03   7.2500000E+02   0.0000000E+00   0.0000000E+00   0.0000000E+00
   1.5390076E+03   7.4800000E+02   0.0000000E+00   0.0000000E+00   0.0000000E+00
   1.5390151E+03   7.6700000E+02   0.0000000E+00   0.0000000E+00   0.0000000E+00
   1.5390226E+03   7.6000000E+02   1.0000000E+00   1.7441541E-04   1.3255571E-01
   1.5390302E+03   7.4500000E+02   0.0000000E+00   0.0000000E+00   0.0000000E+00
   1.5390377E+03   7.7100000E+02   0.0000000E+00   0.0000000E+00   0.0000000E+00
   1.5390452E+03   7.6900000E+02   0.0000000E+00   0.0000000E+00   0.0000000E+00
   1.5390528E+03   7.7900000E+02   0.0000000E+00   0.0000000E+00   0.0000000E+00
   1.5390603E+03   7.8100000E+02   0.0000000E+00   0.0000000E+00   0.0000000E+00
   1.5390678E+03   7.8100000E+02   0.0000000E+00   0.0000000E+00   0.0000000E+00
   1.5390753E+03   7.5600000E+02   1.0000000E+00   4.8640971E-04   3.6772574E-01
   1.5390829E+03   7.5100000E+02   0.0000000E+00   0.0000000E+00   0.0000000E+00
   1.5390904E+03   7.1400000E+02   0.0000000E+00   0.0000000E+00   0.0000000E+00
   1.5390979E+03   7.2800000E+02   0.0000000E+00   0.0000000E+00   0.0000000E+00
   1.5391055E+03   7.5000000E+02   0.0000000E+00   0.0000000E+00   0.0000000E+00
   1.5391130E+03   7.4100000E+02   0.0000000E+00   0.0000000E+00   0.0000000E+00
   1.5391205E+03   7.6100000E+02   0.0000000E+00   0.0000000E+00   0.0000000E+00
   1.5391280E+03   7.9200000E+02   0.0000000E+00   0.0000000E+00   0.0000000E+00
   1.5391356E+03   7.1700000E+02   0.0000000E+00   0.0000000E+00   0.0000000E+00
   1.5391431E+03   7.4200000E+02   0.0000000E+00   0.0000000E+00   0.0000000E+00
   1.5391506E+03   7.4300000E+02   0.0000000E+00   0.0000000E+00   0.0000000E+00
   1.5391582E+03   7.2300000E+02   0.0000000E+00   0.0000000E+00   0.0000000E+00
   1.5391657E+03   7.4500000E+02   0.0000000E+00   0.0000000E+00   0.0000000E+00
   1.5391732E+03   7.2600000E+02   0.0000000E+00   0.0000000E+00   0.0000000E+00
   1.5391807E+03   7.2800000E+02   0.0000000E+00   0.0000000E+00   0.0000000E+00
   1.5391883E+03   7.2900000E+02   0.0000000E+00   0.0000000E+00   0.0000000E+00
   1.5391958E+03   7.9400000E+02   0.0000000E+00   0.0000000E+00   0.0000000E+00
   1.5392033E+03   8.0100000E+02   0.0000000E+00   0.0000000E+00   0.0000000E+00
   1.5392109E+03   7.3500000E+02   0.0000000E+00   0.0000000E+00   0.0000000E+00
   1.5392184E+03   7.3800000E+02   0.0000000E+00   0.0000000E+00   0.0000000E+00
   1.5392259E+03   7.5700000E+02   0.0000000E+00   0.0000000E+00   0.0000000E+00
   1.5392334E+03   7.1300000E+02   0.0000000E+00   0.0000000E+00   0.0000000E+00
   1.5392410E+03   7.0900000E+02   0.0000000E+00   0.0000000E+00   0.0000000E+00
   1.5392485E+03   7.2500000E+02   0.0000000E+00   0.0000000E+00   0.0000000E+00
   1.5392560E+03   7.1900000E+02   0.0000000E+00   0.0000000E+00   0.0000000E+00
   1.5392636E+03   7.9200000E+02   0.0000000E+00   0.0000000E+00   0.0000000E+00
   1.5392711E+03   7.2500000E+02   1.0000000E+00   1.3091309E-03   9.4911987E-01
   1.5392786E+03   7.6600000E+02   1.0000000E+00   1.5305710E-04   1.1724174E-01
   1.5392861E+03   7.6200000E+02   0.0000000E+00   0.0000000E+00   0.0000000E+00
   1.5392937E+03   7.4200000E+02   0.0000000E+00   0.0000000E+00   0.0000000E+00
   1.5393012E+03   7.5600000E+02   1.0000000E+00   3.5309456E-04   2.6693949E-01
   1.5393087E+03   7.7400000E+02   0.0000000E+00   0.0000000E+00   0.0000000E+00
   1.5393162E+03   7.3900000E+02   0.0000000E+00   0.0000000E+00   0.0000000E+00
   1.5393238E+03   7.9600000E+02   0.0000000E+00   0.0000000E+00   0.0000000E+00
   1.5393313E+03   7.7700000E+02   0.0000000E+00   0.0000000E+00   0.0000000E+00
   1.5393388E+03   7.6400000E+02   0.0000000E+00   0.0000000E+00   0.0000000E+00
   1.5393464E+03   7.5600000E+02   0.0000000E+00   0.0000000E+00   0.0000000E+00
   1.5393539E+03   7.5300000E+02   0.0000000E+00   0.0000000E+00   0.0000000E+00
   1.5393614E+03   7.2300000E+02   2.0000000E+00   5.5974727E-04   2.0234864E-01
   1.5393689E+03   7.5700000E+02   0.0000000E+00   0.0000000E+00   0.0000000E+00
   1.5393765E+03   7.3700000E+02   0.0000000E+00   0.0000000E+00   0.0000000E+00
   1.5393840E+03   7.5300000E+02   0.0000000E+00   0.0000000E+00   0.0000000E+00
   1.5393915E+03   7.5000000E+02   1.0000000E+00   9.4451241E-04   7.0838430E-01
   1.5393991E+03   7.9200000E+02   0.0000000E+00   0.0000000E+00   0.0000000E+00
   1.5394066E+03   7.5200000E+02   0.0000000E+00   0.0000000E+00   0.0000000E+00
   1.5394141E+03   7.2700000E+02   1.0000000E+00   9.6757880E-04   7.0342978E-01
   1.5394216E+03   7.1900000E+02   0.0000000E+00   0.0000000E+00   0.0000000E+00
   1.5394292E+03   7.5300000E+02   3.0000000E+00   4.7314436E-04   1.1875923E-01
   1.5394367E+03   7.8800000E+02   0.0000000E+00   0.0000000E+00   0.0000000E+00
   1.5394442E+03   8.1600000E+02   0.0000000E+00   0.0000000E+00   0.0000000E+00
   1.5394518E+03   7.5600000E+02   0.0000000E+00   0.0000000E+00   0.0000000E+00
   1.5394593E+03   7.3000000E+02   0.0000000E+00   0.0000000E+00   0.0000000E+00
   1.5394668E+03   7.1400000E+02   0.0000000E+00   0.0000000E+00   0.0000000E+00
   1.5394743E+03   7.0900000E+02   0.0000000E+00   0.0000000E+00   0.0000000E+00
   1.5394819E+03   6.7000000E+02   0.0000000E+00   0.0000000E+00   0.0000000E+00
   1.5394894E+03   7.2300000E+02   0.0000000E+00   0.0000000E+00   0.0000000E+00
   1.5394969E+03   7.4800000E+02   0.0000000E+00   0.0000000E+00   0.0000000E+00
   1.5395045E+03   7.5100000E+02   0.0000000E+00   0.0000000E+00   0.0000000E+00
   1.5395120E+03   7.1900000E+02   0.0000000E+00   0.0000000E+00   0.0000000E+00
   1.5395195E+03   8.1700000E+02   0.0000000E+00   0.0000000E+00   0.0000000E+00
   1.5395270E+03   7.3500000E+02   0.0000000E+00   0.0000000E+00   0.0000000E+00
   1.5395346E+03   7.4100000E+02   0.0000000E+00   0.0000000E+00   0.0000000E+00
   1.5395421E+03   7.9800000E+02   0.0000000E+00   0.0000000E+00   0.0000000E+00
   1.5395496E+03   7.6400000E+02   0.0000000E+00   0.0000000E+00   0.0000000E+00
   1.5395572E+03   7.5900000E+02   0.0000000E+00   0.0000000E+00   0.0000000E+00
   1.5395647E+03   8.0400000E+02   0.0000000E+00   0.0000000E+00   0.0000000E+00
   1.5395722E+03   7.3800000E+02   2.0000000E+00   1.7376250E-03   6.4118364E-01
   1.5395797E+03   7.3500000E+02   0.0000000E+00   0.0000000E+00   0.0000000E+00
   1.5395873E+03   8.2100000E+02   0.0000000E+00   0.0000000E+00   0.0000000E+00
   1.5395948E+03   7.9200000E+02   0.0000000E+00   0.0000000E+00   0.0000000E+00
   1.5396023E+03   7.4800000E+02   0.0000000E+00   0.0000000E+00   0.0000000E+00
   1.5396099E+03   7.5300000E+02   0.0000000E+00   0.0000000E+00   0.0000000E+00
   1.5396174E+03   7.1600000E+02   0.0000000E+00   0.0000000E+00   0.0000000E+00
   1.5396249E+03   6.9900000E+02   0.0000000E+00   0.0000000E+00   0.0000000E+00
   1.5396324E+03   7.9200000E+02   0.0000000E+00   0.0000000E+00   0.0000000E+00
   1.5396400E+03   7.3700000E+02   0.0000000E+00   0.0000000E+00   0.0000000E+00
   1.5396475E+03   7.4600000E+02   0.0000000E+00   0.0000000E+00   0.0000000E+00
   1.5396550E+03   7.6400000E+02   0.0000000E+00   0.0000000E+00   0.0000000E+00
   1.5396626E+03   7.7400000E+02   0.0000000E+00   0.0000000E+00   0.0000000E+00
   1.5396701E+03   7.3100000E+02   0.0000000E+00   0.0000000E+00   0.0000000E+00
   1.5396776E+03   7.5000000E+02   0.0000000E+00   0.0000000E+00   0.0000000E+00
   1.5396851E+03   7.4100000E+02   0.0000000E+00   0.0000000E+00   0.0000000E+00
   1.5396927E+03   6.9700000E+02   0.0000000E+00   0.0000000E+00   0.0000000E+00
   1.5397002E+03   7.8100000E+02   0.0000000E+00   0.0000000E+00   0.0000000E+00
   1.5397077E+03   7.8300000E+02   0.0000000E+00   0.0000000E+00   0.0000000E+00
   1.5397153E+03   8.2300000E+02   1.0000000E+00   7.2560817E-04   5.9717552E-01
   1.5397228E+03   7.4700000E+02   0.0000000E+00   0.0000000E+00   0.0000000E+00
   1.5397303E+03   7.0300000E+02   0.0000000E+00   0.0000000E+00   0.0000000E+00
   1.5397378E+03   7.5900000E+02   0.0000000E+00   0.0000000E+00   0.0000000E+00
   1.5397454E+03   7.2700000E+02   0.0000000E+00   0.0000000E+00   0.0000000E+00
   1.5397529E+03   7.2300000E+02   0.0000000E+00   0.0000000E+00   0.0000000E+00
   1.5397604E+03   7.6100000E+02   0.0000000E+00   0.0000000E+00   0.0000000E+00
   1.5397679E+03   7.7100000E+02   0.0000000E+00   0.0000000E+00   0.0000000E+00
   1.5397755E+03   7.5900000E+02   1.0000000E+00   1.5812238E-04   1.2001489E-01
   1.5397830E+03   7.4300000E+02   0.0000000E+00   0.0000000E+00   0.0000000E+00
   1.5397905E+03   7.7100000E+02   1.0000000E+00   8.7483605E-04   6.7449859E-01
   1.5397981E+03   7.1500000E+02   0.0000000E+00   0.0000000E+00   0.0000000E+00
   1.5398056E+03   7.6600000E+02   0.0000000E+00   0.0000000E+00   0.0000000E+00
   1.5398131E+03   7.7200000E+02   0.0000000E+00   0.0000000E+00   0.0000000E+00
   1.5398206E+03   7.3800000E+02   0.0000000E+00   0.0000000E+00   0.0000000E+00
   1.5398282E+03   7.5000000E+02   0.0000000E+00   0.0000000E+00   0.0000000E+00
   1.5398357E+03   7.7700000E+02   0.0000000E+00   0.0000000E+00   0.0000000E+00
   1.5398432E+03   7.8300000E+02   1.0000000E+00   7.1115168E-04   5.5683176E-01
   1.5398508E+03   7.3500000E+02   0.0000000E+00   0.0000000E+00   0.0000000E+00
   1.5398583E+03   7.9100000E+02   0.0000000E+00   0.0000000E+00   0.0000000E+00
   1.5398658E+03   7.0000000E+02   1.0000000E+00   1.3014548E-03   9.1101834E-01
   1.5398733E+03   7.4300000E+02   0.0000000E+00   0.0000000E+00   0.0000000E+00
   1.5398809E+03   7.7500000E+02   1.0000000E+00   9.8051322E-04   7.5989775E-01
   1.5398884E+03   7.9300000E+02   0.0000000E+00   0.0000000E+00   0.0000000E+00
   1.5398959E+03   7.2900000E+02   0.0000000E+00   0.0000000E+00   0.0000000E+00
   1.5399035E+03   7.6100000E+02   0.0000000E+00   0.0000000E+00   0.0000000E+00
   1.5399110E+03   7.9200000E+02   0.0000000E+00   0.0000000E+00   0.0000000E+00
   1.5399185E+03   7.7100000E+02   0.0000000E+00   0.0000000E+00   0.0000000E+00
   1.5399260E+03   7.3600000E+02   0.0000000E+00   0.0000000E+00   0.0000000E+00
   1.5399336E+03   7.6200000E+02   0.0000000E+00   0.0000000E+00   0.0000000E+00
   1.5399411E+03   7.3200000E+02   0.0000000E+00   0.0000000E+00   0.0000000E+00
   1.5399486E+03   7.3800000E+02   0.0000000E+00   0.0000000E+00   0.0000000E+00
   1.5399562E+03   7.4600000E+02   0.0000000E+00   0.0000000E+00   0.0000000E+00
   1.5399637E+03   7.5900000E+02   0.0000000E+00   0.0000000E+00   0.0000000E+00
   1.5399712E+03   7.3400000E+02   0.0000000E+00   0.0000000E+00   0.0000000E+00
   1.5399787E+03   7.4900000E+02   0.0000000E+00   0.0000000E+00   0.0000000E+00
   1.5399863E+03   7.9500000E+02   0.0000000E+00   0.0000000E+00   0.0000000E+00
   1.5399938E+03   7.2600000E+02   1.0000000E+00   2.4220138E-05   1.7583820E-02
   1.5400013E+03   7.4500000E+02   0.0000000E+00   0.0000000E+00   0.0000000E+00
   1.5400089E+03   7.5300000E+02   0.0000000E+00   0.0000000E+00   0.0000000E+00
   1.5400164E+03   7.5300000E+02   0.0000000E+00   0.0000000E+00   0.0000000E+00
   1.5400239E+03   7.6000000E+02   0.0000000E+00   0.0000000E+00   0.0000000E+00
   1.5400314E+03   7.2100000E+02   0.0000000E+00   0.0000000E+00   0.0000000E+00
   1.5400390E+03   7.1200000E+02   0.0000000E+00   0.0000000E+00   0.0000000E+00
   1.5400465E+03   7.3600000E+02   0.0000000E+00   0.0000000E+00   0.0000000E+00
   1.5400540E+03   7.5100000E+02   0.0000000E+00   0.0000000E+00   0.0000000E+00
   1.5400616E+03   7.3000000E+02   1.0000000E+00   1.3271591E-03   9.6882613E-01
   1.5400691E+03   7.2800000E+02   0.0000000E+00   0.0000000E+00   0.0000000E+00
   1.5400766E+03   8.0300000E+02   0.0000000E+00   0.0000000E+00   0.0000000E+00
   1.5400841E+03   7.7000000E+02   1.0000000E+00   5.9165635E-05   4.5557539E-02
   1.5400917E+03   7.5700000E+02   0.0000000E+00   0.0000000E+00   0.0000000E+00
   1.5400992E+03   7.4600000E+02   0.0000000E+00   0.0000000E+00   0.0000000E+00
   1.5401067E+03   7.3700000E+02   1.0000000E+00   1.2689203E-03   9.3519423E-01
   1.5401143E+03   7.5300000E+02   0.0000000E+00   0.0000000E+00   0.0000000E+00
   1.5401218E+03   7.4200000E+02   0.0000000E+00   0.0000000E+00   0.0000000E+00
   1.5401293E+03   7.3700000E+02   0.0000000E+00   0.0000000E+00   0.0000000E+00
   1.5401368E+03   7.5800000E+02   0.0000000E+00   0.0000000E+00   0.0000000E+00
   1.5401444E+03   7.1000000E+02   0.0000000E+00   0.0000000E+00   0.0000000E+00
   1.5401519E+03   7.8600000E+02   0.0000000E+00   0.0000000E+00   0.0000000E+00
   1.5401594E+03   7.9100000E+02   0.0000000E+00   0.0000000E+00   0.0000000E+00
   1.5401670E+03   7.1300000E+02   0.0000000E+00   0.0000000E+00   0.0000000E+00
   1.5401745E+03   7.8500000E+02   0.0000000E+00   0.0000000E+00   0.0000000E+00
   1.5401820E+03   7.6800000E+02   0.0000000E+00   0.0000000E+00   0.0000000E+00
   1.5401895E+03   7.3100000E+02   0.0000000E+00   0.0000000E+00   0.0000000E+00
   1.5401971E+03   7.8300000E+02   0.0000000E+00   0.0000000E+00   0.0000000E+00
   1.5402046E+03   7.5300000E+02   1.0000000E+00   1.2052403E-03   9.0754591E-01
   1.5402121E+03   7.3800000E+02   0.0000000E+00   0.0000000E+00   0.0000000E+00
   1.5402197E+03   7.5100000E+02   0.0000000E+00   0.0000000E+00   0.0000000E+00
   1.5402272E+03   7.5500000E+02   0.0000000E+00   0.0000000E+00   0.0000000E+00
   1.5402347E+03   7.2000000E+02   0.0000000E+00   0.0000000E+00   0.0000000E+00
   1.5402422E+03   8.3500000E+02   0.0000000E+00   0.0000000E+00   0.0000000E+00
   1.5402498E+03   7.9500000E+02   0.0000000E+00   0.0000000E+00   0.0000000E+00
   1.5402573E+03   7.4400000E+02   0.0000000E+00   0.0000000E+00   0.0000000E+00
   1.5402648E+03   7.5900000E+02   0.0000000E+00   0.0000000E+00   0.0000000E+00
   1.5402723E+03   7.6700000E+02   0.0000000E+00   0.0000000E+00   0.0000000E+00
   1.5402799E+03   7.4800000E+02   0.0000000E+00   0.0000000E+00   0.0000000E+00
   1.5402874E+03   8.0000000E+02   0.0000000E+00   0.0000000E+00   0.0000000E+00
   1.5402949E+03   7.0400000E+02   0.0000000E+00   0.0000000E+00   0.0000000E+00
   1.5403025E+03   7.3400000E+02   0.0000000E+00   0.0000000E+00   0.0000000E+00
   1.5403100E+03   7.7400000E+02   0.0000000E+00   0.0000000E+00   0.0000000E+00
   1.5403175E+03   7.4800000E+02   1.0000000E+00   9.4604180E-04   7.0763927E-01
   1.5403250E+03   7.7900000E+02   0.0000000E+00   0.0000000E+00   0.0000000E+00
   1.5403326E+03   7.9400000E+02   0.0000000E+00   0.0000000E+00   0.0000000E+00
   1.5403401E+03   7.2600000E+02   0.0000000E+00   0.0000000E+00   0.0000000E+00
   1.5403476E+03   7.6800000E+02   0.0000000E+00   0.0000000E+00   0.0000000E+00
   1.5403552E+03   7.7200000E+02   0.0000000E+00   0.0000000E+00   0.0000000E+00
   1.5403627E+03   7.1800000E+02   0.0000000E+00   0.0000000E+00   0.0000000E+00
   1.5403702E+03   7.5800000E+02   0.0000000E+00   0.0000000E+00   0.0000000E+00
   1.5403777E+03   8.0500000E+02   0.0000000E+00   0.0000000E+00   0.0000000E+00
   1.5403853E+03   7.6400000E+02   0.0000000E+00   0.0000000E+00   0.0000000E+00
   1.5403928E+03   7.4500000E+02   0.0000000E+00   0.0000000E+00   0.0000000E+00
   1.5404003E+03   7.1700000E+02   2.0000000E+00   1.0798363E-03   3.8712132E-01
   1.5404079E+03   7.3800000E+02   0.0000000E+00   0.0000000E+00   0.0000000E+00
   1.5404154E+03   7.6200000E+02   0.0000000E+00   0.0000000E+00   0.0000000E+00
   1.5404229E+03   7.3400000E+02   0.0000000E+00   0.0000000E+00   0.0000000E+00
   1.5404304E+03   7.1500000E+02   0.0000000E+00   0.0000000E+00   0.0000000E+00
   1.5404380E+03   7.5700000E+02   0.0000000E+00   0.0000000E+00   0.0000000E+00
   1.5404455E+03   7.4900000E+02   0.0000000E+00   0.0000000E+00   0.0000000E+00
   1.5404530E+03   7.8000000E+02   0.0000000E+00   0.0000000E+00   0.0000000E+00
   1.5404606E+03   6.9500000E+02   0.0000000E+00   0.0000000E+00   0.0000000E+00
   1.5404681E+03   7.7100000E+02   0.0000000E+00   0.0000000E+00   0.0000000E+00
   1.5404756E+03   8.0300000E+02   0.0000000E+00   0.0000000E+00   0.0000000E+00
   1.5404831E+03   7.7900000E+02   0.0000000E+00   0.0000000E+00   0.0000000E+00
   1.5404907E+03   7.9100000E+02   0.0000000E+00   0.0000000E+00   0.0000000E+00
   1.5404982E+03   7.3800000E+02   0.0000000E+00   0.0000000E+00   0.0000000E+00
   1.5405057E+03   7.6100000E+02   0.0000000E+00   0.0000000E+00   0.0000000E+00
   1.5405133E+03   7.4900000E+02   0.0000000E+00   0.0000000E+00   0.0000000E+00
   1.5405208E+03   8.0500000E+02   0.0000000E+00   0.0000000E+00   0.0000000E+00
   1.5405283E+03   7.6200000E+02   0.0000000E+00   0.0000000E+00   0.0000000E+00
   1.5405358E+03   7.5600000E+02   0.0000000E+00   0.0000000E+00   0.0000000E+00
   1.5405434E+03   7.5800000E+02   0.0000000E+00   0.0000000E+00   0.0000000E+00
   1.5405509E+03   7.2300000E+02   0.0000000E+00   0.0000000E+00   0.0000000E+00
   1.5405584E+03   7.7000000E+02   0.0000000E+00   0.0000000E+00   0.0000000E+00
   1.5405660E+03   7.6300000E+02   1.0000000E+00   6.8933901E-04   5.2596567E-01
   1.5405735E+03   7.5700000E+02   1.0000000E+00   6.8021001E-04   5.1491898E-01
   1.5405810E+03   6.7900000E+02   0.0000000E+00   0.0000000E+00   0.0000000E+00
   1.5405885E+03   7.8400000E+02   0.0000000E+00   0.0000000E+00   0.0000000E+00
   1.5405961E+03   7.3200000E+02   0.0000000E+00   0.0000000E+00   0.0000000E+00
   1.5406036E+03   7.7500000E+02   1.0000000E+00   8.9959225E-04   6.9718399E-01
   1.5406111E+03   7.5300000E+02   0.0000000E+00   0.0000000E+00   0.0000000E+00
   1.5406187E+03   7.2800000E+02   0.0000000E+00   0.0000000E+00   0.0000000E+00
   1.5406262E+03   7.8400000E+02   1.0000000E+00   8.3819705E-05   6.5714649E-02
   1.5406337E+03   7.4700000E+02   1.0000000E+00   1.2498362E-03   9.3362766E-01
   1.5406412E+03   7.3600000E+02   0.0000000E+00   0.0000000E+00   0.0000000E+00
   1.5406488E+03   7.4600000E+02   0.0000000E+00   0.0000000E+00   0.0000000E+00
   1.5406563E+03   7.2800000E+02   0.0000000E+00   0.0000000E+00   0.0000000E+00
   1.5406638E+03   7.5300000E+02   0.0000000E+00   0.0000000E+00   0.0000000E+00
   1.5406713E+03   7.5000000E+02   0.0000000E+00   0.0000000E+00   0.0000000E+00
   1.5406789E+03   7.5800000E+02   0.0000000E+00   0.0000000E+00   0.0000000E+00
   1.5406864E+03   7.4200000E+02   1.0000000E+00   1.1895239E-03   8.8262674E-01
   1.5406939E+03   7.7000000E+02   0.0000000E+00   0.0000000E+00   0.0000000E+00
   1.5407015E+03   7.2800000E+02   0.0000000E+00   0.0000000E+00   0.0000000E+00
   1.5407090E+03   7.5500000E+02   0.0000000E+00   0.0000000E+00   0.0000000E+00
   1.5407165E+03   8.1400000E+02   0.0000000E+00   0.0000000E+00   0.0000000E+00
   1.5407240E+03   7.3300000E+02   1.0000000E+00   4.9317710E-04   3.6149881E-01
   1.5407316E+03   7.5400000E+02   1.0000000E+00   1.1594711E-04   8.7424125E-02
   1.5407391E+03   7.2700000E+02   0.0000000E+00   0.0000000E+00   0.0000000E+00
   1.5407466E+03   7.5800000E+02   0.0000000E+00   0.0000000E+00   0.0000000E+00
   1.5407542E+03   7.8300000E+02   0.0000000E+00   0.0000000E+00   0.0000000E+00
   1.5407617E+03   7.5200000E+02   0.0000000E+00   0.0000000E+00   0.0000000E+00
   1.5407692E+03   7.3800000E+02   0.0000000E+00   0.0000000E+00   0.0000000E+00
   1.5407767E+03   7.7700000E+02   0.0000000E+00   0.0000000E+00   0.0000000E+00
   1.5407843E+03   7.2100000E+02   1.0000000E+00   1.0811310E-03   7.7949545E-01
   1.5407918E+03   7.3800000E+02   1.0000000E+00   3.3865427E-04   2.4992685E-01
   1.5407993E+03   7.6300000E+02   0.0000000E+00   0.0000000E+00   0.0000000E+00
   1.5408069E+03   7.7400000E+02   0.0000000E+00   0.0000000E+00   0.0000000E+00
   1.5408144E+03   7.8500000E+02   0.0000000E+00   0.0000000E+00   0.0000000E+00
   1.5408219E+03   7.3500000E+02   0.0000000E+00   0.0000000E+00   0.0000000E+00
   1.5408294E+03   7.2000000E+02   0.0000000E+00   0.0000000E+00   0.0000000E+00
   1.5408370E+03   7.7000000E+02   0.0000000E+00   0.0000000E+00   0.0000000E+00
   1.5408445E+03   7.7800000E+02   0.0000000E+00   0.0000000E+00   0.0000000E+00
   1.5408520E+03   7.7400000E+02   0.0000000E+00   0.0000000E+00   0.0000000E+00
   1.5408596E+03   7.5900000E+02   0.0000000E+00   0.0000000E+00   0.0000000E+00
   1.5408671E+03   7.4700000E+02   0.0000000E+00   0.0000000E+00   0.0000000E+00
   1.5408746E+03   7.6400000E+02   0.0000000E+00   0.0000000E+00   0.0000000E+00
   1.5408821E+03   7.6900000E+02   0.0000000E+00   0.0000000E+00   0.0000000E+00
   1.5408897E+03   7.7100000E+02   1.0000000E+00   1.2346708E-03   9.5193121E-01
   1.5408972E+03   7.5500000E+02   1.0000000E+00   9.9900143E-04   7.5424608E-01
   1.5409047E+03   7.1900000E+02   0.0000000E+00   0.0000000E+00   0.0000000E+00
   1.5409123E+03   7.1300000E+02   0.0000000E+00   0.0000000E+00   0.0000000E+00
   1.5409198E+03   7.4700000E+02   0.0000000E+00   0.0000000E+00   0.0000000E+00
   1.5409273E+03   7.2100000E+02   1.0000000E+00   1.7796890E-04   1.2831558E-01
   1.5409348E+03   7.3400000E+02   0.0000000E+00   0.0000000E+00   0.0000000E+00
   1.5409424E+03   7.3800000E+02   0.0000000E+00   0.0000000E+00   0.0000000E+00
   1.5409499E+03   7.7300000E+02   1.0000000E+00   9.2006170E-04   7.1120769E-01
   1.5409574E+03   7.2700000E+02   0.0000000E+00   0.0000000E+00   0.0000000E+00
   1.5409650E+03   7.7100000E+02   0.0000000E+00   0.0000000E+00   0.0000000E+00
   1.5409725E+03   7.4600000E+02   1.0000000E+00   1.5956068E-04   1.1903227E-01
   1.5409800E+03   7.5000000E+02   0.0000000E+00   0.0000000E+00   0.0000000E+00
   1.5409875E+03   7.0400000E+02   0.0000000E+00   0.0000000E+00   0.0000000E+00
   1.5409951E+03   7.5700000E+02   0.0000000E+00   0.0000000E+00   0.0000000E+00
   1.5410026E+03   7.9200000E+02   0.0000000E+00   0.0000000E+00   0.0000000E+00
   1.5410101E+03   7.5400000E+02   1.0000000E+00   3.1725028E-04   2.3920671E-01
   1.5410177E+03   7.6000000E+02   0.0000000E+00   0.0000000E+00   0.0000000E+00
   1.5410252E+03   7.5500000E+02   0.0000000E+00   0.0000000E+00   0.0000000E+00
   1.5410327E+03   7.5200000E+02   0.0000000E+00   0.0000000E+00   0.0000000E+00
   1.5410402E+03   7.6300000E+02   0.0000000E+00   0.0000000E+00   0.0000000E+00
   1.5410478E+03   7.4000000E+02   1.0000000E+00   6.3209403E-05   4.6774958E-02
   1.5410553E+03   7.5400000E+02   0.0000000E+00   0.0000000E+00   0.0000000E+00
   1.5410628E+03   8.1600000E+02   0.0000000E+00   0.0000000E+00   0.0000000E+00
   1.5410704E+03   7.6000000E+02   0.0000000E+00   0.0000000E+00   0.0000000E+00
   1.5410779E+03   7.8400000E+02   1.0000000E+00   8.9289327E-04   7.0002833E-01
   1.5410854E+03   7.2700000E+02   0.0000000E+00   0.0000000E+00   0.0000000E+00
   1.5410929E+03   7.1800000E+02   1.0000000E+00   1.2776305E-04   9.1733869E-02
   1.5411005E+03   7.5400000E+02   0.0000000E+00   0.0000000E+00   0.0000000E+00
   1.5411080E+03   7.4500000E+02   0.0000000E+00   0.0000000E+00   0.0000000E+00
   1.5411155E+03   7.6000000E+02   0.0000000E+00   0.0000000E+00   0.0000000E+00
   1.5411230E+03   7.2100000E+02   0.0000000E+00   0.0000000E+00   0.0000000E+00
   1.5411306E+03   7.1200000E+02   0.0000000E+00   0.0000000E+00   0.0000000E+00
   1.5411381E+03   7.5000000E+02   0.0000000E+00   0.0000000E+00   0.0000000E+00
   1.5411456E+03   7.1800000E+02   0.0000000E+00   0.0000000E+00   0.0000000E+00
   1.5411532E+03   7.4700000E+02   0.0000000E+00   0.0000000E+00   0.0000000E+00
   1.5411607E+03   7.7600000E+02   0.0000000E+00   0.0000000E+00   0.0000000E+00
   1.5411682E+03   7.3500000E+02   1.0000000E+00   5.1519185E-04   3.7866601E-01
   1.5411757E+03   7.8300000E+02   0.0000000E+00   0.0000000E+00   0.0000000E+00
   1.5411833E+03   6.9300000E+02   0.0000000E+00   0.0000000E+00   0.0000000E+00
   1.5411908E+03   7.8700000E+02   0.0000000E+00   0.0000000E+00   0.0000000E+00
   1.5411983E+03   7.4400000E+02   0.0000000E+00   0.0000000E+00   0.0000000E+00
   1.5412059E+03   7.8400000E+02   0.0000000E+00   0.0000000E+00   0.0000000E+00
   1.5412134E+03   7.9500000E+02   2.0000000E+00   1.0642149E-03   4.2302543E-01
   1.5412209E+03   7.9400000E+02   0.0000000E+00   0.0000000E+00   0.0000000E+00
   1.5412284E+03   7.8100000E+02   0.0000000E+00   0.0000000E+00   0.0000000E+00
   1.5412360E+03   7.6300000E+02   1.0000000E+00   9.2274399E-04   7.0405367E-01
   1.5412435E+03   7.2300000E+02   0.0000000E+00   0.0000000E+00   0.0000000E+00
   1.5412510E+03   7.7500000E+02   0.0000000E+00   0.0000000E+00   0.0000000E+00
   1.5412586E+03   7.3300000E+02   0.0000000E+00   0.0000000E+00   0.0000000E+00
   1.5412661E+03   7.9400000E+02   0.0000000E+00   0.0000000E+00   0.0000000E+00
   1.5412736E+03   7.5200000E+02   0.0000000E+00   0.0000000E+00   0.0000000E+00
   1.5412811E+03   7.0900000E+02   0.0000000E+00   0.0000000E+00   0.0000000E+00
   1.5412887E+03   7.2200000E+02   0.0000000E+00   0.0000000E+00   0.0000000E+00
   1.5412962E+03   7.5400000E+02   0.0000000E+00   0.0000000E+00   0.0000000E+00
   1.5413037E+03   8.1800000E+02   0.0000000E+00   0.0000000E+00   0.0000000E+00
   1.5413113E+03   6.9700000E+02   2.0000000E+00   6.4756491E-04   2.2567637E-01
   1.5413188E+03   7.2000000E+02   1.0000000E+00   2.8355117E-04   2.0415684E-01
   1.5413263E+03   7.9300000E+02   0.0000000E+00   0.0000000E+00   0.0000000E+00
   1.5413338E+03   7.4900000E+02   0.0000000E+00   0.0000000E+00   0.0000000E+00
   1.5413414E+03   7.4000000E+02   0.0000000E+00   0.0000000E+00   0.0000000E+00
   1.5413489E+03   7.4600000E+02   0.0000000E+00   0.0000000E+00   0.0000000E+00
   1.5413564E+03   7.2500000E+02   0.0000000E+00   0.0000000E+00   0.0000000E+00
   1.5413640E+03   7.4600000E+02   0.0000000E+00   0.0000000E+00   0.0000000E+00
   1.5413715E+03   7.4700000E+02   0.0000000E+00   0.0000000E+00   0.0000000E+00
   1.5413790E+03   7.6500000E+02   0.0000000E+00   0.0000000E+00   0.0000000E+00
   1.5413865E+03   7.3900000E+02   0.0000000E+00   0.0000000E+00   0.0000000E+00
   1.5413941E+03   7.2700000E+02   0.0000000E+00   0.0000000E+00   0.0000000E+00
   1.5414016E+03   7.6300000E+02   0.0000000E+00   0.0000000E+00   0.0000000E+00
   1.5414091E+03   7.5300000E+02   0.0000000E+00   0.0000000E+00   0.0000000E+00
   1.5414167E+03   7.4700000E+02   0.0000000E+00   0.0000000E+00   0.0000000E+00
   1.5414242E+03   7.6900000E+02   0.0000000E+00   0.0000000E+00   0.0000000E+00
   1.5414317E+03   8.0300000E+02   0.0000000E+00   0.0000000E+00   0.0000000E+00
   1.5414392E+03   7.3400000E+02   1.0000000E+00   9.5322222E-04   6.9966511E-01
   1.5414468E+03   7.7100000E+02   0.0000000E+00   0.0000000E+00   0.0000000E+00
   1.5414543E+03   7.9200000E+02   0.0000000E+00   0.0000000E+00   0.0000000E+00
   1.5414618E+03   7.7500000E+02   0.0000000E+00   0.0000000E+00   0.0000000E+00
   1.5414694E+03   7.6900000E+02   0.0000000E+00   0.0000000E+00   0.0000000E+00
   1.5414769E+03   7.6600000E+02   0.0000000E+00   0.0000000E+00   0.0000000E+00
   1.5414844E+03   7.0800000E+02   0.0000000E+00   0.0000000E+00   0.0000000E+00
   1.5414919E+03   7.2400000E+02   0.0000000E+00   0.0000000E+00   0.0000000E+00
   1.5414995E+03   7.2700000E+02   0.0000000E+00   0.0000000E+00   0.0000000E+00
   1.5415070E+03   7.6700000E+02   1.0000000E+00   4.9609965E-04   3.8050843E-01
   1.5415145E+03   7.5200000E+02   1.0000000E+00   6.1378914E-04   4.6156943E-01
   1.5415221E+03   7.6400000E+02   0.0000000E+00   0.0000000E+00   0.0000000E+00
   1.5415296E+03   7.3500000E+02   0.0000000E+00   0.0000000E+00   0.0000000E+00
   1.5415371E+03   7.5100000E+02   1.0000000E+00   6.3325295E-04   4.7557297E-01
   1.5415446E+03   7.2600000E+02   2.0000000E+00   1.1185659E-03   4.0603941E-01
   1.5415522E+03   7.6600000E+02   0.0000000E+00   0.0000000E+00   0.0000000E+00
   1.5415597E+03   7.5500000E+02   0.0000000E+00   0.0000000E+00   0.0000000E+00
   1.5415672E+03   7.7100000E+02   0.0000000E+00   0.0000000E+00   0.0000000E+00
   1.5415747E+03   7.4400000E+02   0.0000000E+00   0.0000000E+00   0.0000000E+00
   1.5415823E+03   7.9400000E+02   1.0000000E+00   2.0812259E-04   1.6524933E-01
   1.5415898E+03   7.4000000E+02   0.0000000E+00   0.0000000E+00   0.0000000E+00
   1.5415973E+03   7.4300000E+02   2.0000000E+00   1.5679912E-04   5.8250874E-02
   1.5416049E+03   7.3200000E+02   0.0000000E+00   0.0000000E+00   0.0000000E+00
   1.5416124E+03   7.9200000E+02   0.0000000E+00   0.0000000E+00   0.0000000E+00
   1.5416199E+03   7.4800000E+02   0.0000000E+00   0.0000000E+00   0.0000000E+00
   1.5416274E+03   7.8300000E+02   1.0000000E+00   1.2226700E-03   9.5735062E-01
   1.5416350E+03   7.2100000E+02   0.0000000E+00   0.0000000E+00   0.0000000E+00
   1.5416425E+03   7.7200000E+02   1.0000000E+00   3.7909056E-04   2.9265792E-01
   1.5416500E+03   7.2600000E+02   1.0000000E+00   2.6669510E-04   1.9362064E-01
   1.5416576E+03   7.7100000E+02   0.0000000E+00   0.0000000E+00   0.0000000E+00
   1.5416651E+03   7.0000000E+02   0.0000000E+00   0.0000000E+00   0.0000000E+00
   1.5416726E+03   7.4600000E+02   1.0000000E+00   7.3217896E-05   5.4620551E-02
   1.5416801E+03   7.4500000E+02   0.0000000E+00   0.0000000E+00   0.0000000E+00
   1.5416877E+03   7.8300000E+02   2.0000000E+00   6.8384122E-04   2.6772384E-01
   1.5416952E+03   6.9700000E+02   0.0000000E+00   0.0000000E+00   0.0000000E+00
   1.5417027E+03   7.9500000E+02   0.0000000E+00   0.0000000E+00   0.0000000E+00
   1.5417103E+03   7.9400000E+02   0.0000000E+00   0.0000000E+00   0.0000000E+00
   1.5417178E+03   7.3400000E+02   0.0000000E+00   0.0000000E+00   0.0000000E+00
   1.5417253E+03   7.2200000E+02   0.0000000E+00   0.0000000E+00   0.0000000E+00
   1.5417328E+03   7.4600000E+02   1.0000000E+00   3.7931333E-05   2.8296775E-02
   1.5417404E+03   7.4500000E+02   0.0000000E+00   0.0000000E+00   0.0000000E+00
   1.5417479E+03   7.6300000E+02   0.0000000E+00   0.0000000E+00   0.0000000E+00
   1.5417554E+03   7.1500000E+02   1.0000000E+00   1.2859647E-03   9.1946476E-01
   1.5417630E+03   7.6200000E+02   0.0000000E+00   0.0000000E+00   0.0000000E+00
   1.5417705E+03   7.5200000E+02   2.0000000E+00   7.0621483E-04   2.6553678E-01
   1.5417780E+03   7.5800000E+02   1.0000000E+00   2.0356532E-04   1.5430251E-01
   1.5417855E+03   7.5500000E+02   0.0000000E+00   0.0000000E+00   0.0000000E+00
   1.5417931E+03   7.5000000E+02   0.0000000E+00   0.0000000E+00   0.0000000E+00
   1.5418006E+03   7.4200000E+02   1.0000000E+00   5.3930157E-04   4.0016176E-01
   1.5418081E+03   7.5600000E+02   0.0000000E+00   0.0000000E+00   0.0000000E+00
   1.5418157E+03   7.0100000E+02   0.0000000E+00   0.0000000E+00   0.0000000E+00
   1.5418232E+03   7.2100000E+02   0.0000000E+00   0.0000000E+00   0.0000000E+00
   1.5418307E+03   8.1700000E+02   1.0000000E+00   1.0463867E-03   8.5489792E-01
   1.5418382E+03   7.4500000E+02   0.0000000E+00   0.0000000E+00   0.0000000E+00
   1.5418458E+03   7.4500000E+02   0.0000000E+00   0.0000000E+00   0.0000000E+00
   1.5418533E+03   7.6400000E+02   0.0000000E+00   0.0000000E+00   0.0000000E+00
   1.5418608E+03   7.4100000E+02   0.0000000E+00   0.0000000E+00   0.0000000E+00
   1.5418684E+03   7.5300000E+02   0.0000000E+00   0.0000000E+00   0.0000000E+00
   1.5418759E+03   7.1400000E+02   0.0000000E+00   0.0000000E+00   0.0000000E+00
   1.5418834E+03   7.2500000E+02   1.0000000E+00   1.2060259E-03   8.7436881E-01
   1.5418909E+03   8.0800000E+02   1.0000000E+00   3.0867099E-04   2.4940616E-01
   1.5418985E+03   7.2600000E+02   1.0000000E+00   1.3067551E-04   9.4870422E-02
   1.5419060E+03   7.9400000E+02   0.0000000E+00   0.0000000E+00   0.0000000E+00
   1.5419135E+03   8.4000000E+02   1.0000000E+00   4.5727633E-04   3.8411212E-01
   1.5419211E+03   6.9700000E+02   0.0000000E+00   0.0000000E+00   0.0000000E+00
   1.5419286E+03   7.7200000E+02   0.0000000E+00   0.0000000E+00   0.0000000E+00
   1.5419361E+03   7.8100000E+02   0.0000000E+00   0.0000000E+00   0.0000000E+00
   1.5419436E+03   8.0200000E+02   0.0000000E+00   0.0000000E+00   0.0000000E+00
   1.5419512E+03   7.7000000E+02   0.0000000E+00   0.0000000E+00   0.0000000E+00
   1.5419587E+03   7.2200000E+02   0.0000000E+00   0.0000000E+00   0.0000000E+00
   1.5419662E+03   7.7600000E+02   0.0000000E+00   0.0000000E+00   0.0000000E+00
   1.5419738E+03   7.4200000E+02   0.0000000E+00   0.0000000E+00   0.0000000E+00
   1.5419813E+03   7.4600000E+02   0.0000000E+00   0.0000000E+00   0.0000000E+00
   1.5419888E+03   7.7600000E+02   0.0000000E+00   0.0000000E+00   0.0000000E+00
   1.5419963E+03   7.4600000E+02   0.0000000E+00   0.0000000E+00   0.0000000E+00
   1.5420039E+03   7.0400000E+02   1.0000000E+00   7.8475964E-04   5.5247079E-01
   1.5420114E+03   7.5300000E+02   0.0000000E+00   8.4858004E-06   0.0000000E+00
   1.5420189E+03   7.3900000E+02   0.0000000E+00   0.0000000E+00   0.0000000E+00
   1.5420264E+03   7.2800000E+02   0.0000000E+00   0.0000000E+00   0.0000000E+00
   1.5420340E+03   7.7400000E+02   0.0000000E+00   0.0000000E+00   0.0000000E+00
   1.5420415E+03   7.2400000E+02   0.0000000E+00   0.0000000E+00   0.0000000E+00
   1.5420490E+03   7.7400000E+02   0.0000000E+00   0.0000000E+00   0.0000000E+00
   1.5420566E+03   7.5100000E+02   0.0000000E+00   0.0000000E+00   0.0000000E+00
   1.5420641E+03   7.1600000E+02   0.0000000E+00   6.3188669E-05   0.0000000E+00
   1.5420716E+03   7.1700000E+02   0.0000000E+00   0.0000000E+00   0.0000000E+00
   1.5420791E+03   7.6700000E+02   0.0000000E+00   0.0000000E+00   0.0000000E+00
   1.5420867E+03   7.3700000E+02   0.0000000E+00   0.0000000E+00   0.0000000E+00
   1.5420942E+03   7.6300000E+02   0.0000000E+00   0.0000000E+00   0.0000000E+00
   1.5421017E+03   7.8900000E+02   1.0000000E+00   1.2029205E-03   9.4910428E-01
   1.5421093E+03   7.1600000E+02   0.0000000E+00   0.0000000E+00   0.0000000E+00
   1.5421168E+03   7.7200000E+02   0.0000000E+00   0.0000000E+00   0.0000000E+00
   1.5421243E+03   7.7300000E+02   0.0000000E+00   0.0000000E+00   0.0000000E+00
   1.5421318E+03   7.4300000E+02   0.0000000E+00   0.0000000E+00   0.0000000E+00
   1.5421394E+03   7.3200000E+02   1.0000000E+00   4.0655507E-04   2.9759831E-01
   1.5421469E+03   7.6600000E+02   1.0000000E+00   1.0657809E-03   8.1638815E-01
   1.5421544E+03   7.8000000E+02   1.0000000E+00   1.0061097E-03   7.8476556E-01
   1.5421620E+03   7.6100000E+02   1.0000000E+00   3.1800518E-04   2.4200194E-01
   1.5421695E+03   7.6200000E+02   1.0000000E+00   4.6443829E-05   3.5390198E-02
   1.5421770E+03   7.7000000E+02   0.0000000E+00   0.0000000E+00   0.0000000E+00
   1.5421845E+03   7.2300000E+02   0.0000000E+00   0.0000000E+00   0.0000000E+00
   1.5421921E+03   7.4500000E+02   2.0000000E+00   1.1264771E-03   4.1961271E-01
   1.5421996E+03   7.3900000E+02   0.0000000E+00   0.0000000E+00   0.0000000E+00
   1.5422071E+03   7.2400000E+02   2.0000000E+00   8.9643851E-04   3.2451074E-01
   1.5422147E+03   7.6100000E+02   0.0000000E+00   0.0000000E+00   0.0000000E+00
   1.5422222E+03   7.2900000E+02   0.0000000E+00   0.0000000E+00   0.0000000E+00
   1.5422297E+03   7.5000000E+02   0.0000000E+00   0.0000000E+00   0.0000000E+00
   1.5422372E+03   7.4700000E+02   0.0000000E+00   0.0000000E+00   0.0000000E+00
   1.5422448E+03   6.7700000E+02   0.0000000E+00   0.0000000E+00   0.0000000E+00
   1.5422523E+03   7.3600000E+02   0.0000000E+00   0.0000000E+00   0.0000000E+00
   1.5422598E+03   7.6400000E+02   1.0000000E+00   9.8491044E-04   7.5247158E-01
   1.5422674E+03   7.5800000E+02   1.0000000E+00   1.1935309E-03   9.0469645E-01
   1.5422749E+03   7.3600000E+02   1.0000000E+00   4.0465811E-04   2.9782837E-01
   1.5422824E+03   7.1300000E+02   0.0000000E+00   0.0000000E+00   0.0000000E+00
   1.5422899E+03   7.7900000E+02   0.0000000E+00   0.0000000E+00   0.0000000E+00
   1.5422975E+03   7.6800000E+02   0.0000000E+00   0.0000000E+00   0.0000000E+00
   1.5423050E+03   7.5000000E+02   1.0000000E+00   1.2661599E-03   9.4961996E-01
   1.5423125E+03   7.2300000E+02   2.0000000E+00   8.8444654E-04   3.1972742E-01
   1.5423201E+03   7.8100000E+02   0.0000000E+00   0.0000000E+00   0.0000000E+00
   1.5423276E+03   7.6700000E+02   0.0000000E+00   0.0000000E+00   0.0000000E+00
   1.5423351E+03   7.6100000E+02   0.0000000E+00   0.0000000E+00   0.0000000E+00
   1.5423426E+03   7.7600000E+02   1.0000000E+00   1.0544807E-03   8.1827706E-01
   1.5423502E+03   7.7300000E+02   1.0000000E+00   8.7146684E-04   6.7364387E-01
   1.5423577E+03   7.4500000E+02   0.0000000E+00   0.0000000E+00   0.0000000E+00
   1.5423652E+03   7.1500000E+02   0.0000000E+00   0.0000000E+00   0.0000000E+00
   1.5423728E+03   7.6300000E+02   0.0000000E+00   0.0000000E+00   0.0000000E+00
   1.5423803E+03   8.0900000E+02   0.0000000E+00   0.0000000E+00   0.0000000E+00
   1.5423878E+03   7.2800000E+02   0.0000000E+00   0.0000000E+00   0.0000000E+00
   1.5423953E+03   7.9900000E+02   0.0000000E+00   0.0000000E+00   0.0000000E+00
   1.5424029E+03   7.8500000E+02   1.0000000E+00   1.4633121E-04   1.1487000E-01
   1.5424104E+03   7.7000000E+02   0.0000000E+00   0.0000000E+00   0.0000000E+00
   1.5424179E+03   7.6300000E+02   0.0000000E+00   0.0000000E+00   0.0000000E+00
   1.5424255E+03   8.2300000E+02   0.0000000E+00   0.0000000E+00   0.0000000E+00
   1.5424330E+03   7.2800000E+02   0.0000000E+00   0.0000000E+00   0.0000000E+00
   1.5424405E+03   6.8800000E+02   0.0000000E+00   0.0000000E+00   0.0000000E+00
   1.5424480E+03   7.3200000E+02   0.0000000E+00   0.0000000E+00   0.0000000E+00
   1.5424556E+03   7.7400000E+02   0.0000000E+00   0.0000000E+00   0.0000000E+00
   1.5424631E+03   6.9700000E+02   0.0000000E+00   0.0000000E+00   0.0000000E+00
   1.5424706E+03   7.5500000E+02   0.0000000E+00   0.0000000E+00   0.0000000E+00
   1.5424781E+03   7.8100000E+02   0.0000000E+00   0.0000000E+00   0.0000000E+00
   1.5424857E+03   7.6700000E+02   0.0000000E+00   0.0000000E+00   0.0000000E+00
   1.5424932E+03   7.6000000E+02   0.0000000E+00   0.0000000E+00   0.0000000E+00
   1.5425007E+03   7.7300000E+02   0.0000000E+00   0.0000000E+00   0.0000000E+00
   1.5425083E+03   7.9100000E+02   0.0000000E+00   0.0000000E+00   0.0000000E+00
   1.5425158E+03   7.1900000E+02   0.0000000E+00   0.0000000E+00   0.0000000E+00
   1.5425233E+03   7.6100000E+02   1.0000000E+00   5.1175821E-04   3.8944800E-01
   1.5425308E+03   7.5700000E+02   1.0000000E+00   7.6586787E-04   5.7976198E-01
   1.5425384E+03   7.4500000E+02   0.0000000E+00   0.0000000E+00   0.0000000E+00
   1.5425459E+03   7.9600000E+02   0.0000000E+00   0.0000000E+00   0.0000000E+00
   1.5425534E+03   7.8800000E+02   0.0000000E+00   0.0000000E+00   0.0000000E+00
   1.5425610E+03   7.4900000E+02   0.0000000E+00   0.0000000E+00   0.0000000E+00
   1.5425685E+03   7.2700000E+02   0.0000000E+00   0.0000000E+00   0.0000000E+00
   1.5425760E+03   7.8200000E+02   0.0000000E+00   0.0000000E+00   0.0000000E+00
   1.5425835E+03   8.0100000E+02   1.0000000E+00   6.0521272E-05   4.8477539E-02
   1.5425911E+03   7.3900000E+02   0.0000000E+00   0.0000000E+00   0.0000000E+00
   1.5425986E+03   7.2900000E+02   1.0000000E+00   6.7850298E-05   4.9462867E-02
   1.5426061E+03   7.3100000E+02   0.0000000E+00   0.0000000E+00   0.0000000E+00
   1.5426137E+03   7.5100000E+02   0.0000000E+00   0.0000000E+00   0.0000000E+00
   1.5426212E+03   7.6400000E+02   0.0000000E+00   0.0000000E+00   0.0000000E+00
   1.5426287E+03   7.2800000E+02   1.0000000E+00   4.9966105E-04   3.6375324E-01
   1.5426362E+03   7.3100000E+02   0.0000000E+00   0.0000000E+00   0.0000000E+00
   1.5426438E+03   7.8600000E+02   0.0000000E+00   0.0000000E+00   0.0000000E+00
   1.5426513E+03   8.0400000E+02   1.0000000E+00   1.1577447E-03   9.3082671E-01
   1.5426588E+03   7.4900000E+02   1.0000000E+00   1.1462828E-03   8.5856579E-01
   1.5426664E+03   7.4700000E+02   0.0000000E+00   0.0000000E+00   0.0000000E+00
   1.5426739E+03   8.0900000E+02   0.0000000E+00   0.0000000E+00   0.0000000E+00
   1.5426814E+03   7.7900000E+02   0.0000000E+00   0.0000000E+00   0.0000000E+00
   1.5426889E+03   7.1300000E+02   0.0000000E+00   0.0000000E+00   0.0000000E+00
   1.5426965E+03   7.9800000E+02   0.0000000E+00   0.0000000E+00   0.0000000E+00
   1.5427040E+03   7.6300000E+02   1.0000000E+00   1.1357903E-03   8.6660801E-01
   1.5427115E+03   7.3200000E+02   0.0000000E+00   0.0000000E+00   0.0000000E+00
   1.5427191E+03   7.7500000E+02   0.0000000E+00   0.0000000E+00   0.0000000E+00
   1.5427266E+03   7.7200000E+02   1.0000000E+00   1.0347174E-03   8.0813314E-01
   1.5427341E+03   7.7800000E+02   0.0000000E+00   0.0000000E+00   0.0000000E+00
   1.5427416E+03   7.7000000E+02   0.0000000E+00   0.0000000E+00   0.0000000E+00
   1.5427492E+03   7.4700000E+02   1.0000000E+00   5.8886235E-04   4.3988017E-01
   1.5427567E+03   7.8800000E+02   0.0000000E+00   0.0000000E+00   0.0000000E+00
   1.5427642E+03   7.1700000E+02   1.0000000E+00   2.3884830E-04   1.7125423E-01
   1.5427718E+03   7.9400000E+02   1.0000000E+00   6.5435105E-05   5.1955473E-02
   1.5427793E+03   7.3700000E+02   0.0000000E+00   0.0000000E+00   0.0000000E+00
   1.5427868E+03   7.2300000E+02   1.0000000E+00   2.6750086E-04   1.9340313E-01
   1.5427943E+03   8.1600000E+02   0.0000000E+00   0.0000000E+00   0.0000000E+00
   1.5428019E+03   7.3900000E+02   0.0000000E+00   0.0000000E+00   0.0000000E+00
   1.5428094E+03   7.4200000E+02   2.0000000E+00   5.9155956E-04   2.1946860E-01
   1.5428169E+03   7.0800000E+02   0.0000000E+00   0.0000000E+00   0.0000000E+00
   1.5428245E+03   7.6400000E+02   2.0000000E+00   6.3395576E-04   2.4217110E-01
   1.5428320E+03   7.3800000E+02   1.0000000E+00   3.4685201E-04   2.5597678E-01
   1.5428395E+03   7.7600000E+02   0.0000000E+00   0.0000000E+00   0.0000000E+00
   1.5428470E+03   7.8600000E+02   1.0000000E+00   7.6070610E-04   5.9791500E-01
   1.5428546E+03   7.4400000E+02   1.0000000E+00   2.5321451E-04   1.8839160E-01
   1.5428621E+03   7.9200000E+02   0.0000000E+00   0.0000000E+00   0.0000000E+00
   1.5428696E+03   7.2600000E+02   1.0000000E+00   1.5305660E-04   1.1111909E-01
   1.5428772E+03   7.4100000E+02   1.0000000E+00   4.5095194E-04   3.3415539E-01
   1.5428847E+03   7.6700000E+02   2.0000000E+00   6.7245412E-04   2.5788616E-01
   1.5428922E+03   7.1400000E+02   0.0000000E+00   0.0000000E+00   0.0000000E+00
   1.5428997E+03   8.0400000E+02   1.0000000E+00   6.9969489E-04   5.6255469E-01
   1.5429073E+03   7.7000000E+02   1.0000000E+00   1.0867300E-03   8.3678207E-01
   1.5429148E+03   7.4300000E+02   0.0000000E+00   0.0000000E+00   0.0000000E+00
   1.5429223E+03   7.2900000E+02   3.0000000E+00   7.2997568E-04   1.7738409E-01
   1.5429298E+03   7.4700000E+02   0.0000000E+00   0.0000000E+00   0.0000000E+00
   1.5429374E+03   7.4300000E+02   1.0000000E+00   6.5005309E-04   4.8298945E-01
   1.5429449E+03   7.6700000E+02   0.0000000E+00   0.0000000E+00   0.0000000E+00
   1.5429524E+03   7.6600000E+02   1.0000000E+00   2.3358733E-04   1.7892789E-01
   1.5429600E+03   7.5200000E+02   0.0000000E+00   0.0000000E+00   0.0000000E+00
   1.5429675E+03   7.4000000E+02   0.0000000E+00   0.0000000E+00   0.0000000E+00
   1.5429750E+03   7.1300000E+02   1.0000000E+00   6.2882269E-04   4.4835058E-01
   1.5429825E+03   7.8000000E+02   0.0000000E+00   0.0000000E+00   0.0000000E+00
   1.5429901E+03   7.4500000E+02   0.0000000E+00   0.0000000E+00   0.0000000E+00
   1.5429976E+03   7.6300000E+02   0.0000000E+00   0.0000000E+00   0.0000000E+00
   1.5430051E+03   7.3700000E+02   0.0000000E+00   0.0000000E+00   0.0000000E+00
   1.5430127E+03   7.7700000E+02   1.0000000E+00   1.1837440E-03   9.1976908E-01
   1.5430202E+03   8.0000000E+02   0.0000000E+00   0.0000000E+00   0.0000000E+00
   1.5430277E+03   7.1200000E+02   0.0000000E+00   0.0000000E+00   0.0000000E+00
   1.5430352E+03   7.3800000E+02   0.0000000E+00   0.0000000E+00   0.0000000E+00
   1.5430428E+03   7.8800000E+02   0.0000000E+00   0.0000000E+00   0.0000000E+00
   1.5430503E+03   7.7100000E+02   0.0000000E+00   0.0000000E+00   0.0000000E+00
   1.5430578E+03   7.4900000E+02   1.0000000E+00   9.0829584E-04   6.8031359E-01
   1.5430654E+03   7.5300000E+02   1.0000000E+00   1.2410158E-03   9.3448492E-01
   1.5430729E+03   7.4700000E+02   1.0000000E+00   1.2526343E-03   9.3571780E-01
   1.5430804E+03   7.1800000E+02   2.0000000E+00   1.5150824E-03   5.7643827E-01
   1.5430879E+03   8.1600000E+02   2.0000000E+00   8.1085602E-04   3.3082925E-01
   1.5430955E+03   7.6800000E+02   0.0000000E+00   0.0000000E+00   0.0000000E+00
   1.5431030E+03   7.3000000E+02   1.0000000E+00   4.8045496E-04   3.5073212E-01
   1.5431105E+03   7.9000000E+02   2.0000000E+00   5.8236485E-04   2.3003411E-01
   1.5431181E+03   7.3400000E+02   1.0000000E+00   2.1928768E-04   1.6095716E-01
   1.5431256E+03   7.6800000E+02   0.0000000E+00   0.0000000E+00   0.0000000E+00
   1.5431331E+03   7.2900000E+02   1.0000000E+00   4.4271827E-04   3.2274162E-01
   1.5431406E+03   7.7400000E+02   0.0000000E+00   0.0000000E+00   0.0000000E+00
   1.5431482E+03   8.1300000E+02   1.0000000E+00   6.7027246E-05   5.4493151E-02
   1.5431557E+03   7.2800000E+02   1.0000000E+00   2.7963671E-04   2.0357553E-01
   1.5431632E+03   7.8300000E+02   0.0000000E+00   0.0000000E+00   0.0000000E+00
   1.5431708E+03   7.2700000E+02   1.0000000E+00   1.2776853E-04   9.2887719E-02
   1.5431783E+03   7.3200000E+02   0.0000000E+00   0.0000000E+00   0.0000000E+00
   1.5431858E+03   7.9300000E+02   3.0000000E+00   9.4171125E-04   2.4892567E-01
   1.5431933E+03   7.5900000E+02   0.0000000E+00   0.0000000E+00   0.0000000E+00
   1.5432009E+03   7.2900000E+02   1.0000000E+00   1.1643562E-04   8.4881566E-02
   1.5432084E+03   7.3100000E+02   0.0000000E+00   0.0000000E+00   0.0000000E+00
   1.5432159E+03   7.4400000E+02   0.0000000E+00   0.0000000E+00   0.0000000E+00
   1.5432235E+03   7.1700000E+02   0.0000000E+00   0.0000000E+00   0.0000000E+00
   1.5432310E+03   7.7500000E+02   0.0000000E+00   0.0000000E+00   0.0000000E+00
   1.5432385E+03   7.4000000E+02   1.0000000E+00   1.2553484E-03   9.2895778E-01
   1.5432460E+03   7.6100000E+02   0.0000000E+00   0.0000000E+00   0.0000000E+00
   1.5432536E+03   7.7000000E+02   0.0000000E+00   0.0000000E+00   0.0000000E+00
   1.5432611E+03   7.6100000E+02   2.0000000E+00   6.1001588E-04   2.3211104E-01
   1.5432686E+03   8.0300000E+02   0.0000000E+00   0.0000000E+00   0.0000000E+00
   1.5432762E+03   7.1900000E+02   0.0000000E+00   0.0000000E+00   0.0000000E+00
   1.5432837E+03   7.5300000E+02   0.0000000E+00   0.0000000E+00   0.0000000E+00
   1.5432912E+03   7.6400000E+02   0.0000000E+00   0.0000000E+00   0.0000000E+00
   1.5432987E+03   7.2700000E+02   0.0000000E+00   0.0000000E+00   0.0000000E+00
   1.5433063E+03   8.0600000E+02   0.0000000E+00   0.0000000E+00   0.0000000E+00
   1.5433138E+03   7.1200000E+02   0.0000000E+00   0.0000000E+00   0.0000000E+00
   1.5433213E+03   8.0400000E+02   1.0000000E+00   4.5713785E-04   3.6753883E-01
   1.5433289E+03   7.7200000E+02   0.0000000E+00   0.0000000E+00   0.0000000E+00
   1.5433364E+03   7.8700000E+02   0.0000000E+00   0.0000000E+00   0.0000000E+00
   1.5433439E+03   7.8400000E+02   1.0000000E+00   1.7362720E-04   1.3612373E-01
   1.5433514E+03   7.5300000E+02   2.0000000E+00   2.5813320E-04   9.7187151E-02
   1.5433590E+03   7.7200000E+02   1.0000000E+00   1.1990074E-04   9.2563372E-02
   1.5433665E+03   7.3200000E+02   0.0000000E+00   0.0000000E+00   0.0000000E+00
   1.5433740E+03   7.1600000E+02   0.0000000E+00   0.0000000E+00   0.0000000E+00
   1.5433815E+03   7.5600000E+02   0.0000000E+00   0.0000000E+00   0.0000000E+00
   1.5433891E+03   7.5800000E+02   0.0000000E+00   0.0000000E+00   0.0000000E+00
   1.5433966E+03   7.4800000E+02   0.0000000E+00   0.0000000E+00   0.0000000E+00
   1.5434041E+03   7.4500000E+02   1.0000000E+00   1.0957302E-03   8.1631901E-01
   1.5434117E+03   7.0400000E+02   1.0000000E+00   1.8709456E-04   1.3171457E-01
   1.5434192E+03   7.8100000E+02   1.0000000E+00   1.2034322E-04   9.3988052E-02
   1.5434267E+03   7.9600000E+02   2.0000000E+00   1.3511879E-04   5.3777278E-02
   1.5434342E+03   7.4600000E+02   0.0000000E+00   0.0000000E+00   0.0000000E+00
   1.5434418E+03   7.6300000E+02   0.0000000E+00   0.0000000E+00   0.0000000E+00
   1.5434493E+03   7.7200000E+02   0.0000000E+00   0.0000000E+00   0.0000000E+00
   1.5434568E+03   8.0800000E+02   1.0000000E+00   2.0483150E-04   1.6550385E-01
   1.5434644E+03   6.9600000E+02   1.0000000E+00   7.0260292E-04   4.8901163E-01
   1.5434719E+03   7.8100000E+02   0.0000000E+00   0.0000000E+00   0.0000000E+00
   1.5434794E+03   7.4700000E+02   1.0000000E+00   7.2310836E-04   5.4016194E-01
   1.5434869E+03   7.4100000E+02   2.0000000E+00   7.9982891E-04   2.9474652E-01
   1.5434945E+03   7.4800000E+02   0.0000000E+00   0.0000000E+00   0.0000000E+00
   1.5435020E+03   7.4000000E+02   0.0000000E+00   2.2172428E-05   0.0000000E+00
   1.5435095E+03   7.4700000E+02   0.0000000E+00   0.0000000E+00   0.0000000E+00
   1.5435171E+03   7.1400000E+02   3.0000000E+00   1.5052000E-03   3.5823761E-01
   1.5435246E+03   7.7000000E+02   0.0000000E+00   0.0000000E+00   0.0000000E+00
   1.5435321E+03   7.0400000E+02   0.0000000E+00   0.0000000E+00   0.0000000E+00
   1.5435396E+03   7.2700000E+02   1.0000000E+00   5.4479464E-04   3.9606570E-01
   1.5435472E+03   7.9900000E+02   0.0000000E+00   0.0000000E+00   0.0000000E+00
   1.5435547E+03   7.7200000E+02   1.0000000E+00   2.7405919E-04   2.1157369E-01
   1.5435622E+03   8.0600000E+02   0.0000000E+00   0.0000000E+00   0.0000000E+00
   1.5435698E+03   7.6100000E+02   0.0000000E+00   0.0000000E+00   0.0000000E+00
   1.5435773E+03   7.7000000E+02   0.0000000E+00   0.0000000E+00   0.0000000E+00
   1.5435848E+03   7.0500000E+02   0.0000000E+00   0.0000000E+00   0.0000000E+00
   1.5435923E+03   8.0800000E+02   0.0000000E+00   0.0000000E+00   0.0000000E+00
   1.5435999E+03   7.0500000E+02   2.0000000E+00   7.8172096E-04   2.7555664E-01
   1.5436074E+03   7.3400000E+02   0.0000000E+00   0.0000000E+00   0.0000000E+00
   1.5436149E+03   7.4500000E+02   0.0000000E+00   0.0000000E+00   0.0000000E+00
   1.5436225E+03   7.5700000E+02   0.0000000E+00   0.0000000E+00   0.0000000E+00
   1.5436300E+03   7.7300000E+02   0.0000000E+00   0.0000000E+00   0.0000000E+00
   1.5436375E+03   7.8700000E+02   0.0000000E+00   0.0000000E+00   0.0000000E+00
   1.5436450E+03   7.5300000E+02   0.0000000E+00   0.0000000E+00   0.0000000E+00
   1.5436526E+03   7.7200000E+02   1.0000000E+00   3.7712572E-04   2.9114106E-01
   1.5436601E+03   7.5700000E+02   0.0000000E+00   0.0000000E+00   0.0000000E+00
   1.5436676E+03   7.8900000E+02   0.0000000E+00   1.0822483E-05   0.0000000E+00
   1.5436752E+03   6.9300000E+02   0.0000000E+00   0.0000000E+00   0.0000000E+00
   1.5436827E+03   7.8000000E+02   0.0000000E+00   0.0000000E+00   0.0000000E+00
   1.5436902E+03   7.5700000E+02   1.0000000E+00   2.6781956E-04   2.0273941E-01
   1.5436977E+03   6.9700000E+02   0.0000000E+00   0.0000000E+00   0.0000000E+00
   1.5437053E+03   7.4800000E+02   1.0000000E+00   4.6890693E-04   3.5074238E-01
   1.5437128E+03   7.3900000E+02   1.0000000E+00   1.2350131E-04   9.1267466E-02
   1.5437203E+03   7.6800000E+02   0.0000000E+00   0.0000000E+00   0.0000000E+00
   1.5437279E+03   7.4600000E+02   1.0000000E+00   1.1960741E-03   8.9227128E-01
   1.5437354E+03   7.6700000E+02   1.0000000E+00   1.9345486E-04   1.4837988E-01
   1.5437429E+03   8.0300000E+02   0.0000000E+00   0.0000000E+00   0.0000000E+00
   1.5437504E+03   7.6000000E+02   0.0000000E+00   0.0000000E+00   0.0000000E+00
   1.5437580E+03   7.7400000E+02   0.0000000E+00   0.0000000E+00   0.0000000E+00
   1.5437655E+03   7.1200000E+02   0.0000000E+00   0.0000000E+00   0.0000000E+00
   1.5437730E+03   8.0200000E+02   0.0000000E+00   0.0000000E+00   0.0000000E+00
   1.5437806E+03   7.4400000E+02   0.0000000E+00   0.0000000E+00   0.0000000E+00
   1.5437881E+03   7.6000000E+02   0.0000000E+00   0.0000000E+00   0.0000000E+00
   1.5437956E+03   7.5600000E+02   0.0000000E+00   0.0000000E+00   0.0000000E+00
   1.5438031E+03   7.6500000E+02   0.0000000E+00   0.0000000E+00   0.0000000E+00
   1.5438107E+03   7.4400000E+02   4.0000000E+00   1.4339890E-04   2.6672196E-02
   1.5438182E+03   7.3900000E+02   0.0000000E+00   0.0000000E+00   0.0000000E+00
   1.5438257E+03   7.8400000E+02   0.0000000E+00   0.0000000E+00   0.0000000E+00
   1.5438332E+03   6.9400000E+02   0.0000000E+00   0.0000000E+00   0.0000000E+00
   1.5438408E+03   7.5400000E+02   0.0000000E+00   0.0000000E+00   0.0000000E+00
   1.5438483E+03   7.3200000E+02   3.0000000E+00   7.9686353E-04   1.9443470E-01
   1.5438558E+03   7.4000000E+02   1.0000000E+00   5.6115310E-04   4.1525330E-01
   1.5438634E+03   7.6700000E+02   0.0000000E+00   0.0000000E+00   0.0000000E+00
   1.5438709E+03   6.8800000E+02   1.0000000E+00   1.3453927E-03   9.2563019E-01
   1.5438784E+03   7.7300000E+02   0.0000000E+00   0.0000000E+00   0.0000000E+00
   1.5438859E+03   7.0700000E+02   2.0000000E+00   3.0972742E-04   1.0948864E-01
   1.5438935E+03   7.1700000E+02   0.0000000E+00   0.0000000E+00   0.0000000E+00
   1.5439010E+03   7.5900000E+02   0.0000000E+00   0.0000000E+00   0.0000000E+00
   1.5439085E+03   7.2000000E+02   0.0000000E+00   0.0000000E+00   0.0000000E+00
   1.5439161E+03   7.3800000E+02   3.0000000E+00   1.0317444E-03   2.5380913E-01
   1.5439236E+03   7.2400000E+02   2.0000000E+00   3.6847162E-05   1.3338673E-02
   1.5439311E+03   7.3300000E+02   0.0000000E+00   0.0000000E+00   0.0000000E+00
   1.5439386E+03   7.1000000E+02   0.0000000E+00   0.0000000E+00   0.0000000E+00
   1.5439462E+03   7.3300000E+02   1.0000000E+00   4.9450494E-04   3.6247212E-01
   1.5439537E+03   7.8200000E+02   0.0000000E+00   0.0000000E+00   0.0000000E+00
   1.5439612E+03   7.6400000E+02   2.0000000E+00   8.8233504E-04   3.3330074E-01
   1.5439688E+03   7.7400000E+02   0.0000000E+00   0.0000000E+00   0.0000000E+00
   1.5439763E+03   7.2700000E+02   2.0000000E+00   2.1391553E-04   7.7758296E-02
   1.5439838E+03   7.4200000E+02   1.0000000E+00   1.4656124E-04   1.0874844E-01
   1.5439913E+03   7.4500000E+02   1.0000000E+00   5.6271935E-04   4.1922591E-01
   1.5439989E+03   7.4500000E+02   1.0000000E+00   1.1659084E-03   8.6860176E-01
   1.5440064E+03   7.4700000E+02   0.0000000E+00   0.0000000E+00   0.0000000E+00
   1.5440139E+03   7.7500000E+02   0.0000000E+00   0.0000000E+00   0.0000000E+00
   1.5440215E+03   7.3500000E+02   1.0000000E+00   1.8192626E-04   1.3371580E-01
   1.5440290E+03   7.0800000E+02   0.0000000E+00   0.0000000E+00   0.0000000E+00
   1.5440365E+03   7.2500000E+02   0.0000000E+00   0.0000000E+00   0.0000000E+00
   1.5440440E+03   7.3700000E+02   0.0000000E+00   0.0000000E+00   0.0000000E+00
   1.5440516E+03   7.4200000E+02   1.0000000E+00   7.2764780E-04   5.3991467E-01
   1.5440591E+03   7.1900000E+02   0.0000000E+00   0.0000000E+00   0.0000000E+00
   1.5440666E+03   7.4000000E+02   1.0000000E+00   9.7161410E-04   7.1899443E-01
   1.5440742E+03   7.4700000E+02   1.0000000E+00   1.0160263E-04   7.5897163E-02
   1.5440817E+03   7.6800000E+02   0.0000000E+00   0.0000000E+00   0.0000000E+00
   1.5440892E+03   6.9600000E+02   1.0000000E+00   1.3227109E-03   9.2060676E-01
   1.5440967E+03   7.6700000E+02   0.0000000E+00   0.0000000E+00   0.0000000E+00
   1.5441043E+03   7.5200000E+02   2.0000000E+00   1.1918781E-03   4.4814615E-01
   1.5441118E+03   7.2800000E+02   1.0000000E+00   1.0918052E-03   7.9483418E-01
   1.5441193E+03   7.2500000E+02   0.0000000E+00   0.0000000E+00   0.0000000E+00
   1.5441269E+03   7.2000000E+02   0.0000000E+00   0.0000000E+00   0.0000000E+00
   1.5441344E+03   7.2000000E+02   1.0000000E+00   1.2774423E-03   9.1975844E-01
   1.5441419E+03   7.5600000E+02   0.0000000E+00   0.0000000E+00   0.0000000E+00
   1.5441494E+03   8.0900000E+02   1.0000000E+00   1.0930873E-03   9.0873882E-01
   1.5441570E+03   7.6900000E+02   1.0000000E+00   1.1441007E-04   8.7981347E-02
   1.5441645E+03   7.7400000E+02   0.0000000E+00   0.0000000E+00   0.0000000E+00
   1.5441720E+03   7.9400000E+02   0.0000000E+00   0.0000000E+00   0.0000000E+00
   1.5441796E+03   7.4900000E+02   0.0000000E+00   1.4618475E-05   0.0000000E+00
   1.5441871E+03   7.0500000E+02   0.0000000E+00   0.0000000E+00   0.0000000E+00
   1.5441946E+03   7.4100000E+02   1.0000000E+00   1.6826609E-04   1.2468517E-01
   1.5442021E+03   7.3800000E+02   1.0000000E+00   1.9663388E-04   1.4511581E-01
   1.5442097E+03   7.7100000E+02   1.0000000E+00   6.7904982E-05   5.2354741E-02
   1.5442172E+03   7.4600000E+02   2.0000000E+00   1.1133906E-03   4.1529471E-01
   1.5442247E+03   7.3800000E+02   2.0000000E+00   1.2730553E-03   4.6975741E-01
   1.5442323E+03   7.3200000E+02   3.0000000E+00   1.3189719E-03   3.2182914E-01
   1.5442398E+03   7.4200000E+02   2.0000000E+00   2.1929958E-03   8.1360143E-01
   1.5442473E+03   7.2900000E+02   0.0000000E+00   0.0000000E+00   0.0000000E+00
   1.5442548E+03   7.3200000E+02   1.0000000E+00   1.2148079E-03   8.8923935E-01
   1.5442624E+03   7.4600000E+02   0.0000000E+00   0.0000000E+00   0.0000000E+00
   1.5442699E+03   7.6000000E+02   2.0000000E+00   1.3776216E-03   5.2349622E-01
   1.5442774E+03   7.2800000E+02   0.0000000E+00   0.0000000E+00   0.0000000E+00
   1.5442849E+03   7.5500000E+02   0.0000000E+00   0.0000000E+00   0.0000000E+00
   1.5442925E+03   7.4200000E+02   0.0000000E+00   0.0000000E+00   0.0000000E+00
   1.5443000E+03   7.3500000E+02   0.0000000E+00   0.0000000E+00   0.0000000E+00
   1.5443075E+03   7.7300000E+02   0.0000000E+00   0.0000000E+00   0.0000000E+00
   1.5443151E+03   7.5300000E+02   0.0000000E+00   0.0000000E+00   0.0000000E+00
   1.5443226E+03   7.9100000E+02   2.0000000E+00   1.0244425E-03   4.0516702E-01
   1.5443301E+03   7.5300000E+02   1.0000000E+00   6.2664170E-04   4.7186120E-01
   1.5443376E+03   7.4700000E+02   2.0000000E+00   6.5435687E-04   2.4440229E-01
   1.5443452E+03   7.6100000E+02   1.0000000E+00   2.0134372E-04   1.5322257E-01
   1.5443527E+03   7.5100000E+02   1.0000000E+00   1.0040073E-03   7.5400949E-01
   1.5443602E+03   7.3400000E+02   0.0000000E+00   0.0000000E+00   0.0000000E+00
   1.5443678E+03   7.4700000E+02   3.0000000E+00   9.5990521E-04   2.3901640E-01
   1.5443753E+03   7.2900000E+02   0.0000000E+00   0.0000000E+00   0.0000000E+00
   1.5443828E+03   7.2400000E+02   0.0000000E+00   0.0000000E+00   0.0000000E+00
   1.5443903E+03   7.5800000E+02   1.0000000E+00   1.1945659E-03   9.0548094E-01
   1.5443979E+03   7.1600000E+02   2.0000000E+00   4.7664241E-04   1.7063798E-01
   1.5444054E+03   7.4000000E+02   1.0000000E+00   2.6029251E-04   1.9261646E-01
   1.5444129E+03   7.6100000E+02   3.0000000E+00   1.4369452E-03   3.6450510E-01
   1.5444205E+03   7.6900000E+02   0.0000000E+00   0.0000000E+00   0.0000000E+00
   1.5444280E+03   7.1200000E+02   0.0000000E+00   0.0000000E+00   0.0000000E+00
   1.5444355E+03   7.4000000E+02   3.0000000E+00   6.5461328E-04   1.6147128E-01
   1.5444430E+03   7.6900000E+02   1.0000000E+00   4.0765150E-04   3.1348400E-01
   1.5444506E+03   7.4000000E+02   3.0000000E+00   3.4301647E-04   8.4610728E-02
   1.5444581E+03   7.8600000E+02   0.0000000E+00   0.0000000E+00   0.0000000E+00
   1.5444656E+03   7.4500000E+02   0.0000000E+00   0.0000000E+00   0.0000000E+00
   1.5444732E+03   7.6500000E+02   1.0000000E+00   1.2574066E-04   9.6191602E-02
   1.5444807E+03   8.0500000E+02   0.0000000E+00   0.0000000E+00   0.0000000E+00
   1.5444882E+03   7.2600000E+02   3.0000000E+00   3.0944704E-04   7.4886184E-02
   1.5444957E+03   7.5800000E+02   0.0000000E+00   0.0000000E+00   0.0000000E+00
   1.5445033E+03   7.3700000E+02   2.0000000E+00   1.6747039E-04   6.1712837E-02
   1.5445108E+03   7.3900000E+02   2.0000000E+00   6.9848909E-05   2.5809172E-02
   1.5445183E+03   7.4100000E+02   1.0000000E+00   1.7815410E-05   1.3201218E-02
   1.5445259E+03   7.2800000E+02   0.0000000E+00   0.0000000E+00   0.0000000E+00
   1.5445334E+03   8.0100000E+02   1.0000000E+00   2.2357405E-04   1.7908281E-01
   1.5445409E+03   7.5100000E+02   0.0000000E+00   0.0000000E+00   0.0000000E+00
   1.5445484E+03   7.2600000E+02   1.0000000E+00   1.2428317E-03   9.0229585E-01
   1.5445560E+03   6.9700000E+02   2.0000000E+00   5.3901368E-04   1.8784627E-01
   1.5445635E+03   7.3700000E+02   2.0000000E+00   6.0702078E-04   2.2368716E-01
   1.5445710E+03   7.1300000E+02   1.0000000E+00   1.0077311E-03   7.1851226E-01
   1.5445786E+03   7.4000000E+02   1.0000000E+00   2.5649310E-04   1.8980490E-01
   1.5445861E+03   7.4600000E+02   1.0000000E+00   1.2055770E-03   8.9936044E-01
   1.5445936E+03   6.4400000E+02   1.0000000E+00   1.5614553E-04   1.0055772E-01
   1.5446011E+03   7.6200000E+02   5.0000000E+00   7.6871265E-04   1.1715181E-01
   1.5446087E+03   7.1800000E+02   1.0000000E+00   1.8915575E-04   1.3581383E-01
   1.5446162E+03   6.7900000E+02   0.0000000E+00   0.0000000E+00   0.0000000E+00
   1.5446237E+03   6.7400000E+02   1.0000000E+00   3.4889002E-04   2.3515188E-01
   1.5446313E+03   7.2200000E+02   1.0000000E+00   1.5056398E-05   1.0870719E-02
   1.5446388E+03   7.2100000E+02   4.0000000E+00   3.6701073E-04   6.5808446E-02
   1.5446463E+03   6.8600000E+02   2.0000000E+00   1.0648993E-03   3.6526045E-01
   1.5446538E+03   6.7100000E+02   1.0000000E+00   5.2179627E-04   3.5012529E-01
   1.5446614E+03   7.2400000E+02   2.0000000E+00   5.3225397E-04   1.9107516E-01
   1.5446689E+03   7.3200000E+02   1.0000000E+00   4.1621627E-06   4.2634749E-03
   1.5446764E+03   6.9400000E+02   2.0000000E+00   2.0530494E-03   7.1240814E-01
   1.5446840E+03   6.7500000E+02   4.0000000E+00   1.1960033E-03   2.0182555E-01
   1.5446915E+03   6.4200000E+02   5.0000000E+00   1.9904743E-03   2.5557689E-01
   1.5446990E+03   7.4300000E+02   0.0000000E+00   0.0000000E+00   0.0000000E+00
   1.5447065E+03   6.5600000E+02   2.0000000E+00   5.3326471E-04   1.7491083E-01
   1.5447141E+03   6.7200000E+02   1.0000000E+00   1.7175287E-04   1.1541793E-01
   1.5447216E+03   6.2300000E+02   2.0000000E+00   1.2858908E-03   4.0055498E-01
   1.5447291E+03   6.5200000E+02   2.0000000E+00   1.7823208E-04   5.8103659E-02
   1.5447366E+03   6.1700000E+02   1.0000000E+00   2.1177804E-05   1.3066705E-02
   1.5447442E+03   6.7800000E+02   2.0000000E+00   1.1384959E-03   3.8595011E-01
   1.5447517E+03   6.7100000E+02   4.0000000E+00   1.4430922E-04   2.4168348E-02
   1.5447592E+03   6.4300000E+02   2.0000000E+00   8.2027083E-04   2.6537622E-01
   1.5447668E+03   6.5200000E+02   6.0000000E+00   6.1849953E-04   6.7210282E-02
   1.5447743E+03   6.4600000E+02   3.0000000E+00   7.8393101E-04   1.6766751E-01
   1.5447818E+03   6.4100000E+02   5.0000000E+00   2.3399591E-04   3.0923898E-02
   1.5447893E+03   5.7000000E+02   5.0000000E+00   5.3292783E-04   6.2404002E-02
   1.5447969E+03   6.0700000E+02   5.0000000E+00   1.6950508E-03   2.0551682E-01
   1.5448044E+03   6.0100000E+02   6.0000000E+00   9.4866958E-05   9.5025070E-03
   1.5448119E+03   5.8400000E+02   2.0000000E+00   6.9491972E-05   2.0499550E-02
   1.5448195E+03   5.3400000E+02   3.0000000E+00   8.6587498E-04   1.5412575E-01
   1.5448270E+03   5.4200000E+02   6.0000000E+00   2.7643773E-03   2.5033514E-01
   1.5448345E+03   5.2200000E+02   8.0000000E+00   2.5457281E-03   1.6633198E-01
   1.5448420E+03   5.1800000E+02   6.0000000E+00   1.8198981E-04   1.5711787E-02
   1.5448496E+03   5.0300000E+02   7.0000000E+00   1.6220738E-03   1.1607349E-01
   1.5448571E+03   5.2600000E+02   7.0000000E+00   8.2546582E-04   6.2027860E-02
   1.5448646E+03   4.8400000E+02   6.0000000E+00   1.7339172E-03   1.3986932E-01
   1.5448722E+03   4.4500000E+02   6.0000000E+00   4.3862403E-05   3.3988244E-03
   1.5448797E+03   4.1900000E+02   6.0000000E+00   7.3918157E-04   5.1461799E-02
   1.5448872E+03   4.5500000E+02   5.0000000E+00   8.0567328E-05   7.4237530E-03
   1.5448947E+03   4.1400000E+02   7.0000000E+00   3.3083414E-03   1.9572423E-01
   1.5449023E+03   3.3700000E+02   7.0000000E+00   1.6186758E-03   7.8287248E-02
   1.5449098E+03   3.5300000E+02   9.0000000E+00   1.9734333E-03   7.8192200E-02
   1.5449173E+03   3.2800000E+02   5.0000000E+00   1.3243202E-03   8.6487707E-02
   1.5449249E+03   3.1300000E+02   7.0000000E+00   1.4754992E-03   6.5869999E-02
   1.5449324E+03   3.0700000E+02   8.0000000E+00   1.3380768E-03   5.1348698E-02
   1.5449399E+03   3.0000000E+02   1.3000000E+01   2.4677316E-03   5.6947653E-02
   1.5449474E+03   2.6900000E+02   3.0000000E+00   3.9743624E-05   3.1202356E-03
   1.5449550E+03   2.5000000E+02   1.7000000E+01   1.3187265E-03   1.9180208E-02
   1.5449625E+03   2.2400000E+02   1.3000000E+01   7.4432374E-03   1.2813637E-01
   1.5449700E+03   2.2400000E+02   1.1000000E+01   6.1362631E-04   3.5852908E-02
   1.5449776E+03   2.3300000E+02   1.8000000E+01   2.1829733E-03   2.8267753E-02
   1.5449851E+03   1.8300000E+02   8.0000000E+00   2.0965508E-03   1.3705859E-02
   1.5449926E+03   1.6600000E+02   9.0000000E+00   3.8183744E-04   7.2193868E-03
   1.5450001E+03   1.5900000E+02   2.0000000E+01   4.3061814E-03   1.8187936E-02
   1.5450077E+03   1.4300000E+02   1.3000000E+01   4.1730217E-03   6.3024071E-02
   1.5450152E+03   1.1800000E+02   7.0000000E+00   2.4349463E-03   4.1255625E-02
   1.5450227E+03   1.0200000E+02   1.6000000E+01   1.1103887E-02   5.8064168E-02
   1.5450303E+03   1.1700000E+02   1.6000000E+01   4.9233365E-03   3.6222872E-02
   1.5450378E+03   8.5000000E+01   2.2000000E+01   8.9726656E-03   1.3566709E-02
   1.5450453E+03   7.5000000E+01   1.9000000E+01   1.0546743E-02   3.8871564E-02
   1.5450528E+03   7.3000000E+01   1.9000000E+01   9.5302204E-03   5.8436296E-02
   1.5450604E+03   6.1000000E+01   2.9000000E+01   2.4697762E-02   4.7412521E-02
   1.5450679E+03   5.5000000E+01   1.9000000E+01   1.1776542E-02   3.4320359E-02
   1.5450754E+03   4.8000000E+01   1.6000000E+01   7.9222096E-03   9.9386514E-03
   1.5450830E+03   3.7000000E+01   1.8000000E+01   3.1531484E-02   8.0167908E-02
   1.5450905E+03   3.6000000E+01   1.8000000E+01   1.2341297E-02   2.9748026E-02
   1.5450980E+03   3.9000000E+01   2.5000000E+01   1.5128232E-02   2.8686755E-02
   1.5451055E+03   3.4000000E+01   2.3000000E+01   4.7612548E-02   6.5728208E-02
   1.5451131E+03   2.7000000E+01   1.8000000E+01   1.5414613E-02   2.3102416E-02
   1.5451206E+03   2.1000000E+01   1.5000000E+01   8.2727555E-02   1.1581858E-01
   1.5451281E+03   2.6000000E+01   2.3000000E+01   4.8386137E-02   4.5139253E-02
   1.5451357E+03   3.5000000E+01   3.1000000E+01   3.1190636E-02   3.7497392E-02
   1.5451432E+03   3.3000000E+01   2.9000000E+01   3.1540552E-02   3.9836148E-02
   1.5451507E+03   2.3000000E+01   1.9000000E+01   7.5923509E-03   9.1141806E-03
   1.5451582E+03   1.9000000E+01   1.9000000E+01   4.4714897E-02   4.4714897E-02
   1.5451658E+03   2.6000000E+01   2.6000000E+01   3.1256591E-02   3.1256591E-02
   1.5451733E+03   1.8000000E+01   1.8000000E+01   1.9539628E-02   1.9539628E-02
   1.5451808E+03   2.3000000E+01   2.2000000E+01   2.9291252E-02   3.0622672E-02
   1.5451883E+03   2.8000000E+01   2.7000000E+01   3.5388724E-02   3.0052799E-02
   1.5451959E+03   2.0000000E+01   2.0000000E+01   6.6509643E-02   6.6509643E-02
   1.5452034E+03   1.6000000E+01   1.4000000E+01   3.3875773E-02   1.4941715E-02
   1.5452109E+03   1.8000000E+01   1.8000000E+01   4.9002988E-02   4.9002988E-02
   1.5452185E+03   2.7000000E+01   2.6000000E+01   4.1043616E-02   2.8501859E-02
   1.5452260E+03   2.4000000E+01   2.1000000E+01   7.0840823E-02   6.5814218E-02
   1.5452335E+03   2.5000000E+01   2.4000000E+01   9.5441577E-02   9.1020941E-02
   1.5452410E+03   2.3000000E+01   2.3000000E+01   7.0373536E-02   7.0373536E-02
   1.5452486E+03   2.4000000E+01   2.1000000E+01   2.9646061E-02   4.6687364E-02
   1.5452561E+03   2.4000000E+01   2.4000000E+01   3.4423259E-02   3.4423259E-02
   1.5452636E+03   2.0000000E+01   2.0000000E+01   3.6762761E-02   3.6762761E-02
   1.5452712E+03   2.3000000E+01   2.3000000E+01   3.5581359E-02   3.5581359E-02
   1.5452787E+03   3.0000000E+01   2.7000000E+01   6.2019639E-02   9.0227614E-02
   1.5452862E+03   2.3000000E+01   2.2000000E+01   3.4035920E-02   5.0852173E-02
   1.5452937E+03   3.1000000E+01   2.9000000E+01   4.6843408E-02   5.3886569E-02
   1.5453013E+03   2.9000000E+01   2.8000000E+01   5.7984026E-02   4.2377708E-02
   1.5453088E+03   3.3000000E+01   3.3000000E+01   3.6182236E-02   3.6182236E-02
   1.5453163E+03   3.5000000E+01   3.4000000E+01   3.8133916E-02   3.3065179E-02
   1.5453239E+03   2.1000000E+01   2.0000000E+01   1.5688763E-02   1.8765688E-02
   1.5453314E+03   2.1000000E+01   1.9000000E+01   4.4841223E-02   4.1159723E-02
   1.5453389E+03   3.1000000E+01   3.0000000E+01   4.0520358E-02   3.8029479E-02
   1.5453464E+03   3.8000000E+01   3.7000000E+01   2.2715917E-02   1.2541463E-02
   1.5453540E+03   3.8000000E+01   3.7000000E+01   2.7394016E-02   1.8133485E-02
   1.5453615E+03   2.7000000E+01   2.7000000E+01   5.7724960E-02   5.7724960E-02
   1.5453690E+03   1.7000000E+01   1.7000000E+01   7.2243073E-02   7.2243073E-02
   1.5453766E+03   2.6000000E+01   2.5000000E+01   5.6964996E-02   4.6823425E-02
   1.5453841E+03   2.8000000E+01   2.7000000E+01   3.6871588E-02   4.8758006E-02
   1.5453916E+03   3.5000000E+01   3.4000000E+01   5.1716302E-02   4.3576740E-02
   1.5453991E+03   3.5000000E+01   3.5000000E+01   1.8520431E-02   1.8520431E-02
   1.5454067E+03   2.4000000E+01   2.3000000E+01   4.7840666E-02   6.2140900E-02
   1.5454142E+03   2.9000000E+01   2.8000000E+01   8.0469349E-02   8.1370240E-02
   1.5454217E+03   3.7000000E+01   3.5000000E+01   1.3064045E-02   2.1343736E-02
   1.5454293E+03   2.8000000E+01   2.8000000E+01   1.6295239E-02   1.6295239E-02
   1.5454368E+03   3.1000000E+01   3.0000000E+01   2.1911991E-02   2.1435100E-02
   1.5454443E+03   3.1000000E+01   3.0000000E+01   2.5995576E-02   2.0435644E-02
   1.5454518E+03   2.6000000E+01   2.6000000E+01   4.2662585E-02   4.2662585E-02
   1.5454594E+03   3.5000000E+01   3.3000000E+01   2.4298608E-02   2.9848819E-02
   1.5454669E+03   2.8000000E+01   2.8000000E+01   3.8150321E-02   3.8150321E-02
   1.5454744E+03   3.8000000E+01   3.8000000E+01   1.6252963E-02   1.6252963E-02
   1.5454820E+03   2.1000000E+01   2.0000000E+01   6.6385162E-02   6.2145720E-02
   1.5454895E+03   3.7000000E+01   3.7000000E+01   4.4865046E-02   4.4865046E-02
   1.5454970E+03   3.8000000E+01   3.6000000E+01   6.3985496E-02   6.1239849E-02
   1.5455045E+03   2.7000000E+01   2.6000000E+01   7.6005355E-02   8.4608818E-02
   1.5455121E+03   3.3000000E+01   3.1000000E+01   3.4381831E-02   3.1244377E-02
   1.5455196E+03   4.0000000E+01   3.9000000E+01   2.7181432E-02   2.8334397E-02
   1.5455271E+03   3.2000000E+01   3.0000000E+01   5.0887065E-02   6.4824519E-02
   1.5455347E+03   4.4000000E+01   4.3000000E+01   2.2019132E-02   1.5401917E-02
   1.5455422E+03   3.4000000E+01   3.1000000E+01   3.4504179E-02   2.6286544E-02
   1.5455497E+03   3.0000000E+01   2.9000000E+01   3.6610526E-02   3.7097364E-02
   1.5455572E+03   3.4000000E+01   3.3000000E+01   4.3735390E-02   3.7553350E-02
   1.5455648E+03   4.2000000E+01   4.0000000E+01   6.0500812E-02   7.1894185E-02
   1.5455723E+03   3.2000000E+01   3.1000000E+01   1.2645090E-02   7.1550357E-03
   1.5455798E+03   3.3000000E+01   3.3000000E+01   4.2886334E-02   4.2886334E-02
   1.5455874E+03   4.3000000E+01   4.0000000E+01   3.9593910E-02   3.5582588E-02
   1.5455949E+03   3.2000000E+01   3.2000000E+01   5.6261449E-02   5.6261449E-02
   1.5456024E+03   4.0000000E+01   3.9000000E+01   2.3767065E-02   2.6646787E-02
   1.5456099E+03   4.5000000E+01   4.4000000E+01   3.9120866E-02   3.4753739E-02
   1.5456175E+03   3.4000000E+01   3.3000000E+01   2.8943152E-02   2.9693202E-02
   1.5456250E+03   4.0000000E+01   3.7000000E+01   3.1717186E-02   3.4664512E-02
   1.5456325E+03   3.5000000E+01   3.3000000E+01   1.5219708E-02   2.2230950E-02
   1.5456400E+03   4.6000000E+01   4.5000000E+01   3.7771570E-02   4.5662934E-02
   1.5456476E+03   4.3000000E+01   4.2000000E+01   3.5211648E-02   3.4422127E-02
   1.5456551E+03   2.0000000E+01   2.0000000E+01   8.0461498E-02   8.0461498E-02
   1.5456626E+03   3.7000000E+01   3.7000000E+01   5.8611511E-02   5.8611511E-02
   1.5456702E+03   4.1000000E+01   3.9000000E+01   4.5707997E-02   4.3087600E-02
   1.5456777E+03   3.0000000E+01   3.0000000E+01   1.0077844E-02   1.0077844E-02
   1.5456852E+03   5.1000000E+01   5.1000000E+01   2.2506934E-02   2.2506934E-02
   1.5456927E+03   2.0000000E+01   2.0000000E+01   1.8348130E-02   1.8348130E-02
   1.5457003E+03   4.6000000E+01   4.5000000E+01   4.3535668E-02   5.1878502E-02
   1.5457078E+03   3.4000000E+01   3.3000000E+01   5.6489495E-02   6.9831824E-02
   1.5457153E+03   3.3000000E+01   3.3000000E+01   9.0773976E-02   9.0773976E-02
   1.5457229E+03   3.5000000E+01   3.5000000E+01   6.5489029E-02   6.5489029E-02
   1.5457304E+03   4.1000000E+01   4.1000000E+01   3.2884904E-02   3.2884904E-02
   1.5457379E+03   2.9000000E+01   2.8000000E+01   2.5674374E-02   2.2737566E-02
   1.5457454E+03   2.8000000E+01   2.7000000E+01   6.1717564E-02   5.0836861E-02
   1.5457530E+03   3.4000000E+01   3.3000000E+01   1.2822066E-02   1.1227882E-02
   1.5457605E+03   4.0000000E+01   3.7000000E+01   3.8091099E-02   4.3842776E-02
   1.5457680E+03   3.3000000E+01   3.1000000E+01   9.0019901E-02   9.1663473E-02
   1.5457756E+03   4.6000000E+01   4.5000000E+01   7.5085353E-02   7.0801005E-02
   1.5457831E+03   4.5000000E+01   4.3000000E+01   1.0009859E-02   1.1595302E-02
   1.5457906E+03   4.9000000E+01   4.8000000E+01   2.9788128E-02   2.5679369E-02
   1.5457981E+03   4.5000000E+01   4.5000000E+01   2.6947982E-02   2.6947982E-02
   1.5458057E+03   3.5000000E+01   3.3000000E+01   5.2361329E-02   6.3488186E-02
   1.5458132E+03   4.0000000E+01   3.9000000E+01   8.2097453E-02   7.6047035E-02
   1.5458207E+03   4.2000000E+01   4.1000000E+01   2.5726859E-02   3.3378882E-02
   1.5458283E+03   4.3000000E+01   3.8000000E+01   3.2558929E-02   2.6493094E-02
   1.5458358E+03   4.2000000E+01   4.0000000E+01   5.0259255E-02   4.7310667E-02
   1.5458433E+03   3.7000000E+01   3.7000000E+01   4.0246834E-02   4.0246834E-02
   1.5458508E+03   3.8000000E+01   3.5000000E+01   3.6306214E-02   4.6510459E-02
   1.5458584E+03   4.6000000E+01   4.5000000E+01   3.3270702E-02   3.8283410E-02
   1.5458659E+03   3.3000000E+01   3.1000000E+01   6.2742223E-02   5.3586059E-02
   1.5458734E+03   6.0000000E+01   5.9000000E+01   1.0388986E-02   7.3931741E-03
   1.5458810E+03   3.8000000E+01   3.7000000E+01   7.3344195E-02   7.4001594E-02
   1.5458885E+03   4.8000000E+01   4.8000000E+01   5.0712780E-02   5.0712780E-02
   1.5458960E+03   4.8000000E+01   4.3000000E+01   3.8992192E-02   3.1064404E-02
   1.5459035E+03   4.1000000E+01   4.0000000E+01   3.7127740E-02   4.3986515E-02
   1.5459111E+03   5.5000000E+01   5.4000000E+01   5.5860955E-02   5.9852138E-02
   1.5459186E+03   4.2000000E+01   4.1000000E+01   2.9808320E-02   2.7166294E-02
   1.5459261E+03   6.0000000E+01   5.7000000E+01   3.1338005E-02   3.0104324E-02
   1.5459337E+03   3.8000000E+01   3.7000000E+01   6.7081666E-02   7.1956009E-02
   1.5459412E+03   5.0000000E+01   4.6000000E+01   3.7336852E-02   4.9563300E-02
   1.5459487E+03   4.6000000E+01   4.5000000E+01   2.1726381E-02   2.8790302E-02
   1.5459562E+03   5.1000000E+01   5.0000000E+01   1.4397196E-02   7.8379382E-03
   1.5459638E+03   5.5000000E+01   5.0000000E+01   2.8703127E-02   3.2726184E-02
   1.5459713E+03   4.8000000E+01   4.5000000E+01   2.4925629E-02   2.3185592E-02
   1.5459788E+03   4.8000000E+01   4.7000000E+01   2.5449862E-02   1.9512579E-02
   1.5459864E+03   4.4000000E+01   4.4000000E+01   4.8921936E-02   4.8921936E-02
   1.5459939E+03   4.7000000E+01   4.5000000E+01   3.6545731E-02   4.0964674E-02
   1.5460014E+03   5.9000000E+01   5.6000000E+01   3.2705976E-02   4.2965238E-02
   1.5460089E+03   4.7000000E+01   4.7000000E+01   5.5288529E-02   5.5288529E-02
   1.5460165E+03   5.1000000E+01   5.1000000E+01   1.0665591E-02   1.0665591E-02
   1.5460240E+03   5.2000000E+01   4.9000000E+01   2.6513074E-02   3.0449878E-02
   1.5460315E+03   3.9000000E+01   3.5000000E+01   3.8301124E-02   5.9073847E-02
   1.5460391E+03   5.7000000E+01   5.5000000E+01   4.5882479E-02   4.1807128E-02
   1.5460466E+03   5.3000000E+01   5.3000000E+01   5.6902685E-02   5.6902685E-02
   1.5460541E+03   5.7000000E+01   5.4000000E+01   2.7774371E-02   3.1131921E-02
   1.5460616E+03   5.8000000E+01   5.6000000E+01   4.8740652E-02   5.2499062E-02
   1.5460692E+03   4.1000000E+01   4.1000000E+01   2.3517791E-02   2.3517791E-02
   1.5460767E+03   4.6000000E+01   4.5000000E+01   7.6647657E-02   7.4629521E-02
   1.5460842E+03   6.0000000E+01   5.9000000E+01   4.0498381E-02   3.4943327E-02
   1.5460917E+03   5.0000000E+01   4.9000000E+01   4.3736823E-02   3.8049933E-02
   1.5460993E+03   6.8000000E+01   6.5000000E+01   7.3564673E-02   7.6834257E-02
   1.5461068E+03   6.1000000E+01   6.0000000E+01   1.4765735E-02   1.9059745E-02
   1.5461143E+03   3.9000000E+01   3.6000000E+01   4.1051931E-02   4.6560915E-02
   1.5461219E+03   4.5000000E+01   4.3000000E+01   1.2490582E-02   2.5968816E-02
   1.5461294E+03   5.9000000E+01   5.9000000E+01   5.1348142E-02   5.1348142E-02
   1.5461369E+03   7.0000000E+01   6.8000000E+01   3.3001916E-02   3.2561594E-02
   1.5461444E+03   4.8000000E+01   4.7000000E+01   9.5883704E-02   8.8471835E-02
   1.5461520E+03   5.2000000E+01   4.8000000E+01   2.1752759E-02   3.4702894E-02
   1.5461595E+03   6.5000000E+01   6.2000000E+01   4.1550618E-02   4.8521116E-02
   1.5461670E+03   5.9000000E+01   5.5000000E+01   1.7658315E-02   2.0219174E-02
   1.5461746E+03   6.6000000E+01   6.1000000E+01   3.6163427E-02   1.6322819E-02
   1.5461821E+03   6.3000000E+01   6.2000000E+01   3.6764842E-02   3.2143827E-02
   1.5461896E+03   6.4000000E+01   6.0000000E+01   1.6785632E-02   2.4371576E-02
   1.5461971E+03   5.7000000E+01   5.4000000E+01   2.2812083E-02   1.8791225E-02
   1.5462047E+03   6.2000000E+01   6.2000000E+01   6.4103976E-02   6.4103976E-02
   1.5462122E+03   7.6000000E+01   7.3000000E+01   1.3637594E-02   8.0346812E-03
   1.5462197E+03   7.7000000E+01   7.5000000E+01   2.8598294E-02   2.6624003E-02
   1.5462273E+03   5.9000000E+01   5.9000000E+01   9.4900628E-03   9.4900628E-03
   1.5462348E+03   6.9000000E+01   6.9000000E+01   4.1567437E-02   4.1567437E-02
   1.5462423E+03   7.0000000E+01   7.0000000E+01   2.2635637E-02   2.2635637E-02
   1.5462498E+03   7.5000000E+01   7.1000000E+01   4.6225967E-02   3.9159003E-02
   1.5462574E+03   6.2000000E+01   6.0000000E+01   5.0245614E-02   5.5898196E-02
   1.5462649E+03   7.8000000E+01   7.7000000E+01   3.0380362E-02   3.2777111E-02
   1.5462724E+03   5.5000000E+01   5.4000000E+01   4.7492162E-02   4.8261432E-02
   1.5462800E+03   5.8000000E+01   5.4000000E+01   1.6025517E-02   8.4218566E-03
   1.5462875E+03   7.8000000E+01   7.4000000E+01   2.7749588E-02   1.8819388E-02
   1.5462950E+03   6.4000000E+01   6.0000000E+01   1.1166882E-02   2.0668303E-02
   1.5463025E+03   6.7000000E+01   6.4000000E+01   2.2890145E-02   2.5039901E-02
   1.5463101E+03   7.6000000E+01   7.4000000E+01   4.1229159E-02   4.0109966E-02
   1.5463176E+03   6.9000000E+01   6.6000000E+01   2.3768944E-02   3.1460222E-02
   1.5463251E+03   7.3000000E+01   7.1000000E+01   4.5455230E-02   4.5554761E-02
   1.5463327E+03   6.7000000E+01   6.5000000E+01   5.3090117E-02   5.1737484E-02
   1.5463402E+03   7.4000000E+01   7.1000000E+01   5.5163121E-03   7.6010238E-03
   1.5463477E+03   6.6000000E+01   6.5000000E+01   8.4375004E-02   7.9820031E-02
   1.5463552E+03   6.9000000E+01   6.8000000E+01   3.3645154E-02   3.5271679E-02
   1.5463628E+03   8.2000000E+01   8.0000000E+01   5.0258822E-02   4.9716685E-02
   1.5463703E+03   8.1000000E+01   7.9000000E+01   4.9805779E-03   3.8362934E-03
   1.5463778E+03   8.3000000E+01   8.1000000E+01   5.5381045E-02   5.5606374E-02
   1.5463854E+03   7.7000000E+01   7.4000000E+01   2.8933688E-02   3.0713475E-02
   1.5463929E+03   8.6000000E+01   8.3000000E+01   2.3448238E-02   3.1036235E-02
   1.5464004E+03   7.4000000E+01   7.2000000E+01   2.4751746E-02   3.4885294E-02
   1.5464079E+03   7.0000000E+01   6.7000000E+01   5.0945656E-02   4.5223446E-02
   1.5464155E+03   8.5000000E+01   8.4000000E+01   5.7939457E-02   5.6845227E-02
   1.5464230E+03   8.6000000E+01   8.0000000E+01   1.9487050E-02   3.7761525E-02
   1.5464305E+03   9.1000000E+01   8.9000000E+01   1.4396930E-02   1.3986390E-02
   1.5464381E+03   8.1000000E+01   8.0000000E+01   5.4252196E-02   5.6753520E-02
   1.5464456E+03   8.7000000E+01   8.1000000E+01   7.1874506E-02   7.5112282E-02
   1.5464531E+03   7.0000000E+01   6.8000000E+01   3.0632331E-02   3.2246595E-02
   1.5464606E+03   8.3000000E+01   7.9000000E+01   3.9767928E-02   4.1081736E-02
   1.5464682E+03   6.9000000E+01   6.6000000E+01   2.5183185E-02   2.4885820E-02
   1.5464757E+03   9.9000000E+01   9.3000000E+01   2.0833723E-02   2.3809031E-02
   1.5464832E+03   9.3000000E+01   8.9000000E+01   4.0353042E-02   4.3768238E-02
   1.5464908E+03   8.9000000E+01   8.7000000E+01   3.7537004E-02   3.8718866E-02
   1.5464983E+03   7.8000000E+01   7.3000000E+01   4.1055933E-02   5.1232130E-02
   1.5465058E+03   8.3000000E+01   8.2000000E+01   5.2244789E-02   4.7694686E-02
   1.5465133E+03   8.2000000E+01   8.0000000E+01   1.1694032E-02   1.3472415E-02
   1.5465209E+03   7.5000000E+01   7.3000000E+01   3.8969035E-02   4.0682316E-02
   1.5465284E+03   1.1500000E+02   1.1200000E+02   4.2702864E-02   4.2166727E-02
   1.5465359E+03   8.5000000E+01   8.4000000E+01   2.5285198E-02   2.8616675E-02
   1.5465434E+03   9.4000000E+01   8.9000000E+01   1.1616624E-02   1.8262280E-02
   1.5465510E+03   9.6000000E+01   9.1000000E+01   5.3402299E-02   4.6810544E-02
   1.5465585E+03   1.0300000E+02   1.0200000E+02   2.1077171E-02   2.1557429E-02
   1.5465660E+03   1.0700000E+02   1.0000000E+02   1.3142565E-02   1.5019639E-02
   1.5465736E+03   9.2000000E+01   9.0000000E+01   8.8760681E-03   1.0180156E-02
   1.5465811E+03   1.0100000E+02   9.4000000E+01   7.0854362E-03   1.4891178E-02
   1.5465886E+03   9.4000000E+01   8.9000000E+01   3.5257280E-02   3.5438951E-02
   1.5465961E+03   1.0100000E+02   9.9000000E+01   7.6424130E-02   7.3037890E-02
   1.5466037E+03   1.0100000E+02   9.6000000E+01   5.9848786E-02   6.7074253E-02
   1.5466112E+03   1.1900000E+02   1.1500000E+02   2.8159249E-02   3.1675147E-02
   1.5466187E+03   9.8000000E+01   9.6000000E+01   9.3782548E-03   2.8383382E-03
   1.5466263E+03   9.5000000E+01   9.1000000E+01   8.5640046E-03   1.7001266E-02
   1.5466338E+03   1.1000000E+02   1.0700000E+02   3.6197368E-02   3.5851327E-02
   1.5466413E+03   1.1300000E+02   1.0900000E+02   2.4794104E-02   2.3080075E-02
   1.5466488E+03   1.0400000E+02   1.0100000E+02   3.9563509E-02   3.6146913E-02
   1.5466564E+03   9.9000000E+01   9.6000000E+01   6.0324239E-02   5.5548259E-02
   1.5466639E+03   9.1000000E+01   8.6000000E+01   2.5830193E-02   2.7033503E-02
   1.5466714E+03   1.1100000E+02   1.0800000E+02   3.8137496E-02   3.6789792E-02
   1.5466790E+03   1.1400000E+02   1.1100000E+02   4.6632087E-02   4.7827491E-02
   1.5466865E+03   1.1500000E+02   1.0700000E+02   3.4058465E-02   3.1654235E-02
   1.5466940E+03   1.2800000E+02   1.2200000E+02   2.5621672E-02   2.0136380E-02
   1.5467015E+03   1.3100000E+02   1.2800000E+02   9.8529294E-03   7.6900299E-03
   1.5467091E+03   1.1400000E+02   1.0800000E+02   2.3062278E-03   2.3307219E-03
   1.5467166E+03   1.2900000E+02   1.2200000E+02   1.2554088E-02   8.7687131E-03
   1.5467241E+03   1.3600000E+02   1.3100000E+02   5.0224343E-03   6.7524688E-03
   1.5467317E+03   1.0400000E+02   1.0000000E+02   3.8323742E-02   3.0657897E-02
   1.5467392E+03   1.3900000E+02   1.3400000E+02   2.3867154E-02   2.8817820E-02
   1.5467467E+03   1.4600000E+02   1.3800000E+02   5.8951707E-02   5.9416288E-02
   1.5467542E+03   1.2500000E+02   1.1900000E+02   5.6019445E-03   6.8514903E-03
   1.5467618E+03   1.4900000E+02   1.4500000E+02   9.5268501E-03   1.1057702E-02
   1.5467693E+03   1.3300000E+02   1.2700000E+02   3.0565868E-02   2.3617970E-02
   1.5467768E+03   1.2100000E+02   1.1400000E+02   2.7524552E-02   2.9366136E-02
   1.5467844E+03   1.3000000E+02   1.2700000E+02   1.7605541E-02   2.1068207E-02
   1.5467919E+03   1.3000000E+02   1.2100000E+02   3.8427893E-02   4.2409889E-02
   1.5467994E+03   1.3100000E+02   1.2500000E+02   2.6730733E-02   3.0477527E-02
   1.5468069E+03   1.2700000E+02   1.2200000E+02   5.2845713E-02   5.4158056E-02
   1.5468145E+03   1.2600000E+02   1.2200000E+02   2.6583995E-02   2.4941647E-02
   1.5468220E+03   1.3800000E+02   1.3300000E+02   9.3244491E-03   1.0126132E-02
   1.5468295E+03   1.2300000E+02   1.1800000E+02   2.1213171E-02   2.2206471E-02
   1.5468371E+03   1.4200000E+02   1.3800000E+02   2.6725289E-02   2.6352493E-02
   1.5468446E+03   1.3900000E+02   1.3200000E+02   1.4882706E-02   5.4139156E-03
   1.5468521E+03   1.1800000E+02   1.1400000E+02   3.5250162E-02   3.7700681E-02
   1.5468596E+03   1.2700000E+02   1.2500000E+02   9.6413028E-03   1.3000845E-02
   1.5468672E+03   1.4700000E+02   1.4300000E+02   2.3065594E-02   2.1376802E-02
   1.5468747E+03   1.4500000E+02   1.4000000E+02   3.6398509E-02   3.6791206E-02
   1.5468822E+03   1.4400000E+02   1.3900000E+02   4.1607093E-02   4.2713149E-02
   1.5468898E+03   1.1700000E+02   1.1300000E+02   3.1625018E-02   3.8273098E-02
   1.5468973E+03   1.4400000E+02   1.3800000E+02   3.5992102E-02   3.8173679E-02
   1.5469048E+03   1.5700000E+02   1.5300000E+02   3.1114478E-02   3.5307172E-02
   1.5469123E+03   1.5200000E+02   1.4900000E+02   2.5810381E-02   2.7442422E-02
   1.5469199E+03   1.6300000E+02   1.5600000E+02   4.7852663E-02   5.1459349E-02
   1.5469274E+03   1.5400000E+02   1.4500000E+02   2.4988554E-02   2.0261083E-02
   1.5469349E+03   1.6900000E+02   1.6600000E+02   1.0610751E-02   8.0637387E-03
   1.5469425E+03   1.6500000E+02   1.5800000E+02   2.7728230E-02   2.8681069E-02
   1.5469500E+03   1.3400000E+02   1.3000000E+02   2.6389585E-02   2.1656842E-02
   1.5469575E+03   1.4900000E+02   1.4500000E+02   1.4924361E-02   1.5269284E-02
   1.5469650E+03   1.4700000E+02   1.4100000E+02   2.9764045E-02   3.0980792E-02
   1.5469726E+03   1.7400000E+02   1.6900000E+02   1.2965183E-02   1.4045270E-02
   1.5469801E+03   1.7600000E+02   1.6800000E+02   8.1553800E-03   3.8984032E-03
   1.5469876E+03   1.4100000E+02   1.3500000E+02   2.9417936E-02   2.8436389E-02
   1.5469951E+03   1.4900000E+02   1.4500000E+02   2.2264591E-02   2.2778519E-02
   1.5470027E+03   1.6400000E+02   1.6100000E+02   1.5239763E-02   1.1237042E-02
   1.5470102E+03   1.7400000E+02   1.7000000E+02   1.3757563E-02   1.6125229E-02
   1.5470177E+03   1.6900000E+02   1.5800000E+02   7.1151050E-03   8.5123092E-03
   1.5470253E+03   1.7100000E+02   1.6500000E+02   3.4028900E-02   3.5694056E-02
   1.5470328E+03   1.6800000E+02   1.5600000E+02   3.9268039E-02   2.8443364E-02
   1.5470403E+03   1.6700000E+02   1.6200000E+02   3.4053708E-02   3.5623425E-02
   1.5470478E+03   1.7500000E+02   1.6800000E+02   1.5377551E-02   1.6918530E-02
   1.5470554E+03   2.0000000E+02   1.8900000E+02   2.1946709E-02   2.4109428E-02
   1.5470629E+03   1.5200000E+02   1.4400000E+02   1.9903838E-02   1.4450936E-02
   1.5470704E+03   1.8100000E+02   1.7500000E+02   2.4071882E-02   2.5142526E-02
   1.5470780E+03   1.7400000E+02   1.6400000E+02   2.4797338E-02   2.7941616E-02
   1.5470855E+03   1.8800000E+02   1.7600000E+02   1.3383534E-02   8.5168148E-03
   1.5470930E+03   1.8200000E+02   1.7700000E+02   1.2294332E-02   1.6511597E-02
   1.5471005E+03   1.9300000E+02   1.8600000E+02   2.1848295E-02   2.4507102E-02
   1.5471081E+03   1.8100000E+02   1.7100000E+02   1.5227977E-02   1.2092262E-02
   1.5471156E+03   2.0500000E+02   1.9200000E+02   3.7682353E-03   5.8393706E-03
   1.5471231E+03   1.9200000E+02   1.7900000E+02   2.4466419E-02   1.9874343E-02
   1.5471307E+03   1.8300000E+02   1.7200000E+02   1.0410973E-02   1.4447659E-02
   1.5471382E+03   1.8900000E+02   1.8200000E+02   1.3804128E-02   1.5883888E-02
   1.5471457E+03   1.7600000E+02   1.7200000E+02   3.1645013E-02   3.1184087E-02
   1.5471532E+03   1.9100000E+02   1.8600000E+02   1.5621330E-02   1.5693503E-02
   1.5471608E+03   1.8800000E+02   1.8500000E+02   9.4841136E-03   1.0338298E-02
   1.5471683E+03   2.0700000E+02   2.0100000E+02   1.3456157E-02   9.2399018E-03
   1.5471758E+03   1.9600000E+02   1.8700000E+02   7.8457956E-03   3.7564360E-03
   1.5471834E+03   2.0300000E+02   1.9400000E+02   2.4276810E-02   2.3024415E-02
   1.5471909E+03   1.9900000E+02   1.8800000E+02   2.1774672E-02   2.2839507E-02
   1.5471984E+03   2.0000000E+02   1.9500000E+02   3.0351131E-02   2.7352329E-02
   1.5472059E+03   2.1100000E+02   1.9700000E+02   2.4178272E-02   2.2182281E-02
   1.5472135E+03   1.9600000E+02   1.8900000E+02   1.0777126E-02   8.9952058E-03
   1.5472210E+03   2.0800000E+02   1.9800000E+02   2.9994822E-02   2.5053867E-02
   1.5472285E+03   1.9200000E+02   1.8400000E+02   1.8869431E-02   1.4650113E-02
   1.5472361E+03   1.9600000E+02   1.8800000E+02   3.6953759E-02   3.2469364E-02
   1.5472436E+03   2.2700000E+02   2.1900000E+02   2.3994714E-03   5.0062018E-03
   1.5472511E+03   2.0700000E+02   2.0000000E+02   6.3939718E-03   1.3664239E-02
   1.5472586E+03   1.9800000E+02   1.9400000E+02   2.3735027E-02   2.0243331E-02
   1.5472662E+03   2.1900000E+02   2.1300000E+02   1.0620133E-02   1.2675263E-02
   1.5472737E+03   2.1100000E+02   2.0200000E+02   2.1329085E-02   2.1266934E-02
   1.5472812E+03   2.3000000E+02   2.2400000E+02   3.5664615E-02   3.8845534E-02
   1.5472888E+03   2.2300000E+02   2.1100000E+02   2.3336908E-02   2.4429068E-02
   1.5472963E+03   2.3200000E+02   2.2300000E+02   3.6892800E-02   3.8238700E-02
   1.5473038E+03   2.2500000E+02   2.1600000E+02   1.0653950E-02   6.7029901E-03
   1.5473113E+03   2.3400000E+02   2.2600000E+02   1.5535174E-02   1.7767213E-02
   1.5473189E+03   2.2900000E+02   2.2100000E+02   1.8474582E-02   2.0440146E-02
   1.5473264E+03   2.2600000E+02   2.1600000E+02   1.8331676E-02   1.7127193E-02
   1.5473339E+03   1.9700000E+02   1.8900000E+02   7.8276219E-03   1.0460714E-02
   1.5473415E+03   2.6000000E+02   2.4200000E+02   1.3787968E-02   1.1648294E-02
   1.5473490E+03   2.4100000E+02   2.3600000E+02   1.3022183E-02   1.2343677E-02
   1.5473565E+03   2.1900000E+02   2.0900000E+02   2.8123091E-02   3.1767454E-02
   1.5473640E+03   2.3700000E+02   2.2300000E+02   2.1212039E-02   2.4010618E-02
   1.5473716E+03   2.4500000E+02   2.3900000E+02   1.8476844E-02   1.7649631E-02
   1.5473791E+03   2.3300000E+02   2.2100000E+02   4.7824789E-02   5.0235834E-02
   1.5473866E+03   2.1000000E+02   2.0400000E+02   2.0628285E-02   2.1369755E-02
   1.5473942E+03   2.1900000E+02   2.0900000E+02   2.2614246E-02   2.4959696E-02
   1.5474017E+03   2.2600000E+02   2.1600000E+02   5.7572775E-03   5.1272845E-03
   1.5474092E+03   2.4000000E+02   2.2100000E+02   1.0894096E-02   1.2019035E-02
   1.5474167E+03   2.5400000E+02   2.4300000E+02   1.2170854E-02   9.0212975E-03
   1.5474243E+03   2.6200000E+02   2.4100000E+02   3.8966934E-02   4.1798031E-02
   1.5474318E+03   2.2700000E+02   2.2100000E+02   4.5814145E-02   4.4914367E-02
   1.5474393E+03   2.7900000E+02   2.6600000E+02   2.1251637E-02   2.1212630E-02
   1.5474468E+03   2.5100000E+02   2.3800000E+02   8.5492649E-03   6.9002095E-03
   1.5474544E+03   2.5500000E+02   2.4400000E+02   1.7219735E-02   2.3812319E-02
   1.5474619E+03   2.5000000E+02   2.3900000E+02   3.4703126E-02   3.4834183E-02
   1.5474694E+03   2.6600000E+02   2.5100000E+02   2.9639696E-02   2.7461908E-02
   1.5474770E+03   2.7100000E+02   2.6300000E+02   2.8967712E-02   3.4039883E-02
   1.5474845E+03   2.2700000E+02   2.1500000E+02   2.0663749E-02   1.4959963E-02
   1.5474920E+03   2.8100000E+02   2.6400000E+02   1.7625471E-02   1.8103662E-02
   1.5474995E+03   2.9100000E+02   2.8000000E+02   1.4493045E-02   1.1447663E-02
   1.5475071E+03   2.4700000E+02   2.3600000E+02   1.1569500E-02   1.4130207E-02
   1.5475146E+03   2.6200000E+02   2.4900000E+02   2.1385628E-02   2.5532340E-02
   1.5475221E+03   2.5500000E+02   2.4000000E+02   1.4500705E-02   1.1671084E-02
   1.5475297E+03   2.4400000E+02   2.3300000E+02   2.3191218E-02   2.6162482E-02
   1.5475372E+03   2.5500000E+02   2.4000000E+02   1.7041876E-02   2.2563749E-02
   1.5475447E+03   2.4200000E+02   2.2900000E+02   1.3333004E-02   1.3736567E-02
   1.5475522E+03   2.6600000E+02   2.5400000E+02   1.6046100E-02   1.8224539E-02
   1.5475598E+03   2.9000000E+02   2.7300000E+02   1.9869539E-02   1.9481724E-02
   1.5475673E+03   2.5900000E+02   2.5100000E+02   8.9527844E-03   1.3251420E-02
   1.5475748E+03   2.9600000E+02   2.8700000E+02   1.3869294E-02   1.2291143E-02
   1.5475824E+03   2.7600000E+02   2.6400000E+02   1.4805856E-02   1.2178294E-02
   1.5475899E+03   2.8200000E+02   2.7500000E+02   1.1208967E-02   1.1797689E-02
   1.5475974E+03   2.4900000E+02   2.3600000E+02   8.4657626E-03   9.0077227E-03
   1.5476049E+03   2.6200000E+02   2.5200000E+02   1.0820124E-02   9.4513915E-03
   1.5476125E+03   2.7600000E+02   2.6500000E+02   1.6587246E-02   1.4701977E-02
   1.5476200E+03   2.6600000E+02   2.6100000E+02   7.3138951E-03   7.9994812E-03
   1.5476275E+03   2.8000000E+02   2.6900000E+02   1.5200835E-02   1.5883024E-02
   1.5476351E+03   2.7500000E+02   2.7000000E+02   1.5118878E-03   1.8508447E-03
   1.5476426E+03   2.5500000E+02   2.4700000E+02   1.1100405E-02   1.2260043E-02
   1.5476501E+03   2.7100000E+02   2.6200000E+02   1.7473608E-02   1.7150023E-02
   1.5476576E+03   2.7200000E+02   2.6100000E+02   1.8776106E-02   2.1224381E-02
   1.5476652E+03   2.6600000E+02   2.5700000E+02   1.9585259E-02   1.7918525E-02
   1.5476727E+03   2.6600000E+02   2.5700000E+02   1.5163064E-02   1.8546489E-02
   1.5476802E+03   2.6600000E+02   2.6100000E+02   3.9178591E-02   3.7694476E-02
   1.5476878E+03   2.5900000E+02   2.5500000E+02   2.7873403E-02   2.6934410E-02
   1.5476953E+03   2.5500000E+02   2.5000000E+02   1.1702031E-02   1.0927979E-02
   1.5477028E+03   2.6700000E+02   2.6100000E+02   2.4557099E-02   2.1075395E-02
   1.5477103E+03   2.2000000E+02   2.1800000E+02   9.0500112E-03   9.4910601E-03
   1.5477179E+03   2.7200000E+02   2.6700000E+02   8.1824347E-03   8.5544922E-03
   1.5477254E+03   2.4600000E+02   2.4300000E+02   2.6375797E-02   2.6701226E-02
   1.5477329E+03   2.5600000E+02   2.5100000E+02   3.0948130E-02   3.0479940E-02
   1.5477405E+03   2.0000000E+02   1.9400000E+02   3.2582678E-02   3.3190230E-02
   1.5477480E+03   2.3900000E+02   2.3400000E+02   6.4832182E-03   6.6389487E-03
   1.5477555E+03   2.2000000E+02   2.1900000E+02   1.8210561E-02   1.8293720E-02
   1.5477630E+03   2.3700000E+02   2.3200000E+02   1.5944295E-02   1.7628247E-02
   1.5477706E+03   2.3000000E+02   2.2900000E+02   9.0906735E-03   9.1303408E-03
   1.5477781E+03   2.2000000E+02   2.1900000E+02   2.9183475E-02   2.9357791E-02
   1.5477856E+03   2.2900000E+02   2.2800000E+02   2.1030696E-02   2.1123020E-02
   1.5477932E+03   2.2600000E+02   2.2600000E+02   1.8478668E-02   1.8478668E-02
   1.5478007E+03   2.1700000E+02   2.1500000E+02   2.9346449E-02   2.9619415E-02
   1.5478082E+03   2.2200000E+02   2.2000000E+02   1.9541158E-03   1.9719303E-03
   1.5478157E+03   1.8600000E+02   1.8600000E+02   2.1941981E-02   2.1941981E-02
   1.5478233E+03   2.2700000E+02   2.2600000E+02   2.1268784E-02   2.1362895E-02
   1.5478308E+03   1.8700000E+02   1.8700000E+02   2.1619329E-02   2.1619329E-02
   1.5478383E+03   2.3500000E+02   2.3200000E+02   1.3652229E-02   1.3828680E-02
   1.5478459E+03   2.1800000E+02   2.1800000E+02   7.9545964E-03   7.9545964E-03
   1.5478534E+03   1.8200000E+02   1.8000000E+02   2.2604745E-02   2.2855847E-02
   1.5478609E+03   2.1300000E+02   2.1300000E+02   7.0734570E-03   7.0734570E-03
   1.5478684E+03   2.1600000E+02   2.1600000E+02   3.0873512E-02   3.0873512E-02
   1.5478760E+03   2.0900000E+02   2.0900000E+02   2.6581010E-02   2.6581010E-02
   1.5478835E+03   1.8400000E+02   1.8300000E+02   2.2308345E-02   2.2430252E-02
   1.5478910E+03   2.0700000E+02   2.0600000E+02   2.8477597E-02   2.8615790E-02
   1.5478985E+03   2.1800000E+02   2.1700000E+02   8.9557764E-03   8.9970501E-03
   1.5479061E+03   1.8500000E+02   1.8500000E+02   1.3947604E-02   1.3947604E-02
   1.5479136E+03   2.1500000E+02   2.1500000E+02   8.6019116E-03   8.6019116E-03
   1.5479211E+03   2.0100000E+02   2.0000000E+02   1.2331725E-02   1.2393389E-02
   1.5479287E+03   1.7900000E+02   1.7800000E+02   1.8776413E-02   1.8881896E-02
   1.5479362E+03   1.8500000E+02   1.8300000E+02   1.0251958E-02   1.0363973E-02
   1.5479437E+03   1.8200000E+02   1.8100000E+02   2.5226520E-03   2.5363917E-03
   1.5479512E+03   2.0100000E+02   2.0100000E+02   2.8500392E-02   2.8500392E-02
   1.5479588E+03   2.0200000E+02   2.0200000E+02   1.9254566E-02   1.9254566E-02
   1.5479663E+03   1.9600000E+02   1.9500000E+02   4.3337892E-02   4.3560057E-02
   1.5479738E+03   2.1500000E+02   2.1300000E+02   3.2922593E-03   3.3231900E-03
   1.5479814E+03   1.7800000E+02   1.7800000E+02   3.7041054E-02   3.7041054E-02
   1.5479889E+03   1.6400000E+02   1.6300000E+02   3.8525826E-03   3.8762062E-03
   1.5479964E+03   1.8500000E+02   1.8500000E+02   1.4165349E-02   1.4165349E-02
   1.5480039E+03   1.7100000E+02   1.7100000E+02   7.1988443E-03   7.1988443E-03
   1.5480115E+03   1.7600000E+02   1.7500000E+02   1.9398042E-02   1.9508915E-02
   1.5480190E+03   1.8700000E+02   1.8600000E+02   3.6303888E-02   3.6499066E-02
   1.5480265E+03   1.6800000E+02   1.6600000E+02   1.9180164E-02   1.9411644E-02
   1.5480341E+03   1.6800000E+02   1.6800000E+02   3.1031904E-02   3.1031904E-02
   1.5480416E+03   1.7000000E+02   1.6700000E+02   1.9481340E-02   1.9831425E-02
   1.5480491E+03   1.7900000E+02   1.7800000E+02   8.6445021E-03   8.6930212E-03
   1.5480566E+03   1.8600000E+02   1.8500000E+02   1.3184323E-02   1.3255599E-02
   1.5480642E+03   1.7100000E+02   1.7100000E+02   1.2296248E-02   1.2296248E-02
   1.5480717E+03   1.5900000E+02   1.5800000E+02   1.5295890E-02   1.5392715E-02
   1.5480792E+03   1.6500000E+02   1.6500000E+02   3.5862983E-03   3.5862983E-03
   1.5480868E+03   1.5500000E+02   1.5500000E+02   9.7105066E-03   9.7105066E-03
   1.5480943E+03   1.7300000E+02   1.7100000E+02   2.6018009E-02   2.6322292E-02
   1.5481018E+03   1.6000000E+02   1.6000000E+02   1.5639191E-02   1.5639191E-02
   1.5481093E+03   1.4100000E+02   1.4000000E+02   9.7769598E-03   9.8467385E-03
   1.5481169E+03   1.4200000E+02   1.4200000E+02   2.4646196E-02   2.4646196E-02
   1.5481244E+03   1.4400000E+02   1.4300000E+02   1.4610883E-02   1.4713055E-02
   1.5481319E+03   1.5200000E+02   1.5100000E+02   3.7376725E-02   3.7624253E-02
   1.5481395E+03   1.4800000E+02   1.4700000E+02   1.6183669E-02   1.6293723E-02
   1.5481470E+03   1.6500000E+02   1.6300000E+02   1.7042358E-02   1.7251488E-02
   1.5481545E+03   1.4400000E+02   1.4400000E+02   4.1426348E-02   4.1426348E-02
   1.5481620E+03   1.7600000E+02   1.7500000E+02   1.0127982E-02   1.0185823E-02
   1.5481696E+03   1.5200000E+02   1.5100000E+02   3.0004206E-02   3.0202910E-02
   1.5481771E+03   1.4300000E+02   1.4300000E+02   2.1802625E-02   2.1802625E-02
   1.5481846E+03   1.3400000E+02   1.3400000E+02   3.7374407E-02   3.7374407E-02
   1.5481922E+03   1.4200000E+02   1.4200000E+02   7.7359557E-03   7.7359557E-03
   1.5481997E+03   1.4800000E+02   1.4800000E+02   8.6248005E-03   8.6248005E-03
   1.5482072E+03   1.4700000E+02   1.4400000E+02   3.0531822E-02   3.1168150E-02
   1.5482147E+03   1.4100000E+02   1.3900000E+02   5.5741644E-03   5.6538457E-03
   1.5482223E+03   1.4100000E+02   1.4000000E+02   1.0754580E-02   1.0831375E-02
   1.5482298E+03   1.1000000E+02   1.0800000E+02   1.9001900E-02   1.9353803E-02
   1.5482373E+03   1.6700000E+02   1.6500000E+02   1.4384170E-02   1.4558447E-02
   1.5482449E+03   1.4200000E+02   1.4200000E+02   2.4596021E-02   2.4596021E-02
   1.5482524E+03   1.3400000E+02   1.3400000E+02   1.6027433E-02   1.6027433E-02
   1.5482599E+03   1.4000000E+02   1.3900000E+02   2.8583513E-02   2.8789150E-02
   1.5482674E+03   1.4000000E+02   1.4000000E+02   2.3035608E-02   2.3035608E-02
   1.5482750E+03   1.4500000E+02   1.4500000E+02   3.7110104E-03   3.7110104E-03
   1.5482825E+03   1.0800000E+02   1.0700000E+02   2.4734494E-02   2.4964944E-02
   1.5482900E+03   1.2900000E+02   1.2900000E+02   2.5120446E-02   2.5120446E-02
   1.5482976E+03   1.4100000E+02   1.4000000E+02   1.8354321E-02   1.8485419E-02
   1.5483051E+03   1.2600000E+02   1.2500000E+02   1.6437026E-02   1.6568511E-02
   1.5483126E+03   1.2500000E+02   1.2500000E+02   1.1492053E-02   1.1492053E-02
   1.5483201E+03   1.1400000E+02   1.1300000E+02   3.1982514E-02   3.2265616E-02
   1.5483277E+03   1.3000000E+02   1.3000000E+02   2.8927971E-02   2.8927971E-02
   1.5483352E+03   1.1200000E+02   1.0900000E+02   2.2240290E-02   2.2852288E-02
   1.5483427E+03   1.1700000E+02   1.1600000E+02   1.6995643E-02   1.7142152E-02
   1.5483502E+03   1.2300000E+02   1.2200000E+02   6.1335820E-02   6.1838917E-02
   1.5483578E+03   1.2500000E+02   1.2500000E+02   1.6297582E-02   1.6297582E-02
   1.5483653E+03   1.1800000E+02   1.1500000E+02   2.2845754E-02   2.3441856E-02
   1.5483728E+03   1.2200000E+02   1.2000000E+02   3.1140703E-02   3.1659711E-02
   1.5483804E+03   1.2200000E+02   1.2000000E+02   2.2865193E-03   2.3252219E-03
   1.5483879E+03   1.2100000E+02   1.1900000E+02   3.7501389E-02   3.8131807E-02
   1.5483954E+03   1.1300000E+02   1.1200000E+02   1.2599667E-02   1.2712201E-02
   1.5484029E+03   1.1300000E+02   1.1100000E+02   1.1736808E-02   1.1948324E-02
   1.5484105E+03   1.1100000E+02   1.0800000E+02   3.1061449E-02   3.1926103E-02
   1.5484180E+03   1.0200000E+02   1.0000000E+02   9.5418235E-03   9.7326254E-03
   1.5484255E+03   1.2000000E+02   1.1800000E+02   4.7343993E-02   4.8146401E-02
   1.5484331E+03   1.1700000E+02   1.1500000E+02   9.7065140E-03   9.8798774E-03
   1.5484406E+03   1.0500000E+02   1.0400000E+02   2.4357524E-02   2.4591676E-02
   1.5484481E+03   1.0400000E+02   1.0400000E+02   2.5926897E-02   2.5926897E-02
   1.5484556E+03   9.9000000E+01   9.8000000E+01   4.8946309E-02   4.9445747E-02
   1.5484632E+03   1.1800000E+02   1.1800000E+02   1.5888128E-02   1.5888128E-02
   1.5484707E+03   1.1100000E+02   1.1000000E+02   1.5918895E-02   1.6063617E-02
   1.5484782E+03   1.4000000E+02   1.4000000E+02   3.5499720E-02   3.5499720E-02
   1.5484858E+03   1.0500000E+02   1.0500000E+02   3.5938377E-02   3.5938377E-02
   1.5484933E+03   1.2000000E+02   1.1700000E+02   9.6986670E-03   9.9473579E-03
   1.5485008E+03   1.0100000E+02   9.8000000E+01   4.5380627E-02   4.6769907E-02
   1.5485083E+03   1.0900000E+02   1.0800000E+02   4.0140673E-02   4.0512344E-02
   1.5485159E+03   1.1900000E+02   1.1900000E+02   2.1156694E-02   2.1156694E-02
   1.5485234E+03   9.7000000E+01   9.6000000E+01   2.6900040E-02   2.7180255E-02
   1.5485309E+03   1.0800000E+02   1.0300000E+02   1.2567201E-02   1.3176761E-02
   1.5485385E+03   9.9000000E+01   9.7000000E+01   2.8289990E-02   2.8873274E-02
   1.5485460E+03   1.2000000E+02   1.1800000E+02   1.1767816E-02   1.1967092E-02
   1.5485535E+03   1.1400000E+02   1.1300000E+02   2.3474430E-02   2.3681963E-02
   1.5485610E+03   1.1500000E+02   1.1400000E+02   1.6699590E-02   1.6846075E-02
   1.5485686E+03   1.2100000E+02   1.2000000E+02   3.5073418E-03   3.5365355E-03
   1.5485761E+03   1.1200000E+02   1.0700000E+02   1.6952959E-02   1.7745230E-02
   1.5485836E+03   9.8000000E+01   9.4000000E+01   2.8061501E-02   2.9255676E-02
   1.5485912E+03   1.0900000E+02   1.0800000E+02   2.9046267E-02   2.9315200E-02
   1.5485987E+03   1.1200000E+02   1.1100000E+02   2.5631693E-02   2.5862609E-02
   1.5486062E+03   1.2200000E+02   1.1700000E+02   5.8112578E-03   6.0597642E-03
   1.5486137E+03   8.8000000E+01   8.5000000E+01   1.6417100E-02   1.6996323E-02
   1.5486213E+03   1.0400000E+02   1.0300000E+02   6.2986558E-03   6.3599964E-03
   1.5486288E+03   9.9000000E+01   9.7000000E+01   2.4202391E-02   2.4701546E-02
   1.5486363E+03   1.1300000E+02   1.0700000E+02   2.8423186E-02   3.0017145E-02
   1.5486439E+03   1.0800000E+02   1.0800000E+02   4.7190213E-02   4.7190213E-02
   1.5486514E+03   9.1000000E+01   9.0000000E+01   1.0291492E-02   1.0405855E-02
   1.5486589E+03   9.0000000E+01   9.0000000E+01   2.1340516E-02   2.1340516E-02
   1.5486664E+03   8.4000000E+01   8.1000000E+01   4.9679151E-02   5.1519055E-02
   1.5486740E+03   9.7000000E+01   9.5000000E+01   1.7358799E-02   1.7724334E-02
   1.5486815E+03   1.0300000E+02   1.0100000E+02   1.5064215E-02   1.5362725E-02
   1.5486890E+03   9.4000000E+01   9.1000000E+01   1.3188153E-02   1.3622939E-02
   1.5486966E+03   9.0000000E+01   8.9000000E+01   3.3466123E-02   3.3841551E-02
   1.5487041E+03   1.0200000E+02   1.0100000E+02   1.9424908E-02   1.9617260E-02
   1.5487116E+03   1.0500000E+02   1.0100000E+02   1.4752840E-02   1.5337147E-02
   1.5487191E+03   1.0300000E+02   9.8000000E+01   1.7163774E-02   1.8039248E-02
   1.5487267E+03   9.9000000E+01   9.7000000E+01   1.5172019E-02   1.5484975E-02
   1.5487342E+03   8.9000000E+01   8.3000000E+01   3.6998500E-02   3.9672952E-02
   1.5487417E+03   1.0600000E+02   1.0100000E+02   2.1931568E-02   2.3017541E-02
   1.5487493E+03   9.8000000E+01   9.5000000E+01   7.7129590E-03   7.9565399E-03
   1.5487568E+03   9.1000000E+01   8.8000000E+01   4.1564468E-02   4.2981326E-02
   1.5487643E+03   1.1800000E+02   1.1400000E+02   1.6996211E-02   1.7592870E-02
   1.5487718E+03   9.6000000E+01   9.3000000E+01   2.0152713E-02   2.0802801E-02
   1.5487794E+03   1.1600000E+02   1.1200000E+02   2.6152879E-02   2.7087095E-02
   1.5487869E+03   1.1500000E+02   1.1000000E+02   2.5174068E-02   2.6318180E-02
   1.5487944E+03   1.1800000E+02   1.1500000E+02   9.0929098E-03   9.3302105E-03
   1.5488019E+03   9.3000000E+01   8.7000000E+01   3.0084305E-02   3.2158980E-02
   1.5488095E+03   1.1000000E+02   1.0600000E+02   1.4732684E-02   1.5286397E-02
   1.5488170E+03   9.9000000E+01   9.7000000E+01   1.3591465E-02   1.3871922E-02
   1.5488245E+03   1.3200000E+02   1.2500000E+02   1.7111788E-02   1.8069896E-02
   1.5488321E+03   9.6000000E+01   9.0000000E+01   1.8085115E-02   1.9290683E-02
   1.5488396E+03   1.0700000E+02   1.0300000E+02   1.3946747E-02   1.4487927E-02
   1.5488471E+03   1.0000000E+02   9.3000000E+01   2.1207811E-02   2.2804234E-02
   1.5488546E+03   1.1100000E+02   1.0500000E+02   1.3914861E-02   1.4708293E-02
   1.5488622E+03   1.1200000E+02   1.0800000E+02   7.3103141E-03   7.5812638E-03
   1.5488697E+03   1.0100000E+02   9.9000000E+01   1.4573687E-02   1.4868058E-02
   1.5488772E+03   1.2400000E+02   1.1600000E+02   1.0166629E-02   1.0870972E-02
   1.5488848E+03   1.3400000E+02   1.3100000E+02   6.3342141E-03   6.4798304E-03
   1.5488923E+03   1.0200000E+02   1.0000000E+02   1.7108974E-02   1.7451108E-02
   1.5488998E+03   9.7000000E+01   8.9000000E+01   1.3706382E-02   1.4939033E-02
   1.5489073E+03   1.0700000E+02   1.0400000E+02   1.3751827E-02   1.4148413E-02
   1.5489149E+03   1.0400000E+02   1.0200000E+02   1.3072746E-02   1.3327768E-02
   1.5489224E+03   1.0100000E+02   9.8000000E+01   1.8946658E-02   1.9526550E-02
   1.5489299E+03   1.1600000E+02   1.0800000E+02   3.3488850E-03   3.5970966E-03
   1.5489375E+03   1.0100000E+02   9.5000000E+01   1.0054984E-02   1.0689953E-02
   1.5489450E+03   1.0700000E+02   1.0200000E+02   1.9466563E-02   2.0421225E-02
   1.5489525E+03   1.1700000E+02   1.1200000E+02   1.2573105E-02   1.3134456E-02
   1.5489600E+03   1.1900000E+02   1.1100000E+02   1.0285010E-02   1.1026175E-02
   1.5489676E+03   1.1400000E+02   1.0400000E+02   1.4963114E-02   1.6401795E-02
   1.5489751E+03   1.1600000E+02   1.1500000E+02   2.6155895E-02   2.6383294E-02
   1.5489826E+03   1.1100000E+02   1.0600000E+02   1.4302731E-03   1.4985166E-03
   1.5489902E+03   1.1900000E+02   1.1400000E+02   4.4026926E-03   4.6017154E-03
   1.5489977E+03   1.2300000E+02   1.1700000E+02   2.3112743E-03   2.4294198E-03
   1.5490052E+03   1.1000000E+02   1.0200000E+02   1.7933731E-02   1.9339773E-02
   1.5490127E+03   1.3000000E+02   1.2300000E+02   3.3072882E-03   3.4953932E-03
   1.5490203E+03   1.4400000E+02   1.3700000E+02   1.4493282E-02   1.5233869E-02
   1.5490278E+03   1.2200000E+02   1.1600000E+02   1.3715561E-02   1.4424522E-02
   1.5490353E+03   1.2500000E+02   1.1700000E+02   5.5713019E-03   5.9525509E-03
   1.5490429E+03   1.1400000E+02   1.0800000E+02   1.1349905E-02   1.1980508E-02
   1.5490504E+03   1.2100000E+02   1.1300000E+02   8.0007866E-03   8.5671170E-03
   1.5490579E+03   1.1200000E+02   1.0700000E+02   9.1245168E-03   9.5508475E-03
   1.5490654E+03   1.4400000E+02   1.3000000E+02   1.4596048E-02   1.6166364E-02
   1.5490730E+03   1.4400000E+02   1.3600000E+02   4.5201449E-03   4.7868366E-03
   1.5490805E+03   1.3100000E+02   1.2000000E+02   8.9699478E-03   9.7912887E-03
   1.5490880E+03   1.4900000E+02   1.4400000E+02   6.7764650E-03   7.0123807E-03
   1.5490956E+03   1.4800000E+02   1.4400000E+02   1.0358285E-02   1.0645984E-02
   1.5491031E+03   1.4800000E+02   1.3700000E+02   2.9546554E-03   3.1916916E-03
   1.5491106E+03   1.5500000E+02   1.4000000E+02   2.4819493E-03   2.7473429E-03
   1.5491181E+03   1.4100000E+02   1.3000000E+02   4.1705518E-03   4.5227126E-03
   1.5491257E+03   1.3300000E+02   1.2700000E+02   7.5366425E-03   7.8935344E-03
   1.5491332E+03   1.5300000E+02   1.4000000E+02   4.0881782E-03   4.4680664E-03
   1.5491407E+03   1.3800000E+02   1.3200000E+02   7.7507320E-03   8.1029012E-03
   1.5491483E+03   1.3700000E+02   1.2800000E+02   3.9390689E-03   4.2183152E-03
   1.5491558E+03   1.4800000E+02   1.3900000E+02   7.4707398E-03   7.9543296E-03
   1.5491633E+03   1.7600000E+02   1.6400000E+02   4.3667909E-03   4.6861475E-03
   1.5491708E+03   1.5800000E+02   1.4800000E+02   3.9187576E-03   4.1837108E-03
   1.5491784E+03   1.2900000E+02   1.1900000E+02   3.3483010E-03   3.6296963E-03
   1.5491859E+03   1.5100000E+02   1.4200000E+02   1.1577436E-02   1.2311885E-02
   1.5491934E+03   1.3200000E+02   1.2600000E+02   4.6843953E-03   4.9074705E-03
   1.5492010E+03   1.5300000E+02   1.4400000E+02   7.6722401E-03   8.1517323E-03
   1.5492085E+03   1.7500000E+02   1.6500000E+02   6.1134057E-03   6.4839134E-03
   1.5492160E+03   1.7800000E+02   1.6500000E+02   2.2531653E-03   2.4304119E-03
   1.5492235E+03   1.8000000E+02   1.6900000E+02   4.5227152E-03   4.8166625E-03
   1.5492311E+03   1.7700000E+02   1.6700000E+02   6.9975880E-03   7.4165783E-03
   1.5492386E+03   1.8400000E+02   1.7000000E+02   7.9695657E-03   8.6257595E-03
   1.5492461E+03   1.6600000E+02   1.5600000E+02   1.1733445E-02   1.2485848E-02
   1.5492536E+03   1.9800000E+02   1.8800000E+02   3.5847398E-03   3.7755446E-03
   1.5492612E+03   1.8200000E+02   1.6600000E+02   4.3441287E-03   4.7630078E-03
   1.5492687E+03   2.0300000E+02   1.9800000E+02   6.8812488E-04   7.0568853E-04
   1.5492762E+03   2.0500000E+02   1.9400000E+02   2.3482086E-03   2.4813924E-03
   1.5492838E+03   1.8300000E+02   1.7200000E+02   4.1694403E-03   4.4363266E-03
   1.5492913E+03   1.9600000E+02   1.8500000E+02   3.4224987E-03   3.6256922E-03
   1.5492988E+03   2.0700000E+02   1.9300000E+02   2.6579098E-03   2.8502051E-03
   1.5493063E+03   1.7300000E+02   1.6400000E+02   2.8246670E-03   2.9796620E-03
   1.5493139E+03   2.0600000E+02   1.9100000E+02   8.8948397E-03   9.5933771E-03
   1.5493214E+03   2.0300000E+02   1.8900000E+02   1.5851627E-03   1.7045620E-03
   1.5493289E+03   2.1400000E+02   2.0100000E+02   4.8971825E-03   5.2138515E-03
   1.5493365E+03   1.9800000E+02   1.8000000E+02   1.5528124E-03   1.7079616E-03
   1.5493440E+03   2.1300000E+02   2.0200000E+02   1.8394023E-03   1.9364410E-03
   1.5493515E+03   2.4800000E+02   2.3800000E+02   1.0451566E-03   7.0825599E-04
   1.5493590E+03   2.4900000E+02   2.3400000E+02   6.2381093E-03   6.6361129E-03
   1.5493666E+03   2.1800000E+02   2.0100000E+02   2.6670725E-03   2.8943719E-03
   1.5493741E+03   2.2000000E+02   2.0400000E+02   1.7978797E-03   1.9483688E-03
   1.5493816E+03   2.1000000E+02   1.9600000E+02   1.5895402E-04   1.7029279E-04
   1.5493892E+03   2.1900000E+02   2.0000000E+02   5.3820323E-03   5.8932029E-03
   1.5493967E+03   2.1500000E+02   1.9700000E+02   3.6992738E-03   4.0366279E-03
   1.5494042E+03   2.1100000E+02   1.9700000E+02   3.4220964E-03   3.6657570E-03
   1.5494117E+03   2.5300000E+02   2.4100000E+02   3.5451331E-03   3.7211524E-03
   1.5494193E+03   2.3400000E+02   2.1600000E+02   1.6323223E-03   1.7678584E-03
   1.5494268E+03   2.3700000E+02   2.2100000E+02   2.2644923E-03   2.4290888E-03
   1.5494343E+03   2.3400000E+02   2.1500000E+02   1.7547979E-03   1.9093725E-03
   1.5494419E+03   2.6000000E+02   2.4900000E+02   1.4542942E-03   1.5184932E-03
   1.5494494E+03   2.7800000E+02   2.6600000E+02   5.5257484E-03   5.7750650E-03
   1.5494569E+03   2.4700000E+02   2.3100000E+02   3.8586018E-04   4.0609557E-04
   1.5494644E+03   2.6300000E+02   2.4100000E+02   1.4940351E-05   1.6604230E-05
   1.5494720E+03   2.7900000E+02   2.6300000E+02   1.4258571E-03   8.8011639E-04
   1.5494795E+03   2.9200000E+02   2.7600000E+02   4.6181669E-03   4.8849347E-03
   1.5494870E+03   2.5900000E+02   2.4500000E+02   1.7840091E-03   1.8859073E-03
   1.5494946E+03   2.6300000E+02   2.4300000E+02   2.2381692E-03   2.4220875E-03
   1.5495021E+03   2.6500000E+02   2.4500000E+02   1.8327644E-03   1.9828794E-03
   1.5495096E+03   2.4000000E+02   2.2400000E+02   1.3299167E-03   1.4247831E-03
   1.5495171E+03   3.0500000E+02   2.8900000E+02   2.5576051E-03   2.6989187E-03
   1.5495247E+03   2.8600000E+02   2.6700000E+02   1.4007076E-03   1.4969427E-03
   1.5495322E+03   2.8400000E+02   2.6800000E+02   1.1700946E-03   1.2401873E-03
   1.5495397E+03   3.1600000E+02   2.9800000E+02   3.0238370E-03   3.2062787E-03
   1.5495473E+03   3.2700000E+02   3.0900000E+02   1.6501441E-03   1.7449009E-03
   1.5495548E+03   2.9900000E+02   2.7800000E+02   2.0399390E-03   2.1940457E-03
   1.5495623E+03   3.1700000E+02   3.0200000E+02   8.1391668E-04   8.5453605E-04
   1.5495698E+03   3.1900000E+02   3.0000000E+02   1.0465057E-03   1.1131942E-03
   1.5495774E+03   3.0600000E+02   2.9000000E+02   2.5879285E-03   2.7311730E-03
   1.5495849E+03   3.2900000E+02   3.0200000E+02   1.1891167E-03   1.2944854E-03
   1.5495924E+03   3.2700000E+02   3.1100000E+02   2.4122122E-03   2.5372811E-03
   1.5496000E+03   3.5300000E+02   3.3500000E+02   1.2631094E-03   1.3277836E-03
   1.5496075E+03   3.3600000E+02   3.1900000E+02   1.5287766E-03   1.6036653E-03
   1.5496150E+03   3.2000000E+02   2.9900000E+02   9.2988495E-04   9.9439953E-04
   1.5496225E+03   3.3300000E+02   3.0700000E+02   1.3987641E-03   1.5213959E-03
   1.5496301E+03   3.3200000E+02   3.1500000E+02   1.4772142E-03   1.4846250E-03
   1.5496376E+03   3.2800000E+02   3.0200000E+02   1.3665647E-03   1.4894367E-03
   1.5496451E+03   3.7000000E+02   3.4600000E+02   1.7956386E-04   1.9287401E-04
   1.5496527E+03   3.2500000E+02   3.0700000E+02   1.0418527E-03   1.1030538E-03
   1.5496602E+03   3.4800000E+02   3.3600000E+02   1.7157866E-03   1.7777579E-03
   1.5496677E+03   3.7900000E+02   3.5400000E+02   1.9675214E-03   2.1059478E-03
   1.5496752E+03   3.7300000E+02   3.5700000E+02   4.8285048E-04   5.0441897E-04
   1.5496828E+03   3.8900000E+02   3.6500000E+02   8.8451242E-04   9.4261319E-04
   1.5496903E+03   3.9300000E+02   3.5600000E+02   1.9792822E-06   2.2779138E-06
   1.5496978E+03   3.8600000E+02   3.6300000E+02   6.4942946E-04   6.9082528E-04
   1.5497053E+03   4.0900000E+02   3.9000000E+02   1.2288569E-03   1.2887902E-03
   1.5497129E+03   3.5500000E+02   3.3600000E+02   3.4269875E-04   3.6213718E-04
   1.5497204E+03   4.3400000E+02   4.1500000E+02   1.2234851E-05   1.3032124E-05
   1.5497279E+03   3.9700000E+02   3.8100000E+02   6.9071955E-04   2.2104913E-04
   1.5497355E+03   3.8400000E+02   3.6500000E+02   1.0203601E-03   1.0734685E-03
   1.5497430E+03   3.9500000E+02   3.6700000E+02   2.0643912E-03   2.2218376E-03
   1.5497505E+03   4.2400000E+02   3.9800000E+02   1.2413820E-03   1.3225123E-03
   1.5497580E+03   4.5500000E+02   4.1900000E+02   1.8632435E-03   2.0237998E-03
   1.5497656E+03   3.9600000E+02   3.7100000E+02   5.8172305E-04   6.2068183E-04
   1.5497731E+03   4.6800000E+02   4.3700000E+02   6.3288495E-04   6.7718250E-04
   1.5497806E+03   4.2200000E+02   3.9700000E+02   9.9363617E-04   1.0561189E-03
   1.5497882E+03   4.2300000E+02   3.9800000E+02   1.8629353E-04   1.9831516E-04
   1.5497957E+03   4.5400000E+02   4.2000000E+02   6.3591681E-04   6.8768475E-04
   1.5498032E+03   4.4700000E+02   4.2200000E+02   2.4922036E-06   2.8851907E-06
   1.5498107E+03   4.4000000E+02   4.1600000E+02   5.4235880E-04   5.7361097E-04
   1.5498183E+03   4.6700000E+02   4.3700000E+02   1.1828098E-03   1.1005882E-03
   1.5498258E+03   4.6700000E+02   4.4300000E+02   3.7900248E-04   3.9762761E-04
   1.5498333E+03   4.5100000E+02   4.2400000E+02   9.2243870E-04   8.3326535E-04
   1.5498409E+03   4.5400000E+02   4.3400000E+02   6.2665496E-05   6.6165648E-05
   1.5498484E+03   4.9300000E+02   4.6400000E+02   4.0484318E-04   4.2995569E-04
   1.5498559E+03   4.7300000E+02   4.5200000E+02   4.0103077E-04   6.9835583E-04
   1.5498634E+03   4.5500000E+02   4.2900000E+02   4.9065399E-04   5.2266337E-04
   1.5498710E+03   5.0200000E+02   4.7900000E+02   4.8763796E-04   5.1149748E-04
   1.5498785E+03   4.8600000E+02   4.5700000E+02   1.2615804E-03   1.3419905E-03
   1.5498860E+03   4.8900000E+02   4.5600000E+02   2.0939926E-03   2.2453905E-03
   1.5498936E+03   5.1200000E+02   4.9100000E+02   1.2519828E-03   1.3050983E-03
   1.5499011E+03   5.1900000E+02   4.8800000E+02   9.6339342E-04   1.0255591E-03
   1.5499086E+03   5.1100000E+02   4.8200000E+02   4.2620199E-04   4.5172918E-04
   1.5499161E+03   5.5900000E+02   5.2900000E+02   3.1340386E-04   3.3121425E-04
   1.5499237E+03   5.1700000E+02   4.8000000E+02   6.1238914E-05   6.6489555E-05
   1.5499312E+03   5.1600000E+02   4.7800000E+02   1.1162187E-03   9.3921764E-04
   1.5499387E+03   4.9800000E+02   4.6300000E+02   3.2749997E-04   3.5436247E-04
   1.5499463E+03   5.5600000E+02   5.3400000E+02   9.3221005E-05   9.6990121E-05
   1.5499538E+03   5.5600000E+02   5.3400000E+02   6.8512482E-04   7.1333890E-04
   1.5499613E+03   5.7400000E+02   5.4400000E+02   1.5433340E-04   1.6280346E-04
   1.5499688E+03   5.4800000E+02   5.2000000E+02   1.3173826E-04   1.3895408E-04
   1.5499764E+03   5.7200000E+02   5.2900000E+02   4.4641064E-04   7.5617070E-04
   1.5499839E+03   5.3500000E+02   5.0100000E+02   5.3180475E-06   6.1869012E-06
   1.5499914E+03   5.6400000E+02   5.2800000E+02   1.0924565E-03   1.0401224E-03
   1.5499990E+03   6.0100000E+02   5.6600000E+02   2.8146636E-04   2.9898912E-04
   1.5500065E+03   5.7500000E+02   5.4000000E+02   1.4604406E-04   1.4243555E-04
   1.5500140E+03   5.8300000E+02   5.4000000E+02   9.3963402E-04   1.0143562E-03
   1.5500215E+03   5.7200000E+02   5.3000000E+02   9.7987086E-04   1.0567413E-03
   1.5500291E+03   5.9400000E+02   5.6300000E+02   2.6143096E-04   2.7597398E-04
   1.5500366E+03   6.1900000E+02   5.8100000E+02   1.6968423E-04   1.8052416E-04
   1.5500441E+03   5.8600000E+02   5.4500000E+02   3.2218287E-04   3.4723449E-04
   1.5500517E+03   6.3500000E+02   5.9700000E+02   9.2214162E-05   9.8134734E-05
   1.5500592E+03   6.3700000E+02   5.9100000E+02   3.4858301E-04   3.7440938E-04
   1.5500667E+03   6.0700000E+02   5.6300000E+02   6.3681739E-04   7.6374859E-04
   1.5500742E+03   6.3500000E+02   5.9100000E+02   6.0904367E-04   6.5423458E-04
   1.5500818E+03   6.4500000E+02   6.0500000E+02   4.9855744E-04   5.0262259E-04
   1.5500893E+03   6.3600000E+02   5.9600000E+02   6.7353179E-04   7.1862487E-04
   1.5500968E+03   6.4200000E+02   6.0000000E+02   7.1892141E-04   5.8084425E-04
   1.5501044E+03   6.1000000E+02   5.6800000E+02   2.6452390E-05   2.8600714E-05
   1.5501119E+03   6.7700000E+02   6.4200000E+02   2.3162422E-04   4.5557300E-04
   1.5501194E+03   6.7700000E+02   6.4200000E+02   2.8883824E-04   1.1273158E-04
   1.5501269E+03   6.3700000E+02   5.9100000E+02   4.5826408E-04   4.9364586E-04
   1.5501345E+03   7.0300000E+02   6.5500000E+02   2.6116160E-04   2.7957354E-04
   1.5501420E+03   6.7300000E+02   6.2600000E+02   6.7551937E-05   7.1655707E-05
   1.5501495E+03   7.2900000E+02   6.8600000E+02   1.3362975E-03   1.4203324E-03
   1.5501571E+03   6.6900000E+02   6.2400000E+02   7.6230963E-04   8.1721213E-04
   1.5501646E+03   6.8900000E+02   6.4300000E+02   7.6956240E-04   7.3235780E-04
   1.5501721E+03   7.1100000E+02   6.5900000E+02   4.8731962E-04   5.2592326E-04
   1.5501796E+03   6.9500000E+02   6.4800000E+02   3.1005164E-04   3.3211990E-04
   1.5501872E+03   7.0500000E+02   6.6000000E+02   5.0740826E-04   5.4164567E-04
   1.5501947E+03   7.4100000E+02   6.9500000E+02   5.3058813E-04   5.8631521E-04
   1.5502022E+03   7.4400000E+02   6.7900000E+02   1.6806817E-04   1.8383253E-04
   1.5502097E+03   7.1200000E+02   6.6500000E+02   2.6551921E-04   2.8401448E-04
   1.5502173E+03   7.8600000E+02   7.2800000E+02   2.9659920E-04   3.2037307E-04
   1.5502248E+03   7.4300000E+02   6.9600000E+02   5.2904177E-04   5.6504849E-04
   1.5502323E+03   7.2800000E+02   6.8000000E+02   6.9667390E-04   6.1226302E-04
   1.5502399E+03   7.7900000E+02   7.1800000E+02   5.3104794E-04   5.1534526E-04
   1.5502474E+03   7.9200000E+02   7.2800000E+02   3.6934338E-04   4.0229047E-04
   1.5502549E+03   7.7900000E+02   7.0100000E+02   3.3266853E-04   3.6286467E-04
   1.5502624E+03   7.6100000E+02   6.9800000E+02   4.0943106E-04   4.4653139E-04
   1.5502700E+03   7.8600000E+02   7.2700000E+02   2.0650539E-04   2.2328946E-04
   1.5502775E+03   8.4000000E+02   7.7000000E+02   6.1299717E-04   5.0864288E-04
   1.5502850E+03   8.6200000E+02   7.7500000E+02   1.1843934E-04   1.3069531E-04
   1.5502926E+03   8.8800000E+02   7.8600000E+02   1.0474159E-03   1.1835363E-03
   1.5503001E+03   8.0700000E+02   7.0100000E+02   3.4420971E-04   3.9631716E-04
   1.5503076E+03   9.1900000E+02   8.1500000E+02   4.6012212E-04   5.1853959E-04
   1.5503151E+03   9.0900000E+02   7.7500000E+02   4.4853880E-04   5.2676742E-04
   1.5503227E+03   9.4300000E+02   8.1200000E+02   5.1735186E-04   6.0031969E-04
   1.5503302E+03   9.5800000E+02   7.8000000E+02   1.0588152E-03   1.3031065E-03
   1.5503377E+03   9.8700000E+02   8.3000000E+02   2.9719736E-04   2.0924026E-04
   1.5503453E+03   9.4600000E+02   7.6500000E+02   3.9670317E-04   4.9108633E-04
   1.5503528E+03   1.0230000E+03   8.3500000E+02   2.4153420E-04   3.8765466E-04
   1.5503603E+03   1.0710000E+03   8.4800000E+02   4.2489368E-04   5.3736559E-04
   1.5503678E+03   1.0510000E+03   7.7500000E+02   5.1355328E-04   5.7450178E-04
   1.5503754E+03   1.1230000E+03   8.5800000E+02   2.4118615E-04   3.1237459E-04
   1.5503829E+03   1.1540000E+03   8.5100000E+02   4.6805217E-04   6.4035616E-04
   1.5503904E+03   1.1500000E+03   8.6500000E+02   9.7636520E-05   1.2972556E-04
   1.5503980E+03   1.1910000E+03   8.8000000E+02   1.7947327E-04   5.8282852E-05
   1.5504055E+03   1.2040000E+03   8.8600000E+02   3.1648583E-04   1.9410543E-04
   1.5504130E+03   1.2930000E+03   9.4000000E+02   3.2349882E-04   1.0054292E-03
   1.5504205E+03   1.2800000E+03   8.9800000E+02   1.2029920E-04   1.7153368E-04
   1.5504281E+03   1.3830000E+03   9.6300000E+02   6.9841828E-04   7.3782866E-04
   1.5504356E+03   1.3440000E+03   9.1200000E+02   3.7877012E-04   4.3739770E-04
   1.5504431E+03   1.3160000E+03   8.8200000E+02   4.5421910E-04   2.9520236E-04
   1.5504507E+03   1.3890000E+03   9.2800000E+02   5.2723355E-04   3.2363292E-04
   1.5504582E+03   1.4050000E+03   9.0300000E+02   5.8137914E-04   7.2916863E-04
   1.5504657E+03   1.5150000E+03   9.9000000E+02   1.2788911E-03   4.4182996E-04
   1.5504732E+03   1.4430000E+03   9.6400000E+02   1.7750218E-04   3.2838944E-04
   1.5504808E+03   1.4650000E+03   9.6400000E+02   1.0432670E-03   4.5499992E-04
   1.5504883E+03   1.5360000E+03   9.8500000E+02   2.9133215E-04   9.4129591E-05
   1.5504958E+03   1.4720000E+03   9.2500000E+02   4.8550756E-04   5.0488324E-04
   1.5505034E+03   1.5830000E+03   9.7700000E+02   4.3105730E-04   3.7233038E-04
   1.5505109E+03   1.6460000E+03   1.0460000E+03   5.4966799E-04   9.1681914E-04
   1.5505184E+03   1.6520000E+03   1.0360000E+03   4.5369359E-04   8.5162552E-04
   1.5505259E+03   1.6860000E+03   1.0500000E+03   3.5560434E-04   4.0058230E-04
   1.5505335E+03   1.6940000E+03   1.0730000E+03   5.0541630E-04   5.4534609E-04
   1.5505410E+03   1.7240000E+03   1.0860000E+03   6.7452682E-04   7.9513012E-04
   1.5505485E+03   1.7040000E+03   1.0190000E+03   9.8735353E-04   1.6962857E-03
   1.5505561E+03   1.7210000E+03   1.0620000E+03   1.0832273E-04   1.2955568E-04
   1.5505636E+03   1.7500000E+03   1.0920000E+03   9.4615623E-04   8.1939616E-04
   1.5505711E+03   1.7550000E+03   1.1110000E+03   2.2652394E-04   7.1432447E-04
   1.5505786E+03   1.7740000E+03   1.0710000E+03   4.7765111E-04   5.1523418E-04
   1.5505862E+03   1.7710000E+03   1.1250000E+03   2.1783725E-04   2.9158552E-04
   1.5505937E+03   1.7780000E+03   1.1290000E+03   6.0837524E-04   8.9467527E-04
   1.5506012E+03   1.8450000E+03   1.1330000E+03   4.4257028E-04   8.0810257E-04
   1.5506087E+03   1.8970000E+03   1.1690000E+03   6.1164783E-04   5.6185619E-04
   1.5506163E+03   1.8390000E+03   1.1340000E+03   2.4984106E-04   1.0763394E-03
   1.5506238E+03   1.8800000E+03   1.1630000E+03   9.4936556E-05   1.8926535E-04
   1.5506313E+03   1.9350000E+03   1.2220000E+03   3.9021645E-04   3.2648088E-04
   1.5506389E+03   1.9580000E+03   1.1950000E+03   4.6953756E-04   7.6117734E-04
   1.5506464E+03   1.8420000E+03   1.1280000E+03   3.1168355E-04   2.9086886E-04
   1.5506539E+03   1.9960000E+03   1.1900000E+03   1.7037647E-04   4.3775503E-04
   1.5506614E+03   1.9180000E+03   1.1850000E+03   6.1210226E-04   6.2702371E-04
   1.5506690E+03   1.9460000E+03   1.1890000E+03   4.1708810E-04   3.5938539E-04
   1.5506765E+03   1.9310000E+03   1.2280000E+03   6.7306724E-04   5.1517707E-04
   1.5506840E+03   2.0090000E+03   1.2370000E+03   4.9224962E-04   5.1962620E-04
   1.5506916E+03   2.0880000E+03   1.3470000E+03   6.1132595E-04   3.0399535E-04
   1.5506991E+03   1.9780000E+03   1.2510000E+03   5.4783222E-04   3.2501456E-04
   1.5507066E+03   1.9540000E+03   1.2060000E+03   1.0209348E-03   1.0241406E-03
   1.5507141E+03   2.0240000E+03   1.2590000E+03   2.4149207E-04   1.0028995E-03
   1.5507217E+03   2.0410000E+03   1.2830000E+03   5.7057861E-04   2.1749087E-04
   1.5507292E+03   2.0800000E+03   1.3020000E+03   6.7741115E-04   4.1152756E-04
   1.5507367E+03   2.0760000E+03   1.2900000E+03   1.6936418E-04   1.2597287E-04
   1.5507443E+03   2.0550000E+03   1.2720000E+03   7.0492803E-04   1.2808929E-03
   1.5507518E+03   2.0200000E+03   1.2690000E+03   2.1681417E-04   4.9049817E-04
   1.5507593E+03   2.0520000E+03   1.3180000E+03   3.8461794E-04   3.2494617E-04
   1.5507668E+03   2.0050000E+03   1.2740000E+03   2.9893411E-04   4.3676368E-04
   1.5507744E+03   2.0080000E+03   1.2360000E+03   7.2524431E-04   3.9851279E-04
   1.5507819E+03   2.0490000E+03   1.2850000E+03   4.4965453E-04   8.1143986E-04
   1.5507894E+03   2.0410000E+03   1.3080000E+03   4.0684865E-04   1.4592316E-04
   1.5507970E+03   2.0930000E+03   1.3450000E+03   4.9707485E-04   4.2591376E-04
   1.5508045E+03   2.0460000E+03   1.2980000E+03   5.4096129E-04   6.8610002E-04
   1.5508120E+03   2.0960000E+03   1.3260000E+03   3.1386243E-04   6.6284709E-04
   1.5508195E+03   2.1630000E+03   1.3680000E+03   2.9176304E-04   6.0522070E-04
   1.5508271E+03   2.2590000E+03   1.4330000E+03   2.8621101E-04   7.8272145E-05
   1.5508346E+03   2.1470000E+03   1.3680000E+03   5.1719375E-04   7.0240474E-04
   1.5508421E+03   2.1450000E+03   1.3560000E+03   2.9359805E-04   6.1552361E-04
   1.5508497E+03   2.1400000E+03   1.3670000E+03   6.8666557E-05   2.4432592E-04
   1.5508572E+03   2.2430000E+03   1.4420000E+03   3.6635830E-04   2.4846892E-04
   1.5508647E+03   2.1630000E+03   1.4150000E+03   7.8212023E-04   5.4966655E-04
   1.5508722E+03   2.2480000E+03   1.4800000E+03   4.3304651E-04   6.0333085E-04
   1.5508798E+03   2.1360000E+03   1.3770000E+03   4.5945631E-04   1.8573204E-04
   1.5508873E+03   2.1840000E+03   1.4430000E+03   3.9087482E-04   1.8284966E-04
   1.5508948E+03   2.2440000E+03   1.4510000E+03   4.0998247E-04   6.3810431E-04
   1.5509024E+03   2.1930000E+03   1.4300000E+03   5.7256712E-04   2.1497293E-04
   1.5509099E+03   2.2200000E+03   1.4280000E+03   2.9871484E-04   8.2805508E-04
   1.5509174E+03   2.2430000E+03   1.4470000E+03   1.4876574E-04   3.5041849E-04
   1.5509249E+03   2.2730000E+03   1.4520000E+03   3.3660708E-04   4.8306810E-04
   1.5509325E+03   2.2620000E+03   1.4460000E+03   4.0276740E-04   1.8755922E-04
   1.5509400E+03   2.3090000E+03   1.4730000E+03   2.9150046E-04   5.4563589E-04
   1.5509475E+03   2.2660000E+03   1.4920000E+03   4.1319301E-04   8.9148739E-05
   1.5509551E+03   2.1900000E+03   1.4020000E+03   1.5204816E-04   4.6958804E-04
   1.5509626E+03   2.1870000E+03   1.3990000E+03   5.6034976E-04   4.9658839E-04
   1.5509701E+03   2.2720000E+03   1.4750000E+03   2.1571598E-04   5.7412762E-04
   1.5509776E+03   2.3240000E+03   1.5290000E+03   3.4999294E-04   4.6094267E-04
   1.5509852E+03   2.3280000E+03   1.4880000E+03   3.4150457E-04   6.4760457E-04
   1.5509927E+03   2.2970000E+03   1.5070000E+03   1.0916354E-04   5.1056321E-04
   1.5510002E+03   2.3320000E+03   1.5440000E+03   5.3827782E-04   8.1314379E-04
   1.5510078E+03   2.2760000E+03   1.4670000E+03   4.7861518E-04   4.4714982E-04
   1.5510153E+03   2.2750000E+03   1.4770000E+03   4.8047472E-04   7.4011288E-04
   1.5510228E+03   2.2810000E+03   1.4680000E+03   6.5616390E-04   7.7764761E-04
   1.5510303E+03   2.2900000E+03   1.5150000E+03   2.3094765E-04   3.5060112E-04
   1.5510379E+03   2.3210000E+03   1.4710000E+03   2.1898536E-04   1.8869575E-04
   1.5510454E+03   2.3980000E+03   1.5470000E+03   2.1482511E-04   2.3471455E-04
   1.5510529E+03   2.4150000E+03   1.5550000E+03   3.5052924E-04   5.4434226E-04
   1.5510604E+03   2.3510000E+03   1.5390000E+03   2.2013518E-04   4.5432039E-04
   1.5510680E+03   2.3750000E+03   1.5840000E+03   3.0916303E-04   3.6611435E-04
   1.5510755E+03   2.3170000E+03   1.5680000E+03   3.5891337E-04   5.3033994E-04
   1.5510830E+03   2.3920000E+03   1.5580000E+03   1.4649409E-04   5.5390304E-05
   1.5510906E+03   2.3920000E+03   1.5170000E+03   3.1824996E-04   5.0183628E-04
   1.5510981E+03   2.3800000E+03   1.5310000E+03   2.8931217E-04   4.4951579E-04
   1.5511056E+03   2.4630000E+03   1.6410000E+03   7.1579606E-04   6.1765555E-04
   1.5511131E+03   2.3860000E+03   1.5560000E+03   1.1663688E-04   1.8294148E-04
   1.5511207E+03   2.3370000E+03   1.5460000E+03   7.4076338E-05   1.1158945E-04
   1.5511282E+03   2.3520000E+03   1.5550000E+03   3.8976887E-04   5.9148431E-04
   1.5511357E+03   2.3490000E+03   1.5460000E+03   3.6772148E-04   5.5892364E-04
   1.5511433E+03   2.4060000E+03   1.5060000E+03   3.6503647E-04   5.8313143E-04
   1.5511508E+03   2.4060000E+03   1.6080000E+03   3.7780935E-04   5.6525628E-04
   1.5511583E+03   2.4060000E+03   1.5720000E+03   3.7920045E-04   5.8042724E-04
   1.5511658E+03   2.3700000E+03   1.5680000E+03   1.8166274E-04   5.4424069E-04
   1.5511734E+03   2.4890000E+03   1.6240000E+03   1.2289571E-04   1.8840408E-04
   1.5511809E+03   2.3590000E+03   1.5470000E+03   3.9377874E-04   6.0004958E-04
   1.5511884E+03   2.3510000E+03   1.4900000E+03   3.7663753E-04   4.2469009E-04
   1.5511960E+03   2.3930000E+03   1.5710000E+03   1.3049355E-04   1.9851169E-04
   1.5512035E+03   2.3950000E+03   1.5680000E+03   2.0311102E-04   1.6006862E-04
   1.5512110E+03   2.3950000E+03   1.5330000E+03   3.2947180E-04   3.7411622E-04
   1.5512185E+03   2.4050000E+03   1.5850000E+03   1.8369497E-05   2.9850820E-05
   1.5512261E+03   2.3690000E+03   1.5080000E+03   1.7175074E-04   2.6835717E-04
   1.5512336E+03   2.3880000E+03   1.5500000E+03   2.9671386E-04   4.5718892E-04
   1.5512411E+03   2.4680000E+03   1.5680000E+03   1.7179183E-04   3.2900240E-05
   1.5512487E+03   2.3990000E+03   1.5290000E+03   1.3565436E-04   2.1269024E-04
   1.5512562E+03   2.4570000E+03   1.6060000E+03   9.4971122E-05   1.4562959E-04
   1.5512637E+03   2.6130000E+03   1.7070000E+03   3.4108860E-04   5.2684742E-04
   1.5512712E+03   2.4980000E+03   1.6040000E+03   3.0563804E-04   4.7598800E-04
   1.5512788E+03   2.4040000E+03   1.5480000E+03   2.4562626E-04   3.8165539E-04
   1.5512863E+03   2.4040000E+03   1.5510000E+03   4.7142770E-04   7.3054191E-04
   1.5512938E+03   2.4920000E+03   1.6500000E+03   3.2172475E-04   4.8470214E-04
   1.5513014E+03   2.5080000E+03   1.6180000E+03   2.4948815E-04   3.8617299E-04
   1.5513089E+03   2.4330000E+03   1.5760000E+03   6.2654268E-04   9.6879978E-04
   1.5513164E+03   2.4780000E+03   1.5630000E+03   1.9200120E-04   3.0387857E-04
   1.5513239E+03   2.4310000E+03   1.5920000E+03   3.7106873E-04   5.6705921E-04
   1.5513315E+03   2.4470000E+03   1.5820000E+03   1.0553453E-04   1.6317965E-04
   1.5513390E+03   2.3460000E+03   1.4870000E+03   3.6911167E-04   5.8214616E-04
   1.5513465E+03   2.4030000E+03   1.5180000E+03   2.3556999E-04   3.7289865E-04
   1.5513541E+03   2.3900000E+03   1.5290000E+03   2.6466020E-04   4.1391373E-04
   1.5513616E+03   2.4890000E+03   1.5270000E+03   1.0062792E-04   1.6375513E-04
   1.5513691E+03   2.4700000E+03   1.5430000E+03   3.0094904E-04   5.5329605E-04
   1.5513766E+03   2.5110000E+03   1.6190000E+03   3.2851863E-04   5.1275397E-04
   1.5513842E+03   2.4260000E+03   1.5450000E+03   1.2836303E-04   2.0374519E-04
   1.5513917E+03   2.3830000E+03   1.5320000E+03   3.3811927E-04   5.2626517E-04
   1.5513992E+03   2.3130000E+03   1.4750000E+03   2.1398102E-04   3.3525241E-04
   1.5514068E+03   2.4310000E+03   1.5690000E+03   2.5579628E-04   3.9558398E-04
   1.5514143E+03   2.3970000E+03   1.5280000E+03   1.3989735E-04   2.1480838E-04
   1.5514218E+03   2.3590000E+03   1.4920000E+03   6.5193358E-05   1.0540851E-04
   1.5514293E+03   2.4200000E+03   1.5270000E+03   8.0870632E-05   1.2820689E-04
   1.5514369E+03   2.3460000E+03   1.5280000E+03   3.9521058E-04   6.0600962E-04
   1.5514444E+03   2.3540000E+03   1.5110000E+03   5.7328000E-05   8.8877783E-05
   1.5514519E+03   2.4140000E+03   1.5290000E+03   7.2197114E-05   7.6758052E-05
   1.5514595E+03   2.2850000E+03   1.4630000E+03   3.7233325E-04   5.8171094E-04
   1.5514670E+03   2.3300000E+03   1.4930000E+03   1.2906997E-04   2.0313447E-04
   1.5514745E+03   2.3790000E+03   1.4980000E+03   4.1967515E-04   6.6615790E-04
   1.5514820E+03   2.3270000E+03   1.4350000E+03   1.1093275E-04   1.8011507E-04
   1.5514896E+03   2.3560000E+03   1.5170000E+03   1.5457488E-04   2.4048396E-04
   1.5514971E+03   2.3360000E+03   1.4760000E+03   2.1866499E-04   3.4637226E-04
   1.5515046E+03   2.2770000E+03   1.4480000E+03   3.3970368E-04   5.3551820E-04
   1.5515122E+03   2.4360000E+03   1.5470000E+03   3.1291953E-04   4.9294113E-04
   1.5515197E+03   2.4450000E+03   1.5330000E+03   3.5260363E-04   5.6200495E-04
   1.5515272E+03   2.4040000E+03   1.5240000E+03   2.5177563E-04   3.9693490E-04
   1.5515347E+03   2.3570000E+03   1.4440000E+03   6.1167834E-04   9.9803999E-04
   1.5515423E+03   2.3070000E+03   1.4850000E+03   1.6638307E-04   2.6108887E-04
   1.5515498E+03   2.4770000E+03   1.4980000E+03   1.6333005E-04   2.7030554E-04
   1.5515573E+03   2.3770000E+03   1.4700000E+03   2.9928129E-04   4.8623022E-04
   1.5515648E+03   2.4800000E+03   1.5410000E+03   4.0529533E-04   6.4627908E-04
   1.5515724E+03   2.2520000E+03   1.3940000E+03   1.5762168E-04   2.5418939E-04
   1.5515799E+03   2.3510000E+03   1.4800000E+03   1.5567194E-04   2.4737103E-04
   1.5515874E+03   2.2090000E+03   1.3640000E+03   5.6683371E-04   9.1844149E-04
   1.5515950E+03   2.3130000E+03   1.4210000E+03   3.8231389E-04   6.2307559E-04
   1.5516025E+03   2.3330000E+03   1.4520000E+03   3.4224288E-04   5.5025982E-04
   1.5516100E+03   2.2500000E+03   1.3730000E+03   2.7661347E-04   4.5272215E-04
   1.5516175E+03   2.3390000E+03   1.4070000E+03   8.5542374E-05   1.3982324E-04
   1.5516251E+03   2.2720000E+03   1.4510000E+03   1.1241076E-04   1.7670134E-04
   1.5516326E+03   2.2510000E+03   1.3700000E+03   1.8551081E-04   3.0482741E-04
   1.5516401E+03   2.2750000E+03   1.3980000E+03   2.0302457E-04   3.3052311E-04
   1.5516477E+03   2.3390000E+03   1.4970000E+03   6.6360084E-04   1.0367932E-03
   1.5516552E+03   2.1960000E+03   1.3690000E+03   2.2969061E-04   3.6858556E-04
   1.5516627E+03   2.1730000E+03   1.3730000E+03   1.4334730E-04   2.2698958E-04
   1.5516702E+03   2.2940000E+03   1.3840000E+03   3.8312074E-04   6.3341036E-04
   1.5516778E+03   2.2090000E+03   1.3880000E+03   4.5942314E-04   7.3041023E-04
   1.5516853E+03   2.2480000E+03   1.3680000E+03   3.8358482E-04   6.2910423E-04
   1.5516928E+03   2.1440000E+03   1.3530000E+03   4.1947049E-04   6.6466795E-04
   1.5517004E+03   2.2230000E+03   1.3900000E+03   1.4289564E-04   2.2813206E-04
   1.5517079E+03   2.2440000E+03   1.3550000E+03   3.0771676E-04   5.0986556E-04
   1.5517154E+03   2.2000000E+03   1.3260000E+03   3.5911915E-04   5.9824626E-04
   1.5517229E+03   2.2450000E+03   1.3770000E+03   3.8205269E-04   6.2260289E-04
   1.5517305E+03   2.1820000E+03   1.3230000E+03   6.4712216E-04   1.0667934E-03
   1.5517380E+03   2.1830000E+03   1.3140000E+03   4.9975987E-04   8.3054532E-04
   1.5517455E+03   2.1570000E+03   1.3110000E+03   2.0252852E-04   3.3330603E-04
   1.5517531E+03   2.1660000E+03   1.3060000E+03   1.4726325E-04   2.4508065E-04
   1.5517606E+03   2.1570000E+03   1.2950000E+03   3.8093997E-05   1.4677983E-04
   1.5517681E+03   2.1200000E+03   1.3030000E+03   3.4088458E-06   4.6375441E-06
   1.5517756E+03   2.1440000E+03   1.2840000E+03   2.5549996E-04   4.2645453E-04
   1.5517832E+03   2.1180000E+03   1.2510000E+03   7.9939804E-05   1.3521296E-04
   1.5517907E+03   2.0800000E+03   1.2560000E+03   4.2984121E-04   7.1198070E-04
   1.5517982E+03   2.1600000E+03   1.3010000E+03   2.5612022E-04   4.2551513E-04
   1.5518058E+03   2.1490000E+03   1.2420000E+03   6.4397184E-04   1.1125220E-03
   1.5518133E+03   2.1080000E+03   1.2490000E+03   3.7179829E-04   6.2726368E-04
   1.5518208E+03   2.1460000E+03   1.2400000E+03   2.5833773E-04   4.4748912E-04
   1.5518283E+03   2.0650000E+03   1.2400000E+03   4.2409121E-04   7.0058656E-04
   1.5518359E+03   2.0980000E+03   1.2070000E+03   2.1046708E-04   3.5101026E-04
   1.5518434E+03   2.0550000E+03   1.2420000E+03   5.0173495E-04   8.3037703E-04
   1.5518509E+03   2.1080000E+03   1.2130000E+03   7.3523061E-04   1.2765283E-03
   1.5518585E+03   2.1290000E+03   1.2360000E+03   1.1378272E-04   1.9656861E-04
   1.5518660E+03   2.0950000E+03   1.2170000E+03   9.2203045E-05   1.6624205E-04
   1.5518735E+03   2.0410000E+03   1.1680000E+03   1.1117580E-03   1.9431033E-03
   1.5518810E+03   2.0280000E+03   1.1860000E+03   2.8961149E-04   4.9523275E-04
   1.5518886E+03   2.0620000E+03   1.2050000E+03   3.7646411E-04   6.4886685E-04
   1.5518961E+03   1.9990000E+03   1.1640000E+03   9.2997998E-04   1.5972672E-03
   1.5519036E+03   1.9760000E+03   1.1030000E+03   4.5437693E-04   8.1360861E-04
   1.5519112E+03   1.9480000E+03   1.1230000E+03   1.5282426E-04   2.5838459E-04
   1.5519187E+03   2.0730000E+03   1.1790000E+03   4.9670608E-04   8.7310651E-04
   1.5519262E+03   2.0990000E+03   1.2450000E+03   3.0396251E-04   5.1279220E-04
   1.5519337E+03   2.0140000E+03   1.1660000E+03   2.6054209E-04   4.4948513E-04
   1.5519413E+03   1.9820000E+03   1.1360000E+03   4.6105316E-04   8.0307270E-04
   1.5519488E+03   1.8410000E+03   1.0430000E+03   6.8442563E-04   1.2074084E-03
   1.5519563E+03   1.9480000E+03   1.1190000E+03   1.4874810E-04   2.5893034E-04
   1.5519638E+03   1.9130000E+03   1.1000000E+03   1.0247122E-04   1.7826086E-04
   1.5519714E+03   2.0060000E+03   1.1590000E+03   7.4177582E-04   1.2842912E-03
   1.5519789E+03   1.8830000E+03   1.0340000E+03   7.6592937E-04   1.3947986E-03
   1.5519864E+03   1.9720000E+03   1.1420000E+03   7.5391919E-05   1.2988735E-04
   1.5519940E+03   1.8820000E+03   1.0570000E+03   2.6999344E-04   4.8057488E-04
   1.5520015E+03   1.8990000E+03   1.0680000E+03   4.6220217E-04   8.2183079E-04
   1.5520090E+03   1.8930000E+03   1.0490000E+03   1.2712437E-04   2.2941401E-04
   1.5520165E+03   1.8530000E+03   1.0420000E+03   6.8088403E-04   1.2105533E-03
   1.5520241E+03   1.9120000E+03   1.0640000E+03   4.7304558E-04   8.5034707E-04
   1.5520316E+03   1.8650000E+03   1.0640000E+03   2.9617959E-04   5.1913102E-04
   1.5520391E+03   1.8480000E+03   1.0260000E+03   5.4034806E-04   9.7325360E-04
   1.5520467E+03   1.8390000E+03   9.9600000E+02   6.4118110E-04   1.1837000E-03
   1.5520542E+03   1.8250000E+03   1.0480000E+03   5.7263527E-04   9.9705156E-04
   1.5520617E+03   1.7720000E+03   1.0180000E+03   6.0111711E-04   1.0465146E-03
   1.5520692E+03   1.9920000E+03   1.0930000E+03   4.8388252E-05   7.2714114E-05
   1.5520768E+03   1.8230000E+03   1.0150000E+03   5.9811326E-04   1.0739233E-03
   1.5520843E+03   1.8800000E+03   1.0350000E+03   2.5337940E-04   4.6025550E-04
   1.5520918E+03   1.8180000E+03   9.8800000E+02   1.0799604E-04   1.9894750E-04
   1.5520994E+03   1.7510000E+03   9.5600000E+02   4.1524530E-04   7.6280326E-04
   1.5521069E+03   1.8050000E+03   9.7700000E+02   1.9448996E-04   3.5919362E-04
   1.5521144E+03   1.7610000E+03   9.1900000E+02   1.6536558E-04   3.1730491E-04
   1.5521219E+03   1.7750000E+03   9.3700000E+02   4.1186121E-05   7.8055808E-05
   1.5521295E+03   1.8690000E+03   1.0300000E+03   7.8285406E-04   1.4198217E-03
   1.5521370E+03   1.7970000E+03   9.3300000E+02   6.6769962E-04   1.2859380E-03
   1.5521445E+03   1.7850000E+03   9.2100000E+02   4.4326892E-04   8.5938312E-04
   1.5521521E+03   1.7500000E+03   9.4400000E+02   3.9941349E-04   7.4291421E-04
   1.5521596E+03   1.7820000E+03   9.2900000E+02   1.5975388E-04   3.0660617E-04
   1.5521671E+03   1.8080000E+03   9.6000000E+02   4.4332235E-04   8.3509195E-04
   1.5521746E+03   1.7650000E+03   9.1300000E+02   4.3581379E-04   8.4287586E-04
   1.5521822E+03   1.7760000E+03   9.3800000E+02   3.5769312E-04   6.7794710E-04
   1.5521897E+03   1.7670000E+03   9.3600000E+02   6.2776939E-05   5.8828078E-04
   1.5521972E+03   1.6910000E+03   8.8800000E+02   2.3631975E-04   4.5000441E-04
   1.5522048E+03   1.8220000E+03   9.4800000E+02   5.9923555E-04   1.1520046E-03
   1.5522123E+03   1.7060000E+03   8.9400000E+02   1.0694409E-03   2.0410735E-03
   1.5522198E+03   1.7180000E+03   9.1400000E+02   1.1303089E-03   2.1248914E-03
   1.5522273E+03   1.6890000E+03   8.9900000E+02   3.2571410E-04   6.1176447E-04
   1.5522349E+03   1.6470000E+03   8.5800000E+02   6.8536150E-04   1.3159551E-03
   1.5522424E+03   1.6930000E+03   8.9300000E+02   6.7183160E-04   1.2742707E-03
   1.5522499E+03   1.6510000E+03   8.5500000E+02   7.3941915E-04   1.4275758E-03
   1.5522575E+03   1.6180000E+03   8.1600000E+02   1.7236319E-04   3.4187605E-04
   1.5522650E+03   1.7090000E+03   8.9100000E+02   5.1237448E-04   9.8264131E-04
   1.5522725E+03   1.6700000E+03   8.5800000E+02   8.0918091E-04   1.5692066E-03
   1.5522800E+03   1.6590000E+03   8.0800000E+02   2.0059302E-04   4.1209661E-04
   1.5522876E+03   1.6970000E+03   8.6600000E+02   2.2866665E-04   4.4814473E-04
   1.5522951E+03   1.6710000E+03   8.5300000E+02   1.6365306E-04   3.2308844E-04
   1.5523026E+03   1.6760000E+03   8.2700000E+02   3.8092090E-04   7.7195575E-04
   1.5523102E+03   1.5980000E+03   8.0400000E+02   1.0329987E-03   2.0534422E-03
   1.5523177E+03   1.6240000E+03   8.0400000E+02   4.3479774E-04   8.7864701E-04
   1.5523252E+03   1.6090000E+03   8.1500000E+02   2.3566843E-04   4.6444534E-04
   1.5523327E+03   1.6190000E+03   8.0400000E+02   2.4703613E-04   4.9474751E-04
   1.5523403E+03   1.6250000E+03   7.9200000E+02   8.9199310E-04   1.8326604E-03
   1.5523478E+03   1.5520000E+03   7.5500000E+02   8.2089453E-04   1.6873453E-03
   1.5523553E+03   1.5320000E+03   7.2600000E+02   6.8201863E-05   1.4539799E-04
   1.5523629E+03   1.5880000E+03   7.5800000E+02   1.0603713E-03   2.2208527E-03
   1.5523704E+03   1.5400000E+03   7.2600000E+02   2.3364894E-04   4.9442158E-04
   1.5523779E+03   1.6900000E+03   8.3500000E+02   2.6808020E-04   5.4275751E-04
   1.5523854E+03   1.5760000E+03   7.7600000E+02   4.7084733E-04   9.5037788E-04
   1.5523930E+03   1.5780000E+03   7.6500000E+02   1.0443355E-03   2.1549179E-03
   1.5524005E+03   1.5160000E+03   6.9100000E+02   6.7982688E-04   1.4905835E-03
   1.5524080E+03   1.5310000E+03   7.6000000E+02   7.3220062E-04   1.4748641E-03
   1.5524155E+03   1.6250000E+03   7.7000000E+02   4.4474566E-04   9.3610253E-04
   1.5524231E+03   1.4620000E+03   6.9700000E+02   6.0142200E-04   1.2613555E-03
   1.5524306E+03   1.5280000E+03   7.5200000E+02   1.0425928E-03   2.1182302E-03
   1.5524381E+03   1.6080000E+03   7.2500000E+02   1.0747732E-04   2.3949582E-04
   1.5524457E+03   1.5590000E+03   7.5300000E+02   3.4107587E-04   7.0605601E-04
   1.5524532E+03   1.4800000E+03   7.1100000E+02   7.7566457E-05   1.6112721E-04
   1.5524607E+03   1.4480000E+03   6.8400000E+02   7.1669626E-04   1.5171316E-03
   1.5524682E+03   1.5160000E+03   7.0900000E+02   4.8973273E-04   1.0497302E-03
   1.5524758E+03   1.5040000E+03   6.8100000E+02   6.8377005E-04   1.5096807E-03
   1.5524833E+03   1.4750000E+03   6.8200000E+02   1.1280375E-03   2.4396483E-03
   1.5524908E+03   1.4300000E+03   6.5500000E+02   8.7463213E-04   1.9093715E-03
   1.5524984E+03   1.4320000E+03   6.5300000E+02   4.2652333E-04   9.3538939E-04
   1.5525059E+03   1.4360000E+03   6.4900000E+02   5.9299071E-04   1.3118684E-03
   1.5525134E+03   1.4410000E+03   6.3700000E+02   7.2394867E-04   1.6378361E-03
   1.5525209E+03   1.4010000E+03   6.2600000E+02   2.8569904E-04   6.3837754E-04
   1.5525285E+03   1.4090000E+03   6.4700000E+02   4.0049743E-04   8.7232283E-04
   1.5525360E+03   1.4590000E+03   6.5700000E+02   1.7831110E-04   3.9555442E-04
   1.5525435E+03   1.4870000E+03   6.6100000E+02   6.2394594E-04   1.4037381E-03
   1.5525511E+03   1.4240000E+03   6.2800000E+02   3.7190287E-04   8.4412909E-04
   1.5525586E+03   1.4340000E+03   6.1300000E+02   8.1721354E-04   1.9090258E-03
   1.5525661E+03   1.3810000E+03   5.9100000E+02   2.3332895E-04   5.4554815E-04
   1.5525736E+03   1.4400000E+03   5.9400000E+02   3.9032447E-04   9.4600135E-04
   1.5525812E+03   1.4040000E+03   6.0100000E+02   1.8562575E-04   4.3288182E-04
   1.5525887E+03   1.4770000E+03   6.5100000E+02   2.7637889E-04   6.2642979E-04
   1.5525962E+03   1.3780000E+03   5.6400000E+02   6.9416756E-04   1.6959739E-03
   1.5526038E+03   1.3340000E+03   5.6400000E+02   3.9504145E-04   9.3478711E-04
   1.5526113E+03   1.4070000E+03   5.7700000E+02   4.1625256E-04   9.4382131E-04
   1.5526188E+03   1.4050000E+03   5.8900000E+02   1.2472820E-03   2.9763294E-03
   1.5526263E+03   1.4690000E+03   5.8600000E+02   1.3660817E-04   3.4251337E-04
   1.5526339E+03   1.3170000E+03   5.4200000E+02   5.1957243E-04   1.2629936E-03
   1.5526414E+03   1.3720000E+03   5.8300000E+02   1.0566808E-04   2.4713953E-04
   1.5526489E+03   1.3570000E+03   5.5000000E+02   4.0124027E-04   9.9008898E-04
   1.5526565E+03   1.3520000E+03   5.6400000E+02   3.1348744E-04   7.5115024E-04
   1.5526640E+03   1.3140000E+03   5.4700000E+02   4.2841809E-04   1.0294416E-03
   1.5526715E+03   1.3140000E+03   5.2700000E+02   4.1327648E-04   1.0305473E-03
   1.5526790E+03   1.3200000E+03   5.2400000E+02   8.1196832E-04   2.0457434E-03
   1.5526866E+03   1.2860000E+03   5.2100000E+02   7.9263702E-04   1.9551364E-03
   1.5526941E+03   1.3010000E+03   5.1500000E+02   4.9999458E-04   1.0110335E-03
   1.5527016E+03   1.3240000E+03   5.3800000E+02   8.6441025E-04   2.1279844E-03
   1.5527092E+03   1.2620000E+03   4.8700000E+02   9.3673609E-04   2.4278265E-03
   1.5527167E+03   1.2450000E+03   4.9300000E+02   1.8321152E-03   4.6175539E-03
   1.5527242E+03   1.2720000E+03   4.8000000E+02   1.0977322E-03   2.9089238E-03
   1.5527317E+03   1.3140000E+03   4.8900000E+02   8.7007958E-04   2.3384363E-03
   1.5527393E+03   1.2570000E+03   4.7100000E+02   6.3315138E-04   1.6894377E-03
   1.5527468E+03   1.3390000E+03   5.1300000E+02   4.2171786E-04   1.1005480E-03
   1.5527543E+03   1.2640000E+03   4.5900000E+02   8.3930762E-04   2.3084805E-03
   1.5527619E+03   1.3230000E+03   4.7200000E+02   1.1391313E-03   3.1928563E-03
   1.5527694E+03   1.2740000E+03   4.7500000E+02   4.0053774E-04   1.0701139E-03
   1.5527769E+03   1.2320000E+03   4.5000000E+02   1.0567265E-03   2.8921622E-03
   1.5527844E+03   1.2400000E+03   4.6700000E+02   7.8854517E-04   2.0939585E-03
   1.5527920E+03   1.2390000E+03   4.7100000E+02   9.4934318E-04   2.4972636E-03
   1.5527995E+03   1.1950000E+03   4.5200000E+02   1.1896063E-03   3.1446877E-03
   1.5528070E+03   1.2370000E+03   4.7600000E+02   4.9833557E-04   1.2956713E-03
   1.5528146E+03   1.2330000E+03   4.2800000E+02   1.2663423E-04   4.0214666E-04
   1.5528221E+03   1.1870000E+03   3.9600000E+02   1.2037334E-03   3.8285493E-03
   1.5528296E+03   1.1590000E+03   4.0700000E+02   8.8129512E-04   2.5090399E-03
   1.5528371E+03   1.2870000E+03   4.3500000E+02   9.0734454E-04   2.6405403E-03
   1.5528447E+03   1.1410000E+03   3.8600000E+02   4.0056188E-04   1.1795654E-03
   1.5528522E+03   1.2060000E+03   4.1200000E+02   7.0810403E-04   1.9145903E-03
   1.5528597E+03   1.1780000E+03   4.1900000E+02   7.8961193E-04   2.2199565E-03
   1.5528673E+03   1.1500000E+03   3.7200000E+02   1.8627953E-03   5.7585279E-03
   1.5528748E+03   1.1730000E+03   3.8900000E+02   5.0181714E-04   1.2744299E-03
   1.5528823E+03   1.1760000E+03   4.0700000E+02   4.9436998E-04   1.4278262E-03
   1.5528898E+03   1.1080000E+03   3.5300000E+02   7.4604395E-05   2.3426329E-04
   1.5528974E+03   1.1520000E+03   4.0600000E+02   1.2507504E-03   3.5486137E-03
   1.5529049E+03   1.0970000E+03   3.4700000E+02   2.0169063E-04   6.3794854E-04
   1.5529124E+03   1.1650000E+03   3.9200000E+02   1.3045440E-03   3.8773953E-03
   1.5529199E+03   1.1250000E+03   3.4800000E+02   2.5129603E-04   8.2854244E-04
   1.5529275E+03   1.1670000E+03   3.6000000E+02   6.2005479E-04   2.0111232E-03
   1.5529350E+03   1.1580000E+03   3.8000000E+02   5.3635921E-04   1.6339393E-03
   1.5529425E+03   1.0750000E+03   3.3400000E+02   6.4197496E-04   2.0660679E-03
   1.5529501E+03   1.1010000E+03   3.5500000E+02   8.1043540E-04   2.5131785E-03
   1.5529576E+03   1.0800000E+03   3.1400000E+02   2.2736522E-04   7.8307042E-04
   1.5529651E+03   1.1410000E+03   3.3600000E+02   5.9175498E-04   2.2589042E-03
   1.5529726E+03   1.0970000E+03   3.3200000E+02   6.9737342E-04   2.3048125E-03
   1.5529802E+03   1.1040000E+03   3.0900000E+02   6.3295286E-04   2.2614240E-03
   1.5529877E+03   1.1150000E+03   3.1300000E+02   7.5257558E-04   2.6817942E-03
   1.5529952E+03   1.1050000E+03   3.1500000E+02   4.1405757E-04   1.4519818E-03
   1.5530028E+03   1.0810000E+03   3.0900000E+02   7.7053348E-04   2.6954303E-03
   1.5530103E+03   1.0950000E+03   3.0300000E+02   5.3429606E-04   1.9309529E-03
   1.5530178E+03   1.0750000E+03   3.0300000E+02   1.0215348E-03   3.6244325E-03
   1.5530253E+03   1.0270000E+03   2.9700000E+02   6.8474910E-04   2.3667500E-03
   1.5530329E+03   1.0660000E+03   2.8400000E+02   1.4439503E-03   5.4380794E-03
   1.5530404E+03   1.0530000E+03   2.6600000E+02   5.7966079E-04   2.2946597E-03
   1.5530479E+03   1.0360000E+03   2.9700000E+02   1.0002059E-03   3.4888241E-03
   1.5530555E+03   1.0580000E+03   2.9600000E+02   1.4796465E-03   5.2898427E-03
   1.5530630E+03   1.0520000E+03   2.8200000E+02   1.6147326E-03   5.0805885E-03
   1.5530705E+03   1.0330000E+03   2.7500000E+02   6.0390867E-04   2.2686245E-03
   1.5530780E+03   1.0370000E+03   2.6800000E+02   2.2171872E-03   8.5794635E-03
   1.5530856E+03   1.0070000E+03   2.6700000E+02   6.7978484E-04   2.5476664E-03
   1.5530931E+03   1.0510000E+03   2.8100000E+02   8.8409682E-05   3.2977243E-04
   1.5531006E+03   1.0370000E+03   2.7200000E+02   1.0180410E-03   3.8813691E-03
   1.5531082E+03   9.8600000E+02   2.2000000E+02   1.0293456E-03   4.6125467E-03
   1.5531157E+03   1.0370000E+03   2.4900000E+02   9.7198953E-04   4.0481909E-03
   1.5531232E+03   9.9800000E+02   2.5400000E+02   1.3658732E-03   5.3666868E-03
   1.5531307E+03   1.0130000E+03   2.6500000E+02   5.1664040E-04   1.9746598E-03
   1.5531383E+03   1.0100000E+03   2.4600000E+02   5.2399608E-04   2.1525161E-03
   1.5531458E+03   9.8100000E+02   2.2600000E+02   1.0493611E-03   4.5554956E-03
   1.5531533E+03   9.9900000E+02   2.1000000E+02   9.5942354E-04   4.5653696E-03
   1.5531609E+03   1.0480000E+03   2.3100000E+02   1.9437242E-04   8.3936032E-04
   1.5531684E+03   9.6200000E+02   2.0700000E+02   3.5263091E-04   1.6387412E-03
   1.5531759E+03   9.7000000E+02   2.0800000E+02   1.0133493E-03   6.3510514E-03
   1.5531834E+03   9.8800000E+02   1.9100000E+02   2.9224066E-04   1.5118104E-03
   1.5531910E+03   9.6200000E+02   2.0500000E+02   1.3357822E-03   5.9368078E-03
   1.5531985E+03   9.6700000E+02   1.9600000E+02   4.8259487E-04   2.3811300E-03
   1.5532060E+03   9.3800000E+02   1.5400000E+02   1.0955524E-03   5.2025707E-03
   1.5532136E+03   9.6500000E+02   1.7500000E+02   4.2294931E-07   3.7120325E-06
   1.5532211E+03   9.4500000E+02   1.8400000E+02   6.2197967E-04   3.1955578E-03
   1.5532286E+03   9.5100000E+02   1.8400000E+02   1.0256223E-03   5.3018733E-03
   1.5532361E+03   9.9400000E+02   1.7500000E+02   8.5052591E-04   4.8305365E-03
   1.5532437E+03   9.7000000E+02   2.1100000E+02   9.5064465E-04   4.2835001E-03
   1.5532512E+03   9.6000000E+02   1.7400000E+02   6.8796589E-04   3.7952051E-03
   1.5532587E+03   9.4500000E+02   1.6800000E+02   9.3151047E-04   5.2395806E-03
   1.5532663E+03   9.3300000E+02   1.7300000E+02   4.1800852E-04   2.2537224E-03
   1.5532738E+03   8.7300000E+02   1.3400000E+02   2.2206021E-06   1.3711021E-05
   1.5532813E+03   9.1000000E+02   1.5000000E+02   4.9015388E-04   2.9737781E-03
   1.5532888E+03   8.9800000E+02   1.4500000E+02   7.2118026E-04   4.4872850E-03
   1.5532964E+03   8.4600000E+02   1.4000000E+02   2.1469565E-03   1.2973116E-02
   1.5533039E+03   9.2700000E+02   1.5200000E+02   8.4816405E-04   5.1721248E-03
   1.5533114E+03   9.0100000E+02   1.3600000E+02   2.1607117E-03   1.4314265E-02
   1.5533189E+03   8.8300000E+02   1.3700000E+02   3.5785190E-04   2.3061194E-03
   1.5533265E+03   8.8100000E+02   1.3300000E+02   1.0027813E-03   6.4737953E-03
   1.5533340E+03   9.3400000E+02   1.4900000E+02   1.3213287E-03   8.2813045E-03
   1.5533415E+03   8.8100000E+02   1.2600000E+02   9.1726902E-04   6.4112542E-03
   1.5533491E+03   9.0600000E+02   1.3400000E+02   5.9594406E-04   4.2821346E-03
   1.5533566E+03   8.8600000E+02   1.2100000E+02   1.8682333E-06   1.3594704E-05
   1.5533641E+03   8.5800000E+02   1.1000000E+02   1.9742030E-03   1.5398839E-02
   1.5533716E+03   8.6300000E+02   1.0600000E+02   2.0453440E-04   1.6647063E-03
   1.5533792E+03   9.0200000E+02   1.1900000E+02   4.1124963E-07   2.0178260E-06
   1.5533867E+03   9.1700000E+02   1.1100000E+02   6.8946753E-04   5.6964228E-03
   1.5533942E+03   8.8700000E+02   1.0800000E+02   9.1178594E-04   7.4879964E-03
   1.5534018E+03   8.8700000E+02   1.1100000E+02   2.2174140E-03   1.7718663E-02
   1.5534093E+03   9.1800000E+02   1.1900000E+02   8.2029160E-04   5.4406314E-03
   1.5534168E+03   8.7000000E+02   1.0200000E+02   6.6843466E-04   5.8789211E-03
   1.5534243E+03   8.1000000E+02   1.0300000E+02   1.3921404E-03   1.0947966E-02
   1.5534319E+03   8.2600000E+02   8.7000000E+01   7.1025482E-04   6.7436271E-03
   1.5534394E+03   8.1900000E+02   8.1000000E+01   5.6117603E-04   5.6746926E-03
   1.5534469E+03   8.3700000E+02   9.0000000E+01   5.6520349E-04   2.1372491E-03
   1.5534545E+03   8.5300000E+02   7.0000000E+01   1.3236155E-03   1.7792335E-02
   1.5534620E+03   8.1100000E+02   7.7000000E+01   5.0389527E-04   5.3058745E-03
   1.5534695E+03   8.9200000E+02   7.9000000E+01   9.0893275E-04   1.0262620E-02
   1.5534770E+03   8.1000000E+02   8.3000000E+01   4.9502055E-04   4.8331706E-03
   1.5534846E+03   8.2400000E+02   8.2000000E+01   1.2063709E-03   1.2123466E-02
   1.5534921E+03   8.3700000E+02   7.8000000E+01   9.1695391E-04   9.8387725E-03
   1.5534996E+03   8.3700000E+02   6.1000000E+01   4.2986626E-04   5.6627202E-03
   1.5535072E+03   8.4400000E+02   6.0000000E+01   4.1176228E-04   5.7922658E-03
   1.5535147E+03   8.9800000E+02   8.5000000E+01   1.1623981E-03   1.2280483E-02
   1.5535222E+03   8.2700000E+02   6.9000000E+01   1.0300861E-03   1.0618981E-02
   1.5535297E+03   7.9200000E+02   4.9000000E+01   1.2009049E-03   1.9420643E-02
   1.5535373E+03   8.4900000E+02   4.9000000E+01   1.0076830E-03   1.7377001E-02
   1.5535448E+03   7.9300000E+02   6.9000000E+01   8.8412378E-04   1.0163285E-02
   1.5535523E+03   7.9600000E+02   5.1000000E+01   4.2573309E-04   6.6452103E-03
   1.5535599E+03   7.6200000E+02   4.0000000E+01   4.1481422E-05   7.9030950E-04
   1.5535674E+03   8.7000000E+02   5.8000000E+01   7.2614777E-04   1.0892295E-02
   1.5535749E+03   8.0900000E+02   4.5000000E+01   4.4615534E-04   8.0209276E-03
   1.5535824E+03   7.9600000E+02   4.8000000E+01   1.2159786E-03   2.0165392E-02
   1.5535900E+03   8.5200000E+02   4.4000000E+01   9.0458323E-04   1.7517255E-02
   1.5535975E+03   8.3200000E+02   4.2000000E+01   1.2685771E-03   2.5129862E-02
   1.5536050E+03   8.3400000E+02   3.8000000E+01   8.4321791E-04   1.7887396E-02
   1.5536126E+03   8.0300000E+02   3.7000000E+01   1.4250799E-03   3.6460663E-02
   1.5536201E+03   7.8600000E+02   3.4000000E+01   2.2278673E-03   5.1503050E-02
   1.5536276E+03   7.9100000E+02   2.6000000E+01   1.2523357E-03   5.2405557E-02
   1.5536351E+03   8.3700000E+02   3.9000000E+01   3.8276112E-07   8.5736427E-06
   1.5536427E+03   7.8900000E+02   3.6000000E+01   8.7157002E-04   1.9101981E-02
   1.5536502E+03   8.6200000E+02   3.6000000E+01   1.4671578E-03   3.0809553E-02
   1.5536577E+03   7.4300000E+02   3.0000000E+01   6.5516589E-04   1.6226471E-02
   1.5536653E+03   8.1800000E+02   2.7000000E+01   1.0969090E-04   3.3251374E-03
   1.5536728E+03   7.7800000E+02   2.6000000E+01   2.1677404E-03   6.4870365E-02
   1.5536803E+03   7.6700000E+02   3.0000000E+01   5.2963016E-04   1.3539375E-02
   1.5536878E+03   7.9800000E+02   3.3000000E+01   8.9176892E-04   2.1565286E-02
   1.5536954E+03   7.5000000E+02   2.0000000E+01   1.5489692E-03   4.9694802E-02
   1.5537029E+03   7.9800000E+02   2.2000000E+01   3.2146652E-04   1.1659580E-02
   1.5537104E+03   8.0400000E+02   2.4000000E+01   1.2806247E-03   4.2901127E-02
   1.5537180E+03   7.4200000E+02   2.4000000E+01   1.2106869E-04   3.7482515E-03
   1.5537255E+03   7.2200000E+02   2.6000000E+01   1.7615828E-03   4.8918959E-02
   1.5537330E+03   7.0000000E+02   1.7000000E+01   5.6279828E-04   2.3184010E-02
   1.5537405E+03   7.8600000E+02   2.2000000E+01   1.5007660E-03   5.3622962E-02
   1.5537481E+03   7.8100000E+02   1.7000000E+01   1.4996846E-07   6.8897274E-06
   1.5537556E+03   7.8400000E+02   1.8000000E+01   8.0283168E-04   3.5794736E-02
   1.5537631E+03   7.8800000E+02   6.0000000E+00   5.5919595E-04   7.3438414E-02
   1.5537706E+03   7.4400000E+02   8.0000000E+00   2.0422744E-03   1.3132468E-01
   1.5537782E+03   7.6100000E+02   1.4000000E+01   2.9584455E-04   1.6081092E-02
   1.5537857E+03   7.8600000E+02   7.0000000E+00   2.1544653E-04   2.4191819E-02
   1.5537932E+03   7.4100000E+02   1.4000000E+01   9.5944107E-04   5.0768866E-02
   1.5538008E+03   7.7800000E+02   6.0000000E+00   4.2454573E-04   5.5045892E-02
   1.5538083E+03   8.2500000E+02   1.2000000E+01   5.2712197E-04   3.6239635E-02
   1.5538158E+03   7.4900000E+02   1.0000000E+01   9.5856632E-04   7.1796459E-02
   1.5538233E+03   7.5400000E+02   1.3000000E+01   1.0719043E-03   6.2170539E-02
   1.5538309E+03   7.6800000E+02   5.0000000E+00   7.4778208E-04   1.1185719E-01
   1.5538384E+03   7.6000000E+02   1.2000000E+01   1.4826379E-04   9.3900402E-03
   1.5538459E+03   7.8700000E+02   6.0000000E+00   5.3153004E-04   6.9716420E-02
   1.5538535E+03   7.1200000E+02   3.0000000E+00   4.3758326E-07   1.3046439E-04
   1.5538610E+03   7.2400000E+02   6.0000000E+00   2.5887278E-07   1.3779632E-05
   1.5538685E+03   7.6100000E+02   7.0000000E+00   4.0370189E-04   4.3887871E-02
   1.5538760E+03   7.9200000E+02   6.0000000E+00   7.2413938E-05   9.5586398E-03
   1.5538836E+03   7.3200000E+02   4.0000000E+00   8.6020453E-04   1.5741743E-01
   1.5538911E+03   7.9000000E+02   3.0000000E+00   8.0622221E-04   2.1229665E-01
   1.5538986E+03   7.9200000E+02   8.0000000E+00   7.1205738E-04   7.0493681E-02
   1.5539062E+03   8.0400000E+02   5.0000000E+00   5.6164937E-04   9.0313172E-02
   1.5539137E+03   7.1500000E+02   2.0000000E+00   1.5840706E-09   5.6630524E-07
   1.5539212E+03   7.7600000E+02   6.0000000E+00   5.6653797E-04   7.3272244E-02
   1.5539287E+03   7.4100000E+02   8.0000000E+00   7.6648795E-04   7.0036361E-02
   1.5539363E+03   7.5500000E+02   2.0000000E+00   1.0177195E-03   3.8418630E-01
   1.5539438E+03   7.5400000E+02   8.0000000E+00   2.8523616E-04   2.6883619E-02
   1.5539513E+03   7.5900000E+02   1.0000000E+00   8.5014310E-08   6.4525861E-05
   1.5539589E+03   7.5100000E+02   7.0000000E+00   2.0043319E-03   2.1604415E-01
   1.5539664E+03   7.7800000E+02   4.0000000E+00   5.1717543E-04   1.0059062E-01
   1.5539739E+03   7.6600000E+02   7.0000000E+00   1.2254582E-03   1.2890081E-01
   1.5539814E+03   7.4100000E+02   4.0000000E+00   1.8613264E-03   3.4481071E-01
   1.5539890E+03   7.5000000E+02   3.0000000E+00   4.7580860E-04   1.1895178E-01
   1.5539965E+03   7.2600000E+02   6.0000000E+00   9.9822867E-04   1.2078567E-01
   1.5540040E+03   7.2800000E+02   7.0000000E+00   9.1646861E-04   9.5316507E-02
   1.5540116E+03   7.3500000E+02   7.0000000E+00   1.7688851E-03   1.5857110E-01
   1.5540191E+03   7.0900000E+02   3.0000000E+00   9.0581864E-04   2.1407514E-01
   1.5540266E+03   6.9900000E+02   2.0000000E+00   1.1288685E-03   3.9450187E-01
   1.5540341E+03   7.5300000E+02   6.0000000E+00   1.7552893E-03   2.2028861E-01
   1.5540417E+03   7.3000000E+02   3.0000000E+00   1.3963453E-03   2.7957098E-01
   1.5540492E+03   7.4700000E+02   5.0000000E+00   1.3506446E-03   2.0178630E-01
   1.5540567E+03   7.5800000E+02   3.0000000E+00   5.7978821E-04   1.4649181E-01
   1.5540643E+03   7.7600000E+02   1.0000000E+00   1.0515928E-04   8.1603598E-02
   1.5540718E+03   7.5000000E+02   2.0000000E+00   1.1188372E-03   4.1956394E-01
   1.5540793E+03   7.6400000E+02   1.0000000E+00   5.1791267E-04   3.9568528E-01
   1.5540868E+03   7.1000000E+02   6.0000000E+00   1.2979207E-03   1.5358729E-01
   1.5540944E+03   8.2900000E+02   2.0000000E+00   1.4225863E-04   5.8965641E-02
   1.5541019E+03   7.7400000E+02   4.0000000E+00   6.6748019E-04   1.2915742E-01
   1.5541094E+03   7.8800000E+02   2.0000000E+00   1.6856992E-03   6.6416547E-01
   1.5541170E+03   7.6200000E+02   3.0000000E+00   3.1449528E-04   7.9881801E-02
   1.5541245E+03   7.6200000E+02   4.0000000E+00   6.4178689E-04   1.2226040E-01
   1.5541320E+03   7.1500000E+02   3.0000000E+00   1.1559997E-03   2.7551327E-01
   1.5541395E+03   7.1900000E+02   0.0000000E+00   0.0000000E+00   0.0000000E+00
   1.5541471E+03   7.6900000E+02   1.0000000E+00   7.7725174E-04   5.9770658E-01
   1.5541546E+03   7.2300000E+02   1.0000000E+00   9.1613320E-04   6.6236430E-01
   1.5541621E+03   7.6100000E+02   5.0000000E+00   1.4232071E-03   2.1661212E-01
   1.5541697E+03   7.6600000E+02   3.0000000E+00   7.6500481E-04   1.9533123E-01
   1.5541772E+03   7.5700000E+02   3.0000000E+00   7.3776986E-04   1.8616393E-01
   1.5541847E+03   7.7500000E+02   0.0000000E+00   0.0000000E+00   0.0000000E+00
   1.5541922E+03   7.4700000E+02   1.0000000E+00   2.1791311E-04   1.6278109E-01
   1.5541998E+03   7.9400000E+02   2.0000000E+00   1.0471498E-03   4.1470106E-01
   1.5542073E+03   7.6300000E+02   2.0000000E+00   6.9053156E-04   2.6343779E-01
   1.5542148E+03   7.6600000E+02   1.0000000E+00   1.1343844E-04   8.6893848E-02
   1.5542224E+03   7.2400000E+02   2.0000000E+00   8.8135305E-05   3.1904980E-02
   1.5542299E+03   7.5300000E+02   2.0000000E+00   8.9502372E-04   3.3697643E-01
   1.5542374E+03   7.2900000E+02   2.0000000E+00   2.1243711E-04   7.7433325E-02
   1.5542449E+03   7.4300000E+02   3.0000000E+00   1.6335192E-03   4.0456826E-01
   1.5542525E+03   7.3100000E+02   1.0000000E+00   5.1109620E-05   3.7361132E-02
   1.5542600E+03   7.1600000E+02   4.0000000E+00   7.4185245E-04   1.3279159E-01
   1.5542675E+03   7.9500000E+02   1.0000000E+00   3.2161369E-04   2.5568288E-01
   1.5542750E+03   7.5900000E+02   4.0000000E+00   2.1735220E-03   4.1242580E-01
   1.5542826E+03   8.1100000E+02   3.0000000E+00   6.6693674E-04   1.8029523E-01
   1.5542901E+03   7.7400000E+02   6.0000000E+00   1.3371367E-03   1.5791230E-01
   1.5542976E+03   7.9000000E+02   0.0000000E+00   0.0000000E+00   0.0000000E+00
   1.5543052E+03   7.5500000E+02   4.0000000E+00   1.2802905E-03   2.4165484E-01
   1.5543127E+03   7.8100000E+02   1.0000000E+00   8.8864323E-05   6.9403036E-02
   1.5543202E+03   7.2100000E+02   2.0000000E+00   4.5918863E-04   1.6553750E-01
   1.5543277E+03   8.1600000E+02   2.0000000E+00   1.9164047E-04   7.0168463E-02
   1.5543353E+03   7.3600000E+02   1.0000000E+00   8.3740271E-04   6.1632840E-01
   1.5543428E+03   7.3100000E+02   3.0000000E+00   1.7636523E-03   4.2974328E-01
   1.5543503E+03   7.3400000E+02   1.0000000E+00   1.2911806E-04   9.4772658E-02
   1.5543579E+03   7.3900000E+02   1.0000000E+00   4.3171875E-04   3.1904016E-01
   1.5543654E+03   7.9100000E+02   1.0000000E+00   1.9352686E-04   1.7565563E-01
   1.5543729E+03   7.7000000E+02   3.0000000E+00   2.6323514E-04   6.7563685E-02
   1.5543804E+03   7.3800000E+02   1.0000000E+00   1.1738244E-03   8.6628239E-01
   1.5543880E+03   7.6600000E+02   0.0000000E+00   0.0000000E+00   0.0000000E+00
   1.5543955E+03   7.1200000E+02   2.0000000E+00   4.1286101E-04   1.4697852E-01
   1.5544030E+03   8.0900000E+02   2.0000000E+00   1.5743887E-03   6.3684025E-01
   1.5544106E+03   7.5500000E+02   2.0000000E+00   8.9297540E-04   3.3709821E-01
   1.5544181E+03   7.2200000E+02   0.0000000E+00   0.0000000E+00   0.0000000E+00
   1.5544256E+03   7.1800000E+02   2.0000000E+00   9.3440291E-04   3.3545064E-01
   1.5544331E+03   7.5200000E+02   0.0000000E+00   0.0000000E+00   0.0000000E+00
   1.5544407E+03   7.9700000E+02   1.0000000E+00   4.4169049E-04   3.5202732E-01
   1.5544482E+03   7.2700000E+02   2.0000000E+00   1.2822355E-03   2.9412048E-01
   1.5544557E+03   7.5300000E+02   6.0000000E+00   1.9694952E-03   2.4717165E-01
   1.5544633E+03   7.1000000E+02   0.0000000E+00   0.0000000E+00   0.0000000E+00
   1.5544708E+03   7.6700000E+02   0.0000000E+00   0.0000000E+00   0.0000000E+00
   1.5544783E+03   7.9900000E+02   1.0000000E+00   1.5500601E-04   1.2384980E-01
   1.5544858E+03   8.0500000E+02   2.0000000E+00   8.7685885E-04   3.5293569E-01
   1.5544934E+03   6.9800000E+02   1.0000000E+00   4.4352405E-04   3.0957979E-01
   1.5545009E+03   7.7000000E+02   1.0000000E+00   5.8856965E-04   1.5050062E-01
   1.5545084E+03   7.5900000E+02   3.0000000E+00   8.7035919E-04   2.2020088E-01
   1.5545160E+03   8.0300000E+02   1.0000000E+00   4.5864392E-04   3.6829107E-01
   1.5545235E+03   7.5800000E+02   1.0000000E+00   1.1779597E-03   1.5979966E-01
   1.5545310E+03   7.2800000E+02   0.0000000E+00   0.0000000E+00   0.0000000E+00
   1.5545385E+03   7.5600000E+02   2.0000000E+00   9.3804567E-04   3.5458126E-01
   1.5545461E+03   7.6400000E+02   1.0000000E+00   5.9588745E-04   4.5525801E-01
   1.5545536E+03   7.6500000E+02   2.0000000E+00   6.7751658E-04   2.5915009E-01
   1.5545611E+03   7.3400000E+02   1.0000000E+00   5.5933379E-04   4.1055100E-01
   1.5545687E+03   7.1300000E+02   0.0000000E+00   0.0000000E+00   0.0000000E+00
   1.5545762E+03   7.5900000E+02   3.0000000E+00   6.6286645E-04   1.6770521E-01
   1.5545837E+03   7.5900000E+02   1.0000000E+00   8.9515888E-04   6.7942559E-01
   1.5545912E+03   7.2600000E+02   0.0000000E+00   4.7511505E-05   0.0000000E+00
   1.5545988E+03   7.3800000E+02   1.0000000E+00   6.2831304E-04   4.6369502E-01
   1.5546063E+03   6.9900000E+02   0.0000000E+00   0.0000000E+00   0.0000000E+00
   1.5546138E+03   7.6700000E+02   0.0000000E+00   0.0000000E+00   0.0000000E+00
   1.5546214E+03   7.8500000E+02   1.0000000E+00   1.0619979E-03   8.3366833E-01
   1.5546289E+03   7.3300000E+02   2.0000000E+00   8.3703217E-04   3.0677229E-01
   1.5546364E+03   7.1900000E+02   2.0000000E+00   8.4974683E-04   3.2488910E-01
   1.5546439E+03   8.0300000E+02   2.0000000E+00   7.0606155E-04   2.8348371E-01
   1.5546515E+03   7.6200000E+02   0.0000000E+00   0.0000000E+00   0.0000000E+00
   1.5546590E+03   7.5000000E+02   0.0000000E+00   0.0000000E+00   0.0000000E+00
   1.5546665E+03   7.7600000E+02   0.0000000E+00   0.0000000E+00   0.0000000E+00
   1.5546740E+03   7.4800000E+02   4.0000000E+00   9.2931205E-04   1.7378135E-01
   1.5546816E+03   7.4100000E+02   1.0000000E+00   2.9045676E-04   2.1522846E-01
   1.5546891E+03   7.5000000E+02   2.0000000E+00   5.9460942E-04   2.2297853E-01
   1.5546966E+03   7.8200000E+02   0.0000000E+00   0.0000000E+00   0.0000000E+00
   1.5547042E+03   7.5300000E+02   1.0000000E+00   1.1656608E-03   8.7774260E-01
   1.5547117E+03   7.6300000E+02   0.0000000E+00   0.0000000E+00   0.0000000E+00
   1.5547192E+03   7.5800000E+02   0.0000000E+00   0.0000000E+00   0.0000000E+00
   1.5547267E+03   7.7700000E+02   1.0000000E+00   1.1239262E-06   8.7329067E-04
   1.5547343E+03   7.5400000E+02   1.0000000E+00   1.0708483E-03   8.0741958E-01
   1.5547418E+03   8.0300000E+02   1.0000000E+00   5.7598009E-04   4.6251202E-01
   1.5547493E+03   7.9100000E+02   1.0000000E+00   2.4239088E-04   1.9524790E-01
   1.5547569E+03   7.4200000E+02   2.0000000E+00   1.9149442E-04   7.1044430E-02
   1.5547644E+03   6.9900000E+02   0.0000000E+00   0.0000000E+00   0.0000000E+00
   1.5547719E+03   7.2700000E+02   0.0000000E+00   0.0000000E+00   0.0000000E+00
   1.5547794E+03   7.4100000E+02   0.0000000E+00   0.0000000E+00   0.0000000E+00
   1.5547870E+03   8.0700000E+02   1.0000000E+00   6.6978263E-04   5.4051458E-01
   1.5547945E+03   7.3700000E+02   1.0000000E+00   2.5170919E-04   1.8550968E-01
   1.5548020E+03   7.6300000E+02   1.0000000E+00   3.3035300E-04   2.5205934E-01
   1.5548096E+03   7.2300000E+02   0.0000000E+00   0.0000000E+00   0.0000000E+00
   1.5548171E+03   7.7000000E+02   1.0000000E+00   2.7858401E-04   2.1450969E-01
   1.5548246E+03   7.3400000E+02   0.0000000E+00   0.0000000E+00   0.0000000E+00
   1.5548321E+03   7.8000000E+02   2.0000000E+00   2.3103190E-04   9.0102440E-02
   1.5548397E+03   7.8600000E+02   2.0000000E+00   4.9346932E-04   1.9393344E-01
   1.5548472E+03   7.2700000E+02   0.0000000E+00   0.0000000E+00   0.0000000E+00
   1.5548547E+03   7.2400000E+02   0.0000000E+00   0.0000000E+00   0.0000000E+00
   1.5548623E+03   7.0700000E+02   1.0000000E+00   2.8505440E-04   2.0153346E-01
   1.5548698E+03   7.3200000E+02   0.0000000E+00   0.0000000E+00   0.0000000E+00
   1.5548773E+03   7.2800000E+02   1.0000000E+00   4.2121797E-05   3.0664668E-02
   1.5548848E+03   7.8700000E+02   1.0000000E+00   2.5670239E-04   2.0202478E-01
   1.5548924E+03   7.7000000E+02   1.0000000E+00   6.0493305E-04   4.6579844E-01
   1.5548999E+03   7.5200000E+02   0.0000000E+00   0.0000000E+00   0.0000000E+00
   1.5549074E+03   8.0700000E+02   1.0000000E+00   9.7740434E-04   7.8876530E-01
   1.5549150E+03   7.3100000E+02   1.0000000E+00   6.5971129E-04   4.8224895E-01
   1.5549225E+03   7.6000000E+02   0.0000000E+00   0.0000000E+00   0.0000000E+00
   1.5549300E+03   7.8500000E+02   1.0000000E+00   1.2138937E-04   9.5290655E-02
   1.5549375E+03   7.3900000E+02   1.0000000E+00   1.2100777E-03   8.9424745E-01
   1.5549451E+03   7.5500000E+02   1.0000000E+00   9.5553934E-04   7.2143220E-01
   1.5549526E+03   7.5700000E+02   2.0000000E+00   4.5203854E-04   1.7109659E-01
   1.5549601E+03   7.7400000E+02   1.0000000E+00   8.2499975E-04   6.3854981E-01
   1.5549677E+03   7.1700000E+02   0.0000000E+00   0.0000000E+00   0.0000000E+00
   1.5549752E+03   7.4100000E+02   0.0000000E+00   0.0000000E+00   0.0000000E+00
   1.5549827E+03   7.4000000E+02   2.0000000E+00   7.0689081E-04   2.6154960E-01
   1.5549902E+03   6.7100000E+02   0.0000000E+00   0.0000000E+00   0.0000000E+00
   1.5549978E+03   7.5600000E+02   0.0000000E+00   0.0000000E+00   0.0000000E+00
   1.5550053E+03   7.9200000E+02   2.0000000E+00   1.0502466E-03   4.1589767E-01
   1.5550128E+03   7.8000000E+02   0.0000000E+00   9.6312980E-04   0.0000000E+00
   1.5550204E+03   7.6200000E+02   0.0000000E+00   0.0000000E+00   0.0000000E+00
   1.5550279E+03   7.8900000E+02   0.0000000E+00   0.0000000E+00   0.0000000E+00
   1.5550354E+03   7.4500000E+02   2.0000000E+00   1.8981865E-03   7.0543172E-01
   1.5550429E+03   7.3900000E+02   2.0000000E+00   1.0921382E-03   4.0354507E-01
   1.5550505E+03   7.5300000E+02   2.0000000E+00   1.2052904E-03   4.5379184E-01
   1.5550580E+03   7.2200000E+02   2.0000000E+00   1.1529577E-03   4.1621773E-01
   1.5550655E+03   7.5100000E+02   1.0000000E+00   1.1172198E-03   8.3903209E-01
   1.5550731E+03   7.7600000E+02   1.0000000E+00   3.0761531E-04   2.3870948E-01
   1.5550806E+03   7.1500000E+02   0.0000000E+00   0.0000000E+00   0.0000000E+00
   1.5550881E+03   7.9900000E+02   0.0000000E+00   0.0000000E+00   0.0000000E+00
   1.5550956E+03   7.5200000E+02   1.0000000E+00   3.3533834E-04   2.5217443E-01
   1.5551032E+03   7.6000000E+02   1.0000000E+00   8.5723929E-04   6.5150186E-01
   1.5551107E+03   7.6000000E+02   2.0000000E+00   6.1126566E-04   2.3228095E-01
   1.5551182E+03   7.2900000E+02   1.0000000E+00   7.0465633E-05   5.1369446E-02
   1.5551257E+03   7.5800000E+02   0.0000000E+00   0.0000000E+00   0.0000000E+00
   1.5551333E+03   7.0600000E+02   2.0000000E+00   7.6903059E-04   2.7146780E-01
   1.5551408E+03   7.5500000E+02   0.0000000E+00   0.0000000E+00   0.0000000E+00
   1.5551483E+03   7.9000000E+02   0.0000000E+00   0.0000000E+00   0.0000000E+00
   1.5551559E+03   7.5300000E+02   1.0000000E+00   3.3270637E-04   2.5052789E-01
   1.5551634E+03   7.5200000E+02   0.0000000E+00   0.0000000E+00   0.0000000E+00
   1.5551709E+03   7.9600000E+02   1.0000000E+00   1.8055236E-04   1.4371968E-01
   1.5551784E+03   7.7100000E+02   1.0000000E+00   5.4779286E-04   4.2234829E-01
   1.5551860E+03   7.6900000E+02   0.0000000E+00   0.0000000E+00   0.0000000E+00
   1.5551935E+03   6.8300000E+02   0.0000000E+00   0.0000000E+00   0.0000000E+00
   1.5552010E+03   7.3100000E+02   0.0000000E+00   0.0000000E+00   0.0000000E+00
   1.5552086E+03   7.2000000E+02   0.0000000E+00   0.0000000E+00   0.0000000E+00
   1.5552161E+03   7.5100000E+02   2.0000000E+00   1.1682025E-03   4.3866005E-01
   1.5552236E+03   7.4500000E+02   1.0000000E+00   6.0966728E-04   4.5420213E-01
   1.5552311E+03   7.3300000E+02   0.0000000E+00   0.0000000E+00   0.0000000E+00
   1.5552387E+03   7.8900000E+02   0.0000000E+00   0.0000000E+00   0.0000000E+00
   1.5552462E+03   7.2700000E+02   1.0000000E+00   8.4553493E-05   6.1470389E-02
   1.5552537E+03   7.3200000E+02   0.0000000E+00   0.0000000E+00   0.0000000E+00
   1.5552613E+03   7.8000000E+02   1.0000000E+00   9.6292313E-04   7.5108004E-01
   1.5552688E+03   7.7400000E+02   1.0000000E+00   9.9172950E-05   7.6759863E-02
   1.5552763E+03   7.6000000E+02   0.0000000E+00   0.0000000E+00   0.0000000E+00
   1.5552838E+03   7.7400000E+02   1.0000000E+00   9.3541343E-04   7.2400999E-01
   1.5552914E+03   7.1500000E+02   0.0000000E+00   0.0000000E+00   0.0000000E+00
   1.5552989E+03   6.7600000E+02   0.0000000E+00   0.0000000E+00   0.0000000E+00
   1.5553064E+03   7.7000000E+02   1.0000000E+00   1.0578359E-03   8.1453363E-01
   1.5553140E+03   7.9000000E+02   1.0000000E+00   3.8824620E-04   3.0671450E-01
   1.5553215E+03   7.5700000E+02   1.0000000E+00   1.1398878E-03   8.6289505E-01
   1.5553290E+03   7.6100000E+02   1.0000000E+00   2.3876293E-04   1.8169859E-01
   1.5553365E+03   7.6900000E+02   0.0000000E+00   0.0000000E+00   0.0000000E+00
   1.5553441E+03   7.0900000E+02   1.0000000E+00   3.8579938E-05   2.7353176E-02
   1.5553516E+03   7.6200000E+02   1.0000000E+00   8.1015740E-04   6.1733994E-01
   1.5553591E+03   7.2700000E+02   0.0000000E+00   0.0000000E+00   0.0000000E+00
   1.5553667E+03   7.6000000E+02   1.0000000E+00   6.3129010E-04   4.7978048E-01
   1.5553742E+03   7.7700000E+02   0.0000000E+00   0.0000000E+00   0.0000000E+00
   1.5553817E+03   7.3100000E+02   1.0000000E+00   9.4689846E-04   6.9218277E-01
   1.5553892E+03   7.9900000E+02   1.0000000E+00   9.3242257E-04   7.4500563E-01
   1.5553968E+03   7.5500000E+02   1.0000000E+00   9.6756823E-04   7.2977519E-01
   1.5554043E+03   7.8700000E+02   0.0000000E+00   0.0000000E+00   0.0000000E+00
   1.5554118E+03   7.3900000E+02   0.0000000E+00   0.0000000E+00   0.0000000E+00
   1.5554194E+03   7.6500000E+02   0.0000000E+00   0.0000000E+00   0.0000000E+00
   1.5554269E+03   7.0700000E+02   0.0000000E+00   0.0000000E+00   0.0000000E+00
   1.5554344E+03   7.5900000E+02   2.0000000E+00   1.1051555E-03   4.1940649E-01
   1.5554419E+03   7.8400000E+02   0.0000000E+00   0.0000000E+00   0.0000000E+00
   1.5554495E+03   7.8200000E+02   0.0000000E+00   0.0000000E+00   0.0000000E+00
   1.5554570E+03   7.4900000E+02   0.0000000E+00   0.0000000E+00   0.0000000E+00
   1.5554645E+03   7.6500000E+02   0.0000000E+00   0.0000000E+00   0.0000000E+00
   1.5554721E+03   7.4500000E+02   0.0000000E+00   0.0000000E+00   0.0000000E+00
   1.5554796E+03   7.4700000E+02   0.0000000E+00   0.0000000E+00   0.0000000E+00
   1.5554871E+03   7.2100000E+02   0.0000000E+00   0.0000000E+00   0.0000000E+00
   1.5554946E+03   7.6700000E+02   0.0000000E+00   0.0000000E+00   0.0000000E+00
   1.5555022E+03   7.3500000E+02   2.0000000E+00   1.3130152E-03   4.8253310E-01
   1.5555097E+03   8.0900000E+02   1.0000000E+00   5.8224481E-04   4.7103606E-01
   1.5555172E+03   7.2200000E+02   1.0000000E+00   1.0826456E-03   7.8167010E-01
   1.5555248E+03   7.8800000E+02   2.0000000E+00   3.6678325E-04   1.4451260E-01
   1.5555323E+03   7.4200000E+02   1.0000000E+00   9.7426152E-04   7.2290205E-01
   1.5555398E+03   7.6900000E+02   0.0000000E+00   0.0000000E+00   0.0000000E+00
   1.5555473E+03   7.4400000E+02   0.0000000E+00   0.0000000E+00   0.0000000E+00
   1.5555549E+03   7.3800000E+02   1.0000000E+00   1.5767705E-04   1.1636566E-01
   1.5555624E+03   7.9700000E+02   0.0000000E+00   0.0000000E+00   0.0000000E+00
   1.5555699E+03   7.1300000E+02   0.0000000E+00   0.0000000E+00   0.0000000E+00
   1.5555774E+03   7.5300000E+02   0.0000000E+00   0.0000000E+00   0.0000000E+00
   1.5555850E+03   7.4100000E+02   0.0000000E+00   0.0000000E+00   0.0000000E+00
   1.5555925E+03   7.7300000E+02   1.0000000E+00   2.0404050E-04   1.5772331E-01
   1.5556000E+03   7.0300000E+02   0.0000000E+00   0.0000000E+00   0.0000000E+00
   1.5556076E+03   7.7600000E+02   0.0000000E+00   0.0000000E+00   0.0000000E+00
   1.5556151E+03   7.3600000E+02   1.0000000E+00   7.6462709E-04   5.6276553E-01
   1.5556226E+03   7.9100000E+02   1.0000000E+00   1.1079571E-04   8.7639404E-02
   1.5556301E+03   7.3100000E+02   1.0000000E+00   8.8349776E-04   6.4583686E-01
   1.5556377E+03   7.1600000E+02   0.0000000E+00   0.0000000E+00   0.0000000E+00
   1.5556452E+03   7.8800000E+02   0.0000000E+00   0.0000000E+00   0.0000000E+00
   1.5556527E+03   7.7600000E+02   0.0000000E+00   0.0000000E+00   0.0000000E+00
   1.5556603E+03   6.9400000E+02   1.0000000E+00   2.7660265E-04   1.9196224E-01
   1.5556678E+03   7.1800000E+02   2.0000000E+00   2.3074443E-04   8.2837251E-02
   1.5556753E+03   7.6500000E+02   1.0000000E+00   3.0393407E-04   2.3250957E-01
   1.5556828E+03   6.9800000E+02   0.0000000E+00   0.0000000E+00   0.0000000E+00
   1.5556904E+03   7.6900000E+02   1.0000000E+00   9.9198127E-05   7.6283360E-02
   1.5556979E+03   7.8300000E+02   0.0000000E+00   0.0000000E+00   0.0000000E+00
   1.5557054E+03   7.1400000E+02   1.0000000E+00   1.8697106E-04   1.3349734E-01
   1.5557130E+03   7.1800000E+02   0.0000000E+00   0.0000000E+00   0.0000000E+00
   1.5557205E+03   7.2100000E+02   0.0000000E+00   0.0000000E+00   0.0000000E+00
   1.5557280E+03   7.5100000E+02   0.0000000E+00   0.0000000E+00   0.0000000E+00
   1.5557355E+03   7.7700000E+02   0.0000000E+00   0.0000000E+00   0.0000000E+00
   1.5557431E+03   7.5000000E+02   0.0000000E+00   0.0000000E+00   0.0000000E+00
   1.5557506E+03   7.6700000E+02   0.0000000E+00   0.0000000E+00   0.0000000E+00
   1.5557581E+03   7.0800000E+02   1.0000000E+00   3.9007635E-04   2.7617406E-01
   1.5557657E+03   7.2000000E+02   2.0000000E+00   1.1605397E-03   4.1779430E-01
   1.5557732E+03   7.2600000E+02   0.0000000E+00   0.0000000E+00   0.0000000E+00
   1.5557807E+03   7.5000000E+02   0.0000000E+00   0.0000000E+00   0.0000000E+00
   1.5557882E+03   7.7200000E+02   0.0000000E+00   0.0000000E+00   0.0000000E+00
   1.5557958E+03   7.3400000E+02   0.0000000E+00   0.0000000E+00   0.0000000E+00
   1.5558033E+03   7.3000000E+02   0.0000000E+00   0.0000000E+00   0.0000000E+00
   1.5558108E+03   7.4600000E+02   1.0000000E+00   8.2460981E-04   6.1515892E-01
   1.5558184E+03   7.4800000E+02   0.0000000E+00   0.0000000E+00   0.0000000E+00
   1.5558259E+03   7.6400000E+02   0.0000000E+00   0.0000000E+00   0.0000000E+00
   1.5558334E+03   7.7900000E+02   0.0000000E+00   0.0000000E+00   0.0000000E+00
   1.5558409E+03   7.9400000E+02   2.0000000E+00   4.4258164E-04   1.7570491E-01
   1.5558485E+03   7.4200000E+02   2.0000000E+00   6.0897565E-04   2.2592997E-01
   1.5558560E+03   7.1600000E+02   1.0000000E+00   1.0201481E-03   7.3042603E-01
   1.5558635E+03   8.0900000E+02   0.0000000E+00   0.0000000E+00   0.0000000E+00
   1.5558711E+03   7.1800000E+02   0.0000000E+00   0.0000000E+00   0.0000000E+00
   1.5558786E+03   7.5500000E+02   1.0000000E+00   6.5492226E-05   4.9446631E-02
   1.5558861E+03   7.3800000E+02   0.0000000E+00   0.0000000E+00   0.0000000E+00
   1.5558936E+03   7.5500000E+02   0.0000000E+00   0.0000000E+00   0.0000000E+00
   1.5559012E+03   7.5800000E+02   0.0000000E+00   9.5680018E-05   0.0000000E+00
   1.5559087E+03   7.0900000E+02   0.0000000E+00   0.0000000E+00   0.0000000E+00
   1.5559162E+03   7.1800000E+02   0.0000000E+00   0.0000000E+00   0.0000000E+00
   1.5559238E+03   7.1900000E+02   2.0000000E+00   1.5222227E-03   5.4723904E-01
   1.5559313E+03   7.2700000E+02   0.0000000E+00   0.0000000E+00   0.0000000E+00
   1.5559388E+03   7.5100000E+02   0.0000000E+00   0.0000000E+00   0.0000000E+00
   1.5559463E+03   7.6300000E+02   0.0000000E+00   0.0000000E+00   0.0000000E+00
   1.5559539E+03   7.3900000E+02   1.0000000E+00   1.1479667E-03   8.4834739E-01
   1.5559614E+03   7.5700000E+02   1.0000000E+00   2.0078165E-04   1.5199171E-01
   1.5559689E+03   7.5700000E+02   1.0000000E+00   6.8498065E-04   5.1853035E-01
   1.5559765E+03   7.7300000E+02   0.0000000E+00   0.0000000E+00   0.0000000E+00
   1.5559840E+03   7.7900000E+02   1.0000000E+00   1.0457129E-03   8.1461033E-01
   1.5559915E+03   7.8500000E+02   0.0000000E+00   0.0000000E+00   0.0000000E+00
   1.5559990E+03   7.3600000E+02   2.0000000E+00   3.9643984E-04   1.4588986E-01
   1.5560066E+03   7.1700000E+02   0.0000000E+00   0.0000000E+00   0.0000000E+00
   1.5560141E+03   7.4700000E+02   0.0000000E+00   0.0000000E+00   0.0000000E+00
   1.5560216E+03   7.4700000E+02   0.0000000E+00   0.0000000E+00   0.0000000E+00
   1.5560291E+03   7.3800000E+02   0.0000000E+00   0.0000000E+00   0.0000000E+00
   1.5560367E+03   7.2800000E+02   1.0000000E+00   6.8103044E-04   4.9579016E-01
   1.5560442E+03   7.5100000E+02   0.0000000E+00   0.0000000E+00   0.0000000E+00
   1.5560517E+03   7.6300000E+02   0.0000000E+00   0.0000000E+00   0.0000000E+00
   1.5560593E+03   7.7500000E+02   1.0000000E+00   3.9594122E-04   3.0685444E-01
   1.5560668E+03   7.6300000E+02   0.0000000E+00   0.0000000E+00   0.0000000E+00
   1.5560743E+03   7.5000000E+02   0.0000000E+00   0.0000000E+00   0.0000000E+00
   1.5560818E+03   7.2300000E+02   0.0000000E+00   0.0000000E+00   0.0000000E+00
   1.5560894E+03   7.5800000E+02   0.0000000E+00   0.0000000E+00   0.0000000E+00
   1.5560969E+03   7.9800000E+02   0.0000000E+00   0.0000000E+00   0.0000000E+00
   1.5561044E+03   7.8800000E+02   0.0000000E+00   0.0000000E+00   0.0000000E+00
   1.5561120E+03   7.6700000E+02   0.0000000E+00   0.0000000E+00   0.0000000E+00
   1.5561195E+03   7.3200000E+02   0.0000000E+00   0.0000000E+00   0.0000000E+00
   1.5561270E+03   7.2600000E+02   0.0000000E+00   0.0000000E+00   0.0000000E+00
   1.5561345E+03   7.0900000E+02   0.0000000E+00   0.0000000E+00   0.0000000E+00
   1.5561421E+03   7.3200000E+02   1.0000000E+00   9.2438322E-04   6.7664852E-01
   1.5561496E+03   7.8400000E+02   1.0000000E+00   1.1056854E-03   8.6685733E-01
   1.5561571E+03   7.2200000E+02   0.0000000E+00   0.0000000E+00   0.0000000E+00
   1.5561647E+03   7.9100000E+02   0.0000000E+00   0.0000000E+00   0.0000000E+00
   1.5561722E+03   7.6200000E+02   0.0000000E+00   0.0000000E+00   0.0000000E+00
   1.5561797E+03   7.4100000E+02   0.0000000E+00   0.0000000E+00   0.0000000E+00
   1.5561872E+03   7.1900000E+02   0.0000000E+00   0.0000000E+00   0.0000000E+00
   1.5561948E+03   7.9800000E+02   1.0000000E+00   2.9992120E-04   2.3933712E-01
   1.5562023E+03   7.2800000E+02   1.0000000E+00   3.0437178E-04   2.2158266E-01
   1.5562098E+03   7.2200000E+02   0.0000000E+00   0.0000000E+00   0.0000000E+00
   1.5562174E+03   7.2900000E+02   1.0000000E+00   3.2856072E-04   2.3952077E-01
   1.5562249E+03   7.7300000E+02   0.0000000E+00   0.0000000E+00   0.0000000E+00
   1.5562324E+03   6.9700000E+02   0.0000000E+00   0.0000000E+00   0.0000000E+00
   1.5562399E+03   7.5800000E+02   0.0000000E+00   0.0000000E+00   0.0000000E+00
   1.5562475E+03   7.4800000E+02   0.0000000E+00   0.0000000E+00   0.0000000E+00
   1.5562550E+03   7.7400000E+02   1.0000000E+00   8.2923347E-04   6.4182670E-01
   1.5562625E+03   7.9200000E+02   0.0000000E+00   0.0000000E+00   0.0000000E+00
   1.5562701E+03   7.5300000E+02   1.0000000E+00   1.4430542E-05   1.0866198E-02
   1.5562776E+03   6.8900000E+02   0.0000000E+00   0.0000000E+00   0.0000000E+00
   1.5562851E+03   7.8200000E+02   0.0000000E+00   0.0000000E+00   0.0000000E+00
   1.5562926E+03   7.3000000E+02   2.0000000E+00   7.5367669E-04   2.7509199E-01
   1.5563002E+03   7.5500000E+02   2.0000000E+00   4.2165439E-04   1.5917453E-01
   1.5563077E+03   7.8700000E+02   0.0000000E+00   0.0000000E+00   0.0000000E+00
   1.5563152E+03   7.8100000E+02   2.0000000E+00   3.1234529E-04   1.2197083E-01
   1.5563228E+03   7.5100000E+02   0.0000000E+00   0.0000000E+00   0.0000000E+00
   1.5563303E+03   7.5600000E+02   2.0000000E+00   2.9476211E-04   1.1142008E-01
   1.5563378E+03   8.0400000E+02   0.0000000E+00   0.0000000E+00   0.0000000E+00
   1.5563453E+03   7.2300000E+02   1.0000000E+00   4.5245919E-04   3.2712799E-01
   1.5563529E+03   8.0600000E+02   1.0000000E+00   4.5077323E-05   3.6332322E-02
   1.5563604E+03   7.6400000E+02   0.0000000E+00   0.0000000E+00   0.0000000E+00
   1.5563679E+03   7.7200000E+02   0.0000000E+00   0.0000000E+00   0.0000000E+00
   1.5563755E+03   7.5700000E+02   0.0000000E+00   0.0000000E+00   0.0000000E+00
   1.5563830E+03   7.5900000E+02   0.0000000E+00   0.0000000E+00   0.0000000E+00
   1.5563905E+03   7.8400000E+02   0.0000000E+00   0.0000000E+00   0.0000000E+00
   1.5563980E+03   8.1500000E+02   0.0000000E+00   0.0000000E+00   0.0000000E+00
   1.5564056E+03   7.8500000E+02   0.0000000E+00   0.0000000E+00   0.0000000E+00
   1.5564131E+03   7.6400000E+02   0.0000000E+00   0.0000000E+00   0.0000000E+00
   1.5564206E+03   7.4800000E+02   0.0000000E+00   0.0000000E+00   0.0000000E+00
   1.5564282E+03   7.7300000E+02   0.0000000E+00   0.0000000E+00   0.0000000E+00
   1.5564357E+03   7.9800000E+02   0.0000000E+00   0.0000000E+00   0.0000000E+00
   1.5564432E+03   7.5600000E+02   0.0000000E+00   2.7717907E-05   0.0000000E+00
   1.5564507E+03   7.7600000E+02   2.0000000E+00   4.8922704E-04   1.8982009E-01
   1.5564583E+03   7.6900000E+02   2.0000000E+00   1.1100751E-03   4.2682389E-01
   1.5564658E+03   7.7200000E+02   0.0000000E+00   0.0000000E+00   0.0000000E+00
   1.5564733E+03   7.3300000E+02   3.0000000E+00   1.1545334E-03   2.8209100E-01
   1.5564808E+03   7.3100000E+02   0.0000000E+00   0.0000000E+00   0.0000000E+00
   1.5564884E+03   7.3100000E+02   0.0000000E+00   0.0000000E+00   0.0000000E+00
   1.5564959E+03   7.7800000E+02   1.0000000E+00   1.0804348E-03   8.4057826E-01
   1.5565034E+03   7.8200000E+02   0.0000000E+00   0.0000000E+00   0.0000000E+00
   1.5565110E+03   7.5900000E+02   0.0000000E+00   0.0000000E+00   0.0000000E+00
   1.5565185E+03   7.2900000E+02   1.0000000E+00   1.2596969E-03   9.1831901E-01
   1.5565260E+03   7.6800000E+02   0.0000000E+00   0.0000000E+00   0.0000000E+00
   1.5565335E+03   7.6800000E+02   1.0000000E+00   1.0448857E-03   8.0247224E-01
   1.5565411E+03   7.5400000E+02   0.0000000E+00   0.0000000E+00   0.0000000E+00
   1.5565486E+03   7.9000000E+02   1.0000000E+00   1.1071091E-03   8.7461619E-01
   1.5565561E+03   7.6700000E+02   1.0000000E+00   8.7077594E-05   8.8533882E-02
   1.5565637E+03   7.4200000E+02   1.0000000E+00   4.1253576E-04   3.0610153E-01
   1.5565712E+03   7.3800000E+02   0.0000000E+00   0.0000000E+00   0.0000000E+00
   1.5565787E+03   7.9500000E+02   1.0000000E+00   1.3938694E-04   1.1081261E-01
   1.5565862E+03   7.6800000E+02   0.0000000E+00   0.0000000E+00   0.0000000E+00
   1.5565938E+03   8.0200000E+02   0.0000000E+00   0.0000000E+00   0.0000000E+00
   1.5566013E+03   7.6200000E+02   0.0000000E+00   0.0000000E+00   0.0000000E+00
   1.5566088E+03   7.6300000E+02   1.0000000E+00   1.2221999E-03   9.3253851E-01
   1.5566164E+03   7.5600000E+02   1.0000000E+00   4.8637338E-04   3.6769828E-01
   1.5566239E+03   7.2300000E+02   1.0000000E+00   1.2965005E-03   9.3736988E-01
   1.5566314E+03   7.3400000E+02   3.0000000E+00   1.2994400E-03   3.1792966E-01
   1.5566389E+03   7.5600000E+02   1.0000000E+00   8.9646625E-04   6.7772849E-01
   1.5566465E+03   7.2200000E+02   0.0000000E+00   0.0000000E+00   0.0000000E+00
   1.5566540E+03   7.4600000E+02   0.0000000E+00   0.0000000E+00   0.0000000E+00
   1.5566615E+03   7.5600000E+02   0.0000000E+00   0.0000000E+00   0.0000000E+00
   1.5566691E+03   7.4900000E+02   0.0000000E+00   0.0000000E+00   0.0000000E+00
   1.5566766E+03   7.2900000E+02   0.0000000E+00   0.0000000E+00   0.0000000E+00
   1.5566841E+03   7.4400000E+02   0.0000000E+00   0.0000000E+00   0.0000000E+00
   1.5566916E+03   7.5200000E+02   2.0000000E+00   7.0917987E-04   2.6665163E-01
   1.5566992E+03   7.8800000E+02   1.0000000E+00   9.5804354E-04   7.5493831E-01
   1.5567067E+03   7.5500000E+02   0.0000000E+00   0.0000000E+00   0.0000000E+00
   1.5567142E+03   7.2700000E+02   0.0000000E+00   0.0000000E+00   0.0000000E+00
   1.5567218E+03   7.4900000E+02   0.0000000E+00   0.0000000E+00   0.0000000E+00
   1.5567293E+03   7.5500000E+02   0.0000000E+00   0.0000000E+00   0.0000000E+00
   1.5567368E+03   7.7500000E+02   0.0000000E+00   0.0000000E+00   0.0000000E+00
   1.5567443E+03   7.4700000E+02   0.0000000E+00   0.0000000E+00   0.0000000E+00
   1.5567519E+03   7.4000000E+02   0.0000000E+00   0.0000000E+00   0.0000000E+00
   1.5567594E+03   7.2400000E+02   0.0000000E+00   0.0000000E+00   0.0000000E+00
   1.5567669E+03   7.8600000E+02   0.0000000E+00   0.0000000E+00   0.0000000E+00
   1.5567745E+03   7.6200000E+02   0.0000000E+00   0.0000000E+00   0.0000000E+00
   1.5567820E+03   7.2600000E+02   0.0000000E+00   0.0000000E+00   0.0000000E+00
   1.5567895E+03   7.9000000E+02   0.0000000E+00   0.0000000E+00   0.0000000E+00
   1.5567970E+03   7.8400000E+02   0.0000000E+00   0.0000000E+00   0.0000000E+00
   1.5568046E+03   7.4000000E+02   0.0000000E+00   0.0000000E+00   0.0000000E+00
   1.5568121E+03   7.3700000E+02   0.0000000E+00   0.0000000E+00   0.0000000E+00
   1.5568196E+03   7.8700000E+02   1.0000000E+00   9.2462833E-04   7.2768250E-01
   1.5568272E+03   7.1700000E+02   0.0000000E+00   0.0000000E+00   0.0000000E+00
   1.5568347E+03   7.3100000E+02   0.0000000E+00   0.0000000E+00   0.0000000E+00
   1.5568422E+03   7.4400000E+02   2.0000000E+00   6.2497392E-04   2.3249030E-01
   1.5568497E+03   7.2900000E+02   0.0000000E+00   0.0000000E+00   0.0000000E+00
   1.5568573E+03   7.3700000E+02   1.0000000E+00   1.2233323E-03   9.0159591E-01
   1.5568648E+03   7.4600000E+02   1.0000000E+00   1.2554216E-04   9.3654451E-02
   1.5568723E+03   7.7100000E+02   0.0000000E+00   0.0000000E+00   0.0000000E+00
   1.5568799E+03   7.5600000E+02   2.0000000E+00   8.6291387E-04   3.2618144E-01
   1.5568874E+03   7.6100000E+02   0.0000000E+00   0.0000000E+00   0.0000000E+00
   1.5568949E+03   8.3200000E+02   1.0000000E+00   3.7095570E-04   3.0863514E-01
   1.5569024E+03   7.1700000E+02   0.0000000E+00   1.6224511E-05   0.0000000E+00
   1.5569100E+03   7.5700000E+02   0.0000000E+00   0.0000000E+00   0.0000000E+00
   1.5569175E+03   8.4500000E+02   1.0000000E+00   4.5775531E-04   3.8680324E-01
   1.5569250E+03   7.3700000E+02   0.0000000E+00   0.0000000E+00   0.0000000E+00
   1.5569325E+03   7.9000000E+02   0.0000000E+00   0.0000000E+00   0.0000000E+00
   1.5569401E+03   7.4600000E+02   0.0000000E+00   0.0000000E+00   0.0000000E+00
   1.5569476E+03   7.1900000E+02   0.0000000E+00   0.0000000E+00   0.0000000E+00
   1.5569551E+03   7.4200000E+02   0.0000000E+00   0.0000000E+00   0.0000000E+00
   1.5569627E+03   7.3300000E+02   1.0000000E+00   5.2969333E-04   3.8826521E-01
   1.5569702E+03   8.3700000E+02   0.0000000E+00   0.0000000E+00   0.0000000E+00
   1.5569777E+03   7.7600000E+02   0.0000000E+00   0.0000000E+00   0.0000000E+00
   1.5569852E+03   7.7600000E+02   0.0000000E+00   0.0000000E+00   0.0000000E+00
   1.5569928E+03   7.3200000E+02   1.0000000E+00   6.9374359E-04   5.0782031E-01
   1.5570003E+03   7.7400000E+02   0.0000000E+00   0.0000000E+00   0.0000000E+00
   1.5570078E+03   7.0700000E+02   0.0000000E+00   0.0000000E+00   0.0000000E+00
   1.5570154E+03   7.0200000E+02   1.0000000E+00   1.2245352E-03   8.5962374E-01
   1.5570229E+03   7.7500000E+02   0.0000000E+00   0.0000000E+00   0.0000000E+00
   1.5570304E+03   7.1400000E+02   0.0000000E+00   0.0000000E+00   0.0000000E+00
   1.5570379E+03   7.8900000E+02   1.0000000E+00   9.4459599E-04   7.4528624E-01
   1.5570455E+03   7.3900000E+02   0.0000000E+00   0.0000000E+00   0.0000000E+00
   1.5570530E+03   7.5400000E+02   1.0000000E+00   9.1049934E-04   6.8651650E-01
   1.5570605E+03   7.5300000E+02   1.0000000E+00   6.5211581E-04   4.9104320E-01
   1.5570681E+03   7.2200000E+02   0.0000000E+00   0.0000000E+00   0.0000000E+00
   1.5570756E+03   8.0200000E+02   0.0000000E+00   0.0000000E+00   0.0000000E+00
   1.5570831E+03   7.6600000E+02   0.0000000E+00   0.0000000E+00   0.0000000E+00
   1.5570906E+03   7.3700000E+02   0.0000000E+00   0.0000000E+00   0.0000000E+00
   1.5570982E+03   7.6000000E+02   1.0000000E+00   3.6667690E-04   2.7867445E-01
   1.5571057E+03   7.3900000E+02   0.0000000E+00   0.0000000E+00   0.0000000E+00
   1.5571132E+03   7.5400000E+02   1.0000000E+00   5.4762524E-04   4.1290943E-01
   1.5571208E+03   7.9700000E+02   0.0000000E+00   0.0000000E+00   0.0000000E+00
   1.5571283E+03   7.9800000E+02   1.0000000E+00   1.1734912E-03   9.3644598E-01
   1.5571358E+03   7.2900000E+02   0.0000000E+00   0.0000000E+00   0.0000000E+00
   1.5571433E+03   7.6300000E+02   0.0000000E+00   0.0000000E+00   0.0000000E+00
   1.5571509E+03   7.3900000E+02   0.0000000E+00   1.2371399E-05   0.0000000E+00
   1.5571584E+03   7.3600000E+02   1.0000000E+00   8.3753726E-04   6.1642742E-01
   1.5571659E+03   7.2500000E+02   0.0000000E+00   0.0000000E+00   0.0000000E+00
   1.5571735E+03   7.5700000E+02   0.0000000E+00   0.0000000E+00   0.0000000E+00
   1.5571810E+03   7.3200000E+02   0.0000000E+00   0.0000000E+00   0.0000000E+00
   1.5571885E+03   7.5300000E+02   1.0000000E+00   8.1125511E-04   6.1087510E-01
   1.5571960E+03   7.4500000E+02   0.0000000E+00   0.0000000E+00   0.0000000E+00
   1.5572036E+03   7.2500000E+02   0.0000000E+00   0.0000000E+00   0.0000000E+00
   1.5572111E+03   7.4600000E+02   0.0000000E+00   0.0000000E+00   0.0000000E+00
   1.5572186E+03   7.9000000E+02   0.0000000E+00   0.0000000E+00   0.0000000E+00
   1.5572262E+03   7.6200000E+02   0.0000000E+00   0.0000000E+00   0.0000000E+00
   1.5572337E+03   7.1000000E+02   0.0000000E+00   0.0000000E+00   0.0000000E+00
   1.5572412E+03   6.8600000E+02   0.0000000E+00   0.0000000E+00   0.0000000E+00
   1.5572487E+03   7.5300000E+02   1.0000000E+00   9.6556658E-04   7.2707163E-01
   1.5572563E+03   7.1500000E+02   0.0000000E+00   0.0000000E+00   0.0000000E+00
   1.5572638E+03   7.3300000E+02   0.0000000E+00   0.0000000E+00   0.0000000E+00
   1.5572713E+03   7.3000000E+02   0.0000000E+00   0.0000000E+00   0.0000000E+00
   1.5572789E+03   7.5500000E+02   0.0000000E+00   0.0000000E+00   0.0000000E+00
   1.5572864E+03   6.9700000E+02   0.0000000E+00   0.0000000E+00   0.0000000E+00
   1.5572939E+03   7.9200000E+02   0.0000000E+00   0.0000000E+00   0.0000000E+00
   1.5573014E+03   7.5900000E+02   0.0000000E+00   0.0000000E+00   0.0000000E+00
   1.5573090E+03   7.7300000E+02   0.0000000E+00   0.0000000E+00   0.0000000E+00
   1.5573165E+03   7.3300000E+02   1.0000000E+00   1.2828849E-03   9.4035463E-01
   1.5573240E+03   7.1400000E+02   0.0000000E+00   0.0000000E+00   0.0000000E+00
   1.5573316E+03   7.4200000E+02   0.0000000E+00   0.0000000E+00   0.0000000E+00
   1.5573391E+03   8.1900000E+02   0.0000000E+00   0.0000000E+00   0.0000000E+00
   1.5573466E+03   7.6400000E+02   0.0000000E+00   0.0000000E+00   0.0000000E+00
   1.5573541E+03   7.4700000E+02   0.0000000E+00   0.0000000E+00   0.0000000E+00
   1.5573617E+03   7.7700000E+02   0.0000000E+00   0.0000000E+00   0.0000000E+00
   1.5573692E+03   7.7000000E+02   0.0000000E+00   0.0000000E+00   0.0000000E+00
   1.5573767E+03   7.2800000E+02   0.0000000E+00   0.0000000E+00   0.0000000E+00
   1.5573842E+03   7.4500000E+02   0.0000000E+00   0.0000000E+00   0.0000000E+00
   1.5573918E+03   7.7100000E+02   0.0000000E+00   0.0000000E+00   0.0000000E+00
   1.5573993E+03   7.2900000E+02   1.0000000E+00   1.1749193E-04   8.5651616E-02
   1.5574068E+03   7.5800000E+02   0.0000000E+00   0.0000000E+00   0.0000000E+00
   1.5574144E+03   7.3900000E+02   0.0000000E+00   0.0000000E+00   0.0000000E+00
   1.5574219E+03   7.4200000E+02   0.0000000E+00   0.0000000E+00   0.0000000E+00
   1.5574294E+03   7.6300000E+02   1.0000000E+00   9.8856094E-04   7.5427199E-01
   1.5574369E+03   7.2900000E+02   0.0000000E+00   0.0000000E+00   0.0000000E+00
   1.5574445E+03   7.4800000E+02   0.0000000E+00   0.0000000E+00   0.0000000E+00
   1.5574520E+03   7.2600000E+02   0.0000000E+00   0.0000000E+00   0.0000000E+00
   1.5574595E+03   7.7600000E+02   0.0000000E+00   0.0000000E+00   0.0000000E+00
   1.5574671E+03   7.8300000E+02   0.0000000E+00   0.0000000E+00   0.0000000E+00
   1.5574746E+03   7.6900000E+02   1.0000000E+00   4.5337907E-04   3.4864850E-01
   1.5574821E+03   7.7000000E+02   0.0000000E+00   0.0000000E+00   0.0000000E+00
   1.5574896E+03   8.0200000E+02   0.0000000E+00   0.0000000E+00   0.0000000E+00
   1.5574972E+03   7.5000000E+02   0.0000000E+00   0.0000000E+00   0.0000000E+00
   1.5575047E+03   7.2800000E+02   0.0000000E+00   0.0000000E+00   0.0000000E+00
   1.5575122E+03   7.5300000E+02   0.0000000E+00   0.0000000E+00   0.0000000E+00
   1.5575198E+03   7.4500000E+02   1.0000000E+00   2.0410835E-04   1.5206072E-01
   1.5575273E+03   7.3300000E+02   0.0000000E+00   0.0000000E+00   0.0000000E+00
   1.5575348E+03   7.7600000E+02   0.0000000E+00   0.0000000E+00   0.0000000E+00
   1.5575423E+03   7.5600000E+02   0.0000000E+00   0.0000000E+00   0.0000000E+00
   1.5575499E+03   7.0100000E+02   0.0000000E+00   0.0000000E+00   0.0000000E+00
   1.5575574E+03   7.3000000E+02   1.0000000E+00   1.2970429E-03   9.4684133E-01
   1.5575649E+03   7.4600000E+02   0.0000000E+00   0.0000000E+00   0.0000000E+00
   1.5575725E+03   7.6700000E+02   0.0000000E+00   0.0000000E+00   0.0000000E+00
   1.5575800E+03   7.4300000E+02   0.0000000E+00   0.0000000E+00   0.0000000E+00
   1.5575875E+03   7.0300000E+02   0.0000000E+00   0.0000000E+00   0.0000000E+00
   1.5575950E+03   7.2300000E+02   0.0000000E+00   0.0000000E+00   0.0000000E+00
   1.5576026E+03   7.5100000E+02   0.0000000E+00   0.0000000E+00   0.0000000E+00
   1.5576101E+03   7.6500000E+02   1.0000000E+00   9.6815905E-04   7.4064168E-01
   1.5576176E+03   7.5400000E+02   0.0000000E+00   0.0000000E+00   0.0000000E+00
   1.5576252E+03   7.2900000E+02   0.0000000E+00   0.0000000E+00   0.0000000E+00
   1.5576327E+03   8.0300000E+02   0.0000000E+00   0.0000000E+00   0.0000000E+00
   1.5576402E+03   7.8900000E+02   0.0000000E+00   0.0000000E+00   0.0000000E+00
   1.5576477E+03   7.7700000E+02   0.0000000E+00   0.0000000E+00   0.0000000E+00
   1.5576553E+03   6.9000000E+02   0.0000000E+00   0.0000000E+00   0.0000000E+00
   1.5576628E+03   7.4500000E+02   0.0000000E+00   0.0000000E+00   0.0000000E+00
   1.5576703E+03   7.3300000E+02   1.0000000E+00   6.5341381E-05   4.7895232E-02
   1.5576779E+03   7.4700000E+02   0.0000000E+00   0.0000000E+00   0.0000000E+00
   1.5576854E+03   7.6600000E+02   1.0000000E+00   2.2570892E-04   1.7289303E-01
   1.5576929E+03   7.5900000E+02   0.0000000E+00   0.0000000E+00   0.0000000E+00
   1.5577004E+03   7.5100000E+02   0.0000000E+00   0.0000000E+00   0.0000000E+00
   1.5577080E+03   7.5800000E+02   0.0000000E+00   0.0000000E+00   0.0000000E+00
   1.5577155E+03   7.9700000E+02   0.0000000E+00   0.0000000E+00   0.0000000E+00
   1.5577230E+03   6.9700000E+02   0.0000000E+00   0.0000000E+00   0.0000000E+00
   1.5577306E+03   6.8600000E+02   1.0000000E+00   1.3757074E-03   9.4373531E-01
   1.5577381E+03   6.8700000E+02   0.0000000E+00   0.0000000E+00   0.0000000E+00
   1.5577456E+03   7.2200000E+02   0.0000000E+00   0.0000000E+00   0.0000000E+00
   1.5577531E+03   7.4200000E+02   0.0000000E+00   0.0000000E+00   0.0000000E+00
   1.5577607E+03   7.3200000E+02   0.0000000E+00   0.0000000E+00   0.0000000E+00
   1.5577682E+03   7.4500000E+02   1.0000000E+00   9.9514243E-05   7.4138111E-02
   1.5577757E+03   7.7200000E+02   0.0000000E+00   0.0000000E+00   0.0000000E+00
   1.5577833E+03   7.9100000E+02   0.0000000E+00   0.0000000E+00   0.0000000E+00
   1.5577908E+03   7.3900000E+02   0.0000000E+00   0.0000000E+00   0.0000000E+00
   1.5577983E+03   7.5000000E+02   1.0000000E+00   3.2795804E-04   2.4596853E-01
   1.5578058E+03   7.6300000E+02   1.0000000E+00   7.8990144E-04   6.0269480E-01
   1.5578134E+03   7.1800000E+02   1.0000000E+00   1.7968693E-04   1.2901522E-01
   1.5578209E+03   7.8000000E+02   0.0000000E+00   0.0000000E+00   0.0000000E+00
   1.5578284E+03   7.7200000E+02   0.0000000E+00   0.0000000E+00   0.0000000E+00
   1.5578359E+03   7.7800000E+02   0.0000000E+00   0.0000000E+00   0.0000000E+00
   1.5578435E+03   7.3600000E+02   1.0000000E+00   2.0637261E-04   1.5189024E-01
   1.5578510E+03   7.5100000E+02   0.0000000E+00   0.0000000E+00   0.0000000E+00
   1.5578585E+03   7.3100000E+02   0.0000000E+00   0.0000000E+00   0.0000000E+00
   1.5578661E+03   7.9500000E+02   0.0000000E+00   0.0000000E+00   0.0000000E+00
   1.5578736E+03   7.5400000E+02   0.0000000E+00   0.0000000E+00   0.0000000E+00
   1.5578811E+03   7.4800000E+02   0.0000000E+00   0.0000000E+00   0.0000000E+00
   1.5578886E+03   7.5400000E+02   0.0000000E+00   0.0000000E+00   0.0000000E+00
   1.5578962E+03   7.5800000E+02   1.0000000E+00   5.5943352E-04   4.2405061E-01
   1.5579037E+03   7.2900000E+02   0.0000000E+00   0.0000000E+00   0.0000000E+00
   1.5579112E+03   7.4100000E+02   0.0000000E+00   0.0000000E+00   0.0000000E+00
   1.5579188E+03   7.5200000E+02   0.0000000E+00   0.0000000E+00   0.0000000E+00
   1.5579263E+03   7.7300000E+02   0.0000000E+00   0.0000000E+00   0.0000000E+00
   1.5579338E+03   7.3900000E+02   0.0000000E+00   0.0000000E+00   0.0000000E+00
   1.5579413E+03   7.3300000E+02   0.0000000E+00   0.0000000E+00   0.0000000E+00
   1.5579489E+03   7.1900000E+02   0.0000000E+00   0.0000000E+00   0.0000000E+00
   1.5579564E+03   7.5500000E+02   0.0000000E+00   0.0000000E+00   0.0000000E+00
   1.5579639E+03   7.2500000E+02   0.0000000E+00   0.0000000E+00   0.0000000E+00
   1.5579715E+03   7.5600000E+02   2.0000000E+00   7.9161740E-04   2.9923138E-01
   1.5579790E+03   7.3500000E+02   0.0000000E+00   0.0000000E+00   0.0000000E+00
   1.5579865E+03   7.7100000E+02   0.0000000E+00   0.0000000E+00   0.0000000E+00
   1.5579940E+03   7.6700000E+02   0.0000000E+00   0.0000000E+00   0.0000000E+00
   1.5580016E+03   7.3000000E+02   0.0000000E+00   0.0000000E+00   0.0000000E+00
   1.5580091E+03   7.2400000E+02   0.0000000E+00   0.0000000E+00   0.0000000E+00
   1.5580166E+03   7.4100000E+02   0.0000000E+00   0.0000000E+00   0.0000000E+00
   1.5580242E+03   7.5400000E+02   0.0000000E+00   0.0000000E+00   0.0000000E+00
   1.5580317E+03   7.5700000E+02   0.0000000E+00   0.0000000E+00   0.0000000E+00
   1.5580392E+03   7.2500000E+02   2.0000000E+00   1.0601689E-03   3.8431123E-01
   1.5580467E+03   7.6100000E+02   0.0000000E+00   0.0000000E+00   0.0000000E+00
   1.5580543E+03   7.1500000E+02   1.0000000E+00   8.0270033E-04   5.7393073E-01
   1.5580618E+03   7.8200000E+02   0.0000000E+00   0.0000000E+00   0.0000000E+00
   1.5580693E+03   7.3400000E+02   0.0000000E+00   0.0000000E+00   0.0000000E+00
   1.5580769E+03   7.7500000E+02   0.0000000E+00   0.0000000E+00   0.0000000E+00
   1.5580844E+03   7.6500000E+02   0.0000000E+00   0.0000000E+00   0.0000000E+00
   1.5580919E+03   7.2200000E+02   0.0000000E+00   0.0000000E+00   0.0000000E+00
   1.5580994E+03   7.9700000E+02   0.0000000E+00   0.0000000E+00   0.0000000E+00
   1.5581070E+03   7.4100000E+02   2.0000000E+00   6.8000915E-04   2.5194339E-01
   1.5581145E+03   7.3800000E+02   0.0000000E+00   0.0000000E+00   0.0000000E+00
   1.5581220E+03   7.3600000E+02   1.0000000E+00   1.2509828E-03   9.2072334E-01
   1.5581296E+03   7.3700000E+02   0.0000000E+00   0.0000000E+00   0.0000000E+00
   1.5581371E+03   7.5600000E+02   0.0000000E+00   0.0000000E+00   0.0000000E+00
   1.5581446E+03   7.3700000E+02   0.0000000E+00   0.0000000E+00   0.0000000E+00
   1.5581521E+03   7.5100000E+02   0.0000000E+00   0.0000000E+00   0.0000000E+00
   1.5581597E+03   7.5800000E+02   0.0000000E+00   0.0000000E+00   0.0000000E+00
   1.5581672E+03   7.6100000E+02   1.0000000E+00   8.5010371E-05   6.4692892E-02
   1.5581747E+03   7.7100000E+02   1.0000000E+00   4.3006925E-04   3.3158339E-01
   1.5581823E+03   7.1300000E+02   0.0000000E+00   0.0000000E+00   0.0000000E+00
   1.5581898E+03   7.4100000E+02   0.0000000E+00   0.0000000E+00   0.0000000E+00
   1.5581973E+03   7.6100000E+02   0.0000000E+00   0.0000000E+00   0.0000000E+00
   1.5582048E+03   7.0000000E+02   0.0000000E+00   0.0000000E+00   0.0000000E+00
   1.5582124E+03   7.6000000E+02   1.0000000E+00   7.7084172E-04   5.8583971E-01
   1.5582199E+03   7.9400000E+02   0.0000000E+00   0.0000000E+00   0.0000000E+00
   1.5582274E+03   7.7000000E+02   0.0000000E+00   0.0000000E+00   0.0000000E+00
   1.5582350E+03   7.5400000E+02   0.0000000E+00   0.0000000E+00   0.0000000E+00
   1.5582425E+03   7.3000000E+02   0.0000000E+00   0.0000000E+00   0.0000000E+00
   1.5582500E+03   7.7900000E+02   0.0000000E+00   0.0000000E+00   0.0000000E+00
   1.5582575E+03   7.5900000E+02   0.0000000E+00   0.0000000E+00   0.0000000E+00
   1.5582651E+03   7.3500000E+02   0.0000000E+00   0.0000000E+00   0.0000000E+00
   1.5582726E+03   7.8900000E+02   0.0000000E+00   0.0000000E+00   0.0000000E+00
   1.5582801E+03   7.6300000E+02   0.0000000E+00   0.0000000E+00   0.0000000E+00
   1.5582876E+03   8.1500000E+02   2.0000000E+00   1.2239327E-03   4.9875257E-01
   1.5582952E+03   7.8600000E+02   0.0000000E+00   0.0000000E+00   0.0000000E+00
   1.5583027E+03   7.8800000E+02   1.0000000E+00   8.7689291E-04   6.9099161E-01
   1.5583102E+03   7.2400000E+02   0.0000000E+00   0.0000000E+00   0.0000000E+00
   1.5583178E+03   7.4100000E+02   0.0000000E+00   0.0000000E+00   0.0000000E+00
   1.5583253E+03   7.8600000E+02   0.0000000E+00   0.0000000E+00   0.0000000E+00
   1.5583328E+03   7.5600000E+02   2.0000000E+00   8.5381263E-04   3.2274117E-01
   1.5583403E+03   7.6600000E+02   0.0000000E+00   0.0000000E+00   0.0000000E+00
   1.5583479E+03   7.7100000E+02   0.0000000E+00   0.0000000E+00   0.0000000E+00
   1.5583554E+03   7.4700000E+02   0.0000000E+00   0.0000000E+00   0.0000000E+00
   1.5583629E+03   7.2900000E+02   0.0000000E+00   0.0000000E+00   0.0000000E+00
   1.5583705E+03   7.3300000E+02   1.0000000E+00   1.8197472E-04   1.3338747E-01
   1.5583780E+03   7.3800000E+02   0.0000000E+00   0.0000000E+00   0.0000000E+00
   1.5583855E+03   7.3200000E+02   0.0000000E+00   0.0000000E+00   0.0000000E+00
   1.5583930E+03   7.9700000E+02   0.0000000E+00   0.0000000E+00   0.0000000E+00
   1.5584006E+03   7.1500000E+02   0.0000000E+00   0.0000000E+00   0.0000000E+00
   1.5584081E+03   7.7400000E+02   0.0000000E+00   0.0000000E+00   0.0000000E+00
   1.5584156E+03   7.3400000E+02   0.0000000E+00   0.0000000E+00   0.0000000E+00
   1.5584232E+03   6.9200000E+02   0.0000000E+00   0.0000000E+00   0.0000000E+00
   1.5584307E+03   7.4200000E+02   1.0000000E+00   7.8965749E-04   5.8592586E-01
   1.5584382E+03   7.4500000E+02   0.0000000E+00   0.0000000E+00   0.0000000E+00
   1.5584457E+03   7.8900000E+02   0.0000000E+00   0.0000000E+00   0.0000000E+00
   1.5584533E+03   7.2100000E+02   0.0000000E+00   0.0000000E+00   0.0000000E+00
   1.5584608E+03   7.4800000E+02   0.0000000E+00   0.0000000E+00   0.0000000E+00
   1.5584683E+03   6.9000000E+02   0.0000000E+00   0.0000000E+00   0.0000000E+00
   1.5584759E+03   7.6300000E+02   0.0000000E+00   0.0000000E+00   0.0000000E+00
   1.5584834E+03   7.4900000E+02   0.0000000E+00   0.0000000E+00   0.0000000E+00
   1.5584909E+03   7.3900000E+02   0.0000000E+00   0.0000000E+00   0.0000000E+00
   1.5584984E+03   7.9900000E+02   0.0000000E+00   2.3707286E-05   0.0000000E+00
   1.5585060E+03   7.5100000E+02   0.0000000E+00   0.0000000E+00   0.0000000E+00
   1.5585135E+03   7.1800000E+02   0.0000000E+00   0.0000000E+00   0.0000000E+00
   1.5585210E+03   7.9200000E+02   0.0000000E+00   0.0000000E+00   0.0000000E+00
   1.5585286E+03   8.2000000E+02   0.0000000E+00   0.0000000E+00   0.0000000E+00
   1.5585361E+03   7.3400000E+02   0.0000000E+00   0.0000000E+00   0.0000000E+00
   1.5585436E+03   7.7300000E+02   0.0000000E+00   0.0000000E+00   0.0000000E+00
   1.5585511E+03   8.0800000E+02   0.0000000E+00   0.0000000E+00   0.0000000E+00
   1.5585587E+03   7.6200000E+02   0.0000000E+00   0.0000000E+00   0.0000000E+00
   1.5585662E+03   7.5600000E+02   0.0000000E+00   0.0000000E+00   0.0000000E+00
   1.5585737E+03   7.5800000E+02   0.0000000E+00   0.0000000E+00   0.0000000E+00
   1.5585813E+03   6.9900000E+02   2.0000000E+00   1.0238884E-03   3.5784898E-01
   1.5585888E+03   7.1500000E+02   0.0000000E+00   0.0000000E+00   0.0000000E+00
   1.5585963E+03   7.2200000E+02   1.0000000E+00   1.1668066E-03   8.4243440E-01
   1.5586038E+03   7.5900000E+02   1.0000000E+00   3.6403608E-04   2.7630339E-01
   1.5586114E+03   7.4100000E+02   0.0000000E+00   0.0000000E+00   0.0000000E+00
   1.5586189E+03   7.6000000E+02   0.0000000E+00   0.0000000E+00   0.0000000E+00
   1.5586264E+03   7.3600000E+02   0.0000000E+00   0.0000000E+00   0.0000000E+00
   1.5586340E+03   7.4500000E+02   2.0000000E+00   5.0553372E-04   1.8831131E-01
   1.5586415E+03   7.6900000E+02   0.0000000E+00   0.0000000E+00   0.0000000E+00
   1.5586490E+03   7.2200000E+02   0.0000000E+00   0.0000000E+00   0.0000000E+00
   1.5586565E+03   7.4400000E+02   0.0000000E+00   0.0000000E+00   0.0000000E+00
   1.5586641E+03   7.2100000E+02   0.0000000E+00   0.0000000E+00   0.0000000E+00
   1.5586716E+03   7.6500000E+02   0.0000000E+00   0.0000000E+00   0.0000000E+00
   1.5586791E+03   7.8600000E+02   3.0000000E+00   2.4516894E-03   6.4234261E-01
   1.5586867E+03   7.8000000E+02   0.0000000E+00   0.0000000E+00   0.0000000E+00
   1.5586942E+03   7.2900000E+02   0.0000000E+00   0.0000000E+00   0.0000000E+00
   1.5587017E+03   7.7200000E+02   1.0000000E+00   2.1661190E-04   1.6722439E-01
   1.5587092E+03   7.3900000E+02   1.0000000E+00   8.4398741E-04   6.2370670E-01
   1.5587168E+03   7.5200000E+02   0.0000000E+00   0.0000000E+00   0.0000000E+00
   1.5587243E+03   7.4300000E+02   1.0000000E+00   1.2622859E-03   9.3787842E-01
   1.5587318E+03   7.5700000E+02   0.0000000E+00   0.0000000E+00   0.0000000E+00
   1.5587393E+03   7.3700000E+02   0.0000000E+00   0.0000000E+00   0.0000000E+00
   1.5587469E+03   7.8200000E+02   0.0000000E+00   0.0000000E+00   0.0000000E+00
   1.5587544E+03   8.0400000E+02   1.0000000E+00   8.9925161E-04   7.2299830E-01
   1.5587619E+03   7.6800000E+02   0.0000000E+00   0.0000000E+00   0.0000000E+00
   1.5587695E+03   7.4000000E+02   0.0000000E+00   0.0000000E+00   0.0000000E+00
   1.5587770E+03   7.4400000E+02   0.0000000E+00   0.0000000E+00   0.0000000E+00
   1.5587845E+03   7.2800000E+02   0.0000000E+00   0.0000000E+00   0.0000000E+00
   1.5587920E+03   8.0700000E+02   0.0000000E+00   0.0000000E+00   0.0000000E+00
   1.5587996E+03   7.5000000E+02   1.0000000E+00   1.0872673E-03   8.1545048E-01
   1.5588071E+03   7.6100000E+02   0.0000000E+00   0.0000000E+00   0.0000000E+00
   1.5588146E+03   7.3700000E+02   0.0000000E+00   0.0000000E+00   0.0000000E+00
   1.5588222E+03   7.6600000E+02   0.0000000E+00   0.0000000E+00   0.0000000E+00
   1.5588297E+03   7.5900000E+02   0.0000000E+00   0.0000000E+00   0.0000000E+00
   1.5588372E+03   7.6900000E+02   0.0000000E+00   0.0000000E+00   0.0000000E+00
   1.5588447E+03   8.0200000E+02   0.0000000E+00   0.0000000E+00   0.0000000E+00
   1.5588523E+03   8.0900000E+02   2.0000000E+00   5.8455966E-04   2.3645438E-01
   1.5588598E+03   8.1800000E+02   0.0000000E+00   0.0000000E+00   0.0000000E+00
   1.5588673E+03   7.4300000E+02   0.0000000E+00   0.0000000E+00   0.0000000E+00
   1.5588749E+03   7.3200000E+02   0.0000000E+00   0.0000000E+00   0.0000000E+00
   1.5588824E+03   7.1600000E+02   1.0000000E+00   1.2258104E-03   8.7768022E-01
   1.5588899E+03   7.4200000E+02   0.0000000E+00   0.0000000E+00   0.0000000E+00
   1.5588974E+03   7.6400000E+02   0.0000000E+00   1.3245162E-05   0.0000000E+00
   1.5589050E+03   7.0400000E+02   0.0000000E+00   0.0000000E+00   0.0000000E+00
   1.5589125E+03   7.7000000E+02   0.0000000E+00   0.0000000E+00   0.0000000E+00
   1.5589200E+03   7.1300000E+02   0.0000000E+00   0.0000000E+00   0.0000000E+00
   1.5589276E+03   7.4500000E+02   1.0000000E+00   5.3228283E-04   3.9655071E-01
   1.5589351E+03   7.3600000E+02   0.0000000E+00   0.0000000E+00   0.0000000E+00
   1.5589426E+03   7.3600000E+02   0.0000000E+00   0.0000000E+00   0.0000000E+00
   1.5589501E+03   7.2500000E+02   0.0000000E+00   0.0000000E+00   0.0000000E+00
   1.5589577E+03   7.5200000E+02   0.0000000E+00   0.0000000E+00   0.0000000E+00
   1.5589652E+03   7.7800000E+02   0.0000000E+00   0.0000000E+00   0.0000000E+00
   1.5589727E+03   7.2400000E+02   1.0000000E+00   6.6810916E-04   4.8371103E-01
   1.5589803E+03   7.7800000E+02   0.0000000E+00   0.0000000E+00   0.0000000E+00
   1.5589878E+03   7.4000000E+02   1.0000000E+00   2.2855404E-04   1.6912999E-01
   1.5589953E+03   7.4600000E+02   0.0000000E+00   0.0000000E+00   0.0000000E+00
   1.5590028E+03   7.6600000E+02   0.0000000E+00   0.0000000E+00   0.0000000E+00
   1.5590104E+03   8.1200000E+02   0.0000000E+00   0.0000000E+00   0.0000000E+00
   1.5590179E+03   7.3600000E+02   0.0000000E+00   0.0000000E+00   0.0000000E+00
   1.5590254E+03   7.5200000E+02   0.0000000E+00   0.0000000E+00   0.0000000E+00
   1.5590330E+03   7.3700000E+02   0.0000000E+00   0.0000000E+00   0.0000000E+00
   1.5590405E+03   6.6100000E+02   0.0000000E+00   0.0000000E+00   0.0000000E+00
   1.5590480E+03   7.2400000E+02   0.0000000E+00   0.0000000E+00   0.0000000E+00
   1.5590555E+03   7.7700000E+02   0.0000000E+00   0.0000000E+00   0.0000000E+00
   1.5590631E+03   7.3300000E+02   1.0000000E+00   1.2841849E-03   9.4130750E-01
   1.5590706E+03   7.8300000E+02   0.0000000E+00   0.0000000E+00   0.0000000E+00
   1.5590781E+03   7.9100000E+02   0.0000000E+00   0.0000000E+00   0.0000000E+00
   1.5590857E+03   7.7400000E+02   0.0000000E+00   0.0000000E+00   0.0000000E+00
   1.5590932E+03   7.5500000E+02   0.0000000E+00   0.0000000E+00   0.0000000E+00
   1.5591007E+03   7.7200000E+02   0.0000000E+00   0.0000000E+00   0.0000000E+00
   1.5591082E+03   7.4600000E+02   0.0000000E+00   0.0000000E+00   0.0000000E+00
   1.5591158E+03   7.8200000E+02   0.0000000E+00   0.0000000E+00   0.0000000E+00
   1.5591233E+03   7.2700000E+02   0.0000000E+00   0.0000000E+00   0.0000000E+00
   1.5591308E+03   7.8400000E+02   0.0000000E+00   0.0000000E+00   0.0000000E+00
   1.5591384E+03   7.6100000E+02   1.0000000E+00   1.2362719E-03   9.4080289E-01
   1.5591459E+03   7.9200000E+02   1.0000000E+00   8.2826690E-04   6.5598739E-01
   1.5591534E+03   7.0900000E+02   0.0000000E+00   0.0000000E+00   0.0000000E+00
   1.5591609E+03   7.4300000E+02   0.0000000E+00   0.0000000E+00   0.0000000E+00
   1.5591685E+03   8.0600000E+02   0.0000000E+00   0.0000000E+00   0.0000000E+00
   1.5591760E+03   7.7500000E+02   0.0000000E+00   0.0000000E+00   0.0000000E+00
   1.5591835E+03   7.2800000E+02   0.0000000E+00   0.0000000E+00   0.0000000E+00
   1.5591910E+03   7.8000000E+02   0.0000000E+00   0.0000000E+00   0.0000000E+00
   1.5591986E+03   7.4100000E+02   0.0000000E+00   0.0000000E+00   0.0000000E+00
   1.5592061E+03   7.3900000E+02   0.0000000E+00   0.0000000E+00   0.0000000E+00
   1.5592136E+03   7.3300000E+02   0.0000000E+00   0.0000000E+00   0.0000000E+00
   1.5592212E+03   7.5400000E+02   0.0000000E+00   0.0000000E+00   0.0000000E+00
   1.5592287E+03   7.5900000E+02   0.0000000E+00   0.0000000E+00   0.0000000E+00
   1.5592362E+03   7.4400000E+02   0.0000000E+00   0.0000000E+00   0.0000000E+00
   1.5592437E+03   7.1800000E+02   0.0000000E+00   0.0000000E+00   0.0000000E+00
   1.5592513E+03   7.7800000E+02   0.0000000E+00   0.0000000E+00   0.0000000E+00
   1.5592588E+03   7.4000000E+02   0.0000000E+00   0.0000000E+00   0.0000000E+00
   1.5592663E+03   7.3800000E+02   0.0000000E+00   0.0000000E+00   0.0000000E+00
   1.5592739E+03   7.3200000E+02   0.0000000E+00   0.0000000E+00   0.0000000E+00
   1.5592814E+03   7.7900000E+02   0.0000000E+00   0.0000000E+00   0.0000000E+00
   1.5592889E+03   7.6500000E+02   0.0000000E+00   0.0000000E+00   0.0000000E+00
   1.5592964E+03   7.3400000E+02   0.0000000E+00   0.0000000E+00   0.0000000E+00
   1.5593040E+03   7.4300000E+02   1.0000000E+00   9.7243003E-04   7.2251551E-01
   1.5593115E+03   7.5600000E+02   0.0000000E+00   0.0000000E+00   0.0000000E+00
   1.5593190E+03   7.4900000E+02   0.0000000E+00   0.0000000E+00   0.0000000E+00
   1.5593266E+03   7.8100000E+02   0.0000000E+00   0.0000000E+00   0.0000000E+00
   1.5593341E+03   7.4400000E+02   0.0000000E+00   0.0000000E+00   0.0000000E+00
   1.5593416E+03   7.7400000E+02   0.0000000E+00   0.0000000E+00   0.0000000E+00
   1.5593491E+03   7.9800000E+02   0.0000000E+00   0.0000000E+00   0.0000000E+00
   1.5593567E+03   7.6800000E+02   0.0000000E+00   0.0000000E+00   0.0000000E+00
   1.5593642E+03   7.7500000E+02   0.0000000E+00   0.0000000E+00   0.0000000E+00
   1.5593717E+03   7.4900000E+02   0.0000000E+00   0.0000000E+00   0.0000000E+00
   1.5593793E+03   7.4100000E+02   1.0000000E+00   1.2375390E-03   9.1701638E-01
   1.5593868E+03   7.5200000E+02   0.0000000E+00   0.0000000E+00   0.0000000E+00
   1.5593943E+03   7.7200000E+02   0.0000000E+00   0.0000000E+00   0.0000000E+00
   1.5594018E+03   7.7000000E+02   0.0000000E+00   0.0000000E+00   0.0000000E+00
   1.5594094E+03   7.4700000E+02   0.0000000E+00   0.0000000E+00   0.0000000E+00
   1.5594169E+03   7.6300000E+02   0.0000000E+00   0.0000000E+00   0.0000000E+00
   1.5594244E+03   7.5300000E+02   0.0000000E+00   0.0000000E+00   0.0000000E+00
   1.5594320E+03   7.8700000E+02   0.0000000E+00   0.0000000E+00   0.0000000E+00
   1.5594395E+03   7.3200000E+02   0.0000000E+00   0.0000000E+00   0.0000000E+00
   1.5594470E+03   7.3700000E+02   0.0000000E+00   0.0000000E+00   0.0000000E+00
   1.5594545E+03   7.7900000E+02   0.0000000E+00   0.0000000E+00   0.0000000E+00
   1.5594621E+03   7.6100000E+02   0.0000000E+00   0.0000000E+00   0.0000000E+00
   1.5594696E+03   8.0900000E+02   0.0000000E+00   0.0000000E+00   0.0000000E+00
   1.5594771E+03   8.2300000E+02   1.0000000E+00   6.7216613E-05   5.5319273E-02
   1.5594847E+03   7.9600000E+02   0.0000000E+00   0.0000000E+00   0.0000000E+00
   1.5594922E+03   7.2600000E+02   0.0000000E+00   0.0000000E+00   0.0000000E+00
   1.5594997E+03   7.4600000E+02   0.0000000E+00   0.0000000E+00   0.0000000E+00
   1.5595072E+03   7.8400000E+02   0.0000000E+00   0.0000000E+00   0.0000000E+00
   1.5595148E+03   7.3600000E+02   0.0000000E+00   0.0000000E+00   0.0000000E+00
   1.5595223E+03   6.8500000E+02   0.0000000E+00   0.0000000E+00   0.0000000E+00
   1.5595298E+03   7.6300000E+02   0.0000000E+00   0.0000000E+00   0.0000000E+00
   1.5595374E+03   7.4500000E+02   0.0000000E+00   0.0000000E+00   0.0000000E+00
   1.5595449E+03   7.4300000E+02   0.0000000E+00   0.0000000E+00   0.0000000E+00
   1.5595524E+03   7.7600000E+02   0.0000000E+00   0.0000000E+00   0.0000000E+00
   1.5595599E+03   7.0700000E+02   0.0000000E+00   0.0000000E+00   0.0000000E+00
   1.5595675E+03   7.3300000E+02   1.0000000E+00   6.7333066E-05   4.9355137E-02
   1.5595750E+03   7.9500000E+02   0.0000000E+00   0.0000000E+00   0.0000000E+00
   1.5595825E+03   7.1700000E+02   1.0000000E+00   1.1399244E-03   8.1732578E-01
   1.5595901E+03   7.5200000E+02   1.0000000E+00   9.1179081E-04   6.8566669E-01
   1.5595976E+03   7.6000000E+02   0.0000000E+00   0.0000000E+00   0.0000000E+00
   1.5596051E+03   7.4200000E+02   0.0000000E+00   0.0000000E+00   0.0000000E+00
   1.5596126E+03   7.1100000E+02   0.0000000E+00   0.0000000E+00   0.0000000E+00
   1.5596202E+03   7.4400000E+02   0.0000000E+00   0.0000000E+00   0.0000000E+00
   1.5596277E+03   7.3000000E+02   0.0000000E+00   0.0000000E+00   0.0000000E+00
   1.5596352E+03   7.6800000E+02   0.0000000E+00   0.0000000E+00   0.0000000E+00
   1.5596427E+03   7.4000000E+02   0.0000000E+00   0.0000000E+00   0.0000000E+00
   1.5596503E+03   7.6400000E+02   1.0000000E+00   1.0302444E-03   7.8710670E-01
   1.5596578E+03   7.3000000E+02   0.0000000E+00   0.0000000E+00   0.0000000E+00
   1.5596653E+03   8.0300000E+02   0.0000000E+00   0.0000000E+00   0.0000000E+00
   1.5596729E+03   7.6400000E+02   0.0000000E+00   0.0000000E+00   0.0000000E+00
   1.5596804E+03   7.3800000E+02   0.0000000E+00   0.0000000E+00   0.0000000E+00
   1.5596879E+03   6.9600000E+02   0.0000000E+00   0.0000000E+00   0.0000000E+00
   1.5596954E+03   8.0200000E+02   0.0000000E+00   0.0000000E+00   0.0000000E+00
   1.5597030E+03   7.6200000E+02   0.0000000E+00   0.0000000E+00   0.0000000E+00
   1.5597105E+03   7.1600000E+02   0.0000000E+00   0.0000000E+00   0.0000000E+00
   1.5597180E+03   7.8600000E+02   0.0000000E+00   0.0000000E+00   0.0000000E+00
   1.5597256E+03   7.8800000E+02   0.0000000E+00   0.0000000E+00   0.0000000E+00
   1.5597331E+03   7.2700000E+02   0.0000000E+00   0.0000000E+00   0.0000000E+00
   1.5597406E+03   7.2000000E+02   0.0000000E+00   0.0000000E+00   0.0000000E+00
   1.5597481E+03   7.4900000E+02   0.0000000E+00   0.0000000E+00   0.0000000E+00
   1.5597557E+03   7.7300000E+02   1.0000000E+00   2.4953612E-05   1.9289142E-02
   1.5597632E+03   7.3900000E+02   0.0000000E+00   0.0000000E+00   0.0000000E+00
   1.5597707E+03   7.6200000E+02   0.0000000E+00   0.0000000E+00   0.0000000E+00
   1.5597783E+03   7.5900000E+02   0.0000000E+00   0.0000000E+00   0.0000000E+00
   1.5597858E+03   7.4500000E+02   0.0000000E+00   0.0000000E+00   0.0000000E+00
   1.5597933E+03   7.8800000E+02   0.0000000E+00   0.0000000E+00   0.0000000E+00
   1.5598008E+03   7.4200000E+02   0.0000000E+00   0.0000000E+00   0.0000000E+00
   1.5598084E+03   7.5700000E+02   0.0000000E+00   0.0000000E+00   0.0000000E+00
   1.5598159E+03   7.4200000E+02   0.0000000E+00   0.0000000E+00   0.0000000E+00
   1.5598234E+03   7.3900000E+02   0.0000000E+00   0.0000000E+00   0.0000000E+00
   1.5598310E+03   7.9500000E+02   0.0000000E+00   0.0000000E+00   0.0000000E+00
   1.5598385E+03   7.3200000E+02   0.0000000E+00   0.0000000E+00   0.0000000E+00
   1.5598460E+03   7.5200000E+02   0.0000000E+00   0.0000000E+00   0.0000000E+00
   1.5598535E+03   7.7400000E+02   1.0000000E+00   6.9536468E-04   5.3821226E-01
   1.5598611E+03   7.5000000E+02   0.0000000E+00   0.0000000E+00   0.0000000E+00
   1.5598686E+03   7.4200000E+02   0.0000000E+00   0.0000000E+00   0.0000000E+00
   1.5598761E+03   7.7400000E+02   0.0000000E+00   0.0000000E+00   0.0000000E+00
   1.5598837E+03   7.7300000E+02   0.0000000E+00   0.0000000E+00   0.0000000E+00
   1.5598912E+03   7.0900000E+02   0.0000000E+00   0.0000000E+00   0.0000000E+00
   1.5598987E+03   7.6000000E+02   0.0000000E+00   0.0000000E+00   0.0000000E+00
   1.5599062E+03   7.3600000E+02   0.0000000E+00   0.0000000E+00   0.0000000E+00
   1.5599138E+03   7.4400000E+02   0.0000000E+00   0.0000000E+00   0.0000000E+00
   1.5599213E+03   7.4600000E+02   0.0000000E+00   0.0000000E+00   0.0000000E+00
   1.5599288E+03   7.6000000E+02   0.0000000E+00   0.0000000E+00   0.0000000E+00
   1.5599364E+03   7.4200000E+02   0.0000000E+00   0.0000000E+00   0.0000000E+00
   1.5599439E+03   7.4300000E+02   0.0000000E+00   0.0000000E+00   0.0000000E+00
   1.5599514E+03   7.6600000E+02   0.0000000E+00   0.0000000E+00   0.0000000E+00
   1.5599589E+03   7.4400000E+02   1.0000000E+00   9.0707542E-04   6.7486412E-01
   1.5599665E+03   7.4000000E+02   0.0000000E+00   0.0000000E+00   0.0000000E+00
   1.5599740E+03   7.5600000E+02   0.0000000E+00   0.0000000E+00   0.0000000E+00
   1.5599815E+03   7.2100000E+02   0.0000000E+00   0.0000000E+00   0.0000000E+00
   1.5599891E+03   7.2400000E+02   0.0000000E+00   0.0000000E+00   0.0000000E+00
   1.5599966E+03   7.1600000E+02   0.0000000E+00   0.0000000E+00   0.0000000E+00
   1.5600041E+03   7.8700000E+02   1.0000000E+00   1.1255816E-03   8.8583269E-01
   1.5600116E+03   7.5800000E+02   0.0000000E+00   0.0000000E+00   0.0000000E+00
   1.5600192E+03   7.7200000E+02   0.0000000E+00   0.0000000E+00   0.0000000E+00
   1.5600267E+03   7.6800000E+02   0.0000000E+00   0.0000000E+00   0.0000000E+00
   1.5600342E+03   7.5000000E+02   0.0000000E+00   0.0000000E+00   0.0000000E+00
   1.5600418E+03   7.4800000E+02   0.0000000E+00   0.0000000E+00   0.0000000E+00
   1.5600493E+03   7.7500000E+02   0.0000000E+00   0.0000000E+00   0.0000000E+00
   1.5600568E+03   7.3800000E+02   0.0000000E+00   0.0000000E+00   0.0000000E+00
   1.5600643E+03   7.5000000E+02   0.0000000E+00   0.0000000E+00   0.0000000E+00
   1.5600719E+03   7.6900000E+02   1.0000000E+00   1.2525795E-03   9.6323364E-01
   1.5600794E+03   7.3000000E+02   0.0000000E+00   0.0000000E+00   0.0000000E+00
   1.5600869E+03   7.0600000E+02   0.0000000E+00   0.0000000E+00   0.0000000E+00
   1.5600944E+03   7.0600000E+02   1.0000000E+00   2.9294378E-05   2.0681831E-02
   1.5601020E+03   8.0600000E+02   0.0000000E+00   0.0000000E+00   0.0000000E+00
   1.5601095E+03   7.5700000E+02   0.0000000E+00   0.0000000E+00   0.0000000E+00
   1.5601170E+03   8.0200000E+02   0.0000000E+00   0.0000000E+00   0.0000000E+00
   1.5601246E+03   7.6200000E+02   0.0000000E+00   0.0000000E+00   0.0000000E+00
   1.5601321E+03   7.7300000E+02   0.0000000E+00   0.0000000E+00   0.0000000E+00
   1.5601396E+03   7.3300000E+02   0.0000000E+00   0.0000000E+00   0.0000000E+00
   1.5601471E+03   7.6400000E+02   0.0000000E+00   0.0000000E+00   0.0000000E+00
   1.5601547E+03   7.4300000E+02   0.0000000E+00   0.0000000E+00   0.0000000E+00
   1.5601622E+03   7.2600000E+02   0.0000000E+00   0.0000000E+00   0.0000000E+00
   1.5601697E+03   7.7400000E+02   0.0000000E+00   0.0000000E+00   0.0000000E+00
   1.5601773E+03   7.5100000E+02   0.0000000E+00   0.0000000E+00   0.0000000E+00
   1.5601848E+03   7.4900000E+02   0.0000000E+00   0.0000000E+00   0.0000000E+00
   1.5601923E+03   8.1300000E+02   0.0000000E+00   0.0000000E+00   0.0000000E+00
   1.5601998E+03   7.9900000E+02   0.0000000E+00   0.0000000E+00   0.0000000E+00
   1.5602074E+03   7.9200000E+02   0.0000000E+00   0.0000000E+00   0.0000000E+00
   1.5602149E+03   7.8300000E+02   0.0000000E+00   0.0000000E+00   0.0000000E+00
   1.5602224E+03   7.6900000E+02   1.0000000E+00   1.2522661E-03   9.6299263E-01
   1.5602300E+03   7.5300000E+02   0.0000000E+00   0.0000000E+00   0.0000000E+00
   1.5602375E+03   7.7200000E+02   0.0000000E+00   0.0000000E+00   0.0000000E+00
   1.5602450E+03   7.1800000E+02   0.0000000E+00   0.0000000E+00   0.0000000E+00
   1.5602525E+03   7.3300000E+02   0.0000000E+00   0.0000000E+00   0.0000000E+00
   1.5602601E+03   7.5700000E+02   0.0000000E+00   0.0000000E+00   0.0000000E+00
   1.5602676E+03   7.4900000E+02   0.0000000E+00   0.0000000E+00   0.0000000E+00
   1.5602751E+03   7.2700000E+02   0.0000000E+00   0.0000000E+00   0.0000000E+00
   1.5602827E+03   7.9000000E+02   0.0000000E+00   0.0000000E+00   0.0000000E+00
   1.5602902E+03   7.6100000E+02   0.0000000E+00   0.0000000E+00   0.0000000E+00
   1.5602977E+03   7.5600000E+02   0.0000000E+00   0.0000000E+00   0.0000000E+00
   1.5603052E+03   7.9800000E+02   1.0000000E+00   1.0799797E-03   8.6182382E-01
   1.5603128E+03   7.4100000E+02   0.0000000E+00   0.0000000E+00   0.0000000E+00
   1.5603203E+03   7.5600000E+02   0.0000000E+00   0.0000000E+00   0.0000000E+00
   1.5603278E+03   7.8000000E+02   0.0000000E+00   0.0000000E+00   0.0000000E+00
   1.5603354E+03   7.9100000E+02   0.0000000E+00   0.0000000E+00   0.0000000E+00
   1.5603429E+03   7.6300000E+02   0.0000000E+00   0.0000000E+00   0.0000000E+00
   1.5603504E+03   7.4600000E+02   0.0000000E+00   0.0000000E+00   0.0000000E+00
   1.5603579E+03   7.6100000E+02   0.0000000E+00   0.0000000E+00   0.0000000E+00
   1.5603655E+03   7.5700000E+02   0.0000000E+00   0.0000000E+00   0.0000000E+00
   1.5603730E+03   7.4000000E+02   0.0000000E+00   0.0000000E+00   0.0000000E+00
   1.5603805E+03   7.5300000E+02   0.0000000E+00   0.0000000E+00   0.0000000E+00
   1.5603881E+03   6.9200000E+02   1.0000000E+00   1.0880790E-03   7.5295065E-01
   1.5603956E+03   7.7200000E+02   0.0000000E+00   0.0000000E+00   0.0000000E+00
   1.5604031E+03   7.7200000E+02   1.0000000E+00   1.1251694E-03   8.6863079E-01
   1.5604106E+03   7.6700000E+02   1.0000000E+00   1.2710330E-03   9.7488231E-01
   1.5604182E+03   7.3700000E+02   0.0000000E+00   0.0000000E+00   0.0000000E+00
   1.5604257E+03   7.5400000E+02   0.0000000E+00   0.0000000E+00   0.0000000E+00
   1.5604332E+03   7.5700000E+02   0.0000000E+00   0.0000000E+00   0.0000000E+00
   1.5604408E+03   7.9000000E+02   0.0000000E+00   0.0000000E+00   0.0000000E+00
   1.5604483E+03   7.4700000E+02   0.0000000E+00   0.0000000E+00   0.0000000E+00
   1.5604558E+03   7.3400000E+02   0.0000000E+00   0.0000000E+00   0.0000000E+00
   1.5604633E+03   7.7100000E+02   0.0000000E+00   0.0000000E+00   0.0000000E+00
   1.5604709E+03   7.3800000E+02   0.0000000E+00   0.0000000E+00   0.0000000E+00
   1.5604784E+03   7.4000000E+02   1.0000000E+00   1.0566200E-03   7.8189878E-01
   1.5604859E+03   7.3400000E+02   0.0000000E+00   0.0000000E+00   0.0000000E+00
   1.5604935E+03   7.1300000E+02   0.0000000E+00   0.0000000E+00   0.0000000E+00
   1.5605010E+03   7.2300000E+02   0.0000000E+00   0.0000000E+00   0.0000000E+00
   1.5605085E+03   7.9400000E+02   0.0000000E+00   0.0000000E+00   0.0000000E+00
   1.5605160E+03   7.6300000E+02   1.0000000E+00   7.5571419E-04   5.7660993E-01
   1.5605236E+03   7.6900000E+02   0.0000000E+00   0.0000000E+00   0.0000000E+00
   1.5605311E+03   7.4200000E+02   0.0000000E+00   0.0000000E+00   0.0000000E+00
   1.5605386E+03   8.0900000E+02   0.0000000E+00   0.0000000E+00   0.0000000E+00
   1.5605461E+03   7.2000000E+02   0.0000000E+00   0.0000000E+00   0.0000000E+00
   1.5605537E+03   7.1600000E+02   0.0000000E+00   0.0000000E+00   0.0000000E+00
   1.5605612E+03   7.2500000E+02   0.0000000E+00   0.0000000E+00   0.0000000E+00
   1.5605687E+03   7.4000000E+02   1.0000000E+00   1.0055981E-03   7.4414260E-01
   1.5605763E+03   7.7000000E+02   0.0000000E+00   0.0000000E+00   0.0000000E+00
   1.5605838E+03   7.5500000E+02   0.0000000E+00   0.0000000E+00   0.0000000E+00
   1.5605913E+03   7.5100000E+02   0.0000000E+00   0.0000000E+00   0.0000000E+00
   1.5605988E+03   7.9000000E+02   0.0000000E+00   0.0000000E+00   0.0000000E+00
   1.5606064E+03   7.7300000E+02   0.0000000E+00   0.0000000E+00   0.0000000E+00
   1.5606139E+03   7.6400000E+02   0.0000000E+00   0.0000000E+00   0.0000000E+00
   1.5606214E+03   7.2800000E+02   0.0000000E+00   0.0000000E+00   0.0000000E+00
   1.5606290E+03   7.4900000E+02   0.0000000E+00   0.0000000E+00   0.0000000E+00
   1.5606365E+03   7.4500000E+02   0.0000000E+00   0.0000000E+00   0.0000000E+00
   1.5606440E+03   7.7200000E+02   0.0000000E+00   0.0000000E+00   0.0000000E+00
   1.5606515E+03   7.6800000E+02   0.0000000E+00   0.0000000E+00   0.0000000E+00
   1.5606591E+03   7.4300000E+02   0.0000000E+00   0.0000000E+00   0.0000000E+00
   1.5606666E+03   7.7100000E+02   0.0000000E+00   0.0000000E+00   0.0000000E+00
   1.5606741E+03   7.7300000E+02   0.0000000E+00   0.0000000E+00   0.0000000E+00
   1.5606817E+03   7.5700000E+02   0.0000000E+00   0.0000000E+00   0.0000000E+00
   1.5606892E+03   7.7100000E+02   0.0000000E+00   0.0000000E+00   0.0000000E+00
   1.5606967E+03   7.3400000E+02   1.0000000E+00   1.2173749E-03   8.9355318E-01
   1.5607042E+03   7.6000000E+02   0.0000000E+00   0.0000000E+00   0.0000000E+00
   1.5607118E+03   7.5900000E+02   0.0000000E+00   0.0000000E+00   0.0000000E+00
   1.5607193E+03   7.2600000E+02   0.0000000E+00   0.0000000E+00   0.0000000E+00
   1.5607268E+03   7.3400000E+02   1.0000000E+00   9.9106076E-05   7.2743859E-02
   1.5607344E+03   7.5200000E+02   0.0000000E+00   0.0000000E+00   0.0000000E+00
   1.5607419E+03   7.2300000E+02   0.0000000E+00   0.0000000E+00   0.0000000E+00
   1.5607494E+03   7.4500000E+02   0.0000000E+00   0.0000000E+00   0.0000000E+00
   1.5607569E+03   7.3000000E+02   1.0000000E+00   1.3323284E-03   9.7259970E-01
   1.5607645E+03   7.8700000E+02   0.0000000E+00   0.0000000E+00   0.0000000E+00
   1.5607720E+03   6.6800000E+02   0.0000000E+00   0.0000000E+00   0.0000000E+00
